0.000000000000000000e+00,5.991395619756392094e-02,2.010057976299162164e-02,1.532455761779916333e-02,5.332567462146720061e-03,-1.386090861560429488e-02,-2.751544958517548878e-02,-3.453349559818974512e-02,-2.924809614631332030e-02,-3.514330310688551506e-02,-6.976513994711996958e-02,-5.946137909364779262e-02,-2.906864149031784805e-02,-2.246214939089385965e-02,-4.780223264228178337e-02,6.218319951563522352e-03,8.449063910657804086e-03,1.653006907781140455e-02,1.315773856816271521e-02,6.035775387267294789e-02,5.587295688004445537e-02,2.344784619259598912e-02,4.241320046975305402e-02,6.571765057991042769e-02,8.385354843032599703e-02,2.613805230424315687e-02,1.147464278680492278e-01,1.226079559730930413e-01,1.073100101014134999e-01,6.978052071136664480e-02,4.691422401356826200e-02,1.913155589164672321e-02,-3.726157488928683731e-02,-3.660340026791697454e-02,-1.171915918829569137e-02,-2.718755740850964039e-02,-1.928781000648705293e-02,-1.478301951472360543e-02,-2.482550936617178294e-02,-2.012921404848944107e-02,-1.543888706915231168e+00,2.885587468124046207e-01,-5.392267914141341684e-02,-1.744295444549623930e+00,4.125464293175898911e-01,-1.625983801891295669e-02,-2.024442992901348326e+00,-7.722052131300467526e-01,9.557681253561131629e-02,-1.131546752200721873e+00,-5.491415824717843508e-01,3.382278951659457578e-01
1.000000000000000888e-03,6.017432088002763746e-02,1.982351767371115514e-02,1.548666317010782834e-02,5.898663707240459075e-03,-1.317530996817195717e-02,-2.714600470455019732e-02,-3.465125196852536504e-02,-2.907381337493955206e-02,-3.501812411572835515e-02,-7.078931196609160315e-02,-6.009551028179459936e-02,-2.911462238832429258e-02,-2.231924297334142437e-02,-4.927419789868103112e-02,6.040027948574610249e-03,8.225000557135597745e-03,1.636872679754874937e-02,1.196237154264645497e-02,5.932630869468091817e-02,5.529182084858108581e-02,2.293436610493371219e-02,4.250636130608986818e-02,6.588575892773131104e-02,8.340132912043074498e-02,2.509259577198763580e-02,1.144854309635925382e-01,1.218506280778832718e-01,1.078376657689896767e-01,6.995752088316953277e-02,4.682939878996218025e-02,1.904391170955355150e-02,-3.716587158990636297e-02,-3.654404559762935989e-02,-1.130791818915666443e-02,-2.725355722286160187e-02,-1.933554192121578197e-02,-1.458850865390104272e-02,-2.455917285804342862e-02,-2.001270721759906834e-02,-1.545742597157949483e+00,2.875595789846337458e-01,-5.396186285860951615e-02,-1.742642501585515369e+00,4.139710726365117832e-01,-2.183539733939019942e-02,-2.027642064372426223e+00,-7.799777924346376068e-01,9.953466028470532578e-02,-1.133311944736921095e+00,-5.441408705306270965e-01,3.327306385357782226e-01
2.000000000000001776e-03,6.041890992536937816e-02,1.954136000637474169e-02,1.564750216415244921e-02,6.469233316540368151e-03,-1.248419396881361720e-02,-2.676992915839049303e-02,-3.476376005792403828e-02,-2.888878373557381835e-02,-3.487542463201398490e-02,-7.180520612111918055e-02,-6.071578238863529348e-02,-2.914689455396191411e-02,-2.216193860306692187e-02,-5.076217176707409351e-02,5.890834442509262914e-03,8.012166142275843270e-03,1.620607493197345761e-02,1.074892835440488525e-02,5.825539265083268942e-02,5.468506806975748091e-02,2.240216381127924095e-02,4.258526719448330056e-02,6.604861903894089503e-02,8.295087877784571018e-02,2.407010334971548815e-02,1.141994321292050252e-01,1.210531961867236106e-01,1.083373450768148061e-01,7.011681256377721994e-02,4.673416258630336273e-02,1.895358627329590817e-02,-3.706365902338060181e-02,-3.647614125189146961e-02,-1.090262785351781005e-02,-2.732007734444641053e-02,-1.938019200003937570e-02,-1.438480180960066863e-02,-2.428333249836667207e-02,-1.988249169105849035e-02,-1.547562756151393604e+00,2.865661857955978387e-01,-5.399311398022779707e-02,-1.740944956492333162e+00,4.151683605253801423e-01,-2.725380891582551354e-02,-2.030901117105702092e+00,-7.879707629721726114e-01,1.033298573598703390e-01,-1.134986117871010558e+00,-5.394677143988670931e-01,3.274576456358889720e-01
3.000000000000002665e-03,6.064772007900500611e-02,1.925439900121395445e-02,1.580709017586912069e-02,7.044051224886161734e-03,-1.178794240610203659e-02,-2.638747952154929521e-02,-3.487068807682502936e-02,-2.869291551837285445e-02,-3.471503342306059281e-02,-7.281249592782669533e-02,-6.132196093686159005e-02,-2.916531738980632227e-02,-2.199013463976928762e-02,-5.226614963959885785e-02,5.770766157899842597e-03,7.810466416177330728e-03,1.604213916772501136e-02,9.518095174655183399e-03,5.714531117622101419e-02,5.405237279738051015e-02,2.185101479015782999e-02,4.264913956605997924e-02,6.620525069878446800e-02,8.250174334372341323e-02,2.307129870654600276e-02,1.138895865236158184e-01,1.202168998155914714e-01,1.088087741766319422e-01,7.025846671628777074e-02,4.662903774044568905e-02,1.886082456071979871e-02,-3.695534479962114816e-02,-3.640008144034957011e-02,-1.050355938380587162e-02,-2.738686652233779037e-02,-1.942144791433531026e-02,-1.417176554276133871e-02,-2.399769657743533458e-02,-1.973838627579737812e-02,-1.549349132253449834e+00,2.855789792387504189e-01,-5.401582988300795279e-02,-1.739205342225211837e+00,4.161400447862034779e-01,-3.250297202822628045e-02,-2.034216420219089105e+00,-7.961654529280356440e-01,1.069613491350044771e-01,-1.136570091301483343e+00,-5.351109939158406048e-01,3.223891791393856954e-01
4.000000000000003553e-03,6.086074804161636931e-02,1.896292675284927398e-02,1.596544296361912529e-02,7.622892531770286695e-03,-1.108693715738739982e-02,-2.599891240427654182e-02,-3.497170428969376132e-02,-2.848611710505657632e-02,-3.453677950625167609e-02,-7.381085519253227645e-02,-6.191381153214781108e-02,-2.916975072352645526e-02,-2.180372926709628345e-02,-5.378612699655204582e-02,5.679849457845609351e-03,7.619806710322585275e-03,1.587694602535805188e-02,8.270557718466964303e-03,5.599636933179041876e-02,5.339340909218925901e-02,2.128069556345701593e-02,4.269720022079814131e-02,6.635467415958196113e-02,8.205346941537897121e-02,2.209690551935361569e-02,1.135570489471100647e-01,1.193429780034720583e-01,1.092516792584508067e-01,7.038255412366023478e-02,4.651454683216638131e-02,1.876587152356767874e-02,-3.684133616626850127e-02,-3.631626022237010448e-02,-1.011098384209851986e-02,-2.745367363274286987e-02,-1.945899871522005498e-02,-1.394926615032066053e-02,-2.370197280816599417e-02,-1.958021212908489517e-02,-1.551101677566901094e+00,2.845983567958526028e-01,-5.402931693942655822e-02,-1.737426176986432758e+00,4.168880388765023315e-01,-3.757159727555798440e-02,-2.037584272496001159e+00,-8.045442159000841809e-01,1.104291094803341589e-01,-1.138064759863681719e+00,-5.310592725754784693e-01,3.175053403021808607e-01
5.000000000000004441e-03,6.105799045742823367e-02,1.866723520634749889e-02,1.612257646104353626e-02,8.205532523555270075e-03,-1.038156017043201373e-02,-2.560448446461682792e-02,-3.506647701481524493e-02,-2.826829696415191981e-02,-3.434049214221745333e-02,-7.479995800136761408e-02,-6.249109985480494345e-02,-2.916005477902272949e-02,-2.160262051059547161e-02,-5.532209939711041358e-02,5.618110377039187142e-03,7.440091957256810516e-03,1.571052280514839694e-02,7.007001275746382873e-03,5.480887177731431220e-02,5.270785083626217116e-02,2.069098366199995098e-02,4.272867133238511528e-02,6.649591017312285468e-02,8.160560423536925012e-02,2.114764748145292472e-02,1.132029738185824641e-01,1.184326692776447310e-01,1.096657865311212454e-01,7.048914537919470646e-02,4.639121268822865574e-02,1.866897210428142273e-02,-3.672204001024192976e-02,-3.622507148826281664e-02,-9.725172143861815499e-03,-2.752024774756600678e-02,-1.949253485492707938e-02,-1.371716962192914835e-02,-2.339586833486162476e-02,-1.940779281541304968e-02,-1.552820347817460034e+00,2.836246998564420640e-01,-5.403278999434203006e-02,-1.735609964537129235e+00,4.174144011884765026e-01,-4.244916194331999071e-02,-2.041001001093074585e+00,-8.130904035175815503e-01,1.137340203321863252e-01,-1.139471083629656878e+00,-5.273008585244827184e-01,3.127860876629683373e-01
6.000000000000005329e-03,6.123944390268778321e-02,1.836761615367299427e-02,1.627850676993736201e-02,8.791746694694957398e-03,-9.672193445311007623e-03,-2.520445242085900261e-02,-3.515467462400057030e-02,-2.803936364626504613e-02,-3.412600082801597878e-02,-7.577947870955048515e-02,-6.305359165156820822e-02,-2.913609014781570750e-02,-2.138670625506877698e-02,-5.687406247043114149e-02,5.585574653922620314e-03,7.271226710061196030e-03,1.554289753350746039e-02,5.728110742470704508e-03,5.358312274692655919e-02,5.199537174768354558e-02,2.008165759006752885e-02,4.274277545251603527e-02,6.662798002190184476e-02,8.115769567979327914e-02,2.022424831142455304e-02,1.128285151538483966e-01,1.174872116211149731e-01,1.100508222029175226e-01,7.057831087690091820e-02,4.625955838727513481e-02,1.857037125276894685e-02,-3.659786286005539679e-02,-3.612690894094638949e-02,-9.346395051990087979e-03,-2.758633820669809458e-02,-1.952174820761909402e-02,-1.347534159377339336e-02,-2.307908974171901662e-02,-1.922095436375803254e-02,-1.554505102230834934e+00,2.826583721997688592e-01,-5.402537202453350229e-02,-1.733759194508480261e+00,4.177213182333083252e-01,-4.712585969490248883e-02,-2.044462960355664105e+00,-8.217883354359686310e-01,1.168777588345132068e-01,-1.140790078512670780e+00,-5.238238582388272668e-01,3.082112553258172793e-01
7.000000000000006217e-03,6.140510487433761128e-02,1.806436123051646803e-02,1.643325015317431692e-02,9.381310767967663763e-03,-8.959219016605235453e-03,-2.479907306402173717e-02,-3.523596554221386512e-02,-2.779922577938911607e-02,-3.389313529033533001e-02,-7.674909193081269621e-02,-6.360105272751859218e-02,-2.909771776073322158e-02,-2.115588426129111355e-02,-5.844201190715248018e-02,5.582267761890413738e-03,7.113115161634819827e-03,1.537409891010055145e-02,4.434570651993930725e-03,5.231942602722172708e-02,5.125564539545690579e-02,1.945249678900573542e-02,4.273873551462070708e-02,6.674990554917270558e-02,8.070929224584613704e-02,1.932743176204532176e-02,1.124348265452379536e-01,1.165078424422349990e-01,1.104065124623008209e-01,7.065012080175803177e-02,4.612010726444726316e-02,1.847031394309128771e-02,-3.646921088881427409e-02,-3.602216607829422657e-02,-8.974923171111814924e-03,-2.765169469383144119e-02,-1.954633208954348333e-02,-1.322364729950109390e-02,-2.275134306112303051e-02,-1.901952532486195224e-02,-1.556155903408968477e+00,2.816997185387748459e-01,-5.400609398178928683e-02,-1.731876342712450167e+00,4.178110878307335629e-01,-5.159254536365286137e-02,-2.047966530741792024e+00,-8.306232673635042252e-01,1.198626921872945755e-01,-1.142022807365593362e+00,-5.206162235879123745e-01,3.037605708659577575e-01
8.000000000000007105e-03,6.155496977889664961e-02,1.775776191350830757e-02,1.658682302768843542e-02,9.974000713706132615e-03,-8.243018935877977071e-03,-2.438860327037639664e-02,-3.531001824712109299e-02,-2.754779206423510138e-02,-3.364172547871069341e-02,-7.770847252699963903e-02,-6.413324893817140548e-02,-2.904479885992872212e-02,-2.091005218205044258e-02,-6.002594345132773040e-02,5.608214939554212464e-03,6.965661163725656024e-03,1.520415625573701135e-02,3.127065206339096903e-03,5.101808493788917431e-02,5.048834521461475350e-02,1.880328160008160054e-02,4.271577483705213396e-02,6.686070918774422722e-02,8.025994303867836632e-02,1.845792162926152002e-02,1.120230611425010459e-01,1.154957985466067566e-01,1.107325834589443225e-01,7.070464511992335943e-02,4.597338291572094365e-02,1.836904519004844971e-02,-3.633648991805760176e-02,-3.591123617614355723e-02,-8.611026942290767039e-03,-2.771606731564757106e-02,-1.956598127834618950e-02,-1.296195151840428932e-02,-2.241233378165929935e-02,-1.880333682824630870e-02,-1.557772717205581747e+00,2.807490631257441582e-01,-5.397389482018628837e-02,-1.729963871452197433e+00,4.176861023996700228e-01,-5.584067562094689741e-02,-2.051508117855163515e+00,-8.395813577243780301e-01,1.226917802319841128e-01,-1.143170371563360321e+00,-5.176657929695835936e-01,2.994136729593567248e-01
9.000000000000007994e-03,6.168903492154800133e-02,1.744810951780539909e-02,1.673924195752363175e-02,1.056959276804381176e-02,-7.523975254454918528e-03,-2.397330001400010957e-02,-3.537650126855096389e-02,-2.728497126961506453e-02,-3.337160155877328532e-02,-7.865729559785661351e-02,-6.464994618171893137e-02,-2.897719497127626553e-02,-2.064910757749771619e-02,-6.162585289277666689e-02,5.663441220024267864e-03,6.828768245686679152e-03,1.503309946113429163e-02,1.806278307294295398e-03,4.967940231485190594e-02,4.969314452151295941e-02,1.813379322672448168e-02,4.267311712575283522e-02,6.695941398748628259e-02,7.980919775761410873e-02,1.761644176113641436e-02,1.115943716350384918e-01,1.144523161113104592e-01,1.110287612851945660e-01,7.074195356888601793e-02,4.581990920192957617e-02,1.826681006551700293e-02,-3.620010542236506285e-02,-3.579451227213015230e-02,-8.254976638094380093e-03,-2.777920668429745277e-02,-1.958039203131445652e-02,-1.269011852096735282e-02,-2.206176685590888198e-02,-1.857222263856117550e-02,-1.559355512601142468e+00,2.798067084192781828e-01,-5.392762170820304679e-02,-1.728024229832293646e+00,4.173488324412848449e-01,-5.986224628780524581e-02,-2.055084151587825758e+00,-8.486496335107309719e-01,1.253684857158613997e-01,-1.144233903060688506e+00,-5.149603271636349344e-01,2.951501288837222736e-01
1.000000000000000888e-02,6.180729649542839738e-02,1.713569519505764305e-02,1.689052364697251826e-02,1.116786345016107518e-02,-6.802470006507022916e-03,-2.355342037935060154e-02,-3.543508318788113343e-02,-2.701067222784825361e-02,-3.308259390553505014e-02,-7.959523647101729438e-02,-6.515091039144939311e-02,-2.889476787718203710e-02,-2.037294792973787239e-02,-6.324173605991845193e-02,5.747971459171274076e-03,6.702339632965071715e-03,1.486095893659378220e-02,4.728935872457817879e-04,4.830368049588962265e-02,4.886971652924199105e-02,1.744381369631131662e-02,4.260998647640423798e-02,6.704504364150443152e-02,7.935660668177416111e-02,1.680371606672892773e-02,1.111499102354680524e-01,1.133786306615265221e-01,1.112947719580601319e-01,7.076211564764101070e-02,4.566021025238242714e-02,1.816385371449191766e-02,-3.606046253480466035e-02,-3.567238715036235436e-02,-7.907042358111127101e-03,-2.784086400299168318e-02,-1.958926210245737209e-02,-1.240801201178820534e-02,-2.169934670800754972e-02,-1.832601921101550957e-02,-1.560904261577384489e+00,2.788729338122489798e-01,-5.386603042633444915e-02,-1.726059854068946464e+00,4.168018103015381781e-01,-6.364972704516644320e-02,-2.058691085373039353e+00,-8.578159558236911897e-01,1.278966921038316162e-01,-1.145214556917327764e+00,-5.124875405087684355e-01,2.909494520750825486e-01
1.100000000000000977e-02,6.190975057114325719e-02,1.682080993174439598e-02,1.704068493380761495e-02,1.176858957855664300e-02,-6.078885192450477447e-03,-2.312922157386143596e-02,-3.548543263733883180e-02,-2.672480383021946793e-02,-3.277453309671887055e-02,-8.052197069220756731e-02,-6.563590752834835840e-02,-2.879737958983508150e-02,-2.008147065667831299e-02,-6.487358881304672309e-02,5.861830362891673474e-03,6.586278265237055507e-03,1.468776556270423583e-02,-8.724055604223401872e-04,4.689122130867806604e-02,4.801773436313183652e-02,1.673312582164943399e-02,4.252560737609779179e-02,6.711662251091787823e-02,7.890172065516967703e-02,1.602046852481464612e-02,1.106908286645529316e-01,1.122759770495704856e-01,1.115303414018962019e-01,7.076520060691660063e-02,4.549481046808701717e-02,1.806042137078556209e-02,-3.591796605325070502e-02,-3.554525332715252617e-02,-7.567494024954601016e-03,-2.790079115449950464e-02,-1.959229075819157728e-02,-1.211549507013565119e-02,-2.132477724091197749e-02,-1.806456574551562611e-02,-1.562418938991484652e+00,2.779479944204250597e-01,-5.378778595097939014e-02,-1.724073167800444395e+00,4.160476142961501145e-01,-6.719599428237828243e-02,-2.062325395548890938e+00,-8.670689855516793276e-01,1.302806287462178747e-01,-1.146113504284225870e+00,-5.102351279607043599e-01,2.867911199524581511e-01
1.200000000000001066e-02,6.199639308649042974e-02,1.650374454788794409e-02,1.718974278262530228e-02,1.237154828632691661e-02,-5.353602762665055949e-03,-2.270096094054663283e-02,-3.552721829922234065e-02,-2.642727502247721461e-02,-3.244724990614080568e-02,-8.143717401567318603e-02,-6.610470357388731344e-02,-2.868489232494875543e-02,-1.977457312506248135e-02,-6.652140703810706379e-02,6.005042513318237241e-03,6.480486814234964754e-03,1.451355064209502999e-02,-2.228935951443133511e-03,4.544232606120423429e-02,4.713687107630181589e-02,1.600151316230524409e-02,4.241920470452421182e-02,6.717317564821501108e-02,7.844409107132602199e-02,1.526742319239904333e-02,1.102182781374834164e-01,1.111455894364019592e-01,1.117351954319230067e-01,7.075127743947096093e-02,4.532423452448330892e-02,1.795675837222443505e-02,-3.577302044756614646e-02,-3.541350303779022823e-02,-7.236601380799180007e-03,-2.795874079246640775e-02,-1.958917879149079874e-02,-1.181243008808552375e-02,-2.093776184346518576e-02,-1.778770423921383070e-02,-1.563899522450015178e+00,2.770321199314432214e-01,-5.369146322549311900e-02,-1.722066582398072976e+00,4.150888532771793149e-01,-7.049426280616453988e-02,-2.065983580833170574e+00,-8.763981495833572666e-01,1.325248031629187861e-01,-1.146931925845081413e+00,-5.081907885388917689e-01,2.826545922451395021e-01
1.300000000000001155e-02,6.206721983640253737e-02,1.618478969612757723e-02,1.733771427831110046e-02,1.297651703548252655e-02,-4.627004601540196660e-03,-2.226889597061543213e-02,-3.556010890504169436e-02,-2.611799480037868548e-02,-3.210057529716994068e-02,-8.234052239485833979e-02,-6.655706452300869103e-02,-2.855716847600797692e-02,-1.945215266270228227e-02,-6.818518664095529758e-02,6.177632393996379534e-03,6.384867701211938140e-03,1.433834585232229841e-02,-3.596014581416895339e-03,4.395729553448868288e-02,4.622679966520015088e-02,1.524875998592767345e-02,4.229000373472446839e-02,6.721372881912479613e-02,7.798326985750161922e-02,1.454530421293576126e-02,1.097334093515192066e-01,1.099887012756077809e-01,1.119090597387177866e-01,7.072041487054070430e-02,4.514900737367133488e-02,1.785311017532187350e-02,-3.562602986769291408e-02,-3.527752822455854087e-02,-6.914633984508532748e-03,-2.801446643529992633e-02,-1.957962853435057937e-02,-1.149867870644527557e-02,-2.053800339716449486e-02,-1.749527953721496942e-02,-1.565345992182767931e+00,2.761255135138256933e-01,-5.357554811947876083e-02,-1.720042497277776805e+00,4.139281517171693459e-01,-7.353801711470313307e-02,-2.069662161910001519e+00,-8.857936079031396570e-01,1.346339401664998214e-01,-1.147671005708812864e+00,-5.063422456176583930e-01,2.785193300743242228e-01
1.400000000000001243e-02,6.212222646311384849e-02,1.586423586117246751e-02,1.748461661963851554e-02,1.358327363028877070e-02,-3.899472511856849621e-03,-2.183328431608533293e-02,-3.558377323457362351e-02,-2.579687220528725788e-02,-3.173434041625203261e-02,-8.323169197333957214e-02,-6.699275637730739419e-02,-2.841407058907297403e-02,-1.911410656985079726e-02,-6.986492354211915057e-02,6.379624414000417687e-03,6.299323114026478265e-03,1.416218319994388963e-02,-4.972958597291743388e-03,4.243642997754903945e-02,4.528719308507955787e-02,1.447465122971003208e-02,4.213723013341619250e-02,6.723730852296583294e-02,7.751880945857284044e-02,1.385483582418034487e-02,1.092373724749990949e-01,1.088065452998914218e-01,1.120516598738343500e-01,7.067268134847992656e-02,4.496965424604937311e-02,1.774972236930416614e-02,-3.547739815269412844e-02,-3.513772052605235174e-02,-6.601861209375225158e-03,-2.806772256250855690e-02,-1.956334386833624706e-02,-1.117410174856336980e-02,-2.012520428269359840e-02,-1.718713938103144656e-02,-1.566758330916549591e+00,2.752283507857126166e-01,-5.343843857761869376e-02,-1.718003300212865847e+00,4.125681353841911259e-01,-7.632094292472318964e-02,-2.073357681128687346e+00,-8.952462218694958729e-01,1.366129275180816283e-01,-1.148331925749505267e+00,-5.046772644659357487e-01,2.743648160546673931e-01
1.500000000000001332e-02,6.216140844654762659e-02,1.554237335960939603e-02,1.763046711301674563e-02,1.419159622965437961e-02,-3.171388199506797179e-03,-2.139438380239022663e-02,-3.559788011483933090e-02,-2.546381631982175611e-02,-3.134837658653057829e-02,-8.411035907603858774e-02,-6.741154513842273488e-02,-2.825546133814382799e-02,-1.876033212972050279e-02,-7.156061367208144119e-02,6.611042931008893377e-03,6.223755023848642765e-03,1.398509497583244610e-02,-6.359085269683983910e-03,4.088002910451349337e-02,4.431772426536539911e-02,1.367897246215887819e-02,4.196010996090837608e-02,6.724294201142644312e-02,7.705026282065954857e-02,1.319674236559764853e-02,1.087313171377024407e-01,1.076003535100631403e-01,1.121627212367029003e-01,7.060814503560663979e-02,4.478670065134604528e-02,1.764684068936972494e-02,-3.532752884071177490e-02,-3.499447126789378970e-02,-6.298552241565502641e-03,-2.811826471324385332e-02,-1.954003023316097654e-02,-1.083855915211007388e-02,-1.969906638613050376e-02,-1.686313445466547378e-02,-1.568136523749046995e+00,2.743407788429787497e-01,-5.327844595963572571e-02,-1.715951367648074433e+00,4.110114176791990204e-01,-7.883685962488568011e-02,-2.077066702315247149e+00,-9.047475239305576844e-01,1.384667677890349669e-01,-1.148915860391301003e+00,-5.031836673887702949e-01,2.701705756926143231e-01
1.600000000000001421e-02,6.218476109493867310e-02,1.521949234008257434e-02,1.777528316639154227e-02,1.480126335857345765e-02,-2.443133258559715415e-03,-2.095245244098231652e-02,-3.560209841899508731e-02,-2.511873626356253553e-02,-3.094251530157723570e-02,-8.497620020071840197e-02,-6.781319680163688801e-02,-2.808120350113884819e-02,-1.839072661810492448e-02,-7.327225296707462476e-02,6.871912273310520902e-03,6.158065201454121507e-03,1.380711371178255931e-02,-7.753711966118182787e-03,3.928839209383072628e-02,4.331806612483735108e-02,1.286150984528644514e-02,4.175786967064442495e-02,6.722965730572071086e-02,7.657718337457032620e-02,1.257174828524565240e-02,1.082163924225585383e-01,1.063713571665232394e-01,1.122419690629632427e-01,7.052687379936450895e-02,4.460067237895604109e-02,1.754471102912802394e-02,-3.517682517991005398e-02,-3.484817145506946545e-02,-6.004976079282187996e-03,-2.816584958685641737e-02,-1.950939463306111329e-02,-1.049190989895976145e-02,-1.925929110489654414e-02,-1.652311842787046459e-02,-1.569480558022843919e+00,2.734629153463868367e-01,-5.309379657331973063e-02,-1.713889065015309576e+00,4.092605867060388758e-01,-8.107965431713204385e-02,-2.080785810697022953e+00,-9.142896889880826050e-01,1.402005360874492290e-01,-1.149423971836607494e+00,-5.018493467746104608e-01,2.659162003681466713e-01
1.700000000000001510e-02,6.219227284303154718e-02,1.489585549039196266e-02,1.791910003052077371e-02,1.541202742145708626e-02,-1.715071393035394465e-03,-2.050769978930633286e-02,-3.559612759519703573e-02,-2.476156382328076333e-02,-3.051665821609830104e-02,-8.582885667467633761e-02,-6.819745709260471855e-02,-2.789120262808885906e-02,-1.800520781074155252e-02,-7.499969935656601583e-02,7.162221807546665688e-03,6.102161147181205635e-03,1.362826962127350328e-02,-9.156150292634279708e-03,3.766190075332831455e-02,4.228807835925741526e-02,1.202213633195370335e-02,4.152984703194206872e-02,6.719654709081400445e-02,7.609894536470498960e-02,1.198033071700788099e-02,1.076936029139150541e-01,1.051209061182629689e-01,1.122892958643126743e-01,7.042895073398192096e-02,4.441203122017212124e-02,1.744354714210905044e-02,-3.502564469870161901e-02,-3.469916656534888927e-02,-5.721320218031511473e-03,-2.821019557507264963e-02,-1.947115017150747099e-02,-1.013407467571481035e-02,-1.880566436171670838e-02,-1.616701847600099384e-02,-1.570790319065257234e+00,2.725949813080035811e-01,-5.288286158685098076e-02,-1.711818866535748329e+00,4.073193257094175901e-01,-8.304500573698024579e-02,-2.084510877795641814e+00,-9.238634992203460516e-01,1.418187964132597845e-01,-1.149857636669001648e+00,-5.006634883357291566e-01,2.615847627663593911e-01
1.800000000000001599e-02,6.218390517072715923e-02,1.457161619276359059e-02,1.806202401573653304e-02,1.602353523469268737e-02,-9.874951671346998694e-04,-2.006014111210463469e-02,-3.557978928247962358e-02,-2.439232134801727278e-02,-3.007098710345370435e-02,-8.666782864618038928e-02,-6.856399076079000565e-02,-2.768553511171445436e-02,-1.760377545453861714e-02,-7.674225876602891461e-02,7.481821126045672642e-03,6.055973812307158255e-03,1.344858308396634783e-02,-1.056568851376305136e-02,3.600126901309375071e-02,4.122836784921624087e-02,1.116107025955459520e-02,4.127582387814853621e-02,6.714296066768499216e-02,7.561420472379799806e-02,1.142197719051285532e-02,1.071633768689945754e-01,1.038508268429532144e-01,1.123052635864034698e-01,7.031452081029687662e-02,4.422098218881220788e-02,1.734343391540970822e-02,-3.487416295832623803e-02,-3.454762070913552918e-02,-5.447446718940707200e-03,-2.825086403231269472e-02,-1.942502963055936505e-02,-9.765224137988415265e-03,-1.833831180262457047e-02,-1.579504669849329801e-02,-1.572065278345350592e+00,2.717376986165499497e-01,-5.264485522143035751e-02,-1.709743714182337726e+00,4.051957789800810228e-01,-8.473573050867636014e-02,-2.088234844205228313e+00,-9.334523251430311142e-01,1.433239249914823321e-01,-1.150219134329363291e+00,-4.996202182849820428e-01,2.571730097436977780e-01
1.900000000000001688e-02,6.215961268274330237e-02,1.424690046609500098e-02,1.820417920969763168e-02,1.663540755208225974e-02,-2.606793772166327017e-04,-1.960974353194355757e-02,-3.555293576654251081e-02,-2.401105383527557535e-02,-2.960575381242793597e-02,-8.749258108992875871e-02,-6.891244246517258532e-02,-2.746432012293631431e-02,-1.718644972118621439e-02,-7.849909920053965706e-02,7.830524968413410392e-03,6.019439812508409204e-03,1.326807228974935526e-02,-1.198160892970356883e-02,3.430729343449589325e-02,4.013972848557756379e-02,1.027861648461714239e-02,4.099569329875007995e-02,6.706831284879966049e-02,7.512143777180835258e-02,1.089592791901352817e-02,1.066259980629320619e-01,1.025630644962776117e-01,1.122906009370256974e-01,7.018374439062480263e-02,4.402766644760269799e-02,1.724442463907705295e-02,-3.472250999639747704e-02,-3.439365182827902601e-02,-5.183136171377445735e-03,-2.828737786424806444e-02,-1.937077185720515252e-02,-9.385590895357953656e-03,-1.785744406072353740e-02,-1.540748862559127019e-02,-1.573304806982059878e+00,2.708918838338860158e-01,-5.237917400202055790e-02,-1.707666660171359707e+00,4.028991104131541268e-01,-8.615644966155105999e-02,-2.091949903792565291e+00,-9.430381602351791681e-01,1.447176904145497933e-01,-1.150510950433779156e+00,-4.987149782861106107e-01,2.526812013114582700e-01
2.000000000000001776e-02,6.211934979600843704e-02,1.392183426957993575e-02,1.834568971670602969e-02,1.724726557316280662e-02,4.651011886172007337e-04,-1.915647470737847149e-02,-3.551541945515701570e-02,-2.361780629334120363e-02,-2.912121025925731507e-02,-8.830257913483974264e-02,-6.924245703619689996e-02,-2.722767690249305872e-02,-1.675325070550038112e-02,-8.026938876542510926e-02,8.208148190224305238e-03,5.992495528186037035e-03,1.308675573184148178e-02,-1.340319367914633020e-02,3.258077005040727059e-02,3.902295442440717466e-02,9.375080100349819645e-03,4.068934871242424478e-02,6.697202014408754067e-02,7.461912083113197980e-02,1.040142325351769460e-02,1.060817497230486239e-01,1.012595635627238089e-01,1.122460358984262996e-01,7.003678169754934402e-02,4.383222560062715462e-02,1.714657335565261675e-02,-3.457081578134335587e-02,-3.423737685845607004e-02,-4.928169005507854195e-03,-2.831926114587579590e-02,-1.930811723430503335e-02,-8.995406762260849121e-03,-1.736327177495589069e-02,-1.500463277718244726e-02,-1.574508279985309178e+00,2.700583132656861896e-01,-5.208517624170268950e-02,-1.705590748440505733e+00,4.004383621269688720e-01,-8.731178136996270434e-02,-2.095648234949512023e+00,-9.526035724052879239e-01,1.460017248102580267e-01,-1.150735543344890477e+00,-4.979433210640538121e-01,2.481097300849706144e-01
2.100000000000001865e-02,6.206307073337870989e-02,1.359654350444916560e-02,1.848667964942452002e-02,1.785873094978729370e-02,1.189571768391850309e-03,-1.870030283055390541e-02,-3.546709287672733524e-02,-2.321262373923049793e-02,-2.861760842339489130e-02,-8.909728805553586428e-02,-6.955367946276691526e-02,-2.697572474028043024e-02,-1.630419842999808466e-02,-8.205229566991656398e-02,8.614505770643710036e-03,5.975077127854167003e-03,1.290465216419933725e-02,-1.482972472508770068e-02,3.082249437129647163e-02,3.787884009502517912e-02,8.450766408128362883e-03,4.035668386893709325e-02,6.685350074502638407e-02,7.410573022482447314e-02,9.937703710514611544e-03,1.055309145165914952e-01,9.994226783321957797e-02,1.121722957385302699e-01,6.987379279586347636e-02,4.363480169416478205e-02,1.704993484884198551e-02,-3.441921020836602452e-02,-3.407891175304555986e-02,-4.682325487125105212e-03,-2.834603919663347682e-02,-1.923680768213786862e-02,-8.594902708944029968e-03,-1.685600557469690841e-02,-1.458677070904768058e-02,-1.575675076189036128e+00,2.692377224291008786e-01,-5.176218698675860014e-02,-1.703519015556088201e+00,3.978224525624674546e-01,-8.820631980902697566e-02,-2.099321999726524446e+00,-9.621316429715894847e-01,1.471774552844470896e-01,-1.150895342158329226e+00,-4.973009162262337357e-01,2.434591296357691281e-01
2.200000000000001954e-02,6.199072951758235334e-02,1.327115401595735378e-02,1.862727312120649251e-02,1.846942579179300034e-02,1.912457643829412746e-03,-1.824119662416468293e-02,-3.540780867867887594e-02,-2.279555119667397989e-02,-2.809520034329970536e-02,-8.987617326387845051e-02,-6.984575487944111316e-02,-2.670858295546230110e-02,-1.583931284900153003e-02,-8.384698823040137583e-02,9.049412819491564619e-03,5.967120590957720495e-03,1.272178055986605827e-02,-1.626048384153122583e-02,2.903326139280881790e-02,3.670818020758126465e-02,7.505980889806806999e-03,3.999759285071924353e-02,6.671217450485000811e-02,7.357974227522001698e-02,9.504009998866358444e-03,1.049737745401835426e-01,9.861312038561420579e-02,1.120701070246195030e-01,6.969493757494227282e-02,4.343553721650650346e-02,1.695456463046296491e-02,-3.426782309580201497e-02,-3.391837150937826451e-02,-4.445385712764426955e-03,-2.836723865288259816e-02,-1.915658665555319828e-02,-8.184308814496608561e-03,-1.633585606490361997e-02,-1.415419705081255586e-02,-1.576804578178474969e+00,2.684308056277590615e-01,-5.140950303252679598e-02,-1.701454491578442640e+00,3.950601758945874731e-01,-8.884462169816804977e-02,-2.102963343074116587e+00,-9.716059114647077610e-01,1.482460442276370971e-01,-1.150992745025645414e+00,-4.967835546920887357e-01,2.387300805136714221e-01
2.300000000000002043e-02,6.190227996540211691e-02,1.294579159560660386e-02,1.876759423904195145e-02,1.907897267177727230e-02,2.633484157605003873e-03,-1.777912533780767745e-02,-3.533741962568104356e-02,-2.236663369413616556e-02,-2.755423811225021780e-02,-9.063870030056644933e-02,-7.011832855385378982e-02,-2.642637087737087151e-02,-1.535861385226677811e-02,-8.565263487326912895e-02,9.512684583781183534e-03,5.968561730067546180e-03,1.253816007034469493e-02,-1.769475260112196233e-02,2.721386560474936545e-02,3.551176976008729724e-02,6.541029180932688390e-03,3.961197007408800985e-02,6.654746291505997391e-02,7.303963330296925349e-02,9.099583045713455220e-03,1.044106113109946193e-01,9.727406356802426046e-02,1.119401956394576736e-01,6.950037573166678584e-02,4.323457509671913002e-02,1.686051892562590027e-02,-3.411678418185681849e-02,-3.375587019727488425e-02,-4.217129605134761761e-03,-2.838238753742628254e-02,-1.906719913652343834e-02,-7.763854222234910750e-03,-1.580303381194614679e-02,-1.370720953531590069e-02,-1.577896172211751269e+00,2.676382156344268570e-01,-5.102639801070940617e-02,-1.699400200885394563e+00,3.921602025564102645e-01,-8.923119959070056895e-02,-2.106564392190955814e+00,-9.810103258236095858e-01,1.492083382043520312e-01,-1.151030117814905829e+00,-4.963871518078943335e-01,2.339234139781641297e-01
2.400000000000002132e-02,6.179767568209128953e-02,1.262058198360227479e-02,1.890776709711294856e-02,1.968699462901213337e-02,3.352376730251016568e-03,-1.731405874372882181e-02,-3.525577859770834266e-02,-2.192591626286643711e-02,-2.699497387419524941e-02,-9.138433482682396802e-02,-7.037104587438625103e-02,-2.612920782721239385e-02,-1.486212126812613832e-02,-8.746840413737899667e-02,1.000413645375397564e-02,5.979336212443175924e-03,1.235380998605206671e-02,-1.913181236377470285e-02,2.536510100136757720e-02,3.429040404491301430e-02,5.556217044935696237e-03,3.919971029006230623e-02,6.635878907847292396e-02,7.248387962646241078e-02,8.723664021294208482e-03,1.038417057596670162e-01,9.592703898505838822e-02,1.117832867998465041e-01,6.929026675402205626e-02,4.303205870232541114e-02,1.676785465615582282e-02,-3.396622312176855729e-02,-3.359152098987427948e-02,-3.997336908951432122e-03,-2.839101532553067742e-02,-1.896839162194474682e-02,-7.333767097858157058e-03,-1.525774933019219577e-02,-1.324610901906408955e-02,-1.578949248135833816e+00,2.668605634816428318e-01,-5.061212754914139189e-02,-1.697359162953796741e+00,3.891310806959498159e-01,-8.937052101617207200e-02,-2.110117255977252526e+00,-9.903291975248534884e-01,1.500648251153248181e-01,-1.151009793110236323e+00,-4.961077492082181517e-01,2.290401134853040643e-01
2.500000000000002220e-02,6.167687005602242450e-02,1.229565087156192331e-02,1.904791577094089305e-02,2.029311517251119676e-02,4.068860876709656793e-03,-1.684596713200070539e-02,-3.516273858793939749e-02,-2.147344393499173165e-02,-2.641765981964416810e-02,-9.211254261618798123e-02,-7.060355233810744480e-02,-2.581721310059581498e-02,-1.434985486612072592e-02,-8.929346467613852312e-02,1.052358396843056099e-02,5.999379580918783560e-03,1.216874969790904260e-02,-2.057094426628535908e-02,2.348776109279482327e-02,3.304487865469152297e-02,4.551850348362140863e-03,3.876070858473878999e-02,6.614557767899187368e-02,7.191095756165966080e-02,8.375494362557578398e-03,1.032673382249955918e-01,9.457398748689092860e-02,1.116001050776027764e-01,6.906476990543097827e-02,4.282813183593026790e-02,1.667662942229108936e-02,-3.381626948543470235e-02,-3.342543619669990917e-02,-3.785787187156941080e-03,-2.839265300715698714e-02,-1.885991210656268180e-02,-6.894274590638627132e-03,-1.470021306942204120e-02,-1.277119949346694483e-02,-1.579963199296890108e+00,2.660984183606746045e-01,-5.016593450534365117e-02,-1.695334393099259040e+00,3.859812384033662891e-01,-8.926701263267688979e-02,-2.113614024592102236e+00,-9.995471611654703770e-01,1.508155992999155870e-01,-1.150934069551693195e+00,-4.959415154705238971e-01,2.240813139835256540e-01
2.600000000000002309e-02,6.153981625356787916e-02,1.197112390545385270e-02,1.918816431212988505e-02,2.089695828328697047e-02,4.782662222495570603e-03,-1.637482130513845391e-02,-3.505815270050627319e-02,-2.100926174163531349e-02,-2.582254818160878429e-02,-9.282278954642132762e-02,-7.081549353900884469e-02,-2.549050595088964144e-02,-1.382183435914630110e-02,-9.112698525921024417e-02,1.107084282070180947e-02,6.028627274114572998e-03,1.198299866011787174e-02,-2.201142921298426813e-02,2.158263891756284636e-02,3.177598948760707032e-02,3.528235037211669301e-03,3.829486037917551045e-02,6.590725494833549192e-02,7.131934342230028534e-02,8.054315795455568860e-03,1.026877884503536731e-01,9.321684916118933018e-02,1.113913744228920422e-01,6.882404420996079963e-02,4.262293873074796124e-02,1.658690148265229425e-02,-3.366705275549142923e-02,-3.325772729892673141e-02,-3.582259817572541749e-03,-2.838683314495948906e-02,-1.874151006090229998e-02,-6.445602797946037299e-03,-1.413063540323067357e-02,-1.228278808660299148e-02,-1.580937422445103602e+00,2.653523076291303129e-01,-4.968705427546576958e-02,-1.693328903174289524e+00,3.827189865630780119e-01,-8.892506859771177885e-02,-2.117046769113387406e+00,-1.008649138010131008e+00,1.514603342273560249e-01,-1.150805211516812587e+00,-4.958847455955683881e-01,2.190482990793872209e-01
2.700000000000002398e-02,6.138646721421749802e-02,1.164712668879008817e-02,1.932863674368689999e-02,2.149814841582164959e-02,5.493506519451685222e-03,-1.590059257218889854e-02,-3.494187414808136438e-02,-2.053341471107117400e-02,-2.520989123159944612e-02,-9.351454159156194490e-02,-7.100651515655043156e-02,-2.514920557341593366e-02,-1.327807940507197415e-02,-9.296813477387155800e-02,1.164572886200199338e-02,6.067014645930512984e-03,1.179657635418740469e-02,-2.345254786744321862e-02,1.965052705605385697e-02,3.048453275203844015e-02,2.485677114413498145e-03,3.780206142875464081e-02,6.564324862992920728e-02,7.070751352050619332e-02,7.759370355827410748e-03,1.021033355818981164e-01,9.185756332780981026e-02,1.111578181898948969e-01,6.856824843847687811e-02,4.241662404504786821e-02,1.649872973254096209e-02,-3.351870232592668586e-02,-3.308850498671667140e-02,-3.386533990068940625e-03,-2.837308992764730683e-02,-1.861293640411965100e-02,-5.987976733455191436e-03,-1.354922661844426557e-02,-1.178118505528402866e-02,-1.581871317633993801e+00,2.646227169275606195e-01,-4.917472018047760324e-02,-1.691345702225169001e+00,3.793525222007794739e-01,-8.834906241750525857e-02,-2.120407541298847676e+00,-1.017620303012936489e+00,1.519982624096767043e-01,-1.150625449145206369e+00,-4.959338593331579226e-01,2.139424961422232430e-01
2.799999999999999711e-02,6.121677564591922888e-02,1.132378478606010930e-02,1.946945705590907849e-02,2.209631049877991416e-02,6.201119661088494439e-03,-1.542325274230460508e-02,-3.481375624932914192e-02,-2.004594786690372388e-02,-2.457994127568552400e-02,-9.418726481412889595e-02,-7.117626294453582858e-02,-2.479343109049603200e-02,-1.271860960786863615e-02,-9.481608222599247071e-02,1.224805810657469962e-02,6.114476984317551711e-03,1.160950225423373894e-02,-2.489358064523683814e-02,1.769221764476824887e-02,2.917130497051489968e-02,1.424482618505251708e-03,3.728220782195279526e-02,6.535298794019350765e-02,7.007394416777978918e-02,7.489900408761851480e-03,1.015142581684822798e-01,9.049806853624754732e-02,1.109001591647023055e-01,6.829754109582442112e-02,4.220933285554151482e-02,1.641217368059644244e-02,-3.337134750119474802e-02,-3.291787919862976253e-02,-3.198388704213517286e-03,-2.835095921838570732e-02,-1.847394347169073470e-02,-5.521620299278051647e-03,-1.295619690566063298e-02,-1.126670376722405109e-02,-1.582764288114301365e+00,2.639100904053839347e-01,-4.862816893170124333e-02,-1.689387797107978484e+00,3.758899322097312146e-01,-8.754336158554344716e-02,-2.123688373446883215e+00,-1.026446054832007349e+00,1.524281621554088306e-01,-1.150396978707514117e+00,-4.960853983607260154e-01,2.087654694249808374e-01
2.899999999999999800e-02,6.103069402066043508e-02,1.100122372641054724e-02,1.961074920283589762e-02,2.269106993499337213e-02,6.905227697473481641e-03,-1.494277411783429162e-02,-3.467365242620479293e-02,-1.954690622628029936e-02,-2.393295065061407448e-02,-9.484042535748950231e-02,-7.132438272033070348e-02,-2.442330153734361894e-02,-1.214344451821780524e-02,-9.666999674068944837e-02,1.287764673537772353e-02,6.170949529304969004e-03,1.142179579361845936e-02,-2.633380770779591984e-02,1.570850239130550108e-02,2.783710298295005714e-02,3.449576035277068797e-04,3.673519597851360174e-02,6.503590352741950298e-02,6.941711167639263991e-02,7.245148666369161106e-03,1.009208341633114625e-01,8.914030256573646227e-02,1.106191195953751816e-01,6.801208040915041053e-02,4.200121064967810014e-02,1.632729342387806426e-02,-3.322511749590395524e-02,-3.274595916290890668e-02,-3.017602767485971782e-03,-2.831997859781942503e-02,-1.832428497792948363e-02,-5.046756262289342487e-03,-1.235175635101937175e-02,-1.073966067312692729e-02,-1.583615740222487300e+00,2.632148310564468296e-01,-4.804664617795231102e-02,-1.687458193064270917e+00,3.723391973540114419e-01,-8.651234437081758988e-02,-2.126881278355605254e+00,-1.035111988370231551e+00,1.527483507706273447e-01,-1.150121963319918672e+00,-4.963360223108871927e-01,2.035189112869814076e-01
2.999999999999999889e-02,6.082817457027036440e-02,1.067956900758204597e-02,1.975263709924002589e-02,2.328205260075311145e-02,7.605556849664019126e-03,-1.445912948695271538e-02,-3.452141620111782300e-02,-1.903633479812238960e-02,-2.326917172001019551e-02,-9.547348943841907354e-02,-7.145052035444043881e-02,-2.403893584881489076e-02,-1.155260363362931031e-02,-9.852904756261660069e-02,1.353431109964997603e-02,6.236367490276339964e-03,1.123347633294491388e-02,-2.777250895732485958e-02,1.370017258990952058e-02,2.648272394912165595e-02,-7.525918798299002788e-04,3.616092264695147662e-02,6.469142742849864902e-02,6.873549236115250594e-02,7.024358203866487571e-03,1.003233409272861476e-01,8.778620242793876149e-02,1.103154212240533560e-01,6.771202431740963590e-02,4.179240331691281424e-02,1.624414962143960750e-02,-3.308014143506010640e-02,-3.257285344061999766e-02,-2.843954794042424794e-03,-2.827968740144726559e-02,-1.816371597327215426e-02,-4.563606234933459405e-03,-1.173611492923232191e-02,-1.020037526856532040e-02,-1.584425083263904188e+00,2.625373011645226184e-01,-4.742941213672836887e-02,-1.685559894256972502e+00,3.687081964587141658e-01,-8.526041816482889113e-02,-2.129978249378696731e+00,-1.043603869397098149e+00,1.529566838021469977e-01,-1.149802534005356369e+00,-4.966825036337225718e-01,1.982046316129776053e-01
3.099999999999999978e-02,6.060916928245709684e-02,1.035894610008547545e-02,1.989524461815861400e-02,2.386888484443661085e-02,8.301833523664203796e-03,-1.397229211585715447e-02,-3.435690119395706787e-02,-1.851427858138299243e-02,-2.258885687064626779e-02,-9.608592333984702916e-02,-7.155432176045728454e-02,-2.364045284701044025e-02,-1.094610639806248287e-02,-1.003924040559240893e-01,1.421786772417332756e-02,6.310666062482538606e-03,1.104456312945512053e-02,-2.920896403281192377e-02,1.166801913747583797e-02,2.510896535037154820e-02,-1.867859801820248361e-03,3.555928490135373821e-02,6.431899302367627413e-02,6.802756254158381921e-02,6.826772473912168238e-03,9.972205523399614580e-02,8.643770437211450997e-02,1.099897853210008020e-01,6.739753046214946863e-02,4.158305713892929134e-02,1.616280346643650043e-02,-3.293654835487602739e-02,-3.239866997046592090e-02,-2.677223204093692743e-03,-2.822962675091522655e-02,-1.799199279637342386e-02,-4.072390660721403322e-03,-1.110948249799026399e-02,-9.649170045522128050e-03,-1.585191729390697857e+00,2.618778228590248891e-01,-4.677574731199519997e-02,-1.683695904267165977e+00,3.650047107084762876e-01,-8.379203884353120246e-02,-2.132971260576525196e+00,-1.051907610833458406e+00,1.530505599064155842e-01,-1.149440791102422033e+00,-4.971217212699697852e-01,1.928245455314403500e-01
3.200000000000000067e-02,6.037362989706387961e-02,1.003948045164415777e-02,2.003869558893666900e-02,2.445119348450575103e-02,8.993784323884312926e-03,-1.348223574055529284e-02,-3.417996111898569112e-02,-1.798078256332047431e-02,-2.189225850878706581e-02,-9.667719340382266435e-02,-7.163543288538808118e-02,-2.322797122973474515e-02,-1.032397220107128533e-02,-1.022592357038804994e-01,1.492813331027331714e-02,6.393780442779828377e-03,1.085507530786067321e-02,-3.064245230711293289e-02,9.612832549893646217e-03,2.371662499047877404e-02,-3.000540169948884284e-03,3.493018013744952910e-02,6.391803498958692487e-02,6.729179854447187026e-02,6.651635319115722922e-03,9.911725327634381133e-02,8.509674389267773975e-02,1.096429327204524323e-01,6.706875617962548830e-02,4.137331877885586096e-02,1.608331665692608325e-02,-3.279446720421397288e-02,-3.222351611515694714e-02,-2.517186223873313367e-03,-2.816933957902368127e-02,-1.780887302098710379e-02,-3.573328804659326331e-03,-1.047206879380535582e-02,-9.086370433543768457e-03,-1.585915093474501436e+00,2.612366787811839508e-01,-4.608495830118543302e-02,-1.681869226552485497e+00,3.612364279862563254e-01,-8.211173064600942040e-02,-2.135852266961026924e+00,-1.060009250312590190e+00,1.530269309167591185e-01,-1.149038806022848913e+00,-4.976506531025215452e-01,1.873806595434289457e-01
3.300000000000000155e-02,6.012150528618967482e-02,9.721277026471408789e-03,2.018309884869973203e-02,2.502863777976616078e-02,9.681181034999484722e-03,-1.298892306580867739e-02,-3.399045043314163905e-02,-1.743593364130235912e-02,-2.117972600176009842e-02,-9.724677446965947214e-02,-7.169355544941247160e-02,-2.280166272603256772e-02,-9.686315898004060898e-03,-1.041285445487463157e-01,1.566487282128114708e-02,6.485651228110622668e-03,1.066502229218269093e-02,-3.207223455309859972e-02,7.535415044326754241e-03,2.230651955899443095e-02,-4.150245508483418888e-03,3.427374815353090298e-02,6.348810799944226702e-02,6.652688791265815027e-02,6.497979680571752681e-03,9.850897891254130345e-02,8.376505910997922300e-02,1.092756253750146594e-01,6.672587107910032955e-02,4.116321877605511048e-02,1.600569976287014029e-02,-3.265392360041463604e-02,-3.204744754410349117e-02,-2.363547744219651747e-03,-2.809843297665226558e-02,-1.761417429841749538e-02,-3.066696049845330386e-03,-9.824124641783171796e-03,-8.512306064523134097e-03,-1.586594876073637694e+00,2.606141584586300075e-01,-4.535685340027954121e-02,-1.680082298893885273e+00,3.574104191433272737e-01,-8.022418937779782211e-02,-2.138614988614896184e+00,-1.067896514490358273e+00,1.528823213528976988e-01,-1.148597955051986474e+00,-4.982670185206566349e-01,1.818763550826049402e-01
3.400000000000000244e-02,5.985273363908685113e-02,9.404358913990940039e-03,2.032850340633762451e-02,2.560100531243403310e-02,1.036397555249912728e-02,-1.249227129602381581e-02,-3.378822629869304012e-02,-1.687998638616106106e-02,-2.045199646782469571e-02,-9.779417515153389362e-02,-7.172861417721421162e-02,-2.236191156873745811e-02,-9.033634334240758790e-03,-1.059986625935160770e-01,1.642764376154204342e-02,6.586240571471613237e-03,1.047437515279669995e-02,-3.349749792021627925e-02,5.436616725428056185e-03,2.087954039270956130e-02,-5.316262371292790334e-03,3.359109753559508249e-02,6.302924292277146956e-02,6.573236294977435890e-02,6.363993827110280520e-03,9.789634828172769088e-02,8.244360082439516901e-02,1.088887909869638015e-01,6.636909480229391534e-02,4.095232206136012465e-02,1.592975744600888532e-02,-3.251453011257421366e-02,-3.187031483242863672e-02,-2.215714890719144847e-03,-2.801676498176819061e-02,-1.740795105493209149e-02,-2.552995877949548742e-03,-9.166065600652917311e-03,-7.927314690389763996e-03,-1.587231910951699909e+00,2.600107102772160617e-01,-4.459319109193900232e-02,-1.678335296503598917e+00,3.535315747474181980e-01,-7.813460347004919093e-02,-2.141260263264947561e+00,-1.075563572024335945e+00,1.526128731308923347e-01,-1.148116924940230543e+00,-4.989711933843593572e-01,1.763202437699804281e-01
3.500000000000000333e-02,5.956725037406343515e-02,9.088728726050376849e-03,2.047494329249621714e-02,2.616811600618085265e-02,1.104216501176358278e-02,-1.199218662409196057e-02,-3.357314664382604619e-02,-1.631323726204891855e-02,-1.970990386667681449e-02,-9.831891241120006841e-02,-7.174058953112361081e-02,-2.190915496034850918e-02,-8.366519709995134946e-03,-1.078677546186339598e-01,1.721595197597736160e-02,6.695516034199933131e-03,1.028309519355730117e-02,-3.491741088892608147e-02,3.317299361410785963e-03,1.943659790367391338e-02,-6.497796136061939620e-03,3.288357961765742132e-02,6.254159053394081624e-02,6.490796697660482228e-02,6.247655480498437441e-03,9.727824492742900842e-02,8.113312230237834655e-02,1.084833985599442663e-01,6.599865928050485664e-02,4.074007744129781727e-02,1.585524333319021650e-02,-3.237579603076312651e-02,-3.169191707239971123e-02,-2.073020439228745460e-03,-2.792425725622349128e-02,-1.719031783344293629e-02,-2.032788095138737816e-03,-8.498348336315686424e-03,-7.331738131076903642e-03,-1.587827312797526647e+00,2.594268303578785573e-01,-4.379633291133291917e-02,-1.676627831374167377e+00,3.496042229049453609e-01,-7.584852372621843364e-02,-2.143790696966757725e+00,-1.083006289942815670e+00,1.522143701163656271e-01,-1.147593733501688584e+00,-4.997641988113353806e-01,1.707222041005686808e-01
3.600000000000000422e-02,5.926499076262661120e-02,8.774389058863629742e-03,2.062245250466610003e-02,2.672979013458043340e-02,1.171574684159981672e-02,-1.148857569880723517e-02,-3.334506950765003808e-02,-1.573598270346154848e-02,-1.895428204660420946e-02,-9.882050310002755966e-02,-7.172946195407048364e-02,-2.144382989898963032e-02,-7.685564045133652655e-03,-1.097339857554380238e-01,1.802930356756293762e-02,6.813445222758840458e-03,1.009114346768535952e-02,-3.633114160727046738e-02,1.178324338181102604e-03,1.797860301681808437e-02,-7.694052557038588702e-03,3.215254640040798861e-02,6.202530271107464799e-02,6.405344311768823573e-02,6.146943133114480574e-03,9.665355157454350032e-02,7.983437592235098634e-02,1.080604169114485202e-01,6.561479614477816469e-02,4.052593408513471829e-02,1.578191158986008702e-02,-3.223723060768612925e-02,-3.151205307358440066e-02,-1.934796950855411030e-03,-2.782083275055535418e-02,-1.696139035505650483e-02,-1.506631537864233650e-03,-7.821429402754986882e-03,-6.725920943221996851e-03,-1.588382193649335417e+00,2.588630208483249651e-01,-4.296878256080625957e-02,-1.674959518628970523e+00,3.456326661014562651e-01,-7.337183100207644859e-02,-2.146208881358580456e+00,-1.090220643295023439e+00,1.516822527151889533e-01,-1.147026400327240570e+00,-5.006470413991431778e-01,1.650920463581827535e-01
3.700000000000000511e-02,5.894588992808660888e-02,8.461342489288092850e-03,2.077106500376313392e-02,2.728584830997205293e-02,1.238471878356817157e-02,-1.098134559444874370e-02,-3.310385303380991573e-02,-1.514851911732417733e-02,-1.818596474760125759e-02,-9.929846395912036994e-02,-7.169521186382610267e-02,-2.096637317584004734e-02,-6.991359175615219357e-03,-1.115955214788049155e-01,1.886720488998649969e-02,6.939995810534060894e-03,9.898480755936132566e-03,-3.773785790295836051e-02,-9.794473140005701631e-04,1.650646715166237399e-02,-8.904237754034038943e-03,3.139935052058051568e-02,6.148053238190742675e-02,6.316853431396739216e-02,6.059836028378118300e-03,9.602115017366966154e-02,7.854811321198784668e-02,1.076208146920940578e-01,6.521773671939667949e-02,4.030934151556175848e-02,1.570951687444166467e-02,-3.209834304901405116e-02,-3.133052138594694114e-02,-1.800376765786370964e-03,-2.770641574593702208e-02,-1.672128546387341430e-02,-9.750840642834823768e-04,-7.135765233897473081e-03,-6.110210420911421636e-03,-1.588897662837288394e+00,2.583197901695818421e-01,-4.211318547394105050e-02,-1.673329976716632972e+00,3.416211853269802701e-01,-7.071077149956271624e-02,-2.148517394575824468e+00,-1.097202706756739365e+00,1.510116361885373848e-01,-1.146412947055358567e+00,-5.016207125763043617e-01,1.594394818474567099e-01
3.800000000000000600e-02,5.860988284422343625e-02,8.149591571300350210e-03,2.092081471100471282e-02,2.783611147220676693e-02,1.304907891059015231e-02,-1.047040378041730162e-02,-3.284935546419199409e-02,-1.455114288504288922e-02,-1.740578560444783207e-02,-9.975231161955758208e-02,-7.163781964764037724e-02,-2.047722137348984006e-02,-6.284496750500690766e-03,-1.134505275989337036e-01,1.972916254039791539e-02,7.075135558433308901e-03,9.705067546093015807e-03,-3.913672729568729025e-02,-3.155154894603384285e-03,1.502110220374941636e-02,-1.012755820083821590e-02,3.062534522004245474e-02,6.090743346903826350e-02,6.225298333609696755e-02,5.984314138979929254e-03,9.537992194639111077e-02,7.727508488706050227e-02,1.071655604062962258e-01,6.480771201674206949e-02,4.008974959827371620e-02,1.563781429147015345e-02,-3.195864250406899032e-02,-3.114712032366551142e-02,-1.669091997139382499e-03,-2.758093188988386749e-02,-1.647012106798184661e-02,-4.387025508432174092e-04,-6.441812136794844434e-03,-5.484956587695766217e-03,-1.589374826930212592e+00,2.577976532265722209e-01,-4.123232772287424575e-02,-1.671738827591421117e+00,3.375740436117656285e-01,-6.787198780222059025e-02,-2.150718802229968585e+00,-1.103948645692340413e+00,1.501973311601716987e-01,-1.145751397644413583e+00,-5.026861879100167352e-01,1.537740923741541810e-01
3.900000000000000688e-02,5.825690433401777696e-02,7.839138832661074474e-03,2.107173550506979964e-02,2.838040087729920558e-02,1.370882564480924160e-02,-9.955658090968544371e-03,-3.258143513273203951e-02,-1.394415036451013452e-02,-1.661457814972111535e-02,-1.001815626027034167e-01,-7.155726565726892863e-02,-1.997681086516589488e-02,-5.565568229519701760e-03,-1.152971702523211128e-01,2.061468335230376425e-02,7.218832334271674256e-03,9.510864013802411421e-03,-4.052691700971822186e-02,-5.347938007731478649e-03,1.352342052580590703e-02,-1.136322071313244919e-02,2.983188431468830615e-02,6.030616083475237588e-02,6.130653279828379709e-02,5.918358143043978004e-03,9.472874743133585795e-02,7.601604089168147171e-02,1.066956224342363591e-01,6.438495273355027138e-02,3.986660853049173170e-02,1.556655934360939679e-02,-3.181763805687731761e-02,-3.096164798958289666e-02,-1.540274524826745761e-03,-2.744430822535814940e-02,-1.620801607685207202e-02,1.019571058100687821e-04,-5.740026286151334034e-03,-4.850512179840116289e-03,-1.589814789686307517e+00,2.572971315840401618e-01,-4.032913427226195169e-02,-1.670185696879843862e+00,3.334954889509059717e-01,-6.486254538082066035e-02,-2.152815658451698866e+00,-1.110454706560948690e+00,1.492338660992474919e-01,-1.145039778646427031e+00,-5.038444263669676904e-01,1.481053003824172598e-01
4.000000000000000777e-02,5.788688906844654397e-02,7.529986771763752529e-03,2.122386121952679616e-02,2.891853808603661591e-02,1.436395777470655943e-02,-9.437016695115651999e-03,-3.229995045933398146e-02,-1.332783789204228242e-02,-1.581317581673191697e-02,-1.005857333205908699e-01,-7.145353020437461566e-02,-1.946557781478297500e-02,-4.835164881177966834e-03,-1.171336158919888959e-01,2.152327438861734166e-02,7.371054131002808575e-03,9.315830004713809842e-03,-4.190759398664489765e-02,-7.556936537930436515e-03,1.201433490867520604e-02,-1.261043243599102581e-02,2.902032216312866800e-02,5.967687022560719257e-02,6.032892517251520204e-02,5.859949398393737852e-03,9.406650653084901170e-02,7.477173043975174349e-02,1.062119690550158424e-01,6.394968924855204406e-02,3.963936882849417032e-02,1.549550788274345337e-02,-3.167483871767284853e-02,-3.077390230015719652e-02,-1.413255989399786689e-03,-2.729647321301875706e-02,-1.593509033523021756e-02,6.463399814422565726e-04,-5.030863720226985691e-03,-4.207232620797363154e-03,-1.590218652007667544e+00,2.568187536088868961e-01,-3.940666658474374640e-02,-1.668670214033674215e+00,3.293897566055306037e-01,-6.168995433926850736e-02,-2.154810506998159791e+00,-1.116717206574302068e+00,1.481155115557065693e-01,-1.144276119482211307e+00,-5.050963695237481454e-01,1.424423401497899311e-01
4.100000000000000866e-02,5.749977156533336853e-02,7.222137854649535171e-03,2.137722564053268215e-02,2.945034495256404483e-02,1.501447447143622500e-02,-8.914388066733280880e-03,-3.200475994390883372e-02,-1.270250178423459886e-02,-1.500241194235041493e-02,-1.009643400763595988e-01,-7.132659355628812037e-02,-1.894395817778171676e-02,-4.093877781404575700e-03,-1.189580312769979997e-01,2.245444293492537824e-02,7.531769083787498431e-03,9.119925017915253562e-03,-4.327792489835280421e-02,-9.781290626970751134e-03,1.049475856204251656e-02,-1.386840083108209498e-02,2.819201363526602222e-02,5.901971821693141607e-02,5.931990280304244578e-02,5.807069915090501411e-03,9.339207855807174496e-02,7.354290205744920539e-02,1.057155684708481758e-01,6.350215162154659865e-02,3.940748131418692068e-02,1.542441606027633756e-02,-3.152975341487129768e-02,-3.058368101084729673e-02,-1.287367785818283039e-03,-2.713735674630068928e-02,-1.565146455370181044e-02,1.193892111204686302e-03,-4.314780338156687378e-03,-3.555475986887213658e-03,-1.590587511898467143e+00,2.563630545796807825e-01,-3.846811958416399002e-02,-1.667192012469648432e+00,3.252610707771252940e-01,-5.836218621464212691e-02,-2.156705882424263532e+00,-1.122732522534253485e+00,1.468363059196127751e-01,-1.143458452717881491e+00,-5.064429407234030123e-01,1.367942304284522903e-01
4.200000000000000955e-02,5.709548618827175320e-02,6.915594512181932885e-03,2.153186250476979424e-02,2.997564361300053895e-02,1.566037530439512437e-02,-8.387680954932807964e-03,-3.169572216053939684e-02,-1.206843833972381756e-02,-1.418311976971775405e-02,-1.013168990647222156e-01,-7.117643593211386843e-02,-1.841238770269137959e-02,-3.342297812733097118e-03,-1.207685834613125841e-01,2.340769649297947189e-02,7.700945485956900427e-03,8.923108190667328188e-03,-4.463707616015666346e-02,-1.202014065166112644e-02,8.965605094979789413e-03,-1.513633366363720256e-02,2.734831408075600115e-02,5.833486215741823244e-02,5.827920792098018055e-02,5.757702326408597159e-03,9.270434228426571721e-02,7.233030362655526457e-02,1.052073888321673895e-01,6.304256959387988246e-02,3.917039710079306403e-02,1.535304027683670469e-02,-3.138189098755005818e-02,-3.039078174177678449e-02,-1.161941057146620437e-03,-2.696689015905029407e-02,-1.535726023607652917e-02,1.744060470829200682e-03,-3.592231898734699058e-03,-2.895602964182231176e-03,-1.590922464426644423e+00,2.559305767638911377e-01,-3.751681798420497538e-02,-1.665750729696090060e+00,3.211136456601137446e-01,-5.488768569123113339e-02,-2.158504311318077740e+00,-1.128497078798116338e+00,1.453900824708144746e-01,-1.142584814342705535e+00,-5.078850441746961542e-01,1.311697489042845111e-01
4.300000000000001044e-02,5.667396714560579696e-02,6.610359137367183280e-03,2.168780549762949761e-02,3.049425647410153317e-02,1.630166025599510959e-02,-7.856804354743118779e-03,-3.137269575178036618e-02,-1.142594384083484016e-02,-1.335613245081246347e-02,-1.016429263724625554e-01,-7.100303749916481166e-02,-1.787130193338449038e-02,-2.581015663996044651e-03,-1.225634397820525301e-01,2.438254277445439655e-02,7.878551803882416493e-03,8.725338284383266085e-03,-4.598421394406138063e-02,-1.427262720277333585e-02,7.427788496335185897e-03,-1.641343898928360190e-02,2.649057929739484507e-02,5.762246011398097778e-02,5.720658265888767940e-02,5.709829858426829219e-03,9.200217598618731785e-02,7.113468242845601142e-02,1.046883982635069543e-01,6.257117259031554080e-02,3.892756757772675158e-02,1.528113713153711473e-02,-3.123076017842851479e-02,-3.019500200363323117e-02,-1.036306688048771463e-03,-2.678500622547552723e-02,-1.505259960375937567e-02,2.296292951879941313e-03,-2.863674020665563091e-03,-2.227976796620012578e-03,-1.591224601688939533e+00,2.555218694631374299e-01,-3.655621199138447963e-02,-1.664346007426754648e+00,3.169516858860745301e-01,-5.127537713667675717e-02,-2.160208313600461061e+00,-1.134007334340437545e+00,1.437704974813805714e-01,-1.141653244048296933e+00,-5.094235639907029878e-01,1.255774088245546760e-01
4.400000000000001132e-02,5.623514848947408495e-02,6.306434082806511299e-03,2.184508825161124781e-02,3.100600620202476065e-02,1.693832973564513011e-02,-7.321667478155102771e-03,-3.103553942309345351e-02,-1.077531455510794163e-02,-1.252228304886937767e-02,-1.019419379789241742e-01,-7.080637836970814225e-02,-1.732113621197228434e-02,-1.810621830530489973e-03,-1.243407678471872835e-01,2.537848969500666740e-02,8.064556690784208115e-03,8.526573671873816096e-03,-4.731850419215355430e-02,-1.653789106512703819e-02,5.882223114995088764e-03,-1.769892514083748480e-02,2.562016549950030253e-02,5.688267081700626449e-02,5.610176906520081275e-02,5.661436298420419178e-03,9.128445749332449177e-02,6.995678518861339623e-02,1.041595648899860116e-01,6.208818972230867317e-02,3.867844439471657125e-02,1.520846337098324952e-02,-3.107586962742781012e-02,-2.999613922357325171e-02,-9.097952980927637157e-04,-2.659163915217455099e-02,-1.473760551729386137e-02,2.850038330980186885e-03,-2.129562184351563303e-03,-1.552963225373016560e-03,-1.591495012779138518e+00,2.551374890265606932e-01,-3.558987239263390612e-02,-1.662977491682187114e+00,3.127793863808860375e-01,-4.753466591852583550e-02,-2.161820403889122222e+00,-1.139259768899847813e+00,1.419710591304921832e-01,-1.140661785509138326e+00,-5.110593631633983946e-01,1.200254381205331788e-01
4.500000000000001221e-02,5.577896411491822803e-02,6.003821658268736726e-03,2.200374434494234074e-02,3.151071571121022430e-02,1.757038459293402965e-02,-6.782179725565385710e-03,-3.068411193743703427e-02,-1.011684673668256096e-02,-1.168240454062496880e-02,-1.022134497565077155e-01,-7.058643859800151077e-02,-1.676232568229218955e-02,-1.031706614896599206e-03,-1.260987355227141116e-01,2.639504536866033035e-02,8.258928999513861016e-03,8.326772325814692580e-03,-4.863911263006981400e-02,-1.881507319889985652e-02,4.329823640049745848e-03,-1.899200071512963106e-02,2.473842928629021998e-02,5.611565360616665998e-02,5.496450911839811937e-02,5.610505962216016940e-03,9.055006423482003797e-02,6.879735812134615824e-02,1.036218568642648385e-01,6.159384979262272353e-02,3.842247944524546793e-02,1.513477583822142591e-02,-3.091672786575960785e-02,-2.979399077110223004e-02,-7.817372347322937287e-04,-2.638672456199308777e-02,-1.441240139523714166e-02,3.404746232818833818e-03,-1.390351735242933984e-03,-8.709304195138045657e-04,-1.591734783759385596e+00,2.547779988322160794e-01,-3.462148503879677874e-02,-1.661644832878904632e+00,3.086009316636044719e-01,-4.367543451137114591e-02,-2.163343092927486389e+00,-1.144250868219565787e+00,1.399851569901555681e-01,-1.139608486664456688e+00,-5.127932824709486859e-01,1.145217613237051735e-01
4.600000000000001310e-02,5.530534775905326939e-02,5.702524128370356493e-03,2.216380730038247648e-02,3.200820815343385917e-02,1.819782613001175164e-02,-6.238250657673916066e-03,-3.031827210999837874e-02,-9.450836627538095058e-03,-1.083732981838370080e-02,-1.024569774711363845e-01,-7.034319817760747995e-02,-1.619530529393919949e-02,-2.448601280944373570e-04,-1.278355109193616279e-01,2.743171810253075549e-02,8.461637794376473606e-03,8.125891808402842600e-03,-4.994520478053354751e-02,-2.110331472219994717e-02,2.771505080860769965e-03,-2.029187455993053391e-02,2.384672761030648402e-02,5.532156837695146462e-02,5.379454474074796960e-02,5.555023660716252622e-03,8.979787328588395567e-02,6.765714697471938988e-02,1.030762423937896383e-01,6.108838130128325244e-02,3.815912484939909532e-02,1.505983142179712075e-02,-3.075284331060279541e-02,-2.958835398371073566e-02,-6.514625659090889087e-04,-2.617019946954757259e-02,-1.407711113056731023e-02,3.959867086856139196e-03,-6.464978887845695965e-04,-1.822488980107728196e-04,-1.591944997634424430e+00,2.544439692362314154e-01,-3.365484473643705343e-02,-1.660347685906746307e+00,3.044204946230106290e-01,-3.970803345781160482e-02,-2.164778889078787572e+00,-1.148977108409563908e+00,1.378060918403872792e-01,-1.138491400001464982e+00,-5.146261393144937468e-01,1.090739845439302469e-01
4.700000000000001399e-02,5.481423300030208168e-02,5.402543710343543637e-03,2.232531058422093651e-02,3.249830690704502700e-02,1.882065611317340278e-02,-5.689789967866065723e-03,-2.993787880308884652e-02,-8.777580458568579047e-03,-9.987891691890737889e-03,-1.026720367826927938e-01,-7.007663703895961049e-02,-1.562050980680140984e-02,5.493277087338377385e-04,-1.295492623788727926e-01,2.848801639193698776e-02,8.672652361981558755e-03,7.923889262214878215e-03,-5.123594597692004288e-02,-2.340175689497758782e-02,1.208182747097108489e-03,-2.159775576107580627e-02,2.294641774593176101e-02,5.450057552801501615e-02,5.259161781156418414e-02,5.492974665747051531e-03,8.902676141351761885e-02,6.653689707539037212e-02,1.025236897681729431e-01,6.057201245280508656e-02,3.788783293618225995e-02,1.498338700511414601e-02,-3.058372426028954649e-02,-2.937902619218979439e-02,-5.183010721685477051e-04,-2.594200224821152645e-02,-1.373185900478146593e-02,4.514852077595499225e-03,1.015442629741514360e-04,5.127085568426004158e-04,-1.592126734328638715e+00,2.541359774893153234e-01,-3.269384856121382299e-02,-1.659085710194727392e+00,3.002422348143926611e-01,-3.564326730013277211e-02,-2.166130299885956845e+00,-1.153434939477490540e+00,1.354271055745661645e-01,-1.137308582840009574e+00,-5.165587264812439017e-01,1.036893837454382489e-01
4.800000000000001488e-02,5.430555325768926522e-02,5.103882571885876018e-03,2.248828760543730362e-02,3.298083556643627984e-02,1.943887678364042415e-02,-5.136707455126732214e-03,-2.954279092119671893e-02,-8.097374450484196018e-03,-9.134922890001284657e-03,-1.028581432454187816e-01,-6.978673504715837694e-02,-1.503837379604089364e-02,1.350267162092855244e-03,-1.312381584598969475e-01,2.956344891591688659e-02,8.891942221215920483e-03,7.720721402195707128e-03,-5.251050137682033991e-02,-2.570954110430356820e-02,-3.592277712738400908e-04,-2.290885362985184415e-02,2.203885725803323217e-02,5.365283590952785175e-02,5.135547017980979234e-02,5.422344675422241522e-03,8.823560512136019440e-02,6.543735337322376111e-02,1.019651673865278607e-01,6.004497116466733786e-02,3.760805622540130955e-02,1.490519941629431244e-02,-3.040887889007581890e-02,-2.916580474539776091e-02,-3.815822381825206291e-04,-2.570207258842449258e-02,-1.337676959990430348e-02,5.069153088299582777e-03,8.533197430806716000e-04,1.213566994522352616e-03,-1.592281070665768627e+00,2.538546076200716151e-01,-3.174248860682692130e-02,-1.657858569765764845e+00,2.960702963252814235e-01,-3.149237565322282606e-02,-2.167399833698002709e+00,-1.157620768094014485e+00,1.328414109595872361e-01,-1.136058097618657836e+00,-5.185918108308084085e-01,9.837489652243905369e-02
4.900000000000001577e-02,5.377925402255057802e-02,4.806534457211686373e-03,2.265273943510504040e-02,3.345565496206903688e-02,2.005249259549745852e-02,-4.578905037909031250e-03,-2.913288185639472880e-02,-7.410501756008435435e-03,-8.279173574523568391e-03,-1.030148183259511907e-01,-6.947353974261050169e-02,-1.444938938075424062e-02,2.157269087638802318e-03,-1.329004139567850906e-01,3.065744194876796058e-02,9.119424924485475259e-03,7.516374625901266725e-03,-5.376798984713415663e-02,-2.802572310487727592e-02,-1.929788618899586083e-03,-2.422436874485311628e-02,2.112536736622727673e-02,5.277865136910087074e-02,5.008603695445934534e-02,5.341316262981177232e-03,8.742325341441237185e-02,6.435887351886560026e-02,1.014014136317167442e-01,5.950742343233406118e-02,3.731922434406564210e-02,1.482501796018986795e-02,-3.022780250407519631e-02,-2.894845238493992667e-02,-2.407044489025622624e-04,-2.545039433549955987e-02,-1.301203045622401078e-02,5.622247056503049123e-03,1.608359358415523133e-03,1.919938150803268684e-03,-1.592409216460513699e+00,2.536003632210087066e-01,-3.080444444581065255e-02,-1.656665752181375462e+00,2.919083364206404574e-01,-2.726639712591110917e-02,-2.168590169102073695e+00,-1.161531692370057156e+00,1.300435379470232800e-01,-1.134738088627186281e+00,-5.207255685311874549e-01,9.313754570056745341e-02
5.000000000000001665e-02,5.323532956734267074e-02,4.510459602558913872e-03,2.281853800622091547e-02,3.392277417750788615e-02,2.066151537777072278e-02,-4.016252850339796510e-03,-2.870808283088921442e-02,-6.717193287709477545e-03,-7.421063860098442433e-03,-1.031416074321891696e-01,-6.913736954878446639e-02,-1.385427938454508907e-02,2.969246160372307486e-03,-1.345344279723783565e-01,3.176909162994734359e-02,9.354809432783106615e-03,7.310955309505651201e-03,-5.500734561363173486e-02,-3.034901578651183832e-02,-3.502473719804388274e-03,-2.554346607947577397e-02,2.020712305743144199e-02,5.187888643761073837e-02,4.878402629518197031e-02,5.248858269581546665e-03,8.658844604977522508e-02,6.330026703358049289e-02,1.008322464432842847e-01,5.895928842509290391e-02,3.702067481795623394e-02,1.474256209913704478e-02,-3.003993924894654902e-02,-2.872659328006488266e-02,-9.534258448651299100e-05,-2.518712402109102300e-02,-1.263808034017532833e-02,6.173709157824003313e-03,2.366136754483161297e-03,2.631386317295536081e-03,-1.592512922154925237e+00,2.533734073800504305e-01,-2.988185725231196077e-02,-1.655506025663995517e+00,2.877581315959863995e-01,-2.297420693245506157e-02,-2.169704660896560000e+00,-1.165167759486690935e+00,1.270333993171413323e-01,-1.133347013459387043e+00,-5.229578884179427734e-01,8.798575068413429234e-02
5.100000000000001754e-02,5.267378627019825288e-02,4.215609908037708763e-03,2.298552302142420345e-02,3.438223933789208431e-02,2.126595910175810289e-02,-3.448613098932629129e-03,-2.826833953622065118e-02,-6.017666898532780806e-03,-6.560931247367118857e-03,-1.032380618194077837e-01,-6.877861051311917606e-02,-1.325382414887821096e-02,3.785011693269168653e-03,-1.361386457825153329e-01,3.289741175549032448e-02,9.597752719859631299e-03,7.104599378785714237e-03,-5.622745669681661340e-02,-3.267804642876370735e-02,-5.076234880587282561e-03,-2.686530179099922214e-02,1.928526279590591849e-02,5.095454639978980182e-02,4.745033949056010059e-02,5.144136270633925534e-03,8.572989548730003406e-02,6.225995630215441778e-02,1.002572538179598294e-01,5.840042346437357423e-02,3.671172223667351631e-02,1.465754362795346384e-02,-2.984472028216522688e-02,-2.849981693955028206e-02,5.475959925815843799e-05,-2.491246201662322690e-02,-1.225542114662347970e-02,6.723139536209732370e-03,3.126111452512514433e-03,3.347461278043972754e-03,-1.592594069318529204e+00,2.531738259288943138e-01,-2.897648966998195297e-02,-1.654377983051231071e+00,2.836210090719593624e-01,-1.862415781935441994e-02,-2.170746839935892680e+00,-1.168529723835195933e+00,1.238125166070578320e-01,-1.131883416385043084e+00,-5.252860554736863419e-01,8.292810070888886886e-02
5.200000000000001843e-02,5.209463038626882536e-02,3.921937316580415001e-03,2.315353423871347252e-02,3.483409655602188321e-02,2.186583814683018198e-02,-2.875848000915670610e-03,-2.781359767824875817e-02,-5.312140440421941889e-03,-5.699113110374742774e-03,-1.033037325706714082e-01,-6.839764856337238186e-02,-1.264880381915922496e-02,4.603379230624149443e-03,-1.377115127856951560e-01,3.404141635539214422e-02,9.847911963752675746e-03,6.897442204225168183e-03,-5.742721105803516579e-02,-3.501144243280540636e-02,-6.650023820765849081e-03,-2.818903215654389519e-02,1.836092509131770356e-02,5.000663664451643342e-02,4.608587767717331474e-02,5.026316039441701931e-03,8.484631420435251314e-02,6.123636359621098535e-02,9.967602400379084460e-02,5.783068568460025816e-02,3.639168125701441880e-02,1.456967402878905915e-02,-2.964157655525046300e-02,-2.826771289568696943e-02,2.098586344070341170e-04,-2.462660958863116881e-02,-1.186455515933104721e-02,7.270138942062853715e-03,3.887743235098550798e-03,4.067709428426713458e-03,-1.592654534414419398e+00,2.530017145700487191e-01,-2.809011535019068084e-02,-1.653280222915425535e+00,2.794983184599846848e-01,-1.422464481911663373e-02,-2.171720246418397338e+00,-1.171618287318529017e+00,1.203827468967974407e-01,-1.130345851050529760e+00,-5.277073190351383447e-01,7.797295255631554733e-02
5.300000000000001932e-02,5.149786804840950083e-02,3.629393812806469555e-03,2.332241146694435940e-02,3.527839192517134154e-02,2.246116730138236414e-02,-2.297819763365183121e-03,-2.734380297338923071e-02,-4.600831763623691728e-03,-4.835946700970428225e-03,-1.033381706010614437e-01,-6.799486951126842982e-02,-1.203999835782809495e-02,5.423162539445413287e-03,-1.392514744889874478e-01,3.520011968014014059e-02,1.010494453231203238e-02,6.689618626464444162e-03,-5.860549661104075270e-02,-3.734783130427610232e-02,-8.222792187374317052e-03,-2.951381356960292024e-02,1.743524847403321240e-02,4.903616262746045978e-02,4.469154185007395697e-02,4.894563502241489061e-03,8.393641471742174787e-02,6.022791112215220011e-02,9.908814553920233803e-02,5.724993204511985567e-02,3.605986653900661310e-02,1.447866441249878733e-02,-2.942993886670564052e-02,-2.802987074851559512e-02,3.702112944092839086e-04,-2.432976886249127446e-02,-1.146598503381079937e-02,7.814308793844924536e-03,4.650492205469980433e-03,4.791673769215520906e-03,-1.592696188854224149e+00,2.528571785977873354e-01,-2.722451374741258201e-02,-1.652211349476352176e+00,2.753914306546910162e-01,-9.784081862314579145e-03,-2.172628430608131822e+00,-1.174434088315856606e+00,1.167463023711133169e-01,-1.128732879177073212e+00,-5.302188988414142656e-01,7.312845173301446566e-02
5.400000000000002021e-02,5.088350526789067740e-02,3.337931421880657723e-03,2.349199456122752147e-02,3.571517151228409404e-02,2.305196176362978022e-02,-1.714390562820078401e-03,-2.685890114505040671e-02,-3.883958715971136400e-03,-3.971769153004345299e-03,-1.033409266617149186e-01,-6.757065905595148469e-02,-1.142818755701213718e-02,6.243175600166405402e-03,-1.407569764938871870e-01,3.637253618803670818e-02,1.036850796936539254e-02,6.481262980961854936e-03,-5.976120123281081220e-02,-3.968584063826119390e-02,-9.793491569171752786e-03,-3.083880253686954384e-02,1.650937147131381622e-02,4.804412983571326734e-02,4.326823287202063995e-02,4.748044695835229589e-03,8.299890960176803389e-02,5.923302106632277741e-02,9.849320729012792097e-02,5.665801934253256178e-02,3.571559268372181961e-02,1.438422546218642677e-02,-2.920923791344565493e-02,-2.778588020844363626e-02,5.360745486648887947e-04,-2.402214278628100885e-02,-1.106021378031174507e-02,8.355251237071037451e-03,5.413818845328322027e-03,5.518893907800137555e-03,-1.592720899060649620e+00,2.527403326046270826e-01,-2.638146518043285593e-02,-1.651169972508130579e+00,2.713017365525601798e-01,-5.310878266511221725e-03,-2.173474953557092526e+00,-1.176977690812975208e+00,1.129057674437232983e-01,-1.127043069359579874e+00,-5.328179906069365757e-01,6.840255495982676404e-02
5.500000000000002109e-02,5.025154793512622703e-02,3.047502208361585474e-03,2.366212341822437892e-02,3.614448135154014335e-02,2.363823714226720094e-02,-1.125422525382280270e-03,-2.635883792026350037e-02,-3.161739142138131776e-03,-3.106917486329408007e-03,-1.033115513436462379e-01,-6.712540278723810871e-02,-1.081415105074823302e-02,7.062232596753758272e-03,-1.422264644821669144e-01,3.755768053331998840e-02,1.063825998148360159e-02,6.272509121925118336e-03,-6.089321277367831797e-02,-4.202409810627161235e-02,-1.136107351049364493e-02,-3.216315567540783960e-02,1.558443258443364954e-02,4.703154375440954382e-02,4.181685148152335801e-02,4.585925727898398918e-03,8.203251150908340283e-02,5.825011563735493780e-02,9.789079848511340887e-02,5.605480422339503832e-02,3.535817417297071330e-02,1.428606737904081388e-02,-2.897890434060146347e-02,-2.753533113719441872e-02,7.077055182214131435e-04,-2.370393509482626726e-02,-1.064774474702590012e-02,8.892569200644739880e-03,6.177184071207264537e-03,6.248906066425252703e-03,-1.592730526537289970e+00,2.526513001729986385e-01,-2.556274616105286279e-02,-1.650154707240607088e+00,2.672306456198464408e-01,-8.134152803135600738e-04,-2.174263387828720084e+00,-1.179249573772055637e+00,1.088641134789654213e-01,-1.125274995966038860e+00,-5.355017711246748968e-01,6.380305384205409158e-02
5.600000000000002198e-02,4.960200182041975964e-02,2.758058275031505246e-03,2.383263797133450268e-02,3.656636743830032898e-02,2.422000945700952812e-02,-5.307777073024766423e-04,-2.584355902651180870e-02,-2.434390882857684346e-03,-2.241728610623550545e-03,-1.032495950813867580e-01,-6.665948618866515685e-02,-1.019866832674631851e-02,7.879147906270311807e-03,-1.436583842017467305e-01,3.875456755503581263e-02,1.091385842534453587e-02,6.063490445535002493e-03,-6.200041906674425007e-02,-4.436123144518466788e-02,-1.292448952472602386e-02,-3.348602971016134688e-02,1.466157026670922292e-02,4.599940983538486350e-02,4.033829829966384395e-02,4.407372740041992643e-03,8.103593318316537619e-02,5.727761710564971409e-02,9.728050874829044514e-02,5.544014319724243495e-02,3.498692531099755615e-02,1.418389983057810437e-02,-2.873836878960656094e-02,-2.727781358702818792e-02,8.853614326289617172e-04,-2.337535027405834853e-02,-1.022908160355839868e-02,9.425866450534670093e-03,6.940049289240413088e-03,6.981243097250899865e-03,-1.592726927945406823e+00,2.525902135517802960e-01,-2.477012499170049009e-02,-1.649164174255424831e+00,2.631795843334296947e-01,3.699977134509072844e-03,-2.174997318223756082e+00,-1.181250120814914872e+00,1.046247111479237379e-01,-1.123427238137451489e+00,-5.382674029023066797e-01,5.933759959510227083e-02
5.700000000000002287e-02,4.893487257473186358e-02,2.469551761700384141e-03,2.400337818577868987e-02,3.698087572340824636e-02,2.479729513903805582e-02,6.968192394740668760e-05,-2.531301018874820841e-02,-1.702131774097281891e-03,-1.376539329041470694e-03,-1.031546081564411743e-01,-6.617329464032931097e-02,-9.582518737693668243e-03,8.692736087983821136e-03,-1.450511814526440624e-01,3.996221226664875559e-02,1.119496129568364751e-02,5.854339912476635120e-03,-6.308170793660883291e-02,-4.669586844801010272e-02,-1.448269110745403765e-02,-3.480658147184900048e-02,1.374192290251041899e-02,4.494873346783911927e-02,3.883347383576518652e-02,4.211551873654517664e-03,8.000788747363341002e-02,5.631394783994503328e-02,9.666192813010202056e-02,5.481389264988001386e-02,3.460116016828163055e-02,1.407743190144294942e-02,-2.848706194450123519e-02,-2.701291783818326672e-02,1.069299587977301513e-03,-2.303659352574705110e-02,-9.804728324719569343e-03,9.954747640728456304e-03,7.701876448278355269e-03,7.715434504047546937e-03,-1.592711955187386064e+00,2.525572133173615286e-01,-2.400535763301733794e-02,-1.648196999377017136e+00,2.591499945187046849e-01,8.221043097341890551e-03,-2.175680342509393128e+00,-1.182979610294663031e+00,1.001913404574291538e-01,-1.121498378888194036e+00,-5.411120383310493720e-01,5.501372870339837906e-02
5.800000000000002376e-02,4.825016573044418194e-02,2.181934843982880068e-03,2.417418405355098443e-02,3.738805210785889344e-02,2.537011103136555326e-02,6.760945081176749109e-04,-2.476713712659073252e-02,-9.651796461911388292e-04,-5.116863417131689573e-04,-1.030261407005883673e-01,-6.566721342151485286e-02,-8.966481512086231162e-03,9.501811872071552756e-03,-1.464033020730219903e-01,4.117962984639111923e-02,1.148122671380269466e-02,5.645190069823779154e-03,-6.413596720743662549e-02,-4.902663695640097075e-02,-1.603462974930414120e-02,-3.612396789525984531e-02,1.282662878723739297e-02,4.388051995106456715e-02,3.730327849189807310e-02,3.997629238611466462e-03,7.894708734767297287e-02,5.535753034095148434e-02,9.603464713570478151e-02,5.417590885689449465e-02,3.420019252754835648e-02,1.396637204684791911e-02,-2.822441457634727868e-02,-2.674023443447337556e-02,1.259777306138687436e-03,-2.268787073272537924e-02,-9.375189174681608506e-03,1.047881836146569157e-02,8.462128091253351414e-03,8.451006470317157238e-03,-1.592687455496609061e+00,2.525524480189065279e-01,-2.327018384215880087e-02,-1.647251813558743727e+00,2.551433316088587699e-01,1.274162299342681583e-02,-2.176316072152759240e+00,-1.184438205831318758e+00,9.556819849101134967e-02,-1.119487004306684241e+00,-5.440328233842771644e-01,5.083888939416886937e-02
5.900000000000002465e-02,4.754788670215528285e-02,1.895159732031803657e-03,2.434489558826102851e-02,3.778794243781691264e-02,2.593847438914842485e-02,1.288598310140720571e-03,-2.420588555170777312e-02,-2.237523229124960267e-04,3.524937508965209076e-04,-1.028637426990348658e-01,-6.514162771309831013e-02,-8.351335764580802845e-03,1.030519014799402555e-02,-1.477131919253684700e-01,4.240583562829901981e-02,1.177231291663271943e-02,5.436173072287165710e-03,-6.516208471035200844e-02,-5.135216485483119070e-02,-1.757925694845896558e-02,-3.743734601796200323e-02,1.191682610827982103e-02,4.279577446917492978e-02,3.574861256633755230e-02,3.764770884832735042e-03,7.785224589987915778e-02,5.440678727200465303e-02,9.539825675091885560e-02,5.352604799733740037e-02,3.378333583209202490e-02,1.385042804878144906e-02,-2.794985758567003487e-02,-2.645935421702549917e-02,1.457051895243033357e-03,-2.232938842467335760e-02,-8.940968691556694381e-03,1.099768518470067846e-02,9.220267404722372676e-03,9.187481893617288620e-03,-1.592655271533473416e+00,2.525760738075031875e-01,-2.256632358215383827e-02,-1.646327252764403060e+00,2.511610628499317266e-01,1.725367486444952941e-02,-2.176908133059723305e+00,-1.185625947387624279e+00,9.075990490097168850e-02,-1.117391702856179059e+00,-5.470269008407031563e-01,4.682046881151578216e-02
5.999999999999999778e-02,4.682804078745863435e-02,1.609178669237820714e-03,2.451535281983385772e-02,3.818059249998650984e-02,2.650240287995942259e-02,1.907331737612150135e-03,-2.362920116537070570e-02,5.219323795073727013e-04,1.215664444753183915e-03,-1.026669639934327805e-01,-6.459692259973005835e-02,-7.737860505847571346e-03,1.110168595259386493e-02,-1.489792968828567155e-01,4.363984509394835953e-02,1.206787824632593598e-02,5.227420702867745760e-03,-6.615894829020163570e-02,-5.367108006630560979e-02,-1.911552422292039921e-02,-3.874587297947496706e-02,1.101365292698242015e-02,4.169550206788796842e-02,3.417037625597840050e-02,3.512142776759485940e-03,7.672207636020367261e-02,5.346014148673061683e-02,9.475234846567939795e-02,5.286416616751798275e-02,3.334990313649166538e-02,1.372930697508722986e-02,-2.766282204286119040e-02,-2.616986835609003137e-02,1.661380611394758233e-03,-2.196135374456664735e-02,-8.502571672416079848e-03,1.151095570679050439e-02,9.975758266473899738e-03,9.924380425846202058e-03,-1.592617241487319424e+00,2.526282540488865025e-01,-2.189547370227938605e-02,-1.645421957845333072e+00,2.472046654759158246e-01,2.174929482399119360e-02,-2.177460166320015489e+00,-1.186542742961962160e+00,8.577150519032639142e-02,-1.115211064775485372e+00,-5.500914130248090173e-01,4.296582077980175274e-02
6.099999999999999867e-02,4.609063316774821700e-02,1.323943930871873675e-03,2.468539578908135468e-02,3.856604801732155252e-02,2.706191458404916261e-02,2.532433357794516837e-03,-2.303702965617792850e-02,1.271656653434316553e-03,2.077489329122439443e-03,-1.024353542847964288e-01,-6.403348307178838295e-02,-7.126834651925761932e-03,1.189011445798016098e-02,-1.502000628158950690e-01,4.488067386483995946e-02,1.236758114038672036e-02,5.019064392913996642e-03,-6.712544581166612900e-02,-5.598201054954010658e-02,-2.064238312250132878e-02,-4.004870602091870069e-02,1.011824716163367555e-02,4.058070763329535424e-02,3.256946965783535930e-02,3.238910770703817832e-03,7.555529210009037655e-02,5.251601605368927395e-02,9.409651429486265428e-02,5.219011939485731361e-02,3.289920705981685956e-02,1.360271514151945201e-02,-2.736273922645349188e-02,-2.587136838091774749e-02,1.873020621648624484e-03,-2.158397441587611709e-02,-8.060503158787923894e-03,1.201823858837114574e-02,1.072806529112835250e-02,1.066121851924917326e-02,-1.592575199184032231e+00,2.527091589194498389e-01,-2.125930488897294357e-02,-1.644534574413330841e+00,2.432756248778153996e-01,2.622073632223892101e-02,-2.177975828959624049e+00,-1.187188360975867107e+00,8.060847182253084997e-02,-1.112943681579360300e+00,-5.532235040553955541e-01,3.928229404856020679e-02
6.199999999999999956e-02,4.533566890900721930e-02,1.039407822674753845e-03,2.485486454212626484e-02,3.894435464506695865e-02,2.761702799461529523e-02,3.164041914155646396e-03,-2.242931669794101524e-02,2.025202700951744816e-03,2.937632083529262417e-03,-1.021684631363197898e-01,-6.345169402709086026e-02,-6.519037033058339148e-03,1.266929095924940012e-02,-1.513739355789098795e-01,4.612733769543142515e-02,1.267108012230488967e-02,4.811235241639177929e-03,-6.806046516476893515e-02,-5.828358429748936587e-02,-2.215878524059355925e-02,-4.134500248514605403e-02,9.231746571452870143e-03,3.945239587263360548e-02,3.094679276968204107e-02,2.944240595112113112e-03,7.435060663684467386e-02,5.157283427799930209e-02,9.343034679643347218e-02,5.150376365175037691e-02,3.243055974138542297e-02,1.347035807684626718e-02,-2.704904065918567468e-02,-2.556344620765793607e-02,2.092228968244569387e-03,-2.119745871059519615e-02,-7.615268422659138281e-03,1.251914359140915423e-02,1.147665387362062361e-02,1.139750947787554307e-02,-1.592530974199101834e+00,2.528189649852772281e-01,-2.065945888638225092e-02,-1.643663752709600079e+00,2.393754327900584344e-01,3.066042809150958115e-02,-2.178458794701422008e+00,-1.187562423434152636e+00,7.527670319578078084e-02,-1.110588145658305548e+00,-5.564203215915847212e-01,3.577726091362880972e-02
6.300000000000000044e-02,4.456315296260651010e-02,7.555226793862779289e-04,2.502359912467122527e-02,3.931555796713270823e-02,2.816776201810356275e-02,3.802296342437561528e-03,-2.180600794772136197e-02,2.782352735057891380e-03,3.795756474787026925e-03,-1.018658399761216415e-01,-6.285194027236087888e-02,-5.915246402011131721e-03,1.343803086209405251e-02,-1.524993609973765984e-01,4.737885246679729434e-02,1.297803379268680501e-02,4.604064035092393127e-03,-6.896289426975865666e-02,-6.057442933713107908e-02,-2.366368222572790003e-02,-4.263391981742081782e-02,8.355288741607846958e-03,3.831157129700858005e-02,2.930324548995821496e-02,2.627297833687425310e-03,7.310673363632112787e-02,5.062901971992905814e-02,9.275343908683587879e-02,5.080495486937432886e-02,3.194327279915176732e-02,1.333194049111607882e-02,-2.672115814181319493e-02,-2.524569416526656340e-02,2.319262534116628416e-03,-2.080201541819270625e-02,-7.167372952997542838e-03,1.301328161341099889e-02,1.222099023047818096e-02,1.213276351421388455e-02,-1.592486391975934890e+00,2.529578547639505515e-01,-2.009754598517783653e-02,-1.642808147469951630e+00,2.355055855169648493e-01,3.506099061294433439e-02,-2.178912754734926072e+00,-1.187664399936134929e+00,6.978252051739801398e-02,-1.108143049977470929e+00,-5.596790180643373969e-01,3.245814611079556045e-02
6.400000000000000133e-02,4.377309016609422926e-02,4.722408632029661559e-04,2.519143957611413853e-02,3.967970349278004960e-02,2.871413597456262679e-02,4.447335786278205916e-03,-2.116704904402544329e-02,3.542888980957669808e-03,4.651526354072288427e-03,-1.015270340999428061e-01,-6.223460652445059194e-02,-5.316241441845282779e-03,1.419514967034984920e-02,-1.535747848551345385e-01,4.863423418087808869e-02,1.328810082088915934e-02,4.397681264610931763e-03,-6.983162108140783531e-02,-6.285317373039056577e-02,-2.515602579295173058e-02,-4.391461556666387267e-02,7.490011069271496069e-03,3.715923820603128647e-02,2.763972761704103220e-02,2.287247911365142272e-03,7.182238691401510167e-02,4.968299621047567866e-02,9.206538485355419965e-02,5.009354895139252889e-02,3.143665729078870541e-02,1.318716624713722751e-02,-2.637852378456217659e-02,-2.491770501941781291e-02,2.554378009656854687e-03,-2.039785381556515759e-02,-6.717322442794326776e-03,1.350026471876677667e-02,1.296054143878766496e-02,1.286648781072230290e-02,-1.592443273949226690e+00,2.531260162689190629e-01,-1.957514277780535161e-02,-1.641966417786460131e+00,2.316675822210969016e-01,3.941525095496818676e-02,-2.179341418496049343e+00,-1.187493602616748856e+00,6.413266261255398670e-02,-1.105606987874335756e+00,-5.629967513805763657e-01,2.933245587869738949e-02
6.500000000000000222e-02,4.296551043464204994e-02,1.895161985210336297e-04,2.535822144341670636e-02,4.003682474183545281e-02,2.925616965816635329e-02,5.099276546017605938e-03,-2.051243103145017344e-02,4.306594020389908906e-03,5.504678207915336685e-03,-1.011516350740588877e-01,-6.160002829635249227e-02,-4.722701450293076419e-03,1.493955220673459650e-02,-1.545988263608694957e-01,4.989230156601509591e-02,1.360089476206916177e-02,4.192244264033195833e-03,-7.066561793096459709e-02,-6.511837862448333070e-02,-2.663478791547512978e-02,-4.518622003077287647e-02,6.636970727628810351e-03,3.599635589614269549e-02,2.595714662110681914e-02,1.923480131746480026e-03,7.049667924027591681e-02,4.873312062032608000e-02,9.136558341818769302e-02,4.936940289550253297e-02,3.091021891289758017e-02,1.303578997132559536e-02,-2.602069896782532865e-02,-2.457915109104646945e-02,2.797734455107115260e-03,-1.998518860048228638e-02,-6.265599260023789994e-03,1.397972171183736560e-02,1.369476681856898227e-02,1.359818339693941169e-02,-1.592403555719645203e+00,2.533232107704768699e-01,-1.909342479371205215e-02,-1.641137312902529066e+00,2.278626939667049989e-01,4.371690196674016260e-02,-2.179747319523980487e+00,-1.187051323848356654e+00,5.833614354128568991e-02,-1.102979166337920702e+00,-5.663723838695512436e-01,2.640753299407810895e-02
6.600000000000000311e-02,4.214054433325056109e-02,-9.269169345493821766e-05,2.552376235069076307e-02,4.038690751387186140e-02,2.979388346017586633e-02,5.758142855744274868e-03,-1.984232663563467725e-02,5.073251831522185284e-03,6.355238796366791121e-03,-1.007393939638641100e-01,-6.094834453980471634e-02,-4.134908400375448580e-03,1.567050025452942572e-02,-1.555707985145775574e-01,5.115108395682633341e-02,1.391584849832883282e-02,3.988018568193307800e-03,-7.146419455415209399e-02,-6.736833740402481396e-02,-2.809902144311271499e-02,-4.644775421316804653e-02,5.796904526849999684e-03,3.482370427822312209e-02,2.425644099596757641e-02,1.536279791400918526e-03,6.913031873839781127e-02,4.777748113721491663e-02,9.065265491472906945e-02,4.863237813057199460e-02,3.036424363820477978e-02,1.287777191935468753e-02,-2.564776120148293259e-02,-2.423002160224487639e-02,3.049100920755165589e-03,-1.956425455858479268e-02,-5.812591774487341212e-03,1.445134470508158131e-02,1.442309200816562810e-02,1.432733558132959217e-02,-1.592369640916639462e+00,2.535474680662995195e-01,-1.865206559660449737e-02,-1.640319929313938552e+00,2.240912758599994115e-01,4.796245724160305007e-02,-2.180128230108642207e+00,-1.186347200778433697e+00,5.240991497426478185e-02,-1.100261246332895126e+00,-5.698115776611042405e-01,2.368981802035761280e-02
6.700000000000000400e-02,4.129834750692953915e-02,-3.744216571757164047e-04,2.568787546104056574e-02,4.072992563416333311e-02,3.032729808662093518e-02,6.423936024778420517e-03,-1.915695397930949895e-02,5.842646778237092775e-03,7.203307453693685858e-03,-1.002901021791591241e-01,-6.027964496803875361e-02,-3.553044952147033086e-03,1.638734476927794503e-02,-1.564901875630613226e-01,5.240841354470360258e-02,1.423234970840514535e-02,3.785296546282790331e-03,-7.222674509792748054e-02,-6.960127655424575011e-02,-2.954779968088239173e-02,-4.769821193539547366e-02,4.970468878360279064e-03,3.364201814749767649e-02,2.253855698969298160e-02,1.126155990038846255e-03,6.772441242469362521e-02,4.681409898996236746e-02,8.992502515291755927e-02,4.788233719650669684e-02,2.979921192475945210e-02,1.271312302431271135e-02,-2.525991742628841408e-02,-2.387038546617173060e-02,3.308148387068055030e-03,-1.913529132818370115e-02,-5.358664703158044773e-03,1.491484236038020939e-02,1.514493497044089310e-02,1.505342347115792324e-02,-1.592344046509761357e+00,2.537963665700332383e-01,-1.825032812764207368e-02,-1.639513451851077663e+00,2.203534570136144732e-01,5.214932677491543322e-02,-2.180480744422410133e+00,-1.185392687406032319e+00,4.637337516862682918e-02,-1.097455503080066119e+00,-5.733216968220408161e-01,2.118578204133258688e-02
6.800000000000000488e-02,4.043907549562521936e-02,-6.557124325436980428e-04,2.585037395394707005e-02,4.106585286564223836e-02,3.085643448155961366e-02,7.096657499325420559e-03,-1.845653115560352830e-02,6.614563271029716418e-03,8.048983529058252942e-03,-9.980355108133265318e-02,-5.959401916913466962e-02,-2.977293781966316999e-03,1.708943662910744621e-02,-1.573564795066864086e-01,5.366212276604453990e-02,1.454978602480005989e-02,3.584370301735973364e-03,-7.295266378908316085e-02,-7.181542261223938795e-02,-3.098019622176950705e-02,-4.893658720079718805e-02,4.158319809372202670e-03,3.245203196169832438e-02,2.080444082223698032e-02,6.936175783507358972e-04,6.628006737462131814e-02,4.584099567355748306e-02,8.918112056645410846e-02,4.711914263128313962e-02,2.921560346214249412e-02,1.254185326448453708e-02,-2.485737512409036398e-02,-2.350031221269002421e-02,3.574547076796275036e-03,-1.869853839675572615e-02,-4.904182591835227513e-03,1.536992436547102159e-02,1.585971468660130057e-02,1.577592323375867286e-02,-1.592329284874875572e+00,2.540674643649682429e-01,-1.788743211062943095e-02,-1.638717067510844227e+00,2.166493700196714389e-01,5.627517014237627679e-02,-2.180801473695135329e+00,-1.184198898504272623e+00,4.024646494939837504e-02,-1.094564212932903846e+00,-5.769101080156664452e-01,1.890221168281332187e-02
6.900000000000000577e-02,3.956288374013918613e-02,-9.366026550958751447e-04,2.601107101841160230e-02,4.139466290733651022e-02,3.138131382508468903e-02,7.776308866946469479e-03,-1.774127622835663942e-02,7.388785768557504241e-03,8.892366386363370623e-03,-9.927953198440864213e-02,-5.889155660773883610e-02,-2.407837582834027046e-03,1.777612663035244359e-02,-1.581691601003361314e-01,5.491004428804346915e-02,1.486754502340348338e-02,3.385531694916732448e-03,-7.364134493791407721e-02,-7.400900216531303144e-02,-3.239528494246357582e-02,-5.016187419661033431e-02,3.361112970667435185e-03,3.125447985164431230e-02,1.905503866850155603e-02,2.391731629725057928e-04,6.479839070012483049e-02,4.485619292900722144e-02,8.841936820582718681e-02,4.634265696655992528e-02,2.861389716714260109e-02,1.236397167864389246e-02,-2.444034234545024858e-02,-2.311987199930065282e-02,3.847966396902435804e-03,-1.825423511056722958e-02,-4.449509808833962410e-03,1.581630147322776736e-02,1.656685119020462685e-02,1.649430819832022749e-02,-1.592327864035439910e+00,2.543583009062547196e-01,-1.756255703874319563e-02,-1.637929965369613550e+00,2.129791507820389951e-01,6.033789300658739391e-02,-2.181087046783817485e+00,-1.182776611475734541e+00,3.404960071186799442e-02,-1.091589653653419312e+00,-5.805841798304128831e-01,1.684620061472547753e-02
7.000000000000000666e-02,3.866992758797607038e-02,-1.217130856209003298e-03,2.616977984594415219e-02,4.171632939283753672e-02,3.190195753171343185e-02,8.462891861058974285e-03,-1.701140723238658836e-02,8.165098779248314287e-03,9.733555404087823604e-03,-9.871783615606188889e-02,-5.817234662670880269e-02,-1.844859064543680205e-03,1.844676548353163179e-02,-1.589277148545451546e-01,5.615001099493621695e-02,1.518501421434148568e-02,3.189072364793155579e-03,-7.429218294123662858e-02,-7.618024184904736984e-02,-3.379213999893027065e-02,-5.137306729694701701e-02,2.579503645190328598e-03,3.005009563235638489e-02,1.729129664316175763e-02,-2.366688863277843780e-04,6.328048952957709972e-02,4.385771272260319265e-02,8.763819572539111036e-02,4.555274272476683706e-02,2.799457118364934161e-02,1.217948638630719262e-02,-2.400902773190363021e-02,-2.272913561991840581e-02,4.128074884862885895e-03,-1.780262068502436179e-02,-3.995010539222576540e-03,1.625368553486872258e-02,1.726576559570736080e-02,1.720804896864747136e-02,-1.592342287926795885e+00,2.546663988002921264e-01,-1.727484514092963996e-02,-1.637151336496505571e+00,2.093429383893351814e-01,6.433564276231126811e-02,-2.181334110742591648e+00,-1.181136269947598016e+00,2.780360179189211856e-02,-1.088534104745610742e+00,-5.843512817950471394e-01,1.502513699450252344e-02
7.100000000000000755e-02,3.776036229911763908e-02,-1.497335463330528920e-03,2.632631362340065451e-02,4.203082588879291509e-02,3.241838724914503089e-02,9.156408365482702691e-03,-1.626714217372615678e-02,8.943286862985289076e-03,1.057264997512730176e-02,-9.811825481861635723e-02,-5.743647844872181579e-02,-1.288540953670480604e-03,1.910070380969510970e-02,-1.596316290367812141e-01,5.737985597464945187e-02,1.550158103394494447e-02,2.995283749612109858e-03,-7.490457228482583218e-02,-7.832736834480868993e-02,-3.516983582177379830e-02,-5.256916106667031130e-02,1.814146757410650679e-03,2.883961281457603221e-02,1.551416078724665581e-02,-7.334004274786032340e-04,6.172747099034969764e-02,4.284357722472176278e-02,8.683603136498341257e-02,4.474926241760401879e-02,2.735810288670093016e-02,1.198840461274766275e-02,-2.356364053301465353e-02,-2.232817451156465793e-02,4.414540159423996357e-03,-1.734393421551194692e-02,-3.541048779504673682e-03,1.668178952700660397e-02,1.795588012141635659e-02,1.791661354638662482e-02,-1.592375056682893142e+00,2.549892656614206610e-01,-1.702340432647272972e-02,-1.636380373866980875e+00,2.057408750287687271e-01,6.826680334512369441e-02,-2.181539331390883074e+00,-1.179287989102024481e+00,2.152961313874196536e-02,-1.085399847846483912e+00,-5.882187830661310679e-01,1.344668722796767656e-02
7.200000000000000844e-02,3.683434305172663542e-02,-1.777254800232164200e-03,2.648048552565552063e-02,4.233812589340679722e-02,3.293062485740393813e-02,9.856860419034774168e-03,-1.550869902982920934e-02,9.723134632866337057e-03,1.140974950662965171e-02,-9.748057915001995255e-02,-5.668404117783711754e-02,-7.390659934043419810e-04,1.973729213716282280e-02,-1.602803876728702559e-01,5.859741250580841054e-02,1.581663283775025172e-02,2.804457106579949944e-03,-7.547790754537286873e-02,-8.044860837642753282e-02,-3.652744711134658928e-02,-5.374915026617177460e-02,1.065696883360445213e-03,2.762376461660753790e-02,1.372457705639718029e-02,-1.250513535127062426e-03,6.014044219395752594e-02,4.181180878830969422e-02,8.601130392639033673e-02,4.393207854585145372e-02,2.670496889061491075e-02,1.179073271858799288e-02,-2.310439061842428643e-02,-2.191706075903931961e-02,4.707028875897467657e-03,-1.687841468847528503e-02,-3.087988332639123989e-03,1.710032757247903490e-02,1.863661810670036445e-02,1.861946746422926680e-02,-1.592428666944935900e+00,2.553243960459961603e-01,-1.680731110667221806e-02,-1.635616272276787297e+00,2.021731059407186615e-01,7.212998923026793519e-02,-2.181699393877535531e+00,-1.177241562729675728e+00,1.524902429602750797e-02,-1.082189167174625100e+00,-5.921940507719568592e-01,1.211877640931034554e-02
7.300000000000000933e-02,3.589202494778412356e-02,-2.056927087274562204e-03,2.663210870810450714e-02,4.263820283494945684e-02,3.343869246835583925e-02,1.056425022017748461e-02,-1.473629574973678302e-02,1.050442675703155970e-02,1.224495341984210839e-02,-9.680460028479531687e-02,-5.591512380106092306e-02,-1.966169432270348238e-04,2.035588089864351011e-02,-1.608734755485381474e-01,5.980051404504482804e-02,1.612955689444461882e-02,2.616883530578206773e-03,-7.601158339207314540e-02,-8.254218870575380507e-02,-3.786404883260940935e-02,-5.491202985698340200e-02,3.348082612473213260e-04,2.640328397633995294e-02,1.192349131078351832e-02,-1.787500488055204567e-03,5.852051022375626133e-02,4.076042992717709285e-02,8.516244274496242994e-02,4.310105360041038836e-02,2.603564506110522814e-02,1.158647623372255353e-02,-2.263148848504448196e-02,-2.149586709762241199e-02,5.005206686072406243e-03,-1.640630099244955176e-02,-2.636192803255443806e-03,1.750901495480805536e-02,1.930740402331476702e-02,1.931607392859957528e-02,-1.592505612191510656e+00,2.556692734638770226e-01,-1.662561349296212687e-02,-1.634858228256294677e+00,1.986397794137838846e-01,7.592403865022050169e-02,-2.181811003238665947e+00,-1.175006471986783652e+00,8.983385760267414977e-03,-1.078904350036361759e+00,-5.962844479956523891e-01,1.104956578410274705e-02
7.400000000000001021e-02,3.493356301864050661e-02,-2.336390441701751818e-03,2.678099629900331999e-02,4.293103007024923201e-02,3.394261242560903113e-02,1.127858013173677239e-02,-1.395015025421919574e-02,1.128694796056661787e-02,1.307836114995897248e-02,-9.609010931496307639e-02,-5.512981518991490887e-02,3.386234215483341901e-04,2.095582042877388793e-02,-1.614103772110493662e-01,6.098699421457532549e-02,1.643974038066531307e-02,2.432853971897852574e-03,-7.650499458790571694e-02,-8.460633612683832183e-02,-3.917871620969970436e-02,-5.605679500825333506e-02,-3.778651974242208667e-04,2.517890356337204594e-02,1.011184930660036230e-02,-2.343853755212510492e-03,5.686878212515855679e-02,3.968746329422812025e-02,8.428787765671819088e-02,4.225605006445486839e-02,2.535060653130560490e-02,1.137563989538836751e-02,-2.214514525962174227e-02,-2.106466691386899015e-02,5.308738202838281239e-03,-1.592783192871216613e-02,-2.186025592946005958e-03,1.790756812619243021e-02,1.996766348067335536e-02,2.000589397139940218e-02,-1.592608383089835655e+00,2.560213724673142122e-01,-1.647733387119636184e-02,-1.634105439985231945e+00,1.951410468198482018e-01,7.964800606081365308e-02,-2.181870884946983224e+00,-1.172591895828876574e+00,2.754323841024475250e-03,-1.075547687389534879e+00,-6.004973313787094202e-01,1.024742755868407809e-02
7.500000000000001110e-02,3.395911223050898653e-02,-2.615682877943114725e-03,2.692696139162231717e-02,4.321658088317770208e-02,3.444240730479154050e-02,1.199985268569170316e-02,-1.315048043588307007e-02,1.207048302747892876e-02,1.391007214598261217e-02,-9.533689729094385612e-02,-5.432820410203254013e-02,8.664723103697370395e-04,2.153646096206873750e-02,-1.618905769709277909e-01,6.215468678997737584e-02,1.674657037658455749e-02,2.252659253024535957e-03,-7.695753599071686324e-02,-8.663927745849964168e-02,-4.047052472018242142e-02,-5.718244110402848079e-02,-1.071669896328675264e-03,2.395135579112217181e-02,8.290596689087159632e-03,-2.919065980557800088e-03,5.518636489829731318e-02,3.859093165977389717e-02,8.338603896125373893e-02,4.139693041662084738e-02,2.465032772160569152e-02,1.115822769011209914e-02,-2.164557269683963989e-02,-2.062353424454066442e-02,5.617286969579192955e-03,-1.544324622118686818e-02,-1.737849895464549377e-03,1.829570470884434030e-02,2.061682322491353858e-02,2.068838661036354054e-02,-1.592739467867821501e+00,2.563781608172178705e-01,-1.636147185218349287e-02,-1.633357107207856762e+00,1.916770626885530016e-01,8.330115388670124299e-02,-2.181875785450229976e+00,-1.170006723087253508e+00,-3.416544811500138445e-03,-1.072121474464945656e+00,-6.048400483248088655e-01,9.720917355617461619e-03
7.600000000000001199e-02,3.296882748987808864e-02,-2.894842307934020198e-03,2.706981703622624025e-02,4.349482848309449423e-02,3.493809991422036632e-02,1.272807058804170666e-02,-1.233750415925483068e-02,1.285481680275468719e-02,1.474018587058978369e-02,-9.454475522243255270e-02,-5.351037918280887595e-02,1.386746918168757286e-03,2.209715263130140883e-02,-1.623135589037423554e-01,6.330142568814656201e-02,1.704943386218671364e-02,2.076590084472140774e-03,-7.736860255419575338e-02,-8.863923953501373632e-02,-4.173855008896287799e-02,-5.828796375134670527e-02,-1.745952542442807953e-03,2.272137282879827316e-02,6.460678987012968832e-03,-3.512629966906377632e-03,5.347436549307094805e-02,3.746885789005549583e-02,8.245535738080889132e-02,4.052355713509836477e-02,2.393528236318998026e-02,1.093424289930933213e-02,-2.113298317318124120e-02,-2.017254377371813234e-02,5.930515434457994672e-03,-1.495278252523002394e-02,-1.292028691700419785e-03,1.867314348951953917e-02,2.125431113158482432e-02,2.136300901766485447e-02,-1.592901352706739493e+00,2.567371017267581212e-01,-1.627700709891535813e-02,-1.632612431148580789e+00,1.882479848204039463e-01,8.688294357752421315e-02,-2.181822472696429038e+00,-1.167259566147626160e+00,-9.507697818201710227e-03,-1.068628011445536652e+00,-6.093199337825878636e-01,9.478744588449685565e-03
7.700000000000001288e-02,3.196286364886116727e-02,-3.173906541454218477e-03,2.720937623186347673e-02,4.376574600326765818e-02,3.542971329594557517e-02,1.346323672376747820e-02,-1.151143926083442355e-02,1.363973419448294422e-02,1.556880180001707359e-02,-9.371347407924535133e-02,-5.267642896710889033e-02,1.899264426191038307e-03,2.263724546632817081e-02,-1.626788068519345043e-01,6.442504495536516274e-02,1.734771771417342734e-02,1.904937079679314138e-03,-7.773758932881413841e-02,-9.060444919472310232e-02,-4.298186828182792851e-02,-5.937235878908664333e-02,-2.400060133949555308e-03,2.148968661315731055e-02,4.623041608534439462e-03,-4.124038659006679965e-03,5.173389080649881677e-02,3.631926492610393353e-02,8.149426401584136670e-02,3.963579270252903797e-02,2.320594352517968417e-02,1.070368814828048798e-02,-2.060758967675946352e-02,-1.971177082813913017e-02,6.248084929629360573e-03,-1.445667943484796152e-02,-8.489247442282632505e-04,1.903960440703045265e-02,2.187955619179726696e-02,2.202921669639845356e-02,-1.593096522154336281e+00,2.570956561822685948e-01,-1.622290213125568425e-02,-1.631870614428067467e+00,1.848539744375905791e-01,9.039302600634345486e-02,-2.181707736643542450e+00,-1.164358776184128308e+00,-1.549778961831121959e-02,-1.065069604203409348e+00,-6.139443065849723435e-01,9.529740999738977453e-03
7.800000000000001377e-02,3.094137551046241205e-02,-3.452913286474235122e-03,2.734545191797144517e-02,4.402930649923542800e-02,3.591727072718464697e-02,1.420535416188384303e-02,-1.067250354912063770e-02,1.442502017606095421e-02,1.639601942395430001e-02,-9.284284479214388597e-02,-5.182644188107277117e-02,2.403842002943079592e-03,2.315608939336444641e-02,-1.629858044266641326e-01,6.552337875545610757e-02,1.764080870342122145e-02,1.737990768979624789e-03,-7.806389146284242742e-02,-9.253313326632327251e-02,-4.419955549860299371e-02,-6.043462229757957244e-02,-3.033339947952296001e-03,2.025702885992597749e-02,2.778629838382062466e-03,-4.752785126035607988e-03,4.996604768228829485e-02,3.514017576308070545e-02,8.050119029745685106e-02,3.873349961157579457e-02,2.246278364527665508e-02,1.046656545832247431e-02,-2.006960579332561431e-02,-1.924129137078578466e-02,6.569655655484396561e-03,-1.395517548792124529e-02,-4.089005912799592579e-04,1.939480853254460513e-02,2.249198849166500480e-02,2.268646366463800135e-02,-1.593327459558340875e+00,2.574512853414192004e-01,-1.619810510916665225e-02,-1.631130860979826291e+00,1.814951963714598882e-01,9.383123124175915541e-02,-2.181528389751161701e+00,-1.161312459896101990e+00,-2.136573075571449043e-02,-1.061448565094771590e+00,-6.187204653219858796e-01,9.882827574456682154e-03
7.900000000000001465e-02,2.990451783378158743e-02,-3.731900149513300846e-03,2.747785696578342041e-02,4.428548294711465161e-02,3.640079572214416359e-02,1.495442616059650121e-02,-9.820914804618663396e-03,1.521045978847546110e-02,1.722193824546502938e-02,-9.193265825363328148e-02,-5.096050624402570506e-02,2.900296805236290965e-03,2.365303423472431277e-02,-1.632340350096639636e-01,6.659426135796930879e-02,1.792809349292490140e-02,1.576041612646683632e-03,-7.834690420349765816e-02,-9.442351855265052052e-02,-4.539068816587521482e-02,-6.147375060893622845e-02,-3.645139528108742432e-03,1.902413107478961862e-02,9.283888362667802596e-04,-5.398362543716840080e-03,4.817194291251825772e-02,3.392961343021783094e-02,7.947456793707673162e-02,3.781654037104331678e-02,2.170627456376328368e-02,1.022287630171403623e-02,-1.951924568869056742e-02,-1.876118199275911280e-02,6.894886669975619498e-03,-1.344850916893314263e-02,2.768146006726368569e-05,1.973847804243833437e-02,2.309103918487664941e-02,2.333420264678976244e-02,-1.593596647520369114e+00,2.578014530086618628e-01,-1.620155259585595586e-02,-1.630392375967318230e+00,1.781718192854507554e-01,9.719755772465253629e-02,-2.181281267451836037e+00,-1.158128497689817404e+00,-2.709076273423269288e-02,-1.057767213812958573e+00,-6.236556837235543993e-01,1.054698000661069730e-02
8.000000000000001554e-02,2.885244533914235049e-02,-4.010904636015499847e-03,2.760640416954318610e-02,4.453424824184448738e-02,3.688031203422514892e-02,1.571045617257338378e-02,-8.956890779819648429e-03,1.599583814266347659e-02,1.804665778091019135e-02,-9.098270531872731937e-02,-5.007871027052157586e-02,3.388445979322973756e-03,2.412742970903725137e-02,-1.634229817550781061e-01,6.763552712636800024e-02,1.820895863615579202e-02,1.419380013039095445e-03,-7.858602289833482857e-02,-9.627383181176307758e-02,-4.655434292928006812e-02,-6.248874031804741574e-02,-4.234806672269719741e-03,1.779172456385280654e-02,-9.267363635379055609e-04,-6.060264176267260439e-03,4.635268324132901796e-02,3.268560097149419974e-02,7.841282887369871446e-02,3.688477751241459046e-02,2.093688756076872437e-02,9.972621659251501569e-03,-1.895672408777659967e-02,-1.827151990346065347e-02,7.223435883105367751e-03,-1.293691890873027717e-02,4.604593416792646110e-04,2.007033618346731538e-02,2.367614045824328883e-02,2.397188527203697461e-02,-1.593906568370323962e+00,2.581436281879749273e-01,-1.623217230249651699e-02,-1.629654365701593610e+00,1.748840159321697618e-01,1.004921608796826155e-01,-2.180963228599644310e+00,-1.154814563242588576e+00,-3.265252731708270795e-02,-1.054027878299660381e+00,-6.287572055289443185e-01,1.153119286053400951e-02
8.100000000000001643e-02,2.778537636589486354e-02,-4.289971727180930117e-03,2.773090369770736183e-02,4.477556688567974758e-02,3.735582665703685024e-02,1.647338922083374513e-02,-8.080727420823219376e-03,1.678094246328143413e-02,1.887030085279306491e-02,-8.999284650060435098e-02,-4.918113703746618270e-02,3.868164803049634060e-03,2.457876981365947691e-02,-1.635522008347261302e-01,6.864527348584825717e-02,1.848287141144711043e-02,1.268200412539055577e-03,-7.878094887779152344e-02,-9.808244474784988398e-02,-4.768973771178730559e-02,-6.347854237956163104e-02,-4.801804466497472390e-03,1.656053606321084004e-02,-2.785762219876364298e-03,-6.737912045287952623e-03,4.450943848253485075e-02,3.140654113841145900e-02,7.731452480677260264e-02,3.593808782600316221e-02,2.015516105573977867e-02,9.715834505132026067e-03,-1.838230866809897890e-02,-1.777243844228726388e-02,7.554952244975154073e-03,-1.242066146082754056e-02,8.890856979331118737e-04,2.039013136192791009e-02,2.424677623220672373e-02,2.459893611193209040e-02,-1.594258972737139901e+00,2.584756424462975044e-01,-1.628891348997012212e-02,-1.628916470586379672e+00,1.716322390521451136e-01,1.037153335440587076e-01,-2.180571302105289266e+00,-1.151378143917423547e+00,-3.803426770647450050e-02,-1.050233737137772794e+00,-6.340299485707875382e-01,1.284063938024930518e-02
8.200000000000001732e-02,2.670378382878648912e-02,-4.569176632260862035e-03,2.785115548098637817e-02,4.500937008695738567e-02,3.782727879454973047e-02,1.724293601557169708e-02,-7.193033534503179283e-03,1.756556821103228208e-02,1.969308346528553244e-02,-8.896322106297338550e-02,-4.826784938675077186e-02,4.339561091722288211e-03,2.500712593527154581e-02,-1.636215411539548026e-01,6.962264981822308130e-02,1.874962235677557487e-02,1.122313616015446769e-03,-7.893260705422289192e-02,-9.984830902202102010e-02,-4.879665487323103790e-02,-6.444192436751761122e-02,-5.346056399997412001e-03,1.533127460692851329e-02,-4.647550777227227314e-03,-7.430443005016940106e-03,4.264363085424970751e-02,3.009235548386923753e-02,7.617868583821829631e-02,3.497640513413102781e-02,1.936190361618716702e-02,9.452677266274632159e-03,-1.779647720771260211e-02,-1.726429362718429061e-02,7.889052490110071147e-03,-1.190006682580513515e-02,1.313271423027284612e-03,2.069770913892376996e-02,2.480263407036131795e-02,2.521467505719066082e-02,-1.594652685798964242e+00,2.587967519011752371e-01,-1.637083575704141591e-02,-1.628180063963384550e+00,1.684180417212515213e-01,1.068674155430129474e-01,-2.180103107090180181e+00,-1.147826626583409615e+00,-4.323226105450941881e-02,-1.046391341981214529e+00,-6.394696364617713513e-01,1.446524493485843929e-02
8.300000000000001821e-02,2.560820425643963588e-02,-4.848602101095612384e-03,2.796695685264083409e-02,4.523558073985124023e-02,3.829459081635055995e-02,1.801874884711862634e-02,-6.294496126164172978e-03,1.834951295117770442e-02,2.051524492118339538e-02,-8.789403794858198504e-02,-4.733890504232096674e-02,4.802800745395519044e-03,2.541271364615349526e-02,-1.636309245965626158e-01,7.056706845716576026e-02,1.900908281315949466e-02,9.814346244554350562e-04,-7.904222820059027266e-02,-1.015705211880919556e-01,-4.987501794808490985e-02,-6.537760821160797098e-02,-5.867601194805782683e-03,1.410464467487893003e-02,-6.510925541112656291e-03,-8.136922719961692252e-03,4.075674563293363306e-02,2.874334517420207291e-02,7.500446153677041428e-02,3.399967774909917750e-02,1.855799100868349427e-02,9.183344830484330146e-03,-1.719976015741364606e-02,-1.674749754245130617e-02,8.225344904503995025e-03,-1.137548270275123841e-02,1.732742498594230796e-03,2.099293913080657603e-02,2.534345241536462012e-02,2.581839719693901358e-02,-1.595085805823972303e+00,2.591065687643007709e-01,-1.647703259214161609e-02,-1.627446952718820006e+00,1.652432389660010437e-01,1.099487127992576779e-01,-2.179556378976775122e+00,-1.144167425683160655e+00,-4.824635606178273584e-02,-1.042508088396329136e+00,-6.450696827850528337e-01,1.639112271587679984e-02
8.400000000000001910e-02,2.449917414959059542e-02,-5.128330858138241410e-03,2.807810508527808571e-02,4.545412174112417603e-02,3.875768524810885990e-02,1.880048021951852277e-02,-5.385802175789321765e-03,1.913257430797221659e-02,2.133702453056152137e-02,-8.678550608747447048e-02,-4.639436164884270380e-02,5.258049605813219785e-03,2.579574832028220036e-02,-1.635802727830537873e-01,7.147794169380539131e-02,1.926112409709324069e-02,8.452785557087061363e-04,-7.911104305775706891e-02,-1.032481776621296810e-01,-5.092475056368206410e-02,-6.628431611097695964e-02,-6.366477748112497892e-03,1.288135057908590571e-02,-8.374710107658778213e-03,-8.856416967382596539e-03,3.885026804241276110e-02,2.735981126024622512e-02,7.379100127210591609e-02,3.300785427370067637e-02,1.774429859194492573e-02,8.908032226851325674e-03,-1.659268815272030295e-02,-1.622246276739591764e-02,8.563437229363035641e-03,-1.084725597206803900e-02,2.147225548174258591e-03,2.127569065464207654e-02,2.586896969277363914e-02,2.640939935418895601e-02,-1.595556436144945689e+00,2.594047117407072833e-01,-1.660660416653977900e-02,-1.626718944215636231e+00,1.621096307988166008e-01,1.129594895562989615e-01,-2.178928813648116858e+00,-1.140408000286110779e+00,-5.307681051477614043e-02,-1.038591372849067884e+00,-6.508234872056127829e-01,1.860440148732151952e-02
8.500000000000001998e-02,2.337722999402760612e-02,-5.408445607598256002e-03,2.818439738369373990e-02,4.566491598990429085e-02,3.921648476744010736e-02,1.958778285475437642e-02,-4.467638635107462619e-03,1.991454996098385166e-02,2.215866161357338618e-02,-8.563783439837724387e-02,-4.543427677419886040e-02,5.705473458464727088e-03,2.615644514054560679e-02,-1.634695070760117386e-01,7.235468176974446664e-02,1.950561750135415551e-02,7.135606375077152563e-04,-7.914028233371260546e-02,-1.048803747045083945e-01,-5.194577643246401505e-02,-6.716077053491753546e-02,-6.842725124490467437e-03,1.166209646906013302e-02,-1.023772816380619059e-02,-9.587991618710933750e-03,3.692568325813683217e-02,2.594205466723930806e-02,7.253745415409529329e-02,3.200088360937813903e-02,1.692170137516457729e-02,8.626934698697130699e-03,-1.597579196159815140e-02,-1.568960232687954814e-02,8.902936711792985847e-03,-1.031573260123153091e-02,2.556447824698437898e-03,2.154583258447040350e-02,2.637892422048704333e-02,2.698698029191026748e-02,-1.596062684761767381e+00,2.596908129860122649e-01,-1.675865708586679603e-02,-1.625997846292891458e+00,1.590190025567962684e-01,1.158999673368582839e-01,-2.178218062687423906e+00,-1.136555851018047569e+00,-5.772427335899252276e-02,-1.034648591787644900e+00,-6.567244397535265676e-01,2.109124557209390849e-02
8.600000000000002087e-02,2.224290827335398055e-02,-5.689029038655558750e-03,2.828563087762272707e-02,4.586788638746419622e-02,3.967091220013818642e-02,2.038030969715309837e-02,-3.540692424489400025e-03,2.069523764119685083e-02,2.298039550363206729e-02,-8.445123179000324498e-02,-4.445870791229066671e-02,6.145238034174660413e-03,2.649501910617679812e-02,-1.632985485847842366e-01,7.319670086941654219e-02,1.974243429561564275e-02,5.859961997969341833e-04,-7.913117670258998371e-02,-1.064662084005947307e-01,-5.293801934381914265e-02,-6.800569422353941462e-02,-7.296382548592550421e-03,1.044758633636266691e-02,-1.209880348694536423e-02,-1.033071262117690736e-02,3.498447641271296149e-02,2.449037618653404635e-02,7.124296897392889960e-02,3.097871496191562102e-02,1.609107407906895659e-02,8.340247773730435910e-03,-1.534960243230098879e-02,-1.514932964026316498e-02,9.243450155542731750e-03,-9.781257544975385798e-03,2.960137201466928047e-03,2.180323320291854827e-02,2.687305411631868077e-02,2.755044092588176952e-02,-1.596602663916676157e+00,2.599645254963742214e-01,-1.693230436116997806e-02,-1.625285467262886030e+00,1.559731252357538511e-01,1.187703239280023804e-01,-2.177421729078076851e+00,-1.132618514777200547e+00,-6.218976659683289610e-02,-1.030687140787610367e+00,-6.627659251353648084e-01,2.383787222079418455e-02
8.700000000000002176e-02,2.109674548158668728e-02,-5.970163830736563426e-03,2.838160261440527549e-02,4.606295583702380014e-02,4.012089051674339046e-02,2.117771391797429459e-02,-2.605650429684747138e-03,2.147443512688340661e-02,2.380246555099629902e-02,-8.322590716228495111e-02,-4.346771248616709826e-02,6.577509010195381478e-03,2.681168504045139400e-02,-1.630673181695015128e-01,7.400341111178621034e-02,1.997144572685829317e-02,4.623006663875273148e-04,-7.908495680348906487e-02,-1.080047746401002623e-01,-5.390140315554558387e-02,-6.881781018829435936e-02,-7.727489398319243620e-03,9.238524018352123335e-03,-1.395675994402223452e-02,-1.108364597966549070e-02,3.302813260257142502e-02,2.300507646908300785e-02,6.990669414725259045e-02,2.994129784473553366e-02,1.525329119951601697e-02,8.048167331313749173e-03,-1.471465044153097423e-02,-1.460205846892925589e-02,9.584583971725901819e-03,-9.244174639796653992e-03,3.358022166794150110e-03,2.204776004832931235e-02,2.735109720380268783e-02,2.809908454450216198e-02,-1.597174489642362527e+00,2.602255309319254084e-01,-1.712666559901250551e-02,-1.624583615906412426e+00,1.529737558207124870e-01,1.215706923875735646e-01,-2.176537363369775768e+00,-1.128603557400084778e+00,-6.647466702842064201e-02,-1.026714413760167144e+00,-6.689413270541981760e-01,2.683056631778959686e-02
8.800000000000002265e-02,1.993927813559226089e-02,-6.251932658869031358e-03,2.847210955156345355e-02,4.625004724354297991e-02,4.056634282944182601e-02,2.197964892017978400e-02,-1.663199498397549547e-03,2.225194023925114450e-02,2.462511112674770075e-02,-8.196206940753734960e-02,-4.246134785149813240e-02,7.002452010788751124e-03,2.710665759866115465e-02,-1.627757364444104848e-01,7.477422454136517516e-02,2.019252301956544690e-02,3.421895459232437986e-04,-7.900285323910007096e-02,-1.094951690951555534e-01,-5.483585178486150707e-02,-6.959584171231104899e-02,-8.136085198481524117e-03,8.035613201117453031e-03,-1.581042149012601428e-02,-1.184585773889956783e-02,3.105813689565817270e-02,2.148645602058163462e-02,6.852777765951278965e-02,2.888858207982858417e-02,1.440922707342107145e-02,7.750889666738647321e-03,-1.407146684314986018e-02,-1.404820286251906580e-02,9.925944229474126246e-03,-8.704826492765160850e-03,3.749831822548177485e-03,2.227927975751597955e-02,2.781279091641675194e-02,2.863221703573159971e-02,-1.597776281282925481e+00,2.604735478747805533e-01,-1.734086740968798779e-02,-1.623894101466468731e+00,1.500226376139902340e-01,1.243011600670172190e-01,-2.175562460316685431e+00,-1.124518564479051408e+00,-7.058068785412591195e-02,-1.022737802224509496e+00,-6.752440325132742505e-01,3.005569237657832252e-02
8.900000000000002354e-02,1.877104278734709197e-02,-6.534418199092062451e-03,2.855694854931314919e-02,4.642908351352303259e-02,4.100719238926320287e-02,2.278576834338741711e-02,-7.140264366989334003e-04,2.302755083785479676e-02,2.544857162716329668e-02,-8.065992741155092460e-02,-4.143967130041126268e-02,7.420232607271870506e-03,2.738015127638426804e-02,-1.624237237805206402e-01,7.550855311854601237e-02,2.040553737572814788e-02,2.253784221690757761e-04,-7.888609657413095388e-02,-1.109364871971813965e-01,-5.574128919899568047e-02,-7.033851235038879324e-02,-8.522209614998388361e-03,6.839557421534525616e-03,-1.765861216656405830e-02,-1.261641396596635545e-02,2.907597433999553616e-02,1.993481519823081527e-02,6.710536701364766543e-02,2.782051779637173539e-02,1.355975594679037499e-02,7.448611552422601534e-03,-1.342058241767540849e-02,-1.348817710407157651e-02,1.026713670644685550e-02,-8.163554364610803304e-03,4.135295886825040255e-03,2.249765790432567414e-02,2.825787220034481004e-02,2.914914712142424591e-02,-1.598406160987635216e+00,2.607083405230924966e-01,-1.757404403215914734e-02,-1.623218733640749756e+00,1.471215005619695981e-01,1.269617676462417022e-01,-2.174494455993247310e+00,-1.120371130567891393e+00,-7.450986015874683233e-02,-1.018764694644880509e+00,-6.816674360735791582e-01,3.349970377588121218e-02
9.000000000000002442e-02,1.759257603605268727e-02,-6.817703133945584269e-03,2.863591636300835339e-02,4.659998755479932697e-02,4.144336258357572689e-02,2.359572606900028902e-02,2.411819947241155844e-04,2.380106481575782959e-02,2.627308647850101764e-02,-7.931969005463067324e-02,-4.040274006571032556e-02,7.831016317515704372e-03,2.763238041807980147e-02,-1.620112003075900031e-01,7.620580870924190120e-02,2.061035997461457825e-02,1.115829436111326345e-04,-7.873591733352848510e-02,-1.123278241126044463e-01,-5.661763940532393846e-02,-7.104454592860465212e-02,-8.885902449646376766e-03,5.651060068477597141e-03,-1.950015609847000064e-02,-1.339438073326482126e-02,2.708312997297568359e-02,1.835045420901293411e-02,6.563860918029851277e-02,2.673705542709203450e-02,1.270575204460566709e-02,7.141530295888820490e-03,-1.276252782277964570e-02,-1.292239565423392196e-02,1.060776693912224289e-02,-7.620698047046571035e-03,4.514144700969779933e-03,2.270275883418549148e-02,2.868607741598117392e-02,2.964918659927607072e-02,-1.599062253177379711e+00,2.609297278229293915e-01,-1.782533817383423480e-02,-1.622559322573241092e+00,1.442720615815844820e-01,1.295525081766923936e-01,-2.173330725393029184e+00,-1.116168847041709711e+00,-7.826451429896630341e-02,-1.014802475832969675e+00,-6.882049440312240085e-01,3.714914918960005724e-02
9.099999999999999756e-02,1.640441454008234601e-02,-7.101870158022993706e-03,2.870880963552237958e-02,4.676268227632141006e-02,4.187477693384211719e-02,2.440917622552563060e-02,1.201739084472741581e-03,2.457228009446454572e-02,2.709889514217556430e-02,-7.794156621257286588e-02,-3.935061132549133589e-02,8.234968604865944286e-03,2.786355922602279378e-02,-1.615380859154156579e-01,7.686540307382852544e-02,2.080686197233871937e-02,5.188123841648462076e-07,-7.855354600049427316e-02,-1.136682747174844188e-01,-5.746482644105688209e-02,-7.171266654342778324e-02,-9.227203635369995993e-03,4.470824383088878307e-03,-2.133387749191539839e-02,-1.417882410194248877e-02,2.508108883125536800e-02,1.673367310939033459e-02,6.412665055071364861e-02,2.563814570240507615e-02,1.184808964230210648e-02,6.829843794457168826e-03,-1.209783354507720787e-02,-1.235127309473549317e-02,1.094744027278782283e-02,-7.076595734325064058e-03,4.886109241189817709e-03,2.289444549486452374e-02,2.909714223837633895e-02,3.013165059266453838e-02,-1.599742683983600200e+00,2.611375930400633982e-01,-1.809390206275340862e-02,-1.621917678845189448e+00,1.414760248874894488e-01,1.320733261293849103e-01,-2.172068580515581715e+00,-1.111919288902530223e+00,-8.184726121773511220e-02,-1.010858526416226644e+00,-6.948499784769542886e-01,4.099067616783214768e-02
9.199999999999999845e-02,1.520709502876993642e-02,-7.387001983590658384e-03,2.877542488958553454e-02,4.691709058792126186e-02,4.230135909363497843e-02,2.522577319406771323e-02,2.166958174510735802e-03,2.534099461858830074e-02,2.792623712034813729e-02,-7.652576475760097807e-02,-3.828334220817497524e-02,8.632254876478118177e-03,2.807390176960389283e-02,-1.610043002544634394e-01,7.748674785537471021e-02,2.099491450121249159e-02,-1.080982274812569699e-04,-7.834021301428274742e-02,-1.149569335711433382e-01,-5.828277436244988507e-02,-7.234159856024069413e-02,-9.546153232227183594e-03,3.299553458152804097e-03,-2.315860063059416163e-02,-1.496881010585937762e-02,2.307133596108634777e-02,1.508477180635514614e-02,6.256863689250202754e-02,2.452373964238629966e-02,1.098764313852251817e-02,6.513750586504940543e-03,-1.142702985340271482e-02,-1.177522407135089648e-02,1.128576191114261280e-02,-6.531583889015646349e-03,5.250921135009800622e-03,2.307257926366724013e-02,2.949080155684313809e-02,3.059585780870888172e-02,-1.600445580659451972e+00,2.613318937739935732e-01,-1.837889870920680901e-02,-1.621295613465717711e+00,1.387350823207947337e-01,1.345241164452254667e-01,-2.170705268945758881e+00,-1.107630000842602991e+00,-8.526097371143220860e-02,-1.006940222372560312e+00,-7.015959811970892135e-01,4.501103183251469603e-02
9.299999999999999933e-02,1.400115431404591604e-02,-7.673181346274483318e-03,2.883555852007304438e-02,4.706313540006012985e-02,4.272303284688439007e-02,2.604517161400776715e-02,3.136152664388713873e-03,2.610700635028617711e-02,2.875535196190881493e-02,-7.507249455925091297e-02,-3.720098979797681338e-02,9.023040481038524518e-03,2.826362199502030145e-02,-1.604097627358307687e-01,7.806925456717042633e-02,2.117438866886756435e-02,-2.145524024790290696e-04,-7.809714876778908743e-02,-1.161928948888433233e-01,-5.907140723354498135e-02,-7.293006661122403145e-02,-9.842791423939624765e-03,2.137950236499097656e-03,-2.497314987203846925e-02,-1.576340473618964566e-02,2.105535642895484116e-02,1.340405005968792196e-02,6.096371330841066083e-02,2.339378854662621521e-02,1.012528712886373757e-02,6.193449899195346831e-03,-1.075064675388182067e-02,-1.119466323653472983e-02,1.162233696541514934e-02,-5.985997102025297778e-03,5.608312682819249773e-03,2.323701977132497376e-02,2.986678937397702072e-02,3.104113080485859655e-02,-1.601169070962847440e+00,2.615126724167285421e-01,-1.867950337319659870e-02,-1.620694937862335872e+00,1.360509136801647811e-01,1.369047235855421207e-01,-2.169237972929331182e+00,-1.103308482893091913e+00,-8.850876767796067579e-02,-1.003054934631862460e+00,-7.084364173728417979e-01,4.919706066001397482e-02
9.400000000000000022e-02,1.278712930192016546e-02,-7.960491010813084897e-03,2.888900678626018723e-02,4.720073962355231245e-02,4.313972210634942073e-02,2.686702638886240280e-02,4.108636015637046057e-03,2.687011326342148010e-02,2.958647926887358892e-02,-7.358196448522713595e-02,-3.610361114082394351e-02,9.407490705864329783e-03,2.843293373536858945e-02,-1.597543925305544843e-01,7.861233457954799886e-02,2.134515555717131363e-02,-3.191279227174880786e-04,-7.782558360490400562e-02,-1.173752525136144698e-01,-5.983064911444558459e-02,-7.347679559246644843e-02,-1.011715851511629793e-02,9.867175084310453315e-04,-2.677634964343056367e-02,-1.656167392668894678e-02,1.903463533233740179e-02,1.169180748536913055e-02,5.931102419829104022e-02,2.224824398200331288e-02,9.261896480240228158e-03,5.869141692564028290e-03,-1.006921394703841344e-02,-1.061000519198351810e-02,1.195677050289756238e-02,-5.440167946857865644e-03,5.958016884762606935e-03,2.338762472288546945e-02,3.022483870433356756e-02,3.146679626440418431e-02,-1.601911282510955825e+00,2.616800670589777278e-01,-1.899490523351859972e-02,-1.620117463871550312e+00,1.334251870559703679e-01,1.392149405813418728e-01,-2.167663808948065540e+00,-1.098962175996756052e+00,-9.159398337620106023e-02,-9.992100287446928908e-01,-7.153647790333449441e-01,5.353569933395476571e-02
9.500000000000000111e-02,1.156555700380001994e-02,-8.249013776869151826e-03,2.893556580404978845e-02,4.732982616926050684e-02,4.355135091228889976e-02,2.769099269232411231e-02,5.083721756315551232e-03,2.763011333748632836e-02,3.041985870317365226e-02,-7.205438340222469762e-02,-3.499126325074763955e-02,9.785770773352629390e-03,2.858205072116826173e-02,-1.590381085682593121e-01,7.911539910599277303e-02,2.150708622091057620e-02,-4.221089956590872729e-04,-7.752674781762916578e-02,-1.185030998873011221e-01,-6.056042404910177979e-02,-7.398051066027822031e-02,-1.036929492916405238e-02,-1.534420918520851274e-04,-2.856702443698111091e-02,-1.736268353973136058e-02,1.701065781044297509e-02,9.948343560002291183e-03,5.760971322441977432e-02,2.108705776843056157e-02,8.398346405520396019e-03,5.541026699837471071e-03,-9.383260787221736621e-03,-1.002166443136198737e-02,1.228866759478419723e-02,-4.894426828156993835e-03,6.299767473261663753e-03,2.352424971588318314e-02,3.056468147308466499e-02,3.187218528127644390e-02,-1.602670342105675383e+00,2.618343228464320993e-01,-1.932430925357046803e-02,-1.619565003729776187e+00,1.308595591680839221e-01,1.414545080804354427e-01,-2.165979827796684631e+00,-1.094598447849405520e+00,-9.452016672938240438e-02,-9.954128646184231544e-01,-7.223745882166834331e-01,5.801396866477026570e-02
9.600000000000000200e-02,1.033697454766580037e-02,-8.538832484907386486e-03,2.897503153818004051e-02,4.745031794776213147e-02,4.395784343132413952e-02,2.851672597448340341e-02,6.060723485724839321e-03,2.838680455125697569e-02,3.125572999385495959e-02,-7.048996017673393732e-02,-3.386400311676406732e-02,1.015804583677404338e-02,2.871118659133875539e-02,-1.582608295351806416e-01,7.957785918854499985e-02,2.166005168626528379e-02,-5.237798405213212050e-04,-7.720187164295412574e-02,-1.195755300209113831e-01,-6.126065605263208980e-02,-7.443993722659268675e-02,-1.059924120692468108e-02,-1.281826090863358303e-03,-3.034399880491278970e-02,-1.816549935318967357e-02,1.498490905477512132e-02,8.173957626143035782e-03,5.585892328033149196e-02,1.991018196262173134e-02,7.535512538051847287e-03,5.209306463862527735e-03,-8.693316244611450430e-03,-9.430055283432549687e-03,1.261763336318066919e-02,-4.349101824568713838e-03,6.633298951411514821e-03,2.364674805616617803e-02,3.088604841492026409e-02,3.225663365460063048e-02,-1.603444375029481117e+00,2.619758037887550128e-01,-1.966693823826880239e-02,-1.619039370064706995e+00,1.283556757077782551e-01,1.436231133921765935e-01,-2.164183015163398949e+00,-1.090224579356438017e+00,-9.729105070686300261e-02,-9.916707963210464882e-01,-7.294593997929698093e-01,6.261896258770240087e-02
9.700000000000000289e-02,9.101946905857083436e-03,-8.830034754212512382e-03,2.900718923506007130e-02,4.756213665465238577e-02,4.435915860043504466e-02,2.934388169472157415e-02,7.038952780993757742e-03,2.913993032774397918e-02,3.209422635364456849e-02,-6.888905173707771112e-02,-3.272191645944477756e-02,1.052450756520517672e-02,2.882068968158657540e-02,-1.574225708331236373e-01,7.999936364727691651e-02,2.180397696181213263e-02,-6.243465865098940526e-04,-7.685211116559577393e-02,-1.205918101553291599e-01,-6.193139034025563205e-02,-7.485410841257732206e-02,-1.080712158794261239e-02,-2.397786651159528049e-03,-3.210606930708514994e-02,-1.896914539587379878e-02,1.295887074352819468e-02,6.369155633239920178e-03,5.405817299184390023e-02,1.871768031963361167e-02,6.674246382899706731e-03,4.874198917941274800e-03,-7.999918675102524190e-03,-8.835600741015081638e-03,1.294327740997891496e-02,-3.804544352889571712e-03,6.958371165689759309e-03,2.375506964011897537e-02,3.118876034842088529e-02,3.261963250388122404e-02,-1.604231064148384567e+00,2.621053831651597443e-01,-2.002204916222327657e-02,-1.618542296704327921e+00,1.259147379613252959e-01,1.457212038644607466e-01,-2.162271080491106723e+00,-1.085846690805430059e+00,-9.991220706506148685e-02,-9.879910897945822779e-01,-7.366116223791553397e-01,6.733758609847903531e-02
9.800000000000000377e-02,7.861150040952669116e-03,-9.122727183528134276e-03,2.903178177082477163e-02,4.766519913165925826e-02,4.475539403123063309e-02,3.017211451438361891e-02,8.017712904228257997e-03,2.988901589607895551e-02,3.293505471051982880e-02,-6.725260725858328570e-02,-3.156520398841955455e-02,1.088545389878792062e-02,2.891144734186656962e-02,-1.565237354550570725e-01,8.038051294065720609e-02,2.193900308565455495e-02,-7.237028738074080536e-04,-7.647832601247574191e-02,-1.215519058229945770e-01,-6.257315702668186930e-02,-7.522328743596684575e-02,-1.099339470771232286e-02,-3.500893950019179357e-03,-3.385192036066619892e-02,-1.977247894814304630e-02,1.093401031859020205e-02,4.535270334808938486e-03,5.220848630639984833e-02,1.751006268831378776e-02,5.815301565513575355e-03,4.535985039287648846e-03,-7.303645144758342568e-03,-8.238758995978034960e-03,1.326522705795874120e-02,-3.261206362632940170e-03,7.274842981721541847e-03,2.384955794838328202e-02,3.147300206398417899e-02,3.296128018510736252e-02,-1.605026328428387217e+00,2.622255622277924192e-01,-2.038897392503108419e-02,-1.618075200822781889e+00,1.235362111723861817e-01,1.477524279622781100e-01,-2.160244832863970288e+00,-1.081466561133523019e+00,-1.023960327248178426e-01,-9.843806772837691010e-01,-7.438189688339017502e-01,7.215571321185842990e-02
9.900000000000000466e-02,6.615287740341813105e-03,-9.417021158298233274e-03,2.904854138195078414e-02,4.775942101713261806e-02,4.514668202196947533e-02,3.100107913550642635e-02,8.996305095875012370e-03,3.063353195591300357e-02,3.377781548016178803e-02,-6.558172398218431454e-02,-3.039409516754432161e-02,1.124120925855853770e-02,2.898448157336730446e-02,-1.555648230886765848e-01,8.072214522354161093e-02,2.206532510440650796e-02,-8.216641101181920703e-04,-7.608130159572290552e-02,-1.224559567731103027e-01,-6.318660736424108748e-02,-7.554804525564717821e-02,-1.115860276329927459e-02,-4.590772711680735085e-03,-3.558020837492259503e-02,-2.057431543433319021e-02,8.911791707991500999e-03,2.673841065992998978e-03,5.031126294677346067e-02,1.628795050657227961e-02,4.959407832572536833e-03,4.194962182165085096e-03,-6.605081895516118351e-03,-7.639996624222433752e-03,1.358311432195113966e-02,-2.719562504888361609e-03,7.582598812133412025e-03,2.393065264133120706e-02,3.173904789480319621e-02,3.328183273087548938e-02,-1.605825642268858600e+00,2.623392878991971933e-01,-2.076707146993432562e-02,-1.617639419976389048e+00,1.212191416495608104e-01,1.497211913926944638e-01,-2.158105838321023207e+00,-1.077084830503740376e+00,-1.047567071831433383e-01,-9.808464054781443897e-01,-7.510679903357212472e-01,7.705877213800049752e-02
1.000000000000000056e-01,5.365063908151058471e-03,-9.713028124824774068e-03,2.905720022745672537e-02,4.784471796119695725e-02,4.553315490403342380e-02,3.183043058270529357e-02,9.974030674538170160e-03,3.137294922529321184e-02,3.462210915822705459e-02,-6.387749915503793119e-02,-2.920881947681985835e-02,1.159209794903315154e-02,2.904081425725424728e-02,-1.545463331540697649e-01,8.102509836114382691e-02,2.218313806180693959e-02,-9.180455927522146453e-04,-7.566182319932313050e-02,-1.233041022434522571e-01,-6.377239248649857473e-02,-7.582895311012727291e-02,-1.130328791074486361e-02,-5.667047733218133487e-03,-3.728958980510332227e-02,-2.137347005777590070e-02,6.893678898796551380e-03,7.864070109473430019e-04,4.836790189636940712e-02,1.505196528756114205e-02,4.107295721804238298e-03,3.851428521966848706e-03,-5.904814524984480784e-03,-7.039779650588773308e-03,1.389657156284318518e-02,-2.180084161865547543e-03,7.881524128498185178e-03,2.399879036287000389e-02,3.198717028318620592e-02,3.358155377544624898e-02,-1.606624474924498225e+00,2.624495572944428035e-01,-2.115571258766091312e-02,-1.617236291236286982e+00,1.189625921024557165e-01,1.516318454935539906e-01,-2.155855635855417951e+00,-1.072702064064027461e+00,-1.070084970693483961e-01,-9.773951179038711246e-01,-7.583452576247783350e-01,8.203195772790398965e-02
1.010000000000000064e-01,4.111182577688943240e-03,-1.001085959701031314e-02,2.905749038347993363e-02,4.792100562542269543e-02,4.591494504085513739e-02,3.265982421018520654e-02,1.095019103923089432e-02,3.210673843664091365e-02,3.546753632223298425e-02,-6.214103003217363863e-02,-2.800960642359307320e-02,1.193844415214639909e-02,2.908146716687598846e-02,-1.534687648041599684e-01,8.129020991119276229e-02,2.229263699724981507e-02,-1.012662529922714327e-03,-7.522067597751913581e-02,-1.240964809174107952e-01,-6.433116339701072661e-02,-7.606658250983544534e-02,-1.142799225619439522e-02,-6.729343889589234351e-03,-3.897872116217104832e-02,-2.216875779131033050e-02,4.881135934153846279e-03,-1.125492792170224021e-03,4.637980141107922449e-02,1.380272859035613919e-02,3.259696593477023896e-03,3.505683047934304852e-03,-5.203427990859932351e-03,-6.438573519327305504e-03,1.420523150869934526e-02,-1.643239335743729157e-03,8.171505494762865141e-03,2.405440462493491083e-02,3.221763976378300143e-02,3.386071461460371523e-02,-1.607418289884494866e+00,2.625594066215431455e-01,-2.155427972339513110e-02,-1.616867151211440090e+00,1.167656408681480851e-01,1.534886906712956689e-01,-2.153495738516667757e+00,-1.068318752017009876e+00,-1.091657340644230367e-01,-9.740336549339703165e-01,-7.656373622628352971e-01,8.706021954355241954e-02
1.020000000000000073e-01,2.854347923696209932e-03,-1.031062716315611465e-02,2.904914383797896349e-02,4.798819968245052192e-02,4.629218482688735037e-02,3.348891570904743986e-02,1.192408767176278417e-02,3.283437033264702265e-02,3.631369763356762093e-02,-6.037341387804762149e-02,-2.679668555426673038e-02,1.228057192045906021e-02,2.910746198021785247e-02,-1.523326169246719541e-01,8.151831710507664863e-02,2.239401694411746746e-02,-1.105330061673903685e-03,-7.475864495373274465e-02,-1.248332308808406538e-01,-6.486357095764416769e-02,-7.626150522800978493e-02,-1.153325784723779716e-02,-7.777286139036387880e-03,-4.064625902384344514e-02,-2.295899336775963917e-02,2.875626909418116384e-03,-3.060319446991588421e-03,4.434835903487632791e-02,1.254086198989767809e-02,2.417342658822096979e-03,3.158025552397969449e-03,-4.501506619035477996e-03,-5.836843067914988283e-03,1.450872727288876445e-02,-1.109492537394451972e-03,8.452430605634830840e-03,2.409792569537660967e-02,3.243072495089416307e-02,3.411959427096267206e-02,-1.608202544310898929e+00,2.626719004572953819e-01,-2.196216686744863200e-02,-1.616533336068625148e+00,1.146273811065596088e-01,1.552959800691095515e-01,-2.151027634640012565e+00,-1.063935310439790172e+00,-1.112427948305104164e-01,-9.707688538171804771e-01,-7.729309176780886359e-01,9.212825350085356024e-02
1.030000000000000082e-01,1.595264274402818927e-03,-1.061244249282289158e-02,2.903189248556214963e-02,4.804621581558190385e-02,4.666500668658768447e-02,3.431736111490258506e-02,1.289502213925431025e-02,3.355531566208691530e-02,3.716019383962398948e-02,-5.857574796800291139e-02,-2.557028646653325410e-02,1.261880516961433329e-02,2.911982029261173111e-02,-1.511383881336547941e-01,8.171025682796818901e-02,2.248747292791009045e-02,-1.195863280431641584e-03,-7.427651501999354977e-02,-1.255144895788176396e-01,-6.537026587650052178e-02,-7.641429329015991812e-02,-1.161962666445548464e-02,-8.810499528804971447e-03,-4.229086004699889045e-02,-2.374299127033863144e-02,8.786159673195292896e-04,-5.016534195639188454e-03,4.227497161921522917e-02,1.126698704631090391e-02,1.580967005220923483e-03,2.808756616562657626e-03,-3.799634115327688022e-03,-5.235052504343418178e-03,1.480669236920340200e-02,-5.793046751652042303e-04,8.724188329805482311e-03,2.412978048959901409e-02,3.262669252980554546e-02,3.435847956472980885e-02,-1.608972688535320161e+00,2.627901213970232353e-01,-2.237877953120358254e-02,-1.616236181549319584e+00,1.125469199732983261e-01,1.570579234122233270e-01,-2.148452789201684254e+00,-1.059552082909007042e+00,-1.132540829164542240e-01,-9.676075487251107887e-01,-7.802125599767932851e-01,9.722049698817708530e-02
1.040000000000000091e-01,3.346361233966810289e-04,-1.091641734374526607e-02,2.900546812245607953e-02,4.809496971830842099e-02,4.703354307340124052e-02,3.514481681577263927e-02,1.386229609679068275e-02,3.426904517556161878e-02,3.800662577605518760e-02,-5.674912958966293886e-02,-2.433063882213515328e-02,1.295346767003247024e-02,2.911956362970924417e-02,-1.498865767806174809e-01,8.186686559798549145e-02,2.257319996418738484e-02,-1.284077251173520789e-03,-7.377507093688606687e-02,-1.261403937724206170e-01,-6.585189869544327834e-02,-7.652551896211168270e-02,-1.168764061316807101e-02,-9.828609201104843152e-03,-4.391118098152002602e-02,-2.451956572291891234e-02,-1.108432707892959002e-03,-6.992598416478035261e-03,4.016103534630443422e-02,9.981725273679575849e-03,7.513036179873644471e-04,2.458177592910005139e-03,-3.098393580737379693e-03,-4.633665387993257667e-03,1.509876072390037294e-02,-5.313294382736089005e-05,8.986668757828386589e-03,2.415039246638306381e-02,3.280580725200632486e-02,3.457766518987259036e-02,-1.609724165613305225e+00,2.629171600772226003e-01,-2.280353481012678540e-02,-1.615977022983428713e+00,1.105233777777590576e-01,1.587786909814862257e-01,-2.145772645298861470e+00,-1.055169342983525604e+00,-1.152140125937136106e-01,-9.645565708173214903e-01,-7.874689485067317696e-01,1.023211273295281665e-01
1.050000000000000100e-01,-9.268318587105639494e-04,-1.122266356879197957e-02,2.896960244162016460e-02,4.813437709381076374e-02,4.739792646872231785e-02,3.597093956027830330e-02,1.482521129021030504e-02,3.497502962116438852e-02,3.885259436914223485e-02,-5.489465604425136647e-02,-2.307797236015263209e-02,1.328488303782160429e-02,2.910771346072849042e-02,-1.485776809453147607e-01,8.198897954441530800e-02,2.265139305632057551e-02,-1.369787031198832711e-03,-7.325509733400892287e-02,-1.267110794956185782e-01,-6.630911977728626283e-02,-7.659575473663826628e-02,-1.173784151536994003e-02,-1.083124039926985915e-02,-4.550587868563216176e-02,-2.528753068012745686e-02,-3.084054897397159323e-03,-8.986973622987726174e-03,3.800794575632560068e-02,8.685698108358508307e-03,-7.091260143798905347e-05,2.106590584277867172e-03,-2.398367530183964647e-03,-4.033144614194572597e-03,1.538456668459442685e-02,4.685692861805535445e-04,9.239763254491162314e-03,2.416018152829346732e-02,3.296833193417957747e-02,3.477745379562646733e-02,-1.610452410935940604e+00,2.630561055706050477e-01,-2.323586153582105074e-02,-1.615757195299766469e+00,1.085558871335473435e-01,1.604624176704219363e-01,-2.142988625753013743e+00,-1.050787297594109049e+00,-1.171369945652332989e-01,-9.616227483239996321e-01,-7.946867661608569833e-01,1.074140634299994984e-01
1.060000000000000109e-01,-2.188434812811390628e-03,-1.153129312297362929e-02,2.892402702801622275e-02,4.816435365438944544e-02,4.775828938080550756e-02,3.679538646612057207e-02,1.578306955903041944e-02,3.567273974007623139e-02,3.969770063828903517e-02,-5.301342464786350933e-02,-2.181251691084007405e-02,1.361337472489987377e-02,2.908529121197567235e-02,-1.472121984362355640e-01,8.207743438504877531e-02,2.272224719305482310e-02,-1.452807689501067756e-03,-7.271737871095407257e-02,-1.272266820123990894e-01,-6.674257929265126066e-02,-7.662557331867514421e-02,-1.177077110188617937e-02,-1.181801847405639094e-02,-4.707361014279953793e-02,-2.604569981723203753e-02,-5.046786355847655316e-03,-1.099812146391920820e-02,3.581709777863606448e-02,7.379526876976516547e-03,-8.849458210380413111e-04,1.754298419634814366e-03,-1.700137914572685816e-03,-3.433952402634776746e-03,1.566374502596623586e-02,9.853525790863848499e-04,9.483364515484815627e-03,2.415956392705131961e-02,3.311452746088328070e-02,3.495815607327434904e-02,-1.611152851898432825e+00,2.632100361534985833e-01,-2.367520051925370295e-02,-1.615578033033209682e+00,1.066435921076397675e-01,1.621132070845864304e-01,-2.140102134835376813e+00,-1.046406091386393289e+00,-1.190374234780899876e-01,-9.588129066458653815e-01,-8.018527194128594049e-01,1.124829704127854046e-01
1.070000000000000118e-01,-3.449467680032736183e-03,-1.184241807048458384e-02,2.886847335403874837e-02,4.818481512086617014e-02,4.811476434361950522e-02,3.761781502882888956e-02,1.673517283951841961e-02,3.636164626210280221e-02,4.054154569861490032e-02,-5.110653273268939145e-02,-2.053450240999055154e-02,1.393926600830974576e-02,2.905331828065227731e-02,-1.457906267888589014e-01,8.213306540266440692e-02,2.278595734589039523e-02,-1.532954325720314870e-03,-7.216269943879805027e-02,-1.276873357742414339e-01,-6.715292720653343039e-02,-7.661554760913524831e-02,-1.178697100472225583e-02,-1.278856889003154862e-02,-4.861303248025804907e-02,-2.679288651978239955e-02,-6.995162820636391388e-03,-1.302450372481533947e-02,3.358988576710286722e-02,6.063832764168441969e-03,-1.690059267704047130e-03,1.401604626685593047e-03,-1.004286146222277409e-03,-2.836550289664341307e-03,1.593593095223644340e-02,1.496771543549435535e-03,9.717366628168022658e-03,2.414895217434498420e-02,3.324465279069777068e-02,3.512009084811928972e-02,-1.611820907625623578e+00,2.633820104459784761e-01,-2.412100488741948656e-02,-1.615440870328426648e+00,1.047856473740821220e-01,1.637351356453685403e-01,-2.137114560113302364e+00,-1.042025812060408230e+00,-1.209296671586551075e-01,-9.561338684709798086e-01,-8.089535380798219544e-01,1.175112670322675384e-01
1.080000000000000127e-01,-4.709225190663079118e-03,-1.215615059178576374e-02,2.880267277511583748e-02,4.819567722192033554e-02,4.846748391561073177e-02,3.843788313079476993e-02,1.768082316790176023e-02,3.704121990114872531e-02,4.138373076367152237e-02,-4.917507764820117089e-02,-1.924415891385677924e-02,1.426287997872455193e-02,2.901281604893224397e-02,-1.443134632637095294e-01,8.215670742070411980e-02,2.284271846628627145e-02,-1.610042088683982797e-03,-7.159184376209637435e-02,-1.280931743780569232e-01,-6.754081326460381618e-02,-7.656625068737232809e-02,-1.178698274961220704e-02,-1.374251723200492492e-02,-5.012280298923599275e-02,-2.752790387298764685e-02,-8.927720022393614840e-03,-1.506458233100182835e-02,3.132770353959068999e-02,4.739236780207267685e-03,-2.485515220828737448e-03,1.048813401300030751e-03,-3.113931274238979086e-04,-2.241399124698340017e-03,1.620076009634896508e-02,2.002384941755863679e-03,9.941665136199429043e-03,2.412875495841104723e-02,3.335896496579637827e-02,3.526358517650107771e-02,-1.612451988754610488e+00,2.635750589254562959e-01,-2.457274051578792196e-02,-1.615347040940081413e+00,1.029812173774786038e-01,1.653322566633640411e-01,-2.134027274416266717e+00,-1.037646496746781555e+00,-1.228280574765774902e-01,-9.535924539081369611e-01,-8.159759748105408494e-01,1.224821356271679346e-01
1.090000000000000135e-01,-5.967001853292241975e-03,-1.247260299070607203e-02,2.872635652548538587e-02,4.819685569337853193e-02,4.881658067837824078e-02,3.925524905056310132e-02,1.861932268373056587e-02,3.771093135064074175e-02,4.222385714826071279e-02,-4.722015676231450243e-02,-1.794171661460763900e-02,1.458453952812632966e-02,2.896480589832295741e-02,-1.427812048442804738e-01,8.214919477817872462e-02,2.289272548268739271e-02,-1.683886194513650736e-03,-7.100559580138599003e-02,-1.284443305247278400e-01,-6.790688697928271012e-02,-7.647825579226852355e-02,-1.177134774881460899e-02,-1.467948921145234564e-02,-5.160157914694706721e-02,-2.824956465080319737e-02,-1.084299369679264657e-02,-1.711681935215736416e-02,2.903194442172507550e-02,3.406359728618912897e-03,-3.270575010176468133e-03,6.962295739034729536e-04,3.779607178415744784e-04,-1.648959070783551084e-03,1.645786851584851718e-02,2.501755797663207659e-03,1.015615710779282921e-02,2.409937706689957437e-02,3.345771912466988240e-02,3.538897444777645146e-02,-1.613041497274810387e+00,2.637921758147453444e-01,-2.502988655894806957e-02,-1.615297878229408512e+00,1.012294755110165062e-01,1.669086043491101734e-01,-2.130841637920409593e+00,-1.033268139456684498e+00,-1.247468827309689554e-01,-9.511954806365203741e-01,-8.229068043014138301e-01,1.273785343619264487e-01
1.100000000000000144e-01,-7.222091944149245692e-03,-1.279188770157491106e-02,2.863925571415393279e-02,4.818826627745956270e-02,4.916218723522103318e-02,4.006957147239065264e-02,1.954997363338906516e-02,3.837025127890481002e-02,4.306152627136272670e-02,-4.524286746253025626e-02,-1.662740585633360260e-02,1.490456733666256639e-02,2.891030922428905470e-02,-1.411943482348751999e-01,8.211136130386131882e-02,2.293617329738140143e-02,-1.754301944297154137e-03,-7.040473955618109514e-02,-1.287409359783675822e-01,-6.825179761561495084e-02,-7.635213630203940838e-02,-1.174060729409598380e-02,-1.559911067287877810e-02,-5.304801864044650372e-02,-2.895668130472372689e-02,-1.273951959774155540e-02,-1.917967700856815227e-02,2.670400129506056083e-02,2.065822173889397817e-03,-4.044499018196923146e-03,3.441585728678475675e-04,1.063195409165995642e-03,-1.059689609449687491e-03,1.670689268535774374e-02,2.994451504295447819e-03,1.036074120739982618e-02,2.406121931634341848e-02,3.354116851791211218e-02,3.549660249105990317e-02,-1.613584826426042840e+00,2.640363113458369382e-01,-2.549193608188035642e-02,-1.615294715157034267e+00,9.952960331332159905e-02,1.684681977313193246e-01,-2.127559000350551344e+00,-1.028890699639519068e+00,-1.267003814386518101e-01,-9.489497640713342452e-01,-8.297328222449715796e-01,1.321832114938148728e-01
1.110000000000000153e-01,-8.473789496652894826e-03,-1.311411729636491330e-02,2.854110132104148434e-02,4.816982472195574516e-02,4.950443620956004181e-02,4.088050949606047285e-02,2.047207837376019413e-02,3.901865032450224646e-02,4.389633965917250080e-02,-4.324430715705984696e-02,-1.530145715159569875e-02,1.522328585865961696e-02,2.885034745114589683e-02,-1.395533898584178090e-01,8.204404028979439545e-02,2.297325678318751230e-02,-1.821104741316137421e-03,-6.979005890845213500e-02,-1.289831215264334585e-01,-6.857619417697824460e-02,-7.618846571275428303e-02,-1.169530254997397378e-02,-1.650100760010442258e-02,-5.446077939239835075e-02,-2.964806595226665217e-02,-1.461583351202744296e-02,-2.125161767913397171e-02,2.434526664971414789e-02,7.182444094451234662e-04,-4.806546686986656880e-03,-7.093614986075635051e-06,1.743731372048529238e-03,-4.740495499953034653e-04,1.694746948568681688e-02,3.480043929930953794e-03,1.055531777043938746e-02,2.401467848875338262e-02,3.360956452683173251e-02,3.558682168658400258e-02,-1.614077360655367777e+00,2.643103644007440689e-01,-2.595839679427114355e-02,-1.615338884271933395e+00,9.788078968802570168e-02,1.700150444548027273e-01,-2.124180703298761408e+00,-1.024514111879308409e+00,-1.287027373901989402e-01,-9.468621175451522598e-01,-8.364408440190524985e-01,1.368787213981207673e-01
1.120000000000000162e-01,-9.721388291172416984e-03,-1.343940449184799317e-02,2.843162419332179169e-02,4.814144677937415295e-02,4.984346024320831375e-02,4.168772264694275975e-02,2.138493937605323580e-02,3.965559909153660439e-02,4.472789894823359785e-02,-4.122557327594878612e-02,-1.396410119851054787e-02,1.554101730780210744e-02,2.878594204720386074e-02,-1.378588258543049783e-01,8.194806446417945978e-02,2.300417077998506699e-02,-1.884110107826852953e-03,-6.916233762657819639e-02,-1.291710169408404330e-01,-6.888072539066980582e-02,-7.598781761563344617e-02,-1.163597454718923174e-02,-1.738480612240778100e-02,-5.583851958887020572e-02,-3.032253036518283915e-02,-1.647047127546974465e-02,-2.333110391125892136e-02,2.195713264164256273e-02,-6.357535740151298853e-04,-5.555976530034811844e-03,-3.572204867010597695e-04,2.418989397401372088e-03,1.075029566663943115e-04,1.717923618949424025e-02,3.958109523012787179e-03,1.073978888091309258e-02,2.396014727568918437e-02,3.366315668474495482e-02,3.565999308141920565e-02,-1.614514475633637369e+00,2.646171755308534546e-01,-2.642879189024094355e-02,-1.615431717696374614e+00,9.628223014956649450e-02,1.715531444320335386e-01,-2.120708082658680382e+00,-1.020138296757761021e+00,-1.307680758246957398e-01,-9.449393525047217191e-01,-8.430177031273733412e-01,1.414474420843216396e-01
1.130000000000000171e-01,-1.096420979220447123e-02,-1.376785693504745285e-02,2.831060629567971887e-02,4.810306071620873425e-02,5.017937508154825949e-02,4.249088125028421814e-02,2.228788792167168964e-02,4.028057441975496644e-02,4.555577206412753100e-02,-3.918779153140583560e-02,-1.261563963163236761e-02,1.585802301776695344e-02,2.871800429113324782e-02,-1.361112729336886318e-01,8.182438616215749472e-02,2.302921960903914211e-02,-1.943097095414181297e-03,-6.852222921685591217e-02,-1.293047873103836398e-01,-6.916595718383566904e-02,-7.575088317541478489e-02,-1.156327454250360987e-02,-1.825028964422426014e-02,-5.718002996834804091e-02,-3.097893340712687404e-02,-1.830196916150050868e-02,-2.541658127205126405e-02,1.954109238144585703e-02,-1.995476633855464144e-03,-6.292073196049408068e-03,-7.059192572107519936e-04,3.088400431839222193e-03,6.844970497539293319e-04,1.740185362598190358e-02,4.428275577264884945e-03,1.091411888669302672e-02,2.389802994312839601e-02,3.370222381723176480e-02,3.571650027542404987e-02,-1.614892115639829706e+00,2.649586891142416412e-01,-2.690211863674760173e-02,-1.615574679931879531e+00,9.473360817906351095e-02,1.730858043741243524e-01,-2.117143252361511685e+00,-1.015762122758799846e+00,-1.329081899543932410e-01,-9.431880664535134962e-01,-8.494488974210078203e-01,1.458737617332628300e-01
1.140000000000000180e-01,-1.220168701542956140e-02,-1.409956157119518667e-02,2.817803451111400639e-02,4.805464478592336164e-02,5.051222881878938975e-02,4.328969759103129533e-02,2.318037016966334463e-02,4.089307824606169817e-02,4.637939171219818135e-02,-3.713220071826751206e-02,-1.125665723065383261e-02,1.617432162187038003e-02,2.864700456138269055e-02,-1.343118310231643520e-01,8.167443793642313599e-02,2.304914565539828430e-02,-1.997698531536418187e-03,-6.786986643977765965e-02,-1.293847422376351031e-01,-6.943212510201313137e-02,-7.547882351671120205e-02,-1.147829518269594118e-02,-1.909787021257391970e-02,-5.848463056304042951e-02,-3.161632345179965498e-02,-2.010886502605524484e-02,-2.750642681049431104e-02,1.709904368777070971e-02,-3.359928004217138664e-03,-7.014228717844961380e-03,-1.052903515905700971e-03,3.751435025584282101e-03,1.256409100073963003e-03,1.761507575277398985e-02,4.890358506508984959e-03,1.107851574483031953e-02,2.382878956859801889e-02,3.372716759999683234e-02,3.575679025305734254e-02,-1.615208528034922431e+00,2.653334654556994132e-01,-2.737523784570544683e-02,-1.615769766863369927e+00,9.323651669366135597e-02,1.746135601860467901e-01,-2.113491458579042082e+00,-1.011380315397008900e+00,-1.351257038055411197e-01,-9.416140072460027488e-01,-8.557145242578637623e-01,1.501506457618630441e-01
1.150000000000000189e-01,-1.343328074266869621e-02,-1.443460036025046023e-02,2.803394695754679589e-02,4.799618959545526309e-02,5.084205260598675252e-02,4.408389492865393694e-02,2.406186106075880460e-02,4.149261885502752989e-02,4.719815678012340837e-02,-3.506006798210048458e-02,-9.887809720602547259e-03,1.648987103250831865e-02,2.857330313293804033e-02,-1.324617208277856228e-01,8.149977201930845572e-02,2.306480087251072675e-02,-2.047510939299002075e-03,-6.720525171767599559e-02,-1.294112269300991269e-01,-6.967938175121002331e-02,-7.517291700889350281e-02,-1.138223953924155651e-02,-1.992811713129771789e-02,-5.975177382438756624e-02,-3.223379617385546680e-02,-2.188969723886247110e-02,-2.959900042269847723e-02,1.463298547904479108e-02,-4.728035698921662089e-03,-7.721861553857234384e-03,-1.397890781456023745e-03,4.407573773784534410e-03,1.822702755349236980e-03,1.781868015890797352e-02,5.344224854713974793e-03,1.123324968240613404e-02,2.375290117412998114e-02,3.373841956818024457e-02,3.578133106533121222e-02,-1.615462535718033443e+00,2.657391909352608272e-01,-2.784452985664373492e-02,-1.616019108576306484e+00,9.179297209306662431e-02,1.761362222473591976e-01,-2.109758751223345108e+00,-1.006986694916359948e+00,-1.374208438646200015e-01,-9.402227115062002927e-01,-8.617933231374169667e-01,1.542732228813461781e-01
1.160000000000000198e-01,-1.465845158345224775e-02,-1.477305550976781845e-02,2.787838175384260708e-02,4.792768557387105943e-02,5.116887754930778826e-02,4.487319714906767842e-02,2.493183562050838020e-02,4.207870462369767139e-02,4.801146614274376390e-02,-3.297266058067194194e-02,-8.509753049639634526e-03,1.680462908093183216e-02,2.849726044201572953e-02,-1.305621630077195838e-01,8.130194012797309355e-02,2.307703728068188909e-02,-2.092131173985212200e-03,-6.652838727700416399e-02,-1.293845858741085320e-01,-6.990787927245323274e-02,-7.483444167960096038e-02,-1.127631078301005729e-02,-2.074159983256906870e-02,-6.098091235662472798e-02,-3.283044712972227330e-02,-2.364300433776245214e-02,-3.169266198913023996e-02,1.214491659982464000e-02,-6.098727999872099147e-03,-8.414389605067906786e-03,-1.740598370703505537e-03,5.056297437010303340e-03,2.382842260854278749e-03,1.801244485625685954e-02,5.789745028742299127e-03,1.137859274468633330e-02,2.367083615045251221e-02,3.373641010079397873e-02,3.579059780465022184e-02,-1.615652960535138405e+00,2.661735091291251853e-01,-2.830644295513298769e-02,-1.616324837404325532e+00,9.040493214796414823e-02,1.776535634613755077e-01,-2.105951204042991964e+00,-1.002575235393630360e+00,-1.397937067199923056e-01,-9.390197170194674037e-01,-8.676640256159235953e-01,1.582366321847128166e-01
1.170000000000000207e-01,-1.587665997559817299e-02,-1.511500947933086536e-02,2.771137702920078993e-02,4.784912296515209107e-02,5.149273469862893776e-02,4.565732876548622698e-02,2.578976895723172902e-02,4.265084403155139370e-02,4.881871865139375544e-02,-3.087124590010237313e-02,-7.123143402131493218e-03,1.711855351754598686e-02,2.841923709635851836e-02,-1.286143781949227183e-01,8.108249345820972565e-02,2.308670697602499544e-02,-2.131156441802062318e-03,-6.583927514478649101e-02,-1.293051628534984954e-01,-7.011776931562829773e-02,-7.446467515031196527e-02,-1.116171221019968129e-02,-2.153888787362800983e-02,-6.217149892570050795e-02,-3.340537176988833679e-02,-2.536732505157779372e-02,-3.378577136593952090e-02,9.636835870678430241e-03,-7.470933466579676718e-03,-9.091230260511283176e-03,-2.080743444864197478e-03,5.697086897176183683e-03,2.936292424669861845e-03,1.819614824001458686e-02,6.226793260698748611e-03,1.151481878505089540e-02,2.358306236961205116e-02,3.372156847848328809e-02,3.578507248321383116e-02,-1.615778623359885868e+00,2.666340178813808581e-01,-2.875749498255179837e-02,-1.616689088734074575e+00,8.907430254267244274e-02,1.791653214537356209e-01,-2.102074913743992912e+00,-9.981400609219724940e-01,-1.422442618935353398e-01,-9.380105626213688375e-01,-8.733053550444267454e-01,1.620360261096524812e-01
1.180000000000000215e-01,-1.708736618590567247e-02,-1.546054498485860407e-02,2.753297093228068704e-02,4.776049182109920466e-02,5.181365503639436682e-02,4.643601491899795181e-02,2.663513626014735181e-02,4.320854567050558259e-02,4.961931312328271559e-02,-2.875709147119298939e-02,-5.728637211704690202e-03,1.743160201240590013e-02,2.833959388561035908e-02,-1.266195870099151577e-01,8.084298267809231220e-02,2.309466213936284262e-02,-2.164184318796280593e-03,-6.513791714513672559e-02,-1.291733009711768798e-01,-7.030920301322085564e-02,-7.406489456964093776e-02,-1.103964726995343426e-02,-2.232055093295892689e-02,-6.332298646880829551e-02,-3.395766545203038334e-02,-2.706119832403608427e-02,-3.587668837450275205e-02,7.110742137165448028e-03,-8.843580941873874224e-03,-9.751800444916636224e-03,-2.418043054331686648e-03,6.329423113566433855e-03,3.482518581328530437e-03,1.836956904802500290e-02,6.655247566597299880e-03,1.164220345530386953e-02,2.349004430067269666e-02,3.369432294206520240e-02,3.576524391322211116e-02,-1.615838344145739569e+00,2.671182664358837666e-01,-2.919427426681645010e-02,-1.617114001842140603e+00,8.780294363766261156e-02,1.806712003583535175e-01,-2.098135999127888507e+00,-9.936754415207117441e-01,-1.447723544411859131e-01,-9.372007880899503318e-01,-8.786960263101166735e-01,1.656665733401539442e-01
1.190000000000000224e-01,-1.829003031097098039e-02,-1.580974500278164996e-02,2.734320164005810128e-02,4.766178199434767393e-02,5.213166946672333907e-02,4.720898137886564427e-02,2.746741279768594168e-02,4.375131825496447746e-02,5.041264833091263498e-02,-2.663146498589208377e-02,-4.326891174265767859e-03,1.774373215589530872e-02,2.825869179176221380e-02,-1.245790100786625665e-01,8.058495792148301362e-02,2.310175504507938973e-02,-2.190812769917283021e-03,-6.442431489585986881e-02,-1.289893426736770377e-01,-7.048233095404743409e-02,-7.363637654444277203e-02,-1.091131959356017589e-02,-2.308715880590161973e-02,-6.443482810455281040e-02,-3.448642345503794004e-02,-2.872316333879387784e-02,-3.796377278905982422e-02,4.568634317840380987e-03,-1.021559955363526839e-02,-1.039551666839955146e-02,-2.752214181877654653e-03,6.952787079194778543e-03,4.020986553947558662e-03,1.853248631926351919e-02,7.074989701279843501e-03,1.176102419612456984e-02,2.339224312804688566e-02,3.365510075174871218e-02,3.573160758787041758e-02,-1.615830941949866872e+00,2.676237526257061461e-01,-2.961343986772557724e-02,-1.617601720764350937e+00,8.659267745482471246e-02,1.821708721886081128e-01,-2.094140600247349049e+00,-9.891757888181844649e-01,-1.473777073597050680e-01,-9.365959340415278556e-01,-8.838147455934211028e-01,1.691234616447562233e-01
1.200000000000000233e-01,-1.948411227811819302e-02,-1.616269277408522234e-02,2.714210736641442523e-02,4.755298313149802780e-02,5.244680880475474649e-02,4.797595454252245872e-02,2.828607391597426010e-02,4.427867063190893404e-02,5.119812299155012542e-02,-2.449563431390133772e-02,-2.918562260956214516e-03,1.805490145959831594e-02,2.817689199964190996e-02,-1.224938680495544219e-01,8.030996878143570328e-02,2.310883806988073275e-02,-2.210640168224919933e-03,-6.369846980514592971e-02,-1.287536297787091055e-01,-7.063730315703597995e-02,-7.318039706880163919e-02,-1.077793302519536311e-02,-2.383928139963975568e-02,-6.550647714377744180e-02,-3.499074099399646087e-02,-3.035175954561530887e-02,-4.004538432235493772e-02,2.012511451148668584e-03,-1.158591871227132586e-02,-1.102179507813216830e-02,-3.082973784056530775e-03,7.566659777617168459e-03,4.551162615221038266e-03,1.868467935171880256e-02,7.485905109315016404e-03,1.187156022729496212e-02,2.329011687227611205e-02,3.360432824688697195e-02,3.568466556221272512e-02,-1.615755234929250772e+00,2.681479201171063642e-01,-3.001172113145050835e-02,-1.618154395197862749e+00,8.544529488780690241e-02,1.836639777919978622e-01,-2.090094877579550925e+00,-9.846356515504725015e-01,-1.500599238357647192e-01,-9.362015418300442260e-01,-8.886402101516085450e-01,1.724019006502026663e-01
1.210000000000000242e-01,-2.066907184644861672e-02,-1.651947180820911854e-02,2.692972637045709661e-02,4.743408466636411802e-02,5.275910376622074821e-02,4.873666143526644845e-02,2.909059503749045206e-02,4.479011179102698748e-02,5.197513575674195252e-02,-2.235086751938330715e-02,-1.504307731027943124e-03,1.836506735734921847e-02,2.809455590742837919e-02,-1.203653816104388596e-01,8.001956430347334503e-02,2.311676370145043791e-02,-2.223265314199807541e-03,-6.296038306836715392e-02,-1.284665035057426241e-01,-7.077426904514627637e-02,-7.269823145101250716e-02,-1.064069165406866628e-02,-2.457748872754939029e-02,-6.653738710111101184e-02,-3.546971323615144556e-02,-3.194552668778305460e-02,-4.211988260921462057e-02,-5.556272588083110975e-04,-1.295346810379838232e-02,-1.163005151191676134e-02,-3.410038830592210246e-03,8.170522140428015945e-03,5.072513447370585737e-03,1.882592765996138340e-02,7.887882871764784198e-03,1.197409253738745960e-02,2.318412051292417786e-02,3.354243090618025391e-02,3.562492633283741855e-02,-1.615610040309535700e+00,2.686881557045208702e-01,-3.038591654980968282e-02,-1.618774181436604565e+00,8.436256313916885852e-02,1.851501273868783048e-01,-2.086005011217517691e+00,-9.800497109151041775e-01,-1.528184893722443483e-01,-9.360231534501046724e-01,-8.931511081380201222e-01,1.754971245500815680e-01
1.220000000000000251e-01,-2.184436860800342828e-02,-1.688016588680563493e-02,2.670609696457714941e-02,4.730507581333087685e-02,5.306858495723278807e-02,4.949082970961749678e-02,2.988045165989028362e-02,4.528515087487949842e-02,5.274308520188597527e-02,-2.019843287776401652e-02,-8.478514461396358115e-05,1.867418720648172936e-02,2.801204513715793362e-02,-1.181947715057156678e-01,7.971529297878632292e-02,2.312638454698756618e-02,-2.228287455169564169e-03,-6.221005566499471229e-02,-1.281283045096768269e-01,-7.089337741949222615e-02,-7.219115423864375103e-02,-1.050079984791230103e-02,-2.530235090287025201e-02,-6.752701170727526403e-02,-3.592243531793082312e-02,-3.350300483079494268e-02,-4.418562718797770100e-02,-3.133782397778617224e-03,-1.431717767824025600e-02,-1.221970155361340633e-02,-3.733126341592729169e-03,8.763855005603726767e-03,5.584506101318886806e-03,1.895601093268473036e-02,8.280815648572747989e-03,1.206890387256764896e-02,2.307470611336048805e-02,3.346983340821951813e-02,3.555290471538352648e-02,-1.615394174327161814e+00,2.692417866526298775e-01,-3.073289192129924352e-02,-1.619463243340797609e+00,8.334623338547252069e-02,1.866289006803754924e-01,-2.081877200079529366e+00,-9.754127758152478789e-01,-1.556527738253588034e-01,-9.360663114437135501e-01,-8.973261184644603095e-01,1.784043947489500626e-01
1.230000000000000260e-01,-2.300946198904219031e-02,-1.724485906734285826e-02,2.647125752222700967e-02,4.716594556083730794e-02,5.337528286427175445e-02,5.023818764434118123e-02,3.065511935499465324e-02,4.576329718908977301e-02,5.350136981586262053e-02,-1.803959889260475791e-02,1.339347624636388900e-03,1.898221828925095167e-02,2.792972154522077935e-02,-1.159832585534465998e-01,7.939870273733173889e-02,2.313855334158931853e-02,-2.225306304808327695e-03,-6.144748835563751399e-02,-1.277393729175853032e-01,-7.099477643376618519e-02,-7.166043914179408281e-02,-1.035946228767592459e-02,-2.601443813166470775e-02,-6.847480492221658110e-02,-3.634800236308022292e-02,-3.502273439243852593e-02,-4.624097747975008943e-02,-5.719954298145868421e-03,-1.567597763319695039e-02,-1.279016059037685338e-02,-4.051953422390842420e-03,9.346139076841897264e-03,6.086607955321010621e-03,1.907470899045149437e-02,8.664599616373447333e-03,1.215627872418423294e-02,2.296232294718825173e-02,3.338695969227511301e-02,3.546912171889671228e-02,-1.615106452145376403e+00,2.698060780811335491e-01,-3.104957781243482262e-02,-1.620223753341431872e+00,8.239804867077503425e-02,1.880998465670931930e-01,-2.077717661136629701e+00,-9.707197780265621745e-01,-1.585620333849106500e-01,-9.363365588108071291e-01,-9.011439107126033576e-01,1.811190024433911860e-01
1.240000000000000269e-01,-2.416381125143285402e-02,-1.761363568655305301e-02,2.622524648543755887e-02,4.701668266496961124e-02,5.367922784438075579e-02,5.097846414310902574e-02,3.141407376793380751e-02,4.622406021256386666e-02,5.424938799072487328e-02,-1.587563431251171400e-02,2.767432377074996452e-03,1.928911781445563980e-02,2.784794723278949391e-02,-1.137320636624528092e-01,7.907134094085499498e-02,2.315412295645957741e-02,-2.213922062694884119e-03,-6.067268167922668098e-02,-1.273000483685717832e-01,-7.107861356902868410e-02,-7.110735895465136736e-02,-1.021788400329892710e-02,-2.671432070507195888e-02,-6.938022094908724569e-02,-3.674550950198574029e-02,-3.650325617433258785e-02,-4.828429276542145487e-02,-8.312142997110694154e-03,-1.702879839233828463e-02,-1.334084387163825269e-02,-4.366237295854169531e-03,9.916854884099102208e-03,6.578286673220912206e-03,1.918180174398731452e-02,9.039134401451320855e-03,1.223650331475667485e-02,2.284741762608311078e-02,3.329423301926537349e-02,3.537410441596700039e-02,-1.614745687744743030e+00,2.703782303874542325e-01,-3.133296631974454016e-02,-1.621057893480755352e+00,8.151975202830198663e-02,1.895624824088358584e-01,-2.073532628658216304e+00,-9.659657673157546753e-01,-1.615454125285969433e-01,-9.368394389236049946e-01,-9.045831450987207312e-01,1.836362711425308381e-01
1.250000000000000278e-01,-2.530687549415500115e-02,-1.798658036371936220e-02,2.596810237205415817e-02,4.685727564318309391e-02,5.398045011553254113e-02,5.171138873278937481e-02,3.215679061644971526e-02,4.666694960771922140e-02,5.498653801145358955e-02,-1.370780814806105315e-02,4.198810574755906799e-03,1.959484291923851984e-02,2.776708455619569804e-02,-1.114424078493794212e-01,7.873475437583234149e-02,2.317394640692516106e-02,-2.193735433915655186e-03,-5.988563595034568365e-02,-1.268106700567339373e-01,-7.114503560896626166e-02,-7.053318547547382522e-02,-1.007727041043082750e-02,-2.740256899080373287e-02,-7.024271424917349904e-02,-3.711405189225570195e-02,-3.794311139502859476e-02,-5.031393216044577343e-02,-1.090834819629371566e-02,-1.837457057864666510e-02,-1.387116656983744534e-02,-4.675695332005958861e-03,1.047548274548004699e-02,7.059010162590251269e-03,1.927706915322469072e-02,9.404323007610404517e-03,1.230986558202529224e-02,2.273043422892095933e-02,3.319207603279172858e-02,3.526838580761681996e-02,-1.614310693788792550e+00,2.709553767021917747e-01,-3.158010713481020082e-02,-1.621967856490001969e+00,8.071309482935797031e-02,1.910162928962493289e-01,-2.069328353475623938e+00,-9.611459065369016841e-01,-1.646019459799052398e-01,-9.375804954448201389e-01,-9.076224724945398670e-01,1.859515591317061900e-01
1.260000000000000286e-01,-2.643811365490700283e-02,-1.836377800379018418e-02,2.569986378269417671e-02,4.668771276814132065e-02,5.427897974718831620e-02,5.243669156134192488e-02,3.288274569034577155e-02,4.709147523072010344e-02,5.571221804578696535e-02,-1.153738968871431680e-02,5.632823329353442432e-03,1.989935067107895597e-02,2.768749613718846092e-02,-1.091155122556610735e-01,7.839048924632097126e-02,2.319887686022692463e-02,-2.164347648677011904e-03,-5.908635125671946736e-02,-1.262715767772357445e-01,-7.119418861569150325e-02,-6.993918942511623271e-02,-9.938827347937273515e-03,-2.807975342389523385e-02,-7.106173955779748752e-02,-3.745272474064309520e-02,-3.934084172477181340e-02,-5.232825458740730795e-02,-1.350656922283866024e-02,-1.971222498219882269e-02,-1.438054384285125664e-02,-4.980045074772565528e-03,1.102150273062685489e-02,7.528246532932937087e-03,1.936029118743931576e-02,9.760071738628361970e-03,1.237665516066988047e-02,2.261181443192494811e-02,3.308091082023079110e-02,3.515250468183506172e-02,-1.613800281465477493e+00,2.715345803717547080e-01,-3.178810291700419344e-02,-1.622955846905781652e+00,7.997984535776905823e-02,1.924607284940320906e-01,-2.065111102263570864e+00,-9.562554667288601928e-01,-1.677305606976363661e-01,-9.385652722497299649e-01,-9.102405345056274744e-01,1.880602618842771023e-01
1.270000000000000295e-01,-2.755698451182864508e-02,-1.874531380032573233e-02,2.542056940743320573e-02,4.650798206168049731e-02,5.457484665102097648e-02,5.315410339530959871e-02,3.359141485107874914e-02,4.749714714171338753e-02,5.642582613412328724e-02,-9.365648519686242679e-03,7.068811390309459597e-03,2.020259806997470875e-02,2.760954487308309169e-02,-1.067525981643862032e-01,7.804009116674803792e-02,2.322976764306528344e-02,-2.125360481923355138e-03,-5.827482745686829446e-02,-1.256831069754773544e-01,-7.122621790617802984e-02,-6.932664036422232778e-02,-9.803761116042419843e-03,-2.874644449668739554e-02,-7.183675190126681542e-02,-3.776062332638562696e-02,-4.069498932205650732e-02,-5.432561874636210320e-02,-1.610480499208089000e-02,-2.104069252230411635e-02,-1.486839089814173676e-02,-5.279004265784869275e-03,1.155439462583984778e-02,7.985464054207191964e-03,1.943124778668314789e-02,1.010629011503860752e-02,1.243716336128253275e-02,2.249199763978859679e-02,3.296115897379614523e-02,3.502700546466464004e-02,-1.613213260305118579e+00,2.721128324622365535e-01,-3.195410398113289474e-02,-1.624024082226731558e+00,7.932179760736139673e-02,1.938952034722222217e-01,-2.060887156839285694e+00,-9.512898222344711163e-01,-1.709300779235962686e-01,-9.397993133520992082e-01,-9.124159636073967405e-01,1.899578144279768233e-01
1.280000000000000304e-01,-2.866294668532276199e-02,-1.913127323825536408e-02,2.513025803219326448e-02,4.631807128890708114e-02,5.486808057180781600e-02,5.386335561687641271e-02,3.428227403149408659e-02,4.788347561504036065e-02,5.712676017950447244e-02,-7.193854538736665916e-03,8.506115133259051220e-03,2.050454205081120307e-02,2.753359394674870231e-02,-1.043548870169805909e-01,7.768510515460125276e-02,2.326747224887126819e-02,-2.076376272904134623e-03,-5.745106417794731968e-02,-1.250455987993337459e-01,-7.124126802941813108e-02,-6.869680660923414839e-02,-9.673278514913175030e-03,-2.940321274803991969e-02,-7.256720661492988000e-02,-3.803684302606357565e-02,-4.200409687207784515e-02,-5.630438308303808981e-02,-1.870105397185595208e-02,-2.235890420381325683e-02,-1.533412305859771681e-02,-5.572290864995554927e-03,1.207363790101023682e-02,8.430131115818806364e-03,1.948971882488903518e-02,1.044289078480797883e-02,1.249168314622517255e-02,2.237142111760404006e-02,3.283324165152468055e-02,3.489243806269914927e-02,-1.612548437975527271e+00,2.726870492782322852e-01,-3.207530230996911980e-02,-1.625174794112257848e+00,7.874078029915025645e-02,1.953190935269805417e-01,-2.056662813479114060e+00,-9.462444458598571195e-01,-1.741992153133969934e-01,-9.412881628339169193e-01,-9.141273833376539759e-01,1.916396936737235490e-01
1.290000000000000313e-01,-2.975551160263067638e-02,-1.952169256205715797e-02,2.482902997394687006e-02,4.611800156076251156e-02,5.515866588697493356e-02,5.456415882456891464e-02,3.495484234540979784e-02,4.824999115144867901e-02,5.781443500745853115e-02,-5.023231705762576382e-03,9.944075203617508407e-03,2.080511834231968393e-02,2.745995381930077528e-02,-1.019237121664167134e-01,7.732697858729942197e-02,2.331277881143289932e-02,-2.017042904707278417e-03,-5.661500725885693086e-02,-1.243593540673830766e-01,-7.123936938729283352e-02,-6.805081417641511976e-02,-9.548491742721321174e-03,-3.005058171793084654e-02,-7.325283235766644196e-02,-3.828077276743835355e-02,-4.326689710589005228e-02,-5.826289396130768239e-02,-2.129332342733736283e-02,-2.366581601763906306e-02,-1.577726688752978390e-02,-5.859625875764162828e-03,1.257874363037814192e-02,8.861795443129594219e-03,1.953556269666156808e-02,1.076987082193037182e-02,1.254050760972535809e-02,2.225044937722308810e-02,3.269749021744994266e-02,3.474930868745929047e-02,-1.611805137141095745e+00,2.732545381832680031e-01,-3.215003589026176056e-02,-1.626409519394806935e+00,7.823824724017908183e-02,1.967312226411972453e-01,-2.052444297960732023e+00,-9.411167372070539106e-01,-1.775335789685453247e-01,-9.430340249287938459e-01,-9.153596626481088627e-01,1.931052523264376042e-01
1.300000000000000322e-01,-3.083440241832269280e-02,-1.991641011241096146e-02,2.451723132664129778e-02,4.590792819289157833e-02,5.544640604585371335e-02,5.525613863051261759e-02,3.560881141117055310e-02,4.859630443980389458e-02,5.848833355719618848e-02,-2.854819258422125472e-03,1.138203452570385465e-02,2.110417809247034163e-02,2.738872315371310498e-02,-9.946085419339922851e-02,7.696677031204046671e-02,2.336621340125821789e-02,-1.947188556455703434e-03,-5.576638819443147099e-02,-1.236245302009879588e-01,-7.122009823859468125e-02,-6.738922388997758972e-02,-9.430132889101106031e-03,-3.068888683767844947e-02,-7.389445001017236336e-02,-3.849297544590379871e-02,-4.448288120205967644e-02,-6.019945019875638098e-02,-2.387965724283036550e-02,-2.496048374326687025e-02,-1.619779345235761170e-02,-6.140741782869163501e-03,1.306935034204359525e-02,9.280321795650525729e-03,1.956895214924703197e-02,1.108755533906702340e-02,1.258392523075757552e-02,2.212916240338369880e-02,3.255387812830612404e-02,3.459793163701618823e-02,-1.610984746475070617e+00,2.738144273141855933e-01,-3.218107350926165122e-02,-1.627726967337887576e+00,7.781403344054006743e-02,1.981283362863292818e-01,-2.048237513148580380e+00,-9.359115210856934208e-01,-1.809166204083819673e-01,-9.450257445018849234e-01,-9.161226773647194177e-01,1.943692387252034248e-01
1.310000000000000331e-01,-3.189939518348028358e-02,-2.031521481927311967e-02,2.419526959691343029e-02,4.568803994597248064e-02,5.573105917433274215e-02,5.593889982117186688e-02,3.624391601214149716e-02,4.892204626043472615e-02,5.914795564660657590e-02,-6.896105309763812504e-04,1.281933643114951948e-02,2.140155139991728461e-02,2.731994780949076329e-02,-9.696820587450449835e-02,7.660544215999511020e-02,2.342823642950664365e-02,-1.866686565634712025e-03,-5.490488500061196930e-02,-1.228412487939540970e-01,-7.118291693177548896e-02,-6.671245441651674213e-02,-9.318839159532911823e-03,-3.131841652390754405e-02,-7.449315350593055385e-02,-3.867430786759573635e-02,-4.565173024585034156e-02,-6.211233832097384777e-02,-2.645810809910420502e-02,-2.624198805652034130e-02,-1.659578524687743695e-02,-6.415374131883311293e-03,1.354512818590825236e-02,9.685654103225971312e-03,1.959013838674561470e-02,1.139635233726821184e-02,1.262222386803379948e-02,2.200756863058161983e-02,3.240228941567613319e-02,3.443857428742003179e-02,-1.610089169334523174e+00,2.743663073223673310e-01,-3.217220602603658441e-02,-1.629125144997218166e+00,7.746762172234344934e-02,1.995066452450589278e-01,-2.044048292491497332e+00,-9.306355453524806087e-01,-1.843286453683167236e-01,-9.472488266741339036e-01,-9.164325465127687309e-01,1.954503351154648905e-01
1.320000000000000340e-01,-3.295026589625305036e-02,-2.071789571672244534e-02,2.386355226853975608e-02,4.545852542551243047e-02,5.601238326202429701e-02,5.661204773887920649e-02,3.685989098443220868e-02,4.922684746840433334e-02,5.979280088771155022e-02,1.471400761312136041e-03,1.425532402151796774e-02,2.169706848288166512e-02,2.725367384861243636e-02,-9.444766049402408825e-02,7.624395607588319024e-02,2.349930813987910483e-02,-1.775410409557309777e-03,-5.403017581339319281e-02,-1.220096318198913427e-01,-7.112728729458364652e-02,-6.602092322150188153e-02,-9.215247978429097486e-03,-3.193945919651408616e-02,-7.505003679749444601e-02,-3.882562740003114854e-02,-4.677312574560588132e-02,-6.399984429184613077e-02,-2.902672820008511678e-02,-2.750940952935376771e-02,-1.697132517739374444e-02,-6.683258707086192629e-03,1.400574698390455279e-02,1.007773616924723288e-02,1.959937242462705953e-02,1.169667100021287709e-02,1.265569209403549777e-02,2.188567595067736349e-02,3.224260819789837029e-02,3.427150550838087284e-02,-1.609120306816164581e+00,2.749097701840328978e-01,-3.212712480043450336e-02,-1.630602066242094805e+00,7.719856070777601775e-02,2.008623410487971883e-01,-2.039882482601335312e+00,-9.252956344407763378e-01,-1.877498270385942747e-01,-9.496887765730539499e-01,-9.163053789178529085e-01,1.963673163147403866e-01
1.330000000000000349e-01,-3.398679050762076770e-02,-2.112424193880712772e-02,2.352248680760871125e-02,4.521957308030266631e-02,5.629013615231359680e-02,5.727518826933344215e-02,3.745647121579587235e-02,4.951033899185919296e-02,6.042236867405037515e-02,3.627220505381334014e-03,1.568934017316037099e-02,2.199055969167451607e-02,2.718994753215486782e-02,-9.190111186933425103e-02,7.588327415782414320e-02,2.357988859361626055e-02,-1.673233681167562775e-03,-5.314193890638518880e-02,-1.211298017212874001e-01,-7.105267064608655758e-02,-6.531504653175825015e-02,-9.119996979031430584e-03,-3.255230326135327701e-02,-7.556619384331098033e-02,-3.894779202548326325e-02,-4.784674964533763841e-02,-6.586025345998258729e-02,-3.158356927943017922e-02,-2.876182857550002234e-02,-1.732449659598467306e-02,-6.944131510595141776e-03,1.445087623133112231e-02,1.045651164251593102e-02,1.959690507157541006e-02,1.198892149700769849e-02,1.268461908921958425e-02,2.176349188370663157e-02,3.207471874584744143e-02,3.409699531223120417e-02,-1.608080057921841943e+00,2.754444095998238584e-01,-3.204942189561407750e-02,-1.632155751300032875e+00,7.700646252716124296e-02,2.021915995625797324e-01,-2.035745941337733900e+00,-9.198986752461725258e-01,-1.911602145759923599e-01,-9.523310992027493871e-01,-9.157572741844370867e-01,1.971390353967624742e-01
1.340000000000000357e-01,-3.500874492716832265e-02,-2.153404271548087223e-02,2.317248066753485602e-02,4.497137120086280859e-02,5.656407553251163733e-02,5.792792782851232530e-02,3.803339164463981348e-02,4.977215183037353441e-02,6.103615816832874685e-02,5.776854174111001328e-03,1.712072754259930107e-02,2.228185552134487671e-02,2.712881531670374713e-02,-8.933045437485365170e-02,7.552435869692208925e-02,2.367043765445542292e-02,-1.560030064500672609e-03,-5.223985270857101765e-02,-1.202018814996410612e-01,-7.095852781103229034e-02,-6.459523929936163145e-02,-9.033723992427857355e-03,-3.315723709271489739e-02,-7.604271859454402038e-02,-3.904166039499035179e-02,-4.887228433724910559e-02,-6.769185050390102987e-02,-3.412668261124274238e-02,-2.999832539313329605e-02,-1.765538333048377595e-02,-7.197728736363817603e-03,1.488018510257305312e-02,1.082192399275916372e-02,1.958298691675475212e-02,1.227351478687488395e-02,1.270929453166935730e-02,2.164102373814235855e-02,3.189850554463413701e-02,3.391531449789120245e-02,-1.606970319726943153e+00,2.759698213713882575e-01,-3.194259046038276650e-02,-1.633784226310286858e+00,7.689100054505321191e-02,2.034905845654980672e-01,-2.031644536048482941e+00,-9.144516037610125325e-01,-1.945397431765798490e-01,-9.551612993100438986e-01,-9.148043236124534516e-01,1.977844113869954290e-01
1.350000000000000366e-01,-3.601590502885355233e-02,-2.194708736863359988e-02,2.281394129393055081e-02,4.471410791787100436e-02,5.683395892410869621e-02,5.856987334899190628e-02,3.859038725914265555e-02,5.001191705327423520e-02,6.163366829033423144e-02,7.919306810655779572e-03,1.854882857244533056e-02,2.257078662444733652e-02,2.707032385049767953e-02,-8.673758296448497163e-02,7.516817221649052527e-02,2.377141497360257816e-02,-1.435673309832629979e-03,-5.132359582220802352e-02,-1.192259948064506858e-01,-7.084431913655242496e-02,-6.386191516705631843e-02,-8.957067035627819251e-03,-3.375454901562768839e-02,-7.648070498187876931e-02,-3.910809188284058990e-02,-4.984941267424192191e-02,-6.949291937634338723e-02,-3.665411902502224706e-02,-3.121797990465680073e-02,-1.796406971113650997e-02,-7.443786739053770418e-03,1.529334246124536278e-02,1.117391649002508203e-02,1.955786832257410887e-02,1.255086242551728404e-02,1.273000848209049352e-02,2.151827876057943456e-02,3.171385335125753019e-02,3.372673428939565454e-02,-1.605792987551701190e+00,2.764856037553288792e-01,-3.181002528158372034e-02,-1.635485522885892440e+00,7.685190710784653434e-02,2.047554513116384145e-01,-2.027584141965049103e+00,-9.089613924812227630e-01,-1.978682455517802863e-01,-9.581648812471813548e-01,-9.134626110443846425e-01,1.983224188379774933e-01
1.360000000000000375e-01,-3.700804665678747440e-02,-2.236316530819681958e-02,2.244727612934127245e-02,4.444797120059940099e-02,5.709954367308966994e-02,5.920063226564333675e-02,3.912719309645185106e-02,5.022926579793418611e-02,6.221439770512793288e-02,1.005358301338610261e-02,1.997298549787940303e-02,2.285718382390334105e-02,2.701451996933990074e-02,-8.412439319250530900e-02,7.481567751086481977e-02,2.388327997474792852e-02,-1.300037208527005106e-03,-5.039284704082769295e-02,-1.182022660348258647e-01,-7.070950451126556402e-02,-6.311548643528944180e-02,-8.890664298623285333e-03,-3.434452728801939969e-02,-7.688124690230724312e-02,-3.914794664132559276e-02,-5.077781798242720496e-02,-7.126174324808777494e-02,-3.916392892499453993e-02,-3.241987169377669176e-02,-1.825064059389092108e-02,-7.682041997826960511e-03,1.569001687491899943e-02,1.151243218807884543e-02,1.952179942304077542e-02,1.282137637298674804e-02,1.274705126394026777e-02,2.139526427489579774e-02,3.152064724825986292e-02,3.353152596861397328e-02,-1.604549955135405215e+00,2.769913577943400873e-01,-3.165502349924179115e-02,-1.637257677683858992e+00,7.688897131626613868e-02,2.059823500571814625e-01,-2.023570640752893279e+00,-9.034350386173436442e-01,-2.011254646051324202e-01,-9.613273488315929871e-01,-9.117482136374660540e-01,1.987720791708017798e-01
1.370000000000000384e-01,-3.798494563099996668e-02,-2.278206602834176309e-02,2.207289261785438592e-02,4.417314885535184033e-02,5.736058694032575289e-02,5.981981250069193234e-02,3.964354424196026017e-02,5.042382926800925702e-02,6.277784481150615326e-02,1.217868692152146437e-02,2.139254035369742013e-02,2.314087812594145185e-02,2.696145069221467239e-02,-8.149278123280456754e-02,7.446783768373199663e-02,2.400649183914715587e-02,-1.152995567598846804e-03,-4.944728536725762069e-02,-1.171308204114955842e-01,-7.055354338679320492e-02,-6.235636403097479658e-02,-8.835154130384381688e-03,-3.492746008277469727e-02,-7.724543820585605403e-02,-3.916208565559475829e-02,-5.165718407369945808e-02,-7.299660445165301326e-02,-4.165416231392882196e-02,-3.360307993999533949e-02,-1.851518138033059202e-02,-7.912231075128506319e-03,1.606987663447379325e-02,1.183741391193260384e-02,1.947503012778639686e-02,1.308546880284522373e-02,1.276071333851635896e-02,2.127198781105654746e-02,3.131877269346317050e-02,3.332996050172765123e-02,-1.603243114813548864e+00,2.774866876248908709e-01,-3.148078547932624260e-02,-1.639098731983170465e+00,7.700203682598576183e-02,2.071674295401930432e-01,-2.019609919216267979e+00,-8.978795531491815529e-01,-2.042910670711423071e-01,-9.646342052031690040e-01,-9.096772025575343701e-01,1.991524536837500636e-01
1.379999999999999838e-01,-3.894637775320708428e-02,-2.320357910374637109e-02,2.169119820959597780e-02,4.388982852390865830e-02,5.761684569200964390e-02,6.042702244810651407e-02,4.013917582863824052e-02,5.059523873160376439e-02,6.332350773074324479e-02,1.429362220146712659e-02,2.280683498194324699e-02,2.342170073310789746e-02,2.691116321663944433e-02,-7.884464389644296745e-02,7.412561618590984835e-02,2.414150949082660702e-02,-9.944221840316735950e-04,-4.848659003162048009e-02,-1.160117840889616225e-01,-7.037589480170369782e-02,-6.158495747809868831e-02,-8.791175023719512496e-03,-3.550363546972024054e-02,-7.757437268226885507e-02,-3.915137079836350509e-02,-5.248719525840117583e-02,-7.469578442532354146e-02,-4.412286882160687540e-02,-3.476668335072963245e-02,-1.875777803423872570e-02,-8.134090570530714756e-03,1.643258977822225839e-02,1.214880424964270671e-02,1.941781013179166848e-02,1.334355191233260740e-02,1.277128517490222492e-02,2.114845722364844249e-02,3.110811556589121452e-02,3.312230815915251370e-02,-1.601874357697966600e+00,2.779712007603573065e-01,-3.129041584085896777e-02,-1.641006731270242103e+00,7.719099967949137608e-02,2.083068404006947483e-01,-2.015707868157227356e+00,-8.923019507700401531e-01,-2.073446578507047167e-01,-9.680709526794923914e-01,-9.072656435924619789e-01,1.994826381404302129e-01
1.389999999999999847e-01,-3.989211881256825992e-02,-2.362749418593645956e-02,2.130260036511533173e-02,4.359819768198969214e-02,5.786807669013382949e-02,6.102187095729075250e-02,4.061382303641414282e-02,5.074312551934978543e-02,6.385088429561402990e-02,1.639739203393197897e-02,2.421521104013057632e-02,2.369948305731783833e-02,2.686370491370215774e-02,-7.618187864743530824e-02,7.378997685249011340e-02,2.428879158194297005e-02,-8.241908188368896049e-04,-4.751044050925301576e-02,-1.148452842375342620e-01,-7.017601740789203291e-02,-6.080167487023604295e-02,-8.759365598972834732e-03,-3.607334139759377223e-02,-7.786914404759270880e-02,-3.911666488428622301e-02,-5.326753635810766579e-02,-7.635756365793389122e-02,-4.656809773807069064e-02,-3.590976009125679963e-02,-1.897851709479292381e-02,-8.347357069717453726e-03,1.677782412080697227e-02,1.244654554843149796e-02,1.935038893086016634e-02,1.359603773333572900e-02,1.277905711463089844e-02,2.102468080039399112e-02,3.088856220796242988e-02,3.290883812856648660e-02,-1.600445573860033832e+00,2.784445083481210115e-01,-3.108692463568209219e-02,-1.642979724831483912e+00,7.745580617217651120e-02,2.093967385298565465e-01,-2.011870381388644269e+00,-8.867092407720231773e-01,-2.102657947597825761e-01,-9.716230926094916454e-01,-9.045295976843231722e-01,1.997817588577402437e-01
1.399999999999999856e-01,-4.082194459142884230e-02,-2.405360099970144105e-02,2.090750655968331984e-02,4.329844363773416305e-02,5.811403648299551250e-02,6.160396731608066417e-02,4.106722109158100764e-02,5.086712102236834454e-02,6.435947203971137398e-02,1.848899910185952677e-02,2.561701001007321565e-02,2.397405673293517836e-02,2.681912332279656752e-02,-7.350638361673889065e-02,7.346188393931241123e-02,2.444879647833086977e-02,-6.421751709315692835e-04,-4.651851653845540807e-02,-1.136314491369869728e-01,-6.995336949937502879e-02,-6.000692284511923574e-02,-8.740364586490745324e-03,-3.663686567603718913e-02,-7.813084593066756123e-02,-3.905883172373503243e-02,-5.399789271854293915e-02,-7.798022163491236114e-02,-4.898789805181946733e-02,-3.703138771269065543e-02,-1.917748568645150087e-02,-8.551767088762929347e-03,1.710524728705032152e-02,1.273057991527482002e-02,1.927301584280138869e-02,1.384333794380987470e-02,1.278431923093092948e-02,2.090066736093287858e-02,3.065999946408082266e-02,3.268981812072402349e-02,-1.598958652517015411e+00,2.789062253988123241e-01,-3.087322868053575531e-02,-1.645015765352637604e+00,7.779645075550503663e-02,2.104332883386057229e-01,-2.008103354901090931e+00,-8.811084189284199564e-01,-2.130340033993539106e-01,-9.752761252259641855e-01,-9.014851213803413144e-01,2.000689702184808294e-01
1.409999999999999865e-01,-4.173563087105325309e-02,-2.448168933956784699e-02,2.050632428749565861e-02,4.299075353021075685e-02,5.835448139571530746e-02,6.217292123297937789e-02,4.149910526622191398e-02,5.096685669010181385e-02,6.484876818705043178e-02,2.056744557924039540e-02,2.701157320731972789e-02,2.424525362986340582e-02,2.677746614602716235e-02,-7.082005761437581981e-02,7.314230215867967289e-02,2.462198224529110399e-02,-4.482488508070758826e-04,-4.551049813805674304e-02,-1.123704082675383020e-01,-6.970740904349481681e-02,-5.920110656129142640e-02,-8.734810807854209713e-03,-3.719449595765267347e-02,-7.836057185948774872e-02,-3.897873617575386973e-02,-5.467795022264265725e-02,-7.956203678605611174e-02,-5.138031849309632193e-02,-3.813064307829128197e-02,-1.935477152551134949e-02,-8.747057013779979684e-03,1.741452675068622113e-02,1.300084922199085113e-02,1.918594003431417505e-02,1.408586367942987749e-02,1.278736118250201233e-02,2.077642634607945737e-02,3.042231471583711766e-02,3.246551396777607595e-02,-1.597415482221688388e+00,2.793559709855543138e-01,-3.065215304218851800e-02,-1.647112908524550612e+00,7.821297397994136924e-02,2.114126659375910045e-01,-2.004412686183445036e+00,-8.755064604327126299e-01,-2.156287918548202565e-01,-9.790155494974333017e-01,-8.981482672033949122e-01,2.003634535344429035e-01
1.419999999999999873e-01,-4.263295343733375375e-02,-2.491154906634118760e-02,2.009946106581006475e-02,4.267531432795701463e-02,5.858916752075504775e-02,6.272834281865602435e-02,4.190921087763246899e-02,5.104196402798777399e-02,6.531826964197895435e-02,2.263173312084277092e-02,2.839824179121830383e-02,2.451290586661825088e-02,2.673878124227835329e-02,-6.812480013966215608e-02,7.283219671424934205e-02,2.480880663367157971e-02,-2.422853540662295302e-04,-4.448606562466927983e-02,-1.110622923998856315e-01,-6.943759371448043893e-02,-5.838462967700853296e-02,-8.743343155824834581e-03,-3.774651972018672197e-02,-7.855941524741272275e-02,-3.887724419992677483e-02,-5.530739530377059426e-02,-8.110128643554981309e-02,-5.374340758246276550e-02,-3.920660228833972027e-02,-1.951046292344926769e-02,-8.932963036107022248e-03,1.770532987813311365e-02,1.325729511489592664e-02,1.908941055356194738e-02,1.432402534505250458e-02,1.278847206170441453e-02,2.065196789802037358e-02,3.017539591386020348e-02,3.223618921386028902e-02,-1.595817951055365613e+00,2.797933684108317998e-01,-3.042643267723660339e-02,-1.649269212655053218e+00,7.870546048017727780e-02,2.123310622222839561e-01,-2.000804273697159630e+00,-8.699103139562951448e-01,-2.180296649418267951e-01,-9.828268629798309064e-01,-8.945350839433606760e-01,2.006844171833372381e-01
1.429999999999999882e-01,-4.351368808648371084e-02,-2.534297010370023528e-02,1.968732443901277662e-02,4.235231282756091176e-02,5.881785070843115193e-02,6.326984256664180961e-02,4.229727328772472233e-02,5.109207459496056813e-02,6.576747297938467796e-02,2.468086285294024407e-02,2.977635677558954086e-02,2.477684582337991159e-02,2.670311662092661464e-02,-6.542251138950128109e-02,7.253253333506926026e-02,2.500972706625681496e-02,-2.415803481570222289e-05,-4.344489962963127283e-02,-1.097072336839746143e-01,-6.914338092933691726e-02,-5.755789433140456879e-02,-8.766600573006932962e-03,-3.829322424888050719e-02,-7.872846937919407428e-02,-3.875522290689970006e-02,-5.588591495904760009e-02,-8.259624675478294265e-02,-5.607521368480528068e-02,-4.025834060390388186e-02,-1.964464878704941242e-02,-9.109221083237972749e-03,1.797732397733264875e-02,1.349985902903849677e-02,1.898367636832220748e-02,1.455823242575782217e-02,1.278794023713158978e-02,2.052730293171611820e-02,2.991913160663095192e-02,3.200210469770503607e-02,-1.594167946824483817e+00,2.802180453383674719e-01,-3.019871422883796397e-02,-1.651482738286610186e+00,7.927403700503468653e-02,2.131846858590467630e-01,-1.997284016504147441e+00,-8.643268968886186343e-01,-2.202161377322885971e-01,-9.866955616684883745e-01,-8.906616168709849957e-01,2.010510979369486417e-01
1.439999999999999891e-01,-4.437761063070366774e-02,-2.577574243484370697e-02,1.927032198263312068e-02,4.202193565228506955e-02,5.904028655740134468e-02,6.379703133322145447e-02,4.266302790240874415e-02,5.111682000074013743e-02,6.619587443522156889e-02,2.671383536507221379e-02,3.114525904004361578e-02,2.503690615498133099e-02,2.667052043518491899e-02,-6.271509226471394527e-02,7.224427830867918843e-02,2.522520062453992296e-02,2.062599210179705267e-04,-4.238668111551292111e-02,-1.083053657362276212e-01,-6.882422788597519769e-02,-5.672130112806561542e-02,-8.805222029206749568e-03,-3.883489661905439871e-02,-7.886882739680123322e-02,-3.861354060728316995e-02,-5.641319676279276524e-02,-8.404519271846000450e-02,-5.837378506897161756e-02,-4.128493236983699771e-02,-1.975741861542479327e-02,-9.275566745594154838e-03,1.823017635160573136e-02,1.372848220712308276e-02,1.886898640963918794e-02,1.478889329704369433e-02,1.278605319051662192e-02,2.040244319804118689e-02,2.965341096634155349e-02,3.176351812705924260e-02,-1.592467357260938243e+00,2.806296338872505403e-01,-2.997155798313998198e-02,-1.653751547819425793e+00,7.991887049424886702e-02,2.139697661702366638e-01,-1.993857814048244581e+00,-8.587630918241345723e-01,-2.221677481188901737e-01,-9.906071398509708192e-01,-8.865439078762158420e-01,2.014827633884679337e-01
1.449999999999999900e-01,-4.522452487207796051e-02,-2.620961777750796529e-02,1.884888231040093842e-02,4.168437198367014318e-02,5.925622636884408934e-02,6.430953293242680502e-02,4.300623643580638727e-02,5.111591569713435507e-02,6.660304128026517390e-02,2.872969109595802095e-02,3.250428117477310863e-02,2.529289620366892422e-02,2.664099795521223876e-02,-6.000433082683764158e-02,7.196834359729020747e-02,2.545557070032167246e-02,4.489943610908042615e-04,-4.131128932222560834e-02,-1.068570294406434584e-01,-6.847953244202642509e-02,-5.587513343178995839e-02,-8.859551676983379309e-03,-3.937165676145084475e-02,-7.898148230715440477e-02,-3.845319698169991085e-02,-5.688930598437424296e-02,-8.544664606323415512e-02,-6.063725997080737784e-02,-4.228557634326746140e-02,-1.984902464965720634e-02,-9.431826754497498258e-03,1.846370828519727780e-02,1.394320958932482139e-02,1.874564712149418000e-02,1.501635592227579252e-02,1.278303718738937889e-02,2.027730482457856809e-02,2.937810089890424692e-02,3.152057416328313266e-02,-1.590718337401388904e+00,2.810279958513517973e-01,-2.974727502840321391e-02,-1.656073344646315615e+00,8.063971801826788632e-02,2.146834641962269696e-01,-1.990531704839429317e+00,-8.532273968021153454e-01,-2.238660603400346449e-01,-9.945478610010051179e-01,-8.821973916236515167e-01,2.019956315482123732e-01
1.459999999999999909e-01,-4.605434651671291846e-02,-2.664419459961253275e-02,1.842351809237952054e-02,4.133982182899841734e-02,5.946540509886988346e-02,6.480702178004715819e-02,4.332676569857631804e-02,5.108941225304075573e-02,6.698882601846500862e-02,3.072763164023717061e-02,3.385272310481557412e-02,2.554453114727817109e-02,2.661438247874636787e-02,-5.729156163906257149e-02,7.170542215822583998e-02,2.570072693581559875e-02,7.036666893056596787e-04,-4.021939548997899294e-02,-1.053633901855381971e-01,-6.810845575018698028e-02,-5.501921050893932019e-02,-8.928754338105802588e-03,-3.990295685513724905e-02,-7.906702697861422990e-02,-3.827571340384628568e-02,-5.731581678393515844e-02,-8.680011948561272561e-02,-6.286413647768407387e-02,-4.325997192390929058e-02,-1.992036836931898591e-02,-9.578193640233934048e-03,1.867835690807373439e-02,1.414450137091938231e-02,1.861419504429884242e-02,1.524072998517667088e-02,1.277887662858345763e-02,2.015141904189432509e-02,2.909297725599735429e-02,3.127297533982709848e-02,-1.588924114662104703e+00,2.814138818264558806e-01,-2.952745405398078671e-02,-1.658444389374393424e+00,8.143457397481218552e-02,2.153265918754014296e-01,-1.987312282598862279e+00,-8.477348917544272888e-01,-2.253006452069831189e-01,-9.985070708978212028e-01,-8.776350852647804013e-01,2.025936168350419564e-01
1.469999999999999918e-01,-4.686701928215519786e-02,-2.707903305200565214e-02,1.799476305876357429e-02,4.098848794412246477e-02,5.966755358184672869e-02,6.528918470501700322e-02,4.362450879080472660e-02,5.103744377946339839e-02,6.735315233499417076e-02,3.270689880782429171e-02,3.518987681035312676e-02,2.579150269502106588e-02,2.659046434198319986e-02,-5.457800637468235294e-02,7.145615278919370539e-02,2.596044514733053532e-02,9.697973425271122494e-04,-3.911186892750827954e-02,-1.038258207911821884e-01,-6.771009992858489923e-02,-5.415323500016677727e-02,-9.011699890542956837e-03,-4.042808236124908333e-02,-7.912595395864840953e-02,-3.808274243951759175e-02,-5.769468066467409173e-02,-8.810537306150623138e-02,-6.505300227126609158e-02,-4.420794304445996303e-02,-1.997251408333067246e-02,-9.714951133563243246e-03,1.887471351641512030e-02,1.433292130776386841e-02,1.847522441808546745e-02,1.546206344610068402e-02,1.277349439847208501e-02,2.002422216786303721e-02,2.879779346559097064e-02,3.102030980886105738e-02,-1.587088193634297095e+00,2.817882269353642610e-01,-2.931349197990426592e-02,-1.660860577378058256e+00,8.230099985708505539e-02,2.159008737841527359e-01,-1.984206279806383755e+00,-8.423022984478530928e-01,-2.264630989957885920e-01,-1.002474884664181998e+00,-8.728694027182084536e-01,2.032775719752940857e-01
1.479999999999999927e-01,-4.766248693573871265e-02,-2.751369328073849374e-02,1.756315100293548426e-02,4.063057311750695177e-02,5.986240257484620741e-02,6.575570826574538008e-02,4.389935883101105801e-02,5.096014409328608608e-02,6.769594372598719545e-02,3.466673428050004446e-02,3.651503455174953672e-02,2.603350267361470571e-02,2.656903392207699346e-02,-5.186488735476402212e-02,7.122117508738767810e-02,2.623450063983234770e-02,1.246906975564509917e-03,-3.798957905059996421e-02,-1.022456958359931889e-01,-6.728356729969764416e-02,-5.327690872042057518e-02,-9.107258053544509124e-03,-4.094631899416745907e-02,-7.915875541462315257e-02,-3.787593770806463311e-02,-5.802784930759674609e-02,-8.936216634571092499e-02,-6.720244460999147407e-02,-4.512931277006426711e-02,-2.000652677469805241e-02,-9.842382589522635783e-03,1.905336971108484434e-02,1.450903285499105522e-02,1.832932974613576960e-02,1.568040139743809291e-02,1.276681191510675543e-02,1.989515223899385177e-02,2.849230343135911170e-02,3.076216051876690116e-02,-1.585214090501459117e+00,2.821519213567559303e-01,-2.910676487999754036e-02,-1.663317798067529996e+00,8.323656538916333891e-02,2.164080362161279747e-01,-1.981220429001329997e+00,-8.369463303242444807e-01,-2.273450523496645670e-01,-1.006441415722101551e+00,-8.679127590297476269e-01,2.040483697850983269e-01
1.489999999999999936e-01,-4.844069330019217662e-02,-2.794773542154871740e-02,1.712921578643200604e-02,4.026628016939381993e-02,6.004968274762090275e-02,6.620627872815765258e-02,4.415120895112092936e-02,5.085764670111547064e-02,6.801712349701725946e-02,3.660637962977819626e-02,3.782748889980513951e-02,2.627022302887338512e-02,2.654988162502203153e-02,-4.915342754091422961e-02,7.100112948202408347e-02,2.652266819734316536e-02,1.534516489737569600e-03,-3.685339536918119663e-02,-1.006243916883780010e-01,-6.682796044952876713e-02,-5.238993271998281659e-02,-9.214298360439077129e-03,-4.145695273674432357e-02,-7.916592311123185621e-02,-3.765695388439205260e-02,-5.831727453880830581e-02,-9.057025841871002569e-02,-6.931105035634033129e-02,-4.602390328700023403e-02,-2.002347208904442510e-02,-9.960770949775543670e-03,1.921491745876924284e-02,1.467339919106524886e-02,1.817710585385468036e-02,1.589578589467288694e-02,1.275874902128526327e-02,1.976364907053396180e-02,2.817626153423002586e-02,3.049810497273552912e-02,-1.583305333811922511e+00,2.825058101163440138e-01,-2.890862892474661827e-02,-1.665811934141986361e+00,8.423884299238885986e-02,2.168498062817784122e-01,-1.978361462912801461e+00,-8.316836924417145838e-01,-2.279381722044189762e-01,-1.010396775759918597e+00,-8.627775704602673734e-01,2.049069024705697517e-01
1.499999999999999944e-01,-4.920158225918136452e-02,-2.838071959433197122e-02,1.669349134393582901e-02,3.989581195059344054e-02,6.022912467205232545e-02,6.664058204398147500e-02,4.437995229128358088e-02,5.073008478352036832e-02,6.831661476166760172e-02,3.852507633530688480e-02,3.912653276568756749e-02,2.650135582746138141e-02,2.653279787336293438e-02,-4.644485052620961341e-02,7.079665726520012470e-02,2.682472207463471384e-02,1.832147061203048821e-03,-3.570418747353221872e-02,-9.896328653170050060e-02,-6.634238228692623807e-02,-5.149200734721980782e-02,-9.331690133321579594e-03,-4.195926985607467685e-02,-7.914794838907759922e-02,-3.742744669725039941e-02,-5.856490829421145961e-02,-9.172940793799577719e-02,-7.137740600960018611e-02,-4.689153589438666003e-02,-2.002441632049301035e-02,-1.007039870470194387e-02,1.935994915510041992e-02,1.482658324393337952e-02,1.801914794924108776e-02,1.610825578898911550e-02,1.274922387582888561e-02,1.962915431396616839e-02,2.784942263275969054e-02,3.022771499233289916e-02,-1.581365465237251300e+00,2.828506928896044603e-01,-2.872042121742680865e-02,-1.668338860858131101e+00,8.530540236586545144e-02,2.172279108094460898e-01,-1.975636114631336593e+00,-8.265310816278975681e-01,-2.282341633819526816e-01,-1.014331074701983804e+00,-8.574762545632383937e-01,2.058540808487195617e-01
1.509999999999999953e-01,-4.994509776277622493e-02,-2.881220589759658779e-02,1.625651168831110382e-02,3.951937134090011128e-02,6.040045881104250114e-02,6.705830382925803690e-02,4.458548199455438649e-02,5.057759117965598961e-02,6.859434044021694987e-02,4.042206580377970954e-02,4.041145943049473388e-02,2.672659325878212755e-02,2.651757309373881100e-02,-4.374038052432505097e-02,7.060840062106253645e-02,2.714043599023652220e-02,2.139320168999869765e-03,-3.454282501974281772e-02,-9.726376038225170717e-02,-6.582593610273780593e-02,-5.058283231287408199e-02,-9.458302459712797372e-03,-4.245255691977867230e-02,-7.910532214436319376e-02,-3.718907292366280259e-02,-5.877270258149013687e-02,-9.283937319378443576e-02,-7.340009774432366962e-02,-4.773203099918399417e-02,-2.001042639465788753e-02,-1.017154785529594992e-02,1.948905768940490182e-02,1.496914771931656500e-02,1.785605168450432600e-02,1.631784656214874119e-02,1.273815284548929228e-02,1.949111151182281523e-02,2.751154206221961829e-02,2.995055648717936947e-02,-1.579398040316273955e+00,2.831873238162355144e-01,-2.854346052628473074e-02,-1.670894445313504839e+00,8.643380518391786949e-02,2.175440750361919140e-01,-1.973051117822183453e+00,-8.215051868691674031e-01,-2.282247698852738482e-01,-1.018234420681068286e+00,-8.520212302514553748e-01,2.068908335004981947e-01
1.519999999999999962e-01,-5.067118383284396899e-02,-2.924175440289689121e-02,1.581881091569848144e-02,3.913716124713095823e-02,6.056341550683396607e-02,6.745912934304065800e-02,4.476769120138725938e-02,5.040029837230708409e-02,6.885022325841827495e-02,4.229658938836644566e-02,4.168156257435828849e-02,2.694562763702545993e-02,2.650399770424849769e-02,-4.104124235687045541e-02,7.043700265321417575e-02,2.746958312078318087e-02,2.455557622751403102e-03,-3.337017771443572672e-02,-9.552719510021212557e-02,-6.527772562846445581e-02,-4.966210675570437855e-02,-9.593004171295493876e-03,-4.293610081270582413e-02,-7.903853480967118483e-02,-3.694349037934552271e-02,-5.894260943931772800e-02,-9.389991216891502290e-02,-7.537771145459792876e-02,-4.854520811469331676e-02,-1.998256984869106745e-02,-1.026449987505895223e-02,1.960283651094396618e-02,1.510165513094507972e-02,1.768841321866831962e-02,1.652459016422413995e-02,1.272545039791151029e-02,1.934896614968506512e-02,2.716237563250034626e-02,2.966618923176023159e-02,-1.577406629184470832e+00,2.835164113265846164e-01,-2.837904791543627292e-02,-1.673474545743786290e+00,8.762159991292993444e-02,2.178000210774058698e-01,-1.970613206980278864e+00,-8.166226899569913877e-01,-2.279017759360498219e-01,-1.022096920013666033e+00,-8.464249178524684281e-01,2.080181058666721039e-01
1.529999999999999971e-01,-5.137978456836522767e-02,-2.966892514922792393e-02,1.538092321067940915e-02,3.874938460079491859e-02,6.071772496873695246e-02,6.784274346625362995e-02,4.492647304397071051e-02,5.019833847333154964e-02,6.908418574640373677e-02,4.414788840861706004e-02,4.293613630504022893e-02,2.715815140335564246e-02,2.649186210164389266e-02,-3.834866143901827229e-02,7.028310741038756859e-02,2.781193609672527600e-02,2.780381589963187849e-03,-3.218711529885487366e-02,-9.375497439359437024e-02,-6.469685509409339730e-02,-4.872952930926910398e-02,-9.734663824789270906e-03,-4.340918875401067467e-02,-7.894807633580239181e-02,-3.669235790499625338e-02,-5.907658089372347376e-02,-9.491078260269691924e-02,-7.730883280423439530e-02,-4.933088586277811771e-02,-1.994191480817563908e-02,-1.034953567202379077e-02,1.970187969627978930e-02,1.522466783269971202e-02,1.751682928077658019e-02,1.672851485484549983e-02,1.271102899616982640e-02,1.920216570520461019e-02,2.680167962478918753e-02,2.937416665051139839e-02,-1.575394817288364946e+00,2.838386179803899512e-01,-2.822846727702289782e-02,-1.676075010833325996e+00,8.886631674957196081e-02,2.179974661650734280e-01,-1.968329117727138478e+00,-8.119002664096264255e-01,-2.272570068032845336e-01,-1.025908677178263728e+00,-8.406997391523602925e-01,2.092368592965112573e-01
1.539999999999999980e-01,-5.207084415066721289e-02,-3.009327813738815749e-02,1.494338285154395152e-02,3.835624435537532406e-02,6.086311726024496577e-02,6.820883068067871979e-02,4.506172064035876557e-02,4.997184320953396153e-02,6.929615023768986859e-02,4.597520417086098377e-02,4.417447518591854916e-02,2.736385712825128991e-02,2.648095664833238772e-02,-3.566386376341590392e-02,7.014735991031662010e-02,2.816726699941085599e-02,3.113314622861906855e-03,-3.099450753238341613e-02,-9.194848381517850555e-02,-6.408242928478813383e-02,-4.778479816966374472e-02,-9.882149685030316988e-03,-4.387110831448648440e-02,-7.883443617462607134e-02,-3.643733534837555882e-02,-5.917656891159150945e-02,-9.587174205843095043e-02,-7.919204728289930273e-02,-5.008888197999006309e-02,-1.988952996079840219e-02,-1.042693555107154779e-02,1.978678201752437360e-02,1.533874805248824913e-02,1.734189723341472700e-02,1.692964504862759512e-02,1.269479899522929500e-02,1.905015969413481614e-02,2.642921078709292715e-02,2.907403561210619714e-02,-1.573366206084488184e+00,2.841545603182485391e-01,-2.809298576696840632e-02,-1.678691679038087248e+00,9.016546268202998982e-02,2.181381206453771038e-01,-1.966205587149793654e+00,-8.073545866839482166e-01,-2.262823294792741802e-01,-1.029659794796735861e+00,-8.348581174275666594e-01,2.105480700585004028e-01
1.549999999999999989e-01,-5.274430684857334128e-02,-3.051437332429252081e-02,1.450672421565402104e-02,3.795794348325420842e-02,6.099932228550697388e-02,6.855707504804309238e-02,4.517332708841184652e-02,4.972094390897562749e-02,6.948603886830051479e-02,4.777777798904914164e-02,4.539587426330848885e-02,2.756243751398601560e-02,2.647107165919182492e-02,-3.298807588247543165e-02,7.003040616182421019e-02,2.853534735955909341e-02,3.453879684715665654e-03,-2.979322417557028757e-02,-9.010911075255423341e-02,-6.343355359607949495e-02,-4.682761116397714946e-02,-1.003432971030049532e-02,-4.432114743409698576e-02,-7.869810326291151736e-02,-3.618008354210200395e-02,-5.924452535128033048e-02,-9.678254799426033728e-02,-8.102594026818410455e-02,-5.081901332779370506e-02,-1.982648452668600569e-02,-1.049697917673775294e-02,1.985813901114363497e-02,1.544445792773574411e-02,1.716421513619836858e-02,1.712800116540779891e-02,1.267666854091586970e-02,1.889239971320488820e-02,2.604472632859166845e-02,2.876533623401034481e-02,-1.571324413722410274e+00,2.844648087263495495e-01,-2.797385414649673774e-02,-1.681320377920172193e+00,9.151651667547326674e-02,2.182236857271153407e-01,-1.964249354181967888e+00,-8.030023176885400238e-01,-2.249696532667548321e-01,-1.033340373618951036e+00,-8.289124774645363347e-01,2.119527283215327240e-01
1.559999999999999998e-01,-5.340011702346725286e-02,-3.093177061722496290e-02,1.407148178494122166e-02,3.755468497224168090e-02,6.112606977514900564e-02,6.888716018917717676e-02,4.526118545952195760e-02,4.944577148773034864e-02,6.965377357601676422e-02,4.955485120602975968e-02,4.659962909302084455e-02,2.775358539725081286e-02,2.646199738818832969e-02,-3.032252488906639343e-02,6.993289318510287345e-02,2.891594815714526243e-02,3.801600175581398844e-03,-2.858413497279066462e-02,-8.823824441132409324e-02,-6.274933408727757789e-02,-4.585766581925154739e-02,-1.019007153994078152e-02,-4.475859443957030948e-02,-7.853956600712243274e-02,-3.592226427712530423e-02,-5.928240191039656909e-02,-9.764295783699639131e-02,-8.280909709353156956e-02,-5.152109590703934927e-02,-1.975384822528525319e-02,-1.055994553668382352e-02,1.991654704693202049e-02,1.554235954234872708e-02,1.698438180890082805e-02,1.732359948598460875e-02,1.265654347176292660e-02,1.872833947978724475e-02,2.564798391290068827e-02,2.844760169822402318e-02,-1.569273075711242527e+00,2.847698873150759091e-01,-2.787230703132831389e-02,-1.683956923493050706e+00,9.291692498264432498e-02,2.182558509732109020e-01,-1.962467160027648649e+00,-7.988601246051874050e-01,-2.233109303490785069e-01,-1.036940512510699408e+00,-8.228752455671396460e-01,2.134518371142424265e-01
1.570000000000000007e-01,-5.403821913426698487e-02,-3.134502986803244795e-02,1.363819015154188463e-02,3.714667182174080651e-02,6.124308927141131065e-02,6.919876926320744914e-02,4.532518879212644319e-02,4.914645643711092887e-02,6.979927609973833602e-02,5.130566521523461515e-02,4.778503576608140319e-02,2.793699375191360801e-02,2.645352401478051618e-02,-2.766843839566668350e-02,6.985546903017203491e-02,2.930883982270193755e-02,4.155999957423439639e-03,-2.736810963457481094e-02,-8.633727579168359867e-02,-6.202887753273023108e-02,-4.487465943173285510e-02,-1.034824248425358917e-02,-4.518273806197337095e-02,-7.835931226911643788e-02,-3.566554027187507359e-02,-5.929215007076393817e-02,-9.845272905848201361e-02,-8.454010312189330634e-02,-5.219494487680398365e-02,-1.967269123879455961e-02,-1.061611290602781921e-02,1.996260339688005203e-02,1.563301496496949383e-02,1.680299689383968342e-02,1.751645201400808816e-02,1.263432722422974663e-02,1.855743486826489166e-02,2.523874165027928038e-02,2.812035807910450921e-02,-1.567215845568936450e+00,2.850702738122294910e-01,-2.778956305024465889e-02,-1.686597119576606962e+00,9.436409658011210566e-02,2.182362915283679594e-01,-1.960865748627229177e+00,-7.949446730216263024e-01,-2.212981564236376486e-01,-1.040450308445031169e+00,-8.167588495518178782e-01,2.150464112693247498e-01
1.580000000000000016e-01,-5.465855774230510278e-02,-3.175371086724698699e-02,1.320738402360133179e-02,3.673410703852297843e-02,6.135011011257995861e-02,6.949158494676854758e-02,4.536523008497850284e-02,4.882312881137120669e-02,6.992246797897738730e-02,5.302946148274179788e-02,4.895139093351774662e-02,2.811235569191694594e-02,2.644544163011630644e-02,-2.502704451205772784e-02,6.979878279352069725e-02,2.971379224006698294e-02,4.516603378533989854e-03,-2.614601781976455541e-02,-8.440759765849037422e-02,-6.127129147066190384e-02,-4.387828913616154125e-02,-1.050770951671120730e-02,-4.559286745412371999e-02,-7.815782935272987120e-02,-3.541157513709647375e-02,-5.927572104068934422e-02,-9.921161925405776183e-02,-8.621754382490154356e-02,-5.284037457774105190e-02,-1.958408417201562557e-02,-1.066575881275255711e-02,1.999690630346950826e-02,1.571698628835216383e-02,1.662066091721969840e-02,1.770656634464806700e-02,1.260992074179334566e-02,1.837914394302364585e-02,2.481675808879879597e-02,2.778312418416373220e-02,-1.565156395453620730e+00,2.853663994716930663e-01,-2.772682491439495966e-02,-1.689236757161075797e+00,9.585539873041158676e-02,2.181666650767270510e-01,-1.959451867166401851e+00,-7.912726313739073536e-01,-2.189233714874700976e-01,-1.043859856497084682e+00,-8.105757187305782097e-01,2.167374763588657827e-01
1.590000000000000024e-01,-5.526107751611375463e-02,-3.215737333812374033e-02,1.277959823124685812e-02,3.631719363213247592e-02,6.144686141668564971e-02,6.976528941318838051e-02,4.538120229019337870e-02,4.847591821591226008e-02,7.002327055348045448e-02,5.472548156968582572e-02,5.009799183011232754e-02,2.827936447430978717e-02,2.643754022299482989e-02,-2.239957182158924809e-02,6.976348463292536550e-02,3.013057475056246659e-02,4.882935297235047045e-03,-2.491872911754233755e-02,-8.245060450510920125e-02,-6.047568424926196701e-02,-4.286825197489330108e-02,-1.066733926843976832e-02,-4.598827220772605529e-02,-7.793560399122423377e-02,-3.516203333643399404e-02,-5.923506569462055893e-02,-9.991938622262665215e-02,-8.784000486731358137e-02,-5.345719855998832398e-02,-1.948909800866260866e-02,-1.070916000437938109e-02,2.002005504705462249e-02,1.579483566969975064e-02,1.643797534900537372e-02,1.789394554073586718e-02,1.258322238833686768e-02,1.819292698797747576e-02,2.438179220458280838e-02,2.743541140860061844e-02,-1.563098416776121935e+00,2.856586489985085686e-01,-2.768527939843659635e-02,-1.691871613778929140e+00,9.738815266999141518e-02,2.180486085241583605e-01,-1.958232266627967899e+00,-7.878606736918384312e-01,-2.161786608734467818e-01,-1.047159249842483764e+00,-8.043382838820407610e-01,2.185260676258450052e-01
1.600000000000000033e-01,-5.584572323611203259e-02,-3.255557693059296653e-02,1.235536773276812994e-02,3.589613460989626859e-02,6.153307206445424171e-02,7.001956431162791039e-02,4.537299830603691575e-02,4.810495379600989579e-02,7.010160496297856980e-02,5.639296715498121060e-02,5.122413629705180327e-02,2.843771350239565621e-02,2.642960966559604330e-02,-1.978724935609799465e-02,6.975022578045297905e-02,3.055895615864922740e-02,5.254521104766762818e-03,-2.368711302948911523e-02,-8.046769251123241096e-02,-5.964116506974681542e-02,-4.184424496660588133e-02,-1.082599802495209929e-02,-4.636824237009840033e-02,-7.769312233554614977e-02,-3.491858014283913403e-02,-5.917213451036928973e-02,-1.005757880477995414e-01,-8.940607219638298242e-02,-5.404522961567836958e-02,-1.938880406410126156e-02,-1.074659241613451499e-02,2.003265001190968411e-02,1.586712537170953397e-02,1.625554266102025025e-02,1.807858801700135132e-02,1.255412786628840038e-02,1.799824653259918250e-02,2.393360339111616497e-02,2.707672360435609341e-02,-1.561045620792729238e+00,2.859473604914254952e-01,-2.766609723424756639e-02,-1.694497452883755306e+00,9.895962942260849715e-02,2.178837344006417376e-01,-1.957213702386728205e+00,-7.847254826358734947e-01,-2.130561566454465816e-01,-1.050338579759374724e+00,-7.980589772108585001e-01,2.204132289160939673e-01
1.610000000000000042e-01,-5.641244454455085489e-02,-3.294789512478324411e-02,1.193518180707675569e-02,3.547112002889996063e-02,6.160847858496687479e-02,7.025413572908290050e-02,4.534060521216831674e-02,4.771045249462992771e-02,7.015746643107689806e-02,5.803120588109944578e-02,5.232913622239365042e-02,2.858708966688006115e-02,2.642142835942396309e-02,-1.719125236086371800e-02,6.975952373607531565e-02,3.099867540760703824e-02,5.630881267882248409e-03,-2.245198548467497446e-02,-7.846030088616774700e-02,-5.876714347077660605e-02,-4.080606336353564956e-02,-1.098254963204103873e-02,-4.673195749983172220e-02,-7.743073500687103206e-02,-3.468256050270148577e-02,-5.908881328990256421e-02,-1.011808440797716813e-01,-9.091463970662427840e-02,-5.460439728813826221e-02,-1.928419354702093358e-02,-1.077833296867280848e-02,2.003528167767898438e-02,1.593439785267802833e-02,1.607386218179129508e-02,1.826042635000435510e-02,1.252251050880737009e-02,1.779461798499282210e-02,2.347205487128878332e-02,2.670666490277984195e-02,-1.559001442887217204e+00,2.862330563432423647e-01,-2.767019988029699451e-02,-1.697110533034189350e+00,1.005674508388190169e-01,2.176736275753212158e-01,-1.956400710833798406e+00,-7.818785161808271544e-01,-2.095529828606604861e-01,-1.053388913028940443e+00,-7.917504206009964296e-01,2.223998534243651903e-01
1.620000000000000051e-01,-5.696121018587430029e-02,-3.333395695974595424e-02,1.151934665522036383e-02,3.504228819381305371e-02,6.167284886163182378e-02,7.046890901308078270e-02,4.528438699289605296e-02,4.729298384870996713e-02,7.019114714865137827e-02,5.963966899252869797e-02,5.341235775414122228e-02,2.872715355529109615e-02,2.641272900969715912e-02,-1.461253949111762651e-02,6.979135757967425135e-02,3.144935389132230696e-02,6.011514841254506081e-03,-2.121394855963654180e-02,-7.643003588653574099e-02,-5.785422781210636245e-02,-3.975389556484287823e-02,-1.113584930016786601e-02,-4.707815346916177646e-02,-7.714825242700885932e-02,-3.445403564401263580e-02,-5.898673045303581830e-02,-1.017356176609678503e-01,-9.236583222302297003e-02,-5.513510029256574185e-02,-1.917593615443236033e-02,-1.080466499160914924e-02,2.002849759377234307e-02,1.599711598988395878e-02,1.589301772590001605e-02,1.843914400674551146e-02,1.248816239670125228e-02,1.758176124556642961e-02,2.299742390628223276e-02,2.632526374884358589e-02,-1.556968154356558776e+00,2.865171176651822305e-01,-2.769756671559645000e-02,-1.699709139943223812e+00,1.022108176627142678e-01,2.174198435423361775e-01,-1.955788937416824247e+00,-7.793103015634018638e-01,-2.056860754496313004e-01,-1.056305224575215806e+00,-7.854259903321031411e-01,2.244862064483283404e-01
1.630000000000000060e-01,-5.749199377383940046e-02,-3.371340530885058584e-02,1.110812291077767182e-02,3.460976453429642774e-02,6.172595843059358600e-02,7.066383362554473635e-02,4.520480180445218821e-02,4.685320517607240859e-02,7.020301347895951949e-02,6.121787415113733033e-02,5.447318094747011230e-02,2.885755978197890315e-02,2.640323228934082778e-02,-1.205201514510534366e-02,6.984557200009831879e-02,3.191058398657675016e-02,6.395915800973650533e-03,-1.997355110904397435e-02,-7.437854640078578328e-02,-5.690332716162327387e-02,-3.868802911247382070e-02,-1.128475003491358208e-02,-4.740545477306357114e-02,-7.684534989124269799e-02,-3.423274615746985799e-02,-5.886744962326619784e-02,-1.022414333959962285e-01,-9.376008319211370790e-02,-5.563785408116528330e-02,-1.906462083718629685e-02,-1.082587266095424994e-02,2.001283589055669054e-02,1.605572303799140954e-02,1.571299056835329111e-02,1.861435864595550882e-02,1.245085334451667865e-02,1.735944846472348146e-02,2.251009142040327760e-02,2.593264956992414119e-02,-1.554947751951501811e+00,2.868010599767583102e-01,-2.774794549505628372e-02,-1.702292062374070269e+00,1.038893209432679710e-01,2.171239036313897530e-01,-1.955371807825523334e+00,-7.770061470930361702e-01,-2.014773290081288137e-01,-1.059083466108079463e+00,-7.790992518354807883e-01,2.266723961507100538e-01
1.640000000000000069e-01,-5.800476904860341065e-02,-3.408588296586723132e-02,1.070177146475570495e-02,3.417367454981024011e-02,6.176758256845493733e-02,7.083885812865897691e-02,4.510230772154777412e-02,4.639177329973012687e-02,7.019343168608570271e-02,6.276533967949138315e-02,5.551098634281403238e-02,2.897796370782534936e-02,2.639265810966939449e-02,-9.510583601957556255e-03,6.992201205183379287e-02,3.238195848427816159e-02,6.783578521599942235e-03,-1.873134225836281530e-02,-7.230748246097284948e-02,-5.591535188496310482e-02,-3.760875265434293624e-02,-1.142810476384292610e-02,-4.771248540803307847e-02,-7.652170255428723811e-02,-3.401843301698948691e-02,-5.873253378641354883e-02,-1.026996162922882011e-01,-9.509782725667781378e-02,-5.611317341199039549e-02,-1.895083605928471124e-02,-1.084223914506976527e-02,1.998883644962523576e-02,1.611066262884941480e-02,1.553376375228499029e-02,1.878568316152184892e-02,1.241035052589722909e-02,1.712745336092469373e-02,2.201043854066764630e-02,2.552894487109025334e-02,-1.552942254606203054e+00,2.870862992019005966e-01,-2.782108701141616791e-02,-1.704858082952422693e+00,1.056025401170703204e-01,2.167872905328933619e-01,-1.955142751486852237e+00,-7.749513777636694023e-01,-1.969486458865099543e-01,-1.061719588926447688e+00,-7.727837712397629399e-01,2.289585304843389235e-01
1.650000000000000078e-01,-5.849950987891539694e-02,-3.445103263914006675e-02,1.030055346696201468e-02,3.373414380359607972e-02,6.179749627998410572e-02,7.099393018094257712e-02,4.497736272574703875e-02,4.590934454149777494e-02,7.016276793979957238e-02,6.428158458893395988e-02,5.652515497756738921e-02,2.908802144832067435e-02,2.638072560090076735e-02,-6.989148988492565294e-03,7.002052315462226062e-02,3.286307061483917380e-02,7.173997790365760352e-03,-1.748787139452590012e-02,-7.021849516748623898e-02,-5.489121364397808733e-02,-3.651635602237045947e-02,-1.156476635141245879e-02,-4.799786887492318854e-02,-7.617698544317841325e-02,-3.381083753055236230e-02,-5.858354523431177213e-02,-1.031114918106101896e-01,-9.637950035653508607e-02,-5.656157240249903156e-02,-1.883516971432186438e-02,-1.085404658914823628e-02,1.995704096427308727e-02,1.616237881028048315e-02,1.535532214693624553e-02,1.895272564027949622e-02,1.236641845701136333e-02,1.688555120130530440e-02,2.149884656949918593e-02,2.511426520808734963e-02,-1.550953703814060169e+00,2.873741534982092172e-01,-2.791674508308231162e-02,-1.707405977981348633e+00,1.073500421921738252e-01,2.164114441479024487e-01,-1.955095201152532436e+00,-7.731313338347332031e-01,-1.921219319925735469e-01,-1.064209544008896113e+00,-7.664931152521315960e-01,2.313447163853208366e-01
1.660000000000000087e-01,-5.897619026408752047e-02,-3.480849694561971575e-02,9.904730327195743200e-03,3.329129791631180169e-02,6.181547428547506939e-02,7.112899653347781737e-02,4.483042469386377266e-02,4.540657471652511518e-02,7.011138832044050417e-02,6.576612860588326726e-02,5.751506839651287367e-02,2.918738987974878532e-02,2.636715309443937727e-02,-4.488615246522442703e-03,7.014095109289231189e-02,3.335351407255204848e-02,7.566668820555566555e-03,-1.624368815597243554e-02,-6.811323661085388892e-02,-5.383182538897068881e-02,-3.541113030447284177e-02,-1.169358761494177119e-02,-4.826022818413377991e-02,-7.581087346987791520e-02,-3.360970129042727822e-02,-5.842204550803867247e-02,-1.034783859119170479e-01,-9.760553982680608698e-02,-5.698356458622955145e-02,-1.871820904104515293e-02,-1.086157610231541781e-02,1.991799299477481355e-02,1.621131608428338922e-02,1.517765250059532889e-02,1.911508933576655522e-02,1.231881898819287176e-02,1.663351877600138806e-02,2.097569695518775035e-02,2.468871917855697262e-02,-1.548984163966329763e+00,2.876658453235174107e-01,-2.803467653416565064e-02,-1.709934517253941078e+00,1.091313809592792811e-01,2.159977573078720736e-01,-1.955222592500794221e+00,-7.715313693505325698e-01,-1.870190930261339535e-01,-1.066549282104283458e+00,-7.602408510389171425e-01,2.338310590084914375e-01
1.670000000000000095e-01,-5.943478433573101682e-02,-3.515791840476500951e-02,9.514563716254365033e-03,3.284526255933339911e-02,6.182129100772870700e-02,7.124400302627709181e-02,4.466195138638884982e-02,4.488411912876191096e-02,7.003965882382479080e-02,6.721849219627884509e-02,5.848010866089969895e-02,2.927572664345134967e-02,2.635165810693873567e-02,-2.009886100740487791e-03,7.028314201494545443e-02,3.385288303898192908e-02,7.961087264102495453e-03,-1.499934242214129299e-02,-6.599335979113929440e-02,-5.273810134491353080e-02,-3.429336791032833176e-02,-1.181342134142937539e-02,-4.849818586294629696e-02,-7.542304144345912675e-02,-3.341476612290694703e-02,-5.824959534091902341e-02,-1.038016251001754459e-01,-9.877638449288195233e-02,-5.737966297230734369e-02,-1.860054053834003795e-02,-1.086510774759253013e-02,1.987223801802917578e-02,1.625791944442855907e-02,1.500074348809388169e-02,1.927237265837034030e-02,1.226731130393510227e-02,1.637113436621672954e-02,2.044137126021983164e-02,2.425240843169218508e-02,-1.547035722649233724e+00,2.879625037430262324e-01,-2.817464116709277044e-02,-1.712442463863623088e+00,1.109460962306244025e-01,2.155475713675287230e-01,-1.955518363752291489e+00,-7.701368506222096011e-01,-1.816620310311390929e-01,-1.068734753822086381e+00,-7.540405461063517389e-01,2.364176610005301604e-01
1.680000000000000104e-01,-5.987526635925988910e-02,-3.549893943228932258e-02,9.130315566749482373e-03,3.239616344769125772e-02,6.181472055864745130e-02,7.133889458481412760e-02,4.447240043593980729e-02,4.434263256740347825e-02,6.994794536619064473e-02,6.863819658810134394e-02,5.941965835611773272e-02,2.935269014811981228e-02,2.633395732619181473e-02,4.461349727056251879e-04,7.044694243202442863e-02,3.436077220527832682e-02,8.356749223316306541e-03,-1.375538430249179100e-02,-6.386051853542040746e-02,-5.161095699187701752e-02,-3.316336263079033841e-02,-1.192312030504094622e-02,-4.871036396475592056e-02,-7.501316408174618644e-02,-3.322577403766002746e-02,-5.806775460159509933e-02,-1.040825364608375381e-01,-9.989247476128637615e-02,-5.775038010748012596e-02,-1.848274988007770139e-02,-1.086492053479659603e-02,1.982032347107365311e-02,1.630263441226231791e-02,1.482458575247047605e-02,1.942416918211486987e-02,1.221165193135442806e-02,1.609817770615684651e-02,1.989625112767212656e-02,2.380542769632310041e-02,-1.545110490894990196e+00,2.882651669804165984e-01,-2.833640172811822955e-02,-1.714928574012013485e+00,1.127937131069428750e-01,2.150621716748640222e-01,-1.955975955300087499e+00,-7.689331546933676487e-01,-1.760726411698456118e-01,-1.070761909722138361e+00,-7.479057681822369741e-01,2.391046218053160255e-01
1.690000000000000113e-01,-6.029761073515471637e-02,-3.583120233376613228e-02,8.752248073732538103e-03,3.194412633264720469e-02,6.179553672543792314e-02,7.141361521669509216e-02,4.426222933576262619e-02,4.378276930430960445e-02,6.983661378917549456e-02,7.002476379190092359e-02,6.033310059791529428e-02,2.941793957004490076e-02,2.631376659889772540e-02,2.878544776868885435e-03,7.063219921721231032e-02,3.487677679341016912e-02,8.753151261793767901e-03,-1.251236412516743002e-02,-6.171636741381902186e-02,-5.045130903996497551e-02,-3.202140969085132127e-02,-1.202153728504917751e-02,-4.889538407996596447e-02,-7.458091602228567041e-02,-3.304246717683900769e-02,-5.787808223741233021e-02,-1.043224476946815749e-01,-1.009542527056703776e-01,-5.809622814034032245e-02,-1.836542183016964813e-02,-1.086129241659605955e-02,1.976279878808728796e-02,1.634590707248539942e-02,1.464917194047332671e-02,1.957006766832547484e-02,1.215159475709715053e-02,1.581442993895398885e-02,1.934071824586158783e-02,2.334786482740991431e-02,-1.543210603382045853e+00,2.885747852164862737e-01,-2.851972386607090626e-02,-1.717391596814243915e+00,1.146737412728671135e-01,2.145427829229896444e-01,-1.956588809353638769e+00,-7.679056678076214837e-01,-1.702728086408963337e-01,-1.072626700403526145e+00,-7.418500850991524009e-01,2.418920369952182181e-01
1.700000000000000122e-01,-6.070179199997438602e-02,-3.615434929807426201e-02,8.380623695120714700e-03,3.148927699388703871e-02,6.176351295640714056e-02,7.146810800848603373e-02,4.403189542827057323e-02,4.320518309244114619e-02,6.970602986484333852e-02,7.137771661927416744e-02,6.121981903709761141e-02,2.947113485129104760e-02,2.629080092031932381e-02,5.286440423818650203e-03,7.083875960422814089e-02,3.540049257627719825e-02,9.149790414473280009e-03,-1.127083242537096908e-02,-5.956256165458873042e-02,-4.926007539905663535e-02,-3.086780579612202757e-02,-1.210752508400370075e-02,-4.905186734830380146e-02,-7.412597183255043021e-02,-3.286458776405432047e-02,-5.768213621844209965e-02,-1.045226871467754975e-01,-1.019621621471569206e-01,-5.841771888738245960e-02,-1.824914015829159561e-02,-1.085450028781931309e-02,1.970021543047595358e-02,1.638818410673747658e-02,1.447449673156508965e-02,1.970965210618568983e-02,1.208689105273475124e-02,1.551967356678574279e-02,1.877515431148779612e-02,2.287980087066587842e-02,-1.541338218579556107e+00,2.888922236390159548e-01,-2.872437608461929359e-02,-1.719830274101642908e+00,1.165856743211751284e-01,2.139905643893128540e-01,-1.957350369596612349e+00,-7.670397838937180746e-01,-1.642844056792974183e-01,-1.074325076592322015e+00,-7.358870646798462145e-01,2.447799976211804396e-01
1.710000000000000131e-01,-6.108778482712162033e-02,-3.646802239068680507e-02,8.015705151923846472e-03,3.103174123132879103e-02,6.171842234633783536e-02,7.150231512269478173e-02,4.378185589364047559e-02,4.261052716534008411e-02,6.955655930076100335e-02,7.269657869921664073e-02,6.207919786265581052e-02,2.951193669572749201e-02,2.626477442588681654e-02,7.668919363506886654e-03,7.106647118614706216e-02,3.593151589666909729e-02,9.546164196821749215e-03,-1.003133993351079667e-02,-5.740075705871561240e-02,-4.803817514370711805e-02,-2.970284917280440959e-02,-1.217993654593785106e-02,-4.917843447229897080e-02,-7.364800601926368984e-02,-3.269187805335072028e-02,-5.748147348243427129e-02,-1.046845838303663012e-01,-1.029166487282795472e-01,-5.871536390052334298e-02,-1.813448755669622159e-02,-1.084481998818187520e-02,1.963312690973362251e-02,1.642991282575856360e-02,1.430055686013487204e-02,1.984250177021618447e-02,1.201728950849600963e-02,1.521369239543002294e-02,1.819994099152566491e-02,2.240131014500201800e-02,-1.539495518831010656e+00,2.892182657477376795e-01,-2.895012968835262990e-02,-1.722243340221683017e+00,1.185289891062834416e-01,2.134066050682513760e-01,-1.958254080858441437e+00,-7.663209030815431033e-01,-1.581292885912242707e-01,-1.075852989227867207e+00,-7.300302746252997910e-01,2.477685895735371457e-01
1.720000000000000140e-01,-6.145556402734797530e-02,-3.677186354679440328e-02,7.657755428262635888e-03,3.057164485652785757e-02,6.166003762143690281e-02,7.151617779491870053e-02,4.351256773845958020e-02,4.199945423765294450e-02,6.938856774512493220e-02,7.398087449230716928e-02,6.291062180326711939e-02,2.954000656288346960e-02,2.623540038474914127e-02,1.002507941164676453e-02,7.131518191404762064e-02,3.646944368506055412e-02,9.941770613175027194e-03,-8.794437563224287088e-03,-5.523260991449863155e-02,-4.678652847358045347e-02,-2.852683960120661055e-02,-1.223762457436050610e-02,-4.927370573168632362e-02,-7.314669303675458423e-02,-3.252408027830977488e-02,-5.727764988103789534e-02,-1.048094674455468944e-01,-1.038181599798040367e-01,-5.898967453569613911e-02,-1.802204555857223056e-02,-1.083252630851161413e-02,1.956208880270482453e-02,1.647154119980820397e-02,1.412735113067808967e-02,1.996819129449889374e-02,1.194253627518770955e-02,1.489627147354655179e-02,1.761545988413981689e-02,2.191246034230776019e-02,-1.537684710371727048e+00,2.895536169184493858e-01,-2.919675872295224295e-02,-1.724629521835107315e+00,1.205031451274264642e-01,2.127919187044782501e-01,-1.959293388799423496e+00,-7.657344302600742614e-01,-1.518292947905014456e-01,-1.077206389547348708e+00,-7.242932824058894159e-01,2.508578929446216854e-01
1.730000000000000149e-01,-6.180510454899534184e-02,-3.706551456425977165e-02,7.307037771177249397e-03,3.010911368367530372e-02,6.158813112383398902e-02,7.150963633115869911e-02,4.322448778444165640e-02,4.137261650674917135e-02,6.920242079196128882e-02,7.523012930266226306e-02,6.371347612711275588e-02,2.955500665955446485e-02,2.620239119533440686e-02,1.235401877649655589e-02,7.158474009563418894e-02,3.701387347619977675e-02,1.033610816423413854e-02,-7.560676399327448394e-03,-5.305977691254026157e-02,-4.550605666980755970e-02,-2.734007844283548039e-02,-1.227944214986731453e-02,-4.933630099847129830e-02,-7.262170729428385485e-02,-3.236093660141436956e-02,-5.707222012759816110e-02,-1.048986683925996616e-01,-1.046671453797376472e-01,-5.924116202212204030e-02,-1.791239445841563693e-02,-1.081789300058888514e-02,1.948765875905111855e-02,1.651351788710453405e-02,1.395488042568127085e-02,2.008629076344892184e-02,1.186237501412756856e-02,1.456719702697428787e-02,1.702209247894748145e-02,2.141331264396839976e-02,-1.535908023274818124e+00,2.898989082304861964e-01,-2.946403990971072084e-02,-1.726987537710141796e+00,1.225075839419795809e-01,2.121474387344896295e-01,-1.960461739609201448e+00,-7.652657736863407445e-01,-1.454062398163601388e-01,-1.078381229168339228e+00,-7.186896551559952551e-01,2.540479813832721145e-01
1.740000000000000158e-01,-6.213638147797473366e-02,-3.734861709639547556e-02,6.963815690219643528e-03,2.964427352016008391e-02,6.150247479563786257e-02,7.148263010531419326e-02,4.291807265720759546e-02,4.073066565542404760e-02,6.899848398639399361e-02,7.644386928760571465e-02,6.448714663996435448e-02,2.955659992911785841e-02,2.616545838294026538e-02,1.465483608447870623e-02,7.187499439385192090e-02,3.756440342449662850e-02,1.072867585371328758e-02,-6.330607685756107529e-03,-5.088391506156009214e-02,-4.419768204768148578e-02,-2.614286866122617070e-02,-1.230424234710314306e-02,-4.936483975244598116e-02,-7.207272316224822006e-02,-3.220218906379423984e-02,-5.686673774687722727e-02,-1.049535177799605506e-01,-1.054640564038855644e-01,-5.947033753186347499e-02,-1.780611323488745512e-02,-1.080119279067215214e-02,1.941039650065379263e-02,1.655629226020449707e-02,1.378314770605992834e-02,2.019636581876493864e-02,1.177654695474839031e-02,1.422625638845831202e-02,1.642022011694166742e-02,2.090392185340173015e-02,-1.534167711320116201e+00,2.902547005619382503e-01,-2.975175257466665391e-02,-1.729316098513713262e+00,1.245417286094141207e-01,2.114740131451398331e-01,-1.961752579718404554e+00,-7.649003436525447785e-01,-1.388819143238763099e-01,-1.079373460169047005e+00,-7.132329595722671778e-01,2.573389214304279693e-01
1.750000000000000167e-01,-6.244937003746686699e-02,-3.762081264456806906e-02,6.628352956822958220e-03,2.917725015671290834e-02,6.140284016250951993e-02,7.143509755686716645e-02,4.259377877513648158e-02,4.007425285574450768e-02,6.877712282998185711e-02,7.762162146502138427e-02,6.523101968147670959e-02,2.954445003851091656e-02,2.612431259937242692e-02,1.692663040458652901e-02,7.218579382549084045e-02,3.812063231818596520e-02,1.111897319416099705e-02,-5.104782813535102548e-03,-4.870668160544511238e-02,-4.286232790612398702e-02,-2.493551483659217638e-02,-1.231087835092248284e-02,-4.935794109688673714e-02,-7.149941497723677486e-02,-3.204757953549108862e-02,-5.666275502702244893e-02,-1.049753474268178138e-01,-1.062093465673714654e-01,-5.967771224923890810e-02,-1.770377947662504781e-02,-1.078269739678683337e-02,1.933086381281778898e-02,1.660031443013654240e-02,1.361215800397275189e-02,2.029797778211995044e-02,1.168479095958252674e-02,1.387323792317385340e-02,1.581022395044007212e-02,2.038433654378257742e-02,-1.532466051780482452e+00,2.906214889571753779e-01,-3.005967857259582432e-02,-1.731613906599587471e+00,1.266049831664085856e-01,2.107723992586614248e-01,-1.963159355523217631e+00,-7.646235512167187665e-01,-1.322780810491603898e-01,-1.080179035165990342e+00,-7.079367618156789943e-01,2.607307718240278183e-01
1.760000000000000175e-01,-6.274404558734891779e-02,-3.788174255060861029e-02,6.300913603444424638e-03,2.870816935708342399e-02,6.128899831676992704e-02,7.136697618877008154e-02,4.225206233829581493e-02,3.940402877401849580e-02,6.853870278615062372e-02,7.876291371833099575e-02,6.594448211964731854e-02,2.951822136280401673e-02,2.607866362467170518e-02,1.916850127148217453e-02,7.251698775984082024e-02,3.868215959225729250e-02,1.150650021197696660e-02,-3.883753308864256858e-03,-4.652973394185933032e-02,-4.150091847435932735e-02,-2.371832317452016517e-02,-1.229820347150623050e-02,-4.931422377424921066e-02,-7.090145704587946796e-02,-3.189684966637162250e-02,-5.646182297410806683e-02,-1.049654898603844810e-01,-1.069034714565786359e-01,-5.986379743971826511e-02,-1.760596931148850075e-02,-1.076267754981286018e-02,1.924962452714141029e-02,1.664603526820584989e-02,1.344191840793706842e-02,2.039068379303410686e-02,1.158684359620520965e-02,1.350793095049462704e-02,1.519248490343194646e-02,1.985459922000343269e-02,-1.530805345119881977e+00,2.909997072713805255e-01,-3.038760220611157192e-02,-1.733879655793359120e+00,1.286967321336784376e-01,2.100432584546372272e-01,-1.964675513122639661e+00,-7.644208070006754951e-01,-1.256164717610261938e-01,-1.080793907388795549e+00,-7.028146274173809882e-01,2.642235827604715870e-01
1.770000000000000184e-01,-6.302038441985623185e-02,-3.813108093256101228e-02,5.981726131478293240e-03,2.823714818322242692e-02,6.116072409358253026e-02,7.127821842991766133e-02,4.189342207293034193e-02,3.872068854129517845e-02,6.828359275509246484e-02,7.986736105335712210e-02,6.662700806113841523e-02,2.947764235740102379e-02,2.602824378556389817e-02,2.137954846302347889e-02,7.286833757810873280e-02,3.924854472068872724e-02,1.189078950058863882e-02,-2.668032637395789664e-03,-4.435459260020291339e-02,-4.011446973045051934e-02,-2.249169613090762007e-02,-1.226527245289110550e-02,-4.923253198757304716e-02,-7.027848252689583575e-02,-3.174951631758826665e-02,-5.626519674929308934e-02,-1.049252165211778387e-01,-1.075470017493036501e-01,-6.002908644093096768e-02,-1.751313583742275526e-02,-1.074135297647194065e-02,1.916714701567867607e-02,1.669382320804579933e-02,1.327235854741370957e-02,2.047406266826667931e-02,1.148246526811158574e-02,1.313023075850994204e-02,1.456740665727496338e-02,1.931483980708881276e-02,-1.529187391738452417e+00,2.913895863752152815e-01,-3.073513473878561331e-02,-1.736112063817312867e+00,1.308158701355622844e-01,2.092872334278289004e-01,-1.966294239112190478e+00,-7.642786948596956842e-01,-1.189167575411183564e-01,-1.081215245233229760e+00,-6.978791147580739596e-01,2.678179699080512899e-01
1.780000000000000193e-01,-6.327836617266191510e-02,-3.836863353451436254e-02,5.670876144761027859e-03,2.776426898009143676e-02,6.101780861718442139e-02,7.116883922746275459e-02,4.151852736436945079e-02,3.802510679630177748e-02,6.801217560314956612e-02,8.093492443248040402e-02,6.727841900196374070e-02,2.942269563069688579e-02,2.597287817337701199e-02,2.355887137251943750e-02,7.323925168752065673e-02,3.981918532221229157e-02,1.227150243141839070e-02,-1.457981921864526242e-03,-4.218223008540933350e-02,-3.870436222385099240e-02,-2.125641619780305192e-02,-1.221194559013216718e-02,-4.911261268066979824e-02,-6.962996024865031330e-02,-3.160419785592605280e-02,-5.607295222104102805e-02,-1.048555525048569248e-01,-1.081409617948034807e-01,-6.017400060746024709e-02,-1.742524484108898264e-02,-1.071874283341589518e-02,1.908351118876705152e-02,1.674371440279243117e-02,1.310309136082121739e-02,2.054779298478814908e-02,1.137151891742149701e-02,1.274045402755463741e-02,1.393548504673436383e-02,1.876555705239901783e-02,-1.527611915500081352e+00,2.917907416768327211e-01,-3.110119179786613453e-02,-1.738309966163003706e+00,1.329593650739820387e-01,2.085052419036867444e-01,-1.968007683311648215e+00,-7.641884941140707488e-01,-1.121904695349590919e-01,-1.081445075978377135e+00,-6.931387564383183486e-01,2.715168409370510849e-01
1.790000000000000202e-01,-6.351797148124928294e-02,-3.859423893571501535e-02,5.368413733181309766e-03,2.728960533818280618e-02,6.086004667752220598e-02,7.103886845652152005e-02,4.112808976829196439e-02,3.731820305059541099e-02,6.772483796335949935e-02,8.196565213212281265e-02,6.789862367376243990e-02,2.935342761641468110e-02,2.591241435432945286e-02,2.570556990431605016e-02,7.362905059553660758e-02,4.039343894604874308e-02,1.264833311329027765e-02,-2.539249721942304916e-04,-4.001348120270886710e-02,-3.727206883803013682e-02,-2.001336188975777822e-02,-1.213828523440074920e-02,-4.895443786175190243e-02,-6.895531838451596229e-02,-3.145928750638926630e-02,-5.588486977228424024e-02,-1.047574621125877681e-01,-1.086864898662178724e-01,-6.029894379661238091e-02,-1.734213976693377290e-02,-1.069481680917494515e-02,1.899869996545966097e-02,1.679566202037063860e-02,1.293365025008164082e-02,2.061157752857356584e-02,1.125389277272947908e-02,1.233902385985308214e-02,1.329723958799799988e-02,1.820734101573240338e-02,-1.526078118961843533e+00,2.922026560882893809e-01,-3.148452623581987631e-02,-1.740472211220198684e+00,1.351236208031679764e-01,2.076983193571328157e-01,-1.969807735116454239e+00,-7.641426520080536466e-01,-1.054470833787921058e-01,-1.081486642770435491e+00,-6.886010797936392702e-01,2.753236761454266879e-01
1.800000000000000211e-01,-6.373918118709688552e-02,-3.880773560591732618e-02,5.074389260630418619e-03,2.681323074838681819e-02,6.068723252404328167e-02,7.088833506050873368e-02,4.072282022096640475e-02,3.660089676956568283e-02,6.742196680137027553e-02,8.295959349722537013e-02,6.848753131237385328e-02,2.926988514059214452e-02,2.584669896090563412e-02,2.781874474795920094e-02,7.403705525479421790e-02,4.097066368640823325e-02,1.302097635498356172e-02,9.438134769568229387e-04,-3.784917989040526010e-02,-3.581906390650368976e-02,-1.876341308179574341e-02,-1.204435454408825379e-02,-4.875797876188725510e-02,-6.825398562029372229e-02,-3.131317782272713401e-02,-5.570072885818121849e-02,-1.046319106572773106e-01,-1.091847250320876483e-01,-6.040432053331156598e-02,-1.726366327084516428e-02,-1.066954536214526073e-02,1.891269656352978501e-02,1.684961940629925436e-02,1.276356831028380157e-02,2.066511796916969956e-02,1.112947452291379591e-02,1.192636468899221924e-02,1.265319052377567033e-02,1.764078027797877021e-02,-1.524585204154183860e+00,2.926248337190375248e-01,-3.188390493101504741e-02,-1.742597626451588111e+00,1.373049400853883495e-01,2.068675563333921275e-01,-1.971686282200112217e+00,-7.641336073352127389e-01,-9.869604530274894705e-02,-1.081343190264969945e+00,-6.842736134131268688e-01,2.792419550957630503e-01
1.810000000000000220e-01,-6.394197633578757589e-02,-3.900896189730796576e-02,4.788853359357858608e-03,2.633521859589649586e-02,6.049915985776666005e-02,7.071726705617242814e-02,4.030342903702033297e-02,3.587410738250840225e-02,6.710394942095311566e-02,8.391679892877590419e-02,6.904505164063223788e-02,2.917211539669706255e-02,2.577557770833927009e-02,2.989749738422187164e-02,7.446258705990249638e-02,4.155021818796189592e-02,1.338912766023270251e-02,2.134907784762329896e-03,-3.569015917832629725e-02,-3.434682313623094174e-02,-1.750745098462092031e-02,-1.193021747116507214e-02,-4.852320583766145390e-02,-6.752539115388866975e-02,-3.116426066562016928e-02,-5.552030800923235532e-02,-1.044798644499007889e-01,-1.096368071261779598e-01,-6.049053606761090052e-02,-1.718965720362186644e-02,-1.064289978371713019e-02,1.882548443884557443e-02,1.690554008008060549e-02,1.259237824690284668e-02,2.070811504610903242e-02,1.099815143019799990e-02,1.150290222673877594e-02,1.200385880090903967e-02,1.706646214351303925e-02,-1.523132372363000364e+00,2.930568010194729012e-01,-3.229810924909040648e-02,-1.744685018196082016e+00,1.394995246801259692e-01,2.060141056283282812e-01,-1.973635210315246802e+00,-7.641537892611928173e-01,-9.194677055275285449e-02,-1.081017964699016565e+00,-6.801638870147849181e-01,2.832751573874603968e-01
1.820000000000000229e-01,-6.412633817466106834e-02,-3.919775603627106975e-02,4.511856923834933752e-03,2.585564215392688325e-02,6.029562182340875154e-02,7.052569153892696008e-02,3.987062590829192760e-02,3.513875429299462283e-02,6.677117346851903223e-02,8.483731986810739978e-02,6.957109484951207179e-02,2.906016591948112904e-02,2.569889541343517436e-02,3.194093008874476780e-02,7.490496784369149452e-02,4.213146165025571932e-02,1.375248322169886350e-02,3.319031424453999790e-03,-3.353725115042482940e-02,-3.285682352969487852e-02,-1.624635811648822425e-02,-1.179593874439888168e-02,-4.825008877459913137e-02,-6.676896469205928497e-02,-3.101092718328235520e-02,-5.534338483632117445e-02,-1.043022907810063071e-01,-1.100438767119426980e-01,-6.055799642880499434e-02,-1.711996259682058152e-02,-1.061485225925062892e-02,1.873704722364255212e-02,1.696337773145462080e-02,1.241961229511945319e-02,2.074026875812196025e-02,1.085981044358996783e-02,1.106906340435687142e-02,1.134976604512027976e-02,1.648497284058647594e-02,-1.521718823904226081e+00,2.934981079311679286e-01,-3.272593545883163701e-02,-1.746733171503145332e+00,1.417034758384574933e-01,2.051391888860976953e-01,-1.975646403107158555e+00,-7.641956162859199209e-01,-8.520864171396769216e-02,-1.080514213962708858e+00,-6.762794312969546695e-01,2.874267634016494100e-01
1.830000000000000238e-01,-6.429224815001077786e-02,-3.937395611500393855e-02,4.243451104091189308e-03,2.537457457727310128e-02,6.007641100157412595e-02,7.031363468852047660e-02,3.942511990377584041e-02,3.439575688947771326e-02,6.642402693668206237e-02,8.572120877804412231e-02,7.006557157763904087e-02,2.893408455762447318e-02,2.561649601571991397e-02,3.394814593323491891e-02,7.536351987291302346e-02,4.271375383108644286e-02,1.411073991398659189e-02,4.495857005191617774e-03,-3.139128691147785588e-02,-3.135054330620468122e-02,-1.498101827207820591e-02,-1.164158384963132065e-02,-4.793859649130860490e-02,-6.598413644432499225e-02,-3.085156779439657271e-02,-5.516973603758357214e-02,-1.041001578976126218e-01,-1.104070750417431995e-01,-6.060710847590344147e-02,-1.705441965104759205e-02,-1.058537592668384875e-02,1.864736866387506353e-02,1.702308621646198006e-02,1.224480214141943080e-02,2.076127855402543423e-02,1.071433831212775800e-02,1.062527630907839082e-02,1.069143453309751024e-02,1.589689771877278446e-02,-1.520343757891370107e+00,2.939483290438865137e-01,-3.316619510360463430e-02,-1.748740850001137659e+00,1.439127951937515526e-01,2.042441026231399948e-01,-1.977711741939372825e+00,-7.642514953432977265e-01,-7.849100698080191396e-02,-1.079835187670729280e+00,-6.726277777687077464e-01,2.917002550096534641e-01
1.840000000000000246e-01,-6.443968790382337275e-02,-3.953740008297623731e-02,3.983687298520166564e-03,2.489208889567562366e-02,5.984131940102832559e-02,7.008112177509052965e-02,3.896761947065519038e-02,3.364603455612646954e-02,6.606289816688561134e-02,8.656851912096419355e-02,7.052839288921486371e-02,2.879391944517539770e-02,2.552822260090214720e-02,3.591824878422933409e-02,7.583756584343558094e-02,4.329645504881840523e-02,1.446359528574570064e-02,5.665056295535375597e-03,-2.925309655784102958e-02,-2.982946182284429426e-02,-1.371231648879955856e-02,-1.146721900723290943e-02,-4.758869714437619081e-02,-6.517033711408481977e-02,-3.068457217327181033e-02,-5.499913740702755405e-02,-1.038744349757769747e-01,-1.107275440109758563e-01,-6.063827994424021012e-02,-1.699286772681052327e-02,-1.055444493253521188e-02,1.855643255582517179e-02,1.708461955330298210e-02,1.206747884765801970e-02,2.077084352415914728e-02,1.056162169730656686e-02,1.017197011636383937e-02,1.002938716221812854e-02,1.530282144255590282e-02,-1.519006371996528548e+00,2.944070647594457246e-01,-3.361771532922518124e-02,-1.750706795802706495e+00,1.461233860397875561e-01,2.033302236886668501e-01,-1.979823105730622590e+00,-7.643138210359298190e-01,-7.180317842004696471e-02,-1.078984137233887974e+00,-6.692164585616554584e-01,2.960991162356277906e-01
1.850000000000000255e-01,-6.456863927004885539e-02,-3.968792573823565900e-02,3.732617146127381602e-03,2.440825800700840986e-02,5.959013845106486684e-02,6.982817716563127775e-02,3.849883243642970854e-02,3.289050668384473769e-02,6.568817585110434121e-02,8.737930533387715248e-02,7.095947025039882339e-02,2.863971897179906634e-02,2.543391742664224964e-02,3.785034329935932362e-02,7.632642887487685324e-02,4.387892618372735143e-02,1.481074755095201922e-02,6.826300248465422271e-03,-2.712350915211647617e-02,-2.829505949552313382e-02,-1.244113901088006457e-02,-1.127291114694273406e-02,-4.720035813399015012e-02,-6.432699788708662325e-02,-3.050832923710355971e-02,-5.483136384480102876e-02,-1.036260920891245441e-01,-1.110064261073218372e-01,-6.065191948803595051e-02,-1.693514533796980359e-02,-1.052203448509514416e-02,1.846422268217473572e-02,1.714793191794461436e-02,1.188717277770745540e-02,2.076866259126930458e-02,1.040154728408371199e-02,9.709575018645555389e-03,9.364147418186696825e-03,1.470332818012876075e-02,-1.517705862205414924e+00,2.948739424624902683e-01,-3.407933916898095439e-02,-1.752629729450412066e+00,1.483310549874802264e-01,2.023990141728422287e-01,-1.981972370802736805e+00,-7.643749750019513955e-01,-6.515443027461248482e-02,-1.077964315931158934e+00,-6.660530062251194261e-01,3.006268338637812509e-01
1.860000000000000264e-01,-6.467908427041413333e-02,-3.982537071856473432e-02,3.490292518209869854e-03,2.392315467027383846e-02,5.932265899399435938e-02,6.955482433092852190e-02,3.801946601212825155e-02,3.213009268143718344e-02,6.530024903264511349e-02,8.815362280060366762e-02,7.135871550417682840e-02,2.847153175187955298e-02,2.533342195058984822e-02,3.974353492112703279e-02,7.682943250469699559e-02,4.446052867831751243e-02,1.515189557940121827e-02,7.979259027969032303e-03,-2.500335270164733004e-02,-2.674881772051884710e-02,-1.116837325163366756e-02,-1.105872788022921327e-02,-4.677354611031337567e-02,-6.345355041735922796e-02,-3.032122713522866775e-02,-5.466618936898638009e-02,-1.033561001736718193e-01,-1.112448643553618777e-01,-6.064843671874343284e-02,-1.688109014786620676e-02,-1.048812090463746571e-02,1.837072274773321467e-02,1.721297763949003468e-02,1.170341352687964687e-02,2.075443469968396570e-02,1.023400188987100279e-02,9.238522151251427061e-03,8.696239340858724631e-03,1.409900178651790625e-02,-1.516441422566989106e+00,2.953486176982307865e-01,-3.454992578639923262e-02,-1.754508349905822273e+00,1.505315139915496259e-01,2.014520257747995924e-01,-1.984151410738845822e+00,-7.644273254106388471e-01,-5.855399735559566055e-02,-1.076778978982555479e+00,-6.631449535060452982e-01,3.052868979802836336e-01
1.870000000000000273e-01,-6.477100510976052661e-02,-3.994957249249431186e-02,3.256765509443316099e-03,2.343685149841512327e-02,5.903867127774553580e-02,6.926108585300028153e-02,3.753022679662176841e-02,3.136571198688997697e-02,6.489950710607519935e-02,8.889152782115150586e-02,7.172604084377631750e-02,2.828940659248013745e-02,2.522657686068718874e-02,4.159692986815155535e-02,7.734590068173874400e-02,4.504062453666968224e-02,1.548673888647034147e-02,9.123602037144795673e-03,-2.289345414064936080e-02,-2.519221879687050247e-02,-9.894907754268267297e-03,-1.082473747037937528e-02,-4.630822698062564413e-02,-6.254942681072428456e-02,-3.012165324024885030e-02,-5.450338712883651127e-02,-1.030654309892660159e-01,-1.114440022568408406e-01,-6.062824223908114263e-02,-1.683053896814046269e-02,-1.045268167044799239e-02,1.827591631501102043e-02,1.727971119525140153e-02,1.151572985424031970e-02,2.072785900169282422e-02,1.005887257092075160e-02,8.759243516224479720e-03,8.026187488596736586e-03,1.349042598012806238e-02,-1.515212244938324071e+00,2.958307753571684517e-01,-3.502835067618950693e-02,-1.756341334585439284e+00,1.527203827387108304e-01,2.004909036434911473e-01,-1.986352096251318589e+00,-7.644632265831132756e-01,-5.201107357000009368e-02,-1.075431383623192350e+00,-6.604998331145138790e-01,3.100828024396810045e-01
1.880000000000000282e-01,-6.484438417092164286e-02,-4.006036835016013598e-02,3.032088428370549593e-03,2.294942095092533663e-02,5.873796494862083134e-02,6.894698343308647281e-02,3.703182078201194827e-02,3.059828407872666745e-02,6.448633981628848488e-02,8.959307757840509479e-02,7.206135878466257694e-02,2.809339246019249003e-02,2.511322210771638197e-02,4.340963512385087597e-02,7.787515775919075234e-02,4.561857632281851593e-02,1.581497762220429593e-02,1.025899794786555574e-02,-2.079463931586822412e-02,-2.362674584994239532e-02,-8.621632151565972180e-03,-1.057100880049244296e-02,-4.580436591723913847e-02,-6.161405960606991528e-02,-2.990799414088929006e-02,-5.434272941931440198e-02,-1.027550570780149108e-01,-1.116049837269044442e-01,-6.059174767264741829e-02,-1.678332776028135243e-02,-1.041569546453180450e-02,1.817978673984077878e-02,1.734808720554203987e-02,1.132364961794252167e-02,2.068863504002482756e-02,9.876046725527221071e-03,8.272171904787128938e-03,7.354516901439289711e-03,1.287818451187083824e-02,-1.514017518725367051e+00,2.963201308668272360e-01,-3.551350582369289244e-02,-1.758127339446861281e+00,1.548931913892583057e-01,1.995173897051462364e-01,-1.988566295058853850e+00,-7.644750187341593506e-01,-4.553481063044492738e-02,-1.073924789178946293e+00,-6.581251774750742634e-01,3.150180452452535085e-01
1.890000000000000291e-01,-6.489920400912296827e-02,-4.015759539402764117e-02,2.816313787261659485e-03,2.246093532626680656e-02,5.842032904420069173e-02,6.861253790023182086e-02,3.652495336010863625e-02,2.982872848740480975e-02,6.406113725674210391e-02,9.025833010222708563e-02,7.236458213516661075e-02,2.788353844689606120e-02,2.499319694006452153e-02,4.518075842255208502e-02,7.841652848696467615e-02,4.619374715815238730e-02,1.613631255976644141e-02,1.138511473198011714e-02,-1.870773297553052217e-02,-2.205388275643516485e-02,-7.349437124838598123e-03,-1.029761133950435337e-02,-4.526192736623491086e-02,-6.064688175451005137e-02,-2.967863563647554770e-02,-5.418398769681686405e-02,-1.024259517200718367e-01,-1.117289530266616510e-01,-6.053936568907802851e-02,-1.673929163990761637e-02,-1.037714221186547547e-02,1.808231710723839925e-02,1.741806042816129718e-02,1.112669971370472410e-02,2.063646292533682924e-02,9.685412193499054467e-03,7.777740819188139199e-03,6.681753063424888950e-03,1.226286132601339673e-02,-1.512856430620307169e+00,2.968164313904804730e-01,-3.600429982304477472e-02,-1.759864999128673002e+00,1.570453836643098122e-01,1.985333254917911183e-01,-1.990785871772093429e+00,-7.644550278309081293e-01,-3.913431699160227484e-02,-1.072262457144112613e+00,-6.560285184635551436e-01,3.200961288324372100e-01
1.900000000000000300e-01,-6.493544734592093803e-02,-4.024109052946833742e-02,2.609494291339498062e-03,2.197146675408978914e-02,5.808555198642340045e-02,6.825776922050684481e-02,3.601032932998649017e-02,2.905796480670863602e-02,6.362428986686863297e-02,9.088734423109404159e-02,7.263562396580303115e-02,2.765989373445254529e-02,2.486633994069498144e-02,4.690940823298284795e-02,7.896933800345573573e-02,4.676550071787310969e-02,1.645044508325943511e-02,1.250161969410212848e-02,-1.663355876141414669e-02,-2.047511407107327486e-02,-6.079214362451512699e-03,-1.000461510646788454e-02,-4.468087505701801021e-02,-5.964732659660888087e-02,-2.943196273289627740e-02,-5.402693259597723952e-02,-1.020790888871427882e-01,-1.118170546924528580e-01,-6.047151002473594161e-02,-1.669826488377124107e-02,-1.033700311707397464e-02,1.798349016769229883e-02,1.748958575256809311e-02,1.092440601650856991e-02,2.057104350769068182e-02,9.486857351353350509e-03,7.276384394694801472e-03,6.008421864401203294e-03,1.164504071195704427e-02,-1.511728164336296754e+00,2.973194570328500097e-01,-3.649965795415213710e-02,-1.761552927147583603e+00,1.591723202714175611e-01,1.975406544858887281e-01,-1.993002687787172267e+00,-7.643955655639902425e-01,-3.281865705598599470e-02,-1.070447651261479782e+00,-6.542173871284010511e-01,3.253205602440094601e-01
1.910000000000000309e-01,-6.495309706266372274e-02,-4.031069045520441207e-02,2.411682827352823466e-03,2.148108718724639488e-02,5.773342157485483045e-02,6.788269650690860468e-02,3.548865290661051830e-02,2.828691270510174868e-02,6.317618842870276197e-02,9.148017957138089573e-02,7.287439757730938827e-02,2.742250755836428411e-02,2.473248906629565980e-02,4.859469373913283957e-02,7.953291182665855885e-02,4.733320122647199230e-02,1.675707717501673244e-02,1.360817950599280124e-02,-1.457293920384206305e-02,-1.889192495518043913e-02,-4.811856518230683832e-03,-9.692090633207861572e-03,-4.406117201272641976e-02,-5.861482783784621731e-02,-2.916635963991964786e-02,-5.387133394738174985e-02,-1.017154431941214021e-01,-1.118704334622287189e-01,-6.038859549894759482e-02,-1.666008093947146662e-02,-1.029526069744068906e-02,1.788328827404139787e-02,1.756261819374183367e-02,1.071629332563306392e-02,2.049207854096746217e-02,9.280271202737109745e-03,6.768537322483059171e-03,5.335049561645099914e-03,1.102530744615260079e-02,-1.510631900340301259e+00,2.978290220527274323e-01,-3.699852221851430978e-02,-1.763189716156391640e+00,1.612692826617764252e-01,1.965414239966796206e-01,-1.995208601186586606e+00,-7.642889294265970968e-01,-2.659685068913281158e-02,-1.068483637605228909e+00,-6.526993133950196313e-01,3.306948511853850525e-01
1.920000000000000318e-01,-6.495213619349193834e-02,-4.036623165361419296e-02,2.222932451477088733e-03,2.098986839360339474e-02,5.736372498015685634e-02,6.748733802999495879e-02,3.496062773053321138e-02,2.751649193699146068e-02,6.271722406272849104e-02,9.203689645441606726e-02,7.308081646748343374e-02,2.717142917040904493e-02,2.459148168859437433e-02,5.023572481843485704e-02,8.010657584460290082e-02,4.789621345226935389e-02,1.705591140228790437e-02,1.470446024261518221e-02,-1.252669571934461601e-02,-1.730580110726842244e-02,-3.548257170108648929e-03,-9.360108925486445089e-03,-4.340278056155044695e-02,-5.754881952246559962e-02,-2.888020976973937337e-02,-5.371696079611254504e-02,-1.013359898492165456e-01,-1.118902341994527927e-01,-6.029103802585034089e-02,-1.662457243784309924e-02,-1.025189881218979693e-02,1.778169331915524509e-02,1.763711288571867195e-02,1.050188531304785400e-02,2.039927083927173257e-02,9.065543463568914717e-03,6.254634774206291326e-03,4.662162741624342743e-03,1.040424692342645230e-02,-1.509566815584902466e+00,2.983449760824479768e-01,-3.749985133381003588e-02,-1.764773938266350761e+00,1.633314771128510923e-01,1.955377865842293783e-01,-1.997395466646761708e+00,-7.641274028968574328e-01,-2.047787308117371419e-02,-1.066373684667104138e+00,-6.514818257510374133e-01,3.362225179479915727e-01
1.930000000000000326e-01,-6.493255091370153664e-02,-4.040756830406255773e-02,2.043263629813996118e-03,2.049788962580478824e-02,5.697626876767847987e-02,6.707172717060005951e-02,3.442688857300879590e-02,2.674755186274557772e-02,6.224775181379271771e-02,9.255758895904644956e-02,7.325494103086915842e-02,2.690681828467722525e-02,2.444319637525005709e-02,5.183169594511127104e-02,8.068960151577098117e-02,4.845391490804428630e-02,1.734667129297218224e-02,1.579014374225407025e-02,-1.049561864345616158e-02,-1.571816281606119858e-02,-2.289253191625650451e-03,-9.008822792668791379e-03,-4.270583832066554564e-02,-5.644893138440254532e-02,-2.857207535080075189e-02,-5.356329788300762118e-02,-1.009414704203637214e-01,-1.118775493827375567e-01,-6.017917324803034179e-02,-1.659145156580610347e-02,-1.020685891023953573e-02,1.767860574705171217e-02,1.771292774099464395e-02,1.028075267477124299e-02,2.029241100030665379e-02,8.842609827791392263e-03,5.735118219463598323e-03,3.990240738847461444e-03,9.782432768674631518e-03,-1.508532080328307101e+00,2.988669940177729467e-01,-3.800270931825185106e-02,-1.766304147510348699e+00,1.653542881240364359e-01,1.945314460399292511e-01,-1.999555637052447654e+00,-7.639042905551461926e-01,-1.446976931166507607e-02,-1.064122216714097124e+00,-6.505694626011572224e-01,3.419048638119461803e-01
1.940000000000000335e-01,-6.489433952987644361e-02,-4.043462605371228591e-02,1.872565927523162088e-03,2.000526063777874688e-02,5.657093897835396845e-02,6.663596030611751431e-02,3.388779649238271574e-02,2.598066002759224710e-02,6.176798143616890613e-02,9.304248401031524340e-02,7.339741862359261404e-02,2.662927639027490301e-02,2.428767843484225253e-02,5.338213798906910057e-02,8.128104125320101403e-02,4.900573251170525085e-02,1.762916216639842659e-02,1.686497688144950047e-02,-8.480377339298073025e-03,-1.413016704708036642e-02,-1.035452149251270271e-03,-8.638711036196955462e-03,-4.197118640615959961e-02,-5.531557481689031858e-02,-2.824123618982721240e-02,-5.340869493466016138e-02,-1.005316905629580759e-01,-1.118332612441632762e-01,-6.005301266418251044e-02,-1.655995147856348382e-02,-1.015990896871032945e-02,1.757360131824459160e-02,1.778953133881300275e-02,1.005265735284099904e-02,2.017163712262393105e-02,8.611587986075976489e-03,5.210453493829980687e-03,3.319573019287869187e-03,9.160390076510260826e-03,-1.507526847477787202e+00,2.993939487148367662e-01,-3.850652462626280581e-02,-1.767778885672578237e+00,1.673340346827079939e-01,1.935220250449957435e-01,-2.001683467118392290e+00,-7.636170253541959552e-01,-8.577004222256212618e-03,-1.061738275047427571e+00,-6.499548066722700135e-01,3.477343181726214594e-01
1.950000000000000344e-01,-6.483750350297334819e-02,-4.044734825837759118e-02,1.710696138706335528e-03,1.951209862908865125e-02,5.614764103163372155e-02,6.618014908583935707e-02,3.334364387114874262e-02,2.521631371718013881e-02,6.127808664667312027e-02,9.349184203251705017e-02,7.350904315469407313e-02,2.633951509111476241e-02,2.412501523839916465e-02,5.488666647464057052e-02,8.187989237613813032e-02,4.955110603533707803e-02,1.790320939394529978e-02,1.792872310344683848e-02,-6.481610125061099993e-03,-1.254290466897112211e-02,2.125946324822436666e-04,-8.250334506436640680e-03,-4.119984200998771939e-02,-5.414935647066831947e-02,-2.788715068981328926e-02,-5.325121710797109387e-02,-1.001062230946496712e-01,-1.117581981529982699e-01,-5.991248818099181861e-02,-1.652918581128037800e-02,-1.011077528310622142e-02,1.746617316221588112e-02,1.786629474288048067e-02,9.817407322187055030e-03,2.003717491552059471e-02,8.372642797342512780e-03,4.681113887712751165e-03,2.650401870254892600e-03,8.538634149084955993e-03,-1.506550258226984074e+00,2.999245547070670259e-01,-3.901081274052969894e-02,-1.769196675173711819e+00,1.692672356547390289e-01,1.925087858311454181e-01,-2.003773805887683501e+00,-7.632640688246871141e-01,-2.803131080270110376e-03,-1.059232060633911399e+00,-6.496274490212857744e-01,3.537010737792689596e-01
1.960000000000000353e-01,-6.476204444737598820e-02,-4.044567805329446486e-02,1.557511012766354952e-03,1.901852056401054022e-02,5.570627969639075500e-02,6.570440451302017593e-02,3.279472274984795988e-02,2.445501046744968585e-02,6.077824153145306579e-02,9.390592382725262977e-02,7.359060830684162335e-02,2.603824557735734402e-02,2.395529456785627787e-02,5.634489762641647220e-02,8.248515184953086887e-02,5.008947589369983078e-02,1.816863793576128927e-02,1.898114617263591333e-02,-4.499954262627170465e-03,-1.095746625497895366e-02,1.454334490995634610e-03,-7.844254715978493664e-03,-4.039282248231845784e-02,-5.295088281849658074e-02,-2.750927622059817779e-02,-5.308892854743474388e-02,-9.966464221973492243e-02,-1.116531868824739426e-01,-5.975753354453618854e-02,-1.649826842925650183e-02,-1.005918632522995182e-02,1.735581258155383111e-02,1.794258881129584537e-02,9.574808286845648553e-03,1.988925114122341853e-02,8.125941232477897416e-03,4.147574329379733783e-03,1.982969936530576405e-03,7.917683184883972727e-03,-1.505601444429253810e+00,3.004575798117558594e-01,-3.951508634787621876e-02,-1.770556017527478598e+00,1.711503658274073636e-01,1.914911909797875067e-01,-2.005821494887587431e+00,-7.628438775200507838e-01,2.848320615518568077e-03,-1.056613781174523314e+00,-6.495769768572083880e-01,3.597953019718536649e-01
1.970000000000000362e-01,-6.466796412278208450e-02,-4.042955834426242151e-02,1.412867248462124081e-03,1.852464317164459473e-02,5.524675909336851376e-02,6.520883695661217061e-02,3.224132484059128584e-02,2.369724807248152140e-02,6.026862053837733768e-02,9.428499053285424591e-02,7.364290751789237532e-02,2.572617860832648873e-02,2.377860462800551744e-02,5.775644833022264280e-02,8.309581629465689900e-02,5.062028312676414288e-02,1.842527234998625474e-02,2.002201018272709368e-02,-2.536045978161816095e-03,-9.374942061429525353e-03,2.689213483771268898e-03,-7.421033792559761366e-03,-3.955114531390168525e-02,-5.172076013355075830e-02,-2.710706912578997665e-02,-5.291989243385853553e-02,-9.920652348799263720e-02,-1.115190525695060053e-01,-5.958808433260667087e-02,-1.646631345580207295e-02,-1.000487275781880570e-02,1.724200903106654081e-02,1.801778419989208402e-02,9.324663664020960141e-03,1.972809366033256850e-02,7.871652399333406436e-03,3.610311342920692005e-03,1.317520202069210949e-03,7.298058279123775804e-03,-1.504679528492880003e+00,3.009918439119519395e-01,-4.001885587765402486e-02,-1.771855394188858401e+00,1.729798599286545557e-01,1.904688998715355630e-01,-2.007821368376117022e+00,-7.623549037557136865e-01,8.373844409906183728e-03,-1.053893651084492511e+00,-6.497929730822854522e-01,3.660071525779714507e-01
1.980000000000000371e-01,-6.455526442565728829e-02,-4.039893179878228935e-02,1.276621487606099947e-03,1.803058294613357759e-02,5.476898269826602911e-02,6.469355616408956067e-02,3.168374154121478270e-02,2.294352459187853910e-02,5.974939846877846961e-02,9.462930358285806531e-02,7.366673396305278843e-02,2.540402449620371428e-02,2.359503405796870013e-02,5.912093609229041036e-02,8.371088199989573653e-02,5.114296938115981545e-02,1.867293680294412894e-02,2.105107956505047895e-02,-5.905204831528898524e-04,-7.796422008617297748e-03,3.916676445625543422e-03,-6.981234432190674098e-03,-3.867582811890990513e-02,-5.045959446872005927e-02,-2.667998473136857021e-02,-5.274217103167311294e-02,-9.873144375183029453e-02,-1.113566186766816735e-01,-5.940407794347481868e-02,-1.643243529971805117e-02,-9.947567445990568302e-03,1.712425009969642531e-02,1.809125136655609367e-02,9.066774572658253817e-03,1.955393147086770256e-02,7.609947560627961308e-03,3.069803006262361578e-03,6.542959725583941122e-04,6.680283411609089228e-03,-1.503783623289858484e+00,3.015262177411123234e-01,-4.052163007548975626e-02,-1.773093267506960835e+00,1.747521168444419182e-01,1.894417639149086341e-01,-2.009768253615266786e+00,-7.617955963949837317e-01,1.376995596862140570e-02,-1.051081891463685025e+00,-6.502650157796203700e-01,3.723267537303874275e-01
1.990000000000000380e-01,-6.442394738028367485e-02,-4.035374083719878158e-02,1.148630308414055889e-03,1.753645614700927169e-02,5.427285334547660156e-02,6.415867127537877579e-02,3.112226395007811064e-02,2.219433835764395360e-02,5.922075046855378860e-02,9.493912466363264857e-02,7.366288053768288435e-02,2.507249309056769349e-02,2.340467194217143998e-02,6.043797899660230399e-02,8.432934493155430644e-02,5.165697689055148006e-02,1.891145508028913014e-02,2.206811909707484878e-02,1.335988004212307562e-03,-6.222995663910602104e-03,5.136167044963890760e-03,-6.525419852596137105e-03,-3.776788861832081068e-02,-4.916799163683904794e-02,-2.622747735590458262e-02,-5.255382573461364615e-02,-9.823898112192264165e-02,-1.111667069566442262e-01,-5.920545358122033391e-02,-1.639574868227766657e-02,-9.887005465469833609e-03,1.700202149518537098e-02,1.816236057643605406e-02,8.800939826504983188e-03,1.936699474070493684e-02,7.341000144713394349e-03,2.526528909503777953e-03,-6.459141096648579605e-06,6.064885421998234862e-03,-1.502912832078476590e+00,3.020596216701082470e-01,-4.102291661308585247e-02,-1.774268081786506412e+00,1.764635040385763298e-01,1.884098205980967722e-01,-2.011656971170839192e+00,-7.611644016831534687e-01,1.903319195521921414e-02,-1.048188730058906337e+00,-6.509826776447347196e-01,3.787442116107962997e-01
1.999999999999999833e-01,-6.427401512939523442e-02,-4.029392762387073307e-02,1.028750218517338055e-03,1.704237879964942345e-02,5.375827323252480028e-02,6.360429083790997140e-02,3.055718288147302175e-02,2.145018798053399678e-02,5.868285201866729750e-02,9.521471567125440461e-02,7.363213984079218510e-02,2.473229376381835820e-02,2.320760782078812312e-02,6.170719566042492943e-02,8.495020074470982507e-02,5.216174845490328948e-02,1.914065059907565924e-02,2.307289391114686339e-02,3.242846237520691233e-03,-4.655752226863985044e-03,6.347127838851385206e-03,-6.054153747005131848e-03,-3.682834462397099884e-02,-4.784655719191910350e-02,-2.574900032225713176e-02,-5.235291710960331829e-02,-9.772871492147627848e-02,-1.109501374190671186e-01,-5.899215223774081918e-02,-1.635536866359244002e-02,-9.822924107587116538e-03,1.687480703140264993e-02,1.823048190799392287e-02,8.526955931609236927e-03,1.916751483323444333e-02,7.064985749181129648e-03,1.980970113840907487e-03,-6.645012382939797764e-04,5.452393972413815959e-03,-1.502066248439865026e+00,3.025910244962216056e-01,-4.152222273477566838e-02,-1.775378264461499267e+00,1.781103621798526548e-01,1.873732864077220506e-01,-2.013482335238812482e+00,-7.604597641315321566e-01,2.416010870587512183e-02,-1.045224401219623012e+00,-6.519355253590983779e-01,3.852496101249804350e-01
2.009999999999999842e-01,-6.410546992442656133e-02,-4.021943405835815000e-02,9.168376476194062263e-04,1.654846669589193908e-02,5.322514392518851167e-02,6.303052282281829122e-02,2.998878888162836986e-02,2.071157235586040812e-02,5.813587892505811539e-02,9.545633866774164145e-02,7.357530415927238110e-02,2.438413539756334111e-02,2.300393169962466899e-02,6.292820518800912311e-02,8.557244479404646498e-02,5.265672741855942363e-02,1.936034642076700160e-02,2.406516950351100803e-02,5.129421920582188932e-03,-3.095780516157553997e-03,7.549000326736443611e-03,-5.568000238278525416e-03,-3.585821402336897279e-02,-4.649589641140838836e-02,-2.524400597066200902e-02,-5.213750493862301383e-02,-9.720022563929342496e-02,-1.107077283003370383e-01,-5.876411667161487301e-02,-1.631041066825256181e-02,-9.755062881025011734e-03,1.674208861826365080e-02,1.829498525981864895e-02,8.244617088211359315e-03,1.895572432609737845e-02,6.782082137290146306e-03,1.433609111315625522e-03,-1.319586143213591356e-03,4.843341497360764691e-03,-1.501242956228617809e+00,3.031194422337522010e-01,-4.201905594155919133e-02,-1.776422227384384378e+00,1.796890099818004294e-01,1.863325486581513535e-01,-2.015239153998309884e+00,-7.596801274532671844e-01,2.914728070162408979e-02,-1.042199145848550446e+00,-6.531131189040424445e-01,3.918330105142170394e-01
2.019999999999999851e-01,-6.391831411537207686e-02,-4.013020176666204364e-02,8.127489398228604500e-04,1.605483539477337018e-02,5.267336636337116573e-02,6.243747464229309346e-02,2.941737224530349692e-02,1.997899066872488305e-02,5.758000730798018552e-02,9.566425583674866007e-02,7.349316545291360858e-02,2.402872636998764841e-02,2.279373405943552200e-02,6.410062712246311634e-02,8.619507214463606459e-02,5.314135764712668575e-02,1.957036526511890182e-02,2.504471174363808936e-02,6.995083685960246100e-03,-1.544168958117264623e-03,8.741225002717012416e-03,-5.067523833417464374e-03,-3.485851476532664944e-02,-4.511661427949497510e-02,-2.471194567306378431e-02,-5.190564825846343683e-02,-9.665309488174633756e-02,-1.104402960361032665e-01,-5.852129138390995550e-02,-1.625999051015059038e-02,-9.683163510301628918e-03,1.660334625414350285e-02,1.835524035815285643e-02,7.953715196980848390e-03,1.873185702286006560e-02,6.492469227245223351e-03,8.849297856174941383e-04,-1.971469418191151846e-03,4.238263140938337316e-03,-1.500442029537545796e+00,3.036439369058772653e-01,-4.251292471336136358e-02,-1.777398368233542580e+00,1.811957492607340348e-01,1.852881562740354704e-01,-2.016922229991275461e+00,-7.588239355529339258e-01,3.399129883882828773e-02,-1.039123211348430775e+00,-6.545050108139728318e-01,3.984844509075021191e-01
2.029999999999999860e-01,-6.371255014027799035e-02,-4.002617209251013719e-02,7.163403456158512483e-04,1.556160022342600868e-02,5.210284086771510559e-02,6.182525316809783789e-02,2.884322303294339918e-02,1.925294239864339466e-02,5.701541359079564941e-02,9.583872943883010864e-02,7.338651534024220879e-02,2.366677454428289806e-02,2.257710586463179681e-02,6.522408139580315733e-02,8.681707758260426289e-02,5.361508350309573956e-02,1.977052952497793115e-02,2.601128688391085575e-02,8.839201073698621514e-03,-2.005576625663252344e-06,9.923241406203597847e-03,-4.553289378385283470e-03,-3.383026484648254950e-02,-4.370931547146872376e-02,-2.415226984855456394e-02,-5.165540539820901583e-02,-9.608690532376806814e-02,-1.101486552368200617e-01,-5.826362259111172309e-02,-1.620322441637280647e-02,-9.606969930959774473e-03,1.645805802069988388e-02,1.841061676505375416e-02,7.654039869533502127e-03,1.849614795754828123e-02,6.196329074308782638e-03,3.354173741629828953e-04,-2.619906375950886712e-03,3.637696681328961724e-03,-1.499662532676543369e+00,3.041636153374390750e-01,-4.300333927027975844e-02,-1.778305072041559853e+00,1.826268702181830517e-01,1.842408095673342405e-01,-2.018526360529068420e+00,-7.578896335720536337e-01,3.868876849997326950e-02,-1.036006851566176223e+00,-6.561007453682523582e-01,4.051939458189202092e-01
2.039999999999999869e-01,-6.348818051437055132e-02,-3.990728608870908189e-02,6.274680135280874538e-04,1.506887627813391362e-02,5.151346714698634699e-02,6.119396475127247825e-02,2.826663108837568217e-02,1.853392732356473616e-02,5.644227448824645776e-02,9.598002176635514471e-02,7.325614508522315660e-02,2.329898725817392338e-02,2.235413857136059335e-02,6.629818827720157515e-02,8.743745562564120277e-02,5.407734982015011127e-02,1.996066128193163536e-02,2.696466156967547434e-02,1.066114451034172461e-02,1.529622015800757850e-03,1.109448817093072574e-02,-4.025862013185665944e-03,-3.277448229880874919e-02,-4.227460433908269283e-02,-2.356442797980706771e-02,-5.138483401435900433e-02,-9.550124065896258008e-02,-1.098336186663821934e-01,-5.799105819530181449e-02,-1.613922905006706307e-02,-9.526228281433903392e-03,1.630570007999334811e-02,1.846048388714605082e-02,7.345378443170513805e-03,1.824883339195126908e-02,5.893845845816425566e-03,-2.144415683735800826e-04,-3.264652090661179784e-03,3.042182442582586077e-03,-1.498903520165530745e+00,3.046776279483259242e-01,-4.348981237360245722e-02,-1.779140712846184025e+00,1.839786569541228822e-01,1.831913490480805429e-01,-2.020046338126269880e+00,-7.568756689928402004e-01,4.323630742825287920e-02,-1.032860326735468792e+00,-6.578898577215801513e-01,4.119514855943248732e-01
2.049999999999999878e-01,-6.324520781884190868e-02,-3.977348450857443041e-02,5.459879814582180302e-04,1.457677842554705623e-02,5.090514430626225106e-02,6.054371524302348817e-02,2.768788605703198513e-02,1.782244552324563705e-02,5.586076699421038683e-02,9.608839509821390235e-02,7.310284558485546924e-02,2.292607131459556413e-02,2.212492413493638566e-02,6.732256831943674025e-02,8.805520053332217822e-02,5.452760187608518549e-02,2.014058232283355565e-02,2.790460284970431096e-02,1.246028528829690347e-02,3.049626626013601793e-03,1.225440307217739999e-02,-3.485807127131312910e-03,-3.169218517808891633e-02,-4.081308489694190911e-02,-2.294786863030573443e-02,-5.109199112352191818e-02,-9.489568554886583518e-02,-1.094959972239961665e-01,-5.770354775170272177e-02,-1.606712153219724826e-02,-9.440686891556882357e-03,1.614574667381443035e-02,1.850421098488208571e-02,7.027515999780575839e-03,1.799015080566679359e-02,5.585205789088831807e-03,-7.641592048845958747e-04,-3.905461407781807281e-03,2.452263193706727407e-03,-1.498164036741341354e+00,3.051851675471734526e-01,-4.397186016740743664e-02,-1.779903655465342238e+00,1.852473932177515215e-01,1.821407433054966496e-01,-2.021476950962108443e+00,-7.557804928026348179e-01,4.763054341085207199e-02,-1.029693903418672507e+00,-6.598618729731925425e-01,4.187470358114035451e-01
2.059999999999999887e-01,-6.298363468930513742e-02,-3.962470779744897698e-02,4.717561676845782870e-04,1.408542130407175463e-02,5.027777085592344264e-02,5.987461001680705053e-02,2.710727740467655522e-02,1.711899738196454024e-02,5.527106836897921482e-02,9.616411165437124819e-02,7.292740735771417737e-02,2.254873297355342032e-02,2.188955501660583280e-02,6.829684230358434860e-02,8.866930631716130051e-02,5.496528536430345113e-02,2.031011415717598467e-02,2.883087818708052197e-02,1.423599554559196179e-02,4.556921487492093803e-03,1.340242307222361089e-02,-2.933690314172121560e-03,-3.058439155346803773e-02,-3.932536080983117105e-02,-2.230203946224706621e-02,-5.077493313261616931e-02,-9.426982557143269437e-02,-1.091365999293638644e-01,-5.740104243374410942e-02,-1.598601946207089605e-02,-9.350096267656480761e-03,1.597767012509310192e-02,1.854116718226794802e-02,6.700235388826137652e-03,1.772033887885715586e-02,5.270597192327031166e-03,-1.313246448885418971e-03,-4.542088952672163928e-03,1.868484035095985046e-03,-1.497443117378411070e+00,3.056854681251157113e-01,-4.444900306156226999e-02,-1.780592257396949707e+00,1.864293684028364984e-01,1.810900759927705772e-01,-2.022812983369985496e+00,-7.546025607216665376e-01,5.186811177736436185e-02,-1.026517854448812495e+00,-6.620063051757052452e-01,4.255705366371544951e-01
2.069999999999999896e-01,-6.270346380392366470e-02,-3.946089608432767903e-02,4.046283615544155055e-04,1.359491932543566151e-02,4.963124472148550126e-02,5.918675399161754669e-02,2.652509443661799082e-02,1.642408359056579670e-02,5.467335612605284112e-02,9.620743355040796418e-02,7.273062053344768463e-02,2.216767794522489510e-02,2.164812418961892249e-02,6.922063118196675191e-02,8.927876675038204368e-02,5.538984636378252446e-02,2.046907803530118031e-02,2.974325547051969929e-02,1.598764824609633095e-02,6.050420267110112604e-03,1.453798436393949171e-02,-2.370077328164743591e-03,-2.945211949806703089e-02,-3.781203538094635858e-02,-2.162638725493781777e-02,-5.043171586657457101e-02,-9.362324716871837926e-02,-1.087562339112873033e-01,-5.708349499574039143e-02,-1.589504093657811978e-02,-9.254209074175623329e-03,1.580094084131866694e-02,1.857072147697858000e-02,6.363317254365785658e-03,1.743963746772392298e-02,4.950210338515503850e-03,-1.861212995657890662e-03,-5.174289137968469433e-03,1.291392272348534931e-03,-1.496739787323053683e+00,3.061778036493510990e-01,-4.492076665697955495e-02,-1.781204870843605237e+00,1.875208837949183249e-01,1.800405319448154517e-01,-2.024049216355743752e+00,-7.533403344969434867e-01,5.594565272142615342e-02,-1.023342458872119165e+00,-6.643126562849079875e-01,4.324119021468231794e-01
2.079999999999999905e-01,-6.240469787124958145e-02,-3.928198917359315701e-02,3.444602138684693671e-04,1.310538667643568189e-02,4.896546325428419166e-02,5.848025165647952051e-02,2.594162631737706795e-02,1.573820514780566171e-02,5.406780801849420115e-02,9.621862275211891247e-02,7.251327484328262685e-02,2.178361138433171362e-02,2.140072514458601916e-02,7.009355601941091862e-02,8.988257537733934655e-02,5.580073130744755971e-02,2.061729496746212212e-02,3.064150302616041807e-02,1.771461716017297405e-02,7.529037071629218758e-03,1.566052241251058783e-02,-1.795534037915214260e-03,-2.829638708071957609e-02,-3.627371154094882755e-02,-2.092035792351598644e-02,-5.006039459352029652e-02,-9.295553759376451453e-02,-1.083557043998002456e-01,-5.675085973329929701e-02,-1.579330456802052751e-02,-9.152780111738588117e-03,1.561502731981079424e-02,1.859224275081317046e-02,6.016540066032138867e-03,1.714828757274000637e-02,4.624237452407697901e-03,-2.407567351399464428e-03,-5.801816169704654413e-03,7.215372775233320742e-04,-1.496053062141063927e+00,3.066614868563296015e-01,-4.538668271398590276e-02,-1.781739844861512712e+00,1.885182590778950729e-01,1.789933824536056595e-01,-2.025180428145395783e+00,-7.519922832652398137e-01,5.985980845537097750e-02,-1.020178001891477448e+00,-6.667704150523506845e-01,4.392610196084451579e-01
2.089999999999999913e-01,-6.208734823508788719e-02,-3.908794658292213953e-02,2.910955376513868487e-04,1.261692416256332550e-02,4.828039669299544201e-02,5.775523848967755586e-02,2.535713240495107365e-02,1.506176390829239153e-02,5.345458566582728804e-02,9.619792426664933171e-02,7.227608408340957524e-02,2.139718692871550587e-02,2.114748467999305603e-02,7.091549597630386614e-02,9.047977016900032865e-02,5.619744231696355979e-02,2.075462201715083665e-02,3.152537640940389352e-02,1.941633538017484284e-02,8.991764051869299834e-03,1.676946898750175663e-02,-1.210649159404830755e-03,-2.711824890915659481e-02,-3.471100779472724440e-02,-2.018354375148323498e-02,-4.965930115969641179e-02,-9.226613009091932938e-02,-1.079356208740227530e-01,-5.640308097892754446e-02,-1.568004686333068776e-02,-9.045595742767975622e-03,1.541947168652457560e-02,1.860515998491596434e-02,5.659745891438472398e-03,1.684653496443777598e-02,4.292881650398872040e-03,-2.951825446267708486e-03,-6.424420987209966682e-03,1.594310313319802219e-04,-1.495381985756139676e+00,3.071358148075082894e-01,-4.584626122933804782e-02,-1.782196448082354445e+00,1.894192561210044368e-01,1.779495874025444346e-01,-2.026202406554448388e+00,-7.505581241101407786e-01,6.360743049173014918e-02,-1.017034050969803483e+00,-6.693686670558328666e-01,4.461067665138251370e-01
2.099999999999999922e-01,-6.175146070078518790e-02,-3.887880768938511977e-02,2.443311980520057602e-04,1.212957971482175878e-02,4.757630852804162203e-02,5.701197516237144214e-02,2.477175334703707321e-02,1.439476428269115434e-02,5.283378533530580512e-02,9.614551573063524759e-02,7.201945955887811834e-02,2.100885377752126359e-02,2.088866139104927910e-02,7.168736228023142587e-02,9.106956756331952008e-02,5.657970305090964658e-02,2.088106123130373248e-02,3.239457870988227128e-02,2.109247089382959572e-02,1.043790438619307537e-02,1.786424307153389179e-02,-6.161022113846392756e-04,-2.591890611648528520e-02,-3.312460600821687251e-02,-1.941612508550782587e-02,-4.922787555394148029e-02,-9.155383915254011740e-02,-1.074958155761609468e-01,-5.604005848464898437e-02,-1.555497456505161580e-02,-8.932561960101281784e-03,1.521411608336231680e-02,1.860914275517222549e-02,5.293037756728402599e-03,1.653464109740410137e-02,3.956383743464186864e-03,-3.493536345380743313e-03,-7.041841914642522383e-03,-3.945702152656771489e-04,-1.494725744189091765e+00,3.075999079406243619e-01,-4.629890513566568833e-02,-1.782577642981170829e+00,1.902273610158807804e-01,1.769085997909624897e-01,-2.027114985728172947e+00,-7.490425398470428320e-01,6.718619693258433279e-02,-1.013917281436952589e+00,-6.720949332584303937e-01,4.529340643605072603e-01
2.109999999999999931e-01,-6.139708965271095664e-02,-3.865463161435123141e-02,2.039521235892571838e-04,1.164338783824137025e-02,4.685353517118562294e-02,5.625075337926510599e-02,2.418560038572836746e-02,1.373711169461611092e-02,5.220548679316872748e-02,9.606155753068913727e-02,7.174373671845568623e-02,2.061900947810579865e-02,2.062454752851961004e-02,7.241032388308044077e-02,9.165122868806195588e-02,5.694729219260841191e-02,2.099665098918768180e-02,3.324880014192110878e-02,2.274275094052757851e-02,1.186683980047131826e-02,1.894425973956170850e-02,-1.259458062907725831e-05,-2.469959728357196127e-02,-3.151520340430558065e-02,-1.861842876879471476e-02,-4.876583494082131764e-02,-9.081732409407373974e-02,-1.070359251645474075e-01,-5.566168144509342497e-02,-1.541791297783534631e-02,-8.813615554838614627e-03,1.499887570756097688e-02,1.860392040614566866e-02,4.916582661281587718e-03,1.621287202672183278e-02,3.614994872003229887e-03,-4.032256406103496005e-03,-7.653813594528990905e-03,-9.401485782283279828e-04,-1.494083551269851817e+00,3.080528682775163785e-01,-4.674399903485836061e-02,-1.782887343746939024e+00,1.909475744575191702e-01,1.758694467555673158e-01,-2.027919012527187981e+00,-7.474514602736926916e-01,7.059396135257249572e-02,-1.010833642858912640e+00,-6.749363474512047878e-01,4.597268289234746064e-01
2.119999999999999940e-01,-6.102428943138216155e-02,-3.841547718003868184e-02,1.697429975924258372e-04,1.115838278234893184e-02,4.611241252595688067e-02,5.547186451353214309e-02,2.359878508279278364e-02,1.308871204066441862e-02,5.156976964173986405e-02,9.594620951926671748e-02,7.144925067414309439e-02,2.022805087185419737e-02,2.035543622661872831e-02,7.308554937224176484e-02,9.222401472876919082e-02,5.729998802162006299e-02,2.110142975569884172e-02,3.408773126114628127e-02,2.436690345075520625e-02,1.327795299218514913e-02,2.000893318524222045e-02,5.991733339483218401e-04,-2.346156192922288497e-02,-2.988349659193190178e-02,-1.779078094328268023e-02,-4.827289659313294123e-02,-9.005524370456319261e-02,-1.065555845916006383e-01,-5.526783987892259359e-02,-1.526868864701569524e-02,-8.688694569091381936e-03,1.477366324578710532e-02,1.858922183053834942e-02,4.530545899503302977e-03,1.588149472475297586e-02,3.268967412858536647e-03,-4.567540733457774692e-03,-8.260070038605071829e-03,-1.476985346633430179e-03,-1.493454610750243772e+00,3.084938309365998776e-01,-4.718093948138570720e-02,-1.783129497410603559e+00,1.915849919821933645e-01,1.748311021646576091e-01,-2.028615335147882615e+00,-7.457908221905172885e-01,7.382853930747224069e-02,-1.007789081773668771e+00,-6.778800483139021393e-01,4.664689568197082914e-01
2.129999999999999949e-01,-6.063311433178464327e-02,-3.816140290877800822e-02,1.414882696999520122e-04,1.067459855971186755e-02,4.535327600908978241e-02,5.467559963769508258e-02,2.301141932430672554e-02,1.244947168192211961e-02,5.092671333092546604e-02,9.579963098749134931e-02,7.113633618354819887e-02,1.983637409629501747e-02,2.008162148230985267e-02,7.371420695248964705e-02,9.278718691811205233e-02,5.763756840977940499e-02,2.119543608464136142e-02,3.491106297195533531e-02,2.596465702255823516e-02,1.467062760563786483e-02,2.105767676525616139e-02,1.218502114437747252e-03,-2.220604046445728841e-02,-2.823018157219436830e-02,-1.693350705677465484e-02,-4.774877788297526848e-02,-8.926625623075912230e-02,-1.060544271221335322e-01,-5.485842459356593537e-02,-1.510712933691182869e-02,-8.557738261420588799e-03,1.453838889794534239e-02,1.856477548626589424e-02,4.135091094900733566e-03,1.554077706747048100e-02,2.918554932851424866e-03,-5.098943239707498520e-03,-8.860344653581986307e-03,-2.004761034850588864e-03,-1.492838116478116151e+00,3.089219623927865199e-01,-4.760913627427035277e-02,-1.783308082587655718e+00,1.921447949209962036e-01,1.737924857210929319e-01,-2.029204803328001905e+00,-7.440665687592462607e-01,7.688770809135710149e-02,-1.004789541303997558e+00,-6.809131811762060282e-01,4.731443298986690027e-01
2.139999999999999958e-01,-6.022361860179259452e-02,-3.789246702264437161e-02,1.189721676770894157e-04,1.019206896504742943e-02,4.457646057320552302e-02,5.386224955592888719e-02,2.242361532453829298e-02,1.181929743453347115e-02,5.027639717004327852e-02,9.562198063884010113e-02,7.080532763284974607e-02,1.944437458874315183e-02,1.980339813301235097e-02,7.429746442882168012e-02,9.334000652395424424e-02,5.795981081686329278e-02,2.127870862169078947e-02,3.571848653487519343e-02,2.753574089796861912e-02,1.604424820807226482e-02,2.208990304253833151e-02,1.844693317577306146e-03,-2.093427414804960307e-02,-2.655595374512431661e-02,-1.604693187065331372e-02,-4.719319627241436166e-02,-8.844901936063820358e-02,-1.055320843539724329e-01,-5.443332714883064583e-02,-1.493306400685056982e-02,-8.420687069585763851e-03,1.429296040458361006e-02,1.853030941415934052e-02,3.730380236947272721e-03,1.519098781456973413e-02,2.564012137353799403e-03,-5.626016702247048883e-03,-9.454370266343214979e-03,-2.523155445053326673e-03,-1.492233252584227898e+00,3.093364587414815792e-01,-4.802801380201932729e-02,-1.783427108205832168e+00,1.926322419053438928e-01,1.727524620522568055e-01,-2.029688268557379605e+00,-7.422846489183322349e-01,7.976920671210367686e-02,-1.001840960804780023e+00,-6.840228996708116460e-01,4.797368196762686332e-01
2.149999999999999967e-01,-5.979585644069463496e-02,-3.760872744347087959e-02,1.019787095688506759e-04,9.710827594866078272e-03,4.378230073076982976e-02,5.303210483772335948e-02,2.183548562904391588e-02,1.119809655936032655e-02,4.961890033996540356e-02,9.541341656382050507e-02,7.045655902042315122e-02,1.905244709148368187e-02,1.952106183273860651e-02,7.483648919036189895e-02,9.388173483615114279e-02,5.826649228583846707e-02,2.135128610702041740e-02,3.650969357373856639e-02,2.907988493926483287e-02,1.739820026671123898e-02,2.310502382853663050e-02,2.477049469006509241e-03,-1.964750504328227620e-02,-2.486150791706842611e-02,-1.513137946806608625e-02,-4.660586930377697001e-02,-8.760219020628001729e-02,-1.049881862409893785e-01,-5.399243981938850467e-02,-1.474632278478660297e-02,-8.277482570541394580e-03,1.403728307797136310e-02,1.848555125630158003e-02,3.316573720738791309e-03,1.483239658348711743e-02,2.205594813968314583e-03,-6.148312819898915649e-03,-1.004187914861898179e-02,-3.031847740037729722e-03,-1.491639193680865061e+00,3.097365439670022313e-01,-4.843701244162759711e-02,-1.783490612222270011e+00,1.930526609098887625e-01,1.717098397986312752e-01,-2.030066584293691800e+00,-7.404510168502481671e-01,8.247073606563502801e-02,-9.989492755446655048e-01,-6.871963672739923590e-01,4.862302917448252382e-01
2.159999999999999976e-01,-5.934988199784375223e-02,-3.731024179325048706e-02,9.029171618868403471e-05,9.230907867670888264e-03,4.297113057929013991e-02,5.218545585284362770e-02,2.124714311698072677e-02,1.058577675075644819e-02,4.895430190558514028e-02,9.517409621570172007e-02,7.009036394120496394e-02,1.866098565855223157e-02,1.923490902667701619e-02,7.533244819542384008e-02,9.441163315202993900e-02,5.855738943773004107e-02,2.141320737754659476e-02,3.728437608263668324e-02,3.059681960493731631e-02,1.873187012665944451e-02,2.410245022468382112e-02,3.114874058260497236e-03,-1.834697597586609774e-02,-2.314753830863658379e-02,-1.418717326244101073e-02,-4.598651458962477179e-02,-8.672442528607637868e-02,-1.044223611186381184e-01,-5.353565555611883992e-02,-1.454673693846775424e-02,-8.128067437551678154e-03,1.377125983695348492e-02,1.843022827497842187e-02,2.893830389484097765e-03,1.446527381748508208e-02,1.843559771347980103e-03,-6.665382267726727150e-03,-1.062260304120776593e-02,-3.530516526237814211e-03,-1.491055105071158682e+00,3.101214682157835134e-01,-4.883559001275803585e-02,-1.783502660334503220e+00,1.934114418202123042e-01,1.706633707128835109e-01,-2.030340606183032026e+00,-7.385716314955130812e-01,8.498995929090438772e-02,-9.961204164220064383e-01,-6.904207587277255698e-01,4.926086100935184175e-01
2.169999999999999984e-01,-5.888574937143475907e-02,-3.699706739494556390e-02,8.369482395087503269e-05,8.752343044693855489e-03,4.214328382774690240e-02,5.132259280753181940e-02,2.065870100262667472e-02,9.982246124463411974e-03,4.828268082858144794e-02,9.490417638742920659e-02,6.970707557184431524e-02,1.827038366410782544e-02,1.894523692428906614e-02,7.578650795779484639e-02,9.492896276057251337e-02,5.883227846610461498e-02,2.146451136877569610e-02,3.804222643257881842e-02,3.208627592523649597e-02,2.004464498965097263e-02,2.508159266318932268e-02,3.757471534578282757e-03,-1.703393049295964801e-02,-2.141473856309028534e-02,-1.321463600625349954e-02,-4.533484980243818185e-02,-8.581438050625234126e-02,-1.038342357320942710e-01,-5.306286794627812498e-02,-1.433413884400369653e-02,-7.972385394359628522e-03,1.349479124566554944e-02,1.836406737225182439e-02,2.462307579846445549e-03,1.408989074794186891e-02,1.478164773221823936e-03,-7.176774750502713275e-03,-1.119627317776261677e-02,-4.018839946912322603e-03,-1.490480142968054977e+00,3.104905060747780721e-01,-4.922322328817137216e-02,-1.783467344689659617e+00,1.937140295144194058e-01,1.696117487817610514e-01,-2.030511192285128885e+00,-7.366524561081219113e-01,8.732450228929129754e-02,-9.933603097149459327e-01,-6.936832613363164146e-01,4.988556412766627091e-01
2.179999999999999993e-01,-5.840351260742648876e-02,-3.666926127371317179e-02,8.197149805555524504e-05,8.275166251167309639e-03,4.129909382425323017e-02,5.044380578188122771e-02,2.007027283608753265e-02,9.387413204671624101e-03,4.760411598048230886e-02,9.460381318978194898e-02,6.930702665674662311e-02,1.788103381243333345e-02,1.865234347093913669e-02,7.619983453436640630e-02,9.543298492526730570e-02,5.909093513115148966e-02,2.150523711627672085e-02,3.878293737780058592e-02,3.354798547712833229e-02,2.133591289358305332e-02,2.604186094735894477e-02,4.404147303636474220e-03,-1.570961282319860430e-02,-1.966380175518001039e-02,-1.221408979989613286e-02,-4.465059266407100935e-02,-8.487071114161892638e-02,-1.032234352671217437e-01,-5.257397117244844154e-02,-1.410836195178521990e-02,-7.810381166252433616e-03,1.320777555622676402e-02,1.828679511014952297e-02,2.022161170150749143e-03,1.370651935104927333e-02,1.109668467670132941e-03,-7.682039054960565494e-03,-1.176262030824215543e-02,-4.496495785367926601e-03,-1.489913454721892183e+00,3.108429548554660360e-01,-4.959940956142953189e-02,-1.783388782596217803e+00,1.939659174494232918e-01,1.685536093835671989e-01,-2.030579203302927738e+00,-7.346994578468782899e-01,8.947195439375588144e-02,-9.906748768656141735e-01,-6.969710761296163959e-01,5.049552583705794184e-01
2.190000000000000002e-01,-5.790322569861494628e-02,-3.632688015855967123e-02,8.490504603031467923e-05,7.799410498116277068e-03,4.043889358491714603e-02,4.954938476831705074e-02,1.948197250320005125e-02,8.801186910260661023e-03,4.691868615600069958e-02,9.427316203090141400e-02,6.889054949503606307e-02,1.749332814957682558e-02,1.835652731811210359e-02,7.657359351418913107e-02,9.592296086564422453e-02,5.933313475342626847e-02,2.153542375668715536e-02,3.950620206167920756e-02,3.498168035856607377e-02,2.260506269275763813e-02,2.698266429158601917e-02,5.054207725243120564e-03,-1.437526783762921312e-02,-1.789542040034009310e-02,-1.118585610056355151e-02,-4.393346093503192051e-02,-8.389207181551761039e-02,-1.025895833837791038e-01,-5.206885997022725476e-02,-1.386924074959994257e-02,-7.642000427923623107e-03,1.291010875552034420e-02,1.819813773145551039e-02,1.573545631507133674e-03,1.331543229906140269e-02,7.383303117003414684e-04,-8.180723100998488206e-03,-1.232137472206096263e-02,-4.963161578130481644e-03,-1.489354179055523808e+00,3.111781328839341443e-01,-4.996366827286245760e-02,-1.783271115242629934e+00,1.941726417442264374e-01,1.674875284945579468e-01,-2.030545502816258896e+00,-7.327186073969808033e-01,9.142986917470440067e-02,-9.880700342983712581e-01,-7.002714188844761933e-01,5.108913446639742340e-01
2.200000000000000011e-01,-5.738494258387349944e-02,-3.596998048443422746e-02,9.227863162886151827e-05,7.325108704670846294e-03,3.956301582389443183e-02,4.863961971110564164e-02,1.889391422463093662e-02,8.223476540244687924e-03,4.622647008663883367e-02,9.391237759725168388e-02,6.845797592853511415e-02,1.710765807663294433e-02,1.805808779228490479e-02,7.690895000904431067e-02,9.639815173748944588e-02,5.955865220721490161e-02,2.155511052832137509e-02,4.021171402216472401e-02,3.638709316192656473e-02,2.385148403875625781e-02,2.790341136119911525e-02,5.706960112094261461e-03,-1.303214101148109094e-02,-1.611028646422196786e-02,-1.013025573102854966e-02,-4.318317240362335580e-02,-8.287711647891303490e-02,-1.019323022530813638e-01,-5.154742958456415280e-02,-1.361661072287168039e-02,-7.467189747984104287e-03,1.260168461618693669e-02,1.809782118109248827e-02,1.116614081880129561e-03,1.291690290631608735e-02,3.644104911959544779e-04,-8.672373991997162079e-03,-1.287226627103521537e-02,-5.418514737935531400e-03,-1.488801446305939802e+00,3.114953777974887594e-01,-5.031554269472442165e-02,-1.783118506427058714e+00,1.943397757539105652e-01,1.664120219582511107e-01,-2.030410957519275250e+00,-7.307158786161592756e-01,9.319576537116223969e-02,-9.855516932720977952e-01,-7.035715209958670613e-01,5.166477970314514723e-01
2.210000000000000020e-01,-5.684871714756090794e-02,-3.559861839476941014e-02,1.038752890960559228e-04,6.852293720878143389e-03,3.867179298460321490e-02,4.771480054683330946e-02,1.830621255415110227e-02,7.654191758466932782e-03,4.552754645453793020e-02,9.352161383611436174e-02,6.800963733080524209e-02,1.672441436467098086e-02,1.775732486250447550e-02,7.720706864562965066e-02,9.685781861174991292e-02,5.976726191359338358e-02,2.156433677129987458e-02,4.089916719671116141e-02,3.776395694645140466e-02,2.507456736186863822e-02,2.880351031238470930e-02,6.361712729561652679e-03,-1.168147838659816529e-02,-1.430909137253166818e-02,-9.047608888233414290e-03,-4.239944487500624248e-02,-8.182449838854521929e-02,-1.012512125967721666e-01,-5.100957572468711732e-02,-1.335030831188399603e-02,-7.285896529966251478e-03,1.228239475197412563e-02,1.798557112808607528e-02,6.515183431536897274e-04,1.251120507019321156e-02,-1.183016374106671095e-05,-9.156538064431618551e-03,-1.341502439216934843e-02,-5.862232686415502769e-03,-1.488254378671345135e+00,3.117940448483121907e-01,-5.065460167642432676e-02,-1.782935141302405047e+00,1.944729251293233485e-01,1.653255448323930343e-01,-2.030176437461277850e+00,-7.286972481995418471e-01,9.476712793737665508e-02,-9.831257597665203907e-01,-7.068586301892655355e-01,5.222085289449935885e-01
2.220000000000000029e-01,-5.629460321911272658e-02,-3.521284974449079286e-02,1.194779377988730573e-04,6.380998351005029434e-03,3.776555727209185420e-02,4.677521724575717244e-02,1.771898237611146953e-02,7.093242577563607654e-03,4.482199390654573179e-02,9.310102393970431933e-02,6.754586459732372927e-02,1.634398717132601320e-02,1.745453910673644762e-02,7.746911355945096389e-02,9.730122245215522270e-02,5.995873783315275318e-02,2.156314192724417822e-02,4.156825592662860558e-02,3.911200520959701166e-02,2.627370385293126276e-02,2.968236883231867296e-02,7.017774796661768733e-03,-1.032452653452242859e-02,-1.249252602111905648e-02,-7.938235151572214932e-03,-4.158199616022972833e-02,-8.073287008410234833e-02,-1.005459337303489242e-01,-5.045519451751978579e-02,-1.307017086587025645e-02,-7.098068949670911267e-03,1.195212867760853115e-02,1.786111298807391279e-02,1.784090012426631233e-04,1.209861320724936462e-02,-3.901302679691908705e-04,-9.632760936996831447e-03,-1.394937813038277241e-02,-6.293992996322827181e-03,-1.487712090462653736e+00,3.120735052146665911e-01,-5.098044145061902260e-02,-1.782725225140707526e+00,1.945777233586083454e-01,1.642264908291437842e-01,-2.029842816290523988e+00,-7.266686953574420516e-01,9.614140919649137584e-02,-9.807981344026388548e-01,-7.101200110661956000e-01,5.275574730839852622e-01
2.230000000000000038e-01,-5.572265457282555429e-02,-3.481273010348395758e-02,1.388693972215193639e-04,5.911255377320845383e-03,3.684464068650683544e-02,4.582115985397772207e-02,1.713233890210252852e-02,6.540539342239082288e-03,4.410989106849649843e-02,9.265076033097631447e-02,6.706698813685309235e-02,1.596676605901548029e-02,1.715003167706585785e-02,7.769624839050726095e-02,9.772762409155966168e-02,6.013285345846374613e-02,2.155156553849257861e-02,4.221867496079934057e-02,4.043097185715317093e-02,2.744828544550603766e-02,3.053939417977291973e-02,7.674456488085735530e-03,-8.962532519972032929e-03,-1.066128078636286065e-02,-6.802453490814652781e-03,-4.073054406529230675e-02,-7.960088336431958567e-02,-9.981608360947591407e-02,-4.988418245948578189e-02,-1.277603659384451973e-02,-6.903655888677474352e-03,1.161077387332865030e-02,1.772417194636810578e-02,-3.025645306888868902e-04,1.167940218472640623e-02,-7.702279749768337069e-04,-1.010058755942422337e-02,-1.447505616126631978e-02,-6.713473543115799913e-03,-1.487173688358385482e+00,3.123331443201846636e-01,-5.129268750089757689e-02,-1.782492982120888358e+00,1.946598277877451266e-01,1.631131918649658952e-01,-2.029410971500595906e+00,-7.246362015002956181e-01,9.731603009433160978e-02,-9.785747123972946548e-01,-7.133429454754388610e-01,5.326785835104239641e-01
2.240000000000000047e-01,-5.513292492784271914e-02,-3.439831476054910908e-02,1.618324023349160257e-04,5.443097584331813010e-03,3.590937505766866877e-02,4.485291853632489278e-02,1.654639766681675894e-02,5.995992711882003334e-03,4.339131655966266266e-02,9.217097465122092714e-02,6.657333786406052778e-02,1.559314001479306100e-02,1.684410426382232373e-02,7.788963628085276980e-02,9.813628420706521638e-02,6.028938180627462645e-02,2.152964724684824915e-02,4.285011945873584693e-02,4.172059117198978484e-02,2.859770479825973766e-02,3.137399322632905552e-02,8.331068937411867381e-03,-7.596743864692001580e-03,-8.816045535792405019e-03,-5.640582273558347737e-03,-3.984480638029141986e-02,-7.842718926196257101e-02,-9.906127887999094384e-02,-4.929643636658553874e-02,-1.246774451203469351e-02,-6.702606863834947859e-03,1.125821585430575311e-02,1.757447298151504356e-02,-7.912539458279076480e-04,1.125384724764533217e-02,-1.151861074975890631e-03,-1.055956226123866415e-02,-1.499178681393154022e-02,-7.120352665767270238e-03,-1.486638271661957056e+00,3.125723601618100034e-01,-5.159099649169830715e-02,-1.782242654143705307e+00,1.947249161181722754e-01,1.619839177376764805e-01,-2.028881784678822964e+00,-7.226057499249857186e-01,9.828838154764452106e-02,-9.764613835519926344e-01,-7.165147327031429203e-01,5.375558373824523839e-01
2.250000000000000056e-01,-5.452549272065532193e-02,-3.396968909585407204e-02,1.881525703844033615e-04,4.976573795792305077e-03,3.496016125318934797e-02,4.387084432597099237e-02,1.596125309856821772e-02,5.459448056796212256e-03,4.266633977920486487e-02,9.166184274903654838e-02,6.606519581038863831e-02,1.522342062145210125e-02,1.653701406781182826e-02,7.805038591854708552e-02,9.852650223308144495e-02,6.042817942790890129e-02,2.149757067452818041e-02,4.346237512597106445e-02,4.298064267723011866e-02,2.972142050753578610e-02,3.218561406562957944e-02,8.986926593880451009e-03,-6.228333997923662935e-03,-6.957530844912795075e-03,-4.453030059299756260e-03,-3.892464793098904252e-02,-7.721073538741762832e-02,-9.828105999206114551e-02,-4.869186285111570811e-02,-1.214521213942454381e-02,-6.494905937170170063e-03,1.089441075834152173e-02,1.741178361653483719e-02,-1.287478859734125791e-03,1.082221175418052184e-02,-1.534753886403450451e-03,-1.100926930646739521e-02,-1.549930697464363405e-02,-7.514351557475595043e-03,-1.486104867409920427e+00,3.127910105074308000e-01,-5.187509026042538135e-02,-1.781978743442516278e+00,1.947791039457220097e-01,1.608372572880242823e-01,-2.028256720213295505e+00,-7.205824812450076777e-01,9.905704152988846489e-02,-9.744622383310913571e-01,-7.196251396318685822e-01,5.421769313250150990e-01
2.260000000000000064e-01,-5.390053545139217306e-02,-3.352705972772040965e-02,2.176272861396100482e-04,4.511796968019066156e-03,3.399767674320708366e-02,4.287553130770271892e-02,1.537691423100095815e-02,4.930488681430755804e-03,4.193499322375870975e-02,9.112363957618363486e-02,6.554265392720129424e-02,1.485761154850617771e-02,1.622883873135894106e-02,7.817938961858539315e-02,9.889773319308357846e-02,6.054943844519788954e-02,2.145609508056711690e-02,4.405558879264948047e-02,4.421108558304087666e-02,3.081915285292913254e-02,3.297387092932346775e-02,9.641354398522315391e-03,-4.858178547314739859e-03,-5.086531823476736491e-03,-3.240567917009329335e-03,-3.797052170194126219e-02,-7.595165787489754905e-02,-9.747466690354046615e-02,-4.807040670283990735e-02,-1.180866835817839799e-02,-6.280673357929256184e-03,1.051960346019997772e-02,1.723604217281327414e-02,-1.790927096243511091e-03,1.038471045547018079e-02,-1.918578041835594661e-03,-1.144945474599268209e-02,-1.599738894881630458e-02,-7.895361500832809298e-03,-1.485572235542099051e+00,3.129907481247059531e-01,-5.214484768481893878e-02,-1.781706743989951214e+00,1.948302029425491577e-01,1.596732510861520460e-01,-2.027539561017543512e+00,-7.185681570443340771e-01,9.962542484986225411e-02,-9.725741861100500874e-01,-7.226737510963688882e-01,5.465443711625711520e-01
2.270000000000000073e-01,-5.325825542212747621e-02,-3.307066348421283664e-02,2.500568953425208463e-04,4.048896234043919407e-03,3.302266814539667195e-02,4.186763457209697475e-02,1.479336895529037577e-02,4.408632559287362085e-03,4.119730016263290634e-02,9.055666403565033884e-02,6.500575616095741194e-02,1.449563914440155088e-02,1.591961118120765670e-02,7.827748509746924876e-02,9.924947092164250473e-02,6.065343447369908603e-02,2.140612373959171685e-02,4.462999830929792466e-02,4.541192371981851023e-02,3.189068820933327331e-02,3.373841981565472992e-02,1.029368092174420823e-02,-3.487078622064654354e-03,-3.203864840954473436e-03,-2.004056981373292246e-03,-3.698302755436122524e-02,-7.465038901104525948e-02,-9.664126474954182200e-02,-4.743202198628804211e-02,-1.145841952089376829e-02,-6.060063118301872720e-03,1.013411095799909845e-02,1.704722969077909767e-02,-2.301253450022855852e-03,9.941545889615264683e-03,-2.302992745265797225e-03,-1.187990545780914786e-02,-1.648581418583505709e-02,-8.263317969303685118e-03,-1.485039065320989948e+00,3.131736545580658948e-01,-5.240019681823410158e-02,-1.781432411048241793e+00,1.948864541489060687e-01,1.584922356476963501e-01,-2.026734673392303954e+00,-7.165636861245250344e-01,9.999814184153855978e-02,-9.707923371740125873e-01,-7.256626191357768985e-01,5.506643919510937346e-01
2.280000000000000082e-01,-5.259885498096172896e-02,-3.260073705903065999e-02,2.852417790095707062e-04,3.588000926920020817e-03,3.203588210733210317e-02,4.084780954072054354e-02,1.421060543646701646e-02,3.893397895175176870e-03,4.045328387362313177e-02,8.996121399196077562e-02,6.445454583311628627e-02,1.413742928187966541e-02,1.560936458911132974e-02,7.834550941755535902e-02,9.958120909595802317e-02,6.074044260667399442e-02,2.134856008204311095e-02,4.518584242174439325e-02,4.658316059180034330e-02,3.293581380172704715e-02,3.447891698130155919e-02,1.094323602534963413e-02,-2.115835278972078015e-03,-1.310346353306179878e-03,-7.443576585690614422e-04,-3.596276515879548441e-02,-7.330735981248980015e-02,-9.578001891140662527e-02,-4.677666242164546517e-02,-1.109477157445803996e-02,-5.833228825225411640e-03,9.738250019868388563e-03,1.684532722621145950e-02,-2.818112684551010716e-03,9.492920568155762198e-03,-2.687658105163137634e-03,-1.230040877904370507e-02,-1.696436446729698844e-02,-8.618158460566682777e-03,-1.484504040980787476e+00,3.133417852079403154e-01,-5.264107692946149580e-02,-1.781161516242163678e+00,1.949561034203816101e-01,1.572944754007050694e-01,-2.025846428424372903e+00,-7.145699667380046582e-01,1.001797882223644381e-01,-9.691117968523562665e-01,-7.285938122068583711e-01,5.545432614151345474e-01
2.290000000000000091e-01,-5.192253653182499207e-02,-3.211751702681375775e-02,3.229823752723959274e-04,3.129240607794958606e-03,3.103806536052777787e-02,3.981671199103953979e-02,1.362861210664068241e-02,3.384303101102049006e-03,3.970296765368663827e-02,8.933758630845868576e-02,6.388906564967936075e-02,1.378290734709741727e-02,1.529813235693699980e-02,7.838429899081278407e-02,9.989244119448235926e-02,6.081073742170017837e-02,2.128430771601097504e-02,4.572336073055982553e-02,4.772479937934326344e-02,3.395431766988110667e-02,3.519501895822685356e-02,1.158935084715118080e-02,-7.452495088808852586e-04,5.932071146812489815e-04,5.376703668629190247e-04,-3.491033400623776844e-02,-7.192300001035478729e-02,-9.489009502740586299e-02,-4.610428133111366122e-02,-1.071803002095261803e-02,-5.600323613517588228e-03,9.332337219974728981e-03,1.663031586123908667e-02,-3.341159489908207547e-03,9.039036998287119928e-03,-3.072235175003434904e-03,-1.271075257270659446e-02,-1.743282192590012158e-02,-8.959822442327958214e-03,-1.483965842126967027e+00,3.134971658831761099e-01,-5.286743392913141604e-02,-1.780899846205937331e+00,1.950473989219656812e-01,1.560801783889629868e-01,-2.024879201788831740e+00,-7.125878855360919806e-01,1.001749502378437851e-01,-9.675276657401516989e-01,-7.314694143246948110e-01,5.581872773215991179e-01
2.300000000000000100e-01,-5.122950254447689034e-02,-3.162123985883802391e-02,3.630792014592820207e-04,2.672745094060235971e-03,3.002996477556551733e-02,3.877499808106055212e-02,1.304737765743135824e-02,2.880866771548085126e-03,3.894637482965234571e-02,8.868607688647367482e-02,6.330935771222657993e-02,1.343199822952589884e-02,1.498594810133058348e-02,7.839468958433259971e-02,1.001826604545144050e-01,6.086459298812396668e-02,2.121427044947532536e-02,4.624279364824879918e-02,4.883684294034695839e-02,3.494598863158105556e-02,3.588638257287346534e-02,1.223135778477457518e-02,6.238777772336057126e-04,2.505978986659052055e-03,1.841168123578817767e-03,-3.382633342120478642e-02,-7.049773803771275382e-02,-9.397065900342570222e-02,-4.541483158464210135e-02,-1.032849987924944202e-02,-5.361500057722956569e-03,8.916688977079090250e-03,1.640217671558463763e-02,-3.870048438215701204e-03,8.580097703895006589e-03,-3.456385993541478008e-03,-1.311072529387624641e-02,-1.789096906381448804e-02,-9.288251300131999955e-03,-1.483423144117876680e+00,3.136417896678881378e-01,-5.307921598929637302e-02,-1.780653201381257045e+00,1.951685900458893230e-01,1.548495106454724768e-01,-2.023837373544518758e+00,-7.106183167274848778e-01,9.998820955506086683e-02,-9.660350399554944456e-01,-7.342915239984415532e-01,5.616027646924763861e-01
2.310000000000000109e-01,-5.051995556468513726e-02,-3.111214193907008152e-02,4.053328763791164135e-04,2.218644487548271371e-03,2.901232741821235805e-02,3.772332437370762293e-02,1.246689103158127310e-02,2.382607658159230368e-03,3.818352876898245540e-02,8.800698070632195780e-02,6.271546353047721678e-02,1.308462631266360532e-02,1.467284563797344177e-02,7.837751632765634080e-02,1.004513598288414578e-01,6.090228287544974251e-02,2.113935231299013395e-02,4.674438235409051484e-02,4.991929381094584173e-02,3.591061624419467080e-02,3.655266496763420747e-02,1.286859047848354365e-02,1.990745762564749555e-03,4.427152651565346118e-03,3.165277343410544120e-03,-3.271136257669793324e-02,-6.903200102010309536e-02,-9.302087702379013834e-02,-4.470826554514673035e-02,-9.926485647432148340e-03,-5.116910082872294652e-03,8.491621595681841939e-03,1.616089095808082021e-02,-4.404433936743501476e-03,8.116305245605026641e-03,-3.839773624673358931e-03,-1.350011605530321290e-02,-1.833858877053895151e-02,-9.603388286860249992e-03,-1.482874618427645341e+00,3.137776141058615242e-01,-5.327636935423494396e-02,-1.780427394971443977e+00,1.953279277664164704e-01,1.536026092606001259e-01,-2.022725327922206162e+00,-7.086621214486323872e-01,9.962414789507950674e-02,-9.646290114331643739e-01,-7.370622529640340481e-01,5.647960728766230343e-01
2.320000000000000118e-01,-4.979409822457148138e-02,-3.059045958056927014e-02,4.495441428038482456e-04,1.767069202736948341e-03,2.798590060648242783e-02,3.666234786082434027e-02,1.188714141380220468e-02,1.889044643906601095e-03,3.741445289054379231e-02,8.730059187011285360e-02,6.210742403636817371e-02,1.274071546559429717e-02,1.435885896547262064e-02,7.833361372196812056e-02,1.006980319415857750e-01,6.092408016271733118e-02,2.106045758276886559e-02,4.722836874665503615e-02,5.097215420548328879e-02,3.684799076437883514e-02,3.719352362458128169e-02,1.350038379279627776e-02,3.354553739176147076e-03,6.355911480143028314e-03,4.509140449750592694e-03,-3.156602051105794615e-02,-6.752621476918463372e-02,-9.203991556223600767e-02,-4.398453501344556926e-02,-9.512291266157824055e-03,-4.866704874347149712e-03,8.057451309758878466e-03,1.590643981852401731e-02,-4.943970178717727038e-03,7.647862239996250366e-03,-4.222062196740594686e-03,-1.387871469239687627e-02,-1.877546434020027633e-02,-9.905178473668119210e-03,-1.482318932989741489e+00,3.139065587058840201e-01,-5.345883434136044360e-02,-1.780228252056239580e+00,1.955336664438787619e-01,1.523395941648618690e-01,-2.021547453105037029e+00,-7.067201473478402773e-01,9.908735139963208149e-02,-9.633046682549515349e-01,-7.397837247162032392e-01,5.677735725008574708e-01
2.330000000000000127e-01,-4.905213325310153749e-02,-3.005642904221605960e-02,4.955138901330258250e-04,1.318149994914641354e-03,2.695143196856663800e-02,3.559272598680163907e-02,1.130811822081678741e-02,1.399696716755105758e-03,3.663917067540056055e-02,8.656720364629633124e-02,6.148527959967189233e-02,1.240018903544681805e-02,1.404402224888823270e-02,7.826381565120232864e-02,1.009221690433705909e-01,6.093025744893010298e-02,2.097849080419544876e-02,4.769499539396626631e-02,5.199542601585527279e-02,3.775790310585547260e-02,3.780861639137444996e-02,1.412607379665464964e-02,4.714501123149972273e-03,8.291438841075304822e-03,5.871900544352381957e-03,-3.039090614664630152e-02,-6.598080377958126519e-02,-9.102694139322052569e-02,-4.324359117306020295e-02,-9.086220083074803000e-03,-4.611034787058265749e-03,7.614494329085007805e-03,1.563880459992450511e-02,-5.488311091813358189e-03,7.174971378114403109e-03,-4.602916941097045210e-03,-1.424631182760549390e-02,-1.920137948829747643e-02,-1.019356870210197212e-02,-1.481754752520578533e+00,3.140305027715554753e-01,-5.362654153189420209e-02,-1.780061608871335910e+00,1.957940670888537460e-01,1.510605786423387942e-01,-2.020308141000773272e+00,-7.047932283852161861e-01,9.838241473268276305e-02,-9.620570950169531343e-01,-7.424580728426020126e-01,5.705416523207954560e-01
2.340000000000000135e-01,-4.829426348670295965e-02,-2.951028654573395818e-02,5.430431772004418178e-04,8.720179882697465246e-04,2.590966950156481374e-02,3.451511667175210379e-02,1.072981109066928340e-02,9.140829428688768132e-04,3.585770567759150040e-02,8.580710851589934407e-02,6.084907004516740270e-02,1.206296984077548373e-02,1.372836980294200870e-02,7.816895539510371194e-02,1.011232629659235549e-01,6.092108686464658973e-02,2.089435681567364256e-02,4.814450548137605423e-02,5.298911081028201409e-02,3.864014479505195609e-02,3.839760150933768657e-02,1.474499774192405965e-02,6.069787470157184117e-03,1.023291811685256292e-02,7.252701392495453092e-03,-2.918661831031377218e-02,-6.439619122904138848e-02,-8.998112160358839873e-02,-4.248538453508166057e-02,-8.648574818434617839e-03,-4.350049254136400222e-03,7.163066888191237623e-03,1.535796669118072444e-02,-6.037110284392799286e-03,6.697835443427724300e-03,-4.982004229792114103e-03,-1.460269893414123561e-02,-1.961611836784582508e-02,-1.046850753710337756e-02,-1.481180738822601484e+00,3.141512835593081032e-01,-5.377940815169796052e-02,-1.779933312256315459e+00,1.961174020954714048e-01,1.497656785873150986e-01,-2.019011787005505099e+00,-7.028821848509257952e-01,9.751394492234623235e-02,-9.608813732340580893e-01,-7.450874391632603677e-01,5.731067159918805665e-01
2.350000000000000144e-01,-4.752069187999596878e-02,-2.895226829299835103e-02,5.919332552348777199e-04,4.288047038549792065e-04,2.486136163093810580e-02,3.343017833420436347e-02,1.015220987127118946e-02,4.317224394165819490e-04,3.507008153488655466e-02,8.502059822038710024e-02,6.019883467135399985e-02,1.172898016590930882e-02,1.341193607493762485e-02,7.804986564426696916e-02,1.013008050762942425e-01,6.089684008472451282e-02,2.080896077285254719e-02,4.857714275712776697e-02,5.395320983158224948e-02,3.949450792458231163e-02,3.896013764359018694e-02,1.535649404005612513e-02,7.419612491476268445e-03,1.217953271929017589e-02,8.650687406539070423e-03,-2.795375575562397685e-02,-6.277279898189380702e-02,-8.890162360478416625e-02,-4.170986488329386094e-02,-8.199657532011794814e-03,-4.083896695360689222e-03,6.703485297920419583e-03,1.506390758024478416e-02,-6.590020989509781657e-03,6.216657329396468867e-03,-5.358991612248510152e-03,-1.494766839900885103e-02,-2.001946558493550299e-02,-1.072994522069903311e-02,-1.480595551066327786e+00,3.142706947684716368e-01,-5.391733464335642101e-02,-1.779849219274297178e+00,1.965119614503864631e-01,1.484550205139504309e-01,-2.017662789758502662e+00,-7.009878236044970734e-01,9.648656495328719607e-02,-9.597725817817547300e-01,-7.476739716790180568e-01,5.754751787810541419e-01
2.360000000000000153e-01,-4.673162151660825714e-02,-2.838261048358692654e-02,6.419855909185480077e-04,-1.135791260820084858e-05,2.380725727061516750e-02,3.233856991326966579e-02,9.575304608222092242e-03,-4.786565299585987532e-05,3.427632197951080428e-02,8.420796381106177009e-02,5.953461227070544481e-02,1.139814175631872518e-02,1.309475562740436416e-02,7.790737851718310125e-02,1.014542862308118742e-01,6.085778834233490642e-02,2.072320817311545937e-02,4.899315147571271095e-02,5.488772399504071586e-02,4.032078510441739622e-02,3.949588391520863356e-02,1.595990223665522123e-02,8.763176070468501819e-03,1.413046610477497467e-02,1.006500362781093116e-02,-2.669291718679111733e-02,-6.111104759589248286e-02,-8.778761514566824076e-02,-4.091698121975229085e-02,-7.739769591442069441e-03,-3.812724425551472507e-03,6.236065999579931685e-03,1.475660886785279402e-02,-7.146696006731012574e-03,5.731640056746646096e-03,-5.733547850720110972e-03,-1.528101358536559928e-02,-2.041120621365699606e-02,-1.097783362608373281e-02,-1.479997846050873145e+00,3.143904853673153976e-01,-5.404020143122752889e-02,-1.779815197006257899e+00,1.969860604209926758e-01,1.471287483266682516e-01,-2.016265550887967883e+00,-6.991109385382228147e-01,9.530491712415857519e-02,-9.587257973753613438e-01,-7.502198223329032967e-01,5.776534642393686969e-01
2.370000000000000162e-01,-4.592725562006227946e-02,-2.780154933256273608e-02,6.930018895467959794e-04,-4.483374631396586096e-04,2.274810588367692787e-02,3.124095089024025995e-02,8.999085531919082115e-03,-5.251621982078624740e-04,3.347645084879546928e-02,8.336949569994045461e-02,5.885644115146160260e-02,1.107037581500971632e-02,1.277686312051828921e-02,7.774232557929705578e-02,1.015831967289431148e-01,6.080420244427120480e-02,2.063800488031919400e-02,4.939277633905759385e-02,5.579265388594123465e-02,4.111876941074177338e-02,4.000449993532129156e-02,1.655456298378776836e-02,1.009967827947821917e-02,1.608490178920530048e-02,1.149479570684075469e-02,-2.540470128427196883e-02,-5.941135633247585784e-02,-8.663826432609235406e-02,-4.010668171100473245e-02,-7.269211642131345741e-03,-3.536678563125672525e-03,5.761125621686957743e-03,1.443605228182898159e-02,-7.706787641813317435e-03,5.242986790626069649e-03,-6.105342954457082527e-03,-1.560252889412216959e-02,-2.079112581039810684e-02,-1.121212621188316660e-02,-1.479386278442513136e+00,3.145123587590358261e-01,-5.414786588178410048e-02,-1.779837122522649695e+00,1.975480487229538673e-01,1.457870288574535100e-01,-2.014824474747504812e+00,-6.972523112679328561e-01,9.397366618881332345e-02,-9.577360950866868894e-01,-7.527271445888373824e-01,5.796480008556255115e-01
2.380000000000000171e-01,-4.510779756470473245e-02,-2.720932108844964850e-02,7.447841182504078006e-04,-8.820010701637848172e-04,2.168465754353432473e-02,3.013798130959344235e-02,8.423543043965420196e-03,-1.000648092668310341e-03,3.267049209576323304e-02,8.250548371199784015e-02,5.816435916094153669e-02,1.074560300001836666e-02,1.245829329431493750e-02,7.755553786407576311e-02,1.016870262672218139e-01,6.073635278759903500e-02,2.055425714968572848e-02,4.977626243566524167e-02,5.666799975684844864e-02,4.188825433242326923e-02,4.048564584105696085e-02,1.713981800983432890e-02,1.142831939716870693e-02,1.804202336264193463e-02,1.293920988191210771e-02,-2.408970673200183654e-02,-5.767414317041463789e-02,-8.545273961136644336e-02,-3.927891363516122780e-02,-6.788283578817999597e-03,-3.255903939083815146e-03,5.278981039275266497e-03,1.410221969205460724e-02,-8.269947644321096192e-03,4.750900857749318362e-03,-6.474048212394390746e-03,-1.591200982479046289e-02,-2.115901042748502547e-02,-1.143277797637365367e-02,-1.478759500990899589e+00,3.146379722916728405e-01,-5.424015946210238026e-02,-1.779920883034698420e+00,1.982063211631100996e-01,1.444300561754306711e-01,-2.013343968143180618e+00,-6.954127120546990115e-01,9.249750230407685625e-02,-9.567985488981020081e-01,-7.551980908322931674e-01,5.814652187107538506e-01
2.390000000000000180e-01,-4.427345088666534423e-02,-2.660616205138000012e-02,7.971345292632214807e-04,-1.312215349473788706e-03,2.061766299552925119e-02,2.903032179935483015e-02,7.848667702899712537e-03,-1.474804293823517298e-03,3.185846979960249570e-02,8.161621713870959027e-02,5.745840371035226130e-02,1.042374342301144452e-02,1.213908095073648087e-02,7.734784589609366989e-02,1.017652638933999182e-01,6.065450937770888729e-02,2.047287165279509935e-02,5.014385517776220880e-02,5.751376152473230974e-02,4.262903371510163436e-02,4.093898233329661823e-02,1.771501008670073318e-02,1.274829992626314024e-02,2.000101450367131051e-02,1.439739295588271517e-02,-2.274853224617734773e-02,-5.589982482292343846e-02,-8.423020984771856234e-02,-3.843362333002575681e-02,-6.297284518929747478e-03,-2.970544006616560040e-03,4.789949435711982062e-03,1.375509312612965829e-02,-8.835827143224506131e-03,4.255585763643931173e-03,-6.839336224213621307e-03,-1.620925303555731389e-02,-2.151464662616087153e-02,-1.163974541139456420e-02,-1.478116164722562909e+00,3.147689371158923777e-01,-5.431688509984043678e-02,-1.780072376227481712e+00,1.989693297492583779e-01,1.430580546739229353e-01,-2.011828440051149691e+00,-6.935929009612249452e-01,9.088114381065082181e-02,-9.559082322939318477e-01,-7.576348095979174024e-01,5.831115461522142773e-01
2.400000000000000189e-01,-4.342441929481744012e-02,-2.599230859137646385e-02,8.498556832070569556e-04,-1.738846383541492674e-03,1.954787371886945735e-02,2.791863359080304363e-02,7.274450209269645029e-03,-1.948111848705469384e-03,3.104040817604225566e-02,8.070198479276635695e-02,5.673861180107842711e-02,1.010471664904555485e-02,1.181926093553566960e-02,7.712007971610114476e-02,1.018173979610041829e-01,6.055894184778454203e-02,2.039475550256319991e-02,5.049580023663579470e-02,5.832993876804115629e-02,4.334090170289073285e-02,4.136417071608544660e-02,1.827948299423054479e-02,1.405882061167629260e-02,2.196105899345379697e-02,1.586849227129771833e-02,-2.138177660559392734e-02,-5.408881675818610901e-02,-8.296984427889331215e-02,-3.757075614246341289e-02,-5.796512777835438612e-03,-2.680740751607402651e-03,4.294348366998600695e-03,1.339465478579526803e-02,-9.404076580587172884e-03,3.757245210140425229e-03,-7.200880929682185183e-03,-1.649405640251000449e-02,-2.185782148890557872e-02,-1.183298645578645392e-02,-1.477454919111396370e+00,3.149068183945238353e-01,-5.437781474851689084e-02,-1.780297510776700287e+00,1.998455972532439950e-01,1.416712809406667772e-01,-2.010282301325847509e+00,-6.917936292468975790e-01,8.912933987735389973e-02,-9.550602188890339184e-01,-7.600394426293274330e-01,5.845934065071007879e-01
2.410000000000000198e-01,-4.256093636262558988e-02,-2.536800643911751862e-02,9.027768947778014308e-04,-2.161744261802489575e-03,1.847604265018176761e-02,2.680356260542460234e-02,6.700888295605889056e-03,-2.420974972090927935e-03,3.021636524038529004e-02,7.976310357871074785e-02,5.600499337769315744e-02,9.788390877707000073e-03,1.149884495687913954e-02,7.687295146295827775e-02,1.018429593615812756e-01,6.044992140137051689e-02,2.032074289557295188e-02,5.083241954336648050e-02,5.911667084757477042e-02,4.402380074497447282e-02,4.176095692132886228e-02,1.883260837292377587e-02,1.535909380173183791e-02,2.392128699770256980e-02,1.735157966818334785e-02,-1.999007713255362972e-02,-5.224164227458594212e-02,-8.167103653809526520e-02,-3.669033264949916884e-02,-5.286267594807547709e-03,-2.386646642055456624e-03,3.792493118448536215e-03,1.302092520576581154e-02,-9.974316532975981489e-03,3.256078680005991544e-03,-7.558354845369930075e-03,-1.676626232876810008e-02,-2.218836750634300969e-02,-1.201252754311266102e-02,-1.476774722303927145e+00,3.150530668401400058e-01,-5.442279960729840688e-02,-1.780600649822217107e+00,2.008414754525003898e-01,1.402708960754747158e-01,-2.008709985312729707e+00,-6.900158499859032624e-01,8.724826602172174039e-02,-9.542502804362789082e-01,-7.624132270992507454e-01,5.859173477366119709e-01
2.420000000000000207e-01,-4.168335461348027238e-02,-2.473353852120308005e-02,9.558335157242581204e-04,-2.580696762975787095e-03,1.740292617718619539e-02,2.568569167415457252e-02,6.128007405843405309e-03,-2.893490263333742263e-03,2.938653373775368394e-02,7.880000407377130145e-02,5.525745131321579962e-02,9.474430469461394069e-03,1.117775206525761789e-02,7.660670297591767874e-02,1.018416513025099945e-01,6.032772659222863237e-02,2.025137505479390754e-02,5.115433952033354714e-02,5.987465737450969883e-02,4.467826566194821325e-02,4.212942364152238994e-02,1.937386639885163575e-02,1.664837753776415852e-02,2.588061389304785465e-02,1.884542341089678885e-02,-1.857422506107075932e-02,-5.035925961763475928e-02,-8.033407672098835661e-02,-3.579267727564338503e-02,-4.766854275922050889e-03,-2.088460286910898134e-03,3.284688841167948681e-03,1.263407783943071294e-02,-1.054605004088849003e-02,2.752267714224654327e-03,-7.911421361834316060e-03,-1.702588728898835058e-02,-2.250629723243013913e-02,-1.217866581121418434e-02,-1.476075772419263910e+00,3.152088220666842133e-01,-5.445210487903217461e-02,-1.780979934167785661e+00,2.019543621058907668e-01,1.388615563136235409e-01,-2.007116008804242124e+00,-6.882613452597419190e-01,8.524971013741464154e-02,-9.534769788629883225e-01,-7.647538076020905518e-01,5.870904362116802222e-01
2.430000000000000215e-01,-4.079205654200457332e-02,-2.408919716052260185e-02,1.008987671808458941e-03,-2.995475646934142588e-03,1.632928211441431188e-02,2.456558833690358420e-02,5.555839928618855339e-03,-3.365677647880982015e-03,2.855114011859161138e-02,7.781314500587255267e-02,5.449586143233364766e-02,9.162448383465804369e-03,1.085587811081101077e-02,7.632145800737280550e-02,1.018132194175085381e-01,6.019263756713488095e-02,2.018712050850135498e-02,5.146226298511713537e-02,6.060473800386878551e-02,4.530497927669507874e-02,4.246973864918590635e-02,1.990276514463218405e-02,1.792594161682403708e-02,2.783790149328035923e-02,2.034871621579537049e-02,-1.713505020434613613e-02,-4.844273474690430348e-02,-7.895947970087302537e-02,-3.487818919873531681e-02,-4.238578791598613706e-03,-1.786389644554020606e-03,2.771239072688391758e-03,1.223432487604547703e-02,-1.111874943335644517e-02,2.245988497964201969e-03,-8.259744197002484925e-03,-1.727299167146423287e-02,-2.281166868852047350e-02,-1.233176936731750217e-02,-1.475358579054033115e+00,3.153751370770430107e-01,-5.446607007092311298e-02,-1.781431943744317570e+00,2.031794263750034968e-01,1.374487538039110002e-01,-2.005504906054688785e+00,-6.865320992403054490e-01,8.314690381952292986e-02,-9.527395734376857828e-01,-7.670579171519913420e-01,5.881198534425861046e-01
2.440000000000000224e-01,-3.988742494699826224e-02,-2.343527482139018056e-02,1.062201849279631460e-03,-3.405852070118786656e-03,1.525586906928788622e-02,2.344382077136853218e-02,4.984418276929414304e-03,-3.837557348814968350e-03,2.771041086734271630e-02,7.680298479279379364e-02,5.372009921898968782e-02,8.852057005058533434e-03,1.053311890091945813e-02,7.601733969150029080e-02,1.017574084485386443e-01,6.004493416145262330e-02,2.012844849573847475e-02,5.175689304303388028e-02,6.130775231907081846e-02,4.590462431450381686e-02,4.278207085647256491e-02,2.041881366042996859e-02,1.919105627279060755e-02,2.979201180316426445e-02,2.186015125137164006e-02,-1.567338254251815499e-02,-4.649313230971952038e-02,-7.754776118014428121e-02,-3.394726603880915405e-02,-3.701746006446349213e-03,-1.480639920393489462e-03,2.252448512339633169e-03,1.182187909797027814e-02,-1.169188537557852570e-02,1.737416288567938949e-03,-8.602990219127804039e-03,-1.750763652131448467e-02,-2.310454047494525653e-02,-1.247221016490085432e-02,-1.474623653505431564e+00,3.155530500334708388e-01,-5.446499574800715837e-02,-1.781953252852239267e+00,2.045118524866266219e-01,1.360379349425696327e-01,-2.003881206465834897e+00,-6.848300929297097550e-01,8.095313226175886168e-02,-9.520373233087505715e-01,-7.693222716472950529e-01,5.890127629367720719e-01
2.450000000000000233e-01,-3.896984293688099399e-02,-2.277206412696042293e-02,1.115438904741861137e-03,-3.811596566237085426e-03,1.418344648144209685e-02,2.232095778876352909e-02,4.413774878974763283e-03,-4.309149896903452515e-03,2.686457249252072188e-02,7.576998160090209211e-02,5.293003985482247487e-02,8.542868158274430357e-03,1.020937019877887764e-02,7.569447059333379857e-02,1.016739622090612333e-01,5.988489591971157822e-02,2.007582897097393015e-02,5.203893302021355555e-02,6.198453981452711758e-02,4.647788339075199088e-02,4.306659032178306035e-02,2.092152193222407419e-02,2.044299218904254908e-02,3.174180703842877788e-02,2.337842212013629614e-02,-1.419005226447733747e-02,-4.451151568774802669e-02,-7.609943768160398747e-02,-3.300030386136354466e-02,-3.156659683771767533e-03,-1.171413609409643897e-03,1.728623033334208969e-03,1.139695384089023378e-02,-1.226492687822799965e-02,1.226725528681971156e-03,-8.940829301471442392e-03,-1.772988360127980556e-02,-2.338497174972031800e-02,-1.260036371251382903e-02,-1.473871508828466181e+00,3.157435846036318328e-01,-5.444914319293625571e-02,-1.782540429640366852e+00,2.059468331519873907e-01,1.346344962943493428e-01,-2.002249433545427504e+00,-6.831573089266437249e-01,7.868173569376786525e-02,-9.513694875350992008e-01,-7.715435700232127214e-01,5.897763107083344725e-01
2.460000000000000242e-01,-3.803969393486994477e-02,-2.209985787646928657e-02,1.168662074767290449e-03,-4.212479027562832969e-03,1.311277466184002267e-02,2.119756882885104332e-02,3.843942169000857945e-03,-4.780476140563649778e-03,2.601385151676893770e-02,7.471459340332753385e-02,5.212555825783704577e-02,8.234493118653318788e-03,9.884527722284541795e-03,7.535297275982458243e-02,1.015626235491287194e-01,5.971280211811347965e-02,2.002973260775187114e-02,5.230908639429232565e-02,6.263593987818927289e-02,4.702543899819744411e-02,4.332346825621513631e-02,2.141040083610601386e-02,2.168102051088549587e-02,3.368614964537242074e-02,2.490222283731213793e-02,-1.268588981132401546e-02,-4.249894704873602436e-02,-7.461502654002716284e-02,-3.203769718667803801e-02,-2.603622494794954889e-03,-8.589105487182280285e-04,1.200069693661376391e-03,1.095976295420930668e-02,-1.283734130788927175e-02,7.140899626718599791e-04,-9.272934168135904542e-03,-1.793979545254487107e-02,-2.365302220497245145e-02,-1.271660877436930903e-02,-1.473102659886445620e+00,3.159477503343203764e-01,-5.441873434403249332e-02,-1.783190035633335890e+00,2.074795634693943625e-01,1.332437807197260349e-01,-2.000614103897839335e+00,-6.815157367626364371e-01,7.634611064350010912e-02,-9.507353251307262276e-01,-7.737184944161844546e-01,5.904176259370427227e-01
2.470000000000000251e-01,-3.709736168385102673e-02,-2.141894906227204479e-02,1.221834985221104120e-03,-4.608268686876471065e-03,1.204461483164820379e-02,2.007422395429570017e-02,3.274952578147249938e-03,-5.251557255744998542e-03,2.515847446691621761e-02,7.363727803749986478e-02,5.130652912121957954e-02,7.926542626353505483e-03,9.558487143238370010e-03,7.499296777284339410e-02,1.014231343224905046e-01,5.952893178898577276e-02,1.999063080124008698e-02,5.256805672278330732e-02,6.326279177413107746e-02,4.754797349401229667e-02,4.355287702956722740e-02,2.188496208868961554e-02,2.290441285760902793e-02,3.562390232008061375e-02,2.643024780639669294e-02,-1.116172592134256902e-02,-4.045648740339080618e-02,-7.309504589405690922e-02,-3.105983900531406397e-02,-2.042936032642828515e-03,-5.433279802007362491e-04,6.670967456341436730e-04,1.051052076168179639e-02,-1.340859439892572343e-02,1.996827559294089838e-04,-9.598980231338760660e-03,-1.813743545524371115e-02,-2.390875204096021278e-02,-1.282132706325089799e-02,-1.472317623394740149e+00,3.161665430530305465e-01,-5.437395201487873336e-02,-1.783898625308336872e+00,2.091052353120531337e-01,1.318710738004298111e-01,-1.998979726249543454e+00,-6.799073788120603146e-01,7.395971111261007147e-02,-9.501340951230575760e-01,-7.758437103408996061e-01,5.909438217505847968e-01
2.480000000000000260e-01,-3.614323025090726560e-02,-2.072963088663293263e-02,1.274921660292083203e-03,-4.998734100088331189e-03,1.097972916081468853e-02,1.895149384437200268e-02,2.706838525303290055e-03,-5.722414755742200043e-03,2.429866786403244924e-02,7.253849326198748282e-02,5.047282695224631494e-02,7.618626899566828016e-03,9.231144086860432196e-03,7.461457680411445748e-02,1.012552353558558021e-01,5.933356374721254767e-02,1.995899566956893523e-02,5.281654756918197080e-02,6.386593462525347320e-02,4.804616908670622522e-02,4.375499017577899608e-02,2.234471819352501498e-02,2.411244133415202384e-02,3.755392802722656853e-02,2.796119179161626889e-02,-9.618391676402991350e-03,-3.838519666728101853e-02,-7.154001467850656937e-02,-3.006712079995965681e-02,-1.474900831145209423e-03,-2.248606232200245358e-04,1.300136438890931161e-04,1.004944202250879215e-02,-1.397815026706217267e-02,-3.163233835148382411e-04,-9.918645420311289485e-03,-1.832286788831627433e-02,-2.415222193761268343e-02,-1.291490292643393545e-02,-1.471516917957869541e+00,3.164009452974976822e-01,-5.431494039851507416e-02,-1.784662745721870669e+00,2.108190322020235263e-01,1.305216006516815297e-01,-1.997350800512150304e+00,-6.783342567787885580e-01,7.153604974205185485e-02,-9.495650566250678493e-01,-7.779158668808801025e-01,5.913619961055501806e-01
2.490000000000000269e-01,-3.517768403148879841e-02,-2.003219677823109279e-02,1.327886531200306091e-03,-5.383643129571957786e-03,9.918880806323304711e-03,1.782994978804008923e-02,2.139632407970105000e-03,-6.193070500918107513e-03,2.343465821347878730e-02,7.141869681255341717e-02,4.962432611122036263e-02,7.310355648232569337e-03,8.902394131618862616e-03,7.421792067203659971e-02,1.010586664204628921e-01,5.912697661865973231e-02,1.993530005387267670e-02,5.305526242688740624e-02,6.444620739621953476e-02,4.852070782301032281e-02,4.392998239757783113e-02,2.278918238365346127e-02,2.530437854221778693e-02,3.947509001851567945e-02,2.949374988731756631e-02,-8.056718549690700115e-03,-3.628613372765743250e-02,-6.995045261709176287e-02,-2.905993257371530802e-02,-8.998163884221811433e-04,9.629924266452151405e-05,-4.108689482986704888e-04,9.576741892942219891e-03,-1.454547142499995616e-02,-8.337560814681843624e-04,-1.023161000226924244e-02,-1.849615798834536307e-02,-2.438349302353248760e-02,-1.299772302525870060e-02,-1.470701064099941169e+00,3.166519267733108323e-01,-5.424180585917484643e-02,-1.785478936187217203e+00,2.126161246706471941e-01,1.292005232043429430e-01,-1.995731816885811583e+00,-6.767984187614632940e-01,6.908869903071168661e-02,-9.490274689210485004e-01,-7.799315968935216503e-01,5.916792327444154731e-01
2.500000000000000000e-01,-3.420110775316720364e-02,-1.932694040835380989e-02,1.380694444580665703e-03,-5.762762928260389828e-03,8.862833950065152067e-03,1.671016367642774725e-02,1.573366593150105075e-03,-6.663546708390200891e-03,2.256667199497641718e-02,7.027834645737973673e-02,4.876090085037709798e-02,7.001338088048481012e-03,8.572132809375075310e-03,7.380311990033507075e-02,1.008331662061090483e-01,5.890944887062544294e-02,1.992001751689453926e-02,5.328490464101510310e-02,6.500444887668034577e-02,4.897227157489414395e-02,4.407802957021722534e-02,2.321786856025065404e-02,2.647949759086598576e-02,4.138625185071553858e-02,3.102661748437007816e-02,-6.477538454650044741e-03,-3.416035651503790405e-02,-6.832688021565314074e-02,-2.803866288482171135e-02,-3.179811952480626758e-04,4.199616851185972166e-04,-9.552391546145954119e-04,9.092635888536815258e-03,-1.511001880037765761e-02,-1.352443172702333168e-03,-1.053755639574438518e-02,-1.865737200706840682e-02,-2.460262684246172782e-02,-1.307017600910454110e-02,-1.469870584288484716e+00,3.169204448396379936e-01,-5.415461801428688576e-02,-1.786343728003246811e+00,2.144916661053151430e-01,1.279129380336344601e-01,-1.994127255005765154e+00,-6.753019468981723561e-01,6.663129265179873473e-02,-9.485205915659211673e-01,-7.818875172304237120e-01,5.919026022075418725e-01
2.510000000000000009e-01,-3.321388647897327573e-02,-1.861415570672298250e-02,1.433310670507115464e-03,-6.135859924524922349e-03,7.812353836298857601e-03,1.559270799473022606e-02,1.008073408247156738e-03,-7.133865961628239362e-03,2.169493565266877866e-02,6.911790005140172610e-02,4.788242535268416589e-02,6.691182954790875215e-03,8.240255605826531451e-03,7.337029477854108139e-02,1.005784722977782764e-01,5.868125884429753469e-02,1.991362234008065002e-02,5.350617732816598249e-02,6.554149766488272244e-02,4.940154202678481710e-02,4.419930874414478711e-02,2.363029122753568245e-02,2.763707210644916756e-02,4.328627740328849782e-02,3.255849023364376649e-02,-4.881683795051828569e-03,-3.200892207933403455e-02,-6.666981875588984252e-02,-2.700369888787923153e-02,2.703072319367727516e-04,7.459390167445789643e-04,-1.502783883342573290e-03,8.597339847175700100e-03,-1.567125175640260437e-02,-1.872212575284581959e-03,-1.083616897666628276e-02,-1.880657726730916232e-02,-2.480968531712512970e-02,-1.313265218451853400e-02,-1.469026002951716370e+00,3.172074450230790155e-01,-5.405341110929087062e-02,-1.787253644235176964e+00,2.164407890821558600e-01,1.266638748032155037e-01,-1.992541583134791683e+00,-6.738469655900948263e-01,6.417752688993169641e-02,-9.480436844979323041e-01,-7.837802289738620143e-01,5.920391628808940876e-01
2.520000000000000018e-01,-3.221640561025562732e-02,-1.789413687693430788e-02,1.485700910159870602e-03,-6.502699807887424299e-03,6.768206808645427230e-03,1.447815581355804682e-02,4.437851319964991603e-04,-7.604051220018614998e-03,2.081967558522057615e-02,6.793781558968792211e-02,4.698877377048393811e-02,6.379498518922055439e-03,7.906657961274987656e-03,7.291956542421408616e-02,1.002943211550051394e-01,5.844268478923319438e-02,1.991658951903207964e-02,5.371978329423576781e-02,6.605819215173491799e-02,4.980920066315119854e-02,4.429399814649537248e-02,2.402596542393720114e-02,2.877637624188134069e-02,4.517403089566451868e-02,3.408806400661524433e-02,-3.269987516048011855e-03,-2.983288667035566277e-02,-6.497979028957479031e-02,-2.595542638145520789e-02,8.647523134217571794e-04,1.074045683404190044e-03,-2.053188827305429953e-03,8.091069892922853057e-03,-1.622862811544978356e-02,-2.392892164557292034e-03,-1.112713387776098628e-02,-1.894384221696254755e-02,-2.500473071051700913e-02,-1.318554318031583961e-02,-1.468167846489286221e+00,3.175138615595921032e-01,-5.393818568761032245e-02,-1.788205199547828528e+00,2.184586021841314896e-01,1.254582953842657833e-01,-1.990979257404346114e+00,-6.724356503022851372e-01,6.174116219617908907e-02,-9.475960081645641297e-01,-7.856063176901906253e-01,5.920959620618283514e-01
2.530000000000000027e-01,-3.120905088905256974e-02,-1.716717841146309445e-02,1.537831303103143199e-03,-6.863047515587972214e-03,5.731160346577723885e-03,1.336708077976122948e-02,-1.194660145737991286e-04,-8.074125828372746838e-03,1.994111813591503343e-02,6.673855125984307080e-02,4.607982026391521657e-02,6.065892600500611721e-03,7.571235271692788871e-03,7.245105184687286592e-02,9.998044809411953115e-02,5.819400489985104841e-02,1.992939475720012510e-02,5.392642495035060435e-02,6.655537050540250021e-02,5.019592875649703245e-02,4.436227718131791065e-02,2.440440664970555673e-02,2.989668468519912983e-02,4.704837690412277951e-02,3.561403485322500728e-02,-1.643283156145702861e-03,-2.763330582236855903e-02,-6.325731763328779067e-02,-2.489422986200651167e-02,1.465058364218840836e-03,1.404098143391152792e-03,-2.606138466213270277e-03,7.574042400811721067e-03,-1.678160418601759574e-02,-2.914309647420232352e-03,-1.141013878153884775e-02,-1.906923648085623313e-02,-2.518782558463650290e-02,-1.322924160942573479e-02,-1.467296643276528201e+00,3.178406179644052698e-01,-5.380891055792207806e-02,-1.789194900091873652e+00,2.205401873041206717e-01,1.243010936987856280e-01,-1.989444721107045844e+00,-6.710702369381568166e-01,5.933602482881467077e-02,-9.471768236614485081e-01,-7.873623537010258078e-01,5.920800370269649893e-01
2.540000000000000036e-01,-3.019220839993375094e-02,-1.643357510620013784e-02,1.589668434171187528e-03,-7.216667220049988174e-03,4.701983101363271800e-03,1.226005710673971905e-02,-6.816478771480839445e-04,-8.544113526396834857e-03,1.905948958279113370e-02,6.552056549337725855e-02,4.515543903903695283e-02,5.749972584388807206e-03,7.233882890098186635e-03,7.196487401358123148e-02,9.963658727350077626e-02,5.793549735390745442e-02,1.995251445771772936e-02,5.412680422699134991e-02,6.703387065648414023e-02,5.056240735593364732e-02,4.440432642841507516e-02,2.476513079110453930e-02,3.099727266735596842e-02,4.890818037831889953e-02,3.713509895704892455e-02,-2.404899957841877267e-06,-2.541123444250370511e-02,-6.150292436355631054e-02,-2.382049258395024793e-02,2.070930547815486023e-03,1.735914737912125361e-03,-3.161316071697672925e-03,7.046473962573962524e-03,-1.732963479323190725e-02,-3.436292437366095243e-03,-1.168487270758333807e-02,-1.918283091020711595e-02,-2.535903275672124479e-02,-1.326414072834003477e-02,-1.466412923662285817e+00,3.181886276297464788e-01,-5.366552506065755401e-02,-1.790219243443526009e+00,2.226805974328476267e-01,1.231970963246822870e-01,-1.987942404043150368e+00,-6.697530317825131085e-01,5.697600851415832168e-02,-9.467853928840765931e-01,-7.890448923730044584e-01,5.919984160877238555e-01
2.550000000000000044e-01,-2.916626457128623437e-02,-1.569362207447655422e-02,1.641179339931575281e-03,-7.563322317274413266e-03,3.681444931419974864e-03,1.115765956427017085e-02,-1.242728377086166347e-03,-9.014038458122541897e-03,1.817501612879501849e-02,6.428431701601500237e-02,4.421550438562116270e-02,5.431345435743306638e-03,6.894496128240223953e-03,7.146115191612104067e-02,9.926247168196633552e-02,5.766744035293447368e-02,1.998642571324849015e-02,5.432162248641515118e-02,6.749453028384211350e-02,5.090931727637437731e-02,4.442032764076664364e-02,2.510765404129733716e-02,3.207741596927871086e-02,5.075230665747199055e-02,3.864995258789693383e-02,1.651812368368421602e-03,-2.316772690265933576e-02,-5.971713481242257870e-02,-2.273459662568733108e-02,2.682074825926417105e-03,2.069315553248518569e-03,-3.718403715142315925e-03,6.508581353418474436e-03,-1.787217331336643511e-02,-3.958667530882920005e-03,-1.195102579453521940e-02,-1.928469762945406174e-02,-2.551841525299991184e-02,-1.329063409501340942e-02,-1.465517219960332573e+00,3.185587944501876989e-01,-5.350794163545220805e-02,-1.791274718598065974e+00,2.248748549320033485e-01,1.221510638873199855e-01,-1.986476721923582378e+00,-6.684864220059381079e-01,5.467507602454710347e-02,-9.464209786920496636e-01,-7.906504744269744478e-01,5.918581196207115536e-01
2.560000000000000053e-01,-2.813160617601440094e-02,-1.494761476055384009e-02,1.692331514731026942e-03,-7.902775416186891277e-03,2.670316937026573356e-03,1.006046346788025403e-02,-1.802675520348184790e-03,-9.483925181315910891e-03,1.728792389197675305e-02,6.303026489692253875e-02,4.325989071452474022e-02,5.109617715807424077e-03,6.552970258580703700e-03,7.094000563969185547e-02,9.885783313041729414e-02,5.739011216462719389e-02,2.003160629373468282e-02,5.451158043342285708e-02,6.793818680112373443e-02,5.123733908847771801e-02,4.441046374045765077e-02,2.543149281816869944e-02,3.313639092812259435e-02,5.257962148623108317e-02,4.015729205195350815e-02,3.318533011133606436e-03,-2.090383713458132328e-02,-5.790047406329579260e-02,-2.163692296133268300e-02,3.298197904474165377e-03,2.404122275121434171e-03,-4.277082278584477294e-03,5.960581499843797815e-03,-1.840867171257976054e-02,-4.481261385707480116e-03,-1.220828907738980007e-02,-1.937491008028535688e-02,-2.566603626012398109e-02,-1.330911522602917785e-02,-1.464610066434463453e+00,3.189520134753058844e-01,-5.333604869105642438e-02,-1.792357806017527144e+00,2.271179502935713745e-01,1.211676932481106361e-01,-1.985052075831913676e+00,-6.672728867211429327e-01,5.244726052935388960e-02,-9.460828450856046956e-01,-7.921756262675052618e-01,5.916661610617015565e-01
2.570000000000000062e-01,-2.708861366200787657e-02,-1.419589076556748881e-02,1.743118016931166853e-03,-8.234803015023661743e-03,1.669308265398683488e-03,8.969029322933419479e-03,-2.361436814724005018e-03,-9.953773981849600716e-03,1.639846789448817788e-02,6.175891184671477435e-02,4.228857364303184596e-02,4.784440416714108579e-03,6.209190297186584218e-03,7.040147997217285902e-02,9.842245229166524112e-02,5.710374501229376065e-02,2.008840074944817644e-02,5.469725408904935887e-02,6.836570814399633989e-02,5.154723466061250647e-02,4.437510545120160188e-02,2.573631365674033944e-02,3.417351150409908556e-02,5.438895851776015533e-02,4.165573800476485289e-02,4.996940279883954616e-03,-1.862062022484245460e-02,-5.605358280134309368e-02,-2.052786549080565237e-02,3.919010995175663779e-03,2.740152192438394252e-03,-4.837048958412637489e-03,5.402722767808398885e-03,-1.893859899020178261e-02,-5.003843651443240503e-03,-1.245641337092129319e-02,-1.945360257454487041e-02,-2.580205099052657047e-02,-1.332003098849110501e-02,-1.463692405197204005e+00,3.193686074844638845e-01,-5.314981992591896048e-02,-1.793464474726465863e+00,2.294043950862780235e-01,1.202508119665159497e-01,-1.983672523314152336e+00,-6.661151808586877054e-01,5.030511016479141673e-02,-9.457704974341831772e-01,-7.936178845634616064e-01,5.914296344166476427e-01
2.580000000000000071e-01,-2.603764108456996587e-02,-1.343895539959527596e-02,1.793632721168947342e-03,-8.559239561133580310e-03,6.788764692480243586e-04,7.883856753454487887e-03,-2.918877485910798420e-03,-1.042348674532922459e-02,1.550701905172457984e-02,6.047093407633052226e-02,4.130193328150699728e-02,4.455643610029813573e-03,5.863000330357248657e-03,6.984531811804586821e-02,9.795630887340898985e-02,5.680838662570630859e-02,2.015661863152917732e-02,5.487872285034312014e-02,6.877808518409712912e-02,5.184009182267157456e-02,4.431537121430340065e-02,2.602238300228565393e-02,3.518824043828283621e-02,5.617902177598522312e-02,4.314360842592002143e-02,6.686295336461700600e-03,-1.631913706560661481e-02,-5.417756186578737143e-02,-1.940787300970336915e-02,4.544241165243434466e-03,3.077200437179961490e-03,-5.398069770224723542e-03,4.835378860988281957e-03,-1.946149648249084763e-02,-5.525958558659559670e-03,-1.269538611802101431e-02,-1.952114893074874402e-02,-2.592698236731294861e-02,-1.332404171119438985e-02,-1.462766804689210165e+00,3.198066528298441624e-01,-5.294964914584313065e-02,-1.794588671700883209e+00,2.317268701860923652e-01,1.194009751421501869e-01,-1.982340793778358812e+00,-6.650168415791857246e-01,4.825499590480150647e-02,-9.454844019992435511e-01,-7.949788735229744718e-01,5.911559782545056096e-01
2.590000000000000080e-01,-2.497903601511319849e-02,-1.267735643128098388e-02,1.843994916869373668e-03,-8.875933408457381546e-03,-3.005827708628672212e-04,6.805430465121720118e-03,-3.474842225066332446e-03,-1.089294094298498723e-02,1.461397717340684466e-02,5.916705169117042473e-02,4.030045130478354665e-02,4.123102321690552685e-03,5.514234149856632981e-03,6.927118820127731169e-02,9.745943156375448668e-02,5.650403869468512141e-02,2.023593591857419938e-02,5.505594113201927459e-02,6.917633936854361565e-02,5.211707973138501176e-02,4.423256727039560215e-02,2.629011711479645186e-02,3.618007802284450847e-02,5.794848315898892821e-02,4.461914536375166662e-02,8.385878092718179744e-03,-1.400045005049577185e-02,-5.227362766516163717e-02,-1.827740749130812511e-02,5.173619743709334529e-03,3.415057248934872270e-03,-5.959927126209407788e-03,4.258954800709258137e-03,-1.997692280770069218e-02,-6.047093176599460662e-03,-1.292525341645678165e-02,-1.957798408519861866e-02,-2.604144522911866488e-02,-1.332185836983201810e-02,-1.461836243060263607e+00,3.202637013441483882e-01,-5.273605616791325612e-02,-1.795723828218733775e+00,2.340775408048508255e-01,1.186179278437480417e-01,-1.981059275481229065e+00,-6.639816356705962042e-01,4.630173729458761378e-02,-9.452252644983439867e-01,-7.962612408259711616e-01,5.908527236821596862e-01
2.600000000000000089e-01,-2.391314620055062790e-02,-1.191164231243524441e-02,1.894324180596207441e-03,-9.184732138425744097e-03,-1.268672421739669431e-03,5.734235539394560988e-03,-4.029175774278748179e-03,-1.136201428888883140e-02,1.371974196140346262e-02,5.784798547763880111e-02,3.928460995806659639e-02,3.786691787016849275e-03,5.162725482007691526e-03,6.867875881287900663e-02,9.693184801816048801e-02,5.619070305580509128e-02,2.032602884964518353e-02,5.522886219931288920e-02,6.956149192671512438e-02,5.237936730400649665e-02,4.412800099104918772e-02,2.653993202374271831e-02,3.714852504518084686e-02,5.969601491514842095e-02,4.608059052341584305e-02,1.009496748504368213e-02,-1.166562165546958241e-02,-5.034299730438851483e-02,-1.713693023931162074e-02,5.806878444176267508e-03,3.753513680083919724e-03,-6.522402359316448184e-03,3.673855611413312083e-03,-2.048443552646572741e-02,-6.566733437775251758e-03,-1.314606068054047228e-02,-1.962454462967988186e-02,-2.614605441286643739e-02,-1.331418842214526777e-02,-1.460903702068440335e+00,3.207373463100485766e-01,-5.250958358600371634e-02,-1.796863363123277990e+00,2.364484963225982339e-01,1.179014224230575392e-01,-1.979830344127278874e+00,-6.630133757201912559e-01,4.445014741219238674e-02,-9.449937898282076976e-01,-7.974676366067561251e-01,5.905274110720777347e-01
2.610000000000000098e-01,-2.284031956739562830e-02,-1.114236218908493115e-02,1.944740361397467865e-03,-9.485482566012672437e-03,-2.224994107923539133e-03,4.670757388096191676e-03,-4.581722924077435977e-03,-1.183058471408982015e-02,1.282471300610188263e-02,5.651445692030687695e-02,3.825489208212795589e-02,3.446287479743403992e-03,4.808308002365535572e-03,6.806769909155940823e-02,9.637358488521410860e-02,5.586838173297614674e-02,2.042657390308688647e-02,5.539743807514919266e-02,6.993456387145213782e-02,5.262812319808451988e-02,4.400298084334863802e-02,2.677224347469620014e-02,3.809308280140299985e-02,6.142028960717516028e-02,4.752618523718554755e-02,1.181284145262129215e-02,-9.315714500462757286e-03,-4.838688856639405955e-02,-1.598690198963703679e-02,6.443749317726954473e-03,4.092361474806516242e-03,-7.085275734511231605e-03,3.080486335877985482e-03,-2.098359119136317119e-02,-7.084364027727828826e-03,-1.335785248168175343e-02,-1.966126884058949642e-02,-2.624142475815549949e-02,-1.330173558138891821e-02,-1.459972166605931321e+00,3.212252203262238592e-01,-5.227079625994130591e-02,-1.798000683677931200e+00,2.388317477352181750e-01,1.172512223456816799e-01,-1.978656362810877312e+00,-6.621159133917864370e-01,4.270502635123532564e-02,-9.447906820562890218e-01,-7.986007156175042310e-01,5.901875922566743871e-01
2.620000000000000107e-01,-2.176090422529908253e-02,-1.037006591095712693e-02,1.995363565751695489e-03,-9.778030746927512951e-03,-3.169148123168152864e-03,3.615481708760359680e-03,-5.132328510717432124e-03,-1.229853034130101892e-02,1.192928978290286324e-02,5.516718821660582250e-02,3.721178113586409708e-02,3.101765139512657320e-03,4.450815350321768449e-03,6.743767880419815341e-02,9.578466783555431019e-02,5.553707697942122934e-02,2.053724777493526332e-02,5.556161944680848563e-02,7.029657600051564259e-02,5.286451579140071660e-02,4.385881635256438926e-02,2.698746687571595970e-02,3.901325310967651561e-02,6.311998007512853448e-02,4.895417043403371693e-02,1.353877691661997673e-02,-6.951791411321739389e-03,-4.640651989273258254e-02,-1.482778301470366600e-02,7.083964704469369877e-03,4.431392945592805589e-03,-7.648326463035370892e-03,2.479252051139635427e-03,-2.147394540010294506e-02,-7.599468279990694540e-03,-1.356067239149094661e-02,-1.968859670290568076e-02,-2.632817111139562627e-02,-1.328519960237573017e-02,-1.459044624130060530e+00,3.217249937456211351e-01,-5.202028082109879520e-02,-1.799129186564782268e+00,2.412192260990434489e-01,1.166671057173985504e-01,-1.977539682002746435e+00,-6.612931328740618842e-01,4.107115400999794552e-02,-9.446166444573502741e-01,-7.996631392986668363e-01,5.898408323856459967e-01
2.630000000000000115e-01,-2.067524847001900659e-02,-9.595304039346164160e-03,2.046314142091887334e-03,-1.006222198592920947e-02,-4.100733443037185566e-03,2.568894440745594920e-03,-5.680837413246653256e-03,-1.276572946012732857e-02,1.103387164885694105e-02,5.380690228915163686e-02,3.615576121621977279e-02,2.753000797801608002e-03,4.090081143639068273e-03,6.678836842610325064e-02,9.516512159377679692e-02,5.519679132103538777e-02,2.065772735695636450e-02,5.572135557213764301e-02,7.064854889826799322e-02,5.308971316200494783e-02,4.369681806280656389e-02,2.718601724371039197e-02,3.990853832344055246e-02,6.479375939861586886e-02,5.036278660858917178e-02,1.527204976053475605e-02,-4.574915481779572544e-03,-4.440311036298716374e-02,-1.366003322966369282e-02,7.727257184041659045e-03,4.770400847758260454e-03,-8.211332719805232785e-03,1.870557884851020486e-03,-2.195505285239507387e-02,-8.111528076923502084e-03,-1.375456282780751320e-02,-1.970696992894805169e-02,-2.640690832956193654e-02,-1.326527608120153801e-02,-1.458124063999570286e+00,3.222343736888230725e-01,-5.175864519577858675e-02,-1.800242259026604064e+00,2.436027819577194775e-01,1.161488685105213775e-01,-1.976482639580796175e+00,-6.605489444996666126e-01,3.955328221589279880e-02,-9.444723795951548428e-01,-8.006575777578960329e-01,5.894947114609661032e-01
2.640000000000000124e-01,-1.958370078579285342e-02,-8.818627853365512692e-03,2.097712664939077598e-03,-1.033790084628050110e-02,-5.019347738614676757e-03,1.531481722103489318e-03,-6.227094550346201629e-03,-1.323206050283109829e-02,1.013885783945278618e-02,5.243432279580684252e-02,3.508731707548572859e-02,2.399870802251680146e-03,3.725938992924504589e-03,6.611943922101339022e-02,9.451496997327370198e-02,5.484752760102429292e-02,2.078768971439659552e-02,5.587659418537427314e-02,7.099150293744749263e-02,5.330488306834224588e-02,4.351829749562385885e-02,2.736830915091248775e-02,4.077844134452224267e-02,6.644030085829744081e-02,5.175027378981011950e-02,1.701193481171392116e-02,-2.186150135178976939e-03,-4.237787967271744449e-02,-1.248411230011603479e-02,8.373359525369661327e-03,5.109178252496793249e-03,-8.774071664053195718e-03,1.254809031953740611e-03,-2.242646741064025298e-02,-8.620023756972017281e-03,-1.393956490426795369e-02,-1.971683197152840350e-02,-2.647825128361480651e-02,-1.324265626967014060e-02,-1.457213476716427314e+00,3.227511036348877371e-01,-5.148651814773273078e-02,-1.801333280151981242e+00,2.459741857353764660e-01,1.156963274948015485e-01,-1.975487560904996442e+00,-6.598872785346597825e-01,3.815612621983083264e-02,-9.443585894494197497e-01,-8.015867116589775465e-01,5.891568255653544250e-01
2.650000000000000133e-01,-1.848660984713124122e-02,-8.040589354546323619e-03,2.149679918643343512e-03,-1.060491116032435954e-02,-5.924587391342051035e-03,5.037298472214679634e-04,-6.770944876975715232e-03,-1.369740202062352807e-02,9.244647465573407885e-03,5.105017413759771472e-02,3.400693413600519577e-02,2.042251839390551993e-03,3.358222516022024273e-03,6.543056332082386461e-02,9.383423591385865736e-02,5.448928902578664690e-02,2.092681206348689926e-02,5.602728140263346646e-02,7.132645828099271057e-02,5.351119292938966154e-02,4.332456710646859915e-02,2.753475667164773100e-02,4.162246563620497497e-02,6.805827789686702545e-02,5.311487150953153602e-02,1.875770582423674782e-02,2.134408143885657694e-04,-4.033204810980262067e-02,-1.130047975078163347e-02,9.022004636025204860e-03,5.447518419027019831e-03,-9.336319463397746432e-03,6.324107713777671336e-04,-2.288774216434807940e-02,-9.124434028966010857e-03,-1.411571828370972170e-02,-1.971862803155977409e-02,-2.654281486145704250e-02,-1.321802690524798152e-02,-1.456315853073656630e+00,3.232729635915355115e-01,-5.120454884117030259e-02,-1.802395622302914280e+00,2.483251290791889110e-01,1.153093228772576889e-01,-1.974556758935801071e+00,-6.593120791377127254e-01,3.688435560025049575e-02,-9.442759755881469097e-01,-8.024532340221246507e-01,5.888347878006777725e-01
2.660000000000000142e-01,-1.738432451999160841e-02,-7.261741269774635299e-03,2.202336880747779446e-03,-1.086309604119417571e-02,-6.816047508978684277e-03,-5.138747747808203314e-04,-7.312233380813548678e-03,-1.416163266047209927e-02,8.351639510637554054e-03,4.965518146459846349e-02,3.291509850232143819e-02,1.680020955713512404e-03,2.986765352350762449e-03,6.472141380499207841e-02,9.312294152205805031e-02,5.412207921195345134e-02,2.107477174875827322e-02,5.617336162714003933e-02,7.165443488378686610e-02,5.370980980477613881e-02,4.311694023895817907e-02,2.768577332955723946e-02,4.244011523630542015e-02,6.964636407967184084e-02,5.445481877118042019e-02,2.050863546318515071e-02,2.622793101795029003e-03,-3.826683652891249565e-02,-1.010959507458819573e-02,9.672925511495122919e-03,5.785214666346849555e-03,-9.897851321316597506e-03,3.768482540245088330e-06,-2.333842949837272585e-02,-9.624235893915589202e-03,-1.428306103598053767e-02,-1.971280505985140152e-02,-2.660121397043324620e-02,-1.319207005738265437e-02,-1.455434183209950882e+00,3.237977708460584858e-01,-5.091340642556897722e-02,-1.803422652684044891e+00,2.506472271337220614e-01,1.149877206551243730e-01,-1.973692534395491638e+00,-6.588272984884097072e-01,3.574258462166951533e-02,-9.442252393854561054e-01,-8.032598519368773227e-01,5.885362289530640112e-01
2.670000000000000151e-01,-1.627719386234538490e-02,-6.482637052550810353e-03,2.255804704978103814e-03,-1.111229789563772385e-02,-7.693321942680242387e-03,-1.520845660901937180e-03,-7.850805078512657076e-03,-1.462463114240364348e-02,7.460232827928513742e-03,4.825007067991782250e-02,3.181229697080079077e-02,1.313055577128796614e-03,2.611401177178063193e-03,6.399166477959949972e-02,9.238110811395230937e-02,5.374590223451746612e-02,2.123124622023686570e-02,5.631477745426760606e-02,7.197645249423878511e-02,5.390190037479980489e-02,4.289673107691527321e-02,2.782177204542302107e-02,4.323089477027819427e-02,7.120323305516551571e-02,5.576835401883828425e-02,2.226399529047862202e-02,5.040841951734709170e-03,-3.618346632393487639e-02,-8.911917841674998897e-03,1.032585518469231189e-02,6.122060245231875086e-03,-1.045844150822405894e-02,-6.307123384856616610e-04,-2.377808116491708992e-02,-1.011890457483888110e-02,-1.444162950046568028e-02,-1.969981175310442020e-02,-2.665406353924337779e-02,-1.316546299088905414e-02,-1.454571455572071459e+00,3.243233812978805197e-01,-5.061377964363564241e-02,-1.804407735052405926e+00,2.529320217290321748e-01,1.147314146858944978e-01,-1.972897175971607631e+00,-6.584368910839022426e-01,3.473536209751221238e-02,-9.442070822850230361e-01,-8.040092881887118681e-01,5.882687979013367929e-01
2.680000000000000160e-01,-1.516556712412020502e-02,-5.703830882557880955e-03,2.310204703881435506e-03,-1.135235843796156101e-02,-8.556003305206338894e-03,-2.516696294359022090e-03,-8.386505011779288310e-03,-1.508627623729896783e-02,6.570826138131202754e-03,4.683556844192082735e-02,3.069901703680199753e-02,9.412335267482418999e-04,2.231963715824125671e-03,6.324099145605188710e-02,9.160875626042955244e-02,5.336076267598066636e-02,2.139591301055876124e-02,5.645146957645641450e-02,7.229353065559696034e-02,5.408863092030147257e-02,4.266525459409065135e-02,2.794316508576333291e-02,4.399430946441240664e-02,7.272755851538191540e-02,5.705371510694368792e-02,2.402305575228469089e-02,7.466522021033039636e-03,-3.408315939817097018e-02,-7.707907807735558947e-03,1.098052667606363997e-02,6.457848210956740331e-03,-1.101786339605492770e-02,-1.270626063509805448e-03,-2.420624835922957629e-02,-1.060791345502076766e-02,-1.459145815373208595e-02,-1.968009854398289696e-02,-2.670197851934741698e-02,-1.313887804691882266e-02,-1.453730655786372505e+00,3.248476913732368798e-01,-5.030637646371369925e-02,-1.805344231566380131e+00,2.551709854643207098e-01,1.145403284781704584e-01,-1.972172960561452637e+00,-6.581448082031448044e-01,3.386716081169888204e-02,-9.442222061092260255e-01,-8.047042828003351245e-01,5.880401617848584062e-01
2.690000000000000169e-01,-1.404979374651116331e-02,-4.925877663539246498e-03,2.365658331121345270e-03,-1.158311870507944263e-02,-9.403682990245076923e-03,-3.500940163948306882e-03,-8.919178243285585950e-03,-1.554644674515426317e-02,5.683818027083731295e-03,4.541240216481812197e-02,2.957574689943687218e-02,5.644330410228270978e-04,1.848286757825334803e-03,6.246907022938642112e-02,9.080590583470839194e-02,5.296666567642116519e-02,2.156844971208604633e-02,5.658337668809076959e-02,7.260668870686570742e-02,5.427116730230396868e-02,4.242382650160525515e-02,2.805036401228377593e-02,4.472986515916899108e-02,7.421801415664887325e-02,5.830913927084546700e-02,2.578508616813213195e-02,9.898767342644276823e-03,-3.196713813209095534e-02,-6.498025021200782604e-03,1.163667294460557326e-02,6.792371297371424532e-03,-1.157588949651122689e-02,-1.915566917516375867e-03,-2.462248179891934896e-02,-1.109073402513516271e-02,-1.473257948266715189e-02,-1.965411758533575082e-02,-2.674557388559772875e-02,-1.311298254204062985e-02,-1.452914765441056577e+00,3.253686405220342359e-01,-4.999192373796144256e-02,-1.806225504772324131e+00,2.573555266690460974e-01,1.144144167067573242e-01,-1.971522153556488632e+00,-6.579549925378580522e-01,3.314236655805188891e-02,-9.442713134140705566e-01,-8.053475944885359894e-01,5.878580059459140861e-01
2.700000000000000178e-01,-1.293022336064852951e-02,-4.149333019469292338e-03,2.422287163438952007e-03,-1.180441907265894486e-02,-1.023595119285403317e-02,-4.473090802682211375e-03,-9.448669852433420543e-03,-1.600502147380256091e-02,4.799606943763912170e-03,4.398130001777378340e-02,2.844297546400120433e-02,1.825327842350788203e-04,1.460204171030987652e-03,6.167557875617335483e-02,8.997257606200850799e-02,5.256361698440503716e-02,2.174853395406683987e-02,5.671043539041731307e-02,7.291694578324614540e-02,5.445067494132826980e-02,4.217376319302391235e-02,2.814377963236403338e-02,4.543706832271032781e-02,7.567327364070974838e-02,5.953286309845662316e-02,2.754935472178798861e-02,1.233651127163604144e-02,-2.983662534852671300e-02,-5.282729928701712652e-03,1.229402684010594271e-02,7.125421792845808809e-03,-1.213229150285943803e-02,-2.565128965080099022e-03,-2.502633180679492142e-02,-1.156683583946582598e-02,-1.486502386340582405e-02,-1.962232272846575754e-02,-2.678546463626751972e-02,-1.308843868572218128e-02,-1.452126760781131232e+00,3.258842142965164279e-01,-4.967116688757899218e-02,-1.807044919727106569e+00,2.594769952237455657e-01,1.143536664551478010e-01,-1.970947009165231023e+00,-6.578713729893623796e-01,3.256526686099053824e-02,-9.443551078899734552e-01,-8.059420020373248006e-01,5.877300336604114328e-01
2.710000000000000187e-01,-1.180720578563176915e-02,-3.374753289025811398e-03,2.480212882303157052e-03,-1.201609927234814634e-02,-1.105239693101900574e-02,-5.432661825707896242e-03,-9.974824930968573256e-03,-1.646187921806685495e-02,3.918591198497800576e-03,4.254299092266933258e-02,2.730119234216221366e-02,-2.045881386560921555e-04,1.067549915662269200e-03,6.086019603199277483e-02,8.910878557119275567e-02,5.215162300865960887e-02,2.193584337990328245e-02,5.683258009658986171e-02,7.322532081593857711e-02,5.462831879634721943e-02,4.191638168706557366e-02,2.822382195066985844e-02,4.611542606464080069e-02,7.709201055653558399e-02,6.072312250323141924e-02,2.931512845397410416e-02,1.477868643335167320e-02,-2.769284427509077773e-02,-4.062483478340261911e-03,1.295232105694532621e-02,7.456791418617658707e-03,-1.268684033527245347e-02,-3.218906097994800319e-03,-2.541734839706366253e-02,-1.203568648160047161e-02,-1.498881944630925216e-02,-1.958516949565813903e-02,-2.682226579219370785e-02,-1.306590351645597718e-02,-1.451369611318354513e+00,3.263924480109878790e-01,-4.934486961638506752e-02,-1.807795846254599992e+00,2.615266892234186513e-01,1.143580981882652281e-01,-1.970449770773079923e+00,-6.578978596303967086e-01,3.214003944529522649e-02,-9.444742948084402512e-01,-8.064903055880330296e-01,5.876639656689595093e-01
2.720000000000000195e-01,-1.068109102590142356e-02,-2.602695518361120008e-03,2.539557255260671987e-03,-1.221799841008319558e-02,-1.185260806830967795e-02,-6.379166967522831300e-03,-1.049748857847543348e-02,-1.691689873934487665e-02,3.041168961428475370e-03,4.109820455069002065e-02,2.615088784996899562e-02,-5.970501708012498909e-04,6.701580583250432710e-04,6.002260246847868075e-02,8.821455244827471065e-02,5.173069087038983938e-02,2.213005562457981412e-02,5.694974293694122364e-02,7.353283253123166219e-02,5.480526334324453686e-02,4.165299956791335134e-02,2.829090012200729740e-02,4.676444615005159733e-02,7.847289838296012121e-02,6.187815269873953028e-02,3.108167325695854188e-02,1.722422467402440205e-02,-2.553701850374512361e-02,-2.837747220230557154e-03,1.361128808972855535e-02,7.786271210095119244e-03,-1.323930618972068984e-02,-3.876492024338595854e-03,-2.579508136471985943e-02,-1.249675153977936048e-02,-1.510399204725088040e-02,-1.954311504687034073e-02,-2.685659239515336694e-02,-1.304602885660521849e-02,-1.450646278358825869e+00,3.268914309814453523e-01,-4.901381365400208495e-02,-1.808471661333954206e+00,2.634958624671860927e-01,1.144277664580614778e-01,-1.970032671337318853e+00,-6.580383388309846149e-01,3.187074052684357728e-02,-9.446295815146601438e-01,-8.069953278469409463e-01,5.876675395182046069e-01
2.730000000000000204e-01,-9.552222993005621277e-03,-1.833729627443769772e-03,2.600440748987686845e-03,-1.240998696789841205e-02,-1.263619845975405380e-02,-7.312143109760249615e-03,-1.101650503115347846e-02,-1.736993044273971165e-02,2.167721177766868124e-03,3.964762271927213533e-02,2.499253709338233875e-02,-9.949308522161359747e-04,2.679300393473305064e-04,5.916263482799832829e-02,8.729004285999256152e-02,5.130085194564459883e-02,2.233068886520017671e-02,5.706174866517121913e-02,7.384032095517722993e-02,5.498257225736757903e-02,4.138488649616078874e-02,2.834554897750641081e-02,4.738386800799743170e-02,7.981474156387768915e-02,6.299628699284286204e-02,3.284825482259989826e-02,1.967203402748296526e-02,-2.337038009824654594e-02,-1.608991185878760888e-03,1.427067298161510504e-02,8.113662529689591452e-03,-1.378947295252119787e-02,-4.537469385380799025e-03,-2.615910395747045314e-02,-1.294956365776656071e-02,-1.521062899985725636e-02,-1.949661579190564709e-02,-2.688902602072573700e-02,-1.302942912427251798e-02,-1.449959425546279546e+00,3.273793024435414090e-01,-4.867880329548568419e-02,-1.809066948645603023e+00,2.653774706199089617e-01,1.145617866533573670e-01,-1.969696654137818470e+00,-6.582951614712017063e-01,3.175868963443459481e-02,-9.448223449219361747e-01,-8.074591306800805723e-01,5.877461185093797447e-01
2.740000000000000213e-01,-8.420920640145101999e-03,-1.068474887884640623e-03,2.662978262102378302e-03,-1.259206291410919047e-02,-1.340288933553601680e-02,-8.231219220052210517e-03,-1.153171506997319185e-02,-1.782071135318030741e-02,1.298560311135510403e-03,3.819173363662908827e-02,2.382655232965946723e-02,-1.398137234591256828e-03,-1.389637275250876769e-04,5.828075087780115737e-02,8.633601711495433872e-02,5.086223209212459295e-02,2.253662313560634081e-02,5.716799990433196754e-02,7.414791174415347186e-02,5.516090763348912435e-02,4.111311876043011876e-02,2.838880861648451770e-02,4.797435569806030031e-02,8.111686867446499249e-02,6.407625323458976396e-02,3.461414154731112802e-02,2.212092956098166141e-02,-2.119419392538279823e-02,-3.767173602442497327e-04,1.493027155551152063e-02,8.438810336051982830e-03,-1.433718139021822324e-02,-5.201377249681726767e-03,-2.650908369966842662e-02,-1.339392963927155122e-02,-1.530907089258937148e-02,-1.944612028630388068e-02,-2.692001438231539021e-02,-1.301658463108790187e-02,-1.449310554808827423e+00,3.278542016695276118e-01,-4.834067561135834551e-02,-1.809581091737570091e+00,2.671714083079680946e-01,1.147554275618545977e-01,-1.969437540453167212e+00,-6.586645711729162134e-01,3.179464875627599496e-02,-9.450566331959927568e-01,-8.078806639759007480e-01,5.878955133562618895e-01
2.750000000000000222e-01,-7.287496720499664349e-03,-3.075633165083857534e-04,2.727282952919907189e-03,-1.276425603382680407e-02,-1.415242795780802254e-02,-9.136047284645343325e-03,-1.204295863822180124e-02,-1.826894982861215766e-02,4.339815832135052176e-04,3.673097776667466619e-02,2.265333086636989179e-02,-1.806532746727818051e-03,-5.502859217441091744e-04,5.737756487348067563e-02,8.535338455839026894e-02,5.041498067123394849e-02,2.274657790097212029e-02,5.726779272330873721e-02,7.445555131981063113e-02,5.534083111167253932e-02,4.083872430049506619e-02,2.842184450776352733e-02,4.853680488945988358e-02,8.237873879779121500e-02,6.511687738709026618e-02,3.637860178055429827e-02,2.456970200609598365e-02,-1.900973300994701284e-02,8.585635202362772471e-04,1.558989181755743129e-02,8.761569700871607580e-03,-1.488228620852538597e-02,-5.867743965391802007e-03,-2.684471172293401500e-02,-1.382972307024798835e-02,-1.539971959422281426e-02,-1.939207620213112548e-02,-2.694997190014580823e-02,-1.300793766008201402e-02,-1.448700871834233794e+00,3.283142456897382155e-01,-4.800027970254092807e-02,-1.810014683500685173e+00,2.688793243756110174e-01,1.150030539069928082e-01,-1.969249879925946356e+00,-6.591411377548327399e-01,3.196663120109263789e-02,-9.453371655827492726e-01,-8.082581224441064416e-01,5.881091407981622332e-01
2.760000000000000231e-01,-6.152264052511124091e-03,4.483725291621887808e-04,2.793467542208105669e-03,-1.292659601904277977e-02,-1.488456054536824169e-02,-1.002627932334964993e-02,-1.255007570721788923e-02,-1.871435380261843653e-02,-4.257199463140181619e-04,3.526579642232752221e-02,2.147327099265616823e-02,-2.219979545020844824e-03,-9.657996307379511673e-04,5.645369272339406663e-02,8.434305517387422069e-02,4.995924693975695163e-02,2.295927133546893373e-02,5.736042179828571008e-02,7.476318527804436120e-02,5.552290426106898380e-02,4.056273101703090217e-02,2.844582085606539579e-02,4.907211187352977788e-02,8.359981030083085685e-02,6.611698473721050462e-02,3.814090291323912058e-02,2.701714061924898047e-02,-1.681827028784610434e-02,2.096339661585400194e-03,1.624934108300201893e-02,9.081794608209126096e-03,-1.542464177230451657e-02,-6.536098104361619775e-03,-2.716567926044755402e-02,-1.425681517876498106e-02,-1.548297427572675744e-02,-1.933493261124574758e-02,-2.697931322225510797e-02,-1.300392449472864698e-02,-1.448131575114026681e+00,3.287575270484698331e-01,-4.765847196576328271e-02,-1.810368329238777330e+00,2.705028847983163565e-01,1.152990989807253369e-01,-1.969128232100799014e+00,-6.597192436860236375e-01,3.226251297894625059e-02,-9.456686654471524456e-01,-8.085897308140048700e-01,5.883804127231406778e-01
2.770000000000000240e-01,-5.015535519238500939e-03,1.198699572192207796e-03,2.861644284622322232e-03,-1.307911250592841412e-02,-1.559903232443460297e-02,-1.090156741218883951e-02,-1.305290627217514654e-02,-1.915663074887508088e-02,-1.280249381676145997e-03,3.379663174739633291e-02,2.028677197329775694e-02,-2.638338487682467814e-03,-1.385268368220948787e-03,5.550975200353835959e-02,8.330593967723753934e-02,4.949518000038313076e-02,2.317342027124125181e-02,5.744518050240765561e-02,7.507075835038090617e-02,5.570768864009733451e-02,4.028616667764817194e-02,2.846190056201747254e-02,4.958117357698021976e-02,8.477954075528826294e-02,6.707539992350852742e-02,3.990031140817329458e-02,2.946203309470929455e-02,-1.462107852503935490e-02,3.336098137891596593e-03,1.690842592018437784e-02,9.399337888881031944e-03,-1.596410217815691715e-02,-7.205968505004545221e-03,-2.747167772392922203e-02,-1.467507478810770039e-02,-1.555923140416926032e-02,-1.927513991776796942e-02,-2.700845324591849561e-02,-1.300497535010114447e-02,-1.447603856904326358e+00,3.291821096150102655e-01,-4.731611723256792801e-02,-1.810642646766884578e+00,2.720437694753303770e-01,1.156380600304131034e-01,-1.969067166698857285e+00,-6.603930770153760843e-01,3.267004359206390762e-02,-9.460558601818652713e-01,-8.088737438788332623e-01,5.887027368286732454e-01
2.780000000000000249e-01,-3.877624067361030036e-03,1.942784238504913002e-03,2.931924941467212165e-03,-1.322183511162222658e-02,-1.629558758033322619e-02,-1.176156370539960250e-02,-1.355129034795599097e-02,-1.959548764730145720e-02,-2.129311992571381040e-03,3.232392669771133598e-02,1.909423404044785499e-02,-3.061469112561443495e-03,-1.808456091237253816e-03,5.454636196826223582e-02,8.224294960666345133e-02,4.902292875316163062e-02,2.338774015246469773e-02,5.752136099867755092e-02,7.537821436677427656e-02,5.589574585620749048e-02,4.001005882172536943e-02,2.847124518389865244e-02,5.006488757411675650e-02,8.591738686122640800e-02,6.799094696629781609e-02,4.165609283291615839e-02,3.190316548178850908e-02,-1.241943023416691716e-02,4.577324822443440411e-03,1.756695209838854410e-02,9.714051159404490932e-03,-1.650052132838597529e-02,-7.876884316271315356e-03,-2.776239878218955681e-02,-1.508436827868653296e-02,-1.562888474280965667e-02,-1.921314978625110470e-02,-2.703780713784809109e-02,-1.301151432073055503e-02,-1.447118904197639111e+00,3.295860247495923101e-01,-4.697408998727278795e-02,-1.810838266499092075e+00,2.735036693270606611e-01,1.160144937095802242e-01,-1.969061263879853918e+00,-6.611566267319396450e-01,3.317685874549175518e-02,-9.465034811237079682e-01,-8.091084462868460836e-01,5.890695172668528601e-01
2.790000000000000258e-01,-2.738842705830801805e-03,2.679992480077775241e-03,3.004420754829872486e-03,-1.335479347044499221e-02,-1.697396971009945688e-02,-1.260592045680919426e-02,-1.404506796472393231e-02,-2.003063095185986242e-02,-2.972613215340036853e-03,3.084812502163103431e-02,1.789605838318175657e-02,-3.489229618439892988e-03,-2.235127216004162420e-03,5.356414355680350070e-02,8.115499740857991251e-02,4.854264184795756276e-02,2.360094499465326123e-02,5.758825433600955890e-02,7.568549621988029941e-02,5.608763762504676009e-02,3.973543466418671954e-02,2.847501490112014366e-02,5.052415209784433259e-02,8.701280437382809263e-02,6.886244929995122277e-02,4.340751189503499335e-02,3.433932210640744387e-02,-1.021459758903153769e-02,5.819504324569013676e-03,1.822472453968515538e-02,1.002578476566373666e-02,-1.703375300604603737e-02,-8.548375042677136548e-03,-2.803753444101220182e-02,-1.548455955851268939e-02,-1.569232535716702515e-02,-1.914941506579115327e-02,-2.706779035316753124e-02,-1.302395934473388195e-02,-1.446677899703808112e+00,3.299672678269692794e-01,-4.663327566493041115e-02,-1.810955831525197457e+00,2.748842837012719920e-01,1.164230115953180655e-01,-1.969105114494684283e+00,-6.620036805257665247e-01,3.377049467196832633e-02,-9.470162634768778398e-01,-8.092921520768222576e-01,5.894741552768576476e-01
2.800000000000000266e-01,-1.599504504179005693e-03,3.409689799028559065e-03,3.079242423098982329e-03,-1.347801726952546457e-02,-1.763392127594531553e-02,-1.343429004059881748e-02,-1.453407916352889018e-02,-2.046176655994269566e-02,-3.809858653744058188e-03,2.936967124007017205e-02,1.669264713500906439e-02,-3.921476849745530145e-03,-2.665046632558620843e-03,5.256371939561432782e-02,8.004299651909230207e-02,4.805446763793089215e-02,2.381174734933333426e-02,5.764515054831420571e-02,7.599254583089232185e-02,5.628392582888741558e-02,3.946332099828975259e-02,2.847436847947104957e-02,5.095986604937108311e-02,8.806524803347759445e-02,6.968872980745688395e-02,4.515383247985216286e-02,3.676928549722724426e-02,-8.007852337145848765e-03,7.062119932327970417e-03,1.888154727488799978e-02,1.033438773143924294e-02,-1.756365095089140738e-02,-9.219970590272463795e-03,-2.829677712403633194e-02,-1.587551004192677695e-02,-1.574994162676990328e-02,-1.908438971054193800e-02,-2.709881865309560559e-02,-1.304272218341484546e-02,-1.446282022838562664e+00,3.303237951200362899e-01,-4.629457203025508227e-02,-1.810995997675402869e+00,2.761873180937387540e-01,1.168582757564123609e-01,-1.969193320331210195e+00,-6.629278249121717259e-01,3.443840371087930619e-02,-9.475989462420266740e-01,-8.094232039556072955e-01,5.899100498068091669e-01
2.810000000000000275e-01,-4.599225904922121799e-04,4.131241272536279041e-03,3.156500077906354562e-03,-1.359153628378484413e-02,-1.827518405956141123e-02,-1.424632497149547206e-02,-1.501816399183475426e-02,-2.088859978329260514e-02,-4.640754079366260498e-03,2.788901062618842630e-02,1.548440335948164659e-02,-4.358066284541273205e-03,-3.097979718255760694e-03,5.154571379646233353e-02,7.890786144065087271e-02,4.755855413413303395e-02,2.401885827421113007e-02,5.769133875649191251e-02,7.629930411700058812e-02,5.648517257415797133e-02,3.919474409755530769e-02,2.847046323810209500e-02,5.137292900648393612e-02,8.907417149937790768e-02,7.046861085734246188e-02,4.689431769068930222e-02,3.919183631641098842e-02,-5.800465710453560873e-03,8.304653561135300066e-03,1.953722340368857502e-02,1.063970771186317603e-02,-1.809006893582632003e-02,-9.891201313600106459e-03,-2.853981975433805829e-02,-1.625707863630143635e-02,-1.580211926226482433e-02,-1.901852869690934256e-02,-2.713130812125053026e-02,-1.306820841581490811e-02,-1.445932450718369733e+00,3.306535210456101881e-01,-4.595889063842314298e-02,-1.810959433572273625e+00,2.774144821903232749e-01,1.173149943401784329e-01,-1.969320494356020301e+00,-6.639224476761722560e-01,3.516797073799701745e-02,-9.482562721502157954e-01,-8.094999723154138183e-01,5.903705981265366942e-01
2.820000000000000284e-01,6.795898509501795441e-04,4.844011578544193952e-03,3.236303262510454182e-03,-1.369538041024709503e-02,-1.889749911722704220e-02,-1.504167792439137230e-02,-1.549716249901145204e-02,-2.131083532042143958e-02,-5.465005431608549458e-03,2.640658918486415985e-02,1.427173103406875754e-02,-4.798852025717615689e-03,-3.533692350158101469e-03,5.051075275034211387e-02,7.775050781372572217e-02,4.705504896125602826e-02,2.422098730889254981e-02,5.772610727321048074e-02,7.660571096053693518e-02,5.669194024791356784e-02,3.893072961694077350e-02,2.846445501829997227e-02,5.176424123025524793e-02,9.003902728695001301e-02,7.120091434295261479e-02,4.862822989165715981e-02,4.160575329521964960e-02,-3.593708334562517159e-03,9.546585708377184828e-03,2.019155505905034786e-02,1.094159095190105901e-02,-1.861286084368796168e-02,-1.056159806341927347e-02,-2.876635583638975299e-02,-1.662912173628150123e-02,-1.584924132759590876e-02,-1.895228793790160182e-02,-2.716567517864643122e-02,-1.310081744721491859e-02,-1.445630359160551714e+00,3.309543157741698383e-01,-4.562715837854181000e-02,-1.810846820669228752e+00,2.785674882383892825e-01,1.177879171325035279e-01,-1.969481260954871971e+00,-6.649807425886791190e-01,3.594653001122863345e-02,-9.489929876007812126e-01,-8.095208539886429300e-01,5.908491964320825574e-01
2.830000000000000293e-01,1.818719582356020719e-03,5.547365022191996786e-03,3.318760911652063762e-03,-1.378957970164407243e-02,-1.950060683567578224e-02,-1.582000175343001303e-02,-1.597091473181455612e-02,-2.172817723045694302e-02,-6.282318817298459222e-03,2.492285363208912585e-02,1.305503503242411156e-02,-5.243686795241675469e-03,-3.971950916340283300e-03,4.945946391718036850e-02,7.657185248323994387e-02,4.654409931460203736e-02,2.441684245622788296e-02,5.774874371029836695e-02,7.691170517989398547e-02,5.690479157310779357e-02,3.867230249339392856e-02,2.845749815400999694e-02,5.213470367006323158e-02,9.095926670916121282e-02,7.188446172409479473e-02,5.035483075301083050e-02,4.400981317454277786e-02,-1.388850136679664615e-03,1.078739541406825708e-02,2.084434337582985464e-02,1.123988224988670126e-02,-1.913188074400596142e-02,-1.123069223516015569e-02,-2.897607953805758640e-02,-1.699149322518245242e-02,-1.589168826691667036e-02,-1.888612419496071837e-02,-2.720233659724202724e-02,-1.314094253090703109e-02,-1.445376923687871740e+00,3.312240032050044469e-01,-4.530031910041656951e-02,-1.810658853274830227e+00,2.796480497560137057e-01,1.182718310346980578e-01,-1.969670256174456568e+00,-6.660957163416832971e-01,3.676138197762465754e-02,-9.498138426021633940e-01,-8.094842707380304203e-01,5.913392404420090287e-01
2.840000000000000302e-01,2.957153315418015183e-03,6.240665562926128729e-03,3.403981332900318790e-03,-1.387416439927457827e-02,-2.008424698869548317e-02,-1.658094951055932853e-02,-1.643926072987600406e-02,-2.214032890838346646e-02,-7.092400509900897987e-03,2.343825137440447640e-02,1.183472110521233134e-02,-5.692421931365655198e-03,-4.412522326157297670e-03,4.839247661139988582e-02,7.537281355957103912e-02,4.602585191836564005e-02,2.460513016928667085e-02,5.775853508860206986e-02,7.721722450227419543e-02,5.712428966248817019e-02,3.842048684592879598e-02,2.845074544412273809e-02,5.248521796681603763e-02,9.183433982198120626e-02,7.251807407103427749e-02,5.207338129909944158e-02,4.640279065043850792e-02,8.128397475095637840e-04,1.202656022746850795e-02,2.149538846365350864e-02,1.153442492610690095e-02,-1.964698296942435363e-02,-1.189801581798288765e-02,-2.916868577229348239e-02,-1.734404448310877811e-02,-1.592983793577973026e-02,-1.882049498782611963e-02,-2.724170951213888969e-02,-1.318897080207337251e-02,-1.445173320537034067e+00,3.314603593078853105e-01,-4.497933532510851873e-02,-1.810396238562197224e+00,2.806578805876742688e-01,1.187615553924623313e-01,-1.969882127968091368e+00,-6.672601976464890283e-01,3.759980957849906602e-02,-9.507235907147131293e-01,-8.093886674800544467e-01,5.918341259847943459e-01
2.850000000000000311e-01,4.094577714620851495e-03,6.923276842234037630e-03,3.492072189508199642e-03,-1.394916496508358250e-02,-2.064815879441050939e-02,-1.732417446358835988e-02,-1.690204052121346834e-02,-2.254699306163088224e-02,-7.894956948335973834e-03,2.195323048850061909e-02,1.061119585963821166e-02,-6.144907388661469128e-03,-4.855174019502417337e-03,4.731042178336508641e-02,7.415431047393594710e-02,4.550045298525719900e-02,2.478455534398182891e-02,5.775476795012757236e-02,7.752220553834954231e-02,5.735099807098897884e-02,3.817630587534015518e-02,2.844534812654853431e-02,5.281668645422765707e-02,9.266369537410223955e-02,7.310057211081888440e-02,5.378314195890743221e-02,4.878345832482589711e-02,3.010093067645769338e-03,1.326355617965946365e-02,2.214448938401947231e-02,1.182506079640344154e-02,-2.015802219155204966e-02,-1.256310144426286968e-02,-2.934387027820495319e-02,-1.768662440123502932e-02,-1.596406563640062615e-02,-1.875585850272498689e-02,-2.728421143232218071e-02,-1.324528332288110906e-02,-1.445020727670769611e+00,3.316611108320003387e-01,-4.466519003953001166e-02,-1.810059696562885012e+00,2.815986943149427768e-01,1.192519371065817596e-01,-1.970111536447848533e+00,-6.684668484371931729e-01,3.844909359250545111e-02,-9.517269889945649819e-01,-8.092325102395682146e-01,5.923272495757339051e-01
2.860000000000000320e-01,5.230679400846316440e-03,7.594562211938439035e-03,3.583140484805902304e-03,-1.401461211293808691e-02,-2.119208097320424145e-02,-1.804933011374876273e-02,-1.735909411779212874e-02,-2.294787168796519339e-02,-8.689694735398934000e-03,2.046823970108357579e-02,9.384866737825348082e-03,-6.600991740747907954e-03,-5.299673975097451972e-03,4.621393199676671060e-02,7.291726402802245488e-02,4.496804817758626172e-02,2.495382131729886183e-02,5.773672847228673161e-02,7.782658375888207303e-02,5.758548084647463483e-02,3.794078176372872591e-02,2.844245585403637477e-02,5.313001215806734123e-02,9.344678076107505726e-02,7.363077627580370821e-02,5.548337261920054803e-02,5.115058666141392846e-02,5.201642552964181633e-03,1.449785776195922082e-02,2.279144413150646642e-02,1.211163015074934179e-02,-2.066485349584867848e-02,-1.322548243938603818e-02,-2.950132970114438535e-02,-1.801907940180003109e-02,-1.599474415640811387e-02,-1.869267349945014089e-02,-2.733026025005313997e-02,-1.331025513764006081e-02,-1.444920325793404903e+00,3.318239343825393206e-01,-4.435888857511735561e-02,-1.809649960144606551e+00,2.824722040302678483e-01,1.197378454518987778e-01,-1.970353154145570329e+00,-6.697081771210435797e-01,3.929652657060458965e-02,-9.528287979375981154e-01,-8.090142838338026943e-01,5.928120089808938120e-01
2.870000000000000329e-01,6.365144955270629623e-03,8.253884763006258396e-03,3.677292548135202566e-03,-1.407053683905434838e-02,-2.171575180624962798e-02,-1.875607021278380415e-02,-1.781026151114817324e-02,-2.334266605464030420e-02,-9.476320635795955696e-03,1.898372836912720282e-02,8.156141994195120759e-03,-7.060522185590389910e-03,-5.745790717856191776e-03,4.510364140203071415e-02,7.166259643773509325e-02,4.442878256984483798e-02,2.511162987108697328e-02,5.770370258403234587e-02,7.813029347340405550e-02,5.782830257866500290e-02,3.771493557399985264e-02,2.844321667177807100e-02,5.342609879322690603e-02,9.418304198396308669e-02,7.410750675434396584e-02,5.717333268029012316e-02,5.350294394689659311e-02,7.386222006655174255e-03,1.572893791004892350e-02,2.343604961906775586e-02,1.239397173669409824e-02,-2.116733245535273866e-02,-1.388469287163474064e-02,-2.964076167149176655e-02,-1.834125346321924602e-02,-1.602224381082795190e-02,-1.863139921774426000e-02,-2.738027424886713482e-02,-1.338425533678755559e-02,-1.444873299370017072e+00,3.319464558649393715e-01,-4.406146057034383834e-02,-1.809167774972211484e+00,2.832801224811469232e-01,1.202141665306962620e-01,-1.970601666285085596e+00,-6.709765538183488642e-01,4.012942494182475395e-02,-9.540337814226209634e-01,-8.087324892839536927e-01,5.932818037647027420e-01
2.880000000000000338e-01,7.497660923542426303e-03,8.900607354810574634e-03,3.774634022352785223e-03,-1.411697045155957571e-02,-2.221890919458680003e-02,-1.944404877957550681e-02,-1.825538266809934029e-02,-2.373107667877816240e-02,-1.025454157378868913e-02,1.750014646060371951e-02,6.925430671987253817e-03,-7.523344553226340992e-03,-6.193293325346350443e-03,4.398018570579598219e-02,7.039123137095915084e-02,4.388280061288751810e-02,2.525668124131310449e-02,5.765497608370662164e-02,7.843326781099735356e-02,5.808002844614534865e-02,3.749978714947799219e-02,2.844877699678826852e-02,5.370585075851508350e-02,9.487192361258989237e-02,7.452958354350336379e-02,5.885228111438901150e-02,5.583929625755823523e-02,9.562566400020511281e-03,1.695626799364857717e-02,2.407810166721491285e-02,1.267192274757977972e-02,-2.166531520283676571e-02,-1.454026760207893787e-02,-2.976186488181919998e-02,-1.865298814968241459e-02,-1.604693248680133522e-02,-1.857249528343318801e-02,-2.743467211025762964e-02,-1.346764712853865120e-02,-1.444880837649482608e+00,3.320262502964393958e-01,-4.377396201653775687e-02,-1.808613899451381402e+00,2.840241625909383227e-01,1.206757972888908292e-01,-1.970851771067878566e+00,-6.722642275372566756e-01,4.093513890416405898e-02,-9.553467066528690266e-01,-8.083856409527617748e-01,5.937300358168372538e-01
2.890000000000000346e-01,8.627902614973592677e-03,9.534157604065729430e-03,3.875244782227227347e-03,-1.415392286538041944e-02,-2.270132105028954683e-02,-2.011297206381312819e-02,-1.869432798836001552e-02,-2.411282960423877242e-02,-1.102408372347607468e-02,1.601790940650493766e-02,5.693148655174341301e-03,-7.989284253205664044e-03,-6.641934081006883872e-03,4.284420352950180089e-02,6.910417988457284721e-02,4.333026026137654085e-02,2.538791448299473202e-02,5.758986055475512345e-02,7.873530260196082153e-02,5.834098382948793571e-02,3.729616204237506949e-02,2.846020136897431385e-02,5.397020208682024728e-02,9.551317682081039706e-02,7.489608551659275582e-02,6.051940265257682583e-02,5.815838313728161069e-02,1.172951440199021360e-02,1.817930776255183289e-02,2.471735032257127429e-02,1.294531970303314239e-02,-2.215862830290182828e-02,-1.519173465432244186e-02,-2.986441173651144254e-02,-1.895420526935165384e-02,-1.606917223098225378e-02,-1.851636560577185620e-02,-2.749375055023061884e-02,-1.356068843433000382e-02,-1.444944005412822863e+00,3.320615075390087600e-01,-4.349758901328593108e-02,-1.807989965491638262e+00,2.847073327733679604e-01,1.211181857826125891e-01,-1.971098675543343948e+00,-6.735630419626711385e-01,4.170200900096251995e-02,-9.567710986037571974e-01,-8.079720446838308812e-01,5.941495188389416260e-01
2.900000000000000355e-01,9.755500444650788694e-03,1.015422278967648140e-02,3.979103750917367677e-03,-1.418131732949756696e-02,-2.316287641589154234e-02,-2.076275453123344397e-02,-1.912708958662046044e-02,-2.448775533680969119e-02,-1.178474969326126325e-02,1.453729263454262011e-02,4.459736943048575597e-03,-8.458088902435711987e-03,-7.091396400486615903e-03,4.169634011078660052e-02,6.780279851131920665e-02,4.277137541937126031e-02,2.550522822275569021e-02,5.750777137177667114e-02,7.903564810177199362e-02,5.861053288793938859e-02,3.710411239604249900e-02,2.847823187004161483e-02,5.422020293711726779e-02,9.610778375462025735e-02,7.520712726183376162e-02,6.217358624004365453e-02,6.045884478846241805e-02,1.388631562442732559e-02,1.939747527694368756e-02,2.535336586992987043e-02,1.321400111133819166e-02,-2.264697810925442312e-02,-1.583859212117655346e-02,-2.994846615161161907e-02,-1.924515481008848283e-02,-1.608930900820659468e-02,-1.846319027520904044e-02,-2.755731717389364732e-02,-1.366323379197309680e-02,-1.445063351787438055e+00,3.320530453267936943e-01,-4.323400780266618837e-02,-1.807301053932203194e+00,2.853378294424805950e-01,1.215389656681606229e-01,-1.971339586786306164e+00,-6.748635473974444743e-01,4.242219898315272020e-02,-9.583055013025325586e-01,-8.074891393253544880e-01,5.945307069584261361e-01
2.910000000000000364e-01,1.088007346844666046e-02,1.076055499404793281e-02,4.086164173158213231e-03,-1.419905548205147028e-02,-2.360349464433841860e-02,-2.139336326208373870e-02,-1.955368972685933224e-02,-2.485571006607800726e-02,-1.253636108153477480e-02,1.305853682620705669e-02,3.225643518920850994e-03,-8.929485182045837632e-03,-7.541346854937014399e-03,4.053724229251943340e-02,6.648853216928118925e-02,4.220637341182120056e-02,2.560875904374260159e-02,5.740815134960743776e-02,7.933341738500354623e-02,5.888779959669632191e-02,3.692349558829999268e-02,2.850352904629805187e-02,5.445693202548307355e-02,9.665703367019329306e-02,7.546308162749593151e-02,6.381364674931422343e-02,6.273929512328768610e-02,1.603232311267710486e-02,2.061017720696156630e-02,2.598567293317799454e-02,1.347780481822935528e-02,-2.313004121122030909e-02,-1.648033106100221801e-02,-3.001416589794780876e-02,-1.952616716987565226e-02,-1.610768331325740377e-02,-1.841309351747533185e-02,-2.762505749775989727e-02,-1.377503337976637710e-02,-1.445239299166213742e+00,3.320023415560403590e-01,-4.298500577911081033e-02,-1.806553098390588863e+00,2.859251656651443096e-01,1.219363109084959651e-01,-1.971572232817841552e+00,-6.761559347178289769e-01,4.308881904725478384e-02,-9.599472100715976675e-01,-8.069341506462884839e-01,5.948634699319487185e-01
2.920000000000000373e-01,1.200124057384011067e-02,1.135290616110262718e-02,4.196378694624414152e-03,-1.420703908687581674e-02,-2.402309514625899922e-02,-2.200476605629208757e-02,-1.997415032683669267e-02,-2.521654938744788410e-02,-1.327873935389023430e-02,1.158188299799212118e-02,1.991317261260228122e-03,-9.403197865921697485e-03,-7.991452519719112815e-03,3.936755693133119766e-02,6.516282835640474502e-02,4.163548079035273020e-02,2.569864101894081196e-02,5.729044529015705350e-02,7.962772250733518575e-02,5.917190817567829358e-02,3.675416710107315410e-02,2.853675221282392718e-02,5.468146749007374297e-02,9.716221494587927443e-02,7.566432065162055631e-02,6.543839892948399850e-02,6.499834611040489207e-02,1.816689091591427996e-02,2.181681893636255518e-02,2.661379518284512358e-02,1.373656713879523213e-02,-2.360749464373634865e-02,-1.711644317577709629e-02,-3.006165007285011015e-02,-1.979757062277220925e-02,-1.612463376043038465e-02,-1.836619959055951767e-02,-2.769665728748815781e-02,-1.389583269734595561e-02,-1.445472273042066380e+00,3.319108744638270547e-01,-4.275237204626412824e-02,-1.805752019948018816e+00,2.864788733155275158e-01,1.223083818389781446e-01,-1.971794368452600477e+00,-6.774303631640156143e-01,4.369497842921485353e-02,-9.616935157135022560e-01,-8.063043052296344770e-01,5.951376840895881148e-01
2.930000000000000382e-01,1.311862047720380176e-02,1.193102811372437344e-02,4.309699362644803244e-03,-1.420517006105947999e-02,-2.442159745225058742e-02,-2.259693145255958768e-02,-2.038849294996447278e-02,-2.557012830484017840e-02,-1.401170583650923618e-02,1.010757246837190593e-02,7.572079116977549181e-04,-9.878949839779327391e-03,-8.441380974966605777e-03,3.818793080731319733e-02,6.382713715315935232e-02,4.105892330505866994e-02,2.577500567816226607e-02,5.715410019790414381e-02,7.991767456349885279e-02,5.946198312923289819e-02,3.659598045048806370e-02,2.857855949939613893e-02,5.489488680387744068e-02,9.762461511698150574e-02,7.581121556777192794e-02,6.704665748081994892e-02,6.723460781108016315e-02,2.028937412870224222e-02,2.301680460274457829e-02,2.723725536293120086e-02,1.399012288057033260e-02,-2.407901592560968140e-02,-1.774642083368815557e-02,-3.009105913988596379e-02,-2.005969140447039223e-02,-1.614049719316978937e-02,-1.832263267078371172e-02,-2.777180253739386373e-02,-1.402537269878045834e-02,-1.445762701847010723e+00,3.317801243422716095e-01,-4.253789122820933466e-02,-1.804903724486884631e+00,2.870084984203289946e-01,1.226533170092249797e-01,-1.972003775643135448e+00,-6.786769862833682554e-01,4.423379151758052852e-02,-9.635417037765162673e-01,-8.055968248751097516e-01,5.953432318410136759e-01
2.940000000000000391e-01,1.423183172153619225e-02,1.249467257120384645e-02,4.426077628096437323e-03,-1.419335050245340742e-02,-2.479892127458649398e-02,-2.316982874519313285e-02,-2.079673879824950333e-02,-2.591630123461241553e-02,-1.473508171002491096e-02,8.635846825604254207e-03,-4.762339581487751161e-04,-1.035646212431950985e-02,-8.890800305159096695e-03,3.699901053491273101e-02,6.248291121427929778e-02,4.047692587931939201e-02,2.583798198257625592e-02,5.699856548523854483e-02,8.020238374991484065e-02,5.975714928590392105e-02,3.644878712224076250e-02,2.862960789664859007e-02,5.509826668877959577e-02,9.804552091137219705e-02,7.590413681236940491e-02,6.863723713179137320e-02,6.944668842054690927e-02,2.239912893119955228e-02,2.420953714092632936e-02,2.785557531976401088e-02,1.423830536962578108e-02,-2.454428309628830726e-02,-1.836975709162791404e-02,-3.010253496388948236e-02,-2.031285379633018806e-02,-1.615560879210642398e-02,-1.828251674345393596e-02,-2.785017945114942606e-02,-1.416338992470933533e-02,-1.446111016789278336e+00,3.316115751302276538e-01,-4.234333760578998240e-02,-1.804014100245684649e+00,2.875235977130113918e-01,1.229692243223045184e-01,-1.972198263785529981e+00,-6.798859795078553425e-01,4.469838314079424557e-02,-9.654890538925938737e-01,-8.048089205619154418e-01,5.954700010822788769e-01
2.950000000000000400e-01,1.534049267462123112e-02,1.304359116665532170e-02,4.545464348459483418e-03,-1.417148271709311839e-02,-2.515498656828807356e-02,-2.372342799866800078e-02,-2.119890870631735771e-02,-2.625492201068180265e-02,-1.544868800387710905e-02,7.166947896363851100e-03,-1.708556980926090318e-03,-1.083545390230966805e-02,-9.339379097689894452e-03,3.580144247519623235e-02,6.113160574982900997e-02,3.988971258780837220e-02,2.588769630684684131e-02,5.682329316684000403e-02,8.048095943182786982e-02,6.005653183814629870e-02,3.631243651239791231e-02,2.869055330244485447e-02,5.529268303111578575e-02,9.842621828567610365e-02,7.594345403347357859e-02,7.020895271840377205e-02,7.163319431449499675e-02,2.449551262772509466e-02,2.539441832921518483e-02,2.846827603261070649e-02,1.448094647946618178e-02,-2.500297475106183498e-02,-1.898594571718925650e-02,-3.009622084136110223e-02,-2.055738020762953866e-02,-1.617030218123005625e-02,-1.824597549832240873e-02,-2.793147442368582034e-02,-1.430961663310581673e-02,-1.446517651688454587e+00,3.314067158808443603e-01,-4.217046958149273106e-02,-1.803089015590332300e+00,2.880337363844409637e-01,1.232541714753459944e-01,-1.972375669986299762e+00,-6.810475693783899498e-01,4.508189311465135574e-02,-9.675328391936139916e-01,-8.039377859753591427e-01,5.955078844930333792e-01
2.960000000000000409e-01,1.644422152759394962e-02,1.357753546437212577e-02,4.667809792025856552e-03,-1.413946924651643400e-02,-2.548971359151952151e-02,-2.425770005990113276e-02,-2.159502313651628924e-02,-2.658584389087437563e-02,-1.615234559113076784e-02,5.701117715199544023e-03,-2.939309028775483057e-03,-1.131564254947470261e-02,-9.786786440439954049e-03,3.459587264971553111e-02,5.977467849589723770e-02,3.929750663778674991e-02,2.592427242894368433e-02,5.662773804237122843e-02,8.075251021469265211e-02,6.035925638187843861e-02,3.618677587382500976e-02,2.876205056836811380e-02,5.547921079884865492e-02,9.876799246186518388e-02,7.592953610091912608e-02,7.176061926560572957e-02,7.379273010068132521e-02,2.657788368346247418e-02,2.657084883824767374e-02,2.907487764573524203e-02,1.471787666249557702e-02,-2.545477007444851836e-02,-1.959448121008922072e-02,-3.007226152605957728e-02,-2.079359125572421974e-02,-1.618490953194529069e-02,-1.821313223013065752e-02,-2.801537402435628002e-02,-1.446378092836164697e-02,-1.446983042808621001e+00,3.311670421034615952e-01,-4.202102447541546104e-02,-1.802134317000125829e+00,2.885484870168113503e-01,1.235061757077849098e-01,-1.972533859290350744e+00,-6.821520644468175298e-01,4.537748019325654747e-02,-9.696703258116925461e-01,-8.029805906035505370e-01,5.954467787135810930e-01
2.970000000000000417e-01,1.754263629388841395e-02,1.409625697709104841e-02,4.793063643243389294e-03,-1.409721289495591452e-02,-2.580302296526415518e-02,-2.477261656821027822e-02,-2.198510217510874290e-02,-2.690891956447716282e-02,-1.684587518377744786e-02,4.238598494820777773e-03,-4.168037249442591019e-03,-1.179674366906668936e-02,-1.023269191832776315e-02,3.338294665615304524e-02,5.841358967523024859e-02,3.870053035385367934e-02,2.594783152764534861e-02,5.641135786673447811e-02,8.101614401953495526e-02,6.066444895574596430e-02,3.607165026840286615e-02,2.884475354627991095e-02,5.565892396057714464e-02,9.907212796403097599e-02,7.586275111760576451e-02,7.329105207061115124e-02,7.592389867558591021e-02,2.864560175903729453e-02,2.773822828212857763e-02,2.967489950169976617e-02,1.494892498377042855e-02,-2.589934887158751309e-02,-2.019485882277471944e-02,-3.003080324985241134e-02,-2.102180584380608508e-02,-1.619976166478975799e-02,-1.818410974445683337e-02,-2.810156498141891390e-02,-1.462560688835923273e-02,-1.447507628689470804e+00,3.308940569784858399e-01,-4.189671365382210966e-02,-1.801155827266148535e+00,2.890774296869115245e-01,1.237231928656612467e-01,-1.972670724869627801e+00,-6.831898879058679874e-01,4.557832562835278933e-02,-9.718987724692398356e-01,-8.019344724131445279e-01,5.952765833909539062e-01
2.980000000000000426e-01,1.863535480855471604e-02,1.459950718313596241e-02,4.921175009175549064e-03,-1.404461675637902474e-02,-2.609483573222482269e-02,-2.526814996295767557e-02,-2.236916552954282267e-02,-2.722400116101431067e-02,-1.752909732849738944e-02,2.779632597210923706e-03,-5.394288103182987015e-03,-1.227847112998059487e-02,-1.067676560885377768e-02,3.216330958597746204e-02,5.704980194816933192e-02,3.809900516628328404e-02,2.595849218775469688e-02,5.617361350723572982e-02,8.127096816201673235e-02,6.097123607996391553e-02,3.596690252516632907e-02,2.893931513489711449e-02,5.583289540653213479e-02,9.933990865516451052e-02,7.574346643184837191e-02,7.479906678786552021e-02,7.802530128604034942e-02,3.069802774275709814e-02,2.889595527163457689e-02,3.026786017555282982e-02,1.517391915685362136e-02,-2.633639159749323611e-02,-2.078657457999755209e-02,-2.997199373873371542e-02,-2.124234123618018444e-02,-1.621518814850775314e-02,-1.815903026907772499e-02,-2.818973416783920535e-02,-1.479481468929710712e-02,-1.448091849975374101e+00,3.305892724440639974e-01,-4.179921799065519639e-02,-1.800159343899336184e+00,2.896301532236799092e-01,1.239031057926942292e-01,-1.972784188171896602e+00,-6.841516120181655447e-01,4.567763660785909008e-02,-9.742154301642910186e-01,-8.007965301160191451e-01,5.949872000830117580e-01
2.990000000000000435e-01,1.972199472791924535e-02,1.508703754341889081e-02,5.052092427065169034e-03,-1.398158424135820255e-02,-2.636507341492810852e-02,-2.574427348884889000e-02,-2.274723252680965757e-02,-2.753094026024038854e-02,-1.820183240289052762e-02,1.324462505552848057e-03,-6.617607400365876913e-03,-1.276053710827840248e-02,-1.111867807661326424e-02,3.093760594429095789e-02,5.568478035430724643e-02,3.749315160305854988e-02,2.595637041304410531e-02,5.591396908700143470e-02,8.151608943487387293e-02,6.127874479458039758e-02,3.587237320453118272e-02,2.904638732635556053e-02,5.600219687176454658e-02,9.957261777372437839e-02,7.557204865060862531e-02,7.628347951543101857e-02,8.009553759576659715e-02,3.273452378030050625e-02,3.004342746916366727e-02,3.085327750974320438e-02,1.539268558151718307e-02,-2.676557938407864157e-02,-2.136912529717260867e-02,-2.989598222411116168e-02,-2.145551313066329513e-02,-1.623151739630257495e-02,-1.813801537111014994e-02,-2.827956858849400845e-02,-1.497112072790151953e-02,-1.448736149242368265e+00,3.302542101535842489e-01,-4.173018366113527555e-02,-1.799150637744993286e+00,2.902162576035439145e-01,1.240437120613306493e-01,-1.972872199028959717e+00,-6.850279944372562602e-01,4.566864991500052540e-02,-9.766175419564266935e-01,-7.995638150420388834e-01,5.945685310096616716e-01
3.000000000000000444e-01,2.080217352956736931e-02,1.555859951826521481e-02,5.185763872981752343e-03,-1.390801910375794037e-02,-2.661365807297100261e-02,-2.620096119887582731e-02,-2.311932211288914019e-02,-2.782958790334610910e-02,-1.886390061217557701e-02,-1.266692030323923746e-04,-7.837540339707516068e-03,-1.324265213199815605e-02,-1.155810036678328601e-02,2.970647957207805945e-02,5.431999224528105685e-02,3.688318928575773370e-02,2.594157964690290905e-02,5.563189211406394108e-02,8.175061419341413116e-02,6.158610269700481865e-02,3.578790056871072878e-02,2.916662125271951220e-02,5.616789886169204493e-02,9.977153796987092704e-02,7.534886365345494497e-02,7.774310688246943712e-02,8.213320575675142621e-02,3.475445330160420454e-02,3.118004164525123301e-02,3.143066864945475575e-02,1.560504938308326928e-02,-2.718659406470891327e-02,-2.194200859732697850e-02,-2.980291944930080553e-02,-2.166163572812251914e-02,-1.624907675913478400e-02,-1.812118587999789546e-02,-2.837075536875488524e-02,-1.515423774091928695e-02,-1.449440970823043351e+00,3.298904023032439570e-01,-4.169121826523099206e-02,-1.798135451800086493e+00,2.908453574652828943e-01,1.241427110596372424e-01,-1.972932735723460951e+00,-6.858100165362093215e-01,4.554463622483923002e-02,-9.791023428584099131e-01,-7.982333226365005974e-01,5.940104776404950826e-01
3.010000000000000453e-01,2.187550851263386428e-02,1.601394458404703514e-02,5.322136771527929099e-03,-1.382382546720339889e-02,-2.684051235938866853e-02,-2.663818795489092395e-02,-2.348545285327174881e-02,-2.811979460539593134e-02,-1.951512198634519635e-02,-1.573519883955487369e-03,-9.053631547044638239e-03,-1.372452512910937901e-02,-1.199470399757140808e-02,2.847057357104842978e-02,5.295690720916867988e-02,3.626933692940470522e-02,2.591423080067478679e-02,5.532685359556444027e-02,8.197364844370660930e-02,6.189243797864607544e-02,3.571332055844589348e-02,2.930066723241253959e-02,5.633107058020669217e-02,9.993795134117444690e-02,7.507427660713572592e-02,7.917676613752046288e-02,8.413690248532157412e-02,3.675718104480507620e-02,3.230519373638296443e-02,3.199955007816157604e-02,1.581083445321418424e-02,-2.759911819628735330e-02,-2.250472292648408867e-02,-2.969295767138246944e-02,-2.186102179882842486e-02,-1.626819261585188414e-02,-1.810866181658665405e-02,-2.846298174448813612e-02,-1.534387492161526367e-02,-1.450206760629301650e+00,3.294993923291987814e-01,-4.168388727738046862e-02,-1.797119500229218625e+00,2.915270867240343788e-01,1.241976904528650227e-01,-1.972963805013315586e+00,-6.864889238824005702e-01,4.529890553558948985e-02,-9.816670598384112933e-01,-7.968019836046185134e-01,5.933029391085810067e-01
3.020000000000000462e-01,2.294161679837536383e-02,1.645282424959848555e-02,5.461158006587750989e-03,-1.372890785133229485e-02,-2.704555957608922867e-02,-2.705592942579615467e-02,-2.384564293457324888e-02,-2.840141036897669835e-02,-2.015531637778789076e-02,-3.015846850841885640e-03,-1.026542511457817497e-02,-1.420586347848917623e-02,-1.242816095163190755e-02,2.723053023127164352e-02,5.159699698697073345e-02,3.565181234639869245e-02,2.587443228964447783e-02,5.499832813658622754e-02,8.218429793310580433e-02,6.219687946046370541e-02,3.564846677613831005e-02,2.944917481656928251e-02,5.649277986055656342e-02,1.000731394676557251e-01,7.474865198056246385e-02,8.058327523725683506e-02,8.610522314284452250e-02,3.874207307699073510e-02,3.341827890392590206e-02,3.255943765316970939e-02,1.600986349192190517e-02,-2.800283507868517319e-02,-2.305676756729013732e-02,-2.956625065837137356e-02,-2.205398274568759476e-02,-1.628919045999399628e-02,-1.810056232841850132e-02,-2.855593505346920927e-02,-1.553973803316255342e-02,-1.451033965972964745e+00,3.290827354740692989e-01,-4.170971081731719710e-02,-1.796108467574829781e+00,2.922711042616088495e-01,1.242061120418236908e-01,-1.972963442112650956e+00,-6.870562690201142964e-01,4.492481431821215843e-02,-9.843089119374065499e-01,-7.952666547295188515e-01,5.924358104408921077e-01
3.030000000000000471e-01,2.400011533100743222e-02,1.687499007239168236e-02,5.602773933098603720e-03,-1.362317119780254160e-02,-2.722872372833595733e-02,-2.745416208333528729e-02,-2.419991016722411459e-02,-2.867428469907684976e-02,-2.078430345936688184e-02,-4.453407400449637364e-03,-1.147246464052642523e-02,-1.468637306378273340e-02,-1.285814366643256434e-02,2.598699096178780366e-02,5.024173538168640735e-02,3.503083245464555517e-02,2.582229007661629439e-02,5.464579402317282231e-02,8.238166824272699640e-02,6.249855662726887945e-02,3.559317047546750601e-02,2.961279283528517325e-02,5.665409309915458991e-02,1.001783834460598932e-01,7.437235356011084875e-02,8.196145293530900100e-02,8.803676182089947844e-02,4.070849681161758937e-02,3.451869159396281361e-02,3.310984664096405794e-02,1.620195805066648384e-02,-2.839742877151785541e-02,-2.359764265072561429e-02,-2.942295368189418170e-02,-2.224082866409693438e-02,-1.631239498322756276e-02,-1.809700563131544371e-02,-2.864930272824217639e-02,-1.574152951879836948e-02,-1.451923035384200533e+00,3.286419992228856168e-01,-4.177016073527820006e-02,-1.795108008156787172e+00,2.930871006674238277e-01,1.241652970439450915e-01,-1.972929710628077871e+00,-6.875039567453132827e-01,4.441577505980204288e-02,-9.870251105060338093e-01,-7.936241093945909375e-01,5.913989805968324909e-01
3.040000000000000480e-01,2.505062087878550878e-02,1.728019367446087529e-02,5.746930389809890016e-03,-1.350652089603698869e-02,-2.738992957823249697e-02,-2.783286319547517706e-02,-2.454827198923981157e-02,-2.893826661918597054e-02,-2.140190272296260687e-02,-5.885958836840733156e-03,-1.267429326911440231e-02,-1.516575833002642426e-02,-1.328432502356901961e-02,2.474059622436053374e-02,4.889259816052060614e-02,3.440661328998517732e-02,2.575790772302344322e-02,5.426873328916137496e-02,8.256486488147742053e-02,6.279659966056350129e-02,3.554726055757840425e-02,2.979216944376527829e-02,5.681607519257392269e-02,1.002549639232048762e-01,7.394574446507017063e-02,8.331011887080341793e-02,8.993011143079332470e-02,4.265582102239840606e-02,3.560582559787173196e-02,3.365029175216172064e-02,1.638693857633199968e-02,-2.878258410813572254e-02,-2.412684916574558969e-02,-2.926322350539356520e-02,-2.242186839852200464e-02,-1.633813015524454570e-02,-1.809810895740504577e-02,-2.874277229037769388e-02,-1.594894860866746811e-02,-1.452874418427751335e+00,3.281787636088777660e-01,-4.186665800323327580e-02,-1.794123745656225566e+00,2.939848060011364117e-01,1.240724108271938630e-01,-1.972860702449013459e+00,-6.878242920786646897e-01,4.376526897457164167e-02,-9.898128595648522099e-01,-7.918710278458102048e-01,5.901823303076826344e-01
3.050000000000000488e-01,2.609274641967918029e-02,1.766823326590305498e-02,5.893565294209590633e-03,-1.337887927069614236e-02,-2.752912421273734367e-02,-2.819204269494823833e-02,-2.489075404267238056e-02,-2.919323715555544041e-02,-2.200793914132503915e-02,-7.313282524137321161e-03,-1.387047554740483864e-02,-1.564370945634286150e-02,-1.370636228834198889e-02,2.349190849825744110e-02,4.755095348662585764e-02,3.377942134246847417e-02,2.568147655493913106e-02,5.386679825966300683e-02,8.273305918058174169e-02,6.309013030586152482e-02,3.551040231096402877e-02,2.998774165659812141e-02,5.697966814981825223e-02,1.003041646846511981e-01,7.346945312655515925e-02,8.462825675008645021e-02,9.178386798377013989e-02,4.458343105818807217e-02,3.667913430831371002e-02,3.418034461835439686e-02,1.656465904948056789e-02,-2.915802560500191376e-02,-2.464396505222588019e-02,-2.908728534844051694e-02,-2.259740928454734288e-02,-1.636667441174166973e-02,-1.810389683860203283e-02,-2.883599305441287078e-02,-1.616163534532821799e-02,-1.453888303989875785e+00,3.276944462580356210e-01,-4.199996015564924634e-02,-1.793160126635402030e+00,2.949723605213278033e-01,1.239248040868475148e-01,-1.972755911314537869e+00,-6.880124583731727084e-01,4.297004699666079341e-02,-9.926690947060201609e-01,-7.900039191973916575e-01,5.887770415582176398e-01
3.060000000000000497e-01,2.712609031830259462e-02,1.803909316243368019e-02,6.042586410349937154e-03,-1.324023496985571313e-02,-2.764634168143009774e-02,-2.853183856641328120e-02,-2.522741592303212599e-02,-2.943920692065216116e-02,-2.260226010282995190e-02,-8.735256109602129726e-03,-1.506066309629838611e-02,-1.611986371430118581e-02,-1.412384888977902438e-02,2.224118126462615308e-02,4.621773318304089884e-02,3.314972797238535662e-02,2.559354612574837873e-02,5.344031101559743036e-02,8.288568617937409899e-02,6.337823419734434083e-02,3.548161379537084770e-02,3.019910366689693149e-02,5.714532695985319322e-02,1.003272832623971489e-01,7.294517112240850309e-02,8.591550374347045604e-02,9.359664353831174954e-02,4.649077406798917539e-02,3.773831173693364960e-02,3.469980604599598450e-02,1.673511091905899306e-02,-2.952363412127078854e-02,-2.514887330355986342e-02,-2.889563369650582914e-02,-2.276775654922014169e-02,-1.639812604598400725e-02,-1.811402615825619122e-02,-2.892846120879744368e-02,-1.637900287923743647e-02,-1.454963837767596191e+00,3.271897741170596841e-01,-4.216833567619175660e-02,-1.792216991613084787e+00,2.960514002982681525e-01,1.237210581352299749e-01,-1.972620346455349338e+00,-6.880738088992930379e-01,4.203973727530790905e-02,-9.955897012431369486e-01,-7.880189154463406176e-01,5.871795323803931099e-01
3.070000000000000506e-01,2.815024721445702482e-02,1.839280423540090581e-02,6.193893638469561737e-03,-1.309059356086406285e-02,-2.774163856412581453e-02,-2.885242079134542337e-02,-2.555832552136738656e-02,-2.967621901978434451e-02,-2.318471833093527223e-02,-1.015178165427199630e-02,-1.624452951347032936e-02,-1.659384411526776404e-02,-1.453636244811118416e-02,2.098858980587348100e-02,4.489376061616746211e-02,3.251805623056780448e-02,2.549475408801216147e-02,5.298976383121578593e-02,8.302224801656724051e-02,6.365998799946261111e-02,3.545974995012234759e-02,3.042563809143983278e-02,5.731338336290026092e-02,1.003256201278412973e-01,7.237485516853769951e-02,8.717166133039455644e-02,9.536705425488101184e-02,4.837731268524558814e-02,3.878311264662981372e-02,3.520853352858921426e-02,1.689831955623644077e-02,-2.987933008944976612e-02,-2.564153342697572668e-02,-2.868883113306130994e-02,-2.293321479610677116e-02,-1.643253791001919595e-02,-1.812806132067690257e-02,-2.901963461969936375e-02,-1.660040653760130880e-02,-1.456099910764889094e+00,3.266653037406724858e-01,-4.236940914976557171e-02,-1.791293031147489945e+00,2.972219602044587905e-01,1.234598764031821089e-01,-1.972460397473708049e+00,-6.880165444177157585e-01,4.098739694699279901e-02,-9.985703036757226370e-01,-7.859119834024466122e-01,5.853875218812224501e-01
3.080000000000000515e-01,2.916481164816753235e-02,1.872939740478996029e-02,6.347386454301329195e-03,-1.292996108122679288e-02,-2.781507250262871267e-02,-2.915395939953802085e-02,-2.588355046700963058e-02,-2.990431664632398068e-02,-2.375516621137085949e-02,-1.156276165242164922e-02,-1.742174863256140682e-02,-1.706527235284660549e-02,-1.494348079817076069e-02,1.973430813092002731e-02,4.357986001618962407e-02,3.188492965217815112e-02,2.538573616513950526e-02,5.251565263741665018e-02,8.314224833727859587e-02,6.393446853455042600e-02,3.544366395815190529e-02,3.066672647939672550e-02,5.748416710951076425e-02,1.003004751277978418e-01,7.176046113226641765e-02,8.839653227828359050e-02,9.709371639604390258e-02,5.024250969953624607e-02,3.981329251907883560e-02,3.570638379732038459e-02,1.705430973008015272e-02,-3.022503460004388742e-02,-2.612190530273172939e-02,-2.846744128810740904e-02,-2.309408844673654926e-02,-1.646996235421172017e-02,-1.814556593748672952e-02,-2.910897111667365422e-02,-1.682520007387466876e-02,-1.457295421504167798e+00,3.261215957408548083e-01,-4.260077934311193304e-02,-1.790386934686042153e+00,2.984841116482286894e-01,1.231396978606420500e-01,-1.972282456654206761e+00,-6.878492902117633312e-01,3.982640785632074465e-02,-1.001606528585427203e+00,-7.836789922341570458e-01,5.833987162173839280e-01
3.090000000000000524e-01,3.016937806379926812e-02,1.904890364499944866e-02,6.502963927908833597e-03,-1.275834405675446703e-02,-2.786670223597154106e-02,-2.943662445677741255e-02,-2.620315813541651551e-02,-3.012354310253906320e-02,-2.431345579653276801e-02,-1.296809905090023918e-02,-1.859199455211868468e-02,-1.753376887229052272e-02,-1.534478197888500262e-02,1.847850894289893020e-02,4.227685639267563661e-02,3.125087225839662253e-02,2.526712621707227768e-02,5.201847697212879512e-02,8.324519239566566253e-02,6.420075279939219115e-02,3.543220731406249158e-02,3.092174935924862922e-02,5.765800591959413524e-02,1.002531474986505522e-01,7.110394402545194836e-02,8.958992070384975970e-02,9.877524644069568538e-02,5.208582803075545442e-02,4.082860762086504280e-02,3.619321284031062902e-02,1.720310564847782331e-02,-3.056066939271895669e-02,-2.658994916681445275e-02,-2.823202879167752144e-02,-2.325068179442002503e-02,-1.651045127864270157e-02,-1.816610282427211231e-02,-2.919592849899466103e-02,-1.705273572559073969e-02,-1.458549276142673490e+00,3.255592148385428874e-01,-4.286002562205078192e-02,-1.789497390703509661e+00,2.998379642651679000e-01,1.227586680353765780e-01,-1.972092916722838485e+00,-6.875811103056096441e-01,3.857055171097739654e-02,-1.004694005423060643e+00,-7.813157115092121963e-01,5.812108058324788606e-01
3.100000000000000533e-01,3.116354081433403422e-02,1.935135399067444348e-02,6.660524743128615199e-03,-1.257574951955664488e-02,-2.789658763410507447e-02,-2.970058605252123493e-02,-2.651721565669040714e-02,-3.033394182000881054e-02,-2.485943881079366591e-02,-1.436769726712183726e-02,-1.975494166341329461e-02,-1.799895294241737539e-02,-1.573984422201890609e-02,1.722136361114046110e-02,4.098557544972392108e-02,3.061640855682812301e-02,2.513955631211128861e-02,5.149873991443954663e-02,8.333058715032518049e-02,6.445791798173283738e-02,3.542422989760485308e-02,3.119008628790798099e-02,5.783522544634812218e-02,1.001849358800415146e-01,7.040725799738822843e-02,9.075163213068293544e-02,1.004102611974220099e-01,5.390673070372598019e-02,4.182881506562541318e-02,3.666887592205814173e-02,1.734473099810474039e-02,-3.088615684579654186e-02,-2.704562559276890710e-02,-2.798315922531191546e-02,-2.340329905160087876e-02,-1.655405618157912775e-02,-1.818923400332161933e-02,-2.927996454374648047e-02,-1.728236426796936342e-02,-1.459860388568479994e+00,3.249787299122286477e-01,-4.314471433037191106e-02,-1.788623086834683740e+00,3.012836674861996689e-01,1.223146088277393406e-01,-1.971898168602740586e+00,-6.872215228741355153e-01,3.723408544717132784e-02,-1.007828367344768328e+00,-7.788178094731665890e-01,5.788214625645586864e-01
3.110000000000000542e-01,3.214689416578764281e-02,1.963677954260401037e-02,6.819967217595035436e-03,-1.238218502587873360e-02,-2.790478973003285290e-02,-2.994601428757714956e-02,-2.682578992477990809e-02,-3.053555637961391511e-02,-2.539296665672630127e-02,-1.576146020571300710e-02,-2.091026467714929282e-02,-1.846044272992264368e-02,-1.612824594015105362e-02,1.596304214749455497e-02,3.970684350096309601e-02,2.998206354081789371e-02,2.500365680484106443e-02,5.095694800284045201e-02,8.339794135208956904e-02,6.470504147646317927e-02,3.541858005233677886e-02,3.147111590194918290e-02,5.801614924506059978e-02,1.000971383281537008e-01,6.967235632766843878e-02,9.188147354285636226e-02,1.019973779167324679e-01,5.570468082323332126e-02,4.281367287230430918e-02,3.713322760298964909e-02,1.747920898347432583e-02,-3.120141996398384868e-02,-2.748889547283051363e-02,-2.772139907171711215e-02,-2.355224439121172963e-02,-1.660082820507069457e-02,-1.821452071216267399e-02,-2.936053701562535423e-02,-1.751343506395918945e-02,-1.461227680476710145e+00,3.243807140429918467e-01,-4.345240513614834210e-02,-1.787762710001672195e+00,3.028214119497750212e-01,1.218049871222643271e-01,-1.971704599171312022e+00,-6.867805168095384438e-01,3.583181574192945140e-02,-1.011005252094788975e+00,-7.761808516042246753e-01,5.762283366391627304e-01
3.120000000000000551e-01,3.311903230176138635e-02,1.990521147368484733e-02,6.981189323307823713e-03,-1.217765867377940299e-02,-2.789137075038272337e-02,-3.017307926178736111e-02,-2.712894760734974042e-02,-3.072843053109197697e-02,-2.591389042223601891e-02,-1.714929227383433022e-02,-2.205763864906185034e-02,-1.891785537599233180e-02,-1.650956571386563709e-02,1.470371318701779728e-02,3.844148738472075166e-02,2.934836268782126112e-02,2.486005642015642891e-02,5.039361113801943404e-02,8.344676562385645868e-02,6.494120090126020983e-02,3.541410466915717592e-02,3.176421597083667336e-02,5.820109874680401418e-02,9.999105232865800053e-02,6.890119141911821288e-02,9.297925343433854906e-02,1.035352144019214965e-01,5.747914154938271736e-02,4.378294001954152748e-02,3.758612175923348175e-02,1.760656236512581074e-02,-3.150638236456205360e-02,-2.791971999835318741e-02,-2.744731566279057233e-02,-2.369782198233849613e-02,-1.665081817793012675e-02,-1.824152341761742235e-02,-2.943710367819596385e-02,-1.774529611131869800e-02,-1.462650081426529303e+00,3.237657445554939506e-01,-4.378065735107820877e-02,-1.786914946535902216e+00,3.044514307218754712e-01,1.212268822050129452e-01,-1.971518589023596668e+00,-6.862685693935003384e-01,3.437917153364611345e-02,-1.014220302931948092e+00,-7.734002994857603897e-01,5.734290535656260124e-01
3.130000000000000560e-01,3.407954932809786897e-02,2.015668103496404129e-02,7.144088707727004432e-03,-1.196217912064792034e-02,-2.785639414442897532e-02,-3.038195106171714954e-02,-2.742675515630965677e-02,-3.091260821215602306e-02,-2.642206088860277191e-02,-1.853109839517674828e-02,-2.319673900443408598e-02,-1.937080707509819533e-02,-1.688338227815533443e-02,1.344354397306979365e-02,3.719033437963670252e-02,2.871583195701843394e-02,2.470938234333308614e-02,4.980924247067797239e-02,8.347657253216068940e-02,6.516547411139850254e-02,3.540964927444711918e-02,3.206876345203114181e-02,5.839039323697381434e-02,9.986797480940978744e-02,6.809571479100418046e-02,9.404478185399557655e-02,1.050223891182562319e-01,5.922957607330703311e-02,4.473637649628825486e-02,3.802741160256939423e-02,1.772681349701299425e-02,-3.180096826210743188e-02,-2.833806063952559740e-02,-2.716147712627936528e-02,-2.384033602067958668e-02,-1.670407665623097060e-02,-1.826980183498827515e-02,-2.950912230650892809e-02,-1.797729408737014020e-02,-1.464126528879478251e+00,3.231344030544692769e-01,-4.412703622829389216e-02,-1.786078482294912950e+00,3.061740002832957774e-01,1.205769520068341316e-01,-1.971346510246840822e+00,-6.856966650051806722e-01,3.289227333151670263e-02,-1.017469169596785461e+00,-7.704715100410532980e-01,5.704212109571146216e-01
3.140000000000000568e-01,3.502803927764119862e-02,2.039121956175460326e-02,7.308562715354649866e-03,-1.173575560055464470e-02,-2.779992461155522676e-02,-3.057279974835003591e-02,-2.771927881900859703e-02,-3.108813356716133569e-02,-2.691732853942641057e-02,-1.990678402264300928e-02,-2.432724156152854533e-02,-1.981891315591655101e-02,-1.724927450801017059e-02,1.218270034685087384e-02,3.595421212099347841e-02,2.808499778633288813e-02,2.455226031609303305e-02,4.920435827491331793e-02,8.348687665020396165e-02,6.537693921350395954e-02,3.540405812247859885e-02,3.238413454784261347e-02,5.858434983868665569e-02,9.972920215295921764e-02,6.725787707267638638e-02,9.507787044598357828e-02,1.064575213002361131e-01,6.095544759313221289e-02,4.567374334870732966e-02,3.845694970060931084e-02,1.783998436315181735e-02,-3.208510245183049392e-02,-2.874387912448739257e-02,-2.686445233123091469e-02,-2.398009075409079927e-02,-1.676065396150727346e-02,-1.829891495212443431e-02,-2.957605070094037822e-02,-1.820877439201318282e-02,-1.465655968219693683e+00,3.224872754562392307e-01,-4.448911924388732064e-02,-1.785252002774017077e+00,3.079894412390920544e-01,1.198513982075678219e-01,-1.971194724211213778e+00,-6.850763147746709025e-01,3.138799800830521791e-02,-1.020747509315977464e+00,-7.673897351780357701e-01,5.672023752977055633e-01
3.150000000000000577e-01,3.596409611507178639e-02,2.060885847984605945e-02,7.474508409782277055e-03,-1.149839794144493811e-02,-2.772202812716573206e-02,-3.074579534479759957e-02,-2.800658465006922171e-02,-3.125505096531977500e-02,-2.739954357047302835e-02,-2.127625514971764886e-02,-2.544882255397729054e-02,-2.026178816422419260e-02,-1.760682140320213307e-02,1.092134674137845707e-02,3.473394851803091044e-02,2.745638708901410041e-02,2.438931473860117549e-02,4.857947780774773960e-02,8.347719461210489911e-02,6.557467457797928889e-02,3.539617429177876334e-02,3.270970476393042503e-02,5.878328350095784333e-02,9.957603020902139335e-02,6.638962799783332258e-02,9.607833248533649562e-02,1.078392310566207435e-01,6.265621929017584080e-02,4.659480272341066237e-02,3.887458799728716469e-02,1.794609661363244513e-02,-3.235871029166626639e-02,-2.913713741784373923e-02,-2.655681083248584429e-02,-2.411739050367645021e-02,-1.682060021685227724e-02,-1.832842105801502086e-02,-2.963734670200590671e-02,-1.843908118958914599e-02,-1.467237352756536994e+00,3.218249520147926090e-01,-4.486450236721424567e-02,-1.784434193212932396e+00,3.098981187000501847e-01,1.190459302553087129e-01,-1.971069579381647063e+00,-6.844195770686478664e-01,2.988403767991540394e-02,-1.024050987840486870e+00,-7.641501218953650199e-01,5.637700786829455968e-01
3.160000000000000586e-01,3.688731374181219991e-02,2.080962931180099437e-02,7.641822596172964666e-03,-1.125011658215615586e-02,-2.762277196705476001e-02,-3.090110782402000211e-02,-2.828873852387081556e-02,-3.141340501844779726e-02,-2.786855590042103259e-02,-2.263941832053806280e-02,-2.656115865211239324e-02,-2.069904594773275264e-02,-1.795560207224334084e-02,9.659646179923431220e-03,3.353037167249217632e-02,2.683052724993872928e-02,2.422116877730617901e-02,4.793512315541947899e-02,8.344704515817769064e-02,6.575775884987525299e-02,3.538483978510509331e-02,3.304484896927339932e-02,5.898750699168564537e-02,9.940975430695962733e-02,6.549291639963206180e-02,9.704598290857724407e-02,1.091661394729119827e-01,6.433135430534342447e-02,4.749931790714079227e-02,3.928017783365644888e-02,1.804517160003138443e-02,-3.262171768316290271e-02,-2.951779769857854410e-02,-2.623912281437590366e-02,-2.425253968077978328e-02,-1.688396538112879597e-02,-1.835787777560681996e-02,-2.969246820614790394e-02,-1.866755745005743705e-02,-1.468869643710139172e+00,3.211480273419538567e-01,-4.525080632483369225e-02,-1.783623738697452721e+00,3.119004422805578547e-01,1.181557283787254137e-01,-1.970977409155716398e+00,-6.837390786699724110e-01,2.839895118003266106e-02,-1.027375280513638467e+00,-7.607477129048324516e-01,5.601218155636215057e-01
3.170000000000000595e-01,3.779728600098763991e-02,2.099356368335339104e-02,7.810401844153158635e-03,-1.099092258928280330e-02,-2.750222473024013445e-02,-3.103890709657175506e-02,-2.856580614765969264e-02,-3.156324059824111572e-02,-2.832421518249983797e-02,-2.399618063866348905e-02,-2.766392698329456223e-02,-2.113029974274249767e-02,-1.829519571552173929e-02,8.397760278901602107e-03,3.234430979861535604e-02,2.620794612178745098e-02,2.404844447854115330e-02,4.727181906711619419e-02,8.339594917106740724e-02,6.592527095792391489e-02,3.536889563268319492e-02,3.338894145752036025e-02,5.919733089534150866e-02,9.923166926844118052e-02,6.456969020682290505e-02,9.798063833919679055e-02,1.104368687110115488e-01,6.598031571566974340e-02,4.838705336291493353e-02,3.967356996906046263e-02,1.813723041039017048e-02,-3.287405105129170141e-02,-2.988582233752712369e-02,-2.591195903369047926e-02,-2.438584280036248594e-02,-1.695079928140463821e-02,-1.838684209855889762e-02,-2.974087318217932818e-02,-1.889354499016259945e-02,-1.470551810180358743e+00,3.204571004211873575e-01,-4.564568286274001824e-02,-1.782819324256259552e+00,3.139968656513382195e-01,1.171754056997962173e-01,-1.970924529732371866e+00,-6.830480364858293463e-01,2.695220653947186240e-02,-1.030716073365194774e+00,-7.571774478289282628e-01,5.562550395259532321e-01
3.180000000000000604e-01,3.869360668242815410e-02,2.116069332991645999e-02,7.980142511073928802e-03,-1.072082767385795776e-02,-2.736045636026520483e-02,-3.115936299836885581e-02,-2.883785307529418418e-02,-3.170460285307141746e-02,-2.876637081701716170e-02,-2.534644977455524639e-02,-2.875680515123235984e-02,-2.155516226253606504e-02,-1.862518160761883479e-02,7.135849255214044007e-03,3.117659114478898985e-02,2.558917202123645041e-02,2.387176288776160504e-02,4.659009277683123784e-02,8.332342970264816628e-02,6.607629012154195292e-02,3.534718199834818719e-02,3.374135600954897285e-02,5.941306361536602410e-02,9.904306942036232575e-02,6.362189644113679099e-02,9.888211710788175068e-02,1.116500421057011749e-01,6.760256651095808422e-02,4.925777476272275024e-02,4.005461460279491348e-02,1.822229390375085245e-02,-3.311563732325550902e-02,-3.024117387428670867e-02,-2.557589076226784996e-02,-2.451760449100026662e-02,-1.702115164393402935e-02,-1.841487043159961701e-02,-2.978201968833538160e-02,-1.911638451494201973e-02,-1.472282829099620605e+00,3.197527746145704675e-01,-4.604682101131527677e-02,-1.782019634952956233e+00,3.161878855791106502e-01,1.160989695898511226e-01,-1.970917238016202777e+00,-6.823602795897878437e-01,2.556421277853002105e-02,-1.034069064227264301e+00,-7.534341650364694276e-01,5.521671601451445532e-01
3.190000000000000613e-01,3.957586952769887034e-02,2.131105010319991541e-02,8.150940765633940543e-03,-1.043984420788035550e-02,-2.719753816499650284e-02,-3.126264527849142993e-02,-2.910494472159763299e-02,-3.183753722429338850e-02,-2.919487196477676960e-02,-2.669013397176333777e-02,-2.983947125432440117e-02,-2.197324578745396551e-02,-1.894513907878759076e-02,5.874071938005709370e-03,3.002804391707281084e-02,2.497473372528746793e-02,2.369174417431407775e-02,4.589047381408217774e-02,8.322901199159236929e-02,6.620989585553285761e-02,3.531853828821640562e-02,3.410146595710950024e-02,5.963501138119964295e-02,9.884524860818011405e-02,6.265148121613828280e-02,9.975023926735016033e-02,1.128042842576806176e-01,6.919756957044453927e-02,5.011124901685137800e-02,4.042316139621515703e-02,1.830038274443834823e-02,-3.334640390638110574e-02,-3.058381499369833278e-02,-2.523148972916144928e-02,-2.464812950208239428e-02,-1.709507212375127594e-02,-1.844151863419885018e-02,-2.981536588975375671e-02,-1.933541566012664248e-02,-1.474061685170095615e+00,3.190356576624674978e-01,-4.645195335718798474e-02,-1.781223355973411193e+00,3.184740403783657414e-01,1.149197824542745883e-01,-1.970961809561757150e+00,-6.816902713720384144e-01,2.425633921766831569e-02,-1.037429963867798399e+00,-7.495126041833483077e-01,5.478555399531155334e-01
3.200000000000000622e-01,4.044366823514833342e-02,2.144466597795105164e-02,8.322692611818283126e-03,-1.014798524066717889e-02,-2.701354283490633654e-02,-3.134892358702456167e-02,-2.936714637733084388e-02,-3.196208946205203461e-02,-2.960956756137367307e-02,-2.802714205183365337e-02,-3.091160390304991887e-02,-2.238416225654349390e-02,-1.925464749562477706e-02,4.612585784836031877e-03,2.889949620473552735e-02,2.436516046788339551e-02,2.350900776157560657e-02,4.517349380424784400e-02,8.311222347158819801e-02,6.632516797229584538e-02,3.528180326153229629e-02,3.446864424739892740e-02,5.986347825990190330e-02,9.863950020978461131e-02,6.166038973775123111e-02,1.005848266017324022e-01,1.138982211227776986e-01,7.076478763949145545e-02,5.094724429982422365e-02,4.077905949545446163e-02,1.837151743615228830e-02,-3.356627866515182745e-02,-3.091370850191133002e-02,-2.487932806260673493e-02,-2.477772270846844913e-02,-1.717261033318395747e-02,-1.846634206725683569e-02,-2.984037007618667303e-02,-1.954997703588822952e-02,-1.475887370785662123e+00,3.183063616754546743e-01,-4.685886232596037787e-02,-1.780429172708501095e+00,3.208559076931242204e-01,1.136305221814372518e-01,-1.971064496562186186e+00,-6.810531315389877216e-01,2.305092040824835431e-02,-1.040794497137286223e+00,-7.454074095297805735e-01,5.433174915652659864e-01
3.210000000000000631e-01,4.129663756847179457e-02,2.156160992381319502e-02,8.495280084793499498e-03,-9.845298114950384871e-03,-2.680860297494749162e-02,-3.141837937215807841e-02,-2.962453984798596451e-02,-3.207829196782086001e-02,-3.001031637891982129e-02,-2.935737114352266267e-02,-3.197289760521515589e-02,-2.278753289881407795e-02,-1.955331827210793350e-02,3.351470157162861341e-03,2.779170740353409386e-02,2.376096245045644650e-02,2.332411664503552737e-02,4.443964458572047249e-02,8.297268477154418065e-02,6.642130203809973321e-02,3.523594942855100970e-02,3.484217001788847412e-02,6.009862686541378451e-02,9.842695151217606409e-02,6.065051050286474066e-02,1.013858510859813183e-01,1.149307506984982297e-01,7.230368041746526586e-02,5.176554044909975616e-02,4.112223367836609356e-02,1.843575496672578140e-02,-3.377525122553981518e-02,-3.123086853831625112e-02,-2.451997337820310818e-02,-2.490663359154599021e-02,-1.725376354068508533e-02,-1.848890155319127607e-02,-2.985658076282016182e-02,-1.975945053907102525e-02,-1.477758589988666937e+00,3.175653640496591268e-01,-4.726541325761914741e-02,-1.779635621632739140e+00,3.233331447840656625e-01,1.122234108424702281e-01,-1.971231155099554488e+00,-6.804648872988048325e-01,2.196979897662346137e-02,-1.044158582026936566e+00,-7.411144526009959543e-01,5.385524428752849202e-01
3.220000000000000639e-01,4.213457676557785109e-02,2.166209849307978649e-02,8.668529815090586510e-03,-9.531965250543894541e-03,-2.658308659235621846e-02,-3.147124145626278846e-02,-2.987727341596979613e-02,-3.218612283918753647e-02,-3.039701726546928384e-02,-3.068066979475858602e-02,-3.302310892397786191e-02,-2.318301728676974705e-02,-1.984089082955176053e-02,2.090496212548309529e-03,2.670516246682064221e-02,2.316257268378763001e-02,2.313741064344032594e-02,4.368925200425444189e-02,8.281038249285455066e-02,6.649795534328031832e-02,3.518048626704928933e-02,3.522094868258340838e-02,6.034006040380912594e-02,9.820806714737306820e-02,5.962350820023631925e-02,1.021538801488697246e-01,1.159018552926562862e-01,7.381369545678274913e-02,5.256596017066873100e-02,4.145291292535890904e-02,1.849329910939623289e-02,-3.397355676892566123e-02,-3.153551417378519517e-02,-2.415397375791883405e-02,-2.503489034680140071e-02,-1.733831983852330075e-02,-1.850878135810152259e-02,-2.986390699805685500e-02,-1.996339501748778389e-02,-1.479672865542006388e+00,3.168125930274628965e-01,-4.766964066567563885e-02,-1.778840645254205377e+00,3.259016049518472791e-01,1.106911339753284956e-01,-1.971466132583959308e+00,-6.799430151898522290e-01,2.102974878850563667e-02,-1.047518857649709867e+00,-7.366348536287935511e-01,5.335684474035835567e-01
3.230000000000000648e-01,4.295732639493099470e-02,2.174638520505769654e-02,8.842254581557185134e-03,-9.208203293121997035e-03,-2.633742142672293104e-02,-3.150775006095640762e-02,-3.012551211585057231e-02,-3.228554698174734838e-02,-3.076957916357780931e-02,-3.199687467915746097e-02,-3.406201044274403955e-02,-2.357028539153072089e-02,-2.011713629269840098e-02,8.293573506450435673e-04,2.564027708186999988e-02,2.257040595547854522e-02,2.294917493707648859e-02,4.292259908363638132e-02,8.262539579679994972e-02,6.655489982729559384e-02,3.511505788940905148e-02,3.560379332600671631e-02,6.058724052591557552e-02,9.798314660534801490e-02,5.858099166606756808e-02,1.028896311148086440e-01,1.168117904479313296e-01,7.529427608953208340e-02,5.334833802324601137e-02,4.177140237370435827e-02,1.854439137293573125e-02,-3.416149172991156391e-02,-3.182791552484953712e-02,-2.378187155441535694e-02,-2.516246761082596706e-02,-1.742601536596666278e-02,-1.852557186651448973e-02,-2.986234820345990207e-02,-2.016141493204948176e-02,-1.481627417915001521e+00,3.160478483108317693e-01,-4.806967354544237903e-02,-1.778042044229000807e+00,3.285561845851714957e-01,1.090262964803221934e-01,-1.971773382226626570e+00,-6.795054431402791639e-01,2.024636587945416455e-02,-1.050872138279012935e+00,-7.319711461882315584e-01,5.283756987607047817e-01
3.240000000000000657e-01,4.376472727711311350e-02,2.181472367873940263e-02,9.016267170428360345e-03,-8.874229498338159772e-03,-2.607203640566549060e-02,-3.152814487008415156e-02,-3.036942113584828462e-02,-3.237652979656413521e-02,-3.112791109111157084e-02,-3.330582285342131854e-02,-3.508937540543177747e-02,-2.394900816373013441e-02,-2.038182542655242457e-02,-4.322539791510315865e-04,2.459746611072022304e-02,2.198487834457951706e-02,2.275969607993167179e-02,4.213996737466940701e-02,8.241780530115194736e-02,6.659190650772675579e-02,3.503930888255135656e-02,3.598951837096064921e-02,6.083962665536768455e-02,9.775248996787277989e-02,5.752456976939912536e-02,1.035938226988859651e-01,1.176608144667272704e-01,7.674486419997972320e-02,5.411251005794826680e-02,4.207800724635513134e-02,1.858927450604452858e-02,-3.433935239736296552e-02,-3.210834246713112350e-02,-2.340420809840759730e-02,-2.528934212297206940e-02,-1.751658667200128860e-02,-1.853886378617852770e-02,-2.985190411499072383e-02,-2.035311631257208376e-02,-1.483619459785589401e+00,3.152709381943217815e-01,-4.846371489023287155e-02,-1.777237627477940007e+00,3.312917687272846079e-01,1.072212198658091670e-01,-1.972156834506399559e+00,-6.791702232284981822e-01,1.963533701844769053e-02,-1.054215232064769081e+00,-7.271259955380288131e-01,5.229843720038888089e-01
3.249999999999999556e-01,4.455662048609810438e-02,2.186736763389365151e-02,9.190380399469066930e-03,-8.530261722434762106e-03,-2.578736163169838974e-02,-3.153266503858809244e-02,-3.060916582281336673e-02,-3.245903718155584289e-02,-3.147192214717398073e-02,-3.460735175680885317e-02,-3.610497771511411713e-02,-2.431885756167373458e-02,-2.063472863375981001e-02,-1.694646238955765938e-03,2.357714357317464149e-02,2.140640716974884228e-02,2.256926204633646904e-02,4.134163688534630426e-02,8.218769302735572102e-02,6.660874546662245987e-02,3.495288436641041940e-02,3.637693962832865696e-02,6.109667602784708135e-02,9.751639791930255541e-02,5.645585141629760884e-02,1.042671749789354368e-01,1.184491884319514021e-01,7.816490021511013353e-02,5.485831381577589011e-02,4.237303285924953755e-02,1.862819249995295579e-02,-3.450743488650465096e-02,-3.237706460730827018e-02,-2.302152365785925525e-02,-2.541549269278320367e-02,-1.760977071693536899e-02,-1.854824821167566640e-02,-2.983257479494971429e-02,-2.053810677556588971e-02,-1.485646195868842501e+00,3.144816775832639522e-01,-4.885004820467076653e-02,-1.776425212475896798e+00,3.341032220963062183e-01,1.052679748765189688e-01,-1.972620397569765149e+00,-6.789554705533613621e-01,1.921230456966011024e-02,-1.057544939320194777e+00,-7.221022196313711117e-01,5.174046314082486608e-01
3.259999999999999565e-01,4.533284735023393464e-02,2.190457089233754928e-02,9.364407141668085188e-03,-8.176518412663646984e-03,-2.548382836832832274e-02,-3.152154920221850176e-02,-3.084491168711123166e-02,-3.253303553223396705e-02,-3.180152151808046668e-02,-3.590129921033557991e-02,-3.710859193207260986e-02,-2.467950657803985592e-02,-2.087561595227782618e-02,-2.958128762382106203e-03,2.257972263275309296e-02,2.083541093572938152e-02,2.237816227468947261e-02,4.052788601698198434e-02,8.193514234451626521e-02,6.660518583882547861e-02,3.485543004984936744e-02,3.676487434269537502e-02,6.135784373434915312e-02,9.727517175580979725e-02,5.537644555387233325e-02,1.049104093644022129e-01,1.191771762202549073e-01,7.955382309861125378e-02,5.558558832221471846e-02,4.265678462838451424e-02,1.866139058867277711e-02,-3.466603511289756412e-02,-3.263435125644642554e-02,-2.263435740143648900e-02,-2.554090016400056493e-02,-1.770530487491184246e-02,-1.855331668468451420e-02,-2.980436064215385983e-02,-2.071599554302006041e-02,-1.487704822786995562e+00,3.136798868494276582e-01,-4.922704414552938473e-02,-1.775602625518700517e+00,3.369853801370612523e-01,1.031584164721923019e-01,-1.973167957667209205e+00,-6.788793005303892514e-01,1.899272534359922049e-02,-1.060858050908951133e+00,-7.169028085162816311e-01,5.116466385466080791e-01
3.269999999999999574e-01,4.609324945293583053e-02,2.192658737938479874e-02,9.538160348478099196e-03,-7.813218597521487396e-03,-2.516186902541406312e-02,-3.149503548808165604e-02,-3.107682440742731700e-02,-3.259849174177364278e-02,-3.211661848336121866e-02,-3.718750341572230056e-02,-3.809999327124602431e-02,-2.503062926518317965e-02,-2.110425705331531177e-02,-4.223011713330837580e-03,2.160561558545071037e-02,2.027230927834544616e-02,2.218668770825882319e-02,3.969899150636635454e-02,8.166023791043919289e-02,6.658099580227316849e-02,3.474659228398226801e-02,3.715214123367083232e-02,6.162258276833076920e-02,9.702911339317754624e-02,5.428796117424683487e-02,1.055242485621494808e-01,1.198450445077563348e-01,8.091107034828093347e-02,5.629417407897596703e-02,4.292956807677716924e-02,1.868911524705518454e-02,-3.481544876830523078e-02,-3.288047140458738582e-02,-2.224324736649130677e-02,-2.566554737525983398e-02,-1.780292693727059117e-02,-1.855366125098267815e-02,-2.976726240029581305e-02,-2.088639346230669602e-02,-1.489792528980915076e+00,3.128653915218996273e-01,-4.959316729216206587e-02,-1.774767701967503886e+00,3.399330401126414158e-01,1.008842213290142564e-01,-1.973803379623215726e+00,-6.789597647034719685e-01,1.899172434406826149e-02,-1.064151346732410852e+00,-7.115309420336315416e-01,5.057205605790964231e-01
3.279999999999999583e-01,4.683766863309492962e-02,2.193367112546118491e-02,9.711453072585474189e-03,-7.440581876816398932e-03,-2.482191714379355929e-02,-3.145336152602087182e-02,-3.130506983548109190e-02,-3.265537320042843916e-02,-3.241712242178883957e-02,-3.846580295407209249e-02,-3.907895759913015965e-02,-2.537190075902717376e-02,-2.132042123956479074e-02,-5.489606043706185545e-03,2.065523385122736144e-02,1.971752290814920983e-02,2.199513083316961826e-02,3.885522837391430784e-02,8.136306561001749316e-02,6.653594257025785552e-02,3.462601811286195042e-02,3.753756053279699856e-02,6.189034407663517728e-02,9.677852537319074633e-02,5.319200731868711091e-02,1.061094165393288297e-01,1.204530627682749433e-01,8.223607799672105756e-02,5.698391305299921328e-02,4.319168884140500708e-02,1.871161418678735089e-02,-3.495597129842709094e-02,-3.311569369673117436e-02,-2.184873043122337322e-02,-2.578941911793508623e-02,-1.790237511687609029e-02,-1.854887451389775066e-02,-2.972128116458306116e-02,-2.104891302732037062e-02,-1.491906494662857074e+00,3.120380228111174215e-01,-4.994698304910918929e-02,-1.773918286470428596e+00,3.429409522460752369e-01,9.843692802111338180e-02,-1.974530507337148411e+00,-6.792147852226126936e-01,1.922394443991487512e-02,-1.067421594316976474e+00,-7.059900057229343551e-01,4.996365786469399994e-01
3.289999999999999591e-01,4.756594698521279113e-02,2.192607626786724495e-02,9.884098490197779086e-03,-7.058828411553808024e-03,-2.446440737923305520e-02,-3.139676446082908384e-02,-3.152981400065169026e-02,-3.270364779426904178e-02,-3.270294281742058828e-02,-3.973603678428716535e-02,-4.004526143011943873e-02,-2.570299730158698281e-02,-2.152387744372852296e-02,-6.758223450127776033e-03,1.972898796807509569e-02,1.917147355292003752e-02,2.180378571356555994e-02,3.799686987782990855e-02,8.104371249123953902e-02,6.646979238564830472e-02,3.449335532148392613e-02,3.791995401596048865e-02,6.216057661407958790e-02,9.652371086869981909e-02,5.209019308200124598e-02,1.066666384834764475e-01,1.210015032641589272e-01,8.352828061522110659e-02,5.765464866277759254e-02,4.344345268019944584e-02,1.872913635047135372e-02,-3.508789788250155084e-02,-3.334028641019770589e-02,-2.145134229117040547e-02,-2.591250209110462777e-02,-1.800338805349355198e-02,-1.853854968429491379e-02,-2.966641838648698126e-02,-2.120316840103431133e-02,-1.494043891810263647e+00,3.111976189642676194e-01,-5.028716468402560230e-02,-1.773052233161284574e+00,3.460038109249847782e-01,9.580798002180877793e-02,-1.975353164312189769e+00,-6.796620881972563755e-01,1.970339310985999570e-02,-1.070665547501580717e+00,-7.002836048493403798e-01,4.934048962598502897e-01
3.299999999999999600e-01,4.827792685926570598e-02,2.190405705268894110e-02,1.005590992284854934e-02,-6.668178913666444885e-03,-2.408977548569480112e-02,-3.132548096527389830e-02,-3.175122311452271973e-02,-3.274328390324399152e-02,-3.297398926565531241e-02,-4.099804424121433755e-02,-4.099868192232269948e-02,-2.602359626213290866e-02,-2.171439422734300351e-02,-8.029176329745981236e-03,1.882728758857066254e-02,1.863458389912109325e-02,2.161294802404700385e-02,3.712418747426849547e-02,8.070226669907976103e-02,6.638231051706711128e-02,3.434825248109543011e-02,3.829814503118900149e-02,6.243272740160810130e-02,9.626497368741702976e-02,5.098412761734705256e-02,1.071966407600139920e-01,1.214906410297116324e-01,8.478711132079741475e-02,5.830622576201127671e-02,4.368516547918810389e-02,1.874193190386286637e-02,-3.521152341479938386e-02,-3.355451743334159076e-02,-2.105161743978856137e-02,-2.603478485407428877e-02,-1.810570482020512628e-02,-1.852228062689720636e-02,-2.960267587681730816e-02,-2.134877543930846500e-02,-1.496201884200234700e+00,3.103440274506373830e-01,-5.061250050473748568e-02,-1.772167405835087139e+00,3.491162459849595501e-01,9.298877164412755469e-02,-1.976275154209412577e+00,-6.803191361908220713e-01,2.044328752315582864e-02,-1.073879945225665544e+00,-6.944155764697778066e-01,4.870357475630604505e-01
3.309999999999999609e-01,4.897345086031482109e-02,2.186786783684002700e-02,1.022670085869270551e-02,-6.268854635576914802e-03,-2.369845829796846104e-02,-3.123974725394365257e-02,-3.196946357534091732e-02,-3.277425039856440847e-02,-3.323017147927886938e-02,-4.225166503351784897e-02,-4.193899687288515921e-02,-2.633337615701680789e-02,-2.189173977989788966e-02,-9.302777735250787258e-03,1.795054147879371342e-02,1.810727753246954563e-02,2.142291507940674231e-02,3.623745078343088011e-02,8.033881740756942946e-02,6.627326125702603932e-02,3.419035899180158239e-02,3.867095852177904192e-02,6.270624158786917979e-02,9.600261827450840002e-02,4.987542014160206705e-02,1.077001508672559282e-01,1.219207538473621177e-01,8.601200178621581927e-02,5.893849062068667877e-02,4.391713325981117660e-02,1.875025222642934253e-02,-3.532714248794999179e-02,-3.375865424573198936e-02,-2.065008915311139157e-02,-2.615625777647867523e-02,-1.820906493100071799e-02,-1.849966190290119883e-02,-2.953005580695355903e-02,-2.148535171624610038e-02,-1.498377627484220209e+00,3.094771079759683907e-01,-5.092190118000207433e-02,-1.771261678100070291e+00,3.522728140905103111e-01,8.997069701734644598e-02,-1.977300261424078442e+00,-6.812030601748104708e-01,2.145589932664293542e-02,-1.077061510418099832e+00,-6.883899994621606178e-01,4.805394053685523859e-01
3.319999999999999618e-01,4.965236184784085904e-02,2.181776309022653848e-02,1.039628497330369154e-02,-5.861077359613276784e-03,-2.329089371367309980e-02,-3.113979909789612449e-02,-3.218470197238643138e-02,-3.279651663940219564e-02,-3.347139929451703466e-02,-4.349673924127861468e-02,-4.286598471280722578e-02,-2.663201666819325908e-02,-2.205568191826889901e-02,-1.057934132914928327e-02,1.709915751944546258e-02,1.758997887778246394e-02,2.123398586171454383e-02,3.533692756158401949e-02,7.995345475030646298e-02,6.614240792201186991e-02,3.401932512243213691e-02,3.903722104466966769e-02,6.298056251416550566e-02,9.573694971403057252e-02,4.876567994137870343e-02,1.081778973891638351e-01,1.222921222166002408e-01,8.720238225296927936e-02,5.955129090356647142e-02,4.413966218649312961e-02,1.875434990024471560e-02,-3.543504937809593275e-02,-3.395296389967450423e-02,-2.024728947843223992e-02,-2.627691298625878247e-02,-1.831320834946881249e-02,-1.847028880888812452e-02,-2.944856070827084338e-02,-2.161251655086227075e-02,-1.500568269302353208e+00,3.085967363254076279e-01,-5.121440720936312752e-02,-1.770332933505857520e+00,3.554679902358979793e-01,8.674520217077769102e-02,-1.978432251681211174e+00,-6.823305913095794040e-01,2.275240060817579346e-02,-1.080206948987653570e+00,-6.822112024490180060e-01,4.739261888354253660e-01
3.329999999999999627e-01,5.031450293485597441e-02,2.175399739801564536e-02,1.056447614995015098e-02,-5.445069387266965322e-03,-2.286752067466890290e-02,-3.102587184011198693e-02,-3.239710509026583196e-02,-3.281005246890611460e-02,-3.369758267706136207e-02,-4.473310731331814338e-02,-4.377942450130101193e-02,-2.691919866045556012e-02,-2.220598808646379041e-02,-1.185918133740049112e-02,1.627354270910119638e-02,1.708311313816901142e-02,2.104646104481622260e-02,3.442288367890933981e-02,7.954626974967071718e-02,6.598951285453535931e-02,3.383480204770730054e-02,3.939576078401829662e-02,6.325513178262109903e-02,9.546827372927024769e-02,4.765651637982282196e-02,1.086306099459743851e-01,1.226050293158098548e-01,8.835768154708212307e-02,6.014447564613600861e-02,4.435305857451066203e-02,1.875447869730040296e-02,-3.553553803184517079e-02,-3.413771300318568791e-02,-1.984374922682618711e-02,-2.639674431557326173e-02,-1.841787549878137753e-02,-1.843375741179853478e-02,-2.935819346984125389e-02,-2.172989103520350795e-02,-1.502770949436746273e+00,3.077028090352829648e-01,-5.148919654842579186e-02,-1.769379065647438409e+00,3.586961593918149283e-01,8.330384026757724214e-02,-1.979674872647509520e+00,-6.837179929631356234e-01,2.434271259543013821e-02,-1.083312948915755802e+00,-6.758837695559576364e-01,4.672064706867629091e-01
3.339999999999999636e-01,5.095971748675356267e-02,2.167682546301064397e-02,1.073108849934945042e-02,-5.021053528310392977e-03,-2.242877914788676819e-02,-3.089820041173510154e-02,-3.260683991312074426e-02,-3.281482820952819068e-02,-3.390863172808433745e-02,-4.596061006423779460e-02,-4.467909591969609906e-02,-2.719460419740737933e-02,-2.234242535568187193e-02,-1.314261250250225999e-02,1.547410316942787745e-02,1.658710623373460535e-02,2.086064301628142922e-02,3.349558310310962739e-02,7.911735424503563152e-02,6.581433742712806956e-02,3.363644188269379609e-02,3.974540755991418095e-02,6.352938932751195367e-02,9.519689668204467381e-02,4.654953890426316576e-02,1.090590191428946198e-01,1.228597609571142613e-01,8.947732709766675896e-02,6.071789522798454186e-02,4.455762889817460604e-02,1.875089356531622897e-02,-3.562890205498625562e-02,-3.431316770433667784e-02,-1.943999796951656478e-02,-2.651574724490846080e-02,-1.852280727283428519e-02,-1.838966458008961524e-02,-2.925895733430428081e-02,-2.183709806378075768e-02,-1.504982800002943710e+00,3.067952488946626421e-01,-5.174559239688793222e-02,-1.768397978244572455e+00,3.619516083277639074e-01,7.963832999990001771e-02,-1.981031854556690952e+00,-6.853809934186554376e-01,2.623535872580928796e-02,-1.086376179452414936e+00,-6.694125439559721613e-01,4.603906838547776048e-01
3.349999999999999645e-01,5.158784911993421346e-02,2.158650210810497683e-02,1.089593637889407773e-02,-4.589253089769318450e-03,-2.197511010561337130e-02,-3.075701934909982546e-02,-3.281407362874855238e-02,-3.281081465767021754e-02,-3.410445669021866522e-02,-4.717908867117914795e-02,-4.556477926490920538e-02,-2.745791655621010463e-02,-2.246476042469769396e-02,-1.442995003609315145e-02,1.470124415224161041e-02,1.610238473988978569e-02,2.067683589686719614e-02,3.255528788869366252e-02,7.866680082020183207e-02,6.561664204830686131e-02,3.342389771456710790e-02,4.008499283222668325e-02,6.380277348963669937e-02,9.492312557099767678e-02,4.544635705482402699e-02,1.094638565170371614e-01,1.230566055343467330e-01,9.056074495813293268e-02,6.127140134366148433e-02,4.475367979938393859e-02,1.874385061206185546e-02,-3.571543470292892763e-02,-3.447959367701169953e-02,-1.903656403796105678e-02,-2.663391884539790047e-02,-1.862774504870534642e-02,-1.833760801085215775e-02,-2.915085589199550853e-02,-2.193376236427501888e-02,-1.507200945678618842e+00,3.058740112784367748e-01,-5.198307115776247544e-02,-1.767387585196247057e+00,3.652285176440643877e-01,7.574061712208227104e-02,-1.982506910845397208e+00,-6.873347197554136034e-01,2.843732378533833649e-02,-1.089393290416263760e+00,-6.628026291628608124e-01,4.534893274524662288e-01
3.359999999999999654e-01,5.219874170019547094e-02,2.148328227881846075e-02,1.105883441134247747e-02,-4.149891864760224536e-03,-2.150695550523984423e-02,-3.060256281153275054e-02,-3.301897363265071661e-02,-3.279798307763925891e-02,-3.428496795350754328e-02,-4.838838467029660251e-02,-4.643625544249951193e-02,-2.770882024111953612e-02,-2.257275962057381236e-02,-1.572150957115248104e-02,1.395537004830771366e-02,1.562937582535717240e-02,2.049534555752963172e-02,3.160225817181494534e-02,7.819470273034090368e-02,6.539618617049081095e-02,3.319682363173147993e-02,4.041334969953272460e-02,6.407472109365075497e-02,9.464726802895340185e-02,4.434858047405842996e-02,1.098458544828058159e-01,1.231958539643023265e-01,9.160735982996293103e-02,6.180484697095556257e-02,4.494151809656354857e-02,1.873360708819271636e-02,-3.579542887285303010e-02,-3.463725610797974142e-02,-1.863397452756032635e-02,-2.675125771957498344e-02,-1.873243070036201274e-02,-1.827718625295382537e-02,-2.903389307327897129e-02,-2.201951052942696663e-02,-1.509422503968474549e+00,3.049390913145630377e-01,-5.220127057744198412e-02,-1.766345810609798228e+00,3.685209540515805293e-01,7.160293906057239866e-02,-1.984103738796850092e+00,-6.895936334160986947e-01,3.095392085981421570e-02,-1.092360911599812079e+00,-6.560593880507871178e-01,4.465129719784033946e-01
