# Blender 4.3.2
# www.blender.org
mtllib link2.mtl
o link2
v 0.002501 0.000452 -0.021503
v 0.003843 0.001865 -0.021494
v 0.003779 -0.001513 -0.021406
v 0.000649 -0.002194 -0.021495
v 0.001216 -0.003769 -0.021429
v -0.001867 -0.003405 -0.021379
v -0.000603 0.002472 -0.021504
v 0.000772 0.004131 -0.021398
v -0.003085 0.002785 -0.021422
v -0.002113 -0.000891 -0.021495
v -0.003784 -0.001142 -0.021454
v -0.008111 0.005358 -0.019526
v -0.005230 0.004875 -0.019523
v 0.000758 0.007502 -0.019434
v -0.000821 0.007716 -0.019510
v -0.002925 -0.009325 -0.019544
v -0.009799 0.000518 -0.019521
v -0.005940 -0.004605 -0.019550
v -0.007215 -0.000398 -0.019471
v -0.008532 -0.000727 -0.019438
v -0.007384 0.000994 -0.019421
v -0.008707 0.000633 -0.019508
v -0.007946 -0.005492 -0.019526
v -0.004855 -0.004941 -0.019463
v -0.001491 -0.003867 -0.019603
v -0.006535 -0.005721 -0.019487
v -0.004975 -0.006411 -0.019529
v 0.004390 -0.008889 -0.019561
v 0.001007 -0.008191 -0.019414
v 0.002185 -0.003352 -0.019597
v 0.000121 -0.006891 -0.019502
v -0.000876 -0.008242 -0.019474
v 0.005764 -0.004567 -0.019563
v 0.004711 -0.005465 -0.019397
v 0.005634 -0.006478 -0.019477
v 0.006746 -0.005576 -0.019482
v 0.009528 -0.002764 -0.019532
v 0.008714 -0.000661 -0.019413
v 0.007506 0.000888 -0.019493
v 0.009083 0.004436 -0.019518
v 0.008577 0.000863 -0.019461
v 0.007212 -0.000321 -0.019507
v 0.004891 0.005353 -0.019457
v 0.005941 0.004806 -0.019527
v 0.006711 0.005669 -0.019465
v 0.006163 0.006654 -0.019519
v 0.005069 0.006459 -0.019555
v -0.004815 0.008649 -0.019552
v 0.002327 0.009872 -0.019527
v 0.000170 0.009075 -0.019468
v -0.005129 0.006652 -0.019427
v -0.006556 0.005954 -0.019477
v 0.003865 -0.001361 -0.019596
v 0.003624 0.002361 -0.019595
v -0.003031 0.002721 -0.019596
v -0.004035 -0.000111 -0.019596
v -0.000167 0.004250 -0.019591
v 0.008964 0.010169 -0.017485
v 0.029466 0.011084 -0.017599
v 0.009563 0.002515 -0.017596
v -0.009322 -0.008729 -0.017598
v -0.010144 -0.012409 -0.017600
v -0.011143 -0.012012 -0.017434
v -0.009054 -0.014042 -0.017450
v -0.006956 -0.013143 -0.017596
v 0.031263 -0.013278 -0.017596
v 0.033722 -0.012829 -0.017599
v 0.033209 -0.014149 -0.017435
v 0.035203 -0.012041 -0.017512
v 0.010438 -0.013752 -0.017596
v 0.034302 -0.009597 -0.017591
v 0.034036 0.009369 -0.017596
v 0.035304 0.012205 -0.017436
v 0.034360 0.012084 -0.017596
v 0.033185 0.014243 -0.017473
v 0.032252 0.013630 -0.017595
v 0.010443 0.013948 -0.017596
v -0.008488 0.013623 -0.017600
v -0.009040 0.014339 -0.017435
v -0.011032 0.012225 -0.017522
v -0.007826 0.006106 -0.017595
v -0.008229 0.008668 -0.017597
v -0.010465 0.010757 -0.017599
v -0.009647 0.001485 -0.017596
v -0.005622 0.009916 -0.017598
v -0.002497 0.009684 -0.017594
v -0.005913 0.012650 -0.017596
v 0.017217 -0.004948 -0.017596
v 0.029565 -0.011516 -0.017597
v 0.030998 -0.008616 -0.017600
v 0.031582 0.008643 -0.017597
v 0.008927 0.012004 -0.017503
v 0.007179 0.011973 -0.017440
v 0.007420 0.006725 -0.017593
v 0.002955 0.009517 -0.017597
v 0.007185 0.010258 -0.017505
v -0.007028 -0.008572 -0.017596
v -0.005550 -0.007931 -0.017596
v -0.008940 -0.003938 -0.017594
v -0.001281 -0.009611 -0.017596
v -0.005374 -0.010823 -0.017599
v 0.004142 -0.008904 -0.017594
v 0.009523 -0.003395 -0.017607
v 0.009215 -0.011144 -0.017439
v 0.008241 -0.009722 -0.017489
v 0.006827 -0.010772 -0.017433
v 0.008080 -0.012088 -0.017456
v -0.007164 -0.000317 -0.017582
v -0.008740 -0.000133 -0.017587
v -0.007749 0.001002 -0.017597
v -0.004728 0.005870 -0.017584
v -0.006167 0.006381 -0.017584
v -0.005930 0.004999 -0.017595
v -0.000659 0.007670 -0.017589
v 0.000189 0.008958 -0.017588
v 0.000906 0.007775 -0.017596
v 0.006619 0.005644 -0.017591
v 0.004925 0.005332 -0.017601
v 0.005498 0.006569 -0.017595
v 0.007214 0.000196 -0.017597
v 0.008216 -0.000807 -0.017593
v 0.008594 0.000829 -0.017587
v 0.005393 -0.004907 -0.017570
v 0.006112 -0.006249 -0.017579
v -0.000402 -0.008557 -0.017584
v -0.000052 -0.007000 -0.017593
v 0.000924 -0.007843 -0.017598
v -0.006484 -0.005641 -0.017588
v -0.004983 -0.004872 -0.017590
v -0.005048 -0.006200 -0.017595
v -0.006681 0.011738 -0.014797
v -0.005321 0.010944 -0.014793
v -0.007292 0.009823 -0.014797
v -0.007434 0.008674 -0.014794
v -0.009167 0.010602 -0.014797
v -0.009622 0.009363 -0.014797
v -0.010292 0.012100 -0.014795
v -0.008444 0.012448 -0.014799
v 0.030900 -0.010197 -0.014797
v 0.032876 -0.009769 -0.014795
v 0.032417 -0.008514 -0.014796
v 0.034629 -0.010572 -0.014792
v 0.033313 -0.011488 -0.014797
v 0.033075 -0.013212 -0.014797
v 0.030162 -0.012682 -0.014794
v 0.030095 -0.009311 -0.014794
v 0.029899 0.012358 -0.014795
v 0.033359 0.013332 -0.014794
v 0.033221 0.011892 -0.014797
v 0.034343 0.009833 -0.014794
v 0.032611 0.009668 -0.014798
v 0.030808 0.008719 -0.014800
v 0.030792 0.011710 -0.014799
v -0.005475 -0.010193 -0.014793
v -0.007261 -0.012193 -0.014796
v -0.006886 -0.013242 -0.014805
v -0.009782 -0.012601 -0.014798
v -0.009402 -0.010587 -0.014794
v -0.010298 -0.010085 -0.014797
v -0.008199 -0.008317 -0.014793
v -0.007087 -0.009726 -0.014797
v -0.008955 0.014335 0.016276
v -0.011077 0.012295 0.016263
v 0.008114 0.014253 0.016370
v 0.021103 0.009475 0.007903
v 0.021114 0.014325 0.007903
v 0.008104 0.009503 0.007903
v 0.008114 0.014353 0.007903
v 0.033255 0.014249 0.016261
v 0.021113 0.014211 0.016346
v 0.035297 0.012104 0.016299
v 0.035269 -0.012085 0.016264
v 0.033120 -0.014147 0.016275
v 0.021054 -0.014120 0.016309
v -0.009063 -0.014072 0.016283
v 0.008054 -0.014025 0.016370
v -0.011121 -0.011939 0.016279
v -0.011159 0.003644 0.012903
v -0.009359 0.003640 0.012903
v -0.011012 0.003643 0.016345
v -0.009320 0.003469 0.016397
v -0.010989 -0.003357 0.016311
v -0.009373 -0.003360 0.012903
v -0.011173 -0.003356 0.012903
v 0.007726 -0.011936 -0.014593
v 0.008357 -0.009792 -0.014594
v 0.009077 -0.011292 -0.014596
v 0.007037 -0.010582 -0.014596
v 0.009081 0.011696 -0.014593
v 0.007802 0.009974 -0.014594
v 0.007297 0.011827 -0.014593
v 0.010139 -0.000513 0.015398
v 0.008051 -0.005536 0.015904
v 0.008092 0.005821 0.015735
v 0.015596 0.006187 0.013203
v 0.018837 0.009413 0.013003
v 0.008103 0.009370 0.013114
v 0.015571 -0.006013 0.013203
v 0.008064 -0.009112 0.013111
v 0.018797 -0.009253 0.013003
v 0.008064 -0.009297 0.007903
v 0.021064 -0.009324 0.007903
v 0.018864 -0.009320 0.016403
v 0.021064 -0.009324 0.016403
v 0.029899 0.012358 0.016402
v 0.015571 -0.006013 0.016403
v 0.015596 0.006187 0.016403
v 0.020447 0.009692 0.016404
v 0.030162 -0.012682 0.016403
v 0.030095 -0.009311 0.016406
v 0.033359 0.013332 0.016408
v 0.034343 0.009833 0.016406
v 0.032417 -0.008514 0.016403
v 0.030808 0.008719 0.016400
v 0.034605 -0.010550 0.016409
v 0.033075 -0.013212 0.016403
v 0.002937 0.011364 -0.006642
v 0.004414 0.011357 -0.005525
v 0.004905 0.011357 -0.007384
v 0.027406 0.011312 0.004543
v 0.027665 0.011307 0.006430
v 0.029155 0.011295 0.004969
v 0.027445 0.011312 -0.007477
v 0.027521 0.011307 -0.005634
v 0.029160 0.011300 -0.007056
v 0.003008 0.011360 0.005445
v 0.004387 0.011357 0.006454
v 0.004895 0.011361 0.004543
v 0.032338 0.008397 -0.007630
v 0.032351 0.008697 -0.005675
v 0.032345 0.007040 -0.006052
v 0.032313 -0.009019 0.005123
v 0.032310 -0.008002 0.006537
v 0.032320 -0.007144 0.004601
v 0.032339 0.008411 0.004374
v 0.032351 0.008711 0.006307
v 0.032344 0.007072 0.005909
v 0.032316 -0.006937 -0.006056
v 0.032312 -0.008819 -0.005882
v 0.032311 -0.008096 -0.007712
v 0.005092 -0.011136 -0.006251
v 0.003024 -0.011132 -0.006804
v 0.004418 -0.011140 -0.007641
v 0.003786 -0.011139 -0.005540
v 0.028646 -0.011191 0.006362
v 0.026908 -0.011180 0.005417
v 0.028859 -0.011191 0.004589
v 0.028646 -0.011191 -0.005638
v 0.026896 -0.011184 -0.006560
v 0.028810 -0.011189 -0.007370
v 0.004036 -0.011143 0.006513
v 0.005030 -0.011141 0.004875
v 0.003268 -0.011119 0.004666
v -0.008186 -0.008961 -0.006473
v -0.008179 -0.007093 -0.005811
v -0.008175 -0.007819 -0.007721
v -0.008150 0.007629 -0.005598
v -0.008142 0.009158 -0.006529
v -0.008138 0.007368 -0.007473
v -0.010934 0.003543 0.016328
v -0.011023 -0.003257 0.016303
v -0.009666 0.000141 0.016403
v -0.006598 0.011639 0.013603
v -0.006775 0.013552 0.013607
v -0.008304 0.012457 0.013604
v -0.010075 0.012369 0.013599
v -0.009257 0.011007 0.013603
v -0.009282 0.008843 0.013608
v -0.007656 0.009709 0.013603
v -0.005622 0.009916 0.013601
v -0.005376 -0.010840 0.013601
v -0.007033 -0.009718 0.013604
v -0.007898 -0.008213 0.013606
v -0.009382 -0.011006 0.013604
v -0.010493 -0.010890 0.013600
v -0.007994 -0.013507 0.013604
v -0.007335 -0.012134 0.013604
v -0.011159 0.003544 0.013003
v -0.009459 0.003540 0.013003
v -0.009473 -0.003260 0.013003
v -0.011173 -0.003256 0.013003
v -0.007970 -0.000824 0.018279
v -0.008172 -0.000434 0.016054
v -0.009260 0.000071 0.018385
v -0.008427 0.000797 0.016313
v -0.007905 0.001145 0.018298
v -0.005556 -0.006291 0.016225
v -0.006459 -0.005961 0.018236
v -0.006117 -0.004858 0.016324
v -0.006103 -0.004729 0.018361
v 0.000901 -0.008250 0.018288
v 0.000790 -0.008221 0.016233
v -0.000780 -0.008417 0.018318
v -0.000762 -0.008065 0.016316
v 0.006579 -0.005077 0.018329
v 0.006462 -0.005068 0.016314
v 0.006446 -0.006235 0.018338
v 0.005786 -0.006113 0.015985
v 0.005059 -0.006298 0.018349
v 0.008700 0.000881 0.018307
v 0.007785 0.000566 0.015999
v 0.008855 0.000437 0.016303
v 0.008807 -0.000532 0.018312
v 0.007628 -0.000643 0.016302
v 0.007595 -0.000732 0.018247
v 0.005777 0.006713 0.018261
v 0.006647 0.005831 0.016369
v 0.006710 0.006017 0.018302
v 0.006195 0.004911 0.018347
v -0.000683 0.008694 0.018292
v -0.000637 0.008658 0.016375
v 0.000549 0.008981 0.018299
v 0.000473 0.008493 0.015991
v 0.000897 0.007592 0.018201
v -0.006446 0.005797 0.016393
v -0.006553 0.005814 0.018325
v -0.005267 0.006822 0.018289
v -0.005418 0.006645 0.016375
v -0.005158 -0.005187 0.015997
v -0.000000 -0.007322 0.016008
v 0.005779 0.005199 0.016019
v -0.005185 0.005294 0.016046
v -0.006824 0.010546 -0.010375
v -0.007044 0.012060 -0.010358
v -0.008422 0.012232 -0.010346
v -0.009122 0.011168 -0.010395
v -0.008136 0.009871 -0.010391
v 0.032895 -0.011858 -0.010399
v 0.033050 -0.010193 -0.010333
v 0.031646 -0.009812 -0.010404
v 0.030862 -0.010649 -0.010433
v 0.031307 -0.011954 -0.010291
v 0.032712 0.009912 -0.010393
v 0.033323 0.011169 -0.010398
v 0.032475 0.012290 -0.010406
v 0.031170 0.011829 -0.010372
v 0.031068 0.010337 -0.010369
v -0.007005 -0.010081 -0.010398
v -0.008276 -0.009629 -0.010431
v -0.009202 -0.011156 -0.010380
v -0.007427 -0.012021 -0.010501
v -0.006769 -0.011163 -0.010360
v 0.032265 0.009681 0.013606
v 0.031582 0.008643 0.013603
v 0.034036 0.009369 0.013604
v 0.033477 0.011026 0.013603
v 0.032026 0.012408 0.013607
v 0.032252 0.013630 0.013605
v 0.029466 0.011084 0.013601
v 0.030776 0.010732 0.013603
v 0.032104 -0.013460 0.013597
v 0.033767 -0.011883 0.013599
v 0.033099 -0.010009 0.013603
v 0.031000 -0.008615 0.013600
v 0.031281 -0.009787 0.013603
v 0.029565 -0.011516 0.013603
v 0.031077 -0.012067 0.013604
v -0.007245 0.012152 0.007063
v -0.006791 0.010633 0.007175
v -0.007688 0.009945 0.007167
v -0.008806 0.010317 0.007150
v -0.008975 0.011787 0.007207
v -0.008447 -0.009727 0.007246
v -0.006941 -0.010122 0.007134
v -0.006927 -0.011609 0.007235
v -0.008272 -0.012076 0.007184
v -0.009153 -0.010724 0.007124
v -0.008574 0.011063 -0.001566
v -0.008207 0.010074 -0.002087
v -0.008127 0.012269 -0.002083
v -0.006847 0.010968 -0.002009
v 0.031628 -0.010393 -0.001588
v 0.032727 -0.011796 -0.001975
v 0.031025 -0.011295 -0.002080
v 0.032750 -0.010082 -0.002094
v 0.032520 0.010483 -0.001573
v 0.031043 0.010606 -0.002044
v 0.032561 0.011966 -0.001917
v -0.008492 -0.010736 -0.001566
v -0.008468 -0.011832 -0.002086
v -0.008033 -0.009765 -0.002096
v -0.006895 -0.011160 -0.001984
v 0.031584 0.012210 0.007158
v 0.033243 0.011597 0.007219
v 0.032711 0.009946 0.007157
v 0.030958 0.010562 0.007133
v 0.031080 -0.011686 0.007234
v 0.030998 -0.010259 0.007183
v 0.032622 -0.009819 0.007105
v 0.033233 -0.011373 0.007214
v 0.032311 -0.012225 0.007221
v -0.008593 0.011249 0.000409
v -0.008098 0.012212 0.000901
v -0.008468 0.010189 0.000894
v -0.006843 0.010990 0.000762
v -0.007938 -0.011567 0.000384
v -0.008097 -0.009802 0.000894
v -0.009038 -0.010946 0.000855
v -0.006848 -0.010815 0.000816
v 0.031951 0.010211 0.000505
v 0.031248 0.011724 0.000791
v 0.033206 0.011196 0.000817
v 0.032174 -0.011618 0.000388
v 0.031868 -0.009868 0.000800
v 0.031058 -0.011387 0.000890
v 0.033145 -0.011141 0.000885
v 0.000338 0.007359 0.016248
v 0.005188 0.006221 0.016160
v 0.004867 -0.005414 0.016333
v -0.007029 0.000178 0.016355
v 0.002313 -0.005791 0.017894
v -0.005689 -0.002283 0.018212
v -0.001091 0.006259 0.018083
v 0.005970 -0.001933 0.018189
v 0.005913 0.002464 0.018308
v 0.002882 0.005762 0.018125
v -0.004219 0.004589 0.018240
v -0.005989 0.001362 0.017908
v -0.002690 -0.005543 0.018246
v -0.004643 0.005398 0.018305
v -0.005818 0.004801 0.018321
v -0.000611 0.007474 0.018329
v 0.004760 0.005528 0.018342
v 0.007184 0.000458 0.018330
v 0.005158 -0.004849 0.018191
v 0.000024 -0.006821 0.018288
v -0.004832 -0.004918 0.018232
v -0.005109 -0.006393 0.018383
v -0.006956 0.000149 0.018317
v -0.005899 0.001508 0.018409
v 0.003331 -0.005311 0.018386
v -0.005081 -0.008257 0.018344
v 0.008794 -0.004365 0.018315
v 0.000164 0.009908 0.018322
v 0.004526 0.008819 0.018351
v 0.008222 0.005638 0.018381
v 0.009843 0.000382 0.018326
v 0.004717 -0.008695 0.018368
v -0.000551 -0.009583 0.018332
v -0.008696 -0.004251 0.018340
v -0.009027 0.003789 0.018323
v -0.005474 0.008264 0.018354
v -0.006827 -0.008483 0.016407
v -0.005519 -0.011171 0.016403
v -0.006865 -0.013223 0.016396
v -0.009689 -0.012629 0.016407
v -0.010282 -0.009802 0.016402
v -0.007185 0.013546 0.016405
v -0.005321 0.010944 0.016404
v -0.007434 0.008674 0.016412
v -0.010278 0.010072 0.016396
v -0.009476 0.013033 0.016403
v -0.006188 0.007784 0.016404
v 0.000572 0.010129 0.016412
v -0.009329 -0.003233 0.016405
v -0.004287 -0.008957 0.016410
v 0.005326 0.008373 0.016403
v 0.003991 -0.009067 0.016406
v -0.011004 0.007372 -0.005553
v -0.011067 0.009123 -0.005858
v -0.011038 0.009161 -0.007260
v -0.010999 0.007565 -0.007602
v -0.011087 -0.006665 -0.006262
v -0.011047 -0.007952 -0.005350
v -0.011058 -0.009071 -0.006741
v -0.011016 -0.007365 -0.007720
v 0.003792 -0.014043 0.006613
v 0.005197 -0.013978 0.005593
v 0.003613 -0.013978 0.004276
v 0.002893 -0.013970 0.005509
v 0.027062 -0.014065 -0.005782
v 0.028646 -0.014111 -0.005501
v 0.029238 -0.014075 -0.006783
v 0.028409 -0.014033 -0.007772
v 0.027241 -0.014145 -0.007561
v 0.027068 -0.013965 0.006210
v 0.029067 -0.014050 0.006033
v 0.028484 -0.014066 0.004186
v 0.027108 -0.014088 0.004670
v 0.003249 -0.014015 -0.005651
v 0.004914 -0.014051 -0.005785
v 0.005126 -0.014029 -0.007051
v 0.003393 -0.013987 -0.007569
v 0.035176 -0.008675 -0.005560
v 0.035226 -0.006966 -0.005902
v 0.035191 -0.007182 -0.007629
v 0.035231 -0.008931 -0.007382
v 0.035198 0.007281 0.006359
v 0.035158 0.009087 0.005879
v 0.035212 0.008681 0.004391
v 0.035196 0.007025 0.004712
v 0.035125 -0.008771 0.006322
v 0.035219 -0.007353 0.006507
v 0.035258 -0.006707 0.005417
v 0.035202 -0.007436 0.004297
v 0.035205 -0.008927 0.004675
v 0.035266 0.007316 -0.005580
v 0.035191 0.009122 -0.006000
v 0.035224 0.008692 -0.007689
v 0.035226 0.007070 -0.007311
v 0.003242 0.014195 0.006240
v 0.004761 0.014245 0.006397
v 0.005302 0.014253 0.004973
v 0.003246 0.014269 0.004569
v 0.027455 0.014176 -0.005587
v 0.029066 0.014231 -0.005815
v 0.029100 0.014154 -0.007224
v 0.027411 0.014187 -0.007666
v 0.027576 0.014229 0.006494
v 0.029040 0.014173 0.006143
v 0.028836 0.014176 0.004321
v 0.026944 0.014188 0.005069
v 0.003086 0.014191 -0.005965
v 0.004897 0.014152 -0.005686
v 0.005205 0.014312 -0.007232
v 0.003894 0.014256 -0.007780
v 0.008054 -0.014147 0.007903
v 0.021053 -0.014174 0.007903
v 0.002094 0.001415 -0.023914
v 0.001711 -0.001557 -0.023971
v -0.001493 -0.001687 -0.023982
v -0.001455 0.002063 -0.023934
v 0.037988 -0.008110 0.020406
v 0.040954 -0.008542 0.021498
v 0.038860 -0.009260 0.019644
v 0.041968 -0.005761 0.021520
v 0.038622 -0.006969 0.018024
v 0.038899 -0.008421 0.017636
v 0.045734 -0.006897 0.021506
v 0.017308 -0.006159 0.019347
v 0.017292 -0.008337 0.020252
v 0.017387 -0.008749 0.018665
v 0.017417 -0.006102 0.017922
v 0.024396 -0.011538 0.019894
v 0.026004 -0.009873 0.020035
v 0.026475 -0.009730 0.018170
v 0.027102 -0.011640 0.017573
v 0.025507 -0.011988 0.018288
v 0.032091 -0.009404 0.019043
v 0.032055 -0.009891 0.020029
v 0.029804 -0.012042 0.020074
v 0.034587 -0.011385 0.019166
v 0.032935 -0.011665 0.018051
v 0.031713 -0.010790 0.017447
v 0.033052 -0.009455 0.017938
v 0.037774 -0.006778 0.019188
v 0.044646 0.005997 0.021501
v 0.037877 0.008115 0.020300
v 0.038544 0.009321 0.020213
v 0.039791 0.008100 0.021494
v 0.014962 0.008499 0.019198
v 0.016027 0.007257 0.020424
v 0.014652 0.005469 0.018749
v 0.038896 0.008409 0.017574
v 0.039347 0.009577 0.018692
v 0.044173 0.008571 0.021507
v 0.038538 0.006970 0.018779
v 0.014129 0.007164 0.017370
v 0.026052 0.009947 0.019040
v 0.025980 0.010837 0.020294
v 0.025198 0.012039 0.020075
v 0.023795 0.012141 0.018843
v 0.025342 0.011489 0.017452
v 0.028490 0.012875 0.019152
v 0.033703 0.012035 0.019682
v 0.032592 0.010580 0.020277
v 0.032779 0.009704 0.018884
v 0.032533 0.010274 0.017746
v 0.034538 0.011462 0.017737
v 0.026710 0.010560 0.017841
v 0.029293 0.012634 0.017967
v 0.067593 -0.000893 -0.020497
v 0.068291 -0.000865 -0.019474
v 0.069096 0.000474 -0.020499
v 0.068395 0.001285 -0.019495
v 0.067114 0.000844 -0.020514
v 0.066889 0.000076 -0.019496
v 0.066349 -0.001550 -0.020493
v 0.069189 -0.001926 -0.021995
v 0.069819 -0.001211 -0.020504
v 0.069875 0.001364 -0.022011
v 0.069972 0.000970 -0.020095
v 0.068941 0.002130 -0.020496
v 0.067392 0.002268 -0.021996
v 0.066573 0.001878 -0.020489
v 0.065756 -0.000204 -0.022003
v 0.059197 -0.006988 -0.019488
v 0.058890 -0.007954 -0.020497
v 0.059666 -0.008892 -0.019497
v 0.060738 -0.008623 -0.020506
v 0.061159 -0.007890 -0.019490
v 0.059924 -0.006625 -0.020499
v 0.059489 -0.005647 -0.022001
v 0.058845 -0.005905 -0.020496
v 0.057773 -0.007563 -0.021996
v 0.057780 -0.008203 -0.020493
v 0.058908 -0.009720 -0.021997
v 0.059203 -0.009789 -0.020496
v 0.061727 -0.009339 -0.021993
v 0.061403 -0.009550 -0.020486
v 0.061774 -0.006327 -0.020496
v 0.061780 -0.006563 -0.021997
v 0.060708 0.007299 -0.019489
v 0.060697 0.009185 -0.020505
v 0.060534 0.009169 -0.019496
v 0.058858 0.008618 -0.019508
v 0.058273 0.008342 -0.020484
v 0.060068 0.007049 -0.020509
v 0.061897 0.006816 -0.021995
v 0.061815 0.006984 -0.020496
v 0.061707 0.009769 -0.020494
v 0.061417 0.009899 -0.022012
v 0.059200 0.010152 -0.021996
v 0.059116 0.010176 -0.020496
v 0.058006 0.009049 -0.021996
v 0.058531 0.006476 -0.022003
v 0.059336 0.006025 -0.020488
v 0.059773 0.007122 0.020010
v 0.060950 0.008878 0.020013
v 0.060648 0.009188 0.019001
v 0.059069 0.008864 0.020003
v 0.058936 0.008590 0.019003
v 0.060366 0.007133 0.018998
v 0.061815 0.006984 0.021504
v 0.062111 0.007528 0.020002
v 0.061761 0.009696 0.021514
v 0.061359 0.009954 0.019994
v 0.058523 0.009986 0.019983
v 0.059079 0.010146 0.021502
v 0.057790 0.008313 0.021502
v 0.058167 0.007096 0.020000
v 0.059336 0.006025 0.021506
v 0.060178 0.005926 0.020005
v 0.067593 -0.000893 0.019003
v 0.068291 -0.000865 0.020019
v 0.069096 0.000474 0.019000
v 0.068395 0.001285 0.020005
v 0.067114 0.000844 0.018985
v 0.066889 0.000076 0.020003
v 0.065777 0.000781 0.021499
v 0.067124 -0.001845 0.021513
v 0.068471 -0.002011 0.020002
v 0.069888 -0.001095 0.021509
v 0.069956 -0.000634 0.020003
v 0.069819 0.001513 0.020000
v 0.068208 0.002376 0.021508
v 0.067392 0.002268 0.020003
v 0.065756 -0.000204 0.019996
v 0.059197 -0.006989 0.020014
v 0.058890 -0.007954 0.019002
v 0.059666 -0.008892 0.020003
v 0.060738 -0.008623 0.018993
v 0.061159 -0.007890 0.020008
v 0.059924 -0.006625 0.019001
v 0.058845 -0.005905 0.021504
v 0.057866 -0.006918 0.019991
v 0.057984 -0.008965 0.021507
v 0.059419 -0.009927 0.019989
v 0.061749 -0.009280 0.021502
v 0.062193 -0.008382 0.020011
v 0.061444 -0.006105 0.021508
v 0.060910 -0.005764 0.020004
v 0.052194 0.001392 -0.020498
v 0.052053 0.001336 -0.019493
v 0.050868 -0.000178 -0.019497
v 0.050943 -0.000140 -0.020505
v 0.052714 -0.000774 -0.020488
v 0.053052 -0.000343 -0.019493
v 0.054070 0.000813 -0.021996
v 0.054360 0.000240 -0.020506
v 0.052594 0.002347 -0.021996
v 0.051390 0.002380 -0.020479
v 0.050155 0.001465 -0.022007
v 0.049802 0.000162 -0.020496
v 0.050717 -0.001713 -0.021995
v 0.051593 -0.002046 -0.020492
v 0.053612 -0.001285 -0.021996
v 0.050014 -0.000939 0.021510
v 0.052292 -0.002039 0.019994
v 0.053466 -0.001523 0.021513
v 0.054218 0.000903 0.019998
v 0.053955 0.001168 0.021503
v 0.051487 0.002507 0.021494
v 0.051512 0.002365 0.020004
v 0.049658 0.000096 0.020007
v 0.037370 0.015609 0.014621
v 0.050220 0.010612 0.021506
v 0.050347 0.010483 0.019020
v 0.040581 0.013722 0.021120
v 0.041081 0.013525 0.018487
v 0.062114 0.010042 0.019003
v 0.050883 -0.010041 0.019006
v 0.050216 -0.010099 0.021504
v 0.037117 -0.015247 0.013916
v 0.040976 -0.013031 0.018724
v 0.055672 0.000762 0.021502
v 0.055877 0.001463 0.019003
v 0.057381 0.003686 0.021505
v 0.057931 0.004082 0.019003
v 0.061316 0.004428 0.021502
v 0.062271 0.004011 0.019002
v 0.064133 0.001578 0.021504
v 0.064295 0.000802 0.019002
v 0.063426 -0.002724 0.021506
v 0.062650 -0.003483 0.019001
v 0.059071 -0.004057 0.021504
v 0.058424 -0.003825 0.019003
v 0.056502 -0.002331 0.021503
v 0.056109 -0.001805 0.019005
v 0.014782 -0.015452 0.018906
v 0.016976 -0.012669 0.021363
v 0.014134 -0.016317 0.017397
v 0.028771 0.017741 0.014542
v 0.034368 0.017430 0.016735
v 0.024847 0.017773 0.013818
v 0.014125 0.017655 0.015361
v 0.017445 0.012905 0.021464
v 0.014099 0.016941 0.017028
v 0.014849 0.016117 0.018963
v 0.038003 -0.004099 0.020421
v 0.044404 -0.004017 0.021521
v 0.038825 -0.005275 0.019605
v 0.040363 -0.004181 0.021503
v 0.041414 -0.001956 0.021513
v 0.038905 -0.003396 0.017693
v 0.045092 -0.001865 0.021503
v 0.032669 -0.002066 0.021501
v 0.032625 -0.001924 0.018503
v 0.030048 -0.004563 0.018502
v 0.028917 -0.004935 0.021504
v 0.024431 -0.003886 0.018501
v 0.024928 -0.003965 0.021503
v 0.022555 -0.000105 0.021503
v 0.022878 0.002049 0.018505
v 0.024607 0.004222 0.021503
v 0.026472 0.005226 0.018503
v 0.029063 0.005473 0.021504
v 0.030298 0.004966 0.018502
v 0.032782 0.002273 0.021503
v 0.033014 0.001595 0.018503
v 0.005561 0.014782 0.005785
v 0.011521 0.014744 0.006620
v 0.003243 0.014766 0.008176
v 0.004910 0.014782 0.004033
v 0.035364 0.014695 -0.018296
v 0.013957 0.014741 0.016358
v 0.035364 0.014695 0.016403
v 0.014689 0.014740 0.009313
v -0.000589 0.014767 -0.003047
v 0.005066 0.014769 -0.007960
v 0.003695 0.014788 0.006582
v 0.000875 0.014769 0.006208
v 0.011377 0.014746 -0.014387
v 0.002762 0.014776 -0.007136
v 0.002165 0.014768 -0.009666
v 0.004410 0.014796 -0.005308
v 0.002865 0.014768 0.004659
v 0.011918 0.014745 -0.018296
v 0.035303 -0.014204 -0.018296
v 0.005423 -0.014171 -0.006039
v 0.005395 -0.014159 0.005814
v 0.012371 -0.014155 0.006856
v 0.011227 -0.014161 -0.014041
v 0.035303 -0.014204 0.016403
v 0.014646 -0.014161 0.009721
v 0.002962 -0.014155 0.004415
v 0.004827 -0.014159 0.003996
v 0.003281 -0.014149 0.006526
v 0.002403 -0.014141 0.008128
v -0.000805 -0.014126 0.000014
v 0.001461 -0.014136 -0.009017
v 0.003577 -0.014160 -0.008197
v 0.013875 -0.014160 0.016367
v 0.011857 -0.014155 -0.018296
v 0.002981 -0.014144 -0.005899
v 0.014983 0.004520 0.019253
v 0.016011 0.003210 0.020408
v 0.014741 0.001518 0.018892
v 0.014233 0.001988 0.017664
v 0.014277 0.003800 0.017795
v 0.032236 -0.017256 0.012101
v 0.014112 -0.017112 0.015207
v 0.022843 -0.017229 -0.006532
v 0.027566 -0.017241 -0.003531
v 0.032187 -0.017250 -0.005982
v 0.019899 -0.017221 -0.004473
v 0.012393 -0.017204 -0.000028
v 0.022967 -0.017228 -0.000213
v 0.021337 -0.017225 0.003928
v 0.006293 -0.017196 -0.007736
v 0.001633 -0.017179 -0.007051
v 0.005903 -0.017222 0.006811
v 0.022676 -0.017230 0.011174
v 0.032224 -0.017235 0.006394
v 0.027775 -0.017238 0.004275
v 0.001633 -0.017191 0.004949
v 0.006294 -0.017193 0.004266
v 0.014249 -0.017214 0.004315
v 0.011611 -0.017100 0.006514
v 0.005923 -0.017198 -0.005221
v 0.029581 -0.017251 -0.013865
v 0.033787 -0.017140 -0.018368
v 0.002605 -0.017057 0.008029
v 0.003198 -0.017173 0.007488
v 0.014739 -0.017082 0.009348
v 0.018352 -0.017218 0.005456
v 0.003203 -0.017194 -0.004505
v 0.014788 -0.017214 -0.004103
v 0.004027 -0.017197 -0.009206
v 0.023655 -0.017231 -0.012336
v 0.004027 -0.017199 0.002794
v 0.023663 -0.017227 0.005960
v 0.032742 -0.014748 0.010694
v 0.024831 -0.014725 0.013927
v 0.030011 -0.014735 0.014182
v 0.027219 -0.017213 0.014875
v 0.022462 -0.014724 0.009511
v 0.031069 -0.014748 -0.004659
v 0.032853 -0.014741 -0.010422
v 0.025958 -0.014735 -0.003860
v 0.022856 -0.014726 -0.006891
v 0.032725 -0.017208 -0.010050
v 0.023028 -0.014734 -0.011358
v 0.027830 -0.014741 -0.014183
v 0.032428 -0.014749 0.007327
v 0.024606 -0.014732 0.005143
v 0.029588 -0.014731 0.004556
v 0.037308 0.015648 -0.015121
v 0.038707 0.014800 -0.021790
v 0.050821 0.010445 -0.019502
v 0.048373 0.010746 -0.021996
v 0.041702 0.013222 -0.019338
v 0.062064 -0.009675 -0.019496
v 0.050083 -0.010076 -0.019513
v 0.049684 -0.010254 -0.021997
v 0.064325 0.009373 -0.021996
v 0.061894 0.004124 -0.021996
v 0.069049 0.004858 -0.021992
v 0.064503 0.000395 -0.021995
v 0.032625 -0.001924 -0.021997
v 0.039210 -0.013943 -0.021979
v 0.033014 0.001595 -0.021996
v 0.030298 0.004966 -0.021997
v 0.057601 -0.003530 -0.021994
v 0.030048 -0.004563 -0.021997
v 0.022878 0.002049 -0.021995
v 0.023711 -0.002782 -0.022003
v 0.026526 -0.004671 -0.021997
v 0.026472 0.005226 -0.021996
v 0.065376 -0.008422 -0.022004
v 0.057278 0.003780 -0.021997
v 0.069151 -0.004049 -0.021996
v 0.055697 -0.000326 -0.022001
v 0.061912 -0.003777 -0.022000
v 0.055778 0.001071 -0.019496
v 0.058131 0.004299 -0.019501
v 0.064214 -0.001367 -0.019498
v 0.062964 0.003450 -0.019489
v 0.060588 -0.004155 -0.019495
v 0.056558 -0.002592 -0.019495
v 0.009969 0.017683 -0.012922
v 0.012015 0.017853 -0.015879
v 0.032713 0.015250 0.007376
v 0.032633 0.017741 0.011826
v 0.022526 0.017762 0.009786
v 0.022834 0.015264 0.011353
v 0.023654 0.015269 0.006083
v 0.024502 0.017771 0.005276
v 0.028422 0.015263 0.004219
v 0.028515 0.017760 0.004342
v 0.031869 0.017755 0.006101
v 0.031278 0.015248 0.013571
v 0.026062 0.015264 0.014368
v 0.014863 0.017641 0.010578
v 0.014062 0.017673 0.008067
v 0.011290 0.017696 0.006523
v 0.001502 0.017643 0.006912
v 0.003941 0.017736 0.008051
v -0.000123 0.017733 0.002624
v -0.000349 0.017736 -0.003303
v 0.001869 0.017718 -0.009162
v 0.032733 0.017720 -0.010525
v 0.022524 0.017771 -0.008464
v 0.022972 0.015265 -0.006392
v 0.023528 0.015269 -0.011991
v 0.023584 0.017770 -0.011823
v 0.026510 0.017761 -0.013893
v 0.027122 0.015262 -0.013954
v 0.030023 0.017796 -0.013480
v 0.030923 0.015256 -0.013035
v 0.033034 0.015243 -0.008387
v 0.032522 0.017735 -0.006755
v 0.024731 0.017769 -0.004536
v 0.026808 0.015263 -0.003738
v 0.029607 0.017762 -0.003881
v 0.030510 0.015255 -0.004335
v 0.022966 0.015266 0.000181
v 0.022493 0.017773 0.002295
v 0.020673 0.015281 0.004738
v 0.019248 0.017783 0.005400
v 0.016077 0.015283 0.005289
v 0.014452 0.017792 0.004406
v 0.012779 0.015292 0.002157
v 0.012478 0.017793 0.000647
v 0.013242 0.015289 -0.002400
v 0.014265 0.017791 -0.003679
v 0.016650 0.015270 -0.004776
v 0.019600 0.017779 -0.004720
v 0.020876 0.015278 -0.003885
v 0.022706 0.017772 -0.001094
v 0.024928 -0.003965 -0.018997
v 0.022555 -0.000105 -0.018996
v 0.032782 0.002273 -0.018997
v 0.024607 0.004222 -0.018996
v 0.032669 -0.002066 -0.018998
v 0.028917 -0.004935 -0.018995
v 0.029063 0.005473 -0.018995
v 0.022289 -0.014726 0.002539
v 0.012403 -0.014706 0.001552
v 0.018350 -0.014714 -0.004976
v 0.019494 -0.014716 0.005247
v 0.013737 -0.014709 -0.003083
v 0.022683 -0.014730 -0.001390
v 0.015371 -0.014712 0.004970
v 0.004798 -0.015176 0.003242
v 0.001983 -0.015180 0.003934
v 0.002735 -0.015182 0.007231
v 0.005237 -0.015191 0.007327
v 0.006506 -0.015189 0.005017
v 0.004934 -0.015208 -0.008646
v 0.001983 -0.015180 -0.008066
v 0.002735 -0.015182 -0.004768
v 0.005239 -0.015191 -0.004676
v 0.006506 -0.015189 -0.006983
v 0.005309 -0.015191 0.004498
v 0.004503 -0.015193 0.006649
v 0.002662 -0.015196 0.005219
v 0.003590 -0.015200 -0.008108
v 0.004696 -0.015193 -0.005388
v 0.002705 -0.015187 -0.006535
v 0.002284 0.015791 0.005842
v 0.003785 0.015795 0.007180
v 0.005617 0.015825 0.004993
v 0.003683 0.015814 0.003872
v 0.002739 0.015815 -0.006602
v 0.004381 0.015804 -0.004833
v 0.005613 0.015823 -0.007146
v 0.004576 0.015806 -0.008842
v 0.006162 0.015805 0.006653
v 0.005765 0.015806 0.003313
v 0.002439 0.015811 0.003483
v 0.002491 0.015820 -0.004985
v 0.006638 0.015798 -0.006567
v 0.002099 0.015808 -0.008058
v 0.005671 0.017813 0.007160
v 0.006480 0.017808 0.004805
v 0.004991 0.017807 0.002877
v 0.002718 0.017814 0.003392
v 0.001769 0.017831 0.005483
v 0.003218 0.017830 -0.004514
v 0.006364 0.017803 -0.005585
v 0.005673 0.017816 -0.008667
v 0.003155 0.017813 -0.008930
v 0.001789 0.017815 -0.007083
v -0.000327 -0.017101 0.002314
v -0.000135 -0.017053 -0.004846
v 0.002284 -0.017062 -0.009690
v 0.034187 0.017497 -0.018554
v 0.037702 -0.002802 0.019168
v 0.037153 -0.005881 0.017807
v 0.012037 0.016657 -0.019861
v 0.013702 0.014517 -0.021925
v 0.032320 -0.005300 0.018756
v 0.032456 -0.005736 0.017815
v 0.026028 0.006181 0.019689
v 0.024547 0.007261 0.020372
v 0.025154 0.008482 0.019323
v 0.023230 0.007364 0.017650
v 0.062662 0.009976 -0.019497
v 0.069754 -0.002296 -0.019496
v 0.066980 -0.007191 -0.019495
v 0.068342 0.006101 -0.019497
v 0.013942 -0.013763 -0.021959
v 0.012028 -0.015931 -0.020136
v 0.010321 -0.017107 -0.013214
v 0.023975 -0.007662 0.018689
v 0.024627 -0.006676 0.017445
v 0.031282 -0.007300 0.017494
v 0.025820 -0.005574 0.018153
v 0.024691 -0.005148 0.019572
v 0.032216 -0.005589 0.019801
v 0.025408 -0.007156 0.020344
v 0.029565 -0.006219 0.020012
v 0.029177 -0.008507 0.018768
v 0.032916 -0.007676 0.019808
v 0.031982 0.008493 0.019672
v 0.034283 0.008001 0.018852
v 0.038839 0.005739 0.019850
v 0.031224 0.007262 0.020418
v 0.033384 0.005456 0.019132
v 0.028207 0.006172 0.018929
v 0.032916 0.006118 0.017791
v 0.031205 0.007552 0.017469
v 0.028797 0.008756 0.018104
v 0.026377 0.006397 0.017919
v 0.040773 -0.013148 -0.018955
v 0.012097 -0.017185 -0.016664
v 0.014130 -0.001758 0.017395
v 0.014531 -0.003732 0.018482
v 0.015715 -0.003639 0.020191
v 0.015095 -0.001120 0.019442
v 0.037321 -0.015119 -0.015038
v 0.037894 0.004144 0.020319
v 0.038617 0.003557 0.017901
v 0.037994 0.003176 0.019091
v 0.038199 0.005469 0.017560
v 0.040777 -0.013158 0.021318
v 0.034248 -0.016966 0.016517
v 0.044639 0.001997 0.021502
v 0.040089 0.003488 0.021503
v 0.040898 0.004788 0.021504
v 0.044145 0.004585 0.021507
v 0.014276 -0.007219 0.017818
v 0.014527 -0.007729 0.018471
v 0.014163 -0.006399 0.017495
v 0.014187 -0.005703 0.017607
v 0.014303 -0.005279 0.017937
v 0.014601 -0.005025 0.018507
v 0.016090 -0.006898 0.020179
v 0.015723 -0.007534 0.020109
v 0.015371 -0.007815 0.019765
v 0.014935 -0.007930 0.019146
v 0.015591 -0.005829 0.019950
v 0.014993 -0.005201 0.019261
v 0.068093 -0.005941 0.021503
v 0.068759 0.005078 0.021503
v 0.063609 -0.009217 0.021503
v 0.054913 -0.004767 0.021503
v 0.047314 -0.005088 0.021503
v 0.065478 0.008761 0.021504
v 0.070011 0.001058 0.021503
v 0.054930 0.003379 0.021503
v 0.062647 -0.009583 0.019004
v 0.067260 -0.006807 0.019003
v 0.070050 -0.001307 0.018998
v 0.069764 0.002641 0.019003
v 0.066993 0.007581 0.019000
v 0.050943 -0.000140 0.018995
v 0.052194 0.001392 0.019001
v 0.052714 -0.000774 0.019009
v 0.053052 -0.000343 0.020006
v 0.052052 0.001336 0.020009
v 0.050868 -0.000178 0.020002
v 0.021114 0.012092 0.008728
v 0.020094 0.012070 0.008124
v 0.020973 0.012066 0.007613
v 0.021046 0.013311 0.007730
v 0.021201 0.013260 0.008799
v 0.020325 0.014285 0.007896
v 0.019891 0.014128 0.012264
v 0.019862 0.013328 0.015203
v 0.009462 0.013350 0.015203
v 0.008251 0.005798 0.015203
v 0.020985 -0.009591 0.015754
v 0.019731 -0.009883 0.015188
v 0.009406 -0.013150 0.015203
v 0.019805 -0.013172 0.015203
v 0.008615 -0.005060 0.015198
v 0.015573 0.006232 0.015203
v 0.015535 -0.006028 0.015203
v 0.009412 -0.009847 0.015181
v 0.010098 0.001507 0.015198
v 0.019746 0.009916 0.015195
v 0.020430 0.010688 0.008329
v 0.021046 0.014194 0.016209
v 0.008303 0.014241 0.016243
v 0.009008 0.013969 0.007704
v 0.008264 0.014352 0.007953
v 0.021027 0.009775 0.015482
v 0.009455 0.013953 0.012299
v 0.018892 0.009610 0.016338
v 0.015493 0.006274 0.016366
v 0.008682 0.005449 0.016308
v 0.008276 -0.005636 0.016304
v 0.010119 -0.001439 0.016333
v 0.015453 -0.006054 0.016360
v 0.018825 -0.009451 0.016346
v 0.008255 0.010061 0.015162
v 0.008162 0.012109 0.008435
v 0.008743 0.010696 0.008425
v 0.008262 0.013302 0.008903
v 0.008135 0.013523 0.008239
v 0.008926 -0.014084 0.007892
v 0.008227 -0.013999 0.016254
v 0.008837 -0.010509 0.008329
v 0.008153 -0.011914 0.008728
v 0.008066 -0.013081 0.008799
v 0.008221 -0.013133 0.007730
v 0.008213 -0.009863 0.015167
v 0.020972 -0.014079 0.016193
v 0.021105 -0.011931 0.008435
v 0.020530 -0.010547 0.008428
v 0.021203 -0.013073 0.008809
v 0.020962 -0.013882 0.007823
v 0.009237 0.012107 0.007873
v 0.009173 -0.011892 0.008124
v 0.008294 -0.011888 0.007613
v 0.009368 -0.013909 0.012332
v 0.020066 -0.013857 0.007869
v 0.020030 -0.011928 0.007873
v 0.019810 -0.013749 0.012335
v 0.009454 0.010053 0.015190
v -0.009680 -0.011453 0.016417
v -0.008855 -0.009369 0.016404
v -0.006750 -0.009516 0.016422
v -0.007635 -0.008301 0.016371
v -0.010509 -0.010793 0.016296
v -0.006836 -0.013107 0.016336
v -0.005675 -0.010918 0.016397
v -0.008822 -0.012929 0.016390
v -0.009167 -0.011623 0.013696
v -0.009295 -0.010354 0.013873
v -0.007372 -0.012327 0.013652
v -0.006477 -0.010294 0.013665
v -0.008990 -0.009145 0.013650
v -0.010311 -0.010341 0.013876
v -0.006439 -0.008803 0.013645
v -0.007632 -0.013325 0.013639
v -0.010314 -0.011544 0.013816
v -0.009107 -0.009737 0.014956
v -0.009328 -0.011835 0.014989
v -0.007711 -0.009240 0.014964
v -0.006430 -0.010290 0.014961
v -0.006946 -0.012221 0.014947
v -0.009875 0.010067 0.016361
v -0.008358 0.013262 0.016380
v -0.006407 0.012859 0.016360
v -0.009987 0.011973 0.016376
v -0.005478 0.011572 0.016391
v -0.006530 0.009384 0.016381
v -0.008390 0.009091 0.016387
v -0.008989 0.010085 0.013669
v -0.009266 0.011581 0.013874
v -0.006524 0.010343 0.013636
v -0.007734 0.012822 0.013656
v -0.010358 0.010956 0.013926
v -0.008963 0.013489 0.013625
v -0.005945 0.012642 0.013653
v -0.005633 0.010135 0.013671
v -0.007151 0.008781 0.013620
v -0.009585 0.009391 0.013639
v -0.008715 0.012587 0.014970
v -0.009525 0.010560 0.014966
v -0.007294 0.009589 0.014949
v -0.006845 0.012443 0.014962
v -0.006314 0.011336 0.015032
v 0.031602 -0.008716 0.016368
v 0.033543 -0.009431 0.016372
v 0.030247 -0.011067 0.016403
v 0.029511 -0.010691 0.016359
v 0.034292 -0.011066 0.016372
v 0.031423 -0.012993 0.016384
v 0.033274 -0.013078 0.016365
v 0.030813 -0.011747 0.013684
v 0.030797 -0.010169 0.013760
v 0.032979 -0.012211 0.013677
v 0.033124 -0.009822 0.013663
v 0.029699 -0.010440 0.013797
v 0.029731 -0.011474 0.013883
v 0.030943 -0.008730 0.013668
v 0.033381 -0.013150 0.013655
v 0.030486 -0.012849 0.013634
v 0.030589 -0.010224 0.014961
v 0.031258 -0.012367 0.014970
v 0.032995 -0.009523 0.014977
v 0.033425 -0.011850 0.014959
v 0.030026 0.010001 0.016361
v 0.032664 0.013480 0.016336
v 0.030398 0.012548 0.016371
v 0.033409 0.012414 0.016400
v 0.034401 0.011891 0.016389
v 0.033684 0.009343 0.016370
v 0.031664 0.009038 0.016385
v 0.030858 0.010308 0.013696
v 0.030774 0.011730 0.013767
v 0.032531 0.009564 0.013661
v 0.033614 0.010953 0.013653
v 0.032711 0.012459 0.013650
v 0.029731 0.011784 0.013770
v 0.029771 0.010534 0.013885
v 0.031984 0.013528 0.013655
v 0.034775 0.011309 0.013678
v 0.032934 0.008755 0.013646
v 0.030513 0.009175 0.013647
v 0.031055 0.012391 0.014950
v 0.030746 0.010120 0.014968
v 0.033564 0.011850 0.014986
v 0.032771 0.009625 0.014945
v 0.030620 0.012093 -0.017605
v 0.029884 0.012229 -0.017536
v 0.032368 0.008936 -0.017573
v 0.030411 0.009572 -0.017567
v 0.034045 0.009882 -0.017582
v 0.033068 0.012666 -0.017586
v 0.034393 0.011917 -0.017530
v 0.032462 0.013490 -0.017558
v 0.030642 0.010942 -0.015079
v 0.031686 0.012570 -0.014845
v 0.033683 0.011404 -0.014839
v 0.032041 0.009423 -0.014844
v 0.029738 0.010247 -0.014964
v 0.029770 0.011580 -0.015087
v 0.032475 0.008553 -0.014836
v 0.034524 0.010510 -0.014846
v 0.033530 0.013194 -0.014832
v 0.030517 0.012957 -0.014843
v 0.030510 0.010891 -0.016122
v 0.031136 0.012447 -0.016154
v 0.031727 0.009482 -0.016170
v 0.033712 0.010390 -0.016159
v 0.033142 0.012313 -0.016152
v 0.030599 -0.009011 -0.017571
v 0.031422 -0.013121 -0.017577
v 0.033182 -0.012619 -0.017581
v 0.030364 -0.010314 -0.017615
v 0.029499 -0.010925 -0.017462
v 0.033774 -0.010647 -0.017598
v 0.034620 -0.011018 -0.017552
v 0.032741 -0.008801 -0.017587
v 0.030820 -0.010137 -0.014903
v 0.030699 -0.011390 -0.015134
v 0.032713 -0.009570 -0.014850
v 0.033553 -0.011146 -0.014854
v 0.032039 -0.012559 -0.014845
v 0.029698 -0.011503 -0.014986
v 0.029735 -0.010419 -0.015065
v 0.030979 -0.013144 -0.014841
v 0.033188 -0.013120 -0.014860
v 0.034484 -0.011284 -0.014823
v 0.033446 -0.008889 -0.014857
v 0.030563 -0.008921 -0.014875
v 0.030427 -0.011180 -0.016160
v 0.031286 -0.009512 -0.016152
v 0.031672 -0.012534 -0.016167
v 0.033499 -0.011763 -0.016165
v 0.033206 -0.009831 -0.016163
v -0.009273 0.012754 -0.017577
v -0.008955 0.009680 -0.017613
v -0.008905 0.008852 -0.017539
v -0.006426 0.009564 -0.017581
v -0.010387 0.011248 -0.017544
v -0.005689 0.011062 -0.017570
v -0.006719 0.013092 -0.017573
v -0.009156 0.011881 -0.014897
v -0.009261 0.010646 -0.015144
v -0.007507 0.012635 -0.014847
v -0.006360 0.011086 -0.014862
v -0.007875 0.009556 -0.014847
v -0.010267 0.010590 -0.014993
v -0.008399 0.008675 -0.014868
v -0.005352 0.010548 -0.014838
v -0.010181 0.011916 -0.014969
v -0.009436 0.010665 -0.016161
v -0.007786 0.012769 -0.016168
v -0.009042 0.012221 -0.016164
v -0.008259 0.009532 -0.016173
v -0.006602 0.010226 -0.016157
v -0.006372 0.011724 -0.016161
v -0.009898 -0.009841 -0.017593
v -0.007578 -0.013293 -0.017554
v -0.006955 -0.012448 -0.017600
v -0.009471 -0.011806 -0.017615
v -0.010306 -0.011727 -0.017537
v -0.005591 -0.011257 -0.017567
v -0.008271 -0.008433 -0.017533
v -0.006785 -0.008977 -0.017558
v -0.008983 -0.009733 -0.014855
v -0.009289 -0.011376 -0.015066
v -0.006344 -0.010400 -0.014856
v -0.007886 -0.012474 -0.014847
v -0.010300 -0.011367 -0.015002
v -0.009681 -0.012645 -0.014878
v -0.006294 -0.012879 -0.014833
v -0.006047 -0.009186 -0.014866
v -0.008637 -0.008519 -0.014810
v -0.010314 -0.010273 -0.015031
v -0.008831 -0.012242 -0.016162
v -0.009585 -0.010803 -0.016167
v -0.008702 -0.009441 -0.016162
v -0.007135 -0.012235 -0.016169
v -0.006318 -0.010976 -0.016157
v -0.007000 -0.009569 -0.016151
v -0.008048 0.012319 -0.016046
v -0.006738 0.011134 -0.016046
v -0.007738 0.009955 -0.016046
v -0.009047 0.011139 -0.016046
v -0.008836 0.011866 -0.017301
v -0.006790 0.011589 -0.017299
v -0.008052 0.009955 -0.017302
v -0.008418 0.008904 -0.017227
v -0.005881 0.009842 -0.017239
v -0.005931 0.012291 -0.017240
v -0.010393 0.011063 -0.017219
v -0.008047 0.013473 -0.017241
v -0.005481 0.011127 -0.014792
v -0.007113 0.013328 -0.014797
v -0.009895 0.012485 -0.014789
v -0.009452 0.009758 -0.014795
v -0.007499 0.008803 -0.014792
v -0.008269 0.009806 -0.014796
v -0.006470 0.011202 -0.014795
v -0.008318 0.012411 -0.014797
v -0.008728 0.010109 -0.002890
v -0.006686 0.010518 -0.002994
v -0.007269 0.012284 -0.002838
v -0.008791 0.012021 -0.002826
v -0.006993 -0.010138 -0.016046
v -0.009041 -0.010406 -0.016046
v -0.007784 -0.012045 -0.016046
v -0.009094 -0.010861 -0.017296
v -0.007779 -0.009682 -0.017302
v -0.006337 -0.009730 -0.017262
v -0.008099 -0.012044 -0.017304
v -0.007676 -0.013163 -0.017235
v -0.005665 -0.011548 -0.017230
v -0.008810 -0.008614 -0.017213
v -0.010241 -0.011613 -0.017237
v -0.006681 -0.008939 -0.014796
v -0.009383 -0.008917 -0.014795
v -0.009968 -0.012235 -0.014796
v -0.007231 -0.013089 -0.014797
v -0.005517 -0.011054 -0.014798
v -0.006946 -0.011735 -0.014796
v -0.007413 -0.009591 -0.014796
v -0.009242 -0.010672 -0.014796
v -0.008513 -0.012057 -0.014796
v -0.006703 -0.011090 -0.002858
v -0.008090 -0.009490 -0.002894
v -0.008740 -0.012032 -0.002907
v 0.031952 0.012234 -0.016046
v 0.033208 0.010595 -0.016046
v 0.031160 0.010327 -0.016046
v 0.031004 0.010600 -0.017300
v 0.032266 0.012233 -0.017305
v 0.033050 0.010323 -0.017300
v 0.031095 0.008777 -0.017228
v 0.034452 0.010578 -0.017248
v 0.029955 0.011961 -0.017245
v 0.032603 0.013416 -0.017229
v 0.034447 0.011647 -0.014797
v 0.031621 0.013452 -0.014795
v 0.029779 0.011099 -0.014796
v 0.031065 0.008922 -0.014789
v 0.033502 0.009682 -0.014796
v 0.032702 0.012258 -0.014796
v 0.030980 0.011772 -0.014796
v 0.031519 0.009754 -0.014796
v 0.032098 0.009671 -0.002910
v 0.033074 0.011891 -0.002840
v 0.031009 0.011859 -0.002860
v 0.031905 -0.009765 -0.016046
v 0.033215 -0.010950 -0.016046
v 0.032215 -0.012130 -0.016046
v 0.030905 -0.010945 -0.016046
v 0.030905 -0.010945 -0.017296
v 0.032220 -0.009766 -0.017302
v 0.033215 -0.010950 -0.017296
v 0.031900 -0.012129 -0.017301
v 0.031522 -0.013179 -0.017226
v 0.034254 -0.012085 -0.017254
v 0.032824 -0.008685 -0.017257
v 0.029833 -0.011584 -0.017239
v 0.030403 -0.009367 -0.017238
v 0.033831 -0.009217 -0.014793
v 0.030917 -0.008905 -0.014796
v 0.029681 -0.011623 -0.014794
v 0.033383 -0.013066 -0.014792
v 0.033433 -0.010737 -0.014797
v 0.031318 -0.009779 -0.014797
v 0.033328 -0.011409 -0.002864
v 0.031978 -0.009617 -0.002899
v 0.030945 -0.011734 -0.002865
v 0.031900 -0.012129 0.014853
v 0.033215 -0.010950 0.014853
v 0.032220 -0.009766 0.014853
v 0.030905 -0.010945 0.014853
v 0.031114 -0.011672 0.016110
v 0.033161 -0.011405 0.016104
v 0.031905 -0.009766 0.016110
v 0.032452 -0.008543 0.016028
v 0.034394 -0.010806 0.016059
v 0.033154 -0.012978 0.016058
v 0.029674 -0.010533 0.016052
v 0.030904 -0.012944 0.016026
v 0.033179 -0.013152 0.013603
v 0.030375 -0.012581 0.013603
v 0.029910 -0.009769 0.013602
v 0.032310 -0.008640 0.013602
v 0.034285 -0.010092 0.013599
v 0.032770 -0.009720 0.013603
v 0.033244 -0.011481 0.013603
v 0.031566 -0.012246 0.013603
v 0.030840 -0.010378 0.013603
v 0.032788 -0.009895 0.001710
v 0.033173 -0.011657 0.001676
v 0.031710 -0.012148 0.001715
v 0.030744 -0.010487 0.001737
v 0.031947 0.009871 0.014853
v 0.033210 0.011504 0.014853
v 0.031163 0.011781 0.014853
v 0.031160 0.010327 0.016106
v 0.033208 0.010595 0.016110
v 0.031952 0.012234 0.016107
v 0.032598 0.013297 0.016065
v 0.030216 0.012521 0.016034
v 0.034418 0.011534 0.016019
v 0.030020 0.010097 0.016036
v 0.032684 0.008726 0.016058
v 0.033619 0.009142 0.013605
v 0.031113 0.008948 0.013603
v 0.029750 0.011637 0.013597
v 0.032201 0.013386 0.013603
v 0.032636 0.012346 0.013604
v 0.032615 0.009725 0.013604
v 0.030779 0.011205 0.013604
v 0.032038 0.012414 0.001660
v 0.033356 0.010944 0.001640
v 0.032466 0.009781 0.001682
v 0.030857 0.010682 0.001686
v -0.006996 -0.011592 0.014853
v -0.009042 -0.011315 0.014853
v -0.007779 -0.009682 0.014853
v -0.009040 -0.010406 0.016108
v -0.007785 -0.012045 0.016107
v -0.006993 -0.010138 0.016106
v -0.008355 -0.008485 0.016043
v -0.006093 -0.009567 0.016046
v -0.005978 -0.012252 0.016054
v -0.010320 -0.011206 0.016046
v -0.008464 -0.013100 0.016029
v -0.007863 -0.013193 0.013603
v -0.010148 -0.011872 0.013600
v -0.009621 -0.009320 0.013603
v -0.007273 -0.008510 0.013603
v -0.008234 -0.009542 0.013604
v -0.006585 -0.010759 0.013604
v -0.008007 -0.012206 0.013604
v -0.009266 -0.011057 0.013603
v -0.008581 -0.009719 0.001692
v -0.006761 -0.010262 0.001664
v -0.007167 -0.011876 0.001729
v -0.008927 -0.011811 0.001727
v -0.008053 0.009955 0.014853
v -0.006738 0.011134 0.014853
v -0.007733 0.012318 0.014853
v -0.009047 0.011139 0.014853
v -0.008839 0.010411 0.016108
v -0.007267 0.009428 0.016070
v -0.006947 0.011862 0.016104
v -0.008468 0.012138 0.016103
v -0.007061 0.013267 0.016056
v -0.009826 0.012563 0.016047
v -0.005546 0.011176 0.016054
v -0.009373 0.009255 0.016043
v -0.008469 0.008776 0.013596
v -0.010280 0.011636 0.013605
v -0.007928 0.013490 0.013599
v -0.005353 0.011168 0.013612
v -0.006480 0.011191 0.013603
v -0.008313 0.009855 0.013604
v -0.008868 0.012200 0.013604
v -0.008358 0.012447 0.001689
v -0.006643 0.011269 0.001616
v -0.008326 0.009810 0.001698
vn 0.0347 -0.0266 -0.9990
vn 0.0341 -0.0270 -0.9991
vn 0.0346 -0.0292 -0.9990
vn -0.0219 -0.0495 -0.9985
vn 0.0028 0.0037 -1.0000
vn 0.0099 0.0556 -0.9984
vn -0.0228 0.0826 -0.9963
vn -0.0319 0.0114 -0.9994
vn -0.0260 0.0129 -0.9996
vn -0.0183 -0.0386 -0.9991
vn -0.0212 -0.0510 -0.9985
vn -0.0273 0.0106 -0.9996
vn -0.0425 0.0060 -0.9991
vn 0.0174 -0.0489 -0.9987
vn -0.0913 0.0245 -0.9955
vn 0.0522 -0.0552 -0.9971
vn -0.0204 0.3038 -0.9525
vn 0.2584 0.2000 -0.9451
vn -0.0111 -0.0027 -0.9999
vn 0.0200 -0.1900 -0.9816
vn 0.0169 -0.0658 -0.9977
vn 0.0360 0.0519 -0.9980
vn -0.0363 -0.0205 -0.9991
vn 0.0217 0.3056 -0.9519
vn 0.0318 -0.0454 -0.9985
vn 0.0027 -0.0285 -0.9996
vn 0.0229 0.0211 -0.9995
vn 0.0032 -0.0230 -0.9997
vn -0.0070 0.0776 -0.9970
vn -0.0487 -0.0258 -0.9985
vn 0.4587 0.4772 -0.7496
vn 0.0455 0.0117 -0.9989
vn -0.0573 0.0647 -0.9963
vn -0.1470 0.1281 -0.9808
vn 0.0316 -0.0489 -0.9983
vn 0.0290 -0.0201 -0.9994
vn -0.2829 -0.0556 -0.9575
vn -0.0874 -0.0036 -0.9962
vn 0.0317 0.0041 -0.9995
vn 0.0286 0.0033 -0.9996
vn -0.0158 0.0502 -0.9986
vn 0.0608 -0.0077 -0.9981
vn 0.0016 -0.0079 -1.0000
vn -0.0346 0.0606 -0.9976
vn 0.0099 0.0625 -0.9980
vn -0.0715 -0.0944 -0.9930
vn 0.0274 0.0301 -0.9992
vn -0.0183 -0.0244 -0.9995
vn 0.1170 0.5768 -0.8085
vn -0.0323 -0.0178 -0.9993
vn -0.0175 -0.0276 -0.9995
vn 0.0300 -0.1554 -0.9874
vn 0.0152 0.0202 -0.9997
vn -0.0329 0.0557 -0.9979
vn -0.0039 -0.0617 -0.9981
vn 0.0706 -0.0733 -0.9948
vn 0.0101 0.0549 -0.9984
vn 0.0555 -0.0636 -0.9964
vn 0.0076 -0.0060 -1.0000
vn 0.0207 0.0018 -0.9998
vn -0.0571 0.0495 -0.9971
vn -0.0375 -0.1384 -0.9897
vn 0.0068 -0.0382 -0.9992
vn -0.0108 -0.0056 -0.9999
vn -0.0247 0.0087 -0.9997
vn -0.0373 0.0056 -0.9993
vn 0.0007 -0.0012 -1.0000
vn -0.0106 0.0231 -0.9997
vn -0.0088 0.0373 -0.9993
vn 0.0033 0.0085 -1.0000
vn 0.0259 0.0034 -0.9997
vn -0.0050 0.0124 -0.9999
vn 0.4510 -0.1504 -0.8798
vn -0.0015 0.0032 -1.0000
vn -0.0103 0.0028 -0.9999
vn -0.1649 -0.0028 -0.9863
vn -0.2569 -0.2571 -0.9316
vn -0.0236 -0.1072 -0.9940
vn -0.0052 -0.1493 -0.9888
vn 0.0231 -0.1321 -0.9910
vn 0.1529 -0.1802 -0.9717
vn 0.0040 -0.1736 -0.9848
vn 0.0634 -0.0091 -0.9979
vn 0.1700 -0.0204 -0.9852
vn 0.1487 0.1369 -0.9794
vn 0.0681 0.0939 -0.9932
vn 0.0029 0.1909 -0.9816
vn 0.0002 -0.0031 -1.0000
vn -0.0036 0.2223 -0.9750
vn -0.1088 0.1432 -0.9837
vn -0.0490 0.0335 -0.9982
vn 0.0010 -0.0002 -1.0000
vn -0.0005 -0.0005 -1.0000
vn 0.0014 -0.0016 -1.0000
vn 0.0011 -0.0002 -1.0000
vn 0.0016 0.0009 -1.0000
vn -0.0007 -0.0012 -1.0000
vn -0.0000 -0.0000 -1.0000
vn -0.0004 -0.0006 -1.0000
vn 0.0024 -0.0002 -1.0000
vn -0.0002 0.0002 -1.0000
vn 0.0004 -0.0004 -1.0000
vn 0.0004 -0.0005 -1.0000
vn -0.0478 -0.0108 -0.9988
vn -0.0357 -0.0202 -0.9992
vn 0.0560 -0.1705 -0.9838
vn 0.0171 0.0261 -0.9995
vn 0.0014 0.0613 -0.9981
vn 0.0150 0.0380 -0.9992
vn 0.0126 0.0258 -0.9996
vn 0.0321 0.0171 -0.9993
vn -0.0003 0.0004 -1.0000
vn 0.0007 0.0008 -1.0000
vn 0.0064 0.0004 -1.0000
vn 0.0014 -0.0023 -1.0000
vn -0.0001 -0.0002 -1.0000
vn 0.0003 0.0016 -1.0000
vn 0.0008 -0.0032 -1.0000
vn -0.0254 0.0482 -0.9985
vn -0.0485 0.0373 -0.9981
vn 0.0048 -0.0316 -0.9995
vn 0.0153 -0.0512 -0.9986
vn 0.0118 -0.0687 -0.9976
vn 0.0588 0.1663 -0.9843
vn 0.0098 -0.0715 -0.9974
vn 0.0261 0.0421 -0.9988
vn 0.0018 0.0019 -1.0000
vn -0.0001 -0.0001 -1.0000
vn -0.1743 -0.0157 -0.9846
vn -0.0694 -0.0021 -0.9976
vn -0.0934 0.0072 -0.9956
vn 0.0001 -0.0008 -1.0000
vn 0.0001 -0.0000 -1.0000
vn 0.1195 0.0026 -0.9928
vn 0.0906 0.0010 -0.9959
vn 0.0020 -0.0107 -0.9999
vn 0.0030 0.0087 -1.0000
vn -0.0046 0.0033 -1.0000
vn 0.0051 0.0021 -1.0000
vn 0.0060 0.0018 -1.0000
vn -0.0082 -0.0037 -1.0000
vn -0.0035 0.0037 -1.0000
vn 0.0022 -0.0004 -1.0000
vn 0.0037 -0.0031 -1.0000
vn -0.0014 -0.0025 -1.0000
vn 0.0010 -0.0003 -1.0000
vn -0.0011 0.0004 -1.0000
vn -0.0021 -0.0003 -1.0000
vn 0.0004 0.0033 -1.0000
vn -0.0003 -0.0012 -1.0000
vn 0.0014 -0.0006 -1.0000
vn 0.0025 0.0017 -1.0000
vn 0.0041 -0.0006 -1.0000
vn -0.0035 -0.0003 -1.0000
vn -0.0012 0.0051 -1.0000
vn 0.0008 0.0020 -1.0000
vn 0.0054 0.0015 -1.0000
vn 0.0021 -0.0003 -1.0000
vn 0.0022 -0.0019 -1.0000
vn 0.0011 0.0002 -1.0000
vn -0.0048 0.0002 -1.0000
vn 0.0021 -0.0007 -1.0000
vn -0.0061 0.0066 -1.0000
vn -0.0005 0.0086 -1.0000
vn 0.0006 0.0019 -1.0000
vn 0.0037 0.0013 -1.0000
vn 0.0025 -0.0009 -1.0000
vn -0.0019 0.0014 -1.0000
vn 0.0041 0.0060 -1.0000
vn -0.0000 -0.0000 1.0000
vn -0.0021 -1.0000 -0.0000
vn -0.1009 -0.9938 -0.0474
vn -0.0026 0.0007 -1.0000
vn 0.0026 -0.0009 -1.0000
vn -0.0000 0.0004 -1.0000
vn -0.2041 -0.0138 -0.9789
vn 0.0101 0.0517 0.9986
vn -0.0119 -0.0000 0.9999
vn -0.0122 -0.0002 0.9999
vn 0.0093 -0.0523 0.9986
vn -0.0127 -0.9993 0.0354
vn -0.0021 -0.9999 0.0131
vn -0.0724 -0.9972 -0.0182
vn -0.0001 -0.0000 1.0000
vn -0.0017 -0.0008 1.0000
vn 0.0064 0.1590 0.9873
vn -0.0043 0.0100 0.9999
vn 0.0003 -0.0005 1.0000
vn -0.0036 0.0133 0.9999
vn -0.0016 -0.0000 1.0000
vn 0.0020 0.0048 1.0000
vn 0.2094 -0.0016 0.9778
vn 0.1653 0.1745 0.9707
vn 0.0679 0.0185 0.9975
vn 0.1485 -0.0157 0.9888
vn 0.0910 -0.0544 0.9944
vn 0.1282 -0.1283 0.9834
vn -0.0072 -0.0197 0.9998
vn 0.0004 0.0003 1.0000
vn 0.0009 0.0003 1.0000
vn -0.0248 -0.1366 0.9903
vn 0.0026 -0.0818 0.9966
vn -0.7086 -0.7056 -0.0000
vn 0.0039 1.0000 0.0014
vn 0.0096 1.0000 0.0014
vn 0.0064 1.0000 0.0026
vn 0.0010 1.0000 0.0025
vn 1.0000 -0.0021 -0.0067
vn 1.0000 -0.0022 0.0042
vn 1.0000 -0.0031 -0.0062
vn 1.0000 -0.0022 -0.0011
vn -0.0032 -1.0000 0.0039
vn -0.0008 -1.0000 -0.0052
vn -0.0059 -1.0000 -0.0003
vn -0.0033 -1.0000 -0.0013
vn -0.0115 -0.9999 -0.0082
vn -1.0000 0.0051 -0.0042
vn -1.0000 0.0012 -0.0069
vn -0.0598 -0.0055 0.9982
vn -0.0665 -0.0028 0.9978
vn -0.0421 0.0063 0.9991
vn 0.0013 -0.0007 1.0000
vn -0.0008 -0.0019 1.0000
vn -0.0003 -0.0018 1.0000
vn -0.0033 0.0023 1.0000
vn -0.0033 0.0016 1.0000
vn -0.0022 0.0023 1.0000
vn 0.0019 0.0022 1.0000
vn 0.0008 0.0042 1.0000
vn -1.0000 0.0021 -0.0000
vn 0.0017 -0.0004 1.0000
vn 0.0023 0.0006 1.0000
vn 0.0002 -0.0007 1.0000
vn -0.0035 0.0013 1.0000
vn -0.0039 -0.0023 1.0000
vn -0.0000 -0.0001 1.0000
vn 0.0021 -0.0011 1.0000
vn 0.0021 1.0000 -0.0000
vn 0.0450 0.9988 0.0190
vn 0.5728 0.8147 0.0908
vn 0.9098 0.1035 0.4020
vn 0.6200 -0.7842 -0.0257
vn 0.3066 0.9516 -0.0188
vn 0.8824 0.3217 0.3434
vn 0.9603 -0.2789 0.0110
vn -0.0985 0.9950 0.0193
vn 0.1074 0.9791 0.1728
vn -0.9917 0.1150 0.0583
vn -0.8459 0.4650 0.2612
vn -0.0446 0.9969 0.0644
vn 0.6444 0.7210 0.2548
vn -0.1736 -0.9642 0.2003
vn -0.9953 -0.0755 -0.0604
vn -0.6247 0.7091 0.3271
vn -0.1648 0.9854 0.0421
vn 0.7556 -0.6524 -0.0588
vn -0.2860 -0.9121 0.2938
vn -0.5984 -0.7955 0.0958
vn -0.9068 0.4215 -0.0110
vn -0.6290 0.7498 0.2051
vn 0.2268 -0.9737 0.0240
vn -0.0728 -0.9752 0.2088
vn -0.9651 -0.2480 0.0839
vn -0.9525 0.1709 0.2521
vn 0.8087 0.5869 0.0401
vn 0.6172 -0.7857 0.0409
vn 0.6362 -0.7712 0.0212
vn 0.3431 0.0700 0.9367
vn 0.0817 0.3086 0.9477
vn -0.2341 0.2648 0.9354
vn -0.2025 -0.2475 0.9475
vn 0.1841 -0.2025 0.9618
vn -0.0013 0.0004 1.0000
vn -0.0021 -0.0012 1.0000
vn 0.0005 -0.0029 1.0000
vn 0.0011 0.0008 1.0000
vn -0.5481 -0.8254 0.1350
vn -0.3537 0.9334 -0.0610
vn -0.3292 -0.8726 -0.3608
vn -0.0033 0.0020 1.0000
vn -0.0017 -0.0011 1.0000
vn -0.0043 -0.0085 1.0000
vn 0.0024 -0.0035 1.0000
vn 0.0005 0.0031 1.0000
vn -0.0027 0.0023 1.0000
vn -0.0010 0.0005 1.0000
vn -0.2526 -0.3010 -0.9196
vn -0.2079 0.3948 -0.8949
vn 0.1688 0.3826 -0.9084
vn -0.3968 -0.0582 -0.9161
vn 0.2794 -0.2246 -0.9335
vn -0.3206 -0.3325 -0.8869
vn -0.1224 0.4234 -0.8976
vn -0.1239 0.4011 0.9076
vn -0.2345 -0.3443 0.9091
vn 0.2608 -0.2463 0.9335
vn -0.1746 -0.2877 0.9417
vn -0.0714 -0.2171 0.9735
vn 0.3795 -0.1489 0.9131
vn -0.3297 -0.2709 0.9044
vn -0.7061 -0.7024 0.0899
vn -0.9308 -0.3656 -0.0005
vn -0.4562 0.8890 0.0389
vn -0.6763 0.7324 0.0786
vn 0.2366 0.9682 0.0813
vn 0.4012 0.9150 0.0416
vn 0.9983 0.0575 -0.0008
vn 0.8807 -0.4646 0.0917
vn 0.2600 -0.9653 -0.0236
vn -0.2605 -0.9615 0.0872
vn -0.3477 -0.9356 0.0607
vn -0.9515 0.3073 -0.0137
vn -0.6299 0.7699 0.1026
vn 0.3317 0.9434 -0.0004
vn 0.9091 0.4004 0.1149
vn 0.9349 -0.3543 -0.0222
vn -0.2537 -0.9673 -0.0026
vn -0.6251 -0.7768 0.0760
vn -0.9999 -0.0105 -0.0135
vn -0.5901 0.8021 0.0921
vn -0.3291 0.9427 0.0544
vn 0.5185 0.8504 0.0890
vn 0.8376 0.5462 -0.0039
vn 0.7712 -0.6356 0.0367
vn 0.8119 -0.5815 0.0516
vn -0.6898 -0.7186 0.0885
vn -0.9580 -0.2868 -0.0083
vn -0.6079 0.7925 0.0491
vn -0.4346 0.8962 0.0889
vn 0.3152 0.9490 -0.0023
vn 0.9889 0.1398 0.0506
vn 0.9925 0.1125 0.0469
vn 0.8670 -0.4905 0.0875
vn 0.2036 -0.9783 -0.0377
vn 0.4011 0.9144 0.0549
vn 0.9983 0.0577 0.0039
vn 0.9953 -0.0891 -0.0374
vn 0.2633 -0.9629 0.0592
vn -0.1211 -0.9924 -0.0200
vn -0.9306 -0.3614 0.0578
vn -0.9407 -0.3353 0.0520
vn -0.6738 0.7300 0.1147
vn -0.0680 0.9970 -0.0379
vn 0.3304 0.9418 0.0616
vn 0.5770 0.8168 -0.0052
vn 0.9342 -0.3549 0.0357
vn 0.8010 -0.5976 -0.0366
vn -0.3476 -0.9362 0.0526
vn -0.6895 -0.7232 -0.0396
vn -0.9506 0.3041 0.0620
vn -0.7426 0.6693 -0.0239
vn -0.3878 0.9192 -0.0687
vn -0.7927 0.6095 -0.0121
vn -0.9767 -0.2140 -0.0147
vn -0.7703 -0.6337 -0.0713
vn -0.3350 -0.9422 -0.0056
vn 0.8540 -0.5193 -0.0333
vn 0.8920 -0.4492 -0.0505
vn 0.9947 0.0612 -0.0830
vn 0.4400 0.8973 0.0342
vn -0.8983 0.4369 -0.0479
vn -0.9959 0.0070 -0.0901
vn -0.7974 -0.6033 -0.0150
vn 0.3316 -0.9426 -0.0393
vn 0.6685 -0.7372 -0.0981
vn 0.9977 -0.0679 0.0052
vn 0.2500 0.9678 -0.0306
vn 0.1026 0.9928 -0.0621
vn -0.0606 0.9981 -0.0086
vn -0.9954 0.0936 -0.0206
vn -0.9993 0.0110 -0.0366
vn -0.2622 -0.9650 0.0034
vn 0.2395 -0.9688 -0.0633
vn 0.7300 -0.6820 -0.0434
vn 0.8445 -0.5325 -0.0577
vn 0.9462 0.3235 0.0065
vn 0.2858 0.9559 -0.0669
vn -0.4571 0.8891 -0.0256
vn -0.5474 0.8357 -0.0437
vn -0.9895 -0.1442 0.0045
vn -0.7088 -0.7014 -0.0750
vn -0.1240 -0.9922 0.0089
vn 0.8358 -0.5484 -0.0274
vn 0.9271 -0.3697 -0.0620
vn 0.7955 0.6045 -0.0422
vn 0.9375 0.3479 -0.0005
vn 0.4818 0.8741 -0.0623
vn 0.8353 0.5472 0.0533
vn 0.8158 -0.5783 0.0037
vn 0.4781 -0.8720 -0.1051
vn -0.2491 -0.9668 0.0568
vn -0.9999 -0.0105 -0.0136
vn -0.9908 0.1240 -0.0534
vn -0.3291 0.9426 0.0566
vn 0.3146 0.9487 0.0332
vn 0.6291 0.7763 -0.0391
vn 0.9920 0.1120 0.0574
vn 0.8353 -0.5490 -0.0301
vn 0.2125 -0.9739 0.0798
vn -0.4324 -0.9012 -0.0280
vn -0.9571 -0.2806 0.0726
vn -0.8759 0.4800 -0.0489
vn -0.6082 0.7931 0.0321
vn -0.8668 0.4982 0.0222
vn -0.6779 0.7149 0.1715
vn 0.1773 0.9731 -0.1473
vn 0.5963 0.7783 0.1966
vn 0.9794 0.0198 -0.2008
vn 0.8822 -0.4364 0.1766
vn 0.3216 -0.9381 -0.1287
vn 0.8776 -0.3843 -0.2866
vn 0.9836 0.0764 -0.1634
vn -0.9006 -0.4236 0.0979
vn -0.2981 0.9465 -0.1240
vn -0.2821 0.9537 -0.1039
vn 0.7421 0.6434 0.1880
vn 0.9389 0.2347 -0.2517
vn 0.6571 -0.7192 0.2258
vn 0.2654 -0.9421 -0.2051
vn 0.3463 -0.9311 0.1149
vn 0.8486 -0.5184 -0.1053
vn 0.5985 0.7975 0.0757
vn 0.4372 0.8991 -0.0190
vn -0.7881 0.6130 -0.0549
vn -0.9931 0.0704 0.0939
vn -0.9769 -0.2135 0.0008
vn -0.3327 -0.9404 -0.0698
vn 0.3327 -0.9430 -0.0031
vn 0.9942 -0.0679 -0.0831
vn 0.7375 0.6568 0.1575
vn 0.2493 0.9666 -0.0593
vn -0.8992 0.4375 -0.0036
vn -0.9623 0.2639 0.0659
vn -0.7947 -0.6017 -0.0803
vn 0.0740 -0.9920 0.1025
vn 0.2110 -0.9762 0.0497
vn 0.7296 -0.6809 -0.0642
vn -0.9917 0.0959 -0.0861
vn -0.9691 -0.2464 0.0145
vn -0.2573 -0.9629 -0.0814
vn -0.1244 -0.9911 -0.0475
vn 0.8357 -0.5483 -0.0306
vn 0.9305 -0.3644 0.0374
vn 0.7934 0.6027 -0.0856
vn 0.3830 0.9216 0.0632
vn -0.4544 0.8855 -0.0969
vn -0.9515 0.3034 0.0510
vn -0.9872 -0.1430 -0.0705
vn -0.3735 -0.9269 0.0367
vn 0.3440 0.1681 0.9238
vn 0.0870 -0.3499 0.9327
vn -0.1303 -0.2302 0.9644
vn -0.0492 -0.0295 0.9984
vn -0.0470 -0.0277 0.9985
vn 0.0508 -0.0013 0.9987
vn -0.0590 -0.0703 0.9958
vn 0.0737 0.0783 0.9942
vn -0.0042 0.0513 0.9987
vn 0.0785 0.0893 0.9929
vn -0.9768 -0.1918 0.0949
vn -0.8919 -0.3883 0.2319
vn -0.4518 0.8895 0.0674
vn 0.4243 0.8533 0.3031
vn -0.0857 0.9919 -0.0940
vn 0.7721 0.5480 0.3216
vn 0.9979 0.0599 0.0230
vn 0.3943 0.9180 0.0428
vn 0.8421 0.4440 0.3063
vn 0.9454 0.3244 0.0308
vn 0.9670 -0.0639 0.2465
vn 0.2691 -0.9628 0.0247
vn 0.9881 -0.0818 -0.1300
vn 0.2077 -0.9444 0.2547
vn -0.1594 -0.9872 0.0048
vn 0.8904 -0.4496 -0.0708
vn 0.7201 -0.6792 0.1419
vn -0.7607 -0.6322 0.1470
vn -0.8516 -0.5228 0.0385
vn -0.1403 -0.9881 0.0634
vn -0.2737 -0.9493 0.1544
vn -0.9306 0.3540 0.0932
vn -0.9573 0.2010 0.2076
vn -0.3974 -0.8803 0.2590
vn -0.7240 -0.6896 0.0168
vn -0.6924 0.7206 0.0364
vn -0.5019 0.8431 0.1934
vn -0.9976 0.0129 0.0675
vn -0.9990 0.0021 0.0454
vn 0.9788 0.0642 -0.1944
vn 0.8774 -0.4793 -0.0181
vn -0.5541 0.4729 0.6851
vn -0.0121 0.7281 -0.6853
vn 0.0134 -0.9999 0.0073
vn 0.0678 0.1937 0.9787
vn -0.0142 -0.0304 0.9994
vn -0.0160 -0.0743 0.9971
vn -0.0394 -0.0054 0.9992
vn 0.0102 0.0309 0.9995
vn 0.0162 -0.0358 0.9992
vn -0.0000 -0.0245 0.9997
vn -0.0909 -0.0962 0.9912
vn -0.0564 -0.0171 0.9983
vn -0.0154 0.0017 0.9999
vn 0.0187 -0.0136 0.9997
vn -0.0239 -0.0179 0.9996
vn -0.0146 0.0008 0.9999
vn 0.0094 0.0008 1.0000
vn -0.0579 0.0286 0.9979
vn 0.0004 0.0121 0.9999
vn 0.0048 -0.1601 0.9871
vn 0.0192 0.0091 0.9998
vn -0.0198 0.0111 0.9997
vn 0.0063 0.0127 0.9999
vn 0.0051 -0.0210 0.9998
vn -0.0112 -0.0073 0.9999
vn -0.0153 0.0497 0.9986
vn 0.0168 0.0148 0.9998
vn 0.1484 0.1348 0.9797
vn -0.0252 -0.0933 0.9953
vn 0.0032 -0.0082 1.0000
vn 0.0538 0.0133 0.9985
vn -0.0167 0.0032 0.9999
vn -0.0236 0.0049 0.9997
vn -0.0046 0.0186 0.9998
vn -0.0390 0.0022 0.9992
vn 0.0818 0.0002 0.9966
vn 0.0141 -0.0181 0.9997
vn 0.0571 -0.0370 0.9977
vn -0.1151 -0.0226 0.9931
vn -0.0049 0.0061 1.0000
vn 0.0219 0.0978 0.9950
vn 0.1142 -0.0311 0.9930
vn -0.0924 0.0264 0.9954
vn 0.0802 0.1025 0.9915
vn 0.0073 0.0072 0.9999
vn 0.0763 0.0028 0.9971
vn -0.0098 -0.0150 0.9998
vn -0.1215 -0.0569 0.9910
vn 0.0649 0.0106 0.9978
vn -0.0520 0.0006 0.9986
vn -0.0022 -0.0456 0.9990
vn 0.0014 -0.0027 1.0000
vn -0.0097 0.0074 0.9999
vn 0.0429 -0.0580 0.9974
vn 0.0540 0.0252 0.9982
vn 0.1894 -0.2660 0.9452
vn 0.0280 -0.0658 0.9974
vn -0.0651 -0.1730 0.9828
vn -0.1241 -0.9923 0.0047
vn 0.1072 0.0425 0.9933
vn 0.4499 -0.0216 0.8928
vn -0.9733 0.0300 0.2275
vn -0.0204 -0.0738 0.9971
vn 0.0019 0.1537 0.9881
vn -0.3684 -0.0300 0.9292
vn -0.0923 -0.0054 0.9957
vn 0.0109 -0.0014 0.9999
vn -0.7943 0.0870 -0.6013
vn 0.1540 -0.0158 0.9879
vn 0.9991 -0.0014 -0.0423
vn 0.9992 -0.0021 -0.0409
vn -0.7060 -0.6780 0.2044
vn -0.8950 -0.4353 -0.0973
vn -0.8361 0.5482 0.0219
vn -0.6972 0.6848 0.2123
vn 0.2021 0.9628 -0.1796
vn 0.7061 0.6746 0.2154
vn 0.9674 0.2027 -0.1518
vn 0.7015 -0.6806 0.2115
vn 0.3481 -0.9111 -0.2208
vn -0.7056 0.7086 -0.0000
vn -0.5731 0.7931 0.2065
vn -0.8071 -0.5782 -0.1194
vn -0.9321 -0.2960 0.2087
vn -0.7217 0.6714 -0.1685
vn -0.2730 0.9326 0.2362
vn 0.4304 0.8726 -0.2308
vn 0.9459 0.2136 0.2441
vn 0.9554 -0.2584 -0.1427
vn 0.3334 -0.9309 0.1493
vn 0.2184 -0.9754 0.0300
vn -0.8090 0.5872 0.0257
vn -0.7767 0.6157 0.1328
vn -0.3255 0.9389 -0.1118
vn -0.2794 0.9588 0.0509
vn -0.7465 -0.6576 -0.1016
vn -0.7410 -0.6686 -0.0623
vn -0.2730 -0.9350 0.2263
vn -0.9605 -0.1279 0.2470
vn -0.9757 -0.0973 0.1965
vn -0.9771 0.0647 0.2025
vn -0.9858 0.1027 0.1331
vn 0.6802 0.7328 0.0173
vn 0.6491 0.7549 0.0934
vn 0.3455 0.9356 -0.0726
vn 0.2380 0.9578 0.1614
vn 0.7245 -0.6809 0.1071
vn 0.6466 -0.7568 -0.0955
vn 0.1642 -0.9785 0.1251
vn -0.0129 -0.9579 -0.2869
vn 0.9160 -0.3902 -0.0931
vn 0.9634 -0.2131 0.1626
vn 0.9556 0.2946 0.0066
vn 0.9508 0.3086 -0.0253
vn 0.0642 0.9935 0.0939
vn -0.0909 0.9863 -0.1375
vn -0.0003 -0.1719 -0.9851
vn -0.1866 -0.5101 -0.8396
vn 0.0056 -0.9996 -0.0272
vn -0.2183 -0.4556 0.8630
vn -0.0586 -0.2107 0.9758
vn 0.0417 -0.5769 -0.8158
vn -0.2440 0.3250 -0.9137
vn 0.0286 0.7786 -0.6269
vn -0.0908 0.7348 0.6722
vn 0.0792 0.4947 0.8655
vn -0.1475 -0.9248 0.3508
vn -0.1954 -0.8878 0.4167
vn -0.9999 0.0014 0.0111
vn -0.9999 0.0021 0.0125
vn 0.8976 -0.2296 -0.3763
vn 0.7696 -0.0868 -0.6326
vn -0.5883 0.0215 -0.8084
vn -0.8412 -0.1787 -0.5103
vn -0.6317 0.1551 0.7595
vn -0.1181 -0.1482 0.9819
vn 0.8629 0.0352 0.5041
vn 0.4555 -0.2074 -0.8657
vn 0.1734 -0.0460 -0.9838
vn -0.9073 -0.0196 -0.4201
vn -0.9819 -0.1647 -0.0932
vn -0.7659 0.0172 0.6427
vn 0.3825 -0.1821 0.9058
vn 0.1974 -0.2931 0.9355
vn 0.9919 0.0833 0.0963
vn 0.4652 -0.2175 -0.8581
vn -0.0834 0.1019 -0.9913
vn -0.9843 -0.1314 -0.1180
vn -0.9505 0.0820 0.2998
vn 0.3835 -0.1771 0.9064
vn 0.3271 -0.2138 0.9205
vn 0.9978 0.0634 0.0208
vn 0.9913 0.1079 0.0758
vn 0.8479 -0.1383 -0.5118
vn -0.0785 0.0533 -0.9955
vn -0.4749 -0.1107 -0.8730
vn -0.9859 0.0339 -0.1639
vn -0.8921 -0.1301 0.4326
vn -0.2812 0.1255 0.9514
vn 0.5071 -0.1612 0.8467
vn -0.0339 0.9896 -0.1397
vn 0.1155 -0.0921 -0.9890
vn 0.0499 -0.1972 -0.9791
vn -0.0166 -0.9921 0.1247
vn 0.2364 -0.7963 0.5568
vn -0.0723 0.1377 0.9878
vn 0.2190 0.9075 0.3586
vn -0.0479 0.9870 -0.1535
vn 0.1346 0.2334 -0.9630
vn -0.1120 -0.2575 -0.9598
vn 0.1538 -0.9766 0.1505
vn 0.0889 -0.9602 0.2648
vn -0.0238 0.1903 0.9814
vn 0.2769 0.7248 0.6308
vn -0.0464 0.9942 -0.0966
vn 0.1745 0.7998 -0.5744
vn -0.0395 0.1318 -0.9905
vn 0.1961 -0.8968 -0.3966
vn 0.2591 -0.8349 -0.4856
vn -0.0273 -0.8369 0.5467
vn 0.1261 0.2441 0.9615
vn 0.1393 0.2651 0.9541
vn -0.0708 0.9878 -0.1387
vn 0.1355 0.2193 -0.9662
vn -0.0767 -0.2290 -0.9704
vn 0.1630 -0.9754 0.1482
vn 0.1036 -0.9635 0.2470
vn -0.0033 0.2270 0.9739
vn 0.2668 0.7313 0.6277
vn 0.5814 0.1748 -0.7946
vn 0.1038 -0.0329 -0.9941
vn -0.9596 0.1193 -0.2547
vn -0.9196 0.1815 -0.3485
vn -0.1921 -0.1176 0.9743
vn 0.4197 0.2299 0.8781
vn 0.9966 -0.0820 -0.0010
vn 0.9995 0.0231 -0.0210
vn -0.1407 0.0131 -0.9900
vn -0.6271 0.2864 -0.7244
vn -0.9995 -0.0224 -0.0230
vn -0.2519 0.0515 0.9664
vn -0.2376 0.0608 0.9695
vn 0.9991 0.0089 -0.0411
vn 0.9131 0.0365 -0.4060
vn -0.2329 0.0143 -0.9724
vn -0.6760 0.2552 -0.6913
vn -0.9903 -0.0845 0.1105
vn -0.2306 0.1892 0.9545
vn 0.3650 -0.1107 0.9244
vn 0.9745 0.1807 -0.1332
vn 0.5963 0.1570 -0.7873
vn 0.1504 -0.0827 -0.9852
vn -0.9559 0.1507 -0.2521
vn -0.9770 0.1089 -0.1834
vn -0.3853 -0.0082 0.9228
vn 0.3427 0.2436 0.9073
vn 0.9061 -0.1432 0.3981
vn -0.0014 -0.0003 1.0000
vn -0.0013 -0.0002 1.0000
vn -0.0571 0.0078 0.9983
vn -0.1411 -0.0015 0.9900
vn 0.0015 -0.0044 1.0000
vn -0.0047 -0.1208 0.9927
vn -0.0158 -0.0924 0.9956
vn 0.0754 0.0546 0.9957
vn -0.1609 -0.1535 0.9750
vn -0.0978 -0.0188 0.9950
vn -0.0017 -0.0022 1.0000
vn 0.0005 -0.0034 1.0000
vn 0.0012 -0.0062 1.0000
vn -0.1018 0.9943 -0.0332
vn -0.0040 0.9999 0.0104
vn 0.0021 0.9997 0.0256
vn -0.0047 0.1511 0.9885
vn 0.0111 -0.0070 0.9999
vn -0.0248 0.1069 0.9940
vn -0.0983 0.0241 0.9949
vn -0.1585 0.1586 0.9745
vn 0.0023 0.0012 1.0000
vn -0.0299 0.0079 0.9995
vn -0.0090 -0.0070 0.9999
vn 0.0033 0.0041 1.0000
vn -0.1417 0.0083 0.9899
vn 0.0001 0.0099 1.0000
vn 0.1687 -0.0744 0.9829
vn -0.0039 0.0011 1.0000
vn -0.0012 0.0003 1.0000
vn -0.0722 0.9968 -0.0352
vn -0.9863 0.1445 -0.0799
vn 1.0000 -0.0021 -0.0000
vn 1.0000 -0.0021 -0.0001
vn 1.0000 -0.0027 0.0007
vn 1.0000 -0.0021 0.0015
vn 0.9999 -0.0035 0.0094
vn 1.0000 0.0006 0.0042
vn 1.0000 -0.0022 -0.0001
vn -0.0734 -0.9962 -0.0478
vn 0.0142 -0.9942 -0.1061
vn -0.9985 -0.0197 0.0508
vn -0.7725 0.5739 -0.2718
vn 0.0487 0.9950 0.0867
vn 0.9785 0.0115 -0.2060
vn 0.9645 0.2628 -0.0264
vn -0.4288 0.8978 -0.1007
vn -0.6398 0.7685 0.0089
vn -0.8997 -0.4316 -0.0661
vn -0.8253 -0.5644 0.0194
vn 0.5946 -0.8029 -0.0432
vn 0.5133 -0.8580 0.0196
vn 0.8873 0.4512 -0.0957
vn 0.7239 0.6879 0.0530
vn -1.0000 -0.0076 -0.0037
vn -0.9984 0.0151 0.0541
vn -1.0000 -0.0026 -0.0013
vn -0.9997 0.0253 0.0010
vn -0.9995 0.0268 -0.0137
vn -0.9928 0.1189 -0.0175
vn -1.0000 -0.0075 0.0006
vn -0.9862 0.1602 0.0419
vn -0.9996 0.0267 0.0006
vn -0.9997 -0.0226 -0.0073
vn -1.0000 0.0021 -0.0043
vn -0.9988 0.0035 0.0493
vn -0.9986 -0.0417 -0.0334
vn -0.9999 0.0010 0.0126
vn -1.0000 0.0046 0.0055
vn -0.9988 0.0015 -0.0499
vn -1.0000 0.0027 -0.0076
vn -1.0000 0.0060 -0.0019
vn -0.7198 -0.6942 0.0020
vn -0.6969 -0.7171 -0.0008
vn 0.1539 -0.9863 0.0597
vn 0.0327 -0.9994 0.0064
vn -0.0465 -0.9980 -0.0430
vn 0.0307 -0.9992 0.0246
vn 0.0106 -0.9999 0.0033
vn -0.0292 -0.9987 -0.0419
vn 0.0028 -1.0000 0.0006
vn -0.0288 -0.9995 0.0144
vn -0.0036 -0.9976 -0.0686
vn -0.0021 -0.9975 -0.0705
vn -0.0115 -0.9999 -0.0065
vn -0.0037 -1.0000 0.0066
vn -0.0023 -1.0000 -0.0086
vn -0.0269 -0.9996 -0.0098
vn 0.0138 -0.9999 0.0043
vn 0.1641 -0.9830 0.0826
vn -0.0057 -0.9998 -0.0190
vn 0.0153 -0.9998 -0.0136
vn 0.0031 -1.0000 -0.0009
vn -0.0051 -1.0000 0.0066
vn -0.0216 -0.9998 0.0045
vn 0.0174 -0.9998 0.0049
vn 0.0730 -0.9973 0.0058
vn -0.0278 -0.9996 0.0015
vn 0.0200 -0.9998 0.0022
vn -0.0187 -0.9998 -0.0000
vn -0.0408 -0.9991 -0.0082
vn 0.1073 -0.9921 0.0652
vn -0.0153 -0.9994 -0.0298
vn -0.0025 -1.0000 0.0088
vn -0.0053 -1.0000 -0.0028
vn 0.6924 -0.7215 0.0019
vn 0.7264 -0.6872 -0.0023
vn 0.9960 -0.0894 0.0085
vn 0.9888 0.1452 0.0341
vn 0.9751 0.2206 -0.0249
vn 1.0000 -0.0027 -0.0020
vn 0.9931 0.1161 0.0139
vn 0.9999 0.0108 -0.0026
vn 0.9855 -0.1662 0.0350
vn 1.0000 -0.0042 0.0032
vn 0.9997 0.0214 -0.0094
vn 0.9999 -0.0079 0.0066
vn 1.0000 0.0010 -0.0028
vn 0.9996 -0.0296 -0.0022
vn 0.9992 0.0395 -0.0100
vn 0.9975 -0.0613 -0.0349
vn 1.0000 -0.0011 -0.0094
vn 0.9997 0.0171 -0.0183
vn 0.9993 -0.0362 0.0001
vn 0.9997 0.0181 0.0147
vn 1.0000 -0.0020 0.0075
vn 0.9999 -0.0021 -0.0160
vn 1.0000 0.0031 -0.0012
vn 0.9999 -0.0125 -0.0112
vn 0.9964 0.0518 0.0668
vn 1.0000 -0.0028 -0.0028
vn 0.9999 0.0081 0.0070
vn 0.9997 -0.0023 -0.0229
vn 0.9998 -0.0020 -0.0196
vn 0.7243 0.6895 0.0022
vn 0.6932 0.7207 -0.0016
vn -0.0298 0.9995 -0.0055
vn -0.9373 0.3123 -0.1545
vn 0.0023 1.0000 0.0071
vn 0.0156 0.9998 0.0149
vn -0.0382 0.9989 -0.0290
vn 0.0021 0.9999 -0.0100
vn -0.0162 0.9999 -0.0001
vn -0.0303 0.9995 0.0051
vn -0.0153 0.9995 0.0291
vn 0.0078 0.9994 -0.0326
vn 0.0282 0.9996 0.0095
vn -0.0376 0.9992 0.0118
vn 0.0029 1.0000 0.0047
vn 0.0035 0.9940 -0.1093
vn -0.1674 0.9842 -0.0581
vn 0.0135 0.9999 0.0058
vn 0.0178 0.9997 0.0135
vn 0.0085 0.9999 0.0057
vn 0.0122 0.9999 0.0001
vn 0.0071 1.0000 0.0048
vn 0.0057 1.0000 0.0048
vn 0.0058 1.0000 0.0049
vn -0.0336 0.9994 0.0105
vn 0.0049 1.0000 -0.0080
vn 0.0334 0.9992 -0.0215
vn -0.0031 1.0000 -0.0002
vn 0.0481 0.9978 0.0445
vn -0.0088 0.9996 -0.0257
vn 0.0224 0.9997 -0.0078
vn -0.0018 1.0000 -0.0074
vn -0.6931 0.7209 0.0018
vn -0.7280 0.6856 -0.0024
vn 0.0679 -0.9906 0.1186
vn 0.6377 -0.7567 -0.1438
vn 0.9501 -0.2123 0.2285
vn 0.9734 0.2000 -0.1121
vn 0.2163 0.9756 0.0387
vn 0.2243 0.9741 0.0289
vn -0.8256 0.5627 0.0406
vn -0.9002 0.4169 -0.1260
vn -0.8014 -0.5891 0.1032
vn -0.5601 -0.8128 -0.1600
vn 0.2652 -0.9421 -0.2051
vn 0.6572 -0.7192 0.2256
vn 0.9389 0.2349 -0.2516
vn -0.9890 0.1183 0.0888
vn -0.9396 -0.2640 -0.2180
vn -0.5851 -0.7977 0.1465
vn 0.3216 -0.9381 -0.1286
vn 0.8824 -0.4362 0.1763
vn 0.9795 0.0197 -0.2007
vn 0.7134 0.6879 0.1338
vn 0.1774 0.9745 -0.1375
vn -0.1784 0.9796 0.0927
vn -0.8546 0.5032 -0.1284
vn -0.9694 0.1736 0.1737
vn -0.6707 -0.7213 -0.1729
vn -0.2804 -0.9436 0.1763
vn 0.8039 -0.5542 0.2159
vn 0.9569 0.2345 -0.1712
vn 0.6743 0.7218 0.1561
vn 0.2994 0.9502 -0.0871
vn -0.4288 0.8954 0.1197
vn -0.7215 0.6716 -0.1685
vn -0.9840 -0.1048 0.1441
vn -0.0007 -0.4121 -0.9111
vn -0.0000 0.3835 -0.9235
vn 0.8823 -0.4707 -0.0040
vn 0.4025 0.9141 -0.0495
vn 0.3608 0.9285 -0.0876
vn -0.9979 0.0492 -0.0432
vn -0.9940 0.0839 -0.0708
vn -0.2971 -0.9547 0.0149
vn 0.4309 -0.8418 -0.3251
vn -0.0324 0.9845 0.1722
vn -0.4672 0.8642 -0.1865
vn -0.8264 -0.5588 0.0691
vn -0.6505 -0.7526 -0.1020
vn 0.8045 -0.5927 0.0389
vn 0.9389 -0.2124 -0.2710
vn 0.7039 0.6621 -0.2570
vn -0.6284 0.7752 0.0648
vn -0.8018 -0.4268 -0.4184
vn -0.6849 -0.6862 -0.2449
vn 0.6479 -0.7616 -0.0093
vn 0.7954 0.4290 -0.4281
vn -0.9454 0.2196 -0.2409
vn -0.9960 -0.0888 0.0074
vn -0.0228 -0.9996 -0.0182
vn 0.4039 -0.8776 -0.2582
vn 0.9696 -0.2363 0.0630
vn 0.6953 0.6936 -0.1885
vn 0.2105 0.9682 0.1354
vn -0.7449 0.6666 -0.0275
vn -0.8719 -0.4872 -0.0490
vn -0.6161 -0.7482 -0.2463
vn 0.1746 -0.9845 0.0169
vn 0.8940 -0.4135 -0.1725
vn 0.9869 -0.1601 -0.0196
vn 0.4623 0.8867 0.0017
vn -0.1680 0.9248 -0.3414
vn -0.9300 -0.3453 0.1259
vn -0.8550 -0.5180 -0.0235
vn 0.8344 -0.5494 -0.0428
vn 0.8066 -0.5854 -0.0820
vn 0.1337 0.9909 0.0126
vn -0.0671 0.9877 -0.1413
vn -0.3181 -0.8956 -0.3110
vn 0.4332 -0.8943 0.1122
vn 0.9579 0.1661 -0.2343
vn 0.6250 0.7601 0.1779
vn -0.5651 0.7842 -0.2562
vn -0.9723 0.0426 0.2297
vn 0.2593 -0.9642 0.0560
vn 0.7296 -0.6395 -0.2424
vn 0.9890 0.1307 0.0692
vn 0.1120 0.9497 -0.2925
vn -0.2436 0.9693 -0.0347
vn -0.9921 -0.1214 0.0322
vn -0.8987 -0.4007 -0.1781
vn 0.9978 0.0617 0.0229
vn 0.9687 -0.0061 -0.2481
vn 0.8685 0.4419 0.2246
vn 0.5855 0.7269 -0.3589
vn 0.5301 0.8478 -0.0164
vn 0.0301 0.9848 0.1713
vn -0.1597 0.9383 -0.3069
vn -0.5444 0.8106 0.2158
vn -0.6973 0.6970 -0.1672
vn -0.9441 0.3294 0.0116
vn -0.9247 0.3645 -0.1100
vn -0.9816 -0.1279 0.1419
vn -0.9260 -0.2855 -0.2472
vn -0.7561 -0.6420 0.1270
vn -0.5894 -0.7706 -0.2425
vn -0.3609 -0.9169 0.1702
vn 0.0580 -0.9795 -0.1927
vn 0.1292 -0.9916 0.0084
vn 0.7129 -0.6961 0.0844
vn 0.7505 -0.6286 -0.2041
vn 0.5851 0.7986 -0.1414
vn 0.4395 0.8819 0.1705
vn -0.3197 0.9201 -0.2263
vn -0.4705 0.8813 0.0452
vn -0.9417 0.3339 0.0400
vn -0.9589 0.1723 -0.2252
vn -0.8118 -0.5502 0.1959
vn -0.7628 -0.6466 -0.0066
vn -0.1179 -0.9669 -0.2263
vn 0.1370 -0.9791 0.1506
vn 0.6513 -0.7380 -0.1764
vn 0.7640 -0.6450 0.0174
vn 0.9987 -0.0201 -0.0460
vn 0.9932 0.0642 0.0974
vn 0.1761 0.9587 -0.2233
vn 0.5300 0.8145 0.2360
vn 0.9697 -0.1210 -0.2120
vn 0.8029 -0.5615 0.1999
vn 0.0403 -0.9717 -0.2327
vn -0.4196 -0.8897 0.1801
vn -0.9693 0.0130 -0.2456
vn -0.8847 0.3978 0.2430
vn 0.0029 0.0126 -0.9999
vn 0.0089 0.0178 -0.9998
vn 0.3377 0.6841 -0.6465
vn 0.3290 -0.1126 -0.9376
vn 0.5058 -0.5365 -0.6755
vn 0.1043 -0.9666 0.2340
vn -0.2452 -0.8197 0.5177
vn -0.4158 -0.3081 0.8557
vn -0.3254 0.9456 0.0010
vn -0.3878 0.8530 0.3491
vn 0.3930 0.8956 -0.2087
vn -0.0085 0.0924 -0.9957
vn -0.0901 -0.3814 -0.9200
vn -0.3764 -0.9117 -0.1649
vn -0.3695 -0.9270 -0.0651
vn -0.1623 -0.3421 0.9255
vn 0.1849 0.2638 0.9467
vn 0.2486 0.5286 0.8116
vn 0.3704 0.9289 -0.0040
vn 0.0670 -0.9960 -0.0595
vn -0.0031 -0.8968 -0.4424
vn -0.0010 -0.0197 -0.9998
vn 0.0376 0.0480 -0.9981
vn 0.1003 -0.1254 -0.9870
vn -0.1785 0.4457 -0.8772
vn -0.2275 0.6253 -0.7465
vn 0.0976 0.9738 -0.2053
vn -0.0391 0.9915 0.1241
vn -0.1429 0.9891 -0.0370
vn -0.0277 0.9219 0.3865
vn -0.4491 0.8274 0.3372
vn 0.0767 -0.2741 0.9586
vn -0.4140 0.8133 0.4089
vn -0.0686 0.4997 0.8635
vn -0.1565 0.4032 0.9016
vn 0.0445 -0.9954 0.0848
vn 0.0486 -0.3873 0.9207
vn 0.2856 -0.8636 -0.4155
vn 0.3033 -0.6161 -0.7270
vn 0.3817 -0.8466 0.3710
vn 0.3675 -0.8373 0.4047
vn 0.2213 -0.5244 0.8222
vn 0.0563 -0.2479 0.9671
vn 0.3466 0.7985 -0.4923
vn 0.3078 0.8196 -0.4832
vn 0.4975 -0.3323 -0.8013
vn 0.0756 -0.6839 -0.7257
vn -0.0824 -0.9749 -0.2071
vn -0.5144 -0.4808 0.7101
vn -0.5917 -0.1107 0.7985
vn -0.2166 0.6579 0.7213
vn -0.2848 0.7629 -0.5803
vn -0.2857 0.7736 -0.5656
vn 0.0420 -0.1525 -0.9874
vn 0.2600 -0.5562 -0.7893
vn 0.3269 -0.8358 -0.4411
vn 0.3574 -0.8242 0.4392
vn 0.2726 -0.7188 0.6396
vn -0.1037 0.2505 0.9625
vn -0.1873 0.5846 0.7894
vn -0.3587 0.8962 0.2612
vn -0.0231 -0.0586 -0.9980
vn 0.1659 -0.9492 -0.2672
vn -0.4248 -0.8291 -0.3636
vn -0.0344 -0.6771 -0.7351
vn -0.0435 -0.3497 -0.9358
vn -0.0789 -0.3253 -0.9423
vn -0.0098 -0.1853 -0.9826
vn 0.0301 0.8159 -0.5774
vn 0.0182 0.8476 -0.5303
vn 0.0194 -0.0255 0.9995
vn -0.3682 -0.5647 0.7386
vn -0.3813 -0.9183 0.1064
vn 0.0155 -0.0188 0.9997
vn -0.2057 -0.9592 0.1938
vn -0.1671 -0.9821 0.0865
vn 0.0426 0.8971 0.4399
vn 0.0509 0.8777 0.4765
vn -0.0280 0.3508 0.9360
vn -0.0303 -0.3212 0.9465
vn 0.1622 -0.8120 0.5606
vn 0.1301 -0.9507 0.2815
vn 0.3779 0.8059 -0.4558
vn 0.1968 0.6002 0.7753
vn 0.4089 0.8484 0.3363
vn 0.3771 0.8113 -0.4468
vn 0.8890 0.2488 0.3844
vn 0.5203 0.7666 -0.3763
vn -0.6158 0.6777 0.4018
vn -0.8066 0.0330 -0.5901
vn -0.1570 -0.8188 0.5521
vn 0.5713 -0.7113 -0.4096
vn 0.3797 0.7598 0.5277
vn -0.0905 0.9124 -0.3993
vn -0.7254 -0.6806 -0.1033
vn -0.3292 -0.9087 0.2566
vn 0.1032 -0.9751 -0.1961
vn 0.7962 -0.5276 0.2962
vn 0.9103 -0.0589 -0.4098
vn 0.3425 0.1498 -0.9275
vn 0.3998 0.0389 -0.9158
vn -0.0033 0.0013 -1.0000
vn 0.0137 0.0318 -0.9994
vn -0.0400 0.0037 -0.9992
vn 0.0014 -0.0096 -1.0000
vn -0.0032 -0.0009 -1.0000
vn -0.0029 0.0017 -1.0000
vn 0.7456 -0.5803 0.3277
vn 0.8587 0.2138 -0.4657
vn 0.2920 0.8001 0.5239
vn -0.5218 0.7798 -0.3459
vn -0.7734 -0.3170 0.5490
vn -0.3546 -0.7695 -0.5311
vn 0.7301 -0.6533 0.2005
vn 0.8924 -0.4137 -0.1803
vn 0.8689 0.4568 0.1906
vn 0.7394 0.6634 -0.1151
vn -0.9747 0.1114 -0.1937
vn -0.9998 0.0193 -0.0074
vn -0.3676 -0.9189 0.1430
vn -0.1389 -0.9645 -0.2248
vn 0.0064 -0.0170 -0.9998
vn 0.0221 -0.0056 -0.9997
vn 0.0009 0.0039 -1.0000
vn 0.0007 0.0052 -1.0000
vn -0.0028 0.0001 -1.0000
vn -0.0043 0.0021 -1.0000
vn -0.0035 -0.0013 -1.0000
vn -0.0053 -0.0016 -1.0000
vn -0.8469 0.2483 0.4703
vn -0.9827 -0.0924 -0.1608
vn 0.3119 -0.9495 0.0350
vn 0.3282 -0.9421 0.0694
vn 0.5018 0.7059 -0.4999
vn 0.5085 0.7064 -0.4924
vn -0.0955 0.9390 0.3303
vn -0.3583 0.9254 -0.1235
vn -0.9980 -0.0388 -0.0499
vn -0.9733 -0.1505 0.1731
vn 0.6781 -0.7333 0.0492
vn 0.8550 -0.3954 -0.3356
vn 0.9768 0.1992 -0.0791
vn 0.8553 0.3929 -0.3377
vn -0.0072 -0.0033 -1.0000
vn -0.0187 -0.0069 -0.9998
vn 0.0066 -0.0250 -0.9997
vn 0.0076 0.0008 -1.0000
vn 0.0111 -0.0013 -0.9999
vn 0.0029 0.0128 -0.9999
vn -0.7484 0.5024 -0.4329
vn -0.9388 0.1282 0.3199
vn 0.0085 -0.9554 -0.2953
vn 0.3226 -0.9230 0.2097
vn 0.9047 0.3645 -0.2207
vn 0.6569 0.6439 0.3923
vn -0.3490 0.9017 -0.2552
vn -0.6306 0.7611 0.1516
vn -0.9797 -0.0188 -0.1995
vn -0.9362 -0.2897 0.1988
vn 0.7957 -0.5595 -0.2320
vn 0.9380 -0.1136 0.3274
vn 0.8048 0.5434 -0.2386
vn 0.4899 0.8437 0.2194
vn -0.0039 0.0164 0.9999
vn -0.0052 0.0193 0.9998
vn 0.0205 0.0095 0.9997
vn 0.0044 -0.0044 1.0000
vn 0.0041 -0.0030 1.0000
vn -0.0063 -0.0065 1.0000
vn -0.0065 0.0068 1.0000
vn -0.1688 -0.0643 0.9836
vn 0.5187 0.7669 -0.3778
vn -0.6151 0.6772 0.4039
vn -0.8062 0.0348 -0.5906
vn -0.1569 -0.8191 0.5518
vn 0.5713 -0.7112 -0.4095
vn 0.8504 0.4345 -0.2967
vn 0.5135 0.7729 0.3728
vn -0.2482 0.9137 -0.3218
vn -0.6676 0.7197 0.1904
vn -0.5822 -0.7959 -0.1662
vn -0.2893 -0.9307 0.2237
vn 0.5343 -0.8130 -0.2316
vn 0.7867 -0.5214 0.3305
vn 0.0033 0.0019 1.0000
vn 0.0087 0.0063 0.9999
vn 0.0115 -0.0134 0.9998
vn -0.0136 -0.0173 0.9998
vn -0.0077 0.0054 1.0000
vn -0.0087 0.0098 0.9999
vn -0.0026 -0.0011 1.0000
vn 0.0029 0.0045 1.0000
vn 0.7457 -0.5805 0.3271
vn 0.8589 0.2142 -0.4653
vn 0.2919 0.8002 0.5238
vn -0.5220 0.7796 -0.3461
vn -0.7731 -0.3170 0.5495
vn -0.3553 -0.7694 -0.5308
vn 0.3279 -0.8693 0.3699
vn 0.8806 -0.2482 -0.4036
vn 0.7788 0.4018 0.4817
vn -0.4570 0.8154 0.3554
vn -0.9384 -0.0893 -0.3337
vn -0.8774 -0.4294 0.2141
vn -0.0749 -0.9779 -0.1953
vn -0.0168 -0.0092 0.9998
vn -0.0180 -0.0103 0.9998
vn -0.0159 0.0299 0.9994
vn 0.0040 0.0022 1.0000
vn -0.0025 0.0014 1.0000
vn -0.0054 -0.0047 1.0000
vn 0.0063 -0.0147 0.9999
vn -0.8936 -0.2125 0.3954
vn -0.8499 -0.5058 -0.1482
vn 0.7850 -0.6148 0.0763
vn 0.7739 -0.6324 0.0339
vn 0.3362 0.9398 0.0608
vn 0.0693 0.9063 -0.4169
vn -0.7147 -0.6880 -0.1261
vn -0.5359 -0.7384 -0.4093
vn 0.3257 -0.9037 0.2781
vn 0.7776 -0.5544 -0.2965
vn 0.9198 0.1640 0.3564
vn 0.7413 0.6008 -0.2993
vn -0.1398 0.9465 0.2907
vn -0.5781 0.6973 -0.4237
vn -0.9428 0.2056 0.2624
vn 0.0115 0.0287 -0.9995
vn -0.0073 -0.0066 -1.0000
vn -0.0295 0.0295 -0.9991
vn 0.0086 -0.0041 -1.0000
vn -0.0108 -0.0107 -0.9999
vn -0.0055 0.0092 -0.9999
vn -0.0075 0.0132 -0.9999
vn 0.5886 0.7243 0.3590
vn 0.1517 0.8942 -0.4212
vn -0.7600 0.4970 0.4188
vn -0.9643 0.1745 -0.1990
vn -0.4758 -0.8767 0.0712
vn -0.4736 -0.8774 0.0760
vn 0.7724 -0.6309 0.0731
vn 0.8252 -0.3547 -0.4396
vn 0.4709 0.8819 0.0234
vn 0.3081 0.9508 -0.0333
vn 0.3124 0.9499 -0.0118
vn 0.0108 0.9952 0.0969
vn 0.0370 0.9806 0.1924
vn 0.0757 0.9883 -0.1321
vn 0.0524 0.9974 -0.0488
vn 0.2870 -0.9564 0.0545
vn 0.3086 -0.9509 -0.0231
vn 0.5019 -0.8649 -0.0040
vn 0.7781 0.0080 -0.6281
vn 0.7190 -0.0090 -0.6950
vn 0.0545 -0.0091 -0.9985
vn 0.8613 -0.5033 -0.0704
vn 0.7848 -0.6152 0.0751
vn 0.1840 -0.9763 -0.1142
vn -0.0161 -0.9872 0.1585
vn -0.7028 -0.6948 -0.1524
vn -0.8406 -0.5303 0.1101
vn -0.9804 0.1611 -0.1135
vn -0.9186 0.3528 0.1780
vn -0.2869 0.9379 -0.1951
vn -0.0801 0.9904 0.1125
vn 0.5563 0.8282 -0.0673
vn 0.6564 0.7524 0.0550
vn 0.9613 0.2579 -0.0969
vn 0.9924 0.0705 0.1012
vn 0.0357 0.9981 0.0507
vn -0.0026 0.9983 0.0582
vn 0.0018 0.9907 0.1361
vn -0.0166 0.9184 0.3953
vn 0.0196 0.7769 0.6294
vn -0.0097 0.6093 0.7929
vn -0.0057 0.9193 0.3935
vn -0.0335 0.8774 -0.4787
vn 0.3242 0.6817 -0.6559
vn 0.4041 -0.1866 -0.8955
vn 0.5383 -0.5174 -0.6652
vn -0.0164 -0.9319 0.3622
vn 0.0242 -0.9405 0.3388
vn -0.5478 0.1821 0.8166
vn -0.4972 0.3860 0.7770
vn -0.1564 0.9708 -0.1819
vn -0.9962 0.0260 -0.0829
vn -0.9937 0.1100 0.0199
vn -0.7148 0.6980 0.0435
vn -0.6023 0.7877 -0.1295
vn 0.1180 0.9791 0.1658
vn 0.2363 0.9716 -0.0136
vn 0.8451 0.5195 -0.1262
vn 0.9302 0.2432 0.2750
vn 0.8842 -0.4192 -0.2059
vn 0.6540 -0.7396 0.1590
vn 0.2670 -0.9515 -0.1525
vn -0.0671 -0.9880 0.1391
vn -0.6459 -0.7507 -0.1391
vn -0.7762 -0.6252 0.0814
vn -0.9806 0.1245 -0.1515
vn -0.9944 0.0221 -0.1034
vn -0.0048 -0.9999 -0.0110
vn 0.0012 -0.9999 0.0107
vn -0.0022 -1.0000 -0.0000
vn -0.0058 -1.0000 -0.0036
vn -0.0024 -1.0000 0.0006
vn -0.0038 -1.0000 -0.0013
vn -0.0012 -1.0000 0.0024
vn -0.0104 -0.9998 -0.0165
vn 0.0331 -0.9994 -0.0041
vn -0.0009 -1.0000 -0.0004
vn -0.0017 -1.0000 0.0003
vn -0.0018 -1.0000 0.0018
vn 0.0052 -1.0000 0.0020
vn 0.0077 -1.0000 0.0040
vn 0.0050 -1.0000 -0.0020
vn -0.0003 -1.0000 0.0003
vn 0.0062 -1.0000 -0.0018
vn -0.0021 -1.0000 -0.0001
vn -0.0019 -1.0000 0.0036
vn 0.0075 0.9999 0.0098
vn 0.0025 1.0000 0.0031
vn 0.0016 1.0000 -0.0011
vn 0.0024 1.0000 0.0030
vn 0.0006 1.0000 -0.0012
vn 0.0070 1.0000 -0.0008
vn 0.0128 0.9999 -0.0038
vn 0.0013 1.0000 -0.0003
vn 0.0021 1.0000 0.0002
vn 0.0021 1.0000 0.0017
vn -0.0002 1.0000 -0.0022
vn 0.0005 1.0000 -0.0070
vn 0.0140 0.9999 -0.0052
vn 0.0065 1.0000 0.0012
vn 0.0048 1.0000 0.0001
vn 0.0023 1.0000 0.0001
vn 0.0040 1.0000 -0.0024
vn 0.0114 0.9999 0.0012
vn -0.9932 -0.0168 -0.1153
vn -0.9936 -0.0380 -0.1065
vn -0.0014 -1.0000 0.0012
vn -0.0074 -0.9999 0.0137
vn -0.0032 -1.0000 -0.0006
vn -0.0607 -0.9964 -0.0592
vn -0.0026 -1.0000 0.0002
vn 0.0005 -1.0000 0.0003
vn -0.1792 -0.9799 -0.0877
vn -0.1779 -0.9791 0.0986
vn -0.0025 -0.9999 -0.0118
vn -0.0026 -1.0000 -0.0011
vn 0.0257 -0.9963 0.0826
vn -0.0199 -0.9994 0.0281
vn -0.0014 -1.0000 0.0005
vn -0.1192 -0.9896 0.0806
vn 0.0469 -0.9652 0.2573
vn -0.0084 -0.9996 0.0269
vn -0.0020 -1.0000 0.0013
vn -0.0014 -1.0000 0.0006
vn -0.0443 -0.9988 0.0216
vn -0.0413 -0.9991 -0.0077
vn -0.0012 -1.0000 0.0022
vn -0.0018 -1.0000 0.0001
vn -0.0021 -1.0000 -0.0002
vn -0.0017 -1.0000 -0.0011
vn 0.0040 -0.9997 0.0247
vn 0.0075 -0.9999 -0.0107
vn 0.0031 -1.0000 -0.0010
vn -0.0483 -0.9988 -0.0102
vn -0.0109 -0.9999 0.0061
vn -0.0129 -0.9992 -0.0367
vn -0.0108 -0.9994 -0.0333
vn -0.0493 -0.9938 -0.0997
vn -0.0204 -0.9996 -0.0192
vn -0.0228 -0.9997 0.0019
vn -0.0019 -1.0000 0.0010
vn -0.0018 -1.0000 -0.0008
vn -0.0059 -0.9998 -0.0205
vn -0.0025 -1.0000 0.0004
vn -0.0017 -1.0000 0.0007
vn -0.9799 0.1993 0.0027
vn 0.0461 -0.3170 -0.9473
vn -0.7744 -0.1835 -0.6055
vn -0.4619 0.2856 -0.8397
vn 0.6027 0.2960 -0.7411
vn 0.8571 -0.2318 -0.4600
vn -0.9221 -0.2609 -0.2857
vn -0.9909 0.0320 -0.1305
vn -0.4534 0.2498 -0.8556
vn -0.1511 -0.2236 -0.9629
vn 0.5227 0.2274 -0.8216
vn 0.6949 -0.1059 -0.7113
vn -0.7655 0.1349 0.6292
vn 0.9993 -0.0000 0.0383
vn 0.9722 0.1909 0.1360
vn 0.4960 -0.2059 0.8436
vn 0.2403 0.2854 0.9278
vn -0.5714 -0.3019 0.7631
vn -0.9946 0.0466 0.0929
vn 0.9620 0.2033 0.1822
vn 0.8810 -0.1913 0.4328
vn 0.3748 0.1574 0.9137
vn 0.1149 -0.1923 0.9746
vn -0.4208 0.2055 0.8836
vn -0.6839 -0.2066 0.6997
vn 1.0000 0.0004 0.0070
vn 1.0000 -0.0081 -0.0021
vn 0.5156 0.8568 -0.0060
vn 0.5187 0.8549 0.0001
vn 0.5103 0.8600 -0.0010
vn 0.5111 0.8595 -0.0020
vn 0.2846 0.9442 -0.1655
vn 0.3863 0.9149 0.1171
vn 0.4742 0.8804 -0.0125
vn 0.1065 -0.9752 -0.1940
vn 0.0334 -0.9993 0.0180
vn 0.0260 -0.9984 -0.0506
vn 0.0576 -0.9964 0.0621
vn 0.0023 0.0005 -1.0000
vn -0.0038 0.0054 -1.0000
vn -0.0041 0.0044 -1.0000
vn -0.0013 -0.0014 -1.0000
vn -0.0025 0.0033 -1.0000
vn 0.0010 0.0005 -1.0000
vn 0.0005 0.0003 -1.0000
vn -0.0006 0.0004 -1.0000
vn 0.0047 0.0618 -0.9981
vn -0.0000 0.0001 -1.0000
vn 0.0001 0.0003 -1.0000
vn -0.0008 -0.0026 -1.0000
vn 0.0001 -0.0002 -1.0000
vn -0.0007 0.0025 -1.0000
vn 0.0003 -0.0024 -1.0000
vn 0.0003 -0.0005 -1.0000
vn 0.0049 -0.0049 -1.0000
vn 0.0047 0.0074 -1.0000
vn 0.0012 -0.0011 -1.0000
vn -0.0013 0.0021 -1.0000
vn -0.0004 -0.0037 -1.0000
vn -0.0016 0.0054 -1.0000
vn -0.0003 -0.0038 -1.0000
vn -0.0001 -0.0015 -1.0000
vn 0.0001 0.0002 -1.0000
vn -0.0053 -0.0301 -0.9995
vn -0.0061 0.0011 -1.0000
vn -0.0054 0.0007 -1.0000
vn 0.0002 -0.0024 -1.0000
vn -0.0000 -0.0005 -1.0000
vn -0.0005 0.0129 -0.9999
vn -0.0006 -0.0038 -1.0000
vn 0.0002 0.0004 -1.0000
vn -0.0002 0.0014 -1.0000
vn -0.0008 0.0066 -1.0000
vn -0.0033 0.0032 -1.0000
vn -0.0027 -0.0015 -1.0000
vn -0.0000 -0.0003 -1.0000
vn -0.0020 0.0019 -1.0000
vn -0.0028 0.0008 -1.0000
vn -0.0011 -0.0029 -1.0000
vn -0.0127 -0.0131 -0.9998
vn 0.0006 0.0008 -1.0000
vn 0.0006 0.0014 -1.0000
vn -0.0024 -0.0009 -1.0000
vn 0.0029 0.0007 -1.0000
vn 0.9199 -0.3544 0.1677
vn 0.7986 -0.5823 -0.1519
vn 0.0732 -0.9812 0.1789
vn -0.1695 -0.9674 -0.1880
vn -0.9300 -0.2408 -0.2775
vn -0.8041 -0.5626 0.1919
vn -0.8195 0.5085 0.2642
vn -0.5974 0.7769 -0.1987
vn 0.0566 0.9824 0.1781
vn 0.3548 0.9143 -0.1953
vn 0.9676 0.2060 -0.1463
vn 0.8478 0.5042 0.1645
vn -0.4560 0.0756 -0.8868
vn -0.3986 -0.1324 -0.9075
vn -0.8149 -0.1062 -0.5698
vn -0.9578 -0.2579 0.1272
vn 0.9653 0.2134 0.1504
vn 0.9013 -0.1784 0.3947
vn 0.3587 0.1740 0.9171
vn 0.2263 -0.0564 0.9724
vn -0.4644 -0.0264 0.8852
vn -0.5796 0.2059 0.7885
vn -0.1463 0.2279 -0.9626
vn 0.1790 -0.1268 -0.9756
vn -0.9132 0.3484 -0.2114
vn -0.5568 -0.2515 -0.7916
vn 0.8492 -0.2015 -0.4882
vn 0.6728 0.1682 -0.7205
vn 0.0388 0.9862 0.1607
vn -0.8837 0.2397 0.4020
vn 0.9631 0.2515 0.0958
vn 0.9528 -0.0417 0.3008
vn 0.5761 -0.0678 0.8145
vn 0.4773 0.0955 0.8735
vn -0.1163 -0.0527 0.9918
vn -0.2340 0.0864 0.9684
vn -0.7312 -0.1424 0.6671
vn -0.9845 -0.1666 -0.0544
vn -0.8363 0.1697 -0.5214
vn 0.8458 -0.2419 -0.4756
vn 0.5569 0.2052 -0.8049
vn 0.1301 -0.2013 -0.9709
vn -0.1576 0.1205 -0.9801
vn -0.6972 -0.1235 -0.7062
vn -0.9890 -0.1343 -0.0622
vn -0.8738 0.2063 -0.4403
vn -0.6780 -0.1988 -0.7077
vn -0.1167 0.1913 -0.9746
vn 0.1980 -0.2086 -0.9578
vn 0.6765 0.1878 -0.7121
vn 0.8722 -0.1717 -0.4579
vn 0.9790 0.1777 0.0994
vn 0.9091 -0.1799 0.3757
vn 0.5630 0.1819 0.8062
vn 0.1855 -0.2392 0.9531
vn -0.2017 0.2160 0.9553
vn -0.7489 -0.1678 0.6411
vn -0.8805 0.1392 0.4530
vn -0.4445 0.2201 -0.8683
vn -0.4179 0.1119 -0.9016
vn 0.0003 0.0003 1.0000
vn 0.0001 -0.0005 1.0000
vn 0.0002 0.0004 1.0000
vn -0.0002 -0.0001 1.0000
vn -0.0001 -0.0003 1.0000
vn 0.0009 1.0000 -0.0011
vn 0.0032 1.0000 0.0010
vn 0.0019 1.0000 0.0016
vn 0.0019 1.0000 0.0013
vn 0.0009 1.0000 -0.0004
vn 0.0019 1.0000 0.0008
vn 0.0052 1.0000 0.0003
vn 0.0018 1.0000 0.0001
vn 0.0028 1.0000 0.0014
vn -0.0001 1.0000 -0.0083
vn 0.0015 1.0000 -0.0004
vn 0.0021 1.0000 -0.0021
vn 0.0008 1.0000 0.0019
vn -0.0001 0.0001 -1.0000
vn -0.0001 0.0004 -1.0000
vn 0.0003 -0.0002 -1.0000
vn 0.0001 -0.0014 -1.0000
vn 0.2671 -0.9515 -0.1525
vn -0.6459 -0.7506 -0.1391
vn -0.0306 0.9933 0.1115
vn 0.2351 0.9666 -0.1025
vn 0.5543 0.8262 0.1005
vn 0.8438 0.5187 -0.1376
vn 0.9609 0.1652 0.2222
vn -0.0021 -1.0000 -0.0019
vn -0.0009 -1.0000 0.0016
vn -0.0026 -1.0000 -0.0000
vn -0.0009 -1.0000 0.0010
vn -0.0023 -1.0000 0.0004
vn -0.0023 -1.0000 0.0007
vn -0.0018 -1.0000 0.0007
vn -0.0005 -1.0000 -0.0056
vn -0.0025 -1.0000 0.0018
vn -0.0022 -1.0000 0.0016
vn -0.0023 -1.0000 -0.0001
vn -0.0021 -1.0000 0.0007
vn -0.0020 -1.0000 -0.0021
vn -0.0009 -1.0000 -0.0009
vn 0.9460 -0.1762 0.2723
vn 0.8520 0.1538 0.5004
vn 0.3708 -0.2125 0.9041
vn 0.0704 0.2381 0.9687
vn -0.6205 -0.2329 0.7488
vn -0.7980 0.1805 0.5750
vn -0.9825 -0.1581 -0.0985
vn -0.9201 0.1490 -0.3622
vn -0.6899 -0.1329 -0.7116
vn -0.4514 0.1322 -0.8825
vn 0.0664 -0.1131 -0.9914
vn 0.2657 0.1310 -0.9551
vn 0.7448 -0.1646 -0.6467
vn 0.8935 0.2373 -0.3813
vn -0.7094 -0.1806 0.6813
vn -0.5443 0.0217 0.8386
vn 0.2288 -0.2925 0.9285
vn 0.6481 0.2503 0.7192
vn 0.9383 -0.2714 -0.2141
vn 0.8437 0.1292 -0.5211
vn 0.0377 -0.1195 -0.9921
vn -0.2366 0.1655 -0.9574
vn -0.8646 -0.1629 -0.4753
vn -0.9761 0.1587 -0.1483
vn -0.7142 -0.1785 0.6768
vn -0.5440 0.0121 0.8390
vn 0.1782 -0.3409 0.9230
vn 0.6485 0.2513 0.7185
vn 0.9380 -0.2727 -0.2141
vn 0.8446 0.1283 -0.5198
vn 0.0362 -0.1215 -0.9919
vn -0.2505 0.1734 -0.9525
vn -0.8644 -0.1656 -0.4747
vn -0.9770 0.1575 -0.1436
vn -0.0013 -0.9999 -0.0118
vn 0.0081 -0.9998 -0.0154
vn 0.0016 -1.0000 -0.0003
vn 0.0018 -1.0000 -0.0000
vn -0.0038 -1.0000 0.0060
vn -0.0035 -1.0000 0.0070
vn -0.0395 -0.9992 0.0083
vn -0.0126 -0.9999 0.0014
vn -0.0132 -0.9997 -0.0188
vn 0.0067 -1.0000 0.0051
vn 0.0027 -1.0000 0.0006
vn -0.0037 -1.0000 0.0055
vn -0.0045 -1.0000 0.0028
vn -0.0161 -0.9999 0.0030
vn 0.5198 0.5292 -0.6706
vn -0.2885 -0.4388 -0.8510
vn -0.8292 0.4649 -0.3103
vn -0.9140 -0.2882 0.2856
vn -0.8993 -0.2435 0.3632
vn 0.1763 -0.5895 0.7883
vn 0.6348 0.3495 0.6891
vn 0.9184 -0.3711 -0.1375
vn 0.4649 0.3674 -0.8056
vn -0.0550 -0.5085 -0.8593
vn -0.8319 0.5513 -0.0633
vn -0.4732 -0.7845 0.4007
vn 0.3703 0.0835 0.9252
vn 0.8708 0.0523 0.4889
vn 0.8949 -0.3797 0.2346
vn -0.9280 0.1157 0.3542
vn -0.9777 -0.1423 0.1547
vn -0.9958 0.0839 0.0379
vn -0.9229 -0.0271 -0.3840
vn -0.9343 0.0451 -0.3537
vn -0.6384 -0.0488 0.7682
vn -0.4234 0.1373 0.8955
vn 0.1847 -0.0020 0.9828
vn 0.2036 0.0481 0.9779
vn -0.4866 -0.0095 0.8736
vn -0.6368 0.1821 0.7492
vn -0.9503 -0.0750 0.3021
vn -0.6692 0.0869 0.7380
vn -0.7790 -0.1038 0.6184
vn 0.1250 -0.1463 0.9813
vn 0.1658 -0.0218 0.9859
vn 0.6508 0.7025 -0.2880
vn 0.6208 0.3584 -0.6973
vn -0.3385 0.5021 -0.7958
vn -0.6963 -0.4097 -0.5893
vn -0.8941 0.3003 0.3323
vn -0.4540 -0.4171 0.7874
vn 0.2597 0.4428 0.8582
vn 0.8000 -0.1999 0.5657
vn 0.6963 0.3406 -0.6318
vn 0.6943 0.3229 -0.6431
vn -0.8669 0.1921 -0.4600
vn -0.7963 0.5700 -0.2027
vn -0.8528 0.0405 0.5207
vn 0.2449 0.6928 0.6783
vn 0.7381 -0.2953 0.6066
vn 0.0323 -0.9751 0.2194
vn -0.0015 0.9999 0.0125
vn 0.0560 0.9984 -0.0064
vn 0.0010 0.9999 -0.0113
vn 0.0011 0.9999 -0.0109
vn -0.0048 1.0000 0.0080
vn 0.0085 1.0000 -0.0021
vn 0.0148 0.9998 0.0158
vn 0.0448 0.9983 -0.0374
vn -0.0004 1.0000 -0.0043
vn -0.0019 1.0000 -0.0037
vn 0.7624 0.0797 -0.6421
vn 0.6402 0.2709 -0.7188
vn -0.4340 0.3977 -0.8084
vn -0.2131 0.1898 -0.9584
vn -0.9356 -0.1475 -0.3208
vn -0.9595 0.2575 0.1140
vn -0.7799 -0.1703 0.6023
vn 0.0499 0.2313 0.9716
vn 0.2211 0.0135 0.9752
vn 0.9050 -0.1073 0.4117
vn 0.9646 0.2555 0.0654
vn 0.9696 0.2105 -0.1246
vn 0.8570 -0.1984 -0.4756
vn 0.0798 0.1999 -0.9766
vn -0.3225 -0.0360 -0.9459
vn -0.5821 0.2920 -0.7589
vn -0.9490 -0.2336 0.2117
vn -0.6998 0.3265 0.6354
vn -0.1039 -0.0301 0.9941
vn 0.2926 0.2477 0.9236
vn 0.7932 -0.1623 0.5869
vn -0.8869 -0.0770 0.4555
vn -0.9215 0.1337 0.3646
vn -0.9834 -0.1793 -0.0275
vn -0.9542 0.1795 -0.2396
vn -0.8850 -0.1474 -0.4417
vn 0.0486 0.9986 -0.0190
vn 0.0213 0.9998 -0.0004
vn 0.1804 0.9836 -0.0014
vn 0.1263 0.9920 0.0030
vn 0.1576 0.9875 0.0011
vn -0.1274 0.9905 -0.0512
vn 0.0066 1.0000 0.0017
vn -0.0192 0.9985 -0.0505
vn 0.0005 1.0000 0.0042
vn 0.0133 0.9998 -0.0178
vn -0.0595 0.9981 0.0161
vn 0.0015 1.0000 0.0001
vn 0.0017 1.0000 -0.0008
vn 0.0019 1.0000 -0.0002
vn 0.0090 1.0000 0.0009
vn 0.0003 1.0000 0.0083
vn -0.1902 0.9774 0.0925
vn 0.0030 1.0000 0.0045
vn 0.0061 1.0000 0.0025
vn 0.0058 1.0000 0.0040
vn -0.0831 0.7624 0.6418
vn -0.0239 0.9997 0.0075
vn -0.0646 0.9967 -0.0491
vn 0.0710 0.7226 -0.6876
vn -0.0235 0.9996 -0.0185
vn -0.0289 0.9996 0.0015
vn 0.0035 1.0000 0.0022
vn -0.0264 0.9997 0.0003
vn -0.0105 0.9999 0.0034
vn -0.0164 0.9999 -0.0054
vn 0.0020 1.0000 -0.0017
vn 0.0079 1.0000 -0.0011
vn 0.0020 1.0000 -0.0007
vn 0.0019 1.0000 0.0005
vn 0.0007 1.0000 -0.0002
vn 0.0010 1.0000 -0.0002
vn 0.0028 1.0000 -0.0001
vn 0.0012 1.0000 0.0004
vn -0.0902 0.9895 0.1127
vn 0.0022 1.0000 -0.0010
vn 0.0023 1.0000 0.0030
vn 0.0215 0.9998 0.0050
vn -0.0135 0.9998 0.0148
vn -0.0140 0.9998 0.0174
vn 0.0015 1.0000 0.0004
vn -0.0013 0.9976 0.0686
vn -0.0071 0.9996 0.0272
vn 0.0099 0.9987 -0.0507
vn -0.0193 0.9575 -0.2877
vn 0.0081 0.7738 -0.6334
vn -0.0040 0.6926 -0.7213
vn 0.3517 -0.8291 0.4346
vn 0.2933 -0.7795 0.5534
vn -0.0771 0.0997 0.9920
vn 0.2656 -0.9358 -0.2317
vn 0.3386 -0.6117 -0.7149
vn -0.3838 0.9227 0.0372
vn -0.2651 0.7461 -0.6108
vn -0.1699 0.3497 -0.9213
vn 0.2459 -0.5254 -0.8145
vn 0.2780 -0.7021 -0.6556
vn 0.3601 -0.8939 0.2669
vn 0.3542 -0.9129 0.2028
vn 0.0451 -0.0729 0.9963
vn -0.0555 0.0955 0.9939
vn -0.3131 0.8364 0.4498
vn 0.0547 0.9984 -0.0124
vn 0.0418 0.9960 0.0791
vn 0.0394 0.9975 0.0590
vn 0.1465 0.9311 -0.3341
vn 0.9976 -0.0682 -0.0086
vn 0.9235 -0.2895 -0.2516
vn 0.9747 -0.0173 -0.2229
vn 0.8621 -0.4885 0.1346
vn 0.7471 -0.6447 -0.1616
vn 0.4460 -0.8828 0.1477
vn 0.2402 -0.9572 -0.1612
vn 0.0158 -0.9907 -0.1354
vn 0.9732 0.2301 -0.0019
vn 0.9496 0.2870 0.1262
vn 0.6818 0.7133 -0.1621
vn 0.5551 0.8136 0.1729
vn 0.1773 0.9771 -0.1180
vn -0.3536 0.9238 0.1465
vn -0.6867 -0.0050 -0.7269
vn -0.7754 0.0055 -0.6315
vn -0.9877 0.0562 -0.1462
vn -0.9722 -0.2255 -0.0624
vn -0.9830 0.1742 -0.0576
vn -0.9893 -0.0509 -0.1370
vn -0.9973 0.0021 -0.0728
vn -0.9956 0.0010 -0.0937
vn -0.8789 0.1422 -0.4553
vn 0.1117 0.7491 0.6529
vn 0.0580 0.6753 0.7353
vn -0.2756 0.9284 0.2490
vn -0.2333 0.8686 0.4372
vn 0.0284 -0.5622 0.8265
vn -0.0244 -0.1837 0.9827
vn -0.0007 -0.9075 0.4201
vn 0.1220 -0.2869 0.9502
vn -0.2230 -0.9682 0.1138
vn 0.1459 -0.8061 -0.5735
vn 0.0647 -0.9636 -0.2595
vn 0.0059 -0.3569 -0.9341
vn 0.2303 -0.9540 0.1918
vn 0.2377 -0.9660 0.1019
vn 0.1524 0.9004 -0.4076
vn 0.0075 0.7679 -0.6405
vn -0.0525 0.2407 -0.9692
vn -0.3751 0.9263 0.0364
vn -0.2133 0.4518 -0.8663
vn -0.1155 -0.2164 -0.9695
vn -0.3295 -0.8475 -0.4162
vn 0.0053 -0.6534 -0.7570
vn 0.0439 -0.5375 -0.8421
vn -0.1541 -0.4410 -0.8842
vn 0.0056 0.5400 -0.8417
vn -0.1339 0.9090 -0.3946
vn 0.1211 0.6676 -0.7346
vn 0.0499 0.9901 0.1310
vn 0.0793 0.3082 0.9480
vn -0.2409 -0.7839 0.5723
vn -0.1899 -0.6630 0.7241
vn 0.1091 0.9059 0.4092
vn 0.0450 0.9892 0.1397
vn 0.0297 0.2531 0.9670
vn -0.1550 -0.9763 0.1508
vn 0.0305 -0.4182 0.9078
vn 0.0112 -0.9821 -0.1878
vn 0.0143 0.3108 0.9504
vn 0.1952 -0.9042 0.3798
vn -0.0007 -0.0018 1.0000
vn -0.0020 -0.0014 1.0000
vn 0.0134 -0.0027 0.9999
vn 0.0062 -0.0076 1.0000
vn 0.0190 0.0036 0.9998
vn 0.0010 0.0011 1.0000
vn 0.0009 0.0005 1.0000
vn -0.0007 -0.0061 1.0000
vn -0.0566 0.1507 0.9870
vn 0.0053 -0.0085 0.9999
vn -0.0054 0.0070 1.0000
vn -0.0009 0.0037 1.0000
vn -0.0027 -0.0016 1.0000
vn 0.0008 0.0004 1.0000
vn 0.0004 0.0011 1.0000
vn 0.0023 0.0014 1.0000
vn 0.0018 0.0014 1.0000
vn 0.0005 -0.0019 1.0000
vn -0.0012 0.0008 1.0000
vn 0.0004 0.0004 1.0000
vn 0.3564 0.0043 0.9343
vn 0.3768 0.1427 0.9153
vn 0.0236 0.0087 0.9997
vn -0.0074 0.0124 0.9999
vn -0.0003 0.0004 1.0000
vn -0.0036 -0.0191 0.9998
vn -0.0003 0.0003 1.0000
vn -0.0028 -0.0000 1.0000
vn 0.0009 0.0023 1.0000
vn -0.0002 0.0013 1.0000
vn 0.0022 0.0017 1.0000
vn -0.0014 -0.0028 1.0000
vn 0.0044 -0.0009 1.0000
vn -0.0017 -0.0040 1.0000
vn -0.0011 -0.0052 1.0000
vn -0.3865 -0.9218 -0.0303
vn -0.3069 -0.8579 0.4121
vn -0.1838 -0.3830 0.9053
vn 0.2325 0.5049 0.8312
vn 0.2685 0.6811 0.6812
vn 0.3009 0.8073 -0.5077
vn 0.3715 0.8767 -0.3054
vn -0.0958 -0.3052 -0.9475
vn -0.1568 -0.4026 -0.9018
vn 0.3606 0.7872 -0.5003
vn -0.4729 -0.8499 0.2323
vn 0.0661 0.1889 0.9798
vn 0.3867 0.8734 0.2962
vn 0.3966 0.7933 0.4619
vn 0.4803 -0.8769 -0.0179
vn 0.3322 -0.9431 0.0142
vn 0.3168 -0.9447 0.0844
vn 0.7497 0.0021 0.6618
vn 0.6885 -0.0137 0.7251
vn 0.0557 0.0125 0.9984
vn -0.0052 -0.6407 -0.7678
vn -0.0247 -0.9404 -0.3392
vn 0.0111 -0.7569 -0.6534
vn 0.3637 0.7455 -0.5585
vn 0.5031 -0.8641 -0.0095
vn 0.5138 -0.8579 -0.0002
vn 0.4980 -0.8672 -0.0023
vn 0.5083 -0.8611 -0.0083
vn 0.1510 -0.9885 -0.0039
vn 0.1278 -0.9918 0.0008
vn 0.0204 -0.9998 -0.0056
vn 0.1020 -0.9948 0.0032
vn 0.0934 -0.9956 0.0037
vn 0.0017 -0.0000 -1.0000
vn 0.2898 0.8843 -0.3662
vn 0.4886 0.7039 -0.5156
vn 0.5029 -0.3123 -0.8060
vn 0.3221 -0.4374 -0.8396
vn -0.0557 -0.8939 -0.4447
vn 0.0485 0.9435 0.3277
vn -0.2638 -0.9466 0.1853
vn -0.5609 -0.1087 0.8207
vn -0.5044 0.0433 0.8624
vn 0.0221 -0.9982 0.0555
vn -0.0035 -0.9866 0.1632
vn -0.0154 -0.9398 0.3414
vn 0.0133 -0.7922 0.6102
vn -0.0061 -0.8666 0.4989
vn -0.0120 -0.6564 0.7543
vn -0.9981 0.0612 0.0105
vn -0.9801 0.0028 0.1984
vn -0.9690 0.0017 0.2471
vn -0.9942 -0.0977 0.0452
vn -0.9338 -0.0020 0.3578
vn -0.9448 -0.0005 0.3277
vn -0.9334 0.0042 0.3587
vn -0.9745 -0.0021 0.2245
vn -0.9451 -0.0004 0.3267
vn -0.9524 -0.0002 0.3048
vn -0.9975 -0.0003 0.0710
vn -0.9382 0.0009 0.3462
vn -0.9957 0.0002 0.0924
vn -0.9309 0.0099 0.3650
vn -0.9242 -0.0021 0.3818
vn -0.9457 0.0037 0.3250
vn -0.8907 0.0263 0.4538
vn -0.9617 -0.0465 0.2703
vn -0.9098 -0.0007 0.4150
vn -0.7502 0.0092 0.6611
vn -0.5256 -0.0636 0.8483
vn -0.6723 0.0325 0.7395
vn -0.5893 -0.0009 0.8079
vn -0.7508 0.0116 0.6604
vn -0.5940 0.0002 0.8045
vn -0.3162 -0.0399 0.9478
vn -0.3931 0.1266 0.9107
vn -0.7725 0.0116 0.6349
vn -0.7003 0.0035 0.7139
vn -0.8083 -0.0750 0.5840
vn -0.7423 -0.0063 0.6701
vn -0.9173 -0.0078 0.3982
vn -0.8557 0.0009 0.5175
vn -0.8207 -0.0329 0.5703
vn -0.8696 0.1163 0.4798
vn -0.7669 -0.0273 0.6412
vn -0.8853 -0.0648 0.4605
vn -0.7945 0.0439 0.6056
vn -0.7468 0.0003 0.6650
vn -0.9005 -0.0303 0.4338
vn -0.7802 0.0257 0.6250
vn 0.0002 0.0011 1.0000
vn 0.0002 0.0246 0.9997
vn 0.0008 -0.0019 1.0000
vn -0.0008 0.0012 1.0000
vn -0.0005 0.0006 1.0000
vn 0.0002 0.0236 0.9997
vn -0.0017 -0.0073 1.0000
vn 0.0009 0.0007 1.0000
vn 0.0034 -0.0015 1.0000
vn 0.0011 -0.0391 0.9992
vn -0.0009 -0.0019 1.0000
vn -0.0071 -0.0388 0.9992
vn -0.0034 -0.0129 0.9999
vn 0.0004 -0.0004 1.0000
vn 0.0094 0.1519 0.9884
vn 0.0013 0.0024 1.0000
vn 0.0004 0.0010 1.0000
vn 0.0033 0.0026 1.0000
vn -0.0009 -0.0038 1.0000
vn 0.0035 0.0010 1.0000
vn -0.0002 0.0001 1.0000
vn -0.0001 -0.0010 1.0000
vn -0.0005 -0.0005 1.0000
vn -0.0004 0.0002 1.0000
vn 0.0013 -0.0000 1.0000
vn -0.0002 0.0004 1.0000
vn -0.0014 0.0020 1.0000
vn -0.0000 -0.0052 1.0000
vn 0.0026 0.0001 1.0000
vn -0.0013 -0.0028 1.0000
vn -0.0029 0.0037 1.0000
vn 0.0019 -0.0020 1.0000
vn -0.0034 -0.0257 0.9997
vn -0.0000 0.0007 1.0000
vn -0.0000 0.0002 1.0000
vn 0.0081 0.0057 1.0000
vn 0.0009 0.0022 1.0000
vn 0.0028 0.0006 1.0000
vn -0.0001 -0.0006 1.0000
vn -0.0006 0.0068 1.0000
vn -0.0094 -0.0003 1.0000
vn -0.0001 -0.0009 1.0000
vn -0.0004 -0.0004 1.0000
vn -0.0000 -0.0003 1.0000
vn -0.0011 0.0036 1.0000
vn -0.0104 -0.0065 0.9999
vn -0.0035 0.0016 1.0000
vn -0.0169 -0.0036 0.9999
vn -0.0000 0.0010 1.0000
vn 0.0009 -0.0013 1.0000
vn -0.0000 -0.0024 1.0000
vn -0.0001 -0.0008 1.0000
vn 0.0008 0.0041 1.0000
vn -0.0029 0.0013 1.0000
vn -0.0017 -0.0004 1.0000
vn 0.0026 -0.0202 0.9998
vn 0.0002 -0.0000 1.0000
vn 0.0108 0.0017 0.9999
vn 0.0001 0.0005 1.0000
vn 0.0001 -0.0030 1.0000
vn -0.0012 -0.0008 1.0000
vn -0.0005 -0.0001 1.0000
vn -0.0000 -0.0010 1.0000
vn 0.0003 -0.0020 1.0000
vn -0.0003 0.0048 1.0000
vn 0.0009 -0.0023 1.0000
vn -0.0004 -0.0008 1.0000
vn 0.0001 0.0033 1.0000
vn -0.0004 0.0174 0.9998
vn -0.0013 0.0003 1.0000
vn -0.0043 0.0131 0.9999
vn 0.1146 -0.7867 0.6066
vn 0.0156 -0.9997 -0.0190
vn 0.0380 -0.9757 -0.2157
vn 0.1566 -0.9722 0.1744
vn 0.0336 -0.9906 0.1324
vn 0.5143 -0.8546 -0.0727
vn 0.5879 -0.8047 0.0829
vn 0.8831 -0.4481 -0.1389
vn 0.9339 -0.3462 0.0894
vn 0.9969 0.0507 0.0599
vn 0.9967 0.0636 0.0513
vn 0.9970 0.0722 0.0273
vn 0.9845 -0.0869 -0.1521
vn 0.9506 0.2960 0.0937
vn 0.8654 0.4853 -0.1252
vn 0.7396 0.6589 0.1372
vn 0.4454 0.8833 -0.1465
vn 0.2409 0.9563 0.1658
vn 0.0775 0.9861 0.1470
vn 0.0001 -0.0005 -1.0000
vn -0.0005 0.0020 -1.0000
vn 0.0224 0.0037 -0.9997
vn 0.0288 -0.0013 -0.9996
vn 0.0076 -0.0012 -1.0000
vn 0.0006 -0.0004 -1.0000
vn -0.0028 0.0026 -1.0000
vn 0.0020 0.0025 -1.0000
vn -0.0022 0.0065 -1.0000
vn 0.0003 -0.0107 -0.9999
vn -0.0006 0.0005 -1.0000
vn 0.0001 0.0008 -1.0000
vn -0.0010 0.0001 -1.0000
vn -0.0005 0.0005 -1.0000
vn 0.0006 -0.0034 -1.0000
vn -0.0014 -0.0005 -1.0000
vn -0.0014 -0.0003 -1.0000
vn -0.0062 0.0026 -1.0000
vn 0.0054 -0.0005 -1.0000
vn 0.0073 -0.0008 -1.0000
vn 0.0016 0.0077 -1.0000
vn 0.0007 0.0012 -1.0000
vn -0.0061 -0.0040 -1.0000
vn -0.0018 -0.0001 -1.0000
vn 0.0049 -0.0088 -0.9999
vn 0.0005 -0.0005 -1.0000
vn -0.0017 -0.0000 -1.0000
vn -0.0002 -0.0001 -1.0000
vn -0.0005 0.0002 -1.0000
vn 0.0011 0.0012 -1.0000
vn -0.0018 0.0013 -1.0000
vn -0.0012 0.0052 -1.0000
vn -0.0016 0.0018 -1.0000
vn 0.0025 0.0003 -1.0000
vn -0.0022 0.0001 -1.0000
vn -0.0003 -0.0014 -1.0000
vn 0.3363 0.9398 0.0608
vn 0.0693 0.9068 -0.4157
vn -0.8938 -0.2130 0.3946
vn -0.8500 -0.5057 -0.1478
vn 0.7850 -0.6148 0.0762
vn -0.0076 0.0013 1.0000
vn 0.0034 -0.0016 1.0000
vn -0.0024 -0.0060 1.0000
vn 0.0282 -0.0197 0.9994
vn 0.0055 0.0016 1.0000
vn 0.0069 0.0090 0.9999
vn 0.0082 -0.9997 0.0225
vn 0.9884 -0.0446 -0.1452
vn 0.9901 -0.0665 -0.1235
vn -0.0021 -0.9791 -0.2034
vn 0.0153 -0.9648 -0.2624
vn 0.0233 -0.0097 -0.9997
vn -0.0000 0.0040 -1.0000
vn 0.0005 0.0023 -1.0000
vn -0.0000 -0.0047 -1.0000
vn -0.0001 0.0012 -1.0000
vn 0.0080 -0.0069 -0.9999
vn -0.0021 0.0018 -1.0000
vn 0.0117 -0.0129 -0.9998
vn 0.0008 -0.0002 -1.0000
vn 0.0010 -0.0000 -1.0000
vn 0.0005 -0.0027 -1.0000
vn 0.0017 0.0063 -1.0000
vn -0.0826 -0.9894 -0.1194
vn -0.1334 0.9908 0.0224
vn 0.0036 0.9998 -0.0178
vn -0.0170 0.9968 -0.0776
vn 0.4466 0.8938 -0.0403
vn 0.2793 0.9601 0.0116
vn 0.3776 -0.1517 0.9135
vn 0.0028 0.0268 0.9996
vn -0.0093 0.0070 0.9999
vn -0.0081 -0.0060 0.9999
vn -0.0037 0.0121 0.9999
vn -0.0048 -0.0090 0.9999
vn -0.0080 -0.0034 1.0000
vn 0.0045 -0.0308 0.9995
vn 0.2685 0.0930 0.9588
vn -0.0087 0.0019 1.0000
vn -0.0054 -0.0004 1.0000
vn -0.9314 0.0042 0.3639
vn -0.9205 -0.3772 -0.1022
vn -0.9970 0.0693 0.0348
vn 0.6508 -0.6745 -0.3486
vn -0.9787 -0.0406 0.2011
vn -0.9999 0.0103 0.0049
vn -0.9753 0.1905 0.1122
vn -0.7968 -0.6012 -0.0605
vn -0.9057 0.4062 -0.1211
vn -0.7152 -0.6954 -0.0701
vn -0.9966 0.0762 0.0309
vn -1.0000 -0.0010 0.0096
vn -0.9994 0.0057 0.0350
vn -0.9641 0.0824 -0.2523
vn 0.9184 0.3809 -0.1068
vn 0.9966 0.0823 -0.0100
vn 0.7144 -0.6163 0.3314
vn 1.0000 -0.0030 -0.0013
vn -0.4564 -0.1807 -0.8712
vn -0.4163 -0.2376 -0.8776
vn -0.9818 0.0072 0.1898
vn -0.5100 0.0035 -0.8602
vn -0.0084 0.9997 0.0225
vn 0.0940 -0.0987 -0.9907
vn 0.5021 0.0348 -0.8641
vn -0.1749 0.9776 -0.1167
vn -0.9884 0.0446 -0.1452
vn -0.9901 0.0665 -0.1235
vn 0.9705 0.0046 -0.2409
vn -0.0271 -0.9994 0.0225
vn -0.2024 -0.9790 -0.0228
vn -0.0064 -0.9997 -0.0248
vn 0.0153 -0.9958 -0.0898
vn 0.1576 -0.9872 0.0232
vn -0.0510 0.0011 -0.9987
vn 0.4509 0.2370 -0.8605
vn 0.4561 0.1848 -0.8705
vn -0.0125 0.9954 -0.0952
vn -0.9992 -0.0181 -0.0359
vn -0.9101 0.3879 -0.1457
vn -0.9997 -0.0227 0.0029
vn -0.9981 0.0220 -0.0576
vn 0.0021 0.9803 -0.1973
vn -0.0147 0.9667 -0.2554
vn 0.9903 -0.1018 -0.0946
vn 0.9948 0.0513 -0.0884
vn 0.9999 -0.0019 -0.0125
vn 0.9718 0.2271 0.0639
vn -0.4687 -0.1304 -0.8737
vn -0.4597 -0.1360 -0.8776
vn -0.0040 -0.9956 -0.0941
vn 0.9925 0.1223 0.0048
vn 0.9183 -0.3732 -0.1320
vn 1.0000 -0.0023 -0.0026
vn 0.9927 -0.0722 -0.0969
vn -0.0440 0.9243 -0.3791
vn 0.6752 0.7348 0.0644
vn 0.6816 0.6755 0.2812
vn 0.9977 -0.0031 0.0681
vn 0.9975 -0.0033 0.0704
vn 0.6353 -0.7190 0.2818
vn 0.6989 -0.7114 0.0731
vn -0.8946 -0.3852 0.2266
vn -0.8695 -0.1832 -0.4587
vn -0.9132 0.4014 -0.0707
vn -0.8401 0.1896 0.5082
vn -0.0412 -0.9568 -0.2878
vn 0.7971 0.6006 -0.0625
vn 0.9056 -0.4046 -0.1272
vn 0.7227 0.6875 -0.0715
vn 0.9966 -0.0762 0.0305
vn 0.9999 -0.0059 0.0108
vn 0.5099 -0.0034 -0.8602
vn -0.9910 0.0939 -0.0952
vn -0.9939 -0.0378 -0.1033
vn -0.9994 0.0339 -0.0007
vn -0.9717 -0.2271 0.0652
vn -0.0950 0.0987 -0.9906
vn -0.5020 -0.0362 -0.8641
vn -0.0060 0.0372 0.9993
vn 0.7093 0.5358 0.4582
vn -0.6523 0.7488 0.1177
vn -0.1060 0.0483 0.9932
vn 0.0235 -0.0401 0.9989
vn -0.2805 -0.1801 0.9428
vn -0.0021 0.0499 -0.9988
vn -0.0945 0.1284 -0.9872
vn -0.9967 0.0069 -0.0805
vn -0.1296 0.9634 -0.2345
vn -0.6537 0.7511 0.0924
vn -0.6606 0.7459 0.0852
vn -0.7813 -0.6118 0.1238
vn -0.5546 -0.8232 -0.1213
vn -0.0861 -0.9907 0.1055
vn 0.7772 0.5844 0.2332
vn -0.1083 -0.0649 -0.9920
vn -0.0050 -0.1806 -0.9835
vn -0.0175 0.0174 -0.9997
vn -0.0001 -0.0137 -0.9999
vn 0.9882 -0.1057 -0.1110
vn 0.9874 0.0802 0.1360
vn 0.1563 0.9789 -0.1313
vn 0.3622 0.9115 0.1948
vn 0.9681 -0.2491 -0.0258
vn 0.3139 -0.8752 -0.3680
vn -0.3949 -0.8602 0.3226
vn -0.6337 -0.7732 0.0250
vn -0.9656 0.2579 0.0343
vn -0.8847 0.3876 0.2589
vn -0.5173 0.8104 -0.2751
vn -0.8221 0.2160 0.5267
vn -0.7836 -0.6034 0.1483
vn -0.6115 -0.7466 0.2620
vn -0.0675 -0.9875 -0.1425
vn 0.3291 -0.9273 0.1782
vn 0.9275 -0.3674 -0.0682
vn 0.9601 -0.0969 0.2623
vn 0.8624 0.5001 0.0784
vn 0.1404 0.8046 0.5770
vn -0.0238 0.0067 0.9997
vn -0.1124 0.1141 -0.9871
vn -0.9831 -0.0589 0.1736
vn -0.6088 0.7685 0.1970
vn -0.8773 0.4756 -0.0644
vn -0.8952 -0.4454 0.0151
vn -0.5452 -0.8254 0.1468
vn -0.2431 -0.9700 -0.0003
vn 0.1538 -0.9720 0.1777
vn 0.6655 -0.7463 0.0134
vn 0.8869 -0.4276 0.1751
vn 0.9852 0.1216 -0.1206
vn 0.8064 0.5844 0.0908
vn 0.2704 0.9622 -0.0309
vn 0.2026 0.9786 0.0362
vn -0.1017 0.1307 -0.9862
vn 0.0390 -0.0055 -0.9992
vn 0.0293 -0.1337 -0.9906
vn -0.0418 -0.1225 -0.9916
vn -0.0154 0.0163 -0.9997
vn 0.0027 0.0418 -0.9991
vn 0.0397 -0.0025 -0.9992
vn -0.0077 -0.0601 -0.9982
vn -0.0009 0.0078 -1.0000
vn 0.9213 -0.3679 -0.1257
vn 0.9323 0.1260 0.3389
vn 0.3923 0.9042 -0.1688
vn 0.6211 -0.7077 0.3367
vn -0.0758 -0.9703 -0.2299
vn -0.8158 -0.3629 0.4503
vn -0.8184 -0.4030 0.4097
vn -0.8467 0.4855 -0.2178
vn -0.0863 0.8851 0.4574
vn -0.1512 0.9640 0.2188
vn -0.7771 0.4138 0.4742
vn -0.9934 0.0346 -0.1094
vn -0.8440 -0.3810 0.3776
vn -0.1875 -0.9239 0.3335
vn -0.0668 -0.8932 0.4446
vn 0.6059 -0.7663 0.2136
vn 0.7684 -0.3082 0.5609
vn 0.9637 0.0545 0.2613
vn 0.4994 0.7700 0.3972
vn 0.3418 0.7763 0.5296
vn -0.0399 0.0378 0.9985
vn 0.0099 -0.0085 0.9999
vn -0.0928 -0.0664 0.9935
vn -0.0136 -0.0832 -0.9964
vn -0.1699 0.0456 -0.9844
vn -0.9964 -0.0366 -0.0767
vn -0.6781 0.7169 0.1619
vn -0.8090 0.5879 -0.0017
vn -0.8676 -0.4911 0.0783
vn -0.7510 -0.6214 0.2232
vn -0.1032 -0.9945 -0.0172
vn -0.0455 -0.9987 0.0245
vn 0.8911 -0.4513 0.0472
vn -0.1581 0.0916 -0.9832
vn -0.0190 -0.0616 -0.9979
vn 0.0024 0.0249 -0.9997
vn 0.0117 0.0419 -0.9991
vn 0.9854 0.0018 0.1704
vn 0.9386 0.2920 -0.1837
vn -0.2291 0.9548 -0.1892
vn 0.1956 0.9079 0.3707
vn 0.2799 -0.9600 0.0044
vn 0.1530 -0.9602 0.2337
vn -0.9820 -0.1809 -0.0549
vn -0.9478 0.0594 0.3132
vn -0.2093 0.8849 0.4161
vn -0.5542 0.8241 -0.1169
vn -0.8023 -0.1527 0.5770
vn -0.8485 -0.3886 0.3592
vn -0.3393 -0.9204 0.1941
vn 0.2113 -0.7389 0.6399
vn 0.8625 -0.4985 -0.0867
vn 0.8855 0.2777 0.3725
vn 0.8469 0.5159 0.1291
vn -0.0072 0.0547 0.9985
vn 0.0677 0.1067 0.9920
vn 0.0067 -0.0092 0.9999
vn -0.0083 -0.0919 -0.9957
vn -0.1636 0.0394 -0.9857
vn -0.9950 -0.0229 0.0975
vn -0.9681 0.1409 0.2072
vn -0.3767 0.9195 0.1121
vn -0.6128 0.7868 -0.0737
vn -0.8785 -0.4775 -0.0124
vn -0.5014 -0.8487 0.1683
vn -0.1708 -0.9851 0.0223
vn 0.1486 -0.9743 0.1693
vn 0.8080 -0.5812 -0.0971
vn 0.9452 -0.2673 0.1877
vn 0.6746 0.7354 -0.0649
vn 0.6168 0.7741 -0.1424
vn -0.1532 0.0886 -0.9842
vn 0.0304 -0.0291 -0.9991
vn -0.0044 0.0157 -0.9999
vn -0.0168 0.0096 -0.9998
vn 0.0064 0.0406 -0.9992
vn 0.0252 0.0212 -0.9995
vn -0.0065 -0.0577 -0.9983
vn -0.0489 -0.0292 -0.9984
vn 0.0186 0.0094 -0.9998
vn 0.9783 -0.1346 -0.1575
vn 0.9939 0.0542 0.0959
vn 0.2358 0.9677 -0.0897
vn 0.4036 0.8993 0.1685
vn 0.3447 -0.8520 0.3940
vn -0.1970 -0.9333 -0.3001
vn -0.8185 -0.4907 0.2988
vn -0.9093 0.3284 -0.2557
vn -0.7827 0.6112 0.1179
vn -0.1417 0.9500 0.2784
vn -0.7859 0.2695 0.5566
vn -0.9934 -0.0882 -0.0731
vn -0.2027 -0.9170 0.3436
vn -0.0451 -0.9950 0.0890
vn 0.8940 -0.1326 0.4279
vn 0.8863 -0.1174 0.4480
vn 0.4773 0.8196 0.3168
vn 0.2107 0.8378 0.5036
vn -0.0944 -0.0071 -0.9955
vn 0.0514 0.0169 -0.9985
vn 0.1026 0.1083 -0.9888
vn -0.0696 0.1246 -0.9898
vn -0.0000 0.0332 -0.9994
vn 0.0565 0.0905 0.9943
vn -0.9990 0.0197 -0.0413
vn -0.9615 -0.1886 -0.1997
vn -0.3072 -0.9440 -0.1201
vn -0.5273 -0.8456 0.0830
vn -0.8820 0.4640 0.0818
vn -0.4361 0.8892 -0.1380
vn -0.0780 0.9874 0.1377
vn 0.6246 0.7640 -0.1619
vn 0.9295 0.3434 0.1346
vn 0.9774 -0.1637 -0.1336
vn 0.6902 -0.7222 0.0450
vn 0.4858 -0.8628 -0.1398
vn -0.0374 -0.1186 0.9922
vn -0.0989 -0.1219 0.9876
vn 0.0047 0.1568 0.9876
vn -0.0024 -0.0129 0.9999
vn -0.0053 -0.0044 1.0000
vn 0.0040 -0.0036 1.0000
vn -0.0591 -0.0199 0.9981
vn -0.0091 0.0050 0.9999
vn 0.0062 -0.0015 1.0000
vn 0.8724 -0.3577 -0.3331
vn 0.8444 -0.5296 -0.0811
vn 0.7393 0.6615 -0.1259
vn 0.7459 0.6494 -0.1478
vn -0.4124 0.9005 0.1378
vn -0.6858 0.5697 -0.4530
vn -0.9402 -0.2796 0.1944
vn -0.4687 -0.8049 -0.3639
vn -0.0662 -0.9905 0.1209
vn -0.9585 -0.2842 -0.0204
vn -0.9387 -0.3295 -0.1017
vn -0.4537 0.8005 -0.3918
vn -0.3632 0.8001 -0.4774
vn 0.3007 0.9272 -0.2234
vn 0.6226 0.5564 -0.5503
vn 0.9966 -0.0822 0.0070
vn 0.9011 -0.3671 -0.2310
vn 0.2241 -0.9621 0.1553
vn -0.0644 -0.9698 -0.2352
vn -0.2238 0.0731 -0.9719
vn 0.0452 -0.0225 -0.9987
vn -0.1309 -0.0628 -0.9894
vn 0.0764 0.0490 -0.9959
vn -0.0109 0.0357 -0.9993
vn 0.1390 0.0672 0.9880
vn -0.1019 -0.1713 0.9799
vn -0.9952 0.0408 0.0893
vn -0.7496 -0.6496 -0.1270
vn -0.7822 -0.6177 -0.0815
vn -0.8741 0.4854 -0.0165
vn -0.8676 0.4966 -0.0278
vn -0.0976 0.9946 -0.0343
vn -0.0115 0.9993 0.0351
vn 0.7526 0.6351 -0.1738
vn 0.9138 0.3973 0.0844
vn 0.8169 -0.5765 -0.0154
vn 0.7393 -0.6620 -0.1234
vn 0.2695 -0.9470 -0.1748
vn 0.0111 -0.9999 -0.0068
vn -0.0363 -0.0215 0.9991
vn -0.0029 0.0131 0.9999
vn -0.1346 -0.0510 0.9896
vn 0.0996 0.3449 0.9333
vn -0.0309 0.0641 0.9975
vn -0.0064 0.0169 0.9998
vn -0.0197 -0.0269 0.9994
vn 0.0088 -0.0078 0.9999
vn 0.0020 -0.0216 0.9998
vn -0.0279 0.0357 0.9990
vn 0.9634 -0.0444 -0.2645
vn 0.8842 -0.4559 0.1015
vn 0.2780 -0.8965 -0.3449
vn 0.6597 0.7512 -0.0208
vn 0.7225 0.6652 -0.1881
vn -0.3860 0.9140 0.1248
vn -0.6516 0.6967 -0.3000
vn -0.9825 -0.1491 0.1112
vn -0.8588 -0.4571 -0.2311
vn -0.1618 -0.9777 0.1339
vn -0.1400 -0.8234 -0.5500
vn -0.8709 -0.4867 -0.0681
vn -0.9454 -0.1429 -0.2929
vn -0.9569 0.2876 0.0402
vn -0.3514 0.8337 -0.4260
vn -0.2592 0.9070 -0.3319
vn 0.6795 0.6267 -0.3814
vn 0.9216 0.3498 0.1682
vn 0.8498 -0.4362 -0.2960
vn 0.5319 -0.8377 0.1244
vn 0.0084 -0.0885 -0.9960
vn -0.0398 0.0075 -0.9992
vn -0.1538 -0.0972 -0.9833
vn 0.1501 -0.0270 0.9883
vn -0.0759 -0.1894 0.9790
vn -0.9960 0.0639 0.0630
vn -0.7157 -0.6926 0.0897
vn -0.8466 -0.5237 -0.0955
vn -0.8019 0.5908 -0.0892
vn 0.8915 0.4524 -0.0246
vn 0.8814 -0.4325 -0.1901
vn 0.5202 -0.8481 0.1003
vn 0.2726 -0.9552 -0.1148
vn -0.0476 -0.0445 0.9979
vn 0.1152 0.3948 0.9115
vn -0.0564 0.0098 0.9984
vn 0.0073 -0.0282 0.9996
vn -0.0123 0.0217 0.9997
vn 0.9842 -0.0503 -0.1696
vn 0.9692 -0.2453 0.0213
vn 0.3931 -0.9028 -0.1744
vn 0.4123 -0.8886 -0.2012
vn 0.6890 0.7172 -0.1045
vn 0.6313 0.7502 -0.1964
vn -0.3851 0.9180 0.0952
vn -0.6759 0.6657 -0.3163
vn -0.9850 0.1514 0.0830
vn -0.7743 -0.5708 -0.2732
vn -0.5938 -0.8034 0.0441
vn -0.4998 -0.6801 -0.5364
vn -0.8708 -0.4423 -0.2147
vn -0.7527 0.3749 -0.5412
vn -0.9707 0.1486 -0.1887
vn -0.3451 0.8342 -0.4300
vn 0.0444 0.9958 0.0803
vn 0.6696 0.6985 -0.2525
vn 0.9626 0.0965 0.2530
vn 0.9401 -0.2384 -0.2438
vn 0.3686 -0.8482 -0.3804
vn 0.1302 -0.9833 -0.1274
vn -0.0069 -0.0492 -0.9988
vn 0.1941 -0.1951 -0.9614
vn -0.0928 -0.0094 -0.9956
vn -0.1072 -0.1762 -0.9785
vn -0.0006 0.0432 -0.9991
vn 0.0635 0.0277 0.9976
vn -0.0861 -0.1112 0.9901
vn -0.9707 0.2064 -0.1231
vn -0.9999 -0.0129 0.0040
vn -0.0701 -0.9807 0.1822
vn -0.4908 -0.8526 -0.1793
vn -0.9006 -0.4300 0.0630
vn -0.7226 0.6913 -0.0010
vn -0.6515 0.7559 -0.0639
vn 0.2501 0.9661 0.0642
vn 0.3432 0.9390 -0.0211
vn 0.8671 0.4551 -0.2025
vn 0.9750 -0.0634 0.2132
vn 0.6967 -0.6811 -0.2251
vn -0.1316 0.0006 0.9913
vn 0.0639 0.1266 0.9899
vn -0.0317 0.1558 0.9873
vn -0.0082 -0.0348 0.9994
vn 0.0221 0.0022 0.9998
vn -0.0064 0.0091 0.9999
vn -0.0148 -0.0236 0.9996
vn -0.0065 0.0091 0.9999
vn 0.8860 0.4637 0.0032
vn 0.9376 -0.1332 -0.3212
vn 0.8377 -0.5431 0.0586
vn 0.6150 0.7229 -0.3149
vn -0.0032 0.9843 0.1763
vn -0.7584 0.5625 -0.3292
vn -0.8116 0.5283 -0.2494
vn -0.8861 -0.4300 0.1731
vn -0.2195 -0.8677 -0.4460
vn -0.0711 -0.9701 -0.2321
vn -0.8416 -0.4397 -0.3135
vn -0.8424 -0.4066 -0.3537
vn -0.5851 0.6826 -0.4379
vn -0.8242 0.5359 -0.1828
vn -0.0046 0.9891 -0.1474
vn 0.2420 0.9536 0.1793
vn 0.8596 0.4489 -0.2440
vn 0.9746 0.2123 -0.0709
vn 0.7360 -0.4752 -0.4822
vn 0.2667 -0.9627 0.0462
vn -0.0660 -0.9161 -0.3955
vn 0.7408 -0.6278 -0.2387
vn -0.1231 -0.9063 0.4043
vn -0.6521 -0.7209 -0.2347
vn -0.7372 0.6248 0.2571
vn -0.7763 0.5996 0.1947
vn 0.6616 0.7315 -0.1651
vn 0.8660 0.3553 0.3518
vn 0.0245 -0.0787 -0.9966
vn 0.0682 0.0010 -0.9977
vn 0.0282 0.0500 -0.9984
vn 0.0277 -0.0201 -0.9994
vn 0.0057 0.0350 -0.9994
vn -0.0586 -0.0498 -0.9970
vn -0.0435 -0.0178 -0.9989
vn -0.0960 0.0846 -0.9918
vn 0.9850 0.0203 -0.1714
vn 0.7959 0.5903 0.1343
vn 0.4834 0.8652 -0.1336
vn -0.2857 0.9440 0.1649
vn -0.6946 0.6738 -0.2522
vn -0.9463 -0.1542 0.2841
vn -0.7358 -0.6728 -0.0766
vn -0.4358 -0.8910 0.1276
vn 0.3414 -0.9250 -0.1670
vn 0.7373 -0.6403 0.2156
vn -0.0026 0.0027 1.0000
vn -0.0035 0.0031 1.0000
vn -0.0038 -0.0006 1.0000
vn 0.0044 -0.0057 1.0000
vn 0.0046 -0.0013 1.0000
vn 0.0011 0.0056 1.0000
vn 0.0407 -0.9988 0.0270
vn 0.1975 -0.9798 0.0326
vn 0.6126 -0.7897 -0.0345
vn 0.9500 0.3104 0.0354
vn 0.5473 0.8360 -0.0391
vn -0.1697 0.9852 0.0254
vn -0.9193 0.3929 -0.0235
vn -0.9975 -0.0350 0.0618
vn 0.0140 -0.0331 0.9994
vn 0.0640 -0.0665 0.9957
vn 0.6495 -0.7231 0.2351
vn 0.1189 -0.9070 -0.4039
vn -0.0225 -0.9441 -0.3288
vn -0.8664 0.3594 -0.3467
vn -0.7819 0.5917 0.1961
vn 0.7785 0.5967 -0.1945
vn 0.7388 0.6226 -0.2579
vn 0.0311 0.1131 -0.9931
vn 0.0316 -0.0062 -0.9995
vn 0.0397 -0.0463 -0.9981
vn -0.0468 -0.0789 -0.9958
vn -0.0358 -0.0239 -0.9991
vn -0.1739 0.1891 -0.9664
vn -0.0523 0.0330 -0.9981
vn 0.9312 0.3420 -0.1261
vn 0.8755 0.4821 -0.0323
vn 0.3966 0.8888 -0.2295
vn 0.0083 0.9919 0.1264
vn -0.8907 0.4263 -0.1577
vn -0.9733 0.1715 0.1527
vn -0.5105 -0.8452 -0.1582
vn -0.2965 -0.9514 0.0833
vn 0.6238 -0.7764 -0.0903
vn 0.7622 -0.6419 0.0839
vn 0.0001 -0.0003 1.0000
vn 0.0013 -0.0006 1.0000
vn 0.0009 0.0002 1.0000
vn 0.0003 -0.0008 1.0000
vn 0.0004 -0.0006 1.0000
vn 0.0018 -0.0005 1.0000
vn 0.0003 0.0002 1.0000
vn 0.0003 -0.0000 1.0000
vn -0.8846 -0.4660 -0.0160
vn 0.2011 -0.9795 0.0059
vn 0.4184 -0.9074 0.0405
vn 0.9766 0.2129 -0.0314
vn 0.7547 0.6550 0.0374
vn -0.5086 0.8602 -0.0362
vn -0.9666 0.2468 0.0690
vn -0.0245 0.0010 0.9997
vn 0.9060 -0.3758 -0.1949
vn 0.7766 -0.5993 0.1942
vn -0.7786 -0.5968 -0.1939
vn -0.9075 -0.3719 0.1953
vn -0.1275 0.9725 -0.1951
vn 0.1313 0.9720 0.1951
vn 0.0582 -0.1199 -0.9911
vn -0.0052 -0.0402 -0.9992
vn 0.0612 0.0468 -0.9970
vn 0.0346 0.0115 -0.9993
vn -0.0345 0.0741 -0.9967
vn -0.1109 -0.0452 -0.9928
vn -0.0281 0.0189 -0.9994
vn 0.8145 0.5323 -0.2307
vn 0.5274 0.8256 0.2006
vn -0.4706 0.8588 -0.2026
vn -0.7776 0.6086 0.1583
vn -0.9252 -0.3324 -0.1834
vn -0.8609 -0.5083 0.0195
vn 0.2972 -0.9529 0.0604
vn 0.4676 -0.8731 -0.1380
vn 0.8853 -0.4257 0.1872
vn 0.0002 0.0078 1.0000
vn 0.0007 0.0005 1.0000
vn 0.0001 -0.0015 1.0000
vn 0.0003 -0.0012 1.0000
vn 0.0007 -0.0014 1.0000
vn -0.0001 0.0002 1.0000
vn 0.0041 0.0057 1.0000
vn -0.9661 -0.2582 0.0043
vn -0.8942 -0.4459 0.0404
vn -0.0365 -0.9993 -0.0053
vn 0.9091 -0.4027 0.1070
vn 0.9548 0.2965 -0.0206
vn -0.0155 0.9994 0.0312
vn -0.2718 0.9623 -0.0064
vn -0.0090 -0.0274 0.9996
vn 0.7629 -0.6465 -0.0000
vn 0.6589 -0.7338 0.1655
vn -0.6616 -0.7314 -0.1653
vn -0.7655 -0.6434 -0.0000
vn -0.7629 0.6465 -0.0000
vn -0.6587 0.7339 0.1658
vn 0.6616 0.7314 -0.1654
vn 0.7655 0.6434 -0.0000
vn 0.0216 -0.0796 -0.9966
vn 0.0205 -0.0186 -0.9996
vn 0.0332 0.0230 -0.9992
vn 0.0734 0.0299 -0.9969
vn -0.0233 0.0545 -0.9982
vn -0.0447 -0.0558 -0.9974
vn -0.0371 -0.0270 -0.9989
vn -0.0631 0.0168 -0.9979
vn -0.0292 0.0276 -0.9992
vn 0.8846 0.3718 -0.2813
vn 0.1048 0.9801 0.1688
vn -0.2700 0.9549 -0.1237
vn -0.9043 0.4116 0.1128
vn -0.9670 0.2486 -0.0563
vn -0.6855 -0.7260 -0.0545
vn -0.3459 -0.8871 0.3057
vn 0.3594 -0.9036 -0.2329
vn 0.9500 -0.1105 0.2921
vn -0.0210 0.0027 0.9998
vn -0.0009 -0.0026 1.0000
vn -0.0011 -0.0016 1.0000
vn 0.0022 -0.0001 1.0000
vn 0.7975 0.6019 0.0409
vn 0.4122 0.9104 -0.0352
vn -0.8976 0.4387 0.0438
vn -0.0026 0.0174 0.9998
vn 0.7436 0.6248 0.2382
vn -0.1197 0.9067 -0.4044
vn -0.6490 0.7236 0.2350
vn -0.7398 -0.6216 -0.2576
vn -0.7789 -0.5961 -0.1948
vn 0.6585 -0.7342 0.1653
vn 0.8648 -0.3591 -0.3510
vn 0.0282 0.0182 0.9994
vn 0.0409 0.0486 0.9980
vn 0.0515 -0.0300 0.9982
vn -0.0148 -0.0635 0.9979
vn 0.0068 -0.0298 0.9995
vn -0.0575 0.0923 0.9941
vn -0.0303 0.0127 0.9995
vn -0.0815 -0.0523 0.9953
vn 0.9313 -0.3368 -0.1390
vn 0.8676 -0.4953 0.0440
vn -0.0162 -0.9974 0.0708
vn -0.1985 -0.9747 -0.1023
vn -0.8832 -0.4520 0.1253
vn -0.9763 -0.1613 -0.1444
vn -0.5704 0.7982 0.1940
vn -0.4258 0.9047 -0.0114
vn 0.5908 0.8040 -0.0668
vn 0.7489 0.6445 0.1541
vn -0.0035 -0.0025 -1.0000
vn -0.0031 -0.0009 -1.0000
vn -0.0047 0.0004 -1.0000
vn -0.0001 0.0002 -1.0000
vn 0.0001 0.0005 -1.0000
vn 0.0002 -0.0000 -1.0000
vn 0.0007 -0.0001 -1.0000
vn 0.0003 -0.0007 -1.0000
vn 0.0003 -0.0009 -1.0000
vn -0.3226 0.9465 -0.0061
vn -0.2784 0.9604 -0.0145
vn 0.9770 0.2133 -0.0017
vn 0.9657 0.2595 -0.0096
vn 0.4148 -0.9098 0.0110
vn 0.3181 -0.9481 -0.0040
vn -0.8644 -0.5025 -0.0146
vn -0.9321 -0.3622 0.0108
vn -0.0259 -0.0018 -0.9997
vn -0.0176 0.0153 -0.9997
vn 0.8462 0.3469 0.4046
vn -0.1181 0.9069 -0.4045
vn -0.7238 0.5596 0.4037
vn -0.7257 -0.5568 -0.4041
vn -0.1227 -0.9063 0.4044
vn 0.8446 -0.3505 -0.4047
vn -0.0321 0.0586 0.9978
vn -0.0625 0.0059 0.9980
vn 0.0528 0.0283 0.9982
vn 0.0274 0.0226 0.9994
vn 0.1217 -0.0613 0.9907
vn 0.0021 -0.0281 0.9996
vn -0.0392 0.0160 0.9991
vn -0.0463 -0.0740 0.9962
vn 0.8294 -0.5092 0.2298
vn 0.0765 -0.9874 -0.1382
vn -0.4490 -0.8689 0.2086
vn -0.8765 -0.4449 -0.1839
vn -0.9840 0.0797 0.1592
vn -0.5709 0.8007 -0.1814
vn -0.3096 0.9471 0.0840
vn 0.9515 0.2917 -0.0979
vn -0.4072 -0.8992 -0.1601
vn 0.8843 -0.4644 0.0488
vn -0.4041 0.8644 0.2993
vn 0.0009 -0.0011 -1.0000
vn 0.0001 0.0004 -1.0000
vn 0.0076 0.0015 -1.0000
vn 0.0041 -0.0068 -1.0000
vn 0.0023 0.0003 -1.0000
vn -0.8260 0.5628 -0.0301
vn -0.5234 0.8515 0.0310
vn 0.7436 0.6678 -0.0335
vn 0.9981 -0.0080 0.0610
vn 0.7936 -0.6083 -0.0128
vn -0.4888 -0.8724 0.0021
vn -0.6273 -0.7782 0.0301
vn -0.0156 -0.0240 -0.9996
vn -0.0178 -0.0029 -0.9998
vn 0.7260 0.5563 -0.4044
vn 0.1227 0.9064 0.4042
vn -0.8447 0.3503 -0.4047
vn -0.8462 -0.3469 0.4046
vn 0.1183 -0.9068 -0.4046
vn 0.7237 -0.5595 0.4040
vn -0.0036 0.0355 0.9994
vn 0.0634 0.0057 0.9980
vn 0.0280 0.0614 0.9977
vn 0.0284 -0.0111 0.9995
vn 0.0197 -0.0866 0.9960
vn -0.0401 -0.0483 0.9980
vn -0.0896 0.0660 0.9938
vn -0.0326 -0.0255 0.9991
vn 0.3198 -0.9405 0.1152
vn -0.4984 -0.8622 -0.0903
vn -0.7066 -0.6937 0.1393
vn -0.9719 0.2008 -0.1229
vn -0.7916 0.5719 0.2153
vn -0.3221 0.9344 -0.1524
vn 0.4242 0.8877 0.1790
vn -0.0003 -0.0005 -1.0000
vn 0.0019 0.0010 -1.0000
vn 0.0019 0.0014 -1.0000
vn 0.0078 -0.0050 -1.0000
vn 0.0004 0.0010 -1.0000
vn 0.0001 -0.0009 -1.0000
vn -0.9860 0.1625 -0.0385
vn -0.8263 0.5630 0.0157
vn 0.2859 0.9580 -0.0225
vn 0.5937 0.8043 0.0247
vn 0.9693 -0.2445 -0.0245
vn 0.7127 -0.7008 0.0310
vn -0.0372 -0.9988 -0.0303
vn -0.6739 -0.7383 0.0276
vn -0.0194 -0.0135 -0.9997
vn -0.0003 -0.0403 -0.9992
vn 0.7435 0.6247 0.2385
vn 0.5304 0.8474 0.0242
vn -0.5332 0.5946 0.6018
vn -0.9630 0.1298 -0.2362
vn -0.7434 -0.6246 0.2393
vn -0.1733 -0.9552 -0.2397
vn 0.6420 -0.7159 0.2744
vn 0.9402 -0.2027 -0.2739
vn 0.0058 0.0344 0.9994
vn -0.0205 0.0671 0.9975
vn -0.0922 -0.0137 0.9956
vn 0.0539 0.0382 0.9978
vn 0.0268 -0.0173 0.9995
vn -0.0087 -0.0525 0.9986
vn -0.0381 0.0112 0.9992
vn 0.7118 -0.6999 0.0588
vn 0.6069 -0.7900 -0.0867
vn 0.0771 -0.9727 0.2190
vn -0.8276 -0.5232 -0.2031
vn -0.9643 -0.1325 0.2294
vn -0.6093 0.7722 -0.1799
vn -0.2436 0.9544 0.1728
vn 0.6607 0.7319 -0.1667
vn 0.8083 0.5855 0.0621
vn -0.0013 -0.0024 -1.0000
vn 0.0081 0.0035 -1.0000
vn 0.0078 -0.0111 -0.9999
vn -0.0001 0.0068 -1.0000
vn 0.0046 0.0061 -1.0000
vn -0.0011 -0.0002 -1.0000
vn 0.0002 -0.0034 -1.0000
vn -0.9990 -0.0124 -0.0430
vn 0.3890 0.9206 0.0357
vn 0.5661 0.8244 -0.0024
vn 0.6547 -0.7557 -0.0139
vn 0.5891 -0.8081 0.0024
vn -0.9731 -0.2305 0.0019
vn -0.0453 -0.0039 -0.9990
vn 0.9970 0.0101 0.0767
vn -0.8928 -0.0428 0.4485
vn -0.6391 -0.6861 0.3477
vn -0.8617 -0.3080 0.4032
vn 0.9442 0.3267 0.0422
vn -0.0545 0.9954 0.0786
vn 0.9404 -0.2794 -0.1938
vn -0.4641 -0.7968 -0.3869
vn 0.1702 -0.9077 -0.3834
vn -0.3460 -0.8600 -0.3751
vn 0.7643 -0.3912 -0.5127
vn 0.9361 -0.2406 -0.2565
vn 0.9938 -0.0237 0.1088
vn -0.0325 -0.0602 -0.9977
vn 0.3443 0.9346 -0.0890
vn 0.7713 0.3532 -0.5295
vn -0.0612 -0.0024 -0.9981
vn 0.4388 0.8772 -0.1947
vn -0.9082 -0.2554 0.3317
vn 0.0034 0.0007 1.0000
vn -0.9361 -0.3157 0.1548
vn 0.4953 0.5294 -0.6888
vn 0.0016 0.0001 -1.0000
vn 0.9141 0.3828 -0.1336
vn 0.0002 0.0016 1.0000
vn 0.1350 -0.9893 -0.0545
vn 0.0012 0.0022 1.0000
vn 0.7862 0.0319 -0.6171
vn -0.0007 0.0006 -1.0000
vn 0.9066 0.2773 -0.3180
vn -0.0945 0.7049 0.7030
vn 0.0104 0.9509 0.3093
vn 0.6425 0.6615 -0.3867
vn 0.9983 0.0157 0.0556
vn -0.9279 0.0194 0.3722
vn -0.8200 0.1703 0.5465
vn -0.7835 0.3992 0.4762
vn -0.8375 -0.2914 0.4622
vn -0.8868 0.0029 0.4622
vn -0.9336 -0.0250 0.3575
vn -0.8188 0.1769 0.5461
vn -0.5684 0.0757 0.8192
vn -0.8825 -0.0736 0.4645
s 0
usemtl Material
f 1//1 2//1 3//1
f 1//2 3//2 4//2
f 4//3 3//3 5//3
f 4//4 5//4 6//4
f 1//5 7//5 2//5
f 2//6 7//6 8//6
f 8//7 7//7 9//7
f 9//8 7//8 10//8
f 9//9 10//9 11//9
f 11//10 10//10 4//10
f 11//11 4//11 6//11
f 18//12 20//12 19//12
f 18//13 19//13 13//13
f 17//14 22//14 20//14
f 19//15 21//15 13//15
f 21//16 17//16 13//16
f 17//17 21//17 22//17
f 17//18 20//18 18//18
f 17//19 18//19 23//19
f 25//20 24//20 18//20
f 23//21 18//21 26//21
f 23//22 26//22 16//22
f 16//23 26//23 27//23
f 28//24 32//24 29//24
f 29//25 31//25 30//25
f 30//26 31//26 27//26
f 16//27 27//27 32//27
f 27//28 31//28 32//28
f 16//29 32//29 28//29
f 30//30 28//30 29//30
f 34//31 35//31 30//31
f 30//32 35//32 28//32
f 28//33 35//33 36//33
f 28//34 36//34 37//34
f 37//35 36//35 33//35
f 41//36 39//36 40//36
f 38//37 41//37 37//37
f 37//38 41//38 40//38
f 44//39 39//39 42//39
f 44//40 42//40 33//40
f 38//41 37//41 33//41
f 38//42 33//42 42//42
f 44//43 40//43 39//43
f 44//44 54//44 43//44
f 44//45 45//45 40//45
f 40//46 45//46 46//46
f 49//47 46//47 47//47
f 40//48 46//48 49//48
f 15//49 14//49 47//49
f 49//50 47//50 14//50
f 49//51 14//51 50//51
f 49//52 50//52 48//52
f 48//53 50//53 15//53
f 15//54 13//54 51//54
f 15//55 51//55 48//55
f 48//56 51//56 52//56
f 12//57 52//57 13//57
f 48//58 52//58 12//58
f 30//59 53//59 33//59
f 33//60 53//60 54//60
f 25//61 27//61 24//61
f 33//62 34//62 30//62
f 27//63 25//63 30//63
f 18//64 56//64 25//64
f 55//65 56//65 13//65
f 13//66 56//66 18//66
f 17//67 12//67 13//67
f 55//68 13//68 57//68
f 47//69 57//69 13//69
f 47//70 54//70 57//70
f 54//71 44//71 33//71
f 13//72 15//72 47//72
f 54//73 47//73 43//73
f 76//74 59//74 60//74
f 61//75 62//75 80//75
f 80//76 62//76 63//76
f 63//77 62//77 64//77
f 62//78 65//78 64//78
f 64//79 65//79 70//79
f 66//80 67//80 68//80
f 68//81 67//81 69//81
f 66//82 68//82 70//82
f 69//83 67//83 71//83
f 73//84 72//84 74//84
f 73//85 74//85 75//85
f 74//86 76//86 75//86
f 75//87 76//87 77//87
f 87//88 78//88 77//88
f 77//89 78//89 79//89
f 79//90 78//90 80//90
f 83//91 80//91 78//91
f 84//92 83//92 82//92
f 82//93 85//93 81//93
f 81//94 85//94 86//94
f 82//95 81//95 84//95
f 87//96 86//96 85//96
f 88//97 89//97 66//97
f 88//98 66//98 70//98
f 89//99 88//99 90//99
f 72//100 71//100 90//100
f 72//101 90//101 88//101
f 59//102 91//102 88//102
f 88//103 91//103 72//103
f 92//104 77//104 58//104
f 77//105 92//105 93//105
f 77//106 93//106 86//106
f 95//107 96//107 94//107
f 86//108 93//108 95//108
f 95//109 93//109 96//109
f 96//110 58//110 94//110
f 94//111 58//111 60//111
f 98//112 97//112 99//112
f 99//113 97//113 61//113
f 61//114 84//114 99//114
f 65//115 101//115 100//115
f 97//116 98//116 100//116
f 97//117 100//117 101//117
f 88//118 102//118 103//118
f 107//119 104//119 70//119
f 70//120 104//120 88//120
f 88//121 104//121 105//121
f 105//122 102//122 88//122
f 102//123 105//123 106//123
f 100//124 107//124 70//124
f 102//125 106//125 100//125
f 100//126 106//126 107//126
f 88//127 103//127 60//127
f 59//128 88//128 60//128
f 83//129 84//129 80//129
f 80//130 84//130 61//130
f 70//98 65//98 100//98
f 58//131 77//131 60//131
f 86//132 87//132 77//132
f 60//133 77//133 76//133
f 72//134 73//134 69//134
f 72//135 69//135 71//135
f 108//136 109//136 110//136
f 112//137 111//137 113//137
f 115//138 116//138 114//138
f 117//139 118//139 119//139
f 121//140 120//140 122//140
f 127//141 125//141 126//141
f 129//142 130//142 128//142
f 131//143 132//143 133//143
f 133//144 132//144 134//144
f 133//145 134//145 135//145
f 135//146 134//146 136//146
f 135//147 136//147 137//147
f 135//148 137//148 138//148
f 139//149 146//149 140//149
f 140//150 146//150 141//150
f 140//151 141//151 142//151
f 140//152 142//152 143//152
f 143//153 142//153 144//153
f 139//154 145//154 146//154
f 153//155 147//155 148//155
f 153//156 148//156 149//156
f 149//157 148//157 150//157
f 149//158 150//158 151//158
f 151//159 150//159 152//159
f 151//160 152//160 153//160
f 153//161 152//161 147//161
f 161//162 154//162 155//162
f 155//163 154//163 156//163
f 155//164 156//164 157//164
f 155//165 157//165 158//165
f 158//166 157//166 159//166
f 158//167 159//167 160//167
f 158//168 160//168 161//168
f 161//169 160//169 154//169
f 165//170 166//170 167//170
f 167//170 166//170 168//170
f 178//171 179//171 180//171
f 180//172 179//172 181//172
f 179//170 178//170 183//170
f 183//170 178//170 184//170
f 186//173 187//173 185//173
f 186//174 185//174 188//174
f 190//175 191//175 189//175
f 192//176 193//176 194//176
f 195//177 196//177 197//177
f 195//178 197//178 198//178
f 198//179 197//179 199//179
f 198//180 199//180 200//180
f 199//181 201//181 200//181
f 200//182 201//182 202//182
f 200//183 202//183 203//183
f 203//171 202//171 204//171
f 206//170 203//170 207//170
f 207//170 203//170 204//170
f 207//184 204//184 208//184
f 208//185 209//185 210//185
f 211//186 169//186 170//186
f 170//187 205//187 211//187
f 208//188 214//188 205//188
f 208//189 205//189 170//189
f 212//190 214//190 213//190
f 213//191 215//191 171//191
f 171//192 215//192 172//192
f 169//193 211//193 171//193
f 211//194 212//194 171//194
f 171//195 212//195 213//195
f 172//196 215//196 216//196
f 172//197 216//197 173//197
f 174//198 209//198 204//198
f 204//170 209//170 208//170
f 208//199 210//199 214//199
f 214//200 210//200 213//200
f 173//201 216//201 209//201
f 173//202 209//202 174//202
f 206//203 198//203 203//203
f 203//203 198//203 200//203
f 217//204 218//204 219//204
f 222//205 220//205 221//205
f 225//206 223//206 224//206
f 226//207 227//207 228//207
f 231//208 229//208 230//208
f 232//209 234//209 233//209
f 237//210 235//210 236//210
f 238//211 239//211 240//211
f 242//212 243//212 241//212
f 242//213 241//213 244//213
f 247//214 245//214 246//214
f 250//215 248//215 249//215
f 251//216 253//216 252//216
f 256//217 254//217 255//217
f 259//218 257//218 258//218
f 261//219 455//219 262//219
f 261//220 262//220 260//220
f 260//221 262//221 181//221
f 269//222 270//222 263//222
f 263//223 270//223 264//223
f 263//224 264//224 265//224
f 265//225 264//225 266//225
f 265//226 266//226 267//226
f 267//227 266//227 268//227
f 267//228 268//228 269//228
f 269//229 268//229 270//229
f 206//230 207//230 198//230
f 198//230 207//230 195//230
f 277//231 271//231 272//231
f 272//232 271//232 273//232
f 272//233 273//233 274//233
f 274//234 273//234 275//234
f 274//235 275//235 276//235
f 274//236 276//236 277//236
f 277//237 276//237 271//237
f 278//238 260//238 279//238
f 279//239 260//239 181//239
f 280//98 281//98 279//98
f 279//98 281//98 278//98
f 282//240 283//240 284//240
f 284//241 283//241 285//241
f 284//242 285//242 286//242
f 428//243 287//243 288//243
f 288//244 287//244 289//244
f 288//245 289//245 290//245
f 291//246 292//246 293//246
f 293//247 292//247 294//247
f 295//248 296//248 297//248
f 297//249 296//249 298//249
f 297//250 298//250 299//250
f 299//251 298//251 409//251
f 300//252 301//252 302//252
f 300//253 302//253 303//253
f 303//254 302//254 304//254
f 303//255 304//255 305//255
f 423//256 408//256 306//256
f 306//257 408//257 307//257
f 306//258 307//258 308//258
f 308//259 307//259 309//259
f 309//260 307//260 321//260
f 310//261 311//261 312//261
f 312//262 311//262 313//262
f 312//263 313//263 314//263
f 314//264 313//264 407//264
f 421//265 315//265 316//265
f 316//266 315//266 317//266
f 317//267 315//267 318//267
f 319//268 289//268 287//268
f 294//269 292//269 320//269
f 304//270 302//270 301//270
f 307//271 408//271 321//271
f 322//272 318//272 315//272
f 350//273 349//273 343//273
f 343//274 349//274 344//274
f 343//275 344//275 345//275
f 343//276 345//276 346//276
f 354//277 353//277 215//277
f 332//278 143//278 145//278
f 138//279 78//279 87//279
f 347//280 348//280 349//280
f 347//281 349//281 350//281
f 357//282 356//282 351//282
f 357//283 351//283 352//283
f 353//284 354//284 355//284
f 355//285 354//285 356//285
f 355//286 356//286 357//286
f 370//287 371//287 368//287
f 371//288 369//288 368//288
f 372//289 373//289 374//289
f 375//290 373//290 372//290
f 377//291 378//291 376//291
f 379//292 381//292 382//292
f 382//293 380//293 379//293
f 394//294 395//294 392//294
f 395//295 393//295 392//295
f 397//296 398//296 396//296
f 399//297 397//297 396//297
f 402//298 401//298 400//298
f 404//299 405//299 403//299
f 406//300 404//300 403//300
f 389//301 404//301 406//301
f 389//302 406//302 390//302
f 390//303 406//303 403//303
f 390//304 403//304 391//304
f 391//305 403//305 405//305
f 391//306 405//306 387//306
f 387//307 405//307 388//307
f 388//308 405//308 404//308
f 388//309 404//309 389//309
f 383//310 401//310 402//310
f 383//311 402//311 384//311
f 384//312 402//312 385//312
f 385//313 402//313 400//313
f 385//314 400//314 386//314
f 386//315 400//315 401//315
f 386//316 401//316 383//316
f 363//317 397//317 364//317
f 364//318 397//318 399//318
f 364//319 399//319 365//319
f 365//320 399//320 396//320
f 365//321 396//321 366//321
f 366//322 396//322 398//322
f 366//323 398//323 367//323
f 367//324 398//324 397//324
f 367//325 397//325 363//325
f 358//326 393//326 395//326
f 358//327 395//327 359//327
f 359//328 395//328 360//328
f 360//329 395//329 394//329
f 360//330 394//330 361//330
f 361//331 394//331 392//331
f 361//332 392//332 362//332
f 362//333 392//333 393//333
f 362//334 393//334 358//334
f 357//335 391//335 387//335
f 357//336 387//336 388//336
f 357//337 388//337 355//337
f 355//338 388//338 389//338
f 355//339 389//339 353//339
f 353//340 389//340 390//340
f 353//341 390//341 352//341
f 352//342 390//342 391//342
f 352//343 391//343 357//343
f 343//344 385//344 386//344
f 343//345 386//345 350//345
f 350//346 386//346 383//346
f 350//347 383//347 347//347
f 347//348 383//348 384//348
f 347//349 384//349 346//349
f 346//350 384//350 385//350
f 346//351 385//351 343//351
f 341//352 380//352 382//352
f 341//353 382//353 342//353
f 342//354 382//354 338//354
f 338//355 382//355 381//355
f 338//356 381//356 339//356
f 339//357 381//357 340//357
f 340//358 381//358 379//358
f 340//359 379//359 380//359
f 340//360 380//360 341//360
f 333//361 376//361 334//361
f 334//362 376//362 378//362
f 334//363 378//363 335//363
f 335//364 378//364 336//364
f 336//365 378//365 377//365
f 336//366 377//366 337//366
f 337//367 377//367 333//367
f 333//368 377//368 376//368
f 332//369 373//369 328//369
f 328//370 373//370 329//370
f 329//371 373//371 375//371
f 329//372 375//372 330//372
f 330//373 375//373 372//373
f 330//374 372//374 331//374
f 331//375 372//375 374//375
f 331//376 374//376 332//376
f 332//377 374//377 373//377
f 327//378 369//378 323//378
f 323//379 369//379 371//379
f 323//380 371//380 324//380
f 324//381 371//381 370//381
f 324//382 370//382 325//382
f 325//383 370//383 326//383
f 326//384 370//384 368//384
f 326//385 368//385 327//385
f 327//386 368//386 369//386
f 277//387 366//387 274//387
f 274//388 366//388 367//388
f 274//389 367//389 363//389
f 274//390 363//390 272//390
f 272//391 363//391 364//391
f 272//392 364//392 365//392
f 272//393 365//393 277//393
f 277//394 365//394 366//394
f 269//395 360//395 361//395
f 269//396 361//396 267//396
f 267//397 361//397 362//397
f 267//398 362//398 265//398
f 265//399 362//399 358//399
f 265//400 358//400 263//400
f 263//401 358//401 359//401
f 263//402 359//402 269//402
f 269//403 359//403 360//403
f 215//404 352//404 216//404
f 216//405 352//405 351//405
f 216//406 351//406 209//406
f 209//407 351//407 356//407
f 209//408 356//408 210//408
f 210//409 356//409 354//409
f 210//410 354//410 213//410
f 1118//411 1123//411 1124//411
f 1167//412 1158//412 1171//412
f 348//413 346//413 212//413
f 212//414 345//414 214//414
f 214//415 345//415 344//415
f 214//416 344//416 349//416
f 214//417 349//417 205//417
f 205//418 349//418 348//418
f 205//419 348//419 211//419
f 161//420 339//420 158//420
f 158//421 339//421 340//421
f 158//422 340//422 155//422
f 155//423 340//423 341//423
f 155//424 341//424 342//424
f 155//425 342//425 161//425
f 161//426 342//426 338//426
f 161//427 338//427 339//427
f 153//428 335//428 336//428
f 153//429 336//429 337//429
f 153//430 337//430 151//430
f 151//431 337//431 333//431
f 151//432 333//432 334//432
f 151//433 334//433 149//433
f 149//434 334//434 335//434
f 149//435 335//435 153//435
f 140//436 330//436 139//436
f 139//437 330//437 331//437
f 143//438 328//438 329//438
f 143//439 329//439 140//439
f 140//440 329//440 330//440
f 138//441 324//441 325//441
f 138//442 325//442 326//442
f 138//443 326//443 135//443
f 135//444 326//444 327//444
f 135//445 327//445 133//445
f 133//446 327//446 323//446
f 133//447 323//447 131//447
f 131//448 323//448 324//448
f 131//449 324//449 138//449
f 311//450 407//450 313//450
f 298//451 296//451 409//451
f 410//452 285//452 283//452
f 411//453 414//453 413//453
f 413//454 414//454 415//454
f 411//455 413//455 417//455
f 411//456 417//456 418//456
f 412//457 419//457 411//457
f 413//458 415//458 416//458
f 411//459 418//459 412//459
f 317//460 318//460 322//460
f 317//461 322//461 420//461
f 420//462 322//462 421//462
f 421//463 322//463 315//463
f 314//464 407//464 422//464
f 422//465 407//465 311//465
f 422//466 311//466 310//466
f 309//467 321//467 423//467
f 423//468 321//468 408//468
f 305//469 304//469 424//469
f 424//470 304//470 301//470
f 424//471 301//471 300//471
f 299//472 409//472 425//472
f 425//473 409//473 296//473
f 425//474 296//474 295//474
f 293//475 294//475 426//475
f 426//476 294//476 320//476
f 426//477 320//477 292//477
f 426//478 292//478 291//478
f 290//479 289//479 427//479
f 427//480 289//480 319//480
f 427//481 319//481 287//481
f 427//482 287//482 428//482
f 286//483 285//483 410//483
f 286//484 410//484 429//484
f 429//485 410//485 282//485
f 282//486 410//486 283//486
f 260//487 278//487 261//487
f 261//488 278//488 281//488
f 412//489 418//489 430//489
f 430//490 418//490 417//490
f 431//491 414//491 411//491
f 431//492 411//492 419//492
f 281//171 280//171 261//171
f 261//493 280//493 455//493
f 423//494 314//494 422//494
f 434//495 312//495 435//495
f 435//496 312//496 314//496
f 435//497 314//497 423//497
f 310//498 442//498 422//498
f 442//499 310//499 434//499
f 434//500 310//500 312//500
f 435//501 306//501 436//501
f 436//502 306//502 308//502
f 437//503 300//503 303//503
f 300//504 436//504 424//504
f 436//505 300//505 437//505
f 437//506 303//506 433//506
f 433//507 303//507 297//507
f 297//508 303//508 305//508
f 433//509 297//509 438//509
f 428//510 426//510 299//510
f 293//511 426//511 428//511
f 291//512 438//512 299//512
f 439//513 293//513 432//513
f 432//514 293//514 428//514
f 299//515 426//515 291//515
f 438//516 291//516 439//516
f 439//517 291//517 293//517
f 432//518 288//518 440//518
f 440//519 288//519 290//519
f 441//520 286//520 421//520
f 441//521 284//521 286//521
f 286//522 429//522 421//522
f 421//523 429//523 290//523
f 282//524 440//524 290//524
f 429//525 282//525 290//525
f 440//526 282//526 284//526
f 441//527 316//527 442//527
f 316//528 317//528 442//528
f 432//529 428//529 288//529
f 412//530 427//530 419//530
f 419//531 427//531 428//531
f 431//532 425//532 414//532
f 414//533 425//533 295//533
f 431//534 299//534 425//534
f 438//535 297//535 299//535
f 435//536 423//536 306//536
f 423//537 415//537 309//537
f 415//538 423//538 416//538
f 308//539 309//539 424//539
f 436//540 308//540 424//540
f 442//541 317//541 422//541
f 441//542 421//542 316//542
f 422//543 317//543 420//543
f 417//544 420//544 421//544
f 417//545 421//545 430//545
f 413//546 422//546 417//546
f 417//547 422//547 420//547
f 422//548 413//548 423//548
f 423//549 413//549 416//549
f 412//550 290//550 427//550
f 290//551 412//551 430//551
f 290//552 430//552 421//552
f 299//553 431//553 419//553
f 299//554 419//554 428//554
f 415//555 414//555 295//555
f 309//556 415//556 295//556
f 309//557 295//557 424//557
f 424//558 295//558 297//558
f 424//559 297//559 305//559
f 455//560 280//560 181//560
f 181//561 280//561 279//561
f 443//562 273//562 271//562
f 443//563 271//563 444//563
f 444//564 271//564 445//564
f 445//565 271//565 276//565
f 445//566 276//566 446//566
f 446//567 276//567 275//567
f 446//568 275//568 447//568
f 447//569 275//569 273//569
f 447//570 273//570 443//570
f 195//571 207//571 196//571
f 196//572 207//572 208//572
f 448//573 264//573 449//573
f 449//574 264//574 270//574
f 449//575 270//575 450//575
f 450//576 270//576 268//576
f 450//577 268//577 451//577
f 451//578 268//578 266//578
f 451//579 266//579 452//579
f 452//580 266//580 264//580
f 452//581 264//581 448//581
f 181//582 441//582 453//582
f 453//583 441//583 442//583
f 453//584 442//584 454//584
f 454//585 442//585 434//585
f 440//586 455//586 456//586
f 440//587 456//587 432//587
f 432//588 456//588 439//588
f 440//589 284//589 455//589
f 455//590 284//590 262//590
f 262//591 284//591 441//591
f 262//592 441//592 181//592
f 436//593 194//593 457//593
f 436//594 457//594 435//594
f 435//595 457//595 454//595
f 435//596 454//596 434//596
f 193//597 433//597 438//597
f 193//598 438//598 458//598
f 458//599 438//599 439//599
f 458//600 439//600 456//600
f 193//601 192//601 433//601
f 433//602 192//602 437//602
f 437//603 192//603 436//603
f 436//604 192//604 194//604
f 259//605 462//605 459//605
f 259//606 459//606 257//606
f 257//607 459//607 460//607
f 257//608 460//608 258//608
f 258//609 460//609 461//609
f 258//610 461//610 259//610
f 259//611 461//611 462//611
f 463//612 255//612 464//612
f 464//613 255//613 254//613
f 464//614 254//614 465//614
f 465//615 254//615 256//615
f 465//616 256//616 466//616
f 466//617 256//617 255//617
f 466//618 255//618 463//618
f 181//619 179//619 455//619
f 455//620 179//620 183//620
f 470//621 253//621 251//621
f 470//622 251//622 467//622
f 467//623 251//623 468//623
f 468//624 251//624 252//624
f 468//625 252//625 469//625
f 469//626 252//626 253//626
f 469//627 253//627 470//627
f 471//628 249//628 248//628
f 471//629 248//629 472//629
f 472//630 248//630 473//630
f 473//631 248//631 250//631
f 473//632 250//632 474//632
f 474//633 250//633 249//633
f 474//634 249//634 475//634
f 475//635 249//635 471//635
f 476//636 246//636 245//636
f 476//637 245//637 477//637
f 477//638 245//638 247//638
f 477//639 247//639 478//639
f 478//640 247//640 246//640
f 478//641 246//641 479//641
f 479//642 246//642 476//642
f 483//643 242//643 480//643
f 480//644 242//644 244//644
f 480//645 244//645 481//645
f 481//646 244//646 241//646
f 481//647 241//647 482//647
f 482//648 241//648 243//648
f 482//649 243//649 483//649
f 483//650 243//650 242//650
f 487//651 239//651 484//651
f 484//652 239//652 238//652
f 484//653 238//653 485//653
f 485//654 238//654 486//654
f 486//655 238//655 240//655
f 486//656 240//656 487//656
f 487//657 240//657 239//657
f 491//658 237//658 488//658
f 488//659 237//659 236//659
f 488//660 236//660 489//660
f 489//661 236//661 235//661
f 489//662 235//662 490//662
f 490//663 235//663 491//663
f 491//664 235//664 237//664
f 496//665 232//665 492//665
f 492//666 232//666 233//666
f 492//667 233//667 493//667
f 493//668 233//668 234//668
f 493//669 234//669 494//669
f 494//670 234//670 495//670
f 495//671 234//671 496//671
f 496//672 234//672 232//672
f 500//673 231//673 497//673
f 497//674 231//674 230//674
f 497//675 230//675 498//675
f 498//676 230//676 229//676
f 498//677 229//677 499//677
f 499//678 229//678 500//678
f 500//679 229//679 231//679
f 226//680 501//680 227//680
f 227//681 501//681 502//681
f 227//682 502//682 228//682
f 228//683 502//683 503//683
f 228//684 503//684 504//684
f 228//685 504//685 226//685
f 226//686 504//686 501//686
f 224//687 508//687 505//687
f 224//688 505//688 506//688
f 224//689 506//689 225//689
f 225//690 506//690 507//690
f 225//691 507//691 508//691
f 225//692 508//692 223//692
f 223//693 508//693 224//693
f 221//694 512//694 509//694
f 221//695 509//695 510//695
f 221//696 510//696 222//696
f 222//697 510//697 511//697
f 222//698 511//698 220//698
f 220//699 511//699 512//699
f 220//700 512//700 221//700
f 217//701 513//701 218//701
f 218//702 513//702 514//702
f 218//703 514//703 219//703
f 219//704 514//704 515//704
f 219//705 515//705 516//705
f 219//706 516//706 217//706
f 217//707 516//707 513//707
f 443//708 455//708 447//708
f 443//709 456//709 455//709
f 447//710 455//710 182//710
f 447//711 182//711 177//711
f 176//712 444//712 445//712
f 445//713 175//713 176//713
f 175//714 445//714 446//714
f 176//715 193//715 458//715
f 175//716 446//716 177//716
f 177//717 446//717 447//717
f 456//718 443//718 444//718
f 456//719 444//719 458//719
f 458//720 444//720 176//720
f 196//721 208//721 165//721
f 196//722 165//722 197//722
f 197//723 165//723 167//723
f 164//724 162//724 448//724
f 449//725 450//725 181//725
f 162//726 452//726 448//726
f 451//727 452//727 163//727
f 163//728 452//728 162//728
f 164//729 448//729 449//729
f 181//730 450//730 180//730
f 180//731 450//731 451//731
f 164//732 454//732 457//732
f 180//733 451//733 163//733
f 164//734 449//734 454//734
f 164//735 457//735 194//735
f 181//736 453//736 449//736
f 449//737 453//737 454//737
f 182//738 455//738 183//738
f 182//238 183//238 184//238
f 201//170 517//170 202//170
f 202//170 517//170 518//170
f 174//230 204//230 202//230
f 174//230 202//230 518//230
f 166//230 165//230 170//230
f 170//739 165//739 208//739
f 167//740 168//740 197//740
f 197//741 168//741 164//741
f 164//742 194//742 197//742
f 197//743 194//743 199//743
f 199//744 194//744 193//744
f 199//745 193//745 176//745
f 199//746 176//746 201//746
f 201//740 176//740 517//740
f 191//747 93//747 189//747
f 189//748 93//748 92//748
f 189//749 92//749 58//749
f 189//750 58//750 190//750
f 190//751 58//751 96//751
f 190//752 96//752 93//752
f 190//753 93//753 191//753
f 107//754 185//754 187//754
f 107//755 187//755 104//755
f 104//756 187//756 186//756
f 104//757 186//757 105//757
f 105//758 186//758 106//758
f 106//759 186//759 188//759
f 106//760 188//760 185//760
f 106//761 185//761 107//761
f 465//762 177//762 184//762
f 184//763 177//763 182//763
f 80//764 461//764 163//764
f 63//765 465//765 466//765
f 464//766 465//766 184//766
f 461//767 460//767 163//767
f 163//768 460//768 180//768
f 180//769 460//769 178//769
f 177//770 465//770 63//770
f 80//771 462//771 461//771
f 178//772 460//772 184//772
f 463//773 464//773 459//773
f 460//774 459//774 184//774
f 466//775 462//775 63//775
f 63//776 462//776 80//776
f 462//777 466//777 463//777
f 184//778 459//778 464//778
f 462//779 463//779 459//779
f 177//780 63//780 175//780
f 175//781 63//781 64//781
f 475//782 471//782 518//782
f 518//783 471//783 174//783
f 476//784 477//784 174//784
f 470//785 175//785 469//785
f 480//786 469//786 175//786
f 470//787 467//787 175//787
f 175//788 467//788 176//788
f 176//789 467//789 517//789
f 517//790 467//790 468//790
f 468//791 518//791 517//791
f 518//792 468//792 475//792
f 481//793 475//793 468//793
f 174//794 477//794 173//794
f 471//795 472//795 174//795
f 174//796 472//796 479//796
f 479//797 476//797 174//797
f 482//798 475//798 481//798
f 64//799 483//799 480//799
f 64//800 480//800 175//800
f 468//801 469//801 481//801
f 481//802 469//802 480//802
f 478//803 479//803 472//803
f 478//804 472//804 473//804
f 173//805 477//805 473//805
f 473//806 477//806 478//806
f 173//807 473//807 68//807
f 473//808 474//808 68//808
f 68//809 474//809 475//809
f 68//810 482//810 483//810
f 68//811 483//811 64//811
f 475//812 482//812 68//812
f 173//813 68//813 172//813
f 172//814 68//814 69//814
f 484//815 494//815 495//815
f 492//816 172//816 496//816
f 489//817 490//817 497//817
f 69//818 487//818 172//818
f 172//819 487//819 484//819
f 484//820 496//820 172//820
f 171//821 489//821 497//821
f 73//822 486//822 69//822
f 486//823 487//823 69//823
f 490//824 491//824 497//824
f 484//825 495//825 496//825
f 485//826 494//826 484//826
f 497//827 498//827 171//827
f 172//828 492//828 493//828
f 172//829 488//829 171//829
f 171//830 488//830 489//830
f 171//831 498//831 73//831
f 73//832 498//832 499//832
f 73//833 499//833 486//833
f 486//834 499//834 500//834
f 491//835 488//835 172//835
f 172//836 493//836 497//836
f 497//837 493//837 494//837
f 494//838 485//838 497//838
f 497//839 491//839 172//839
f 497//840 485//840 500//840
f 500//841 485//841 486//841
f 171//842 73//842 169//842
f 169//843 73//843 75//843
f 168//844 503//844 502//844
f 504//845 515//845 514//845
f 79//846 508//846 75//846
f 75//847 508//847 507//847
f 506//848 505//848 166//848
f 166//849 505//849 168//849
f 75//850 511//850 169//850
f 169//851 511//851 510//851
f 79//852 513//852 516//852
f 166//853 509//853 512//853
f 166//854 512//854 506//854
f 168//855 502//855 164//855
f 79//856 516//856 508//856
f 508//857 516//857 515//857
f 75//858 507//858 506//858
f 75//859 506//859 511//859
f 170//860 509//860 166//860
f 512//861 511//861 506//861
f 162//862 513//862 79//862
f 515//863 504//863 503//863
f 515//864 503//864 508//864
f 508//865 503//865 505//865
f 164//866 502//866 501//866
f 164//867 501//867 162//867
f 169//868 510//868 509//868
f 169//869 509//869 170//869
f 501//870 504//870 162//870
f 168//871 505//871 503//871
f 514//872 513//872 504//872
f 504//873 513//873 162//873
f 162//874 79//874 163//874
f 163//875 79//875 80//875
f 97//876 160//876 61//876
f 61//877 160//877 159//877
f 61//878 159//878 62//878
f 62//879 159//879 157//879
f 62//880 157//880 156//880
f 62//881 156//881 65//881
f 65//882 156//882 101//882
f 101//883 156//883 154//883
f 101//884 154//884 97//884
f 97//885 154//885 160//885
f 76//886 148//886 147//886
f 76//887 147//887 59//887
f 59//888 147//888 152//888
f 59//416 152//416 91//416
f 91//415 152//415 72//415
f 72//414 152//414 150//414
f 72//889 150//889 74//889
f 74//890 150//890 148//890
f 74//891 148//891 76//891
f 90//892 141//892 146//892
f 90//893 146//893 89//893
f 89//894 146//894 145//894
f 89//895 145//895 66//895
f 66//896 145//896 144//896
f 66//897 144//897 67//897
f 67//898 144//898 142//898
f 67//899 142//899 71//899
f 71//900 142//900 141//900
f 71//901 141//901 90//901
f 78//902 137//902 83//902
f 83//903 137//903 136//903
f 83//904 136//904 82//904
f 82//905 136//905 134//905
f 82//906 134//906 85//906
f 85//907 134//907 132//907
f 85//908 132//908 87//908
f 64//909 70//909 68//909
f 75//910 77//910 79//910
f 18//911 128//911 26//911
f 26//912 128//912 27//912
f 27//913 128//913 130//913
f 27//914 130//914 129//914
f 27//915 129//915 24//915
f 24//916 129//916 18//916
f 18//917 129//917 128//917
f 32//918 125//918 29//918
f 29//919 125//919 127//919
f 29//920 127//920 31//920
f 31//921 127//921 126//921
f 31//922 126//922 32//922
f 32//923 126//923 125//923
f 34//924 124//924 35//924
f 35//925 124//925 36//925
f 36//926 124//926 123//926
f 36//927 123//927 33//927
f 33//928 123//928 34//928
f 34//929 123//929 124//929
f 38//930 121//930 122//930
f 38//931 122//931 41//931
f 41//932 122//932 39//932
f 39//933 122//933 120//933
f 39//934 120//934 42//934
f 42//935 120//935 121//935
f 42//936 121//936 38//936
f 44//937 117//937 45//937
f 45//938 117//938 46//938
f 46//939 117//939 119//939
f 46//940 119//940 47//940
f 47//941 119//941 118//941
f 47//942 118//942 43//942
f 43//943 118//943 44//943
f 44//944 118//944 117//944
f 14//945 116//945 50//945
f 50//946 116//946 115//946
f 50//947 115//947 114//947
f 50//948 114//948 15//948
f 15//949 114//949 14//949
f 14//950 114//950 116//950
f 51//951 111//951 112//951
f 51//952 112//952 52//952
f 52//953 112//953 113//953
f 52//954 113//954 13//954
f 13//955 113//955 111//955
f 13//956 111//956 51//956
f 21//957 110//957 22//957
f 22//958 110//958 109//958
f 22//959 109//959 20//959
f 20//960 109//960 108//960
f 20//961 108//961 19//961
f 19//962 108//962 21//962
f 21//963 108//963 110//963
f 103//964 37//964 40//964
f 103//965 40//965 60//965
f 60//966 40//966 94//966
f 94//967 40//967 49//967
f 94//968 49//968 95//968
f 95//969 49//969 86//969
f 86//970 49//970 48//970
f 86//971 48//971 81//971
f 81//972 48//972 12//972
f 81//973 12//973 17//973
f 81//974 17//974 84//974
f 84//975 17//975 99//975
f 99//976 17//976 23//976
f 99//977 23//977 98//977
f 98//978 23//978 16//978
f 98//979 16//979 100//979
f 100//980 16//980 28//980
f 100//981 28//981 102//981
f 102//982 28//982 103//982
f 103//983 28//983 37//983
f 54//984 2//984 8//984
f 54//985 8//985 57//985
f 57//986 8//986 9//986
f 57//987 9//987 55//987
f 55//988 9//988 56//988
f 56//989 9//989 11//989
f 56//990 11//990 25//990
f 25//991 11//991 6//991
f 25//992 6//992 5//992
f 25//993 5//993 30//993
f 30//994 5//994 3//994
f 30//995 3//995 53//995
f 53//996 3//996 2//996
f 53//997 2//997 54//997
f 522//998 7//998 519//998
f 519//999 7//999 1//999
f 519//1000 1//1000 520//1000
f 520//1001 1//1001 4//1001
f 520//1002 4//1002 521//1002
f 521//1003 4//1003 10//1003
f 521//1004 10//1004 522//1004
f 522//1005 10//1005 7//1005
f 521//1006 522//1006 520//1006
f 519//1007 520//1007 522//1007
f 523//1008 524//1008 525//1008
f 523//1009 526//1009 524//1009
f 526//1010 523//1010 546//1010
f 526//1011 546//1011 527//1011
f 526//1012 527//1012 529//1012
f 529//1013 527//1013 528//1013
f 525//1014 524//1014 529//1014
f 525//1015 529//1015 528//1015
f 532//1016 531//1016 534//1016
f 534//1017 531//1017 535//1017
f 535//1018 531//1018 530//1018
f 530//1019 536//1019 535//1019
f 536//1020 530//1020 533//1020
f 536//1021 533//1021 537//1021
f 533//1022 532//1022 537//1022
f 537//1023 532//1023 538//1023
f 532//1024 534//1024 538//1024
f 539//1025 535//1025 536//1025
f 540//1026 535//1026 539//1026
f 541//1027 535//1027 540//1027
f 534//1028 535//1028 541//1028
f 523//1029 541//1029 540//1029
f 523//1030 525//1030 541//1030
f 541//1031 525//1031 542//1031
f 538//1032 534//1032 541//1032
f 543//1033 538//1033 541//1033
f 543//1034 541//1034 542//1034
f 537//1035 538//1035 543//1035
f 528//1036 542//1036 525//1036
f 536//1037 537//1037 544//1037
f 543//1038 542//1038 528//1038
f 544//1039 537//1039 543//1039
f 544//1040 543//1040 528//1040
f 545//1041 539//1041 536//1041
f 545//1042 536//1042 544//1042
f 523//1043 540//1043 539//1043
f 523//1044 539//1044 546//1044
f 546//1045 539//1045 545//1045
f 546//1046 545//1046 527//1046
f 527//1047 545//1047 544//1047
f 544//1048 528//1048 527//1048
f 557//1049 550//1049 547//1049
f 550//1050 557//1050 548//1050
f 549//1051 550//1051 548//1051
f 550//1052 549//1052 556//1052
f 556//1053 549//1053 555//1053
f 554//1054 556//1054 555//1054
f 554//1055 547//1055 556//1055
f 557//1056 547//1056 554//1056
f 559//1057 553//1057 552//1057
f 559//1058 552//1058 560//1058
f 552//1059 561//1059 560//1059
f 561//1060 552//1060 551//1060
f 561//1061 551//1061 562//1061
f 558//1062 562//1062 551//1062
f 558//1063 563//1063 562//1063
f 558//1064 570//1064 563//1064
f 558//1065 553//1065 570//1065
f 570//1066 553//1066 559//1066
f 549//1067 548//1067 566//1067
f 561//1068 562//1068 564//1068
f 549//1069 565//1069 555//1069
f 561//1070 564//1070 565//1070
f 566//1071 561//1071 565//1071
f 566//1072 565//1072 549//1072
f 560//1073 561//1073 566//1073
f 559//1074 560//1074 566//1074
f 567//1075 559//1075 566//1075
f 568//1076 554//1076 569//1076
f 569//1077 554//1077 555//1077
f 569//1078 555//1078 565//1078
f 570//1079 568//1079 569//1079
f 571//1080 569//1080 565//1080
f 571//1081 565//1081 564//1081
f 559//1082 567//1082 568//1082
f 559//1083 568//1083 570//1083
f 570//1084 569//1084 563//1084
f 563//1085 569//1085 571//1085
f 563//1086 571//1086 562//1086
f 562//1087 571//1087 564//1087
f 567//1088 566//1088 548//1088
f 554//1089 568//1089 557//1089
f 557//1090 568//1090 567//1090
f 548//1091 557//1091 567//1091
f 576//1092 577//1092 572//1092
f 572//1093 577//1093 573//1093
f 572//1094 573//1094 574//1094
f 574//1095 573//1095 575//1095
f 574//1096 575//1096 576//1096
f 576//1097 575//1097 577//1097
f 586//1098 578//1098 579//1098
f 579//1099 578//1099 580//1099
f 581//1100 582//1100 583//1100
f 581//1101 583//1101 584//1101
f 584//1102 583//1102 585//1102
f 584//1103 585//1103 586//1103
f 586//1104 585//1104 578//1104
f 574//1105 582//1105 580//1105
f 582//1106 574//1106 583//1106
f 583//1107 574//1107 585//1107
f 585//1108 574//1108 576//1108
f 585//1109 576//1109 578//1109
f 578//1110 576//1110 572//1110
f 578//1111 572//1111 580//1111
f 580//1112 572//1112 574//1112
f 592//1113 587//1113 588//1113
f 588//1114 587//1114 589//1114
f 588//1115 589//1115 590//1115
f 590//1116 589//1116 591//1116
f 590//1117 591//1117 592//1117
f 592//1118 591//1118 587//1118
f 593//1119 594//1119 595//1119
f 595//1120 594//1120 596//1120
f 595//1121 596//1121 597//1121
f 597//1122 596//1122 598//1122
f 599//1123 600//1123 601//1123
f 599//1124 601//1124 602//1124
f 602//1125 601//1125 593//1125
f 593//1126 601//1126 594//1126
f 600//1127 598//1127 590//1127
f 600//1128 590//1128 601//1128
f 601//1129 590//1129 592//1129
f 601//1130 592//1130 594//1130
f 594//1131 592//1131 596//1131
f 596//1132 592//1132 588//1132
f 596//1133 588//1133 598//1133
f 598//1134 588//1134 590//1134
f 608//1135 603//1135 604//1135
f 604//1136 603//1136 605//1136
f 604//1137 605//1137 606//1137
f 604//1138 606//1138 607//1138
f 607//1139 606//1139 608//1139
f 608//1140 606//1140 603//1140
f 616//1141 617//1141 609//1141
f 609//1142 617//1142 610//1142
f 609//1143 610//1143 611//1143
f 609//1144 611//1144 612//1144
f 613//1145 614//1145 615//1145
f 615//1146 614//1146 607//1146
f 615//1147 607//1147 616//1147
f 616//1148 607//1148 617//1148
f 614//1149 604//1149 607//1149
f 617//1150 607//1150 608//1150
f 617//1151 608//1151 610//1151
f 610//1152 608//1152 611//1152
f 611//1153 608//1153 604//1153
f 611//1154 604//1154 614//1154
f 623//1155 618//1155 619//1155
f 623//1156 619//1156 620//1156
f 620//1157 619//1157 621//1157
f 620//1158 621//1158 622//1158
f 622//1159 621//1159 618//1159
f 622//1160 618//1160 623//1160
f 633//1161 632//1161 624//1161
f 633//1162 624//1162 625//1162
f 625//1163 624//1163 626//1163
f 625//1164 626//1164 627//1164
f 628//1165 629//1165 630//1165
f 628//1166 630//1166 631//1166
f 631//1167 630//1167 632//1167
f 631//1168 632//1168 633//1168
f 627//1169 628//1169 621//1169
f 621//1170 619//1170 627//1170
f 627//1171 619//1171 625//1171
f 625//1172 619//1172 618//1172
f 625//1173 618//1173 633//1173
f 633//1174 618//1174 631//1174
f 631//1175 618//1175 628//1175
f 628//1176 618//1176 621//1176
f 638//1092 639//1092 634//1092
f 634//1177 639//1177 635//1177
f 634//1178 635//1178 636//1178
f 636//1179 635//1179 637//1179
f 636//1180 637//1180 638//1180
f 638//1181 637//1181 639//1181
f 648//1182 640//1182 641//1182
f 648//1183 641//1183 642//1183
f 642//1184 641//1184 643//1184
f 642//1185 643//1185 644//1185
f 645//1186 1041//1186 646//1186
f 645//1187 646//1187 647//1187
f 647//1188 646//1188 640//1188
f 647//1189 640//1189 648//1189
f 645//1190 637//1190 644//1190
f 637//1191 635//1191 644//1191
f 644//1192 635//1192 642//1192
f 642//1193 635//1193 648//1193
f 648//1194 635//1194 639//1194
f 648//1195 639//1195 637//1195
f 648//1196 637//1196 647//1196
f 647//1197 637//1197 645//1197
f 654//1198 649//1198 650//1198
f 650//1199 649//1199 651//1199
f 650//1200 651//1200 652//1200
f 652//1201 651//1201 653//1201
f 652//1202 653//1202 654//1202
f 654//1203 653//1203 649//1203
f 662//1204 655//1204 656//1204
f 656//1205 655//1205 657//1205
f 656//1206 657//1206 658//1206
f 658//1207 659//1207 660//1207
f 660//1208 659//1208 661//1208
f 660//1209 661//1209 662//1209
f 662//1210 661//1210 655//1210
f 658//1211 651//1211 656//1211
f 656//1212 651//1212 649//1212
f 656//1213 649//1213 662//1213
f 662//1214 649//1214 653//1214
f 662//1215 653//1215 660//1215
f 660//1216 653//1216 658//1216
f 658//1217 653//1217 651//1217
f 667//1218 668//1218 663//1218
f 663//1219 668//1219 664//1219
f 663//1220 664//1220 665//1220
f 663//1221 665//1221 666//1221
f 666//1222 665//1222 667//1222
f 667//1223 665//1223 668//1223
f 669//1224 670//1224 671//1224
f 671//1225 670//1225 672//1225
f 671//1226 672//1226 673//1226
f 673//1227 672//1227 674//1227
f 673//1228 674//1228 675//1228
f 675//1229 674//1229 676//1229
f 675//1230 676//1230 677//1230
f 677//1231 676//1231 670//1231
f 677//1232 670//1232 669//1232
f 663//1233 672//1233 670//1233
f 663//1234 670//1234 667//1234
f 667//1235 670//1235 676//1235
f 667//1236 676//1236 666//1236
f 666//1237 676//1237 674//1237
f 666//1238 674//1238 663//1238
f 663//1239 674//1239 672//1239
f 685//1240 678//1240 679//1240
f 679//1241 678//1241 680//1241
f 679//1242 680//1242 681//1242
f 681//1243 680//1243 682//1243
f 681//1244 682//1244 683//1244
f 681//1245 683//1245 684//1245
f 684//1246 683//1246 685//1246
f 685//1247 683//1247 678//1247
f 689//1248 690//1248 686//1248
f 687//1249 688//1249 689//1249
f 689//1250 688//1250 690//1250
f 627//1251 691//1251 628//1251
f 628//1252 691//1252 688//1252
f 628//1253 688//1253 629//1253
f 629//1254 688//1254 687//1254
f 692//1255 693//1255 695//1255
f 695//1256 693//1256 1017//1256
f 1017//1257 694//1257 695//1257
f 694//1258 686//1258 695//1258
f 695//1259 686//1259 690//1259
f 688//1260 695//1260 690//1260
f 696//1261 697//1261 698//1261
f 697//1262 699//1262 698//1262
f 698//1263 699//1263 700//1263
f 700//1264 699//1264 701//1264
f 700//1265 701//1265 702//1265
f 702//1266 701//1266 703//1266
f 702//1267 703//1267 704//1267
f 704//1268 703//1268 705//1268
f 704//1269 705//1269 706//1269
f 706//1270 705//1270 707//1270
f 706//1271 707//1271 708//1271
f 708//1272 707//1272 709//1272
f 708//1273 709//1273 696//1273
f 696//1274 709//1274 697//1274
f 864//1275 713//1275 714//1275
f 716//1276 713//1276 715//1276
f 714//1277 713//1277 716//1277
f 719//1278 714//1278 716//1278
f 719//1279 689//1279 714//1279
f 689//1280 719//1280 717//1280
f 719//1281 716//1281 718//1281
f 721//1282 722//1282 723//1282
f 720//1283 723//1283 722//1283
f 720//1284 724//1284 723//1284
f 724//1285 720//1285 969//1285
f 724//1286 969//1286 725//1286
f 724//1287 725//1287 726//1287
f 721//1288 726//1288 725//1288
f 725//1289 970//1289 721//1289
f 722//1290 721//1290 970//1290
f 739//1291 740//1291 727//1291
f 727//1292 740//1292 728//1292
f 727//1293 728//1293 729//1293
f 727//1294 729//1294 730//1294
f 730//1295 729//1295 731//1295
f 730//1296 731//1296 732//1296
f 732//1297 731//1297 733//1297
f 733//1298 731//1298 734//1298
f 733//1299 734//1299 735//1299
f 735//1300 734//1300 736//1300
f 735//1301 736//1301 737//1301
f 737//1302 736//1302 738//1302
f 737//1303 738//1303 739//1303
f 739//1304 738//1304 740//1304
f 874//1305 748//1305 716//1305
f 716//1306 748//1306 746//1306
f 743//1307 741//1307 742//1307
f 745//1308 756//1308 750//1308
f 747//171 746//171 748//171
f 747//1309 748//1309 745//1309
f 742//1310 741//1310 745//1310
f 745//1311 741//1311 744//1311
f 744//1312 756//1312 745//1312
f 750//1313 755//1313 753//1313
f 741//1314 743//1314 751//1314
f 751//1315 743//1315 757//1315
f 757//1316 743//1316 752//1316
f 745//1317 748//1317 742//1317
f 745//1318 750//1318 753//1318
f 755//1319 754//1319 749//1319
f 754//1320 756//1320 749//1320
f 749//1321 756//1321 757//1321
f 749//1322 757//1322 752//1322
f 757//1323 756//1323 744//1323
f 745//1324 753//1324 758//1324
f 755//1325 750//1325 754//1325
f 763//1326 771//1326 772//1326
f 763//1327 772//1327 760//1327
f 767//1328 760//1328 766//1328
f 763//1329 760//1329 759//1329
f 760//1330 767//1330 759//1330
f 769//1331 768//1331 770//1331
f 771//1332 775//1332 772//1332
f 759//1333 767//1333 761//1333
f 759//238 765//238 764//238
f 765//1334 773//1334 764//1334
f 774//1335 763//1335 759//1335
f 761//1336 762//1336 759//1336
f 762//1337 761//1337 769//1337
f 768//1338 766//1338 770//1338
f 770//1339 766//1339 775//1339
f 770//1340 775//1340 771//1340
f 759//1341 762//1341 765//1341
f 768//1342 769//1342 761//1342
f 766//1343 760//1343 775//1343
f 773//1344 765//1344 805//1344
f 805//1345 782//1345 773//1345
f 794//1346 784//1346 785//1346
f 782//1347 793//1347 816//1347
f 788//1348 784//1348 789//1348
f 967//1349 809//1349 791//1349
f 786//1350 783//1350 788//1350
f 784//1350 788//1350 783//1350
f 794//1351 795//1351 784//1351
f 967//1352 791//1352 966//1352
f 965//1353 796//1353 803//1353
f 792//1354 797//1354 798//1354
f 798//1355 797//1355 787//1355
f 798//1356 799//1356 792//1356
f 798//1357 805//1357 799//1357
f 787//1358 807//1358 800//1358
f 804//1359 803//1359 796//1359
f 792//1360 803//1360 804//1360
f 805//1361 798//1361 806//1361
f 787//1362 800//1362 808//1362
f 787//1363 797//1363 807//1363
f 966//1364 791//1364 807//1364
f 966//1365 807//1365 965//1365
f 783//1366 786//1366 808//1366
f 783//1367 808//1367 810//1367
f 810//1368 808//1368 790//1368
f 808//1369 800//1369 790//1369
f 1007//1370 802//1370 985//1370
f 985//1371 790//1371 809//1371
f 807//1372 797//1372 811//1372
f 805//1373 806//1373 782//1373
f 782//1374 806//1374 793//1374
f 802//1375 801//1375 810//1375
f 810//1376 790//1376 802//1376
f 985//1377 809//1377 967//1377
f 796//1378 965//1378 811//1378
f 811//1379 965//1379 807//1379
f 789//1380 812//1380 806//1380
f 806//1381 812//1381 793//1381
f 790//1382 985//1382 802//1382
f 784//1383 795//1383 812//1383
f 784//1384 812//1384 789//1384
f 781//1385 813//1385 794//1385
f 815//1386 816//1386 814//1386
f 813//1387 781//1387 815//1387
f 815//1388 781//1388 816//1388
f 814//1389 816//1389 793//1389
f 814//1390 793//1390 817//1390
f 745//230 759//230 747//230
f 747//230 759//230 764//230
f 785//1391 818//1391 819//1391
f 785//1392 819//1392 822//1392
f 818//1393 785//1393 784//1393
f 818//1394 784//1394 820//1394
f 820//1395 784//1395 783//1395
f 820//1396 783//1396 821//1396
f 819//1397 801//1397 822//1397
f 821//1398 783//1398 823//1398
f 823//1399 783//1399 810//1399
f 823//1400 810//1400 824//1400
f 824//1401 810//1401 801//1401
f 824//1402 801//1402 819//1402
f 794//1403 813//1403 825//1403
f 817//1404 793//1404 812//1404
f 817//1405 812//1405 826//1405
f 826//1406 812//1406 795//1406
f 826//1407 795//1407 827//1407
f 827//1408 795//1408 794//1408
f 827//1409 794//1409 825//1409
f 1012//1410 828//1410 694//1410
f 694//1411 828//1411 686//1411
f 686//1412 714//1412 689//1412
f 714//1413 686//1413 828//1413
f 714//1414 828//1414 968//1414
f 968//1415 828//1415 829//1415
f 830//1416 831//1416 832//1416
f 829//1417 832//1417 831//1417
f 828//1418 832//1418 829//1418
f 600//1419 833//1419 598//1419
f 598//1420 833//1420 834//1420
f 598//1421 834//1421 597//1421
f 597//1422 834//1422 835//1422
f 831//116 613//116 615//116
f 837//1423 616//1423 609//1423
f 584//1424 586//1424 839//1424
f 838//1425 581//1425 584//1425
f 675//1426 593//1426 595//1426
f 839//1427 838//1427 584//1427
f 837//1428 609//1428 839//1428
f 839//1429 609//1429 838//1429
f 593//1430 675//1430 677//1430
f 829//1431 831//1431 972//1431
f 595//1432 840//1432 842//1432
f 835//1433 595//1433 597//1433
f 983//1434 835//1434 841//1434
f 615//1435 842//1435 843//1435
f 842//1436 615//1436 616//1436
f 616//1437 837//1437 851//1437
f 838//1438 609//1438 836//1438
f 836//1439 609//1439 612//1439
f 593//1440 677//1440 844//1440
f 602//1441 593//1441 854//1441
f 854//1442 593//1442 844//1442
f 847//1443 848//1443 983//1443
f 595//1444 835//1444 983//1444
f 595//1445 983//1445 848//1445
f 595//1446 848//1446 845//1446
f 595//1447 845//1447 840//1447
f 831//1448 615//1448 972//1448
f 972//1449 846//1449 983//1449
f 983//1450 846//1450 847//1450
f 851//1451 842//1451 616//1451
f 851//1452 671//1452 842//1452
f 842//1453 671//1453 673//1453
f 842//1454 673//1454 675//1454
f 675//1455 595//1455 842//1455
f 615//1456 843//1456 849//1456
f 615//1457 849//1457 972//1457
f 849//1458 846//1458 972//1458
f 850//1459 599//1459 602//1459
f 851//1460 669//1460 671//1460
f 851//1461 853//1461 669//1461
f 669//1462 853//1462 677//1462
f 677//1463 853//1463 844//1463
f 839//1464 586//1464 852//1464
f 839//1465 852//1465 854//1465
f 854//1466 852//1466 850//1466
f 854//1467 850//1467 602//1467
f 586//1468 579//1468 852//1468
f 855//1469 853//1469 851//1469
f 855//1470 851//1470 856//1470
f 856//1471 851//1471 837//1471
f 856//1472 837//1472 858//1472
f 839//1473 857//1473 858//1473
f 839//1474 858//1474 837//1474
f 857//1475 839//1475 854//1475
f 857//1476 854//1476 859//1476
f 859//1477 854//1477 844//1477
f 859//1478 844//1478 860//1478
f 853//1479 855//1479 860//1479
f 853//1480 860//1480 844//1480
f 771//1481 763//1481 967//1481
f 967//1482 763//1482 985//1482
f 753//1483 861//1483 862//1483
f 863//1484 864//1484 871//1484
f 865//1485 866//1485 867//1485
f 865//1486 867//1486 868//1486
f 868//1487 867//1487 869//1487
f 868//1488 869//1488 870//1488
f 870//1489 869//1489 871//1489
f 871//1490 869//1490 863//1490
f 873//1491 713//1491 872//1491
f 873//1492 715//1492 713//1492
f 872//1493 864//1493 863//1493
f 872//1494 713//1494 864//1494
f 866//1495 865//1495 715//1495
f 866//1496 715//1496 873//1496
f 878//1497 876//1497 955//1497
f 891//1498 882//1498 890//1498
f 883//1499 884//1499 885//1499
f 883//1500 885//1500 886//1500
f 886//1501 885//1501 887//1501
f 887//1502 885//1502 888//1502
f 887//1503 888//1503 889//1503
f 889//1504 888//1504 890//1504
f 889//1505 890//1505 882//1505
f 891//1506 892//1506 882//1506
f 896//1507 892//1507 891//1507
f 884//1508 883//1508 893//1508
f 884//1509 893//1509 894//1509
f 894//1510 893//1510 895//1510
f 894//1511 895//1511 896//1511
f 896//1512 895//1512 892//1512
f 910//1513 897//1513 898//1513
f 898//1514 897//1514 899//1514
f 898//1515 899//1515 900//1515
f 900//1516 899//1516 901//1516
f 900//1517 901//1517 902//1517
f 902//1518 901//1518 903//1518
f 902//1519 903//1519 904//1519
f 904//1520 903//1520 905//1520
f 904//1521 905//1521 906//1521
f 906//1522 905//1522 907//1522
f 906//1523 907//1523 908//1523
f 908//1524 907//1524 909//1524
f 908//1525 909//1525 910//1525
f 910//1526 909//1526 897//1526
f 753//1527 755//1527 861//1527
f 861//1528 755//1528 881//1528
f 736//1529 734//1529 738//1529
f 740//1530 734//1530 731//1530
f 734//1531 740//1531 738//1531
f 731//1532 728//1532 740//1532
f 728//1533 731//1533 729//1533
f 863//1534 866//1534 873//1534
f 873//1535 872//1535 863//1535
f 863//1536 869//1536 867//1536
f 867//1537 866//1537 863//1537
f 890//1538 884//1538 894//1538
f 890//1539 885//1539 884//1539
f 890//1334 894//1334 896//1334
f 890//1540 896//1540 891//1540
f 890//1541 888//1541 885//1541
f 903//1542 897//1542 909//1542
f 909//1543 907//1543 905//1543
f 903//1544 909//1544 905//1544
f 897//1545 903//1545 899//1545
f 899//1546 903//1546 901//1546
f 911//1547 912//1547 913//1547
f 913//1548 912//1548 917//1548
f 917//1549 912//1549 914//1549
f 913//112 915//112 911//112
f 911//1550 915//1550 916//1550
f 912//1299 846//1299 914//1299
f 914//1300 846//1300 849//1300
f 914//1551 849//1551 917//1551
f 917//1302 849//1302 843//1302
f 917//1552 843//1552 913//1552
f 913//1304 843//1304 842//1304
f 913//1291 842//1291 915//1291
f 915//1292 842//1292 840//1292
f 915//1293 840//1293 845//1293
f 915//1294 845//1294 916//1294
f 916//1553 845//1553 848//1553
f 916//1554 848//1554 911//1554
f 911//1555 848//1555 847//1555
f 911//1556 847//1556 912//1556
f 912//1557 847//1557 846//1557
f 819//1558 818//1558 821//1558
f 823//1559 819//1559 821//1559
f 820//1560 821//1560 818//1560
f 823//1561 824//1561 819//1561
f 825//1562 813//1562 817//1562
f 817//1563 826//1563 825//1563
f 815//1564 814//1564 817//1564
f 826//1565 827//1565 825//1565
f 813//1566 815//1566 817//1566
f 918//1567 921//1567 919//1567
f 923//1568 919//1568 922//1568
f 919//1569 923//1569 918//1569
f 922//1570 920//1570 923//1570
f 921//1571 924//1571 919//1571
f 919//1572 787//1572 922//1572
f 922//1573 787//1573 808//1573
f 922//1574 808//1574 920//1574
f 920//1575 808//1575 786//1575
f 920//1576 786//1576 923//1576
f 923//1577 786//1577 788//1577
f 923//1578 788//1578 918//1578
f 918//1579 788//1579 789//1579
f 918//1580 789//1580 921//1580
f 921//1581 789//1581 806//1581
f 921//1582 806//1582 924//1582
f 924//1583 806//1583 798//1583
f 924//1584 798//1584 919//1584
f 919//1585 798//1585 787//1585
f 797//1586 929//1586 925//1586
f 797//1587 925//1587 811//1587
f 811//1588 925//1588 926//1588
f 811//1589 926//1589 796//1589
f 796//1590 926//1590 927//1590
f 796//1591 927//1591 804//1591
f 804//1592 927//1592 928//1592
f 804//1593 928//1593 792//1593
f 792//1594 928//1594 929//1594
f 792//1595 929//1595 797//1595
f 790//1596 934//1596 930//1596
f 790//1597 930//1597 809//1597
f 809//1598 930//1598 931//1598
f 809//1599 931//1599 791//1599
f 791//1600 931//1600 932//1600
f 791//1601 932//1601 807//1601
f 807//1602 932//1602 933//1602
f 807//1603 933//1603 800//1603
f 800//1604 933//1604 934//1604
f 800//1605 934//1605 790//1605
f 937//1606 926//1606 925//1606
f 935//1607 925//1607 929//1607
f 935//1608 929//1608 936//1608
f 936//1609 929//1609 928//1609
f 936//1610 928//1610 927//1610
f 936//1611 927//1611 937//1611
f 937//1612 927//1612 926//1612
f 940//1613 931//1613 938//1613
f 938//1614 931//1614 930//1614
f 930//1615 934//1615 939//1615
f 939//1616 934//1616 933//1616
f 939//1617 933//1617 932//1617
f 939//1618 932//1618 940//1618
f 940//1619 932//1619 931//1619
f 937//1620 768//1620 936//1620
f 936//1621 768//1621 761//1621
f 936//1622 761//1622 935//1622
f 935//1623 761//1623 767//1623
f 935//1624 767//1624 925//1624
f 925//1625 767//1625 766//1625
f 925//1626 766//1626 937//1626
f 937//1627 766//1627 768//1627
f 940//1628 775//1628 939//1628
f 939//1629 775//1629 760//1629
f 939//1630 760//1630 930//1630
f 930//1631 760//1631 772//1631
f 930//1632 772//1632 938//1632
f 938//1633 772//1633 940//1633
f 940//1634 772//1634 775//1634
f 879//1635 752//1635 877//1635
f 752//1636 879//1636 749//1636
f 880//1637 749//1637 879//1637
f 881//1638 755//1638 749//1638
f 881//1639 749//1639 880//1639
f 877//1640 752//1640 743//1640
f 877//1641 743//1641 878//1641
f 743//1642 742//1642 878//1642
f 878//1643 742//1643 876//1643
f 876//1644 742//1644 875//1644
f 875//1645 742//1645 748//1645
f 875//1646 748//1646 874//1646
f 762//1647 799//1647 805//1647
f 762//1648 805//1648 765//1648
f 762//1649 769//1649 799//1649
f 799//1650 769//1650 803//1650
f 757//1651 941//1651 751//1651
f 751//1652 941//1652 942//1652
f 751//1653 942//1653 741//1653
f 741//1654 942//1654 943//1654
f 741//1655 943//1655 744//1655
f 744//1656 943//1656 944//1656
f 744//1657 944//1657 757//1657
f 757//1658 944//1658 941//1658
f 754//1659 945//1659 756//1659
f 756//1660 945//1660 946//1660
f 756//1661 946//1661 947//1661
f 756//1662 947//1662 750//1662
f 750//1663 947//1663 948//1663
f 750//1664 948//1664 754//1664
f 754//1665 948//1665 945//1665
f 792//1666 799//1666 803//1666
f 942//1667 949//1667 943//1667
f 943//1668 949//1668 950//1668
f 943//1669 950//1669 944//1669
f 944//1670 950//1670 951//1670
f 944//1671 951//1671 941//1671
f 945//1672 952//1672 946//1672
f 947//1673 946//1673 953//1673
f 947//1674 953//1674 948//1674
f 948//1675 954//1675 945//1675
f 945//1676 954//1676 952//1676
f 941//1677 959//1677 878//1677
f 941//1678 878//1678 942//1678
f 942//1679 878//1679 955//1679
f 942//1680 955//1680 949//1680
f 949//1681 955//1681 956//1681
f 949//1682 956//1682 950//1682
f 950//1683 956//1683 957//1683
f 950//1684 957//1684 951//1684
f 951//1685 957//1685 958//1685
f 951//1686 958//1686 959//1686
f 951//1687 959//1687 941//1687
f 954//1688 964//1688 952//1688
f 952//1689 964//1689 960//1689
f 952//1690 960//1690 946//1690
f 946//1691 960//1691 961//1691
f 946//1692 961//1692 953//1692
f 953//1693 961//1693 962//1693
f 953//1694 962//1694 948//1694
f 948//1695 962//1695 963//1695
f 948//1696 963//1696 954//1696
f 954//1697 963//1697 964//1697
f 803//1698 769//1698 965//1698
f 965//1699 769//1699 770//1699
f 770//1700 966//1700 965//1700
f 966//1701 770//1701 771//1701
f 966//1702 771//1702 967//1702
f 889//1703 882//1703 968//1703
f 892//1704 871//1704 864//1704
f 892//1705 864//1705 714//1705
f 892//1706 714//1706 882//1706
f 968//1707 882//1707 714//1707
f 880//1708 964//1708 881//1708
f 862//1709 883//1709 886//1709
f 881//1710 962//1710 861//1710
f 962//1711 961//1711 906//1711
f 861//1712 962//1712 906//1712
f 861//1713 906//1713 862//1713
f 906//1714 961//1714 904//1714
f 904//1715 957//1715 902//1715
f 904//1716 961//1716 957//1716
f 957//1717 961//1717 960//1717
f 902//1718 957//1718 900//1718
f 877//1719 959//1719 879//1719
f 906//1720 908//1720 862//1720
f 862//1721 908//1721 883//1721
f 862//1722 886//1722 887//1722
f 862//1723 887//1723 889//1723
f 880//1724 960//1724 964//1724
f 964//1725 963//1725 881//1725
f 881//1726 963//1726 962//1726
f 879//1727 959//1727 958//1727
f 879//1728 958//1728 880//1728
f 957//1729 960//1729 958//1729
f 958//1730 960//1730 880//1730
f 716//1731 715//1731 865//1731
f 716//1732 865//1732 874//1732
f 957//1733 956//1733 900//1733
f 871//1734 892//1734 895//1734
f 883//1735 908//1735 893//1735
f 893//1736 908//1736 910//1736
f 893//1737 910//1737 898//1737
f 893//1738 898//1738 868//1738
f 893//1739 868//1739 870//1739
f 871//1740 895//1740 870//1740
f 959//1741 877//1741 878//1741
f 868//1742 898//1742 900//1742
f 868//1743 900//1743 865//1743
f 876//1744 956//1744 955//1744
f 900//1745 875//1745 865//1745
f 865//1746 875//1746 874//1746
f 870//1747 895//1747 893//1747
f 956//1748 876//1748 900//1748
f 900//1749 876//1749 875//1749
f 968//1750 862//1750 889//1750
f 862//1751 968//1751 971//1751
f 971//1752 968//1752 829//1752
f 829//1753 972//1753 971//1753
f 745//170 758//170 759//170
f 759//170 758//170 774//170
f 969//1754 973//1754 974//1754
f 969//1755 974//1755 725//1755
f 725//1756 988//1756 970//1756
f 720//1757 991//1757 973//1757
f 720//1758 973//1758 969//1758
f 975//1759 1005//1759 778//1759
f 975//1760 778//1760 777//1760
f 975//1761 777//1761 976//1761
f 976//1762 777//1762 776//1762
f 976//1763 776//1763 977//1763
f 780//1764 978//1764 776//1764
f 776//1765 978//1765 977//1765
f 978//1766 780//1766 779//1766
f 978//1767 779//1767 1005//1767
f 1005//1768 779//1768 778//1768
f 613//1769 831//1769 614//1769
f 614//1770 831//1770 830//1770
f 614//1771 830//1771 979//1771
f 614//1772 979//1772 611//1772
f 580//1773 582//1773 980//1773
f 580//1774 980//1774 579//1774
f 579//1775 980//1775 852//1775
f 852//1776 980//1776 981//1776
f 852//1777 981//1777 850//1777
f 850//1778 981//1778 833//1778
f 850//1779 833//1779 599//1779
f 599//1780 833//1780 600//1780
f 582//1781 581//1781 838//1781
f 582//1782 838//1782 982//1782
f 982//1783 838//1783 836//1783
f 982//1784 836//1784 979//1784
f 979//1785 836//1785 612//1785
f 979//1786 612//1786 611//1786
f 984//1787 972//1787 983//1787
f 984//1788 971//1788 972//1788
f 774//1789 984//1789 763//1789
f 763//1790 984//1790 1007//1790
f 862//1791 971//1791 753//1791
f 753//1792 971//1792 758//1792
f 758//1793 971//1793 774//1793
f 774//1794 971//1794 984//1794
f 763//1795 1007//1795 985//1795
f 987//1796 986//1796 994//1796
f 988//1797 987//1797 994//1797
f 970//1798 994//1798 995//1798
f 970//1799 988//1799 994//1799
f 974//1800 989//1800 987//1800
f 974//1801 987//1801 988//1801
f 974//1802 973//1802 989//1802
f 988//1803 725//1803 974//1803
f 993//1804 990//1804 989//1804
f 991//1805 993//1805 989//1805
f 991//1806 989//1806 973//1806
f 992//1807 990//1807 993//1807
f 992//1808 993//1808 720//1808
f 720//1809 993//1809 991//1809
f 994//1810 986//1810 992//1810
f 994//1811 992//1811 995//1811
f 995//1812 992//1812 720//1812
f 995//1813 722//1813 970//1813
f 720//1814 722//1814 995//1814
f 998//1815 1013//1815 999//1815
f 996//1816 997//1816 998//1816
f 976//1817 977//1817 999//1817
f 999//1818 977//1818 996//1818
f 999//1819 996//1819 998//1819
f 975//1820 976//1820 999//1820
f 1001//1821 975//1821 999//1821
f 1001//1822 999//1822 1000//1822
f 1005//1823 975//1823 1001//1823
f 1002//1824 1016//1824 1003//1824
f 1003//1825 1016//1825 1004//1825
f 1004//1826 1016//1826 997//1826
f 1001//1827 1000//1827 1002//1827
f 1001//1828 1002//1828 1005//1828
f 1005//1829 1002//1829 1003//1829
f 1004//1830 997//1830 996//1830
f 978//1831 1003//1831 1004//1831
f 1004//1832 996//1832 977//1832
f 1005//1833 1003//1833 978//1833
f 978//1834 1004//1834 977//1834
f 860//1835 668//1835 834//1835
f 834//1836 668//1836 665//1836
f 834//1837 665//1837 832//1837
f 665//1838 664//1838 832//1838
f 832//1839 664//1839 830//1839
f 830//1840 664//1840 606//1840
f 664//1841 668//1841 856//1841
f 830//1842 606//1842 979//1842
f 606//1843 605//1843 979//1843
f 856//1844 603//1844 664//1844
f 664//1845 603//1845 606//1845
f 979//1846 605//1846 603//1846
f 603//1847 856//1847 858//1847
f 668//1848 860//1848 855//1848
f 668//1849 855//1849 856//1849
f 979//1850 603//1850 858//1850
f 979//1851 858//1851 575//1851
f 575//1852 858//1852 857//1852
f 575//1853 857//1853 577//1853
f 979//1854 575//1854 982//1854
f 982//1855 575//1855 582//1855
f 582//1856 575//1856 980//1856
f 980//1857 575//1857 573//1857
f 857//1858 573//1858 577//1858
f 833//1859 981//1859 857//1859
f 980//1860 573//1860 857//1860
f 980//1861 857//1861 981//1861
f 587//1862 860//1862 834//1862
f 587//1863 859//1863 860//1863
f 591//1864 857//1864 859//1864
f 591//1865 859//1865 587//1865
f 833//1866 589//1866 834//1866
f 591//1867 833//1867 857//1867
f 833//1868 591//1868 589//1868
f 834//1869 589//1869 587//1869
f 990//1870 1011//1870 989//1870
f 989//1871 1011//1871 1008//1871
f 989//1872 1008//1872 987//1872
f 987//1873 1008//1873 1009//1873
f 987//1874 1009//1874 986//1874
f 992//1875 986//1875 1010//1875
f 1010//1876 986//1876 1009//1876
f 992//1877 1010//1877 1011//1877
f 992//1878 1011//1878 990//1878
f 1000//1879 999//1879 1013//1879
f 997//1880 1016//1880 998//1880
f 1016//1881 1002//1881 1014//1881
f 1014//1882 1002//1882 1000//1882
f 1000//1883 1015//1883 1014//1883
f 841//1884 1006//1884 1012//1884
f 835//1885 834//1885 841//1885
f 841//1886 834//1886 1006//1886
f 828//1887 1012//1887 1006//1887
f 828//1888 1006//1888 832//1888
f 832//1889 1006//1889 834//1889
f 841//1890 984//1890 983//1890
f 802//1891 1007//1891 984//1891
f 802//1892 984//1892 841//1892
f 1013//1893 1015//1893 1000//1893
f 1012//1894 802//1894 841//1894
f 694//1895 1018//1895 1012//1895
f 1012//1896 1018//1896 802//1896
f 1018//1897 694//1897 1017//1897
f 1018//1898 781//1898 794//1898
f 1018//1899 794//1899 785//1899
f 801//1900 802//1900 822//1900
f 785//1901 822//1901 1018//1901
f 1018//1902 822//1902 802//1902
f 764//1903 773//1903 747//1903
f 747//158 773//158 746//158
f 1015//1904 1020//1904 1019//1904
f 1020//1905 1015//1905 1013//1905
f 998//1906 1021//1906 1020//1906
f 998//1907 1020//1907 1013//1907
f 1021//1908 998//1908 1022//1908
f 1019//1909 1014//1909 1015//1909
f 1016//1910 1022//1910 998//1910
f 1016//1911 1019//1911 1022//1911
f 1014//1912 1019//1912 1016//1912
f 816//1913 781//1913 1018//1913
f 782//1914 816//1914 1018//1914
f 782//1915 1018//1915 712//1915
f 710//1916 1018//1916 1017//1916
f 712//1917 1018//1917 710//1917
f 1017//1918 711//1918 710//1918
f 716//1919 746//1919 718//1919
f 718//1920 746//1920 773//1920
f 712//1921 718//1921 773//1921
f 712//1922 773//1922 782//1922
f 1024//1923 1023//1923 712//1923
f 1023//1924 1025//1924 712//1924
f 780//1925 553//1925 558//1925
f 1026//1926 1008//1926 1025//1926
f 780//1927 558//1927 779//1927
f 1025//1928 1008//1928 712//1928
f 712//1929 1008//1929 718//1929
f 1008//1930 779//1930 558//1930
f 1008//1931 558//1931 718//1931
f 718//1932 558//1932 719//1932
f 1008//1933 778//1933 779//1933
f 1026//1934 1027//1934 1008//1934
f 1008//1935 1027//1935 1028//1935
f 1028//1936 1009//1936 1008//1936
f 719//1937 558//1937 551//1937
f 719//1938 551//1938 552//1938
f 1033//1939 1029//1939 1010//1939
f 552//1940 717//1940 719//1940
f 552//1941 777//1941 717//1941
f 777//1942 1011//1942 1010//1942
f 1010//1943 717//1943 777//1943
f 1010//1944 1029//1944 717//1944
f 1029//1945 1030//1945 711//1945
f 1029//1946 711//1946 717//1946
f 711//1947 1030//1947 1031//1947
f 711//1948 1031//1948 1032//1948
f 711//1949 1032//1949 710//1949
f 1024//1950 712//1950 710//1950
f 1024//1951 710//1951 1032//1951
f 1009//1952 1028//1952 1010//1952
f 1010//1953 1028//1953 1034//1953
f 1010//1954 1034//1954 1033//1954
f 553//1955 780//1955 776//1955
f 776//1956 552//1956 553//1956
f 552//1957 776//1957 777//1957
f 778//1958 1008//1958 1011//1958
f 778//1959 1011//1959 777//1959
f 1038//1960 657//1960 655//1960
f 655//1961 661//1961 1035//1961
f 1035//1962 661//1962 659//1962
f 1035//1963 659//1963 1037//1963
f 693//1964 657//1964 1038//1964
f 526//1965 1039//1965 730//1965
f 730//1966 524//1966 526//1966
f 1039//1967 529//1967 693//1967
f 1039//1968 526//1968 529//1968
f 1017//1969 524//1969 711//1969
f 693//1970 529//1970 524//1970
f 693//1971 524//1971 1017//1971
f 711//1972 524//1972 730//1972
f 630//1973 629//1973 687//1973
f 689//1974 717//1974 687//1974
f 687//1975 632//1975 630//1975
f 632//1976 1036//1976 624//1976
f 1040//1977 626//1977 1036//1977
f 1036//1978 626//1978 624//1978
f 1036//1979 646//1979 1041//1979
f 706//1980 708//1980 1038//1980
f 704//1981 706//1981 1035//1981
f 1042//1982 696//1982 698//1982
f 708//1983 696//1983 1038//1983
f 1038//1984 696//1984 1042//1984
f 700//1985 702//1985 1036//1985
f 1036//1986 702//1986 646//1986
f 646//1987 702//1987 640//1987
f 640//1988 702//1988 704//1988
f 704//1989 1035//1989 641//1989
f 704//1990 641//1990 640//1990
f 1035//1991 643//1991 641//1991
f 1039//1992 721//1992 723//1992
f 1039//1993 723//1993 730//1993
f 693//1994 1038//1994 1039//1994
f 1019//1529 726//1529 1039//1529
f 1039//1995 726//1995 721//1995
f 1019//1996 1020//1996 724//1996
f 726//1997 1019//1997 724//1997
f 737//1998 1021//1998 632//1998
f 632//1999 1021//1999 1022//1999
f 724//2000 1020//2000 723//2000
f 1020//2001 1021//2001 737//2001
f 727//2002 723//2002 739//2002
f 739//170 723//170 1020//170
f 1020//2003 737//2003 739//2003
f 717//2004 735//2004 737//2004
f 711//2005 732//2005 733//2005
f 717//2006 733//2006 735//2006
f 711//2007 733//2007 717//2007
f 723//2008 727//2008 730//2008
f 711//1972 730//1972 732//1972
f 698//2009 700//2009 632//2009
f 632//2010 700//2010 1036//2010
f 1038//2011 1035//2011 706//2011
f 1019//2012 678//2012 683//2012
f 1042//2013 683//2013 682//2013
f 678//2014 1019//2014 1039//2014
f 1019//2015 683//2015 1042//2015
f 1042//2016 682//2016 1038//2016
f 1038//2017 682//2017 680//2017
f 655//2018 1035//2018 1038//2018
f 1039//2019 1038//2019 680//2019
f 1039//2020 680//2020 678//2020
f 698//2021 632//2021 1042//2021
f 1042//2022 632//2022 1019//2022
f 1019//2023 632//2023 1022//2023
f 550//2024 717//2024 737//2024
f 687//2025 556//2025 547//2025
f 687//2026 547//2026 632//2026
f 547//2027 550//2027 737//2027
f 632//2028 547//2028 737//2028
f 717//2029 550//2029 687//2029
f 687//2030 550//2030 556//2030
f 657//2031 693//2031 658//2031
f 658//2032 693//2032 692//2032
f 658//2033 692//2033 1043//2033
f 658//2034 1043//2034 659//2034
f 659//2035 1043//2035 1037//2035
f 1037//2036 1043//2036 1044//2036
f 1037//2037 1044//2037 1035//2037
f 1035//2038 1044//2038 1045//2038
f 1035//2039 1045//2039 643//2039
f 644//2040 643//2040 1045//2040
f 644//2041 1045//2041 645//2041
f 645//2042 1045//2042 1046//2042
f 645//2043 1046//2043 1041//2043
f 1041//2044 1046//2044 1036//2044
f 1036//2045 1046//2045 1047//2045
f 1036//2046 1047//2046 1040//2046
f 1040//2047 1047//2047 691//2047
f 1040//2048 691//2048 626//2048
f 626//2049 691//2049 627//2049
f 1047//2050 1046//2050 701//2050
f 699//2051 1049//2051 688//2051
f 688//2052 1048//2052 695//2052
f 695//2053 1048//2053 692//2053
f 692//2054 1048//2054 1050//2054
f 697//2055 1049//2055 699//2055
f 652//2056 654//2056 705//2056
f 688//2057 1049//2057 1048//2057
f 650//2058 652//2058 692//2058
f 692//2059 652//2059 1043//2059
f 1050//2060 650//2060 692//2060
f 707//2061 654//2061 709//2061
f 1050//2062 654//2062 650//2062
f 654//2063 707//2063 705//2063
f 1049//2064 697//2064 1050//2064
f 1050//2065 697//2065 709//2065
f 1050//2066 709//2066 654//2066
f 638//2067 705//2067 703//2067
f 652//2068 705//2068 1043//2068
f 636//2069 638//2069 1046//2069
f 1046//2070 638//2070 701//2070
f 636//2071 1046//2071 1045//2071
f 701//2072 638//2072 703//2072
f 636//2073 1045//2073 634//2073
f 705//2074 638//2074 634//2074
f 705//2075 634//2075 1043//2075
f 634//2076 1045//2076 1044//2076
f 634//2077 1044//2077 1043//2077
f 701//2078 691//2078 1047//2078
f 620//2079 691//2079 623//2079
f 622//2080 623//2080 688//2080
f 691//2081 620//2081 688//2081
f 688//2082 620//2082 622//2082
f 701//2083 623//2083 691//2083
f 688//2084 623//2084 699//2084
f 699//2085 623//2085 701//2085
f 1048//2086 1053//2086 1050//2086
f 1050//2087 1053//2087 1051//2087
f 1050//2088 1051//2088 1049//2088
f 1049//2089 1051//2089 1052//2089
f 1049//2090 1052//2090 1053//2090
f 1049//1221 1053//1221 1048//1221
f 1052//2091 684//2091 1053//2091
f 1053//1968 684//1968 685//1968
f 1053//2092 685//2092 679//2092
f 1053//2093 679//2093 1051//2093
f 1051//2094 679//2094 681//2094
f 1051//2095 681//2095 1052//2095
f 1052//2096 681//2096 684//2096
f 1054//2097 1055//2097 1056//2097
f 1056//2098 1057//2098 1058//2098
f 1056//2099 1058//2099 1054//2099
f 1062//2100 1080//2100 1061//2100
f 1061//2101 1080//2101 1060//2101
f 1063//2102 1088//2102 1112//2102
f 1062//2103 1061//2103 1112//2103
f 1112//2104 1061//2104 1073//2104
f 1066//2105 1065//2105 1067//2105
f 1069//2106 1072//2106 1063//2106
f 1071//2107 1070//2107 1066//2107
f 1066//2108 1070//2108 1065//2108
f 1099//2109 1070//2109 1071//2109
f 1070//2110 1068//2110 1072//2110
f 1070//2111 1072//2111 1069//2111
f 1069//88 1063//88 1112//88
f 1112//2112 1073//2112 1069//2112
f 1099//2113 1068//2113 1070//2113
f 1073//2114 1074//2114 1079//2114
f 1060//2115 1075//2115 1059//2115
f 1075//2116 1060//2116 1076//2116
f 1076//2117 1060//2117 1080//2117
f 1077//2118 1078//2118 1080//2118
f 1080//2119 1078//2119 1076//2119
f 1079//2120 1075//2120 1081//2120
f 1076//2121 1081//2121 1075//2121
f 1083//2122 1082//2122 1076//2122
f 1084//2123 1094//2123 1086//2123
f 1082//2124 1081//2124 1076//2124
f 1087//2125 1086//2125 1094//2125
f 1084//2126 1086//2126 1085//2126
f 1100//2127 1087//2127 1094//2127
f 1064//2128 1087//2128 1100//2128
f 1083//2129 1085//2129 1082//2129
f 1082//2130 1085//2130 1086//2130
f 1088//2131 1063//2131 1083//2131
f 1089//2132 1090//2132 1088//2132
f 1089//2133 1088//2133 1091//2133
f 1091//2134 1088//2134 1092//2134
f 1076//2135 1088//2135 1083//2135
f 1088//2136 1076//2136 1078//2136
f 1088//2137 1078//2137 1092//2137
f 1098//2138 1093//2138 1094//2138
f 1099//2139 1095//2139 1096//2139
f 1097//2140 1098//2140 1094//2140
f 1097//2141 1094//2141 1096//2141
f 1099//2142 1096//2142 1094//2142
f 1099//2143 1094//2143 1084//2143
f 1099//2144 1084//2144 1068//2144
f 1101//2145 1102//2145 1064//2145
f 1101//2146 1064//2146 1103//2146
f 1103//2147 1064//2147 1104//2147
f 1064//2148 1100//2148 1104//2148
f 1105//2149 1090//2149 1089//2149
f 1077//2150 1092//2150 1078//2150
f 1092//2151 1089//2151 1091//2151
f 1096//2152 1095//2152 1106//2152
f 1096//2153 1106//2153 1107//2153
f 1098//2154 1107//2154 1093//2154
f 1093//2155 1107//2155 1106//2155
f 1064//2156 1102//2156 1065//2156
f 1107//2157 1098//2157 1097//2157
f 1107//2158 1097//2158 1096//2158
f 1101//2159 1103//2159 1104//2159
f 1109//2160 1104//2160 1111//2160
f 1111//2161 1104//2161 1100//2161
f 1094//2162 1108//2162 1100//2162
f 1100//2163 1108//2163 1111//2163
f 1108//2164 1094//2164 1093//2164
f 1109//2165 1110//2165 1104//2165
f 1104//2166 1110//2166 1101//2166
f 1110//2167 1102//2167 1101//2167
f 1071//2168 1095//2168 1099//2168
f 1109//2169 1065//2169 1110//2169
f 1110//2170 1065//2170 1102//2170
f 1067//2171 1065//2171 1111//2171
f 1109//2172 1111//2172 1065//2172
f 1067//2173 1111//2173 1066//2173
f 1066//2174 1111//2174 1108//2174
f 1093//2175 1106//2175 1108//2175
f 1108//2176 1095//2176 1071//2176
f 1108//2177 1071//2177 1066//2177
f 1095//2178 1108//2178 1106//2178
f 1089//2179 1092//2179 1077//2179
f 1077//2180 1105//2180 1089//2180
f 1088//2181 1090//2181 1112//2181
f 1077//2182 1112//2182 1105//2182
f 1105//2183 1112//2183 1090//2183
f 1062//2184 1112//2184 1080//2184
f 1077//2185 1080//2185 1112//2185
f 1065//2186 1087//2186 1064//2186
f 1070//2187 1086//2187 1065//2187
f 1065//2188 1086//2188 1087//2188
f 1069//2189 1082//2189 1070//2189
f 1070//2190 1082//2190 1086//2190
f 1073//2191 1081//2191 1069//2191
f 1069//2192 1081//2192 1082//2192
f 1083//2193 1063//2193 1072//2193
f 1083//2194 1072//2194 1085//2194
f 1068//2195 1084//2195 1085//2195
f 1068//2196 1085//2196 1072//2196
f 1073//2197 1079//2197 1081//2197
f 1057//2198 1059//2198 1075//2198
f 1079//2199 1074//2199 1054//2199
f 1058//2200 1057//2200 1075//2200
f 1058//2201 1075//2201 1054//2201
f 1079//2202 1054//2202 1075//2202
f 1054//2203 1074//2203 1055//2203
f 1059//2204 1055//2204 1060//2204
f 1060//2205 1074//2205 1073//2205
f 1060//2206 1073//2206 1061//2206
f 1074//2207 1060//2207 1055//2207
f 1057//2208 1056//2208 1059//2208
f 1059//2209 1056//2209 1055//2209
f 1115//2210 1116//2210 1114//2210
f 1115//2211 1119//2211 1116//2211
f 1114//2212 1116//2212 1117//2212
f 1114//2213 1117//2213 1113//2213
f 1120//2214 1118//2214 1119//2214
f 1113//2215 1117//2215 1120//2215
f 1126//2216 1122//2216 1129//2216
f 1129//2217 1122//2217 1121//2217
f 1129//2218 1117//2218 1126//2218
f 1116//2219 1127//2219 1125//2219
f 1116//2220 1125//2220 1117//2220
f 1117//2221 1125//2221 1126//2221
f 1117//2222 1129//2222 1120//2222
f 1129//2223 1128//2223 1120//2223
f 1128//2224 1118//2224 1120//2224
f 1119//2225 1127//2225 1116//2225
f 1121//2226 1128//2226 1129//2226
f 1122//2227 1126//2227 1125//2227
f 1123//2228 1128//2228 1121//2228
f 1125//2229 1127//2229 1124//2229
f 1130//2230 1131//2230 1122//2230
f 1122//2231 1131//2231 1121//2231
f 1134//2232 1123//2232 1131//2232
f 1131//2233 1123//2233 1121//2233
f 1130//2234 1122//2234 1125//2234
f 1125//2235 1132//2235 1130//2235
f 1125//2236 1124//2236 1132//2236
f 1132//2237 1124//2237 1133//2237
f 1133//2238 1124//2238 1134//2238
f 1134//2239 1124//2239 1123//2239
f 1134//2240 1120//2240 1119//2240
f 1134//2241 1119//2241 1133//2241
f 1133//2242 1119//2242 1115//2242
f 1133//2243 1115//2243 1132//2243
f 1132//2244 1115//2244 1114//2244
f 1132//2245 1114//2245 1130//2245
f 1130//2246 1114//2246 1113//2246
f 1130//2247 1113//2247 1131//2247
f 1131//2248 1113//2248 1120//2248
f 1131//2249 1120//2249 1134//2249
f 1140//2250 1139//2250 1137//2250
f 1146//2251 1143//2251 1142//2251
f 1146//2252 1135//2252 1138//2252
f 1136//2253 1147//2253 1138//2253
f 1146//2254 1138//2254 1147//2254
f 1146//2255 1151//2255 1135//2255
f 1135//2256 1151//2256 1141//2256
f 1151//2257 1150//2257 1141//2257
f 1141//2258 1150//2258 1140//2258
f 1140//2259 1150//2259 1149//2259
f 1140//2260 1149//2260 1139//2260
f 1149//2261 1148//2261 1139//2261
f 1139//2262 1148//2262 1137//2262
f 1148//2263 1147//2263 1137//2263
f 1137//2264 1147//2264 1136//2264
f 1142//2265 1151//2265 1146//2265
f 1144//2266 1149//2266 1150//2266
f 1146//2267 1147//2267 1143//2267
f 1143//2268 1147//2268 1145//2268
f 1144//2269 1150//2269 1142//2269
f 1142//2270 1150//2270 1151//2270
f 1144//2271 1148//2271 1149//2271
f 1145//2272 1147//2272 1148//2272
f 1145//2273 1148//2273 1144//2273
f 1143//2274 1152//2274 1153//2274
f 1143//2275 1153//2275 1142//2275
f 1154//2276 1142//2276 1153//2276
f 1152//2277 1143//2277 1145//2277
f 1152//2278 1145//2278 1155//2278
f 1155//2279 1145//2279 1156//2279
f 1145//2280 1144//2280 1156//2280
f 1156//2281 1144//2281 1154//2281
f 1154//2282 1144//2282 1142//2282
f 1154//2283 1141//2283 1140//2283
f 1154//2284 1140//2284 1156//2284
f 1156//2285 1140//2285 1137//2285
f 1156//2286 1137//2286 1155//2286
f 1155//2287 1137//2287 1136//2287
f 1155//2288 1136//2288 1152//2288
f 1152//2289 1136//2289 1138//2289
f 1152//2290 1138//2290 1153//2290
f 1153//2291 1138//2291 1135//2291
f 1153//2292 1135//2292 1141//2292
f 1153//2293 1141//2293 1154//2293
f 1157//2294 1160//2294 1159//2294
f 1162//2295 1163//2295 1161//2295
f 1159//2296 1160//2296 1162//2296
f 1168//2297 1165//2297 1169//2297
f 1169//2298 1165//2298 1164//2298
f 1169//2299 1160//2299 1168//2299
f 1157//2300 1170//2300 1160//2300
f 1160//2301 1170//2301 1168//2301
f 1169//2302 1172//2302 1160//2302
f 1160//2303 1172//2303 1162//2303
f 1171//2304 1162//2304 1172//2304
f 1162//2305 1171//2305 1163//2305
f 1163//2306 1171//2306 1161//2306
f 1164//2307 1172//2307 1169//2307
f 1165//2308 1168//2308 1170//2308
f 1166//2309 1171//2309 1164//2309
f 1164//2310 1171//2310 1172//2310
f 1165//2311 1173//2311 1164//2311
f 1164//2312 1173//2312 1174//2312
f 1176//2313 1166//2313 1174//2313
f 1174//2314 1166//2314 1164//2314
f 1173//2315 1165//2315 1175//2315
f 1167//2316 1175//2316 1165//2316
f 1175//2317 1167//2317 1176//2317
f 1176//2318 1167//2318 1166//2318
f 1174//2319 1162//2319 1176//2319
f 1176//2320 1162//2320 1161//2320
f 1176//2321 1161//2321 1175//2321
f 1175//2322 1161//2322 1158//2322
f 1175//2323 1158//2323 1157//2323
f 1175//2324 1157//2324 1173//2324
f 1173//2325 1157//2325 1159//2325
f 1173//2326 1159//2326 1174//2326
f 1174//2327 1159//2327 1162//2327
f 1180//2328 1178//2328 1179//2328
f 1180//2329 1181//2329 1178//2329
f 1182//2330 1181//2330 1180//2330
f 1189//2331 1185//2331 1190//2331
f 1190//2332 1185//2332 1184//2332
f 1190//2333 1177//2333 1189//2333
f 1179//2334 1189//2334 1177//2334
f 1178//2335 1191//2335 1179//2335
f 1179//2336 1191//2336 1189//2336
f 1190//2337 1194//2337 1177//2337
f 1177//2338 1194//2338 1183//2338
f 1193//2339 1183//2339 1194//2339
f 1183//2340 1193//2340 1182//2340
f 1182//2341 1193//2341 1192//2341
f 1182//2342 1192//2342 1181//2342
f 1181//2343 1192//2343 1178//2343
f 1192//2344 1191//2344 1178//2344
f 1184//2345 1194//2345 1190//2345
f 1187//2346 1192//2346 1186//2346
f 1186//2347 1192//2347 1193//2347
f 1186//2348 1193//2348 1184//2348
f 1184//2349 1193//2349 1194//2349
f 1188//2350 1191//2350 1192//2350
f 1189//2351 1191//2351 1185//2351
f 1185//2352 1191//2352 1188//2352
f 1188//2353 1192//2353 1187//2353
f 1195//2354 1196//2354 1185//2354
f 1185//2355 1196//2355 1184//2355
f 1198//2356 1186//2356 1196//2356
f 1196//2357 1186//2357 1184//2357
f 1188//2358 1195//2358 1185//2358
f 1195//2359 1188//2359 1197//2359
f 1188//2360 1187//2360 1197//2360
f 1197//2361 1187//2361 1198//2361
f 1198//2362 1187//2362 1186//2362
f 1198//2363 1183//2363 1182//2363
f 1198//2364 1182//2364 1197//2364
f 1197//2365 1182//2365 1180//2365
f 1197//2366 1180//2366 1195//2366
f 1195//2367 1180//2367 1179//2367
f 1195//2368 1179//2368 1177//2368
f 1195//2369 1177//2369 1196//2369
f 1196//2370 1177//2370 1183//2370
f 1196//2371 1183//2371 1198//2371
f 1199//2372 1202//2372 1200//2372
f 1204//2373 1205//2373 1203//2373
f 1204//2374 1206//2374 1205//2374
f 1200//2375 1206//2375 1199//2375
f 1199//2376 1206//2376 1204//2376
f 1211//2377 1207//2377 1212//2377
f 1212//2378 1200//2378 1211//2378
f 1202//2379 1211//2379 1200//2379
f 1201//2380 1213//2380 1202//2380
f 1202//2381 1213//2381 1211//2381
f 1212//2382 1216//2382 1200//2382
f 1200//2383 1216//2383 1206//2383
f 1215//2384 1206//2384 1216//2384
f 1206//2385 1215//2385 1205//2385
f 1205//2386 1215//2386 1214//2386
f 1205//2387 1214//2387 1203//2387
f 1214//2388 1213//2388 1203//2388
f 1203//2389 1213//2389 1201//2389
f 1208//2390 1216//2390 1207//2390
f 1207//2391 1216//2391 1212//2391
f 1207//2392 1211//2392 1210//2392
f 1208//2393 1215//2393 1216//2393
f 1209//2394 1215//2394 1208//2394
f 1209//2395 1214//2395 1215//2395
f 1211//2396 1213//2396 1210//2396
f 1210//2397 1213//2397 1209//2397
f 1209//2398 1213//2398 1214//2398
f 1218//2399 1208//2399 1217//2399
f 1208//2400 1207//2400 1217//2400
f 1217//2401 1207//2401 1210//2401
f 1217//2402 1210//2402 1219//2402
f 1219//2403 1210//2403 1220//2403
f 1210//2404 1209//2404 1220//2404
f 1220//2405 1209//2405 1221//2405
f 1221//2406 1209//2406 1208//2406
f 1221//2407 1208//2407 1218//2407
f 1221//2408 1204//2408 1220//2408
f 1220//2409 1204//2409 1203//2409
f 1220//2410 1203//2410 1201//2410
f 1220//2411 1201//2411 1219//2411
f 1219//2412 1201//2412 1202//2412
f 1219//2413 1202//2413 1217//2413
f 1217//2414 1202//2414 1199//2414
f 1217//2415 1199//2415 1218//2415
f 1218//2416 1199//2416 1204//2416
f 1218//2417 1204//2417 1221//2417
f 1225//2418 1226//2418 1222//2418
f 1227//2419 1228//2419 1224//2419
f 1225//2420 1223//2420 1226//2420
f 1229//2421 1228//2421 1227//2421
f 1225//2422 1222//2422 1229//2422
f 1235//2423 1231//2423 1236//2423
f 1236//2424 1231//2424 1230//2424
f 1236//2425 1226//2425 1235//2425
f 1223//2426 1237//2426 1226//2426
f 1226//2427 1237//2427 1235//2427
f 1236//2428 1241//2428 1226//2428
f 1226//2429 1241//2429 1222//2429
f 1222//2430 1241//2430 1229//2430
f 1241//2431 1240//2431 1229//2431
f 1229//2432 1240//2432 1228//2432
f 1228//2433 1240//2433 1239//2433
f 1239//2434 1238//2434 1228//2434
f 1228//2435 1238//2435 1224//2435
f 1224//2436 1238//2436 1223//2436
f 1223//2437 1238//2437 1237//2437
f 1233//2438 1239//2438 1232//2438
f 1232//2439 1239//2439 1240//2439
f 1230//2440 1241//2440 1236//2440
f 1231//2441 1235//2441 1234//2441
f 1234//2442 1235//2442 1237//2442
f 1232//2443 1240//2443 1241//2443
f 1232//2444 1241//2444 1230//2444
f 1234//2445 1237//2445 1238//2445
f 1234//2446 1238//2446 1239//2446
f 1234//2447 1239//2447 1233//2447
f 1231//2448 1242//2448 1230//2448
f 1230//2449 1242//2449 1243//2449
f 1243//2450 1232//2450 1230//2450
f 1242//2451 1231//2451 1234//2451
f 1242//2452 1234//2452 1244//2452
f 1244//2453 1234//2453 1245//2453
f 1234//2454 1233//2454 1245//2454
f 1245//2455 1233//2455 1246//2455
f 1246//2456 1233//2456 1232//2456
f 1246//2457 1232//2457 1243//2457
f 1243//2458 1229//2458 1246//2458
f 1246//2459 1229//2459 1227//2459
f 1246//2460 1227//2460 1245//2460
f 1245//2461 1227//2461 1224//2461
f 1245//2462 1224//2462 1244//2462
f 1244//2463 1224//2463 1223//2463
f 1244//2464 1223//2464 1242//2464
f 1242//2465 1223//2465 1225//2465
f 1242//2466 1225//2466 1243//2466
f 1243//2467 1225//2467 1229//2467
f 1248//2468 1250//2468 1249//2468
f 1248//2469 1251//2469 1247//2469
f 1248//2470 1249//2470 1251//2470
f 1259//2471 1255//2471 1262//2471
f 1262//2472 1255//2472 1254//2472
f 1262//2473 1251//2473 1259//2473
f 1249//2474 1260//2474 1259//2474
f 1249//2475 1259//2475 1251//2475
f 1251//2476 1262//2476 1247//2476
f 1253//2477 1261//2477 1252//2477
f 1252//2478 1261//2478 1250//2478
f 1261//2479 1260//2479 1250//2479
f 1250//2480 1260//2480 1249//2480
f 1257//2481 1261//2481 1256//2481
f 1255//2482 1259//2482 1258//2482
f 1258//2483 1259//2483 1260//2483
f 1258//2484 1260//2484 1261//2484
f 1258//2485 1261//2485 1257//2485
f 1255//2486 1263//2486 1254//2486
f 1254//2487 1263//2487 1265//2487
f 1264//2488 1256//2488 1265//2488
f 1265//2489 1256//2489 1254//2489
f 1263//2490 1255//2490 1266//2490
f 1266//2491 1255//2491 1258//2491
f 1266//2492 1258//2492 1267//2492
f 1258//2493 1257//2493 1267//2493
f 1267//2494 1257//2494 1268//2494
f 1268//2495 1257//2495 1256//2495
f 1268//2496 1256//2496 1264//2496
f 1264//2497 1253//2497 1268//2497
f 1268//2498 1253//2498 1252//2498
f 1268//2499 1252//2499 1250//2499
f 1268//2500 1250//2500 1267//2500
f 1267//2501 1250//2501 1266//2501
f 1266//2502 1250//2502 1248//2502
f 1266//2503 1248//2503 1263//2503
f 1263//2504 1248//2504 1247//2504
f 1263//2505 1247//2505 1265//2505
f 1265//2506 1247//2506 1264//2506
f 1264//2507 1247//2507 1253//2507
f 1271//2508 1270//2508 1272//2508
f 1271//2509 1274//2509 1270//2509
f 1272//2510 1273//2510 1269//2510
f 1272//2511 1270//2511 1273//2511
f 1269//2512 1275//2512 1276//2512
f 1281//2513 1278//2513 1286//2513
f 1286//2514 1278//2514 1277//2514
f 1286//2515 1269//2515 1273//2515
f 1286//2516 1273//2516 1281//2516
f 1270//2517 1283//2517 1282//2517
f 1270//2518 1282//2518 1273//2518
f 1281//2519 1273//2519 1282//2519
f 1286//2520 1285//2520 1269//2520
f 1269//2521 1285//2521 1275//2521
f 1285//2522 1284//2522 1275//2522
f 1275//2523 1284//2523 1276//2523
f 1276//2524 1284//2524 1274//2524
f 1274//2525 1284//2525 1283//2525
f 1274//2526 1283//2526 1270//2526
f 1277//2527 1285//2527 1286//2527
f 1278//2528 1281//2528 1282//2528
f 1278//2529 1282//2529 1280//2529
f 1279//2530 1285//2530 1277//2530
f 1279//2531 1284//2531 1285//2531
f 1279//2532 1283//2532 1284//2532
f 1282//2533 1283//2533 1280//2533
f 1280//2534 1283//2534 1279//2534
f 1287//2535 1288//2535 1278//2535
f 1278//2536 1288//2536 1277//2536
f 1289//2537 1277//2537 1288//2537
f 1287//2538 1278//2538 1280//2538
f 1280//2539 1290//2539 1287//2539
f 1280//2540 1279//2540 1290//2540
f 1290//2541 1279//2541 1291//2541
f 1291//2542 1279//2542 1292//2542
f 1292//2543 1279//2543 1277//2543
f 1292//2544 1277//2544 1289//2544
f 1292//2545 1276//2545 1274//2545
f 1292//2546 1274//2546 1291//2546
f 1291//2547 1274//2547 1271//2547
f 1291//2548 1271//2548 1290//2548
f 1290//2549 1271//2549 1287//2549
f 1287//2550 1271//2550 1272//2550
f 1287//2551 1272//2551 1288//2551
f 1288//2552 1272//2552 1269//2552
f 1288//2553 1269//2553 1289//2553
f 1289//2554 1269//2554 1276//2554
f 1289//2555 1276//2555 1292//2555
f 1293//98 1294//98 1295//98
f 1293//98 1295//98 1296//98
f 1296//2556 1297//2556 1293//2556
f 1293//2557 1297//2557 1298//2557
f 1293//2558 1298//2558 1294//2558
f 1294//2559 1298//2559 1295//2559
f 1295//2560 1298//2560 1299//2560
f 1295//2561 1299//2561 1296//2561
f 1296//2562 1299//2562 1297//2562
f 1301//2563 1300//2563 1299//2563
f 1302//2564 1301//2564 1298//2564
f 1298//2565 1304//2565 1302//2565
f 1298//2566 1301//2566 1299//2566
f 1297//2567 1304//2567 1298//2567
f 1299//2568 1300//2568 1303//2568
f 1299//2569 1303//2569 1297//2569
f 1297//2570 1303//2570 1304//2570
f 1305//2571 1301//2571 1302//2571
f 1305//2572 1302//2572 1306//2572
f 1306//2573 1302//2573 1304//2573
f 1306//2574 1304//2574 1307//2574
f 1307//2575 1304//2575 1303//2575
f 1307//2576 1303//2576 1308//2576
f 1308//2577 1303//2577 1300//2577
f 1308//2578 1300//2578 1309//2578
f 1309//2579 1300//2579 1301//2579
f 1309//2580 1301//2580 1305//2580
f 1310//2581 1309//2581 1311//2581
f 1311//2582 1309//2582 1305//2582
f 1311//2583 1305//2583 1306//2583
f 1311//1859 1306//1859 1312//1859
f 1312//2584 1306//2584 1307//2584
f 1312//2585 1307//2585 1308//2585
f 1310//2586 1308//2586 1309//2586
f 1313//2587 1308//2587 1310//2587
f 1313//2588 1310//2588 1314//2588
f 1314//2589 1310//2589 1311//2589
f 1314//2590 1311//2590 1315//2590
f 1315//2591 1311//2591 1312//2591
f 1315//2592 1312//2592 1316//2592
f 1316//2593 1312//2593 1308//2593
f 1316//2594 1308//2594 1313//2594
f 1315//2595 1316//2595 1313//2595
f 1315//2596 1313//2596 1314//2596
f 1318//98 1317//98 1319//98
f 1318//2597 1320//2597 1321//2597
f 1318//2598 1321//2598 1317//2598
f 1317//2599 1321//2599 1322//2599
f 1317//2600 1322//2600 1319//2600
f 1319//2601 1322//2601 1323//2601
f 1319//2602 1323//2602 1318//2602
f 1318//2603 1323//2603 1320//2603
f 1326//2604 1322//2604 1321//2604
f 1322//2605 1325//2605 1323//2605
f 1323//2606 1325//2606 1324//2606
f 1323//2607 1324//2607 1327//2607
f 1323//2608 1327//2608 1320//2608
f 1320//2609 1327//2609 1321//2609
f 1321//2610 1327//2610 1326//2610
f 1332//2611 1325//2611 1322//2611
f 1332//2612 1322//2612 1328//2612
f 1328//2613 1322//2613 1326//2613
f 1328//2614 1326//2614 1329//2614
f 1329//2615 1326//2615 1327//2615
f 1329//2616 1327//2616 1330//2616
f 1330//2617 1327//2617 1324//2617
f 1330//2618 1324//2618 1331//2618
f 1331//2619 1324//2619 1325//2619
f 1331//2620 1325//2620 1332//2620
f 1336//2621 1331//2621 1333//2621
f 1333//2622 1331//2622 1332//2622
f 1333//2623 1332//2623 1334//2623
f 1334//233 1332//233 1328//233
f 1328//2624 1329//2624 1334//2624
f 1334//2625 1329//2625 1335//2625
f 1335//2626 1329//2626 1330//2626
f 1335//2627 1330//2627 1336//2627
f 1336//2628 1330//2628 1331//2628
f 1339//2629 1335//2629 1336//2629
f 1339//2630 1336//2630 1333//2630
f 1339//2631 1333//2631 1337//2631
f 1337//2632 1333//2632 1334//2632
f 1337//2633 1334//2633 1338//2633
f 1338//2634 1334//2634 1335//2634
f 1338//2635 1335//2635 1339//2635
f 1337//2636 1338//2636 1339//2636
f 1340//98 1341//98 1342//98
f 1342//2637 1343//2637 1340//2637
f 1340//2638 1343//2638 1344//2638
f 1340//2639 1344//2639 1341//2639
f 1341//2640 1344//2640 1345//2640
f 1341//2641 1345//2641 1342//2641
f 1342//2642 1345//2642 1343//2642
f 1345//2643 1347//2643 1346//2643
f 1345//2644 1346//2644 1343//2644
f 1344//2645 1349//2645 1347//2645
f 1344//2646 1347//2646 1345//2646
f 1344//2647 1348//2647 1349//2647
f 1343//2648 1346//2648 1348//2648
f 1343//2649 1348//2649 1344//2649
f 1350//2650 1347//2650 1349//2650
f 1350//2651 1349//2651 1351//2651
f 1351//2652 1349//2652 1348//2652
f 1351//2653 1348//2653 1352//2653
f 1352//2654 1348//2654 1346//2654
f 1352//2655 1346//2655 1353//2655
f 1353//2656 1346//2656 1354//2656
f 1354//2657 1346//2657 1347//2657
f 1354//2658 1347//2658 1350//2658
f 1357//2659 1353//2659 1354//2659
f 1354//2660 1350//2660 1355//2660
f 1355//2661 1350//2661 1351//2661
f 1355//2662 1351//2662 1356//2662
f 1356//2663 1351//2663 1352//2663
f 1356//2664 1352//2664 1357//2664
f 1357//2665 1352//2665 1353//2665
f 1360//2666 1356//2666 1357//2666
f 1360//2667 1357//2667 1358//2667
f 1358//2668 1357//2668 1354//2668
f 1358//2669 1354//2669 1359//2669
f 1359//2670 1354//2670 1355//2670
f 1359//2671 1355//2671 1360//2671
f 1360//2672 1355//2672 1356//2672
f 1360//2673 1358//2673 1359//2673
f 1361//98 1362//98 1363//98
f 1361//98 1363//98 1364//98
f 1364//2674 1365//2674 1361//2674
f 1361//2675 1365//2675 1366//2675
f 1361//2676 1366//2676 1362//2676
f 1362//2677 1366//2677 1367//2677
f 1362//2678 1367//2678 1363//2678
f 1363//2679 1367//2679 1368//2679
f 1363//2680 1368//2680 1364//2680
f 1364//2681 1368//2681 1365//2681
f 1368//2682 1370//2682 1369//2682
f 1367//2683 1370//2683 1368//2683
f 1366//2684 1371//2684 1367//2684
f 1367//2685 1371//2685 1370//2685
f 1373//2686 1371//2686 1366//2686
f 1368//2687 1369//2687 1372//2687
f 1368//2688 1372//2688 1365//2688
f 1365//2689 1372//2689 1373//2689
f 1365//2690 1373//2690 1366//2690
f 1374//2691 1370//2691 1371//2691
f 1374//2692 1371//2692 1375//2692
f 1375//2693 1371//2693 1373//2693
f 1375//2694 1373//2694 1376//2694
f 1376//2695 1373//2695 1372//2695
f 1376//2696 1372//2696 1369//2696
f 1376//2697 1369//2697 1377//2697
f 1377//2698 1369//2698 1370//2698
f 1377//2699 1370//2699 1374//2699
f 1378//2700 1377//2700 1374//2700
f 1378//2701 1374//2701 1379//2701
f 1379//2702 1374//2702 1375//2702
f 1379//2703 1375//2703 1376//2703
f 1380//2704 1378//2704 1381//2704
f 1381//2705 1378//2705 1379//2705
f 1381//2706 1379//2706 1382//2706
f 1381//2707 1382//2707 1380//2707
f 1383//170 1384//170 1385//170
f 1383//170 1385//170 1386//170
f 1386//2708 1387//2708 1383//2708
f 1383//2709 1387//2709 1388//2709
f 1383//2710 1388//2710 1384//2710
f 1384//2711 1388//2711 1385//2711
f 1385//2712 1388//2712 1389//2712
f 1385//2713 1389//2713 1386//2713
f 1386//2714 1389//2714 1387//2714
f 1388//2715 1391//2715 1389//2715
f 1389//2716 1391//2716 1390//2716
f 1388//2717 1392//2717 1391//2717
f 1394//2718 1392//2718 1387//2718
f 1387//2719 1392//2719 1388//2719
f 1389//2720 1390//2720 1393//2720
f 1389//2721 1393//2721 1387//2721
f 1387//2722 1393//2722 1394//2722
f 1399//2723 1391//2723 1395//2723
f 1395//2724 1391//2724 1392//2724
f 1395//2725 1392//2725 1394//2725
f 1395//2726 1394//2726 1396//2726
f 1396//2727 1394//2727 1393//2727
f 1396//2728 1393//2728 1397//2728
f 1397//2729 1393//2729 1390//2729
f 1397//2730 1390//2730 1398//2730
f 1398//2731 1390//2731 1399//2731
f 1399//2732 1390//2732 1391//2732
f 1400//2733 1398//2733 1399//2733
f 1400//2734 1399//2734 1401//2734
f 1401//2735 1399//2735 1395//2735
f 1401//2736 1395//2736 1402//2736
f 1402//2737 1395//2737 1396//2737
f 1402//2738 1396//2738 1403//2738
f 1403//2739 1396//2739 1397//2739
f 1403//2740 1397//2740 1400//2740
f 1400//2741 1397//2741 1398//2741
f 1407//2742 1403//2742 1400//2742
f 1407//2743 1400//2743 1404//2743
f 1404//2744 1400//2744 1405//2744
f 1405//2745 1400//2745 1401//2745
f 1405//2746 1401//2746 1402//2746
f 1405//2747 1402//2747 1406//2747
f 1406//2748 1402//2748 1407//2748
f 1407//2749 1402//2749 1403//2749
f 1406//2750 1407//2750 1405//2750
f 1405//2751 1407//2751 1404//2751
f 1408//170 1409//170 1410//170
f 1410//2752 1411//2752 1408//2752
f 1408//2753 1411//2753 1412//2753
f 1408//2754 1412//2754 1409//2754
f 1409//2755 1412//2755 1413//2755
f 1409//2756 1413//2756 1410//2756
f 1410//2757 1413//2757 1411//2757
f 1413//2758 1414//2758 1415//2758
f 1415//2759 1417//2759 1411//2759
f 1412//2760 1416//2760 1414//2760
f 1412//2761 1414//2761 1413//2761
f 1412//2762 1418//2762 1416//2762
f 1411//2763 1418//2763 1412//2763
f 1413//2764 1415//2764 1411//2764
f 1411//2765 1417//2765 1418//2765
f 1419//2766 1416//2766 1418//2766
f 1419//2767 1418//2767 1420//2767
f 1420//2768 1418//2768 1417//2768
f 1420//2769 1417//2769 1421//2769
f 1421//2770 1417//2770 1415//2770
f 1421//2771 1415//2771 1422//2771
f 1422//2772 1415//2772 1414//2772
f 1419//2773 1423//2773 1414//2773
f 1378//2774 1382//2774 1379//2774
f 1441//2775 1446//2775 1437//2775
f 1247//2776 1254//2776 1256//2776
f 1424//2777 1419//2777 1420//2777
f 1424//2778 1420//2778 1425//2778
f 1425//2779 1420//2779 1421//2779
f 1425//2780 1421//2780 1423//2780
f 1423//2781 1421//2781 1422//2781
f 1429//2782 1425//2782 1426//2782
f 1426//2783 1425//2783 1423//2783
f 1426//2784 1423//2784 1427//2784
f 1427//2785 1423//2785 1424//2785
f 1427//2786 1424//2786 1428//2786
f 1428//2787 1424//2787 1429//2787
f 1429//2788 1424//2788 1425//2788
f 1427//2789 1428//2789 1429//2789
f 1429//2790 1426//2790 1427//2790
f 1431//170 1430//170 1432//170
f 1431//2791 1433//2791 1434//2791
f 1431//2792 1434//2792 1430//2792
f 1430//2793 1434//2793 1435//2793
f 1430//2794 1435//2794 1432//2794
f 1432//2795 1435//2795 1433//2795
f 1432//2796 1433//2796 1431//2796
f 1435//2797 1436//2797 1433//2797
f 1435//2798 1438//2798 1437//2798
f 1435//2799 1437//2799 1436//2799
f 1434//2800 1438//2800 1435//2800
f 1434//2801 1440//2801 1438//2801
f 1439//2802 1440//2802 1434//2802
f 1433//2803 1436//2803 1439//2803
f 1433//2804 1439//2804 1434//2804
f 1441//2805 1438//2805 1440//2805
f 1441//2806 1440//2806 1442//2806
f 1442//2807 1440//2807 1439//2807
f 1442//2808 1439//2808 1443//2808
f 1443//2809 1439//2809 1436//2809
f 1443//2810 1436//2810 1444//2810
f 1444//2811 1436//2811 1437//2811
f 1445//2812 1444//2812 1446//2812
f 1447//2813 1441//2813 1442//2813
f 1447//2814 1442//2814 1448//2814
f 1448//2815 1442//2815 1445//2815
f 1445//2816 1442//2816 1443//2816
f 1445//2817 1443//2817 1444//2817
f 1452//2818 1448//2818 1449//2818
f 1449//2819 1448//2819 1445//2819
f 1449//2820 1445//2820 1450//2820
f 1450//2821 1445//2821 1446//2821
f 1450//2822 1446//2822 1451//2822
f 1451//2823 1446//2823 1447//2823
f 1451//2824 1447//2824 1452//2824
f 1452//2825 1447//2825 1448//2825
f 1452//2826 1449//2826 1450//2826
f 1450//2827 1451//2827 1452//2827
f 1453//170 1454//170 1455//170
f 1453//170 1455//170 1456//170
f 1456//2828 1457//2828 1453//2828
f 1453//2829 1457//2829 1458//2829
f 1453//2830 1458//2830 1454//2830
f 1454//2831 1458//2831 1459//2831
f 1454//2832 1459//2832 1455//2832
f 1455//2833 1459//2833 1460//2833
f 1455//2834 1460//2834 1456//2834
f 1456//2835 1460//2835 1457//2835
f 1459//2836 1461//2836 1460//2836
f 1460//2837 1461//2837 1462//2837
f 1457//2838 1462//2838 1464//2838
f 1459//2839 1463//2839 1461//2839
f 1458//2840 1463//2840 1459//2840
f 1457//2841 1464//2841 1458//2841
f 1460//2842 1462//2842 1457//2842
f 1468//2843 1463//2843 1458//2843
f 1468//2844 1458//2844 1465//2844
f 1465//2845 1458//2845 1464//2845
f 1465//2846 1464//2846 1466//2846
f 1466//2847 1464//2847 1462//2847
f 1466//2848 1462//2848 1467//2848
f 1467//2849 1462//2849 1461//2849
f 1467//2850 1461//2850 1468//2850
f 1468//2851 1461//2851 1463//2851
f 1471//2852 1467//2852 1469//2852
f 1469//2853 1467//2853 1468//2853
f 1469//2854 1468//2854 1470//2854
f 1470//2855 1468//2855 1465//2855
f 1470//2856 1465//2856 1466//2856
f 1470//2857 1466//2857 1471//2857
f 1471//2858 1466//2858 1467//2858
f 1474//2859 1471//2859 1472//2859
f 1472//2860 1471//2860 1469//2860
f 1472//2861 1469//2861 1473//2861
f 1473//2862 1469//2862 1474//2862
f 1474//2863 1469//2863 1470//2863
f 1474//2864 1470//2864 1471//2864
f 1473//2865 1474//2865 1472//2865
f 530//2866 532//2866 533//2866
f 1031//2867 1034//2867 1025//2867
f 215//2868 213//2868 354//2868
f 353//2869 352//2869 215//2869
f 139//2870 331//2870 332//2870
f 332//2871 328//2871 143//2871
f 143//2062 144//2062 145//2062
f 145//2872 139//2872 332//2872
f 87//2873 132//2873 131//2873
f 138//2874 137//2874 78//2874
f 87//2875 131//2875 138//2875
f 1127//2876 1119//2876 1118//2876
f 1118//2877 1128//2877 1123//2877
f 1124//2878 1127//2878 1118//2878
f 1167//2879 1165//2879 1170//2879
f 1170//2880 1157//2880 1158//2880
f 1158//2881 1161//2881 1171//2881
f 1171//2882 1166//2882 1167//2882
f 1167//2883 1170//2883 1158//2883
f 212//2884 211//2884 348//2884
f 348//2885 347//2885 346//2885
f 346//2886 345//2886 212//2886
f 1414//2887 1416//2887 1419//2887
f 1419//2888 1424//2888 1423//2888
f 1423//2889 1422//2889 1414//2889
f 1379//2890 1376//2890 1377//2890
f 1378//2891 1380//2891 1382//2891
f 1379//2892 1377//2892 1378//2892
f 1437//2893 1438//2893 1441//2893
f 1441//2894 1447//2894 1446//2894
f 1446//2895 1444//2895 1437//2895
f 1261//2896 1253//2896 1247//2896
f 1247//2897 1262//2897 1254//2897
f 1256//2898 1261//2898 1247//2898
f 530//2899 531//2899 532//2899
f 1025//2900 1023//2900 1024//2900
f 1024//2901 1032//2901 1031//2901
f 1031//2902 1030//2902 1029//2902
f 1029//2903 1033//2903 1034//2903
f 1034//2904 1028//2904 1027//2904
f 1027//2905 1026//2905 1025//2905
f 1025//2906 1024//2906 1031//2906
f 1031//2907 1029//2907 1034//2907
f 1034//2908 1027//2908 1025//2908
