# Created by meshio v5.3.5, 2025-10-27T11:58:39.584502
v -0.7999994589070932 0.0003287063631390308 -0.1971096982937151
v -0.7999994589070932 0.0003287063631390308 -0.18998592673166792
v -0.7999994589070932 0.0003287063631390308 -0.18286215516962073
v -0.7999994589070932 0.0003287063631390308 -0.17573838360757355
v -0.7999994589070932 0.0003287063631390308 -0.16861461204552636
v -0.7999994589070932 0.0003287063631390308 -0.16149084048347917
v -0.7999994589070932 0.0003287063631390308 -0.15436706892143198
v -0.7999994589070932 0.0003287063631390308 -0.1472432973593848
v -0.7999994589070932 0.0003287063631390308 -0.1401195257973376
v -0.7999994589070932 0.0003287063631390308 -0.13299575423529042
v -0.7999994589070932 0.0003287063631390308 -0.12587198267324323
v -0.7999994589070932 0.0003287063631390308 -0.11874821111119604
v -0.7999994589070932 0.0003287063631390308 -0.11162443954914886
v -0.7999994589070932 0.0003287063631390308 -0.10450066798710167
v -0.7999994589070932 0.0003287063631390308 -0.09737689642505448
v -0.7999994589070932 0.0003287063631390308 -0.0902531248630073
v -0.7999994589070932 0.0003287063631390308 -0.08312935330096011
v -0.7999994589070932 0.0003287063631390308 -0.07600558173891292
v -0.7999994589070932 0.0003287063631390308 -0.06888181017686573
v -0.7999994589070932 0.0003287063631390308 -0.061758038614818545
v -0.7999994589070932 0.0003287063631390308 -0.05463426705277136
v -0.7999994589070932 0.0003287063631390308 -0.04751049549072417
v -0.7999994589070932 0.0003287063631390308 -0.04038672392867698
v -0.7999994589070932 0.0003287063631390308 -0.033262952366629794
v -0.7999994589070932 0.0003287063631390308 -0.026139180804582607
v -0.7999994589070932 0.0003287063631390308 -0.01901540924253542
v -0.7999994589070932 0.0003287063631390308 -0.011891637680488232
v -0.7999994589070932 0.0003287063631390308 -0.004767866118441044
v -0.7999994589070932 0.0003287063631390308 0.0023559054436061433
v -0.7999994589070932 0.0003287063631390308 0.00947967700565333
v -0.7999994589070932 0.0003287063631390308 0.01660344856770052
v -0.7999994589070932 0.0003287063631390308 0.023727220129747706
v -0.7999994589070932 0.0003287063631390308 0.030850991691794893
v -0.7999994589070932 0.0003287063631390308 0.03797476325384208
v -0.7999994589070932 0.0003287063631390308 0.04509853481588927
v -0.7999994589070932 0.0003287063631390308 0.052222306377936456
v -0.7999994589070932 0.0003287063631390308 0.059346077939983644
v -0.7999994589070932 0.0003287063631390308 0.06646984950203083
v -0.7999994589070932 0.0003287063631390308 0.07359362106407802
v -0.7999994589070932 0.0003287063631390308 0.0807173926261252
v -0.7999994589070932 0.0003287063631390308 0.0878411641881724
v -0.7999994589070932 0.0003287063631390308 0.09496493575021958
v -0.7999994589070932 0.0003287063631390308 0.10208870731226677
v -0.7999994589070932 0.0003287063631390308 0.10921247887431396
v -0.7999994589070932 0.0003287063631390308 0.11633625043636114
v -0.7999994589070932 0.0003287063631390308 0.12346002199840833
v -0.7999994589070932 0.0003287063631390308 0.13058379356045552
v -0.7999994589070932 0.0003287063631390308 0.1377075651225027
v -0.7999994589070932 0.0003287063631390308 0.1448313366845499
v -0.7999994589070932 0.0003287063631390308 0.15195510824659708
v -0.7999994589070932 0.0003287063631390308 0.15907887980864427
v -0.7999994589070932 0.0003287063631390308 0.16620265137069146
v -0.7999994589070932 0.0003287063631390308 0.17332642293273864
v -0.7999994589070932 0.0003287063631390308 0.18045019449478583
v -0.7999994589070932 0.0003287063631390308 0.18757396605683302
v -0.7999994589070932 0.0003287063631390308 0.1946977376188802
v -0.799768607011114 -0.006795065198908143 -0.1971096982937151
v -0.799768607011114 -0.006795065198908143 -0.18998592673166792
v -0.799768607011114 -0.006795065198908143 -0.18286215516962073
v -0.799768607011114 -0.006795065198908143 -0.17573838360757355
v -0.799768607011114 -0.006795065198908143 -0.16861461204552636
v -0.799768607011114 -0.006795065198908143 -0.16149084048347917
v -0.799768607011114 -0.006795065198908143 -0.15436706892143198
v -0.799768607011114 -0.006795065198908143 -0.1472432973593848
v -0.799768607011114 -0.006795065198908143 -0.1401195257973376
v -0.799768607011114 -0.006795065198908143 -0.13299575423529042
v -0.799768607011114 -0.006795065198908143 -0.12587198267324323
v -0.799768607011114 -0.006795065198908143 -0.11874821111119604
v -0.799768607011114 -0.006795065198908143 -0.11162443954914886
v -0.799768607011114 -0.006795065198908143 -0.10450066798710167
v -0.799768607011114 -0.006795065198908143 -0.09737689642505448
v -0.799768607011114 -0.006795065198908143 -0.0902531248630073
v -0.799768607011114 -0.006795065198908143 -0.08312935330096011
v -0.799768607011114 -0.006795065198908143 -0.07600558173891292
v -0.799768607011114 -0.006795065198908143 -0.06888181017686573
v -0.799768607011114 -0.006795065198908143 -0.061758038614818545
v -0.799768607011114 -0.006795065198908143 -0.05463426705277136
v -0.799768607011114 -0.006795065198908143 -0.04751049549072417
v -0.799768607011114 -0.006795065198908143 -0.04038672392867698
v -0.799768607011114 -0.006795065198908143 -0.033262952366629794
v -0.799768607011114 -0.006795065198908143 -0.026139180804582607
v -0.799768607011114 -0.006795065198908143 -0.01901540924253542
v -0.799768607011114 -0.006795065198908143 -0.011891637680488232
v -0.799768607011114 -0.006795065198908143 -0.004767866118441044
v -0.799768607011114 -0.006795065198908143 0.0023559054436061433
v -0.799768607011114 -0.006795065198908143 0.00947967700565333
v -0.799768607011114 -0.006795065198908143 0.01660344856770052
v -0.799768607011114 -0.006795065198908143 0.023727220129747706
v -0.799768607011114 -0.006795065198908143 0.030850991691794893
v -0.799768607011114 -0.006795065198908143 0.03797476325384208
v -0.799768607011114 -0.006795065198908143 0.04509853481588927
v -0.799768607011114 -0.006795065198908143 0.052222306377936456
v -0.799768607011114 -0.006795065198908143 0.059346077939983644
v -0.799768607011114 -0.006795065198908143 0.06646984950203083
v -0.799768607011114 -0.006795065198908143 0.07359362106407802
v -0.799768607011114 -0.006795065198908143 0.0807173926261252
v -0.799768607011114 -0.006795065198908143 0.0878411641881724
v -0.799768607011114 -0.006795065198908143 0.09496493575021958
v -0.799768607011114 -0.006795065198908143 0.10208870731226677
v -0.799768607011114 -0.006795065198908143 0.10921247887431396
v -0.799768607011114 -0.006795065198908143 0.11633625043636114
v -0.799768607011114 -0.006795065198908143 0.12346002199840833
v -0.799768607011114 -0.006795065198908143 0.13058379356045552
v -0.799768607011114 -0.006795065198908143 0.1377075651225027
v -0.799768607011114 -0.006795065198908143 0.1448313366845499
v -0.799768607011114 -0.006795065198908143 0.15195510824659708
v -0.799768607011114 -0.006795065198908143 0.15907887980864427
v -0.799768607011114 -0.006795065198908143 0.16620265137069146
v -0.799768607011114 -0.006795065198908143 0.17332642293273864
v -0.799768607011114 -0.006795065198908143 0.18045019449478583
v -0.799768607011114 -0.006795065198908143 0.18757396605683302
v -0.799768607011114 -0.006795065198908143 0.1946977376188802
v -0.7997216043965661 0.0074524779251862044 -0.1971096982937151
v -0.7997216043965661 0.0074524779251862044 -0.18998592673166792
v -0.7997216043965661 0.0074524779251862044 -0.18286215516962073
v -0.7997216043965661 0.0074524779251862044 -0.17573838360757355
v -0.7997216043965661 0.0074524779251862044 -0.16861461204552636
v -0.7997216043965661 0.0074524779251862044 -0.16149084048347917
v -0.7997216043965661 0.0074524779251862044 -0.15436706892143198
v -0.7997216043965661 0.0074524779251862044 -0.1472432973593848
v -0.7997216043965661 0.0074524779251862044 -0.1401195257973376
v -0.7997216043965661 0.0074524779251862044 -0.13299575423529042
v -0.7997216043965661 0.0074524779251862044 -0.12587198267324323
v -0.7997216043965661 0.0074524779251862044 -0.11874821111119604
v -0.7997216043965661 0.0074524779251862044 -0.11162443954914886
v -0.7997216043965661 0.0074524779251862044 -0.10450066798710167
v -0.7997216043965661 0.0074524779251862044 -0.09737689642505448
v -0.7997216043965661 0.0074524779251862044 -0.0902531248630073
v -0.7997216043965661 0.0074524779251862044 -0.08312935330096011
v -0.7997216043965661 0.0074524779251862044 -0.07600558173891292
v -0.7997216043965661 0.0074524779251862044 -0.06888181017686573
v -0.7997216043965661 0.0074524779251862044 -0.061758038614818545
v -0.7997216043965661 0.0074524779251862044 -0.05463426705277136
v -0.7997216043965661 0.0074524779251862044 -0.04751049549072417
v -0.7997216043965661 0.0074524779251862044 -0.04038672392867698
v -0.7997216043965661 0.0074524779251862044 -0.033262952366629794
v -0.7997216043965661 0.0074524779251862044 -0.026139180804582607
v -0.7997216043965661 0.0074524779251862044 -0.01901540924253542
v -0.7997216043965661 0.0074524779251862044 -0.011891637680488232
v -0.7997216043965661 0.0074524779251862044 -0.004767866118441044
v -0.7997216043965661 0.0074524779251862044 0.0023559054436061433
v -0.7997216043965661 0.0074524779251862044 0.00947967700565333
v -0.7997216043965661 0.0074524779251862044 0.01660344856770052
v -0.7997216043965661 0.0074524779251862044 0.023727220129747706
v -0.7997216043965661 0.0074524779251862044 0.030850991691794893
v -0.7997216043965661 0.0074524779251862044 0.03797476325384208
v -0.7997216043965661 0.0074524779251862044 0.04509853481588927
v -0.7997216043965661 0.0074524779251862044 0.052222306377936456
v -0.7997216043965661 0.0074524779251862044 0.059346077939983644
v -0.7997216043965661 0.0074524779251862044 0.06646984950203083
v -0.7997216043965661 0.0074524779251862044 0.07359362106407802
v -0.7997216043965661 0.0074524779251862044 0.0807173926261252
v -0.7997216043965661 0.0074524779251862044 0.0878411641881724
v -0.7997216043965661 0.0074524779251862044 0.09496493575021958
v -0.7997216043965661 0.0074524779251862044 0.10208870731226677
v -0.7997216043965661 0.0074524779251862044 0.10921247887431396
v -0.7997216043965661 0.0074524779251862044 0.11633625043636114
v -0.7997216043965661 0.0074524779251862044 0.12346002199840833
v -0.7997216043965661 0.0074524779251862044 0.13058379356045552
v -0.7997216043965661 0.0074524779251862044 0.1377075651225027
v -0.7997216043965661 0.0074524779251862044 0.1448313366845499
v -0.7997216043965661 0.0074524779251862044 0.15195510824659708
v -0.7997216043965661 0.0074524779251862044 0.15907887980864427
v -0.7997216043965661 0.0074524779251862044 0.16620265137069146
v -0.7997216043965661 0.0074524779251862044 0.17332642293273864
v -0.7997216043965661 0.0074524779251862044 0.18045019449478583
v -0.7997216043965661 0.0074524779251862044 0.18757396605683302
v -0.7997216043965661 0.0074524779251862044 0.1946977376188802
v -0.799025705330485 -0.013918836760955317 -0.1971096982937151
v -0.799025705330485 -0.013918836760955317 -0.18998592673166792
v -0.799025705330485 -0.013918836760955317 -0.18286215516962073
v -0.799025705330485 -0.013918836760955317 -0.17573838360757355
v -0.799025705330485 -0.013918836760955317 -0.16861461204552636
v -0.799025705330485 -0.013918836760955317 -0.16149084048347917
v -0.799025705330485 -0.013918836760955317 -0.15436706892143198
v -0.799025705330485 -0.013918836760955317 -0.1472432973593848
v -0.799025705330485 -0.013918836760955317 -0.1401195257973376
v -0.799025705330485 -0.013918836760955317 -0.13299575423529042
v -0.799025705330485 -0.013918836760955317 -0.12587198267324323
v -0.799025705330485 -0.013918836760955317 -0.11874821111119604
v -0.799025705330485 -0.013918836760955317 -0.11162443954914886
v -0.799025705330485 -0.013918836760955317 -0.10450066798710167
v -0.799025705330485 -0.013918836760955317 -0.09737689642505448
v -0.799025705330485 -0.013918836760955317 -0.0902531248630073
v -0.799025705330485 -0.013918836760955317 -0.08312935330096011
v -0.799025705330485 -0.013918836760955317 -0.07600558173891292
v -0.799025705330485 -0.013918836760955317 -0.06888181017686573
v -0.799025705330485 -0.013918836760955317 -0.061758038614818545
v -0.799025705330485 -0.013918836760955317 -0.05463426705277136
v -0.799025705330485 -0.013918836760955317 -0.04751049549072417
v -0.799025705330485 -0.013918836760955317 -0.04038672392867698
v -0.799025705330485 -0.013918836760955317 -0.033262952366629794
v -0.799025705330485 -0.013918836760955317 -0.026139180804582607
v -0.799025705330485 -0.013918836760955317 -0.01901540924253542
v -0.799025705330485 -0.013918836760955317 -0.011891637680488232
v -0.799025705330485 -0.013918836760955317 -0.004767866118441044
v -0.799025705330485 -0.013918836760955317 0.0023559054436061433
v -0.799025705330485 -0.013918836760955317 0.00947967700565333
v -0.799025705330485 -0.013918836760955317 0.01660344856770052
v -0.799025705330485 -0.013918836760955317 0.023727220129747706
v -0.799025705330485 -0.013918836760955317 0.030850991691794893
v -0.799025705330485 -0.013918836760955317 0.03797476325384208
v -0.799025705330485 -0.013918836760955317 0.04509853481588927
v -0.799025705330485 -0.013918836760955317 0.052222306377936456
v -0.799025705330485 -0.013918836760955317 0.059346077939983644
v -0.799025705330485 -0.013918836760955317 0.06646984950203083
v -0.799025705330485 -0.013918836760955317 0.07359362106407802
v -0.799025705330485 -0.013918836760955317 0.0807173926261252
v -0.799025705330485 -0.013918836760955317 0.0878411641881724
v -0.799025705330485 -0.013918836760955317 0.09496493575021958
v -0.799025705330485 -0.013918836760955317 0.10208870731226677
v -0.799025705330485 -0.013918836760955317 0.10921247887431396
v -0.799025705330485 -0.013918836760955317 0.11633625043636114
v -0.799025705330485 -0.013918836760955317 0.12346002199840833
v -0.799025705330485 -0.013918836760955317 0.13058379356045552
v -0.799025705330485 -0.013918836760955317 0.1377075651225027
v -0.799025705330485 -0.013918836760955317 0.1448313366845499
v -0.799025705330485 -0.013918836760955317 0.15195510824659708
v -0.799025705330485 -0.013918836760955317 0.15907887980864427
v -0.799025705330485 -0.013918836760955317 0.16620265137069146
v -0.799025705330485 -0.013918836760955317 0.17332642293273864
v -0.799025705330485 -0.013918836760955317 0.18045019449478583
v -0.799025705330485 -0.013918836760955317 0.18757396605683302
v -0.799025705330485 -0.013918836760955317 0.1946977376188802
v -0.7989310258209106 0.014576249487233364 -0.1971096982937151
v -0.7989310258209106 0.014576249487233364 -0.18998592673166792
v -0.7989310258209106 0.014576249487233364 -0.18286215516962073
v -0.7989310258209106 0.014576249487233364 -0.17573838360757355
v -0.7989310258209106 0.014576249487233364 -0.16861461204552636
v -0.7989310258209106 0.014576249487233364 -0.16149084048347917
v -0.7989310258209106 0.014576249487233364 -0.15436706892143198
v -0.7989310258209106 0.014576249487233364 -0.1472432973593848
v -0.7989310258209106 0.014576249487233364 -0.1401195257973376
v -0.7989310258209106 0.014576249487233364 -0.13299575423529042
v -0.7989310258209106 0.014576249487233364 -0.12587198267324323
v -0.7989310258209106 0.014576249487233364 -0.11874821111119604
v -0.7989310258209106 0.014576249487233364 -0.11162443954914886
v -0.7989310258209106 0.014576249487233364 -0.10450066798710167
v -0.7989310258209106 0.014576249487233364 -0.09737689642505448
v -0.7989310258209106 0.014576249487233364 -0.0902531248630073
v -0.7989310258209106 0.014576249487233364 -0.08312935330096011
v -0.7989310258209106 0.014576249487233364 -0.07600558173891292
v -0.7989310258209106 0.014576249487233364 -0.06888181017686573
v -0.7989310258209106 0.014576249487233364 -0.061758038614818545
v -0.7989310258209106 0.014576249487233364 -0.05463426705277136
v -0.7989310258209106 0.014576249487233364 -0.04751049549072417
v -0.7989310258209106 0.014576249487233364 -0.04038672392867698
v -0.7989310258209106 0.014576249487233364 -0.033262952366629794
v -0.7989310258209106 0.014576249487233364 -0.026139180804582607
v -0.7989310258209106 0.014576249487233364 -0.01901540924253542
v -0.7989310258209106 0.014576249487233364 -0.011891637680488232
v -0.7989310258209106 0.014576249487233364 -0.004767866118441044
v -0.7989310258209106 0.014576249487233364 0.0023559054436061433
v -0.7989310258209106 0.014576249487233364 0.00947967700565333
v -0.7989310258209106 0.014576249487233364 0.01660344856770052
v -0.7989310258209106 0.014576249487233364 0.023727220129747706
v -0.7989310258209106 0.014576249487233364 0.030850991691794893
v -0.7989310258209106 0.014576249487233364 0.03797476325384208
v -0.7989310258209106 0.014576249487233364 0.04509853481588927
v -0.7989310258209106 0.014576249487233364 0.052222306377936456
v -0.7989310258209106 0.014576249487233364 0.059346077939983644
v -0.7989310258209106 0.014576249487233364 0.06646984950203083
v -0.7989310258209106 0.014576249487233364 0.07359362106407802
v -0.7989310258209106 0.014576249487233364 0.0807173926261252
v -0.7989310258209106 0.014576249487233364 0.0878411641881724
v -0.7989310258209106 0.014576249487233364 0.09496493575021958
v -0.7989310258209106 0.014576249487233364 0.10208870731226677
v -0.7989310258209106 0.014576249487233364 0.10921247887431396
v -0.7989310258209106 0.014576249487233364 0.11633625043636114
v -0.7989310258209106 0.014576249487233364 0.12346002199840833
v -0.7989310258209106 0.014576249487233364 0.13058379356045552
v -0.7989310258209106 0.014576249487233364 0.1377075651225027
v -0.7989310258209106 0.014576249487233364 0.1448313366845499
v -0.7989310258209106 0.014576249487233364 0.15195510824659708
v -0.7989310258209106 0.014576249487233364 0.15907887980864427
v -0.7989310258209106 0.014576249487233364 0.16620265137069146
v -0.7989310258209106 0.014576249487233364 0.17332642293273864
v -0.7989310258209106 0.014576249487233364 0.18045019449478583
v -0.7989310258209106 0.014576249487233364 0.18757396605683302
v -0.7989310258209106 0.014576249487233364 0.1946977376188802
v -0.7977602957240244 -0.02104260832300249 -0.1971096982937151
v -0.7977602957240244 -0.02104260832300249 -0.18998592673166792
v -0.7977602957240244 -0.02104260832300249 -0.18286215516962073
v -0.7977602957240244 -0.02104260832300249 -0.17573838360757355
v -0.7977602957240244 -0.02104260832300249 -0.16861461204552636
v -0.7977602957240244 -0.02104260832300249 -0.16149084048347917
v -0.7977602957240244 -0.02104260832300249 -0.15436706892143198
v -0.7977602957240244 -0.02104260832300249 -0.1472432973593848
v -0.7977602957240244 -0.02104260832300249 -0.1401195257973376
v -0.7977602957240244 -0.02104260832300249 -0.13299575423529042
v -0.7977602957240244 -0.02104260832300249 -0.12587198267324323
v -0.7977602957240244 -0.02104260832300249 -0.11874821111119604
v -0.7977602957240244 -0.02104260832300249 -0.11162443954914886
v -0.7977602957240244 -0.02104260832300249 -0.10450066798710167
v -0.7977602957240244 -0.02104260832300249 -0.09737689642505448
v -0.7977602957240244 -0.02104260832300249 -0.0902531248630073
v -0.7977602957240244 -0.02104260832300249 -0.08312935330096011
v -0.7977602957240244 -0.02104260832300249 -0.07600558173891292
v -0.7977602957240244 -0.02104260832300249 -0.06888181017686573
v -0.7977602957240244 -0.02104260832300249 -0.061758038614818545
v -0.7977602957240244 -0.02104260832300249 -0.05463426705277136
v -0.7977602957240244 -0.02104260832300249 -0.04751049549072417
v -0.7977602957240244 -0.02104260832300249 -0.04038672392867698
v -0.7977602957240244 -0.02104260832300249 -0.033262952366629794
v -0.7977602957240244 -0.02104260832300249 -0.026139180804582607
v -0.7977602957240244 -0.02104260832300249 -0.01901540924253542
v -0.7977602957240244 -0.02104260832300249 -0.011891637680488232
v -0.7977602957240244 -0.02104260832300249 -0.004767866118441044
v -0.7977602957240244 -0.02104260832300249 0.0023559054436061433
v -0.7977602957240244 -0.02104260832300249 0.00947967700565333
v -0.7977602957240244 -0.02104260832300249 0.01660344856770052
v -0.7977602957240244 -0.02104260832300249 0.023727220129747706
v -0.7977602957240244 -0.02104260832300249 0.030850991691794893
v -0.7977602957240244 -0.02104260832300249 0.03797476325384208
v -0.7977602957240244 -0.02104260832300249 0.04509853481588927
v -0.7977602957240244 -0.02104260832300249 0.052222306377936456
v -0.7977602957240244 -0.02104260832300249 0.059346077939983644
v -0.7977602957240244 -0.02104260832300249 0.06646984950203083
v -0.7977602957240244 -0.02104260832300249 0.07359362106407802
v -0.7977602957240244 -0.02104260832300249 0.0807173926261252
v -0.7977602957240244 -0.02104260832300249 0.0878411641881724
v -0.7977602957240244 -0.02104260832300249 0.09496493575021958
v -0.7977602957240244 -0.02104260832300249 0.10208870731226677
v -0.7977602957240244 -0.02104260832300249 0.10921247887431396
v -0.7977602957240244 -0.02104260832300249 0.11633625043636114
v -0.7977602957240244 -0.02104260832300249 0.12346002199840833
v -0.7977602957240244 -0.02104260832300249 0.13058379356045552
v -0.7977602957240244 -0.02104260832300249 0.1377075651225027
v -0.7977602957240244 -0.02104260832300249 0.1448313366845499
v -0.7977602957240244 -0.02104260832300249 0.15195510824659708
v -0.7977602957240244 -0.02104260832300249 0.15907887980864427
v -0.7977602957240244 -0.02104260832300249 0.16620265137069146
v -0.7977602957240244 -0.02104260832300249 0.17332642293273864
v -0.7977602957240244 -0.02104260832300249 0.18045019449478583
v -0.7977602957240244 -0.02104260832300249 0.18757396605683302
v -0.7977602957240244 -0.02104260832300249 0.1946977376188802
v -0.7976166374655512 0.021700021049280552 -0.1971096982937151
v -0.7976166374655512 0.021700021049280552 -0.18998592673166792
v -0.7976166374655512 0.021700021049280552 -0.18286215516962073
v -0.7976166374655512 0.021700021049280552 -0.17573838360757355
v -0.7976166374655512 0.021700021049280552 -0.16861461204552636
v -0.7976166374655512 0.021700021049280552 -0.16149084048347917
v -0.7976166374655512 0.021700021049280552 -0.15436706892143198
v -0.7976166374655512 0.021700021049280552 -0.1472432973593848
v -0.7976166374655512 0.021700021049280552 -0.1401195257973376
v -0.7976166374655512 0.021700021049280552 -0.13299575423529042
v -0.7976166374655512 0.021700021049280552 -0.12587198267324323
v -0.7976166374655512 0.021700021049280552 -0.11874821111119604
v -0.7976166374655512 0.021700021049280552 -0.11162443954914886
v -0.7976166374655512 0.021700021049280552 -0.10450066798710167
v -0.7976166374655512 0.021700021049280552 -0.09737689642505448
v -0.7976166374655512 0.021700021049280552 -0.0902531248630073
v -0.7976166374655512 0.021700021049280552 -0.08312935330096011
v -0.7976166374655512 0.021700021049280552 -0.07600558173891292
v -0.7976166374655512 0.021700021049280552 -0.06888181017686573
v -0.7976166374655512 0.021700021049280552 -0.061758038614818545
v -0.7976166374655512 0.021700021049280552 -0.05463426705277136
v -0.7976166374655512 0.021700021049280552 -0.04751049549072417
v -0.7976166374655512 0.021700021049280552 -0.04038672392867698
v -0.7976166374655512 0.021700021049280552 -0.033262952366629794
v -0.7976166374655512 0.021700021049280552 -0.026139180804582607
v -0.7976166374655512 0.021700021049280552 -0.01901540924253542
v -0.7976166374655512 0.021700021049280552 -0.011891637680488232
v -0.7976166374655512 0.021700021049280552 -0.004767866118441044
v -0.7976166374655512 0.021700021049280552 0.0023559054436061433
v -0.7976166374655512 0.021700021049280552 0.00947967700565333
v -0.7976166374655512 0.021700021049280552 0.01660344856770052
v -0.7976166374655512 0.021700021049280552 0.023727220129747706
v -0.7976166374655512 0.021700021049280552 0.030850991691794893
v -0.7976166374655512 0.021700021049280552 0.03797476325384208
v -0.7976166374655512 0.021700021049280552 0.04509853481588927
v -0.7976166374655512 0.021700021049280552 0.052222306377936456
v -0.7976166374655512 0.021700021049280552 0.059346077939983644
v -0.7976166374655512 0.021700021049280552 0.06646984950203083
v -0.7976166374655512 0.021700021049280552 0.07359362106407802
v -0.7976166374655512 0.021700021049280552 0.0807173926261252
v -0.7976166374655512 0.021700021049280552 0.0878411641881724
v -0.7976166374655512 0.021700021049280552 0.09496493575021958
v -0.7976166374655512 0.021700021049280552 0.10208870731226677
v -0.7976166374655512 0.021700021049280552 0.10921247887431396
v -0.7976166374655512 0.021700021049280552 0.11633625043636114
v -0.7976166374655512 0.021700021049280552 0.12346002199840833
v -0.7976166374655512 0.021700021049280552 0.13058379356045552
v -0.7976166374655512 0.021700021049280552 0.1377075651225027
v -0.7976166374655512 0.021700021049280552 0.1448313366845499
v -0.7976166374655512 0.021700021049280552 0.15195510824659708
v -0.7976166374655512 0.021700021049280552 0.15907887980864427
v -0.7976166374655512 0.021700021049280552 0.16620265137069146
v -0.7976166374655512 0.021700021049280552 0.17332642293273864
v -0.7976166374655512 0.021700021049280552 0.18045019449478583
v -0.7976166374655512 0.021700021049280552 0.18757396605683302
v -0.7976166374655512 0.021700021049280552 0.1946977376188802
v -0.7972802046261074 -0.02296035032409223 -0.1971096982937151
v -0.7972802046261074 -0.02296035032409223 -0.18998592673166792
v -0.7972802046261074 -0.02296035032409223 -0.18286215516962073
v -0.7972802046261074 -0.02296035032409223 -0.17573838360757355
v -0.7972802046261074 -0.02296035032409223 -0.16861461204552636
v -0.7972802046261074 -0.02296035032409223 -0.16149084048347917
v -0.7972802046261074 -0.02296035032409223 -0.15436706892143198
v -0.7972802046261074 -0.02296035032409223 -0.1472432973593848
v -0.7972802046261074 -0.02296035032409223 -0.1401195257973376
v -0.7972802046261074 -0.02296035032409223 -0.13299575423529042
v -0.7972802046261074 -0.02296035032409223 -0.12587198267324323
v -0.7972802046261074 -0.02296035032409223 -0.11874821111119604
v -0.7972802046261074 -0.02296035032409223 -0.11162443954914886
v -0.7972802046261074 -0.02296035032409223 -0.10450066798710167
v -0.7972802046261074 -0.02296035032409223 -0.09737689642505448
v -0.7972802046261074 -0.02296035032409223 -0.0902531248630073
v -0.7972802046261074 -0.02296035032409223 -0.08312935330096011
v -0.7972802046261074 -0.02296035032409223 -0.07600558173891292
v -0.7972802046261074 -0.02296035032409223 -0.06888181017686573
v -0.7972802046261074 -0.02296035032409223 -0.061758038614818545
v -0.7972802046261074 -0.02296035032409223 -0.05463426705277136
v -0.7972802046261074 -0.02296035032409223 -0.04751049549072417
v -0.7972802046261074 -0.02296035032409223 -0.04038672392867698
v -0.7972802046261074 -0.02296035032409223 -0.033262952366629794
v -0.7972802046261074 -0.02296035032409223 -0.026139180804582607
v -0.7972802046261074 -0.02296035032409223 -0.01901540924253542
v -0.7972802046261074 -0.02296035032409223 -0.011891637680488232
v -0.7972802046261074 -0.02296035032409223 -0.004767866118441044
v -0.7972802046261074 -0.02296035032409223 0.0023559054436061433
v -0.7972802046261074 -0.02296035032409223 0.00947967700565333
v -0.7972802046261074 -0.02296035032409223 0.01660344856770052
v -0.7972802046261074 -0.02296035032409223 0.023727220129747706
v -0.7972802046261074 -0.02296035032409223 0.030850991691794893
v -0.7972802046261074 -0.02296035032409223 0.03797476325384208
v -0.7972802046261074 -0.02296035032409223 0.04509853481588927
v -0.7972802046261074 -0.02296035032409223 0.052222306377936456
v -0.7972802046261074 -0.02296035032409223 0.059346077939983644
v -0.7972802046261074 -0.02296035032409223 0.06646984950203083
v -0.7972802046261074 -0.02296035032409223 0.07359362106407802
v -0.7972802046261074 -0.02296035032409223 0.0807173926261252
v -0.7972802046261074 -0.02296035032409223 0.0878411641881724
v -0.7972802046261074 -0.02296035032409223 0.09496493575021958
v -0.7972802046261074 -0.02296035032409223 0.10208870731226677
v -0.7972802046261074 -0.02296035032409223 0.10921247887431396
v -0.7972802046261074 -0.02296035032409223 0.11633625043636114
v -0.7972802046261074 -0.02296035032409223 0.12346002199840833
v -0.7972802046261074 -0.02296035032409223 0.13058379356045552
v -0.7972802046261074 -0.02296035032409223 0.1377075651225027
v -0.7972802046261074 -0.02296035032409223 0.1448313366845499
v -0.7972802046261074 -0.02296035032409223 0.15195510824659708
v -0.7972802046261074 -0.02296035032409223 0.15907887980864427
v -0.7972802046261074 -0.02296035032409223 0.16620265137069146
v -0.7972802046261074 -0.02296035032409223 0.17332642293273864
v -0.7972802046261074 -0.02296035032409223 0.18045019449478583
v -0.7972802046261074 -0.02296035032409223 0.18757396605683302
v -0.7972802046261074 -0.02296035032409223 0.1946977376188802
v -0.7972802046261074 -0.02104260832300249 -0.1978214905073582
v -0.7972802046261074 -0.02104260832300249 0.19615874885884887
v -0.7972802046261074 -0.013918836760955317 -0.19917552723425772
v -0.7972802046261074 -0.013918836760955317 0.1981669021910655
v -0.7972802046261074 -0.006795065198908143 -0.19974311599035022
v -0.7972802046261074 -0.006795065198908143 0.19880683342973154
v -0.7972802046261074 0.0003287063631390308 -0.1998958413680603
v -0.7972802046261074 0.0003287063631390308 0.1989638235890102
v -0.7972802046261074 0.0074524779251862044 -0.19971078449614876
v -0.7972802046261074 0.0074524779251862044 0.19877282387731035
v -0.7972802046261074 0.014576249487233364 -0.19909340174020065
v -0.7972802046261074 0.014576249487233364 0.19806615076030115
v -0.7972802046261074 0.021700021049280552 -0.19762324185589938
v -0.7972802046261074 0.021700021049280552 0.19578729334782582
v -0.7972802046261074 0.02300932767367482 -0.1971096982937151
v -0.7972802046261074 0.02300932767367482 -0.18998592673166792
v -0.7972802046261074 0.02300932767367482 -0.18286215516962073
v -0.7972802046261074 0.02300932767367482 -0.17573838360757355
v -0.7972802046261074 0.02300932767367482 -0.16861461204552636
v -0.7972802046261074 0.02300932767367482 -0.16149084048347917
v -0.7972802046261074 0.02300932767367482 -0.15436706892143198
v -0.7972802046261074 0.02300932767367482 -0.1472432973593848
v -0.7972802046261074 0.02300932767367482 -0.1401195257973376
v -0.7972802046261074 0.02300932767367482 -0.13299575423529042
v -0.7972802046261074 0.02300932767367482 -0.12587198267324323
v -0.7972802046261074 0.02300932767367482 -0.11874821111119604
v -0.7972802046261074 0.02300932767367482 -0.11162443954914886
v -0.7972802046261074 0.02300932767367482 -0.10450066798710167
v -0.7972802046261074 0.02300932767367482 -0.09737689642505448
v -0.7972802046261074 0.02300932767367482 -0.0902531248630073
v -0.7972802046261074 0.02300932767367482 -0.08312935330096011
v -0.7972802046261074 0.02300932767367482 -0.07600558173891292
v -0.7972802046261074 0.02300932767367482 -0.06888181017686573
v -0.7972802046261074 0.02300932767367482 -0.061758038614818545
v -0.7972802046261074 0.02300932767367482 -0.05463426705277136
v -0.7972802046261074 0.02300932767367482 -0.04751049549072417
v -0.7972802046261074 0.02300932767367482 -0.04038672392867698
v -0.7972802046261074 0.02300932767367482 -0.033262952366629794
v -0.7972802046261074 0.02300932767367482 -0.026139180804582607
v -0.7972802046261074 0.02300932767367482 -0.01901540924253542
v -0.7972802046261074 0.02300932767367482 -0.011891637680488232
v -0.7972802046261074 0.02300932767367482 -0.004767866118441044
v -0.7972802046261074 0.02300932767367482 0.0023559054436061433
v -0.7972802046261074 0.02300932767367482 0.00947967700565333
v -0.7972802046261074 0.02300932767367482 0.01660344856770052
v -0.7972802046261074 0.02300932767367482 0.023727220129747706
v -0.7972802046261074 0.02300932767367482 0.030850991691794893
v -0.7972802046261074 0.02300932767367482 0.03797476325384208
v -0.7972802046261074 0.02300932767367482 0.04509853481588927
v -0.7972802046261074 0.02300932767367482 0.052222306377936456
v -0.7972802046261074 0.02300932767367482 0.059346077939983644
v -0.7972802046261074 0.02300932767367482 0.06646984950203083
v -0.7972802046261074 0.02300932767367482 0.07359362106407802
v -0.7972802046261074 0.02300932767367482 0.0807173926261252
v -0.7972802046261074 0.02300932767367482 0.0878411641881724
v -0.7972802046261074 0.02300932767367482 0.09496493575021958
v -0.7972802046261074 0.02300932767367482 0.10208870731226677
v -0.7972802046261074 0.02300932767367482 0.10921247887431396
v -0.7972802046261074 0.02300932767367482 0.11633625043636114
v -0.7972802046261074 0.02300932767367482 0.12346002199840833
v -0.7972802046261074 0.02300932767367482 0.13058379356045552
v -0.7972802046261074 0.02300932767367482 0.1377075651225027
v -0.7972802046261074 0.02300932767367482 0.1448313366845499
v -0.7972802046261074 0.02300932767367482 0.15195510824659708
v -0.7972802046261074 0.02300932767367482 0.15907887980864427
v -0.7972802046261074 0.02300932767367482 0.16620265137069146
v -0.7972802046261074 0.02300932767367482 0.17332642293273864
v -0.7972802046261074 0.02300932767367482 0.18045019449478583
v -0.7972802046261074 0.02300932767367482 0.18757396605683302
v -0.7972802046261074 0.02300932767367482 0.1946977376188802
v -0.7959479809576251 -0.028166379885049664 -0.18998592673166792
v -0.7959479809576251 -0.028166379885049664 -0.18286215516962073
v -0.7959479809576251 -0.028166379885049664 -0.17573838360757355
v -0.7959479809576251 -0.028166379885049664 -0.16861461204552636
v -0.7959479809576251 -0.028166379885049664 -0.16149084048347917
v -0.7959479809576251 -0.028166379885049664 -0.15436706892143198
v -0.7959479809576251 -0.028166379885049664 -0.1472432973593848
v -0.7959479809576251 -0.028166379885049664 -0.1401195257973376
v -0.7959479809576251 -0.028166379885049664 -0.13299575423529042
v -0.7959479809576251 -0.028166379885049664 -0.12587198267324323
v -0.7959479809576251 -0.028166379885049664 -0.11874821111119604
v -0.7959479809576251 -0.028166379885049664 -0.11162443954914886
v -0.7959479809576251 -0.028166379885049664 -0.10450066798710167
v -0.7959479809576251 -0.028166379885049664 -0.09737689642505448
v -0.7959479809576251 -0.028166379885049664 -0.0902531248630073
v -0.7959479809576251 -0.028166379885049664 -0.08312935330096011
v -0.7959479809576251 -0.028166379885049664 -0.07600558173891292
v -0.7959479809576251 -0.028166379885049664 -0.06888181017686573
v -0.7959479809576251 -0.028166379885049664 -0.061758038614818545
v -0.7959479809576251 -0.028166379885049664 -0.05463426705277136
v -0.7959479809576251 -0.028166379885049664 -0.04751049549072417
v -0.7959479809576251 -0.028166379885049664 -0.04038672392867698
v -0.7959479809576251 -0.028166379885049664 -0.033262952366629794
v -0.7959479809576251 -0.028166379885049664 -0.026139180804582607
v -0.7959479809576251 -0.028166379885049664 -0.01901540924253542
v -0.7959479809576251 -0.028166379885049664 -0.011891637680488232
v -0.7959479809576251 -0.028166379885049664 -0.004767866118441044
v -0.7959479809576251 -0.028166379885049664 0.0023559054436061433
v -0.7959479809576251 -0.028166379885049664 0.00947967700565333
v -0.7959479809576251 -0.028166379885049664 0.01660344856770052
v -0.7959479809576251 -0.028166379885049664 0.023727220129747706
v -0.7959479809576251 -0.028166379885049664 0.030850991691794893
v -0.7959479809576251 -0.028166379885049664 0.03797476325384208
v -0.7959479809576251 -0.028166379885049664 0.04509853481588927
v -0.7959479809576251 -0.028166379885049664 0.052222306377936456
v -0.7959479809576251 -0.028166379885049664 0.059346077939983644
v -0.7959479809576251 -0.028166379885049664 0.06646984950203083
v -0.7959479809576251 -0.028166379885049664 0.07359362106407802
v -0.7959479809576251 -0.028166379885049664 0.0807173926261252
v -0.7959479809576251 -0.028166379885049664 0.0878411641881724
v -0.7959479809576251 -0.028166379885049664 0.09496493575021958
v -0.7959479809576251 -0.028166379885049664 0.10208870731226677
v -0.7959479809576251 -0.028166379885049664 0.10921247887431396
v -0.7959479809576251 -0.028166379885049664 0.11633625043636114
v -0.7959479809576251 -0.028166379885049664 0.12346002199840833
v -0.7959479809576251 -0.028166379885049664 0.13058379356045552
v -0.7959479809576251 -0.028166379885049664 0.1377075651225027
v -0.7959479809576251 -0.028166379885049664 0.1448313366845499
v -0.7959479809576251 -0.028166379885049664 0.15195510824659708
v -0.7959479809576251 -0.028166379885049664 0.15907887980864427
v -0.7959479809576251 -0.028166379885049664 0.16620265137069146
v -0.7959479809576251 -0.028166379885049664 0.17332642293273864
v -0.7959479809576251 -0.028166379885049664 0.18045019449478583
v -0.7959479809576251 -0.028166379885049664 0.18757396605683302
v -0.7958985852418308 -0.028166379885049664 0.1946977376188802
v -0.7957520184057247 0.02882379261132774 -0.18998592673166792
v -0.7957520184057247 0.02882379261132774 -0.18286215516962073
v -0.7957520184057247 0.02882379261132774 -0.17573838360757355
v -0.7957520184057247 0.02882379261132774 -0.16861461204552636
v -0.7957520184057247 0.02882379261132774 -0.16149084048347917
v -0.7957520184057247 0.02882379261132774 -0.15436706892143198
v -0.7957520184057247 0.02882379261132774 -0.1472432973593848
v -0.7957520184057247 0.02882379261132774 -0.1401195257973376
v -0.7957520184057247 0.02882379261132774 -0.13299575423529042
v -0.7957520184057247 0.02882379261132774 -0.12587198267324323
v -0.7957520184057247 0.02882379261132774 -0.11874821111119604
v -0.7957520184057247 0.02882379261132774 -0.11162443954914886
v -0.7957520184057247 0.02882379261132774 -0.10450066798710167
v -0.7957520184057247 0.02882379261132774 -0.09737689642505448
v -0.7957520184057247 0.02882379261132774 -0.0902531248630073
v -0.7957520184057247 0.02882379261132774 -0.08312935330096011
v -0.7957520184057247 0.02882379261132774 -0.07600558173891292
v -0.7957520184057247 0.02882379261132774 -0.06888181017686573
v -0.7957520184057247 0.02882379261132774 -0.061758038614818545
v -0.7957520184057247 0.02882379261132774 -0.05463426705277136
v -0.7957520184057247 0.02882379261132774 -0.04751049549072417
v -0.7957520184057247 0.02882379261132774 -0.04038672392867698
v -0.7957520184057247 0.02882379261132774 -0.033262952366629794
v -0.7957520184057247 0.02882379261132774 -0.026139180804582607
v -0.7957520184057247 0.02882379261132774 -0.01901540924253542
v -0.7957520184057247 0.02882379261132774 -0.011891637680488232
v -0.7957520184057247 0.02882379261132774 -0.004767866118441044
v -0.7957520184057247 0.02882379261132774 0.0023559054436061433
v -0.7957520184057247 0.02882379261132774 0.00947967700565333
v -0.7957520184057247 0.02882379261132774 0.01660344856770052
v -0.7957520184057247 0.02882379261132774 0.023727220129747706
v -0.7957520184057247 0.02882379261132774 0.030850991691794893
v -0.7957520184057247 0.02882379261132774 0.03797476325384208
v -0.7957520184057247 0.02882379261132774 0.04509853481588927
v -0.7957520184057247 0.02882379261132774 0.052222306377936456
v -0.7957520184057247 0.02882379261132774 0.059346077939983644
v -0.7957520184057247 0.02882379261132774 0.06646984950203083
v -0.7957520184057247 0.02882379261132774 0.07359362106407802
v -0.7957520184057247 0.02882379261132774 0.0807173926261252
v -0.7957520184057247 0.02882379261132774 0.0878411641881724
v -0.7957520184057247 0.02882379261132774 0.09496493575021958
v -0.7957520184057247 0.02882379261132774 0.10208870731226677
v -0.7957520184057247 0.02882379261132774 0.10921247887431396
v -0.7957520184057247 0.02882379261132774 0.11633625043636114
v -0.7957520184057247 0.02882379261132774 0.12346002199840833
v -0.7957520184057247 0.02882379261132774 0.13058379356045552
v -0.7957520184057247 0.02882379261132774 0.1377075651225027
v -0.7957520184057247 0.02882379261132774 0.1448313366845499
v -0.7957520184057247 0.02882379261132774 0.15195510824659708
v -0.7957520184057247 0.02882379261132774 0.15907887980864427
v -0.7957520184057247 0.02882379261132774 0.16620265137069146
v -0.7957520184057247 0.02882379261132774 0.17332642293273864
v -0.7957520184057247 0.02882379261132774 0.18045019449478583
v -0.7957520184057247 0.02882379261132774 0.18757396605683302
v -0.7957416749092082 0.02882379261132774 0.1946977376188802
v -0.7950986932732116 -0.028166379885049664 -0.1971096982937151
v -0.7948887729455523 0.02882379261132774 -0.1971096982937151
v -0.7935576345799065 -0.03529015144709684 -0.18998592673166792
v -0.7935576345799065 -0.03529015144709684 -0.18286215516962073
v -0.7935576345799065 -0.03529015144709684 -0.17573838360757355
v -0.7935576345799065 -0.03529015144709684 -0.16861461204552636
v -0.7935576345799065 -0.03529015144709684 -0.16149084048347917
v -0.7935576345799065 -0.03529015144709684 -0.15436706892143198
v -0.7935576345799065 -0.03529015144709684 -0.1472432973593848
v -0.7935576345799065 -0.03529015144709684 -0.1401195257973376
v -0.7935576345799065 -0.03529015144709684 -0.13299575423529042
v -0.7935576345799065 -0.03529015144709684 -0.12587198267324323
v -0.7935576345799065 -0.03529015144709684 -0.11874821111119604
v -0.7935576345799065 -0.03529015144709684 -0.11162443954914886
v -0.7935576345799065 -0.03529015144709684 -0.10450066798710167
v -0.7935576345799065 -0.03529015144709684 -0.09737689642505448
v -0.7935576345799065 -0.03529015144709684 -0.0902531248630073
v -0.7935576345799065 -0.03529015144709684 -0.08312935330096011
v -0.7935576345799065 -0.03529015144709684 -0.07600558173891292
v -0.7935576345799065 -0.03529015144709684 -0.06888181017686573
v -0.7935576345799065 -0.03529015144709684 -0.061758038614818545
v -0.7935576345799065 -0.03529015144709684 -0.05463426705277136
v -0.7935576345799065 -0.03529015144709684 -0.04751049549072417
v -0.7935576345799065 -0.03529015144709684 -0.04038672392867698
v -0.7935576345799065 -0.03529015144709684 -0.033262952366629794
v -0.7935576345799065 -0.03529015144709684 -0.026139180804582607
v -0.7935576345799065 -0.03529015144709684 -0.01901540924253542
v -0.7935576345799065 -0.03529015144709684 -0.011891637680488232
v -0.7935576345799065 -0.03529015144709684 -0.004767866118441044
v -0.7935576345799065 -0.03529015144709684 0.0023559054436061433
v -0.7935576345799065 -0.03529015144709684 0.00947967700565333
v -0.7935576345799065 -0.03529015144709684 0.01660344856770052
v -0.7935576345799065 -0.03529015144709684 0.023727220129747706
v -0.7935576345799065 -0.03529015144709684 0.030850991691794893
v -0.7935576345799065 -0.03529015144709684 0.03797476325384208
v -0.7935576345799065 -0.03529015144709684 0.04509853481588927
v -0.7935576345799065 -0.03529015144709684 0.052222306377936456
v -0.7935576345799065 -0.03529015144709684 0.059346077939983644
v -0.7935576345799065 -0.03529015144709684 0.06646984950203083
v -0.7935576345799065 -0.03529015144709684 0.07359362106407802
v -0.7935576345799065 -0.03529015144709684 0.0807173926261252
v -0.7935576345799065 -0.03529015144709684 0.0878411641881724
v -0.7935576345799065 -0.03529015144709684 0.09496493575021958
v -0.7935576345799065 -0.03529015144709684 0.10208870731226677
v -0.7935576345799065 -0.03529015144709684 0.10921247887431396
v -0.7935576345799065 -0.03529015144709684 0.11633625043636114
v -0.7935576345799065 -0.03529015144709684 0.12346002199840833
v -0.7935576345799065 -0.03529015144709684 0.13058379356045552
v -0.7935576345799065 -0.03529015144709684 0.1377075651225027
v -0.7935576345799065 -0.03529015144709684 0.1448313366845499
v -0.7935576345799065 -0.03529015144709684 0.15195510824659708
v -0.7935576345799065 -0.03529015144709684 0.15907887980864427
v -0.7935576345799065 -0.03529015144709684 0.16620265137069146
v -0.7935576345799065 -0.03529015144709684 0.17332642293273864
v -0.7935576345799065 -0.03529015144709684 0.18045019449478583
v -0.7935576345799065 -0.03529015144709684 0.18757396605683302
v -0.7935576345799065 -0.03529015144709684 0.1946977376188802
v -0.7933868242184677 -0.03529015144709684 -0.1971096982937151
v -0.7933068345120741 0.0359475641733749 -0.18998592673166792
v -0.7933068345120741 0.0359475641733749 -0.18286215516962073
v -0.7933068345120741 0.0359475641733749 -0.17573838360757355
v -0.7933068345120741 0.0359475641733749 -0.16861461204552636
v -0.7933068345120741 0.0359475641733749 -0.16149084048347917
v -0.7933068345120741 0.0359475641733749 -0.15436706892143198
v -0.7933068345120741 0.0359475641733749 -0.1472432973593848
v -0.7933068345120741 0.0359475641733749 -0.1401195257973376
v -0.7933068345120741 0.0359475641733749 -0.13299575423529042
v -0.7933068345120741 0.0359475641733749 -0.12587198267324323
v -0.7933068345120741 0.0359475641733749 -0.11874821111119604
v -0.7933068345120741 0.0359475641733749 -0.11162443954914886
v -0.7933068345120741 0.0359475641733749 -0.10450066798710167
v -0.7933068345120741 0.0359475641733749 -0.09737689642505448
v -0.7933068345120741 0.0359475641733749 -0.0902531248630073
v -0.7933068345120741 0.0359475641733749 -0.08312935330096011
v -0.7933068345120741 0.0359475641733749 -0.07600558173891292
v -0.7933068345120741 0.0359475641733749 -0.06888181017686573
v -0.7933068345120741 0.0359475641733749 -0.061758038614818545
v -0.7933068345120741 0.0359475641733749 -0.05463426705277136
v -0.7933068345120741 0.0359475641733749 -0.04751049549072417
v -0.7933068345120741 0.0359475641733749 -0.04038672392867698
v -0.7933068345120741 0.0359475641733749 -0.033262952366629794
v -0.7933068345120741 0.0359475641733749 -0.026139180804582607
v -0.7933068345120741 0.0359475641733749 -0.01901540924253542
v -0.7933068345120741 0.0359475641733749 -0.011891637680488232
v -0.7933068345120741 0.0359475641733749 -0.004767866118441044
v -0.7933068345120741 0.0359475641733749 0.0023559054436061433
v -0.7933068345120741 0.0359475641733749 0.00947967700565333
v -0.7933068345120741 0.0359475641733749 0.01660344856770052
v -0.7933068345120741 0.0359475641733749 0.023727220129747706
v -0.7933068345120741 0.0359475641733749 0.030850991691794893
v -0.7933068345120741 0.0359475641733749 0.03797476325384208
v -0.7933068345120741 0.0359475641733749 0.04509853481588927
v -0.7933068345120741 0.0359475641733749 0.052222306377936456
v -0.7933068345120741 0.0359475641733749 0.059346077939983644
v -0.7933068345120741 0.0359475641733749 0.06646984950203083
v -0.7933068345120741 0.0359475641733749 0.07359362106407802
v -0.7933068345120741 0.0359475641733749 0.0807173926261252
v -0.7933068345120741 0.0359475641733749 0.0878411641881724
v -0.7933068345120741 0.0359475641733749 0.09496493575021958
v -0.7933068345120741 0.0359475641733749 0.10208870731226677
v -0.7933068345120741 0.0359475641733749 0.10921247887431396
v -0.7933068345120741 0.0359475641733749 0.11633625043636114
v -0.7933068345120741 0.0359475641733749 0.12346002199840833
v -0.7933068345120741 0.0359475641733749 0.13058379356045552
v -0.7933068345120741 0.0359475641733749 0.1377075651225027
v -0.7933068345120741 0.0359475641733749 0.1448313366845499
v -0.7933068345120741 0.0359475641733749 0.15195510824659708
v -0.7933068345120741 0.0359475641733749 0.15907887980864427
v -0.7933068345120741 0.0359475641733749 0.16620265137069146
v -0.7933068345120741 0.0359475641733749 0.17332642293273864
v -0.7933068345120741 0.0359475641733749 0.18045019449478583
v -0.7933068345120741 0.0359475641733749 0.18757396605683302
v -0.7933068345120741 0.0359475641733749 0.1946977376188802
v -0.7932761895682898 0.0359475641733749 -0.1971096982937151
v -0.7905571679735146 -0.04241392300914401 -0.1971096982937151
v -0.7905571679735146 -0.04241392300914401 -0.18998592673166792
v -0.7905571679735146 -0.04241392300914401 -0.18286215516962073
v -0.7905571679735146 -0.04241392300914401 -0.17573838360757355
v -0.7905571679735146 -0.04241392300914401 -0.16861461204552636
v -0.7905571679735146 -0.04241392300914401 -0.16149084048347917
v -0.7905571679735146 -0.04241392300914401 -0.15436706892143198
v -0.7905571679735146 -0.04241392300914401 -0.1472432973593848
v -0.7905571679735146 -0.04241392300914401 -0.1401195257973376
v -0.7905571679735146 -0.04241392300914401 -0.13299575423529042
v -0.7905571679735146 -0.04241392300914401 -0.12587198267324323
v -0.7905571679735146 -0.04241392300914401 -0.11874821111119604
v -0.7905571679735146 -0.04241392300914401 -0.11162443954914886
v -0.7905571679735146 -0.04241392300914401 -0.10450066798710167
v -0.7905571679735146 -0.04241392300914401 -0.09737689642505448
v -0.7905571679735146 -0.04241392300914401 -0.0902531248630073
v -0.7905571679735146 -0.04241392300914401 -0.08312935330096011
v -0.7905571679735146 -0.04241392300914401 -0.07600558173891292
v -0.7905571679735146 -0.04241392300914401 -0.06888181017686573
v -0.7905571679735146 -0.04241392300914401 -0.061758038614818545
v -0.7905571679735146 -0.04241392300914401 -0.05463426705277136
v -0.7905571679735146 -0.04241392300914401 -0.04751049549072417
v -0.7905571679735146 -0.04241392300914401 -0.04038672392867698
v -0.7905571679735146 -0.04241392300914401 -0.033262952366629794
v -0.7905571679735146 -0.04241392300914401 -0.026139180804582607
v -0.7905571679735146 -0.04241392300914401 -0.01901540924253542
v -0.7905571679735146 -0.04241392300914401 -0.011891637680488232
v -0.7905571679735146 -0.04241392300914401 -0.004767866118441044
v -0.7905571679735146 -0.04241392300914401 0.0023559054436061433
v -0.7905571679735146 -0.04241392300914401 0.00947967700565333
v -0.7905571679735146 -0.04241392300914401 0.01660344856770052
v -0.7905571679735146 -0.04241392300914401 0.023727220129747706
v -0.7905571679735146 -0.04241392300914401 0.030850991691794893
v -0.7905571679735146 -0.04241392300914401 0.03797476325384208
v -0.7905571679735146 -0.04241392300914401 0.04509853481588927
v -0.7905571679735146 -0.04241392300914401 0.052222306377936456
v -0.7905571679735146 -0.04241392300914401 0.059346077939983644
v -0.7905571679735146 -0.04241392300914401 0.06646984950203083
v -0.7905571679735146 -0.04241392300914401 0.07359362106407802
v -0.7905571679735146 -0.04241392300914401 0.0807173926261252
v -0.7905571679735146 -0.04241392300914401 0.0878411641881724
v -0.7905571679735146 -0.04241392300914401 0.09496493575021958
v -0.7905571679735146 -0.04241392300914401 0.10208870731226677
v -0.7905571679735146 -0.04241392300914401 0.10921247887431396
v -0.7905571679735146 -0.04241392300914401 0.11633625043636114
v -0.7905571679735146 -0.04241392300914401 0.12346002199840833
v -0.7905571679735146 -0.04241392300914401 0.13058379356045552
v -0.7905571679735146 -0.04241392300914401 0.1377075651225027
v -0.7905571679735146 -0.04241392300914401 0.1448313366845499
v -0.7905571679735146 -0.04241392300914401 0.15195510824659708
v -0.7905571679735146 -0.04241392300914401 0.15907887980864427
v -0.7905571679735146 -0.04241392300914401 0.16620265137069146
v -0.7905571679735146 -0.04241392300914401 0.17332642293273864
v -0.7905571679735146 -0.04241392300914401 0.18045019449478583
v -0.7905571679735146 -0.04241392300914401 0.18757396605683302
v -0.7905571679735146 -0.04241392300914401 0.1946977376188802
v -0.7902482540999669 0.04307133573542206 -0.1971096982937151
v -0.7902482540999669 0.04307133573542206 -0.18998592673166792
v -0.7902482540999669 0.04307133573542206 -0.18286215516962073
v -0.7902482540999669 0.04307133573542206 -0.17573838360757355
v -0.7902482540999669 0.04307133573542206 -0.16861461204552636
v -0.7902482540999669 0.04307133573542206 -0.16149084048347917
v -0.7902482540999669 0.04307133573542206 -0.15436706892143198
v -0.7902482540999669 0.04307133573542206 -0.1472432973593848
v -0.7902482540999669 0.04307133573542206 -0.1401195257973376
v -0.7902482540999669 0.04307133573542206 -0.13299575423529042
v -0.7902482540999669 0.04307133573542206 -0.12587198267324323
v -0.7902482540999669 0.04307133573542206 -0.11874821111119604
v -0.7902482540999669 0.04307133573542206 -0.11162443954914886
v -0.7902482540999669 0.04307133573542206 -0.10450066798710167
v -0.7902482540999669 0.04307133573542206 -0.09737689642505448
v -0.7902482540999669 0.04307133573542206 -0.0902531248630073
v -0.7902482540999669 0.04307133573542206 -0.08312935330096011
v -0.7902482540999669 0.04307133573542206 -0.07600558173891292
v -0.7902482540999669 0.04307133573542206 -0.06888181017686573
v -0.7902482540999669 0.04307133573542206 -0.061758038614818545
v -0.7902482540999669 0.04307133573542206 -0.05463426705277136
v -0.7902482540999669 0.04307133573542206 -0.04751049549072417
v -0.7902482540999669 0.04307133573542206 -0.04038672392867698
v -0.7902482540999669 0.04307133573542206 -0.033262952366629794
v -0.7902482540999669 0.04307133573542206 -0.026139180804582607
v -0.7902482540999669 0.04307133573542206 -0.01901540924253542
v -0.7902482540999669 0.04307133573542206 -0.011891637680488232
v -0.7902482540999669 0.04307133573542206 -0.004767866118441044
v -0.7902482540999669 0.04307133573542206 0.0023559054436061433
v -0.7902482540999669 0.04307133573542206 0.00947967700565333
v -0.7902482540999669 0.04307133573542206 0.01660344856770052
v -0.7902482540999669 0.04307133573542206 0.023727220129747706
v -0.7902482540999669 0.04307133573542206 0.030850991691794893
v -0.7902482540999669 0.04307133573542206 0.03797476325384208
v -0.7902482540999669 0.04307133573542206 0.04509853481588927
v -0.7902482540999669 0.04307133573542206 0.052222306377936456
v -0.7902482540999669 0.04307133573542206 0.059346077939983644
v -0.7902482540999669 0.04307133573542206 0.06646984950203083
v -0.7902482540999669 0.04307133573542206 0.07359362106407802
v -0.7902482540999669 0.04307133573542206 0.0807173926261252
v -0.7902482540999669 0.04307133573542206 0.0878411641881724
v -0.7902482540999669 0.04307133573542206 0.09496493575021958
v -0.7902482540999669 0.04307133573542206 0.10208870731226677
v -0.7902482540999669 0.04307133573542206 0.10921247887431396
v -0.7902482540999669 0.04307133573542206 0.11633625043636114
v -0.7902482540999669 0.04307133573542206 0.12346002199840833
v -0.7902482540999669 0.04307133573542206 0.13058379356045552
v -0.7902482540999669 0.04307133573542206 0.1377075651225027
v -0.7902482540999669 0.04307133573542206 0.1448313366845499
v -0.7902482540999669 0.04307133573542206 0.15195510824659708
v -0.7902482540999669 0.04307133573542206 0.15907887980864427
v -0.7902482540999669 0.04307133573542206 0.16620265137069146
v -0.7902482540999669 0.04307133573542206 0.17332642293273864
v -0.7902482540999669 0.04307133573542206 0.18045019449478583
v -0.7902482540999669 0.04307133573542206 0.18757396605683302
v -0.7902482540999669 0.04307133573542206 0.1946977376188802
v -0.7901564330640602 -0.043217869152834515 -0.1971096982937151
v -0.7901564330640602 -0.043217869152834515 -0.18998592673166792
v -0.7901564330640602 -0.043217869152834515 -0.18286215516962073
v -0.7901564330640602 -0.043217869152834515 -0.17573838360757355
v -0.7901564330640602 -0.043217869152834515 -0.16861461204552636
v -0.7901564330640602 -0.043217869152834515 -0.16149084048347917
v -0.7901564330640602 -0.043217869152834515 -0.15436706892143198
v -0.7901564330640602 -0.043217869152834515 -0.1472432973593848
v -0.7901564330640602 -0.043217869152834515 -0.1401195257973376
v -0.7901564330640602 -0.043217869152834515 -0.13299575423529042
v -0.7901564330640602 -0.043217869152834515 -0.12587198267324323
v -0.7901564330640602 -0.043217869152834515 -0.11874821111119604
v -0.7901564330640602 -0.043217869152834515 -0.11162443954914886
v -0.7901564330640602 -0.043217869152834515 -0.10450066798710167
v -0.7901564330640602 -0.043217869152834515 -0.09737689642505448
v -0.7901564330640602 -0.043217869152834515 -0.0902531248630073
v -0.7901564330640602 -0.043217869152834515 -0.08312935330096011
v -0.7901564330640602 -0.043217869152834515 -0.07600558173891292
v -0.7901564330640602 -0.043217869152834515 -0.06888181017686573
v -0.7901564330640602 -0.043217869152834515 -0.061758038614818545
v -0.7901564330640602 -0.043217869152834515 -0.05463426705277136
v -0.7901564330640602 -0.043217869152834515 -0.04751049549072417
v -0.7901564330640602 -0.043217869152834515 -0.04038672392867698
v -0.7901564330640602 -0.043217869152834515 -0.033262952366629794
v -0.7901564330640602 -0.043217869152834515 -0.026139180804582607
v -0.7901564330640602 -0.043217869152834515 -0.01901540924253542
v -0.7901564330640602 -0.043217869152834515 -0.011891637680488232
v -0.7901564330640602 -0.043217869152834515 -0.004767866118441044
v -0.7901564330640602 -0.043217869152834515 0.0023559054436061433
v -0.7901564330640602 -0.043217869152834515 0.00947967700565333
v -0.7901564330640602 -0.043217869152834515 0.01660344856770052
v -0.7901564330640602 -0.043217869152834515 0.023727220129747706
v -0.7901564330640602 -0.043217869152834515 0.030850991691794893
v -0.7901564330640602 -0.043217869152834515 0.03797476325384208
v -0.7901564330640602 -0.043217869152834515 0.04509853481588927
v -0.7901564330640602 -0.043217869152834515 0.052222306377936456
v -0.7901564330640602 -0.043217869152834515 0.059346077939983644
v -0.7901564330640602 -0.043217869152834515 0.06646984950203083
v -0.7901564330640602 -0.043217869152834515 0.07359362106407802
v -0.7901564330640602 -0.043217869152834515 0.0807173926261252
v -0.7901564330640602 -0.043217869152834515 0.0878411641881724
v -0.7901564330640602 -0.043217869152834515 0.09496493575021958
v -0.7901564330640602 -0.043217869152834515 0.10208870731226677
v -0.7901564330640602 -0.043217869152834515 0.10921247887431396
v -0.7901564330640602 -0.043217869152834515 0.11633625043636114
v -0.7901564330640602 -0.043217869152834515 0.12346002199840833
v -0.7901564330640602 -0.043217869152834515 0.13058379356045552
v -0.7901564330640602 -0.043217869152834515 0.1377075651225027
v -0.7901564330640602 -0.043217869152834515 0.1448313366845499
v -0.7901564330640602 -0.043217869152834515 0.15195510824659708
v -0.7901564330640602 -0.043217869152834515 0.15907887980864427
v -0.7901564330640602 -0.043217869152834515 0.16620265137069146
v -0.7901564330640602 -0.043217869152834515 0.17332642293273864
v -0.7901564330640602 -0.043217869152834515 0.18045019449478583
v -0.7901564330640602 -0.043217869152834515 0.18757396605683302
v -0.7901564330640602 -0.043217869152834515 0.1946977376188802
v -0.7901564330640602 -0.04241392300914401 -0.19767521325518586
v -0.7901564330640602 -0.04241392300914401 0.19588706647744183
v -0.7901564330640602 -0.03529015144709684 -0.19999999986844894
v -0.7901564330640602 -0.03529015144709684 0.1992285219872193
v -0.7901564330640602 -0.028166379885049664 -0.19999999986844894
v -0.7901564330640602 -0.028166379885049664 0.19999999396779086
v -0.7901564330640602 -0.02104260832300249 -0.19999999986844894
v -0.7901564330640602 -0.02104260832300249 0.19999999396779086
v -0.7901564330640602 -0.013918836760955317 -0.19999999986844894
v -0.7901564330640602 -0.013918836760955317 0.19999999396779086
v -0.7901564330640602 -0.006795065198908143 -0.19999999986844894
v -0.7901564330640602 -0.006795065198908143 0.19999999396779086
v -0.7901564330640602 0.0003287063631390308 -0.19999999986844894
v -0.7901564330640602 0.0003287063631390308 0.19999999396779086
v -0.7901564330640602 0.0074524779251862044 -0.19999999986844894
v -0.7901564330640602 0.0074524779251862044 0.19999999396779086
v -0.7901564330640602 0.014576249487233364 -0.19999999986844894
v -0.7901564330640602 0.014576249487233364 0.19999999396779086
v -0.7901564330640602 0.021700021049280552 -0.19999999986844894
v -0.7901564330640602 0.021700021049280552 0.19999999396779086
v -0.7901564330640602 0.02882379261132774 -0.19999999986844894
v -0.7901564330640602 0.02882379261132774 0.19999999396779086
v -0.7901564330640602 0.0359475641733749 -0.19999999986844894
v -0.7901564330640602 0.0359475641733749 0.19909700842034564
v -0.7901564330640602 0.04307133573542206 -0.1972473636084348
v -0.7901564330640602 0.04307133573542206 0.19500970698507702
v -0.7901564330640602 0.04325300082366475 -0.1971096982937151
v -0.7901564330640602 0.04325300082366475 -0.18998592673166792
v -0.7901564330640602 0.04325300082366475 -0.18286215516962073
v -0.7901564330640602 0.04325300082366475 -0.17573838360757355
v -0.7901564330640602 0.04325300082366475 -0.16861461204552636
v -0.7901564330640602 0.04325300082366475 -0.16149084048347917
v -0.7901564330640602 0.04325300082366475 -0.15436706892143198
v -0.7901564330640602 0.04325300082366475 -0.1472432973593848
v -0.7901564330640602 0.04325300082366475 -0.1401195257973376
v -0.7901564330640602 0.04325300082366475 -0.13299575423529042
v -0.7901564330640602 0.04325300082366475 -0.12587198267324323
v -0.7901564330640602 0.04325300082366475 -0.11874821111119604
v -0.7901564330640602 0.04325300082366475 -0.11162443954914886
v -0.7901564330640602 0.04325300082366475 -0.10450066798710167
v -0.7901564330640602 0.04325300082366475 -0.09737689642505448
v -0.7901564330640602 0.04325300082366475 -0.0902531248630073
v -0.7901564330640602 0.04325300082366475 -0.08312935330096011
v -0.7901564330640602 0.04325300082366475 -0.07600558173891292
v -0.7901564330640602 0.04325300082366475 -0.06888181017686573
v -0.7901564330640602 0.04325300082366475 -0.061758038614818545
v -0.7901564330640602 0.04325300082366475 -0.05463426705277136
v -0.7901564330640602 0.04325300082366475 -0.04751049549072417
v -0.7901564330640602 0.04325300082366475 -0.04038672392867698
v -0.7901564330640602 0.04325300082366475 -0.033262952366629794
v -0.7901564330640602 0.04325300082366475 -0.026139180804582607
v -0.7901564330640602 0.04325300082366475 -0.01901540924253542
v -0.7901564330640602 0.04325300082366475 -0.011891637680488232
v -0.7901564330640602 0.04325300082366475 -0.004767866118441044
v -0.7901564330640602 0.04325300082366475 0.0023559054436061433
v -0.7901564330640602 0.04325300082366475 0.00947967700565333
v -0.7901564330640602 0.04325300082366475 0.01660344856770052
v -0.7901564330640602 0.04325300082366475 0.023727220129747706
v -0.7901564330640602 0.04325300082366475 0.030850991691794893
v -0.7901564330640602 0.04325300082366475 0.03797476325384208
v -0.7901564330640602 0.04325300082366475 0.04509853481588927
v -0.7901564330640602 0.04325300082366475 0.052222306377936456
v -0.7901564330640602 0.04325300082366475 0.059346077939983644
v -0.7901564330640602 0.04325300082366475 0.06646984950203083
v -0.7901564330640602 0.04325300082366475 0.07359362106407802
v -0.7901564330640602 0.04325300082366475 0.0807173926261252
v -0.7901564330640602 0.04325300082366475 0.0878411641881724
v -0.7901564330640602 0.04325300082366475 0.09496493575021958
v -0.7901564330640602 0.04325300082366475 0.10208870731226677
v -0.7901564330640602 0.04325300082366475 0.10921247887431396
v -0.7901564330640602 0.04325300082366475 0.11633625043636114
v -0.7901564330640602 0.04325300082366475 0.12346002199840833
v -0.7901564330640602 0.04325300082366475 0.13058379356045552
v -0.7901564330640602 0.04325300082366475 0.1377075651225027
v -0.7901564330640602 0.04325300082366475 0.1448313366845499
v -0.7901564330640602 0.04325300082366475 0.15195510824659708
v -0.7901564330640602 0.04325300082366475 0.15907887980864427
v -0.7901564330640602 0.04325300082366475 0.16620265137069146
v -0.7901564330640602 0.04325300082366475 0.17332642293273864
v -0.7901564330640602 0.04325300082366475 0.18045019449478583
v -0.7901564330640602 0.04325300082366475 0.18757396605683302
v -0.7901564330640602 0.04325300082366475 0.1946977376188802
v -0.7868498804858777 -0.049537694571191185 -0.18998592673166792
v -0.7868498804858777 -0.049537694571191185 -0.18286215516962073
v -0.7868498804858777 -0.049537694571191185 -0.17573838360757355
v -0.7868498804858777 -0.049537694571191185 -0.16861461204552636
v -0.7868498804858777 -0.049537694571191185 -0.16149084048347917
v -0.7868498804858777 -0.049537694571191185 -0.15436706892143198
v -0.7868498804858777 -0.049537694571191185 -0.1472432973593848
v -0.7868498804858777 -0.049537694571191185 -0.1401195257973376
v -0.7868498804858777 -0.049537694571191185 -0.13299575423529042
v -0.7868498804858777 -0.049537694571191185 -0.12587198267324323
v -0.7868498804858777 -0.049537694571191185 -0.11874821111119604
v -0.7868498804858777 -0.049537694571191185 -0.11162443954914886
v -0.7868498804858777 -0.049537694571191185 -0.10450066798710167
v -0.7868498804858777 -0.049537694571191185 -0.09737689642505448
v -0.7868498804858777 -0.049537694571191185 -0.0902531248630073
v -0.7868498804858777 -0.049537694571191185 -0.08312935330096011
v -0.7868498804858777 -0.049537694571191185 -0.07600558173891292
v -0.7868498804858777 -0.049537694571191185 -0.06888181017686573
v -0.7868498804858777 -0.049537694571191185 -0.061758038614818545
v -0.7868498804858777 -0.049537694571191185 -0.05463426705277136
v -0.7868498804858777 -0.049537694571191185 -0.04751049549072417
v -0.7868498804858777 -0.049537694571191185 -0.04038672392867698
v -0.7868498804858777 -0.049537694571191185 -0.033262952366629794
v -0.7868498804858777 -0.049537694571191185 -0.026139180804582607
v -0.7868498804858777 -0.049537694571191185 -0.01901540924253542
v -0.7868498804858777 -0.049537694571191185 -0.011891637680488232
v -0.7868498804858777 -0.049537694571191185 -0.004767866118441044
v -0.7868498804858777 -0.049537694571191185 0.0023559054436061433
v -0.7868498804858777 -0.049537694571191185 0.00947967700565333
v -0.7868498804858777 -0.049537694571191185 0.01660344856770052
v -0.7868498804858777 -0.049537694571191185 0.023727220129747706
v -0.7868498804858777 -0.049537694571191185 0.030850991691794893
v -0.7868498804858777 -0.049537694571191185 0.03797476325384208
v -0.7868498804858777 -0.049537694571191185 0.04509853481588927
v -0.7868498804858777 -0.049537694571191185 0.052222306377936456
v -0.7868498804858777 -0.049537694571191185 0.059346077939983644
v -0.7868498804858777 -0.049537694571191185 0.06646984950203083
v -0.7868498804858777 -0.049537694571191185 0.07359362106407802
v -0.7868498804858777 -0.049537694571191185 0.0807173926261252
v -0.7868498804858777 -0.049537694571191185 0.0878411641881724
v -0.7868498804858777 -0.049537694571191185 0.09496493575021958
v -0.7868498804858777 -0.049537694571191185 0.10208870731226677
v -0.7868498804858777 -0.049537694571191185 0.10921247887431396
v -0.7868498804858777 -0.049537694571191185 0.11633625043636114
v -0.7868498804858777 -0.049537694571191185 0.12346002199840833
v -0.7868498804858777 -0.049537694571191185 0.13058379356045552
v -0.7868498804858777 -0.049537694571191185 0.1377075651225027
v -0.7868498804858777 -0.049537694571191185 0.1448313366845499
v -0.7868498804858777 -0.049537694571191185 0.15195510824659708
v -0.7868498804858777 -0.049537694571191185 0.15907887980864427
v -0.7868498804858777 -0.049537694571191185 0.16620265137069146
v -0.7868498804858777 -0.049537694571191185 0.17332642293273864
v -0.7868498804858777 -0.049537694571191185 0.18045019449478583
v -0.7868498804858777 -0.049537694571191185 0.18757396605683302
v -0.7868498804858777 -0.049537694571191185 0.1946977376188802
v -0.7866073161511501 -0.049537694571191185 -0.1971096982937151
v -0.7864711590507008 0.050195107297469246 -0.18998592673166792
v -0.7864711590507008 0.050195107297469246 -0.18286215516962073
v -0.7864711590507008 0.050195107297469246 -0.17573838360757355
v -0.7864711590507008 0.050195107297469246 -0.16861461204552636
v -0.7864711590507008 0.050195107297469246 -0.16149084048347917
v -0.7864711590507008 0.050195107297469246 -0.15436706892143198
v -0.7864711590507008 0.050195107297469246 -0.1472432973593848
v -0.7864711590507008 0.050195107297469246 -0.1401195257973376
v -0.7864711590507008 0.050195107297469246 -0.13299575423529042
v -0.7864711590507008 0.050195107297469246 -0.12587198267324323
v -0.7864711590507008 0.050195107297469246 -0.11874821111119604
v -0.7864711590507008 0.050195107297469246 -0.11162443954914886
v -0.7864711590507008 0.050195107297469246 -0.10450066798710167
v -0.7864711590507008 0.050195107297469246 -0.09737689642505448
v -0.7864711590507008 0.050195107297469246 -0.0902531248630073
v -0.7864711590507008 0.050195107297469246 -0.08312935330096011
v -0.7864711590507008 0.050195107297469246 -0.07600558173891292
v -0.7864711590507008 0.050195107297469246 -0.06888181017686573
v -0.7864711590507008 0.050195107297469246 -0.061758038614818545
v -0.7864711590507008 0.050195107297469246 -0.05463426705277136
v -0.7864711590507008 0.050195107297469246 -0.04751049549072417
v -0.7864711590507008 0.050195107297469246 -0.04038672392867698
v -0.7864711590507008 0.050195107297469246 -0.033262952366629794
v -0.7864711590507008 0.050195107297469246 -0.026139180804582607
v -0.7864711590507008 0.050195107297469246 -0.01901540924253542
v -0.7864711590507008 0.050195107297469246 -0.011891637680488232
v -0.7864711590507008 0.050195107297469246 -0.004767866118441044
v -0.7864711590507008 0.050195107297469246 0.0023559054436061433
v -0.7864711590507008 0.050195107297469246 0.00947967700565333
v -0.7864711590507008 0.050195107297469246 0.01660344856770052
v -0.7864711590507008 0.050195107297469246 0.023727220129747706
v -0.7864711590507008 0.050195107297469246 0.030850991691794893
v -0.7864711590507008 0.050195107297469246 0.03797476325384208
v -0.7864711590507008 0.050195107297469246 0.04509853481588927
v -0.7864711590507008 0.050195107297469246 0.052222306377936456
v -0.7864711590507008 0.050195107297469246 0.059346077939983644
v -0.7864711590507008 0.050195107297469246 0.06646984950203083
v -0.7864711590507008 0.050195107297469246 0.07359362106407802
v -0.7864711590507008 0.050195107297469246 0.0807173926261252
v -0.7864711590507008 0.050195107297469246 0.0878411641881724
v -0.7864711590507008 0.050195107297469246 0.09496493575021958
v -0.7864711590507008 0.050195107297469246 0.10208870731226677
v -0.7864711590507008 0.050195107297469246 0.10921247887431396
v -0.7864711590507008 0.050195107297469246 0.11633625043636114
v -0.7864711590507008 0.050195107297469246 0.12346002199840833
v -0.7864711590507008 0.050195107297469246 0.13058379356045552
v -0.7864711590507008 0.050195107297469246 0.1377075651225027
v -0.7864711590507008 0.050195107297469246 0.1448313366845499
v -0.7864711590507008 0.050195107297469246 0.15195510824659708
v -0.7864711590507008 0.050195107297469246 0.15907887980864427
v -0.7864711590507008 0.050195107297469246 0.16620265137069146
v -0.7864711590507008 0.050195107297469246 0.17332642293273864
v -0.7864711590507008 0.050195107297469246 0.18045019449478583
v -0.7864711590507008 0.050195107297469246 0.18757396605683302
v -0.7864711590507008 0.050195107297469246 0.1946977376188802
v -0.7864201820877378 0.050195107297469246 -0.1971096982937151
v -0.7830326615020131 -0.05568960546744592 -0.18998592673166792
v -0.7830326615020131 -0.05568960546744592 -0.18286215516962073
v -0.7830326615020131 -0.05568960546744592 -0.17573838360757355
v -0.7830326615020131 -0.05568960546744592 -0.16861461204552636
v -0.7830326615020131 -0.05568960546744592 -0.16149084048347917
v -0.7830326615020131 -0.05568960546744592 -0.15436706892143198
v -0.7830326615020131 -0.05568960546744592 -0.1472432973593848
v -0.7830326615020131 -0.05568960546744592 -0.1401195257973376
v -0.7830326615020131 -0.05568960546744592 -0.13299575423529042
v -0.7830326615020131 -0.05568960546744592 -0.12587198267324323
v -0.7830326615020131 -0.05568960546744592 -0.11874821111119604
v -0.7830326615020131 -0.05568960546744592 -0.11162443954914886
v -0.7830326615020131 -0.05568960546744592 -0.10450066798710167
v -0.7830326615020131 -0.05568960546744592 -0.09737689642505448
v -0.7830326615020131 -0.05568960546744592 -0.0902531248630073
v -0.7830326615020131 -0.05568960546744592 -0.08312935330096011
v -0.7830326615020131 -0.05568960546744592 -0.07600558173891292
v -0.7830326615020131 -0.05568960546744592 -0.06888181017686573
v -0.7830326615020131 -0.05568960546744592 -0.061758038614818545
v -0.7830326615020131 -0.05568960546744592 -0.05463426705277136
v -0.7830326615020131 -0.05568960546744592 -0.04751049549072417
v -0.7830326615020131 -0.05568960546744592 -0.04038672392867698
v -0.7830326615020131 -0.05568960546744592 -0.033262952366629794
v -0.7830326615020131 -0.05568960546744592 -0.026139180804582607
v -0.7830326615020131 -0.05568960546744592 -0.01901540924253542
v -0.7830326615020131 -0.05568960546744592 -0.011891637680488232
v -0.7830326615020131 -0.05568960546744592 -0.004767866118441044
v -0.7830326615020131 -0.05568960546744592 0.0023559054436061433
v -0.7830326615020131 -0.05568960546744592 0.00947967700565333
v -0.7830326615020131 -0.05568960546744592 0.01660344856770052
v -0.7830326615020131 -0.05568960546744592 0.023727220129747706
v -0.7830326615020131 -0.05568960546744592 0.030850991691794893
v -0.7830326615020131 -0.05568960546744592 0.03797476325384208
v -0.7830326615020131 -0.05568960546744592 0.04509853481588927
v -0.7830326615020131 -0.05568960546744592 0.052222306377936456
v -0.7830326615020131 -0.05568960546744592 0.059346077939983644
v -0.7830326615020131 -0.05568960546744592 0.06646984950203083
v -0.7830326615020131 -0.05568960546744592 0.07359362106407802
v -0.7830326615020131 -0.05568960546744592 0.0807173926261252
v -0.7830326615020131 -0.05568960546744592 0.0878411641881724
v -0.7830326615020131 -0.05568960546744592 0.09496493575021958
v -0.7830326615020131 -0.05568960546744592 0.10208870731226677
v -0.7830326615020131 -0.05568960546744592 0.10921247887431396
v -0.7830326615020131 -0.05568960546744592 0.11633625043636114
v -0.7830326615020131 -0.05568960546744592 0.12346002199840833
v -0.7830326615020131 -0.05568960546744592 0.13058379356045552
v -0.7830326615020131 -0.05568960546744592 0.1377075651225027
v -0.7830326615020131 -0.05568960546744592 0.1448313366845499
v -0.7830326615020131 -0.05568960546744592 0.15195510824659708
v -0.7830326615020131 -0.05568960546744592 0.15907887980864427
v -0.7830326615020131 -0.05568960546744592 0.16620265137069146
v -0.7830326615020131 -0.05568960546744592 0.17332642293273864
v -0.7830326615020131 -0.05568960546744592 0.18045019449478583
v -0.7830326615020131 -0.05568960546744592 0.18757396605683302
v -0.7830326615020131 -0.05568960546744592 0.1946977376188802
v -0.7830326615020131 -0.05556930839498844 -0.1971096982937151
v -0.7830326615020131 -0.049537694571191185 -0.19999999986844894
v -0.7830326615020131 -0.049537694571191185 0.19929421762683433
v -0.7830326615020131 -0.04241392300914401 -0.19999999986844894
v -0.7830326615020131 -0.04241392300914401 0.19999999396779086
v -0.7830326615020131 -0.03529015144709684 -0.19999999986844894
v -0.7830326615020131 -0.03529015144709684 0.19999999396779086
v -0.7830326615020131 -0.028166379885049664 -0.19999999986844894
v -0.7830326615020131 -0.028166379885049664 0.19999999396779086
v -0.7830326615020131 -0.02104260832300249 -0.19999999986844894
v -0.7830326615020131 -0.02104260832300249 0.19999999396779086
v -0.7830326615020131 -0.013918836760955317 -0.19999999986844894
v -0.7830326615020131 -0.013918836760955317 0.19999999396779086
v -0.7830326615020131 -0.006795065198908143 -0.19999999986844894
v -0.7830326615020131 -0.006795065198908143 0.19999999396779086
v -0.7830326615020131 0.0003287063631390308 -0.19999999986844894
v -0.7830326615020131 0.0003287063631390308 0.19999999396779086
v -0.7830326615020131 0.0074524779251862044 -0.19999999986844894
v -0.7830326615020131 0.0074524779251862044 0.19999999396779086
v -0.7830326615020131 0.014576249487233364 -0.19999999986844894
v -0.7830326615020131 0.014576249487233364 0.19999999396779086
v -0.7830326615020131 0.021700021049280552 -0.19999999986844894
v -0.7830326615020131 0.021700021049280552 0.19999999396779086
v -0.7830326615020131 0.02882379261132774 -0.19999999986844894
v -0.7830326615020131 0.02882379261132774 0.19999999396779086
v -0.7830326615020131 0.0359475641733749 -0.19999999986844894
v -0.7830326615020131 0.0359475641733749 0.19999999396779086
v -0.7830326615020131 0.04307133573542206 -0.19999999986844894
v -0.7830326615020131 0.04307133573542206 0.19999999396779086
v -0.7830326615020131 0.050195107297469246 -0.19999999986844894
v -0.7830326615020131 0.050195107297469246 0.19911585430496737
v -0.7830326615020131 0.05563398611925051 -0.1971096982937151
v -0.7830326615020131 0.05567059088721803 -0.18998592673166792
v -0.7830326615020131 0.05567059088721803 -0.18286215516962073
v -0.7830326615020131 0.05567059088721803 -0.17573838360757355
v -0.7830326615020131 0.05567059088721803 -0.16861461204552636
v -0.7830326615020131 0.05567059088721803 -0.16149084048347917
v -0.7830326615020131 0.05567059088721803 -0.15436706892143198
v -0.7830326615020131 0.05567059088721803 -0.1472432973593848
v -0.7830326615020131 0.05567059088721803 -0.1401195257973376
v -0.7830326615020131 0.05567059088721803 -0.13299575423529042
v -0.7830326615020131 0.05567059088721803 -0.12587198267324323
v -0.7830326615020131 0.05567059088721803 -0.11874821111119604
v -0.7830326615020131 0.05567059088721803 -0.11162443954914886
v -0.7830326615020131 0.05567059088721803 -0.10450066798710167
v -0.7830326615020131 0.05567059088721803 -0.09737689642505448
v -0.7830326615020131 0.05567059088721803 -0.0902531248630073
v -0.7830326615020131 0.05567059088721803 -0.08312935330096011
v -0.7830326615020131 0.05567059088721803 -0.07600558173891292
v -0.7830326615020131 0.05567059088721803 -0.06888181017686573
v -0.7830326615020131 0.05567059088721803 -0.061758038614818545
v -0.7830326615020131 0.05567059088721803 -0.05463426705277136
v -0.7830326615020131 0.05567059088721803 -0.04751049549072417
v -0.7830326615020131 0.05567059088721803 -0.04038672392867698
v -0.7830326615020131 0.05567059088721803 -0.033262952366629794
v -0.7830326615020131 0.05567059088721803 -0.026139180804582607
v -0.7830326615020131 0.05567059088721803 -0.01901540924253542
v -0.7830326615020131 0.05567059088721803 -0.011891637680488232
v -0.7830326615020131 0.05567059088721803 -0.004767866118441044
v -0.7830326615020131 0.05567059088721803 0.0023559054436061433
v -0.7830326615020131 0.05567059088721803 0.00947967700565333
v -0.7830326615020131 0.05567059088721803 0.01660344856770052
v -0.7830326615020131 0.05567059088721803 0.023727220129747706
v -0.7830326615020131 0.05567059088721803 0.030850991691794893
v -0.7830326615020131 0.05567059088721803 0.03797476325384208
v -0.7830326615020131 0.05567059088721803 0.04509853481588927
v -0.7830326615020131 0.05567059088721803 0.052222306377936456
v -0.7830326615020131 0.05567059088721803 0.059346077939983644
v -0.7830326615020131 0.05567059088721803 0.06646984950203083
v -0.7830326615020131 0.05567059088721803 0.07359362106407802
v -0.7830326615020131 0.05567059088721803 0.0807173926261252
v -0.7830326615020131 0.05567059088721803 0.0878411641881724
v -0.7830326615020131 0.05567059088721803 0.09496493575021958
v -0.7830326615020131 0.05567059088721803 0.10208870731226677
v -0.7830326615020131 0.05567059088721803 0.10921247887431396
v -0.7830326615020131 0.05567059088721803 0.11633625043636114
v -0.7830326615020131 0.05567059088721803 0.12346002199840833
v -0.7830326615020131 0.05567059088721803 0.13058379356045552
v -0.7830326615020131 0.05567059088721803 0.1377075651225027
v -0.7830326615020131 0.05567059088721803 0.1448313366845499
v -0.7830326615020131 0.05567059088721803 0.15195510824659708
v -0.7830326615020131 0.05567059088721803 0.15907887980864427
v -0.7830326615020131 0.05567059088721803 0.16620265137069146
v -0.7830326615020131 0.05567059088721803 0.17332642293273864
v -0.7830326615020131 0.05567059088721803 0.18045019449478583
v -0.7830326615020131 0.05567059088721803 0.18757396605683302
v -0.7830326615020131 0.05567059088721803 0.1946977376188802
v -0.7823897613911122 -0.05666146613323836 -0.18998592673166792
v -0.7823897613911122 -0.05666146613323836 -0.18286215516962073
v -0.7823897613911122 -0.05666146613323836 -0.17573838360757355
v -0.7823897613911122 -0.05666146613323836 -0.16861461204552636
v -0.7823897613911122 -0.05666146613323836 -0.16149084048347917
v -0.7823897613911122 -0.05666146613323836 -0.15436706892143198
v -0.7823897613911122 -0.05666146613323836 -0.1472432973593848
v -0.7823897613911122 -0.05666146613323836 -0.1401195257973376
v -0.7823897613911122 -0.05666146613323836 -0.13299575423529042
v -0.7823897613911122 -0.05666146613323836 -0.12587198267324323
v -0.7823897613911122 -0.05666146613323836 -0.11874821111119604
v -0.7823897613911122 -0.05666146613323836 -0.11162443954914886
v -0.7823897613911122 -0.05666146613323836 -0.10450066798710167
v -0.7823897613911122 -0.05666146613323836 -0.09737689642505448
v -0.7823897613911122 -0.05666146613323836 -0.0902531248630073
v -0.7823897613911122 -0.05666146613323836 -0.08312935330096011
v -0.7823897613911122 -0.05666146613323836 -0.07600558173891292
v -0.7823897613911122 -0.05666146613323836 -0.06888181017686573
v -0.7823897613911122 -0.05666146613323836 -0.061758038614818545
v -0.7823897613911122 -0.05666146613323836 -0.05463426705277136
v -0.7823897613911122 -0.05666146613323836 -0.04751049549072417
v -0.7823897613911122 -0.05666146613323836 -0.04038672392867698
v -0.7823897613911122 -0.05666146613323836 -0.033262952366629794
v -0.7823897613911122 -0.05666146613323836 -0.026139180804582607
v -0.7823897613911122 -0.05666146613323836 -0.01901540924253542
v -0.7823897613911122 -0.05666146613323836 -0.011891637680488232
v -0.7823897613911122 -0.05666146613323836 -0.004767866118441044
v -0.7823897613911122 -0.05666146613323836 0.0023559054436061433
v -0.7823897613911122 -0.05666146613323836 0.00947967700565333
v -0.7823897613911122 -0.05666146613323836 0.01660344856770052
v -0.7823897613911122 -0.05666146613323836 0.023727220129747706
v -0.7823897613911122 -0.05666146613323836 0.030850991691794893
v -0.7823897613911122 -0.05666146613323836 0.03797476325384208
v -0.7823897613911122 -0.05666146613323836 0.04509853481588927
v -0.7823897613911122 -0.05666146613323836 0.052222306377936456
v -0.7823897613911122 -0.05666146613323836 0.059346077939983644
v -0.7823897613911122 -0.05666146613323836 0.06646984950203083
v -0.7823897613911122 -0.05666146613323836 0.07359362106407802
v -0.7823897613911122 -0.05666146613323836 0.0807173926261252
v -0.7823897613911122 -0.05666146613323836 0.0878411641881724
v -0.7823897613911122 -0.05666146613323836 0.09496493575021958
v -0.7823897613911122 -0.05666146613323836 0.10208870731226677
v -0.7823897613911122 -0.05666146613323836 0.10921247887431396
v -0.7823897613911122 -0.05666146613323836 0.11633625043636114
v -0.7823897613911122 -0.05666146613323836 0.12346002199840833
v -0.7823897613911122 -0.05666146613323836 0.13058379356045552
v -0.7823897613911122 -0.05666146613323836 0.1377075651225027
v -0.7823897613911122 -0.05666146613323836 0.1448313366845499
v -0.7823897613911122 -0.05666146613323836 0.15195510824659708
v -0.7823897613911122 -0.05666146613323836 0.15907887980864427
v -0.7823897613911122 -0.05666146613323836 0.16620265137069146
v -0.7823897613911122 -0.05666146613323836 0.17332642293273864
v -0.7823897613911122 -0.05666146613323836 0.18045019449478583
v -0.7823897613911122 -0.05666146613323836 0.18757396605683302
v -0.7823897613911122 -0.05666146613323836 0.1946977376188802
v -0.7819405037637632 -0.05666146613323836 -0.1971096982937151
v -0.7819284414464792 0.057318878859516434 -0.18998592673166792
v -0.7819284414464792 0.057318878859516434 -0.18286215516962073
v -0.7819284414464792 0.057318878859516434 -0.17573838360757355
v -0.7819284414464792 0.057318878859516434 -0.16861461204552636
v -0.7819284414464792 0.057318878859516434 -0.16149084048347917
v -0.7819284414464792 0.057318878859516434 -0.15436706892143198
v -0.7819284414464792 0.057318878859516434 -0.1472432973593848
v -0.7819284414464792 0.057318878859516434 -0.1401195257973376
v -0.7819284414464792 0.057318878859516434 -0.13299575423529042
v -0.7819284414464792 0.057318878859516434 -0.12587198267324323
v -0.7819284414464792 0.057318878859516434 -0.11874821111119604
v -0.7819284414464792 0.057318878859516434 -0.11162443954914886
v -0.7819284414464792 0.057318878859516434 -0.10450066798710167
v -0.7819284414464792 0.057318878859516434 -0.09737689642505448
v -0.7819284414464792 0.057318878859516434 -0.0902531248630073
v -0.7819284414464792 0.057318878859516434 -0.08312935330096011
v -0.7819284414464792 0.057318878859516434 -0.07600558173891292
v -0.7819284414464792 0.057318878859516434 -0.06888181017686573
v -0.7819284414464792 0.057318878859516434 -0.061758038614818545
v -0.7819284414464792 0.057318878859516434 -0.05463426705277136
v -0.7819284414464792 0.057318878859516434 -0.04751049549072417
v -0.7819284414464792 0.057318878859516434 -0.04038672392867698
v -0.7819284414464792 0.057318878859516434 -0.033262952366629794
v -0.7819284414464792 0.057318878859516434 -0.026139180804582607
v -0.7819284414464792 0.057318878859516434 -0.01901540924253542
v -0.7819284414464792 0.057318878859516434 -0.011891637680488232
v -0.7819284414464792 0.057318878859516434 -0.004767866118441044
v -0.7819284414464792 0.057318878859516434 0.0023559054436061433
v -0.7819284414464792 0.057318878859516434 0.00947967700565333
v -0.7819284414464792 0.057318878859516434 0.01660344856770052
v -0.7819284414464792 0.057318878859516434 0.023727220129747706
v -0.7819284414464792 0.057318878859516434 0.030850991691794893
v -0.7819284414464792 0.057318878859516434 0.03797476325384208
v -0.7819284414464792 0.057318878859516434 0.04509853481588927
v -0.7819284414464792 0.057318878859516434 0.052222306377936456
v -0.7819284414464792 0.057318878859516434 0.059346077939983644
v -0.7819284414464792 0.057318878859516434 0.06646984950203083
v -0.7819284414464792 0.057318878859516434 0.07359362106407802
v -0.7819284414464792 0.057318878859516434 0.0807173926261252
v -0.7819284414464792 0.057318878859516434 0.0878411641881724
v -0.7819284414464792 0.057318878859516434 0.09496493575021958
v -0.7819284414464792 0.057318878859516434 0.10208870731226677
v -0.7819284414464792 0.057318878859516434 0.10921247887431396
v -0.7819284414464792 0.057318878859516434 0.11633625043636114
v -0.7819284414464792 0.057318878859516434 0.12346002199840833
v -0.7819284414464792 0.057318878859516434 0.13058379356045552
v -0.7819284414464792 0.057318878859516434 0.1377075651225027
v -0.7819284414464792 0.057318878859516434 0.1448313366845499
v -0.7819284414464792 0.057318878859516434 0.15195510824659708
v -0.7819284414464792 0.057318878859516434 0.15907887980864427
v -0.7819284414464792 0.057318878859516434 0.16620265137069146
v -0.7819284414464792 0.057318878859516434 0.17332642293273864
v -0.7819284414464792 0.057318878859516434 0.18045019449478583
v -0.7819284414464792 0.057318878859516434 0.18757396605683302
v -0.7819284414464792 0.057318878859516434 0.1946977376188802
v -0.7813477721586262 0.057318878859516434 -0.1971096982937151
v -0.7769991182509511 -0.06378523769528553 -0.1971096982937151
v -0.7769991182509511 -0.06378523769528553 -0.18998592673166792
v -0.7769991182509511 -0.06378523769528553 -0.18286215516962073
v -0.7769991182509511 -0.06378523769528553 -0.17573838360757355
v -0.7769991182509511 -0.06378523769528553 -0.16861461204552636
v -0.7769991182509511 -0.06378523769528553 -0.16149084048347917
v -0.7769991182509511 -0.06378523769528553 -0.15436706892143198
v -0.7769991182509511 -0.06378523769528553 -0.1472432973593848
v -0.7769991182509511 -0.06378523769528553 -0.1401195257973376
v -0.7769991182509511 -0.06378523769528553 -0.13299575423529042
v -0.7769991182509511 -0.06378523769528553 -0.12587198267324323
v -0.7769991182509511 -0.06378523769528553 -0.11874821111119604
v -0.7769991182509511 -0.06378523769528553 -0.11162443954914886
v -0.7769991182509511 -0.06378523769528553 -0.10450066798710167
v -0.7769991182509511 -0.06378523769528553 -0.09737689642505448
v -0.7769991182509511 -0.06378523769528553 -0.0902531248630073
v -0.7769991182509511 -0.06378523769528553 -0.08312935330096011
v -0.7769991182509511 -0.06378523769528553 -0.07600558173891292
v -0.7769991182509511 -0.06378523769528553 -0.06888181017686573
v -0.7769991182509511 -0.06378523769528553 -0.061758038614818545
v -0.7769991182509511 -0.06378523769528553 -0.05463426705277136
v -0.7769991182509511 -0.06378523769528553 -0.04751049549072417
v -0.7769991182509511 -0.06378523769528553 -0.04038672392867698
v -0.7769991182509511 -0.06378523769528553 -0.033262952366629794
v -0.7769991182509511 -0.06378523769528553 -0.026139180804582607
v -0.7769991182509511 -0.06378523769528553 -0.01901540924253542
v -0.7769991182509511 -0.06378523769528553 -0.011891637680488232
v -0.7769991182509511 -0.06378523769528553 -0.004767866118441044
v -0.7769991182509511 -0.06378523769528553 0.0023559054436061433
v -0.7769991182509511 -0.06378523769528553 0.00947967700565333
v -0.7769991182509511 -0.06378523769528553 0.01660344856770052
v -0.7769991182509511 -0.06378523769528553 0.023727220129747706
v -0.7769991182509511 -0.06378523769528553 0.030850991691794893
v -0.7769991182509511 -0.06378523769528553 0.03797476325384208
v -0.7769991182509511 -0.06378523769528553 0.04509853481588927
v -0.7769991182509511 -0.06378523769528553 0.052222306377936456
v -0.7769991182509511 -0.06378523769528553 0.059346077939983644
v -0.7769991182509511 -0.06378523769528553 0.06646984950203083
v -0.7769991182509511 -0.06378523769528553 0.07359362106407802
v -0.7769991182509511 -0.06378523769528553 0.0807173926261252
v -0.7769991182509511 -0.06378523769528553 0.0878411641881724
v -0.7769991182509511 -0.06378523769528553 0.09496493575021958
v -0.7769991182509511 -0.06378523769528553 0.10208870731226677
v -0.7769991182509511 -0.06378523769528553 0.10921247887431396
v -0.7769991182509511 -0.06378523769528553 0.11633625043636114
v -0.7769991182509511 -0.06378523769528553 0.12346002199840833
v -0.7769991182509511 -0.06378523769528553 0.13058379356045552
v -0.7769991182509511 -0.06378523769528553 0.1377075651225027
v -0.7769991182509511 -0.06378523769528553 0.1448313366845499
v -0.7769991182509511 -0.06378523769528553 0.15195510824659708
v -0.7769991182509511 -0.06378523769528553 0.15907887980864427
v -0.7769991182509511 -0.06378523769528553 0.16620265137069146
v -0.7769991182509511 -0.06378523769528553 0.17332642293273864
v -0.7769991182509511 -0.06378523769528553 0.18045019449478583
v -0.7769991182509511 -0.06378523769528553 0.18757396605683302
v -0.7769991182509511 -0.06378523769528553 0.1946977376188802
v -0.7764572650992864 0.0644426504215636 -0.1971096982937151
v -0.7764572650992864 0.0644426504215636 -0.18998592673166792
v -0.7764572650992864 0.0644426504215636 -0.18286215516962073
v -0.7764572650992864 0.0644426504215636 -0.17573838360757355
v -0.7764572650992864 0.0644426504215636 -0.16861461204552636
v -0.7764572650992864 0.0644426504215636 -0.16149084048347917
v -0.7764572650992864 0.0644426504215636 -0.15436706892143198
v -0.7764572650992864 0.0644426504215636 -0.1472432973593848
v -0.7764572650992864 0.0644426504215636 -0.1401195257973376
v -0.7764572650992864 0.0644426504215636 -0.13299575423529042
v -0.7764572650992864 0.0644426504215636 -0.12587198267324323
v -0.7764572650992864 0.0644426504215636 -0.11874821111119604
v -0.7764572650992864 0.0644426504215636 -0.11162443954914886
v -0.7764572650992864 0.0644426504215636 -0.10450066798710167
v -0.7764572650992864 0.0644426504215636 -0.09737689642505448
v -0.7764572650992864 0.0644426504215636 -0.0902531248630073
v -0.7764572650992864 0.0644426504215636 -0.08312935330096011
v -0.7764572650992864 0.0644426504215636 -0.07600558173891292
v -0.7764572650992864 0.0644426504215636 -0.06888181017686573
v -0.7764572650992864 0.0644426504215636 -0.061758038614818545
v -0.7764572650992864 0.0644426504215636 -0.05463426705277136
v -0.7764572650992864 0.0644426504215636 -0.04751049549072417
v -0.7764572650992864 0.0644426504215636 -0.04038672392867698
v -0.7764572650992864 0.0644426504215636 -0.033262952366629794
v -0.7764572650992864 0.0644426504215636 -0.026139180804582607
v -0.7764572650992864 0.0644426504215636 -0.01901540924253542
v -0.7764572650992864 0.0644426504215636 -0.011891637680488232
v -0.7764572650992864 0.0644426504215636 -0.004767866118441044
v -0.7764572650992864 0.0644426504215636 0.0023559054436061433
v -0.7764572650992864 0.0644426504215636 0.00947967700565333
v -0.7764572650992864 0.0644426504215636 0.01660344856770052
v -0.7764572650992864 0.0644426504215636 0.023727220129747706
v -0.7764572650992864 0.0644426504215636 0.030850991691794893
v -0.7764572650992864 0.0644426504215636 0.03797476325384208
v -0.7764572650992864 0.0644426504215636 0.04509853481588927
v -0.7764572650992864 0.0644426504215636 0.052222306377936456
v -0.7764572650992864 0.0644426504215636 0.059346077939983644
v -0.7764572650992864 0.0644426504215636 0.06646984950203083
v -0.7764572650992864 0.0644426504215636 0.07359362106407802
v -0.7764572650992864 0.0644426504215636 0.0807173926261252
v -0.7764572650992864 0.0644426504215636 0.0878411641881724
v -0.7764572650992864 0.0644426504215636 0.09496493575021958
v -0.7764572650992864 0.0644426504215636 0.10208870731226677
v -0.7764572650992864 0.0644426504215636 0.10921247887431396
v -0.7764572650992864 0.0644426504215636 0.11633625043636114
v -0.7764572650992864 0.0644426504215636 0.12346002199840833
v -0.7764572650992864 0.0644426504215636 0.13058379356045552
v -0.7764572650992864 0.0644426504215636 0.1377075651225027
v -0.7764572650992864 0.0644426504215636 0.1448313366845499
v -0.7764572650992864 0.0644426504215636 0.15195510824659708
v -0.7764572650992864 0.0644426504215636 0.15907887980864427
v -0.7764572650992864 0.0644426504215636 0.16620265137069146
v -0.7764572650992864 0.0644426504215636 0.17332642293273864
v -0.7764572650992864 0.0644426504215636 0.18045019449478583
v -0.7764572650992864 0.0644426504215636 0.18757396605683302
v -0.7764572650992864 0.0644426504215636 0.1946977376188802
v -0.775908889939966 -0.06506649968676037 -0.1971096982937151
v -0.775908889939966 -0.06506649968676037 -0.18998592673166792
v -0.775908889939966 -0.06506649968676037 -0.18286215516962073
v -0.775908889939966 -0.06506649968676037 -0.17573838360757355
v -0.775908889939966 -0.06506649968676037 -0.16861461204552636
v -0.775908889939966 -0.06506649968676037 -0.16149084048347917
v -0.775908889939966 -0.06506649968676037 -0.15436706892143198
v -0.775908889939966 -0.06506649968676037 -0.1472432973593848
v -0.775908889939966 -0.06506649968676037 -0.1401195257973376
v -0.775908889939966 -0.06506649968676037 -0.13299575423529042
v -0.775908889939966 -0.06506649968676037 -0.12587198267324323
v -0.775908889939966 -0.06506649968676037 -0.11874821111119604
v -0.775908889939966 -0.06506649968676037 -0.11162443954914886
v -0.775908889939966 -0.06506649968676037 -0.10450066798710167
v -0.775908889939966 -0.06506649968676037 -0.09737689642505448
v -0.775908889939966 -0.06506649968676037 -0.0902531248630073
v -0.775908889939966 -0.06506649968676037 -0.08312935330096011
v -0.775908889939966 -0.06506649968676037 -0.07600558173891292
v -0.775908889939966 -0.06506649968676037 -0.06888181017686573
v -0.775908889939966 -0.06506649968676037 -0.061758038614818545
v -0.775908889939966 -0.06506649968676037 -0.05463426705277136
v -0.775908889939966 -0.06506649968676037 -0.04751049549072417
v -0.775908889939966 -0.06506649968676037 -0.04038672392867698
v -0.775908889939966 -0.06506649968676037 -0.033262952366629794
v -0.775908889939966 -0.06506649968676037 -0.026139180804582607
v -0.775908889939966 -0.06506649968676037 -0.01901540924253542
v -0.775908889939966 -0.06506649968676037 -0.011891637680488232
v -0.775908889939966 -0.06506649968676037 -0.004767866118441044
v -0.775908889939966 -0.06506649968676037 0.0023559054436061433
v -0.775908889939966 -0.06506649968676037 0.00947967700565333
v -0.775908889939966 -0.06506649968676037 0.01660344856770052
v -0.775908889939966 -0.06506649968676037 0.023727220129747706
v -0.775908889939966 -0.06506649968676037 0.030850991691794893
v -0.775908889939966 -0.06506649968676037 0.03797476325384208
v -0.775908889939966 -0.06506649968676037 0.04509853481588927
v -0.775908889939966 -0.06506649968676037 0.052222306377936456
v -0.775908889939966 -0.06506649968676037 0.059346077939983644
v -0.775908889939966 -0.06506649968676037 0.06646984950203083
v -0.775908889939966 -0.06506649968676037 0.07359362106407802
v -0.775908889939966 -0.06506649968676037 0.0807173926261252
v -0.775908889939966 -0.06506649968676037 0.0878411641881724
v -0.775908889939966 -0.06506649968676037 0.09496493575021958
v -0.775908889939966 -0.06506649968676037 0.10208870731226677
v -0.775908889939966 -0.06506649968676037 0.10921247887431396
v -0.775908889939966 -0.06506649968676037 0.11633625043636114
v -0.775908889939966 -0.06506649968676037 0.12346002199840833
v -0.775908889939966 -0.06506649968676037 0.13058379356045552
v -0.775908889939966 -0.06506649968676037 0.1377075651225027
v -0.775908889939966 -0.06506649968676037 0.1448313366845499
v -0.775908889939966 -0.06506649968676037 0.15195510824659708
v -0.775908889939966 -0.06506649968676037 0.15907887980864427
v -0.775908889939966 -0.06506649968676037 0.16620265137069146
v -0.775908889939966 -0.06506649968676037 0.17332642293273864
v -0.775908889939966 -0.06506649968676037 0.18045019449478583
v -0.775908889939966 -0.06506649968676037 0.18757396605683302
v -0.775908889939966 -0.06506649968676037 0.1946977376188802
v -0.775908889939966 -0.06378523769528553 -0.19830089203884077
v -0.775908889939966 -0.06378523769528553 0.1969643798545171
v -0.775908889939966 -0.05666146613323836 -0.19999999986844894
v -0.775908889939966 -0.05666146613323836 0.1999932002098162
v -0.775908889939966 -0.049537694571191185 -0.19999999986844894
v -0.775908889939966 -0.049537694571191185 0.19999999396779086
v -0.775908889939966 -0.04241392300914401 -0.19999999986844894
v -0.775908889939966 -0.04241392300914401 0.19999999396779086
v -0.775908889939966 -0.03529015144709684 -0.19999999986844894
v -0.775908889939966 -0.03529015144709684 0.19999999396779086
v -0.775908889939966 -0.028166379885049664 -0.19999999986844894
v -0.775908889939966 -0.028166379885049664 0.19999999396779086
v -0.775908889939966 -0.02104260832300249 -0.19999999986844894
v -0.775908889939966 -0.02104260832300249 0.19999999396779086
v -0.775908889939966 -0.013918836760955317 -0.19999999986844894
v -0.775908889939966 -0.013918836760955317 0.19999999396779086
v -0.775908889939966 -0.006795065198908143 -0.19999999986844894
v -0.775908889939966 -0.006795065198908143 0.19999999396779086
v -0.775908889939966 0.0003287063631390308 -0.19999999986844894
v -0.775908889939966 0.0003287063631390308 0.19999999396779086
v -0.775908889939966 0.0074524779251862044 -0.19999999986844894
v -0.775908889939966 0.0074524779251862044 0.19999999396779086
v -0.775908889939966 0.014576249487233364 -0.19999999986844894
v -0.775908889939966 0.014576249487233364 0.19999999396779086
v -0.775908889939966 0.021700021049280552 -0.19999999986844894
v -0.775908889939966 0.021700021049280552 0.19999999396779086
v -0.775908889939966 0.02882379261132774 -0.19999999986844894
v -0.775908889939966 0.02882379261132774 0.19999999396779086
v -0.775908889939966 0.0359475641733749 -0.19999999986844894
v -0.775908889939966 0.0359475641733749 0.19999999396779086
v -0.775908889939966 0.04307133573542206 -0.19999999986844894
v -0.775908889939966 0.04307133573542206 0.19999999396779086
v -0.775908889939966 0.050195107297469246 -0.19999999986844894
v -0.775908889939966 0.050195107297469246 0.19999999396779086
v -0.775908889939966 0.057318878859516434 -0.19999999986844894
v -0.775908889939966 0.057318878859516434 0.19988553273343362
v -0.775908889939966 0.0644426504215636 -0.19776076874780035
v -0.775908889939966 0.0644426504215636 0.19604757580335136
v -0.775908889939966 0.06508104627092735 -0.1971096982937151
v -0.775908889939966 0.06508104627092735 -0.18998592673166792
v -0.775908889939966 0.06508104627092735 -0.18286215516962073
v -0.775908889939966 0.06508104627092735 -0.17573838360757355
v -0.775908889939966 0.06508104627092735 -0.16861461204552636
v -0.775908889939966 0.06508104627092735 -0.16149084048347917
v -0.775908889939966 0.06508104627092735 -0.15436706892143198
v -0.775908889939966 0.06508104627092735 -0.1472432973593848
v -0.775908889939966 0.06508104627092735 -0.1401195257973376
v -0.775908889939966 0.06508104627092735 -0.13299575423529042
v -0.775908889939966 0.06508104627092735 -0.12587198267324323
v -0.775908889939966 0.06508104627092735 -0.11874821111119604
v -0.775908889939966 0.06508104627092735 -0.11162443954914886
v -0.775908889939966 0.06508104627092735 -0.10450066798710167
v -0.775908889939966 0.06508104627092735 -0.09737689642505448
v -0.775908889939966 0.06508104627092735 -0.0902531248630073
v -0.775908889939966 0.06508104627092735 -0.08312935330096011
v -0.775908889939966 0.06508104627092735 -0.07600558173891292
v -0.775908889939966 0.06508104627092735 -0.06888181017686573
v -0.775908889939966 0.06508104627092735 -0.061758038614818545
v -0.775908889939966 0.06508104627092735 -0.05463426705277136
v -0.775908889939966 0.06508104627092735 -0.04751049549072417
v -0.775908889939966 0.06508104627092735 -0.04038672392867698
v -0.775908889939966 0.06508104627092735 -0.033262952366629794
v -0.775908889939966 0.06508104627092735 -0.026139180804582607
v -0.775908889939966 0.06508104627092735 -0.01901540924253542
v -0.775908889939966 0.06508104627092735 -0.011891637680488232
v -0.775908889939966 0.06508104627092735 -0.004767866118441044
v -0.775908889939966 0.06508104627092735 0.0023559054436061433
v -0.775908889939966 0.06508104627092735 0.00947967700565333
v -0.775908889939966 0.06508104627092735 0.01660344856770052
v -0.775908889939966 0.06508104627092735 0.023727220129747706
v -0.775908889939966 0.06508104627092735 0.030850991691794893
v -0.775908889939966 0.06508104627092735 0.03797476325384208
v -0.775908889939966 0.06508104627092735 0.04509853481588927
v -0.775908889939966 0.06508104627092735 0.052222306377936456
v -0.775908889939966 0.06508104627092735 0.059346077939983644
v -0.775908889939966 0.06508104627092735 0.06646984950203083
v -0.775908889939966 0.06508104627092735 0.07359362106407802
v -0.775908889939966 0.06508104627092735 0.0807173926261252
v -0.775908889939966 0.06508104627092735 0.0878411641881724
v -0.775908889939966 0.06508104627092735 0.09496493575021958
v -0.775908889939966 0.06508104627092735 0.10208870731226677
v -0.775908889939966 0.06508104627092735 0.10921247887431396
v -0.775908889939966 0.06508104627092735 0.11633625043636114
v -0.775908889939966 0.06508104627092735 0.12346002199840833
v -0.775908889939966 0.06508104627092735 0.13058379356045552
v -0.775908889939966 0.06508104627092735 0.1377075651225027
v -0.775908889939966 0.06508104627092735 0.1448313366845499
v -0.775908889939966 0.06508104627092735 0.15195510824659708
v -0.775908889939966 0.06508104627092735 0.15907887980864427
v -0.775908889939966 0.06508104627092735 0.16620265137069146
v -0.775908889939966 0.06508104627092735 0.17332642293273864
v -0.775908889939966 0.06508104627092735 0.18045019449478583
v -0.775908889939966 0.06508104627092735 0.18757396605683302
v -0.775908889939966 0.06508104627092735 0.1946977376188802
v -0.7704797975265473 -0.0709090092573327 -0.1971096982937151
v -0.7704797975265473 -0.0709090092573327 -0.18998592673166792
v -0.7704797975265473 -0.0709090092573327 -0.18286215516962073
v -0.7704797975265473 -0.0709090092573327 -0.17573838360757355
v -0.7704797975265473 -0.0709090092573327 -0.16861461204552636
v -0.7704797975265473 -0.0709090092573327 -0.16149084048347917
v -0.7704797975265473 -0.0709090092573327 -0.15436706892143198
v -0.7704797975265473 -0.0709090092573327 -0.1472432973593848
v -0.7704797975265473 -0.0709090092573327 -0.1401195257973376
v -0.7704797975265473 -0.0709090092573327 -0.13299575423529042
v -0.7704797975265473 -0.0709090092573327 -0.12587198267324323
v -0.7704797975265473 -0.0709090092573327 -0.11874821111119604
v -0.7704797975265473 -0.0709090092573327 -0.11162443954914886
v -0.7704797975265473 -0.0709090092573327 -0.10450066798710167
v -0.7704797975265473 -0.0709090092573327 -0.09737689642505448
v -0.7704797975265473 -0.0709090092573327 -0.0902531248630073
v -0.7704797975265473 -0.0709090092573327 -0.08312935330096011
v -0.7704797975265473 -0.0709090092573327 -0.07600558173891292
v -0.7704797975265473 -0.0709090092573327 -0.06888181017686573
v -0.7704797975265473 -0.0709090092573327 -0.061758038614818545
v -0.7704797975265473 -0.0709090092573327 -0.05463426705277136
v -0.7704797975265473 -0.0709090092573327 -0.04751049549072417
v -0.7704797975265473 -0.0709090092573327 -0.04038672392867698
v -0.7704797975265473 -0.0709090092573327 -0.033262952366629794
v -0.7704797975265473 -0.0709090092573327 -0.026139180804582607
v -0.7704797975265473 -0.0709090092573327 -0.01901540924253542
v -0.7704797975265473 -0.0709090092573327 -0.011891637680488232
v -0.7704797975265473 -0.0709090092573327 -0.004767866118441044
v -0.7704797975265473 -0.0709090092573327 0.0023559054436061433
v -0.7704797975265473 -0.0709090092573327 0.00947967700565333
v -0.7704797975265473 -0.0709090092573327 0.01660344856770052
v -0.7704797975265473 -0.0709090092573327 0.023727220129747706
v -0.7704797975265473 -0.0709090092573327 0.030850991691794893
v -0.7704797975265473 -0.0709090092573327 0.03797476325384208
v -0.7704797975265473 -0.0709090092573327 0.04509853481588927
v -0.7704797975265473 -0.0709090092573327 0.052222306377936456
v -0.7704797975265473 -0.0709090092573327 0.059346077939983644
v -0.7704797975265473 -0.0709090092573327 0.06646984950203083
v -0.7704797975265473 -0.0709090092573327 0.07359362106407802
v -0.7704797975265473 -0.0709090092573327 0.0807173926261252
v -0.7704797975265473 -0.0709090092573327 0.0878411641881724
v -0.7704797975265473 -0.0709090092573327 0.09496493575021958
v -0.7704797975265473 -0.0709090092573327 0.10208870731226677
v -0.7704797975265473 -0.0709090092573327 0.10921247887431396
v -0.7704797975265473 -0.0709090092573327 0.11633625043636114
v -0.7704797975265473 -0.0709090092573327 0.12346002199840833
v -0.7704797975265473 -0.0709090092573327 0.13058379356045552
v -0.7704797975265473 -0.0709090092573327 0.1377075651225027
v -0.7704797975265473 -0.0709090092573327 0.1448313366845499
v -0.7704797975265473 -0.0709090092573327 0.15195510824659708
v -0.7704797975265473 -0.0709090092573327 0.15907887980864427
v -0.7704797975265473 -0.0709090092573327 0.16620265137069146
v -0.7704797975265473 -0.0709090092573327 0.17332642293273864
v -0.7704797975265473 -0.0709090092573327 0.18045019449478583
v -0.7704797975265473 -0.0709090092573327 0.18757396605683302
v -0.7704797975265473 -0.0709090092573327 0.1946977376188802
v -0.7698220870232615 0.07156642198361075 -0.1971096982937151
v -0.7698220870232615 0.07156642198361075 -0.18998592673166792
v -0.7698220870232615 0.07156642198361075 -0.18286215516962073
v -0.7698220870232615 0.07156642198361075 -0.17573838360757355
v -0.7698220870232615 0.07156642198361075 -0.16861461204552636
v -0.7698220870232615 0.07156642198361075 -0.16149084048347917
v -0.7698220870232615 0.07156642198361075 -0.15436706892143198
v -0.7698220870232615 0.07156642198361075 -0.1472432973593848
v -0.7698220870232615 0.07156642198361075 -0.1401195257973376
v -0.7698220870232615 0.07156642198361075 -0.13299575423529042
v -0.7698220870232615 0.07156642198361075 -0.12587198267324323
v -0.7698220870232615 0.07156642198361075 -0.11874821111119604
v -0.7698220870232615 0.07156642198361075 -0.11162443954914886
v -0.7698220870232615 0.07156642198361075 -0.10450066798710167
v -0.7698220870232615 0.07156642198361075 -0.09737689642505448
v -0.7698220870232615 0.07156642198361075 -0.0902531248630073
v -0.7698220870232615 0.07156642198361075 -0.08312935330096011
v -0.7698220870232615 0.07156642198361075 -0.07600558173891292
v -0.7698220870232615 0.07156642198361075 -0.06888181017686573
v -0.7698220870232615 0.07156642198361075 -0.061758038614818545
v -0.7698220870232615 0.07156642198361075 -0.05463426705277136
v -0.7698220870232615 0.07156642198361075 -0.04751049549072417
v -0.7698220870232615 0.07156642198361075 -0.04038672392867698
v -0.7698220870232615 0.07156642198361075 -0.033262952366629794
v -0.7698220870232615 0.07156642198361075 -0.026139180804582607
v -0.7698220870232615 0.07156642198361075 -0.01901540924253542
v -0.7698220870232615 0.07156642198361075 -0.011891637680488232
v -0.7698220870232615 0.07156642198361075 -0.004767866118441044
v -0.7698220870232615 0.07156642198361075 0.0023559054436061433
v -0.7698220870232615 0.07156642198361075 0.00947967700565333
v -0.7698220870232615 0.07156642198361075 0.01660344856770052
v -0.7698220870232615 0.07156642198361075 0.023727220129747706
v -0.7698220870232615 0.07156642198361075 0.030850991691794893
v -0.7698220870232615 0.07156642198361075 0.03797476325384208
v -0.7698220870232615 0.07156642198361075 0.04509853481588927
v -0.7698220870232615 0.07156642198361075 0.052222306377936456
v -0.7698220870232615 0.07156642198361075 0.059346077939983644
v -0.7698220870232615 0.07156642198361075 0.06646984950203083
v -0.7698220870232615 0.07156642198361075 0.07359362106407802
v -0.7698220870232615 0.07156642198361075 0.0807173926261252
v -0.7698220870232615 0.07156642198361075 0.0878411641881724
v -0.7698220870232615 0.07156642198361075 0.09496493575021958
v -0.7698220870232615 0.07156642198361075 0.10208870731226677
v -0.7698220870232615 0.07156642198361075 0.10921247887431396
v -0.7698220870232615 0.07156642198361075 0.11633625043636114
v -0.7698220870232615 0.07156642198361075 0.12346002199840833
v -0.7698220870232615 0.07156642198361075 0.13058379356045552
v -0.7698220870232615 0.07156642198361075 0.1377075651225027
v -0.7698220870232615 0.07156642198361075 0.1448313366845499
v -0.7698220870232615 0.07156642198361075 0.15195510824659708
v -0.7698220870232615 0.07156642198361075 0.15907887980864427
v -0.7698220870232615 0.07156642198361075 0.16620265137069146
v -0.7698220870232615 0.07156642198361075 0.17332642293273864
v -0.7698220870232615 0.07156642198361075 0.18045019449478583
v -0.7698220870232615 0.07156642198361075 0.18757396605683302
v -0.7698220870232615 0.07156642198361075 0.1946977376188802
v -0.7687851183779189 -0.07255653632873793 -0.1971096982937151
v -0.7687851183779189 -0.07255653632873793 -0.18998592673166792
v -0.7687851183779189 -0.07255653632873793 -0.18286215516962073
v -0.7687851183779189 -0.07255653632873793 -0.17573838360757355
v -0.7687851183779189 -0.07255653632873793 -0.16861461204552636
v -0.7687851183779189 -0.07255653632873793 -0.16149084048347917
v -0.7687851183779189 -0.07255653632873793 -0.15436706892143198
v -0.7687851183779189 -0.07255653632873793 -0.1472432973593848
v -0.7687851183779189 -0.07255653632873793 -0.1401195257973376
v -0.7687851183779189 -0.07255653632873793 -0.13299575423529042
v -0.7687851183779189 -0.07255653632873793 -0.12587198267324323
v -0.7687851183779189 -0.07255653632873793 -0.11874821111119604
v -0.7687851183779189 -0.07255653632873793 -0.11162443954914886
v -0.7687851183779189 -0.07255653632873793 -0.10450066798710167
v -0.7687851183779189 -0.07255653632873793 -0.09737689642505448
v -0.7687851183779189 -0.07255653632873793 -0.0902531248630073
v -0.7687851183779189 -0.07255653632873793 -0.08312935330096011
v -0.7687851183779189 -0.07255653632873793 -0.07600558173891292
v -0.7687851183779189 -0.07255653632873793 -0.06888181017686573
v -0.7687851183779189 -0.07255653632873793 -0.061758038614818545
v -0.7687851183779189 -0.07255653632873793 -0.05463426705277136
v -0.7687851183779189 -0.07255653632873793 -0.04751049549072417
v -0.7687851183779189 -0.07255653632873793 -0.04038672392867698
v -0.7687851183779189 -0.07255653632873793 -0.033262952366629794
v -0.7687851183779189 -0.07255653632873793 -0.026139180804582607
v -0.7687851183779189 -0.07255653632873793 -0.01901540924253542
v -0.7687851183779189 -0.07255653632873793 -0.011891637680488232
v -0.7687851183779189 -0.07255653632873793 -0.004767866118441044
v -0.7687851183779189 -0.07255653632873793 0.0023559054436061433
v -0.7687851183779189 -0.07255653632873793 0.00947967700565333
v -0.7687851183779189 -0.07255653632873793 0.01660344856770052
v -0.7687851183779189 -0.07255653632873793 0.023727220129747706
v -0.7687851183779189 -0.07255653632873793 0.030850991691794893
v -0.7687851183779189 -0.07255653632873793 0.03797476325384208
v -0.7687851183779189 -0.07255653632873793 0.04509853481588927
v -0.7687851183779189 -0.07255653632873793 0.052222306377936456
v -0.7687851183779189 -0.07255653632873793 0.059346077939983644
v -0.7687851183779189 -0.07255653632873793 0.06646984950203083
v -0.7687851183779189 -0.07255653632873793 0.07359362106407802
v -0.7687851183779189 -0.07255653632873793 0.0807173926261252
v -0.7687851183779189 -0.07255653632873793 0.0878411641881724
v -0.7687851183779189 -0.07255653632873793 0.09496493575021958
v -0.7687851183779189 -0.07255653632873793 0.10208870731226677
v -0.7687851183779189 -0.07255653632873793 0.10921247887431396
v -0.7687851183779189 -0.07255653632873793 0.11633625043636114
v -0.7687851183779189 -0.07255653632873793 0.12346002199840833
v -0.7687851183779189 -0.07255653632873793 0.13058379356045552
v -0.7687851183779189 -0.07255653632873793 0.1377075651225027
v -0.7687851183779189 -0.07255653632873793 0.1448313366845499
v -0.7687851183779189 -0.07255653632873793 0.15195510824659708
v -0.7687851183779189 -0.07255653632873793 0.15907887980864427
v -0.7687851183779189 -0.07255653632873793 0.16620265137069146
v -0.7687851183779189 -0.07255653632873793 0.17332642293273864
v -0.7687851183779189 -0.07255653632873793 0.18045019449478583
v -0.7687851183779189 -0.07255653632873793 0.18757396605683302
v -0.7687851183779189 -0.07255653632873793 0.1946977376188802
v -0.7687851183779189 -0.0709090092573327 -0.19869312116331087
v -0.7687851183779189 -0.0709090092573327 0.19754100685637516
v -0.7687851183779189 -0.06378523769528553 -0.19999999986844894
v -0.7687851183779189 -0.06378523769528553 0.19999999396779086
v -0.7687851183779189 -0.05666146613323836 -0.19999999986844894
v -0.7687851183779189 -0.05666146613323836 0.19999999396779086
v -0.7687851183779189 -0.049537694571191185 -0.19999999986844894
v -0.7687851183779189 -0.049537694571191185 0.19999999396779086
v -0.7687851183779189 -0.04241392300914401 -0.19999999986844894
v -0.7687851183779189 -0.04241392300914401 0.19999999396779086
v -0.7687851183779189 -0.03529015144709684 -0.19999999986844894
v -0.7687851183779189 -0.03529015144709684 0.19999999396779086
v -0.7687851183779189 -0.028166379885049664 -0.19999999986844894
v -0.7687851183779189 -0.028166379885049664 0.19999999396779086
v -0.7687851183779189 -0.02104260832300249 -0.19999999986844894
v -0.7687851183779189 -0.02104260832300249 0.19999999396779086
v -0.7687851183779189 -0.013918836760955317 -0.19999999986844894
v -0.7687851183779189 -0.013918836760955317 0.19999999396779086
v -0.7687851183779189 -0.006795065198908143 -0.19999999986844894
v -0.7687851183779189 -0.006795065198908143 0.19999999396779086
v -0.7687851183779189 0.0003287063631390308 -0.19999999986844894
v -0.7687851183779189 0.0003287063631390308 0.19999999396779086
v -0.7687851183779189 0.0074524779251862044 -0.19999999986844894
v -0.7687851183779189 0.0074524779251862044 0.19999999396779086
v -0.7687851183779189 0.014576249487233364 -0.19999999986844894
v -0.7687851183779189 0.014576249487233364 0.19999999396779086
v -0.7687851183779189 0.021700021049280552 -0.19999999986844894
v -0.7687851183779189 0.021700021049280552 0.19999999396779086
v -0.7687851183779189 0.02882379261132774 -0.19999999986844894
v -0.7687851183779189 0.02882379261132774 0.19999999396779086
v -0.7687851183779189 0.0359475641733749 -0.19999999986844894
v -0.7687851183779189 0.0359475641733749 0.19999999396779086
v -0.7687851183779189 0.04307133573542206 -0.19999999986844894
v -0.7687851183779189 0.04307133573542206 0.19999999396779086
v -0.7687851183779189 0.050195107297469246 -0.19999999986844894
v -0.7687851183779189 0.050195107297469246 0.19999999396779086
v -0.7687851183779189 0.057318878859516434 -0.19999999986844894
v -0.7687851183779189 0.057318878859516434 0.19999999396779086
v -0.7687851183779189 0.0644426504215636 -0.19999999986844894
v -0.7687851183779189 0.0644426504215636 0.19999999396779086
v -0.7687851183779189 0.07156642198361075 -0.19816596800546382
v -0.7687851183779189 0.07156642198361075 0.19674977862761323
v -0.7687851183779189 0.0725659332443601 -0.1971096982937151
v -0.7687851183779189 0.0725659332443601 -0.18998592673166792
v -0.7687851183779189 0.0725659332443601 -0.18286215516962073
v -0.7687851183779189 0.0725659332443601 -0.17573838360757355
v -0.7687851183779189 0.0725659332443601 -0.16861461204552636
v -0.7687851183779189 0.0725659332443601 -0.16149084048347917
v -0.7687851183779189 0.0725659332443601 -0.15436706892143198
v -0.7687851183779189 0.0725659332443601 -0.1472432973593848
v -0.7687851183779189 0.0725659332443601 -0.1401195257973376
v -0.7687851183779189 0.0725659332443601 -0.13299575423529042
v -0.7687851183779189 0.0725659332443601 -0.12587198267324323
v -0.7687851183779189 0.0725659332443601 -0.11874821111119604
v -0.7687851183779189 0.0725659332443601 -0.11162443954914886
v -0.7687851183779189 0.0725659332443601 -0.10450066798710167
v -0.7687851183779189 0.0725659332443601 -0.09737689642505448
v -0.7687851183779189 0.0725659332443601 -0.0902531248630073
v -0.7687851183779189 0.0725659332443601 -0.08312935330096011
v -0.7687851183779189 0.0725659332443601 -0.07600558173891292
v -0.7687851183779189 0.0725659332443601 -0.06888181017686573
v -0.7687851183779189 0.0725659332443601 -0.061758038614818545
v -0.7687851183779189 0.0725659332443601 -0.05463426705277136
v -0.7687851183779189 0.0725659332443601 -0.04751049549072417
v -0.7687851183779189 0.0725659332443601 -0.04038672392867698
v -0.7687851183779189 0.0725659332443601 -0.033262952366629794
v -0.7687851183779189 0.0725659332443601 -0.026139180804582607
v -0.7687851183779189 0.0725659332443601 -0.01901540924253542
v -0.7687851183779189 0.0725659332443601 -0.011891637680488232
v -0.7687851183779189 0.0725659332443601 -0.004767866118441044
v -0.7687851183779189 0.0725659332443601 0.0023559054436061433
v -0.7687851183779189 0.0725659332443601 0.00947967700565333
v -0.7687851183779189 0.0725659332443601 0.01660344856770052
v -0.7687851183779189 0.0725659332443601 0.023727220129747706
v -0.7687851183779189 0.0725659332443601 0.030850991691794893
v -0.7687851183779189 0.0725659332443601 0.03797476325384208
v -0.7687851183779189 0.0725659332443601 0.04509853481588927
v -0.7687851183779189 0.0725659332443601 0.052222306377936456
v -0.7687851183779189 0.0725659332443601 0.059346077939983644
v -0.7687851183779189 0.0725659332443601 0.06646984950203083
v -0.7687851183779189 0.0725659332443601 0.07359362106407802
v -0.7687851183779189 0.0725659332443601 0.0807173926261252
v -0.7687851183779189 0.0725659332443601 0.0878411641881724
v -0.7687851183779189 0.0725659332443601 0.09496493575021958
v -0.7687851183779189 0.0725659332443601 0.10208870731226677
v -0.7687851183779189 0.0725659332443601 0.10921247887431396
v -0.7687851183779189 0.0725659332443601 0.11633625043636114
v -0.7687851183779189 0.0725659332443601 0.12346002199840833
v -0.7687851183779189 0.0725659332443601 0.13058379356045552
v -0.7687851183779189 0.0725659332443601 0.1377075651225027
v -0.7687851183779189 0.0725659332443601 0.1448313366845499
v -0.7687851183779189 0.0725659332443601 0.15195510824659708
v -0.7687851183779189 0.0725659332443601 0.15907887980864427
v -0.7687851183779189 0.0725659332443601 0.16620265137069146
v -0.7687851183779189 0.0725659332443601 0.17332642293273864
v -0.7687851183779189 0.0725659332443601 0.18045019449478583
v -0.7687851183779189 0.0725659332443601 0.18757396605683302
v -0.7687851183779189 0.0725659332443601 0.1946977376188802
v -0.7625119355049373 -0.07803278081937988 -0.1971096982937151
v -0.7625119355049373 -0.07803278081937988 -0.18998592673166792
v -0.7625119355049373 -0.07803278081937988 -0.18286215516962073
v -0.7625119355049373 -0.07803278081937988 -0.17573838360757355
v -0.7625119355049373 -0.07803278081937988 -0.16861461204552636
v -0.7625119355049373 -0.07803278081937988 -0.16149084048347917
v -0.7625119355049373 -0.07803278081937988 -0.15436706892143198
v -0.7625119355049373 -0.07803278081937988 -0.1472432973593848
v -0.7625119355049373 -0.07803278081937988 -0.1401195257973376
v -0.7625119355049373 -0.07803278081937988 -0.13299575423529042
v -0.7625119355049373 -0.07803278081937988 -0.12587198267324323
v -0.7625119355049373 -0.07803278081937988 -0.11874821111119604
v -0.7625119355049373 -0.07803278081937988 -0.11162443954914886
v -0.7625119355049373 -0.07803278081937988 -0.10450066798710167
v -0.7625119355049373 -0.07803278081937988 -0.09737689642505448
v -0.7625119355049373 -0.07803278081937988 -0.0902531248630073
v -0.7625119355049373 -0.07803278081937988 -0.08312935330096011
v -0.7625119355049373 -0.07803278081937988 -0.07600558173891292
v -0.7625119355049373 -0.07803278081937988 -0.06888181017686573
v -0.7625119355049373 -0.07803278081937988 -0.061758038614818545
v -0.7625119355049373 -0.07803278081937988 -0.05463426705277136
v -0.7625119355049373 -0.07803278081937988 -0.04751049549072417
v -0.7625119355049373 -0.07803278081937988 -0.04038672392867698
v -0.7625119355049373 -0.07803278081937988 -0.033262952366629794
v -0.7625119355049373 -0.07803278081937988 -0.026139180804582607
v -0.7625119355049373 -0.07803278081937988 -0.01901540924253542
v -0.7625119355049373 -0.07803278081937988 -0.011891637680488232
v -0.7625119355049373 -0.07803278081937988 -0.004767866118441044
v -0.7625119355049373 -0.07803278081937988 0.0023559054436061433
v -0.7625119355049373 -0.07803278081937988 0.00947967700565333
v -0.7625119355049373 -0.07803278081937988 0.01660344856770052
v -0.7625119355049373 -0.07803278081937988 0.023727220129747706
v -0.7625119355049373 -0.07803278081937988 0.030850991691794893
v -0.7625119355049373 -0.07803278081937988 0.03797476325384208
v -0.7625119355049373 -0.07803278081937988 0.04509853481588927
v -0.7625119355049373 -0.07803278081937988 0.052222306377936456
v -0.7625119355049373 -0.07803278081937988 0.059346077939983644
v -0.7625119355049373 -0.07803278081937988 0.06646984950203083
v -0.7625119355049373 -0.07803278081937988 0.07359362106407802
v -0.7625119355049373 -0.07803278081937988 0.0807173926261252
v -0.7625119355049373 -0.07803278081937988 0.0878411641881724
v -0.7625119355049373 -0.07803278081937988 0.09496493575021958
v -0.7625119355049373 -0.07803278081937988 0.10208870731226677
v -0.7625119355049373 -0.07803278081937988 0.10921247887431396
v -0.7625119355049373 -0.07803278081937988 0.11633625043636114
v -0.7625119355049373 -0.07803278081937988 0.12346002199840833
v -0.7625119355049373 -0.07803278081937988 0.13058379356045552
v -0.7625119355049373 -0.07803278081937988 0.1377075651225027
v -0.7625119355049373 -0.07803278081937988 0.1448313366845499
v -0.7625119355049373 -0.07803278081937988 0.15195510824659708
v -0.7625119355049373 -0.07803278081937988 0.15907887980864427
v -0.7625119355049373 -0.07803278081937988 0.16620265137069146
v -0.7625119355049373 -0.07803278081937988 0.17332642293273864
v -0.7625119355049373 -0.07803278081937988 0.18045019449478583
v -0.7625119355049373 -0.07803278081937988 0.18757396605683302
v -0.7625119355049373 -0.07803278081937988 0.1946977376188802
v -0.7617062773342372 0.07869019354565794 -0.1971096982937151
v -0.7617062773342372 0.07869019354565794 -0.18998592673166792
v -0.7617062773342372 0.07869019354565794 -0.18286215516962073
v -0.7617062773342372 0.07869019354565794 -0.17573838360757355
v -0.7617062773342372 0.07869019354565794 -0.16861461204552636
v -0.7617062773342372 0.07869019354565794 -0.16149084048347917
v -0.7617062773342372 0.07869019354565794 -0.15436706892143198
v -0.7617062773342372 0.07869019354565794 -0.1472432973593848
v -0.7617062773342372 0.07869019354565794 -0.1401195257973376
v -0.7617062773342372 0.07869019354565794 -0.13299575423529042
v -0.7617062773342372 0.07869019354565794 -0.12587198267324323
v -0.7617062773342372 0.07869019354565794 -0.11874821111119604
v -0.7617062773342372 0.07869019354565794 -0.11162443954914886
v -0.7617062773342372 0.07869019354565794 -0.10450066798710167
v -0.7617062773342372 0.07869019354565794 -0.09737689642505448
v -0.7617062773342372 0.07869019354565794 -0.0902531248630073
v -0.7617062773342372 0.07869019354565794 -0.08312935330096011
v -0.7617062773342372 0.07869019354565794 -0.07600558173891292
v -0.7617062773342372 0.07869019354565794 -0.06888181017686573
v -0.7617062773342372 0.07869019354565794 -0.061758038614818545
v -0.7617062773342372 0.07869019354565794 -0.05463426705277136
v -0.7617062773342372 0.07869019354565794 -0.04751049549072417
v -0.7617062773342372 0.07869019354565794 -0.04038672392867698
v -0.7617062773342372 0.07869019354565794 -0.033262952366629794
v -0.7617062773342372 0.07869019354565794 -0.026139180804582607
v -0.7617062773342372 0.07869019354565794 -0.01901540924253542
v -0.7617062773342372 0.07869019354565794 -0.011891637680488232
v -0.7617062773342372 0.07869019354565794 -0.004767866118441044
v -0.7617062773342372 0.07869019354565794 0.0023559054436061433
v -0.7617062773342372 0.07869019354565794 0.00947967700565333
v -0.7617062773342372 0.07869019354565794 0.01660344856770052
v -0.7617062773342372 0.07869019354565794 0.023727220129747706
v -0.7617062773342372 0.07869019354565794 0.030850991691794893
v -0.7617062773342372 0.07869019354565794 0.03797476325384208
v -0.7617062773342372 0.07869019354565794 0.04509853481588927
v -0.7617062773342372 0.07869019354565794 0.052222306377936456
v -0.7617062773342372 0.07869019354565794 0.059346077939983644
v -0.7617062773342372 0.07869019354565794 0.06646984950203083
v -0.7617062773342372 0.07869019354565794 0.07359362106407802
v -0.7617062773342372 0.07869019354565794 0.0807173926261252
v -0.7617062773342372 0.07869019354565794 0.0878411641881724
v -0.7617062773342372 0.07869019354565794 0.09496493575021958
v -0.7617062773342372 0.07869019354565794 0.10208870731226677
v -0.7617062773342372 0.07869019354565794 0.10921247887431396
v -0.7617062773342372 0.07869019354565794 0.11633625043636114
v -0.7617062773342372 0.07869019354565794 0.12346002199840833
v -0.7617062773342372 0.07869019354565794 0.13058379356045552
v -0.7617062773342372 0.07869019354565794 0.1377075651225027
v -0.7617062773342372 0.07869019354565794 0.1448313366845499
v -0.7617062773342372 0.07869019354565794 0.15195510824659708
v -0.7617062773342372 0.07869019354565794 0.15907887980864427
v -0.7617062773342372 0.07869019354565794 0.16620265137069146
v -0.7617062773342372 0.07869019354565794 0.17332642293273864
v -0.7617062773342372 0.07869019354565794 0.18045019449478583
v -0.7617062773342372 0.07869019354565794 0.18757396605683302
v -0.7617062773342372 0.07869019354565794 0.1946977376188802
v -0.7616613468158717 -0.0787164332874919 -0.1971096982937151
v -0.7616613468158717 -0.0787164332874919 -0.18998592673166792
v -0.7616613468158717 -0.0787164332874919 -0.18286215516962073
v -0.7616613468158717 -0.0787164332874919 -0.17573838360757355
v -0.7616613468158717 -0.0787164332874919 -0.16861461204552636
v -0.7616613468158717 -0.0787164332874919 -0.16149084048347917
v -0.7616613468158717 -0.0787164332874919 -0.15436706892143198
v -0.7616613468158717 -0.0787164332874919 -0.1472432973593848
v -0.7616613468158717 -0.0787164332874919 -0.1401195257973376
v -0.7616613468158717 -0.0787164332874919 -0.13299575423529042
v -0.7616613468158717 -0.0787164332874919 -0.12587198267324323
v -0.7616613468158717 -0.0787164332874919 -0.11874821111119604
v -0.7616613468158717 -0.0787164332874919 -0.11162443954914886
v -0.7616613468158717 -0.0787164332874919 -0.10450066798710167
v -0.7616613468158717 -0.0787164332874919 -0.09737689642505448
v -0.7616613468158717 -0.0787164332874919 -0.0902531248630073
v -0.7616613468158717 -0.0787164332874919 -0.08312935330096011
v -0.7616613468158717 -0.0787164332874919 -0.07600558173891292
v -0.7616613468158717 -0.0787164332874919 -0.06888181017686573
v -0.7616613468158717 -0.0787164332874919 -0.061758038614818545
v -0.7616613468158717 -0.0787164332874919 -0.05463426705277136
v -0.7616613468158717 -0.0787164332874919 -0.04751049549072417
v -0.7616613468158717 -0.0787164332874919 -0.04038672392867698
v -0.7616613468158717 -0.0787164332874919 -0.033262952366629794
v -0.7616613468158717 -0.0787164332874919 -0.026139180804582607
v -0.7616613468158717 -0.0787164332874919 -0.01901540924253542
v -0.7616613468158717 -0.0787164332874919 -0.011891637680488232
v -0.7616613468158717 -0.0787164332874919 -0.004767866118441044
v -0.7616613468158717 -0.0787164332874919 0.0023559054436061433
v -0.7616613468158717 -0.0787164332874919 0.00947967700565333
v -0.7616613468158717 -0.0787164332874919 0.01660344856770052
v -0.7616613468158717 -0.0787164332874919 0.023727220129747706
v -0.7616613468158717 -0.0787164332874919 0.030850991691794893
v -0.7616613468158717 -0.0787164332874919 0.03797476325384208
v -0.7616613468158717 -0.0787164332874919 0.04509853481588927
v -0.7616613468158717 -0.0787164332874919 0.052222306377936456
v -0.7616613468158717 -0.0787164332874919 0.059346077939983644
v -0.7616613468158717 -0.0787164332874919 0.06646984950203083
v -0.7616613468158717 -0.0787164332874919 0.07359362106407802
v -0.7616613468158717 -0.0787164332874919 0.0807173926261252
v -0.7616613468158717 -0.0787164332874919 0.0878411641881724
v -0.7616613468158717 -0.0787164332874919 0.09496493575021958
v -0.7616613468158717 -0.0787164332874919 0.10208870731226677
v -0.7616613468158717 -0.0787164332874919 0.10921247887431396
v -0.7616613468158717 -0.0787164332874919 0.11633625043636114
v -0.7616613468158717 -0.0787164332874919 0.12346002199840833
v -0.7616613468158717 -0.0787164332874919 0.13058379356045552
v -0.7616613468158717 -0.0787164332874919 0.1377075651225027
v -0.7616613468158717 -0.0787164332874919 0.1448313366845499
v -0.7616613468158717 -0.0787164332874919 0.15195510824659708
v -0.7616613468158717 -0.0787164332874919 0.15907887980864427
v -0.7616613468158717 -0.0787164332874919 0.16620265137069146
v -0.7616613468158717 -0.0787164332874919 0.17332642293273864
v -0.7616613468158717 -0.0787164332874919 0.18045019449478583
v -0.7616613468158717 -0.0787164332874919 0.18757396605683302
v -0.7616613468158717 -0.0787164332874919 0.1946977376188802
v -0.7616613468158717 -0.07803278081937988 -0.19792258926899903
v -0.7616613468158717 -0.07803278081937988 0.19633902802046468
v -0.7616613468158717 -0.0709090092573327 -0.19999999986844894
v -0.7616613468158717 -0.0709090092573327 0.19999999396779086
v -0.7616613468158717 -0.06378523769528553 -0.19999999986844894
v -0.7616613468158717 -0.06378523769528553 0.19999999396779086
v -0.7616613468158717 -0.05666146613323836 -0.19999999986844894
v -0.7616613468158717 -0.05666146613323836 0.19999999396779086
v -0.7616613468158717 -0.049537694571191185 -0.19999999986844894
v -0.7616613468158717 -0.049537694571191185 0.19999999396779086
v -0.7616613468158717 -0.04241392300914401 -0.19999999986844894
v -0.7616613468158717 -0.04241392300914401 0.19999999396779086
v -0.7616613468158717 -0.03529015144709684 -0.19999999986844894
v -0.7616613468158717 -0.03529015144709684 0.19999999396779086
v -0.7616613468158717 -0.028166379885049664 -0.19999999986844894
v -0.7616613468158717 -0.028166379885049664 0.19999999396779086
v -0.7616613468158717 -0.02104260832300249 -0.19999999986844894
v -0.7616613468158717 -0.02104260832300249 0.19999999396779086
v -0.7616613468158717 -0.013918836760955317 -0.19999999986844894
v -0.7616613468158717 -0.013918836760955317 0.19999999396779086
v -0.7616613468158717 -0.006795065198908143 -0.19999999986844894
v -0.7616613468158717 -0.006795065198908143 0.19999999396779086
v -0.7616613468158717 0.0003287063631390308 -0.19999999986844894
v -0.7616613468158717 0.0003287063631390308 0.19999999396779086
v -0.7616613468158717 0.0074524779251862044 -0.19999999986844894
v -0.7616613468158717 0.0074524779251862044 0.19999999396779086
v -0.7616613468158717 0.014576249487233364 -0.19999999986844894
v -0.7616613468158717 0.014576249487233364 0.19999999396779086
v -0.7616613468158717 0.021700021049280552 -0.19999999986844894
v -0.7616613468158717 0.021700021049280552 0.19999999396779086
v -0.7616613468158717 0.02882379261132774 -0.19999999986844894
v -0.7616613468158717 0.02882379261132774 0.19999999396779086
v -0.7616613468158717 0.0359475641733749 -0.19999999986844894
v -0.7616613468158717 0.0359475641733749 0.19999999396779086
v -0.7616613468158717 0.04307133573542206 -0.19999999986844894
v -0.7616613468158717 0.04307133573542206 0.19999999396779086
v -0.7616613468158717 0.050195107297469246 -0.19999999986844894
v -0.7616613468158717 0.050195107297469246 0.19999999396779086
v -0.7616613468158717 0.057318878859516434 -0.19999999986844894
v -0.7616613468158717 0.057318878859516434 0.19999999396779086
v -0.7616613468158717 0.0644426504215636 -0.19999999986844894
v -0.7616613468158717 0.0644426504215636 0.19999999396779086
v -0.7616613468158717 0.07156642198361075 -0.19999999986844894
v -0.7616613468158717 0.07156642198361075 0.19999999396779086
v -0.7616613468158717 0.07869019354565794 -0.19715760532729323
v -0.7616613468158717 0.07869019354565794 0.19480809542342073
v -0.7616613468158717 0.07872602382521636 -0.1971096982937151
v -0.7616613468158717 0.07872602382521636 -0.18998592673166792
v -0.7616613468158717 0.07872602382521636 -0.18286215516962073
v -0.7616613468158717 0.07872602382521636 -0.17573838360757355
v -0.7616613468158717 0.07872602382521636 -0.16861461204552636
v -0.7616613468158717 0.07872602382521636 -0.16149084048347917
v -0.7616613468158717 0.07872602382521636 -0.15436706892143198
v -0.7616613468158717 0.07872602382521636 -0.1472432973593848
v -0.7616613468158717 0.07872602382521636 -0.1401195257973376
v -0.7616613468158717 0.07872602382521636 -0.13299575423529042
v -0.7616613468158717 0.07872602382521636 -0.12587198267324323
v -0.7616613468158717 0.07872602382521636 -0.11874821111119604
v -0.7616613468158717 0.07872602382521636 -0.11162443954914886
v -0.7616613468158717 0.07872602382521636 -0.10450066798710167
v -0.7616613468158717 0.07872602382521636 -0.09737689642505448
v -0.7616613468158717 0.07872602382521636 -0.0902531248630073
v -0.7616613468158717 0.07872602382521636 -0.08312935330096011
v -0.7616613468158717 0.07872602382521636 -0.07600558173891292
v -0.7616613468158717 0.07872602382521636 -0.06888181017686573
v -0.7616613468158717 0.07872602382521636 -0.061758038614818545
v -0.7616613468158717 0.07872602382521636 -0.05463426705277136
v -0.7616613468158717 0.07872602382521636 -0.04751049549072417
v -0.7616613468158717 0.07872602382521636 -0.04038672392867698
v -0.7616613468158717 0.07872602382521636 -0.033262952366629794
v -0.7616613468158717 0.07872602382521636 -0.026139180804582607
v -0.7616613468158717 0.07872602382521636 -0.01901540924253542
v -0.7616613468158717 0.07872602382521636 -0.011891637680488232
v -0.7616613468158717 0.07872602382521636 -0.004767866118441044
v -0.7616613468158717 0.07872602382521636 0.0023559054436061433
v -0.7616613468158717 0.07872602382521636 0.00947967700565333
v -0.7616613468158717 0.07872602382521636 0.01660344856770052
v -0.7616613468158717 0.07872602382521636 0.023727220129747706
v -0.7616613468158717 0.07872602382521636 0.030850991691794893
v -0.7616613468158717 0.07872602382521636 0.03797476325384208
v -0.7616613468158717 0.07872602382521636 0.04509853481588927
v -0.7616613468158717 0.07872602382521636 0.052222306377936456
v -0.7616613468158717 0.07872602382521636 0.059346077939983644
v -0.7616613468158717 0.07872602382521636 0.06646984950203083
v -0.7616613468158717 0.07872602382521636 0.07359362106407802
v -0.7616613468158717 0.07872602382521636 0.0807173926261252
v -0.7616613468158717 0.07872602382521636 0.0878411641881724
v -0.7616613468158717 0.07872602382521636 0.09496493575021958
v -0.7616613468158717 0.07872602382521636 0.10208870731226677
v -0.7616613468158717 0.07872602382521636 0.10921247887431396
v -0.7616613468158717 0.07872602382521636 0.11633625043636114
v -0.7616613468158717 0.07872602382521636 0.12346002199840833
v -0.7616613468158717 0.07872602382521636 0.13058379356045552
v -0.7616613468158717 0.07872602382521636 0.1377075651225027
v -0.7616613468158717 0.07872602382521636 0.1448313366845499
v -0.7616613468158717 0.07872602382521636 0.15195510824659708
v -0.7616613468158717 0.07872602382521636 0.15907887980864427
v -0.7616613468158717 0.07872602382521636 0.16620265137069146
v -0.7616613468158717 0.07872602382521636 0.17332642293273864
v -0.7616613468158717 0.07872602382521636 0.18045019449478583
v -0.7616613468158717 0.07872602382521636 0.18757396605683302
v -0.7616613468158717 0.07872602382521636 0.1946977376188802
v -0.7545375752538246 -0.08380478137281211 -0.18998592673166792
v -0.7545375752538246 -0.08380478137281211 -0.18286215516962073
v -0.7545375752538246 -0.08380478137281211 -0.17573838360757355
v -0.7545375752538246 -0.08380478137281211 -0.16861461204552636
v -0.7545375752538246 -0.08380478137281211 -0.16149084048347917
v -0.7545375752538246 -0.08380478137281211 -0.15436706892143198
v -0.7545375752538246 -0.08380478137281211 -0.1472432973593848
v -0.7545375752538246 -0.08380478137281211 -0.1401195257973376
v -0.7545375752538246 -0.08380478137281211 -0.13299575423529042
v -0.7545375752538246 -0.08380478137281211 -0.12587198267324323
v -0.7545375752538246 -0.08380478137281211 -0.11874821111119604
v -0.7545375752538246 -0.08380478137281211 -0.11162443954914886
v -0.7545375752538246 -0.08380478137281211 -0.10450066798710167
v -0.7545375752538246 -0.08380478137281211 -0.09737689642505448
v -0.7545375752538246 -0.08380478137281211 -0.0902531248630073
v -0.7545375752538246 -0.08380478137281211 -0.08312935330096011
v -0.7545375752538246 -0.08380478137281211 -0.07600558173891292
v -0.7545375752538246 -0.08380478137281211 -0.06888181017686573
v -0.7545375752538246 -0.08380478137281211 -0.061758038614818545
v -0.7545375752538246 -0.08380478137281211 -0.05463426705277136
v -0.7545375752538246 -0.08380478137281211 -0.04751049549072417
v -0.7545375752538246 -0.08380478137281211 -0.04038672392867698
v -0.7545375752538246 -0.08380478137281211 -0.033262952366629794
v -0.7545375752538246 -0.08380478137281211 -0.026139180804582607
v -0.7545375752538246 -0.08380478137281211 -0.01901540924253542
v -0.7545375752538246 -0.08380478137281211 -0.011891637680488232
v -0.7545375752538246 -0.08380478137281211 -0.004767866118441044
v -0.7545375752538246 -0.08380478137281211 0.0023559054436061433
v -0.7545375752538246 -0.08380478137281211 0.00947967700565333
v -0.7545375752538246 -0.08380478137281211 0.01660344856770052
v -0.7545375752538246 -0.08380478137281211 0.023727220129747706
v -0.7545375752538246 -0.08380478137281211 0.030850991691794893
v -0.7545375752538246 -0.08380478137281211 0.03797476325384208
v -0.7545375752538246 -0.08380478137281211 0.04509853481588927
v -0.7545375752538246 -0.08380478137281211 0.052222306377936456
v -0.7545375752538246 -0.08380478137281211 0.059346077939983644
v -0.7545375752538246 -0.08380478137281211 0.06646984950203083
v -0.7545375752538246 -0.08380478137281211 0.07359362106407802
v -0.7545375752538246 -0.08380478137281211 0.0807173926261252
v -0.7545375752538246 -0.08380478137281211 0.0878411641881724
v -0.7545375752538246 -0.08380478137281211 0.09496493575021958
v -0.7545375752538246 -0.08380478137281211 0.10208870731226677
v -0.7545375752538246 -0.08380478137281211 0.10921247887431396
v -0.7545375752538246 -0.08380478137281211 0.11633625043636114
v -0.7545375752538246 -0.08380478137281211 0.12346002199840833
v -0.7545375752538246 -0.08380478137281211 0.13058379356045552
v -0.7545375752538246 -0.08380478137281211 0.1377075651225027
v -0.7545375752538246 -0.08380478137281211 0.1448313366845499
v -0.7545375752538246 -0.08380478137281211 0.15195510824659708
v -0.7545375752538246 -0.08380478137281211 0.15907887980864427
v -0.7545375752538246 -0.08380478137281211 0.16620265137069146
v -0.7545375752538246 -0.08380478137281211 0.17332642293273864
v -0.7545375752538246 -0.08380478137281211 0.18045019449478583
v -0.7545375752538246 -0.08380478137281211 0.18757396605683302
v -0.7545375752538246 -0.08380478137281211 0.1946977376188802
v -0.7545375752538246 -0.08316239758751721 -0.1971096982937151
v -0.7545375752538246 -0.07803278081937988 -0.19999999986844894
v -0.7545375752538246 -0.07803278081937988 0.19986117031733647
v -0.7545375752538246 -0.0709090092573327 -0.19999999986844894
v -0.7545375752538246 -0.0709090092573327 0.19999999396779086
v -0.7545375752538246 -0.06378523769528553 -0.19999999986844894
v -0.7545375752538246 -0.06378523769528553 0.19999999396779086
v -0.7545375752538246 -0.05666146613323836 -0.19999999986844894
v -0.7545375752538246 -0.05666146613323836 0.19999999396779086
v -0.7545375752538246 -0.049537694571191185 -0.19999999986844894
v -0.7545375752538246 -0.049537694571191185 0.19999999396779086
v -0.7545375752538246 -0.04241392300914401 -0.19999999986844894
v -0.7545375752538246 -0.04241392300914401 0.19999999396779086
v -0.7545375752538246 -0.03529015144709684 -0.19999999986844894
v -0.7545375752538246 -0.03529015144709684 0.19999999396779086
v -0.7545375752538246 -0.028166379885049664 -0.19999999986844894
v -0.7545375752538246 -0.028166379885049664 0.19999999396779086
v -0.7545375752538246 -0.02104260832300249 -0.19999999986844894
v -0.7545375752538246 -0.02104260832300249 0.19999999396779086
v -0.7545375752538246 -0.013918836760955317 -0.19999999986844894
v -0.7545375752538246 -0.013918836760955317 0.19999999396779086
v -0.7545375752538246 -0.006795065198908143 -0.19999999986844894
v -0.7545375752538246 -0.006795065198908143 0.19999999396779086
v -0.7545375752538246 0.0003287063631390308 -0.19999999986844894
v -0.7545375752538246 0.0003287063631390308 0.19999999396779086
v -0.7545375752538246 0.0074524779251862044 -0.19999999986844894
v -0.7545375752538246 0.0074524779251862044 0.19999999396779086
v -0.7545375752538246 0.014576249487233364 -0.19999999986844894
v -0.7545375752538246 0.014576249487233364 0.19999999396779086
v -0.7545375752538246 0.021700021049280552 -0.19999999986844894
v -0.7545375752538246 0.021700021049280552 0.19999999396779086
v -0.7545375752538246 0.02882379261132774 -0.19999999986844894
v -0.7545375752538246 0.02882379261132774 0.19999999396779086
v -0.7545375752538246 0.0359475641733749 -0.19999999986844894
v -0.7545375752538246 0.0359475641733749 0.19999999396779086
v -0.7545375752538246 0.04307133573542206 -0.19999999986844894
v -0.7545375752538246 0.04307133573542206 0.19999999396779086
v -0.7545375752538246 0.050195107297469246 -0.19999999986844894
v -0.7545375752538246 0.050195107297469246 0.19999999396779086
v -0.7545375752538246 0.057318878859516434 -0.19999999986844894
v -0.7545375752538246 0.057318878859516434 0.19999999396779086
v -0.7545375752538246 0.0644426504215636 -0.19999999986844894
v -0.7545375752538246 0.0644426504215636 0.19999999396779086
v -0.7545375752538246 0.07156642198361075 -0.19999999986844894
v -0.7545375752538246 0.07156642198361075 0.19999999396779086
v -0.7545375752538246 0.07869019354565794 -0.19999999986844894
v -0.7545375752538246 0.07869019354565794 0.19968719576312113
v -0.7545375752538246 0.0831974579238887 -0.1971096982937151
v -0.7545375752538246 0.08380040394414064 -0.18998592673166792
v -0.7545375752538246 0.08380040394414064 -0.18286215516962073
v -0.7545375752538246 0.08380040394414064 -0.17573838360757355
v -0.7545375752538246 0.08380040394414064 -0.16861461204552636
v -0.7545375752538246 0.08380040394414064 -0.16149084048347917
v -0.7545375752538246 0.08380040394414064 -0.15436706892143198
v -0.7545375752538246 0.08380040394414064 -0.1472432973593848
v -0.7545375752538246 0.08380040394414064 -0.1401195257973376
v -0.7545375752538246 0.08380040394414064 -0.13299575423529042
v -0.7545375752538246 0.08380040394414064 -0.12587198267324323
v -0.7545375752538246 0.08380040394414064 -0.11874821111119604
v -0.7545375752538246 0.08380040394414064 -0.11162443954914886
v -0.7545375752538246 0.08380040394414064 -0.10450066798710167
v -0.7545375752538246 0.08380040394414064 -0.09737689642505448
v -0.7545375752538246 0.08380040394414064 -0.0902531248630073
v -0.7545375752538246 0.08380040394414064 -0.08312935330096011
v -0.7545375752538246 0.08380040394414064 -0.07600558173891292
v -0.7545375752538246 0.08380040394414064 -0.06888181017686573
v -0.7545375752538246 0.08380040394414064 -0.061758038614818545
v -0.7545375752538246 0.08380040394414064 -0.05463426705277136
v -0.7545375752538246 0.08380040394414064 -0.04751049549072417
v -0.7545375752538246 0.08380040394414064 -0.04038672392867698
v -0.7545375752538246 0.08380040394414064 -0.033262952366629794
v -0.7545375752538246 0.08380040394414064 -0.026139180804582607
v -0.7545375752538246 0.08380040394414064 -0.01901540924253542
v -0.7545375752538246 0.08380040394414064 -0.011891637680488232
v -0.7545375752538246 0.08380040394414064 -0.004767866118441044
v -0.7545375752538246 0.08380040394414064 0.0023559054436061433
v -0.7545375752538246 0.08380040394414064 0.00947967700565333
v -0.7545375752538246 0.08380040394414064 0.01660344856770052
v -0.7545375752538246 0.08380040394414064 0.023727220129747706
v -0.7545375752538246 0.08380040394414064 0.030850991691794893
v -0.7545375752538246 0.08380040394414064 0.03797476325384208
v -0.7545375752538246 0.08380040394414064 0.04509853481588927
v -0.7545375752538246 0.08380040394414064 0.052222306377936456
v -0.7545375752538246 0.08380040394414064 0.059346077939983644
v -0.7545375752538246 0.08380040394414064 0.06646984950203083
v -0.7545375752538246 0.08380040394414064 0.07359362106407802
v -0.7545375752538246 0.08380040394414064 0.0807173926261252
v -0.7545375752538246 0.08380040394414064 0.0878411641881724
v -0.7545375752538246 0.08380040394414064 0.09496493575021958
v -0.7545375752538246 0.08380040394414064 0.10208870731226677
v -0.7545375752538246 0.08380040394414064 0.10921247887431396
v -0.7545375752538246 0.08380040394414064 0.11633625043636114
v -0.7545375752538246 0.08380040394414064 0.12346002199840833
v -0.7545375752538246 0.08380040394414064 0.13058379356045552
v -0.7545375752538246 0.08380040394414064 0.1377075651225027
v -0.7545375752538246 0.08380040394414064 0.1448313366845499
v -0.7545375752538246 0.08380040394414064 0.15195510824659708
v -0.7545375752538246 0.08380040394414064 0.15907887980864427
v -0.7545375752538246 0.08380040394414064 0.16620265137069146
v -0.7545375752538246 0.08380040394414064 0.17332642293273864
v -0.7545375752538246 0.08380040394414064 0.18045019449478583
v -0.7545375752538246 0.08380040394414064 0.18757396605683302
v -0.7545375752538246 0.08380040394414064 0.1946977376188802
v -0.7523488981847051 -0.08515655238142705 -0.1971096982937151
v -0.7523488981847051 -0.08515655238142705 -0.18998592673166792
v -0.7523488981847051 -0.08515655238142705 -0.18286215516962073
v -0.7523488981847051 -0.08515655238142705 -0.17573838360757355
v -0.7523488981847051 -0.08515655238142705 -0.16861461204552636
v -0.7523488981847051 -0.08515655238142705 -0.16149084048347917
v -0.7523488981847051 -0.08515655238142705 -0.15436706892143198
v -0.7523488981847051 -0.08515655238142705 -0.1472432973593848
v -0.7523488981847051 -0.08515655238142705 -0.1401195257973376
v -0.7523488981847051 -0.08515655238142705 -0.13299575423529042
v -0.7523488981847051 -0.08515655238142705 -0.12587198267324323
v -0.7523488981847051 -0.08515655238142705 -0.11874821111119604
v -0.7523488981847051 -0.08515655238142705 -0.11162443954914886
v -0.7523488981847051 -0.08515655238142705 -0.10450066798710167
v -0.7523488981847051 -0.08515655238142705 -0.09737689642505448
v -0.7523488981847051 -0.08515655238142705 -0.0902531248630073
v -0.7523488981847051 -0.08515655238142705 -0.08312935330096011
v -0.7523488981847051 -0.08515655238142705 -0.07600558173891292
v -0.7523488981847051 -0.08515655238142705 -0.06888181017686573
v -0.7523488981847051 -0.08515655238142705 -0.061758038614818545
v -0.7523488981847051 -0.08515655238142705 -0.05463426705277136
v -0.7523488981847051 -0.08515655238142705 -0.04751049549072417
v -0.7523488981847051 -0.08515655238142705 -0.04038672392867698
v -0.7523488981847051 -0.08515655238142705 -0.033262952366629794
v -0.7523488981847051 -0.08515655238142705 -0.026139180804582607
v -0.7523488981847051 -0.08515655238142705 -0.01901540924253542
v -0.7523488981847051 -0.08515655238142705 -0.011891637680488232
v -0.7523488981847051 -0.08515655238142705 -0.004767866118441044
v -0.7523488981847051 -0.08515655238142705 0.0023559054436061433
v -0.7523488981847051 -0.08515655238142705 0.00947967700565333
v -0.7523488981847051 -0.08515655238142705 0.01660344856770052
v -0.7523488981847051 -0.08515655238142705 0.023727220129747706
v -0.7523488981847051 -0.08515655238142705 0.030850991691794893
v -0.7523488981847051 -0.08515655238142705 0.03797476325384208
v -0.7523488981847051 -0.08515655238142705 0.04509853481588927
v -0.7523488981847051 -0.08515655238142705 0.052222306377936456
v -0.7523488981847051 -0.08515655238142705 0.059346077939983644
v -0.7523488981847051 -0.08515655238142705 0.06646984950203083
v -0.7523488981847051 -0.08515655238142705 0.07359362106407802
v -0.7523488981847051 -0.08515655238142705 0.0807173926261252
v -0.7523488981847051 -0.08515655238142705 0.0878411641881724
v -0.7523488981847051 -0.08515655238142705 0.09496493575021958
v -0.7523488981847051 -0.08515655238142705 0.10208870731226677
v -0.7523488981847051 -0.08515655238142705 0.10921247887431396
v -0.7523488981847051 -0.08515655238142705 0.11633625043636114
v -0.7523488981847051 -0.08515655238142705 0.12346002199840833
v -0.7523488981847051 -0.08515655238142705 0.13058379356045552
v -0.7523488981847051 -0.08515655238142705 0.1377075651225027
v -0.7523488981847051 -0.08515655238142705 0.1448313366845499
v -0.7523488981847051 -0.08515655238142705 0.15195510824659708
v -0.7523488981847051 -0.08515655238142705 0.15907887980864427
v -0.7523488981847051 -0.08515655238142705 0.16620265137069146
v -0.7523488981847051 -0.08515655238142705 0.17332642293273864
v -0.7523488981847051 -0.08515655238142705 0.18045019449478583
v -0.7523488981847051 -0.08515655238142705 0.18757396605683302
v -0.7523488981847051 -0.08515655238142705 0.1946977376188802
v -0.7512507415581635 0.08581396510770513 -0.1971096982937151
v -0.7512507415581635 0.08581396510770513 -0.18998592673166792
v -0.7512507415581635 0.08581396510770513 -0.18286215516962073
v -0.7512507415581635 0.08581396510770513 -0.17573838360757355
v -0.7512507415581635 0.08581396510770513 -0.16861461204552636
v -0.7512507415581635 0.08581396510770513 -0.16149084048347917
v -0.7512507415581635 0.08581396510770513 -0.15436706892143198
v -0.7512507415581635 0.08581396510770513 -0.1472432973593848
v -0.7512507415581635 0.08581396510770513 -0.1401195257973376
v -0.7512507415581635 0.08581396510770513 -0.13299575423529042
v -0.7512507415581635 0.08581396510770513 -0.12587198267324323
v -0.7512507415581635 0.08581396510770513 -0.11874821111119604
v -0.7512507415581635 0.08581396510770513 -0.11162443954914886
v -0.7512507415581635 0.08581396510770513 -0.10450066798710167
v -0.7512507415581635 0.08581396510770513 -0.09737689642505448
v -0.7512507415581635 0.08581396510770513 -0.0902531248630073
v -0.7512507415581635 0.08581396510770513 -0.08312935330096011
v -0.7512507415581635 0.08581396510770513 -0.07600558173891292
v -0.7512507415581635 0.08581396510770513 -0.06888181017686573
v -0.7512507415581635 0.08581396510770513 -0.061758038614818545
v -0.7512507415581635 0.08581396510770513 -0.05463426705277136
v -0.7512507415581635 0.08581396510770513 -0.04751049549072417
v -0.7512507415581635 0.08581396510770513 -0.04038672392867698
v -0.7512507415581635 0.08581396510770513 -0.033262952366629794
v -0.7512507415581635 0.08581396510770513 -0.026139180804582607
v -0.7512507415581635 0.08581396510770513 -0.01901540924253542
v -0.7512507415581635 0.08581396510770513 -0.011891637680488232
v -0.7512507415581635 0.08581396510770513 -0.004767866118441044
v -0.7512507415581635 0.08581396510770513 0.0023559054436061433
v -0.7512507415581635 0.08581396510770513 0.00947967700565333
v -0.7512507415581635 0.08581396510770513 0.01660344856770052
v -0.7512507415581635 0.08581396510770513 0.023727220129747706
v -0.7512507415581635 0.08581396510770513 0.030850991691794893
v -0.7512507415581635 0.08581396510770513 0.03797476325384208
v -0.7512507415581635 0.08581396510770513 0.04509853481588927
v -0.7512507415581635 0.08581396510770513 0.052222306377936456
v -0.7512507415581635 0.08581396510770513 0.059346077939983644
v -0.7512507415581635 0.08581396510770513 0.06646984950203083
v -0.7512507415581635 0.08581396510770513 0.07359362106407802
v -0.7512507415581635 0.08581396510770513 0.0807173926261252
v -0.7512507415581635 0.08581396510770513 0.0878411641881724
v -0.7512507415581635 0.08581396510770513 0.09496493575021958
v -0.7512507415581635 0.08581396510770513 0.10208870731226677
v -0.7512507415581635 0.08581396510770513 0.10921247887431396
v -0.7512507415581635 0.08581396510770513 0.11633625043636114
v -0.7512507415581635 0.08581396510770513 0.12346002199840833
v -0.7512507415581635 0.08581396510770513 0.13058379356045552
v -0.7512507415581635 0.08581396510770513 0.1377075651225027
v -0.7512507415581635 0.08581396510770513 0.1448313366845499
v -0.7512507415581635 0.08581396510770513 0.15195510824659708
v -0.7512507415581635 0.08581396510770513 0.15907887980864427
v -0.7512507415581635 0.08581396510770513 0.16620265137069146
v -0.7512507415581635 0.08581396510770513 0.17332642293273864
v -0.7512507415581635 0.08581396510770513 0.18045019449478583
v -0.7512507415581635 0.08581396510770513 0.18757396605683302
v -0.7512507415581635 0.08581396510770513 0.1946977376188802
v -0.7474138036917775 -0.08802962923203585 -0.1971096982937151
v -0.7474138036917775 -0.08802962923203585 -0.18998592673166792
v -0.7474138036917775 -0.08802962923203585 -0.18286215516962073
v -0.7474138036917775 -0.08802962923203585 -0.17573838360757355
v -0.7474138036917775 -0.08802962923203585 -0.16861461204552636
v -0.7474138036917775 -0.08802962923203585 -0.16149084048347917
v -0.7474138036917775 -0.08802962923203585 -0.15436706892143198
v -0.7474138036917775 -0.08802962923203585 -0.1472432973593848
v -0.7474138036917775 -0.08802962923203585 -0.1401195257973376
v -0.7474138036917775 -0.08802962923203585 -0.13299575423529042
v -0.7474138036917775 -0.08802962923203585 -0.12587198267324323
v -0.7474138036917775 -0.08802962923203585 -0.11874821111119604
v -0.7474138036917775 -0.08802962923203585 -0.11162443954914886
v -0.7474138036917775 -0.08802962923203585 -0.10450066798710167
v -0.7474138036917775 -0.08802962923203585 -0.09737689642505448
v -0.7474138036917775 -0.08802962923203585 -0.0902531248630073
v -0.7474138036917775 -0.08802962923203585 -0.08312935330096011
v -0.7474138036917775 -0.08802962923203585 -0.07600558173891292
v -0.7474138036917775 -0.08802962923203585 -0.06888181017686573
v -0.7474138036917775 -0.08802962923203585 -0.061758038614818545
v -0.7474138036917775 -0.08802962923203585 -0.05463426705277136
v -0.7474138036917775 -0.08802962923203585 -0.04751049549072417
v -0.7474138036917775 -0.08802962923203585 -0.04038672392867698
v -0.7474138036917775 -0.08802962923203585 -0.033262952366629794
v -0.7474138036917775 -0.08802962923203585 -0.026139180804582607
v -0.7474138036917775 -0.08802962923203585 -0.01901540924253542
v -0.7474138036917775 -0.08802962923203585 -0.011891637680488232
v -0.7474138036917775 -0.08802962923203585 -0.004767866118441044
v -0.7474138036917775 -0.08802962923203585 0.0023559054436061433
v -0.7474138036917775 -0.08802962923203585 0.00947967700565333
v -0.7474138036917775 -0.08802962923203585 0.01660344856770052
v -0.7474138036917775 -0.08802962923203585 0.023727220129747706
v -0.7474138036917775 -0.08802962923203585 0.030850991691794893
v -0.7474138036917775 -0.08802962923203585 0.03797476325384208
v -0.7474138036917775 -0.08802962923203585 0.04509853481588927
v -0.7474138036917775 -0.08802962923203585 0.052222306377936456
v -0.7474138036917775 -0.08802962923203585 0.059346077939983644
v -0.7474138036917775 -0.08802962923203585 0.06646984950203083
v -0.7474138036917775 -0.08802962923203585 0.07359362106407802
v -0.7474138036917775 -0.08802962923203585 0.0807173926261252
v -0.7474138036917775 -0.08802962923203585 0.0878411641881724
v -0.7474138036917775 -0.08802962923203585 0.09496493575021958
v -0.7474138036917775 -0.08802962923203585 0.10208870731226677
v -0.7474138036917775 -0.08802962923203585 0.10921247887431396
v -0.7474138036917775 -0.08802962923203585 0.11633625043636114
v -0.7474138036917775 -0.08802962923203585 0.12346002199840833
v -0.7474138036917775 -0.08802962923203585 0.13058379356045552
v -0.7474138036917775 -0.08802962923203585 0.1377075651225027
v -0.7474138036917775 -0.08802962923203585 0.1448313366845499
v -0.7474138036917775 -0.08802962923203585 0.15195510824659708
v -0.7474138036917775 -0.08802962923203585 0.15907887980864427
v -0.7474138036917775 -0.08802962923203585 0.16620265137069146
v -0.7474138036917775 -0.08802962923203585 0.17332642293273864
v -0.7474138036917775 -0.08802962923203585 0.18045019449478583
v -0.7474138036917775 -0.08802962923203585 0.18757396605683302
v -0.7474138036917775 -0.08802962923203585 0.1946977376188802
v -0.7474138036917775 -0.08515655238142705 -0.1997768206728823
v -0.7474138036917775 -0.08515655238142705 0.19884198433349248
v -0.7474138036917775 -0.07803278081937988 -0.19999999986844894
v -0.7474138036917775 -0.07803278081937988 0.19999999396779086
v -0.7474138036917775 -0.0709090092573327 -0.19999999986844894
v -0.7474138036917775 -0.0709090092573327 0.19999999396779086
v -0.7474138036917775 -0.06378523769528553 -0.19999999986844894
v -0.7474138036917775 -0.06378523769528553 0.19999999396779086
v -0.7474138036917775 -0.05666146613323836 -0.19999999986844894
v -0.7474138036917775 -0.05666146613323836 0.19999999396779086
v -0.7474138036917775 -0.049537694571191185 -0.19999999986844894
v -0.7474138036917775 -0.049537694571191185 0.19999999396779086
v -0.7474138036917775 -0.04241392300914401 -0.19999999986844894
v -0.7474138036917775 -0.04241392300914401 0.19999999396779086
v -0.7474138036917775 -0.03529015144709684 -0.19999999986844894
v -0.7474138036917775 -0.03529015144709684 0.19999999396779086
v -0.7474138036917775 -0.028166379885049664 -0.19999999986844894
v -0.7474138036917775 -0.028166379885049664 0.19999999396779086
v -0.7474138036917775 -0.02104260832300249 -0.19999999986844894
v -0.7474138036917775 -0.02104260832300249 0.19999999396779086
v -0.7474138036917775 -0.013918836760955317 -0.19999999986844894
v -0.7474138036917775 -0.013918836760955317 0.19999999396779086
v -0.7474138036917775 -0.006795065198908143 -0.19999999986844894
v -0.7474138036917775 -0.006795065198908143 0.19999999396779086
v -0.7474138036917775 0.0003287063631390308 -0.19999999986844894
v -0.7474138036917775 0.0003287063631390308 0.19999999396779086
v -0.7474138036917775 0.0074524779251862044 -0.19999999986844894
v -0.7474138036917775 0.0074524779251862044 0.19999999396779086
v -0.7474138036917775 0.014576249487233364 -0.19999999986844894
v -0.7474138036917775 0.014576249487233364 0.19999999396779086
v -0.7474138036917775 0.021700021049280552 -0.19999999986844894
v -0.7474138036917775 0.021700021049280552 0.19999999396779086
v -0.7474138036917775 0.02882379261132774 -0.19999999986844894
v -0.7474138036917775 0.02882379261132774 0.19999999396779086
v -0.7474138036917775 0.0359475641733749 -0.19999999986844894
v -0.7474138036917775 0.0359475641733749 0.19999999396779086
v -0.7474138036917775 0.04307133573542206 -0.19999999986844894
v -0.7474138036917775 0.04307133573542206 0.19999999396779086
v -0.7474138036917775 0.050195107297469246 -0.19999999986844894
v -0.7474138036917775 0.050195107297469246 0.19999999396779086
v -0.7474138036917775 0.057318878859516434 -0.19999999986844894
v -0.7474138036917775 0.057318878859516434 0.19999999396779086
v -0.7474138036917775 0.0644426504215636 -0.19999999986844894
v -0.7474138036917775 0.0644426504215636 0.19999999396779086
v -0.7474138036917775 0.07156642198361075 -0.19999999986844894
v -0.7474138036917775 0.07156642198361075 0.19999999396779086
v -0.7474138036917775 0.07869019354565794 -0.19999999986844894
v -0.7474138036917775 0.07869019354565794 0.19999999396779086
v -0.7474138036917775 0.08581396510770513 -0.1993630459942153
v -0.7474138036917775 0.08581396510770513 0.19838885426409797
v -0.7474138036917775 0.08803147488566919 -0.1971096982937151
v -0.7474138036917775 0.08803147488566919 -0.18998592673166792
v -0.7474138036917775 0.08803147488566919 -0.18286215516962073
v -0.7474138036917775 0.08803147488566919 -0.17573838360757355
v -0.7474138036917775 0.08803147488566919 -0.16861461204552636
v -0.7474138036917775 0.08803147488566919 -0.16149084048347917
v -0.7474138036917775 0.08803147488566919 -0.15436706892143198
v -0.7474138036917775 0.08803147488566919 -0.1472432973593848
v -0.7474138036917775 0.08803147488566919 -0.1401195257973376
v -0.7474138036917775 0.08803147488566919 -0.13299575423529042
v -0.7474138036917775 0.08803147488566919 -0.12587198267324323
v -0.7474138036917775 0.08803147488566919 -0.11874821111119604
v -0.7474138036917775 0.08803147488566919 -0.11162443954914886
v -0.7474138036917775 0.08803147488566919 -0.10450066798710167
v -0.7474138036917775 0.08803147488566919 -0.09737689642505448
v -0.7474138036917775 0.08803147488566919 -0.0902531248630073
v -0.7474138036917775 0.08803147488566919 -0.08312935330096011
v -0.7474138036917775 0.08803147488566919 -0.07600558173891292
v -0.7474138036917775 0.08803147488566919 -0.06888181017686573
v -0.7474138036917775 0.08803147488566919 -0.061758038614818545
v -0.7474138036917775 0.08803147488566919 -0.05463426705277136
v -0.7474138036917775 0.08803147488566919 -0.04751049549072417
v -0.7474138036917775 0.08803147488566919 -0.04038672392867698
v -0.7474138036917775 0.08803147488566919 -0.033262952366629794
v -0.7474138036917775 0.08803147488566919 -0.026139180804582607
v -0.7474138036917775 0.08803147488566919 -0.01901540924253542
v -0.7474138036917775 0.08803147488566919 -0.011891637680488232
v -0.7474138036917775 0.08803147488566919 -0.004767866118441044
v -0.7474138036917775 0.08803147488566919 0.0023559054436061433
v -0.7474138036917775 0.08803147488566919 0.00947967700565333
v -0.7474138036917775 0.08803147488566919 0.01660344856770052
v -0.7474138036917775 0.08803147488566919 0.023727220129747706
v -0.7474138036917775 0.08803147488566919 0.030850991691794893
v -0.7474138036917775 0.08803147488566919 0.03797476325384208
v -0.7474138036917775 0.08803147488566919 0.04509853481588927
v -0.7474138036917775 0.08803147488566919 0.052222306377936456
v -0.7474138036917775 0.08803147488566919 0.059346077939983644
v -0.7474138036917775 0.08803147488566919 0.06646984950203083
v -0.7474138036917775 0.08803147488566919 0.07359362106407802
v -0.7474138036917775 0.08803147488566919 0.0807173926261252
v -0.7474138036917775 0.08803147488566919 0.0878411641881724
v -0.7474138036917775 0.08803147488566919 0.09496493575021958
v -0.7474138036917775 0.08803147488566919 0.10208870731226677
v -0.7474138036917775 0.08803147488566919 0.10921247887431396
v -0.7474138036917775 0.08803147488566919 0.11633625043636114
v -0.7474138036917775 0.08803147488566919 0.12346002199840833
v -0.7474138036917775 0.08803147488566919 0.13058379356045552
v -0.7474138036917775 0.08803147488566919 0.1377075651225027
v -0.7474138036917775 0.08803147488566919 0.1448313366845499
v -0.7474138036917775 0.08803147488566919 0.15195510824659708
v -0.7474138036917775 0.08803147488566919 0.15907887980864427
v -0.7474138036917775 0.08803147488566919 0.16620265137069146
v -0.7474138036917775 0.08803147488566919 0.17332642293273864
v -0.7474138036917775 0.08803147488566919 0.18045019449478583
v -0.7474138036917775 0.08803147488566919 0.18757396605683302
v -0.7474138036917775 0.08803147488566919 0.1946977376188802
v -0.7402900321297303 -0.09151986124770059 -0.18998592673166792
v -0.7402900321297303 -0.09151986124770059 -0.18286215516962073
v -0.7402900321297303 -0.09151986124770059 -0.17573838360757355
v -0.7402900321297303 -0.09151986124770059 -0.16861461204552636
v -0.7402900321297303 -0.09151986124770059 -0.16149084048347917
v -0.7402900321297303 -0.09151986124770059 -0.15436706892143198
v -0.7402900321297303 -0.09151986124770059 -0.1472432973593848
v -0.7402900321297303 -0.09151986124770059 -0.1401195257973376
v -0.7402900321297303 -0.09151986124770059 -0.13299575423529042
v -0.7402900321297303 -0.09151986124770059 -0.12587198267324323
v -0.7402900321297303 -0.09151986124770059 -0.11874821111119604
v -0.7402900321297303 -0.09151986124770059 -0.11162443954914886
v -0.7402900321297303 -0.09151986124770059 -0.10450066798710167
v -0.7402900321297303 -0.09151986124770059 -0.09737689642505448
v -0.7402900321297303 -0.09151986124770059 -0.0902531248630073
v -0.7402900321297303 -0.09151986124770059 -0.08312935330096011
v -0.7402900321297303 -0.09151986124770059 -0.07600558173891292
v -0.7402900321297303 -0.09151986124770059 -0.06888181017686573
v -0.7402900321297303 -0.09151986124770059 -0.061758038614818545
v -0.7402900321297303 -0.09151986124770059 -0.05463426705277136
v -0.7402900321297303 -0.09151986124770059 -0.04751049549072417
v -0.7402900321297303 -0.09151986124770059 -0.04038672392867698
v -0.7402900321297303 -0.09151986124770059 -0.033262952366629794
v -0.7402900321297303 -0.09151986124770059 -0.026139180804582607
v -0.7402900321297303 -0.09151986124770059 -0.01901540924253542
v -0.7402900321297303 -0.09151986124770059 -0.011891637680488232
v -0.7402900321297303 -0.09151986124770059 -0.004767866118441044
v -0.7402900321297303 -0.09151986124770059 0.0023559054436061433
v -0.7402900321297303 -0.09151986124770059 0.00947967700565333
v -0.7402900321297303 -0.09151986124770059 0.01660344856770052
v -0.7402900321297303 -0.09151986124770059 0.023727220129747706
v -0.7402900321297303 -0.09151986124770059 0.030850991691794893
v -0.7402900321297303 -0.09151986124770059 0.03797476325384208
v -0.7402900321297303 -0.09151986124770059 0.04509853481588927
v -0.7402900321297303 -0.09151986124770059 0.052222306377936456
v -0.7402900321297303 -0.09151986124770059 0.059346077939983644
v -0.7402900321297303 -0.09151986124770059 0.06646984950203083
v -0.7402900321297303 -0.09151986124770059 0.07359362106407802
v -0.7402900321297303 -0.09151986124770059 0.0807173926261252
v -0.7402900321297303 -0.09151986124770059 0.0878411641881724
v -0.7402900321297303 -0.09151986124770059 0.09496493575021958
v -0.7402900321297303 -0.09151986124770059 0.10208870731226677
v -0.7402900321297303 -0.09151986124770059 0.10921247887431396
v -0.7402900321297303 -0.09151986124770059 0.11633625043636114
v -0.7402900321297303 -0.09151986124770059 0.12346002199840833
v -0.7402900321297303 -0.09151986124770059 0.13058379356045552
v -0.7402900321297303 -0.09151986124770059 0.1377075651225027
v -0.7402900321297303 -0.09151986124770059 0.1448313366845499
v -0.7402900321297303 -0.09151986124770059 0.15195510824659708
v -0.7402900321297303 -0.09151986124770059 0.15907887980864427
v -0.7402900321297303 -0.09151986124770059 0.16620265137069146
v -0.7402900321297303 -0.09151986124770059 0.17332642293273864
v -0.7402900321297303 -0.09151986124770059 0.18045019449478583
v -0.7402900321297303 -0.09151986124770059 0.18757396605683302
v -0.7402900321297303 -0.0914575862652258 0.1946977376188802
v -0.7402900321297303 -0.090903684383793 -0.1971096982937151
v -0.7402900321297303 -0.08515655238142705 -0.19999999986844894
v -0.7402900321297303 -0.08515655238142705 0.19999999396779086
v -0.7402900321297303 -0.07803278081937988 -0.19999999986844894
v -0.7402900321297303 -0.07803278081937988 0.19999999396779086
v -0.7402900321297303 -0.0709090092573327 -0.19999999986844894
v -0.7402900321297303 -0.0709090092573327 0.19999999396779086
v -0.7402900321297303 -0.06378523769528553 -0.19999999986844894
v -0.7402900321297303 -0.06378523769528553 0.19999999396779086
v -0.7402900321297303 -0.05666146613323836 -0.19999999986844894
v -0.7402900321297303 -0.05666146613323836 0.19999999396779086
v -0.7402900321297303 -0.049537694571191185 -0.19999999986844894
v -0.7402900321297303 -0.049537694571191185 0.19999999396779086
v -0.7402900321297303 -0.04241392300914401 -0.19999999986844894
v -0.7402900321297303 -0.04241392300914401 0.19999999396779086
v -0.7402900321297303 -0.03529015144709684 -0.19999999986844894
v -0.7402900321297303 -0.03529015144709684 0.19999999396779086
v -0.7402900321297303 -0.028166379885049664 -0.19999999986844894
v -0.7402900321297303 -0.028166379885049664 0.19999999396779086
v -0.7402900321297303 -0.02104260832300249 -0.19999999986844894
v -0.7402900321297303 -0.02104260832300249 0.19999999396779086
v -0.7402900321297303 -0.013918836760955317 -0.19999999986844894
v -0.7402900321297303 -0.013918836760955317 0.19999999396779086
v -0.7402900321297303 -0.006795065198908143 -0.19999999986844894
v -0.7402900321297303 -0.006795065198908143 0.19999999396779086
v -0.7402900321297303 0.0003287063631390308 -0.19999999986844894
v -0.7402900321297303 0.0003287063631390308 0.19999999396779086
v -0.7402900321297303 0.0074524779251862044 -0.19999999986844894
v -0.7402900321297303 0.0074524779251862044 0.19999999396779086
v -0.7402900321297303 0.014576249487233364 -0.19999999986844894
v -0.7402900321297303 0.014576249487233364 0.19999999396779086
v -0.7402900321297303 0.021700021049280552 -0.19999999986844894
v -0.7402900321297303 0.021700021049280552 0.19999999396779086
v -0.7402900321297303 0.02882379261132774 -0.19999999986844894
v -0.7402900321297303 0.02882379261132774 0.19999999396779086
v -0.7402900321297303 0.0359475641733749 -0.19999999986844894
v -0.7402900321297303 0.0359475641733749 0.19999999396779086
v -0.7402900321297303 0.04307133573542206 -0.19999999986844894
v -0.7402900321297303 0.04307133573542206 0.19999999396779086
v -0.7402900321297303 0.050195107297469246 -0.19999999986844894
v -0.7402900321297303 0.050195107297469246 0.19999999396779086
v -0.7402900321297303 0.057318878859516434 -0.19999999986844894
v -0.7402900321297303 0.057318878859516434 0.19999999396779086
v -0.7402900321297303 0.0644426504215636 -0.19999999986844894
v -0.7402900321297303 0.0644426504215636 0.19999999396779086
v -0.7402900321297303 0.07156642198361075 -0.19999999986844894
v -0.7402900321297303 0.07156642198361075 0.19999999396779086
v -0.7402900321297303 0.07869019354565794 -0.19999999986844894
v -0.7402900321297303 0.07869019354565794 0.19999999396779086
v -0.7402900321297303 0.08581396510770513 -0.19999999986844894
v -0.7402900321297303 0.08581396510770513 0.19997307709869522
v -0.7402900321297303 0.09073333884467934 -0.1971096982937151
v -0.7402900321297303 0.09151690371444583 -0.18998592673166792
v -0.7402900321297303 0.09151690371444583 -0.18286215516962073
v -0.7402900321297303 0.09151690371444583 -0.17573838360757355
v -0.7402900321297303 0.09151690371444583 -0.16861461204552636
v -0.7402900321297303 0.09151690371444583 -0.16149084048347917
v -0.7402900321297303 0.09151690371444583 -0.15436706892143198
v -0.7402900321297303 0.09151690371444583 -0.1472432973593848
v -0.7402900321297303 0.09151690371444583 -0.1401195257973376
v -0.7402900321297303 0.09151690371444583 -0.13299575423529042
v -0.7402900321297303 0.09151690371444583 -0.12587198267324323
v -0.7402900321297303 0.09151690371444583 -0.11874821111119604
v -0.7402900321297303 0.09151690371444583 -0.11162443954914886
v -0.7402900321297303 0.09151690371444583 -0.10450066798710167
v -0.7402900321297303 0.09151690371444583 -0.09737689642505448
v -0.7402900321297303 0.09151690371444583 -0.0902531248630073
v -0.7402900321297303 0.09151690371444583 -0.08312935330096011
v -0.7402900321297303 0.09151690371444583 -0.07600558173891292
v -0.7402900321297303 0.09151690371444583 -0.06888181017686573
v -0.7402900321297303 0.09151690371444583 -0.061758038614818545
v -0.7402900321297303 0.09151690371444583 -0.05463426705277136
v -0.7402900321297303 0.09151690371444583 -0.04751049549072417
v -0.7402900321297303 0.09151690371444583 -0.04038672392867698
v -0.7402900321297303 0.09151690371444583 -0.033262952366629794
v -0.7402900321297303 0.09151690371444583 -0.026139180804582607
v -0.7402900321297303 0.09151690371444583 -0.01901540924253542
v -0.7402900321297303 0.09151690371444583 -0.011891637680488232
v -0.7402900321297303 0.09151690371444583 -0.004767866118441044
v -0.7402900321297303 0.09151690371444583 0.0023559054436061433
v -0.7402900321297303 0.09151690371444583 0.00947967700565333
v -0.7402900321297303 0.09151690371444583 0.01660344856770052
v -0.7402900321297303 0.09151690371444583 0.023727220129747706
v -0.7402900321297303 0.09151690371444583 0.030850991691794893
v -0.7402900321297303 0.09151690371444583 0.03797476325384208
v -0.7402900321297303 0.09151690371444583 0.04509853481588927
v -0.7402900321297303 0.09151690371444583 0.052222306377936456
v -0.7402900321297303 0.09151690371444583 0.059346077939983644
v -0.7402900321297303 0.09151690371444583 0.06646984950203083
v -0.7402900321297303 0.09151690371444583 0.07359362106407802
v -0.7402900321297303 0.09151690371444583 0.0807173926261252
v -0.7402900321297303 0.09151690371444583 0.0878411641881724
v -0.7402900321297303 0.09151690371444583 0.09496493575021958
v -0.7402900321297303 0.09151690371444583 0.10208870731226677
v -0.7402900321297303 0.09151690371444583 0.10921247887431396
v -0.7402900321297303 0.09151690371444583 0.11633625043636114
v -0.7402900321297303 0.09151690371444583 0.12346002199840833
v -0.7402900321297303 0.09151690371444583 0.13058379356045552
v -0.7402900321297303 0.09151690371444583 0.1377075651225027
v -0.7402900321297303 0.09151690371444583 0.1448313366845499
v -0.7402900321297303 0.09151690371444583 0.15195510824659708
v -0.7402900321297303 0.09151690371444583 0.15907887980864427
v -0.7402900321297303 0.09151690371444583 0.16620265137069146
v -0.7402900321297303 0.09151690371444583 0.17332642293273864
v -0.7402900321297303 0.09151690371444583 0.18045019449478583
v -0.7402900321297303 0.09151690371444583 0.18757396605683302
v -0.7402900321297303 0.09151690371444583 0.1946977376188802
v -0.7384167892433747 -0.09228032394347423 -0.1971096982937151
v -0.7384167892433747 -0.09228032394347423 -0.18998592673166792
v -0.7384167892433747 -0.09228032394347423 -0.18286215516962073
v -0.7384167892433747 -0.09228032394347423 -0.17573838360757355
v -0.7384167892433747 -0.09228032394347423 -0.16861461204552636
v -0.7384167892433747 -0.09228032394347423 -0.16149084048347917
v -0.7384167892433747 -0.09228032394347423 -0.15436706892143198
v -0.7384167892433747 -0.09228032394347423 -0.1472432973593848
v -0.7384167892433747 -0.09228032394347423 -0.1401195257973376
v -0.7384167892433747 -0.09228032394347423 -0.13299575423529042
v -0.7384167892433747 -0.09228032394347423 -0.12587198267324323
v -0.7384167892433747 -0.09228032394347423 -0.11874821111119604
v -0.7384167892433747 -0.09228032394347423 -0.11162443954914886
v -0.7384167892433747 -0.09228032394347423 -0.10450066798710167
v -0.7384167892433747 -0.09228032394347423 -0.09737689642505448
v -0.7384167892433747 -0.09228032394347423 -0.0902531248630073
v -0.7384167892433747 -0.09228032394347423 -0.08312935330096011
v -0.7384167892433747 -0.09228032394347423 -0.07600558173891292
v -0.7384167892433747 -0.09228032394347423 -0.06888181017686573
v -0.7384167892433747 -0.09228032394347423 -0.061758038614818545
v -0.7384167892433747 -0.09228032394347423 -0.05463426705277136
v -0.7384167892433747 -0.09228032394347423 -0.04751049549072417
v -0.7384167892433747 -0.09228032394347423 -0.04038672392867698
v -0.7384167892433747 -0.09228032394347423 -0.033262952366629794
v -0.7384167892433747 -0.09228032394347423 -0.026139180804582607
v -0.7384167892433747 -0.09228032394347423 -0.01901540924253542
v -0.7384167892433747 -0.09228032394347423 -0.011891637680488232
v -0.7384167892433747 -0.09228032394347423 -0.004767866118441044
v -0.7384167892433747 -0.09228032394347423 0.0023559054436061433
v -0.7384167892433747 -0.09228032394347423 0.00947967700565333
v -0.7384167892433747 -0.09228032394347423 0.01660344856770052
v -0.7384167892433747 -0.09228032394347423 0.023727220129747706
v -0.7384167892433747 -0.09228032394347423 0.030850991691794893
v -0.7384167892433747 -0.09228032394347423 0.03797476325384208
v -0.7384167892433747 -0.09228032394347423 0.04509853481588927
v -0.7384167892433747 -0.09228032394347423 0.052222306377936456
v -0.7384167892433747 -0.09228032394347423 0.059346077939983644
v -0.7384167892433747 -0.09228032394347423 0.06646984950203083
v -0.7384167892433747 -0.09228032394347423 0.07359362106407802
v -0.7384167892433747 -0.09228032394347423 0.0807173926261252
v -0.7384167892433747 -0.09228032394347423 0.0878411641881724
v -0.7384167892433747 -0.09228032394347423 0.09496493575021958
v -0.7384167892433747 -0.09228032394347423 0.10208870731226677
v -0.7384167892433747 -0.09228032394347423 0.10921247887431396
v -0.7384167892433747 -0.09228032394347423 0.11633625043636114
v -0.7384167892433747 -0.09228032394347423 0.12346002199840833
v -0.7384167892433747 -0.09228032394347423 0.13058379356045552
v -0.7384167892433747 -0.09228032394347423 0.1377075651225027
v -0.7384167892433747 -0.09228032394347423 0.1448313366845499
v -0.7384167892433747 -0.09228032394347423 0.15195510824659708
v -0.7384167892433747 -0.09228032394347423 0.15907887980864427
v -0.7384167892433747 -0.09228032394347423 0.16620265137069146
v -0.7384167892433747 -0.09228032394347423 0.17332642293273864
v -0.7384167892433747 -0.09228032394347423 0.18045019449478583
v -0.7384167892433747 -0.09228032394347423 0.18757396605683302
v -0.7384167892433747 -0.09228032394347423 0.1946977376188802
v -0.7367641532659726 0.09293773666975229 -0.1971096982937151
v -0.7367641532659726 0.09293773666975229 -0.18998592673166792
v -0.7367641532659726 0.09293773666975229 -0.18286215516962073
v -0.7367641532659726 0.09293773666975229 -0.17573838360757355
v -0.7367641532659726 0.09293773666975229 -0.16861461204552636
v -0.7367641532659726 0.09293773666975229 -0.16149084048347917
v -0.7367641532659726 0.09293773666975229 -0.15436706892143198
v -0.7367641532659726 0.09293773666975229 -0.1472432973593848
v -0.7367641532659726 0.09293773666975229 -0.1401195257973376
v -0.7367641532659726 0.09293773666975229 -0.13299575423529042
v -0.7367641532659726 0.09293773666975229 -0.12587198267324323
v -0.7367641532659726 0.09293773666975229 -0.11874821111119604
v -0.7367641532659726 0.09293773666975229 -0.11162443954914886
v -0.7367641532659726 0.09293773666975229 -0.10450066798710167
v -0.7367641532659726 0.09293773666975229 -0.09737689642505448
v -0.7367641532659726 0.09293773666975229 -0.0902531248630073
v -0.7367641532659726 0.09293773666975229 -0.08312935330096011
v -0.7367641532659726 0.09293773666975229 -0.07600558173891292
v -0.7367641532659726 0.09293773666975229 -0.06888181017686573
v -0.7367641532659726 0.09293773666975229 -0.061758038614818545
v -0.7367641532659726 0.09293773666975229 -0.05463426705277136
v -0.7367641532659726 0.09293773666975229 -0.04751049549072417
v -0.7367641532659726 0.09293773666975229 -0.04038672392867698
v -0.7367641532659726 0.09293773666975229 -0.033262952366629794
v -0.7367641532659726 0.09293773666975229 -0.026139180804582607
v -0.7367641532659726 0.09293773666975229 -0.01901540924253542
v -0.7367641532659726 0.09293773666975229 -0.011891637680488232
v -0.7367641532659726 0.09293773666975229 -0.004767866118441044
v -0.7367641532659726 0.09293773666975229 0.0023559054436061433
v -0.7367641532659726 0.09293773666975229 0.00947967700565333
v -0.7367641532659726 0.09293773666975229 0.01660344856770052
v -0.7367641532659726 0.09293773666975229 0.023727220129747706
v -0.7367641532659726 0.09293773666975229 0.030850991691794893
v -0.7367641532659726 0.09293773666975229 0.03797476325384208
v -0.7367641532659726 0.09293773666975229 0.04509853481588927
v -0.7367641532659726 0.09293773666975229 0.052222306377936456
v -0.7367641532659726 0.09293773666975229 0.059346077939983644
v -0.7367641532659726 0.09293773666975229 0.06646984950203083
v -0.7367641532659726 0.09293773666975229 0.07359362106407802
v -0.7367641532659726 0.09293773666975229 0.0807173926261252
v -0.7367641532659726 0.09293773666975229 0.0878411641881724
v -0.7367641532659726 0.09293773666975229 0.09496493575021958
v -0.7367641532659726 0.09293773666975229 0.10208870731226677
v -0.7367641532659726 0.09293773666975229 0.10921247887431396
v -0.7367641532659726 0.09293773666975229 0.11633625043636114
v -0.7367641532659726 0.09293773666975229 0.12346002199840833
v -0.7367641532659726 0.09293773666975229 0.13058379356045552
v -0.7367641532659726 0.09293773666975229 0.1377075651225027
v -0.7367641532659726 0.09293773666975229 0.1448313366845499
v -0.7367641532659726 0.09293773666975229 0.15195510824659708
v -0.7367641532659726 0.09293773666975229 0.15907887980864427
v -0.7367641532659726 0.09293773666975229 0.16620265137069146
v -0.7367641532659726 0.09293773666975229 0.17332642293273864
v -0.7367641532659726 0.09293773666975229 0.18045019449478583
v -0.7367641532659726 0.09293773666975229 0.18757396605683302
v -0.7367641532659726 0.09293773666975229 0.1946977376188802
v -0.7331662605676832 -0.09433389864307001 -0.1971096982937151
v -0.7331662605676832 -0.09433389864307001 -0.18998592673166792
v -0.7331662605676832 -0.09433389864307001 -0.18286215516962073
v -0.7331662605676832 -0.09433389864307001 -0.17573838360757355
v -0.7331662605676832 -0.09433389864307001 -0.16861461204552636
v -0.7331662605676832 -0.09433389864307001 -0.16149084048347917
v -0.7331662605676832 -0.09433389864307001 -0.15436706892143198
v -0.7331662605676832 -0.09433389864307001 -0.1472432973593848
v -0.7331662605676832 -0.09433389864307001 -0.1401195257973376
v -0.7331662605676832 -0.09433389864307001 -0.13299575423529042
v -0.7331662605676832 -0.09433389864307001 -0.12587198267324323
v -0.7331662605676832 -0.09433389864307001 -0.11874821111119604
v -0.7331662605676832 -0.09433389864307001 -0.11162443954914886
v -0.7331662605676832 -0.09433389864307001 -0.10450066798710167
v -0.7331662605676832 -0.09433389864307001 -0.09737689642505448
v -0.7331662605676832 -0.09433389864307001 -0.0902531248630073
v -0.7331662605676832 -0.09433389864307001 -0.08312935330096011
v -0.7331662605676832 -0.09433389864307001 -0.07600558173891292
v -0.7331662605676832 -0.09433389864307001 -0.06888181017686573
v -0.7331662605676832 -0.09433389864307001 -0.061758038614818545
v -0.7331662605676832 -0.09433389864307001 -0.05463426705277136
v -0.7331662605676832 -0.09433389864307001 -0.04751049549072417
v -0.7331662605676832 -0.09433389864307001 -0.04038672392867698
v -0.7331662605676832 -0.09433389864307001 -0.033262952366629794
v -0.7331662605676832 -0.09433389864307001 -0.026139180804582607
v -0.7331662605676832 -0.09433389864307001 -0.01901540924253542
v -0.7331662605676832 -0.09433389864307001 -0.011891637680488232
v -0.7331662605676832 -0.09433389864307001 -0.004767866118441044
v -0.7331662605676832 -0.09433389864307001 0.0023559054436061433
v -0.7331662605676832 -0.09433389864307001 0.00947967700565333
v -0.7331662605676832 -0.09433389864307001 0.01660344856770052
v -0.7331662605676832 -0.09433389864307001 0.023727220129747706
v -0.7331662605676832 -0.09433389864307001 0.030850991691794893
v -0.7331662605676832 -0.09433389864307001 0.03797476325384208
v -0.7331662605676832 -0.09433389864307001 0.04509853481588927
v -0.7331662605676832 -0.09433389864307001 0.052222306377936456
v -0.7331662605676832 -0.09433389864307001 0.059346077939983644
v -0.7331662605676832 -0.09433389864307001 0.06646984950203083
v -0.7331662605676832 -0.09433389864307001 0.07359362106407802
v -0.7331662605676832 -0.09433389864307001 0.0807173926261252
v -0.7331662605676832 -0.09433389864307001 0.0878411641881724
v -0.7331662605676832 -0.09433389864307001 0.09496493575021958
v -0.7331662605676832 -0.09433389864307001 0.10208870731226677
v -0.7331662605676832 -0.09433389864307001 0.10921247887431396
v -0.7331662605676832 -0.09433389864307001 0.11633625043636114
v -0.7331662605676832 -0.09433389864307001 0.12346002199840833
v -0.7331662605676832 -0.09433389864307001 0.13058379356045552
v -0.7331662605676832 -0.09433389864307001 0.1377075651225027
v -0.7331662605676832 -0.09433389864307001 0.1448313366845499
v -0.7331662605676832 -0.09433389864307001 0.15195510824659708
v -0.7331662605676832 -0.09433389864307001 0.15907887980864427
v -0.7331662605676832 -0.09433389864307001 0.16620265137069146
v -0.7331662605676832 -0.09433389864307001 0.17332642293273864
v -0.7331662605676832 -0.09433389864307001 0.18045019449478583
v -0.7331662605676832 -0.09433389864307001 0.18757396605683302
v -0.7331662605676832 -0.09433389864307001 0.1946977376188802
v -0.7331662605676832 -0.09228032394347423 -0.19934875022899712
v -0.7331662605676832 -0.09228032394347423 0.19837231825718762
v -0.7331662605676832 -0.08515655238142705 -0.19999999986844894
v -0.7331662605676832 -0.08515655238142705 0.19999999396779086
v -0.7331662605676832 -0.07803278081937988 -0.19999999986844894
v -0.7331662605676832 -0.07803278081937988 0.19999999396779086
v -0.7331662605676832 -0.0709090092573327 -0.19999999986844894
v -0.7331662605676832 -0.0709090092573327 0.19999999396779086
v -0.7331662605676832 -0.06378523769528553 -0.19999999986844894
v -0.7331662605676832 -0.06378523769528553 0.19999999396779086
v -0.7331662605676832 -0.05666146613323836 -0.19999999986844894
v -0.7331662605676832 -0.05666146613323836 0.19999999396779086
v -0.7331662605676832 -0.049537694571191185 -0.19999999986844894
v -0.7331662605676832 -0.049537694571191185 0.19999999396779086
v -0.7331662605676832 -0.04241392300914401 -0.19999999986844894
v -0.7331662605676832 -0.04241392300914401 0.19999999396779086
v -0.7331662605676832 -0.03529015144709684 -0.19999999986844894
v -0.7331662605676832 -0.03529015144709684 0.19999999396779086
v -0.7331662605676832 -0.028166379885049664 -0.19999999986844894
v -0.7331662605676832 -0.028166379885049664 0.19999999396779086
v -0.7331662605676832 -0.02104260832300249 -0.19999999986844894
v -0.7331662605676832 -0.02104260832300249 0.19999999396779086
v -0.7331662605676832 -0.013918836760955317 -0.19999999986844894
v -0.7331662605676832 -0.013918836760955317 0.19999999396779086
v -0.7331662605676832 -0.006795065198908143 -0.19999999986844894
v -0.7331662605676832 -0.006795065198908143 0.19999999396779086
v -0.7331662605676832 0.0003287063631390308 -0.19999999986844894
v -0.7331662605676832 0.0003287063631390308 0.19999999396779086
v -0.7331662605676832 0.0074524779251862044 -0.19999999986844894
v -0.7331662605676832 0.0074524779251862044 0.19999999396779086
v -0.7331662605676832 0.014576249487233364 -0.19999999986844894
v -0.7331662605676832 0.014576249487233364 0.19999999396779086
v -0.7331662605676832 0.021700021049280552 -0.19999999986844894
v -0.7331662605676832 0.021700021049280552 0.19999999396779086
v -0.7331662605676832 0.02882379261132774 -0.19999999986844894
v -0.7331662605676832 0.02882379261132774 0.19999999396779086
v -0.7331662605676832 0.0359475641733749 -0.19999999986844894
v -0.7331662605676832 0.0359475641733749 0.19999999396779086
v -0.7331662605676832 0.04307133573542206 -0.19999999986844894
v -0.7331662605676832 0.04307133573542206 0.19999999396779086
v -0.7331662605676832 0.050195107297469246 -0.19999999986844894
v -0.7331662605676832 0.050195107297469246 0.19999999396779086
v -0.7331662605676832 0.057318878859516434 -0.19999999986844894
v -0.7331662605676832 0.057318878859516434 0.19999999396779086
v -0.7331662605676832 0.0644426504215636 -0.19999999986844894
v -0.7331662605676832 0.0644426504215636 0.19999999396779086
v -0.7331662605676832 0.07156642198361075 -0.19999999986844894
v -0.7331662605676832 0.07156642198361075 0.19999999396779086
v -0.7331662605676832 0.07869019354565794 -0.19999999986844894
v -0.7331662605676832 0.07869019354565794 0.19999999396779086
v -0.7331662605676832 0.08581396510770513 -0.19999999986844894
v -0.7331662605676832 0.08581396510770513 0.19999999396779086
v -0.7331662605676832 0.09293773666975229 -0.19880452096048076
v -0.7331662605676832 0.09293773666975229 0.19769313268494396
v -0.7331662605676832 0.09433532138526941 -0.1971096982937151
v -0.7331662605676832 0.09433532138526941 -0.18998592673166792
v -0.7331662605676832 0.09433532138526941 -0.18286215516962073
v -0.7331662605676832 0.09433532138526941 -0.17573838360757355
v -0.7331662605676832 0.09433532138526941 -0.16861461204552636
v -0.7331662605676832 0.09433532138526941 -0.16149084048347917
v -0.7331662605676832 0.09433532138526941 -0.15436706892143198
v -0.7331662605676832 0.09433532138526941 -0.1472432973593848
v -0.7331662605676832 0.09433532138526941 -0.1401195257973376
v -0.7331662605676832 0.09433532138526941 -0.13299575423529042
v -0.7331662605676832 0.09433532138526941 -0.12587198267324323
v -0.7331662605676832 0.09433532138526941 -0.11874821111119604
v -0.7331662605676832 0.09433532138526941 -0.11162443954914886
v -0.7331662605676832 0.09433532138526941 -0.10450066798710167
v -0.7331662605676832 0.09433532138526941 -0.09737689642505448
v -0.7331662605676832 0.09433532138526941 -0.0902531248630073
v -0.7331662605676832 0.09433532138526941 -0.08312935330096011
v -0.7331662605676832 0.09433532138526941 -0.07600558173891292
v -0.7331662605676832 0.09433532138526941 -0.06888181017686573
v -0.7331662605676832 0.09433532138526941 -0.061758038614818545
v -0.7331662605676832 0.09433532138526941 -0.05463426705277136
v -0.7331662605676832 0.09433532138526941 -0.04751049549072417
v -0.7331662605676832 0.09433532138526941 -0.04038672392867698
v -0.7331662605676832 0.09433532138526941 -0.033262952366629794
v -0.7331662605676832 0.09433532138526941 -0.026139180804582607
v -0.7331662605676832 0.09433532138526941 -0.01901540924253542
v -0.7331662605676832 0.09433532138526941 -0.011891637680488232
v -0.7331662605676832 0.09433532138526941 -0.004767866118441044
v -0.7331662605676832 0.09433532138526941 0.0023559054436061433
v -0.7331662605676832 0.09433532138526941 0.00947967700565333
v -0.7331662605676832 0.09433532138526941 0.01660344856770052
v -0.7331662605676832 0.09433532138526941 0.023727220129747706
v -0.7331662605676832 0.09433532138526941 0.030850991691794893
v -0.7331662605676832 0.09433532138526941 0.03797476325384208
v -0.7331662605676832 0.09433532138526941 0.04509853481588927
v -0.7331662605676832 0.09433532138526941 0.052222306377936456
v -0.7331662605676832 0.09433532138526941 0.059346077939983644
v -0.7331662605676832 0.09433532138526941 0.06646984950203083
v -0.7331662605676832 0.09433532138526941 0.07359362106407802
v -0.7331662605676832 0.09433532138526941 0.0807173926261252
v -0.7331662605676832 0.09433532138526941 0.0878411641881724
v -0.7331662605676832 0.09433532138526941 0.09496493575021958
v -0.7331662605676832 0.09433532138526941 0.10208870731226677
v -0.7331662605676832 0.09433532138526941 0.10921247887431396
v -0.7331662605676832 0.09433532138526941 0.11633625043636114
v -0.7331662605676832 0.09433532138526941 0.12346002199840833
v -0.7331662605676832 0.09433532138526941 0.13058379356045552
v -0.7331662605676832 0.09433532138526941 0.1377075651225027
v -0.7331662605676832 0.09433532138526941 0.1448313366845499
v -0.7331662605676832 0.09433532138526941 0.15195510824659708
v -0.7331662605676832 0.09433532138526941 0.15907887980864427
v -0.7331662605676832 0.09433532138526941 0.16620265137069146
v -0.7331662605676832 0.09433532138526941 0.17332642293273864
v -0.7331662605676832 0.09433532138526941 0.18045019449478583
v -0.7331662605676832 0.09433532138526941 0.18757396605683302
v -0.7331662605676832 0.09433532138526941 0.1946977376188802
v -0.7260424890056361 -0.09654506474952523 -0.18998592673166792
v -0.7260424890056361 -0.09654506474952523 -0.18286215516962073
v -0.7260424890056361 -0.09654506474952523 -0.17573838360757355
v -0.7260424890056361 -0.09654506474952523 -0.16861461204552636
v -0.7260424890056361 -0.09654506474952523 -0.16149084048347917
v -0.7260424890056361 -0.09654506474952523 -0.15436706892143198
v -0.7260424890056361 -0.09654506474952523 -0.1472432973593848
v -0.7260424890056361 -0.09654506474952523 -0.1401195257973376
v -0.7260424890056361 -0.09654506474952523 -0.13299575423529042
v -0.7260424890056361 -0.09654506474952523 -0.12587198267324323
v -0.7260424890056361 -0.09654506474952523 -0.11874821111119604
v -0.7260424890056361 -0.09654506474952523 -0.11162443954914886
v -0.7260424890056361 -0.09654506474952523 -0.10450066798710167
v -0.7260424890056361 -0.09654506474952523 -0.09737689642505448
v -0.7260424890056361 -0.09654506474952523 -0.0902531248630073
v -0.7260424890056361 -0.09654506474952523 -0.08312935330096011
v -0.7260424890056361 -0.09654506474952523 -0.07600558173891292
v -0.7260424890056361 -0.09654506474952523 -0.06888181017686573
v -0.7260424890056361 -0.09654506474952523 -0.061758038614818545
v -0.7260424890056361 -0.09654506474952523 -0.05463426705277136
v -0.7260424890056361 -0.09654506474952523 -0.04751049549072417
v -0.7260424890056361 -0.09654506474952523 -0.04038672392867698
v -0.7260424890056361 -0.09654506474952523 -0.033262952366629794
v -0.7260424890056361 -0.09654506474952523 -0.026139180804582607
v -0.7260424890056361 -0.09654506474952523 -0.01901540924253542
v -0.7260424890056361 -0.09654506474952523 -0.011891637680488232
v -0.7260424890056361 -0.09654506474952523 -0.004767866118441044
v -0.7260424890056361 -0.09654506474952523 0.0023559054436061433
v -0.7260424890056361 -0.09654506474952523 0.00947967700565333
v -0.7260424890056361 -0.09654506474952523 0.01660344856770052
v -0.7260424890056361 -0.09654506474952523 0.023727220129747706
v -0.7260424890056361 -0.09654506474952523 0.030850991691794893
v -0.7260424890056361 -0.09654506474952523 0.03797476325384208
v -0.7260424890056361 -0.09654506474952523 0.04509853481588927
v -0.7260424890056361 -0.09654506474952523 0.052222306377936456
v -0.7260424890056361 -0.09654506474952523 0.059346077939983644
v -0.7260424890056361 -0.09654506474952523 0.06646984950203083
v -0.7260424890056361 -0.09654506474952523 0.07359362106407802
v -0.7260424890056361 -0.09654506474952523 0.0807173926261252
v -0.7260424890056361 -0.09654506474952523 0.0878411641881724
v -0.7260424890056361 -0.09654506474952523 0.09496493575021958
v -0.7260424890056361 -0.09654506474952523 0.10208870731226677
v -0.7260424890056361 -0.09654506474952523 0.10921247887431396
v -0.7260424890056361 -0.09654506474952523 0.11633625043636114
v -0.7260424890056361 -0.09654506474952523 0.12346002199840833
v -0.7260424890056361 -0.09654506474952523 0.13058379356045552
v -0.7260424890056361 -0.09654506474952523 0.1377075651225027
v -0.7260424890056361 -0.09654506474952523 0.1448313366845499
v -0.7260424890056361 -0.09654506474952523 0.15195510824659708
v -0.7260424890056361 -0.09654506474952523 0.15907887980864427
v -0.7260424890056361 -0.09654506474952523 0.16620265137069146
v -0.7260424890056361 -0.09654506474952523 0.17332642293273864
v -0.7260424890056361 -0.09654506474952523 0.18045019449478583
v -0.7260424890056361 -0.09654506474952523 0.18757396605683302
v -0.7260424890056361 -0.09654506474952523 0.1946977376188802
v -0.7260424890056361 -0.09592507828583334 -0.1971096982937151
v -0.7260424890056361 -0.09228032394347423 -0.19999999986844894
v -0.7260424890056361 -0.09228032394347423 0.19963583495283263
v -0.7260424890056361 -0.08515655238142705 -0.19999999986844894
v -0.7260424890056361 -0.08515655238142705 0.19999999396779086
v -0.7260424890056361 -0.07803278081937988 -0.19999999986844894
v -0.7260424890056361 -0.07803278081937988 0.19999999396779086
v -0.7260424890056361 -0.0709090092573327 -0.19999999986844894
v -0.7260424890056361 -0.0709090092573327 0.19999999396779086
v -0.7260424890056361 -0.06378523769528553 -0.19999999986844894
v -0.7260424890056361 -0.06378523769528553 0.19999999396779086
v -0.7260424890056361 -0.05666146613323836 -0.19999999986844894
v -0.7260424890056361 -0.05666146613323836 0.19999999396779086
v -0.7260424890056361 -0.049537694571191185 -0.19999999986844894
v -0.7260424890056361 -0.049537694571191185 0.19999999396779086
v -0.7260424890056361 -0.04241392300914401 -0.19999999986844894
v -0.7260424890056361 -0.04241392300914401 0.19999999396779086
v -0.7260424890056361 -0.03529015144709684 -0.19999999986844894
v -0.7260424890056361 -0.03529015144709684 0.19999999396779086
v -0.7260424890056361 -0.028166379885049664 -0.19999999986844894
v -0.7260424890056361 -0.028166379885049664 0.19999999396779086
v -0.7260424890056361 -0.02104260832300249 -0.19999999986844894
v -0.7260424890056361 -0.02104260832300249 0.19999999396779086
v -0.7260424890056361 -0.013918836760955317 -0.19999999986844894
v -0.7260424890056361 -0.013918836760955317 0.19999999396779086
v -0.7260424890056361 -0.006795065198908143 -0.19999999986844894
v -0.7260424890056361 -0.006795065198908143 0.19999999396779086
v -0.7260424890056361 0.0003287063631390308 -0.19999999986844894
v -0.7260424890056361 0.0003287063631390308 0.19999999396779086
v -0.7260424890056361 0.0074524779251862044 -0.19999999986844894
v -0.7260424890056361 0.0074524779251862044 0.19999999396779086
v -0.7260424890056361 0.014576249487233364 -0.19999999986844894
v -0.7260424890056361 0.014576249487233364 0.19999999396779086
v -0.7260424890056361 0.021700021049280552 -0.19999999986844894
v -0.7260424890056361 0.021700021049280552 0.19999999396779086
v -0.7260424890056361 0.02882379261132774 -0.19999999986844894
v -0.7260424890056361 0.02882379261132774 0.19999999396779086
v -0.7260424890056361 0.0359475641733749 -0.19999999986844894
v -0.7260424890056361 0.0359475641733749 0.19999999396779086
v -0.7260424890056361 0.04307133573542206 -0.19999999986844894
v -0.7260424890056361 0.04307133573542206 0.19999999396779086
v -0.7260424890056361 0.050195107297469246 -0.19999999986844894
v -0.7260424890056361 0.050195107297469246 0.19999999396779086
v -0.7260424890056361 0.057318878859516434 -0.19999999986844894
v -0.7260424890056361 0.057318878859516434 0.19999999396779086
v -0.7260424890056361 0.0644426504215636 -0.19999999986844894
v -0.7260424890056361 0.0644426504215636 0.19999999396779086
v -0.7260424890056361 0.07156642198361075 -0.19999999986844894
v -0.7260424890056361 0.07156642198361075 0.19999999396779086
v -0.7260424890056361 0.07869019354565794 -0.19999999986844894
v -0.7260424890056361 0.07869019354565794 0.19999999396779086
v -0.7260424890056361 0.08581396510770513 -0.19999999986844894
v -0.7260424890056361 0.08581396510770513 0.19999999396779086
v -0.7260424890056361 0.09293773666975229 -0.19999999986844894
v -0.7260424890056361 0.09293773666975229 0.19937503617170102
v -0.7260424890056361 0.09621363241507418 -0.1971096982937151
v -0.7260424890056361 0.09654495040398288 -0.18998592673166792
v -0.7260424890056361 0.09654495040398288 -0.18286215516962073
v -0.7260424890056361 0.09654495040398288 -0.17573838360757355
v -0.7260424890056361 0.09654495040398288 -0.16861461204552636
v -0.7260424890056361 0.09654495040398288 -0.16149084048347917
v -0.7260424890056361 0.09654495040398288 -0.15436706892143198
v -0.7260424890056361 0.09654495040398288 -0.1472432973593848
v -0.7260424890056361 0.09654495040398288 -0.1401195257973376
v -0.7260424890056361 0.09654495040398288 -0.13299575423529042
v -0.7260424890056361 0.09654495040398288 -0.12587198267324323
v -0.7260424890056361 0.09654495040398288 -0.11874821111119604
v -0.7260424890056361 0.09654495040398288 -0.11162443954914886
v -0.7260424890056361 0.09654495040398288 -0.10450066798710167
v -0.7260424890056361 0.09654495040398288 -0.09737689642505448
v -0.7260424890056361 0.09654495040398288 -0.0902531248630073
v -0.7260424890056361 0.09654495040398288 -0.08312935330096011
v -0.7260424890056361 0.09654495040398288 -0.07600558173891292
v -0.7260424890056361 0.09654495040398288 -0.06888181017686573
v -0.7260424890056361 0.09654495040398288 -0.061758038614818545
v -0.7260424890056361 0.09654495040398288 -0.05463426705277136
v -0.7260424890056361 0.09654495040398288 -0.04751049549072417
v -0.7260424890056361 0.09654495040398288 -0.04038672392867698
v -0.7260424890056361 0.09654495040398288 -0.033262952366629794
v -0.7260424890056361 0.09654495040398288 -0.026139180804582607
v -0.7260424890056361 0.09654495040398288 -0.01901540924253542
v -0.7260424890056361 0.09654495040398288 -0.011891637680488232
v -0.7260424890056361 0.09654495040398288 -0.004767866118441044
v -0.7260424890056361 0.09654495040398288 0.0023559054436061433
v -0.7260424890056361 0.09654495040398288 0.00947967700565333
v -0.7260424890056361 0.09654495040398288 0.01660344856770052
v -0.7260424890056361 0.09654495040398288 0.023727220129747706
v -0.7260424890056361 0.09654495040398288 0.030850991691794893
v -0.7260424890056361 0.09654495040398288 0.03797476325384208
v -0.7260424890056361 0.09654495040398288 0.04509853481588927
v -0.7260424890056361 0.09654495040398288 0.052222306377936456
v -0.7260424890056361 0.09654495040398288 0.059346077939983644
v -0.7260424890056361 0.09654495040398288 0.06646984950203083
v -0.7260424890056361 0.09654495040398288 0.07359362106407802
v -0.7260424890056361 0.09654495040398288 0.0807173926261252
v -0.7260424890056361 0.09654495040398288 0.0878411641881724
v -0.7260424890056361 0.09654495040398288 0.09496493575021958
v -0.7260424890056361 0.09654495040398288 0.10208870731226677
v -0.7260424890056361 0.09654495040398288 0.10921247887431396
v -0.7260424890056361 0.09654495040398288 0.11633625043636114
v -0.7260424890056361 0.09654495040398288 0.12346002199840833
v -0.7260424890056361 0.09654495040398288 0.13058379356045552
v -0.7260424890056361 0.09654495040398288 0.1377075651225027
v -0.7260424890056361 0.09654495040398288 0.1448313366845499
v -0.7260424890056361 0.09654495040398288 0.15195510824659708
v -0.7260424890056361 0.09654495040398288 0.15907887980864427
v -0.7260424890056361 0.09654495040398288 0.16620265137069146
v -0.7260424890056361 0.09654495040398288 0.17332642293273864
v -0.7260424890056361 0.09654495040398288 0.18045019449478583
v -0.7260424890056361 0.09654495040398288 0.18757396605683302
v -0.7260424890056361 0.09654495040398288 0.1946977376188802
v -0.7189187174435889 -0.09819273448984793 -0.18998592673166792
v -0.7189187174435889 -0.09819273448984793 -0.18286215516962073
v -0.7189187174435889 -0.09819273448984793 -0.17573838360757355
v -0.7189187174435889 -0.09819273448984793 -0.16861461204552636
v -0.7189187174435889 -0.09819273448984793 -0.16149084048347917
v -0.7189187174435889 -0.09819273448984793 -0.15436706892143198
v -0.7189187174435889 -0.09819273448984793 -0.1472432973593848
v -0.7189187174435889 -0.09819273448984793 -0.1401195257973376
v -0.7189187174435889 -0.09819273448984793 -0.13299575423529042
v -0.7189187174435889 -0.09819273448984793 -0.12587198267324323
v -0.7189187174435889 -0.09819273448984793 -0.11874821111119604
v -0.7189187174435889 -0.09819273448984793 -0.11162443954914886
v -0.7189187174435889 -0.09819273448984793 -0.10450066798710167
v -0.7189187174435889 -0.09819273448984793 -0.09737689642505448
v -0.7189187174435889 -0.09819273448984793 -0.0902531248630073
v -0.7189187174435889 -0.09819273448984793 -0.08312935330096011
v -0.7189187174435889 -0.09819273448984793 -0.07600558173891292
v -0.7189187174435889 -0.09819273448984793 -0.06888181017686573
v -0.7189187174435889 -0.09819273448984793 -0.061758038614818545
v -0.7189187174435889 -0.09819273448984793 -0.05463426705277136
v -0.7189187174435889 -0.09819273448984793 -0.04751049549072417
v -0.7189187174435889 -0.09819273448984793 -0.04038672392867698
v -0.7189187174435889 -0.09819273448984793 -0.033262952366629794
v -0.7189187174435889 -0.09819273448984793 -0.026139180804582607
v -0.7189187174435889 -0.09819273448984793 -0.01901540924253542
v -0.7189187174435889 -0.09819273448984793 -0.011891637680488232
v -0.7189187174435889 -0.09819273448984793 -0.004767866118441044
v -0.7189187174435889 -0.09819273448984793 0.0023559054436061433
v -0.7189187174435889 -0.09819273448984793 0.00947967700565333
v -0.7189187174435889 -0.09819273448984793 0.01660344856770052
v -0.7189187174435889 -0.09819273448984793 0.023727220129747706
v -0.7189187174435889 -0.09819273448984793 0.030850991691794893
v -0.7189187174435889 -0.09819273448984793 0.03797476325384208
v -0.7189187174435889 -0.09819273448984793 0.04509853481588927
v -0.7189187174435889 -0.09819273448984793 0.052222306377936456
v -0.7189187174435889 -0.09819273448984793 0.059346077939983644
v -0.7189187174435889 -0.09819273448984793 0.06646984950203083
v -0.7189187174435889 -0.09819273448984793 0.07359362106407802
v -0.7189187174435889 -0.09819273448984793 0.0807173926261252
v -0.7189187174435889 -0.09819273448984793 0.0878411641881724
v -0.7189187174435889 -0.09819273448984793 0.09496493575021958
v -0.7189187174435889 -0.09819273448984793 0.10208870731226677
v -0.7189187174435889 -0.09819273448984793 0.10921247887431396
v -0.7189187174435889 -0.09819273448984793 0.11633625043636114
v -0.7189187174435889 -0.09819273448984793 0.12346002199840833
v -0.7189187174435889 -0.09819273448984793 0.13058379356045552
v -0.7189187174435889 -0.09819273448984793 0.1377075651225027
v -0.7189187174435889 -0.09819273448984793 0.1448313366845499
v -0.7189187174435889 -0.09819273448984793 0.15195510824659708
v -0.7189187174435889 -0.09819273448984793 0.15907887980864427
v -0.7189187174435889 -0.09819273448984793 0.16620265137069146
v -0.7189187174435889 -0.09819273448984793 0.17332642293273864
v -0.7189187174435889 -0.09819273448984793 0.18045019449478583
v -0.7189187174435889 -0.09819273448984793 0.18757396605683302
v -0.7189187174435889 -0.09809977889635951 0.1946977376188802
v -0.7189187174435889 -0.09732846317222135 -0.1971096982937151
v -0.7189187174435889 -0.09228032394347423 -0.19999999986844894
v -0.7189187174435889 -0.09228032394347423 0.19999999396779086
v -0.7189187174435889 -0.08515655238142705 -0.19999999986844894
v -0.7189187174435889 -0.08515655238142705 0.19999999396779086
v -0.7189187174435889 -0.07803278081937988 -0.19999999986844894
v -0.7189187174435889 -0.07803278081937988 0.19999999396779086
v -0.7189187174435889 -0.0709090092573327 -0.19999999986844894
v -0.7189187174435889 -0.0709090092573327 0.19999999396779086
v -0.7189187174435889 -0.06378523769528553 -0.19999999986844894
v -0.7189187174435889 -0.06378523769528553 0.19999999396779086
v -0.7189187174435889 -0.05666146613323836 -0.19999999986844894
v -0.7189187174435889 -0.05666146613323836 0.19999999396779086
v -0.7189187174435889 -0.049537694571191185 -0.19999999986844894
v -0.7189187174435889 -0.049537694571191185 0.19999999396779086
v -0.7189187174435889 -0.04241392300914401 -0.19999999986844894
v -0.7189187174435889 -0.04241392300914401 0.19999999396779086
v -0.7189187174435889 -0.03529015144709684 -0.19999999986844894
v -0.7189187174435889 -0.03529015144709684 0.19999999396779086
v -0.7189187174435889 -0.028166379885049664 -0.19999999986844894
v -0.7189187174435889 -0.028166379885049664 0.19999999396779086
v -0.7189187174435889 -0.02104260832300249 -0.19999999986844894
v -0.7189187174435889 -0.02104260832300249 0.19999999396779086
v -0.7189187174435889 -0.013918836760955317 -0.19999999986844894
v -0.7189187174435889 -0.013918836760955317 0.19999999396779086
v -0.7189187174435889 -0.006795065198908143 -0.19999999986844894
v -0.7189187174435889 -0.006795065198908143 0.19999999396779086
v -0.7189187174435889 0.0003287063631390308 -0.19999999986844894
v -0.7189187174435889 0.0003287063631390308 0.19999999396779086
v -0.7189187174435889 0.0074524779251862044 -0.19999999986844894
v -0.7189187174435889 0.0074524779251862044 0.19999999396779086
v -0.7189187174435889 0.014576249487233364 -0.19999999986844894
v -0.7189187174435889 0.014576249487233364 0.19999999396779086
v -0.7189187174435889 0.021700021049280552 -0.19999999986844894
v -0.7189187174435889 0.021700021049280552 0.19999999396779086
v -0.7189187174435889 0.02882379261132774 -0.19999999986844894
v -0.7189187174435889 0.02882379261132774 0.19999999396779086
v -0.7189187174435889 0.0359475641733749 -0.19999999986844894
v -0.7189187174435889 0.0359475641733749 0.19999999396779086
v -0.7189187174435889 0.04307133573542206 -0.19999999986844894
v -0.7189187174435889 0.04307133573542206 0.19999999396779086
v -0.7189187174435889 0.050195107297469246 -0.19999999986844894
v -0.7189187174435889 0.050195107297469246 0.19999999396779086
v -0.7189187174435889 0.057318878859516434 -0.19999999986844894
v -0.7189187174435889 0.057318878859516434 0.19999999396779086
v -0.7189187174435889 0.0644426504215636 -0.19999999986844894
v -0.7189187174435889 0.0644426504215636 0.19999999396779086
v -0.7189187174435889 0.07156642198361075 -0.19999999986844894
v -0.7189187174435889 0.07156642198361075 0.19999999396779086
v -0.7189187174435889 0.07869019354565794 -0.19999999986844894
v -0.7189187174435889 0.07869019354565794 0.19999999396779086
v -0.7189187174435889 0.08581396510770513 -0.19999999986844894
v -0.7189187174435889 0.08581396510770513 0.19999999396779086
v -0.7189187174435889 0.09293773666975229 -0.19999999986844894
v -0.7189187174435889 0.09293773666975229 0.19996188098555298
v -0.7189187174435889 0.09729575577279552 -0.1971096982937151
v -0.7189187174435889 0.09819224648761697 -0.18998592673166792
v -0.7189187174435889 0.09819224648761697 -0.18286215516962073
v -0.7189187174435889 0.09819224648761697 -0.17573838360757355
v -0.7189187174435889 0.09819224648761697 -0.16861461204552636
v -0.7189187174435889 0.09819224648761697 -0.16149084048347917
v -0.7189187174435889 0.09819224648761697 -0.15436706892143198
v -0.7189187174435889 0.09819224648761697 -0.1472432973593848
v -0.7189187174435889 0.09819224648761697 -0.1401195257973376
v -0.7189187174435889 0.09819224648761697 -0.13299575423529042
v -0.7189187174435889 0.09819224648761697 -0.12587198267324323
v -0.7189187174435889 0.09819224648761697 -0.11874821111119604
v -0.7189187174435889 0.09819224648761697 -0.11162443954914886
v -0.7189187174435889 0.09819224648761697 -0.10450066798710167
v -0.7189187174435889 0.09819224648761697 -0.09737689642505448
v -0.7189187174435889 0.09819224648761697 -0.0902531248630073
v -0.7189187174435889 0.09819224648761697 -0.08312935330096011
v -0.7189187174435889 0.09819224648761697 -0.07600558173891292
v -0.7189187174435889 0.09819224648761697 -0.06888181017686573
v -0.7189187174435889 0.09819224648761697 -0.061758038614818545
v -0.7189187174435889 0.09819224648761697 -0.05463426705277136
v -0.7189187174435889 0.09819224648761697 -0.04751049549072417
v -0.7189187174435889 0.09819224648761697 -0.04038672392867698
v -0.7189187174435889 0.09819224648761697 -0.033262952366629794
v -0.7189187174435889 0.09819224648761697 -0.026139180804582607
v -0.7189187174435889 0.09819224648761697 -0.01901540924253542
v -0.7189187174435889 0.09819224648761697 -0.011891637680488232
v -0.7189187174435889 0.09819224648761697 -0.004767866118441044
v -0.7189187174435889 0.09819224648761697 0.0023559054436061433
v -0.7189187174435889 0.09819224648761697 0.00947967700565333
v -0.7189187174435889 0.09819224648761697 0.01660344856770052
v -0.7189187174435889 0.09819224648761697 0.023727220129747706
v -0.7189187174435889 0.09819224648761697 0.030850991691794893
v -0.7189187174435889 0.09819224648761697 0.03797476325384208
v -0.7189187174435889 0.09819224648761697 0.04509853481588927
v -0.7189187174435889 0.09819224648761697 0.052222306377936456
v -0.7189187174435889 0.09819224648761697 0.059346077939983644
v -0.7189187174435889 0.09819224648761697 0.06646984950203083
v -0.7189187174435889 0.09819224648761697 0.07359362106407802
v -0.7189187174435889 0.09819224648761697 0.0807173926261252
v -0.7189187174435889 0.09819224648761697 0.0878411641881724
v -0.7189187174435889 0.09819224648761697 0.09496493575021958
v -0.7189187174435889 0.09819224648761697 0.10208870731226677
v -0.7189187174435889 0.09819224648761697 0.10921247887431396
v -0.7189187174435889 0.09819224648761697 0.11633625043636114
v -0.7189187174435889 0.09819224648761697 0.12346002199840833
v -0.7189187174435889 0.09819224648761697 0.13058379356045552
v -0.7189187174435889 0.09819224648761697 0.1377075651225027
v -0.7189187174435889 0.09819224648761697 0.1448313366845499
v -0.7189187174435889 0.09819224648761697 0.15195510824659708
v -0.7189187174435889 0.09819224648761697 0.15907887980864427
v -0.7189187174435889 0.09819224648761697 0.16620265137069146
v -0.7189187174435889 0.09819224648761697 0.17332642293273864
v -0.7189187174435889 0.09819224648761697 0.18045019449478583
v -0.7189187174435889 0.09819224648761697 0.18757396605683302
v -0.7189187174435889 0.09819224648761697 0.1946977376188802
v -0.7117949458815418 -0.09930190549650592 -0.18998592673166792
v -0.7117949458815418 -0.09930190549650592 -0.18286215516962073
v -0.7117949458815418 -0.09930190549650592 -0.17573838360757355
v -0.7117949458815418 -0.09930190549650592 -0.16861461204552636
v -0.7117949458815418 -0.09930190549650592 -0.16149084048347917
v -0.7117949458815418 -0.09930190549650592 -0.15436706892143198
v -0.7117949458815418 -0.09930190549650592 -0.1472432973593848
v -0.7117949458815418 -0.09930190549650592 -0.1401195257973376
v -0.7117949458815418 -0.09930190549650592 -0.13299575423529042
v -0.7117949458815418 -0.09930190549650592 -0.12587198267324323
v -0.7117949458815418 -0.09930190549650592 -0.11874821111119604
v -0.7117949458815418 -0.09930190549650592 -0.11162443954914886
v -0.7117949458815418 -0.09930190549650592 -0.10450066798710167
v -0.7117949458815418 -0.09930190549650592 -0.09737689642505448
v -0.7117949458815418 -0.09930190549650592 -0.0902531248630073
v -0.7117949458815418 -0.09930190549650592 -0.08312935330096011
v -0.7117949458815418 -0.09930190549650592 -0.07600558173891292
v -0.7117949458815418 -0.09930190549650592 -0.06888181017686573
v -0.7117949458815418 -0.09930190549650592 -0.061758038614818545
v -0.7117949458815418 -0.09930190549650592 -0.05463426705277136
v -0.7117949458815418 -0.09930190549650592 -0.04751049549072417
v -0.7117949458815418 -0.09930190549650592 -0.04038672392867698
v -0.7117949458815418 -0.09930190549650592 -0.033262952366629794
v -0.7117949458815418 -0.09930190549650592 -0.026139180804582607
v -0.7117949458815418 -0.09930190549650592 -0.01901540924253542
v -0.7117949458815418 -0.09930190549650592 -0.011891637680488232
v -0.7117949458815418 -0.09930190549650592 -0.004767866118441044
v -0.7117949458815418 -0.09930190549650592 0.0023559054436061433
v -0.7117949458815418 -0.09930190549650592 0.00947967700565333
v -0.7117949458815418 -0.09930190549650592 0.01660344856770052
v -0.7117949458815418 -0.09930190549650592 0.023727220129747706
v -0.7117949458815418 -0.09930190549650592 0.030850991691794893
v -0.7117949458815418 -0.09930190549650592 0.03797476325384208
v -0.7117949458815418 -0.09930190549650592 0.04509853481588927
v -0.7117949458815418 -0.09930190549650592 0.052222306377936456
v -0.7117949458815418 -0.09930190549650592 0.059346077939983644
v -0.7117949458815418 -0.09930190549650592 0.06646984950203083
v -0.7117949458815418 -0.09930190549650592 0.07359362106407802
v -0.7117949458815418 -0.09930190549650592 0.0807173926261252
v -0.7117949458815418 -0.09930190549650592 0.0878411641881724
v -0.7117949458815418 -0.09930190549650592 0.09496493575021958
v -0.7117949458815418 -0.09930190549650592 0.10208870731226677
v -0.7117949458815418 -0.09930190549650592 0.10921247887431396
v -0.7117949458815418 -0.09930190549650592 0.11633625043636114
v -0.7117949458815418 -0.09930190549650592 0.12346002199840833
v -0.7117949458815418 -0.09930190549650592 0.13058379356045552
v -0.7117949458815418 -0.09930190549650592 0.1377075651225027
v -0.7117949458815418 -0.09930190549650592 0.1448313366845499
v -0.7117949458815418 -0.09930190549650592 0.15195510824659708
v -0.7117949458815418 -0.09930190549650592 0.15907887980864427
v -0.7117949458815418 -0.09930190549650592 0.16620265137069146
v -0.7117949458815418 -0.09930190549650592 0.17332642293273864
v -0.7117949458815418 -0.09930190549650592 0.18045019449478583
v -0.7117949458815418 -0.09930190549650592 0.18757396605683302
v -0.7117949458815418 -0.09927038755482193 0.1946977376188802
v -0.7117949458815418 -0.09916259099703784 -0.1971096982937151
v -0.7117949458815418 -0.09228032394347423 -0.19999999986844894
v -0.7117949458815418 -0.09228032394347423 0.19999999396779086
v -0.7117949458815418 -0.08515655238142705 -0.19999999986844894
v -0.7117949458815418 -0.08515655238142705 0.19999999396779086
v -0.7117949458815418 -0.07803278081937988 -0.19999999986844894
v -0.7117949458815418 -0.07803278081937988 0.19999999396779086
v -0.7117949458815418 -0.0709090092573327 -0.19999999986844894
v -0.7117949458815418 -0.0709090092573327 0.19999999396779086
v -0.7117949458815418 -0.06378523769528553 -0.19999999986844894
v -0.7117949458815418 -0.06378523769528553 0.19999999396779086
v -0.7117949458815418 -0.05666146613323836 -0.19999999986844894
v -0.7117949458815418 -0.05666146613323836 0.19999999396779086
v -0.7117949458815418 -0.049537694571191185 -0.19999999986844894
v -0.7117949458815418 -0.049537694571191185 0.19999999396779086
v -0.7117949458815418 -0.04241392300914401 -0.19999999986844894
v -0.7117949458815418 -0.04241392300914401 0.19999999396779086
v -0.7117949458815418 -0.03529015144709684 -0.19999999986844894
v -0.7117949458815418 -0.03529015144709684 0.19999999396779086
v -0.7117949458815418 -0.028166379885049664 -0.19999999986844894
v -0.7117949458815418 -0.028166379885049664 0.19999999396779086
v -0.7117949458815418 -0.02104260832300249 -0.19999999986844894
v -0.7117949458815418 -0.02104260832300249 0.19999999396779086
v -0.7117949458815418 -0.013918836760955317 -0.19999999986844894
v -0.7117949458815418 -0.013918836760955317 0.19999999396779086
v -0.7117949458815418 -0.006795065198908143 -0.19999999986844894
v -0.7117949458815418 -0.006795065198908143 0.19999999396779086
v -0.7117949458815418 0.0003287063631390308 -0.19999999986844894
v -0.7117949458815418 0.0003287063631390308 0.19999999396779086
v -0.7117949458815418 0.0074524779251862044 -0.19999999986844894
v -0.7117949458815418 0.0074524779251862044 0.19999999396779086
v -0.7117949458815418 0.014576249487233364 -0.19999999986844894
v -0.7117949458815418 0.014576249487233364 0.19999999396779086
v -0.7117949458815418 0.021700021049280552 -0.19999999986844894
v -0.7117949458815418 0.021700021049280552 0.19999999396779086
v -0.7117949458815418 0.02882379261132774 -0.19999999986844894
v -0.7117949458815418 0.02882379261132774 0.19999999396779086
v -0.7117949458815418 0.0359475641733749 -0.19999999986844894
v -0.7117949458815418 0.0359475641733749 0.19999999396779086
v -0.7117949458815418 0.04307133573542206 -0.19999999986844894
v -0.7117949458815418 0.04307133573542206 0.19999999396779086
v -0.7117949458815418 0.050195107297469246 -0.19999999986844894
v -0.7117949458815418 0.050195107297469246 0.19999999396779086
v -0.7117949458815418 0.057318878859516434 -0.19999999986844894
v -0.7117949458815418 0.057318878859516434 0.19999999396779086
v -0.7117949458815418 0.0644426504215636 -0.19999999986844894
v -0.7117949458815418 0.0644426504215636 0.19999999396779086
v -0.7117949458815418 0.07156642198361075 -0.19999999986844894
v -0.7117949458815418 0.07156642198361075 0.19999999396779086
v -0.7117949458815418 0.07869019354565794 -0.19999999986844894
v -0.7117949458815418 0.07869019354565794 0.19999999396779086
v -0.7117949458815418 0.08581396510770513 -0.19999999986844894
v -0.7117949458815418 0.08581396510770513 0.19999999396779086
v -0.7117949458815418 0.09293773666975229 -0.19999999986844894
v -0.7117949458815418 0.09293773666975229 0.19999999396779086
v -0.7117949458815418 0.09858716763868451 -0.1971096982937151
v -0.7117949458815418 0.09917431137788736 0.1946977376188802
v -0.7117949458815418 0.09930159922730077 -0.18998592673166792
v -0.7117949458815418 0.09930159922730077 -0.18286215516962073
v -0.7117949458815418 0.09930159922730077 -0.17573838360757355
v -0.7117949458815418 0.09930159922730077 -0.16861461204552636
v -0.7117949458815418 0.09930159922730077 -0.16149084048347917
v -0.7117949458815418 0.09930159922730077 -0.15436706892143198
v -0.7117949458815418 0.09930159922730077 -0.1472432973593848
v -0.7117949458815418 0.09930159922730077 -0.1401195257973376
v -0.7117949458815418 0.09930159922730077 -0.13299575423529042
v -0.7117949458815418 0.09930159922730077 -0.12587198267324323
v -0.7117949458815418 0.09930159922730077 -0.11874821111119604
v -0.7117949458815418 0.09930159922730077 -0.11162443954914886
v -0.7117949458815418 0.09930159922730077 -0.10450066798710167
v -0.7117949458815418 0.09930159922730077 -0.09737689642505448
v -0.7117949458815418 0.09930159922730077 -0.0902531248630073
v -0.7117949458815418 0.09930159922730077 -0.08312935330096011
v -0.7117949458815418 0.09930159922730077 -0.07600558173891292
v -0.7117949458815418 0.09930159922730077 -0.06888181017686573
v -0.7117949458815418 0.09930159922730077 -0.061758038614818545
v -0.7117949458815418 0.09930159922730077 -0.05463426705277136
v -0.7117949458815418 0.09930159922730077 -0.04751049549072417
v -0.7117949458815418 0.09930159922730077 -0.04038672392867698
v -0.7117949458815418 0.09930159922730077 -0.033262952366629794
v -0.7117949458815418 0.09930159922730077 -0.026139180804582607
v -0.7117949458815418 0.09930159922730077 -0.01901540924253542
v -0.7117949458815418 0.09930159922730077 -0.011891637680488232
v -0.7117949458815418 0.09930159922730077 -0.004767866118441044
v -0.7117949458815418 0.09930159922730077 0.0023559054436061433
v -0.7117949458815418 0.09930159922730077 0.00947967700565333
v -0.7117949458815418 0.09930159922730077 0.01660344856770052
v -0.7117949458815418 0.09930159922730077 0.023727220129747706
v -0.7117949458815418 0.09930159922730077 0.030850991691794893
v -0.7117949458815418 0.09930159922730077 0.03797476325384208
v -0.7117949458815418 0.09930159922730077 0.04509853481588927
v -0.7117949458815418 0.09930159922730077 0.052222306377936456
v -0.7117949458815418 0.09930159922730077 0.059346077939983644
v -0.7117949458815418 0.09930159922730077 0.06646984950203083
v -0.7117949458815418 0.09930159922730077 0.07359362106407802
v -0.7117949458815418 0.09930159922730077 0.0807173926261252
v -0.7117949458815418 0.09930159922730077 0.0878411641881724
v -0.7117949458815418 0.09930159922730077 0.09496493575021958
v -0.7117949458815418 0.09930159922730077 0.10208870731226677
v -0.7117949458815418 0.09930159922730077 0.10921247887431396
v -0.7117949458815418 0.09930159922730077 0.11633625043636114
v -0.7117949458815418 0.09930159922730077 0.12346002199840833
v -0.7117949458815418 0.09930159922730077 0.13058379356045552
v -0.7117949458815418 0.09930159922730077 0.1377075651225027
v -0.7117949458815418 0.09930159922730077 0.1448313366845499
v -0.7117949458815418 0.09930159922730077 0.15195510824659708
v -0.7117949458815418 0.09930159922730077 0.15907887980864427
v -0.7117949458815418 0.09930159922730077 0.16620265137069146
v -0.7117949458815418 0.09930159922730077 0.17332642293273864
v -0.7117949458815418 0.09930159922730077 0.18045019449478583
v -0.7117949458815418 0.09930159922730077 0.18757396605683302
v -0.7105654115632861 -0.0994040955055214 -0.1971096982937151
v -0.7105654115632861 -0.0994040955055214 -0.18998592673166792
v -0.7105654115632861 -0.0994040955055214 -0.18286215516962073
v -0.7105654115632861 -0.0994040955055214 -0.17573838360757355
v -0.7105654115632861 -0.0994040955055214 -0.16861461204552636
v -0.7105654115632861 -0.0994040955055214 -0.16149084048347917
v -0.7105654115632861 -0.0994040955055214 -0.15436706892143198
v -0.7105654115632861 -0.0994040955055214 -0.1472432973593848
v -0.7105654115632861 -0.0994040955055214 -0.1401195257973376
v -0.7105654115632861 -0.0994040955055214 -0.13299575423529042
v -0.7105654115632861 -0.0994040955055214 -0.12587198267324323
v -0.7105654115632861 -0.0994040955055214 -0.11874821111119604
v -0.7105654115632861 -0.0994040955055214 -0.11162443954914886
v -0.7105654115632861 -0.0994040955055214 -0.10450066798710167
v -0.7105654115632861 -0.0994040955055214 -0.09737689642505448
v -0.7105654115632861 -0.0994040955055214 -0.0902531248630073
v -0.7105654115632861 -0.0994040955055214 -0.08312935330096011
v -0.7105654115632861 -0.0994040955055214 -0.07600558173891292
v -0.7105654115632861 -0.0994040955055214 -0.06888181017686573
v -0.7105654115632861 -0.0994040955055214 -0.061758038614818545
v -0.7105654115632861 -0.0994040955055214 -0.05463426705277136
v -0.7105654115632861 -0.0994040955055214 -0.04751049549072417
v -0.7105654115632861 -0.0994040955055214 -0.04038672392867698
v -0.7105654115632861 -0.0994040955055214 -0.033262952366629794
v -0.7105654115632861 -0.0994040955055214 -0.026139180804582607
v -0.7105654115632861 -0.0994040955055214 -0.01901540924253542
v -0.7105654115632861 -0.0994040955055214 -0.011891637680488232
v -0.7105654115632861 -0.0994040955055214 -0.004767866118441044
v -0.7105654115632861 -0.0994040955055214 0.0023559054436061433
v -0.7105654115632861 -0.0994040955055214 0.00947967700565333
v -0.7105654115632861 -0.0994040955055214 0.01660344856770052
v -0.7105654115632861 -0.0994040955055214 0.023727220129747706
v -0.7105654115632861 -0.0994040955055214 0.030850991691794893
v -0.7105654115632861 -0.0994040955055214 0.03797476325384208
v -0.7105654115632861 -0.0994040955055214 0.04509853481588927
v -0.7105654115632861 -0.0994040955055214 0.052222306377936456
v -0.7105654115632861 -0.0994040955055214 0.059346077939983644
v -0.7105654115632861 -0.0994040955055214 0.06646984950203083
v -0.7105654115632861 -0.0994040955055214 0.07359362106407802
v -0.7105654115632861 -0.0994040955055214 0.0807173926261252
v -0.7105654115632861 -0.0994040955055214 0.0878411641881724
v -0.7105654115632861 -0.0994040955055214 0.09496493575021958
v -0.7105654115632861 -0.0994040955055214 0.10208870731226677
v -0.7105654115632861 -0.0994040955055214 0.10921247887431396
v -0.7105654115632861 -0.0994040955055214 0.11633625043636114
v -0.7105654115632861 -0.0994040955055214 0.12346002199840833
v -0.7105654115632861 -0.0994040955055214 0.13058379356045552
v -0.7105654115632861 -0.0994040955055214 0.1377075651225027
v -0.7105654115632861 -0.0994040955055214 0.1448313366845499
v -0.7105654115632861 -0.0994040955055214 0.15195510824659708
v -0.7105654115632861 -0.0994040955055214 0.15907887980864427
v -0.7105654115632861 -0.0994040955055214 0.16620265137069146
v -0.7105654115632861 -0.0994040955055214 0.17332642293273864
v -0.7105654115632861 -0.0994040955055214 0.18045019449478583
v -0.7105654115632861 -0.0994040955055214 0.18757396605683302
v -0.7105654115632861 -0.0994040955055214 0.1946977376188802
v -0.7046711743194947 -0.09989080712058471 -0.1971096982937151
v -0.7046711743194947 -0.09989080712058471 -0.18998592673166792
v -0.7046711743194947 -0.09989080712058471 -0.18286215516962073
v -0.7046711743194947 -0.09989080712058471 -0.17573838360757355
v -0.7046711743194947 -0.09989080712058471 -0.16861461204552636
v -0.7046711743194947 -0.09989080712058471 -0.16149084048347917
v -0.7046711743194947 -0.09989080712058471 -0.15436706892143198
v -0.7046711743194947 -0.09989080712058471 -0.1472432973593848
v -0.7046711743194947 -0.09989080712058471 -0.1401195257973376
v -0.7046711743194947 -0.09989080712058471 -0.13299575423529042
v -0.7046711743194947 -0.09989080712058471 -0.12587198267324323
v -0.7046711743194947 -0.09989080712058471 -0.11874821111119604
v -0.7046711743194947 -0.09989080712058471 -0.11162443954914886
v -0.7046711743194947 -0.09989080712058471 -0.10450066798710167
v -0.7046711743194947 -0.09989080712058471 -0.09737689642505448
v -0.7046711743194947 -0.09989080712058471 -0.0902531248630073
v -0.7046711743194947 -0.09989080712058471 -0.08312935330096011
v -0.7046711743194947 -0.09989080712058471 -0.07600558173891292
v -0.7046711743194947 -0.09989080712058471 -0.06888181017686573
v -0.7046711743194947 -0.09989080712058471 -0.061758038614818545
v -0.7046711743194947 -0.09989080712058471 -0.05463426705277136
v -0.7046711743194947 -0.09989080712058471 -0.04751049549072417
v -0.7046711743194947 -0.09989080712058471 -0.04038672392867698
v -0.7046711743194947 -0.09989080712058471 -0.033262952366629794
v -0.7046711743194947 -0.09989080712058471 -0.026139180804582607
v -0.7046711743194947 -0.09989080712058471 -0.01901540924253542
v -0.7046711743194947 -0.09989080712058471 -0.011891637680488232
v -0.7046711743194947 -0.09989080712058471 -0.004767866118441044
v -0.7046711743194947 -0.09989080712058471 0.0023559054436061433
v -0.7046711743194947 -0.09989080712058471 0.00947967700565333
v -0.7046711743194947 -0.09989080712058471 0.01660344856770052
v -0.7046711743194947 -0.09989080712058471 0.023727220129747706
v -0.7046711743194947 -0.09989080712058471 0.030850991691794893
v -0.7046711743194947 -0.09989080712058471 0.03797476325384208
v -0.7046711743194947 -0.09989080712058471 0.04509853481588927
v -0.7046711743194947 -0.09989080712058471 0.052222306377936456
v -0.7046711743194947 -0.09989080712058471 0.059346077939983644
v -0.7046711743194947 -0.09989080712058471 0.06646984950203083
v -0.7046711743194947 -0.09989080712058471 0.07359362106407802
v -0.7046711743194947 -0.09989080712058471 0.0807173926261252
v -0.7046711743194947 -0.09989080712058471 0.0878411641881724
v -0.7046711743194947 -0.09989080712058471 0.09496493575021958
v -0.7046711743194947 -0.09989080712058471 0.10208870731226677
v -0.7046711743194947 -0.09989080712058471 0.10921247887431396
v -0.7046711743194947 -0.09989080712058471 0.11633625043636114
v -0.7046711743194947 -0.09989080712058471 0.12346002199840833
v -0.7046711743194947 -0.09989080712058471 0.13058379356045552
v -0.7046711743194947 -0.09989080712058471 0.1377075651225027
v -0.7046711743194947 -0.09989080712058471 0.1448313366845499
v -0.7046711743194947 -0.09989080712058471 0.15195510824659708
v -0.7046711743194947 -0.09989080712058471 0.15907887980864427
v -0.7046711743194947 -0.09989080712058471 0.16620265137069146
v -0.7046711743194947 -0.09989080712058471 0.17332642293273864
v -0.7046711743194947 -0.09989080712058471 0.18045019449478583
v -0.7046711743194947 -0.09989080712058471 0.18757396605683302
v -0.7046711743194947 -0.09989080712058471 0.1946977376188802
v -0.7046711743194947 -0.0994040955055214 -0.19784357446687462
v -0.7046711743194947 -0.0994040955055214 0.19619864180567612
v -0.7046711743194947 -0.09228032394347423 -0.19999999986844894
v -0.7046711743194947 -0.09228032394347423 0.19999999396779086
v -0.7046711743194947 -0.08515655238142705 -0.19999999986844894
v -0.7046711743194947 -0.08515655238142705 0.19999999396779086
v -0.7046711743194947 -0.07803278081937988 -0.19999999986844894
v -0.7046711743194947 -0.07803278081937988 0.19999999396779086
v -0.7046711743194947 -0.0709090092573327 -0.19999999986844894
v -0.7046711743194947 -0.0709090092573327 0.19999999396779086
v -0.7046711743194947 -0.06378523769528553 -0.19999999986844894
v -0.7046711743194947 -0.06378523769528553 0.19999999396779086
v -0.7046711743194947 -0.05666146613323836 -0.19999999986844894
v -0.7046711743194947 -0.05666146613323836 0.19999999396779086
v -0.7046711743194947 -0.049537694571191185 -0.19999999986844894
v -0.7046711743194947 -0.049537694571191185 0.19999999396779086
v -0.7046711743194947 -0.04241392300914401 -0.19999999986844894
v -0.7046711743194947 -0.04241392300914401 0.19999999396779086
v -0.7046711743194947 -0.03529015144709684 -0.19999999986844894
v -0.7046711743194947 -0.03529015144709684 0.19999999396779086
v -0.7046711743194947 -0.028166379885049664 -0.19999999986844894
v -0.7046711743194947 -0.028166379885049664 0.19999999396779086
v -0.7046711743194947 -0.02104260832300249 -0.19999999986844894
v -0.7046711743194947 -0.02104260832300249 0.19999999396779086
v -0.7046711743194947 -0.013918836760955317 -0.19999999986844894
v -0.7046711743194947 -0.013918836760955317 0.19999999396779086
v -0.7046711743194947 -0.006795065198908143 -0.19999999986844894
v -0.7046711743194947 -0.006795065198908143 0.19999999396779086
v -0.7046711743194947 0.0003287063631390308 -0.19999999986844894
v -0.7046711743194947 0.0003287063631390308 0.19999999396779086
v -0.7046711743194947 0.0074524779251862044 -0.19999999986844894
v -0.7046711743194947 0.0074524779251862044 0.19999999396779086
v -0.7046711743194947 0.014576249487233364 -0.19999999986844894
v -0.7046711743194947 0.014576249487233364 0.19999999396779086
v -0.7046711743194947 0.021700021049280552 -0.19999999986844894
v -0.7046711743194947 0.021700021049280552 0.19999999396779086
v -0.7046711743194947 0.02882379261132774 -0.19999999986844894
v -0.7046711743194947 0.02882379261132774 0.19999999396779086
v -0.7046711743194947 0.0359475641733749 -0.19999999986844894
v -0.7046711743194947 0.0359475641733749 0.19999999396779086
v -0.7046711743194947 0.04307133573542206 -0.19999999986844894
v -0.7046711743194947 0.04307133573542206 0.19999999396779086
v -0.7046711743194947 0.050195107297469246 -0.19999999986844894
v -0.7046711743194947 0.050195107297469246 0.19999999396779086
v -0.7046711743194947 0.057318878859516434 -0.19999999986844894
v -0.7046711743194947 0.057318878859516434 0.19999999396779086
v -0.7046711743194947 0.0644426504215636 -0.19999999986844894
v -0.7046711743194947 0.0644426504215636 0.19999999396779086
v -0.7046711743194947 0.07156642198361075 -0.19999999986844894
v -0.7046711743194947 0.07156642198361075 0.19999999396779086
v -0.7046711743194947 0.07869019354565794 -0.19999999986844894
v -0.7046711743194947 0.07869019354565794 0.19999999396779086
v -0.7046711743194947 0.08581396510770513 -0.19999999986844894
v -0.7046711743194947 0.08581396510770513 0.19999999396779086
v -0.7046711743194947 0.09293773666975229 -0.19999999986844894
v -0.7046711743194947 0.09293773666975229 0.19999999396779086
v -0.7046711743194947 0.09966472559104685 -0.1971096982937151
v -0.7046711743194947 0.09983959692131485 0.1946977376188802
v -0.7046711743194947 0.09989082185644386 -0.18998592673166792
v -0.7046711743194947 0.09989082185644386 -0.18286215516962073
v -0.7046711743194947 0.09989082185644386 -0.17573838360757355
v -0.7046711743194947 0.09989082185644386 -0.16861461204552636
v -0.7046711743194947 0.09989082185644386 -0.16149084048347917
v -0.7046711743194947 0.09989082185644386 -0.15436706892143198
v -0.7046711743194947 0.09989082185644386 -0.1472432973593848
v -0.7046711743194947 0.09989082185644386 -0.1401195257973376
v -0.7046711743194947 0.09989082185644386 -0.13299575423529042
v -0.7046711743194947 0.09989082185644386 -0.12587198267324323
v -0.7046711743194947 0.09989082185644386 -0.11874821111119604
v -0.7046711743194947 0.09989082185644386 -0.11162443954914886
v -0.7046711743194947 0.09989082185644386 -0.10450066798710167
v -0.7046711743194947 0.09989082185644386 -0.09737689642505448
v -0.7046711743194947 0.09989082185644386 -0.0902531248630073
v -0.7046711743194947 0.09989082185644386 -0.08312935330096011
v -0.7046711743194947 0.09989082185644386 -0.07600558173891292
v -0.7046711743194947 0.09989082185644386 -0.06888181017686573
v -0.7046711743194947 0.09989082185644386 -0.061758038614818545
v -0.7046711743194947 0.09989082185644386 -0.05463426705277136
v -0.7046711743194947 0.09989082185644386 -0.04751049549072417
v -0.7046711743194947 0.09989082185644386 -0.04038672392867698
v -0.7046711743194947 0.09989082185644386 -0.033262952366629794
v -0.7046711743194947 0.09989082185644386 -0.026139180804582607
v -0.7046711743194947 0.09989082185644386 -0.01901540924253542
v -0.7046711743194947 0.09989082185644386 -0.011891637680488232
v -0.7046711743194947 0.09989082185644386 -0.004767866118441044
v -0.7046711743194947 0.09989082185644386 0.0023559054436061433
v -0.7046711743194947 0.09989082185644386 0.00947967700565333
v -0.7046711743194947 0.09989082185644386 0.01660344856770052
v -0.7046711743194947 0.09989082185644386 0.023727220129747706
v -0.7046711743194947 0.09989082185644386 0.030850991691794893
v -0.7046711743194947 0.09989082185644386 0.03797476325384208
v -0.7046711743194947 0.09989082185644386 0.04509853481588927
v -0.7046711743194947 0.09989082185644386 0.052222306377936456
v -0.7046711743194947 0.09989082185644386 0.059346077939983644
v -0.7046711743194947 0.09989082185644386 0.06646984950203083
v -0.7046711743194947 0.09989082185644386 0.07359362106407802
v -0.7046711743194947 0.09989082185644386 0.0807173926261252
v -0.7046711743194947 0.09989082185644386 0.0878411641881724
v -0.7046711743194947 0.09989082185644386 0.09496493575021958
v -0.7046711743194947 0.09989082185644386 0.10208870731226677
v -0.7046711743194947 0.09989082185644386 0.10921247887431396
v -0.7046711743194947 0.09989082185644386 0.11633625043636114
v -0.7046711743194947 0.09989082185644386 0.12346002199840833
v -0.7046711743194947 0.09989082185644386 0.13058379356045552
v -0.7046711743194947 0.09989082185644386 0.1377075651225027
v -0.7046711743194947 0.09989082185644386 0.1448313366845499
v -0.7046711743194947 0.09989082185644386 0.15195510824659708
v -0.7046711743194947 0.09989082185644386 0.15907887980864427
v -0.7046711743194947 0.09989082185644386 0.16620265137069146
v -0.7046711743194947 0.09989082185644386 0.17332642293273864
v -0.7046711743194947 0.09989082185644386 0.18045019449478583
v -0.7046711743194947 0.09989082185644386 0.18757396605683302
v -0.6975474027574475 -0.09996990854312328 -0.1971096982937151
v -0.6975474027574475 -0.09996990854312328 -0.18998592673166792
v -0.6975474027574475 -0.09996990854312328 -0.18286215516962073
v -0.6975474027574475 -0.09996990854312328 -0.17573838360757355
v -0.6975474027574475 -0.09996990854312328 -0.16861461204552636
v -0.6975474027574475 -0.09996990854312328 -0.16149084048347917
v -0.6975474027574475 -0.09996990854312328 -0.15436706892143198
v -0.6975474027574475 -0.09996990854312328 -0.1472432973593848
v -0.6975474027574475 -0.09996990854312328 -0.1401195257973376
v -0.6975474027574475 -0.09996990854312328 -0.13299575423529042
v -0.6975474027574475 -0.09996990854312328 -0.12587198267324323
v -0.6975474027574475 -0.09996990854312328 -0.11874821111119604
v -0.6975474027574475 -0.09996990854312328 -0.11162443954914886
v -0.6975474027574475 -0.09996990854312328 -0.10450066798710167
v -0.6975474027574475 -0.09996990854312328 -0.09737689642505448
v -0.6975474027574475 -0.09996990854312328 -0.0902531248630073
v -0.6975474027574475 -0.09996990854312328 -0.08312935330096011
v -0.6975474027574475 -0.09996990854312328 -0.07600558173891292
v -0.6975474027574475 -0.09996990854312328 -0.06888181017686573
v -0.6975474027574475 -0.09996990854312328 -0.061758038614818545
v -0.6975474027574475 -0.09996990854312328 -0.05463426705277136
v -0.6975474027574475 -0.09996990854312328 -0.04751049549072417
v -0.6975474027574475 -0.09996990854312328 -0.04038672392867698
v -0.6975474027574475 -0.09996990854312328 -0.033262952366629794
v -0.6975474027574475 -0.09996990854312328 -0.026139180804582607
v -0.6975474027574475 -0.09996990854312328 -0.01901540924253542
v -0.6975474027574475 -0.09996990854312328 -0.011891637680488232
v -0.6975474027574475 -0.09996990854312328 -0.004767866118441044
v -0.6975474027574475 -0.09996990854312328 0.0023559054436061433
v -0.6975474027574475 -0.09996990854312328 0.00947967700565333
v -0.6975474027574475 -0.09996990854312328 0.01660344856770052
v -0.6975474027574475 -0.09996990854312328 0.023727220129747706
v -0.6975474027574475 -0.09996990854312328 0.030850991691794893
v -0.6975474027574475 -0.09996990854312328 0.03797476325384208
v -0.6975474027574475 -0.09996990854312328 0.04509853481588927
v -0.6975474027574475 -0.09996990854312328 0.052222306377936456
v -0.6975474027574475 -0.09996990854312328 0.059346077939983644
v -0.6975474027574475 -0.09996990854312328 0.06646984950203083
v -0.6975474027574475 -0.09996990854312328 0.07359362106407802
v -0.6975474027574475 -0.09996990854312328 0.0807173926261252
v -0.6975474027574475 -0.09996990854312328 0.0878411641881724
v -0.6975474027574475 -0.09996990854312328 0.09496493575021958
v -0.6975474027574475 -0.09996990854312328 0.10208870731226677
v -0.6975474027574475 -0.09996990854312328 0.10921247887431396
v -0.6975474027574475 -0.09996990854312328 0.11633625043636114
v -0.6975474027574475 -0.09996990854312328 0.12346002199840833
v -0.6975474027574475 -0.09996990854312328 0.13058379356045552
v -0.6975474027574475 -0.09996990854312328 0.1377075651225027
v -0.6975474027574475 -0.09996990854312328 0.1448313366845499
v -0.6975474027574475 -0.09996990854312328 0.15195510824659708
v -0.6975474027574475 -0.09996990854312328 0.15907887980864427
v -0.6975474027574475 -0.09996990854312328 0.16620265137069146
v -0.6975474027574475 -0.09996990854312328 0.17332642293273864
v -0.6975474027574475 -0.09996990854312328 0.18045019449478583
v -0.6975474027574475 -0.09996990854312328 0.18757396605683302
v -0.6975474027574475 -0.09996990854312328 0.1946977376188802
v -0.6975474027574475 -0.0994040955055214 -0.197949347334002
v -0.6975474027574475 -0.0994040955055214 0.19638575548781448
v -0.6975474027574475 -0.09228032394347423 -0.19999999986844894
v -0.6975474027574475 -0.09228032394347423 0.19999999396779086
v -0.6975474027574475 -0.08515655238142705 -0.19999999986844894
v -0.6975474027574475 -0.08515655238142705 0.19999999396779086
v -0.6975474027574475 -0.07803278081937988 -0.19999999986844894
v -0.6975474027574475 -0.07803278081937988 0.19999999396779086
v -0.6975474027574475 -0.0709090092573327 -0.19999999986844894
v -0.6975474027574475 -0.0709090092573327 0.19999999396779086
v -0.6975474027574475 -0.06378523769528553 -0.19999999986844894
v -0.6975474027574475 -0.06378523769528553 0.19999999396779086
v -0.6975474027574475 -0.05666146613323836 -0.19999999986844894
v -0.6975474027574475 -0.05666146613323836 0.19999999396779086
v -0.6975474027574475 -0.049537694571191185 -0.19999999986844894
v -0.6975474027574475 -0.049537694571191185 0.19999999396779086
v -0.6975474027574475 -0.04241392300914401 -0.19999999986844894
v -0.6975474027574475 -0.04241392300914401 0.19999999396779086
v -0.6975474027574475 -0.03529015144709684 -0.19999999986844894
v -0.6975474027574475 -0.03529015144709684 0.19999999396779086
v -0.6975474027574475 -0.028166379885049664 -0.19999999986844894
v -0.6975474027574475 -0.028166379885049664 0.19999999396779086
v -0.6975474027574475 -0.02104260832300249 -0.19999999986844894
v -0.6975474027574475 -0.02104260832300249 0.19999999396779086
v -0.6975474027574475 -0.013918836760955317 -0.19999999986844894
v -0.6975474027574475 -0.013918836760955317 0.19999999396779086
v -0.6975474027574475 -0.006795065198908143 -0.19999999986844894
v -0.6975474027574475 -0.006795065198908143 0.19999999396779086
v -0.6975474027574475 0.0003287063631390308 -0.19999999986844894
v -0.6975474027574475 0.0003287063631390308 0.19999999396779086
v -0.6975474027574475 0.0074524779251862044 -0.19999999986844894
v -0.6975474027574475 0.0074524779251862044 0.19999999396779086
v -0.6975474027574475 0.014576249487233364 -0.19999999986844894
v -0.6975474027574475 0.014576249487233364 0.19999999396779086
v -0.6975474027574475 0.021700021049280552 -0.19999999986844894
v -0.6975474027574475 0.021700021049280552 0.19999999396779086
v -0.6975474027574475 0.02882379261132774 -0.19999999986844894
v -0.6975474027574475 0.02882379261132774 0.19999999396779086
v -0.6975474027574475 0.0359475641733749 -0.19999999986844894
v -0.6975474027574475 0.0359475641733749 0.19999999396779086
v -0.6975474027574475 0.04307133573542206 -0.19999999986844894
v -0.6975474027574475 0.04307133573542206 0.19999999396779086
v -0.6975474027574475 0.050195107297469246 -0.19999999986844894
v -0.6975474027574475 0.050195107297469246 0.19999999396779086
v -0.6975474027574475 0.057318878859516434 -0.19999999986844894
v -0.6975474027574475 0.057318878859516434 0.19999999396779086
v -0.6975474027574475 0.0644426504215636 -0.19999999986844894
v -0.6975474027574475 0.0644426504215636 0.19999999396779086
v -0.6975474027574475 0.07156642198361075 -0.19999999986844894
v -0.6975474027574475 0.07156642198361075 0.19999999396779086
v -0.6975474027574475 0.07869019354565794 -0.19999999986844894
v -0.6975474027574475 0.07869019354565794 0.19999999396779086
v -0.6975474027574475 0.08581396510770513 -0.19999999986844894
v -0.6975474027574475 0.08581396510770513 0.19999999396779086
v -0.6975474027574475 0.09293773666975229 -0.19999999986844894
v -0.6975474027574475 0.09293773666975229 0.19999999396779086
v -0.6975474027574475 0.09984276281253106 -0.1971096982937151
v -0.6975474027574475 0.09994057933985033 0.1946977376188802
v -0.6975474027574475 0.09996991478678498 -0.18998592673166792
v -0.6975474027574475 0.09996991478678498 -0.18286215516962073
v -0.6975474027574475 0.09996991478678498 -0.17573838360757355
v -0.6975474027574475 0.09996991478678498 -0.16861461204552636
v -0.6975474027574475 0.09996991478678498 -0.16149084048347917
v -0.6975474027574475 0.09996991478678498 -0.15436706892143198
v -0.6975474027574475 0.09996991478678498 -0.1472432973593848
v -0.6975474027574475 0.09996991478678498 -0.1401195257973376
v -0.6975474027574475 0.09996991478678498 -0.13299575423529042
v -0.6975474027574475 0.09996991478678498 -0.12587198267324323
v -0.6975474027574475 0.09996991478678498 -0.11874821111119604
v -0.6975474027574475 0.09996991478678498 -0.11162443954914886
v -0.6975474027574475 0.09996991478678498 -0.10450066798710167
v -0.6975474027574475 0.09996991478678498 -0.09737689642505448
v -0.6975474027574475 0.09996991478678498 -0.0902531248630073
v -0.6975474027574475 0.09996991478678498 -0.08312935330096011
v -0.6975474027574475 0.09996991478678498 -0.07600558173891292
v -0.6975474027574475 0.09996991478678498 -0.06888181017686573
v -0.6975474027574475 0.09996991478678498 -0.061758038614818545
v -0.6975474027574475 0.09996991478678498 -0.05463426705277136
v -0.6975474027574475 0.09996991478678498 -0.04751049549072417
v -0.6975474027574475 0.09996991478678498 -0.04038672392867698
v -0.6975474027574475 0.09996991478678498 -0.033262952366629794
v -0.6975474027574475 0.09996991478678498 -0.026139180804582607
v -0.6975474027574475 0.09996991478678498 -0.01901540924253542
v -0.6975474027574475 0.09996991478678498 -0.011891637680488232
v -0.6975474027574475 0.09996991478678498 -0.004767866118441044
v -0.6975474027574475 0.09996991478678498 0.0023559054436061433
v -0.6975474027574475 0.09996991478678498 0.00947967700565333
v -0.6975474027574475 0.09996991478678498 0.01660344856770052
v -0.6975474027574475 0.09996991478678498 0.023727220129747706
v -0.6975474027574475 0.09996991478678498 0.030850991691794893
v -0.6975474027574475 0.09996991478678498 0.03797476325384208
v -0.6975474027574475 0.09996991478678498 0.04509853481588927
v -0.6975474027574475 0.09996991478678498 0.052222306377936456
v -0.6975474027574475 0.09996991478678498 0.059346077939983644
v -0.6975474027574475 0.09996991478678498 0.06646984950203083
v -0.6975474027574475 0.09996991478678498 0.07359362106407802
v -0.6975474027574475 0.09996991478678498 0.0807173926261252
v -0.6975474027574475 0.09996991478678498 0.0878411641881724
v -0.6975474027574475 0.09996991478678498 0.09496493575021958
v -0.6975474027574475 0.09996991478678498 0.10208870731226677
v -0.6975474027574475 0.09996991478678498 0.10921247887431396
v -0.6975474027574475 0.09996991478678498 0.11633625043636114
v -0.6975474027574475 0.09996991478678498 0.12346002199840833
v -0.6975474027574475 0.09996991478678498 0.13058379356045552
v -0.6975474027574475 0.09996991478678498 0.1377075651225027
v -0.6975474027574475 0.09996991478678498 0.1448313366845499
v -0.6975474027574475 0.09996991478678498 0.15195510824659708
v -0.6975474027574475 0.09996991478678498 0.15907887980864427
v -0.6975474027574475 0.09996991478678498 0.16620265137069146
v -0.6975474027574475 0.09996991478678498 0.17332642293273864
v -0.6975474027574475 0.09996991478678498 0.18045019449478583
v -0.6975474027574475 0.09996991478678498 0.18757396605683302
v -0.6904236311954004 -0.09954036809985631 -0.1971096982937151
v -0.6904236311954004 -0.09954036809985631 -0.18998592673166792
v -0.6904236311954004 -0.09954036809985631 -0.18286215516962073
v -0.6904236311954004 -0.09954036809985631 -0.17573838360757355
v -0.6904236311954004 -0.09954036809985631 -0.16861461204552636
v -0.6904236311954004 -0.09954036809985631 -0.16149084048347917
v -0.6904236311954004 -0.09954036809985631 -0.15436706892143198
v -0.6904236311954004 -0.09954036809985631 -0.1472432973593848
v -0.6904236311954004 -0.09954036809985631 -0.1401195257973376
v -0.6904236311954004 -0.09954036809985631 -0.13299575423529042
v -0.6904236311954004 -0.09954036809985631 -0.12587198267324323
v -0.6904236311954004 -0.09954036809985631 -0.11874821111119604
v -0.6904236311954004 -0.09954036809985631 -0.11162443954914886
v -0.6904236311954004 -0.09954036809985631 -0.10450066798710167
v -0.6904236311954004 -0.09954036809985631 -0.09737689642505448
v -0.6904236311954004 -0.09954036809985631 -0.0902531248630073
v -0.6904236311954004 -0.09954036809985631 -0.08312935330096011
v -0.6904236311954004 -0.09954036809985631 -0.07600558173891292
v -0.6904236311954004 -0.09954036809985631 -0.06888181017686573
v -0.6904236311954004 -0.09954036809985631 -0.061758038614818545
v -0.6904236311954004 -0.09954036809985631 -0.05463426705277136
v -0.6904236311954004 -0.09954036809985631 -0.04751049549072417
v -0.6904236311954004 -0.09954036809985631 -0.04038672392867698
v -0.6904236311954004 -0.09954036809985631 -0.033262952366629794
v -0.6904236311954004 -0.09954036809985631 -0.026139180804582607
v -0.6904236311954004 -0.09954036809985631 -0.01901540924253542
v -0.6904236311954004 -0.09954036809985631 -0.011891637680488232
v -0.6904236311954004 -0.09954036809985631 -0.004767866118441044
v -0.6904236311954004 -0.09954036809985631 0.0023559054436061433
v -0.6904236311954004 -0.09954036809985631 0.00947967700565333
v -0.6904236311954004 -0.09954036809985631 0.01660344856770052
v -0.6904236311954004 -0.09954036809985631 0.023727220129747706
v -0.6904236311954004 -0.09954036809985631 0.030850991691794893
v -0.6904236311954004 -0.09954036809985631 0.03797476325384208
v -0.6904236311954004 -0.09954036809985631 0.04509853481588927
v -0.6904236311954004 -0.09954036809985631 0.052222306377936456
v -0.6904236311954004 -0.09954036809985631 0.059346077939983644
v -0.6904236311954004 -0.09954036809985631 0.06646984950203083
v -0.6904236311954004 -0.09954036809985631 0.07359362106407802
v -0.6904236311954004 -0.09954036809985631 0.0807173926261252
v -0.6904236311954004 -0.09954036809985631 0.0878411641881724
v -0.6904236311954004 -0.09954036809985631 0.09496493575021958
v -0.6904236311954004 -0.09954036809985631 0.10208870731226677
v -0.6904236311954004 -0.09954036809985631 0.10921247887431396
v -0.6904236311954004 -0.09954036809985631 0.11633625043636114
v -0.6904236311954004 -0.09954036809985631 0.12346002199840833
v -0.6904236311954004 -0.09954036809985631 0.13058379356045552
v -0.6904236311954004 -0.09954036809985631 0.1377075651225027
v -0.6904236311954004 -0.09954036809985631 0.1448313366845499
v -0.6904236311954004 -0.09954036809985631 0.15195510824659708
v -0.6904236311954004 -0.09954036809985631 0.15907887980864427
v -0.6904236311954004 -0.09954036809985631 0.16620265137069146
v -0.6904236311954004 -0.09954036809985631 0.17332642293273864
v -0.6904236311954004 -0.09954036809985631 0.18045019449478583
v -0.6904236311954004 -0.09954036809985631 0.18757396605683302
v -0.6904236311954004 -0.09954036809985631 0.1946977376188802
v -0.6904236311954004 -0.0994040955055214 -0.197330931077622
v -0.6904236311954004 -0.0994040955055214 0.19519160306109085
v -0.6904236311954004 -0.09228032394347423 -0.19999999986844894
v -0.6904236311954004 -0.09228032394347423 0.19999999396779086
v -0.6904236311954004 -0.08515655238142705 -0.19999999986844894
v -0.6904236311954004 -0.08515655238142705 0.19999999396779086
v -0.6904236311954004 -0.07803278081937988 -0.19999999986844894
v -0.6904236311954004 -0.07803278081937988 0.19999999396779086
v -0.6904236311954004 -0.0709090092573327 -0.19999999986844894
v -0.6904236311954004 -0.0709090092573327 0.19999999396779086
v -0.6904236311954004 -0.06378523769528553 -0.19999999986844894
v -0.6904236311954004 -0.06378523769528553 0.19999999396779086
v -0.6904236311954004 -0.05666146613323836 -0.19999999986844894
v -0.6904236311954004 -0.05666146613323836 0.19999999396779086
v -0.6904236311954004 -0.049537694571191185 -0.19999999986844894
v -0.6904236311954004 -0.049537694571191185 0.19999999396779086
v -0.6904236311954004 -0.04241392300914401 -0.19999999986844894
v -0.6904236311954004 -0.04241392300914401 0.19999999396779086
v -0.6904236311954004 -0.03529015144709684 -0.19999999986844894
v -0.6904236311954004 -0.03529015144709684 0.19999999396779086
v -0.6904236311954004 -0.028166379885049664 -0.19999999986844894
v -0.6904236311954004 -0.028166379885049664 0.19999999396779086
v -0.6904236311954004 -0.02104260832300249 -0.19999999986844894
v -0.6904236311954004 -0.02104260832300249 0.19999999396779086
v -0.6904236311954004 -0.013918836760955317 -0.19999999986844894
v -0.6904236311954004 -0.013918836760955317 0.19999999396779086
v -0.6904236311954004 -0.006795065198908143 -0.19999999986844894
v -0.6904236311954004 -0.006795065198908143 0.19999999396779086
v -0.6904236311954004 0.0003287063631390308 -0.19999999986844894
v -0.6904236311954004 0.0003287063631390308 0.19999999396779086
v -0.6904236311954004 0.0074524779251862044 -0.19999999986844894
v -0.6904236311954004 0.0074524779251862044 0.19999999396779086
v -0.6904236311954004 0.014576249487233364 -0.19999999986844894
v -0.6904236311954004 0.014576249487233364 0.19999999396779086
v -0.6904236311954004 0.021700021049280552 -0.19999999986844894
v -0.6904236311954004 0.021700021049280552 0.19999999396779086
v -0.6904236311954004 0.02882379261132774 -0.19999999986844894
v -0.6904236311954004 0.02882379261132774 0.19999999396779086
v -0.6904236311954004 0.0359475641733749 -0.19999999986844894
v -0.6904236311954004 0.0359475641733749 0.19999999396779086
v -0.6904236311954004 0.04307133573542206 -0.19999999986844894
v -0.6904236311954004 0.04307133573542206 0.19999999396779086
v -0.6904236311954004 0.050195107297469246 -0.19999999986844894
v -0.6904236311954004 0.050195107297469246 0.19999999396779086
v -0.6904236311954004 0.057318878859516434 -0.19999999986844894
v -0.6904236311954004 0.057318878859516434 0.19999999396779086
v -0.6904236311954004 0.0644426504215636 -0.19999999986844894
v -0.6904236311954004 0.0644426504215636 0.19999999396779086
v -0.6904236311954004 0.07156642198361075 -0.19999999986844894
v -0.6904236311954004 0.07156642198361075 0.19999999396779086
v -0.6904236311954004 0.07869019354565794 -0.19999999986844894
v -0.6904236311954004 0.07869019354565794 0.19999999396779086
v -0.6904236311954004 0.08581396510770513 -0.19999999986844894
v -0.6904236311954004 0.08581396510770513 0.19999999396779086
v -0.6904236311954004 0.09293773666975229 -0.19999999986844894
v -0.6904236311954004 0.09293773666975229 0.19999999396779086
v -0.6904236311954004 0.09897755055942496 -0.1971096982937151
v -0.6904236311954004 0.09942669948664633 0.1946977376188802
v -0.6904236311954004 0.09954023676991901 -0.18998592673166792
v -0.6904236311954004 0.09954023676991901 -0.18286215516962073
v -0.6904236311954004 0.09954023676991901 -0.17573838360757355
v -0.6904236311954004 0.09954023676991901 -0.16861461204552636
v -0.6904236311954004 0.09954023676991901 -0.16149084048347917
v -0.6904236311954004 0.09954023676991901 -0.15436706892143198
v -0.6904236311954004 0.09954023676991901 -0.1472432973593848
v -0.6904236311954004 0.09954023676991901 -0.1401195257973376
v -0.6904236311954004 0.09954023676991901 -0.13299575423529042
v -0.6904236311954004 0.09954023676991901 -0.12587198267324323
v -0.6904236311954004 0.09954023676991901 -0.11874821111119604
v -0.6904236311954004 0.09954023676991901 -0.11162443954914886
v -0.6904236311954004 0.09954023676991901 -0.10450066798710167
v -0.6904236311954004 0.09954023676991901 -0.09737689642505448
v -0.6904236311954004 0.09954023676991901 -0.0902531248630073
v -0.6904236311954004 0.09954023676991901 -0.08312935330096011
v -0.6904236311954004 0.09954023676991901 -0.07600558173891292
v -0.6904236311954004 0.09954023676991901 -0.06888181017686573
v -0.6904236311954004 0.09954023676991901 -0.061758038614818545
v -0.6904236311954004 0.09954023676991901 -0.05463426705277136
v -0.6904236311954004 0.09954023676991901 -0.04751049549072417
v -0.6904236311954004 0.09954023676991901 -0.04038672392867698
v -0.6904236311954004 0.09954023676991901 -0.033262952366629794
v -0.6904236311954004 0.09954023676991901 -0.026139180804582607
v -0.6904236311954004 0.09954023676991901 -0.01901540924253542
v -0.6904236311954004 0.09954023676991901 -0.011891637680488232
v -0.6904236311954004 0.09954023676991901 -0.004767866118441044
v -0.6904236311954004 0.09954023676991901 0.0023559054436061433
v -0.6904236311954004 0.09954023676991901 0.00947967700565333
v -0.6904236311954004 0.09954023676991901 0.01660344856770052
v -0.6904236311954004 0.09954023676991901 0.023727220129747706
v -0.6904236311954004 0.09954023676991901 0.030850991691794893
v -0.6904236311954004 0.09954023676991901 0.03797476325384208
v -0.6904236311954004 0.09954023676991901 0.04509853481588927
v -0.6904236311954004 0.09954023676991901 0.052222306377936456
v -0.6904236311954004 0.09954023676991901 0.059346077939983644
v -0.6904236311954004 0.09954023676991901 0.06646984950203083
v -0.6904236311954004 0.09954023676991901 0.07359362106407802
v -0.6904236311954004 0.09954023676991901 0.0807173926261252
v -0.6904236311954004 0.09954023676991901 0.0878411641881724
v -0.6904236311954004 0.09954023676991901 0.09496493575021958
v -0.6904236311954004 0.09954023676991901 0.10208870731226677
v -0.6904236311954004 0.09954023676991901 0.10921247887431396
v -0.6904236311954004 0.09954023676991901 0.11633625043636114
v -0.6904236311954004 0.09954023676991901 0.12346002199840833
v -0.6904236311954004 0.09954023676991901 0.13058379356045552
v -0.6904236311954004 0.09954023676991901 0.1377075651225027
v -0.6904236311954004 0.09954023676991901 0.1448313366845499
v -0.6904236311954004 0.09954023676991901 0.15195510824659708
v -0.6904236311954004 0.09954023676991901 0.15907887980864427
v -0.6904236311954004 0.09954023676991901 0.16620265137069146
v -0.6904236311954004 0.09954023676991901 0.17332642293273864
v -0.6904236311954004 0.09954023676991901 0.18045019449478583
v -0.6904236311954004 0.09954023676991901 0.18757396605683302
v -0.6893874472291038 -0.0994040955055214 -0.1971096982937151
v -0.6893874472291038 -0.0994040955055214 -0.18998592673166792
v -0.6893874472291038 -0.0994040955055214 -0.18286215516962073
v -0.6893874472291038 -0.0994040955055214 -0.17573838360757355
v -0.6893874472291038 -0.0994040955055214 -0.16861461204552636
v -0.6893874472291038 -0.0994040955055214 -0.16149084048347917
v -0.6893874472291038 -0.0994040955055214 -0.15436706892143198
v -0.6893874472291038 -0.0994040955055214 -0.1472432973593848
v -0.6893874472291038 -0.0994040955055214 -0.1401195257973376
v -0.6893874472291038 -0.0994040955055214 -0.13299575423529042
v -0.6893874472291038 -0.0994040955055214 -0.12587198267324323
v -0.6893874472291038 -0.0994040955055214 -0.11874821111119604
v -0.6893874472291038 -0.0994040955055214 -0.11162443954914886
v -0.6893874472291038 -0.0994040955055214 -0.10450066798710167
v -0.6893874472291038 -0.0994040955055214 -0.09737689642505448
v -0.6893874472291038 -0.0994040955055214 -0.0902531248630073
v -0.6893874472291038 -0.0994040955055214 -0.08312935330096011
v -0.6893874472291038 -0.0994040955055214 -0.07600558173891292
v -0.6893874472291038 -0.0994040955055214 -0.06888181017686573
v -0.6893874472291038 -0.0994040955055214 -0.061758038614818545
v -0.6893874472291038 -0.0994040955055214 -0.05463426705277136
v -0.6893874472291038 -0.0994040955055214 -0.04751049549072417
v -0.6893874472291038 -0.0994040955055214 -0.04038672392867698
v -0.6893874472291038 -0.0994040955055214 -0.033262952366629794
v -0.6893874472291038 -0.0994040955055214 -0.026139180804582607
v -0.6893874472291038 -0.0994040955055214 -0.01901540924253542
v -0.6893874472291038 -0.0994040955055214 -0.011891637680488232
v -0.6893874472291038 -0.0994040955055214 -0.004767866118441044
v -0.6893874472291038 -0.0994040955055214 0.0023559054436061433
v -0.6893874472291038 -0.0994040955055214 0.00947967700565333
v -0.6893874472291038 -0.0994040955055214 0.01660344856770052
v -0.6893874472291038 -0.0994040955055214 0.023727220129747706
v -0.6893874472291038 -0.0994040955055214 0.030850991691794893
v -0.6893874472291038 -0.0994040955055214 0.03797476325384208
v -0.6893874472291038 -0.0994040955055214 0.04509853481588927
v -0.6893874472291038 -0.0994040955055214 0.052222306377936456
v -0.6893874472291038 -0.0994040955055214 0.059346077939983644
v -0.6893874472291038 -0.0994040955055214 0.06646984950203083
v -0.6893874472291038 -0.0994040955055214 0.07359362106407802
v -0.6893874472291038 -0.0994040955055214 0.0807173926261252
v -0.6893874472291038 -0.0994040955055214 0.0878411641881724
v -0.6893874472291038 -0.0994040955055214 0.09496493575021958
v -0.6893874472291038 -0.0994040955055214 0.10208870731226677
v -0.6893874472291038 -0.0994040955055214 0.10921247887431396
v -0.6893874472291038 -0.0994040955055214 0.11633625043636114
v -0.6893874472291038 -0.0994040955055214 0.12346002199840833
v -0.6893874472291038 -0.0994040955055214 0.13058379356045552
v -0.6893874472291038 -0.0994040955055214 0.1377075651225027
v -0.6893874472291038 -0.0994040955055214 0.1448313366845499
v -0.6893874472291038 -0.0994040955055214 0.15195510824659708
v -0.6893874472291038 -0.0994040955055214 0.15907887980864427
v -0.6893874472291038 -0.0994040955055214 0.16620265137069146
v -0.6893874472291038 -0.0994040955055214 0.17332642293273864
v -0.6893874472291038 -0.0994040955055214 0.18045019449478583
v -0.6893874472291038 -0.0994040955055214 0.18757396605683302
v -0.6893874472291038 -0.0994040955055214 0.1946977376188802
v -0.6832998596333533 -0.09859490118379546 -0.18998592673166792
v -0.6832998596333533 -0.09859490118379546 -0.18286215516962073
v -0.6832998596333533 -0.09859490118379546 -0.17573838360757355
v -0.6832998596333533 -0.09859490118379546 -0.16861461204552636
v -0.6832998596333533 -0.09859490118379546 -0.16149084048347917
v -0.6832998596333533 -0.09859490118379546 -0.15436706892143198
v -0.6832998596333533 -0.09859490118379546 -0.1472432973593848
v -0.6832998596333533 -0.09859490118379546 -0.1401195257973376
v -0.6832998596333533 -0.09859490118379546 -0.13299575423529042
v -0.6832998596333533 -0.09859490118379546 -0.12587198267324323
v -0.6832998596333533 -0.09859490118379546 -0.11874821111119604
v -0.6832998596333533 -0.09859490118379546 -0.11162443954914886
v -0.6832998596333533 -0.09859490118379546 -0.10450066798710167
v -0.6832998596333533 -0.09859490118379546 -0.09737689642505448
v -0.6832998596333533 -0.09859490118379546 -0.0902531248630073
v -0.6832998596333533 -0.09859490118379546 -0.08312935330096011
v -0.6832998596333533 -0.09859490118379546 -0.07600558173891292
v -0.6832998596333533 -0.09859490118379546 -0.06888181017686573
v -0.6832998596333533 -0.09859490118379546 -0.061758038614818545
v -0.6832998596333533 -0.09859490118379546 -0.05463426705277136
v -0.6832998596333533 -0.09859490118379546 -0.04751049549072417
v -0.6832998596333533 -0.09859490118379546 -0.04038672392867698
v -0.6832998596333533 -0.09859490118379546 -0.033262952366629794
v -0.6832998596333533 -0.09859490118379546 -0.026139180804582607
v -0.6832998596333533 -0.09859490118379546 -0.01901540924253542
v -0.6832998596333533 -0.09859490118379546 -0.011891637680488232
v -0.6832998596333533 -0.09859490118379546 -0.004767866118441044
v -0.6832998596333533 -0.09859490118379546 0.0023559054436061433
v -0.6832998596333533 -0.09859490118379546 0.00947967700565333
v -0.6832998596333533 -0.09859490118379546 0.01660344856770052
v -0.6832998596333533 -0.09859490118379546 0.023727220129747706
v -0.6832998596333533 -0.09859490118379546 0.030850991691794893
v -0.6832998596333533 -0.09859490118379546 0.03797476325384208
v -0.6832998596333533 -0.09859490118379546 0.04509853481588927
v -0.6832998596333533 -0.09859490118379546 0.052222306377936456
v -0.6832998596333533 -0.09859490118379546 0.059346077939983644
v -0.6832998596333533 -0.09859490118379546 0.06646984950203083
v -0.6832998596333533 -0.09859490118379546 0.07359362106407802
v -0.6832998596333533 -0.09859490118379546 0.0807173926261252
v -0.6832998596333533 -0.09859490118379546 0.0878411641881724
v -0.6832998596333533 -0.09859490118379546 0.09496493575021958
v -0.6832998596333533 -0.09859490118379546 0.10208870731226677
v -0.6832998596333533 -0.09859490118379546 0.10921247887431396
v -0.6832998596333533 -0.09859490118379546 0.11633625043636114
v -0.6832998596333533 -0.09859490118379546 0.12346002199840833
v -0.6832998596333533 -0.09859490118379546 0.13058379356045552
v -0.6832998596333533 -0.09859490118379546 0.1377075651225027
v -0.6832998596333533 -0.09859490118379546 0.1448313366845499
v -0.6832998596333533 -0.09859490118379546 0.15195510824659708
v -0.6832998596333533 -0.09859490118379546 0.15907887980864427
v -0.6832998596333533 -0.09859490118379546 0.16620265137069146
v -0.6832998596333533 -0.09859490118379546 0.17332642293273864
v -0.6832998596333533 -0.09859490118379546 0.18045019449478583
v -0.6832998596333533 -0.09859490118379546 0.18757396605683302
v -0.6832998596333533 -0.09847305173764077 0.1946977376188802
v -0.6832998596333533 -0.09786405927279139 -0.1971096982937151
v -0.6832998596333533 -0.09228032394347423 -0.19999999986844894
v -0.6832998596333533 -0.09228032394347423 0.19999999396779086
v -0.6832998596333533 -0.08515655238142705 -0.19999999986844894
v -0.6832998596333533 -0.08515655238142705 0.19999999396779086
v -0.6832998596333533 -0.07803278081937988 -0.19999999986844894
v -0.6832998596333533 -0.07803278081937988 0.19999999396779086
v -0.6832998596333533 -0.0709090092573327 -0.19999999986844894
v -0.6832998596333533 -0.0709090092573327 0.19999999396779086
v -0.6832998596333533 -0.06378523769528553 -0.19999999986844894
v -0.6832998596333533 -0.06378523769528553 0.19999999396779086
v -0.6832998596333533 -0.05666146613323836 -0.19999999986844894
v -0.6832998596333533 -0.05666146613323836 0.19999999396779086
v -0.6832998596333533 -0.049537694571191185 -0.19999999986844894
v -0.6832998596333533 -0.049537694571191185 0.19999999396779086
v -0.6832998596333533 -0.04241392300914401 -0.19999999986844894
v -0.6832998596333533 -0.04241392300914401 0.19999999396779086
v -0.6832998596333533 -0.03529015144709684 -0.19999999986844894
v -0.6832998596333533 -0.03529015144709684 0.19999999396779086
v -0.6832998596333533 -0.028166379885049664 -0.19999999986844894
v -0.6832998596333533 -0.028166379885049664 0.19999999396779086
v -0.6832998596333533 -0.02104260832300249 -0.19999999986844894
v -0.6832998596333533 -0.02104260832300249 0.19999999396779086
v -0.6832998596333533 -0.013918836760955317 -0.19999999986844894
v -0.6832998596333533 -0.013918836760955317 0.19999999396779086
v -0.6832998596333533 -0.006795065198908143 -0.19999999986844894
v -0.6832998596333533 -0.006795065198908143 0.19999999396779086
v -0.6832998596333533 0.0003287063631390308 -0.19999999986844894
v -0.6832998596333533 0.0003287063631390308 0.19999999396779086
v -0.6832998596333533 0.0074524779251862044 -0.19999999986844894
v -0.6832998596333533 0.0074524779251862044 0.19999999396779086
v -0.6832998596333533 0.014576249487233364 -0.19999999986844894
v -0.6832998596333533 0.014576249487233364 0.19999999396779086
v -0.6832998596333533 0.021700021049280552 -0.19999999986844894
v -0.6832998596333533 0.021700021049280552 0.19999999396779086
v -0.6832998596333533 0.02882379261132774 -0.19999999986844894
v -0.6832998596333533 0.02882379261132774 0.19999999396779086
v -0.6832998596333533 0.0359475641733749 -0.19999999986844894
v -0.6832998596333533 0.0359475641733749 0.19999999396779086
v -0.6832998596333533 0.04307133573542206 -0.19999999986844894
v -0.6832998596333533 0.04307133573542206 0.19999999396779086
v -0.6832998596333533 0.050195107297469246 -0.19999999986844894
v -0.6832998596333533 0.050195107297469246 0.19999999396779086
v -0.6832998596333533 0.057318878859516434 -0.19999999986844894
v -0.6832998596333533 0.057318878859516434 0.19999999396779086
v -0.6832998596333533 0.0644426504215636 -0.19999999986844894
v -0.6832998596333533 0.0644426504215636 0.19999999396779086
v -0.6832998596333533 0.07156642198361075 -0.19999999986844894
v -0.6832998596333533 0.07156642198361075 0.19999999396779086
v -0.6832998596333533 0.07869019354565794 -0.19999999986844894
v -0.6832998596333533 0.07869019354565794 0.19999999396779086
v -0.6832998596333533 0.08581396510770513 -0.19999999986844894
v -0.6832998596333533 0.08581396510770513 0.19999999396779086
v -0.6832998596333533 0.09293773666975229 -0.19999999986844894
v -0.6832998596333533 0.09293773666975229 0.19999999396779086
v -0.6832998596333533 0.0976864783814347 -0.1971096982937151
v -0.6832998596333533 0.09853541279043347 0.1946977376188802
v -0.6832998596333533 0.09859443695971741 -0.18998592673166792
v -0.6832998596333533 0.09859443695971741 -0.18286215516962073
v -0.6832998596333533 0.09859443695971741 -0.17573838360757355
v -0.6832998596333533 0.09859443695971741 -0.16861461204552636
v -0.6832998596333533 0.09859443695971741 -0.16149084048347917
v -0.6832998596333533 0.09859443695971741 -0.15436706892143198
v -0.6832998596333533 0.09859443695971741 -0.1472432973593848
v -0.6832998596333533 0.09859443695971741 -0.1401195257973376
v -0.6832998596333533 0.09859443695971741 -0.13299575423529042
v -0.6832998596333533 0.09859443695971741 -0.12587198267324323
v -0.6832998596333533 0.09859443695971741 -0.11874821111119604
v -0.6832998596333533 0.09859443695971741 -0.11162443954914886
v -0.6832998596333533 0.09859443695971741 -0.10450066798710167
v -0.6832998596333533 0.09859443695971741 -0.09737689642505448
v -0.6832998596333533 0.09859443695971741 -0.0902531248630073
v -0.6832998596333533 0.09859443695971741 -0.08312935330096011
v -0.6832998596333533 0.09859443695971741 -0.07600558173891292
v -0.6832998596333533 0.09859443695971741 -0.06888181017686573
v -0.6832998596333533 0.09859443695971741 -0.061758038614818545
v -0.6832998596333533 0.09859443695971741 -0.05463426705277136
v -0.6832998596333533 0.09859443695971741 -0.04751049549072417
v -0.6832998596333533 0.09859443695971741 -0.04038672392867698
v -0.6832998596333533 0.09859443695971741 -0.033262952366629794
v -0.6832998596333533 0.09859443695971741 -0.026139180804582607
v -0.6832998596333533 0.09859443695971741 -0.01901540924253542
v -0.6832998596333533 0.09859443695971741 -0.011891637680488232
v -0.6832998596333533 0.09859443695971741 -0.004767866118441044
v -0.6832998596333533 0.09859443695971741 0.0023559054436061433
v -0.6832998596333533 0.09859443695971741 0.00947967700565333
v -0.6832998596333533 0.09859443695971741 0.01660344856770052
v -0.6832998596333533 0.09859443695971741 0.023727220129747706
v -0.6832998596333533 0.09859443695971741 0.030850991691794893
v -0.6832998596333533 0.09859443695971741 0.03797476325384208
v -0.6832998596333533 0.09859443695971741 0.04509853481588927
v -0.6832998596333533 0.09859443695971741 0.052222306377936456
v -0.6832998596333533 0.09859443695971741 0.059346077939983644
v -0.6832998596333533 0.09859443695971741 0.06646984950203083
v -0.6832998596333533 0.09859443695971741 0.07359362106407802
v -0.6832998596333533 0.09859443695971741 0.0807173926261252
v -0.6832998596333533 0.09859443695971741 0.0878411641881724
v -0.6832998596333533 0.09859443695971741 0.09496493575021958
v -0.6832998596333533 0.09859443695971741 0.10208870731226677
v -0.6832998596333533 0.09859443695971741 0.10921247887431396
v -0.6832998596333533 0.09859443695971741 0.11633625043636114
v -0.6832998596333533 0.09859443695971741 0.12346002199840833
v -0.6832998596333533 0.09859443695971741 0.13058379356045552
v -0.6832998596333533 0.09859443695971741 0.1377075651225027
v -0.6832998596333533 0.09859443695971741 0.1448313366845499
v -0.6832998596333533 0.09859443695971741 0.15195510824659708
v -0.6832998596333533 0.09859443695971741 0.15907887980864427
v -0.6832998596333533 0.09859443695971741 0.16620265137069146
v -0.6832998596333533 0.09859443695971741 0.17332642293273864
v -0.6832998596333533 0.09859443695971741 0.18045019449478583
v -0.6832998596333533 0.09859443695971741 0.18757396605683302
v -0.6761760880713061 -0.09711733525408203 -0.18998592673166792
v -0.6761760880713061 -0.09711733525408203 -0.18286215516962073
v -0.6761760880713061 -0.09711733525408203 -0.17573838360757355
v -0.6761760880713061 -0.09711733525408203 -0.16861461204552636
v -0.6761760880713061 -0.09711733525408203 -0.16149084048347917
v -0.6761760880713061 -0.09711733525408203 -0.15436706892143198
v -0.6761760880713061 -0.09711733525408203 -0.1472432973593848
v -0.6761760880713061 -0.09711733525408203 -0.1401195257973376
v -0.6761760880713061 -0.09711733525408203 -0.13299575423529042
v -0.6761760880713061 -0.09711733525408203 -0.12587198267324323
v -0.6761760880713061 -0.09711733525408203 -0.11874821111119604
v -0.6761760880713061 -0.09711733525408203 -0.11162443954914886
v -0.6761760880713061 -0.09711733525408203 -0.10450066798710167
v -0.6761760880713061 -0.09711733525408203 -0.09737689642505448
v -0.6761760880713061 -0.09711733525408203 -0.0902531248630073
v -0.6761760880713061 -0.09711733525408203 -0.08312935330096011
v -0.6761760880713061 -0.09711733525408203 -0.07600558173891292
v -0.6761760880713061 -0.09711733525408203 -0.06888181017686573
v -0.6761760880713061 -0.09711733525408203 -0.061758038614818545
v -0.6761760880713061 -0.09711733525408203 -0.05463426705277136
v -0.6761760880713061 -0.09711733525408203 -0.04751049549072417
v -0.6761760880713061 -0.09711733525408203 -0.04038672392867698
v -0.6761760880713061 -0.09711733525408203 -0.033262952366629794
v -0.6761760880713061 -0.09711733525408203 -0.026139180804582607
v -0.6761760880713061 -0.09711733525408203 -0.01901540924253542
v -0.6761760880713061 -0.09711733525408203 -0.011891637680488232
v -0.6761760880713061 -0.09711733525408203 -0.004767866118441044
v -0.6761760880713061 -0.09711733525408203 0.0023559054436061433
v -0.6761760880713061 -0.09711733525408203 0.00947967700565333
v -0.6761760880713061 -0.09711733525408203 0.01660344856770052
v -0.6761760880713061 -0.09711733525408203 0.023727220129747706
v -0.6761760880713061 -0.09711733525408203 0.030850991691794893
v -0.6761760880713061 -0.09711733525408203 0.03797476325384208
v -0.6761760880713061 -0.09711733525408203 0.04509853481588927
v -0.6761760880713061 -0.09711733525408203 0.052222306377936456
v -0.6761760880713061 -0.09711733525408203 0.059346077939983644
v -0.6761760880713061 -0.09711733525408203 0.06646984950203083
v -0.6761760880713061 -0.09711733525408203 0.07359362106407802
v -0.6761760880713061 -0.09711733525408203 0.0807173926261252
v -0.6761760880713061 -0.09711733525408203 0.0878411641881724
v -0.6761760880713061 -0.09711733525408203 0.09496493575021958
v -0.6761760880713061 -0.09711733525408203 0.10208870731226677
v -0.6761760880713061 -0.09711733525408203 0.10921247887431396
v -0.6761760880713061 -0.09711733525408203 0.11633625043636114
v -0.6761760880713061 -0.09711733525408203 0.12346002199840833
v -0.6761760880713061 -0.09711733525408203 0.13058379356045552
v -0.6761760880713061 -0.09711733525408203 0.1377075651225027
v -0.6761760880713061 -0.09711733525408203 0.1448313366845499
v -0.6761760880713061 -0.09711733525408203 0.15195510824659708
v -0.6761760880713061 -0.09711733525408203 0.15907887980864427
v -0.6761760880713061 -0.09711733525408203 0.16620265137069146
v -0.6761760880713061 -0.09711733525408203 0.17332642293273864
v -0.6761760880713061 -0.09711733525408203 0.18045019449478583
v -0.6761760880713061 -0.09711733525408203 0.18757396605683302
v -0.6761760880713061 -0.09711733525408203 0.1946977376188802
v -0.6761760880713061 -0.09631008734401585 -0.1971096982937151
v -0.6761760880713061 -0.09228032394347423 -0.19999999986844894
v -0.6761760880713061 -0.09228032394347423 0.1998299462056849
v -0.6761760880713061 -0.08515655238142705 -0.19999999986844894
v -0.6761760880713061 -0.08515655238142705 0.19999999396779086
v -0.6761760880713061 -0.07803278081937988 -0.19999999986844894
v -0.6761760880713061 -0.07803278081937988 0.19999999396779086
v -0.6761760880713061 -0.0709090092573327 -0.19999999986844894
v -0.6761760880713061 -0.0709090092573327 0.19999999396779086
v -0.6761760880713061 -0.06378523769528553 -0.19999999986844894
v -0.6761760880713061 -0.06378523769528553 0.19999999396779086
v -0.6761760880713061 -0.05666146613323836 -0.19999999986844894
v -0.6761760880713061 -0.05666146613323836 0.19999999396779086
v -0.6761760880713061 -0.049537694571191185 -0.19999999986844894
v -0.6761760880713061 -0.049537694571191185 0.19999999396779086
v -0.6761760880713061 -0.04241392300914401 -0.19999999986844894
v -0.6761760880713061 -0.04241392300914401 0.19999999396779086
v -0.6761760880713061 -0.03529015144709684 -0.19999999986844894
v -0.6761760880713061 -0.03529015144709684 0.19999999396779086
v -0.6761760880713061 -0.028166379885049664 -0.19999999986844894
v -0.6761760880713061 -0.028166379885049664 0.19999999396779086
v -0.6761760880713061 -0.02104260832300249 -0.19999999986844894
v -0.6761760880713061 -0.02104260832300249 0.19999999396779086
v -0.6761760880713061 -0.013918836760955317 -0.19999999986844894
v -0.6761760880713061 -0.013918836760955317 0.19999999396779086
v -0.6761760880713061 -0.006795065198908143 -0.19999999986844894
v -0.6761760880713061 -0.006795065198908143 0.19999999396779086
v -0.6761760880713061 0.0003287063631390308 -0.19999999986844894
v -0.6761760880713061 0.0003287063631390308 0.19999999396779086
v -0.6761760880713061 0.0074524779251862044 -0.19999999986844894
v -0.6761760880713061 0.0074524779251862044 0.19999999396779086
v -0.6761760880713061 0.014576249487233364 -0.19999999986844894
v -0.6761760880713061 0.014576249487233364 0.19999999396779086
v -0.6761760880713061 0.021700021049280552 -0.19999999986844894
v -0.6761760880713061 0.021700021049280552 0.19999999396779086
v -0.6761760880713061 0.02882379261132774 -0.19999999986844894
v -0.6761760880713061 0.02882379261132774 0.19999999396779086
v -0.6761760880713061 0.0359475641733749 -0.19999999986844894
v -0.6761760880713061 0.0359475641733749 0.19999999396779086
v -0.6761760880713061 0.04307133573542206 -0.19999999986844894
v -0.6761760880713061 0.04307133573542206 0.19999999396779086
v -0.6761760880713061 0.050195107297469246 -0.19999999986844894
v -0.6761760880713061 0.050195107297469246 0.19999999396779086
v -0.6761760880713061 0.057318878859516434 -0.19999999986844894
v -0.6761760880713061 0.057318878859516434 0.19999999396779086
v -0.6761760880713061 0.0644426504215636 -0.19999999986844894
v -0.6761760880713061 0.0644426504215636 0.19999999396779086
v -0.6761760880713061 0.07156642198361075 -0.19999999986844894
v -0.6761760880713061 0.07156642198361075 0.19999999396779086
v -0.6761760880713061 0.07869019354565794 -0.19999999986844894
v -0.6761760880713061 0.07869019354565794 0.19999999396779086
v -0.6761760880713061 0.08581396510770513 -0.19999999986844894
v -0.6761760880713061 0.08581396510770513 0.19999999396779086
v -0.6761760880713061 0.09293773666975229 -0.19999999986844894
v -0.6761760880713061 0.09293773666975229 0.19961425797750507
v -0.6761760880713061 0.09651928358635457 -0.1971096982937151
v -0.6761760880713061 0.09711701200048196 -0.18998592673166792
v -0.6761760880713061 0.09711701200048196 -0.18286215516962073
v -0.6761760880713061 0.09711701200048196 -0.17573838360757355
v -0.6761760880713061 0.09711701200048196 -0.16861461204552636
v -0.6761760880713061 0.09711701200048196 -0.16149084048347917
v -0.6761760880713061 0.09711701200048196 -0.15436706892143198
v -0.6761760880713061 0.09711701200048196 -0.1472432973593848
v -0.6761760880713061 0.09711701200048196 -0.1401195257973376
v -0.6761760880713061 0.09711701200048196 -0.13299575423529042
v -0.6761760880713061 0.09711701200048196 -0.12587198267324323
v -0.6761760880713061 0.09711701200048196 -0.11874821111119604
v -0.6761760880713061 0.09711701200048196 -0.11162443954914886
v -0.6761760880713061 0.09711701200048196 -0.10450066798710167
v -0.6761760880713061 0.09711701200048196 -0.09737689642505448
v -0.6761760880713061 0.09711701200048196 -0.0902531248630073
v -0.6761760880713061 0.09711701200048196 -0.08312935330096011
v -0.6761760880713061 0.09711701200048196 -0.07600558173891292
v -0.6761760880713061 0.09711701200048196 -0.06888181017686573
v -0.6761760880713061 0.09711701200048196 -0.061758038614818545
v -0.6761760880713061 0.09711701200048196 -0.05463426705277136
v -0.6761760880713061 0.09711701200048196 -0.04751049549072417
v -0.6761760880713061 0.09711701200048196 -0.04038672392867698
v -0.6761760880713061 0.09711701200048196 -0.033262952366629794
v -0.6761760880713061 0.09711701200048196 -0.026139180804582607
v -0.6761760880713061 0.09711701200048196 -0.01901540924253542
v -0.6761760880713061 0.09711701200048196 -0.011891637680488232
v -0.6761760880713061 0.09711701200048196 -0.004767866118441044
v -0.6761760880713061 0.09711701200048196 0.0023559054436061433
v -0.6761760880713061 0.09711701200048196 0.00947967700565333
v -0.6761760880713061 0.09711701200048196 0.01660344856770052
v -0.6761760880713061 0.09711701200048196 0.023727220129747706
v -0.6761760880713061 0.09711701200048196 0.030850991691794893
v -0.6761760880713061 0.09711701200048196 0.03797476325384208
v -0.6761760880713061 0.09711701200048196 0.04509853481588927
v -0.6761760880713061 0.09711701200048196 0.052222306377936456
v -0.6761760880713061 0.09711701200048196 0.059346077939983644
v -0.6761760880713061 0.09711701200048196 0.06646984950203083
v -0.6761760880713061 0.09711701200048196 0.07359362106407802
v -0.6761760880713061 0.09711701200048196 0.0807173926261252
v -0.6761760880713061 0.09711701200048196 0.0878411641881724
v -0.6761760880713061 0.09711701200048196 0.09496493575021958
v -0.6761760880713061 0.09711701200048196 0.10208870731226677
v -0.6761760880713061 0.09711701200048196 0.10921247887431396
v -0.6761760880713061 0.09711701200048196 0.11633625043636114
v -0.6761760880713061 0.09711701200048196 0.12346002199840833
v -0.6761760880713061 0.09711701200048196 0.13058379356045552
v -0.6761760880713061 0.09711701200048196 0.1377075651225027
v -0.6761760880713061 0.09711701200048196 0.1448313366845499
v -0.6761760880713061 0.09711701200048196 0.15195510824659708
v -0.6761760880713061 0.09711701200048196 0.15907887980864427
v -0.6761760880713061 0.09711701200048196 0.16620265137069146
v -0.6761760880713061 0.09711701200048196 0.17332642293273864
v -0.6761760880713061 0.09711701200048196 0.18045019449478583
v -0.6761760880713061 0.09711701200048196 0.18757396605683302
v -0.6761760880713061 0.09711701200048196 0.1946977376188802
v -0.669052316509259 -0.09508467683685076 -0.1971096982937151
v -0.669052316509259 -0.09508467683685076 -0.18998592673166792
v -0.669052316509259 -0.09508467683685076 -0.18286215516962073
v -0.669052316509259 -0.09508467683685076 -0.17573838360757355
v -0.669052316509259 -0.09508467683685076 -0.16861461204552636
v -0.669052316509259 -0.09508467683685076 -0.16149084048347917
v -0.669052316509259 -0.09508467683685076 -0.15436706892143198
v -0.669052316509259 -0.09508467683685076 -0.1472432973593848
v -0.669052316509259 -0.09508467683685076 -0.1401195257973376
v -0.669052316509259 -0.09508467683685076 -0.13299575423529042
v -0.669052316509259 -0.09508467683685076 -0.12587198267324323
v -0.669052316509259 -0.09508467683685076 -0.11874821111119604
v -0.669052316509259 -0.09508467683685076 -0.11162443954914886
v -0.669052316509259 -0.09508467683685076 -0.10450066798710167
v -0.669052316509259 -0.09508467683685076 -0.09737689642505448
v -0.669052316509259 -0.09508467683685076 -0.0902531248630073
v -0.669052316509259 -0.09508467683685076 -0.08312935330096011
v -0.669052316509259 -0.09508467683685076 -0.07600558173891292
v -0.669052316509259 -0.09508467683685076 -0.06888181017686573
v -0.669052316509259 -0.09508467683685076 -0.061758038614818545
v -0.669052316509259 -0.09508467683685076 -0.05463426705277136
v -0.669052316509259 -0.09508467683685076 -0.04751049549072417
v -0.669052316509259 -0.09508467683685076 -0.04038672392867698
v -0.669052316509259 -0.09508467683685076 -0.033262952366629794
v -0.669052316509259 -0.09508467683685076 -0.026139180804582607
v -0.669052316509259 -0.09508467683685076 -0.01901540924253542
v -0.669052316509259 -0.09508467683685076 -0.011891637680488232
v -0.669052316509259 -0.09508467683685076 -0.004767866118441044
v -0.669052316509259 -0.09508467683685076 0.0023559054436061433
v -0.669052316509259 -0.09508467683685076 0.00947967700565333
v -0.669052316509259 -0.09508467683685076 0.01660344856770052
v -0.669052316509259 -0.09508467683685076 0.023727220129747706
v -0.669052316509259 -0.09508467683685076 0.030850991691794893
v -0.669052316509259 -0.09508467683685076 0.03797476325384208
v -0.669052316509259 -0.09508467683685076 0.04509853481588927
v -0.669052316509259 -0.09508467683685076 0.052222306377936456
v -0.669052316509259 -0.09508467683685076 0.059346077939983644
v -0.669052316509259 -0.09508467683685076 0.06646984950203083
v -0.669052316509259 -0.09508467683685076 0.07359362106407802
v -0.669052316509259 -0.09508467683685076 0.0807173926261252
v -0.669052316509259 -0.09508467683685076 0.0878411641881724
v -0.669052316509259 -0.09508467683685076 0.09496493575021958
v -0.669052316509259 -0.09508467683685076 0.10208870731226677
v -0.669052316509259 -0.09508467683685076 0.10921247887431396
v -0.669052316509259 -0.09508467683685076 0.11633625043636114
v -0.669052316509259 -0.09508467683685076 0.12346002199840833
v -0.669052316509259 -0.09508467683685076 0.13058379356045552
v -0.669052316509259 -0.09508467683685076 0.1377075651225027
v -0.669052316509259 -0.09508467683685076 0.1448313366845499
v -0.669052316509259 -0.09508467683685076 0.15195510824659708
v -0.669052316509259 -0.09508467683685076 0.15907887980864427
v -0.669052316509259 -0.09508467683685076 0.16620265137069146
v -0.669052316509259 -0.09508467683685076 0.17332642293273864
v -0.669052316509259 -0.09508467683685076 0.18045019449478583
v -0.669052316509259 -0.09508467683685076 0.18757396605683302
v -0.669052316509259 -0.09508467683685076 0.1946977376188802
v -0.669052316509259 -0.09228032394347423 -0.19986396505564313
v -0.669052316509259 -0.09228032394347423 0.19893153965111457
v -0.669052316509259 -0.08515655238142705 -0.19999999986844894
v -0.669052316509259 -0.08515655238142705 0.19999999396779086
v -0.669052316509259 -0.07803278081937988 -0.19999999986844894
v -0.669052316509259 -0.07803278081937988 0.19999999396779086
v -0.669052316509259 -0.0709090092573327 -0.19999999986844894
v -0.669052316509259 -0.0709090092573327 0.19999999396779086
v -0.669052316509259 -0.06378523769528553 -0.19999999986844894
v -0.669052316509259 -0.06378523769528553 0.19999999396779086
v -0.669052316509259 -0.05666146613323836 -0.19999999986844894
v -0.669052316509259 -0.05666146613323836 0.19999999396779086
v -0.669052316509259 -0.049537694571191185 -0.19999999986844894
v -0.669052316509259 -0.049537694571191185 0.19999999396779086
v -0.669052316509259 -0.04241392300914401 -0.19999999986844894
v -0.669052316509259 -0.04241392300914401 0.19999999396779086
v -0.669052316509259 -0.03529015144709684 -0.19999999986844894
v -0.669052316509259 -0.03529015144709684 0.19999999396779086
v -0.669052316509259 -0.028166379885049664 -0.19999999986844894
v -0.669052316509259 -0.028166379885049664 0.19999999396779086
v -0.669052316509259 -0.02104260832300249 -0.19999999986844894
v -0.669052316509259 -0.02104260832300249 0.19999999396779086
v -0.669052316509259 -0.013918836760955317 -0.19999999986844894
v -0.669052316509259 -0.013918836760955317 0.19999999396779086
v -0.669052316509259 -0.006795065198908143 -0.19999999986844894
v -0.669052316509259 -0.006795065198908143 0.19999999396779086
v -0.669052316509259 0.0003287063631390308 -0.19999999986844894
v -0.669052316509259 0.0003287063631390308 0.19999999396779086
v -0.669052316509259 0.0074524779251862044 -0.19999999986844894
v -0.669052316509259 0.0074524779251862044 0.19999999396779086
v -0.669052316509259 0.014576249487233364 -0.19999999986844894
v -0.669052316509259 0.014576249487233364 0.19999999396779086
v -0.669052316509259 0.021700021049280552 -0.19999999986844894
v -0.669052316509259 0.021700021049280552 0.19999999396779086
v -0.669052316509259 0.02882379261132774 -0.19999999986844894
v -0.669052316509259 0.02882379261132774 0.19999999396779086
v -0.669052316509259 0.0359475641733749 -0.19999999986844894
v -0.669052316509259 0.0359475641733749 0.19999999396779086
v -0.669052316509259 0.04307133573542206 -0.19999999986844894
v -0.669052316509259 0.04307133573542206 0.19999999396779086
v -0.669052316509259 0.050195107297469246 -0.19999999986844894
v -0.669052316509259 0.050195107297469246 0.19999999396779086
v -0.669052316509259 0.057318878859516434 -0.19999999986844894
v -0.669052316509259 0.057318878859516434 0.19999999396779086
v -0.669052316509259 0.0644426504215636 -0.19999999986844894
v -0.669052316509259 0.0644426504215636 0.19999999396779086
v -0.669052316509259 0.07156642198361075 -0.19999999986844894
v -0.669052316509259 0.07156642198361075 0.19999999396779086
v -0.669052316509259 0.07869019354565794 -0.19999999986844894
v -0.669052316509259 0.07869019354565794 0.19999999396779086
v -0.669052316509259 0.08581396510770513 -0.19999999986844894
v -0.669052316509259 0.08581396510770513 0.19999999396779086
v -0.669052316509259 0.09293773666975229 -0.19943002650330732
v -0.669052316509259 0.09293773666975229 0.1984655014415682
v -0.669052316509259 0.0950854473782846 -0.1971096982937151
v -0.669052316509259 0.0950854473782846 -0.18998592673166792
v -0.669052316509259 0.0950854473782846 -0.18286215516962073
v -0.669052316509259 0.0950854473782846 -0.17573838360757355
v -0.669052316509259 0.0950854473782846 -0.16861461204552636
v -0.669052316509259 0.0950854473782846 -0.16149084048347917
v -0.669052316509259 0.0950854473782846 -0.15436706892143198
v -0.669052316509259 0.0950854473782846 -0.1472432973593848
v -0.669052316509259 0.0950854473782846 -0.1401195257973376
v -0.669052316509259 0.0950854473782846 -0.13299575423529042
v -0.669052316509259 0.0950854473782846 -0.12587198267324323
v -0.669052316509259 0.0950854473782846 -0.11874821111119604
v -0.669052316509259 0.0950854473782846 -0.11162443954914886
v -0.669052316509259 0.0950854473782846 -0.10450066798710167
v -0.669052316509259 0.0950854473782846 -0.09737689642505448
v -0.669052316509259 0.0950854473782846 -0.0902531248630073
v -0.669052316509259 0.0950854473782846 -0.08312935330096011
v -0.669052316509259 0.0950854473782846 -0.07600558173891292
v -0.669052316509259 0.0950854473782846 -0.06888181017686573
v -0.669052316509259 0.0950854473782846 -0.061758038614818545
v -0.669052316509259 0.0950854473782846 -0.05463426705277136
v -0.669052316509259 0.0950854473782846 -0.04751049549072417
v -0.669052316509259 0.0950854473782846 -0.04038672392867698
v -0.669052316509259 0.0950854473782846 -0.033262952366629794
v -0.669052316509259 0.0950854473782846 -0.026139180804582607
v -0.669052316509259 0.0950854473782846 -0.01901540924253542
v -0.669052316509259 0.0950854473782846 -0.011891637680488232
v -0.669052316509259 0.0950854473782846 -0.004767866118441044
v -0.669052316509259 0.0950854473782846 0.0023559054436061433
v -0.669052316509259 0.0950854473782846 0.00947967700565333
v -0.669052316509259 0.0950854473782846 0.01660344856770052
v -0.669052316509259 0.0950854473782846 0.023727220129747706
v -0.669052316509259 0.0950854473782846 0.030850991691794893
v -0.669052316509259 0.0950854473782846 0.03797476325384208
v -0.669052316509259 0.0950854473782846 0.04509853481588927
v -0.669052316509259 0.0950854473782846 0.052222306377936456
v -0.669052316509259 0.0950854473782846 0.059346077939983644
v -0.669052316509259 0.0950854473782846 0.06646984950203083
v -0.669052316509259 0.0950854473782846 0.07359362106407802
v -0.669052316509259 0.0950854473782846 0.0807173926261252
v -0.669052316509259 0.0950854473782846 0.0878411641881724
v -0.669052316509259 0.0950854473782846 0.09496493575021958
v -0.669052316509259 0.0950854473782846 0.10208870731226677
v -0.669052316509259 0.0950854473782846 0.10921247887431396
v -0.669052316509259 0.0950854473782846 0.11633625043636114
v -0.669052316509259 0.0950854473782846 0.12346002199840833
v -0.669052316509259 0.0950854473782846 0.13058379356045552
v -0.669052316509259 0.0950854473782846 0.1377075651225027
v -0.669052316509259 0.0950854473782846 0.1448313366845499
v -0.669052316509259 0.0950854473782846 0.15195510824659708
v -0.669052316509259 0.0950854473782846 0.15907887980864427
v -0.669052316509259 0.0950854473782846 0.16620265137069146
v -0.669052316509259 0.0950854473782846 0.17332642293273864
v -0.669052316509259 0.0950854473782846 0.18045019449478583
v -0.669052316509259 0.0950854473782846 0.18757396605683302
v -0.669052316509259 0.0950854473782846 0.1946977376188802
v -0.6631741804718676 0.09293773666975229 -0.1971096982937151
v -0.6631741804718676 0.09293773666975229 -0.18998592673166792
v -0.6631741804718676 0.09293773666975229 -0.18286215516962073
v -0.6631741804718676 0.09293773666975229 -0.17573838360757355
v -0.6631741804718676 0.09293773666975229 -0.16861461204552636
v -0.6631741804718676 0.09293773666975229 -0.16149084048347917
v -0.6631741804718676 0.09293773666975229 -0.15436706892143198
v -0.6631741804718676 0.09293773666975229 -0.1472432973593848
v -0.6631741804718676 0.09293773666975229 -0.1401195257973376
v -0.6631741804718676 0.09293773666975229 -0.13299575423529042
v -0.6631741804718676 0.09293773666975229 -0.12587198267324323
v -0.6631741804718676 0.09293773666975229 -0.11874821111119604
v -0.6631741804718676 0.09293773666975229 -0.11162443954914886
v -0.6631741804718676 0.09293773666975229 -0.10450066798710167
v -0.6631741804718676 0.09293773666975229 -0.09737689642505448
v -0.6631741804718676 0.09293773666975229 -0.0902531248630073
v -0.6631741804718676 0.09293773666975229 -0.08312935330096011
v -0.6631741804718676 0.09293773666975229 -0.07600558173891292
v -0.6631741804718676 0.09293773666975229 -0.06888181017686573
v -0.6631741804718676 0.09293773666975229 -0.061758038614818545
v -0.6631741804718676 0.09293773666975229 -0.05463426705277136
v -0.6631741804718676 0.09293773666975229 -0.04751049549072417
v -0.6631741804718676 0.09293773666975229 -0.04038672392867698
v -0.6631741804718676 0.09293773666975229 -0.033262952366629794
v -0.6631741804718676 0.09293773666975229 -0.026139180804582607
v -0.6631741804718676 0.09293773666975229 -0.01901540924253542
v -0.6631741804718676 0.09293773666975229 -0.011891637680488232
v -0.6631741804718676 0.09293773666975229 -0.004767866118441044
v -0.6631741804718676 0.09293773666975229 0.0023559054436061433
v -0.6631741804718676 0.09293773666975229 0.00947967700565333
v -0.6631741804718676 0.09293773666975229 0.01660344856770052
v -0.6631741804718676 0.09293773666975229 0.023727220129747706
v -0.6631741804718676 0.09293773666975229 0.030850991691794893
v -0.6631741804718676 0.09293773666975229 0.03797476325384208
v -0.6631741804718676 0.09293773666975229 0.04509853481588927
v -0.6631741804718676 0.09293773666975229 0.052222306377936456
v -0.6631741804718676 0.09293773666975229 0.059346077939983644
v -0.6631741804718676 0.09293773666975229 0.06646984950203083
v -0.6631741804718676 0.09293773666975229 0.07359362106407802
v -0.6631741804718676 0.09293773666975229 0.0807173926261252
v -0.6631741804718676 0.09293773666975229 0.0878411641881724
v -0.6631741804718676 0.09293773666975229 0.09496493575021958
v -0.6631741804718676 0.09293773666975229 0.10208870731226677
v -0.6631741804718676 0.09293773666975229 0.10921247887431396
v -0.6631741804718676 0.09293773666975229 0.11633625043636114
v -0.6631741804718676 0.09293773666975229 0.12346002199840833
v -0.6631741804718676 0.09293773666975229 0.13058379356045552
v -0.6631741804718676 0.09293773666975229 0.1377075651225027
v -0.6631741804718676 0.09293773666975229 0.1448313366845499
v -0.6631741804718676 0.09293773666975229 0.15195510824659708
v -0.6631741804718676 0.09293773666975229 0.15907887980864427
v -0.6631741804718676 0.09293773666975229 0.16620265137069146
v -0.6631741804718676 0.09293773666975229 0.17332642293273864
v -0.6631741804718676 0.09293773666975229 0.18045019449478583
v -0.6631741804718676 0.09293773666975229 0.18757396605683302
v -0.6631741804718676 0.09293773666975229 0.1946977376188802
v -0.6619285449472119 -0.09246830043287536 -0.1971096982937151
v -0.6619285449472119 -0.09246830043287536 -0.18998592673166792
v -0.6619285449472119 -0.09246830043287536 -0.18286215516962073
v -0.6619285449472119 -0.09246830043287536 -0.17573838360757355
v -0.6619285449472119 -0.09246830043287536 -0.16861461204552636
v -0.6619285449472119 -0.09246830043287536 -0.16149084048347917
v -0.6619285449472119 -0.09246830043287536 -0.15436706892143198
v -0.6619285449472119 -0.09246830043287536 -0.1472432973593848
v -0.6619285449472119 -0.09246830043287536 -0.1401195257973376
v -0.6619285449472119 -0.09246830043287536 -0.13299575423529042
v -0.6619285449472119 -0.09246830043287536 -0.12587198267324323
v -0.6619285449472119 -0.09246830043287536 -0.11874821111119604
v -0.6619285449472119 -0.09246830043287536 -0.11162443954914886
v -0.6619285449472119 -0.09246830043287536 -0.10450066798710167
v -0.6619285449472119 -0.09246830043287536 -0.09737689642505448
v -0.6619285449472119 -0.09246830043287536 -0.0902531248630073
v -0.6619285449472119 -0.09246830043287536 -0.08312935330096011
v -0.6619285449472119 -0.09246830043287536 -0.07600558173891292
v -0.6619285449472119 -0.09246830043287536 -0.06888181017686573
v -0.6619285449472119 -0.09246830043287536 -0.061758038614818545
v -0.6619285449472119 -0.09246830043287536 -0.05463426705277136
v -0.6619285449472119 -0.09246830043287536 -0.04751049549072417
v -0.6619285449472119 -0.09246830043287536 -0.04038672392867698
v -0.6619285449472119 -0.09246830043287536 -0.033262952366629794
v -0.6619285449472119 -0.09246830043287536 -0.026139180804582607
v -0.6619285449472119 -0.09246830043287536 -0.01901540924253542
v -0.6619285449472119 -0.09246830043287536 -0.011891637680488232
v -0.6619285449472119 -0.09246830043287536 -0.004767866118441044
v -0.6619285449472119 -0.09246830043287536 0.0023559054436061433
v -0.6619285449472119 -0.09246830043287536 0.00947967700565333
v -0.6619285449472119 -0.09246830043287536 0.01660344856770052
v -0.6619285449472119 -0.09246830043287536 0.023727220129747706
v -0.6619285449472119 -0.09246830043287536 0.030850991691794893
v -0.6619285449472119 -0.09246830043287536 0.03797476325384208
v -0.6619285449472119 -0.09246830043287536 0.04509853481588927
v -0.6619285449472119 -0.09246830043287536 0.052222306377936456
v -0.6619285449472119 -0.09246830043287536 0.059346077939983644
v -0.6619285449472119 -0.09246830043287536 0.06646984950203083
v -0.6619285449472119 -0.09246830043287536 0.07359362106407802
v -0.6619285449472119 -0.09246830043287536 0.0807173926261252
v -0.6619285449472119 -0.09246830043287536 0.0878411641881724
v -0.6619285449472119 -0.09246830043287536 0.09496493575021958
v -0.6619285449472119 -0.09246830043287536 0.10208870731226677
v -0.6619285449472119 -0.09246830043287536 0.10921247887431396
v -0.6619285449472119 -0.09246830043287536 0.11633625043636114
v -0.6619285449472119 -0.09246830043287536 0.12346002199840833
v -0.6619285449472119 -0.09246830043287536 0.13058379356045552
v -0.6619285449472119 -0.09246830043287536 0.1377075651225027
v -0.6619285449472119 -0.09246830043287536 0.1448313366845499
v -0.6619285449472119 -0.09246830043287536 0.15195510824659708
v -0.6619285449472119 -0.09246830043287536 0.15907887980864427
v -0.6619285449472119 -0.09246830043287536 0.16620265137069146
v -0.6619285449472119 -0.09246830043287536 0.17332642293273864
v -0.6619285449472119 -0.09246830043287536 0.18045019449478583
v -0.6619285449472119 -0.09246830043287536 0.18757396605683302
v -0.6619285449472119 -0.09246830043287536 0.1946977376188802
v -0.6619285449472119 -0.09228032394347423 -0.19739199422351808
v -0.6619285449472119 -0.09228032394347423 0.19532111926311993
v -0.6619285449472119 -0.08515655238142705 -0.19999999986844894
v -0.6619285449472119 -0.08515655238142705 0.19999999396779086
v -0.6619285449472119 -0.07803278081937988 -0.19999999986844894
v -0.6619285449472119 -0.07803278081937988 0.19999999396779086
v -0.6619285449472119 -0.0709090092573327 -0.19999999986844894
v -0.6619285449472119 -0.0709090092573327 0.19999999396779086
v -0.6619285449472119 -0.06378523769528553 -0.19999999986844894
v -0.6619285449472119 -0.06378523769528553 0.19999999396779086
v -0.6619285449472119 -0.05666146613323836 -0.19999999986844894
v -0.6619285449472119 -0.05666146613323836 0.19999999396779086
v -0.6619285449472119 -0.049537694571191185 -0.19999999986844894
v -0.6619285449472119 -0.049537694571191185 0.19999999396779086
v -0.6619285449472119 -0.04241392300914401 -0.19999999986844894
v -0.6619285449472119 -0.04241392300914401 0.19999999396779086
v -0.6619285449472119 -0.03529015144709684 -0.19999999986844894
v -0.6619285449472119 -0.03529015144709684 0.19999999396779086
v -0.6619285449472119 -0.028166379885049664 -0.19999999986844894
v -0.6619285449472119 -0.028166379885049664 0.19999999396779086
v -0.6619285449472119 -0.02104260832300249 -0.19999999986844894
v -0.6619285449472119 -0.02104260832300249 0.19999999396779086
v -0.6619285449472119 -0.013918836760955317 -0.19999999986844894
v -0.6619285449472119 -0.013918836760955317 0.19999999396779086
v -0.6619285449472119 -0.006795065198908143 -0.19999999986844894
v -0.6619285449472119 -0.006795065198908143 0.19999999396779086
v -0.6619285449472119 0.0003287063631390308 -0.19999999986844894
v -0.6619285449472119 0.0003287063631390308 0.19999999396779086
v -0.6619285449472119 0.0074524779251862044 -0.19999999986844894
v -0.6619285449472119 0.0074524779251862044 0.19999999396779086
v -0.6619285449472119 0.014576249487233364 -0.19999999986844894
v -0.6619285449472119 0.014576249487233364 0.19999999396779086
v -0.6619285449472119 0.021700021049280552 -0.19999999986844894
v -0.6619285449472119 0.021700021049280552 0.19999999396779086
v -0.6619285449472119 0.02882379261132774 -0.19999999986844894
v -0.6619285449472119 0.02882379261132774 0.19999999396779086
v -0.6619285449472119 0.0359475641733749 -0.19999999986844894
v -0.6619285449472119 0.0359475641733749 0.19999999396779086
v -0.6619285449472119 0.04307133573542206 -0.19999999986844894
v -0.6619285449472119 0.04307133573542206 0.19999999396779086
v -0.6619285449472119 0.050195107297469246 -0.19999999986844894
v -0.6619285449472119 0.050195107297469246 0.19999999396779086
v -0.6619285449472119 0.057318878859516434 -0.19999999986844894
v -0.6619285449472119 0.057318878859516434 0.19999999396779086
v -0.6619285449472119 0.0644426504215636 -0.19999999986844894
v -0.6619285449472119 0.0644426504215636 0.19999999396779086
v -0.6619285449472119 0.07156642198361075 -0.19999999986844894
v -0.6619285449472119 0.07156642198361075 0.19999999396779086
v -0.6619285449472119 0.07869019354565794 -0.19999999986844894
v -0.6619285449472119 0.07869019354565794 0.19999999396779086
v -0.6619285449472119 0.08581396510770513 -0.19999999986844894
v -0.6619285449472119 0.08581396510770513 0.19999999396779086
v -0.6619285449472119 0.09200890766697141 -0.1971096982937151
v -0.6619285449472119 0.0923994944004511 0.1946977376188802
v -0.6619285449472119 0.09246665749178869 -0.18998592673166792
v -0.6619285449472119 0.09246665749178869 -0.18286215516962073
v -0.6619285449472119 0.09246665749178869 -0.17573838360757355
v -0.6619285449472119 0.09246665749178869 -0.16861461204552636
v -0.6619285449472119 0.09246665749178869 -0.16149084048347917
v -0.6619285449472119 0.09246665749178869 -0.15436706892143198
v -0.6619285449472119 0.09246665749178869 -0.1472432973593848
v -0.6619285449472119 0.09246665749178869 -0.1401195257973376
v -0.6619285449472119 0.09246665749178869 -0.13299575423529042
v -0.6619285449472119 0.09246665749178869 -0.12587198267324323
v -0.6619285449472119 0.09246665749178869 -0.11874821111119604
v -0.6619285449472119 0.09246665749178869 -0.11162443954914886
v -0.6619285449472119 0.09246665749178869 -0.10450066798710167
v -0.6619285449472119 0.09246665749178869 -0.09737689642505448
v -0.6619285449472119 0.09246665749178869 -0.0902531248630073
v -0.6619285449472119 0.09246665749178869 -0.08312935330096011
v -0.6619285449472119 0.09246665749178869 -0.07600558173891292
v -0.6619285449472119 0.09246665749178869 -0.06888181017686573
v -0.6619285449472119 0.09246665749178869 -0.061758038614818545
v -0.6619285449472119 0.09246665749178869 -0.05463426705277136
v -0.6619285449472119 0.09246665749178869 -0.04751049549072417
v -0.6619285449472119 0.09246665749178869 -0.04038672392867698
v -0.6619285449472119 0.09246665749178869 -0.033262952366629794
v -0.6619285449472119 0.09246665749178869 -0.026139180804582607
v -0.6619285449472119 0.09246665749178869 -0.01901540924253542
v -0.6619285449472119 0.09246665749178869 -0.011891637680488232
v -0.6619285449472119 0.09246665749178869 -0.004767866118441044
v -0.6619285449472119 0.09246665749178869 0.0023559054436061433
v -0.6619285449472119 0.09246665749178869 0.00947967700565333
v -0.6619285449472119 0.09246665749178869 0.01660344856770052
v -0.6619285449472119 0.09246665749178869 0.023727220129747706
v -0.6619285449472119 0.09246665749178869 0.030850991691794893
v -0.6619285449472119 0.09246665749178869 0.03797476325384208
v -0.6619285449472119 0.09246665749178869 0.04509853481588927
v -0.6619285449472119 0.09246665749178869 0.052222306377936456
v -0.6619285449472119 0.09246665749178869 0.059346077939983644
v -0.6619285449472119 0.09246665749178869 0.06646984950203083
v -0.6619285449472119 0.09246665749178869 0.07359362106407802
v -0.6619285449472119 0.09246665749178869 0.0807173926261252
v -0.6619285449472119 0.09246665749178869 0.0878411641881724
v -0.6619285449472119 0.09246665749178869 0.09496493575021958
v -0.6619285449472119 0.09246665749178869 0.10208870731226677
v -0.6619285449472119 0.09246665749178869 0.10921247887431396
v -0.6619285449472119 0.09246665749178869 0.11633625043636114
v -0.6619285449472119 0.09246665749178869 0.12346002199840833
v -0.6619285449472119 0.09246665749178869 0.13058379356045552
v -0.6619285449472119 0.09246665749178869 0.1377075651225027
v -0.6619285449472119 0.09246665749178869 0.1448313366845499
v -0.6619285449472119 0.09246665749178869 0.15195510824659708
v -0.6619285449472119 0.09246665749178869 0.15907887980864427
v -0.6619285449472119 0.09246665749178869 0.16620265137069146
v -0.6619285449472119 0.09246665749178869 0.17332642293273864
v -0.6619285449472119 0.09246665749178869 0.18045019449478583
v -0.6619285449472119 0.09246665749178869 0.18757396605683302
v -0.6615035546233484 -0.09228032394347423 -0.1971096982937151
v -0.6615035546233484 -0.09228032394347423 -0.18998592673166792
v -0.6615035546233484 -0.09228032394347423 -0.18286215516962073
v -0.6615035546233484 -0.09228032394347423 -0.17573838360757355
v -0.6615035546233484 -0.09228032394347423 -0.16861461204552636
v -0.6615035546233484 -0.09228032394347423 -0.16149084048347917
v -0.6615035546233484 -0.09228032394347423 -0.15436706892143198
v -0.6615035546233484 -0.09228032394347423 -0.1472432973593848
v -0.6615035546233484 -0.09228032394347423 -0.1401195257973376
v -0.6615035546233484 -0.09228032394347423 -0.13299575423529042
v -0.6615035546233484 -0.09228032394347423 -0.12587198267324323
v -0.6615035546233484 -0.09228032394347423 -0.11874821111119604
v -0.6615035546233484 -0.09228032394347423 -0.11162443954914886
v -0.6615035546233484 -0.09228032394347423 -0.10450066798710167
v -0.6615035546233484 -0.09228032394347423 -0.09737689642505448
v -0.6615035546233484 -0.09228032394347423 -0.0902531248630073
v -0.6615035546233484 -0.09228032394347423 -0.08312935330096011
v -0.6615035546233484 -0.09228032394347423 -0.07600558173891292
v -0.6615035546233484 -0.09228032394347423 -0.06888181017686573
v -0.6615035546233484 -0.09228032394347423 -0.061758038614818545
v -0.6615035546233484 -0.09228032394347423 -0.05463426705277136
v -0.6615035546233484 -0.09228032394347423 -0.04751049549072417
v -0.6615035546233484 -0.09228032394347423 -0.04038672392867698
v -0.6615035546233484 -0.09228032394347423 -0.033262952366629794
v -0.6615035546233484 -0.09228032394347423 -0.026139180804582607
v -0.6615035546233484 -0.09228032394347423 -0.01901540924253542
v -0.6615035546233484 -0.09228032394347423 -0.011891637680488232
v -0.6615035546233484 -0.09228032394347423 -0.004767866118441044
v -0.6615035546233484 -0.09228032394347423 0.0023559054436061433
v -0.6615035546233484 -0.09228032394347423 0.00947967700565333
v -0.6615035546233484 -0.09228032394347423 0.01660344856770052
v -0.6615035546233484 -0.09228032394347423 0.023727220129747706
v -0.6615035546233484 -0.09228032394347423 0.030850991691794893
v -0.6615035546233484 -0.09228032394347423 0.03797476325384208
v -0.6615035546233484 -0.09228032394347423 0.04509853481588927
v -0.6615035546233484 -0.09228032394347423 0.052222306377936456
v -0.6615035546233484 -0.09228032394347423 0.059346077939983644
v -0.6615035546233484 -0.09228032394347423 0.06646984950203083
v -0.6615035546233484 -0.09228032394347423 0.07359362106407802
v -0.6615035546233484 -0.09228032394347423 0.0807173926261252
v -0.6615035546233484 -0.09228032394347423 0.0878411641881724
v -0.6615035546233484 -0.09228032394347423 0.09496493575021958
v -0.6615035546233484 -0.09228032394347423 0.10208870731226677
v -0.6615035546233484 -0.09228032394347423 0.10921247887431396
v -0.6615035546233484 -0.09228032394347423 0.11633625043636114
v -0.6615035546233484 -0.09228032394347423 0.12346002199840833
v -0.6615035546233484 -0.09228032394347423 0.13058379356045552
v -0.6615035546233484 -0.09228032394347423 0.1377075651225027
v -0.6615035546233484 -0.09228032394347423 0.1448313366845499
v -0.6615035546233484 -0.09228032394347423 0.15195510824659708
v -0.6615035546233484 -0.09228032394347423 0.15907887980864427
v -0.6615035546233484 -0.09228032394347423 0.16620265137069146
v -0.6615035546233484 -0.09228032394347423 0.17332642293273864
v -0.6615035546233484 -0.09228032394347423 0.18045019449478583
v -0.6615035546233484 -0.09228032394347423 0.18757396605683302
v -0.6615035546233484 -0.09228032394347423 0.1946977376188802
v -0.6548047733851647 -0.08918979928137018 -0.18998592673166792
v -0.6548047733851647 -0.08918979928137018 -0.18286215516962073
v -0.6548047733851647 -0.08918979928137018 -0.17573838360757355
v -0.6548047733851647 -0.08918979928137018 -0.16861461204552636
v -0.6548047733851647 -0.08918979928137018 -0.16149084048347917
v -0.6548047733851647 -0.08918979928137018 -0.15436706892143198
v -0.6548047733851647 -0.08918979928137018 -0.1472432973593848
v -0.6548047733851647 -0.08918979928137018 -0.1401195257973376
v -0.6548047733851647 -0.08918979928137018 -0.13299575423529042
v -0.6548047733851647 -0.08918979928137018 -0.12587198267324323
v -0.6548047733851647 -0.08918979928137018 -0.11874821111119604
v -0.6548047733851647 -0.08918979928137018 -0.11162443954914886
v -0.6548047733851647 -0.08918979928137018 -0.10450066798710167
v -0.6548047733851647 -0.08918979928137018 -0.09737689642505448
v -0.6548047733851647 -0.08918979928137018 -0.0902531248630073
v -0.6548047733851647 -0.08918979928137018 -0.08312935330096011
v -0.6548047733851647 -0.08918979928137018 -0.07600558173891292
v -0.6548047733851647 -0.08918979928137018 -0.06888181017686573
v -0.6548047733851647 -0.08918979928137018 -0.061758038614818545
v -0.6548047733851647 -0.08918979928137018 -0.05463426705277136
v -0.6548047733851647 -0.08918979928137018 -0.04751049549072417
v -0.6548047733851647 -0.08918979928137018 -0.04038672392867698
v -0.6548047733851647 -0.08918979928137018 -0.033262952366629794
v -0.6548047733851647 -0.08918979928137018 -0.026139180804582607
v -0.6548047733851647 -0.08918979928137018 -0.01901540924253542
v -0.6548047733851647 -0.08918979928137018 -0.011891637680488232
v -0.6548047733851647 -0.08918979928137018 -0.004767866118441044
v -0.6548047733851647 -0.08918979928137018 0.0023559054436061433
v -0.6548047733851647 -0.08918979928137018 0.00947967700565333
v -0.6548047733851647 -0.08918979928137018 0.01660344856770052
v -0.6548047733851647 -0.08918979928137018 0.023727220129747706
v -0.6548047733851647 -0.08918979928137018 0.030850991691794893
v -0.6548047733851647 -0.08918979928137018 0.03797476325384208
v -0.6548047733851647 -0.08918979928137018 0.04509853481588927
v -0.6548047733851647 -0.08918979928137018 0.052222306377936456
v -0.6548047733851647 -0.08918979928137018 0.059346077939983644
v -0.6548047733851647 -0.08918979928137018 0.06646984950203083
v -0.6548047733851647 -0.08918979928137018 0.07359362106407802
v -0.6548047733851647 -0.08918979928137018 0.0807173926261252
v -0.6548047733851647 -0.08918979928137018 0.0878411641881724
v -0.6548047733851647 -0.08918979928137018 0.09496493575021958
v -0.6548047733851647 -0.08918979928137018 0.10208870731226677
v -0.6548047733851647 -0.08918979928137018 0.10921247887431396
v -0.6548047733851647 -0.08918979928137018 0.11633625043636114
v -0.6548047733851647 -0.08918979928137018 0.12346002199840833
v -0.6548047733851647 -0.08918979928137018 0.13058379356045552
v -0.6548047733851647 -0.08918979928137018 0.1377075651225027
v -0.6548047733851647 -0.08918979928137018 0.1448313366845499
v -0.6548047733851647 -0.08918979928137018 0.15195510824659708
v -0.6548047733851647 -0.08918979928137018 0.15907887980864427
v -0.6548047733851647 -0.08918979928137018 0.16620265137069146
v -0.6548047733851647 -0.08918979928137018 0.17332642293273864
v -0.6548047733851647 -0.08918979928137018 0.18045019449478583
v -0.6548047733851647 -0.08918979928137018 0.18757396605683302
v -0.6548047733851647 -0.08918979928137018 0.1946977376188802
v -0.6548047733851647 -0.08880482419197755 -0.1971096982937151
v -0.6548047733851647 -0.08515655238142705 -0.19999999986844894
v -0.6548047733851647 -0.08515655238142705 0.1994251333430062
v -0.6548047733851647 -0.07803278081937988 -0.19999999986844894
v -0.6548047733851647 -0.07803278081937988 0.19999999396779086
v -0.6548047733851647 -0.0709090092573327 -0.19999999986844894
v -0.6548047733851647 -0.0709090092573327 0.19999999396779086
v -0.6548047733851647 -0.06378523769528553 -0.19999999986844894
v -0.6548047733851647 -0.06378523769528553 0.19999999396779086
v -0.6548047733851647 -0.05666146613323836 -0.19999999986844894
v -0.6548047733851647 -0.05666146613323836 0.19999999396779086
v -0.6548047733851647 -0.049537694571191185 -0.19999999986844894
v -0.6548047733851647 -0.049537694571191185 0.19999999396779086
v -0.6548047733851647 -0.04241392300914401 -0.19999999986844894
v -0.6548047733851647 -0.04241392300914401 0.19999999396779086
v -0.6548047733851647 -0.03529015144709684 -0.19999999986844894
v -0.6548047733851647 -0.03529015144709684 0.19999999396779086
v -0.6548047733851647 -0.028166379885049664 -0.19999999986844894
v -0.6548047733851647 -0.028166379885049664 0.19999999396779086
v -0.6548047733851647 -0.02104260832300249 -0.19999999986844894
v -0.6548047733851647 -0.02104260832300249 0.19999999396779086
v -0.6548047733851647 -0.013918836760955317 -0.19999999986844894
v -0.6548047733851647 -0.013918836760955317 0.19999999396779086
v -0.6548047733851647 -0.006795065198908143 -0.19999999986844894
v -0.6548047733851647 -0.006795065198908143 0.19999999396779086
v -0.6548047733851647 0.0003287063631390308 -0.19999999986844894
v -0.6548047733851647 0.0003287063631390308 0.19999999396779086
v -0.6548047733851647 0.0074524779251862044 -0.19999999986844894
v -0.6548047733851647 0.0074524779251862044 0.19999999396779086
v -0.6548047733851647 0.014576249487233364 -0.19999999986844894
v -0.6548047733851647 0.014576249487233364 0.19999999396779086
v -0.6548047733851647 0.021700021049280552 -0.19999999986844894
v -0.6548047733851647 0.021700021049280552 0.19999999396779086
v -0.6548047733851647 0.02882379261132774 -0.19999999986844894
v -0.6548047733851647 0.02882379261132774 0.19999999396779086
v -0.6548047733851647 0.0359475641733749 -0.19999999986844894
v -0.6548047733851647 0.0359475641733749 0.19999999396779086
v -0.6548047733851647 0.04307133573542206 -0.19999999986844894
v -0.6548047733851647 0.04307133573542206 0.19999999396779086
v -0.6548047733851647 0.050195107297469246 -0.19999999986844894
v -0.6548047733851647 0.050195107297469246 0.19999999396779086
v -0.6548047733851647 0.057318878859516434 -0.19999999986844894
v -0.6548047733851647 0.057318878859516434 0.19999999396779086
v -0.6548047733851647 0.0644426504215636 -0.19999999986844894
v -0.6548047733851647 0.0644426504215636 0.19999999396779086
v -0.6548047733851647 0.07156642198361075 -0.19999999986844894
v -0.6548047733851647 0.07156642198361075 0.19999999396779086
v -0.6548047733851647 0.07869019354565794 -0.19999999986844894
v -0.6548047733851647 0.07869019354565794 0.19999999396779086
v -0.6548047733851647 0.08581396510770513 -0.19999999986844894
v -0.6548047733851647 0.08581396510770513 0.19913699647978453
v -0.6548047733851647 0.08911650597180366 -0.1971096982937151
v -0.6548047733851647 0.08918975627028654 -0.18998592673166792
v -0.6548047733851647 0.08918975627028654 -0.18286215516962073
v -0.6548047733851647 0.08918975627028654 -0.17573838360757355
v -0.6548047733851647 0.08918975627028654 -0.16861461204552636
v -0.6548047733851647 0.08918975627028654 -0.16149084048347917
v -0.6548047733851647 0.08918975627028654 -0.15436706892143198
v -0.6548047733851647 0.08918975627028654 -0.1472432973593848
v -0.6548047733851647 0.08918975627028654 -0.1401195257973376
v -0.6548047733851647 0.08918975627028654 -0.13299575423529042
v -0.6548047733851647 0.08918975627028654 -0.12587198267324323
v -0.6548047733851647 0.08918975627028654 -0.11874821111119604
v -0.6548047733851647 0.08918975627028654 -0.11162443954914886
v -0.6548047733851647 0.08918975627028654 -0.10450066798710167
v -0.6548047733851647 0.08918975627028654 -0.09737689642505448
v -0.6548047733851647 0.08918975627028654 -0.0902531248630073
v -0.6548047733851647 0.08918975627028654 -0.08312935330096011
v -0.6548047733851647 0.08918975627028654 -0.07600558173891292
v -0.6548047733851647 0.08918975627028654 -0.06888181017686573
v -0.6548047733851647 0.08918975627028654 -0.061758038614818545
v -0.6548047733851647 0.08918975627028654 -0.05463426705277136
v -0.6548047733851647 0.08918975627028654 -0.04751049549072417
v -0.6548047733851647 0.08918975627028654 -0.04038672392867698
v -0.6548047733851647 0.08918975627028654 -0.033262952366629794
v -0.6548047733851647 0.08918975627028654 -0.026139180804582607
v -0.6548047733851647 0.08918975627028654 -0.01901540924253542
v -0.6548047733851647 0.08918975627028654 -0.011891637680488232
v -0.6548047733851647 0.08918975627028654 -0.004767866118441044
v -0.6548047733851647 0.08918975627028654 0.0023559054436061433
v -0.6548047733851647 0.08918975627028654 0.00947967700565333
v -0.6548047733851647 0.08918975627028654 0.01660344856770052
v -0.6548047733851647 0.08918975627028654 0.023727220129747706
v -0.6548047733851647 0.08918975627028654 0.030850991691794893
v -0.6548047733851647 0.08918975627028654 0.03797476325384208
v -0.6548047733851647 0.08918975627028654 0.04509853481588927
v -0.6548047733851647 0.08918975627028654 0.052222306377936456
v -0.6548047733851647 0.08918975627028654 0.059346077939983644
v -0.6548047733851647 0.08918975627028654 0.06646984950203083
v -0.6548047733851647 0.08918975627028654 0.07359362106407802
v -0.6548047733851647 0.08918975627028654 0.0807173926261252
v -0.6548047733851647 0.08918975627028654 0.0878411641881724
v -0.6548047733851647 0.08918975627028654 0.09496493575021958
v -0.6548047733851647 0.08918975627028654 0.10208870731226677
v -0.6548047733851647 0.08918975627028654 0.10921247887431396
v -0.6548047733851647 0.08918975627028654 0.11633625043636114
v -0.6548047733851647 0.08918975627028654 0.12346002199840833
v -0.6548047733851647 0.08918975627028654 0.13058379356045552
v -0.6548047733851647 0.08918975627028654 0.1377075651225027
v -0.6548047733851647 0.08918975627028654 0.1448313366845499
v -0.6548047733851647 0.08918975627028654 0.15195510824659708
v -0.6548047733851647 0.08918975627028654 0.15907887980864427
v -0.6548047733851647 0.08918975627028654 0.16620265137069146
v -0.6548047733851647 0.08918975627028654 0.17332642293273864
v -0.6548047733851647 0.08918975627028654 0.18045019449478583
v -0.6548047733851647 0.08918975627028654 0.18757396605683302
v -0.6548047733851647 0.08918975627028654 0.1946977376188802
v -0.6487410862299691 0.08581396510770513 -0.1971096982937151
v -0.648704359174358 0.08581396510770513 -0.18998592673166792
v -0.648704359174358 0.08581396510770513 -0.18286215516962073
v -0.648704359174358 0.08581396510770513 -0.17573838360757355
v -0.648704359174358 0.08581396510770513 -0.16861461204552636
v -0.648704359174358 0.08581396510770513 -0.16149084048347917
v -0.648704359174358 0.08581396510770513 -0.15436706892143198
v -0.648704359174358 0.08581396510770513 -0.1472432973593848
v -0.648704359174358 0.08581396510770513 -0.1401195257973376
v -0.648704359174358 0.08581396510770513 -0.13299575423529042
v -0.648704359174358 0.08581396510770513 -0.12587198267324323
v -0.648704359174358 0.08581396510770513 -0.11874821111119604
v -0.648704359174358 0.08581396510770513 -0.11162443954914886
v -0.648704359174358 0.08581396510770513 -0.10450066798710167
v -0.648704359174358 0.08581396510770513 -0.09737689642505448
v -0.648704359174358 0.08581396510770513 -0.0902531248630073
v -0.648704359174358 0.08581396510770513 -0.08312935330096011
v -0.648704359174358 0.08581396510770513 -0.07600558173891292
v -0.648704359174358 0.08581396510770513 -0.06888181017686573
v -0.648704359174358 0.08581396510770513 -0.061758038614818545
v -0.648704359174358 0.08581396510770513 -0.05463426705277136
v -0.648704359174358 0.08581396510770513 -0.04751049549072417
v -0.648704359174358 0.08581396510770513 -0.04038672392867698
v -0.648704359174358 0.08581396510770513 -0.033262952366629794
v -0.648704359174358 0.08581396510770513 -0.026139180804582607
v -0.648704359174358 0.08581396510770513 -0.01901540924253542
v -0.648704359174358 0.08581396510770513 -0.011891637680488232
v -0.648704359174358 0.08581396510770513 -0.004767866118441044
v -0.648704359174358 0.08581396510770513 0.0023559054436061433
v -0.648704359174358 0.08581396510770513 0.00947967700565333
v -0.648704359174358 0.08581396510770513 0.01660344856770052
v -0.648704359174358 0.08581396510770513 0.023727220129747706
v -0.648704359174358 0.08581396510770513 0.030850991691794893
v -0.648704359174358 0.08581396510770513 0.03797476325384208
v -0.648704359174358 0.08581396510770513 0.04509853481588927
v -0.648704359174358 0.08581396510770513 0.052222306377936456
v -0.648704359174358 0.08581396510770513 0.059346077939983644
v -0.648704359174358 0.08581396510770513 0.06646984950203083
v -0.648704359174358 0.08581396510770513 0.07359362106407802
v -0.648704359174358 0.08581396510770513 0.0807173926261252
v -0.648704359174358 0.08581396510770513 0.0878411641881724
v -0.648704359174358 0.08581396510770513 0.09496493575021958
v -0.648704359174358 0.08581396510770513 0.10208870731226677
v -0.648704359174358 0.08581396510770513 0.10921247887431396
v -0.648704359174358 0.08581396510770513 0.11633625043636114
v -0.648704359174358 0.08581396510770513 0.12346002199840833
v -0.648704359174358 0.08581396510770513 0.13058379356045552
v -0.648704359174358 0.08581396510770513 0.1377075651225027
v -0.648704359174358 0.08581396510770513 0.1448313366845499
v -0.648704359174358 0.08581396510770513 0.15195510824659708
v -0.648704359174358 0.08581396510770513 0.15907887980864427
v -0.648704359174358 0.08581396510770513 0.16620265137069146
v -0.648704359174358 0.08581396510770513 0.17332642293273864
v -0.648704359174358 0.08581396510770513 0.18045019449478583
v -0.648704359174358 0.08581396510770513 0.18757396605683302
v -0.648704359174358 0.08581396510770513 0.1946977376188802
v -0.6476810018231176 -0.08522091984135806 -0.1971096982937151
v -0.6476810018231176 -0.08522091984135806 -0.18998592673166792
v -0.6476810018231176 -0.08522091984135806 -0.18286215516962073
v -0.6476810018231176 -0.08522091984135806 -0.17573838360757355
v -0.6476810018231176 -0.08522091984135806 -0.16861461204552636
v -0.6476810018231176 -0.08522091984135806 -0.16149084048347917
v -0.6476810018231176 -0.08522091984135806 -0.15436706892143198
v -0.6476810018231176 -0.08522091984135806 -0.1472432973593848
v -0.6476810018231176 -0.08522091984135806 -0.1401195257973376
v -0.6476810018231176 -0.08522091984135806 -0.13299575423529042
v -0.6476810018231176 -0.08522091984135806 -0.12587198267324323
v -0.6476810018231176 -0.08522091984135806 -0.11874821111119604
v -0.6476810018231176 -0.08522091984135806 -0.11162443954914886
v -0.6476810018231176 -0.08522091984135806 -0.10450066798710167
v -0.6476810018231176 -0.08522091984135806 -0.09737689642505448
v -0.6476810018231176 -0.08522091984135806 -0.0902531248630073
v -0.6476810018231176 -0.08522091984135806 -0.08312935330096011
v -0.6476810018231176 -0.08522091984135806 -0.07600558173891292
v -0.6476810018231176 -0.08522091984135806 -0.06888181017686573
v -0.6476810018231176 -0.08522091984135806 -0.061758038614818545
v -0.6476810018231176 -0.08522091984135806 -0.05463426705277136
v -0.6476810018231176 -0.08522091984135806 -0.04751049549072417
v -0.6476810018231176 -0.08522091984135806 -0.04038672392867698
v -0.6476810018231176 -0.08522091984135806 -0.033262952366629794
v -0.6476810018231176 -0.08522091984135806 -0.026139180804582607
v -0.6476810018231176 -0.08522091984135806 -0.01901540924253542
v -0.6476810018231176 -0.08522091984135806 -0.011891637680488232
v -0.6476810018231176 -0.08522091984135806 -0.004767866118441044
v -0.6476810018231176 -0.08522091984135806 0.0023559054436061433
v -0.6476810018231176 -0.08522091984135806 0.00947967700565333
v -0.6476810018231176 -0.08522091984135806 0.01660344856770052
v -0.6476810018231176 -0.08522091984135806 0.023727220129747706
v -0.6476810018231176 -0.08522091984135806 0.030850991691794893
v -0.6476810018231176 -0.08522091984135806 0.03797476325384208
v -0.6476810018231176 -0.08522091984135806 0.04509853481588927
v -0.6476810018231176 -0.08522091984135806 0.052222306377936456
v -0.6476810018231176 -0.08522091984135806 0.059346077939983644
v -0.6476810018231176 -0.08522091984135806 0.06646984950203083
v -0.6476810018231176 -0.08522091984135806 0.07359362106407802
v -0.6476810018231176 -0.08522091984135806 0.0807173926261252
v -0.6476810018231176 -0.08522091984135806 0.0878411641881724
v -0.6476810018231176 -0.08522091984135806 0.09496493575021958
v -0.6476810018231176 -0.08522091984135806 0.10208870731226677
v -0.6476810018231176 -0.08522091984135806 0.10921247887431396
v -0.6476810018231176 -0.08522091984135806 0.11633625043636114
v -0.6476810018231176 -0.08522091984135806 0.12346002199840833
v -0.6476810018231176 -0.08522091984135806 0.13058379356045552
v -0.6476810018231176 -0.08522091984135806 0.1377075651225027
v -0.6476810018231176 -0.08522091984135806 0.1448313366845499
v -0.6476810018231176 -0.08522091984135806 0.15195510824659708
v -0.6476810018231176 -0.08522091984135806 0.15907887980864427
v -0.6476810018231176 -0.08522091984135806 0.16620265137069146
v -0.6476810018231176 -0.08522091984135806 0.17332642293273864
v -0.6476810018231176 -0.08522091984135806 0.18045019449478583
v -0.6476810018231176 -0.08522091984135806 0.18757396605683302
v -0.6476810018231176 -0.08522091984135806 0.1946977376188802
v -0.6476810018231176 -0.08515655238142705 -0.19720177494476554
v -0.6476810018231176 -0.08515655238142705 0.19490814030335574
v -0.6476810018231176 -0.07803278081937988 -0.19999999986844894
v -0.6476810018231176 -0.07803278081937988 0.19999999396779086
v -0.6476810018231176 -0.0709090092573327 -0.19999999986844894
v -0.6476810018231176 -0.0709090092573327 0.19999999396779086
v -0.6476810018231176 -0.06378523769528553 -0.19999999986844894
v -0.6476810018231176 -0.06378523769528553 0.19999999396779086
v -0.6476810018231176 -0.05666146613323836 -0.19999999986844894
v -0.6476810018231176 -0.05666146613323836 0.19999999396779086
v -0.6476810018231176 -0.049537694571191185 -0.19999999986844894
v -0.6476810018231176 -0.049537694571191185 0.19999999396779086
v -0.6476810018231176 -0.04241392300914401 -0.19999999986844894
v -0.6476810018231176 -0.04241392300914401 0.19999999396779086
v -0.6476810018231176 -0.03529015144709684 -0.19999999986844894
v -0.6476810018231176 -0.03529015144709684 0.19999999396779086
v -0.6476810018231176 -0.028166379885049664 -0.19999999986844894
v -0.6476810018231176 -0.028166379885049664 0.19999999396779086
v -0.6476810018231176 -0.02104260832300249 -0.19999999986844894
v -0.6476810018231176 -0.02104260832300249 0.19999999396779086
v -0.6476810018231176 -0.013918836760955317 -0.19999999986844894
v -0.6476810018231176 -0.013918836760955317 0.19999999396779086
v -0.6476810018231176 -0.006795065198908143 -0.19999999986844894
v -0.6476810018231176 -0.006795065198908143 0.19999999396779086
v -0.6476810018231176 0.0003287063631390308 -0.19999999986844894
v -0.6476810018231176 0.0003287063631390308 0.19999999396779086
v -0.6476810018231176 0.0074524779251862044 -0.19999999986844894
v -0.6476810018231176 0.0074524779251862044 0.19999999396779086
v -0.6476810018231176 0.014576249487233364 -0.19999999986844894
v -0.6476810018231176 0.014576249487233364 0.19999999396779086
v -0.6476810018231176 0.021700021049280552 -0.19999999986844894
v -0.6476810018231176 0.021700021049280552 0.19999999396779086
v -0.6476810018231176 0.02882379261132774 -0.19999999986844894
v -0.6476810018231176 0.02882379261132774 0.19999999396779086
v -0.6476810018231176 0.0359475641733749 -0.19999999986844894
v -0.6476810018231176 0.0359475641733749 0.19999999396779086
v -0.6476810018231176 0.04307133573542206 -0.19999999986844894
v -0.6476810018231176 0.04307133573542206 0.19999999396779086
v -0.6476810018231176 0.050195107297469246 -0.19999999986844894
v -0.6476810018231176 0.050195107297469246 0.19999999396779086
v -0.6476810018231176 0.057318878859516434 -0.19999999986844894
v -0.6476810018231176 0.057318878859516434 0.19999999396779086
v -0.6476810018231176 0.0644426504215636 -0.19999999986844894
v -0.6476810018231176 0.0644426504215636 0.19999999396779086
v -0.6476810018231176 0.07156642198361075 -0.19999999986844894
v -0.6476810018231176 0.07156642198361075 0.19999999396779086
v -0.6476810018231176 0.07869019354565794 -0.19999999986844894
v -0.6476810018231176 0.07869019354565794 0.19999999396779086
v -0.6476810018231176 0.08475388070085361 -0.1971096982937151
v -0.6476810018231176 0.08519415698016004 0.1946977376188802
v -0.6476810018231176 0.08521500022962634 -0.18998592673166792
v -0.6476810018231176 0.08521500022962634 -0.18286215516962073
v -0.6476810018231176 0.08521500022962634 -0.17573838360757355
v -0.6476810018231176 0.08521500022962634 -0.16861461204552636
v -0.6476810018231176 0.08521500022962634 -0.16149084048347917
v -0.6476810018231176 0.08521500022962634 -0.15436706892143198
v -0.6476810018231176 0.08521500022962634 -0.1472432973593848
v -0.6476810018231176 0.08521500022962634 -0.1401195257973376
v -0.6476810018231176 0.08521500022962634 -0.13299575423529042
v -0.6476810018231176 0.08521500022962634 -0.12587198267324323
v -0.6476810018231176 0.08521500022962634 -0.11874821111119604
v -0.6476810018231176 0.08521500022962634 -0.11162443954914886
v -0.6476810018231176 0.08521500022962634 -0.10450066798710167
v -0.6476810018231176 0.08521500022962634 -0.09737689642505448
v -0.6476810018231176 0.08521500022962634 -0.0902531248630073
v -0.6476810018231176 0.08521500022962634 -0.08312935330096011
v -0.6476810018231176 0.08521500022962634 -0.07600558173891292
v -0.6476810018231176 0.08521500022962634 -0.06888181017686573
v -0.6476810018231176 0.08521500022962634 -0.061758038614818545
v -0.6476810018231176 0.08521500022962634 -0.05463426705277136
v -0.6476810018231176 0.08521500022962634 -0.04751049549072417
v -0.6476810018231176 0.08521500022962634 -0.04038672392867698
v -0.6476810018231176 0.08521500022962634 -0.033262952366629794
v -0.6476810018231176 0.08521500022962634 -0.026139180804582607
v -0.6476810018231176 0.08521500022962634 -0.01901540924253542
v -0.6476810018231176 0.08521500022962634 -0.011891637680488232
v -0.6476810018231176 0.08521500022962634 -0.004767866118441044
v -0.6476810018231176 0.08521500022962634 0.0023559054436061433
v -0.6476810018231176 0.08521500022962634 0.00947967700565333
v -0.6476810018231176 0.08521500022962634 0.01660344856770052
v -0.6476810018231176 0.08521500022962634 0.023727220129747706
v -0.6476810018231176 0.08521500022962634 0.030850991691794893
v -0.6476810018231176 0.08521500022962634 0.03797476325384208
v -0.6476810018231176 0.08521500022962634 0.04509853481588927
v -0.6476810018231176 0.08521500022962634 0.052222306377936456
v -0.6476810018231176 0.08521500022962634 0.059346077939983644
v -0.6476810018231176 0.08521500022962634 0.06646984950203083
v -0.6476810018231176 0.08521500022962634 0.07359362106407802
v -0.6476810018231176 0.08521500022962634 0.0807173926261252
v -0.6476810018231176 0.08521500022962634 0.0878411641881724
v -0.6476810018231176 0.08521500022962634 0.09496493575021958
v -0.6476810018231176 0.08521500022962634 0.10208870731226677
v -0.6476810018231176 0.08521500022962634 0.10921247887431396
v -0.6476810018231176 0.08521500022962634 0.11633625043636114
v -0.6476810018231176 0.08521500022962634 0.12346002199840833
v -0.6476810018231176 0.08521500022962634 0.13058379356045552
v -0.6476810018231176 0.08521500022962634 0.1377075651225027
v -0.6476810018231176 0.08521500022962634 0.1448313366845499
v -0.6476810018231176 0.08521500022962634 0.15195510824659708
v -0.6476810018231176 0.08521500022962634 0.15907887980864427
v -0.6476810018231176 0.08521500022962634 0.16620265137069146
v -0.6476810018231176 0.08521500022962634 0.17332642293273864
v -0.6476810018231176 0.08521500022962634 0.18045019449478583
v -0.6476810018231176 0.08521500022962634 0.18757396605683302
v -0.6475799107044545 -0.08515655238142705 -0.1971096982937151
v -0.6475799107044545 -0.08515655238142705 -0.18998592673166792
v -0.6475799107044545 -0.08515655238142705 -0.18286215516962073
v -0.6475799107044545 -0.08515655238142705 -0.17573838360757355
v -0.6475799107044545 -0.08515655238142705 -0.16861461204552636
v -0.6475799107044545 -0.08515655238142705 -0.16149084048347917
v -0.6475799107044545 -0.08515655238142705 -0.15436706892143198
v -0.6475799107044545 -0.08515655238142705 -0.1472432973593848
v -0.6475799107044545 -0.08515655238142705 -0.1401195257973376
v -0.6475799107044545 -0.08515655238142705 -0.13299575423529042
v -0.6475799107044545 -0.08515655238142705 -0.12587198267324323
v -0.6475799107044545 -0.08515655238142705 -0.11874821111119604
v -0.6475799107044545 -0.08515655238142705 -0.11162443954914886
v -0.6475799107044545 -0.08515655238142705 -0.10450066798710167
v -0.6475799107044545 -0.08515655238142705 -0.09737689642505448
v -0.6475799107044545 -0.08515655238142705 -0.0902531248630073
v -0.6475799107044545 -0.08515655238142705 -0.08312935330096011
v -0.6475799107044545 -0.08515655238142705 -0.07600558173891292
v -0.6475799107044545 -0.08515655238142705 -0.06888181017686573
v -0.6475799107044545 -0.08515655238142705 -0.061758038614818545
v -0.6475799107044545 -0.08515655238142705 -0.05463426705277136
v -0.6475799107044545 -0.08515655238142705 -0.04751049549072417
v -0.6475799107044545 -0.08515655238142705 -0.04038672392867698
v -0.6475799107044545 -0.08515655238142705 -0.033262952366629794
v -0.6475799107044545 -0.08515655238142705 -0.026139180804582607
v -0.6475799107044545 -0.08515655238142705 -0.01901540924253542
v -0.6475799107044545 -0.08515655238142705 -0.011891637680488232
v -0.6475799107044545 -0.08515655238142705 -0.004767866118441044
v -0.6475799107044545 -0.08515655238142705 0.0023559054436061433
v -0.6475799107044545 -0.08515655238142705 0.00947967700565333
v -0.6475799107044545 -0.08515655238142705 0.01660344856770052
v -0.6475799107044545 -0.08515655238142705 0.023727220129747706
v -0.6475799107044545 -0.08515655238142705 0.030850991691794893
v -0.6475799107044545 -0.08515655238142705 0.03797476325384208
v -0.6475799107044545 -0.08515655238142705 0.04509853481588927
v -0.6475799107044545 -0.08515655238142705 0.052222306377936456
v -0.6475799107044545 -0.08515655238142705 0.059346077939983644
v -0.6475799107044545 -0.08515655238142705 0.06646984950203083
v -0.6475799107044545 -0.08515655238142705 0.07359362106407802
v -0.6475799107044545 -0.08515655238142705 0.0807173926261252
v -0.6475799107044545 -0.08515655238142705 0.0878411641881724
v -0.6475799107044545 -0.08515655238142705 0.09496493575021958
v -0.6475799107044545 -0.08515655238142705 0.10208870731226677
v -0.6475799107044545 -0.08515655238142705 0.10921247887431396
v -0.6475799107044545 -0.08515655238142705 0.11633625043636114
v -0.6475799107044545 -0.08515655238142705 0.12346002199840833
v -0.6475799107044545 -0.08515655238142705 0.13058379356045552
v -0.6475799107044545 -0.08515655238142705 0.1377075651225027
v -0.6475799107044545 -0.08515655238142705 0.1448313366845499
v -0.6475799107044545 -0.08515655238142705 0.15195510824659708
v -0.6475799107044545 -0.08515655238142705 0.15907887980864427
v -0.6475799107044545 -0.08515655238142705 0.16620265137069146
v -0.6475799107044545 -0.08515655238142705 0.17332642293273864
v -0.6475799107044545 -0.08515655238142705 0.18045019449478583
v -0.6475799107044545 -0.08515655238142705 0.18757396605683302
v -0.6475799107044545 -0.08515655238142705 0.1946977376188802
v -0.6405572302610705 -0.08039065643085859 -0.1971096982937151
v -0.6405572302610705 -0.08039065643085859 -0.18998592673166792
v -0.6405572302610705 -0.08039065643085859 -0.18286215516962073
v -0.6405572302610705 -0.08039065643085859 -0.17573838360757355
v -0.6405572302610705 -0.08039065643085859 -0.16861461204552636
v -0.6405572302610705 -0.08039065643085859 -0.16149084048347917
v -0.6405572302610705 -0.08039065643085859 -0.15436706892143198
v -0.6405572302610705 -0.08039065643085859 -0.1472432973593848
v -0.6405572302610705 -0.08039065643085859 -0.1401195257973376
v -0.6405572302610705 -0.08039065643085859 -0.13299575423529042
v -0.6405572302610705 -0.08039065643085859 -0.12587198267324323
v -0.6405572302610705 -0.08039065643085859 -0.11874821111119604
v -0.6405572302610705 -0.08039065643085859 -0.11162443954914886
v -0.6405572302610705 -0.08039065643085859 -0.10450066798710167
v -0.6405572302610705 -0.08039065643085859 -0.09737689642505448
v -0.6405572302610705 -0.08039065643085859 -0.0902531248630073
v -0.6405572302610705 -0.08039065643085859 -0.08312935330096011
v -0.6405572302610705 -0.08039065643085859 -0.07600558173891292
v -0.6405572302610705 -0.08039065643085859 -0.06888181017686573
v -0.6405572302610705 -0.08039065643085859 -0.061758038614818545
v -0.6405572302610705 -0.08039065643085859 -0.05463426705277136
v -0.6405572302610705 -0.08039065643085859 -0.04751049549072417
v -0.6405572302610705 -0.08039065643085859 -0.04038672392867698
v -0.6405572302610705 -0.08039065643085859 -0.033262952366629794
v -0.6405572302610705 -0.08039065643085859 -0.026139180804582607
v -0.6405572302610705 -0.08039065643085859 -0.01901540924253542
v -0.6405572302610705 -0.08039065643085859 -0.011891637680488232
v -0.6405572302610705 -0.08039065643085859 -0.004767866118441044
v -0.6405572302610705 -0.08039065643085859 0.0023559054436061433
v -0.6405572302610705 -0.08039065643085859 0.00947967700565333
v -0.6405572302610705 -0.08039065643085859 0.01660344856770052
v -0.6405572302610705 -0.08039065643085859 0.023727220129747706
v -0.6405572302610705 -0.08039065643085859 0.030850991691794893
v -0.6405572302610705 -0.08039065643085859 0.03797476325384208
v -0.6405572302610705 -0.08039065643085859 0.04509853481588927
v -0.6405572302610705 -0.08039065643085859 0.052222306377936456
v -0.6405572302610705 -0.08039065643085859 0.059346077939983644
v -0.6405572302610705 -0.08039065643085859 0.06646984950203083
v -0.6405572302610705 -0.08039065643085859 0.07359362106407802
v -0.6405572302610705 -0.08039065643085859 0.0807173926261252
v -0.6405572302610705 -0.08039065643085859 0.0878411641881724
v -0.6405572302610705 -0.08039065643085859 0.09496493575021958
v -0.6405572302610705 -0.08039065643085859 0.10208870731226677
v -0.6405572302610705 -0.08039065643085859 0.10921247887431396
v -0.6405572302610705 -0.08039065643085859 0.11633625043636114
v -0.6405572302610705 -0.08039065643085859 0.12346002199840833
v -0.6405572302610705 -0.08039065643085859 0.13058379356045552
v -0.6405572302610705 -0.08039065643085859 0.1377075651225027
v -0.6405572302610705 -0.08039065643085859 0.1448313366845499
v -0.6405572302610705 -0.08039065643085859 0.15195510824659708
v -0.6405572302610705 -0.08039065643085859 0.15907887980864427
v -0.6405572302610705 -0.08039065643085859 0.16620265137069146
v -0.6405572302610705 -0.08039065643085859 0.17332642293273864
v -0.6405572302610705 -0.08039065643085859 0.18045019449478583
v -0.6405572302610705 -0.08039065643085859 0.18757396605683302
v -0.6405572302610705 -0.08039065643085859 0.1946977376188802
v -0.6405572302610705 -0.07803278081937988 -0.1993207658906797
v -0.6405572302610705 -0.07803278081937988 0.198339762568973
v -0.6405572302610705 -0.0709090092573327 -0.19999999986844894
v -0.6405572302610705 -0.0709090092573327 0.19999999396779086
v -0.6405572302610705 -0.06378523769528553 -0.19999999986844894
v -0.6405572302610705 -0.06378523769528553 0.19999999396779086
v -0.6405572302610705 -0.05666146613323836 -0.19999999986844894
v -0.6405572302610705 -0.05666146613323836 0.19999999396779086
v -0.6405572302610705 -0.049537694571191185 -0.19999999986844894
v -0.6405572302610705 -0.049537694571191185 0.19999999396779086
v -0.6405572302610705 -0.04241392300914401 -0.19999999986844894
v -0.6405572302610705 -0.04241392300914401 0.19999999396779086
v -0.6405572302610705 -0.03529015144709684 -0.19999999986844894
v -0.6405572302610705 -0.03529015144709684 0.19999999396779086
v -0.6405572302610705 -0.028166379885049664 -0.19999999986844894
v -0.6405572302610705 -0.028166379885049664 0.19999999396779086
v -0.6405572302610705 -0.02104260832300249 -0.19999999986844894
v -0.6405572302610705 -0.02104260832300249 0.19999999396779086
v -0.6405572302610705 -0.013918836760955317 -0.19999999986844894
v -0.6405572302610705 -0.013918836760955317 0.19999999396779086
v -0.6405572302610705 -0.006795065198908143 -0.19999999986844894
v -0.6405572302610705 -0.006795065198908143 0.19999999396779086
v -0.6405572302610705 0.0003287063631390308 -0.19999999986844894
v -0.6405572302610705 0.0003287063631390308 0.19999999396779086
v -0.6405572302610705 0.0074524779251862044 -0.19999999986844894
v -0.6405572302610705 0.0074524779251862044 0.19999999396779086
v -0.6405572302610705 0.014576249487233364 -0.19999999986844894
v -0.6405572302610705 0.014576249487233364 0.19999999396779086
v -0.6405572302610705 0.021700021049280552 -0.19999999986844894
v -0.6405572302610705 0.021700021049280552 0.19999999396779086
v -0.6405572302610705 0.02882379261132774 -0.19999999986844894
v -0.6405572302610705 0.02882379261132774 0.19999999396779086
v -0.6405572302610705 0.0359475641733749 -0.19999999986844894
v -0.6405572302610705 0.0359475641733749 0.19999999396779086
v -0.6405572302610705 0.04307133573542206 -0.19999999986844894
v -0.6405572302610705 0.04307133573542206 0.19999999396779086
v -0.6405572302610705 0.050195107297469246 -0.19999999986844894
v -0.6405572302610705 0.050195107297469246 0.19999999396779086
v -0.6405572302610705 0.057318878859516434 -0.19999999986844894
v -0.6405572302610705 0.057318878859516434 0.19999999396779086
v -0.6405572302610705 0.0644426504215636 -0.19999999986844894
v -0.6405572302610705 0.0644426504215636 0.19999999396779086
v -0.6405572302610705 0.07156642198361075 -0.19999999986844894
v -0.6405572302610705 0.07156642198361075 0.19999999396779086
v -0.6405572302610705 0.07869019354565794 -0.19886251502621177
v -0.6405572302610705 0.07869019354565794 0.19777043206317974
v -0.6405572302610705 0.08039518222201293 -0.1971096982937151
v -0.6405572302610705 0.08039518222201293 -0.18998592673166792
v -0.6405572302610705 0.08039518222201293 -0.18286215516962073
v -0.6405572302610705 0.08039518222201293 -0.17573838360757355
v -0.6405572302610705 0.08039518222201293 -0.16861461204552636
v -0.6405572302610705 0.08039518222201293 -0.16149084048347917
v -0.6405572302610705 0.08039518222201293 -0.15436706892143198
v -0.6405572302610705 0.08039518222201293 -0.1472432973593848
v -0.6405572302610705 0.08039518222201293 -0.1401195257973376
v -0.6405572302610705 0.08039518222201293 -0.13299575423529042
v -0.6405572302610705 0.08039518222201293 -0.12587198267324323
v -0.6405572302610705 0.08039518222201293 -0.11874821111119604
v -0.6405572302610705 0.08039518222201293 -0.11162443954914886
v -0.6405572302610705 0.08039518222201293 -0.10450066798710167
v -0.6405572302610705 0.08039518222201293 -0.09737689642505448
v -0.6405572302610705 0.08039518222201293 -0.0902531248630073
v -0.6405572302610705 0.08039518222201293 -0.08312935330096011
v -0.6405572302610705 0.08039518222201293 -0.07600558173891292
v -0.6405572302610705 0.08039518222201293 -0.06888181017686573
v -0.6405572302610705 0.08039518222201293 -0.061758038614818545
v -0.6405572302610705 0.08039518222201293 -0.05463426705277136
v -0.6405572302610705 0.08039518222201293 -0.04751049549072417
v -0.6405572302610705 0.08039518222201293 -0.04038672392867698
v -0.6405572302610705 0.08039518222201293 -0.033262952366629794
v -0.6405572302610705 0.08039518222201293 -0.026139180804582607
v -0.6405572302610705 0.08039518222201293 -0.01901540924253542
v -0.6405572302610705 0.08039518222201293 -0.011891637680488232
v -0.6405572302610705 0.08039518222201293 -0.004767866118441044
v -0.6405572302610705 0.08039518222201293 0.0023559054436061433
v -0.6405572302610705 0.08039518222201293 0.00947967700565333
v -0.6405572302610705 0.08039518222201293 0.01660344856770052
v -0.6405572302610705 0.08039518222201293 0.023727220129747706
v -0.6405572302610705 0.08039518222201293 0.030850991691794893
v -0.6405572302610705 0.08039518222201293 0.03797476325384208
v -0.6405572302610705 0.08039518222201293 0.04509853481588927
v -0.6405572302610705 0.08039518222201293 0.052222306377936456
v -0.6405572302610705 0.08039518222201293 0.059346077939983644
v -0.6405572302610705 0.08039518222201293 0.06646984950203083
v -0.6405572302610705 0.08039518222201293 0.07359362106407802
v -0.6405572302610705 0.08039518222201293 0.0807173926261252
v -0.6405572302610705 0.08039518222201293 0.0878411641881724
v -0.6405572302610705 0.08039518222201293 0.09496493575021958
v -0.6405572302610705 0.08039518222201293 0.10208870731226677
v -0.6405572302610705 0.08039518222201293 0.10921247887431396
v -0.6405572302610705 0.08039518222201293 0.11633625043636114
v -0.6405572302610705 0.08039518222201293 0.12346002199840833
v -0.6405572302610705 0.08039518222201293 0.13058379356045552
v -0.6405572302610705 0.08039518222201293 0.1377075651225027
v -0.6405572302610705 0.08039518222201293 0.1448313366845499
v -0.6405572302610705 0.08039518222201293 0.15195510824659708
v -0.6405572302610705 0.08039518222201293 0.15907887980864427
v -0.6405572302610705 0.08039518222201293 0.16620265137069146
v -0.6405572302610705 0.08039518222201293 0.17332642293273864
v -0.6405572302610705 0.08039518222201293 0.18045019449478583
v -0.6405572302610705 0.08039518222201293 0.18757396605683302
v -0.6405572302610705 0.08039518222201293 0.1946977376188802
v -0.6383458756278315 0.07869019354565794 -0.1971096982937151
v -0.6383458756278315 0.07869019354565794 -0.18998592673166792
v -0.6383458756278315 0.07869019354565794 -0.18286215516962073
v -0.6383458756278315 0.07869019354565794 -0.17573838360757355
v -0.6383458756278315 0.07869019354565794 -0.16861461204552636
v -0.6383458756278315 0.07869019354565794 -0.16149084048347917
v -0.6383458756278315 0.07869019354565794 -0.15436706892143198
v -0.6383458756278315 0.07869019354565794 -0.1472432973593848
v -0.6383458756278315 0.07869019354565794 -0.1401195257973376
v -0.6383458756278315 0.07869019354565794 -0.13299575423529042
v -0.6383458756278315 0.07869019354565794 -0.12587198267324323
v -0.6383458756278315 0.07869019354565794 -0.11874821111119604
v -0.6383458756278315 0.07869019354565794 -0.11162443954914886
v -0.6383458756278315 0.07869019354565794 -0.10450066798710167
v -0.6383458756278315 0.07869019354565794 -0.09737689642505448
v -0.6383458756278315 0.07869019354565794 -0.0902531248630073
v -0.6383458756278315 0.07869019354565794 -0.08312935330096011
v -0.6383458756278315 0.07869019354565794 -0.07600558173891292
v -0.6383458756278315 0.07869019354565794 -0.06888181017686573
v -0.6383458756278315 0.07869019354565794 -0.061758038614818545
v -0.6383458756278315 0.07869019354565794 -0.05463426705277136
v -0.6383458756278315 0.07869019354565794 -0.04751049549072417
v -0.6383458756278315 0.07869019354565794 -0.04038672392867698
v -0.6383458756278315 0.07869019354565794 -0.033262952366629794
v -0.6383458756278315 0.07869019354565794 -0.026139180804582607
v -0.6383458756278315 0.07869019354565794 -0.01901540924253542
v -0.6383458756278315 0.07869019354565794 -0.011891637680488232
v -0.6383458756278315 0.07869019354565794 -0.004767866118441044
v -0.6383458756278315 0.07869019354565794 0.0023559054436061433
v -0.6383458756278315 0.07869019354565794 0.00947967700565333
v -0.6383458756278315 0.07869019354565794 0.01660344856770052
v -0.6383458756278315 0.07869019354565794 0.023727220129747706
v -0.6383458756278315 0.07869019354565794 0.030850991691794893
v -0.6383458756278315 0.07869019354565794 0.03797476325384208
v -0.6383458756278315 0.07869019354565794 0.04509853481588927
v -0.6383458756278315 0.07869019354565794 0.052222306377936456
v -0.6383458756278315 0.07869019354565794 0.059346077939983644
v -0.6383458756278315 0.07869019354565794 0.06646984950203083
v -0.6383458756278315 0.07869019354565794 0.07359362106407802
v -0.6383458756278315 0.07869019354565794 0.0807173926261252
v -0.6383458756278315 0.07869019354565794 0.0878411641881724
v -0.6383458756278315 0.07869019354565794 0.09496493575021958
v -0.6383458756278315 0.07869019354565794 0.10208870731226677
v -0.6383458756278315 0.07869019354565794 0.10921247887431396
v -0.6383458756278315 0.07869019354565794 0.11633625043636114
v -0.6383458756278315 0.07869019354565794 0.12346002199840833
v -0.6383458756278315 0.07869019354565794 0.13058379356045552
v -0.6383458756278315 0.07869019354565794 0.1377075651225027
v -0.6383458756278315 0.07869019354565794 0.1448313366845499
v -0.6383458756278315 0.07869019354565794 0.15195510824659708
v -0.6383458756278315 0.07869019354565794 0.15907887980864427
v -0.6383458756278315 0.07869019354565794 0.16620265137069146
v -0.6383458756278315 0.07869019354565794 0.17332642293273864
v -0.6383458756278315 0.07869019354565794 0.18045019449478583
v -0.6383458756278315 0.07869019354565794 0.18757396605683302
v -0.6383458756278315 0.07869019354565794 0.1946977376188802
v -0.6375230428369714 -0.07803278081937988 -0.1971096982937151
v -0.6375230428369714 -0.07803278081937988 -0.18998592673166792
v -0.6375230428369714 -0.07803278081937988 -0.18286215516962073
v -0.6375230428369714 -0.07803278081937988 -0.17573838360757355
v -0.6375230428369714 -0.07803278081937988 -0.16861461204552636
v -0.6375230428369714 -0.07803278081937988 -0.16149084048347917
v -0.6375230428369714 -0.07803278081937988 -0.15436706892143198
v -0.6375230428369714 -0.07803278081937988 -0.1472432973593848
v -0.6375230428369714 -0.07803278081937988 -0.1401195257973376
v -0.6375230428369714 -0.07803278081937988 -0.13299575423529042
v -0.6375230428369714 -0.07803278081937988 -0.12587198267324323
v -0.6375230428369714 -0.07803278081937988 -0.11874821111119604
v -0.6375230428369714 -0.07803278081937988 -0.11162443954914886
v -0.6375230428369714 -0.07803278081937988 -0.10450066798710167
v -0.6375230428369714 -0.07803278081937988 -0.09737689642505448
v -0.6375230428369714 -0.07803278081937988 -0.0902531248630073
v -0.6375230428369714 -0.07803278081937988 -0.08312935330096011
v -0.6375230428369714 -0.07803278081937988 -0.07600558173891292
v -0.6375230428369714 -0.07803278081937988 -0.06888181017686573
v -0.6375230428369714 -0.07803278081937988 -0.061758038614818545
v -0.6375230428369714 -0.07803278081937988 -0.05463426705277136
v -0.6375230428369714 -0.07803278081937988 -0.04751049549072417
v -0.6375230428369714 -0.07803278081937988 -0.04038672392867698
v -0.6375230428369714 -0.07803278081937988 -0.033262952366629794
v -0.6375230428369714 -0.07803278081937988 -0.026139180804582607
v -0.6375230428369714 -0.07803278081937988 -0.01901540924253542
v -0.6375230428369714 -0.07803278081937988 -0.011891637680488232
v -0.6375230428369714 -0.07803278081937988 -0.004767866118441044
v -0.6375230428369714 -0.07803278081937988 0.0023559054436061433
v -0.6375230428369714 -0.07803278081937988 0.00947967700565333
v -0.6375230428369714 -0.07803278081937988 0.01660344856770052
v -0.6375230428369714 -0.07803278081937988 0.023727220129747706
v -0.6375230428369714 -0.07803278081937988 0.030850991691794893
v -0.6375230428369714 -0.07803278081937988 0.03797476325384208
v -0.6375230428369714 -0.07803278081937988 0.04509853481588927
v -0.6375230428369714 -0.07803278081937988 0.052222306377936456
v -0.6375230428369714 -0.07803278081937988 0.059346077939983644
v -0.6375230428369714 -0.07803278081937988 0.06646984950203083
v -0.6375230428369714 -0.07803278081937988 0.07359362106407802
v -0.6375230428369714 -0.07803278081937988 0.0807173926261252
v -0.6375230428369714 -0.07803278081937988 0.0878411641881724
v -0.6375230428369714 -0.07803278081937988 0.09496493575021958
v -0.6375230428369714 -0.07803278081937988 0.10208870731226677
v -0.6375230428369714 -0.07803278081937988 0.10921247887431396
v -0.6375230428369714 -0.07803278081937988 0.11633625043636114
v -0.6375230428369714 -0.07803278081937988 0.12346002199840833
v -0.6375230428369714 -0.07803278081937988 0.13058379356045552
v -0.6375230428369714 -0.07803278081937988 0.1377075651225027
v -0.6375230428369714 -0.07803278081937988 0.1448313366845499
v -0.6375230428369714 -0.07803278081937988 0.15195510824659708
v -0.6375230428369714 -0.07803278081937988 0.15907887980864427
v -0.6375230428369714 -0.07803278081937988 0.16620265137069146
v -0.6375230428369714 -0.07803278081937988 0.17332642293273864
v -0.6375230428369714 -0.07803278081937988 0.18045019449478583
v -0.6375230428369714 -0.07803278081937988 0.18757396605683302
v -0.6375230428369714 -0.07803278081937988 0.1946977376188802
v -0.6334334586990233 -0.07458728230309934 -0.1971096982937151
v -0.6334334586990233 -0.07458728230309934 -0.18998592673166792
v -0.6334334586990233 -0.07458728230309934 -0.18286215516962073
v -0.6334334586990233 -0.07458728230309934 -0.17573838360757355
v -0.6334334586990233 -0.07458728230309934 -0.16861461204552636
v -0.6334334586990233 -0.07458728230309934 -0.16149084048347917
v -0.6334334586990233 -0.07458728230309934 -0.15436706892143198
v -0.6334334586990233 -0.07458728230309934 -0.1472432973593848
v -0.6334334586990233 -0.07458728230309934 -0.1401195257973376
v -0.6334334586990233 -0.07458728230309934 -0.13299575423529042
v -0.6334334586990233 -0.07458728230309934 -0.12587198267324323
v -0.6334334586990233 -0.07458728230309934 -0.11874821111119604
v -0.6334334586990233 -0.07458728230309934 -0.11162443954914886
v -0.6334334586990233 -0.07458728230309934 -0.10450066798710167
v -0.6334334586990233 -0.07458728230309934 -0.09737689642505448
v -0.6334334586990233 -0.07458728230309934 -0.0902531248630073
v -0.6334334586990233 -0.07458728230309934 -0.08312935330096011
v -0.6334334586990233 -0.07458728230309934 -0.07600558173891292
v -0.6334334586990233 -0.07458728230309934 -0.06888181017686573
v -0.6334334586990233 -0.07458728230309934 -0.061758038614818545
v -0.6334334586990233 -0.07458728230309934 -0.05463426705277136
v -0.6334334586990233 -0.07458728230309934 -0.04751049549072417
v -0.6334334586990233 -0.07458728230309934 -0.04038672392867698
v -0.6334334586990233 -0.07458728230309934 -0.033262952366629794
v -0.6334334586990233 -0.07458728230309934 -0.026139180804582607
v -0.6334334586990233 -0.07458728230309934 -0.01901540924253542
v -0.6334334586990233 -0.07458728230309934 -0.011891637680488232
v -0.6334334586990233 -0.07458728230309934 -0.004767866118441044
v -0.6334334586990233 -0.07458728230309934 0.0023559054436061433
v -0.6334334586990233 -0.07458728230309934 0.00947967700565333
v -0.6334334586990233 -0.07458728230309934 0.01660344856770052
v -0.6334334586990233 -0.07458728230309934 0.023727220129747706
v -0.6334334586990233 -0.07458728230309934 0.030850991691794893
v -0.6334334586990233 -0.07458728230309934 0.03797476325384208
v -0.6334334586990233 -0.07458728230309934 0.04509853481588927
v -0.6334334586990233 -0.07458728230309934 0.052222306377936456
v -0.6334334586990233 -0.07458728230309934 0.059346077939983644
v -0.6334334586990233 -0.07458728230309934 0.06646984950203083
v -0.6334334586990233 -0.07458728230309934 0.07359362106407802
v -0.6334334586990233 -0.07458728230309934 0.0807173926261252
v -0.6334334586990233 -0.07458728230309934 0.0878411641881724
v -0.6334334586990233 -0.07458728230309934 0.09496493575021958
v -0.6334334586990233 -0.07458728230309934 0.10208870731226677
v -0.6334334586990233 -0.07458728230309934 0.10921247887431396
v -0.6334334586990233 -0.07458728230309934 0.11633625043636114
v -0.6334334586990233 -0.07458728230309934 0.12346002199840833
v -0.6334334586990233 -0.07458728230309934 0.13058379356045552
v -0.6334334586990233 -0.07458728230309934 0.1377075651225027
v -0.6334334586990233 -0.07458728230309934 0.1448313366845499
v -0.6334334586990233 -0.07458728230309934 0.15195510824659708
v -0.6334334586990233 -0.07458728230309934 0.15907887980864427
v -0.6334334586990233 -0.07458728230309934 0.16620265137069146
v -0.6334334586990233 -0.07458728230309934 0.17332642293273864
v -0.6334334586990233 -0.07458728230309934 0.18045019449478583
v -0.6334334586990233 -0.07458728230309934 0.18757396605683302
v -0.6334334586990233 -0.07458728230309934 0.1946977376188802
v -0.6334334586990233 -0.0709090092573327 -0.19990976092893065
v -0.6334334586990233 -0.0709090092573327 0.19897784590546994
v -0.6334334586990233 -0.06378523769528553 -0.19999999986844894
v -0.6334334586990233 -0.06378523769528553 0.19999999396779086
v -0.6334334586990233 -0.05666146613323836 -0.19999999986844894
v -0.6334334586990233 -0.05666146613323836 0.19999999396779086
v -0.6334334586990233 -0.049537694571191185 -0.19999999986844894
v -0.6334334586990233 -0.049537694571191185 0.19999999396779086
v -0.6334334586990233 -0.04241392300914401 -0.19999999986844894
v -0.6334334586990233 -0.04241392300914401 0.19999999396779086
v -0.6334334586990233 -0.03529015144709684 -0.19999999986844894
v -0.6334334586990233 -0.03529015144709684 0.19999999396779086
v -0.6334334586990233 -0.028166379885049664 -0.19999999986844894
v -0.6334334586990233 -0.028166379885049664 0.19999999396779086
v -0.6334334586990233 -0.02104260832300249 -0.19999999986844894
v -0.6334334586990233 -0.02104260832300249 0.19999999396779086
v -0.6334334586990233 -0.013918836760955317 -0.19999999986844894
v -0.6334334586990233 -0.013918836760955317 0.19999999396779086
v -0.6334334586990233 -0.006795065198908143 -0.19999999986844894
v -0.6334334586990233 -0.006795065198908143 0.19999999396779086
v -0.6334334586990233 0.0003287063631390308 -0.19999999986844894
v -0.6334334586990233 0.0003287063631390308 0.19999999396779086
v -0.6334334586990233 0.0074524779251862044 -0.19999999986844894
v -0.6334334586990233 0.0074524779251862044 0.19999999396779086
v -0.6334334586990233 0.014576249487233364 -0.19999999986844894
v -0.6334334586990233 0.014576249487233364 0.19999999396779086
v -0.6334334586990233 0.021700021049280552 -0.19999999986844894
v -0.6334334586990233 0.021700021049280552 0.19999999396779086
v -0.6334334586990233 0.02882379261132774 -0.19999999986844894
v -0.6334334586990233 0.02882379261132774 0.19999999396779086
v -0.6334334586990233 0.0359475641733749 -0.19999999986844894
v -0.6334334586990233 0.0359475641733749 0.19999999396779086
v -0.6334334586990233 0.04307133573542206 -0.19999999986844894
v -0.6334334586990233 0.04307133573542206 0.19999999396779086
v -0.6334334586990233 0.050195107297469246 -0.19999999986844894
v -0.6334334586990233 0.050195107297469246 0.19999999396779086
v -0.6334334586990233 0.057318878859516434 -0.19999999986844894
v -0.6334334586990233 0.057318878859516434 0.19999999396779086
v -0.6334334586990233 0.0644426504215636 -0.19999999986844894
v -0.6334334586990233 0.0644426504215636 0.19999999396779086
v -0.6334334586990233 0.07156642198361075 -0.1995899855348209
v -0.6334334586990233 0.07156642198361075 0.19864328050024935
v -0.6334334586990233 0.0745884757559671 -0.1971096982937151
v -0.6334334586990233 0.0745884757559671 -0.18998592673166792
v -0.6334334586990233 0.0745884757559671 -0.18286215516962073
v -0.6334334586990233 0.0745884757559671 -0.17573838360757355
v -0.6334334586990233 0.0745884757559671 -0.16861461204552636
v -0.6334334586990233 0.0745884757559671 -0.16149084048347917
v -0.6334334586990233 0.0745884757559671 -0.15436706892143198
v -0.6334334586990233 0.0745884757559671 -0.1472432973593848
v -0.6334334586990233 0.0745884757559671 -0.1401195257973376
v -0.6334334586990233 0.0745884757559671 -0.13299575423529042
v -0.6334334586990233 0.0745884757559671 -0.12587198267324323
v -0.6334334586990233 0.0745884757559671 -0.11874821111119604
v -0.6334334586990233 0.0745884757559671 -0.11162443954914886
v -0.6334334586990233 0.0745884757559671 -0.10450066798710167
v -0.6334334586990233 0.0745884757559671 -0.09737689642505448
v -0.6334334586990233 0.0745884757559671 -0.0902531248630073
v -0.6334334586990233 0.0745884757559671 -0.08312935330096011
v -0.6334334586990233 0.0745884757559671 -0.07600558173891292
v -0.6334334586990233 0.0745884757559671 -0.06888181017686573
v -0.6334334586990233 0.0745884757559671 -0.061758038614818545
v -0.6334334586990233 0.0745884757559671 -0.05463426705277136
v -0.6334334586990233 0.0745884757559671 -0.04751049549072417
v -0.6334334586990233 0.0745884757559671 -0.04038672392867698
v -0.6334334586990233 0.0745884757559671 -0.033262952366629794
v -0.6334334586990233 0.0745884757559671 -0.026139180804582607
v -0.6334334586990233 0.0745884757559671 -0.01901540924253542
v -0.6334334586990233 0.0745884757559671 -0.011891637680488232
v -0.6334334586990233 0.0745884757559671 -0.004767866118441044
v -0.6334334586990233 0.0745884757559671 0.0023559054436061433
v -0.6334334586990233 0.0745884757559671 0.00947967700565333
v -0.6334334586990233 0.0745884757559671 0.01660344856770052
v -0.6334334586990233 0.0745884757559671 0.023727220129747706
v -0.6334334586990233 0.0745884757559671 0.030850991691794893
v -0.6334334586990233 0.0745884757559671 0.03797476325384208
v -0.6334334586990233 0.0745884757559671 0.04509853481588927
v -0.6334334586990233 0.0745884757559671 0.052222306377936456
v -0.6334334586990233 0.0745884757559671 0.059346077939983644
v -0.6334334586990233 0.0745884757559671 0.06646984950203083
v -0.6334334586990233 0.0745884757559671 0.07359362106407802
v -0.6334334586990233 0.0745884757559671 0.0807173926261252
v -0.6334334586990233 0.0745884757559671 0.0878411641881724
v -0.6334334586990233 0.0745884757559671 0.09496493575021958
v -0.6334334586990233 0.0745884757559671 0.10208870731226677
v -0.6334334586990233 0.0745884757559671 0.10921247887431396
v -0.6334334586990233 0.0745884757559671 0.11633625043636114
v -0.6334334586990233 0.0745884757559671 0.12346002199840833
v -0.6334334586990233 0.0745884757559671 0.13058379356045552
v -0.6334334586990233 0.0745884757559671 0.1377075651225027
v -0.6334334586990233 0.0745884757559671 0.1448313366845499
v -0.6334334586990233 0.0745884757559671 0.15195510824659708
v -0.6334334586990233 0.0745884757559671 0.15907887980864427
v -0.6334334586990233 0.0745884757559671 0.16620265137069146
v -0.6334334586990233 0.0745884757559671 0.17332642293273864
v -0.6334334586990233 0.0745884757559671 0.18045019449478583
v -0.6334334586990233 0.0745884757559671 0.18757396605683302
v -0.6334334586990233 0.0745884757559671 0.1946977376188802
v -0.6302015321553135 0.07156642198361075 -0.1971096982937151
v -0.6302015321553135 0.07156642198361075 -0.18998592673166792
v -0.6302015321553135 0.07156642198361075 -0.18286215516962073
v -0.6302015321553135 0.07156642198361075 -0.17573838360757355
v -0.6302015321553135 0.07156642198361075 -0.16861461204552636
v -0.6302015321553135 0.07156642198361075 -0.16149084048347917
v -0.6302015321553135 0.07156642198361075 -0.15436706892143198
v -0.6302015321553135 0.07156642198361075 -0.1472432973593848
v -0.6302015321553135 0.07156642198361075 -0.1401195257973376
v -0.6302015321553135 0.07156642198361075 -0.13299575423529042
v -0.6302015321553135 0.07156642198361075 -0.12587198267324323
v -0.6302015321553135 0.07156642198361075 -0.11874821111119604
v -0.6302015321553135 0.07156642198361075 -0.11162443954914886
v -0.6302015321553135 0.07156642198361075 -0.10450066798710167
v -0.6302015321553135 0.07156642198361075 -0.09737689642505448
v -0.6302015321553135 0.07156642198361075 -0.0902531248630073
v -0.6302015321553135 0.07156642198361075 -0.08312935330096011
v -0.6302015321553135 0.07156642198361075 -0.07600558173891292
v -0.6302015321553135 0.07156642198361075 -0.06888181017686573
v -0.6302015321553135 0.07156642198361075 -0.061758038614818545
v -0.6302015321553135 0.07156642198361075 -0.05463426705277136
v -0.6302015321553135 0.07156642198361075 -0.04751049549072417
v -0.6302015321553135 0.07156642198361075 -0.04038672392867698
v -0.6302015321553135 0.07156642198361075 -0.033262952366629794
v -0.6302015321553135 0.07156642198361075 -0.026139180804582607
v -0.6302015321553135 0.07156642198361075 -0.01901540924253542
v -0.6302015321553135 0.07156642198361075 -0.011891637680488232
v -0.6302015321553135 0.07156642198361075 -0.004767866118441044
v -0.6302015321553135 0.07156642198361075 0.0023559054436061433
v -0.6302015321553135 0.07156642198361075 0.00947967700565333
v -0.6302015321553135 0.07156642198361075 0.01660344856770052
v -0.6302015321553135 0.07156642198361075 0.023727220129747706
v -0.6302015321553135 0.07156642198361075 0.030850991691794893
v -0.6302015321553135 0.07156642198361075 0.03797476325384208
v -0.6302015321553135 0.07156642198361075 0.04509853481588927
v -0.6302015321553135 0.07156642198361075 0.052222306377936456
v -0.6302015321553135 0.07156642198361075 0.059346077939983644
v -0.6302015321553135 0.07156642198361075 0.06646984950203083
v -0.6302015321553135 0.07156642198361075 0.07359362106407802
v -0.6302015321553135 0.07156642198361075 0.0807173926261252
v -0.6302015321553135 0.07156642198361075 0.0878411641881724
v -0.6302015321553135 0.07156642198361075 0.09496493575021958
v -0.6302015321553135 0.07156642198361075 0.10208870731226677
v -0.6302015321553135 0.07156642198361075 0.10921247887431396
v -0.6302015321553135 0.07156642198361075 0.11633625043636114
v -0.6302015321553135 0.07156642198361075 0.12346002199840833
v -0.6302015321553135 0.07156642198361075 0.13058379356045552
v -0.6302015321553135 0.07156642198361075 0.1377075651225027
v -0.6302015321553135 0.07156642198361075 0.1448313366845499
v -0.6302015321553135 0.07156642198361075 0.15195510824659708
v -0.6302015321553135 0.07156642198361075 0.15907887980864427
v -0.6302015321553135 0.07156642198361075 0.16620265137069146
v -0.6302015321553135 0.07156642198361075 0.17332642293273864
v -0.6302015321553135 0.07156642198361075 0.18045019449478583
v -0.6302015321553135 0.07156642198361075 0.18757396605683302
v -0.6302015321553135 0.07156642198361075 0.1946977376188802
v -0.629533325295957 -0.0709090092573327 -0.1971096982937151
v -0.629533325295957 -0.0709090092573327 -0.18998592673166792
v -0.629533325295957 -0.0709090092573327 -0.18286215516962073
v -0.629533325295957 -0.0709090092573327 -0.17573838360757355
v -0.629533325295957 -0.0709090092573327 -0.16861461204552636
v -0.629533325295957 -0.0709090092573327 -0.16149084048347917
v -0.629533325295957 -0.0709090092573327 -0.15436706892143198
v -0.629533325295957 -0.0709090092573327 -0.1472432973593848
v -0.629533325295957 -0.0709090092573327 -0.1401195257973376
v -0.629533325295957 -0.0709090092573327 -0.13299575423529042
v -0.629533325295957 -0.0709090092573327 -0.12587198267324323
v -0.629533325295957 -0.0709090092573327 -0.11874821111119604
v -0.629533325295957 -0.0709090092573327 -0.11162443954914886
v -0.629533325295957 -0.0709090092573327 -0.10450066798710167
v -0.629533325295957 -0.0709090092573327 -0.09737689642505448
v -0.629533325295957 -0.0709090092573327 -0.0902531248630073
v -0.629533325295957 -0.0709090092573327 -0.08312935330096011
v -0.629533325295957 -0.0709090092573327 -0.07600558173891292
v -0.629533325295957 -0.0709090092573327 -0.06888181017686573
v -0.629533325295957 -0.0709090092573327 -0.061758038614818545
v -0.629533325295957 -0.0709090092573327 -0.05463426705277136
v -0.629533325295957 -0.0709090092573327 -0.04751049549072417
v -0.629533325295957 -0.0709090092573327 -0.04038672392867698
v -0.629533325295957 -0.0709090092573327 -0.033262952366629794
v -0.629533325295957 -0.0709090092573327 -0.026139180804582607
v -0.629533325295957 -0.0709090092573327 -0.01901540924253542
v -0.629533325295957 -0.0709090092573327 -0.011891637680488232
v -0.629533325295957 -0.0709090092573327 -0.004767866118441044
v -0.629533325295957 -0.0709090092573327 0.0023559054436061433
v -0.629533325295957 -0.0709090092573327 0.00947967700565333
v -0.629533325295957 -0.0709090092573327 0.01660344856770052
v -0.629533325295957 -0.0709090092573327 0.023727220129747706
v -0.629533325295957 -0.0709090092573327 0.030850991691794893
v -0.629533325295957 -0.0709090092573327 0.03797476325384208
v -0.629533325295957 -0.0709090092573327 0.04509853481588927
v -0.629533325295957 -0.0709090092573327 0.052222306377936456
v -0.629533325295957 -0.0709090092573327 0.059346077939983644
v -0.629533325295957 -0.0709090092573327 0.06646984950203083
v -0.629533325295957 -0.0709090092573327 0.07359362106407802
v -0.629533325295957 -0.0709090092573327 0.0807173926261252
v -0.629533325295957 -0.0709090092573327 0.0878411641881724
v -0.629533325295957 -0.0709090092573327 0.09496493575021958
v -0.629533325295957 -0.0709090092573327 0.10208870731226677
v -0.629533325295957 -0.0709090092573327 0.10921247887431396
v -0.629533325295957 -0.0709090092573327 0.11633625043636114
v -0.629533325295957 -0.0709090092573327 0.12346002199840833
v -0.629533325295957 -0.0709090092573327 0.13058379356045552
v -0.629533325295957 -0.0709090092573327 0.1377075651225027
v -0.629533325295957 -0.0709090092573327 0.1448313366845499
v -0.629533325295957 -0.0709090092573327 0.15195510824659708
v -0.629533325295957 -0.0709090092573327 0.15907887980864427
v -0.629533325295957 -0.0709090092573327 0.16620265137069146
v -0.629533325295957 -0.0709090092573327 0.17332642293273864
v -0.629533325295957 -0.0709090092573327 0.18045019449478583
v -0.629533325295957 -0.0709090092573327 0.18757396605683302
v -0.629533325295957 -0.0709090092573327 0.1946977376188802
v -0.6263096871369762 -0.0675488199599401 -0.1971096982937151
v -0.6263096871369762 -0.0675488199599401 -0.18998592673166792
v -0.6263096871369762 -0.0675488199599401 -0.18286215516962073
v -0.6263096871369762 -0.0675488199599401 -0.17573838360757355
v -0.6263096871369762 -0.0675488199599401 -0.16861461204552636
v -0.6263096871369762 -0.0675488199599401 -0.16149084048347917
v -0.6263096871369762 -0.0675488199599401 -0.15436706892143198
v -0.6263096871369762 -0.0675488199599401 -0.1472432973593848
v -0.6263096871369762 -0.0675488199599401 -0.1401195257973376
v -0.6263096871369762 -0.0675488199599401 -0.13299575423529042
v -0.6263096871369762 -0.0675488199599401 -0.12587198267324323
v -0.6263096871369762 -0.0675488199599401 -0.11874821111119604
v -0.6263096871369762 -0.0675488199599401 -0.11162443954914886
v -0.6263096871369762 -0.0675488199599401 -0.10450066798710167
v -0.6263096871369762 -0.0675488199599401 -0.09737689642505448
v -0.6263096871369762 -0.0675488199599401 -0.0902531248630073
v -0.6263096871369762 -0.0675488199599401 -0.08312935330096011
v -0.6263096871369762 -0.0675488199599401 -0.07600558173891292
v -0.6263096871369762 -0.0675488199599401 -0.06888181017686573
v -0.6263096871369762 -0.0675488199599401 -0.061758038614818545
v -0.6263096871369762 -0.0675488199599401 -0.05463426705277136
v -0.6263096871369762 -0.0675488199599401 -0.04751049549072417
v -0.6263096871369762 -0.0675488199599401 -0.04038672392867698
v -0.6263096871369762 -0.0675488199599401 -0.033262952366629794
v -0.6263096871369762 -0.0675488199599401 -0.026139180804582607
v -0.6263096871369762 -0.0675488199599401 -0.01901540924253542
v -0.6263096871369762 -0.0675488199599401 -0.011891637680488232
v -0.6263096871369762 -0.0675488199599401 -0.004767866118441044
v -0.6263096871369762 -0.0675488199599401 0.0023559054436061433
v -0.6263096871369762 -0.0675488199599401 0.00947967700565333
v -0.6263096871369762 -0.0675488199599401 0.01660344856770052
v -0.6263096871369762 -0.0675488199599401 0.023727220129747706
v -0.6263096871369762 -0.0675488199599401 0.030850991691794893
v -0.6263096871369762 -0.0675488199599401 0.03797476325384208
v -0.6263096871369762 -0.0675488199599401 0.04509853481588927
v -0.6263096871369762 -0.0675488199599401 0.052222306377936456
v -0.6263096871369762 -0.0675488199599401 0.059346077939983644
v -0.6263096871369762 -0.0675488199599401 0.06646984950203083
v -0.6263096871369762 -0.0675488199599401 0.07359362106407802
v -0.6263096871369762 -0.0675488199599401 0.0807173926261252
v -0.6263096871369762 -0.0675488199599401 0.0878411641881724
v -0.6263096871369762 -0.0675488199599401 0.09496493575021958
v -0.6263096871369762 -0.0675488199599401 0.10208870731226677
v -0.6263096871369762 -0.0675488199599401 0.10921247887431396
v -0.6263096871369762 -0.0675488199599401 0.11633625043636114
v -0.6263096871369762 -0.0675488199599401 0.12346002199840833
v -0.6263096871369762 -0.0675488199599401 0.13058379356045552
v -0.6263096871369762 -0.0675488199599401 0.1377075651225027
v -0.6263096871369762 -0.0675488199599401 0.1448313366845499
v -0.6263096871369762 -0.0675488199599401 0.15195510824659708
v -0.6263096871369762 -0.0675488199599401 0.15907887980864427
v -0.6263096871369762 -0.0675488199599401 0.16620265137069146
v -0.6263096871369762 -0.0675488199599401 0.17332642293273864
v -0.6263096871369762 -0.0675488199599401 0.18045019449478583
v -0.6263096871369762 -0.0675488199599401 0.18757396605683302
v -0.6263096871369762 -0.0675488199599401 0.1946977376188802
v -0.6263096871369762 -0.06378523769528553 -0.19977982011702813
v -0.6263096871369762 -0.06378523769528553 0.19884510946216083
v -0.6263096871369762 -0.05666146613323836 -0.19999999986844894
v -0.6263096871369762 -0.05666146613323836 0.19999999396779086
v -0.6263096871369762 -0.049537694571191185 -0.19999999986844894
v -0.6263096871369762 -0.049537694571191185 0.19999999396779086
v -0.6263096871369762 -0.04241392300914401 -0.19999999986844894
v -0.6263096871369762 -0.04241392300914401 0.19999999396779086
v -0.6263096871369762 -0.03529015144709684 -0.19999999986844894
v -0.6263096871369762 -0.03529015144709684 0.19999999396779086
v -0.6263096871369762 -0.028166379885049664 -0.19999999986844894
v -0.6263096871369762 -0.028166379885049664 0.19999999396779086
v -0.6263096871369762 -0.02104260832300249 -0.19999999986844894
v -0.6263096871369762 -0.02104260832300249 0.19999999396779086
v -0.6263096871369762 -0.013918836760955317 -0.19999999986844894
v -0.6263096871369762 -0.013918836760955317 0.19999999396779086
v -0.6263096871369762 -0.006795065198908143 -0.19999999986844894
v -0.6263096871369762 -0.006795065198908143 0.19999999396779086
v -0.6263096871369762 0.0003287063631390308 -0.19999999986844894
v -0.6263096871369762 0.0003287063631390308 0.19999999396779086
v -0.6263096871369762 0.0074524779251862044 -0.19999999986844894
v -0.6263096871369762 0.0074524779251862044 0.19999999396779086
v -0.6263096871369762 0.014576249487233364 -0.19999999986844894
v -0.6263096871369762 0.014576249487233364 0.19999999396779086
v -0.6263096871369762 0.021700021049280552 -0.19999999986844894
v -0.6263096871369762 0.021700021049280552 0.19999999396779086
v -0.6263096871369762 0.02882379261132774 -0.19999999986844894
v -0.6263096871369762 0.02882379261132774 0.19999999396779086
v -0.6263096871369762 0.0359475641733749 -0.19999999986844894
v -0.6263096871369762 0.0359475641733749 0.19999999396779086
v -0.6263096871369762 0.04307133573542206 -0.19999999986844894
v -0.6263096871369762 0.04307133573542206 0.19999999396779086
v -0.6263096871369762 0.050195107297469246 -0.19999999986844894
v -0.6263096871369762 0.050195107297469246 0.19999999396779086
v -0.6263096871369762 0.057318878859516434 -0.19999999986844894
v -0.6263096871369762 0.057318878859516434 0.19999999396779086
v -0.6263096871369762 0.0644426504215636 -0.19947669877137356
v -0.6263096871369762 0.0644426504215636 0.19851813947835592
v -0.6263096871369762 0.06754993868147015 -0.1971096982937151
v -0.6263096871369762 0.06754993868147015 -0.18998592673166792
v -0.6263096871369762 0.06754993868147015 -0.18286215516962073
v -0.6263096871369762 0.06754993868147015 -0.17573838360757355
v -0.6263096871369762 0.06754993868147015 -0.16861461204552636
v -0.6263096871369762 0.06754993868147015 -0.16149084048347917
v -0.6263096871369762 0.06754993868147015 -0.15436706892143198
v -0.6263096871369762 0.06754993868147015 -0.1472432973593848
v -0.6263096871369762 0.06754993868147015 -0.1401195257973376
v -0.6263096871369762 0.06754993868147015 -0.13299575423529042
v -0.6263096871369762 0.06754993868147015 -0.12587198267324323
v -0.6263096871369762 0.06754993868147015 -0.11874821111119604
v -0.6263096871369762 0.06754993868147015 -0.11162443954914886
v -0.6263096871369762 0.06754993868147015 -0.10450066798710167
v -0.6263096871369762 0.06754993868147015 -0.09737689642505448
v -0.6263096871369762 0.06754993868147015 -0.0902531248630073
v -0.6263096871369762 0.06754993868147015 -0.08312935330096011
v -0.6263096871369762 0.06754993868147015 -0.07600558173891292
v -0.6263096871369762 0.06754993868147015 -0.06888181017686573
v -0.6263096871369762 0.06754993868147015 -0.061758038614818545
v -0.6263096871369762 0.06754993868147015 -0.05463426705277136
v -0.6263096871369762 0.06754993868147015 -0.04751049549072417
v -0.6263096871369762 0.06754993868147015 -0.04038672392867698
v -0.6263096871369762 0.06754993868147015 -0.033262952366629794
v -0.6263096871369762 0.06754993868147015 -0.026139180804582607
v -0.6263096871369762 0.06754993868147015 -0.01901540924253542
v -0.6263096871369762 0.06754993868147015 -0.011891637680488232
v -0.6263096871369762 0.06754993868147015 -0.004767866118441044
v -0.6263096871369762 0.06754993868147015 0.0023559054436061433
v -0.6263096871369762 0.06754993868147015 0.00947967700565333
v -0.6263096871369762 0.06754993868147015 0.01660344856770052
v -0.6263096871369762 0.06754993868147015 0.023727220129747706
v -0.6263096871369762 0.06754993868147015 0.030850991691794893
v -0.6263096871369762 0.06754993868147015 0.03797476325384208
v -0.6263096871369762 0.06754993868147015 0.04509853481588927
v -0.6263096871369762 0.06754993868147015 0.052222306377936456
v -0.6263096871369762 0.06754993868147015 0.059346077939983644
v -0.6263096871369762 0.06754993868147015 0.06646984950203083
v -0.6263096871369762 0.06754993868147015 0.07359362106407802
v -0.6263096871369762 0.06754993868147015 0.0807173926261252
v -0.6263096871369762 0.06754993868147015 0.0878411641881724
v -0.6263096871369762 0.06754993868147015 0.09496493575021958
v -0.6263096871369762 0.06754993868147015 0.10208870731226677
v -0.6263096871369762 0.06754993868147015 0.10921247887431396
v -0.6263096871369762 0.06754993868147015 0.11633625043636114
v -0.6263096871369762 0.06754993868147015 0.12346002199840833
v -0.6263096871369762 0.06754993868147015 0.13058379356045552
v -0.6263096871369762 0.06754993868147015 0.1377075651225027
v -0.6263096871369762 0.06754993868147015 0.1448313366845499
v -0.6263096871369762 0.06754993868147015 0.15195510824659708
v -0.6263096871369762 0.06754993868147015 0.15907887980864427
v -0.6263096871369762 0.06754993868147015 0.16620265137069146
v -0.6263096871369762 0.06754993868147015 0.17332642293273864
v -0.6263096871369762 0.06754993868147015 0.18045019449478583
v -0.6263096871369762 0.06754993868147015 0.18757396605683302
v -0.6263096871369762 0.06754993868147015 0.1946977376188802
v -0.6235656475284593 0.0644426504215636 -0.1971096982937151
v -0.6235656475284593 0.0644426504215636 -0.18998592673166792
v -0.6235656475284593 0.0644426504215636 -0.18286215516962073
v -0.6235656475284593 0.0644426504215636 -0.17573838360757355
v -0.6235656475284593 0.0644426504215636 -0.16861461204552636
v -0.6235656475284593 0.0644426504215636 -0.16149084048347917
v -0.6235656475284593 0.0644426504215636 -0.15436706892143198
v -0.6235656475284593 0.0644426504215636 -0.1472432973593848
v -0.6235656475284593 0.0644426504215636 -0.1401195257973376
v -0.6235656475284593 0.0644426504215636 -0.13299575423529042
v -0.6235656475284593 0.0644426504215636 -0.12587198267324323
v -0.6235656475284593 0.0644426504215636 -0.11874821111119604
v -0.6235656475284593 0.0644426504215636 -0.11162443954914886
v -0.6235656475284593 0.0644426504215636 -0.10450066798710167
v -0.6235656475284593 0.0644426504215636 -0.09737689642505448
v -0.6235656475284593 0.0644426504215636 -0.0902531248630073
v -0.6235656475284593 0.0644426504215636 -0.08312935330096011
v -0.6235656475284593 0.0644426504215636 -0.07600558173891292
v -0.6235656475284593 0.0644426504215636 -0.06888181017686573
v -0.6235656475284593 0.0644426504215636 -0.061758038614818545
v -0.6235656475284593 0.0644426504215636 -0.05463426705277136
v -0.6235656475284593 0.0644426504215636 -0.04751049549072417
v -0.6235656475284593 0.0644426504215636 -0.04038672392867698
v -0.6235656475284593 0.0644426504215636 -0.033262952366629794
v -0.6235656475284593 0.0644426504215636 -0.026139180804582607
v -0.6235656475284593 0.0644426504215636 -0.01901540924253542
v -0.6235656475284593 0.0644426504215636 -0.011891637680488232
v -0.6235656475284593 0.0644426504215636 -0.004767866118441044
v -0.6235656475284593 0.0644426504215636 0.0023559054436061433
v -0.6235656475284593 0.0644426504215636 0.00947967700565333
v -0.6235656475284593 0.0644426504215636 0.01660344856770052
v -0.6235656475284593 0.0644426504215636 0.023727220129747706
v -0.6235656475284593 0.0644426504215636 0.030850991691794893
v -0.6235656475284593 0.0644426504215636 0.03797476325384208
v -0.6235656475284593 0.0644426504215636 0.04509853481588927
v -0.6235656475284593 0.0644426504215636 0.052222306377936456
v -0.6235656475284593 0.0644426504215636 0.059346077939983644
v -0.6235656475284593 0.0644426504215636 0.06646984950203083
v -0.6235656475284593 0.0644426504215636 0.07359362106407802
v -0.6235656475284593 0.0644426504215636 0.0807173926261252
v -0.6235656475284593 0.0644426504215636 0.0878411641881724
v -0.6235656475284593 0.0644426504215636 0.09496493575021958
v -0.6235656475284593 0.0644426504215636 0.10208870731226677
v -0.6235656475284593 0.0644426504215636 0.10921247887431396
v -0.6235656475284593 0.0644426504215636 0.11633625043636114
v -0.6235656475284593 0.0644426504215636 0.12346002199840833
v -0.6235656475284593 0.0644426504215636 0.13058379356045552
v -0.6235656475284593 0.0644426504215636 0.1377075651225027
v -0.6235656475284593 0.0644426504215636 0.1448313366845499
v -0.6235656475284593 0.0644426504215636 0.15195510824659708
v -0.6235656475284593 0.0644426504215636 0.15907887980864427
v -0.6235656475284593 0.0644426504215636 0.16620265137069146
v -0.6235656475284593 0.0644426504215636 0.17332642293273864
v -0.6235656475284593 0.0644426504215636 0.18045019449478583
v -0.6235656475284593 0.0644426504215636 0.18757396605683302
v -0.6235656475284593 0.0644426504215636 0.1946977376188802
v -0.6230173640848715 -0.06378523769528553 -0.1971096982937151
v -0.6230173640848715 -0.06378523769528553 -0.18998592673166792
v -0.6230173640848715 -0.06378523769528553 -0.18286215516962073
v -0.6230173640848715 -0.06378523769528553 -0.17573838360757355
v -0.6230173640848715 -0.06378523769528553 -0.16861461204552636
v -0.6230173640848715 -0.06378523769528553 -0.16149084048347917
v -0.6230173640848715 -0.06378523769528553 -0.15436706892143198
v -0.6230173640848715 -0.06378523769528553 -0.1472432973593848
v -0.6230173640848715 -0.06378523769528553 -0.1401195257973376
v -0.6230173640848715 -0.06378523769528553 -0.13299575423529042
v -0.6230173640848715 -0.06378523769528553 -0.12587198267324323
v -0.6230173640848715 -0.06378523769528553 -0.11874821111119604
v -0.6230173640848715 -0.06378523769528553 -0.11162443954914886
v -0.6230173640848715 -0.06378523769528553 -0.10450066798710167
v -0.6230173640848715 -0.06378523769528553 -0.09737689642505448
v -0.6230173640848715 -0.06378523769528553 -0.0902531248630073
v -0.6230173640848715 -0.06378523769528553 -0.08312935330096011
v -0.6230173640848715 -0.06378523769528553 -0.07600558173891292
v -0.6230173640848715 -0.06378523769528553 -0.06888181017686573
v -0.6230173640848715 -0.06378523769528553 -0.061758038614818545
v -0.6230173640848715 -0.06378523769528553 -0.05463426705277136
v -0.6230173640848715 -0.06378523769528553 -0.04751049549072417
v -0.6230173640848715 -0.06378523769528553 -0.04038672392867698
v -0.6230173640848715 -0.06378523769528553 -0.033262952366629794
v -0.6230173640848715 -0.06378523769528553 -0.026139180804582607
v -0.6230173640848715 -0.06378523769528553 -0.01901540924253542
v -0.6230173640848715 -0.06378523769528553 -0.011891637680488232
v -0.6230173640848715 -0.06378523769528553 -0.004767866118441044
v -0.6230173640848715 -0.06378523769528553 0.0023559054436061433
v -0.6230173640848715 -0.06378523769528553 0.00947967700565333
v -0.6230173640848715 -0.06378523769528553 0.01660344856770052
v -0.6230173640848715 -0.06378523769528553 0.023727220129747706
v -0.6230173640848715 -0.06378523769528553 0.030850991691794893
v -0.6230173640848715 -0.06378523769528553 0.03797476325384208
v -0.6230173640848715 -0.06378523769528553 0.04509853481588927
v -0.6230173640848715 -0.06378523769528553 0.052222306377936456
v -0.6230173640848715 -0.06378523769528553 0.059346077939983644
v -0.6230173640848715 -0.06378523769528553 0.06646984950203083
v -0.6230173640848715 -0.06378523769528553 0.07359362106407802
v -0.6230173640848715 -0.06378523769528553 0.0807173926261252
v -0.6230173640848715 -0.06378523769528553 0.0878411641881724
v -0.6230173640848715 -0.06378523769528553 0.09496493575021958
v -0.6230173640848715 -0.06378523769528553 0.10208870731226677
v -0.6230173640848715 -0.06378523769528553 0.10921247887431396
v -0.6230173640848715 -0.06378523769528553 0.11633625043636114
v -0.6230173640848715 -0.06378523769528553 0.12346002199840833
v -0.6230173640848715 -0.06378523769528553 0.13058379356045552
v -0.6230173640848715 -0.06378523769528553 0.1377075651225027
v -0.6230173640848715 -0.06378523769528553 0.1448313366845499
v -0.6230173640848715 -0.06378523769528553 0.15195510824659708
v -0.6230173640848715 -0.06378523769528553 0.15907887980864427
v -0.6230173640848715 -0.06378523769528553 0.16620265137069146
v -0.6230173640848715 -0.06378523769528553 0.17332642293273864
v -0.6230173640848715 -0.06378523769528553 0.18045019449478583
v -0.6230173640848715 -0.06378523769528553 0.18757396605683302
v -0.6230173640848715 -0.06378523769528553 0.1946977376188802
v -0.6191859155749291 -0.05884006805928149 -0.1971096982937151
v -0.6191859155749291 -0.05884006805928149 -0.18998592673166792
v -0.6191859155749291 -0.05884006805928149 -0.18286215516962073
v -0.6191859155749291 -0.05884006805928149 -0.17573838360757355
v -0.6191859155749291 -0.05884006805928149 -0.16861461204552636
v -0.6191859155749291 -0.05884006805928149 -0.16149084048347917
v -0.6191859155749291 -0.05884006805928149 -0.15436706892143198
v -0.6191859155749291 -0.05884006805928149 -0.1472432973593848
v -0.6191859155749291 -0.05884006805928149 -0.1401195257973376
v -0.6191859155749291 -0.05884006805928149 -0.13299575423529042
v -0.6191859155749291 -0.05884006805928149 -0.12587198267324323
v -0.6191859155749291 -0.05884006805928149 -0.11874821111119604
v -0.6191859155749291 -0.05884006805928149 -0.11162443954914886
v -0.6191859155749291 -0.05884006805928149 -0.10450066798710167
v -0.6191859155749291 -0.05884006805928149 -0.09737689642505448
v -0.6191859155749291 -0.05884006805928149 -0.0902531248630073
v -0.6191859155749291 -0.05884006805928149 -0.08312935330096011
v -0.6191859155749291 -0.05884006805928149 -0.07600558173891292
v -0.6191859155749291 -0.05884006805928149 -0.06888181017686573
v -0.6191859155749291 -0.05884006805928149 -0.061758038614818545
v -0.6191859155749291 -0.05884006805928149 -0.05463426705277136
v -0.6191859155749291 -0.05884006805928149 -0.04751049549072417
v -0.6191859155749291 -0.05884006805928149 -0.04038672392867698
v -0.6191859155749291 -0.05884006805928149 -0.033262952366629794
v -0.6191859155749291 -0.05884006805928149 -0.026139180804582607
v -0.6191859155749291 -0.05884006805928149 -0.01901540924253542
v -0.6191859155749291 -0.05884006805928149 -0.011891637680488232
v -0.6191859155749291 -0.05884006805928149 -0.004767866118441044
v -0.6191859155749291 -0.05884006805928149 0.0023559054436061433
v -0.6191859155749291 -0.05884006805928149 0.00947967700565333
v -0.6191859155749291 -0.05884006805928149 0.01660344856770052
v -0.6191859155749291 -0.05884006805928149 0.023727220129747706
v -0.6191859155749291 -0.05884006805928149 0.030850991691794893
v -0.6191859155749291 -0.05884006805928149 0.03797476325384208
v -0.6191859155749291 -0.05884006805928149 0.04509853481588927
v -0.6191859155749291 -0.05884006805928149 0.052222306377936456
v -0.6191859155749291 -0.05884006805928149 0.059346077939983644
v -0.6191859155749291 -0.05884006805928149 0.06646984950203083
v -0.6191859155749291 -0.05884006805928149 0.07359362106407802
v -0.6191859155749291 -0.05884006805928149 0.0807173926261252
v -0.6191859155749291 -0.05884006805928149 0.0878411641881724
v -0.6191859155749291 -0.05884006805928149 0.09496493575021958
v -0.6191859155749291 -0.05884006805928149 0.10208870731226677
v -0.6191859155749291 -0.05884006805928149 0.10921247887431396
v -0.6191859155749291 -0.05884006805928149 0.11633625043636114
v -0.6191859155749291 -0.05884006805928149 0.12346002199840833
v -0.6191859155749291 -0.05884006805928149 0.13058379356045552
v -0.6191859155749291 -0.05884006805928149 0.1377075651225027
v -0.6191859155749291 -0.05884006805928149 0.1448313366845499
v -0.6191859155749291 -0.05884006805928149 0.15195510824659708
v -0.6191859155749291 -0.05884006805928149 0.15907887980864427
v -0.6191859155749291 -0.05884006805928149 0.16620265137069146
v -0.6191859155749291 -0.05884006805928149 0.17332642293273864
v -0.6191859155749291 -0.05884006805928149 0.18045019449478583
v -0.6191859155749291 -0.05884006805928149 0.18757396605683302
v -0.6191859155749291 -0.05884006805928149 0.1946977376188802
v -0.6191859155749291 -0.05666146613323836 -0.19878457109018813
v -0.6191859155749291 -0.05666146613323836 0.1976662429908802
v -0.6191859155749291 -0.049537694571191185 -0.19999999986844894
v -0.6191859155749291 -0.049537694571191185 0.19997643321513472
v -0.6191859155749291 -0.04241392300914401 -0.19999999986844894
v -0.6191859155749291 -0.04241392300914401 0.19999999396779086
v -0.6191859155749291 -0.03529015144709684 -0.19999999986844894
v -0.6191859155749291 -0.03529015144709684 0.19999999396779086
v -0.6191859155749291 -0.028166379885049664 -0.19999999986844894
v -0.6191859155749291 -0.028166379885049664 0.19999999396779086
v -0.6191859155749291 -0.02104260832300249 -0.19999999986844894
v -0.6191859155749291 -0.02104260832300249 0.19999999396779086
v -0.6191859155749291 -0.013918836760955317 -0.19999999986844894
v -0.6191859155749291 -0.013918836760955317 0.19999999396779086
v -0.6191859155749291 -0.006795065198908143 -0.19999999986844894
v -0.6191859155749291 -0.006795065198908143 0.19999999396779086
v -0.6191859155749291 0.0003287063631390308 -0.19999999986844894
v -0.6191859155749291 0.0003287063631390308 0.19999999396779086
v -0.6191859155749291 0.0074524779251862044 -0.19999999986844894
v -0.6191859155749291 0.0074524779251862044 0.19999999396779086
v -0.6191859155749291 0.014576249487233364 -0.19999999986844894
v -0.6191859155749291 0.014576249487233364 0.19999999396779086
v -0.6191859155749291 0.021700021049280552 -0.19999999986844894
v -0.6191859155749291 0.021700021049280552 0.19999999396779086
v -0.6191859155749291 0.02882379261132774 -0.19999999986844894
v -0.6191859155749291 0.02882379261132774 0.19999999396779086
v -0.6191859155749291 0.0359475641733749 -0.19999999986844894
v -0.6191859155749291 0.0359475641733749 0.19999999396779086
v -0.6191859155749291 0.04307133573542206 -0.19999999986844894
v -0.6191859155749291 0.04307133573542206 0.19999999396779086
v -0.6191859155749291 0.050195107297469246 -0.19999999986844894
v -0.6191859155749291 0.050195107297469246 0.1998811983158458
v -0.6191859155749291 0.057318878859516434 -0.19838416567799555
v -0.6191859155749291 0.057318878859516434 0.1970924965424034
v -0.6191859155749291 0.058852461022170496 -0.1971096982937151
v -0.6191859155749291 0.058852461022170496 -0.18998592673166792
v -0.6191859155749291 0.058852461022170496 -0.18286215516962073
v -0.6191859155749291 0.058852461022170496 -0.17573838360757355
v -0.6191859155749291 0.058852461022170496 -0.16861461204552636
v -0.6191859155749291 0.058852461022170496 -0.16149084048347917
v -0.6191859155749291 0.058852461022170496 -0.15436706892143198
v -0.6191859155749291 0.058852461022170496 -0.1472432973593848
v -0.6191859155749291 0.058852461022170496 -0.1401195257973376
v -0.6191859155749291 0.058852461022170496 -0.13299575423529042
v -0.6191859155749291 0.058852461022170496 -0.12587198267324323
v -0.6191859155749291 0.058852461022170496 -0.11874821111119604
v -0.6191859155749291 0.058852461022170496 -0.11162443954914886
v -0.6191859155749291 0.058852461022170496 -0.10450066798710167
v -0.6191859155749291 0.058852461022170496 -0.09737689642505448
v -0.6191859155749291 0.058852461022170496 -0.0902531248630073
v -0.6191859155749291 0.058852461022170496 -0.08312935330096011
v -0.6191859155749291 0.058852461022170496 -0.07600558173891292
v -0.6191859155749291 0.058852461022170496 -0.06888181017686573
v -0.6191859155749291 0.058852461022170496 -0.061758038614818545
v -0.6191859155749291 0.058852461022170496 -0.05463426705277136
v -0.6191859155749291 0.058852461022170496 -0.04751049549072417
v -0.6191859155749291 0.058852461022170496 -0.04038672392867698
v -0.6191859155749291 0.058852461022170496 -0.033262952366629794
v -0.6191859155749291 0.058852461022170496 -0.026139180804582607
v -0.6191859155749291 0.058852461022170496 -0.01901540924253542
v -0.6191859155749291 0.058852461022170496 -0.011891637680488232
v -0.6191859155749291 0.058852461022170496 -0.004767866118441044
v -0.6191859155749291 0.058852461022170496 0.0023559054436061433
v -0.6191859155749291 0.058852461022170496 0.00947967700565333
v -0.6191859155749291 0.058852461022170496 0.01660344856770052
v -0.6191859155749291 0.058852461022170496 0.023727220129747706
v -0.6191859155749291 0.058852461022170496 0.030850991691794893
v -0.6191859155749291 0.058852461022170496 0.03797476325384208
v -0.6191859155749291 0.058852461022170496 0.04509853481588927
v -0.6191859155749291 0.058852461022170496 0.052222306377936456
v -0.6191859155749291 0.058852461022170496 0.059346077939983644
v -0.6191859155749291 0.058852461022170496 0.06646984950203083
v -0.6191859155749291 0.058852461022170496 0.07359362106407802
v -0.6191859155749291 0.058852461022170496 0.0807173926261252
v -0.6191859155749291 0.058852461022170496 0.0878411641881724
v -0.6191859155749291 0.058852461022170496 0.09496493575021958
v -0.6191859155749291 0.058852461022170496 0.10208870731226677
v -0.6191859155749291 0.058852461022170496 0.10921247887431396
v -0.6191859155749291 0.058852461022170496 0.11633625043636114
v -0.6191859155749291 0.058852461022170496 0.12346002199840833
v -0.6191859155749291 0.058852461022170496 0.13058379356045552
v -0.6191859155749291 0.058852461022170496 0.1377075651225027
v -0.6191859155749291 0.058852461022170496 0.1448313366845499
v -0.6191859155749291 0.058852461022170496 0.15195510824659708
v -0.6191859155749291 0.058852461022170496 0.15907887980864427
v -0.6191859155749291 0.058852461022170496 0.16620265137069146
v -0.6191859155749291 0.058852461022170496 0.17332642293273864
v -0.6191859155749291 0.058852461022170496 0.18045019449478583
v -0.6191859155749291 0.058852461022170496 0.18757396605683302
v -0.6191859155749291 0.058852461022170496 0.1946977376188802
v -0.6180705843282276 0.057318878859516434 -0.1971096982937151
v -0.6180705843282276 0.057318878859516434 -0.18998592673166792
v -0.6180705843282276 0.057318878859516434 -0.18286215516962073
v -0.6180705843282276 0.057318878859516434 -0.17573838360757355
v -0.6180705843282276 0.057318878859516434 -0.16861461204552636
v -0.6180705843282276 0.057318878859516434 -0.16149084048347917
v -0.6180705843282276 0.057318878859516434 -0.15436706892143198
v -0.6180705843282276 0.057318878859516434 -0.1472432973593848
v -0.6180705843282276 0.057318878859516434 -0.1401195257973376
v -0.6180705843282276 0.057318878859516434 -0.13299575423529042
v -0.6180705843282276 0.057318878859516434 -0.12587198267324323
v -0.6180705843282276 0.057318878859516434 -0.11874821111119604
v -0.6180705843282276 0.057318878859516434 -0.11162443954914886
v -0.6180705843282276 0.057318878859516434 -0.10450066798710167
v -0.6180705843282276 0.057318878859516434 -0.09737689642505448
v -0.6180705843282276 0.057318878859516434 -0.0902531248630073
v -0.6180705843282276 0.057318878859516434 -0.08312935330096011
v -0.6180705843282276 0.057318878859516434 -0.07600558173891292
v -0.6180705843282276 0.057318878859516434 -0.06888181017686573
v -0.6180705843282276 0.057318878859516434 -0.061758038614818545
v -0.6180705843282276 0.057318878859516434 -0.05463426705277136
v -0.6180705843282276 0.057318878859516434 -0.04751049549072417
v -0.6180705843282276 0.057318878859516434 -0.04038672392867698
v -0.6180705843282276 0.057318878859516434 -0.033262952366629794
v -0.6180705843282276 0.057318878859516434 -0.026139180804582607
v -0.6180705843282276 0.057318878859516434 -0.01901540924253542
v -0.6180705843282276 0.057318878859516434 -0.011891637680488232
v -0.6180705843282276 0.057318878859516434 -0.004767866118441044
v -0.6180705843282276 0.057318878859516434 0.0023559054436061433
v -0.6180705843282276 0.057318878859516434 0.00947967700565333
v -0.6180705843282276 0.057318878859516434 0.01660344856770052
v -0.6180705843282276 0.057318878859516434 0.023727220129747706
v -0.6180705843282276 0.057318878859516434 0.030850991691794893
v -0.6180705843282276 0.057318878859516434 0.03797476325384208
v -0.6180705843282276 0.057318878859516434 0.04509853481588927
v -0.6180705843282276 0.057318878859516434 0.052222306377936456
v -0.6180705843282276 0.057318878859516434 0.059346077939983644
v -0.6180705843282276 0.057318878859516434 0.06646984950203083
v -0.6180705843282276 0.057318878859516434 0.07359362106407802
v -0.6180705843282276 0.057318878859516434 0.0807173926261252
v -0.6180705843282276 0.057318878859516434 0.0878411641881724
v -0.6180705843282276 0.057318878859516434 0.09496493575021958
v -0.6180705843282276 0.057318878859516434 0.10208870731226677
v -0.6180705843282276 0.057318878859516434 0.10921247887431396
v -0.6180705843282276 0.057318878859516434 0.11633625043636114
v -0.6180705843282276 0.057318878859516434 0.12346002199840833
v -0.6180705843282276 0.057318878859516434 0.13058379356045552
v -0.6180705843282276 0.057318878859516434 0.1377075651225027
v -0.6180705843282276 0.057318878859516434 0.1448313366845499
v -0.6180705843282276 0.057318878859516434 0.15195510824659708
v -0.6180705843282276 0.057318878859516434 0.15907887980864427
v -0.6180705843282276 0.057318878859516434 0.16620265137069146
v -0.6180705843282276 0.057318878859516434 0.17332642293273864
v -0.6180705843282276 0.057318878859516434 0.18045019449478583
v -0.6180705843282276 0.057318878859516434 0.18757396605683302
v -0.6180705843282276 0.057318878859516434 0.1946977376188802
v -0.6176181472221465 -0.05666146613323836 -0.1971096982937151
v -0.6176181472221465 -0.05666146613323836 -0.18998592673166792
v -0.6176181472221465 -0.05666146613323836 -0.18286215516962073
v -0.6176181472221465 -0.05666146613323836 -0.17573838360757355
v -0.6176181472221465 -0.05666146613323836 -0.16861461204552636
v -0.6176181472221465 -0.05666146613323836 -0.16149084048347917
v -0.6176181472221465 -0.05666146613323836 -0.15436706892143198
v -0.6176181472221465 -0.05666146613323836 -0.1472432973593848
v -0.6176181472221465 -0.05666146613323836 -0.1401195257973376
v -0.6176181472221465 -0.05666146613323836 -0.13299575423529042
v -0.6176181472221465 -0.05666146613323836 -0.12587198267324323
v -0.6176181472221465 -0.05666146613323836 -0.11874821111119604
v -0.6176181472221465 -0.05666146613323836 -0.11162443954914886
v -0.6176181472221465 -0.05666146613323836 -0.10450066798710167
v -0.6176181472221465 -0.05666146613323836 -0.09737689642505448
v -0.6176181472221465 -0.05666146613323836 -0.0902531248630073
v -0.6176181472221465 -0.05666146613323836 -0.08312935330096011
v -0.6176181472221465 -0.05666146613323836 -0.07600558173891292
v -0.6176181472221465 -0.05666146613323836 -0.06888181017686573
v -0.6176181472221465 -0.05666146613323836 -0.061758038614818545
v -0.6176181472221465 -0.05666146613323836 -0.05463426705277136
v -0.6176181472221465 -0.05666146613323836 -0.04751049549072417
v -0.6176181472221465 -0.05666146613323836 -0.04038672392867698
v -0.6176181472221465 -0.05666146613323836 -0.033262952366629794
v -0.6176181472221465 -0.05666146613323836 -0.026139180804582607
v -0.6176181472221465 -0.05666146613323836 -0.01901540924253542
v -0.6176181472221465 -0.05666146613323836 -0.011891637680488232
v -0.6176181472221465 -0.05666146613323836 -0.004767866118441044
v -0.6176181472221465 -0.05666146613323836 0.0023559054436061433
v -0.6176181472221465 -0.05666146613323836 0.00947967700565333
v -0.6176181472221465 -0.05666146613323836 0.01660344856770052
v -0.6176181472221465 -0.05666146613323836 0.023727220129747706
v -0.6176181472221465 -0.05666146613323836 0.030850991691794893
v -0.6176181472221465 -0.05666146613323836 0.03797476325384208
v -0.6176181472221465 -0.05666146613323836 0.04509853481588927
v -0.6176181472221465 -0.05666146613323836 0.052222306377936456
v -0.6176181472221465 -0.05666146613323836 0.059346077939983644
v -0.6176181472221465 -0.05666146613323836 0.06646984950203083
v -0.6176181472221465 -0.05666146613323836 0.07359362106407802
v -0.6176181472221465 -0.05666146613323836 0.0807173926261252
v -0.6176181472221465 -0.05666146613323836 0.0878411641881724
v -0.6176181472221465 -0.05666146613323836 0.09496493575021958
v -0.6176181472221465 -0.05666146613323836 0.10208870731226677
v -0.6176181472221465 -0.05666146613323836 0.10921247887431396
v -0.6176181472221465 -0.05666146613323836 0.11633625043636114
v -0.6176181472221465 -0.05666146613323836 0.12346002199840833
v -0.6176181472221465 -0.05666146613323836 0.13058379356045552
v -0.6176181472221465 -0.05666146613323836 0.1377075651225027
v -0.6176181472221465 -0.05666146613323836 0.1448313366845499
v -0.6176181472221465 -0.05666146613323836 0.15195510824659708
v -0.6176181472221465 -0.05666146613323836 0.15907887980864427
v -0.6176181472221465 -0.05666146613323836 0.16620265137069146
v -0.6176181472221465 -0.05666146613323836 0.17332642293273864
v -0.6176181472221465 -0.05666146613323836 0.18045019449478583
v -0.6176181472221465 -0.05666146613323836 0.18757396605683302
v -0.6176181472221465 -0.05666146613323836 0.1946977376188802
v -0.6142191214072916 0.050195107297469246 -0.1971096982937151
v -0.6137976230750273 -0.049537694571191185 -0.1971096982937151
v -0.6135229106775635 0.050195107297469246 -0.18998592673166792
v -0.6135229106775635 0.050195107297469246 -0.18286215516962073
v -0.6135229106775635 0.050195107297469246 -0.17573838360757355
v -0.6135229106775635 0.050195107297469246 -0.16861461204552636
v -0.6135229106775635 0.050195107297469246 -0.16149084048347917
v -0.6135229106775635 0.050195107297469246 -0.15436706892143198
v -0.6135229106775635 0.050195107297469246 -0.1472432973593848
v -0.6135229106775635 0.050195107297469246 -0.1401195257973376
v -0.6135229106775635 0.050195107297469246 -0.13299575423529042
v -0.6135229106775635 0.050195107297469246 -0.12587198267324323
v -0.6135229106775635 0.050195107297469246 -0.11874821111119604
v -0.6135229106775635 0.050195107297469246 -0.11162443954914886
v -0.6135229106775635 0.050195107297469246 -0.10450066798710167
v -0.6135229106775635 0.050195107297469246 -0.09737689642505448
v -0.6135229106775635 0.050195107297469246 -0.0902531248630073
v -0.6135229106775635 0.050195107297469246 -0.08312935330096011
v -0.6135229106775635 0.050195107297469246 -0.07600558173891292
v -0.6135229106775635 0.050195107297469246 -0.06888181017686573
v -0.6135229106775635 0.050195107297469246 -0.061758038614818545
v -0.6135229106775635 0.050195107297469246 -0.05463426705277136
v -0.6135229106775635 0.050195107297469246 -0.04751049549072417
v -0.6135229106775635 0.050195107297469246 -0.04038672392867698
v -0.6135229106775635 0.050195107297469246 -0.033262952366629794
v -0.6135229106775635 0.050195107297469246 -0.026139180804582607
v -0.6135229106775635 0.050195107297469246 -0.01901540924253542
v -0.6135229106775635 0.050195107297469246 -0.011891637680488232
v -0.6135229106775635 0.050195107297469246 -0.004767866118441044
v -0.6135229106775635 0.050195107297469246 0.0023559054436061433
v -0.6135229106775635 0.050195107297469246 0.00947967700565333
v -0.6135229106775635 0.050195107297469246 0.01660344856770052
v -0.6135229106775635 0.050195107297469246 0.023727220129747706
v -0.6135229106775635 0.050195107297469246 0.030850991691794893
v -0.6135229106775635 0.050195107297469246 0.03797476325384208
v -0.6135229106775635 0.050195107297469246 0.04509853481588927
v -0.6135229106775635 0.050195107297469246 0.052222306377936456
v -0.6135229106775635 0.050195107297469246 0.059346077939983644
v -0.6135229106775635 0.050195107297469246 0.06646984950203083
v -0.6135229106775635 0.050195107297469246 0.07359362106407802
v -0.6135229106775635 0.050195107297469246 0.0807173926261252
v -0.6135229106775635 0.050195107297469246 0.0878411641881724
v -0.6135229106775635 0.050195107297469246 0.09496493575021958
v -0.6135229106775635 0.050195107297469246 0.10208870731226677
v -0.6135229106775635 0.050195107297469246 0.10921247887431396
v -0.6135229106775635 0.050195107297469246 0.11633625043636114
v -0.6135229106775635 0.050195107297469246 0.12346002199840833
v -0.6135229106775635 0.050195107297469246 0.13058379356045552
v -0.6135229106775635 0.050195107297469246 0.1377075651225027
v -0.6135229106775635 0.050195107297469246 0.1448313366845499
v -0.6135229106775635 0.050195107297469246 0.15195510824659708
v -0.6135229106775635 0.050195107297469246 0.15907887980864427
v -0.6135229106775635 0.050195107297469246 0.16620265137069146
v -0.6135229106775635 0.050195107297469246 0.17332642293273864
v -0.6135229106775635 0.050195107297469246 0.18045019449478583
v -0.6135229106775635 0.050195107297469246 0.18757396605683302
v -0.6135229106775635 0.050195107297469246 0.1946977376188802
v -0.6131418216177325 -0.049537694571191185 -0.18998592673166792
v -0.6131418216177325 -0.049537694571191185 -0.18286215516962073
v -0.6131418216177325 -0.049537694571191185 -0.17573838360757355
v -0.6131418216177325 -0.049537694571191185 -0.16861461204552636
v -0.6131418216177325 -0.049537694571191185 -0.16149084048347917
v -0.6131418216177325 -0.049537694571191185 -0.15436706892143198
v -0.6131418216177325 -0.049537694571191185 -0.1472432973593848
v -0.6131418216177325 -0.049537694571191185 -0.1401195257973376
v -0.6131418216177325 -0.049537694571191185 -0.13299575423529042
v -0.6131418216177325 -0.049537694571191185 -0.12587198267324323
v -0.6131418216177325 -0.049537694571191185 -0.11874821111119604
v -0.6131418216177325 -0.049537694571191185 -0.11162443954914886
v -0.6131418216177325 -0.049537694571191185 -0.10450066798710167
v -0.6131418216177325 -0.049537694571191185 -0.09737689642505448
v -0.6131418216177325 -0.049537694571191185 -0.0902531248630073
v -0.6131418216177325 -0.049537694571191185 -0.08312935330096011
v -0.6131418216177325 -0.049537694571191185 -0.07600558173891292
v -0.6131418216177325 -0.049537694571191185 -0.06888181017686573
v -0.6131418216177325 -0.049537694571191185 -0.061758038614818545
v -0.6131418216177325 -0.049537694571191185 -0.05463426705277136
v -0.6131418216177325 -0.049537694571191185 -0.04751049549072417
v -0.6131418216177325 -0.049537694571191185 -0.04038672392867698
v -0.6131418216177325 -0.049537694571191185 -0.033262952366629794
v -0.6131418216177325 -0.049537694571191185 -0.026139180804582607
v -0.6131418216177325 -0.049537694571191185 -0.01901540924253542
v -0.6131418216177325 -0.049537694571191185 -0.011891637680488232
v -0.6131418216177325 -0.049537694571191185 -0.004767866118441044
v -0.6131418216177325 -0.049537694571191185 0.0023559054436061433
v -0.6131418216177325 -0.049537694571191185 0.00947967700565333
v -0.6131418216177325 -0.049537694571191185 0.01660344856770052
v -0.6131418216177325 -0.049537694571191185 0.023727220129747706
v -0.6131418216177325 -0.049537694571191185 0.030850991691794893
v -0.6131418216177325 -0.049537694571191185 0.03797476325384208
v -0.6131418216177325 -0.049537694571191185 0.04509853481588927
v -0.6131418216177325 -0.049537694571191185 0.052222306377936456
v -0.6131418216177325 -0.049537694571191185 0.059346077939983644
v -0.6131418216177325 -0.049537694571191185 0.06646984950203083
v -0.6131418216177325 -0.049537694571191185 0.07359362106407802
v -0.6131418216177325 -0.049537694571191185 0.0807173926261252
v -0.6131418216177325 -0.049537694571191185 0.0878411641881724
v -0.6131418216177325 -0.049537694571191185 0.09496493575021958
v -0.6131418216177325 -0.049537694571191185 0.10208870731226677
v -0.6131418216177325 -0.049537694571191185 0.10921247887431396
v -0.6131418216177325 -0.049537694571191185 0.11633625043636114
v -0.6131418216177325 -0.049537694571191185 0.12346002199840833
v -0.6131418216177325 -0.049537694571191185 0.13058379356045552
v -0.6131418216177325 -0.049537694571191185 0.1377075651225027
v -0.6131418216177325 -0.049537694571191185 0.1448313366845499
v -0.6131418216177325 -0.049537694571191185 0.15195510824659708
v -0.6131418216177325 -0.049537694571191185 0.15907887980864427
v -0.6131418216177325 -0.049537694571191185 0.16620265137069146
v -0.6131418216177325 -0.049537694571191185 0.17332642293273864
v -0.6131418216177325 -0.049537694571191185 0.18045019449478583
v -0.6131418216177325 -0.049537694571191185 0.18757396605683302
v -0.6131418216177325 -0.049537694571191185 0.1946977376188802
v -0.612062144012882 -0.04752744876151835 -0.1971096982937151
v -0.612062144012882 -0.04752744876151835 -0.18998592673166792
v -0.612062144012882 -0.04752744876151835 -0.18286215516962073
v -0.612062144012882 -0.04752744876151835 -0.17573838360757355
v -0.612062144012882 -0.04752744876151835 -0.16861461204552636
v -0.612062144012882 -0.04752744876151835 -0.16149084048347917
v -0.612062144012882 -0.04752744876151835 -0.15436706892143198
v -0.612062144012882 -0.04752744876151835 -0.1472432973593848
v -0.612062144012882 -0.04752744876151835 -0.1401195257973376
v -0.612062144012882 -0.04752744876151835 -0.13299575423529042
v -0.612062144012882 -0.04752744876151835 -0.12587198267324323
v -0.612062144012882 -0.04752744876151835 -0.11874821111119604
v -0.612062144012882 -0.04752744876151835 -0.11162443954914886
v -0.612062144012882 -0.04752744876151835 -0.10450066798710167
v -0.612062144012882 -0.04752744876151835 -0.09737689642505448
v -0.612062144012882 -0.04752744876151835 -0.0902531248630073
v -0.612062144012882 -0.04752744876151835 -0.08312935330096011
v -0.612062144012882 -0.04752744876151835 -0.07600558173891292
v -0.612062144012882 -0.04752744876151835 -0.06888181017686573
v -0.612062144012882 -0.04752744876151835 -0.061758038614818545
v -0.612062144012882 -0.04752744876151835 -0.05463426705277136
v -0.612062144012882 -0.04752744876151835 -0.04751049549072417
v -0.612062144012882 -0.04752744876151835 -0.04038672392867698
v -0.612062144012882 -0.04752744876151835 -0.033262952366629794
v -0.612062144012882 -0.04752744876151835 -0.026139180804582607
v -0.612062144012882 -0.04752744876151835 -0.01901540924253542
v -0.612062144012882 -0.04752744876151835 -0.011891637680488232
v -0.612062144012882 -0.04752744876151835 -0.004767866118441044
v -0.612062144012882 -0.04752744876151835 0.0023559054436061433
v -0.612062144012882 -0.04752744876151835 0.00947967700565333
v -0.612062144012882 -0.04752744876151835 0.01660344856770052
v -0.612062144012882 -0.04752744876151835 0.023727220129747706
v -0.612062144012882 -0.04752744876151835 0.030850991691794893
v -0.612062144012882 -0.04752744876151835 0.03797476325384208
v -0.612062144012882 -0.04752744876151835 0.04509853481588927
v -0.612062144012882 -0.04752744876151835 0.052222306377936456
v -0.612062144012882 -0.04752744876151835 0.059346077939983644
v -0.612062144012882 -0.04752744876151835 0.06646984950203083
v -0.612062144012882 -0.04752744876151835 0.07359362106407802
v -0.612062144012882 -0.04752744876151835 0.0807173926261252
v -0.612062144012882 -0.04752744876151835 0.0878411641881724
v -0.612062144012882 -0.04752744876151835 0.09496493575021958
v -0.612062144012882 -0.04752744876151835 0.10208870731226677
v -0.612062144012882 -0.04752744876151835 0.10921247887431396
v -0.612062144012882 -0.04752744876151835 0.11633625043636114
v -0.612062144012882 -0.04752744876151835 0.12346002199840833
v -0.612062144012882 -0.04752744876151835 0.13058379356045552
v -0.612062144012882 -0.04752744876151835 0.1377075651225027
v -0.612062144012882 -0.04752744876151835 0.1448313366845499
v -0.612062144012882 -0.04752744876151835 0.15195510824659708
v -0.612062144012882 -0.04752744876151835 0.15907887980864427
v -0.612062144012882 -0.04752744876151835 0.16620265137069146
v -0.612062144012882 -0.04752744876151835 0.17332642293273864
v -0.612062144012882 -0.04752744876151835 0.18045019449478583
v -0.612062144012882 -0.04752744876151835 0.18757396605683302
v -0.612062144012882 -0.04752744876151835 0.1946977376188802
v -0.612062144012882 -0.04241392300914401 -0.19966505231434228
v -0.612062144012882 -0.04241392300914401 0.19872424850779147
v -0.612062144012882 -0.03529015144709684 -0.19999999986844894
v -0.612062144012882 -0.03529015144709684 0.19998530586304963
v -0.612062144012882 -0.028166379885049664 -0.19999999986844894
v -0.612062144012882 -0.028166379885049664 0.19999999396779086
v -0.612062144012882 -0.02104260832300249 -0.19999999986844894
v -0.612062144012882 -0.02104260832300249 0.19999999396779086
v -0.612062144012882 -0.013918836760955317 -0.19999999986844894
v -0.612062144012882 -0.013918836760955317 0.19999999396779086
v -0.612062144012882 -0.006795065198908143 -0.19999999986844894
v -0.612062144012882 -0.006795065198908143 0.19999999396779086
v -0.612062144012882 0.0003287063631390308 -0.19999999986844894
v -0.612062144012882 0.0003287063631390308 0.19999999396779086
v -0.612062144012882 0.0074524779251862044 -0.19999999986844894
v -0.612062144012882 0.0074524779251862044 0.19999999396779086
v -0.612062144012882 0.014576249487233364 -0.19999999986844894
v -0.612062144012882 0.014576249487233364 0.19999999396779086
v -0.612062144012882 0.021700021049280552 -0.19999999986844894
v -0.612062144012882 0.021700021049280552 0.19999999396779086
v -0.612062144012882 0.02882379261132774 -0.19999999986844894
v -0.612062144012882 0.02882379261132774 0.19999999396779086
v -0.612062144012882 0.0359475641733749 -0.19999999986844894
v -0.612062144012882 0.0359475641733749 0.19991886291005737
v -0.612062144012882 0.04307133573542206 -0.19945711916089057
v -0.612062144012882 0.04307133573542206 0.19849614129003396
v -0.612062144012882 0.047514575738499557 -0.1971096982937151
v -0.612062144012882 0.047514575738499557 -0.18998592673166792
v -0.612062144012882 0.047514575738499557 -0.18286215516962073
v -0.612062144012882 0.047514575738499557 -0.17573838360757355
v -0.612062144012882 0.047514575738499557 -0.16861461204552636
v -0.612062144012882 0.047514575738499557 -0.16149084048347917
v -0.612062144012882 0.047514575738499557 -0.15436706892143198
v -0.612062144012882 0.047514575738499557 -0.1472432973593848
v -0.612062144012882 0.047514575738499557 -0.1401195257973376
v -0.612062144012882 0.047514575738499557 -0.13299575423529042
v -0.612062144012882 0.047514575738499557 -0.12587198267324323
v -0.612062144012882 0.047514575738499557 -0.11874821111119604
v -0.612062144012882 0.047514575738499557 -0.11162443954914886
v -0.612062144012882 0.047514575738499557 -0.10450066798710167
v -0.612062144012882 0.047514575738499557 -0.09737689642505448
v -0.612062144012882 0.047514575738499557 -0.0902531248630073
v -0.612062144012882 0.047514575738499557 -0.08312935330096011
v -0.612062144012882 0.047514575738499557 -0.07600558173891292
v -0.612062144012882 0.047514575738499557 -0.06888181017686573
v -0.612062144012882 0.047514575738499557 -0.061758038614818545
v -0.612062144012882 0.047514575738499557 -0.05463426705277136
v -0.612062144012882 0.047514575738499557 -0.04751049549072417
v -0.612062144012882 0.047514575738499557 -0.04038672392867698
v -0.612062144012882 0.047514575738499557 -0.033262952366629794
v -0.612062144012882 0.047514575738499557 -0.026139180804582607
v -0.612062144012882 0.047514575738499557 -0.01901540924253542
v -0.612062144012882 0.047514575738499557 -0.011891637680488232
v -0.612062144012882 0.047514575738499557 -0.004767866118441044
v -0.612062144012882 0.047514575738499557 0.0023559054436061433
v -0.612062144012882 0.047514575738499557 0.00947967700565333
v -0.612062144012882 0.047514575738499557 0.01660344856770052
v -0.612062144012882 0.047514575738499557 0.023727220129747706
v -0.612062144012882 0.047514575738499557 0.030850991691794893
v -0.612062144012882 0.047514575738499557 0.03797476325384208
v -0.612062144012882 0.047514575738499557 0.04509853481588927
v -0.612062144012882 0.047514575738499557 0.052222306377936456
v -0.612062144012882 0.047514575738499557 0.059346077939983644
v -0.612062144012882 0.047514575738499557 0.06646984950203083
v -0.612062144012882 0.047514575738499557 0.07359362106407802
v -0.612062144012882 0.047514575738499557 0.0807173926261252
v -0.612062144012882 0.047514575738499557 0.0878411641881724
v -0.612062144012882 0.047514575738499557 0.09496493575021958
v -0.612062144012882 0.047514575738499557 0.10208870731226677
v -0.612062144012882 0.047514575738499557 0.10921247887431396
v -0.612062144012882 0.047514575738499557 0.11633625043636114
v -0.612062144012882 0.047514575738499557 0.12346002199840833
v -0.612062144012882 0.047514575738499557 0.13058379356045552
v -0.612062144012882 0.047514575738499557 0.1377075651225027
v -0.612062144012882 0.047514575738499557 0.1448313366845499
v -0.612062144012882 0.047514575738499557 0.15195510824659708
v -0.612062144012882 0.047514575738499557 0.15907887980864427
v -0.612062144012882 0.047514575738499557 0.16620265137069146
v -0.612062144012882 0.047514575738499557 0.17332642293273864
v -0.612062144012882 0.047514575738499557 0.18045019449478583
v -0.612062144012882 0.047514575738499557 0.18757396605683302
v -0.612062144012882 0.047514575738499557 0.1946977376188802
v -0.609762280300749 0.04307133573542206 -0.1971096982937151
v -0.609762280300749 0.04307133573542206 -0.18998592673166792
v -0.609762280300749 0.04307133573542206 -0.18286215516962073
v -0.609762280300749 0.04307133573542206 -0.17573838360757355
v -0.609762280300749 0.04307133573542206 -0.16861461204552636
v -0.609762280300749 0.04307133573542206 -0.16149084048347917
v -0.609762280300749 0.04307133573542206 -0.15436706892143198
v -0.609762280300749 0.04307133573542206 -0.1472432973593848
v -0.609762280300749 0.04307133573542206 -0.1401195257973376
v -0.609762280300749 0.04307133573542206 -0.13299575423529042
v -0.609762280300749 0.04307133573542206 -0.12587198267324323
v -0.609762280300749 0.04307133573542206 -0.11874821111119604
v -0.609762280300749 0.04307133573542206 -0.11162443954914886
v -0.609762280300749 0.04307133573542206 -0.10450066798710167
v -0.609762280300749 0.04307133573542206 -0.09737689642505448
v -0.609762280300749 0.04307133573542206 -0.0902531248630073
v -0.609762280300749 0.04307133573542206 -0.08312935330096011
v -0.609762280300749 0.04307133573542206 -0.07600558173891292
v -0.609762280300749 0.04307133573542206 -0.06888181017686573
v -0.609762280300749 0.04307133573542206 -0.061758038614818545
v -0.609762280300749 0.04307133573542206 -0.05463426705277136
v -0.609762280300749 0.04307133573542206 -0.04751049549072417
v -0.609762280300749 0.04307133573542206 -0.04038672392867698
v -0.609762280300749 0.04307133573542206 -0.033262952366629794
v -0.609762280300749 0.04307133573542206 -0.026139180804582607
v -0.609762280300749 0.04307133573542206 -0.01901540924253542
v -0.609762280300749 0.04307133573542206 -0.011891637680488232
v -0.609762280300749 0.04307133573542206 -0.004767866118441044
v -0.609762280300749 0.04307133573542206 0.0023559054436061433
v -0.609762280300749 0.04307133573542206 0.00947967700565333
v -0.609762280300749 0.04307133573542206 0.01660344856770052
v -0.609762280300749 0.04307133573542206 0.023727220129747706
v -0.609762280300749 0.04307133573542206 0.030850991691794893
v -0.609762280300749 0.04307133573542206 0.03797476325384208
v -0.609762280300749 0.04307133573542206 0.04509853481588927
v -0.609762280300749 0.04307133573542206 0.052222306377936456
v -0.609762280300749 0.04307133573542206 0.059346077939983644
v -0.609762280300749 0.04307133573542206 0.06646984950203083
v -0.609762280300749 0.04307133573542206 0.07359362106407802
v -0.609762280300749 0.04307133573542206 0.0807173926261252
v -0.609762280300749 0.04307133573542206 0.0878411641881724
v -0.609762280300749 0.04307133573542206 0.09496493575021958
v -0.609762280300749 0.04307133573542206 0.10208870731226677
v -0.609762280300749 0.04307133573542206 0.10921247887431396
v -0.609762280300749 0.04307133573542206 0.11633625043636114
v -0.609762280300749 0.04307133573542206 0.12346002199840833
v -0.609762280300749 0.04307133573542206 0.13058379356045552
v -0.609762280300749 0.04307133573542206 0.1377075651225027
v -0.609762280300749 0.04307133573542206 0.1448313366845499
v -0.609762280300749 0.04307133573542206 0.15195510824659708
v -0.609762280300749 0.04307133573542206 0.15907887980864427
v -0.609762280300749 0.04307133573542206 0.16620265137069146
v -0.609762280300749 0.04307133573542206 0.17332642293273864
v -0.609762280300749 0.04307133573542206 0.18045019449478583
v -0.609762280300749 0.04307133573542206 0.18757396605683302
v -0.609762280300749 0.04307133573542206 0.1946977376188802
v -0.6094518191488225 -0.04241392300914401 -0.1971096982937151
v -0.6094518191488225 -0.04241392300914401 -0.18998592673166792
v -0.6094518191488225 -0.04241392300914401 -0.18286215516962073
v -0.6094518191488225 -0.04241392300914401 -0.17573838360757355
v -0.6094518191488225 -0.04241392300914401 -0.16861461204552636
v -0.6094518191488225 -0.04241392300914401 -0.16149084048347917
v -0.6094518191488225 -0.04241392300914401 -0.15436706892143198
v -0.6094518191488225 -0.04241392300914401 -0.1472432973593848
v -0.6094518191488225 -0.04241392300914401 -0.1401195257973376
v -0.6094518191488225 -0.04241392300914401 -0.13299575423529042
v -0.6094518191488225 -0.04241392300914401 -0.12587198267324323
v -0.6094518191488225 -0.04241392300914401 -0.11874821111119604
v -0.6094518191488225 -0.04241392300914401 -0.11162443954914886
v -0.6094518191488225 -0.04241392300914401 -0.10450066798710167
v -0.6094518191488225 -0.04241392300914401 -0.09737689642505448
v -0.6094518191488225 -0.04241392300914401 -0.0902531248630073
v -0.6094518191488225 -0.04241392300914401 -0.08312935330096011
v -0.6094518191488225 -0.04241392300914401 -0.07600558173891292
v -0.6094518191488225 -0.04241392300914401 -0.06888181017686573
v -0.6094518191488225 -0.04241392300914401 -0.061758038614818545
v -0.6094518191488225 -0.04241392300914401 -0.05463426705277136
v -0.6094518191488225 -0.04241392300914401 -0.04751049549072417
v -0.6094518191488225 -0.04241392300914401 -0.04038672392867698
v -0.6094518191488225 -0.04241392300914401 -0.033262952366629794
v -0.6094518191488225 -0.04241392300914401 -0.026139180804582607
v -0.6094518191488225 -0.04241392300914401 -0.01901540924253542
v -0.6094518191488225 -0.04241392300914401 -0.011891637680488232
v -0.6094518191488225 -0.04241392300914401 -0.004767866118441044
v -0.6094518191488225 -0.04241392300914401 0.0023559054436061433
v -0.6094518191488225 -0.04241392300914401 0.00947967700565333
v -0.6094518191488225 -0.04241392300914401 0.01660344856770052
v -0.6094518191488225 -0.04241392300914401 0.023727220129747706
v -0.6094518191488225 -0.04241392300914401 0.030850991691794893
v -0.6094518191488225 -0.04241392300914401 0.03797476325384208
v -0.6094518191488225 -0.04241392300914401 0.04509853481588927
v -0.6094518191488225 -0.04241392300914401 0.052222306377936456
v -0.6094518191488225 -0.04241392300914401 0.059346077939983644
v -0.6094518191488225 -0.04241392300914401 0.06646984950203083
v -0.6094518191488225 -0.04241392300914401 0.07359362106407802
v -0.6094518191488225 -0.04241392300914401 0.0807173926261252
v -0.6094518191488225 -0.04241392300914401 0.0878411641881724
v -0.6094518191488225 -0.04241392300914401 0.09496493575021958
v -0.6094518191488225 -0.04241392300914401 0.10208870731226677
v -0.6094518191488225 -0.04241392300914401 0.10921247887431396
v -0.6094518191488225 -0.04241392300914401 0.11633625043636114
v -0.6094518191488225 -0.04241392300914401 0.12346002199840833
v -0.6094518191488225 -0.04241392300914401 0.13058379356045552
v -0.6094518191488225 -0.04241392300914401 0.1377075651225027
v -0.6094518191488225 -0.04241392300914401 0.1448313366845499
v -0.6094518191488225 -0.04241392300914401 0.15195510824659708
v -0.6094518191488225 -0.04241392300914401 0.15907887980864427
v -0.6094518191488225 -0.04241392300914401 0.16620265137069146
v -0.6094518191488225 -0.04241392300914401 0.17332642293273864
v -0.6094518191488225 -0.04241392300914401 0.18045019449478583
v -0.6094518191488225 -0.04241392300914401 0.18757396605683302
v -0.6094518191488225 -0.04241392300914401 0.1946977376188802
v -0.6075085733802958 0.0359475641733749 -0.1971096982937151
v -0.6072637942804685 -0.03529015144709684 -0.1971096982937151
v -0.606691311470975 0.0359475641733749 -0.18998592673166792
v -0.606691311470975 0.0359475641733749 -0.18286215516962073
v -0.606691311470975 0.0359475641733749 -0.17573838360757355
v -0.606691311470975 0.0359475641733749 -0.16861461204552636
v -0.606691311470975 0.0359475641733749 -0.16149084048347917
v -0.606691311470975 0.0359475641733749 -0.15436706892143198
v -0.606691311470975 0.0359475641733749 -0.1472432973593848
v -0.606691311470975 0.0359475641733749 -0.1401195257973376
v -0.606691311470975 0.0359475641733749 -0.13299575423529042
v -0.606691311470975 0.0359475641733749 -0.12587198267324323
v -0.606691311470975 0.0359475641733749 -0.11874821111119604
v -0.606691311470975 0.0359475641733749 -0.11162443954914886
v -0.606691311470975 0.0359475641733749 -0.10450066798710167
v -0.606691311470975 0.0359475641733749 -0.09737689642505448
v -0.606691311470975 0.0359475641733749 -0.0902531248630073
v -0.606691311470975 0.0359475641733749 -0.08312935330096011
v -0.606691311470975 0.0359475641733749 -0.07600558173891292
v -0.606691311470975 0.0359475641733749 -0.06888181017686573
v -0.606691311470975 0.0359475641733749 -0.061758038614818545
v -0.606691311470975 0.0359475641733749 -0.05463426705277136
v -0.606691311470975 0.0359475641733749 -0.04751049549072417
v -0.606691311470975 0.0359475641733749 -0.04038672392867698
v -0.606691311470975 0.0359475641733749 -0.033262952366629794
v -0.606691311470975 0.0359475641733749 -0.026139180804582607
v -0.606691311470975 0.0359475641733749 -0.01901540924253542
v -0.606691311470975 0.0359475641733749 -0.011891637680488232
v -0.606691311470975 0.0359475641733749 -0.004767866118441044
v -0.606691311470975 0.0359475641733749 0.0023559054436061433
v -0.606691311470975 0.0359475641733749 0.00947967700565333
v -0.606691311470975 0.0359475641733749 0.01660344856770052
v -0.606691311470975 0.0359475641733749 0.023727220129747706
v -0.606691311470975 0.0359475641733749 0.030850991691794893
v -0.606691311470975 0.0359475641733749 0.03797476325384208
v -0.606691311470975 0.0359475641733749 0.04509853481588927
v -0.606691311470975 0.0359475641733749 0.052222306377936456
v -0.606691311470975 0.0359475641733749 0.059346077939983644
v -0.606691311470975 0.0359475641733749 0.06646984950203083
v -0.606691311470975 0.0359475641733749 0.07359362106407802
v -0.606691311470975 0.0359475641733749 0.0807173926261252
v -0.606691311470975 0.0359475641733749 0.0878411641881724
v -0.606691311470975 0.0359475641733749 0.09496493575021958
v -0.606691311470975 0.0359475641733749 0.10208870731226677
v -0.606691311470975 0.0359475641733749 0.10921247887431396
v -0.606691311470975 0.0359475641733749 0.11633625043636114
v -0.606691311470975 0.0359475641733749 0.12346002199840833
v -0.606691311470975 0.0359475641733749 0.13058379356045552
v -0.606691311470975 0.0359475641733749 0.1377075651225027
v -0.606691311470975 0.0359475641733749 0.1448313366845499
v -0.606691311470975 0.0359475641733749 0.15195510824659708
v -0.606691311470975 0.0359475641733749 0.15907887980864427
v -0.606691311470975 0.0359475641733749 0.16620265137069146
v -0.606691311470975 0.0359475641733749 0.17332642293273864
v -0.606691311470975 0.0359475641733749 0.18045019449478583
v -0.606691311470975 0.0359475641733749 0.18757396605683302
v -0.606691311470975 0.0359475641733749 0.1946977376188802
v -0.6064398065507528 -0.03529015144709684 -0.18998592673166792
v -0.6064398065507528 -0.03529015144709684 -0.18286215516962073
v -0.6064398065507528 -0.03529015144709684 -0.17573838360757355
v -0.6064398065507528 -0.03529015144709684 -0.16861461204552636
v -0.6064398065507528 -0.03529015144709684 -0.16149084048347917
v -0.6064398065507528 -0.03529015144709684 -0.15436706892143198
v -0.6064398065507528 -0.03529015144709684 -0.1472432973593848
v -0.6064398065507528 -0.03529015144709684 -0.1401195257973376
v -0.6064398065507528 -0.03529015144709684 -0.13299575423529042
v -0.6064398065507528 -0.03529015144709684 -0.12587198267324323
v -0.6064398065507528 -0.03529015144709684 -0.11874821111119604
v -0.6064398065507528 -0.03529015144709684 -0.11162443954914886
v -0.6064398065507528 -0.03529015144709684 -0.10450066798710167
v -0.6064398065507528 -0.03529015144709684 -0.09737689642505448
v -0.6064398065507528 -0.03529015144709684 -0.0902531248630073
v -0.6064398065507528 -0.03529015144709684 -0.08312935330096011
v -0.6064398065507528 -0.03529015144709684 -0.07600558173891292
v -0.6064398065507528 -0.03529015144709684 -0.06888181017686573
v -0.6064398065507528 -0.03529015144709684 -0.061758038614818545
v -0.6064398065507528 -0.03529015144709684 -0.05463426705277136
v -0.6064398065507528 -0.03529015144709684 -0.04751049549072417
v -0.6064398065507528 -0.03529015144709684 -0.04038672392867698
v -0.6064398065507528 -0.03529015144709684 -0.033262952366629794
v -0.6064398065507528 -0.03529015144709684 -0.026139180804582607
v -0.6064398065507528 -0.03529015144709684 -0.01901540924253542
v -0.6064398065507528 -0.03529015144709684 -0.011891637680488232
v -0.6064398065507528 -0.03529015144709684 -0.004767866118441044
v -0.6064398065507528 -0.03529015144709684 0.0023559054436061433
v -0.6064398065507528 -0.03529015144709684 0.00947967700565333
v -0.6064398065507528 -0.03529015144709684 0.01660344856770052
v -0.6064398065507528 -0.03529015144709684 0.023727220129747706
v -0.6064398065507528 -0.03529015144709684 0.030850991691794893
v -0.6064398065507528 -0.03529015144709684 0.03797476325384208
v -0.6064398065507528 -0.03529015144709684 0.04509853481588927
v -0.6064398065507528 -0.03529015144709684 0.052222306377936456
v -0.6064398065507528 -0.03529015144709684 0.059346077939983644
v -0.6064398065507528 -0.03529015144709684 0.06646984950203083
v -0.6064398065507528 -0.03529015144709684 0.07359362106407802
v -0.6064398065507528 -0.03529015144709684 0.0807173926261252
v -0.6064398065507528 -0.03529015144709684 0.0878411641881724
v -0.6064398065507528 -0.03529015144709684 0.09496493575021958
v -0.6064398065507528 -0.03529015144709684 0.10208870731226677
v -0.6064398065507528 -0.03529015144709684 0.10921247887431396
v -0.6064398065507528 -0.03529015144709684 0.11633625043636114
v -0.6064398065507528 -0.03529015144709684 0.12346002199840833
v -0.6064398065507528 -0.03529015144709684 0.13058379356045552
v -0.6064398065507528 -0.03529015144709684 0.1377075651225027
v -0.6064398065507528 -0.03529015144709684 0.1448313366845499
v -0.6064398065507528 -0.03529015144709684 0.15195510824659708
v -0.6064398065507528 -0.03529015144709684 0.15907887980864427
v -0.6064398065507528 -0.03529015144709684 0.16620265137069146
v -0.6064398065507528 -0.03529015144709684 0.17332642293273864
v -0.6064398065507528 -0.03529015144709684 0.18045019449478583
v -0.6064398065507528 -0.03529015144709684 0.18757396605683302
v -0.6064398065507528 -0.03529015144709684 0.1946977376188802
v -0.6049383724508348 -0.03086330478201224 -0.1971096982937151
v -0.6049383724508348 -0.03086330478201224 -0.18998592673166792
v -0.6049383724508348 -0.03086330478201224 -0.18286215516962073
v -0.6049383724508348 -0.03086330478201224 -0.17573838360757355
v -0.6049383724508348 -0.03086330478201224 -0.16861461204552636
v -0.6049383724508348 -0.03086330478201224 -0.16149084048347917
v -0.6049383724508348 -0.03086330478201224 -0.15436706892143198
v -0.6049383724508348 -0.03086330478201224 -0.1472432973593848
v -0.6049383724508348 -0.03086330478201224 -0.1401195257973376
v -0.6049383724508348 -0.03086330478201224 -0.13299575423529042
v -0.6049383724508348 -0.03086330478201224 -0.12587198267324323
v -0.6049383724508348 -0.03086330478201224 -0.11874821111119604
v -0.6049383724508348 -0.03086330478201224 -0.11162443954914886
v -0.6049383724508348 -0.03086330478201224 -0.10450066798710167
v -0.6049383724508348 -0.03086330478201224 -0.09737689642505448
v -0.6049383724508348 -0.03086330478201224 -0.0902531248630073
v -0.6049383724508348 -0.03086330478201224 -0.08312935330096011
v -0.6049383724508348 -0.03086330478201224 -0.07600558173891292
v -0.6049383724508348 -0.03086330478201224 -0.06888181017686573
v -0.6049383724508348 -0.03086330478201224 -0.061758038614818545
v -0.6049383724508348 -0.03086330478201224 -0.05463426705277136
v -0.6049383724508348 -0.03086330478201224 -0.04751049549072417
v -0.6049383724508348 -0.03086330478201224 -0.04038672392867698
v -0.6049383724508348 -0.03086330478201224 -0.033262952366629794
v -0.6049383724508348 -0.03086330478201224 -0.026139180804582607
v -0.6049383724508348 -0.03086330478201224 -0.01901540924253542
v -0.6049383724508348 -0.03086330478201224 -0.011891637680488232
v -0.6049383724508348 -0.03086330478201224 -0.004767866118441044
v -0.6049383724508348 -0.03086330478201224 0.0023559054436061433
v -0.6049383724508348 -0.03086330478201224 0.00947967700565333
v -0.6049383724508348 -0.03086330478201224 0.01660344856770052
v -0.6049383724508348 -0.03086330478201224 0.023727220129747706
v -0.6049383724508348 -0.03086330478201224 0.030850991691794893
v -0.6049383724508348 -0.03086330478201224 0.03797476325384208
v -0.6049383724508348 -0.03086330478201224 0.04509853481588927
v -0.6049383724508348 -0.03086330478201224 0.052222306377936456
v -0.6049383724508348 -0.03086330478201224 0.059346077939983644
v -0.6049383724508348 -0.03086330478201224 0.06646984950203083
v -0.6049383724508348 -0.03086330478201224 0.07359362106407802
v -0.6049383724508348 -0.03086330478201224 0.0807173926261252
v -0.6049383724508348 -0.03086330478201224 0.0878411641881724
v -0.6049383724508348 -0.03086330478201224 0.09496493575021958
v -0.6049383724508348 -0.03086330478201224 0.10208870731226677
v -0.6049383724508348 -0.03086330478201224 0.10921247887431396
v -0.6049383724508348 -0.03086330478201224 0.11633625043636114
v -0.6049383724508348 -0.03086330478201224 0.12346002199840833
v -0.6049383724508348 -0.03086330478201224 0.13058379356045552
v -0.6049383724508348 -0.03086330478201224 0.1377075651225027
v -0.6049383724508348 -0.03086330478201224 0.1448313366845499
v -0.6049383724508348 -0.03086330478201224 0.15195510824659708
v -0.6049383724508348 -0.03086330478201224 0.15907887980864427
v -0.6049383724508348 -0.03086330478201224 0.16620265137069146
v -0.6049383724508348 -0.03086330478201224 0.17332642293273864
v -0.6049383724508348 -0.03086330478201224 0.18045019449478583
v -0.6049383724508348 -0.03086330478201224 0.18757396605683302
v -0.6049383724508348 -0.03086330478201224 0.1946977376188802
v -0.6049383724508348 -0.028166379885049664 -0.19830476278244685
v -0.6049383724508348 -0.028166379885049664 0.1969704127115986
v -0.6049383724508348 -0.02104260832300249 -0.19984408142449078
v -0.6049383724508348 -0.02104260832300249 0.1989112806648341
v -0.6049383724508348 -0.013918836760955317 -0.19999999986844894
v -0.6049383724508348 -0.013918836760955317 0.19956335914275886
v -0.6049383724508348 -0.006795065198908143 -0.19999999986844894
v -0.6049383724508348 -0.006795065198908143 0.1998305032938388
v -0.6049383724508348 0.0003287063631390308 -0.19999999986844894
v -0.6049383724508348 0.0003287063631390308 0.19990178340250905
v -0.6049383724508348 0.0074524779251862044 -0.19999999986844894
v -0.6049383724508348 0.0074524779251862044 0.1998153803885872
v -0.6049383724508348 0.014576249487233364 -0.19999999986844894
v -0.6049383724508348 0.014576249487233364 0.1995244037345321
v -0.6049383724508348 0.021700021049280552 -0.1997499861781021
v -0.6049383724508348 0.021700021049280552 0.19881402122566874
v -0.6049383724508348 0.02882379261132774 -0.19807628020956122
v -0.6049383724508348 0.02882379261132774 0.1966020823292439
v -0.6049383724508348 0.030885820444283493 -0.1971096982937151
v -0.6049383724508348 0.030885820444283493 -0.18998592673166792
v -0.6049383724508348 0.030885820444283493 -0.18286215516962073
v -0.6049383724508348 0.030885820444283493 -0.17573838360757355
v -0.6049383724508348 0.030885820444283493 -0.16861461204552636
v -0.6049383724508348 0.030885820444283493 -0.16149084048347917
v -0.6049383724508348 0.030885820444283493 -0.15436706892143198
v -0.6049383724508348 0.030885820444283493 -0.1472432973593848
v -0.6049383724508348 0.030885820444283493 -0.1401195257973376
v -0.6049383724508348 0.030885820444283493 -0.13299575423529042
v -0.6049383724508348 0.030885820444283493 -0.12587198267324323
v -0.6049383724508348 0.030885820444283493 -0.11874821111119604
v -0.6049383724508348 0.030885820444283493 -0.11162443954914886
v -0.6049383724508348 0.030885820444283493 -0.10450066798710167
v -0.6049383724508348 0.030885820444283493 -0.09737689642505448
v -0.6049383724508348 0.030885820444283493 -0.0902531248630073
v -0.6049383724508348 0.030885820444283493 -0.08312935330096011
v -0.6049383724508348 0.030885820444283493 -0.07600558173891292
v -0.6049383724508348 0.030885820444283493 -0.06888181017686573
v -0.6049383724508348 0.030885820444283493 -0.061758038614818545
v -0.6049383724508348 0.030885820444283493 -0.05463426705277136
v -0.6049383724508348 0.030885820444283493 -0.04751049549072417
v -0.6049383724508348 0.030885820444283493 -0.04038672392867698
v -0.6049383724508348 0.030885820444283493 -0.033262952366629794
v -0.6049383724508348 0.030885820444283493 -0.026139180804582607
v -0.6049383724508348 0.030885820444283493 -0.01901540924253542
v -0.6049383724508348 0.030885820444283493 -0.011891637680488232
v -0.6049383724508348 0.030885820444283493 -0.004767866118441044
v -0.6049383724508348 0.030885820444283493 0.0023559054436061433
v -0.6049383724508348 0.030885820444283493 0.00947967700565333
v -0.6049383724508348 0.030885820444283493 0.01660344856770052
v -0.6049383724508348 0.030885820444283493 0.023727220129747706
v -0.6049383724508348 0.030885820444283493 0.030850991691794893
v -0.6049383724508348 0.030885820444283493 0.03797476325384208
v -0.6049383724508348 0.030885820444283493 0.04509853481588927
v -0.6049383724508348 0.030885820444283493 0.052222306377936456
v -0.6049383724508348 0.030885820444283493 0.059346077939983644
v -0.6049383724508348 0.030885820444283493 0.06646984950203083
v -0.6049383724508348 0.030885820444283493 0.07359362106407802
v -0.6049383724508348 0.030885820444283493 0.0807173926261252
v -0.6049383724508348 0.030885820444283493 0.0878411641881724
v -0.6049383724508348 0.030885820444283493 0.09496493575021958
v -0.6049383724508348 0.030885820444283493 0.10208870731226677
v -0.6049383724508348 0.030885820444283493 0.10921247887431396
v -0.6049383724508348 0.030885820444283493 0.11633625043636114
v -0.6049383724508348 0.030885820444283493 0.12346002199840833
v -0.6049383724508348 0.030885820444283493 0.13058379356045552
v -0.6049383724508348 0.030885820444283493 0.1377075651225027
v -0.6049383724508348 0.030885820444283493 0.1448313366845499
v -0.6049383724508348 0.030885820444283493 0.15195510824659708
v -0.6049383724508348 0.030885820444283493 0.15907887980864427
v -0.6049383724508348 0.030885820444283493 0.16620265137069146
v -0.6049383724508348 0.030885820444283493 0.17332642293273864
v -0.6049383724508348 0.030885820444283493 0.18045019449478583
v -0.6049383724508348 0.030885820444283493 0.18757396605683302
v -0.6049383724508348 0.030885820444283493 0.1946977376188802
v -0.6042459526380565 0.02882379261132774 -0.1971096982937151
v -0.6042459526380565 0.02882379261132774 -0.18998592673166792
v -0.6042459526380565 0.02882379261132774 -0.18286215516962073
v -0.6042459526380565 0.02882379261132774 -0.17573838360757355
v -0.6042459526380565 0.02882379261132774 -0.16861461204552636
v -0.6042459526380565 0.02882379261132774 -0.16149084048347917
v -0.6042459526380565 0.02882379261132774 -0.15436706892143198
v -0.6042459526380565 0.02882379261132774 -0.1472432973593848
v -0.6042459526380565 0.02882379261132774 -0.1401195257973376
v -0.6042459526380565 0.02882379261132774 -0.13299575423529042
v -0.6042459526380565 0.02882379261132774 -0.12587198267324323
v -0.6042459526380565 0.02882379261132774 -0.11874821111119604
v -0.6042459526380565 0.02882379261132774 -0.11162443954914886
v -0.6042459526380565 0.02882379261132774 -0.10450066798710167
v -0.6042459526380565 0.02882379261132774 -0.09737689642505448
v -0.6042459526380565 0.02882379261132774 -0.0902531248630073
v -0.6042459526380565 0.02882379261132774 -0.08312935330096011
v -0.6042459526380565 0.02882379261132774 -0.07600558173891292
v -0.6042459526380565 0.02882379261132774 -0.06888181017686573
v -0.6042459526380565 0.02882379261132774 -0.061758038614818545
v -0.6042459526380565 0.02882379261132774 -0.05463426705277136
v -0.6042459526380565 0.02882379261132774 -0.04751049549072417
v -0.6042459526380565 0.02882379261132774 -0.04038672392867698
v -0.6042459526380565 0.02882379261132774 -0.033262952366629794
v -0.6042459526380565 0.02882379261132774 -0.026139180804582607
v -0.6042459526380565 0.02882379261132774 -0.01901540924253542
v -0.6042459526380565 0.02882379261132774 -0.011891637680488232
v -0.6042459526380565 0.02882379261132774 -0.004767866118441044
v -0.6042459526380565 0.02882379261132774 0.0023559054436061433
v -0.6042459526380565 0.02882379261132774 0.00947967700565333
v -0.6042459526380565 0.02882379261132774 0.01660344856770052
v -0.6042459526380565 0.02882379261132774 0.023727220129747706
v -0.6042459526380565 0.02882379261132774 0.030850991691794893
v -0.6042459526380565 0.02882379261132774 0.03797476325384208
v -0.6042459526380565 0.02882379261132774 0.04509853481588927
v -0.6042459526380565 0.02882379261132774 0.052222306377936456
v -0.6042459526380565 0.02882379261132774 0.059346077939983644
v -0.6042459526380565 0.02882379261132774 0.06646984950203083
v -0.6042459526380565 0.02882379261132774 0.07359362106407802
v -0.6042459526380565 0.02882379261132774 0.0807173926261252
v -0.6042459526380565 0.02882379261132774 0.0878411641881724
v -0.6042459526380565 0.02882379261132774 0.09496493575021958
v -0.6042459526380565 0.02882379261132774 0.10208870731226677
v -0.6042459526380565 0.02882379261132774 0.10921247887431396
v -0.6042459526380565 0.02882379261132774 0.11633625043636114
v -0.6042459526380565 0.02882379261132774 0.12346002199840833
v -0.6042459526380565 0.02882379261132774 0.13058379356045552
v -0.6042459526380565 0.02882379261132774 0.1377075651225027
v -0.6042459526380565 0.02882379261132774 0.1448313366845499
v -0.6042459526380565 0.02882379261132774 0.15195510824659708
v -0.6042459526380565 0.02882379261132774 0.15907887980864427
v -0.6042459526380565 0.02882379261132774 0.16620265137069146
v -0.6042459526380565 0.02882379261132774 0.17332642293273864
v -0.6042459526380565 0.02882379261132774 0.18045019449478583
v -0.6042459526380565 0.02882379261132774 0.18757396605683302
v -0.6042459526380565 0.02882379261132774 0.1946977376188802
v -0.6040508630840559 -0.028166379885049664 -0.1971096982937151
v -0.6040508630840559 -0.028166379885049664 -0.18998592673166792
v -0.6040508630840559 -0.028166379885049664 -0.18286215516962073
v -0.6040508630840559 -0.028166379885049664 -0.17573838360757355
v -0.6040508630840559 -0.028166379885049664 -0.16861461204552636
v -0.6040508630840559 -0.028166379885049664 -0.16149084048347917
v -0.6040508630840559 -0.028166379885049664 -0.15436706892143198
v -0.6040508630840559 -0.028166379885049664 -0.1472432973593848
v -0.6040508630840559 -0.028166379885049664 -0.1401195257973376
v -0.6040508630840559 -0.028166379885049664 -0.13299575423529042
v -0.6040508630840559 -0.028166379885049664 -0.12587198267324323
v -0.6040508630840559 -0.028166379885049664 -0.11874821111119604
v -0.6040508630840559 -0.028166379885049664 -0.11162443954914886
v -0.6040508630840559 -0.028166379885049664 -0.10450066798710167
v -0.6040508630840559 -0.028166379885049664 -0.09737689642505448
v -0.6040508630840559 -0.028166379885049664 -0.0902531248630073
v -0.6040508630840559 -0.028166379885049664 -0.08312935330096011
v -0.6040508630840559 -0.028166379885049664 -0.07600558173891292
v -0.6040508630840559 -0.028166379885049664 -0.06888181017686573
v -0.6040508630840559 -0.028166379885049664 -0.061758038614818545
v -0.6040508630840559 -0.028166379885049664 -0.05463426705277136
v -0.6040508630840559 -0.028166379885049664 -0.04751049549072417
v -0.6040508630840559 -0.028166379885049664 -0.04038672392867698
v -0.6040508630840559 -0.028166379885049664 -0.033262952366629794
v -0.6040508630840559 -0.028166379885049664 -0.026139180804582607
v -0.6040508630840559 -0.028166379885049664 -0.01901540924253542
v -0.6040508630840559 -0.028166379885049664 -0.011891637680488232
v -0.6040508630840559 -0.028166379885049664 -0.004767866118441044
v -0.6040508630840559 -0.028166379885049664 0.0023559054436061433
v -0.6040508630840559 -0.028166379885049664 0.00947967700565333
v -0.6040508630840559 -0.028166379885049664 0.01660344856770052
v -0.6040508630840559 -0.028166379885049664 0.023727220129747706
v -0.6040508630840559 -0.028166379885049664 0.030850991691794893
v -0.6040508630840559 -0.028166379885049664 0.03797476325384208
v -0.6040508630840559 -0.028166379885049664 0.04509853481588927
v -0.6040508630840559 -0.028166379885049664 0.052222306377936456
v -0.6040508630840559 -0.028166379885049664 0.059346077939983644
v -0.6040508630840559 -0.028166379885049664 0.06646984950203083
v -0.6040508630840559 -0.028166379885049664 0.07359362106407802
v -0.6040508630840559 -0.028166379885049664 0.0807173926261252
v -0.6040508630840559 -0.028166379885049664 0.0878411641881724
v -0.6040508630840559 -0.028166379885049664 0.09496493575021958
v -0.6040508630840559 -0.028166379885049664 0.10208870731226677
v -0.6040508630840559 -0.028166379885049664 0.10921247887431396
v -0.6040508630840559 -0.028166379885049664 0.11633625043636114
v -0.6040508630840559 -0.028166379885049664 0.12346002199840833
v -0.6040508630840559 -0.028166379885049664 0.13058379356045552
v -0.6040508630840559 -0.028166379885049664 0.1377075651225027
v -0.6040508630840559 -0.028166379885049664 0.1448313366845499
v -0.6040508630840559 -0.028166379885049664 0.15195510824659708
v -0.6040508630840559 -0.028166379885049664 0.15907887980864427
v -0.6040508630840559 -0.028166379885049664 0.16620265137069146
v -0.6040508630840559 -0.028166379885049664 0.17332642293273864
v -0.6040508630840559 -0.028166379885049664 0.18045019449478583
v -0.6040508630840559 -0.028166379885049664 0.18757396605683302
v -0.6040508630840559 -0.028166379885049664 0.1946977376188802
v -0.6023856043043367 0.021700021049280552 -0.1971096982937151
v -0.6023856043043367 0.021700021049280552 -0.18998592673166792
v -0.6023856043043367 0.021700021049280552 -0.18286215516962073
v -0.6023856043043367 0.021700021049280552 -0.17573838360757355
v -0.6023856043043367 0.021700021049280552 -0.16861461204552636
v -0.6023856043043367 0.021700021049280552 -0.16149084048347917
v -0.6023856043043367 0.021700021049280552 -0.15436706892143198
v -0.6023856043043367 0.021700021049280552 -0.1472432973593848
v -0.6023856043043367 0.021700021049280552 -0.1401195257973376
v -0.6023856043043367 0.021700021049280552 -0.13299575423529042
v -0.6023856043043367 0.021700021049280552 -0.12587198267324323
v -0.6023856043043367 0.021700021049280552 -0.11874821111119604
v -0.6023856043043367 0.021700021049280552 -0.11162443954914886
v -0.6023856043043367 0.021700021049280552 -0.10450066798710167
v -0.6023856043043367 0.021700021049280552 -0.09737689642505448
v -0.6023856043043367 0.021700021049280552 -0.0902531248630073
v -0.6023856043043367 0.021700021049280552 -0.08312935330096011
v -0.6023856043043367 0.021700021049280552 -0.07600558173891292
v -0.6023856043043367 0.021700021049280552 -0.06888181017686573
v -0.6023856043043367 0.021700021049280552 -0.061758038614818545
v -0.6023856043043367 0.021700021049280552 -0.05463426705277136
v -0.6023856043043367 0.021700021049280552 -0.04751049549072417
v -0.6023856043043367 0.021700021049280552 -0.04038672392867698
v -0.6023856043043367 0.021700021049280552 -0.033262952366629794
v -0.6023856043043367 0.021700021049280552 -0.026139180804582607
v -0.6023856043043367 0.021700021049280552 -0.01901540924253542
v -0.6023856043043367 0.021700021049280552 -0.011891637680488232
v -0.6023856043043367 0.021700021049280552 -0.004767866118441044
v -0.6023856043043367 0.021700021049280552 0.0023559054436061433
v -0.6023856043043367 0.021700021049280552 0.00947967700565333
v -0.6023856043043367 0.021700021049280552 0.01660344856770052
v -0.6023856043043367 0.021700021049280552 0.023727220129747706
v -0.6023856043043367 0.021700021049280552 0.030850991691794893
v -0.6023856043043367 0.021700021049280552 0.03797476325384208
v -0.6023856043043367 0.021700021049280552 0.04509853481588927
v -0.6023856043043367 0.021700021049280552 0.052222306377936456
v -0.6023856043043367 0.021700021049280552 0.059346077939983644
v -0.6023856043043367 0.021700021049280552 0.06646984950203083
v -0.6023856043043367 0.021700021049280552 0.07359362106407802
v -0.6023856043043367 0.021700021049280552 0.0807173926261252
v -0.6023856043043367 0.021700021049280552 0.0878411641881724
v -0.6023856043043367 0.021700021049280552 0.09496493575021958
v -0.6023856043043367 0.021700021049280552 0.10208870731226677
v -0.6023856043043367 0.021700021049280552 0.10921247887431396
v -0.6023856043043367 0.021700021049280552 0.11633625043636114
v -0.6023856043043367 0.021700021049280552 0.12346002199840833
v -0.6023856043043367 0.021700021049280552 0.13058379356045552
v -0.6023856043043367 0.021700021049280552 0.1377075651225027
v -0.6023856043043367 0.021700021049280552 0.1448313366845499
v -0.6023856043043367 0.021700021049280552 0.15195510824659708
v -0.6023856043043367 0.021700021049280552 0.15907887980864427
v -0.6023856043043367 0.021700021049280552 0.16620265137069146
v -0.6023856043043367 0.021700021049280552 0.17332642293273864
v -0.6023856043043367 0.021700021049280552 0.18045019449478583
v -0.6023856043043367 0.021700021049280552 0.18757396605683302
v -0.6023856043043367 0.021700021049280552 0.1946977376188802
v -0.6022416853354013 -0.02104260832300249 -0.1971096982937151
v -0.6022416853354013 -0.02104260832300249 -0.18998592673166792
v -0.6022416853354013 -0.02104260832300249 -0.18286215516962073
v -0.6022416853354013 -0.02104260832300249 -0.17573838360757355
v -0.6022416853354013 -0.02104260832300249 -0.16861461204552636
v -0.6022416853354013 -0.02104260832300249 -0.16149084048347917
v -0.6022416853354013 -0.02104260832300249 -0.15436706892143198
v -0.6022416853354013 -0.02104260832300249 -0.1472432973593848
v -0.6022416853354013 -0.02104260832300249 -0.1401195257973376
v -0.6022416853354013 -0.02104260832300249 -0.13299575423529042
v -0.6022416853354013 -0.02104260832300249 -0.12587198267324323
v -0.6022416853354013 -0.02104260832300249 -0.11874821111119604
v -0.6022416853354013 -0.02104260832300249 -0.11162443954914886
v -0.6022416853354013 -0.02104260832300249 -0.10450066798710167
v -0.6022416853354013 -0.02104260832300249 -0.09737689642505448
v -0.6022416853354013 -0.02104260832300249 -0.0902531248630073
v -0.6022416853354013 -0.02104260832300249 -0.08312935330096011
v -0.6022416853354013 -0.02104260832300249 -0.07600558173891292
v -0.6022416853354013 -0.02104260832300249 -0.06888181017686573
v -0.6022416853354013 -0.02104260832300249 -0.061758038614818545
v -0.6022416853354013 -0.02104260832300249 -0.05463426705277136
v -0.6022416853354013 -0.02104260832300249 -0.04751049549072417
v -0.6022416853354013 -0.02104260832300249 -0.04038672392867698
v -0.6022416853354013 -0.02104260832300249 -0.033262952366629794
v -0.6022416853354013 -0.02104260832300249 -0.026139180804582607
v -0.6022416853354013 -0.02104260832300249 -0.01901540924253542
v -0.6022416853354013 -0.02104260832300249 -0.011891637680488232
v -0.6022416853354013 -0.02104260832300249 -0.004767866118441044
v -0.6022416853354013 -0.02104260832300249 0.0023559054436061433
v -0.6022416853354013 -0.02104260832300249 0.00947967700565333
v -0.6022416853354013 -0.02104260832300249 0.01660344856770052
v -0.6022416853354013 -0.02104260832300249 0.023727220129747706
v -0.6022416853354013 -0.02104260832300249 0.030850991691794893
v -0.6022416853354013 -0.02104260832300249 0.03797476325384208
v -0.6022416853354013 -0.02104260832300249 0.04509853481588927
v -0.6022416853354013 -0.02104260832300249 0.052222306377936456
v -0.6022416853354013 -0.02104260832300249 0.059346077939983644
v -0.6022416853354013 -0.02104260832300249 0.06646984950203083
v -0.6022416853354013 -0.02104260832300249 0.07359362106407802
v -0.6022416853354013 -0.02104260832300249 0.0807173926261252
v -0.6022416853354013 -0.02104260832300249 0.0878411641881724
v -0.6022416853354013 -0.02104260832300249 0.09496493575021958
v -0.6022416853354013 -0.02104260832300249 0.10208870731226677
v -0.6022416853354013 -0.02104260832300249 0.10921247887431396
v -0.6022416853354013 -0.02104260832300249 0.11633625043636114
v -0.6022416853354013 -0.02104260832300249 0.12346002199840833
v -0.6022416853354013 -0.02104260832300249 0.13058379356045552
v -0.6022416853354013 -0.02104260832300249 0.1377075651225027
v -0.6022416853354013 -0.02104260832300249 0.1448313366845499
v -0.6022416853354013 -0.02104260832300249 0.15195510824659708
v -0.6022416853354013 -0.02104260832300249 0.15907887980864427
v -0.6022416853354013 -0.02104260832300249 0.16620265137069146
v -0.6022416853354013 -0.02104260832300249 0.17332642293273864
v -0.6022416853354013 -0.02104260832300249 0.18045019449478583
v -0.6022416853354013 -0.02104260832300249 0.18757396605683302
v -0.6022416853354013 -0.02104260832300249 0.1946977376188802
v -0.6015685597952711 0.014576249487233364 -0.1971096982937151
v -0.6015177288981046 -0.013918836760955317 -0.1971096982937151
v -0.6010877111933399 0.0074524779251862044 -0.1971096982937151
v -0.6010693952218402 0.014576249487233364 -0.18998592673166792
v -0.6010693952218402 0.014576249487233364 -0.18286215516962073
v -0.6010693952218402 0.014576249487233364 -0.17573838360757355
v -0.6010693952218402 0.014576249487233364 -0.16861461204552636
v -0.6010693952218402 0.014576249487233364 -0.16149084048347917
v -0.6010693952218402 0.014576249487233364 -0.15436706892143198
v -0.6010693952218402 0.014576249487233364 -0.1472432973593848
v -0.6010693952218402 0.014576249487233364 -0.1401195257973376
v -0.6010693952218402 0.014576249487233364 -0.13299575423529042
v -0.6010693952218402 0.014576249487233364 -0.12587198267324323
v -0.6010693952218402 0.014576249487233364 -0.11874821111119604
v -0.6010693952218402 0.014576249487233364 -0.11162443954914886
v -0.6010693952218402 0.014576249487233364 -0.10450066798710167
v -0.6010693952218402 0.014576249487233364 -0.09737689642505448
v -0.6010693952218402 0.014576249487233364 -0.0902531248630073
v -0.6010693952218402 0.014576249487233364 -0.08312935330096011
v -0.6010693952218402 0.014576249487233364 -0.07600558173891292
v -0.6010693952218402 0.014576249487233364 -0.06888181017686573
v -0.6010693952218402 0.014576249487233364 -0.061758038614818545
v -0.6010693952218402 0.014576249487233364 -0.05463426705277136
v -0.6010693952218402 0.014576249487233364 -0.04751049549072417
v -0.6010693952218402 0.014576249487233364 -0.04038672392867698
v -0.6010693952218402 0.014576249487233364 -0.033262952366629794
v -0.6010693952218402 0.014576249487233364 -0.026139180804582607
v -0.6010693952218402 0.014576249487233364 -0.01901540924253542
v -0.6010693952218402 0.014576249487233364 -0.011891637680488232
v -0.6010693952218402 0.014576249487233364 -0.004767866118441044
v -0.6010693952218402 0.014576249487233364 0.0023559054436061433
v -0.6010693952218402 0.014576249487233364 0.00947967700565333
v -0.6010693952218402 0.014576249487233364 0.01660344856770052
v -0.6010693952218402 0.014576249487233364 0.023727220129747706
v -0.6010693952218402 0.014576249487233364 0.030850991691794893
v -0.6010693952218402 0.014576249487233364 0.03797476325384208
v -0.6010693952218402 0.014576249487233364 0.04509853481588927
v -0.6010693952218402 0.014576249487233364 0.052222306377936456
v -0.6010693952218402 0.014576249487233364 0.059346077939983644
v -0.6010693952218402 0.014576249487233364 0.06646984950203083
v -0.6010693952218402 0.014576249487233364 0.07359362106407802
v -0.6010693952218402 0.014576249487233364 0.0807173926261252
v -0.6010693952218402 0.014576249487233364 0.0878411641881724
v -0.6010693952218402 0.014576249487233364 0.09496493575021958
v -0.6010693952218402 0.014576249487233364 0.10208870731226677
v -0.6010693952218402 0.014576249487233364 0.10921247887431396
v -0.6010693952218402 0.014576249487233364 0.11633625043636114
v -0.6010693952218402 0.014576249487233364 0.12346002199840833
v -0.6010693952218402 0.014576249487233364 0.13058379356045552
v -0.6010693952218402 0.014576249487233364 0.1377075651225027
v -0.6010693952218402 0.014576249487233364 0.1448313366845499
v -0.6010693952218402 0.014576249487233364 0.15195510824659708
v -0.6010693952218402 0.014576249487233364 0.15907887980864427
v -0.6010693952218402 0.014576249487233364 0.16620265137069146
v -0.6010693952218402 0.014576249487233364 0.17332642293273864
v -0.6010693952218402 0.014576249487233364 0.18045019449478583
v -0.6010693952218402 0.014576249487233364 0.18757396605683302
v -0.6010693952218402 0.014576249487233364 0.1946977376188802
v -0.6010545033043597 -0.006795065198908143 -0.1971096982937151
v -0.6009746494731255 -0.013918836760955317 -0.18998592673166792
v -0.6009746494731255 -0.013918836760955317 -0.18286215516962073
v -0.6009746494731255 -0.013918836760955317 -0.17573838360757355
v -0.6009746494731255 -0.013918836760955317 -0.16861461204552636
v -0.6009746494731255 -0.013918836760955317 -0.16149084048347917
v -0.6009746494731255 -0.013918836760955317 -0.15436706892143198
v -0.6009746494731255 -0.013918836760955317 -0.1472432973593848
v -0.6009746494731255 -0.013918836760955317 -0.1401195257973376
v -0.6009746494731255 -0.013918836760955317 -0.13299575423529042
v -0.6009746494731255 -0.013918836760955317 -0.12587198267324323
v -0.6009746494731255 -0.013918836760955317 -0.11874821111119604
v -0.6009746494731255 -0.013918836760955317 -0.11162443954914886
v -0.6009746494731255 -0.013918836760955317 -0.10450066798710167
v -0.6009746494731255 -0.013918836760955317 -0.09737689642505448
v -0.6009746494731255 -0.013918836760955317 -0.0902531248630073
v -0.6009746494731255 -0.013918836760955317 -0.08312935330096011
v -0.6009746494731255 -0.013918836760955317 -0.07600558173891292
v -0.6009746494731255 -0.013918836760955317 -0.06888181017686573
v -0.6009746494731255 -0.013918836760955317 -0.061758038614818545
v -0.6009746494731255 -0.013918836760955317 -0.05463426705277136
v -0.6009746494731255 -0.013918836760955317 -0.04751049549072417
v -0.6009746494731255 -0.013918836760955317 -0.04038672392867698
v -0.6009746494731255 -0.013918836760955317 -0.033262952366629794
v -0.6009746494731255 -0.013918836760955317 -0.026139180804582607
v -0.6009746494731255 -0.013918836760955317 -0.01901540924253542
v -0.6009746494731255 -0.013918836760955317 -0.011891637680488232
v -0.6009746494731255 -0.013918836760955317 -0.004767866118441044
v -0.6009746494731255 -0.013918836760955317 0.0023559054436061433
v -0.6009746494731255 -0.013918836760955317 0.00947967700565333
v -0.6009746494731255 -0.013918836760955317 0.01660344856770052
v -0.6009746494731255 -0.013918836760955317 0.023727220129747706
v -0.6009746494731255 -0.013918836760955317 0.030850991691794893
v -0.6009746494731255 -0.013918836760955317 0.03797476325384208
v -0.6009746494731255 -0.013918836760955317 0.04509853481588927
v -0.6009746494731255 -0.013918836760955317 0.052222306377936456
v -0.6009746494731255 -0.013918836760955317 0.059346077939983644
v -0.6009746494731255 -0.013918836760955317 0.06646984950203083
v -0.6009746494731255 -0.013918836760955317 0.07359362106407802
v -0.6009746494731255 -0.013918836760955317 0.0807173926261252
v -0.6009746494731255 -0.013918836760955317 0.0878411641881724
v -0.6009746494731255 -0.013918836760955317 0.09496493575021958
v -0.6009746494731255 -0.013918836760955317 0.10208870731226677
v -0.6009746494731255 -0.013918836760955317 0.10921247887431396
v -0.6009746494731255 -0.013918836760955317 0.11633625043636114
v -0.6009746494731255 -0.013918836760955317 0.12346002199840833
v -0.6009746494731255 -0.013918836760955317 0.13058379356045552
v -0.6009746494731255 -0.013918836760955317 0.1377075651225027
v -0.6009746494731255 -0.013918836760955317 0.1448313366845499
v -0.6009746494731255 -0.013918836760955317 0.15195510824659708
v -0.6009746494731255 -0.013918836760955317 0.15907887980864427
v -0.6009746494731255 -0.013918836760955317 0.16620265137069146
v -0.6009746494731255 -0.013918836760955317 0.17332642293273864
v -0.6009746494731255 -0.013918836760955317 0.18045019449478583
v -0.6009746494731255 -0.013918836760955317 0.18757396605683302
v -0.6009746494731255 -0.013918836760955317 0.1946977376188802
v -0.600882240777154 0.0003287063631390308 -0.1971096982937151
v -0.6002784115683654 0.0074524779251862044 -0.18998592673166792
v -0.6002784115683654 0.0074524779251862044 -0.18286215516962073
v -0.6002784115683654 0.0074524779251862044 -0.17573838360757355
v -0.6002784115683654 0.0074524779251862044 -0.16861461204552636
v -0.6002784115683654 0.0074524779251862044 -0.16149084048347917
v -0.6002784115683654 0.0074524779251862044 -0.15436706892143198
v -0.6002784115683654 0.0074524779251862044 -0.1472432973593848
v -0.6002784115683654 0.0074524779251862044 -0.1401195257973376
v -0.6002784115683654 0.0074524779251862044 -0.13299575423529042
v -0.6002784115683654 0.0074524779251862044 -0.12587198267324323
v -0.6002784115683654 0.0074524779251862044 -0.11874821111119604
v -0.6002784115683654 0.0074524779251862044 -0.11162443954914886
v -0.6002784115683654 0.0074524779251862044 -0.10450066798710167
v -0.6002784115683654 0.0074524779251862044 -0.09737689642505448
v -0.6002784115683654 0.0074524779251862044 -0.0902531248630073
v -0.6002784115683654 0.0074524779251862044 -0.08312935330096011
v -0.6002784115683654 0.0074524779251862044 -0.07600558173891292
v -0.6002784115683654 0.0074524779251862044 -0.06888181017686573
v -0.6002784115683654 0.0074524779251862044 -0.061758038614818545
v -0.6002784115683654 0.0074524779251862044 -0.05463426705277136
v -0.6002784115683654 0.0074524779251862044 -0.04751049549072417
v -0.6002784115683654 0.0074524779251862044 -0.04038672392867698
v -0.6002784115683654 0.0074524779251862044 -0.033262952366629794
v -0.6002784115683654 0.0074524779251862044 -0.026139180804582607
v -0.6002784115683654 0.0074524779251862044 -0.01901540924253542
v -0.6002784115683654 0.0074524779251862044 -0.011891637680488232
v -0.6002784115683654 0.0074524779251862044 -0.004767866118441044
v -0.6002784115683654 0.0074524779251862044 0.0023559054436061433
v -0.6002784115683654 0.0074524779251862044 0.00947967700565333
v -0.6002784115683654 0.0074524779251862044 0.01660344856770052
v -0.6002784115683654 0.0074524779251862044 0.023727220129747706
v -0.6002784115683654 0.0074524779251862044 0.030850991691794893
v -0.6002784115683654 0.0074524779251862044 0.03797476325384208
v -0.6002784115683654 0.0074524779251862044 0.04509853481588927
v -0.6002784115683654 0.0074524779251862044 0.052222306377936456
v -0.6002784115683654 0.0074524779251862044 0.059346077939983644
v -0.6002784115683654 0.0074524779251862044 0.06646984950203083
v -0.6002784115683654 0.0074524779251862044 0.07359362106407802
v -0.6002784115683654 0.0074524779251862044 0.0807173926261252
v -0.6002784115683654 0.0074524779251862044 0.0878411641881724
v -0.6002784115683654 0.0074524779251862044 0.09496493575021958
v -0.6002784115683654 0.0074524779251862044 0.10208870731226677
v -0.6002784115683654 0.0074524779251862044 0.10921247887431396
v -0.6002784115683654 0.0074524779251862044 0.11633625043636114
v -0.6002784115683654 0.0074524779251862044 0.12346002199840833
v -0.6002784115683654 0.0074524779251862044 0.13058379356045552
v -0.6002784115683654 0.0074524779251862044 0.1377075651225027
v -0.6002784115683654 0.0074524779251862044 0.1448313366845499
v -0.6002784115683654 0.0074524779251862044 0.15195510824659708
v -0.6002784115683654 0.0074524779251862044 0.15907887980864427
v -0.6002784115683654 0.0074524779251862044 0.16620265137069146
v -0.6002784115683654 0.0074524779251862044 0.17332642293273864
v -0.6002784115683654 0.0074524779251862044 0.18045019449478583
v -0.6002784115683654 0.0074524779251862044 0.18757396605683302
v -0.6002784115683654 0.0074524779251862044 0.1946977376188802
v -0.6002313987631807 -0.006795065198908143 -0.18998592673166792
v -0.6002313987631807 -0.006795065198908143 -0.18286215516962073
v -0.6002313987631807 -0.006795065198908143 -0.17573838360757355
v -0.6002313987631807 -0.006795065198908143 -0.16861461204552636
v -0.6002313987631807 -0.006795065198908143 -0.16149084048347917
v -0.6002313987631807 -0.006795065198908143 -0.15436706892143198
v -0.6002313987631807 -0.006795065198908143 -0.1472432973593848
v -0.6002313987631807 -0.006795065198908143 -0.1401195257973376
v -0.6002313987631807 -0.006795065198908143 -0.13299575423529042
v -0.6002313987631807 -0.006795065198908143 -0.12587198267324323
v -0.6002313987631807 -0.006795065198908143 -0.11874821111119604
v -0.6002313987631807 -0.006795065198908143 -0.11162443954914886
v -0.6002313987631807 -0.006795065198908143 -0.10450066798710167
v -0.6002313987631807 -0.006795065198908143 -0.09737689642505448
v -0.6002313987631807 -0.006795065198908143 -0.0902531248630073
v -0.6002313987631807 -0.006795065198908143 -0.08312935330096011
v -0.6002313987631807 -0.006795065198908143 -0.07600558173891292
v -0.6002313987631807 -0.006795065198908143 -0.06888181017686573
v -0.6002313987631807 -0.006795065198908143 -0.061758038614818545
v -0.6002313987631807 -0.006795065198908143 -0.05463426705277136
v -0.6002313987631807 -0.006795065198908143 -0.04751049549072417
v -0.6002313987631807 -0.006795065198908143 -0.04038672392867698
v -0.6002313987631807 -0.006795065198908143 -0.033262952366629794
v -0.6002313987631807 -0.006795065198908143 -0.026139180804582607
v -0.6002313987631807 -0.006795065198908143 -0.01901540924253542
v -0.6002313987631807 -0.006795065198908143 -0.011891637680488232
v -0.6002313987631807 -0.006795065198908143 -0.004767866118441044
v -0.6002313987631807 -0.006795065198908143 0.0023559054436061433
v -0.6002313987631807 -0.006795065198908143 0.00947967700565333
v -0.6002313987631807 -0.006795065198908143 0.01660344856770052
v -0.6002313987631807 -0.006795065198908143 0.023727220129747706
v -0.6002313987631807 -0.006795065198908143 0.030850991691794893
v -0.6002313987631807 -0.006795065198908143 0.03797476325384208
v -0.6002313987631807 -0.006795065198908143 0.04509853481588927
v -0.6002313987631807 -0.006795065198908143 0.052222306377936456
v -0.6002313987631807 -0.006795065198908143 0.059346077939983644
v -0.6002313987631807 -0.006795065198908143 0.06646984950203083
v -0.6002313987631807 -0.006795065198908143 0.07359362106407802
v -0.6002313987631807 -0.006795065198908143 0.0807173926261252
v -0.6002313987631807 -0.006795065198908143 0.0878411641881724
v -0.6002313987631807 -0.006795065198908143 0.09496493575021958
v -0.6002313987631807 -0.006795065198908143 0.10208870731226677
v -0.6002313987631807 -0.006795065198908143 0.10921247887431396
v -0.6002313987631807 -0.006795065198908143 0.11633625043636114
v -0.6002313987631807 -0.006795065198908143 0.12346002199840833
v -0.6002313987631807 -0.006795065198908143 0.13058379356045552
v -0.6002313987631807 -0.006795065198908143 0.1377075651225027
v -0.6002313987631807 -0.006795065198908143 0.1448313366845499
v -0.6002313987631807 -0.006795065198908143 0.15195510824659708
v -0.6002313987631807 -0.006795065198908143 0.15907887980864427
v -0.6002313987631807 -0.006795065198908143 0.16620265137069146
v -0.6002313987631807 -0.006795065198908143 0.17332642293273864
v -0.6002313987631807 -0.006795065198908143 0.18045019449478583
v -0.6002313987631807 -0.006795065198908143 0.18757396605683302
v -0.6002313987631807 -0.006795065198908143 0.1946977376188802
v -0.6000005468672014 0.0003287063631390308 -0.18998592673166792
v -0.6000005468672014 0.0003287063631390308 -0.18286215516962073
v -0.6000005468672014 0.0003287063631390308 -0.17573838360757355
v -0.6000005468672014 0.0003287063631390308 -0.16861461204552636
v -0.6000005468672014 0.0003287063631390308 -0.16149084048347917
v -0.6000005468672014 0.0003287063631390308 -0.15436706892143198
v -0.6000005468672014 0.0003287063631390308 -0.1472432973593848
v -0.6000005468672014 0.0003287063631390308 -0.1401195257973376
v -0.6000005468672014 0.0003287063631390308 -0.13299575423529042
v -0.6000005468672014 0.0003287063631390308 -0.12587198267324323
v -0.6000005468672014 0.0003287063631390308 -0.11874821111119604
v -0.6000005468672014 0.0003287063631390308 -0.11162443954914886
v -0.6000005468672014 0.0003287063631390308 -0.10450066798710167
v -0.6000005468672014 0.0003287063631390308 -0.09737689642505448
v -0.6000005468672014 0.0003287063631390308 -0.0902531248630073
v -0.6000005468672014 0.0003287063631390308 -0.08312935330096011
v -0.6000005468672014 0.0003287063631390308 -0.07600558173891292
v -0.6000005468672014 0.0003287063631390308 -0.06888181017686573
v -0.6000005468672014 0.0003287063631390308 -0.061758038614818545
v -0.6000005468672014 0.0003287063631390308 -0.05463426705277136
v -0.6000005468672014 0.0003287063631390308 -0.04751049549072417
v -0.6000005468672014 0.0003287063631390308 -0.04038672392867698
v -0.6000005468672014 0.0003287063631390308 -0.033262952366629794
v -0.6000005468672014 0.0003287063631390308 -0.026139180804582607
v -0.6000005468672014 0.0003287063631390308 -0.01901540924253542
v -0.6000005468672014 0.0003287063631390308 -0.011891637680488232
v -0.6000005468672014 0.0003287063631390308 -0.004767866118441044
v -0.6000005468672014 0.0003287063631390308 0.0023559054436061433
v -0.6000005468672014 0.0003287063631390308 0.00947967700565333
v -0.6000005468672014 0.0003287063631390308 0.01660344856770052
v -0.6000005468672014 0.0003287063631390308 0.023727220129747706
v -0.6000005468672014 0.0003287063631390308 0.030850991691794893
v -0.6000005468672014 0.0003287063631390308 0.03797476325384208
v -0.6000005468672014 0.0003287063631390308 0.04509853481588927
v -0.6000005468672014 0.0003287063631390308 0.052222306377936456
v -0.6000005468672014 0.0003287063631390308 0.059346077939983644
v -0.6000005468672014 0.0003287063631390308 0.06646984950203083
v -0.6000005468672014 0.0003287063631390308 0.07359362106407802
v -0.6000005468672014 0.0003287063631390308 0.0807173926261252
v -0.6000005468672014 0.0003287063631390308 0.0878411641881724
v -0.6000005468672014 0.0003287063631390308 0.09496493575021958
v -0.6000005468672014 0.0003287063631390308 0.10208870731226677
v -0.6000005468672014 0.0003287063631390308 0.10921247887431396
v -0.6000005468672014 0.0003287063631390308 0.11633625043636114
v -0.6000005468672014 0.0003287063631390308 0.12346002199840833
v -0.6000005468672014 0.0003287063631390308 0.13058379356045552
v -0.6000005468672014 0.0003287063631390308 0.1377075651225027
v -0.6000005468672014 0.0003287063631390308 0.1448313366845499
v -0.6000005468672014 0.0003287063631390308 0.15195510824659708
v -0.6000005468672014 0.0003287063631390308 0.15907887980864427
v -0.6000005468672014 0.0003287063631390308 0.16620265137069146
v -0.6000005468672014 0.0003287063631390308 0.17332642293273864
v -0.6000005468672014 0.0003287063631390308 0.18045019449478583
v -0.6000005468672014 0.0003287063631390308 0.18757396605683302
v -0.6000005468672014 0.0003287063631390308 0.1946977376188802
f 449 393 281
f 394 282 281
f 394 281 393
f 395 283 282
f 395 282 394
f 396 284 283
f 396 283 395
f 397 285 284
f 397 284 396
f 398 286 285
f 398 285 397
f 399 287 286
f 399 286 398
f 400 288 287
f 400 287 399
f 401 289 288
f 401 288 400
f 402 290 289
f 402 289 401
f 403 291 290
f 403 290 402
f 404 292 291
f 404 291 403
f 405 293 292
f 405 292 404
f 406 294 293
f 406 293 405
f 407 295 294
f 407 294 406
f 408 296 295
f 408 295 407
f 409 297 296
f 409 296 408
f 410 298 297
f 410 297 409
f 411 299 298
f 411 298 410
f 412 300 299
f 412 299 411
f 413 301 300
f 413 300 412
f 414 302 301
f 414 301 413
f 415 303 302
f 415 302 414
f 416 304 303
f 416 303 415
f 417 305 304
f 417 304 416
f 418 306 305
f 418 305 417
f 419 307 306
f 419 306 418
f 420 308 307
f 420 307 419
f 421 309 308
f 421 308 420
f 422 310 309
f 422 309 421
f 423 311 310
f 423 310 422
f 449 281 169
f 449 169 451
f 170 281 282
f 169 281 170
f 171 282 283
f 170 282 171
f 172 283 284
f 171 283 172
f 173 284 285
f 172 284 173
f 174 285 286
f 173 285 174
f 175 286 287
f 174 286 175
f 176 287 288
f 175 287 176
f 177 288 289
f 176 288 177
f 178 289 290
f 177 289 178
f 179 290 291
f 178 290 179
f 180 291 292
f 179 291 180
f 181 292 293
f 180 292 181
f 182 293 294
f 181 293 182
f 183 294 295
f 182 294 183
f 184 295 296
f 183 295 184
f 185 296 297
f 184 296 185
f 186 297 298
f 185 297 186
f 187 298 299
f 186 298 187
f 188 299 300
f 187 299 188
f 189 300 301
f 188 300 189
f 190 301 302
f 189 301 190
f 191 302 303
f 190 302 191
f 192 303 304
f 191 303 192
f 193 304 305
f 192 304 193
f 194 305 306
f 193 305 194
f 195 306 307
f 194 306 195
f 196 307 308
f 195 307 196
f 197 308 309
f 196 308 197
f 198 309 310
f 197 309 198
f 199 310 311
f 198 310 199
f 451 169 57
f 451 57 453
f 58 169 170
f 57 169 58
f 59 170 171
f 58 170 59
f 60 171 172
f 59 171 60
f 61 172 173
f 60 172 61
f 62 173 174
f 61 173 62
f 63 174 175
f 62 174 63
f 64 175 176
f 63 175 64
f 65 176 177
f 64 176 65
f 66 177 178
f 65 177 66
f 67 178 179
f 66 178 67
f 68 179 180
f 67 179 68
f 69 180 181
f 68 180 69
f 70 181 182
f 69 181 70
f 71 182 183
f 70 182 71
f 72 183 184
f 71 183 72
f 73 184 185
f 72 184 73
f 74 185 186
f 73 185 74
f 75 186 187
f 74 186 75
f 76 187 188
f 75 187 76
f 77 188 189
f 76 188 77
f 78 189 190
f 77 189 78
f 79 190 191
f 78 190 79
f 80 191 192
f 79 191 80
f 81 192 193
f 80 192 81
f 82 193 194
f 81 193 82
f 83 194 195
f 82 194 83
f 84 195 196
f 83 195 84
f 85 196 197
f 84 196 85
f 86 197 198
f 85 197 86
f 87 198 199
f 86 198 87
f 453 57 1
f 453 1 455
f 2 57 58
f 1 57 2
f 3 58 59
f 2 58 3
f 4 59 60
f 3 59 4
f 5 60 61
f 4 60 5
f 6 61 62
f 5 61 6
f 7 62 63
f 6 62 7
f 8 63 64
f 7 63 8
f 9 64 65
f 8 64 9
f 10 65 66
f 9 65 10
f 11 66 67
f 10 66 11
f 12 67 68
f 11 67 12
f 13 68 69
f 12 68 13
f 14 69 70
f 13 69 14
f 15 70 71
f 14 70 15
f 16 71 72
f 15 71 16
f 17 72 73
f 16 72 17
f 18 73 74
f 17 73 18
f 19 74 75
f 18 74 19
f 20 75 76
f 19 75 20
f 21 76 77
f 20 76 21
f 22 77 78
f 21 77 22
f 23 78 79
f 22 78 23
f 24 79 80
f 23 79 24
f 25 80 81
f 24 80 25
f 26 81 82
f 25 81 26
f 27 82 83
f 26 82 27
f 28 83 84
f 27 83 28
f 29 84 85
f 28 84 29
f 30 85 86
f 29 85 30
f 31 86 87
f 30 86 31
f 455 1 113
f 455 113 457
f 114 1 2
f 113 1 114
f 115 2 3
f 114 2 115
f 116 3 4
f 115 3 116
f 117 4 5
f 116 4 117
f 118 5 6
f 117 5 118
f 119 6 7
f 118 6 119
f 120 7 8
f 119 7 120
f 121 8 9
f 120 8 121
f 122 9 10
f 121 9 122
f 123 10 11
f 122 10 123
f 124 11 12
f 123 11 124
f 125 12 13
f 124 12 125
f 126 13 14
f 125 13 126
f 127 14 15
f 126 14 127
f 128 15 16
f 127 15 128
f 129 16 17
f 128 16 129
f 130 17 18
f 129 17 130
f 131 18 19
f 130 18 131
f 132 19 20
f 131 19 132
f 133 20 21
f 132 20 133
f 134 21 22
f 133 21 134
f 135 22 23
f 134 22 135
f 136 23 24
f 135 23 136
f 137 24 25
f 136 24 137
f 138 25 26
f 137 25 138
f 139 26 27
f 138 26 139
f 140 27 28
f 139 27 140
f 141 28 29
f 140 28 141
f 142 29 30
f 141 29 142
f 143 30 31
f 142 30 143
f 457 113 225
f 457 225 459
f 226 113 114
f 225 113 226
f 227 114 115
f 226 114 227
f 228 115 116
f 227 115 228
f 229 116 117
f 228 116 229
f 230 117 118
f 229 117 230
f 231 118 119
f 230 118 231
f 232 119 120
f 231 119 232
f 233 120 121
f 232 120 233
f 234 121 122
f 233 121 234
f 235 122 123
f 234 122 235
f 236 123 124
f 235 123 236
f 237 124 125
f 236 124 237
f 238 125 126
f 237 125 238
f 239 126 127
f 238 126 239
f 240 127 128
f 239 127 240
f 241 128 129
f 240 128 241
f 242 129 130
f 241 129 242
f 243 130 131
f 242 130 243
f 244 131 132
f 243 131 244
f 245 132 133
f 244 132 245
f 246 133 134
f 245 133 246
f 247 134 135
f 246 134 247
f 248 135 136
f 247 135 248
f 249 136 137
f 248 136 249
f 250 137 138
f 249 137 250
f 251 138 139
f 250 138 251
f 252 139 140
f 251 139 252
f 253 140 141
f 252 140 253
f 254 141 142
f 253 141 254
f 255 142 143
f 254 142 255
f 459 225 337
f 459 337 461
f 338 225 226
f 337 225 338
f 339 226 227
f 338 226 339
f 340 227 228
f 339 227 340
f 341 228 229
f 340 228 341
f 342 229 230
f 341 229 342
f 343 230 231
f 342 230 343
f 344 231 232
f 343 231 344
f 345 232 233
f 344 232 345
f 346 233 234
f 345 233 346
f 347 234 235
f 346 234 347
f 348 235 236
f 347 235 348
f 349 236 237
f 348 236 349
f 350 237 238
f 349 237 350
f 351 238 239
f 350 238 351
f 352 239 240
f 351 239 352
f 353 240 241
f 352 240 353
f 354 241 242
f 353 241 354
f 355 242 243
f 354 242 355
f 356 243 244
f 355 243 356
f 357 244 245
f 356 244 357
f 358 245 246
f 357 245 358
f 359 246 247
f 358 246 359
f 360 247 248
f 359 247 360
f 361 248 249
f 360 248 361
f 362 249 250
f 361 249 362
f 363 250 251
f 362 250 363
f 364 251 252
f 363 251 364
f 365 252 253
f 364 252 365
f 366 253 254
f 365 253 366
f 367 254 255
f 366 254 367
f 463 461 337
f 463 337 338
f 463 338 464
f 464 338 339
f 464 339 465
f 465 339 340
f 465 340 466
f 466 340 341
f 466 341 467
f 467 341 342
f 467 342 468
f 468 342 343
f 468 343 469
f 469 343 344
f 469 344 470
f 470 344 345
f 470 345 471
f 471 345 346
f 471 346 472
f 472 346 347
f 472 347 473
f 473 347 348
f 473 348 474
f 474 348 349
f 474 349 475
f 475 349 350
f 475 350 476
f 476 350 351
f 476 351 477
f 477 351 352
f 477 352 478
f 478 352 353
f 478 353 479
f 479 353 354
f 479 354 480
f 480 354 355
f 480 355 481
f 481 355 356
f 481 356 482
f 482 356 357
f 482 357 483
f 483 357 358
f 483 358 484
f 484 358 359
f 484 359 485
f 485 359 360
f 485 360 486
f 486 360 361
f 486 361 487
f 487 361 362
f 487 362 488
f 488 362 363
f 488 363 489
f 489 363 364
f 489 364 490
f 490 364 365
f 490 365 491
f 491 365 366
f 491 366 492
f 492 366 367
f 492 367 493
f 911 855 743
f 856 744 743
f 856 743 855
f 857 745 744
f 857 744 856
f 858 746 745
f 858 745 857
f 859 747 746
f 859 746 858
f 860 748 747
f 860 747 859
f 861 749 748
f 861 748 860
f 862 750 749
f 862 749 861
f 863 751 750
f 863 750 862
f 864 752 751
f 864 751 863
f 865 753 752
f 865 752 864
f 866 754 753
f 866 753 865
f 867 755 754
f 867 754 866
f 868 756 755
f 868 755 867
f 869 757 756
f 869 756 868
f 870 758 757
f 870 757 869
f 871 759 758
f 871 758 870
f 872 760 759
f 872 759 871
f 873 761 760
f 873 760 872
f 874 762 761
f 874 761 873
f 875 763 762
f 875 762 874
f 876 764 763
f 876 763 875
f 877 765 764
f 877 764 876
f 878 766 765
f 878 765 877
f 879 767 766
f 879 766 878
f 880 768 767
f 880 767 879
f 881 769 768
f 881 768 880
f 882 770 769
f 882 769 881
f 883 771 770
f 883 770 882
f 884 772 771
f 884 771 883
f 885 773 772
f 885 772 884
f 911 743 686
f 911 686 913
f 631 743 744
f 686 743 631
f 632 744 745
f 631 744 632
f 633 745 746
f 632 745 633
f 634 746 747
f 633 746 634
f 635 747 748
f 634 747 635
f 636 748 749
f 635 748 636
f 637 749 750
f 636 749 637
f 638 750 751
f 637 750 638
f 639 751 752
f 638 751 639
f 640 752 753
f 639 752 640
f 641 753 754
f 640 753 641
f 642 754 755
f 641 754 642
f 643 755 756
f 642 755 643
f 644 756 757
f 643 756 644
f 645 757 758
f 644 757 645
f 646 758 759
f 645 758 646
f 647 759 760
f 646 759 647
f 648 760 761
f 647 760 648
f 649 761 762
f 648 761 649
f 650 762 763
f 649 762 650
f 651 763 764
f 650 763 651
f 652 764 765
f 651 764 652
f 653 765 766
f 652 765 653
f 654 766 767
f 653 766 654
f 655 767 768
f 654 767 655
f 656 768 769
f 655 768 656
f 657 769 770
f 656 769 657
f 658 770 771
f 657 770 658
f 659 771 772
f 658 771 659
f 660 772 773
f 659 772 660
f 913 686 629
f 913 629 915
f 519 686 631
f 629 686 519
f 520 631 632
f 519 631 520
f 521 632 633
f 520 632 521
f 522 633 634
f 521 633 522
f 523 634 635
f 522 634 523
f 524 635 636
f 523 635 524
f 525 636 637
f 524 636 525
f 526 637 638
f 525 637 526
f 527 638 639
f 526 638 527
f 528 639 640
f 527 639 528
f 529 640 641
f 528 640 529
f 530 641 642
f 529 641 530
f 531 642 643
f 530 642 531
f 532 643 644
f 531 643 532
f 533 644 645
f 532 644 533
f 534 645 646
f 533 645 534
f 535 646 647
f 534 646 535
f 536 647 648
f 535 647 536
f 537 648 649
f 536 648 537
f 538 649 650
f 537 649 538
f 539 650 651
f 538 650 539
f 540 651 652
f 539 651 540
f 541 652 653
f 540 652 541
f 542 653 654
f 541 653 542
f 543 654 655
f 542 654 543
f 544 655 656
f 543 655 544
f 545 656 657
f 544 656 545
f 546 657 658
f 545 657 546
f 547 658 659
f 546 658 547
f 548 659 660
f 547 659 548
f 915 629 393
f 449 915 393
f 917 915 449
f 393 629 394
f 394 629 519
f 394 519 395
f 395 519 520
f 395 520 396
f 396 520 521
f 396 521 397
f 397 521 522
f 397 522 398
f 398 522 523
f 398 523 399
f 399 523 524
f 399 524 400
f 400 524 525
f 400 525 401
f 401 525 526
f 401 526 402
f 402 526 527
f 402 527 403
f 403 527 528
f 403 528 404
f 404 528 529
f 404 529 405
f 405 529 530
f 405 530 406
f 406 530 531
f 406 531 407
f 407 531 532
f 407 532 408
f 408 532 533
f 408 533 409
f 409 533 534
f 409 534 410
f 410 534 535
f 410 535 411
f 411 535 536
f 411 536 412
f 412 536 537
f 412 537 413
f 413 537 538
f 413 538 414
f 414 538 539
f 414 539 415
f 415 539 540
f 415 540 416
f 416 540 541
f 416 541 417
f 417 541 542
f 417 542 418
f 418 542 543
f 418 543 419
f 419 543 544
f 419 544 420
f 420 544 545
f 420 545 421
f 421 545 546
f 421 546 422
f 422 546 547
f 422 547 423
f 423 547 548
f 451 917 449
f 451 919 917
f 453 919 451
f 453 921 919
f 455 921 453
f 455 923 921
f 457 923 455
f 457 925 923
f 459 925 457
f 459 927 925
f 461 927 459
f 461 929 927
f 461 463 630
f 931 461 630
f 929 461 931
f 464 574 463
f 463 574 630
f 465 575 464
f 464 575 574
f 466 576 465
f 465 576 575
f 467 577 466
f 466 577 576
f 468 578 467
f 467 578 577
f 469 579 468
f 468 579 578
f 470 580 469
f 469 580 579
f 471 581 470
f 470 581 580
f 472 582 471
f 471 582 581
f 473 583 472
f 472 583 582
f 474 584 473
f 473 584 583
f 475 585 474
f 474 585 584
f 476 586 475
f 475 586 585
f 477 587 476
f 476 587 586
f 478 588 477
f 477 588 587
f 479 589 478
f 478 589 588
f 480 590 479
f 479 590 589
f 481 591 480
f 480 591 590
f 482 592 481
f 481 592 591
f 483 593 482
f 482 593 592
f 484 594 483
f 483 594 593
f 485 595 484
f 484 595 594
f 486 596 485
f 485 596 595
f 487 597 486
f 486 597 596
f 488 598 487
f 487 598 597
f 489 599 488
f 488 599 598
f 490 600 489
f 489 600 599
f 491 601 490
f 490 601 600
f 492 602 491
f 491 602 601
f 493 603 492
f 492 603 602
f 931 630 742
f 931 742 933
f 687 630 574
f 742 630 687
f 688 574 575
f 687 574 688
f 689 575 576
f 688 575 689
f 690 576 577
f 689 576 690
f 691 577 578
f 690 577 691
f 692 578 579
f 691 578 692
f 693 579 580
f 692 579 693
f 694 580 581
f 693 580 694
f 695 581 582
f 694 581 695
f 696 582 583
f 695 582 696
f 697 583 584
f 696 583 697
f 698 584 585
f 697 584 698
f 699 585 586
f 698 585 699
f 700 586 587
f 699 586 700
f 701 587 588
f 700 587 701
f 702 588 589
f 701 588 702
f 703 589 590
f 702 589 703
f 704 590 591
f 703 590 704
f 705 591 592
f 704 591 705
f 706 592 593
f 705 592 706
f 707 593 594
f 706 593 707
f 708 594 595
f 707 594 708
f 709 595 596
f 708 595 709
f 710 596 597
f 709 596 710
f 711 597 598
f 710 597 711
f 712 598 599
f 711 598 712
f 713 599 600
f 712 599 713
f 714 600 601
f 713 600 714
f 715 601 602
f 714 601 715
f 716 602 603
f 715 602 716
f 933 742 799
f 933 799 935
f 800 742 687
f 799 742 800
f 801 687 688
f 800 687 801
f 802 688 689
f 801 688 802
f 803 689 690
f 802 689 803
f 804 690 691
f 803 690 804
f 805 691 692
f 804 691 805
f 806 692 693
f 805 692 806
f 807 693 694
f 806 693 807
f 808 694 695
f 807 694 808
f 809 695 696
f 808 695 809
f 810 696 697
f 809 696 810
f 811 697 698
f 810 697 811
f 812 698 699
f 811 698 812
f 813 699 700
f 812 699 813
f 814 700 701
f 813 700 814
f 815 701 702
f 814 701 815
f 816 702 703
f 815 702 816
f 817 703 704
f 816 703 817
f 818 704 705
f 817 704 818
f 819 705 706
f 818 705 819
f 820 706 707
f 819 706 820
f 821 707 708
f 820 707 821
f 822 708 709
f 821 708 822
f 823 709 710
f 822 709 823
f 824 710 711
f 823 710 824
f 825 711 712
f 824 711 825
f 826 712 713
f 825 712 826
f 827 713 714
f 826 713 827
f 828 714 715
f 827 714 828
f 829 715 716
f 828 715 829
f 937 935 799
f 937 799 800
f 937 800 938
f 938 800 801
f 938 801 939
f 939 801 802
f 939 802 940
f 940 802 803
f 940 803 941
f 941 803 804
f 941 804 942
f 942 804 805
f 942 805 943
f 943 805 806
f 943 806 944
f 944 806 807
f 944 807 945
f 945 807 808
f 945 808 946
f 946 808 809
f 946 809 947
f 947 809 810
f 947 810 948
f 948 810 811
f 948 811 949
f 949 811 812
f 949 812 950
f 950 812 813
f 950 813 951
f 951 813 814
f 951 814 952
f 952 814 815
f 952 815 953
f 953 815 816
f 953 816 954
f 954 816 817
f 954 817 955
f 955 817 818
f 955 818 956
f 956 818 819
f 956 819 957
f 957 819 820
f 957 820 958
f 958 820 821
f 958 821 959
f 959 821 822
f 959 822 960
f 960 822 823
f 960 823 961
f 961 823 824
f 961 824 962
f 962 824 825
f 962 825 963
f 963 825 826
f 963 826 964
f 964 826 827
f 964 827 965
f 965 827 828
f 965 828 966
f 966 828 829
f 966 829 967
f 1161 1160 1048
f 1105 993 1048
f 1105 1048 1160
f 1106 994 993
f 1106 993 1105
f 1107 995 994
f 1107 994 1106
f 1108 996 995
f 1108 995 1107
f 1109 997 996
f 1109 996 1108
f 1110 998 997
f 1110 997 1109
f 1111 999 998
f 1111 998 1110
f 1112 1000 999
f 1112 999 1111
f 1113 1001 1000
f 1113 1000 1112
f 1114 1002 1001
f 1114 1001 1113
f 1115 1003 1002
f 1115 1002 1114
f 1116 1004 1003
f 1116 1003 1115
f 1117 1005 1004
f 1117 1004 1116
f 1118 1006 1005
f 1118 1005 1117
f 1119 1007 1006
f 1119 1006 1118
f 1120 1008 1007
f 1120 1007 1119
f 1121 1009 1008
f 1121 1008 1120
f 1122 1010 1009
f 1122 1009 1121
f 1123 1011 1010
f 1123 1010 1122
f 1124 1012 1011
f 1124 1011 1123
f 1125 1013 1012
f 1125 1012 1124
f 1126 1014 1013
f 1126 1013 1125
f 1127 1015 1014
f 1127 1014 1126
f 1128 1016 1015
f 1128 1015 1127
f 1129 1017 1016
f 1129 1016 1128
f 1130 1018 1017
f 1130 1017 1129
f 1131 1019 1018
f 1131 1018 1130
f 1132 1020 1019
f 1132 1019 1131
f 1133 1021 1020
f 1133 1020 1132
f 1134 1022 1021
f 1134 1021 1133
f 1161 1048 855
f 911 1161 855
f 1163 1161 911
f 855 1048 856
f 856 1048 993
f 856 993 857
f 857 993 994
f 857 994 858
f 858 994 995
f 858 995 859
f 859 995 996
f 859 996 860
f 860 996 997
f 860 997 861
f 861 997 998
f 861 998 862
f 862 998 999
f 862 999 863
f 863 999 1000
f 863 1000 864
f 864 1000 1001
f 864 1001 865
f 865 1001 1002
f 865 1002 866
f 866 1002 1003
f 866 1003 867
f 867 1003 1004
f 867 1004 868
f 868 1004 1005
f 868 1005 869
f 869 1005 1006
f 869 1006 870
f 870 1006 1007
f 870 1007 871
f 871 1007 1008
f 871 1008 872
f 872 1008 1009
f 872 1009 873
f 873 1009 1010
f 873 1010 874
f 874 1010 1011
f 874 1011 875
f 875 1011 1012
f 875 1012 876
f 876 1012 1013
f 876 1013 877
f 877 1013 1014
f 877 1014 878
f 878 1014 1015
f 878 1015 879
f 879 1015 1016
f 879 1016 880
f 880 1016 1017
f 880 1017 881
f 881 1017 1018
f 881 1018 882
f 882 1018 1019
f 882 1019 883
f 883 1019 1020
f 883 1020 884
f 884 1020 1021
f 884 1021 885
f 885 1021 1022
f 913 1163 911
f 913 1165 1163
f 915 1165 913
f 915 1167 1165
f 917 1167 915
f 917 1169 1167
f 919 1169 917
f 919 1171 1169
f 921 1171 919
f 921 1173 1171
f 923 1173 921
f 923 1175 1173
f 925 1175 923
f 925 1177 1175
f 927 1177 925
f 927 1179 1177
f 929 1179 927
f 929 1181 1179
f 931 1181 929
f 931 1183 1181
f 933 1183 931
f 933 1185 1183
f 935 1185 933
f 935 1187 1185
f 935 937 1104
f 1189 935 1104
f 1187 935 1189
f 938 1049 937
f 937 1049 1104
f 939 1050 938
f 938 1050 1049
f 940 1051 939
f 939 1051 1050
f 941 1052 940
f 940 1052 1051
f 942 1053 941
f 941 1053 1052
f 943 1054 942
f 942 1054 1053
f 944 1055 943
f 943 1055 1054
f 945 1056 944
f 944 1056 1055
f 946 1057 945
f 945 1057 1056
f 947 1058 946
f 946 1058 1057
f 948 1059 947
f 947 1059 1058
f 949 1060 948
f 948 1060 1059
f 950 1061 949
f 949 1061 1060
f 951 1062 950
f 950 1062 1061
f 952 1063 951
f 951 1063 1062
f 953 1064 952
f 952 1064 1063
f 954 1065 953
f 953 1065 1064
f 955 1066 954
f 954 1066 1065
f 956 1067 955
f 955 1067 1066
f 957 1068 956
f 956 1068 1067
f 958 1069 957
f 957 1069 1068
f 959 1070 958
f 958 1070 1069
f 960 1071 959
f 959 1071 1070
f 961 1072 960
f 960 1072 1071
f 962 1073 961
f 961 1073 1072
f 963 1074 962
f 962 1074 1073
f 964 1075 963
f 963 1075 1074
f 965 1076 964
f 964 1076 1075
f 966 1077 965
f 965 1077 1076
f 967 1078 966
f 966 1078 1077
f 1191 1189 1104
f 1191 1104 1049
f 1191 1049 1192
f 1192 1049 1050
f 1192 1050 1193
f 1193 1050 1051
f 1193 1051 1194
f 1194 1051 1052
f 1194 1052 1195
f 1195 1052 1053
f 1195 1053 1196
f 1196 1053 1054
f 1196 1054 1197
f 1197 1054 1055
f 1197 1055 1198
f 1198 1055 1056
f 1198 1056 1199
f 1199 1056 1057
f 1199 1057 1200
f 1200 1057 1058
f 1200 1058 1201
f 1201 1058 1059
f 1201 1059 1202
f 1202 1059 1060
f 1202 1060 1203
f 1203 1060 1061
f 1203 1061 1204
f 1204 1061 1062
f 1204 1062 1205
f 1205 1062 1063
f 1205 1063 1206
f 1206 1063 1064
f 1206 1064 1207
f 1207 1064 1065
f 1207 1065 1208
f 1208 1065 1066
f 1208 1066 1209
f 1209 1066 1067
f 1209 1067 1210
f 1210 1067 1068
f 1210 1068 1211
f 1211 1068 1069
f 1211 1069 1212
f 1212 1069 1070
f 1212 1070 1213
f 1213 1070 1071
f 1213 1071 1214
f 1214 1071 1072
f 1214 1072 1215
f 1215 1072 1073
f 1215 1073 1216
f 1216 1073 1074
f 1216 1074 1217
f 1217 1074 1075
f 1217 1075 1218
f 1218 1075 1076
f 1218 1076 1219
f 1219 1076 1077
f 1219 1077 1220
f 1220 1077 1078
f 1220 1078 1221
f 1527 1471 1359
f 1472 1360 1359
f 1472 1359 1471
f 1473 1361 1360
f 1473 1360 1472
f 1474 1362 1361
f 1474 1361 1473
f 1475 1363 1362
f 1475 1362 1474
f 1476 1364 1363
f 1476 1363 1475
f 1477 1365 1364
f 1477 1364 1476
f 1478 1366 1365
f 1478 1365 1477
f 1479 1367 1366
f 1479 1366 1478
f 1480 1368 1367
f 1480 1367 1479
f 1481 1369 1368
f 1481 1368 1480
f 1482 1370 1369
f 1482 1369 1481
f 1483 1371 1370
f 1483 1370 1482
f 1484 1372 1371
f 1484 1371 1483
f 1485 1373 1372
f 1485 1372 1484
f 1486 1374 1373
f 1486 1373 1485
f 1487 1375 1374
f 1487 1374 1486
f 1488 1376 1375
f 1488 1375 1487
f 1489 1377 1376
f 1489 1376 1488
f 1490 1378 1377
f 1490 1377 1489
f 1491 1379 1378
f 1491 1378 1490
f 1492 1380 1379
f 1492 1379 1491
f 1493 1381 1380
f 1493 1380 1492
f 1494 1382 1381
f 1494 1381 1493
f 1495 1383 1382
f 1495 1382 1494
f 1496 1384 1383
f 1496 1383 1495
f 1497 1385 1384
f 1497 1384 1496
f 1498 1386 1385
f 1498 1385 1497
f 1499 1387 1386
f 1499 1386 1498
f 1500 1388 1387
f 1500 1387 1499
f 1501 1389 1388
f 1501 1388 1500
f 1527 1359 1302
f 1527 1302 1529
f 1247 1359 1360
f 1302 1359 1247
f 1248 1360 1361
f 1247 1360 1248
f 1249 1361 1362
f 1248 1361 1249
f 1250 1362 1363
f 1249 1362 1250
f 1251 1363 1364
f 1250 1363 1251
f 1252 1364 1365
f 1251 1364 1252
f 1253 1365 1366
f 1252 1365 1253
f 1254 1366 1367
f 1253 1366 1254
f 1255 1367 1368
f 1254 1367 1255
f 1256 1368 1369
f 1255 1368 1256
f 1257 1369 1370
f 1256 1369 1257
f 1258 1370 1371
f 1257 1370 1258
f 1259 1371 1372
f 1258 1371 1259
f 1260 1372 1373
f 1259 1372 1260
f 1261 1373 1374
f 1260 1373 1261
f 1262 1374 1375
f 1261 1374 1262
f 1263 1375 1376
f 1262 1375 1263
f 1264 1376 1377
f 1263 1376 1264
f 1265 1377 1378
f 1264 1377 1265
f 1266 1378 1379
f 1265 1378 1266
f 1267 1379 1380
f 1266 1379 1267
f 1268 1380 1381
f 1267 1380 1268
f 1269 1381 1382
f 1268 1381 1269
f 1270 1382 1383
f 1269 1382 1270
f 1271 1383 1384
f 1270 1383 1271
f 1272 1384 1385
f 1271 1384 1272
f 1273 1385 1386
f 1272 1385 1273
f 1274 1386 1387
f 1273 1386 1274
f 1275 1387 1388
f 1274 1387 1275
f 1276 1388 1389
f 1275 1388 1276
f 1529 1302 1160
f 1161 1529 1160
f 1531 1529 1161
f 1160 1302 1105
f 1105 1302 1247
f 1105 1247 1106
f 1106 1247 1248
f 1106 1248 1107
f 1107 1248 1249
f 1107 1249 1108
f 1108 1249 1250
f 1108 1250 1109
f 1109 1250 1251
f 1109 1251 1110
f 1110 1251 1252
f 1110 1252 1111
f 1111 1252 1253
f 1111 1253 1112
f 1112 1253 1254
f 1112 1254 1113
f 1113 1254 1255
f 1113 1255 1114
f 1114 1255 1256
f 1114 1256 1115
f 1115 1256 1257
f 1115 1257 1116
f 1116 1257 1258
f 1116 1258 1117
f 1117 1258 1259
f 1117 1259 1118
f 1118 1259 1260
f 1118 1260 1119
f 1119 1260 1261
f 1119 1261 1120
f 1120 1261 1262
f 1120 1262 1121
f 1121 1262 1263
f 1121 1263 1122
f 1122 1263 1264
f 1122 1264 1123
f 1123 1264 1265
f 1123 1265 1124
f 1124 1265 1266
f 1124 1266 1125
f 1125 1266 1267
f 1125 1267 1126
f 1126 1267 1268
f 1126 1268 1127
f 1127 1268 1269
f 1127 1269 1128
f 1128 1269 1270
f 1128 1270 1129
f 1129 1270 1271
f 1129 1271 1130
f 1130 1271 1272
f 1130 1272 1131
f 1131 1272 1273
f 1131 1273 1132
f 1132 1273 1274
f 1132 1274 1133
f 1133 1274 1275
f 1133 1275 1134
f 1134 1275 1276
f 1163 1531 1161
f 1163 1533 1531
f 1165 1533 1163
f 1165 1535 1533
f 1167 1535 1165
f 1167 1537 1535
f 1169 1537 1167
f 1169 1539 1537
f 1171 1539 1169
f 1171 1541 1539
f 1173 1541 1171
f 1173 1543 1541
f 1175 1543 1173
f 1175 1545 1543
f 1177 1545 1175
f 1177 1547 1545
f 1179 1547 1177
f 1179 1549 1547
f 1181 1549 1179
f 1181 1551 1549
f 1183 1551 1181
f 1183 1553 1551
f 1185 1553 1183
f 1185 1555 1553
f 1187 1555 1185
f 1187 1557 1555
f 1189 1557 1187
f 1189 1559 1557
f 1189 1191 1358
f 1561 1189 1358
f 1559 1189 1561
f 1192 1303 1191
f 1191 1303 1358
f 1193 1304 1192
f 1192 1304 1303
f 1194 1305 1193
f 1193 1305 1304
f 1195 1306 1194
f 1194 1306 1305
f 1196 1307 1195
f 1195 1307 1306
f 1197 1308 1196
f 1196 1308 1307
f 1198 1309 1197
f 1197 1309 1308
f 1199 1310 1198
f 1198 1310 1309
f 1200 1311 1199
f 1199 1311 1310
f 1201 1312 1200
f 1200 1312 1311
f 1202 1313 1201
f 1201 1313 1312
f 1203 1314 1202
f 1202 1314 1313
f 1204 1315 1203
f 1203 1315 1314
f 1205 1316 1204
f 1204 1316 1315
f 1206 1317 1205
f 1205 1317 1316
f 1207 1318 1206
f 1206 1318 1317
f 1208 1319 1207
f 1207 1319 1318
f 1209 1320 1208
f 1208 1320 1319
f 1210 1321 1209
f 1209 1321 1320
f 1211 1322 1210
f 1210 1322 1321
f 1212 1323 1211
f 1211 1323 1322
f 1213 1324 1212
f 1212 1324 1323
f 1214 1325 1213
f 1213 1325 1324
f 1215 1326 1214
f 1214 1326 1325
f 1216 1327 1215
f 1215 1327 1326
f 1217 1328 1216
f 1216 1328 1327
f 1218 1329 1217
f 1217 1329 1328
f 1219 1330 1218
f 1218 1330 1329
f 1220 1331 1219
f 1219 1331 1330
f 1221 1332 1220
f 1220 1332 1331
f 1561 1358 1415
f 1561 1415 1563
f 1416 1358 1303
f 1415 1358 1416
f 1417 1303 1304
f 1416 1303 1417
f 1418 1304 1305
f 1417 1304 1418
f 1419 1305 1306
f 1418 1305 1419
f 1420 1306 1307
f 1419 1306 1420
f 1421 1307 1308
f 1420 1307 1421
f 1422 1308 1309
f 1421 1308 1422
f 1423 1309 1310
f 1422 1309 1423
f 1424 1310 1311
f 1423 1310 1424
f 1425 1311 1312
f 1424 1311 1425
f 1426 1312 1313
f 1425 1312 1426
f 1427 1313 1314
f 1426 1313 1427
f 1428 1314 1315
f 1427 1314 1428
f 1429 1315 1316
f 1428 1315 1429
f 1430 1316 1317
f 1429 1316 1430
f 1431 1317 1318
f 1430 1317 1431
f 1432 1318 1319
f 1431 1318 1432
f 1433 1319 1320
f 1432 1319 1433
f 1434 1320 1321
f 1433 1320 1434
f 1435 1321 1322
f 1434 1321 1435
f 1436 1322 1323
f 1435 1322 1436
f 1437 1323 1324
f 1436 1323 1437
f 1438 1324 1325
f 1437 1324 1438
f 1439 1325 1326
f 1438 1325 1439
f 1440 1326 1327
f 1439 1326 1440
f 1441 1327 1328
f 1440 1327 1441
f 1442 1328 1329
f 1441 1328 1442
f 1443 1329 1330
f 1442 1329 1443
f 1444 1330 1331
f 1443 1330 1444
f 1445 1331 1332
f 1444 1331 1445
f 1565 1563 1415
f 1565 1415 1416
f 1565 1416 1566
f 1566 1416 1417
f 1566 1417 1567
f 1567 1417 1418
f 1567 1418 1568
f 1568 1418 1419
f 1568 1419 1569
f 1569 1419 1420
f 1569 1420 1570
f 1570 1420 1421
f 1570 1421 1571
f 1571 1421 1422
f 1571 1422 1572
f 1572 1422 1423
f 1572 1423 1573
f 1573 1423 1424
f 1573 1424 1574
f 1574 1424 1425
f 1574 1425 1575
f 1575 1425 1426
f 1575 1426 1576
f 1576 1426 1427
f 1576 1427 1577
f 1577 1427 1428
f 1577 1428 1578
f 1578 1428 1429
f 1578 1429 1579
f 1579 1429 1430
f 1579 1430 1580
f 1580 1430 1431
f 1580 1431 1581
f 1581 1431 1432
f 1581 1432 1582
f 1582 1432 1433
f 1582 1433 1583
f 1583 1433 1434
f 1583 1434 1584
f 1584 1434 1435
f 1584 1435 1585
f 1585 1435 1436
f 1585 1436 1586
f 1586 1436 1437
f 1586 1437 1587
f 1587 1437 1438
f 1587 1438 1588
f 1588 1438 1439
f 1588 1439 1589
f 1589 1439 1440
f 1589 1440 1590
f 1590 1440 1441
f 1590 1441 1591
f 1591 1441 1442
f 1591 1442 1592
f 1592 1442 1443
f 1592 1443 1593
f 1593 1443 1444
f 1593 1444 1594
f 1594 1444 1445
f 1594 1445 1595
f 1789 1733 1621
f 1734 1622 1621
f 1734 1621 1733
f 1735 1623 1622
f 1735 1622 1734
f 1736 1624 1623
f 1736 1623 1735
f 1737 1625 1624
f 1737 1624 1736
f 1738 1626 1625
f 1738 1625 1737
f 1739 1627 1626
f 1739 1626 1738
f 1740 1628 1627
f 1740 1627 1739
f 1741 1629 1628
f 1741 1628 1740
f 1742 1630 1629
f 1742 1629 1741
f 1743 1631 1630
f 1743 1630 1742
f 1744 1632 1631
f 1744 1631 1743
f 1745 1633 1632
f 1745 1632 1744
f 1746 1634 1633
f 1746 1633 1745
f 1747 1635 1634
f 1747 1634 1746
f 1748 1636 1635
f 1748 1635 1747
f 1749 1637 1636
f 1749 1636 1748
f 1750 1638 1637
f 1750 1637 1749
f 1751 1639 1638
f 1751 1638 1750
f 1752 1640 1639
f 1752 1639 1751
f 1753 1641 1640
f 1753 1640 1752
f 1754 1642 1641
f 1754 1641 1753
f 1755 1643 1642
f 1755 1642 1754
f 1756 1644 1643
f 1756 1643 1755
f 1757 1645 1644
f 1757 1644 1756
f 1758 1646 1645
f 1758 1645 1757
f 1759 1647 1646
f 1759 1646 1758
f 1760 1648 1647
f 1760 1647 1759
f 1761 1649 1648
f 1761 1648 1760
f 1762 1650 1649
f 1762 1649 1761
f 1763 1651 1650
f 1763 1650 1762
f 1789 1621 1471
f 1527 1789 1471
f 1791 1789 1527
f 1471 1621 1472
f 1472 1621 1622
f 1472 1622 1473
f 1473 1622 1623
f 1473 1623 1474
f 1474 1623 1624
f 1474 1624 1475
f 1475 1624 1625
f 1475 1625 1476
f 1476 1625 1626
f 1476 1626 1477
f 1477 1626 1627
f 1477 1627 1478
f 1478 1627 1628
f 1478 1628 1479
f 1479 1628 1629
f 1479 1629 1480
f 1480 1629 1630
f 1480 1630 1481
f 1481 1630 1631
f 1481 1631 1482
f 1482 1631 1632
f 1482 1632 1483
f 1483 1632 1633
f 1483 1633 1484
f 1484 1633 1634
f 1484 1634 1485
f 1485 1634 1635
f 1485 1635 1486
f 1486 1635 1636
f 1486 1636 1487
f 1487 1636 1637
f 1487 1637 1488
f 1488 1637 1638
f 1488 1638 1489
f 1489 1638 1639
f 1489 1639 1490
f 1490 1639 1640
f 1490 1640 1491
f 1491 1640 1641
f 1491 1641 1492
f 1492 1641 1642
f 1492 1642 1493
f 1493 1642 1643
f 1493 1643 1494
f 1494 1643 1644
f 1494 1644 1495
f 1495 1644 1645
f 1495 1645 1496
f 1496 1645 1646
f 1496 1646 1497
f 1497 1646 1647
f 1497 1647 1498
f 1498 1647 1648
f 1498 1648 1499
f 1499 1648 1649
f 1499 1649 1500
f 1500 1649 1650
f 1500 1650 1501
f 1501 1650 1651
f 1529 1791 1527
f 1529 1793 1791
f 1531 1793 1529
f 1531 1795 1793
f 1533 1795 1531
f 1533 1797 1795
f 1535 1797 1533
f 1535 1799 1797
f 1537 1799 1535
f 1537 1801 1799
f 1539 1801 1537
f 1539 1803 1801
f 1541 1803 1539
f 1541 1805 1803
f 1543 1805 1541
f 1543 1807 1805
f 1545 1807 1543
f 1545 1809 1807
f 1547 1809 1545
f 1547 1811 1809
f 1549 1811 1547
f 1549 1813 1811
f 1551 1813 1549
f 1551 1815 1813
f 1553 1815 1551
f 1553 1817 1815
f 1555 1817 1553
f 1555 1819 1817
f 1557 1819 1555
f 1557 1821 1819
f 1559 1821 1557
f 1559 1823 1821
f 1561 1823 1559
f 1561 1825 1823
f 1563 1825 1561
f 1563 1827 1825
f 1563 1565 1677
f 1829 1563 1677
f 1827 1563 1829
f 1566 1678 1565
f 1565 1678 1677
f 1567 1679 1566
f 1566 1679 1678
f 1568 1680 1567
f 1567 1680 1679
f 1569 1681 1568
f 1568 1681 1680
f 1570 1682 1569
f 1569 1682 1681
f 1571 1683 1570
f 1570 1683 1682
f 1572 1684 1571
f 1571 1684 1683
f 1573 1685 1572
f 1572 1685 1684
f 1574 1686 1573
f 1573 1686 1685
f 1575 1687 1574
f 1574 1687 1686
f 1576 1688 1575
f 1575 1688 1687
f 1577 1689 1576
f 1576 1689 1688
f 1578 1690 1577
f 1577 1690 1689
f 1579 1691 1578
f 1578 1691 1690
f 1580 1692 1579
f 1579 1692 1691
f 1581 1693 1580
f 1580 1693 1692
f 1582 1694 1581
f 1581 1694 1693
f 1583 1695 1582
f 1582 1695 1694
f 1584 1696 1583
f 1583 1696 1695
f 1585 1697 1584
f 1584 1697 1696
f 1586 1698 1585
f 1585 1698 1697
f 1587 1699 1586
f 1586 1699 1698
f 1588 1700 1587
f 1587 1700 1699
f 1589 1701 1588
f 1588 1701 1700
f 1590 1702 1589
f 1589 1702 1701
f 1591 1703 1590
f 1590 1703 1702
f 1592 1704 1591
f 1591 1704 1703
f 1593 1705 1592
f 1592 1705 1704
f 1594 1706 1593
f 1593 1706 1705
f 1595 1707 1594
f 1594 1707 1706
f 1831 1829 1677
f 1831 1677 1678
f 1831 1678 1832
f 1832 1678 1679
f 1832 1679 1833
f 1833 1679 1680
f 1833 1680 1834
f 1834 1680 1681
f 1834 1681 1835
f 1835 1681 1682
f 1835 1682 1836
f 1836 1682 1683
f 1836 1683 1837
f 1837 1683 1684
f 1837 1684 1838
f 1838 1684 1685
f 1838 1685 1839
f 1839 1685 1686
f 1839 1686 1840
f 1840 1686 1687
f 1840 1687 1841
f 1841 1687 1688
f 1841 1688 1842
f 1842 1688 1689
f 1842 1689 1843
f 1843 1689 1690
f 1843 1690 1844
f 1844 1690 1691
f 1844 1691 1845
f 1845 1691 1692
f 1845 1692 1846
f 1846 1692 1693
f 1846 1693 1847
f 1847 1693 1694
f 1847 1694 1848
f 1848 1694 1695
f 1848 1695 1849
f 1849 1695 1696
f 1849 1696 1850
f 1850 1696 1697
f 1850 1697 1851
f 1851 1697 1698
f 1851 1698 1852
f 1852 1698 1699
f 1852 1699 1853
f 1853 1699 1700
f 1853 1700 1854
f 1854 1700 1701
f 1854 1701 1855
f 1855 1701 1702
f 1855 1702 1856
f 1856 1702 1703
f 1856 1703 1857
f 1857 1703 1704
f 1857 1704 1858
f 1858 1704 1705
f 1858 1705 1859
f 1859 1705 1706
f 1859 1706 1860
f 1860 1706 1707
f 1860 1707 1861
f 2055 1999 1887
f 2000 1888 1887
f 2000 1887 1999
f 2001 1889 1888
f 2001 1888 2000
f 2002 1890 1889
f 2002 1889 2001
f 2003 1891 1890
f 2003 1890 2002
f 2004 1892 1891
f 2004 1891 2003
f 2005 1893 1892
f 2005 1892 2004
f 2006 1894 1893
f 2006 1893 2005
f 2007 1895 1894
f 2007 1894 2006
f 2008 1896 1895
f 2008 1895 2007
f 2009 1897 1896
f 2009 1896 2008
f 2010 1898 1897
f 2010 1897 2009
f 2011 1899 1898
f 2011 1898 2010
f 2012 1900 1899
f 2012 1899 2011
f 2013 1901 1900
f 2013 1900 2012
f 2014 1902 1901
f 2014 1901 2013
f 2015 1903 1902
f 2015 1902 2014
f 2016 1904 1903
f 2016 1903 2015
f 2017 1905 1904
f 2017 1904 2016
f 2018 1906 1905
f 2018 1905 2017
f 2019 1907 1906
f 2019 1906 2018
f 2020 1908 1907
f 2020 1907 2019
f 2021 1909 1908
f 2021 1908 2020
f 2022 1910 1909
f 2022 1909 2021
f 2023 1911 1910
f 2023 1910 2022
f 2024 1912 1911
f 2024 1911 2023
f 2025 1913 1912
f 2025 1912 2024
f 2026 1914 1913
f 2026 1913 2025
f 2027 1915 1914
f 2027 1914 2026
f 2028 1916 1915
f 2028 1915 2027
f 2029 1917 1916
f 2029 1916 2028
f 2055 1887 1733
f 1789 2055 1733
f 2057 2055 1789
f 1733 1887 1734
f 1734 1887 1888
f 1734 1888 1735
f 1735 1888 1889
f 1735 1889 1736
f 1736 1889 1890
f 1736 1890 1737
f 1737 1890 1891
f 1737 1891 1738
f 1738 1891 1892
f 1738 1892 1739
f 1739 1892 1893
f 1739 1893 1740
f 1740 1893 1894
f 1740 1894 1741
f 1741 1894 1895
f 1741 1895 1742
f 1742 1895 1896
f 1742 1896 1743
f 1743 1896 1897
f 1743 1897 1744
f 1744 1897 1898
f 1744 1898 1745
f 1745 1898 1899
f 1745 1899 1746
f 1746 1899 1900
f 1746 1900 1747
f 1747 1900 1901
f 1747 1901 1748
f 1748 1901 1902
f 1748 1902 1749
f 1749 1902 1903
f 1749 1903 1750
f 1750 1903 1904
f 1750 1904 1751
f 1751 1904 1905
f 1751 1905 1752
f 1752 1905 1906
f 1752 1906 1753
f 1753 1906 1907
f 1753 1907 1754
f 1754 1907 1908
f 1754 1908 1755
f 1755 1908 1909
f 1755 1909 1756
f 1756 1909 1910
f 1756 1910 1757
f 1757 1910 1911
f 1757 1911 1758
f 1758 1911 1912
f 1758 1912 1759
f 1759 1912 1913
f 1759 1913 1760
f 1760 1913 1914
f 1760 1914 1761
f 1761 1914 1915
f 1761 1915 1762
f 1762 1915 1916
f 1762 1916 1763
f 1763 1916 1917
f 1791 2057 1789
f 1791 2059 2057
f 1793 2059 1791
f 1793 2061 2059
f 1795 2061 1793
f 1795 2063 2061
f 1797 2063 1795
f 1797 2065 2063
f 1799 2065 1797
f 1799 2067 2065
f 1801 2067 1799
f 1801 2069 2067
f 1803 2069 1801
f 1803 2071 2069
f 1805 2071 1803
f 1805 2073 2071
f 1807 2073 1805
f 1807 2075 2073
f 1809 2075 1807
f 1809 2077 2075
f 1811 2077 1809
f 1811 2079 2077
f 1813 2079 1811
f 1813 2081 2079
f 1815 2081 1813
f 1815 2083 2081
f 1817 2083 1815
f 1817 2085 2083
f 1819 2085 1817
f 1819 2087 2085
f 1821 2087 1819
f 1821 2089 2087
f 1823 2089 1821
f 1823 2091 2089
f 1825 2091 1823
f 1825 2093 2091
f 1827 2093 1825
f 1827 2095 2093
f 1829 2095 1827
f 1829 2097 2095
f 1829 1831 1943
f 2099 1829 1943
f 2097 1829 2099
f 1832 1944 1831
f 1831 1944 1943
f 1833 1945 1832
f 1832 1945 1944
f 1834 1946 1833
f 1833 1946 1945
f 1835 1947 1834
f 1834 1947 1946
f 1836 1948 1835
f 1835 1948 1947
f 1837 1949 1836
f 1836 1949 1948
f 1838 1950 1837
f 1837 1950 1949
f 1839 1951 1838
f 1838 1951 1950
f 1840 1952 1839
f 1839 1952 1951
f 1841 1953 1840
f 1840 1953 1952
f 1842 1954 1841
f 1841 1954 1953
f 1843 1955 1842
f 1842 1955 1954
f 1844 1956 1843
f 1843 1956 1955
f 1845 1957 1844
f 1844 1957 1956
f 1846 1958 1845
f 1845 1958 1957
f 1847 1959 1846
f 1846 1959 1958
f 1848 1960 1847
f 1847 1960 1959
f 1849 1961 1848
f 1848 1961 1960
f 1850 1962 1849
f 1849 1962 1961
f 1851 1963 1850
f 1850 1963 1962
f 1852 1964 1851
f 1851 1964 1963
f 1853 1965 1852
f 1852 1965 1964
f 1854 1966 1853
f 1853 1966 1965
f 1855 1967 1854
f 1854 1967 1966
f 1856 1968 1855
f 1855 1968 1967
f 1857 1969 1856
f 1856 1969 1968
f 1858 1970 1857
f 1857 1970 1969
f 1859 1971 1858
f 1858 1971 1970
f 1860 1972 1859
f 1859 1972 1971
f 1861 1973 1860
f 1860 1973 1972
f 2101 2099 1943
f 2101 1943 1944
f 2101 1944 2102
f 2102 1944 1945
f 2102 1945 2103
f 2103 1945 1946
f 2103 1946 2104
f 2104 1946 1947
f 2104 1947 2105
f 2105 1947 1948
f 2105 1948 2106
f 2106 1948 1949
f 2106 1949 2107
f 2107 1949 1950
f 2107 1950 2108
f 2108 1950 1951
f 2108 1951 2109
f 2109 1951 1952
f 2109 1952 2110
f 2110 1952 1953
f 2110 1953 2111
f 2111 1953 1954
f 2111 1954 2112
f 2112 1954 1955
f 2112 1955 2113
f 2113 1955 1956
f 2113 1956 2114
f 2114 1956 1957
f 2114 1957 2115
f 2115 1957 1958
f 2115 1958 2116
f 2116 1958 1959
f 2116 1959 2117
f 2117 1959 1960
f 2117 1960 2118
f 2118 1960 1961
f 2118 1961 2119
f 2119 1961 1962
f 2119 1962 2120
f 2120 1962 1963
f 2120 1963 2121
f 2121 1963 1964
f 2121 1964 2122
f 2122 1964 1965
f 2122 1965 2123
f 2123 1965 1966
f 2123 1966 2124
f 2124 1966 1967
f 2124 1967 2125
f 2125 1967 1968
f 2125 1968 2126
f 2126 1968 1969
f 2126 1969 2127
f 2127 1969 1970
f 2127 1970 2128
f 2128 1970 1971
f 2128 1971 2129
f 2129 1971 1972
f 2129 1972 2130
f 2130 1972 1973
f 2130 1973 2131
f 2213 2212 1999
f 2213 1999 2055
f 1999 2157 2000
f 2212 2157 1999
f 2000 2158 2001
f 2157 2158 2000
f 2001 2159 2002
f 2158 2159 2001
f 2002 2160 2003
f 2159 2160 2002
f 2003 2161 2004
f 2160 2161 2003
f 2004 2162 2005
f 2161 2162 2004
f 2005 2163 2006
f 2162 2163 2005
f 2006 2164 2007
f 2163 2164 2006
f 2007 2165 2008
f 2164 2165 2007
f 2008 2166 2009
f 2165 2166 2008
f 2009 2167 2010
f 2166 2167 2009
f 2010 2168 2011
f 2167 2168 2010
f 2011 2169 2012
f 2168 2169 2011
f 2012 2170 2013
f 2169 2170 2012
f 2013 2171 2014
f 2170 2171 2013
f 2014 2172 2015
f 2171 2172 2014
f 2015 2173 2016
f 2172 2173 2015
f 2016 2174 2017
f 2173 2174 2016
f 2017 2175 2018
f 2174 2175 2017
f 2018 2176 2019
f 2175 2176 2018
f 2019 2177 2020
f 2176 2177 2019
f 2020 2178 2021
f 2177 2178 2020
f 2021 2179 2022
f 2178 2179 2021
f 2022 2180 2023
f 2179 2180 2022
f 2023 2181 2024
f 2180 2181 2023
f 2024 2182 2025
f 2181 2182 2024
f 2025 2183 2026
f 2182 2183 2025
f 2026 2184 2027
f 2183 2184 2026
f 2027 2185 2028
f 2184 2185 2027
f 2028 2186 2029
f 2185 2186 2028
f 2057 2213 2055
f 2057 2215 2213
f 2059 2215 2057
f 2059 2217 2215
f 2061 2217 2059
f 2061 2219 2217
f 2063 2219 2061
f 2063 2221 2219
f 2065 2221 2063
f 2065 2223 2221
f 2067 2223 2065
f 2067 2225 2223
f 2069 2225 2067
f 2069 2227 2225
f 2071 2227 2069
f 2071 2229 2227
f 2073 2229 2071
f 2073 2231 2229
f 2075 2231 2073
f 2075 2233 2231
f 2077 2233 2075
f 2077 2235 2233
f 2079 2235 2077
f 2079 2237 2235
f 2081 2237 2079
f 2081 2239 2237
f 2083 2239 2081
f 2083 2241 2239
f 2085 2241 2083
f 2085 2243 2241
f 2087 2243 2085
f 2087 2245 2243
f 2089 2245 2087
f 2089 2247 2245
f 2091 2247 2089
f 2091 2249 2247
f 2093 2249 2091
f 2093 2251 2249
f 2095 2251 2093
f 2095 2253 2251
f 2097 2253 2095
f 2097 2255 2253
f 2099 2255 2097
f 2099 2257 2255
f 2259 2257 2099
f 2259 2099 2101
f 2260 2101 2102
f 2260 2259 2101
f 2261 2102 2103
f 2261 2260 2102
f 2262 2103 2104
f 2262 2261 2103
f 2263 2104 2105
f 2263 2262 2104
f 2264 2105 2106
f 2264 2263 2105
f 2265 2106 2107
f 2265 2264 2106
f 2266 2107 2108
f 2266 2265 2107
f 2267 2108 2109
f 2267 2266 2108
f 2268 2109 2110
f 2268 2267 2109
f 2269 2110 2111
f 2269 2268 2110
f 2270 2111 2112
f 2270 2269 2111
f 2271 2112 2113
f 2271 2270 2112
f 2272 2113 2114
f 2272 2271 2113
f 2273 2114 2115
f 2273 2272 2114
f 2274 2115 2116
f 2274 2273 2115
f 2275 2116 2117
f 2275 2274 2116
f 2276 2117 2118
f 2276 2275 2117
f 2277 2118 2119
f 2277 2276 2118
f 2278 2119 2120
f 2278 2277 2119
f 2279 2120 2121
f 2279 2278 2120
f 2280 2121 2122
f 2280 2279 2121
f 2281 2122 2123
f 2281 2280 2122
f 2282 2123 2124
f 2282 2281 2123
f 2283 2124 2125
f 2283 2282 2124
f 2284 2125 2126
f 2284 2283 2125
f 2285 2126 2127
f 2285 2284 2126
f 2286 2127 2128
f 2286 2285 2127
f 2287 2128 2129
f 2287 2286 2128
f 2288 2129 2130
f 2288 2287 2129
f 2289 2130 2131
f 2289 2288 2130
f 2483 2427 2315
f 2428 2316 2315
f 2428 2315 2427
f 2429 2317 2316
f 2429 2316 2428
f 2430 2318 2317
f 2430 2317 2429
f 2431 2319 2318
f 2431 2318 2430
f 2432 2320 2319
f 2432 2319 2431
f 2433 2321 2320
f 2433 2320 2432
f 2434 2322 2321
f 2434 2321 2433
f 2435 2323 2322
f 2435 2322 2434
f 2436 2324 2323
f 2436 2323 2435
f 2437 2325 2324
f 2437 2324 2436
f 2438 2326 2325
f 2438 2325 2437
f 2439 2327 2326
f 2439 2326 2438
f 2440 2328 2327
f 2440 2327 2439
f 2441 2329 2328
f 2441 2328 2440
f 2442 2330 2329
f 2442 2329 2441
f 2443 2331 2330
f 2443 2330 2442
f 2444 2332 2331
f 2444 2331 2443
f 2445 2333 2332
f 2445 2332 2444
f 2446 2334 2333
f 2446 2333 2445
f 2447 2335 2334
f 2447 2334 2446
f 2448 2336 2335
f 2448 2335 2447
f 2449 2337 2336
f 2449 2336 2448
f 2450 2338 2337
f 2450 2337 2449
f 2451 2339 2338
f 2451 2338 2450
f 2452 2340 2339
f 2452 2339 2451
f 2453 2341 2340
f 2453 2340 2452
f 2454 2342 2341
f 2454 2341 2453
f 2455 2343 2342
f 2455 2342 2454
f 2456 2344 2343
f 2456 2343 2455
f 2457 2345 2344
f 2457 2344 2456
f 2483 2315 2212
f 2213 2483 2212
f 2485 2483 2213
f 2212 2315 2157
f 2157 2315 2316
f 2157 2316 2158
f 2158 2316 2317
f 2158 2317 2159
f 2159 2317 2318
f 2159 2318 2160
f 2160 2318 2319
f 2160 2319 2161
f 2161 2319 2320
f 2161 2320 2162
f 2162 2320 2321
f 2162 2321 2163
f 2163 2321 2322
f 2163 2322 2164
f 2164 2322 2323
f 2164 2323 2165
f 2165 2323 2324
f 2165 2324 2166
f 2166 2324 2325
f 2166 2325 2167
f 2167 2325 2326
f 2167 2326 2168
f 2168 2326 2327
f 2168 2327 2169
f 2169 2327 2328
f 2169 2328 2170
f 2170 2328 2329
f 2170 2329 2171
f 2171 2329 2330
f 2171 2330 2172
f 2172 2330 2331
f 2172 2331 2173
f 2173 2331 2332
f 2173 2332 2174
f 2174 2332 2333
f 2174 2333 2175
f 2175 2333 2334
f 2175 2334 2176
f 2176 2334 2335
f 2176 2335 2177
f 2177 2335 2336
f 2177 2336 2178
f 2178 2336 2337
f 2178 2337 2179
f 2179 2337 2338
f 2179 2338 2180
f 2180 2338 2339
f 2180 2339 2181
f 2181 2339 2340
f 2181 2340 2182
f 2182 2340 2341
f 2182 2341 2183
f 2183 2341 2342
f 2183 2342 2184
f 2184 2342 2343
f 2184 2343 2185
f 2185 2343 2344
f 2185 2344 2186
f 2186 2344 2345
f 2215 2485 2213
f 2215 2487 2485
f 2217 2487 2215
f 2217 2489 2487
f 2219 2489 2217
f 2219 2491 2489
f 2221 2491 2219
f 2221 2493 2491
f 2223 2493 2221
f 2223 2495 2493
f 2225 2495 2223
f 2225 2497 2495
f 2227 2497 2225
f 2227 2499 2497
f 2229 2499 2227
f 2229 2501 2499
f 2231 2501 2229
f 2231 2503 2501
f 2233 2503 2231
f 2233 2505 2503
f 2235 2505 2233
f 2235 2507 2505
f 2237 2507 2235
f 2237 2509 2507
f 2239 2509 2237
f 2239 2511 2509
f 2241 2511 2239
f 2241 2513 2511
f 2243 2513 2241
f 2243 2515 2513
f 2245 2515 2243
f 2245 2517 2515
f 2247 2517 2245
f 2247 2519 2517
f 2249 2519 2247
f 2249 2521 2519
f 2251 2521 2249
f 2251 2523 2521
f 2253 2523 2251
f 2253 2525 2523
f 2255 2525 2253
f 2255 2527 2525
f 2257 2527 2255
f 2257 2529 2527
f 2257 2259 2371
f 2531 2257 2371
f 2529 2257 2531
f 2260 2372 2259
f 2259 2372 2371
f 2261 2373 2260
f 2260 2373 2372
f 2262 2374 2261
f 2261 2374 2373
f 2263 2375 2262
f 2262 2375 2374
f 2264 2376 2263
f 2263 2376 2375
f 2265 2377 2264
f 2264 2377 2376
f 2266 2378 2265
f 2265 2378 2377
f 2267 2379 2266
f 2266 2379 2378
f 2268 2380 2267
f 2267 2380 2379
f 2269 2381 2268
f 2268 2381 2380
f 2270 2382 2269
f 2269 2382 2381
f 2271 2383 2270
f 2270 2383 2382
f 2272 2384 2271
f 2271 2384 2383
f 2273 2385 2272
f 2272 2385 2384
f 2274 2386 2273
f 2273 2386 2385
f 2275 2387 2274
f 2274 2387 2386
f 2276 2388 2275
f 2275 2388 2387
f 2277 2389 2276
f 2276 2389 2388
f 2278 2390 2277
f 2277 2390 2389
f 2279 2391 2278
f 2278 2391 2390
f 2280 2392 2279
f 2279 2392 2391
f 2281 2393 2280
f 2280 2393 2392
f 2282 2394 2281
f 2281 2394 2393
f 2283 2395 2282
f 2282 2395 2394
f 2284 2396 2283
f 2283 2396 2395
f 2285 2397 2284
f 2284 2397 2396
f 2286 2398 2285
f 2285 2398 2397
f 2287 2399 2286
f 2286 2399 2398
f 2288 2400 2287
f 2287 2400 2399
f 2289 2401 2288
f 2288 2401 2400
f 2533 2531 2371
f 2533 2371 2372
f 2533 2372 2534
f 2534 2372 2373
f 2534 2373 2535
f 2535 2373 2374
f 2535 2374 2536
f 2536 2374 2375
f 2536 2375 2537
f 2537 2375 2376
f 2537 2376 2538
f 2538 2376 2377
f 2538 2377 2539
f 2539 2377 2378
f 2539 2378 2540
f 2540 2378 2379
f 2540 2379 2541
f 2541 2379 2380
f 2541 2380 2542
f 2542 2380 2381
f 2542 2381 2543
f 2543 2381 2382
f 2543 2382 2544
f 2544 2382 2383
f 2544 2383 2545
f 2545 2383 2384
f 2545 2384 2546
f 2546 2384 2385
f 2546 2385 2547
f 2547 2385 2386
f 2547 2386 2548
f 2548 2386 2387
f 2548 2387 2549
f 2549 2387 2388
f 2549 2388 2550
f 2550 2388 2389
f 2550 2389 2551
f 2551 2389 2390
f 2551 2390 2552
f 2552 2390 2391
f 2552 2391 2553
f 2553 2391 2392
f 2553 2392 2554
f 2554 2392 2393
f 2554 2393 2555
f 2555 2393 2394
f 2555 2394 2556
f 2556 2394 2395
f 2556 2395 2557
f 2557 2395 2396
f 2557 2396 2558
f 2558 2396 2397
f 2558 2397 2559
f 2559 2397 2398
f 2559 2398 2560
f 2560 2398 2399
f 2560 2399 2561
f 2561 2399 2400
f 2561 2400 2562
f 2562 2400 2401
f 2562 2401 2563
f 2645 2644 2427
f 2645 2427 2483
f 2427 2589 2428
f 2644 2589 2427
f 2428 2590 2429
f 2589 2590 2428
f 2429 2591 2430
f 2590 2591 2429
f 2430 2592 2431
f 2591 2592 2430
f 2431 2593 2432
f 2592 2593 2431
f 2432 2594 2433
f 2593 2594 2432
f 2433 2595 2434
f 2594 2595 2433
f 2434 2596 2435
f 2595 2596 2434
f 2435 2597 2436
f 2596 2597 2435
f 2436 2598 2437
f 2597 2598 2436
f 2437 2599 2438
f 2598 2599 2437
f 2438 2600 2439
f 2599 2600 2438
f 2439 2601 2440
f 2600 2601 2439
f 2440 2602 2441
f 2601 2602 2440
f 2441 2603 2442
f 2602 2603 2441
f 2442 2604 2443
f 2603 2604 2442
f 2443 2605 2444
f 2604 2605 2443
f 2444 2606 2445
f 2605 2606 2444
f 2445 2607 2446
f 2606 2607 2445
f 2446 2608 2447
f 2607 2608 2446
f 2447 2609 2448
f 2608 2609 2447
f 2448 2610 2449
f 2609 2610 2448
f 2449 2611 2450
f 2610 2611 2449
f 2450 2612 2451
f 2611 2612 2450
f 2451 2613 2452
f 2612 2613 2451
f 2452 2614 2453
f 2613 2614 2452
f 2453 2615 2454
f 2614 2615 2453
f 2454 2616 2455
f 2615 2616 2454
f 2455 2617 2456
f 2616 2617 2455
f 2456 2618 2457
f 2617 2618 2456
f 2485 2645 2483
f 2485 2647 2645
f 2487 2647 2485
f 2487 2649 2647
f 2489 2649 2487
f 2489 2651 2649
f 2491 2651 2489
f 2491 2653 2651
f 2493 2653 2491
f 2493 2655 2653
f 2495 2655 2493
f 2495 2657 2655
f 2497 2657 2495
f 2497 2659 2657
f 2499 2659 2497
f 2499 2661 2659
f 2501 2661 2499
f 2501 2663 2661
f 2503 2663 2501
f 2503 2665 2663
f 2505 2665 2503
f 2505 2667 2665
f 2507 2667 2505
f 2507 2669 2667
f 2509 2669 2507
f 2509 2671 2669
f 2511 2671 2509
f 2511 2673 2671
f 2513 2673 2511
f 2513 2675 2673
f 2515 2675 2513
f 2515 2677 2675
f 2517 2677 2515
f 2517 2679 2677
f 2519 2679 2517
f 2519 2681 2679
f 2521 2681 2519
f 2521 2683 2681
f 2523 2683 2521
f 2523 2685 2683
f 2525 2685 2523
f 2525 2687 2685
f 2527 2687 2525
f 2527 2689 2687
f 2529 2689 2527
f 2529 2691 2689
f 2531 2691 2529
f 2531 2693 2691
f 2695 2693 2531
f 2695 2531 2533
f 2696 2533 2534
f 2696 2695 2533
f 2697 2534 2535
f 2697 2696 2534
f 2698 2535 2536
f 2698 2697 2535
f 2699 2536 2537
f 2699 2698 2536
f 2700 2537 2538
f 2700 2699 2537
f 2701 2538 2539
f 2701 2700 2538
f 2702 2539 2540
f 2702 2701 2539
f 2703 2540 2541
f 2703 2702 2540
f 2704 2541 2542
f 2704 2703 2541
f 2705 2542 2543
f 2705 2704 2542
f 2706 2543 2544
f 2706 2705 2543
f 2707 2544 2545
f 2707 2706 2544
f 2708 2545 2546
f 2708 2707 2545
f 2709 2546 2547
f 2709 2708 2546
f 2710 2547 2548
f 2710 2709 2547
f 2711 2548 2549
f 2711 2710 2548
f 2712 2549 2550
f 2712 2711 2549
f 2713 2550 2551
f 2713 2712 2550
f 2714 2551 2552
f 2714 2713 2551
f 2715 2552 2553
f 2715 2714 2552
f 2716 2553 2554
f 2716 2715 2553
f 2717 2554 2555
f 2717 2716 2554
f 2718 2555 2556
f 2718 2717 2555
f 2719 2556 2557
f 2719 2718 2556
f 2720 2557 2558
f 2720 2719 2557
f 2721 2558 2559
f 2721 2720 2558
f 2722 2559 2560
f 2722 2721 2559
f 2723 2560 2561
f 2723 2722 2560
f 2724 2561 2562
f 2724 2723 2561
f 2725 2562 2563
f 2725 2724 2562
f 2919 2863 2751
f 2864 2752 2751
f 2864 2751 2863
f 2865 2753 2752
f 2865 2752 2864
f 2866 2754 2753
f 2866 2753 2865
f 2867 2755 2754
f 2867 2754 2866
f 2868 2756 2755
f 2868 2755 2867
f 2869 2757 2756
f 2869 2756 2868
f 2870 2758 2757
f 2870 2757 2869
f 2871 2759 2758
f 2871 2758 2870
f 2872 2760 2759
f 2872 2759 2871
f 2873 2761 2760
f 2873 2760 2872
f 2874 2762 2761
f 2874 2761 2873
f 2875 2763 2762
f 2875 2762 2874
f 2876 2764 2763
f 2876 2763 2875
f 2877 2765 2764
f 2877 2764 2876
f 2878 2766 2765
f 2878 2765 2877
f 2879 2767 2766
f 2879 2766 2878
f 2880 2768 2767
f 2880 2767 2879
f 2881 2769 2768
f 2881 2768 2880
f 2882 2770 2769
f 2882 2769 2881
f 2883 2771 2770
f 2883 2770 2882
f 2884 2772 2771
f 2884 2771 2883
f 2885 2773 2772
f 2885 2772 2884
f 2886 2774 2773
f 2886 2773 2885
f 2887 2775 2774
f 2887 2774 2886
f 2888 2776 2775
f 2888 2775 2887
f 2889 2777 2776
f 2889 2776 2888
f 2890 2778 2777
f 2890 2777 2889
f 2891 2779 2778
f 2891 2778 2890
f 2892 2780 2779
f 2892 2779 2891
f 2893 2781 2780
f 2893 2780 2892
f 2919 2751 2644
f 2645 2919 2644
f 2921 2919 2645
f 2644 2751 2589
f 2589 2751 2752
f 2589 2752 2590
f 2590 2752 2753
f 2590 2753 2591
f 2591 2753 2754
f 2591 2754 2592
f 2592 2754 2755
f 2592 2755 2593
f 2593 2755 2756
f 2593 2756 2594
f 2594 2756 2757
f 2594 2757 2595
f 2595 2757 2758
f 2595 2758 2596
f 2596 2758 2759
f 2596 2759 2597
f 2597 2759 2760
f 2597 2760 2598
f 2598 2760 2761
f 2598 2761 2599
f 2599 2761 2762
f 2599 2762 2600
f 2600 2762 2763
f 2600 2763 2601
f 2601 2763 2764
f 2601 2764 2602
f 2602 2764 2765
f 2602 2765 2603
f 2603 2765 2766
f 2603 2766 2604
f 2604 2766 2767
f 2604 2767 2605
f 2605 2767 2768
f 2605 2768 2606
f 2606 2768 2769
f 2606 2769 2607
f 2607 2769 2770
f 2607 2770 2608
f 2608 2770 2771
f 2608 2771 2609
f 2609 2771 2772
f 2609 2772 2610
f 2610 2772 2773
f 2610 2773 2611
f 2611 2773 2774
f 2611 2774 2612
f 2612 2774 2775
f 2612 2775 2613
f 2613 2775 2776
f 2613 2776 2614
f 2614 2776 2777
f 2614 2777 2615
f 2615 2777 2778
f 2615 2778 2616
f 2616 2778 2779
f 2616 2779 2617
f 2617 2779 2780
f 2617 2780 2618
f 2618 2780 2781
f 2647 2921 2645
f 2647 2923 2921
f 2649 2923 2647
f 2649 2925 2923
f 2651 2925 2649
f 2651 2927 2925
f 2653 2927 2651
f 2653 2929 2927
f 2655 2929 2653
f 2655 2931 2929
f 2657 2931 2655
f 2657 2933 2931
f 2659 2933 2657
f 2659 2935 2933
f 2661 2935 2659
f 2661 2937 2935
f 2663 2937 2661
f 2663 2939 2937
f 2665 2939 2663
f 2665 2941 2939
f 2667 2941 2665
f 2667 2943 2941
f 2669 2943 2667
f 2669 2945 2943
f 2671 2945 2669
f 2671 2947 2945
f 2673 2947 2671
f 2673 2949 2947
f 2675 2949 2673
f 2675 2951 2949
f 2677 2951 2675
f 2677 2953 2951
f 2679 2953 2677
f 2679 2955 2953
f 2681 2955 2679
f 2681 2957 2955
f 2683 2957 2681
f 2683 2959 2957
f 2685 2959 2683
f 2685 2961 2959
f 2687 2961 2685
f 2687 2963 2961
f 2689 2963 2687
f 2689 2965 2963
f 2691 2965 2689
f 2691 2967 2965
f 2693 2967 2691
f 2693 2969 2967
f 2693 2695 2807
f 2971 2693 2807
f 2969 2693 2971
f 2696 2808 2695
f 2695 2808 2807
f 2697 2809 2696
f 2696 2809 2808
f 2698 2810 2697
f 2697 2810 2809
f 2699 2811 2698
f 2698 2811 2810
f 2700 2812 2699
f 2699 2812 2811
f 2701 2813 2700
f 2700 2813 2812
f 2702 2814 2701
f 2701 2814 2813
f 2703 2815 2702
f 2702 2815 2814
f 2704 2816 2703
f 2703 2816 2815
f 2705 2817 2704
f 2704 2817 2816
f 2706 2818 2705
f 2705 2818 2817
f 2707 2819 2706
f 2706 2819 2818
f 2708 2820 2707
f 2707 2820 2819
f 2709 2821 2708
f 2708 2821 2820
f 2710 2822 2709
f 2709 2822 2821
f 2711 2823 2710
f 2710 2823 2822
f 2712 2824 2711
f 2711 2824 2823
f 2713 2825 2712
f 2712 2825 2824
f 2714 2826 2713
f 2713 2826 2825
f 2715 2827 2714
f 2714 2827 2826
f 2716 2828 2715
f 2715 2828 2827
f 2717 2829 2716
f 2716 2829 2828
f 2718 2830 2717
f 2717 2830 2829
f 2719 2831 2718
f 2718 2831 2830
f 2720 2832 2719
f 2719 2832 2831
f 2721 2833 2720
f 2720 2833 2832
f 2722 2834 2721
f 2721 2834 2833
f 2723 2835 2722
f 2722 2835 2834
f 2724 2836 2723
f 2723 2836 2835
f 2725 2837 2724
f 2724 2837 2836
f 2973 2971 2807
f 2973 2807 2808
f 2973 2808 2974
f 2974 2808 2809
f 2974 2809 2975
f 2975 2809 2810
f 2975 2810 2976
f 2976 2810 2811
f 2976 2811 2977
f 2977 2811 2812
f 2977 2812 2978
f 2978 2812 2813
f 2978 2813 2979
f 2979 2813 2814
f 2979 2814 2980
f 2980 2814 2815
f 2980 2815 2981
f 2981 2815 2816
f 2981 2816 2982
f 2982 2816 2817
f 2982 2817 2983
f 2983 2817 2818
f 2983 2818 2984
f 2984 2818 2819
f 2984 2819 2985
f 2985 2819 2820
f 2985 2820 2986
f 2986 2820 2821
f 2986 2821 2987
f 2987 2821 2822
f 2987 2822 2988
f 2988 2822 2823
f 2988 2823 2989
f 2989 2823 2824
f 2989 2824 2990
f 2990 2824 2825
f 2990 2825 2991
f 2991 2825 2826
f 2991 2826 2992
f 2992 2826 2827
f 2992 2827 2993
f 2993 2827 2828
f 2993 2828 2994
f 2994 2828 2829
f 2994 2829 2995
f 2995 2829 2830
f 2995 2830 2996
f 2996 2830 2831
f 2996 2831 2997
f 2997 2831 2832
f 2997 2832 2998
f 2998 2832 2833
f 2998 2833 2999
f 2999 2833 2834
f 2999 2834 3000
f 3000 2834 2835
f 3000 2835 3001
f 3001 2835 2836
f 3001 2836 3002
f 3002 2836 2837
f 3002 2837 3003
f 3085 3084 2863
f 3085 2863 2919
f 2863 3029 2864
f 3084 3029 2863
f 2864 3030 2865
f 3029 3030 2864
f 2865 3031 2866
f 3030 3031 2865
f 2866 3032 2867
f 3031 3032 2866
f 2867 3033 2868
f 3032 3033 2867
f 2868 3034 2869
f 3033 3034 2868
f 2869 3035 2870
f 3034 3035 2869
f 2870 3036 2871
f 3035 3036 2870
f 2871 3037 2872
f 3036 3037 2871
f 2872 3038 2873
f 3037 3038 2872
f 2873 3039 2874
f 3038 3039 2873
f 2874 3040 2875
f 3039 3040 2874
f 2875 3041 2876
f 3040 3041 2875
f 2876 3042 2877
f 3041 3042 2876
f 2877 3043 2878
f 3042 3043 2877
f 2878 3044 2879
f 3043 3044 2878
f 2879 3045 2880
f 3044 3045 2879
f 2880 3046 2881
f 3045 3046 2880
f 2881 3047 2882
f 3046 3047 2881
f 2882 3048 2883
f 3047 3048 2882
f 2883 3049 2884
f 3048 3049 2883
f 2884 3050 2885
f 3049 3050 2884
f 2885 3051 2886
f 3050 3051 2885
f 2886 3052 2887
f 3051 3052 2886
f 2887 3053 2888
f 3052 3053 2887
f 2888 3054 2889
f 3053 3054 2888
f 2889 3055 2890
f 3054 3055 2889
f 2890 3056 2891
f 3055 3056 2890
f 2891 3057 2892
f 3056 3057 2891
f 2892 3058 2893
f 3057 3058 2892
f 2921 3085 2919
f 2921 3087 3085
f 2923 3087 2921
f 2923 3089 3087
f 2925 3089 2923
f 2925 3091 3089
f 2927 3091 2925
f 2927 3093 3091
f 2929 3093 2927
f 2929 3095 3093
f 2931 3095 2929
f 2931 3097 3095
f 2933 3097 2931
f 2933 3099 3097
f 2935 3099 2933
f 2935 3101 3099
f 2937 3101 2935
f 2937 3103 3101
f 2939 3103 2937
f 2939 3105 3103
f 2941 3105 2939
f 2941 3107 3105
f 2943 3107 2941
f 2943 3109 3107
f 2945 3109 2943
f 2945 3111 3109
f 2947 3111 2945
f 2947 3113 3111
f 2949 3113 2947
f 2949 3115 3113
f 2951 3115 2949
f 2951 3117 3115
f 2953 3117 2951
f 2953 3119 3117
f 2955 3119 2953
f 2955 3121 3119
f 2957 3121 2955
f 2957 3123 3121
f 2959 3123 2957
f 2959 3125 3123
f 2961 3125 2959
f 2961 3127 3125
f 2963 3127 2961
f 2963 3129 3127
f 2965 3129 2963
f 2965 3131 3129
f 2967 3131 2965
f 2967 3133 3131
f 2969 3133 2967
f 2969 3135 3133
f 2971 3135 2969
f 2971 3137 3135
f 3139 3137 2971
f 3139 2971 2973
f 3140 2973 2974
f 3140 3139 2973
f 3141 2974 2975
f 3141 3140 2974
f 3142 2975 2976
f 3142 3141 2975
f 3143 2976 2977
f 3143 3142 2976
f 3144 2977 2978
f 3144 3143 2977
f 3145 2978 2979
f 3145 3144 2978
f 3146 2979 2980
f 3146 3145 2979
f 3147 2980 2981
f 3147 3146 2980
f 3148 2981 2982
f 3148 3147 2981
f 3149 2982 2983
f 3149 3148 2982
f 3150 2983 2984
f 3150 3149 2983
f 3151 2984 2985
f 3151 3150 2984
f 3152 2985 2986
f 3152 3151 2985
f 3153 2986 2987
f 3153 3152 2986
f 3154 2987 2988
f 3154 3153 2987
f 3155 2988 2989
f 3155 3154 2988
f 3156 2989 2990
f 3156 3155 2989
f 3157 2990 2991
f 3157 3156 2990
f 3158 2991 2992
f 3158 3157 2991
f 3159 2992 2993
f 3159 3158 2992
f 3160 2993 2994
f 3160 3159 2993
f 3161 2994 2995
f 3161 3160 2994
f 3162 2995 2996
f 3162 3161 2995
f 3163 2996 2997
f 3163 3162 2996
f 3164 2997 2998
f 3164 3163 2997
f 3165 2998 2999
f 3165 3164 2998
f 3166 2999 3000
f 3166 3165 2999
f 3167 3000 3001
f 3167 3166 3000
f 3168 3001 3002
f 3168 3167 3001
f 3169 3002 3003
f 3169 3168 3002
f 3251 3250 3084
f 3251 3084 3085
f 3084 3195 3029
f 3250 3195 3084
f 3029 3196 3030
f 3195 3196 3029
f 3030 3197 3031
f 3196 3197 3030
f 3031 3198 3032
f 3197 3198 3031
f 3032 3199 3033
f 3198 3199 3032
f 3033 3200 3034
f 3199 3200 3033
f 3034 3201 3035
f 3200 3201 3034
f 3035 3202 3036
f 3201 3202 3035
f 3036 3203 3037
f 3202 3203 3036
f 3037 3204 3038
f 3203 3204 3037
f 3038 3205 3039
f 3204 3205 3038
f 3039 3206 3040
f 3205 3206 3039
f 3040 3207 3041
f 3206 3207 3040
f 3041 3208 3042
f 3207 3208 3041
f 3042 3209 3043
f 3208 3209 3042
f 3043 3210 3044
f 3209 3210 3043
f 3044 3211 3045
f 3210 3211 3044
f 3045 3212 3046
f 3211 3212 3045
f 3046 3213 3047
f 3212 3213 3046
f 3047 3214 3048
f 3213 3214 3047
f 3048 3215 3049
f 3214 3215 3048
f 3049 3216 3050
f 3215 3216 3049
f 3050 3217 3051
f 3216 3217 3050
f 3051 3218 3052
f 3217 3218 3051
f 3052 3219 3053
f 3218 3219 3052
f 3053 3220 3054
f 3219 3220 3053
f 3054 3221 3055
f 3220 3221 3054
f 3055 3222 3056
f 3221 3222 3055
f 3056 3223 3057
f 3222 3223 3056
f 3057 3224 3058
f 3223 3224 3057
f 3087 3251 3085
f 3087 3253 3251
f 3089 3253 3087
f 3089 3255 3253
f 3091 3255 3089
f 3091 3257 3255
f 3093 3257 3091
f 3093 3259 3257
f 3095 3259 3093
f 3095 3261 3259
f 3097 3261 3095
f 3097 3263 3261
f 3099 3263 3097
f 3099 3265 3263
f 3101 3265 3099
f 3101 3267 3265
f 3103 3267 3101
f 3103 3269 3267
f 3105 3269 3103
f 3105 3271 3269
f 3107 3271 3105
f 3107 3273 3271
f 3109 3273 3107
f 3109 3275 3273
f 3111 3275 3109
f 3111 3277 3275
f 3113 3277 3111
f 3113 3279 3277
f 3115 3279 3113
f 3115 3281 3279
f 3117 3281 3115
f 3117 3283 3281
f 3119 3283 3117
f 3119 3285 3283
f 3121 3285 3119
f 3121 3287 3285
f 3123 3287 3121
f 3123 3289 3287
f 3125 3289 3123
f 3125 3291 3289
f 3127 3291 3125
f 3127 3293 3291
f 3129 3293 3127
f 3129 3295 3293
f 3131 3295 3129
f 3131 3297 3295
f 3133 3297 3131
f 3133 3299 3297
f 3135 3299 3133
f 3135 3301 3299
f 3137 3301 3135
f 3137 3303 3301
f 3305 3303 3137
f 3305 3137 3139
f 3306 3139 3140
f 3306 3305 3139
f 3307 3140 3141
f 3307 3306 3140
f 3308 3141 3142
f 3308 3307 3141
f 3309 3142 3143
f 3309 3308 3142
f 3310 3143 3144
f 3310 3309 3143
f 3311 3144 3145
f 3311 3310 3144
f 3312 3145 3146
f 3312 3311 3145
f 3313 3146 3147
f 3313 3312 3146
f 3314 3147 3148
f 3314 3313 3147
f 3315 3148 3149
f 3315 3314 3148
f 3316 3149 3150
f 3316 3315 3149
f 3317 3150 3151
f 3317 3316 3150
f 3318 3151 3152
f 3318 3317 3151
f 3319 3152 3153
f 3319 3318 3152
f 3320 3153 3154
f 3320 3319 3153
f 3321 3154 3155
f 3321 3320 3154
f 3322 3155 3156
f 3322 3321 3155
f 3323 3156 3157
f 3323 3322 3156
f 3324 3157 3158
f 3324 3323 3157
f 3325 3158 3159
f 3325 3324 3158
f 3326 3159 3160
f 3326 3325 3159
f 3327 3160 3161
f 3327 3326 3160
f 3328 3161 3162
f 3328 3327 3161
f 3329 3162 3163
f 3329 3328 3162
f 3330 3163 3164
f 3330 3329 3163
f 3331 3164 3165
f 3331 3330 3164
f 3332 3165 3166
f 3332 3331 3165
f 3333 3166 3167
f 3333 3332 3166
f 3334 3167 3168
f 3334 3333 3167
f 3335 3168 3169
f 3335 3334 3168
f 3417 3416 3250
f 3417 3250 3251
f 3250 3361 3195
f 3416 3361 3250
f 3195 3362 3196
f 3361 3362 3195
f 3196 3363 3197
f 3362 3363 3196
f 3197 3364 3198
f 3363 3364 3197
f 3198 3365 3199
f 3364 3365 3198
f 3199 3366 3200
f 3365 3366 3199
f 3200 3367 3201
f 3366 3367 3200
f 3201 3368 3202
f 3367 3368 3201
f 3202 3369 3203
f 3368 3369 3202
f 3203 3370 3204
f 3369 3370 3203
f 3204 3371 3205
f 3370 3371 3204
f 3205 3372 3206
f 3371 3372 3205
f 3206 3373 3207
f 3372 3373 3206
f 3207 3374 3208
f 3373 3374 3207
f 3208 3375 3209
f 3374 3375 3208
f 3209 3376 3210
f 3375 3376 3209
f 3210 3377 3211
f 3376 3377 3210
f 3211 3378 3212
f 3377 3378 3211
f 3212 3379 3213
f 3378 3379 3212
f 3213 3380 3214
f 3379 3380 3213
f 3214 3381 3215
f 3380 3381 3214
f 3215 3382 3216
f 3381 3382 3215
f 3216 3383 3217
f 3382 3383 3216
f 3217 3384 3218
f 3383 3384 3217
f 3218 3385 3219
f 3384 3385 3218
f 3219 3386 3220
f 3385 3386 3219
f 3220 3387 3221
f 3386 3387 3220
f 3221 3388 3222
f 3387 3388 3221
f 3222 3389 3223
f 3388 3389 3222
f 3223 3390 3224
f 3389 3390 3223
f 3253 3417 3251
f 3253 3419 3417
f 3255 3419 3253
f 3255 3421 3419
f 3257 3421 3255
f 3257 3423 3421
f 3259 3423 3257
f 3259 3425 3423
f 3261 3425 3259
f 3261 3427 3425
f 3263 3427 3261
f 3263 3429 3427
f 3265 3429 3263
f 3265 3431 3429
f 3267 3431 3265
f 3267 3433 3431
f 3269 3433 3267
f 3269 3435 3433
f 3271 3435 3269
f 3271 3437 3435
f 3273 3437 3271
f 3273 3439 3437
f 3275 3439 3273
f 3275 3441 3439
f 3277 3441 3275
f 3277 3443 3441
f 3279 3443 3277
f 3279 3445 3443
f 3281 3445 3279
f 3281 3447 3445
f 3283 3447 3281
f 3283 3449 3447
f 3285 3449 3283
f 3285 3451 3449
f 3287 3451 3285
f 3287 3453 3451
f 3289 3453 3287
f 3289 3455 3453
f 3291 3455 3289
f 3291 3457 3455
f 3293 3457 3291
f 3293 3459 3457
f 3295 3459 3293
f 3295 3461 3459
f 3297 3461 3295
f 3297 3463 3461
f 3299 3463 3297
f 3299 3465 3463
f 3301 3465 3299
f 3301 3467 3465
f 3303 3467 3301
f 3303 3469 3467
f 3471 3469 3303
f 3471 3303 3305
f 3473 3305 3306
f 3473 3471 3305
f 3474 3306 3307
f 3474 3473 3306
f 3475 3307 3308
f 3475 3474 3307
f 3476 3308 3309
f 3476 3475 3308
f 3477 3309 3310
f 3477 3476 3309
f 3478 3310 3311
f 3478 3477 3310
f 3479 3311 3312
f 3479 3478 3311
f 3480 3312 3313
f 3480 3479 3312
f 3481 3313 3314
f 3481 3480 3313
f 3482 3314 3315
f 3482 3481 3314
f 3483 3315 3316
f 3483 3482 3315
f 3484 3316 3317
f 3484 3483 3316
f 3485 3317 3318
f 3485 3484 3317
f 3486 3318 3319
f 3486 3485 3318
f 3487 3319 3320
f 3487 3486 3319
f 3488 3320 3321
f 3488 3487 3320
f 3489 3321 3322
f 3489 3488 3321
f 3490 3322 3323
f 3490 3489 3322
f 3491 3323 3324
f 3491 3490 3323
f 3492 3324 3325
f 3492 3491 3324
f 3493 3325 3326
f 3493 3492 3325
f 3494 3326 3327
f 3494 3493 3326
f 3495 3327 3328
f 3495 3494 3327
f 3496 3328 3329
f 3496 3495 3328
f 3497 3329 3330
f 3497 3496 3329
f 3498 3330 3331
f 3498 3497 3330
f 3499 3331 3332
f 3499 3498 3331
f 3500 3332 3333
f 3500 3499 3332
f 3501 3333 3334
f 3501 3500 3333
f 3502 3334 3335
f 3502 3501 3334
f 3639 3583 3527
f 3584 3528 3527
f 3584 3527 3583
f 3585 3529 3528
f 3585 3528 3584
f 3586 3530 3529
f 3586 3529 3585
f 3587 3531 3530
f 3587 3530 3586
f 3588 3532 3531
f 3588 3531 3587
f 3589 3533 3532
f 3589 3532 3588
f 3590 3534 3533
f 3590 3533 3589
f 3591 3535 3534
f 3591 3534 3590
f 3592 3536 3535
f 3592 3535 3591
f 3593 3537 3536
f 3593 3536 3592
f 3594 3538 3537
f 3594 3537 3593
f 3595 3539 3538
f 3595 3538 3594
f 3596 3540 3539
f 3596 3539 3595
f 3597 3541 3540
f 3597 3540 3596
f 3598 3542 3541
f 3598 3541 3597
f 3599 3543 3542
f 3599 3542 3598
f 3600 3544 3543
f 3600 3543 3599
f 3601 3545 3544
f 3601 3544 3600
f 3602 3546 3545
f 3602 3545 3601
f 3603 3547 3546
f 3603 3546 3602
f 3604 3548 3547
f 3604 3547 3603
f 3605 3549 3548
f 3605 3548 3604
f 3606 3550 3549
f 3606 3549 3605
f 3607 3551 3550
f 3607 3550 3606
f 3608 3552 3551
f 3608 3551 3607
f 3609 3553 3552
f 3609 3552 3608
f 3610 3554 3553
f 3610 3553 3609
f 3611 3555 3554
f 3611 3554 3610
f 3612 3556 3555
f 3612 3555 3611
f 3613 3557 3556
f 3613 3556 3612
f 3639 3527 3416
f 3417 3639 3416
f 3641 3639 3417
f 3416 3527 3361
f 3361 3527 3528
f 3361 3528 3362
f 3362 3528 3529
f 3362 3529 3363
f 3363 3529 3530
f 3363 3530 3364
f 3364 3530 3531
f 3364 3531 3365
f 3365 3531 3532
f 3365 3532 3366
f 3366 3532 3533
f 3366 3533 3367
f 3367 3533 3534
f 3367 3534 3368
f 3368 3534 3535
f 3368 3535 3369
f 3369 3535 3536
f 3369 3536 3370
f 3370 3536 3537
f 3370 3537 3371
f 3371 3537 3538
f 3371 3538 3372
f 3372 3538 3539
f 3372 3539 3373
f 3373 3539 3540
f 3373 3540 3374
f 3374 3540 3541
f 3374 3541 3375
f 3375 3541 3542
f 3375 3542 3376
f 3376 3542 3543
f 3376 3543 3377
f 3377 3543 3544
f 3377 3544 3378
f 3378 3544 3545
f 3378 3545 3379
f 3379 3545 3546
f 3379 3546 3380
f 3380 3546 3547
f 3380 3547 3381
f 3381 3547 3548
f 3381 3548 3382
f 3382 3548 3549
f 3382 3549 3383
f 3383 3549 3550
f 3383 3550 3384
f 3384 3550 3551
f 3384 3551 3385
f 3385 3551 3552
f 3385 3552 3386
f 3386 3552 3553
f 3386 3553 3387
f 3387 3553 3554
f 3387 3554 3388
f 3388 3554 3555
f 3388 3555 3389
f 3389 3555 3556
f 3389 3556 3390
f 3390 3556 3557
f 3419 3641 3417
f 3419 3643 3641
f 3421 3643 3419
f 3421 3645 3643
f 3423 3645 3421
f 3423 3647 3645
f 3425 3647 3423
f 3425 3649 3647
f 3427 3649 3425
f 3427 3651 3649
f 3429 3651 3427
f 3429 3653 3651
f 3431 3653 3429
f 3431 3655 3653
f 3433 3655 3431
f 3433 3657 3655
f 3435 3657 3433
f 3435 3659 3657
f 3437 3659 3435
f 3437 3661 3659
f 3439 3661 3437
f 3439 3663 3661
f 3441 3663 3439
f 3441 3665 3663
f 3443 3665 3441
f 3443 3667 3665
f 3445 3667 3443
f 3445 3669 3667
f 3447 3669 3445
f 3447 3671 3669
f 3449 3671 3447
f 3449 3673 3671
f 3451 3673 3449
f 3451 3675 3673
f 3453 3675 3451
f 3453 3677 3675
f 3455 3677 3453
f 3455 3679 3677
f 3457 3679 3455
f 3457 3681 3679
f 3459 3681 3457
f 3459 3683 3681
f 3461 3683 3459
f 3461 3685 3683
f 3463 3685 3461
f 3463 3687 3685
f 3465 3687 3463
f 3465 3689 3687
f 3467 3689 3465
f 3467 3691 3689
f 3469 3691 3467
f 3469 3693 3691
f 3695 3693 3469
f 3695 3469 3471
f 3697 3471 3473
f 3697 3695 3471
f 3698 3473 3474
f 3698 3697 3473
f 3699 3474 3475
f 3699 3698 3474
f 3700 3475 3476
f 3700 3699 3475
f 3701 3476 3477
f 3701 3700 3476
f 3702 3477 3478
f 3702 3701 3477
f 3703 3478 3479
f 3703 3702 3478
f 3704 3479 3480
f 3704 3703 3479
f 3705 3480 3481
f 3705 3704 3480
f 3706 3481 3482
f 3706 3705 3481
f 3707 3482 3483
f 3707 3706 3482
f 3708 3483 3484
f 3708 3707 3483
f 3709 3484 3485
f 3709 3708 3484
f 3710 3485 3486
f 3710 3709 3485
f 3711 3486 3487
f 3711 3710 3486
f 3712 3487 3488
f 3712 3711 3487
f 3713 3488 3489
f 3713 3712 3488
f 3714 3489 3490
f 3714 3713 3489
f 3715 3490 3491
f 3715 3714 3490
f 3716 3491 3492
f 3716 3715 3491
f 3717 3492 3493
f 3717 3716 3492
f 3718 3493 3494
f 3718 3717 3493
f 3719 3494 3495
f 3719 3718 3494
f 3720 3495 3496
f 3720 3719 3495
f 3721 3496 3497
f 3721 3720 3496
f 3722 3497 3498
f 3722 3721 3497
f 3723 3498 3499
f 3723 3722 3498
f 3724 3499 3500
f 3724 3723 3499
f 3725 3500 3501
f 3725 3724 3500
f 3726 3501 3502
f 3726 3725 3501
f 3807 3751 3583
f 3807 3583 3639
f 3583 3752 3584
f 3751 3752 3583
f 3584 3753 3585
f 3752 3753 3584
f 3585 3754 3586
f 3753 3754 3585
f 3586 3755 3587
f 3754 3755 3586
f 3587 3756 3588
f 3755 3756 3587
f 3588 3757 3589
f 3756 3757 3588
f 3589 3758 3590
f 3757 3758 3589
f 3590 3759 3591
f 3758 3759 3590
f 3591 3760 3592
f 3759 3760 3591
f 3592 3761 3593
f 3760 3761 3592
f 3593 3762 3594
f 3761 3762 3593
f 3594 3763 3595
f 3762 3763 3594
f 3595 3764 3596
f 3763 3764 3595
f 3596 3765 3597
f 3764 3765 3596
f 3597 3766 3598
f 3765 3766 3597
f 3598 3767 3599
f 3766 3767 3598
f 3599 3768 3600
f 3767 3768 3599
f 3600 3769 3601
f 3768 3769 3600
f 3601 3770 3602
f 3769 3770 3601
f 3602 3771 3603
f 3770 3771 3602
f 3603 3772 3604
f 3771 3772 3603
f 3604 3773 3605
f 3772 3773 3604
f 3605 3774 3606
f 3773 3774 3605
f 3606 3775 3607
f 3774 3775 3606
f 3607 3776 3608
f 3775 3776 3607
f 3608 3777 3609
f 3776 3777 3608
f 3609 3778 3610
f 3777 3778 3609
f 3610 3779 3611
f 3778 3779 3610
f 3611 3780 3612
f 3779 3780 3611
f 3612 3781 3613
f 3780 3781 3612
f 3641 3807 3639
f 3641 3809 3807
f 3643 3809 3641
f 3643 3811 3809
f 3645 3811 3643
f 3645 3813 3811
f 3647 3813 3645
f 3647 3815 3813
f 3649 3815 3647
f 3649 3817 3815
f 3651 3817 3649
f 3651 3819 3817
f 3653 3819 3651
f 3653 3821 3819
f 3655 3821 3653
f 3655 3823 3821
f 3657 3823 3655
f 3657 3825 3823
f 3659 3825 3657
f 3659 3827 3825
f 3661 3827 3659
f 3661 3829 3827
f 3663 3829 3661
f 3663 3831 3829
f 3665 3831 3663
f 3665 3833 3831
f 3667 3833 3665
f 3667 3835 3833
f 3669 3835 3667
f 3669 3837 3835
f 3671 3837 3669
f 3671 3839 3837
f 3673 3839 3671
f 3673 3841 3839
f 3675 3841 3673
f 3675 3843 3841
f 3677 3843 3675
f 3677 3845 3843
f 3679 3845 3677
f 3679 3847 3845
f 3681 3847 3679
f 3681 3849 3847
f 3683 3849 3681
f 3683 3851 3849
f 3685 3851 3683
f 3685 3853 3851
f 3687 3853 3685
f 3687 3855 3853
f 3689 3855 3687
f 3689 3857 3855
f 3691 3857 3689
f 3691 3859 3857
f 3693 3859 3691
f 3693 3861 3859
f 3863 3861 3693
f 3863 3693 3695
f 3865 3695 3697
f 3865 3863 3695
f 3866 3697 3698
f 3866 3865 3697
f 3867 3698 3699
f 3867 3866 3698
f 3868 3699 3700
f 3868 3867 3699
f 3869 3700 3701
f 3869 3868 3700
f 3870 3701 3702
f 3870 3869 3701
f 3871 3702 3703
f 3871 3870 3702
f 3872 3703 3704
f 3872 3871 3703
f 3873 3704 3705
f 3873 3872 3704
f 3874 3705 3706
f 3874 3873 3705
f 3875 3706 3707
f 3875 3874 3706
f 3876 3707 3708
f 3876 3875 3707
f 3877 3708 3709
f 3877 3876 3708
f 3878 3709 3710
f 3878 3877 3709
f 3879 3710 3711
f 3879 3878 3710
f 3880 3711 3712
f 3880 3879 3711
f 3881 3712 3713
f 3881 3880 3712
f 3882 3713 3714
f 3882 3881 3713
f 3883 3714 3715
f 3883 3882 3714
f 3884 3715 3716
f 3884 3883 3715
f 3885 3716 3717
f 3885 3884 3716
f 3886 3717 3718
f 3886 3885 3717
f 3887 3718 3719
f 3887 3886 3718
f 3888 3719 3720
f 3888 3887 3719
f 3889 3720 3721
f 3889 3888 3720
f 3890 3721 3722
f 3890 3889 3721
f 3891 3722 3723
f 3891 3890 3722
f 3892 3723 3724
f 3892 3891 3723
f 3893 3724 3725
f 3893 3892 3724
f 3894 3725 3726
f 3894 3893 3725
f 3975 3919 3751
f 3975 3751 3807
f 3751 3920 3752
f 3919 3920 3751
f 3752 3921 3753
f 3920 3921 3752
f 3753 3922 3754
f 3921 3922 3753
f 3754 3923 3755
f 3922 3923 3754
f 3755 3924 3756
f 3923 3924 3755
f 3756 3925 3757
f 3924 3925 3756
f 3757 3926 3758
f 3925 3926 3757
f 3758 3927 3759
f 3926 3927 3758
f 3759 3928 3760
f 3927 3928 3759
f 3760 3929 3761
f 3928 3929 3760
f 3761 3930 3762
f 3929 3930 3761
f 3762 3931 3763
f 3930 3931 3762
f 3763 3932 3764
f 3931 3932 3763
f 3764 3933 3765
f 3932 3933 3764
f 3765 3934 3766
f 3933 3934 3765
f 3766 3935 3767
f 3934 3935 3766
f 3767 3936 3768
f 3935 3936 3767
f 3768 3937 3769
f 3936 3937 3768
f 3769 3938 3770
f 3937 3938 3769
f 3770 3939 3771
f 3938 3939 3770
f 3771 3940 3772
f 3939 3940 3771
f 3772 3941 3773
f 3940 3941 3772
f 3773 3942 3774
f 3941 3942 3773
f 3774 3943 3775
f 3942 3943 3774
f 3775 3944 3776
f 3943 3944 3775
f 3776 3945 3777
f 3944 3945 3776
f 3777 3946 3778
f 3945 3946 3777
f 3778 3947 3779
f 3946 3947 3778
f 3779 3948 3780
f 3947 3948 3779
f 3780 3949 3781
f 3948 3949 3780
f 3809 3975 3807
f 3809 3977 3975
f 3811 3977 3809
f 3811 3979 3977
f 3813 3979 3811
f 3813 3981 3979
f 3815 3981 3813
f 3815 3983 3981
f 3817 3983 3815
f 3817 3985 3983
f 3819 3985 3817
f 3819 3987 3985
f 3821 3987 3819
f 3821 3989 3987
f 3823 3989 3821
f 3823 3991 3989
f 3825 3991 3823
f 3825 3993 3991
f 3827 3993 3825
f 3827 3995 3993
f 3829 3995 3827
f 3829 3997 3995
f 3831 3997 3829
f 3831 3999 3997
f 3833 3999 3831
f 3833 4001 3999
f 3835 4001 3833
f 3835 4003 4001
f 3837 4003 3835
f 3837 4005 4003
f 3839 4005 3837
f 3839 4007 4005
f 3841 4007 3839
f 3841 4009 4007
f 3843 4009 3841
f 3843 4011 4009
f 3845 4011 3843
f 3845 4013 4011
f 3847 4013 3845
f 3847 4015 4013
f 3849 4015 3847
f 3849 4017 4015
f 3851 4017 3849
f 3851 4019 4017
f 3853 4019 3851
f 3853 4021 4019
f 3855 4021 3853
f 3855 4023 4021
f 3857 4023 3855
f 3857 4025 4023
f 3859 4025 3857
f 3859 4027 4025
f 3861 4027 3859
f 3861 4029 4027
f 4031 4029 3861
f 4031 3861 3863
f 4033 3863 3865
f 4033 4031 3863
f 4034 3865 3866
f 4034 4033 3865
f 4035 3866 3867
f 4035 4034 3866
f 4036 3867 3868
f 4036 4035 3867
f 4037 3868 3869
f 4037 4036 3868
f 4038 3869 3870
f 4038 4037 3869
f 4039 3870 3871
f 4039 4038 3870
f 4040 3871 3872
f 4040 4039 3871
f 4041 3872 3873
f 4041 4040 3872
f 4042 3873 3874
f 4042 4041 3873
f 4043 3874 3875
f 4043 4042 3874
f 4044 3875 3876
f 4044 4043 3875
f 4045 3876 3877
f 4045 4044 3876
f 4046 3877 3878
f 4046 4045 3877
f 4047 3878 3879
f 4047 4046 3878
f 4048 3879 3880
f 4048 4047 3879
f 4049 3880 3881
f 4049 4048 3880
f 4050 3881 3882
f 4050 4049 3881
f 4051 3882 3883
f 4051 4050 3882
f 4052 3883 3884
f 4052 4051 3883
f 4053 3884 3885
f 4053 4052 3884
f 4054 3885 3886
f 4054 4053 3885
f 4055 3886 3887
f 4055 4054 3886
f 4056 3887 3888
f 4056 4055 3887
f 4057 3888 3889
f 4057 4056 3888
f 4058 3889 3890
f 4058 4057 3889
f 4059 3890 3891
f 4059 4058 3890
f 4060 3891 3892
f 4060 4059 3891
f 4061 3892 3893
f 4061 4060 3892
f 4062 3893 3894
f 4062 4061 3893
f 3975 4087 3919
f 4088 3920 3919
f 4088 3919 4087
f 4089 3921 3920
f 4089 3920 4088
f 4090 3922 3921
f 4090 3921 4089
f 4091 3923 3922
f 4091 3922 4090
f 4092 3924 3923
f 4092 3923 4091
f 4093 3925 3924
f 4093 3924 4092
f 4094 3926 3925
f 4094 3925 4093
f 4095 3927 3926
f 4095 3926 4094
f 4096 3928 3927
f 4096 3927 4095
f 4097 3929 3928
f 4097 3928 4096
f 4098 3930 3929
f 4098 3929 4097
f 4099 3931 3930
f 4099 3930 4098
f 4100 3932 3931
f 4100 3931 4099
f 4101 3933 3932
f 4101 3932 4100
f 4102 3934 3933
f 4102 3933 4101
f 4103 3935 3934
f 4103 3934 4102
f 4104 3936 3935
f 4104 3935 4103
f 4105 3937 3936
f 4105 3936 4104
f 4106 3938 3937
f 4106 3937 4105
f 4107 3939 3938
f 4107 3938 4106
f 4108 3940 3939
f 4108 3939 4107
f 4109 3941 3940
f 4109 3940 4108
f 4110 3942 3941
f 4110 3941 4109
f 4111 3943 3942
f 4111 3942 4110
f 4112 3944 3943
f 4112 3943 4111
f 4113 3945 3944
f 4113 3944 4112
f 4114 3946 3945
f 4114 3945 4113
f 4115 3947 3946
f 4115 3946 4114
f 4116 3948 3947
f 4116 3947 4115
f 4117 3949 3948
f 4117 3948 4116
f 4199 4198 4087
f 3975 4199 4087
f 3977 4199 3975
f 4087 4198 4088
f 4088 4198 4143
f 4088 4143 4089
f 4089 4143 4144
f 4089 4144 4090
f 4090 4144 4145
f 4090 4145 4091
f 4091 4145 4146
f 4091 4146 4092
f 4092 4146 4147
f 4092 4147 4093
f 4093 4147 4148
f 4093 4148 4094
f 4094 4148 4149
f 4094 4149 4095
f 4095 4149 4150
f 4095 4150 4096
f 4096 4150 4151
f 4096 4151 4097
f 4097 4151 4152
f 4097 4152 4098
f 4098 4152 4153
f 4098 4153 4099
f 4099 4153 4154
f 4099 4154 4100
f 4100 4154 4155
f 4100 4155 4101
f 4101 4155 4156
f 4101 4156 4102
f 4102 4156 4157
f 4102 4157 4103
f 4103 4157 4158
f 4103 4158 4104
f 4104 4158 4159
f 4104 4159 4105
f 4105 4159 4160
f 4105 4160 4106
f 4106 4160 4161
f 4106 4161 4107
f 4107 4161 4162
f 4107 4162 4108
f 4108 4162 4163
f 4108 4163 4109
f 4109 4163 4164
f 4109 4164 4110
f 4110 4164 4165
f 4110 4165 4111
f 4111 4165 4166
f 4111 4166 4112
f 4112 4166 4167
f 4112 4167 4113
f 4113 4167 4168
f 4113 4168 4114
f 4114 4168 4169
f 4114 4169 4115
f 4115 4169 4170
f 4115 4170 4116
f 4116 4170 4171
f 4116 4171 4117
f 4117 4171 4172
f 3979 4199 3977
f 3979 4201 4199
f 3981 4201 3979
f 3981 4203 4201
f 3983 4203 3981
f 3983 4205 4203
f 3985 4205 3983
f 3985 4207 4205
f 3987 4207 3985
f 3987 4209 4207
f 3989 4209 3987
f 3989 4211 4209
f 3991 4211 3989
f 3991 4213 4211
f 3993 4213 3991
f 3993 4215 4213
f 3995 4215 3993
f 3995 4217 4215
f 3997 4217 3995
f 3997 4219 4217
f 3999 4219 3997
f 3999 4221 4219
f 4001 4221 3999
f 4001 4223 4221
f 4003 4223 4001
f 4003 4225 4223
f 4005 4225 4003
f 4005 4227 4225
f 4007 4227 4005
f 4007 4229 4227
f 4009 4229 4007
f 4009 4231 4229
f 4011 4231 4009
f 4011 4233 4231
f 4013 4233 4011
f 4013 4235 4233
f 4015 4235 4013
f 4015 4237 4235
f 4017 4237 4015
f 4017 4239 4237
f 4019 4239 4017
f 4019 4241 4239
f 4021 4241 4019
f 4021 4243 4241
f 4023 4243 4021
f 4023 4245 4243
f 4025 4245 4023
f 4025 4247 4245
f 4027 4247 4025
f 4027 4249 4247
f 4029 4249 4027
f 4029 4251 4249
f 4253 4251 4029
f 4253 4029 4031
f 4255 4031 4033
f 4255 4253 4031
f 4256 4033 4034
f 4256 4255 4033
f 4257 4034 4035
f 4257 4256 4034
f 4258 4035 4036
f 4258 4257 4035
f 4259 4036 4037
f 4259 4258 4036
f 4260 4037 4038
f 4260 4259 4037
f 4261 4038 4039
f 4261 4260 4038
f 4262 4039 4040
f 4262 4261 4039
f 4263 4040 4041
f 4263 4262 4040
f 4264 4041 4042
f 4264 4263 4041
f 4265 4042 4043
f 4265 4264 4042
f 4266 4043 4044
f 4266 4265 4043
f 4267 4044 4045
f 4267 4266 4044
f 4268 4045 4046
f 4268 4267 4045
f 4269 4046 4047
f 4269 4268 4046
f 4270 4047 4048
f 4270 4269 4047
f 4271 4048 4049
f 4271 4270 4048
f 4272 4049 4050
f 4272 4271 4049
f 4273 4050 4051
f 4273 4272 4050
f 4274 4051 4052
f 4274 4273 4051
f 4275 4052 4053
f 4275 4274 4052
f 4276 4053 4054
f 4276 4275 4053
f 4277 4054 4055
f 4277 4276 4054
f 4278 4055 4056
f 4278 4277 4055
f 4279 4056 4057
f 4279 4278 4056
f 4280 4057 4058
f 4280 4279 4057
f 4281 4058 4059
f 4281 4280 4058
f 4282 4059 4060
f 4282 4281 4059
f 4283 4060 4061
f 4283 4282 4060
f 4284 4061 4062
f 4284 4283 4061
f 4365 4364 4198
f 4365 4198 4199
f 4198 4309 4143
f 4364 4309 4198
f 4143 4310 4144
f 4309 4310 4143
f 4144 4311 4145
f 4310 4311 4144
f 4145 4312 4146
f 4311 4312 4145
f 4146 4313 4147
f 4312 4313 4146
f 4147 4314 4148
f 4313 4314 4147
f 4148 4315 4149
f 4314 4315 4148
f 4149 4316 4150
f 4315 4316 4149
f 4150 4317 4151
f 4316 4317 4150
f 4151 4318 4152
f 4317 4318 4151
f 4152 4319 4153
f 4318 4319 4152
f 4153 4320 4154
f 4319 4320 4153
f 4154 4321 4155
f 4320 4321 4154
f 4155 4322 4156
f 4321 4322 4155
f 4156 4323 4157
f 4322 4323 4156
f 4157 4324 4158
f 4323 4324 4157
f 4158 4325 4159
f 4324 4325 4158
f 4159 4326 4160
f 4325 4326 4159
f 4160 4327 4161
f 4326 4327 4160
f 4161 4328 4162
f 4327 4328 4161
f 4162 4329 4163
f 4328 4329 4162
f 4163 4330 4164
f 4329 4330 4163
f 4164 4331 4165
f 4330 4331 4164
f 4165 4332 4166
f 4331 4332 4165
f 4166 4333 4167
f 4332 4333 4166
f 4167 4334 4168
f 4333 4334 4167
f 4168 4335 4169
f 4334 4335 4168
f 4169 4336 4170
f 4335 4336 4169
f 4170 4337 4171
f 4336 4337 4170
f 4171 4338 4172
f 4337 4338 4171
f 4201 4365 4199
f 4201 4367 4365
f 4203 4367 4201
f 4203 4369 4367
f 4205 4369 4203
f 4205 4371 4369
f 4207 4371 4205
f 4207 4373 4371
f 4209 4373 4207
f 4209 4375 4373
f 4211 4375 4209
f 4211 4377 4375
f 4213 4377 4211
f 4213 4379 4377
f 4215 4379 4213
f 4215 4381 4379
f 4217 4381 4215
f 4217 4383 4381
f 4219 4383 4217
f 4219 4385 4383
f 4221 4385 4219
f 4221 4387 4385
f 4223 4387 4221
f 4223 4389 4387
f 4225 4389 4223
f 4225 4391 4389
f 4227 4391 4225
f 4227 4393 4391
f 4229 4393 4227
f 4229 4395 4393
f 4231 4395 4229
f 4231 4397 4395
f 4233 4397 4231
f 4233 4399 4397
f 4235 4399 4233
f 4235 4401 4399
f 4237 4401 4235
f 4237 4403 4401
f 4239 4403 4237
f 4239 4405 4403
f 4241 4405 4239
f 4241 4407 4405
f 4243 4407 4241
f 4243 4409 4407
f 4245 4409 4243
f 4245 4411 4409
f 4247 4411 4245
f 4247 4413 4411
f 4249 4413 4247
f 4249 4415 4413
f 4251 4415 4249
f 4251 4417 4415
f 4419 4417 4251
f 4419 4251 4253
f 4420 4253 4255
f 4420 4419 4253
f 4421 4255 4256
f 4421 4420 4255
f 4422 4256 4257
f 4422 4421 4256
f 4423 4257 4258
f 4423 4422 4257
f 4424 4258 4259
f 4424 4423 4258
f 4425 4259 4260
f 4425 4424 4259
f 4426 4260 4261
f 4426 4425 4260
f 4427 4261 4262
f 4427 4426 4261
f 4428 4262 4263
f 4428 4427 4262
f 4429 4263 4264
f 4429 4428 4263
f 4430 4264 4265
f 4430 4429 4264
f 4431 4265 4266
f 4431 4430 4265
f 4432 4266 4267
f 4432 4431 4266
f 4433 4267 4268
f 4433 4432 4267
f 4434 4268 4269
f 4434 4433 4268
f 4435 4269 4270
f 4435 4434 4269
f 4436 4270 4271
f 4436 4435 4270
f 4437 4271 4272
f 4437 4436 4271
f 4438 4272 4273
f 4438 4437 4272
f 4439 4273 4274
f 4439 4438 4273
f 4440 4274 4275
f 4440 4439 4274
f 4441 4275 4276
f 4441 4440 4275
f 4442 4276 4277
f 4442 4441 4276
f 4443 4277 4278
f 4443 4442 4277
f 4444 4278 4279
f 4444 4443 4278
f 4445 4279 4280
f 4445 4444 4279
f 4446 4280 4281
f 4446 4445 4280
f 4447 4281 4282
f 4447 4446 4281
f 4448 4282 4283
f 4448 4447 4282
f 4449 4283 4284
f 4449 4448 4283
f 4531 4475 4364
f 4531 4364 4365
f 4364 4476 4309
f 4475 4476 4364
f 4309 4477 4310
f 4476 4477 4309
f 4310 4478 4311
f 4477 4478 4310
f 4311 4479 4312
f 4478 4479 4311
f 4312 4480 4313
f 4479 4480 4312
f 4313 4481 4314
f 4480 4481 4313
f 4314 4482 4315
f 4481 4482 4314
f 4315 4483 4316
f 4482 4483 4315
f 4316 4484 4317
f 4483 4484 4316
f 4317 4485 4318
f 4484 4485 4317
f 4318 4486 4319
f 4485 4486 4318
f 4319 4487 4320
f 4486 4487 4319
f 4320 4488 4321
f 4487 4488 4320
f 4321 4489 4322
f 4488 4489 4321
f 4322 4490 4323
f 4489 4490 4322
f 4323 4491 4324
f 4490 4491 4323
f 4324 4492 4325
f 4491 4492 4324
f 4325 4493 4326
f 4492 4493 4325
f 4326 4494 4327
f 4493 4494 4326
f 4327 4495 4328
f 4494 4495 4327
f 4328 4496 4329
f 4495 4496 4328
f 4329 4497 4330
f 4496 4497 4329
f 4330 4498 4331
f 4497 4498 4330
f 4331 4499 4332
f 4498 4499 4331
f 4332 4500 4333
f 4499 4500 4332
f 4333 4501 4334
f 4500 4501 4333
f 4334 4502 4335
f 4501 4502 4334
f 4335 4503 4336
f 4502 4503 4335
f 4336 4504 4337
f 4503 4504 4336
f 4337 4505 4338
f 4504 4505 4337
f 4367 4531 4365
f 4367 4533 4531
f 4369 4533 4367
f 4369 4535 4533
f 4371 4535 4369
f 4371 4537 4535
f 4373 4537 4371
f 4373 4539 4537
f 4375 4539 4373
f 4375 4541 4539
f 4377 4541 4375
f 4377 4543 4541
f 4379 4543 4377
f 4379 4545 4543
f 4381 4545 4379
f 4381 4547 4545
f 4383 4547 4381
f 4383 4549 4547
f 4385 4549 4383
f 4385 4551 4549
f 4387 4551 4385
f 4387 4553 4551
f 4389 4553 4387
f 4389 4555 4553
f 4391 4555 4389
f 4391 4557 4555
f 4393 4557 4391
f 4393 4559 4557
f 4395 4559 4393
f 4395 4561 4559
f 4397 4561 4395
f 4397 4563 4561
f 4399 4563 4397
f 4399 4565 4563
f 4401 4565 4399
f 4401 4567 4565
f 4403 4567 4401
f 4403 4569 4567
f 4405 4569 4403
f 4405 4571 4569
f 4407 4571 4405
f 4407 4573 4571
f 4409 4573 4407
f 4409 4575 4573
f 4411 4575 4409
f 4411 4577 4575
f 4413 4577 4411
f 4413 4579 4577
f 4415 4579 4413
f 4415 4581 4579
f 4417 4581 4415
f 4417 4583 4581
f 4585 4583 4417
f 4585 4417 4419
f 4586 4419 4420
f 4586 4585 4419
f 4587 4420 4421
f 4587 4586 4420
f 4588 4421 4422
f 4588 4587 4421
f 4589 4422 4423
f 4589 4588 4422
f 4590 4423 4424
f 4590 4589 4423
f 4591 4424 4425
f 4591 4590 4424
f 4592 4425 4426
f 4592 4591 4425
f 4593 4426 4427
f 4593 4592 4426
f 4594 4427 4428
f 4594 4593 4427
f 4595 4428 4429
f 4595 4594 4428
f 4596 4429 4430
f 4596 4595 4429
f 4597 4430 4431
f 4597 4596 4430
f 4598 4431 4432
f 4598 4597 4431
f 4599 4432 4433
f 4599 4598 4432
f 4600 4433 4434
f 4600 4599 4433
f 4601 4434 4435
f 4601 4600 4434
f 4602 4435 4436
f 4602 4601 4435
f 4603 4436 4437
f 4603 4602 4436
f 4604 4437 4438
f 4604 4603 4437
f 4605 4438 4439
f 4605 4604 4438
f 4606 4439 4440
f 4606 4605 4439
f 4607 4440 4441
f 4607 4606 4440
f 4608 4441 4442
f 4608 4607 4441
f 4609 4442 4443
f 4609 4608 4442
f 4610 4443 4444
f 4610 4609 4443
f 4611 4444 4445
f 4611 4610 4444
f 4612 4445 4446
f 4612 4611 4445
f 4613 4446 4447
f 4613 4612 4446
f 4614 4447 4448
f 4614 4613 4447
f 4615 4448 4449
f 4615 4614 4448
f 4753 4697 4475
f 4753 4475 4531
f 4475 4698 4476
f 4697 4698 4475
f 4476 4699 4477
f 4698 4699 4476
f 4477 4700 4478
f 4699 4700 4477
f 4478 4701 4479
f 4700 4701 4478
f 4479 4702 4480
f 4701 4702 4479
f 4480 4703 4481
f 4702 4703 4480
f 4481 4704 4482
f 4703 4704 4481
f 4482 4705 4483
f 4704 4705 4482
f 4483 4706 4484
f 4705 4706 4483
f 4484 4707 4485
f 4706 4707 4484
f 4485 4708 4486
f 4707 4708 4485
f 4486 4709 4487
f 4708 4709 4486
f 4487 4710 4488
f 4709 4710 4487
f 4488 4711 4489
f 4710 4711 4488
f 4489 4712 4490
f 4711 4712 4489
f 4490 4713 4491
f 4712 4713 4490
f 4491 4714 4492
f 4713 4714 4491
f 4492 4715 4493
f 4714 4715 4492
f 4493 4716 4494
f 4715 4716 4493
f 4494 4717 4495
f 4716 4717 4494
f 4495 4718 4496
f 4717 4718 4495
f 4496 4719 4497
f 4718 4719 4496
f 4497 4720 4498
f 4719 4720 4497
f 4498 4721 4499
f 4720 4721 4498
f 4499 4722 4500
f 4721 4722 4499
f 4500 4723 4501
f 4722 4723 4500
f 4501 4724 4502
f 4723 4724 4501
f 4502 4725 4503
f 4724 4725 4502
f 4503 4726 4504
f 4725 4726 4503
f 4504 4727 4505
f 4726 4727 4504
f 4533 4753 4531
f 4533 4755 4753
f 4535 4755 4533
f 4535 4757 4755
f 4537 4757 4535
f 4537 4759 4757
f 4539 4759 4537
f 4539 4761 4759
f 4541 4761 4539
f 4541 4763 4761
f 4543 4763 4541
f 4543 4765 4763
f 4545 4765 4543
f 4545 4767 4765
f 4547 4767 4545
f 4547 4769 4767
f 4549 4769 4547
f 4549 4771 4769
f 4551 4771 4549
f 4551 4773 4771
f 4553 4773 4551
f 4553 4775 4773
f 4555 4775 4553
f 4555 4777 4775
f 4557 4777 4555
f 4557 4779 4777
f 4559 4779 4557
f 4559 4781 4779
f 4561 4781 4559
f 4561 4783 4781
f 4563 4783 4561
f 4563 4785 4783
f 4565 4785 4563
f 4565 4787 4785
f 4567 4787 4565
f 4567 4789 4787
f 4569 4789 4567
f 4569 4791 4789
f 4571 4791 4569
f 4571 4793 4791
f 4573 4793 4571
f 4573 4795 4793
f 4575 4795 4573
f 4575 4797 4795
f 4577 4797 4575
f 4577 4799 4797
f 4579 4799 4577
f 4579 4801 4799
f 4581 4801 4579
f 4581 4803 4801
f 4583 4641 4805
f 4803 4583 4805
f 4581 4583 4803
f 4642 4807 4641
f 4641 4807 4805
f 4643 4808 4642
f 4642 4808 4807
f 4644 4809 4643
f 4643 4809 4808
f 4645 4810 4644
f 4644 4810 4809
f 4646 4811 4645
f 4645 4811 4810
f 4647 4812 4646
f 4646 4812 4811
f 4648 4813 4647
f 4647 4813 4812
f 4649 4814 4648
f 4648 4814 4813
f 4650 4815 4649
f 4649 4815 4814
f 4651 4816 4650
f 4650 4816 4815
f 4652 4817 4651
f 4651 4817 4816
f 4653 4818 4652
f 4652 4818 4817
f 4654 4819 4653
f 4653 4819 4818
f 4655 4820 4654
f 4654 4820 4819
f 4656 4821 4655
f 4655 4821 4820
f 4657 4822 4656
f 4656 4822 4821
f 4658 4823 4657
f 4657 4823 4822
f 4659 4824 4658
f 4658 4824 4823
f 4660 4825 4659
f 4659 4825 4824
f 4661 4826 4660
f 4660 4826 4825
f 4662 4827 4661
f 4661 4827 4826
f 4663 4828 4662
f 4662 4828 4827
f 4664 4829 4663
f 4663 4829 4828
f 4665 4830 4664
f 4664 4830 4829
f 4666 4831 4665
f 4665 4831 4830
f 4667 4832 4666
f 4666 4832 4831
f 4668 4833 4667
f 4667 4833 4832
f 4669 4834 4668
f 4668 4834 4833
f 4670 4835 4669
f 4669 4835 4834
f 4671 4836 4670
f 4670 4836 4835
f 4585 4641 4583
f 4641 4585 4586
f 4641 4586 4642
f 4642 4586 4587
f 4642 4587 4643
f 4643 4587 4588
f 4643 4588 4644
f 4644 4588 4589
f 4644 4589 4645
f 4645 4589 4590
f 4645 4590 4646
f 4646 4590 4591
f 4646 4591 4647
f 4647 4591 4592
f 4647 4592 4648
f 4648 4592 4593
f 4648 4593 4649
f 4649 4593 4594
f 4649 4594 4650
f 4650 4594 4595
f 4650 4595 4651
f 4651 4595 4596
f 4651 4596 4652
f 4652 4596 4597
f 4652 4597 4653
f 4653 4597 4598
f 4653 4598 4654
f 4654 4598 4599
f 4654 4599 4655
f 4655 4599 4600
f 4655 4600 4656
f 4656 4600 4601
f 4656 4601 4657
f 4657 4601 4602
f 4657 4602 4658
f 4658 4602 4603
f 4658 4603 4659
f 4659 4603 4604
f 4659 4604 4660
f 4660 4604 4605
f 4660 4605 4661
f 4661 4605 4606
f 4661 4606 4662
f 4662 4606 4607
f 4662 4607 4663
f 4663 4607 4608
f 4663 4608 4664
f 4664 4608 4609
f 4664 4609 4665
f 4665 4609 4610
f 4665 4610 4666
f 4666 4610 4611
f 4666 4611 4667
f 4667 4611 4612
f 4667 4612 4668
f 4668 4612 4613
f 4668 4613 4669
f 4669 4613 4614
f 4669 4614 4670
f 4670 4614 4615
f 4670 4615 4671
f 4753 4861 4697
f 4862 4698 4697
f 4862 4697 4861
f 4863 4699 4698
f 4863 4698 4862
f 4864 4700 4699
f 4864 4699 4863
f 4865 4701 4700
f 4865 4700 4864
f 4866 4702 4701
f 4866 4701 4865
f 4867 4703 4702
f 4867 4702 4866
f 4868 4704 4703
f 4868 4703 4867
f 4869 4705 4704
f 4869 4704 4868
f 4870 4706 4705
f 4870 4705 4869
f 4871 4707 4706
f 4871 4706 4870
f 4872 4708 4707
f 4872 4707 4871
f 4873 4709 4708
f 4873 4708 4872
f 4874 4710 4709
f 4874 4709 4873
f 4875 4711 4710
f 4875 4710 4874
f 4876 4712 4711
f 4876 4711 4875
f 4877 4713 4712
f 4877 4712 4876
f 4878 4714 4713
f 4878 4713 4877
f 4879 4715 4714
f 4879 4714 4878
f 4880 4716 4715
f 4880 4715 4879
f 4881 4717 4716
f 4881 4716 4880
f 4882 4718 4717
f 4882 4717 4881
f 4883 4719 4718
f 4883 4718 4882
f 4884 4720 4719
f 4884 4719 4883
f 4885 4721 4720
f 4885 4720 4884
f 4886 4722 4721
f 4886 4721 4885
f 4887 4723 4722
f 4887 4722 4886
f 4888 4724 4723
f 4888 4723 4887
f 4889 4725 4724
f 4889 4724 4888
f 4890 4726 4725
f 4890 4725 4889
f 4891 4727 4726
f 4891 4726 4890
f 4973 4972 4861
f 4753 4973 4861
f 4755 4973 4753
f 4861 4972 4862
f 4862 4972 4917
f 4862 4917 4863
f 4863 4917 4918
f 4863 4918 4864
f 4864 4918 4919
f 4864 4919 4865
f 4865 4919 4920
f 4865 4920 4866
f 4866 4920 4921
f 4866 4921 4867
f 4867 4921 4922
f 4867 4922 4868
f 4868 4922 4923
f 4868 4923 4869
f 4869 4923 4924
f 4869 4924 4870
f 4870 4924 4925
f 4870 4925 4871
f 4871 4925 4926
f 4871 4926 4872
f 4872 4926 4927
f 4872 4927 4873
f 4873 4927 4928
f 4873 4928 4874
f 4874 4928 4929
f 4874 4929 4875
f 4875 4929 4930
f 4875 4930 4876
f 4876 4930 4931
f 4876 4931 4877
f 4877 4931 4932
f 4877 4932 4878
f 4878 4932 4933
f 4878 4933 4879
f 4879 4933 4934
f 4879 4934 4880
f 4880 4934 4935
f 4880 4935 4881
f 4881 4935 4936
f 4881 4936 4882
f 4882 4936 4937
f 4882 4937 4883
f 4883 4937 4938
f 4883 4938 4884
f 4884 4938 4939
f 4884 4939 4885
f 4885 4939 4940
f 4885 4940 4886
f 4886 4940 4941
f 4886 4941 4887
f 4887 4941 4942
f 4887 4942 4888
f 4888 4942 4943
f 4888 4943 4889
f 4889 4943 4944
f 4889 4944 4890
f 4890 4944 4945
f 4890 4945 4891
f 4891 4945 4946
f 4757 4973 4755
f 4757 4975 4973
f 4759 4975 4757
f 4759 4977 4975
f 4761 4977 4759
f 4761 4979 4977
f 4763 4979 4761
f 4763 4981 4979
f 4765 4981 4763
f 4765 4983 4981
f 4767 4983 4765
f 4767 4985 4983
f 4769 4985 4767
f 4769 4987 4985
f 4771 4987 4769
f 4771 4989 4987
f 4773 4989 4771
f 4773 4991 4989
f 4775 4991 4773
f 4775 4993 4991
f 4777 4993 4775
f 4777 4995 4993
f 4779 4995 4777
f 4779 4997 4995
f 4781 4997 4779
f 4781 4999 4997
f 4783 4999 4781
f 4783 5001 4999
f 4785 5001 4783
f 4785 5003 5001
f 4787 5003 4785
f 4787 5005 5003
f 4789 5005 4787
f 4789 5007 5005
f 4791 5007 4789
f 4791 5009 5007
f 4793 5009 4791
f 4793 5011 5009
f 4795 5011 4793
f 4795 5013 5011
f 4797 5013 4795
f 4797 5015 5013
f 4799 5015 4797
f 4799 5017 5015
f 4801 5017 4799
f 4801 5019 5017
f 4803 5019 4801
f 4803 5021 5019
f 5023 5021 4803
f 5023 4803 4805
f 5024 4805 4807
f 5024 5023 4805
f 5025 4807 4808
f 5025 5024 4807
f 5026 4808 4809
f 5026 5025 4808
f 5027 4809 4810
f 5027 5026 4809
f 5028 4810 4811
f 5028 5027 4810
f 5029 4811 4812
f 5029 5028 4811
f 5030 4812 4813
f 5030 5029 4812
f 5031 4813 4814
f 5031 5030 4813
f 5032 4814 4815
f 5032 5031 4814
f 5033 4815 4816
f 5033 5032 4815
f 5034 4816 4817
f 5034 5033 4816
f 5035 4817 4818
f 5035 5034 4817
f 5036 4818 4819
f 5036 5035 4818
f 5037 4819 4820
f 5037 5036 4819
f 5038 4820 4821
f 5038 5037 4820
f 5039 4821 4822
f 5039 5038 4821
f 5040 4822 4823
f 5040 5039 4822
f 5041 4823 4824
f 5041 5040 4823
f 5042 4824 4825
f 5042 5041 4824
f 5043 4825 4826
f 5043 5042 4825
f 5044 4826 4827
f 5044 5043 4826
f 5045 4827 4828
f 5045 5044 4827
f 5046 4828 4829
f 5046 5045 4828
f 5047 4829 4830
f 5047 5046 4829
f 5048 4830 4831
f 5048 5047 4830
f 5049 4831 4832
f 5049 5048 4831
f 5050 4832 4833
f 5050 5049 4832
f 5051 4833 4834
f 5051 5050 4833
f 5052 4834 4835
f 5052 5051 4834
f 5053 4835 4836
f 5053 5052 4835
f 5191 5135 4972
f 5191 4972 4973
f 4972 5136 4917
f 5135 5136 4972
f 4917 5137 4918
f 5136 5137 4917
f 4918 5138 4919
f 5137 5138 4918
f 4919 5139 4920
f 5138 5139 4919
f 4920 5140 4921
f 5139 5140 4920
f 4921 5141 4922
f 5140 5141 4921
f 4922 5142 4923
f 5141 5142 4922
f 4923 5143 4924
f 5142 5143 4923
f 4924 5144 4925
f 5143 5144 4924
f 4925 5145 4926
f 5144 5145 4925
f 4926 5146 4927
f 5145 5146 4926
f 4927 5147 4928
f 5146 5147 4927
f 4928 5148 4929
f 5147 5148 4928
f 4929 5149 4930
f 5148 5149 4929
f 4930 5150 4931
f 5149 5150 4930
f 4931 5151 4932
f 5150 5151 4931
f 4932 5152 4933
f 5151 5152 4932
f 4933 5153 4934
f 5152 5153 4933
f 4934 5154 4935
f 5153 5154 4934
f 4935 5155 4936
f 5154 5155 4935
f 4936 5156 4937
f 5155 5156 4936
f 4937 5157 4938
f 5156 5157 4937
f 4938 5158 4939
f 5157 5158 4938
f 4939 5159 4940
f 5158 5159 4939
f 4940 5160 4941
f 5159 5160 4940
f 4941 5161 4942
f 5160 5161 4941
f 4942 5162 4943
f 5161 5162 4942
f 4943 5163 4944
f 5162 5163 4943
f 4944 5164 4945
f 5163 5164 4944
f 4945 5165 4946
f 5164 5165 4945
f 4975 5191 4973
f 4975 5193 5191
f 4977 5193 4975
f 4977 5195 5193
f 4979 5195 4977
f 4979 5197 5195
f 4981 5197 4979
f 4981 5199 5197
f 4983 5199 4981
f 4983 5201 5199
f 4985 5201 4983
f 4985 5203 5201
f 4987 5203 4985
f 4987 5205 5203
f 4989 5205 4987
f 4989 5207 5205
f 4991 5207 4989
f 4991 5209 5207
f 4993 5209 4991
f 4993 5211 5209
f 4995 5211 4993
f 4995 5213 5211
f 4997 5213 4995
f 4997 5215 5213
f 4999 5215 4997
f 4999 5217 5215
f 5001 5217 4999
f 5001 5219 5217
f 5003 5219 5001
f 5003 5221 5219
f 5005 5221 5003
f 5005 5223 5221
f 5007 5223 5005
f 5007 5225 5223
f 5009 5225 5007
f 5009 5227 5225
f 5011 5227 5009
f 5011 5229 5227
f 5013 5229 5011
f 5013 5231 5229
f 5015 5231 5013
f 5015 5233 5231
f 5017 5233 5015
f 5017 5235 5233
f 5019 5235 5017
f 5019 5237 5235
f 5021 5079 5239
f 5237 5021 5239
f 5019 5021 5237
f 5080 5241 5079
f 5079 5241 5239
f 5081 5242 5080
f 5080 5242 5241
f 5082 5243 5081
f 5081 5243 5242
f 5083 5244 5082
f 5082 5244 5243
f 5084 5245 5083
f 5083 5245 5244
f 5085 5246 5084
f 5084 5246 5245
f 5086 5247 5085
f 5085 5247 5246
f 5087 5248 5086
f 5086 5248 5247
f 5088 5249 5087
f 5087 5249 5248
f 5089 5250 5088
f 5088 5250 5249
f 5090 5251 5089
f 5089 5251 5250
f 5091 5252 5090
f 5090 5252 5251
f 5092 5253 5091
f 5091 5253 5252
f 5093 5254 5092
f 5092 5254 5253
f 5094 5255 5093
f 5093 5255 5254
f 5095 5256 5094
f 5094 5256 5255
f 5096 5257 5095
f 5095 5257 5256
f 5097 5258 5096
f 5096 5258 5257
f 5098 5259 5097
f 5097 5259 5258
f 5099 5260 5098
f 5098 5260 5259
f 5100 5261 5099
f 5099 5261 5260
f 5101 5262 5100
f 5100 5262 5261
f 5102 5263 5101
f 5101 5263 5262
f 5103 5264 5102
f 5102 5264 5263
f 5104 5265 5103
f 5103 5265 5264
f 5105 5266 5104
f 5104 5266 5265
f 5106 5267 5105
f 5105 5267 5266
f 5107 5268 5106
f 5106 5268 5267
f 5108 5269 5107
f 5107 5269 5268
f 5109 5270 5108
f 5108 5270 5269
f 5023 5079 5021
f 5079 5023 5024
f 5079 5024 5080
f 5080 5024 5025
f 5080 5025 5081
f 5081 5025 5026
f 5081 5026 5082
f 5082 5026 5027
f 5082 5027 5083
f 5083 5027 5028
f 5083 5028 5084
f 5084 5028 5029
f 5084 5029 5085
f 5085 5029 5030
f 5085 5030 5086
f 5086 5030 5031
f 5086 5031 5087
f 5087 5031 5032
f 5087 5032 5088
f 5088 5032 5033
f 5088 5033 5089
f 5089 5033 5034
f 5089 5034 5090
f 5090 5034 5035
f 5090 5035 5091
f 5091 5035 5036
f 5091 5036 5092
f 5092 5036 5037
f 5092 5037 5093
f 5093 5037 5038
f 5093 5038 5094
f 5094 5038 5039
f 5094 5039 5095
f 5095 5039 5040
f 5095 5040 5096
f 5096 5040 5041
f 5096 5041 5097
f 5097 5041 5042
f 5097 5042 5098
f 5098 5042 5043
f 5098 5043 5099
f 5099 5043 5044
f 5099 5044 5100
f 5100 5044 5045
f 5100 5045 5101
f 5101 5045 5046
f 5101 5046 5102
f 5102 5046 5047
f 5102 5047 5103
f 5103 5047 5048
f 5103 5048 5104
f 5104 5048 5049
f 5104 5049 5105
f 5105 5049 5050
f 5105 5050 5106
f 5106 5050 5051
f 5106 5051 5107
f 5107 5051 5052
f 5107 5052 5108
f 5108 5052 5053
f 5108 5053 5109
f 5191 5295 5135
f 5296 5136 5135
f 5296 5135 5295
f 5297 5137 5136
f 5297 5136 5296
f 5298 5138 5137
f 5298 5137 5297
f 5299 5139 5138
f 5299 5138 5298
f 5300 5140 5139
f 5300 5139 5299
f 5301 5141 5140
f 5301 5140 5300
f 5302 5142 5141
f 5302 5141 5301
f 5303 5143 5142
f 5303 5142 5302
f 5304 5144 5143
f 5304 5143 5303
f 5305 5145 5144
f 5305 5144 5304
f 5306 5146 5145
f 5306 5145 5305
f 5307 5147 5146
f 5307 5146 5306
f 5308 5148 5147
f 5308 5147 5307
f 5309 5149 5148
f 5309 5148 5308
f 5310 5150 5149
f 5310 5149 5309
f 5311 5151 5150
f 5311 5150 5310
f 5312 5152 5151
f 5312 5151 5311
f 5313 5153 5152
f 5313 5152 5312
f 5314 5154 5153
f 5314 5153 5313
f 5315 5155 5154
f 5315 5154 5314
f 5316 5156 5155
f 5316 5155 5315
f 5317 5157 5156
f 5317 5156 5316
f 5318 5158 5157
f 5318 5157 5317
f 5319 5159 5158
f 5319 5158 5318
f 5320 5160 5159
f 5320 5159 5319
f 5321 5161 5160
f 5321 5160 5320
f 5322 5162 5161
f 5322 5161 5321
f 5323 5163 5162
f 5323 5162 5322
f 5324 5164 5163
f 5324 5163 5323
f 5325 5165 5164
f 5325 5164 5324
f 5407 5351 5295
f 5191 5407 5295
f 5193 5407 5191
f 5295 5351 5296
f 5296 5351 5352
f 5296 5352 5297
f 5297 5352 5353
f 5297 5353 5298
f 5298 5353 5354
f 5298 5354 5299
f 5299 5354 5355
f 5299 5355 5300
f 5300 5355 5356
f 5300 5356 5301
f 5301 5356 5357
f 5301 5357 5302
f 5302 5357 5358
f 5302 5358 5303
f 5303 5358 5359
f 5303 5359 5304
f 5304 5359 5360
f 5304 5360 5305
f 5305 5360 5361
f 5305 5361 5306
f 5306 5361 5362
f 5306 5362 5307
f 5307 5362 5363
f 5307 5363 5308
f 5308 5363 5364
f 5308 5364 5309
f 5309 5364 5365
f 5309 5365 5310
f 5310 5365 5366
f 5310 5366 5311
f 5311 5366 5367
f 5311 5367 5312
f 5312 5367 5368
f 5312 5368 5313
f 5313 5368 5369
f 5313 5369 5314
f 5314 5369 5370
f 5314 5370 5315
f 5315 5370 5371
f 5315 5371 5316
f 5316 5371 5372
f 5316 5372 5317
f 5317 5372 5373
f 5317 5373 5318
f 5318 5373 5374
f 5318 5374 5319
f 5319 5374 5375
f 5319 5375 5320
f 5320 5375 5376
f 5320 5376 5321
f 5321 5376 5377
f 5321 5377 5322
f 5322 5377 5378
f 5322 5378 5323
f 5323 5378 5379
f 5323 5379 5324
f 5324 5379 5380
f 5324 5380 5325
f 5325 5380 5381
f 5195 5407 5193
f 5195 5409 5407
f 5197 5409 5195
f 5197 5411 5409
f 5199 5411 5197
f 5199 5413 5411
f 5201 5413 5199
f 5201 5415 5413
f 5203 5415 5201
f 5203 5417 5415
f 5205 5417 5203
f 5205 5419 5417
f 5207 5419 5205
f 5207 5421 5419
f 5209 5421 5207
f 5209 5423 5421
f 5211 5423 5209
f 5211 5425 5423
f 5213 5425 5211
f 5213 5427 5425
f 5215 5427 5213
f 5215 5429 5427
f 5217 5429 5215
f 5217 5431 5429
f 5219 5431 5217
f 5219 5433 5431
f 5221 5433 5219
f 5221 5435 5433
f 5223 5435 5221
f 5223 5437 5435
f 5225 5437 5223
f 5225 5439 5437
f 5227 5439 5225
f 5227 5441 5439
f 5229 5441 5227
f 5229 5443 5441
f 5231 5443 5229
f 5231 5445 5443
f 5233 5445 5231
f 5233 5447 5445
f 5235 5447 5233
f 5235 5449 5447
f 5237 5449 5235
f 5237 5451 5449
f 5453 5451 5237
f 5453 5237 5239
f 5454 5239 5241
f 5454 5453 5239
f 5455 5241 5242
f 5455 5454 5241
f 5456 5242 5243
f 5456 5455 5242
f 5457 5243 5244
f 5457 5456 5243
f 5458 5244 5245
f 5458 5457 5244
f 5459 5245 5246
f 5459 5458 5245
f 5460 5246 5247
f 5460 5459 5246
f 5461 5247 5248
f 5461 5460 5247
f 5462 5248 5249
f 5462 5461 5248
f 5463 5249 5250
f 5463 5462 5249
f 5464 5250 5251
f 5464 5463 5250
f 5465 5251 5252
f 5465 5464 5251
f 5466 5252 5253
f 5466 5465 5252
f 5467 5253 5254
f 5467 5466 5253
f 5468 5254 5255
f 5468 5467 5254
f 5469 5255 5256
f 5469 5468 5255
f 5470 5256 5257
f 5470 5469 5256
f 5471 5257 5258
f 5471 5470 5257
f 5472 5258 5259
f 5472 5471 5258
f 5473 5259 5260
f 5473 5472 5259
f 5474 5260 5261
f 5474 5473 5260
f 5475 5261 5262
f 5475 5474 5261
f 5476 5262 5263
f 5476 5475 5262
f 5477 5263 5264
f 5477 5476 5263
f 5478 5264 5265
f 5478 5477 5264
f 5479 5265 5266
f 5479 5478 5265
f 5480 5266 5267
f 5480 5479 5266
f 5481 5267 5268
f 5481 5480 5267
f 5482 5268 5269
f 5482 5481 5268
f 5483 5269 5270
f 5483 5482 5269
f 5407 5565 5351
f 5566 5352 5351
f 5566 5351 5565
f 5567 5353 5352
f 5567 5352 5566
f 5568 5354 5353
f 5568 5353 5567
f 5569 5355 5354
f 5569 5354 5568
f 5570 5356 5355
f 5570 5355 5569
f 5571 5357 5356
f 5571 5356 5570
f 5572 5358 5357
f 5572 5357 5571
f 5573 5359 5358
f 5573 5358 5572
f 5574 5360 5359
f 5574 5359 5573
f 5575 5361 5360
f 5575 5360 5574
f 5576 5362 5361
f 5576 5361 5575
f 5577 5363 5362
f 5577 5362 5576
f 5578 5364 5363
f 5578 5363 5577
f 5579 5365 5364
f 5579 5364 5578
f 5580 5366 5365
f 5580 5365 5579
f 5581 5367 5366
f 5581 5366 5580
f 5582 5368 5367
f 5582 5367 5581
f 5583 5369 5368
f 5583 5368 5582
f 5584 5370 5369
f 5584 5369 5583
f 5585 5371 5370
f 5585 5370 5584
f 5586 5372 5371
f 5586 5371 5585
f 5587 5373 5372
f 5587 5372 5586
f 5588 5374 5373
f 5588 5373 5587
f 5589 5375 5374
f 5589 5374 5588
f 5590 5376 5375
f 5590 5375 5589
f 5591 5377 5376
f 5591 5376 5590
f 5592 5378 5377
f 5592 5377 5591
f 5593 5379 5378
f 5593 5378 5592
f 5594 5380 5379
f 5594 5379 5593
f 5595 5381 5380
f 5595 5380 5594
f 5677 5621 5565
f 5407 5677 5565
f 5409 5677 5407
f 5565 5621 5566
f 5566 5621 5622
f 5566 5622 5567
f 5567 5622 5623
f 5567 5623 5568
f 5568 5623 5624
f 5568 5624 5569
f 5569 5624 5625
f 5569 5625 5570
f 5570 5625 5626
f 5570 5626 5571
f 5571 5626 5627
f 5571 5627 5572
f 5572 5627 5628
f 5572 5628 5573
f 5573 5628 5629
f 5573 5629 5574
f 5574 5629 5630
f 5574 5630 5575
f 5575 5630 5631
f 5575 5631 5576
f 5576 5631 5632
f 5576 5632 5577
f 5577 5632 5633
f 5577 5633 5578
f 5578 5633 5634
f 5578 5634 5579
f 5579 5634 5635
f 5579 5635 5580
f 5580 5635 5636
f 5580 5636 5581
f 5581 5636 5637
f 5581 5637 5582
f 5582 5637 5638
f 5582 5638 5583
f 5583 5638 5639
f 5583 5639 5584
f 5584 5639 5640
f 5584 5640 5585
f 5585 5640 5641
f 5585 5641 5586
f 5586 5641 5642
f 5586 5642 5587
f 5587 5642 5643
f 5587 5643 5588
f 5588 5643 5644
f 5588 5644 5589
f 5589 5644 5645
f 5589 5645 5590
f 5590 5645 5646
f 5590 5646 5591
f 5591 5646 5647
f 5591 5647 5592
f 5592 5647 5648
f 5592 5648 5593
f 5593 5648 5649
f 5593 5649 5594
f 5594 5649 5650
f 5594 5650 5595
f 5595 5650 5651
f 5411 5677 5409
f 5411 5679 5677
f 5413 5679 5411
f 5413 5681 5679
f 5415 5681 5413
f 5415 5683 5681
f 5417 5683 5415
f 5417 5685 5683
f 5419 5685 5417
f 5419 5687 5685
f 5421 5687 5419
f 5421 5689 5687
f 5423 5689 5421
f 5423 5691 5689
f 5425 5691 5423
f 5425 5693 5691
f 5427 5693 5425
f 5427 5695 5693
f 5429 5695 5427
f 5429 5697 5695
f 5431 5697 5429
f 5431 5699 5697
f 5433 5699 5431
f 5433 5701 5699
f 5435 5701 5433
f 5435 5703 5701
f 5437 5703 5435
f 5437 5705 5703
f 5439 5705 5437
f 5439 5707 5705
f 5441 5707 5439
f 5441 5709 5707
f 5443 5709 5441
f 5443 5711 5709
f 5445 5711 5443
f 5445 5713 5711
f 5447 5713 5445
f 5447 5715 5713
f 5449 5715 5447
f 5449 5717 5715
f 5451 5509 5719
f 5717 5451 5719
f 5449 5451 5717
f 5510 5720 5509
f 5509 5720 5719
f 5511 5721 5510
f 5510 5721 5720
f 5512 5722 5511
f 5511 5722 5721
f 5513 5723 5512
f 5512 5723 5722
f 5514 5724 5513
f 5513 5724 5723
f 5515 5725 5514
f 5514 5725 5724
f 5516 5726 5515
f 5515 5726 5725
f 5517 5727 5516
f 5516 5727 5726
f 5518 5728 5517
f 5517 5728 5727
f 5519 5729 5518
f 5518 5729 5728
f 5520 5730 5519
f 5519 5730 5729
f 5521 5731 5520
f 5520 5731 5730
f 5522 5732 5521
f 5521 5732 5731
f 5523 5733 5522
f 5522 5733 5732
f 5524 5734 5523
f 5523 5734 5733
f 5525 5735 5524
f 5524 5735 5734
f 5526 5736 5525
f 5525 5736 5735
f 5527 5737 5526
f 5526 5737 5736
f 5528 5738 5527
f 5527 5738 5737
f 5529 5739 5528
f 5528 5739 5738
f 5530 5740 5529
f 5529 5740 5739
f 5531 5741 5530
f 5530 5741 5740
f 5532 5742 5531
f 5531 5742 5741
f 5533 5743 5532
f 5532 5743 5742
f 5534 5744 5533
f 5533 5744 5743
f 5535 5745 5534
f 5534 5745 5744
f 5536 5746 5535
f 5535 5746 5745
f 5537 5747 5536
f 5536 5747 5746
f 5538 5748 5537
f 5537 5748 5747
f 5539 5749 5538
f 5538 5749 5748
f 5453 5509 5451
f 5509 5453 5454
f 5509 5454 5510
f 5510 5454 5455
f 5510 5455 5511
f 5511 5455 5456
f 5511 5456 5512
f 5512 5456 5457
f 5512 5457 5513
f 5513 5457 5458
f 5513 5458 5514
f 5514 5458 5459
f 5514 5459 5515
f 5515 5459 5460
f 5515 5460 5516
f 5516 5460 5461
f 5516 5461 5517
f 5517 5461 5462
f 5517 5462 5518
f 5518 5462 5463
f 5518 5463 5519
f 5519 5463 5464
f 5519 5464 5520
f 5520 5464 5465
f 5520 5465 5521
f 5521 5465 5466
f 5521 5466 5522
f 5522 5466 5467
f 5522 5467 5523
f 5523 5467 5468
f 5523 5468 5524
f 5524 5468 5469
f 5524 5469 5525
f 5525 5469 5470
f 5525 5470 5526
f 5526 5470 5471
f 5526 5471 5527
f 5527 5471 5472
f 5527 5472 5528
f 5528 5472 5473
f 5528 5473 5529
f 5529 5473 5474
f 5529 5474 5530
f 5530 5474 5475
f 5530 5475 5531
f 5531 5475 5476
f 5531 5476 5532
f 5532 5476 5477
f 5532 5477 5533
f 5533 5477 5478
f 5533 5478 5534
f 5534 5478 5479
f 5534 5479 5535
f 5535 5479 5480
f 5535 5480 5536
f 5536 5480 5481
f 5536 5481 5537
f 5537 5481 5482
f 5537 5482 5538
f 5538 5482 5483
f 5538 5483 5539
f 5677 5831 5621
f 5832 5622 5621
f 5832 5621 5831
f 5833 5623 5622
f 5833 5622 5832
f 5834 5624 5623
f 5834 5623 5833
f 5835 5625 5624
f 5835 5624 5834
f 5836 5626 5625
f 5836 5625 5835
f 5837 5627 5626
f 5837 5626 5836
f 5838 5628 5627
f 5838 5627 5837
f 5839 5629 5628
f 5839 5628 5838
f 5840 5630 5629
f 5840 5629 5839
f 5841 5631 5630
f 5841 5630 5840
f 5842 5632 5631
f 5842 5631 5841
f 5843 5633 5632
f 5843 5632 5842
f 5844 5634 5633
f 5844 5633 5843
f 5845 5635 5634
f 5845 5634 5844
f 5846 5636 5635
f 5846 5635 5845
f 5847 5637 5636
f 5847 5636 5846
f 5848 5638 5637
f 5848 5637 5847
f 5849 5639 5638
f 5849 5638 5848
f 5850 5640 5639
f 5850 5639 5849
f 5851 5641 5640
f 5851 5640 5850
f 5852 5642 5641
f 5852 5641 5851
f 5853 5643 5642
f 5853 5642 5852
f 5854 5644 5643
f 5854 5643 5853
f 5855 5645 5644
f 5855 5644 5854
f 5856 5646 5645
f 5856 5645 5855
f 5857 5647 5646
f 5857 5646 5856
f 5858 5648 5647
f 5858 5647 5857
f 5859 5649 5648
f 5859 5648 5858
f 5860 5650 5649
f 5860 5649 5859
f 5861 5651 5650
f 5861 5650 5860
f 5943 5887 5831
f 5677 5943 5831
f 5679 5943 5677
f 5831 5887 5832
f 5832 5887 5888
f 5832 5888 5833
f 5833 5888 5889
f 5833 5889 5834
f 5834 5889 5890
f 5834 5890 5835
f 5835 5890 5891
f 5835 5891 5836
f 5836 5891 5892
f 5836 5892 5837
f 5837 5892 5893
f 5837 5893 5838
f 5838 5893 5894
f 5838 5894 5839
f 5839 5894 5895
f 5839 5895 5840
f 5840 5895 5896
f 5840 5896 5841
f 5841 5896 5897
f 5841 5897 5842
f 5842 5897 5898
f 5842 5898 5843
f 5843 5898 5899
f 5843 5899 5844
f 5844 5899 5900
f 5844 5900 5845
f 5845 5900 5901
f 5845 5901 5846
f 5846 5901 5902
f 5846 5902 5847
f 5847 5902 5903
f 5847 5903 5848
f 5848 5903 5904
f 5848 5904 5849
f 5849 5904 5905
f 5849 5905 5850
f 5850 5905 5906
f 5850 5906 5851
f 5851 5906 5907
f 5851 5907 5852
f 5852 5907 5908
f 5852 5908 5853
f 5853 5908 5909
f 5853 5909 5854
f 5854 5909 5910
f 5854 5910 5855
f 5855 5910 5911
f 5855 5911 5856
f 5856 5911 5912
f 5856 5912 5857
f 5857 5912 5913
f 5857 5913 5858
f 5858 5913 5914
f 5858 5914 5859
f 5859 5914 5915
f 5859 5915 5860
f 5860 5915 5916
f 5860 5916 5861
f 5861 5916 5917
f 5681 5943 5679
f 5681 5945 5943
f 5683 5945 5681
f 5683 5947 5945
f 5685 5947 5683
f 5685 5949 5947
f 5687 5949 5685
f 5687 5951 5949
f 5689 5951 5687
f 5689 5953 5951
f 5691 5953 5689
f 5691 5955 5953
f 5693 5955 5691
f 5693 5957 5955
f 5695 5957 5693
f 5695 5959 5957
f 5697 5959 5695
f 5697 5961 5959
f 5699 5961 5697
f 5699 5963 5961
f 5701 5963 5699
f 5701 5965 5963
f 5703 5965 5701
f 5703 5967 5965
f 5705 5967 5703
f 5705 5969 5967
f 5707 5969 5705
f 5707 5971 5969
f 5709 5971 5707
f 5709 5973 5971
f 5711 5973 5709
f 5711 5975 5973
f 5713 5975 5711
f 5713 5977 5975
f 5715 5977 5713
f 5715 5979 5977
f 5717 5775 5981
f 5979 5717 5981
f 5715 5717 5979
f 5776 5982 5775
f 5775 5982 5981
f 5777 5983 5776
f 5776 5983 5982
f 5778 5984 5777
f 5777 5984 5983
f 5779 5985 5778
f 5778 5985 5984
f 5780 5986 5779
f 5779 5986 5985
f 5781 5987 5780
f 5780 5987 5986
f 5782 5988 5781
f 5781 5988 5987
f 5783 5989 5782
f 5782 5989 5988
f 5784 5990 5783
f 5783 5990 5989
f 5785 5991 5784
f 5784 5991 5990
f 5786 5992 5785
f 5785 5992 5991
f 5787 5993 5786
f 5786 5993 5992
f 5788 5994 5787
f 5787 5994 5993
f 5789 5995 5788
f 5788 5995 5994
f 5790 5996 5789
f 5789 5996 5995
f 5791 5997 5790
f 5790 5997 5996
f 5792 5998 5791
f 5791 5998 5997
f 5793 5999 5792
f 5792 5999 5998
f 5794 6000 5793
f 5793 6000 5999
f 5795 6001 5794
f 5794 6001 6000
f 5796 6002 5795
f 5795 6002 6001
f 5797 6003 5796
f 5796 6003 6002
f 5798 6004 5797
f 5797 6004 6003
f 5799 6005 5798
f 5798 6005 6004
f 5800 6006 5799
f 5799 6006 6005
f 5801 6007 5800
f 5800 6007 6006
f 5802 6008 5801
f 5801 6008 6007
f 5803 6009 5802
f 5802 6009 6008
f 5804 6010 5803
f 5803 6010 6009
f 5805 6011 5804
f 5804 6011 6010
f 5719 5775 5717
f 5775 5719 5720
f 5775 5720 5776
f 5776 5720 5721
f 5776 5721 5777
f 5777 5721 5722
f 5777 5722 5778
f 5778 5722 5723
f 5778 5723 5779
f 5779 5723 5724
f 5779 5724 5780
f 5780 5724 5725
f 5780 5725 5781
f 5781 5725 5726
f 5781 5726 5782
f 5782 5726 5727
f 5782 5727 5783
f 5783 5727 5728
f 5783 5728 5784
f 5784 5728 5729
f 5784 5729 5785
f 5785 5729 5730
f 5785 5730 5786
f 5786 5730 5731
f 5786 5731 5787
f 5787 5731 5732
f 5787 5732 5788
f 5788 5732 5733
f 5788 5733 5789
f 5789 5733 5734
f 5789 5734 5790
f 5790 5734 5735
f 5790 5735 5791
f 5791 5735 5736
f 5791 5736 5792
f 5792 5736 5737
f 5792 5737 5793
f 5793 5737 5738
f 5793 5738 5794
f 5794 5738 5739
f 5794 5739 5795
f 5795 5739 5740
f 5795 5740 5796
f 5796 5740 5741
f 5796 5741 5797
f 5797 5741 5742
f 5797 5742 5798
f 5798 5742 5743
f 5798 5743 5799
f 5799 5743 5744
f 5799 5744 5800
f 5800 5744 5745
f 5800 5745 5801
f 5801 5745 5746
f 5801 5746 5802
f 5802 5746 5747
f 5802 5747 5803
f 5803 5747 5748
f 5803 5748 5804
f 5804 5748 5749
f 5804 5749 5805
f 5943 6093 5887
f 6094 5888 5887
f 6094 5887 6093
f 6095 5889 5888
f 6095 5888 6094
f 6096 5890 5889
f 6096 5889 6095
f 6097 5891 5890
f 6097 5890 6096
f 6098 5892 5891
f 6098 5891 6097
f 6099 5893 5892
f 6099 5892 6098
f 6100 5894 5893
f 6100 5893 6099
f 6101 5895 5894
f 6101 5894 6100
f 6102 5896 5895
f 6102 5895 6101
f 6103 5897 5896
f 6103 5896 6102
f 6104 5898 5897
f 6104 5897 6103
f 6105 5899 5898
f 6105 5898 6104
f 6106 5900 5899
f 6106 5899 6105
f 6107 5901 5900
f 6107 5900 6106
f 6108 5902 5901
f 6108 5901 6107
f 6109 5903 5902
f 6109 5902 6108
f 6110 5904 5903
f 6110 5903 6109
f 6111 5905 5904
f 6111 5904 6110
f 6112 5906 5905
f 6112 5905 6111
f 6113 5907 5906
f 6113 5906 6112
f 6114 5908 5907
f 6114 5907 6113
f 6115 5909 5908
f 6115 5908 6114
f 6116 5910 5909
f 6116 5909 6115
f 6117 5911 5910
f 6117 5910 6116
f 6118 5912 5911
f 6118 5911 6117
f 6119 5913 5912
f 6119 5912 6118
f 6120 5914 5913
f 6120 5913 6119
f 6121 5915 5914
f 6121 5914 6120
f 6122 5916 5915
f 6122 5915 6121
f 6123 5917 5916
f 6123 5916 6122
f 6205 6149 6093
f 5943 6205 6093
f 5945 6205 5943
f 6093 6149 6094
f 6094 6149 6150
f 6094 6150 6095
f 6095 6150 6151
f 6095 6151 6096
f 6096 6151 6152
f 6096 6152 6097
f 6097 6152 6153
f 6097 6153 6098
f 6098 6153 6154
f 6098 6154 6099
f 6099 6154 6155
f 6099 6155 6100
f 6100 6155 6156
f 6100 6156 6101
f 6101 6156 6157
f 6101 6157 6102
f 6102 6157 6158
f 6102 6158 6103
f 6103 6158 6159
f 6103 6159 6104
f 6104 6159 6160
f 6104 6160 6105
f 6105 6160 6161
f 6105 6161 6106
f 6106 6161 6162
f 6106 6162 6107
f 6107 6162 6163
f 6107 6163 6108
f 6108 6163 6164
f 6108 6164 6109
f 6109 6164 6165
f 6109 6165 6110
f 6110 6165 6166
f 6110 6166 6111
f 6111 6166 6167
f 6111 6167 6112
f 6112 6167 6168
f 6112 6168 6113
f 6113 6168 6169
f 6113 6169 6114
f 6114 6169 6170
f 6114 6170 6115
f 6115 6170 6171
f 6115 6171 6116
f 6116 6171 6172
f 6116 6172 6117
f 6117 6172 6173
f 6117 6173 6118
f 6118 6173 6174
f 6118 6174 6119
f 6119 6174 6175
f 6119 6175 6120
f 6120 6175 6176
f 6120 6176 6121
f 6121 6176 6177
f 6121 6177 6122
f 6122 6177 6178
f 6122 6178 6123
f 6123 6178 6179
f 5947 6205 5945
f 5947 6207 6205
f 5949 6207 5947
f 5949 6209 6207
f 5951 6209 5949
f 5951 6211 6209
f 5953 6211 5951
f 5953 6213 6211
f 5955 6213 5953
f 5955 6215 6213
f 5957 6215 5955
f 5957 6217 6215
f 5959 6217 5957
f 5959 6219 6217
f 5961 6219 5959
f 5961 6221 6219
f 5963 6221 5961
f 5963 6223 6221
f 5965 6223 5963
f 5965 6225 6223
f 5967 6225 5965
f 5967 6227 6225
f 5969 6227 5967
f 5969 6229 6227
f 5971 6229 5969
f 5971 6231 6229
f 5973 6231 5971
f 5973 6233 6231
f 5975 6233 5973
f 5975 6235 6233
f 5977 6235 5975
f 5977 6237 6235
f 5979 6037 6239
f 6237 5979 6239
f 5977 5979 6237
f 6038 6240 6037
f 6037 6240 6239
f 6039 6241 6038
f 6038 6241 6240
f 6040 6242 6039
f 6039 6242 6241
f 6041 6243 6040
f 6040 6243 6242
f 6042 6244 6041
f 6041 6244 6243
f 6043 6245 6042
f 6042 6245 6244
f 6044 6246 6043
f 6043 6246 6245
f 6045 6247 6044
f 6044 6247 6246
f 6046 6248 6045
f 6045 6248 6247
f 6047 6249 6046
f 6046 6249 6248
f 6048 6250 6047
f 6047 6250 6249
f 6049 6251 6048
f 6048 6251 6250
f 6050 6252 6049
f 6049 6252 6251
f 6051 6253 6050
f 6050 6253 6252
f 6052 6254 6051
f 6051 6254 6253
f 6053 6255 6052
f 6052 6255 6254
f 6054 6256 6053
f 6053 6256 6255
f 6055 6257 6054
f 6054 6257 6256
f 6056 6258 6055
f 6055 6258 6257
f 6057 6259 6056
f 6056 6259 6258
f 6058 6260 6057
f 6057 6260 6259
f 6059 6261 6058
f 6058 6261 6260
f 6060 6262 6059
f 6059 6262 6261
f 6061 6263 6060
f 6060 6263 6262
f 6062 6264 6061
f 6061 6264 6263
f 6063 6265 6062
f 6062 6265 6264
f 6064 6266 6063
f 6063 6266 6265
f 6065 6267 6064
f 6064 6267 6266
f 6066 6268 6065
f 6065 6268 6267
f 6067 6269 6066
f 6066 6269 6268
f 5981 6037 5979
f 6037 5981 5982
f 6037 5982 6038
f 6038 5982 5983
f 6038 5983 6039
f 6039 5983 5984
f 6039 5984 6040
f 6040 5984 5985
f 6040 5985 6041
f 6041 5985 5986
f 6041 5986 6042
f 6042 5986 5987
f 6042 5987 6043
f 6043 5987 5988
f 6043 5988 6044
f 6044 5988 5989
f 6044 5989 6045
f 6045 5989 5990
f 6045 5990 6046
f 6046 5990 5991
f 6046 5991 6047
f 6047 5991 5992
f 6047 5992 6048
f 6048 5992 5993
f 6048 5993 6049
f 6049 5993 5994
f 6049 5994 6050
f 6050 5994 5995
f 6050 5995 6051
f 6051 5995 5996
f 6051 5996 6052
f 6052 5996 5997
f 6052 5997 6053
f 6053 5997 5998
f 6053 5998 6054
f 6054 5998 5999
f 6054 5999 6055
f 6055 5999 6000
f 6055 6000 6056
f 6056 6000 6001
f 6056 6001 6057
f 6057 6001 6002
f 6057 6002 6058
f 6058 6002 6003
f 6058 6003 6059
f 6059 6003 6004
f 6059 6004 6060
f 6060 6004 6005
f 6060 6005 6061
f 6061 6005 6006
f 6061 6006 6062
f 6062 6006 6007
f 6062 6007 6063
f 6063 6007 6008
f 6063 6008 6064
f 6064 6008 6009
f 6064 6009 6065
f 6065 6009 6010
f 6065 6010 6066
f 6066 6010 6011
f 6066 6011 6067
f 6205 6351 6149
f 6352 6150 6149
f 6352 6149 6351
f 6353 6151 6150
f 6353 6150 6352
f 6354 6152 6151
f 6354 6151 6353
f 6355 6153 6152
f 6355 6152 6354
f 6356 6154 6153
f 6356 6153 6355
f 6357 6155 6154
f 6357 6154 6356
f 6358 6156 6155
f 6358 6155 6357
f 6359 6157 6156
f 6359 6156 6358
f 6360 6158 6157
f 6360 6157 6359
f 6361 6159 6158
f 6361 6158 6360
f 6362 6160 6159
f 6362 6159 6361
f 6363 6161 6160
f 6363 6160 6362
f 6364 6162 6161
f 6364 6161 6363
f 6365 6163 6162
f 6365 6162 6364
f 6366 6164 6163
f 6366 6163 6365
f 6367 6165 6164
f 6367 6164 6366
f 6368 6166 6165
f 6368 6165 6367
f 6369 6167 6166
f 6369 6166 6368
f 6370 6168 6167
f 6370 6167 6369
f 6371 6169 6168
f 6371 6168 6370
f 6372 6170 6169
f 6372 6169 6371
f 6373 6171 6170
f 6373 6170 6372
f 6374 6172 6171
f 6374 6171 6373
f 6375 6173 6172
f 6375 6172 6374
f 6376 6174 6173
f 6376 6173 6375
f 6377 6175 6174
f 6377 6174 6376
f 6378 6176 6175
f 6378 6175 6377
f 6379 6177 6176
f 6379 6176 6378
f 6380 6178 6177
f 6380 6177 6379
f 6381 6179 6178
f 6381 6178 6380
f 6207 6408 6351
f 6207 6351 6205
f 6351 6464 6352
f 6351 6408 6464
f 6352 6465 6353
f 6352 6464 6465
f 6353 6466 6354
f 6353 6465 6466
f 6354 6467 6355
f 6354 6466 6467
f 6355 6468 6356
f 6355 6467 6468
f 6356 6469 6357
f 6356 6468 6469
f 6357 6470 6358
f 6357 6469 6470
f 6358 6471 6359
f 6358 6470 6471
f 6359 6472 6360
f 6359 6471 6472
f 6360 6473 6361
f 6360 6472 6473
f 6361 6474 6362
f 6361 6473 6474
f 6362 6475 6363
f 6362 6474 6475
f 6363 6476 6364
f 6363 6475 6476
f 6364 6477 6365
f 6364 6476 6477
f 6365 6478 6366
f 6365 6477 6478
f 6366 6479 6367
f 6366 6478 6479
f 6367 6480 6368
f 6367 6479 6480
f 6368 6481 6369
f 6368 6480 6481
f 6369 6482 6370
f 6369 6481 6482
f 6370 6483 6371
f 6370 6482 6483
f 6371 6484 6372
f 6371 6483 6484
f 6372 6485 6373
f 6372 6484 6485
f 6373 6486 6374
f 6373 6485 6486
f 6374 6487 6375
f 6374 6486 6487
f 6375 6488 6376
f 6375 6487 6488
f 6376 6489 6377
f 6376 6488 6489
f 6377 6490 6378
f 6377 6489 6490
f 6378 6491 6379
f 6378 6490 6491
f 6379 6492 6380
f 6379 6491 6492
f 6380 6493 6381
f 6380 6492 6493
f 6575 6519 6408
f 6207 6575 6408
f 6209 6575 6207
f 6408 6519 6464
f 6464 6519 6520
f 6464 6520 6465
f 6465 6520 6521
f 6465 6521 6466
f 6466 6521 6522
f 6466 6522 6467
f 6467 6522 6523
f 6467 6523 6468
f 6468 6523 6524
f 6468 6524 6469
f 6469 6524 6525
f 6469 6525 6470
f 6470 6525 6526
f 6470 6526 6471
f 6471 6526 6527
f 6471 6527 6472
f 6472 6527 6528
f 6472 6528 6473
f 6473 6528 6529
f 6473 6529 6474
f 6474 6529 6530
f 6474 6530 6475
f 6475 6530 6531
f 6475 6531 6476
f 6476 6531 6532
f 6476 6532 6477
f 6477 6532 6533
f 6477 6533 6478
f 6478 6533 6534
f 6478 6534 6479
f 6479 6534 6535
f 6479 6535 6480
f 6480 6535 6536
f 6480 6536 6481
f 6481 6536 6537
f 6481 6537 6482
f 6482 6537 6538
f 6482 6538 6483
f 6483 6538 6539
f 6483 6539 6484
f 6484 6539 6540
f 6484 6540 6485
f 6485 6540 6541
f 6485 6541 6486
f 6486 6541 6542
f 6486 6542 6487
f 6487 6542 6543
f 6487 6543 6488
f 6488 6543 6544
f 6488 6544 6489
f 6489 6544 6545
f 6489 6545 6490
f 6490 6545 6546
f 6490 6546 6491
f 6491 6546 6547
f 6491 6547 6492
f 6492 6547 6548
f 6492 6548 6493
f 6493 6548 6549
f 6211 6575 6209
f 6211 6577 6575
f 6213 6577 6211
f 6213 6579 6577
f 6215 6579 6213
f 6215 6581 6579
f 6217 6581 6215
f 6217 6583 6581
f 6219 6583 6217
f 6219 6585 6583
f 6221 6585 6219
f 6221 6587 6585
f 6223 6587 6221
f 6223 6589 6587
f 6225 6589 6223
f 6225 6591 6589
f 6227 6591 6225
f 6227 6593 6591
f 6229 6593 6227
f 6229 6595 6593
f 6231 6595 6229
f 6231 6597 6595
f 6233 6597 6231
f 6233 6599 6597
f 6235 6407 6601
f 6599 6235 6601
f 6233 6235 6599
f 6409 6602 6407
f 6407 6602 6601
f 6410 6603 6409
f 6409 6603 6602
f 6411 6604 6410
f 6410 6604 6603
f 6412 6605 6411
f 6411 6605 6604
f 6413 6606 6412
f 6412 6606 6605
f 6414 6607 6413
f 6413 6607 6606
f 6415 6608 6414
f 6414 6608 6607
f 6416 6609 6415
f 6415 6609 6608
f 6417 6610 6416
f 6416 6610 6609
f 6418 6611 6417
f 6417 6611 6610
f 6419 6612 6418
f 6418 6612 6611
f 6420 6613 6419
f 6419 6613 6612
f 6421 6614 6420
f 6420 6614 6613
f 6422 6615 6421
f 6421 6615 6614
f 6423 6616 6422
f 6422 6616 6615
f 6424 6617 6423
f 6423 6617 6616
f 6425 6618 6424
f 6424 6618 6617
f 6426 6619 6425
f 6425 6619 6618
f 6427 6620 6426
f 6426 6620 6619
f 6428 6621 6427
f 6427 6621 6620
f 6429 6622 6428
f 6428 6622 6621
f 6430 6623 6429
f 6429 6623 6622
f 6431 6624 6430
f 6430 6624 6623
f 6432 6625 6431
f 6431 6625 6624
f 6433 6626 6432
f 6432 6626 6625
f 6434 6627 6433
f 6433 6627 6626
f 6435 6628 6434
f 6434 6628 6627
f 6436 6629 6435
f 6435 6629 6628
f 6437 6630 6436
f 6436 6630 6629
f 6438 6631 6437
f 6437 6631 6630
f 6237 6295 6407
f 6237 6407 6235
f 6407 6296 6409
f 6407 6295 6296
f 6409 6297 6410
f 6409 6296 6297
f 6410 6298 6411
f 6410 6297 6298
f 6411 6299 6412
f 6411 6298 6299
f 6412 6300 6413
f 6412 6299 6300
f 6413 6301 6414
f 6413 6300 6301
f 6414 6302 6415
f 6414 6301 6302
f 6415 6303 6416
f 6415 6302 6303
f 6416 6304 6417
f 6416 6303 6304
f 6417 6305 6418
f 6417 6304 6305
f 6418 6306 6419
f 6418 6305 6306
f 6419 6307 6420
f 6419 6306 6307
f 6420 6308 6421
f 6420 6307 6308
f 6421 6309 6422
f 6421 6308 6309
f 6422 6310 6423
f 6422 6309 6310
f 6423 6311 6424
f 6423 6310 6311
f 6424 6312 6425
f 6424 6311 6312
f 6425 6313 6426
f 6425 6312 6313
f 6426 6314 6427
f 6426 6313 6314
f 6427 6315 6428
f 6427 6314 6315
f 6428 6316 6429
f 6428 6315 6316
f 6429 6317 6430
f 6429 6316 6317
f 6430 6318 6431
f 6430 6317 6318
f 6431 6319 6432
f 6431 6318 6319
f 6432 6320 6433
f 6432 6319 6320
f 6433 6321 6434
f 6433 6320 6321
f 6434 6322 6435
f 6434 6321 6322
f 6435 6323 6436
f 6435 6322 6323
f 6436 6324 6437
f 6436 6323 6324
f 6437 6325 6438
f 6437 6324 6325
f 6239 6295 6237
f 6295 6239 6240
f 6295 6240 6296
f 6296 6240 6241
f 6296 6241 6297
f 6297 6241 6242
f 6297 6242 6298
f 6298 6242 6243
f 6298 6243 6299
f 6299 6243 6244
f 6299 6244 6300
f 6300 6244 6245
f 6300 6245 6301
f 6301 6245 6246
f 6301 6246 6302
f 6302 6246 6247
f 6302 6247 6303
f 6303 6247 6248
f 6303 6248 6304
f 6304 6248 6249
f 6304 6249 6305
f 6305 6249 6250
f 6305 6250 6306
f 6306 6250 6251
f 6306 6251 6307
f 6307 6251 6252
f 6307 6252 6308
f 6308 6252 6253
f 6308 6253 6309
f 6309 6253 6254
f 6309 6254 6310
f 6310 6254 6255
f 6310 6255 6311
f 6311 6255 6256
f 6311 6256 6312
f 6312 6256 6257
f 6312 6257 6313
f 6313 6257 6258
f 6313 6258 6314
f 6314 6258 6259
f 6314 6259 6315
f 6315 6259 6260
f 6315 6260 6316
f 6316 6260 6261
f 6316 6261 6317
f 6317 6261 6262
f 6317 6262 6318
f 6318 6262 6263
f 6318 6263 6319
f 6319 6263 6264
f 6319 6264 6320
f 6320 6264 6265
f 6320 6265 6321
f 6321 6265 6266
f 6321 6266 6322
f 6322 6266 6267
f 6322 6267 6323
f 6323 6267 6268
f 6323 6268 6324
f 6324 6268 6269
f 6324 6269 6325
f 6575 6713 6519
f 6714 6520 6519
f 6714 6519 6713
f 6715 6521 6520
f 6715 6520 6714
f 6716 6522 6521
f 6716 6521 6715
f 6717 6523 6522
f 6717 6522 6716
f 6718 6524 6523
f 6718 6523 6717
f 6719 6525 6524
f 6719 6524 6718
f 6720 6526 6525
f 6720 6525 6719
f 6721 6527 6526
f 6721 6526 6720
f 6722 6528 6527
f 6722 6527 6721
f 6723 6529 6528
f 6723 6528 6722
f 6724 6530 6529
f 6724 6529 6723
f 6725 6531 6530
f 6725 6530 6724
f 6726 6532 6531
f 6726 6531 6725
f 6727 6533 6532
f 6727 6532 6726
f 6728 6534 6533
f 6728 6533 6727
f 6729 6535 6534
f 6729 6534 6728
f 6730 6536 6535
f 6730 6535 6729
f 6731 6537 6536
f 6731 6536 6730
f 6732 6538 6537
f 6732 6537 6731
f 6733 6539 6538
f 6733 6538 6732
f 6734 6540 6539
f 6734 6539 6733
f 6735 6541 6540
f 6735 6540 6734
f 6736 6542 6541
f 6736 6541 6735
f 6737 6543 6542
f 6737 6542 6736
f 6738 6544 6543
f 6738 6543 6737
f 6739 6545 6544
f 6739 6544 6738
f 6740 6546 6545
f 6740 6545 6739
f 6741 6547 6546
f 6741 6546 6740
f 6742 6548 6547
f 6742 6547 6741
f 6743 6549 6548
f 6743 6548 6742
f 6577 6770 6713
f 6577 6713 6575
f 6713 6826 6714
f 6713 6770 6826
f 6714 6827 6715
f 6714 6826 6827
f 6715 6828 6716
f 6715 6827 6828
f 6716 6829 6717
f 6716 6828 6829
f 6717 6830 6718
f 6717 6829 6830
f 6718 6831 6719
f 6718 6830 6831
f 6719 6832 6720
f 6719 6831 6832
f 6720 6833 6721
f 6720 6832 6833
f 6721 6834 6722
f 6721 6833 6834
f 6722 6835 6723
f 6722 6834 6835
f 6723 6836 6724
f 6723 6835 6836
f 6724 6837 6725
f 6724 6836 6837
f 6725 6838 6726
f 6725 6837 6838
f 6726 6839 6727
f 6726 6838 6839
f 6727 6840 6728
f 6727 6839 6840
f 6728 6841 6729
f 6728 6840 6841
f 6729 6842 6730
f 6729 6841 6842
f 6730 6843 6731
f 6730 6842 6843
f 6731 6844 6732
f 6731 6843 6844
f 6732 6845 6733
f 6732 6844 6845
f 6733 6846 6734
f 6733 6845 6846
f 6734 6847 6735
f 6734 6846 6847
f 6735 6848 6736
f 6735 6847 6848
f 6736 6849 6737
f 6736 6848 6849
f 6737 6850 6738
f 6737 6849 6850
f 6738 6851 6739
f 6738 6850 6851
f 6739 6852 6740
f 6739 6851 6852
f 6740 6853 6741
f 6740 6852 6853
f 6741 6854 6742
f 6741 6853 6854
f 6742 6855 6743
f 6742 6854 6855
f 6937 6881 6770
f 6577 6937 6770
f 6579 6937 6577
f 6770 6881 6826
f 6826 6881 6882
f 6826 6882 6827
f 6827 6882 6883
f 6827 6883 6828
f 6828 6883 6884
f 6828 6884 6829
f 6829 6884 6885
f 6829 6885 6830
f 6830 6885 6886
f 6830 6886 6831
f 6831 6886 6887
f 6831 6887 6832
f 6832 6887 6888
f 6832 6888 6833
f 6833 6888 6889
f 6833 6889 6834
f 6834 6889 6890
f 6834 6890 6835
f 6835 6890 6891
f 6835 6891 6836
f 6836 6891 6892
f 6836 6892 6837
f 6837 6892 6893
f 6837 6893 6838
f 6838 6893 6894
f 6838 6894 6839
f 6839 6894 6895
f 6839 6895 6840
f 6840 6895 6896
f 6840 6896 6841
f 6841 6896 6897
f 6841 6897 6842
f 6842 6897 6898
f 6842 6898 6843
f 6843 6898 6899
f 6843 6899 6844
f 6844 6899 6900
f 6844 6900 6845
f 6845 6900 6901
f 6845 6901 6846
f 6846 6901 6902
f 6846 6902 6847
f 6847 6902 6903
f 6847 6903 6848
f 6848 6903 6904
f 6848 6904 6849
f 6849 6904 6905
f 6849 6905 6850
f 6850 6905 6906
f 6850 6906 6851
f 6851 6906 6907
f 6851 6907 6852
f 6852 6907 6908
f 6852 6908 6853
f 6853 6908 6909
f 6853 6909 6854
f 6854 6909 6910
f 6854 6910 6855
f 6855 6910 6911
f 6581 6937 6579
f 6581 6939 6937
f 6583 6939 6581
f 6583 6941 6939
f 6585 6941 6583
f 6585 6943 6941
f 6587 6943 6585
f 6587 6945 6943
f 6589 6945 6587
f 6589 6947 6945
f 6591 6947 6589
f 6591 6949 6947
f 6593 6949 6591
f 6593 6951 6949
f 6595 6951 6593
f 6595 6953 6951
f 6597 6769 6955
f 6953 6597 6955
f 6595 6597 6953
f 6771 6956 6769
f 6769 6956 6955
f 6772 6957 6771
f 6771 6957 6956
f 6773 6958 6772
f 6772 6958 6957
f 6774 6959 6773
f 6773 6959 6958
f 6775 6960 6774
f 6774 6960 6959
f 6776 6961 6775
f 6775 6961 6960
f 6777 6962 6776
f 6776 6962 6961
f 6778 6963 6777
f 6777 6963 6962
f 6779 6964 6778
f 6778 6964 6963
f 6780 6965 6779
f 6779 6965 6964
f 6781 6966 6780
f 6780 6966 6965
f 6782 6967 6781
f 6781 6967 6966
f 6783 6968 6782
f 6782 6968 6967
f 6784 6969 6783
f 6783 6969 6968
f 6785 6970 6784
f 6784 6970 6969
f 6786 6971 6785
f 6785 6971 6970
f 6787 6972 6786
f 6786 6972 6971
f 6788 6973 6787
f 6787 6973 6972
f 6789 6974 6788
f 6788 6974 6973
f 6790 6975 6789
f 6789 6975 6974
f 6791 6976 6790
f 6790 6976 6975
f 6792 6977 6791
f 6791 6977 6976
f 6793 6978 6792
f 6792 6978 6977
f 6794 6979 6793
f 6793 6979 6978
f 6795 6980 6794
f 6794 6980 6979
f 6796 6981 6795
f 6795 6981 6980
f 6797 6982 6796
f 6796 6982 6981
f 6798 6983 6797
f 6797 6983 6982
f 6799 6984 6798
f 6798 6984 6983
f 6800 6985 6799
f 6799 6985 6984
f 6599 6657 6769
f 6599 6769 6597
f 6769 6658 6771
f 6769 6657 6658
f 6771 6659 6772
f 6771 6658 6659
f 6772 6660 6773
f 6772 6659 6660
f 6773 6661 6774
f 6773 6660 6661
f 6774 6662 6775
f 6774 6661 6662
f 6775 6663 6776
f 6775 6662 6663
f 6776 6664 6777
f 6776 6663 6664
f 6777 6665 6778
f 6777 6664 6665
f 6778 6666 6779
f 6778 6665 6666
f 6779 6667 6780
f 6779 6666 6667
f 6780 6668 6781
f 6780 6667 6668
f 6781 6669 6782
f 6781 6668 6669
f 6782 6670 6783
f 6782 6669 6670
f 6783 6671 6784
f 6783 6670 6671
f 6784 6672 6785
f 6784 6671 6672
f 6785 6673 6786
f 6785 6672 6673
f 6786 6674 6787
f 6786 6673 6674
f 6787 6675 6788
f 6787 6674 6675
f 6788 6676 6789
f 6788 6675 6676
f 6789 6677 6790
f 6789 6676 6677
f 6790 6678 6791
f 6790 6677 6678
f 6791 6679 6792
f 6791 6678 6679
f 6792 6680 6793
f 6792 6679 6680
f 6793 6681 6794
f 6793 6680 6681
f 6794 6682 6795
f 6794 6681 6682
f 6795 6683 6796
f 6795 6682 6683
f 6796 6684 6797
f 6796 6683 6684
f 6797 6685 6798
f 6797 6684 6685
f 6798 6686 6799
f 6798 6685 6686
f 6799 6687 6800
f 6799 6686 6687
f 6601 6657 6599
f 6657 6601 6602
f 6657 6602 6658
f 6658 6602 6603
f 6658 6603 6659
f 6659 6603 6604
f 6659 6604 6660
f 6660 6604 6605
f 6660 6605 6661
f 6661 6605 6606
f 6661 6606 6662
f 6662 6606 6607
f 6662 6607 6663
f 6663 6607 6608
f 6663 6608 6664
f 6664 6608 6609
f 6664 6609 6665
f 6665 6609 6610
f 6665 6610 6666
f 6666 6610 6611
f 6666 6611 6667
f 6667 6611 6612
f 6667 6612 6668
f 6668 6612 6613
f 6668 6613 6669
f 6669 6613 6614
f 6669 6614 6670
f 6670 6614 6615
f 6670 6615 6671
f 6671 6615 6616
f 6671 6616 6672
f 6672 6616 6617
f 6672 6617 6673
f 6673 6617 6618
f 6673 6618 6674
f 6674 6618 6619
f 6674 6619 6675
f 6675 6619 6620
f 6675 6620 6676
f 6676 6620 6621
f 6676 6621 6677
f 6677 6621 6622
f 6677 6622 6678
f 6678 6622 6623
f 6678 6623 6679
f 6679 6623 6624
f 6679 6624 6680
f 6680 6624 6625
f 6680 6625 6681
f 6681 6625 6626
f 6681 6626 6682
f 6682 6626 6627
f 6682 6627 6683
f 6683 6627 6628
f 6683 6628 6684
f 6684 6628 6629
f 6684 6629 6685
f 6685 6629 6630
f 6685 6630 6686
f 6686 6630 6631
f 6686 6631 6687
f 6937 7067 6881
f 7068 6882 6881
f 7068 6881 7067
f 7069 6883 6882
f 7069 6882 7068
f 7070 6884 6883
f 7070 6883 7069
f 7071 6885 6884
f 7071 6884 7070
f 7072 6886 6885
f 7072 6885 7071
f 7073 6887 6886
f 7073 6886 7072
f 7074 6888 6887
f 7074 6887 7073
f 7075 6889 6888
f 7075 6888 7074
f 7076 6890 6889
f 7076 6889 7075
f 7077 6891 6890
f 7077 6890 7076
f 7078 6892 6891
f 7078 6891 7077
f 7079 6893 6892
f 7079 6892 7078
f 7080 6894 6893
f 7080 6893 7079
f 7081 6895 6894
f 7081 6894 7080
f 7082 6896 6895
f 7082 6895 7081
f 7083 6897 6896
f 7083 6896 7082
f 7084 6898 6897
f 7084 6897 7083
f 7085 6899 6898
f 7085 6898 7084
f 7086 6900 6899
f 7086 6899 7085
f 7087 6901 6900
f 7087 6900 7086
f 7088 6902 6901
f 7088 6901 7087
f 7089 6903 6902
f 7089 6902 7088
f 7090 6904 6903
f 7090 6903 7089
f 7091 6905 6904
f 7091 6904 7090
f 7092 6906 6905
f 7092 6905 7091
f 7093 6907 6906
f 7093 6906 7092
f 7094 6908 6907
f 7094 6907 7093
f 7095 6909 6908
f 7095 6908 7094
f 7096 6910 6909
f 7096 6909 7095
f 7097 6911 6910
f 7097 6910 7096
f 6939 7179 7067
f 6939 7067 6937
f 7067 7180 7068
f 7067 7179 7180
f 7068 7181 7069
f 7068 7180 7181
f 7069 7182 7070
f 7069 7181 7182
f 7070 7183 7071
f 7070 7182 7183
f 7071 7184 7072
f 7071 7183 7184
f 7072 7185 7073
f 7072 7184 7185
f 7073 7186 7074
f 7073 7185 7186
f 7074 7187 7075
f 7074 7186 7187
f 7075 7188 7076
f 7075 7187 7188
f 7076 7189 7077
f 7076 7188 7189
f 7077 7190 7078
f 7077 7189 7190
f 7078 7191 7079
f 7078 7190 7191
f 7079 7192 7080
f 7079 7191 7192
f 7080 7193 7081
f 7080 7192 7193
f 7081 7194 7082
f 7081 7193 7194
f 7082 7195 7083
f 7082 7194 7195
f 7083 7196 7084
f 7083 7195 7196
f 7084 7197 7085
f 7084 7196 7197
f 7085 7198 7086
f 7085 7197 7198
f 7086 7199 7087
f 7086 7198 7199
f 7087 7200 7088
f 7087 7199 7200
f 7088 7201 7089
f 7088 7200 7201
f 7089 7202 7090
f 7089 7201 7202
f 7090 7203 7091
f 7090 7202 7203
f 7091 7204 7092
f 7091 7203 7204
f 7092 7205 7093
f 7092 7204 7205
f 7093 7206 7094
f 7093 7205 7206
f 7094 7207 7095
f 7094 7206 7207
f 7095 7208 7096
f 7095 7207 7208
f 7096 7209 7097
f 7096 7208 7209
f 6941 7236 7179
f 6941 7179 6939
f 7179 7294 7180
f 7179 7236 7294
f 7180 7295 7181
f 7180 7294 7295
f 7181 7296 7182
f 7181 7295 7296
f 7182 7297 7183
f 7182 7296 7297
f 7183 7298 7184
f 7183 7297 7298
f 7184 7299 7185
f 7184 7298 7299
f 7185 7300 7186
f 7185 7299 7300
f 7186 7301 7187
f 7186 7300 7301
f 7187 7302 7188
f 7187 7301 7302
f 7188 7303 7189
f 7188 7302 7303
f 7189 7304 7190
f 7189 7303 7304
f 7190 7305 7191
f 7190 7304 7305
f 7191 7306 7192
f 7191 7305 7306
f 7192 7307 7193
f 7192 7306 7307
f 7193 7308 7194
f 7193 7307 7308
f 7194 7309 7195
f 7194 7308 7309
f 7195 7310 7196
f 7195 7309 7310
f 7196 7311 7197
f 7196 7310 7311
f 7197 7312 7198
f 7197 7311 7312
f 7198 7313 7199
f 7198 7312 7313
f 7199 7314 7200
f 7199 7313 7314
f 7200 7315 7201
f 7200 7314 7315
f 7201 7316 7202
f 7201 7315 7316
f 7202 7317 7203
f 7202 7316 7317
f 7203 7318 7204
f 7203 7317 7318
f 7204 7319 7205
f 7204 7318 7319
f 7205 7320 7206
f 7205 7319 7320
f 7206 7321 7207
f 7206 7320 7321
f 7207 7322 7208
f 7207 7321 7322
f 7208 7323 7209
f 7208 7322 7323
f 6943 7293 7236
f 6943 7236 6941
f 7236 7405 7294
f 7236 7293 7405
f 7294 7406 7295
f 7294 7405 7406
f 7295 7407 7296
f 7295 7406 7407
f 7296 7408 7297
f 7296 7407 7408
f 7297 7409 7298
f 7297 7408 7409
f 7298 7410 7299
f 7298 7409 7410
f 7299 7411 7300
f 7299 7410 7411
f 7300 7412 7301
f 7300 7411 7412
f 7301 7413 7302
f 7301 7412 7413
f 7302 7414 7303
f 7302 7413 7414
f 7303 7415 7304
f 7303 7414 7415
f 7304 7416 7305
f 7304 7415 7416
f 7305 7417 7306
f 7305 7416 7417
f 7306 7418 7307
f 7306 7417 7418
f 7307 7419 7308
f 7307 7418 7419
f 7308 7420 7309
f 7308 7419 7420
f 7309 7421 7310
f 7309 7420 7421
f 7310 7422 7311
f 7310 7421 7422
f 7311 7423 7312
f 7311 7422 7423
f 7312 7424 7313
f 7312 7423 7424
f 7313 7425 7314
f 7313 7424 7425
f 7314 7426 7315
f 7314 7425 7426
f 7315 7427 7316
f 7315 7426 7427
f 7316 7428 7317
f 7316 7427 7428
f 7317 7429 7318
f 7317 7428 7429
f 7318 7430 7319
f 7318 7429 7430
f 7319 7431 7320
f 7319 7430 7431
f 7320 7432 7321
f 7320 7431 7432
f 7321 7433 7322
f 7321 7432 7433
f 7322 7434 7323
f 7322 7433 7434
f 6945 7349 7293
f 6945 7293 6943
f 7293 7460 7405
f 7293 7349 7460
f 7405 7461 7406
f 7405 7460 7461
f 7406 7462 7407
f 7406 7461 7462
f 7407 7463 7408
f 7407 7462 7463
f 7408 7464 7409
f 7408 7463 7464
f 7409 7465 7410
f 7409 7464 7465
f 7410 7466 7411
f 7410 7465 7466
f 7411 7467 7412
f 7411 7466 7467
f 7412 7468 7413
f 7412 7467 7468
f 7413 7469 7414
f 7413 7468 7469
f 7414 7470 7415
f 7414 7469 7470
f 7415 7471 7416
f 7415 7470 7471
f 7416 7472 7417
f 7416 7471 7472
f 7417 7473 7418
f 7417 7472 7473
f 7418 7474 7419
f 7418 7473 7474
f 7419 7475 7420
f 7419 7474 7475
f 7420 7476 7421
f 7420 7475 7476
f 7421 7477 7422
f 7421 7476 7477
f 7422 7478 7423
f 7422 7477 7478
f 7423 7479 7424
f 7423 7478 7479
f 7424 7480 7425
f 7424 7479 7480
f 7425 7481 7426
f 7425 7480 7481
f 7426 7482 7427
f 7426 7481 7482
f 7427 7483 7428
f 7427 7482 7483
f 7428 7484 7429
f 7428 7483 7484
f 7429 7485 7430
f 7429 7484 7485
f 7430 7486 7431
f 7430 7485 7486
f 7431 7487 7432
f 7431 7486 7487
f 7432 7488 7433
f 7432 7487 7488
f 7433 7489 7434
f 7433 7488 7489
f 6947 7237 7349
f 6947 7349 6945
f 7349 7350 7460
f 7349 7237 7350
f 7460 7351 7461
f 7460 7350 7351
f 7461 7352 7462
f 7461 7351 7352
f 7462 7353 7463
f 7462 7352 7353
f 7463 7354 7464
f 7463 7353 7354
f 7464 7355 7465
f 7464 7354 7355
f 7465 7356 7466
f 7465 7355 7356
f 7466 7357 7467
f 7466 7356 7357
f 7467 7358 7468
f 7467 7357 7358
f 7468 7359 7469
f 7468 7358 7359
f 7469 7360 7470
f 7469 7359 7360
f 7470 7361 7471
f 7470 7360 7361
f 7471 7362 7472
f 7471 7361 7362
f 7472 7363 7473
f 7472 7362 7363
f 7473 7364 7474
f 7473 7363 7364
f 7474 7365 7475
f 7474 7364 7365
f 7475 7366 7476
f 7475 7365 7366
f 7476 7367 7477
f 7476 7366 7367
f 7477 7368 7478
f 7477 7367 7368
f 7478 7369 7479
f 7478 7368 7369
f 7479 7370 7480
f 7479 7369 7370
f 7480 7371 7481
f 7480 7370 7371
f 7481 7372 7482
f 7481 7371 7372
f 7482 7373 7483
f 7482 7372 7373
f 7483 7374 7484
f 7483 7373 7374
f 7484 7375 7485
f 7484 7374 7375
f 7485 7376 7486
f 7485 7375 7376
f 7486 7377 7487
f 7486 7376 7377
f 7487 7378 7488
f 7487 7377 7378
f 7488 7379 7489
f 7488 7378 7379
f 6949 7235 7237
f 6949 7237 6947
f 7237 7238 7350
f 7237 7235 7238
f 7350 7239 7351
f 7350 7238 7239
f 7351 7240 7352
f 7351 7239 7240
f 7352 7241 7353
f 7352 7240 7241
f 7353 7242 7354
f 7353 7241 7242
f 7354 7243 7355
f 7354 7242 7243
f 7355 7244 7356
f 7355 7243 7244
f 7356 7245 7357
f 7356 7244 7245
f 7357 7246 7358
f 7357 7245 7246
f 7358 7247 7359
f 7358 7246 7247
f 7359 7248 7360
f 7359 7247 7248
f 7360 7249 7361
f 7360 7248 7249
f 7361 7250 7362
f 7361 7249 7250
f 7362 7251 7363
f 7362 7250 7251
f 7363 7252 7364
f 7363 7251 7252
f 7364 7253 7365
f 7364 7252 7253
f 7365 7254 7366
f 7365 7253 7254
f 7366 7255 7367
f 7366 7254 7255
f 7367 7256 7368
f 7367 7255 7256
f 7368 7257 7369
f 7368 7256 7257
f 7369 7258 7370
f 7369 7257 7258
f 7370 7259 7371
f 7370 7258 7259
f 7371 7260 7372
f 7371 7259 7260
f 7372 7261 7373
f 7372 7260 7261
f 7373 7262 7374
f 7373 7261 7262
f 7374 7263 7375
f 7374 7262 7263
f 7375 7264 7376
f 7375 7263 7264
f 7376 7265 7377
f 7376 7264 7265
f 7377 7266 7378
f 7377 7265 7266
f 7378 7267 7379
f 7378 7266 7267
f 6951 7123 7235
f 6951 7235 6949
f 7235 7124 7238
f 7235 7123 7124
f 7238 7125 7239
f 7238 7124 7125
f 7239 7126 7240
f 7239 7125 7126
f 7240 7127 7241
f 7240 7126 7127
f 7241 7128 7242
f 7241 7127 7128
f 7242 7129 7243
f 7242 7128 7129
f 7243 7130 7244
f 7243 7129 7130
f 7244 7131 7245
f 7244 7130 7131
f 7245 7132 7246
f 7245 7131 7132
f 7246 7133 7247
f 7246 7132 7133
f 7247 7134 7248
f 7247 7133 7134
f 7248 7135 7249
f 7248 7134 7135
f 7249 7136 7250
f 7249 7135 7136
f 7250 7137 7251
f 7250 7136 7137
f 7251 7138 7252
f 7251 7137 7138
f 7252 7139 7253
f 7252 7138 7139
f 7253 7140 7254
f 7253 7139 7140
f 7254 7141 7255
f 7254 7140 7141
f 7255 7142 7256
f 7255 7141 7142
f 7256 7143 7257
f 7256 7142 7143
f 7257 7144 7258
f 7257 7143 7144
f 7258 7145 7259
f 7258 7144 7145
f 7259 7146 7260
f 7259 7145 7146
f 7260 7147 7261
f 7260 7146 7147
f 7261 7148 7262
f 7261 7147 7148
f 7262 7149 7263
f 7262 7148 7149
f 7263 7150 7264
f 7263 7149 7150
f 7264 7151 7265
f 7264 7150 7151
f 7265 7152 7266
f 7265 7151 7152
f 7266 7153 7267
f 7266 7152 7153
f 6953 7011 7123
f 6953 7123 6951
f 7123 7012 7124
f 7123 7011 7012
f 7124 7013 7125
f 7124 7012 7013
f 7125 7014 7126
f 7125 7013 7014
f 7126 7015 7127
f 7126 7014 7015
f 7127 7016 7128
f 7127 7015 7016
f 7128 7017 7129
f 7128 7016 7017
f 7129 7018 7130
f 7129 7017 7018
f 7130 7019 7131
f 7130 7018 7019
f 7131 7020 7132
f 7131 7019 7020
f 7132 7021 7133
f 7132 7020 7021
f 7133 7022 7134
f 7133 7021 7022
f 7134 7023 7135
f 7134 7022 7023
f 7135 7024 7136
f 7135 7023 7024
f 7136 7025 7137
f 7136 7024 7025
f 7137 7026 7138
f 7137 7025 7026
f 7138 7027 7139
f 7138 7026 7027
f 7139 7028 7140
f 7139 7027 7028
f 7140 7029 7141
f 7140 7028 7029
f 7141 7030 7142
f 7141 7029 7030
f 7142 7031 7143
f 7142 7030 7031
f 7143 7032 7144
f 7143 7031 7032
f 7144 7033 7145
f 7144 7032 7033
f 7145 7034 7146
f 7145 7033 7034
f 7146 7035 7147
f 7146 7034 7035
f 7147 7036 7148
f 7147 7035 7036
f 7148 7037 7149
f 7148 7036 7037
f 7149 7038 7150
f 7149 7037 7038
f 7150 7039 7151
f 7150 7038 7039
f 7151 7040 7152
f 7151 7039 7040
f 7152 7041 7153
f 7152 7040 7041
f 6955 7011 6953
f 7011 6955 6956
f 7011 6956 7012
f 7012 6956 6957
f 7012 6957 7013
f 7013 6957 6958
f 7013 6958 7014
f 7014 6958 6959
f 7014 6959 7015
f 7015 6959 6960
f 7015 6960 7016
f 7016 6960 6961
f 7016 6961 7017
f 7017 6961 6962
f 7017 6962 7018
f 7018 6962 6963
f 7018 6963 7019
f 7019 6963 6964
f 7019 6964 7020
f 7020 6964 6965
f 7020 6965 7021
f 7021 6965 6966
f 7021 6966 7022
f 7022 6966 6967
f 7022 6967 7023
f 7023 6967 6968
f 7023 6968 7024
f 7024 6968 6969
f 7024 6969 7025
f 7025 6969 6970
f 7025 6970 7026
f 7026 6970 6971
f 7026 6971 7027
f 7027 6971 6972
f 7027 6972 7028
f 7028 6972 6973
f 7028 6973 7029
f 7029 6973 6974
f 7029 6974 7030
f 7030 6974 6975
f 7030 6975 7031
f 7031 6975 6976
f 7031 6976 7032
f 7032 6976 6977
f 7032 6977 7033
f 7033 6977 6978
f 7033 6978 7034
f 7034 6978 6979
f 7034 6979 7035
f 7035 6979 6980
f 7035 6980 7036
f 7036 6980 6981
f 7036 6981 7037
f 7037 6981 6982
f 7037 6982 7038
f 7038 6982 6983
f 7038 6983 7039
f 7039 6983 6984
f 7039 6984 7040
f 7040 6984 6985
f 7040 6985 7041
f 424 312 311
f 424 311 423
f 425 313 312
f 425 312 424
f 426 314 313
f 426 313 425
f 427 315 314
f 427 314 426
f 428 316 315
f 428 315 427
f 429 317 316
f 429 316 428
f 430 318 317
f 430 317 429
f 431 319 318
f 431 318 430
f 432 320 319
f 432 319 431
f 433 321 320
f 433 320 432
f 434 322 321
f 434 321 433
f 435 323 322
f 435 322 434
f 436 324 323
f 436 323 435
f 437 325 324
f 437 324 436
f 438 326 325
f 438 325 437
f 439 327 326
f 439 326 438
f 440 328 327
f 440 327 439
f 441 329 328
f 441 328 440
f 442 330 329
f 442 329 441
f 443 331 330
f 443 330 442
f 444 332 331
f 444 331 443
f 445 333 332
f 445 332 444
f 446 334 333
f 446 333 445
f 447 335 334
f 447 334 446
f 448 336 335
f 448 335 447
f 450 336 448
f 200 311 312
f 199 311 200
f 201 312 313
f 200 312 201
f 202 313 314
f 201 313 202
f 203 314 315
f 202 314 203
f 204 315 316
f 203 315 204
f 205 316 317
f 204 316 205
f 206 317 318
f 205 317 206
f 207 318 319
f 206 318 207
f 208 319 320
f 207 319 208
f 209 320 321
f 208 320 209
f 210 321 322
f 209 321 210
f 211 322 323
f 210 322 211
f 212 323 324
f 211 323 212
f 213 324 325
f 212 324 213
f 214 325 326
f 213 325 214
f 215 326 327
f 214 326 215
f 216 327 328
f 215 327 216
f 217 328 329
f 216 328 217
f 218 329 330
f 217 329 218
f 219 330 331
f 218 330 219
f 220 331 332
f 219 331 220
f 221 332 333
f 220 332 221
f 222 333 334
f 221 333 222
f 223 334 335
f 222 334 223
f 224 335 336
f 223 335 224
f 336 450 452
f 336 452 224
f 88 199 200
f 87 199 88
f 89 200 201
f 88 200 89
f 90 201 202
f 89 201 90
f 91 202 203
f 90 202 91
f 92 203 204
f 91 203 92
f 93 204 205
f 92 204 93
f 94 205 206
f 93 205 94
f 95 206 207
f 94 206 95
f 96 207 208
f 95 207 96
f 97 208 209
f 96 208 97
f 98 209 210
f 97 209 98
f 99 210 211
f 98 210 99
f 100 211 212
f 99 211 100
f 101 212 213
f 100 212 101
f 102 213 214
f 101 213 102
f 103 214 215
f 102 214 103
f 104 215 216
f 103 215 104
f 105 216 217
f 104 216 105
f 106 217 218
f 105 217 106
f 107 218 219
f 106 218 107
f 108 219 220
f 107 219 108
f 109 220 221
f 108 220 109
f 110 221 222
f 109 221 110
f 111 222 223
f 110 222 111
f 112 223 224
f 111 223 112
f 224 452 454
f 224 454 112
f 32 87 88
f 31 87 32
f 33 88 89
f 32 88 33
f 34 89 90
f 33 89 34
f 35 90 91
f 34 90 35
f 36 91 92
f 35 91 36
f 37 92 93
f 36 92 37
f 38 93 94
f 37 93 38
f 39 94 95
f 38 94 39
f 40 95 96
f 39 95 40
f 41 96 97
f 40 96 41
f 42 97 98
f 41 97 42
f 43 98 99
f 42 98 43
f 44 99 100
f 43 99 44
f 45 100 101
f 44 100 45
f 46 101 102
f 45 101 46
f 47 102 103
f 46 102 47
f 48 103 104
f 47 103 48
f 49 104 105
f 48 104 49
f 50 105 106
f 49 105 50
f 51 106 107
f 50 106 51
f 52 107 108
f 51 107 52
f 53 108 109
f 52 108 53
f 54 109 110
f 53 109 54
f 55 110 111
f 54 110 55
f 56 111 112
f 55 111 56
f 112 454 456
f 112 456 56
f 144 31 32
f 143 31 144
f 145 32 33
f 144 32 145
f 146 33 34
f 145 33 146
f 147 34 35
f 146 34 147
f 148 35 36
f 147 35 148
f 149 36 37
f 148 36 149
f 150 37 38
f 149 37 150
f 151 38 39
f 150 38 151
f 152 39 40
f 151 39 152
f 153 40 41
f 152 40 153
f 154 41 42
f 153 41 154
f 155 42 43
f 154 42 155
f 156 43 44
f 155 43 156
f 157 44 45
f 156 44 157
f 158 45 46
f 157 45 158
f 159 46 47
f 158 46 159
f 160 47 48
f 159 47 160
f 161 48 49
f 160 48 161
f 162 49 50
f 161 49 162
f 163 50 51
f 162 50 163
f 164 51 52
f 163 51 164
f 165 52 53
f 164 52 165
f 166 53 54
f 165 53 166
f 167 54 55
f 166 54 167
f 168 55 56
f 167 55 168
f 56 456 458
f 56 458 168
f 256 143 144
f 255 143 256
f 257 144 145
f 256 144 257
f 258 145 146
f 257 145 258
f 259 146 147
f 258 146 259
f 260 147 148
f 259 147 260
f 261 148 149
f 260 148 261
f 262 149 150
f 261 149 262
f 263 150 151
f 262 150 263
f 264 151 152
f 263 151 264
f 265 152 153
f 264 152 265
f 266 153 154
f 265 153 266
f 267 154 155
f 266 154 267
f 268 155 156
f 267 155 268
f 269 156 157
f 268 156 269
f 270 157 158
f 269 157 270
f 271 158 159
f 270 158 271
f 272 159 160
f 271 159 272
f 273 160 161
f 272 160 273
f 274 161 162
f 273 161 274
f 275 162 163
f 274 162 275
f 276 163 164
f 275 163 276
f 277 164 165
f 276 164 277
f 278 165 166
f 277 165 278
f 279 166 167
f 278 166 279
f 280 167 168
f 279 167 280
f 168 458 460
f 168 460 280
f 368 255 256
f 367 255 368
f 369 256 257
f 368 256 369
f 370 257 258
f 369 257 370
f 371 258 259
f 370 258 371
f 372 259 260
f 371 259 372
f 373 260 261
f 372 260 373
f 374 261 262
f 373 261 374
f 375 262 263
f 374 262 375
f 376 263 264
f 375 263 376
f 377 264 265
f 376 264 377
f 378 265 266
f 377 265 378
f 379 266 267
f 378 266 379
f 380 267 268
f 379 267 380
f 381 268 269
f 380 268 381
f 382 269 270
f 381 269 382
f 383 270 271
f 382 270 383
f 384 271 272
f 383 271 384
f 385 272 273
f 384 272 385
f 386 273 274
f 385 273 386
f 387 274 275
f 386 274 387
f 388 275 276
f 387 275 388
f 389 276 277
f 388 276 389
f 390 277 278
f 389 277 390
f 391 278 279
f 390 278 391
f 392 279 280
f 391 279 392
f 280 460 462
f 280 462 392
f 493 367 368
f 493 368 494
f 494 368 369
f 494 369 495
f 495 369 370
f 495 370 496
f 496 370 371
f 496 371 497
f 497 371 372
f 497 372 498
f 498 372 373
f 498 373 499
f 499 373 374
f 499 374 500
f 500 374 375
f 500 375 501
f 501 375 376
f 501 376 502
f 502 376 377
f 502 377 503
f 503 377 378
f 503 378 504
f 504 378 379
f 504 379 505
f 505 379 380
f 505 380 506
f 506 380 381
f 506 381 507
f 507 381 382
f 507 382 508
f 508 382 383
f 508 383 509
f 509 383 384
f 509 384 510
f 510 384 385
f 510 385 511
f 511 385 386
f 511 386 512
f 512 386 387
f 512 387 513
f 513 387 388
f 513 388 514
f 514 388 389
f 514 389 515
f 515 389 390
f 515 390 516
f 516 390 391
f 516 391 517
f 517 391 392
f 517 392 518
f 518 392 462
f 886 774 773
f 886 773 885
f 887 775 774
f 887 774 886
f 888 776 775
f 888 775 887
f 889 777 776
f 889 776 888
f 890 778 777
f 890 777 889
f 891 779 778
f 891 778 890
f 892 780 779
f 892 779 891
f 893 781 780
f 893 780 892
f 894 782 781
f 894 781 893
f 895 783 782
f 895 782 894
f 896 784 783
f 896 783 895
f 897 785 784
f 897 784 896
f 898 786 785
f 898 785 897
f 899 787 786
f 899 786 898
f 900 788 787
f 900 787 899
f 901 789 788
f 901 788 900
f 902 790 789
f 902 789 901
f 903 791 790
f 903 790 902
f 904 792 791
f 904 791 903
f 905 793 792
f 905 792 904
f 906 794 793
f 906 793 905
f 907 795 794
f 907 794 906
f 908 796 795
f 908 795 907
f 909 797 796
f 909 796 908
f 910 798 797
f 910 797 909
f 912 798 910
f 661 773 774
f 660 773 661
f 662 774 775
f 661 774 662
f 663 775 776
f 662 775 663
f 664 776 777
f 663 776 664
f 665 777 778
f 664 777 665
f 666 778 779
f 665 778 666
f 667 779 780
f 666 779 667
f 668 780 781
f 667 780 668
f 669 781 782
f 668 781 669
f 670 782 783
f 669 782 670
f 671 783 784
f 670 783 671
f 672 784 785
f 671 784 672
f 673 785 786
f 672 785 673
f 674 786 787
f 673 786 674
f 675 787 788
f 674 787 675
f 676 788 789
f 675 788 676
f 677 789 790
f 676 789 677
f 678 790 791
f 677 790 678
f 679 791 792
f 678 791 679
f 680 792 793
f 679 792 680
f 681 793 794
f 680 793 681
f 682 794 795
f 681 794 682
f 683 795 796
f 682 795 683
f 684 796 797
f 683 796 684
f 685 797 798
f 684 797 685
f 798 912 914
f 798 914 685
f 549 660 661
f 548 660 549
f 550 661 662
f 549 661 550
f 551 662 663
f 550 662 551
f 552 663 664
f 551 663 552
f 553 664 665
f 552 664 553
f 554 665 666
f 553 665 554
f 555 666 667
f 554 666 555
f 556 667 668
f 555 667 556
f 557 668 669
f 556 668 557
f 558 669 670
f 557 669 558
f 559 670 671
f 558 670 559
f 560 671 672
f 559 671 560
f 561 672 673
f 560 672 561
f 562 673 674
f 561 673 562
f 563 674 675
f 562 674 563
f 564 675 676
f 563 675 564
f 565 676 677
f 564 676 565
f 566 677 678
f 565 677 566
f 567 678 679
f 566 678 567
f 568 679 680
f 567 679 568
f 569 680 681
f 568 680 569
f 570 681 682
f 569 681 570
f 571 682 683
f 570 682 571
f 572 683 684
f 571 683 572
f 573 684 685
f 572 684 573
f 685 914 916
f 685 916 573
f 423 548 424
f 424 548 549
f 424 549 425
f 425 549 550
f 425 550 426
f 426 550 551
f 426 551 427
f 427 551 552
f 427 552 428
f 428 552 553
f 428 553 429
f 429 553 554
f 429 554 430
f 430 554 555
f 430 555 431
f 431 555 556
f 431 556 432
f 432 556 557
f 432 557 433
f 433 557 558
f 433 558 434
f 434 558 559
f 434 559 435
f 435 559 560
f 435 560 436
f 436 560 561
f 436 561 437
f 437 561 562
f 437 562 438
f 438 562 563
f 438 563 439
f 439 563 564
f 439 564 440
f 440 564 565
f 440 565 441
f 441 565 566
f 441 566 442
f 442 566 567
f 442 567 443
f 443 567 568
f 443 568 444
f 444 568 569
f 444 569 445
f 445 569 570
f 445 570 446
f 446 570 571
f 446 571 447
f 447 571 572
f 447 572 448
f 448 572 573
f 450 448 573
f 916 450 573
f 918 450 916
f 918 452 450
f 920 452 918
f 920 454 452
f 922 454 920
f 922 456 454
f 924 456 922
f 924 458 456
f 926 458 924
f 926 460 458
f 928 460 926
f 928 462 460
f 930 462 928
f 494 604 493
f 493 604 603
f 495 605 494
f 494 605 604
f 496 606 495
f 495 606 605
f 497 607 496
f 496 607 606
f 498 608 497
f 497 608 607
f 499 609 498
f 498 609 608
f 500 610 499
f 499 610 609
f 501 611 500
f 500 611 610
f 502 612 501
f 501 612 611
f 503 613 502
f 502 613 612
f 504 614 503
f 503 614 613
f 505 615 504
f 504 615 614
f 506 616 505
f 505 616 615
f 507 617 506
f 506 617 616
f 508 618 507
f 507 618 617
f 509 619 508
f 508 619 618
f 510 620 509
f 509 620 619
f 511 621 510
f 510 621 620
f 512 622 511
f 511 622 621
f 513 623 512
f 512 623 622
f 514 624 513
f 513 624 623
f 515 625 514
f 514 625 624
f 516 626 515
f 515 626 625
f 517 627 516
f 516 627 626
f 518 628 517
f 517 628 627
f 932 628 518
f 462 932 518
f 930 932 462
f 717 603 604
f 716 603 717
f 718 604 605
f 717 604 718
f 719 605 606
f 718 605 719
f 720 606 607
f 719 606 720
f 721 607 608
f 720 607 721
f 722 608 609
f 721 608 722
f 723 609 610
f 722 609 723
f 724 610 611
f 723 610 724
f 725 611 612
f 724 611 725
f 726 612 613
f 725 612 726
f 727 613 614
f 726 613 727
f 728 614 615
f 727 614 728
f 729 615 616
f 728 615 729
f 730 616 617
f 729 616 730
f 731 617 618
f 730 617 731
f 732 618 619
f 731 618 732
f 733 619 620
f 732 619 733
f 734 620 621
f 733 620 734
f 735 621 622
f 734 621 735
f 736 622 623
f 735 622 736
f 737 623 624
f 736 623 737
f 738 624 625
f 737 624 738
f 739 625 626
f 738 625 739
f 740 626 627
f 739 626 740
f 741 627 628
f 740 627 741
f 628 932 934
f 628 934 741
f 830 716 717
f 829 716 830
f 831 717 718
f 830 717 831
f 832 718 719
f 831 718 832
f 833 719 720
f 832 719 833
f 834 720 721
f 833 720 834
f 835 721 722
f 834 721 835
f 836 722 723
f 835 722 836
f 837 723 724
f 836 723 837
f 838 724 725
f 837 724 838
f 839 725 726
f 838 725 839
f 840 726 727
f 839 726 840
f 841 727 728
f 840 727 841
f 842 728 729
f 841 728 842
f 843 729 730
f 842 729 843
f 844 730 731
f 843 730 844
f 845 731 732
f 844 731 845
f 846 732 733
f 845 732 846
f 847 733 734
f 846 733 847
f 848 734 735
f 847 734 848
f 849 735 736
f 848 735 849
f 850 736 737
f 849 736 850
f 851 737 738
f 850 737 851
f 852 738 739
f 851 738 852
f 853 739 740
f 852 739 853
f 854 740 741
f 853 740 854
f 741 934 936
f 741 936 854
f 967 829 830
f 967 830 968
f 968 830 831
f 968 831 969
f 969 831 832
f 969 832 970
f 970 832 833
f 970 833 971
f 971 833 834
f 971 834 972
f 972 834 835
f 972 835 973
f 973 835 836
f 973 836 974
f 974 836 837
f 974 837 975
f 975 837 838
f 975 838 976
f 976 838 839
f 976 839 977
f 977 839 840
f 977 840 978
f 978 840 841
f 978 841 979
f 979 841 842
f 979 842 980
f 980 842 843
f 980 843 981
f 981 843 844
f 981 844 982
f 982 844 845
f 982 845 983
f 983 845 846
f 983 846 984
f 984 846 847
f 984 847 985
f 985 847 848
f 985 848 986
f 986 848 849
f 986 849 987
f 987 849 850
f 987 850 988
f 988 850 851
f 988 851 989
f 989 851 852
f 989 852 990
f 990 852 853
f 990 853 991
f 991 853 854
f 991 854 992
f 992 854 936
f 1135 1023 1022
f 1135 1022 1134
f 1136 1024 1023
f 1136 1023 1135
f 1137 1025 1024
f 1137 1024 1136
f 1138 1026 1025
f 1138 1025 1137
f 1139 1027 1026
f 1139 1026 1138
f 1140 1028 1027
f 1140 1027 1139
f 1141 1029 1028
f 1141 1028 1140
f 1142 1030 1029
f 1142 1029 1141
f 1143 1031 1030
f 1143 1030 1142
f 1144 1032 1031
f 1144 1031 1143
f 1145 1033 1032
f 1145 1032 1144
f 1146 1034 1033
f 1146 1033 1145
f 1147 1035 1034
f 1147 1034 1146
f 1148 1036 1035
f 1148 1035 1147
f 1149 1037 1036
f 1149 1036 1148
f 1150 1038 1037
f 1150 1037 1149
f 1151 1039 1038
f 1151 1038 1150
f 1152 1040 1039
f 1152 1039 1151
f 1153 1041 1040
f 1153 1040 1152
f 1154 1042 1041
f 1154 1041 1153
f 1155 1043 1042
f 1155 1042 1154
f 1156 1044 1043
f 1156 1043 1155
f 1157 1045 1044
f 1157 1044 1156
f 1158 1046 1045
f 1158 1045 1157
f 1159 1047 1046
f 1159 1046 1158
f 1162 1047 1159
f 885 1022 886
f 886 1022 1023
f 886 1023 887
f 887 1023 1024
f 887 1024 888
f 888 1024 1025
f 888 1025 889
f 889 1025 1026
f 889 1026 890
f 890 1026 1027
f 890 1027 891
f 891 1027 1028
f 891 1028 892
f 892 1028 1029
f 892 1029 893
f 893 1029 1030
f 893 1030 894
f 894 1030 1031
f 894 1031 895
f 895 1031 1032
f 895 1032 896
f 896 1032 1033
f 896 1033 897
f 897 1033 1034
f 897 1034 898
f 898 1034 1035
f 898 1035 899
f 899 1035 1036
f 899 1036 900
f 900 1036 1037
f 900 1037 901
f 901 1037 1038
f 901 1038 902
f 902 1038 1039
f 902 1039 903
f 903 1039 1040
f 903 1040 904
f 904 1040 1041
f 904 1041 905
f 905 1041 1042
f 905 1042 906
f 906 1042 1043
f 906 1043 907
f 907 1043 1044
f 907 1044 908
f 908 1044 1045
f 908 1045 909
f 909 1045 1046
f 909 1046 910
f 910 1046 1047
f 912 910 1047
f 1162 912 1047
f 1164 912 1162
f 1164 914 912
f 1166 914 1164
f 1166 916 914
f 1168 916 1166
f 1168 918 916
f 1170 918 1168
f 1170 920 918
f 1172 920 1170
f 1172 922 920
f 1174 922 1172
f 1174 924 922
f 1176 924 1174
f 1176 926 924
f 1178 926 1176
f 1178 928 926
f 1180 928 1178
f 1180 930 928
f 1182 930 1180
f 1182 932 930
f 1184 932 1182
f 1184 934 932
f 1186 934 1184
f 1186 936 934
f 1188 936 1186
f 968 1079 967
f 967 1079 1078
f 969 1080 968
f 968 1080 1079
f 970 1081 969
f 969 1081 1080
f 971 1082 970
f 970 1082 1081
f 972 1083 971
f 971 1083 1082
f 973 1084 972
f 972 1084 1083
f 974 1085 973
f 973 1085 1084
f 975 1086 974
f 974 1086 1085
f 976 1087 975
f 975 1087 1086
f 977 1088 976
f 976 1088 1087
f 978 1089 977
f 977 1089 1088
f 979 1090 978
f 978 1090 1089
f 980 1091 979
f 979 1091 1090
f 981 1092 980
f 980 1092 1091
f 982 1093 981
f 981 1093 1092
f 983 1094 982
f 982 1094 1093
f 984 1095 983
f 983 1095 1094
f 985 1096 984
f 984 1096 1095
f 986 1097 985
f 985 1097 1096
f 987 1098 986
f 986 1098 1097
f 988 1099 987
f 987 1099 1098
f 989 1100 988
f 988 1100 1099
f 990 1101 989
f 989 1101 1100
f 991 1102 990
f 990 1102 1101
f 992 1103 991
f 991 1103 1102
f 1190 1103 992
f 936 1190 992
f 1188 1190 936
f 1221 1078 1079
f 1221 1079 1222
f 1222 1079 1080
f 1222 1080 1223
f 1223 1080 1081
f 1223 1081 1224
f 1224 1081 1082
f 1224 1082 1225
f 1225 1082 1083
f 1225 1083 1226
f 1226 1083 1084
f 1226 1084 1227
f 1227 1084 1085
f 1227 1085 1228
f 1228 1085 1086
f 1228 1086 1229
f 1229 1086 1087
f 1229 1087 1230
f 1230 1087 1088
f 1230 1088 1231
f 1231 1088 1089
f 1231 1089 1232
f 1232 1089 1090
f 1232 1090 1233
f 1233 1090 1091
f 1233 1091 1234
f 1234 1091 1092
f 1234 1092 1235
f 1235 1092 1093
f 1235 1093 1236
f 1236 1093 1094
f 1236 1094 1237
f 1237 1094 1095
f 1237 1095 1238
f 1238 1095 1096
f 1238 1096 1239
f 1239 1096 1097
f 1239 1097 1240
f 1240 1097 1098
f 1240 1098 1241
f 1241 1098 1099
f 1241 1099 1242
f 1242 1099 1100
f 1242 1100 1243
f 1243 1100 1101
f 1243 1101 1244
f 1244 1101 1102
f 1244 1102 1245
f 1245 1102 1103
f 1245 1103 1246
f 1246 1103 1190
f 1502 1390 1389
f 1502 1389 1501
f 1503 1391 1390
f 1503 1390 1502
f 1504 1392 1391
f 1504 1391 1503
f 1505 1393 1392
f 1505 1392 1504
f 1506 1394 1393
f 1506 1393 1505
f 1507 1395 1394
f 1507 1394 1506
f 1508 1396 1395
f 1508 1395 1507
f 1509 1397 1396
f 1509 1396 1508
f 1510 1398 1397
f 1510 1397 1509
f 1511 1399 1398
f 1511 1398 1510
f 1512 1400 1399
f 1512 1399 1511
f 1513 1401 1400
f 1513 1400 1512
f 1514 1402 1401
f 1514 1401 1513
f 1515 1403 1402
f 1515 1402 1514
f 1516 1404 1403
f 1516 1403 1515
f 1517 1405 1404
f 1517 1404 1516
f 1518 1406 1405
f 1518 1405 1517
f 1519 1407 1406
f 1519 1406 1518
f 1520 1408 1407
f 1520 1407 1519
f 1521 1409 1408
f 1521 1408 1520
f 1522 1410 1409
f 1522 1409 1521
f 1523 1411 1410
f 1523 1410 1522
f 1524 1412 1411
f 1524 1411 1523
f 1525 1413 1412
f 1525 1412 1524
f 1526 1414 1413
f 1526 1413 1525
f 1528 1414 1526
f 1277 1389 1390
f 1276 1389 1277
f 1278 1390 1391
f 1277 1390 1278
f 1279 1391 1392
f 1278 1391 1279
f 1280 1392 1393
f 1279 1392 1280
f 1281 1393 1394
f 1280 1393 1281
f 1282 1394 1395
f 1281 1394 1282
f 1283 1395 1396
f 1282 1395 1283
f 1284 1396 1397
f 1283 1396 1284
f 1285 1397 1398
f 1284 1397 1285
f 1286 1398 1399
f 1285 1398 1286
f 1287 1399 1400
f 1286 1399 1287
f 1288 1400 1401
f 1287 1400 1288
f 1289 1401 1402
f 1288 1401 1289
f 1290 1402 1403
f 1289 1402 1290
f 1291 1403 1404
f 1290 1403 1291
f 1292 1404 1405
f 1291 1404 1292
f 1293 1405 1406
f 1292 1405 1293
f 1294 1406 1407
f 1293 1406 1294
f 1295 1407 1408
f 1294 1407 1295
f 1296 1408 1409
f 1295 1408 1296
f 1297 1409 1410
f 1296 1409 1297
f 1298 1410 1411
f 1297 1410 1298
f 1299 1411 1412
f 1298 1411 1299
f 1300 1412 1413
f 1299 1412 1300
f 1301 1413 1414
f 1300 1413 1301
f 1414 1528 1530
f 1414 1530 1301
f 1134 1276 1135
f 1135 1276 1277
f 1135 1277 1136
f 1136 1277 1278
f 1136 1278 1137
f 1137 1278 1279
f 1137 1279 1138
f 1138 1279 1280
f 1138 1280 1139
f 1139 1280 1281
f 1139 1281 1140
f 1140 1281 1282
f 1140 1282 1141
f 1141 1282 1283
f 1141 1283 1142
f 1142 1283 1284
f 1142 1284 1143
f 1143 1284 1285
f 1143 1285 1144
f 1144 1285 1286
f 1144 1286 1145
f 1145 1286 1287
f 1145 1287 1146
f 1146 1287 1288
f 1146 1288 1147
f 1147 1288 1289
f 1147 1289 1148
f 1148 1289 1290
f 1148 1290 1149
f 1149 1290 1291
f 1149 1291 1150
f 1150 1291 1292
f 1150 1292 1151
f 1151 1292 1293
f 1151 1293 1152
f 1152 1293 1294
f 1152 1294 1153
f 1153 1294 1295
f 1153 1295 1154
f 1154 1295 1296
f 1154 1296 1155
f 1155 1296 1297
f 1155 1297 1156
f 1156 1297 1298
f 1156 1298 1157
f 1157 1298 1299
f 1157 1299 1158
f 1158 1299 1300
f 1158 1300 1159
f 1159 1300 1301
f 1162 1159 1301
f 1530 1162 1301
f 1532 1162 1530
f 1532 1164 1162
f 1534 1164 1532
f 1534 1166 1164
f 1536 1166 1534
f 1536 1168 1166
f 1538 1168 1536
f 1538 1170 1168
f 1540 1170 1538
f 1540 1172 1170
f 1542 1172 1540
f 1542 1174 1172
f 1544 1174 1542
f 1544 1176 1174
f 1546 1176 1544
f 1546 1178 1176
f 1548 1178 1546
f 1548 1180 1178
f 1550 1180 1548
f 1550 1182 1180
f 1552 1182 1550
f 1552 1184 1182
f 1554 1184 1552
f 1554 1186 1184
f 1556 1186 1554
f 1556 1188 1186
f 1558 1188 1556
f 1558 1190 1188
f 1560 1190 1558
f 1222 1333 1221
f 1221 1333 1332
f 1223 1334 1222
f 1222 1334 1333
f 1224 1335 1223
f 1223 1335 1334
f 1225 1336 1224
f 1224 1336 1335
f 1226 1337 1225
f 1225 1337 1336
f 1227 1338 1226
f 1226 1338 1337
f 1228 1339 1227
f 1227 1339 1338
f 1229 1340 1228
f 1228 1340 1339
f 1230 1341 1229
f 1229 1341 1340
f 1231 1342 1230
f 1230 1342 1341
f 1232 1343 1231
f 1231 1343 1342
f 1233 1344 1232
f 1232 1344 1343
f 1234 1345 1233
f 1233 1345 1344
f 1235 1346 1234
f 1234 1346 1345
f 1236 1347 1235
f 1235 1347 1346
f 1237 1348 1236
f 1236 1348 1347
f 1238 1349 1237
f 1237 1349 1348
f 1239 1350 1238
f 1238 1350 1349
f 1240 1351 1239
f 1239 1351 1350
f 1241 1352 1240
f 1240 1352 1351
f 1242 1353 1241
f 1241 1353 1352
f 1243 1354 1242
f 1242 1354 1353
f 1244 1355 1243
f 1243 1355 1354
f 1245 1356 1244
f 1244 1356 1355
f 1246 1357 1245
f 1245 1357 1356
f 1562 1357 1246
f 1190 1562 1246
f 1560 1562 1190
f 1446 1332 1333
f 1445 1332 1446
f 1447 1333 1334
f 1446 1333 1447
f 1448 1334 1335
f 1447 1334 1448
f 1449 1335 1336
f 1448 1335 1449
f 1450 1336 1337
f 1449 1336 1450
f 1451 1337 1338
f 1450 1337 1451
f 1452 1338 1339
f 1451 1338 1452
f 1453 1339 1340
f 1452 1339 1453
f 1454 1340 1341
f 1453 1340 1454
f 1455 1341 1342
f 1454 1341 1455
f 1456 1342 1343
f 1455 1342 1456
f 1457 1343 1344
f 1456 1343 1457
f 1458 1344 1345
f 1457 1344 1458
f 1459 1345 1346
f 1458 1345 1459
f 1460 1346 1347
f 1459 1346 1460
f 1461 1347 1348
f 1460 1347 1461
f 1462 1348 1349
f 1461 1348 1462
f 1463 1349 1350
f 1462 1349 1463
f 1464 1350 1351
f 1463 1350 1464
f 1465 1351 1352
f 1464 1351 1465
f 1466 1352 1353
f 1465 1352 1466
f 1467 1353 1354
f 1466 1353 1467
f 1468 1354 1355
f 1467 1354 1468
f 1469 1355 1356
f 1468 1355 1469
f 1470 1356 1357
f 1469 1356 1470
f 1357 1562 1564
f 1357 1564 1470
f 1595 1445 1446
f 1595 1446 1596
f 1596 1446 1447
f 1596 1447 1597
f 1597 1447 1448
f 1597 1448 1598
f 1598 1448 1449
f 1598 1449 1599
f 1599 1449 1450
f 1599 1450 1600
f 1600 1450 1451
f 1600 1451 1601
f 1601 1451 1452
f 1601 1452 1602
f 1602 1452 1453
f 1602 1453 1603
f 1603 1453 1454
f 1603 1454 1604
f 1604 1454 1455
f 1604 1455 1605
f 1605 1455 1456
f 1605 1456 1606
f 1606 1456 1457
f 1606 1457 1607
f 1607 1457 1458
f 1607 1458 1608
f 1608 1458 1459
f 1608 1459 1609
f 1609 1459 1460
f 1609 1460 1610
f 1610 1460 1461
f 1610 1461 1611
f 1611 1461 1462
f 1611 1462 1612
f 1612 1462 1463
f 1612 1463 1613
f 1613 1463 1464
f 1613 1464 1614
f 1614 1464 1465
f 1614 1465 1615
f 1615 1465 1466
f 1615 1466 1616
f 1616 1466 1467
f 1616 1467 1617
f 1617 1467 1468
f 1617 1468 1618
f 1618 1468 1469
f 1618 1469 1619
f 1619 1469 1470
f 1619 1470 1620
f 1620 1470 1564
f 1764 1652 1651
f 1764 1651 1763
f 1765 1653 1652
f 1765 1652 1764
f 1766 1654 1653
f 1766 1653 1765
f 1767 1655 1654
f 1767 1654 1766
f 1768 1656 1655
f 1768 1655 1767
f 1769 1657 1656
f 1769 1656 1768
f 1770 1658 1657
f 1770 1657 1769
f 1771 1659 1658
f 1771 1658 1770
f 1772 1660 1659
f 1772 1659 1771
f 1773 1661 1660
f 1773 1660 1772
f 1774 1662 1661
f 1774 1661 1773
f 1775 1663 1662
f 1775 1662 1774
f 1776 1664 1663
f 1776 1663 1775
f 1777 1665 1664
f 1777 1664 1776
f 1778 1666 1665
f 1778 1665 1777
f 1779 1667 1666
f 1779 1666 1778
f 1780 1668 1667
f 1780 1667 1779
f 1781 1669 1668
f 1781 1668 1780
f 1782 1670 1669
f 1782 1669 1781
f 1783 1671 1670
f 1783 1670 1782
f 1784 1672 1671
f 1784 1671 1783
f 1785 1673 1672
f 1785 1672 1784
f 1786 1674 1673
f 1786 1673 1785
f 1787 1675 1674
f 1787 1674 1786
f 1788 1676 1675
f 1788 1675 1787
f 1790 1676 1788
f 1501 1651 1502
f 1502 1651 1652
f 1502 1652 1503
f 1503 1652 1653
f 1503 1653 1504
f 1504 1653 1654
f 1504 1654 1505
f 1505 1654 1655
f 1505 1655 1506
f 1506 1655 1656
f 1506 1656 1507
f 1507 1656 1657
f 1507 1657 1508
f 1508 1657 1658
f 1508 1658 1509
f 1509 1658 1659
f 1509 1659 1510
f 1510 1659 1660
f 1510 1660 1511
f 1511 1660 1661
f 1511 1661 1512
f 1512 1661 1662
f 1512 1662 1513
f 1513 1662 1663
f 1513 1663 1514
f 1514 1663 1664
f 1514 1664 1515
f 1515 1664 1665
f 1515 1665 1516
f 1516 1665 1666
f 1516 1666 1517
f 1517 1666 1667
f 1517 1667 1518
f 1518 1667 1668
f 1518 1668 1519
f 1519 1668 1669
f 1519 1669 1520
f 1520 1669 1670
f 1520 1670 1521
f 1521 1670 1671
f 1521 1671 1522
f 1522 1671 1672
f 1522 1672 1523
f 1523 1672 1673
f 1523 1673 1524
f 1524 1673 1674
f 1524 1674 1525
f 1525 1674 1675
f 1525 1675 1526
f 1526 1675 1676
f 1528 1526 1676
f 1790 1528 1676
f 1792 1528 1790
f 1792 1530 1528
f 1794 1530 1792
f 1794 1532 1530
f 1796 1532 1794
f 1796 1534 1532
f 1798 1534 1796
f 1798 1536 1534
f 1800 1536 1798
f 1800 1538 1536
f 1802 1538 1800
f 1802 1540 1538
f 1804 1540 1802
f 1804 1542 1540
f 1806 1542 1804
f 1806 1544 1542
f 1808 1544 1806
f 1808 1546 1544
f 1810 1546 1808
f 1810 1548 1546
f 1812 1548 1810
f 1812 1550 1548
f 1814 1550 1812
f 1814 1552 1550
f 1816 1552 1814
f 1816 1554 1552
f 1818 1554 1816
f 1818 1556 1554
f 1820 1556 1818
f 1820 1558 1556
f 1822 1558 1820
f 1822 1560 1558
f 1824 1560 1822
f 1824 1562 1560
f 1826 1562 1824
f 1826 1564 1562
f 1828 1564 1826
f 1596 1708 1595
f 1595 1708 1707
f 1597 1709 1596
f 1596 1709 1708
f 1598 1710 1597
f 1597 1710 1709
f 1599 1711 1598
f 1598 1711 1710
f 1600 1712 1599
f 1599 1712 1711
f 1601 1713 1600
f 1600 1713 1712
f 1602 1714 1601
f 1601 1714 1713
f 1603 1715 1602
f 1602 1715 1714
f 1604 1716 1603
f 1603 1716 1715
f 1605 1717 1604
f 1604 1717 1716
f 1606 1718 1605
f 1605 1718 1717
f 1607 1719 1606
f 1606 1719 1718
f 1608 1720 1607
f 1607 1720 1719
f 1609 1721 1608
f 1608 1721 1720
f 1610 1722 1609
f 1609 1722 1721
f 1611 1723 1610
f 1610 1723 1722
f 1612 1724 1611
f 1611 1724 1723
f 1613 1725 1612
f 1612 1725 1724
f 1614 1726 1613
f 1613 1726 1725
f 1615 1727 1614
f 1614 1727 1726
f 1616 1728 1615
f 1615 1728 1727
f 1617 1729 1616
f 1616 1729 1728
f 1618 1730 1617
f 1617 1730 1729
f 1619 1731 1618
f 1618 1731 1730
f 1620 1732 1619
f 1619 1732 1731
f 1830 1732 1620
f 1564 1830 1620
f 1828 1830 1564
f 1861 1707 1708
f 1861 1708 1862
f 1862 1708 1709
f 1862 1709 1863
f 1863 1709 1710
f 1863 1710 1864
f 1864 1710 1711
f 1864 1711 1865
f 1865 1711 1712
f 1865 1712 1866
f 1866 1712 1713
f 1866 1713 1867
f 1867 1713 1714
f 1867 1714 1868
f 1868 1714 1715
f 1868 1715 1869
f 1869 1715 1716
f 1869 1716 1870
f 1870 1716 1717
f 1870 1717 1871
f 1871 1717 1718
f 1871 1718 1872
f 1872 1718 1719
f 1872 1719 1873
f 1873 1719 1720
f 1873 1720 1874
f 1874 1720 1721
f 1874 1721 1875
f 1875 1721 1722
f 1875 1722 1876
f 1876 1722 1723
f 1876 1723 1877
f 1877 1723 1724
f 1877 1724 1878
f 1878 1724 1725
f 1878 1725 1879
f 1879 1725 1726
f 1879 1726 1880
f 1880 1726 1727
f 1880 1727 1881
f 1881 1727 1728
f 1881 1728 1882
f 1882 1728 1729
f 1882 1729 1883
f 1883 1729 1730
f 1883 1730 1884
f 1884 1730 1731
f 1884 1731 1885
f 1885 1731 1732
f 1885 1732 1886
f 1886 1732 1830
f 2030 1918 1917
f 2030 1917 2029
f 2031 1919 1918
f 2031 1918 2030
f 2032 1920 1919
f 2032 1919 2031
f 2033 1921 1920
f 2033 1920 2032
f 2034 1922 1921
f 2034 1921 2033
f 2035 1923 1922
f 2035 1922 2034
f 2036 1924 1923
f 2036 1923 2035
f 2037 1925 1924
f 2037 1924 2036
f 2038 1926 1925
f 2038 1925 2037
f 2039 1927 1926
f 2039 1926 2038
f 2040 1928 1927
f 2040 1927 2039
f 2041 1929 1928
f 2041 1928 2040
f 2042 1930 1929
f 2042 1929 2041
f 2043 1931 1930
f 2043 1930 2042
f 2044 1932 1931
f 2044 1931 2043
f 2045 1933 1932
f 2045 1932 2044
f 2046 1934 1933
f 2046 1933 2045
f 2047 1935 1934
f 2047 1934 2046
f 2048 1936 1935
f 2048 1935 2047
f 2049 1937 1936
f 2049 1936 2048
f 2050 1938 1937
f 2050 1937 2049
f 2051 1939 1938
f 2051 1938 2050
f 2052 1940 1939
f 2052 1939 2051
f 2053 1941 1940
f 2053 1940 2052
f 2054 1942 1941
f 2054 1941 2053
f 2056 1942 2054
f 1763 1917 1764
f 1764 1917 1918
f 1764 1918 1765
f 1765 1918 1919
f 1765 1919 1766
f 1766 1919 1920
f 1766 1920 1767
f 1767 1920 1921
f 1767 1921 1768
f 1768 1921 1922
f 1768 1922 1769
f 1769 1922 1923
f 1769 1923 1770
f 1770 1923 1924
f 1770 1924 1771
f 1771 1924 1925
f 1771 1925 1772
f 1772 1925 1926
f 1772 1926 1773
f 1773 1926 1927
f 1773 1927 1774
f 1774 1927 1928
f 1774 1928 1775
f 1775 1928 1929
f 1775 1929 1776
f 1776 1929 1930
f 1776 1930 1777
f 1777 1930 1931
f 1777 1931 1778
f 1778 1931 1932
f 1778 1932 1779
f 1779 1932 1933
f 1779 1933 1780
f 1780 1933 1934
f 1780 1934 1781
f 1781 1934 1935
f 1781 1935 1782
f 1782 1935 1936
f 1782 1936 1783
f 1783 1936 1937
f 1783 1937 1784
f 1784 1937 1938
f 1784 1938 1785
f 1785 1938 1939
f 1785 1939 1786
f 1786 1939 1940
f 1786 1940 1787
f 1787 1940 1941
f 1787 1941 1788
f 1788 1941 1942
f 1790 1788 1942
f 2056 1790 1942
f 2058 1790 2056
f 2058 1792 1790
f 2060 1792 2058
f 2060 1794 1792
f 2062 1794 2060
f 2062 1796 1794
f 2064 1796 2062
f 2064 1798 1796
f 2066 1798 2064
f 2066 1800 1798
f 2068 1800 2066
f 2068 1802 1800
f 2070 1802 2068
f 2070 1804 1802
f 2072 1804 2070
f 2072 1806 1804
f 2074 1806 2072
f 2074 1808 1806
f 2076 1808 2074
f 2076 1810 1808
f 2078 1810 2076
f 2078 1812 1810
f 2080 1812 2078
f 2080 1814 1812
f 2082 1814 2080
f 2082 1816 1814
f 2084 1816 2082
f 2084 1818 1816
f 2086 1818 2084
f 2086 1820 1818
f 2088 1820 2086
f 2088 1822 1820
f 2090 1822 2088
f 2090 1824 1822
f 2092 1824 2090
f 2092 1826 1824
f 2094 1826 2092
f 2094 1828 1826
f 2096 1828 2094
f 2096 1830 1828
f 2098 1830 2096
f 1862 1974 1861
f 1861 1974 1973
f 1863 1975 1862
f 1862 1975 1974
f 1864 1976 1863
f 1863 1976 1975
f 1865 1977 1864
f 1864 1977 1976
f 1866 1978 1865
f 1865 1978 1977
f 1867 1979 1866
f 1866 1979 1978
f 1868 1980 1867
f 1867 1980 1979
f 1869 1981 1868
f 1868 1981 1980
f 1870 1982 1869
f 1869 1982 1981
f 1871 1983 1870
f 1870 1983 1982
f 1872 1984 1871
f 1871 1984 1983
f 1873 1985 1872
f 1872 1985 1984
f 1874 1986 1873
f 1873 1986 1985
f 1875 1987 1874
f 1874 1987 1986
f 1876 1988 1875
f 1875 1988 1987
f 1877 1989 1876
f 1876 1989 1988
f 1878 1990 1877
f 1877 1990 1989
f 1879 1991 1878
f 1878 1991 1990
f 1880 1992 1879
f 1879 1992 1991
f 1881 1993 1880
f 1880 1993 1992
f 1882 1994 1881
f 1881 1994 1993
f 1883 1995 1882
f 1882 1995 1994
f 1884 1996 1883
f 1883 1996 1995
f 1885 1997 1884
f 1884 1997 1996
f 1886 1998 1885
f 1885 1998 1997
f 2100 1998 1886
f 1830 2100 1886
f 2098 2100 1830
f 2131 1973 1974
f 2131 1974 2132
f 2132 1974 1975
f 2132 1975 2133
f 2133 1975 1976
f 2133 1976 2134
f 2134 1976 1977
f 2134 1977 2135
f 2135 1977 1978
f 2135 1978 2136
f 2136 1978 1979
f 2136 1979 2137
f 2137 1979 1980
f 2137 1980 2138
f 2138 1980 1981
f 2138 1981 2139
f 2139 1981 1982
f 2139 1982 2140
f 2140 1982 1983
f 2140 1983 2141
f 2141 1983 1984
f 2141 1984 2142
f 2142 1984 1985
f 2142 1985 2143
f 2143 1985 1986
f 2143 1986 2144
f 2144 1986 1987
f 2144 1987 2145
f 2145 1987 1988
f 2145 1988 2146
f 2146 1988 1989
f 2146 1989 2147
f 2147 1989 1990
f 2147 1990 2148
f 2148 1990 1991
f 2148 1991 2149
f 2149 1991 1992
f 2149 1992 2150
f 2150 1992 1993
f 2150 1993 2151
f 2151 1993 1994
f 2151 1994 2152
f 2152 1994 1995
f 2152 1995 2153
f 2153 1995 1996
f 2153 1996 2154
f 2154 1996 1997
f 2154 1997 2155
f 2155 1997 1998
f 2155 1998 2156
f 2156 1998 2100
f 2029 2187 2030
f 2186 2187 2029
f 2030 2188 2031
f 2187 2188 2030
f 2031 2189 2032
f 2188 2189 2031
f 2032 2190 2033
f 2189 2190 2032
f 2033 2191 2034
f 2190 2191 2033
f 2034 2192 2035
f 2191 2192 2034
f 2035 2193 2036
f 2192 2193 2035
f 2036 2194 2037
f 2193 2194 2036
f 2037 2195 2038
f 2194 2195 2037
f 2038 2196 2039
f 2195 2196 2038
f 2039 2197 2040
f 2196 2197 2039
f 2040 2198 2041
f 2197 2198 2040
f 2041 2199 2042
f 2198 2199 2041
f 2042 2200 2043
f 2199 2200 2042
f 2043 2201 2044
f 2200 2201 2043
f 2044 2202 2045
f 2201 2202 2044
f 2045 2203 2046
f 2202 2203 2045
f 2046 2204 2047
f 2203 2204 2046
f 2047 2205 2048
f 2204 2205 2047
f 2048 2206 2049
f 2205 2206 2048
f 2049 2207 2050
f 2206 2207 2049
f 2050 2208 2051
f 2207 2208 2050
f 2051 2209 2052
f 2208 2209 2051
f 2052 2210 2053
f 2209 2210 2052
f 2053 2211 2054
f 2210 2211 2053
f 2056 2054 2211
f 2056 2211 2214
f 2214 2058 2056
f 2216 2058 2214
f 2216 2060 2058
f 2218 2060 2216
f 2218 2062 2060
f 2220 2062 2218
f 2220 2064 2062
f 2222 2064 2220
f 2222 2066 2064
f 2224 2066 2222
f 2224 2068 2066
f 2226 2068 2224
f 2226 2070 2068
f 2228 2070 2226
f 2228 2072 2070
f 2230 2072 2228
f 2230 2074 2072
f 2232 2074 2230
f 2232 2076 2074
f 2234 2076 2232
f 2234 2078 2076
f 2236 2078 2234
f 2236 2080 2078
f 2238 2080 2236
f 2238 2082 2080
f 2240 2082 2238
f 2240 2084 2082
f 2242 2084 2240
f 2242 2086 2084
f 2244 2086 2242
f 2244 2088 2086
f 2246 2088 2244
f 2246 2090 2088
f 2248 2090 2246
f 2248 2092 2090
f 2250 2092 2248
f 2250 2094 2092
f 2252 2094 2250
f 2252 2096 2094
f 2254 2096 2252
f 2254 2098 2096
f 2256 2098 2254
f 2256 2100 2098
f 2258 2100 2256
f 2290 2131 2132
f 2290 2289 2131
f 2291 2132 2133
f 2291 2290 2132
f 2292 2133 2134
f 2292 2291 2133
f 2293 2134 2135
f 2293 2292 2134
f 2294 2135 2136
f 2294 2293 2135
f 2295 2136 2137
f 2295 2294 2136
f 2296 2137 2138
f 2296 2295 2137
f 2297 2138 2139
f 2297 2296 2138
f 2298 2139 2140
f 2298 2297 2139
f 2299 2140 2141
f 2299 2298 2140
f 2300 2141 2142
f 2300 2299 2141
f 2301 2142 2143
f 2301 2300 2142
f 2302 2143 2144
f 2302 2301 2143
f 2303 2144 2145
f 2303 2302 2144
f 2304 2145 2146
f 2304 2303 2145
f 2305 2146 2147
f 2305 2304 2146
f 2306 2147 2148
f 2306 2305 2147
f 2307 2148 2149
f 2307 2306 2148
f 2308 2149 2150
f 2308 2307 2149
f 2309 2150 2151
f 2309 2308 2150
f 2310 2151 2152
f 2310 2309 2151
f 2311 2152 2153
f 2311 2310 2152
f 2312 2153 2154
f 2312 2311 2153
f 2313 2154 2155
f 2313 2312 2154
f 2314 2155 2156
f 2314 2313 2155
f 2156 2100 2258
f 2156 2258 2314
f 2458 2346 2345
f 2458 2345 2457
f 2459 2347 2346
f 2459 2346 2458
f 2460 2348 2347
f 2460 2347 2459
f 2461 2349 2348
f 2461 2348 2460
f 2462 2350 2349
f 2462 2349 2461
f 2463 2351 2350
f 2463 2350 2462
f 2464 2352 2351
f 2464 2351 2463
f 2465 2353 2352
f 2465 2352 2464
f 2466 2354 2353
f 2466 2353 2465
f 2467 2355 2354
f 2467 2354 2466
f 2468 2356 2355
f 2468 2355 2467
f 2469 2357 2356
f 2469 2356 2468
f 2470 2358 2357
f 2470 2357 2469
f 2471 2359 2358
f 2471 2358 2470
f 2472 2360 2359
f 2472 2359 2471
f 2473 2361 2360
f 2473 2360 2472
f 2474 2362 2361
f 2474 2361 2473
f 2475 2363 2362
f 2475 2362 2474
f 2476 2364 2363
f 2476 2363 2475
f 2477 2365 2364
f 2477 2364 2476
f 2478 2366 2365
f 2478 2365 2477
f 2479 2367 2366
f 2479 2366 2478
f 2480 2368 2367
f 2480 2367 2479
f 2481 2369 2368
f 2481 2368 2480
f 2482 2370 2369
f 2482 2369 2481
f 2484 2370 2482
f 2186 2345 2187
f 2187 2345 2346
f 2187 2346 2188
f 2188 2346 2347
f 2188 2347 2189
f 2189 2347 2348
f 2189 2348 2190
f 2190 2348 2349
f 2190 2349 2191
f 2191 2349 2350
f 2191 2350 2192
f 2192 2350 2351
f 2192 2351 2193
f 2193 2351 2352
f 2193 2352 2194
f 2194 2352 2353
f 2194 2353 2195
f 2195 2353 2354
f 2195 2354 2196
f 2196 2354 2355
f 2196 2355 2197
f 2197 2355 2356
f 2197 2356 2198
f 2198 2356 2357
f 2198 2357 2199
f 2199 2357 2358
f 2199 2358 2200
f 2200 2358 2359
f 2200 2359 2201
f 2201 2359 2360
f 2201 2360 2202
f 2202 2360 2361
f 2202 2361 2203
f 2203 2361 2362
f 2203 2362 2204
f 2204 2362 2363
f 2204 2363 2205
f 2205 2363 2364
f 2205 2364 2206
f 2206 2364 2365
f 2206 2365 2207
f 2207 2365 2366
f 2207 2366 2208
f 2208 2366 2367
f 2208 2367 2209
f 2209 2367 2368
f 2209 2368 2210
f 2210 2368 2369
f 2210 2369 2211
f 2211 2369 2370
f 2214 2211 2370
f 2484 2214 2370
f 2486 2214 2484
f 2486 2216 2214
f 2488 2216 2486
f 2488 2218 2216
f 2490 2218 2488
f 2490 2220 2218
f 2492 2220 2490
f 2492 2222 2220
f 2494 2222 2492
f 2494 2224 2222
f 2496 2224 2494
f 2496 2226 2224
f 2498 2226 2496
f 2498 2228 2226
f 2500 2228 2498
f 2500 2230 2228
f 2502 2230 2500
f 2502 2232 2230
f 2504 2232 2502
f 2504 2234 2232
f 2506 2234 2504
f 2506 2236 2234
f 2508 2236 2506
f 2508 2238 2236
f 2510 2238 2508
f 2510 2240 2238
f 2512 2240 2510
f 2512 2242 2240
f 2514 2242 2512
f 2514 2244 2242
f 2516 2244 2514
f 2516 2246 2244
f 2518 2246 2516
f 2518 2248 2246
f 2520 2248 2518
f 2520 2250 2248
f 2522 2250 2520
f 2522 2252 2250
f 2524 2252 2522
f 2524 2254 2252
f 2526 2254 2524
f 2526 2256 2254
f 2528 2256 2526
f 2528 2258 2256
f 2530 2258 2528
f 2290 2402 2289
f 2289 2402 2401
f 2291 2403 2290
f 2290 2403 2402
f 2292 2404 2291
f 2291 2404 2403
f 2293 2405 2292
f 2292 2405 2404
f 2294 2406 2293
f 2293 2406 2405
f 2295 2407 2294
f 2294 2407 2406
f 2296 2408 2295
f 2295 2408 2407
f 2297 2409 2296
f 2296 2409 2408
f 2298 2410 2297
f 2297 2410 2409
f 2299 2411 2298
f 2298 2411 2410
f 2300 2412 2299
f 2299 2412 2411
f 2301 2413 2300
f 2300 2413 2412
f 2302 2414 2301
f 2301 2414 2413
f 2303 2415 2302
f 2302 2415 2414
f 2304 2416 2303
f 2303 2416 2415
f 2305 2417 2304
f 2304 2417 2416
f 2306 2418 2305
f 2305 2418 2417
f 2307 2419 2306
f 2306 2419 2418
f 2308 2420 2307
f 2307 2420 2419
f 2309 2421 2308
f 2308 2421 2420
f 2310 2422 2309
f 2309 2422 2421
f 2311 2423 2310
f 2310 2423 2422
f 2312 2424 2311
f 2311 2424 2423
f 2313 2425 2312
f 2312 2425 2424
f 2314 2426 2313
f 2313 2426 2425
f 2532 2426 2314
f 2258 2532 2314
f 2530 2532 2258
f 2563 2401 2402
f 2563 2402 2564
f 2564 2402 2403
f 2564 2403 2565
f 2565 2403 2404
f 2565 2404 2566
f 2566 2404 2405
f 2566 2405 2567
f 2567 2405 2406
f 2567 2406 2568
f 2568 2406 2407
f 2568 2407 2569
f 2569 2407 2408
f 2569 2408 2570
f 2570 2408 2409
f 2570 2409 2571
f 2571 2409 2410
f 2571 2410 2572
f 2572 2410 2411
f 2572 2411 2573
f 2573 2411 2412
f 2573 2412 2574
f 2574 2412 2413
f 2574 2413 2575
f 2575 2413 2414
f 2575 2414 2576
f 2576 2414 2415
f 2576 2415 2577
f 2577 2415 2416
f 2577 2416 2578
f 2578 2416 2417
f 2578 2417 2579
f 2579 2417 2418
f 2579 2418 2580
f 2580 2418 2419
f 2580 2419 2581
f 2581 2419 2420
f 2581 2420 2582
f 2582 2420 2421
f 2582 2421 2583
f 2583 2421 2422
f 2583 2422 2584
f 2584 2422 2423
f 2584 2423 2585
f 2585 2423 2424
f 2585 2424 2586
f 2586 2424 2425
f 2586 2425 2587
f 2587 2425 2426
f 2587 2426 2588
f 2588 2426 2532
f 2457 2619 2458
f 2618 2619 2457
f 2458 2620 2459
f 2619 2620 2458
f 2459 2621 2460
f 2620 2621 2459
f 2460 2622 2461
f 2621 2622 2460
f 2461 2623 2462
f 2622 2623 2461
f 2462 2624 2463
f 2623 2624 2462
f 2463 2625 2464
f 2624 2625 2463
f 2464 2626 2465
f 2625 2626 2464
f 2465 2627 2466
f 2626 2627 2465
f 2466 2628 2467
f 2627 2628 2466
f 2467 2629 2468
f 2628 2629 2467
f 2468 2630 2469
f 2629 2630 2468
f 2469 2631 2470
f 2630 2631 2469
f 2470 2632 2471
f 2631 2632 2470
f 2471 2633 2472
f 2632 2633 2471
f 2472 2634 2473
f 2633 2634 2472
f 2473 2635 2474
f 2634 2635 2473
f 2474 2636 2475
f 2635 2636 2474
f 2475 2637 2476
f 2636 2637 2475
f 2476 2638 2477
f 2637 2638 2476
f 2477 2639 2478
f 2638 2639 2477
f 2478 2640 2479
f 2639 2640 2478
f 2479 2641 2480
f 2640 2641 2479
f 2480 2642 2481
f 2641 2642 2480
f 2481 2643 2482
f 2642 2643 2481
f 2484 2482 2643
f 2484 2643 2646
f 2646 2486 2484
f 2648 2486 2646
f 2648 2488 2486
f 2650 2488 2648
f 2650 2490 2488
f 2652 2490 2650
f 2652 2492 2490
f 2654 2492 2652
f 2654 2494 2492
f 2656 2494 2654
f 2656 2496 2494
f 2658 2496 2656
f 2658 2498 2496
f 2660 2498 2658
f 2660 2500 2498
f 2662 2500 2660
f 2662 2502 2500
f 2664 2502 2662
f 2664 2504 2502
f 2666 2504 2664
f 2666 2506 2504
f 2668 2506 2666
f 2668 2508 2506
f 2670 2508 2668
f 2670 2510 2508
f 2672 2510 2670
f 2672 2512 2510
f 2674 2512 2672
f 2674 2514 2512
f 2676 2514 2674
f 2676 2516 2514
f 2678 2516 2676
f 2678 2518 2516
f 2680 2518 2678
f 2680 2520 2518
f 2682 2520 2680
f 2682 2522 2520
f 2684 2522 2682
f 2684 2524 2522
f 2686 2524 2684
f 2686 2526 2524
f 2688 2526 2686
f 2688 2528 2526
f 2690 2528 2688
f 2690 2530 2528
f 2692 2530 2690
f 2692 2532 2530
f 2694 2532 2692
f 2726 2563 2564
f 2726 2725 2563
f 2727 2564 2565
f 2727 2726 2564
f 2728 2565 2566
f 2728 2727 2565
f 2729 2566 2567
f 2729 2728 2566
f 2730 2567 2568
f 2730 2729 2567
f 2731 2568 2569
f 2731 2730 2568
f 2732 2569 2570
f 2732 2731 2569
f 2733 2570 2571
f 2733 2732 2570
f 2734 2571 2572
f 2734 2733 2571
f 2735 2572 2573
f 2735 2734 2572
f 2736 2573 2574
f 2736 2735 2573
f 2737 2574 2575
f 2737 2736 2574
f 2738 2575 2576
f 2738 2737 2575
f 2739 2576 2577
f 2739 2738 2576
f 2740 2577 2578
f 2740 2739 2577
f 2741 2578 2579
f 2741 2740 2578
f 2742 2579 2580
f 2742 2741 2579
f 2743 2580 2581
f 2743 2742 2580
f 2744 2581 2582
f 2744 2743 2581
f 2745 2582 2583
f 2745 2744 2582
f 2746 2583 2584
f 2746 2745 2583
f 2747 2584 2585
f 2747 2746 2584
f 2748 2585 2586
f 2748 2747 2585
f 2749 2586 2587
f 2749 2748 2586
f 2750 2587 2588
f 2750 2749 2587
f 2588 2532 2694
f 2588 2694 2750
f 2894 2782 2781
f 2894 2781 2893
f 2895 2783 2782
f 2895 2782 2894
f 2896 2784 2783
f 2896 2783 2895
f 2897 2785 2784
f 2897 2784 2896
f 2898 2786 2785
f 2898 2785 2897
f 2899 2787 2786
f 2899 2786 2898
f 2900 2788 2787
f 2900 2787 2899
f 2901 2789 2788
f 2901 2788 2900
f 2902 2790 2789
f 2902 2789 2901
f 2903 2791 2790
f 2903 2790 2902
f 2904 2792 2791
f 2904 2791 2903
f 2905 2793 2792
f 2905 2792 2904
f 2906 2794 2793
f 2906 2793 2905
f 2907 2795 2794
f 2907 2794 2906
f 2908 2796 2795
f 2908 2795 2907
f 2909 2797 2796
f 2909 2796 2908
f 2910 2798 2797
f 2910 2797 2909
f 2911 2799 2798
f 2911 2798 2910
f 2912 2800 2799
f 2912 2799 2911
f 2913 2801 2800
f 2913 2800 2912
f 2914 2802 2801
f 2914 2801 2913
f 2915 2803 2802
f 2915 2802 2914
f 2916 2804 2803
f 2916 2803 2915
f 2917 2805 2804
f 2917 2804 2916
f 2918 2806 2805
f 2918 2805 2917
f 2920 2806 2918
f 2618 2781 2619
f 2619 2781 2782
f 2619 2782 2620
f 2620 2782 2783
f 2620 2783 2621
f 2621 2783 2784
f 2621 2784 2622
f 2622 2784 2785
f 2622 2785 2623
f 2623 2785 2786
f 2623 2786 2624
f 2624 2786 2787
f 2624 2787 2625
f 2625 2787 2788
f 2625 2788 2626
f 2626 2788 2789
f 2626 2789 2627
f 2627 2789 2790
f 2627 2790 2628
f 2628 2790 2791
f 2628 2791 2629
f 2629 2791 2792
f 2629 2792 2630
f 2630 2792 2793
f 2630 2793 2631
f 2631 2793 2794
f 2631 2794 2632
f 2632 2794 2795
f 2632 2795 2633
f 2633 2795 2796
f 2633 2796 2634
f 2634 2796 2797
f 2634 2797 2635
f 2635 2797 2798
f 2635 2798 2636
f 2636 2798 2799
f 2636 2799 2637
f 2637 2799 2800
f 2637 2800 2638
f 2638 2800 2801
f 2638 2801 2639
f 2639 2801 2802
f 2639 2802 2640
f 2640 2802 2803
f 2640 2803 2641
f 2641 2803 2804
f 2641 2804 2642
f 2642 2804 2805
f 2642 2805 2643
f 2643 2805 2806
f 2646 2643 2806
f 2920 2646 2806
f 2922 2646 2920
f 2922 2648 2646
f 2924 2648 2922
f 2924 2650 2648
f 2926 2650 2924
f 2926 2652 2650
f 2928 2652 2926
f 2928 2654 2652
f 2930 2654 2928
f 2930 2656 2654
f 2932 2656 2930
f 2932 2658 2656
f 2934 2658 2932
f 2934 2660 2658
f 2936 2660 2934
f 2936 2662 2660
f 2938 2662 2936
f 2938 2664 2662
f 2940 2664 2938
f 2940 2666 2664
f 2942 2666 2940
f 2942 2668 2666
f 2944 2668 2942
f 2944 2670 2668
f 2946 2670 2944
f 2946 2672 2670
f 2948 2672 2946
f 2948 2674 2672
f 2950 2674 2948
f 2950 2676 2674
f 2952 2676 2950
f 2952 2678 2676
f 2954 2678 2952
f 2954 2680 2678
f 2956 2680 2954
f 2956 2682 2680
f 2958 2682 2956
f 2958 2684 2682
f 2960 2684 2958
f 2960 2686 2684
f 2962 2686 2960
f 2962 2688 2686
f 2964 2688 2962
f 2964 2690 2688
f 2966 2690 2964
f 2966 2692 2690
f 2968 2692 2966
f 2968 2694 2692
f 2970 2694 2968
f 2726 2838 2725
f 2725 2838 2837
f 2727 2839 2726
f 2726 2839 2838
f 2728 2840 2727
f 2727 2840 2839
f 2729 2841 2728
f 2728 2841 2840
f 2730 2842 2729
f 2729 2842 2841
f 2731 2843 2730
f 2730 2843 2842
f 2732 2844 2731
f 2731 2844 2843
f 2733 2845 2732
f 2732 2845 2844
f 2734 2846 2733
f 2733 2846 2845
f 2735 2847 2734
f 2734 2847 2846
f 2736 2848 2735
f 2735 2848 2847
f 2737 2849 2736
f 2736 2849 2848
f 2738 2850 2737
f 2737 2850 2849
f 2739 2851 2738
f 2738 2851 2850
f 2740 2852 2739
f 2739 2852 2851
f 2741 2853 2740
f 2740 2853 2852
f 2742 2854 2741
f 2741 2854 2853
f 2743 2855 2742
f 2742 2855 2854
f 2744 2856 2743
f 2743 2856 2855
f 2745 2857 2744
f 2744 2857 2856
f 2746 2858 2745
f 2745 2858 2857
f 2747 2859 2746
f 2746 2859 2858
f 2748 2860 2747
f 2747 2860 2859
f 2749 2861 2748
f 2748 2861 2860
f 2750 2862 2749
f 2749 2862 2861
f 2972 2862 2750
f 2694 2972 2750
f 2970 2972 2694
f 3003 2837 2838
f 3003 2838 3004
f 3004 2838 2839
f 3004 2839 3005
f 3005 2839 2840
f 3005 2840 3006
f 3006 2840 2841
f 3006 2841 3007
f 3007 2841 2842
f 3007 2842 3008
f 3008 2842 2843
f 3008 2843 3009
f 3009 2843 2844
f 3009 2844 3010
f 3010 2844 2845
f 3010 2845 3011
f 3011 2845 2846
f 3011 2846 3012
f 3012 2846 2847
f 3012 2847 3013
f 3013 2847 2848
f 3013 2848 3014
f 3014 2848 2849
f 3014 2849 3015
f 3015 2849 2850
f 3015 2850 3016
f 3016 2850 2851
f 3016 2851 3017
f 3017 2851 2852
f 3017 2852 3018
f 3018 2852 2853
f 3018 2853 3019
f 3019 2853 2854
f 3019 2854 3020
f 3020 2854 2855
f 3020 2855 3021
f 3021 2855 2856
f 3021 2856 3022
f 3022 2856 2857
f 3022 2857 3023
f 3023 2857 2858
f 3023 2858 3024
f 3024 2858 2859
f 3024 2859 3025
f 3025 2859 2860
f 3025 2860 3026
f 3026 2860 2861
f 3026 2861 3027
f 3027 2861 2862
f 3027 2862 3028
f 3028 2862 2972
f 2893 3059 2894
f 3058 3059 2893
f 2894 3060 2895
f 3059 3060 2894
f 2895 3061 2896
f 3060 3061 2895
f 2896 3062 2897
f 3061 3062 2896
f 2897 3063 2898
f 3062 3063 2897
f 2898 3064 2899
f 3063 3064 2898
f 2899 3065 2900
f 3064 3065 2899
f 2900 3066 2901
f 3065 3066 2900
f 2901 3067 2902
f 3066 3067 2901
f 2902 3068 2903
f 3067 3068 2902
f 2903 3069 2904
f 3068 3069 2903
f 2904 3070 2905
f 3069 3070 2904
f 2905 3071 2906
f 3070 3071 2905
f 2906 3072 2907
f 3071 3072 2906
f 2907 3073 2908
f 3072 3073 2907
f 2908 3074 2909
f 3073 3074 2908
f 2909 3075 2910
f 3074 3075 2909
f 2910 3076 2911
f 3075 3076 2910
f 2911 3077 2912
f 3076 3077 2911
f 2912 3078 2913
f 3077 3078 2912
f 2913 3079 2914
f 3078 3079 2913
f 2914 3080 2915
f 3079 3080 2914
f 2915 3081 2916
f 3080 3081 2915
f 2916 3082 2917
f 3081 3082 2916
f 2917 3083 2918
f 3082 3083 2917
f 2920 2918 3083
f 2920 3083 3086
f 3086 2922 2920
f 3088 2922 3086
f 3088 2924 2922
f 3090 2924 3088
f 3090 2926 2924
f 3092 2926 3090
f 3092 2928 2926
f 3094 2928 3092
f 3094 2930 2928
f 3096 2930 3094
f 3096 2932 2930
f 3098 2932 3096
f 3098 2934 2932
f 3100 2934 3098
f 3100 2936 2934
f 3102 2936 3100
f 3102 2938 2936
f 3104 2938 3102
f 3104 2940 2938
f 3106 2940 3104
f 3106 2942 2940
f 3108 2942 3106
f 3108 2944 2942
f 3110 2944 3108
f 3110 2946 2944
f 3112 2946 3110
f 3112 2948 2946
f 3114 2948 3112
f 3114 2950 2948
f 3116 2950 3114
f 3116 2952 2950
f 3118 2952 3116
f 3118 2954 2952
f 3120 2954 3118
f 3120 2956 2954
f 3122 2956 3120
f 3122 2958 2956
f 3124 2958 3122
f 3124 2960 2958
f 3126 2960 3124
f 3126 2962 2960
f 3128 2962 3126
f 3128 2964 2962
f 3130 2964 3128
f 3130 2966 2964
f 3132 2966 3130
f 3132 2968 2966
f 3134 2968 3132
f 3134 2970 2968
f 3136 2970 3134
f 3136 2972 2970
f 3138 2972 3136
f 3170 3003 3004
f 3170 3169 3003
f 3171 3004 3005
f 3171 3170 3004
f 3172 3005 3006
f 3172 3171 3005
f 3173 3006 3007
f 3173 3172 3006
f 3174 3007 3008
f 3174 3173 3007
f 3175 3008 3009
f 3175 3174 3008
f 3176 3009 3010
f 3176 3175 3009
f 3177 3010 3011
f 3177 3176 3010
f 3178 3011 3012
f 3178 3177 3011
f 3179 3012 3013
f 3179 3178 3012
f 3180 3013 3014
f 3180 3179 3013
f 3181 3014 3015
f 3181 3180 3014
f 3182 3015 3016
f 3182 3181 3015
f 3183 3016 3017
f 3183 3182 3016
f 3184 3017 3018
f 3184 3183 3017
f 3185 3018 3019
f 3185 3184 3018
f 3186 3019 3020
f 3186 3185 3019
f 3187 3020 3021
f 3187 3186 3020
f 3188 3021 3022
f 3188 3187 3021
f 3189 3022 3023
f 3189 3188 3022
f 3190 3023 3024
f 3190 3189 3023
f 3191 3024 3025
f 3191 3190 3024
f 3192 3025 3026
f 3192 3191 3025
f 3193 3026 3027
f 3193 3192 3026
f 3194 3027 3028
f 3194 3193 3027
f 3028 2972 3138
f 3028 3138 3194
f 3058 3225 3059
f 3224 3225 3058
f 3059 3226 3060
f 3225 3226 3059
f 3060 3227 3061
f 3226 3227 3060
f 3061 3228 3062
f 3227 3228 3061
f 3062 3229 3063
f 3228 3229 3062
f 3063 3230 3064
f 3229 3230 3063
f 3064 3231 3065
f 3230 3231 3064
f 3065 3232 3066
f 3231 3232 3065
f 3066 3233 3067
f 3232 3233 3066
f 3067 3234 3068
f 3233 3234 3067
f 3068 3235 3069
f 3234 3235 3068
f 3069 3236 3070
f 3235 3236 3069
f 3070 3237 3071
f 3236 3237 3070
f 3071 3238 3072
f 3237 3238 3071
f 3072 3239 3073
f 3238 3239 3072
f 3073 3240 3074
f 3239 3240 3073
f 3074 3241 3075
f 3240 3241 3074
f 3075 3242 3076
f 3241 3242 3075
f 3076 3243 3077
f 3242 3243 3076
f 3077 3244 3078
f 3243 3244 3077
f 3078 3245 3079
f 3244 3245 3078
f 3079 3246 3080
f 3245 3246 3079
f 3080 3247 3081
f 3246 3247 3080
f 3081 3248 3082
f 3247 3248 3081
f 3082 3249 3083
f 3248 3249 3082
f 3086 3083 3249
f 3086 3249 3252
f 3252 3088 3086
f 3254 3088 3252
f 3254 3090 3088
f 3256 3090 3254
f 3256 3092 3090
f 3258 3092 3256
f 3258 3094 3092
f 3260 3094 3258
f 3260 3096 3094
f 3262 3096 3260
f 3262 3098 3096
f 3264 3098 3262
f 3264 3100 3098
f 3266 3100 3264
f 3266 3102 3100
f 3268 3102 3266
f 3268 3104 3102
f 3270 3104 3268
f 3270 3106 3104
f 3272 3106 3270
f 3272 3108 3106
f 3274 3108 3272
f 3274 3110 3108
f 3276 3110 3274
f 3276 3112 3110
f 3278 3112 3276
f 3278 3114 3112
f 3280 3114 3278
f 3280 3116 3114
f 3282 3116 3280
f 3282 3118 3116
f 3284 3118 3282
f 3284 3120 3118
f 3286 3120 3284
f 3286 3122 3120
f 3288 3122 3286
f 3288 3124 3122
f 3290 3124 3288
f 3290 3126 3124
f 3292 3126 3290
f 3292 3128 3126
f 3294 3128 3292
f 3294 3130 3128
f 3296 3130 3294
f 3296 3132 3130
f 3298 3132 3296
f 3298 3134 3132
f 3300 3134 3298
f 3300 3136 3134
f 3302 3136 3300
f 3302 3138 3136
f 3304 3138 3302
f 3336 3169 3170
f 3336 3335 3169
f 3337 3170 3171
f 3337 3336 3170
f 3338 3171 3172
f 3338 3337 3171
f 3339 3172 3173
f 3339 3338 3172
f 3340 3173 3174
f 3340 3339 3173
f 3341 3174 3175
f 3341 3340 3174
f 3342 3175 3176
f 3342 3341 3175
f 3343 3176 3177
f 3343 3342 3176
f 3344 3177 3178
f 3344 3343 3177
f 3345 3178 3179
f 3345 3344 3178
f 3346 3179 3180
f 3346 3345 3179
f 3347 3180 3181
f 3347 3346 3180
f 3348 3181 3182
f 3348 3347 3181
f 3349 3182 3183
f 3349 3348 3182
f 3350 3183 3184
f 3350 3349 3183
f 3351 3184 3185
f 3351 3350 3184
f 3352 3185 3186
f 3352 3351 3185
f 3353 3186 3187
f 3353 3352 3186
f 3354 3187 3188
f 3354 3353 3187
f 3355 3188 3189
f 3355 3354 3188
f 3356 3189 3190
f 3356 3355 3189
f 3357 3190 3191
f 3357 3356 3190
f 3358 3191 3192
f 3358 3357 3191
f 3359 3192 3193
f 3359 3358 3192
f 3360 3193 3194
f 3360 3359 3193
f 3194 3138 3304
f 3194 3304 3360
f 3224 3391 3225
f 3390 3391 3224
f 3225 3392 3226
f 3391 3392 3225
f 3226 3393 3227
f 3392 3393 3226
f 3227 3394 3228
f 3393 3394 3227
f 3228 3395 3229
f 3394 3395 3228
f 3229 3396 3230
f 3395 3396 3229
f 3230 3397 3231
f 3396 3397 3230
f 3231 3398 3232
f 3397 3398 3231
f 3232 3399 3233
f 3398 3399 3232
f 3233 3400 3234
f 3399 3400 3233
f 3234 3401 3235
f 3400 3401 3234
f 3235 3402 3236
f 3401 3402 3235
f 3236 3403 3237
f 3402 3403 3236
f 3237 3404 3238
f 3403 3404 3237
f 3238 3405 3239
f 3404 3405 3238
f 3239 3406 3240
f 3405 3406 3239
f 3240 3407 3241
f 3406 3407 3240
f 3241 3408 3242
f 3407 3408 3241
f 3242 3409 3243
f 3408 3409 3242
f 3243 3410 3244
f 3409 3410 3243
f 3244 3411 3245
f 3410 3411 3244
f 3245 3412 3246
f 3411 3412 3245
f 3246 3413 3247
f 3412 3413 3246
f 3247 3414 3248
f 3413 3414 3247
f 3248 3415 3249
f 3414 3415 3248
f 3252 3249 3415
f 3252 3415 3418
f 3418 3254 3252
f 3420 3254 3418
f 3420 3256 3254
f 3422 3256 3420
f 3422 3258 3256
f 3424 3258 3422
f 3424 3260 3258
f 3426 3260 3424
f 3426 3262 3260
f 3428 3262 3426
f 3428 3264 3262
f 3430 3264 3428
f 3430 3266 3264
f 3432 3266 3430
f 3432 3268 3266
f 3434 3268 3432
f 3434 3270 3268
f 3436 3270 3434
f 3436 3272 3270
f 3438 3272 3436
f 3438 3274 3272
f 3440 3274 3438
f 3440 3276 3274
f 3442 3276 3440
f 3442 3278 3276
f 3444 3278 3442
f 3444 3280 3278
f 3446 3280 3444
f 3446 3282 3280
f 3448 3282 3446
f 3448 3284 3282
f 3450 3284 3448
f 3450 3286 3284
f 3452 3286 3450
f 3452 3288 3286
f 3454 3288 3452
f 3454 3290 3288
f 3456 3290 3454
f 3456 3292 3290
f 3458 3292 3456
f 3458 3294 3292
f 3460 3294 3458
f 3460 3296 3294
f 3462 3296 3460
f 3462 3298 3296
f 3464 3298 3462
f 3464 3300 3298
f 3466 3300 3464
f 3466 3302 3300
f 3468 3302 3466
f 3468 3304 3302
f 3470 3304 3468
f 3503 3335 3336
f 3503 3502 3335
f 3504 3336 3337
f 3504 3503 3336
f 3505 3337 3338
f 3505 3504 3337
f 3506 3338 3339
f 3506 3505 3338
f 3507 3339 3340
f 3507 3506 3339
f 3508 3340 3341
f 3508 3507 3340
f 3509 3341 3342
f 3509 3508 3341
f 3510 3342 3343
f 3510 3509 3342
f 3511 3343 3344
f 3511 3510 3343
f 3512 3344 3345
f 3512 3511 3344
f 3513 3345 3346
f 3513 3512 3345
f 3514 3346 3347
f 3514 3513 3346
f 3515 3347 3348
f 3515 3514 3347
f 3516 3348 3349
f 3516 3515 3348
f 3517 3349 3350
f 3517 3516 3349
f 3518 3350 3351
f 3518 3517 3350
f 3519 3351 3352
f 3519 3518 3351
f 3520 3352 3353
f 3520 3519 3352
f 3521 3353 3354
f 3521 3520 3353
f 3522 3354 3355
f 3522 3521 3354
f 3523 3355 3356
f 3523 3522 3355
f 3524 3356 3357
f 3524 3523 3356
f 3525 3357 3358
f 3525 3524 3357
f 3526 3358 3359
f 3526 3525 3358
f 3472 3359 3360
f 3472 3526 3359
f 3360 3304 3470
f 3360 3470 3472
f 3614 3558 3557
f 3614 3557 3613
f 3615 3559 3558
f 3615 3558 3614
f 3616 3560 3559
f 3616 3559 3615
f 3617 3561 3560
f 3617 3560 3616
f 3618 3562 3561
f 3618 3561 3617
f 3619 3563 3562
f 3619 3562 3618
f 3620 3564 3563
f 3620 3563 3619
f 3621 3565 3564
f 3621 3564 3620
f 3622 3566 3565
f 3622 3565 3621
f 3623 3567 3566
f 3623 3566 3622
f 3624 3568 3567
f 3624 3567 3623
f 3625 3569 3568
f 3625 3568 3624
f 3626 3570 3569
f 3626 3569 3625
f 3627 3571 3570
f 3627 3570 3626
f 3628 3572 3571
f 3628 3571 3627
f 3629 3573 3572
f 3629 3572 3628
f 3630 3574 3573
f 3630 3573 3629
f 3631 3575 3574
f 3631 3574 3630
f 3632 3576 3575
f 3632 3575 3631
f 3633 3577 3576
f 3633 3576 3632
f 3634 3578 3577
f 3634 3577 3633
f 3635 3579 3578
f 3635 3578 3634
f 3636 3580 3579
f 3636 3579 3635
f 3637 3581 3580
f 3637 3580 3636
f 3638 3582 3581
f 3638 3581 3637
f 3640 3582 3638
f 3390 3557 3391
f 3391 3557 3558
f 3391 3558 3392
f 3392 3558 3559
f 3392 3559 3393
f 3393 3559 3560
f 3393 3560 3394
f 3394 3560 3561
f 3394 3561 3395
f 3395 3561 3562
f 3395 3562 3396
f 3396 3562 3563
f 3396 3563 3397
f 3397 3563 3564
f 3397 3564 3398
f 3398 3564 3565
f 3398 3565 3399
f 3399 3565 3566
f 3399 3566 3400
f 3400 3566 3567
f 3400 3567 3401
f 3401 3567 3568
f 3401 3568 3402
f 3402 3568 3569
f 3402 3569 3403
f 3403 3569 3570
f 3403 3570 3404
f 3404 3570 3571
f 3404 3571 3405
f 3405 3571 3572
f 3405 3572 3406
f 3406 3572 3573
f 3406 3573 3407
f 3407 3573 3574
f 3407 3574 3408
f 3408 3574 3575
f 3408 3575 3409
f 3409 3575 3576
f 3409 3576 3410
f 3410 3576 3577
f 3410 3577 3411
f 3411 3577 3578
f 3411 3578 3412
f 3412 3578 3579
f 3412 3579 3413
f 3413 3579 3580
f 3413 3580 3414
f 3414 3580 3581
f 3414 3581 3415
f 3415 3581 3582
f 3418 3415 3582
f 3640 3418 3582
f 3642 3418 3640
f 3642 3420 3418
f 3644 3420 3642
f 3644 3422 3420
f 3646 3422 3644
f 3646 3424 3422
f 3648 3424 3646
f 3648 3426 3424
f 3650 3426 3648
f 3650 3428 3426
f 3652 3428 3650
f 3652 3430 3428
f 3654 3430 3652
f 3654 3432 3430
f 3656 3432 3654
f 3656 3434 3432
f 3658 3434 3656
f 3658 3436 3434
f 3660 3436 3658
f 3660 3438 3436
f 3662 3438 3660
f 3662 3440 3438
f 3664 3440 3662
f 3664 3442 3440
f 3666 3442 3664
f 3666 3444 3442
f 3668 3444 3666
f 3668 3446 3444
f 3670 3446 3668
f 3670 3448 3446
f 3672 3448 3670
f 3672 3450 3448
f 3674 3450 3672
f 3674 3452 3450
f 3676 3452 3674
f 3676 3454 3452
f 3678 3454 3676
f 3678 3456 3454
f 3680 3456 3678
f 3680 3458 3456
f 3682 3458 3680
f 3682 3460 3458
f 3684 3460 3682
f 3684 3462 3460
f 3686 3462 3684
f 3686 3464 3462
f 3688 3464 3686
f 3688 3466 3464
f 3690 3466 3688
f 3690 3468 3466
f 3692 3468 3690
f 3692 3470 3468
f 3694 3470 3692
f 3727 3502 3503
f 3727 3726 3502
f 3728 3503 3504
f 3728 3727 3503
f 3729 3504 3505
f 3729 3728 3504
f 3730 3505 3506
f 3730 3729 3505
f 3731 3506 3507
f 3731 3730 3506
f 3732 3507 3508
f 3732 3731 3507
f 3733 3508 3509
f 3733 3732 3508
f 3734 3509 3510
f 3734 3733 3509
f 3735 3510 3511
f 3735 3734 3510
f 3736 3511 3512
f 3736 3735 3511
f 3737 3512 3513
f 3737 3736 3512
f 3738 3513 3514
f 3738 3737 3513
f 3739 3514 3515
f 3739 3738 3514
f 3740 3515 3516
f 3740 3739 3515
f 3741 3516 3517
f 3741 3740 3516
f 3742 3517 3518
f 3742 3741 3517
f 3743 3518 3519
f 3743 3742 3518
f 3744 3519 3520
f 3744 3743 3519
f 3745 3520 3521
f 3745 3744 3520
f 3746 3521 3522
f 3746 3745 3521
f 3747 3522 3523
f 3747 3746 3522
f 3748 3523 3524
f 3748 3747 3523
f 3749 3524 3525
f 3749 3748 3524
f 3750 3525 3526
f 3750 3749 3525
f 3696 3526 3472
f 3696 3750 3526
f 3472 3470 3694
f 3472 3694 3696
f 3613 3782 3614
f 3781 3782 3613
f 3614 3783 3615
f 3782 3783 3614
f 3615 3784 3616
f 3783 3784 3615
f 3616 3785 3617
f 3784 3785 3616
f 3617 3786 3618
f 3785 3786 3617
f 3618 3787 3619
f 3786 3787 3618
f 3619 3788 3620
f 3787 3788 3619
f 3620 3789 3621
f 3788 3789 3620
f 3621 3790 3622
f 3789 3790 3621
f 3622 3791 3623
f 3790 3791 3622
f 3623 3792 3624
f 3791 3792 3623
f 3624 3793 3625
f 3792 3793 3624
f 3625 3794 3626
f 3793 3794 3625
f 3626 3795 3627
f 3794 3795 3626
f 3627 3796 3628
f 3795 3796 3627
f 3628 3797 3629
f 3796 3797 3628
f 3629 3798 3630
f 3797 3798 3629
f 3630 3799 3631
f 3798 3799 3630
f 3631 3800 3632
f 3799 3800 3631
f 3632 3801 3633
f 3800 3801 3632
f 3633 3802 3634
f 3801 3802 3633
f 3634 3803 3635
f 3802 3803 3634
f 3635 3804 3636
f 3803 3804 3635
f 3636 3805 3637
f 3804 3805 3636
f 3637 3806 3638
f 3805 3806 3637
f 3640 3638 3806
f 3640 3806 3808
f 3808 3642 3640
f 3810 3642 3808
f 3810 3644 3642
f 3812 3644 3810
f 3812 3646 3644
f 3814 3646 3812
f 3814 3648 3646
f 3816 3648 3814
f 3816 3650 3648
f 3818 3650 3816
f 3818 3652 3650
f 3820 3652 3818
f 3820 3654 3652
f 3822 3654 3820
f 3822 3656 3654
f 3824 3656 3822
f 3824 3658 3656
f 3826 3658 3824
f 3826 3660 3658
f 3828 3660 3826
f 3828 3662 3660
f 3830 3662 3828
f 3830 3664 3662
f 3832 3664 3830
f 3832 3666 3664
f 3834 3666 3832
f 3834 3668 3666
f 3836 3668 3834
f 3836 3670 3668
f 3838 3670 3836
f 3838 3672 3670
f 3840 3672 3838
f 3840 3674 3672
f 3842 3674 3840
f 3842 3676 3674
f 3844 3676 3842
f 3844 3678 3676
f 3846 3678 3844
f 3846 3680 3678
f 3848 3680 3846
f 3848 3682 3680
f 3850 3682 3848
f 3850 3684 3682
f 3852 3684 3850
f 3852 3686 3684
f 3854 3686 3852
f 3854 3688 3686
f 3856 3688 3854
f 3856 3690 3688
f 3858 3690 3856
f 3858 3692 3690
f 3860 3692 3858
f 3860 3694 3692
f 3862 3694 3860
f 3895 3726 3727
f 3895 3894 3726
f 3896 3727 3728
f 3896 3895 3727
f 3897 3728 3729
f 3897 3896 3728
f 3898 3729 3730
f 3898 3897 3729
f 3899 3730 3731
f 3899 3898 3730
f 3900 3731 3732
f 3900 3899 3731
f 3901 3732 3733
f 3901 3900 3732
f 3902 3733 3734
f 3902 3901 3733
f 3903 3734 3735
f 3903 3902 3734
f 3904 3735 3736
f 3904 3903 3735
f 3905 3736 3737
f 3905 3904 3736
f 3906 3737 3738
f 3906 3905 3737
f 3907 3738 3739
f 3907 3906 3738
f 3908 3739 3740
f 3908 3907 3739
f 3909 3740 3741
f 3909 3908 3740
f 3910 3741 3742
f 3910 3909 3741
f 3911 3742 3743
f 3911 3910 3742
f 3912 3743 3744
f 3912 3911 3743
f 3913 3744 3745
f 3913 3912 3744
f 3914 3745 3746
f 3914 3913 3745
f 3915 3746 3747
f 3915 3914 3746
f 3916 3747 3748
f 3916 3915 3747
f 3917 3748 3749
f 3917 3916 3748
f 3918 3749 3750
f 3918 3917 3749
f 3864 3750 3696
f 3864 3918 3750
f 3696 3694 3862
f 3696 3862 3864
f 3781 3950 3782
f 3949 3950 3781
f 3782 3951 3783
f 3950 3951 3782
f 3783 3952 3784
f 3951 3952 3783
f 3784 3953 3785
f 3952 3953 3784
f 3785 3954 3786
f 3953 3954 3785
f 3786 3955 3787
f 3954 3955 3786
f 3787 3956 3788
f 3955 3956 3787
f 3788 3957 3789
f 3956 3957 3788
f 3789 3958 3790
f 3957 3958 3789
f 3790 3959 3791
f 3958 3959 3790
f 3791 3960 3792
f 3959 3960 3791
f 3792 3961 3793
f 3960 3961 3792
f 3793 3962 3794
f 3961 3962 3793
f 3794 3963 3795
f 3962 3963 3794
f 3795 3964 3796
f 3963 3964 3795
f 3796 3965 3797
f 3964 3965 3796
f 3797 3966 3798
f 3965 3966 3797
f 3798 3967 3799
f 3966 3967 3798
f 3799 3968 3800
f 3967 3968 3799
f 3800 3969 3801
f 3968 3969 3800
f 3801 3970 3802
f 3969 3970 3801
f 3802 3971 3803
f 3970 3971 3802
f 3803 3972 3804
f 3971 3972 3803
f 3804 3973 3805
f 3972 3973 3804
f 3805 3974 3806
f 3973 3974 3805
f 3808 3806 3974
f 3808 3974 3976
f 3976 3810 3808
f 3978 3810 3976
f 3978 3812 3810
f 3980 3812 3978
f 3980 3814 3812
f 3982 3814 3980
f 3982 3816 3814
f 3984 3816 3982
f 3984 3818 3816
f 3986 3818 3984
f 3986 3820 3818
f 3988 3820 3986
f 3988 3822 3820
f 3990 3822 3988
f 3990 3824 3822
f 3992 3824 3990
f 3992 3826 3824
f 3994 3826 3992
f 3994 3828 3826
f 3996 3828 3994
f 3996 3830 3828
f 3998 3830 3996
f 3998 3832 3830
f 4000 3832 3998
f 4000 3834 3832
f 4002 3834 4000
f 4002 3836 3834
f 4004 3836 4002
f 4004 3838 3836
f 4006 3838 4004
f 4006 3840 3838
f 4008 3840 4006
f 4008 3842 3840
f 4010 3842 4008
f 4010 3844 3842
f 4012 3844 4010
f 4012 3846 3844
f 4014 3846 4012
f 4014 3848 3846
f 4016 3848 4014
f 4016 3850 3848
f 4018 3850 4016
f 4018 3852 3850
f 4020 3852 4018
f 4020 3854 3852
f 4022 3854 4020
f 4022 3856 3854
f 4024 3856 4022
f 4024 3858 3856
f 4026 3858 4024
f 4026 3860 3858
f 4028 3860 4026
f 4028 3862 3860
f 4030 3862 4028
f 4063 3894 3895
f 4063 4062 3894
f 4064 3895 3896
f 4064 4063 3895
f 4065 3896 3897
f 4065 4064 3896
f 4066 3897 3898
f 4066 4065 3897
f 4067 3898 3899
f 4067 4066 3898
f 4068 3899 3900
f 4068 4067 3899
f 4069 3900 3901
f 4069 4068 3900
f 4070 3901 3902
f 4070 4069 3901
f 4071 3902 3903
f 4071 4070 3902
f 4072 3903 3904
f 4072 4071 3903
f 4073 3904 3905
f 4073 4072 3904
f 4074 3905 3906
f 4074 4073 3905
f 4075 3906 3907
f 4075 4074 3906
f 4076 3907 3908
f 4076 4075 3907
f 4077 3908 3909
f 4077 4076 3908
f 4078 3909 3910
f 4078 4077 3909
f 4079 3910 3911
f 4079 4078 3910
f 4080 3911 3912
f 4080 4079 3911
f 4081 3912 3913
f 4081 4080 3912
f 4082 3913 3914
f 4082 4081 3913
f 4083 3914 3915
f 4083 4082 3914
f 4084 3915 3916
f 4084 4083 3915
f 4085 3916 3917
f 4085 4084 3916
f 4086 3917 3918
f 4086 4085 3917
f 4032 3918 3864
f 4032 4086 3918
f 3864 3862 4030
f 3864 4030 4032
f 4118 3950 3949
f 4118 3949 4117
f 4119 3951 3950
f 4119 3950 4118
f 4120 3952 3951
f 4120 3951 4119
f 4121 3953 3952
f 4121 3952 4120
f 4122 3954 3953
f 4122 3953 4121
f 4123 3955 3954
f 4123 3954 4122
f 4124 3956 3955
f 4124 3955 4123
f 4125 3957 3956
f 4125 3956 4124
f 4126 3958 3957
f 4126 3957 4125
f 4127 3959 3958
f 4127 3958 4126
f 4128 3960 3959
f 4128 3959 4127
f 4129 3961 3960
f 4129 3960 4128
f 4130 3962 3961
f 4130 3961 4129
f 4131 3963 3962
f 4131 3962 4130
f 4132 3964 3963
f 4132 3963 4131
f 4133 3965 3964
f 4133 3964 4132
f 4134 3966 3965
f 4134 3965 4133
f 4135 3967 3966
f 4135 3966 4134
f 4136 3968 3967
f 4136 3967 4135
f 4137 3969 3968
f 4137 3968 4136
f 4138 3970 3969
f 4138 3969 4137
f 4139 3971 3970
f 4139 3970 4138
f 4140 3972 3971
f 4140 3971 4139
f 4141 3973 3972
f 4141 3972 4140
f 4142 3974 3973
f 4142 3973 4141
f 4142 3976 3974
f 4117 4172 4118
f 4118 4172 4173
f 4118 4173 4119
f 4119 4173 4174
f 4119 4174 4120
f 4120 4174 4175
f 4120 4175 4121
f 4121 4175 4176
f 4121 4176 4122
f 4122 4176 4177
f 4122 4177 4123
f 4123 4177 4178
f 4123 4178 4124
f 4124 4178 4179
f 4124 4179 4125
f 4125 4179 4180
f 4125 4180 4126
f 4126 4180 4181
f 4126 4181 4127
f 4127 4181 4182
f 4127 4182 4128
f 4128 4182 4183
f 4128 4183 4129
f 4129 4183 4184
f 4129 4184 4130
f 4130 4184 4185
f 4130 4185 4131
f 4131 4185 4186
f 4131 4186 4132
f 4132 4186 4187
f 4132 4187 4133
f 4133 4187 4188
f 4133 4188 4134
f 4134 4188 4189
f 4134 4189 4135
f 4135 4189 4190
f 4135 4190 4136
f 4136 4190 4191
f 4136 4191 4137
f 4137 4191 4192
f 4137 4192 4138
f 4138 4192 4193
f 4138 4193 4139
f 4139 4193 4194
f 4139 4194 4140
f 4140 4194 4195
f 4140 4195 4141
f 4141 4195 4196
f 4141 4196 4142
f 4142 4196 4197
f 3976 4142 4197
f 4200 3976 4197
f 3978 3976 4200
f 4200 3980 3978
f 4202 3980 4200
f 4202 3982 3980
f 4204 3982 4202
f 4204 3984 3982
f 4206 3984 4204
f 4206 3986 3984
f 4208 3986 4206
f 4208 3988 3986
f 4210 3988 4208
f 4210 3990 3988
f 4212 3990 4210
f 4212 3992 3990
f 4214 3992 4212
f 4214 3994 3992
f 4216 3994 4214
f 4216 3996 3994
f 4218 3996 4216
f 4218 3998 3996
f 4220 3998 4218
f 4220 4000 3998
f 4222 4000 4220
f 4222 4002 4000
f 4224 4002 4222
f 4224 4004 4002
f 4226 4004 4224
f 4226 4006 4004
f 4228 4006 4226
f 4228 4008 4006
f 4230 4008 4228
f 4230 4010 4008
f 4232 4010 4230
f 4232 4012 4010
f 4234 4012 4232
f 4234 4014 4012
f 4236 4014 4234
f 4236 4016 4014
f 4238 4016 4236
f 4238 4018 4016
f 4240 4018 4238
f 4240 4020 4018
f 4242 4020 4240
f 4242 4022 4020
f 4244 4022 4242
f 4244 4024 4022
f 4246 4024 4244
f 4246 4026 4024
f 4248 4026 4246
f 4248 4028 4026
f 4250 4028 4248
f 4250 4030 4028
f 4252 4030 4250
f 4285 4062 4063
f 4285 4284 4062
f 4286 4063 4064
f 4286 4285 4063
f 4287 4064 4065
f 4287 4286 4064
f 4288 4065 4066
f 4288 4287 4065
f 4289 4066 4067
f 4289 4288 4066
f 4290 4067 4068
f 4290 4289 4067
f 4291 4068 4069
f 4291 4290 4068
f 4292 4069 4070
f 4292 4291 4069
f 4293 4070 4071
f 4293 4292 4070
f 4294 4071 4072
f 4294 4293 4071
f 4295 4072 4073
f 4295 4294 4072
f 4296 4073 4074
f 4296 4295 4073
f 4297 4074 4075
f 4297 4296 4074
f 4298 4075 4076
f 4298 4297 4075
f 4299 4076 4077
f 4299 4298 4076
f 4300 4077 4078
f 4300 4299 4077
f 4301 4078 4079
f 4301 4300 4078
f 4302 4079 4080
f 4302 4301 4079
f 4303 4080 4081
f 4303 4302 4080
f 4304 4081 4082
f 4304 4303 4081
f 4305 4082 4083
f 4305 4304 4082
f 4306 4083 4084
f 4306 4305 4083
f 4307 4084 4085
f 4307 4306 4084
f 4308 4085 4086
f 4308 4307 4085
f 4254 4086 4032
f 4254 4308 4086
f 4032 4030 4252
f 4032 4252 4254
f 4172 4339 4173
f 4338 4339 4172
f 4173 4340 4174
f 4339 4340 4173
f 4174 4341 4175
f 4340 4341 4174
f 4175 4342 4176
f 4341 4342 4175
f 4176 4343 4177
f 4342 4343 4176
f 4177 4344 4178
f 4343 4344 4177
f 4178 4345 4179
f 4344 4345 4178
f 4179 4346 4180
f 4345 4346 4179
f 4180 4347 4181
f 4346 4347 4180
f 4181 4348 4182
f 4347 4348 4181
f 4182 4349 4183
f 4348 4349 4182
f 4183 4350 4184
f 4349 4350 4183
f 4184 4351 4185
f 4350 4351 4184
f 4185 4352 4186
f 4351 4352 4185
f 4186 4353 4187
f 4352 4353 4186
f 4187 4354 4188
f 4353 4354 4187
f 4188 4355 4189
f 4354 4355 4188
f 4189 4356 4190
f 4355 4356 4189
f 4190 4357 4191
f 4356 4357 4190
f 4191 4358 4192
f 4357 4358 4191
f 4192 4359 4193
f 4358 4359 4192
f 4193 4360 4194
f 4359 4360 4193
f 4194 4361 4195
f 4360 4361 4194
f 4195 4362 4196
f 4361 4362 4195
f 4196 4363 4197
f 4362 4363 4196
f 4200 4197 4363
f 4200 4363 4366
f 4366 4202 4200
f 4368 4202 4366
f 4368 4204 4202
f 4370 4204 4368
f 4370 4206 4204
f 4372 4206 4370
f 4372 4208 4206
f 4374 4208 4372
f 4374 4210 4208
f 4376 4210 4374
f 4376 4212 4210
f 4378 4212 4376
f 4378 4214 4212
f 4380 4214 4378
f 4380 4216 4214
f 4382 4216 4380
f 4382 4218 4216
f 4384 4218 4382
f 4384 4220 4218
f 4386 4220 4384
f 4386 4222 4220
f 4388 4222 4386
f 4388 4224 4222
f 4390 4224 4388
f 4390 4226 4224
f 4392 4226 4390
f 4392 4228 4226
f 4394 4228 4392
f 4394 4230 4228
f 4396 4230 4394
f 4396 4232 4230
f 4398 4232 4396
f 4398 4234 4232
f 4400 4234 4398
f 4400 4236 4234
f 4402 4236 4400
f 4402 4238 4236
f 4404 4238 4402
f 4404 4240 4238
f 4406 4240 4404
f 4406 4242 4240
f 4408 4242 4406
f 4408 4244 4242
f 4410 4244 4408
f 4410 4246 4244
f 4412 4246 4410
f 4412 4248 4246
f 4414 4248 4412
f 4414 4250 4248
f 4416 4250 4414
f 4416 4252 4250
f 4418 4252 4416
f 4450 4284 4285
f 4450 4449 4284
f 4451 4285 4286
f 4451 4450 4285
f 4452 4286 4287
f 4452 4451 4286
f 4453 4287 4288
f 4453 4452 4287
f 4454 4288 4289
f 4454 4453 4288
f 4455 4289 4290
f 4455 4454 4289
f 4456 4290 4291
f 4456 4455 4290
f 4457 4291 4292
f 4457 4456 4291
f 4458 4292 4293
f 4458 4457 4292
f 4459 4293 4294
f 4459 4458 4293
f 4460 4294 4295
f 4460 4459 4294
f 4461 4295 4296
f 4461 4460 4295
f 4462 4296 4297
f 4462 4461 4296
f 4463 4297 4298
f 4463 4462 4297
f 4464 4298 4299
f 4464 4463 4298
f 4465 4299 4300
f 4465 4464 4299
f 4466 4300 4301
f 4466 4465 4300
f 4467 4301 4302
f 4467 4466 4301
f 4468 4302 4303
f 4468 4467 4302
f 4469 4303 4304
f 4469 4468 4303
f 4470 4304 4305
f 4470 4469 4304
f 4471 4305 4306
f 4471 4470 4305
f 4472 4306 4307
f 4472 4471 4306
f 4473 4307 4308
f 4473 4472 4307
f 4474 4308 4254
f 4474 4473 4308
f 4254 4252 4418
f 4254 4418 4474
f 4338 4506 4339
f 4505 4506 4338
f 4339 4507 4340
f 4506 4507 4339
f 4340 4508 4341
f 4507 4508 4340
f 4341 4509 4342
f 4508 4509 4341
f 4342 4510 4343
f 4509 4510 4342
f 4343 4511 4344
f 4510 4511 4343
f 4344 4512 4345
f 4511 4512 4344
f 4345 4513 4346
f 4512 4513 4345
f 4346 4514 4347
f 4513 4514 4346
f 4347 4515 4348
f 4514 4515 4347
f 4348 4516 4349
f 4515 4516 4348
f 4349 4517 4350
f 4516 4517 4349
f 4350 4518 4351
f 4517 4518 4350
f 4351 4519 4352
f 4518 4519 4351
f 4352 4520 4353
f 4519 4520 4352
f 4353 4521 4354
f 4520 4521 4353
f 4354 4522 4355
f 4521 4522 4354
f 4355 4523 4356
f 4522 4523 4355
f 4356 4524 4357
f 4523 4524 4356
f 4357 4525 4358
f 4524 4525 4357
f 4358 4526 4359
f 4525 4526 4358
f 4359 4527 4360
f 4526 4527 4359
f 4360 4528 4361
f 4527 4528 4360
f 4361 4529 4362
f 4528 4529 4361
f 4362 4530 4363
f 4529 4530 4362
f 4366 4363 4530
f 4366 4530 4532
f 4532 4368 4366
f 4534 4368 4532
f 4534 4370 4368
f 4536 4370 4534
f 4536 4372 4370
f 4538 4372 4536
f 4538 4374 4372
f 4540 4374 4538
f 4540 4376 4374
f 4542 4376 4540
f 4542 4378 4376
f 4544 4378 4542
f 4544 4380 4378
f 4546 4380 4544
f 4546 4382 4380
f 4548 4382 4546
f 4548 4384 4382
f 4550 4384 4548
f 4550 4386 4384
f 4552 4386 4550
f 4552 4388 4386
f 4554 4388 4552
f 4554 4390 4388
f 4556 4390 4554
f 4556 4392 4390
f 4558 4392 4556
f 4558 4394 4392
f 4560 4394 4558
f 4560 4396 4394
f 4562 4396 4560
f 4562 4398 4396
f 4564 4398 4562
f 4564 4400 4398
f 4566 4400 4564
f 4566 4402 4400
f 4568 4402 4566
f 4568 4404 4402
f 4570 4404 4568
f 4570 4406 4404
f 4572 4406 4570
f 4572 4408 4406
f 4574 4408 4572
f 4574 4410 4408
f 4576 4410 4574
f 4576 4412 4410
f 4578 4412 4576
f 4578 4414 4412
f 4580 4414 4578
f 4580 4416 4414
f 4582 4416 4580
f 4582 4418 4416
f 4584 4418 4582
f 4616 4449 4450
f 4616 4615 4449
f 4617 4450 4451
f 4617 4616 4450
f 4618 4451 4452
f 4618 4617 4451
f 4619 4452 4453
f 4619 4618 4452
f 4620 4453 4454
f 4620 4619 4453
f 4621 4454 4455
f 4621 4620 4454
f 4622 4455 4456
f 4622 4621 4455
f 4623 4456 4457
f 4623 4622 4456
f 4624 4457 4458
f 4624 4623 4457
f 4625 4458 4459
f 4625 4624 4458
f 4626 4459 4460
f 4626 4625 4459
f 4627 4460 4461
f 4627 4626 4460
f 4628 4461 4462
f 4628 4627 4461
f 4629 4462 4463
f 4629 4628 4462
f 4630 4463 4464
f 4630 4629 4463
f 4631 4464 4465
f 4631 4630 4464
f 4632 4465 4466
f 4632 4631 4465
f 4633 4466 4467
f 4633 4632 4466
f 4634 4467 4468
f 4634 4633 4467
f 4635 4468 4469
f 4635 4634 4468
f 4636 4469 4470
f 4636 4635 4469
f 4637 4470 4471
f 4637 4636 4470
f 4638 4471 4472
f 4638 4637 4471
f 4639 4472 4473
f 4639 4638 4472
f 4640 4473 4474
f 4640 4639 4473
f 4474 4418 4584
f 4474 4584 4640
f 4505 4728 4506
f 4727 4728 4505
f 4506 4729 4507
f 4728 4729 4506
f 4507 4730 4508
f 4729 4730 4507
f 4508 4731 4509
f 4730 4731 4508
f 4509 4732 4510
f 4731 4732 4509
f 4510 4733 4511
f 4732 4733 4510
f 4511 4734 4512
f 4733 4734 4511
f 4512 4735 4513
f 4734 4735 4512
f 4513 4736 4514
f 4735 4736 4513
f 4514 4737 4515
f 4736 4737 4514
f 4515 4738 4516
f 4737 4738 4515
f 4516 4739 4517
f 4738 4739 4516
f 4517 4740 4518
f 4739 4740 4517
f 4518 4741 4519
f 4740 4741 4518
f 4519 4742 4520
f 4741 4742 4519
f 4520 4743 4521
f 4742 4743 4520
f 4521 4744 4522
f 4743 4744 4521
f 4522 4745 4523
f 4744 4745 4522
f 4523 4746 4524
f 4745 4746 4523
f 4524 4747 4525
f 4746 4747 4524
f 4525 4748 4526
f 4747 4748 4525
f 4526 4749 4527
f 4748 4749 4526
f 4527 4750 4528
f 4749 4750 4527
f 4528 4751 4529
f 4750 4751 4528
f 4529 4752 4530
f 4751 4752 4529
f 4532 4530 4752
f 4532 4752 4754
f 4754 4534 4532
f 4756 4534 4754
f 4756 4536 4534
f 4758 4536 4756
f 4758 4538 4536
f 4760 4538 4758
f 4760 4540 4538
f 4762 4540 4760
f 4762 4542 4540
f 4764 4542 4762
f 4764 4544 4542
f 4766 4544 4764
f 4766 4546 4544
f 4768 4546 4766
f 4768 4548 4546
f 4770 4548 4768
f 4770 4550 4548
f 4772 4550 4770
f 4772 4552 4550
f 4774 4552 4772
f 4774 4554 4552
f 4776 4554 4774
f 4776 4556 4554
f 4778 4556 4776
f 4778 4558 4556
f 4780 4558 4778
f 4780 4560 4558
f 4782 4560 4780
f 4782 4562 4560
f 4784 4562 4782
f 4784 4564 4562
f 4786 4564 4784
f 4786 4566 4564
f 4788 4566 4786
f 4788 4568 4566
f 4790 4568 4788
f 4790 4570 4568
f 4792 4570 4790
f 4792 4572 4570
f 4794 4572 4792
f 4794 4574 4572
f 4796 4574 4794
f 4796 4576 4574
f 4798 4576 4796
f 4798 4578 4576
f 4800 4578 4798
f 4800 4580 4578
f 4802 4580 4800
f 4802 4582 4580
f 4804 4582 4802
f 4672 4837 4671
f 4671 4837 4836
f 4673 4838 4672
f 4672 4838 4837
f 4674 4839 4673
f 4673 4839 4838
f 4675 4840 4674
f 4674 4840 4839
f 4676 4841 4675
f 4675 4841 4840
f 4677 4842 4676
f 4676 4842 4841
f 4678 4843 4677
f 4677 4843 4842
f 4679 4844 4678
f 4678 4844 4843
f 4680 4845 4679
f 4679 4845 4844
f 4681 4846 4680
f 4680 4846 4845
f 4682 4847 4681
f 4681 4847 4846
f 4683 4848 4682
f 4682 4848 4847
f 4684 4849 4683
f 4683 4849 4848
f 4685 4850 4684
f 4684 4850 4849
f 4686 4851 4685
f 4685 4851 4850
f 4687 4852 4686
f 4686 4852 4851
f 4688 4853 4687
f 4687 4853 4852
f 4689 4854 4688
f 4688 4854 4853
f 4690 4855 4689
f 4689 4855 4854
f 4691 4856 4690
f 4690 4856 4855
f 4692 4857 4691
f 4691 4857 4856
f 4693 4858 4692
f 4692 4858 4857
f 4694 4859 4693
f 4693 4859 4858
f 4695 4860 4694
f 4694 4860 4859
f 4696 4806 4695
f 4695 4806 4860
f 4804 4806 4696
f 4584 4804 4696
f 4582 4804 4584
f 4671 4615 4616
f 4671 4616 4672
f 4672 4616 4617
f 4672 4617 4673
f 4673 4617 4618
f 4673 4618 4674
f 4674 4618 4619
f 4674 4619 4675
f 4675 4619 4620
f 4675 4620 4676
f 4676 4620 4621
f 4676 4621 4677
f 4677 4621 4622
f 4677 4622 4678
f 4678 4622 4623
f 4678 4623 4679
f 4679 4623 4624
f 4679 4624 4680
f 4680 4624 4625
f 4680 4625 4681
f 4681 4625 4626
f 4681 4626 4682
f 4682 4626 4627
f 4682 4627 4683
f 4683 4627 4628
f 4683 4628 4684
f 4684 4628 4629
f 4684 4629 4685
f 4685 4629 4630
f 4685 4630 4686
f 4686 4630 4631
f 4686 4631 4687
f 4687 4631 4632
f 4687 4632 4688
f 4688 4632 4633
f 4688 4633 4689
f 4689 4633 4634
f 4689 4634 4690
f 4690 4634 4635
f 4690 4635 4691
f 4691 4635 4636
f 4691 4636 4692
f 4692 4636 4637
f 4692 4637 4693
f 4693 4637 4638
f 4693 4638 4694
f 4694 4638 4639
f 4694 4639 4695
f 4695 4639 4640
f 4695 4640 4696
f 4696 4640 4584
f 4892 4728 4727
f 4892 4727 4891
f 4893 4729 4728
f 4893 4728 4892
f 4894 4730 4729
f 4894 4729 4893
f 4895 4731 4730
f 4895 4730 4894
f 4896 4732 4731
f 4896 4731 4895
f 4897 4733 4732
f 4897 4732 4896
f 4898 4734 4733
f 4898 4733 4897
f 4899 4735 4734
f 4899 4734 4898
f 4900 4736 4735
f 4900 4735 4899
f 4901 4737 4736
f 4901 4736 4900
f 4902 4738 4737
f 4902 4737 4901
f 4903 4739 4738
f 4903 4738 4902
f 4904 4740 4739
f 4904 4739 4903
f 4905 4741 4740
f 4905 4740 4904
f 4906 4742 4741
f 4906 4741 4905
f 4907 4743 4742
f 4907 4742 4906
f 4908 4744 4743
f 4908 4743 4907
f 4909 4745 4744
f 4909 4744 4908
f 4910 4746 4745
f 4910 4745 4909
f 4911 4747 4746
f 4911 4746 4910
f 4912 4748 4747
f 4912 4747 4911
f 4913 4749 4748
f 4913 4748 4912
f 4914 4750 4749
f 4914 4749 4913
f 4915 4751 4750
f 4915 4750 4914
f 4916 4752 4751
f 4916 4751 4915
f 4916 4754 4752
f 4891 4946 4892
f 4892 4946 4947
f 4892 4947 4893
f 4893 4947 4948
f 4893 4948 4894
f 4894 4948 4949
f 4894 4949 4895
f 4895 4949 4950
f 4895 4950 4896
f 4896 4950 4951
f 4896 4951 4897
f 4897 4951 4952
f 4897 4952 4898
f 4898 4952 4953
f 4898 4953 4899
f 4899 4953 4954
f 4899 4954 4900
f 4900 4954 4955
f 4900 4955 4901
f 4901 4955 4956
f 4901 4956 4902
f 4902 4956 4957
f 4902 4957 4903
f 4903 4957 4958
f 4903 4958 4904
f 4904 4958 4959
f 4904 4959 4905
f 4905 4959 4960
f 4905 4960 4906
f 4906 4960 4961
f 4906 4961 4907
f 4907 4961 4962
f 4907 4962 4908
f 4908 4962 4963
f 4908 4963 4909
f 4909 4963 4964
f 4909 4964 4910
f 4910 4964 4965
f 4910 4965 4911
f 4911 4965 4966
f 4911 4966 4912
f 4912 4966 4967
f 4912 4967 4913
f 4913 4967 4968
f 4913 4968 4914
f 4914 4968 4969
f 4914 4969 4915
f 4915 4969 4970
f 4915 4970 4916
f 4916 4970 4971
f 4754 4916 4971
f 4974 4754 4971
f 4756 4754 4974
f 4974 4758 4756
f 4976 4758 4974
f 4976 4760 4758
f 4978 4760 4976
f 4978 4762 4760
f 4980 4762 4978
f 4980 4764 4762
f 4982 4764 4980
f 4982 4766 4764
f 4984 4766 4982
f 4984 4768 4766
f 4986 4768 4984
f 4986 4770 4768
f 4988 4770 4986
f 4988 4772 4770
f 4990 4772 4988
f 4990 4774 4772
f 4992 4774 4990
f 4992 4776 4774
f 4994 4776 4992
f 4994 4778 4776
f 4996 4778 4994
f 4996 4780 4778
f 4998 4780 4996
f 4998 4782 4780
f 5000 4782 4998
f 5000 4784 4782
f 5002 4784 5000
f 5002 4786 4784
f 5004 4786 5002
f 5004 4788 4786
f 5006 4788 5004
f 5006 4790 4788
f 5008 4790 5006
f 5008 4792 4790
f 5010 4792 5008
f 5010 4794 4792
f 5012 4794 5010
f 5012 4796 4794
f 5014 4796 5012
f 5014 4798 4796
f 5016 4798 5014
f 5016 4800 4798
f 5018 4800 5016
f 5018 4802 4800
f 5020 4802 5018
f 5020 4804 4802
f 5022 4804 5020
f 5054 4836 4837
f 5054 5053 4836
f 5055 4837 4838
f 5055 5054 4837
f 5056 4838 4839
f 5056 5055 4838
f 5057 4839 4840
f 5057 5056 4839
f 5058 4840 4841
f 5058 5057 4840
f 5059 4841 4842
f 5059 5058 4841
f 5060 4842 4843
f 5060 5059 4842
f 5061 4843 4844
f 5061 5060 4843
f 5062 4844 4845
f 5062 5061 4844
f 5063 4845 4846
f 5063 5062 4845
f 5064 4846 4847
f 5064 5063 4846
f 5065 4847 4848
f 5065 5064 4847
f 5066 4848 4849
f 5066 5065 4848
f 5067 4849 4850
f 5067 5066 4849
f 5068 4850 4851
f 5068 5067 4850
f 5069 4851 4852
f 5069 5068 4851
f 5070 4852 4853
f 5070 5069 4852
f 5071 4853 4854
f 5071 5070 4853
f 5072 4854 4855
f 5072 5071 4854
f 5073 4855 4856
f 5073 5072 4855
f 5074 4856 4857
f 5074 5073 4856
f 5075 4857 4858
f 5075 5074 4857
f 5076 4858 4859
f 5076 5075 4858
f 5077 4859 4860
f 5077 5076 4859
f 5078 4860 4806
f 5078 5077 4860
f 4806 4804 5022
f 4806 5022 5078
f 4946 5166 4947
f 5165 5166 4946
f 4947 5167 4948
f 5166 5167 4947
f 4948 5168 4949
f 5167 5168 4948
f 4949 5169 4950
f 5168 5169 4949
f 4950 5170 4951
f 5169 5170 4950
f 4951 5171 4952
f 5170 5171 4951
f 4952 5172 4953
f 5171 5172 4952
f 4953 5173 4954
f 5172 5173 4953
f 4954 5174 4955
f 5173 5174 4954
f 4955 5175 4956
f 5174 5175 4955
f 4956 5176 4957
f 5175 5176 4956
f 4957 5177 4958
f 5176 5177 4957
f 4958 5178 4959
f 5177 5178 4958
f 4959 5179 4960
f 5178 5179 4959
f 4960 5180 4961
f 5179 5180 4960
f 4961 5181 4962
f 5180 5181 4961
f 4962 5182 4963
f 5181 5182 4962
f 4963 5183 4964
f 5182 5183 4963
f 4964 5184 4965
f 5183 5184 4964
f 4965 5185 4966
f 5184 5185 4965
f 4966 5186 4967
f 5185 5186 4966
f 4967 5187 4968
f 5186 5187 4967
f 4968 5188 4969
f 5187 5188 4968
f 4969 5189 4970
f 5188 5189 4969
f 4970 5190 4971
f 5189 5190 4970
f 4974 4971 5190
f 4974 5190 5192
f 5192 4976 4974
f 5194 4976 5192
f 5194 4978 4976
f 5196 4978 5194
f 5196 4980 4978
f 5198 4980 5196
f 5198 4982 4980
f 5200 4982 5198
f 5200 4984 4982
f 5202 4984 5200
f 5202 4986 4984
f 5204 4986 5202
f 5204 4988 4986
f 5206 4988 5204
f 5206 4990 4988
f 5208 4990 5206
f 5208 4992 4990
f 5210 4992 5208
f 5210 4994 4992
f 5212 4994 5210
f 5212 4996 4994
f 5214 4996 5212
f 5214 4998 4996
f 5216 4998 5214
f 5216 5000 4998
f 5218 5000 5216
f 5218 5002 5000
f 5220 5002 5218
f 5220 5004 5002
f 5222 5004 5220
f 5222 5006 5004
f 5224 5006 5222
f 5224 5008 5006
f 5226 5008 5224
f 5226 5010 5008
f 5228 5010 5226
f 5228 5012 5010
f 5230 5012 5228
f 5230 5014 5012
f 5232 5014 5230
f 5232 5016 5014
f 5234 5016 5232
f 5234 5018 5016
f 5236 5018 5234
f 5236 5020 5018
f 5238 5020 5236
f 5110 5271 5109
f 5109 5271 5270
f 5111 5272 5110
f 5110 5272 5271
f 5112 5273 5111
f 5111 5273 5272
f 5113 5274 5112
f 5112 5274 5273
f 5114 5275 5113
f 5113 5275 5274
f 5115 5276 5114
f 5114 5276 5275
f 5116 5277 5115
f 5115 5277 5276
f 5117 5278 5116
f 5116 5278 5277
f 5118 5279 5117
f 5117 5279 5278
f 5119 5280 5118
f 5118 5280 5279
f 5120 5281 5119
f 5119 5281 5280
f 5121 5282 5120
f 5120 5282 5281
f 5122 5283 5121
f 5121 5283 5282
f 5123 5284 5122
f 5122 5284 5283
f 5124 5285 5123
f 5123 5285 5284
f 5125 5286 5124
f 5124 5286 5285
f 5126 5287 5125
f 5125 5287 5286
f 5127 5288 5126
f 5126 5288 5287
f 5128 5289 5127
f 5127 5289 5288
f 5129 5290 5128
f 5128 5290 5289
f 5130 5291 5129
f 5129 5291 5290
f 5131 5292 5130
f 5130 5292 5291
f 5132 5293 5131
f 5131 5293 5292
f 5133 5294 5132
f 5132 5294 5293
f 5134 5240 5133
f 5133 5240 5294
f 5238 5240 5134
f 5022 5238 5134
f 5020 5238 5022
f 5109 5053 5054
f 5109 5054 5110
f 5110 5054 5055
f 5110 5055 5111
f 5111 5055 5056
f 5111 5056 5112
f 5112 5056 5057
f 5112 5057 5113
f 5113 5057 5058
f 5113 5058 5114
f 5114 5058 5059
f 5114 5059 5115
f 5115 5059 5060
f 5115 5060 5116
f 5116 5060 5061
f 5116 5061 5117
f 5117 5061 5062
f 5117 5062 5118
f 5118 5062 5063
f 5118 5063 5119
f 5119 5063 5064
f 5119 5064 5120
f 5120 5064 5065
f 5120 5065 5121
f 5121 5065 5066
f 5121 5066 5122
f 5122 5066 5067
f 5122 5067 5123
f 5123 5067 5068
f 5123 5068 5124
f 5124 5068 5069
f 5124 5069 5125
f 5125 5069 5070
f 5125 5070 5126
f 5126 5070 5071
f 5126 5071 5127
f 5127 5071 5072
f 5127 5072 5128
f 5128 5072 5073
f 5128 5073 5129
f 5129 5073 5074
f 5129 5074 5130
f 5130 5074 5075
f 5130 5075 5131
f 5131 5075 5076
f 5131 5076 5132
f 5132 5076 5077
f 5132 5077 5133
f 5133 5077 5078
f 5133 5078 5134
f 5134 5078 5022
f 5326 5166 5165
f 5326 5165 5325
f 5327 5167 5166
f 5327 5166 5326
f 5328 5168 5167
f 5328 5167 5327
f 5329 5169 5168
f 5329 5168 5328
f 5330 5170 5169
f 5330 5169 5329
f 5331 5171 5170
f 5331 5170 5330
f 5332 5172 5171
f 5332 5171 5331
f 5333 5173 5172
f 5333 5172 5332
f 5334 5174 5173
f 5334 5173 5333
f 5335 5175 5174
f 5335 5174 5334
f 5336 5176 5175
f 5336 5175 5335
f 5337 5177 5176
f 5337 5176 5336
f 5338 5178 5177
f 5338 5177 5337
f 5339 5179 5178
f 5339 5178 5338
f 5340 5180 5179
f 5340 5179 5339
f 5341 5181 5180
f 5341 5180 5340
f 5342 5182 5181
f 5342 5181 5341
f 5343 5183 5182
f 5343 5182 5342
f 5344 5184 5183
f 5344 5183 5343
f 5345 5185 5184
f 5345 5184 5344
f 5346 5186 5185
f 5346 5185 5345
f 5347 5187 5186
f 5347 5186 5346
f 5348 5188 5187
f 5348 5187 5347
f 5349 5189 5188
f 5349 5188 5348
f 5350 5190 5189
f 5350 5189 5349
f 5350 5192 5190
f 5325 5381 5326
f 5326 5381 5382
f 5326 5382 5327
f 5327 5382 5383
f 5327 5383 5328
f 5328 5383 5384
f 5328 5384 5329
f 5329 5384 5385
f 5329 5385 5330
f 5330 5385 5386
f 5330 5386 5331
f 5331 5386 5387
f 5331 5387 5332
f 5332 5387 5388
f 5332 5388 5333
f 5333 5388 5389
f 5333 5389 5334
f 5334 5389 5390
f 5334 5390 5335
f 5335 5390 5391
f 5335 5391 5336
f 5336 5391 5392
f 5336 5392 5337
f 5337 5392 5393
f 5337 5393 5338
f 5338 5393 5394
f 5338 5394 5339
f 5339 5394 5395
f 5339 5395 5340
f 5340 5395 5396
f 5340 5396 5341
f 5341 5396 5397
f 5341 5397 5342
f 5342 5397 5398
f 5342 5398 5343
f 5343 5398 5399
f 5343 5399 5344
f 5344 5399 5400
f 5344 5400 5345
f 5345 5400 5401
f 5345 5401 5346
f 5346 5401 5402
f 5346 5402 5347
f 5347 5402 5403
f 5347 5403 5348
f 5348 5403 5404
f 5348 5404 5349
f 5349 5404 5405
f 5349 5405 5350
f 5350 5405 5406
f 5192 5350 5406
f 5408 5192 5406
f 5194 5192 5408
f 5408 5196 5194
f 5410 5196 5408
f 5410 5198 5196
f 5412 5198 5410
f 5412 5200 5198
f 5414 5200 5412
f 5414 5202 5200
f 5416 5202 5414
f 5416 5204 5202
f 5418 5204 5416
f 5418 5206 5204
f 5420 5206 5418
f 5420 5208 5206
f 5422 5208 5420
f 5422 5210 5208
f 5424 5210 5422
f 5424 5212 5210
f 5426 5212 5424
f 5426 5214 5212
f 5428 5214 5426
f 5428 5216 5214
f 5430 5216 5428
f 5430 5218 5216
f 5432 5218 5430
f 5432 5220 5218
f 5434 5220 5432
f 5434 5222 5220
f 5436 5222 5434
f 5436 5224 5222
f 5438 5224 5436
f 5438 5226 5224
f 5440 5226 5438
f 5440 5228 5226
f 5442 5228 5440
f 5442 5230 5228
f 5444 5230 5442
f 5444 5232 5230
f 5446 5232 5444
f 5446 5234 5232
f 5448 5234 5446
f 5448 5236 5234
f 5450 5236 5448
f 5450 5238 5236
f 5452 5238 5450
f 5484 5270 5271
f 5484 5483 5270
f 5485 5271 5272
f 5485 5484 5271
f 5486 5272 5273
f 5486 5485 5272
f 5487 5273 5274
f 5487 5486 5273
f 5488 5274 5275
f 5488 5487 5274
f 5489 5275 5276
f 5489 5488 5275
f 5490 5276 5277
f 5490 5489 5276
f 5491 5277 5278
f 5491 5490 5277
f 5492 5278 5279
f 5492 5491 5278
f 5493 5279 5280
f 5493 5492 5279
f 5494 5280 5281
f 5494 5493 5280
f 5495 5281 5282
f 5495 5494 5281
f 5496 5282 5283
f 5496 5495 5282
f 5497 5283 5284
f 5497 5496 5283
f 5498 5284 5285
f 5498 5497 5284
f 5499 5285 5286
f 5499 5498 5285
f 5500 5286 5287
f 5500 5499 5286
f 5501 5287 5288
f 5501 5500 5287
f 5502 5288 5289
f 5502 5501 5288
f 5503 5289 5290
f 5503 5502 5289
f 5504 5290 5291
f 5504 5503 5290
f 5505 5291 5292
f 5505 5504 5291
f 5506 5292 5293
f 5506 5505 5292
f 5507 5293 5294
f 5507 5506 5293
f 5508 5294 5240
f 5508 5507 5294
f 5240 5238 5452
f 5240 5452 5508
f 5596 5382 5381
f 5596 5381 5595
f 5597 5383 5382
f 5597 5382 5596
f 5598 5384 5383
f 5598 5383 5597
f 5599 5385 5384
f 5599 5384 5598
f 5600 5386 5385
f 5600 5385 5599
f 5601 5387 5386
f 5601 5386 5600
f 5602 5388 5387
f 5602 5387 5601
f 5603 5389 5388
f 5603 5388 5602
f 5604 5390 5389
f 5604 5389 5603
f 5605 5391 5390
f 5605 5390 5604
f 5606 5392 5391
f 5606 5391 5605
f 5607 5393 5392
f 5607 5392 5606
f 5608 5394 5393
f 5608 5393 5607
f 5609 5395 5394
f 5609 5394 5608
f 5610 5396 5395
f 5610 5395 5609
f 5611 5397 5396
f 5611 5396 5610
f 5612 5398 5397
f 5612 5397 5611
f 5613 5399 5398
f 5613 5398 5612
f 5614 5400 5399
f 5614 5399 5613
f 5615 5401 5400
f 5615 5400 5614
f 5616 5402 5401
f 5616 5401 5615
f 5617 5403 5402
f 5617 5402 5616
f 5618 5404 5403
f 5618 5403 5617
f 5619 5405 5404
f 5619 5404 5618
f 5620 5406 5405
f 5620 5405 5619
f 5620 5408 5406
f 5595 5651 5596
f 5596 5651 5652
f 5596 5652 5597
f 5597 5652 5653
f 5597 5653 5598
f 5598 5653 5654
f 5598 5654 5599
f 5599 5654 5655
f 5599 5655 5600
f 5600 5655 5656
f 5600 5656 5601
f 5601 5656 5657
f 5601 5657 5602
f 5602 5657 5658
f 5602 5658 5603
f 5603 5658 5659
f 5603 5659 5604
f 5604 5659 5660
f 5604 5660 5605
f 5605 5660 5661
f 5605 5661 5606
f 5606 5661 5662
f 5606 5662 5607
f 5607 5662 5663
f 5607 5663 5608
f 5608 5663 5664
f 5608 5664 5609
f 5609 5664 5665
f 5609 5665 5610
f 5610 5665 5666
f 5610 5666 5611
f 5611 5666 5667
f 5611 5667 5612
f 5612 5667 5668
f 5612 5668 5613
f 5613 5668 5669
f 5613 5669 5614
f 5614 5669 5670
f 5614 5670 5615
f 5615 5670 5671
f 5615 5671 5616
f 5616 5671 5672
f 5616 5672 5617
f 5617 5672 5673
f 5617 5673 5618
f 5618 5673 5674
f 5618 5674 5619
f 5619 5674 5675
f 5619 5675 5620
f 5620 5675 5676
f 5408 5620 5676
f 5678 5408 5676
f 5410 5408 5678
f 5678 5412 5410
f 5680 5412 5678
f 5680 5414 5412
f 5682 5414 5680
f 5682 5416 5414
f 5684 5416 5682
f 5684 5418 5416
f 5686 5418 5684
f 5686 5420 5418
f 5688 5420 5686
f 5688 5422 5420
f 5690 5422 5688
f 5690 5424 5422
f 5692 5424 5690
f 5692 5426 5424
f 5694 5426 5692
f 5694 5428 5426
f 5696 5428 5694
f 5696 5430 5428
f 5698 5430 5696
f 5698 5432 5430
f 5700 5432 5698
f 5700 5434 5432
f 5702 5434 5700
f 5702 5436 5434
f 5704 5436 5702
f 5704 5438 5436
f 5706 5438 5704
f 5706 5440 5438
f 5708 5440 5706
f 5708 5442 5440
f 5710 5442 5708
f 5710 5444 5442
f 5712 5444 5710
f 5712 5446 5444
f 5714 5446 5712
f 5714 5448 5446
f 5716 5448 5714
f 5716 5450 5448
f 5718 5450 5716
f 5540 5750 5539
f 5539 5750 5749
f 5541 5751 5540
f 5540 5751 5750
f 5542 5752 5541
f 5541 5752 5751
f 5543 5753 5542
f 5542 5753 5752
f 5544 5754 5543
f 5543 5754 5753
f 5545 5755 5544
f 5544 5755 5754
f 5546 5756 5545
f 5545 5756 5755
f 5547 5757 5546
f 5546 5757 5756
f 5548 5758 5547
f 5547 5758 5757
f 5549 5759 5548
f 5548 5759 5758
f 5550 5760 5549
f 5549 5760 5759
f 5551 5761 5550
f 5550 5761 5760
f 5552 5762 5551
f 5551 5762 5761
f 5553 5763 5552
f 5552 5763 5762
f 5554 5764 5553
f 5553 5764 5763
f 5555 5765 5554
f 5554 5765 5764
f 5556 5766 5555
f 5555 5766 5765
f 5557 5767 5556
f 5556 5767 5766
f 5558 5768 5557
f 5557 5768 5767
f 5559 5769 5558
f 5558 5769 5768
f 5560 5770 5559
f 5559 5770 5769
f 5561 5771 5560
f 5560 5771 5770
f 5562 5772 5561
f 5561 5772 5771
f 5563 5773 5562
f 5562 5773 5772
f 5564 5774 5563
f 5563 5774 5773
f 5718 5774 5564
f 5452 5718 5564
f 5450 5718 5452
f 5539 5483 5484
f 5539 5484 5540
f 5540 5484 5485
f 5540 5485 5541
f 5541 5485 5486
f 5541 5486 5542
f 5542 5486 5487
f 5542 5487 5543
f 5543 5487 5488
f 5543 5488 5544
f 5544 5488 5489
f 5544 5489 5545
f 5545 5489 5490
f 5545 5490 5546
f 5546 5490 5491
f 5546 5491 5547
f 5547 5491 5492
f 5547 5492 5548
f 5548 5492 5493
f 5548 5493 5549
f 5549 5493 5494
f 5549 5494 5550
f 5550 5494 5495
f 5550 5495 5551
f 5551 5495 5496
f 5551 5496 5552
f 5552 5496 5497
f 5552 5497 5553
f 5553 5497 5498
f 5553 5498 5554
f 5554 5498 5499
f 5554 5499 5555
f 5555 5499 5500
f 5555 5500 5556
f 5556 5500 5501
f 5556 5501 5557
f 5557 5501 5502
f 5557 5502 5558
f 5558 5502 5503
f 5558 5503 5559
f 5559 5503 5504
f 5559 5504 5560
f 5560 5504 5505
f 5560 5505 5561
f 5561 5505 5506
f 5561 5506 5562
f 5562 5506 5507
f 5562 5507 5563
f 5563 5507 5508
f 5563 5508 5564
f 5564 5508 5452
f 5862 5652 5651
f 5862 5651 5861
f 5863 5653 5652
f 5863 5652 5862
f 5864 5654 5653
f 5864 5653 5863
f 5865 5655 5654
f 5865 5654 5864
f 5866 5656 5655
f 5866 5655 5865
f 5867 5657 5656
f 5867 5656 5866
f 5868 5658 5657
f 5868 5657 5867
f 5869 5659 5658
f 5869 5658 5868
f 5870 5660 5659
f 5870 5659 5869
f 5871 5661 5660
f 5871 5660 5870
f 5872 5662 5661
f 5872 5661 5871
f 5873 5663 5662
f 5873 5662 5872
f 5874 5664 5663
f 5874 5663 5873
f 5875 5665 5664
f 5875 5664 5874
f 5876 5666 5665
f 5876 5665 5875
f 5877 5667 5666
f 5877 5666 5876
f 5878 5668 5667
f 5878 5667 5877
f 5879 5669 5668
f 5879 5668 5878
f 5880 5670 5669
f 5880 5669 5879
f 5881 5671 5670
f 5881 5670 5880
f 5882 5672 5671
f 5882 5671 5881
f 5883 5673 5672
f 5883 5672 5882
f 5884 5674 5673
f 5884 5673 5883
f 5885 5675 5674
f 5885 5674 5884
f 5886 5676 5675
f 5886 5675 5885
f 5886 5678 5676
f 5861 5917 5862
f 5862 5917 5918
f 5862 5918 5863
f 5863 5918 5919
f 5863 5919 5864
f 5864 5919 5920
f 5864 5920 5865
f 5865 5920 5921
f 5865 5921 5866
f 5866 5921 5922
f 5866 5922 5867
f 5867 5922 5923
f 5867 5923 5868
f 5868 5923 5924
f 5868 5924 5869
f 5869 5924 5925
f 5869 5925 5870
f 5870 5925 5926
f 5870 5926 5871
f 5871 5926 5927
f 5871 5927 5872
f 5872 5927 5928
f 5872 5928 5873
f 5873 5928 5929
f 5873 5929 5874
f 5874 5929 5930
f 5874 5930 5875
f 5875 5930 5931
f 5875 5931 5876
f 5876 5931 5932
f 5876 5932 5877
f 5877 5932 5933
f 5877 5933 5878
f 5878 5933 5934
f 5878 5934 5879
f 5879 5934 5935
f 5879 5935 5880
f 5880 5935 5936
f 5880 5936 5881
f 5881 5936 5937
f 5881 5937 5882
f 5882 5937 5938
f 5882 5938 5883
f 5883 5938 5939
f 5883 5939 5884
f 5884 5939 5940
f 5884 5940 5885
f 5885 5940 5941
f 5885 5941 5886
f 5886 5941 5942
f 5678 5886 5942
f 5944 5678 5942
f 5680 5678 5944
f 5944 5682 5680
f 5946 5682 5944
f 5946 5684 5682
f 5948 5684 5946
f 5948 5686 5684
f 5950 5686 5948
f 5950 5688 5686
f 5952 5688 5950
f 5952 5690 5688
f 5954 5690 5952
f 5954 5692 5690
f 5956 5692 5954
f 5956 5694 5692
f 5958 5694 5956
f 5958 5696 5694
f 5960 5696 5958
f 5960 5698 5696
f 5962 5698 5960
f 5962 5700 5698
f 5964 5700 5962
f 5964 5702 5700
f 5966 5702 5964
f 5966 5704 5702
f 5968 5704 5966
f 5968 5706 5704
f 5970 5706 5968
f 5970 5708 5706
f 5972 5708 5970
f 5972 5710 5708
f 5974 5710 5972
f 5974 5712 5710
f 5976 5712 5974
f 5976 5714 5712
f 5978 5714 5976
f 5978 5716 5714
f 5980 5716 5978
f 5806 6012 5805
f 5805 6012 6011
f 5807 6013 5806
f 5806 6013 6012
f 5808 6014 5807
f 5807 6014 6013
f 5809 6015 5808
f 5808 6015 6014
f 5810 6016 5809
f 5809 6016 6015
f 5811 6017 5810
f 5810 6017 6016
f 5812 6018 5811
f 5811 6018 6017
f 5813 6019 5812
f 5812 6019 6018
f 5814 6020 5813
f 5813 6020 6019
f 5815 6021 5814
f 5814 6021 6020
f 5816 6022 5815
f 5815 6022 6021
f 5817 6023 5816
f 5816 6023 6022
f 5818 6024 5817
f 5817 6024 6023
f 5819 6025 5818
f 5818 6025 6024
f 5820 6026 5819
f 5819 6026 6025
f 5821 6027 5820
f 5820 6027 6026
f 5822 6028 5821
f 5821 6028 6027
f 5823 6029 5822
f 5822 6029 6028
f 5824 6030 5823
f 5823 6030 6029
f 5825 6031 5824
f 5824 6031 6030
f 5826 6032 5825
f 5825 6032 6031
f 5827 6033 5826
f 5826 6033 6032
f 5828 6034 5827
f 5827 6034 6033
f 5829 6035 5828
f 5828 6035 6034
f 5830 6036 5829
f 5829 6036 6035
f 5980 6036 5830
f 5718 5980 5830
f 5716 5980 5718
f 5805 5749 5750
f 5805 5750 5806
f 5806 5750 5751
f 5806 5751 5807
f 5807 5751 5752
f 5807 5752 5808
f 5808 5752 5753
f 5808 5753 5809
f 5809 5753 5754
f 5809 5754 5810
f 5810 5754 5755
f 5810 5755 5811
f 5811 5755 5756
f 5811 5756 5812
f 5812 5756 5757
f 5812 5757 5813
f 5813 5757 5758
f 5813 5758 5814
f 5814 5758 5759
f 5814 5759 5815
f 5815 5759 5760
f 5815 5760 5816
f 5816 5760 5761
f 5816 5761 5817
f 5817 5761 5762
f 5817 5762 5818
f 5818 5762 5763
f 5818 5763 5819
f 5819 5763 5764
f 5819 5764 5820
f 5820 5764 5765
f 5820 5765 5821
f 5821 5765 5766
f 5821 5766 5822
f 5822 5766 5767
f 5822 5767 5823
f 5823 5767 5768
f 5823 5768 5824
f 5824 5768 5769
f 5824 5769 5825
f 5825 5769 5770
f 5825 5770 5826
f 5826 5770 5771
f 5826 5771 5827
f 5827 5771 5772
f 5827 5772 5828
f 5828 5772 5773
f 5828 5773 5829
f 5829 5773 5774
f 5829 5774 5830
f 5830 5774 5718
f 6124 5918 5917
f 6124 5917 6123
f 6125 5919 5918
f 6125 5918 6124
f 6126 5920 5919
f 6126 5919 6125
f 6127 5921 5920
f 6127 5920 6126
f 6128 5922 5921
f 6128 5921 6127
f 6129 5923 5922
f 6129 5922 6128
f 6130 5924 5923
f 6130 5923 6129
f 6131 5925 5924
f 6131 5924 6130
f 6132 5926 5925
f 6132 5925 6131
f 6133 5927 5926
f 6133 5926 6132
f 6134 5928 5927
f 6134 5927 6133
f 6135 5929 5928
f 6135 5928 6134
f 6136 5930 5929
f 6136 5929 6135
f 6137 5931 5930
f 6137 5930 6136
f 6138 5932 5931
f 6138 5931 6137
f 6139 5933 5932
f 6139 5932 6138
f 6140 5934 5933
f 6140 5933 6139
f 6141 5935 5934
f 6141 5934 6140
f 6142 5936 5935
f 6142 5935 6141
f 6143 5937 5936
f 6143 5936 6142
f 6144 5938 5937
f 6144 5937 6143
f 6145 5939 5938
f 6145 5938 6144
f 6146 5940 5939
f 6146 5939 6145
f 6147 5941 5940
f 6147 5940 6146
f 6148 5942 5941
f 6148 5941 6147
f 6148 5944 5942
f 6123 6179 6124
f 6124 6179 6180
f 6124 6180 6125
f 6125 6180 6181
f 6125 6181 6126
f 6126 6181 6182
f 6126 6182 6127
f 6127 6182 6183
f 6127 6183 6128
f 6128 6183 6184
f 6128 6184 6129
f 6129 6184 6185
f 6129 6185 6130
f 6130 6185 6186
f 6130 6186 6131
f 6131 6186 6187
f 6131 6187 6132
f 6132 6187 6188
f 6132 6188 6133
f 6133 6188 6189
f 6133 6189 6134
f 6134 6189 6190
f 6134 6190 6135
f 6135 6190 6191
f 6135 6191 6136
f 6136 6191 6192
f 6136 6192 6137
f 6137 6192 6193
f 6137 6193 6138
f 6138 6193 6194
f 6138 6194 6139
f 6139 6194 6195
f 6139 6195 6140
f 6140 6195 6196
f 6140 6196 6141
f 6141 6196 6197
f 6141 6197 6142
f 6142 6197 6198
f 6142 6198 6143
f 6143 6198 6199
f 6143 6199 6144
f 6144 6199 6200
f 6144 6200 6145
f 6145 6200 6201
f 6145 6201 6146
f 6146 6201 6202
f 6146 6202 6147
f 6147 6202 6203
f 6147 6203 6148
f 6148 6203 6204
f 5944 6148 6204
f 6206 5944 6204
f 5946 5944 6206
f 6206 5948 5946
f 6208 5948 6206
f 6208 5950 5948
f 6210 5950 6208
f 6210 5952 5950
f 6212 5952 6210
f 6212 5954 5952
f 6214 5954 6212
f 6214 5956 5954
f 6216 5956 6214
f 6216 5958 5956
f 6218 5958 6216
f 6218 5960 5958
f 6220 5960 6218
f 6220 5962 5960
f 6222 5962 6220
f 6222 5964 5962
f 6224 5964 6222
f 6224 5966 5964
f 6226 5966 6224
f 6226 5968 5966
f 6228 5968 6226
f 6228 5970 5968
f 6230 5970 6228
f 6230 5972 5970
f 6232 5972 6230
f 6232 5974 5972
f 6234 5974 6232
f 6234 5976 5974
f 6236 5976 6234
f 6236 5978 5976
f 6238 5978 6236
f 6068 6270 6067
f 6067 6270 6269
f 6069 6271 6068
f 6068 6271 6270
f 6070 6272 6069
f 6069 6272 6271
f 6071 6273 6070
f 6070 6273 6272
f 6072 6274 6071
f 6071 6274 6273
f 6073 6275 6072
f 6072 6275 6274
f 6074 6276 6073
f 6073 6276 6275
f 6075 6277 6074
f 6074 6277 6276
f 6076 6278 6075
f 6075 6278 6277
f 6077 6279 6076
f 6076 6279 6278
f 6078 6280 6077
f 6077 6280 6279
f 6079 6281 6078
f 6078 6281 6280
f 6080 6282 6079
f 6079 6282 6281
f 6081 6283 6080
f 6080 6283 6282
f 6082 6284 6081
f 6081 6284 6283
f 6083 6285 6082
f 6082 6285 6284
f 6084 6286 6083
f 6083 6286 6285
f 6085 6287 6084
f 6084 6287 6286
f 6086 6288 6085
f 6085 6288 6287
f 6087 6289 6086
f 6086 6289 6288
f 6088 6290 6087
f 6087 6290 6289
f 6089 6291 6088
f 6088 6291 6290
f 6090 6292 6089
f 6089 6292 6291
f 6091 6293 6090
f 6090 6293 6292
f 6092 6294 6091
f 6091 6294 6293
f 6238 6294 6092
f 5980 6238 6092
f 5978 6238 5980
f 6067 6011 6012
f 6067 6012 6068
f 6068 6012 6013
f 6068 6013 6069
f 6069 6013 6014
f 6069 6014 6070
f 6070 6014 6015
f 6070 6015 6071
f 6071 6015 6016
f 6071 6016 6072
f 6072 6016 6017
f 6072 6017 6073
f 6073 6017 6018
f 6073 6018 6074
f 6074 6018 6019
f 6074 6019 6075
f 6075 6019 6020
f 6075 6020 6076
f 6076 6020 6021
f 6076 6021 6077
f 6077 6021 6022
f 6077 6022 6078
f 6078 6022 6023
f 6078 6023 6079
f 6079 6023 6024
f 6079 6024 6080
f 6080 6024 6025
f 6080 6025 6081
f 6081 6025 6026
f 6081 6026 6082
f 6082 6026 6027
f 6082 6027 6083
f 6083 6027 6028
f 6083 6028 6084
f 6084 6028 6029
f 6084 6029 6085
f 6085 6029 6030
f 6085 6030 6086
f 6086 6030 6031
f 6086 6031 6087
f 6087 6031 6032
f 6087 6032 6088
f 6088 6032 6033
f 6088 6033 6089
f 6089 6033 6034
f 6089 6034 6090
f 6090 6034 6035
f 6090 6035 6091
f 6091 6035 6036
f 6091 6036 6092
f 6092 6036 5980
f 6382 6180 6179
f 6382 6179 6381
f 6383 6181 6180
f 6383 6180 6382
f 6384 6182 6181
f 6384 6181 6383
f 6385 6183 6182
f 6385 6182 6384
f 6386 6184 6183
f 6386 6183 6385
f 6387 6185 6184
f 6387 6184 6386
f 6388 6186 6185
f 6388 6185 6387
f 6389 6187 6186
f 6389 6186 6388
f 6390 6188 6187
f 6390 6187 6389
f 6391 6189 6188
f 6391 6188 6390
f 6392 6190 6189
f 6392 6189 6391
f 6393 6191 6190
f 6393 6190 6392
f 6394 6192 6191
f 6394 6191 6393
f 6395 6193 6192
f 6395 6192 6394
f 6396 6194 6193
f 6396 6193 6395
f 6397 6195 6194
f 6397 6194 6396
f 6398 6196 6195
f 6398 6195 6397
f 6399 6197 6196
f 6399 6196 6398
f 6400 6198 6197
f 6400 6197 6399
f 6401 6199 6198
f 6401 6198 6400
f 6402 6200 6199
f 6402 6199 6401
f 6403 6201 6200
f 6403 6200 6402
f 6404 6202 6201
f 6404 6201 6403
f 6405 6203 6202
f 6405 6202 6404
f 6406 6204 6203
f 6406 6203 6405
f 6406 6206 6204
f 6381 6494 6382
f 6381 6493 6494
f 6382 6495 6383
f 6382 6494 6495
f 6383 6496 6384
f 6383 6495 6496
f 6384 6497 6385
f 6384 6496 6497
f 6385 6498 6386
f 6385 6497 6498
f 6386 6499 6387
f 6386 6498 6499
f 6387 6500 6388
f 6387 6499 6500
f 6388 6501 6389
f 6388 6500 6501
f 6389 6502 6390
f 6389 6501 6502
f 6390 6503 6391
f 6390 6502 6503
f 6391 6504 6392
f 6391 6503 6504
f 6392 6505 6393
f 6392 6504 6505
f 6393 6506 6394
f 6393 6505 6506
f 6394 6507 6395
f 6394 6506 6507
f 6395 6508 6396
f 6395 6507 6508
f 6396 6509 6397
f 6396 6508 6509
f 6397 6510 6398
f 6397 6509 6510
f 6398 6511 6399
f 6398 6510 6511
f 6399 6512 6400
f 6399 6511 6512
f 6400 6513 6401
f 6400 6512 6513
f 6401 6514 6402
f 6401 6513 6514
f 6402 6515 6403
f 6402 6514 6515
f 6403 6516 6404
f 6403 6515 6516
f 6404 6517 6405
f 6404 6516 6517
f 6405 6518 6406
f 6405 6517 6518
f 6518 6208 6206
f 6518 6206 6406
f 6493 6549 6494
f 6494 6549 6550
f 6494 6550 6495
f 6495 6550 6551
f 6495 6551 6496
f 6496 6551 6552
f 6496 6552 6497
f 6497 6552 6553
f 6497 6553 6498
f 6498 6553 6554
f 6498 6554 6499
f 6499 6554 6555
f 6499 6555 6500
f 6500 6555 6556
f 6500 6556 6501
f 6501 6556 6557
f 6501 6557 6502
f 6502 6557 6558
f 6502 6558 6503
f 6503 6558 6559
f 6503 6559 6504
f 6504 6559 6560
f 6504 6560 6505
f 6505 6560 6561
f 6505 6561 6506
f 6506 6561 6562
f 6506 6562 6507
f 6507 6562 6563
f 6507 6563 6508
f 6508 6563 6564
f 6508 6564 6509
f 6509 6564 6565
f 6509 6565 6510
f 6510 6565 6566
f 6510 6566 6511
f 6511 6566 6567
f 6511 6567 6512
f 6512 6567 6568
f 6512 6568 6513
f 6513 6568 6569
f 6513 6569 6514
f 6514 6569 6570
f 6514 6570 6515
f 6515 6570 6571
f 6515 6571 6516
f 6516 6571 6572
f 6516 6572 6517
f 6517 6572 6573
f 6517 6573 6518
f 6518 6573 6574
f 6208 6518 6574
f 6576 6208 6574
f 6210 6208 6576
f 6576 6212 6210
f 6578 6212 6576
f 6578 6214 6212
f 6580 6214 6578
f 6580 6216 6214
f 6582 6216 6580
f 6582 6218 6216
f 6584 6218 6582
f 6584 6220 6218
f 6586 6220 6584
f 6586 6222 6220
f 6588 6222 6586
f 6588 6224 6222
f 6590 6224 6588
f 6590 6226 6224
f 6592 6226 6590
f 6592 6228 6226
f 6594 6228 6592
f 6594 6230 6228
f 6596 6230 6594
f 6596 6232 6230
f 6598 6232 6596
f 6598 6234 6232
f 6600 6234 6598
f 6439 6632 6438
f 6438 6632 6631
f 6440 6633 6439
f 6439 6633 6632
f 6441 6634 6440
f 6440 6634 6633
f 6442 6635 6441
f 6441 6635 6634
f 6443 6636 6442
f 6442 6636 6635
f 6444 6637 6443
f 6443 6637 6636
f 6445 6638 6444
f 6444 6638 6637
f 6446 6639 6445
f 6445 6639 6638
f 6447 6640 6446
f 6446 6640 6639
f 6448 6641 6447
f 6447 6641 6640
f 6449 6642 6448
f 6448 6642 6641
f 6450 6643 6449
f 6449 6643 6642
f 6451 6644 6450
f 6450 6644 6643
f 6452 6645 6451
f 6451 6645 6644
f 6453 6646 6452
f 6452 6646 6645
f 6454 6647 6453
f 6453 6647 6646
f 6455 6648 6454
f 6454 6648 6647
f 6456 6649 6455
f 6455 6649 6648
f 6457 6650 6456
f 6456 6650 6649
f 6458 6651 6457
f 6457 6651 6650
f 6459 6652 6458
f 6458 6652 6651
f 6460 6653 6459
f 6459 6653 6652
f 6461 6654 6460
f 6460 6654 6653
f 6462 6655 6461
f 6461 6655 6654
f 6463 6656 6462
f 6462 6656 6655
f 6600 6656 6463
f 6236 6600 6463
f 6234 6600 6236
f 6438 6326 6439
f 6438 6325 6326
f 6439 6327 6440
f 6439 6326 6327
f 6440 6328 6441
f 6440 6327 6328
f 6441 6329 6442
f 6441 6328 6329
f 6442 6330 6443
f 6442 6329 6330
f 6443 6331 6444
f 6443 6330 6331
f 6444 6332 6445
f 6444 6331 6332
f 6445 6333 6446
f 6445 6332 6333
f 6446 6334 6447
f 6446 6333 6334
f 6447 6335 6448
f 6447 6334 6335
f 6448 6336 6449
f 6448 6335 6336
f 6449 6337 6450
f 6449 6336 6337
f 6450 6338 6451
f 6450 6337 6338
f 6451 6339 6452
f 6451 6338 6339
f 6452 6340 6453
f 6452 6339 6340
f 6453 6341 6454
f 6453 6340 6341
f 6454 6342 6455
f 6454 6341 6342
f 6455 6343 6456
f 6455 6342 6343
f 6456 6344 6457
f 6456 6343 6344
f 6457 6345 6458
f 6457 6344 6345
f 6458 6346 6459
f 6458 6345 6346
f 6459 6347 6460
f 6459 6346 6347
f 6460 6348 6461
f 6460 6347 6348
f 6461 6349 6462
f 6461 6348 6349
f 6462 6350 6463
f 6462 6349 6350
f 6350 6238 6236
f 6350 6236 6463
f 6325 6269 6270
f 6325 6270 6326
f 6326 6270 6271
f 6326 6271 6327
f 6327 6271 6272
f 6327 6272 6328
f 6328 6272 6273
f 6328 6273 6329
f 6329 6273 6274
f 6329 6274 6330
f 6330 6274 6275
f 6330 6275 6331
f 6331 6275 6276
f 6331 6276 6332
f 6332 6276 6277
f 6332 6277 6333
f 6333 6277 6278
f 6333 6278 6334
f 6334 6278 6279
f 6334 6279 6335
f 6335 6279 6280
f 6335 6280 6336
f 6336 6280 6281
f 6336 6281 6337
f 6337 6281 6282
f 6337 6282 6338
f 6338 6282 6283
f 6338 6283 6339
f 6339 6283 6284
f 6339 6284 6340
f 6340 6284 6285
f 6340 6285 6341
f 6341 6285 6286
f 6341 6286 6342
f 6342 6286 6287
f 6342 6287 6343
f 6343 6287 6288
f 6343 6288 6344
f 6344 6288 6289
f 6344 6289 6345
f 6345 6289 6290
f 6345 6290 6346
f 6346 6290 6291
f 6346 6291 6347
f 6347 6291 6292
f 6347 6292 6348
f 6348 6292 6293
f 6348 6293 6349
f 6349 6293 6294
f 6349 6294 6350
f 6350 6294 6238
f 6744 6550 6549
f 6744 6549 6743
f 6745 6551 6550
f 6745 6550 6744
f 6746 6552 6551
f 6746 6551 6745
f 6747 6553 6552
f 6747 6552 6746
f 6748 6554 6553
f 6748 6553 6747
f 6749 6555 6554
f 6749 6554 6748
f 6750 6556 6555
f 6750 6555 6749
f 6751 6557 6556
f 6751 6556 6750
f 6752 6558 6557
f 6752 6557 6751
f 6753 6559 6558
f 6753 6558 6752
f 6754 6560 6559
f 6754 6559 6753
f 6755 6561 6560
f 6755 6560 6754
f 6756 6562 6561
f 6756 6561 6755
f 6757 6563 6562
f 6757 6562 6756
f 6758 6564 6563
f 6758 6563 6757
f 6759 6565 6564
f 6759 6564 6758
f 6760 6566 6565
f 6760 6565 6759
f 6761 6567 6566
f 6761 6566 6760
f 6762 6568 6567
f 6762 6567 6761
f 6763 6569 6568
f 6763 6568 6762
f 6764 6570 6569
f 6764 6569 6763
f 6765 6571 6570
f 6765 6570 6764
f 6766 6572 6571
f 6766 6571 6765
f 6767 6573 6572
f 6767 6572 6766
f 6768 6574 6573
f 6768 6573 6767
f 6768 6576 6574
f 6743 6856 6744
f 6743 6855 6856
f 6744 6857 6745
f 6744 6856 6857
f 6745 6858 6746
f 6745 6857 6858
f 6746 6859 6747
f 6746 6858 6859
f 6747 6860 6748
f 6747 6859 6860
f 6748 6861 6749
f 6748 6860 6861
f 6749 6862 6750
f 6749 6861 6862
f 6750 6863 6751
f 6750 6862 6863
f 6751 6864 6752
f 6751 6863 6864
f 6752 6865 6753
f 6752 6864 6865
f 6753 6866 6754
f 6753 6865 6866
f 6754 6867 6755
f 6754 6866 6867
f 6755 6868 6756
f 6755 6867 6868
f 6756 6869 6757
f 6756 6868 6869
f 6757 6870 6758
f 6757 6869 6870
f 6758 6871 6759
f 6758 6870 6871
f 6759 6872 6760
f 6759 6871 6872
f 6760 6873 6761
f 6760 6872 6873
f 6761 6874 6762
f 6761 6873 6874
f 6762 6875 6763
f 6762 6874 6875
f 6763 6876 6764
f 6763 6875 6876
f 6764 6877 6765
f 6764 6876 6877
f 6765 6878 6766
f 6765 6877 6878
f 6766 6879 6767
f 6766 6878 6879
f 6767 6880 6768
f 6767 6879 6880
f 6880 6578 6576
f 6880 6576 6768
f 6855 6911 6856
f 6856 6911 6912
f 6856 6912 6857
f 6857 6912 6913
f 6857 6913 6858
f 6858 6913 6914
f 6858 6914 6859
f 6859 6914 6915
f 6859 6915 6860
f 6860 6915 6916
f 6860 6916 6861
f 6861 6916 6917
f 6861 6917 6862
f 6862 6917 6918
f 6862 6918 6863
f 6863 6918 6919
f 6863 6919 6864
f 6864 6919 6920
f 6864 6920 6865
f 6865 6920 6921
f 6865 6921 6866
f 6866 6921 6922
f 6866 6922 6867
f 6867 6922 6923
f 6867 6923 6868
f 6868 6923 6924
f 6868 6924 6869
f 6869 6924 6925
f 6869 6925 6870
f 6870 6925 6926
f 6870 6926 6871
f 6871 6926 6927
f 6871 6927 6872
f 6872 6927 6928
f 6872 6928 6873
f 6873 6928 6929
f 6873 6929 6874
f 6874 6929 6930
f 6874 6930 6875
f 6875 6930 6931
f 6875 6931 6876
f 6876 6931 6932
f 6876 6932 6877
f 6877 6932 6933
f 6877 6933 6878
f 6878 6933 6934
f 6878 6934 6879
f 6879 6934 6935
f 6879 6935 6880
f 6880 6935 6936
f 6578 6880 6936
f 6938 6578 6936
f 6580 6578 6938
f 6938 6582 6580
f 6940 6582 6938
f 6940 6584 6582
f 6942 6584 6940
f 6942 6586 6584
f 6944 6586 6942
f 6944 6588 6586
f 6946 6588 6944
f 6946 6590 6588
f 6948 6590 6946
f 6948 6592 6590
f 6950 6592 6948
f 6950 6594 6592
f 6952 6594 6950
f 6952 6596 6594
f 6954 6596 6952
f 6801 6986 6800
f 6800 6986 6985
f 6802 6987 6801
f 6801 6987 6986
f 6803 6988 6802
f 6802 6988 6987
f 6804 6989 6803
f 6803 6989 6988
f 6805 6990 6804
f 6804 6990 6989
f 6806 6991 6805
f 6805 6991 6990
f 6807 6992 6806
f 6806 6992 6991
f 6808 6993 6807
f 6807 6993 6992
f 6809 6994 6808
f 6808 6994 6993
f 6810 6995 6809
f 6809 6995 6994
f 6811 6996 6810
f 6810 6996 6995
f 6812 6997 6811
f 6811 6997 6996
f 6813 6998 6812
f 6812 6998 6997
f 6814 6999 6813
f 6813 6999 6998
f 6815 7000 6814
f 6814 7000 6999
f 6816 7001 6815
f 6815 7001 7000
f 6817 7002 6816
f 6816 7002 7001
f 6818 7003 6817
f 6817 7003 7002
f 6819 7004 6818
f 6818 7004 7003
f 6820 7005 6819
f 6819 7005 7004
f 6821 7006 6820
f 6820 7006 7005
f 6822 7007 6821
f 6821 7007 7006
f 6823 7008 6822
f 6822 7008 7007
f 6824 7009 6823
f 6823 7009 7008
f 6825 7010 6824
f 6824 7010 7009
f 6954 7010 6825
f 6598 6954 6825
f 6596 6954 6598
f 6800 6688 6801
f 6800 6687 6688
f 6801 6689 6802
f 6801 6688 6689
f 6802 6690 6803
f 6802 6689 6690
f 6803 6691 6804
f 6803 6690 6691
f 6804 6692 6805
f 6804 6691 6692
f 6805 6693 6806
f 6805 6692 6693
f 6806 6694 6807
f 6806 6693 6694
f 6807 6695 6808
f 6807 6694 6695
f 6808 6696 6809
f 6808 6695 6696
f 6809 6697 6810
f 6809 6696 6697
f 6810 6698 6811
f 6810 6697 6698
f 6811 6699 6812
f 6811 6698 6699
f 6812 6700 6813
f 6812 6699 6700
f 6813 6701 6814
f 6813 6700 6701
f 6814 6702 6815
f 6814 6701 6702
f 6815 6703 6816
f 6815 6702 6703
f 6816 6704 6817
f 6816 6703 6704
f 6817 6705 6818
f 6817 6704 6705
f 6818 6706 6819
f 6818 6705 6706
f 6819 6707 6820
f 6819 6706 6707
f 6820 6708 6821
f 6820 6707 6708
f 6821 6709 6822
f 6821 6708 6709
f 6822 6710 6823
f 6822 6709 6710
f 6823 6711 6824
f 6823 6710 6711
f 6824 6712 6825
f 6824 6711 6712
f 6712 6600 6598
f 6712 6598 6825
f 6687 6631 6632
f 6687 6632 6688
f 6688 6632 6633
f 6688 6633 6689
f 6689 6633 6634
f 6689 6634 6690
f 6690 6634 6635
f 6690 6635 6691
f 6691 6635 6636
f 6691 6636 6692
f 6692 6636 6637
f 6692 6637 6693
f 6693 6637 6638
f 6693 6638 6694
f 6694 6638 6639
f 6694 6639 6695
f 6695 6639 6640
f 6695 6640 6696
f 6696 6640 6641
f 6696 6641 6697
f 6697 6641 6642
f 6697 6642 6698
f 6698 6642 6643
f 6698 6643 6699
f 6699 6643 6644
f 6699 6644 6700
f 6700 6644 6645
f 6700 6645 6701
f 6701 6645 6646
f 6701 6646 6702
f 6702 6646 6647
f 6702 6647 6703
f 6703 6647 6648
f 6703 6648 6704
f 6704 6648 6649
f 6704 6649 6705
f 6705 6649 6650
f 6705 6650 6706
f 6706 6650 6651
f 6706 6651 6707
f 6707 6651 6652
f 6707 6652 6708
f 6708 6652 6653
f 6708 6653 6709
f 6709 6653 6654
f 6709 6654 6710
f 6710 6654 6655
f 6710 6655 6711
f 6711 6655 6656
f 6711 6656 6712
f 6712 6656 6600
f 7098 6912 6911
f 7098 6911 7097
f 7099 6913 6912
f 7099 6912 7098
f 7100 6914 6913
f 7100 6913 7099
f 7101 6915 6914
f 7101 6914 7100
f 7102 6916 6915
f 7102 6915 7101
f 7103 6917 6916
f 7103 6916 7102
f 7104 6918 6917
f 7104 6917 7103
f 7105 6919 6918
f 7105 6918 7104
f 7106 6920 6919
f 7106 6919 7105
f 7107 6921 6920
f 7107 6920 7106
f 7108 6922 6921
f 7108 6921 7107
f 7109 6923 6922
f 7109 6922 7108
f 7110 6924 6923
f 7110 6923 7109
f 7111 6925 6924
f 7111 6924 7110
f 7112 6926 6925
f 7112 6925 7111
f 7113 6927 6926
f 7113 6926 7112
f 7114 6928 6927
f 7114 6927 7113
f 7115 6929 6928
f 7115 6928 7114
f 7116 6930 6929
f 7116 6929 7115
f 7117 6931 6930
f 7117 6930 7116
f 7118 6932 6931
f 7118 6931 7117
f 7119 6933 6932
f 7119 6932 7118
f 7120 6934 6933
f 7120 6933 7119
f 7121 6935 6934
f 7121 6934 7120
f 7122 6936 6935
f 7122 6935 7121
f 7122 6938 6936
f 7097 7210 7098
f 7097 7209 7210
f 7098 7211 7099
f 7098 7210 7211
f 7099 7212 7100
f 7099 7211 7212
f 7100 7213 7101
f 7100 7212 7213
f 7101 7214 7102
f 7101 7213 7214
f 7102 7215 7103
f 7102 7214 7215
f 7103 7216 7104
f 7103 7215 7216
f 7104 7217 7105
f 7104 7216 7217
f 7105 7218 7106
f 7105 7217 7218
f 7106 7219 7107
f 7106 7218 7219
f 7107 7220 7108
f 7107 7219 7220
f 7108 7221 7109
f 7108 7220 7221
f 7109 7222 7110
f 7109 7221 7222
f 7110 7223 7111
f 7110 7222 7223
f 7111 7224 7112
f 7111 7223 7224
f 7112 7225 7113
f 7112 7224 7225
f 7113 7226 7114
f 7113 7225 7226
f 7114 7227 7115
f 7114 7226 7227
f 7115 7228 7116
f 7115 7227 7228
f 7116 7229 7117
f 7116 7228 7229
f 7117 7230 7118
f 7117 7229 7230
f 7118 7231 7119
f 7118 7230 7231
f 7119 7232 7120
f 7119 7231 7232
f 7120 7233 7121
f 7120 7232 7233
f 7121 7234 7122
f 7121 7233 7234
f 7234 6940 6938
f 7234 6938 7122
f 7209 7324 7210
f 7209 7323 7324
f 7210 7325 7211
f 7210 7324 7325
f 7211 7326 7212
f 7211 7325 7326
f 7212 7327 7213
f 7212 7326 7327
f 7213 7328 7214
f 7213 7327 7328
f 7214 7329 7215
f 7214 7328 7329
f 7215 7330 7216
f 7215 7329 7330
f 7216 7331 7217
f 7216 7330 7331
f 7217 7332 7218
f 7217 7331 7332
f 7218 7333 7219
f 7218 7332 7333
f 7219 7334 7220
f 7219 7333 7334
f 7220 7335 7221
f 7220 7334 7335
f 7221 7336 7222
f 7221 7335 7336
f 7222 7337 7223
f 7222 7336 7337
f 7223 7338 7224
f 7223 7337 7338
f 7224 7339 7225
f 7224 7338 7339
f 7225 7340 7226
f 7225 7339 7340
f 7226 7341 7227
f 7226 7340 7341
f 7227 7342 7228
f 7227 7341 7342
f 7228 7343 7229
f 7228 7342 7343
f 7229 7344 7230
f 7229 7343 7344
f 7230 7345 7231
f 7230 7344 7345
f 7231 7346 7232
f 7231 7345 7346
f 7232 7347 7233
f 7232 7346 7347
f 7233 7348 7234
f 7233 7347 7348
f 7348 6942 6940
f 7348 6940 7234
f 7323 7435 7324
f 7323 7434 7435
f 7324 7436 7325
f 7324 7435 7436
f 7325 7437 7326
f 7325 7436 7437
f 7326 7438 7327
f 7326 7437 7438
f 7327 7439 7328
f 7327 7438 7439
f 7328 7440 7329
f 7328 7439 7440
f 7329 7441 7330
f 7329 7440 7441
f 7330 7442 7331
f 7330 7441 7442
f 7331 7443 7332
f 7331 7442 7443
f 7332 7444 7333
f 7332 7443 7444
f 7333 7445 7334
f 7333 7444 7445
f 7334 7446 7335
f 7334 7445 7446
f 7335 7447 7336
f 7335 7446 7447
f 7336 7448 7337
f 7336 7447 7448
f 7337 7449 7338
f 7337 7448 7449
f 7338 7450 7339
f 7338 7449 7450
f 7339 7451 7340
f 7339 7450 7451
f 7340 7452 7341
f 7340 7451 7452
f 7341 7453 7342
f 7341 7452 7453
f 7342 7454 7343
f 7342 7453 7454
f 7343 7455 7344
f 7343 7454 7455
f 7344 7456 7345
f 7344 7455 7456
f 7345 7457 7346
f 7345 7456 7457
f 7346 7458 7347
f 7346 7457 7458
f 7347 7459 7348
f 7347 7458 7459
f 7459 6944 6942
f 7459 6942 7348
f 7434 7490 7435
f 7434 7489 7490
f 7435 7491 7436
f 7435 7490 7491
f 7436 7492 7437
f 7436 7491 7492
f 7437 7493 7438
f 7437 7492 7493
f 7438 7494 7439
f 7438 7493 7494
f 7439 7495 7440
f 7439 7494 7495
f 7440 7496 7441
f 7440 7495 7496
f 7441 7497 7442
f 7441 7496 7497
f 7442 7498 7443
f 7442 7497 7498
f 7443 7499 7444
f 7443 7498 7499
f 7444 7500 7445
f 7444 7499 7500
f 7445 7501 7446
f 7445 7500 7501
f 7446 7502 7447
f 7446 7501 7502
f 7447 7503 7448
f 7447 7502 7503
f 7448 7504 7449
f 7448 7503 7504
f 7449 7505 7450
f 7449 7504 7505
f 7450 7506 7451
f 7450 7505 7506
f 7451 7507 7452
f 7451 7506 7507
f 7452 7508 7453
f 7452 7507 7508
f 7453 7509 7454
f 7453 7508 7509
f 7454 7510 7455
f 7454 7509 7510
f 7455 7511 7456
f 7455 7510 7511
f 7456 7512 7457
f 7456 7511 7512
f 7457 7513 7458
f 7457 7512 7513
f 7458 7514 7459
f 7458 7513 7514
f 7514 6946 6944
f 7514 6944 7459
f 7489 7380 7490
f 7489 7379 7380
f 7490 7381 7491
f 7490 7380 7381
f 7491 7382 7492
f 7491 7381 7382
f 7492 7383 7493
f 7492 7382 7383
f 7493 7384 7494
f 7493 7383 7384
f 7494 7385 7495
f 7494 7384 7385
f 7495 7386 7496
f 7495 7385 7386
f 7496 7387 7497
f 7496 7386 7387
f 7497 7388 7498
f 7497 7387 7388
f 7498 7389 7499
f 7498 7388 7389
f 7499 7390 7500
f 7499 7389 7390
f 7500 7391 7501
f 7500 7390 7391
f 7501 7392 7502
f 7501 7391 7392
f 7502 7393 7503
f 7502 7392 7393
f 7503 7394 7504
f 7503 7393 7394
f 7504 7395 7505
f 7504 7394 7395
f 7505 7396 7506
f 7505 7395 7396
f 7506 7397 7507
f 7506 7396 7397
f 7507 7398 7508
f 7507 7397 7398
f 7508 7399 7509
f 7508 7398 7399
f 7509 7400 7510
f 7509 7399 7400
f 7510 7401 7511
f 7510 7400 7401
f 7511 7402 7512
f 7511 7401 7402
f 7512 7403 7513
f 7512 7402 7403
f 7513 7404 7514
f 7513 7403 7404
f 7404 6948 6946
f 7404 6946 7514
f 7379 7268 7380
f 7379 7267 7268
f 7380 7269 7381
f 7380 7268 7269
f 7381 7270 7382
f 7381 7269 7270
f 7382 7271 7383
f 7382 7270 7271
f 7383 7272 7384
f 7383 7271 7272
f 7384 7273 7385
f 7384 7272 7273
f 7385 7274 7386
f 7385 7273 7274
f 7386 7275 7387
f 7386 7274 7275
f 7387 7276 7388
f 7387 7275 7276
f 7388 7277 7389
f 7388 7276 7277
f 7389 7278 7390
f 7389 7277 7278
f 7390 7279 7391
f 7390 7278 7279
f 7391 7280 7392
f 7391 7279 7280
f 7392 7281 7393
f 7392 7280 7281
f 7393 7282 7394
f 7393 7281 7282
f 7394 7283 7395
f 7394 7282 7283
f 7395 7284 7396
f 7395 7283 7284
f 7396 7285 7397
f 7396 7284 7285
f 7397 7286 7398
f 7397 7285 7286
f 7398 7287 7399
f 7398 7286 7287
f 7399 7288 7400
f 7399 7287 7288
f 7400 7289 7401
f 7400 7288 7289
f 7401 7290 7402
f 7401 7289 7290
f 7402 7291 7403
f 7402 7290 7291
f 7403 7292 7404
f 7403 7291 7292
f 7292 6950 6948
f 7292 6948 7404
f 7267 7154 7268
f 7267 7153 7154
f 7268 7155 7269
f 7268 7154 7155
f 7269 7156 7270
f 7269 7155 7156
f 7270 7157 7271
f 7270 7156 7157
f 7271 7158 7272
f 7271 7157 7158
f 7272 7159 7273
f 7272 7158 7159
f 7273 7160 7274
f 7273 7159 7160
f 7274 7161 7275
f 7274 7160 7161
f 7275 7162 7276
f 7275 7161 7162
f 7276 7163 7277
f 7276 7162 7163
f 7277 7164 7278
f 7277 7163 7164
f 7278 7165 7279
f 7278 7164 7165
f 7279 7166 7280
f 7279 7165 7166
f 7280 7167 7281
f 7280 7166 7167
f 7281 7168 7282
f 7281 7167 7168
f 7282 7169 7283
f 7282 7168 7169
f 7283 7170 7284
f 7283 7169 7170
f 7284 7171 7285
f 7284 7170 7171
f 7285 7172 7286
f 7285 7171 7172
f 7286 7173 7287
f 7286 7172 7173
f 7287 7174 7288
f 7287 7173 7174
f 7288 7175 7289
f 7288 7174 7175
f 7289 7176 7290
f 7289 7175 7176
f 7290 7177 7291
f 7290 7176 7177
f 7291 7178 7292
f 7291 7177 7178
f 7178 6952 6950
f 7178 6950 7292
f 7153 7042 7154
f 7153 7041 7042
f 7154 7043 7155
f 7154 7042 7043
f 7155 7044 7156
f 7155 7043 7044
f 7156 7045 7157
f 7156 7044 7045
f 7157 7046 7158
f 7157 7045 7046
f 7158 7047 7159
f 7158 7046 7047
f 7159 7048 7160
f 7159 7047 7048
f 7160 7049 7161
f 7160 7048 7049
f 7161 7050 7162
f 7161 7049 7050
f 7162 7051 7163
f 7162 7050 7051
f 7163 7052 7164
f 7163 7051 7052
f 7164 7053 7165
f 7164 7052 7053
f 7165 7054 7166
f 7165 7053 7054
f 7166 7055 7167
f 7166 7054 7055
f 7167 7056 7168
f 7167 7055 7056
f 7168 7057 7169
f 7168 7056 7057
f 7169 7058 7170
f 7169 7057 7058
f 7170 7059 7171
f 7170 7058 7059
f 7171 7060 7172
f 7171 7059 7060
f 7172 7061 7173
f 7172 7060 7061
f 7173 7062 7174
f 7173 7061 7062
f 7174 7063 7175
f 7174 7062 7063
f 7175 7064 7176
f 7175 7063 7064
f 7176 7065 7177
f 7176 7064 7065
f 7177 7066 7178
f 7177 7065 7066
f 7066 6954 6952
f 7066 6952 7178
f 7041 6985 6986
f 7041 6986 7042
f 7042 6986 6987
f 7042 6987 7043
f 7043 6987 6988
f 7043 6988 7044
f 7044 6988 6989
f 7044 6989 7045
f 7045 6989 6990
f 7045 6990 7046
f 7046 6990 6991
f 7046 6991 7047
f 7047 6991 6992
f 7047 6992 7048
f 7048 6992 6993
f 7048 6993 7049
f 7049 6993 6994
f 7049 6994 7050
f 7050 6994 6995
f 7050 6995 7051
f 7051 6995 6996
f 7051 6996 7052
f 7052 6996 6997
f 7052 6997 7053
f 7053 6997 6998
f 7053 6998 7054
f 7054 6998 6999
f 7054 6999 7055
f 7055 6999 7000
f 7055 7000 7056
f 7056 7000 7001
f 7056 7001 7057
f 7057 7001 7002
f 7057 7002 7058
f 7058 7002 7003
f 7058 7003 7059
f 7059 7003 7004
f 7059 7004 7060
f 7060 7004 7005
f 7060 7005 7061
f 7061 7005 7006
f 7061 7006 7062
f 7062 7006 7007
f 7062 7007 7063
f 7063 7007 7008
f 7063 7008 7064
f 7064 7008 7009
f 7064 7009 7065
f 7065 7009 7010
f 7065 7010 7066
f 7066 7010 6954
