iter,time,x,y,z,roll,pitch,yaw,fx,fz
0.000000000000000000e+00,0.000000000000000000e+00,4.750000000000000000e+00,1.000000000000000056e-01,-2.500000000000000139e-02,0.000000000000000000e+00,0.000000000000000000e+00,5.000000000000000278e-02,-3.314386529382318258e-02,5.486786201596260071e+00
1.000000000000000000e+00,1.000000000000000021e-03,4.750000000000000000e+00,1.000000000000000056e-01,-2.500000000000000139e-02,0.000000000000000000e+00,0.000000000000000000e+00,5.000000000000000278e-02,-2.404686706722714007e-02,6.013790681958198547e+00
2.000000000000000000e+00,2.000000000000000042e-03,4.749999997702138543e+00,9.999837530674814123e-02,-2.500554868155066210e-02,8.222164724024788596e-06,-1.176275658720804529e-05,5.000638519540800964e-02,-1.027045468799769878e-02,6.588117197155952454e+00
3.000000000000000000e+00,3.000000000000000062e-03,4.749999995745205261e+00,9.999541019107974216e-02,-2.501630867266416841e-02,2.640700260484948880e-05,-3.665565418931038266e-05,5.001793545679295017e-02,-7.157818414270877838e-03,6.759627386927604675e+00
4.000000000000000000e+00,4.000000000000000083e-03,4.749999997546373365e+00,9.999161912424160692e-02,-2.503146787637718085e-02,5.717025331272024280e-05,-7.469850198615901604e-05,5.003195837211928121e-02,-6.074242643080651760e-03,6.775236055254936218e+00
5.000000000000000000e+00,5.000000000000000104e-03,4.750000002241261399e+00,9.998719663088694032e-02,-2.505068316308774537e-02,1.016841793265374494e-04,-1.255644824096346923e-04,5.004729820254767703e-02,4.206255311146378517e-03,6.784704059362411499e+00
6.000000000000000000e+00,6.000000000000000125e-03,4.750000010761516123e+00,9.998216733077683327e-02,-2.507382786500020680e-02,1.603087902660865760e-04,-1.889084018777964502e-04,5.006365826260696789e-02,1.018999493680894375e-02,6.821028321981430054e+00
7.000000000000000000e+00,7.000000000000000146e-03,4.750000038484674114e+00,9.997653466843745007e-02,-2.510077754960297544e-02,2.329406770359525314e-04,-2.643637520272079655e-04,5.008081660107428779e-02,2.911456103902310133e-02,6.829490542411804199e+00
8.000000000000000000e+00,8.000000000000000167e-03,4.750000093460258199e+00,9.997032256423576957e-02,-2.513146294167545314e-02,3.197218941634501210e-04,-3.518729442626433723e-04,5.009862533119725791e-02,3.733239567372947931e-02,6.846404924988746643e+00
9.000000000000000000e+00,9.000000000000001055e-03,4.750000197309725891e+00,9.996375981740297789e-02,-2.516583464012108265e-02,4.182028915813221226e-04,-4.513137918591425546e-04,5.011600640010634156e-02,3.613250807393342257e-02,6.862575307488441467e+00
1.000000000000000000e+01,1.000000000000000194e-02,4.750000360001870980e+00,9.995693204685433819e-02,-2.520389429454714808e-02,5.293805550797628379e-04,-5.627710286086884395e-04,5.013251504997489477e-02,4.325106320902705193e-02,6.864847362041473389e+00
1.100000000000000000e+01,1.100000000000000283e-02,4.750000582450792486e+00,9.994980632111907792e-02,-2.524565533967845776e-02,6.527621669160689477e-04,-6.863656669526818632e-04,5.014837333574505285e-02,4.364652466028928757e-02,6.883596837520599365e+00
1.200000000000000000e+01,1.200000000000000372e-02,4.750000875567165437e+00,9.994233749494060848e-02,-2.529112522867477814e-02,7.890854238923883379e-04,-8.221329730975224237e-04,5.016384985202070046e-02,3.715953649953007698e-02,6.928740531206130981e+00
1.300000000000000000e+01,1.300000000000000461e-02,4.750001241128181562e+00,9.993450298707540203e-02,-2.534033948801869135e-02,9.386551151671015947e-04,-9.702788826131403255e-04,5.017899551854032580e-02,4.327358992304652929e-02,6.953404933214187622e+00
1.400000000000000000e+01,1.400000000000000550e-02,4.750001666490512697e+00,9.992642251315372870e-02,-2.539321933058852343e-02,1.100294010034176539e-03,-1.130756112830422211e-03,5.019340050747510967e-02,3.388246730901300907e-02,6.837871536612510681e+00
1.500000000000000000e+01,1.500000000000000638e-02,4.750002163018385737e+00,9.991806094069609345e-02,-2.544978804720213900e-02,1.275264683818205097e-03,-1.303757268922067780e-03,5.020696018761636181e-02,3.019715182017534971e-02,6.271127045154571533e+00
1.600000000000000000e+01,1.600000000000000727e-02,4.750002722513229081e+00,9.990928018229325303e-02,-2.550962044496092943e-02,1.465151901687399699e-03,-1.487330917308904432e-03,5.022019891088501387e-02,2.861283405218273401e-02,5.976153060793876648e+00
1.700000000000000000e+01,1.700000000000000816e-02,4.750003338718969736e+00,9.990005922700727348e-02,-2.557169742904598364e-02,1.667841827405664584e-03,-1.675435671393943338e-03,5.023322000225904915e-02,2.476464025676250458e-02,6.087797522544860840e+00
1.800000000000000000e+01,1.800000000000000905e-02,4.750004007830190389e+00,9.989039570733379558e-02,-2.563562561001416634e-02,1.884733309159739023e-03,-1.865379311021486686e-03,5.024599362679237069e-02,4.455389920622110367e-03,6.246305912733078003e+00
1.900000000000000000e+01,1.900000000000000994e-02,4.750004725532163796e+00,9.988027825679747507e-02,-2.570152646260278131e-02,2.116433342021717401e-03,-2.058089557641640255e-03,5.025846249618053097e-02,-8.241594769060611725e-04,6.317326664924621582e+00
2.000000000000000000e+01,2.000000000000001082e-02,4.750005458719750884e+00,9.986985959353228415e-02,-2.576951630958635581e-02,2.362417180607770395e-03,-2.254697370165592574e-03,5.026976566439105704e-02,5.217750964220613241e-03,6.320658206939697266e+00
2.100000000000000000e+01,2.100000000000001171e-02,4.750006202582921944e+00,9.985909878552634567e-02,-2.583964774174800708e-02,2.623908997280623850e-03,-2.455711119387471442e-03,5.028023829015904056e-02,4.430834262166172266e-03,6.349636763334274292e+00
2.200000000000000000e+01,2.200000000000001260e-02,4.750006970088070268e+00,9.984791722476188403e-02,-2.591191713115816725e-02,2.902103024381652574e-03,-2.661133811634908142e-03,5.029014017482079379e-02,1.394174824235960841e-02,6.375319391489028931e+00
2.300000000000000000e+01,2.300000000000001349e-02,4.750007764180876890e+00,9.983628969388715080e-02,-2.598635234075280173e-02,3.194951090694127249e-03,-2.871195678270987983e-03,5.029997894045264151e-02,5.071638035587966442e-03,6.437005043029785156e+00
2.400000000000000000e+01,2.400000000000001438e-02,4.750008600292124683e+00,9.982425324637084207e-02,-2.606293757260830929e-02,3.498798489014787877e-03,-3.085968375651892970e-03,5.031025790139549703e-02,6.830863421782851219e-03,6.433788537979125977e+00
2.500000000000000000e+01,2.500000000000001527e-02,4.750009463870012105e+00,9.981182558988430098e-02,-2.614162228588050307e-02,3.814386510937524399e-03,-3.305574419555368237e-03,5.032051208470279119e-02,1.110557722859084606e-02,6.436227917671203613e+00
2.600000000000000000e+01,2.600000000000001615e-02,4.750010358909004360e+00,9.979897667434185771e-02,-2.622248066087881982e-02,4.143058401481141545e-03,-3.530243328954574267e-03,5.033071631097725540e-02,9.777950588613748550e-03,6.452829271554946899e+00
2.700000000000000000e+01,2.700000000000001704e-02,4.750011298717772945e+00,9.978558735865604434e-02,-2.630555565165472107e-02,4.484936940998485860e-03,-3.760129682623514213e-03,5.034149504737105152e-02,1.103535573929548264e-02,6.450936943292617798e+00
2.800000000000000000e+01,2.800000000000001793e-02,4.750012288404504623e+00,9.977155139300056264e-02,-2.639088872558784798e-02,4.840838344455093006e-03,-3.995449794246930253e-03,5.035341658048596292e-02,1.198511128313839436e-02,6.456614792346954346e+00
2.900000000000000000e+01,2.900000000000001882e-02,4.750013329994270173e+00,9.975687703720796662e-02,-2.647856794419369691e-02,5.212264428857676241e-03,-4.236485624666608274e-03,5.036634342705620382e-02,1.756333792582154274e-02,6.474227607250213623e+00
3.000000000000000000e+01,3.000000000000001971e-02,4.750014426653132560e+00,9.974159928359981053e-02,-2.656860849208167799e-02,5.597958515930322870e-03,-4.483312473202438753e-03,5.037982258213917486e-02,9.679003851488232613e-03,6.508959800004959106e+00
3.100000000000000000e+01,3.100000000000002059e-02,4.750015586300510684e+00,9.972579753935055524e-02,-2.666098779624687110e-02,5.995202666716544643e-03,-4.735937912873522393e-03,5.039347639508005849e-02,1.826336869271472096e-03,6.560199171304702759e+00
3.200000000000000000e+01,3.200000000000002148e-02,4.750016797693390025e+00,9.970950436129503991e-02,-2.675560054065323490e-02,6.402655769914354644e-03,-4.994178729547549267e-03,5.040747065131258309e-02,1.808728593459818512e-03,6.594870984554290771e+00
3.300000000000000000e+01,3.300000000000002237e-02,4.750018051694212318e+00,9.969272883537769192e-02,-2.685236076519144713e-02,6.820496817193624078e-03,-5.257992348113749159e-03,5.042194347781026043e-02,-3.102617920376360416e-04,6.512494981288909912e+00
3.400000000000000000e+01,3.400000000000002326e-02,4.750019352586197563e+00,9.967535623785540866e-02,-2.695123451038041601e-02,7.250454413969632805e-03,-5.527432460852965690e-03,5.043756195270165943e-02,-2.147421037079766393e-03,6.419919013977050781e+00
3.500000000000000000e+01,3.500000000000002415e-02,4.750020695602604981e+00,9.965741877543655980e-02,-2.705211196831898077e-02,7.692081388241928108e-03,-5.801749575255144009e-03,5.045440351034529564e-02,-3.637062181951478124e-03,6.457525998353958130e+00
3.600000000000000000e+01,3.600000000000002504e-02,4.750022072459917588e+00,9.963895755335459847e-02,-2.715445893840659139e-02,8.147521500857655280e-03,-6.078733913973621839e-03,5.047151065441710105e-02,-6.800031405873596668e-03,6.492507070302963257e+00
3.700000000000000000e+01,3.700000000000002592e-02,4.750023480399853781e+00,9.961995598570359822e-02,-2.725820210720454606e-02,8.617613879679391492e-03,-6.358316059547286514e-03,5.048838800311299113e-02,-1.668704417534172535e-02,6.548470556735992432e+00
3.800000000000000000e+01,3.800000000000002681e-02,4.750024916363265959e+00,9.960040000797117099e-02,-2.736347237366452967e-02,9.103167840498270491e-03,-6.641095397308394155e-03,5.050531618030328074e-02,-2.554884506389498711e-02,6.595916867256164551e+00
3.900000000000000000e+01,3.900000000000002770e-02,4.750026370637514539e+00,9.958023414983985244e-02,-2.747027307499875018e-02,9.604709611295024485e-03,-6.927347434882102917e-03,5.052263292505647374e-02,-2.501579490490257740e-02,6.666820615530014038e+00
4.000000000000000000e+01,4.000000000000002859e-02,4.750027836125736869e+00,9.955948371156979337e-02,-2.757850900699523183e-02,1.011801491288811736e-02,-7.216984547992355559e-03,5.054088959394208158e-02,-2.237222879193723202e-02,6.709712833166122437e+00
4.100000000000000000e+01,4.100000000000002948e-02,4.750029308441266807e+00,9.953827795064554285e-02,-2.768818837326162893e-02,1.064227638844726306e-02,-7.510366509345667296e-03,5.055946816099793351e-02,-1.785719976760447025e-02,6.756852328777313232e+00
4.200000000000000000e+01,4.200000000000003036e-02,4.750030791860753610e+00,9.951660233400000388e-02,-2.779929920459595083e-02,1.117807690049479885e-02,-7.807653424482197124e-03,5.057813115127487297e-02,-6.941968807950615883e-03,6.766706377267837524e+00
4.300000000000000000e+01,4.300000000000003125e-02,4.750032300663817431e+00,9.949434810664153916e-02,-2.791183765884995907e-02,1.172422227207999337e-02,-8.109056365071420913e-03,5.059742477941545080e-02,-3.094243211671710014e-02,6.846092402935028076e+00
4.400000000000000000e+01,4.400000000000003214e-02,4.750033854179910975e+00,9.947157498321027025e-02,-2.802580988765262376e-02,1.227807690638217999e-02,-8.414645715426383177e-03,5.061775269665408361e-02,-3.219669871032238007e-02,6.899015575647354126e+00
4.500000000000000000e+01,4.500000000000003303e-02,4.750035419342245824e+00,9.944829485363777810e-02,-2.814115922609080819e-02,1.283835721423979073e-02,-8.724607199567468996e-03,5.063895783532794403e-02,-2.424484677612781525e-02,6.849743008613586426e+00
4.600000000000000000e+01,4.600000000000003392e-02,4.750036992478993803e+00,9.942454783878872104e-02,-2.825790672568576078e-02,1.340502299684069934e-02,-9.039259771108421049e-03,5.066078440522490955e-02,-4.006084008142352104e-02,6.803924292325973511e+00
4.700000000000000000e+01,4.700000000000003481e-02,4.750038582532560838e+00,9.940032290024584938e-02,-2.837599176619510014e-02,1.397813494770239889e-02,-9.358177267498879459e-03,5.068357086219588831e-02,-3.560232045128941536e-02,6.848036110401153564e+00
4.800000000000000000e+01,4.800000000000003569e-02,4.750040154892886335e+00,9.937588841202472933e-02,-2.849513669129690244e-02,1.455625956028235371e-02,-9.680217192965745454e-03,5.070603903539334933e-02,-4.775272216647863388e-02,6.899664223194122314e+00
4.900000000000000000e+01,4.900000000000003658e-02,4.750041714962963013e+00,9.935133996947577428e-02,-2.861531492036361105e-02,1.513820451370066419e-02,-1.000550000275657325e-02,5.072807440158624837e-02,-5.553300213068723679e-02,6.971886336803436279e+00
5.000000000000000000e+01,5.000000000000003747e-02,4.750043252168127950e+00,9.932654566583408451e-02,-2.873653620580435622e-02,1.572614452404589441e-02,-1.033430172580485085e-02,5.075009008143561290e-02,-4.804815631359815598e-02,7.030976086854934692e+00
5.100000000000000000e+01,5.100000000000003836e-02,4.750044754959196425e+00,9.930164980008814035e-02,-2.885877891010374743e-02,1.631739941752174267e-02,-1.066689029345080364e-02,5.077182446681947209e-02,-5.846497835591435432e-02,7.018463313579559326e+00
5.200000000000000000e+01,5.200000000000003925e-02,4.750046236336662453e+00,9.927658217672380436e-02,-2.898192979916067169e-02,1.691442499988659101e-02,-1.100317479837098489e-02,5.079376135171242979e-02,-5.397913372144103050e-02,7.057107120752334595e+00
5.300000000000000000e+01,5.300000000000004013e-02,4.750047680868012101e+00,9.925140027583587155e-02,-2.910599937468577245e-02,1.751639876127245032e-02,-1.134312241817636568e-02,5.081526489320102591e-02,-5.309560452587902546e-02,7.083235353231430054e+00
5.400000000000000000e+01,5.400000000000004102e-02,4.750049092242004889e+00,9.922617300981230459e-02,-2.923101620487842181e-02,1.812436433707007716e-02,-1.168700584343174143e-02,5.083586444149352374e-02,-3.932655998505651951e-02,7.084426164627075195e+00
5.500000000000000000e+01,5.500000000000004191e-02,4.750050474420068447e+00,9.920091655584459267e-02,-2.935697008979938974e-02,1.873581537700198460e-02,-1.203492104443637523e-02,5.085598616886705114e-02,-4.866800713352859020e-02,7.103169530630111694e+00
5.600000000000000000e+01,5.600000000000004280e-02,4.750051847534344063e+00,9.917559078436946618e-02,-2.948384985080709092e-02,1.935468182923598054e-02,-1.238683431153764225e-02,5.087556294241801780e-02,-5.254461313597857952e-02,7.120703369379043579e+00
5.700000000000000000e+01,5.700000000000004369e-02,4.750053200502510009e+00,9.915008168474898076e-02,-2.961159338317044878e-02,1.998354299876175036e-02,-1.274263605865288973e-02,5.089513615086492526e-02,-5.986541975289583206e-02,7.128070741891860962e+00
5.800000000000000000e+01,5.800000000000004458e-02,4.750054524466960970e+00,9.912452066594436284e-02,-2.974017374378007741e-02,2.062185188835029617e-02,-1.310231143049644942e-02,5.091397179772334802e-02,-5.942809255793690681e-02,7.084590613842010498e+00
5.900000000000000000e+01,5.900000000000004546e-02,4.750055814824640343e+00,9.909889014562003884e-02,-2.986956277865370976e-02,2.126829474732146522e-02,-1.346580119268336873e-02,5.093233143964671916e-02,-6.419250555336475372e-02,7.100469529628753662e+00
6.000000000000000000e+01,6.000000000000004635e-02,4.750057070972872886e+00,9.907328290813369187e-02,-2.999993589507815583e-02,2.192258675181137789e-02,-1.383347143428448334e-02,5.094954787385922584e-02,-7.172082737088203430e-02,7.157588481903076172e+00
6.100000000000000000e+01,6.100000000000004724e-02,4.750058286599137425e+00,9.904770991733012619e-02,-3.013131698655285157e-02,2.258297317105737584e-02,-1.420548092205842217e-02,5.096576526485171316e-02,-7.419944275170564651e-02,7.227258056402206421e+00
6.200000000000000000e+01,6.200000000000004813e-02,4.750059449403921441e+00,9.902220311594044089e-02,-3.026371168384673141e-02,2.325083426117976332e-02,-1.458211414705190556e-02,5.098062139348234073e-02,-8.452782966196537018e-02,7.230729490518569946e+00
6.300000000000000000e+01,6.300000000000004208e-02,4.750060563561445015e+00,9.899665679674091168e-02,-3.039708160236219425e-02,2.392727761575603324e-02,-1.496359312747164161e-02,5.099537822428031747e-02,-9.086991474032402039e-02,7.240656584501266479e+00
6.400000000000000000e+01,6.400000000000004297e-02,4.750061609929992379e+00,9.897125844086357427e-02,-3.053153932419407426e-02,2.461125340909590953e-02,-1.535029268815946146e-02,5.100890589408461906e-02,-8.513447293080389500e-02,7.252295911312103271e+00
6.500000000000000000e+01,6.500000000000004385e-02,4.750062575023774158e+00,9.894615171772712381e-02,-3.066710223607984134e-02,2.530185860998548919e-02,-1.574231298865891304e-02,5.102060946184672208e-02,-7.311628758907318115e-02,7.226373970508575439e+00
6.600000000000000000e+01,6.600000000000004474e-02,4.750063475042091810e+00,9.892120638845741665e-02,-3.080378096019581111e-02,2.599937537970863771e-02,-1.613974692194108940e-02,5.103099476705023202e-02,-5.411199340596795082e-02,7.310437738895416260e+00
6.700000000000000000e+01,6.700000000000004563e-02,4.750064336762523709e+00,9.889631185423858328e-02,-3.094173412890847616e-02,2.670465003379688881e-02,-1.654299381048063289e-02,5.104032851019679740e-02,-4.939615633338689804e-02,7.357491552829742432e+00
6.800000000000000000e+01,6.800000000000004652e-02,4.750065195429935549e+00,9.887144640577469334e-02,-3.108098004274662679e-02,2.741617131473871039e-02,-1.695251422452126455e-02,5.104898203220697983e-02,-4.137090966105461121e-02,7.341852426528930664e+00
6.900000000000000000e+01,6.900000000000004741e-02,4.750066062079281615e+00,9.884668459636974935e-02,-3.122160023456506742e-02,2.813150011691500224e-02,-1.736879785923894914e-02,5.105682377574676661e-02,-5.080299172550439835e-02,7.360364556312561035e+00
7.000000000000000000e+01,7.000000000000004829e-02,4.750066949040839148e+00,9.882205269942327674e-02,-3.136375676129163348e-02,2.885109319775070597e-02,-1.779230516739538359e-02,5.106354432140319116e-02,-4.820571222808212042e-02,7.375440269708633423e+00
7.100000000000000000e+01,7.100000000000004918e-02,4.750067837119489766e+00,9.879764411587474426e-02,-3.150744495668717643e-02,2.957580698146881210e-02,-1.822310531555504376e-02,5.106851965849667357e-02,-2.894714311696588993e-02,7.448606938123703003e+00
7.200000000000000000e+01,7.200000000000005007e-02,4.750068737762525473e+00,9.877332417377529539e-02,-3.165267111152299251e-02,3.030743231659816656e-02,-1.866130050056868939e-02,5.107242228103716503e-02,-3.494150727055966854e-02,7.422202765941619873e+00
7.300000000000000000e+01,7.300000000000005096e-02,4.750069686013770998e+00,9.874902355393350151e-02,-3.179942057344091466e-02,3.104769569780723923e-02,-1.910719497560564584e-02,5.107571602801522226e-02,-4.094580386299639940e-02,7.401018559932708740e+00
7.400000000000000000e+01,7.400000000000005185e-02,4.750070677040792333e+00,9.872477144541090543e-02,-3.194777535931224433e-02,3.179557583095789230e-02,-1.956093016251836403e-02,5.107817187723377728e-02,-4.042112827301025391e-02,7.435626804828643799e+00
7.500000000000000000e+01,7.500000000000005274e-02,4.750071704022952979e+00,9.870065434173685981e-02,-3.209783723603587546e-02,3.255079052797600625e-02,-2.002272597008736277e-02,5.107906744965669266e-02,-5.343828466720879078e-02,7.392129093408584595e+00
7.600000000000000000e+01,7.600000000000005362e-02,4.750072779397144451e+00,9.867650569349857570e-02,-3.224959232681845478e-02,3.331606180561140496e-02,-2.049271652435002977e-02,5.107946339252351919e-02,-5.647294572554528713e-02,7.263278812170028687e+00
7.700000000000000000e+01,7.700000000000005451e-02,4.750073892743727377e+00,9.865220107759349599e-02,-3.240293871752723126e-02,3.408977098183493815e-02,-2.097038169592257972e-02,5.108049375566448003e-02,-6.242607529566157609e-02,7.209282159805297852e+00
7.800000000000000000e+01,7.800000000000005540e-02,4.750075032929814256e+00,9.862786273143910043e-02,-3.255785714509505657e-02,3.487112867040230435e-02,-2.145504132875508674e-02,5.108146998523294124e-02,-5.871916469186544418e-02,7.148038148880004883e+00
7.900000000000000000e+01,7.900000000000005629e-02,4.750076190386661068e+00,9.860363480126711766e-02,-3.271446405921919764e-02,3.565942513336437664e-02,-2.194683414723286319e-02,5.108225942543827974e-02,-6.171067478135228157e-02,7.062497466802597046e+00
8.000000000000000000e+01,8.000000000000005718e-02,4.750077378139725859e+00,9.857939817354599565e-02,-3.287276726943468702e-02,3.645611135583519402e-02,-2.244552382470188512e-02,5.108397858035229611e-02,-5.287386628333479166e-02,6.978550046682357788e+00
8.100000000000000000e+01,8.100000000000005806e-02,4.750078578967287690e+00,9.855535842012530523e-02,-3.303246834081533662e-02,3.725705779872093976e-02,-2.294968585424483898e-02,5.108515593386849657e-02,-5.824700047378428280e-02,6.856704950332641602e+00
8.200000000000000000e+01,8.200000000000005895e-02,4.750079805166754099e+00,9.853141830144253321e-02,-3.319353089474018359e-02,3.806666359853441012e-02,-2.345879738698930517e-02,5.108570834579986147e-02,-6.590961516485549510e-02,6.743138670921325684e+00
8.300000000000000000e+01,8.300000000000005984e-02,4.750081043385654844e+00,9.850743851590249012e-02,-3.335568411960474627e-02,3.888600049473024678e-02,-2.397138315965685607e-02,5.108568628525726740e-02,-9.252867364557459950e-02,6.646872609853744507e+00
8.400000000000000000e+01,8.400000000000006073e-02,4.750082283588379362e+00,9.848344404162134857e-02,-3.351876609198801982e-02,3.970710624667751765e-02,-2.448637928438568423e-02,5.108562166166027985e-02,-9.097036434104666114e-02,6.569979548454284668e+00
8.500000000000000000e+01,8.500000000000006162e-02,4.750083484364507669e+00,9.845949898917193133e-02,-3.368266013127432790e-02,4.052823861313373938e-02,-2.500296624788211908e-02,5.108610369269988433e-02,-7.396134641021490097e-02,6.546423584222793579e+00
8.600000000000000000e+01,8.600000000000006251e-02,4.750084649233871303e+00,9.843554945004726053e-02,-3.384746226570570921e-02,4.135016099207315665e-02,-2.552112089808900031e-02,5.108769432428196533e-02,-6.008830759674310684e-02,6.474165469408035278e+00
8.700000000000000000e+01,8.700000000000006339e-02,4.750085804028995717e+00,9.841158935205195080e-02,-3.401314445063063907e-02,4.216900548904027601e-02,-2.604066456634068771e-02,5.109103839862862151e-02,-6.872853823006153107e-02,6.370244443416595459e+00
8.800000000000000000e+01,8.800000000000006428e-02,4.750086965249066040e+00,9.838774889137195945e-02,-3.417976371352695469e-02,4.298188357305918195e-02,-2.656142727885479893e-02,5.109541525803951156e-02,-7.279976317659020424e-02,6.386004179716110229e+00
8.900000000000000000e+01,8.900000000000006517e-02,4.750088115770352282e+00,9.836411312214499159e-02,-3.434730447157040290e-02,4.378752677596727677e-02,-2.708286049705188603e-02,5.110053158073166873e-02,-6.755964900366961956e-02,6.370565146207809448e+00
9.000000000000000000e+01,9.000000000000006606e-02,4.750089244773697317e+00,9.834063573484612408e-02,-3.451571750789347165e-02,4.458897737328271910e-02,-2.760485056359307521e-02,5.110552112480810233e-02,-7.707223854959011078e-02,6.345409840345382690e+00
9.100000000000000000e+01,9.100000000000006695e-02,4.750090355301388456e+00,9.831733993825113316e-02,-3.468493389813052247e-02,4.538777227287044830e-02,-2.812708097357696779e-02,5.110990886886681434e-02,-7.674840232357382774e-02,6.364764064550399780e+00
9.200000000000000000e+01,9.200000000000006783e-02,4.750091433197853874e+00,9.829417277062178770e-02,-3.485498581933928891e-02,4.618824506127858220e-02,-2.864954509319406206e-02,5.111383096448349206e-02,-9.415889775846153498e-02,6.368117213249206543e+00
9.300000000000000000e+01,9.300000000000006872e-02,4.750092487174884859e+00,9.827110457229452922e-02,-3.502602766122141914e-02,4.698986863130713565e-02,-2.917286089664039572e-02,5.111779748001750445e-02,-1.016662454931065440e-01,6.393820494413375854e+00
9.400000000000000000e+01,9.400000000000006961e-02,4.750093508470492054e+00,9.824801907149273428e-02,-3.519819791398477032e-02,4.779347883179735357e-02,-2.969750469555387795e-02,5.112256851050475670e-02,-9.644644998479634523e-02,6.427230715751647949e+00
9.500000000000000000e+01,9.500000000000007050e-02,4.750094486567641994e+00,9.822500972558295684e-02,-3.537143789891147166e-02,4.859629849557628445e-02,-3.022339108888782988e-02,5.112784816461768411e-02,-1.200566138177237008e-01,6.532346427440643311e+00
9.600000000000000000e+01,9.600000000000007139e-02,4.750095425740436639e+00,9.820223159217292275e-02,-3.554583640279767448e-02,4.939799870236943891e-02,-3.075096569103363819e-02,5.113300345397139846e-02,-1.081243134103715420e-01,6.565367907285690308e+00
9.700000000000000000e+01,9.700000000000007228e-02,4.750096299256350463e+00,9.817966222227028639e-02,-3.572132258634010127e-02,5.019374077987696220e-02,-3.128054161898385921e-02,5.113925622755215866e-02,-1.078950194059871137e-01,6.621192783117294312e+00
9.800000000000000000e+01,9.800000000000007316e-02,4.750097128616414643e+00,9.815732725673005643e-02,-3.589808334812587265e-02,5.098436716457641765e-02,-3.181289286301947072e-02,5.114631645448835390e-02,-9.213444462511688471e-02,6.751926720142364502e+00
9.900000000000000000e+01,9.900000000000007405e-02,4.750097909067519275e+00,9.813542617441500804e-02,-3.607619157444972441e-02,5.176717330001992523e-02,-3.234848187109795603e-02,5.115257456840537065e-02,-8.231469936436042190e-02,6.707057833671569824e+00
1.000000000000000000e+02,1.000000000000000749e-01,4.750098663894290141e+00,9.811394173824063147e-02,-3.625554874695653684e-02,5.254527928966353650e-02,-3.288757708515088751e-02,5.115740414336016756e-02,-7.894378213677555323e-02,6.803394615650177002e+00
1.010000000000000000e+02,1.010000000000000758e-01,4.750099422190318776e+00,9.809279972878025278e-02,-3.643650559404689598e-02,5.332055774554414485e-02,-3.343114379169609407e-02,5.116138139217545067e-02,-8.115280303172767162e-02,6.853892445564270020e+00
1.020000000000000000e+02,1.020000000000000767e-01,4.750100192433167834e+00,9.807201441661436703e-02,-3.661891692032024498e-02,5.408877484699237126e-02,-3.397917954162643639e-02,5.116501630768198472e-02,-7.974285120144486427e-02,6.975962102413177490e+00
1.030000000000000000e+02,1.030000000000000776e-01,4.750100974504024798e+00,9.805166247826969939e-02,-3.680285011235694820e-02,5.484814058186318619e-02,-3.453213566154911263e-02,5.116784011463261506e-02,-6.140652438625693321e-02,6.990018844604492188e+00
1.040000000000000000e+02,1.040000000000000785e-01,4.750101783833681424e+00,9.803171443803519736e-02,-3.698835043704579162e-02,5.559930225852555835e-02,-3.509071484945347486e-02,5.116964339595918981e-02,-6.595682632178068161e-02,6.960864722728729248e+00
1.050000000000000000e+02,1.050000000000000794e-01,4.750102648844328534e+00,9.801215362118884111e-02,-3.717527397299311837e-02,5.633741303893689822e-02,-3.565452220507925318e-02,5.117090593099372919e-02,-7.565457792952656746e-02,7.031700462102890015e+00
1.060000000000000000e+02,1.060000000000000803e-01,4.750103561988019862e+00,9.799310484063665505e-02,-3.736364511144964901e-02,5.705770353801111611e-02,-3.622352144846385791e-02,5.117174762206342514e-02,-7.801135629415512085e-02,7.107266485691070557e+00
1.070000000000000000e+02,1.070000000000000812e-01,4.750104519793688418e+00,9.797438229270365173e-02,-3.755340444324693772e-02,5.776245115719498557e-02,-3.679786068820445344e-02,5.117275103705874739e-02,-6.876095430925488472e-02,7.135353147983551025e+00
1.080000000000000000e+02,1.080000000000000820e-01,4.750105520912545565e+00,9.795601320184910143e-02,-3.774448521724621530e-02,5.845339564078563116e-02,-3.737765896965172807e-02,5.117348169142638820e-02,-6.722986907698214054e-02,7.074771612882614136e+00
1.090000000000000000e+02,1.090000000000000829e-01,4.750106589184574624e+00,9.793795720478398747e-02,-3.793695163088037225e-02,5.912742541074788444e-02,-3.796326600526556128e-02,5.117423056387072205e-02,-8.535062661394476891e-02,6.998233556747436523e+00
1.100000000000000000e+02,1.100000000000000838e-01,4.750107723477107413e+00,9.792030692168732231e-02,-3.813081320967635218e-02,5.978140748521280218e-02,-3.855441940614134921e-02,5.117460531256817075e-02,-6.612003361806273460e-02,6.902292102575302124e+00
1.110000000000000000e+02,1.110000000000000847e-01,4.750108892161152951e+00,9.790306273935141246e-02,-3.832575856121683833e-02,6.041250110522892319e-02,-3.914970617430824085e-02,5.117471707946182752e-02,-7.393711898475885391e-02,6.850317984819412231e+00
1.120000000000000000e+02,1.120000000000000856e-01,4.750110116716988351e+00,9.788613085522054891e-02,-3.852160206758735439e-02,6.102029498678011171e-02,-3.974810143649309957e-02,5.117555992568647433e-02,-7.299528922885656357e-02,6.726187467575073242e+00
1.130000000000000000e+02,1.130000000000000865e-01,4.750111373154682681e+00,9.786959074359967425e-02,-3.871816987236090246e-02,6.160315248049099551e-02,-4.034875688661676563e-02,5.117637326480316967e-02,-7.312888605520129204e-02,6.660253822803497314e+00
1.140000000000000000e+02,1.140000000000000874e-01,4.750112645413270052e+00,9.785342681919115271e-02,-3.891518183954555815e-02,6.216221317187813067e-02,-4.095017500081188366e-02,5.117742026468410921e-02,-7.957659801468253136e-02,6.599961191415786743e+00
1.150000000000000000e+02,1.150000000000000883e-01,4.750113919366202531e+00,9.783772500445983566e-02,-3.911251459841351419e-02,6.269778166906200823e-02,-4.155162433309311787e-02,5.117816793596800112e-02,-9.275876823812723160e-02,6.617457717657089233e+00
1.160000000000000000e+02,1.160000000000000892e-01,4.750115168448497016e+00,9.782246333739681721e-02,-3.930997724973336188e-02,6.321271876441493520e-02,-4.215221970925808748e-02,5.117876707672855408e-02,-1.025620773434638977e-01,6.640834391117095947e+00
1.170000000000000000e+02,1.170000000000000900e-01,4.750116380358251789e+00,9.780763859529306714e-02,-3.950768062351484727e-02,6.370633685197034379e-02,-4.275244064122585286e-02,5.117975124266504333e-02,-1.238784231245517731e-01,6.667414963245391846e+00
1.180000000000000000e+02,1.180000000000000909e-01,4.750117540430461638e+00,9.779331776230806850e-02,-3.970567937041345752e-02,6.418121629152855057e-02,-4.335254704751312360e-02,5.118035783230156371e-02,-1.176304500550031662e-01,6.650260865688323975e+00
1.190000000000000000e+02,1.190000000000000918e-01,4.750118622965549875e+00,9.777946705682752371e-02,-3.990388788481934179e-02,6.463572603510642223e-02,-4.395237373951688120e-02,5.118089554058465052e-02,-1.118673542514443398e-01,6.578363329172134399e+00
1.200000000000000000e+02,1.200000000000000927e-01,4.750119636822234703e+00,9.776609535897623493e-02,-4.010233112759908208e-02,6.506941925746244360e-02,-4.455191998075691551e-02,5.118132801479483712e-02,-1.103830989450216293e-01,6.592774033546447754e+00
1.210000000000000000e+02,1.210000000000000936e-01,4.750120579664636189e+00,9.775332196245958838e-02,-4.030101595013910881e-02,6.548218736789257477e-02,-4.515084280464898292e-02,5.118085977151175248e-02,-1.144247753545641899e-01,6.595571398735046387e+00
1.220000000000000000e+02,1.220000000000000945e-01,4.750121449574262300e+00,9.774118492429167970e-02,-4.049991955622012085e-02,6.587464430087525136e-02,-4.574915944230739662e-02,5.117964668394733158e-02,-1.132857166230678558e-01,6.714063495397567749e+00
1.230000000000000000e+02,1.230000000000000954e-01,4.750122245953999567e+00,9.772966379365934098e-02,-4.069913937982826135e-02,6.624691673581885321e-02,-4.634718168508666913e-02,5.117737772679403080e-02,-1.106153335422277451e-01,6.601803600788116455e+00
1.240000000000000000e+02,1.240000000000000963e-01,4.750122968095902287e+00,9.771874034432016798e-02,-4.089837559350190804e-02,6.659791873732653911e-02,-4.694447126886669430e-02,5.117423805029309991e-02,-9.562951419502496719e-02,6.641584068536758423e+00
1.250000000000000000e+02,1.250000000000000833e-01,4.750123615394431731e+00,9.770834933188117521e-02,-4.109762320039961336e-02,6.692588290663986639e-02,-4.754054071748958776e-02,5.117134712083358516e-02,-7.590760476887226105e-02,6.673259258270263672e+00
1.260000000000000000e+02,1.260000000000000842e-01,4.750124213329673495e+00,9.769841571389523138e-02,-4.129689746306861725e-02,6.723297374982255270e-02,-4.813560227210578191e-02,5.116841312549395837e-02,-7.635416369885206223e-02,6.752215504646301270e+00
1.270000000000000000e+02,1.270000000000000850e-01,4.750124786739565508e+00,9.768883316568556519e-02,-4.149609041816915839e-02,6.752417186942429039e-02,-4.872943386093608886e-02,5.116527807249673931e-02,-5.696960166096687317e-02,6.740250945091247559e+00
1.280000000000000000e+02,1.280000000000000859e-01,4.750125336399891651e+00,9.767976745865507293e-02,-4.169525275821309857e-02,6.779574421050732491e-02,-4.932258205344397517e-02,5.116163159794973048e-02,-6.302995607256889343e-02,6.737104535102844238e+00
1.290000000000000000e+02,1.290000000000000868e-01,4.750125890901285786e+00,9.767119010261188228e-02,-4.189438453943045843e-02,6.805075859421866324e-02,-4.991500766683887313e-02,5.115788331877989259e-02,-8.450318872928619385e-02,6.858137905597686768e+00
1.300000000000000000e+02,1.300000000000000877e-01,4.750126444292090966e+00,9.766305302233184438e-02,-4.209352666894557171e-02,6.829141145402259361e-02,-5.050682627991309737e-02,5.115404831195095869e-02,-8.563271909952163696e-02,6.820462256669998169e+00
1.310000000000000000e+02,1.310000000000000886e-01,4.750126964630348780e+00,9.765535741532191394e-02,-4.229254864244261225e-02,6.852191511539157398e-02,-5.109815308879861462e-02,5.114959799447858779e-02,-8.704774826765060425e-02,6.841611981391906738e+00
1.320000000000000000e+02,1.320000000000000895e-01,4.750127443013940187e+00,9.764822721102833780e-02,-4.249150963635079520e-02,6.874266564418464454e-02,-5.168899361206280574e-02,5.114388249770439321e-02,-9.889381006360054016e-02,6.824143707752227783e+00
1.330000000000000000e+02,1.330000000000000904e-01,4.750127888140118770e+00,9.764167315340621656e-02,-4.269057998069464982e-02,6.895416867121904880e-02,-5.228000508253161094e-02,5.113684247838001795e-02,-1.036901716142892838e-01,6.924870878458023071e+00
1.340000000000000000e+02,1.340000000000000913e-01,4.750128286949005130e+00,9.763570354612582936e-02,-4.288985176462844356e-02,6.915697312697879906e-02,-5.287138337951402534e-02,5.112810773244287621e-02,-1.125164479017257690e-01,6.934422969818115234e+00
1.350000000000000000e+02,1.350000000000000921e-01,4.750128650800238717e+00,9.763017068708913782e-02,-4.308926698794795368e-02,6.934827693970667395e-02,-5.346344994525287220e-02,5.111908086630301967e-02,-1.089861821383237839e-01,6.937962979078292847e+00
1.360000000000000000e+02,1.360000000000000930e-01,4.750128965039837503e+00,9.762514730373800242e-02,-4.328878917443747948e-02,6.952675557166491938e-02,-5.405610621242051828e-02,5.110935204222393641e-02,-1.040371581912040710e-01,6.985407888889312744e+00
1.370000000000000000e+02,1.370000000000000939e-01,4.750129227368865337e+00,9.762085000680963132e-02,-4.348848627474942441e-02,6.968966631536634149e-02,-5.464954405558497541e-02,5.109744934713868897e-02,-1.232440248131752014e-01,6.904360175132751465e+00
1.380000000000000000e+02,1.380000000000000948e-01,4.750129451624797383e+00,9.761731207170010194e-02,-4.368839390752806556e-02,6.983603406971250482e-02,-5.524411589912414655e-02,5.108356818596157534e-02,-1.186703927814960480e-01,6.808160692453384399e+00
1.390000000000000000e+02,1.390000000000000957e-01,4.750129595907315760e+00,9.761446146077741581e-02,-4.388828458005410160e-02,6.996434831812586852e-02,-5.583868997745433660e-02,5.106802594026447345e-02,-1.222249083220958710e-01,6.883747190237045288e+00
1.400000000000000000e+02,1.400000000000000966e-01,4.750129654704967841e+00,9.761239394072745990e-02,-4.408809777843773064e-02,7.007042760412915405e-02,-5.643258080805924060e-02,5.105031150289897346e-02,-1.271238718181848526e-01,6.867946237325668335e+00
1.410000000000000000e+02,1.410000000000000975e-01,4.750129617744815569e+00,9.761117323256716938e-02,-4.428770201251433503e-02,7.015283991216182680e-02,-5.702565424243721814e-02,5.102941190915320779e-02,-1.361902672797441483e-01,6.888113647699356079e+00
1.420000000000000000e+02,1.420000000000000984e-01,4.750129463392241291e+00,9.761088554490952862e-02,-4.448691206786035274e-02,7.021014636930461572e-02,-5.761721711370282328e-02,5.100510589474765294e-02,-1.508160792291164398e-01,6.848382353782653809e+00
1.430000000000000000e+02,1.430000000000000993e-01,4.750129180878309931e+00,9.761141495690352221e-02,-4.468569081046930985e-02,7.024361058920010337e-02,-5.820726100294004723e-02,5.097789020406667121e-02,-1.423218324780464172e-01,6.845220804214477539e+00
1.440000000000000000e+02,1.440000000000001001e-01,4.750128740508371195e+00,9.761261133208475049e-02,-4.488387656391874120e-02,7.025457347044314349e-02,-5.879508089435403484e-02,5.094832754248985324e-02,-1.240988131612539291e-01,6.845145612955093384e+00
1.450000000000000000e+02,1.450000000000001010e-01,4.750128157747115942e+00,9.761432382632771743e-02,-4.508138402308504294e-02,7.024446098853806553e-02,-5.938038659715827450e-02,5.091715851713934232e-02,-1.373921986669301987e-01,6.900370091199874878e+00
1.460000000000000000e+02,1.460000000000001019e-01,4.750127460897507703e+00,9.761644006606698398e-02,-4.527823719479166786e-02,7.021642351945571459e-02,-5.996330455378728885e-02,5.088519998099104436e-02,-1.347847878932952881e-01,6.848167151212692261e+00
1.470000000000000000e+02,1.470000000000001028e-01,4.750126631782335629e+00,9.761886900047014870e-02,-4.547436034484545614e-02,7.017282676493109828e-02,-6.054384878402729875e-02,5.085263255525153403e-02,-1.306770229712128639e-01,6.691863387823104858e+00
1.480000000000000000e+02,1.480000000000001037e-01,4.750125679398709444e+00,9.762124298345657702e-02,-4.566973387636272946e-02,7.011927924719382754e-02,-6.112179050069199704e-02,5.082144136909997473e-02,-1.274128351360559464e-01,6.659546583890914917e+00
1.490000000000000000e+02,1.490000000000001046e-01,4.750124607425797230e+00,9.762357022816520180e-02,-4.586448077483970542e-02,7.005368863093769383e-02,-6.169681001288895850e-02,5.079212036350908704e-02,-1.323665929958224297e-01,6.733168303966522217e+00
1.500000000000000000e+02,1.500000000000001055e-01,4.750123413783009063e+00,9.762586028710182329e-02,-4.605855869761808774e-02,6.997797352279615246e-02,-6.226862712959158053e-02,5.076488155040610739e-02,-1.355820903554558754e-01,6.755454093217849731e+00
1.510000000000000000e+02,1.510000000000001064e-01,4.750122103969414589e+00,9.762810626393161884e-02,-4.625210662493755426e-02,6.989035316787345353e-02,-6.283804222108946291e-02,5.073953822656188800e-02,-1.315399941522628069e-01,6.755920261144638062e+00
1.520000000000000000e+02,1.520000000000001072e-01,4.750120678776683647e+00,9.763027249071803970e-02,-4.644514925120785814e-02,6.979566613487978022e-02,-6.340524636972899586e-02,5.071637362472906918e-02,-1.468881741166114807e-01,6.763360351324081421e+00
1.530000000000000000e+02,1.530000000000001081e-01,4.750119154140007183e+00,9.763237911210735642e-02,-4.663786772465865205e-02,6.969225751768279298e-02,-6.397086870988921703e-02,5.069574221179654061e-02,-1.371039371006190777e-01,6.782868474721908569e+00
1.540000000000000000e+02,1.540000000000001090e-01,4.750117503982845157e+00,9.763447564261311384e-02,-4.683022813585391297e-02,6.957881829098319648e-02,-6.453481309890096718e-02,5.067725364435420043e-02,-1.431815816904418170e-01,6.793734788894653320e+00
1.550000000000000000e+02,1.550000000000001099e-01,4.750115745169588344e+00,9.763655318295950958e-02,-4.702229719154708137e-02,6.945574047988214983e-02,-6.509737945604188170e-02,5.066057065333005177e-02,-1.514158767531625926e-01,6.784004032611846924e+00
1.560000000000000000e+02,1.560000000000001108e-01,4.750113856248043831e+00,9.763872232000249396e-02,-4.721399235199996713e-02,6.932536641712899739e-02,-6.565831049515913342e-02,5.064470610446994425e-02,-1.478892788290977478e-01,6.776106208562850952e+00
1.570000000000000000e+02,1.570000000000001117e-01,4.750111833882790791e+00,9.764095558259154595e-02,-4.740545242101833201e-02,6.918671114649721510e-02,-6.621801633639146090e-02,5.062966095418536261e-02,-1.337069747969508171e-01,6.756991893053054810e+00
1.580000000000000000e+02,1.580000000000001126e-01,4.750109686596362124e+00,9.764332788775745287e-02,-4.759682226991727994e-02,6.903780784529348069e-02,-6.677694883642226742e-02,5.061524095493273590e-02,-1.361154541373252869e-01,6.779297709465026855e+00
1.590000000000000000e+02,1.590000000000001135e-01,4.750107440366351241e+00,9.764580321573371191e-02,-4.778817438494042946e-02,6.888116519768741619e-02,-6.733526334714934336e-02,5.060173914552023450e-02,-1.093281181529164314e-01,6.705011576414108276e+00
1.600000000000000000e+02,1.600000000000001144e-01,4.750105095042026271e+00,9.764848026321858165e-02,-4.797958717755477359e-02,6.871545465445444423e-02,-6.789330242608038191e-02,5.058856545967992113e-02,-1.066150995902717113e-01,6.801000475883483887e+00
1.610000000000000000e+02,1.610000000000001152e-01,4.750102672593614628e+00,9.765130351970759126e-02,-4.817089773385622997e-02,6.854133959643270158e-02,-6.845021201096601615e-02,5.057641089193876116e-02,-1.128200553357601166e-01,6.810295552015304565e+00
1.620000000000000000e+02,1.620000000000001161e-01,4.750100188885441277e+00,9.765436548821467000e-02,-4.836219867816538703e-02,6.835504967313407731e-02,-6.900675860287486252e-02,5.056513229537605569e-02,-1.093769939616322517e-01,6.730176001787185669e+00
1.630000000000000000e+02,1.630000000000001170e-01,4.750097629315888526e+00,9.765776305043964711e-02,-4.855342665677474245e-02,6.815282319235560493e-02,-6.956274233146797492e-02,5.055408318867536666e-02,-9.920706879347562790e-02,6.701429963111877441e+00
1.640000000000000000e+02,1.640000000000001179e-01,4.750094997086470094e+00,9.766138326760953614e-02,-4.874456161433955714e-02,6.793471531432213051e-02,-7.011771636914998496e-02,5.054375836512136483e-02,-1.059769121930003166e-01,6.742690712213516235e+00
1.650000000000000000e+02,1.650000000000001188e-01,4.750092298742825569e+00,9.766521330576520554e-02,-4.893552966281738276e-02,6.769666574343816134e-02,-7.067131763575407177e-02,5.053443850589491027e-02,-1.157970717176795006e-01,6.684612542390823364e+00
1.660000000000000000e+02,1.660000000000001197e-01,4.750089516503448017e+00,9.766928540006240833e-02,-4.912619288205730822e-02,6.743823157326092610e-02,-7.122322998981434061e-02,5.052521071894261473e-02,-1.215856946073472500e-01,6.677784055471420288e+00
1.670000000000000000e+02,1.670000000000001206e-01,4.750086624472825925e+00,9.767359718403047231e-02,-4.931643334138834794e-02,6.715861879568031656e-02,-7.177277294039452471e-02,5.051606037838224372e-02,-1.015472901053726673e-01,6.552180051803588867e+00
1.680000000000000000e+02,1.680000000000001215e-01,4.750083623233493313e+00,9.767812787210790326e-02,-4.950640194649416626e-02,6.685562926679594620e-02,-7.232041733361005420e-02,5.050698948503816454e-02,-9.920059144496917725e-02,6.547946572303771973e+00
1.690000000000000000e+02,1.690000000000001223e-01,4.750080501360354646e+00,9.768287155218292883e-02,-4.969572171116283521e-02,6.652839410642956419e-02,-7.286430631396778601e-02,5.049787962763346849e-02,-1.128643108531832695e-01,6.617135912179946899e+00
1.700000000000000000e+02,1.700000000000001232e-01,4.750077268753901905e+00,9.768782547473568723e-02,-4.988457387354736788e-02,6.617962153924983326e-02,-7.340502310254271023e-02,5.048847037683610456e-02,-1.135396417230367661e-01,6.583346784114837646e+00
1.710000000000000000e+02,1.710000000000001241e-01,4.750073905625471049e+00,9.769307141428416885e-02,-5.007288717627639968e-02,6.580602503780401402e-02,-7.394265879797656815e-02,5.047867726555697182e-02,-1.282779015600681305e-01,6.606742650270462036e+00
1.720000000000000000e+02,1.720000000000001250e-01,4.750070391639769518e+00,9.769856691333980714e-02,-5.026042710341460662e-02,6.540538937483915405e-02,-7.447628008871198801e-02,5.046873668077294511e-02,-1.447938969358801842e-01,6.639589995145797729e+00
1.730000000000000000e+02,1.730000000000001259e-01,4.750066717813750117e+00,9.770436251777998848e-02,-5.044735293510647922e-02,6.497318683168401554e-02,-7.500655073502215942e-02,5.045894536689584514e-02,-1.386623745784163475e-01,6.486392438411712646e+00
1.740000000000000000e+02,1.740000000000001268e-01,4.750062867605509886e+00,9.771047134418579805e-02,-5.063377027096269828e-02,6.451298233657323800e-02,-7.553398322003213039e-02,5.044922099090111411e-02,-1.310143368318676949e-01,6.511699438095092773e+00
1.750000000000000000e+02,1.750000000000001277e-01,4.750058809419968497e+00,9.771681216751666732e-02,-5.081935083543148712e-02,6.402877233853274119e-02,-7.605677885827910600e-02,5.043996601289903181e-02,-1.318167774006724358e-01,6.614393621683120728e+00
1.760000000000000000e+02,1.760000000000001286e-01,4.750054567201556388e+00,9.772315992686481101e-02,-5.100417820409846453e-02,6.352225429051076844e-02,-7.657538817903719597e-02,5.043242073851733620e-02,-1.354538453742861748e-01,6.584951341152191162e+00
1.770000000000000000e+02,1.770000000000001295e-01,4.750050158139615064e+00,9.772956686398137638e-02,-5.118840714937448327e-02,6.299615819192569410e-02,-7.709081434134867905e-02,5.042649044901847261e-02,-1.146068535745143890e-01,6.583054989576339722e+00
1.780000000000000000e+02,1.780000000000001303e-01,4.750045569602820983e+00,9.773592818704621155e-02,-5.137196759747121588e-02,6.245371961751653572e-02,-7.760271911986982296e-02,5.042292653196874669e-02,-1.139866411685943604e-01,6.598543018102645874e+00
1.790000000000000000e+02,1.790000000000001312e-01,4.750040824877524770e+00,9.774208084952770714e-02,-5.155471890260764772e-02,6.189871184951225430e-02,-7.811063800868089935e-02,5.042239205759169868e-02,-1.281893523409962654e-01,6.604233264923095703e+00
1.800000000000000000e+02,1.800000000000001321e-01,4.750035908591640599e+00,9.774809576578663561e-02,-5.173649766030381097e-02,6.132955827831605006e-02,-7.861410358428533307e-02,5.042472808872936613e-02,-1.381506137549877167e-01,6.692581057548522949e+00
1.810000000000000000e+02,1.810000000000001330e-01,4.750030803256050760e+00,9.775397449250572413e-02,-5.191738306872580033e-02,6.074857645503988629e-02,-7.911341292767248845e-02,5.042998367473099791e-02,-1.499309064820408821e-01,6.688672810792922974e+00
1.820000000000000000e+02,1.820000000000001339e-01,4.750025496005664927e+00,9.775974285644163653e-02,-5.209728079094921860e-02,6.015550718919054213e-02,-7.960865296057861862e-02,5.043796587644799184e-02,-1.599015658721327782e-01,6.675205051898956299e+00
1.830000000000000000e+02,1.830000000000001348e-01,4.750019947017322330e+00,9.776548576213485442e-02,-5.227599326770524663e-02,5.954982226441404153e-02,-8.009913008552338454e-02,5.044807238558338819e-02,-1.756522282958030701e-01,6.659769684076309204e+00
1.840000000000000000e+02,1.840000000000001357e-01,4.750014144771738778e+00,9.777128090278534855e-02,-5.245368556104347546e-02,5.893187186705815817e-02,-8.058530335384705978e-02,5.045947276650569746e-02,-1.689826413057744503e-01,6.638391926884651184e+00
1.850000000000000000e+02,1.850000000000001366e-01,4.750008058119662202e+00,9.777716512069431487e-02,-5.263032972842068835e-02,5.830451089368050149e-02,-8.106696947103397832e-02,5.047140052655047643e-02,-1.602463563904166222e-01,6.665397763252258301e+00
1.860000000000000000e+02,1.860000000000001374e-01,4.750001702888231314e+00,9.778319820922559691e-02,-5.280611058277231984e-02,5.766848373978090969e-02,-8.154466472691268564e-02,5.048401061799280554e-02,-1.675156522542238235e-01,6.644335225224494934e+00
1.870000000000000000e+02,1.870000000000001383e-01,4.749995080231453670e+00,9.778945822108080221e-02,-5.298092447305045860e-02,5.702376079290898125e-02,-8.201815090519515294e-02,5.049667047029422762e-02,-1.653308877721428871e-01,6.601509988307952881e+00
1.880000000000000000e+02,1.880000000000001392e-01,4.749988178237082082e+00,9.779588275054729163e-02,-5.315480924904524007e-02,5.637345129713144942e-02,-8.248745238145316350e-02,5.050936792024365851e-02,-1.587733756750822067e-01,6.617809981107711792e+00
1.890000000000000000e+02,1.890000000000001401e-01,4.749981010917306179e+00,9.780234232868860456e-02,-5.332788146925267203e-02,5.571529832955399164e-02,-8.295276993459776982e-02,5.052292506403126271e-02,-1.527701448649168015e-01,6.617948725819587708e+00
1.900000000000000000e+02,1.900000000000001410e-01,4.749973585602404569e+00,9.780884402616911444e-02,-5.350010368226329471e-02,5.504961591761230871e-02,-8.341407640856157713e-02,5.053779242447662551e-02,-1.596865039318799973e-01,6.667208403348922729e+00
1.910000000000000000e+02,1.910000000000001419e-01,4.749965914468234018e+00,9.781536471524195087e-02,-5.367152298006314104e-02,5.437630489511802862e-02,-8.387150980757507313e-02,5.055375410563898303e-02,-1.580801177769899368e-01,6.625104665756225586e+00
1.920000000000000000e+02,1.920000000000001428e-01,4.749958004338308726e+00,9.782186237697125530e-02,-5.384230302217753172e-02,5.369558500677033136e-02,-8.432585397509728686e-02,5.057088780912682296e-02,-1.504964344203472137e-01,6.599772691726684570e+00
1.930000000000000000e+02,1.930000000000001437e-01,4.749949853299477276e+00,9.782828864620431164e-02,-5.401245455622303432e-02,5.300749795162217753e-02,-8.477692559436400543e-02,5.058894401697790894e-02,-1.633376535028219223e-01,6.680619090795516968e+00
1.940000000000000000e+02,1.940000000000001446e-01,4.749941473172740736e+00,9.783463642501734336e-02,-5.418202167844649725e-02,5.231216104925160565e-02,-8.522474663613266443e-02,5.060797513266867415e-02,-1.544478852301836014e-01,6.690366774797439575e+00
1.950000000000000000e+02,1.950000000000001454e-01,4.749932840498733988e+00,9.784105285585882605e-02,-5.435086933112732999e-02,5.160913924747307507e-02,-8.566921752048028971e-02,5.062721543723192746e-02,-1.575486715883016586e-01,6.643906891345977783e+00
1.960000000000000000e+02,1.960000000000001463e-01,4.749923966884198379e+00,9.784756039702705022e-02,-5.451902086573028744e-02,5.090331549023438540e-02,-8.611041768462057711e-02,5.064565024285323791e-02,-1.497296746820211411e-01,6.565533220767974854e+00
1.970000000000000000e+02,1.970000000000001472e-01,4.749914846940389346e+00,9.785416472884266026e-02,-5.468657254103323484e-02,5.019556360453143046e-02,-8.654843570229808769e-02,5.066288094363733535e-02,-1.635759063065052032e-01,6.573613882064819336e+00
1.980000000000000000e+02,1.980000000000001481e-01,4.749905487633863110e+00,9.786090635927884029e-02,-5.485363299153037803e-02,4.948844895136267352e-02,-8.698323391128814919e-02,5.067815433913615275e-02,-1.492896527051925659e-01,6.573020130395889282e+00
1.990000000000000000e+02,1.990000000000001490e-01,4.749895845316166820e+00,9.786768946191404250e-02,-5.501991859072235397e-02,4.878127192851382937e-02,-8.741394166819449474e-02,5.069213365398934218e-02,-1.466041486710309982e-01,6.538500219583511353e+00
2.000000000000000000e+02,2.000000000000001499e-01,4.749885926023432070e+00,9.787448574108689736e-02,-5.518526736188929249e-02,4.807436782483827387e-02,-8.784000143397596716e-02,5.070452854171084156e-02,-1.398810688406229019e-01,6.486430197954177856e+00
2.010000000000000000e+02,2.010000000000001508e-01,4.749875761794308815e+00,9.788122890578858371e-02,-5.534998562571561559e-02,4.736573425562943390e-02,-8.826227747081905051e-02,5.071595107232104022e-02,-1.368879023939371109e-01,6.474054932594299316e+00
2.020000000000000000e+02,2.020000000000001517e-01,4.749865347406133864e+00,9.788773154926017073e-02,-5.551391385343192736e-02,4.665481916921468408e-02,-8.868003897356846466e-02,5.072778397756470825e-02,-1.471493449062108994e-01,6.543040692806243896e+00
2.030000000000000000e+02,2.030000000000001525e-01,4.749854685901771845e+00,9.789408389944920241e-02,-5.567709395160536090e-02,4.594000779681707558e-02,-8.909336461844796773e-02,5.073984131482134341e-02,-1.434647850692272186e-01,6.546400934457778931e+00
2.040000000000000000e+02,2.040000000000001534e-01,4.749843757041277037e+00,9.790041062007981409e-02,-5.583945086495942928e-02,4.522184384366156190e-02,-8.950232036654193202e-02,5.075146084309598710e-02,-1.376358214765787125e-01,6.510539680719375610e+00
2.050000000000000000e+02,2.050000000000001543e-01,4.749832558123316950e+00,9.790669062558557401e-02,-5.600091261987603236e-02,4.450152788987744856e-02,-8.990669037310583533e-02,5.076275933451410149e-02,-1.455637086182832718e-01,6.494250267744064331e+00
2.060000000000000000e+02,2.060000000000001552e-01,4.749821094176390979e+00,9.791291269793966912e-02,-5.616155458073068124e-02,4.378116544402307908e-02,-9.030654529837645050e-02,5.077325168480791018e-02,-1.519882809370756149e-01,6.498141288757324219e+00
2.070000000000000000e+02,2.070000000000001561e-01,4.749809354863845812e+00,9.791902298249983982e-02,-5.632139345430595134e-02,4.306340134900320943e-02,-9.070186593105900030e-02,5.078318336288254603e-02,-1.532997265458106995e-01,6.556740522384643555e+00
2.080000000000000000e+02,2.080000000000001570e-01,4.749797344766341745e+00,9.792500331376360889e-02,-5.648057125886118274e-02,4.234950024080463143e-02,-9.109317347975176560e-02,5.079337832996940610e-02,-1.437218785285949707e-01,6.542063266038894653e+00
2.090000000000000000e+02,2.090000000000001579e-01,4.749785043576850718e+00,9.793087793186656953e-02,-5.663878926214055420e-02,4.163558321335453227e-02,-9.147974877654441173e-02,5.080386653113244666e-02,-1.270015332847833633e-01,6.519897907972335815e+00
2.100000000000000000e+02,2.100000000000001588e-01,4.749772457338232279e+00,9.793668465879107332e-02,-5.679606631185587368e-02,4.092406609084844882e-02,-9.186157283720031153e-02,5.081399257312269047e-02,-1.150017473846673965e-01,6.443417459726333618e+00
2.110000000000000000e+02,2.110000000000001597e-01,4.749759604891166553e+00,9.794244037329868924e-02,-5.695250508299808806e-02,4.021594016413546774e-02,-9.223890062604400697e-02,5.082355604891142936e-02,-1.167499106377363205e-01,6.408399522304534912e+00
2.120000000000000000e+02,2.120000000000001605e-01,4.749746487474090451e+00,9.794819026264664497e-02,-5.710809555694160849e-02,3.950945341185484877e-02,-9.261134562961337302e-02,5.083254109005944793e-02,-1.242245333269238472e-01,6.470551580190658569e+00
2.130000000000000000e+02,2.130000000000001614e-01,4.749733111740798819e+00,9.795385933771538767e-02,-5.726295159097299220e-02,3.880236684267268643e-02,-9.297913597945139941e-02,5.084164447614832050e-02,-1.329074706882238388e-01,6.490307450294494629e+00
2.140000000000000000e+02,2.140000000000001623e-01,4.749719474767942096e+00,9.795939005459396165e-02,-5.741706653669981231e-02,3.809843019470143810e-02,-9.334255551835468623e-02,5.085135388282491231e-02,-1.331553198397159576e-01,6.521621286869049072e+00
2.150000000000000000e+02,2.150000000000001632e-01,4.749705571130560244e+00,9.796469236658260360e-02,-5.757046573351904534e-02,3.739780583308334461e-02,-9.370178736630485616e-02,5.086208698902452974e-02,-1.431259457021951675e-01,6.547326177358627319e+00
2.160000000000000000e+02,2.160000000000001641e-01,4.749691394542212564e+00,9.796979531018730480e-02,-5.772308750513375358e-02,3.670054863336837114e-02,-9.405676134099638652e-02,5.087334873076872210e-02,-1.331415046006441116e-01,6.545937865972518921e+00
2.170000000000000000e+02,2.170000000000001650e-01,4.749676924756434993e+00,9.797475749255545041e-02,-5.787485853173560818e-02,3.600348881585326705e-02,-9.440735171541470017e-02,5.088495549031502724e-02,-1.217063777148723602e-01,6.558347821235656738e+00
2.180000000000000000e+02,2.180000000000001659e-01,4.749662182203288729e+00,9.797949145360240752e-02,-5.802584330451630856e-02,3.530728471343227981e-02,-9.475376951249647739e-02,5.089715841866319923e-02,-1.226934036239981651e-01,6.612407058477401733e+00
2.190000000000000000e+02,2.190000000000001668e-01,4.749647179724520107e+00,9.798398704620667199e-02,-5.817600567724225125e-02,3.461099668103097271e-02,-9.509596900558348054e-02,5.091041566241918948e-02,-1.125417081639170647e-01,6.606438159942626953e+00
2.200000000000000000e+02,2.200000000000001676e-01,4.749631883214337158e+00,9.798834202498525603e-02,-5.832507229709808783e-02,3.391310285742554775e-02,-9.543329929446997539e-02,5.092400316143086414e-02,-1.072881026193499565e-01,6.657258599996566772e+00
2.210000000000000000e+02,2.210000000000001685e-01,4.749616311860809681e+00,9.799259628608635031e-02,-5.847312599760782353e-02,3.321575672365130460e-02,-9.576598944575787087e-02,5.093744578330267059e-02,-1.022756178863346577e-01,6.617446005344390869e+00
2.220000000000000000e+02,2.220000000000001694e-01,4.749600481364469218e+00,9.799681905071482013e-02,-5.862021099595170204e-02,3.252017977519314207e-02,-9.609440580449768454e-02,5.095006899979748205e-02,-1.100536636076867580e-01,6.598159164190292358e+00
2.230000000000000000e+02,2.230000000000001703e-01,4.749584388166325333e+00,9.800094824462339538e-02,-5.876626277734962184e-02,3.182985184871252315e-02,-9.641814785352953443e-02,5.096218405717012345e-02,-1.026093885302543640e-01,6.611217945814132690e+00
2.240000000000000000e+02,2.240000000000001712e-01,4.749568042359365805e+00,9.800482588677260354e-02,-5.891145277704797761e-02,3.114334933998659516e-02,-9.673770629225941775e-02,5.097475615363500356e-02,-1.080603357404470444e-01,6.600348740816116333e+00
2.250000000000000000e+02,2.250000000000001721e-01,4.749551452329920487e+00,9.800850662203688946e-02,-5.905577840687667446e-02,3.045996543396755490e-02,-9.705313775274415633e-02,5.098777810812179373e-02,-1.082425238564610481e-01,6.601812839508056641e+00
2.260000000000000000e+02,2.260000000000001730e-01,4.749534580815454987e+00,9.801207326101024631e-02,-5.919902422860387481e-02,2.977952223598848841e-02,-9.736365424177617633e-02,5.100026308717200280e-02,-1.195354703813791275e-01,6.604969233274459839e+00
2.270000000000000000e+02,2.270000000000001739e-01,4.749517435720401082e+00,9.801544328494732339e-02,-5.934124385207689700e-02,2.910424301605898934e-02,-9.766943335689881600e-02,5.101229873222333511e-02,-1.167636942118406296e-01,6.505518436431884766e+00
2.280000000000000000e+02,2.280000000000001747e-01,4.749500000020230317e+00,9.801867235057441785e-02,-5.948247401521724459e-02,2.843433464688300757e-02,-9.797061099432746722e-02,5.102363089932113183e-02,-1.125332135707139969e-01,6.532696366310119629e+00
2.290000000000000000e+02,2.290000000000001756e-01,4.749482268061254508e+00,9.802174271568593611e-02,-5.962276224263030056e-02,2.776932582129928995e-02,-9.826687016472956948e-02,5.103419338771381097e-02,-1.185973305255174637e-01,6.545240908861160278e+00
2.300000000000000000e+02,2.300000000000001765e-01,4.749464235545017843e+00,9.802472402733523882e-02,-5.976198927405072109e-02,2.710658849800108572e-02,-9.855794401868189780e-02,5.104390880957597465e-02,-1.220516581088304520e-01,6.597919195890426636e+00
2.310000000000000000e+02,2.310000000000001774e-01,4.749445912313299267e+00,9.802764869937485859e-02,-5.990033143121505782e-02,2.644601264695908491e-02,-9.884447448425448535e-02,5.105269008595808566e-02,-9.594183275476098061e-02,6.565223336219787598e+00
2.320000000000000000e+02,2.320000000000001783e-01,4.749427271277414597e+00,9.803057121487195047e-02,-6.003754126793785229e-02,2.578614091070289757e-02,-9.912589182092879092e-02,5.106038367896406638e-02,-1.051821000874042511e-01,6.565810233354568481e+00
2.330000000000000000e+02,2.330000000000001792e-01,4.749408329491061842e+00,9.803346375742959251e-02,-6.017349146043152186e-02,2.512902672226135364e-02,-9.940161811497016942e-02,5.106695695585946465e-02,-1.202312330715358257e-01,6.620812445878982544e+00
2.340000000000000000e+02,2.340000000000001801e-01,4.749389084520489135e+00,9.803629106990270625e-02,-6.030829339743136452e-02,2.447611734540272935e-02,-9.967202684873166518e-02,5.107253829143588997e-02,-1.208322243764996529e-01,6.553562998771667480e+00
2.350000000000000000e+02,2.350000000000001810e-01,4.749369520430461122e+00,9.803912052976543334e-02,-6.044193733037469402e-02,2.382478559469995705e-02,-9.993734132890597088e-02,5.107688020772678528e-02,-1.376415677368640900e-01,6.543905377388000488e+00
2.360000000000000000e+02,2.360000000000001819e-01,4.749349645041095691e+00,9.804194672867583282e-02,-6.057459165403610707e-02,2.317336936824015287e-02,-1.001977999392187346e-01,5.107999049210765891e-02,-1.318202856928110123e-01,6.525450259447097778e+00
2.370000000000000000e+02,2.370000000000001827e-01,4.749329437674359333e+00,9.804475087860729798e-02,-6.070629688878995817e-02,2.252115943501358311e-02,-1.004534879602478892e-01,5.108178649801901894e-02,-1.356741860508918762e-01,6.561753600835800171e+00
2.380000000000000000e+02,2.380000000000001836e-01,4.749308882202774917e+00,9.804744718269228776e-02,-6.083679477292953941e-02,2.186899582866199884e-02,-1.007034546180638479e-01,5.108240099921955435e-02,-1.482832226902246475e-01,6.612108588218688965e+00
2.390000000000000000e+02,2.390000000000001845e-01,4.749287975448912569e+00,9.804999183601731394e-02,-6.096606439063640553e-02,2.121820545334471980e-02,-1.009478062764952444e-01,5.108203333696476750e-02,-1.436798628419637680e-01,6.609829455614089966e+00
2.400000000000000000e+02,2.400000000000001854e-01,4.749266709222612626e+00,9.805238777022499963e-02,-6.109413490218239956e-02,2.056977089712794249e-02,-1.011868822648245292e-01,5.108090813419789711e-02,-1.412498466670513153e-01,6.572264283895492554e+00
2.410000000000000000e+02,2.410000000000001863e-01,4.749245094986443760e+00,9.805467672197909490e-02,-6.122107395468716351e-02,1.992411787246908123e-02,-1.014208962396907499e-01,5.107895957649282587e-02,-1.237470768392086029e-01,6.520325094461441040e+00
2.420000000000000000e+02,2.420000000000001872e-01,4.749223127309724291e+00,9.805691952129277911e-02,-6.134691009797955952e-02,1.928230203217070129e-02,-1.016497548934132134e-01,5.107532128164501972e-02,-1.243518721312284470e-01,6.552360832691192627e+00
2.430000000000000000e+02,2.430000000000001881e-01,4.749200830830735853e+00,9.805913116375704341e-02,-6.147174021155034362e-02,1.864423021828104030e-02,-1.018735366229621686e-01,5.106993515344000756e-02,-1.228349320590496063e-01,6.547234266996383667e+00
2.440000000000000000e+02,2.440000000000001890e-01,4.749178220433551978e+00,9.806125183367693510e-02,-6.159562073149042749e-02,1.800658388709910560e-02,-1.020925886849710640e-01,5.106345461405883968e-02,-1.304195504635572433e-01,6.576411306858062744e+00
2.450000000000000000e+02,2.450000000000001898e-01,4.749155294112108017e+00,9.806325903226499607e-02,-6.171851144612577195e-02,1.736929735936466532e-02,-1.023067585940908852e-01,5.105624358200222535e-02,-1.298258109018206596e-01,6.602811545133590698e+00
2.460000000000000000e+02,2.460000000000001907e-01,4.749132040925033493e+00,9.806516965178564693e-02,-6.184037668080210465e-02,1.672677654607404932e-02,-1.025160677461307568e-01,5.104818294973360870e-02,-1.387406978756189346e-01,6.610350608825683594e+00
2.470000000000000000e+02,2.470000000000001916e-01,4.749108465574893856e+00,9.806695998466892494e-02,-6.196122364086916606e-02,1.607691615604331034e-02,-1.027206729202796431e-01,5.103962003552769966e-02,-1.283919420093297958e-01,6.683369070291519165e+00
2.480000000000000000e+02,2.480000000000001925e-01,4.749084565997697460e+00,9.806852220696372913e-02,-6.208111441386367918e-02,1.541849703788822357e-02,-1.029208198366338145e-01,5.103096811426689750e-02,-1.212653229013085365e-01,6.716209441423416138e+00
2.490000000000000000e+02,2.490000000000001934e-01,4.749060355266352396e+00,9.806978614053808718e-02,-6.219991943662137729e-02,1.475335092007349497e-02,-1.031164259729200339e-01,5.102257415624412290e-02,-1.219182731583714485e-01,6.742313534021377563e+00
2.500000000000000000e+02,2.500000000000001665e-01,4.749035853060089352e+00,9.807070461391674543e-02,-6.231767718551473045e-02,1.408446179274605928e-02,-1.033077737979504196e-01,5.101462742285957364e-02,-1.298108408227562904e-01,6.735077351331710815e+00
2.510000000000000000e+02,2.510000000000001674e-01,4.749011053520560743e+00,9.807126584586878248e-02,-6.243430421191098478e-02,1.340945475524023267e-02,-1.034947147062714734e-01,5.100748540905850059e-02,-1.239067725837230682e-01,6.754840523004531860e+00
2.520000000000000000e+02,2.520000000000001683e-01,4.748985944382398294e+00,9.807138699100211021e-02,-6.254976161542045998e-02,1.272994984137511970e-02,-1.036770863200877635e-01,5.100174647961853297e-02,-1.232111975550651550e-01,6.737518280744552612e+00
2.530000000000000000e+02,2.530000000000001692e-01,4.748960536241182417e+00,9.807112308056006866e-02,-6.266408028931391705e-02,1.204640317813222838e-02,-1.038550781973401893e-01,5.099681195610585027e-02,-1.147691197693347931e-01,6.698588728904724121e+00
2.540000000000000000e+02,2.540000000000001701e-01,4.748934820449832728e+00,9.807044653126534284e-02,-6.277718384722739964e-02,1.135962480401415606e-02,-1.040283532322068272e-01,5.099284771229911639e-02,-1.094522625207901001e-01,6.733734756708145142e+00
2.550000000000000000e+02,2.550000000000001710e-01,4.748908810459278484e+00,9.806935928445895123e-02,-6.288913534092781255e-02,1.066856823257120862e-02,-1.041969367324802054e-01,5.099000506582787584e-02,-9.874556213617324829e-02,6.814180374145507812e+00
2.560000000000000000e+02,2.560000000000001719e-01,4.748882514637840835e+00,9.806787977015256341e-02,-6.299990096754561064e-02,9.972759543072088478e-03,-1.043608801623669979e-01,5.098810682020188390e-02,-9.684271365404129028e-02,6.751121878623962402e+00
2.570000000000000000e+02,2.570000000000001728e-01,4.748855964615015246e+00,9.806594192756913630e-02,-6.310946720551818823e-02,9.275326560130085080e-03,-1.045205193296645518e-01,5.098786955979776880e-02,-1.127491649240255356e-01,6.738654673099517822e+00
2.580000000000000000e+02,2.580000000000001736e-01,4.748829163351406812e+00,9.806356241020680597e-02,-6.321791803246781805e-02,8.576978572918756566e-03,-1.046758319896572420e-01,5.098932795840475929e-02,-1.121868947520852089e-01,6.731660932302474976e+00
2.590000000000000000e+02,2.590000000000001745e-01,4.748802093552428438e+00,9.806081109426251219e-02,-6.332533721558228357e-02,7.878244229543692606e-03,-1.048270326837539290e-01,5.099203111457135951e-02,-1.208685776218771935e-01,6.717704296112060547e+00
2.600000000000000000e+02,2.600000000000001754e-01,4.748774749137043116e+00,9.805772587536124019e-02,-6.343170907904042977e-02,7.180016687004197457e-03,-1.049740359539961254e-01,5.099589914129352974e-02,-1.192949367687106133e-01,6.684221357107162476e+00
2.610000000000000000e+02,2.610000000000001763e-01,4.748747105467540308e+00,9.805426679097432874e-02,-6.353692914270094028e-02,6.480590707966138453e-03,-1.051164287576691336e-01,5.100109975888268699e-02,-1.218596920371055603e-01,6.689979314804077148e+00
2.620000000000000000e+02,2.620000000000001772e-01,4.748719168285499670e+00,9.805050320387752316e-02,-6.364109366491202402e-02,5.779909096133996338e-03,-1.052543697755439212e-01,5.100728532236498830e-02,-1.308969920501112938e-01,6.773215353488922119e+00
2.630000000000000000e+02,2.630000000000001781e-01,4.748690940407164440e+00,9.804642576757537087e-02,-6.374425065686192826e-02,5.076642696322849341e-03,-1.053880468475785204e-01,5.101462499813079476e-02,-1.340360697358846664e-01,6.836037933826446533e+00
2.640000000000000000e+02,2.640000000000001790e-01,4.748662409411259944e+00,9.804203006685928423e-02,-6.384629436359799681e-02,4.369880538699747602e-03,-1.055175013463420797e-01,5.102282109813392752e-02,-1.289333449676632881e-01,6.922129333019256592e+00
2.650000000000000000e+02,2.650000000000001799e-01,4.748633573981289047e+00,9.803729216080038500e-02,-6.394713457964484871e-02,3.658891205368990096e-03,-1.056427308386194142e-01,5.103201739822205152e-02,-1.350873140618205070e-01,6.923224091529846191e+00
2.660000000000000000e+02,2.660000000000001807e-01,4.748604450769978946e+00,9.803214898857047499e-02,-6.404669892606905390e-02,2.942598022270249275e-03,-1.057639035531336980e-01,5.104257857681371302e-02,-1.434752224013209343e-01,6.941257357597351074e+00
2.670000000000000000e+02,2.670000000000001816e-01,4.748575046085591111e+00,9.802665284466953455e-02,-6.414514588698388975e-02,2.220220501327085927e-03,-1.058815525489802400e-01,5.105449429868175876e-02,-1.449038558639585972e-01,6.948618501424789429e+00
2.680000000000000000e+02,2.680000000000001825e-01,4.748545346314002380e+00,9.802086066838350265e-02,-6.424244734749533225e-02,1.489997465130454835e-03,-1.059956703380071641e-01,5.106745741427674151e-02,-1.407851641997694969e-01,6.949848502874374390e+00
2.690000000000000000e+02,2.690000000000001834e-01,4.748515347847026113e+00,9.801474291173298270e-02,-6.433855698017224012e-02,7.520834516855715024e-04,-1.061061377859440213e-01,5.108166902539998389e-02,-1.373315928503870964e-01,7.029549181461334229e+00
2.700000000000000000e+02,2.700000000000001843e-01,4.748485054575560582e+00,9.800830601025370403e-02,-6.443346597217187999e-02,6.002598854932400529e-06,-1.062129319697708851e-01,5.109726591170216103e-02,-1.325749643146991730e-01,7.074096232652664185e+00
2.710000000000000000e+02,2.710000000000001852e-01,4.748454460925806586e+00,9.800157535723146018e-02,-6.452702482150209085e-02,-7.447946101457603163e-04,-1.063159309036803002e-01,5.111353843073152686e-02,-1.571138203435111791e-01,7.071763545274734497e+00
2.720000000000000000e+02,2.720000000000001861e-01,4.748423590674295980e+00,9.799456092213204572e-02,-6.461934680698422362e-02,-1.501601103543914739e-03,-1.064157235904916732e-01,5.113071978403110895e-02,-1.589397205971181393e-01,7.078644275665283203e+00
2.730000000000000000e+02,2.730000000000001870e-01,4.748392416684860784e+00,9.798726607648911013e-02,-6.471049169510409427e-02,-2.263867535928387742e-03,-1.065124975757598680e-01,5.114867008383836705e-02,-1.514847083017230034e-01,7.055882215499877930e+00
2.740000000000000000e+02,2.740000000000001878e-01,4.748360949981198509e+00,9.797964453528763829e-02,-6.480055093223965890e-02,-3.029386437140228761e-03,-1.066065882097433359e-01,5.116763318649506648e-02,-1.578084379434585571e-01,7.037743538618087769e+00
2.750000000000000000e+02,2.750000000000001887e-01,4.748329186298304805e+00,9.797160123430476153e-02,-6.488940553271954625e-02,-3.793679386427370459e-03,-1.066974880688271732e-01,5.118787527419555589e-02,-1.510164725477807224e-01,6.995327323675155640e+00
2.760000000000000000e+02,2.760000000000001896e-01,4.748297105606686941e+00,9.796320275264915056e-02,-6.497699563367365094e-02,-4.557078443557311537e-03,-1.067849118985728651e-01,5.120933287831244685e-02,-1.423905878327786922e-01,6.930223017930984497e+00
2.770000000000000000e+02,2.770000000000001905e-01,4.748264720543450501e+00,9.795441430992712917e-02,-6.506341866337359003e-02,-5.315464250882740577e-03,-1.068689755418752441e-01,5.123274480259601416e-02,-1.413204465061426163e-01,6.929564028978347778e+00
2.780000000000000000e+02,2.780000000000001914e-01,4.748232045725180761e+00,9.794529331233900460e-02,-6.514884313203250787e-02,-6.067756678636126999e-03,-1.069499286286705875e-01,5.125768620705901252e-02,-1.431616181507706642e-01,6.920660436153411865e+00
2.790000000000000000e+02,2.790000000000001923e-01,4.748199070194191407e+00,9.793587533158938652e-02,-6.523320660804866888e-02,-6.812367510739113924e-03,-1.070275574489161219e-01,5.128380288173249590e-02,-1.446684412658214569e-01,6.852981895208358765e+00
2.800000000000000000e+02,2.800000000000001932e-01,4.748165780821327786e+00,9.792609088225469327e-02,-6.531638258509117612e-02,-7.549587125972024443e-03,-1.071013960036977242e-01,5.131155574988865986e-02,-1.505256239324808121e-01,6.919459521770477295e+00
2.810000000000000000e+02,2.810000000000001941e-01,4.748132179507737582e+00,9.791599970652790919e-02,-6.539852830040082665e-02,-8.278470938828982884e-03,-1.071716473678632209e-01,5.134034543643514747e-02,-1.506977211683988571e-01,6.897427827119827271e+00
2.820000000000000000e+02,2.820000000000001950e-01,4.748098249576718999e+00,9.790567446340546487e-02,-6.547953404892548068e-02,-8.996875442481202384e-03,-1.072382577884576360e-01,5.136991871220707162e-02,-1.691673384048044682e-01,6.901944935321807861e+00
2.830000000000000000e+02,2.830000000000001958e-01,4.748063987879297621e+00,9.789511019522187385e-02,-6.555942468881828522e-02,-9.706452324686577066e-03,-1.073012056990896301e-01,5.140010760622255870e-02,-1.640207835007458925e-01,6.823876142501831055e+00
2.840000000000000000e+02,2.840000000000001967e-01,4.748029374940045955e+00,9.788420644714132535e-02,-6.563821508482364786e-02,-1.040868647511139153e-02,-1.073605563550548148e-01,5.143173728595630545e-02,-1.650140489218756557e-01,6.815831691026687622e+00
2.850000000000000000e+02,2.850000000000001976e-01,4.747994421419173605e+00,9.787294131841101086e-02,-6.571602135062189209e-02,-1.110638016839595246e-02,-1.074163266935310723e-01,5.146488585747441280e-02,-1.613742401823401451e-01,6.800994157791137695e+00
2.860000000000000000e+02,2.860000000000001985e-01,4.747959124595743319e+00,9.786124458976812324e-02,-6.579282000610744974e-02,-1.179880140573049199e-02,-1.074683982113588954e-01,5.149967980643389842e-02,-1.615235684439539909e-01,6.794769525527954102e+00
2.870000000000000000e+02,2.870000000000001994e-01,4.747923484593638221e+00,9.784909079331557957e-02,-6.586860124044451037e-02,-1.248521811963143602e-02,-1.075166647309706569e-01,5.153607804930074310e-02,-1.587466290220618248e-01,6.810829639434814453e+00
2.880000000000000000e+02,2.880000000000002003e-01,4.747887504452194207e+00,9.783643726620280812e-02,-6.594340733567233270e-02,-1.316377612141589673e-02,-1.075612350462114009e-01,5.157399053346800599e-02,-1.615645233541727066e-01,6.815112531185150146e+00
2.890000000000000000e+02,2.890000000000002012e-01,4.747851202985735597e+00,9.782334212505588988e-02,-6.601735655467534658e-02,-1.383698771395341226e-02,-1.076025776971094583e-01,5.161346971579266335e-02,-1.556649412959814072e-01,6.750993490219116211e+00
2.900000000000000000e+02,2.900000000000002021e-01,4.747814582566051378e+00,9.780989869291709105e-02,-6.609055734913865665e-02,-1.450462003981693032e-02,-1.076410755502421601e-01,5.165387504882510555e-02,-1.546412119641900063e-01,6.720064073801040649e+00
2.910000000000000000e+02,2.910000000000002029e-01,4.747777640761832174e+00,9.779619131231799545e-02,-6.616305191196023006e-02,-1.516549442536763159e-02,-1.076765651200009000e-01,5.169471053732713206e-02,-1.772490101866424084e-01,6.741218566894531250e+00
2.920000000000000000e+02,2.920000000000002038e-01,4.747740374135442032e+00,9.778224653872030769e-02,-6.623483565034181397e-02,-1.581756401887691663e-02,-1.077088866089817021e-01,5.173571303525864584e-02,-1.694319243542850018e-01,6.728541702032089233e+00
2.930000000000000000e+02,2.930000000000002047e-01,4.747702771632998697e+00,9.776807652119970382e-02,-6.630607063877916318e-02,-1.645909586451712800e-02,-1.077386782738243287e-01,5.177689589151730776e-02,-1.685824184678494930e-01,6.684392690658569336e+00
2.940000000000000000e+02,2.940000000000002056e-01,4.747664849026904221e+00,9.775369541142947538e-02,-6.637683908012928513e-02,-1.708957782802218717e-02,-1.077661516117085494e-01,5.181819595567649372e-02,-1.648690272122621536e-01,6.716732293367385864e+00
2.950000000000000000e+02,2.950000000000002065e-01,4.747626594780173015e+00,9.773913522131325027e-02,-6.644710717840870973e-02,-1.770809976345945683e-02,-1.077909855087180180e-01,5.185938301129659755e-02,-1.575312390923500061e-01,6.676586180925369263e+00
2.960000000000000000e+02,2.960000000000002074e-01,4.747588003482351660e+00,9.772434621417552814e-02,-6.651671004485357197e-02,-1.831177448871781216e-02,-1.078127778430446604e-01,5.190087131719244712e-02,-1.581853595562279224e-01,6.641139566898345947e+00
2.970000000000000000e+02,2.970000000000002083e-01,4.747549072900336675e+00,9.770940249637551089e-02,-6.658565328327897825e-02,-1.890114964945457249e-02,-1.078313569762185953e-01,5.194220744296566133e-02,-1.628688107011839747e-01,6.647820681333541870e+00
2.980000000000000000e+02,2.980000000000002092e-01,4.747509802328085726e+00,9.769446475704893218e-02,-6.665405710764769898e-02,-1.947917386390273300e-02,-1.078469661193484086e-01,5.198241089815437699e-02,-1.581496535800397396e-01,6.676724791526794434e+00
2.990000000000000000e+02,2.990000000000002101e-01,4.747470201221920760e+00,9.767942922813208084e-02,-6.672202592527241849e-02,-2.004646101265737321e-02,-1.078599763039216342e-01,5.202216298128264915e-02,-1.628991037141531706e-01,6.684290289878845215e+00
3.000000000000000000e+02,3.000000000000002109e-01,4.747430273877484730e+00,9.766422634291899163e-02,-6.678944815727884399e-02,-2.060062708265459133e-02,-1.078701581147500921e-01,5.206146995376453868e-02,-1.708078463561832905e-01,6.659837096929550171e+00
3.010000000000000000e+02,3.010000000000002118e-01,4.747390004130948249e+00,9.764892681826559118e-02,-6.685624432773382142e-02,-2.114296447729306638e-02,-1.078772881800738048e-01,5.210000825885197084e-02,-1.602870607748627663e-01,6.614008367061614990e+00
3.020000000000000000e+02,3.020000000000002127e-01,4.747349375701007901e+00,9.763360316072448863e-02,-6.692244049028475694e-02,-2.167263244882005821e-02,-1.078813412272945360e-01,5.213734408763451289e-02,-1.787507687695324421e-01,6.700991660356521606e+00
3.030000000000000000e+02,3.030000000000002136e-01,4.747308414428678347e+00,9.761826073297644180e-02,-6.698819137926731448e-02,-2.218897591370369571e-02,-1.078826214831511976e-01,5.217326992745648095e-02,-1.809320081956684589e-01,6.656616091728210449e+00
3.040000000000000000e+02,3.040000000000002145e-01,4.747267099643774912e+00,9.760283710191333673e-02,-6.705339535554166730e-02,-2.269101626130158242e-02,-1.078811959898897666e-01,5.220834575691576940e-02,-1.890632594004273415e-01,6.644066125154495239e+00
3.050000000000000000e+02,3.050000000000002154e-01,4.747225410748367125e+00,9.758735770532399323e-02,-6.711797072262960795e-02,-2.317789351604997161e-02,-1.078765872747415866e-01,5.224227062589215098e-02,-1.953534819185733795e-01,6.672170937061309814e+00
3.060000000000000000e+02,3.060000000000002163e-01,4.747183330840496041e+00,9.757190010644180289e-02,-6.718193529698708588e-02,-2.364974641315552989e-02,-1.078688025833904884e-01,5.227444222065451979e-02,-1.832244214601814747e-01,6.609179764986038208e+00
3.070000000000000000e+02,3.070000000000002172e-01,4.747140856312387136e+00,9.755649384931922019e-02,-6.724531018438596741e-02,-2.410701216291455742e-02,-1.078580492861189732e-01,5.230468429775117500e-02,-1.831680759787559509e-01,6.629765331745147705e+00
3.080000000000000000e+02,3.080000000000002180e-01,4.747097996331660852e+00,9.754113684563839315e-02,-6.730811805215838883e-02,-2.455090149737824273e-02,-1.078441078308041146e-01,5.233287447810659049e-02,-1.783147375099360943e-01,6.673694849014282227e+00
3.090000000000000000e+02,3.090000000000002189e-01,4.747054760500889259e+00,9.752581560634560054e-02,-6.737040299502501661e-02,-2.498168639302404334e-02,-1.078272294121374042e-01,5.235889485529660048e-02,-1.636336776427924633e-01,6.627062082290649414e+00
3.100000000000000000e+02,3.100000000000002198e-01,4.747011157965998152e+00,9.751053051154058571e-02,-6.743212419765438892e-02,-2.539802138576897905e-02,-1.078074913419160286e-01,5.238258688801199214e-02,-1.690780576318502426e-01,6.637920618057250977e+00
3.110000000000000000e+02,3.110000000000002207e-01,4.746967202150695009e+00,9.749532005757058362e-02,-6.749328150403091642e-02,-2.580065300254715671e-02,-1.077846629782941434e-01,5.240436801484022605e-02,-1.642021299339830875e-01,6.573058724403381348e+00
3.120000000000000000e+02,3.120000000000002216e-01,4.746922890820105323e+00,9.748020712368435370e-02,-6.755391525849818724e-02,-2.619040022869964512e-02,-1.077589300453489773e-01,5.242426020492296779e-02,-1.602932512760162354e-01,6.555601030588150024e+00
3.130000000000000000e+02,3.130000000000002225e-01,4.746878230112662855e+00,9.746511302131130594e-02,-6.761408283392678076e-02,-2.656542312441460135e-02,-1.077301696259291841e-01,5.244269691969326991e-02,-1.681180633604526520e-01,6.625158578157424927e+00
3.140000000000000000e+02,3.140000000000002234e-01,4.746833237228483604e+00,9.745002442014888411e-02,-6.767391876890582747e-02,-2.692432897408523346e-02,-1.076987467915677676e-01,5.245965752314406955e-02,-1.662867823615670204e-01,6.617187559604644775e+00
3.150000000000000000e+02,3.150000000000002243e-01,4.746787906864791573e+00,9.743488598491847896e-02,-6.773334312815533498e-02,-2.726658059794027228e-02,-1.076647227949902863e-01,5.247548835176981535e-02,-1.604593470692634583e-01,6.635913372039794922e+00
3.160000000000000000e+02,3.160000000000002252e-01,4.746742242885733098e+00,9.741969278390655296e-02,-6.779236401174890125e-02,-2.759218786812877439e-02,-1.076280860911869031e-01,5.249033464928778286e-02,-1.596760116517543793e-01,6.626279890537261963e+00
3.170000000000000000e+02,3.170000000000002260e-01,4.746696233574033030e+00,9.740448758438484400e-02,-6.785076003777175402e-02,-2.790083929436504295e-02,-1.075881852379181325e-01,5.250440432404603064e-02,-1.578971128910779953e-01,6.635418593883514404e+00
3.180000000000000000e+02,3.180000000000002269e-01,4.746649892184199970e+00,9.738934207808451482e-02,-6.790870108525527693e-02,-2.819559661650242535e-02,-1.075455530808906435e-01,5.251697348584646874e-02,-1.683619571849703789e-01,6.667973995208740234e+00
3.190000000000000000e+02,3.190000000000002278e-01,4.746603213871311233e+00,9.737415283338338168e-02,-6.796607703941001666e-02,-2.847486998025849231e-02,-1.074998574404613105e-01,5.252855851847717389e-02,-1.724067088216543198e-01,6.636103570461273193e+00
3.200000000000000000e+02,3.200000000000002287e-01,4.746556180394347457e+00,9.735897021232865767e-02,-6.802281429945795932e-02,-2.873975503492531489e-02,-1.074510197031328662e-01,5.253874011129876231e-02,-1.703935777768492699e-01,6.581595897674560547e+00
3.210000000000000000e+02,3.210000000000002296e-01,4.746508791840371444e+00,9.734372723291404017e-02,-6.807898032998503657e-02,-2.899123614742071808e-02,-1.073991044683133556e-01,5.254806749087560791e-02,-1.568796187639236450e-01,6.622354745864868164e+00
3.220000000000000000e+02,3.220000000000002305e-01,4.746461038735939830e+00,9.732843698880694339e-02,-6.813452884713230850e-02,-2.923211063740110624e-02,-1.073436930276923107e-01,5.255686166057865760e-02,-1.449651475995779037e-01,6.613655745983123779e+00
3.230000000000000000e+02,3.230000000000002314e-01,4.746412957160014656e+00,9.731314573880452123e-02,-6.818958259638507879e-02,-2.946226882144230286e-02,-1.072853902597687981e-01,5.256483554435328887e-02,-1.635426562279462814e-01,6.645549297332763672e+00
3.240000000000000000e+02,3.240000000000002323e-01,4.746364560675568889e+00,9.729784797085376524e-02,-6.824411651005629631e-02,-2.967942455708612315e-02,-1.072240773220540788e-01,5.257180367126598752e-02,-1.626910008490085602e-01,6.627127140760421753e+00
3.250000000000000000e+02,3.250000000000002331e-01,4.746315827135410004e+00,9.728251058398332263e-02,-6.829809080668104715e-02,-2.988254580419709427e-02,-1.071597686303613628e-01,5.257814052121419224e-02,-1.846646592020988464e-01,6.708796083927154541e+00
3.260000000000000000e+02,3.260000000000002340e-01,4.746266750750147700e+00,9.726712346847415924e-02,-6.835145429770457526e-02,-3.006926016403152491e-02,-1.070922125173665584e-01,5.258370352250421598e-02,-1.819641292095184326e-01,6.698910504579544067e+00
3.270000000000000000e+02,3.270000000000002349e-01,4.746217324467284726e+00,9.725173811239397337e-02,-6.840432303690950622e-02,-3.024206329251561548e-02,-1.070221888064450955e-01,5.258825719287808093e-02,-1.932637477293610573e-01,6.674240916967391968e+00
3.280000000000000000e+02,3.280000000000002358e-01,4.746167549524565210e+00,9.723637326959466698e-02,-6.845668777371126390e-02,-3.040269114475617138e-02,-1.069496169181969325e-01,5.259191744424547565e-02,-1.961123542860150337e-01,6.690405845642089844e+00
3.290000000000000000e+02,3.290000000000002367e-01,4.746117419184740172e+00,9.722089619946294725e-02,-6.850858492417327694e-02,-3.055459350240724917e-02,-1.068745097774477237e-01,5.259501589406807842e-02,-2.035713850054889917e-01,6.717676609754562378e+00
3.300000000000000000e+02,3.300000000000002376e-01,4.746066924319976010e+00,9.720533135172823580e-02,-6.855992402149858889e-02,-3.069873512211240135e-02,-1.067966475188819597e-01,5.259755603836031163e-02,-1.880415417253971100e-01,6.656901359558105469e+00
3.310000000000000000e+02,3.310000000000002385e-01,4.746016057268970911e+00,9.718962495946348312e-02,-6.861069412669937306e-02,-3.083568695950461916e-02,-1.067161225486945586e-01,5.259956020641325114e-02,-1.803020397201180458e-01,6.598025172948837280e+00
3.320000000000000000e+02,3.320000000000002394e-01,4.745964841346816954e+00,9.717366000124556813e-02,-6.866093857342708828e-02,-3.096506124003862298e-02,-1.066327886413551695e-01,5.260146323611367830e-02,-1.965125333517789841e-01,6.670340269804000854e+00
3.330000000000000000e+02,3.330000000000002403e-01,4.745913265834820649e+00,9.715740998589762756e-02,-6.871054347432963005e-02,-3.108816115772949917e-02,-1.065459888458690774e-01,5.260320984881294848e-02,-1.856593284755945206e-01,6.682103157043457031e+00
3.340000000000000000e+02,3.340000000000002411e-01,4.745861334020005096e+00,9.714100399723496482e-02,-6.875964387710155334e-02,-3.120765658662220943e-02,-1.064565312802068231e-01,5.260436301573589990e-02,-1.778190173208713531e-01,6.625600159168243408e+00
3.350000000000000000e+02,3.350000000000002420e-01,4.745809054998731291e+00,9.712453975765830694e-02,-6.880819447682137713e-02,-3.132230887073052250e-02,-1.063643313742157481e-01,5.260436997589050534e-02,-1.709747053682804108e-01,6.660665363073348999e+00
3.360000000000000000e+02,3.360000000000002429e-01,4.745756457483330415e+00,9.710797340232565911e-02,-6.885644089232563492e-02,-3.143390887046647320e-02,-1.062699385706527000e-01,5.260323818397620588e-02,-2.001820630393922329e-01,6.685609757900238037e+00
3.370000000000000000e+02,3.370000000000002438e-01,4.745703565007374891e+00,9.709126043825329344e-02,-6.890444291201563987e-02,-3.154020793028611963e-02,-1.061737133396107868e-01,5.260122125180174274e-02,-1.988627999089658260e-01,6.714804589748382568e+00
3.380000000000000000e+02,3.380000000000002447e-01,4.745650321480995970e+00,9.707452244624949211e-02,-6.895206285158447801e-02,-3.163901745350693184e-02,-1.060753314487905552e-01,5.259757928456136600e-02,-1.907428903505206108e-01,6.737102121114730835e+00
3.390000000000000000e+02,3.390000000000002456e-01,4.745596751832137805e+00,9.705759060035196173e-02,-6.899940522784879515e-02,-3.172807122830025028e-02,-1.059752461979344140e-01,5.259379058137055030e-02,-1.982939513400197029e-01,6.785145342350006104e+00
3.400000000000000000e+02,3.400000000000002465e-01,4.745542863155993274e+00,9.704048040881320392e-02,-6.904639980555901668e-02,-3.180938567229944086e-02,-1.058733280506662933e-01,5.258989657901683851e-02,-2.029903973452746868e-01,6.834464102983474731e+00
3.410000000000000000e+02,3.410000000000002474e-01,4.745488652144651098e+00,9.702314756687850650e-02,-6.909297534373515237e-02,-3.188451113152269284e-02,-1.057695810785483914e-01,5.258597182144659349e-02,-1.994418706744909286e-01,6.809683442115783691e+00
3.420000000000000000e+02,3.420000000000002482e-01,4.745434127739219576e+00,9.700555498198160098e-02,-6.913919421321572389e-02,-3.195333712693809031e-02,-1.056644350982738345e-01,5.258246092798384702e-02,-1.938698636367917061e-01,6.809544652700424194e+00
3.430000000000000000e+02,3.430000000000002491e-01,4.745379291849209480e+00,9.698770761704800236e-02,-6.918506103907254290e-02,-3.201959212595753557e-02,-1.055577873722692850e-01,5.257942794014912324e-02,-1.951865605078637600e-01,6.785808145999908447e+00
3.440000000000000000e+02,3.440000000000002500e-01,4.745324162287494651e+00,9.696957006540696256e-02,-6.923063417873613623e-02,-3.208460248955868899e-02,-1.054498140933610717e-01,5.257765445866993681e-02,-1.986996857449412346e-01,6.845647722482681274e+00
3.450000000000000000e+02,3.450000000000002509e-01,4.745268723950206713e+00,9.695113414720096801e-02,-6.927582124721239076e-02,-3.214825082110246701e-02,-1.053401039333059508e-01,5.257687604967635486e-02,-1.884243357926607132e-01,6.836196452379226685e+00
3.460000000000000000e+02,3.460000000000002518e-01,4.745212979174435297e+00,9.693237643929457359e-02,-6.932057531721404209e-02,-3.220960202845549181e-02,-1.052287869673569354e-01,5.257719688460150975e-02,-1.910532992333173752e-01,6.922100871801376343e+00
3.470000000000000000e+02,3.470000000000002527e-01,4.745156952203216427e+00,9.691328771574297951e-02,-6.936496438383768504e-02,-3.227137321460814973e-02,-1.051160284400793898e-01,5.257938601379383986e-02,-1.936911158263683319e-01,6.982918798923492432e+00
3.480000000000000000e+02,3.480000000000002536e-01,4.745100669721601605e+00,9.689381956683977559e-02,-6.940911949302874806e-02,-3.233347959016284745e-02,-1.050026730422290999e-01,5.258360982049935239e-02,-1.957750176079571247e-01,6.987916886806488037e+00
3.490000000000000000e+02,3.490000000000002545e-01,4.745044116877496165e+00,9.687397803978559097e-02,-6.945290165240186608e-02,-3.239494256837618935e-02,-1.048885464755309194e-01,5.258950772382031680e-02,-1.949959741905331612e-01,6.975671410560607910e+00
3.500000000000000000e+02,3.500000000000002554e-01,4.744987304434900466e+00,9.685371980827325866e-02,-6.949642190054913793e-02,-3.245535989390587600e-02,-1.047740415445475026e-01,5.259715368937604302e-02,-1.823572758585214615e-01,6.938276857137680054e+00
3.510000000000000000e+02,3.510000000000002562e-01,4.744930233226346772e+00,9.683305195641808694e-02,-6.953966627143147450e-02,-3.251890391363075616e-02,-1.046590607088615510e-01,5.260657981636415736e-02,-1.821114458143711090e-01,6.956864327192306519e+00
3.520000000000000000e+02,3.520000000000002571e-01,4.744872915892202059e+00,9.681196060283452087e-02,-6.958263159930623554e-02,-3.258495552437869897e-02,-1.045434230204016490e-01,5.261760161292309418e-02,-1.781567092984914780e-01,6.969164162874221802e+00
3.530000000000000000e+02,3.530000000000002580e-01,4.744815341078533422e+00,9.679036880324540237e-02,-6.962515974712592259e-02,-3.265413171492605876e-02,-1.044266763905832285e-01,5.263079838817876638e-02,-1.793153118342161179e-01,7.058265298604965210e+00
3.540000000000000000e+02,3.540000000000002589e-01,4.744757531410540352e+00,9.676822548934155277e-02,-6.966734412532063492e-02,-3.272670628080967536e-02,-1.043091776187203834e-01,5.264687430550014924e-02,-1.911909040063619614e-01,7.147350430488586426e+00
3.550000000000000000e+02,3.550000000000002598e-01,4.744699477197459991e+00,9.674557933817652666e-02,-6.970901687380198775e-02,-3.280122925265314265e-02,-1.041907887390067788e-01,5.266562554940059510e-02,-1.678196620196104050e-01,7.155716776847839355e+00
3.560000000000000000e+02,3.560000000000002607e-01,4.744641192667265805e+00,9.672244833998611124e-02,-6.975034711443070523e-02,-3.287515510601062008e-02,-1.040725024154842693e-01,5.268676357155832601e-02,-1.754401158541440964e-01,7.275731891393661499e+00
3.570000000000000000e+02,3.570000000000002616e-01,4.744582721862652619e+00,9.669884310653867332e-02,-6.979142112797837028e-02,-3.294708027074084306e-02,-1.039546396052735133e-01,5.271045974126942896e-02,-1.944188028573989868e-01,7.359091371297836304e+00
3.580000000000000000e+02,3.580000000000002625e-01,4.744524065726042572e+00,9.667472753054723311e-02,-6.983217225860324784e-02,-3.301887140393788139e-02,-1.038375500277592955e-01,5.273671562209526070e-02,-1.777375787496566772e-01,7.356924235820770264e+00
3.590000000000000000e+02,3.590000000000002633e-01,4.744465223593597791e+00,9.665008941888793281e-02,-6.987271623767633832e-02,-3.309159810216216746e-02,-1.037220240580285502e-01,5.276534773699502467e-02,-1.632379665970802307e-01,7.348511576652526855e+00
3.600000000000000000e+02,3.600000000000002642e-01,4.744406226536779236e+00,9.662497709359145481e-02,-6.991315650512501534e-02,-3.316669297570863650e-02,-1.036083961790890129e-01,5.279616616940258078e-02,-1.510260030627250671e-01,7.357096105813980103e+00
3.610000000000000000e+02,3.610000000000002651e-01,4.744347101655930210e+00,9.659930928525201077e-02,-6.995352125995407677e-02,-3.324694901940918046e-02,-1.034967093645868808e-01,5.282985386299057784e-02,-1.334443371742963791e-01,7.390720367431640625e+00
3.620000000000000000e+02,3.620000000000002660e-01,4.744287863165996377e+00,9.657299187498862014e-02,-6.999373791697922897e-02,-3.333105813415945806e-02,-1.033867581561431770e-01,5.286672881552699488e-02,-1.264596227556467056e-01,7.314539730548858643e+00
3.630000000000000000e+02,3.630000000000002669e-01,4.744228529523971005e+00,9.654609005976623470e-02,-7.003372300075480505e-02,-3.341981182117088195e-02,-1.032784331700493663e-01,5.290635927719605086e-02,-1.145559344440698624e-01,7.327260375022888184e+00
3.640000000000000000e+02,3.640000000000002678e-01,4.744169105940797770e+00,9.651858871981115751e-02,-7.007351891059737659e-02,-3.351359306665965820e-02,-1.031715168361728718e-01,5.294881419928616773e-02,-1.135900784283876419e-01,7.311521202325820923e+00
3.650000000000000000e+02,3.650000000000002687e-01,4.744109602000267323e+00,9.649051399087757441e-02,-7.011305667979120249e-02,-3.361164039858907659e-02,-1.030658345381554319e-01,5.299411678716847707e-02,-1.097079552710056305e-01,7.296853661537170410e+00
3.660000000000000000e+02,3.660000000000002696e-01,4.744050017346829407e+00,9.646179381971636824e-02,-7.015232685169997540e-02,-3.371467390040727014e-02,-1.029612616199981900e-01,5.304293412300305904e-02,-9.564543329179286957e-02,7.293911427259445190e+00
3.670000000000000000e+02,3.670000000000002705e-01,4.743990343047801872e+00,9.643249134551395985e-02,-7.019127030680107071e-02,-3.382156020846814604e-02,-1.028575346152662551e-01,5.309477643488730303e-02,-9.538977779448032379e-02,7.216721296310424805e+00
3.680000000000000000e+02,3.680000000000002713e-01,4.743930595964219954e+00,9.640263164249800176e-02,-7.022988178477514165e-02,-3.393324824930746275e-02,-1.027546353505204291e-01,5.314912523925603705e-02,-6.812471896409988403e-02,7.156682878732681274e+00
3.690000000000000000e+02,3.690000000000002722e-01,4.743870788120856830e+00,9.637200562867087594e-02,-7.026828632906192973e-02,-3.404916994883058073e-02,-1.026525945245044813e-01,5.320715907628208868e-02,-6.661146506667137146e-02,7.198176056146621704e+00
3.700000000000000000e+02,3.700000000000002731e-01,4.743810946773852066e+00,9.634064487382104636e-02,-7.030647209496949934e-02,-3.416705120770312243e-02,-1.025510990395277489e-01,5.326840708428438875e-02,-5.762057565152645111e-02,7.133640408515930176e+00
3.710000000000000000e+02,3.710000000000002740e-01,4.743751071512412487e+00,9.630861078982586032e-02,-7.034440470695764447e-02,-3.428633054691812565e-02,-1.024502357525880480e-01,5.333239859350050183e-02,-6.305009312927722931e-02,7.116799592971801758e+00
3.720000000000000000e+02,3.720000000000002749e-01,4.743691185355550566e+00,9.627584649701129149e-02,-7.038226359760423045e-02,-3.440919014383356234e-02,-1.023502927707422572e-01,5.339931951345086580e-02,-5.496145598590373993e-02,7.035719454288482666e+00
3.730000000000000000e+02,3.730000000000002758e-01,4.743631272893142459e+00,9.624241313157189115e-02,-7.042000811806892191e-02,-3.453608944940717018e-02,-1.022510633674995617e-01,5.346886574063856867e-02,-5.374763719737529755e-02,7.040417224168777466e+00
3.740000000000000000e+02,3.740000000000002767e-01,4.743571323844025578e+00,9.620836361534383652e-02,-7.045757629176187253e-02,-3.466299007486333544e-02,-1.021519588598094330e-01,5.354068674721083193e-02,-5.092171393334865570e-02,7.002892345190048218e+00
3.750000000000000000e+02,3.750000000000002776e-01,4.743511332153497406e+00,9.617378360366071743e-02,-7.049496360047050048e-02,-3.479172025831669957e-02,-1.020529834160872618e-01,5.361440744958613502e-02,-4.084200970828533173e-02,6.993924856185913086e+00
3.760000000000000000e+02,3.760000000000002784e-01,4.743451287150501017e+00,9.613870220476011808e-02,-7.053208494576786169e-02,-3.492166189910433927e-02,-1.019536710729425089e-01,5.369012526213366721e-02,-4.907518811523914337e-02,6.975162327289581299e+00
3.770000000000000000e+02,3.770000000000002793e-01,4.743391221335738983e+00,9.610301311808450153e-02,-7.056914449885155760e-02,-3.505344587091516195e-02,-1.018546416701695545e-01,5.376822603169809089e-02,-5.516968108713626862e-02,7.019569844007492065e+00
3.780000000000000000e+02,3.780000000000002802e-01,4.743331112614499467e+00,9.606673872387068436e-02,-7.060606423065088344e-02,-3.518654605354556986e-02,-1.017555518702071282e-01,5.384856138897411992e-02,-6.181872263550758362e-02,7.013696908950805664e+00
3.790000000000000000e+02,3.790000000000002811e-01,4.743270965324348332e+00,9.602986765345813969e-02,-7.064288880728795961e-02,-3.532220536679754608e-02,-1.016567500134573088e-01,5.393156199473422840e-02,-4.584470391273498535e-02,6.951094806194305420e+00
3.800000000000000000e+02,3.800000000000002820e-01,4.743210760549597893e+00,9.599251780276561730e-02,-7.067955851459027661e-02,-3.545921716043420879e-02,-1.015580276367327173e-01,5.401652575713612736e-02,-3.994862735271453857e-02,6.879707992076873779e+00
3.810000000000000000e+02,3.810000000000002829e-01,4.743150501280203990e+00,9.595475445871903819e-02,-7.071602314541465539e-02,-3.559557270966583892e-02,-1.014589229445448382e-01,5.410301678352443661e-02,-3.059260360896587372e-02,6.850594550371170044e+00
3.820000000000000000e+02,3.820000000000002838e-01,4.743090196264927449e+00,9.591659532568606872e-02,-7.075238422986120101e-02,-3.573017866544703214e-02,-1.013594382078482070e-01,5.419094384354529448e-02,-3.100099787116050720e-02,6.830005288124084473e+00
3.830000000000000000e+02,3.830000000000002847e-01,4.743029850289064875e+00,9.587810502825847014e-02,-7.078863031262444538e-02,-3.586106926465947031e-02,-1.012594048334796160e-01,5.427985825717900059e-02,-2.693778648972511292e-02,6.773901492357254028e+00
3.840000000000000000e+02,3.840000000000002855e-01,4.742969453391128631e+00,9.583935385076308711e-02,-7.082473507124104062e-02,-3.598812039977723060e-02,-1.011586496213014996e-01,5.436919443641633626e-02,-3.182706236839294434e-02,6.833369642496109009e+00
3.850000000000000000e+02,3.850000000000002864e-01,4.742909006950240425e+00,9.580034879597193465e-02,-7.086076578347424992e-02,-3.611533769279753892e-02,-1.010571452591704222e-01,5.445842273517405296e-02,-2.595632895827293396e-02,6.860982567071914673e+00
3.860000000000000000e+02,3.860000000000002873e-01,4.742848509259395939e+00,9.576110308726114295e-02,-7.089671231732216916e-02,-3.624024326675402002e-02,-1.009551286610377296e-01,5.454766601317748848e-02,-1.688301749527454376e-02,6.823271036148071289e+00
3.870000000000000000e+02,3.870000000000002882e-01,4.742787958601563325e+00,9.572164157307266885e-02,-7.093249046439707717e-02,-3.636477223968670458e-02,-1.008524405691757497e-01,5.463690741697044273e-02,-2.446932531893253326e-02,6.803087741136550903e+00
3.880000000000000000e+02,3.880000000000002891e-01,4.742727376474546119e+00,9.568199274868161019e-02,-7.096819911637362865e-02,-3.648708898459467748e-02,-1.007492416581050598e-01,5.472605818162303709e-02,-2.084032446146011353e-02,6.785554349422454834e+00
3.890000000000000000e+02,3.890000000000002900e-01,4.742666744249059541e+00,9.564207748179007207e-02,-7.100372091007085829e-02,-3.660733728690155481e-02,-1.006450530037483748e-01,5.481534836378246928e-02,-6.560854613780975342e-03,6.770558327436447144e+00
3.900000000000000000e+02,3.900000000000002909e-01,4.742606083193718014e+00,9.560182663231897582e-02,-7.103921904574768409e-02,-3.672833345527654059e-02,-1.005403254828007853e-01,5.490518780140184185e-02,-1.417260244488716125e-02,6.798187017440795898e+00
3.910000000000000000e+02,3.910000000000002918e-01,4.742545411487105511e+00,9.556121068220722881e-02,-7.107470144097526032e-02,-3.685185205454535873e-02,-1.004350150697208566e-01,5.499553686878698444e-02,-2.536723390221595764e-02,6.840523362159729004e+00
3.920000000000000000e+02,3.920000000000002927e-01,4.742484711144495435e+00,9.552020925032680965e-02,-7.111007033313188064e-02,-3.697845577331670963e-02,-1.003289218648690806e-01,5.508648255199857791e-02,-1.783999428153038025e-02,6.828319698572158813e+00
3.930000000000000000e+02,3.930000000000002935e-01,4.742423973141071336e+00,9.547888806133987549e-02,-7.114532976983814483e-02,-3.710920663430571087e-02,-1.002222620787622809e-01,5.517800296112371217e-02,-2.029089629650115967e-02,6.822138071060180664e+00
3.940000000000000000e+02,3.940000000000002944e-01,4.742363210700622389e+00,9.543730239787083514e-02,-7.118054811293564321e-02,-3.724201563741295906e-02,-1.001152213485700937e-01,5.526946512823441293e-02,-1.898407936096191406e-02,6.808067977428436279e+00
3.950000000000000000e+02,3.950000000000002953e-01,4.742302422010642005e+00,9.539537818197410535e-02,-7.121568600264895077e-02,-3.737743875141456840e-02,-1.000076259422577607e-01,5.536163124493896637e-02,-1.708496734499931335e-02,6.791359513998031616e+00
3.960000000000000000e+02,3.960000000000002962e-01,4.742241610895063353e+00,9.535317462838345526e-02,-7.125080578323579605e-02,-3.751447746027180424e-02,-9.989961557224424915e-02,5.545436492356656949e-02,-3.164159134030342102e-02,6.898602753877639771e+00
3.970000000000000000e+02,3.970000000000002971e-01,4.742180775625310929e+00,9.531077182044697671e-02,-7.128592056253266196e-02,-3.765212793065144531e-02,-9.979116597173920411e-02,5.554714226633899327e-02,-2.686903625726699829e-02,6.848396122455596924e+00
3.980000000000000000e+02,3.980000000000002980e-01,4.742119916765602738e+00,9.526802499772735189e-02,-7.132102730570930027e-02,-3.779083217477321316e-02,-9.968277636273836784e-02,5.564030759397489007e-02,-2.064990997314453125e-02,6.920106291770935059e+00
3.990000000000000000e+02,3.990000000000002989e-01,4.742059033153745773e+00,9.522497316650782584e-02,-7.135616339756006843e-02,-3.792922331912640388e-02,-9.957432995472292880e-02,5.573365735711843794e-02,-1.017957180738449097e-02,6.889195740222930908e+00
4.000000000000000000e+02,4.000000000000002998e-01,4.741998135235006018e+00,9.518170857890700942e-02,-7.139126388053465555e-02,-3.806713527352664772e-02,-9.946596792714723634e-02,5.582660261767433130e-02,-2.419956028461456299e-03,6.873664021492004395e+00
4.010000000000000000e+02,4.010000000000003006e-01,4.741937253726253410e+00,9.513822408524924557e-02,-7.142650296540223320e-02,-3.820348957619137953e-02,-9.935813219306499633e-02,5.591905276711191253e-02,-1.681513711810112000e-02,6.953281193971633911e+00
4.020000000000000000e+02,4.020000000000003015e-01,4.741876398985437113e+00,9.509441239631304110e-02,-7.146183377127771075e-02,-3.834246041780633996e-02,-9.925057229695344319e-02,5.601200629148968269e-02,-3.196480870246887207e-02,6.936730295419692993e+00
4.030000000000000000e+02,4.030000000000003024e-01,4.741815555924427272e+00,9.505029048353515198e-02,-7.149716585437279615e-02,-3.848566282024509788e-02,-9.914336863048212045e-02,5.610557284977926717e-02,-3.403194993734359741e-02,6.936341077089309692e+00
4.040000000000000000e+02,4.040000000000003033e-01,4.741754703325390174e+00,9.500584693014958726e-02,-7.153251277391033114e-02,-3.863350890075099159e-02,-9.903650636029226462e-02,5.619935869572082604e-02,-3.648205846548080444e-02,6.991709083318710327e+00
4.050000000000000000e+02,4.050000000000003042e-01,4.741693840038954555e+00,9.496104032416724516e-02,-7.156791750453868339e-02,-3.878413218499006387e-02,-9.893010141802660584e-02,5.629385035062951792e-02,-3.440392389893531799e-02,7.001733869314193726e+00
4.060000000000000000e+02,4.060000000000003051e-01,4.741632958107586227e+00,9.491592666336819140e-02,-7.160328786698268166e-02,-3.893757517587297101e-02,-9.882411060925910817e-02,5.638884161879186008e-02,-3.412269428372383118e-02,6.976776450872421265e+00
4.070000000000000000e+02,4.070000000000003060e-01,4.741572070602995126e+00,9.487056168974805637e-02,-7.163870438972057275e-02,-3.909081977938193286e-02,-9.871886279073871506e-02,5.648397083754171100e-02,-3.567452728748321533e-02,6.949420332908630371e+00
4.080000000000000000e+02,4.080000000000003069e-01,4.741511187392145388e+00,9.482492044249264673e-02,-7.167429884299125753e-02,-3.924507009518075212e-02,-9.861468546373242106e-02,5.657906280577180286e-02,-4.401693865656852722e-02,7.017121106386184692e+00
4.090000000000000000e+02,4.090000000000003078e-01,4.741450300812886987e+00,9.477897228248463590e-02,-7.171000970439160571e-02,-3.940339169882349502e-02,-9.851122910499521268e-02,5.667483907281174738e-02,-4.606027156114578247e-02,7.003262460231781006e+00
4.100000000000000000e+02,4.100000000000003086e-01,4.741389405317055328e+00,9.473269252157591469e-02,-7.174578179466359340e-02,-3.956303834010117815e-02,-9.840861162504155324e-02,5.677187881797722546e-02,-4.951078444719314575e-02,7.025638490915298462e+00
4.110000000000000000e+02,4.110000000000003095e-01,4.741328477464755053e+00,9.468608405743493550e-02,-7.178144585359916285e-02,-3.972262223394283642e-02,-9.830620522182287324e-02,5.687004003877950409e-02,-5.478407070040702820e-02,7.041842162609100342e+00
4.120000000000000000e+02,4.120000000000003104e-01,4.741267514046485942e+00,9.463908338117078822e-02,-7.181695942107507724e-02,-3.988292091852867205e-02,-9.820395737954235038e-02,5.696993168901656746e-02,-5.895426124334335327e-02,7.061028391122817993e+00
4.130000000000000000e+02,4.130000000000003113e-01,4.741206511943624413e+00,9.459169531884523141e-02,-7.185238831666888870e-02,-4.004233869696346981e-02,-9.810216040283403771e-02,5.707134600236335453e-02,-6.671123206615447998e-02,7.036568641662597656e+00
4.140000000000000000e+02,4.140000000000003122e-01,4.741145498026209104e+00,9.454394344952976592e-02,-7.188802361953043618e-02,-4.019952251980037777e-02,-9.800187974705787397e-02,5.717414761162307318e-02,-7.578077167272567749e-02,7.075157731771469116e+00
4.150000000000000000e+02,4.150000000000003131e-01,4.741084453673090060e+00,9.449588956154611474e-02,-7.192387925506159296e-02,-4.035126289325339372e-02,-9.790304913005742904e-02,5.727787554300831779e-02,-6.841068342328071594e-02,7.056581676006317139e+00
4.160000000000000000e+02,4.160000000000003140e-01,4.741023361542089809e+00,9.444747062357498890e-02,-7.195982880831867934e-02,-4.049745986790700969e-02,-9.780542017868087967e-02,5.738294812481721519e-02,-8.364218100905418396e-02,7.150667876005172729e+00
4.170000000000000000e+02,4.170000000000003149e-01,4.740962213731663155e+00,9.439878090060352389e-02,-7.199575229506489926e-02,-4.063810643555332280e-02,-9.770851455783846617e-02,5.748892348195892843e-02,-8.048422634601593018e-02,7.118499964475631714e+00
4.180000000000000000e+02,4.180000000000003157e-01,4.740901009257457943e+00,9.434987549940490603e-02,-7.203175840842228339e-02,-4.077327989360051558e-02,-9.761312375681185927e-02,5.759600429255604809e-02,-7.954940199851989746e-02,7.094580978155136108e+00
4.190000000000000000e+02,4.190000000000003166e-01,4.740839752263463325e+00,9.430083189947545408e-02,-7.206796040336457820e-02,-4.090115020500977028e-02,-9.751945735378519942e-02,5.770411522941699956e-02,-8.191049844026565552e-02,7.123357683420181274e+00
4.200000000000000000e+02,4.200000000000003175e-01,4.740778449542515816e+00,9.425164375847205900e-02,-7.210443567358074124e-02,-4.101730204639235378e-02,-9.742765674925957242e-02,5.781329891026688872e-02,-7.940536737442016602e-02,7.105053871870040894e+00
4.210000000000000000e+02,4.210000000000003184e-01,4.740717108613409891e+00,9.420226976027172572e-02,-7.214123588142662413e-02,-4.112144478488926475e-02,-9.733802503522026583e-02,5.792376713684407180e-02,-9.942540526390075684e-02,7.225672930479049683e+00
4.220000000000000000e+02,4.220000000000003193e-01,4.740655716936682751e+00,9.415264877714232816e-02,-7.217821256900196214e-02,-4.121240340600534902e-02,-9.724998676754337268e-02,5.803543503034419571e-02,-1.113955415785312653e-01,7.191602081060409546e+00
4.230000000000000000e+02,4.230000000000003202e-01,4.740594261157352385e+00,9.410275520753567935e-02,-7.221529726592622322e-02,-4.129044556181094006e-02,-9.716388378268958625e-02,5.814863473644724112e-02,-1.044073253870010376e-01,7.143924772739410400e+00
4.240000000000000000e+02,4.240000000000003211e-01,4.740532731593193105e+00,9.405243297783835721e-02,-7.225255149002594857e-02,-4.135907796714095169e-02,-9.707973352476817475e-02,5.826439788063333264e-02,-1.067454498261213303e-01,7.186922729015350342e+00
4.250000000000000000e+02,4.250000000000003220e-01,4.740471130259233945e+00,9.400181187645206826e-02,-7.229002375270558722e-02,-4.141590742793344049e-02,-9.699748590542944804e-02,5.838197951848134171e-02,-9.313272871077060699e-02,7.151641517877578735e+00
4.260000000000000000e+02,4.260000000000003229e-01,4.740409463274771085e+00,9.395097547729563958e-02,-7.232779990979702756e-02,-4.146023861816253153e-02,-9.691763752984350333e-02,5.850090659389724224e-02,-9.767584130167961121e-02,7.188437521457672119e+00
4.270000000000000000e+02,4.270000000000003237e-01,4.740347733855623247e+00,9.390000294428943461e-02,-7.236582321659544570e-02,-4.149151158975409454e-02,-9.683985097573022394e-02,5.862040720864709203e-02,-8.154256641864776611e-02,7.188155651092529297e+00
4.280000000000000000e+02,4.280000000000003246e-01,4.740285928934462767e+00,9.384894193635356929e-02,-7.240398562755712142e-02,-4.150854549954753614e-02,-9.676393845371178415e-02,5.874047247489228019e-02,-7.509771361947059631e-02,7.186315804719924927e+00
4.290000000000000000e+02,4.290000000000003255e-01,4.740224068441462713e+00,9.379783162698343557e-02,-7.244230114190486347e-02,-4.151234383522758864e-02,-9.668994763766947109e-02,5.886082794657895856e-02,-9.362117573618888855e-02,7.194360345602035522e+00
4.300000000000000000e+02,4.300000000000003264e-01,4.740162154493624769e+00,9.374669255370350618e-02,-7.248073487343531518e-02,-4.150247106603239394e-02,-9.661773246404581350e-02,5.898180151377709762e-02,-9.918418712913990021e-02,7.222823172807693481e+00
4.310000000000000000e+02,4.310000000000003273e-01,4.740100171989617195e+00,9.369556623464377065e-02,-7.251943219821953279e-02,-4.147594798524346926e-02,-9.654780099995008413e-02,5.910344704540812510e-02,-1.057580448687076569e-01,7.208529651165008545e+00
4.320000000000000000e+02,4.320000000000003282e-01,4.740038115900942373e+00,9.364459073938555256e-02,-7.255842814501428650e-02,-4.143265139017561494e-02,-9.648042024859226906e-02,5.922515119720067611e-02,-1.010361947119235992e-01,7.270900219678878784e+00
4.330000000000000000e+02,4.330000000000003291e-01,4.739975954783128387e+00,9.359383453616353099e-02,-7.259752119425458283e-02,-4.137292879218940761e-02,-9.641486760550010970e-02,5.934654644837585730e-02,-1.047242507338523865e-01,7.347411572933197021e+00
4.340000000000000000e+02,4.340000000000003300e-01,4.739913689813426423e+00,9.354336326974491134e-02,-7.263658728993614699e-02,-4.129684723092490184e-02,-9.635103866201744083e-02,5.946722833466076830e-02,-9.645206108689308167e-02,7.330322295427322388e+00
4.350000000000000000e+02,4.350000000000003308e-01,4.739851333656511123e+00,9.349321547849945291e-02,-7.267573853463873967e-02,-4.120688373137595256e-02,-9.628966334670252536e-02,5.958718903604814238e-02,-9.878557547926902771e-02,7.312372833490371704e+00
4.360000000000000000e+02,4.360000000000003317e-01,4.739788897460577743e+00,9.344339538716088522e-02,-7.271505080047649394e-02,-4.110411986839195009e-02,-9.623090543988732648e-02,5.970634182403149193e-02,-1.080734767019748688e-01,7.297823309898376465e+00
4.370000000000000000e+02,4.370000000000003326e-01,4.739726375447238738e+00,9.339390782363206356e-02,-7.275449438914505240e-02,-4.098592848955479040e-02,-9.617457660409689524e-02,5.982493499946933690e-02,-1.052739471197128296e-01,7.329872339963912964e+00
4.380000000000000000e+02,4.380000000000003335e-01,4.739663762315625917e+00,9.334465723204084242e-02,-7.279408897339906259e-02,-4.085386497656784410e-02,-9.612067882629848903e-02,5.994332471225261028e-02,-9.097086079418659210e-02,7.362117111682891846e+00
4.390000000000000000e+02,4.390000000000003344e-01,4.739601054730393059e+00,9.329568841205629348e-02,-7.283377118863924859e-02,-4.070865729102618458e-02,-9.606914642649111435e-02,6.006141263603398395e-02,-9.084718301892280579e-02,7.332668870687484741e+00
4.400000000000000000e+02,4.400000000000003353e-01,4.739538270110976725e+00,9.324708437640842618e-02,-7.287353133738602717e-02,-4.054646880622334720e-02,-9.602008432248698711e-02,6.017918894269488200e-02,-9.348359331488609314e-02,7.322176843881607056e+00
4.410000000000000000e+02,4.410000000000003362e-01,4.739475404453976637e+00,9.319893240793954148e-02,-7.291341079524045476e-02,-4.036661450275687291e-02,-9.597350267105020372e-02,6.029615059332978089e-02,-8.824378624558448792e-02,7.369409471750259399e+00
4.420000000000000000e+02,4.420000000000003371e-01,4.739412443397916341e+00,9.315134522613595369e-02,-7.295338398564159277e-02,-4.016827269290956098e-02,-9.592927897986625041e-02,6.041165167773607930e-02,-8.188754692673683167e-02,7.375711917877197266e+00
4.430000000000000000e+02,4.430000000000003380e-01,4.739349376311297490e+00,9.310439711969642484e-02,-7.299323356686722442e-02,-3.995114130702571986e-02,-9.588692159623657396e-02,6.052534870626505303e-02,-8.160001784563064575e-02,7.336998701095581055e+00
4.440000000000000000e+02,4.440000000000003388e-01,4.739286213466377795e+00,9.305811231051007437e-02,-7.303300213754222725e-02,-3.971720153389754482e-02,-9.584659161327890864e-02,6.063736402083691468e-02,-7.396451011300086975e-02,7.305199205875396729e+00
4.450000000000000000e+02,4.450000000000003397e-01,4.739222959367225485e+00,9.301246283001753101e-02,-7.307277206640165612e-02,-3.946650875055872365e-02,-9.580838448541761920e-02,6.074768806439186097e-02,-7.632320746779441833e-02,7.333566576242446899e+00
4.460000000000000000e+02,4.460000000000003406e-01,4.739159611582882903e+00,9.296744141729945676e-02,-7.311245420839142251e-02,-3.919872372009456513e-02,-9.577185814193489577e-02,6.085621320101528703e-02,-9.030223265290260315e-02,7.444743812084197998e+00
4.470000000000000000e+02,4.470000000000003415e-01,4.739096166341091099e+00,9.292313986057158803e-02,-7.315205316677714231e-02,-3.891389461254728122e-02,-9.573718036919753871e-02,6.096225330969326506e-02,-9.344149753451347351e-02,7.437026619911193848e+00
4.480000000000000000e+02,4.480000000000003424e-01,4.739032617996158159e+00,9.287964544998750238e-02,-7.319155747814955204e-02,-3.861137092767737145e-02,-9.570486315026283108e-02,6.106522311567209871e-02,-8.211525902152061462e-02,7.376898676156997681e+00
4.490000000000000000e+02,4.490000000000003433e-01,4.738968955652535620e+00,9.283702001627627820e-02,-7.323093178503055356e-02,-3.829447898216364887e-02,-9.567475524911417395e-02,6.116501287963910238e-02,-6.470663845539093018e-02,7.337602347135543823e+00
4.500000000000000000e+02,4.500000000000003442e-01,4.738905178613521230e+00,9.279526176750897692e-02,-7.327012873253543890e-02,-3.796118250581001496e-02,-9.564639943314645620e-02,6.126178046587976711e-02,-7.623009383678436279e-02,7.324720174074172974e+00
4.510000000000000000e+02,4.510000000000003451e-01,4.738841316120581126e+00,9.275437572849398737e-02,-7.330929045689868473e-02,-3.760998197054996051e-02,-9.562007995903165636e-02,6.135536861600657255e-02,-7.123026251792907715e-02,7.323531210422515869e+00
4.520000000000000000e+02,4.520000000000003459e-01,4.738777354354225757e+00,9.271443141507275387e-02,-7.334850164285117158e-02,-3.724119398532419606e-02,-9.559602005084655296e-02,6.144552556093258594e-02,-6.862092390656471252e-02,7.320383042097091675e+00
4.530000000000000000e+02,4.530000000000003468e-01,4.738713292250523956e+00,9.267545720760658745e-02,-7.338768362819726720e-02,-3.685480236357110972e-02,-9.557395443320992889e-02,6.153219704853968297e-02,-5.551080033183097839e-02,7.334368765354156494e+00
4.540000000000000000e+02,4.540000000000003477e-01,4.738649127499845903e+00,9.263747315571223273e-02,-7.342674651222058646e-02,-3.645287248545446557e-02,-9.555356897054845255e-02,6.161560683591595089e-02,-6.307993829250335693e-02,7.340220898389816284e+00
4.550000000000000000e+02,4.550000000000003486e-01,4.738584887470896234e+00,9.260033804023581894e-02,-7.346572490107375342e-02,-3.603531891089297584e-02,-9.553504124641576389e-02,6.169605281840388061e-02,-6.596561893820762634e-02,7.288882195949554443e+00
4.560000000000000000e+02,4.560000000000003495e-01,4.738520561042118828e+00,9.256404789241619302e-02,-7.350466051665854872e-02,-3.559942735272773884e-02,-9.551853088068407160e-02,6.177342536427617159e-02,-6.469250842928886414e-02,7.252038896083831787e+00
4.570000000000000000e+02,4.570000000000003504e-01,4.738456151748051681e+00,9.252857410831565044e-02,-7.354367098658186330e-02,-3.514581421628890090e-02,-9.550416805397055064e-02,6.184843517208175878e-02,-6.524869799613952637e-02,7.244289219379425049e+00
4.580000000000000000e+02,4.580000000000003513e-01,4.738391646612508445e+00,9.249402470362444451e-02,-7.358269748560641865e-02,-3.467403475869201140e-02,-9.549159570337351077e-02,6.192052663286642250e-02,-6.428853794932365417e-02,7.268398165702819824e+00
4.590000000000000000e+02,4.590000000000003522e-01,4.738327040233950349e+00,9.246037156358538622e-02,-7.362167266584514203e-02,-3.418478480274116105e-02,-9.548056425089734844e-02,6.198957718259220928e-02,-6.141829490661621094e-02,7.264541208744049072e+00
4.600000000000000000e+02,4.600000000000003531e-01,4.738262339941761603e+00,9.242766585495749976e-02,-7.366060885557738913e-02,-3.367864309801141959e-02,-9.547123505677568289e-02,6.205550666762092021e-02,-5.881903320550918579e-02,7.232956856489181519e+00
4.610000000000000000e+02,4.610000000000003539e-01,4.738197547223927941e+00,9.239596579874818916e-02,-7.369950764998074721e-02,-3.315590917961514644e-02,-9.546360728831926323e-02,6.211784368581203114e-02,-5.878178775310516357e-02,7.193635791540145874e+00
4.620000000000000000e+02,4.620000000000003548e-01,4.738132660857028888e+00,9.236526533941719075e-02,-7.373835302704423444e-02,-3.261616854745614386e-02,-9.545748166762368925e-02,6.217651199420193980e-02,-4.047762975096702576e-02,7.164026737213134766e+00
4.630000000000000000e+02,4.630000000000003557e-01,4.738067685345145108e+00,9.233553819442513744e-02,-7.377722188814621329e-02,-3.205729384797421921e-02,-9.545292585411901953e-02,6.223164118746163376e-02,-4.999855905771255493e-02,7.226207762956619263e+00
4.640000000000000000e+02,4.640000000000003566e-01,4.738002645156686121e+00,9.230673884329909651e-02,-7.381614451294822576e-02,-3.148090376896010845e-02,-9.544989898870004374e-02,6.228324534903206811e-02,-6.006437912583351135e-02,7.227436304092407227e+00
4.650000000000000000e+02,4.650000000000003575e-01,4.737937522513063549e+00,9.227876572828214163e-02,-7.385493685307205347e-02,-3.088648704640875597e-02,-9.544806809531269920e-02,6.233206146080595700e-02,-4.950449056923389435e-02,7.178697437047958374e+00
4.660000000000000000e+02,4.660000000000003584e-01,4.737872296100908542e+00,9.225169213405515212e-02,-7.389354159070907202e-02,-3.027455648418895390e-02,-9.544726218882404467e-02,6.237755673331630418e-02,-4.683693870902061462e-02,7.190676927566528320e+00
4.670000000000000000e+02,4.670000000000003593e-01,4.737806992298230213e+00,9.222551323720404315e-02,-7.393213210016358339e-02,-2.964814458380324314e-02,-9.544783117200461575e-02,6.241966134830746749e-02,-4.343779012560844421e-02,7.187323272228240967e+00
4.680000000000000000e+02,4.680000000000003602e-01,4.737741631691918087e+00,9.220016046123466480e-02,-7.397084743370971327e-02,-2.900531087597791116e-02,-9.545029179404251884e-02,6.245846230743778982e-02,-5.612522363662719727e-02,7.192413240671157837e+00
4.690000000000000000e+02,4.690000000000003610e-01,4.737676216998185197e+00,9.217559540749489799e-02,-7.400965876155743417e-02,-2.834571688317260099e-02,-9.545453466209474769e-02,6.249387825256456919e-02,-5.880977027118206024e-02,7.205603241920471191e+00
4.700000000000000000e+02,4.700000000000003619e-01,4.737610730579925544e+00,9.215168567648389375e-02,-7.404850216079025826e-02,-2.767038545048023171e-02,-9.546035394068441704e-02,6.252679593358234644e-02,-5.282805860042572021e-02,7.201585173606872559e+00
4.710000000000000000e+02,4.710000000000003628e-01,4.737545162516585862e+00,9.212843474703828750e-02,-7.408729633146213245e-02,-2.697935764771485986e-02,-9.546754620658615131e-02,6.255702032359240772e-02,-4.548981785774230957e-02,7.195833057165145874e+00
4.720000000000000000e+02,4.720000000000003637e-01,4.737479525966220351e+00,9.210581752440161196e-02,-7.412607786508429442e-02,-2.627261774799342225e-02,-9.547621437304010250e-02,6.258457475320425289e-02,-4.783896543085575104e-02,7.225060462951660156e+00
4.730000000000000000e+02,4.730000000000003646e-01,4.737413843598517360e+00,9.208385518140341230e-02,-7.416496470763193904e-02,-2.555097996918801601e-02,-9.548672761340215587e-02,6.260932812979527751e-02,-5.921980738639831543e-02,7.215152204036712646e+00
4.740000000000000000e+02,4.740000000000003655e-01,4.737348118811493869e+00,9.206254779630147767e-02,-7.420397219299053326e-02,-2.481648525871761601e-02,-9.549926986087786673e-02,6.263151450877492421e-02,-5.471762828528881073e-02,7.192533224821090698e+00
4.750000000000000000e+02,4.750000000000003664e-01,4.737282329033278394e+00,9.204181391647420218e-02,-7.424300831107492893e-02,-2.407067430822518520e-02,-9.551347544007149359e-02,6.265182348230592668e-02,-4.946622997522354126e-02,7.163486599922180176e+00
4.760000000000000000e+02,4.760000000000003673e-01,4.737216474736579919e+00,9.202166435308251069e-02,-7.428206085329810970e-02,-2.331228229333786803e-02,-9.552919440482976476e-02,6.267020048175371560e-02,-3.899651952087879181e-02,7.183173328638076782e+00
4.770000000000000000e+02,4.770000000000003681e-01,4.737150570700197960e+00,9.200193795355579574e-02,-7.432121049568489457e-02,-2.254196708515313063e-02,-9.554655594951033670e-02,6.268687116190008179e-02,-4.921156354248523712e-02,7.188940256834030151e+00
4.780000000000000000e+02,4.780000000000003690e-01,4.737084636842936902e+00,9.198259185089269208e-02,-7.436046976814027210e-02,-2.176145919761367925e-02,-9.556568697776235410e-02,6.270225708066673453e-02,-4.644814506173133850e-02,7.203656345605850220e+00
4.790000000000000000e+02,4.790000000000003699e-01,4.737018667058271681e+00,9.196365994918108411e-02,-7.439987756538800345e-02,-2.097274865337519709e-02,-9.558674719688320387e-02,6.271646908174384472e-02,-4.347830079495906830e-02,7.159346640110015869e+00
4.800000000000000000e+02,4.800000000000003708e-01,4.736952658868035293e+00,9.194519561654902751e-02,-7.443936590569649736e-02,-2.017630263475474889e-02,-9.560958286734888567e-02,6.272928942514324757e-02,-5.094588920474052429e-02,7.173734664916992188e+00
4.810000000000000000e+02,4.810000000000003717e-01,4.736886613897909548e+00,9.192713723750049748e-02,-7.447897182604480693e-02,-1.937031798163938931e-02,-9.563410216845746881e-02,6.274090666240182690e-02,-4.530761763453483582e-02,7.206105709075927734e+00
4.820000000000000000e+02,4.820000000000003726e-01,4.736820517880119041e+00,9.190945592952974585e-02,-7.451860735100111766e-02,-1.855485987226252603e-02,-9.566008520779711866e-02,6.275125137423373523e-02,-4.035434499382972717e-02,7.194632112979888916e+00
4.830000000000000000e+02,4.830000000000003735e-01,4.736754378433639445e+00,9.189216068851384367e-02,-7.455819553282233558e-02,-1.773079557894204766e-02,-9.568743123159473285e-02,6.276036630239822944e-02,-4.183179140090942383e-02,7.176233291625976562e+00
4.840000000000000000e+02,4.840000000000003744e-01,4.736688208491172780e+00,9.187532559591024550e-02,-7.459785792591902553e-02,-1.689703929649218409e-02,-9.571648801638410475e-02,6.276805765408648152e-02,-3.815439715981483459e-02,7.181043565273284912e+00
4.850000000000000000e+02,4.850000000000003753e-01,4.736621998373380826e+00,9.185901016512938722e-02,-7.463760364082817900e-02,-1.605297927168300443e-02,-9.574720120292012915e-02,6.277379673668175009e-02,-5.075407028198242188e-02,7.219922184944152832e+00
4.860000000000000000e+02,4.860000000000003761e-01,4.736555750225915240e+00,9.184313829676962748e-02,-7.467738732604004004e-02,-1.519707331376270523e-02,-9.577943704379543455e-02,6.277786158737856670e-02,-5.011029541492462158e-02,7.198061496019363403e+00
4.870000000000000000e+02,4.870000000000003770e-01,4.736489456415683641e+00,9.182767414405137996e-02,-7.471718085410533616e-02,-1.432994854455636041e-02,-9.581329053205633883e-02,6.278035160092043654e-02,-4.883031547069549561e-02,7.192686468362808228e+00
4.880000000000000000e+02,4.880000000000003779e-01,4.736423121772546097e+00,9.181264106693767801e-02,-7.475704417482234576e-02,-1.345216532875012985e-02,-9.584886077255161396e-02,6.278100108919054678e-02,-4.704721271991729736e-02,7.208887815475463867e+00
4.890000000000000000e+02,4.890000000000003788e-01,4.736356743596728869e+00,9.179800220077315165e-02,-7.479692395748972766e-02,-1.256354533255605102e-02,-9.588594160048091730e-02,6.277996824414788790e-02,-5.861586704850196838e-02,7.187676876783370972e+00
4.900000000000000000e+02,4.900000000000003797e-01,4.736290325170278592e+00,9.178372152608986478e-02,-7.483678203267890572e-02,-1.166563679456528169e-02,-9.592447710724383292e-02,6.277774341949096670e-02,-5.396152287721633911e-02,7.150623023509979248e+00
4.910000000000000000e+02,4.910000000000003806e-01,4.736223849732263957e+00,9.176978441605676551e-02,-7.487664687803549657e-02,-1.075722023965457880e-02,-9.596445667873076957e-02,6.277459316680406021e-02,-6.313261017203330994e-02,7.145490378141403198e+00
4.920000000000000000e+02,4.920000000000003815e-01,4.736157327452993115e+00,9.175617707791232369e-02,-7.491656840567291475e-02,-9.840077940562696329e-03,-9.600587234596225095e-02,6.277062168801736397e-02,-6.570685282349586487e-02,7.143119573593139648e+00
4.930000000000000000e+02,4.930000000000003824e-01,4.736090753547975929e+00,9.174288443097129708e-02,-7.495657269905295350e-02,-8.917174261362507959e-03,-9.604879142385791546e-02,6.276576383229140466e-02,-7.029570266604423523e-02,7.154313206672668457e+00
4.940000000000000000e+02,4.940000000000003832e-01,4.736024124163717097e+00,9.172999089656352911e-02,-7.499669506070907876e-02,-7.986810592138692683e-03,-9.609332034201867323e-02,6.275949201423919321e-02,-5.550250038504600525e-02,7.163021087646484375e+00
4.950000000000000000e+02,4.950000000000003841e-01,4.735957435746094291e+00,9.171755001421590114e-02,-7.503696950230476226e-02,-7.046927033581625033e-03,-9.613962055047653443e-02,6.275180056457657640e-02,-5.341213382780551910e-02,7.157029896974563599e+00
4.960000000000000000e+02,4.960000000000003850e-01,4.735890705796625078e+00,9.170550590544256087e-02,-7.507733202693545049e-02,-6.098534690414176423e-03,-9.618751613243059495e-02,6.274314783254340833e-02,-5.897451750934123993e-02,7.142236828804016113e+00
4.970000000000000000e+02,4.970000000000003859e-01,4.735823935955822961e+00,9.169381525695875779e-02,-7.511774602737758544e-02,-5.140862680112802396e-03,-9.623685111172597395e-02,6.273442305765616900e-02,-5.935819819569587708e-02,7.128394752740859985e+00
4.980000000000000000e+02,4.980000000000003868e-01,4.735757122123136931e+00,9.168237167440052016e-02,-7.515819107537045907e-02,-4.176771081580762240e-03,-9.628749011675141745e-02,6.272601851173512100e-02,-6.214731372892856598e-02,7.069883167743682861e+00
