iter,time,x,y,z,roll,pitch,yaw,fx,fz
0.000000000000000000e+00,0.000000000000000000e+00,4.750000000000000000e+00,1.000000000000000056e-01,-1.149999999999999981e-02,0.000000000000000000e+00,0.000000000000000000e+00,5.000000000000000278e-02,-1.817757539683952928e-01,3.293414875864982605e+00
1.000000000000000000e+00,1.000000000000000021e-03,4.750000000000000000e+00,1.000000000000000056e-01,-1.149999999999999981e-02,0.000000000000000000e+00,0.000000000000000000e+00,5.000000000000000278e-02,-1.817757539683952928e-01,3.293414875864982605e+00
2.000000000000000000e+00,2.000000000000000042e-03,4.750163977990862207e+00,1.000059587138253242e-01,-1.152214659525930759e-02,-4.893345736713926308e-04,-5.659114309808366272e-05,5.002190933171815623e-02,-1.817757539683952928e-01,3.293414875864982605e+00
3.000000000000000000e+00,3.000000000000000062e-03,4.750488793361610895e+00,1.000148939284593724e-01,-1.153248307423324071e-02,-5.921621212129218881e-04,-5.692521410338713395e-05,5.010171278050200988e-02,-1.817757539683952928e-01,3.293414875864982605e+00
4.000000000000000000e+00,4.000000000000000083e-03,4.750963319036904942e+00,1.000250910699073403e-01,-1.153231331890857726e-02,-3.345455792456986099e-04,-5.391080795114078228e-06,5.026461324083929261e-02,-1.817757539683952928e-01,3.293414875864982605e+00
5.000000000000000000e+00,5.000000000000000104e-03,4.751575054694937350e+00,1.000369296643672523e-01,-1.152314191899793915e-02,2.558055807504802659e-04,9.278681851720982365e-05,5.051293798626405734e-02,-1.817757539683952928e-01,3.293414875864982605e+00
6.000000000000000000e+00,6.000000000000000125e-03,4.752311837405235551e+00,1.000522955462308100e-01,-1.153245064211084504e-02,4.967075040370125261e-04,1.464686442593787774e-04,5.083332679649774088e-02,-1.817757539683952928e-01,3.293414875864982605e+00
7.000000000000000000e+00,7.000000000000000146e-03,4.753161563281874002e+00,1.000738666667951998e-01,-1.155903366435402820e-02,4.301781197755330521e-04,1.599166738783797115e-04,5.120058797977854181e-02,-1.817757539683952928e-01,3.293414875864982605e+00
8.000000000000000000e+00,8.000000000000000167e-03,4.754112725352193536e+00,1.001045349609290536e-01,-1.160172357757119875e-02,9.540002328952204569e-05,1.373419674428610904e-04,5.158564576027527271e-02,-1.817757539683952928e-01,3.293414875864982605e+00
9.000000000000000000e+00,9.000000000000001055e-03,4.755154769101506140e+00,1.001476000030406543e-01,-1.163991624711790962e-02,-2.063212199282724035e-04,1.172640902078470049e-04,5.194943837879746618e-02,-1.817757539683952928e-01,3.293414875864982605e+00
1.000000000000000000e+01,1.000000000000000194e-02,4.756278902244571505e+00,1.002049027340501941e-01,-1.169231812037452821e-02,-7.142903142121938276e-04,6.781027353297552906e-05,5.227169362092522198e-02,-1.817757539683952928e-01,3.293414875864982605e+00
1.100000000000000000e+01,1.100000000000000283e-02,4.757474360395052670e+00,1.002782123959904959e-01,-1.173921645006628829e-02,-1.171683864737066427e-03,2.368853016854188809e-05,5.252771468804965510e-02,-1.817757539683952928e-01,3.293414875864982605e+00
1.200000000000000000e+01,1.200000000000000372e-02,4.758734063032656891e+00,1.003686650478829850e-01,-1.178120417417057725e-02,-1.583483307787323519e-03,-1.575111521767702527e-05,5.269928188045461259e-02,-1.817757539683952928e-01,3.293414875864982605e+00
1.300000000000000000e+01,1.300000000000000461e-02,4.760051171907577761e+00,1.004763650688619142e-01,-1.181881155914573517e-02,-1.954273945230216442e-03,-5.109281828463707598e-05,5.277866893299983098e-02,-1.817757539683952928e-01,3.293414875864982605e+00
1.400000000000000000e+01,1.400000000000000550e-02,4.761419263452434159e+00,1.006006886998530303e-01,-1.185251213111576316e-02,-2.288124340541649454e-03,-8.284964738325406586e-05,5.276618141548189422e-02,-1.817757539683952928e-01,3.293414875864982605e+00
1.500000000000000000e+01,1.500000000000000638e-02,4.762832305326569760e+00,1.007405944086108979e-01,-1.188272832899078119e-02,-2.588667903680810095e-03,-1.114661733341293370e-04,5.266696399485609748e-02,-1.817757539683952928e-01,3.293414875864982605e+00
1.600000000000000000e+01,1.600000000000000727e-02,4.764284632574821821e+00,1.008948373020765038e-01,-1.190983684213553495e-02,-2.859162757261255600e-03,-1.373252413632286562e-04,5.248871322926243477e-02,-1.817757539683952928e-01,3.293414875864982605e+00
1.700000000000000000e+01,1.700000000000000816e-02,4.765770924842033018e+00,1.010621013757962566e-01,-1.193417350005843147e-02,-3.102536659928815943e-03,-1.607558689940002949e-04,5.224025260438992097e-02,-1.817757539683952928e-01,3.293414875864982605e+00
1.800000000000000000e+01,1.800000000000000905e-02,4.767286185094743445e+00,1.012410777100272580e-01,-1.195603768461196703e-02,-3.321424087487249988e-03,-1.820408824000363524e-04,5.193068679324729792e-02,-1.817757539683952928e-01,3.293414875864982605e+00
1.900000000000000000e+01,1.900000000000000994e-02,4.768825719956325315e+00,1.014305094924365658e-01,-1.197569628501873006e-02,-3.518198130368306586e-03,-2.014237824305986635e-04,5.156891254447921319e-02,-1.817757539683952928e-01,3.293414875864982605e+00
2.000000000000000000e+01,2.000000000000001082e-02,4.770385121598424760e+00,1.016292170696639768e-01,-1.199338723302521489e-02,-3.694998392107868429e-03,-2.191147183827624190e-04,5.116334353518593725e-02,-1.817757539683952928e-01,3.293414875864982605e+00
2.100000000000000000e+01,2.100000000000001171e-02,4.771960251189302227e+00,1.018361110089488486e-01,-1.200932265895741924e-02,-3.853755583726355821e-03,-2.352956043296661193e-04,5.072176276884729496e-02,-1.817757539683952928e-01,3.293414875864982605e+00
2.200000000000000000e+01,2.200000000000001260e-02,4.773547223752653501e+00,1.020501979222920158e-01,-1.202369170779246481e-02,-3.996213299446146894e-03,-2.501244677304281794e-04,5.025125109061538697e-02,-1.817757539683952928e-01,3.293414875864982605e+00
2.300000000000000000e+01,2.300000000000001349e-02,4.775142394316271854e+00,1.022705818816264378e-01,-1.203666305106253914e-02,-4.123947346601750108e-03,-2.637391315705173156e-04,4.975816135486179487e-02,-1.817757539683952928e-01,3.293414875864982605e+00
2.400000000000000000e+01,2.400000000000001438e-02,4.776742345235512666e+00,1.024964631147447514e-01,-1.204838712680207820e-02,-4.238382931570111589e-03,-2.762603257673301727e-04,4.924812018121058066e-02,-1.817757539683952928e-01,3.293414875864982605e+00
2.500000000000000000e+01,2.500000000000001527e-02,4.778343874565901039e+00,1.027271349995685507e-01,-1.205899813633518058e-02,-4.340809954587930564e-03,-2.877943124772741612e-04,4.872604653866889624e-02,-1.817757539683952928e-01,3.293414875864982605e+00
2.600000000000000000e+01,2.600000000000001615e-02,4.779944899873105335e+00,1.029626704284606620e-01,-1.207618696161220397e-02,-4.425547045791015238e-03,-3.042143480109782416e-04,4.819531523576935095e-02,-1.817757539683952928e-01,3.293414875864982605e+00
2.700000000000000000e+01,2.700000000000001704e-02,4.781545330694206619e+00,1.032050408572166567e-01,-1.209996414029180199e-02,-4.491570865755325354e-03,-3.256217777287684356e-04,4.763442244981185014e-02,-1.817757539683952928e-01,3.293414875864982605e+00
2.800000000000000000e+01,2.800000000000001793e-02,4.783145112499850526e+00,1.034558578684095925e-01,-1.213033554352938720e-02,-4.539819680281224207e-03,-3.521042287202291732e-04,4.702173644500061422e-02,-1.817757539683952928e-01,3.293414875864982605e+00
2.900000000000000000e+01,2.900000000000001882e-02,4.784744248419254831e+00,1.037156832130042838e-01,-1.216730105581268796e-02,-4.571854666316051141e-03,-3.836978615947561622e-04,4.634588940062026041e-02,-1.817757539683952928e-01,3.293414875864982605e+00
3.000000000000000000e+01,3.000000000000001971e-02,4.786342785139319211e+00,1.039842221168927605e-01,-1.221085578241383300e-02,-4.589467709584033744e-03,-4.203918879430723621e-04,4.560474849698201161e-02,-1.817757539683952928e-01,3.293414875864982605e+00
3.100000000000000000e+01,3.100000000000002059e-02,4.787940794321027482e+00,1.042606483156555131e-01,-1.226099179863258080e-02,-4.594519314402207427e-03,-4.621439467213939167e-04,4.480217514405585022e-02,-1.817757539683952928e-01,3.293414875864982605e+00
3.200000000000000000e+01,3.200000000000002148e-02,4.789538358505713411e+00,1.045438534016340237e-01,-1.231769960527683873e-02,-4.588856860689622535e-03,-5.088938862076730629e-04,4.394538966919969702e-02,-1.817757539683952928e-01,3.293414875864982605e+00
3.300000000000000000e+01,3.300000000000002237e-02,4.791135561841738166e+00,1.048326084132491648e-01,-1.238096917674026687e-02,-4.574267866784425401e-03,-5.605737726555037881e-04,4.304323751265196063e-02,-1.817757539683952928e-01,3.293414875864982605e+00
3.400000000000000000e+01,3.400000000000002326e-02,4.792732484368506185e+00,1.051256625032597480e-01,-1.245079066988783595e-02,-4.552451477694282461e-03,-6.171146192288645693e-04,4.210512677788785796e-02,-1.817757539683952928e-01,3.293414875864982605e+00
3.500000000000000000e+01,3.500000000000002415e-02,4.794329198706323680e+00,1.054218014555987210e-01,-1.252715488002497171e-02,-4.525000623392391036e-03,-6.784506893824371332e-04,4.114039803092219005e-02,-1.817757539683952928e-01,3.293414875864982605e+00
3.600000000000000000e+01,3.600000000000002504e-02,4.795814030346503998e+00,1.057149364213461062e-01,-1.259560908161729172e-02,-4.499675669914604548e-03,-7.338241929844002698e-04,4.016370706480382885e-02,-1.817757539683952928e-01,3.293414875864982605e+00
3.700000000000000000e+01,3.700000000000002592e-02,4.797192746141333508e+00,1.060037081885758375e-01,-1.265697686116571199e-02,-4.476944305658307754e-03,-7.837939718999820116e-04,3.919040881411348098e-02,-1.817757539683952928e-01,3.293414875864982605e+00
3.800000000000000000e+01,3.800000000000002681e-02,4.798471840541250977e+00,1.062872391676182443e-01,-1.271199758493360248e-02,-4.456499475973617341e-03,-8.288773082991696128e-04,3.823173018415412794e-02,-1.817757539683952928e-01,3.293414875864982605e+00
3.900000000000000000e+01,3.900000000000002770e-02,4.799657455748943313e+00,1.065650698499293336e-01,-1.276133433024067600e-02,-4.438103407187737187e-03,-8.695521285437823877e-04,3.729441741060603166e-02,-1.817757539683952928e-01,3.293414875864982605e+00
4.000000000000000000e+01,4.000000000000002859e-02,4.800755502304293820e+00,1.068360016007056656e-01,-1.277895567925378152e-02,-3.792161653774273056e-03,-7.890604917997201539e-04,3.638481509307060768e-02,-1.817757539683952928e-01,3.293414875864982605e+00
4.100000000000000000e+01,4.100000000000002948e-02,4.801777424171833175e+00,1.070966119387782578e-01,-1.275772796865979643e-02,-2.430870549572434342e-03,-5.632706192739700413e-04,3.554251666182715874e-02,-1.817757539683952928e-01,3.293414875864982605e+00
4.200000000000000000e+01,4.200000000000003036e-02,4.802730438460923956e+00,1.073434566908871290e-01,-1.269471928227149625e-02,-3.221479594914845868e-04,-1.820478075782450134e-04,3.481266176094054143e-02,-1.817757539683952928e-01,3.293414875864982605e+00
4.300000000000000000e+01,4.300000000000003125e-02,4.803620091786233282e+00,1.075745996102248775e-01,-1.258865165784822833e-02,2.544638465967436619e-03,3.588235804072859025e-04,3.422691269829537808e-02,-1.817757539683952928e-01,3.293414875864982605e+00
4.400000000000000000e+01,4.400000000000003214e-02,4.804450806062490642e+00,1.077898819666353869e-01,-1.249372862038288477e-02,5.111040327050857604e-03,8.438129662262650044e-04,3.379961178010325307e-02,-1.817757539683952928e-01,3.293414875864982605e+00
4.500000000000000000e+01,4.500000000000003303e-02,4.805227629641295906e+00,1.079901643463418576e-01,-1.240875957075782132e-02,7.408828722332134326e-03,1.277961458149290408e-03,3.353227799202011805e-02,-1.817757539683952928e-01,3.293414875864982605e+00
4.600000000000000000e+01,4.600000000000003392e-02,4.805955284778965719e+00,1.081768326251697637e-01,-1.233268079367196533e-02,9.466511974262551213e-03,1.665855156107731716e-03,3.342069384385740888e-02,-1.817757539683952928e-01,3.293414875864982605e+00
4.700000000000000000e+01,4.700000000000003481e-02,4.806637954657664302e+00,1.083518272331413790e-01,-1.231977285274485530e-02,1.062069728870026521e-02,1.860609425962778118e-03,3.346490287796729385e-02,-1.817757539683952928e-01,3.293414875864982605e+00
4.800000000000000000e+01,4.800000000000003569e-02,4.807276604246795593e+00,1.085173154446747723e-01,-1.230813028146091927e-02,1.165472255458758176e-02,2.033244717319471206e-03,3.364569819678251555e-02,-1.817757539683952928e-01,3.293414875864982605e+00
4.900000000000000000e+01,4.900000000000003658e-02,4.807874916833950074e+00,1.086765888887607501e-01,-1.235831390591225938e-02,1.185225295903911784e-02,2.017765422758444060e-03,3.395027892095289074e-02,-1.817757539683952928e-01,3.293414875864982605e+00
5.000000000000000000e+01,5.000000000000003747e-02,4.808401573508970017e+00,1.088320203814128473e-01,-1.240306112701645286e-02,1.202939802732877830e-02,2.002417371491205245e-03,3.434413853062062705e-02,-1.817757539683952928e-01,3.293414875864982605e+00
5.100000000000000000e+01,5.100000000000003836e-02,4.808861965549424689e+00,1.089899833231498805e-01,-1.247438187258226652e-02,1.196694486303451731e-02,1.915921268059728177e-03,3.478610954142514339e-02,-1.817757539683952928e-01,3.293414875864982605e+00
5.200000000000000000e+01,5.200000000000003925e-02,4.809275209002408680e+00,1.091589359272044923e-01,-1.253785535010988085e-02,1.190688127141557688e-02,1.838469534040099163e-03,3.519181856620474946e-02,-1.817757539683952928e-01,3.293414875864982605e+00
5.300000000000000000e+01,5.300000000000004013e-02,4.809645061090371598e+00,1.093448287679381625e-01,-1.259422453914045906e-02,1.184844240789294928e-02,1.769938417582217483e-03,3.549570238476348200e-02,-1.817757539683952928e-01,3.293414875864982605e+00
5.400000000000000000e+01,5.400000000000004102e-02,4.809974974176621565e+00,1.095508869717638084e-01,-1.264417984856980835e-02,1.179133833814209088e-02,1.709957404051776209e-03,3.565994493804019311e-02,-1.817757539683952928e-01,3.293414875864982605e+00
5.500000000000000000e+01,5.500000000000004191e-02,4.810268133633257115e+00,1.097784488645364848e-01,-1.268835783525597630e-02,1.173547892717672486e-02,1.658000399962000770e-03,3.566651821432127029e-02,-1.817757539683952928e-01,3.293414875864982605e+00
5.600000000000000000e+01,5.600000000000004280e-02,4.810527206285848401e+00,1.100301911551507250e-01,-1.277648581487174188e-02,1.128497994724484907e-02,1.480862459852794188e-03,3.549602989620169458e-02,-1.817757539683952928e-01,3.293414875864982605e+00
5.700000000000000000e+01,5.700000000000004369e-02,4.810762003860212133e+00,1.103096040039652087e-01,-1.285471801155794319e-02,1.087889388189988704e-02,1.325082593684578924e-03,3.509610330345556972e-02,-1.817757539683952928e-01,3.293414875864982605e+00
5.800000000000000000e+01,5.800000000000004458e-02,4.810977327132184733e+00,1.106183315977399412e-01,-1.292406781444946015e-02,1.051189254334379541e-02,1.188858392159986010e-03,3.443409191544100079e-02,-1.817757539683952928e-01,3.293414875864982605e+00
5.900000000000000000e+01,5.900000000000004546e-02,4.811175031539193014e+00,1.109555875449789869e-01,-1.298546731391800844e-02,1.017948456333609211e-02,1.070323339865897339e-03,3.350243292839005793e-02,-1.817757539683952928e-01,3.293414875864982605e+00
6.000000000000000000e+01,6.000000000000004635e-02,4.811358450948222121e+00,1.113199145772014870e-01,-1.310303634308891164e-02,9.356207389484064857e-03,7.870626707091599172e-04,3.230541358958603781e-02,-1.817757539683952928e-01,3.293414875864982605e+00
6.100000000000000000e+01,6.100000000000004724e-02,4.811498801436059125e+00,1.117037077754414326e-01,-1.324853199929438251e-02,8.283925971399144425e-03,4.303891890917732610e-04,3.088005728440926245e-02,-1.817757539683952928e-01,3.293414875864982605e+00
6.200000000000000000e+01,6.200000000000004813e-02,4.811618579415553043e+00,1.120970515299585385e-01,-1.337830010906883478e-02,7.325711976581484458e-03,1.121621768622738102e-04,2.932239587384459847e-02,-1.817757539683952928e-01,3.293414875864982605e+00
6.300000000000000000e+01,6.300000000000004208e-02,4.811719078166396990e+00,1.124915271509773079e-01,-1.349409857804669509e-02,6.470024503892194898e-03,-1.724000219376353726e-04,2.771982274506795685e-02,-1.817757539683952928e-01,3.293414875864982605e+00
6.400000000000000000e+01,6.400000000000004297e-02,4.811801851566586130e+00,1.128816749036351402e-01,-1.359746887255382577e-02,5.706351399503366284e-03,-4.272322077605306134e-04,2.613033077154163636e-02,-1.817757539683952928e-01,3.293414875864982605e+00
6.500000000000000000e+01,6.500000000000004385e-02,4.811867629579563044e+00,1.132642356074673590e-01,-1.368976868333153518e-02,5.025125846140315877e-03,-6.556343895121052867e-04,2.458838817974224114e-02,-1.817757539683952928e-01,3.293414875864982605e+00
6.600000000000000000e+01,6.600000000000004474e-02,4.811917938551072638e+00,1.136373800896804120e-01,-1.377219908938836536e-02,4.417665002629769105e-03,-8.604411642216813760e-04,2.311342481080631492e-02,-1.817757539683952928e-01,3.293414875864982605e+00
6.700000000000000000e+01,6.700000000000004563e-02,4.811954221795760489e+00,1.139985428578904753e-01,-1.382471222501677546e-02,4.111438829613780696e-03,-9.505684786228485450e-04,2.172397332061484082e-02,-1.817757539683952928e-01,3.293414875864982605e+00
6.800000000000000000e+01,6.800000000000004652e-02,4.811986076766356035e+00,1.143432168422791328e-01,-1.383899525815497980e-02,4.154302187511112882e-03,-8.981289802609815354e-04,2.047058401123390617e-02,-1.817757539683952928e-01,3.293414875864982605e+00
6.900000000000000000e+01,6.900000000000004741e-02,4.812017228611401798e+00,1.146674337322426962e-01,-1.381148177892024473e-02,4.565007196421920661e-03,-6.909875960894318325e-04,1.940548082069224259e-02,-1.817757539683952928e-01,3.293414875864982605e+00
7.000000000000000000e+01,7.000000000000004829e-02,4.812049384959792064e+00,1.149693664535813981e-01,-1.374051674788948768e-02,5.346758007239998597e-03,-3.235262206724431877e-04,1.856174915486952237e-02,-1.817757539683952928e-01,3.293414875864982605e+00
7.100000000000000000e+01,7.100000000000004918e-02,4.812083326537433869e+00,1.152493625583552034e-01,-1.362541788786789457e-02,6.496824994496522461e-03,2.063693734761784526e-04,1.795050907142969193e-02,-1.817757539683952928e-01,3.293414875864982605e+00
7.200000000000000000e+01,7.200000000000005007e-02,4.812119210154940596e+00,1.155098033949066433e-01,-1.352237133044166539e-02,7.527921736219891392e-03,6.799792488099143384e-04,1.756100087578635685e-02,-1.817757539683952928e-01,3.293414875864982605e+00
7.300000000000000000e+01,7.300000000000005096e-02,4.812123159765781644e+00,1.157555439632355632e-01,-1.344347019252954516e-02,8.445050131693214446e-03,1.089277128159205077e-03,1.736615631388775671e-02,-1.817757539683952928e-01,3.293414875864982605e+00
7.400000000000000000e+01,7.400000000000005185e-02,4.812114071075138000e+00,1.159964006651274665e-01,-1.337269491566000883e-02,9.264023066578669363e-03,1.454949581341402620e-03,1.727104492130325519e-02,-1.817757539683952928e-01,3.293414875864982605e+00
7.500000000000000000e+01,7.500000000000005274e-02,4.812093601032764845e+00,1.162398810921222575e-01,-1.330910823147418535e-02,9.994615890147353493e-03,1.782123002620261687e-03,1.719452914376232849e-02,-1.817757539683952928e-01,3.293414875864982605e+00
7.600000000000000000e+01,7.600000000000005362e-02,4.812062792599862249e+00,1.164907084056507752e-01,-1.325188086402352000e-02,1.064413309985520056e-02,2.075324033153913561e-03,1.708709913805370184e-02,-1.817757539683952928e-01,3.293414875864982605e+00
7.700000000000000000e+01,7.700000000000005451e-02,4.812022144802059920e+00,1.167522362805659270e-01,-1.320027931084738655e-02,1.122201654068598342e-02,2.338617639946694027e-03,1.691026817827608400e-02,-1.817757539683952928e-01,3.293414875864982605e+00
7.800000000000000000e+01,7.800000000000005540e-02,4.811972564627311932e+00,1.170261880141079402e-01,-1.315365817498252189e-02,1.173585098041092858e-02,2.575566534055884205e-03,1.664147096192714406e-02,-1.817757539683952928e-01,3.293414875864982605e+00
7.900000000000000000e+01,7.900000000000005629e-02,4.811915008302707797e+00,1.173129842833191966e-01,-1.311145254589757975e-02,1.219246677861567964e-02,2.789249306311969434e-03,1.627187412418714188e-02,-1.817757539683952928e-01,3.293414875864982605e+00
8.000000000000000000e+01,8.000000000000005718e-02,4.811850406737118391e+00,1.176122198494877757e-01,-1.307316723883065156e-02,1.259802877154199939e-02,2.982326254122424913e-03,1.580158280865660153e-02,-1.817757539683952928e-01,3.293414875864982605e+00
8.100000000000000000e+01,8.100000000000005806e-02,4.811779636724882181e+00,1.179230178609080720e-01,-1.303836705983495679e-02,1.295808081428176731e-02,3.157105496954359936e-03,1.523587647971134246e-02,-1.817757539683952928e-01,3.293414875864982605e+00
8.200000000000000000e+01,8.200000000000005895e-02,4.811703510934807859e+00,1.182442531645786221e-01,-1.300666869117692026e-02,1.327759852854870117e-02,3.315598251544260577e-03,1.458280814968228832e-02,-1.817757539683952928e-01,3.293414875864982605e+00
8.300000000000000000e+01,8.300000000000005984e-02,4.811622775639150085e+00,1.185746861078101205e-01,-1.297773396191053211e-02,1.356104228009585855e-02,3.459563454162095653e-03,1.385176831279819748e-02,-1.817757539683952928e-01,3.293414875864982605e+00
8.400000000000000000e+01,8.400000000000006073e-02,4.811538111974321907e+00,1.189130415849300598e-01,-1.295126419492682521e-02,1.381240700602892266e-02,3.590543926389244689e-03,1.305264413080110819e-02,-1.817757539683952928e-01,3.293414875864982605e+00
8.500000000000000000e+01,8.500000000000006162e-02,4.811450141180762863e+00,1.192580557434823885e-01,-1.292699538668077436e-02,1.403526804483539760e-02,3.709896110789978607e-03,1.219533055312051716e-02,-1.817757539683952928e-01,3.293414875864982605e+00
8.600000000000000000e+01,8.600000000000006251e-02,4.811359428636825974e+00,1.196085036885058961e-01,-1.290469404590175242e-02,1.423282289481823774e-02,3.818814900820255431e-03,1.128944684325848026e-02,-1.817757539683952928e-01,3.293414875864982605e+00
8.700000000000000000e+01,8.700000000000006339e-02,4.811266488995466162e+00,1.199632160562933009e-01,-1.288415356694915838e-02,1.440792905655966481e-02,3.918354660376044407e-03,1.034417253473792452e-02,-1.817757539683952928e-01,3.293414875864982605e+00
8.800000000000000000e+01,8.800000000000006428e-02,4.811171791284481358e+00,1.203210889757389407e-01,-1.286519104865414993e-02,1.456313822223705666e-02,4.009447212976580133e-03,9.368153087832903000e-03,-1.817757539683952928e-01,3.293414875864982605e+00
8.900000000000000000e+01,8.900000000000006517e-02,4.811075763783859038e+00,1.206810900219934951e-01,-1.284764449224330869e-02,1.470072710929868319e-02,4.092917363555992338e-03,8.369446652043173798e-03,-1.817757539683952928e-01,3.293414875864982605e+00
9.000000000000000000e+01,9.000000000000006606e-02,4.810978798744118379e+00,1.210422616577808003e-01,-1.283137032711264940e-02,1.482272523344656603e-02,4.169496368646274931e-03,7.355495577624395452e-03,-1.817757539683952928e-01,3.293414875864982605e+00
9.100000000000000000e+01,9.100000000000006695e-02,4.810881256142677920e+00,1.214037237997108720e-01,-1.281624120668573702e-02,1.493093415177002004e-02,4.239833645573121146e-03,6.333116278734695660e-03,-1.817757539683952928e-01,3.293414875864982605e+00
9.200000000000000000e+01,9.200000000000006783e-02,4.810783465476779597e+00,1.217646777654592116e-01,-1.280214402895266980e-02,1.502695349245175907e-02,4.304507521980971418e-03,5.308461065786171211e-03,-1.817757539683952928e-01,3.293414875864982605e+00
9.300000000000000000e+01,9.300000000000006872e-02,4.810685728323795374e+00,1.221244070488167882e-01,-1.278897821892270928e-02,1.511221172881403035e-02,4.364034720639065057e-03,4.286986210686546776e-03,-1.817757539683952928e-01,3.293414875864982605e+00
9.400000000000000000e+01,9.400000000000006961e-02,4.810588147661418290e+00,1.224843655318703373e-01,-1.281858975591086691e-02,1.518695729816236899e-02,4.299042340104364257e-03,3.264048946673437854e-03,-1.817757539683952928e-01,3.293414875864982605e+00
9.500000000000000000e+01,9.500000000000007050e-02,4.810501250622811753e+00,1.228483475642527384e-01,-1.289929132642618839e-02,1.526236507514617396e-02,4.082475897104087537e-03,2.197865919774067041e-03,-1.817757539683952928e-01,3.293414875864982605e+00
9.600000000000000000e+01,9.600000000000007139e-02,4.810428593565989175e+00,1.232198281712266891e-01,-1.303471484079807112e-02,1.535025153284611671e-02,3.702887774305940738e-03,1.040883680800480486e-03,-1.817757539683952928e-01,3.293414875864982605e+00
9.700000000000000000e+01,9.700000000000007228e-02,4.810371392275242464e+00,1.236003178164152144e-01,-1.322661796829659869e-02,1.546185428171290878e-02,3.154901151444011731e-03,-2.376161993778522913e-04,-1.817757539683952928e-01,3.293414875864982605e+00
9.800000000000000000e+01,9.800000000000007316e-02,4.810329789021081659e+00,1.239892736213584479e-01,-1.347583284470370985e-02,1.560782238294328161e-02,2.436021786700104386e-03,-1.647686344939378912e-03,-1.817757539683952928e-01,3.293414875864982605e+00
9.900000000000000000e+01,9.900000000000007405e-02,4.810274087776426732e+00,1.243811859727980695e-01,-1.374749910197788950e-02,1.572859102877014609e-02,1.661419500707639330e-03,-3.163804759657710963e-03,-1.817757539683952928e-01,3.293414875864982605e+00
1.000000000000000000e+02,1.000000000000000749e-01,4.810218677847076130e+00,1.247647446587880765e-01,-1.406060839771058370e-02,1.579757369821238946e-02,7.670578864682475739e-04,-4.676833046193761521e-03,-1.817757539683952928e-01,3.293414875864982605e+00
1.010000000000000000e+02,1.010000000000000758e-01,4.810170310920410586e+00,1.251284802767566040e-01,-1.442202172946434324e-02,1.580837333944180162e-02,-2.713039428616781379e-04,-6.058390846490799633e-03,-1.817757539683952928e-01,3.293414875864982605e+00
1.020000000000000000e+02,1.020000000000000767e-01,4.810130151484485417e+00,1.254634330637998396e-01,-1.474523956713189206e-02,1.582199620062421652e-02,-1.201703095567996371e-03,-7.207998977050152772e-03,-1.817757539683952928e-01,3.293414875864982605e+00
1.030000000000000000e+02,1.030000000000000776e-01,4.810100551626301346e+00,1.257665973790080272e-01,-1.503437810787664267e-02,1.583835169158566425e-02,-2.036664958554590399e-03,-8.076505484597842205e-03,-1.817757539683952928e-01,3.293414875864982605e+00
1.040000000000000000e+02,1.040000000000000785e-01,4.810046494824502084e+00,1.260419283195291507e-01,-1.530798363935300700e-02,1.585326259677205182e-02,-2.806267336323609030e-03,-8.666585445205602506e-03,-1.817757539683952928e-01,3.293414875864982605e+00
1.050000000000000000e+02,1.050000000000000794e-01,4.809991447750862292e+00,1.262980366989246150e-01,-1.555263431638910510e-02,1.586665813005311634e-02,-3.496948908502162112e-03,-9.062334756080033665e-03,-1.817757539683952928e-01,3.293414875864982605e+00
1.060000000000000000e+02,1.060000000000000803e-01,4.809935001330581272e+00,1.265429558108074060e-01,-1.577128272950632099e-02,1.587846994814236246e-02,-4.116015256038663139e-03,-9.347687199552114773e-03,-1.817757539683952928e-01,3.293414875864982605e+00
1.070000000000000000e+02,1.070000000000000812e-01,4.809877337726462088e+00,1.267819330644361642e-01,-1.596660126712239752e-02,1.588872724166522088e-02,-4.670296498318071698e-03,-9.579061004466078375e-03,-1.817757539683952928e-01,3.293414875864982605e+00
1.080000000000000000e+02,1.080000000000000820e-01,4.809818827000354347e+00,1.270180708304959050e-01,-1.614100615842920319e-02,1.589761634674117380e-02,-5.166168980158536428e-03,-9.790088790535382557e-03,-1.817757539683952928e-01,3.293414875864982605e+00
1.090000000000000000e+02,1.090000000000000829e-01,4.809759898748110274e+00,1.272531239552684990e-01,-1.629667547998734506e-02,1.590531944677971848e-02,-5.609513077996730601e-03,-9.999779833107081892e-03,-1.817757539683952928e-01,3.293414875864982605e+00
1.100000000000000000e+02,1.100000000000000838e-01,4.809700976324787547e+00,1.274880616067267936e-01,-1.643556757637533103e-02,1.591204307591339087e-02,-6.005692524694739021e-03,-1.021866763302931198e-02,-1.817757539683952928e-01,3.293414875864982605e+00
1.110000000000000000e+02,1.110000000000000847e-01,4.809642468246470237e+00,1.277233895993312718e-01,-1.655944041343034370e-02,1.591795009085832796e-02,-6.359567988249548165e-03,-1.045230235141893921e-02,-1.817757539683952928e-01,3.293414875864982605e+00
1.120000000000000000e+02,1.120000000000000856e-01,4.809584751046731554e+00,1.279593455979979588e-01,-1.666987034142542248e-02,1.592317606798332452e-02,-6.675524759452322598e-03,-1.070336796573854651e-02,-1.817757539683952928e-01,3.293414875864982605e+00
1.130000000000000000e+02,1.130000000000000865e-01,4.809528047823212304e+00,1.281970788731423005e-01,-1.674817889470940971e-02,1.589621872081610834e-02,-6.868088749589995601e-03,-1.097915365286165380e-02,-1.817757539683952928e-01,3.293414875864982605e+00
1.140000000000000000e+02,1.140000000000000874e-01,4.809481744836518580e+00,1.284401636530305701e-01,-1.678635731506193662e-02,1.582691444216647453e-02,-6.910317735529414307e-03,-1.132115404417312517e-02,-1.817757539683952928e-01,3.293414875864982605e+00
1.150000000000000000e+02,1.150000000000000883e-01,4.809448792297231101e+00,1.286919649368444829e-01,-1.678089147356673014e-02,1.570019389551057659e-02,-6.790078826623524577e-03,-1.177537910638315304e-02,-1.817757539683952928e-01,3.293414875864982605e+00
1.160000000000000000e+02,1.160000000000000892e-01,4.809429972543505905e+00,1.289539970649740408e-01,-1.673012560319002764e-02,1.550154032421535710e-02,-6.501585313424929069e-03,-1.237137745326307575e-02,-1.817757539683952928e-01,3.293414875864982605e+00
1.170000000000000000e+02,1.170000000000000900e-01,4.809425083479101026e+00,1.292258247776540414e-01,-1.663335899921464245e-02,1.521623574587938066e-02,-6.042478296594655518e-03,-1.311886716267449821e-02,-1.817757539683952928e-01,3.293414875864982605e+00
1.180000000000000000e+02,1.180000000000000909e-01,4.809433467572486798e+00,1.295055182124356385e-01,-1.649042470733015631e-02,1.482954229694193223e-02,-5.412409956249142340e-03,-1.401151701834708364e-02,-1.817757539683952928e-01,3.293414875864982605e+00
1.190000000000000000e+02,1.190000000000000918e-01,4.809423308536700858e+00,1.297883457753910286e-01,-1.633860829681390778e-02,1.432668760038707106e-02,-4.735221170141690195e-03,-1.501830885967112353e-02,-1.817757539683952928e-01,3.293414875864982605e+00
1.200000000000000000e+02,1.200000000000000927e-01,4.809408859681851389e+00,1.300622481130832842e-01,-1.616065631047951950e-02,1.358236393470006048e-02,-3.955699410806312599e-03,-1.602489621972393377e-02,-1.817757539683952928e-01,3.293414875864982605e+00
1.210000000000000000e+02,1.210000000000000936e-01,4.809397142168616135e+00,1.303159503685841214e-01,-1.594837429064104375e-02,1.254283226956040553e-02,-3.048520567593193675e-03,-1.690670445436584859e-02,-1.817757539683952928e-01,3.293414875864982605e+00
1.220000000000000000e+02,1.220000000000000945e-01,4.809391712947922670e+00,1.305420605261218558e-01,-1.569748505608059910e-02,1.118138277678145005e-02,-2.000668381378467586e-03,-1.757103934921355401e-02,-1.817757539683952928e-01,3.293414875864982605e+00
1.230000000000000000e+02,1.230000000000000954e-01,4.809363626905656552e+00,1.307412853242725381e-01,-1.543226719411767978e-02,9.731042101674617154e-03,-8.914154518224748358e-04,-1.798607866947047468e-02,-1.817757539683952928e-01,3.293414875864982605e+00
1.240000000000000000e+02,1.240000000000000963e-01,4.809335516396282983e+00,1.309208557278039864e-01,-1.513762278506891774e-02,8.149117315163382363e-03,3.299510079057821343e-04,-1.821624645633397252e-02,-1.817757539683952928e-01,3.293414875864982605e+00
1.250000000000000000e+02,1.250000000000000833e-01,4.809314118174190966e+00,1.310909230287678751e-01,-1.487391411890566333e-02,6.737180656623246826e-03,1.422072800534968096e-03,-1.837029203518567022e-02,-1.817757539683952928e-01,3.293414875864982605e+00
1.260000000000000000e+02,1.260000000000000842e-01,4.809302345536337064e+00,1.312579838995010795e-01,-1.463786232160202427e-02,5.475812892747655355e-03,2.399164326896352506e-03,-1.852561536453854740e-02,-1.817757539683952928e-01,3.293414875864982605e+00
1.270000000000000000e+02,1.270000000000000850e-01,4.809276276025004293e+00,1.314235705386721798e-01,-1.442843159882113355e-02,4.293037847202521226e-03,3.305667463966655006e-03,-1.871687724883779047e-02,-1.817757539683952928e-01,3.293414875864982605e+00
1.280000000000000000e+02,1.280000000000000859e-01,4.809249403811056034e+00,1.315826979168006061e-01,-1.424099240211061483e-02,3.238009646488192866e-03,4.116618381018399830e-03,-1.889680943959068382e-02,-1.817757539683952928e-01,3.293414875864982605e+00
1.290000000000000000e+02,1.290000000000000868e-01,4.809216539475818841e+00,1.317318516181445187e-01,-1.407325474832572983e-02,2.297736250520142701e-03,4.841978709081651289e-03,-1.902253939319633463e-02,-1.817757539683952928e-01,3.293414875864982605e+00
1.300000000000000000e+02,1.300000000000000877e-01,4.809178802783656614e+00,1.318692998855098275e-01,-1.392315757563319586e-02,1.460253904692813617e-03,5.490794480578653491e-03,-1.907023250463367459e-02,-1.817757539683952928e-01,3.293414875864982605e+00
1.310000000000000000e+02,1.310000000000000886e-01,4.809137147304823223e+00,1.319947382600941410e-01,-1.378884974731746892e-02,7.146921114830409594e-04,6.071220704166213622e-03,-1.903131526837243542e-02,-1.817757539683952928e-01,3.293414875864982605e+00
1.320000000000000000e+02,1.320000000000000895e-01,4.809092429275943381e+00,1.321087326237723736e-01,-1.366867181772310653e-02,5.123811145437036363e-05,6.590566591758273418e-03,-1.890671858296266716e-02,-1.817757539683952928e-01,3.293414875864982605e+00
1.330000000000000000e+02,1.330000000000000904e-01,4.809045436410344543e+00,1.322123418265145345e-01,-1.356113794694668515e-02,-5.389472327555593079e-04,7.055361119306713391e-03,-1.870286224653569182e-02,-1.817757539683952928e-01,3.293414875864982605e+00
1.340000000000000000e+02,1.340000000000000913e-01,4.808996900404949315e+00,1.323068837163270672e-01,-1.346491867392291160e-02,-1.063816495906861129e-03,7.471425967137568236e-03,-1.842915823108379203e-02,-1.817757539683952928e-01,3.293414875864982605e+00
1.350000000000000000e+02,1.350000000000000921e-01,4.808947501351308773e+00,1.323937928146722842e-01,-1.337882494488104937e-02,-1.530517450695986076e-03,7.843947867071987545e-03,-1.809650141442024560e-02,-1.817757539683952928e-01,3.293414875864982605e+00
1.360000000000000000e+02,1.360000000000000930e-01,4.808897867616642507e+00,1.324745334025063948e-01,-1.330179353088818336e-02,-1.945468397639430608e-03,8.177546573293836829e-03,-1.771635858091219137e-02,-1.817757539683952928e-01,3.293414875864982605e+00
1.370000000000000000e+02,1.370000000000000939e-01,4.808848574795993258e+00,1.325505456578763841e-01,-1.323287382663496450e-02,-2.314427131160351654e-03,8.476336997749633895e-03,-1.730021303202671293e-02,-1.817757539683952928e-01,3.293414875864982605e+00
1.380000000000000000e+02,1.380000000000000948e-01,4.808800144050718650e+00,1.326232116425253849e-01,-1.317121595724780360e-02,-2.642553858638881960e-03,8.743985200402093483e-03,-1.685922067087330251e-02,-1.817757539683952928e-01,3.293414875864982605e+00
1.390000000000000000e+02,1.390000000000000957e-01,4.808753040797629552e+00,1.326938333912236478e-01,-1.311606009396706386e-02,-2.934468452101299078e-03,8.983758454442769548e-03,-1.640399308723147764e-02,-1.817757539683952928e-01,3.293414875864982605e+00
1.400000000000000000e+02,1.400000000000000966e-01,4.808707674077397520e+00,1.327636185958781245e-01,-1.306672687288821209e-02,-3.194302452138919612e-03,9.198569826503799618e-03,-1.594445848604170157e-02,-1.817757539683952928e-01,3.293414875864982605e+00
1.410000000000000000e+02,1.410000000000000975e-01,4.808664396720573997e+00,1.328336712581825729e-01,-1.302260881321370099e-02,-3.425746256675282070e-03,9.391017782462984798e-03,-1.548977189350463773e-02,-1.817757539683952928e-01,3.293414875864982605e+00
1.420000000000000000e+02,1.420000000000000984e-01,4.808623506311364260e+00,1.329049857734192208e-01,-1.298316263753459404e-02,-3.632091921881560291e-03,9.563421330543553367e-03,-1.504825801592378498e-02,-1.817757539683952928e-01,3.293414875864982605e+00
1.430000000000000000e+02,1.430000000000000993e-01,4.808585246888047671e+00,1.329784435338423054e-01,-1.294790240411855878e-02,-3.816271983650270164e-03,9.717851184302572776e-03,-1.462737701135750738e-02,-1.817757539683952928e-01,3.293414875864982605e+00
1.440000000000000000e+02,1.440000000000001001e-01,4.808549586349203153e+00,1.330562043463636157e-01,-1.295793290023892694e-02,-3.793881897756173037e-03,9.739957741863980445e-03,-1.424503339247255862e-02,-1.817757539683952928e-01,3.293414875864982605e+00
1.450000000000000000e+02,1.450000000000001010e-01,4.808524784927980633e+00,1.331423607659191766e-01,-1.302051882245860125e-02,-3.533533747676370629e-03,9.605514303846041102e-03,-1.394835018368119350e-02,-1.817757539683952928e-01,3.293414875864982605e+00
1.460000000000000000e+02,1.460000000000001019e-01,4.808513420640999847e+00,1.332404227319865520e-01,-1.313886434786556631e-02,-3.020118623086731971e-03,9.303746068919815926e-03,-1.378475362652963922e-02,-1.817757539683952928e-01,3.293414875864982605e+00
1.470000000000000000e+02,1.470000000000001028e-01,4.808516083374196448e+00,1.333519186908598553e-01,-1.331444725478203236e-02,-2.250593931133102431e-03,8.829768153510109130e-03,-1.378360749681605685e-02,-1.817757539683952928e-01,3.293414875864982605e+00
1.480000000000000000e+02,1.480000000000001037e-01,4.808532478497346219e+00,1.334764020116145367e-01,-1.354785235117324932e-02,-1.226868122749884792e-03,8.181893299835207856e-03,-1.395411269483228314e-02,-1.817757539683952928e-01,3.293414875864982605e+00
1.490000000000000000e+02,1.490000000000001046e-01,4.808561910639023829e+00,1.336119371568174619e-01,-1.383916096950989390e-02,4.685410715759771860e-05,7.360325982332271977e-03,-1.428949130709933520e-02,-1.817757539683952928e-01,3.293414875864982605e+00
1.500000000000000000e+02,1.500000000000001055e-01,4.808572933824528661e+00,1.337532643128682142e-01,-1.415274338395803785e-02,1.385611042009358800e-03,6.482999043819770435e-03,-1.475580973330030410e-02,-1.817757539683952928e-01,3.293414875864982605e+00
1.510000000000000000e+02,1.510000000000001064e-01,4.808580768018079432e+00,1.338901948405637754e-01,-1.443329234537233524e-02,2.587753151247274182e-03,5.698732740523126949e-03,-1.525078226634938097e-02,-1.817757539683952928e-01,3.293414875864982605e+00
1.520000000000000000e+02,1.520000000000001072e-01,4.808585978162516206e+00,1.340156172259990564e-01,-1.468429420918963488e-02,3.668376524544920622e-03,4.997557090534288093e-03,-1.569435002403515855e-02,-1.817757539683952928e-01,3.293414875864982605e+00
1.530000000000000000e+02,1.530000000000001081e-01,4.808588905431736116e+00,1.341258264053809268e-01,-1.490887518793390654e-02,4.640320986342835394e-03,4.370419438576300664e-03,-1.604132264667875590e-02,-1.817757539683952928e-01,3.293414875864982605e+00
1.540000000000000000e+02,1.540000000000001090e-01,4.808589778531951353e+00,1.342194800485955464e-01,-1.510983276391122954e-02,5.514756979079670635e-03,3.809207058939723112e-03,-1.627179750279511908e-02,-1.817757539683952928e-01,3.293414875864982605e+00
1.550000000000000000e+02,1.550000000000001099e-01,4.808588757195842334e+00,1.342966640041083071e-01,-1.528966767076488618e-02,6.301557882607802981e-03,3.306699580734040467e-03,-1.638137624590941047e-02,-1.817757539683952928e-01,3.293414875864982605e+00
1.560000000000000000e+02,1.560000000000001108e-01,4.808584757142911670e+00,1.343580843058188035e-01,-1.545061275163088846e-02,7.011155250934934108e-03,2.856512256437016006e-03,-1.637555225510391177e-02,-1.817757539683952928e-01,3.293414875864982605e+00
1.570000000000000000e+02,1.570000000000001117e-01,4.808577330021825524e+00,1.344041444946316166e-01,-1.559467268848032349e-02,7.650368686310267570e-03,2.452887764728073350e-03,-1.625374217508664815e-02,-1.817757539683952928e-01,3.293414875864982605e+00
1.580000000000000000e+02,1.580000000000001126e-01,4.808566023352157437e+00,1.344346584751612006e-01,-1.577961647621336019e-02,8.376233134495871327e-03,1.930973526920842787e-03,-1.601361682365437522e-02,-1.817757539683952928e-01,3.293414875864982605e+00
1.590000000000000000e+02,1.590000000000001135e-01,4.808560334914676382e+00,1.344468729202711876e-01,-1.601176671773626298e-02,9.202762453897353478e-03,1.269557239055529863e-03,-1.561949674519346604e-02,-1.817757539683952928e-01,3.293414875864982605e+00
1.600000000000000000e+02,1.600000000000001144e-01,4.808563683422542923e+00,1.344389228278816129e-01,-1.629694235979776973e-02,1.013732065690628979e-02,4.489241811087563150e-04,-1.503842393383294888e-02,-1.817757539683952928e-01,3.293414875864982605e+00
1.610000000000000000e+02,1.610000000000001152e-01,4.808545297179986910e+00,1.344139298053311782e-01,-1.661007189116509367e-02,1.117280562565014373e-02,-4.485150640876067740e-04,-1.427018385365437514e-02,-1.817757539683952928e-01,3.293414875864982605e+00
1.620000000000000000e+02,1.620000000000001161e-01,4.808525930542408844e+00,1.343783610533876849e-01,-1.689038776564115094e-02,1.209926376715803401e-02,-1.254544674590629683e-03,-1.337835131794257865e-02,-1.817757539683952928e-01,3.293414875864982605e+00
1.630000000000000000e+02,1.630000000000001170e-01,4.808505596225681522e+00,1.343391688286588725e-01,-1.714128611023792853e-02,1.292758280503404980e-02,-1.978285616919039924e-03,-1.243257539736625922e-02,-1.817757539683952928e-01,3.293414875864982605e+00
1.640000000000000000e+02,1.640000000000001179e-01,4.808484656643896571e+00,1.343012547693994418e-01,-1.736581144390820022e-02,1.366767840245379680e-02,-2.627891477775090578e-03,-1.148284514799903337e-02,-1.817757539683952928e-01,3.293414875864982605e+00
1.650000000000000000e+02,1.650000000000001188e-01,4.808463537353049766e+00,1.342678491610999891e-01,-1.756669605569284934e-02,1.432862540607420659e-02,-3.210718335929785283e-03,-1.056186068838848094e-02,-1.817757539683952928e-01,3.293414875864982605e+00
1.660000000000000000e+02,1.660000000000001197e-01,4.808442645573791197e+00,1.342410625480709718e-01,-1.774639101532138677e-02,1.491861190501411923e-02,-3.733408688141537368e-03,-9.690608597189663900e-03,-1.817757539683952928e-01,3.293414875864982605e+00
1.670000000000000000e+02,1.670000000000001206e-01,4.808422329003088080e+00,1.342222875677623051e-01,-1.790709368914060809e-02,1.544505655919399360e-02,-4.201950707942492258e-03,-8.882767415384911977e-03,-1.817757539683952928e-01,3.293414875864982605e+00
1.680000000000000000e+02,1.680000000000001215e-01,4.808402823095134337e+00,1.342138100327951444e-01,-1.803528103642196290e-02,1.594373502929463324e-02,-4.545748852723630051e-03,-8.158152321611586433e-03,-1.817757539683952928e-01,3.293414875864982605e+00
1.690000000000000000e+02,1.690000000000001223e-01,4.808392537983096737e+00,1.342196789266958956e-01,-1.812341891700455093e-02,1.641261041147778002e-02,-4.739214721406925790e-03,-7.564742453965201535e-03,-1.817757539683952928e-01,3.293414875864982605e+00
1.700000000000000000e+02,1.700000000000001232e-01,4.808394167139930175e+00,1.342432023435465582e-01,-1.816810196962619084e-02,1.685206383073389880e-02,-4.770334009696064470e-03,-7.149411878020141449e-03,-1.817757539683952928e-01,3.293414875864982605e+00
1.710000000000000000e+02,1.710000000000001241e-01,4.808408376655449068e+00,1.342855769799588539e-01,-1.816770016180152894e-02,1.726162519190581682e-02,-4.633132594712430219e-03,-6.939786239270682999e-03,-1.817757539683952928e-01,3.293414875864982605e+00
1.720000000000000000e+02,1.720000000000001250e-01,4.808434942126893041e+00,1.343459263127246006e-01,-1.812149175926587585e-02,1.764032953715525057e-02,-4.324875341300549181e-03,-6.942430618857821194e-03,-1.817757539683952928e-01,3.293414875864982605e+00
1.730000000000000000e+02,1.730000000000001259e-01,4.808473235458651907e+00,1.344218172069310546e-01,-1.802926687225751487e-02,1.798685734558388982e-02,-3.844738478086417999e-03,-7.147321076800198895e-03,-1.817757539683952928e-01,3.293414875864982605e+00
1.740000000000000000e+02,1.740000000000001268e-01,4.808492446882700833e+00,1.345077570179682713e-01,-1.792695937433667897e-02,1.825463531658491276e-02,-3.311843515817924910e-03,-7.518289087202250677e-03,-1.817757539683952928e-01,3.293414875864982605e+00
1.750000000000000000e+02,1.750000000000001277e-01,4.808507396644551513e+00,1.345912202577781436e-01,-1.779727417565045433e-02,1.836028623355577538e-02,-2.670520737940274003e-03,-7.937427808515331445e-03,-1.817757539683952928e-01,3.293414875864982605e+00
1.760000000000000000e+02,1.760000000000001286e-01,4.808525339650900676e+00,1.346604136957978981e-01,-1.763201782839494969e-02,1.827717242819390867e-02,-1.895552208008188799e-03,-8.276346754252754401e-03,-1.817757539683952928e-01,3.293414875864982605e+00
1.770000000000000000e+02,1.770000000000001295e-01,4.808549895480346059e+00,1.347073905132133986e-01,-1.742695338157029122e-02,1.799901452480369424e-02,-9.744328470735474923e-04,-8.438299792879383476e-03,-1.817757539683952928e-01,3.293414875864982605e+00
1.780000000000000000e+02,1.780000000000001303e-01,4.808550212036325711e+00,1.347321348605824420e-01,-1.720798758854446414e-02,1.769554806162361438e-02,6.867444114710963277e-06,-8.386456871132923208e-03,-1.817757539683952928e-01,3.293414875864982605e+00
1.790000000000000000e+02,1.790000000000001312e-01,4.808548948699175263e+00,1.347414942871889842e-01,-1.696000487040134549e-02,1.736976602006761947e-02,1.099141633621014691e-03,-8.181938777656459771e-03,-1.817757539683952928e-01,3.293414875864982605e+00
1.800000000000000000e+02,1.800000000000001321e-01,4.808552921261387780e+00,1.347456303002133038e-01,-1.673819790833016088e-02,1.708272719071671567e-02,2.075329084111787736e-03,-7.930537945896699165e-03,-1.817757539683952928e-01,3.293414875864982605e+00
1.810000000000000000e+02,1.810000000000001330e-01,4.808546029172434011e+00,1.347482409501119249e-01,-1.654624646076270980e-02,1.681189533745834977e-02,2.970005979228362847e-03,-7.691253775717874809e-03,-1.817757539683952928e-01,3.293414875864982605e+00
1.820000000000000000e+02,1.820000000000001339e-01,4.808540436577387389e+00,1.347460303064251796e-01,-1.637457345814991722e-02,1.657349731541315693e-02,3.769869403708936417e-03,-7.434843148961145509e-03,-1.817757539683952928e-01,3.293414875864982605e+00
1.830000000000000000e+02,1.830000000000001348e-01,4.808536189832796737e+00,1.347362685204956667e-01,-1.622109689964153570e-02,1.636443160613905781e-02,4.484324863197608479e-03,-7.127743294016526156e-03,-1.817757539683952928e-01,3.293414875864982605e+00
1.840000000000000000e+02,1.840000000000001357e-01,4.808533210140735648e+00,1.347178113365300745e-01,-1.608393160643098105e-02,1.618160818371283324e-02,5.122001142187082579e-03,-6.752008753216055814e-03,-1.817757539683952928e-01,3.293414875864982605e+00
1.850000000000000000e+02,1.850000000000001366e-01,4.808521880841522211e+00,1.346908618135648494e-01,-1.596137053172074632e-02,1.602214241246250476e-02,5.690819029169791321e-03,-6.303615734442753402e-03,-1.817757539683952928e-01,3.293414875864982605e+00
1.860000000000000000e+02,1.860000000000001374e-01,4.808503305096856195e+00,1.346561852127713677e-01,-1.585187706810481725e-02,1.588331703223262725e-02,6.197969571266170874e-03,-5.785547977064764424e-03,-1.817757539683952928e-01,3.293414875864982605e+00
1.870000000000000000e+02,1.870000000000001383e-01,4.808478485625517607e+00,1.346149518434024417e-01,-1.575406884515887992e-02,1.576269188290984127e-02,6.649961084328692706e-03,-5.205355825206273157e-03,-1.817757539683952928e-01,3.293414875864982605e+00
1.880000000000000000e+02,1.880000000000001392e-01,4.808448352141395432e+00,1.345685368491999490e-01,-1.566670414241232503e-02,1.565805265270868440e-02,7.052663897896493950e-03,-4.573051963957025165e-03,-1.817757539683952928e-01,3.293414875864982605e+00
1.890000000000000000e+02,1.890000000000001401e-01,4.808413768063836358e+00,1.345183921123240811e-01,-1.558866880075852716e-02,1.556739632279674837e-02,7.411360217956852736e-03,-3.899757085681504649e-03,-1.817757539683952928e-01,3.293414875864982605e+00
1.900000000000000000e+02,1.900000000000001410e-01,4.808375532621683490e+00,1.344659671900517717e-01,-1.551896389482430166e-02,1.548891796539868249e-02,7.730795298793946557e-03,-3.196866623552074155e-03,-1.817757539683952928e-01,3.293414875864982605e+00
1.910000000000000000e+02,1.910000000000001419e-01,4.808334381845316585e+00,1.344126611626537404e-01,-1.545669432244885753e-02,1.542099715582161135e-02,8.015227245740330630e-03,-2.475548469783119682e-03,-1.817757539683952928e-01,3.293414875864982605e+00
1.920000000000000000e+02,1.920000000000001428e-01,4.808290987783461645e+00,1.343597933602035110e-01,-1.540105836949944712e-02,1.536218446844591148e-02,8.268473906080098246e-03,-1.746441879532570525e-03,-1.817757539683952928e-01,3.293414875864982605e+00
1.930000000000000000e+02,1.930000000000001437e-01,4.808245958517109564e+00,1.343085855971179465e-01,-1.535133824059028637e-02,1.531118837457940904e-02,8.493956145977588079e-03,-1.019477457690109307e-03,-1.817757539683952928e-01,3.293414875864982605e+00
1.940000000000000000e+02,1.940000000000001446e-01,4.808199838753250077e+00,1.342601515743956642e-01,-1.530689150747438151e-02,1.526686269439061008e-02,8.694737322864742879e-03,-3.037708846408459021e-04,-1.817757539683952928e-01,3.293414875864982605e+00
1.950000000000000000e+02,1.950000000000001454e-01,4.808153112036726462e+00,1.342154909004018293e-01,-1.526714340863471325e-02,1.522819468140867299e-02,8.873559039000333826e-03,3.924373462643624896e-04,-1.817757539683952928e-01,3.293414875864982605e+00
1.960000000000000000e+02,1.960000000000001463e-01,4.808106201373354871e+00,1.341754862537924975e-01,-1.523157992666883745e-02,1.519429375766202968e-02,9.032873402658569972e-03,1.061812194227287551e-03,-1.817757539683952928e-01,3.293414875864982605e+00
1.970000000000000000e+02,1.970000000000001472e-01,4.808059472150534752e+00,1.341409027803669718e-01,-1.519974157055272238e-02,1.516438091109885075e-02,9.174872078094420402e-03,1.697933961281101155e-03,-1.817757539683952928e-01,3.293414875864982605e+00
1.980000000000000000e+02,1.980000000000001481e-01,4.808013235105796923e+00,1.341123891943853674e-01,-1.517121779268977566e-02,1.513777872857082624e-02,9.301512424759739162e-03,2.295293354039453469e-03,-1.817757539683952928e-01,3.293414875864982605e+00
1.990000000000000000e+02,1.990000000000001490e-01,4.807967749708427441e+00,1.340904802356684133e-01,-1.514564197583195826e-02,1.511390204224771598e-02,9.414541017118693844e-03,2.849275202070971139e-03,-1.817757539683952928e-01,3.293414875864982605e+00
2.000000000000000000e+02,2.000000000000001499e-01,4.807923227835818381e+00,1.340756002455024132e-01,-1.512268693050980092e-02,1.509224916129715127e-02,9.515514817979520146e-03,3.356133070767206190e-03,-1.817757539683952928e-01,3.293414875864982605e+00
2.010000000000000000e+02,2.010000000000001508e-01,4.807879837637297982e+00,1.340680676834127560e-01,-1.510206084929934835e-02,1.507239366120334718e-02,9.605820254422470228e-03,3.812956338247562929e-03,-1.817757539683952928e-01,3.293414875864982605e+00
2.020000000000000000e+02,2.020000000000001517e-01,4.807837707490645762e+00,1.340681004386675701e-01,-1.508350366973493749e-02,1.505397670468444291e-02,9.686690420269039592e-03,4.217630943743191224e-03,-1.817757539683952928e-01,3.293414875864982605e+00
2.030000000000000000e+02,2.030000000000001525e-01,4.807796559175397277e+00,1.340781766719120471e-01,-1.510695996888675174e-02,1.502112987325739286e-02,9.646042759700046432e-03,4.555215990735371825e-03,-1.817757539683952928e-01,3.293414875864982605e+00
2.040000000000000000e+02,2.040000000000001534e-01,4.807766190913192794e+00,1.341028517407849008e-01,-1.518088076132947592e-02,1.496498918465190633e-02,9.456464089795613148e-03,4.775364968718879242e-03,-1.817757539683952928e-01,3.293414875864982605e+00
2.050000000000000000e+02,2.050000000000001543e-01,4.807749783518571185e+00,1.341459445454218358e-01,-1.530898597753428680e-02,1.487644475942081178e-02,9.106243086830945188e-03,4.826013562063203796e-03,-1.817757539683952928e-01,3.293414875864982605e+00
2.060000000000000000e+02,2.060000000000001552e-01,4.807748243834152113e+00,1.342089731406148900e-01,-1.549307223044489763e-02,1.474733497867253620e-02,8.589818592858344815e-03,4.675222922609675869e-03,-1.817757539683952928e-01,3.293414875864982605e+00
2.070000000000000000e+02,2.070000000000001561e-01,4.807761483025401184e+00,1.342911613012020833e-01,-1.573400369801034038e-02,1.456991116255839866e-02,7.904445308128060788e-03,4.314044501555037471e-03,-1.817757539683952928e-01,3.293414875864982605e+00
2.080000000000000000e+02,2.080000000000001570e-01,4.807760591985003273e+00,1.343863764499614588e-01,-1.599791389887669085e-02,1.437011858222260810e-02,7.161898452789472458e-03,3.771620141337670568e-03,-1.817757539683952928e-01,3.293414875864982605e+00
2.090000000000000000e+02,2.090000000000001579e-01,4.807760528925659749e+00,1.344838029010486102e-01,-1.623386588460893135e-02,1.419347896281841596e-02,6.499368641819547321e-03,3.150084666301252931e-03,-1.817757539683952928e-01,3.293414875864982605e+00
2.100000000000000000e+02,2.100000000000001588e-01,4.807760952131237886e+00,1.345749031353062897e-01,-1.651217941579789794e-02,1.394351321038348954e-02,5.713547362002024954e-03,2.541270992814377572e-03,-1.817757539683952928e-01,3.293414875864982605e+00
2.110000000000000000e+02,2.110000000000001597e-01,4.807769383889423764e+00,1.346506389937768278e-01,-1.684021009112383546e-02,1.359670661499673416e-02,4.778978272014899886e-03,2.047007789766949748e-03,-1.817757539683952928e-01,3.293414875864982605e+00
2.120000000000000000e+02,2.120000000000001605e-01,4.807788903987808560e+00,1.347048096216682533e-01,-1.722153450155120349e-02,1.313561647384912587e-02,3.682959032908605934e-03,1.746690108906086801e-03,-1.817757539683952928e-01,3.293414875864982605e+00
2.130000000000000000e+02,2.130000000000001614e-01,4.807820621817100459e+00,1.347347218328843188e-01,-1.765790422678780586e-02,1.254771656408045638e-02,2.419263863561393890e-03,1.685620496915366147e-03,-1.817757539683952928e-01,3.293414875864982605e+00
2.140000000000000000e+02,2.140000000000001623e-01,4.807835529200230162e+00,1.347432327323018764e-01,-1.811820719578392455e-02,1.194267064125519376e-02,1.091101510180658707e-03,1.861020987387176917e-03,-1.817757539683952928e-01,3.293414875864982605e+00
2.150000000000000000e+02,2.150000000000001632e-01,4.807850175885550748e+00,1.347409707410583968e-01,-1.861992435763964657e-02,1.132566217508164733e-02,-3.583527018191645652e-04,2.177221166395343702e-03,-1.817757539683952928e-01,3.293414875864982605e+00
2.160000000000000000e+02,2.160000000000001641e-01,4.807869197860719979e+00,1.347381805728086468e-01,-1.906883796234675951e-02,1.077610821569570561e-02,-1.655608391952334557e-03,2.510222931780070957e-03,-1.817757539683952928e-01,3.293414875864982605e+00
2.170000000000000000e+02,2.170000000000001650e-01,4.807896067380283966e+00,1.347421506927667101e-01,-1.947042791400198716e-02,1.028538473297219667e-02,-2.815771143124701226e-03,2.772390764088991308e-03,-1.817757539683952928e-01,3.293414875864982605e+00
2.180000000000000000e+02,2.180000000000001659e-01,4.807905118605013683e+00,1.347536926582920125e-01,-1.985333277404244950e-02,9.809643235703328218e-03,-3.896345797917311060e-03,2.929475798215125902e-03,-1.817757539683952928e-01,3.293414875864982605e+00
2.190000000000000000e+02,2.190000000000001668e-01,4.807914952205178061e+00,1.347666314992177206e-01,-2.019590667514439483e-02,9.387240230953520018e-03,-4.862810486949920019e-03,3.039587753132002787e-03,-1.817757539683952928e-01,3.293414875864982605e+00
2.200000000000000000e+02,2.200000000000001676e-01,4.807924672879647865e+00,1.347758618793762353e-01,-2.050244257076105914e-02,9.012280161642835519e-03,-5.727705978229247208e-03,3.161198512807241595e-03,-1.817757539683952928e-01,3.293414875864982605e+00
2.210000000000000000e+02,2.210000000000001685e-01,4.807933841547995080e+00,1.347786548647549043e-01,-2.077676114176104857e-02,8.679410593099713689e-03,-6.502037286789441595e-03,3.329308523142601728e-03,-1.817757539683952928e-01,3.293414875864982605e+00
2.220000000000000000e+02,2.220000000000001694e-01,4.807942178180891091e+00,1.347741321495725675e-01,-2.102226537966654304e-02,8.383739465150370773e-03,-7.195481375724677164e-03,3.559001581617833327e-03,-1.817757539683952928e-01,3.293414875864982605e+00
2.230000000000000000e+02,2.230000000000001703e-01,4.807949476235311437e+00,1.347625509279633815e-01,-2.124199062384390588e-02,8.120901436279125488e-03,-7.816595381522573049e-03,3.852756557120249822e-03,-1.817757539683952928e-01,3.293414875864982605e+00
2.240000000000000000e+02,2.240000000000001712e-01,4.807955568155150239e+00,1.347447958826323844e-01,-2.143864735091125656e-02,7.887037854896946157e-03,-8.372980736239155064e-03,4.205885397176409302e-03,-1.817757539683952928e-01,3.293414875864982605e+00
2.250000000000000000e+02,2.250000000000001721e-01,4.807960309377994790e+00,1.347220642190439799e-01,-2.161465779728258610e-02,7.678748885983119332e-03,-8.871410465041806859e-03,4.609943133687753603e-03,-1.817757539683952928e-01,3.293414875864982605e+00
2.260000000000000000e+02,2.260000000000001730e-01,4.807963570949653764e+00,1.346956784833549803e-01,-2.177218769401731077e-02,7.493042256870785164e-03,-9.317931006674884387e-03,5.054758928752281152e-03,-1.817757539683952928e-01,3.293414875864982605e+00
2.270000000000000000e+02,2.270000000000001739e-01,4.807965236346403159e+00,1.346669771218830525e-01,-2.191317406647922544e-02,7.327285438197736998e-03,-9.717946515876541014e-03,5.529622765575953856e-03,-1.817757539683952928e-01,3.293414875864982605e+00
2.280000000000000000e+02,2.280000000000001747e-01,4.807965201115030673e+00,1.346372511954578022e-01,-2.203934977221928132e-02,7.179162793175918392e-03,-1.007629059371017988e-02,6.023971037216498473e-03,-1.817757539683952928e-01,3.293414875864982605e+00
2.290000000000000000e+02,2.290000000000001756e-01,4.807963373705983479e+00,1.346077083714119771e-01,-2.215226526703240398e-02,7.046637706617023267e-03,-1.039728849477561390e-02,6.527777158458043794e-03,-1.817757539683952928e-01,3.293414875864982605e+00
2.300000000000000000e+02,2.300000000000001765e-01,4.807959421399953470e+00,1.345779015871405304e-01,-2.223485422487364929e-02,6.941256632956969638e-03,-1.060101173881933256e-02,7.038758511607444771e-03,-1.817757539683952928e-01,3.293414875864982605e+00
2.310000000000000000e+02,2.310000000000001774e-01,4.807945684407782139e+00,1.345476048947006065e-01,-2.229933936823078056e-02,7.009447701759196139e-03,-1.072794945049393434e-02,7.575927470065824468e-03,-1.817757539683952928e-01,3.293414875864982605e+00
2.320000000000000000e+02,2.320000000000001783e-01,4.807934695699813687e+00,1.345217701641373553e-01,-2.233127198920515158e-02,7.358986752308427880e-03,-1.073017272130871724e-02,8.094216142512324422e-03,-1.817757539683952928e-01,3.293414875864982605e+00
2.330000000000000000e+02,2.330000000000001792e-01,4.807932156521188105e+00,1.345065070817130781e-01,-2.232385113265140247e-02,8.038074970602960070e-03,-1.058495924127500487e-02,8.523742865106207975e-03,-1.817757539683952928e-01,3.293414875864982605e+00
2.340000000000000000e+02,2.340000000000001801e-01,4.807913183390986056e+00,1.345031299635783550e-01,-2.230043022055215943e-02,8.754526742883661158e-03,-1.036933079695367965e-02,8.823781402707656443e-03,-1.817757539683952928e-01,3.293414875864982605e+00
2.350000000000000000e+02,2.350000000000001810e-01,4.807897262340295796e+00,1.345049009034299248e-01,-2.224519285169461458e-02,9.510993821433003786e-03,-1.003113263462940274e-02,9.054218948337192790e-03,-1.817757539683952928e-01,3.293414875864982605e+00
2.360000000000000000e+02,2.360000000000001819e-01,4.807890843914769619e+00,1.345034755944999050e-01,-2.215153238391926946e-02,1.031532799440003194e-02,-9.549050858313812284e-03,9.307712454926125520e-03,-1.817757539683952928e-01,3.293414875864982605e+00
2.370000000000000000e+02,2.370000000000001827e-01,4.807871543759496546e+00,1.344960605520897912e-01,-2.204471663217029767e-02,1.126511912522778699e-02,-9.007210582065994231e-03,9.639937032548014095e-03,-1.817757539683952928e-01,3.293414875864982605e+00
2.380000000000000000e+02,2.380000000000001836e-01,4.807853643496299512e+00,1.344879292651746661e-01,-2.190889854670929893e-02,1.248120438845939408e-02,-8.353075336595905398e-03,1.000657034464003635e-02,-1.817757539683952928e-01,3.293414875864982605e+00
2.390000000000000000e+02,2.390000000000001845e-01,4.807843779021867547e+00,1.344862920176755350e-01,-2.173643715128646681e-02,1.401539412844787780e-02,-7.560821593600719481e-03,1.032754715250088287e-02,-1.817757539683952928e-01,3.293414875864982605e+00
2.400000000000000000e+02,2.400000000000001854e-01,4.807819913143418056e+00,1.344936914761336033e-01,-2.154763293469423233e-02,1.561019415935962704e-02,-6.696846258018585019e-03,1.055040067061933581e-02,-1.817757539683952928e-01,3.293414875864982605e+00
2.410000000000000000e+02,2.410000000000001863e-01,4.807800713247972091e+00,1.345044382391625826e-01,-2.132755862559955820e-02,1.728930988538536842e-02,-5.711959982830583371e-03,1.072365190701407914e-02,-1.817757539683952928e-01,3.293414875864982605e+00
2.420000000000000000e+02,2.420000000000001872e-01,4.807792328673510696e+00,1.345110069967377087e-01,-2.107010004191602406e-02,1.907288982405752967e-02,-4.586827907727908382e-03,1.093047961742117657e-02,-1.817757539683952928e-01,3.293414875864982605e+00
2.430000000000000000e+02,2.430000000000001881e-01,4.807772207477985837e+00,1.345112390708188277e-01,-2.080027351110511763e-02,2.099373141653999159e-02,-3.405158235218808116e-03,1.121984781147905737e-02,-1.817757539683952928e-01,3.293414875864982605e+00
2.440000000000000000e+02,2.440000000000001890e-01,4.807754479867551112e+00,1.345103887570333057e-01,-2.050266989580079233e-02,2.315990531874576736e-02,-2.115751331654314171e-03,1.154614563084615554e-02,-1.817757539683952928e-01,3.293414875864982605e+00
2.450000000000000000e+02,2.450000000000001898e-01,4.807745789396933311e+00,1.345155142599027687e-01,-2.016978267932050678e-02,2.561325043997690273e-02,-6.926799424402663163e-04,1.183008839733945203e-02,-1.817757539683952928e-01,3.293414875864982605e+00
2.460000000000000000e+02,2.460000000000001907e-01,4.807724767058386917e+00,1.345293035897695832e-01,-1.982096478451400579e-02,2.816164837629059683e-02,8.014342041899880087e-04,1.201897190068514434e-02,-1.817757539683952928e-01,3.293414875864982605e+00
2.470000000000000000e+02,2.470000000000001916e-01,4.807707826386214300e+00,1.345494049335556053e-01,-1.950864698530455424e-02,3.044405042303110348e-02,2.139330583389886797e-03,1.214092118796161225e-02,-1.817757539683952928e-01,3.293414875864982605e+00
2.480000000000000000e+02,2.480000000000001925e-01,4.807694140787284631e+00,1.345716227362819262e-01,-1.922907689988967786e-02,3.248828933262144780e-02,3.336513785079153749e-03,1.224116841475207489e-02,-1.817757539683952928e-01,3.293414875864982605e+00
2.490000000000000000e+02,2.490000000000001934e-01,4.807683269148170346e+00,1.345933457175842174e-01,-1.897887637631361091e-02,3.431951880275923433e-02,4.406924500641951070e-03,1.235011474182903801e-02,-1.817757539683952928e-01,3.293414875864982605e+00
2.500000000000000000e+02,2.500000000000001665e-01,4.807674881089564423e+00,1.346133473199759012e-01,-1.875499436572447554e-02,3.596015735112570444e-02,5.363282356210863355e-03,1.248351463221639840e-02,-1.817757539683952928e-01,3.293414875864982605e+00
2.510000000000000000e+02,2.510000000000001674e-01,4.807668690476710971e+00,1.346312961405088660e-01,-1.855467796402788389e-02,3.743020741696172216e-02,6.217197330675716671e-03,1.264735847642067118e-02,-1.817757539683952928e-01,3.293414875864982605e+00
2.520000000000000000e+02,2.520000000000001683e-01,4.807664432120294151e+00,1.346473837105227056e-01,-1.837544737995882443e-02,3.874752631110267576e-02,6.979235118920179559e-03,1.284183556960735891e-02,-1.817757539683952928e-01,3.293414875864982605e+00
2.530000000000000000e+02,2.530000000000001692e-01,4.807661852582351791e+00,1.346620880744484883e-01,-1.821507204559314613e-02,3.992806077296245926e-02,7.658980916702695652e-03,1.306388852876290245e-02,-1.817757539683952928e-01,3.293414875864982605e+00
2.540000000000000000e+02,2.540000000000001701e-01,4.807660706899008929e+00,1.346760310021479223e-01,-1.807154778243822563e-02,4.098605542737342178e-02,8.265107608630195557e-03,1.330875930012901699e-02,-1.817757539683952928e-01,3.293414875864982605e+00
2.550000000000000000e+02,2.550000000000001710e-01,4.807660758085562591e+00,1.346898929496384567e-01,-1.794307532150975215e-02,4.193423862520859885e-02,8.805446256254345627e-03,1.357090730256907928e-02,-1.817757539683952928e-01,3.293414875864982605e+00
2.560000000000000000e+02,2.560000000000001719e-01,4.807657718589290141e+00,1.347043339304034859e-01,-1.782804144738125290e-02,4.278385458703641564e-02,9.287054306242659152e-03,1.384460096301660600e-02,-1.817757539683952928e-01,3.293414875864982605e+00
2.570000000000000000e+02,2.570000000000001728e-01,4.807652037620881558e+00,1.347201004930620449e-01,-1.772499531828706024e-02,4.354515452050666813e-02,9.716319411259721761e-03,1.412337309713856612e-02,-1.817757539683952928e-01,3.293414875864982605e+00
2.580000000000000000e+02,2.580000000000001736e-01,4.807644105312794736e+00,1.347378786754903912e-01,-1.763263690942236395e-02,4.422724319313486863e-02,1.009898652732732494e-02,1.440110891377776800e-02,-1.817757539683952928e-01,3.293414875864982605e+00
2.590000000000000000e+02,2.590000000000001745e-01,4.807634277357285768e+00,1.347582658185935423e-01,-1.754980285445951679e-02,4.483827157140152925e-02,1.044020283758828604e-02,1.467245964714387028e-02,-1.817757539683952928e-01,3.293414875864982605e+00
2.600000000000000000e+02,2.600000000000001754e-01,4.807622877764614167e+00,1.347817753340740388e-01,-1.747545245199023933e-02,4.538554118596300341e-02,1.074457503277015391e-02,1.493281867058761196e-02,-1.817757539683952928e-01,3.293414875864982605e+00
2.610000000000000000e+02,2.610000000000001763e-01,4.807610200053636262e+00,1.348088456004665481e-01,-1.740865491381490479e-02,4.587559368525843950e-02,1.101622427064108400e-02,1.517823028683227410e-02,-1.817757539683952928e-01,3.293414875864982605e+00
2.620000000000000000e+02,2.620000000000001772e-01,4.807596508447341321e+00,1.348398469919533382e-01,-1.734857797309546923e-02,4.631429144368096051e-02,1.125883560697804597e-02,1.540531517495146753e-02,-1.817757539683952928e-01,3.293414875864982605e+00
2.630000000000000000e+02,2.630000000000001781e-01,4.807582039230124060e+00,1.348750869787747608e-01,-1.729447772686876564e-02,4.670688981292769881e-02,1.147570202639158765e-02,1.561121744194586027e-02,-1.817757539683952928e-01,3.293414875864982605e+00
2.640000000000000000e+02,2.640000000000001790e-01,4.807567002248164023e+00,1.349148140493919845e-01,-1.724568956234455094e-02,4.705810169226753298e-02,1.166976375745654160e-02,1.579356589022929552e-02,-1.817757539683952928e-01,3.293414875864982605e+00
2.650000000000000000e+02,2.650000000000001799e-01,4.807550455755831287e+00,1.349630541696492936e-01,-1.723885981224088787e-02,4.718751021035204329e-02,1.174291435160235153e-02,1.593260513123359243e-02,-1.817757539683952928e-01,3.293414875864982605e+00
2.660000000000000000e+02,2.660000000000001807e-01,4.807541396345963669e+00,1.350230232888271764e-01,-1.723195369951643907e-02,4.730316253050365072e-02,1.181233670494719057e-02,1.597261970626624727e-02,-1.817757539683952928e-01,3.293414875864982605e+00
2.670000000000000000e+02,2.670000000000001816e-01,4.807541704968677720e+00,1.350979665948353892e-01,-1.722476443944529964e-02,4.740471428448617131e-02,1.188111944714909107e-02,1.586764955958767931e-02,-1.817757539683952928e-01,3.293414875864982605e+00
2.680000000000000000e+02,2.680000000000001825e-01,4.807528332155228235e+00,1.351869578248391934e-01,-1.724740781845408161e-02,4.738267292467084058e-02,1.187351690996640841e-02,1.560686961157674302e-02,-1.817757539683952928e-01,3.293414875864982605e+00
2.690000000000000000e+02,2.690000000000001834e-01,4.807518976707346070e+00,1.352818052947118432e-01,-1.731498325375622344e-02,4.715543715377150391e-02,1.173696739145313472e-02,1.527299826374126437e-02,-1.817757539683952928e-01,3.293414875864982605e+00
2.700000000000000000e+02,2.700000000000001843e-01,4.807519816739332263e+00,1.353732040182417107e-01,-1.743439901829392513e-02,4.668847516426680166e-02,1.144493615553376920e-02,1.497229305702152402e-02,-1.817757539683952928e-01,3.293414875864982605e+00
2.710000000000000000e+02,2.710000000000001852e-01,4.807533224998685739e+00,1.354546817745421738e-01,-1.760916979140783947e-02,4.596489048766078805e-02,1.098287351218019126e-02,1.478694127357536858e-02,-1.817757539683952928e-01,3.293414875864982605e+00
2.720000000000000000e+02,2.720000000000001861e-01,4.807530670584918120e+00,1.355243882858402638e-01,-1.780914520557647790e-02,4.512810553349902443e-02,1.044921517026065061e-02,1.475120674614181782e-02,-1.817757539683952928e-01,3.293414875864982605e+00
2.730000000000000000e+02,2.730000000000001870e-01,4.807528207996644376e+00,1.355864771781293832e-01,-1.798808180869489529e-02,4.438039138857952093e-02,9.967490402235767988e-03,1.481377066262748107e-02,-1.817757539683952928e-01,3.293414875864982605e+00
2.740000000000000000e+02,2.740000000000001878e-01,4.807525938165875701e+00,1.356463873292145517e-01,-1.814798834448622458e-02,4.371124460114936272e-02,9.534395779199345000e-03,1.491814372715651212e-02,-1.817757539683952928e-01,3.293414875864982605e+00
2.750000000000000000e+02,2.750000000000001887e-01,4.807523953263115324e+00,1.357076600430326685e-01,-1.829072622102060827e-02,4.311181939222014786e-02,9.146309249823181275e-03,1.502657008310568677e-02,-1.817757539683952928e-01,3.293414875864982605e+00
2.760000000000000000e+02,2.760000000000001896e-01,4.807522335000271596e+00,1.357723959520723833e-01,-1.841801056125527344e-02,4.257447873884612904e-02,8.799449190654007324e-03,1.511638084722199092e-02,-1.817757539683952928e-01,3.293414875864982605e+00
2.770000000000000000e+02,2.770000000000001905e-01,4.807521152583133173e+00,1.358417665205502722e-01,-1.853140798806304085e-02,4.209252538630284257e-02,8.490084904451578041e-03,1.517470266220716756e-02,-1.817757539683952928e-01,3.293414875864982605e+00
2.780000000000000000e+02,2.780000000000001914e-01,4.807520460028531950e+00,1.359163649646559224e-01,-1.863234027848286942e-02,4.166004260444459983e-02,8.214666099060741189e-03,1.519470682108956319e-02,-1.817757539683952928e-01,3.293414875864982605e+00
2.790000000000000000e+02,2.790000000000001923e-01,4.807520295296346724e+00,1.359964241056840772e-01,-1.872209232740806514e-02,4.127178218240854651e-02,7.969885815231503301e-03,1.517326938019458206e-02,-1.817757539683952928e-01,3.293414875864982605e+00
2.800000000000000000e+02,2.800000000000001932e-01,4.807520147810348199e+00,1.360860923562975666e-01,-1.885514326544991334e-02,4.068316101464800050e-02,7.600323580392309708e-03,1.509087836923394058e-02,-1.817757539683952928e-01,3.293414875864982605e+00
2.810000000000000000e+02,2.810000000000001941e-01,4.807526846522167219e+00,1.361895178354947389e-01,-1.903584362928944021e-02,3.987220243129573072e-02,7.092964747065444442e-03,1.489975759129935455e-02,-1.817757539683952928e-01,3.293414875864982605e+00
2.820000000000000000e+02,2.820000000000001950e-01,4.807518738604463771e+00,1.363054518411509486e-01,-1.924595342482841517e-02,3.893583145437464615e-02,6.508876690395126730e-03,1.457866537162198946e-02,-1.817757539683952928e-01,3.293414875864982605e+00
2.830000000000000000e+02,2.830000000000001958e-01,4.807514661306955261e+00,1.364274455918768891e-01,-1.950017465731359798e-02,3.778457155680670781e-02,5.797638448549191637e-03,1.419102415726347481e-02,-1.817757539683952928e-01,3.293414875864982605e+00
2.840000000000000000e+02,2.840000000000001967e-01,4.807502162648201072e+00,1.365492902730860991e-01,-1.978398302209458462e-02,3.651621194510405732e-02,5.004854734943942063e-03,1.381430475008801201e-02,-1.817757539683952928e-01,3.293414875864982605e+00
2.850000000000000000e+02,2.850000000000001976e-01,4.807486731228453714e+00,1.366704826906935955e-01,-2.010600933590967615e-02,3.506543949928316029e-02,4.101996809186880810e-03,1.345081527809854557e-02,-1.817757539683952928e-01,3.293414875864982605e+00
2.860000000000000000e+02,2.860000000000001985e-01,4.807466290587297131e+00,1.367900828058187246e-01,-2.045959611310877932e-02,3.349910814433182393e-02,3.110447299637275620e-03,1.312034131814216430e-02,-1.817757539683952928e-01,3.293414875864982605e+00
2.870000000000000000e+02,2.870000000000001994e-01,4.807443033294952706e+00,1.369092933257831102e-01,-2.085010115314924611e-02,3.175283126284115381e-02,2.013158808644277542e-03,1.280213675710983358e-02,-1.817757539683952928e-01,3.293414875864982605e+00
2.880000000000000000e+02,2.880000000000002003e-01,4.807416756630682464e+00,1.370239759920836853e-01,-2.119924695658592304e-02,3.019258468779114496e-02,1.030952468197288141e-03,1.251736173277165180e-02,-1.817757539683952928e-01,3.293414875864982605e+00
2.890000000000000000e+02,2.890000000000002012e-01,4.807387678390802499e+00,1.371328404641951881e-01,-2.151145303351916990e-02,2.879904475626500482e-02,1.511812077519270048e-04,1.228333142442486481e-02,-1.817757539683952928e-01,3.293414875864982605e+00
2.900000000000000000e+02,2.900000000000002021e-01,4.807356051025259980e+00,1.372352972600974219e-01,-2.179065104255223373e-02,2.755464835801892109e-02,-6.372645888721439889e-04,1.211050453867413418e-02,-1.817757539683952928e-01,3.293414875864982605e+00
2.910000000000000000e+02,2.910000000000002029e-01,4.807320634128442016e+00,1.373313136915221555e-01,-2.204034124041407208e-02,2.644364756302184163e-02,-1.344156576010835380e-03,1.200312611518529124e-02,-1.817757539683952928e-01,3.293414875864982605e+00
2.920000000000000000e+02,2.920000000000002038e-01,4.807281939439392637e+00,1.374212394578040453e-01,-2.226364310084116838e-02,2.545181053321647277e-02,-1.978143652598074453e-03,1.196162891183605650e-02,-1.817757539683952928e-01,3.293414875864982605e+00
2.930000000000000000e+02,2.930000000000002047e-01,4.807237942715453904e+00,1.375058571491713511e-01,-2.246333387926819844e-02,2.456499824150756156e-02,-2.546913339285250544e-03,1.198429665101698009e-02,-1.817757539683952928e-01,3.293414875864982605e+00
2.940000000000000000e+02,2.940000000000002056e-01,4.807188802591075394e+00,1.375867749199125578e-01,-2.264187721496814173e-02,2.377275794761090494e-02,-3.057081329000732595e-03,1.205807679006909439e-02,-1.817757539683952928e-01,3.293414875864982605e+00
2.950000000000000000e+02,2.950000000000002065e-01,4.807135012137255359e+00,1.376654833891042262e-01,-2.280147703053926264e-02,2.306505540991438119e-02,-3.514562396892184637e-03,1.216974309754299127e-02,-1.817757539683952928e-01,3.293414875864982605e+00
2.960000000000000000e+02,2.960000000000002074e-01,4.807077136827438757e+00,1.377431258588575069e-01,-2.294411074716085769e-02,2.243290516349169539e-02,-3.924723369574945053e-03,1.230945883203554692e-02,-1.817757539683952928e-01,3.293414875864982605e+00
2.970000000000000000e+02,2.970000000000002083e-01,4.807015758560184260e+00,1.378205806108752929e-01,-2.307155156001809357e-02,2.186828244104364882e-02,-4.292424489230839413e-03,1.247018011083309702e-02,-1.817757539683952928e-01,3.293414875864982605e+00
2.980000000000000000e+02,2.980000000000002092e-01,4.806951454377952793e+00,1.378985662723178351e-01,-2.318538785713933001e-02,2.136400865791043824e-02,-4.622047339652990416e-03,1.264655525257678964e-02,-1.817757539683952928e-01,3.293414875864982605e+00
2.990000000000000000e+02,2.990000000000002101e-01,4.806884784956229950e+00,1.379777125645381963e-01,-2.328704132937493843e-02,2.091365880265746990e-02,-4.917527986835867893e-03,1.283414446406330213e-02,-1.817757539683952928e-01,3.293414875864982605e+00
3.000000000000000000e+02,3.000000000000002109e-01,4.806816287774038798e+00,1.380586001818569775e-01,-2.337778379896500447e-02,2.051148235912101866e-02,-5.182394032492876335e-03,1.302896610805088715e-02,-1.817757539683952928e-01,3.293414875864982605e+00
3.010000000000000000e+02,3.010000000000002118e-01,4.806746472806625370e+00,1.381417807652942920e-01,-2.345875266330433098e-02,2.015233347925067531e-02,-5.419802425273401170e-03,1.322725975607473570e-02,-1.817757539683952928e-01,3.293414875864982605e+00
3.020000000000000000e+02,3.020000000000002127e-01,4.806675475583590540e+00,1.382294543061764747e-01,-2.351657123052362797e-02,2.001949847166085636e-02,-5.564074376604999372e-03,1.341659607090859609e-02,-1.817757539683952928e-01,3.293414875864982605e+00
3.030000000000000000e+02,3.030000000000002136e-01,4.806617420062018198e+00,1.383278966479080663e-01,-2.353928168427888920e-02,2.019614306880171059e-02,-5.575004771782410273e-03,1.353111435439049645e-02,-1.817757539683952928e-01,3.293414875864982605e+00
3.040000000000000000e+02,3.040000000000002145e-01,4.806576867146009846e+00,1.384430482193862999e-01,-2.352156066098312279e-02,2.071837677909142000e-02,-5.434023795434894666e-03,1.349621054728236853e-02,-1.817757539683952928e-01,3.293414875864982605e+00
3.050000000000000000e+02,3.050000000000002154e-01,4.806555216662586894e+00,1.385780784380327424e-01,-2.346071421476851257e-02,2.159885947326085562e-02,-5.131285443542354940e-03,1.326090131186330109e-02,-1.817757539683952928e-01,3.293414875864982605e+00
3.060000000000000000e+02,3.060000000000002163e-01,4.806552465484539738e+00,1.387331976232705211e-01,-2.335534083388950133e-02,2.283875546910950349e-02,-4.661255471991143651e-03,1.280361412737707205e-02,-1.817757539683952928e-01,3.293414875864982605e+00
3.070000000000000000e+02,3.070000000000002172e-01,4.806535986063622978e+00,1.389031609546421409e-01,-2.323557759666888475e-02,2.413512490620853962e-02,-4.122570817951087818e-03,1.214674401725143217e-02,-1.817757539683952928e-01,3.293414875864982605e+00
3.080000000000000000e+02,3.080000000000002180e-01,4.806524423849989347e+00,1.390753691241173595e-01,-2.308612209810333507e-02,2.551665375125998503e-02,-3.465926170558075725e-03,1.140900681381166841e-02,-1.817757539683952928e-01,3.293414875864982605e+00
3.090000000000000000e+02,3.090000000000002189e-01,4.806524623421084108e+00,1.392374948112859723e-01,-2.290022874228613350e-02,2.700238951612601856e-02,-2.671059448584589546e-03,1.072403447514028163e-02,-1.817757539683952928e-01,3.293414875864982605e+00
3.100000000000000000e+02,3.100000000000002198e-01,4.806539267730093101e+00,1.393811004128777953e-01,-2.267458969109040559e-02,2.861081460582967986e-02,-1.729017797142518020e-03,1.019266103113977348e-02,-1.817757539683952928e-01,3.293414875864982605e+00
3.110000000000000000e+02,3.110000000000002207e-01,4.806569127795604857e+00,1.395019489733489992e-01,-2.240757578565839153e-02,3.035823437243636430e-02,-6.360619953744706123e-04,9.874395446178428626e-03,-1.817757539683952928e-01,3.293414875864982605e+00
3.120000000000000000e+02,3.120000000000002216e-01,4.806584327179996841e+00,1.396028700570923209e-01,-2.213060112126879336e-02,3.220905076185218846e-02,5.028648181342187939e-04,9.772937050086685437e-03,-1.817757539683952928e-01,3.293414875864982605e+00
3.130000000000000000e+02,3.130000000000002225e-01,4.806599027254489620e+00,1.396928295274830201e-01,-2.188279253779288822e-02,3.386586120892805946e-02,1.517863001071040330e-03,9.811013046940457102e-03,-1.817757539683952928e-01,3.293414875864982605e+00
3.140000000000000000e+02,3.140000000000002234e-01,4.806613559231919020e+00,1.397781941919375437e-01,-2.166090367192049018e-02,3.534843807692038264e-02,2.423362277452545399e-03,9.921686489636007827e-03,-1.817757539683952928e-01,3.293414875864982605e+00
3.150000000000000000e+02,3.150000000000002243e-01,4.806628230566488469e+00,1.398631634808734370e-01,-2.146206744460245341e-02,3.667482157818319211e-02,3.232038372824153072e-03,1.005982219021859213e-02,-1.817757539683952928e-01,3.293414875864982605e+00
3.160000000000000000e+02,3.160000000000002252e-01,4.806643308338497178e+00,1.399503425533071554e-01,-2.128375177667008247e-02,3.786123234698453299e-02,3.954958206783709684e-03,1.019712745136336710e-02,-1.817757539683952928e-01,3.293414875864982605e+00
3.170000000000000000e+02,3.170000000000002260e-01,4.806658959468290249e+00,1.400415630362844277e-01,-2.112370375860994284e-02,3.892038237834880010e-02,4.601785706279670762e-03,1.031708863190278387e-02,-1.817757539683952928e-01,3.293414875864982605e+00
3.180000000000000000e+02,3.180000000000002269e-01,4.806674588609614496e+00,1.401388156546685138e-01,-2.097989308559752852e-02,3.986643034435299188e-02,5.181491771071744523e-03,1.039783177052591885e-02,-1.817757539683952928e-01,3.293414875864982605e+00
3.190000000000000000e+02,3.190000000000002278e-01,4.806690062364363136e+00,1.402433845460553108e-01,-2.085051926766757699e-02,4.071112458782172316e-02,5.702020753541203746e-03,1.042324332903409208e-02,-1.817757539683952928e-01,3.293414875864982605e+00
3.200000000000000000e+02,3.200000000000002287e-01,4.806705342703766703e+00,1.403557685370827313e-01,-2.073399611457598518e-02,4.146501692632750119e-02,6.170256093076087467e-03,1.038520051706215246e-02,-1.817757539683952928e-01,3.293414875864982605e+00
3.210000000000000000e+02,3.210000000000002296e-01,4.806720420007651207e+00,1.404759124387333080e-01,-2.062892489433350296e-02,4.213761246239926261e-02,6.592158715863494223e-03,1.028146169973435248e-02,-1.817757539683952928e-01,3.293414875864982605e+00
3.220000000000000000e+02,3.220000000000002305e-01,4.806735289383360588e+00,1.406034190509395376e-01,-2.053406928425319938e-02,4.273745840813492763e-02,6.972915384485300905e-03,1.011346112283889598e-02,-1.817757539683952928e-01,3.293414875864982605e+00
3.230000000000000000e+02,3.230000000000002314e-01,4.806749941462089559e+00,1.407376913889100689e-01,-2.044833436920904732e-02,4.327223340143199204e-02,7.317060475135805930e-03,9.884796126218911572e-03,-1.817757539683952928e-01,3.293414875864982605e+00
3.240000000000000000e+02,3.240000000000002323e-01,4.806764358477082055e+00,1.408780210277756906e-01,-2.037074916199025504e-02,4.374883211633391611e-02,7.628572050396575932e-03,9.600288389948922335e-03,-1.817757539683952928e-01,3.293414875864982605e+00
3.250000000000000000e+02,3.250000000000002331e-01,4.806778513627103955e+00,1.410236422880087881e-01,-2.030045184060187344e-02,4.417344296097794332e-02,7.910948638821801993e-03,9.265414901126305114e-03,-1.817757539683952928e-01,3.293414875864982605e+00
3.260000000000000000e+02,3.260000000000002340e-01,4.806792371999248914e+00,1.411737659013108936e-01,-2.023667707615416783e-02,4.455161866429996342e-02,8.167272089820709624e-03,8.885961414723624746e-03,-1.817757539683952928e-01,3.293414875864982605e+00
3.270000000000000000e+02,3.270000000000002349e-01,4.806805892250430645e+00,1.413276005098173527e-01,-2.017874501249453459e-02,4.488834009943354353e-02,8.400260222541033883e-03,8.467807227882196558e-03,-1.817757539683952928e-01,3.293414875864982605e+00
3.280000000000000000e+02,3.280000000000002358e-01,4.806819028599782051e+00,1.414843669194346676e-01,-2.012605159199846658e-02,4.518807383581745218e-02,8.612311746870826568e-03,8.016787334487636418e-03,-1.817757539683952928e-01,3.293414875864982605e+00
3.290000000000000000e+02,3.290000000000002367e-01,4.806831732880754160e+00,1.416433079637739734e-01,-2.007806000916992004e-02,4.545482394796980519e-02,8.805545116612467638e-03,7.538600600938080015e-03,-1.817757539683952928e-01,3.293414875864982605e+00
3.300000000000000000e+02,3.300000000000002376e-01,4.806843956513762173e+00,1.418036956248745484e-01,-2.003429313003518217e-02,4.569217860583956597e-02,8.981832454083793493e-03,7.038745881123416315e-03,-1.817757539683952928e-01,3.293414875864982605e+00
3.310000000000000000e+02,3.310000000000002385e-01,4.806855652324346195e+00,1.419648363551729020e-01,-1.999432675211763183e-02,4.590335194956909892e-02,9.142829355598625085e-03,6.522475704382441064e-03,-1.817757539683952928e-01,3.293414875864982605e+00
3.320000000000000000e+02,3.320000000000002394e-01,4.806866776168261524e+00,1.421260751413564727e-01,-1.995778360443695165e-02,4.609122171927922812e-02,9.290001176663009730e-03,5.994761621929002582e-03,-1.817757539683952928e-01,3.293414875864982605e+00
3.330000000000000000e+02,3.330000000000002403e-01,4.806877288345544841e+00,1.422867986203190105e-01,-1.992432800407523130e-02,4.625836307342755249e-02,9.424646258763269557e-03,5.460267847258514634e-03,-1.817757539683952928e-01,3.293414875864982605e+00
3.340000000000000000e+02,3.340000000000002411e-01,4.806887154797164996e+00,1.424464374275140055e-01,-1.989366109820590173e-02,4.640707899077357868e-02,9.547916468134909351e-03,4.923331272491209692e-03,-1.817757539683952928e-01,3.293414875864982605e+00
3.350000000000000000e+02,3.350000000000002420e-01,4.806896348084433335e+00,1.426044678860861059e-01,-1.986551662980416688e-02,4.653942761309673437e-02,9.660835353651142654e-03,4.387946751027046316e-03,-1.817757539683952928e-01,3.293414875864982605e+00
3.360000000000000000e+02,3.360000000000002429e-01,4.806904848189232027e+00,1.427604131065101090e-01,-1.983965717259648931e-02,4.665724685003797695e-02,9.764314185386258060e-03,3.857756978750508103e-03,-1.817757539683952928e-01,3.293414875864982605e+00
3.370000000000000000e+02,3.370000000000002438e-01,4.806912643009729535e+00,1.429138435465339696e-01,-1.981587078681196906e-02,4.676217653292140397e-02,9.859166101196192855e-03,3.336046536304388549e-03,-1.817757539683952928e-01,3.293414875864982605e+00
3.380000000000000000e+02,3.380000000000002447e-01,4.806919422076944670e+00,1.430677923541037733e-01,-1.983615617353111371e-02,4.678704188200768360e-02,9.825144206076386055e-03,2.811859811970240930e-03,-1.817757539683952928e-01,3.293414875864982605e+00
3.390000000000000000e+02,3.390000000000002456e-01,4.806917480035103551e+00,1.432219621945038102e-01,-1.989086818571410287e-02,4.677012363113398907e-02,9.695086486186443864e-03,2.266515720273899748e-03,-1.817757539683952928e-01,3.293414875864982605e+00
3.400000000000000000e+02,3.400000000000002465e-01,4.806921173300048977e+00,1.433711758146837545e-01,-1.999252713423593439e-02,4.669537179180054121e-02,9.425820996743716762e-03,1.753645712185638444e-03,-1.817757539683952928e-01,3.293414875864982605e+00
3.410000000000000000e+02,3.410000000000002474e-01,4.806916095789835808e+00,1.435113119072628785e-01,-2.012405103309843415e-02,4.658079436238986987e-02,9.071690888280414811e-03,1.333454792286824231e-03,-1.817757539683952928e-01,3.293414875864982605e+00
3.420000000000000000e+02,3.420000000000002482e-01,4.806916852022628639e+00,1.436477616640187416e-01,-2.030204326236544066e-02,4.641106540686891491e-02,8.578727158996768409e-03,9.672141534372187544e-04,-1.817757539683952928e-01,3.293414875864982605e+00
3.430000000000000000e+02,3.430000000000002491e-01,4.806928785205189847e+00,1.437877829426419396e-01,-2.053159402943088158e-02,4.618696502858185560e-02,7.932651405098578579e-03,5.759151495708693391e-04,-1.817757539683952928e-01,3.293414875864982605e+00
3.440000000000000000e+02,3.440000000000002500e-01,4.806928271168668942e+00,1.439321628521682550e-01,-2.079087757480163959e-02,4.593389044704313667e-02,7.207547658766744192e-03,1.165537134084349002e-04,-1.817757539683952928e-01,3.293414875864982605e+00
3.450000000000000000e+02,3.450000000000002509e-01,4.806931775678817687e+00,1.440748752665674814e-01,-2.109401728723776445e-02,4.562892378934826909e-02,6.354827644950766796e-03,-3.522244853523259778e-04,-1.817757539683952928e-01,3.293414875864982605e+00
3.460000000000000000e+02,3.460000000000002518e-01,4.806945279455203668e+00,1.442083465535888287e-01,-2.144741754052052057e-02,4.526344655643883136e-02,5.350362225601923427e-03,-7.416750773923397322e-04,-1.817757539683952928e-01,3.293414875864982605e+00
3.470000000000000000e+02,3.470000000000002527e-01,4.806944465359014096e+00,1.443299791020052347e-01,-2.183199635327800689e-02,4.488932665565222024e-02,4.255541948436025734e-03,-1.001420876484960393e-03,-1.817757539683952928e-01,3.293414875864982605e+00
3.480000000000000000e+02,3.480000000000002536e-01,4.806947821396788001e+00,1.444468363912211895e-01,-2.226047407825540447e-02,4.452148058145540682e-02,3.029990422661388294e-03,-1.189950670596864879e-03,-1.817757539683952928e-01,3.293414875864982605e+00
3.490000000000000000e+02,3.490000000000002545e-01,4.806962315075621994e+00,1.445672465234518200e-01,-2.273839782185073377e-02,4.417536504374190709e-02,1.658217690879926209e-03,-1.397247434521714515e-03,-1.817757539683952928e-01,3.293414875864982605e+00
3.500000000000000000e+02,3.500000000000002554e-01,4.806990817820063100e+00,1.446971152925548842e-01,-2.326850123327962178e-02,4.386530756233229800e-02,1.335341996540062581e-04,-1.695955025281900563e-03,-1.817757539683952928e-01,3.293414875864982605e+00
3.510000000000000000e+02,3.510000000000002562e-01,4.807005783331918636e+00,1.448350790901637430e-01,-2.382598094684481790e-02,4.351818311731196764e-02,-1.461105535103035535e-03,-2.107404873067268009e-03,-1.817757539683952928e-01,3.293414875864982605e+00
3.520000000000000000e+02,3.520000000000002571e-01,4.807021327648254960e+00,1.449708452729724095e-01,-2.432424148784324142e-02,4.321067768336443043e-02,-2.884318169489974437e-03,-2.559953809348508580e-03,-1.817757539683952928e-01,3.293414875864982605e+00
3.530000000000000000e+02,3.530000000000002580e-01,4.807036722768605053e+00,1.450990898417337527e-01,-2.476976063595435693e-02,4.293865065358929561e-02,-4.156603006263637212e-03,-2.992913892453159808e-03,-1.817757539683952928e-01,3.293414875864982605e+00
3.540000000000000000e+02,3.540000000000002589e-01,4.807051633202727992e+00,1.452167538176307726e-01,-2.516825748723851286e-02,4.269820513506731446e-02,-5.295569688377188555e-03,-3.367951207465275099e-03,-1.817757539683952928e-01,3.293414875864982605e+00
3.550000000000000000e+02,3.550000000000002598e-01,4.807065850110991967e+00,1.453225690451948049e-01,-2.552478432531097088e-02,4.248567541884046977e-02,-6.316304189441401817e-03,-3.665910560003822483e-03,-1.817757539683952928e-01,3.293414875864982605e+00
3.560000000000000000e+02,3.560000000000002607e-01,4.807079216789201581e+00,1.454164005468980836e-01,-2.584381804873685240e-02,4.229774260022563237e-02,-7.231852521229820141e-03,-3.880086981800277834e-03,-1.817757539683952928e-01,3.293414875864982605e+00
3.570000000000000000e+02,3.570000000000002616e-01,4.807091598868364457e+00,1.454987760985457512e-01,-2.612933633808110778e-02,4.213145155685664445e-02,-8.053602805888182559e-03,-4.011187157350833143e-03,-1.817757539683952928e-01,3.293414875864982605e+00
3.580000000000000000e+02,3.580000000000002625e-01,4.807102871053265503e+00,1.455705920315119861e-01,-2.638488006670956440e-02,4.198418929327286941e-02,-8.791565696194103552e-03,-4.064144811927111051e-03,-1.817757539683952928e-01,3.293414875864982605e+00
3.590000000000000000e+02,3.590000000000002633e-01,4.807112911277545031e+00,1.456329358603145885e-01,-2.661360531558638193e-02,4.185365272312514817e-02,-9.454583259830284803e-03,-4.046199695006118952e-03,-1.817757539683952928e-01,3.293414875864982605e+00
3.600000000000000000e+02,3.600000000000002642e-01,4.807121599547903301e+00,1.456869799620532369e-01,-2.681832760136723670e-02,4.173781534554638073e-02,-1.005049040121441806e-02,-3.965750755815160983e-03,-1.817757539683952928e-01,3.293414875864982605e+00
3.610000000000000000e+02,3.610000000000002651e-01,4.807128817974933632e+00,1.457339174314418451e-01,-2.700156009174566052e-02,4.163489593561116309e-02,-1.058624439726774114e-02,-3.831669211275895437e-03,-1.817757539683952928e-01,3.293414875864982605e+00
3.620000000000000000e+02,3.620000000000002660e-01,4.807135513308901764e+00,1.457751613437196503e-01,-2.716553697719448907e-02,4.154148440693661293e-02,-1.106808166099337853e-02,-3.651865698462489901e-03,-1.817757539683952928e-01,3.293414875864982605e+00
3.630000000000000000e+02,3.630000000000002669e-01,4.807141172700505116e+00,1.458129022789072526e-01,-2.731221871523150865e-02,4.145752526716414699e-02,-1.150103865668383740e-02,-3.446288903118412128e-03,-1.817757539683952928e-01,3.293414875864982605e+00
3.640000000000000000e+02,3.640000000000002678e-01,4.807145784911144304e+00,1.458489609151688571e-01,-2.744336571641036240e-02,4.138204491441641042e-02,-1.188962640054058717e-02,-3.232881022098333529e-03,-1.817757539683952928e-01,3.293414875864982605e+00
3.650000000000000000e+02,3.650000000000002687e-01,4.807149428786549272e+00,1.458845725062211107e-01,-2.756056956793074067e-02,4.131420213488271043e-02,-1.223804117570925776e-02,-3.023912889418459149e-03,-1.817757539683952928e-01,3.293414875864982605e+00
3.660000000000000000e+02,3.660000000000002696e-01,4.807151965458343668e+00,1.459212557046258574e-01,-2.764598508060238727e-02,4.139975624760018624e-02,-1.246337056702429003e-02,-2.833798768671912799e-03,-1.817757539683952928e-01,3.293414875864982605e+00
3.670000000000000000e+02,3.670000000000002705e-01,4.807163284133696202e+00,1.459629423574887452e-01,-2.769164183351583569e-02,4.167043331135893147e-02,-1.253784957424763924e-02,-2.709032464639844068e-03,-1.817757539683952928e-01,3.293414875864982605e+00
3.680000000000000000e+02,3.680000000000002713e-01,4.807164803441896339e+00,1.460114196817605403e-01,-2.772328483528997689e-02,4.188911850940403581e-02,-1.254591604720745046e-02,-2.684769084989348936e-03,-1.817757539683952928e-01,3.293414875864982605e+00
3.690000000000000000e+02,3.690000000000002722e-01,4.807168526897911853e+00,1.460591543862581887e-01,-2.772447927657726782e-02,4.199594911487745941e-02,-1.243491950414954417e-02,-2.696777914684124478e-03,-1.817757539683952928e-01,3.293414875864982605e+00
3.700000000000000000e+02,3.700000000000002731e-01,4.807157499940811540e+00,1.461016737125253317e-01,-2.770533609567238723e-02,4.220325222022557055e-02,-1.224018357298106707e-02,-2.674989611845830090e-03,-1.817757539683952928e-01,3.293414875864982605e+00
3.710000000000000000e+02,3.710000000000002740e-01,4.807145702385003716e+00,1.461384388407789836e-01,-2.766413430027397924e-02,4.232843841839228211e-02,-1.195634109677534695e-02,-2.618999630323977368e-03,-1.817757539683952928e-01,3.293414875864982605e+00
3.720000000000000000e+02,3.720000000000002749e-01,4.807124276364914905e+00,1.461693423814290071e-01,-2.760021778805142947e-02,4.256599354184840284e-02,-1.158142520051352875e-02,-2.514367346150812865e-03,-1.817757539683952928e-01,3.293414875864982605e+00
3.730000000000000000e+02,3.730000000000002758e-01,4.807109778317920856e+00,1.461982746412447687e-01,-2.750153603756342463e-02,4.296783407124588061e-02,-1.107434492256675895e-02,-2.400841213483648207e-03,-1.817757539683952928e-01,3.293414875864982605e+00
3.740000000000000000e+02,3.740000000000002767e-01,4.807089874991967271e+00,1.462285727094130572e-01,-2.738766856690313597e-02,4.331797798291563140e-02,-1.049867370424051316e-02,-2.327599608821086935e-03,-1.817757539683952928e-01,3.293414875864982605e+00
3.750000000000000000e+02,3.750000000000002776e-01,4.807075416344358310e+00,1.462548657576648592e-01,-2.724321855141717541e-02,4.357136044310703366e-02,-9.804638604894666543e-03,-2.251474671154121698e-03,-1.817757539683952928e-01,3.293414875864982605e+00
3.760000000000000000e+02,3.760000000000002784e-01,4.807047919709975581e+00,1.462744549504816638e-01,-2.707985076177986047e-02,4.391361618975347936e-02,-9.032331523684655750e-03,-2.120449596586460733e-03,-1.817757539683952928e-01,3.293414875864982605e+00
3.770000000000000000e+02,3.770000000000002793e-01,4.807026633406880300e+00,1.462903708550620796e-01,-2.688401306497914534e-02,4.439862459864768462e-02,-8.136097236373762698e-03,-1.961587195451138660e-03,-1.817757539683952928e-01,3.293414875864982605e+00
3.780000000000000000e+02,3.780000000000002802e-01,4.807001808998429659e+00,1.463062402529177741e-01,-2.667265016425721808e-02,4.484358354244234734e-02,-7.170644864698205723e-03,-1.825757503478790678e-03,-1.817757539683952928e-01,3.293414875864982605e+00
3.790000000000000000e+02,3.790000000000002811e-01,4.806983862325862944e+00,1.463174432121955859e-01,-2.643095675538964864e-02,4.521776429374475131e-02,-6.087965712444853850e-03,-1.676927813150451418e-03,-1.817757539683952928e-01,3.293414875864982605e+00
3.800000000000000000e+02,3.800000000000002820e-01,4.806953895528846665e+00,1.463219226843455734e-01,-2.617101842498295930e-02,4.566786563741809246e-02,-4.929499810008453053e-03,-1.469772746409390290e-03,-1.817757539683952928e-01,3.293414875864982605e+00
3.810000000000000000e+02,3.810000000000002829e-01,4.806931040803782196e+00,1.463230368592324526e-01,-2.587948302344941776e-02,4.623706417496839527e-02,-3.650150878259594833e-03,-1.234984216154894066e-03,-1.817757539683952928e-01,3.293414875864982605e+00
3.820000000000000000e+02,3.820000000000002838e-01,4.806921631634030412e+00,1.463264430411681805e-01,-2.555043597746171902e-02,4.693470968591363646e-02,-2.228171930994893302e-03,-1.038582996461871050e-03,-1.817757539683952928e-01,3.293414875864982605e+00
3.830000000000000000e+02,3.830000000000002847e-01,4.806902583033676457e+00,1.463342785368519361e-01,-2.520524663441236005e-02,4.761281102172047752e-02,-7.328592952968726593e-04,-9.216263965724086349e-04,-1.817757539683952928e-01,3.293414875864982605e+00
3.840000000000000000e+02,3.840000000000002855e-01,4.806889938442920673e+00,1.463390208916419410e-01,-2.483059685137347511e-02,4.825992016504954824e-02,8.779977071373679109e-04,-8.186570943500837139e-04,-1.817757539683952928e-01,3.293414875864982605e+00
3.850000000000000000e+02,3.850000000000002864e-01,4.806887550572710666e+00,1.463360685511759518e-01,-2.449573091967097160e-02,4.883892672294495862e-02,2.315477547512490020e-03,-6.483181684112694632e-04,-1.817757539683952928e-01,3.293414875864982605e+00
3.860000000000000000e+02,3.860000000000002873e-01,4.806870963077509273e+00,1.463226237130478002e-01,-2.419664102592481228e-02,4.936113743616594302e-02,3.595359546456844413e-03,-3.688385240444846946e-04,-1.817757539683952928e-01,3.293414875864982605e+00
3.870000000000000000e+02,3.870000000000002882e-01,4.806841289645174875e+00,1.462988320312402502e-01,-2.392961427930416843e-02,4.983320396548901465e-02,4.733291086653990121e-03,2.504985760776526349e-05,-1.817757539683952928e-01,3.293414875864982605e+00
3.880000000000000000e+02,3.880000000000002891e-01,4.806799907973196007e+00,1.462657477425087504e-01,-2.369128312474493014e-02,5.026052301142473755e-02,5.743806443559762442e-03,5.273371750778542422e-04,-1.817757539683952928e-01,3.293414875864982605e+00
3.890000000000000000e+02,3.890000000000002900e-01,4.806748234471974079e+00,1.462246646539598904e-01,-2.347861650560639432e-02,5.064785401521834651e-02,6.640089205178334453e-03,1.129324247978732293e-03,-1.817757539683952928e-01,3.293414875864982605e+00
3.900000000000000000e+02,3.900000000000002909e-01,4.806687672566911651e+00,1.461769775220038425e-01,-2.328888982150017009e-02,5.099939281804084790e-02,7.434040972935873626e-03,1.821402669648378159e-03,-1.817757539683952928e-01,3.293414875864982605e+00
3.910000000000000000e+02,3.910000000000002918e-01,4.806619592425686704e+00,1.461241555877475506e-01,-2.311965328618219642e-02,5.131882418442089422e-02,8.136407137341539197e-03,2.593329206381379121e-03,-1.817757539683952928e-01,3.293414875864982605e+00
3.920000000000000000e+02,3.920000000000002927e-01,4.806545314619553366e+00,1.460677295113484431e-01,-2.296870311928615044e-02,5.160937858665416711e-02,8.756898186613071289e-03,3.434295090119856425e-03,-1.817757539683952928e-01,3.293414875864982605e+00
3.930000000000000000e+02,3.930000000000002935e-01,4.806466099862939600e+00,1.460092752918449588e-01,-2.283405602630638603e-02,5.187388653465637572e-02,9.304296561907898777e-03,4.333020720643343537e-03,-1.817757539683952928e-01,3.293414875864982605e+00
3.940000000000000000e+02,3.940000000000002944e-01,4.806383139761430279e+00,1.459503949282380253e-01,-2.271392665215345510e-02,5.211482836317080092e-02,9.786549673805877703e-03,5.277889450978710123e-03,-1.817757539683952928e-01,3.293414875864982605e+00
3.950000000000000000e+02,3.950000000000002953e-01,4.806297549379030976e+00,1.458926956275846398e-01,-2.260670762116747529e-02,5.233437922281169996e-02,1.021085115850373093e-02,6.257103268464795504e-03,-1.817757539683952928e-01,3.293414875864982605e+00
3.960000000000000000e+02,3.960000000000002962e-01,4.806210361546193965e+00,1.458377690355295297e-01,-2.251095182195885294e-02,5.253444943483401297e-02,1.058371226983290114e-02,7.258845002316941658e-03,-1.817757539683952928e-01,3.293414875864982605e+00
3.970000000000000000e+02,3.970000000000002971e-01,4.806122522859967994e+00,1.457871714478113645e-01,-2.242535664862024825e-02,5.271672046410205703e-02,1.091102493928564066e-02,8.271436923187960172e-03,-1.817757539683952928e-01,3.293414875864982605e+00
3.980000000000000000e+02,3.980000000000002980e-01,4.806034891315491109e+00,1.457424055879973923e-01,-2.234874995357799543e-02,5.288267679248616349e-02,1.119811773792567244e-02,9.283489532530626170e-03,-1.817757539683952928e-01,3.293414875864982605e+00
