iter,time,x,y,z,roll,pitch,yaw,fx,fz
0.000000000000000000e+00,0.000000000000000000e+00,4.750000000000000000e+00,1.000000000000000056e-01,-2.000000000000000042e-02,0.000000000000000000e+00,0.000000000000000000e+00,5.000000000000000278e-02,-4.874206613749265671e-02,4.488194189965724945e+00
1.000000000000000000e+00,1.000000000000000021e-03,4.750000000000000000e+00,1.000000000000000056e-01,-2.000000000000000042e-02,0.000000000000000000e+00,0.000000000000000000e+00,5.000000000000000278e-02,-4.462893307209014893e-02,5.279711067676544189e+00
2.000000000000000000e+00,2.000000000000000042e-03,4.749999635864119440e+00,1.000041740859348022e-01,-2.000282753778775263e-02,2.506158221715973355e-05,-5.204465203023644904e-06,4.998844211662870074e-02,-3.926638886332511902e-02,5.958506628870964050e+00
3.000000000000000000e+00,3.000000000000000062e-03,4.749998729894489458e+00,1.000163674630346750e-01,-2.000772141123230777e-02,7.443367087583974140e-05,-1.806157177708378470e-05,4.991163352271463932e-02,-3.086344990879297256e-02,6.025374233722686768e+00
4.000000000000000000e+00,4.000000000000000083e-03,4.749997395860205529e+00,1.000348943957060505e-01,-2.001361807768463341e-02,1.468486173553766594e-04,-3.933036104686316037e-05,4.978131498165955238e-02,-4.136824654415249825e-02,5.897701367735862732e+00
5.000000000000000000e+00,5.000000000000000104e-03,4.749995714993002771e+00,1.000583782018293760e-01,-2.002006186573799043e-02,2.397318204393865393e-04,-6.793792078396698741e-05,4.961102774438763685e-02,-4.888406442478299141e-02,5.803178995847702026e+00
6.000000000000000000e+00,6.000000000000000125e-03,4.749993690671455937e+00,1.000863038727883569e-01,-2.002684110413990512e-02,3.524192871957182449e-04,-1.023919359506297866e-04,4.940521741606794526e-02,-5.705967545509338379e-02,5.859376370906829834e+00
7.000000000000000000e+00,7.000000000000000146e-03,4.749991328933692358e+00,1.001183282164513771e-01,-2.003397289952700555e-02,4.897522839681194007e-04,-1.421441412134960558e-04,4.916587526350230108e-02,-6.474142475053668022e-02,5.941664114594459534e+00
8.000000000000000000e+00,8.000000000000000167e-03,4.749988648326298524e+00,1.001541178924578029e-01,-2.004149946532330848e-02,6.508709333834274136e-04,-1.876682478854085900e-04,4.889626112629247290e-02,-6.601979071274399757e-02,5.964295938611030579e+00
9.000000000000000000e+00,9.000000000000001055e-03,4.749985655999176437e+00,1.001934761960814463e-01,-2.004943497131466898e-02,8.341778663661959803e-04,-2.395080604009613978e-04,4.859749272296656764e-02,-6.373948557302355766e-02,5.960091143846511841e+00
1.000000000000000000e+01,1.000000000000000194e-02,4.749982376536832973e+00,1.002360522367176932e-01,-2.005774490787818817e-02,1.036947244952270142e-03,-2.976803290395402257e-04,4.827328027292927121e-02,-9.153983835130929947e-02,5.978805378079414368e+00
1.100000000000000000e+01,1.100000000000000283e-02,4.749978824475180161e+00,1.002816861988877623e-01,-2.006640697741736423e-02,1.258276770733004341e-03,-3.620713255738650105e-04,4.792428823825019280e-02,-9.047622233629226685e-02,5.994126498699188232e+00
1.200000000000000000e+01,1.200000000000000372e-02,4.749974973161172009e+00,1.003301084227222195e-01,-2.007541094967877152e-02,1.495037588626131619e-03,-4.327522727067822927e-04,4.755198371014519171e-02,-8.573668589815497398e-02,6.001983195543289185e+00
1.300000000000000000e+01,1.300000000000000461e-02,4.749970844633820022e+00,1.003810479149344209e-01,-2.008480134449723217e-02,1.746233883071334619e-03,-5.099501008334339502e-04,4.715838318920902161e-02,-8.675315184518694878e-02,6.012913405895233154e+00
1.400000000000000000e+01,1.400000000000000550e-02,4.749966461651028204e+00,1.004342847456873716e-01,-2.009460156789844368e-02,2.010337206664259552e-03,-5.937783033187482573e-04,4.674501494674268565e-02,-8.390615647658705711e-02,6.022712245583534241e+00
1.500000000000000000e+01,1.500000000000000638e-02,4.749961829634981925e+00,1.004896144378714801e-01,-2.010478601393417622e-02,2.290236760755091916e-03,-6.842014533778861818e-04,4.631312178135357782e-02,-6.459298776462674141e-02,6.026209890842437744e+00
1.600000000000000000e+01,1.600000000000000727e-02,4.749956984919229797e+00,1.005466398253834076e-01,-2.011529710006118923e-02,2.581502360692173453e-03,-7.810949847633086307e-04,4.586784954520105317e-02,-5.168861895799636841e-02,6.027605995535850525e+00
1.700000000000000000e+01,1.700000000000000816e-02,4.749951985589671466e+00,1.006050921413109839e-01,-2.012623766235278194e-02,2.888974075138026759e-03,-8.847922172288136267e-04,4.541137458383447123e-02,-1.959510636515915394e-02,6.068015605211257935e+00
1.800000000000000000e+01,1.800000000000000905e-02,4.749946867669371464e+00,1.006646736631467282e-01,-2.013769709873286518e-02,3.212499872655667082e-03,-9.955781414725528577e-04,4.494423811988515483e-02,-4.279831238090991974e-02,6.098305523395538330e+00
1.900000000000000000e+01,1.900000000000000994e-02,4.749941716148547322e+00,1.007246518615505376e-01,-2.014974717124624545e-02,3.554208392059911986e-03,-1.113923009953055043e-03,4.447021399778157413e-02,-6.200051028281450272e-02,6.124688133597373962e+00
2.000000000000000000e+01,2.000000000000001082e-02,4.749936510764118047e+00,1.007847121493497394e-01,-2.016242907899033071e-02,3.913694188443207767e-03,-1.240138559303716193e-03,4.399155394108254791e-02,-6.093482259893789887e-02,5.976298019289970398e+00
2.100000000000000000e+01,2.100000000000001171e-02,4.749931228194591348e+00,1.008446702271765943e-01,-2.017571581380308426e-02,4.293284445640761782e-03,-1.374281465932769564e-03,4.350974694339054816e-02,-5.580866895616054535e-02,5.840096518397331238e+00
2.200000000000000000e+01,2.200000000000001260e-02,4.749925864077650495e+00,1.009044431352460885e-01,-2.018977945350334396e-02,4.696042335957131136e-03,-1.515963335510406296e-03,4.302499285522586037e-02,-6.147143943235278130e-02,5.789873600006103516e+00
2.300000000000000000e+01,2.300000000000001349e-02,4.749920422202508874e+00,1.009639785722719341e-01,-2.020487591383594156e-02,5.124074529693618124e-03,-1.665146418981411358e-03,4.253758240110781796e-02,-5.790339782834053040e-02,5.849557250738143921e+00
2.400000000000000000e+01,2.400000000000001438e-02,4.749914899280999414e+00,1.010232321564769470e-01,-2.022114877547857847e-02,5.583546759012202043e-03,-1.821943026509620367e-03,4.204831041526604224e-02,-7.356333499774336815e-02,5.893314912915229797e+00
2.500000000000000000e+01,2.500000000000001527e-02,4.749909305425872752e+00,1.010821677129709745e-01,-2.023864293039018963e-02,6.078225076313351072e-03,-1.986830117832738551e-03,4.155676765777619602e-02,-9.990343125537037849e-02,5.960684373974800110e+00
2.600000000000000000e+01,2.600000000000001615e-02,4.749903614895414350e+00,1.011406717149014589e-01,-2.025733311253898744e-02,6.607697627272819674e-03,-2.159978140451768169e-03,4.106371211777620073e-02,-9.698742884211242199e-02,6.029708445072174072e+00
2.700000000000000000e+01,2.700000000000001704e-02,4.749897792636701865e+00,1.011985689660538229e-01,-2.027726524480479367e-02,7.169233630552388631e-03,-2.341955285783514640e-03,4.057154050430174241e-02,-7.420916878618299961e-02,6.109427914023399353e+00
2.800000000000000000e+01,2.800000000000001793e-02,4.749891852703239437e+00,1.012558420725492708e-01,-2.029851382490152970e-02,7.764074331614634339e-03,-2.533403246632426331e-03,4.007999214938401389e-02,-7.455115031916648149e-02,6.130260899662971497e+00
2.900000000000000000e+01,2.900000000000001882e-02,4.749885836918813276e+00,1.013125892401889605e-01,-2.032109273264334770e-02,8.393102309497647504e-03,-2.734831034117313209e-03,3.958773305217985761e-02,-8.199281711131334305e-02,6.143339008092880249e+00
3.000000000000000000e+01,3.000000000000001971e-02,4.749879742310036512e+00,1.013688279127002434e-01,-2.034499901530584243e-02,9.054011045257952597e-03,-2.946343986399035941e-03,3.909370759200418710e-02,-6.811646674759685993e-02,6.034218639135360718e+00
3.100000000000000000e+01,3.100000000000002059e-02,4.749873564013420868e+00,1.014244469806751259e-01,-2.037036353040152029e-02,9.743663824967900913e-03,-3.168442984436747878e-03,3.859814344014107779e-02,-8.490412868559360504e-02,5.942016065120697021e+00
3.200000000000000000e+01,3.200000000000002148e-02,4.749867340776108726e+00,1.014792020422442681e-01,-2.039738213906467160e-02,1.046074806846741291e-02,-3.401082491113927020e-03,3.810277138461497237e-02,-7.770969625562429428e-02,5.751077190041542053e+00
3.300000000000000000e+01,3.300000000000002237e-02,4.749861050735964874e+00,1.015328912508454834e-01,-2.042631076408319563e-02,1.120648316470224636e-02,-3.644524933384962750e-03,3.761135771115779736e-02,-6.703886948525905609e-02,5.425783276557922363e+00
3.400000000000000000e+01,3.400000000000002326e-02,4.749854705064056937e+00,1.015854914197000247e-01,-2.045684521548583532e-02,1.198206974863338416e-02,-3.896576202666812705e-03,3.712439841498048343e-02,-4.906886722892522812e-02,5.266844078898429871e+00
3.500000000000000000e+01,3.500000000000002415e-02,4.749848331579941352e+00,1.016368715044661392e-01,-2.048811585694913784e-02,1.277349240166524881e-02,-4.152469575155137704e-03,3.664308069226751563e-02,-3.980861324816942215e-02,5.244518637657165527e+00
3.600000000000000000e+01,3.600000000000002504e-02,4.749841978470965564e+00,1.016868450670599805e-01,-2.051955041717529182e-02,1.357568726818514544e-02,-4.409389861897317076e-03,3.616881771427125913e-02,-1.942422613501548767e-02,5.432640030980110168e+00
3.700000000000000000e+01,3.700000000000002592e-02,4.749835665541845664e+00,1.017352858226621831e-01,-2.055103901167604566e-02,1.439439938231678977e-02,-4.666806201194306780e-03,3.570243015606312104e-02,-2.439319435507059097e-02,5.527583882212638855e+00
3.800000000000000000e+01,3.800000000000002681e-02,4.749829419193053681e+00,1.017823688203604582e-01,-2.058265858636207368e-02,1.523181028821643003e-02,-4.926120490379659600e-03,3.524280616749229239e-02,-1.921541523188352585e-02,5.523487150669097900e+00
3.900000000000000000e+01,3.900000000000002770e-02,4.749823232278852281e+00,1.018280737117348983e-01,-2.061443908527482369e-02,1.608709291857498419e-02,-5.188024284419778809e-03,3.478995382604878339e-02,-3.082678560167551041e-02,5.512860700488090515e+00
4.000000000000000000e+01,4.000000000000002859e-02,4.749817106229772712e+00,1.018724046226347074e-01,-2.064640593005800939e-02,1.696217741914050545e-02,-5.452557158945214866e-03,3.434341593663284287e-02,-3.655624669045209885e-02,5.556670799851417542e+00
4.100000000000000000e+01,4.100000000000002948e-02,4.749811020584986387e+00,1.019153591332353642e-01,-2.067853073680116574e-02,1.785569607726729749e-02,-5.719568636617822222e-03,3.390336906321435306e-02,-4.732878878712654114e-02,5.437697276473045349e+00
4.200000000000000000e+01,4.200000000000003036e-02,4.749804966393702088e+00,1.019569119881511554e-01,-2.071085136206304855e-02,1.876888196572441131e-02,-5.989436762229294331e-03,3.346954809953340410e-02,-6.396772712469100952e-02,5.377464205026626587e+00
4.300000000000000000e+01,4.300000000000003125e-02,4.749798919206939196e+00,1.019969371629698834e-01,-2.074308364075812261e-02,1.969945391128458470e-02,-6.260516889461165135e-03,3.304227634027163962e-02,-6.600902136415243149e-02,5.422019213438034058e+00
4.400000000000000000e+01,4.400000000000003214e-02,4.749792853669568160e+00,1.020353170781477109e-01,-2.077510189152841427e-02,2.063944410350288666e-02,-6.532102189015231986e-03,3.262288752929669994e-02,-4.910301696509122849e-02,5.497364699840545654e+00
4.500000000000000000e+01,4.500000000000003303e-02,4.749786765530191524e+00,1.020719901411302200e-01,-2.080715055471369160e-02,2.158968277573586683e-02,-6.805284078652773516e-03,3.221254412819685164e-02,-3.979273734148591757e-02,5.528924912214279175e+00
4.600000000000000000e+01,4.600000000000003392e-02,4.749780689489713659e+00,1.021069662136711714e-01,-2.083943825732175251e-02,2.254637410647206824e-02,-7.081259052035937529e-03,3.181181053728903557e-02,-4.381538939196616411e-02,5.455813080072402954e+00
4.700000000000000000e+01,4.700000000000003481e-02,4.749774644753199659e+00,1.021401767015679279e-01,-2.087213818661803888e-02,2.350818128854749098e-02,-7.360833254887566568e-03,3.142194116175250906e-02,-4.115139460191130638e-02,5.478750616312026978e+00
4.800000000000000000e+01,4.800000000000003569e-02,4.749768614739042327e+00,1.021718292239109094e-01,-2.090535658647358144e-02,2.447395643108799326e-02,-7.643899749224969398e-03,3.104122476613268775e-02,-4.250205960124731064e-02,5.413709253072738647e+00
4.900000000000000000e+01,4.900000000000003658e-02,4.749762591267492340e+00,1.022021082893212890e-01,-2.093929182474145792e-02,2.545001682080201555e-02,-7.931185745222890660e-03,3.066788597073624723e-02,-4.901592223905026913e-02,5.341744095087051392e+00
5.000000000000000000e+01,5.000000000000003747e-02,4.749756561654969289e+00,1.022311875906652817e-01,-2.097382509381537710e-02,2.644025321751723376e-02,-8.221861882046876957e-03,3.030083722974785329e-02,-7.257483433932065964e-02,5.336135536432266235e+00
5.100000000000000000e+01,5.100000000000003836e-02,4.749750500216592286e+00,1.022590708421331068e-01,-2.100844512126800318e-02,2.744574146889963012e-02,-8.513818521665328376e-03,2.993990491095965129e-02,-6.068502273410558701e-02,5.391311943531036377e+00
5.200000000000000000e+01,5.200000000000003925e-02,4.749744367641659082e+00,1.022857386007639258e-01,-2.104303671214704033e-02,2.846245880226432046e-02,-8.806678451066085600e-03,2.958489366632317819e-02,-5.994488578289747238e-02,5.399733424186706543e+00
5.300000000000000000e+01,5.300000000000004013e-02,4.749738188204651657e+00,1.023113306304166137e-01,-2.107744949246938629e-02,2.949346840991612720e-02,-9.100250827068556703e-03,2.923457556800363247e-02,-7.073266571387648582e-02,5.450273960828781128e+00
5.400000000000000000e+01,5.400000000000004102e-02,4.749731949881377702e+00,1.023359054401110912e-01,-2.111170657352911054e-02,3.054725755951028660e-02,-9.394568779307777007e-03,2.888781983949358090e-02,-6.286326749250292778e-02,5.498145848512649536e+00
5.500000000000000000e+01,5.500000000000004191e-02,4.749725631283110872e+00,1.023594981815400817e-01,-2.114607706934084133e-02,3.162331325744948546e-02,-9.690830535005412472e-03,2.854447361370414035e-02,-6.771415192633867264e-02,5.446957707405090332e+00
5.600000000000000000e+01,5.600000000000004280e-02,4.749719235252023886e+00,1.023822178744849820e-01,-2.118029508995774440e-02,3.272734281494538849e-02,-9.988405474895323266e-03,2.820353304467453082e-02,-6.947690900415182114e-02,5.497163385152816772e+00
5.700000000000000000e+01,5.700000000000004369e-02,4.749712755898637617e+00,1.024041203162319447e-01,-2.121443881547307314e-02,3.385790924761841736e-02,-1.028725145220232839e-02,2.786520479400685785e-02,-7.039811974391341209e-02,5.584416717290878296e+00
5.800000000000000000e+01,5.800000000000004458e-02,4.749706193962430767e+00,1.024253368026629696e-01,-2.124863812614899428e-02,3.502174819033460063e-02,-1.058797469841743499e-02,2.752730265093398035e-02,-4.900782462209463120e-02,5.685800194740295410e+00
5.900000000000000000e+01,5.900000000000004546e-02,4.749699555037598664e+00,1.024457830914350526e-01,-2.128302431213666135e-02,3.621960914198397996e-02,-1.089153873654891136e-02,2.719064254665794211e-02,-4.606380546465516090e-02,5.737815529108047485e+00
6.000000000000000000e+01,6.000000000000004635e-02,4.749692876871073111e+00,1.024654315277660488e-01,-2.131781070126969116e-02,3.745238347260582829e-02,-1.119927148530797112e-02,2.685544865714804483e-02,-5.458803940564393997e-02,5.748082071542739868e+00
6.100000000000000000e+01,6.100000000000004724e-02,4.749686163694208929e+00,1.024842938588666763e-01,-2.135311441453937101e-02,3.872436397320497270e-02,-1.151183510721276448e-02,2.652141207563486758e-02,-4.585756221786141396e-02,5.679479390382766724e+00
6.200000000000000000e+01,6.200000000000004813e-02,4.749679403289424506e+00,1.025025263278061677e-01,-2.138892998758038649e-02,4.003297623163818569e-02,-1.182927239677100673e-02,2.618763053699097593e-02,-3.821344673633575439e-02,5.748986452817916870e+00
6.300000000000000000e+01,6.300000000000004208e-02,4.749672614717017183e+00,1.025202066063489181e-01,-2.142525142856017625e-02,4.137380541922382887e-02,-1.215116642639157973e-02,2.585368879839412132e-02,-5.577968712896108627e-02,5.785624742507934570e+00
6.400000000000000000e+01,6.400000000000004297e-02,4.749665819946510936e+00,1.025373240900659816e-01,-2.146213969933634391e-02,4.274579991402784745e-02,-1.247815032858601292e-02,2.551981678678650473e-02,-4.874795535579323769e-02,5.855358168482780457e+00
6.500000000000000000e+01,6.500000000000004385e-02,4.749658991680997921e+00,1.025540083693322196e-01,-2.149979335112343209e-02,4.415367454576583223e-02,-1.281098822268456061e-02,2.518418875501615001e-02,-6.624368950724601746e-02,5.949463859200477600e+00
6.600000000000000000e+01,6.600000000000004474e-02,4.749652148676243080e+00,1.025702841965333983e-01,-2.153844118304793290e-02,4.559859424451954968e-02,-1.315082397664801839e-02,2.484653831690851467e-02,-6.625424465164542198e-02,5.932045906782150269e+00
6.700000000000000000e+01,6.700000000000004563e-02,4.749645277849948499e+00,1.025859522510114280e-01,-2.157822792130238004e-02,4.707808786425431852e-02,-1.349880008838910683e-02,2.450984758577868378e-02,-6.735110771842300892e-02,5.855686515569686890e+00
6.800000000000000000e+01,6.800000000000004652e-02,4.749638378976579922e+00,1.026010498830815798e-01,-2.161929490401989437e-02,4.860084931130363717e-02,-1.385515051204611048e-02,2.417344460514568930e-02,-6.083292001858353615e-02,5.743449583649635315e+00
6.900000000000000000e+01,6.900000000000004741e-02,4.749631435263708568e+00,1.026158179144159160e-01,-2.166134208305979872e-02,5.016073463456605097e-02,-1.421847606930137786e-02,2.383571992437505394e-02,-4.522567102685570717e-02,5.614071249961853027e+00
7.000000000000000000e+01,7.000000000000004829e-02,4.749624451842202610e+00,1.026304262174136256e-01,-2.170414459231474399e-02,5.174975425663162071e-02,-1.458741491368598098e-02,2.349627077296580907e-02,-3.574543190188705921e-02,5.513119682669639587e+00
7.100000000000000000e+01,7.100000000000004918e-02,4.749617459052347002e+00,1.026447894197876909e-01,-2.174727166164600392e-02,5.335501479172129885e-02,-1.495993152245578273e-02,2.315605360259447715e-02,-4.351692460477352142e-02,5.310248315334320068e+00
7.200000000000000000e+01,7.200000000000005007e-02,4.749610473422903212e+00,1.026588691262426134e-01,-2.179036658163918672e-02,5.496974079387331735e-02,-1.533429292524224330e-02,2.281459384328854423e-02,-5.338020343333482742e-02,5.246768906712532043e+00
7.300000000000000000e+01,7.300000000000005096e-02,4.749603468489366875e+00,1.026728007115899899e-01,-2.183287922588129579e-02,5.658463358776882890e-02,-1.570753660576396094e-02,2.247137414657914001e-02,-5.081349704414606094e-02,5.279217198491096497e+00
7.400000000000000000e+01,7.400000000000005185e-02,4.749596429665762898e+00,1.026864950457957032e-01,-2.187471009812259892e-02,5.819319595573745757e-02,-1.607899809262991475e-02,2.212669155072300581e-02,-6.313075078651309013e-02,5.234771475195884705e+00
7.500000000000000000e+01,7.500000000000005274e-02,4.749589362194643449e+00,1.027001460164369967e-01,-2.191590784568501343e-02,5.979732596754513269e-02,-1.644903293329735838e-02,2.178020923254619240e-02,-7.309561595320701599e-02,5.223226621747016907e+00
7.600000000000000000e+01,7.600000000000005362e-02,4.749582240097088182e+00,1.027139119038225912e-01,-2.195622520304846975e-02,6.139100279942542870e-02,-1.681662996478805461e-02,2.143168669965404491e-02,-6.390129681676626205e-02,5.150028407573699951e+00
7.700000000000000000e+01,7.700000000000005451e-02,4.749575053821939896e+00,1.027279233419247650e-01,-2.199565735709901187e-02,6.296921548494739673e-02,-1.718167616862364966e-02,2.107982761724037923e-02,-6.069486821070313454e-02,5.154558569192886353e+00
7.800000000000000000e+01,7.800000000000005540e-02,4.749567824150029871e+00,1.027420901302920075e-01,-2.203403259834759917e-02,6.453575638433128869e-02,-1.754306750445233654e-02,2.072447523818080756e-02,-5.652832798659801483e-02,5.173435658216476440e+00
7.900000000000000000e+01,7.900000000000005629e-02,4.749560557637130920e+00,1.027567090913620307e-01,-2.207160462670285789e-02,6.608840476221247706e-02,-1.790159313975570043e-02,2.036303086178735747e-02,-4.212000500410795212e-02,5.165546298027038574e+00
8.000000000000000000e+01,8.000000000000005718e-02,4.749553269937806910e+00,1.027717117273017761e-01,-2.210850367670390976e-02,6.762647109850655758e-02,-1.825777799967998050e-02,1.999543457640013192e-02,-4.711252544075250626e-02,5.173782125115394592e+00
8.100000000000000000e+01,8.100000000000005806e-02,4.749545991520990995e+00,1.027872684956418203e-01,-2.214480462554264603e-02,6.914582956195219898e-02,-1.861188280771686188e-02,1.962203177140172533e-02,-6.199764262419193983e-02,5.213326305150985718e+00
8.200000000000000000e+01,8.200000000000005895e-02,4.749538710992943891e+00,1.028033471762182238e-01,-2.218082406361287368e-02,7.064623044180276534e-02,-1.896505528941871965e-02,1.924393024584349771e-02,-6.572266109287738800e-02,5.181396603584289551e+00
8.300000000000000000e+01,8.300000000000005984e-02,4.749531394918674820e+00,1.028198528880675533e-01,-2.221684857634781754e-02,7.212140636045952236e-02,-1.931846146298576983e-02,1.886026198938281842e-02,-5.780632211826741695e-02,5.246828168630599976e+00
8.400000000000000000e+01,8.400000000000006073e-02,4.749524036386794990e+00,1.028363588601496903e-01,-2.225317912187899094e-02,7.356801388204406433e-02,-1.967309646300940962e-02,1.847491044513655326e-02,-4.645338654518127441e-02,5.278437107801437378e+00
8.500000000000000000e+01,8.500000000000006162e-02,4.749516648636292970e+00,1.028526188420640086e-01,-2.228984398448289814e-02,7.498486101250194380e-02,-2.002961023389171480e-02,1.809059376434108204e-02,-7.378437416628003120e-02,5.396099686622619629e+00
8.600000000000000000e+01,8.600000000000006251e-02,4.749509258125470090e+00,1.028685917377371445e-01,-2.232706443555924208e-02,7.637367173481150739e-02,-2.038893397048768819e-02,1.770766960441938834e-02,-7.724391994997859001e-02,5.482907474040985107e+00
8.700000000000000000e+01,8.700000000000006339e-02,4.749501821474553687e+00,1.028840736709733528e-01,-2.236492291150354514e-02,7.773139196618474023e-02,-2.075215297847332607e-02,1.732723773063460718e-02,-5.824667727574706078e-02,5.494145363569259644e+00
8.800000000000000000e+01,8.800000000000006428e-02,4.749494333794777923e+00,1.028988105672615783e-01,-2.240357707431333764e-02,7.906105127435406055e-02,-2.112038948544259220e-02,1.695089831023926380e-02,-6.266112439334392548e-02,5.498722732067108154e+00
8.900000000000000000e+01,8.900000000000006517e-02,4.749486835570677634e+00,1.029129935553282915e-01,-2.244324303331589679e-02,8.036019986412670790e-02,-2.149449828848171151e-02,1.657841401394776620e-02,-7.474842853844165802e-02,5.416750282049179077e+00
9.000000000000000000e+01,9.000000000000006606e-02,4.749479324228550681e+00,1.029265534287034378e-01,-2.248404185896693552e-02,8.163656732110813330e-02,-2.187484973823017320e-02,1.621075914776368143e-02,-7.802186906337738037e-02,5.465825006365776062e+00
9.100000000000000000e+01,9.100000000000006695e-02,4.749471794403217650e+00,1.029394211952081167e-01,-2.252631050777331029e-02,8.288808867786622014e-02,-2.226208915172511738e-02,1.584901744133075663e-02,-7.749007362872362137e-02,5.513020187616348267e+00
9.200000000000000000e+01,9.200000000000006783e-02,4.749464246983708726e+00,1.029516067778639687e-01,-2.257006983700094935e-02,8.411270473901644174e-02,-2.265660586354534267e-02,1.549319615527005450e-02,-8.273252705112099648e-02,5.436989039182662964e+00
9.300000000000000000e+01,9.300000000000006872e-02,4.749456680889440285e+00,1.029629994845616681e-01,-2.261508397014000762e-02,8.531395378073092228e-02,-2.305783856682563915e-02,1.514252863983266834e-02,-6.165615632198750973e-02,5.321971043944358826e+00
9.400000000000000000e+01,9.400000000000006961e-02,4.749449084958393463e+00,1.029734478699130401e-01,-2.266148691464150641e-02,8.649286788625643041e-02,-2.346578566911672326e-02,1.479776915611259042e-02,-4.759208438917994499e-02,5.185091972351074219e+00
9.500000000000000000e+01,9.500000000000007050e-02,4.749441476105199733e+00,1.029827334963811653e-01,-2.270873094759996713e-02,8.764021665311969023e-02,-2.387828456144824862e-02,1.446154870017180710e-02,-5.454082856886088848e-02,5.055887863039970398e+00
9.600000000000000000e+01,9.600000000000007139e-02,4.749433857379546708e+00,1.029908178045838840e-01,-2.275665457894768956e-02,8.874918464328171441e-02,-2.429415298578407878e-02,1.413438731702906098e-02,-5.057299265172332525e-02,5.045554324984550476e+00
9.700000000000000000e+01,9.700000000000007228e-02,4.749426207246887799e+00,1.029978235319570223e-01,-2.280505376727030853e-02,8.981199366798434114e-02,-2.471202220289892004e-02,1.381563750274379665e-02,-5.454143940005451441e-02,5.028449326753616333e+00
9.800000000000000000e+01,9.800000000000007316e-02,4.749418522533402687e+00,1.030037602016923015e-01,-2.285367666153920174e-02,9.082705519013548057e-02,-2.513115829895973263e-02,1.350649283385799843e-02,-4.782277927733957767e-02,4.894601091742515564e+00
9.900000000000000000e+01,9.900000000000007405e-02,4.749410802199943937e+00,1.030087205150839735e-01,-2.290239202085743095e-02,9.178990742763593058e-02,-2.555108011770301779e-02,1.320652430321795495e-02,-6.449454836547374725e-02,4.888317525386810303e+00
1.000000000000000000e+02,1.000000000000000749e-01,4.749403049563975188e+00,1.030129664843668913e-01,-2.295098892563323528e-02,9.268786139577421535e-02,-2.597043427829648365e-02,1.291482617189659843e-02,-6.752996309660375118e-02,4.970646783709526062e+00
1.010000000000000000e+02,1.010000000000000758e-01,4.749395226628945643e+00,1.030165026348714707e-01,-2.299952729195375856e-02,9.351751511006342610e-02,-2.638946071543846195e-02,1.263149628110433326e-02,-7.460112916305661201e-02,4.918731346726417542e+00
1.020000000000000000e+02,1.020000000000000767e-01,4.749387329303777605e+00,1.030193761593511809e-01,-2.304818515329232556e-02,9.428426276952436846e-02,-2.680922128462626119e-02,1.235647029710525840e-02,-9.828369566821493208e-02,4.962009117007255554e+00
1.030000000000000000e+02,1.030000000000000776e-01,4.749379344392805180e+00,1.030218362252064007e-01,-2.309716043357092422e-02,9.498677326074575489e-02,-2.723007180141157058e-02,1.208934188488696576e-02,-1.002349324990063906e-01,5.003120452165603638e+00
1.040000000000000000e+02,1.040000000000000785e-01,4.749371240431527141e+00,1.030239820716962323e-01,-2.314624724179118950e-02,9.562853763662503004e-02,-2.765146729165679496e-02,1.182897597710134974e-02,-9.268087544478476048e-02,5.016511633992195129e+00
1.050000000000000000e+02,1.050000000000000794e-01,4.749363003642279146e+00,1.030261761972797036e-01,-2.319540645382981228e-02,9.620923816717319443e-02,-2.807358047997454698e-02,1.157417744836479467e-02,-9.932064963504672050e-02,5.026948660612106323e+00
1.060000000000000000e+02,1.060000000000000803e-01,4.749354636918765138e+00,1.030285178201335583e-01,-2.324460308871131170e-02,9.673338480533369421e-02,-2.849625517545906206e-02,1.132320100631015874e-02,-9.761880035512149334e-02,5.036669641733169556e+00
1.070000000000000000e+02,1.070000000000000812e-01,4.749346130518434350e+00,1.030312188789560407e-01,-2.329389021661962614e-02,9.719605699461406068e-02,-2.891972126472808213e-02,1.107457809212420569e-02,-1.025349560077302158e-01,5.003997176885604858e+00
1.080000000000000000e+02,1.080000000000000820e-01,4.749337485648465140e+00,1.030343761987209394e-01,-2.334334817610175805e-02,9.760022055900278992e-02,-2.934430710424806854e-02,1.082852302095396735e-02,-1.117695586872287095e-01,4.975673079490661621e+00
1.090000000000000000e+02,1.090000000000000829e-01,4.749328701693047883e+00,1.030379591796273531e-01,-2.339320066903437592e-02,9.795171253900916697e-02,-2.977042759762960067e-02,1.058496534189561078e-02,-9.871142194606363773e-02,4.987739637494087219e+00
1.100000000000000000e+02,1.100000000000000838e-01,4.749319772265834239e+00,1.030420889746000573e-01,-2.344357058620399198e-02,9.825271936126521444e-02,-3.019817656516265991e-02,1.034255639114026182e-02,-9.998900874052196741e-02,5.077491819858551025e+00
1.110000000000000000e+02,1.110000000000000847e-01,4.749310732084152775e+00,1.030467962736948823e-01,-2.349474455308193238e-02,9.850438742123676650e-02,-3.062862191982018700e-02,1.010239833261868808e-02,-9.283893485553562641e-02,5.098556712269783020e+00
1.120000000000000000e+02,1.120000000000000856e-01,4.749301592247884507e+00,1.030522522686233844e-01,-2.354682082426998169e-02,9.870813836891878523e-02,-3.106262766196676850e-02,9.863869507434820660e-03,-6.066480930894613266e-02,5.076175630092620850e+00
1.130000000000000000e+02,1.130000000000000865e-01,4.749292367326817477e+00,1.030585782607335021e-01,-2.359981484503026472e-02,9.886908828837426277e-02,-3.150021954749293585e-02,9.625201200945933400e-03,-7.293123379349708557e-02,5.152757212519645691e+00
1.140000000000000000e+02,1.140000000000000874e-01,4.749283119901735795e+00,1.030658809670026155e-01,-2.365357408388956556e-02,9.898748207091143114e-02,-3.194072907018696839e-02,9.385761077051975321e-03,-6.810258096083998680e-02,5.094675078988075256e+00
1.150000000000000000e+02,1.150000000000000883e-01,4.749273845837458374e+00,1.030740819725815965e-01,-2.370811877733123435e-02,9.906974520241063065e-02,-3.238476204775309064e-02,9.147260640119142527e-03,-7.477405807003378868e-02,5.079871520400047302e+00
1.160000000000000000e+02,1.160000000000000892e-01,4.749264570553203058e+00,1.030833738202923816e-01,-2.376342858016406573e-02,9.912411154349384801e-02,-3.283167787136997973e-02,8.908859441640430699e-03,-7.944303494878113270e-02,5.114443734288215637e+00
1.170000000000000000e+02,1.170000000000000900e-01,4.749255286409979959e+00,1.030939996689698296e-01,-2.381956976018060126e-02,9.915627367386563307e-02,-3.328135741479254506e-02,8.668956701075480886e-03,-6.337309675291180611e-02,4.998129934072494507e+00
1.180000000000000000e+02,1.180000000000000909e-01,4.749245970978655862e+00,1.031059960287068894e-01,-2.387639213001650426e-02,9.916380288155876577e-02,-3.373365127881444714e-02,8.428179702191319900e-03,-6.095553305931389332e-02,4.895678535103797913e+00
1.190000000000000000e+02,1.190000000000000918e-01,4.749236622530212948e+00,1.031194685409263095e-01,-2.393356715365032791e-02,9.914665936375924304e-02,-3.418681136069334769e-02,8.185742132566724283e-03,-8.659687335602939129e-02,4.858886674046516418e+00
1.200000000000000000e+02,1.200000000000000927e-01,4.749227231704643337e+00,1.031345519783135739e-01,-2.399055876343356500e-02,9.909938727189036844e-02,-3.463843955806500396e-02,7.939774611468233823e-03,-1.139893566723912954e-01,4.787128433585166931e+00
1.210000000000000000e+02,1.210000000000000936e-01,4.749217735341558999e+00,1.031513608128568349e-01,-2.404695252259671234e-02,9.901591413445239021e-02,-3.508692809149605019e-02,7.688283584579791441e-03,-1.358083002269268036e-01,4.799071475863456726e+00
1.220000000000000000e+02,1.220000000000000945e-01,4.749208078464387306e+00,1.031698189559509260e-01,-2.410291383002512514e-02,9.889704554982095552e-02,-3.553235146928424015e-02,7.431956644716582183e-03,-1.417629451025277376e-01,4.814288988709449768e+00
1.230000000000000000e+02,1.230000000000000954e-01,4.749198235487956055e+00,1.031899932304801842e-01,-2.415867626566561149e-02,9.874121628283408225e-02,-3.597552927132241507e-02,7.170238776443689510e-03,-1.311051636002957821e-01,4.744800239801406860e+00
1.240000000000000000e+02,1.240000000000000963e-01,4.749188203929247898e+00,1.032119927203007242e-01,-2.421427268566454447e-02,9.855354787514533643e-02,-3.641649882861575094e-02,6.901909271778368382e-03,-1.375607177615165710e-01,4.737400323152542114e+00
1.250000000000000000e+02,1.250000000000000833e-01,4.749178001339358524e+00,1.032357512858434606e-01,-2.426974742794860834e-02,9.833030687145193072e-02,-3.685501356105747028e-02,6.627682512296659278e-03,-1.227316069416701794e-01,4.747602522373199463e+00
1.260000000000000000e+02,1.260000000000000842e-01,4.749167609155509950e+00,1.032611132305757407e-01,-2.432521381563620619e-02,9.807003616227107090e-02,-3.729153313830058103e-02,6.349209699862384815e-03,-1.111301784403622150e-01,4.690311357378959656e+00
1.270000000000000000e+02,1.270000000000000850e-01,4.749157051127888884e+00,1.032881296413977745e-01,-2.438042868766485821e-02,9.776751297855373890e-02,-3.772541826741493409e-02,6.065827052433754585e-03,-1.093521513976156712e-01,4.701960742473602295e+00
1.280000000000000000e+02,1.280000000000000859e-01,4.749146345315489626e+00,1.033169624742076159e-01,-2.443542496320184193e-02,9.742556753369724376e-02,-3.815639572706008842e-02,5.776684580164288818e-03,-1.296848566271364689e-01,4.647801384329795837e+00
1.290000000000000000e+02,1.290000000000000868e-01,4.749135499355099377e+00,1.033477567993428547e-01,-2.449030950195411199e-02,9.704339159384581248e-02,-3.858486704725772043e-02,5.480348065225917886e-03,-1.175426864065229893e-01,4.605785518884658813e+00
1.300000000000000000e+02,1.300000000000000877e-01,4.749124462765900390e+00,1.033805044293937825e-01,-2.454494962480696998e-02,9.661885063478029001e-02,-3.901008336361422302e-02,5.176778199444266593e-03,-1.164096612483263016e-01,4.671830371022224426e+00
1.310000000000000000e+02,1.310000000000000886e-01,4.749113256276920048e+00,1.034149324054952634e-01,-2.459937365400566289e-02,9.615436705228896930e-02,-3.943195068821148119e-02,4.868400745028811372e-03,-1.104628462344408035e-01,4.641168773174285889e+00
1.320000000000000000e+02,1.320000000000000895e-01,4.749101893138520936e+00,1.034510559171621796e-01,-2.465357115397369403e-02,9.565630397233694515e-02,-3.985069830829268689e-02,4.554205368749217331e-03,-1.196176563389599323e-01,4.753078579902648926e+00
1.330000000000000000e+02,1.330000000000000904e-01,4.749090383583338237e+00,1.034889803517014817e-01,-2.470773345371498134e-02,9.512737536484852652e-02,-4.026669306747510113e-02,4.233220698694861728e-03,-1.160749698756262660e-01,4.732208609580993652e+00
1.340000000000000000e+02,1.340000000000000913e-01,4.749078731531970909e+00,1.035285650443619476e-01,-2.476204109042698734e-02,9.456969037554660562e-02,-4.068117647759983413e-02,3.906599778411623536e-03,-1.312007905798964202e-01,4.821260705590248108e+00
1.350000000000000000e+02,1.350000000000000921e-01,4.749066949226876666e+00,1.035697999082161730e-01,-2.481651110460454321e-02,9.398416658695900316e-02,-4.109404386307535795e-02,3.574787991535183229e-03,-1.435283868049737066e-01,4.872875437140464783e+00
1.360000000000000000e+02,1.360000000000000930e-01,4.749055015123127887e+00,1.036120600929635455e-01,-2.487113975159513379e-02,9.337109214773137156e-02,-4.150601887678528890e-02,3.241594951395254665e-03,-1.629728591069579124e-01,4.935834869742393494e+00
1.370000000000000000e+02,1.370000000000000939e-01,4.749042918962588899e+00,1.036552815214825951e-01,-2.492593341703097307e-02,9.273420692816225497e-02,-4.191732360684796710e-02,2.906298575281560104e-03,-1.561764989019138739e-01,4.990918263792991638e+00
1.380000000000000000e+02,1.380000000000000948e-01,4.749030625795750638e+00,1.036994883853123856e-01,-2.498084626137968972e-02,9.207060189160931607e-02,-4.232829553860062433e-02,2.569250323178985662e-03,-1.455238388152793050e-01,4.993612110614776611e+00
1.390000000000000000e+02,1.390000000000000957e-01,4.749018155430876575e+00,1.037447797531931004e-01,-2.503612742572977265e-02,9.137452263459586166e-02,-4.274015542746045782e-02,2.229847922181692199e-03,-1.270193853415548801e-01,4.948998108506202698e+00
1.400000000000000000e+02,1.400000000000000966e-01,4.749005532481721303e+00,1.037910088798754960e-01,-2.509178606069571368e-02,9.064480921170792183e-02,-4.315300229961560596e-02,1.888320792846828744e-03,-1.361235264503193321e-01,4.919010877609252930e+00
1.410000000000000000e+02,1.410000000000000975e-01,4.748992795213087703e+00,1.038382289028524780e-01,-2.514770003356933334e-02,8.988362887793256706e-02,-4.356606375521088204e-02,1.543458348037429761e-03,-1.269824139308184385e-01,4.827671989798545837e+00
1.420000000000000000e+02,1.420000000000000984e-01,4.748979911076715688e+00,1.038863852289874656e-01,-2.520371254370550387e-02,8.908785326261756121e-02,-4.397869755853434093e-02,1.195028861406974285e-03,-1.404621228575706482e-01,4.664553955197334290e+00
1.430000000000000000e+02,1.430000000000000993e-01,4.748966870840455989e+00,1.039353239493853581e-01,-2.525979009019709010e-02,8.825216530402482662e-02,-4.439043834644995634e-02,8.452071425938331717e-04,-1.343389512039721012e-01,4.541515380144119263e+00
1.440000000000000000e+02,1.440000000000001001e-01,4.748953642724790924e+00,1.039848401786552107e-01,-2.531589733369753528e-02,8.737394802947884287e-02,-4.480026451405216825e-02,4.954722392591301428e-04,-1.210628806147724390e-01,4.651579618453979492e+00
1.450000000000000000e+02,1.450000000000001010e-01,4.748940219144806463e+00,1.040346633548666633e-01,-2.537180821359290989e-02,8.644445455760002561e-02,-4.520687466498785057e-02,1.464658772687213451e-04,-1.193661582656204700e-01,4.654514774680137634e+00
1.460000000000000000e+02,1.460000000000001019e-01,4.748926625803583157e+00,1.040844924500207852e-01,-2.542734255108002397e-02,8.545877793300521441e-02,-4.561052740820392692e-02,-2.003760152117645132e-04,-1.338499379344284534e-01,4.559356957674026489e+00
1.470000000000000000e+02,1.470000000000001028e-01,4.748912867371742230e+00,1.041342728505108006e-01,-2.548267044801491577e-02,8.441491979194423734e-02,-4.601189078875678184e-02,-5.440366418754463695e-04,-1.329068345949053764e-01,4.481124743819236755e+00
1.480000000000000000e+02,1.480000000000001037e-01,4.748898885259077218e+00,1.041840913378487138e-01,-2.553774343037516770e-02,8.331300953627843175e-02,-4.641028834614679965e-02,-8.841738987002897843e-04,-1.411286420188844204e-01,4.483615934848785400e+00
1.490000000000000000e+02,1.490000000000001046e-01,4.748884671775045696e+00,1.042340120042193480e-01,-2.559259413868812325e-02,8.215034676817714598e-02,-4.680545164944693859e-02,-1.220702683843291614e-03,-1.667314966907724738e-01,4.583373546600341797e+00
1.500000000000000000e+02,1.500000000000001055e-01,4.748870205946502665e+00,1.042839030106903486e-01,-2.564722243753433592e-02,8.092596345766775445e-02,-4.719744278561366357e-02,-1.553307413568232043e-03,-1.438760326709598303e-01,4.471042618155479431e+00
1.510000000000000000e+02,1.510000000000001064e-01,4.748855432995397585e+00,1.043336560042782829e-01,-2.570137223585666764e-02,7.963666161477804539e-02,-4.758617784556906649e-02,-1.881068012217171348e-03,-1.263258040416985750e-01,4.447383880615234375e+00
1.520000000000000000e+02,1.520000000000001072e-01,4.748840390781396081e+00,1.043833825321934389e-01,-2.575520844154828223e-02,7.829293548818674897e-02,-4.797125136666835488e-02,-2.204956665107761504e-03,-1.406371863558888435e-01,4.476133465766906738e+00
1.530000000000000000e+02,1.530000000000001081e-01,4.748825100750103445e+00,1.044330987638481395e-01,-2.580892736684941083e-02,7.689572879067679834e-02,-4.835319731537923715e-02,-2.524859688280679804e-03,-1.374243006575852633e-01,4.468720287084579468e+00
1.540000000000000000e+02,1.540000000000001090e-01,4.748809532205522821e+00,1.044824530785225802e-01,-2.586261725899492367e-02,7.544953546038807302e-02,-4.873240071672002571e-02,-2.839495140382952698e-03,-1.371206073090434074e-01,4.444868668913841248e+00
1.550000000000000000e+02,1.550000000000001099e-01,4.748793704035701779e+00,1.045308302723820248e-01,-2.591648655911398674e-02,7.396170320884867810e-02,-4.910944528751781668e-02,-3.146217666515710443e-03,-1.351860248250886798e-01,4.440866634249687195e+00
1.560000000000000000e+02,1.560000000000001108e-01,4.748777607279076385e+00,1.045783265790958122e-01,-2.597057878121119406e-02,7.243104561884367021e-02,-4.948436471402195558e-02,-3.445251813863507706e-03,-1.577265302184969187e-01,4.534331917762756348e+00
1.570000000000000000e+02,1.570000000000001117e-01,4.748761247343639802e+00,1.046251578708805030e-01,-2.602483014117793619e-02,7.085878120951999426e-02,-4.985684711547588854e-02,-3.738252660336317812e-03,-1.545065022073686123e-01,4.519700378179550171e+00
1.580000000000000000e+02,1.580000000000001126e-01,4.748744584992039108e+00,1.046713997290194403e-01,-2.607925404894932686e-02,6.925099819657268285e-02,-5.022740260837776916e-02,-4.025178064050539961e-03,-1.389980383682996035e-01,4.473967209458351135e+00
1.590000000000000000e+02,1.590000000000001135e-01,4.748727636104008276e+00,1.047162669412038533e-01,-2.613400280073544316e-02,6.762306739023088431e-02,-5.059610653964918825e-02,-4.304484816401311920e-03,-1.304109084885567427e-01,4.445498913526535034e+00
1.600000000000000000e+02,1.600000000000001144e-01,4.748710424974406763e+00,1.047597332665793357e-01,-2.618913489169552578e-02,6.597670679743432298e-02,-5.096287752396388981e-02,-4.575693776924013439e-03,-1.401675987144699320e-01,4.526397526264190674e+00
1.610000000000000000e+02,1.610000000000001152e-01,4.748692954054511084e+00,1.048019793313235554e-01,-2.624469761471292031e-02,6.431141736132137132e-02,-5.132768581559510324e-02,-4.839710793884351159e-03,-1.422405492048710585e-01,4.552870944142341614e+00
1.620000000000000000e+02,1.620000000000001161e-01,4.748675197460278774e+00,1.048430498596759353e-01,-2.630067000454180265e-02,6.263021132193272167e-02,-5.169088859005577241e-02,-5.096547783470909559e-03,-1.179990849923342466e-01,4.551776528358459473e+00
1.630000000000000000e+02,1.630000000000001170e-01,4.748657143091517874e+00,1.048827839677885093e-01,-2.635696819941214797e-02,6.094369224262238122e-02,-5.205223115445578586e-02,-5.344398956545585999e-03,-1.018455883022397757e-01,4.515533626079559326e+00
1.640000000000000000e+02,1.640000000000001179e-01,4.748638809826587703e+00,1.049211668846673357e-01,-2.641342845336354384e-02,5.925270747334145799e-02,-5.241116246224053477e-02,-5.583397840839630921e-03,-9.204231435433030128e-02,4.602398023009300232e+00
1.650000000000000000e+02,1.650000000000001188e-01,4.748620234114111938e+00,1.049581093565759571e-01,-2.647003095771746639e-02,5.755511188855523541e-02,-5.276741990204358856e-02,-5.813324068088904228e-03,-8.127120882272720337e-02,4.427118673920631409e+00
1.660000000000000000e+02,1.660000000000001197e-01,4.748601452407437584e+00,1.049938136260640531e-01,-2.652698420024211107e-02,5.585692676467983453e-02,-5.312202942128774197e-02,-6.036395130314606283e-03,-9.469883469864726067e-02,4.522888094186782837e+00
1.670000000000000000e+02,1.670000000000001206e-01,4.748582447677848428e+00,1.050284511941041582e-01,-2.658398388287594449e-02,5.416372232957211708e-02,-5.347270641726309393e-02,-6.254446608992901557e-03,-1.002390910871326923e-01,4.576434403657913208e+00
1.680000000000000000e+02,1.680000000000001215e-01,4.748563202521418170e+00,1.050619473109780655e-01,-2.664117435225028113e-02,5.248147322656754321e-02,-5.382040519051267680e-02,-6.466345906317141207e-03,-7.053387165069580078e-02,4.514188528060913086e+00
1.690000000000000000e+02,1.690000000000001223e-01,4.748543737390891195e+00,1.050943564552599685e-01,-2.669864269195612941e-02,5.081081027528785987e-02,-5.416569509709345809e-02,-6.672380813938168925e-03,-7.879438507370650768e-02,4.604548439383506775e+00
1.700000000000000000e+02,1.700000000000001232e-01,4.748524101540778197e+00,1.051257727121326785e-01,-2.675634270219088770e-02,4.914333700165958441e-02,-5.450816025931226605e-02,-6.873798283740718829e-03,-9.988998423796147108e-02,4.616893365979194641e+00
1.710000000000000000e+02,1.710000000000001241e-01,4.748504299795622607e+00,1.051564579320232173e-01,-2.681438090334020002e-02,4.747771447625624697e-02,-5.484871716784911477e-02,-7.071765007223569655e-03,-9.125673896051011980e-02,4.557125598192214966e+00
1.720000000000000000e+02,1.720000000000001250e-01,4.748484285053732989e+00,1.051863557087234780e-01,-2.687254349373171744e-02,4.582057659397416327e-02,-5.518656465554450108e-02,-7.266812119031944989e-03,-6.540918193059042096e-02,4.538081794977188110e+00
1.730000000000000000e+02,1.730000000000001259e-01,4.748464056552868406e+00,1.052156730594531464e-01,-2.693077596543817440e-02,4.417325964888116352e-02,-5.552109961835394181e-02,-7.459788992176967504e-03,-9.391158865764737129e-02,4.558215498924255371e+00
1.740000000000000000e+02,1.740000000000001268e-01,4.748443649337664496e+00,1.052445778423526240e-01,-2.698913062909856497e-02,4.253365052527754292e-02,-5.585241270511498435e-02,-7.652018204825770942e-03,-8.784286183072254062e-02,4.546994015574455261e+00
1.750000000000000000e+02,1.750000000000001277e-01,4.748423033618870193e+00,1.052728017213820366e-01,-2.704783647453205819e-02,4.091163161687993988e-02,-5.618112561681032346e-02,-7.843392068386655092e-03,-9.083640022436156869e-02,4.508281543850898743e+00
1.760000000000000000e+02,1.760000000000001286e-01,4.748402227886960425e+00,1.053005181535901086e-01,-2.710686646536029920e-02,3.930560240652749421e-02,-5.650709772508588635e-02,-8.034614013503353636e-03,-7.215998455649241805e-02,4.484189838171005249e+00
1.770000000000000000e+02,1.770000000000001295e-01,4.748381226118434384e+00,1.053277431058158853e-01,-2.716608501148604776e-02,3.771072356394811198e-02,-5.682972778881589804e-02,-8.226440202738213164e-03,-5.765379109652712941e-02,4.354619920253753662e+00
1.780000000000000000e+02,1.780000000000001303e-01,4.748360069149883955e+00,1.053547507150661561e-01,-2.722548189068789426e-02,3.613357732976454906e-02,-5.714863575882911384e-02,-8.421653186364116278e-03,-5.774790362920612097e-02,4.357471145689487457e+00
1.790000000000000000e+02,1.790000000000001312e-01,4.748338744294986036e+00,1.053814564055180619e-01,-2.728481532337909826e-02,3.457901909325578060e-02,-5.746213290380342009e-02,-8.619030345762678652e-03,-6.735362671315670013e-02,4.312404785305261612e+00
1.800000000000000000e+02,1.800000000000001321e-01,4.748317239212386909e+00,1.054078020583947006e-01,-2.734410108643938950e-02,3.304321879697708075e-02,-5.777039553248131121e-02,-8.816710853415151219e-03,-6.207715487107634544e-02,4.348908949643373489e+00
1.810000000000000000e+02,1.810000000000001330e-01,4.748295512907644067e+00,1.054337046951337037e-01,-2.740321595012779748e-02,3.152713558562419971e-02,-5.807275815838752742e-02,-9.013035759083659615e-03,-6.220053182914853096e-02,4.295882701873779297e+00
1.820000000000000000e+02,1.820000000000001339e-01,4.748273570596474258e+00,1.054591617654088986e-01,-2.746190339415087792e-02,3.003133067696407352e-02,-5.836856754014529969e-02,-9.209135558229570445e-03,-7.420832214120309800e-02,4.266310878098011017e+00
1.830000000000000000e+02,1.830000000000001348e-01,4.748251414208885635e+00,1.054841842182460410e-01,-2.752014388140552534e-02,2.855667821092837053e-02,-5.865738570979361910e-02,-9.405156374783164158e-03,-7.775766641134396195e-02,4.248451784253120422e+00
1.840000000000000000e+02,1.840000000000001357e-01,4.748229026962438759e+00,1.055088508819816001e-01,-2.757787622727924867e-02,2.711007480774078188e-02,-5.893867488377613206e-02,-9.600602281647239999e-03,-6.786417914554476738e-02,4.188325705006718636e+00
1.850000000000000000e+02,1.850000000000001366e-01,4.748206403946227283e+00,1.055333474556170853e-01,-2.763505568542293928e-02,2.569361801744086266e-02,-5.921209776337033048e-02,-9.797144233036028660e-03,-7.248753914609551430e-02,4.188777800649404526e+00
1.860000000000000000e+02,1.860000000000001374e-01,4.748183554034918430e+00,1.055577547000349087e-01,-2.769163743092193514e-02,2.430613323655644864e-02,-5.947714281040261675e-02,-9.995140204400817033e-03,-4.107911698520183563e-02,4.171901542693376541e+00
1.870000000000000000e+02,1.870000000000001383e-01,4.748160486818661319e+00,1.055822226877830144e-01,-2.774766243702822197e-02,2.294652051304141988e-02,-5.973395990138841150e-02,-1.019577846173903846e-02,-5.280315224081277847e-02,4.152564063668251038e+00
1.880000000000000000e+02,1.880000000000001392e-01,4.748137252055935953e+00,1.056067353475494963e-01,-2.780291272183728693e-02,2.161101326601617967e-02,-5.998180384349693917e-02,-1.039943481191556163e-02,-5.359472427517175674e-02,4.183206100016832352e+00
1.890000000000000000e+02,1.890000000000001401e-01,4.748113826862657483e+00,1.056313186164871687e-01,-2.785732243630614433e-02,2.029617026030743412e-02,-6.022041009832879155e-02,-1.060642777647589560e-02,-4.911738587543368340e-02,4.204216316342353821e+00
1.900000000000000000e+02,1.900000000000001410e-01,4.748090221222072138e+00,1.056559270624432556e-01,-2.791098060286700475e-02,1.900694189506702686e-02,-6.045015555036403754e-02,-1.081662486265746667e-02,-4.355706041678786278e-02,4.129299215972423553e+00
1.910000000000000000e+02,1.910000000000001419e-01,4.748066459624890712e+00,1.056806449454874147e-01,-2.796394229771284601e-02,1.774132398880061412e-02,-6.067139062789461690e-02,-1.103120732021579779e-02,-3.970232687424868345e-02,4.141709692776203156e+00
1.920000000000000000e+02,1.920000000000001428e-01,4.748042558102286037e+00,1.057055476956802048e-01,-2.801616986944431911e-02,1.650131514933254537e-02,-6.088348423374889684e-02,-1.125128232709081584e-02,-3.128971962723881006e-02,4.166604861617088318e+00
1.930000000000000000e+02,1.930000000000001437e-01,4.748018536174497761e+00,1.057307985083844465e-01,-2.806773355067804926e-02,1.528062803270896150e-02,-6.108688775127335546e-02,-1.147802276834465271e-02,-2.867187769152224064e-02,4.150096572935581207e+00
1.940000000000000000e+02,1.940000000000001446e-01,4.747994398095886304e+00,1.057563865656722252e-01,-2.811854561618436568e-02,1.407908074982162396e-02,-6.128148733180749375e-02,-1.171170804219434473e-02,-2.606262511108070612e-02,4.125340268015861511e+00
1.950000000000000000e+02,1.950000000000001454e-01,4.747970150484262852e+00,1.057821484043607596e-01,-2.816867153157960255e-02,1.289266900717830552e-02,-6.146749559139408348e-02,-1.195187767405725410e-02,-2.556596719659864902e-02,4.176761597394943237e+00
1.960000000000000000e+02,1.960000000000001463e-01,4.747945805644773642e+00,1.058079677854942419e-01,-2.821809352126561712e-02,1.171962684416548613e-02,-6.164474997805502454e-02,-1.219861072371623660e-02,-2.765949489548802376e-02,4.194633543491363525e+00
1.970000000000000000e+02,1.970000000000001472e-01,4.747921380150855519e+00,1.058339208843034895e-01,-2.826688869134933585e-02,1.055997686630552428e-02,-6.181382870519236405e-02,-1.245273332675713752e-02,-2.338556619361042976e-02,4.224977999925613403e+00
1.980000000000000000e+02,1.980000000000001481e-01,4.747896855635732827e+00,1.058598631863833794e-01,-2.831506703893576019e-02,9.413026238063363846e-03,-6.197490543577321986e-02,-1.271338750113326817e-02,-2.923308080062270164e-02,4.219741076231002808e+00
1.990000000000000000e+02,1.990000000000001490e-01,4.747872223160782390e+00,1.058856044481483460e-01,-2.836254690377207691e-02,8.278160633552505282e-03,-6.212792655160903621e-02,-1.298005049791391835e-02,-2.938460372388362885e-02,4.226950772106647491e+00
2.000000000000000000e+02,2.000000000000001499e-01,4.747847464630069680e+00,1.059108782617222966e-01,-2.840933191761741902e-02,7.157877430810206942e-03,-6.227282752404028621e-02,-1.325054383513126974e-02,-3.505636245245113969e-02,4.251590430736541748e+00
2.010000000000000000e+02,2.010000000000001508e-01,4.747822594394509821e+00,1.059356727331401266e-01,-2.845550850400477977e-02,6.053160621417339599e-03,-6.240992142858248215e-02,-1.352453325476383680e-02,-2.692682153428904712e-02,4.258592545986175537e+00
2.020000000000000000e+02,2.020000000000001517e-01,4.747797603869306826e+00,1.059598388141324427e-01,-2.850102229029510825e-02,4.964468375231942399e-03,-6.253917934572528203e-02,-1.380170494598086106e-02,-2.608676051022484899e-02,4.257646441459655762e+00
2.030000000000000000e+02,2.030000000000001525e-01,4.747772522877862222e+00,1.059833679394955319e-01,-2.854586210274040123e-02,3.890937179999856728e-03,-6.266063042987624065e-02,-1.408355379727227810e-02,-2.829660475254058838e-02,4.210957027971744537e+00
2.040000000000000000e+02,2.040000000000001534e-01,4.747747357999839046e+00,1.060062663609710881e-01,-2.859011687453560241e-02,2.831199905504876331e-03,-6.277459557859965678e-02,-1.437028841428945533e-02,-4.936659825034439564e-02,4.200466029345989227e+00
2.050000000000000000e+02,2.050000000000001543e-01,4.747722108053376466e+00,1.060286494928753126e-01,-2.863374540411570135e-02,1.789472931021507569e-03,-6.288056076860670807e-02,-1.466345412714628940e-02,-4.165809135884046555e-02,4.215266779065132141e+00
2.060000000000000000e+02,2.060000000000001552e-01,4.747696709318177000e+00,1.060503536486574888e-01,-2.867681613060484719e-02,7.644986728556173172e-04,-6.297871392677234503e-02,-1.496224735967715755e-02,-4.188682860694825649e-02,4.249137416481971741e+00
2.070000000000000000e+02,2.070000000000001561e-01,4.747671171827180459e+00,1.060712368125398958e-01,-2.871937225282134368e-02,-2.466916559331544176e-04,-6.306936138920393731e-02,-1.526605611184704905e-02,-4.395510380345513113e-02,4.235534757375717163e+00
2.080000000000000000e+02,2.080000000000001570e-01,4.747645485947559862e+00,1.060911346239001574e-01,-2.876124156373420504e-02,-1.238905802626948625e-03,-6.315203734161389804e-02,-1.557493063048549092e-02,-3.941973648034036160e-02,4.233747243881225586e+00
2.090000000000000000e+02,2.090000000000001579e-01,4.747619629245450668e+00,1.061099828821014945e-01,-2.880234700380777599e-02,-2.209412758702115030e-03,-6.322634173512931000e-02,-1.588915532225413860e-02,-4.127017245627939701e-02,4.216591209173202515e+00
2.100000000000000000e+02,2.100000000000001588e-01,4.747593607038353980e+00,1.061275998748374277e-01,-2.884270575340873097e-02,-3.156577978276514304e-03,-6.329228000034348156e-02,-1.620806071445060614e-02,-3.935655660461634398e-02,4.250547602772712708e+00
2.110000000000000000e+02,2.110000000000001597e-01,4.747567359337212523e+00,1.061439487712881463e-01,-2.888237421840806826e-02,-4.078283626050888469e-03,-6.334987396340308052e-02,-1.653302982325177001e-02,-2.763973269611597061e-02,4.241977915167808533e+00
2.120000000000000000e+02,2.120000000000001605e-01,4.747540792346650385e+00,1.061583307496448969e-01,-2.892136898724816801e-02,-4.985093892784783071e-03,-6.339958187764427322e-02,-1.685451751984017726e-02,-2.327102888375520706e-02,4.174572557210922241e+00
2.130000000000000000e+02,2.130000000000001614e-01,4.747513925420832948e+00,1.061706683298313109e-01,-2.895978442172065723e-02,-5.876608915001662291e-03,-6.344162981716805483e-02,-1.717152892253657331e-02,-1.664977450855076313e-02,4.243369311094284058e+00
2.140000000000000000e+02,2.140000000000001623e-01,4.747486750362934771e+00,1.061808353000845279e-01,-2.899766198576142137e-02,-6.751099049112875214e-03,-6.347567338203430332e-02,-1.748366824804710451e-02,-2.732834505150094628e-02,4.302037358283996582e+00
2.150000000000000000e+02,2.150000000000001632e-01,4.747459234153106777e+00,1.061884571309834324e-01,-2.903492924779997944e-02,-7.606949983451996057e-03,-6.350181456808989822e-02,-1.778523991464902795e-02,-1.760889589786529541e-02,4.364935711026191711e+00
2.160000000000000000e+02,2.160000000000001641e-01,4.747431338929912314e+00,1.061934398505211957e-01,-2.907168184137075631e-02,-8.451104006757016035e-03,-6.352085015966579817e-02,-1.807295245904411499e-02,-4.313303157687187195e-03,4.391343109309673309e+00
2.170000000000000000e+02,2.170000000000001650e-01,4.747403102707054678e+00,1.061959384821702518e-01,-2.910786914565520814e-02,-9.282732244527455712e-03,-6.353297351628595102e-02,-1.834849683673707779e-02,-2.354218624532222748e-03,4.371799990534782410e+00
2.180000000000000000e+02,2.180000000000001659e-01,4.747374545454856154e+00,1.061959976627935565e-01,-2.914350106476612176e-02,-1.009982678459268521e-02,-6.353831283928279561e-02,-1.861269676643591275e-02,-6.002101115882396698e-03,4.373845905065536499e+00
2.190000000000000000e+02,2.190000000000001668e-01,4.747345669196954887e+00,1.061936601616379761e-01,-2.917844494736673150e-02,-1.090080215374390066e-02,-6.353625507515503479e-02,-1.886581244965485071e-02,-2.230806043371558189e-02,4.378553472459316254e+00
2.200000000000000000e+02,2.200000000000001676e-01,4.747316471435950369e+00,1.061890059800495306e-01,-2.921267388719402114e-02,-1.168290685501901377e-02,-6.352664256439299884e-02,-1.910846697886656523e-02,-2.870157593861222267e-02,4.432879716157913208e+00
2.210000000000000000e+02,2.210000000000001685e-01,4.747286944265969311e+00,1.061821740347462240e-01,-2.924617187437091384e-02,-1.244139399007220675e-02,-6.350933014483528538e-02,-1.934146177997836391e-02,-2.376910106977447867e-02,4.409628733992576599e+00
2.220000000000000000e+02,2.220000000000001694e-01,4.747257110037400807e+00,1.061732946597318539e-01,-2.927913699294838051e-02,-1.316964852155159266e-02,-6.348514481051004132e-02,-1.956598212724023483e-02,-4.809056242811493576e-02,4.426768667995929718e+00
2.230000000000000000e+02,2.230000000000001703e-01,4.747226955998980813e+00,1.061622757623354729e-01,-2.931149694479988008e-02,-1.386586356520460965e-02,-6.345363740464637914e-02,-1.978196373126680022e-02,-5.454957135953009129e-02,4.428499571979045868e+00
2.240000000000000000e+02,2.240000000000001712e-01,4.747196445248937025e+00,1.061491166509822975e-01,-2.934312338362611919e-02,-1.453265436692581514e-02,-6.341454203646468279e-02,-1.998852365326901637e-02,-6.741519598290324211e-02,4.483948275446891785e+00
2.250000000000000000e+02,2.250000000000001721e-01,4.747165584182264197e+00,1.061340430058848178e-01,-2.937403956224449164e-02,-1.517160488687510113e-02,-6.336797763248780413e-02,-2.018679055075018464e-02,-6.320906733162701130e-02,4.499772660434246063e+00
2.260000000000000000e+02,2.260000000000001730e-01,4.747134351550997167e+00,1.061170112276651478e-01,-2.940410087234600345e-02,-1.578279281017509403e-02,-6.331381116993872737e-02,-2.037683151715711724e-02,-5.160797759890556335e-02,4.473545029759407043e+00
2.270000000000000000e+02,2.270000000000001739e-01,4.747102765615377251e+00,1.060980722325426256e-01,-2.943346171280383089e-02,-1.635881087051289928e-02,-6.325244686174213982e-02,-2.055808780618238046e-02,-6.211622606497257948e-02,4.539754033088684082e+00
2.280000000000000000e+02,2.280000000000001747e-01,4.747070866879492534e+00,1.060774928714227489e-01,-2.946208597663091400e-02,-1.690140343129559186e-02,-6.318365869966613424e-02,-2.073222685834295864e-02,-1.566344313323497772e-02,4.520719543099403381e+00
2.290000000000000000e+02,2.290000000000001756e-01,4.747038663183401397e+00,1.060555470376330217e-01,-2.948983954861471649e-02,-1.741627709325874185e-02,-6.310760275893101401e-02,-2.090179738909200141e-02,-1.322063128463923931e-02,4.561757043004035950e+00
2.300000000000000000e+02,2.300000000000001765e-01,4.747006316547242477e+00,1.060322220032915708e-01,-2.951693360682472456e-02,-1.790065734249758275e-02,-6.302482775457018960e-02,-2.106700494382722152e-02,-1.468187919817864895e-02,4.697941839694976807e+00
2.310000000000000000e+02,2.310000000000001774e-01,4.746973841591391796e+00,1.060075441669110913e-01,-2.954352755772920308e-02,-1.834575312793604307e-02,-6.293589565329837932e-02,-2.122757522034729449e-02,3.231397364288568497e-03,4.775394231081008911e+00
2.320000000000000000e+02,2.320000000000001783e-01,4.746941254581792613e+00,1.059815847187009635e-01,-2.956954773156696831e-02,-1.875484060103494582e-02,-6.284151503275547945e-02,-2.138440217940330151e-02,-5.281811533495783806e-02,4.750809773802757263e+00
2.330000000000000000e+02,2.330000000000001792e-01,4.746908569296239833e+00,1.059544605745836449e-01,-2.959463130780553078e-02,-1.912690271169896483e-02,-6.274094888746173382e-02,-2.153672242176382645e-02,-5.412119789980351925e-02,4.750054895877838135e+00
2.340000000000000000e+02,2.340000000000001801e-01,4.746875699277078198e+00,1.059263593878396054e-01,-2.961884483356623521e-02,-1.945389602743710644e-02,-6.263413380934479413e-02,-2.168763437027854124e-02,-1.001245230436325073e-01,4.843629449605941772e+00
2.350000000000000000e+02,2.350000000000001810e-01,4.746842648166867740e+00,1.058974214276960091e-01,-2.964218252469336470e-02,-1.973610972045306000e-02,-6.252105058717583042e-02,-2.183764982206692906e-02,-1.196230025961995125e-01,4.902854323387145996e+00
2.360000000000000000e+02,2.360000000000001819e-01,4.746809358164094661e+00,1.058677353965519485e-01,-2.966468232968426030e-02,-1.998519332089949627e-02,-6.240270695588368000e-02,-2.198679205604659945e-02,-1.542194755747914314e-01,4.874801367521286011e+00
2.370000000000000000e+02,2.370000000000001827e-01,4.746775767254994172e+00,1.058371066752147177e-01,-2.968660443014294048e-02,-2.019846515109659929e-02,-6.228022222389850704e-02,-2.213248111928281525e-02,-1.588335912674665451e-01,4.937251582741737366e+00
2.380000000000000000e+02,2.380000000000001836e-01,4.746741811177100701e+00,1.058056188883971654e-01,-2.970768850773374339e-02,-2.037629963879482656e-02,-6.215259589540833574e-02,-2.227479406733560638e-02,-1.543921851553022861e-01,4.861694186925888062e+00
2.390000000000000000e+02,2.390000000000001845e-01,4.746707486594055503e+00,1.057734130187950039e-01,-2.972773706348729589e-02,-2.051844265741114420e-02,-6.201958798834650288e-02,-2.241391914748156605e-02,-1.494807722046971321e-01,4.900255158543586731e+00
2.400000000000000000e+02,2.400000000000001854e-01,4.746672782659732803e+00,1.057405306481414148e-01,-2.974680130500792843e-02,-2.062633681726984067e-02,-6.188091404285578356e-02,-2.254985051988768821e-02,-1.481360711622983217e-01,4.921970427036285400e+00
2.410000000000000000e+02,2.410000000000001863e-01,4.746637702744160414e+00,1.057069102050545717e-01,-2.976480146137249275e-02,-2.070538585377932825e-02,-6.173668363437978535e-02,-2.268251588673020000e-02,-1.475009350106120110e-01,4.994520664215087891e+00
2.420000000000000000e+02,2.420000000000001872e-01,4.746602278198333913e+00,1.056726937438764585e-01,-2.978183479146620169e-02,-2.075501309981177267e-02,-6.158732448371861956e-02,-2.281192646108896882e-02,-1.375100198201835155e-01,4.928174540400505066e+00
2.430000000000000000e+02,2.430000000000001881e-01,4.746566527439298078e+00,1.056377426196208336e-01,-2.979783662026856336e-02,-2.077750662727113201e-02,-6.143305032202439619e-02,-2.293378392424165468e-02,-1.330179756041616201e-01,4.823307707905769348e+00
2.440000000000000000e+02,2.440000000000001890e-01,4.746530499291678140e+00,1.056022713939677032e-01,-2.981292437651350546e-02,-2.078146087538738918e-02,-6.127404389869761658e-02,-2.304858915917401552e-02,-1.296967940870672464e-01,4.789507761597633362e+00
2.450000000000000000e+02,2.450000000000001898e-01,4.746494205306918346e+00,1.055666328839835605e-01,-2.982704449781080000e-02,-2.076931520265732495e-02,-6.110954448066263645e-02,-2.315756473062850762e-02,-1.336211296729743481e-01,4.877854213118553162e+00
2.460000000000000000e+02,2.460000000000001907e-01,4.746457663258494719e+00,1.055312425803555665e-01,-2.984024071090808292e-02,-2.074254616872042364e-02,-6.093956625289531637e-02,-2.326419416276582705e-02,-1.469052168540656567e-01,4.961426168680191040e+00
2.470000000000000000e+02,2.470000000000001916e-01,4.746420889917462027e+00,1.054961570073333771e-01,-2.985250209842553806e-02,-2.070108610970790297e-02,-6.076463217616856483e-02,-2.336899840572700254e-02,-1.460901042446494102e-01,4.924736768007278442e+00
2.480000000000000000e+02,2.480000000000001925e-01,4.746383886676570185e+00,1.054615250143377536e-01,-2.986370629110495292e-02,-2.064622011825726147e-02,-6.058493869178249724e-02,-2.347388739097084828e-02,-1.240795508492738008e-01,4.960788756608963013e+00
2.490000000000000000e+02,2.490000000000001934e-01,4.746346671131679074e+00,1.054277236212043389e-01,-2.987366181002846371e-02,-2.057911233230234546e-02,-6.039968256557104453e-02,-2.358057304717517746e-02,-1.222485407342901453e-01,4.858123555779457092e+00
2.500000000000000000e+02,2.500000000000001665e-01,4.746309291403722597e+00,1.053950127051578728e-01,-2.988231408284839144e-02,-2.049649483085189128e-02,-6.020885920329432928e-02,-2.369112099256232701e-02,-1.104705203324556351e-01,4.789976745843887329e+00
2.510000000000000000e+02,2.510000000000001674e-01,4.746271720173604436e+00,1.053632244516687494e-01,-2.988962286043417987e-02,-2.039835892246235835e-02,-6.001169252791949127e-02,-2.380530096779384999e-02,-9.285825717961415648e-02,4.797632560133934021e+00
2.520000000000000000e+02,2.520000000000001683e-01,4.746233970757312903e+00,1.053322750328483659e-01,-2.989555547737184418e-02,-2.028604635127186084e-02,-5.980767499379480157e-02,-2.392205726782915820e-02,-8.396032173186540604e-02,4.836143597960472107e+00
2.530000000000000000e+02,2.530000000000001692e-01,4.746196066493810761e+00,1.053024184374556499e-01,-2.990011245333919904e-02,-2.016809343139230187e-02,-5.959703891841638956e-02,-2.404095548986456138e-02,-9.360189177095890045e-02,4.840831547975540161e+00
2.540000000000000000e+02,2.540000000000001701e-01,4.746158016376503141e+00,1.052736715524885264e-01,-2.990335887871942155e-02,-2.004698334876327953e-02,-5.938028200147504876e-02,-2.416121131795609389e-02,-9.252613224089145660e-02,4.893759116530418396e+00
2.550000000000000000e+02,2.550000000000001710e-01,4.746119813015869937e+00,1.052460655290394370e-01,-2.990511720849646504e-02,-1.992299610523610293e-02,-5.915688766163551549e-02,-2.428450214238730281e-02,-1.000860799103975296e-01,4.902819350361824036e+00
2.560000000000000000e+02,2.560000000000001719e-01,4.746081489080828497e+00,1.052197326711454273e-01,-2.990540939253051589e-02,-1.979511825157688129e-02,-5.892726371766654481e-02,-2.441295342710804103e-02,-9.180323872715234756e-02,4.847845941781997681e+00
2.570000000000000000e+02,2.570000000000001728e-01,4.746043038467734121e+00,1.051949022224302338e-01,-2.990429518840782841e-02,-1.967276473267567244e-02,-5.869189356554871395e-02,-2.454787915734547854e-02,-9.769659861922264099e-02,4.846668541431427002e+00
2.580000000000000000e+02,2.580000000000001736e-01,4.746004450601630786e+00,1.051714549636097173e-01,-2.990173301425699814e-02,-1.955784637671235254e-02,-5.845032404407235482e-02,-2.468849326153918500e-02,-9.164701774716377258e-02,4.889996618032455444e+00
2.590000000000000000e+02,2.590000000000001745e-01,4.745965702206384584e+00,1.051491550221071158e-01,-2.989773297337684071e-02,-1.945278418299592471e-02,-5.820262000732689955e-02,-2.483387248281349741e-02,-9.171719383448362350e-02,4.904254466295242310e+00
2.600000000000000000e+02,2.600000000000001754e-01,4.745926798974099192e+00,1.051279246908254361e-01,-2.989212875340912026e-02,-1.936743842650906836e-02,-5.794873572093339753e-02,-2.498354175052150059e-02,-9.828857518732547760e-02,4.944862395524978638e+00
2.610000000000000000e+02,2.610000000000001763e-01,4.745887732878501630e+00,1.051077638601535247e-01,-2.988502665707339773e-02,-1.930486558240372338e-02,-5.768915163845944605e-02,-2.513605492053184662e-02,-8.225069567561149597e-02,5.086219906806945801e+00
2.620000000000000000e+02,2.620000000000001772e-01,4.745848528431786839e+00,1.050887682696062531e-01,-2.987680729368019997e-02,-1.925310595741641997e-02,-5.742508950277835922e-02,-2.529214436935442803e-02,-8.340884745121002197e-02,5.144479244947433472e+00
2.630000000000000000e+02,2.630000000000001781e-01,4.745809221895191499e+00,1.050708659545552259e-01,-2.986749698328297967e-02,-1.921101380039626216e-02,-5.715747435962059697e-02,-2.545145637906102987e-02,-1.007019104436039925e-01,5.140641987323760986e+00
2.640000000000000000e+02,2.640000000000001790e-01,4.745769810398723365e+00,1.050541130627444808e-01,-2.985721093833136608e-02,-1.917981608304169042e-02,-5.688706249405361959e-02,-2.561343653937557183e-02,-9.056980349123477936e-02,5.139016121625900269e+00
2.650000000000000000e+02,2.650000000000001799e-01,4.745730269734748319e+00,1.050384591085126856e-01,-2.984605548601012084e-02,-1.915926963618934040e-02,-5.661418194421297123e-02,-2.577800253645883347e-02,-5.825502704828977585e-02,5.167758777737617493e+00
2.660000000000000000e+02,2.660000000000001807e-01,4.745690621795064956e+00,1.050239311212974036e-01,-2.983410565249915505e-02,-1.914895776772494729e-02,-5.633905032917807532e-02,-2.594539358091538933e-02,-5.374833336099982262e-02,5.209885776042938232e+00
2.670000000000000000e+02,2.670000000000001816e-01,4.745650924180729646e+00,1.050105854256400129e-01,-2.982146781723598802e-02,-1.914649955447403004e-02,-5.606212529498022512e-02,-2.611585290057603578e-02,-4.746134858578443527e-02,5.313034132122993469e+00
2.680000000000000000e+02,2.680000000000001825e-01,4.745611197668527126e+00,1.049985340156230212e-01,-2.980829145889470760e-02,-1.915166301684785924e-02,-5.578415045130391547e-02,-2.628953724151894891e-02,-2.056145435199141502e-02,5.393737077713012695e+00
2.690000000000000000e+02,2.690000000000001834e-01,4.745571490214607557e+00,1.049878441665675066e-01,-2.979452421590944589e-02,-1.915585294268169411e-02,-5.550542531353541698e-02,-2.646841529046623995e-02,-2.579258894547820091e-02,5.340454101562500000e+00
2.700000000000000000e+02,2.700000000000001843e-01,4.745531837192981328e+00,1.049785224239336567e-01,-2.978041277209394003e-02,-1.915094151200786438e-02,-5.522703394744876704e-02,-2.665185998464734279e-02,-3.669313900172710419e-02,5.329148799180984497e+00
2.710000000000000000e+02,2.710000000000001852e-01,4.745492222181524333e+00,1.049705685389761972e-01,-2.976595379356981874e-02,-1.913061730694814999e-02,-5.494849376574895139e-02,-2.684069607452505696e-02,-4.886274132877588272e-02,5.316484153270721436e+00
2.720000000000000000e+02,2.720000000000001861e-01,4.745452618307151482e+00,1.049639253486801815e-01,-2.975105760243275388e-02,-1.909020071742364641e-02,-5.466932129381940619e-02,-2.703453583946551983e-02,-4.428416211158037186e-02,5.345201224088668823e+00
2.730000000000000000e+02,2.730000000000001870e-01,4.745413004635662624e+00,1.049584791788548827e-01,-2.973585369039785653e-02,-1.901652259090216845e-02,-5.438954660136174901e-02,-2.723370499765522673e-02,-7.630095072090625763e-02,5.279321178793907166e+00
2.740000000000000000e+02,2.740000000000001878e-01,4.745373371014932395e+00,1.049542017246978404e-01,-2.972000429050331710e-02,-1.890864502288531340e-02,-5.410822166872186756e-02,-2.743896968706230344e-02,-6.565991416573524475e-02,5.185428246855735779e+00
2.750000000000000000e+02,2.750000000000001887e-01,4.745333621567980664e+00,1.049508517341914415e-01,-2.970343353865112848e-02,-1.876938430993235069e-02,-5.382471408461908524e-02,-2.764753386036800098e-02,-7.608289550989866257e-02,5.156382724642753601e+00
2.760000000000000000e+02,2.760000000000001896e-01,4.745293728607058448e+00,1.049481983659101836e-01,-2.968608588283669011e-02,-1.859775145539604296e-02,-5.353820121256336328e-02,-2.785808106392581585e-02,-7.500331976916640997e-02,5.123685583472251892e+00
2.770000000000000000e+02,2.770000000000001905e-01,4.745253625144042253e+00,1.049460841804373684e-01,-2.966766600596420361e-02,-1.839748386560271370e-02,-5.324758995338330081e-02,-2.806860449295210669e-02,-7.754593295976519585e-02,5.102433323860168457e+00
2.780000000000000000e+02,2.780000000000001914e-01,4.745213308415320519e+00,1.049445229745284841e-01,-2.964808416495067281e-02,-1.816664364133960263e-02,-5.295232133849281375e-02,-2.827892547388424077e-02,-9.979412006214261055e-02,5.091481283307075500e+00
2.790000000000000000e+02,2.790000000000001923e-01,4.745172758383181311e+00,1.049434845628807039e-01,-2.962734139476414993e-02,-1.790861227142160478e-02,-5.265233249164502638e-02,-2.848758693506215495e-02,-9.685557871125638485e-02,4.970427870750427246e+00
2.800000000000000000e+02,2.800000000000001932e-01,4.745131932311527301e+00,1.049430765277809818e-01,-2.960533231057346434e-02,-1.762483531986194091e-02,-5.234725130865736098e-02,-2.869492523048688959e-02,-9.735025465488433838e-02,5.034304030239582062e+00
2.810000000000000000e+02,2.810000000000001941e-01,4.745090801211874876e+00,1.049431543587227844e-01,-2.958195093496625988e-02,-1.731833318611862918e-02,-5.203604652231041960e-02,-2.890015428470727940e-02,-1.258481719123665243e-01,5.074010968208312988e+00
2.820000000000000000e+02,2.820000000000001950e-01,4.745049330538842369e+00,1.049434956164010252e-01,-2.955713251013110388e-02,-1.698386666621712685e-02,-5.171875739319831133e-02,-2.910161500177634378e-02,-1.291313398978672922e-01,5.108521983027458191e+00
2.830000000000000000e+02,2.830000000000001958e-01,4.745007472153960570e+00,1.049439488170053059e-01,-2.953093548435110904e-02,-1.663121331521271243e-02,-5.139604432557720592e-02,-2.929683563694715151e-02,-1.121535743586719036e-01,5.102151453495025635e+00
2.840000000000000000e+02,2.840000000000001967e-01,4.744965200512094583e+00,1.049445418821617071e-01,-2.950355603858177342e-02,-1.626362735457561465e-02,-5.106882796603207098e-02,-2.948440616013224547e-02,-1.429299695882946253e-01,5.092023700475692749e+00
2.850000000000000000e+02,2.850000000000001976e-01,4.744922534915353651e+00,1.049453036348317742e-01,-2.947491615517184443e-02,-1.588269050695632900e-02,-5.073684360416508277e-02,-2.966326180342278990e-02,-1.600488049443811178e-01,5.115947723388671875e+00
2.860000000000000000e+02,2.860000000000001985e-01,4.744879432028192845e+00,1.049463106830318265e-01,-2.944508834052511279e-02,-1.549622215492861554e-02,-5.040047983208939542e-02,-2.983383506411765168e-02,-1.721420767717063427e-01,5.088637471199035645e+00
2.870000000000000000e+02,2.870000000000001994e-01,4.744835886220746701e+00,1.049476738933726172e-01,-2.941409686670890672e-02,-1.511063889345237374e-02,-5.006014909385214651e-02,-2.999731735127322482e-02,-1.823897901922464371e-01,5.151579767465591431e+00
2.880000000000000000e+02,2.880000000000002003e-01,4.744791901637334774e+00,1.049497326875944159e-01,-2.938189235862498014e-02,-1.472554403873426940e-02,-4.971554835738234424e-02,-3.015617184011327653e-02,-1.783046731725335121e-01,5.212536364793777466e+00
2.890000000000000000e+02,2.890000000000002012e-01,4.744747454285981547e+00,1.049524969721260387e-01,-2.934849131455505994e-02,-1.434331987553725922e-02,-4.936718591664512878e-02,-3.031027788094342590e-02,-1.827874062582850456e-01,5.310521021485328674e+00
2.900000000000000000e+02,2.900000000000002021e-01,4.744702556429841067e+00,1.049560792230463807e-01,-2.931404924270975335e-02,-1.397263910444650724e-02,-4.901615716019280811e-02,-3.045891963976785077e-02,-1.689021002384833992e-01,5.299159243702888489e+00
2.910000000000000000e+02,2.910000000000002029e-01,4.744657206713763564e+00,1.049604360310931322e-01,-2.927863645174273721e-02,-1.361093143787232493e-02,-4.866323672356287489e-02,-3.060133212805673034e-02,-1.703890855424106121e-01,5.398206308484077454e+00
2.920000000000000000e+02,2.920000000000002038e-01,4.744611435734155336e+00,1.049656969401876472e-01,-2.924234831917363331e-02,-1.325442476533627602e-02,-4.830858159908313354e-02,-3.073817278949571991e-02,-1.781485993415117264e-01,5.443538591265678406e+00
2.930000000000000000e+02,2.930000000000002047e-01,4.744565273383090087e+00,1.049721506759773437e-01,-2.920514208570020379e-02,-1.290500928436938248e-02,-4.795273185941661964e-02,-3.087099316561189855e-02,-1.846380048664286733e-01,5.542541563510894775e+00
2.940000000000000000e+02,2.940000000000002056e-01,4.744518717708561262e+00,1.049799697483818905e-01,-2.916699629303892705e-02,-1.256266383005047275e-02,-4.759592680884328075e-02,-3.100143325431861663e-02,-2.143554689828306437e-01,5.589853078126907349e+00
2.950000000000000000e+02,2.950000000000002065e-01,4.744471788401245504e+00,1.049894327755505757e-01,-2.912779241789862500e-02,-1.223209015342709323e-02,-4.723852762831315388e-02,-3.113110148793014204e-02,-2.082777678151614964e-01,5.548435300588607788e+00
2.960000000000000000e+02,2.960000000000002074e-01,4.744424454994644158e+00,1.050006103379001465e-01,-2.908758763636285979e-02,-1.191669964514323332e-02,-4.688111818453277735e-02,-3.126079472511560792e-02,-2.027807060512714088e-01,5.497256785631179810e+00
2.970000000000000000e+02,2.970000000000002083e-01,4.744376753798261070e+00,1.050135844621185449e-01,-2.904644656439970760e-02,-1.162231928792499536e-02,-4.652380780249210090e-02,-3.139118688481759567e-02,-2.007105448283255100e-01,5.505262583494186401e+00
2.980000000000000000e+02,2.980000000000002092e-01,4.744328701608245602e+00,1.050285213267229956e-01,-2.900442577313143075e-02,-1.135737787840794717e-02,-4.616667141913111116e-02,-3.152364056818240945e-02,-2.257192019023932517e-01,5.532773703336715698e+00
2.990000000000000000e+02,2.990000000000002101e-01,4.744280295407880210e+00,1.050453763178910982e-01,-2.896151923065542338e-02,-1.112143312524856674e-02,-4.580971853778770253e-02,-3.165765175370158918e-02,-2.116917704115621746e-01,5.568338811397552490e+00
3.000000000000000000e+02,3.000000000000002109e-01,4.744231535411523204e+00,1.050642622833532769e-01,-2.891800827467026769e-02,-1.091218090978879167e-02,-4.545399604702482499e-02,-3.179415665324530210e-02,-2.221908292267471552e-01,5.598534271121025085e+00
3.010000000000000000e+02,3.010000000000002118e-01,4.744182462957433621e+00,1.050852636939533791e-01,-2.887398989121261333e-02,-1.072237300739926208e-02,-4.509986983533487148e-02,-3.193394702686622177e-02,-2.006905097514390945e-01,5.535728648304939270e+00
3.020000000000000000e+02,3.020000000000002127e-01,4.744133075693791390e+00,1.051083832285710506e-01,-2.882957024963400672e-02,-1.053607192920438286e-02,-4.474749405625177978e-02,-3.207721627776390777e-02,-2.001315681263804436e-01,5.607022926211357117e+00
3.030000000000000000e+02,3.030000000000002136e-01,4.744083429739957225e+00,1.051337381837779972e-01,-2.878468667943883535e-02,-1.035004200872165735e-02,-4.439620929563981022e-02,-3.222528656121441404e-02,-1.872855685651302338e-01,5.576344951987266541e+00
3.040000000000000000e+02,3.040000000000002145e-01,4.744033534144779019e+00,1.051612216913289100e-01,-2.873952874726171808e-02,-1.015132118356203324e-02,-4.404677448314919808e-02,-3.237760784336296549e-02,-1.817994364537298679e-01,5.599727421998977661e+00
3.050000000000000000e+02,3.050000000000002154e-01,4.743983412312299919e+00,1.051909267132233733e-01,-2.869405742906827594e-02,-9.934233496946630326e-03,-4.369875214921847828e-02,-3.253538436240994286e-02,-1.833836846053600311e-01,5.483711078763008118e+00
3.060000000000000000e+02,3.060000000000002163e-01,4.743933073917170340e+00,1.052226784236105217e-01,-2.864836951634916126e-02,-9.690416889546943358e-03,-4.335240736930168204e-02,-3.269772845502871145e-02,-1.699049919843673706e-01,5.405280262231826782e+00
3.070000000000000000e+02,3.070000000000002172e-01,4.743882500619681863e+00,1.052563593942746345e-01,-2.860234126486653136e-02,-9.427835737961010737e-03,-4.300679014752817331e-02,-3.286336608912020230e-02,-1.635897438973188400e-01,5.337284043431282043e+00
3.080000000000000000e+02,3.080000000000002180e-01,4.743831706921755931e+00,1.052917700726964112e-01,-2.855595147077598719e-02,-9.146403232088302568e-03,-4.266134379270281052e-02,-3.303168709316755408e-02,-1.738037811592221260e-01,5.369006320834159851e+00
3.090000000000000000e+02,3.090000000000002189e-01,4.743780685317720014e+00,1.053289015359997610e-01,-2.850904167659713134e-02,-8.853459402623898786e-03,-4.231529233682707059e-02,-3.320262278453468829e-02,-1.542460073251277208e-01,5.352174192667007446e+00
3.100000000000000000e+02,3.100000000000002198e-01,4.743729390278955904e+00,1.053674487396239479e-01,-2.846153356428146597e-02,-8.554836149510429769e-03,-4.196869376698653120e-02,-3.337371959581844627e-02,-1.607622536830604076e-01,5.374973043799400330e+00
3.110000000000000000e+02,3.110000000000002207e-01,4.743677839708735355e+00,1.054073567596234273e-01,-2.841344347027367073e-02,-8.256139580724642865e-03,-4.162161852910739590e-02,-3.354412857393077735e-02,-1.449548741802573204e-01,5.327601581811904907e+00
3.120000000000000000e+02,3.120000000000002216e-01,4.743626055116505924e+00,1.054486791099463472e-01,-2.836470565897373716e-02,-7.955913141303861194e-03,-4.127397269208121777e-02,-3.371461171621702863e-02,-1.537314278539270163e-01,5.297505587339401245e+00
3.130000000000000000e+02,3.130000000000002225e-01,4.743574068707275160e+00,1.054915647852421451e-01,-2.831539147521387745e-02,-7.655843792181709836e-03,-4.092573759495854446e-02,-3.388656575795313125e-02,-1.420298800803720951e-01,5.323557734489440918e+00
3.140000000000000000e+02,3.140000000000002234e-01,4.743521846272260589e+00,1.055359250580022584e-01,-2.826550559660584439e-02,-7.352182912730143710e-03,-4.057665265949728095e-02,-3.405938310209319364e-02,-1.546010202146135271e-01,5.317160829901695251e+00
3.150000000000000000e+02,3.150000000000002243e-01,4.743469407734605348e+00,1.055814424877006968e-01,-2.821500963847279123e-02,-7.043793571737016687e-03,-4.022672392381543283e-02,-3.423147152431632589e-02,-1.619457658380270004e-01,5.304888814687728882e+00
3.160000000000000000e+02,3.160000000000002252e-01,4.743416725611515616e+00,1.056282559115957059e-01,-2.816384723707131624e-02,-6.730611193090155903e-03,-3.987573002220456964e-02,-3.440381778398143853e-02,-1.607795347226783633e-01,5.256503537297248840e+00
3.170000000000000000e+02,3.170000000000002260e-01,4.743363790373650524e+00,1.056764548725574321e-01,-2.811196664090418601e-02,-6.418291575123816206e-03,-3.952355487348935270e-02,-3.457649592671240002e-02,-1.563896755687892437e-01,5.282282084226608276e+00
3.180000000000000000e+02,3.180000000000002269e-01,4.743310611256767118e+00,1.057260397706208527e-01,-2.805938044808813786e-02,-6.108056708876132002e-03,-3.916996998109811834e-02,-3.475041946364472445e-02,-1.620769094442948699e-01,5.308687388896942139e+00
3.190000000000000000e+02,3.190000000000002278e-01,4.743257218645651641e+00,1.057769990508124203e-01,-2.800631247661767784e-02,-5.806225024859121633e-03,-3.881600887775826791e-02,-3.492605306984498253e-02,-1.420264556945767254e-01,5.233447283506393433e+00
3.200000000000000000e+02,3.200000000000002287e-01,4.743203631986432356e+00,1.058293260756836274e-01,-2.795269211821741970e-02,-5.516835868663392400e-03,-3.846170856258157578e-02,-3.510412583197583536e-02,-1.388967995299026370e-01,5.214582353830337524e+00
3.210000000000000000e+02,3.210000000000002296e-01,4.743149902552382002e+00,1.058828027431360230e-01,-2.789853076971919241e-02,-5.240465799835662686e-03,-3.810665134996371606e-02,-3.528494519366707355e-02,-1.325295921415090561e-01,5.198058038949966431e+00
3.220000000000000000e+02,3.220000000000002305e-01,4.743096031365841903e+00,1.059374303106389581e-01,-2.784381965571274334e-02,-4.983060642618468081e-03,-3.775081668012392200e-02,-3.546903227871910091e-02,-1.509647937491536140e-01,5.196917876601219177e+00
3.230000000000000000e+02,3.230000000000002314e-01,4.743042039130491716e+00,1.059931745886550231e-01,-2.778863520380005572e-02,-4.743023873968285620e-03,-3.739430727518477937e-02,-3.565596006125477946e-02,-1.438764613121747971e-01,5.232428207993507385e+00
3.240000000000000000e+02,3.240000000000002323e-01,4.742987890013082186e+00,1.060499325304870982e-01,-2.773311476563866673e-02,-4.512788142690786486e-03,-3.703739520645221717e-02,-3.584573782937074821e-02,-1.169314198195934296e-01,5.282309755682945251e+00
3.250000000000000000e+02,3.250000000000002331e-01,4.742933591293486906e+00,1.061076538615510212e-01,-2.767726791225424629e-02,-4.292563998380079238e-03,-3.668033164187223250e-02,-3.603805373901344117e-02,-1.244145150703843683e-01,5.228793472051620483e+00
3.260000000000000000e+02,3.260000000000002340e-01,4.742879205931887832e+00,1.061664592653550343e-01,-2.762103133651453574e-02,-4.082494117212794038e-03,-3.632322032004320356e-02,-3.623333119124703960e-02,-1.266837720759212971e-01,5.253308430314064026e+00
3.270000000000000000e+02,3.270000000000002349e-01,4.742824735482868093e+00,1.062262812952445151e-01,-2.756436387952815661e-02,-3.879288161584986544e-03,-3.596552327552826611e-02,-3.643228873279960589e-02,-1.301420326344668865e-01,5.248574599623680115e+00
3.280000000000000000e+02,3.280000000000002358e-01,4.742770159670770980e+00,1.062869972580473138e-01,-2.750715074620921005e-02,-3.689614087550040916e-03,-3.560715783572532267e-02,-3.663468301956522566e-02,-1.170239341445267200e-01,5.257793664932250977e+00
3.290000000000000000e+02,3.290000000000002367e-01,4.742715469442590148e+00,1.063486371113943479e-01,-2.744937048876921332e-02,-3.509667915034261204e-03,-3.524793906692891277e-02,-3.684091975192030355e-02,-1.365555627271533012e-01,5.335149496793746948e+00
3.300000000000000000e+02,3.300000000000002376e-01,4.742660671344942180e+00,1.064110823453545962e-01,-2.739118868073666530e-02,-3.342898667666221318e-03,-3.488853109433853739e-02,-3.704912289248794843e-02,-1.461179866455495358e-01,5.390423178672790527e+00
3.310000000000000000e+02,3.310000000000002385e-01,4.742605737810251298e+00,1.064744559313076239e-01,-2.733272114866551472e-02,-3.194229307138616442e-03,-3.452990221897778156e-02,-3.725957696931257723e-02,-1.443378012627363205e-01,5.486282914876937866e+00
3.320000000000000000e+02,3.320000000000002394e-01,4.742550650230835885e+00,1.065387582626364377e-01,-2.727402183120824358e-02,-3.059080950856343795e-03,-3.417247128790013022e-02,-3.747269307466225691e-02,-1.329030017368495464e-01,5.584964126348495483e+00
3.330000000000000000e+02,3.330000000000002403e-01,4.742495405694604926e+00,1.066037660924650105e-01,-2.721515163804697976e-02,-2.936139940230536594e-03,-3.381700161128997628e-02,-3.768752150638682297e-02,-1.222990807145833969e-01,5.599299222230911255e+00
3.340000000000000000e+02,3.340000000000002411e-01,4.742440017727703960e+00,1.066691464479451734e-01,-2.715623800645110622e-02,-2.812099496693233613e-03,-3.346423416860866418e-02,-3.790305895289956817e-02,-1.149750198237597942e-01,5.758611172437667847e+00
3.350000000000000000e+02,3.350000000000002420e-01,4.742384493781361954e+00,1.067347760633258619e-01,-2.709742480487541474e-02,-2.681738070240396316e-03,-3.311461076975819040e-02,-3.811800087340007359e-02,-1.209323499351739883e-01,5.745747625827789307e+00
3.360000000000000000e+02,3.360000000000002429e-01,4.742328886290073875e+00,1.068007649405547099e-01,-2.703901186261829792e-02,-2.531006447308928320e-03,-3.276980718041810903e-02,-3.833283057527038518e-02,-1.277499699499458075e-01,5.818038314580917358e+00
3.370000000000000000e+02,3.370000000000002438e-01,4.742273192054610398e+00,1.068671938924363046e-01,-2.698109193053533500e-02,-2.348833781675493254e-03,-3.242981560901236904e-02,-3.854837185533847854e-02,-1.439072702778503299e-01,5.823813170194625854e+00
3.380000000000000000e+02,3.380000000000002447e-01,4.742217386547147306e+00,1.069338922917927731e-01,-2.692369209033453753e-02,-2.125558875748102122e-03,-3.209497157865048855e-02,-3.876430839546275708e-02,-1.233210954815149307e-01,5.734833210706710815e+00
3.390000000000000000e+02,3.390000000000002456e-01,4.742161432345977978e+00,1.070007240369696827e-01,-2.686672066488536570e-02,-1.848541970596570549e-03,-3.176474885334323872e-02,-3.898023707900093171e-02,-1.097222126263659447e-01,5.660430222749710083e+00
3.400000000000000000e+02,3.400000000000002465e-01,4.742105366668883271e+00,1.070675311564221882e-01,-2.681021306656482597e-02,-1.513994715681560299e-03,-3.143863679322178584e-02,-3.919620467997817631e-02,-9.987160051241517067e-02,5.607841432094573975e+00
3.410000000000000000e+02,3.410000000000002474e-01,4.742049195892052538e+00,1.071342739084273077e-01,-2.675406989829915566e-02,-1.118058824301989412e-03,-3.111577270209164858e-02,-3.941226234731602662e-02,-9.795037028379738331e-02,5.560871273279190063e+00
3.420000000000000000e+02,3.420000000000002482e-01,4.741992904072710679e+00,1.072006632987919927e-01,-2.669812504499091688e-02,-6.644336522744903606e-04,-3.079537114557595601e-02,-3.962673102232509847e-02,-7.880126312375068665e-02,5.506022959947586060e+00
3.430000000000000000e+02,3.430000000000002491e-01,4.741936491357577665e+00,1.072668459433838289e-01,-2.664223768236024734e-02,-1.553260084263159702e-04,-3.047673730369648837e-02,-3.984010398428480815e-02,-7.077343366108834743e-02,5.516441062092781067e+00
3.440000000000000000e+02,3.440000000000002500e-01,4.741879977718576278e+00,1.073323848625169913e-01,-2.658641829580019045e-02,4.106794314585326955e-04,-3.015954494279493581e-02,-4.005173254732115329e-02,-6.609365157783031464e-02,5.483619168400764465e+00
3.450000000000000000e+02,3.450000000000002509e-01,4.741823382680700583e+00,1.073972622921791215e-01,-2.653039169258305380e-02,1.038956573174501519e-03,-2.984286315510975562e-02,-4.026205291694737870e-02,-4.528377344831824303e-02,5.441603422164916992e+00
3.460000000000000000e+02,3.460000000000002518e-01,4.741766690628086423e+00,1.074613171183637500e-01,-2.647397173574201137e-02,1.729760093308895658e-03,-2.952588748042428435e-02,-4.047102769418746415e-02,-1.857050647959113121e-02,5.450133666396141052e+00
3.470000000000000000e+02,3.470000000000002527e-01,4.741709909653173405e+00,1.075243315511643927e-01,-2.641717744425038303e-02,2.475337051127932814e-03,-2.920859116516960619e-02,-4.067770138706960914e-02,-1.700064772740006447e-02,5.392705813050270081e+00
3.480000000000000000e+02,3.480000000000002536e-01,4.741653068530399473e+00,1.075861481915270507e-01,-2.636003780031379029e-02,3.271700464865780200e-03,-2.889121829952756570e-02,-4.088050097378814751e-02,1.909350557252764702e-02,5.482404887676239014e+00
3.490000000000000000e+02,3.490000000000002545e-01,4.741596155749339125e+00,1.076467827580875475e-01,-2.630248224839972643e-02,4.115386318022218326e-03,-2.857326819950434249e-02,-4.107885300760719116e-02,3.419464192120358348e-02,5.408741652965545654e+00
3.500000000000000000e+02,3.500000000000002554e-01,4.741539248514994753e+00,1.077062557094598944e-01,-2.624462004688873570e-02,4.999696124728159746e-03,-2.825581322023218434e-02,-4.127282865160405989e-02,4.171046474948525429e-02,5.382557123899459839e+00
3.510000000000000000e+02,3.510000000000002562e-01,4.741482384460272037e+00,1.077645385312782367e-01,-2.618651084355862191e-02,5.925508593751505765e-03,-2.793858671315962994e-02,-4.146337934593519181e-02,2.889187447726726532e-02,5.428798466920852661e+00
3.520000000000000000e+02,3.520000000000002571e-01,4.741425597188627883e+00,1.078215910458107107e-01,-2.612804698178581436e-02,6.890785004771284028e-03,-2.762113802136512142e-02,-4.165040550285200455e-02,2.473467332310974598e-02,5.426719278097152710e+00
3.530000000000000000e+02,3.530000000000002580e-01,4.741368899934636616e+00,1.078773562716618117e-01,-2.606917158123434053e-02,7.889647986734495827e-03,-2.730370817027139019e-02,-4.183364608980100208e-02,2.483887851121835411e-02,5.427920520305633545e+00
3.540000000000000000e+02,3.540000000000002589e-01,4.741312350066721137e+00,1.079319520096473223e-01,-2.600975459421563107e-02,8.923721978440747604e-03,-2.698583313599867139e-02,-4.201542055136513187e-02,2.295924723148345947e-02,5.445701435208320618e+00
3.550000000000000000e+02,3.550000000000002598e-01,4.741255929442593775e+00,1.079861202638592033e-01,-2.594977226950167734e-02,9.991988673610112393e-03,-2.666741876508060827e-02,-4.220433624353338992e-02,3.341979507968062535e-02,5.440045922994613647e+00
3.560000000000000000e+02,3.560000000000002607e-01,4.741199581047034428e+00,1.080400185938209384e-01,-2.588909097977843202e-02,1.109146183019429563e-02,-2.634816993393895856e-02,-4.240297953522960406e-02,1.870122400760010350e-02,5.483359068632125854e+00
3.570000000000000000e+02,3.570000000000002616e-01,4.741143305290320242e+00,1.080935886165902138e-01,-2.582765741642353147e-02,1.221923260432415323e-02,-2.602792816099452899e-02,-4.261057340656351777e-02,-6.250115344300866127e-03,5.492150276899337769e+00
3.580000000000000000e+02,3.580000000000002625e-01,4.741087059266284598e+00,1.081467220767107634e-01,-2.576560860532100400e-02,1.336431465685336377e-02,-2.570762500344891954e-02,-4.282513608260978683e-02,-8.996825898066163063e-03,5.428669691085815430e+00
3.590000000000000000e+02,3.590000000000002633e-01,4.741030790972007303e+00,1.081991184199608547e-01,-2.570303491151262540e-02,1.452249031641548310e-02,-2.538769057483403202e-02,-4.304374742845346741e-02,-2.120358124375343323e-02,5.385057717561721802e+00
3.600000000000000000e+02,3.600000000000002642e-01,4.740974489688603910e+00,1.082503273987137776e-01,-2.563992489011229087e-02,1.569246551579340371e-02,-2.506772408371493732e-02,-4.326384468978190789e-02,-2.931646490469574928e-02,5.365579247474670410e+00
3.610000000000000000e+02,3.610000000000002651e-01,4.740918143613377822e+00,1.083002751223205856e-01,-2.557640985699693309e-02,1.687357437714018249e-02,-2.474788047251674783e-02,-4.348548544333327021e-02,-3.717682091519236565e-02,5.329341173171997070e+00
3.620000000000000000e+02,3.620000000000002660e-01,4.740861679758557656e+00,1.083488607863500874e-01,-2.551256264425853099e-02,1.805740697671265327e-02,-2.442844045452474688e-02,-4.370693300097554246e-02,-3.169693036761600524e-02,5.342550992965698242e+00
3.630000000000000000e+02,3.630000000000002669e-01,4.740805036239527759e+00,1.083957723580687288e-01,-2.544833230112313049e-02,1.923796850732260866e-02,-2.410914985803236377e-02,-4.392475190273401053e-02,-2.711455314420163631e-02,5.287084639072418213e+00
3.640000000000000000e+02,3.640000000000002678e-01,4.740748224507739472e+00,1.084409026201192533e-01,-2.538377075437252967e-02,2.041045303666337227e-02,-2.379037368250713769e-02,-4.413752229069597965e-02,-3.938799537718296051e-02,5.266946464776992798e+00
3.650000000000000000e+02,3.650000000000002687e-01,4.740691262974974229e+00,1.084843388347080662e-01,-2.531903721189387307e-02,2.157611035369908642e-02,-2.347225331617219801e-02,-4.434588205789358889e-02,-2.901621349155902863e-02,5.248799026012420654e+00
3.660000000000000000e+02,3.660000000000002696e-01,4.740634092583581705e+00,1.085258111794208669e-01,-2.525410438403249622e-02,2.273761830605434270e-02,-2.315453370366893360e-02,-4.454782064162620542e-02,-3.251978429034352303e-02,5.223218649625778198e+00
3.670000000000000000e+02,3.670000000000002705e-01,4.740576725405174052e+00,1.085653683818867815e-01,-2.518887030201618499e-02,2.389206203829549041e-02,-2.283683504899713945e-02,-4.474290724754664134e-02,-4.067889181897044182e-02,5.246709823608398438e+00
3.680000000000000000e+02,3.680000000000002713e-01,4.740519177072006762e+00,1.086029710966231604e-01,-2.512354388221614207e-02,2.504347287843495737e-02,-2.251960497116112236e-02,-4.493059182502789906e-02,-2.330708180670626462e-02,5.235409975051879883e+00
3.690000000000000000e+02,3.690000000000002722e-01,4.740461413287198944e+00,1.086385845727357441e-01,-2.505808753583659704e-02,2.619300513504322497e-02,-2.220286353071498908e-02,-4.510996100857055796e-02,-3.396609891206026077e-02,5.310922756791114807e+00
3.700000000000000000e+02,3.700000000000002731e-01,4.740403453362180386e+00,1.086721339011183507e-01,-2.499236712898159421e-02,2.734224758673541034e-02,-2.188612582835514075e-02,-4.527870747792087092e-02,-3.607631311751902103e-02,5.355269238352775574e+00
3.710000000000000000e+02,3.710000000000002740e-01,4.740345267626333126e+00,1.087036903089666634e-01,-2.492630860528330383e-02,2.848757633587466198e-02,-2.156969988255386106e-02,-4.543721284806676031e-02,-2.672873868141323328e-02,5.321807503700256348e+00
3.720000000000000000e+02,3.720000000000002749e-01,4.740286864698161295e+00,1.087332308009625464e-01,-2.485991666300004649e-02,2.962768965209544580e-02,-2.125391061083581334e-02,-4.558603994826462835e-02,-2.843081693572457880e-02,5.255893200635910034e+00
3.730000000000000000e+02,3.730000000000002758e-01,4.740228274844202616e+00,1.087607810027000771e-01,-2.479338864661136815e-02,3.075772273471670537e-02,-2.093929675702876914e-02,-4.572534687668625142e-02,-3.938182117417454720e-02,5.331231027841567993e+00
3.740000000000000000e+02,3.740000000000002767e-01,4.740169494104200076e+00,1.087864791901561323e-01,-2.472675396311696874e-02,3.187747007625145457e-02,-2.062554594247756334e-02,-4.585574844077756895e-02,-5.050901114009320736e-02,5.347299039363861084e+00
3.750000000000000000e+02,3.750000000000002776e-01,4.740110527691518527e+00,1.088103081249640475e-01,-2.465999902278772499e-02,3.298875385418849338e-02,-2.031307018639760820e-02,-4.597698888519527460e-02,-4.482560069300234318e-02,5.389250338077545166e+00
3.760000000000000000e+02,3.760000000000002784e-01,4.740051354773719083e+00,1.088323073831472254e-01,-2.459306236023079198e-02,3.408978303514471897e-02,-2.000180171433618703e-02,-4.608955894896731020e-02,-4.516755137592554092e-02,5.444019854068756104e+00
3.770000000000000000e+02,3.770000000000002793e-01,4.739992026521379742e+00,1.088524917279000970e-01,-2.452589440137757301e-02,3.518026878492358511e-02,-1.969184557153980109e-02,-4.619381901508098909e-02,-3.797319531440734863e-02,5.505841463804244995e+00
3.780000000000000000e+02,3.780000000000002802e-01,4.739932592683695489e+00,1.088711487866628747e-01,-2.445864150397569423e-02,3.626188943539573883e-02,-1.938395259660152803e-02,-4.629222663777300684e-02,-4.926651855930685997e-02,5.524452447891235352e+00
3.790000000000000000e+02,3.790000000000002811e-01,4.739873022661808655e+00,1.088882873701448872e-01,-2.439126229329297013e-02,3.733576325525409662e-02,-1.907834771524741235e-02,-4.638481389624910661e-02,-4.315807530656456947e-02,5.501684188842773438e+00
3.800000000000000000e+02,3.800000000000002820e-01,4.739813313799976058e+00,1.089039154907448237e-01,-2.432378982617323937e-02,3.839613590860939396e-02,-1.877537304039544885e-02,-4.647090645936186037e-02,-5.082753999158740044e-02,5.577208697795867920e+00
3.810000000000000000e+02,3.810000000000002829e-01,4.739753501151945159e+00,1.089180037884905222e-01,-2.425626284347210185e-02,3.944833198286878950e-02,-1.847492859988686398e-02,-4.655036761955380631e-02,-4.006914934143424034e-02,5.559256762266159058e+00
3.820000000000000000e+02,3.820000000000002838e-01,4.739693596339596304e+00,1.089307106432306493e-01,-2.418879951768112060e-02,4.049559066111636102e-02,-1.817778314507423332e-02,-4.662467332524245639e-02,-4.790751263499259949e-02,5.571560591459274292e+00
3.830000000000000000e+02,3.830000000000002847e-01,4.739633620687250470e+00,1.089420548809424127e-01,-2.412132885794711357e-02,4.153750269626747815e-02,-1.788356062723073236e-02,-4.669511100774585699e-02,-5.337675521150231361e-02,5.629983395338058472e+00
3.840000000000000000e+02,3.840000000000002855e-01,4.739573563914087906e+00,1.089521034868422833e-01,-2.405370121236389755e-02,4.257246173162977654e-02,-1.759190615506711630e-02,-4.676124831468161935e-02,-5.901803402230143547e-02,5.583058893680572510e+00
3.850000000000000000e+02,3.850000000000002864e-01,4.739513453299534440e+00,1.089610496988324267e-01,-2.398592037776136124e-02,4.360407898352278155e-02,-1.730309886502601202e-02,-4.682429590422990118e-02,-4.721792915370315313e-02,5.595725476741790771e+00
3.860000000000000000e+02,3.860000000000002873e-01,4.739453276836268714e+00,1.089689990472390985e-01,-2.391781725203076872e-02,4.463192514659054810e-02,-1.701626937340705581e-02,-4.688551715020636279e-02,-4.689509252784773707e-02,5.593892037868499756e+00
3.870000000000000000e+02,3.870000000000002882e-01,4.739393076369916358e+00,1.089752442699255530e-01,-2.384979010640324998e-02,4.565947364059197433e-02,-1.673303205653087211e-02,-4.693557391240739396e-02,-3.287750016897916794e-02,5.630116224288940430e+00
3.880000000000000000e+02,3.880000000000002891e-01,4.739332890248362240e+00,1.089797106507790353e-01,-2.378169457438941703e-02,4.668600504155310388e-02,-1.645299900235452917e-02,-4.697298593693455954e-02,-4.792999289929866791e-02,5.621198564767837524e+00
3.890000000000000000e+02,3.890000000000002900e-01,4.739272747839743616e+00,1.089825579843417408e-01,-2.371361079439320355e-02,4.771910939000519741e-02,-1.617648620580247609e-02,-4.699998597433344832e-02,-4.110514698550105095e-02,5.640254259109497070e+00
3.900000000000000000e+02,3.900000000000002909e-01,4.739212635286909503e+00,1.089840166706898816e-01,-2.364558229187374225e-02,4.876027955964717248e-02,-1.590352314732279559e-02,-4.701842512568909366e-02,-3.825590154156088829e-02,5.685377150774002075e+00
3.910000000000000000e+02,3.910000000000002918e-01,4.739152580253374936e+00,1.089842366270720592e-01,-2.357762551826537642e-02,4.981551941613687057e-02,-1.563414357874326477e-02,-4.702981950942957540e-02,-4.558133473619818687e-02,5.733271360397338867e+00
3.920000000000000000e+02,3.920000000000002927e-01,4.739092571237130791e+00,1.089831834257000143e-01,-2.350965697369801488e-02,5.088721909247483077e-02,-1.536833727112130177e-02,-4.703415155886458976e-02,-4.941384727135300636e-02,5.738525718450546265e+00
3.930000000000000000e+02,3.930000000000002935e-01,4.739032622511925474e+00,1.089809134901703336e-01,-2.344162322313327745e-02,5.197536743833992834e-02,-1.510620149557784231e-02,-4.703231269832719441e-02,-3.280574548989534378e-02,5.687884196639060974e+00
3.940000000000000000e+02,3.940000000000002944e-01,4.738972730232038799e+00,1.089776309869574245e-01,-2.337352757405018397e-02,5.308339718135589996e-02,-1.484771348150215609e-02,-4.702523196900405128e-02,-3.876650473102927208e-03,5.704794108867645264e+00
3.950000000000000000e+02,3.950000000000002953e-01,4.738912930627854792e+00,1.089733401160747905e-01,-2.330549685115485339e-02,5.421495766993215948e-02,-1.459289134238295205e-02,-4.701337675422843920e-02,4.349547438323497772e-03,5.649492487311363220e+00
3.960000000000000000e+02,3.960000000000002962e-01,4.738853267095953115e+00,1.089681725600860906e-01,-2.323743645918778869e-02,5.536860500281694936e-02,-1.434157776879541046e-02,-4.699733333639386640e-02,8.942653308622539043e-03,5.656686887145042419e+00
3.970000000000000000e+02,3.970000000000002971e-01,4.738793744662089580e+00,1.089620432671825206e-01,-2.316946678555331998e-02,5.654886968215161458e-02,-1.409373214361631099e-02,-4.697785871376713995e-02,1.427250320557504892e-02,5.673216700553894043e+00
3.980000000000000000e+02,3.980000000000002980e-01,4.738734347419858217e+00,1.089548604333263754e-01,-2.310158062019557548e-02,5.775698606797408791e-02,-1.384937284595522122e-02,-4.695431012198465065e-02,1.282436214387416840e-02,5.713725313544273376e+00
3.990000000000000000e+02,3.990000000000002989e-01,4.738675108670237890e+00,1.089468830239006952e-01,-2.303390667776290118e-02,5.899504028427543512e-02,-1.360894262770440122e-02,-4.692842196655182263e-02,2.914565324317663908e-02,5.662227988243103027e+00
4.000000000000000000e+02,4.000000000000002998e-01,4.738615995026616012e+00,1.089380660048271665e-01,-2.296649050804685718e-02,6.026627470624979638e-02,-1.337279782920219873e-02,-4.690051572642813665e-02,1.744479022454470396e-02,5.728767305612564087e+00
4.010000000000000000e+02,4.010000000000003006e-01,4.738557050319172959e+00,1.089284645666008522e-01,-2.289925765888408890e-02,6.157181302489584535e-02,-1.314039193014138185e-02,-4.687031898102109878e-02,1.124936039559543133e-02,5.791739493608474731e+00
4.020000000000000000e+02,4.020000000000003015e-01,4.738498247832972687e+00,1.089182378335077500e-01,-2.283221568920532768e-02,6.291219557643337734e-02,-1.291213638637267458e-02,-4.683856493789467779e-02,5.994918756186962128e-03,5.792455941438674927e+00
4.030000000000000000e+02,4.030000000000003024e-01,4.738439583996685300e+00,1.089075082194496114e-01,-2.276541421000286003e-02,6.428870597704848533e-02,-1.268855238338351121e-02,-4.680617305590795835e-02,-1.141574700886849314e-02,5.792373329401016235e+00
4.040000000000000000e+02,4.040000000000003033e-01,4.738381041678927375e+00,1.088961206364417039e-01,-2.269884960891700720e-02,6.570396699444797095e-02,-1.246958993292479612e-02,-4.677334779127132608e-02,-2.099668970913626254e-02,5.796265125274658203e+00
4.050000000000000000e+02,4.050000000000003042e-01,4.738322584161969608e+00,1.088841907833429379e-01,-2.263240583175404191e-02,6.715667646065610896e-02,-1.225486884648985253e-02,-4.674037801255927910e-02,-1.759370451327413321e-02,5.809433549642562866e+00
4.060000000000000000e+02,4.060000000000003051e-01,4.738264182147529091e+00,1.088716099833912654e-01,-2.256600976545502721e-02,6.864433023992534688e-02,-1.204426486496856796e-02,-4.670620230788324889e-02,-3.544641891494393349e-03,5.834345042705535889e+00
4.070000000000000000e+02,4.070000000000003060e-01,4.738205823209266754e+00,1.088582738239782105e-01,-2.249948527299353018e-02,7.016580991719259530e-02,-1.183735053686452154e-02,-4.667013158540702505e-02,-2.483817515894770622e-02,5.804648429155349731e+00
4.080000000000000000e+02,4.080000000000003069e-01,4.738147524599567006e+00,1.088443084454569637e-01,-2.243304839486398930e-02,7.171743043229908410e-02,-1.163509693311493010e-02,-4.663194399177379712e-02,-3.430531088088173419e-02,5.769582688808441162e+00
4.090000000000000000e+02,4.090000000000003078e-01,4.738089236623449274e+00,1.088297286047373164e-01,-2.236679029578691677e-02,7.330206256048646396e-02,-1.143759706074787275e-02,-4.659176787692783511e-02,9.351233835332095623e-03,5.742298245429992676e+00
4.100000000000000000e+02,4.100000000000003086e-01,4.738030971440974959e+00,1.088147278147884173e-01,-2.230080900010378633e-02,7.491667291639961257e-02,-1.124492540985633227e-02,-4.655169812183381634e-02,1.126583851873874664e-02,5.705626010894775391e+00
4.110000000000000000e+02,4.110000000000003095e-01,4.737972788264307233e+00,1.087993376149271607e-01,-2.223499134593642443e-02,7.655517593407322463e-02,-1.105663172742410438e-02,-4.651194498878069572e-02,2.622040687128901482e-03,5.743869513273239136e+00
4.120000000000000000e+02,4.120000000000003104e-01,4.737914706836956924e+00,1.087836297585089151e-01,-2.216946498515248720e-02,7.821769166309815169e-02,-1.087293219794505106e-02,-4.647242617802832543e-02,-5.800975253805518150e-03,5.746856510639190674e+00
4.130000000000000000e+02,4.130000000000003113e-01,4.737856701805958970e+00,1.087675597879037420e-01,-2.210430250179305431e-02,7.990089611022624383e-02,-1.069437819435448134e-02,-4.643279986629427619e-02,-5.185275804251432419e-03,5.690818816423416138e+00
4.140000000000000000e+02,4.140000000000003122e-01,4.737798743493716991e+00,1.087510914331338147e-01,-2.203933718903432898e-02,8.160551655619127653e-02,-1.052042844168910030e-02,-4.639328623508120336e-02,1.960917317774146795e-03,5.787655383348464966e+00
4.150000000000000000e+02,4.150000000000003131e-01,4.737740825126277144e+00,1.087344491231448107e-01,-2.197438904741056895e-02,8.332698163525234514e-02,-1.035016689135370704e-02,-4.635516739927503238e-02,2.563123562140390277e-02,5.682329416275024414e+00
4.160000000000000000e+02,4.160000000000003140e-01,4.737682903407612223e+00,1.087172230172444160e-01,-2.190940326234426527e-02,8.506181210016788841e-02,-1.018426065519451029e-02,-4.631411745690186543e-02,1.955102360807359219e-02,5.648857414722442627e+00
4.170000000000000000e+02,4.170000000000003149e-01,4.737625037818754770e+00,1.086994978077470558e-01,-2.184493330326635341e-02,8.680558078343915407e-02,-1.002401468099667348e-02,-4.626972284410967029e-02,1.423388952389359474e-02,5.601770430803298950e+00
4.180000000000000000e+02,4.180000000000003157e-01,4.737567247017127059e+00,1.086814762258128814e-01,-2.178092742617634275e-02,8.856100940671232657e-02,-9.868933627789733265e-03,-4.622373484952530670e-02,1.332526328042149544e-02,5.584197819232940674e+00
4.190000000000000000e+02,4.190000000000003166e-01,4.737509523173209836e+00,1.086631879820307706e-01,-2.171718522368686066e-02,9.032717648606336525e-02,-9.718027416697472276e-03,-4.617728656873141407e-02,-3.043850767426192760e-03,5.514699757099151611e+00
4.200000000000000000e+02,4.200000000000003175e-01,4.737451862976086225e+00,1.086446727167266896e-01,-2.165371521349152700e-02,9.210535816114792662e-02,-9.571225151225215555e-03,-4.613051018924942820e-02,-1.741382386535406113e-02,5.530880093574523926e+00
4.210000000000000000e+02,4.210000000000003184e-01,4.737394209585787941e+00,1.086257221678713913e-01,-2.159054691315775293e-02,9.388719062673250848e-02,-9.428458707678055717e-03,-4.608133741790157445e-02,-4.124620510265231133e-02,5.605759948492050171e+00
4.220000000000000000e+02,4.220000000000003193e-01,4.737336540943263508e+00,1.086065200884629295e-01,-2.152759524716913245e-02,9.566597724789493995e-02,-9.289594009830759447e-03,-4.603113618485379921e-02,-5.862892442382872105e-02,5.635050833225250244e+00
4.230000000000000000e+02,4.230000000000003202e-01,4.737278844665667954e+00,1.085872959548951078e-01,-2.146475520105448065e-02,9.744243635524049707e-02,-9.154645799655414251e-03,-4.598197142662385078e-02,-4.755858355201780796e-02,5.626565068960189819e+00
4.240000000000000000e+02,4.240000000000003211e-01,4.737221086349967081e+00,1.085678719665226083e-01,-2.140206289609064214e-02,9.921882029380206525e-02,-9.023906585641894296e-03,-4.593288361909407536e-02,-4.407477751374244690e-02,5.586110711097717285e+00
4.250000000000000000e+02,4.250000000000003220e-01,4.737163262693223409e+00,1.085480641104916710e-01,-2.133969209513842183e-02,1.009967411719769059e-01,-8.897871264785361944e-03,-4.588340151450712168e-02,-4.140974534675478935e-02,5.582006067037582397e+00
4.260000000000000000e+02,4.260000000000003229e-01,4.737105365791054901e+00,1.085279095022383816e-01,-2.127772671551334677e-02,1.027633075961447984e-01,-8.776728555773383178e-03,-4.583298151575146417e-02,-2.336003445088863373e-02,5.578762799501419067e+00
4.270000000000000000e+02,4.270000000000003237e-01,4.737047417773717406e+00,1.085075193832387430e-01,-2.121613199638789499e-02,1.045151160977111082e-01,-8.660371968437940993e-03,-4.578206903394248933e-02,-2.813408849760890007e-02,5.556887447834014893e+00
4.280000000000000000e+02,4.280000000000003246e-01,4.736989454783534725e+00,1.084867675173846607e-01,-2.115485500497693572e-02,1.062511147341626966e-01,-8.548669817051379738e-03,-4.572987569339052871e-02,-2.138324640691280365e-02,5.545924395322799683e+00
4.290000000000000000e+02,4.290000000000003255e-01,4.736931449703588370e+00,1.084656746098347502e-01,-2.109379643162979587e-02,1.079687407848714253e-01,-8.441142048777328100e-03,-4.567711155964098574e-02,-3.435546625405550003e-02,5.562786757946014404e+00
4.300000000000000000e+02,4.300000000000003264e-01,4.736873422835249592e+00,1.084443944370113710e-01,-2.103274633965030935e-02,1.096665303062767521e-01,-8.337012926479259178e-03,-4.562445377943359637e-02,-4.439123300835490227e-02,5.605685442686080933e+00
4.310000000000000000e+02,4.310000000000003273e-01,4.736815368375985713e+00,1.084230462343656332e-01,-2.097165853192596921e-02,1.113395364220747807e-01,-8.236210667065479996e-03,-4.557275976762909658e-02,-5.037021334283053875e-02,5.567431211471557617e+00
4.320000000000000000e+02,4.320000000000003282e-01,4.736757251410695702e+00,1.084016412951643721e-01,-2.091068970418503287e-02,1.129885528674778733e-01,-8.139483928649937639e-03,-4.552164604746035403e-02,-6.105933850631117821e-02,5.544242441654205322e+00
4.330000000000000000e+02,4.330000000000003291e-01,4.736699042092486600e+00,1.083799887434879067e-01,-2.084980803925066614e-02,1.146121592210316842e-01,-8.046596036028086374e-03,-4.546974954396031804e-02,-2.856946317479014397e-02,5.514586418867111206e+00
4.340000000000000000e+02,4.340000000000003300e-01,4.736640694896077974e+00,1.083579829451146864e-01,-2.078912809575409262e-02,1.162124102240317813e-01,-7.957760869782726232e-03,-4.541610460504325042e-02,-3.127546608448028564e-02,5.511643201112747192e+00
4.350000000000000000e+02,4.350000000000003308e-01,4.736582269599087347e+00,1.083356097314489702e-01,-2.072861185141122373e-02,1.177922644339361724e-01,-7.872671012548293490e-03,-4.536053009687198573e-02,-2.680017706006765366e-02,5.488873988389968872e+00
4.360000000000000000e+02,4.360000000000003317e-01,4.736523748015667223e+00,1.083128351628081104e-01,-2.066825719080204668e-02,1.193510940451318475e-01,-7.791329206120467532e-03,-4.530233303699195135e-02,-3.649338753893971443e-02,5.435404509305953979e+00
4.370000000000000000e+02,4.370000000000003326e-01,4.736465120648283289e+00,1.082894552196324578e-01,-2.060800227923059724e-02,1.208850943673329681e-01,-7.713590092428335154e-03,-4.523961551810271736e-02,-3.056465601548552513e-02,5.466534376144409180e+00
4.380000000000000000e+02,4.380000000000003335e-01,4.736406394463078762e+00,1.082654935882057107e-01,-2.054797220371569824e-02,1.223803607279475014e-01,-7.639734891169203124e-03,-4.517170638372845076e-02,-3.005500033032149076e-02,5.458637773990631104e+00
4.390000000000000000e+02,4.390000000000003344e-01,4.736347549583795669e+00,1.082409883756117186e-01,-2.048827151234782623e-02,1.238375937188728459e-01,-7.570358496649776114e-03,-4.509804358867652851e-02,-4.556251320173032582e-02,5.437939167022705078e+00
4.400000000000000000e+02,4.400000000000003353e-01,4.736288577496583940e+00,1.082160498886956951e-01,-2.042907732385063763e-02,1.252593078922354108e-01,-7.505975519761731718e-03,-4.501898280499664479e-02,-2.386241860222071409e-02,5.386904954910278320e+00
4.410000000000000000e+02,4.410000000000003362e-01,4.736229458687593485e+00,1.081907497302250359e-01,-2.037032515719687520e-02,1.266475077749259215e-01,-7.446160356041398032e-03,-4.493498749226210176e-02,-2.178052393719553947e-02,5.446372210979461670e+00
4.420000000000000000e+02,4.420000000000003371e-01,4.736170254282400016e+00,1.081651213016765478e-01,-2.031227528517145012e-02,1.280041834298559222e-01,-7.391432530182928673e-03,-4.484625138236034148e-02,-3.172400224138982594e-02,5.429717123508453369e+00
4.430000000000000000e+02,4.430000000000003380e-01,4.736110966309095005e+00,1.081392512914866044e-01,-2.025481009815007644e-02,1.293303102073823374e-01,-7.341750925794920946e-03,-4.475295108450193238e-02,-2.920171679579652846e-02,5.414032965898513794e+00
4.440000000000000000e+02,4.440000000000003388e-01,4.736051581642016117e+00,1.081132973140296882e-01,-2.019784771168189538e-02,1.306234261264278551e-01,-7.296671175258673259e-03,-4.465582532373547214e-02,-3.007476404309272766e-02,5.387158006429672241e+00
4.450000000000000000e+02,4.450000000000003397e-01,4.735992124450246088e+00,1.080873668925878828e-01,-2.014133361024646532e-02,1.318860021537890670e-01,-7.255805768037637549e-03,-4.455595735234612470e-02,-4.778911868925206363e-02,5.428708851337432861e+00
4.460000000000000000e+02,4.460000000000003406e-01,4.735932598699261753e+00,1.080614373456992849e-01,-2.008533738637521479e-02,1.331241582160030967e-01,-7.219178073174958854e-03,-4.445324199619966887e-02,-5.487242480739951134e-02,5.396002650260925293e+00
4.470000000000000000e+02,4.470000000000003415e-01,4.735872964346805603e+00,1.080353959394756980e-01,-2.002998671708498477e-02,1.343369338536726521e-01,-7.187441549768136539e-03,-4.434726819938047959e-02,-4.757671523839235306e-02,5.405237376689910889e+00
4.480000000000000000e+02,4.480000000000003424e-01,4.735813224574958014e+00,1.080094997966001835e-01,-1.997518354358392145e-02,1.355259149381080330e-01,-7.159927130444110333e-03,-4.424011503587912258e-02,-3.122339118272066116e-02,5.332219064235687256e+00
4.490000000000000000e+02,4.490000000000003433e-01,4.735753389826212079e+00,1.079838449888519958e-01,-1.992080026075951013e-02,1.366915077680654622e-01,-7.136358859748614947e-03,-4.413152092829186746e-02,-2.925775153562426567e-02,5.333509206771850586e+00
4.500000000000000000e+02,4.500000000000003442e-01,4.735693476240903088e+00,1.079583399563612822e-01,-1.986683109463622740e-02,1.378426200339789021e-01,-7.116101523826134923e-03,-4.402223713162095597e-02,-2.686013234779238701e-02,5.353168994188308716e+00
4.510000000000000000e+02,4.510000000000003451e-01,4.735633490388797995e+00,1.079327142756649482e-01,-1.981338352161389135e-02,1.389804135637400517e-01,-7.099555256593115260e-03,-4.391096115352002144e-02,-2.448245277628302574e-02,5.330092489719390869e+00
4.520000000000000000e+02,4.520000000000003459e-01,4.735573474231163260e+00,1.079072732961977588e-01,-1.976062030677920578e-02,1.401050169614925789e-01,-7.087333283434249509e-03,-4.379818976058753172e-02,-5.164946429431438446e-03,5.305226564407348633e+00
4.530000000000000000e+02,4.530000000000003468e-01,4.735513456056493098e+00,1.078820518299307835e-01,-1.970848826740602064e-02,1.412210271123759409e-01,-7.079070541154530716e-03,-4.368420544315300413e-02,-1.183554250746965408e-02,5.252139359712600708e+00
4.540000000000000000e+02,4.540000000000003477e-01,4.735453509343970246e+00,1.078574041714396026e-01,-1.965689785180106675e-02,1.423252539322834020e-01,-7.074165676476784625e-03,-4.357179144423856815e-02,-1.158015383407473564e-02,5.241964548826217651e+00
4.550000000000000000e+02,4.550000000000003486e-01,4.735393620202620113e+00,1.078332963494095936e-01,-1.960580821122972356e-02,1.434179240189911164e-01,-7.072141094990769261e-03,-4.346095366191283366e-02,-2.649360056966543198e-02,5.274505168199539185e+00
4.560000000000000000e+02,4.560000000000003495e-01,4.735333774547048513e+00,1.078098928678529606e-01,-1.955529952030823915e-02,1.445008767162150876e-01,-7.073103774075661931e-03,-4.335210834956881865e-02,-3.797979280352592468e-02,5.250532835721969604e+00
4.570000000000000000e+02,4.570000000000003504e-01,4.735273934233691584e+00,1.077871654975842558e-01,-1.950539251255182724e-02,1.455748516828198891e-01,-7.077295690882445811e-03,-4.324492428718725717e-02,-3.323351871222257614e-02,5.236312448978424072e+00
4.580000000000000000e+02,4.580000000000003513e-01,4.735214077287193568e+00,1.077649606076490907e-01,-1.945610387676669287e-02,1.466406017736363310e-01,-7.084647607386251877e-03,-4.313887850485717546e-02,-3.595577459782361984e-02,5.185098618268966675e+00
4.590000000000000000e+02,4.590000000000003522e-01,4.735154213746453955e+00,1.077432199946421615e-01,-1.940731925186668302e-02,1.476961224330823053e-01,-7.094648355990385014e-03,-4.303442971794665950e-02,-1.469113072380423546e-02,5.207004338502883911e+00
4.600000000000000000e+02,4.600000000000003531e-01,4.735094350420745890e+00,1.077218519380866296e-01,-1.935904073845523543e-02,1.487540229133031688e-01,-7.106878513466918790e-03,-4.293147419167914203e-02,-2.028759522363543510e-02,5.240249484777450562e+00
4.610000000000000000e+02,4.610000000000003539e-01,4.735034535054379212e+00,1.077008381475640791e-01,-1.931129334299344635e-02,1.498193582297851767e-01,-7.121446486453297808e-03,-4.283062734445602232e-02,-2.885389514267444611e-02,5.237658172845840454e+00
4.620000000000000000e+02,4.620000000000003548e-01,4.734974749049183806e+00,1.076801380426673782e-01,-1.926409167038802689e-02,1.508961765590105808e-01,-7.138561815950295042e-03,-4.273195579739502703e-02,-2.422168059274554253e-02,5.174955248832702637e+00
4.630000000000000000e+02,4.630000000000003557e-01,4.734914976576265033e+00,1.076596682706730951e-01,-1.921748007777523623e-02,1.519900731136522021e-01,-7.158338368349781433e-03,-4.263527017804853714e-02,-7.570040412247180939e-03,5.156340003013610840e+00
4.640000000000000000e+02,4.640000000000003566e-01,4.734855213022032494e+00,1.076394830128923480e-01,-1.917150629473658718e-02,1.531008184452753995e-01,-7.180504944238830234e-03,-4.254086884569327487e-02,1.924269273877143860e-02,5.148922681808471680e+00
4.650000000000000000e+02,4.650000000000003575e-01,4.734795490640053117e+00,1.076195179941725477e-01,-1.912624460708782503e-02,1.542342073414453840e-01,-7.205285661498139760e-03,-4.244838807386194790e-02,1.728698099032044411e-02,5.153172671794891357e+00
4.660000000000000000e+02,4.660000000000003584e-01,4.734735845143853261e+00,1.075994516107570825e-01,-1.908187209477830298e-02,1.553911753383857286e-01,-7.233294209375795702e-03,-4.235618383644176865e-02,3.743388445582240820e-02,5.197788953781127930e+00
4.670000000000000000e+02,4.670000000000003593e-01,4.734676227676857252e+00,1.075790485799875962e-01,-1.903840268067366268e-02,1.565735823832514473e-01,-7.264678401230018068e-03,-4.226312833013265435e-02,2.335790998768061399e-02,5.187785923480987549e+00
4.680000000000000000e+02,4.680000000000003602e-01,4.734616657566043330e+00,1.075581192917236667e-01,-1.899589026889231952e-02,1.577823085769461120e-01,-7.300134292070215025e-03,-4.216714782414062584e-02,1.334019284695386887e-02,5.224035203456878662e+00
4.690000000000000000e+02,4.690000000000003610e-01,4.734557133582329769e+00,1.075366631483864882e-01,-1.895426346141651855e-02,1.590168860411750873e-01,-7.339348758254038430e-03,-4.206850441917611705e-02,2.037258422933518887e-02,5.221471011638641357e+00
4.700000000000000000e+02,4.700000000000003619e-01,4.734497644841674457e+00,1.075146613318927330e-01,-1.891343896294690741e-02,1.602774910442343603e-01,-7.382271135476958790e-03,-4.196717980639877443e-02,2.418120694346725941e-02,5.194995015859603882e+00
4.710000000000000000e+02,4.710000000000003628e-01,4.734438178878473735e+00,1.074920288922913830e-01,-1.887343819022050534e-02,1.615639674694807626e-01,-7.429053596120782643e-03,-4.186250928892033818e-02,1.578952174168080091e-02,5.226144552230834961e+00
4.720000000000000000e+02,4.720000000000003637e-01,4.734378747581247993e+00,1.074688623600437015e-01,-1.883450130982329204e-02,1.628740856735869935e-01,-7.480350355018261510e-03,-4.175475236044953742e-02,1.743374561192467809e-02,5.237912952899932861e+00
4.730000000000000000e+02,4.730000000000003646e-01,4.734319338493881979e+00,1.074451327623793667e-01,-1.879668002781005945e-02,1.642155850325863475e-01,-7.536522168018588985e-03,-4.164408299485936743e-02,2.239420532714575529e-02,5.228511273860931396e+00
4.740000000000000000e+02,4.740000000000003655e-01,4.734259949922659416e+00,1.074207227608253989e-01,-1.875993577781015498e-02,1.655936466632285942e-01,-7.597502075774364982e-03,-4.153035036481939751e-02,2.040056948317214847e-02,5.190620571374893188e+00
4.750000000000000000e+02,4.750000000000003664e-01,4.734200571286948822e+00,1.073956674009074463e-01,-1.872407300662164847e-02,1.670024284206532983e-01,-7.662569742904912218e-03,-4.141418611576727637e-02,1.353703415952622890e-02,5.167490273714065552e+00
4.760000000000000000e+02,4.760000000000003673e-01,4.734141184698622773e+00,1.073698677789754474e-01,-1.868907330700308317e-02,1.684387660796709818e-01,-7.731543306628729795e-03,-4.129465353835135022e-02,1.362675714335637167e-02,5.165849685668945312e+00
4.770000000000000000e+02,4.770000000000003681e-01,4.734081793159651497e+00,1.073433379299893603e-01,-1.865491697033895210e-02,1.699029746988344192e-01,-7.804239637186904943e-03,-4.117188816540000296e-02,2.049299063219223171e-02,5.230917990207672119e+00
4.780000000000000000e+02,4.780000000000003690e-01,4.734022400816200182e+00,1.073161577950587919e-01,-1.862151719327011234e-02,1.714011523047049845e-01,-7.880288836352944415e-03,-4.104670066584818755e-02,3.350862115621566772e-02,5.268468230962753296e+00
4.790000000000000000e+02,4.790000000000003699e-01,4.733963018160866731e+00,1.072882953827083846e-01,-1.858891184876861058e-02,1.729363636696417128e-01,-7.960347553465307868e-03,-4.091877640210313249e-02,2.981866290792822838e-02,5.227857559919357300e+00
4.800000000000000000e+02,4.800000000000003708e-01,4.733903713643788258e+00,1.072600640750564494e-01,-1.855721510032778965e-02,1.745136312286856561e-01,-8.044832956027647697e-03,-4.079014611983738936e-02,2.858816972002387047e-02,5.148038089275360107e+00
4.810000000000000000e+02,4.810000000000003717e-01,4.733844506212737002e+00,1.072314773016111028e-01,-1.852638774280182532e-02,1.761249417376727355e-01,-8.133385161246620143e-03,-4.066117621253091674e-02,3.635368170216679573e-02,5.127501487731933594e+00
4.820000000000000000e+02,4.820000000000003726e-01,4.733785382661888086e+00,1.072024078769321792e-01,-1.849643274066288534e-02,1.777600722815173562e-01,-8.225484266522364862e-03,-4.053167425975820470e-02,5.427878908812999725e-02,5.060528218746185303e+00
4.830000000000000000e+02,4.830000000000003735e-01,4.733726279827052963e+00,1.071735016853517242e-01,-1.846705333694049003e-02,1.794041688788454159e-01,-8.319001137636394816e-03,-4.040963733897971755e-02,5.513000651262700558e-02,5.012668699026107788e+00
4.840000000000000000e+02,4.840000000000003744e-01,4.733667182033533649e+00,1.071449123148384835e-01,-1.843830392396294746e-02,1.810542152745331923e-01,-8.413427091735536933e-03,-4.029716778924670451e-02,5.282797443214803934e-02,5.062696725130081177e+00
4.850000000000000000e+02,4.850000000000003753e-01,4.733608100671377272e+00,1.071165646857881598e-01,-1.840996756941698162e-02,1.827140456992934203e-01,-8.507743394569944329e-03,-4.019372326398412687e-02,3.860374265059363097e-02,5.084699183702468872e+00
4.860000000000000000e+02,4.860000000000003761e-01,4.733549046049554399e+00,1.070884441216248262e-01,-1.838217659914566371e-02,1.843857506791156953e-01,-8.602676498109751435e-03,-4.009916331765112085e-02,4.918437171727418900e-02,5.098183274269104004e+00
4.870000000000000000e+02,4.870000000000003770e-01,4.733489970308832007e+00,1.070605919647734938e-01,-1.835490372231862385e-02,1.860742506520088047e-01,-8.698226034656642014e-03,-4.001349624871980426e-02,2.864040154963731766e-02,5.048079580068588257e+00
4.880000000000000000e+02,4.880000000000003779e-01,4.733430870133218171e+00,1.070327628558072480e-01,-1.832808550718575610e-02,1.877834777640154940e-01,-8.794602420893360417e-03,-3.993397432120050772e-02,2.546650730073451996e-02,4.951737046241760254e+00
4.890000000000000000e+02,4.890000000000003788e-01,4.733371751296413521e+00,1.070049822908910042e-01,-1.830149702779307677e-02,1.895026349228309259e-01,-8.890806668292450254e-03,-3.986037275054948870e-02,1.028918533120304346e-02,4.893288165330886841e+00
4.900000000000000000e+02,4.900000000000003797e-01,4.733312600482296517e+00,1.069772944386848668e-01,-1.827490674826869749e-02,1.912205772072591570e-01,-8.985427542784307775e-03,-3.979297782081479828e-02,1.453183917328715324e-02,4.912660598754882812e+00
4.910000000000000000e+02,4.910000000000003806e-01,4.733253387226239006e+00,1.069496623125198026e-01,-1.824849924456643790e-02,1.929376594289694269e-01,-9.078960741278674362e-03,-3.973021946082994083e-02,6.816708948463201523e-03,4.980977416038513184e+00
4.920000000000000000e+02,4.920000000000003815e-01,4.733194113145215987e+00,1.069221253360053137e-01,-1.822254818415931441e-02,1.946628954444968307e-01,-9.172453517017897795e-03,-3.967153169651492506e-02,2.716220915317535400e-03,5.022340089082717896e+00
4.930000000000000000e+02,4.930000000000003824e-01,4.733134748323712948e+00,1.068945488200135768e-01,-1.819732577798663375e-02,1.964036377133987488e-01,-9.267270437871788502e-03,-3.961632125665098814e-02,7.200213614851236343e-03,5.004249334335327148e+00
4.940000000000000000e+02,4.940000000000003832e-01,4.733075296349458227e+00,1.068667695023569481e-01,-1.817291696915766808e-02,1.981637848284253101e-01,-9.364072057661765314e-03,-3.956350807215999743e-02,1.738600851967930794e-02,4.971290469169616699e+00
4.950000000000000000e+02,4.950000000000003841e-01,4.733015777231384114e+00,1.068388730570967032e-01,-1.814925780245348758e-02,1.999446742844816494e-01,-9.462652407579819069e-03,-3.951338754361978511e-02,9.020797442644834518e-03,4.980842113494873047e+00
4.960000000000000000e+02,4.960000000000003850e-01,4.732956189529478053e+00,1.068108488806186196e-01,-1.812622668103656270e-02,2.017376969742987192e-01,-9.562548651299351832e-03,-3.946478887019516657e-02,-1.505261496640741825e-02,4.946586072444915771e+00
4.970000000000000000e+02,4.970000000000003859e-01,4.732896548148281646e+00,1.067828073531624095e-01,-1.810367209287237072e-02,2.035417856333150977e-01,-9.663337641282243595e-03,-3.941785831586434863e-02,-3.157786559313535690e-03,5.022619724273681641e+00
4.980000000000000000e+02,4.980000000000003868e-01,4.732836812899511969e+00,1.067546348255633826e-01,-1.808154690334450379e-02,2.053595784340865871e-01,-9.764630334880619600e-03,-3.937220726660696501e-02,1.181495282799005508e-02,5.056304365396499634e+00
4.990000000000000000e+02,4.990000000000003877e-01,4.732777031067927354e+00,1.067265135945817262e-01,-1.806001552962138365e-02,2.071920654547788621e-01,-9.867476700399668843e-03,-3.932780133524262089e-02,5.010684719309210777e-03,5.030179917812347412e+00
5.000000000000000000e+02,5.000000000000003331e-01,4.732717267715990772e+00,1.066989126492993989e-01,-1.803908662004626018e-02,2.090374320755624682e-01,-9.972041349433302670e-03,-3.928663608473234592e-02,-1.956581883132457733e-02,4.936832726001739502e+00
5.010000000000000000e+02,5.010000000000003340e-01,4.732657531434599107e+00,1.066720572556311142e-01,-1.801878180687844361e-02,2.108926960689901930e-01,-1.007823872105939600e-02,-3.924915669558302900e-02,-1.212908700108528137e-02,4.963722288608551025e+00
5.020000000000000000e+02,5.020000000000003348e-01,4.732597769727744819e+00,1.066457163599015961e-01,-1.799916271289608849e-02,2.127610533712673002e-01,-1.018563055565713249e-02,-3.921440348966961920e-02,6.395269650965929031e-03,5.009436041116714478e+00
5.030000000000000000e+02,5.030000000000003357e-01,4.732538016318226681e+00,1.066201065718233171e-01,-1.798015752065341283e-02,2.146389599138240900e-01,-1.029411399790691739e-02,-3.918349413075794541e-02,-1.357860490679740906e-02,5.065140545368194580e+00
5.040000000000000000e+02,5.040000000000003366e-01,4.732478285538764595e+00,1.065950228359209412e-01,-1.796161304666545749e-02,2.165257312620558483e-01,-1.040367913167128400e-02,-3.915512275095997530e-02,-3.169146738946437836e-02,5.049082636833190918e+00
5.050000000000000000e+02,5.050000000000003375e-01,4.732418556725780157e+00,1.065702678366360068e-01,-1.794346887724712972e-02,2.184219713241543070e-01,-1.051446137199429920e-02,-3.912829011313373462e-02,-1.746977114817127585e-02,5.039703726768493652e+00
5.060000000000000000e+02,5.060000000000003384e-01,4.732358813978002843e+00,1.065460213246477855e-01,-1.792582032237362288e-02,2.203306809882634720e-01,-1.062656848494603068e-02,-3.910425576475638765e-02,-3.067919844761490822e-02,5.136202752590179443e+00
5.070000000000000000e+02,5.070000000000003393e-01,4.732299052022232999e+00,1.065222324354779676e-01,-1.790883427060424235e-02,2.222535972155728068e-01,-1.074073713597689661e-02,-3.908179213115181572e-02,-2.947041532024741173e-02,5.153480231761932373e+00
5.080000000000000000e+02,5.080000000000003402e-01,4.732239243519383187e+00,1.064988034534309486e-01,-1.789255755651309246e-02,2.241924511864798464e-01,-1.085773420935765010e-02,-3.906066410585735948e-02,-6.805693497881293297e-03,5.118314325809478760e+00
5.090000000000000000e+02,5.090000000000003411e-01,4.732179386316874847e+00,1.064757409688719403e-01,-1.787710149261781747e-02,2.261527798293839764e-01,-1.097796952517615665e-02,-3.904099212266544383e-02,9.189437376335263252e-03,5.098643958568572998e+00
5.100000000000000000e+02,5.100000000000003419e-01,4.732119565458623001e+00,1.064535747087117512e-01,-1.786217283490972724e-02,2.281289325446657079e-01,-1.110006963881260411e-02,-3.902517047000207684e-02,8.081140927970409393e-03,5.085484147071838379e+00
5.110000000000000000e+02,5.110000000000003428e-01,4.732059813176458185e+00,1.064321272602983953e-01,-1.784763829297101104e-02,2.301182945972660432e-01,-1.122363798969749915e-02,-3.901246815160705483e-02,1.334659685380756855e-02,5.058836460113525391e+00
5.120000000000000000e+02,5.120000000000003437e-01,4.732000124159953636e+00,1.064113429686466133e-01,-1.783342013749799823e-02,2.321144818454374814e-01,-1.134845135227036117e-02,-3.900247301686453338e-02,2.293034782633185387e-02,5.022377789020538330e+00
5.130000000000000000e+02,5.130000000000003446e-01,4.731940470972505253e+00,1.063910789540862822e-01,-1.781954542108432626e-02,2.341120762063748639e-01,-1.147447244536836664e-02,-3.899457038457389280e-02,1.920429687015712261e-02,5.042645424604415894e+00
5.140000000000000000e+02,5.140000000000003455e-01,4.731880881430621244e+00,1.063714458793003220e-01,-1.780584458301559189e-02,2.361040283854791144e-01,-1.160105648458653604e-02,-3.898852943885404432e-02,-2.738698618486523628e-03,5.026559650897979736e+00
5.150000000000000000e+02,5.150000000000003464e-01,4.731821365497650866e+00,1.063516232993340915e-01,-1.779237416768160093e-02,2.380858307947070207e-01,-1.173001279765761851e-02,-3.897553155835520311e-02,-3.051936626434326172e-02,5.089465498924255371e+00
5.160000000000000000e+02,5.160000000000003473e-01,4.731761890957725925e+00,1.063311109359787315e-01,-1.777930531319699484e-02,2.400562748064280494e-01,-1.186251890191658553e-02,-3.895123872806362242e-02,-1.773867942392826080e-02,5.057211190462112427e+00
5.170000000000000000e+02,5.170000000000003482e-01,4.731702439948866967e+00,1.063097948254592001e-01,-1.776663859469960680e-02,2.420177418255486379e-01,-1.199901020743121549e-02,-3.891456130155146464e-02,-2.651891577988862991e-02,5.061720073223114014e+00
5.180000000000000000e+02,5.180000000000003491e-01,4.731643029075007334e+00,1.062877054208605232e-01,-1.775447209476581703e-02,2.439745501163081975e-01,-1.213956191439446997e-02,-3.886645053586774978e-02,-3.457371797412633896e-02,5.054348230361938477e+00
5.190000000000000000e+02,5.190000000000003499e-01,4.731583643034127817e+00,1.062651423646082810e-01,-1.774285190674650473e-02,2.459249645676792606e-01,-1.228421221122211193e-02,-3.880870525402373150e-02,-1.786104682832956314e-02,5.055510729551315308e+00
5.200000000000000000e+02,5.200000000000003508e-01,4.731524271755469080e+00,1.062421679726182483e-01,-1.773170258108123024e-02,2.478616447994200778e-01,-1.243272610253098875e-02,-3.874146043775615611e-02,-5.587350827408954501e-02,5.061202257871627808e+00
5.210000000000000000e+02,5.210000000000003517e-01,4.731464939994403096e+00,1.062187333784690019e-01,-1.772106114338598340e-02,2.497846149522010561e-01,-1.258534188896653916e-02,-3.866406866833739520e-02,-8.443633210845291615e-02,5.021679550409317017e+00
5.220000000000000000e+02,5.220000000000003526e-01,4.731405551505226015e+00,1.061950272421071789e-01,-1.771091245520381441e-02,2.516894780327768588e-01,-1.274182763761610993e-02,-3.857766159094039304e-02,-8.397245150990784168e-02,5.019892066717147827e+00
5.230000000000000000e+02,5.230000000000003535e-01,4.731346086867821654e+00,1.061711805011545245e-01,-1.770122645151315371e-02,2.535773440643815935e-01,-1.290153449577569056e-02,-3.848408561973214181e-02,-8.585966937243938446e-02,5.037126541137695312e+00
5.240000000000000000e+02,5.240000000000003544e-01,4.731286556447556357e+00,1.061475434925588796e-01,-1.769214634711669190e-02,2.554544932488659881e-01,-1.306474497420340164e-02,-3.838571317078004475e-02,-8.788003766676411033e-02,5.057233184576034546e+00
5.250000000000000000e+02,5.250000000000003553e-01,4.731226970701939649e+00,1.061242777335876381e-01,-1.768367049250098993e-02,2.573221440446697983e-01,-1.323136866230867348e-02,-3.828385123322702865e-02,-8.074538514483720064e-02,5.040213346481323242e+00
5.260000000000000000e+02,5.260000000000003562e-01,4.731167342414696719e+00,1.061014353116958991e-01,-1.767573917087539651e-02,2.591789131224362941e-01,-1.340106770000737413e-02,-3.817929843539437373e-02,-9.786279685795307159e-02,5.037717640399932861e+00
5.270000000000000000e+02,5.270000000000003570e-01,4.731107671402123849e+00,1.060790421616880086e-01,-1.766822101956685986e-02,2.610247555516047591e-01,-1.357308533490386715e-02,-3.807342297417645738e-02,-7.858903380110859871e-02,5.075434148311614990e+00
5.280000000000000000e+02,5.280000000000003579e-01,4.731047971432121635e+00,1.060570875890512327e-01,-1.766108515710157825e-02,2.628576763746217071e-01,-1.374716113781682125e-02,-3.796670552915014374e-02,-7.968856871593743563e-02,4.996154785156250000e+00
5.290000000000000000e+02,5.290000000000003588e-01,4.730988241956482376e+00,1.060355125723276282e-01,-1.765459786765126785e-02,2.646779460173297460e-01,-1.392439452957949797e-02,-3.785870700796299670e-02,-5.912680833716876805e-02,4.947846710681915283e+00
5.300000000000000000e+02,5.300000000000003597e-01,4.730928487865869059e+00,1.060145190494642259e-01,-1.764848217234029140e-02,2.664776923795035279e-01,-1.410308310807018017e-02,-3.775046143986815483e-02,-6.260161614045500755e-02,4.920321673154830933e+00
5.310000000000000000e+02,5.310000000000003606e-01,4.730868690840511981e+00,1.059939263508671847e-01,-1.764263544781589574e-02,2.682530740433558547e-01,-1.428271636756539564e-02,-3.764085972891156873e-02,-8.287133192061446607e-02,4.940266698598861694e+00
5.320000000000000000e+02,5.320000000000003615e-01,4.730808878017123575e+00,1.059736461158569953e-01,-1.763695904590357674e-02,2.700021524834286812e-01,-1.446282849597468889e-02,-3.752965342655367742e-02,-7.578169612679630518e-02,4.962212979793548584e+00
5.330000000000000000e+02,5.330000000000003624e-01,4.730749047083379288e+00,1.059539168822370148e-01,-1.763162359681504435e-02,2.717258624734439909e-01,-1.464378005190036802e-02,-3.741882252311609647e-02,-8.252593874931335449e-02,4.974748909473419189e+00
5.340000000000000000e+02,5.340000000000003633e-01,4.730689209020783714e+00,1.059348943475949129e-01,-1.762660728086583653e-02,2.734250921697661263e-01,-1.482544170374677783e-02,-3.730966321439659061e-02,-9.674468811135739088e-02,5.058178514242172241e+00
5.350000000000000000e+02,5.350000000000003642e-01,4.730629311884387178e+00,1.059164369610282042e-01,-1.762183249112219546e-02,2.751089071312809442e-01,-1.500763176079011885e-02,-3.720179955245765668e-02,-1.069230556604452431e-01,5.116796374320983887e+00
5.360000000000000000e+02,5.360000000000003650e-01,4.730569323353811306e+00,1.058986803790172709e-01,-1.761727650554715391e-02,2.767783466227928812e-01,-1.519054012753850991e-02,-3.709613146685333818e-02,-9.016800904646515846e-02,5.120531409978866577e+00
5.370000000000000000e+02,5.370000000000003659e-01,4.730509233912234102e+00,1.058814506590744359e-01,-1.761296314477386882e-02,2.784296852560093072e-01,-1.537468318026768976e-02,-3.699198432181116658e-02,-8.910996746271848679e-02,5.098664313554763794e+00
5.380000000000000000e+02,5.380000000000003668e-01,4.730449075489444155e+00,1.058645868693857822e-01,-1.760905105827138481e-02,2.800647812766574041e-01,-1.556081067793657624e-02,-3.688807134848827440e-02,-6.148288259282708168e-02,5.123727828264236450e+00
5.390000000000000000e+02,5.390000000000003677e-01,4.730388809568694342e+00,1.058479978120512588e-01,-1.760544386245885273e-02,2.816841913678194143e-01,-1.574830573100127751e-02,-3.678469374514189982e-02,-3.685325104743242264e-02,5.079910367727279663e+00
5.400000000000000000e+02,5.400000000000003686e-01,4.730328449531342905e+00,1.058314359850862502e-01,-1.760210505080526608e-02,2.832844035038274422e-01,-1.593751775197316256e-02,-3.667969808740356719e-02,-3.493972565047442913e-02,5.047303557395935059e+00
5.410000000000000000e+02,5.410000000000003695e-01,4.730268033266119332e+00,1.058147788021310681e-01,-1.759889084217563723e-02,2.848625809009501797e-01,-1.612794306657328036e-02,-3.657222690550117339e-02,-2.534152084263041615e-02,4.975545257329940796e+00
5.420000000000000000e+02,5.420000000000003704e-01,4.730207576625259591e+00,1.057981442283376788e-01,-1.759577372766977718e-02,2.864208476175344464e-01,-1.631929692665945453e-02,-3.646330252042928599e-02,-4.090666509000584483e-02,5.002955093979835510e+00
5.430000000000000000e+02,5.430000000000003713e-01,4.730147108875082829e+00,1.057814962197948655e-01,-1.759256467163417340e-02,2.879645680489864024e-01,-1.651052938258978919e-02,-3.635311889712863898e-02,-5.558268481399863958e-02,5.067842215299606323e+00
5.440000000000000000e+02,5.440000000000003721e-01,4.730086583845433346e+00,1.057649863851818223e-01,-1.758934242619707156e-02,2.894891493500333368e-01,-1.670189558766721483e-02,-3.624244493861231153e-02,-5.323243723250925541e-02,4.958868414163589478e+00
5.450000000000000000e+02,5.450000000000003730e-01,4.730025942089708835e+00,1.057486440549656737e-01,-1.758621274668368054e-02,2.909938246919684390e-01,-1.689409083918214094e-02,-3.613106664625151399e-02,-6.090824375860393047e-02,5.034100711345672607e+00
5.460000000000000000e+02,5.460000000000003739e-01,4.729965217086014029e+00,1.057323295666631746e-01,-1.758327643736450757e-02,2.924737291447611076e-01,-1.708682206071721055e-02,-3.601824977278611506e-02,-7.169037379935616627e-02,5.048797667026519775e+00
5.470000000000000000e+02,5.470000000000003748e-01,4.729904401761658050e+00,1.057159534125200195e-01,-1.758055419282802956e-02,2.939325284939500738e-01,-1.728067888733786361e-02,-3.590369453529673738e-02,-7.240801840089261532e-02,5.004150405526161194e+00
5.480000000000000000e+02,5.480000000000003757e-01,4.729843489711733184e+00,1.056994877559228607e-01,-1.757795707366602289e-02,2.953771685704301153e-01,-1.747532067814439039e-02,-3.578776133421196493e-02,-8.073069737292826176e-02,5.081559374928474426e+00
5.490000000000000000e+02,5.490000000000003766e-01,4.729782466558804188e+00,1.056829092082185589e-01,-1.757533910500258187e-02,2.968052579502138411e-01,-1.766981075973306226e-02,-3.567131830772138357e-02,-8.263949188403785229e-02,5.086677804589271545e+00
5.500000000000000000e+02,5.500000000000003775e-01,4.729721317114916168e+00,1.056663734446384867e-01,-1.757276590045868392e-02,2.982130119267641932e-01,-1.786489605700491978e-02,-3.555421298188621293e-02,-7.960418023867532611e-02,5.036976397037506104e+00
5.510000000000000000e+02,5.510000000000003784e-01,4.729660038321325644e+00,1.056501110197602261e-01,-1.757029184655475168e-02,2.996037861555808091e-01,-1.806076932538092095e-02,-3.543732343962979758e-02,-7.142692245543003082e-02,5.046688199043273926e+00
5.520000000000000000e+02,5.520000000000003793e-01,4.729598629991585312e+00,1.056339702166592120e-01,-1.756791570926871660e-02,3.009764606698356326e-01,-1.825712085786901362e-02,-3.532020524901610670e-02,-8.646922814659774303e-02,5.064353764057159424e+00
5.530000000000000000e+02,5.530000000000003801e-01,4.729537084340115882e+00,1.056177921166748107e-01,-1.756564004813016000e-02,3.023239998930941641e-01,-1.845404665856031912e-02,-3.520222350121532395e-02,-1.225233494769781828e-01,5.109019368886947632e+00
5.540000000000000000e+02,5.540000000000003810e-01,4.729475364022556860e+00,1.056014534545928057e-01,-1.756348646606843700e-02,3.036426496299623468e-01,-1.865174549271553239e-02,-3.508269047461884393e-02,-1.142775016778614372e-01,5.107994884252548218e+00
5.550000000000000000e+02,5.550000000000003819e-01,4.729413421333698686e+00,1.055849129272072862e-01,-1.756158154065844829e-02,3.049396609469148256e-01,-1.885096142092557159e-02,-3.496099380277326030e-02,-1.070884300861507654e-01,5.087126433849334717e+00
5.560000000000000000e+02,5.560000000000003828e-01,4.729351262704145853e+00,1.055681274697620048e-01,-1.755982443550970981e-02,3.062146950390514100e-01,-1.905143470771930581e-02,-3.483715444525978255e-02,-8.946988813113421202e-02,5.082924634218215942e+00
5.570000000000000000e+02,5.570000000000003837e-01,4.729288913833489261e+00,1.055512394489969280e-01,-1.755817652202142087e-02,3.074734911678750349e-01,-1.925292421442170721e-02,-3.471228403762310899e-02,-8.885289775207638741e-02,5.065606623888015747e+00
5.580000000000000000e+02,5.580000000000003846e-01,4.729226373255356108e+00,1.055341797307708940e-01,-1.755667667235295479e-02,3.087127930372506879e-01,-1.945561215356939044e-02,-3.458596331865937401e-02,-5.580639280378818512e-02,5.050045996904373169e+00
5.590000000000000000e+02,5.590000000000003855e-01,4.729163679247646357e+00,1.055168827856054342e-01,-1.755525519317290353e-02,3.099310146654863374e-01,-1.965908401904825631e-02,-3.445757082918002312e-02,-6.970182806253433228e-02,5.082097053527832031e+00
5.600000000000000000e+02,5.600000000000003864e-01,4.729100903471212369e+00,1.054994983235678085e-01,-1.755378111279082970e-02,3.111285517358431396e-01,-1.986275693883121640e-02,-3.432783280250867319e-02,-5.840446962974965572e-02,4.963012039661407471e+00
5.610000000000000000e+02,5.610000000000003872e-01,4.729038034098757670e+00,1.054820608607607429e-01,-1.755222295263137236e-02,3.123092071805657066e-01,-2.006655255993772258e-02,-3.419767658206523953e-02,-6.691196671454235911e-02,4.936682254076004028e+00
5.620000000000000000e+02,5.620000000000003881e-01,4.728975079287552674e+00,1.054646081359879722e-01,-1.755055531926396836e-02,3.134808706173474180e-01,-2.026949639235042788e-02,-3.406785472906115331e-02,-4.958843253552913666e-02,4.973772525787353516e+00
5.630000000000000000e+02,5.630000000000003890e-01,4.728912014753825055e+00,1.054470560081278152e-01,-1.754884627531011834e-02,3.146422740704850618e-01,-2.047174119031081041e-02,-3.393795723451351054e-02,-4.104289133101701736e-02,5.009180068969726562e+00
5.640000000000000000e+02,5.640000000000003899e-01,4.728848855179313304e+00,1.054293566660322590e-01,-1.754702639254730051e-02,3.157943243507345121e-01,-2.067341073867101642e-02,-3.380770530342896985e-02,-5.382451697369106114e-02,5.052565336227416992e+00
5.650000000000000000e+02,5.650000000000003908e-01,4.728785613363330143e+00,1.054114428986876184e-01,-1.754495380171692404e-02,3.169351427371066010e-01,-2.087433548396733229e-02,-3.367671267751559672e-02,-3.973343607503920794e-02,5.080026000738143921e+00
5.660000000000000000e+02,5.660000000000003917e-01,4.728722269923073540e+00,1.053932584361358255e-01,-1.754271998313792352e-02,3.180711310616076704e-01,-2.107502204815969726e-02,-3.354470566262651721e-02,-4.748898043180815876e-02,4.968863427639007568e+00
5.670000000000000000e+02,5.670000000000003926e-01,4.728658820321608225e+00,1.053747318928086596e-01,-1.754045045161071667e-02,3.192010987294013891e-01,-2.127600262555784383e-02,-3.341125432859146094e-02,-2.496161451563239098e-02,4.938157707452774048e+00
5.680000000000000000e+02,5.680000000000003935e-01,4.728595252742690214e+00,1.053558171567002544e-01,-1.753805530769408927e-02,3.203248686559703184e-01,-2.147637227983079100e-02,-3.327589137999523161e-02,-1.782753202132880688e-02,4.994517579674720764e+00
5.690000000000000000e+02,5.690000000000003944e-01,4.728531603342938539e+00,1.053365852668958907e-01,-1.753562066663741023e-02,3.214361735999181624e-01,-2.167632288681198283e-02,-3.313813616733107814e-02,4.886773182079195976e-03,4.993023455142974854e+00
5.700000000000000000e+02,5.700000000000003952e-01,4.728467914337115552e+00,1.053171190131730051e-01,-1.753318752541888070e-02,3.225328402176519393e-01,-2.187635698081735747e-02,-3.299817715272165830e-02,3.083151346072554588e-02,5.028005957603454590e+00
5.710000000000000000e+02,5.710000000000003961e-01,4.728404234552986196e+00,1.052973489210778241e-01,-1.753079414348631543e-02,3.236157599461823020e-01,-2.207658647595800439e-02,-3.285595944518859834e-02,3.737361356616020203e-02,5.015763312578201294e+00
5.720000000000000000e+02,5.720000000000003970e-01,4.728340601773884266e+00,1.052772581745297781e-01,-1.752857981478569971e-02,3.246940613032012757e-01,-2.227784526219278582e-02,-3.271160773460390914e-02,4.629855928942561150e-02,4.965597093105316162e+00
5.730000000000000000e+02,5.730000000000003979e-01,4.728277039810619975e+00,1.052568952626402460e-01,-1.752645891604501932e-02,3.257694855309293813e-01,-2.247961932867825752e-02,-3.256547710848989308e-02,6.051626894623041153e-02,4.978379771113395691e+00
5.740000000000000000e+02,5.740000000000003988e-01,4.728213579906646480e+00,1.052361216637953817e-01,-1.752459410415013047e-02,3.268416899264838804e-01,-2.268221242678536420e-02,-3.241688752255048045e-02,5.268588289618492126e-02,4.978915378451347351e+00
5.750000000000000000e+02,5.750000000000003997e-01,4.728150248701426861e+00,1.052150222798539092e-01,-1.752299177826531495e-02,3.279138805836532278e-01,-2.288548298824411020e-02,-3.226756829551885586e-02,5.198297882452607155e-02,4.908951058983802795e+00
5.760000000000000000e+02,5.760000000000004006e-01,4.728087040360706261e+00,1.051935970427411438e-01,-1.752177111748542959e-02,3.289883192180138582e-01,-2.309004212712917337e-02,-3.211726078443885579e-02,2.118390612304210663e-02,4.821479827165603638e+00
5.770000000000000000e+02,5.770000000000004015e-01,4.728023949290220074e+00,1.051718210577199664e-01,-1.752063902668912071e-02,3.300576040484699547e-01,-2.329433711210993074e-02,-3.196597779147508644e-02,2.597143780440092087e-02,4.805611073970794678e+00
5.780000000000000000e+02,5.780000000000004023e-01,4.727960959817205655e+00,1.051498637886072868e-01,-1.751969136931630366e-02,3.311163332316283681e-01,-2.349770594866851248e-02,-3.181429385136230747e-02,2.180193271487951279e-02,4.824250102043151855e+00
5.790000000000000000e+02,5.790000000000004032e-01,4.727898077737717308e+00,1.051275436162721066e-01,-1.751894221189055981e-02,3.321614068445691847e-01,-2.370004020433058578e-02,-3.166169363085505339e-02,3.043200634419918060e-02,4.876912444829940796e+00
5.800000000000000000e+02,5.800000000000004041e-01,4.727835288323680274e+00,1.051049417526596780e-01,-1.751828993321116051e-02,3.331844559984301624e-01,-2.390087278169894525e-02,-3.150877266321380765e-02,8.180313045158982277e-03,4.957810699939727783e+00
5.810000000000000000e+02,5.810000000000004050e-01,4.727772553301490710e+00,1.050818399050245378e-01,-1.751780326719344985e-02,3.341788443167938993e-01,-2.410084395276990143e-02,-3.135360231247660834e-02,-9.166116360574960709e-03,4.925332069396972656e+00
5.820000000000000000e+02,5.820000000000004059e-01,4.727709828857347141e+00,1.050580435444003202e-01,-1.751751348225082452e-02,3.351449472733666335e-01,-2.430066895245386327e-02,-3.119513600418752364e-02,5.952118895947933197e-03,4.896147459745407104e+00
5.830000000000000000e+02,5.830000000000004068e-01,4.727647082945350299e+00,1.050336534726764026e-01,-1.751741631316106051e-02,3.360885019322880085e-01,-2.449969134957452610e-02,-3.103463400751002577e-02,-6.072820106055587530e-04,4.869253545999526978e+00
5.840000000000000000e+02,5.840000000000004077e-01,4.727584319336214591e+00,1.050086051986225677e-01,-1.751743265764062543e-02,3.370146898008105074e-01,-2.469770847917907020e-02,-3.087173788638544747e-02,-4.925347631797194481e-03,4.916519492864608765e+00
5.850000000000000000e+02,5.850000000000004086e-01,4.727521515181017264e+00,1.049828047889928284e-01,-1.751764114842567499e-02,3.379247173440073082e-01,-2.489503168986328951e-02,-3.070552086117631085e-02,-2.463485533371567726e-02,4.925942987203598022e+00
5.860000000000000000e+02,5.860000000000004095e-01,4.727458661101529458e+00,1.049561584071186243e-01,-1.751823983920132791e-02,3.388200089582938945e-01,-2.509288101493178935e-02,-3.053496725697787961e-02,8.699735626578330994e-04,4.906482994556427002e+00
5.870000000000000000e+02,5.870000000000004103e-01,4.727395721886999524e+00,1.049286741575290310e-01,-1.751933564991659323e-02,3.397039279731567385e-01,-2.529187947060962394e-02,-3.035974114526082679e-02,-1.186386414337903261e-02,4.916203469038009644e+00
5.880000000000000000e+02,5.880000000000004112e-01,4.727332736669438873e+00,1.049003823825856579e-01,-1.752092750378405825e-02,3.405821648965010606e-01,-2.549177307959271666e-02,-3.018085774620599127e-02,-1.345886313356459141e-02,4.942747145891189575e+00
5.890000000000000000e+02,5.890000000000004121e-01,4.727269708968899309e+00,1.048712678138521009e-01,-1.752288331832540721e-02,3.414494247639007773e-01,-2.569207424050379274e-02,-2.999823450581767803e-02,-2.467124941176734865e-02,4.949549555778503418e+00
5.900000000000000000e+02,5.900000000000004130e-01,4.727206641945011611e+00,1.048414122013704153e-01,-1.752504623504063871e-02,3.423009815181282667e-01,-2.589238359982704019e-02,-2.981225868950301838e-02,-2.477950812317430973e-02,4.935856729745864868e+00
5.910000000000000000e+02,5.910000000000004139e-01,4.727143530720013587e+00,1.048107427147335347e-01,-1.752751445415414583e-02,3.431362736894588150e-01,-2.609314154698494370e-02,-2.962232026464634016e-02,-2.235780481714755297e-02,4.907666534185409546e+00
5.920000000000000000e+02,5.920000000000004148e-01,4.727080371159577687e+00,1.047792402704365577e-01,-1.753029123801044115e-02,3.439549349690214641e-01,-2.629423396191055140e-02,-2.942895509806520149e-02,-2.137601870344951749e-02,4.867001622915267944e+00
5.930000000000000000e+02,5.930000000000004157e-01,4.727017162301770270e+00,1.047469644216091206e-01,-1.753340618159332856e-02,3.447526078401159100e-01,-2.649563220481088166e-02,-2.923188463257869740e-02,-1.859650993719696999e-02,4.891575008630752563e+00
5.940000000000000000e+02,5.940000000000004166e-01,4.726953873193957989e+00,1.047139475497800287e-01,-1.753695486698435627e-02,3.455274586861429298e-01,-2.669717965271400928e-02,-2.903106298382995831e-02,-2.398415585048496723e-02,4.893676996231079102e+00
5.950000000000000000e+02,5.950000000000004174e-01,4.726890500617375146e+00,1.046801908324068858e-01,-1.754097195806124387e-02,3.462862476340936024e-01,-2.689935945544874585e-02,-2.882637401247750697e-02,-3.907573578180745244e-02,4.898672908544540405e+00
5.960000000000000000e+02,5.960000000000004183e-01,4.726827011141912394e+00,1.046456696690135357e-01,-1.754543120206723469e-02,3.470197947841913710e-01,-2.710192757043206058e-02,-2.861739332172091865e-02,-6.463907554280012846e-02,4.894832730293273926e+00
5.970000000000000000e+02,5.970000000000004192e-01,4.726763369425820649e+00,1.046102376363474695e-01,-1.755030836588955534e-02,3.477257282602288502e-01,-2.730505359677848354e-02,-2.840328876515155199e-02,-5.060407343989936635e-02,4.920926272869110107e+00
5.980000000000000000e+02,5.980000000000004201e-01,4.726699556997975726e+00,1.045738928584589028e-01,-1.755557196287918856e-02,3.484056987271066941e-01,-2.750851675666066143e-02,-2.818414574264213601e-02,-5.852868431247770786e-02,4.942739874124526978e+00
5.990000000000000000e+02,5.990000000000004210e-01,4.726635588543749655e+00,1.045366592047607956e-01,-1.756118526918558354e-02,3.490621772197706751e-01,-2.771248267600112669e-02,-2.795981782485867928e-02,-6.898035318590700626e-02,4.954579129815101624e+00
6.000000000000000000e+02,6.000000000000004219e-01,4.726571471887274001e+00,1.044986292824428981e-01,-1.756715103515479534e-02,3.496988475147499997e-01,-2.791709741766923436e-02,-2.773126078702478625e-02,-6.829474610276520252e-02,4.983703345060348511e+00
6.010000000000000000e+02,6.010000000000004228e-01,4.726507183018357594e+00,1.044597544765243774e-01,-1.757348488753316534e-02,3.503192403176775827e-01,-2.812251847930946624e-02,-2.749863779732150681e-02,-3.131818072870373726e-02,4.941736713051795959e+00
6.020000000000000000e+02,6.020000000000004237e-01,4.726442711628355831e+00,1.044200944424028554e-01,-1.758027107472230968e-02,3.509281952730765597e-01,-2.832927925162787020e-02,-2.726262343928081977e-02,-2.342399084591306746e-02,4.934800907969474792e+00
6.030000000000000000e+02,6.030000000000004245e-01,4.726378122418894101e+00,1.043797147463987468e-01,-1.758736538390910306e-02,3.515344300505203745e-01,-2.853697842171043497e-02,-2.702280964797754148e-02,-1.695013395510613918e-02,4.901873782277107239e+00
6.040000000000000000e+02,6.040000000000004254e-01,4.726313468880458224e+00,1.043385887986230803e-01,-1.759481441897448040e-02,3.521352737913996389e-01,-2.874565771448689411e-02,-2.677908634204606564e-02,-1.040922335232608020e-02,4.891661390662193298e+00
6.050000000000000000e+02,6.050000000000004263e-01,4.726248765618834113e+00,1.042968009564916587e-01,-1.760245052498434284e-02,3.527313656877985593e-01,-2.895426254500810259e-02,-2.653287198451398377e-02,-1.109964319039136171e-02,4.891367226839065552e+00
6.060000000000000000e+02,6.060000000000004272e-01,4.726183971427722064e+00,1.042542433728695928e-01,-1.761032035879935703e-02,3.533203424122531855e-01,-2.916300173029595655e-02,-2.628295674374622748e-02,-1.775211570202372968e-02,4.838716655969619751e+00
6.070000000000000000e+02,6.070000000000004281e-01,4.726119132068660633e+00,1.042111259086431763e-01,-1.761857782442036516e-02,3.539074625179358669e-01,-2.937272193949858057e-02,-2.602951676436604522e-02,-7.902866869699209929e-03,4.819750204682350159e+00
6.080000000000000000e+02,6.080000000000004290e-01,4.726054267891690586e+00,1.041675270352156457e-01,-1.762724627363141533e-02,3.544933535312365658e-01,-2.958305118231163711e-02,-2.577357078021494385e-02,-1.667953282594680786e-02,4.791563957929611206e+00
6.090000000000000000e+02,6.090000000000004299e-01,4.725989403864323535e+00,1.041233859846489307e-01,-1.763633021169619744e-02,3.550750674395790063e-01,-2.979387919661546924e-02,-2.551472176727687113e-02,-4.024051828309893608e-02,4.777673304080963135e+00
6.100000000000000000e+02,6.100000000000004308e-01,4.725924529820836995e+00,1.040788846657199201e-01,-1.764567422368764141e-02,3.556430825468671064e-01,-3.000434736847545913e-02,-2.525336296672758829e-02,-3.919757116818800569e-02,4.783838674426078796e+00
6.110000000000000000e+02,6.110000000000004317e-01,4.725859615356988286e+00,1.040340264873819975e-01,-1.765513152233432956e-02,3.561945467877982718e-01,-3.021347778500116377e-02,-2.499049895100244334e-02,-3.747480470337904990e-02,4.754735484719276428e+00
6.120000000000000000e+02,6.120000000000004325e-01,4.725794681545314013e+00,1.039889949493996851e-01,-1.766459943842193375e-02,3.567279765413097214e-01,-3.042051021784364373e-02,-2.472794032245836937e-02,-5.164029923616908491e-02,4.695625960826873779e+00
6.130000000000000000e+02,6.130000000000004334e-01,4.725729729461086492e+00,1.039437660845132366e-01,-1.767419773932158919e-02,3.572471476856519113e-01,-3.062591037317097253e-02,-2.446528226977637277e-02,-5.559757212176918983e-02,4.781224533915519714e+00
6.140000000000000000e+02,6.140000000000004343e-01,4.725664716917822084e+00,1.038986107709446854e-01,-1.768367193775276583e-02,3.577462922277291346e-01,-3.082803904172282117e-02,-2.420356101790513415e-02,-7.009622876648791134e-02,4.823214918375015259e+00
6.150000000000000000e+02,6.150000000000004352e-01,4.725599617308193778e+00,1.038534588696299471e-01,-1.769304224165530251e-02,3.582216599592255579e-01,-3.102732665962171232e-02,-2.394251609350361854e-02,-8.498538227286189795e-02,4.871854066848754883e+00
6.160000000000000000e+02,6.160000000000004361e-01,4.725534405529563386e+00,1.038083729266940924e-01,-1.770243938786956669e-02,3.586685354427419092e-01,-3.122417566586666027e-02,-2.368180123793328651e-02,-7.645392318954691291e-02,4.866959348320960999e+00
6.170000000000000000e+02,6.170000000000004370e-01,4.725469034164152760e+00,1.037632667817389859e-01,-1.771191290019053996e-02,3.590859113053255225e-01,-3.141916646827080939e-02,-2.342076565361048135e-02,-7.761800737353041768e-02,4.829681456089019775e+00
6.180000000000000000e+02,6.180000000000004379e-01,4.725403516334693244e+00,1.037181534860060345e-01,-1.772142449765558639e-02,3.594740276949791591e-01,-3.161216462163496388e-02,-2.315969688122018755e-02,-8.346971850551199168e-02,4.844781965017318726e+00
6.190000000000000000e+02,6.190000000000004388e-01,4.725337904103048103e+00,1.036731186688294587e-01,-1.773111894072294803e-02,3.598341369692797942e-01,-3.180344215877073388e-02,-2.289857690756866293e-02,-7.074130605906248093e-02,4.819253981113433838e+00
6.200000000000000000e+02,6.200000000000004396e-01,4.725272203433513063e+00,1.036282903159200242e-01,-1.774106516146124052e-02,3.601734680492818530e-01,-3.199353164878226963e-02,-2.263818968065745008e-02,-9.272339381277561188e-02,4.788531899452209473e+00
6.210000000000000000e+02,6.210000000000004405e-01,4.725206452073115848e+00,1.035836162274830358e-01,-1.775131890172397531e-02,3.604918195149172666e-01,-3.218252219707129491e-02,-2.237831899190739771e-02,-9.190375148318707943e-02,4.790627032518386841e+00
6.220000000000000000e+02,6.220000000000004414e-01,4.725140568937466590e+00,1.035391151562984752e-01,-1.776178723427975989e-02,3.607916147367731252e-01,-3.236945437304661333e-02,-2.212002582703667675e-02,-8.940591663122177124e-02,4.802222192287445068e+00
6.230000000000000000e+02,6.230000000000004423e-01,4.725074568874831016e+00,1.034948142270051968e-01,-1.777249641538854175e-02,3.610715746476983457e-01,-3.255413025484532596e-02,-2.186375643728752372e-02,-7.708206959068775177e-02,4.805202215909957886e+00
6.240000000000000000e+02,6.240000000000004432e-01,4.725008439025189411e+00,1.034506124248540659e-01,-1.778345707842072382e-02,3.613347852657813331e-01,-3.273696348714438820e-02,-2.160859770008427549e-02,-5.848250142298638821e-02,4.798278182744979858e+00
6.250000000000000000e+02,6.250000000000004441e-01,4.724942184308702942e+00,1.034063438600091867e-01,-1.779461063520861031e-02,3.615851050298368730e-01,-3.291814343062848813e-02,-2.135346236868460035e-02,-8.276108396239578724e-02,4.831270992755889893e+00
6.260000000000000000e+02,6.260000000000004450e-01,4.724875830716900538e+00,1.033621300573201590e-01,-1.780595295683810517e-02,3.618237396873911216e-01,-3.309760355189061976e-02,-2.109876136442487282e-02,-8.244913502130657434e-02,4.880792617797851562e+00
6.270000000000000000e+02,6.270000000000004459e-01,4.724809216014307367e+00,1.033187776319275941e-01,-1.781714541540910246e-02,3.620521026309289070e-01,-3.327180105822513667e-02,-2.085355483646325614e-02,-7.993393583456054330e-02,4.901617765426635742e+00
6.280000000000000000e+02,6.280000000000004468e-01,4.724742285481885240e+00,1.032765643611711498e-01,-1.782804597449132861e-02,3.622699902294304053e-01,-3.343951032054381933e-02,-2.062181555507722197e-02,-5.509180540684610605e-02,4.803206980228424072e+00
6.290000000000000000e+02,6.290000000000004476e-01,4.724675029947136728e+00,1.032355130738792232e-01,-1.783863240212797685e-02,3.624766083054659638e-01,-3.360081941064319011e-02,-2.040323128215293380e-02,-4.346676496788859367e-02,4.744842469692230225e+00
6.300000000000000000e+02,6.300000000000004485e-01,4.724607495668825763e+00,1.031955945866812052e-01,-1.784893718215534511e-02,3.626785195479625967e-01,-3.375576863902174374e-02,-2.019742896632339968e-02,-4.193005687557160854e-02,4.739712923765182495e+00
6.310000000000000000e+02,6.310000000000004494e-01,4.724539763840782669e+00,1.031569045689418040e-01,-1.785906952882124199e-02,3.628778659400616613e-01,-3.390442419196237900e-02,-2.000498639605860496e-02,-7.128539262339472771e-02,4.797542273998260498e+00
6.320000000000000000e+02,6.320000000000004503e-01,4.724471862527382271e+00,1.031195756166377597e-01,-1.786910697967208222e-02,3.630790529347712736e-01,-3.404722431182505282e-02,-1.982642417906513299e-02,-8.617409621365368366e-02,4.864450931549072266e+00
6.330000000000000000e+02,6.330000000000004512e-01,4.724403729196172463e+00,1.030836756690873685e-01,-1.787909015123798073e-02,3.632832701748714976e-01,-3.418467449052009499e-02,-1.966144512309336845e-02,-3.008067328482866287e-02,4.782247573137283325e+00
6.340000000000000000e+02,6.340000000000004521e-01,4.724335353037829144e+00,1.030491429192789549e-01,-1.788891714080008064e-02,3.634896397572173754e-01,-3.431672504074478880e-02,-1.950904447385795604e-02,-4.664477496407926083e-02,4.792146354913711548e+00
6.350000000000000000e+02,6.350000000000004530e-01,4.724266822597621207e+00,1.030157092839007887e-01,-1.789858757461128269e-02,3.636940353576628149e-01,-3.444338320735185199e-02,-1.936683339898892520e-02,-3.238125704228878021e-02,4.797722160816192627e+00
6.360000000000000000e+02,6.360000000000004539e-01,4.724198128088809234e+00,1.029834301936759094e-01,-1.790806993415321874e-02,3.638961940163121245e-01,-3.456480447648391241e-02,-1.923470077069069917e-02,-1.374498941004276276e-02,4.824848681688308716e+00
6.370000000000000000e+02,6.370000000000004547e-01,4.724129342788923047e+00,1.029523549559576423e-01,-1.791750092598734870e-02,3.640967205159901798e-01,-3.468146976135089155e-02,-1.911276431317329716e-02,2.315158490091562271e-03,4.852453142404556274e+00
6.380000000000000000e+02,6.380000000000004556e-01,4.724060480819169072e+00,1.029225009740174640e-01,-1.792680900868344127e-02,3.642907253914116072e-01,-3.479329983626322509e-02,-1.900052074629191012e-02,7.555113174021244049e-03,4.784594133496284485e+00
6.390000000000000000e+02,6.390000000000004565e-01,4.723991622475596230e+00,1.028939663538259441e-01,-1.793593488276127440e-02,3.644793017477836461e-01,-3.490027886645075128e-02,-1.889879827744031515e-02,-5.486764828674495220e-03,4.800456404685974121e+00
6.400000000000000000e+02,6.400000000000004574e-01,4.723922770878918875e+00,1.028666015919240395e-01,-1.794491786688337531e-02,3.646660245378968712e-01,-3.500255363136783870e-02,-1.880686988491725442e-02,-3.693355573341250420e-02,4.866660431027412415e+00
6.410000000000000000e+02,6.410000000000004583e-01,4.723853885139138953e+00,1.028402459031283883e-01,-1.795387898885530964e-02,3.648523924430555621e-01,-3.510100172726193790e-02,-1.872266666780211808e-02,-5.476853670552372932e-02,4.867675572633743286e+00
6.420000000000000000e+02,6.420000000000004592e-01,4.723784908869604671e+00,1.028147756604623070e-01,-1.796293851890080548e-02,3.650417900446623620e-01,-3.519640525184941637e-02,-1.864541470392555578e-02,-5.405101005453616381e-02,4.859296768903732300e+00
6.430000000000000000e+02,6.430000000000004601e-01,4.723715822305638135e+00,1.027899689310800696e-01,-1.797214071308183767e-02,3.652315693203929126e-01,-3.528917093742300892e-02,-1.857359855414569827e-02,-6.301156550762243569e-02,4.866569370031356812e+00
6.440000000000000000e+02,6.440000000000004610e-01,4.723646591243517712e+00,1.027656550210132996e-01,-1.798153980587113843e-02,3.654193074933978491e-01,-3.537941571180724942e-02,-1.850669853343384075e-02,-6.398305529728531837e-02,4.874983489513397217e+00
6.450000000000000000e+02,6.450000000000004619e-01,4.723577188448511599e+00,1.027417082644003499e-01,-1.799115588262289664e-02,3.656009721416034752e-01,-3.546735082661300886e-02,-1.844370627152699949e-02,-6.633008783683180809e-02,4.843105524778366089e+00
6.460000000000000000e+02,6.460000000000004627e-01,4.723507584731179598e+00,1.027178677087141334e-01,-1.800105757093453315e-02,3.657759181714196339e-01,-3.555350811594282234e-02,-1.838247482578700409e-02,-6.642203265801072121e-02,4.817790776491165161e+00
6.470000000000000000e+02,6.470000000000004636e-01,4.723437809997924397e+00,1.026940630006943217e-01,-1.801130028987073944e-02,3.659429432928965609e-01,-3.563818040166766288e-02,-1.832162215639382419e-02,-5.781746516004204750e-02,4.817716687917709351e+00
6.480000000000000000e+02,6.480000000000004645e-01,4.723367871075113023e+00,1.026703279667411789e-01,-1.802167806287564844e-02,3.660985105130990513e-01,-3.572044167013599392e-02,-1.826126640052827543e-02,-5.983962211757898331e-02,4.841146081686019897e+00
6.490000000000000000e+02,6.490000000000004654e-01,4.723297766049787683e+00,1.026465182855779007e-01,-1.803222409119675795e-02,3.662428569453580751e-01,-3.580065734963322477e-02,-1.820076217036639687e-02,-8.497813477879390121e-02,4.818206220865249634e+00
6.500000000000000000e+02,6.500000000000004663e-01,4.723227474710106399e+00,1.026226295744952499e-01,-1.804311669690960088e-02,3.663711210261256790e-01,-3.587953619590233956e-02,-1.813977970330982181e-02,-8.466909101116470993e-02,4.822404772043228149e+00
6.510000000000000000e+02,6.510000000000004672e-01,4.723156996703235855e+00,1.025985861591469234e-01,-1.805444756915457888e-02,3.664840781295722882e-01,-3.595716118643865755e-02,-1.807828145746817605e-02,-6.730516697280108929e-02,4.804576814174652100e+00
6.520000000000000000e+02,6.520000000000004681e-01,4.723086348553983349e+00,1.025744991379609755e-01,-1.806629554825981213e-02,3.665807158884426542e-01,-3.603416108835277853e-02,-1.801559576819747321e-02,-6.746496865525841713e-02,4.828306168317794800e+00
6.530000000000000000e+02,6.530000000000004690e-01,4.723015542016455903e+00,1.025504977032721671e-01,-1.807864250853447735e-02,3.666652474636232228e-01,-3.611051603467574367e-02,-1.795288868322941767e-02,-6.116202007979154587e-02,4.818418383598327637e+00
6.540000000000000000e+02,6.540000000000004698e-01,4.722944546262354493e+00,1.025265198877693545e-01,-1.809142350792112761e-02,3.667327224864795898e-01,-3.618614384280505192e-02,-1.788890844481055842e-02,-5.904634646140038967e-02,4.789592891931533813e+00
6.550000000000000000e+02,6.550000000000004707e-01,4.722873397296675435e+00,1.025025904948216326e-01,-1.810459881257580131e-02,3.667810116438782186e-01,-3.626094398326973334e-02,-1.782305616999391162e-02,-4.842001147335395217e-02,4.762280493974685669e+00
6.560000000000000000e+02,6.560000000000004716e-01,4.722802106841101022e+00,1.024787725582065878e-01,-1.811813931920970219e-02,3.668190064866164724e-01,-3.633472036925411430e-02,-1.775653144211067347e-02,-3.520705900155007839e-02,4.756991893053054810e+00
6.570000000000000000e+02,6.570000000000004725e-01,4.722730673893984488e+00,1.024549557641610681e-01,-1.813208726561392828e-02,3.668481183801082235e-01,-3.640761866774244737e-02,-1.768940127521131944e-02,-5.718462727963924408e-02,4.753280580043792725e+00
6.580000000000000000e+02,6.580000000000004734e-01,4.722659134563784278e+00,1.024309113441561198e-01,-1.814649676687373273e-02,3.668705228579853816e-01,-3.648040962720244806e-02,-1.761950437926609880e-02,-7.505877492076251656e-02,4.789992898702621460e+00
6.590000000000000000e+02,6.590000000000004743e-01,4.722587554683063793e+00,1.024055855670609749e-01,-1.816158785820571123e-02,3.668784761881185297e-01,-3.655593773292675763e-02,-1.753644903973872182e-02,-7.962066656909883022e-02,4.747339427471160889e+00
6.600000000000000000e+02,6.600000000000004752e-01,4.722515973265355882e+00,1.023784731250798330e-01,-1.817745213614328434e-02,3.668714077693913667e-01,-3.663584401273323188e-02,-1.743536527599048869e-02,-7.619301893282681704e-02,4.733503758907318115e+00
6.610000000000000000e+02,6.610000000000004761e-01,4.722444380105240924e+00,1.023495457148531351e-01,-1.819419106274963380e-02,3.668474326519179929e-01,-3.672011316021728256e-02,-1.731672831709415994e-02,-1.065074878279119730e-01,4.698182404041290283e+00
6.620000000000000000e+02,6.620000000000004770e-01,4.722372770567000444e+00,1.023186998467967568e-01,-1.821169842838764666e-02,3.668095885662614464e-01,-3.680850337616980994e-02,-1.718071729849998674e-02,-9.373597381636500359e-02,4.727804332971572876e+00
6.630000000000000000e+02,6.630000000000004778e-01,4.722301113957866114e+00,1.022859038591866221e-01,-1.822993108083658179e-02,3.667571421370757756e-01,-3.690019287301438133e-02,-1.702781785472795573e-02,-9.598522167652845383e-02,4.728386729955673218e+00
6.640000000000000000e+02,6.640000000000004787e-01,4.722229424620196347e+00,1.022513662161643744e-01,-1.824897747248050567e-02,3.666870549847774940e-01,-3.699527123713997057e-02,-1.685860436338476598e-02,-8.950726455077528954e-02,4.760215878486633301e+00
6.650000000000000000e+02,6.650000000000004796e-01,4.722157669957330661e+00,1.022152081817460367e-01,-1.826884566290561118e-02,3.666023522099871590e-01,-3.709364125844016868e-02,-1.667431703930305487e-02,-5.874345329357311130e-02,4.785446286201477051e+00
6.660000000000000000e+02,6.660000000000004805e-01,4.722085872410012541e+00,1.021774588250338178e-01,-1.828949195484547152e-02,3.665039916428017852e-01,-3.719525239840315578e-02,-1.647605124474321725e-02,-8.790155089809559286e-02,4.802430957555770874e+00
6.670000000000000000e+02,6.670000000000004814e-01,4.722014075831097557e+00,1.021380938832984059e-01,-1.831099373330871694e-02,3.663923217142823763e-01,-3.730040882994134499e-02,-1.626402855430908456e-02,-8.659464342053979635e-02,4.815326184034347534e+00
6.680000000000000000e+02,6.680000000000004823e-01,4.721942244004053713e+00,1.020973053250902596e-01,-1.833320606063061978e-02,3.662656185667947373e-01,-3.740813445689550321e-02,-1.604008332741244103e-02,-9.051048010587692261e-02,4.775238215923309326e+00
6.690000000000000000e+02,6.690000000000004832e-01,4.721870366448074563e+00,1.020553670014591324e-01,-1.835600033782158053e-02,3.661254245005764463e-01,-3.751737019988010680e-02,-1.580707487615451434e-02,-1.083970934851095080e-01,4.810939610004425049e+00
6.700000000000000000e+02,6.700000000000004841e-01,4.721798421991630690e+00,1.020123586395671050e-01,-1.837931329229414851e-02,3.659748054364720948e-01,-3.762759770342127830e-02,-1.556583753541293524e-02,-1.024338710412848741e-01,4.769823133945465088e+00
6.710000000000000000e+02,6.710000000000004849e-01,4.721726408529857366e+00,1.019685404623293518e-01,-1.840310633129983720e-02,3.658155551188965182e-01,-3.773862626444368651e-02,-1.531789844372732912e-02,-8.302216802258044481e-02,4.778147041797637939e+00
6.720000000000000000e+02,6.720000000000004858e-01,4.721654281056713032e+00,1.019239588719735162e-01,-1.842759812181173421e-02,3.656460878346571297e-01,-3.785058485508496773e-02,-1.506374941189636552e-02,-8.125062123872339725e-02,4.756894677877426147e+00
6.730000000000000000e+02,6.730000000000004867e-01,4.721582107092513247e+00,1.018785116783816058e-01,-1.845287400408992043e-02,3.654713520927957981e-01,-3.796391705251078719e-02,-1.480312236798889125e-02,-7.146953558549284935e-02,4.759150832891464233e+00
6.740000000000000000e+02,6.740000000000004876e-01,4.721509860834811612e+00,1.018321364334312806e-01,-1.847887431640571690e-02,3.652962058787502242e-01,-3.807829139415375153e-02,-1.453649982217172787e-02,-6.758273672312498093e-02,4.794058620929718018e+00
6.750000000000000000e+02,6.750000000000004885e-01,4.721437493688960707e+00,1.017847363339662026e-01,-1.850551926466957250e-02,3.651157313909935143e-01,-3.819356218263791902e-02,-1.426283531349117895e-02,-3.644444630481302738e-02,4.814315348863601685e+00
6.760000000000000000e+02,6.760000000000004894e-01,4.721364993125471088e+00,1.017362991113092835e-01,-1.853273055872083422e-02,3.649258763971489072e-01,-3.830961367188812083e-02,-1.398172822026447215e-02,-3.466889815172180533e-02,4.842011541128158569e+00
6.770000000000000000e+02,6.770000000000004903e-01,4.721292460331065755e+00,1.016875589479255965e-01,-1.856011510328888642e-02,3.647334999353810669e-01,-3.842532014296429210e-02,-1.369570061056535337e-02,-4.897811490809544921e-02,4.848572999238967896e+00
6.780000000000000000e+02,6.780000000000004912e-01,4.721219868281798959e+00,1.016384226994295897e-01,-1.858775187905475218e-02,3.645394375827938349e-01,-3.854118696508956887e-02,-1.340432751748335538e-02,-4.639869602397084236e-02,4.862792760133743286e+00
6.790000000000000000e+02,6.790000000000004921e-01,4.721147227604479468e+00,1.015887332186578562e-01,-1.861579701589261004e-02,3.643486035579378557e-01,-3.865782489085045626e-02,-1.310774310399062670e-02,-5.077651562169194221e-02,4.836633384227752686e+00
6.800000000000000000e+02,6.800000000000004929e-01,4.721074528115368096e+00,1.015384229505263414e-01,-1.864424882378033430e-02,3.641574420327976513e-01,-3.877525471277909475e-02,-1.280548811691853417e-02,-1.808875286951661110e-02,4.832962810993194580e+00
6.810000000000000000e+02,6.810000000000004938e-01,4.721001765982612675e+00,1.014876967494898752e-01,-1.867311388321177615e-02,3.639655157774338012e-01,-3.889299925672706770e-02,-1.249906861363409005e-02,-3.238194109871983528e-02,4.853435397148132324e+00
6.820000000000000000e+02,6.820000000000004947e-01,4.720929002146744935e+00,1.014368862452355441e-01,-1.870229940687935868e-02,3.637701932427127582e-01,-3.901043392040159929e-02,-1.219031236257975270e-02,-1.113836461445316672e-02,4.860595881938934326e+00
6.830000000000000000e+02,6.830000000000004956e-01,4.720856216347402601e+00,1.013860046816550259e-01,-1.873183849135706680e-02,3.635723469238201222e-01,-3.912771721121854895e-02,-1.187942848446324473e-02,-2.018764428794384003e-02,4.838515281677246094e+00
6.840000000000000000e+02,6.840000000000004965e-01,4.720783439763026834e+00,1.013350305491168279e-01,-1.876165278181267729e-02,3.633699605857152459e-01,-3.924457652673130070e-02,-1.156620061452653947e-02,-1.470521523151546717e-02,4.901581913232803345e+00
6.850000000000000000e+02,6.850000000000004974e-01,4.720710676732355893e+00,1.012840304692917553e-01,-1.879171264110530634e-02,3.631655808817324527e-01,-3.936093106977578415e-02,-1.125059417242302295e-02,-3.489948110654950142e-03,4.921403765678405762e+00
6.860000000000000000e+02,6.860000000000004983e-01,4.720637904169008081e+00,1.012329905949153203e-01,-1.882200996400295104e-02,3.629540630660360589e-01,-3.947662956024067249e-02,-1.093265006129004457e-02,1.528433524072170258e-03,4.970533251762390137e+00
6.870000000000000000e+02,6.870000000000004992e-01,4.720565127177111187e+00,1.011819133441100166e-01,-1.885261475277906495e-02,3.627361600425386134e-01,-3.959222215932789446e-02,-1.061223554351978238e-02,-1.748609499190934002e-02,5.011485606431961060e+00
6.880000000000000000e+02,6.880000000000005000e-01,4.720492354128848156e+00,1.011308192112193721e-01,-1.888350193050846240e-02,3.625073634460954652e-01,-3.970773135003757837e-02,-1.028922021030101441e-02,-1.530967844882979989e-02,4.945180267095565796e+00
6.890000000000000000e+02,6.890000000000005009e-01,4.720419532813459718e+00,1.010795795938107672e-01,-1.891468978175316409e-02,3.622622753325152045e-01,-3.982328245967003966e-02,-9.962721330356888449e-03,-8.401649771258234978e-02,4.985779136419296265e+00
6.900000000000000000e+02,6.900000000000005018e-01,4.720346653575110629e+00,1.010280541722357039e-01,-1.894611135008224603e-02,3.619999928036736203e-01,-3.993836236466874468e-02,-9.632378746239456113e-03,-7.491875858977437019e-02,4.984955847263336182e+00
6.910000000000000000e+02,6.910000000000005027e-01,4.720273649607036326e+00,1.009763543410807096e-01,-1.897769236631839315e-02,3.617195269243351774e-01,-4.005240422808253875e-02,-9.299115008330721688e-03,-7.562297489494085312e-02,5.010320633649826050e+00
6.920000000000000000e+02,6.920000000000005036e-01,4.720200520812303679e+00,1.009245296657678287e-01,-1.900936456446645703e-02,3.614229529963525200e-01,-4.016528659436646720e-02,-8.963540324383151292e-03,-9.668861934915184975e-02,4.989434644579887390e+00
6.930000000000000000e+02,6.930000000000005045e-01,4.720127246098662965e+00,1.008727376969149603e-01,-1.904100227894925043e-02,3.611126712468264444e-01,-4.027669027083335962e-02,-8.626498801486720547e-03,-8.719154633581638336e-02,4.965671464800834656e+00
6.940000000000000000e+02,6.940000000000005054e-01,4.720053850379670735e+00,1.008209145994491546e-01,-1.907257480535295979e-02,3.607885968640432983e-01,-4.038647862741706618e-02,-8.287866959901163399e-03,-6.718897749669849873e-02,4.988227427005767822e+00
6.950000000000000000e+02,6.950000000000005063e-01,4.719980330438808380e+00,1.007688556590056461e-01,-1.910408205396378969e-02,3.604478713587996319e-01,-4.049430492291850037e-02,-7.946860547896533733e-03,-5.580442762584425509e-02,4.966857165098190308e+00
6.960000000000000000e+02,6.960000000000005071e-01,4.719906657556409257e+00,1.007165494448834658e-01,-1.913544917084145786e-02,3.600912927804689190e-01,-4.060003653420540815e-02,-7.603240322760190795e-03,-2.952796593308448792e-02,4.944649353623390198e+00
6.970000000000000000e+02,6.970000000000005080e-01,4.719832830781641064e+00,1.006639839386491014e-01,-1.916677766257689555e-02,3.597210873175106238e-01,-4.070407303690393164e-02,-7.257077830442743016e-03,-3.129247087053954601e-02,4.963347554206848145e+00
6.980000000000000000e+02,6.980000000000005089e-01,4.719758884800099530e+00,1.006110396975745114e-01,-1.919821909021097311e-02,3.593419454355533116e-01,-4.080744269789260414e-02,-6.906840163391186893e-03,-4.972723461105488241e-02,4.930753678083419800e+00
6.990000000000000000e+02,6.990000000000005098e-01,4.719684889521738924e+00,1.005577657358543847e-01,-1.922981041039278569e-02,3.589557253194494146e-01,-4.091074555171014815e-02,-6.551920427747520703e-03,-5.322418252399074845e-02,4.917120218276977539e+00
7.000000000000000000e+02,7.000000000000005107e-01,4.719610817665596869e+00,1.005041711755747802e-01,-1.926150260882720025e-02,3.585593070546343464e-01,-4.101323996102301805e-02,-6.193307603342274037e-03,-3.539299522526562214e-02,4.915446996688842773e+00
7.010000000000000000e+02,7.010000000000005116e-01,4.719536651497733715e+00,1.004502728603641898e-01,-1.929337185026713461e-02,3.581571313967089054e-01,-4.111487249149936574e-02,-5.832509354082249242e-03,-4.786790674552321434e-02,4.914565652608871460e+00
7.020000000000000000e+02,7.020000000000005125e-01,4.719462421318591616e+00,1.003961971868396891e-01,-1.932533405471573845e-02,3.577487957870446045e-01,-4.121544126250675788e-02,-5.470179904663530213e-03,-3.370249900035560131e-02,4.950260251760482788e+00
7.030000000000000000e+02,7.030000000000005134e-01,4.719388134474092666e+00,1.003418584773268785e-01,-1.935739123237500622e-02,3.573340715581343474e-01,-4.131493495595961463e-02,-5.105840377798875895e-03,-4.186331480741500854e-02,4.995454639196395874e+00
7.040000000000000000e+02,7.040000000000005143e-01,4.719313777835104418e+00,1.002870522218769073e-01,-1.938965476930921972e-02,3.569099562795150504e-01,-4.141416202296022142e-02,-4.737296329617474155e-03,-4.073743778280913830e-02,4.985236227512359619e+00
7.050000000000000000e+02,7.050000000000005151e-01,4.719239345881979020e+00,1.002318340964052368e-01,-1.942221447522900213e-02,3.564863198697397206e-01,-4.151380259300840869e-02,-4.365364546701444581e-03,-5.129222804680466652e-02,4.962956368923187256e+00
7.060000000000000000e+02,7.060000000000005160e-01,4.719164840792592130e+00,1.001762989077882166e-01,-1.945503265568818141e-02,3.560619568682773517e-01,-4.161337324000013993e-02,-3.990904316066690161e-03,-5.020439578220248222e-02,4.963224783539772034e+00
7.070000000000000000e+02,7.070000000000005169e-01,4.719090230373090833e+00,1.001204803776243463e-01,-1.948810211125602196e-02,3.556308687602535712e-01,-4.171220168347300472e-02,-3.614705512544780230e-03,-6.039783149026334286e-02,5.005303263664245605e+00
7.080000000000000000e+02,7.080000000000005178e-01,4.719015505049182657e+00,1.000642883030950364e-01,-1.952139437623268137e-02,3.551905435641170561e-01,-4.181008704087552097e-02,-3.236516296898722667e-03,-8.149302378296852112e-02,5.043289631605148315e+00
7.090000000000000000e+02,7.090000000000005187e-01,4.718940668882470213e+00,1.000076396575774740e-01,-1.955499979046320877e-02,3.547443534866706605e-01,-4.190792191260328536e-02,-2.855913817611438477e-03,-6.503424211405217648e-02,5.063005357980728149e+00
7.100000000000000000e+02,7.100000000000005196e-01,4.718865693693181207e+00,9.995045690670797955e-02,-1.958897410056364974e-02,3.542986197619231725e-01,-4.200639622931223727e-02,-2.472424133227679732e-03,-5.072004813700914383e-02,5.032364487648010254e+00
7.110000000000000000e+02,7.110000000000005205e-01,4.718790603722725407e+00,9.989296063413331817e-02,-1.962326092744579725e-02,3.538568975593938681e-01,-4.210553234645653120e-02,-2.087021958392859533e-03,-7.342075696215033531e-02,4.981520995497703552e+00
7.120000000000000000e+02,7.120000000000005214e-01,4.718715403143797005e+00,9.983496316934678538e-02,-1.965766427938715061e-02,3.534127419176936735e-01,-4.220426230428664383e-02,-1.698808545171709428e-03,-7.690841972362250090e-02,4.967373371124267578e+00
7.130000000000000000e+02,7.130000000000005222e-01,4.718640085386810235e+00,9.977644932871926331e-02,-1.969224229974805493e-02,3.529671609301456847e-01,-4.230247527410324615e-02,-1.307721263601790973e-03,-3.938329825177788734e-02,5.041588068008422852e+00
7.140000000000000000e+02,7.140000000000005231e-01,4.718564625413036673e+00,9.971753088292194256e-02,-1.972714696451630112e-02,3.525181501786124327e-01,-4.240059967096021509e-02,-9.135975017444952773e-04,-5.638696660753339529e-02,5.076264798641204834e+00
7.150000000000000000e+02,7.150000000000005240e-01,4.718489106000538058e+00,9.965828800238173135e-02,-1.976234346870944791e-02,3.520631009808333767e-01,-4.249913703000762766e-02,-5.158304853114525912e-04,-5.681411852128803730e-02,5.033431321382522583e+00
7.160000000000000000e+02,7.160000000000005249e-01,4.718413504684684234e+00,9.959868701937973912e-02,-1.979795094148593948e-02,3.516102759881151174e-01,-4.259874735999957807e-02,-1.152899022794640072e-04,-3.812743321759626269e-02,4.965654462575912476e+00
7.170000000000000000e+02,7.170000000000005258e-01,4.718337823357575012e+00,9.953871702974870228e-02,-1.983392466612539026e-02,3.511579444688734952e-01,-4.269886533432853959e-02,2.875914434607163006e-04,-3.222979919519275427e-02,4.956902503967285156e+00
7.180000000000000000e+02,7.180000000000005267e-01,4.718262048997448943e+00,9.947825754032470214e-02,-1.987023837404419679e-02,3.507032047308666356e-01,-4.279886758728612683e-02,6.933663590208971605e-04,-5.550477141514420509e-02,5.022085130214691162e+00
7.190000000000000000e+02,7.190000000000005276e-01,4.718186205152940182e+00,9.941732504050634911e-02,-1.990679637097799923e-02,3.502436951578674629e-01,-4.289853579677660456e-02,1.102403716982031101e-03,-6.287080515176057816e-02,4.980941176414489746e+00
7.200000000000000000e+02,7.200000000000005285e-01,4.718110280803276879e+00,9.935613812738787465e-02,-1.994359155593562055e-02,3.497813600653258970e-01,-4.299816327541461369e-02,1.513878713605781856e-03,-4.085539653897285461e-02,5.000791251659393311e+00
7.210000000000000000e+02,7.210000000000005294e-01,4.718034280411976589e+00,9.929456480500722937e-02,-1.998059075198572315e-02,3.493115832079612959e-01,-4.309733971498119764e-02,1.928930870042172563e-03,-3.607982769608497620e-02,4.981212705373764038e+00
7.220000000000000000e+02,7.220000000000005302e-01,4.717958240461592290e+00,9.923262379477905404e-02,-2.001783546506839123e-02,3.488333576860020435e-01,-4.319621344912927263e-02,2.347250079934026790e-03,-3.041318384930491447e-03,4.926933467388153076e+00
7.230000000000000000e+02,7.230000000000005311e-01,4.717882140715310868e+00,9.917069073191431272e-02,-2.005508374306293889e-02,3.483432875836134368e-01,-4.329321786906326075e-02,2.766586712994539843e-03,-1.481116726063191891e-02,4.963317126035690308e+00
7.240000000000000000e+02,7.240000000000005320e-01,4.717806012681938554e+00,9.910875892574351476e-02,-2.009222027762994425e-02,3.478389044743256386e-01,-4.338766565785201479e-02,3.187364066106757043e-03,-2.638609253335744143e-02,4.961812287569046021e+00
7.250000000000000000e+02,7.250000000000005329e-01,4.717729897378706738e+00,9.904671892437731662e-02,-2.012938439712448624e-02,3.473276758687653398e-01,-4.348078265764443451e-02,3.610050805848086242e-03,-5.753241153433918953e-02,5.017593890428543091e+00
7.260000000000000000e+02,7.260000000000005338e-01,4.717653776412204181e+00,9.898456645372824547e-02,-2.016662707097689397e-02,3.468086318650160926e-01,-4.357250463131867591e-02,4.034296093118977522e-03,-5.514370277523994446e-02,4.952590554952621460e+00
7.270000000000000000e+02,7.270000000000005347e-01,4.717577583720254708e+00,9.892262662540518559e-02,-2.020393205620520105e-02,3.462782612455788667e-01,-4.366257166015907742e-02,4.458995994241932159e-03,-5.499643599614500999e-02,4.968737781047821045e+00
7.280000000000000000e+02,7.280000000000005356e-01,4.717501316251036414e+00,9.886079020026498909e-02,-2.024136759763472959e-02,3.457383695352235220e-01,-4.375105141115609442e-02,4.884510340741887724e-03,-6.213082792237401009e-02,4.958102524280548096e+00
7.290000000000000000e+02,7.290000000000005365e-01,4.717424958277730340e+00,9.879896458519453473e-02,-2.027891250939636153e-02,3.451862834855838891e-01,-4.383796522002558760e-02,5.311693930637517713e-03,-6.568513053935021162e-02,4.987683504819869995e+00
7.300000000000000000e+02,7.300000000000005373e-01,4.717348502931129062e+00,9.873735222746425622e-02,-2.031637707311134688e-02,3.446157653498899132e-01,-4.392215732107551673e-02,5.739880509802730568e-03,-5.075638223206624389e-02,5.006332010030746460e+00
7.310000000000000000e+02,7.310000000000005382e-01,4.717271967858216009e+00,9.867595210964934249e-02,-2.035388111207592915e-02,3.440303697871186506e-01,-4.400438886570801067e-02,6.169439914855912033e-03,-7.186153439397457987e-02,5.096834987401962280e+00
7.320000000000000000e+02,7.320000000000005391e-01,4.717195347867493282e+00,9.861454732081428864e-02,-2.039137161144062571e-02,3.434294060125154258e-01,-4.408468920056041185e-02,6.600799543826973981e-03,-8.683567366097122431e-02,5.083702266216278076e+00
7.330000000000000000e+02,7.330000000000005400e-01,4.717118610573578508e+00,9.855327012592042524e-02,-2.042859141546471760e-02,3.428157629614010382e-01,-4.416257847563698213e-02,7.032869206833936015e-03,-9.222549987316597253e-02,5.071154087781906128e+00
7.340000000000000000e+02,7.340000000000005409e-01,4.717041722183517471e+00,9.849216647672033587e-02,-2.046561102927363027e-02,3.421929315628818302e-01,-4.423854311866604050e-02,7.465595202088615157e-03,-8.993813500273972750e-02,5.073453903198242188e+00
7.350000000000000000e+02,7.350000000000005418e-01,4.716964687604794371e+00,9.843119918550155556e-02,-2.050255042689401452e-02,3.415655668586431437e-01,-4.431328460988925855e-02,7.899050198018481295e-03,-1.014647486153990030e-01,5.055372357368469238e+00
7.360000000000000000e+02,7.360000000000005427e-01,4.716887491720496151e+00,9.837044203538460041e-02,-2.053936079322558547e-02,3.409282531017557849e-01,-4.438626667945633208e-02,8.332488544617683290e-03,-1.243713125586509705e-01,5.089687079191207886e+00
7.370000000000000000e+02,7.370000000000005436e-01,4.716810141168360282e+00,9.830992333780874670e-02,-2.057609669461371235e-02,3.402789514682528216e-01,-4.445755540559925834e-02,8.766376534309366919e-03,-1.482021566480398178e-01,5.109995394945144653e+00
7.380000000000000000e+02,7.380000000000005445e-01,4.716732649003195554e+00,9.824957400271371044e-02,-2.061295140529045139e-02,3.396250300926983989e-01,-4.452829376203593092e-02,9.200758330921127159e-03,-1.493583666160702705e-01,5.113655179738998413e+00
7.390000000000000000e+02,7.390000000000005453e-01,4.716654986009114481e+00,9.818929262886116893e-02,-2.064991362199837879e-02,3.389659602091631418e-01,-4.459846298873304526e-02,9.635844607037813425e-03,-1.184953572228550911e-01,5.102559804916381836e+00
7.400000000000000000e+02,7.400000000000005462e-01,4.716577130430597009e+00,9.812924742819512103e-02,-2.068702030461069125e-02,3.383089846095796993e-01,-4.466857473911067800e-02,1.007044151758892947e-02,-1.179107897914946079e-01,5.144644439220428467e+00
7.410000000000000000e+02,7.410000000000005471e-01,4.716499064941269026e+00,9.806929516318066420e-02,-2.072424315332350997e-02,3.376536108923983148e-01,-4.473877352990740519e-02,1.050621998208139951e-02,-9.078928502276539803e-02,5.129571497440338135e+00
7.420000000000000000e+02,7.420000000000005480e-01,4.716420811928568213e+00,9.800936517892377964e-02,-2.076153040581690465e-02,3.370002753648695393e-01,-4.480929302196590136e-02,1.094403202720198309e-02,-8.112752158194780350e-02,5.157468855381011963e+00
7.430000000000000000e+02,7.430000000000005489e-01,4.716342389868400709e+00,9.794934780101315075e-02,-2.079870909644180102e-02,3.363537581135085386e-01,-4.487954075889533101e-02,1.138262989409641324e-02,-9.034818597137928009e-02,5.195359379053115845e+00
7.440000000000000000e+02,7.440000000000005498e-01,4.716263849954968279e+00,9.788901493224790029e-02,-2.083581632598452416e-02,3.357238976057860258e-01,-4.495054914310547822e-02,1.182272906517117805e-02,-1.315903696231544018e-01,5.205698490142822266e+00
7.450000000000000000e+02,7.450000000000005507e-01,4.716185185097994115e+00,9.782846202928915935e-02,-2.087302907130522342e-02,3.351138660471815189e-01,-4.502349596941868093e-02,1.226474958323064968e-02,-1.444572629407048225e-01,5.187732845544815063e+00
7.460000000000000000e+02,7.460000000000005516e-01,4.716106381173594819e+00,9.776770313139129809e-02,-2.091045925359163657e-02,3.345202811763692274e-01,-4.509834512960075870e-02,1.270814426769364958e-02,-1.205316851264797151e-01,5.169221580028533936e+00
7.470000000000000000e+02,7.470000000000005524e-01,4.716027362832348580e+00,9.770674943843450644e-02,-2.094818036292278238e-02,3.339396947336615296e-01,-4.517503830676350418e-02,1.315276067134940607e-02,-1.382150664867367595e-01,5.170703738927841187e+00
7.480000000000000000e+02,7.480000000000005533e-01,4.715948165749011878e+00,9.764563957730962307e-02,-2.098612871199962218e-02,3.333743500481237132e-01,-4.525355163465083486e-02,1.359867240788625864e-02,-1.370425862260162830e-01,5.201462745666503906e+00
7.490000000000000000e+02,7.490000000000005542e-01,4.715868768275447209e+00,9.758461403837950798e-02,-2.102416642045151079e-02,3.328260328917329036e-01,-4.533345841880365157e-02,1.404451266917133845e-02,-1.528552267700433731e-01,5.264238089323043823e+00
7.500000000000000000e+02,7.500000000000005551e-01,4.715789158891958266e+00,9.752354665318402338e-02,-2.106223324198668034e-02,3.322897724682100651e-01,-4.541457657181546814e-02,1.449158420756091470e-02,-1.446791859343647957e-01,5.285808593034744263e+00
7.510000000000000000e+02,7.510000000000005560e-01,4.715709303004411268e+00,9.746242202076361993e-02,-2.110048429081054153e-02,3.317703761982931931e-01,-4.549804274913649138e-02,1.493955833159052449e-02,-1.512645786206121556e-01,5.240205079317092896e+00
7.520000000000000000e+02,7.520000000000005569e-01,4.715629177344161427e+00,9.740116569392380519e-02,-2.113892854658164927e-02,3.312614519222326082e-01,-4.558367364239668262e-02,1.538918876712169759e-02,-1.764970597578212619e-01,5.281889766454696655e+00
7.530000000000000000e+02,7.530000000000005578e-01,4.715548776968235600e+00,9.733976125858576078e-02,-2.117736360537477228e-02,3.307601340522259292e-01,-4.567043664356340571e-02,1.584079314848460540e-02,-1.812266495544463396e-01,5.324890762567520142e+00
7.540000000000000000e+02,7.540000000000005587e-01,4.715468086044520390e+00,9.727825074112814163e-02,-2.121585096811863871e-02,3.302647784491088423e-01,-4.575830237976097337e-02,1.629350731743295366e-02,-1.473791981115937233e-01,5.226719111204147339e+00
7.550000000000000000e+02,7.550000000000005596e-01,4.715386908493360174e+00,9.721800901841813614e-02,-2.125413755046389255e-02,3.297715142496703278e-01,-4.584370056323328058e-02,1.673567548389490178e-02,-1.135575842345133424e-01,5.271472215652465820e+00
7.560000000000000000e+02,7.560000000000005604e-01,4.715305205978076231e+00,9.715970835801210348e-02,-2.129192276096805031e-02,3.292784742887244209e-01,-4.592404551519635447e-02,1.716227720747071084e-02,-9.063569456338882446e-02,5.272037148475646973e+00
7.570000000000000000e+02,7.570000000000005613e-01,4.715223012815092929e+00,9.710350990127872284e-02,-2.132880972856788723e-02,3.287804849526948514e-01,-4.599789133492326876e-02,1.757275900248919664e-02,-7.632259449746925384e-02,5.259862810373306274e+00
7.580000000000000000e+02,7.580000000000005622e-01,4.715140387428133906e+00,9.704918409095084075e-02,-2.136478034177072965e-02,3.282787412581632536e-01,-4.606545103930304030e-02,1.796791332186417622e-02,-8.910623891279101372e-02,5.222265601158142090e+00
7.590000000000000000e+02,7.590000000000005631e-01,4.715057380373330886e+00,9.699680140789646021e-02,-2.140006147513231344e-02,3.277791004405823383e-01,-4.612795068660768827e-02,1.834732840388095254e-02,-8.148168760817497969e-02,5.209006130695343018e+00
7.600000000000000000e+02,7.600000000000005640e-01,4.714973998926141441e+00,9.694634545834825146e-02,-2.143465198417567052e-02,3.272827610071717408e-01,-4.618531516908142009e-02,1.871096054294796307e-02,-9.659964381717145443e-02,5.267314791679382324e+00
7.610000000000000000e+02,7.610000000000005649e-01,4.714890275832928523e+00,9.689782373044866781e-02,-2.146857237147066153e-02,3.267866801082268680e-01,-4.623740355465000285e-02,1.905958735925225578e-02,-8.049330697394907475e-02,5.226381689310073853e+00
7.620000000000000000e+02,7.620000000000005658e-01,4.714806223176273292e+00,9.685130186136908792e-02,-2.150197028767953863e-02,3.262912748013483411e-01,-4.628506250663488863e-02,1.939353513748953706e-02,-4.345180769450962543e-02,5.237937569618225098e+00
7.630000000000000000e+02,7.630000000000005667e-01,4.714721875939483553e+00,9.680671043066950421e-02,-2.153492139433198227e-02,3.257969516453939063e-01,-4.632862182790176142e-02,1.971309597507203693e-02,-3.776232968084514141e-02,5.254456758499145508e+00
7.640000000000000000e+02,7.640000000000005675e-01,4.714637277688429329e+00,9.676396722619072521e-02,-2.156734448117646197e-02,3.252959702228861438e-01,-4.636764961593486944e-02,2.001935521168321519e-02,-2.932466194033622742e-02,5.275897711515426636e+00
7.650000000000000000e+02,7.650000000000005684e-01,4.714552488289502463e+00,9.672285911543271331e-02,-2.159937720203567585e-02,3.247916211879590120e-01,-4.640337623963608493e-02,2.031427461642656973e-02,-1.723871764261275530e-02,5.321193903684616089e+00
7.660000000000000000e+02,7.660000000000005693e-01,4.714467579762994021e+00,9.668343267104692607e-02,-2.163116470781802775e-02,3.242902311195138276e-01,-4.643716569846345621e-02,2.059832413991077860e-02,-1.500478880188893527e-02,5.327746063470840454e+00
7.670000000000000000e+02,7.670000000000005702e-01,4.714382581460268895e+00,9.664573622939938435e-02,-2.166266056938708634e-02,3.237934393557878598e-01,-4.646910308726881489e-02,2.087057228791522334e-02,-2.987898979336023331e-02,5.317268133163452148e+00
7.680000000000000000e+02,7.680000000000005711e-01,4.714297482213731350e+00,9.660965582377264993e-02,-2.169376528540327420e-02,3.232951424721689504e-01,-4.649864998021646656e-02,2.113173259208400712e-02,-3.267069021239876747e-02,5.321005851030349731e+00
7.690000000000000000e+02,7.690000000000005720e-01,4.714212291091117280e+00,9.657506085435649257e-02,-2.172434414642108666e-02,3.227959750281631512e-01,-4.652553665204761657e-02,2.138266203823110945e-02,-2.895623398944735527e-02,5.361556529998779297e+00
7.700000000000000000e+02,7.700000000000005729e-01,4.714126977827271858e+00,9.654194150167604016e-02,-2.175454832878959480e-02,3.222979161156223071e-01,-4.655047300189485426e-02,2.162366935743012530e-02,-8.587409975007176399e-03,5.358780980110168457e+00
7.710000000000000000e+02,7.710000000000005738e-01,4.714041592017550464e+00,9.651002686171487877e-02,-2.178447459500770442e-02,3.218028292129072043e-01,-4.657429139747359947e-02,2.185614092733123570e-02,1.204615621827542782e-02,5.381133139133453369e+00
7.720000000000000000e+02,7.720000000000005747e-01,4.713956180513416250e+00,9.647919448805615528e-02,-2.181413903546108521e-02,3.213086896368231304e-01,-4.659725451754703762e-02,2.208156401151389892e-02,1.771250646561384201e-02,5.390070497989654541e+00
7.730000000000000000e+02,7.730000000000005755e-01,4.713870774108723793e+00,9.644974370618400461e-02,-2.184348483243327491e-02,3.208160527926452454e-01,-4.661908579819451504e-02,2.229833389899435470e-02,-2.485146746039390564e-03,5.365607202053070068e+00
7.740000000000000000e+02,7.740000000000005764e-01,4.713785376674748839e+00,9.642154942771545556e-02,-2.187242257733116799e-02,3.203294384171874176e-01,-4.663965102660228013e-02,2.250599728743765682e-02,6.838025990873575211e-03,5.314693450927734375e+00
7.750000000000000000e+02,7.750000000000005773e-01,4.713699986604692249e+00,9.639435010160377071e-02,-2.190097253586581125e-02,3.198490037914575312e-01,-4.665913684486233670e-02,2.270596186886161827e-02,-2.280385140329599380e-02,5.366147994995117188e+00
7.760000000000000000e+02,7.760000000000005782e-01,4.713614602700795686e+00,9.636795250136440116e-02,-2.192913025314824002e-02,3.193701428359088101e-01,-4.667725166151504013e-02,2.290015108329285232e-02,-4.688102100044488907e-02,5.435264140367507935e+00
7.770000000000000000e+02,7.770000000000005791e-01,4.713529191555730691e+00,9.634228031019788363e-02,-2.195689202601001574e-02,3.188915671191817625e-01,-4.669417154402122350e-02,2.308930546904566783e-02,-6.197454544599168003e-02,5.414292275905609131e+00
7.780000000000000000e+02,7.780000000000005800e-01,4.713443713807712321e+00,9.631744474271225487e-02,-2.198438087935250182e-02,3.184187006726008073e-01,-4.671096403675401021e-02,2.327239516488757709e-02,-4.598295933101326227e-02,5.411901444196701050e+00
7.790000000000000000e+02,7.790000000000005809e-01,4.713358162997967504e+00,9.629326705167072509e-02,-2.201159376173231208e-02,3.179462587329000001e-01,-4.672724971139441408e-02,2.345081753780875466e-02,-4.338975012069568038e-02,5.438034564256668091e+00
7.800000000000000000e+02,7.800000000000005818e-01,4.713272525963192017e+00,9.626972828254293235e-02,-2.203835705636881387e-02,3.174695436086468758e-01,-4.674231653283067445e-02,2.362547669867218203e-02,-1.477946131490170956e-02,5.465474694967269897e+00
7.810000000000000000e+02,7.810000000000005826e-01,4.713186818805163547e+00,9.624670873150198425e-02,-2.206456149145849185e-02,3.169839465919601640e-01,-4.675561750337631217e-02,2.379680837694542195e-02,-3.417988674482330680e-02,5.423381745815277100e+00
7.820000000000000000e+02,7.820000000000005835e-01,4.713101069058928339e+00,9.622412817764465498e-02,-2.209034455675482761e-02,3.164877265191437528e-01,-4.676791033817950805e-02,2.396569696231592994e-02,-3.001312923151999712e-02,5.448515146970748901e+00
7.830000000000000000e+02,7.830000000000005844e-01,4.713015246198964725e+00,9.620183039884455667e-02,-2.211584059973679961e-02,3.159804331932901111e-01,-4.677958052054309590e-02,2.413373085884745750e-02,-1.779228996019810438e-02,5.402442693710327148e+00
7.840000000000000000e+02,7.840000000000005853e-01,4.712929371298375081e+00,9.617982855026342703e-02,-2.214117656012827215e-02,3.154758953134843003e-01,-4.679222594070608920e-02,2.430030214240649911e-02,-1.720206439495086670e-02,5.381264925003051758e+00
7.850000000000000000e+02,7.850000000000005862e-01,4.712843457181288720e+00,9.615810209014218068e-02,-2.216626178056342253e-02,3.149744164973685701e-01,-4.680541115807734798e-02,2.446580423070940369e-02,-6.288802251219749451e-03,5.403399676084518433e+00
7.860000000000000000e+02,7.860000000000005871e-01,4.712757534773002632e+00,9.613647199005065369e-02,-2.219106388136051627e-02,3.144729280475380695e-01,-4.681909459513855509e-02,2.463223111446632974e-02,-1.215789373964071274e-02,5.414297372102737427e+00
7.870000000000000000e+02,7.870000000000005880e-01,4.712671757691249574e+00,9.611373798423079873e-02,-2.221589927966709926e-02,3.139682842538727425e-01,-4.683656934125179916e-02,2.481058297930660572e-02,3.033938817679882050e-03,5.400012105703353882e+00
7.880000000000000000e+02,7.880000000000005889e-01,4.712586216196717359e+00,9.608941354549756231e-02,-2.224096216781319343e-02,3.134596847953919907e-01,-4.685937783503835163e-02,2.500513022012071374e-02,-3.349419683218002319e-03,5.372176527976989746e+00
7.890000000000000000e+02,7.890000000000005898e-01,4.712500939758614393e+00,9.606330387864782383e-02,-2.226636224390224697e-02,3.129470408284922844e-01,-4.688809189848108794e-02,2.521739299157910175e-02,-4.889931762591004372e-03,5.362989693880081177e+00
7.900000000000000000e+02,7.900000000000005906e-01,4.712415915147354362e+00,9.603542229366766880e-02,-2.229200047533358778e-02,3.124281160681569025e-01,-4.692213471255923807e-02,2.544781234424028926e-02,-3.632094478234648705e-03,5.367595374584197998e+00
7.910000000000000000e+02,7.910000000000005915e-01,4.712331143910476250e+00,9.600563830158323486e-02,-2.231795296254855676e-02,3.119040587883327165e-01,-4.696194257937991168e-02,2.569710432883920426e-02,-2.351756219286471605e-02,5.353729575872421265e+00
7.920000000000000000e+02,7.920000000000005924e-01,4.712246657307296083e+00,9.597394397053016224e-02,-2.234420298988678416e-02,3.113766637623359701e-01,-4.700776632391856502e-02,2.596555120469717926e-02,-3.492594580166041851e-02,5.319203376770019531e+00
7.930000000000000000e+02,7.930000000000005933e-01,4.712162404205443522e+00,9.594042801519160613e-02,-2.237076785291117545e-02,3.108452610478708023e-01,-4.705926799205517597e-02,2.625203732307418436e-02,-3.411701053846627474e-02,5.293154984712600708e+00
7.940000000000000000e+02,7.940000000000005942e-01,4.712078332501017819e+00,9.590512020242263069e-02,-2.239764537759013005e-02,3.103077782975706134e-01,-4.711588505905517366e-02,2.655574155563625305e-02,-3.281461598817259073e-02,5.287784188985824585e+00
7.950000000000000000e+02,7.950000000000005951e-01,4.711994413062067011e+00,9.586804419531455568e-02,-2.242475667111092780e-02,3.097656040858925430e-01,-4.717718929360192881e-02,2.687614238637270336e-02,-4.806595004629343748e-02,5.299533456563949585e+00
7.960000000000000000e+02,7.960000000000005960e-01,4.711910623254435215e+00,9.582922492153068961e-02,-2.245206570221788822e-02,3.092201510057376312e-01,-4.724303223882797553e-02,2.721258572807924714e-02,-5.665572785073891282e-02,5.325444549322128296e+00
7.970000000000000000e+02,7.970000000000005969e-01,4.711826934390209054e+00,9.578896137105799569e-02,-2.247947602418606111e-02,3.086689368473968242e-01,-4.731269473189292363e-02,2.756374415989629179e-02,-6.022810822469182312e-02,5.339501380920410156e+00
7.980000000000000000e+02,7.980000000000005977e-01,4.711743286891990401e+00,9.574745642370161014e-02,-2.250688159048536141e-02,3.081078949144815393e-01,-4.738534039138464493e-02,2.792837636344533414e-02,-5.654989126196596771e-02,5.334443151950836182e+00
7.990000000000000000e+02,7.990000000000005986e-01,4.711659658322879807e+00,9.570467241395469449e-02,-2.253425480090917588e-02,3.075378983182672776e-01,-4.746078774333195582e-02,2.830572624196495135e-02,-5.482113914331421256e-02,5.289418548345565796e+00
8.000000000000000000e+02,8.000000000000005995e-01,4.711576056123579548e+00,9.566044230506987045e-02,-2.256175467379487390e-02,3.069590690940468547e-01,-4.753968290515131478e-02,2.869655569995327449e-02,-6.922615400981158018e-02,5.289590626955032349e+00
8.010000000000000000e+02,8.010000000000006004e-01,4.711492495249441248e+00,9.561490346128652396e-02,-2.258931389950907115e-02,3.063724654411943971e-01,-4.762153503729371629e-02,2.910014321561904538e-02,-6.720988289453089237e-02,5.256670802831649780e+00
8.020000000000000000e+02,8.020000000000006013e-01,4.711409002194225870e+00,9.556838631939440498e-02,-2.261693807506017992e-02,3.057791423667732822e-01,-4.770619194013447917e-02,2.951504929505785468e-02,-7.415722170844674110e-02,5.255660980939865112e+00
8.030000000000000000e+02,8.030000000000006022e-01,4.711325548301034338e+00,9.552091919065720804e-02,-2.264473848167697367e-02,3.051799717855456784e-01,-4.779353170638866999e-02,2.994004459485369307e-02,-7.758640273823402822e-02,5.232811689376831055e+00
8.040000000000000000e+02,8.040000000000006031e-01,4.711242090120501658e+00,9.547260859741998895e-02,-2.267264081874348011e-02,3.045752051429629348e-01,-4.788319757331005455e-02,3.037427489349053822e-02,-8.266480016754940152e-02,5.278486371040344238e+00
8.050000000000000000e+02,8.050000000000006040e-01,4.711158573366112989e+00,9.542354934093330576e-02,-2.270065540231169798e-02,3.039657478705494187e-01,-4.797492702320682589e-02,3.081720984922239892e-02,-6.717723142355680466e-02,5.270940184593200684e+00
8.060000000000000000e+02,8.060000000000006048e-01,4.711074970188914968e+00,9.537379603056174437e-02,-2.272885504535217954e-02,3.033561803820601366e-01,-4.806937880006634245e-02,3.126818445735696228e-02,-9.119331045076251030e-02,5.248430103063583374e+00
8.070000000000000000e+02,8.070000000000006057e-01,4.710991286151645419e+00,9.532337765265182228e-02,-2.275732221374274222e-02,3.027467077398910966e-01,-4.816646362829324346e-02,3.172600926885307815e-02,-9.696974465623497963e-02,5.232326984405517578e+00
8.080000000000000000e+02,8.080000000000006066e-01,4.710907487753950740e+00,9.527235365693827174e-02,-2.278599683009859683e-02,3.021353265710595704e-01,-4.826563093439140140e-02,3.219049609282725877e-02,-8.946307189762592316e-02,5.205299526453018188e+00
8.090000000000000000e+02,8.090000000000006075e-01,4.710823604912473428e+00,9.522074559522983317e-02,-2.281486316936920389e-02,3.015202359971791424e-01,-4.836672175693923492e-02,3.266176628571140772e-02,-1.218977136595640332e-01,5.231592446565628052e+00
8.100000000000000000e+02,8.100000000000006084e-01,4.710739645477817206e+00,9.516867276707866030e-02,-2.284388899313561511e-02,3.009007569823172190e-01,-4.846905936970746787e-02,3.313858708220196458e-02,-1.429554941132664680e-01,5.297856628894805908e+00
8.110000000000000000e+02,8.110000000000006093e-01,4.710655537629352629e+00,9.511635770093603004e-02,-2.287302043571650192e-02,3.002741683324199329e-01,-4.857210018744684277e-02,3.361965434437780287e-02,-1.355308194179087877e-01,5.280385762453079224e+00
8.120000000000000000e+02,8.120000000000006102e-01,4.710571278934750694e+00,9.506388360308512531e-02,-2.290233521768432132e-02,2.996463640932318651e-01,-4.867707847995417225e-02,3.410504797259930609e-02,-1.168921838980168104e-01,5.240002691745758057e+00
8.130000000000000000e+02,8.130000000000006111e-01,4.710486858029583779e+00,9.501139100983600760e-02,-2.293171713988703675e-02,2.990151693573749325e-01,-4.878305894572498858e-02,3.459382718751027874e-02,-1.409535957500338554e-01,5.256244599819183350e+00
8.140000000000000000e+02,8.140000000000006120e-01,4.710402270121855750e+00,9.495896878969704857e-02,-2.296115152524291422e-02,2.983795785689988822e-01,-4.888933980608722862e-02,3.508485627541765850e-02,-1.084317477652803063e-01,5.258502244949340820e+00
8.150000000000000000e+02,8.150000000000006128e-01,4.710317498363500555e+00,9.490648768410679670e-02,-2.299063636464031279e-02,2.977384661838758939e-01,-4.899596953802087818e-02,3.557887161989384261e-02,-8.642334898468106985e-02,5.256894737482070923e+00
8.160000000000000000e+02,8.160000000000006137e-01,4.710232586979626213e+00,9.485379037236683908e-02,-2.302037928780537382e-02,2.970948725400667789e-01,-4.910409003482740786e-02,3.607643136119531579e-02,-8.305440470576286316e-02,5.189530938863754272e+00
8.170000000000000000e+02,8.170000000000006146e-01,4.710147587105182332e+00,9.480084610728937988e-02,-2.305040923135754857e-02,2.964504606791084074e-01,-4.921420156318823125e-02,3.657788198144959479e-02,-9.522526146611198783e-02,5.235376030206680298e+00
8.180000000000000000e+02,8.180000000000006155e-01,4.710062522084236036e+00,9.474782385392156725e-02,-2.308076583772343537e-02,2.958077779464470258e-01,-4.932619160293039151e-02,3.708244315543945957e-02,-1.040883683017455041e-01,5.289449810981750488e+00
8.190000000000000000e+02,8.190000000000006164e-01,4.709977370999506974e+00,9.469474762280319369e-02,-2.311132955527891650e-02,2.951657448671987094e-01,-4.943964314942284055e-02,3.758968440680590661e-02,-8.487649139715358615e-02,5.280135244131088257e+00
8.200000000000000000e+02,8.200000000000006173e-01,4.709892115232353405e+00,9.464155547299814286e-02,-2.314214951522709784e-02,2.945300375341933785e-01,-4.955544158170743785e-02,3.809928376874135991e-02,-8.964822895359247923e-02,5.338676691055297852e+00
8.210000000000000000e+02,8.210000000000006182e-01,4.709806767613969214e+00,9.458821563045038960e-02,-2.317317075282153763e-02,2.938989148444989818e-01,-4.967336701841551516e-02,3.861178212981314362e-02,-6.246647879015654325e-02,5.329446166753768921e+00
8.220000000000000000e+02,8.220000000000006191e-01,4.709721341575141551e+00,9.453482282795648561e-02,-2.320428092587973820e-02,2.932662865950166342e-01,-4.979280534811425518e-02,3.912699449035164645e-02,-6.885265745222568512e-02,5.306621730327606201e+00
8.230000000000000000e+02,8.230000000000006199e-01,4.709635853065417876e+00,9.448124611247955829e-02,-2.323547606725993517e-02,2.926326811366559144e-01,-4.991364338343795559e-02,3.964546380068423304e-02,-6.820305855944752693e-02,5.342569082975387573e+00
8.240000000000000000e+02,8.240000000000006208e-01,4.709550266437641852e+00,9.442753970154839360e-02,-2.326688994368511856e-02,2.920044306112733468e-01,-5.003655712572108172e-02,4.016670950252007599e-02,-7.296559959650039673e-02,5.323222428560256958e+00
8.250000000000000000e+02,8.250000000000006217e-01,4.709464590028471065e+00,9.437370029623229351e-02,-2.329839545001610723e-02,2.913806649876821142e-01,-5.016133552145496388e-02,4.069066923185030160e-02,-7.947641622740775347e-02,5.311744600534439087e+00
8.260000000000000000e+02,8.260000000000006226e-01,4.709378842822098399e+00,9.431969503835233026e-02,-2.333006199779600123e-02,2.907617839667587800e-01,-5.028825060735098162e-02,4.121749716925200702e-02,-9.861461026594042778e-02,5.298941969871520996e+00
8.270000000000000000e+02,8.270000000000006235e-01,4.709292989846624700e+00,9.426543225624539613e-02,-2.336193862807671440e-02,2.901469575800711964e-01,-5.041738052738597986e-02,4.174765868938125346e-02,-9.827828267589211464e-02,5.318109571933746338e+00
8.280000000000000000e+02,8.280000000000006244e-01,4.709207025498958643e+00,9.421104015311926316e-02,-2.339410763371571264e-02,2.895365730704739793e-01,-5.054884682604865453e-02,4.228021692091632477e-02,-1.059515877859666944e-01,5.338417381048202515e+00
8.290000000000000000e+02,8.290000000000006253e-01,4.709120945568164629e+00,9.415657744593662615e-02,-2.342642940623293826e-02,2.889311333945042137e-01,-5.068230304425402899e-02,4.281478742486803657e-02,-9.476624312810599804e-02,5.332313895225524902e+00
8.300000000000000000e+02,8.300000000000006262e-01,4.709034723290081992e+00,9.410195055916781293e-02,-2.345887486962757937e-02,2.883253889757904642e-01,-5.081732605712452333e-02,4.335217904551767754e-02,-6.547244440298527479e-02,5.298868745565414429e+00
8.310000000000000000e+02,8.310000000000006271e-01,4.708948375320909818e+00,9.404722315273833511e-02,-2.349156109313107685e-02,2.877222550120101530e-01,-5.095460302027521315e-02,4.389202436862905954e-02,-3.957684070337563753e-02,5.259724676609039307e+00
8.320000000000000000e+02,8.320000000000006279e-01,4.708861948907310691e+00,9.399245008174934857e-02,-2.352443055117870233e-02,2.871232021095116993e-01,-5.109396910417163262e-02,4.443421946695394475e-02,-5.271702437312342227e-02,5.265307068824768066e+00
8.330000000000000000e+02,8.330000000000006288e-01,4.708775493807273449e+00,9.393746334579992918e-02,-2.355752427684592101e-02,2.865316456110458265e-01,-5.123588974339887692e-02,4.497961362811174479e-02,-3.909708099672570825e-02,5.306101173162460327e+00
8.340000000000000000e+02,8.340000000000006297e-01,4.708689078724409782e+00,9.388242727739697091e-02,-2.359107979197094807e-02,2.859499595380810000e-01,-5.138107650116929825e-02,4.552674592057076586e-02,-1.704127993434667587e-02,5.301046550273895264e+00
8.350000000000000000e+02,8.350000000000006306e-01,4.708602719101581791e+00,9.382736776316513705e-02,-2.362509320675744082e-02,2.853749935146773220e-01,-5.152943708423340929e-02,4.607572148919271415e-02,-2.811735868453979492e-02,5.322667181491851807e+00
8.360000000000000000e+02,8.360000000000006315e-01,4.708516406949908806e+00,9.377235543404308094e-02,-2.365946779523707411e-02,2.848103287843660736e-01,-5.168075653613235509e-02,4.662556586966801198e-02,-2.521830773912370205e-02,5.290051430463790894e+00
8.370000000000000000e+02,8.370000000000006324e-01,4.708430099177368433e+00,9.371744216803656879e-02,-2.369402072967384879e-02,2.842530082780673761e-01,-5.183421395273457577e-02,4.717616445463568287e-02,4.776506684720516205e-03,5.240622192621231079e+00
8.380000000000000000e+02,8.380000000000006333e-01,4.708343821113342820e+00,9.366254605912634201e-02,-2.372877126222743688e-02,2.837021479323508233e-01,-5.198973859507360906e-02,4.772846420787797694e-02,1.365524670109152794e-02,5.261069059371948242e+00
8.390000000000000000e+02,8.390000000000006342e-01,4.708257589639418761e+00,9.360760103892114270e-02,-2.376378300826793161e-02,2.831606552458207915e-01,-5.214732045788350590e-02,4.828111960200492936e-02,-1.038333121687173843e-02,5.256443977355957031e+00
8.400000000000000000e+02,8.400000000000006350e-01,4.708171436826411593e+00,9.355247467738933564e-02,-2.379905442896705289e-02,2.826268786101786556e-01,-5.230713032492273484e-02,4.883521663499267029e-02,-1.738908141851425171e-02,5.238570094108581543e+00
8.410000000000000000e+02,8.410000000000006359e-01,4.708085366065255073e+00,9.349730501619506196e-02,-2.383449359700598805e-02,2.820999130788891529e-01,-5.246885719660787650e-02,4.939140181240113392e-02,1.623960514552891254e-02,5.269948482513427734e+00
8.420000000000000000e+02,8.420000000000006368e-01,4.707999372481945777e+00,9.344220635460730173e-02,-2.387021910109265663e-02,2.815803290074265219e-01,-5.263268342261051558e-02,4.994892798206963802e-02,2.965485863387584686e-02,5.250654488801956177e+00
8.430000000000000000e+02,8.430000000000006377e-01,4.707913480788820770e+00,9.338737442449680792e-02,-2.390623660295337904e-02,2.810674569306597093e-01,-5.279845281302386617e-02,5.050600289737609827e-02,4.095288494136184454e-02,5.251228928565979004e+00
8.440000000000000000e+02,8.440000000000006386e-01,4.707827725180930400e+00,9.333296925229832286e-02,-2.394247367978739882e-02,2.805592475694930199e-01,-5.296570321110349866e-02,5.106195272326542745e-02,9.233508259057998657e-03,5.245735436677932739e+00
8.450000000000000000e+02,8.450000000000006395e-01,4.707742098349370963e+00,9.327888417898266837e-02,-2.397894425050978856e-02,2.800569907433322903e-01,-5.313454827318242479e-02,5.161661872213031688e-02,-1.573810813715681434e-02,5.261317193508148193e+00
8.460000000000000000e+02,8.460000000000006404e-01,4.707656604088447772e+00,9.322525835972854391e-02,-2.401569802968996081e-02,2.795616834304153198e-01,-5.330518966476072151e-02,5.216957281062459262e-02,-7.901699398644268513e-03,5.289816021919250488e+00
8.470000000000000000e+02,8.470000000000006413e-01,4.707571221732170130e+00,9.317215089525932026e-02,-2.405266107364713302e-02,2.790733827609674922e-01,-5.347751199393635524e-02,5.272074797993364648e-02,1.398500462528318167e-03,5.228652536869049072e+00
8.480000000000000000e+02,8.480000000000006422e-01,4.707485938051488183e+00,9.311952905065412622e-02,-2.408988862252834859e-02,2.785977825859132784e-01,-5.365220079630139693e-02,5.326892748948322542e-02,6.511878964374773204e-03,5.280203789472579956e+00
8.490000000000000000e+02,8.490000000000006430e-01,4.707400730705942671e+00,9.306731067131875090e-02,-2.412742769849806831e-02,2.781385697840005888e-01,-5.382946956183842779e-02,5.381459496131889286e-02,-2.399488934315741062e-03,5.293469935655593872e+00
8.500000000000000000e+02,8.500000000000006439e-01,4.707315633105586095e+00,9.301540523177667663e-02,-2.416520030422048340e-02,2.776980029407682404e-01,-5.400970825444795231e-02,5.435800887266828418e-02,-1.992193725891411304e-02,5.265648245811462402e+00
8.510000000000000000e+02,8.510000000000006448e-01,4.707230622352703620e+00,9.296382905606148661e-02,-2.420327460974422765e-02,2.772769260934422331e-01,-5.419325197169855279e-02,5.489892232145346385e-02,-2.106036414625123143e-02,5.288768559694290161e+00
8.520000000000000000e+02,8.520000000000006457e-01,4.707145670006641858e+00,9.291261692986346743e-02,-2.424167207386177317e-02,2.768727188610554113e-01,-5.437950397134816427e-02,5.543651996133168447e-02,-2.205286652315407991e-02,5.302945286035537720e+00
8.530000000000000000e+02,8.530000000000006466e-01,4.707060757753996683e+00,9.286191359880918705e-02,-2.428036416264601691e-02,2.764838844184981381e-01,-5.456842538152306687e-02,5.597059528160461261e-02,-5.111697851680219173e-02,5.281567096710205078e+00
8.540000000000000000e+02,8.540000000000006475e-01,4.706975888175246148e+00,9.281158112649977310e-02,-2.431937597361386386e-02,2.761082005863326749e-01,-5.476018633217516474e-02,5.650229937140907599e-02,-7.496407465077936649e-02,5.315979301929473877e+00
8.550000000000000000e+02,8.550000000000006484e-01,4.706890992410223795e+00,9.276165032108474318e-02,-2.435867037748378275e-02,2.757446749652923690e-01,-5.495439636852039733e-02,5.703141850234921817e-02,-6.155639758799225092e-02,5.305929183959960938e+00
8.560000000000000000e+02,8.560000000000006493e-01,4.706806079488746519e+00,9.271207559433709833e-02,-2.439833865453737774e-02,2.753953954423540296e-01,-5.515185589247062481e-02,5.755824557421067300e-02,-3.809654375072568655e-02,5.265991687774658203e+00
8.570000000000000000e+02,8.570000000000006501e-01,4.706721182035116691e+00,9.266268499107789547e-02,-2.443856808092194008e-02,2.750629017647745478e-01,-5.535363067177678786e-02,5.808380271801069639e-02,-7.392309047281742096e-02,5.292119204998016357e+00
8.580000000000000000e+02,8.580000000000006510e-01,4.706636283190728243e+00,9.261339915178319615e-02,-2.447931965122897638e-02,2.747433484978922813e-01,-5.555899252763030205e-02,5.860840587558946435e-02,-9.019746491685509682e-02,5.326358169317245483e+00
8.590000000000000000e+02,8.590000000000006519e-01,4.706551310628928952e+00,9.256419004148584706e-02,-2.452049240499228414e-02,2.744355881301519529e-01,-5.576723522924287302e-02,5.913089228897627780e-02,-8.447305392473936081e-02,5.326662778854370117e+00
8.600000000000000000e+02,8.600000000000006528e-01,4.706466278516926671e+00,9.251494404372299918e-02,-2.456229457944446651e-02,2.741467855762348971e-01,-5.598025552622587497e-02,5.965226113827500065e-02,-7.729129400104284286e-02,5.291800588369369507e+00
8.610000000000000000e+02,8.610000000000006537e-01,4.706381168508796620e+00,9.246554306757653885e-02,-2.460473487188096636e-02,2.738783267756629836e-01,-5.619836611027562157e-02,6.017358374483146310e-02,-5.399914784356951714e-02,5.190743088722229004e+00
8.620000000000000000e+02,8.620000000000006546e-01,4.706295988143333275e+00,9.241610712588106680e-02,-2.464768517935329861e-02,2.736272709970168360e-01,-5.642076593714384636e-02,6.069520164242069027e-02,-3.861804772168397903e-02,5.229752540588378906e+00
8.630000000000000000e+02,8.630000000000006555e-01,4.706210756105019044e+00,9.236674475690669073e-02,-2.469114197832407778e-02,2.733953765928334168e-01,-5.664698906877863038e-02,6.121648225059070358e-02,-6.429360387846827507e-02,5.275630503892898560e+00
8.640000000000000000e+02,8.640000000000006564e-01,4.706125490851072790e+00,9.231741728430475913e-02,-2.473521452383072375e-02,2.731866707202158517e-01,-5.687820837928381223e-02,6.173771175236532349e-02,-9.325656638247892261e-02,5.374272018671035767e+00
8.650000000000000000e+02,8.650000000000006573e-01,4.706040168403343493e+00,9.226801622441949124e-02,-2.478003801932732869e-02,2.730040476759785784e-01,-5.711562375390522028e-02,6.225994670332907210e-02,-7.031549746170639992e-02,5.387327164411544800e+00
8.660000000000000000e+02,8.660000000000006581e-01,4.705954752571701150e+00,9.221847762949469951e-02,-2.482529418588600920e-02,2.728413709418415767e-01,-5.735809148913317834e-02,6.278318804088116323e-02,-6.719174631871283054e-02,5.311486244201660156e+00
8.670000000000000000e+02,8.670000000000006590e-01,4.705869243713983074e+00,9.216885507803532218e-02,-2.487103838008092663e-02,2.726961306466536561e-01,-5.760547486677913831e-02,6.330675492437476404e-02,-7.685538215446285903e-02,5.276752233505249023e+00
8.680000000000000000e+02,8.680000000000006599e-01,4.705783638964244453e+00,9.211920117808722330e-02,-2.491733595856038611e-02,2.725717515605776686e-01,-5.785791497667736039e-02,6.383000383551878931e-02,-7.161234237719327211e-02,5.260831892490386963e+00
8.690000000000000000e+02,8.690000000000006608e-01,4.705697938215080534e+00,9.206943555151324288e-02,-2.496421262573305169e-02,2.724719125013448373e-01,-5.811574058639812357e-02,6.435295635154163196e-02,-5.571459955535829067e-02,5.233508318662643433e+00
8.700000000000000000e+02,8.700000000000006617e-01,4.705612139359359958e+00,9.201940509735233309e-02,-2.501169815222796175e-02,2.723991059855060959e-01,-5.837931302768861741e-02,6.487634463955967157e-02,-7.712172390893101692e-02,5.198043704032897949e+00
8.710000000000000000e+02,8.710000000000006626e-01,4.705526320935095264e+00,9.196907236867243873e-02,-2.505982187244217355e-02,2.723537426626258529e-01,-5.864892274796829064e-02,6.540125071234630105e-02,-8.103277313057333231e-02,5.249070078134536743e+00
8.720000000000000000e+02,8.720000000000006635e-01,4.705440448458836578e+00,9.191851093187884680e-02,-2.510847621916747693e-02,2.723290346183864230e-01,-5.892326603249409267e-02,6.592779659976921725e-02,-7.211778836790472269e-02,5.274444669485092163e+00
8.730000000000000000e+02,8.730000000000006644e-01,4.705354493143933503e+00,9.186775891126965077e-02,-2.515736615477758009e-02,2.723228380501016010e-01,-5.920120396604700019e-02,6.645497718414167254e-02,-6.700838403776288033e-02,5.287512689828872681e+00
8.740000000000000000e+02,8.740000000000006652e-01,4.705268452355750419e+00,9.181679214968337110e-02,-2.520663735452766813e-02,2.723319578766206228e-01,-5.948316487325500113e-02,6.698275059119263020e-02,-8.719636967725818977e-02,5.250392973423004150e+00
8.750000000000000000e+02,8.750000000000006661e-01,4.705182408332817978e+00,9.176546532113157018e-02,-2.525648717386054162e-02,2.723588579132587006e-01,-5.977065265992576037e-02,6.751276305100811781e-02,-8.322424371726810932e-02,5.230513393878936768e+00
8.760000000000000000e+02,8.760000000000006670e-01,4.705096339729757382e+00,9.171376945976152106e-02,-2.530680271156903610e-02,2.723966392895841859e-01,-6.006230978875826132e-02,6.804532993014884845e-02,-7.907551713287830353e-02,5.269770830869674683e+00
8.770000000000000000e+02,8.770000000000006679e-01,4.705010216193382000e+00,9.166173090614369856e-02,-2.535746269417287618e-02,2.724511386254042655e-01,-6.035816004264638046e-02,6.857981498635448703e-02,-8.773371251299977303e-02,5.314924061298370361e+00
8.780000000000000000e+02,8.780000000000006688e-01,4.704924034268575639e+00,9.160928307972329709e-02,-2.540840777698111924e-02,2.725219595923122906e-01,-6.065796550139612719e-02,6.911551156211906410e-02,-1.035091242956696078e-01,5.333096802234649658e+00
8.790000000000000000e+02,8.790000000000006697e-01,4.704837831962477068e+00,9.155643184468822970e-02,-2.545984208089560608e-02,2.726109245874105969e-01,-6.096303162308602808e-02,6.965268750743920656e-02,-9.476707241265103221e-02,5.270103037357330322e+00
8.800000000000000000e+02,8.800000000000006706e-01,4.704751574063405606e+00,9.150311642983935401e-02,-2.551176132505694749e-02,2.727149777605912817e-01,-6.127323047538557610e-02,7.019248981642763063e-02,-9.344157419400289655e-02,5.256780624389648438e+00
8.810000000000000000e+02,8.810000000000006715e-01,4.704665229604202636e+00,9.144942544015753627e-02,-2.556404954398153184e-02,2.728294975986901849e-01,-6.158719516946598027e-02,7.073410315843542406e-02,-9.230641939211636782e-02,5.256271660327911377e+00
8.820000000000000000e+02,8.820000000000006724e-01,4.704578814158610456e+00,9.139534162043465304e-02,-2.561685310850768046e-02,2.729584066029739908e-01,-6.190599693397835779e-02,7.127793426022037415e-02,-1.037831589346751571e-01,5.269475430250167847e+00
8.830000000000000000e+02,8.830000000000006732e-01,4.704492341329733485e+00,9.134081594546955563e-02,-2.567009261690881422e-02,2.731029060454479573e-01,-6.222946917889693452e-02,7.182388129055751469e-02,-8.562640030868351460e-02,5.312666326761245728e+00
8.840000000000000000e+02,8.840000000000006741e-01,4.704405766484030416e+00,9.128585848560544225e-02,-2.572375204919031752e-02,2.732651201095979698e-01,-6.255763634748334745e-02,7.237051553105110224e-02,-9.881677466910332441e-02,5.359471172094345093e+00
8.850000000000000000e+02,8.850000000000006750e-01,4.704319089703399293e+00,9.123048588789654800e-02,-2.577772960721963838e-02,2.734431536913799476e-01,-6.289005378390699619e-02,7.291771183994845418e-02,-9.083192047546617687e-02,5.277409285306930542e+00
8.860000000000000000e+02,8.860000000000006759e-01,4.704232360046578520e+00,9.117476645706835969e-02,-2.583210333198864353e-02,2.736384055500341028e-01,-6.322760058419030216e-02,7.346607268164447035e-02,-9.915698226541280746e-02,5.283151954412460327e+00
8.870000000000000000e+02,8.870000000000006768e-01,4.704145520939227332e+00,9.111864693349804034e-02,-2.588666378615268188e-02,2.738403904638187503e-01,-6.356780941947959285e-02,7.401542517306201885e-02,-1.020984504139050841e-01,5.290109008550643921e+00
8.880000000000000000e+02,8.880000000000006777e-01,4.704058563777915758e+00,9.106212894100011723e-02,-2.594146914523338607e-02,2.740462319046832462e-01,-6.391063776177929867e-02,7.456627569277508860e-02,-9.815780026838183403e-02,5.300697952508926392e+00
8.890000000000000000e+02,8.890000000000006786e-01,4.703971500604331446e+00,9.100535275835426596e-02,-2.599660765489851533e-02,2.742564081061574788e-01,-6.425669880894058217e-02,7.511942252338152382e-02,-8.185108704492449760e-02,5.297323524951934814e+00
8.900000000000000000e+02,8.900000000000006795e-01,4.703884356554850044e+00,9.094823933716124353e-02,-2.605213012869497108e-02,2.744749533610989500e-01,-6.460679119591539177e-02,7.567469441986383882e-02,-9.955990174785256386e-02,5.267551422119140625e+00
8.910000000000000000e+02,8.910000000000006803e-01,4.703797171993150172e+00,9.089069812208369625e-02,-2.610800881469714854e-02,2.746985912482114434e-01,-6.496060635022460339e-02,7.623297344896053096e-02,-9.377119853161275387e-02,5.215522259473800659e+00
8.920000000000000000e+02,8.920000000000006812e-01,4.703709915116283113e+00,9.083268552030987486e-02,-2.616423223294520733e-02,2.749268097726276783e-01,-6.531791050764090834e-02,7.679488708782894468e-02,-7.986752036958932877e-02,5.236913681030273438e+00
8.930000000000000000e+02,8.930000000000006821e-01,4.703622572099020793e+00,9.077444708220325231e-02,-2.622076371716100876e-02,2.751584754949778500e-01,-6.567783830894224906e-02,7.735873491323393136e-02,-8.452888141619041562e-02,5.216729283332824707e+00
8.940000000000000000e+02,8.940000000000006830e-01,4.703535195910260924e+00,9.071620319263073995e-02,-2.627755116975425548e-02,2.753948195604495330e-01,-6.604035837115684870e-02,7.792303319462197397e-02,-6.138978985836729407e-02,5.223472833633422852e+00
8.950000000000000000e+02,8.950000000000006839e-01,4.703447771548005640e+00,9.065785377589440086e-02,-2.633449466916378684e-02,2.756328574055595393e-01,-6.640465168676534802e-02,7.848814174247521758e-02,-6.716094986768439412e-02,5.231926143169403076e+00
8.960000000000000000e+02,8.960000000000006848e-01,4.703360344114988045e+00,9.059933387808753735e-02,-2.639169333439523105e-02,2.758762577646420855e-01,-6.677181344070692859e-02,7.905525304905101913e-02,-6.272863809135742486e-02,5.171787708997726440e+00
8.970000000000000000e+02,8.970000000000006857e-01,4.703272973567603543e+00,9.054059546337704656e-02,-2.644906526151476547e-02,2.761210773202864566e-01,-6.714129096399856778e-02,7.962531344933374000e-02,-4.722535924520343542e-02,5.166975677013397217e+00
8.980000000000000000e+02,8.980000000000006866e-01,4.703185587681180557e+00,9.048170835905580689e-02,-2.650653486140855039e-02,2.763657274700153099e-01,-6.751197399738684268e-02,8.019661136567352022e-02,-5.255368561483919621e-02,5.176246464252471924e+00
