iter,time,x,y,z,roll,pitch,yaw,fx,fz
0.000000000000000000e+00,0.000000000000000000e+00,4.750000000000000000e+00,1.000000000000000056e-01,-1.000000000000000021e-02,0.000000000000000000e+00,0.000000000000000000e+00,5.000000000000000278e-02,-1.278440998867154121e-01,2.793075937777757645e+00
1.000000000000000000e+00,1.000000000000000021e-03,4.750000000000000000e+00,1.000000000000000056e-01,-1.000000000000000021e-02,0.000000000000000000e+00,0.000000000000000000e+00,5.000000000000000278e-02,-1.249711178243160248e-01,3.249498158693313599e+00
2.000000000000000000e+00,2.000000000000000042e-03,4.749999874198231886e+00,9.999639433419690859e-02,-1.000908340986146443e-02,1.687912048780465524e-05,-1.501079062160570743e-05,5.001270747084898133e-02,-1.110008130781352520e-01,4.217300936579704285e+00
3.000000000000000000e+00,3.000000000000000062e-03,4.749999613210872162e+00,9.998950629205279050e-02,-1.002611641272106724e-02,5.239778949136381092e-05,-4.418408521345007500e-05,5.003622885778116758e-02,-1.078458437696099281e-01,4.582647636532783508e+00
4.000000000000000000e+00,4.000000000000000083e-03,4.749999209914961718e+00,9.998020851115797802e-02,-1.004771816635060405e-02,1.103287637330835347e-04,-8.254352140935061755e-05,5.006620215843340244e-02,-1.130678765475749969e-01,4.586052849888801575e+00
5.000000000000000000e+00,5.000000000000000104e-03,4.749998657679906700e+00,9.996880251511693072e-02,-1.007250857777250257e-02,1.920648789161469305e-04,-1.278734896517086383e-04,5.010077196747002998e-02,-8.161025866866111755e-02,4.554929360747337341e+00
6.000000000000000000e+00,6.000000000000000125e-03,4.749997943979669124e+00,9.995537123277126179e-02,-1.010059713124436889e-02,2.961144818935876333e-04,-1.805531715468600140e-04,5.013943061153146308e-02,-8.069718675687909126e-02,4.558231219649314880e+00
7.000000000000000000e+00,7.000000000000000146e-03,4.749997102907002500e+00,9.994052960616799097e-02,-1.013220286033685719e-02,4.239498326225159264e-04,-2.411011216270075863e-04,5.017858828584989550e-02,-7.118836836889386177e-02,4.561207458376884460e+00
8.000000000000000000e+00,8.000000000000000167e-03,4.749996139894477665e+00,9.992420792879193325e-02,-1.016737130744512982e-02,5.767936536767749589e-04,-3.096862843412484523e-04,5.021905617111888098e-02,-6.997048016637563705e-02,4.593539357185363770e+00
9.000000000000000000e+00,9.000000000000001055e-03,4.749995072511278948e+00,9.990647656103984753e-02,-1.020599038469665112e-02,7.513284960422791925e-04,-3.859643671344503701e-04,5.026039536036052552e-02,-6.734357168897986412e-02,4.529419109225273132e+00
1.000000000000000000e+01,1.000000000000000194e-02,4.749993910271261832e+00,9.988724105979018830e-02,-1.024793040403364566e-02,9.486052143633655342e-04,-4.697149066146266705e-04,5.030348413491552567e-02,-6.688780989497900009e-02,4.510847404599189758e+00
1.100000000000000000e+01,1.100000000000000283e-02,4.749992658079595920e+00,9.986654969316165198e-02,-1.029278260315820599e-02,1.168797881510814929e-03,-5.592090514159320236e-04,5.034797026690997213e-02,-6.417042715474963188e-02,4.515400066971778870e+00
1.200000000000000000e+01,1.200000000000000372e-02,4.749991313658974867e+00,9.984443950976511217e-02,-1.034043901319204803e-02,1.412162647577926838e-03,-6.539798681362007926e-04,5.039354423899264357e-02,-6.470770481973886490e-02,4.538297221064567566e+00
1.300000000000000000e+01,1.300000000000000461e-02,4.749989885680949264e+00,9.982081507447836122e-02,-1.039105768412925193e-02,1.680276679375949239e-03,-7.545693526551655594e-04,5.044046937129403885e-02,-7.436573598533868790e-02,4.550003200769424438e+00
1.400000000000000000e+01,1.400000000000000550e-02,4.749988374380299305e+00,9.979565079493801782e-02,-1.044475102570771065e-02,1.972440269068394952e-03,-8.614861174647270303e-04,5.048888462968742497e-02,-8.417433034628629684e-02,4.588374853134155273e+00
1.500000000000000000e+01,1.500000000000000638e-02,4.749986763367678222e+00,9.976892318658256431e-02,-1.050151342943708883e-02,2.287570816110435362e-03,-9.747851289576558997e-04,5.053889221831213419e-02,-8.345722965896129608e-02,4.580397844314575195e+00
1.600000000000000000e+01,1.600000000000000727e-02,4.749985039156474187e+00,9.974052348194167861e-02,-1.056118605917269644e-02,2.624606345872273344e-03,-1.094189579381898980e-03,5.059114076232618107e-02,-7.431429531425237656e-02,4.588126212358474731e+00
1.700000000000000000e+01,1.700000000000000816e-02,4.749983207881457226e+00,9.971034467697681425e-02,-1.062385693206516733e-02,2.984436711788794605e-03,-1.219936685744826832e-03,5.064614408574057147e-02,-7.474678754806518555e-02,4.573847115039825439e+00
1.800000000000000000e+01,1.800000000000000905e-02,4.749981285276348331e+00,9.967847676589018657e-02,-1.068952342625830755e-02,3.364623521027128306e-03,-1.352067415992141974e-03,5.070380513847935755e-02,-7.168867532163858414e-02,4.564859271049499512e+00
1.900000000000000000e+01,1.900000000000000994e-02,4.749979273409819847e+00,9.964483256243823750e-02,-1.075830904618917290e-02,3.764846076504280853e-03,-1.490895583468709873e-03,5.076435422698558075e-02,-7.168400380760431290e-02,4.554846651852130890e+00
2.000000000000000000e+01,2.000000000000001082e-02,4.749977183295531091e+00,9.960937230501698547e-02,-1.083022167184670079e-02,4.183721323590187252e-03,-1.636393527885360299e-03,5.082846463427086181e-02,-7.684869319200515747e-02,4.378912284970283508e+00
2.100000000000000000e+01,2.100000000000001171e-02,4.749975012383843342e+00,9.957215872009177182e-02,-1.090535503496323222e-02,4.621964882195503388e-03,-1.788803560983875940e-03,5.089566716872431090e-02,-8.320202026516199112e-02,4.342161379754543304e+00
2.200000000000000000e+01,2.200000000000001260e-02,4.749972737379910548e+00,9.953336220055930550e-02,-1.098326611470694034e-02,5.079519286043783499e-03,-1.945587337119247806e-03,5.096458809715019578e-02,-8.669798448681831360e-02,4.344820208847522736e+00
2.300000000000000000e+01,2.300000000000001349e-02,4.749970335982675707e+00,9.949319117868520024e-02,-1.106372933162545237e-02,5.557330944673619794e-03,-2.105779861645729056e-03,5.103421884586414881e-02,-7.210918143391609192e-02,4.415533170104026794e+00
2.400000000000000000e+01,2.400000000000001438e-02,4.749967797195177255e+00,9.945188748598947359e-02,-1.114669963777848750e-02,6.054859717430808447e-03,-2.269251954677198313e-03,5.110448066058993766e-02,-7.361830584704875946e-02,4.479680210351943970e+00
2.500000000000000000e+01,2.500000000000001527e-02,4.749965150597755148e+00,9.940948371326474575e-02,-1.123220139309672773e-02,6.573605401400312020e-03,-2.436525204585038296e-03,5.117589637953700449e-02,-7.426387071609497070e-02,4.457299545407295227e+00
2.600000000000000000e+01,2.600000000000001615e-02,4.749962393073053235e+00,9.936593731899426296e-02,-1.132016356332274550e-02,7.115399010476714664e-03,-2.607763786071082279e-03,5.124784917592857536e-02,-6.224741507321596146e-02,4.591506496071815491e+00
2.700000000000000000e+01,2.700000000000001704e-02,4.749959523343805223e+00,9.932118329422671976e-02,-1.141058076552597250e-02,7.682598374683925063e-03,-2.782804974537755882e-03,5.131966805375982876e-02,-5.613193567842245102e-02,4.765626206994056702e+00
2.800000000000000000e+01,2.800000000000001793e-02,4.749956566152397919e+00,9.927513233978067786e-02,-1.150295607121961695e-02,8.269516441474122209e-03,-2.960864441995836316e-03,5.139108410332338117e-02,-5.617278907448053360e-02,4.941924169659614563e+00
2.900000000000000000e+01,2.900000000000001882e-02,4.749953538591169533e+00,9.922773801353627909e-02,-1.159683465258430635e-02,8.871773770496242661e-03,-3.141548813958339181e-03,5.146285998968340436e-02,-8.371964935213327408e-02,5.085758969187736511e+00
3.000000000000000000e+01,3.000000000000001971e-02,4.749950440967260157e+00,9.917903657943333284e-02,-1.169179902551575195e-02,9.488667012856187577e-03,-3.324600475528516341e-03,5.153554850436124768e-02,-9.357253974303603172e-02,5.135477304458618164e+00
3.100000000000000000e+01,3.100000000000002059e-02,4.749947200995767282e+00,9.912955113893014147e-02,-1.178745648003990190e-02,1.011566131895296969e-02,-3.509629131198455099e-03,5.160711396273602591e-02,-8.310082089155912399e-02,5.108983919024467468e+00
3.200000000000000000e+01,3.200000000000002148e-02,4.749943806194933948e+00,9.907932919183849718e-02,-1.188372226942841642e-02,1.074972191420793186e-02,-3.696670581859962113e-03,5.167827448418688130e-02,-8.890637150034308434e-02,5.112151578068733215e+00
3.300000000000000000e+01,3.300000000000002237e-02,4.749940267206704370e+00,9.902855029908952389e-02,-1.198066050158236133e-02,1.139184965910744821e-02,-3.885766384869704382e-03,5.174844566315493777e-02,-9.076158143579959869e-02,5.080198436975479126e+00
3.400000000000000000e+01,3.400000000000002326e-02,4.749936563314586913e+00,9.897738172665083989e-02,-1.207823649571890950e-02,1.204421561658304204e-02,-4.076819679887933034e-03,5.181693210832064023e-02,-9.411007771268486977e-02,5.064090341329574585e+00
3.500000000000000000e+01,3.500000000000002415e-02,4.749932687441638102e+00,9.892591404666331578e-02,-1.217640202188739057e-02,1.270968443932648378e-02,-4.269470183571044686e-03,5.188341648266737299e-02,-1.016293894499540329e-01,5.084520548582077026e+00
3.600000000000000000e+01,3.600000000000002504e-02,4.749928631303345306e+00,9.887424557309854034e-02,-1.227531823061752542e-02,1.338925699621020329e-02,-4.464129593912291583e-03,5.194701063526301066e-02,-9.646412031725049019e-02,5.101395025849342346e+00
3.700000000000000000e+01,3.700000000000002592e-02,4.749924372798468575e+00,9.882271643698217756e-02,-1.237492755199190789e-02,1.407906820245209689e-02,-4.660742993748412388e-03,5.200782014011398613e-02,-8.668177714571356773e-02,5.051516294479370117e+00
3.800000000000000000e+01,3.800000000000002681e-02,4.749919922433151420e+00,9.877132514871551916e-02,-1.247521822670961435e-02,1.477849402409433383e-02,-4.859364807213495396e-03,5.206519511650336413e-02,-8.962243003770709038e-02,5.037552937865257263e+00
3.900000000000000000e+01,3.900000000000002770e-02,4.749915304017104489e+00,9.871995022085806870e-02,-1.257643313782318313e-02,1.549071644564510922e-02,-5.060470533070571264e-03,5.211946259253280589e-02,-6.921410304494202137e-02,5.037138968706130981e+00
4.000000000000000000e+01,4.000000000000002859e-02,4.749910516836643559e+00,9.866846436952828037e-02,-1.267868389527491285e-02,1.621425121271578493e-02,-5.264340249882426548e-03,5.217135901381322882e-02,-7.486540731042623520e-02,5.023378252983093262e+00
4.100000000000000000e+01,4.100000000000002948e-02,4.749905604489023325e+00,9.861676398271868038e-02,-1.278204307215850301e-02,1.695077794269499519e-02,-5.471209456326953102e-03,5.222147164875094727e-02,-6.874443311244249344e-02,5.058650076389312744e+00
4.200000000000000000e+01,4.200000000000003036e-02,4.749900557362638054e+00,9.856488758151824014e-02,-1.288664064705256559e-02,1.769998708776542376e-02,-5.681404664432898599e-03,5.226934171947457408e-02,-7.216766150668263435e-02,5.047459706664085388e+00
4.300000000000000000e+01,4.300000000000003125e-02,4.749895384537093257e+00,9.851296876370752020e-02,-1.299245409126271143e-02,1.845826686687352183e-02,-5.895067881817706024e-03,5.231465700503080962e-02,-7.667104946449398994e-02,4.995943814516067505e+00
4.400000000000000000e+01,4.400000000000003214e-02,4.749890073400639068e+00,9.846114914569678578e-02,-1.309942007229771693e-02,1.922295868248215939e-02,-6.111914513540650518e-03,5.235672266634894961e-02,-7.047899346798658371e-02,5.020326882600784302e+00
4.500000000000000000e+01,4.500000000000003303e-02,4.749884624581202530e+00,9.840925672156454473e-02,-1.320774413580716976e-02,1.999315239795911026e-02,-6.332294004389504849e-03,5.239630509417864124e-02,-7.026265002787113190e-02,5.050199747085571289e+00
4.600000000000000000e+01,4.600000000000003392e-02,4.749879051915000261e+00,9.835732786845351183e-02,-1.331747933534882522e-02,2.077264072091952046e-02,-6.556524421951648307e-03,5.243341988139477855e-02,-5.356248468160629272e-02,5.089566946029663086e+00
4.700000000000000000e+01,4.700000000000003481e-02,4.749873362048639081e+00,9.830529496867021488e-02,-1.342867600691101219e-02,2.156097223083660100e-02,-6.784966275107828793e-03,5.246905943912824610e-02,-5.470082722604274750e-02,5.046187803149223328e+00
4.800000000000000000e+01,4.800000000000003569e-02,4.749867593771049279e+00,9.825307560364555937e-02,-1.354122826501991117e-02,2.235943640619528910e-02,-7.017511879595650370e-03,5.250338043322626963e-02,-5.668184533715248108e-02,5.036539316177368164e+00
4.900000000000000000e+01,4.900000000000003658e-02,4.749861751193660275e+00,9.820061190893523972e-02,-1.365520160670354380e-02,2.316444185291370930e-02,-7.254115921956350022e-03,5.253729052688733969e-02,-4.039613343775272369e-02,4.981925040483474731e+00
5.000000000000000000e+01,5.000000000000003747e-02,4.749855828143085823e+00,9.814785782297989758e-02,-1.377042875688269663e-02,2.397799864104731976e-02,-7.494195014505100616e-03,5.257169367567030710e-02,-3.782566590234637260e-02,4.934841781854629517e+00
5.100000000000000000e+01,5.100000000000003836e-02,4.749849863011338158e+00,9.809477316221888732e-02,-1.388692772348168285e-02,2.480032531499088908e-02,-7.737488446268425690e-03,5.260785529364850333e-02,-4.021099419333040714e-02,4.909448564052581787e+00
5.200000000000000000e+01,5.200000000000003925e-02,4.749843862467412414e+00,9.804138057649038063e-02,-1.400456433588330440e-02,2.562904534899798983e-02,-7.983272618363512763e-03,5.264602460946372908e-02,-4.480764013715088367e-02,4.911791831254959106e+00
5.300000000000000000e+01,5.300000000000004013e-02,4.749837829699890435e+00,9.798750007783760263e-02,-1.412316538970610422e-02,2.646534094264620801e-02,-8.230809850999554200e-03,5.268604220662257559e-02,-3.661319334059953690e-02,4.907079845666885376e+00
5.400000000000000000e+01,5.400000000000004102e-02,4.749831749895245814e+00,9.793325583159596948e-02,-1.424268209243452488e-02,2.730747448038211428e-02,-8.479975117662963413e-03,5.272816990837130707e-02,-3.174572857096791267e-02,4.904645174741744995e+00
5.500000000000000000e+01,5.500000000000004191e-02,4.749825634168676203e+00,9.787869623192320401e-02,-1.436328156113573541e-02,2.815481200097870451e-02,-8.731277360714440050e-03,5.277171302013090870e-02,-3.348746290430426598e-02,4.972534984350204468e+00
5.600000000000000000e+01,5.600000000000004280e-02,4.749819490599143990e+00,9.782388619777558636e-02,-1.448498507488539533e-02,2.900608862862918969e-02,-8.984756140570260285e-03,5.281594375203647884e-02,-4.197724838741123676e-02,4.977086380124092102e+00
5.700000000000000000e+01,5.700000000000004369e-02,4.749813328811803181e+00,9.776863300291975534e-02,-1.460759435694784086e-02,2.985963170817084594e-02,-9.240234650671252936e-03,5.286314531130815314e-02,-4.305470624240115285e-02,4.924503594636917114e+00
5.800000000000000000e+01,5.800000000000004458e-02,4.749807122737069953e+00,9.771313961493582889e-02,-1.473118124144481497e-02,3.071401379779310076e-02,-9.497961130598753243e-03,5.291200789814847621e-02,-4.974961280822753906e-02,4.977851241827011108e+00
5.900000000000000000e+01,5.900000000000004546e-02,4.749800877065712079e+00,9.765737615591647824e-02,-1.485559815537884111e-02,3.156536303473376354e-02,-9.757138911501428424e-03,5.296320352686362948e-02,-5.913208471611142159e-02,5.040662974119186401e+00
6.000000000000000000e+01,6.000000000000004635e-02,4.749794567592523720e+00,9.760171017538386840e-02,-1.498074785240325300e-02,3.240681670449996332e-02,-1.001775724804843115e-02,5.301491384388673511e-02,-5.435562302591279149e-02,4.981282457709312439e+00
6.100000000000000000e+01,6.100000000000004724e-02,4.749788170001929544e+00,9.754625078807782623e-02,-1.510635961136758305e-02,3.323778118874898269e-02,-1.027930045854752450e-02,5.306599009601112305e-02,-5.918094354274217039e-02,4.974490880966186523e+00
6.200000000000000000e+01,6.200000000000004813e-02,4.749781701374027776e+00,9.749079496126120126e-02,-1.523255457719602940e-02,3.405793076846131556e-02,-1.054184800317514714e-02,5.311855233500429457e-02,-5.964582948945462704e-02,5.001505166292190552e+00
6.300000000000000000e+01,6.300000000000004208e-02,4.749775159111665701e+00,9.743537225016668524e-02,-1.535947531292185947e-02,3.485975864700967264e-02,-1.080587329542437303e-02,5.317414306184836681e-02,-5.354236159473657608e-02,5.069508939981460571e+00
6.400000000000000000e+01,6.400000000000004297e-02,4.749768530016569734e+00,9.738024524518200387e-02,-1.548714571875613698e-02,3.564637289533195696e-02,-1.107158938462071696e-02,5.323091431752087488e-02,-6.043997267261147499e-02,5.108755245804786682e+00
6.500000000000000000e+01,6.500000000000004385e-02,4.749761823246573478e+00,9.732550655830975173e-02,-1.561535295554932444e-02,3.641651906682397827e-02,-1.133871858061863414e-02,5.328838566613346844e-02,-6.013638526201248169e-02,5.107298374176025391e+00
6.600000000000000000e+01,6.600000000000004474e-02,4.749755029582502175e+00,9.727102254788404234e-02,-1.574403848545097295e-02,3.717327267554337150e-02,-1.160731159411332314e-02,5.334667755740670619e-02,-7.287314115092158318e-02,5.095100909471511841e+00
6.700000000000000000e+01,6.700000000000004563e-02,4.749748162017808362e+00,9.721650369746133447e-02,-1.587326414320745088e-02,3.791650107524222740e-02,-1.187759314898073626e-02,5.340728084972635320e-02,-7.621056959033012390e-02,5.063398927450180054e+00
6.800000000000000000e+01,6.800000000000004652e-02,4.749741197445868757e+00,9.716201905342813916e-02,-1.600301925280242857e-02,3.864441887707340678e-02,-1.214950500089040375e-02,5.347150257285673142e-02,-7.824755460023880005e-02,5.067237794399261475e+00
6.900000000000000000e+01,6.900000000000004741e-02,4.749734120670821014e+00,9.710785816982918373e-02,-1.613349615550077956e-02,3.935656630387236038e-02,-1.242343475640095285e-02,5.353746432201197253e-02,-9.773213602602481842e-02,5.120124757289886475e+00
7.000000000000000000e+01,7.000000000000004829e-02,4.749726929223177407e+00,9.705402501622416300e-02,-1.626471046311495777e-02,4.005214594264371736e-02,-1.269941609656899395e-02,5.360405502888137413e-02,-1.155927833169698715e-01,5.088732510805130005e+00
7.100000000000000000e+01,7.100000000000004918e-02,4.749719602213732017e+00,9.700016116480818240e-02,-1.639648626339869700e-02,4.073434711292699129e-02,-1.297726476385308025e-02,5.367378590636592839e-02,-1.182053163647651672e-01,5.142197132110595703e+00
7.200000000000000000e+01,7.200000000000005007e-02,4.749712093605961805e+00,9.694654393338185405e-02,-1.652887561299820965e-02,4.140355131430792368e-02,-1.325692891047203226e-02,5.374519540533914674e-02,-1.134446486830711365e-01,5.083671659231185913e+00
7.300000000000000000e+01,7.300000000000005096e-02,4.749704388736635252e+00,9.689351667983941985e-02,-1.666188960723821375e-02,4.205398388326508224e-02,-1.353878075286574223e-02,5.381748594337108088e-02,-1.047135666012763977e-01,5.072543859481811523e+00
7.400000000000000000e+01,7.400000000000005185e-02,4.749696503816942972e+00,9.684115899237849545e-02,-1.679569018051077153e-02,4.268107226549196914e-02,-1.382300992288687524e-02,5.389149821346040509e-02,-9.699213318526744843e-02,5.100955992937088013e+00
7.500000000000000000e+01,7.500000000000005274e-02,4.749688460516972022e+00,9.678941951008557254e-02,-1.693042510338478232e-02,4.328577702667350813e-02,-1.411003534584809316e-02,5.396750885289350319e-02,-1.059069749899208546e-01,5.137818425893783569e+00
7.600000000000000000e+01,7.600000000000005362e-02,4.749680263249225654e+00,9.673851523298865329e-02,-1.706604490387546302e-02,4.386153366777547497e-02,-1.439987045336033056e-02,5.404460203589698392e-02,-1.171564003452658653e-01,5.139950364828109741e+00
7.700000000000000000e+01,7.700000000000005451e-02,4.749671886441544366e+00,9.668859401673049470e-02,-1.720250199714378966e-02,4.441259540912730758e-02,-1.469254482249904292e-02,5.412122771354862388e-02,-1.252794614993035793e-01,5.154242962598800659e+00
7.800000000000000000e+01,7.800000000000005540e-02,4.749663299125250759e+00,9.663990768429460421e-02,-1.733970294254848568e-02,4.493692279830954067e-02,-1.498771839939494477e-02,5.419570405718506650e-02,-1.231283545494079590e-01,5.127730756998062134e+00
7.900000000000000000e+01,7.900000000000005629e-02,4.749654488054156687e+00,9.659248335035648669e-02,-1.747769113264992930e-02,4.543149910925049773e-02,-1.528567325067742289e-02,5.426919353925589717e-02,-1.331228129565715790e-01,5.179956525564193726e+00
8.000000000000000000e+01,8.000000000000005718e-02,4.749645466528670035e+00,9.654622264637043039e-02,-1.761661367830617483e-02,4.589511766811400773e-02,-1.558677408670305908e-02,5.434320893852408185e-02,-1.313767726533114910e-01,5.193774998188018799e+00
8.100000000000000000e+01,8.100000000000005806e-02,4.749636202688781061e+00,9.650148055034908634e-02,-1.775635981048376971e-02,4.632314100159773407e-02,-1.589096438577963788e-02,5.441638354202180117e-02,-1.261787042021751404e-01,5.182993680238723755e+00
8.200000000000000000e+01,8.200000000000005895e-02,4.749626700533061019e+00,9.645823637704301068e-02,-1.789690278170857560e-02,4.671515258383359542e-02,-1.619823272142295600e-02,5.448846824279144491e-02,-1.148959370329976082e-01,5.247703939676284790e+00
8.300000000000000000e+01,8.300000000000005984e-02,4.749616976256143097e+00,9.641638064190272139e-02,-1.803824707185785331e-02,4.707068421858904422e-02,-1.650851240434803024e-02,5.455949265389015840e-02,-1.106083763297647238e-01,5.242788910865783691e+00
8.400000000000000000e+01,8.400000000000006073e-02,4.749607045326135868e+00,9.637600378548326352e-02,-1.818019802790042314e-02,4.739523303545654931e-02,-1.682154111120914841e-02,5.462855080312545297e-02,-1.240615400020033121e-01,5.263475805521011353e+00
8.500000000000000000e+01,8.500000000000006162e-02,4.749596916176407113e+00,9.633712275536976399e-02,-1.832272772523403648e-02,4.769190537665030094e-02,-1.713719166246630010e-02,5.469560381858941389e-02,-1.254793324042111635e-01,5.305782482028007507e+00
8.600000000000000000e+01,8.600000000000006251e-02,4.749586569932122693e+00,9.629969922178023556e-02,-1.846585469533783622e-02,4.795829549455371543e-02,-1.745568084443327450e-02,5.476151616043473114e-02,-1.258280475158244371e-01,5.360168516635894775e+00
8.700000000000000000e+01,8.700000000000006339e-02,4.749575999268601301e+00,9.626390151669690642e-02,-1.860947117211531748e-02,4.819248942811647785e-02,-1.777690719093349969e-02,5.482568962922046429e-02,-1.225151603575795889e-01,5.358303785324096680e+00
8.800000000000000000e+01,8.800000000000006428e-02,4.749565207724972815e+00,9.622968377409803209e-02,-1.875361048585012097e-02,4.839387349447277914e-02,-1.810132209781323276e-02,5.488828302211976734e-02,-1.258725123479962349e-01,5.325757175683975220e+00
8.900000000000000000e+01,8.900000000000006517e-02,4.749554203257932095e+00,9.619704855248996378e-02,-1.889839814392139938e-02,4.856187059977006004e-02,-1.842937244264009067e-02,5.495025433889519362e-02,-1.272683320567011833e-01,5.311691090464591980e+00
9.000000000000000000e+01,9.000000000000006606e-02,4.749542980796516822e+00,9.616604517600677027e-02,-1.904414991091937445e-02,4.869679563709478770e-02,-1.876185749529146740e-02,5.501083164537328568e-02,-1.292500491254031658e-01,5.362140566110610962e+00
9.100000000000000000e+01,9.100000000000006695e-02,4.749531541354018671e+00,9.613661780798996026e-02,-1.919095129909116973e-02,4.880154517775653344e-02,-1.909894845752502235e-02,5.506974817398839483e-02,-1.222762404941022396e-01,5.308725520968437195e+00
9.200000000000000000e+01,9.200000000000006783e-02,4.749519879229535668e+00,9.610879787638942906e-02,-1.933881031489813329e-02,4.887952235029537768e-02,-1.944095717557181580e-02,5.512618663654370726e-02,-1.043062841054052114e-01,5.295564755797386169e+00
9.300000000000000000e+01,9.300000000000006872e-02,4.749508009233631256e+00,9.608255020607026076e-02,-1.948795998132996782e-02,4.893042788251992375e-02,-1.978829213345489890e-02,5.517965698031874339e-02,-1.148100113496184349e-01,5.357635915279388428e+00
9.400000000000000000e+01,9.400000000000006961e-02,4.749495959717336291e+00,9.605810376031095887e-02,-1.963844077716176556e-02,4.895015249015285952e-02,-2.014097406297632453e-02,5.522906233041594004e-02,-1.143305208534002304e-01,5.407022446393966675e+00
9.500000000000000000e+01,9.500000000000007050e-02,4.749483725505075249e+00,9.603517977332275135e-02,-1.979019754819135585e-02,4.894220008371107794e-02,-2.049922801234904668e-02,5.527554083787044464e-02,-1.066880535800009966e-01,5.426754564046859741e+00
9.600000000000000000e+01,9.600000000000007139e-02,4.749471303334461325e+00,9.601387193816172949e-02,-1.994323879955814047e-02,4.890973916373531072e-02,-2.086341130573199365e-02,5.531913535877561183e-02,-9.585045813582837582e-02,5.339710116386413574e+00
9.700000000000000000e+01,9.700000000000007228e-02,4.749458716836287842e+00,9.599410129708706163e-02,-2.009780441943578508e-02,4.885365449072971711e-02,-2.123441344783771889e-02,5.535965839565012980e-02,-9.851034590974450111e-02,5.318326920270919800e+00
9.800000000000000000e+01,9.800000000000007316e-02,4.749445988408733221e+00,9.597595497228204875e-02,-2.025410028187556513e-02,4.877267935115556924e-02,-2.161236972449653848e-02,5.539716260143778132e-02,-9.711409825831651688e-02,5.339407145977020264e+00
9.900000000000000000e+01,9.900000000000007405e-02,4.749433124276325913e+00,9.595940352357711089e-02,-2.041239835964018395e-02,4.866661583712391520e-02,-2.199805023488821121e-02,5.543225480838639280e-02,-9.797903988510370255e-02,5.339202836155891418e+00
1.000000000000000000e+02,1.000000000000000749e-01,4.749420127454796692e+00,9.594449944676636255e-02,-2.057270235506444833e-02,4.853286839896805288e-02,-2.239158949365127604e-02,5.546453874266920464e-02,-9.848839882761240005e-02,5.252575978636741638e+00
1.010000000000000000e+02,1.010000000000000758e-01,4.749406996994355090e+00,9.593123590284391433e-02,-2.073499257200431267e-02,4.837192545752538875e-02,-2.279290742787076773e-02,5.549363360068651496e-02,-1.085150323342531919e-01,5.277349516749382019e+00
1.020000000000000000e+02,1.020000000000000767e-01,4.749393727567871260e+00,9.591947974835937640e-02,-2.089904980959057107e-02,4.818269065349885250e-02,-2.320077819413346454e-02,5.552019283982910502e-02,-1.068824327085167170e-01,5.290693044662475586e+00
1.030000000000000000e+02,1.030000000000000776e-01,4.749380291701711165e+00,9.590922966317462495e-02,-2.106433798595922988e-02,4.796491125856830462e-02,-2.361361038172171689e-02,5.554425153726158526e-02,-1.131097134202718735e-01,5.291881516575813293e+00
1.040000000000000000e+02,1.040000000000000785e-01,4.749366685227237816e+00,9.590087075302818065e-02,-2.123100121702582374e-02,4.771275559349592160e-02,-2.403194188439683465e-02,5.556468331049548709e-02,-1.277559408918023109e-01,5.275426492094993591e+00
1.050000000000000000e+02,1.050000000000000794e-01,4.749352899384546411e+00,9.589440305085686345e-02,-2.139901999785897430e-02,4.742649254543578746e-02,-2.445571396353241056e-02,5.558153492598204987e-02,-1.094659282825887203e-01,5.240517422556877136e+00
1.060000000000000000e+02,1.060000000000000803e-01,4.749338911476145064e+00,9.588979113070528193e-02,-2.156839563827839257e-02,4.710431856201198475e-02,-2.488481866060565650e-02,5.559481372840724411e-02,-1.198366028256714344e-01,5.195841193199157715e+00
1.070000000000000000e+02,1.070000000000000812e-01,4.749324745451012575e+00,9.588704077122621461e-02,-2.173881185979913491e-02,4.674383326087815094e-02,-2.531799721916860868e-02,5.560402941130443422e-02,-1.289019919931888580e-01,5.150554791092872620e+00
1.080000000000000000e+02,1.080000000000000820e-01,4.749310383629346433e+00,9.588577091402014640e-02,-2.190974636467084638e-02,4.635094634205977338e-02,-2.575331059177266013e-02,5.561102958517086248e-02,-1.296132057905197144e-01,5.123479336500167847e+00
1.090000000000000000e+02,1.090000000000000829e-01,4.749295793233899943e+00,9.588625917261975329e-02,-2.208117300654976675e-02,4.591974860789279494e-02,-2.619038261179129634e-02,5.561478276214595201e-02,-1.349512641318142414e-01,5.030432343482971191e+00
1.100000000000000000e+02,1.100000000000000838e-01,4.749280975393785020e+00,9.588839337268534324e-02,-2.225301962525303226e-02,4.545263351772915739e-02,-2.662879980321908313e-02,5.561540689234678592e-02,-1.319452505558729172e-01,4.963537573814392090e+00
1.110000000000000000e+02,1.110000000000000847e-01,4.749265914008775624e+00,9.589209440048297728e-02,-2.242503585515522382e-02,4.494958975876632568e-02,-2.706716410791454308e-02,5.561311526513114389e-02,-1.348903360776603222e-01,4.933671191334724426e+00
1.120000000000000000e+02,1.120000000000000856e-01,4.749250604354709360e+00,9.589735754419129177e-02,-2.259690783635511652e-02,4.441171062565279354e-02,-2.750404013577600892e-02,5.560807430166363891e-02,-1.269385012565180659e-01,4.922380819916725159e+00
1.130000000000000000e+02,1.130000000000000865e-01,4.749235041064016727e+00,9.590421381380351273e-02,-2.276876205335599118e-02,4.383840338332629233e-02,-2.793966983050899522e-02,5.560058681623086113e-02,-1.464219299377873540e-01,4.927732259035110474e+00
1.140000000000000000e+02,1.140000000000000874e-01,4.749219241238140654e+00,9.591263670402595809e-02,-2.294058242424958441e-02,4.322964767037747874e-02,-2.837391804412248142e-02,5.559058073015567952e-02,-1.515065364073961973e-01,4.907810524106025696e+00
1.150000000000000000e+02,1.150000000000000883e-01,4.749203160668605150e+00,9.592256272041986553e-02,-2.311212813964443058e-02,4.258663104746732847e-02,-2.880603516998281322e-02,5.557810643800149136e-02,-1.356265076319687068e-01,4.976953059434890747e+00
1.160000000000000000e+02,1.160000000000000892e-01,4.749186791119372586e+00,9.593392379888904253e-02,-2.328333155581568253e-02,4.190916829505021007e-02,-2.923567272389293592e-02,5.556338217712913224e-02,-1.435217561665922403e-01,5.059308648109436035e+00
1.170000000000000000e+02,1.170000000000000900e-01,4.749170165445819158e+00,9.594660523866423152e-02,-2.345416291681244256e-02,4.120053922253976569e-02,-2.966317409622831747e-02,5.554670933713342501e-02,-1.438502487726509571e-01,5.104464560747146606e+00
1.180000000000000000e+02,1.180000000000000909e-01,4.749153272444263330e+00,9.596040761716218004e-02,-2.362441178322592650e-02,4.046009965936626929e-02,-3.008839433657994888e-02,5.552913036421097681e-02,-1.442457151133567095e-01,5.235961243510246277e+00
1.190000000000000000e+02,1.190000000000000918e-01,4.749136104216887588e+00,9.597528122962407926e-02,-2.379381065141036519e-02,3.969108305538469883e-02,-3.051070626017482468e-02,5.550974326100173439e-02,-1.418312347959727049e-01,5.165301591157913208e+00
1.200000000000000000e+02,1.200000000000000927e-01,4.749118661764831550e+00,9.599124105090579839e-02,-2.396212922518878297e-02,3.889085036701082909e-02,-3.093017947437126658e-02,5.548865910594905082e-02,-1.448734636651352048e-01,5.166291832923889160e+00
1.210000000000000000e+02,1.210000000000000936e-01,4.749100937269671086e+00,9.600837933435743543e-02,-2.412932380105082750e-02,3.806203097381585798e-02,-3.134621606063681121e-02,5.546516913300619800e-02,-1.468458006274886429e-01,5.101798743009567261e+00
1.220000000000000000e+02,1.220000000000000945e-01,4.749082919458162522e+00,9.602666354715871933e-02,-2.429529298001521440e-02,3.720834486081708858e-02,-3.175847884825544476e-02,5.543888852072688389e-02,-1.432146781589835882e-01,5.160768747329711914e+00
1.230000000000000000e+02,1.230000000000000954e-01,4.749064609264652681e+00,9.604602829501360239e-02,-2.446025082837655421e-02,3.633205780587758088e-02,-3.216724262480097352e-02,5.540942845358384078e-02,-1.463945184368640184e-01,5.143078148365020752e+00
1.240000000000000000e+02,1.240000000000000963e-01,4.749045986573690037e+00,9.606672268359746358e-02,-2.462379903743684706e-02,3.543760265787823660e-02,-3.257155011059253980e-02,5.537499462055368860e-02,-1.360074253752827644e-01,5.092367544770240784e+00
1.250000000000000000e+02,1.250000000000000833e-01,4.749027042513580987e+00,9.608871256052373133e-02,-2.478601460768902268e-02,3.452403551245143698e-02,-3.297154687085002145e-02,5.533539813705613819e-02,-1.240933900699019432e-01,5.089559853076934814e+00
1.260000000000000000e+02,1.260000000000000842e-01,4.749007806616917904e+00,9.611183500383145561e-02,-2.494698349716079760e-02,3.358907532459104450e-02,-3.336724212217800911e-02,5.529242855514279742e-02,-1.136283374507911503e-01,5.111441805958747864e+00
1.270000000000000000e+02,1.270000000000000850e-01,4.748988308293895955e+00,9.613604956512579458e-02,-2.510686555726210356e-02,3.263395525750418386e-02,-3.375914925345813167e-02,5.524649198459164606e-02,-1.251371195539832115e-01,5.125146657228469849e+00
1.280000000000000000e+02,1.280000000000000859e-01,4.748968568810711055e+00,9.616120570046175764e-02,-2.526568368592764166e-02,3.166665677799374023e-02,-3.414745997583956694e-02,5.519704984189441332e-02,-1.317469431087374687e-01,5.113115429878234863e+00
1.290000000000000000e+02,1.290000000000000868e-01,4.748948557778177815e+00,9.618731650881595652e-02,-2.542327407878001988e-02,3.069037332713430571e-02,-3.453172583097519066e-02,5.514384423870579560e-02,-1.122273518703877926e-01,5.142829805612564087e+00
1.300000000000000000e+02,1.300000000000000877e-01,4.748928263171695363e+00,9.621425075958518758e-02,-2.557969388692831608e-02,2.970710990987322775e-02,-3.491205436538158402e-02,5.508667888905932619e-02,-1.047590081579983234e-01,5.262326076626777649e+00
1.310000000000000000e+02,1.310000000000000886e-01,4.748907716165009063e+00,9.624223500622873517e-02,-2.573496482838971006e-02,2.871267609576066276e-02,-3.528869166791825940e-02,5.502449811378528483e-02,-1.169782802462577820e-01,5.304051697254180908e+00
1.320000000000000000e+02,1.320000000000000895e-01,4.748886933620987350e+00,9.627130491204170804e-02,-2.588902636631325999e-02,2.770549680511068258e-02,-3.566220176468215541e-02,5.495746465398770875e-02,-1.197223816998302937e-01,5.296448290348052979e+00
1.330000000000000000e+02,1.330000000000000904e-01,4.748865899276304425e+00,9.630140226704360373e-02,-2.604194426242127311e-02,2.668703768927624398e-02,-3.603308200058275013e-02,5.488637755664285689e-02,-1.158747223089449108e-01,5.353197932243347168e+00
1.340000000000000000e+02,1.340000000000000913e-01,4.748844613862308606e+00,9.633227573715220926e-02,-2.619382021670236052e-02,2.566236215616116839e-02,-3.640160520681279266e-02,5.481094621535142347e-02,-1.014086884097196162e-01,5.339584946632385254e+00
1.350000000000000000e+02,1.350000000000000921e-01,4.748823084265856309e+00,9.636381742100505465e-02,-2.634443800750733283e-02,2.463075973001364188e-02,-3.676743515422908892e-02,5.473171061075247229e-02,-1.073526714462786913e-01,5.373621046543121338e+00
1.360000000000000000e+02,1.360000000000000930e-01,4.748801342735532671e+00,9.639590703656675252e-02,-2.649382387505933370e-02,2.359326679409297356e-02,-3.713059374994776007e-02,5.464966391132072832e-02,-1.000331300310790539e-01,5.484669774770736694e+00
1.370000000000000000e+02,1.370000000000000939e-01,4.748779394345278071e+00,9.642846429085190352e-02,-2.664219911251289666e-02,2.255080594500826624e-02,-3.749201824978909414e-02,5.456527794228253209e-02,-9.969340730458498001e-02,5.502120554447174072e+00
1.380000000000000000e+02,1.380000000000000948e-01,4.748757260817312975e+00,9.646128412253617002e-02,-2.678937128149635680e-02,2.150371090961166951e-02,-3.785179588543230444e-02,5.447986731700904528e-02,-9.650793112814426422e-02,5.426868706941604614e+00
1.390000000000000000e+02,1.390000000000000957e-01,4.748734930843965252e+00,9.649462387877200120e-02,-2.693533026543249928e-02,2.044682087997561418e-02,-3.820999836040805953e-02,5.439230078898765752e-02,-6.471048109233379364e-02,5.457135677337646484e+00
1.400000000000000000e+02,1.400000000000000966e-01,4.748712411535804812e+00,9.652849257975663899e-02,-2.708038951610404130e-02,1.937983187190740059e-02,-3.856718095540778712e-02,5.430232283445011326e-02,-5.548073770478367805e-02,5.491487532854080200e+00
1.410000000000000000e+02,1.410000000000000975e-01,4.748689765392971829e+00,9.656283268468661418e-02,-2.722460714529410103e-02,1.830525240308756435e-02,-3.892371817594875161e-02,5.420958531216988480e-02,-6.390755949541926384e-02,5.479095175862312317e+00
1.420000000000000000e+02,1.420000000000000984e-01,4.748667010592879656e+00,9.659757490956234760e-02,-2.736796493956549295e-02,1.722281583215326886e-02,-3.927976510361252949e-02,5.411388037768437298e-02,-4.567592730745673180e-02,5.518046930432319641e+00
1.430000000000000000e+02,1.430000000000000993e-01,4.748644142095713505e+00,9.663249261404051327e-02,-2.751044814113363934e-02,1.613313134547912295e-02,-3.963520763944239356e-02,5.401649757086222914e-02,-4.823958873748779297e-02,5.424790754914283752e+00
1.440000000000000000e+02,1.440000000000001001e-01,4.748621198897541973e+00,9.666738357706899931e-02,-2.765199965450542557e-02,1.504055178582118166e-02,-3.999008601441245148e-02,5.391672240392406112e-02,-3.329081414267420769e-02,5.401829898357391357e+00
1.450000000000000000e+02,1.450000000000001010e-01,4.748598185914400638e+00,9.670216600731013079e-02,-2.779279738299038696e-02,1.394478476859380839e-02,-4.034441315549996965e-02,5.381588472161478315e-02,-2.209688862785696983e-02,5.437918454408645630e+00
1.460000000000000000e+02,1.460000000000001019e-01,4.748575143927995512e+00,9.673662060485979652e-02,-2.793298331755526484e-02,1.285027838711801790e-02,-4.069851357755505106e-02,5.371504758090659554e-02,-2.085310546681284904e-02,5.445323482155799866e+00
1.470000000000000000e+02,1.470000000000001028e-01,4.748552116044432836e+00,9.677050151097542352e-02,-2.807269293133486665e-02,1.176035854798743521e-02,-4.105305197863362565e-02,5.361521980439122592e-02,-2.622271911241114140e-02,5.418116748332977295e+00
1.480000000000000000e+02,1.480000000000001037e-01,4.748529101525317486e+00,9.680366382815017157e-02,-2.821189663691935079e-02,1.067964134876360840e-02,-4.140796713446137645e-02,5.351573614844823412e-02,-1.390743418596684933e-02,5.456778377294540405e+00
1.490000000000000000e+02,1.490000000000001046e-01,4.748506092370663012e+00,9.683601864454094432e-02,-2.835067825756967461e-02,9.606703983262437907e-03,-4.176337053033951641e-02,5.341733280206469037e-02,-9.377102134749293327e-03,5.465059652924537659e+00
1.500000000000000000e+02,1.500000000000001055e-01,4.748483114795770454e+00,9.686760121017204406e-02,-2.848896990650413852e-02,8.543046596036159984e-03,-4.211927792431580109e-02,5.332009562530336255e-02,-1.200514403171837330e-02,5.455775126814842224e+00
1.510000000000000000e+02,1.510000000000001064e-01,4.748460177069519617e+00,9.689838137007052155e-02,-2.862669579439252113e-02,7.493043440230613694e-03,-4.247548562948555428e-02,5.322385556586629873e-02,-1.033110730350017548e-02,5.411484643816947937e+00
1.520000000000000000e+02,1.520000000000001072e-01,4.748437278658718341e+00,9.692830308312291865e-02,-2.876389493005423320e-02,6.455149992561592248e-03,-4.283206520738858103e-02,5.312918319941679901e-02,-2.991992922034114599e-02,5.512599721550941467e+00
1.530000000000000000e+02,1.530000000000001081e-01,4.748414419109454165e+00,9.695742860074176017e-02,-2.890067190078589310e-02,5.428568135122536359e-03,-4.318908256212417029e-02,5.303627693204739091e-02,-4.673096898477524519e-02,5.437515735626220703e+00
1.540000000000000000e+02,1.540000000000001090e-01,4.748391550569603048e+00,9.698609212182392192e-02,-2.903692483259212240e-02,4.408749558205957153e-03,-4.354683514508050912e-02,5.294385681741830413e-02,-5.702643143013119698e-02,5.364586010575294495e+00
1.550000000000000000e+02,1.550000000000001099e-01,4.748368625703169421e+00,9.701427232848880422e-02,-2.917243509827050288e-02,3.396796195719746503e-03,-4.390414162793176978e-02,5.285236884899600918e-02,-5.606654752045869827e-02,5.342425569891929626e+00
1.560000000000000000e+02,1.560000000000001108e-01,4.748345629301453208e+00,9.704170409818556331e-02,-2.930725499213253371e-02,2.396463498078937188e-03,-4.426071242267148875e-02,5.276307691466114447e-02,-5.998399527743458748e-02,5.332754105329513550e+00
1.570000000000000000e+02,1.570000000000001117e-01,4.748322552303744892e+00,9.706849973523555553e-02,-2.944130502343941108e-02,1.404304764403400269e-03,-4.461614861289664447e-02,5.267570590774710293e-02,-6.679964158684015274e-02,5.308390721678733826e+00
1.580000000000000000e+02,1.580000000000001126e-01,4.748299379655763985e+00,9.709436086927976384e-02,-2.957423651643509982e-02,4.225341814317884470e-04,-4.496924681865355211e-02,5.259161418149543854e-02,-6.514368485659360886e-02,5.214465081691741943e+00
1.590000000000000000e+02,1.590000000000001135e-01,4.748276080954388689e+00,9.711958161133316114e-02,-2.970604582228217674e-02,-5.505089948691921364e-04,-4.531983761853974890e-02,5.250965865145606343e-02,-5.336264381185173988e-02,5.233634799718856812e+00
1.600000000000000000e+02,1.600000000000001144e-01,4.748252642188897532e+00,9.714430687374073226e-02,-2.983672723592840567e-02,-1.516041241136807660e-03,-4.566731228019338396e-02,5.242891941426080366e-02,-6.740397959947586060e-02,5.261995732784271240e+00
1.610000000000000000e+02,1.610000000000001152e-01,4.748229077519739327e+00,9.716856221746258959e-02,-2.996617479425766478e-02,-2.471904529191749911e-03,-4.601143624766956819e-02,5.234964514977876598e-02,-7.176479417830705643e-02,5.156257897615432739e+00
1.620000000000000000e+02,1.620000000000001161e-01,4.748205358737493498e+00,9.719248510889055837e-02,-3.009442668320150976e-02,-3.419114320688403791e-03,-4.635250394693124498e-02,5.227184511956099733e-02,-7.272705622017383575e-02,5.068931132555007935e+00
1.630000000000000000e+02,1.630000000000001170e-01,4.748181457757425505e+00,9.721619869494249611e-02,-3.022146670849722855e-02,-4.358602076943392245e-03,-4.668979698714403881e-02,5.219510545587506545e-02,-8.118955756071954966e-02,5.121334359049797058e+00
1.640000000000000000e+02,1.640000000000001179e-01,4.748157352781347207e+00,9.723968886859933602e-02,-3.034706782240628731e-02,-5.286377569076832622e-03,-4.702202207138928003e-02,5.211887861007859224e-02,-6.724758981727063656e-02,5.138337105512619019e+00
1.650000000000000000e+02,1.650000000000001188e-01,4.748133030980093316e+00,9.726283841251016915e-02,-3.047128188485456746e-02,-6.197939959522030806e-03,-4.734966546782137797e-02,5.204265206093677126e-02,-6.087052868679165840e-02,5.090682640671730042e+00
1.660000000000000000e+02,1.660000000000001197e-01,4.748108521659387904e+00,9.728538364989175458e-02,-3.059398365845614198e-02,-7.088878165544432175e-03,-4.767241339318428750e-02,5.196717792091275212e-02,-6.995259854011237621e-02,5.088551610708236694e+00
1.670000000000000000e+02,1.670000000000001206e-01,4.748083836837553307e+00,9.730732994744438480e-02,-3.071519220229998459e-02,-7.954458772081392931e-03,-4.799002679465047549e-02,5.189185009895741496e-02,-5.630199401639401913e-02,5.109693720936775208e+00
1.680000000000000000e+02,1.680000000000001215e-01,4.748058960000568263e+00,9.732878280633021351e-02,-3.083490989873742885e-02,-8.794030928415803861e-03,-4.830249252625939960e-02,5.181727638874202013e-02,-5.485946801491081715e-02,5.105256021022796631e+00
1.690000000000000000e+02,1.690000000000001223e-01,4.748033922209218716e+00,9.734972879916950483e-02,-3.095324260289345625e-02,-9.608601751202094921e-03,-4.861028595768135396e-02,5.174322988213767016e-02,-5.979258986189961433e-02,5.173207581043243408e+00
1.700000000000000000e+02,1.700000000000001232e-01,4.748008722985328056e+00,9.737032158284314454e-02,-3.107027580554313703e-02,-1.040603675898144412e-02,-4.891366394687191033e-02,5.166928462002608191e-02,-6.635480187833309174e-02,5.149028196930885315e+00
1.710000000000000000e+02,1.710000000000001241e-01,4.747983363006476942e+00,9.739055492044196294e-02,-3.118601750971663686e-02,-1.118894874752482740e-02,-4.921307790977458296e-02,5.159549182039742388e-02,-6.997360242530703545e-02,5.141692802309989929e+00
1.720000000000000000e+02,1.720000000000001250e-01,4.747957820760620784e+00,9.741041468627263666e-02,-3.130039933869624424e-02,-1.195326769501645070e-02,-4.950815163716892897e-02,5.152136192537792869e-02,-6.901376461610198021e-02,5.179319620132446289e+00
1.730000000000000000e+02,1.730000000000001259e-01,4.747932071205884341e+00,9.743014941564820397e-02,-3.141326558852997053e-02,-1.269987683373304671e-02,-4.979833259163934933e-02,5.144629994724696925e-02,-7.365853199735283852e-02,5.198536142706871033e+00
1.740000000000000000e+02,1.740000000000001268e-01,4.747906110343663499e+00,9.744992456847922924e-02,-3.152458463365694769e-02,-1.342883422909845609e-02,-5.008375691545641217e-02,5.136944533917563865e-02,-6.156719173304736614e-02,5.196486100554466248e+00
1.750000000000000000e+02,1.750000000000001277e-01,4.747879932579829543e+00,9.746977766994914527e-02,-3.163444003479506245e-02,-1.414014183273723871e-02,-5.036481306970319594e-02,5.129092669493209855e-02,-4.635314038023352623e-02,5.170959293842315674e+00
1.760000000000000000e+02,1.760000000000001286e-01,4.747853572895886387e+00,9.748971190509843343e-02,-3.174304933501209680e-02,-1.483282307135017075e-02,-5.064220641053007732e-02,5.121007673081071077e-02,-5.110820010304450989e-02,5.220734924077987671e+00
1.770000000000000000e+02,1.770000000000001295e-01,4.747827049768454266e+00,9.750956867908719405e-02,-3.185023226754539472e-02,-1.550533263336418416e-02,-5.091518754003176994e-02,5.112717719189329574e-02,-6.406081188470125198e-02,5.214168548583984375e+00
1.780000000000000000e+02,1.780000000000001303e-01,4.747800356425404544e+00,9.752942629600025448e-02,-3.195603023506927293e-02,-1.615792170683496773e-02,-5.118421083533442051e-02,5.104146157368284753e-02,-4.626153767458163202e-02,5.207836508750915527e+00
1.790000000000000000e+02,1.790000000000001312e-01,4.747773482075911211e+00,9.754933229918830162e-02,-3.206067566301138566e-02,-1.679079919408148561e-02,-5.144999008869155510e-02,5.095340208570355023e-02,-6.640299968421459198e-02,5.249124735593795776e+00
1.800000000000000000e+02,1.800000000000001321e-01,4.747746473939642442e+00,9.756904394956042448e-02,-3.216413207455830203e-02,-1.740156106076168677e-02,-5.171236906447895798e-02,5.086381674562399924e-02,-4.308985359966754913e-02,5.322290480136871338e+00
1.810000000000000000e+02,1.810000000000001330e-01,4.747719302103115879e+00,9.758849819229883926e-02,-3.226622934036506990e-02,-1.799308838779279524e-02,-5.197105058769313501e-02,5.077383242127091884e-02,-3.932438790798187256e-02,5.295458674430847168e+00
1.820000000000000000e+02,1.820000000000001339e-01,4.747692018423681048e+00,9.760761040793039522e-02,-3.236679558376358984e-02,-1.856721258563879054e-02,-5.222593889169169223e-02,5.068375321334499251e-02,-4.215644858777523041e-02,5.250745117664337158e+00
1.830000000000000000e+02,1.830000000000001348e-01,4.747664637475814686e+00,9.762649709961136735e-02,-3.246604542394984638e-02,-1.911939486507263988e-02,-5.247758009522529576e-02,5.059266407203422133e-02,-5.023573059588670731e-02,5.223467350006103516e+00
1.840000000000000000e+02,1.840000000000001357e-01,4.747637167442852579e+00,9.764510766720904678e-02,-3.256427697798089382e-02,-1.964684301262150518e-02,-5.272668056107154833e-02,5.050007107522002520e-02,-4.220154881477355957e-02,5.286293625831604004e+00
1.850000000000000000e+02,1.850000000000001366e-01,4.747609592138380741e+00,9.766344666964807408e-02,-3.266148076497870506e-02,-2.015532523907826584e-02,-5.297304487233756021e-02,5.040636323623005205e-02,-3.417503274977207184e-02,5.209805458784103394e+00
1.860000000000000000e+02,1.860000000000001374e-01,4.747581924583816892e+00,9.768137640564723834e-02,-3.275748102998368716e-02,-2.064413363464297213e-02,-5.321647397860673756e-02,5.031264882663130655e-02,-3.946093097329139709e-02,5.173563390970230103e+00
1.870000000000000000e+02,1.870000000000001383e-01,4.747554170555987163e+00,9.769886797036583803e-02,-3.285222002933815139e-02,-2.111666416342087779e-02,-5.345630612623253342e-02,5.021913585881561393e-02,-3.234626911580562592e-02,5.129793345928192139e+00
1.880000000000000000e+02,1.880000000000001392e-01,4.747526324212560489e+00,9.771596796748108216e-02,-3.294585194017415203e-02,-2.157513446278633285e-02,-5.369282618753534742e-02,5.012562157382115247e-02,-3.213833272457122803e-02,5.113345533609390259e+00
1.890000000000000000e+02,1.890000000000001401e-01,4.747498402881618063e+00,9.773265183645521437e-02,-3.303848860555166911e-02,-2.202462401903105410e-02,-5.392613080827501904e-02,5.003234285931696529e-02,-3.301107324659824371e-02,5.104308336973190308e+00
1.900000000000000000e+02,1.900000000000001410e-01,4.747470404339948935e+00,9.774884577587172885e-02,-3.313011464807997380e-02,-2.246147620074871037e-02,-5.415606769004477350e-02,4.993924951229947867e-02,-2.449026331305503845e-02,5.161577731370925903e+00
1.910000000000000000e+02,1.910000000000001419e-01,4.747442331759625489e+00,9.776449929630824653e-02,-3.322076204033218294e-02,-2.288768846315895542e-02,-5.438267613749392382e-02,4.984717539314867385e-02,-2.089401241391897202e-02,5.176613479852676392e+00
1.920000000000000000e+02,1.920000000000001428e-01,4.747414215598705134e+00,9.777948240737230345e-02,-3.331052666061250916e-02,-2.330118158958689387e-02,-5.460661375420672314e-02,4.975682505550979573e-02,-3.083753306418657303e-02,5.162263810634613037e+00
1.930000000000000000e+02,1.930000000000001437e-01,4.747386071399338547e+00,9.779368054815712474e-02,-3.339943268860941922e-02,-2.370402291632448671e-02,-5.482805311141780713e-02,4.966869676515169724e-02,-3.911180421710014343e-02,5.185242980718612671e+00
1.940000000000000000e+02,1.940000000000001446e-01,4.747357889950165166e+00,9.780696316536091617e-02,-3.348756940129988396e-02,-2.409592671801785713e-02,-5.504716614571325550e-02,4.958447791017599193e-02,-4.031483735889196396e-02,5.185558766126632690e+00
1.950000000000000000e+02,1.950000000000001454e-01,4.747329653793711302e+00,9.781946960258576518e-02,-3.357497200986038488e-02,-2.448173831858739199e-02,-5.526421388927404976e-02,4.950381591189009778e-02,-3.132769092917442322e-02,5.195373117923736572e+00
1.960000000000000000e+02,1.960000000000001463e-01,4.747301349636571466e+00,9.783113008237744046e-02,-3.366152131846281842e-02,-2.486211253803468496e-02,-5.547878432229058632e-02,4.942748056355850822e-02,-4.745060298591852188e-02,5.226843535900115967e+00
1.970000000000000000e+02,1.970000000000001472e-01,4.747272975708688669e+00,9.784202527908444913e-02,-3.374702897147123515e-02,-2.523169427122339339e-02,-5.569030745050840281e-02,4.935532308719275951e-02,-4.966328805312514305e-02,5.222535461187362671e+00
1.980000000000000000e+02,1.980000000000001481e-01,4.747244508238389393e+00,9.785212037658795603e-02,-3.383149547300844801e-02,-2.559081114596910983e-02,-5.589898211876676015e-02,4.928748693762793204e-02,-4.602572694420814514e-02,5.176587283611297607e+00
1.990000000000000000e+02,1.990000000000001490e-01,4.747215949946419933e+00,9.786141153721043817e-02,-3.391494694398904108e-02,-2.593916342645061907e-02,-5.610487622185678092e-02,4.922391808313605205e-02,-3.869382548145949841e-02,5.130952894687652588e+00
2.000000000000000000e+02,2.000000000000001499e-01,4.747187301377596924e+00,9.786986664167401928e-02,-3.399732556853146681e-02,-2.627838877184350552e-02,-5.630751427523517094e-02,4.916478704473112304e-02,-3.824582509696483612e-02,5.085722625255584717e+00
2.010000000000000000e+02,2.010000000000001508e-01,4.747158573125894954e+00,9.787765989179103565e-02,-3.407873827552065915e-02,-2.660499993884709452e-02,-5.650698211349691746e-02,4.910884508107282026e-02,-2.861913858214393258e-02,5.118698507547378540e+00
2.020000000000000000e+02,2.020000000000001517e-01,4.747129759163299489e+00,9.788492768206828731e-02,-3.415927822222628030e-02,-2.691972622931034995e-02,-5.670331575958065251e-02,4.905513087877184930e-02,-2.193541749147698283e-02,5.119762867689132690e+00
2.030000000000000000e+02,2.030000000000001525e-01,4.747100898034127603e+00,9.789153982665492471e-02,-3.423901977283980158e-02,-2.722432190741973235e-02,-5.689696273986810660e-02,4.900455324351579711e-02,-2.578109360183589160e-02,5.124745041131973267e+00
2.040000000000000000e+02,2.040000000000001534e-01,4.747072006112981413e+00,9.789747081243871385e-02,-3.431809461110134352e-02,-2.751934983769487031e-02,-5.708834665787620999e-02,4.895734704467233356e-02,-1.473884703591465950e-02,5.125982016324996948e+00
2.050000000000000000e+02,2.050000000000001543e-01,4.747043076173326881e+00,9.790278934203554273e-02,-3.439649302719077761e-02,-2.780449561748750409e-02,-5.727748821814282465e-02,4.891276140711627030e-02,-5.433913785964250565e-03,5.106729745864868164e+00
2.060000000000000000e+02,2.060000000000001552e-01,4.747014140212498567e+00,9.790761416383697568e-02,-3.447430824838348257e-02,-2.808074874589926162e-02,-5.746473841519450509e-02,4.886980261756850019e-02,-2.600717823952436447e-03,5.155316531658172607e+00
2.070000000000000000e+02,2.070000000000001561e-01,4.746985207265749018e+00,9.791208163658209063e-02,-3.455148057757326252e-02,-2.834889573140634417e-02,-5.764981608305808081e-02,4.882718288848147264e-02,2.984935417771339417e-03,5.149303197860717773e+00
2.080000000000000000e+02,2.080000000000001570e-01,4.746956285914859741e+00,9.791620025709062147e-02,-3.462801654132009743e-02,-2.861083710616502476e-02,-5.783304356277119140e-02,4.878495552264658364e-02,-4.230357706546783447e-03,5.155756011605262756e+00
2.090000000000000000e+02,2.090000000000001579e-01,4.746927375942023630e+00,9.792006058816682401e-02,-3.470373537440059331e-02,-2.886694072335362071e-02,-5.801381911580394402e-02,4.874238113087688007e-02,-1.188442390412092209e-02,5.221744820475578308e+00
2.100000000000000000e+02,2.100000000000001588e-01,4.746898455301157504e+00,9.792363562369593710e-02,-3.477845141251858369e-02,-2.912027917942337438e-02,-5.819159014258801221e-02,4.869934856503148335e-02,-1.619655778631567955e-02,5.246528431773185730e+00
2.110000000000000000e+02,2.110000000000001597e-01,4.746869515522113225e+00,9.792689499833456823e-02,-3.485214194498936768e-02,-2.937264307432790184e-02,-5.836669730384991261e-02,4.865591905864028593e-02,-1.963913301005959511e-02,5.209151387214660645e+00
2.120000000000000000e+02,2.120000000000001605e-01,4.746840552700830607e+00,9.792980076812356216e-02,-3.492482636286584063e-02,-2.962479645851359006e-02,-5.853934639151958663e-02,4.861265955150210344e-02,-2.047591703012585640e-02,5.184420019388198853e+00
2.130000000000000000e+02,2.130000000000001614e-01,4.746811568890777266e+00,9.793224030396172064e-02,-3.499654726686297901e-02,-2.987353409500677348e-02,-5.870943949748919088e-02,4.857040859532844868e-02,-2.213261346332728863e-02,5.173218876123428345e+00
2.140000000000000000e+02,2.140000000000001623e-01,4.746782574501972718e+00,9.793409811601681836e-02,-3.506742630774766639e-02,-3.011789102851708186e-02,-5.887720992167655432e-02,4.853004270692024003e-02,-2.998592611402273178e-02,5.175149992108345032e+00
2.150000000000000000e+02,2.150000000000001632e-01,4.746753568089744135e+00,9.793528593125717940e-02,-3.513749039342575764e-02,-3.035963425331300591e-02,-5.904267565083021196e-02,4.849176981981419277e-02,-2.504189126193523407e-02,5.203829169273376465e+00
2.160000000000000000e+02,2.160000000000001641e-01,4.746724539244339347e+00,9.793577987955991160e-02,-3.520678411144837622e-02,-3.059898569870980051e-02,-5.920599875625898179e-02,4.845563345578993847e-02,-2.159518888220191002e-02,5.206166103482246399e+00
2.170000000000000000e+02,2.170000000000001650e-01,4.746695495541664478e+00,9.793545843299263087e-02,-3.527512467500998339e-02,-3.083637459751165447e-02,-5.936676106681537668e-02,4.842214111951809175e-02,-2.639221749268472195e-02,5.206868633627891541e+00
2.180000000000000000e+02,2.180000000000001659e-01,4.746666444397078521e+00,9.793427174441872440e-02,-3.534247404762332068e-02,-3.107159966329370998e-02,-5.952483013480014407e-02,4.839229857470894042e-02,-2.085693948902189732e-02,5.187815353274345398e+00
2.190000000000000000e+02,2.190000000000001668e-01,4.746637379999549822e+00,9.793220723819760776e-02,-3.540882880642264724e-02,-3.130524626554346407e-02,-5.968018326632851256e-02,4.836691916418667941e-02,-9.726613527163863182e-03,5.272419676184654236e+00
2.200000000000000000e+02,2.200000000000001676e-01,4.746608302074829311e+00,9.792915609640873154e-02,-3.547404206529521792e-02,-3.153654161375677584e-02,-5.983220650975562549e-02,4.834656314535432792e-02,-1.234482985455542803e-02,5.274874418973922729e+00
2.210000000000000000e+02,2.210000000000001685e-01,4.746579224281965992e+00,9.792523525970035780e-02,-3.553789787719194987e-02,-3.176654613265336713e-02,-5.998072894618711182e-02,4.833082919769532415e-02,-1.996944902930408716e-02,5.266034558415412903e+00
2.220000000000000000e+02,2.220000000000001694e-01,4.746550138298860411e+00,9.792051251208799822e-02,-3.560041047614237453e-02,-3.199502186374311719e-02,-6.012581839307640230e-02,4.831926249514345573e-02,-1.242664858000352979e-02,5.251206427812576294e+00
2.230000000000000000e+02,2.230000000000001703e-01,4.746521035205043759e+00,9.791499875748223281e-02,-3.566169792592711885e-02,-3.222242769806934332e-02,-6.026780436433587518e-02,4.831188727601488236e-02,-1.001132256351411343e-02,5.255858942866325378e+00
2.240000000000000000e+02,2.240000000000001712e-01,4.746491924041238875e+00,9.790867990562596157e-02,-3.572175758821409530e-02,-3.244873799472694498e-02,-6.040656407833555619e-02,4.830917999513364980e-02,-8.493113607983104885e-03,5.275644734501838684e+00
2.250000000000000000e+02,2.250000000000001721e-01,4.746462812398184461e+00,9.790145943524412864e-02,-3.578058602565972052e-02,-3.267428770037213853e-02,-6.054211252461882964e-02,4.831142983481079983e-02,-3.140701854135841131e-03,5.263185337185859680e+00
2.260000000000000000e+02,2.260000000000001730e-01,4.746433715126428865e+00,9.789321159104706627e-02,-3.583826155432935645e-02,-3.289752637548398057e-02,-6.067481312746214606e-02,4.831940263286092080e-02,1.118884130846709013e-03,5.185296341776847839e+00
2.270000000000000000e+02,2.270000000000001739e-01,4.746404635843367359e+00,9.788408675274987147e-02,-3.589485149918157647e-02,-3.312144039604333901e-02,-6.080480710184743565e-02,4.833257725955855677e-02,-1.001790165901184082e-03,5.173357143998146057e+00
2.280000000000000000e+02,2.280000000000001747e-01,4.746375566563953541e+00,9.787411078192863323e-02,-3.595025729893046307e-02,-3.334705093520053121e-02,-6.093126885168653750e-02,4.835148035523134658e-02,-1.914179767481982708e-03,5.230215296149253845e+00
2.290000000000000000e+02,2.290000000000001756e-01,4.746346515796211030e+00,9.786301205144855297e-02,-3.600454398166685888e-02,-3.357196826643925325e-02,-6.105431800377103535e-02,4.837724681182015152e-02,-1.153516070917248726e-02,5.301860556006431580e+00
2.300000000000000000e+02,2.300000000000001765e-01,4.746317475730137403e+00,9.785083221079754479e-02,-3.605756699460519604e-02,-3.379800899725084184e-02,-6.117383365256556793e-02,4.840977499880230739e-02,-3.287478582933545113e-03,5.293766379356384277e+00
2.310000000000000000e+02,2.310000000000001774e-01,4.746288432929766543e+00,9.783761060095340356e-02,-3.610927182813393477e-02,-3.402607325011974132e-02,-6.129008920481360256e-02,4.844892864539020877e-02,-3.143468173220753670e-03,5.292731434106826782e+00
2.320000000000000000e+02,2.320000000000001783e-01,4.746259399123126776e+00,9.782337735563864656e-02,-3.615966437900615393e-02,-3.425408178480876531e-02,-6.140305626485798030e-02,4.849431987662163046e-02,-1.474481378681957722e-02,5.252938866615295410e+00
2.330000000000000000e+02,2.330000000000001792e-01,4.746230381960462985e+00,9.780811847818539351e-02,-3.620887449283026471e-02,-3.448284361655110097e-02,-6.151314351730707841e-02,4.854614845833053749e-02,-5.009085507481358945e-03,5.249217316508293152e+00
2.340000000000000000e+02,2.340000000000001801e-01,4.746201363829594122e+00,9.779181705222500520e-02,-3.625699387583717487e-02,-3.471313965713890282e-02,-6.162042140579204741e-02,4.860406802630259926e-02,2.797096589347347617e-03,5.288291543722152710e+00
2.350000000000000000e+02,2.350000000000001810e-01,4.746172349956045977e+00,9.777452186943166867e-02,-3.630385695463518581e-02,-3.494333975323839214e-02,-6.172433434074453551e-02,4.866762460506571242e-02,6.678892124909907579e-03,5.327402874827384949e+00
2.360000000000000000e+02,2.360000000000001819e-01,4.746143343445025309e+00,9.775636544683247164e-02,-3.634928456964112153e-02,-3.517953372463979156e-02,-6.182452567423601941e-02,4.873707238041670442e-02,1.041007018648087978e-02,5.329289823770523071e+00
2.370000000000000000e+02,2.370000000000001827e-01,4.746114357148560003e+00,9.773717240051361943e-02,-3.639328677320310262e-02,-3.541669417817762400e-02,-6.192122447995362933e-02,4.881363220033992090e-02,2.425867598503828049e-03,5.337472632527351379e+00
2.380000000000000000e+02,2.380000000000001836e-01,4.746085400195931392e+00,9.771686252034078590e-02,-3.643593932410499336e-02,-3.565526733823615180e-02,-6.201468019997746772e-02,4.889732837522692277e-02,-1.399302063509821892e-02,5.358350276947021484e+00
2.390000000000000000e+02,2.390000000000001845e-01,4.746056457708717424e+00,9.769554439145967939e-02,-3.647729988625594832e-02,-3.589270367469574174e-02,-6.210514962733437727e-02,4.898726069092237956e-02,-8.552960352972149849e-03,5.368267223238945007e+00
2.400000000000000000e+02,2.400000000000001854e-01,4.746027478017967205e+00,9.767347191315060850e-02,-3.651711574450635517e-02,-3.613382057411575199e-02,-6.219196064247012323e-02,4.908243647464162474e-02,-1.805903506465256214e-02,5.340013384819030762e+00
2.410000000000000000e+02,2.410000000000001863e-01,4.745998462234856774e+00,9.765067497879779956e-02,-3.655526981507847828e-02,-3.637800437167638262e-02,-6.227479223938203745e-02,4.918263511831100915e-02,-2.258082665503025055e-02,5.320913523435592651e+00
2.420000000000000000e+02,2.420000000000001872e-01,4.745969372519621921e+00,9.762742791609976822e-02,-3.659176107401128364e-02,-3.662171224897322469e-02,-6.235345421629800988e-02,4.928697965918377860e-02,-9.857014287263154984e-03,5.329301431775093079e+00
2.430000000000000000e+02,2.430000000000001881e-01,4.745940199807455961e+00,9.760379020914623782e-02,-3.662659741421838561e-02,-3.686330125925695034e-02,-6.242785839890396815e-02,4.939534356345604005e-02,-2.301426324993371964e-02,5.361555963754653931e+00
2.440000000000000000e+02,2.440000000000001890e-01,4.745910955715799240e+00,9.757986862587102184e-02,-3.665964202429902730e-02,-3.710527103789781900e-02,-6.249763559524890155e-02,4.950675364305963388e-02,-1.800196385011076927e-02,5.307709291577339172e+00
2.450000000000000000e+02,2.450000000000001898e-01,4.745881613564423951e+00,9.755582481911936887e-02,-3.669094711884157006e-02,-3.735008368453696798e-02,-6.256316539671513688e-02,4.962046514051190321e-02,-8.310708450153470039e-03,5.307649016380310059e+00
2.460000000000000000e+02,2.460000000000001907e-01,4.745852175037763132e+00,9.753162422192317160e-02,-3.672049236630357122e-02,-3.759907283813239409e-02,-6.262404047764325021e-02,4.973662436292566880e-02,-1.413076650351285934e-02,5.298776507377624512e+00
2.470000000000000000e+02,2.470000000000001916e-01,4.745822647807004024e+00,9.750724459236646824e-02,-3.674821842325842747e-02,-3.784856761917583523e-02,-6.268004563876816704e-02,4.985525170638317738e-02,-2.493005152791738510e-02,5.318798735737800598e+00
2.480000000000000000e+02,2.480000000000001925e-01,4.745793018714294931e+00,9.748271344233343239e-02,-3.677419026873134794e-02,-3.809714039395988711e-02,-6.273133119535079238e-02,4.997613592042420699e-02,-2.601334638893604279e-02,5.350248321890830994e+00
2.490000000000000000e+02,2.490000000000001934e-01,4.745763272664245136e+00,9.745804025230607459e-02,-3.679841486616327456e-02,-3.834254033424646518e-02,-6.277805998376484453e-02,5.009898308985352017e-02,-3.634756244719028473e-02,5.362762331962585449e+00
2.500000000000000000e+02,2.500000000000001665e-01,4.745733403092010860e+00,9.743328305543433321e-02,-3.682080292889503698e-02,-3.858288724928980729e-02,-6.282014854387418801e-02,5.022327874665201419e-02,-4.186013527214527130e-02,5.371142715215682983e+00
2.510000000000000000e+02,2.510000000000001674e-01,4.745703392136314314e+00,9.740851943569547866e-02,-3.684142435003048832e-02,-3.882095145595683416e-02,-6.285792874426299193e-02,5.034814017775736394e-02,-3.450988326221704483e-02,5.411916971206665039e+00
2.520000000000000000e+02,2.520000000000001683e-01,4.745673220212750287e+00,9.738381371674567633e-02,-3.686025105277917352e-02,-3.905982389390307702e-02,-6.289136152312413408e-02,5.047309585194988818e-02,-4.318490438163280487e-02,5.413242191076278687e+00
2.530000000000000000e+02,2.530000000000001692e-01,4.745642900207212911e+00,9.735925347391559403e-02,-3.687719916816085963e-02,-3.930015930328233098e-02,-6.292043627122567706e-02,5.059789183626142717e-02,-5.063153058290481567e-02,5.421178892254829407e+00
2.540000000000000000e+02,2.540000000000001701e-01,4.745612414410727453e+00,9.733487738774859732e-02,-3.689226462521270899e-02,-3.954333831727623039e-02,-6.294516840826247517e-02,5.072197219259644285e-02,-4.510300327092409134e-02,5.395791530609130859e+00
2.550000000000000000e+02,2.550000000000001710e-01,4.745581740435691032e+00,9.731071731817592108e-02,-3.690546291662473444e-02,-3.978608577602875396e-02,-6.296564011934280281e-02,5.084511427258348037e-02,-5.199876800179481506e-02,5.368069037795066833e+00
2.560000000000000000e+02,2.560000000000001719e-01,4.745550883789357854e+00,9.728680543929250912e-02,-3.691681905813757464e-02,-4.002698413793692733e-02,-6.298177336007415583e-02,5.096711747452516150e-02,-4.447973798960447311e-02,5.370964318513870239e+00
2.570000000000000000e+02,2.570000000000001728e-01,4.745519832791019965e+00,9.726318988991845826e-02,-3.692634014420802940e-02,-4.026448598878092089e-02,-6.299343964854098310e-02,5.108772427087061863e-02,-4.518811684101819992e-02,5.366992473602294922e+00
2.580000000000000000e+02,2.580000000000001736e-01,4.745488599129927820e+00,9.723993258361630920e-02,-3.693405669109718625e-02,-4.049790151466209354e-02,-6.300078039425449639e-02,5.120604696396377498e-02,-4.565453995019197464e-02,5.377102196216583252e+00
2.590000000000000000e+02,2.590000000000001745e-01,4.745457186534428828e+00,9.721704291191217429e-02,-3.693999901429092375e-02,-4.072894315254886599e-02,-6.300388230875486606e-02,5.132206113489687360e-02,-5.439687799662351608e-02,5.348455145955085754e+00
2.600000000000000000e+02,2.600000000000001754e-01,4.745425593040732082e+00,9.719465959752074391e-02,-3.694424509318386396e-02,-4.096190767644738301e-02,-6.300306725216309189e-02,5.143528803472453143e-02,-5.854771099984645844e-02,5.314893350005149841e+00
2.610000000000000000e+02,2.610000000000001763e-01,4.745393795368316070e+00,9.717285565165145744e-02,-3.694676405115897289e-02,-4.119900544853268010e-02,-6.299804740927372748e-02,5.154592524533870013e-02,-5.742160603404045105e-02,5.336592406034469604e+00
2.620000000000000000e+02,2.620000000000001772e-01,4.745361774770847418e+00,9.715157613184512153e-02,-3.694748982987321878e-02,-4.144183922465008441e-02,-6.298837947652335956e-02,5.165430889676991821e-02,-6.426480412483215332e-02,5.360984444618225098e+00
2.630000000000000000e+02,2.630000000000001781e-01,4.745329543990957077e+00,9.713082069116157902e-02,-3.694662629608392451e-02,-4.168813890692365381e-02,-6.297483948522297759e-02,5.176069513899015512e-02,-5.825151037424802780e-02,5.358879640698432922e+00
2.640000000000000000e+02,2.640000000000001790e-01,4.745297098473724162e+00,9.711062334758131798e-02,-3.694422887470246580e-02,-4.193839116952566282e-02,-6.295778835367626947e-02,5.186455375546038249e-02,-6.609771121293306351e-02,5.335144236683845520e+00
2.650000000000000000e+02,2.650000000000001799e-01,4.745264446359513499e+00,9.709095222182805018e-02,-3.694025079190272481e-02,-4.218775792129198648e-02,-6.293704286432455497e-02,5.196626278807939953e-02,-6.525056622922420502e-02,5.320135250687599182e+00
2.660000000000000000e+02,2.660000000000001807e-01,4.745231567826806440e+00,9.707180582225551080e-02,-3.693460457242243866e-02,-4.243589054823385803e-02,-6.291218384674279740e-02,5.206572701038032075e-02,-7.441736850887537003e-02,5.323837339878082275e+00
2.670000000000000000e+02,2.670000000000001816e-01,4.745198464991029041e+00,9.705318712524621527e-02,-3.692728364230399990e-02,-4.268181845391684492e-02,-6.288311124569667676e-02,5.216277260202532851e-02,-8.255035430192947388e-02,5.349533513188362122e+00
2.680000000000000000e+02,2.680000000000001825e-01,4.745165118409140348e+00,9.703520819625072180e-02,-3.691834062074159789e-02,-4.292846542173266861e-02,-6.285003983178838460e-02,5.225663016746693451e-02,-9.027510415762662888e-02,5.328611984848976135e+00
2.690000000000000000e+02,2.690000000000001834e-01,4.745131510594827517e+00,9.701785411384510061e-02,-3.690780101791127366e-02,-4.316842525683268345e-02,-6.281319785537275990e-02,5.234719740640741276e-02,-9.142632875591516495e-02,5.336793914437294006e+00
2.700000000000000000e+02,2.700000000000001843e-01,4.745097624305987694e+00,9.700133891737700020e-02,-3.689571102509715816e-02,-4.340450323063186483e-02,-6.277262850699560914e-02,5.243382147998656290e-02,-8.897907566279172897e-02,5.343294873833656311e+00
2.710000000000000000e+02,2.710000000000001852e-01,4.745063456864549778e+00,9.698556383536036107e-02,-3.688198309669350056e-02,-4.363320547443137742e-02,-6.272809013774982567e-02,5.251691781458343866e-02,-9.451780095696449280e-02,5.339702829718589783e+00
2.720000000000000000e+02,2.720000000000001861e-01,4.745029011848997058e+00,9.697051584849236683e-02,-3.686662428221804816e-02,-4.385934774656428947e-02,-6.267963774092955020e-02,5.259661008140995020e-02,-9.005433227866888046e-02,5.288774773478507996e+00
2.730000000000000000e+02,2.730000000000001870e-01,4.744994281360425781e+00,9.695614109057562602e-02,-3.684961976301417280e-02,-4.408430879163474647e-02,-6.262719947765038597e-02,5.267320576855021030e-02,-1.015419303439557552e-01,5.281016245484352112e+00
2.740000000000000000e+02,2.740000000000001878e-01,4.744959280070383478e+00,9.694240036629302171e-02,-3.683109377768883919e-02,-4.430692636057308176e-02,-6.257089075546451440e-02,5.274634916281217834e-02,-1.076929387636482716e-01,5.308697894215583801e+00
2.750000000000000000e+02,2.750000000000001887e-01,4.744923992917112976e+00,9.692924802621839808e-02,-3.681122105340975392e-02,-4.452067060843975521e-02,-6.251121455523489523e-02,5.281622004967660711e-02,-1.118116304278373718e-01,5.315483435988426208e+00
2.760000000000000000e+02,2.760000000000001896e-01,4.744888405710638857e+00,9.691666784536259738e-02,-3.678996376759402498e-02,-4.472744434125313501e-02,-6.244821028024949428e-02,5.288286763344302727e-02,-1.133151142857968807e-01,5.343156710267066956e+00
2.770000000000000000e+02,2.770000000000001905e-01,4.744852513943310868e+00,9.690471263603493701e-02,-3.676736846608456150e-02,-4.492769442895934440e-02,-6.238207547716245749e-02,5.294620762146125259e-02,-1.118166814558207989e-01,5.352868273854255676e+00
2.780000000000000000e+02,2.780000000000001914e-01,4.744816338876868933e+00,9.689344754660864090e-02,-3.674367868451203223e-02,-4.512452738186193552e-02,-6.231379717269924789e-02,5.300616127495499236e-02,-9.779556607827544212e-02,5.315410271286964417e+00
2.790000000000000000e+02,2.790000000000001923e-01,4.744779880427645757e+00,9.688278829808763537e-02,-3.671880357978902359e-02,-4.531662062245821188e-02,-6.224311913960112186e-02,5.306328631956470920e-02,-1.058282111771404743e-01,5.334669083356857300e+00
2.800000000000000000e+02,2.800000000000001932e-01,4.744743158755292178e+00,9.687271278367240446e-02,-3.669275144601059219e-02,-4.550278058872343767e-02,-6.216981699320656141e-02,5.311780699084549251e-02,-1.064829542301595211e-01,5.321612045168876648e+00
2.810000000000000000e+02,2.810000000000001941e-01,4.744706158317780087e+00,9.686320645067932056e-02,-3.666554692383048458e-02,-4.568250126481850776e-02,-6.209410080601007742e-02,5.316926389154497806e-02,-9.014748176559805870e-02,5.300808548927307129e+00
2.820000000000000000e+02,2.820000000000001950e-01,4.744668883452051844e+00,9.685418155204393587e-02,-3.663719617762133812e-02,-4.585732444612803521e-02,-6.201588902315102736e-02,5.321853064799562244e-02,-9.135882975533604622e-02,5.357641100883483887e+00
2.830000000000000000e+02,2.830000000000001958e-01,4.744631360655048091e+00,9.684558300298981570e-02,-3.660763775120129404e-02,-4.602825502641581801e-02,-6.193480885998137175e-02,5.326664168040365355e-02,-8.358510350808501244e-02,5.336787566542625427e+00
2.840000000000000000e+02,2.840000000000001967e-01,4.744593599681167007e+00,9.683741865629792722e-02,-3.657694496237014203e-02,-4.619576204315235801e-02,-6.185146281856557238e-02,5.331343459517508265e-02,-9.102129610255360603e-02,5.332563504576683044e+00
2.850000000000000000e+02,2.850000000000001976e-01,4.744555617629934829e+00,9.682964184395213836e-02,-3.654517762037487461e-02,-4.636203219942391235e-02,-6.176593688099263346e-02,5.335852906333014151e-02,-1.024240623228251934e-01,5.295257747173309326e+00
2.860000000000000000e+02,2.860000000000001985e-01,4.744517398390549978e+00,9.682223670598268106e-02,-3.651229223443212130e-02,-4.652887054736604827e-02,-6.167806638600015212e-02,5.340194864612077957e-02,-1.008934322744607925e-01,5.297235205769538879e+00
2.870000000000000000e+02,2.870000000000001994e-01,4.744478912899188217e+00,9.681519087171260030e-02,-3.647821240059306164e-02,-4.669771258707505063e-02,-6.158736875322401438e-02,5.344384355916031309e-02,-9.222138393670320511e-02,5.320392042398452759e+00
2.880000000000000000e+02,2.880000000000002003e-01,4.744440163627198892e+00,9.680842523561042356e-02,-3.644286684336618676e-02,-4.687217984650048075e-02,-6.149361132464759017e-02,5.348474925041024619e-02,-9.635810228064656258e-02,5.340436279773712158e+00
2.890000000000000000e+02,2.890000000000002012e-01,4.744401169706057075e+00,9.680192916880686615e-02,-3.640625939589242632e-02,-4.704988636220382159e-02,-6.139694035322906807e-02,5.352482913490229366e-02,-8.911960246041417122e-02,5.355369389057159424e+00
2.900000000000000000e+02,2.900000000000002021e-01,4.744361920963764412e+00,9.679571429900543644e-02,-3.636835356288926208e-02,-4.722898991955724879e-02,-6.129735275305181474e-02,5.356409893625507790e-02,-8.682233947911299765e-02,5.335185334086418152e+00
2.910000000000000000e+02,2.910000000000002029e-01,4.744322432542094958e+00,9.678977399786581337e-02,-3.632914877948635601e-02,-4.740521861224315792e-02,-6.119493129090747274e-02,5.360264541552021977e-02,-8.211749460315331817e-02,5.298578992486000061e+00
2.920000000000000000e+02,2.920000000000002038e-01,4.744282720007021226e+00,9.678403243473089612e-02,-3.628880590681098778e-02,-4.758236245062255620e-02,-6.109008165906981702e-02,5.364056622595972379e-02,-8.306035189889371395e-02,5.342142701148986816e+00
2.930000000000000000e+02,2.930000000000002047e-01,4.744242793844303918e+00,9.677836433003039751e-02,-3.624731182886760383e-02,-4.775672968088309767e-02,-6.098251592338077565e-02,5.367855030675602879e-02,-8.651335071772336960e-02,5.331370413303375244e+00
2.940000000000000000e+02,2.940000000000002056e-01,4.744202661396753840e+00,9.677282464120628980e-02,-3.620478088313876935e-02,-4.793162334137721081e-02,-6.087289252354444180e-02,5.371614596510478068e-02,-8.964364885468967259e-02,5.319649279117584229e+00
2.950000000000000000e+02,2.950000000000002065e-01,4.744162311164366486e+00,9.676756670309059893e-02,-3.616125060382538448e-02,-4.810881942497289426e-02,-6.076128611372100252e-02,5.375260033282084488e-02,-7.998171751387417316e-02,5.339771747589111328e+00
2.960000000000000000e+02,2.960000000000002074e-01,4.744121733777488359e+00,9.676258337215869199e-02,-3.611659147240412621e-02,-4.828977821151555355e-02,-6.064720808153079012e-02,5.378813990446956045e-02,-8.709906111471354961e-02,5.330167561769485474e+00
2.970000000000000000e+02,2.970000000000002083e-01,4.744080958321100105e+00,9.675786206139665169e-02,-3.607100410888803427e-02,-4.846783194468596428e-02,-6.053144571878155134e-02,5.382226270693683118e-02,-8.232885133475065231e-02,5.319441318511962891e+00
2.980000000000000000e+02,2.980000000000002092e-01,4.744039989979952132e+00,9.675339106289425339e-02,-3.602472600888118048e-02,-4.864304463501877701e-02,-6.041469643727870320e-02,5.385563738685326257e-02,-6.642715167254209518e-02,5.322134375572204590e+00
2.990000000000000000e+02,2.990000000000002101e-01,4.743998835478333120e+00,9.674919312570184893e-02,-3.597770722707409330e-02,-4.881414580287601890e-02,-6.029672736754942974e-02,5.388841794290863407e-02,-7.511323085054755211e-02,5.325312882661819458e+00
3.000000000000000000e+02,3.000000000000002109e-01,4.743957526955140835e+00,9.674514334353430389e-02,-3.592999752860286111e-02,-4.897723528603276782e-02,-6.017769092955083110e-02,5.392098983201443901e-02,-6.787688471376895905e-02,5.313929915428161621e+00
3.010000000000000000e+02,3.010000000000002118e-01,4.743916046957405541e+00,9.674124181197776839e-02,-3.588151976014196387e-02,-4.913513133514007397e-02,-6.005734323495270921e-02,5.395383197490757204e-02,-7.183874817565083504e-02,5.309742599725723267e+00
3.020000000000000000e+02,3.020000000000002127e-01,4.743874403211838064e+00,9.673753300423756918e-02,-3.583224677107946926e-02,-4.928541533444300016e-02,-5.993556747321449052e-02,5.398583084315265734e-02,-8.060713484883308411e-02,5.269998699426651001e+00
3.030000000000000000e+02,3.030000000000002136e-01,4.743832596249489164e+00,9.673391927708033244e-02,-3.578222984386873057e-02,-4.942421198381811986e-02,-5.981251070695581262e-02,5.401712055114286926e-02,-6.568407732993364334e-02,5.304210692644119263e+00
3.040000000000000000e+02,3.040000000000002145e-01,4.743790610654022188e+00,9.673030251820115277e-02,-3.573152619301464550e-02,-4.954875628663570758e-02,-5.968811746701407905e-02,5.404768214219674710e-02,-6.626515742391347885e-02,5.294614583253860474e+00
3.050000000000000000e+02,3.050000000000002154e-01,4.743748471663705502e+00,9.672663607803080876e-02,-3.568002268566386470e-02,-4.965739410556897770e-02,-5.956220041803539367e-02,5.407809922576931050e-02,-7.333611231297254562e-02,5.280512958765029907e+00
3.060000000000000000e+02,3.060000000000002163e-01,4.743706172119357412e+00,9.672293261861109048e-02,-3.562768896307284827e-02,-4.974619309668418254e-02,-5.943460813428713685e-02,5.410795726698279517e-02,-6.763738952577114105e-02,5.232851088047027588e+00
3.070000000000000000e+02,3.070000000000002172e-01,4.743663712714472958e+00,9.671906037131058897e-02,-3.557456031618713710e-02,-4.981074001582891375e-02,-5.930535505534129115e-02,5.413823093775060880e-02,-6.276959599927067757e-02,5.199062466621398926e+00
3.080000000000000000e+02,3.080000000000002180e-01,4.743621090870034251e+00,9.671502451427775593e-02,-3.552063627164007281e-02,-4.985614968151731025e-02,-5.917412034915159325e-02,5.416894754981765175e-02,-6.588651891797780991e-02,5.242468893527984619e+00
3.090000000000000000e+02,3.090000000000002189e-01,4.743578318862998522e+00,9.671086172180597129e-02,-3.546602394902615557e-02,-4.988639671128917985e-02,-5.904104053541203712e-02,5.420020581350314115e-02,-6.406139768660068512e-02,5.265877619385719299e+00
3.100000000000000000e+02,3.100000000000002198e-01,4.743535391744218899e+00,9.670657676599424268e-02,-3.541074356746999607e-02,-4.990337806315615909e-02,-5.890642085701847108e-02,5.423234021184487885e-02,-6.568868551403284073e-02,5.215440809726715088e+00
3.110000000000000000e+02,3.110000000000002207e-01,4.743492314036084956e+00,9.670222734697102307e-02,-3.535479918155542273e-02,-4.990782811737588115e-02,-5.877044155535049441e-02,5.426481138363151852e-02,-4.881158517673611641e-02,5.186548545956611633e+00
3.120000000000000000e+02,3.120000000000002216e-01,4.743449074943145938e+00,9.669785546538828269e-02,-3.529832935554371581e-02,-4.989804504671463414e-02,-5.863324719737339485e-02,5.429683962527732943e-02,-4.215022223070263863e-02,5.181903466582298279e+00
3.130000000000000000e+02,3.130000000000002225e-01,4.743405696993895582e+00,9.669350704217767600e-02,-3.524136142755595474e-02,-4.987072567113216143e-02,-5.849474276126520600e-02,5.432796147222052757e-02,-5.514784064143896103e-02,5.233155742287635803e+00
3.140000000000000000e+02,3.140000000000002234e-01,4.743362184783208590e+00,9.668917077134128735e-02,-3.518379154377077739e-02,-4.982166182570398061e-02,-5.835452836505972130e-02,5.435865994581363936e-02,-5.173151614144444466e-02,5.216037079691886902e+00
3.150000000000000000e+02,3.150000000000002243e-01,4.743318516475046209e+00,9.668490499188538145e-02,-3.512563213798509942e-02,-4.975535447042321591e-02,-5.821297862370489185e-02,5.438849049326158203e-02,-4.607852501794695854e-02,5.159303590655326843e+00
3.160000000000000000e+02,3.160000000000002252e-01,4.743274695032674515e+00,9.668069770795802154e-02,-3.506688667392022368e-02,-4.967354980365366879e-02,-5.807002493025104073e-02,5.441682361803377999e-02,-4.644424421712756157e-02,5.181226506829261780e+00
3.170000000000000000e+02,3.170000000000002260e-01,4.743230735525901132e+00,9.667653359223718490e-02,-3.500774953222007130e-02,-4.957351450665591075e-02,-5.792595129126931752e-02,5.444347986540833129e-02,-5.422854656353592873e-02,5.210841923952102661e+00
3.180000000000000000e+02,3.180000000000002269e-01,4.743186639064957077e+00,9.667241321269993970e-02,-3.494822872733115843e-02,-4.945598256691177697e-02,-5.778091312959698911e-02,5.446855021435503819e-02,-5.472416616976261139e-02,5.202245444059371948e+00
3.190000000000000000e+02,3.190000000000002278e-01,4.743142390062730307e+00,9.666853798461601255e-02,-3.488840188471460657e-02,-4.932218642286222143e-02,-5.763538791968425556e-02,5.449074148215095337e-02,-4.524432308971881866e-02,5.189557641744613647e+00
3.200000000000000000e+02,3.200000000000002287e-01,4.743097986816965594e+00,9.666491421404439788e-02,-3.482822469398164089e-02,-4.917158398956326254e-02,-5.748919751356540431e-02,5.450979671978994218e-02,-4.515414219349622726e-02,5.151463702321052551e+00
3.210000000000000000e+02,3.210000000000002296e-01,4.743053444423084741e+00,9.666138476933291979e-02,-3.476757837097942117e-02,-4.900069919040381944e-02,-5.734185495484234174e-02,5.452637806498829981e-02,-4.718110105022788048e-02,5.147553652524948120e+00
3.220000000000000000e+02,3.220000000000002305e-01,4.743008763164562325e+00,9.665782272232649464e-02,-3.470649458395687337e-02,-4.880696075466564587e-02,-5.719323187621738747e-02,5.454046036105761330e-02,-5.068953242152929306e-02,5.162039369344711304e+00
3.230000000000000000e+02,3.230000000000002314e-01,4.742963942876731842e+00,9.665415963229403995e-02,-3.464495186682205879e-02,-4.859096887090417344e-02,-5.704321299344172758e-02,5.455278741168970852e-02,-5.916455481201410294e-02,5.141101598739624023e+00
3.240000000000000000e+02,3.240000000000002323e-01,4.742918966169577644e+00,9.665044897307063787e-02,-3.458276989015637154e-02,-4.835299801979304340e-02,-5.689130160375532874e-02,5.456322313167271537e-02,-5.974032916128635406e-02,5.155021965503692627e+00
3.250000000000000000e+02,3.250000000000002331e-01,4.742873823276713807e+00,9.664668251328097093e-02,-3.452007346636247476e-02,-4.809509754690583644e-02,-5.673775258280988609e-02,5.457233213526175436e-02,-6.160704791545867920e-02,5.153832376003265381e+00
3.260000000000000000e+02,3.260000000000002340e-01,4.742828506206475225e+00,9.664293615623625877e-02,-3.445683608743825566e-02,-4.781906207271627296e-02,-5.658256814221540587e-02,5.457970735711298316e-02,-6.874736212193965912e-02,5.149457916617393494e+00
3.270000000000000000e+02,3.270000000000002349e-01,4.742783004177380413e+00,9.663910697114266868e-02,-3.439292071058063643e-02,-4.752359726955163871e-02,-5.642528324410878149e-02,5.458559824464761373e-02,-7.060440070927143097e-02,5.119157806038856506e+00
3.280000000000000000e+02,3.280000000000002358e-01,4.742737320734855544e+00,9.663517401772500626e-02,-3.432856177964933170e-02,-4.720958796844032523e-02,-5.626662017452610520e-02,5.459057521507583444e-02,-5.455479258671402931e-02,5.137368649244308472e+00
3.290000000000000000e+02,3.290000000000002367e-01,4.742691436800306803e+00,9.663134853468233199e-02,-3.426375287198475672e-02,-4.687647731916234906e-02,-5.610638308003657038e-02,5.459363836636345335e-02,-5.406925128772854805e-02,5.144309252500534058e+00
3.300000000000000000e+02,3.300000000000002376e-01,4.742645391013978085e+00,9.662756847865590359e-02,-3.419853400320974068e-02,-4.652378779001672959e-02,-5.594483538925820731e-02,5.459457729463196296e-02,-4.860052373260259628e-02,5.119085744023323059e+00
3.310000000000000000e+02,3.310000000000002385e-01,4.742599181021492249e+00,9.662394908499252755e-02,-3.413298750519860869e-02,-4.615262038339260769e-02,-5.578230931529204462e-02,5.459245506809671383e-02,-6.045315414667129517e-02,5.109795242547988892e+00
3.320000000000000000e+02,3.320000000000002394e-01,4.742552808883764293e+00,9.662060005842777743e-02,-3.406713191521722889e-02,-4.576340266851068594e-02,-5.561873186510735145e-02,5.458635545947945755e-02,-6.172014167532324791e-02,5.104372605681419373e+00
3.330000000000000000e+02,3.330000000000002403e-01,4.742506250491592468e+00,9.661756525427338260e-02,-3.400092938898837541e-02,-4.535679238009574649e-02,-5.545392532500703631e-02,5.457628924249644659e-02,-5.637556966394186020e-02,5.120820879936218262e+00
3.340000000000000000e+02,3.340000000000002411e-01,4.742459496818344888e+00,9.661480905202995961e-02,-3.393426055365023758e-02,-4.493086232444244016e-02,-5.528744299388077543e-02,5.456276419780050485e-02,-7.146521238610148430e-02,5.149098381400108337e+00
3.350000000000000000e+02,3.350000000000002420e-01,4.742412554480394782e+00,9.661241348108101645e-02,-3.386709831793444092e-02,-4.448586311624910805e-02,-5.511929146159988413e-02,5.454570603186664757e-02,-7.520220661535859108e-02,5.128124102950096130e+00
3.360000000000000000e+02,3.360000000000002429e-01,4.742365396470144212e+00,9.661034951584228370e-02,-3.379936130618160783e-02,-4.402257574510044791e-02,-5.494939723865921444e-02,5.452496634812512011e-02,-8.251925231888890266e-02,5.111903890967369080e+00
3.370000000000000000e+02,3.370000000000002438e-01,4.742318014738786225e+00,9.660856342534672458e-02,-3.373095575861445594e-02,-4.354008399870430701e-02,-5.477733091862324599e-02,5.450072287756770051e-02,-7.679044967517256737e-02,5.054183602333068848e+00
3.380000000000000000e+02,3.380000000000002447e-01,4.742270397828000306e+00,9.660708225506785263e-02,-3.366197633567730163e-02,-4.303762178579699504e-02,-5.460331048892186345e-02,5.447261746742154687e-02,-7.911120541393756866e-02,5.105332061648368835e+00
3.390000000000000000e+02,3.390000000000002456e-01,4.742222557971562225e+00,9.660588223352647996e-02,-3.359259874265225349e-02,-4.251517658977502223e-02,-5.442753154274226901e-02,5.444086750799312369e-02,-8.213890390470623970e-02,5.135192051529884338e+00
3.400000000000000000e+02,3.400000000000002465e-01,4.742174501644737639e+00,9.660487780949163217e-02,-3.352279252564840245e-02,-4.197018671832311587e-02,-5.425021260337836715e-02,5.440583486652797451e-02,-8.734069392085075378e-02,5.113267987966537476e+00
3.410000000000000000e+02,3.410000000000002474e-01,4.742126215323390070e+00,9.660405884313148783e-02,-3.345238878132298505e-02,-4.139994555888437677e-02,-5.407099223854316961e-02,5.436726125029278656e-02,-7.107523828744888306e-02,5.073102369904518127e+00
3.420000000000000000e+02,3.420000000000002482e-01,4.742077685888977712e+00,9.660346119474409743e-02,-3.338127773783753499e-02,-4.080616043416568361e-02,-5.388938509496576934e-02,5.432521774258365632e-02,-6.675498746335506439e-02,5.000738292932510376e+00
3.430000000000000000e+02,3.430000000000002491e-01,4.742028960931008896e+00,9.660312396305993643e-02,-3.330980640747960297e-02,-4.019025647452929839e-02,-5.370627370456237948e-02,5.427971587215596472e-02,-6.868759356439113617e-02,5.003559052944183350e+00
3.440000000000000000e+02,3.440000000000002500e-01,4.741980053280823171e+00,9.660298995052882254e-02,-3.323814374898337309e-02,-3.955157244302810737e-02,-5.352177096639332277e-02,5.423051164206578456e-02,-8.470010850578546524e-02,5.034619182348251343e+00
3.450000000000000000e+02,3.450000000000002509e-01,4.741930949592079614e+00,9.660298152580862330e-02,-3.316616393895271964e-02,-3.889093244657337162e-02,-5.333550497098871190e-02,5.417682718534181513e-02,-8.018713071942329407e-02,5.048379197716712952e+00
3.460000000000000000e+02,3.460000000000002518e-01,4.741881622340010871e+00,9.660300710344328634e-02,-3.309371693453213442e-02,-3.821460994493765945e-02,-5.314716581694445274e-02,5.411954753601491003e-02,-7.575596263632178307e-02,5.017667949199676514e+00
3.470000000000000000e+02,3.470000000000002527e-01,4.741832085781519268e+00,9.660297231520091621e-02,-3.302064387576125054e-02,-3.751852244934157643e-02,-5.295630687863983610e-02,5.405961899906790158e-02,-6.375676684547215700e-02,4.951397702097892761e+00
3.480000000000000000e+02,3.480000000000002536e-01,4.741782352519349431e+00,9.660279686285347389e-02,-3.294696724602542981e-02,-3.680323942792207426e-02,-5.276279335937128501e-02,5.399775756130710536e-02,-6.866129848640412092e-02,4.942312583327293396e+00
3.490000000000000000e+02,3.490000000000002545e-01,4.741732460236399938e+00,9.660236076072702127e-02,-3.287297553096511088e-02,-3.607072362458753345e-02,-5.256711538025982122e-02,5.393530831825577021e-02,-7.169332145713269711e-02,4.992992281913757324e+00
3.500000000000000000e+02,3.500000000000002554e-01,4.741682394119784760e+00,9.660172829937610506e-02,-3.279871149582901102e-02,-3.531994250529026796e-02,-5.236937365460225813e-02,5.387131756654064269e-02,-7.342753221746534109e-02,4.985670149326324463e+00
3.510000000000000000e+02,3.510000000000002562e-01,4.741632150784989008e+00,9.660081946670473485e-02,-3.272398257827881241e-02,-3.455015954411329998e-02,-5.216923529629680090e-02,5.380677624185021407e-02,-8.407838083803653717e-02,5.002612188458442688e+00
3.520000000000000000e+02,3.520000000000002571e-01,4.741581729990389960e+00,9.659947498885848582e-02,-3.264869721213430748e-02,-3.376083657606829269e-02,-5.196634162300073356e-02,5.374261345701637771e-02,-8.811902231536805630e-02,5.009593144059181213e+00
3.530000000000000000e+02,3.530000000000002580e-01,4.741531113858129309e+00,9.659758564541456871e-02,-3.257274570062803493e-02,-3.295325863206871597e-02,-5.176039716510971722e-02,5.368059454659150631e-02,-8.585440460592508316e-02,5.039217531681060791e+00
3.540000000000000000e+02,3.540000000000002589e-01,4.741480292496561333e+00,9.659519101212067638e-02,-3.249605482430624470e-02,-3.212947795875850665e-02,-5.155122427284752895e-02,5.362041370423532849e-02,-7.973319478332996368e-02,5.011922508478164673e+00
3.550000000000000000e+02,3.550000000000002598e-01,4.741429262183920912e+00,9.659245973101968086e-02,-3.241863254603730149e-02,-3.128412380439384716e-02,-5.133905961976226173e-02,5.356048711390557632e-02,-8.929628366604447365e-02,5.028431355953216553e+00
3.560000000000000000e+02,3.560000000000002607e-01,4.741378020876089394e+00,9.658961281278106992e-02,-3.234056288042389676e-02,-3.041787207595626069e-02,-5.112402056740084078e-02,5.349949431061346711e-02,-7.993258582428097725e-02,5.041264459490776062e+00
3.570000000000000000e+02,3.570000000000002616e-01,4.741326550642599891e+00,9.658664628635868499e-02,-3.226174635567572585e-02,-2.953162837399129353e-02,-5.090587488453990339e-02,5.343807550935193024e-02,-8.188290800899267197e-02,5.031754896044731140e+00
3.580000000000000000e+02,3.580000000000002625e-01,4.741274861830739873e+00,9.658359629293378212e-02,-3.218211905712014403e-02,-2.862454216521744671e-02,-5.068448647276824204e-02,5.337618991993276635e-02,-6.060479907318949699e-02,4.994332581758499146e+00
3.590000000000000000e+02,3.590000000000002633e-01,4.741222938852312829e+00,9.658054936160598292e-02,-3.210162892090495657e-02,-2.769431214189254503e-02,-5.045964510740885700e-02,5.331267819467756103e-02,-5.673167895292863250e-02,5.046668887138366699e+00
3.600000000000000000e+02,3.600000000000002642e-01,4.741170812947290258e+00,9.657755518082691837e-02,-3.202014148705344121e-02,-2.674150482218288702e-02,-5.023067315443774383e-02,5.324789975973380496e-02,-6.376039050519466400e-02,5.046614244580268860e+00
3.610000000000000000e+02,3.610000000000002651e-01,4.741118513479693597e+00,9.657454413952179517e-02,-3.193763794388256028e-02,-2.576808073206697872e-02,-4.999781496894328825e-02,5.318387343348535135e-02,-5.321338877547532320e-02,5.045095920562744141e+00
3.620000000000000000e+02,3.620000000000002660e-01,4.741066032128960828e+00,9.657156273364421450e-02,-3.185411393439549488e-02,-2.477921319498969238e-02,-4.976107108463279083e-02,5.312072980883649626e-02,-4.505464766407385468e-02,5.057642698287963867e+00
3.630000000000000000e+02,3.630000000000002669e-01,4.741013407884227426e+00,9.656862107546775043e-02,-3.176976334435863136e-02,-2.377605045161442637e-02,-4.952109082995725942e-02,5.305814484791279012e-02,-3.716954856645315886e-02,5.045496717095375061e+00
3.640000000000000000e+02,3.640000000000002678e-01,4.740960657175906867e+00,9.656570725609156525e-02,-3.168453148088171828e-02,-2.276343007023592588e-02,-4.927778383204683976e-02,5.299616384349738196e-02,-3.885248862206935883e-02,5.057365268468856812e+00
3.650000000000000000e+02,3.650000000000002687e-01,4.740907778856167099e+00,9.656289469914375312e-02,-3.159835533300062865e-02,-2.173943364418653990e-02,-4.903089044890229786e-02,5.293312155533475005e-02,-3.840906172990798950e-02,5.099725604057312012e+00
3.660000000000000000e+02,3.660000000000002696e-01,4.740854773834083602e+00,9.656014475147112197e-02,-3.151125373450456429e-02,-2.070778415191177127e-02,-4.878054438769607870e-02,5.286939929236846025e-02,-3.910573245957493782e-02,5.145726859569549561e+00
3.670000000000000000e+02,3.670000000000002705e-01,4.740801668562601101e+00,9.655740235367067659e-02,-3.142327325098281249e-02,-1.967316580249402549e-02,-4.852716895030639854e-02,5.280607795471793653e-02,-2.700084587559103966e-02,5.153679832816123962e+00
3.680000000000000000e+02,3.680000000000002713e-01,4.740748462185635503e+00,9.655475501262249238e-02,-3.133434999532892090e-02,-1.863401079741532074e-02,-4.827082964070839033e-02,5.274375334091149781e-02,-1.069487771019339561e-02,5.161409482359886169e+00
3.690000000000000000e+02,3.690000000000002722e-01,4.740695175217929602e+00,9.655230471326253783e-02,-3.124455452353213855e-02,-1.759632368684176801e-02,-4.801181847086044563e-02,5.268177702786033118e-02,8.327080868184566498e-04,5.188605129718780518e+00
3.700000000000000000e+02,3.700000000000002731e-01,4.740641856883746286e+00,9.655004587951711292e-02,-3.115415561216479043e-02,-1.656076730837320599e-02,-4.775106640028714544e-02,5.262016900766008920e-02,9.738411288708448410e-03,5.208249583840370178e+00
3.710000000000000000e+02,3.710000000000002740e-01,4.740588542180255160e+00,9.654789164203797514e-02,-3.106316307678824024e-02,-1.552806116805355990e-02,-4.748877936949180700e-02,5.255942907894318311e-02,3.076723776757717133e-02,5.255250155925750732e+00
3.720000000000000000e+02,3.720000000000002749e-01,4.740535263005494215e+00,9.654579587272997532e-02,-3.097167062194436035e-02,-1.450198233843171328e-02,-4.722539056025598647e-02,5.250007151940457029e-02,4.542238218709826469e-02,5.259635537862777710e+00
3.730000000000000000e+02,3.730000000000002758e-01,4.740482086471410561e+00,9.654366080679184503e-02,-3.087982183122443824e-02,-1.347716822172321041e-02,-4.696167303261966630e-02,5.244196858445987486e-02,6.697474978864192963e-02,5.215456813573837280e+00
3.740000000000000000e+02,3.740000000000002767e-01,4.740429057569440552e+00,9.654150604838726557e-02,-3.078779767272470796e-02,-1.245494826139211322e-02,-4.669825466268995307e-02,5.238476497877578297e-02,6.041640602052211761e-02,5.192653715610504150e+00
3.750000000000000000e+02,3.750000000000002776e-01,4.740376224594990084e+00,9.653944909467386537e-02,-3.069593438851266065e-02,-1.143937689171950489e-02,-4.643596006838657253e-02,5.232775182544591175e-02,5.722688534297049046e-02,5.158792734146118164e+00
3.760000000000000000e+02,3.760000000000002784e-01,4.740323566983426495e+00,9.653756555030164332e-02,-3.060424477546556943e-02,-1.042610905522606615e-02,-4.617467823311827146e-02,5.227069809057709182e-02,4.164933098945766687e-02,5.237785845994949341e+00
3.770000000000000000e+02,3.770000000000002793e-01,4.740271070520055474e+00,9.653590604662427854e-02,-3.051268522237839814e-02,-9.417898928117417190e-03,-4.591405437733087069e-02,5.221338443039858640e-02,3.913681476842612028e-02,5.272823050618171692e+00
3.780000000000000000e+02,3.780000000000002802e-01,4.740218729800781183e+00,9.653439838413634122e-02,-3.042130865845557933e-02,-8.415732633336985707e-03,-4.565473708184231150e-02,5.215814728176448867e-02,4.038531321566551924e-02,5.274505794048309326e+00
3.790000000000000000e+02,3.790000000000002811e-01,4.740166545013642541e+00,9.653306116907724166e-02,-3.033017498678340293e-02,-7.419521783221603994e-03,-4.539714929916738306e-02,5.210367111918551980e-02,3.063052427023649216e-02,5.308131232857704163e+00
3.800000000000000000e+02,3.800000000000002820e-01,4.740114516704293735e+00,9.653175828880870835e-02,-3.023917112318747977e-02,-6.431876772665087727e-03,-4.514092758036025721e-02,5.205069554421448697e-02,3.646089253015816212e-02,5.348582074046134949e+00
3.810000000000000000e+02,3.810000000000002829e-01,4.740062641956732215e+00,9.653043251000155422e-02,-3.014845403243369623e-02,-5.457538482723810203e-03,-4.488678970465387330e-02,5.200028808526443308e-02,3.314794856123626232e-02,5.270747646689414978e+00
3.820000000000000000e+02,3.820000000000002838e-01,4.740010944420379957e+00,9.652902328450599367e-02,-3.005815888361035304e-02,-4.499876166632568730e-03,-4.463542563980915645e-02,5.195349663968720083e-02,2.502092855866067111e-02,5.260779872536659241e+00
3.830000000000000000e+02,3.830000000000002847e-01,4.739959396542813508e+00,9.652769739516596503e-02,-2.996818098199561728e-02,-3.560416196104445458e-03,-4.438600978300999422e-02,5.191027455270195989e-02,8.115929784253239632e-03,5.288235396146774292e+00
3.840000000000000000e+02,3.840000000000002855e-01,4.739907971982855628e+00,9.652647550606704985e-02,-2.987839242384374150e-02,-2.636029679735866355e-03,-4.413806269012110484e-02,5.187069985124190263e-02,1.640302455052733421e-02,5.273954987525939941e+00
3.850000000000000000e+02,3.850000000000002864e-01,4.739856638356059193e+00,9.652549647621698481e-02,-2.978886506461715308e-02,-1.729938984624763976e-03,-4.389199513943653486e-02,5.183452486617942667e-02,1.956930710002779961e-02,5.228108540177345276e+00
3.860000000000000000e+02,3.860000000000002873e-01,4.739805407663871151e+00,9.652486119818973198e-02,-2.969977859206442139e-02,-8.410585097829610668e-04,-4.364830744467740331e-02,5.179976270481739808e-02,2.408282656688243151e-02,5.273857951164245605e+00
3.870000000000000000e+02,3.870000000000002882e-01,4.739754271749774261e+00,9.652456232066641828e-02,-2.961092227955420750e-02,2.986995203616005234e-05,-4.340602791314518427e-02,5.176682447794053038e-02,3.445200598798692226e-02,5.346606105566024780e+00
3.880000000000000000e+02,3.880000000000002891e-01,4.739703246286946836e+00,9.652449566092782818e-02,-2.952239534734402496e-02,8.856464754530557482e-04,-4.316576366389579533e-02,5.173625922947268363e-02,3.006908157840371132e-02,5.314016163349151611e+00
3.890000000000000000e+02,3.890000000000002900e-01,4.739652372984288320e+00,9.652457993554980353e-02,-2.943414098312830893e-02,1.722931150076725815e-03,-4.292778800931884575e-02,5.170900013943107582e-02,4.112932831048965454e-02,5.257240712642669678e+00
3.900000000000000000e+02,3.900000000000002909e-01,4.739601624703750460e+00,9.652492668264982256e-02,-2.934592546072588640e-02,2.543889145302326293e-03,-4.269113746981156865e-02,5.168506113491196097e-02,3.980653872713446617e-02,5.260390251874923706e+00
3.910000000000000000e+02,3.910000000000002918e-01,4.739551008110806762e+00,9.652554589606424096e-02,-2.925770094898488133e-02,3.350882313511830551e-03,-4.245530419163934255e-02,5.166431889239005149e-02,4.301511408993974328e-02,5.241666734218597412e+00
3.920000000000000000e+02,3.920000000000002927e-01,4.739500509216560964e+00,9.652645688684702296e-02,-2.916931471412417820e-02,4.144124749129965424e-03,-4.221981185786560786e-02,5.164602125790003495e-02,4.037930243066512048e-02,5.247651636600494385e+00
3.930000000000000000e+02,3.930000000000002935e-01,4.739450133794385067e+00,9.652765214382759418e-02,-2.908079603650174857e-02,4.922160451364822331e-03,-4.198464224069353712e-02,5.163015015641195249e-02,3.960635326802730560e-02,5.282644718885421753e+00
3.940000000000000000e+02,3.940000000000002944e-01,4.739399869962770850e+00,9.652923011650089979e-02,-2.899213537074292815e-02,5.684975806670124893e-03,-4.174980372378200855e-02,5.161635473472919733e-02,4.742020182311534882e-02,5.306700170040130615e+00
3.950000000000000000e+02,3.950000000000002953e-01,4.739349719472097711e+00,9.653105132731129578e-02,-2.890329690009519475e-02,6.435558763498737400e-03,-4.151539933213932443e-02,5.160501163644993367e-02,3.517529857344925404e-02,5.314243853092193604e+00
3.960000000000000000e+02,3.960000000000002962e-01,4.739299682381877155e+00,9.653327065745363755e-02,-2.881414011171995471e-02,7.175037963821368631e-03,-4.128112011345663745e-02,5.159500259222823959e-02,3.756637871265411377e-02,5.307658672332763672e+00
3.970000000000000000e+02,3.970000000000002971e-01,4.739249735481301684e+00,9.653590634347013200e-02,-2.872462600850272940e-02,7.903138198497756950e-03,-4.104688665709632645e-02,5.158623271274988958e-02,3.464584634639322758e-02,5.269571930170059204e+00
3.980000000000000000e+02,3.980000000000002980e-01,4.739199890850069430e+00,9.653886180920781546e-02,-2.863490063137043989e-02,8.622423202632810424e-03,-4.081313661623497957e-02,5.157923536162842965e-02,2.138176653534173965e-02,5.335102081298828125e+00
3.990000000000000000e+02,3.990000000000002989e-01,4.739150131762678519e+00,9.654239543931240897e-02,-2.854496731194387099e-02,9.334104082992379647e-03,-4.057963773777406580e-02,5.157269296534588987e-02,1.829674839973449707e-02,5.329620748758316040e+00
4.000000000000000000e+02,4.000000000000002998e-01,4.739100433173397242e+00,9.654658389187309453e-02,-2.845476536651274022e-02,1.003789420058529003e-02,-4.034659559318010125e-02,5.156587897407545473e-02,6.543938070535659790e-05,5.303900957107543945e+00
4.010000000000000000e+02,4.010000000000003006e-01,4.739050782214457413e+00,9.655143396573581671e-02,-2.836417944958773488e-02,1.073422157297526658e-02,-4.011360268725927547e-02,5.155899473716048231e-02,-5.912833847105503082e-03,5.259316682815551758e+00
4.020000000000000000e+02,4.020000000000003015e-01,4.739001137162202504e+00,9.655712017031524430e-02,-2.827325612619618553e-02,1.142340025332360884e-02,-3.988063682163733858e-02,5.155042415258570543e-02,-8.989023044705390930e-03,5.242805391550064087e+00
4.030000000000000000e+02,4.030000000000003024e-01,4.738951485383438467e+00,9.656360195733212914e-02,-2.818193098930774423e-02,1.210598463615540285e-02,-3.964721361584144788e-02,5.154095840619728197e-02,1.458926859777420759e-02,5.290246039628982544e+00
4.040000000000000000e+02,4.040000000000003033e-01,4.738901804092392034e+00,9.657101798764881895e-02,-2.809003911583470361e-02,1.277997818208776587e-02,-3.941268715363510644e-02,5.152959472410439251e-02,8.594076381996273994e-03,5.267501741647720337e+00
4.050000000000000000e+02,4.050000000000003042e-01,4.738852136979412322e+00,9.657950788226049577e-02,-2.799760504354753196e-02,1.344416271829039153e-02,-3.917741613795389100e-02,5.151482572691438999e-02,4.099733196198940277e-04,5.271056264638900757e+00
4.060000000000000000e+02,4.060000000000003051e-01,4.738802470304846359e+00,9.658912699639848887e-02,-2.790471033010131011e-02,1.409999449268942509e-02,-3.894151633818765390e-02,5.149620701450441373e-02,-2.929744310677051544e-03,5.262805461883544922e+00
4.070000000000000000e+02,4.070000000000003060e-01,4.738752782452409384e+00,9.659982432468393332e-02,-2.781113792141321275e-02,1.474848903325003818e-02,-3.870429826229471182e-02,5.147389323372803666e-02,-3.018778515979647636e-03,5.264919936656951904e+00
4.080000000000000000e+02,4.080000000000003069e-01,4.738703065741143305e+00,9.661185782613147810e-02,-2.771695984815523289e-02,1.538906061608576528e-02,-3.846592946427684900e-02,5.144691931504180582e-02,-8.664532680995762348e-03,5.262064933776855469e+00
4.090000000000000000e+02,4.090000000000003078e-01,4.738653313619233032e+00,9.662534300855350755e-02,-2.762221342956497697e-02,1.602270931949499252e-02,-3.822653190122582423e-02,5.141437319834465947e-02,2.008176190429367125e-03,5.257452845573425293e+00
4.100000000000000000e+02,4.100000000000003086e-01,4.738603507367987078e+00,9.664031896011474054e-02,-2.752680751558978650e-02,1.664633940689695321e-02,-3.798579402634483237e-02,5.137649279032183158e-02,-1.339489239035174251e-02,5.266797930002212524e+00
4.110000000000000000e+02,4.110000000000003095e-01,4.738553664377390007e+00,9.665673213544161146e-02,-2.743054199401128573e-02,1.725707743275933445e-02,-3.774303100272491385e-02,5.133355553586521625e-02,-4.534537350991740823e-03,5.222668528556823730e+00
4.120000000000000000e+02,4.120000000000003104e-01,4.738503765286017355e+00,9.667441144244370843e-02,-2.733338537027011836e-02,1.784894468044878613e-02,-3.749820280750859602e-02,5.128661671480147510e-02,-8.111028291750699282e-04,5.203375935554504395e+00
4.130000000000000000e+02,4.130000000000003113e-01,4.738453846587078466e+00,9.669296102786192892e-02,-2.723545860233606009e-02,1.842919489208405884e-02,-3.725142878429821280e-02,5.123717057947525799e-02,-1.491590851219370961e-02,5.288958221673965454e+00
4.140000000000000000e+02,4.140000000000003122e-01,4.738403910212615422e+00,9.671242448365068023e-02,-2.713672832762383663e-02,1.899699390621958223e-02,-3.700248082825829954e-02,5.118523433243083592e-02,-1.758569755838834681e-02,5.257486701011657715e+00
4.150000000000000000e+02,4.150000000000003131e-01,4.738353933617934999e+00,9.673295417324753731e-02,-2.703721702706502264e-02,1.954727237039667262e-02,-3.675196134109870449e-02,5.113048035074541087e-02,-3.080885045346803963e-02,5.263580054044723511e+00
4.160000000000000000e+02,4.160000000000003140e-01,4.738303913984889704e+00,9.675442457051604273e-02,-2.693683442718284443e-02,2.008012252284618188e-02,-3.649938497601357135e-02,5.107374902410038303e-02,-3.718663314066361636e-02,5.285611361265182495e+00
4.170000000000000000e+02,4.170000000000003149e-01,4.738253821257813136e+00,9.677677499210322887e-02,-2.683535011770390999e-02,2.059493674245812395e-02,-3.624402977585550190e-02,5.101482957553627601e-02,-6.100339523982256651e-02,5.222972393035888672e+00
4.180000000000000000e+02,4.180000000000003157e-01,4.738203648323316308e+00,9.680014958294240468e-02,-2.673287178056272390e-02,2.108578416903683292e-02,-3.598638840662404803e-02,5.095390800406476850e-02,-3.811254922766238451e-02,5.118691325187683105e+00
4.190000000000000000e+02,4.190000000000003166e-01,4.738153356156506568e+00,9.682455560932626271e-02,-2.662963658466018652e-02,2.155176883248063890e-02,-3.572685195044833506e-02,5.089158448016990743e-02,-3.923496743664145470e-02,5.123817205429077148e+00
4.200000000000000000e+02,4.200000000000003175e-01,4.738103003451912265e+00,9.684960012437190957e-02,-2.652596984409111985e-02,2.199459612856805024e-02,-3.546583935307201507e-02,5.082897766254650118e-02,-5.240623629651963711e-02,5.151979267597198486e+00
4.210000000000000000e+02,4.210000000000003184e-01,4.738052586098064012e+00,9.687531351871443708e-02,-2.642180868815409076e-02,2.241328453541730284e-02,-3.520318785809295470e-02,5.076649775729918934e-02,-5.764449923299252987e-02,5.206079572439193726e+00
4.220000000000000000e+02,4.220000000000003193e-01,4.738002072683639376e+00,9.690178129126159057e-02,-2.631693132750991329e-02,2.280637650416434542e-02,-3.493836027037722225e-02,5.070447070037862464e-02,-6.368833733722567558e-02,5.156949341297149658e+00
4.230000000000000000e+02,4.230000000000003202e-01,4.737951458239859193e+00,9.692902440367508199e-02,-2.621135153751980029e-02,2.317388885511044438e-02,-3.467173143516477651e-02,5.064257705872773907e-02,-6.435534823685884476e-02,5.179761201143264771e+00
4.240000000000000000e+02,4.240000000000003211e-01,4.737900726136614615e+00,9.695714009902282882e-02,-2.610517122117969602e-02,2.351375510162418553e-02,-3.440333933908501507e-02,5.058090625038740712e-02,-5.264953593723475933e-02,5.141148895025253296e+00
4.250000000000000000e+02,4.250000000000003220e-01,4.737849878646037460e+00,9.698604566335893018e-02,-2.599832579748544495e-02,2.382746543747820203e-02,-3.413311959624354408e-02,5.051983752212102496e-02,-5.721900193020701408e-02,5.129485592246055603e+00
4.260000000000000000e+02,4.260000000000003229e-01,4.737798948372789809e+00,9.701552566431984048e-02,-2.589097667304228467e-02,2.411732862714267844e-02,-3.386135378803589724e-02,5.045965240629979309e-02,-5.913500301539897919e-02,5.143588647246360779e+00
4.270000000000000000e+02,4.270000000000003237e-01,4.737747929920579359e+00,9.704548522977488045e-02,-2.578304661300106007e-02,2.438001294202358712e-02,-3.358771652136427477e-02,5.040059669700373834e-02,-4.608804685994982719e-02,5.141555219888687134e+00
4.280000000000000000e+02,4.280000000000003246e-01,4.737696816873225636e+00,9.707606910555634239e-02,-2.567474102290681279e-02,2.461494322015710112e-02,-3.331297405458899519e-02,5.034231343417916449e-02,-3.099582064896821976e-02,5.122107058763504028e+00
4.290000000000000000e+02,4.290000000000003255e-01,4.737645623441959941e+00,9.710730503130284019e-02,-2.556592635813323064e-02,2.482317270480433394e-02,-3.303671107690364650e-02,5.028566542630034941e-02,-2.748886146582663059e-02,5.115154117345809937e+00
4.300000000000000000e+02,4.300000000000003264e-01,4.737594370848833947e+00,9.713935971016719739e-02,-2.545659341357333488e-02,2.500153500229299747e-02,-3.275876779087116830e-02,5.022974971074121303e-02,-4.094604239799082279e-02,5.117758810520172119e+00
4.310000000000000000e+02,4.310000000000003273e-01,4.737543072733839900e+00,9.717215605524048838e-02,-2.534680781824621282e-02,2.515180583084936083e-02,-3.247931853004915048e-02,5.017500872794411482e-02,-5.011213896796107292e-02,5.132718607783317566e+00
4.320000000000000000e+02,4.320000000000003282e-01,4.737491710338387563e+00,9.720554049076499115e-02,-2.523663075040507783e-02,2.527587941166817981e-02,-3.219857470381093378e-02,5.012155943673967523e-02,-4.942995170131325722e-02,5.081345811486244202e+00
4.330000000000000000e+02,4.330000000000003291e-01,4.737440256573946407e+00,9.723963362645943187e-02,-2.512596441273272016e-02,2.537161309530029316e-02,-3.191629161317499630e-02,5.006805887797602383e-02,-2.757458202540874481e-02,5.041485533118247986e+00
4.340000000000000000e+02,4.340000000000003300e-01,4.737388708176246688e+00,9.727448719089319684e-02,-2.501468614412651059e-02,2.543535584654941367e-02,-3.163176594220651339e-02,5.001516817061877479e-02,-3.000700805569067597e-02,5.070207148790359497e+00
4.350000000000000000e+02,4.350000000000003308e-01,4.737337109404386126e+00,9.731019961988725264e-02,-2.490311253737443817e-02,2.546661774803231013e-02,-3.134576502123320729e-02,4.996188527990508277e-02,-2.943044388666749001e-02,5.087873905897140503e+00
4.360000000000000000e+02,4.360000000000003317e-01,4.737285474625447357e+00,9.734651987800704842e-02,-2.479138813661401278e-02,2.546462338038254711e-02,-3.105895292353300086e-02,4.990954624664807604e-02,-1.423386111855506897e-02,5.093859031796455383e+00
4.370000000000000000e+02,4.370000000000003326e-01,4.737233791711409125e+00,9.738346248694235152e-02,-2.467925285113443945e-02,2.543121870818834673e-02,-3.077058563689605286e-02,4.985747166393000862e-02,-2.482423558831214905e-02,5.091061696410179138e+00
4.380000000000000000e+02,4.380000000000003335e-01,4.737182105575193702e+00,9.742085259445198986e-02,-2.456685102999800821e-02,2.536817654330945221e-02,-3.048118064869931310e-02,4.980677871391526318e-02,-2.272168011404573917e-02,5.200161948800086975e+00
4.390000000000000000e+02,4.390000000000003344e-01,4.737130397902832968e+00,9.745867313727021863e-02,-2.445419496060871611e-02,2.527754522039422913e-02,-3.019074970578294881e-02,4.975717550010289036e-02,-2.734448097180575132e-02,5.261773094534873962e+00
4.400000000000000000e+02,4.400000000000003353e-01,4.737078682408149000e+00,9.749689808922891443e-02,-2.434136902683281881e-02,2.516086078163968717e-02,-2.990026693915703859e-02,4.970952615010405806e-02,-2.883573208237066865e-02,5.272628650069236755e+00
4.410000000000000000e+02,4.410000000000003362e-01,4.737026962395304075e+00,9.753540495832146995e-02,-2.422844140261239468e-02,2.501488993662311089e-02,-2.961032231935090131e-02,4.966357706786614368e-02,-2.493655681610107422e-02,5.265291064977645874e+00
4.420000000000000000e+02,4.420000000000003371e-01,4.736975233667402918e+00,9.757422815072341882e-02,-2.411555020374503769e-02,2.484294906595723579e-02,-2.932140314193065755e-02,4.961783097154597727e-02,-1.776604529004544020e-02,5.292712062597274780e+00
4.430000000000000000e+02,4.430000000000003380e-01,4.736923507210122786e+00,9.761343722200292727e-02,-2.400275724771130589e-02,2.464346606263466410e-02,-2.903366965942666411e-02,4.957259277629021132e-02,-2.215800550766289234e-02,5.315103068947792053e+00
4.440000000000000000e+02,4.440000000000003388e-01,4.736871806875608826e+00,9.765300110626294605e-02,-2.389042715479728837e-02,2.441697978281767711e-02,-2.874846429995558950e-02,4.952713773683592446e-02,-1.131817582063376904e-03,5.320371761918067932e+00
4.450000000000000000e+02,4.450000000000003397e-01,4.736820138680446490e+00,9.769268589893255472e-02,-2.377869565185842041e-02,2.416590458371478678e-02,-2.846639431399577980e-02,4.948321923789728016e-02,-8.953386917710304260e-03,5.354100733995437622e+00
4.460000000000000000e+02,4.460000000000003406e-01,4.736768553527890724e+00,9.773222295239550328e-02,-2.366748074503080904e-02,2.389348502407452612e-02,-2.818723629236052908e-02,4.944225376087750534e-02,-4.407099331729114056e-04,5.396472126245498657e+00
4.470000000000000000e+02,4.470000000000003415e-01,4.736717038747236153e+00,9.777168041994621639e-02,-2.355680245108534090e-02,2.359780900532550824e-02,-2.791125672126271162e-02,4.940390334188534543e-02,1.799854064302053303e-02,5.369475573301315308e+00
4.480000000000000000e+02,4.480000000000003424e-01,4.736665606436885945e+00,9.781111910989903624e-02,-2.344681619171406009e-02,2.328077651463778680e-02,-2.763918962751676922e-02,4.936605047960997833e-02,1.740863890154287219e-02,5.356349959969520569e+00
4.490000000000000000e+02,4.490000000000003433e-01,4.736614308439227372e+00,9.785036078753946154e-02,-2.333790513338077771e-02,2.294350002095395941e-02,-2.737211706160858071e-02,4.932936014921258244e-02,1.951795288732682820e-02,5.402457997202873230e+00
4.500000000000000000e+02,4.500000000000003442e-01,4.736563148591421246e+00,9.788940198605335097e-02,-2.323022683696298815e-02,2.258519741182324000e-02,-2.711048731487486485e-02,4.929469632588598382e-02,2.598243753891438246e-02,5.380320146679878235e+00
4.510000000000000000e+02,4.510000000000003451e-01,4.736512136130254014e+00,9.792803892021358092e-02,-2.312365138971424205e-02,2.220671696225975239e-02,-2.685419220678775254e-02,4.926380507373522705e-02,1.170743460534140468e-02,5.363708689808845520e+00
4.520000000000000000e+02,4.520000000000003459e-01,4.736461265864902792e+00,9.796651595382910305e-02,-2.301807719042430964e-02,2.181044718256217735e-02,-2.660275884102047961e-02,4.923578374346775782e-02,4.872583376709371805e-03,5.364154383540153503e+00
4.530000000000000000e+02,4.530000000000003468e-01,4.736410517912043261e+00,9.800492075567042438e-02,-2.291407986429953164e-02,2.139953394804488401e-02,-2.635793482901105378e-02,4.920932838988491959e-02,1.024251745548099279e-03,5.453812092542648315e+00
4.540000000000000000e+02,4.540000000000003477e-01,4.736359876863606821e+00,9.804317318219125943e-02,-2.281163090994618031e-02,2.097472273580876581e-02,-2.611960976339111618e-02,4.918348829370927655e-02,-7.107475379598326981e-03,5.443120211362838745e+00
4.550000000000000000e+02,4.550000000000003486e-01,4.736309347134681325e+00,9.808103571819785926e-02,-2.271068075840741024e-02,2.053915404465225455e-02,-2.588819109710427391e-02,4.915946143639381150e-02,-8.955342491390183568e-03,5.383553907275199890e+00
4.560000000000000000e+02,4.560000000000003495e-01,4.736258918168247511e+00,9.811844593658847202e-02,-2.261116247691558750e-02,2.009250582017956671e-02,-2.566340825697910333e-02,4.913847502237068260e-02,-2.137332630809396505e-02,5.387353584170341492e+00
4.570000000000000000e+02,4.570000000000003504e-01,4.736208583550228113e+00,9.815538366387557834e-02,-2.251321655562282462e-02,1.963521799111169613e-02,-2.544535471649211900e-02,4.912077335099041681e-02,-2.789714903337880969e-02,5.347730889916419983e+00
4.580000000000000000e+02,4.580000000000003513e-01,4.736158309075703343e+00,9.819194881741617753e-02,-2.241670990503880773e-02,1.916463977465650975e-02,-2.523361995476358643e-02,4.910587589305335371e-02,-3.807633672840893269e-02,5.339428633451461792e+00
4.590000000000000000e+02,4.590000000000003522e-01,4.736108083250537781e+00,9.822812865766852863e-02,-2.232163628513182327e-02,1.867876275704792241e-02,-2.502794140288577829e-02,4.909427949496203425e-02,-4.597897088387981057e-02,5.445701777935028076e+00
4.600000000000000000e+02,4.600000000000003531e-01,4.736057892467093744e+00,9.826387393308802509e-02,-2.222820265409125584e-02,1.817979391931615757e-02,-2.482893787414508502e-02,4.908609072147109703e-02,-3.985864834976382554e-02,5.428510084748268127e+00
4.610000000000000000e+02,4.610000000000003539e-01,4.736007721065258025e+00,9.829930768059179369e-02,-2.213638023475536509e-02,1.766513361299870688e-02,-2.463716489229206275e-02,4.908033969098223037e-02,-5.258311823126859963e-02,5.391140699386596680e+00
4.620000000000000000e+02,4.620000000000003548e-01,4.735957586013292087e+00,9.833420333098460975e-02,-2.204617560220853770e-02,1.713913058506093962e-02,-2.445253862872798223e-02,4.907774837503248860e-02,-4.559315228834748268e-02,5.394960045814514160e+00
4.630000000000000000e+02,4.630000000000003557e-01,4.735907458425481664e+00,9.836853342722190474e-02,-2.195767189207678549e-02,1.660146722443943748e-02,-2.427510867360349600e-02,4.907877899769960695e-02,-5.503353616222739220e-02,5.376308783888816833e+00
4.640000000000000000e+02,4.640000000000003566e-01,4.735857345006445840e+00,9.840234192620872511e-02,-2.187101062360932366e-02,1.605582281527120556e-02,-2.410531555851980201e-02,4.908034991732146413e-02,-5.768935102969408035e-02,5.342399045825004578e+00
4.650000000000000000e+02,4.650000000000003575e-01,4.735807229583541833e+00,9.843557678599415550e-02,-2.178621078088684507e-02,1.550024572662046796e-02,-2.394311448311814416e-02,4.908306370590757861e-02,-6.228510662913322449e-02,5.314567893743515015e+00
4.660000000000000000e+02,4.660000000000003584e-01,4.735757098871055781e+00,9.846837027220568805e-02,-2.170325012096819065e-02,1.493348430652314748e-02,-2.378823460138046464e-02,4.908723537869562337e-02,-4.080458031967282295e-02,5.327222287654876709e+00
4.670000000000000000e+02,4.670000000000003593e-01,4.735706938224037543e+00,9.850077081679310675e-02,-2.162221173115399034e-02,1.435549876275949571e-02,-2.364078454853957290e-02,4.909320700522028930e-02,-5.002930713817477226e-02,5.277248844504356384e+00
4.680000000000000000e+02,4.680000000000003602e-01,4.735656785740999908e+00,9.853264171448858355e-02,-2.154330991229030934e-02,1.377401816558333075e-02,-2.350152221477719294e-02,4.909948728349502328e-02,-5.349201825447380543e-02,5.278091564774513245e+00
4.690000000000000000e+02,4.690000000000003610e-01,4.735606621512416403e+00,9.856392400984906321e-02,-2.146661454088563334e-02,1.318651217530077135e-02,-2.337036527164593203e-02,4.910590727340113232e-02,-3.682205919176340103e-02,5.333202376961708069e+00
4.700000000000000000e+02,4.700000000000003619e-01,4.735556442550945988e+00,9.859447302702475935e-02,-2.139197763032535393e-02,1.259291849053701187e-02,-2.324685167996709545e-02,4.911396757276680070e-02,-3.703767294064164162e-02,5.331670835614204407e+00
4.710000000000000000e+02,4.710000000000003628e-01,4.735506261694184538e+00,9.862439066573583379e-02,-2.131921971226641288e-02,1.199378660300750091e-02,-2.313075413640985900e-02,4.912368758553341264e-02,-5.120700877159833908e-02,5.302258506417274475e+00
4.720000000000000000e+02,4.720000000000003637e-01,4.735456077639784489e+00,9.865365531868441895e-02,-2.124835850026069936e-02,1.138987222265976443e-02,-2.302211434337486651e-02,4.913467914650790358e-02,-5.937422253191471100e-02,5.319766774773597717e+00
4.730000000000000000e+02,4.730000000000003646e-01,4.735405866065091729e+00,9.868222129316631119e-02,-2.117950183669096986e-02,1.078370879018762662e-02,-2.292109349967907939e-02,4.914674472008418588e-02,-7.180998241528868675e-02,5.387260958552360535e+00
4.740000000000000000e+02,4.740000000000003655e-01,4.735355639640391523e+00,9.870942734295487520e-02,-2.111263776366841677e-02,1.017546589673220397e-02,-2.282777523233403549e-02,4.916316210764493794e-02,-5.361820699181407690e-02,5.377300009131431580e+00
4.750000000000000000e+02,4.750000000000003664e-01,4.735305368012543425e+00,9.873549449569138381e-02,-2.104772022578147231e-02,9.569233406846618800e-03,-2.274241684363742522e-02,4.918265294676928134e-02,-4.959845868870615959e-02,5.338493525981903076e+00
4.760000000000000000e+02,4.760000000000003673e-01,4.735255078479307933e+00,9.876044713244513940e-02,-2.098469416275820093e-02,8.968120386752421319e-03,-2.266477153556989421e-02,4.920465440885311847e-02,-5.999552737921476364e-02,5.310384631156921387e+00
4.770000000000000000e+02,4.770000000000003681e-01,4.735204777166616807e+00,9.878429354874321278e-02,-2.092354439333169239e-02,8.371968087179583462e-03,-2.259454366866897601e-02,4.922883509613502906e-02,-4.887778364354744554e-02,5.313805863261222839e+00
4.780000000000000000e+02,4.780000000000003690e-01,4.735154440842112678e+00,9.880706026214319815e-02,-2.086440584906419302e-02,7.781628791822710334e-03,-2.253199473386291452e-02,4.925468703352006011e-02,-5.884456582134589553e-02,5.310978665947914124e+00
4.790000000000000000e+02,4.790000000000003699e-01,4.735104097330350648e+00,9.882874670164179531e-02,-2.080748937206127608e-02,7.195958088059586227e-03,-2.247783241675604948e-02,4.928232171705894393e-02,-2.491055522114038467e-02,5.287447258830070496e+00
4.800000000000000000e+02,4.800000000000003708e-01,4.735053722601254123e+00,9.884934797046025790e-02,-2.075260720631195988e-02,6.615936014830084422e-03,-2.243142554419663703e-02,4.931146342129916205e-02,-2.230127155780792236e-02,5.284750580787658691e+00
4.810000000000000000e+02,4.810000000000003717e-01,4.735003347703526266e+00,9.886922358706673464e-02,-2.069962402099230839e-02,6.041241932794396557e-03,-2.239219035629580468e-02,4.934052215264962682e-02,-3.622614778578281403e-03,5.299074202775955200e+00
4.820000000000000000e+02,4.820000000000003726e-01,4.734952960774435837e+00,9.888860350564555868e-02,-2.064862465275678349e-02,5.472672935807630645e-03,-2.236037969979398632e-02,4.936725103052742175e-02,-3.264405485242605209e-02,5.307866007089614868e+00
4.830000000000000000e+02,4.830000000000003735e-01,4.734902597338127350e+00,9.890745214096993698e-02,-2.059955603366254995e-02,4.909550596950199713e-03,-2.233591371396936864e-02,4.939203146070449135e-02,-2.168283052742481232e-02,5.251380160450935364e+00
4.840000000000000000e+02,4.840000000000003744e-01,4.734852207568704507e+00,9.892562638477765680e-02,-2.055244051577102132e-02,4.356581387067976624e-03,-2.231891713009681588e-02,4.941505088107132904e-02,-1.911492832005023956e-02,5.211215779185295105e+00
4.850000000000000000e+02,4.850000000000003753e-01,4.734801825727148028e+00,9.894281036715350808e-02,-2.050738544831881907e-02,3.817498878911352450e-03,-2.230938793880055115e-02,4.943762681666112602e-02,-1.324283145368099213e-02,5.196715503931045532e+00
4.860000000000000000e+02,4.860000000000003761e-01,4.734751465607974552e+00,9.895892500117674240e-02,-2.046435321929450379e-02,3.290542860261678332e-03,-2.230695357109846455e-02,4.946013458693473974e-02,9.398534893989562988e-05,5.288491800427436829e+00
4.870000000000000000e+02,4.870000000000003770e-01,4.734701142959373499e+00,9.897380353914071727e-02,-2.042333924354389901e-02,2.777560759169270949e-03,-2.231150893451006034e-02,4.948306894174245296e-02,4.161708056926727295e-03,5.294130265712738037e+00
4.880000000000000000e+02,4.880000000000003779e-01,4.734650890497622555e+00,9.898726952586336947e-02,-2.038427372951002320e-02,2.277066682728069724e-03,-2.232340161026424852e-02,4.950750322570258988e-02,1.828706078231334686e-02,5.231701269745826721e+00
4.890000000000000000e+02,4.890000000000003788e-01,4.734600714407485533e+00,9.899929330914050696e-02,-2.034709492173060810e-02,1.791632601052920576e-03,-2.234246443061649323e-02,4.953382269054926179e-02,1.732703298330307007e-02,5.219670176506042480e+00
4.900000000000000000e+02,4.900000000000003797e-01,4.734550638510460097e+00,9.900997301986265431e-02,-2.031198729832118383e-02,1.322583472898989504e-03,-2.236890736766983245e-02,4.956185254654088546e-02,2.584327943623065948e-02,5.204285904765129089e+00
4.910000000000000000e+02,4.910000000000003806e-01,4.734500652026836676e+00,9.901949655303929343e-02,-2.027900021475491019e-02,8.719676829222096359e-04,-2.240281326935078532e-02,4.959055416469289324e-02,1.232709549367427826e-02,5.148954227566719055e+00
4.920000000000000000e+02,4.920000000000003815e-01,4.734450758165310802e+00,9.902788511060496568e-02,-2.024795631926239181e-02,4.375781947511571401e-04,-2.244351033306357657e-02,4.961972970312157616e-02,2.934301272034645081e-03,5.086301505565643311e+00
4.930000000000000000e+02,4.930000000000003824e-01,4.734400921087324576e+00,9.903517634446842854e-02,-2.021903419480811093e-02,2.704490090174940797e-05,-2.249122950764359530e-02,4.964880238777170940e-02,3.028002195060253143e-02,5.082460075616836548e+00
4.940000000000000000e+02,4.940000000000003832e-01,4.734351117007264520e+00,9.904150956193193134e-02,-2.019214492766522109e-02,-3.597697433308649773e-04,-2.254529048464015695e-02,4.967673008423501013e-02,2.306876145303249359e-02,5.089830875396728516e+00
4.950000000000000000e+02,4.950000000000003841e-01,4.734301391929820468e+00,9.904661035159161020e-02,-2.016714995047411141e-02,-7.175567725529741203e-04,-2.260521358683553750e-02,4.970598030016670776e-02,1.832010224461555481e-02,5.036584742367267609e+00
4.960000000000000000e+02,4.960000000000003850e-01,4.734251743768671972e+00,9.905042437912785214e-02,-2.014418400909336743e-02,-1.047164233143219741e-03,-2.267148039371225110e-02,4.973764079935114046e-02,1.014511287212371826e-02,5.077015027403831482e+00
4.970000000000000000e+02,4.970000000000003859e-01,4.734202157754113571e+00,9.905300400725809695e-02,-2.012295683432490864e-02,-1.341509954928796905e-03,-2.274280773310355386e-02,4.977183286331904322e-02,1.202562544494867325e-02,5.001603521406650543e+00
4.980000000000000000e+02,4.980000000000003868e-01,4.734152612787331904e+00,9.905462359252831250e-02,-2.010346069678912301e-02,-1.602639500061727590e-03,-2.281942328071284720e-02,4.980689813815727951e-02,1.475673262029886246e-02,4.984182104468345642e+00
