iter,time,x,y,z,roll,pitch,yaw,fx,fz
0.000000000000000000e+00,0.000000000000000000e+00,4.750000000000000000e+00,1.000000000000000056e-01,-1.149999999999999981e-02,0.000000000000000000e+00,0.000000000000000000e+00,5.000000000000000278e-02,-5.998742114752531052e-02,5.612963676452636719e+00
1.000000000000000000e+00,1.000000000000000021e-03,4.750000000000000000e+00,1.000000000000000056e-01,-1.149999999999999981e-02,0.000000000000000000e+00,0.000000000000000000e+00,5.000000000000000278e-02,-5.798936868086457253e-02,6.097889512777328491e+00
2.000000000000000000e+00,2.000000000000000042e-03,4.749999938080513573e+00,9.999890482316675655e-02,-1.150500884381287607e-02,4.528158260394543611e-06,-1.057380992453005319e-05,5.000382298335270120e-02,-5.032150447368621826e-02,6.705490380525588989e+00
3.000000000000000000e+00,3.000000000000000062e-03,4.749999811612640954e+00,9.999683568294018277e-02,-1.151459067538549395e-02,1.455818067085112855e-05,-3.256500611326096362e-05,5.001068460206732624e-02,-5.072660511359572411e-02,6.917744725942611694e+00
4.000000000000000000e+00,4.000000000000000083e-03,4.749999624566933143e+00,9.999401752213055161e-02,-1.152766770263147049e-02,3.241733733708521137e-05,-6.527133408540386483e-05,5.001916474314939409e-02,-5.108642345294356346e-02,6.948308229446411133e+00
5.000000000000000000e+00,5.000000000000000104e-03,4.749999374335040159e+00,9.999054719996393337e-02,-1.154375866024123440e-02,5.886169525591219975e-05,-1.081011008190468914e-04,5.002855050640085677e-02,-5.058556003496050835e-02,6.960284829139709473e+00
6.000000000000000000e+00,6.000000000000000125e-03,4.749999059219137010e+00,9.998646445859281362e-02,-1.156271735797117887e-02,9.443139218396484624e-05,-1.607146837607764667e-04,5.003848673969117644e-02,-5.056602274999022484e-02,6.988712221384048462e+00
7.000000000000000000e+00,7.000000000000000146e-03,4.749998678642803895e+00,9.998179691098733890e-02,-1.158447383701517557e-02,1.391859235884522483e-04,-2.229372618343106183e-04,5.004872887994572805e-02,-4.733634181320667267e-02,7.018044084310531616e+00
8.000000000000000000e+00,8.000000000000000167e-03,4.749998231952341499e+00,9.997656666569422479e-02,-1.160898157480155443e-02,1.934239214900247694e-04,-2.947489483575704838e-04,5.005909534917078740e-02,-2.950083371251821518e-02,7.037608474493026733e+00
9.000000000000000000e+00,9.000000000000001055e-03,4.749997725661641468e+00,9.997079059636550247e-02,-1.163620472549407696e-02,2.561214207426540379e-04,-3.761700558433389574e-04,5.006942325727021387e-02,-2.527802344411611557e-02,7.053390532732009888e+00
1.000000000000000000e+01,1.000000000000000194e-02,4.749997180377532935e+00,9.996464658019399430e-02,-1.166610071732597856e-02,3.276963896646709062e-04,-4.671516315712942458e-04,5.007858123691727448e-02,-2.406489523127675056e-02,7.066808909177780151e+00
1.100000000000000000e+01,1.100000000000000283e-02,4.749996601286590625e+00,9.995816905424033394e-02,-1.169865593510208308e-02,4.087659295547926841e-04,-5.677226654290379315e-04,5.008657674433670409e-02,-2.818948635831475258e-02,7.077379167079925537e+00
1.200000000000000000e+01,1.200000000000000372e-02,4.749995991795689321e+00,9.995133003283214468e-02,-1.173386023398459606e-02,4.998553841226369143e-04,-6.779125827520715575e-04,5.009370322687599353e-02,-2.845048857852816582e-02,6.891278266906738281e+00
1.300000000000000000e+01,1.300000000000000461e-02,4.749995346679027897e+00,9.994410155126511042e-02,-1.177167745735741705e-02,6.014134918689260922e-04,-7.976514097944864545e-04,5.010016599209086985e-02,-3.057906636968255043e-02,6.566536873579025269e+00
1.400000000000000000e+01,1.400000000000000550e-02,4.749994666127808074e+00,9.993646029878824888e-02,-1.181175753457502052e-02,7.132101670424551010e-04,-9.249040610013192776e-04,5.010608488019899914e-02,-2.274929312989115715e-02,6.552021086215972900e+00
1.500000000000000000e+01,1.500000000000000638e-02,4.749993948134916266e+00,9.992838124036133862e-02,-1.185353405499460326e-02,8.343418157779440569e-04,-1.056266648187031976e-03,5.011163097340319561e-02,-2.493263455107808113e-02,6.675097107887268066e+00
1.600000000000000000e+01,1.600000000000000727e-02,4.749993205268119745e+00,9.991986226847536512e-02,-1.189699293010534203e-02,9.645404274084938556e-04,-1.191624249762268661e-03,5.011691521989083964e-02,-2.514351392164826393e-02,6.737456440925598145e+00
1.700000000000000000e+01,1.700000000000000816e-02,4.749992434523977458e+00,9.991092190513722882e-02,-1.194224382509163386e-02,1.104120929869910339e-03,-1.331919485282551108e-03,5.012183520851356405e-02,-2.020814036950469017e-02,6.772606581449508667e+00
1.800000000000000000e+01,1.800000000000000905e-02,4.749991636990853472e+00,9.990153562807001231e-02,-1.198937307853594272e-02,1.253646459378116029e-03,-1.477731602437692970e-03,5.012649378131176642e-02,-1.963516650721430779e-02,6.772281050682067871e+00
1.900000000000000000e+01,1.900000000000000994e-02,4.749990819381114449e+00,9.989171707089106178e-02,-1.203831903570934912e-02,1.413842546570506092e-03,-1.629021908009953279e-03,5.013082804531827918e-02,-2.011952782049775124e-02,6.769214034080505371e+00
2.000000000000000000e+01,2.000000000000001082e-02,4.749989983447298947e+00,9.988144767449833039e-02,-1.208911204663872495e-02,1.585446937625342723e-03,-1.785888843504501722e-03,5.013487133668263762e-02,-2.208274975419044495e-02,6.774882942438125610e+00
2.100000000000000000e+01,2.100000000000001171e-02,4.749989129151879652e+00,9.987071221865259640e-02,-1.214178057432343909e-02,1.768926695121818271e-03,-1.948411793676330106e-03,5.013862328053444312e-02,-2.354544447734951973e-02,6.778829544782638550e+00
2.200000000000000000e+01,2.200000000000001260e-02,4.749988254352005335e+00,9.985950034887067228e-02,-1.219633636154169101e-02,1.964126830677460911e-03,-2.116656623703194740e-03,5.014225210939520644e-02,-2.085113013163208961e-02,6.761027276515960693e+00
2.300000000000000000e+01,2.300000000000001349e-02,4.749987359988126379e+00,9.984778312339064044e-02,-1.225280119560291127e-02,2.169961829482251747e-03,-2.290714470122079405e-03,5.014586968902778191e-02,-2.875713771209120750e-02,6.770530283451080322e+00
2.400000000000000000e+01,2.400000000000001438e-02,4.749986453090729199e+00,9.983553807858834561e-02,-1.231126007675624641e-02,2.386255557930778287e-03,-2.470782631421197806e-03,5.014960561974719788e-02,-2.412492129951715469e-02,6.776578187942504883e+00
2.500000000000000000e+01,2.500000000000001527e-02,4.749985522354292833e+00,9.982278527430053783e-02,-1.237165502009653952e-02,2.614074033369932770e-03,-2.656713038940106131e-03,5.015320207056046808e-02,-2.134060906246304512e-02,6.775038063526153564e+00
2.600000000000000000e+01,2.600000000000001615e-02,4.749984576804172853e+00,9.980948872437757358e-02,-1.243400161308181109e-02,2.852720977094866384e-03,-2.848586510500572544e-03,5.015696400982566638e-02,-2.204567939043045044e-02,6.784334897994995117e+00
2.700000000000000000e+01,2.700000000000001704e-02,4.749983624128416793e+00,9.979559796775255842e-02,-1.249835779291297473e-02,3.103357120695777321e-03,-3.046587099330366755e-03,5.016113712952494086e-02,-2.030955813825130463e-02,6.791770488023757935e+00
2.800000000000000000e+01,2.800000000000001793e-02,4.749982665973740303e+00,9.978108746191145795e-02,-1.256477642867838244e-02,3.366008546829005882e-03,-3.250933583163195806e-03,5.016582566583895064e-02,-1.986609492450952530e-02,6.814355373382568359e+00
2.900000000000000000e+01,2.900000000000001882e-02,4.749981707144712573e+00,9.976594596532978310e-02,-1.263328672464304400e-02,3.640716292196633647e-03,-3.461757755799821368e-03,5.017112810356057218e-02,-1.713375188410282135e-02,6.834639370441436768e+00
3.000000000000000000e+01,3.000000000000001971e-02,4.749980750756987113e+00,9.975020591065908437e-02,-1.270385409382245034e-02,3.923776605462322986e-03,-3.679052986730768637e-03,5.017698465267376312e-02,-2.397499699145555496e-02,6.806603491306304932e+00
3.100000000000000000e+01,3.100000000000002059e-02,4.749979803759925012e+00,9.973386243126945716e-02,-1.277646985167809994e-02,4.215945357359293655e-03,-3.902884689866992218e-03,5.018324122386206426e-02,-2.588542271405458450e-02,6.788598477840423584e+00
3.200000000000000000e+01,3.200000000000002148e-02,4.749978860610563736e+00,9.971685628231996557e-02,-1.285109231806873253e-02,4.518553392526252627e-03,-4.132982496749315615e-03,5.019023450767716443e-02,-2.936868928372859955e-02,6.793202638626098633e+00
3.300000000000000000e+01,3.300000000000002237e-02,4.749977920624918859e+00,9.969910753318068919e-02,-1.292762837495991385e-02,4.832702277014235687e-03,-4.368954279512893280e-03,5.019836144381606413e-02,-2.880655229091644287e-02,6.811102420091629028e+00
3.400000000000000000e+01,3.400000000000002326e-02,4.749976978483078760e+00,9.968067250260348455e-02,-1.300611598541522550e-02,5.158397049821076413e-03,-4.610946566863560747e-03,5.020733678060622374e-02,-3.104131668806076050e-02,6.747863739728927612e+00
3.500000000000000000e+01,3.500000000000002415e-02,4.749976037118865513e+00,9.966151720470407815e-02,-1.308662346302689669e-02,5.497019428074408076e-03,-4.859269662926157807e-03,5.021730878978612755e-02,-2.573948726058006287e-02,6.685338318347930908e+00
3.600000000000000000e+01,3.600000000000002504e-02,4.749975089531277561e+00,9.964169404499308158e-02,-1.316898862260951729e-02,5.848683239423529967e-03,-5.113088523722497669e-03,5.022794621777775664e-02,-3.419058211147785187e-02,6.729120790958404541e+00
3.700000000000000000e+01,3.700000000000002592e-02,4.749974142273330813e+00,9.962127294392154886e-02,-1.325307124249279142e-02,6.212079298032961716e-03,-5.371646785281569692e-03,5.023944697379853497e-02,-3.526375070214271545e-02,6.756940484046936035e+00
3.800000000000000000e+01,3.800000000000002681e-02,4.749973180458573196e+00,9.960032887848450922e-02,-1.333887600842956385e-02,6.586768210901067233e-03,-5.635165489041860098e-03,5.025132733902272497e-02,-4.499831609427928925e-02,6.751835703849792480e+00
3.900000000000000000e+01,3.900000000000002770e-02,4.749972206584760492e+00,9.957885295846315155e-02,-1.342645732703605377e-02,6.971986262450245025e-03,-5.903955466666443996e-03,5.026362683131163633e-02,-4.733478650450706482e-02,6.796028673648834229e+00
4.000000000000000000e+01,4.000000000000002859e-02,4.749971211499975254e+00,9.955679100838808748e-02,-1.351583516308552287e-02,7.369313653421884908e-03,-6.178056932659492517e-03,5.027642520813728477e-02,-4.688013531267642975e-02,6.803140848875045776e+00
4.100000000000000000e+01,4.100000000000002948e-02,4.749970196785130661e+00,9.953408641697616965e-02,-1.360698937303616608e-02,7.778189174686006568e-03,-6.457615559757323709e-03,5.029045075691802175e-02,-5.067364871501922607e-02,6.816323220729827881e+00
4.200000000000000000e+01,4.200000000000003036e-02,4.749969164706125291e+00,9.951073903667523313e-02,-1.369995441784494471e-02,8.197879581898173673e-03,-6.742779256242670272e-03,5.030565079929331940e-02,-4.988824762403964996e-02,6.849648267030715942e+00
4.300000000000000000e+01,4.300000000000003125e-02,4.749968109560549046e+00,9.948679837225890554e-02,-1.379473812630672459e-02,8.626961598889079652e-03,-7.033635484922307057e-03,5.032170587230352932e-02,-4.717209283262491226e-02,6.881623297929763794e+00
4.400000000000000000e+01,4.400000000000003214e-02,4.749967036028992950e+00,9.946223950029059457e-02,-1.389138348248346831e-02,9.064073187326129183e-03,-7.330485569401856694e-03,5.033884298888947895e-02,-4.456296190619468689e-02,6.899308413267135620e+00
4.500000000000000000e+01,4.500000000000003303e-02,4.749965949627156903e+00,9.943710579645713421e-02,-1.398994806923289577e-02,9.509101109970857779e-03,-7.633671001468167461e-03,5.035700212794601283e-02,-5.286495201289653778e-02,6.921403616666793823e+00
4.600000000000000000e+01,4.600000000000003392e-02,4.749964853555003863e+00,9.941139460744470580e-02,-1.409046006106247709e-02,9.964117690934876787e-03,-7.943365453524142694e-03,5.037578300395859077e-02,-5.312426015734672546e-02,6.886227965354919434e+00
4.700000000000000000e+01,4.700000000000003481e-02,4.749963740666458101e+00,9.938506583110708059e-02,-1.419280264986748016e-02,1.042674198394627147e-02,-8.259287515281155123e-03,5.039537717926860505e-02,-5.573359690606594086e-02,6.875719010829925537e+00
4.800000000000000000e+01,4.800000000000003569e-02,4.749962613026688985e+00,9.935806331553231896e-02,-1.429688143389109753e-02,1.089866296675505095e-02,-8.580959125684683997e-03,5.041598623258546075e-02,-5.477296654134988785e-02,6.842465251684188843e+00
4.900000000000000000e+01,4.900000000000003658e-02,4.749961461990876543e+00,9.933048991689191753e-02,-1.440262292123464620e-02,1.138040799321515112e-02,-8.908084195818455342e-03,5.043694488771802847e-02,-5.435413680970668793e-02,6.832674086093902588e+00
5.000000000000000000e+01,5.000000000000003747e-02,4.749960292086999658e+00,9.930234826439887641e-02,-1.451000048878861408e-02,1.187165316881081192e-02,-9.240420482153233195e-03,5.045863029372080200e-02,-4.793431796133518219e-02,6.851025670766830444e+00
5.100000000000000000e+01,5.100000000000003836e-02,4.749959099817934849e+00,9.927381069532778546e-02,-1.461900549723934607e-02,1.237018922268441276e-02,-9.577890685808165827e-03,5.048039398802735278e-02,-5.385120492428541183e-02,6.846881419420242310e+00
5.200000000000000000e+01,5.200000000000003925e-02,4.749957894936970959e+00,9.924488700253197848e-02,-1.472957865017618904e-02,1.287528818233068043e-02,-9.920387011331355254e-03,5.050234811438918114e-02,-4.778458736836910248e-02,6.872733026742935181e+00
5.300000000000000000e+01,5.300000000000004013e-02,4.749956667090004636e+00,9.921559778121694095e-02,-1.484165808969862589e-02,1.338762859303406841e-02,-1.026768311400494404e-02,5.052419045438349965e-02,-4.588646348565816879e-02,6.833807915449142456e+00
5.400000000000000000e+01,5.400000000000004102e-02,4.749955425583364921e+00,9.918600632244181647e-02,-1.495523602445962379e-02,1.390713508110155705e-02,-1.061987912698625358e-02,5.054616960866423203e-02,-5.021222773939371109e-02,6.809195846319198608e+00
5.500000000000000000e+01,5.500000000000004191e-02,4.749954176360531299e+00,9.915604705399619356e-02,-1.507027381689880069e-02,1.443566390964553039e-02,-1.097666404269204143e-02,5.056853639726635596e-02,-5.686811544001102448e-02,6.783128559589385986e+00
5.600000000000000000e+01,5.600000000000004280e-02,4.749952909626491859e+00,9.912583990570579540e-02,-1.518682708361147188e-02,1.497177728310253308e-02,-1.133810177860761215e-02,5.059061336238400430e-02,-6.142694409936666489e-02,6.781123369932174683e+00
5.700000000000000000e+01,5.700000000000004369e-02,4.749951616170494439e+00,9.909538505996638713e-02,-1.530493546043520774e-02,1.551654377530873805e-02,-1.170419799938793304e-02,5.061220565561673490e-02,-6.721023190766572952e-02,6.830749452114105225e+00
5.800000000000000000e+01,5.800000000000004458e-02,4.749950290231536698e+00,9.906469644081813963e-02,-1.542459460719580212e-02,1.606911443155330244e-02,-1.207492831432865898e-02,5.063323630633924377e-02,-6.416093558073043823e-02,6.821925103664398193e+00
5.900000000000000000e+01,5.900000000000004546e-02,4.749948923087051078e+00,9.903386752202594789e-02,-1.554576869110738113e-02,1.662835668741170433e-02,-1.245041288598480733e-02,5.065383923562784274e-02,-6.279317848384380341e-02,6.874988108873367310e+00
6.000000000000000000e+01,6.000000000000004635e-02,4.749947519423271203e+00,9.900291513001185928e-02,-1.566842939841103094e-02,1.719570885667045385e-02,-1.283051587076911026e-02,5.067397945702937362e-02,-5.123450141400098801e-02,6.871309190988540649e+00
6.100000000000000000e+01,6.100000000000004724e-02,4.749946080827213812e+00,9.897189854717115820e-02,-1.579262121851010212e-02,1.777119206858490327e-02,-1.321563052487673140e-02,5.069320454695383504e-02,-5.713450349867343903e-02,6.902366250753402710e+00
6.200000000000000000e+01,6.200000000000004813e-02,4.749944627874178593e+00,9.894080516351060062e-02,-1.591841035201051191e-02,1.835570354768696621e-02,-1.360595782707640922e-02,5.071162417612738726e-02,-5.206526350229978561e-02,6.940702974796295166e+00
6.300000000000000000e+01,6.300000000000004208e-02,4.749943155299457764e+00,9.890959180171940424e-02,-1.604575804900035610e-02,1.894961422893324740e-02,-1.400151424144180368e-02,5.072925697526391164e-02,-5.820760130882263184e-02,6.990169137716293335e+00
6.400000000000000000e+01,6.400000000000004297e-02,4.749941667967867431e+00,9.887831506023105066e-02,-1.617463934788947524e-02,1.955262278085621863e-02,-1.440239770227780269e-02,5.074581703433106439e-02,-4.988024942576885223e-02,7.009299486875534058e+00
6.500000000000000000e+01,6.500000000000004385e-02,4.749940157453458767e+00,9.884700491761150287e-02,-1.630501210849503307e-02,2.016411730420859805e-02,-1.480869936342910087e-02,5.076105498651316272e-02,-5.437844805419445038e-02,7.025417715311050415e+00
6.600000000000000000e+01,6.600000000000004474e-02,4.749938639641274385e+00,9.881567753529853226e-02,-1.643693885268281488e-02,2.078423578777965908e-02,-1.522071369971200738e-02,5.077492978972977800e-02,-5.648860055953264236e-02,7.029106229543685913e+00
6.700000000000000000e+01,6.700000000000004563e-02,4.749937114788413517e+00,9.878425590000183831e-02,-1.657044393103791410e-02,2.141306877155821006e-02,-1.563860378504777771e-02,5.078804039038288531e-02,-6.115081906318664551e-02,7.018723607063293457e+00
6.800000000000000000e+01,6.800000000000004652e-02,4.749935582268014045e+00,9.875277646893862449e-02,-1.670555488555717366e-02,2.204893035254472389e-02,-1.606248841611779277e-02,5.080080874916478861e-02,-6.985160429030656815e-02,7.035617411136627197e+00
6.900000000000000000e+01,6.900000000000004741e-02,4.749934037325575176e+00,9.872119026278315668e-02,-1.684221456449537524e-02,2.269398945945299770e-02,-1.649212413229217411e-02,5.081306766137290432e-02,-7.875352166593074799e-02,7.073137640953063965e+00
7.000000000000000000e+01,7.000000000000004829e-02,4.749932474101361102e+00,9.868940073667378798e-02,-1.698042959884831990e-02,2.334773827865001261e-02,-1.692761513477392121e-02,5.082515378740673495e-02,-9.144465439021587372e-02,7.090576618909835815e+00
7.100000000000000000e+01,7.100000000000004918e-02,4.749930882847475111e+00,9.865744159499843791e-02,-1.712016858133820485e-02,2.400760350687587349e-02,-1.736905102265873246e-02,5.083771041696957815e-02,-9.148445725440979004e-02,7.118893593549728394e+00
7.200000000000000000e+01,7.200000000000005007e-02,4.749929244677081108e+00,9.862543202351591043e-02,-1.726134530390579375e-02,2.467233455227579170e-02,-1.781622971669083455e-02,5.085054726148365706e-02,-8.949434477835893631e-02,7.115963697433471680e+00
7.300000000000000000e+01,7.300000000000005096e-02,4.749927559559093737e+00,9.859343814902959968e-02,-1.740401164701818257e-02,2.534427226313057044e-02,-1.826944753567860680e-02,5.086304760633210409e-02,-8.365812432020902634e-02,7.094744890928268433e+00
7.400000000000000000e+01,7.400000000000005185e-02,4.749925832195497577e+00,9.856144470687873416e-02,-1.754824416151429950e-02,2.602497612425190218e-02,-1.872893686858789764e-02,5.087481231013929461e-02,-7.755920942872762680e-02,7.046568900346755981e+00
7.500000000000000000e+01,7.500000000000005274e-02,4.749924079025217516e+00,9.852938037696158668e-02,-1.769396144289563447e-02,2.671279457479835279e-02,-1.919433119787505859e-02,5.088638845199818656e-02,-8.509357366710901260e-02,7.008232563734054565e+00
7.600000000000000000e+01,7.600000000000005362e-02,4.749922313945817542e+00,9.849717577468793117e-02,-1.784107062766476445e-02,2.740710980319993606e-02,-1.966511453662467268e-02,5.089880160241380680e-02,-7.895605079829692841e-02,6.952170014381408691e+00
7.700000000000000000e+01,7.700000000000005451e-02,4.749920520308976712e+00,9.846494765427876716e-02,-1.798947818790530909e-02,2.810859141846050457e-02,-2.014078153127196735e-02,5.091112163942587698e-02,-9.161556698381900787e-02,6.913149803876876831e+00
7.800000000000000000e+01,7.800000000000005540e-02,4.749918702894418310e+00,9.843275616016108898e-02,-1.813910789275797672e-02,2.881765118356202290e-02,-2.062080465889959413e-02,5.092276974643303311e-02,-8.855396136641502380e-02,6.857395648956298828e+00
7.900000000000000000e+01,7.900000000000005629e-02,4.749916850336022733e+00,9.840045164921210064e-02,-1.828980364954502572e-02,2.953192918941875689e-02,-2.110451587610473467e-02,5.093540648688471562e-02,-1.026539616286754608e-01,6.776950538158416748e+00
8.000000000000000000e+01,8.000000000000005718e-02,4.749914964394746697e+00,9.836802581670789358e-02,-1.844143701811705796e-02,3.024976340489253512e-02,-2.159122311578065556e-02,5.094880956280548046e-02,-1.108485907316207886e-01,6.771654486656188965e+00
8.100000000000000000e+01,8.100000000000005806e-02,4.749913023278333313e+00,9.833549455610490764e-02,-1.859391266635444101e-02,3.096970894180774495e-02,-2.208022363558237444e-02,5.096274322385258015e-02,-1.015814132988452911e-01,6.749953418970108032e+00
8.200000000000000000e+01,8.200000000000005895e-02,4.749911018026893750e+00,9.830281497727828832e-02,-1.874713747868123059e-02,3.169068660384732200e-02,-2.257120374004495389e-02,5.097803469469463361e-02,-1.027789618819952011e-01,6.705126136541366577e+00
8.300000000000000000e+01,8.300000000000005984e-02,4.749908948035146850e+00,9.827016223460295630e-02,-1.890095662833007201e-02,3.241464533835208828e-02,-2.306353117204440473e-02,5.099344409770607822e-02,-1.112684011459350586e-01,6.719058454036712646e+00
8.400000000000000000e+01,8.400000000000006073e-02,4.749906809667341356e+00,9.823746402707446423e-02,-1.905525816036808887e-02,3.314311778603416109e-02,-2.355662090587817836e-02,5.100897852676915950e-02,-1.050765216350555420e-01,6.739286363124847412e+00
8.500000000000000000e+01,8.500000000000006162e-02,4.749904592229104772e+00,9.820462734693974349e-02,-1.920989013615772775e-02,3.387634479939677368e-02,-2.405005600956844347e-02,5.102549501849315550e-02,-9.967202506959438324e-02,6.725796401500701904e+00
8.600000000000000000e+01,8.600000000000006251e-02,4.749902299072939371e+00,9.817176989445523805e-02,-1.936470069724118698e-02,3.461224251841470145e-02,-2.454342855503011123e-02,5.104271796760914692e-02,-1.026574354618787766e-01,6.712088227272033691e+00
8.700000000000000000e+01,8.700000000000006339e-02,4.749899933137863961e+00,9.813897645651938062e-02,-1.951968482382851131e-02,3.535124269108230050e-02,-2.503664430690122344e-02,5.105994654686395878e-02,-8.874738216400146484e-02,6.706564843654632568e+00
8.800000000000000000e+01,8.800000000000006428e-02,4.749897493398933968e+00,9.810630029609720970e-02,-1.967494084925005410e-02,3.609440520470175856e-02,-2.552995815256098311e-02,5.107709896082888307e-02,-8.557996712625026703e-02,6.724226593971252441e+00
8.900000000000000000e+01,8.900000000000006517e-02,4.749895001263574557e+00,9.807366381753676587e-02,-1.983045795793030724e-02,3.684431509308480623e-02,-2.602330527711660402e-02,5.109425383416123234e-02,-8.112652599811553955e-02,6.738380521535873413e+00
9.000000000000000000e+01,9.000000000000006606e-02,4.749892465492774996e+00,9.804108103793658657e-02,-1.998631454390000298e-02,3.759847338486459190e-02,-2.651705413681137991e-02,5.111215804411019248e-02,-8.612228557467460632e-02,6.791322857141494751e+00
9.100000000000000000e+01,9.100000000000006695e-02,4.749889890913091328e+00,9.800860446720791042e-02,-2.014254107212998593e-02,3.835798282830484712e-02,-2.701135883245053826e-02,5.113023540514807092e-02,-8.877019025385379791e-02,6.796828389167785645e+00
9.200000000000000000e+01,9.200000000000006783e-02,4.749887276876513020e+00,9.797618089951917741e-02,-2.029921684549154670e-02,3.912294822369963981e-02,-2.750674204374492504e-02,5.114886660731165352e-02,-7.778366655111312866e-02,6.802975445985794067e+00
9.300000000000000000e+01,9.300000000000006872e-02,4.749884620891378972e+00,9.794391487511559802e-02,-2.045640443565771918e-02,3.989126390661280885e-02,-2.800345498008827150e-02,5.116837296244267086e-02,-7.306110858917236328e-02,6.830949306488037109e+00
9.400000000000000000e+01,9.400000000000006961e-02,4.749881939070611736e+00,9.791186243936100819e-02,-2.061413858378140923e-02,4.066102401071024219e-02,-2.850162865276262281e-02,5.118826435405947339e-02,-8.095780014991760254e-02,6.841766804456710815e+00
9.500000000000000000e+01,9.500000000000007050e-02,4.749879231033450111e+00,9.788016330159428346e-02,-2.077244392416881941e-02,4.143214004110085807e-02,-2.900145208586435430e-02,5.120730121530463891e-02,-9.326113760471343994e-02,6.894912570714950562e+00
9.600000000000000000e+01,9.600000000000007139e-02,4.749876488031012478e+00,9.784883226540556922e-02,-2.093142956085688317e-02,4.220336779578647002e-02,-2.950332933197685747e-02,5.122515682539381665e-02,-8.907946385443210602e-02,6.857584208250045776e+00
9.700000000000000000e+01,9.700000000000007228e-02,4.749873698621601470e+00,9.781784389042044725e-02,-2.109108826829637559e-02,4.297537351584734822e-02,-3.000749195804308656e-02,5.124216280171915716e-02,-7.812380231916904449e-02,6.847924321889877319e+00
9.800000000000000000e+01,9.800000000000007316e-02,4.749870877156074478e+00,9.778708048872208902e-02,-2.125146750618762265e-02,4.374544855402778126e-02,-3.051394684411734559e-02,5.125936589401116489e-02,-8.149295113980770111e-02,6.873849004507064819e+00
9.900000000000000000e+01,9.900000000000007405e-02,4.749868047106429181e+00,9.775648016174891264e-02,-2.141262951246799065e-02,4.451207237161709102e-02,-3.102288896638172311e-02,5.127784421006418430e-02,-8.966874517500400543e-02,6.894143283367156982e+00
1.000000000000000000e+02,1.000000000000000749e-01,4.749865210077627964e+00,9.772596484687913476e-02,-2.157455168558290379e-02,4.527507434367473993e-02,-3.153435342004784481e-02,5.129756649753097753e-02,-9.403125382959842682e-02,6.883355587720870972e+00
1.010000000000000000e+02,1.010000000000000758e-01,4.749862348987608840e+00,9.769571675376122200e-02,-2.173725211638003266e-02,4.603165481809378540e-02,-3.204848177841190804e-02,5.131764102845626924e-02,-9.891589172184467316e-02,6.930025458335876465e+00
1.020000000000000000e+02,1.020000000000000767e-01,4.749859456067588859e+00,9.766586300046999070e-02,-2.190078491103567698e-02,4.678127894504342799e-02,-3.256538738671377331e-02,5.133746479900738735e-02,-8.842547610402107239e-02,6.883709192276000977e+00
1.030000000000000000e+02,1.030000000000000776e-01,4.749856523405433073e+00,9.763640979922548480e-02,-2.206501777579597534e-02,4.752433701547794515e-02,-3.308485866979871126e-02,5.135716322269680972e-02,-9.918450377881526947e-02,6.921319544315338135e+00
1.040000000000000000e+02,1.040000000000000785e-01,4.749853564212568990e+00,9.760734630087637698e-02,-2.222999042098954339e-02,4.826286355309292175e-02,-3.360679898414264954e-02,5.137641390386174511e-02,-1.021196115761995316e-01,6.900098502635955811e+00
1.050000000000000000e+02,1.050000000000000794e-01,4.749850559244638504e+00,9.757881563631250199e-02,-2.239565568539293727e-02,4.899537128979055550e-02,-3.413122220501851878e-02,5.139471281298822053e-02,-1.026333160698413849e-01,6.890970081090927124e+00
1.060000000000000000e+02,1.060000000000000803e-01,4.749847503714775598e+00,9.755090356392588646e-02,-2.256205729888253672e-02,4.971942019611683833e-02,-3.465816628121531906e-02,5.141176614412035911e-02,-1.016633268445730209e-01,6.881517201662063599e+00
1.070000000000000000e+02,1.070000000000000812e-01,4.749844393992513680e+00,9.752367766907765745e-02,-2.272914352205226279e-02,5.043613679640188835e-02,-3.518738248199992924e-02,5.142679548621829216e-02,-1.038697995245456696e-01,6.820940583944320679e+00
1.080000000000000000e+02,1.080000000000000820e-01,4.749841228336436849e+00,9.749720084464508219e-02,-2.289690173129554571e-02,5.114485967795998761e-02,-3.571878147538010140e-02,5.143956825131829752e-02,-9.848287701606750488e-02,6.807757556438446045e+00
1.090000000000000000e+02,1.090000000000000829e-01,4.749838001577328050e+00,9.747150345781849246e-02,-2.306527504673887632e-02,5.184368633919057834e-02,-3.625190348585838329e-02,5.145051731085314994e-02,-1.044027805328369141e-01,6.808460056781768799e+00
1.100000000000000000e+02,1.100000000000000838e-01,4.749834727823334823e+00,9.744659735294643188e-02,-2.323424651346405606e-02,5.253015208886514797e-02,-3.678662958688638795e-02,5.146007532207182156e-02,-9.602543711662292480e-02,6.800561666488647461e+00
1.110000000000000000e+02,1.110000000000000847e-01,4.749831392850675016e+00,9.742238196621372248e-02,-2.340355125291702573e-02,5.320419435179044726e-02,-3.732209539709652191e-02,5.146864491790634905e-02,-1.041275858879089355e-01,6.754570484161376953e+00
1.120000000000000000e+02,1.120000000000000856e-01,4.749828006348353782e+00,9.739879871877517303e-02,-2.357311872798906888e-02,5.386619056621856638e-02,-3.785805072030190566e-02,5.147666183502136450e-02,-9.860400669276714325e-02,6.695160269737243652e+00
1.130000000000000000e+02,1.130000000000000865e-01,4.749824552257917887e+00,9.737579990491912474e-02,-2.374280465088188241e-02,5.451780663729095117e-02,-3.839381946046871441e-02,5.148469118164359509e-02,-1.029475424438714981e-01,6.636155098676681519e+00
1.140000000000000000e+02,1.140000000000000874e-01,4.749821031034925589e+00,9.735333436030770005e-02,-2.391240857715807439e-02,5.515905217770009084e-02,-3.892846469770572249e-02,5.149308626192017346e-02,-1.046092901378870010e-01,6.634249985218048096e+00
1.150000000000000000e+02,1.150000000000000883e-01,4.749817428279140330e+00,9.733135786593727357e-02,-2.408187665006704045e-02,5.579211505796365100e-02,-3.946153397275842245e-02,5.150178605337780990e-02,-1.112580988556146622e-01,6.630439579486846924e+00
1.160000000000000000e+02,1.160000000000000892e-01,4.749813748919994971e+00,9.730977978250807126e-02,-2.425129208793591271e-02,5.641605951901575156e-02,-3.999332899909258110e-02,5.151170511473918134e-02,-1.145415026694536209e-01,6.626293361186981201e+00
1.170000000000000000e+02,1.170000000000000900e-01,4.749809979234580481e+00,9.728858901211426269e-02,-2.442061176394578689e-02,5.703325871663177116e-02,-4.052368679007511965e-02,5.152268346667168708e-02,-1.212709732353687286e-01,6.658988863229751587e+00
1.180000000000000000e+02,1.180000000000000909e-01,4.749806109386472741e+00,9.726783895039052552e-02,-2.458980596748630218e-02,5.764403090432701493e-02,-4.105245476795893467e-02,5.153390096469466497e-02,-1.343328170478343964e-01,6.686126291751861572e+00
1.190000000000000000e+02,1.190000000000000918e-01,4.749802123351934746e+00,9.724765329042406314e-02,-2.475881737702818192e-02,5.824763024763024433e-02,-4.157959274222489121e-02,5.154493149242549144e-02,-1.224523931741714478e-01,6.651068657636642456e+00
1.200000000000000000e+02,1.200000000000000927e-01,4.749797998185701253e+00,9.722806435499653510e-02,-2.492756672810345769e-02,5.884430935640313359e-02,-4.210496589368761811e-02,5.155564818357825235e-02,-1.227765753865242004e-01,6.611799627542495728e+00
1.210000000000000000e+02,1.210000000000000936e-01,4.749793737883386768e+00,9.720912552242078064e-02,-2.509589135754932213e-02,5.943342167678382360e-02,-4.262783939492931218e-02,5.156532912208326713e-02,-1.217145062983036041e-01,6.623826473951339722e+00
1.220000000000000000e+02,1.220000000000000945e-01,4.749789344170568306e+00,9.719080306104339873e-02,-2.526385845176171152e-02,6.001635577477015815e-02,-4.314824971864461567e-02,5.157416629322122970e-02,-1.221897490322589874e-01,6.629120409488677979e+00
1.230000000000000000e+02,1.230000000000000954e-01,4.749784816408238797e+00,9.717312845028033830e-02,-2.543146057458062562e-02,6.059233348954305709e-02,-4.366624043457956184e-02,5.158226618186785573e-02,-1.203624103218317032e-01,6.618155568838119507e+00
1.240000000000000000e+02,1.240000000000000963e-01,4.749780150500532372e+00,9.715615910108543751e-02,-2.559873384008623867e-02,6.116125246292228312e-02,-4.418194414743115139e-02,5.158917096658360846e-02,-1.222342066466808319e-01,6.632706135511398315e+00
1.250000000000000000e+02,1.250000000000000833e-01,4.749775348434453370e+00,9.713992598699178194e-02,-2.576570868622100885e-02,6.172238054227368459e-02,-4.469539853773740745e-02,5.159468948895781087e-02,-1.204663347452878952e-01,6.652076393365859985e+00
1.260000000000000000e+02,1.260000000000000842e-01,4.749770405850025412e+00,9.712441246748972079e-02,-2.593237055850981451e-02,6.227697539350422057e-02,-4.520661314122853547e-02,5.159860835936794926e-02,-1.218025228008627892e-01,6.675271570682525635e+00
1.270000000000000000e+02,1.270000000000000850e-01,4.749765330286299658e+00,9.710958300166661061e-02,-2.609880484450916374e-02,6.282580393116077300e-02,-4.571597673238092518e-02,5.160123955866765394e-02,-1.353453099727630615e-01,6.730483055114746094e+00
1.280000000000000000e+02,1.280000000000000859e-01,4.749760119630321853e+00,9.709542787012610809e-02,-2.626496869094994274e-02,6.336814768087782601e-02,-4.622344587948234995e-02,5.160248511752951739e-02,-1.365695642307400703e-01,6.742198467254638672e+00
1.290000000000000000e+02,1.290000000000000868e-01,4.749754755999038736e+00,9.708190266138785884e-02,-2.643078671629881318e-02,6.390433542683661428e-02,-4.672902018255231660e-02,5.160231940810937334e-02,-1.347598144784569740e-01,6.747774958610534668e+00
1.300000000000000000e+02,1.300000000000000877e-01,4.749749239142722068e+00,9.706906984388037618e-02,-2.659634803247792889e-02,6.443400461850455618e-02,-4.723303504349862791e-02,5.160035806528865537e-02,-1.355730229988694191e-01,6.759604454040527344e+00
1.310000000000000000e+02,1.310000000000000886e-01,4.749743568739590138e+00,9.705697880522691501e-02,-2.676163651332067253e-02,6.495587885565054509e-02,-4.773546180721610632e-02,5.159647799061367612e-02,-1.373996865004301071e-01,6.796612948179244995e+00
1.320000000000000000e+02,1.320000000000000895e-01,4.749737746180111131e+00,9.704561754160662135e-02,-2.692665609958104500e-02,6.546846521606092262e-02,-4.823640613472623961e-02,5.159139897950355824e-02,-1.412084670737385750e-01,6.774120420217514038e+00
1.330000000000000000e+02,1.330000000000000904e-01,4.749731769562335337e+00,9.703505112955314316e-02,-2.709143804350403265e-02,6.597161755729877286e-02,-4.873613627728201614e-02,5.158480378878928241e-02,-1.474442202597856522e-01,6.793023377656936646e+00
1.340000000000000000e+02,1.340000000000000913e-01,4.749725639869883054e+00,9.702521633993280159e-02,-2.725604777229157644e-02,6.646462745512797532e-02,-4.923480155897963506e-02,5.157761906777565825e-02,-1.449794666841626167e-01,6.821909964084625244e+00
1.350000000000000000e+02,1.350000000000000921e-01,4.749719348859020585e+00,9.701609365344582292e-02,-2.742048826120485963e-02,6.694781641892447177e-02,-4.973249220384756697e-02,5.156968835939681334e-02,-1.406266568228602409e-01,6.822630614042282104e+00
1.360000000000000000e+02,1.360000000000000930e-01,4.749712899833330226e+00,9.700769421145929994e-02,-2.758477662453233739e-02,6.742176419407544530e-02,-5.022937831332030534e-02,5.156050290235564271e-02,-1.390059012919664383e-01,6.842253655195236206e+00
1.370000000000000000e+02,1.370000000000000939e-01,4.749706298040939245e+00,9.699999099178327477e-02,-2.774883553224858843e-02,6.788676981054589388e-02,-5.072521481381286890e-02,5.155039123017259722e-02,-1.390739167109131813e-01,6.794605791568756104e+00
1.380000000000000000e+02,1.380000000000000948e-01,4.749699535630864666e+00,9.699304572936486013e-02,-2.791251389022733967e-02,6.834148263977193882e-02,-5.121960152897586660e-02,5.153924605695982264e-02,-1.432400480844080448e-01,6.784134775400161743e+00
1.390000000000000000e+02,1.390000000000000957e-01,4.749692612795136881e+00,9.698684019641505560e-02,-2.807589063022040629e-02,6.878736011823557983e-02,-5.171258268236256228e-02,5.152721032786784089e-02,-1.351179624907672405e-01,6.768942803144454956e+00
1.400000000000000000e+02,1.400000000000000966e-01,4.749685520589644661e+00,9.698136031773658960e-02,-2.823893568352601330e-02,6.922325277873923877e-02,-5.220399172477407923e-02,5.151402350100676986e-02,-1.434306865558028221e-01,6.711675435304641724e+00
1.410000000000000000e+02,1.410000000000000975e-01,4.749678266841397267e+00,9.697657014127018804e-02,-2.840159882415166370e-02,6.964866855505093268e-02,-5.269359930299843953e-02,5.149985859280393347e-02,-1.466220994479954243e-01,6.741206318140029907e+00
1.420000000000000000e+02,1.420000000000000984e-01,4.749670830388425635e+00,9.697245022595196717e-02,-2.856375969720306024e-02,7.006289302085375037e-02,-5.318074393398042332e-02,5.148496309910331054e-02,-1.512594432570040226e-01,6.732500791549682617e+00
1.430000000000000000e+02,1.430000000000000993e-01,4.749663199472164976e+00,9.696899692811393467e-02,-2.872524518243909503e-02,7.046634133448442805e-02,-5.366496815547949772e-02,5.146906714083428203e-02,-1.555168027989566326e-01,6.761440038681030273e+00
1.440000000000000000e+02,1.440000000000001001e-01,4.749655367807064543e+00,9.696618363693047804e-02,-2.888606065089664721e-02,7.085867291772390830e-02,-5.414624374677656782e-02,5.145223402351604969e-02,-1.473461287096142769e-01,6.725117832422256470e+00
1.450000000000000000e+02,1.450000000000001010e-01,4.749647317994126539e+00,9.696405998573202900e-02,-2.904601249095174753e-02,7.124104751813616077e-02,-5.462404419905486641e-02,5.143406194901899847e-02,-1.545219779945909977e-01,6.697394013404846191e+00
1.460000000000000000e+02,1.460000000000001019e-01,4.749639058982560336e+00,9.696258179205576033e-02,-2.920510735234291624e-02,7.161465432642355466e-02,-5.509821346160648226e-02,5.141455825419463666e-02,-1.452237535268068314e-01,6.763563156127929688e+00
1.470000000000000000e+02,1.470000000000001028e-01,4.749630578495465549e+00,9.696175147313748632e-02,-2.936335408118306151e-02,7.197958193726165799e-02,-5.556863579952797672e-02,5.139361675280820774e-02,-1.431348435580730438e-01,6.799719631671905518e+00
1.480000000000000000e+02,1.480000000000001037e-01,4.749621887516771501e+00,9.696152990034533070e-02,-2.952060787976338099e-02,7.233590294925536235e-02,-5.603513392581294106e-02,5.137125167571383877e-02,-1.407169383019208908e-01,6.730895072221755981e+00
1.490000000000000000e+02,1.490000000000001046e-01,4.749612985320517566e+00,9.696187503159721388e-02,-2.967675753892318538e-02,7.268217606821131271e-02,-5.649753936344992233e-02,5.134795866241952111e-02,-1.460219803266227245e-01,6.700840592384338379e+00
1.500000000000000000e+02,1.500000000000001055e-01,4.749603872717238495e+00,9.696265372501343405e-02,-2.983176904172209903e-02,7.301949303861449136e-02,-5.695542908880235622e-02,5.132437570398865057e-02,-1.462774944957345724e-01,6.685932755470275879e+00
1.510000000000000000e+02,1.510000000000001064e-01,4.749594535707603704e+00,9.696390920058685359e-02,-2.998565030381761601e-02,7.334950005838088150e-02,-5.740867409657357534e-02,5.130017222171650432e-02,-1.492682590615004301e-01,6.666467130184173584e+00
1.520000000000000000e+02,1.520000000000001072e-01,4.749584971644486231e+00,9.696561814357101960e-02,-3.013837265475106247e-02,7.367246908411029249e-02,-5.785711690977857202e-02,5.127562757779931951e-02,-1.484426720999181271e-01,6.680295914411544800e+00
1.530000000000000000e+02,1.530000000000001081e-01,4.749575174015379098e+00,9.696777263039513262e-02,-3.028992572282623169e-02,7.398782482960476747e-02,-5.830063427957310473e-02,5.125091170567890042e-02,-1.505705052986741066e-01,6.693547517061233521e+00
1.540000000000000000e+02,1.540000000000001090e-01,4.749565137816119886e+00,9.697036972704091429e-02,-3.044022528645598177e-02,7.429573148232584967e-02,-5.873900413173660517e-02,5.122589479819522618e-02,-1.449684030376374722e-01,6.669526785612106323e+00
1.550000000000000000e+02,1.550000000000001099e-01,4.749554857813453879e+00,9.697344574120771166e-02,-3.058929697749292534e-02,7.459515148092524250e-02,-5.917238291887794155e-02,5.120052112417316365e-02,-1.468104752711951733e-01,6.671729892492294312e+00
1.560000000000000000e+02,1.560000000000001108e-01,4.749544342943537778e+00,9.697693812423686943e-02,-3.073723468917850463e-02,7.488703353423151188e-02,-5.960098775712863173e-02,5.117501853554462521e-02,-1.567696270067244768e-01,6.737176626920700073e+00
1.570000000000000000e+02,1.570000000000001117e-01,4.749533595527938523e+00,9.698079582125919418e-02,-3.088406780146844138e-02,7.516983392305032208e-02,-6.002496409012780809e-02,5.115019502195675138e-02,-1.612906602676957846e-01,6.755981147289276123e+00
1.580000000000000000e+02,1.580000000000001126e-01,4.749522611125660099e+00,9.698493657457406270e-02,-3.102983333394749785e-02,7.544451598642337720e-02,-6.044475910918456485e-02,5.112649293558960140e-02,-1.616310109384357929e-01,6.730444312095642090e+00
1.590000000000000000e+02,1.590000000000001135e-01,4.749511383405921272e+00,9.698933567355240426e-02,-3.117452035285166179e-02,7.571137738425619268e-02,-6.086042680889125478e-02,5.110397744294788158e-02,-1.606990271247923374e-01,6.714712142944335938e+00
1.600000000000000000e+02,1.600000000000001144e-01,4.749499905392933208e+00,9.699397381581420508e-02,-3.131808914890297363e-02,7.597110026718198461e-02,-6.127170481677590708e-02,5.108249917811011342e-02,-1.620948310010135174e-01,6.736864715814590454e+00
1.610000000000000000e+02,1.610000000000001152e-01,4.749488172753461690e+00,9.699886886919219242e-02,-3.146054148898138475e-02,7.622405996830006192e-02,-6.167852639539117554e-02,5.106190517705408438e-02,-1.515967827290296555e-01,6.698828428983688354e+00
1.620000000000000000e+02,1.620000000000001161e-01,4.749476186181388115e+00,9.700401938157400539e-02,-3.160190399954374701e-02,7.647060318902422493e-02,-6.208108546530732852e-02,5.104225644176367538e-02,-1.481015713652595878e-01,6.713530868291854858e+00
1.630000000000000000e+02,1.630000000000001170e-01,4.749463950928926259e+00,9.700944973826826356e-02,-3.174214340221095942e-02,7.671004778742987473e-02,-6.247910226444175485e-02,5.102350897991540096e-02,-1.483905197528656572e-01,6.716602444648742676e+00
1.640000000000000000e+02,1.640000000000001179e-01,4.749451469085475885e+00,9.701515580261925453e-02,-3.188126020794719573e-02,7.694201788560546540e-02,-6.287264161706618282e-02,5.100541124939707294e-02,-1.488492036587558687e-01,6.707196116447448730e+00
1.650000000000000000e+02,1.650000000000001188e-01,4.749438739321854897e+00,9.702112602139041642e-02,-3.201925940690652367e-02,7.716780692131687547e-02,-6.326173684807145925e-02,5.098800484853445447e-02,-1.485332432202994823e-01,6.724755883216857910e+00
1.660000000000000000e+02,1.660000000000001197e-01,4.749425761724491935e+00,9.702738055441732790e-02,-3.215619342297462713e-02,7.738738487829743828e-02,-6.364650768697255323e-02,5.097115384685423772e-02,-1.429955072235316038e-01,6.747286856174468994e+00
1.670000000000000000e+02,1.670000000000001206e-01,4.749412539715018866e+00,9.703391910686794131e-02,-3.229209099002403743e-02,7.759936714642959310e-02,-6.402712674151844752e-02,5.095484617861545384e-02,-1.457512157503515482e-01,6.718794405460357666e+00
1.680000000000000000e+02,1.680000000000001215e-01,4.749399081234019881e+00,9.704074325750633445e-02,-3.242695259488485165e-02,7.780343166519219922e-02,-6.440371982761283753e-02,5.093927017463340673e-02,-1.550136832520365715e-01,6.717147201299667358e+00
1.690000000000000000e+02,1.690000000000001223e-01,4.749385380033252169e+00,9.704787468215161916e-02,-3.256079549112451260e-02,7.799828332412461762e-02,-6.477620181057686111e-02,5.092435575662877106e-02,-1.568511142395436764e-01,6.695024102926254272e+00
1.700000000000000000e+02,1.700000000000001232e-01,4.749371418648265397e+00,9.705530024615098561e-02,-3.269356273314400624e-02,7.818289986249074563e-02,-6.514436918620325478e-02,5.091007285472551325e-02,-1.444345391355454922e-01,6.656378120183944702e+00
1.710000000000000000e+02,1.710000000000001241e-01,4.749357194894715306e+00,9.706301083200341573e-02,-3.282530541039765243e-02,7.835680837625151607e-02,-6.550829879852804183e-02,5.089661224505966086e-02,-1.470306455157697201e-01,6.656774967908859253e+00
1.720000000000000000e+02,1.720000000000001250e-01,4.749342721751220964e+00,9.707094606301931716e-02,-3.295598122498064747e-02,7.852071253227604908e-02,-6.586765391737925412e-02,5.088400262219555659e-02,-1.550143226049840450e-01,6.730976074934005737e+00
1.730000000000000000e+02,1.730000000000001259e-01,4.749328000645423487e+00,9.707906237066300792e-02,-3.308564099977431144e-02,7.867502518753116680e-02,-6.622262930095046407e-02,5.087276603269013514e-02,-1.582702724263072014e-01,6.743284791707992554e+00
1.740000000000000000e+02,1.740000000000001268e-01,4.749313009390007778e+00,9.708744670316449277e-02,-3.321412295646213736e-02,7.881973589872967589e-02,-6.657298543661038792e-02,5.086185784357587919e-02,-1.620925273746252060e-01,6.732397675514221191e+00
1.750000000000000000e+02,1.750000000000001277e-01,4.749297743457084664e+00,9.709600690305314474e-02,-3.334141693149834246e-02,7.895569108674398151e-02,-6.691875360226906544e-02,5.085144389822777999e-02,-1.670298213139176369e-01,6.691851764917373657e+00
1.760000000000000000e+02,1.760000000000001286e-01,4.749282203222167986e+00,9.710460608296762886e-02,-3.346754414541952549e-02,7.908375852324354971e-02,-6.725997205178235738e-02,5.084222149772681110e-02,-1.540278736501932144e-01,6.692942947149276733e+00
1.770000000000000000e+02,1.770000000000001295e-01,4.749266366892462621e+00,9.711322147866081889e-02,-3.359233744202563127e-02,7.920409627127403263e-02,-6.759591261106234761e-02,5.083453972902335360e-02,-1.637482014484703541e-01,6.753617823123931885e+00
1.780000000000000000e+02,1.780000000000001303e-01,4.749250248687531872e+00,9.712185751882990159e-02,-3.371580817466530988e-02,7.931795867314898885e-02,-6.792660535207417638e-02,5.082801789344496696e-02,-1.630226783454418182e-01,6.711423873901367188e+00
1.790000000000000000e+02,1.790000000000001312e-01,4.749233824116549485e+00,9.713060875602844146e-02,-3.383781456891704620e-02,7.942339385276968311e-02,-6.825185210998729879e-02,5.082212233421197489e-02,-1.598626468330621719e-01,6.689880937337875366e+00
1.800000000000000000e+02,1.800000000000001321e-01,4.749217090105907424e+00,9.713939390391745921e-02,-3.395833842141909864e-02,7.952315070402733721e-02,-6.857139616738949783e-02,5.081709774636548882e-02,-1.610881239175796509e-01,6.713966548442840576e+00
1.810000000000000000e+02,1.810000000000001330e-01,4.749200040655350286e+00,9.714823604046049499e-02,-3.407731077078621218e-02,7.961705493050898197e-02,-6.888490485887754922e-02,5.081279322854449776e-02,-1.737753963097929955e-01,6.747325241565704346e+00
1.820000000000000000e+02,1.820000000000001339e-01,4.749182675176569113e+00,9.715718339548133631e-02,-3.419475843910490392e-02,7.970457423588993284e-02,-6.919258346020606965e-02,5.080915526516320557e-02,-1.774499583989381790e-01,6.739432632923126221e+00
1.830000000000000000e+02,1.830000000000001348e-01,4.749164979904436201e+00,9.716622179116492231e-02,-3.431069515800179437e-02,7.978536474408978729e-02,-6.949464298338359214e-02,5.080639372989825819e-02,-1.773137534037232399e-01,6.689332425594329834e+00
1.840000000000000000e+02,1.840000000000001357e-01,4.749146940999493971e+00,9.717531736027314182e-02,-3.442498986686756690e-02,7.985989350021438504e-02,-6.979060065252196132e-02,5.080456763017916072e-02,-1.707384446635842323e-01,6.664211362600326538e+00
1.850000000000000000e+02,1.850000000000001366e-01,4.749128546147306729e+00,9.718447714614721067e-02,-3.453757577279461394e-02,7.992787513960519785e-02,-7.007998898228162687e-02,5.080349101539039652e-02,-1.734282188117504120e-01,6.670050978660583496e+00
1.860000000000000000e+02,1.860000000000001374e-01,4.749109800439333284e+00,9.719375174441953480e-02,-3.464849468555291495e-02,7.998841889031055308e-02,-7.036279944968093503e-02,5.080261777209690854e-02,-1.755774151533842087e-01,6.649992972612380981e+00
1.870000000000000000e+02,1.870000000000001383e-01,4.749090707265935407e+00,9.720314726715109654e-02,-3.475787364430486803e-02,8.004119288993755132e-02,-7.063947144414295387e-02,5.080179084078642604e-02,-1.731541063636541367e-01,6.685721188783645630e+00
1.880000000000000000e+02,1.880000000000001392e-01,4.749071263886356142e+00,9.721259118991161519e-02,-3.486573330430789430e-02,8.008688185666486270e-02,-7.090998521190483572e-02,5.080125843015902143e-02,-1.693508075550198555e-01,6.689799547195434570e+00
1.890000000000000000e+02,1.890000000000001401e-01,4.749051468887817151e+00,9.722209517110065591e-02,-3.497198092874143072e-02,8.012598942143074610e-02,-7.117418939215269802e-02,5.080084757413371593e-02,-1.671222681179642677e-01,6.686452358961105347e+00
1.900000000000000000e+02,1.900000000000001410e-01,4.749031321329416855e+00,9.723168411422769553e-02,-3.507658365789338706e-02,8.015827958316022739e-02,-7.143197983412918894e-02,5.080019420316848194e-02,-1.698717558756470680e-01,6.682704865932464600e+00
1.910000000000000000e+02,1.910000000000001419e-01,4.749010824983165513e+00,9.724131397640299601e-02,-3.517956140881608323e-02,8.018288644077008198e-02,-7.168342990125564640e-02,5.079965252910952078e-02,-1.607170645147562027e-01,6.668414503335952759e+00
1.920000000000000000e+02,1.920000000000001428e-01,4.748989980612821071e+00,9.725095931607614930e-02,-3.528101333373111215e-02,8.019850217645035917e-02,-7.192887427183536353e-02,5.079947190000419499e-02,-1.543538682162761688e-01,6.673513323068618774e+00
1.930000000000000000e+02,1.930000000000001437e-01,4.748968799446474875e+00,9.726064700354929149e-02,-3.538095361842266001e-02,8.020500699466917571e-02,-7.216828877100356365e-02,5.079960891000504658e-02,-1.526058698073029518e-01,6.661702007055282593e+00
1.940000000000000000e+02,1.940000000000001446e-01,4.748947286356296260e+00,9.727044382901481323e-02,-3.547936356076433068e-02,8.020106321005940342e-02,-7.240162629973401209e-02,5.079981491569426910e-02,-1.474076565355062485e-01,6.638212084770202637e+00
1.950000000000000000e+02,1.950000000000001454e-01,4.748925438499187024e+00,9.728038435142882800e-02,-3.557621375641074196e-02,8.018686259255611293e-02,-7.262871636747592063e-02,5.079983772938877901e-02,-1.544122193008661270e-01,6.692133545875549316e+00
1.960000000000000000e+02,1.960000000000001463e-01,4.748903258895088797e+00,9.729041803274240952e-02,-3.567150276748636689e-02,8.016273298514221823e-02,-7.284946436814876414e-02,5.079991191880237761e-02,-1.538026006892323494e-01,6.703485906124114990e+00
1.970000000000000000e+02,1.970000000000001472e-01,4.748880737837709809e+00,9.730056100292680532e-02,-3.576519093325455922e-02,8.012880676523480294e-02,-7.306398493227450608e-02,5.079985762651205439e-02,-1.535682044923305511e-01,6.699512451887130737e+00
1.980000000000000000e+02,1.980000000000001481e-01,4.748857879509389868e+00,9.731082288811232495e-02,-3.585734474828645296e-02,8.008485548688636102e-02,-7.327253115339549261e-02,5.079931350064607887e-02,-1.449217703193426132e-01,6.696215569972991943e+00
1.990000000000000000e+02,1.990000000000001490e-01,4.748834683684718172e+00,9.732122336703205590e-02,-3.594798589792388976e-02,8.002948578644270006e-02,-7.347515844072383118e-02,5.079826299504455051e-02,-1.489447625353932381e-01,6.720389336347579956e+00
2.000000000000000000e+02,2.000000000000001499e-01,4.748811151309830336e+00,9.733178815858176125e-02,-3.603705978381529368e-02,7.996390710722704742e-02,-7.367162155055195782e-02,5.079572678524636731e-02,-1.573090627789497375e-01,6.712605148553848267e+00
2.010000000000000000e+02,2.010000000000001508e-01,4.748787281024783979e+00,9.734244767416297406e-02,-3.612455196086533649e-02,7.988735379465615460e-02,-7.386201987463358876e-02,5.079237138792818546e-02,-1.529333489015698433e-01,6.687481701374053955e+00
2.020000000000000000e+02,2.020000000000001517e-01,4.748763062354538711e+00,9.735315893678199439e-02,-3.621046406981764942e-02,7.980031832543406367e-02,-7.404635457432529044e-02,5.078881350248899695e-02,-1.465579038485884666e-01,6.631206646561622620e+00
2.030000000000000000e+02,2.030000000000001525e-01,4.748738502306344422e+00,9.736391273719627315e-02,-3.629486848250045722e-02,7.970251698713728961e-02,-7.422476292977608914e-02,5.078519153732247854e-02,-1.416704552248120308e-01,6.603378862142562866e+00
2.040000000000000000e+02,2.040000000000001534e-01,4.748713606026971235e+00,9.737459101742233780e-02,-3.637776006133348894e-02,7.959490370899903466e-02,-7.439696693340058786e-02,5.078179704966791219e-02,-1.367810601368546486e-01,6.608175128698348999e+00
2.050000000000000000e+02,2.050000000000001543e-01,4.748688375519105165e+00,9.738519129127573559e-02,-3.645913125588391701e-02,7.947799104282758653e-02,-7.456279653105823968e-02,5.077843715180586914e-02,-1.408276846632361412e-01,6.630328685045242310e+00
2.060000000000000000e+02,2.060000000000001552e-01,4.748662820050337352e+00,9.739573856853596390e-02,-3.653902943285359389e-02,7.935169851921269890e-02,-7.472244478738554463e-02,5.077522775276233080e-02,-1.429399466142058372e-01,6.655045077204704285e+00
2.070000000000000000e+02,2.070000000000001561e-01,4.748636936606299486e+00,9.740625762282953404e-02,-3.661748313789566639e-02,7.921564184475200776e-02,-7.487611736160926235e-02,5.077219095197564591e-02,-1.489539481699466705e-01,6.673390910029411316e+00
2.080000000000000000e+02,2.080000000000001570e-01,4.748610717844876206e+00,9.741674804101674301e-02,-3.669441968879667143e-02,7.906911693748264192e-02,-7.502370049509088368e-02,5.076941493173667275e-02,-1.589337987825274467e-01,6.727406308054924011e+00
2.090000000000000000e+02,2.090000000000001579e-01,4.748584150561353745e+00,9.742722974264536595e-02,-3.676976651917814032e-02,7.891140797996706868e-02,-7.516501851611545604e-02,5.076660529490800711e-02,-1.622137604281306267e-01,6.722642943263053894e+00
2.100000000000000000e+02,2.100000000000001588e-01,4.748557215919009700e+00,9.743770130974534205e-02,-3.684339244243284989e-02,7.874223971913307807e-02,-7.529987165699192353e-02,5.076352874678222160e-02,-1.528395935893058777e-01,6.707437679171562195e+00
2.110000000000000000e+02,2.110000000000001597e-01,4.748529912227409611e+00,9.744814852522115656e-02,-3.691535366135551000e-02,7.856156303739265934e-02,-7.542843408092148039e-02,5.076031718063407638e-02,-1.584220081567764282e-01,6.743908509612083435e+00
2.120000000000000000e+02,2.120000000000001605e-01,4.748502253694441677e+00,9.745856924203123717e-02,-3.698572787571639126e-02,7.837080986563207952e-02,-7.555088414698007959e-02,5.075671010823517432e-02,-1.486921291798353195e-01,6.756103932857513428e+00
2.130000000000000000e+02,2.130000000000001614e-01,4.748474233572921754e+00,9.746895015192547085e-02,-3.705448906314059987e-02,7.816881635296274444e-02,-7.566730953347544641e-02,5.075271510808345571e-02,-1.407606843858957291e-01,6.759068280458450317e+00
2.140000000000000000e+02,2.140000000000001623e-01,4.748445860495581705e+00,9.747929082449303950e-02,-3.712157999021983151e-02,7.795694763096243374e-02,-7.577757979566523971e-02,5.074826043530279718e-02,-1.379349585622549057e-01,6.770745009183883667e+00
2.150000000000000000e+02,2.150000000000001632e-01,4.748417147775160885e+00,9.748949586367498810e-02,-3.718697141076415802e-02,7.773640110698869232e-02,-7.588162448566260210e-02,5.074380905455021934e-02,-1.339707160368561745e-01,6.758647233247756958e+00
2.160000000000000000e+02,2.160000000000001641e-01,4.748388097464896873e+00,9.749956447140938065e-02,-3.725061274776057113e-02,7.750695713766697637e-02,-7.597933189675076804e-02,5.073945053711862579e-02,-1.284230789169669151e-01,6.740093186497688293e+00
2.170000000000000000e+02,2.170000000000001650e-01,4.748358717215948488e+00,9.750950030115762557e-02,-3.731256889514108360e-02,7.726836850435356285e-02,-7.607088149140439626e-02,5.073539014482436604e-02,-1.287900907918810844e-01,6.743782177567481995e+00
2.180000000000000000e+02,2.180000000000001659e-01,4.748329009904241005e+00,9.751932543335696535e-02,-3.737282361388277047e-02,7.702036602809904375e-02,-7.615614391491098978e-02,5.073170788889761612e-02,-1.296506896615028381e-01,6.748830229043960571e+00
2.190000000000000000e+02,2.190000000000001668e-01,4.748298970666116503e+00,9.752909338310161713e-02,-3.743135365184287189e-02,7.676180995163529863e-02,-7.623504235717937227e-02,5.072801845521308917e-02,-1.319344555959105492e-01,6.727371230721473694e+00
2.200000000000000000e+02,2.200000000000001676e-01,4.748268597073778352e+00,9.753884962467938846e-02,-3.748817511198705710e-02,7.649215849062683537e-02,-7.630763912680471606e-02,5.072396221316769621e-02,-1.325330175459384918e-01,6.717244654893875122e+00
2.210000000000000000e+02,2.210000000000001685e-01,4.748237883037147888e+00,9.754860210759755401e-02,-3.754329147796404975e-02,7.621196731835379323e-02,-7.637385519291939318e-02,5.071966293480772298e-02,-1.317273965105414391e-01,6.725502997636795044e+00
2.220000000000000000e+02,2.220000000000001694e-01,4.748206830728606498e+00,9.755834936583102079e-02,-3.759675075450942539e-02,7.592177137767092132e-02,-7.643379558934615403e-02,5.071509677761601442e-02,-1.226586103439331055e-01,6.731595605611801147e+00
2.230000000000000000e+02,2.230000000000001703e-01,4.748175442977857763e+00,9.756806415278926337e-02,-3.764855089729236132e-02,7.562046065800953620e-02,-7.648749785324904238e-02,5.071041041379856229e-02,-1.260928241536021233e-01,6.749340087175369263e+00
2.240000000000000000e+02,2.240000000000001712e-01,4.748143735081193029e+00,9.757770898246388713e-02,-3.769871079161189742e-02,7.530735964827765805e-02,-7.653505077543587554e-02,5.070560227539420983e-02,-1.112191015854477882e-01,6.770818561315536499e+00
2.250000000000000000e+02,2.250000000000001721e-01,4.748111699946561792e+00,9.758728094691698773e-02,-3.774717121342163056e-02,7.498244737811904370e-02,-7.657634779559652216e-02,5.070079811646258094e-02,-1.133482782170176506e-01,6.791239649057388306e+00
2.260000000000000000e+02,2.260000000000001730e-01,4.748079357357833707e+00,9.759679520794069252e-02,-3.779392393043438242e-02,7.464600478904667713e-02,-7.661146492885073656e-02,5.069583683972039845e-02,-1.102003217674791813e-01,6.796940743923187256e+00
2.270000000000000000e+02,2.270000000000001739e-01,4.748046705081677032e+00,9.760620882744530658e-02,-3.783893213144915585e-02,7.429806133131441892e-02,-7.664038406181794549e-02,5.069092659548397883e-02,-1.167677594348788261e-01,6.805441796779632568e+00
2.280000000000000000e+02,2.280000000000001747e-01,4.748013744730380736e+00,9.761550774143336329e-02,-3.788216160506414909e-02,7.393989418507759814e-02,-7.666301218032089970e-02,5.068594751237430474e-02,-1.060240631923079491e-01,6.785595834255218506e+00
2.290000000000000000e+02,2.290000000000001756e-01,4.747980474300287135e+00,9.762471420155056923e-02,-3.792370459617362688e-02,7.357151208711086576e-02,-7.667969455539402901e-02,5.068085304950663283e-02,-1.062737749889492989e-01,6.756036221981048584e+00
2.300000000000000000e+02,2.300000000000001765e-01,4.747946906320943405e+00,9.763385086404999247e-02,-3.796358386818243780e-02,7.319266447648456464e-02,-7.669040122038817131e-02,5.067533848528403551e-02,-1.035942528396844864e-01,6.749011218547821045e+00
2.310000000000000000e+02,2.310000000000001774e-01,4.747913039713412608e+00,9.764291176366678149e-02,-3.800182615084038429e-02,7.280386573165706365e-02,-7.669509519809736275e-02,5.066963516117102551e-02,-9.967086045071482658e-02,6.749946653842926025e+00
2.320000000000000000e+02,2.320000000000001783e-01,4.747878876074016929e+00,9.765181046076711058e-02,-3.803834637258345780e-02,7.240652305547001788e-02,-7.669345628377399748e-02,5.066402571313886188e-02,-9.715098980814218521e-02,6.762700259685516357e+00
2.330000000000000000e+02,2.330000000000001792e-01,4.747844416788187694e+00,9.766056329975185413e-02,-3.807309859359031545e-02,7.199943511698707332e-02,-7.668533714465919360e-02,5.065846499521164947e-02,-1.028760783374309540e-01,6.827991932630538940e+00
2.340000000000000000e+02,2.340000000000001801e-01,4.747809664219837522e+00,9.766918987052039536e-02,-3.810608166915809003e-02,7.158180920704285133e-02,-7.667077241612019201e-02,5.065247733254196055e-02,-1.043665874749422073e-01,6.813406616449356079e+00
2.350000000000000000e+02,2.350000000000001810e-01,4.747774621338575862e+00,9.767774112453228574e-02,-3.813735313908644259e-02,7.115386204731480313e-02,-7.665024808702347592e-02,5.064583383562887980e-02,-1.000116597861051559e-01,6.832969456911087036e+00
2.360000000000000000e+02,2.360000000000001819e-01,4.747739281698984293e+00,9.768615976964739600e-02,-3.816686515090868953e-02,7.071819761389515346e-02,-7.662351407236078771e-02,5.063828866568492043e-02,-9.688667533919215202e-02,6.811629444360733032e+00
2.370000000000000000e+02,2.370000000000001827e-01,4.747703654018410546e+00,9.769431735902858738e-02,-3.819456377215164899e-02,7.027720674144347091e-02,-7.659051413441764211e-02,5.063056059939398390e-02,-9.851698158308863640e-02,6.824408948421478271e+00
2.380000000000000000e+02,2.380000000000001836e-01,4.747667745754191593e+00,9.770219568289609247e-02,-3.822050509226024989e-02,6.983149008273406566e-02,-7.655135597931139735e-02,5.062302722174615022e-02,-1.010068329051136971e-01,6.856383830308914185e+00
2.390000000000000000e+02,2.390000000000001845e-01,4.747631558184120415e+00,9.770983469470771732e-02,-3.824470527267673226e-02,6.937963649355721740e-02,-7.650614717468373627e-02,5.061563434343473861e-02,-1.094829672947525978e-01,6.917740762233734131e+00
2.400000000000000000e+02,2.400000000000001854e-01,4.747595088799629437e+00,9.771725141716094964e-02,-3.826713969091177087e-02,6.892251791197213928e-02,-7.645493954580007134e-02,5.060807944684778126e-02,-1.053769220598042011e-01,6.930314600467681885e+00
2.410000000000000000e+02,2.410000000000001863e-01,4.747558337243771298e+00,9.772446605414765453e-02,-3.828789423394953623e-02,6.846105990146875153e-02,-7.639830685768234098e-02,5.060022273472184612e-02,-1.038145981729030609e-01,6.889789491891860962e+00
2.420000000000000000e+02,2.420000000000001872e-01,4.747521314513462265e+00,9.773149436135628032e-02,-3.830702385397023735e-02,6.799344373213349335e-02,-7.633649645419660068e-02,5.059207781647002272e-02,-1.019121031276881695e-01,6.863440901041030884e+00
2.430000000000000000e+02,2.430000000000001881e-01,4.747484016981790234e+00,9.773831886583586592e-02,-3.832449830410419173e-02,6.751935093140376543e-02,-7.626921490128291126e-02,5.058365638989039542e-02,-9.449381707236170769e-02,6.861609607934951782e+00
2.440000000000000000e+02,2.440000000000001890e-01,4.747446446469878012e+00,9.774494227918723022e-02,-3.834033231822160659e-02,6.703951037959290926e-02,-7.619638683582108385e-02,5.057499831824396885e-02,-8.565600356087088585e-02,6.853701531887054443e+00
2.450000000000000000e+02,2.450000000000001898e-01,4.747408616458986153e+00,9.775138432962440782e-02,-3.835458156716519545e-02,6.655535312454867458e-02,-7.611818652811574992e-02,5.056598470285927904e-02,-7.922603143379092216e-02,6.833730846643447876e+00
2.460000000000000000e+02,2.460000000000001907e-01,4.747370533218654209e+00,9.775767220206849073e-02,-3.836719227188842285e-02,6.606683207578506467e-02,-7.603438387297845047e-02,5.055628010709241338e-02,-8.348319306969642639e-02,6.830694437026977539e+00
2.470000000000000000e+02,2.470000000000001916e-01,4.747332201409763641e+00,9.776379807457073745e-02,-3.837812831342558850e-02,6.557431172263918084e-02,-7.594477274979105630e-02,5.054600120184365997e-02,-8.578461082652211189e-02,6.868596076965332031e+00
2.480000000000000000e+02,2.480000000000001925e-01,4.747293624910769338e+00,9.776969810515477588e-02,-3.838745294394409202e-02,6.507909493864770523e-02,-7.584956354819705204e-02,5.053570190215021102e-02,-8.698204765096306801e-02,6.915784180164337158e+00
2.490000000000000000e+02,2.490000000000001934e-01,4.747254805261284183e+00,9.777536300552253090e-02,-3.839515624290718021e-02,6.458093223184754872e-02,-7.574890749675633472e-02,5.052551699260599688e-02,-8.081073034554719925e-02,7.014131247997283936e+00
2.500000000000000000e+02,2.500000000000001665e-01,4.747215746761561661e+00,9.778080830773419607e-02,-3.840125955379346950e-02,6.407943783045967623e-02,-7.564310855656009025e-02,5.051551618107963382e-02,-8.129795175045728683e-02,7.039661020040512085e+00
2.510000000000000000e+02,2.510000000000001674e-01,4.747176466970224773e+00,9.778604631629693456e-02,-3.840573357796488174e-02,6.357570728475622768e-02,-7.553251960904350248e-02,5.050546586704213192e-02,-8.287070970982313156e-02,7.009513378143310547e+00
2.520000000000000000e+02,2.520000000000001683e-01,4.747136967760215320e+00,9.779105011434717498e-02,-3.840853398078353936e-02,6.306793456900569583e-02,-7.541712650270504525e-02,5.049571536439435848e-02,-8.096179831773042679e-02,6.970210969448089600e+00
2.530000000000000000e+02,2.530000000000001692e-01,4.747097244720733578e+00,9.779580458476237748e-02,-3.840966141050572435e-02,6.255546342319485975e-02,-7.529679054855931142e-02,5.048632156234578866e-02,-7.638238603249192238e-02,6.944549709558486938e+00
2.540000000000000000e+02,2.540000000000001701e-01,4.747057299371622463e+00,9.780029972163122032e-02,-3.840912852504088648e-02,6.203643753705023745e-02,-7.517138662261624305e-02,5.047766906787225227e-02,-6.192073808051645756e-02,6.962122380733489990e+00
2.550000000000000000e+02,2.550000000000001710e-01,4.747017132522449501e+00,9.780456693052724804e-02,-3.840693791809769719e-02,6.151236761028838762e-02,-7.504078184103790683e-02,5.046920820943172348e-02,-7.358837104402482510e-02,7.019690841436386108e+00
2.560000000000000000e+02,2.560000000000001719e-01,4.746976763984290137e+00,9.780862712862541108e-02,-3.840305765889504702e-02,6.098364074638844279e-02,-7.490494921042722964e-02,5.046081678152067318e-02,-7.858079764991998672e-02,7.018251150846481323e+00
2.570000000000000000e+02,2.570000000000001728e-01,4.746936190941625000e+00,9.781248303576944858e-02,-3.839755711697259016e-02,6.044898451548834373e-02,-7.476439367977438799e-02,5.045263931028065585e-02,-7.015530695207417011e-02,7.020202308893203735e+00
2.580000000000000000e+02,2.580000000000001736e-01,4.746895412207405407e+00,9.781612722976312790e-02,-3.839049543329457054e-02,5.990768971411689764e-02,-7.461931544030520058e-02,5.044491471863365301e-02,-7.224391144700348377e-02,7.002897471189498901e+00
2.590000000000000000e+02,2.590000000000001745e-01,4.746854441901334098e+00,9.781955224945364236e-02,-3.838185652919982177e-02,5.935902044433285368e-02,-7.446966681737876570e-02,5.043774277494581654e-02,-6.986021623015403748e-02,6.966299325227737427e+00
2.600000000000000000e+02,2.600000000000001754e-01,4.746813275849347313e+00,9.782276633997717685e-02,-3.837166013903088591e-02,5.880285165793990021e-02,-7.431542312672290151e-02,5.043088748750848560e-02,-7.012669974938035011e-02,6.977989256381988525e+00
2.610000000000000000e+02,2.610000000000001763e-01,4.746771912190284937e+00,9.782576467660335229e-02,-3.835989090157947146e-02,5.823909247134797379e-02,-7.415635503098538805e-02,5.042419748658951567e-02,-7.835136214271187782e-02,7.048816531896591187e+00
2.620000000000000000e+02,2.620000000000001772e-01,4.746730353077222020e+00,9.782851504393635933e-02,-3.834654582661956718e-02,5.766909466717713012e-02,-7.399251822000074696e-02,5.041791402841892117e-02,-8.051229966804385185e-02,7.072789669036865234e+00
2.630000000000000000e+02,2.630000000000001781e-01,4.746688604473315642e+00,9.783100334017433286e-02,-3.833174354320425387e-02,5.709437599698745369e-02,-7.382463111446502246e-02,5.041192080135828424e-02,-7.567437645047903061e-02,7.077900350093841553e+00
2.640000000000000000e+02,2.640000000000001790e-01,4.746646670018767722e+00,9.783320402667319837e-02,-3.831555564451508827e-02,5.651680780036631019e-02,-7.365305257150933649e-02,5.040626086601352612e-02,-7.582199200987815857e-02,7.027892291545867920e+00
2.650000000000000000e+02,2.650000000000001799e-01,4.746604561487819396e+00,9.783508280710136173e-02,-3.829800958353130752e-02,5.593558929205750402e-02,-7.347791687112326109e-02,5.040137949702967052e-02,-7.468141871504485607e-02,6.980504363775253296e+00
2.660000000000000000e+02,2.660000000000001807e-01,4.746562273742773286e+00,9.783664795887893340e-02,-3.827908602050240222e-02,5.535158728170577053e-02,-7.329892054470676932e-02,5.039732287647579606e-02,-7.171989767812192440e-02,6.995884478092193604e+00
2.670000000000000000e+02,2.670000000000001816e-01,4.746519799645537496e+00,9.783792056969016493e-02,-3.825874229176527003e-02,5.476525072183929116e-02,-7.311568753324504399e-02,5.039383133624205507e-02,-7.046140427701175213e-02,7.000710725784301758e+00
2.680000000000000000e+02,2.680000000000001825e-01,4.746477144233195666e+00,9.783890950338434978e-02,-3.823697030415652842e-02,5.417603629354653116e-02,-7.292828633033154873e-02,5.039126038982716382e-02,-8.125171018764376640e-02,7.038186252117156982e+00
2.690000000000000000e+02,2.690000000000001834e-01,4.746434313668829397e+00,9.783967252868006059e-02,-3.821388301441259322e-02,5.358602610945141509e-02,-7.273709948781204027e-02,5.038903688866110120e-02,-8.637611893936991692e-02,7.071666717529296875e+00
2.700000000000000000e+02,2.700000000000001843e-01,4.746391293514588661e+00,9.784024819823780583e-02,-3.818946839847536107e-02,5.299569264862779433e-02,-7.254224714684487374e-02,5.038667532717987924e-02,-8.604868082329630852e-02,7.072070538997650146e+00
2.710000000000000000e+02,2.710000000000001852e-01,4.746348069725877750e+00,9.784065586822507377e-02,-3.816360589732858272e-02,5.240633513333088633e-02,-7.234347948524799676e-02,5.038389980547768043e-02,-9.271392319351434708e-02,7.057363867759704590e+00
2.720000000000000000e+02,2.720000000000001861e-01,4.746304645774015007e+00,9.784088854036472604e-02,-3.813629119367944326e-02,5.181839621666445989e-02,-7.214079042268051190e-02,5.038100193982861935e-02,-9.109944337978959084e-02,7.062172144651412964e+00
2.730000000000000000e+02,2.730000000000001870e-01,4.746261014988180094e+00,9.784095274406302833e-02,-3.810757209578732180e-02,5.123032207452011405e-02,-7.193427231447890868e-02,5.037803813469404063e-02,-8.650633506476879120e-02,7.066498994827270508e+00
2.740000000000000000e+02,2.740000000000001878e-01,4.746217178396910263e+00,9.784082736536589553e-02,-3.807740736911302548e-02,5.064148545258694706e-02,-7.172380912819487087e-02,5.037499558261099991e-02,-9.039869066327810287e-02,7.092123478651046753e+00
2.750000000000000000e+02,2.750000000000001887e-01,4.746173144514035158e+00,9.784051689313962019e-02,-3.804578291037768317e-02,5.005098297744809549e-02,-7.150936804664875801e-02,5.037185143389497771e-02,-8.811451401561498642e-02,7.158472478389739990e+00
2.760000000000000000e+02,2.760000000000001896e-01,4.746128915951762117e+00,9.783998441387918577e-02,-3.801272532267443299e-02,4.946041446418696780e-02,-7.129116082438802238e-02,5.036885510786519998e-02,-8.856992935761809349e-02,7.185300618410110474e+00
2.770000000000000000e+02,2.770000000000001905e-01,4.746084506767796363e+00,9.783923423394298713e-02,-3.797829373039014050e-02,4.887088671847582277e-02,-7.106970428572045861e-02,5.036610015358952697e-02,-9.612996969372034073e-02,7.196320533752441406e+00
2.780000000000000000e+02,2.780000000000001914e-01,4.746039921780685233e+00,9.783828653421021426e-02,-3.794250907498260272e-02,4.828202943528044078e-02,-7.084519026129099117e-02,5.036353205590562987e-02,-1.040643034502863884e-01,7.219865411520004272e+00
2.790000000000000000e+02,2.790000000000001923e-01,4.745995150053896161e+00,9.783713420284394224e-02,-3.790530708039262231e-02,4.769466722211407328e-02,-7.061745656887929989e-02,5.036131335914700857e-02,-1.049846755340695381e-01,7.193677902221679688e+00
2.800000000000000000e+02,2.800000000000001932e-01,4.745950185059069071e+00,9.783579528328703590e-02,-3.786674220545475922e-02,4.710731899691218000e-02,-7.038679739597619722e-02,5.035933353747689550e-02,-1.086346851661801338e-01,7.201648235321044922e+00
2.810000000000000000e+02,2.810000000000001941e-01,4.745905027478981353e+00,9.783424848598624990e-02,-3.782684503771469031e-02,4.652066421910638211e-02,-7.015318575787832245e-02,5.035762374446129536e-02,-1.062198742292821407e-01,7.200818866491317749e+00
2.820000000000000000e+02,2.820000000000001950e-01,4.745859675422072321e+00,9.783246740498934002e-02,-3.778560908360180381e-02,4.593322780697920577e-02,-6.991664236956318668e-02,5.035641558506034204e-02,-1.071387012489140034e-01,7.212356328964233398e+00
2.830000000000000000e+02,2.830000000000001958e-01,4.745814131487038345e+00,9.783046052884974975e-02,-3.774302818383955260e-02,4.534426560945185175e-02,-6.967714728669283097e-02,5.035573346085828877e-02,-1.046601156704127789e-01,7.183426946401596069e+00
2.840000000000000000e+02,2.840000000000001967e-01,4.745768399564179063e+00,9.782821025798757453e-02,-3.769913243505685491e-02,4.475478287955023116e-02,-6.943485662110426837e-02,5.035571906677788201e-02,-1.145099895074963570e-01,7.231503099203109741e+00
2.850000000000000000e+02,2.850000000000001976e-01,4.745722476712184168e+00,9.782576672893987524e-02,-3.765388949326974044e-02,4.416395678919437379e-02,-6.918951968007780451e-02,5.035608825321221532e-02,-1.245153490453958511e-01,7.270815134048461914e+00
2.860000000000000000e+02,2.860000000000001985e-01,4.745676355990942064e+00,9.782312102729501246e-02,-3.760730826314589298e-02,4.357148199269724603e-02,-6.894139334735926994e-02,5.035690840657696538e-02,-1.216739472001791000e-01,7.251725643873214722e+00
2.870000000000000000e+02,2.870000000000001994e-01,4.745630029423015372e+00,9.782026517126658771e-02,-3.755938287115186125e-02,4.297919082734198010e-02,-6.869064352623155401e-02,5.035833855637097262e-02,-1.202234760858118534e-01,7.217537850141525269e+00
2.880000000000000000e+02,2.880000000000002003e-01,4.745583504176927647e+00,9.781718897346758368e-02,-3.751014708187653396e-02,4.238829249298274593e-02,-6.843731136548769634e-02,5.036098785952555779e-02,-1.230862364172935486e-01,7.230207592248916626e+00
2.890000000000000000e+02,2.890000000000002012e-01,4.745536781245369262e+00,9.781389904091175591e-02,-3.745964395732542113e-02,4.179941641010970210e-02,-6.818138244029126049e-02,5.036490497598075655e-02,-1.218405237887054682e-01,7.253146886825561523e+00
2.900000000000000000e+02,2.900000000000002021e-01,4.745489857362455766e+00,9.781042562192067413e-02,-3.740788293133067571e-02,4.121226472397847285e-02,-6.792293727766662848e-02,5.036974443949708558e-02,-1.266835127025842667e-01,7.250374853610992432e+00
2.910000000000000000e+02,2.910000000000002029e-01,4.745442735004872681e+00,9.780677366589320132e-02,-3.735483371130265268e-02,4.062637159873671439e-02,-6.766198542568679919e-02,5.037555161700939949e-02,-1.208940159995108843e-01,7.255960583686828613e+00
2.920000000000000000e+02,2.920000000000002038e-01,4.745395408264441173e+00,9.780295108844770657e-02,-3.730052907377516547e-02,4.004225956393266117e-02,-6.739862686072228826e-02,5.038235945781163738e-02,-1.238526476081460714e-01,7.252201378345489502e+00
2.930000000000000000e+02,2.930000000000002047e-01,4.745347887702257239e+00,9.779894713321200805e-02,-3.724497845841540783e-02,3.945959711576559753e-02,-6.713293355665506112e-02,5.039058425380086442e-02,-1.148982320446521044e-01,7.222635835409164429e+00
2.940000000000000000e+02,2.940000000000002056e-01,4.745300169360351816e+00,9.779479643985294901e-02,-3.718819802293734517e-02,3.887810721532142938e-02,-6.686493318520869700e-02,5.039998699399800969e-02,-1.141444623935967684e-01,7.187539160251617432e+00
2.950000000000000000e+02,2.950000000000002065e-01,4.745252263940805015e+00,9.779049947472623350e-02,-3.713020353962194486e-02,3.829859349516835654e-02,-6.659451334538446510e-02,5.040990873225480173e-02,-1.094965769443660975e-01,7.182356566190719604e+00
2.960000000000000000e+02,2.960000000000002074e-01,4.745204170711996738e+00,9.778605684452648661e-02,-3.707098159696445294e-02,3.771985405908974409e-02,-6.632146352788703680e-02,5.042045431360166197e-02,-1.093378947116434574e-01,7.174658894538879395e+00
2.970000000000000000e+02,2.970000000000002083e-01,4.745155898094849611e+00,9.778143573124270516e-02,-3.701052514737104837e-02,3.714362763541911860e-02,-6.604573710936811892e-02,5.043182741951292292e-02,-1.094906434882432222e-01,7.169760107994079590e+00
2.980000000000000000e+02,2.980000000000002092e-01,4.745107444251778439e+00,9.777663783650770990e-02,-3.694883176930841701e-02,3.656993383627552691e-02,-6.576729347281706772e-02,5.044401923003128535e-02,-1.067500479985028505e-01,7.188459396362304688e+00
2.990000000000000000e+02,2.990000000000002101e-01,4.745058812468370135e+00,9.777167260492557188e-02,-3.688595109846743575e-02,3.599912703356075716e-02,-6.548627130204276448e-02,5.045697283318219262e-02,-1.109913460677489638e-01,7.214706152677536011e+00
3.000000000000000000e+02,3.000000000000002109e-01,4.745010014370981466e+00,9.776655683713494915e-02,-3.682194888239814778e-02,3.543095326924354527e-02,-6.520297049583456683e-02,5.047058070112868389e-02,-1.102866103174164891e-01,7.182639390230178833e+00
3.010000000000000000e+02,3.010000000000002118e-01,4.744961045330941651e+00,9.776132139616856842e-02,-3.675683772094943957e-02,3.486581778239176282e-02,-6.491755204839688709e-02,5.048455654148571031e-02,-1.076731774955987930e-01,7.171981096267700195e+00
3.020000000000000000e+02,3.020000000000002127e-01,4.744911897608347751e+00,9.775600980199958268e-02,-3.669055600447339999e-02,3.430318523175089618e-02,-6.462965203971537953e-02,5.049850369876685008e-02,-9.996598330326378345e-02,7.145080596208572388e+00
3.030000000000000000e+02,3.030000000000002136e-01,4.744862574816593792e+00,9.775060642151986445e-02,-3.662307536127960839e-02,3.374300774058503621e-02,-6.433911896403921027e-02,5.051233415138254440e-02,-1.012202510610222816e-01,7.196315884590148926e+00
3.040000000000000000e+02,3.040000000000002145e-01,4.744813085678745601e+00,9.774514465419902043e-02,-3.655438494628552443e-02,3.318380355304617613e-02,-6.404578798658455696e-02,5.052596180512476665e-02,-1.010990318027324975e-01,7.237028390169143677e+00
3.050000000000000000e+02,3.050000000000002154e-01,4.744763441674916038e+00,9.773961557810974254e-02,-3.648455389635425761e-02,3.262344811721501481e-02,-6.375013617387148557e-02,5.053972414133769964e-02,-9.753143289708532393e-02,7.187978237867355347e+00
3.060000000000000000e+02,3.060000000000002163e-01,4.744713654008829273e+00,9.773411113669801253e-02,-3.641374283445535098e-02,3.206153907428961614e-02,-6.345287083533368566e-02,5.055281612345417785e-02,-9.795404681790387258e-02,7.207659065723419189e+00
3.070000000000000000e+02,3.070000000000002172e-01,4.744663719785427780e+00,9.772859495843599920e-02,-3.634187390888569263e-02,3.149868244951824908e-02,-6.315350573849620730e-02,5.056537340531008090e-02,-1.037001325130404439e-01,7.240666955709457397e+00
3.080000000000000000e+02,3.080000000000002180e-01,4.744613644985760104e+00,9.772305174321979648e-02,-3.626899004186525527e-02,3.093373340909941205e-02,-6.285228013382426759e-02,5.057755598363966598e-02,-1.052943730028346181e-01,7.267960250377655029e+00
3.090000000000000000e+02,3.090000000000002189e-01,4.744563428593882470e+00,9.771750671168762115e-02,-3.619516942546558563e-02,3.036624610634322194e-02,-6.254961534900482789e-02,5.058943090655840247e-02,-1.030935108428820968e-01,7.251837134361267090e+00
3.100000000000000000e+02,3.100000000000002198e-01,4.744513079152745227e+00,9.771198005794713703e-02,-3.612052879738098660e-02,2.979568922012170232e-02,-6.224603224463787221e-02,5.060115819487170929e-02,-1.029160735197365284e-01,7.285317808389663696e+00
3.110000000000000000e+02,3.110000000000002207e-01,4.744462603027872483e+00,9.770645065585722988e-02,-3.604512090476336139e-02,2.922191574529339753e-02,-6.194163370589023110e-02,5.061291817111437941e-02,-1.107673693913966417e-01,7.324648022651672363e+00
3.120000000000000000e+02,3.120000000000002216e-01,4.744412004425827334e+00,9.770090477402104678e-02,-3.596893778882558762e-02,2.864540498542703442e-02,-6.163655037431126082e-02,5.062473549850916854e-02,-1.107999137602746487e-01,7.311511129140853882e+00
3.130000000000000000e+02,3.130000000000002225e-01,4.744361281628764360e+00,9.769533910973650370e-02,-3.589206071982972007e-02,2.806568050376878620e-02,-6.133124019051572340e-02,5.063672092782764422e-02,-1.024768624920397997e-01,7.299469858407974243e+00
3.140000000000000000e+02,3.140000000000002234e-01,4.744310433752844780e+00,9.768972794212520128e-02,-3.581447430735196225e-02,2.748183340101535699e-02,-6.102559270629659416e-02,5.064900502320000830e-02,-1.036460490431636572e-01,7.347947925329208374e+00
3.150000000000000000e+02,3.150000000000002243e-01,4.744259473373377389e+00,9.768401276215353535e-02,-3.573617945098457593e-02,2.689353537770881875e-02,-6.071955956508445773e-02,5.066186704365713278e-02,-9.902042616158723831e-02,7.308472335338592529e+00
3.160000000000000000e+02,3.160000000000002252e-01,4.744208413294009219e+00,9.767813050308278566e-02,-3.565731470502148115e-02,2.630063891248528296e-02,-6.041383334684313766e-02,5.067556564124192642e-02,-9.581453911960124969e-02,7.335447460412979126e+00
3.170000000000000000e+02,3.170000000000002260e-01,4.744157256710543891e+00,9.767206324290776676e-02,-3.557789009563680493e-02,2.570489671562041847e-02,-6.010826612470765440e-02,5.069029842831172805e-02,-9.635069011710584164e-02,7.320467412471771240e+00
3.180000000000000000e+02,3.180000000000002269e-01,4.744106001599771361e+00,9.766592413747413048e-02,-3.549786024606759599e-02,2.510756117082472635e-02,-5.980282873793107967e-02,5.070545498396453188e-02,-9.348508575931191444e-02,7.262736201286315918e+00
3.190000000000000000e+02,3.190000000000002278e-01,4.744054645948431848e+00,9.765977926068782067e-02,-3.541724833625500141e-02,2.450774342483592882e-02,-5.949752405747443795e-02,5.072080071605375440e-02,-1.038753988686949015e-01,7.325234770774841309e+00
3.200000000000000000e+02,3.200000000000002287e-01,4.744003192900120069e+00,9.765360587527648073e-02,-3.533607216448982069e-02,2.390588296005915353e-02,-5.919213901182884818e-02,5.073654801098625294e-02,-1.006524800322949886e-01,7.282948732376098633e+00
3.210000000000000000e+02,3.210000000000002296e-01,4.743951638310990759e+00,9.764737451938100554e-02,-3.525437797930004724e-02,2.330194400302803420e-02,-5.888712485567104693e-02,5.075297203664019124e-02,-1.067010203842073679e-01,7.260880917310714722e+00
3.220000000000000000e+02,3.220000000000002305e-01,4.743899989731713340e+00,9.764102167467261784e-02,-3.517223397258392725e-02,2.269773625708763204e-02,-5.858250767482076071e-02,5.077026593966225271e-02,-9.360373741947114468e-02,7.244395434856414795e+00
3.230000000000000000e+02,3.230000000000002314e-01,4.743848240636703295e+00,9.763455081448546569e-02,-3.508974028867700018e-02,2.209129054163917749e-02,-5.827851723875787648e-02,5.078836123385313539e-02,-9.043110813945531845e-02,7.275452435016632080e+00
3.240000000000000000e+02,3.240000000000002323e-01,4.743796406542950983e+00,9.762799704392371991e-02,-3.500685769373276107e-02,2.148270836943997480e-02,-5.797494100865452360e-02,5.080709406074409434e-02,-8.638882962986826897e-02,7.262230336666107178e+00
3.250000000000000000e+02,3.250000000000002331e-01,4.743744492093456167e+00,9.762135129237867193e-02,-3.492355322406523466e-02,2.087120506071134945e-02,-5.767182208489463058e-02,5.082667221425996723e-02,-8.820989890955388546e-02,7.260724663734436035e+00
3.260000000000000000e+02,3.260000000000002340e-01,4.743692503303215346e+00,9.761471090205595114e-02,-3.483992549085002111e-02,2.025488643507445535e-02,-5.736942452989013397e-02,5.084676761226505221e-02,-8.386058453470468521e-02,7.268073558807373047e+00
3.270000000000000000e+02,3.270000000000002349e-01,4.743640435798526234e+00,9.760811279989226041e-02,-3.475599017096215465e-02,1.963232244941203949e-02,-5.706779778773052314e-02,5.086742505144810356e-02,-8.978350088000297546e-02,7.250916838645935059e+00
3.280000000000000000e+02,3.280000000000002358e-01,4.743588296499813062e+00,9.760152874623242991e-02,-3.467174165471351155e-02,1.900286800837931028e-02,-5.676695300291445534e-02,5.088843464794463173e-02,-1.019324869848787785e-01,7.294763952493667603e+00
3.290000000000000000e+02,3.290000000000002367e-01,4.743536079755402035e+00,9.759488975402860755e-02,-3.458719861446277188e-02,1.836687756412463263e-02,-5.646687386064774827e-02,5.091017186825686630e-02,-9.885731339454650879e-02,7.275617539882659912e+00
3.300000000000000000e+02,3.300000000000002376e-01,4.743483775819517412e+00,9.758814616471393755e-02,-3.450239123445966727e-02,1.772525271070066535e-02,-5.616787018885616156e-02,5.093299153442552851e-02,-9.676944138482213020e-02,7.245067685842514038e+00
3.310000000000000000e+02,3.310000000000002385e-01,4.743431383761940623e+00,9.758136173725449891e-02,-3.441727657395322881e-02,1.707645719475951729e-02,-5.586970778433175688e-02,5.095673197418006117e-02,-9.481520019471645355e-02,7.235322654247283936e+00
3.320000000000000000e+02,3.320000000000002394e-01,4.743378902330646518e+00,9.757452331809765567e-02,-3.433178247700831298e-02,1.642122579934043175e-02,-5.557200044462029531e-02,5.098142937151176751e-02,-9.429332381114363670e-02,7.221412807703018188e+00
3.330000000000000000e+02,3.330000000000002403e-01,4.743326336088062867e+00,9.756760894795728223e-02,-3.424592827397280465e-02,1.576076675877959715e-02,-5.527476804886455319e-02,5.100734908913023141e-02,-9.295622864738106728e-02,7.214057296514511108e+00
3.340000000000000000e+02,3.340000000000002411e-01,4.743273680442978701e+00,9.756063450646718094e-02,-3.415969312781568651e-02,1.509537162491209061e-02,-5.497787635139994578e-02,5.103436717306474024e-02,-8.993710903450846672e-02,7.188657701015472412e+00
3.350000000000000000e+02,3.350000000000002420e-01,4.743220931970036247e+00,9.755360133436748182e-02,-3.407303591787380626e-02,1.442612841727042641e-02,-5.468114821396641290e-02,5.106198466585067097e-02,-9.963810304179787636e-02,7.178780049085617065e+00
3.360000000000000000e+02,3.360000000000002429e-01,4.743168094169456950e+00,9.754650754239543864e-02,-3.398595346581543414e-02,1.375230663018584681e-02,-5.438445616794340687e-02,5.109047851687765346e-02,-9.121618885546922684e-02,7.164678454399108887e+00
3.370000000000000000e+02,3.370000000000002438e-01,4.743115151240709260e+00,9.753938515126045483e-02,-3.389844402579487992e-02,1.307427803659586690e-02,-5.408774240607949757e-02,5.111940977365012767e-02,-9.659152710810303688e-02,7.174064427614212036e+00
3.380000000000000000e+02,3.380000000000002447e-01,4.743062111939041259e+00,9.753228989940153359e-02,-3.381052595502544167e-02,1.239017921057425711e-02,-5.379100170361694744e-02,5.114851372425244236e-02,-9.789941553026437759e-02,7.161318838596343994e+00
3.390000000000000000e+02,3.390000000000002456e-01,4.743008970442611272e+00,9.752517995286727470e-02,-3.372216057623131369e-02,1.169999683305210023e-02,-5.349415054047512719e-02,5.117797999100075212e-02,-9.507252508774399757e-02,7.160439729690551758e+00
3.400000000000000000e+02,3.400000000000002465e-01,4.742955725696867297e+00,9.751800357773049432e-02,-3.363331885993602055e-02,1.100323780413240207e-02,-5.319703557164290331e-02,5.120821764550935462e-02,-9.722795244306325912e-02,7.156425386667251587e+00
3.410000000000000000e+02,3.410000000000002474e-01,4.742902377461196473e+00,9.751078197644305612e-02,-3.354398338241032507e-02,1.029865181468247320e-02,-5.289959626753582000e-02,5.123906023674439786e-02,-1.023020911961793900e-01,7.141047328710556030e+00
3.420000000000000000e+02,3.420000000000002482e-01,4.742848921602615064e+00,9.750355616537290104e-02,-3.345414242398190435e-02,9.584744871090674495e-03,-5.260177577540869898e-02,5.127050841105534884e-02,-1.009856411255896091e-01,7.147563546895980835e+00
3.430000000000000000e+02,3.430000000000002491e-01,4.742795349784496572e+00,9.749637835655733387e-02,-3.336382371388187107e-02,8.861744236349104742e-03,-5.230359406976159420e-02,5.130254146172918972e-02,-1.050436077639460564e-01,7.192426562309265137e+00
3.440000000000000000e+02,3.440000000000002500e-01,4.742741661562191346e+00,9.748928073313796461e-02,-3.327303056355809807e-02,8.131258987913385361e-03,-5.200508680945437057e-02,5.133433248436428814e-02,-1.035657376050949097e-01,7.209672152996063232e+00
3.450000000000000000e+02,3.450000000000002509e-01,4.742687855611989356e+00,9.748220051484289550e-02,-3.318173857586041720e-02,7.393698345773639519e-03,-5.170638611420108610e-02,5.136604375256718924e-02,-1.009315140545368195e-01,7.264089137315750122e+00
3.460000000000000000e+02,3.460000000000002518e-01,4.742633937085207307e+00,9.747515270440090807e-02,-3.309001490525705080e-02,6.649876076891759330e-03,-5.140779580246968017e-02,5.139741865659606945e-02,-9.608167037367820740e-02,7.253386050462722778e+00
3.470000000000000000e+02,3.470000000000002527e-01,4.742579908835699243e+00,9.746815724520434265e-02,-3.299785335258495489e-02,5.903987510301980657e-03,-5.110955365500924330e-02,5.142842366950243355e-02,-9.627152420580387115e-02,7.217206954956054688e+00
3.480000000000000000e+02,3.480000000000002536e-01,4.742525769024434013e+00,9.746125548147216433e-02,-3.290520063733184258e-02,5.157996810657181769e-03,-5.081142984464759316e-02,5.145817233566914173e-02,-9.380137454718351364e-02,7.197568893432617188e+00
3.490000000000000000e+02,3.490000000000002545e-01,4.742471520614888192e+00,9.745440985034324599e-02,-3.281213174917686076e-02,4.412964593792700896e-03,-5.051350356199080238e-02,5.148676673695768563e-02,-9.248716942965984344e-02,7.254581838846206665e+00
3.500000000000000000e+02,3.500000000000002554e-01,4.742417171756391880e+00,9.744753085569768380e-02,-3.271862095837081708e-02,3.669363750758668913e-03,-5.021559955074117454e-02,5.151486488106581108e-02,-8.855705894529819489e-02,7.277617692947387695e+00
3.510000000000000000e+02,3.510000000000002562e-01,4.742362729557192402e+00,9.744065495055297121e-02,-3.262471721201520847e-02,2.928319885247304688e-03,-4.991815025014845197e-02,5.154232997269111993e-02,-8.089723624289035797e-02,7.251603633165359497e+00
3.520000000000000000e+02,3.520000000000002571e-01,4.742308204623100210e+00,9.743378114819194191e-02,-3.253048548519422295e-02,2.189513547582667280e-03,-4.962148134719535086e-02,5.156904595448413842e-02,-6.981756351888179779e-02,7.282159388065338135e+00
3.530000000000000000e+02,3.530000000000002580e-01,4.742253604888936103e+00,9.742687770831315319e-02,-3.243587405552887659e-02,1.452141860799345541e-03,-4.932530084925335068e-02,5.159486302100682598e-02,-7.092683762311935425e-02,7.288777917623519897e+00
3.540000000000000000e+02,3.540000000000002589e-01,4.742198956019263001e+00,9.741990939558949070e-02,-3.234104087710775594e-02,7.159336702315596823e-04,-4.903027911516244508e-02,5.161986734450365460e-02,-5.566221475601196289e-02,7.311823606491088867e+00
3.550000000000000000e+02,3.550000000000002598e-01,4.742144263877994703e+00,9.741282286572569560e-02,-3.224601232403587203e-02,-2.005878537909497328e-05,-4.873653778555242511e-02,5.164495439697974755e-02,-5.830125138163566589e-02,7.391864985227584839e+00
3.560000000000000000e+02,3.560000000000002607e-01,4.742089553114166023e+00,9.740562549946338300e-02,-3.215084198766179208e-02,-7.563556557125365731e-04,-4.844436480367586562e-02,5.167012765313834521e-02,-5.069976858794689178e-02,7.361135601997375488e+00
3.570000000000000000e+02,3.570000000000002616e-01,4.742034823974965896e+00,9.739837425537008209e-02,-3.205563788757282567e-02,-1.491534959971729801e-03,-4.815449610308042416e-02,5.169520291516778443e-02,-6.130830571055412292e-02,7.365889966487884521e+00
3.580000000000000000e+02,3.580000000000002625e-01,4.741980082670529839e+00,9.739099862537542451e-02,-3.196030595738024588e-02,-2.226003650024826336e-03,-4.786647554579825936e-02,5.172059106944262852e-02,-5.519080348312854767e-02,7.410891562700271606e+00
3.590000000000000000e+02,3.590000000000002633e-01,4.741925317102078097e+00,9.738345714931548325e-02,-3.186486364881148392e-02,-2.960763020842114429e-03,-4.758038348604132217e-02,5.174665645028571348e-02,-4.805565252900123596e-02,7.378063976764678955e+00
3.600000000000000000e+02,3.600000000000002642e-01,4.741870535815893462e+00,9.737576278738108160e-02,-3.176930084451047576e-02,-3.695323891495457674e-03,-4.729639790110118369e-02,5.177338308827651725e-02,-4.097247682511806488e-02,7.383376181125640869e+00
3.610000000000000000e+02,3.610000000000002651e-01,4.741815744037920055e+00,9.736792382892502096e-02,-3.167362719226744089e-02,-4.430215225540157231e-03,-4.701439443493127257e-02,5.180089748844480396e-02,-4.804539866745471954e-02,7.415364712476730347e+00
3.620000000000000000e+02,3.620000000000002660e-01,4.741760954010723950e+00,9.735994288507733574e-02,-3.157790603959512860e-02,-5.165285380826712541e-03,-4.673460835158294024e-02,5.182881086152930916e-02,-3.025751560926437378e-02,7.359918832778930664e+00
3.630000000000000000e+02,3.630000000000002669e-01,4.741706156593651578e+00,9.735181900818352940e-02,-3.148212219361819220e-02,-5.899698332093947922e-03,-4.645714054190741571e-02,5.185691815369862512e-02,-2.755454368889331818e-02,7.381350815296173096e+00
3.640000000000000000e+02,3.640000000000002678e-01,4.741651371535074766e+00,9.734357429026031794e-02,-3.138631615662453717e-02,-6.632341683971587631e-03,-4.618186178435657041e-02,5.188519586424823055e-02,-3.395136632025241852e-02,7.385666429996490479e+00
3.650000000000000000e+02,3.650000000000002687e-01,4.741596609937460016e+00,9.733519257216841081e-02,-3.129064186021545541e-02,-7.360775356075353187e-03,-4.590937916740611691e-02,5.191386800291439285e-02,-3.226535208523273468e-02,7.354791402816772461e+00
3.660000000000000000e+02,3.660000000000002696e-01,4.741541859879546905e+00,9.732667485629534210e-02,-3.119509265723991245e-02,-8.085721763353499042e-03,-4.563968869990064903e-02,5.194302564155996171e-02,-3.265582956373691559e-02,7.346377909183502197e+00
3.670000000000000000e+02,3.670000000000002705e-01,4.741487116954685277e+00,9.731806114242980144e-02,-3.109964774883665697e-02,-8.807295994948581563e-03,-4.537257612209244506e-02,5.197226880372188274e-02,-3.508770093321800232e-02,7.337164938449859619e+00
3.680000000000000000e+02,3.680000000000002713e-01,4.741432374884030132e+00,9.730939277264827325e-02,-3.100425373142558574e-02,-9.527208711871994196e-03,-4.510782516299016720e-02,5.200143947788226501e-02,-3.551983088254928589e-02,7.331556886434555054e+00
3.690000000000000000e+02,3.690000000000002722e-01,4.741377627308003717e+00,9.730068118851001313e-02,-3.090890362349628384e-02,-1.024607035890751083e-02,-4.484537147754408259e-02,5.203016692665582421e-02,-3.460989892482757568e-02,7.303168088197708130e+00
3.700000000000000000e+02,3.700000000000002731e-01,4.741322873804340254e+00,9.729191406298139111e-02,-3.081363341478965748e-02,-1.096456069824985891e-02,-4.458530641652558302e-02,5.205855687074686933e-02,-3.193789720535278320e-02,7.281962215900421143e+00
3.710000000000000000e+02,3.710000000000002740e-01,4.741268115444351672e+00,9.728305052006143427e-02,-3.071851922612399075e-02,-1.168190094360989362e-02,-4.432774550116813650e-02,5.208666206627100836e-02,-4.278562963008880615e-02,7.305210947990417480e+00
3.720000000000000000e+02,3.720000000000002749e-01,4.741213353647942164e+00,9.727409287151074502e-02,-3.062353829226833329e-02,-1.239768217363010003e-02,-4.407251391173305777e-02,5.211436827899687541e-02,-3.704740665853023529e-02,7.257656633853912354e+00
3.730000000000000000e+02,3.730000000000002758e-01,4.741158574067044107e+00,9.726502557228856871e-02,-3.052863730253347826e-02,-1.311369003434827499e-02,-4.381954352794337204e-02,5.214198040477725782e-02,-4.517054557800292969e-02,7.245976895093917847e+00
3.740000000000000000e+02,3.740000000000002767e-01,4.741103785128344406e+00,9.725582899636675549e-02,-3.043391526265247851e-02,-1.382847755976923318e-02,-4.356893562677699450e-02,5.216948699161198799e-02,-4.933286830782890320e-02,7.264283478260040283e+00
3.750000000000000000e+02,3.750000000000002776e-01,4.741048973319031745e+00,9.724654664134345372e-02,-3.033938166654450916e-02,-1.454217935708307721e-02,-4.332066382963617457e-02,5.219695327370921234e-02,-5.376868695020675659e-02,7.272973328828811646e+00
3.760000000000000000e+02,3.760000000000002784e-01,4.740994133965687141e+00,9.723720305827625310e-02,-3.024509320943964338e-02,-1.525410103786341634e-02,-4.307500568028777010e-02,5.222392292087411902e-02,-4.872689768671989441e-02,7.281956166028976440e+00
3.770000000000000000e+02,3.770000000000002793e-01,4.740939259737046108e+00,9.722774102681923380e-02,-3.015097750399330090e-02,-1.596373126014873772e-02,-4.283176031212754253e-02,5.225061604088732797e-02,-5.792890489101409912e-02,7.293401598930358887e+00
3.780000000000000000e+02,3.780000000000002802e-01,4.740884356295286928e+00,9.721816654541474978e-02,-3.005702957569644090e-02,-1.667094800558962392e-02,-4.259094960361808901e-02,5.227715313602469133e-02,-5.252066813409328461e-02,7.286016285419464111e+00
3.790000000000000000e+02,3.790000000000002811e-01,4.740829409849189879e+00,9.720850495304676764e-02,-2.996323224441468230e-02,-1.737487364076676158e-02,-4.235257292789929018e-02,5.230329379350544261e-02,-4.598619975149631500e-02,7.292728900909423828e+00
3.800000000000000000e+02,3.800000000000002820e-01,4.740774425816840498e+00,9.719876987810117941e-02,-2.986956911732063791e-02,-1.807523111243462127e-02,-4.211654170977552347e-02,5.232892560389961617e-02,-4.950828850269317627e-02,7.278747171163558960e+00
3.810000000000000000e+02,3.810000000000002829e-01,4.740719407424504261e+00,9.718900115094093739e-02,-2.977598612563994718e-02,-1.877130173781076800e-02,-4.188272190617570168e-02,5.235304721298519176e-02,-4.911956749856472015e-02,7.274783462285995483e+00
3.820000000000000000e+02,3.820000000000002838e-01,4.740664349674845290e+00,9.717918708433861963e-02,-2.968246138630615052e-02,-1.946452125834742530e-02,-4.165097020117936033e-02,5.237616929023250489e-02,-5.197636969387531281e-02,7.282551199197769165e+00
3.830000000000000000e+02,3.830000000000002847e-01,4.740609251607568631e+00,9.716934756879111457e-02,-2.958895128044785813e-02,-2.015607108414175716e-02,-4.142112326388369681e-02,5.239842884665454892e-02,-4.370336793363094330e-02,7.290244787931442261e+00
3.840000000000000000e+02,3.840000000000002855e-01,4.740554107293283970e+00,9.715948065763686803e-02,-2.949543302749346035e-02,-2.084570220046310859e-02,-4.119314224569770033e-02,5.241977580798354297e-02,-4.277145490050315857e-02,7.276930660009384155e+00
3.850000000000000000e+02,3.850000000000002864e-01,4.740498934127957753e+00,9.714951886481568155e-02,-2.940194876694732923e-02,-2.153195006752337687e-02,-4.096719521192593305e-02,5.244076959147098843e-02,-4.387139342725276947e-02,7.274537622928619385e+00
3.860000000000000000e+02,3.860000000000002873e-01,4.740443733668884718e+00,9.713942825432692052e-02,-2.930850767201801169e-02,-2.221424812316890457e-02,-4.074324844127352740e-02,5.246149456473461065e-02,-4.137688316404819489e-02,7.274681150913238525e+00
3.870000000000000000e+02,3.870000000000002882e-01,4.740388499492118157e+00,9.712924879313955540e-02,-2.921506046757375852e-02,-2.289247669686536937e-02,-4.052113032806081705e-02,5.248166032547735282e-02,-3.516430221498012543e-02,7.267636537551879883e+00
3.880000000000000000e+02,3.880000000000002891e-01,4.740333234748876023e+00,9.711901427993818725e-02,-2.912159243721245544e-02,-2.356776718439116541e-02,-4.030079344046066936e-02,5.250130447332899269e-02,-3.036856837570667267e-02,7.287557989358901978e+00
3.890000000000000000e+02,3.890000000000002900e-01,4.740277951942031720e+00,9.710869296076088397e-02,-2.902810733933219173e-02,-2.424085780275431201e-02,-4.008220496711989433e-02,5.252121065437129199e-02,-3.085011430084705353e-02,7.269099771976470947e+00
3.900000000000000000e+02,3.900000000000002909e-01,4.740222655769322557e+00,9.709833916209886784e-02,-2.893464761526243212e-02,-2.490932540248740751e-02,-3.986559924838428692e-02,5.254097672284147730e-02,-3.120116144418716431e-02,7.249143868684768677e+00
3.910000000000000000e+02,3.910000000000002918e-01,4.740167338696432253e+00,9.708807787285199387e-02,-2.884119724972437904e-02,-2.557535374674046319e-02,-3.965084854616907073e-02,5.255984938191447103e-02,-2.862947434186935425e-02,7.237347066402435303e+00
3.920000000000000000e+02,3.920000000000002927e-01,4.740112003767229965e+00,9.707785828477152879e-02,-2.874778181804312285e-02,-2.623835489896161888e-02,-3.943794114388654570e-02,5.257814371968091982e-02,-2.568834275007247925e-02,7.225985378026962280e+00
3.930000000000000000e+02,3.930000000000002935e-01,4.740056651556555423e+00,9.706777267375768514e-02,-2.865437686647602511e-02,-2.690068066864347712e-02,-3.922675923502372264e-02,5.259514758820347385e-02,-2.435101009905338287e-02,7.230680435895919800e+00
3.940000000000000000e+02,3.940000000000002944e-01,4.740001292990647208e+00,9.705773483099865151e-02,-2.856102179911760436e-02,-2.756387257731537921e-02,-3.901737127039250908e-02,5.261163554131199904e-02,-1.391221582889556885e-02,7.214041024446487427e+00
3.950000000000000000e+02,3.950000000000002953e-01,4.739945927866965114e+00,9.704772495838150104e-02,-2.846768412201093959e-02,-2.822836281182789994e-02,-3.880968210855595402e-02,5.262793956642221327e-02,-1.363532617688179016e-02,7.191988021135330200e+00
3.960000000000000000e+02,3.960000000000002962e-01,4.739890572247566602e+00,9.703770128359306968e-02,-2.837438659101936336e-02,-2.889467216149799178e-02,-3.860369093251958539e-02,5.264407621840233586e-02,-1.141080819070339203e-02,7.192504584789276123e+00
3.970000000000000000e+02,3.970000000000002971e-01,4.739835228315766535e+00,9.702767970993768365e-02,-2.828122149588266007e-02,-2.956358349370091093e-02,-3.839959933022218941e-02,5.266004224588045207e-02,-1.888730376958847046e-02,7.174129784107208252e+00
3.980000000000000000e+02,3.980000000000002980e-01,4.739779899223168336e+00,9.701766786944369947e-02,-2.818816392382541766e-02,-3.023481123328996059e-02,-3.819732739763237461e-02,5.267589549581384867e-02,-1.578256115317344666e-02,7.183673113584518433e+00
3.990000000000000000e+02,3.990000000000002989e-01,4.739724573933929541e+00,9.700767002119280169e-02,-2.809519561174425584e-02,-3.090972048159255220e-02,-3.799672667899001155e-02,5.269181349224042604e-02,-2.031294442713260651e-02,7.193540155887603760e+00
4.000000000000000000e+02,4.000000000000002998e-01,4.739669255431899764e+00,9.699769474265862446e-02,-2.800229073180558401e-02,-3.158750716750249876e-02,-3.779775903870619125e-02,5.270764958718233972e-02,-1.973943971097469330e-02,7.220832735300064087e+00
4.010000000000000000e+02,4.010000000000003006e-01,4.739613937804393551e+00,9.698773189587722721e-02,-2.790939104328742787e-02,-3.226807136361087985e-02,-3.760027877103899741e-02,5.272353645690391194e-02,-1.349768228828907013e-02,7.220481663942337036e+00
4.020000000000000000e+02,4.020000000000003015e-01,4.739558621460629340e+00,9.697777144115529713e-02,-2.781644786018576399e-02,-3.295306741558243213e-02,-3.740425616952580690e-02,5.273944815797516894e-02,-2.054665051400661469e-02,7.233515948057174683e+00
4.030000000000000000e+02,4.030000000000003024e-01,4.739503314162457848e+00,9.696780117125110288e-02,-2.772347770509286588e-02,-3.364266772144658413e-02,-3.720973661851556535e-02,5.275553332130475392e-02,-1.801342330873012543e-02,7.200989067554473877e+00
4.040000000000000000e+02,4.040000000000003033e-01,4.739448008193053674e+00,9.695778603760502046e-02,-2.763047732694834738e-02,-3.433591163725184525e-02,-3.701675963040229611e-02,5.277221023920508625e-02,-2.556146681308746338e-02,7.241976112127304077e+00
4.050000000000000000e+02,4.050000000000003042e-01,4.739392705573281184e+00,9.694774033643464850e-02,-2.753746146435054332e-02,-3.503167529807577063e-02,-3.682522780647468075e-02,5.278920247838553292e-02,-2.703976817429065704e-02,7.234112590551376343e+00
4.060000000000000000e+02,4.060000000000003051e-01,4.739337397067668434e+00,9.693765412568486339e-02,-2.744440593589879407e-02,-3.572972146159179851e-02,-3.663524849199495392e-02,5.280668904816515630e-02,-2.508750371634960175e-02,7.229191631078720093e+00
4.070000000000000000e+02,4.070000000000003060e-01,4.739282077704698892e+00,9.692757503047172429e-02,-2.735130451957841838e-02,-3.642979956235701394e-02,-3.644677139562402246e-02,5.282431574390181878e-02,-2.451480552554130554e-02,7.208537876605987549e+00
4.080000000000000000e+02,4.080000000000003069e-01,4.739226752359402717e+00,9.691746240342465069e-02,-2.725817250228561306e-02,-3.713330449435640196e-02,-3.625981023928659397e-02,5.284260542675290467e-02,-1.321967132389545441e-02,7.186466962099075317e+00
4.090000000000000000e+02,4.090000000000003078e-01,4.739171424824976775e+00,9.690729699349931447e-02,-2.716502198017153522e-02,-3.783939026524472254e-02,-3.607430306074865811e-02,5.286186628658610248e-02,-1.033256575465202332e-02,7.179414004087448120e+00
4.100000000000000000e+02,4.100000000000003086e-01,4.739116109950655797e+00,9.689709722878976639e-02,-2.707187494415010803e-02,-3.854788498173562783e-02,-3.589023109135847101e-02,5.288168873468739040e-02,-8.611066266894340515e-03,7.227161109447479248e+00
4.110000000000000000e+02,4.110000000000003095e-01,4.739060810637026222e+00,9.688686782709987622e-02,-2.697876156740586576e-02,-3.925859822116738868e-02,-3.570766098900235441e-02,5.290194909599623546e-02,-1.160234212875366211e-02,7.239155501127243042e+00
4.120000000000000000e+02,4.120000000000003104e-01,4.739005533368411349e+00,9.687655577755897862e-02,-2.688567185889950001e-02,-3.996978757087863571e-02,-3.552677745449961400e-02,5.292292047035899311e-02,-1.302614621818065643e-02,7.268221944570541382e+00
4.130000000000000000e+02,4.130000000000003113e-01,4.738950273220900122e+00,9.686620326328976294e-02,-2.679267782129012357e-02,-4.068203544285069195e-02,-3.534786632016451158e-02,5.294460248005733449e-02,-2.008320391178131104e-02,7.279860615730285645e+00
4.140000000000000000e+02,4.140000000000003122e-01,4.738895034263351569e+00,9.685575474414774566e-02,-2.669980277545974667e-02,-4.139421162672038412e-02,-3.517112795670040981e-02,5.296752853544500761e-02,-2.312049642205238342e-02,7.278933197259902954e+00
4.150000000000000000e+02,4.150000000000003131e-01,4.738839805627475421e+00,9.684522858691078928e-02,-2.660698162382197154e-02,-4.210700858943696584e-02,-3.499640404152626338e-02,5.299169035745555228e-02,-2.889380231499671936e-02,7.262525618076324463e+00
4.160000000000000000e+02,4.160000000000003140e-01,4.738784580740150076e+00,9.683466306058842454e-02,-2.651420376228380560e-02,-4.282023407682939570e-02,-3.482366166663730667e-02,5.301679456053828149e-02,-3.595954366028308868e-02,7.254828751087188721e+00
4.170000000000000000e+02,4.170000000000003149e-01,4.738729348103600358e+00,9.682407470018186690e-02,-2.642142376573642509e-02,-4.353407597220839559e-02,-3.465267162059304518e-02,5.304281679725800919e-02,-3.236004896461963654e-02,7.182404816150665283e+00
4.180000000000000000e+02,4.180000000000003157e-01,4.738674101294071406e+00,9.681339686766586572e-02,-2.632866478897976162e-02,-4.424758943363008706e-02,-3.448347345588675950e-02,5.306993911777947021e-02,-3.066685423254966736e-02,7.179628670215606689e+00
4.190000000000000000e+02,4.190000000000003166e-01,4.738618846610909152e+00,9.680265027144174805e-02,-2.623607827766036987e-02,-4.496011986227749918e-02,-3.431620846594141128e-02,5.309851854912107233e-02,-3.268234431743621826e-02,7.220680236816406250e+00
4.200000000000000000e+02,4.200000000000003175e-01,4.738563579795143532e+00,9.679194026217705082e-02,-2.614361030376953152e-02,-4.567215941761291337e-02,-3.415069604077247689e-02,5.312801120737372512e-02,-3.001324273645877838e-02,7.227111190557479858e+00
4.210000000000000000e+02,4.210000000000003184e-01,4.738508295068500686e+00,9.678130032207968303e-02,-2.605117918303842192e-02,-4.638464066963327026e-02,-3.398686529386552024e-02,5.315816349901815452e-02,-2.749013714492321014e-02,7.216767847537994385e+00
4.220000000000000000e+02,4.220000000000003193e-01,4.738452999366058016e+00,9.677064889058746566e-02,-2.595878714189119724e-02,-4.709742115874619023e-02,-3.382474884206820853e-02,5.318924171678474783e-02,-2.671140618622303009e-02,7.204109668731689453e+00
4.230000000000000000e+02,4.230000000000003202e-01,4.738397694995142295e+00,9.676003211778742841e-02,-2.586651274336355250e-02,-4.781064487835227916e-02,-3.366455976086535351e-02,5.322098500524344300e-02,-2.576569095253944397e-02,7.211546957492828369e+00
4.240000000000000000e+02,4.240000000000003211e-01,4.738342380772159856e+00,9.674951553384354697e-02,-2.577435525160428481e-02,-4.852453258492241822e-02,-3.350622113285095516e-02,5.325359459076259988e-02,-3.064354695379734039e-02,7.165077686309814453e+00
4.250000000000000000e+02,4.250000000000003220e-01,4.738287052834567525e+00,9.673921054666261010e-02,-2.568233801597492177e-02,-4.923796469520971136e-02,-3.334987172188474958e-02,5.328610336501744121e-02,-3.384360671043395996e-02,7.171045839786529541e+00
4.260000000000000000e+02,4.260000000000003229e-01,4.738231707774915868e+00,9.672912647934091279e-02,-2.559060292537670284e-02,-4.995236338752424843e-02,-3.319576577932514816e-02,5.331852578289147937e-02,-3.657603636384010315e-02,7.203162550926208496e+00
4.270000000000000000e+02,4.270000000000003237e-01,4.738176340056316604e+00,9.671923595512918470e-02,-2.549909500807955032e-02,-5.066689146331171401e-02,-3.304375464876208035e-02,5.335079265506899315e-02,-3.824044205248355865e-02,7.183067232370376587e+00
4.280000000000000000e+02,4.280000000000003246e-01,4.738120941144178921e+00,9.670961426574968545e-02,-2.540772084622236124e-02,-5.138192192005326675e-02,-3.289368308621232195e-02,5.338269186761655793e-02,-3.680489584803581238e-02,7.177525311708450317e+00
4.290000000000000000e+02,4.290000000000003255e-01,4.738065506252310044e+00,9.670034306107745670e-02,-2.531652928634003236e-02,-5.209780537313434684e-02,-3.274561507952977735e-02,5.341411265121740609e-02,-4.244320094585418701e-02,7.155741304159164429e+00
4.300000000000000000e+02,4.300000000000003264e-01,4.738010041616774082e+00,9.669136160475509667e-02,-2.522553982013204382e-02,-5.281458791109672202e-02,-3.259958428099274386e-02,5.344539095003483786e-02,-3.792662825435400009e-02,7.180557280778884888e+00
4.310000000000000000e+02,4.310000000000003273e-01,4.737954538153670292e+00,9.668268923751670296e-02,-2.513480354439173378e-02,-5.353229485298433010e-02,-3.245567274327876284e-02,5.347613718008414896e-02,-3.432114049792289734e-02,7.146422296762466431e+00
4.320000000000000000e+02,4.320000000000003282e-01,4.737899000971833807e+00,9.667432012240802230e-02,-2.504427057796104056e-02,-5.425036490673133122e-02,-3.231382298509255513e-02,5.350648842455126702e-02,-3.732025902718305588e-02,7.161332607269287109e+00
4.330000000000000000e+02,4.330000000000003291e-01,4.737843441485397378e+00,9.666613874690566099e-02,-2.495404545254879120e-02,-5.496741325279302925e-02,-3.217421468382197780e-02,5.353680743470926040e-02,-3.615540266036987305e-02,7.122748404741287231e+00
4.340000000000000000e+02,4.340000000000003300e-01,4.737787851442927689e+00,9.665816437416061002e-02,-2.486410325308624492e-02,-5.568255342963082666e-02,-3.203684191435507422e-02,5.356674967319823011e-02,-4.023579880595207214e-02,7.134881764650344849e+00
4.350000000000000000e+02,4.350000000000003308e-01,4.737732232945108812e+00,9.665038741600616434e-02,-2.477449200535479859e-02,-5.639528314195116354e-02,-3.190169127138742233e-02,5.359619538532563177e-02,-3.173137269914150238e-02,7.089252144098281860e+00
4.360000000000000000e+02,4.360000000000003317e-01,4.737676579434582536e+00,9.664278472571621870e-02,-2.468518182679276668e-02,-5.710564840044547036e-02,-3.176872539276542895e-02,5.362507403917681631e-02,-3.080420941114425659e-02,7.101157486438751221e+00
4.370000000000000000e+02,4.370000000000003326e-01,4.737620899271967723e+00,9.663534498308125331e-02,-2.459623566010004508e-02,-5.781062005281647348e-02,-3.163792388627961749e-02,5.365338412580058364e-02,-3.443218953907489777e-02,7.121564894914627075e+00
4.380000000000000000e+02,4.380000000000003335e-01,4.737565191567514766e+00,9.662808932414805596e-02,-2.450766728799455216e-02,-5.850911566677045872e-02,-3.150941836253640105e-02,5.368042513211986055e-02,-4.289843887090682983e-02,7.151902437210083008e+00
4.390000000000000000e+02,4.390000000000003344e-01,4.737509455105190170e+00,9.662101732953275179e-02,-2.441947618300720907e-02,-5.920079075227759752e-02,-3.138327832106591053e-02,5.370684278695179309e-02,-4.779516533017158508e-02,7.132862687110900879e+00
4.400000000000000000e+02,4.400000000000003353e-01,4.737453678456247985e+00,9.661413826375921110e-02,-2.433160738209783416e-02,-5.988591773961048081e-02,-3.125946461380291197e-02,5.373272990399516336e-02,-4.537399858236312866e-02,7.118738889694213867e+00
4.410000000000000000e+02,4.410000000000003362e-01,4.737397852684213539e+00,9.660747925525305091e-02,-2.424411177752301347e-02,-6.056407635407624890e-02,-3.113806732835056046e-02,5.375774824916644545e-02,-5.706682801246643066e-02,7.108519971370697021e+00
4.420000000000000000e+02,4.420000000000003371e-01,4.737341981365803534e+00,9.660103083618187814e-02,-2.415694341477605048e-02,-6.123689986951446479e-02,-3.101887290221916338e-02,5.378199756114445534e-02,-5.038253776729106903e-02,7.101853668689727783e+00
4.430000000000000000e+02,4.430000000000003380e-01,4.737286048547250772e+00,9.659477193704055220e-02,-2.407015772770888795e-02,-6.190400603051931377e-02,-3.090202350808279874e-02,5.380535486397979711e-02,-5.804768390953540802e-02,7.057454317808151245e+00
4.440000000000000000e+02,4.440000000000003388e-01,4.737230066018440766e+00,9.658866993208058138e-02,-2.398383406896776454e-02,-6.256355416632082556e-02,-3.078771860118045822e-02,5.382834605725394378e-02,-6.126936897635459900e-02,7.069610357284545898e+00
4.450000000000000000e+02,4.450000000000003397e-01,4.737174027214913430e+00,9.658271995074572958e-02,-2.389802374889352793e-02,-6.321798085388122268e-02,-3.067586886483364417e-02,5.385209336151013104e-02,-6.234524026513099670e-02,7.075835943222045898e+00
4.460000000000000000e+02,4.460000000000003406e-01,4.737117925089505022e+00,9.657696032093283922e-02,-2.381271103813932880e-02,-6.386573341991827468e-02,-3.056649443013848000e-02,5.387618315976955286e-02,-6.005241535604000092e-02,7.065777331590652466e+00
4.470000000000000000e+02,4.470000000000003415e-01,4.737061753895467575e+00,9.657143747027621683e-02,-2.372784808653390434e-02,-6.450713754808562461e-02,-3.045949363645439334e-02,5.390001147861040592e-02,-5.721547827124595642e-02,7.033893287181854248e+00
4.480000000000000000e+02,4.480000000000003424e-01,4.737005516294932939e+00,9.656618475988228145e-02,-2.364344447549642653e-02,-6.514292820605466217e-02,-3.035486082539473607e-02,5.392341535012174641e-02,-6.220039911568164825e-02,6.997398972511291504e+00
4.490000000000000000e+02,4.490000000000003433e-01,4.736949218396239836e+00,9.656117984909813601e-02,-2.355964156959735462e-02,-6.577271410474749835e-02,-3.025290111174561147e-02,5.394654253897718243e-02,-6.331422552466392517e-02,7.015925139188766479e+00
4.500000000000000000e+02,4.500000000000003442e-01,4.736892852280554678e+00,9.655642780323664409e-02,-2.347646784380118604e-02,-6.639560349067653855e-02,-3.015353625878147703e-02,5.396939668507528404e-02,-6.848587095737457275e-02,7.009359419345855713e+00
4.510000000000000000e+02,4.510000000000003451e-01,4.736836417803381494e+00,9.655189333408516206e-02,-2.339386020298400357e-02,-6.701193176475107871e-02,-3.005663997854735037e-02,5.399221916868830740e-02,-6.966546550393104553e-02,6.952949464321136475e+00
4.520000000000000000e+02,4.520000000000003459e-01,4.736779907091885455e+00,9.654763088428193474e-02,-2.331183028681994493e-02,-6.762204059952892088e-02,-2.996222772323475780e-02,5.401486975192144879e-02,-6.707667373120784760e-02,6.948227047920227051e+00
4.530000000000000000e+02,4.530000000000003468e-01,4.736723319491038531e+00,9.654362047401664204e-02,-2.323051538158529133e-02,-6.822428094498586559e-02,-2.987051517133787470e-02,5.403689731812451325e-02,-5.830964073538780212e-02,6.968721896409988403e+00
4.540000000000000000e+02,4.540000000000003477e-01,4.736666659663612222e+00,9.653977941724362077e-02,-2.314992434789479164e-02,-6.881725628132641381e-02,-2.978151121232230913e-02,5.405833906337546152e-02,-5.423091910779476166e-02,6.932823359966278076e+00
4.550000000000000000e+02,4.550000000000003486e-01,4.736609934026510871e+00,9.653612383755433290e-02,-2.306993299309505890e-02,-6.940088384122328202e-02,-2.969488333741421293e-02,5.407928763801356231e-02,-5.842469632625579834e-02,6.919321268796920776e+00
4.560000000000000000e+02,4.560000000000003495e-01,4.736553142901962943e+00,9.653268972170653273e-02,-2.299049250955749468e-02,-6.997268773795986552e-02,-2.961033241037225316e-02,5.409913085153686407e-02,-7.065104879438877106e-02,6.928141891956329346e+00
4.570000000000000000e+02,4.570000000000003504e-01,4.736496284974608173e+00,9.652946862571089304e-02,-2.291172135724982642e-02,-7.053223411220432837e-02,-2.952816762925047911e-02,5.411826351590043327e-02,-6.884801015257835388e-02,6.954600691795349121e+00
4.580000000000000000e+02,4.580000000000003513e-01,4.736439347159461910e+00,9.652638450895617561e-02,-2.283362469566172642e-02,-7.107799203370786245e-02,-2.944844198385165868e-02,5.413699992128447047e-02,-7.716658338904380798e-02,6.937850326299667358e+00
4.590000000000000000e+02,4.590000000000003522e-01,4.736382330900410054e+00,9.652343169937166456e-02,-2.275616143372612490e-02,-7.160833313473088935e-02,-2.937115943371249038e-02,5.415506745302006014e-02,-6.910279020667076111e-02,6.825684845447540283e+00
4.600000000000000000e+02,4.600000000000003531e-01,4.736325226312351866e+00,9.652060572966600360e-02,-2.267943785926889236e-02,-7.212398551673405989e-02,-2.929660821599000542e-02,5.417225050220030036e-02,-7.067839428782463074e-02,6.776349365711212158e+00
4.610000000000000000e+02,4.610000000000003539e-01,4.736268039230353111e+00,9.651795577463637144e-02,-2.260354888341925550e-02,-7.262567016306437084e-02,-2.922456818947938295e-02,5.418842973232768784e-02,-8.008594810962677002e-02,6.818589270114898682e+00
4.620000000000000000e+02,4.620000000000003548e-01,4.736210761106655731e+00,9.651552630851108205e-02,-2.252844014355402658e-02,-7.311235272603255897e-02,-2.915464379584342680e-02,5.420322790231817817e-02,-8.060259371995925903e-02,6.789843946695327759e+00
4.630000000000000000e+02,4.630000000000003557e-01,4.736153378974082173e+00,9.651330480199998840e-02,-2.245400623687680494e-02,-7.358450661698159867e-02,-2.908668577730288973e-02,5.421677589979195105e-02,-7.497887313365936279e-02,6.791800022125244141e+00
4.640000000000000000e+02,4.640000000000003566e-01,4.736095892644316407e+00,9.651131520628430938e-02,-2.238029377239533074e-02,-7.404434842220514179e-02,-2.902070701185976986e-02,5.422921828297558311e-02,-7.567630708217620850e-02,6.814214229583740234e+00
4.650000000000000000e+02,4.650000000000003575e-01,4.736038309351105369e+00,9.650957082830365075e-02,-2.230735699242945846e-02,-7.449186067105735554e-02,-2.895687670861524232e-02,5.424069157341106923e-02,-5.980241112411022186e-02,6.814926296472549438e+00
4.660000000000000000e+02,4.660000000000003584e-01,4.735980628293651407e+00,9.650804803055205994e-02,-2.223516845598716082e-02,-7.492674957070293018e-02,-2.889520467971440354e-02,5.425127821428822605e-02,-6.286310032010078430e-02,6.772703498601913452e+00
4.670000000000000000e+02,4.670000000000003593e-01,4.735922867847925488e+00,9.650676180245099101e-02,-2.216372063030044165e-02,-7.534773874907718660e-02,-2.883567737474579395e-02,5.426062699108677445e-02,-6.408327445387840271e-02,6.789281398057937622e+00
4.680000000000000000e+02,4.680000000000003602e-01,4.735865027182762255e+00,9.650567970627561831e-02,-2.209305227630309343e-02,-7.575515983645755846e-02,-2.877820668852848485e-02,5.426923237094832819e-02,-6.075796112418174744e-02,6.761780947446823120e+00
4.690000000000000000e+02,4.690000000000003610e-01,4.735807104907618914e+00,9.650479105756934461e-02,-2.202315376556985421e-02,-7.614901844988226920e-02,-2.872282642493839688e-02,5.427726395143440963e-02,-5.970819666981697083e-02,6.768762320280075073e+00
4.700000000000000000e+02,4.700000000000003619e-01,4.735749099418792518e+00,9.650419027102068170e-02,-2.195408819556141436e-02,-7.653006790896085820e-02,-2.866965779351327015e-02,5.428376162958802736e-02,-6.436669453978538513e-02,6.798979789018630981e+00
4.710000000000000000e+02,4.710000000000003628e-01,4.735691011136337281e+00,9.650387279717524691e-02,-2.188580984261706205e-02,-7.689867846946302210e-02,-2.861857839283699079e-02,5.428879166636824127e-02,-6.565349176526069641e-02,6.748842835426330566e+00
4.720000000000000000e+02,4.720000000000003637e-01,4.735632838610800199e+00,9.650376228968572667e-02,-2.181832751402643447e-02,-7.725328959584021327e-02,-2.856973207417889959e-02,5.429293390124825119e-02,-6.896941363811492920e-02,6.737951308488845825e+00
4.730000000000000000e+02,4.730000000000003646e-01,4.735574578362065523e+00,9.650389273589268790e-02,-2.175169018514712393e-02,-7.759439812239836420e-02,-2.852303335787675920e-02,5.429628251411154627e-02,-5.676835961639881134e-02,6.746413797140121460e+00
4.740000000000000000e+02,4.740000000000003655e-01,4.735516226683257557e+00,9.650428294548066277e-02,-2.168593113460759100e-02,-7.792231886760278559e-02,-2.847855717286429389e-02,5.429866746534006694e-02,-6.262968480587005615e-02,6.771583557128906250e+00
4.750000000000000000e+02,4.750000000000003664e-01,4.735457796814855236e+00,9.650500334476602715e-02,-2.162111744378132638e-02,-7.823783866053188318e-02,-2.843659184810043428e-02,5.429937797438501995e-02,-6.358562409877777100e-02,6.793158382177352905e+00
4.760000000000000000e+02,4.760000000000003673e-01,4.735399280957550694e+00,9.650603262612467148e-02,-2.155722221210551806e-02,-7.854063803578846537e-02,-2.839717417284126633e-02,5.429834794527518133e-02,-5.234064161777496338e-02,6.771767526865005493e+00
4.770000000000000000e+02,4.770000000000003681e-01,4.735340679287011412e+00,9.650730602278956294e-02,-2.149419314805179129e-02,-7.883042161635156475e-02,-2.836020002316885780e-02,5.429613278262418463e-02,-5.647544004023075104e-02,6.765826314687728882e+00
4.780000000000000000e+02,4.780000000000003690e-01,4.735282010764725769e+00,9.650878586385891467e-02,-2.143206795744114629e-02,-7.910932888585776868e-02,-2.832567360758320163e-02,5.429316988040820691e-02,-6.204534508287906647e-02,6.758800566196441650e+00
4.790000000000000000e+02,4.790000000000003699e-01,4.735223271545498491e+00,9.651045026632565360e-02,-2.137082412385206756e-02,-7.937861628337565534e-02,-2.829350031417443567e-02,5.428954920011598573e-02,-5.727098509669303894e-02,6.742428630590438843e+00
4.800000000000000000e+02,4.800000000000003708e-01,4.735164457315486075e+00,9.651225625658396701e-02,-2.131051152357778949e-02,-7.963799306474760031e-02,-2.826381893652607502e-02,5.428533450422880213e-02,-6.270568817853927612e-02,6.769937217235565186e+00
4.810000000000000000e+02,4.810000000000003717e-01,4.735105569008783100e+00,9.651425740644743734e-02,-2.125112079170725018e-02,-7.988809250845937959e-02,-2.823653420999949759e-02,5.428007509479906151e-02,-5.689997225999832153e-02,6.754443764686584473e+00
4.820000000000000000e+02,4.820000000000003726e-01,4.735046601818550194e+00,9.651644804151474077e-02,-2.119266347417686144e-02,-8.012944752280050376e-02,-2.821181902024294530e-02,5.427380687252054969e-02,-5.215585231781005859e-02,6.758323758840560913e+00
4.830000000000000000e+02,4.830000000000003735e-01,4.734987564312207908e+00,9.651873553245936266e-02,-2.113510933160615488e-02,-8.036121165312233583e-02,-2.818947298604279617e-02,5.426697424956304638e-02,-5.055309273302555084e-02,6.765528291463851929e+00
4.840000000000000000e+02,4.840000000000003744e-01,4.734928458612932545e+00,9.652117113468799969e-02,-2.107842345318067245e-02,-8.058428186278035477e-02,-2.816943334051380532e-02,5.425892944435914411e-02,-5.437320657074451447e-02,6.770145982503890991e+00
4.850000000000000000e+02,4.850000000000003753e-01,4.734869287487423861e+00,9.652374978994372745e-02,-2.102258772404813972e-02,-8.079889136993363696e-02,-2.815166453487560894e-02,5.424984110862123010e-02,-5.157949030399322510e-02,6.724434435367584229e+00
4.860000000000000000e+02,4.860000000000003761e-01,4.734810046537257122e+00,9.652650250824994227e-02,-2.096765757204656008e-02,-8.100574633762464005e-02,-2.813636775023087289e-02,5.423972413232003298e-02,-4.969747737050056458e-02,6.696699768304824829e+00
4.870000000000000000e+02,4.870000000000003770e-01,4.734750738819706761e+00,9.652940177232031960e-02,-2.091366717055852253e-02,-8.120563710407519009e-02,-2.812342558096792011e-02,5.422877044673374974e-02,-4.470531456172466278e-02,6.721769869327545166e+00
4.880000000000000000e+02,4.880000000000003779e-01,4.734691366514900857e+00,9.653243442446471367e-02,-2.086061114974533184e-02,-8.139953785669878927e-02,-2.811268152923163122e-02,5.421713286774654944e-02,-5.520247854292392731e-02,6.721466660499572754e+00
4.890000000000000000e+02,4.890000000000003788e-01,4.734631941709592340e+00,9.653553791879022905e-02,-2.080844154502832846e-02,-8.158687997583249918e-02,-2.810408928418550722e-02,5.420519674567267354e-02,-5.519755370914936066e-02,6.717042505741119385e+00
4.900000000000000000e+02,4.900000000000003797e-01,4.734572448627510255e+00,9.653875154756211274e-02,-2.075719205528941610e-02,-8.176840531777865295e-02,-2.809776038091893469e-02,5.419284390254301004e-02,-5.979478918015956879e-02,6.699051082134246826e+00
4.910000000000000000e+02,4.910000000000003806e-01,4.734512885169174012e+00,9.654209065379550092e-02,-2.070686271957946495e-02,-8.194267411021581571e-02,-2.809367176957833223e-02,5.417997192027247666e-02,-4.909184202551841736e-02,6.691151678562164307e+00
4.920000000000000000e+02,4.920000000000003815e-01,4.734453240492962678e+00,9.654558349906619541e-02,-2.065744081477659949e-02,-8.210985191891462254e-02,-2.809170056375798197e-02,5.416633831827386003e-02,-5.621599406003952026e-02,6.658150285482406616e+00
4.930000000000000000e+02,4.930000000000003824e-01,4.734393528249251304e+00,9.654924120278425559e-02,-2.060892721526800045e-02,-8.226958498904760053e-02,-2.809184393278152392e-02,5.415147448753965254e-02,-5.270949751138687134e-02,6.642377346754074097e+00
4.940000000000000000e+02,4.940000000000003832e-01,4.734333737234273976e+00,9.655305980841820401e-02,-2.056135614105015358e-02,-8.242170017713254526e-02,-2.809406670762060187e-02,5.413525085432627226e-02,-5.784762464463710785e-02,6.647270292043685913e+00
4.950000000000000000e+02,4.950000000000003841e-01,4.734273874431280227e+00,9.655703257423565999e-02,-2.051476260426038367e-02,-8.256639005371957385e-02,-2.809841449467098684e-02,5.411771780736210347e-02,-6.175456941127777100e-02,6.693730205297470093e+00
4.960000000000000000e+02,4.960000000000003850e-01,4.734213934761630327e+00,9.656111341785378333e-02,-2.046913156442102533e-02,-8.270295761901168274e-02,-2.810483074365643930e-02,5.409938012151473130e-02,-6.397621892392635345e-02,6.678487926721572876e+00
4.970000000000000000e+02,4.970000000000003859e-01,4.734153911575444518e+00,9.656531321821244795e-02,-2.042441693496552246e-02,-8.283256972707804533e-02,-2.811338431578946917e-02,5.408011823322524114e-02,-6.785506568849086761e-02,6.665209859609603882e+00
4.980000000000000000e+02,4.980000000000003868e-01,4.734093800711885791e+00,9.656962759918467920e-02,-2.038059991829443626e-02,-8.295597948293428892e-02,-2.812392848620648422e-02,5.406009926836058410e-02,-7.345439679920673370e-02,6.680075496435165405e+00
