iter,time,x,y,z,roll,pitch,yaw,fx,fz
0.000000000000000000e+00,0.000000000000000000e+00,4.750000000000000000e+00,1.000000000000000056e-01,-1.149999999999999981e-02,0.000000000000000000e+00,0.000000000000000000e+00,5.000000000000000278e-02,-5.998742114752531052e-02,5.612963676452636719e+00
1.000000000000000000e+00,1.000000000000000021e-03,4.750000000000000000e+00,1.000000000000000056e-01,-1.149999999999999981e-02,0.000000000000000000e+00,0.000000000000000000e+00,5.000000000000000278e-02,-5.798936868086457253e-02,6.097889512777328491e+00
2.000000000000000000e+00,2.000000000000000042e-03,4.749999729352144762e+00,1.000030103857210834e-01,-1.150501180809751674e-02,1.779524041792268640e-05,-1.057641495938455023e-05,4.999967622667871731e-02,-5.357933230698108673e-02,6.707160264253616333e+00
3.000000000000000000e+00,3.000000000000000062e-03,4.749999003651499407e+00,1.000128214400561877e-01,-1.151459868613006685e-02,5.193903668836499787e-05,-3.257037328330270043e-05,4.994671477678522264e-02,-5.066308937966823578e-02,6.932351469993591309e+00
4.000000000000000000e+00,4.000000000000000083e-03,4.749997866411122871e+00,1.000289489167902196e-01,-1.152767520224220674e-02,1.048649604175957983e-04,-6.525823491632110063e-05,4.984176150227388746e-02,-5.100766103714704514e-02,6.952684789896011353e+00
5.000000000000000000e+00,5.000000000000000104e-03,4.749996363286640211e+00,1.000506279265978293e-01,-1.154375462106946998e-02,1.755463852160486782e-04,-1.080858011532903618e-04,4.969231835168018419e-02,-5.291924905031919479e-02,6.950464725494384766e+00
6.000000000000000000e+00,6.000000000000000125e-03,4.749994517168296682e+00,1.000774013846340293e-01,-1.156269310990979196e-02,2.621870748992088940e-04,-1.606663535069774440e-04,4.950249774068154335e-02,-5.624234769493341446e-02,6.975759267807006836e+00
7.000000000000000000e+00,7.000000000000000146e-03,4.749992349598900709e+00,1.001089038983711821e-01,-1.158444702372071408e-02,3.638221657619004901e-04,-2.228365610301707989e-04,4.927529041566550139e-02,-5.765609815716743469e-02,7.026438772678375244e+00
8.000000000000000000e+00,8.000000000000000167e-03,4.749989875826630126e+00,1.001448086063749104e-01,-1.160896076844370600e-02,4.810988182879297193e-04,-2.945208205928917522e-04,4.901320971600563181e-02,-5.622278433293104172e-02,7.065233856439590454e+00
9.000000000000000000e+00,9.000000000000001055e-03,4.749987121674756452e+00,1.001847481829251235e-01,-1.163618371227579697e-02,6.134849499882452650e-04,-3.757798601131678851e-04,4.871967355903882024e-02,-5.479746032506227493e-02,7.073539644479751587e+00
1.000000000000000000e+01,1.000000000000000194e-02,4.749984115188969014e+00,1.002283900946104450e-01,-1.166606845451998060e-02,7.594702883234397128e-04,-4.666299234832305132e-04,4.839766093394624186e-02,-7.375505473464727402e-02,7.089403241872787476e+00
1.100000000000000000e+01,1.100000000000000283e-02,4.749980874809123677e+00,1.002755143007713901e-01,-1.169859078848593976e-02,9.185114302591237956e-04,-5.670186313551095481e-04,4.804853294514215695e-02,-7.378760352730751038e-02,7.076182126998901367e+00
1.200000000000000000e+01,1.200000000000000372e-02,4.749977397013063651e+00,1.003258577047289879e-01,-1.173373082852944248e-02,1.089552756949448142e-03,-6.769439637461793779e-04,4.767396670245344081e-02,-7.685439847409725189e-02,6.899045199155807495e+00
1.300000000000000000e+01,1.300000000000000461e-02,4.749973702250225749e+00,1.003791420245038063e-01,-1.177147059760802472e-02,1.272247547052220151e-03,-7.962726365928762817e-04,4.727601903860118027e-02,-7.938394043594598770e-02,6.599015951156616211e+00
1.400000000000000000e+01,1.400000000000000550e-02,4.749969802242971717e+00,1.004350936478555778e-01,-1.181139953897605323e-02,1.463334396479273186e-03,-9.228067245599103074e-04,4.685679995481679960e-02,-7.918011955916881561e-02,6.585577189922332764e+00
1.500000000000000000e+01,1.500000000000000638e-02,4.749965706106867636e+00,1.004934578358291503e-01,-1.185298311856761502e-02,1.664364964947893932e-03,-1.053350292651744624e-03,4.641779113937972295e-02,-7.281132508069276810e-02,6.702588647603988647e+00
1.600000000000000000e+01,1.600000000000000727e-02,4.749961439392784257e+00,1.005538861314650284e-01,-1.189617577568133702e-02,1.875594616712869533e-03,-1.187679378892081417e-03,4.596217281895827178e-02,-5.356395617127418518e-02,6.764369279146194458e+00
1.700000000000000000e+01,1.700000000000000816e-02,4.749957037085216882e+00,1.006160402237632756e-01,-1.194111969807260323e-02,2.096689308948157526e-03,-1.326808995328887519e-03,4.549359174413796642e-02,-3.327594976872205734e-02,6.836820811033248901e+00
1.800000000000000000e+01,1.800000000000000905e-02,4.749952543231791502e+00,1.006795814743797063e-01,-1.198791999045449065e-02,2.327061376907052503e-03,-1.471371004577504138e-03,4.501384128061890894e-02,-4.620590806007385254e-02,6.825071513652801514e+00
1.900000000000000000e+01,1.900000000000000994e-02,4.749947998839084029e+00,1.007441753132468087e-01,-1.203656453786060808e-02,2.566195638472552887e-03,-1.621661669254148563e-03,4.452495605977146304e-02,-5.449206102639436722e-02,6.817527830600738525e+00
2.000000000000000000e+01,2.000000000000001082e-02,4.749943407891011660e+00,1.008094869790004955e-01,-1.208708931047635347e-02,2.813453404633514676e-03,-1.777740720239950889e-03,4.402943344655017854e-02,-4.544677212834358215e-02,6.802883744239807129e+00
2.100000000000000000e+01,2.100000000000001171e-02,4.749938775803827617e+00,1.008751655362728483e-01,-1.213949049990070174e-02,3.073587710482283269e-03,-1.939537456365547641e-03,4.352941085161177170e-02,-3.839221224188804626e-02,6.825514793395996094e+00
2.200000000000000000e+01,2.200000000000001260e-02,4.749934119275954991e+00,1.009410753963648627e-01,-1.219380446063845179e-02,3.345644650984906654e-03,-2.107097595974938287e-03,4.302559391983928200e-02,-4.619661299511790276e-02,6.806730628013610840e+00
2.300000000000000000e+01,2.300000000000001349e-02,4.749929454583662114e+00,1.010070817264183823e-01,-1.225006840696607133e-02,3.631389941422466516e-03,-2.280635574601674875e-03,4.251895099266420758e-02,-6.042988412082195282e-02,6.809918671846389771e+00
2.400000000000000000e+01,2.400000000000001438e-02,4.749924776692162176e+00,1.010730815021505941e-01,-1.230826626211600945e-02,3.930462109764790157e-03,-2.460001608241002558e-03,4.201009801748833983e-02,-8.065854897722601891e-02,6.850450605154037476e+00
2.500000000000000000e+01,2.500000000000001527e-02,4.749920070589686460e+00,1.011389210849627934e-01,-1.236840178569215305e-02,4.244135372402264850e-03,-2.645208817261934797e-03,4.149984332971951712e-02,-6.651075556874275208e-02,6.847744315862655640e+00
2.600000000000000000e+01,2.600000000000001615e-02,4.749915313695720620e+00,1.012044248972278626e-01,-1.243046921729524211e-02,4.572951003469188924e-03,-2.836418012350572226e-03,4.098910129886059600e-02,-5.303577519953250885e-02,6.833931416273117065e+00
2.700000000000000000e+01,2.700000000000001704e-02,4.749910537207510330e+00,1.012694256431456580e-01,-1.249450949810704606e-02,4.915701276716345769e-03,-3.033749728543089219e-03,4.047913969721106398e-02,-5.792218167334794998e-02,6.838805943727493286e+00
2.800000000000000000e+01,2.800000000000001793e-02,4.749905771392562315e+00,1.013337870819781272e-01,-1.256051641814506271e-02,5.273635193363001433e-03,-3.237104595739115354e-03,3.997128287157086790e-02,-5.210310127586126328e-02,6.850610166788101196e+00
2.900000000000000000e+01,2.900000000000001882e-02,4.749901011436137743e+00,1.013974430970892571e-01,-1.262853603309662190e-02,5.645039717354281145e-03,-3.446659751484837386e-03,3.946593924419342092e-02,-5.409954953938722610e-02,6.829505205154418945e+00
3.000000000000000000e+01,3.000000000000001971e-02,4.749896264180486050e+00,1.014603700683406606e-01,-1.269861283178612930e-02,6.030264664304962191e-03,-3.662608882369244867e-03,3.896310273719418016e-02,-5.608055274933576584e-02,6.802695602178573608e+00
3.100000000000000000e+01,3.100000000000002059e-02,4.749891528431300358e+00,1.015225419410075852e-01,-1.277069494396239867e-02,6.430897262039696888e-03,-3.884661094483377042e-03,3.846246507538925163e-02,-4.908457957208156586e-02,6.790933310985565186e+00
3.200000000000000000e+01,3.200000000000002148e-02,4.749886807441567882e+00,1.015838806276920109e-01,-1.284471624940084454e-02,6.843735589459063254e-03,-4.112485367660179136e-03,3.796493340702877806e-02,-3.576804604381322861e-02,6.808851420879364014e+00
3.300000000000000000e+01,3.300000000000002237e-02,4.749882115317325848e+00,1.016443122488791678e-01,-1.292066596633695101e-02,7.267186719475220852e-03,-4.345998842603115975e-03,3.747146994542721599e-02,-4.523634072393178940e-02,6.791511148214340210e+00
3.400000000000000000e+01,3.400000000000002326e-02,4.749877480843957223e+00,1.017036542578286934e-01,-1.299861961087267655e-02,7.700958072638104668e-03,-4.585541134875414926e-03,3.698411675249765190e-02,-4.031481221318244934e-02,6.767549425363540649e+00
3.500000000000000000e+01,3.500000000000002415e-02,4.749872892594010132e+00,1.017618040662079115e-01,-1.307849365225330872e-02,8.145332458812956297e-03,-4.830757767450011286e-03,3.650423686650738214e-02,-4.372478090226650238e-02,6.756748020648956299e+00
3.600000000000000000e+01,3.600000000000002504e-02,4.749868354671700210e+00,1.018187641949940964e-01,-1.316012004414665766e-02,8.597702198371404841e-03,-5.080999104479344552e-03,3.603192935926784191e-02,-4.136320855468511581e-02,6.781131625175476074e+00
3.700000000000000000e+01,3.700000000000002592e-02,4.749863863708752021e+00,1.018744659385559803e-01,-1.324346705690025022e-02,9.056069447607556847e-03,-5.336127223236841743e-03,3.556764897994080243e-02,-3.896147385239601135e-02,6.788839757442474365e+00
3.800000000000000000e+01,3.800000000000002681e-02,4.749859425095277921e+00,1.019288581862802801e-01,-1.332863986057826640e-02,9.521591162759447668e-03,-5.596600354574876590e-03,3.511178340233721273e-02,-3.385327383875846863e-02,6.797592997550964355e+00
3.900000000000000000e+01,3.900000000000002770e-02,4.749855038875912427e+00,1.019819115330117959e-01,-1.341571716282099688e-02,9.994903048988198341e-03,-5.862714755850539916e-03,3.466448272427392896e-02,-3.096933383494615555e-02,6.794699817895889282e+00
4.000000000000000000e+01,4.000000000000002859e-02,4.749850709820169214e+00,1.020335453913237544e-01,-1.350463099220637793e-02,1.047608003535222855e-02,-6.134291056342000559e-03,3.422604608190967651e-02,-3.655258193612098694e-02,6.812853753566741943e+00
4.100000000000000000e+01,4.100000000000002948e-02,4.749846436417782591e+00,1.020838130446035247e-01,-1.359542375305299380e-02,1.096657498577948905e-02,-6.411447293411365322e-03,3.379619701223206263e-02,-3.908305801451206207e-02,6.823212772607803345e+00
4.200000000000000000e+01,4.200000000000003036e-02,4.749842207689651374e+00,1.021328089338454509e-01,-1.368812986673302416e-02,1.146599709724803462e-02,-6.694385724322460263e-03,3.337443218203749867e-02,-3.591996710747480392e-02,6.801835000514984131e+00
4.300000000000000000e+01,4.300000000000003125e-02,4.749838018450049049e+00,1.021805832121619323e-01,-1.378279243413090167e-02,1.197489648295229671e-02,-6.983293886217545321e-03,3.296047283736051187e-02,-2.950066700577735901e-02,6.836529642343521118e+00
4.400000000000000000e+01,4.400000000000003214e-02,4.749833870880410203e+00,1.022271979383373441e-01,-1.387941200148516165e-02,1.249276184095052429e-02,-7.278076756892737365e-03,3.255390737100143095e-02,-2.331432234495878220e-02,6.831768512725830078e+00
4.500000000000000000e+01,4.500000000000003303e-02,4.749829770206392077e+00,1.022726366994192310e-01,-1.397792985366760887e-02,1.302084366525939688e-02,-7.578699582378556343e-03,3.215497042679615891e-02,-3.090863488614559174e-02,6.853314071893692017e+00
4.600000000000000000e+01,4.600000000000003392e-02,4.749825725133935528e+00,1.023169721831335144e-01,-1.407834351897400277e-02,1.355971076454483108e-02,-7.885120939973289111e-03,3.176288090900622474e-02,-3.129851352423429489e-02,6.760500758886337280e+00
4.700000000000000000e+01,4.700000000000003481e-02,4.749821724346111829e+00,1.023601715434672571e-01,-1.418057027527703205e-02,1.410775718307852485e-02,-8.197184004243185385e-03,3.137751799545775155e-02,-2.676430437713861465e-02,6.739128798246383667e+00
4.800000000000000000e+01,4.800000000000003569e-02,4.749817762995142800e+00,1.024023118039270042e-01,-1.428452655294972298e-02,1.466463739721777376e-02,-8.514178195372368307e-03,3.099852015290829182e-02,-3.067271132022142410e-02,6.723591148853302002e+00
4.900000000000000000e+01,4.900000000000003658e-02,4.749813842344912551e+00,1.024434031186982619e-01,-1.439013016759780640e-02,1.523202370769224240e-02,-8.835718699080397087e-03,3.062586281551271661e-02,-3.010428790003061295e-02,6.758712559938430786e+00
5.000000000000000000e+01,5.000000000000003747e-02,4.749809957524418813e+00,1.024834959856434080e-01,-1.449726963536068260e-02,1.580640417106103646e-02,-9.161403182424088243e-03,3.025959220134109839e-02,-3.827790264040231705e-02,6.773211777210235596e+00
5.100000000000000000e+01,5.100000000000003836e-02,4.749806110147827276e+00,1.025226226929232126e-01,-1.460588268137981427e-02,1.638561565709909310e-02,-9.491225139466541449e-03,2.990032691876675155e-02,-3.897266462445259094e-02,6.777645230293273926e+00
5.200000000000000000e+01,5.200000000000003925e-02,4.749802281010263805e+00,1.025609175440151122e-01,-1.471589298066091483e-02,1.697093904469701084e-02,-9.824990391090970832e-03,2.954727342473602650e-02,-3.543420042842626572e-02,6.794046580791473389e+00
5.300000000000000000e+01,5.300000000000004013e-02,4.749798467171178373e+00,1.025984259792023234e-01,-1.482734408698112294e-02,1.756199173436036320e-02,-1.016287551492944807e-02,2.920035219438655433e-02,-2.982776891440153122e-02,6.781656593084335327e+00
5.400000000000000000e+01,5.400000000000004102e-02,4.749794672643991689e+00,1.026352087545675668e-01,-1.494019208663137366e-02,1.816096291976248417e-02,-1.050478897389384159e-02,2.885890492925152762e-02,-3.856218419969081879e-02,6.751083642244338989e+00
5.500000000000000000e+01,5.500000000000004191e-02,4.749790903251480678e+00,1.026713740631623600e-01,-1.505442761440701528e-02,1.876868669226494299e-02,-1.085062594137164993e-02,2.852188013333302116e-02,-4.890454001724720001e-02,6.763584107160568237e+00
5.600000000000000000e+01,5.600000000000004280e-02,4.749787147263802467e+00,1.027070615090134587e-01,-1.517002830900359214e-02,1.938288716298378414e-02,-1.120018536591937952e-02,2.818834445560431876e-02,-4.801631346344947815e-02,6.793290197849273682e+00
5.700000000000000000e+01,5.700000000000004369e-02,4.749783386928807971e+00,1.027424494107213732e-01,-1.528704405759690431e-02,2.000564903030272249e-02,-1.155365736639968333e-02,2.785693644704734587e-02,-4.989106208086013794e-02,6.810750961303710938e+00
5.800000000000000000e+01,5.800000000000004458e-02,4.749779618670813441e+00,1.027776622584365696e-01,-1.540538937623979823e-02,2.063813550903680766e-02,-1.191088363240666581e-02,2.752703344617353498e-02,-5.588054843246936798e-02,6.834505081176757812e+00
5.900000000000000000e+01,5.900000000000004546e-02,4.749775840991647513e+00,1.028127083632317945e-01,-1.552509681697116298e-02,2.128433515133511950e-02,-1.227200409364237466e-02,2.719799658334064868e-02,-4.658294096589088440e-02,6.888637274503707886e+00
6.000000000000000000e+01,6.000000000000004635e-02,4.749772046083262644e+00,1.028476726319162565e-01,-1.564620209363825828e-02,2.194724769665371347e-02,-1.263719686213993221e-02,2.686858196059959888e-02,-4.061610717326402664e-02,6.905051797628402710e+00
6.100000000000000000e+01,6.100000000000004724e-02,4.749768249444955792e+00,1.028826292378372115e-01,-1.576870922821973706e-02,2.262770527730769213e-02,-1.300670567433392932e-02,2.653794937583215871e-02,-3.599045239388942719e-02,6.912915676832199097e+00
6.200000000000000000e+01,6.200000000000004813e-02,4.749764463373969292e+00,1.029176629922612246e-01,-1.589261012717668384e-02,2.332629657626656555e-02,-1.338056183867442073e-02,2.620555491971047340e-02,-2.513584494590759277e-02,6.927064716815948486e+00
6.300000000000000000e+01,6.300000000000004208e-02,4.749760693152047963e+00,1.029527942360382170e-01,-1.601790673524864164e-02,2.404647368402285795e-02,-1.375875363152090358e-02,2.587062461908239824e-02,-2.703290246427059174e-02,6.944624364376068115e+00
6.400000000000000000e+01,6.400000000000004297e-02,4.749756953808506488e+00,1.029880503623194915e-01,-1.614463479256990353e-02,2.478884087799628280e-02,-1.414144452110521755e-02,2.553263676397328832e-02,-3.296250291168689728e-02,6.964337915182113647e+00
6.500000000000000000e+01,6.500000000000004385e-02,4.749753245063642382e+00,1.030234599782338112e-01,-1.627282306344183041e-02,2.555228410659673294e-02,-1.452881721213850064e-02,2.519154220684311635e-02,-4.099386557936668396e-02,7.015449732542037964e+00
6.600000000000000000e+01,6.600000000000004474e-02,4.749749563798681073e+00,1.030590398643429079e-01,-1.640246169974447082e-02,2.633606735696183976e-02,-1.492093867851940203e-02,2.484778016878168988e-02,-4.119703266769647598e-02,7.010391354560852051e+00
6.700000000000000000e+01,6.700000000000004563e-02,4.749745903840906003e+00,1.030947195388472321e-01,-1.653354568595187882e-02,2.713982657602664883e-02,-1.531805418278975317e-02,2.450261247655686342e-02,-3.320256434381008148e-02,7.016974419355392456e+00
6.800000000000000000e+01,6.800000000000004652e-02,4.749742266232541255e+00,1.031304324336827227e-01,-1.666601985179745962e-02,2.796429663052432332e-02,-1.571995328592046270e-02,2.415650133687869197e-02,-4.293123446404933929e-02,7.046545237302780151e+00
6.900000000000000000e+01,6.900000000000004741e-02,4.749738667090180222e+00,1.031662444327487854e-01,-1.679991040232371030e-02,2.880722567201301695e-02,-1.612677071335455459e-02,2.380911903645250086e-02,-6.094582006335258484e-02,7.069211244583129883e+00
7.000000000000000000e+01,7.000000000000004829e-02,4.749735097023565444e+00,1.032021358202631772e-01,-1.693524518187100592e-02,2.966906383524962540e-02,-1.653872679980872284e-02,2.346061933979190842e-02,-6.556824967265129089e-02,7.072782427072525024e+00
7.100000000000000000e+01,7.100000000000004918e-02,4.749731537294329620e+00,1.032381833040621338e-01,-1.707206533606594676e-02,3.054870806875176897e-02,-1.695605380638443016e-02,2.311029088309113355e-02,-6.902161613106727600e-02,7.067225992679595947e+00
7.200000000000000000e+01,7.200000000000005007e-02,4.749727984440208495e+00,1.032744476020126395e-01,-1.721039504327384270e-02,3.144663103179983626e-02,-1.737882531620726922e-02,2.275742618494619798e-02,-6.711710244417190552e-02,7.011941105127334595e+00
7.300000000000000000e+01,7.300000000000005096e-02,4.749724433253172506e+00,1.033109308822883349e-01,-1.735012286480552141e-02,3.236015046314608817e-02,-1.780668568665344509e-02,2.240231975530382336e-02,-8.008941076695919037e-02,6.983231574296951294e+00
7.400000000000000000e+01,7.400000000000005185e-02,4.749720889809866620e+00,1.033476029612531016e-01,-1.749120053387466164e-02,3.329026272845471424e-02,-1.823918660151369053e-02,2.204502885914337573e-02,-7.056233845651149750e-02,6.949724555015563965e+00
7.500000000000000000e+01,7.500000000000005274e-02,4.749717334339725205e+00,1.033845443460365138e-01,-1.763357672255972883e-02,3.423468438467221209e-02,-1.867604779644249646e-02,2.168530853575084336e-02,-7.441117800772190094e-02,6.922463417053222656e+00
7.600000000000000000e+01,7.600000000000005362e-02,4.749713777334008569e+00,1.034217854983637691e-01,-1.777719093941242459e-02,3.519352755856175463e-02,-1.911690153283784888e-02,2.132275968500078195e-02,-7.110471650958061218e-02,6.885897606611251831e+00
7.700000000000000000e+01,7.700000000000005451e-02,4.749710213193774955e+00,1.034594052152025545e-01,-1.792197907625846243e-02,3.616572365970961711e-02,-1.956139954900337763e-02,2.095659155954618380e-02,-6.268231943249702454e-02,6.812503635883331299e+00
7.800000000000000000e+01,7.800000000000005540e-02,4.749706646861223014e+00,1.034974675967249985e-01,-1.806784091801794806e-02,3.714807938620046796e-02,-2.000907315544586673e-02,2.058671431994395229e-02,-7.477171160280704498e-02,6.736661791801452637e+00
7.900000000000000000e+01,7.900000000000005629e-02,4.749703092136705607e+00,1.035359420402212488e-01,-1.821468831105615971e-02,3.813685295338717363e-02,-2.045933590369419797e-02,2.021375475178841322e-02,-7.946049794554710388e-02,6.834960669279098511e+00
8.000000000000000000e+01,8.000000000000005718e-02,4.749699532012088277e+00,1.035748113640496543e-01,-1.836241804738623917e-02,3.913226292338639611e-02,-2.091147830006989672e-02,1.983772347444036355e-02,-7.985634915530681610e-02,6.815029412508010864e+00
8.100000000000000000e+01,8.100000000000005806e-02,4.749695961343647355e+00,1.036141150308680231e-01,-1.851075987413637949e-02,4.013189903412197473e-02,-2.136507600305637133e-02,1.945782912656802977e-02,-7.596535980701446533e-02,6.794050037860870361e+00
8.200000000000000000e+01,8.200000000000005895e-02,4.749692379985537727e+00,1.036538394149167375e-01,-1.865968481153821787e-02,4.113695653145468117e-02,-2.181990841112235735e-02,1.907375497287785993e-02,-7.669905386865139008e-02,6.750434130430221558e+00
8.300000000000000000e+01,8.300000000000005984e-02,4.749688783159485617e+00,1.036940412383980242e-01,-1.880913434927761196e-02,4.214502778985333709e-02,-2.227565891750749039e-02,1.868414922250128188e-02,-7.105786725878715515e-02,6.711821317672729492e+00
8.400000000000000000e+01,8.400000000000006073e-02,4.749685165381653640e+00,1.037345503515792189e-01,-1.895896239150677773e-02,4.315526273142692576e-02,-2.273165476184657585e-02,1.828979262036888737e-02,-7.359155081212520599e-02,6.729517459869384766e+00
8.500000000000000000e+01,8.500000000000006162e-02,4.749681537700981337e+00,1.037752037605208094e-01,-1.910921488393138232e-02,4.416752219041383820e-02,-2.318788770221424933e-02,1.789194695741912200e-02,-6.653284095227718353e-02,6.758329868316650391e+00
8.600000000000000000e+01,8.600000000000006251e-02,4.749677900915861173e+00,1.038157668635013992e-01,-1.925972483722971154e-02,4.518516961708508861e-02,-2.364384470322011822e-02,1.749197026243149225e-02,-6.774889491498470306e-02,6.741194725036621094e+00
8.700000000000000000e+01,8.700000000000006339e-02,4.749674264990113137e+00,1.038560834426561774e-01,-1.941051301053876507e-02,4.620897652938748407e-02,-2.409975758266957868e-02,1.709115253846415355e-02,-7.682030834257602692e-02,6.716914832592010498e+00
8.800000000000000000e+01,8.800000000000006428e-02,4.749670625397311774e+00,1.038960409201521856e-01,-1.956160714448359345e-02,4.723727655566915817e-02,-2.455570852195965159e-02,1.669112203127616489e-02,-7.423483207821846008e-02,6.706765323877334595e+00
8.900000000000000000e+01,8.900000000000006517e-02,4.749666966027902504e+00,1.039355274446220195e-01,-1.971304079533641937e-02,4.827087951268631272e-02,-2.501170303068334100e-02,1.629258269821564839e-02,-8.296728506684303284e-02,6.719669133424758911e+00
9.000000000000000000e+01,9.000000000000006606e-02,4.749663291764604445e+00,1.039743789975944160e-01,-1.986481527908739650e-02,4.931095620487235820e-02,-2.546769307157670248e-02,1.589632053406562009e-02,-8.458780683577060699e-02,6.733184278011322021e+00
9.100000000000000000e+01,9.100000000000006695e-02,4.749659591236894407e+00,1.040122121357730661e-01,-2.001689670876338409e-02,5.036015257897569902e-02,-2.592366501570864123e-02,1.550499265924832476e-02,-8.236339688301086426e-02,6.789156347513198853e+00
9.200000000000000000e+01,9.200000000000006783e-02,4.749655862101391790e+00,1.040489293912113949e-01,-2.016931448779213029e-02,5.141951244670200927e-02,-2.637976748953230199e-02,1.511875008977255075e-02,-9.160489402711391449e-02,6.808974713087081909e+00
9.300000000000000000e+01,9.300000000000006872e-02,4.749652106243342331e+00,1.040844622479594750e-01,-2.032207074772500802e-02,5.249046415825288359e-02,-2.683626447283371519e-02,1.473789196896583067e-02,-8.495343010872602463e-02,6.816980242729187012e+00
9.400000000000000000e+01,9.400000000000006961e-02,4.749648311555352720e+00,1.041187076579199594e-01,-2.047525984609615060e-02,5.357251836585984195e-02,-2.729361807374219850e-02,1.436362011249267892e-02,-8.724283054471015930e-02,6.847320139408111572e+00
9.500000000000000000e+01,9.500000000000007050e-02,4.749644486966858814e+00,1.041517475260117787e-01,-2.062887640062092964e-02,5.466548377573732936e-02,-2.775183521956359201e-02,1.399509046452012545e-02,-9.392022527754306793e-02,6.873824000358581543e+00
9.600000000000000000e+01,9.600000000000007139e-02,4.749640628729547842e+00,1.041835624292732215e-01,-2.078301248761985770e-02,5.576837830690443282e-02,-2.821141721672271174e-02,1.363279888372317256e-02,-8.442916162312030792e-02,6.886842727661132812e+00
9.700000000000000000e+01,9.700000000000007228e-02,4.749636731171855253e+00,1.042140678106552171e-01,-2.093782904402664152e-02,5.688154303918105392e-02,-2.867304178947582827e-02,1.327760124252645377e-02,-9.138306044042110443e-02,6.924066036939620972e+00
9.800000000000000000e+01,9.800000000000007316e-02,4.749632812001420845e+00,1.042431985667923167e-01,-2.109326133029433559e-02,5.800246572513240162e-02,-2.913661205567197321e-02,1.292992343147407464e-02,-9.583241865038871765e-02,6.889640748500823975e+00
9.900000000000000000e+01,9.900000000000007405e-02,4.749628864038345277e+00,1.042710462252757486e-01,-2.124930799835323889e-02,5.912927150668663423e-02,-2.960235975412039977e-02,1.258993768039299091e-02,-1.025304608047008514e-01,6.914472967386245728e+00
1.000000000000000000e+02,1.000000000000000749e-01,4.749624878309397502e+00,1.042976651017457485e-01,-2.140606051412469873e-02,6.026362287543931412e-02,-3.007042502286316754e-02,1.225762727255854528e-02,-9.720194153487682343e-02,6.836908102035522461e+00
1.010000000000000000e+02,1.010000000000000758e-01,4.749620843517108781e+00,1.043231604681024299e-01,-2.156347105773111575e-02,6.140282984384937137e-02,-3.054082488973208775e-02,1.193283545720335778e-02,-1.042194459587335587e-01,6.873373866081237793e+00
1.020000000000000000e+02,1.020000000000000767e-01,4.749616761990259839e+00,1.043476002037447836e-01,-2.172155194272377965e-02,6.254553542333227134e-02,-3.101324552092710185e-02,1.161491250403655015e-02,-1.154715418815612793e-01,6.912087053060531616e+00
1.030000000000000000e+02,1.030000000000000776e-01,4.749612631746634506e+00,1.043710325964245511e-01,-2.188038745307507166e-02,6.368874525796772157e-02,-3.148817820431371040e-02,1.130343209067042817e-02,-1.189448181539773941e-01,6.878679782152175903e+00
1.040000000000000000e+02,1.040000000000000785e-01,4.749608441153910121e+00,1.043936006016798201e-01,-2.203995954227335602e-02,6.483222629858698127e-02,-3.196575192686013089e-02,1.099774329892192273e-02,-1.189315002411603928e-01,6.813729077577590942e+00
1.050000000000000000e+02,1.050000000000000794e-01,4.749604175045342380e+00,1.044153368120945974e-01,-2.220020906197909399e-02,6.597312130800254970e-02,-3.244570442443528435e-02,1.069853277136231448e-02,-1.120099835097789764e-01,6.757526010274887085e+00
1.060000000000000000e+02,1.060000000000000803e-01,4.749599825131661568e+00,1.044362716024524740e-01,-2.236100492206343285e-02,6.711015654370906802e-02,-3.292731410346094734e-02,1.040538494578287579e-02,-1.139863580465316772e-01,6.738543361425399780e+00
1.070000000000000000e+02,1.070000000000000812e-01,4.749595400420324687e+00,1.044564825861757223e-01,-2.252223422902477692e-02,6.823855580645998842e-02,-3.341001637356866283e-02,1.011786009454278962e-02,-1.140614356845617294e-01,6.776642233133316040e+00
1.080000000000000000e+02,1.080000000000000820e-01,4.749590896305353027e+00,1.044761412320672628e-01,-2.268378463184085245e-02,6.935826576806670973e-02,-3.389328514328049380e-02,9.834096167366000035e-03,-1.122463606297969818e-01,6.741868704557418823e+00
1.090000000000000000e+02,1.090000000000000829e-01,4.749586314404032450e+00,1.044952795573307752e-01,-2.284564208998446713e-02,7.046557661511909654e-02,-3.437734453638041643e-02,9.554363883335015989e-03,-1.099149715155363083e-01,6.684096634387969971e+00
1.100000000000000000e+02,1.100000000000000838e-01,4.749581656143894826e+00,1.045139549831719250e-01,-2.300772084777639309e-02,7.155779875669748824e-02,-3.486177153314096167e-02,9.278213792839405671e-03,-9.984431229531764984e-02,6.649299353361129761e+00
1.110000000000000000e+02,1.110000000000000847e-01,4.749576920894826415e+00,1.045322263616435959e-01,-2.316979395254379834e-02,7.263339673958138509e-02,-3.534553357810699126e-02,9.005018032843835341e-03,-1.196806523948907852e-01,6.632365077733993530e+00
1.120000000000000000e+02,1.120000000000000856e-01,4.749572129490718275e+00,1.045501393593743500e-01,-2.333196477065506078e-02,7.369150732782178692e-02,-3.582884120898377489e-02,8.734956902064612561e-03,-1.125530023127794266e-01,6.609550952911376953e+00
1.130000000000000000e+02,1.130000000000000865e-01,4.749567248293563360e+00,1.045678970784004735e-01,-2.349409957008403646e-02,7.473129573679157533e-02,-3.631114955884018336e-02,8.466984106081390515e-03,-1.027680225670337677e-01,6.599644571542739868e+00
1.140000000000000000e+02,1.140000000000000874e-01,4.749562291483467646e+00,1.045856284104436373e-01,-2.365624611950038411e-02,7.575217973944002592e-02,-3.679250355118934834e-02,8.200345870136210857e-03,-1.110942903906106949e-01,6.681275844573974609e+00
1.150000000000000000e+02,1.150000000000000883e-01,4.749557279909104146e+00,1.046032174250181856e-01,-2.381844755510419825e-02,7.675350653061416284e-02,-3.727317884346281751e-02,7.937493497209235915e-03,-1.102788131684064865e-01,6.630157589912414551e+00
1.160000000000000000e+02,1.160000000000000892e-01,4.749552209350779819e+00,1.046207421445209673e-01,-2.398066658648914662e-02,7.773552572984143705e-02,-3.775344173878303344e-02,7.678300257520802308e-03,-1.002812497317790985e-01,6.644862353801727295e+00
1.170000000000000000e+02,1.170000000000000900e-01,4.749547075526909801e+00,1.046383907835549687e-01,-2.414288022002313711e-02,7.869673760303333432e-02,-3.823297915909273925e-02,7.421769639522811379e-03,-1.039518937468528748e-01,6.675777912139892578e+00
1.180000000000000000e+02,1.180000000000000909e-01,4.749541900429583130e+00,1.046564376300986587e-01,-2.430503958316990523e-02,7.963478083814365394e-02,-3.871165701833612083e-02,7.165947968241700994e-03,-1.053438354283571243e-01,6.700338661670684814e+00
1.190000000000000000e+02,1.190000000000000918e-01,4.749536675184310219e+00,1.046751447228360110e-01,-2.446698859340671814e-02,8.054964418467477905e-02,-3.918903561095321564e-02,6.909050453501631994e-03,-1.173177063465118408e-01,6.674519240856170654e+00
1.200000000000000000e+02,1.200000000000000927e-01,4.749531406944631939e+00,1.046947367226059161e-01,-2.462876306711432595e-02,8.144115702428059156e-02,-3.966522854198117898e-02,6.648775276591710470e-03,-1.226233001798391342e-01,6.681172341108322144e+00
1.210000000000000000e+02,1.210000000000000936e-01,4.749526078936081142e+00,1.047152954469329766e-01,-2.479031051627203497e-02,8.230888370757387384e-02,-4.013989891654090592e-02,6.384561200341629106e-03,-1.281040068715810776e-01,6.658669352531433105e+00
1.220000000000000000e+02,1.220000000000000945e-01,4.749520688023694426e+00,1.047369107835680740e-01,-2.495170347525134044e-02,8.315417744793654475e-02,-4.061324605931004861e-02,6.115719634449144626e-03,-1.174278818070888519e-01,6.642228603363037109e+00
1.230000000000000000e+02,1.230000000000000954e-01,4.749515224142580649e+00,1.047595441868789806e-01,-2.511291747115944675e-02,8.397831246400927485e-02,-4.108506063161665445e-02,5.842320369890359466e-03,-1.143218111246824265e-01,6.668186843395233154e+00
1.240000000000000000e+02,1.240000000000000963e-01,4.749509700614954255e+00,1.047832964873392503e-01,-2.527389631838216147e-02,8.478325498840044716e-02,-4.155499810606744227e-02,5.563134187818417897e-03,-1.215860936790704727e-01,6.719898045063018799e+00
1.250000000000000000e+02,1.250000000000000833e-01,4.749504124352127654e+00,1.048082260499101359e-01,-2.543462734069787401e-02,8.556988826671560466e-02,-4.202307574302266424e-02,5.277342846206595217e-03,-1.126451194286346436e-01,6.685933470726013184e+00
1.260000000000000000e+02,1.260000000000000842e-01,4.749498491081078022e+00,1.048344050480242012e-01,-2.559510883591290323e-02,8.634109148274543566e-02,-4.248941319794607985e-02,4.984036446614506510e-03,-1.260645762085914612e-01,6.701996475458145142e+00
1.270000000000000000e+02,1.270000000000000850e-01,4.749492809420656769e+00,1.048618834010819345e-01,-2.575530073206604847e-02,8.709527867607300133e-02,-4.295373854962480920e-02,4.683070185147374109e-03,-1.295891199260950089e-01,6.756388932466506958e+00
1.280000000000000000e+02,1.280000000000000859e-01,4.749487069942921025e+00,1.048907282055124290e-01,-2.591529071922160296e-02,8.783245385212816447e-02,-4.341636093621525916e-02,4.373806942346042392e-03,-1.283032707870006561e-01,6.725804597139358521e+00
1.290000000000000000e+02,1.290000000000000868e-01,4.749481269882607215e+00,1.049209074616935383e-01,-2.607504654208341044e-02,8.855254358881547994e-02,-4.387743059947224467e-02,4.056324702764194101e-03,-1.155009195208549500e-01,6.744746387004852295e+00
1.300000000000000000e+02,1.300000000000000877e-01,4.749475403351778091e+00,1.049523672213303754e-01,-2.623461738718422739e-02,8.925667588024913113e-02,-4.433695457583430866e-02,3.730922995807621489e-03,-1.132527478039264679e-01,6.779053598642349243e+00
1.310000000000000000e+02,1.310000000000000886e-01,4.749469487231816167e+00,1.049849851752682334e-01,-2.639397561498989242e-02,8.994772496666048056e-02,-4.479492996373557467e-02,3.398573709824395661e-03,-1.272872406989336014e-01,6.830085039138793945e+00
1.320000000000000000e+02,1.320000000000000895e-01,4.749463524583292795e+00,1.050187274691946476e-01,-2.655309766545008165e-02,9.062681825267400459e-02,-4.525149908493242279e-02,3.060275975446946628e-03,-1.281105056405067444e-01,6.823021858930587769e+00
1.330000000000000000e+02,1.330000000000000904e-01,4.749457495528573325e+00,1.050535213078681446e-01,-2.671191967273282147e-02,9.129112235139813514e-02,-4.570678258218219270e-02,2.717074983490407047e-03,-1.219759956002235413e-01,6.757757782936096191e+00
1.340000000000000000e+02,1.340000000000000913e-01,4.749451401476636470e+00,1.050893439508564370e-01,-2.687047463311160317e-02,9.194295076863066851e-02,-4.616078604843854016e-02,2.368775895960406608e-03,-1.148866191506385803e-01,6.679010957479476929e+00
1.350000000000000000e+02,1.350000000000000921e-01,4.749445242136675738e+00,1.051261098741790301e-01,-2.702869596901671945e-02,9.258020641259823158e-02,-4.661306319732960723e-02,2.016131248867368553e-03,-1.118252146989107132e-01,6.722357660531997681e+00
1.360000000000000000e+02,1.360000000000000930e-01,4.749439020473743334e+00,1.051637523919095180e-01,-2.718653716140269697e-02,9.319740551796831807e-02,-4.706318828240241281e-02,1.659475561329740168e-03,-1.092157885432243347e-01,6.687448650598526001e+00
1.370000000000000000e+02,1.370000000000000939e-01,4.749432739433781414e+00,1.052021445149879386e-01,-2.734391206693813359e-02,9.379074557918237742e-02,-4.751113047838106951e-02,1.299399397583229920e-03,-1.091388743370771408e-01,6.664790838956832886e+00
1.380000000000000000e+02,1.380000000000000948e-01,4.749426396388825466e+00,1.052411994224809882e-01,-2.750072688711881555e-02,9.436216644616207683e-02,-4.795639008984942109e-02,9.366512889821612675e-04,-1.181205622851848602e-01,6.660395234823226929e+00
1.390000000000000000e+02,1.390000000000000957e-01,4.749419984958371366e+00,1.052808778284471392e-01,-2.765694554856756512e-02,9.490878953500073156e-02,-4.839882429965092214e-02,5.715484215247576549e-04,-1.236458513885736465e-01,6.613856315612792969e+00
1.400000000000000000e+02,1.400000000000000966e-01,4.749413489888869577e+00,1.053211845744539688e-01,-2.781238604195925349e-02,9.543196228019179550e-02,-4.883775583403626719e-02,2.035189478266571927e-04,-1.191617697477340698e-01,6.603823751211166382e+00
1.410000000000000000e+02,1.410000000000000975e-01,4.749406892960615245e+00,1.053620297617665208e-01,-2.796706399795939602e-02,9.593427915780311510e-02,-4.927300392975242360e-02,-1.667595062254320637e-04,-1.256519109010696411e-01,6.630506753921508789e+00
1.420000000000000000e+02,1.420000000000000984e-01,4.749400193240241208e+00,1.054033038770460229e-01,-2.812096969974292940e-02,9.641503442592805340e-02,-4.970452809274528150e-02,-5.386754705552776468e-04,-1.288894983008503914e-01,6.691795766353607178e+00
1.430000000000000000e+02,1.430000000000000993e-01,4.749393386112659599e+00,1.054448992482318603e-01,-2.827420351179854921e-02,9.687470414565194088e-02,-5.013280503265193921e-02,-9.116491064074666584e-04,-1.207675188779830933e-01,6.669636815786361694e+00
1.440000000000000000e+02,1.440000000000001001e-01,4.749386465621473263e+00,1.054867286792841446e-01,-2.842670267084145344e-02,9.731094543581450540e-02,-5.055796737567419541e-02,-1.285405789812003874e-03,-1.385956620797514915e-01,6.685624152421951294e+00
1.450000000000000000e+02,1.450000000000001010e-01,4.749379433251230687e+00,1.055286787115866515e-01,-2.857841098410098327e-02,9.772153900024113660e-02,-5.097978981147210931e-02,-1.659462872405099987e-03,-1.335312789306044579e-01,6.609041690826416016e+00
1.460000000000000000e+02,1.460000000000001019e-01,4.749372263126703686e+00,1.055706659325438834e-01,-2.872941204534343318e-02,9.810607587835257215e-02,-5.139873204045586341e-02,-2.032474513733326105e-03,-1.314318487420678139e-01,6.645650863647460938e+00
1.470000000000000000e+02,1.470000000000001028e-01,4.749364951231017429e+00,1.056126089354059022e-01,-2.887961480164178557e-02,9.846581029861237178e-02,-5.181416848620856719e-02,-2.403816547718422292e-03,-1.329243192449212074e-01,6.652511060237884521e+00
1.480000000000000000e+02,1.480000000000001037e-01,4.749357503040916306e+00,1.056544996529367453e-01,-2.902907348357563685e-02,9.879897532838570473e-02,-5.222652909978764413e-02,-2.772797952641958830e-03,-1.468396810814738274e-01,6.687027871608734131e+00
1.490000000000000000e+02,1.490000000000001046e-01,4.749349916946708383e+00,1.056963177148477345e-01,-2.917780361589790775e-02,9.910711137373609536e-02,-5.263586868653269413e-02,-3.139250533249003661e-03,-1.426508026197552681e-01,6.698952496051788330e+00
1.500000000000000000e+02,1.500000000000001055e-01,4.749342161264823226e+00,1.057379533086578727e-01,-2.932567322728912851e-02,9.938893165969803212e-02,-5.304200260092462038e-02,-3.502401824701420474e-03,-1.465858835726976395e-01,6.715935528278350830e+00
1.510000000000000000e+02,1.510000000000001064e-01,4.749334241296440773e+00,1.057794200383906091e-01,-2.947261987530854985e-02,9.964206792129787216e-02,-5.344481043541815524e-02,-3.862494072307938453e-03,-1.559048681519925594e-01,6.706574350595474243e+00
1.520000000000000000e+02,1.520000000000001072e-01,4.749326157289598171e+00,1.058207462309602581e-01,-2.961872856448349509e-02,9.986887946377656644e-02,-5.384461613794688795e-02,-4.219710073655923155e-03,-1.374280126765370369e-01,6.730015367269515991e+00
1.530000000000000000e+02,1.530000000000001081e-01,4.749317898954643624e+00,1.058620151007511334e-01,-2.976405337058784378e-02,1.000699032914005304e-01,-5.424154688483673326e-02,-4.574374945561628103e-03,-1.326843397691845894e-01,6.697779387235641479e+00
1.540000000000000000e+02,1.540000000000001090e-01,4.749309482463594634e+00,1.059031722375676499e-01,-2.990858492363710971e-02,1.002435325359880280e-01,-5.463576014406479331e-02,-4.926112615633887470e-03,-1.376151796430349350e-01,6.711732089519500732e+00
1.550000000000000000e+02,1.550000000000001099e-01,4.749300905999229272e+00,1.059441314353725683e-01,-3.005231924281052264e-02,1.003908951196828547e-01,-5.502710941890831542e-02,-5.274225295142688508e-03,-1.387531450018286705e-01,6.773118108510971069e+00
1.560000000000000000e+02,1.560000000000001108e-01,4.749292157834486439e+00,1.059849236656713323e-01,-3.019520349516961397e-02,1.005103492462638415e-01,-5.541550936747463574e-02,-5.618965128941916243e-03,-1.249597137793898582e-01,6.763247519731521606e+00
1.570000000000000000e+02,1.570000000000001117e-01,4.749283239127399803e+00,1.060255370559215898e-01,-3.033724081600593092e-02,1.006023714031324123e-01,-5.580123146857229877e-02,-5.960431920700060004e-03,-1.133982148021459579e-01,6.705483913421630859e+00
1.580000000000000000e+02,1.580000000000001126e-01,4.749274160796008282e+00,1.060658906482510044e-01,-3.047835119307419627e-02,1.006664539032205985e-01,-5.618401181289844892e-02,-6.297980935080271792e-03,-1.160874217748641968e-01,6.701448827981948853e+00
1.590000000000000000e+02,1.590000000000001135e-01,4.749264939429434840e+00,1.061059597688635836e-01,-3.061860578431201477e-02,1.007027211838963376e-01,-5.656380721957532387e-02,-6.631849715346027629e-03,-1.162038017064332962e-01,6.735258132219314575e+00
1.600000000000000000e+02,1.600000000000001144e-01,4.749255572131722225e+00,1.061457118632830460e-01,-3.075804675469620553e-02,1.007100297891535406e-01,-5.694074794053638477e-02,-6.962334634908320941e-03,-1.200156752020120621e-01,6.707469552755355835e+00
1.610000000000000000e+02,1.610000000000001152e-01,4.749246050396344287e+00,1.061851440615372844e-01,-3.089668327127919126e-02,1.006889672304934341e-01,-5.731505222976984726e-02,-7.289195995870273448e-03,-1.205467972904443741e-01,6.746302306652069092e+00
1.620000000000000000e+02,1.620000000000001161e-01,4.749236365245351976e+00,1.062242606835575309e-01,-3.103457807113847375e-02,1.006399122790654355e-01,-5.768681579209067323e-02,-7.612418545795612834e-03,-1.108130300417542458e-01,6.753645062446594238e+00
1.630000000000000000e+02,1.630000000000001170e-01,4.749226515526618897e+00,1.062630216294921243e-01,-3.117172475326988879e-02,1.005644133918354444e-01,-5.805626215530179657e-02,-7.931092302618313050e-03,-1.230492913164198399e-01,6.783425837755203247e+00
1.640000000000000000e+02,1.640000000000001179e-01,4.749216508708120621e+00,1.063013440092967360e-01,-3.130811212895923124e-02,1.004634110527881236e-01,-5.842340744192431323e-02,-8.244855452962246423e-03,-1.132806930691003799e-01,6.747842639684677124e+00
1.650000000000000000e+02,1.650000000000001188e-01,4.749206315191456973e+00,1.063391938143042337e-01,-3.144359299648474132e-02,1.003377746614834420e-01,-5.878786761131804539e-02,-8.553873418613168467e-03,-1.040508109144866467e-01,6.723157972097396851e+00
1.660000000000000000e+02,1.660000000000001197e-01,4.749195945565436006e+00,1.063766138890351043e-01,-3.157813876970285566e-02,1.001875684061954430e-01,-5.914937979580714433e-02,-8.858231346044125043e-03,-1.150946440175175667e-01,6.721322387456893921e+00
1.670000000000000000e+02,1.670000000000001206e-01,4.749185414311547504e+00,1.064135547977030360e-01,-3.171176123042024342e-02,1.000115036271312929e-01,-5.950787194359397070e-02,-9.158017075146927810e-03,-1.199609912000596523e-01,6.704809427261352539e+00
1.680000000000000000e+02,1.680000000000001215e-01,4.749174698498552338e+00,1.064499578970721505e-01,-3.184443918322193978e-02,9.980675809901698448e-02,-5.986336304905726102e-02,-9.452439309567114978e-03,-1.165952766314148903e-01,6.694537669420242310e+00
1.690000000000000000e+02,1.690000000000001223e-01,4.749163786206664462e+00,1.064858564413428133e-01,-3.197610279986205090e-02,9.957526556532318718e-02,-6.021549100057588255e-02,-9.741725331725556436e-03,-1.399141228757798672e-01,6.715689033269882202e+00
1.700000000000000000e+02,1.700000000000001232e-01,4.749152684799945234e+00,1.065213291434480847e-01,-3.210674360654005438e-02,9.931635639314029262e-02,-6.056416237797690449e-02,-1.002658830823448949e-02,-1.472486004931852221e-01,6.708862632513046265e+00
1.710000000000000000e+02,1.710000000000001241e-01,4.749141362539086586e+00,1.065562988027279473e-01,-3.223627209080301426e-02,9.903113722130812979e-02,-6.090918178390758442e-02,-1.030658378712401985e-02,-1.454357837792485952e-01,6.662144809961318970e+00
1.720000000000000000e+02,1.720000000000001250e-01,4.749129805207857657e+00,1.065908616703220430e-01,-3.236471044807943953e-02,9.872043171350662616e-02,-6.125051922330637666e-02,-1.058276243456895971e-02,-1.460797023028135300e-01,6.668979108333587646e+00
1.730000000000000000e+02,1.730000000000001259e-01,4.749118010510830601e+00,1.066250824321783724e-01,-3.249210572606214820e-02,9.838540922459060312e-02,-6.158808056488274119e-02,-1.085576620898041217e-02,-1.418230753624811769e-01,6.648527503013610840e+00
1.740000000000000000e+02,1.740000000000001268e-01,4.749105965074313929e+00,1.066589264918223479e-01,-3.261838372597893748e-02,9.802456847746005009e-02,-6.192170723567302915e-02,-1.112515564250985550e-02,-1.320879740524105728e-01,6.622037589550018311e+00
1.750000000000000000e+02,1.750000000000001277e-01,4.749093664165473072e+00,1.066924436513674856e-01,-3.274351398355347664e-02,9.763445058030098544e-02,-6.225129085074110336e-02,-1.139090088136907042e-02,-1.262643179506994784e-01,6.644516676664352417e+00
1.760000000000000000e+02,1.760000000000001286e-01,4.749081122796900090e+00,1.067256816818901721e-01,-3.286755223765442518e-02,9.721686004591437169e-02,-6.257684324164114464e-02,-1.165324838991014383e-02,-1.210490225930698216e-01,6.632475495338439941e+00
1.770000000000000000e+02,1.770000000000001295e-01,4.749068350605756272e+00,1.067586692459975284e-01,-3.299050530885848376e-02,9.677268192954421866e-02,-6.289846748453653547e-02,-1.191231124399268898e-02,-1.211007937672547996e-01,6.688038945198059082e+00
1.780000000000000000e+02,1.780000000000001303e-01,4.749055352629169668e+00,1.067913842285207332e-01,-3.311228224118623747e-02,9.630219257411042066e-02,-6.321579271756516683e-02,-1.216837034213638646e-02,-1.215909957536496222e-01,6.634859621524810791e+00
1.790000000000000000e+02,1.790000000000001312e-01,4.749042130142147933e+00,1.068238105587475673e-01,-3.323278240847539478e-02,9.580534375372533329e-02,-6.352878462451649888e-02,-1.242108785572501595e-02,-1.342158022016519681e-01,6.646333575248718262e+00
1.800000000000000000e+02,1.800000000000001321e-01,4.749028678546407534e+00,1.068559600190562703e-01,-3.335198548324443124e-02,9.528346936370601927e-02,-6.383708413357824796e-02,-1.267063404670069893e-02,-1.289978220593184233e-01,6.664271682500839233e+00
1.810000000000000000e+02,1.810000000000001330e-01,4.749014983986625360e+00,1.068879153461952253e-01,-3.346991254315069553e-02,9.473593135910346463e-02,-6.414080220898643603e-02,-1.291763210204130430e-02,-1.279437411285471171e-01,6.673636734485626221e+00
1.820000000000000000e+02,1.820000000000001339e-01,4.749001052187543870e+00,1.069196915734250408e-01,-3.358655490028810559e-02,9.416454714273524151e-02,-6.443990824409917550e-02,-1.316283342618401742e-02,-1.397661725059151649e-01,6.649282485246658325e+00
1.830000000000000000e+02,1.830000000000001348e-01,4.748986872865297748e+00,1.069512948134792307e-01,-3.370186884155888102e-02,9.357046818969413926e-02,-6.473426211943222874e-02,-1.340643137160913573e-02,-1.465599555231165141e-01,6.653309255838394165e+00
1.840000000000000000e+02,1.840000000000001357e-01,4.748972429520637029e+00,1.069827299142314808e-01,-3.381584994166881436e-02,9.295203143511907018e-02,-6.502382150976848685e-02,-1.364779435883278075e-02,-1.359111547935754061e-01,6.687001258134841919e+00
1.850000000000000000e+02,1.850000000000001366e-01,4.748957705732309797e+00,1.070140268215312856e-01,-3.392851818797882474e-02,9.231034201134791228e-02,-6.530865988362855035e-02,-1.388707303578185642e-02,-1.303763210307806730e-01,6.648646563291549683e+00
1.860000000000000000e+02,1.860000000000001374e-01,4.748942716204303416e+00,1.070451192406142032e-01,-3.403987668013887941e-02,9.164767630376181862e-02,-6.558893476569038761e-02,-1.412368904997857166e-02,-1.274014359805732965e-01,6.628631681203842163e+00
1.870000000000000000e+02,1.870000000000001383e-01,4.748927473365195162e+00,1.070760902053708025e-01,-3.414994441265654934e-02,9.096498494073936014e-02,-6.586445505598170769e-02,-1.435865055025772885e-02,-1.165259985718876123e-01,6.618800908327102661e+00
1.880000000000000000e+02,1.880000000000001392e-01,4.748911980655309506e+00,1.071069018538942513e-01,-3.425874133903172164e-02,9.026543317283816648e-02,-6.613508995233252641e-02,-1.459249405445688097e-02,-1.172907585278153419e-01,6.621272176504135132e+00
1.890000000000000000e+02,1.890000000000001401e-01,4.748896249524636737e+00,1.071375572469574211e-01,-3.436633317834955625e-02,8.954928636916417717e-02,-6.640100180442165545e-02,-1.482542336450613091e-02,-1.143728946335613728e-01,6.609452039003372192e+00
1.900000000000000000e+02,1.900000000000001410e-01,4.748880268298107943e+00,1.071680844959630313e-01,-3.447265355332790326e-02,8.881890633761062304e-02,-6.666191053865544447e-02,-1.505746359558959857e-02,-1.229668445885181427e-01,6.610869824886322021e+00
1.910000000000000000e+02,1.910000000000001419e-01,4.748864045081213625e+00,1.071984484360609252e-01,-3.457768715673421173e-02,8.807323128742386431e-02,-6.691774975083775168e-02,-1.528836943212214666e-02,-1.255034827627241611e-01,6.627577513456344604e+00
1.920000000000000000e+02,1.920000000000001428e-01,4.748847575006609922e+00,1.072286757175958949e-01,-3.468141641526865937e-02,8.731422862461410417e-02,-6.716840509596311293e-02,-1.551859555148644293e-02,-1.241463921032845974e-01,6.608962655067443848e+00
1.930000000000000000e+02,1.930000000000001437e-01,4.748830861546300852e+00,1.072588256821261909e-01,-3.478387972860214755e-02,8.654295088195659846e-02,-6.741403407915913526e-02,-1.574880387108623658e-02,-1.258954931981861591e-01,6.576359897851943970e+00
1.940000000000000000e+02,1.940000000000001446e-01,4.748813903276572823e+00,1.072888787980680464e-01,-3.488509535941024253e-02,8.576120360995891090e-02,-6.765455255221652919e-02,-1.597933496587219948e-02,-1.251646527089178562e-01,6.559965476393699646e+00
1.950000000000000000e+02,1.950000000000001454e-01,4.748796690786959651e+00,1.073187229521138791e-01,-3.498504023495815213e-02,8.496954301132482457e-02,-6.788975108144001958e-02,-1.620959972348506861e-02,-1.166077153757214546e-01,6.575724050402641296e+00
1.960000000000000000e+02,1.960000000000001463e-01,4.748779214618738642e+00,1.073483029705769171e-01,-3.508359489881585080e-02,8.417010407099387304e-02,-6.811911174592610863e-02,-1.643918521439291514e-02,-1.212821342051029205e-01,6.589003503322601318e+00
1.970000000000000000e+02,1.970000000000001472e-01,4.748761481448695143e+00,1.073775212001694679e-01,-3.518081900323778016e-02,8.336068240755371839e-02,-6.834301375937257284e-02,-1.666695914209279095e-02,-1.218285020440816879e-01,6.561124563217163086e+00
1.980000000000000000e+02,1.980000000000001481e-01,4.748743479645760601e+00,1.074063594099601560e-01,-3.527664355675818458e-02,8.254211561602763092e-02,-6.856128190227228636e-02,-1.689291725735321548e-02,-1.153912027366459370e-01,6.546471387147903442e+00
1.990000000000000000e+02,1.990000000000001490e-01,4.748725203828447761e+00,1.074348647091669384e-01,-3.537109532048620525e-02,8.171324540386745716e-02,-6.877389774892184171e-02,-1.711720359089333870e-02,-1.119028003886342049e-01,6.560382828116416931e+00
2.000000000000000000e+02,2.000000000000001499e-01,4.748706657257299568e+00,1.074630451605261550e-01,-3.546415875355127256e-02,8.087681369471819148e-02,-6.898067466997392927e-02,-1.734006331219097724e-02,-1.222770996391773224e-01,6.589826300740242004e+00
2.010000000000000000e+02,2.010000000000001508e-01,4.748687846513335309e+00,1.074908995759604607e-01,-3.555579969163116805e-02,8.003358210766174652e-02,-6.918154995312830735e-02,-1.756173219593399823e-02,-1.193700619041919708e-01,6.606573164463043213e+00
2.020000000000000000e+02,2.020000000000001517e-01,4.748668767972243465e+00,1.075185102227435019e-01,-3.564602423910897405e-02,7.918368670945966081e-02,-6.937662731725269261e-02,-1.778316625515615965e-02,-1.173526528291404247e-01,6.598405897617340088e+00
2.030000000000000000e+02,2.030000000000001525e-01,4.748649420136971777e+00,1.075459226309640054e-01,-3.573478422692701745e-02,7.832955976585423419e-02,-6.956573785331254811e-02,-1.800518037632022408e-02,-1.240224046632647514e-01,6.581519603729248047e+00
2.040000000000000000e+02,2.040000000000001534e-01,4.748629801752509927e+00,1.075731432074693988e-01,-3.582213253715022666e-02,7.747074345199965462e-02,-6.974904393677472392e-02,-1.822754819813908120e-02,-1.215919023379683495e-01,6.595731601119041443e+00
2.050000000000000000e+02,2.050000000000001543e-01,4.748609907684922860e+00,1.076002203062479540e-01,-3.590809715975683269e-02,7.660641263371725795e-02,-6.992657262422996567e-02,-1.845063444043866172e-02,-1.263383277691900730e-01,6.625430062413215637e+00
2.060000000000000000e+02,2.060000000000001552e-01,4.748589732087281412e+00,1.076271335251102607e-01,-3.599266155164957542e-02,7.573337814008737623e-02,-7.009843627014555878e-02,-1.867396459564956562e-02,-1.359796226024627686e-01,6.609441056847572327e+00
2.070000000000000000e+02,2.070000000000001561e-01,4.748569267742882793e+00,1.076539193544967382e-01,-3.607574879568159476e-02,7.484962443674347821e-02,-7.026459665114970221e-02,-1.889704345170487715e-02,-1.502015036530792713e-01,6.587638989090919495e+00
2.080000000000000000e+02,2.080000000000001570e-01,4.748548500729802946e+00,1.076806243284978704e-01,-3.615738053106945515e-02,7.395648367161744563e-02,-7.042498456779533456e-02,-1.912065859345458280e-02,-1.507210200652480125e-01,6.580885395407676697e+00
2.090000000000000000e+02,2.090000000000001579e-01,4.748527409837773661e+00,1.077072767160828365e-01,-3.623762605525419206e-02,7.305313229639211203e-02,-7.057972822180080819e-02,-1.934523690369825688e-02,-1.421584459021687508e-01,6.560613065958023071e+00
2.100000000000000000e+02,2.100000000000001588e-01,4.748505994912710193e+00,1.077339285574712702e-01,-3.631644747990009359e-02,7.214085292293936913e-02,-7.072862355133269219e-02,-1.957135812193467467e-02,-1.408274415880441666e-01,6.578049317002296448e+00
2.110000000000000000e+02,2.110000000000001597e-01,4.748484258656718637e+00,1.077609042401887901e-01,-3.639387720711132618e-02,7.121859258743279408e-02,-7.087149047928487100e-02,-1.980339129446575391e-02,-1.447452912107110023e-01,6.594425797462463379e+00
2.120000000000000000e+02,2.120000000000001605e-01,4.748462186233079585e+00,1.077881475061571587e-01,-3.646997448244054807e-02,7.028335988727964223e-02,-7.100869178612301269e-02,-2.004074475213907594e-02,-1.477352371439337730e-01,6.603752493858337402e+00
2.130000000000000000e+02,2.130000000000001614e-01,4.748439774325327711e+00,1.078155916187063940e-01,-3.654475875903657328e-02,6.933456535002821552e-02,-7.114039465476595936e-02,-2.028313907745566552e-02,-1.426650965586304665e-01,6.598135441541671753e+00
2.140000000000000000e+02,2.140000000000001623e-01,4.748416999552487638e+00,1.078431058673563619e-01,-3.661824839198304232e-02,6.836929926628534937e-02,-7.126683582241000181e-02,-2.052927818146132316e-02,-1.449936926364898682e-01,6.612082451581954956e+00
2.150000000000000000e+02,2.150000000000001632e-01,4.748393851084291128e+00,1.078705100538937950e-01,-3.669041623645350608e-02,6.738615245158016687e-02,-7.138800307575943194e-02,-2.077734218792513105e-02,-1.497560273855924606e-01,6.594405621290206909e+00
2.160000000000000000e+02,2.160000000000001641e-01,4.748370320949083734e+00,1.078976586122808862e-01,-3.676123145758792427e-02,6.638325139142382814e-02,-7.150396306400708113e-02,-2.102617242770772610e-02,-1.472330568358302116e-01,6.624864548444747925e+00
2.170000000000000000e+02,2.170000000000001650e-01,4.748346403320581111e+00,1.079245338489623479e-01,-3.683067844201794866e-02,6.536023575262266128e-02,-7.161458409370213829e-02,-2.127589170630447835e-02,-1.726034674793481827e-01,6.676644563674926758e+00
2.180000000000000000e+02,2.180000000000001659e-01,4.748322095120637520e+00,1.079510234176977723e-01,-3.689876938122660377e-02,6.431639178214390573e-02,-7.172011160601488022e-02,-2.152565257568599816e-02,-1.785664111375808716e-01,6.679446607828140259e+00
2.190000000000000000e+02,2.190000000000001668e-01,4.748297353623969208e+00,1.079770708978752963e-01,-3.696541829080903646e-02,6.325290131760415158e-02,-7.182048825413667181e-02,-2.177480933804128160e-02,-1.749160951003432274e-01,6.714065790176391602e+00
2.200000000000000000e+02,2.200000000000001676e-01,4.748272159365193090e+00,1.080025732478541028e-01,-3.703061383262343242e-02,6.216789992988440428e-02,-7.191576794695242469e-02,-2.202242813486661108e-02,-1.795057756826281548e-01,6.744390696287155151e+00
2.210000000000000000e+02,2.210000000000001685e-01,4.748246523176311129e+00,1.080273944042996898e-01,-3.709443378944294462e-02,6.106086039249078445e-02,-7.200645650828807476e-02,-2.226665270642484706e-02,-1.697242790833115578e-01,6.785882472991943359e+00
2.220000000000000000e+02,2.220000000000001694e-01,4.748220428899175616e+00,1.080514379053245516e-01,-3.715687880760778355e-02,5.993050807521477924e-02,-7.209278140923203182e-02,-2.250602689574208309e-02,-1.703319782391190529e-01,6.804093688726425171e+00
2.230000000000000000e+02,2.230000000000001703e-01,4.748193898615975961e+00,1.080747071848665308e-01,-3.721790129446572726e-02,5.877413817913682004e-02,-7.217484296803555743e-02,-2.274065437246204635e-02,-1.733598802238702774e-01,6.807870626449584961e+00
2.240000000000000000e+02,2.240000000000001712e-01,4.748166944947262103e+00,1.080972760671717325e-01,-3.727753400271005546e-02,5.758940223916107770e-02,-7.225286538208686160e-02,-2.297108596063713801e-02,-1.761565618216991425e-01,6.797461241483688354e+00
2.250000000000000000e+02,2.250000000000001721e-01,4.748139573992447460e+00,1.081191846073547569e-01,-3.733577126322864398e-02,5.637690850059194625e-02,-7.232680619723774740e-02,-2.319819913420068103e-02,-1.699853176251053810e-01,6.768650978803634644e+00
2.260000000000000000e+02,2.260000000000001730e-01,4.748111775700457393e+00,1.081403769466131176e-01,-3.739261298565643016e-02,5.513628926689084775e-02,-7.239662311351824364e-02,-2.342174955040426595e-02,-1.705866884440183640e-01,6.764264971017837524e+00
2.270000000000000000e+02,2.270000000000001739e-01,4.748083554415885921e+00,1.081608442108964868e-01,-3.744808462867429966e-02,5.386887788708760033e-02,-7.246224245807786346e-02,-2.364119027038318749e-02,-1.653110142797231674e-01,6.768418401479721069e+00
2.280000000000000000e+02,2.280000000000001747e-01,4.748054909125145606e+00,1.081805062634632747e-01,-3.750228661442395889e-02,5.257383617785740815e-02,-7.252401698070354286e-02,-2.385512717208028086e-02,-1.676366291940212250e-01,6.782585918903350830e+00
2.290000000000000000e+02,2.290000000000001756e-01,4.748025849083371774e+00,1.081994326273324897e-01,-3.755525116653608136e-02,5.124714757592623710e-02,-7.258214002453544644e-02,-2.406410258791604612e-02,-1.690425062552094460e-01,6.836608201265335083e+00
2.300000000000000000e+02,2.300000000000001765e-01,4.747996369728225474e+00,1.082176308976503104e-01,-3.760692728544184210e-02,4.988945576783627989e-02,-7.263649510064129622e-02,-2.426806711313362133e-02,-1.645071664825081825e-01,6.798742562532424927e+00
2.310000000000000000e+02,2.310000000000001774e-01,4.747966480854764804e+00,1.082351597248741720e-01,-3.765729462676060263e-02,4.850316885415485724e-02,-7.268719739603124452e-02,-2.446710609159634051e-02,-1.714078923687338829e-01,6.814314424991607666e+00
2.320000000000000000e+02,2.320000000000001783e-01,4.747936183648134190e+00,1.082521244246568287e-01,-3.770628992769511217e-02,4.708925368989503452e-02,-7.273380217798797176e-02,-2.466203532652842118e-02,-1.788149541243910789e-01,6.817196726799011230e+00
2.330000000000000000e+02,2.330000000000001792e-01,4.747905479303411447e+00,1.082685754583705279e-01,-3.775389596379459534e-02,4.564536031375705794e-02,-7.277634635719998357e-02,-2.485330261798543439e-02,-1.891521858051419258e-01,6.836625754833221436e+00
2.340000000000000000e+02,2.340000000000001801e-01,4.747874370198654326e+00,1.082845819430129225e-01,-3.780010753588449596e-02,4.417098783791987421e-02,-7.281481176614557072e-02,-2.504148644074417202e-02,-1.876816237345337868e-01,6.812397181987762451e+00
2.350000000000000000e+02,2.350000000000001810e-01,4.747842855577551369e+00,1.083002186462051625e-01,-3.784499302837613516e-02,4.266684122106149946e-02,-7.284947418476472869e-02,-2.522711259082866322e-02,-1.919558327645063400e-01,6.843181520700454712e+00
2.360000000000000000e+02,2.360000000000001819e-01,4.747810934419339546e+00,1.083154284224065317e-01,-3.788859958348395063e-02,4.113342570925298397e-02,-7.288036183521007239e-02,-2.540966326498781541e-02,-1.954514645040035248e-01,6.848037540912628174e+00
2.370000000000000000e+02,2.370000000000001827e-01,4.747778595568588500e+00,1.083301515375373197e-01,-3.793083887293863254e-02,3.957305085733912181e-02,-7.290726847341577610e-02,-2.558873925592191484e-02,-1.747913220897316933e-01,6.855642735958099365e+00
2.380000000000000000e+02,2.380000000000001836e-01,4.747745837436419869e+00,1.083444245453601545e-01,-3.797165629677534682e-02,3.798963838232349843e-02,-7.292990452908498789e-02,-2.576491220095425416e-02,-1.836179047822952271e-01,6.884387135505676270e+00
2.390000000000000000e+02,2.390000000000001845e-01,4.747712696582542691e+00,1.083582389643605176e-01,-3.801112971542310037e-02,3.638303908376479961e-02,-7.294857382312902594e-02,-2.593774354888164768e-02,-1.915761465206742287e-01,6.897653162479400635e+00
2.400000000000000000e+02,2.400000000000001854e-01,4.747679172769807998e+00,1.083717457022552455e-01,-3.804923484996794447e-02,3.475111966895906568e-02,-7.296336633712519060e-02,-2.610794917864853876e-02,-1.906747361645102501e-01,6.875356227159500122e+00
2.410000000000000000e+02,2.410000000000001863e-01,4.747645277194384228e+00,1.083850654098469646e-01,-3.808601975244688131e-02,3.309577367923102753e-02,-7.297442649123309089e-02,-2.627668971689818556e-02,-1.870311535894870758e-01,6.927282005548477173e+00
2.420000000000000000e+02,2.420000000000001872e-01,4.747611017569954406e+00,1.083982448943240501e-01,-3.812145392496422980e-02,3.141466352910106397e-02,-7.298160987358492946e-02,-2.644390917688092466e-02,-1.804789900779724121e-01,6.927999943494796753e+00
2.430000000000000000e+02,2.430000000000001881e-01,4.747576419877479026e+00,1.084109540528628846e-01,-3.815559501428315153e-02,2.971038682601119529e-02,-7.298538520629049842e-02,-2.660485211011773959e-02,-1.609085835516452789e-01,6.955125659704208374e+00
2.440000000000000000e+02,2.440000000000001890e-01,4.747541501391379093e+00,1.084231699266041127e-01,-3.818843513577931809e-02,2.798311795797425380e-02,-7.298573209665493167e-02,-2.675844626396011935e-02,-1.677330574020743370e-01,6.981056988239288330e+00
2.450000000000000000e+02,2.450000000000001898e-01,4.747506311052053896e+00,1.084350779357699246e-01,-3.821998688976736142e-02,2.623402304460418707e-02,-7.298274781543834244e-02,-2.690622590493004299e-02,-1.675976999104022980e-01,6.980020195245742798e+00
2.460000000000000000e+02,2.460000000000001907e-01,4.747470852725823143e+00,1.084468369345292782e-01,-3.825025963650838939e-02,2.446177717101258309e-02,-7.297657636118537461e-02,-2.704950468945620246e-02,-1.649753190577030182e-01,6.980563491582870483e+00
2.470000000000000000e+02,2.470000000000001916e-01,4.747435142563516841e+00,1.084586115447546822e-01,-3.827927858967613423e-02,2.266866250938984195e-02,-7.296720347544494167e-02,-2.718985318162375070e-02,-1.611617961898446083e-01,6.964351028203964233e+00
2.480000000000000000e+02,2.480000000000001925e-01,4.747399195017334428e+00,1.084705297764837068e-01,-3.830703719749301711e-02,2.085661501189592371e-02,-7.295453334204826668e-02,-2.732841829056630034e-02,-1.512110121548175812e-01,6.927510857582092285e+00
2.490000000000000000e+02,2.490000000000001934e-01,4.747363011790185716e+00,1.084826841204998144e-01,-3.833353368764982894e-02,1.902474742324126306e-02,-7.293848745950692880e-02,-2.746579913002147183e-02,-1.502237264066934586e-01,6.977454632520675659e+00
2.500000000000000000e+02,2.500000000000001665e-01,4.747326617598084830e+00,1.084951800584351839e-01,-3.835889980045618236e-02,1.717485216507530152e-02,-7.291926902625167628e-02,-2.760273635865272482e-02,-1.445989552885293961e-01,7.038459211587905884e+00
2.510000000000000000e+02,2.510000000000001674e-01,4.747290030505560310e+00,1.085081196811038262e-01,-3.838311972857277182e-02,1.530614593718468766e-02,-7.289706972966358833e-02,-2.774010958256266715e-02,-1.442028637975454330e-01,7.021521747112274170e+00
2.520000000000000000e+02,2.520000000000001683e-01,4.747253256245731912e+00,1.085214822973317311e-01,-3.840610928316951639e-02,1.342056493066102682e-02,-7.287184144424529997e-02,-2.787827612996120544e-02,-1.330202436074614525e-01,6.998951703310012817e+00
2.530000000000000000e+02,2.530000000000001692e-01,4.747216288683883789e+00,1.085352870225196331e-01,-3.842786078934831706e-02,1.151925275624112073e-02,-7.284344600838998929e-02,-2.801748712972814553e-02,-1.366780381649732590e-01,6.958028256893157959e+00
2.540000000000000000e+02,2.540000000000001701e-01,4.747179145851466942e+00,1.085495787388687100e-01,-3.844838953289807931e-02,9.603095287250965062e-03,-7.281180932085429269e-02,-2.815786612470939226e-02,-1.338795311748981476e-01,6.977185428142547607e+00
2.550000000000000000e+02,2.550000000000001710e-01,4.747141827510723111e+00,1.085644463840263335e-01,-3.846769019407170892e-02,7.673247285255832204e-03,-7.277669320550361753e-02,-2.830022914571866943e-02,-1.243820041418075562e-01,6.998780220746994019e+00
2.560000000000000000e+02,2.560000000000001719e-01,4.747104349225353737e+00,1.085799491270742073e-01,-3.848580189418523978e-02,5.732269373090912237e-03,-7.273826436177999177e-02,-2.844511131779764446e-02,-1.210523424670100212e-01,7.001324027776718140e+00
2.570000000000000000e+02,2.570000000000001728e-01,4.747066731367272752e+00,1.085961126922401071e-01,-3.850275520573759325e-02,3.783669901372192085e-03,-7.269665252285895107e-02,-2.859273678710532937e-02,-1.059317709878087044e-01,6.961776703596115112e+00
2.580000000000000000e+02,2.580000000000001736e-01,4.747028990006191940e+00,1.086129985636585110e-01,-3.851856245737435291e-02,1.826617121912017805e-03,-7.265194589839540917e-02,-2.874370078896880398e-02,-1.235264213755726814e-01,7.052498340606689453e+00
2.590000000000000000e+02,2.590000000000001745e-01,4.746991135115417038e+00,1.086305864635241786e-01,-3.853318689528290042e-02,-1.405600738981650083e-04,-7.260389036494818704e-02,-2.889788275231606335e-02,-1.322924261912703514e-01,7.101363450288772583e+00
2.600000000000000000e+02,2.600000000000001754e-01,4.746953137649280841e+00,1.086487881650886334e-01,-3.854662903347396558e-02,-2.117646355235513686e-03,-7.255292176029426443e-02,-2.905425092452653540e-02,-1.266752853989601135e-01,7.136295884847640991e+00
2.610000000000000000e+02,2.610000000000001763e-01,4.746914975714708440e+00,1.086675294649816353e-01,-3.855878530974393009e-02,-4.108147746798126304e-03,-7.249902245126271794e-02,-2.921218381787631449e-02,-1.219811188057065010e-01,7.142120867967605591e+00
2.620000000000000000e+02,2.620000000000001772e-01,4.746876668627323603e+00,1.086867855489323242e-01,-3.856973476243739235e-02,-6.109282377867304020e-03,-7.244256148686467611e-02,-2.937161368453672719e-02,-1.260381275787949562e-01,7.144891530275344849e+00
2.630000000000000000e+02,2.630000000000001781e-01,4.746838220282541876e+00,1.087065413963123478e-01,-3.857947348138387328e-02,-8.121845954866096715e-03,-7.238358111379405990e-02,-2.953248578915319833e-02,-1.278057638555765152e-01,7.163694769144058228e+00
2.640000000000000000e+02,2.640000000000001790e-01,4.746799626556134299e+00,1.087268066016737061e-01,-3.858804304428707643e-02,-1.014726366757284087e-02,-7.232227658702439221e-02,-2.969477897758568408e-02,-1.191303012892603874e-01,7.143341213464736938e+00
2.650000000000000000e+02,2.650000000000001799e-01,4.746760892666603837e+00,1.087475948341637549e-01,-3.859544545585100878e-02,-1.218461220036316968e-02,-7.225873803010007812e-02,-2.985915249277773520e-02,-1.295124217867851257e-01,7.146255522966384888e+00
2.660000000000000000e+02,2.660000000000001807e-01,4.746722025616213259e+00,1.087688408468365786e-01,-3.860170521723960135e-02,-1.423315571353107184e-02,-7.219294182693380968e-02,-3.002534368131026810e-02,-1.270337635651230812e-01,7.129153758287429810e+00
2.670000000000000000e+02,2.670000000000001816e-01,4.746683014687394397e+00,1.087905485965765806e-01,-3.860685241681767466e-02,-1.629509471813359034e-02,-7.212506771798610217e-02,-3.019324811422430949e-02,-1.197394113987684250e-01,7.135118424892425537e+00
2.680000000000000000e+02,2.680000000000001825e-01,4.746643855264673917e+00,1.088126856444119606e-01,-3.861087826625993896e-02,-1.836954426542066268e-02,-7.205499781828095252e-02,-3.036288494988713046e-02,-1.129974070936441422e-01,7.149593234062194824e+00
2.690000000000000000e+02,2.690000000000001834e-01,4.746604551495519964e+00,1.088351840762082356e-01,-3.861383029495916303e-02,-2.045718418850500653e-02,-7.198294085645207119e-02,-3.053385303548370594e-02,-1.089945444837212563e-01,7.168925642967224121e+00
2.700000000000000000e+02,2.700000000000001843e-01,4.746565104865094753e+00,1.088579970751308579e-01,-3.861577797073425383e-02,-2.255956840382209588e-02,-7.190922775440178327e-02,-3.070546823846050793e-02,-1.114116692915558815e-01,7.177463024854660034e+00
2.710000000000000000e+02,2.710000000000001852e-01,4.746525518262924237e+00,1.088811289710645142e-01,-3.861673976136444780e-02,-2.467683194573788708e-02,-7.183401672036504593e-02,-3.087772859792093511e-02,-1.197052542120218277e-01,7.208520323038101196e+00
2.720000000000000000e+02,2.720000000000001861e-01,4.746485779874412003e+00,1.089045465018504688e-01,-3.861672030381218396e-02,-2.680993176417633198e-02,-7.175738438205114811e-02,-3.105038628928057445e-02,-1.233556047081947327e-01,7.234712362289428711e+00
2.730000000000000000e+02,2.730000000000001870e-01,4.746445884892024125e+00,1.089282077870607629e-01,-3.861571586908049691e-02,-2.895956428323128926e-02,-7.167948794393819156e-02,-3.122324647331954986e-02,-1.171477250754833221e-01,7.210011124610900879e+00
2.740000000000000000e+02,2.740000000000001878e-01,4.746405826610772927e+00,1.089520674911546583e-01,-3.861368353879454651e-02,-3.112642035879253574e-02,-7.160031417575218882e-02,-3.139582165154179011e-02,-1.147454082965850830e-01,7.197004556655883789e+00
2.750000000000000000e+02,2.750000000000001887e-01,4.746365610233691079e+00,1.089760625221650875e-01,-3.861066822476041938e-02,-3.331012043735477601e-02,-7.151986772111507129e-02,-3.156757329542586588e-02,-1.102720107883214951e-01,7.197308033704757690e+00
2.760000000000000000e+02,2.760000000000001896e-01,4.746325241546315965e+00,1.090001487110025674e-01,-3.860667610819056017e-02,-3.551207830401802157e-02,-7.143814330537701096e-02,-3.173847288758020746e-02,-1.046742619946599007e-01,7.182559967041015625e+00
2.770000000000000000e+02,2.770000000000001905e-01,4.746284724967097191e+00,1.090243348770251891e-01,-3.860169443226588171e-02,-3.773317897437628715e-02,-7.135512168255297993e-02,-3.190859738604936297e-02,-1.016033748164772987e-01,7.161259025335311890e+00
2.780000000000000000e+02,2.780000000000001914e-01,4.746244057770554470e+00,1.090485480485301889e-01,-3.859571640563341788e-02,-3.997461186737093219e-02,-7.127071797752893012e-02,-3.207737819180520034e-02,-9.911545831710100174e-02,7.152702599763870239e+00
2.790000000000000000e+02,2.790000000000001923e-01,4.746203236714816143e+00,1.090727485739530489e-01,-3.858874675010639382e-02,-4.223775132557715251e-02,-7.118486811839108697e-02,-3.224449753109058514e-02,-9.645844064652919769e-02,7.130072534084320068e+00
2.800000000000000000e+02,2.800000000000001932e-01,4.746162268839809073e+00,1.090969650565481175e-01,-3.858080611229910278e-02,-4.452306680359541941e-02,-7.109760967493850004e-02,-3.241013561438055995e-02,-9.309421200305223465e-02,7.177501112222671509e+00
2.810000000000000000e+02,2.810000000000001941e-01,4.746121161255167920e+00,1.091211893259929760e-01,-3.857191901206102891e-02,-4.682972522477973909e-02,-7.100890607977761171e-02,-3.257446033577182654e-02,-9.570107422769069672e-02,7.163759768009185791e+00
2.820000000000000000e+02,2.820000000000001950e-01,4.746079916708306534e+00,1.091453994108529252e-01,-3.856209467586946965e-02,-4.915688945725239789e-02,-7.091900021798891451e-02,-3.273781644658377288e-02,-9.867229778319597244e-02,7.189021408557891846e+00
2.830000000000000000e+02,2.830000000000001958e-01,4.746038525350958714e+00,1.091695293205396655e-01,-3.855138153225869807e-02,-5.150696823924540146e-02,-7.082803807013071662e-02,-3.289983052784474504e-02,-9.426397085189819336e-02,7.212490141391754150e+00
2.840000000000000000e+02,2.840000000000001967e-01,4.745996993105557671e+00,1.091935827441463253e-01,-3.853985080324755230e-02,-5.387832873126239402e-02,-7.073632169980337281e-02,-3.306030090288591267e-02,-9.569317568093538284e-02,7.238137096166610718e+00
2.850000000000000000e+02,2.850000000000001976e-01,4.745955321383552139e+00,1.092175108823027624e-01,-3.852747451263841688e-02,-5.627003433360926177e-02,-7.064383100510363001e-02,-3.321923552431516047e-02,-9.687757492065429688e-02,7.236637026071548462e+00
2.860000000000000000e+02,2.860000000000001985e-01,4.745913512989358374e+00,1.092413313668976482e-01,-3.851429085481163084e-02,-5.868054662425668810e-02,-7.055076463319065461e-02,-3.337657651567985106e-02,-1.010106429457664490e-01,7.213852912187576294e+00
2.870000000000000000e+02,2.870000000000001994e-01,4.745871568636439441e+00,1.092650569454146486e-01,-3.850029356206491338e-02,-6.110701215640138712e-02,-7.045701548804705894e-02,-3.353247763613228377e-02,-9.632178861647844315e-02,7.202478647232055664e+00
2.880000000000000000e+02,2.880000000000002003e-01,4.745829489118936095e+00,1.092887513559684665e-01,-3.848547599377522693e-02,-6.354998359167927935e-02,-7.036248324532201615e-02,-3.368750811542729068e-02,-1.035968363285064697e-01,7.319692373275756836e+00
2.890000000000000000e+02,2.890000000000002012e-01,4.745787287417413403e+00,1.093124501263694759e-01,-3.846984969112119540e-02,-6.600799104839738529e-02,-7.026711578721300810e-02,-3.384176116646532562e-02,-1.042759316042065620e-01,7.291709631681442261e+00
2.900000000000000000e+02,2.900000000000002021e-01,4.745744963653085513e+00,1.093361045946577154e-01,-3.845352231480295840e-02,-6.847896515541579410e-02,-7.017176593098706228e-02,-3.399529749064224976e-02,-1.022688718512654305e-01,7.313155919313430786e+00
2.910000000000000000e+02,2.910000000000002029e-01,4.745702509997103746e+00,1.093596521248660636e-01,-3.843645659569983053e-02,-7.096741870781947403e-02,-7.007626021013724227e-02,-3.414761771154006809e-02,-1.042515048757195473e-01,7.298111140727996826e+00
2.920000000000000000e+02,2.920000000000002038e-01,4.745659914262996715e+00,1.093830456798693396e-01,-3.841858164725096142e-02,-7.346951751901925620e-02,-6.998034992740298499e-02,-3.429845230001088430e-02,-1.015062220394611359e-01,7.283032327890396118e+00
2.930000000000000000e+02,2.930000000000002047e-01,4.745617181378960048e+00,1.094062967103655304e-01,-3.839992601596602800e-02,-7.598412016078512354e-02,-6.988402114890801542e-02,-3.444787878555378990e-02,-1.007875325158238411e-01,7.282259434461593628e+00
2.940000000000000000e+02,2.940000000000002056e-01,4.745574316499428846e+00,1.094293728299784996e-01,-3.838053545186251303e-02,-7.851150402096046532e-02,-6.978734522389595796e-02,-3.459553882825234378e-02,-1.053183339536190033e-01,7.275878489017486572e+00
2.950000000000000000e+02,2.950000000000002065e-01,4.745531321227907107e+00,1.094522928506681120e-01,-3.836039994359581595e-02,-8.105490633964916591e-02,-6.969035437112314213e-02,-3.474143392153822285e-02,-9.774535801261663437e-02,7.272409558296203613e+00
2.960000000000000000e+02,2.960000000000002074e-01,4.745488195878102999e+00,1.094750974410002436e-01,-3.833952029410016976e-02,-8.361349824353835058e-02,-6.959303028484908893e-02,-3.488608447613272823e-02,-9.994510095566511154e-02,7.290663927793502808e+00
2.970000000000000000e+02,2.970000000000002083e-01,4.745444939869271295e+00,1.094977147764778502e-01,-3.831786144073726780e-02,-8.618719315777376155e-02,-6.949521828609839247e-02,-3.502938173998880467e-02,-1.045928308740258217e-01,7.339349895715713501e+00
2.980000000000000000e+02,2.980000000000002092e-01,4.745401542655206306e+00,1.095201367441174800e-01,-3.829538816405685109e-02,-8.877429398643106595e-02,-6.939681408243503213e-02,-3.517109172408561246e-02,-1.029921304434537888e-01,7.307899087667465210e+00
2.990000000000000000e+02,2.990000000000002101e-01,4.745357986918830484e+00,1.095423328587440959e-01,-3.827203825076571503e-02,-9.137712927538145513e-02,-6.929788436358585990e-02,-3.531096296674314516e-02,-9.377203416079282761e-02,7.294468164443969727e+00
3.000000000000000000e+02,3.000000000000002109e-01,4.745314263182269343e+00,1.095643013781592567e-01,-3.824781838692453001e-02,-9.399737851603709449e-02,-6.919833117714779824e-02,-3.544878744071505716e-02,-9.664710424840450287e-02,7.302689015865325928e+00
3.010000000000000000e+02,3.010000000000002118e-01,4.745270392539045368e+00,1.095860324662265434e-01,-3.822274808112535727e-02,-9.663541452466686832e-02,-6.909812286132543946e-02,-3.558430820577329623e-02,-8.406293578445911407e-02,7.274407416582107544e+00
3.020000000000000000e+02,3.020000000000002127e-01,4.745226377138525464e+00,1.096075364008436276e-01,-3.819686752991964529e-02,-9.929101233908192714e-02,-6.899741607996956461e-02,-3.571752545946817181e-02,-8.836288470774888992e-02,7.298205584287643433e+00
3.030000000000000000e+02,3.030000000000002136e-01,4.745182210963818648e+00,1.096288240144199788e-01,-3.817011310984210620e-02,-1.019630529405047836e-01,-6.889583223914130805e-02,-3.584867012328626229e-02,-9.065232612192630768e-02,7.307067811489105225e+00
3.040000000000000000e+02,3.040000000000002145e-01,4.745137895541694739e+00,1.096498738647317672e-01,-3.814248194470978848e-02,-1.046527030798487246e-01,-6.879348612200342217e-02,-3.597759900394997823e-02,-9.993654489517211914e-02,7.342574864625930786e+00
3.050000000000000000e+02,3.050000000000002154e-01,4.745093430411364110e+00,1.096707145110730058e-01,-3.811396001029609265e-02,-1.073607395361851347e-01,-6.869039913502739125e-02,-3.610483690704421184e-02,-9.994799178093671799e-02,7.341026186943054199e+00
3.060000000000000000e+02,3.060000000000002163e-01,4.745048802134460786e+00,1.096912582151767790e-01,-3.808457918464773495e-02,-1.100848386755505226e-01,-6.858675758759535945e-02,-3.622990858496801664e-02,-1.018184116110205650e-01,7.335644453763961792e+00
3.070000000000000000e+02,3.070000000000002172e-01,4.745004015745904802e+00,1.097114196633824923e-01,-3.805436198831794320e-02,-1.128243136987534118e-01,-6.848253188490893706e-02,-3.635186644721287441e-02,-9.968029614537954330e-02,7.338084310293197632e+00
3.080000000000000000e+02,3.080000000000002180e-01,4.744959065231920903e+00,1.097312301173631044e-01,-3.802329211821518090e-02,-1.155786415237056441e-01,-6.837762390171842064e-02,-3.647082416291257817e-02,-9.359312988817691803e-02,7.323744177818298340e+00
3.090000000000000000e+02,3.090000000000002189e-01,4.744913925584193670e+00,1.097505993301318705e-01,-3.799135714894135568e-02,-1.183466696767896675e-01,-6.827187163006143145e-02,-3.658574810740788941e-02,-7.734296284615993500e-02,7.350238859653472900e+00
3.100000000000000000e+02,3.100000000000002198e-01,4.744868614354022185e+00,1.097694384920759186e-01,-3.795861341152863278e-02,-1.211279165732900565e-01,-6.816537215215245915e-02,-3.669655595321164032e-02,-1.015136367641389370e-01,7.319526165723800659e+00
3.110000000000000000e+02,3.110000000000002207e-01,4.744823157600891683e+00,1.097877409720134784e-01,-3.792506050687576707e-02,-1.239187762506921697e-01,-6.805815008097870766e-02,-3.680355843315569891e-02,-9.572629863396286964e-02,7.355764955282211304e+00
3.120000000000000000e+02,3.120000000000002216e-01,4.744777506963352209e+00,1.098054361695552927e-01,-3.789069294083165229e-02,-1.267229874365227993e-01,-6.795009949943620065e-02,-3.690620882303993766e-02,-9.783717431128025055e-02,7.361736834049224854e+00
3.130000000000000000e+02,3.130000000000002225e-01,4.744731683368413222e+00,1.098225230810537523e-01,-3.785554118247962119e-02,-1.295379470378197062e-01,-6.784141589549697038e-02,-3.700449074306447900e-02,-9.535329416394233704e-02,7.368244946002960205e+00
3.140000000000000000e+02,3.140000000000002234e-01,4.744685697334904972e+00,1.098390259135514774e-01,-3.781962209720712842e-02,-1.323612066076306770e-01,-6.773210186243017183e-02,-3.709806361664334806e-02,-7.995860837399959564e-02,7.379137337207794189e+00
3.150000000000000000e+02,3.150000000000002243e-01,4.744639556353325460e+00,1.098549668040205846e-01,-3.778289901310589310e-02,-1.351908839049959510e-01,-6.762201268215295435e-02,-3.718698785070937568e-02,-7.449723314493894577e-02,7.418869137763977051e+00
3.160000000000000000e+02,3.160000000000002252e-01,4.744593290527638452e+00,1.098703737428570887e-01,-3.774546462596328061e-02,-1.380235674124713208e-01,-6.751140346865058817e-02,-3.727154616110214119e-02,-7.518043555319309235e-02,7.398394018411636353e+00
3.170000000000000000e+02,3.170000000000002260e-01,4.744546910158037534e+00,1.098853092827697803e-01,-3.770733255175788556e-02,-1.408538323726956087e-01,-6.740041128113749558e-02,-3.735246528763427193e-02,-6.734645366668701172e-02,7.445898115634918213e+00
3.180000000000000000e+02,3.180000000000002269e-01,4.744500410747570562e+00,1.098998243329716018e-01,-3.766850456275044889e-02,-1.436824729497678810e-01,-6.728898192669086065e-02,-3.743008758500862565e-02,-6.770775932818651199e-02,7.491616219282150269e+00
3.190000000000000000e+02,3.190000000000002278e-01,4.744453798376243370e+00,1.099138668584743184e-01,-3.762904036763133758e-02,-1.465058150811956450e-01,-6.717742631435386080e-02,-3.750420555413356422e-02,-7.090918580070137978e-02,7.510133713483810425e+00
3.200000000000000000e+02,3.200000000000002287e-01,4.744407082544466192e+00,1.099274430570519462e-01,-3.758893051988110995e-02,-1.493219993735231954e-01,-6.706590864373773719e-02,-3.757509242190086585e-02,-7.192360004410147667e-02,7.487742960453033447e+00
3.210000000000000000e+02,3.210000000000002296e-01,4.744360268796821600e+00,1.099405791440742630e-01,-3.754823019030231052e-02,-1.521290546161399582e-01,-6.695463971886428389e-02,-3.764289888509565751e-02,-7.229476328939199448e-02,7.474168300628662109e+00
3.220000000000000000e+02,3.220000000000002305e-01,4.744313354136092897e+00,1.099533094913310721e-01,-3.750693917047704523e-02,-1.549280603207684182e-01,-6.684349990248650286e-02,-3.770775784391660473e-02,-7.439751643687486649e-02,7.468163907527923584e+00
3.230000000000000000e+02,3.230000000000002314e-01,4.744266337810183920e+00,1.099656137734897760e-01,-3.746507907676198401e-02,-1.577180727863689291e-01,-6.673240744616015796e-02,-3.776925799668847533e-02,-7.425552280619740486e-02,7.462624013423919678e+00
3.240000000000000000e+02,3.240000000000002323e-01,4.744219214172662014e+00,1.099774712994449066e-01,-3.742262871829531851e-02,-1.604986160071282253e-01,-6.662115641063737215e-02,-3.782672142760904604e-02,-7.299260748550295830e-02,7.435020774602890015e+00
3.250000000000000000e+02,3.250000000000002331e-01,4.744171986998834356e+00,1.099888925300699510e-01,-3.737953173180674771e-02,-1.632713691497454378e-01,-6.650960454843990455e-02,-3.788049602316609366e-02,-5.646092537790536880e-02,7.445802658796310425e+00
3.260000000000000000e+02,3.260000000000002340e-01,4.744124655097965437e+00,1.099998731081067715e-01,-3.733583325736809788e-02,-1.660392304357118931e-01,-6.639790040212711908e-02,-3.793106029372310395e-02,-6.240977067500352859e-02,7.426284044981002808e+00
3.270000000000000000e+02,3.270000000000002349e-01,4.744077232097640540e+00,1.100104330002119740e-01,-3.729148703319863645e-02,-1.688010575138194080e-01,-6.628583645308228078e-02,-3.797855795183581462e-02,-7.182876998558640480e-02,7.416600346565246582e+00
3.280000000000000000e+02,3.280000000000002358e-01,4.744029691247233949e+00,1.100205539001821720e-01,-3.724647028766622098e-02,-1.715588531337294831e-01,-6.617320335522403063e-02,-3.802233413641371851e-02,-7.375393994152545929e-02,7.457914650440216064e+00
3.290000000000000000e+02,3.290000000000002367e-01,4.743982015885852555e+00,1.100303040672672705e-01,-3.720076010569243335e-02,-1.743156040480501878e-01,-6.605992128035409472e-02,-3.806251890212090927e-02,-7.788770087063312531e-02,7.454666763544082642e+00
3.300000000000000000e+02,3.300000000000002376e-01,4.743934214371848590e+00,1.100397165194345328e-01,-3.715434345018409079e-02,-1.770746633189776431e-01,-6.594627141241815593e-02,-3.809932107704944171e-02,-7.978956308215856552e-02,7.422700136899948120e+00
3.310000000000000000e+02,3.310000000000002385e-01,4.743886296904328503e+00,1.100488482662539680e-01,-3.710720109413916806e-02,-1.798343281682612538e-01,-6.583219920844896045e-02,-3.813338819598602325e-02,-6.599766016006469727e-02,7.366001576185226440e+00
3.320000000000000000e+02,3.320000000000002394e-01,4.743838264201380106e+00,1.100577208512618227e-01,-3.705932531549034625e-02,-1.825946559935114899e-01,-6.571752812852538206e-02,-3.816487792187066297e-02,-7.138656405732035637e-02,7.381152063608169556e+00
3.330000000000000000e+02,3.330000000000002403e-01,4.743790126261279383e+00,1.100663790742900383e-01,-3.701073551546307794e-02,-1.853563391497652368e-01,-6.560202788329538848e-02,-3.819381425382729900e-02,-6.706069922074675560e-02,7.332810223102569580e+00
3.340000000000000000e+02,3.340000000000002411e-01,4.743741883039549911e+00,1.100748322220448661e-01,-3.696145235666056794e-02,-1.881173478035277347e-01,-6.548578559301954094e-02,-3.822022967616392486e-02,-7.400096952915191650e-02,7.350338965654373169e+00
3.350000000000000000e+02,3.350000000000002420e-01,4.743693537545722982e+00,1.100831400970523344e-01,-3.691149817001867367e-02,-1.908793244983686410e-01,-6.536877785423977905e-02,-3.824477273531882993e-02,-7.674888987094163895e-02,7.366138041019439697e+00
3.360000000000000000e+02,3.360000000000002429e-01,4.743645094887697589e+00,1.100912989035189443e-01,-3.686094385836250625e-02,-1.936412094870318679e-01,-6.525132196741134649e-02,-3.826751786685864132e-02,-7.519786152988672256e-02,7.368466347455978394e+00
3.370000000000000000e+02,3.370000000000002438e-01,4.743596571896629754e+00,1.100993684766461422e-01,-3.680982656107072842e-02,-1.964056964447492004e-01,-6.513368232631244759e-02,-3.828857311187716661e-02,-7.548755779862403870e-02,7.341408848762512207e+00
3.380000000000000000e+02,3.380000000000002447e-01,4.743547969498004946e+00,1.101073933916335568e-01,-3.675813048393512111e-02,-1.991714738652668737e-01,-6.501583061566629240e-02,-3.830834264517279930e-02,-8.601466007530689240e-02,7.364193439483642578e+00
3.390000000000000000e+02,3.390000000000002456e-01,4.743499277444218620e+00,1.101152851834907853e-01,-3.670587812500379632e-02,-2.019365516732906374e-01,-6.489764346086634994e-02,-3.832648760266563204e-02,-6.907919328659772873e-02,7.354012370109558105e+00
3.400000000000000000e+02,3.400000000000002465e-01,4.743450487196398946e+00,1.101229985100745656e-01,-3.665305188404092973e-02,-2.047004795745730188e-01,-6.477909622759892017e-02,-3.834260961899799147e-02,-7.274599373340606689e-02,7.352488547563552856e+00
3.410000000000000000e+02,3.410000000000002474e-01,4.743401623120183430e+00,1.101305604249795400e-01,-3.659970657714292641e-02,-2.074633436004347520e-01,-6.466030805823885785e-02,-3.835678954798596441e-02,-6.786320079118013382e-02,7.393187552690505981e+00
3.420000000000000000e+02,3.420000000000002482e-01,4.743352683395018587e+00,1.101380180211476573e-01,-3.654586946624216459e-02,-2.102219818428464060e-01,-6.454132157983205609e-02,-3.836954562021183124e-02,-6.914810277521610260e-02,7.391157388687133789e+00
3.430000000000000000e+02,3.430000000000002491e-01,4.743303679747450374e+00,1.101453025174876921e-01,-3.649157296419681257e-02,-2.129737047605486377e-01,-6.442239993154141864e-02,-3.838097235290935383e-02,-6.690211081877350807e-02,7.358315676450729370e+00
3.440000000000000000e+02,3.440000000000002500e-01,4.743254612560020789e+00,1.101524485759818456e-01,-3.643680733185782755e-02,-2.157176130998338104e-01,-6.430352489697699347e-02,-3.839131402710790897e-02,-5.512884957715868950e-02,7.381039589643478394e+00
3.450000000000000000e+02,3.450000000000002509e-01,4.743205489957571075e+00,1.101595462443662743e-01,-3.638163987670489652e-02,-2.184552115781259740e-01,-6.418480383876334905e-02,-3.840076752609204724e-02,-6.480605248361825943e-02,7.409915089607238770e+00
3.460000000000000000e+02,3.460000000000002518e-01,4.743156330421420819e+00,1.101666373696041784e-01,-3.632606973285836677e-02,-2.211852888613868306e-01,-6.406632133649625693e-02,-3.840970072685993830e-02,-6.114526232704520226e-02,7.420909166336059570e+00
3.470000000000000000e+02,3.470000000000002527e-01,4.743107125151364123e+00,1.101737205983036871e-01,-3.627011428966841339e-02,-2.239059111743101349e-01,-6.394824411451494051e-02,-3.841810129910272487e-02,-6.443499587476253510e-02,7.441142708063125610e+00
3.480000000000000000e+02,3.480000000000002536e-01,4.743057880296845497e+00,1.101808160172880607e-01,-3.621383820926966229e-02,-2.266149638763167162e-01,-6.383081287152059247e-02,-3.842635418467096886e-02,-6.765926815569400787e-02,7.388478010892868042e+00
3.490000000000000000e+02,3.490000000000002545e-01,4.743008587246873020e+00,1.101879663669072806e-01,-3.615720721326227960e-02,-2.293068214095742297e-01,-6.371390334196869176e-02,-3.843470155277836642e-02,-6.882116943597793579e-02,7.353422015905380249e+00
3.500000000000000000e+02,3.500000000000002554e-01,4.742959246211236213e+00,1.101951507879366243e-01,-3.610021903921969977e-02,-2.319814821819341510e-01,-6.359727937310699630e-02,-3.844321235122515057e-02,-5.193555401638150215e-02,7.328162431716918945e+00
3.510000000000000000e+02,3.510000000000002562e-01,4.742909865111212930e+00,1.102023951199991025e-01,-3.604292098906242137e-02,-2.346418096816275944e-01,-6.348105240947932160e-02,-3.845214459798065865e-02,-5.956628173589706421e-02,7.360916376113891602e+00
3.520000000000000000e+02,3.520000000000002571e-01,4.742860467155639803e+00,1.102097324365701042e-01,-3.598531266446853422e-02,-2.372883162666076795e-01,-6.336511798446342603e-02,-3.846177187089143412e-02,-6.350256642326712608e-02,7.399789869785308838e+00
3.530000000000000000e+02,3.530000000000002580e-01,4.742811033299167534e+00,1.102171391493543817e-01,-3.592742489647608034e-02,-2.399213271864694130e-01,-6.324978112610413206e-02,-3.847200887597246322e-02,-5.754907662048935890e-02,7.382196784019470215e+00
3.540000000000000000e+02,3.540000000000002589e-01,4.742761551747319615e+00,1.102246091308014542e-01,-3.586924573382280212e-02,-2.425398820482670137e-01,-6.313522500763268930e-02,-3.848307048003121733e-02,-5.538661452010273933e-02,7.362670123577117920e+00
3.550000000000000000e+02,3.550000000000002598e-01,4.742712009275137142e+00,1.102326093043824035e-01,-3.581088496411723859e-02,-2.451455008444206329e-01,-6.302286121202382851e-02,-3.850084095014946750e-02,-4.414576897397637367e-02,7.356376051902770996e+00
3.560000000000000000e+02,3.560000000000002607e-01,4.742662407127040680e+00,1.102412701076211782e-01,-3.575241067993131794e-02,-2.477379759200372678e-01,-6.291311007517030873e-02,-3.852678813035180505e-02,-3.955699247308075428e-02,7.348712950944900513e+00
3.570000000000000000e+02,3.570000000000002616e-01,4.742612743515899787e+00,1.102505716420968396e-01,-3.569380855935592317e-02,-2.503182304229961685e-01,-6.280579665858487814e-02,-3.856011892738139823e-02,-3.886725590564310551e-02,7.346129298210144043e+00
3.580000000000000000e+02,3.580000000000002625e-01,4.742563021587614003e+00,1.102604164567058953e-01,-3.563511083095058374e-02,-2.528868108188524477e-01,-6.270094025088046585e-02,-3.859991156458061901e-02,-3.991678846068680286e-02,7.341323912143707275e+00
3.590000000000000000e+02,3.590000000000002633e-01,4.742513233987518007e+00,1.102707775660783096e-01,-3.557623680619197842e-02,-2.554446515383085869e-01,-6.259825307248800819e-02,-3.864591260553403018e-02,-5.044543789699673653e-02,7.375434875488281250e+00
3.600000000000000000e+02,3.600000000000002642e-01,4.742463366612731157e+00,1.102815726079513087e-01,-3.551717451347503884e-02,-2.579902092831616867e-01,-6.249759094078766175e-02,-3.869752875410166493e-02,-5.142155708745121956e-02,7.378085464239120483e+00
3.610000000000000000e+02,3.610000000000002651e-01,4.742413384378760810e+00,1.102926689353113665e-01,-3.545790582495315924e-02,-2.605245213473820209e-01,-6.239888058540743465e-02,-3.875330636061156964e-02,-6.226448062807321548e-02,7.356868058443069458e+00
3.620000000000000000e+02,3.620000000000002660e-01,4.742363277619755735e+00,1.103039595275875917e-01,-3.539836645824052941e-02,-2.630494390321492237e-01,-6.230173988218257186e-02,-3.881184466532990041e-02,-5.251374375075101852e-02,7.387269914150238037e+00
3.630000000000000000e+02,3.630000000000002669e-01,4.742313034133595728e+00,1.103154041048285960e-01,-3.533853881636948163e-02,-2.655664029309171559e-01,-6.220597810096761826e-02,-3.887269867371825893e-02,-5.744156287983059883e-02,7.409217774868011475e+00
3.640000000000000000e+02,3.640000000000002678e-01,4.742262677925432435e+00,1.103269516917556176e-01,-3.527841991787139531e-02,-2.680755545037412091e-01,-6.211169035716013198e-02,-3.893563728694729442e-02,-5.919493548572063446e-02,7.351747483015060425e+00
3.650000000000000000e+02,3.650000000000002687e-01,4.742212212055204823e+00,1.103385689135856634e-01,-3.521796633628982570e-02,-2.705779953947730632e-01,-6.201884022485204540e-02,-3.900031493682550032e-02,-6.939608417451381683e-02,7.318212181329727173e+00
3.660000000000000000e+02,3.660000000000002696e-01,4.742161627446559891e+00,1.103501815912597966e-01,-3.515724013260538433e-02,-2.730738177685524959e-01,-6.192733648499704202e-02,-3.906621609507825166e-02,-6.521690357476472855e-02,7.367821544408798218e+00
3.670000000000000000e+02,3.670000000000002705e-01,4.742110905312973301e+00,1.103617252933080245e-01,-3.509622382434095245e-02,-2.755649653375110697e-01,-6.183672651251082009e-02,-3.913197425181738631e-02,-6.649787398055195808e-02,7.400462627410888672e+00
3.680000000000000000e+02,3.680000000000002713e-01,4.742060052291675376e+00,1.103731643161933174e-01,-3.503491699663265763e-02,-2.780485709345417167e-01,-6.174715227268401385e-02,-3.919742465883950533e-02,-6.671847356483340263e-02,7.396317660808563232e+00
3.690000000000000000e+02,3.690000000000002722e-01,4.742009064817701791e+00,1.103844405815806173e-01,-3.497335227490918491e-02,-2.805240689328459269e-01,-6.165875700891731981e-02,-3.926210454432065011e-02,-6.906372681260108948e-02,7.374691605567932129e+00
3.700000000000000000e+02,3.700000000000002731e-01,4.741957942358637546e+00,1.103954934481389816e-01,-3.491147682981793343e-02,-2.829935895452164174e-01,-6.157131028158890906e-02,-3.932537439643922494e-02,-5.909486685413867235e-02,7.362386345863342285e+00
3.710000000000000000e+02,3.710000000000002740e-01,4.741906689239588246e+00,1.104062512696992043e-01,-3.484930398965733339e-02,-2.854539467213231818e-01,-6.148471472063077314e-02,-3.938735148724985258e-02,-5.762941658031195402e-02,7.332187384366989136e+00
3.720000000000000000e+02,3.720000000000002749e-01,4.741855333191741018e+00,1.104167350015321930e-01,-3.478691852656371625e-02,-2.879051762576821383e-01,-6.139922131958996943e-02,-3.944840747398341285e-02,-5.339616717537865043e-02,7.316657751798629761e+00
3.730000000000000000e+02,3.730000000000002758e-01,4.741803880748562960e+00,1.104269333424753308e-01,-3.472433880305907800e-02,-2.903451544814295016e-01,-6.131460953281542281e-02,-3.950825514999159460e-02,-5.533627257682383060e-02,7.317763268947601318e+00
3.740000000000000000e+02,3.740000000000002767e-01,4.741752330308826480e+00,1.104368507177259512e-01,-3.466151830209686369e-02,-2.927740141415214881e-01,-6.123061970001741905e-02,-3.956677113849965677e-02,-3.890639147721230984e-02,7.332480967044830322e+00
3.750000000000000000e+02,3.750000000000002776e-01,4.741700691657605660e+00,1.104465025574769693e-01,-3.459849389635104994e-02,-2.951902569445499225e-01,-6.114739743129948835e-02,-3.962431383002840146e-02,-4.695249884389340878e-02,7.311279654502868652e+00
3.760000000000000000e+02,3.760000000000002784e-01,4.741648982331867934e+00,1.104558957761981458e-01,-3.453534015848990640e-02,-2.975911416527678988e-01,-6.106514219496905760e-02,-3.968065490523506322e-02,-5.702998302876949310e-02,7.333165287971496582e+00
3.770000000000000000e+02,3.770000000000002793e-01,4.741597189673082191e+00,1.104650386003043633e-01,-3.447209035468983690e-02,-2.999784494937240420e-01,-6.098391394230073814e-02,-3.973577084426249684e-02,-5.951181659474968910e-02,7.316104203462600708e+00
3.780000000000000000e+02,3.780000000000002802e-01,4.741545288409536596e+00,1.104738686500509326e-01,-3.440868703535030632e-02,-3.023515515353262240e-01,-6.090352268911458644e-02,-3.978893490386933851e-02,-5.819814978167414665e-02,7.290650933980941772e+00
3.790000000000000000e+02,3.790000000000002811e-01,4.741493273399651542e+00,1.104822841429145552e-01,-3.434517221474030907e-02,-3.047103801343461482e-01,-6.082394389577516769e-02,-3.983952827186734713e-02,-6.081848684698343277e-02,7.332018852233886719e+00
3.800000000000000000e+02,3.800000000000002820e-01,4.741441137931007077e+00,1.104902451921780382e-01,-3.428154741301992631e-02,-3.070546885392044789e-01,-6.074490996789982944e-02,-3.988710229796624263e-02,-7.134022330865263939e-02,7.322897911071777344e+00
3.810000000000000000e+02,3.810000000000002829e-01,4.741388882583614794e+00,1.104977686826625199e-01,-3.421782095646539595e-02,-3.093837025010992559e-01,-6.066657233947969630e-02,-3.993161828605965025e-02,-7.546654623001813889e-02,7.333354175090789795e+00
3.820000000000000000e+02,3.820000000000002838e-01,4.741336495907444437e+00,1.105049381453510060e-01,-3.415391626019038951e-02,-3.116964376709097650e-01,-6.058865460694429217e-02,-3.997345099879850983e-02,-7.001904491335153580e-02,7.289108067750930786e+00
3.830000000000000000e+02,3.830000000000002847e-01,4.741283980407374976e+00,1.105116437604772572e-01,-3.408995874546427718e-02,-3.139910022754245356e-01,-6.051150282450534768e-02,-4.001199578174335914e-02,-7.609503529965877533e-02,7.296257078647613525e+00
3.840000000000000000e+02,3.840000000000002855e-01,4.741231343631586270e+00,1.105179053602767664e-01,-3.402597583819739341e-02,-3.162677470187299500e-01,-6.043486683231336087e-02,-4.004696676050814586e-02,-8.046436589211225510e-02,7.301654458045959473e+00
3.850000000000000000e+02,3.850000000000002864e-01,4.741178588266125260e+00,1.105238376006110190e-01,-3.396196521379801075e-02,-3.185299527425619059e-01,-6.035905376292860502e-02,-4.007939259141263255e-02,-8.386050350964069366e-02,7.291208654642105103e+00
3.860000000000000000e+02,3.860000000000002873e-01,4.741125701570420681e+00,1.105294153001965818e-01,-3.389791533332666557e-02,-3.207791804156799875e-01,-6.028403274048810268e-02,-4.010894770170189694e-02,-7.868596911430358887e-02,7.309407591819763184e+00
3.870000000000000000e+02,3.870000000000002882e-01,4.741072689092144188e+00,1.105340695543036711e-01,-3.383362435654320433e-02,-3.230165605611264312e-01,-6.020735500984231159e-02,-4.012853895518253555e-02,-8.651717938482761383e-02,7.337815642356872559e+00
3.880000000000000000e+02,3.880000000000002891e-01,4.741019579257838679e+00,1.105376378662115688e-01,-3.376904348210530565e-02,-3.252382797247710400e-01,-6.012827685506882958e-02,-4.013612636314800586e-02,-9.167101979255676270e-02,7.349304109811782837e+00
3.890000000000000000e+02,3.890000000000002900e-01,4.740966376841750041e+00,1.105402121966453793e-01,-3.370418898982347616e-02,-3.274425786073882905e-01,-6.004707673527742706e-02,-4.013261027570619310e-02,-8.474479895085096359e-02,7.374735802412033081e+00
3.900000000000000000e+02,3.900000000000002909e-01,4.740913081715057764e+00,1.105418864838680626e-01,-3.363907974064022505e-02,-3.296318695297011381e-01,-5.996399456044620990e-02,-4.011861731540136700e-02,-7.535901945084333420e-02,7.346395939588546753e+00
3.910000000000000000e+02,3.910000000000002918e-01,4.740859706730719658e+00,1.105427440283379970e-01,-3.357372229686358261e-02,-3.318062738999851269e-01,-5.987925781238190304e-02,-4.009475374827498051e-02,-8.682221313938498497e-02,7.347351014614105225e+00
3.920000000000000000e+02,3.920000000000002927e-01,4.740806273492118805e+00,1.105429209049030859e-01,-3.350814087541282432e-02,-3.339630383459259999e-01,-5.979297768377778155e-02,-4.006210559650708047e-02,-8.250144775956869125e-02,7.365118324756622314e+00
3.930000000000000000e+02,3.930000000000002935e-01,4.740752787395219769e+00,1.105426008297822199e-01,-3.344234234803588474e-02,-3.361027841678841388e-01,-5.970542895972075215e-02,-4.002213192836623357e-02,-8.754208683967590332e-02,7.341031342744827271e+00
3.940000000000000000e+02,3.940000000000002944e-01,4.740699259565030133e+00,1.105418998603129588e-01,-3.337636623660919510e-02,-3.382248476909400781e-01,-5.961697692016665329e-02,-3.997597756746459896e-02,-9.155854582786560059e-02,7.345693141222000122e+00
3.950000000000000000e+02,3.950000000000002953e-01,4.740645692288552482e+00,1.105409640895244211e-01,-3.331028153431642852e-02,-3.403311631702387041e-01,-5.952803678559170919e-02,-3.992488989201639638e-02,-8.646796364337205887e-02,7.336662948131561279e+00
3.960000000000000000e+02,3.960000000000002962e-01,4.740592098546788868e+00,1.105399290407138996e-01,-3.324416374286609521e-02,-3.424208598304746554e-01,-5.943908549618437398e-02,-3.987012870831033173e-02,-8.642741665244102478e-02,7.295493692159652710e+00
3.970000000000000000e+02,3.970000000000002971e-01,4.740538497041325350e+00,1.105388806117203609e-01,-3.317808090337977245e-02,-3.444888648346084992e-01,-5.935029995921281554e-02,-3.981230312063374632e-02,-9.009452164173126221e-02,7.301574081182479858e+00
3.980000000000000000e+02,3.980000000000002980e-01,4.740484897320397017e+00,1.105379432989960359e-01,-3.311209259908027419e-02,-3.465361151620159896e-01,-5.926206413359458303e-02,-3.975289357935632428e-02,-9.449054300785064697e-02,7.336108565330505371e+00
3.990000000000000000e+02,3.990000000000002989e-01,4.740431306516007304e+00,1.105372723224976456e-01,-3.304620386496568557e-02,-3.485632704073681198e-01,-5.917471087399217566e-02,-3.969317473001379715e-02,-9.852854441851377487e-02,7.324312537908554077e+00
4.000000000000000000e+02,4.000000000000002998e-01,4.740377730012792057e+00,1.105369412519699168e-01,-3.298046091743630365e-02,-3.505693373183244033e-01,-5.908863398187613747e-02,-3.963361642888904579e-02,-9.524087980389595032e-02,7.276355147361755371e+00
4.010000000000000000e+02,4.010000000000003006e-01,4.740324172179727569e+00,1.105370785372579850e-01,-3.291490716646384290e-02,-3.525518531181290882e-01,-5.900424271428872380e-02,-3.957565719519282044e-02,-8.123711403459310532e-02,7.268683612346649170e+00
4.020000000000000000e+02,4.020000000000003015e-01,4.740270632169054643e+00,1.105376904163814511e-01,-3.284960137668302416e-02,-3.545118234382253486e-01,-5.892165079463662636e-02,-3.951950317557156866e-02,-7.209495152346789837e-02,7.304833680391311646e+00
4.030000000000000000e+02,4.030000000000003024e-01,4.740217129144491004e+00,1.105387528271013081e-01,-3.278465047278089628e-02,-3.564490938931222930e-01,-5.884111720012485947e-02,-3.946506372395627849e-02,-5.935771809890866280e-02,7.339555412530899048e+00
4.040000000000000000e+02,4.040000000000003033e-01,4.740163665538306148e+00,1.105402731953522982e-01,-3.272000401307544742e-02,-3.583638432028478649e-01,-5.876275032444322477e-02,-3.941287636376911152e-02,-6.133177387528121471e-02,7.331449061632156372e+00
4.050000000000000000e+02,4.050000000000003042e-01,4.740110243485108121e+00,1.105421899500891730e-01,-3.265557768224125468e-02,-3.602520109693880257e-01,-5.868628577006584912e-02,-3.936267733468273855e-02,-6.553584290668368340e-02,7.337079524993896484e+00
4.060000000000000000e+02,4.060000000000003051e-01,4.740056860540941663e+00,1.105444897660605580e-01,-3.259134987831149161e-02,-3.621135946752119805e-01,-5.861175977027821560e-02,-3.931462285022810366e-02,-7.319915597327053547e-02,7.355060368776321411e+00
4.070000000000000000e+02,4.070000000000003060e-01,4.740003526885012697e+00,1.105471428180458682e-01,-3.252731370982121784e-02,-3.639479858690500835e-01,-5.853920748567054133e-02,-3.926881170797844045e-02,-7.287855702452361584e-02,7.321008294820785522e+00
4.080000000000000000e+02,4.080000000000003069e-01,4.739950237361322039e+00,1.105501947711486493e-01,-3.246350080673969518e-02,-3.657562536733939274e-01,-5.846900278176847543e-02,-3.922571202938171520e-02,-7.599696679972112179e-02,7.329210102558135986e+00
4.090000000000000000e+02,4.090000000000003078e-01,4.739896968585445514e+00,1.105535340165009484e-01,-3.239992879632130895e-02,-3.675369877737670321e-01,-5.840096028815322526e-02,-3.918475350404027058e-02,-6.862832419574260712e-02,7.314625650644302368e+00
4.100000000000000000e+02,4.100000000000003086e-01,4.739843723978837353e+00,1.105571961920964047e-01,-3.233659675881684487e-02,-3.692900837292628635e-01,-5.833512229169901531e-02,-3.914613984740586416e-02,-7.093452254775911570e-02,7.305565387010574341e+00
4.110000000000000000e+02,4.110000000000003095e-01,4.739790509571415456e+00,1.105611972121331721e-01,-3.227357222445104840e-02,-3.710159100565376677e-01,-5.827168216109734900e-02,-3.911005536292880280e-02,-7.050713046919554472e-02,7.262113541364669800e+00
4.120000000000000000e+02,4.120000000000003104e-01,4.739737318148736556e+00,1.105655642982007192e-01,-3.221088778023638299e-02,-3.727155893873690395e-01,-5.821079968616360567e-02,-3.907654540262239795e-02,-6.829784181900322437e-02,7.273226231336593628e+00
4.130000000000000000e+02,4.130000000000003113e-01,4.739684136904227074e+00,1.105702783710836579e-01,-3.214861624068188206e-02,-3.743872180080811685e-01,-5.815257792090799960e-02,-3.904546540824602174e-02,-4.755621764343231916e-02,7.274705708026885986e+00
4.140000000000000000e+02,4.140000000000003122e-01,4.739630967474094625e+00,1.105753121218995133e-01,-3.208673103969490736e-02,-3.760314234750746776e-01,-5.809706095365618772e-02,-3.901693250865995166e-02,-5.538059119135141373e-02,7.277457505464553833e+00
4.150000000000000000e+02,4.150000000000003131e-01,4.739577831735634739e+00,1.105805273557049356e-01,-3.202534577228412227e-02,-3.776493924269465063e-01,-5.804434507787914477e-02,-3.898980039512475737e-02,-5.662802350707352161e-02,7.267341881990432739e+00
4.160000000000000000e+02,4.160000000000003140e-01,4.739524721679560848e+00,1.105859271742182515e-01,-3.196447575892712167e-02,-3.792405697125822983e-01,-5.799437845556143500e-02,-3.896380465330312459e-02,-6.378928448975784704e-02,7.284569740295410156e+00
4.170000000000000000e+02,4.170000000000003149e-01,4.739471637551121219e+00,1.105915105438488172e-01,-3.190415273112698347e-02,-3.808073390131499480e-01,-5.794731419346366152e-02,-3.893906526832247028e-02,-6.897390587255358696e-02,7.242525786161422729e+00
4.180000000000000000e+02,4.180000000000003157e-01,4.739418556969114071e+00,1.105972654223114915e-01,-3.184430715916242161e-02,-3.823512084794169485e-01,-5.790316624008551294e-02,-3.891569698966160229e-02,-6.828730565030127764e-02,7.190115272998809814e+00
4.190000000000000000e+02,4.190000000000003166e-01,4.739365470970714256e+00,1.106031432943174742e-01,-3.178489964856393707e-02,-3.838716589395694823e-01,-5.786139809796009281e-02,-3.889319595029433474e-02,-8.578229974955320358e-02,7.206083416938781738e+00
4.200000000000000000e+02,4.200000000000003175e-01,4.739312370556226561e+00,1.106090673501134297e-01,-3.172596421911463849e-02,-3.853676882592417252e-01,-5.782160631642052628e-02,-3.887071284366427903e-02,-8.248859667219221592e-02,7.186387449502944946e+00
4.210000000000000000e+02,4.210000000000003184e-01,4.739259226364317179e+00,1.106150145202844243e-01,-3.166754344359402201e-02,-3.868365628263968348e-01,-5.778419478826246625e-02,-3.884852821672629686e-02,-7.468633458483964205e-02,7.186068803071975708e+00
4.220000000000000000e+02,4.220000000000003193e-01,4.739206029204531490e+00,1.106209340025127580e-01,-3.160956047881864628e-02,-3.882799367928650991e-01,-5.774872551982301871e-02,-3.882610554516249812e-02,-8.374583139084279537e-02,7.198542505502700806e+00
4.230000000000000000e+02,4.230000000000003202e-01,4.739152796615631047e+00,1.106268464703442922e-01,-3.155198074769994393e-02,-3.897000700223572922e-01,-5.771499148481584740e-02,-3.880336332680542344e-02,-9.394164523109793663e-02,7.188747078180313110e+00
4.240000000000000000e+02,4.240000000000003211e-01,4.739099522751792470e+00,1.106328155189390539e-01,-3.149480008053172353e-02,-3.910961518115010360e-01,-5.768315961769876488e-02,-3.878098369453741867e-02,-9.935726691037416458e-02,7.185499340295791626e+00
4.250000000000000000e+02,4.250000000000003220e-01,4.739046199417631833e+00,1.106388264738194932e-01,-3.143805996551380516e-02,-3.924687851165022945e-01,-5.765341700977932859e-02,-3.875900862790515600e-02,-9.683536970987915993e-02,7.158945739269256592e+00
4.260000000000000000e+02,4.260000000000003229e-01,4.738992820713979093e+00,1.106448759267997517e-01,-3.138179017363314921e-02,-3.938165603686224481e-01,-5.762595905540268681e-02,-3.873776360887173920e-02,-9.834776585921645164e-02,7.148355513811111450e+00
4.270000000000000000e+02,4.270000000000003237e-01,4.738939377816367760e+00,1.106509583900610327e-01,-3.132600427072088078e-02,-3.951396417114299009e-01,-5.760075618127458164e-02,-3.871707295116569303e-02,-9.781310474500060081e-02,7.086483746767044067e+00
4.280000000000000000e+02,4.280000000000003246e-01,4.738885862070272736e+00,1.106570382151202125e-01,-3.127069581378627561e-02,-3.964377377880233810e-01,-5.757779964545806095e-02,-3.869702273847178131e-02,-8.307267026975750923e-02,7.071496665477752686e+00
4.290000000000000000e+02,4.290000000000003255e-01,4.738832282522730033e+00,1.106630753565540498e-01,-3.121593531792004814e-02,-3.977103522123409673e-01,-5.755699138753289645e-02,-3.867755607449571698e-02,-8.178595849312841892e-02,7.103043586015701294e+00
4.300000000000000000e+02,4.300000000000003264e-01,4.738778637417667916e+00,1.106690098401513639e-01,-3.116171694310330975e-02,-3.989571798879865128e-01,-5.753817138269301523e-02,-3.865823258729095269e-02,-8.615346532315015793e-02,7.090887784957885742e+00
4.310000000000000000e+02,4.310000000000003273e-01,4.738724928293669869e+00,1.106747618424376162e-01,-3.110798549979342312e-02,-4.001790255789567929e-01,-5.752119558723278736e-02,-3.863843270788960838e-02,-8.061256725341081619e-02,7.076849073171615601e+00
4.320000000000000000e+02,4.320000000000003282e-01,4.738671162456009611e+00,1.106803215585052402e-01,-3.105469364275461469e-02,-4.013737904900099851e-01,-5.750580155808049376e-02,-3.861830233206739460e-02,-7.044720347039401531e-02,7.082544475793838501e+00
4.330000000000000000e+02,4.330000000000003291e-01,4.738617341795843707e+00,1.106856751073009293e-01,-3.100187668782070777e-02,-4.025435514774114432e-01,-5.749204179591704822e-02,-3.859766071837050783e-02,-7.015866076108068228e-02,7.074134498834609985e+00
4.340000000000000000e+02,4.340000000000003300e-01,4.738563474836515965e+00,1.106907850572355217e-01,-3.094957956208588268e-02,-4.036888398929911470e-01,-5.748005712423731595e-02,-3.857629324956807215e-02,-6.780406733741983771e-02,7.020678669214248657e+00
4.350000000000000000e+02,4.350000000000003308e-01,4.738509565547932567e+00,1.106955815407424937e-01,-3.089791274386571168e-02,-4.048099618466698413e-01,-5.746996355150413294e-02,-3.855373045398885479e-02,-6.735287175979465246e-02,7.035064250230789185e+00
4.360000000000000000e+02,4.360000000000003317e-01,4.738455602635253783e+00,1.107000362472798510e-01,-3.084678893760827573e-02,-4.059050595608224010e-01,-5.746112631674726856e-02,-3.852988675965796084e-02,-6.198779826081590727e-02,7.021807402372360229e+00
4.370000000000000000e+02,4.370000000000003326e-01,4.738401590636544647e+00,1.107042163859468659e-01,-3.079615854404696082e-02,-4.069737620121094968e-01,-5.745356604008944323e-02,-3.850539356587867612e-02,-5.581189563963562250e-02,7.046831339597702026e+00
4.380000000000000000e+02,4.380000000000003335e-01,4.738347534848598386e+00,1.107081476138137704e-01,-3.074598202980225597e-02,-4.080161177638931269e-01,-5.744711722228545980e-02,-3.848023546332093869e-02,-5.689533986151218414e-02,7.035062700510025024e+00
4.390000000000000000e+02,4.390000000000003344e-01,4.738293427472570762e+00,1.107117995093794688e-01,-3.069623672213684165e-02,-4.090313784466315106e-01,-5.744171992391167159e-02,-3.845421446870223026e-02,-6.801184127107262611e-02,7.032376945018768311e+00
4.400000000000000000e+02,4.400000000000003353e-01,4.738239252090037823e+00,1.107151439047546065e-01,-3.064691921991453613e-02,-4.100197354055913346e-01,-5.743720017656039900e-02,-3.842678307482408351e-02,-5.959938839077949524e-02,6.985197246074676514e+00
4.410000000000000000e+02,4.410000000000003362e-01,4.738185010896835081e+00,1.107181930426372474e-01,-3.059807248320378995e-02,-4.109808589793981781e-01,-5.743383591612505334e-02,-3.839826803126128452e-02,-5.818156956229358912e-02,6.978636026382446289e+00
4.420000000000000000e+02,4.420000000000003371e-01,4.738130693284595907e+00,1.107208273246566288e-01,-3.054962807322940746e-02,-4.119183857343832189e-01,-5.743084267686660027e-02,-3.836723100518546481e-02,-5.536647397093474865e-02,6.976795881986618042e+00
4.430000000000000000e+02,4.430000000000003380e-01,4.738076290990584027e+00,1.107230495420884753e-01,-3.050155482409750221e-02,-4.128300890146379687e-01,-5.742799173224244491e-02,-3.833347542879844694e-02,-5.123788432683795691e-02,6.948183923959732056e+00
4.440000000000000000e+02,4.440000000000003388e-01,4.738021804823022265e+00,1.107249040377731586e-01,-3.045381943337388195e-02,-4.137172905005326307e-01,-5.742521720171733790e-02,-3.829707392744507999e-02,-5.360777722671627998e-02,6.972014456987380981e+00
4.450000000000000000e+02,4.450000000000003397e-01,4.737967246081129957e+00,1.107264274681411531e-01,-3.040646702887899594e-02,-4.145792060375885213e-01,-5.742259137781524636e-02,-3.825841093090120992e-02,-5.683562048943713307e-02,6.988519400358200073e+00
4.460000000000000000e+02,4.460000000000003406e-01,4.737912613535102402e+00,1.107276870716182443e-01,-3.035950083279298148e-02,-4.154160308813927838e-01,-5.742031008412173954e-02,-3.821764361748522520e-02,-5.685640484443865716e-02,7.000921577215194702e+00
4.470000000000000000e+02,4.470000000000003415e-01,4.737857915452755364e+00,1.107287721806618497e-01,-3.031297915252661318e-02,-4.162274715160020344e-01,-5.741910599696042894e-02,-3.817607520627022688e-02,-5.993550820858217776e-02,7.007534861564636230e+00
4.480000000000000000e+02,4.480000000000003424e-01,4.737803149557355376e+00,1.107296381584875061e-01,-3.026688074869417211e-02,-4.170129985816477536e-01,-5.741892082781019369e-02,-3.813347003276382208e-02,-6.322090356843546033e-02,6.958614856004714966e+00
4.490000000000000000e+02,4.490000000000003433e-01,4.737748315243164754e+00,1.107303057368987237e-01,-3.022113432178778758e-02,-4.177715562118288206e-01,-5.741949884743702270e-02,-3.809001375656032029e-02,-5.536907678470015526e-02,6.938683897256851196e+00
4.500000000000000000e+02,4.500000000000003442e-01,4.737693413574639578e+00,1.107307767345810101e-01,-3.017581506891147194e-02,-4.185018647876896924e-01,-5.742091898110035508e-02,-3.804577824533725283e-02,-6.588902091607451439e-02,6.944670438766479492e+00
4.510000000000000000e+02,4.510000000000003451e-01,4.737638421871375627e+00,1.107309794372987738e-01,-3.013083414083961298e-02,-4.192049977951650686e-01,-5.742259797062532201e-02,-3.799977276539009963e-02,-6.149747973540797830e-02,6.920085281133651733e+00
4.520000000000000000e+02,4.520000000000003459e-01,4.737583321976313933e+00,1.107309010199600263e-01,-3.008608638187739923e-02,-4.198800475069039417e-01,-5.742404112682608641e-02,-3.795140924066353616e-02,-6.636183266527950764e-02,6.891530632972717285e+00
4.530000000000000000e+02,4.530000000000003468e-01,4.737528136356760733e+00,1.107305604376618152e-01,-3.004153606501616669e-02,-4.205278506476160527e-01,-5.742491693846618617e-02,-3.790052581804287390e-02,-5.001890868879854679e-02,6.880556613206863403e+00
4.540000000000000000e+02,4.540000000000003477e-01,4.737472843620291307e+00,1.107299379663333333e-01,-2.999717615685159461e-02,-4.211489569254428522e-01,-5.742525895775552058e-02,-3.784731981862371475e-02,-6.092970765894278884e-02,6.879527896642684937e+00
4.550000000000000000e+02,4.550000000000003486e-01,4.737417472366625582e+00,1.107290487178057420e-01,-2.995302034851658052e-02,-4.217420890731281569e-01,-5.742508053320327654e-02,-3.779211527265649573e-02,-6.511812267126515508e-02,6.858362674713134766e+00
4.560000000000000000e+02,4.560000000000003495e-01,4.737362008701137661e+00,1.107279052106900363e-01,-2.990906007306961406e-02,-4.223092211694335907e-01,-5.742437523885368655e-02,-3.773488311113221139e-02,-5.138283723499625921e-02,6.839237034320831299e+00
4.570000000000000000e+02,4.570000000000003504e-01,4.737306455792176685e+00,1.107264899736989106e-01,-2.986530510361700905e-02,-4.228490554628774323e-01,-5.742301781868452970e-02,-3.767553279960136892e-02,-5.761146615259349346e-02,6.830715745687484741e+00
4.580000000000000000e+02,4.580000000000003513e-01,4.737250841794381273e+00,1.107249133061865426e-01,-2.982179770523204002e-02,-4.233613085617752292e-01,-5.742123440419333313e-02,-3.761506996073557541e-02,-7.277219276875257492e-02,6.806857794523239136e+00
4.590000000000000000e+02,4.590000000000003522e-01,4.737195154489607596e+00,1.107232660061993473e-01,-2.977849924223563080e-02,-4.238442446044138334e-01,-5.741899963659813366e-02,-3.755401540988015374e-02,-7.206545746885240078e-02,6.798568010330200195e+00
4.600000000000000000e+02,4.600000000000003531e-01,4.737139367797293943e+00,1.107215189465288879e-01,-2.973538845677836662e-02,-4.242964412467087332e-01,-5.741613221380936771e-02,-3.749213284164790161e-02,-6.081462806469062343e-02,6.806380659341812134e+00
4.610000000000000000e+02,4.610000000000003539e-01,4.737083486133651711e+00,1.107196352280227503e-01,-2.969245865581982349e-02,-4.247171490411360550e-01,-5.741258901049350882e-02,-3.742897304042086537e-02,-6.046456261537969112e-02,6.782457828521728516e+00
4.620000000000000000e+02,4.620000000000003548e-01,4.737027526462193272e+00,1.107176239176427407e-01,-2.964967594996684858e-02,-4.251072559771444381e-01,-5.740820280795477792e-02,-3.736442173638282460e-02,-6.956123869167640805e-02,6.827696382999420166e+00
4.630000000000000000e+02,4.630000000000003557e-01,4.736971482019369795e+00,1.107154731400178532e-01,-2.960711414826363783e-02,-4.254671803071116698e-01,-5.740294170365056736e-02,-3.729816593229479116e-02,-7.361114572267979383e-02,6.833972454071044922e+00
4.640000000000000000e+02,4.640000000000003566e-01,4.736915347631877715e+00,1.107132482115651823e-01,-2.956484202710711606e-02,-4.257987333787712769e-01,-5.739742712878448394e-02,-3.723067959370227054e-02,-8.761558218975551426e-02,6.779918313026428223e+00
4.650000000000000000e+02,4.650000000000003575e-01,4.736859142802836153e+00,1.107110054581922493e-01,-2.952289377457462810e-02,-4.261016953091985027e-01,-5.739203410342530454e-02,-3.716289910329587109e-02,-8.082432643277570605e-02,6.751039922237396240e+00
4.660000000000000000e+02,4.660000000000003584e-01,4.736802831531475633e+00,1.107087396091688963e-01,-2.948124054073149661e-02,-4.263768871108991609e-01,-5.738651355401591658e-02,-3.709483032590968343e-02,-7.546823535813018680e-02,6.755370408296585083e+00
4.670000000000000000e+02,4.670000000000003593e-01,4.736746402789058230e+00,1.107063977941784294e-01,-2.943983992189552409e-02,-4.266255996980410359e-01,-5.738047537397861220e-02,-3.702577136212467646e-02,-8.806347876088693738e-02,6.779852032661437988e+00
4.680000000000000000e+02,4.680000000000003602e-01,4.736689866162117291e+00,1.107039174521564501e-01,-2.939867751931099851e-02,-4.268476189538655818e-01,-5.737363850206489424e-02,-3.695509377869948819e-02,-8.584473327209707350e-02,6.748334705829620361e+00
4.690000000000000000e+02,4.690000000000003610e-01,4.736633211737396820e+00,1.107012980210994590e-01,-2.935779092536815529e-02,-4.270423695839653533e-01,-5.736639633153228779e-02,-3.688326148473591859e-02,-1.020664068055339158e-01,6.709420830011367798e+00
4.700000000000000000e+02,4.700000000000003619e-01,4.736576441522748482e+00,1.106986019087270318e-01,-2.931723081997373442e-02,-4.272077943290241708e-01,-5.735896173484622551e-02,-3.681085979013809517e-02,-1.040265947813168168e-01,6.685130923986434937e+00
4.710000000000000000e+02,4.710000000000003628e-01,4.736519542165027019e+00,1.106958150501084481e-01,-2.927698444707124703e-02,-4.273433940533131192e-01,-5.735125068006285964e-02,-3.673792911000847705e-02,-1.101779593154788017e-01,6.608474373817443848e+00
4.720000000000000000e+02,4.720000000000003637e-01,4.736462518587161163e+00,1.106929681585318154e-01,-2.923704054322087340e-02,-4.274512961153095758e-01,-5.734324593112716251e-02,-3.666487261640272166e-02,-1.011723449919372797e-01,6.589745998382568359e+00
4.730000000000000000e+02,4.730000000000003646e-01,4.736405353366022197e+00,1.106900711310935259e-01,-2.919740882594968473e-02,-4.275295882828553107e-01,-5.733452876284905741e-02,-3.659177498558047192e-02,-1.047468518372625113e-01,6.589607506990432739e+00
4.740000000000000000e+02,4.740000000000003655e-01,4.736348061179684876e+00,1.106871347152479368e-01,-2.915814913680058254e-02,-4.275770518343711135e-01,-5.732511576785026541e-02,-3.651860525588723760e-02,-1.128776669502258301e-01,6.604221403598785400e+00
4.750000000000000000e+02,4.750000000000003664e-01,4.736290628197111552e+00,1.106841372582253041e-01,-2.911928629649520456e-02,-4.275955505112561950e-01,-5.731505419708948779e-02,-3.644492951737271502e-02,-1.237281215144321322e-01,6.599912405014038086e+00
4.760000000000000000e+02,4.760000000000003673e-01,4.736233027697593911e+00,1.106810655563532642e-01,-2.908074773440719879e-02,-4.275849634123757292e-01,-5.730427722601105778e-02,-3.637068358230308163e-02,-1.085510905832052231e-01,6.615206152200698853e+00
4.770000000000000000e+02,4.770000000000003681e-01,4.736175249290585754e+00,1.106778593679003803e-01,-2.904249130166484949e-02,-4.275440449347591154e-01,-5.729258223937905292e-02,-3.629533446890620407e-02,-1.123788455734029412e-01,6.592172294855117798e+00
4.780000000000000000e+02,4.780000000000003690e-01,4.736117312513064448e+00,1.106744411685678664e-01,-2.900449554793904650e-02,-4.274738631196672856e-01,-5.727989055128834828e-02,-3.621858657403084769e-02,-1.104954114998690784e-01,6.572540104389190674e+00
4.790000000000000000e+02,4.790000000000003699e-01,4.736059210613055903e+00,1.106707946095969036e-01,-2.896676275440194029e-02,-4.273747917906669525e-01,-5.726604364945719894e-02,-3.614019789155745177e-02,-9.910807618871331215e-02,6.611782044172286987e+00
4.800000000000000000e+02,4.800000000000003708e-01,4.736000926430322444e+00,1.106669174743606099e-01,-2.892931727961066402e-02,-4.272449033754330827e-01,-5.725094418392329132e-02,-3.605990504611003566e-02,-9.485262515954673290e-02,6.647593557834625244e+00
4.810000000000000000e+02,4.810000000000003717e-01,4.735942483916763202e+00,1.106628735155009702e-01,-2.889215032386228260e-02,-4.270837009843930221e-01,-5.723480483507747962e-02,-3.597817835588779101e-02,-9.706100309267640114e-02,6.625647664070129395e+00
4.820000000000000000e+02,4.820000000000003726e-01,4.735883894171423414e+00,1.106587334429605662e-01,-2.885525747673427233e-02,-4.268903232938799919e-01,-5.721802728295743989e-02,-3.589589569963438920e-02,-9.269015397876501083e-02,6.642826974391937256e+00
4.830000000000000000e+02,4.830000000000003735e-01,4.735825125399126811e+00,1.106551433639221815e-01,-2.881893588436514400e-02,-4.266658813688074536e-01,-5.720381354970749399e-02,-3.582027725928788042e-02,-9.180882060900330544e-02,6.620536267757415771e+00
4.840000000000000000e+02,4.840000000000003744e-01,4.735766194706727106e+00,1.106524307410240993e-01,-2.878336568477287208e-02,-4.264110998127688124e-01,-5.719374948921385204e-02,-3.575451568758081233e-02,-9.696666570380330086e-02,6.632979959249496460e+00
4.850000000000000000e+02,4.850000000000003753e-01,4.735707116259715299e+00,1.106506507250151344e-01,-2.874866338568006496e-02,-4.261269292877749582e-01,-5.718842372612686908e-02,-3.569910508159507279e-02,-9.073705732589587569e-02,6.616107463836669922e+00
4.860000000000000000e+02,4.860000000000003761e-01,4.735647895119472928e+00,1.106498006112679455e-01,-2.871485974471396294e-02,-4.258150279020579410e-01,-5.718818743884490630e-02,-3.565417059447914538e-02,-8.629043033579364419e-02,6.614006042480468750e+00
4.870000000000000000e+02,4.870000000000003770e-01,4.735588544125427291e+00,1.106498270197862205e-01,-2.868190625155396870e-02,-4.254758379472145524e-01,-5.719259949645927321e-02,-3.561891737339825670e-02,-9.989398697507567704e-02,6.609504640102386475e+00
4.880000000000000000e+02,4.880000000000003779e-01,4.735529060183519157e+00,1.106507104972733191e-01,-2.864980420670526842e-02,-4.251095057323915904e-01,-5.720148913786538003e-02,-3.559305066364829018e-02,-1.220716167008504272e-01,6.648533254861831665e+00
4.890000000000000000e+02,4.890000000000003788e-01,4.735469412272540701e+00,1.106522809976396571e-01,-2.861852675307216542e-02,-4.247171273198613317e-01,-5.721435020316656406e-02,-3.557496220974831758e-02,-1.154863183037377894e-01,6.645201951265335083e+00
4.900000000000000000e+02,4.900000000000003797e-01,4.735409561550341984e+00,1.106544650745814456e-01,-2.858806133047493356e-02,-4.242991573548628437e-01,-5.723124548212710216e-02,-3.556390939370623894e-02,-1.177828978106845170e-01,6.634092181921005249e+00
4.910000000000000000e+02,4.910000000000003806e-01,4.735349518351506859e+00,1.106572152144942173e-01,-2.855836339699650839e-02,-4.238559545110771598e-01,-5.725187131385767181e-02,-3.555964824676008385e-02,-1.260570738231763244e-01,6.584810823202133179e+00
4.920000000000000000e+02,4.920000000000003815e-01,4.735289291185191374e+00,1.106604784363641042e-01,-2.852935218679660337e-02,-4.233874774765854498e-01,-5.727566112867887860e-02,-3.556164461437602564e-02,-1.246229711687192321e-01,6.594151794910430908e+00
4.930000000000000000e+02,4.930000000000003824e-01,4.735228862992894250e+00,1.106642485286756794e-01,-2.850102094059818458e-02,-4.228936874867658680e-01,-5.730244323166400200e-02,-3.556959506639917334e-02,-1.282702931202948093e-01,6.587634235620498657e+00
4.940000000000000000e+02,4.940000000000003832e-01,4.735168225030859546e+00,1.106684031464812146e-01,-2.847331017044546150e-02,-4.223720707647983241e-01,-5.733181460932423867e-02,-3.558265057785878205e-02,-1.232946165400790051e-01,6.569615274667739868e+00
4.950000000000000000e+02,4.950000000000003841e-01,4.735107376481737518e+00,1.106728761371528064e-01,-2.844613402037148020e-02,-4.218249296614233756e-01,-5.736321311977499171e-02,-3.560012921136956887e-02,-1.191901402198709548e-01,6.578094065189361572e+00
4.960000000000000000e+02,4.960000000000003850e-01,4.735046319447850038e+00,1.106775219161860585e-01,-2.841950931756797791e-02,-4.212533668524715003e-01,-5.739621590301591247e-02,-3.562082819327658245e-02,-1.209761861246079206e-01,6.577372968196868896e+00
4.970000000000000000e+02,4.970000000000003859e-01,4.734985076854576036e+00,1.106822579994208300e-01,-2.839340744885986492e-02,-4.206567442996277384e-01,-5.743054620771070873e-02,-3.564411630362632200e-02,-1.205646741436794400e-01,6.561222255229949951e+00
4.980000000000000000e+02,4.980000000000003868e-01,4.734923616468047491e+00,1.106870665088204725e-01,-2.836782931578765710e-02,-4.200355337715953041e-01,-5.746615442761715542e-02,-3.566962758304517700e-02,-1.177309327758848667e-01,6.570705741643905640e+00
4.990000000000000000e+02,4.990000000000003877e-01,4.734861942690036685e+00,1.106918456958359970e-01,-2.834276698570753136e-02,-4.193888493294909425e-01,-5.750262574351339140e-02,-3.569638085759391233e-02,-1.228945542825385928e-01,6.550471067428588867e+00
5.000000000000000000e+02,5.000000000000003331e-01,4.734800064009502485e+00,1.106965346234139447e-01,-2.831814841664212490e-02,-4.187166915369348597e-01,-5.753964681263368242e-02,-3.572380952514958574e-02,-1.141418218612670898e-01,6.567436605691909790e+00
5.010000000000000000e+02,5.010000000000003340e-01,4.734737973635332331e+00,1.107011971334403294e-01,-2.829397929344703438e-02,-4.180198024408023905e-01,-5.757722496353223640e-02,-3.575240039250157653e-02,-1.202239483827725053e-01,6.557590335607528687e+00
5.020000000000000000e+02,5.020000000000003348e-01,4.734675696295824743e+00,1.107057273819528342e-01,-2.827025977776187124e-02,-4.173008762789924830e-01,-5.761513135594054091e-02,-3.578103015974259948e-02,-1.172189971839543432e-01,6.558773487806320190e+00
5.030000000000000000e+02,5.030000000000003357e-01,4.734613226975070255e+00,1.107101111228890461e-01,-2.824703342814645010e-02,-4.165627071828631456e-01,-5.765360269089070400e-02,-3.581000308613224714e-02,-9.669309458695352077e-02,6.583212733268737793e+00
5.040000000000000000e+02,5.040000000000003366e-01,4.734550577911358360e+00,1.107143227409865399e-01,-2.822426443456334949e-02,-4.158067429092399125e-01,-5.769256732034766522e-02,-3.583924817509606675e-02,-9.511453239247202873e-02,6.576484471559524536e+00
5.050000000000000000e+02,5.050000000000003375e-01,4.734487741659722637e+00,1.107182709426240697e-01,-2.820188720675684269e-02,-4.150338464660965343e-01,-5.773150537408122673e-02,-3.586741536345131043e-02,-8.951691439142450690e-02,6.564793348312377930e+00
5.060000000000000000e+02,5.060000000000003384e-01,4.734424705545968060e+00,1.107218843227523591e-01,-2.817987363779837773e-02,-4.142458224163602098e-01,-5.776996120395883061e-02,-3.589349371446659553e-02,-9.762253169901669025e-02,6.565498262643814087e+00
5.070000000000000000e+02,5.070000000000003393e-01,4.734361480715111981e+00,1.107252439791672483e-01,-2.815828273537251264e-02,-4.134410784606706857e-01,-5.780815720708010197e-02,-3.591812380096104373e-02,-1.030047214590013027e-01,6.541632652282714844e+00
5.080000000000000000e+02,5.080000000000003402e-01,4.734298066176863884e+00,1.107282900207717802e-01,-2.813705806785958205e-02,-4.126206059126533710e-01,-5.784575640654465722e-02,-3.594039700679196869e-02,-1.047713386360555887e-01,6.502093940973281860e+00
5.090000000000000000e+02,5.090000000000003411e-01,4.734234457118771999e+00,1.107310705358906522e-01,-2.811616914382382426e-02,-4.117816957602882244e-01,-5.788264290918831989e-02,-3.596069654228403745e-02,-8.632347721140831709e-02,6.520074874162673950e+00
5.100000000000000000e+02,5.100000000000003419e-01,4.734170654631411956e+00,1.107336322756975605e-01,-2.809562188873203706e-02,-4.109281652988988620e-01,-5.791874286731268917e-02,-3.597941387878020314e-02,-8.437878551194444299e-02,6.566122919321060181e+00
5.110000000000000000e+02,5.110000000000003428e-01,4.734106683376701596e+00,1.107359809631697084e-01,-2.807543946166088031e-02,-4.100588807296393634e-01,-5.795415930271263782e-02,-3.599668461853763879e-02,-8.829230052651837468e-02,6.579193234443664551e+00
5.120000000000000000e+02,5.120000000000003437e-01,4.734042549482212259e+00,1.107381224476595011e-01,-2.805564014091300670e-02,-4.091711125600496768e-01,-5.798915720073449798e-02,-3.601264306441756546e-02,-9.585337818134576082e-02,6.552616387605667114e+00
5.130000000000000000e+02,5.130000000000003446e-01,4.733978263865046721e+00,1.107401616257730620e-01,-2.803627435250501121e-02,-4.082653586161700821e-01,-5.802416424800460604e-02,-3.602802605683572135e-02,-1.013389131985604763e-01,6.532837003469467163e+00
5.140000000000000000e+02,5.140000000000003455e-01,4.733913816724797385e+00,1.107420112402639489e-01,-2.801726349252791834e-02,-4.073419462999387508e-01,-5.805852244275233609e-02,-3.604200643406962890e-02,-9.499899775255471468e-02,6.514711081981658936e+00
5.150000000000000000e+02,5.150000000000003464e-01,4.733849219294540944e+00,1.107429767545708987e-01,-2.799829838603525023e-02,-4.064020300077438863e-01,-5.808874180083467564e-02,-3.604697089431577184e-02,-8.499366813339293003e-02,6.536789357662200928e+00
5.160000000000000000e+02,5.160000000000003473e-01,4.733784505255613340e+00,1.107428310028760188e-01,-2.797928716349934800e-02,-4.054442010367155236e-01,-5.811355808166851489e-02,-3.604007297838160429e-02,-9.728321526199579239e-02,6.533762693405151367e+00
5.170000000000000000e+02,5.170000000000003482e-01,4.733719697434285223e+00,1.107413908600342056e-01,-2.796028363112912363e-02,-4.044682841977431664e-01,-5.813292349794307867e-02,-3.601988767295999372e-02,-9.605589788407087326e-02,6.511884748935699463e+00
5.180000000000000000e+02,5.180000000000003491e-01,4.733654791015800001e+00,1.107386913372560983e-01,-2.794127695333500916e-02,-4.034718252755404855e-01,-5.814706063447938611e-02,-3.598684169881247175e-02,-1.035681264474987984e-01,6.496767044067382812e+00
5.190000000000000000e+02,5.190000000000003499e-01,4.733589779230073624e+00,1.107348212439558943e-01,-2.792223049068011734e-02,-4.024560547095071827e-01,-5.815609178931202550e-02,-3.594210725690130670e-02,-9.443282103165984154e-02,6.495207965373992920e+00
5.200000000000000000e+02,5.200000000000003508e-01,4.733524657364122312e+00,1.107298388595972655e-01,-2.790313541681780501e-02,-4.014189304810668046e-01,-5.815999313588049446e-02,-3.588634502944335058e-02,-9.100001025944948196e-02,6.484321475028991699e+00
5.210000000000000000e+02,5.210000000000003517e-01,4.733459418766232218e+00,1.107237607850053429e-01,-2.788400146592094619e-02,-4.003592842606426561e-01,-5.815871674853934081e-02,-3.581896750147595121e-02,-9.249111171811819077e-02,6.501870959997177124e+00
5.220000000000000000e+02,5.220000000000003526e-01,4.733394060945681048e+00,1.107166356184949574e-01,-2.786490399666965642e-02,-3.992771472971394786e-01,-5.815270840074493464e-02,-3.574048888808195601e-02,-8.034866396337747574e-02,6.517926037311553955e+00
5.230000000000000000e+02,5.230000000000003535e-01,4.733328584339337120e+00,1.107085874192073327e-01,-2.784585617735741217e-02,-3.981750864064057538e-01,-5.814248829492729698e-02,-3.565230983747749716e-02,-6.661142129451036453e-02,6.523660033941268921e+00
5.240000000000000000e+02,5.240000000000003544e-01,4.733263010290946760e+00,1.106997305384539304e-01,-2.782693714426117890e-02,-3.970524531015104386e-01,-5.812868797526582476e-02,-3.555542395372196518e-02,-7.204171828925609589e-02,6.496074646711349487e+00
5.250000000000000000e+02,5.250000000000003553e-01,4.733197372336741537e+00,1.106902199275491827e-01,-2.780821987148154872e-02,-3.959083307520874784e-01,-5.811179058662574448e-02,-3.545082958567669085e-02,-7.498681871220469475e-02,6.465084135532379150e+00
5.260000000000000000e+02,5.260000000000003562e-01,4.733131674534649669e+00,1.106802344956169110e-01,-2.778967597188248401e-02,-3.947434713253210603e-01,-5.809193042455151890e-02,-3.534007229368357761e-02,-8.067774865776300430e-02,6.439390569925308228e+00
5.270000000000000000e+02,5.270000000000003570e-01,4.733065930055214920e+00,1.106698947412451534e-01,-2.777133843792992454e-02,-3.935566661306649783e-01,-5.806959339278638943e-02,-3.522487080833161532e-02,-8.252744493074715137e-02,6.424674302339553833e+00
5.280000000000000000e+02,5.280000000000003579e-01,4.733000147644319533e+00,1.106592991065617204e-01,-2.775331252675606111e-02,-3.923456717432696750e-01,-5.804559236693473956e-02,-3.510666907263310099e-02,-9.955956647172570229e-02,6.441004961729049683e+00
5.290000000000000000e+02,5.290000000000003588e-01,4.732934326971490968e+00,1.106484567869918806e-01,-2.773566047694212694e-02,-3.911107120787722380e-01,-5.802014417656864431e-02,-3.498555214724646811e-02,-8.916418254375457764e-02,6.449589192867279053e+00
5.300000000000000000e+02,5.300000000000003597e-01,4.732868436501425968e+00,1.106373897870649714e-01,-2.771840820757663984e-02,-3.898524586309125572e-01,-5.799363089998021970e-02,-3.486215879987158983e-02,-8.731242548674345016e-02,6.432553589344024658e+00
5.310000000000000000e+02,5.310000000000003606e-01,4.732802484485765682e+00,1.106260878727123587e-01,-2.770154750471336483e-02,-3.885696115908341963e-01,-5.796600371740057156e-02,-3.473633286610122717e-02,-9.854479320347309113e-02,6.379595875740051270e+00
5.320000000000000000e+02,5.320000000000003615e-01,4.732736461882142365e+00,1.106145458682296773e-01,-2.768503166392131259e-02,-3.872589094740058746e-01,-5.793698150367054822e-02,-3.460779195677321507e-02,-1.084853296633809805e-01,6.385040760040283203e+00
5.330000000000000000e+02,5.330000000000003624e-01,4.732670366385952399e+00,1.106028878939446236e-01,-2.766894928499790893e-02,-3.859227825351503327e-01,-5.790697250576704036e-02,-3.447778995787997847e-02,-9.702305553946644068e-02,6.403913855552673340e+00
5.340000000000000000e+02,5.340000000000003633e-01,4.732604189110721116e+00,1.105912045463744720e-01,-2.765335711506495056e-02,-3.845619277231083766e-01,-5.787638518895943385e-02,-3.434712800066483385e-02,-9.333931189030408859e-02,6.408451229333877563e+00
5.350000000000000000e+02,5.350000000000003642e-01,4.732537938006811551e+00,1.105795374529005143e-01,-2.763820400654659615e-02,-3.831765478384668855e-01,-5.784518596235477261e-02,-3.421623085868821801e-02,-8.874078327789902687e-02,6.399191468954086304e+00
5.360000000000000000e+02,5.360000000000003650e-01,4.732471599214011171e+00,1.105679399113878025e-01,-2.762345647084915590e-02,-3.817668238554160487e-01,-5.781343315547005091e-02,-3.408500320534593730e-02,-8.746494015213102102e-02,6.387300699949264526e+00
5.370000000000000000e+02,5.370000000000003659e-01,4.732405159609716527e+00,1.105563557115594453e-01,-2.760910131299666379e-02,-3.803320814572659359e-01,-5.778097421751926532e-02,-3.395308926014395379e-02,-9.308563685044646263e-02,6.395489394664764404e+00
5.380000000000000000e+02,5.380000000000003668e-01,4.732338635770560131e+00,1.105448434223471610e-01,-2.759513446126435343e-02,-3.788736445926633722e-01,-5.774773495266050105e-02,-3.382082126962751567e-02,-9.685431676916778088e-02,6.377478688955307007e+00
5.390000000000000000e+02,5.390000000000003677e-01,4.732272005342851529e+00,1.105334117822767970e-01,-2.758154534691909660e-02,-3.773934150851913083e-01,-5.771377378668818281e-02,-3.368810190257157111e-02,-1.040958169614896178e-01,6.358889102935791016e+00
5.400000000000000000e+02,5.400000000000003686e-01,4.732205263846150700e+00,1.105221122700484337e-01,-2.756834007391361502e-02,-3.758918357921133824e-01,-5.767919384777675518e-02,-3.355538890180828626e-02,-9.026220510713756084e-02,6.358706176280975342e+00
5.410000000000000000e+02,5.410000000000003695e-01,4.732138396966393934e+00,1.105109088764418962e-01,-2.755547455672337567e-02,-3.743707117131770401e-01,-5.764378834884720249e-02,-3.342246044072547106e-02,-1.078798519447445869e-01,6.347821116447448730e+00
5.420000000000000000e+02,5.420000000000003704e-01,4.732071431464285105e+00,1.104997962760474184e-01,-2.754293477244932828e-02,-3.728320837154230905e-01,-5.760733179071331200e-02,-3.328868402988310882e-02,-1.054191396106034517e-01,6.290232568979263306e+00
5.430000000000000000e+02,5.430000000000003713e-01,4.732004326339133371e+00,1.104888558150224076e-01,-2.753077413942243978e-02,-3.712743078277344067e-01,-5.757026539182596991e-02,-3.315493079375395058e-02,-1.023421103600412607e-01,6.272442370653152466e+00
5.440000000000000000e+02,5.440000000000003721e-01,4.731937094331828852e+00,1.104781312088381068e-01,-2.751897842041925099e-02,-3.696989624544166908e-01,-5.753235333751982594e-02,-3.302158373561123184e-02,-1.041630867403000593e-01,6.258342593908309937e+00
5.450000000000000000e+02,5.450000000000003730e-01,4.731869745624678991e+00,1.104675903803782056e-01,-2.750749033550884889e-02,-3.681057776771269885e-01,-5.749314520391801686e-02,-3.288836291736596529e-02,-9.610074455849826336e-02,6.298797279596328735e+00
5.460000000000000000e+02,5.460000000000003739e-01,4.731802273045162543e+00,1.104572787863058597e-01,-2.749639721225957331e-02,-3.664943944225720340e-01,-5.745315937004469298e-02,-3.275609556680506018e-02,-1.022981740534305573e-01,6.275991857051849365e+00
5.470000000000000000e+02,5.470000000000003748e-01,4.731734680134861648e+00,1.104471875475336179e-01,-2.748566167039272201e-02,-3.648647103318894969e-01,-5.741233945519552684e-02,-3.262449100172729044e-02,-1.112466708291321993e-01,6.289093554019927979e+00
5.480000000000000000e+02,5.480000000000003757e-01,4.731666936827680914e+00,1.104372282514161085e-01,-2.747527325578392673e-02,-3.632164563021857973e-01,-5.737053377112011354e-02,-3.249305507187846831e-02,-1.006028468837030232e-01,6.268634065985679626e+00
5.490000000000000000e+02,5.490000000000003766e-01,4.731599046851231449e+00,1.104274348826187468e-01,-2.746520313269258662e-02,-3.615518958365509516e-01,-5.732772103688876797e-02,-3.236199026736991113e-02,-1.009038590127602220e-01,6.238320752978324890e+00
5.500000000000000000e+02,5.500000000000003775e-01,4.731531023284254900e+00,1.104178379633476426e-01,-2.745547692616005439e-02,-3.598700714947963286e-01,-5.728389431275981991e-02,-3.223152863317921279e-02,-1.058677015826106071e-01,6.227126240730285645e+00
5.510000000000000000e+02,5.510000000000003784e-01,4.731462864399563983e+00,1.104083962860898105e-01,-2.744608555832498548e-02,-3.581733202875883038e-01,-5.723880835019135027e-02,-3.210142818864031300e-02,-1.103624156676232815e-01,6.254807233810424805e+00
5.520000000000000000e+02,5.520000000000003793e-01,4.731394563876461845e+00,1.103990223299581019e-01,-2.743705632139371159e-02,-3.564644482714636187e-01,-5.719251152554782891e-02,-3.197118929099632134e-02,-1.178157501854002476e-01,6.221810996532440186e+00
5.530000000000000000e+02,5.530000000000003801e-01,4.731326120885753994e+00,1.103897185272660481e-01,-2.742839230499981296e-02,-3.547436367223026354e-01,-5.714529651087318918e-02,-3.184120890250929925e-02,-1.141863251104950905e-01,6.240081667900085449e+00
5.540000000000000000e+02,5.540000000000003810e-01,4.731257522041018682e+00,1.103805814273080416e-01,-2.742000659110867961e-02,-3.530147998215940053e-01,-5.709665376176831231e-02,-3.171173670410282197e-02,-1.206087204627692699e-01,6.230340167880058289e+00
5.550000000000000000e+02,5.550000000000003819e-01,4.731188760452313069e+00,1.103716544250437498e-01,-2.741194311147359536e-02,-3.512784104019819886e-01,-5.704691932724648140e-02,-3.158301402788749046e-02,-1.279061301611363888e-01,6.184644088149070740e+00
5.560000000000000000e+02,5.560000000000003828e-01,4.731119801630932820e+00,1.103628324786718601e-01,-2.740413715873447550e-02,-3.495355324399599395e-01,-5.699569431365358874e-02,-3.145411908544676338e-02,-1.236111545003950596e-01,6.195253953337669373e+00
5.570000000000000000e+02,5.570000000000003837e-01,4.731050634396004817e+00,1.103541001338795707e-01,-2.739655120837302532e-02,-3.477855164619800821e-01,-5.694270547656921089e-02,-3.132508752133814078e-02,-1.116349962539970875e-01,6.207544445991516113e+00
5.580000000000000000e+02,5.580000000000003846e-01,4.730981268420660690e+00,1.103453816666078169e-01,-2.738919580281982263e-02,-3.460277896354064797e-01,-5.688797069320927768e-02,-3.119559578741701311e-02,-1.117943876888602972e-01,6.217055410146713257e+00
5.590000000000000000e+02,5.590000000000003855e-01,4.730911694402532675e+00,1.103365874573041527e-01,-2.738200210899916984e-02,-3.442626580627295430e-01,-5.683121127814061424e-02,-3.106487652940359556e-02,-1.089453098829835653e-01,6.210455656051635742e+00
5.600000000000000000e+02,5.600000000000003864e-01,4.730841917574966082e+00,1.103276189223982989e-01,-2.737493195790606862e-02,-3.424915505703529650e-01,-5.677203160961119544e-02,-3.093165601712846713e-02,-1.026126113720238209e-01,6.193819850683212280e+00
5.610000000000000000e+02,5.610000000000003872e-01,4.730771941419449789e+00,1.103184462423223156e-01,-2.736800721836282063e-02,-3.407137447590300461e-01,-5.671048240022558140e-02,-3.079581343218049105e-02,-1.046996611403301358e-01,6.202939972281455994e+00
5.620000000000000000e+02,5.620000000000003881e-01,4.730701768423903886e+00,1.103090672671266648e-01,-2.736124554945151832e-02,-3.389288638424522992e-01,-5.664650237528645604e-02,-3.065738859413386086e-02,-1.254962496459484100e-01,6.171860575675964355e+00
5.630000000000000000e+02,5.630000000000003890e-01,4.730631383643607357e+00,1.102995392961917398e-01,-2.735464155221056445e-02,-3.371388351701676833e-01,-5.658033207746848703e-02,-3.051710997702733463e-02,-1.142172440886497498e-01,6.169255807995796204e+00
5.640000000000000000e+02,5.640000000000003899e-01,4.730560750539888559e+00,1.102898073433556531e-01,-2.734819510985934260e-02,-3.353440036103393362e-01,-5.651181864121612719e-02,-3.037463861527398001e-02,-1.145929095800966024e-01,6.159593239426612854e+00
5.650000000000000000e+02,5.650000000000003908e-01,4.730489896921186599e+00,1.102798549289076557e-01,-2.734194068974521441e-02,-3.335431300812193856e-01,-5.644098174217204722e-02,-3.022969089935909071e-02,-1.223698740359395742e-01,6.199649646878242493e+00
5.660000000000000000e+02,5.660000000000003917e-01,4.730418815208258465e+00,1.102696368770420127e-01,-2.733585570652226002e-02,-3.317340001423312312e-01,-5.636755337895893447e-02,-3.008174324767520780e-02,-1.312139898072928190e-01,6.245278120040893555e+00
5.670000000000000000e+02,5.670000000000003926e-01,4.730347523367909979e+00,1.102591732084539367e-01,-2.732994740919521270e-02,-3.299157043412117574e-01,-5.629180605200789778e-02,-2.993108553558035401e-02,-1.374902951065450907e-01,6.234806895256042480e+00
5.680000000000000000e+02,5.680000000000003935e-01,4.730276013995037054e+00,1.102484897699209793e-01,-2.732418832818308066e-02,-3.280891110621541040e-01,-5.621407635468123054e-02,-2.977826775706021722e-02,-1.459532296285033226e-01,6.208484143018722534e+00
5.690000000000000000e+02,5.690000000000003944e-01,4.730204304278617933e+00,1.102376315011799335e-01,-2.731865803207725318e-02,-3.262516980321205073e-01,-5.613469857984809686e-02,-2.962389594510159152e-02,-1.257983462419360876e-01,6.288448765873908997e+00
5.700000000000000000e+02,5.700000000000003952e-01,4.730132369481248489e+00,1.102266319847204495e-01,-2.731338429216642258e-02,-3.244015321850990952e-01,-5.605383020308551956e-02,-2.946848965623877215e-02,-1.109787328168749809e-01,6.326532557606697083e+00
5.710000000000000000e+02,5.710000000000003961e-01,4.730060213430476779e+00,1.102154548915355026e-01,-2.730826993547705306e-02,-3.225415538446059216e-01,-5.597157097351601607e-02,-2.931229566767706851e-02,-1.235599368810653687e-01,6.320433646440505981e+00
5.720000000000000000e+02,5.720000000000003970e-01,4.729987860375978848e+00,1.102040261800638632e-01,-2.730329658755168906e-02,-3.206720562792055862e-01,-5.588778636967273172e-02,-2.915454276813231327e-02,-1.291429917328059673e-01,6.312499761581420898e+00
5.730000000000000000e+02,5.730000000000003979e-01,4.729915320746127527e+00,1.101923554031346980e-01,-2.729851584768339112e-02,-3.187916899429683038e-01,-5.580273288786097297e-02,-2.899526419834347335e-02,-1.270194379612803459e-01,6.301259949803352356e+00
5.740000000000000000e+02,5.740000000000003988e-01,4.729842627045311332e+00,1.101805123183020041e-01,-2.729396251084439257e-02,-3.168987104340632022e-01,-5.571665699921068970e-02,-2.883529763665554357e-02,-1.259531490504741669e-01,6.274263694882392883e+00
5.750000000000000000e+02,5.750000000000003997e-01,4.729769778930903001e+00,1.101685357027232387e-01,-2.728962180826570091e-02,-3.149909277023849041e-01,-5.562954099466810298e-02,-2.867531677062176709e-02,-1.136496677063405514e-01,6.299719855189323425e+00
5.760000000000000000e+02,5.760000000000004006e-01,4.729696768850812916e+00,1.101564062547564227e-01,-2.728556311014065233e-02,-3.130697647144617957e-01,-5.554148748284148951e-02,-2.851531442586152654e-02,-1.220279904082417488e-01,6.311475321650505066e+00
5.770000000000000000e+02,5.770000000000004015e-01,4.729623585236076622e+00,1.101441592724786561e-01,-2.728179400861319506e-02,-3.111356860897198651e-01,-5.545267288624522450e-02,-2.835505536744722943e-02,-1.453549293801188469e-01,6.288350418210029602e+00
5.780000000000000000e+02,5.780000000000004023e-01,4.729550202653120650e+00,1.101317389269240860e-01,-2.727825199814962881e-02,-3.091883678981520167e-01,-5.536288936179056819e-02,-2.819419915751408823e-02,-1.365364599041640759e-01,6.266897946596145630e+00
5.790000000000000000e+02,5.790000000000004032e-01,4.729476575616445189e+00,1.101191228082755436e-01,-2.727484802257932814e-02,-3.072293327363944115e-01,-5.527175005886597603e-02,-2.803264023414722694e-02,-1.222503990866243839e-01,6.268837422132492065e+00
5.800000000000000000e+02,5.800000000000004041e-01,4.729402710376665375e+00,1.101062664190845392e-01,-2.727156365870000293e-02,-3.052564152105645690e-01,-5.517908630014245475e-02,-2.787007561849547121e-02,-1.165613639168441296e-01,6.277021288871765137e+00
5.810000000000000000e+02,5.810000000000004050e-01,4.729328644564561479e+00,1.100931055786926738e-01,-2.726843374816216234e-02,-3.032689547889139137e-01,-5.508492267177711454e-02,-2.770590997585456461e-02,-1.201892103999853134e-01,6.308544710278511047e+00
5.820000000000000000e+02,5.820000000000004059e-01,4.729254396987506937e+00,1.100796428757633560e-01,-2.726547763239822036e-02,-3.012681879821984543e-01,-5.498933447293619103e-02,-2.754011392386415680e-02,-1.287162327207624912e-01,6.300290197134017944e+00
5.830000000000000000e+02,5.830000000000004068e-01,4.729179942003734816e+00,1.100658380362275202e-01,-2.726265960740207467e-02,-2.992561503764548658e-01,-5.489239048708793867e-02,-2.737257017263944325e-02,-1.282775495201349258e-01,6.258876621723175049e+00
5.840000000000000000e+02,5.840000000000004077e-01,4.729105265468579233e+00,1.100515990380551840e-01,-2.725998340270291767e-02,-2.972353473063955587e-01,-5.479397774092675810e-02,-2.720247715951906731e-02,-1.112265903502702713e-01,6.250064253807067871e+00
5.850000000000000000e+02,5.850000000000004086e-01,4.729030367340477881e+00,1.100369115297642059e-01,-2.725743971167618462e-02,-2.952025235656184909e-01,-5.469391772610343594e-02,-2.702962875985817637e-02,-1.077766944654285908e-01,6.305726289749145508e+00
5.860000000000000000e+02,5.860000000000004095e-01,4.728955262478781840e+00,1.100217453745652996e-01,-2.725501299583432332e-02,-2.931580363014625323e-01,-5.459218910859786611e-02,-2.685389113448274911e-02,-8.943378645926713943e-02,6.321297645568847656e+00
5.870000000000000000e+02,5.870000000000004103e-01,4.728879951759851430e+00,1.100061155089151754e-01,-2.725269404640608475e-02,-2.911012098972812767e-01,-5.448911329917893731e-02,-2.667570161611362844e-02,-9.839888801798224449e-02,6.338528990745544434e+00
5.880000000000000000e+02,5.880000000000004112e-01,4.728804440830000289e+00,1.099899999339044449e-01,-2.725047280394136268e-02,-2.890299382472323320e-01,-5.438480433956427440e-02,-2.649524470737660287e-02,-9.843702381476759911e-02,6.331969112157821655e+00
5.890000000000000000e+02,5.890000000000004121e-01,4.728728723138104328e+00,1.099733660723141715e-01,-2.724838744229200749e-02,-2.869432095621178291e-01,-5.427940163975164545e-02,-2.631205959558285956e-02,-1.093511306680738926e-01,6.360879138112068176e+00
5.900000000000000000e+02,5.900000000000004130e-01,4.728652827634069133e+00,1.099562339766914365e-01,-2.724646576495605779e-02,-2.848394467736916624e-01,-5.417295723960457998e-02,-2.612632213431087536e-02,-1.170453815720975399e-01,6.407588601112365723e+00
5.910000000000000000e+02,5.910000000000004139e-01,4.728576753745752370e+00,1.099386074459812457e-01,-2.724469981536976199e-02,-2.827203314926662880e-01,-5.406557105092524296e-02,-2.593792272476955207e-02,-1.134353699162602425e-01,6.411547288298606873e+00
5.920000000000000000e+02,5.920000000000004148e-01,4.728500496390439345e+00,1.099205157787319087e-01,-2.724307441005863195e-02,-2.805895115008264495e-01,-5.395745396885254230e-02,-2.574726617918002280e-02,-1.075595030561089516e-01,6.399050772190093994e+00
5.930000000000000000e+02,5.930000000000004157e-01,4.728424056335143177e+00,1.099019272630211291e-01,-2.724159864032277972e-02,-2.784452601288869844e-01,-5.384869984465900927e-02,-2.555454965767189890e-02,-1.033662133850157261e-01,6.383187785744667053e+00
5.940000000000000000e+02,5.940000000000004166e-01,4.728347430889239256e+00,1.098828818161805276e-01,-2.724030442514019726e-02,-2.762848086203818498e-01,-5.373949466654059925e-02,-2.536010326362511669e-02,-1.030084663070738316e-01,6.426983863115310669e+00
5.950000000000000000e+02,5.950000000000004174e-01,4.728270610931467388e+00,1.098632695626588218e-01,-2.723917906921060478e-02,-2.741081418586251428e-01,-5.362960495977198150e-02,-2.516316044497619864e-02,-1.183494182769209146e-01,6.429763376712799072e+00
5.960000000000000000e+02,5.960000000000004183e-01,4.728193592619977181e+00,1.098429734555168985e-01,-2.723822490136198343e-02,-2.719228094428341458e-01,-5.351898742246308238e-02,-2.496249250192544844e-02,-1.285448991693556309e-01,6.422842800617218018e+00
5.970000000000000000e+02,5.970000000000004192e-01,4.728116367119546304e+00,1.098220110737840316e-01,-2.723745694138539342e-02,-2.697283370841028205e-01,-5.340771755685214117e-02,-2.475805274938773504e-02,-1.289775085169821978e-01,6.397045940160751343e+00
5.980000000000000000e+02,5.980000000000004201e-01,4.728038927813035031e+00,1.098003929074242296e-01,-2.723693393763146689e-02,-2.675243528117975389e-01,-5.329604499629381209e-02,-2.455031109750013818e-02,-1.223195237107574940e-01,6.434019267559051514e+00
5.990000000000000000e+02,5.990000000000004210e-01,4.727961283671057835e+00,1.097781822902313686e-01,-2.723669037934602424e-02,-2.653102347597627864e-01,-5.318404091304596015e-02,-2.433987210323708406e-02,-1.199518458452075720e-01,6.435166150331497192e+00
6.000000000000000000e+02,6.000000000000004219e-01,4.727883439892674566e+00,1.097553233283371649e-01,-2.723675152801978069e-02,-2.630884710166511709e-01,-5.307205145868598706e-02,-2.412702276439231130e-02,-1.133255268214270473e-01,6.437331974506378174e+00
6.010000000000000000e+02,6.010000000000004228e-01,4.727805392737381318e+00,1.097317710702536142e-01,-2.723713159377501997e-02,-2.608596168274667226e-01,-5.296017927795415581e-02,-2.391168690435088728e-02,-1.120087305316701531e-01,6.462871104478836060e+00
6.020000000000000000e+02,6.020000000000004237e-01,4.727727155023496053e+00,1.097075335940323332e-01,-2.723785082521726006e-02,-2.586192789458935382e-01,-5.284859731747948430e-02,-2.369394025582777230e-02,-9.950809130532434210e-02,6.475945919752120972e+00
6.030000000000000000e+02,6.030000000000004245e-01,4.727648745477337933e+00,1.096827569518977336e-01,-2.723891948122833528e-02,-2.563685339061829715e-01,-5.273746832145120855e-02,-2.347425500933136844e-02,-1.022299117175862193e-01,6.441805630922317505e+00
6.040000000000000000e+02,6.040000000000004254e-01,4.727570181766249213e+00,1.096575423218862366e-01,-2.724024217617766405e-02,-2.541083903437840741e-01,-5.262649130300811606e-02,-2.325303738392943409e-02,-9.778095508227124810e-02,6.459795922040939331e+00
6.050000000000000000e+02,6.050000000000004263e-01,4.727491442142454758e+00,1.096318905441694413e-01,-2.724170963361994754e-02,-2.518362042434166281e-01,-5.251516167733227824e-02,-2.302958407144189978e-02,-1.076418880693381652e-01,6.472085773944854736e+00
6.060000000000000000e+02,6.060000000000004272e-01,4.727412522808549511e+00,1.096057839302614773e-01,-2.724327265140042906e-02,-2.495539111695605772e-01,-5.240329736298798835e-02,-2.280346852784417844e-02,-1.060478697763755918e-01,6.473772615194320679e+00
6.070000000000000000e+02,6.070000000000004281e-01,4.727333415908836933e+00,1.095791920380426859e-01,-2.724490530355854964e-02,-2.472625960622431840e-01,-5.229081475408281499e-02,-2.257449076213588479e-02,-1.123741624178364873e-01,6.477254033088684082e+00
6.080000000000000000e+02,6.080000000000004290e-01,4.727254121966902645e+00,1.095521332281625820e-01,-2.724661196118392456e-02,-2.449611184731977365e-01,-5.217774384755302641e-02,-2.234277191051520228e-02,-9.658452449366450310e-02,6.471701204776763916e+00
6.090000000000000000e+02,6.090000000000004299e-01,4.727174628577939686e+00,1.095246417340339645e-01,-2.724839925706345339e-02,-2.426490487598064183e-01,-5.206410877852807317e-02,-2.210816852622121687e-02,-9.719975572079420090e-02,6.503704816102981567e+00
6.100000000000000000e+02,6.100000000000004308e-01,4.727094956897762934e+00,1.094966800339573360e-01,-2.725034215164597387e-02,-2.403267957083690953e-01,-5.195009008646866988e-02,-2.187051934223807614e-02,-1.017723027616739273e-01,6.489876210689544678e+00
6.110000000000000000e+02,6.110000000000004317e-01,4.727015114149959452e+00,1.094682042959448792e-01,-2.725237495098167817e-02,-2.379954895004891269e-01,-5.183554541173696073e-02,-2.162922207409803677e-02,-9.883116226410493255e-02,6.499452739953994751e+00
6.120000000000000000e+02,6.120000000000004325e-01,4.726935121187629818e+00,1.094392189884179495e-01,-2.725458844477181286e-02,-2.356546089579238945e-01,-5.172075853107527266e-02,-2.138435118917120237e-02,-1.043156025698408484e-01,6.440837502479553223e+00
6.130000000000000000e+02,6.130000000000004334e-01,4.726854967414506170e+00,1.094098155461933203e-01,-2.725703656812264800e-02,-2.333034755091291101e-01,-5.160609427508111580e-02,-2.113670346692719804e-02,-1.176834841899108142e-01,6.457612454891204834e+00
6.140000000000000000e+02,6.140000000000004343e-01,4.726774645145608744e+00,1.093799591847037372e-01,-2.725971263284493809e-02,-2.309397247374121998e-01,-5.149136331850834303e-02,-2.088633506225083536e-02,-1.288260181026998907e-01,6.487163871526718140e+00
6.150000000000000000e+02,6.150000000000004352e-01,4.726694125545667369e+00,1.093496613867309813e-01,-2.726263098529896345e-02,-2.285658925069153913e-01,-5.137676450952488594e-02,-2.063327414499960266e-02,-1.281779446871951222e-01,6.496056526899337769e+00
6.160000000000000000e+02,6.160000000000004361e-01,4.726613419625298462e+00,1.093189432336134775e-01,-2.726577066713896380e-02,-2.261806793593658660e-01,-5.126240845044360839e-02,-2.037743653322086901e-02,-1.280617362353950739e-01,6.489634275436401367e+00
6.170000000000000000e+02,6.170000000000004370e-01,4.726532534834264609e+00,1.092878183354707849e-01,-2.726915052457772395e-02,-2.237849844490895079e-01,-5.114838177912406358e-02,-2.011866273220354329e-02,-1.251637032837606966e-01,6.504784315824508667e+00
6.180000000000000000e+02,6.180000000000004379e-01,4.726451463421570409e+00,1.092563845162389385e-01,-2.727282212821707449e-02,-2.213771426797779551e-01,-5.103503796330821629e-02,-1.985822186062299877e-02,-1.306853400019463152e-01,6.553452968597412109e+00
6.190000000000000000e+02,6.190000000000004388e-01,4.726370220374168873e+00,1.092246520058851311e-01,-2.727675232258015142e-02,-2.189613672073505990e-01,-5.092226423550405556e-02,-1.959632865920514500e-02,-1.386345186037942767e-01,6.563268512487411499e+00
6.200000000000000000e+02,6.200000000000004396e-01,4.726288807979027062e+00,1.091926432802340086e-01,-2.728096384011301223e-02,-2.165364204553333893e-01,-5.081039258784381119e-02,-1.933328840111335489e-02,-1.341278330437489785e-01,6.514237076044082642e+00
6.210000000000000000e+02,6.210000000000004405e-01,4.726207211863280300e+00,1.091603910184749532e-01,-2.728547885658297312e-02,-2.141011905744930055e-01,-5.069961949976353743e-02,-1.906950203694307566e-02,-1.336433505639433861e-01,6.526502430438995361e+00
6.220000000000000000e+02,6.220000000000004414e-01,4.726125424946365783e+00,1.091278986395343431e-01,-2.729027200030119393e-02,-2.116535294455295091e-01,-5.058976275820548096e-02,-1.880532008837515479e-02,-1.414316813461482525e-01,6.599073082208633423e+00
6.230000000000000000e+02,6.230000000000004423e-01,4.726043456118132369e+00,1.090951863681201700e-01,-2.729534883152488767e-02,-2.091958597611742188e-01,-5.048085875233976338e-02,-1.854071520003185147e-02,-1.196081642992794514e-01,6.573390215635299683e+00
6.240000000000000000e+02,6.240000000000004432e-01,4.725961329241601838e+00,1.090622724636157725e-01,-2.730074143758017338e-02,-2.067311627663873663e-01,-5.037331798845712250e-02,-1.827594633662896206e-02,-1.138743143528699875e-01,6.594181358814239502e+00
6.250000000000000000e+02,6.250000000000004441e-01,4.725879066487823188e+00,1.090291563436853600e-01,-2.730639098896434080e-02,-2.042604441279979310e-01,-5.026673346660559538e-02,-1.801035102328210624e-02,-1.260608006268739700e-01,6.586952984333038330e+00
6.260000000000000000e+02,6.260000000000004450e-01,4.725796655551190995e+00,1.089958934912003685e-01,-2.731229626119656764e-02,-2.017838173424001402e-01,-5.016119840979982314e-02,-1.774409278712593685e-02,-1.371642015874385834e-01,6.573388308286666870e+00
6.270000000000000000e+02,6.270000000000004459e-01,4.725714014213550307e+00,1.089634184740194134e-01,-2.731859407639779247e-02,-1.993042341677441764e-01,-5.005831398676385824e-02,-1.748639426736743607e-02,-1.426061950623989105e-01,6.568306803703308105e+00
6.280000000000000000e+02,6.280000000000004468e-01,4.725631074384476271e+00,1.089321544480239962e-01,-2.732538450966040533e-02,-1.968185388134350844e-01,-4.995912311947936502e-02,-1.724243460073236756e-02,-1.251175329089164734e-01,6.632496535778045654e+00
6.290000000000000000e+02,6.290000000000004476e-01,4.725547840835980118e+00,1.089022388504360672e-01,-2.733265914487489553e-02,-1.943262806118940811e-01,-4.986377140528408525e-02,-1.701375794657189466e-02,-1.337777907028794289e-01,6.642869323492050171e+00
6.300000000000000000e+02,6.300000000000004485e-01,4.725464327687078026e+00,1.088736415163670118e-01,-2.734037091170470404e-02,-1.918294187371770154e-01,-4.977206890329033406e-02,-1.679913039175813527e-02,-1.133469725027680397e-01,6.586198508739471436e+00
6.310000000000000000e+02,6.310000000000004494e-01,4.725380557342211851e+00,1.088464719775637524e-01,-2.734857558844627085e-02,-1.893311131332699737e-01,-4.968410976504777921e-02,-1.659885713338554725e-02,-1.044150236994028091e-01,6.588171541690826416e+00
6.320000000000000000e+02,6.320000000000004503e-01,4.725296544323184911e+00,1.088207005318812398e-01,-2.735728979109778441e-02,-1.868322909326533832e-01,-4.959958648857365482e-02,-1.641255642766945022e-02,-9.650657325983047485e-02,6.632068902254104614e+00
6.330000000000000000e+02,6.330000000000004512e-01,4.725212304422892196e+00,1.087962650943424814e-01,-2.736650845676395771e-02,-1.843295848541091075e-01,-4.951836905740281125e-02,-1.623944519678334475e-02,-1.011161599308252335e-01,6.598422050476074219e+00
6.340000000000000000e+02,6.340000000000004521e-01,4.725127836826494843e+00,1.087731323917790205e-01,-2.737623730205581904e-02,-1.818237879366644549e-01,-4.944051618372791168e-02,-1.607918425270976615e-02,-1.120327347889542580e-01,6.563929796218872070e+00
6.350000000000000000e+02,6.350000000000004530e-01,4.725043152990833661e+00,1.087512025152432005e-01,-2.738643989661098885e-02,-1.793123127728102895e-01,-4.936565305839901718e-02,-1.593075592017348385e-02,-1.114206351339817047e-01,6.608382493257522583e+00
6.360000000000000000e+02,6.360000000000004539e-01,4.724958268934245531e+00,1.087303676171267608e-01,-2.739710130182024944e-02,-1.767914277086838348e-01,-4.929357120981991969e-02,-1.579342074383503769e-02,-1.164407702162861824e-01,6.644057601690292358e+00
6.370000000000000000e+02,6.370000000000004547e-01,4.724873210916363142e+00,1.087106023491982015e-01,-2.740813949613838535e-02,-1.742629857581949049e-01,-4.922391525912139798e-02,-1.566626733343809419e-02,-1.048641549423336983e-01,6.594015568494796753e+00
6.380000000000000000e+02,6.380000000000004556e-01,4.724787984042192690e+00,1.086919065161486564e-01,-2.741954847869857922e-02,-1.717266461922293819e-01,-4.915675503727290341e-02,-1.554921192993234669e-02,-1.190994307398796082e-01,6.684963136911392212e+00
6.390000000000000000e+02,6.390000000000004565e-01,4.724702600990911883e+00,1.086741829504733053e-01,-2.743128890549449694e-02,-1.691818512176031519e-01,-4.909161625440594534e-02,-1.544149590758020496e-02,-1.233922466635704041e-01,6.663467466831207275e+00
6.400000000000000000e+02,6.400000000000004574e-01,4.724617048382166118e+00,1.086574132917277474e-01,-2.744323383161349078e-02,-1.666317445102157846e-01,-4.902837114134506180e-02,-1.534287085409212492e-02,-1.085010543465614319e-01,6.639964371919631958e+00
6.410000000000000000e+02,6.410000000000004583e-01,4.724531326966807221e+00,1.086416705640666641e-01,-2.745537657109345386e-02,-1.640744436044958010e-01,-4.896689233083506565e-02,-1.525360009852863574e-02,-1.123490491881966591e-01,6.634116768836975098e+00
6.420000000000000000e+02,6.420000000000004592e-01,4.724445436372415763e+00,1.086268426378591834e-01,-2.746776542771638477e-02,-1.615060325071553393e-01,-4.890723724882617418e-02,-1.517287335001178683e-02,-1.213153544813394547e-01,6.558118343353271484e+00
6.430000000000000000e+02,6.430000000000004601e-01,4.724359390267351522e+00,1.086129132760237509e-01,-2.748031096222464803e-02,-1.589324458770359771e-01,-4.884882626811815065e-02,-1.510038680665125310e-02,-1.081276424229145050e-01,6.544142872095108032e+00
6.440000000000000000e+02,6.440000000000004610e-01,4.724273194913259033e+00,1.085998743741710681e-01,-2.749301459859858007e-02,-1.563549770337541722e-01,-4.879118844523522291e-02,-1.503568382990728980e-02,-9.055193327367305756e-02,6.576022565364837646e+00
6.450000000000000000e+02,6.450000000000004619e-01,4.724186851350827610e+00,1.085876364739525174e-01,-2.750586216528252623e-02,-1.537736207149915657e-01,-4.873412644313313002e-02,-1.497820065786914512e-02,-1.008611572906374931e-01,6.583663284778594971e+00
6.460000000000000000e+02,6.460000000000004627e-01,4.724100389081541174e+00,1.085760393588494355e-01,-2.751884440027169837e-02,-1.511852778998674651e-01,-4.867769793646159471e-02,-1.492679231662673300e-02,-9.493771474808454514e-02,6.600927859544754028e+00
6.470000000000000000e+02,6.470000000000004636e-01,4.724013799882711417e+00,1.085650696060449921e-01,-2.753200642621405833e-02,-1.485896365133378694e-01,-4.862203253342811671e-02,-1.488118195749252304e-02,-1.043591443449258804e-01,6.646777153015136719e+00
6.480000000000000000e+02,6.480000000000004645e-01,4.723927070741395617e+00,1.085546610329287398e-01,-2.754532669129905117e-02,-1.459842795142558547e-01,-4.856712861717715768e-02,-1.484061737523977020e-02,-9.905496798455715179e-02,6.648191988468170166e+00
6.490000000000000000e+02,6.490000000000004654e-01,4.723840225021284311e+00,1.085446825923912922e-01,-2.755885827679612279e-02,-1.433670666927120974e-01,-4.851334970504495026e-02,-1.480368665501201331e-02,-9.305331110954284668e-02,6.651543170213699341e+00
6.500000000000000000e+02,6.500000000000004663e-01,4.723753260640663143e+00,1.085351935468669010e-01,-2.757257608933871146e-02,-1.407374122746780087e-01,-4.846066317074049223e-02,-1.477060582603345607e-02,-1.025720145553350449e-01,6.637635618448257446e+00
6.510000000000000000e+02,6.510000000000004672e-01,4.723666180751659560e+00,1.085261632131586801e-01,-2.758642194099960102e-02,-1.380959422474575815e-01,-4.840875972618841061e-02,-1.474065061686830047e-02,-1.145869391039013863e-01,6.626817762851715088e+00
6.520000000000000000e+02,6.520000000000004681e-01,4.723578992464399384e+00,1.085176889257176702e-01,-2.760038108105740406e-02,-1.354471534791487075e-01,-4.835742939143505836e-02,-1.471468420869899429e-02,-1.239983923733234406e-01,6.623990446329116821e+00
6.530000000000000000e+02,6.530000000000004690e-01,4.723491697149595936e+00,1.085097841056887197e-01,-2.761445491845756009e-02,-1.327872373229783132e-01,-4.830675119411886875e-02,-1.469314147157889383e-02,-1.249483982101082802e-01,6.628557741641998291e+00
6.540000000000000000e+02,6.540000000000004698e-01,4.723404258535204292e+00,1.085024935644374050e-01,-2.762868303367236808e-02,-1.301188663777737564e-01,-4.825677921035942397e-02,-1.467627377667882205e-02,-1.126811914145946503e-01,6.677791863679885864e+00
6.550000000000000000e+02,6.550000000000004707e-01,4.723316675551361143e+00,1.084957616407625919e-01,-2.764296138336362965e-02,-1.274407104657729606e-01,-4.820720690901048044e-02,-1.466375609875553154e-02,-1.078179636970162392e-01,6.679997742176055908e+00
6.560000000000000000e+02,6.560000000000004716e-01,4.723228943384450318e+00,1.084895275543127785e-01,-2.765732096473953391e-02,-1.247551506544310740e-01,-4.815822458341600942e-02,-1.465506458723737221e-02,-1.017398731783032417e-01,6.697760939598083496e+00
6.570000000000000000e+02,6.570000000000004725e-01,4.723141093087291686e+00,1.084837388472428277e-01,-2.767179498418580533e-02,-1.220595620194673964e-01,-4.810996095408004436e-02,-1.464912075137746184e-02,-8.880649786442518234e-02,6.736920088529586792e+00
6.580000000000000000e+02,6.580000000000004734e-01,4.723053127029369413e+00,1.084782289049989884e-01,-2.768630585821169054e-02,-1.193577785446248152e-01,-4.806196902212334088e-02,-1.464399229549628867e-02,-9.756788797676563263e-02,6.709330201148986816e+00
6.590000000000000000e+02,6.590000000000004743e-01,4.722965140925751371e+00,1.084720431689708969e-01,-2.770067621583835460e-02,-1.166513183013076493e-01,-4.801302162943077434e-02,-1.462958563432911058e-02,-1.114235222339630127e-01,6.735834300518035889e+00
6.600000000000000000e+02,6.600000000000004752e-01,4.722877183641029042e+00,1.084647675573407050e-01,-2.771491385560663837e-02,-1.139387673237296228e-01,-4.796283688811975310e-02,-1.460183092241432168e-02,-1.081540128216147423e-01,6.694645494222640991e+00
6.610000000000000000e+02,6.610000000000004761e-01,4.722789239101176761e+00,1.084562950405686677e-01,-2.772901719810978716e-02,-1.112183785288193699e-01,-4.791163437612544485e-02,-1.455999760151109601e-02,-1.024349713698029518e-01,6.709435671567916870e+00
6.620000000000000000e+02,6.620000000000004770e-01,4.722701295076418226e+00,1.084465657410651762e-01,-2.774294154170646801e-02,-1.084912373502759930e-01,-4.785911143229704123e-02,-1.450367089328689213e-02,-1.026359563693404198e-01,6.723528563976287842e+00
6.630000000000000000e+02,6.630000000000004778e-01,4.722613332386956131e+00,1.084355009239317963e-01,-2.775671233533367338e-02,-1.057578389357399784e-01,-4.780551405568855827e-02,-1.443289035182650920e-02,-1.069583352655172348e-01,6.773267418146133423e+00
6.640000000000000000e+02,6.640000000000004787e-01,4.722525348236032983e+00,1.084230231649752768e-01,-2.777035300776089372e-02,-1.030183192732864461e-01,-4.775105001336177324e-02,-1.434720020597798212e-02,-1.151411794126033783e-01,6.774818718433380127e+00
6.650000000000000000e+02,6.650000000000004796e-01,4.722437314303670419e+00,1.084091230718705057e-01,-2.778381442008233393e-02,-1.002707906960571410e-01,-4.769602293364627599e-02,-1.424729729021129154e-02,-1.192066883668303490e-01,6.756570398807525635e+00
6.660000000000000000e+02,6.660000000000004805e-01,4.722349225997273692e+00,1.083937630310423950e-01,-2.779714571430487099e-02,-9.751491836130435353e-02,-4.764069551754435139e-02,-1.413317428286594429e-02,-1.266808733344078064e-01,6.719476699829101562e+00
6.670000000000000000e+02,6.670000000000004814e-01,4.722261058077064533e+00,1.083769900534008873e-01,-2.781039659684004725e-02,-9.475414063654970243e-02,-4.758517246657079092e-02,-1.400527773324247716e-02,-1.331333750858902931e-01,6.742822527885437012e+00
6.680000000000000000e+02,6.680000000000004823e-01,4.722172774081255575e+00,1.083589160681006358e-01,-2.782357560680110559e-02,-9.199426207763958252e-02,-4.752922143409432643e-02,-1.386449301248725979e-02,-1.430257372558116913e-01,6.759652554988861084e+00
6.690000000000000000e+02,6.690000000000004832e-01,4.722084327124504100e+00,1.083395712871449701e-01,-2.783666170263388029e-02,-8.923587630461352060e-02,-4.747298589830162285e-02,-1.371126980942701662e-02,-1.423900397494435310e-01,6.729677587747573853e+00
6.700000000000000000e+02,6.700000000000004841e-01,4.721995679702651216e+00,1.083190064578486156e-01,-2.784952518253472689e-02,-8.648350050469889860e-02,-4.741600841444260084e-02,-1.354530506696369208e-02,-1.205126270651817322e-01,6.734222829341888428e+00
6.710000000000000000e+02,6.710000000000004849e-01,4.721906836102019334e+00,1.082972070310660867e-01,-2.786219316010837485e-02,-8.373920775761829749e-02,-4.735824283605194474e-02,-1.336684130438209328e-02,-1.074790274724364281e-01,6.770718365907669067e+00
6.720000000000000000e+02,6.720000000000004858e-01,4.721817810668728299e+00,1.082742482579150817e-01,-2.787474222845827757e-02,-8.100241665105588351e-02,-4.730003588504172463e-02,-1.317605810381891618e-02,-1.008813017979264259e-01,6.837059378623962402e+00
6.730000000000000000e+02,6.730000000000004867e-01,4.721728621758404465e+00,1.082502419473750643e-01,-2.788707611440301506e-02,-7.827785354908085858e-02,-4.724115608926671150e-02,-1.297388422068945779e-02,-1.239689141511917114e-01,6.838460683822631836e+00
6.740000000000000000e+02,6.740000000000004876e-01,4.721639286021529713e+00,1.082251967812074833e-01,-2.789922652118298832e-02,-7.556982213992416431e-02,-4.718191847366148828e-02,-1.276031322631375475e-02,-1.389602022245526314e-01,6.867352515459060669e+00
6.750000000000000000e+02,6.750000000000004885e-01,4.721549736043894718e+00,1.081991440000767413e-01,-2.791123485085978198e-02,-7.288055010241678566e-02,-4.712248351947345704e-02,-1.253580143865325180e-02,-1.253172475844621658e-01,6.885239511728286743e+00
6.760000000000000000e+02,6.760000000000004894e-01,4.721459992599407407e+00,1.081722376263664909e-01,-2.792310232451000393e-02,-7.021018632425132799e-02,-4.706306348276290130e-02,-1.230150903218711969e-02,-9.856148809194564819e-02,6.946859180927276611e+00
6.770000000000000000e+02,6.770000000000004903e-01,4.721370045943373839e+00,1.081445069732779179e-01,-2.793477941367831716e-02,-6.755852117781642463e-02,-4.700361674002517809e-02,-1.205773892576116058e-02,-1.023876350373029709e-01,6.941783934831619263e+00
6.780000000000000000e+02,6.780000000000004912e-01,4.721279937051741094e+00,1.081160056439312706e-01,-2.794627207723040380e-02,-6.492897198266626979e-02,-4.694435424112342048e-02,-1.180516127320279177e-02,-1.266330732032656670e-01,6.956624180078506470e+00
6.790000000000000000e+02,6.790000000000004921e-01,4.721189646437552234e+00,1.080867895219316394e-01,-2.795761110227079280e-02,-6.232567850709871959e-02,-4.688522524219451704e-02,-1.154397566979462053e-02,-1.399206304922699928e-01,6.957138061523437500e+00
6.800000000000000000e+02,6.800000000000004929e-01,4.721099188649530376e+00,1.080569709755687391e-01,-2.796883845494057413e-02,-5.974835361285379953e-02,-4.682651630015133293e-02,-1.127530063203885380e-02,-1.426927642896771431e-01,6.948875516653060913e+00
6.810000000000000000e+02,6.810000000000004938e-01,4.721008554609492869e+00,1.080266420247899678e-01,-2.797997501526079678e-02,-5.719649016582807610e-02,-4.676835537387868946e-02,-1.099994209470131143e-02,-1.406722981482744217e-01,6.956606984138488770e+00
6.820000000000000000e+02,6.820000000000004947e-01,4.720917713766657364e+00,1.079959227652293324e-01,-2.799092883727857459e-02,-5.467052350263612581e-02,-4.671040101831280822e-02,-1.071838664643576591e-02,-1.462613102048635483e-01,6.950408786535263062e+00
6.830000000000000000e+02,6.830000000000004956e-01,4.720826689010586996e+00,1.079648341009909335e-01,-2.800173150971823829e-02,-5.216848479290357721e-02,-4.665286358418474499e-02,-1.043054346656258416e-02,-1.328486148267984390e-01,6.918825387954711914e+00
6.840000000000000000e+02,6.840000000000004965e-01,4.720735457647009525e+00,1.079335004606318260e-01,-2.801240050022331396e-02,-4.968899004264734631e-02,-4.659588501545441908e-02,-1.013790987933259682e-02,-1.344927866011857986e-01,6.932891368865966797e+00
6.850000000000000000e+02,6.850000000000004974e-01,4.720644055130159167e+00,1.079019556307142386e-01,-2.802297160733658796e-02,-4.723032456292623749e-02,-4.653951421306024017e-02,-9.840619045672290705e-03,-1.380764991044998169e-01,6.906262934207916260e+00
6.860000000000000000e+02,6.860000000000004983e-01,4.720552481184330240e+00,1.078703004942282578e-01,-2.803349173241981990e-02,-4.479159052807021174e-02,-4.648403340987483645e-02,-9.539621287493110779e-03,-1.360235810279846191e-01,6.918304800987243652e+00
6.870000000000000000e+02,6.870000000000004992e-01,4.720460750761140467e+00,1.078386103804545165e-01,-2.804392700822973261e-02,-4.237275908913849809e-02,-4.642920271382222630e-02,-9.235503243963820441e-03,-1.667775120586156845e-01,6.858602166175842285e+00
6.880000000000000000e+02,6.880000000000005000e-01,4.720368859692220198e+00,1.078070249904411609e-01,-2.805419944422445772e-02,-3.996994256809827811e-02,-4.637499404337086517e-02,-8.929493296524836088e-03,-1.530288420617580414e-01,6.873505443334579468e+00
6.890000000000000000e+02,6.890000000000005009e-01,4.720276794750427385e+00,1.077755333274512256e-01,-2.806432920683857649e-02,-3.758299951017508855e-02,-4.632120919210369614e-02,-8.621748021226628353e-03,-1.368705239146947861e-01,6.928302198648452759e+00
6.900000000000000000e+02,6.900000000000005018e-01,4.720184578016869636e+00,1.077441411260756793e-01,-2.807428047573686664e-02,-3.520767455822583492e-02,-4.626796919605502545e-02,-8.312430266543604021e-03,-1.436966825276613235e-01,6.894843906164169312e+00
6.910000000000000000e+02,6.910000000000005027e-01,4.720092227019929254e+00,1.077128671742504790e-01,-2.808414884882663720e-02,-3.284346870021946641e-02,-4.621587843262831008e-02,-8.001899622822172126e-03,-1.459921170026063919e-01,6.877280175685882568e+00
6.920000000000000000e+02,6.920000000000005036e-01,4.719999729427877710e+00,1.076817292249204749e-01,-2.809391607454040860e-02,-3.049055399090308538e-02,-4.616470614267398354e-02,-7.690298842628250087e-03,-1.352525521069765091e-01,6.872027993202209473e+00
6.930000000000000000e+02,6.930000000000005045e-01,4.719907101121344262e+00,1.076508056737134622e-01,-2.810355357109235036e-02,-2.814749101278828797e-02,-4.611433992297619966e-02,-7.378210372143541307e-03,-9.241505153477191925e-02,6.906747996807098389e+00
6.940000000000000000e+02,6.940000000000005054e-01,4.719814355425136831e+00,1.076201477456803779e-01,-2.811302092339327749e-02,-2.581539784129165821e-02,-4.606456879106834990e-02,-7.065970003005342046e-03,-8.398872241377830505e-02,6.924838215112686157e+00
6.950000000000000000e+02,6.950000000000005063e-01,4.719721559848934156e+00,1.075897613661982444e-01,-2.812233325276712950e-02,-2.349144628940574159e-02,-4.601574674157826728e-02,-6.753710612996273108e-03,-8.112273551523685455e-02,6.944594144821166992e+00
6.960000000000000000e+02,6.960000000000005071e-01,4.719628717518663308e+00,1.075596216500177837e-01,-2.813148756228795941e-02,-2.117279813023913160e-02,-4.596806920978124822e-02,-6.441508049668543887e-03,-8.799767307937145233e-02,6.938461720943450928e+00
6.970000000000000000e+02,6.970000000000005080e-01,4.719535854905850591e+00,1.075297722314072224e-01,-2.814057723529317379e-02,-1.885996166658077122e-02,-4.592191619511298839e-02,-6.129423357704799971e-03,-1.081896927207708359e-01,7.007555097341537476e+00
6.980000000000000000e+02,6.980000000000005089e-01,4.719442959708548102e+00,1.075003050497203572e-01,-2.814960685283595873e-02,-1.655466731104062589e-02,-4.587719732121908756e-02,-5.818405950888842076e-03,-8.895037695765495300e-02,7.010000705718994141e+00
6.990000000000000000e+02,6.990000000000005098e-01,4.719349998641398258e+00,1.074712279634907619e-01,-2.815856094152619296e-02,-1.425977236203396920e-02,-4.583406493487474087e-02,-5.509062195633174057e-03,-8.537283726036548615e-02,7.057062953710556030e+00
7.000000000000000000e+02,7.000000000000005107e-01,4.719256959813219687e+00,1.074424677847925502e-01,-2.816744169112587667e-02,-1.197772422708601354e-02,-4.579240191819344830e-02,-5.201019357654939820e-03,-7.672106102108955383e-02,7.068383365869522095e+00
7.010000000000000000e+02,7.010000000000005116e-01,4.719163836584526095e+00,1.074139098660420871e-01,-2.817624197608736142e-02,-9.707261837677713667e-03,-4.575243341915657957e-02,-4.893616842083173962e-03,-7.451073825359344482e-02,7.140408039093017578e+00
7.020000000000000000e+02,7.020000000000005125e-01,4.719070662447061082e+00,1.073856023066951382e-01,-2.818491588382473004e-02,-7.448717958081645801e-03,-4.571402464492546613e-02,-4.586698711787904822e-03,-9.227333776652812958e-02,7.173257678747177124e+00
7.030000000000000000e+02,7.030000000000005134e-01,4.718977447195569219e+00,1.073575227168140633e-01,-2.819351299314135431e-02,-5.204772712269411725e-03,-4.567754003290525056e-02,-4.279995930790224390e-03,-9.403706341981887817e-02,7.153302669525146484e+00
7.040000000000000000e+02,7.040000000000005143e-01,4.718884158253842998e+00,1.073297039534264613e-01,-2.820202774792261030e-02,-2.971008910083259430e-03,-4.564331232327667465e-02,-3.974011737087399312e-03,-8.371708355844020844e-02,7.207444250583648682e+00
7.050000000000000000e+02,7.050000000000005151e-01,4.718790781347232510e+00,1.073020546145879162e-01,-2.821043046626911521e-02,-7.492545003067729859e-04,-4.561104830461859549e-02,-3.668013589181532905e-03,-7.110557891428470612e-02,7.187447220087051392e+00
7.060000000000000000e+02,7.060000000000005160e-01,4.718697322875944344e+00,1.072745846101777201e-01,-2.821866334059421749e-02,1.456966820028320715e-03,-4.558062927252959362e-02,-3.362019923010505645e-03,-6.091544777154922485e-02,7.219110637903213501e+00
7.070000000000000000e+02,7.070000000000005169e-01,4.718603791667044689e+00,1.072473459381645261e-01,-2.822667773203508743e-02,3.647032131027853202e-03,-4.555174944678541671e-02,-3.056527922656902992e-03,-7.432731986045837402e-02,7.202504843473434448e+00
7.080000000000000000e+02,7.080000000000005178e-01,4.718510240249459642e+00,1.072203072304449140e-01,-2.823431822642467545e-02,5.821672179286209101e-03,-4.552406508285788966e-02,-2.751556683153747167e-03,-7.326071709394454956e-02,7.231625556945800781e+00
7.090000000000000000e+02,7.090000000000005187e-01,4.718416675303162222e+00,1.071934717635191214e-01,-2.824161672107767043e-02,7.987378780389922661e-03,-4.549790815287324541e-02,-2.447526851986411324e-03,-6.283765472471714020e-02,7.203091502189636230e+00
7.100000000000000000e+02,7.100000000000005196e-01,4.718323063309144416e+00,1.071667631361462730e-01,-2.824854256124978424e-02,1.014267801585737316e-02,-4.547322437629497394e-02,-2.143991437787412697e-03,-6.453944928944110870e-02,7.178739815950393677e+00
7.110000000000000000e+02,7.110000000000005205e-01,4.718229414903075458e+00,1.071401232385758157e-01,-2.825508055353934123e-02,1.228833397232848533e-02,-4.544985662227740697e-02,-1.840546429888090599e-03,-6.448170728981494904e-02,7.195949316024780273e+00
7.120000000000000000e+02,7.120000000000005214e-01,4.718135746250362139e+00,1.071135311628331338e-01,-2.826123606156768706e-02,1.442451356438554863e-02,-4.542770982756350051e-02,-1.536910827582315016e-03,-8.910404518246650696e-02,7.188246846199035645e+00
7.130000000000000000e+02,7.130000000000005222e-01,4.718042053371267031e+00,1.070870153701797417e-01,-2.826701316263898617e-02,1.655298459847140760e-02,-4.540696031634072760e-02,-1.233191221101929969e-03,-1.054123993963003159e-01,7.171251714229583740e+00
7.140000000000000000e+02,7.140000000000005231e-01,4.717948290529307087e+00,1.070605535893819349e-01,-2.827241134587903451e-02,1.867478507534051785e-02,-4.538761116342926449e-02,-9.293926652353262652e-04,-1.265439018607139587e-01,7.234452903270721436e+00
7.150000000000000000e+02,7.150000000000005240e-01,4.717854410174129320e+00,1.070341163456213218e-01,-2.827746154067963674e-02,2.079331326881810743e-02,-4.536984411760847102e-02,-6.256263055199693529e-04,-1.191350808367133141e-01,7.219114720821380615e+00
7.160000000000000000e+02,7.160000000000005249e-01,4.717760390051647157e+00,1.070077076869438981e-01,-2.828209766663482283e-02,2.290628191632825689e-02,-4.535360867840432242e-02,-3.221329120054634843e-04,-1.088727135211229324e-01,7.187834709882736206e+00
7.170000000000000000e+02,7.170000000000005258e-01,4.717666237116539207e+00,1.069812890326008875e-01,-2.828632889513685300e-02,2.501461196815176619e-02,-4.533890597393885891e-02,-1.859792742813642930e-05,-1.040898310020565987e-01,7.180105894804000854e+00
7.180000000000000000e+02,7.180000000000005267e-01,4.717571963074440156e+00,1.069547720830090892e-01,-2.829019154493486732e-02,2.711900435510197077e-02,-4.532575538800975856e-02,2.858263576731353423e-04,-9.270117804408073425e-02,7.208795100450515747e+00
7.190000000000000000e+02,7.190000000000005276e-01,4.717477564278047986e+00,1.069282123135237295e-01,-2.829374642686921862e-02,2.922116578347182941e-02,-4.531441090443477648e-02,5.909233615418018476e-04,-8.359297178685665131e-02,7.187073945999145508e+00
7.200000000000000000e+02,7.200000000000005285e-01,4.717383041206195671e+00,1.069015791803737542e-01,-2.829688804633986171e-02,3.132130176014381179e-02,-4.530467677092286927e-02,8.969331109460760426e-04,-7.751029171049594879e-02,7.156626731157302856e+00
7.210000000000000000e+02,7.210000000000005294e-01,4.717288413551917081e+00,1.068748028316877374e-01,-2.829958611147638178e-02,3.341763283519048194e-02,-4.529628251674688855e-02,1.204578013803171699e-03,-9.441288560628890991e-02,7.135560333728790283e+00
7.220000000000000000e+02,7.220000000000005302e-01,4.717193680468382055e+00,1.068478476263788751e-01,-2.830190094487146368e-02,3.551105752601572962e-02,-4.528932196064938687e-02,1.513359070353659241e-03,-9.879683330655097961e-02,7.134030669927597046e+00
7.230000000000000000e+02,7.230000000000005311e-01,4.717098809639524326e+00,1.068206854769332137e-01,-2.830386518833766241e-02,3.760113012089399964e-02,-4.528377015785789439e-02,1.823168664765548175e-03,-1.100412718951702118e-01,7.160814106464385986e+00
7.240000000000000000e+02,7.240000000000005320e-01,4.717003806987293935e+00,1.067933077611342430e-01,-2.830554866730462457e-02,3.968891569375657125e-02,-4.527990413880855769e-02,2.133644482409942367e-03,-1.119908988475799561e-01,7.179119586944580078e+00
7.250000000000000000e+02,7.250000000000005329e-01,4.716908655483856627e+00,1.067656957434414827e-01,-2.830693482126015251e-02,4.177451421299158835e-02,-4.527780619487420388e-02,2.444903878230528238e-03,-1.156349536031484604e-01,7.186892360448837280e+00
7.260000000000000000e+02,7.260000000000005338e-01,4.716813346713855992e+00,1.067377638404928691e-01,-2.830807565104569504e-02,4.385989027698580095e-02,-4.527786825495438983e-02,2.757788466821189943e-03,-1.040060371160507202e-01,7.211057424545288086e+00
7.270000000000000000e+02,7.270000000000005347e-01,4.716717886895763101e+00,1.067094643863717301e-01,-2.830903091144031450e-02,4.594587017792993444e-02,-4.528040000732413972e-02,3.072704731311142606e-03,-1.085904166102409363e-01,7.235183954238891602e+00
7.280000000000000000e+02,7.280000000000005356e-01,4.716622274345308341e+00,1.066806908587214497e-01,-2.830976620333421762e-02,4.803028437751475505e-02,-4.528531477546726691e-02,3.390769806187188262e-03,-1.169650405645370483e-01,7.225758969783782959e+00
7.290000000000000000e+02,7.290000000000005365e-01,4.716526522104235397e+00,1.066514682755063809e-01,-2.831026019937391003e-02,5.011191264442882431e-02,-4.529261027564102093e-02,3.712082746827931323e-03,-1.385277733206748962e-01,7.195589751005172729e+00
7.300000000000000000e+02,7.300000000000005373e-01,4.716430618785205198e+00,1.066217762984044137e-01,-2.831050805117654723e-02,5.218792903145820505e-02,-4.530207136157216041e-02,4.036666252073828343e-03,-1.360720098018646240e-01,7.247897058725357056e+00
7.310000000000000000e+02,7.310000000000005382e-01,4.716334569408435762e+00,1.065916635979504423e-01,-2.831051153603432111e-02,5.425637154369915977e-02,-4.531344193445097090e-02,4.363959566149995528e-03,-1.443260721862316132e-01,7.285405457019805908e+00
7.320000000000000000e+02,7.320000000000005391e-01,4.716238366129013038e+00,1.065611453065805625e-01,-2.831029846564990515e-02,5.631603290233729020e-02,-4.532699598685674403e-02,4.693954704101197667e-03,-1.245722807943820953e-01,7.299283176660537720e+00
7.330000000000000000e+02,7.330000000000005400e-01,4.716142010231081372e+00,1.065302304691600754e-01,-2.830989706826882168e-02,5.836617790782762383e-02,-4.534295124311449321e-02,5.026462189666666691e-03,-1.247251946479082108e-01,7.312998414039611816e+00
7.340000000000000000e+02,7.340000000000005409e-01,4.716045533888579833e+00,1.064989507060528362e-01,-2.830929361877079775e-02,6.040795691096428888e-02,-4.536138480062779088e-02,5.361246152544570792e-03,-1.014723014086484909e-01,7.367210745811462402e+00
7.350000000000000000e+02,7.350000000000005418e-01,4.715948930146024232e+00,1.064672854755680242e-01,-2.830847548424549748e-02,6.243872552714727076e-02,-4.538216304210096474e-02,5.698574453239981658e-03,-8.689101040363311768e-02,7.378136903047561646e+00
7.360000000000000000e+02,7.360000000000005427e-01,4.715852244294530315e+00,1.064352558140767985e-01,-2.830743426028883153e-02,6.445795875886603521e-02,-4.540551727073438570e-02,6.038657668766472114e-03,-8.620401658117771149e-02,7.345436871051788330e+00
7.370000000000000000e+02,7.370000000000005436e-01,4.715755471205343774e+00,1.064029016440029424e-01,-2.830613628631937009e-02,6.646455346140363318e-02,-4.543126029204058725e-02,6.380971616657137718e-03,-8.370552398264408112e-02,7.336392939090728760e+00
7.380000000000000000e+02,7.380000000000005445e-01,4.715658631475771578e+00,1.063702440137029026e-01,-2.830458876170419830e-02,6.846113770847295221e-02,-4.545939902882656369e-02,6.724977117934259618e-03,-9.584302268922328949e-02,7.328966081142425537e+00
7.390000000000000000e+02,7.390000000000005453e-01,4.715561739192591695e+00,1.063372784834877849e-01,-2.830275229360295838e-02,7.044457060184158848e-02,-4.548955893127826222e-02,7.070585640763300816e-03,-8.168556354939937592e-02,7.358080327510833740e+00
7.400000000000000000e+02,7.400000000000005462e-01,4.715464797321416768e+00,1.063040243088165249e-01,-2.830061808608111060e-02,7.241587531490201179e-02,-4.552170786548770387e-02,7.417371256610579000e-03,-9.407690539956092834e-02,7.337730377912521362e+00
7.410000000000000000e+02,7.410000000000005471e-01,4.715367785436777481e+00,1.062704384825596676e-01,-2.829817028257445091e-02,7.437267218369611466e-02,-4.555576912193859407e-02,7.765799263383978135e-03,-9.401853755116462708e-02,7.326597303152084351e+00
7.420000000000000000e+02,7.420000000000005480e-01,4.715270683840408594e+00,1.062365463451757780e-01,-2.829544979709005398e-02,7.631564346263070009e-02,-4.559175855247210585e-02,8.115165386797039415e-03,-8.648998849093914032e-02,7.291621804237365723e+00
7.430000000000000000e+02,7.430000000000005489e-01,4.715173492180739778e+00,1.062023819830773957e-01,-2.829249120786298671e-02,7.824572603572151064e-02,-4.562975906156374606e-02,8.465379566700945158e-03,-7.886654324829578400e-02,7.274454057216644287e+00
7.440000000000000000e+02,7.440000000000005498e-01,4.715076222698249886e+00,1.061679036840236651e-01,-2.828932086671842941e-02,8.016516339329468610e-02,-4.566984236075333214e-02,8.816813402193889038e-03,-8.364482223987579346e-02,7.302719116210937500e+00
7.450000000000000000e+02,7.450000000000005507e-01,4.714978888660279033e+00,1.061331013361669906e-01,-2.828594417640178244e-02,8.207338577005451885e-02,-4.571191098346094606e-02,9.169745890791253240e-03,-8.677446842193603516e-02,7.331022977828979492e+00
7.460000000000000000e+02,7.460000000000005516e-01,4.714881482329956519e+00,1.060979711730324210e-01,-2.828236275259932500e-02,8.397076654924812145e-02,-4.575610384149597643e-02,9.524157331236168811e-03,-6.757389754056930542e-02,7.277288973331451416e+00
7.470000000000000000e+02,7.470000000000005524e-01,4.714783988191622477e+00,1.060624818481943621e-01,-2.827862100418246719e-02,8.585749939516562623e-02,-4.580267250570813076e-02,9.879882680722269772e-03,-7.530177198350429535e-02,7.261326283216476440e+00
7.480000000000000000e+02,7.480000000000005533e-01,4.714686422865461246e+00,1.060265838054201964e-01,-2.827475769346153578e-02,8.773598178046776441e-02,-4.585169017517554124e-02,1.023798322168630731e-02,-7.661921530961990356e-02,7.258633613586425781e+00
7.490000000000000000e+02,7.490000000000005542e-01,4.714588793991662641e+00,1.059902869299342715e-01,-2.827072411639111604e-02,8.960735687959581197e-02,-4.590299820029830613e-02,1.059855092585734043e-02,-6.992497853934764862e-02,7.279945254325866699e+00
7.500000000000000000e+02,7.500000000000005551e-01,4.714491116342806265e+00,1.059536434492000245e-01,-2.826648377021621916e-02,9.147359279053571268e-02,-4.595656608297349344e-02,1.096122968402164777e-02,-6.019781343638896942e-02,7.265878826379776001e+00
7.510000000000000000e+02,7.510000000000005560e-01,4.714393399266808338e+00,1.059167080571068037e-01,-2.826200532702784901e-02,9.333583973107784093e-02,-4.601246647867074380e-02,1.132557242822916643e-02,-5.360500328242778778e-02,7.221271455287933350e+00
7.520000000000000000e+02,7.520000000000005569e-01,4.714295642532944974e+00,1.058794781500018850e-01,-2.825728181418661611e-02,9.519382065340281640e-02,-4.607057399177083568e-02,1.169143104130736244e-02,-5.601104814559221268e-02,7.246471345424652100e+00
7.530000000000000000e+02,7.530000000000005578e-01,4.714197855606784060e+00,1.058419570299039408e-01,-2.825243989311361503e-02,9.704915546824791073e-02,-4.613118771715307709e-02,1.205844230679107426e-02,-4.816382005810737610e-02,7.254621297121047974e+00
7.540000000000000000e+02,7.540000000000005587e-01,4.714100032082730429e+00,1.058041516347990596e-01,-2.824751969821412412e-02,9.890256011275315451e-02,-4.619457420025607775e-02,1.242654495907877243e-02,-5.216807872056961060e-02,7.248950898647308350e+00
7.550000000000000000e+02,7.550000000000005596e-01,4.714002016275664175e+00,1.057670340644422113e-01,-2.824240346139305149e-02,1.007544004772105151e-01,-4.625973245074277429e-02,1.278637136169687161e-02,-5.760766845196485519e-02,7.240862429141998291e+00
7.560000000000000000e+02,7.560000000000005604e-01,4.713903732131700330e+00,1.057311274029289760e-01,-2.823701376434795476e-02,1.026061981382931088e-01,-4.632606499323954630e-02,1.313244923254206636e-02,-4.578745551407337189e-02,7.298617094755172729e+00
7.570000000000000000e+02,7.570000000000005613e-01,4.713805134758823456e+00,1.056965910720210067e-01,-2.823135562740211255e-02,1.044598138730364056e-01,-4.639349377519508266e-02,1.346355256605027279e-02,-4.550850670784711838e-02,7.318348824977874756e+00
7.580000000000000000e+02,7.580000000000005622e-01,4.713706221721905010e+00,1.056635107190993655e-01,-2.822542460426202479e-02,1.063134625068368200e-01,-4.646205272132397646e-02,1.377903016285344368e-02,-3.127031493932008743e-02,7.271432220935821533e+00
7.590000000000000000e+02,7.590000000000005631e-01,4.713607039178099534e+00,1.056320236894845305e-01,-2.821918157533839441e-02,1.081656910110478653e-01,-4.653154134991965840e-02,1.407835762168022781e-02,-2.850872464478015900e-02,7.256788283586502075e+00
7.600000000000000000e+02,7.600000000000005640e-01,4.713507606936405026e+00,1.056020590923629487e-01,-2.821258571092559106e-02,1.100188763494181904e-01,-4.660176017151429484e-02,1.436218012842900571e-02,-1.678638160228729248e-02,7.257991999387741089e+00
7.610000000000000000e+02,7.610000000000005649e-01,4.713407954159790414e+00,1.055736052224630489e-01,-2.820560346402809296e-02,1.118746824126700817e-01,-4.667264207385923847e-02,1.463098640211245305e-02,-2.330789156258106232e-02,7.216373831033706665e+00
7.620000000000000000e+02,7.620000000000005658e-01,4.713308107087535781e+00,1.055466296391284198e-01,-2.819819843247311011e-02,1.137304401792877395e-01,-4.674387404931357182e-02,1.488476725100359999e-02,-2.860451582819223404e-02,7.215450584888458252e+00
7.630000000000000000e+02,7.630000000000005667e-01,4.713208069801719802e+00,1.055211793888972821e-01,-2.819043349603439150e-02,1.155827507909655827e-01,-4.681516416710596040e-02,1.512340444829832209e-02,-3.342720586806535721e-02,7.251021534204483032e+00
7.640000000000000000e+02,7.640000000000005675e-01,4.713107876923301909e+00,1.054971285630949135e-01,-2.818231986989441773e-02,1.174342326277086346e-01,-4.688674753672872342e-02,1.534789587262756078e-02,-2.535037510097026825e-02,7.277727305889129639e+00
7.650000000000000000e+02,7.650000000000005684e-01,4.713007527477476089e+00,1.054744134456614274e-01,-2.817385720961864889e-02,1.192867978006262458e-01,-4.695894580361437143e-02,1.555883155976701959e-02,-2.853886503726243973e-02,7.289706796407699585e+00
7.660000000000000000e+02,7.660000000000005693e-01,4.712907056674230155e+00,1.054529565257908558e-01,-2.816500111739532117e-02,1.211410073563266021e-01,-4.703183370215513470e-02,1.575696698190778844e-02,-4.471529927104711533e-02,7.310477793216705322e+00
7.670000000000000000e+02,7.670000000000005702e-01,4.712806483045415717e+00,1.054328836630887140e-01,-2.815575797344897421e-02,1.229972894853802179e-01,-4.710550483121589416e-02,1.594202093431982409e-02,-4.749243706464767456e-02,7.322464942932128906e+00
7.680000000000000000e+02,7.680000000000005711e-01,4.712705811176568282e+00,1.054141282716307970e-01,-2.814622832753262485e-02,1.248535084464547362e-01,-4.718023965139095388e-02,1.611485121821202432e-02,-4.023582488298416138e-02,7.328008770942687988e+00
7.690000000000000000e+02,7.690000000000005720e-01,4.712605035112704677e+00,1.053965577237274548e-01,-2.813641949910633891e-02,1.267083739132514320e-01,-4.725608251969459772e-02,1.627685789750923234e-02,-3.796502482146024704e-02,7.344722896814346313e+00
7.700000000000000000e+02,7.700000000000005729e-01,4.712504165828407032e+00,1.053800561305390099e-01,-2.812632163576733041e-02,1.285591787292764965e-01,-4.733288259689039101e-02,1.642882399837213708e-02,-4.419536236673593521e-02,7.300828188657760620e+00
7.710000000000000000e+02,7.710000000000005738e-01,4.712403213865142604e+00,1.053645315161550883e-01,-2.811600804095917144e-02,1.304061823872744996e-01,-4.741100339780990325e-02,1.657141668906877974e-02,-4.890914866700768471e-02,7.268362939357757568e+00
7.720000000000000000e+02,7.720000000000005747e-01,4.712302194681561751e+00,1.053499306761669085e-01,-2.810549919352161446e-02,1.322502269708367151e-01,-4.749041412693544295e-02,1.670514720655627561e-02,-5.702992901206016541e-02,7.266007155179977417e+00
7.730000000000000000e+02,7.730000000000005755e-01,4.712201127298171421e+00,1.053361958976745533e-01,-2.809477766217953129e-02,1.340910524475662224e-01,-4.757089848254203446e-02,1.683061840764247391e-02,-6.823489721864461899e-02,7.310304552316665649e+00
7.740000000000000000e+02,7.740000000000005764e-01,4.712099998989781824e+00,1.053232893003384629e-01,-2.808387807741445641e-02,1.359286579684076401e-01,-4.765260009807636976e-02,1.694891041668160347e-02,-6.466508004814386368e-02,7.335384935140609741e+00
7.750000000000000000e+02,7.750000000000005773e-01,4.711998815966284226e+00,1.053112019657669179e-01,-2.807277320777373103e-02,1.377602337422995649e-01,-4.773543186592399401e-02,1.706037195649075938e-02,-6.666245870292186737e-02,7.326069593429565430e+00
7.760000000000000000e+02,7.760000000000005782e-01,4.711897578710877887e+00,1.052998546648868522e-01,-2.806152906875170397e-02,1.395848705051923877e-01,-4.781967103519324525e-02,1.716546025192866587e-02,-6.437712907791137695e-02,7.341932207345962524e+00
7.770000000000000000e+02,7.770000000000005791e-01,4.711796267855197229e+00,1.052891684412927825e-01,-2.805015917104295570e-02,1.414020387664055578e-01,-4.790526530401795213e-02,1.726453143832243353e-02,-5.402250681072473526e-02,7.370116442441940308e+00
7.780000000000000000e+02,7.780000000000005800e-01,4.711694882386676220e+00,1.052790981706692858e-01,-2.803859279850932223e-02,1.432117197167794009e-01,-4.799208964974344127e-02,1.735822906619319261e-02,-5.796035099774599075e-02,7.326056152582168579e+00
7.790000000000000000e+02,7.790000000000005809e-01,4.711593464410763765e+00,1.052695773680381863e-01,-2.802684272540311577e-02,1.450166954472534853e-01,-4.808057250999375754e-02,1.744729364525487991e-02,-5.194570031017065048e-02,7.274261951446533203e+00
7.800000000000000000e+02,7.800000000000005818e-01,4.711492009001739589e+00,1.052605594017421015e-01,-2.801499471727320056e-02,1.468181322466802496e-01,-4.817089365097859677e-02,1.753188631063187786e-02,-5.831810086965560913e-02,7.253010600805282593e+00
7.810000000000000000e+02,7.810000000000005826e-01,4.711390498989694642e+00,1.052520414650119640e-01,-2.800309905329828944e-02,1.486144498056611585e-01,-4.826286062933649035e-02,1.761214074245720518e-02,-5.385406967252492905e-02,7.298290640115737915e+00
7.820000000000000000e+02,7.820000000000005835e-01,4.711288962439918571e+00,1.052439661075986188e-01,-2.799123193661720230e-02,1.504069785916432589e-01,-4.835675037227793460e-02,1.768842910603322938e-02,-5.057201627641916275e-02,7.300247281789779663e+00
7.830000000000000000e+02,7.830000000000005844e-01,4.711187408384164499e+00,1.052362226024337877e-01,-2.797939815335936248e-02,1.521985868060248825e-01,-4.845310604127739396e-02,1.776202830276929490e-02,-2.296932731405831873e-02,7.290451854467391968e+00
7.840000000000000000e+02,7.840000000000005853e-01,4.711085838348749277e+00,1.052287604133934074e-01,-2.796757111558266506e-02,1.539880025864632240e-01,-4.855174242318072153e-02,1.783329154193460941e-02,-7.769528754579368979e-03,7.281596243381500244e+00
7.850000000000000000e+02,7.850000000000005862e-01,4.710984261501632631e+00,1.052215461387908113e-01,-2.795578697083710498e-02,1.557762554133176325e-01,-4.865280653197223693e-02,1.790237517742189477e-02,-1.267474074847996235e-02,7.260427087545394897e+00
7.860000000000000000e+02,7.860000000000005871e-01,4.710882730223416637e+00,1.052142975237213979e-01,-2.794413998215721645e-02,1.575642010798446457e-01,-4.875686762619046988e-02,1.797145697301726075e-02,-2.673886390402913094e-02,7.234750181436538696e+00
7.870000000000000000e+02,7.870000000000005880e-01,4.710781373619000512e+00,1.052061020464609975e-01,-2.793272969238219314e-02,1.593492507512927481e-01,-4.886490862936687662e-02,1.804893649719589710e-02,-3.818329609930515289e-02,7.278750181198120117e+00
7.880000000000000000e+02,7.880000000000005889e-01,4.710680239801251723e+00,1.051963963127995616e-01,-2.792160699110115066e-02,1.611290965885492921e-01,-4.897736790519835459e-02,1.813992919286082361e-02,-5.338122555986046791e-02,7.268844544887542725e+00
7.890000000000000000e+02,7.890000000000005898e-01,4.710579352516187868e+00,1.051849483266682483e-01,-2.791082340271036286e-02,1.629044922442898224e-01,-4.909494517060131180e-02,1.824625896296711014e-02,-6.008549826219677925e-02,7.256147086620330811e+00
7.900000000000000000e+02,7.900000000000005906e-01,4.710478706654674497e+00,1.051716589882111669e-01,-2.790037641288537276e-02,1.646749855899721782e-01,-4.921767826104739285e-02,1.836881927377233270e-02,-6.097929365932941437e-02,7.274043947458267212e+00
7.910000000000000000e+02,7.910000000000005915e-01,4.710378292893508068e+00,1.051564056902758310e-01,-2.789031530852372279e-02,1.664372114953844850e-01,-4.934555291666953281e-02,1.850841388213429750e-02,-8.108905982226133347e-02,7.266884326934814453e+00
7.920000000000000000e+02,7.920000000000005924e-01,4.710278064896648686e+00,1.051391608384433241e-01,-2.788060265701951951e-02,1.681922429138146824e-01,-4.947859198236104206e-02,1.866463454768871322e-02,-8.482335601001977921e-02,7.270678609609603882e+00
7.930000000000000000e+02,7.930000000000005933e-01,4.710177978248037078e+00,1.051199255417525069e-01,-2.787128590450957052e-02,1.699417856545747951e-01,-4.961703984478194052e-02,1.883703579874823619e-02,-8.665203209966421127e-02,7.305929034948348999e+00
7.940000000000000000e+02,7.940000000000005942e-01,4.710078000063427694e+00,1.050986852756948808e-01,-2.786236338201017460e-02,1.716846555451367884e-01,-4.976082845395679577e-02,1.902552753881052439e-02,-9.627913590520620346e-02,7.313652604818344116e+00
7.950000000000000000e+02,7.950000000000005951e-01,4.709978117928481645e+00,1.050754308793822589e-01,-2.785385484757202726e-02,1.734211831506395907e-01,-4.991025441713325961e-02,1.923001397048988703e-02,-9.466069098562002182e-02,7.294385224580764771e+00
7.960000000000000000e+02,7.960000000000005960e-01,4.709878298800899366e+00,1.050502155420582201e-01,-2.784576318411078819e-02,1.751529923796643906e-01,-5.006540475541476631e-02,1.944960950809318523e-02,-9.572879131883382797e-02,7.292134225368499756e+00
7.970000000000000000e+02,7.970000000000005969e-01,4.709778512936786399e+00,1.050230337587225032e-01,-2.783811278165550934e-02,1.768839485570441461e-01,-5.022657267092478506e-02,1.968407082234571726e-02,-1.025079376995563507e-01,7.269868075847625732e+00
7.980000000000000000e+02,7.980000000000005977e-01,4.709678738011030319e+00,1.049938820619442797e-01,-2.783092704416780666e-02,1.786129524607167340e-01,-5.039374103835370100e-02,1.993331293366576440e-02,-1.065119728446006775e-01,7.245900452136993408e+00
7.990000000000000000e+02,7.990000000000005986e-01,4.709578952883981984e+00,1.049627940370756601e-01,-2.782429910491599975e-02,1.803396681061091855e-01,-5.056705946391959472e-02,2.019666676747759737e-02,-1.076909154653549194e-01,7.204176872968673706e+00
8.000000000000000000e+02,8.000000000000005995e-01,4.709479155876006296e+00,1.049297988266500309e-01,-2.781821553449901827e-02,1.820630862885644630e-01,-5.074627768341133383e-02,2.047371438569148272e-02,-8.855876512825489044e-02,7.247478932142257690e+00
8.010000000000000000e+02,8.010000000000006004e-01,4.709379338038474749e+00,1.048949847727834866e-01,-2.781272160816694247e-02,1.837848942387289575e-01,-5.093143542762623710e-02,2.076362554912038194e-02,-1.004373356699943542e-01,7.298625141382217407e+00
8.020000000000000000e+02,8.020000000000006013e-01,4.709279519924546520e+00,1.048584468403461617e-01,-2.780786150643374185e-02,1.855051533351804727e-01,-5.112282755389219169e-02,2.106556976665249770e-02,-8.702387288212776184e-02,7.321728408336639404e+00
8.030000000000000000e+02,8.030000000000006022e-01,4.709179672692338947e+00,1.048202840077151338e-01,-2.780357029253476345e-02,1.872219191815099326e-01,-5.132029800779291939e-02,2.137915870558779186e-02,-8.569144178181886673e-02,7.265964478254318237e+00
8.040000000000000000e+02,8.040000000000006031e-01,4.709079790890804418e+00,1.047805577461208282e-01,-2.779986101638587392e-02,1.889366839421117161e-01,-5.152406824653743556e-02,2.170380022566595346e-02,-8.920948021113872528e-02,7.226696342229843140e+00
8.050000000000000000e+02,8.050000000000006040e-01,4.708979865141632359e+00,1.047392236538514793e-01,-2.779673876625790574e-02,1.906496430319013224e-01,-5.173387069533430527e-02,2.203906130370800187e-02,-1.015351898968219757e-01,7.182380646467208862e+00
8.060000000000000000e+02,8.060000000000006048e-01,4.708879889445869438e+00,1.046963301840368454e-01,-2.779423449512671840e-02,1.923579612856542442e-01,-5.194938674965099423e-02,2.238470985615208242e-02,-1.063964264467358589e-01,7.219907432794570923e+00
8.070000000000000000e+02,8.070000000000006057e-01,4.708779841727004367e+00,1.046519216518555090e-01,-2.779232022620543516e-02,1.940605708417597053e-01,-5.217023144551879987e-02,2.274059533688944923e-02,-1.033018343150615692e-01,7.219238758087158203e+00
8.080000000000000000e+02,8.080000000000006066e-01,4.708679700791726930e+00,1.046060424456626142e-01,-2.779097862112967637e-02,1.957588960985200965e-01,-5.239657080242965392e-02,2.310612646562183736e-02,-1.068072970956563950e-01,7.239727556705474854e+00
8.090000000000000000e+02,8.090000000000006075e-01,4.708579461528223931e+00,1.045587651807177998e-01,-2.779018150612648508e-02,1.974520435271007457e-01,-5.262816151098692607e-02,2.348048171613056900e-02,-1.011388767510652542e-01,7.263365328311920166e+00
8.100000000000000000e+02,8.100000000000006084e-01,4.708479114337624338e+00,1.045101529663551021e-01,-2.778987555796489164e-02,1.991398071609782050e-01,-5.286492747496418509e-02,2.386367680294204652e-02,-1.029118169099092484e-01,7.251812011003494263e+00
8.110000000000000000e+02,8.110000000000006093e-01,4.708378664651008627e+00,1.044602086798132878e-01,-2.779002074511716797e-02,2.008215113796952278e-01,-5.310686722492174994e-02,2.425586915516508846e-02,-1.009679175913333893e-01,7.236116796731948853e+00
8.120000000000000000e+02,8.120000000000006102e-01,4.708278132408783456e+00,1.044090830597352582e-01,-2.779064889114537043e-02,2.024964961506225125e-01,-5.335391047833315525e-02,2.465609013602843014e-02,-9.704600088298320770e-02,7.216769635677337646e+00
8.130000000000000000e+02,8.130000000000006111e-01,4.708177542773386293e+00,1.043568469028219869e-01,-2.779172916662022916e-02,2.041643205373545045e-01,-5.360572496965754219e-02,2.506355370437089725e-02,-9.385098516941070557e-02,7.195014655590057373e+00
8.140000000000000000e+02,8.140000000000006120e-01,4.708076887119919007e+00,1.043035479347327876e-01,-2.779322525255374307e-02,2.058255469224644918e-01,-5.386212311523719265e-02,2.547782142682877837e-02,-7.950565591454505920e-02,7.158232808113098145e+00
8.150000000000000000e+02,8.150000000000006128e-01,4.707976168170795006e+00,1.042492165259066433e-01,-2.779513363353672620e-02,2.074824536986535628e-01,-5.412319163176992909e-02,2.589853838611824721e-02,-5.289022810757160187e-02,7.164003282785415649e+00
8.160000000000000000e+02,8.160000000000006137e-01,4.707875391268462550e+00,1.041938752646603128e-01,-2.779749643069013426e-02,2.091367376522433874e-01,-5.438901695053610652e-02,2.632550662190699664e-02,-6.969399191439151764e-02,7.187100589275360107e+00
8.170000000000000000e+02,8.170000000000006146e-01,4.707774602119236818e+00,1.041376265302577514e-01,-2.780033377862864766e-02,2.107868317920075785e-01,-5.465948892779826096e-02,2.675810118455014541e-02,-8.644026331603527069e-02,7.199695348739624023e+00
8.180000000000000000e+02,8.180000000000006155e-01,4.707673786922372372e+00,1.040805538835046645e-01,-2.780363074288022193e-02,2.124321878435065925e-01,-5.493452075049787275e-02,2.719551740212625135e-02,-6.935999542474746704e-02,7.162479341030120850e+00
8.190000000000000000e+02,8.190000000000006164e-01,4.707572929027196373e+00,1.040228577363540297e-01,-2.780737163587720939e-02,2.140734579149260464e-01,-5.521388739639410126e-02,2.763598076289550121e-02,-5.467073526233434677e-02,7.132661342620849609e+00
8.200000000000000000e+02,8.200000000000006173e-01,4.707472030907431382e+00,1.039644840206213894e-01,-2.781150098523966011e-02,2.157103559062569786e-01,-5.549723561065933453e-02,2.807975702111933924e-02,-5.278009921312332153e-02,7.181434363126754761e+00
8.210000000000000000e+02,8.210000000000006182e-01,4.707371095748183798e+00,1.039053752048674784e-01,-2.781599526995475608e-02,2.173415488602800649e-01,-5.578425147170085197e-02,2.852724318140410775e-02,-6.681474298238754272e-02,7.163109511137008667e+00
8.220000000000000000e+02,8.220000000000006191e-01,4.707270125616722645e+00,1.038455673754468539e-01,-2.782086749059436634e-02,2.189677611500223386e-01,-5.607526667497553241e-02,2.897811844079034582e-02,-6.502903439104557037e-02,7.121198982000350952e+00
8.230000000000000000e+02,8.230000000000006199e-01,4.707169105380871521e+00,1.037851025499163110e-01,-2.782608507911099593e-02,2.205867382904333207e-01,-5.636981581542244157e-02,2.943184526921946431e-02,-5.298230703920125961e-02,7.152419894933700562e+00
8.240000000000000000e+02,8.240000000000006208e-01,4.707068049502937335e+00,1.037239998018979620e-01,-2.783164137821094591e-02,2.221980772088941736e-01,-5.666767025906405131e-02,2.988822300747123739e-02,-6.214467901736497879e-02,7.134171426296234131e+00
8.250000000000000000e+02,8.250000000000006217e-01,4.706966964557775412e+00,1.036622543717867218e-01,-2.783754422802688089e-02,2.238024608296171336e-01,-5.696905313797295811e-02,3.034747341323927594e-02,-6.294412724673748016e-02,7.103371173143386841e+00
8.260000000000000000e+02,8.260000000000006226e-01,4.706865848072482983e+00,1.035999874372963009e-01,-2.784375046014656713e-02,2.253985297681294075e-01,-5.727352739280333616e-02,3.080871976135098056e-02,-7.632828317582607269e-02,7.118173897266387939e+00
8.270000000000000000e+02,8.270000000000006235e-01,4.706764709875706387e+00,1.035372685252306663e-01,-2.785021137952352344e-02,2.269846934733715793e-01,-5.758066215492574358e-02,3.127198429071287311e-02,-8.473024796694517136e-02,7.143350005149841309e+00
8.280000000000000000e+02,8.280000000000006244e-01,4.706663545480915367e+00,1.034740932230957117e-01,-2.785693200384023113e-02,2.285596515755601299e-01,-5.789045394184721971e-02,3.173740604993581516e-02,-8.222598116844892502e-02,7.124187529087066650e+00
8.290000000000000000e+02,8.290000000000006253e-01,4.706562325070025921e+00,1.034105806288377061e-01,-2.786385887259701030e-02,2.301218584731541950e-01,-5.820254765218857429e-02,3.220400637581948000e-02,-7.170798629522323608e-02,7.081571042537689209e+00
8.300000000000000000e+02,8.300000000000006262e-01,4.706461033422693951e+00,1.033467159035349192e-01,-2.787105133405476387e-02,2.316714192990306787e-01,-5.851694572596399802e-02,3.267142148099298760e-02,-5.400067381560802460e-02,7.100364327430725098e+00
8.310000000000000000e+02,8.310000000000006271e-01,4.706359697864715308e+00,1.032824331437028204e-01,-2.787850442999611350e-02,2.332099611232821279e-01,-5.883364788511347143e-02,3.314020715188770172e-02,-6.142450124025344849e-02,7.123890548944473267e+00
8.320000000000000000e+02,8.320000000000006279e-01,4.706258371414374864e+00,1.032177886209501710e-01,-2.788630276243403774e-02,2.347388762884551339e-01,-5.915323225159130338e-02,3.361047084700918841e-02,-5.658909352496266365e-02,7.092941343784332275e+00
8.330000000000000000e+02,8.330000000000006288e-01,4.706157063157471399e+00,1.031528113536824831e-01,-2.789440538122719970e-02,2.362583686908704406e-01,-5.947568896332278143e-02,3.408199749851395510e-02,-6.418400211259722710e-02,7.109530627727508545e+00
8.340000000000000000e+02,8.340000000000006297e-01,4.706055783676264426e+00,1.030874596868562726e-01,-2.790278298651563058e-02,2.377665064642084380e-01,-5.980060546964383050e-02,3.455513800310655581e-02,-7.517241523601114750e-02,7.151547580957412720e+00
8.350000000000000000e+02,8.350000000000006306e-01,4.705954514322508331e+00,1.030217666457061559e-01,-2.791137541761664828e-02,2.392608341276893369e-01,-6.012753287886929421e-02,3.502938541432149000e-02,-7.032406679354608059e-02,7.158120155334472656e+00
8.360000000000000000e+02,8.360000000000006315e-01,4.705853238250520931e+00,1.029558039867651265e-01,-2.792021820000383653e-02,2.407433891628186773e-01,-6.045693231775528531e-02,3.550432947388115767e-02,-6.143145612441003323e-02,7.161568760871887207e+00
8.370000000000000000e+02,8.370000000000006324e-01,4.705751972006486206e+00,1.028895568223650442e-01,-2.792929881783484322e-02,2.422138620100927064e-01,-6.078888426563477942e-02,3.598066475650790741e-02,-6.194107513874769211e-02,7.166876375675201416e+00
8.380000000000000000e+02,8.380000000000006333e-01,4.705650718780355568e+00,1.028230794110790297e-01,-2.793855649326063353e-02,2.436705646149284199e-01,-6.112296249350790411e-02,3.645822780204803493e-02,-4.906884767115116119e-02,7.127194166183471680e+00
8.390000000000000000e+02,8.390000000000006342e-01,4.705549452335082705e+00,1.027563967595040845e-01,-2.794800930358398369e-02,2.451133096399354117e-01,-6.145915896951437141e-02,3.693646403961561853e-02,-6.020776974037289619e-02,7.153635531663894653e+00
8.400000000000000000e+02,8.400000000000006350e-01,4.705448190306286804e+00,1.026895996831603819e-01,-2.795773425116656469e-02,2.465411859624074831e-01,-6.179744578661283683e-02,3.741517162155437448e-02,-6.408588052727282047e-02,7.168972402811050415e+00
8.410000000000000000e+02,8.410000000000006359e-01,4.705346937827351361e+00,1.026227347796954820e-01,-2.796770661383127243e-02,2.479535097947612177e-01,-6.213781429092279929e-02,3.789448946890089376e-02,-6.805018172599375248e-02,7.197924643754959106e+00
8.420000000000000000e+02,8.420000000000006368e-01,4.705245704450244482e+00,1.025558629562947355e-01,-2.797783171658245124e-02,2.493494311053578716e-01,-6.247983337677376348e-02,3.837397362598735095e-02,-7.434070343151688576e-02,7.192078858613967896e+00
8.430000000000000000e+02,8.430000000000006377e-01,4.705144469042545907e+00,1.024889302697629123e-01,-2.798817100681314993e-02,2.507302320658225669e-01,-6.282394295009963159e-02,3.885374410843081550e-02,-5.669891182333230972e-02,7.158731937408447266e+00
8.440000000000000000e+02,8.440000000000006386e-01,4.705043226413955892e+00,1.024219058218036604e-01,-2.799868403515651943e-02,2.520969318641113066e-01,-6.317004583067942214e-02,3.933355342756426898e-02,-7.609555218368768692e-02,7.152304857969284058e+00
8.450000000000000000e+02,8.450000000000006395e-01,4.704941999820790421e+00,1.023548029590031216e-01,-2.800936362589073053e-02,2.534531946436695549e-01,-6.351833385318417236e-02,3.981320975412604157e-02,-8.594485605135560036e-02,7.156340420246124268e+00
8.460000000000000000e+02,8.460000000000006404e-01,4.704840775795173791e+00,1.022876707596054591e-01,-2.802026818390240814e-02,2.548007863198055722e-01,-6.386907611632297588e-02,4.029252386712124656e-02,-8.738178666681051254e-02,7.170227408409118652e+00
8.470000000000000000e+02,8.470000000000006413e-01,4.704739537100151914e+00,1.022204941270342810e-01,-2.803145787712240516e-02,2.561409994511625876e-01,-6.422258956079152092e-02,4.077136244240033014e-02,-7.456236379221081734e-02,7.152426004409790039e+00
8.480000000000000000e+02,8.480000000000006422e-01,4.704638273917593594e+00,1.021532965910766505e-01,-2.804283155279253120e-02,2.574727093020099944e-01,-6.457847747961831253e-02,4.124967858520589559e-02,-8.057044702582061291e-02,7.114577293395996094e+00
8.490000000000000000e+02,8.490000000000006430e-01,4.704536997443710789e+00,1.020860943653768005e-01,-2.805443406957810679e-02,2.587980551196192858e-01,-6.493699994992363500e-02,4.172712557568494796e-02,-8.502844884060323238e-02,7.151049345731735229e+00
8.500000000000000000e+02,8.500000000000006439e-01,4.704435720337045268e+00,1.020188712100982137e-01,-2.806621311218544801e-02,2.601142503240344572e-01,-6.529756567299549452e-02,4.220402644437168393e-02,-9.121986432000994682e-02,7.157942503690719604e+00
8.510000000000000000e+02,8.510000000000006448e-01,4.704334411297792506e+00,1.019516263876877743e-01,-2.807818768281739735e-02,2.614215993781081049e-01,-6.566026303605965175e-02,4.267999073973904878e-02,-9.214918501675128937e-02,7.162961572408676147e+00
8.520000000000000000e+02,8.520000000000006457e-01,4.704233090263111094e+00,1.018844470449362521e-01,-2.809036394484688490e-02,2.627221658633163148e-01,-6.602531291800883828e-02,4.315458731303131734e-02,-9.036328026559203863e-02,7.149313777685165405e+00
8.530000000000000000e+02,8.530000000000006466e-01,4.704131757143203529e+00,1.018173843893689229e-01,-2.810272039071244274e-02,2.640156671387967058e-01,-6.639257139936782792e-02,4.362743703828925179e-02,-9.175232541747391224e-02,7.159531682729721069e+00
8.540000000000000000e+02,8.540000000000006475e-01,4.704030387802125013e+00,1.017504154692422391e-01,-2.811523148056553276e-02,2.653014181629139712e-01,-6.676178865293547204e-02,4.409864423831241775e-02,-8.115174097474664450e-02,7.117050528526306152e+00
8.550000000000000000e+02,8.550000000000006484e-01,4.703928979336187588e+00,1.016835350909538888e-01,-2.812793580402572421e-02,2.665798972577842485e-01,-6.713317665184170835e-02,4.456845417556160038e-02,-7.317651703488081694e-02,7.130174219608306885e+00
8.560000000000000000e+02,8.560000000000006493e-01,4.703827560844241695e+00,1.016167876976502848e-01,-2.814086969131722113e-02,2.678529748950038147e-01,-6.750691002821884723e-02,4.503698919917295540e-02,-6.002172594889998436e-02,7.103502124547958374e+00
8.570000000000000000e+02,8.570000000000006501e-01,4.703726128718720645e+00,1.015501947524414667e-01,-2.815402030181399229e-02,2.691198315816124009e-01,-6.788294471276024034e-02,4.550424162167233944e-02,-5.014878849033266306e-02,7.066004157066345215e+00
8.580000000000000000e+02,8.580000000000006510e-01,4.703624702850248696e+00,1.014837449777941519e-01,-2.816734502555048869e-02,2.703769258795362118e-01,-6.826082206481487447e-02,4.597108105588508520e-02,-5.786914518103003502e-02,7.107250869274139404e+00
8.590000000000000000e+02,8.590000000000006519e-01,4.703523256214424464e+00,1.014174559427915706e-01,-2.818086820029414713e-02,2.716253971628754815e-01,-6.864046125810285837e-02,4.643752017601762705e-02,-4.974504280835390091e-02,7.122354626655578613e+00
8.600000000000000000e+02,8.600000000000006528e-01,4.703421783667733003e+00,1.013513130449792271e-01,-2.819463081679449840e-02,2.728661757996719839e-01,-6.902221061834312721e-02,4.690341401333611437e-02,-5.317270429804921150e-02,7.092945396900177002e+00
8.610000000000000000e+02,8.610000000000006537e-01,4.703320307881893925e+00,1.012852807608152356e-01,-2.820860433470300313e-02,2.740992371829253926e-01,-6.940612020956349326e-02,4.736899739316602354e-02,-4.842019081115722656e-02,7.095302104949951172e+00
8.620000000000000000e+02,8.620000000000006546e-01,4.703218835298052625e+00,1.012193412846650598e-01,-2.822284451773727706e-02,2.753265083862270757e-01,-6.979254480514418546e-02,4.783453367747506069e-02,-4.509070492349565029e-02,7.119966149330139160e+00
8.630000000000000000e+02,8.630000000000006555e-01,4.703117383710296195e+00,1.011534941949531613e-01,-2.823737595398358169e-02,2.765480548672554773e-01,-7.018147527382967432e-02,4.829966883054732929e-02,-4.805761342868208885e-02,7.122806698083877563e+00
8.640000000000000000e+02,8.640000000000006564e-01,4.703015983264013045e+00,1.010876991695522920e-01,-2.825219627629092442e-02,2.777639964848001575e-01,-7.057310431505547932e-02,4.876469562907077837e-02,-4.955613869242370129e-02,7.076702207326889038e+00
8.650000000000000000e+02,8.650000000000006573e-01,4.702914648865220038e+00,1.010219962460209980e-01,-2.826737600178116927e-02,2.789763364027653680e-01,-7.096784898688057730e-02,4.922943023717489541e-02,-4.989541601389646530e-02,7.051363050937652588e+00
8.660000000000000000e+02,8.660000000000006581e-01,4.702813374404140490e+00,1.009564586666508584e-01,-2.828282610768719646e-02,2.801848012248657205e-01,-7.136518274733827383e-02,4.969366285141825490e-02,-6.193826859816908836e-02,7.068653404712677002e+00
8.670000000000000000e+02,8.670000000000006590e-01,4.702712104880641064e+00,1.008910984007688472e-01,-2.829851642970806005e-02,2.813883292076394538e-01,-7.176464159819073707e-02,5.015721444076064184e-02,-6.693621352314949036e-02,7.075725138187408447e+00
8.680000000000000000e+02,8.680000000000006599e-01,4.702610834302490161e+00,1.008258094317316667e-01,-2.831434743382689814e-02,2.825824993602498725e-01,-7.216556905137938571e-02,5.062079709694435048e-02,-7.233543973416090012e-02,7.096822351217269897e+00
8.690000000000000000e+02,8.690000000000006608e-01,4.702509557500068382e+00,1.007605526418927366e-01,-2.833032935108833333e-02,2.837677893933822082e-01,-7.256810065620067363e-02,5.108476202093316376e-02,-6.612314749509096146e-02,7.105124026536941528e+00
8.700000000000000000e+02,8.700000000000006617e-01,4.702408270586190042e+00,1.006953222439724710e-01,-2.834650600501375378e-02,2.849449399030676289e-01,-7.297263528132802435e-02,5.154917129870234538e-02,-7.277167169377207756e-02,7.100883096456527710e+00
8.710000000000000000e+02,8.710000000000006626e-01,4.702306981768612282e+00,1.006301330183250187e-01,-2.836290145910099966e-02,2.861141820789508405e-01,-7.337928557588635492e-02,5.201396907307460904e-02,-6.379856402054429054e-02,7.099541574716567993e+00
8.720000000000000000e+02,8.720000000000006635e-01,4.702205669818596334e+00,1.005649832748269634e-01,-2.837960556542792889e-02,2.872782686137853592e-01,-7.378853424725639876e-02,5.247849760898341820e-02,-5.463534966111183167e-02,7.052540689706802368e+00
8.730000000000000000e+02,8.730000000000006644e-01,4.702104365120280072e+00,1.004998336414611865e-01,-2.839663425959949514e-02,2.884380447381238999e-01,-7.420071377589443351e-02,5.294336373482044777e-02,-6.203831778839230537e-02,7.055891722440719604e+00
8.740000000000000000e+02,8.740000000000006652e-01,4.702003070059320500e+00,1.004346779138580725e-01,-2.841396577076918742e-02,2.895973020708288992e-01,-7.461582640211328332e-02,5.340838293059473052e-02,-4.644571430981159210e-02,7.071054369211196899e+00
8.750000000000000000e+02,8.750000000000006661e-01,4.701901790134391135e+00,1.003695392881964049e-01,-2.843156616272267054e-02,2.907574352365692727e-01,-7.503387365341929183e-02,5.387327969936055172e-02,-4.104933328926563263e-02,7.091191053390502930e+00
8.760000000000000000e+02,8.760000000000006670e-01,4.701800551606663880e+00,1.003043995906084535e-01,-2.844936849952122912e-02,2.919135555969036289e-01,-7.545416227973200662e-02,5.433825384640107725e-02,-4.685397539287805557e-02,7.054000794887542725e+00
8.770000000000000000e+02,8.770000000000006679e-01,4.701699347306689702e+00,1.002392236393451069e-01,-2.846730101649985745e-02,2.930593991775590212e-01,-7.587600015097772932e-02,5.480383417854799155e-02,-6.097518745809793472e-02,7.059319525957107544e+00
8.780000000000000000e+02,8.780000000000006688e-01,4.701598171794095116e+00,1.001739963388335181e-01,-2.848541020189450032e-02,2.941961659794723460e-01,-7.629948837742861478e-02,5.527008495391540210e-02,-5.738697480410337448e-02,7.075870037078857422e+00
8.790000000000000000e+02,8.790000000000006697e-01,4.701497007493884439e+00,1.001087237543725195e-01,-2.850367409820503059e-02,2.953225951178610753e-01,-7.672442642851873273e-02,5.573684818558233278e-02,-5.965498555451631546e-02,7.082377403974533081e+00
8.800000000000000000e+02,8.800000000000006706e-01,4.701395861232794182e+00,1.000433504096617660e-01,-2.852204449030756525e-02,2.964376454532546834e-01,-7.715064602575028019e-02,5.620463281669860200e-02,-6.604380160570144653e-02,7.061464279890060425e+00
8.810000000000000000e+02,8.810000000000006715e-01,4.701294754710225732e+00,9.997796714444073807e-02,-2.854054918113824516e-02,2.975443960997014026e-01,-7.757848713691584130e-02,5.667273676293881068e-02,-7.180870231240987778e-02,7.070830047130584717e+00
8.820000000000000000e+02,8.820000000000006724e-01,4.701193671955380182e+00,9.991257823883176181e-02,-2.855905794177801202e-02,2.986414032403416630e-01,-7.800727924963513082e-02,5.714121806385641378e-02,-6.449878541752696037e-02,7.079240351915359497e+00
8.830000000000000000e+02,8.830000000000006732e-01,4.701092592051002050e+00,9.984718657369941186e-02,-2.857751320523144872e-02,2.997270930332988081e-01,-7.843660467075785903e-02,5.760992885028345944e-02,-7.037973636761307716e-02,7.117402195930480957e+00
8.840000000000000000e+02,8.840000000000006741e-01,4.700991516412859283e+00,9.978181195026546157e-02,-2.859601559570310036e-02,3.008031944447511763e-01,-7.886703150764406978e-02,5.807875277292832983e-02,-6.315539858769625425e-02,7.109093755483627319e+00
8.850000000000000000e+02,8.850000000000006750e-01,4.700890406543720701e+00,9.971647557446319809e-02,-2.861461516221318335e-02,3.018699100899185916e-01,-7.929892604375021747e-02,5.854765978899265089e-02,-6.970456452108919621e-02,7.053584098815917969e+00
8.860000000000000000e+02,8.860000000000006759e-01,4.700789292961335519e+00,9.965113930946195575e-02,-2.863324622376479250e-02,3.029248598894529465e-01,-7.973191708419968826e-02,5.901731011618344125e-02,-7.543154479935765266e-02,7.033948659896850586e+00
8.870000000000000000e+02,8.870000000000006768e-01,4.700688168694000524e+00,9.958581174913239131e-02,-2.865192544492740911e-02,3.039668143426819125e-01,-8.016557889584596808e-02,5.948755732838394150e-02,-6.552201276645064354e-02,7.067690700292587280e+00
8.880000000000000000e+02,8.880000000000006777e-01,4.700587046498289290e+00,9.952054652829270265e-02,-2.867065301449438219e-02,3.049979883740951414e-01,-8.060003577365515426e-02,5.995811201171265259e-02,-6.101168319582939148e-02,7.059930682182312012e+00
8.890000000000000000e+02,8.890000000000006786e-01,4.700485919843338856e+00,9.945539436991249205e-02,-2.868949891496875779e-02,3.060161857952121145e-01,-8.103535094416391971e-02,6.042873536852576277e-02,-6.039865361526608467e-02,7.044195622205734253e+00
8.900000000000000000e+02,8.900000000000006795e-01,4.700384772568376057e+00,9.939030321488542818e-02,-2.870835846064142757e-02,3.070183614866724975e-01,-8.147076088088445189e-02,6.089961237059546284e-02,-6.004685675725340843e-02,7.046781748533248901e+00
8.910000000000000000e+02,8.910000000000006803e-01,4.700283614820295774e+00,9.932526652021177183e-02,-2.872727405026288469e-02,3.080053654415198516e-01,-8.190650549081546217e-02,6.137078839426873822e-02,-6.604338437318801880e-02,7.020284414291381836e+00
8.920000000000000000e+02,8.920000000000006812e-01,4.700182456475180182e+00,9.926021469975941647e-02,-2.874617790693635017e-02,3.089759279388706870e-01,-8.234227195998489179e-02,6.184273959090480499e-02,-7.307161064818501472e-02,7.020423799753189087e+00
8.930000000000000000e+02,8.930000000000006821e-01,4.700081311452564137e+00,9.919520033052076080e-02,-2.876492834771455023e-02,3.099294532798518853e-01,-8.277736615612574234e-02,6.231509590760243855e-02,-6.489315861836075783e-02,7.032008081674575806e+00
8.940000000000000000e+02,8.940000000000006830e-01,4.699980168085743593e+00,9.913027437627537630e-02,-2.878356305105007895e-02,3.108659917093192782e-01,-8.321189957447616692e-02,6.278773878235639760e-02,-6.610496668145060539e-02,7.023391962051391602e+00
8.950000000000000000e+02,8.950000000000006839e-01,4.699879025536123578e+00,9.906548092838787789e-02,-2.880218759460290850e-02,3.117882667998905788e-01,-8.364659773516280872e-02,6.326049799886229730e-02,-8.154268818907439709e-02,6.990652918815612793e+00
8.960000000000000000e+02,8.960000000000006848e-01,4.699777892829652082e+00,9.900074478916510989e-02,-2.882079485043487557e-02,3.126953016075550429e-01,-8.408122013161545283e-02,6.373337460708573821e-02,-9.123802743852138519e-02,6.976728349924087524e+00
8.970000000000000000e+02,8.970000000000006857e-01,4.699676757144248818e+00,9.893605315157753821e-02,-2.883938834552647601e-02,3.135855996105100241e-01,-8.451541115476102206e-02,6.420627461264862001e-02,-1.074740234762430191e-01,7.006056338548660278e+00
8.980000000000000000e+02,8.980000000000006866e-01,4.699575593712500776e+00,9.887158014275507223e-02,-2.885801018484695363e-02,3.144621770642112568e-01,-8.494906794066725553e-02,6.467690492146573045e-02,-9.304531174711883068e-02,7.025673151016235352e+00
