iter,time,x,y,z,roll,pitch,yaw,fx,fz
0.000000000000000000e+00,0.000000000000000000e+00,4.750000000000000000e+00,1.000000000000000056e-01,-1.149999999999999981e-02,0.000000000000000000e+00,0.000000000000000000e+00,5.000000000000000278e-02,-5.998742114752531052e-02,5.612963676452636719e+00
1.000000000000000000e+00,1.000000000000000021e-03,4.750000000000000000e+00,1.000000000000000056e-01,-1.149999999999999981e-02,0.000000000000000000e+00,0.000000000000000000e+00,5.000000000000000278e-02,-5.798936868086457253e-02,6.097889512777328491e+00
2.000000000000000000e+00,2.000000000000000042e-03,4.749999518333621218e+00,9.999974968889442650e-02,-1.150505490758029631e-02,9.274873376947587178e-05,-1.067834560974922908e-05,4.999947768015075567e-02,-6.651007570326328278e-02,6.702973812818527222e+00
3.000000000000000000e+00,3.000000000000000062e-03,4.749998336818596734e+00,1.000031263284410776e-01,-1.151472615874391155e-02,2.755475187619441102e-04,-3.286536083724200807e-05,4.994616056591593550e-02,-7.126848492771387100e-02,6.917980790138244629e+00
4.000000000000000000e+00,4.000000000000000083e-03,4.749996415283097129e+00,1.000118976125649872e-01,-1.152790846469674280e-02,4.896421023529787253e-04,-6.576975495886649981e-05,4.984205550299374010e-02,-6.171157490462064743e-02,6.934453159570693970e+00
5.000000000000000000e+00,5.000000000000000104e-03,4.749993775393807738e+00,1.000261967327291113e-01,-1.154411825626251026e-02,7.120894414565370756e-04,-1.088003663733960735e-04,4.969504205904459043e-02,-5.340740550309419632e-02,6.940374553203582764e+00
6.000000000000000000e+00,6.000000000000000125e-03,4.749990509860614551e+00,1.000445082000475938e-01,-1.156321830288774104e-02,9.709414596559239052e-04,-1.615409316890747959e-04,4.950835531558472891e-02,-5.708624422550201416e-02,6.991994470357894897e+00
7.000000000000000000e+00,7.000000000000000146e-03,4.749986697437338812e+00,1.000654200232071328e-01,-1.158515315574887815e-02,1.293890183031901064e-03,-2.237807558091997606e-04,4.928413351419342475e-02,-6.694844458252191544e-02,7.042613714933395386e+00
8.000000000000000000e+00,8.000000000000000167e-03,4.749982344256284961e+00,1.000888594378617075e-01,-1.160985829866129776e-02,1.672846926251681660e-03,-2.955147828704873803e-04,4.902593755088133221e-02,-7.503219693899154663e-02,7.065591096878051758e+00
9.000000000000000000e+00,9.000000000000001055e-03,4.749977427566570931e+00,1.001152502392717164e-01,-1.163727929557409856e-02,2.087341572665355610e-03,-3.767840504957931103e-04,4.873760182820843778e-02,-8.158231433480978012e-02,7.065761238336563110e+00
1.000000000000000000e+01,1.000000000000000194e-02,4.749971944032868265e+00,1.001446390253818985e-01,-1.166736818199452450e-02,2.528179132819999980e-03,-4.675147459674011685e-04,4.842130720093471008e-02,-7.365180924534797668e-02,7.049524903297424316e+00
1.100000000000000000e+01,1.100000000000000283e-02,4.749965916876048411e+00,1.001764869773992678e-01,-1.170009550164653571e-02,3.001875402382683800e-03,-5.675641362778982568e-04,4.807842480211509811e-02,-7.736828550696372986e-02,7.067029088735580444e+00
1.200000000000000000e+01,1.200000000000000372e-02,4.749959397381787518e+00,1.002100373593226429e-01,-1.173546058691167515e-02,3.520662395573505299e-03,-6.767897369852615697e-04,4.771071921583156655e-02,-7.949859742075204849e-02,6.823574095964431763e+00
1.300000000000000000e+01,1.300000000000000461e-02,4.749952408089222367e+00,1.002449771762016911e-01,-1.177336557225908131e-02,4.086189248384358708e-03,-7.948974154665666703e-04,4.732013553090285568e-02,-7.926764246076345444e-02,6.639695405960083008e+00
1.400000000000000000e+01,1.400000000000000550e-02,4.749945026584383889e+00,1.002817809068631688e-01,-1.181334338096169841e-02,4.675474986055958015e-03,-9.192057255849039876e-04,4.691038874465670167e-02,-7.348718028515577316e-02,6.621179580688476562e+00
1.500000000000000000e+01,1.500000000000000638e-02,4.749937314378079201e+00,1.003207588447378312e-01,-1.185507975283458908e-02,5.271952392374833901e-03,-1.047826315409894349e-03,4.648440740273526717e-02,-6.706581171602010727e-02,6.719020634889602661e+00
1.600000000000000000e+01,1.600000000000000727e-02,4.749929319822974172e+00,1.003613172276369564e-01,-1.189851313160511515e-02,5.885402673968170850e-03,-1.180417824151680506e-03,4.604295365722703426e-02,-7.171435840427875519e-02,6.779241979122161865e+00
1.700000000000000000e+01,1.700000000000000816e-02,4.749921058627948334e+00,1.004027609596367804e-01,-1.194371896853272177e-02,6.527553147470457895e-03,-1.317622247149152770e-03,4.558673887666863517e-02,-6.818816857412457466e-02,6.783514708280563354e+00
1.800000000000000000e+01,1.800000000000000905e-02,4.749912525315193257e+00,1.004446999722215239e-01,-1.199077720770116290e-02,7.201847883231290992e-03,-1.459939706905499790e-03,4.511743865636107242e-02,-5.088208476081490517e-02,6.781768649816513062e+00
1.900000000000000000e+01,1.900000000000000994e-02,4.749903734024952584e+00,1.004870017530053866e-01,-1.203969746009341500e-02,7.902359775751374021e-03,-1.607416378099024712e-03,4.463833682494379451e-02,-4.142182134091854095e-02,6.783052444458007812e+00
2.000000000000000000e+01,2.000000000000001082e-02,4.749894731324938668e+00,1.005292448884965023e-01,-1.209046915121863262e-02,8.633483663622536219e-03,-1.759963877404846500e-03,4.415144392978798821e-02,-4.839388839900493622e-02,6.817589491605758667e+00
2.100000000000000000e+01,2.100000000000001171e-02,4.749885541719300441e+00,1.005711953114789420e-01,-1.214311504690133471e-02,9.392876765817612106e-03,-1.917641616469234478e-03,4.365852244749904992e-02,-4.133148305118083954e-02,6.820471674203872681e+00
2.200000000000000000e+01,2.200000000000001260e-02,4.749876169439946061e+00,1.006124538842437105e-01,-1.219762770186182642e-02,1.018493817508238711e-02,-2.080538595594871865e-03,4.316120598597009139e-02,-4.563134349882602692e-02,6.822968900203704834e+00
2.300000000000000000e+01,2.300000000000001349e-02,4.749866631047031440e+00,1.006528945015030541e-01,-1.225399262459419582e-02,1.100522511358431252e-02,-2.248615200762360544e-03,4.266132106073691754e-02,-5.960516259074211121e-02,6.804462730884552002e+00
2.400000000000000000e+01,2.400000000000001438e-02,4.749856906735123729e+00,1.006930055285001485e-01,-1.231215956902929898e-02,1.183507319423955477e-02,-2.421806297510320505e-03,4.216107734151251785e-02,-5.926144216209650040e-02,6.832271337509155273e+00
2.500000000000000000e+01,2.500000000000001527e-02,4.749846982245981231e+00,1.007325944946657753e-01,-1.237219225801485141e-02,1.267274452578550509e-02,-2.600238720604775011e-03,4.166160265031320503e-02,-6.686997599899768829e-02,6.809600651264190674e+00
2.600000000000000000e+01,2.600000000000001615e-02,4.749836880502162906e+00,1.007708389011979372e-01,-1.243413322859322073e-02,1.353487521874286760e-02,-2.784077379418548048e-03,4.116388107048161993e-02,-7.136125303804874420e-02,6.819850087165832520e+00
2.700000000000000000e+01,2.700000000000001704e-02,4.749826614966714544e+00,1.008071431278685232e-01,-1.249800262896795348e-02,1.443359691781786330e-02,-2.973175290531093751e-03,4.066810704433444779e-02,-7.309083361178636551e-02,6.861234307289123535e+00
2.800000000000000000e+01,2.800000000000001793e-02,4.749816148076924094e+00,1.008421471476289716e-01,-1.256383745483580228e-02,1.534433638246769996e-02,-3.167873686592770355e-03,4.017770481316174092e-02,-7.509017735719680786e-02,6.879782676696777344e+00
2.900000000000000000e+01,2.900000000000001882e-02,4.749805454393204229e+00,1.008763549276157356e-01,-1.263161449900548905e-02,1.624883978560724695e-02,-3.368441038845260138e-03,3.969474698343016666e-02,-7.160832360386848450e-02,6.814309865236282349e+00
3.000000000000000000e+01,3.000000000000001971e-02,4.749794537604718592e+00,1.009095215158845871e-01,-1.270132670311715020e-02,1.715170993714981024e-02,-3.574920529162861627e-03,3.921924344200869439e-02,-6.834024377167224884e-02,6.814497977495193481e+00
3.100000000000000000e+01,3.100000000000002059e-02,4.749783434460332465e+00,1.009410771980492200e-01,-1.277296466657978566e-02,1.806652540489375736e-02,-3.786866914323505640e-03,3.875071747111220183e-02,-7.329307403415441513e-02,6.834142625331878662e+00
3.200000000000000000e+01,3.200000000000002148e-02,4.749772179935904504e+00,1.009704547789419399e-01,-1.284643832221435585e-02,1.900593814533679121e-02,-4.003871732064068212e-03,3.828923306084864447e-02,-7.883547060191631317e-02,6.832699090242385864e+00
3.300000000000000000e+01,3.300000000000002237e-02,4.749760772230349204e+00,1.009974648647905121e-01,-1.292173258541669603e-02,1.997215482913452037e-02,-4.225948589074324246e-03,3.783542458690772325e-02,-8.268089033663272858e-02,6.806343704462051392e+00
3.400000000000000000e+01,3.400000000000002326e-02,4.749749186549386160e+00,1.010226315240766726e-01,-1.299882109477407122e-02,2.095153217054979491e-02,-4.453111838818246682e-03,3.738947357594182841e-02,-7.792343106120824814e-02,6.776774138212203979e+00
3.500000000000000000e+01,3.500000000000002415e-02,4.749737426955633168e+00,1.010459809276891135e-01,-1.307763209341675226e-02,2.194159388354044449e-02,-4.685033058844823017e-03,3.695220522833966154e-02,-7.244466617703437805e-02,6.798211753368377686e+00
3.600000000000000000e+01,3.600000000000002504e-02,4.749725509676332003e+00,1.010673420196719074e-01,-1.315816381122530097e-02,2.294491259964795069e-02,-4.921553537127199007e-03,3.652420388419272412e-02,-7.912219408899545670e-02,6.797317236661911011e+00
3.700000000000000000e+01,3.700000000000002592e-02,4.749713432061526852e+00,1.010869100315939517e-01,-1.324040375198561048e-02,2.395465232704790948e-02,-5.162803792673864578e-03,3.610565857680154978e-02,-9.023495204746723175e-02,6.806137323379516602e+00
3.800000000000000000e+01,3.800000000000002681e-02,4.749701173120709718e+00,1.011050550785991264e-01,-1.332432565740697232e-02,2.496156785932588176e-02,-5.408794613394274364e-03,3.569642973794874552e-02,-9.370896592736244202e-02,6.842956304550170898e+00
3.900000000000000000e+01,3.900000000000002770e-02,4.749688711441260480e+00,1.011217842972821496e-01,-1.340995298653948654e-02,2.596395624765440030e-02,-5.659673591166702877e-03,3.529641610632210796e-02,-9.211923088878393173e-02,6.864235371351242065e+00
4.000000000000000000e+01,4.000000000000002859e-02,4.749676033032970146e+00,1.011371880036582294e-01,-1.349724922962403095e-02,2.696230005108736852e-02,-5.915496910971818068e-03,3.490479961159781430e-02,-8.648074418306350708e-02,6.871699571609497070e+00
4.100000000000000000e+01,4.100000000000002948e-02,4.749663129822359053e+00,1.011511854345436973e-01,-1.358630083697635015e-02,2.795664043873005364e-02,-6.176656643615219267e-03,3.452143654880465012e-02,-8.579888101667165756e-02,6.867963314056396484e+00
4.200000000000000000e+01,4.200000000000003036e-02,4.749650010112606680e+00,1.011634661018861042e-01,-1.367719592881568892e-02,2.895351421543804205e-02,-6.443435397671004594e-03,3.414706504080868010e-02,-7.290215231478214264e-02,6.914732456207275391e+00
4.300000000000000000e+01,4.300000000000003125e-02,4.749636673750043947e+00,1.011740954257252800e-01,-1.376992887565041401e-02,2.995515949498071470e-02,-6.715759097378537490e-03,3.378043186330807746e-02,-6.459254957735538483e-02,6.902147918939590454e+00
4.400000000000000000e+01,4.400000000000003214e-02,4.749623136410608737e+00,1.011831834705130828e-01,-1.386442056848504432e-02,3.096233430871811118e-02,-6.993585821876369124e-03,3.342112147802642902e-02,-6.548417638987302780e-02,6.893589764833450317e+00
4.500000000000000000e+01,4.500000000000003303e-02,4.749609429353089496e+00,1.011905781272272598e-01,-1.396054914855024594e-02,3.198147801957903352e-02,-7.276365278631180544e-03,3.306833417297360550e-02,-6.559442263096570969e-02,6.897674798965454102e+00
4.600000000000000000e+01,4.600000000000003392e-02,4.749595547809200013e+00,1.011966642462401034e-01,-1.405822367701601260e-02,3.300350449601932579e-02,-7.563874187106689462e-03,3.272205714060613668e-02,-6.337923835963010788e-02,6.891000151634216309e+00
4.700000000000000000e+01,4.700000000000003481e-02,4.749581494924464131e+00,1.012013603621971514e-01,-1.415743393380247163e-02,3.403489780330198194e-02,-7.856003802237054856e-03,3.238116119874564353e-02,-5.015118792653083801e-02,6.875230371952056885e+00
4.800000000000000000e+01,4.800000000000003569e-02,4.749567279496791805e+00,1.012047097761991504e-01,-1.425813299789197887e-02,3.507348509027374828e-02,-8.152592174499151412e-03,3.204558260555896709e-02,-4.787011537700891495e-02,6.853180736303329468e+00
4.900000000000000000e+01,4.900000000000003658e-02,4.749552931769354558e+00,1.012067151409637017e-01,-1.436024765421520591e-02,3.612047877534623613e-02,-8.453300109785066851e-03,3.171491722220286941e-02,-3.912801574915647507e-02,6.877562671899795532e+00
5.000000000000000000e+01,5.000000000000003747e-02,4.749538448202493157e+00,1.012076615884565794e-01,-1.446374551056528630e-02,3.717065278757454572e-02,-8.757986501259695800e-03,3.138874188083309869e-02,-4.257329739630222321e-02,6.886883497238159180e+00
5.100000000000000000e+01,5.100000000000003836e-02,4.749523836314740954e+00,1.012075664824642063e-01,-1.456861706801083033e-02,3.822177237432713981e-02,-9.066817921580927475e-03,3.106846189349369777e-02,-4.582675732672214508e-02,6.882887482643127441e+00
5.200000000000000000e+01,5.200000000000003925e-02,4.749509080702981834e+00,1.012064326123320729e-01,-1.467492538267559272e-02,3.927585284214066969e-02,-9.380030371212599860e-03,3.075381101973944514e-02,-4.367033764719963074e-02,6.900099158287048340e+00
5.300000000000000000e+01,5.300000000000004013e-02,4.749494189706868319e+00,1.012038709817628529e-01,-1.478265443471538099e-02,4.034245967677692335e-02,-9.697432610600298375e-03,3.044511869433659534e-02,-4.951332788914442062e-02,6.838836580514907837e+00
5.400000000000000000e+01,5.400000000000004102e-02,4.749479144764477745e+00,1.012003672073108346e-01,-1.489179745712137549e-02,4.141063803485038608e-02,-1.001926726933755063e-02,3.014255711623966758e-02,-5.031466484069824219e-02,6.817436963319778442e+00
5.500000000000000000e+01,5.500000000000004191e-02,4.749463931936886318e+00,1.011964136106361517e-01,-1.500231888963874348e-02,4.246921919594447842e-02,-1.034530461498150977e-02,2.984582784831815022e-02,-5.354725290089845657e-02,6.831973969936370850e+00
5.600000000000000000e+01,5.600000000000004280e-02,4.749448544859284915e+00,1.011922276211894983e-01,-1.511425166041667836e-02,4.351502887329095765e-02,-1.067561165091923669e-02,2.955440513075801440e-02,-5.904368776828050613e-02,6.853596597909927368e+00
5.700000000000000000e+01,5.700000000000004369e-02,4.749432968668919841e+00,1.011878493604400631e-01,-1.522764683014495718e-02,4.454699852824750561e-02,-1.101046461271004695e-02,2.926817337881161551e-02,-4.669758025556802750e-02,6.877985954284667969e+00
5.800000000000000000e+01,5.800000000000004458e-02,4.749417188530422607e+00,1.011833214268380854e-01,-1.534253950905637570e-02,4.556751787342350202e-02,-1.135006283386941206e-02,2.898660292741087399e-02,-5.397309269756078720e-02,6.905470073223114014e+00
5.900000000000000000e+01,5.900000000000004546e-02,4.749401201945359752e+00,1.011790588433771343e-01,-1.545893098463482773e-02,4.657020168200275145e-02,-1.169465948379344589e-02,2.870935413624761678e-02,-4.707200732082128525e-02,6.930376648902893066e+00
6.000000000000000000e+01,6.000000000000004635e-02,4.749384990564653464e+00,1.011753347812616860e-01,-1.557676364795181068e-02,4.754881199038678286e-02,-1.204430868869166282e-02,2.843609520471765059e-02,-4.737051017582416534e-02,6.969781637191772461e+00
6.100000000000000000e+01,6.100000000000004724e-02,4.749368567028636967e+00,1.011721769616388406e-01,-1.569602497866318808e-02,4.850582112896083264e-02,-1.239902403407766585e-02,2.816532712235011657e-02,-4.964111000299453735e-02,6.969919681549072266e+00
6.200000000000000000e+01,6.200000000000004813e-02,4.749351935642393663e+00,1.011692890536273898e-01,-1.581675202606943817e-02,4.945119792989344232e-02,-1.275891483658786463e-02,2.789560304319627093e-02,-4.909106716513633728e-02,6.925879865884780884e+00
6.300000000000000000e+01,6.300000000000004208e-02,4.749335080797211894e+00,1.011670433746381520e-01,-1.593892515953067301e-02,5.037890164378003993e-02,-1.312404906584752062e-02,2.762673831808149655e-02,-4.094447102397680283e-02,6.939841479063034058e+00
6.400000000000000000e+01,6.400000000000004297e-02,4.749318009997437251e+00,1.011654376946056338e-01,-1.606254691014277064e-02,5.129130703377564326e-02,-1.349419302669319087e-02,2.735821696417012339e-02,-5.222880095243453979e-02,6.972147077322006226e+00
6.500000000000000000e+01,6.500000000000004385e-02,4.749300716050663063e+00,1.011649408364547198e-01,-1.618763717742051356e-02,5.217948137999742220e-02,-1.386963737006619013e-02,2.708932587031000552e-02,-6.225434690713882446e-02,6.987634360790252686e+00
6.600000000000000000e+01,6.600000000000004474e-02,4.749283164567230209e+00,1.011657924070737125e-01,-1.631428823427311797e-02,5.303964961740072204e-02,-1.425091075756812486e-02,2.681950773362967722e-02,-6.870470568537712097e-02,7.024146437644958496e+00
6.700000000000000000e+01,6.700000000000004563e-02,4.749265330858023049e+00,1.011681503736961557e-01,-1.644254290786456574e-02,5.386742695573077527e-02,-1.463834508449712857e-02,2.654906783418769373e-02,-6.918260455131530762e-02,7.029817640781402588e+00
6.800000000000000000e+01,6.800000000000004652e-02,4.749247206084526773e+00,1.011721188840147279e-01,-1.657234793597775480e-02,5.466222129956191389e-02,-1.503195423639791528e-02,2.627739807694897192e-02,-7.245043478906154633e-02,7.059905201196670532e+00
6.900000000000000000e+01,6.900000000000004741e-02,4.749228803471853944e+00,1.011773774562956946e-01,-1.670371774003358983e-02,5.543267018194572571e-02,-1.543164904632821077e-02,2.600389931268166921e-02,-7.800976186990737915e-02,7.044921100139617920e+00
7.000000000000000000e+01,7.000000000000004829e-02,4.749210119509778671e+00,1.011837205568727610e-01,-1.683670795410073528e-02,5.618481171725513146e-02,-1.583767087939880192e-02,2.572869040251125894e-02,-7.068176008760929108e-02,7.005047559738159180e+00
7.100000000000000000e+01,7.100000000000004918e-02,4.749191152831913953e+00,1.011912928302767106e-01,-1.697126176152531987e-02,5.691874399510507554e-02,-1.624973713118982310e-02,2.545069311336134454e-02,-7.198677957057952881e-02,6.986353158950805664e+00
7.200000000000000000e+01,7.200000000000005007e-02,4.749171913073991114e+00,1.012006387862986190e-01,-1.710730665251828514e-02,5.762129045807799776e-02,-1.666765650899226792e-02,2.516935605113643573e-02,-6.727726384997367859e-02,6.993118226528167725e+00
7.300000000000000000e+01,7.300000000000005096e-02,4.749152414037286718e+00,1.012118103630230137e-01,-1.724476743688254168e-02,5.829292279780222408e-02,-1.709105606946992317e-02,2.488370688109894924e-02,-5.586763471364974976e-02,6.951566517353057861e+00
7.400000000000000000e+01,7.400000000000005185e-02,4.749132662968364116e+00,1.012247786491081297e-01,-1.738362673535918251e-02,5.893224892895723710e-02,-1.751998281660593904e-02,2.459439039886593403e-02,-5.626149848103523254e-02,6.906741440296173096e+00
7.500000000000000000e+01,7.500000000000005274e-02,4.749112708176148168e+00,1.012392894446337288e-01,-1.752374386186661762e-02,5.954594319152425874e-02,-1.795364330312332335e-02,2.430101590373897127e-02,-6.948683969676494598e-02,6.917656719684600830e+00
7.600000000000000000e+01,7.600000000000005362e-02,4.749092569866488311e+00,1.012552385233517205e-01,-1.766501843260937649e-02,6.013538769572981946e-02,-1.839147818460795669e-02,2.400367904462738858e-02,-6.846732832491397858e-02,6.900305658578872681e+00
7.700000000000000000e+01,7.700000000000005451e-02,4.749072225393994096e+00,1.012731613080621040e-01,-1.780730680531512553e-02,6.068566183718150653e-02,-1.883340397794697196e-02,2.370307767492427567e-02,-6.075094826519489288e-02,6.793756663799285889e+00
7.800000000000000000e+01,7.800000000000005540e-02,4.749051693837046173e+00,1.012928213983973064e-01,-1.795057362391145120e-02,6.120360207257062590e-02,-1.927909097385294146e-02,2.339882576514196524e-02,-6.713086552917957306e-02,6.748961478471755981e+00
7.900000000000000000e+01,7.900000000000005629e-02,4.749031013818957092e+00,1.013139302168803851e-01,-1.809482534765264813e-02,6.169386883673302208e-02,-1.972796939653753689e-02,2.309106713575110464e-02,-6.978337094187736511e-02,6.721067249774932861e+00
8.000000000000000000e+01,8.000000000000005718e-02,4.749010182558925486e+00,1.013365824093422352e-01,-1.824001781684743764e-02,6.215289872182261366e-02,-2.017979348151910379e-02,2.278038573067596786e-02,-6.242987699806690216e-02,6.743088513612747192e+00
8.100000000000000000e+01,8.100000000000005806e-02,4.748989222599928617e+00,1.013606855136599261e-01,-1.838600025900456042e-02,6.258377633008374574e-02,-2.063386643597042713e-02,2.246637888452989590e-02,-6.433295086026191711e-02,6.752142429351806641e+00
8.200000000000000000e+01,8.200000000000005895e-02,4.748968139208664674e+00,1.013866667513481090e-01,-1.853259153098606865e-02,6.297224290742768626e-02,-2.109005152592668964e-02,2.215016036227325166e-02,-5.406932719051837921e-02,6.727837204933166504e+00
8.300000000000000000e+01,8.300000000000005984e-02,4.748946909524938143e+00,1.014146868333879042e-01,-1.867987245263170656e-02,6.331534887743589524e-02,-2.154866125462873150e-02,2.183030741049228618e-02,-5.802314542233943939e-02,6.733845025300979614e+00
8.400000000000000000e+01,8.400000000000006073e-02,4.748925553469891092e+00,1.014447080860245570e-01,-1.882783841037718314e-02,6.361329448175265244e-02,-2.200955933642245732e-02,2.150642269323714897e-02,-5.954099260270595551e-02,6.738787710666656494e+00
8.500000000000000000e+01,8.500000000000006162e-02,4.748904073005382642e+00,1.014766085530355022e-01,-1.897640929753943717e-02,6.386567577047021216e-02,-2.247254525221409338e-02,2.117906636517187524e-02,-6.830837484449148178e-02,6.705789357423782349e+00
8.600000000000000000e+01,8.600000000000006251e-02,4.748882471422716911e+00,1.015102909428328148e-01,-1.912555050683996741e-02,6.407102643459959557e-02,-2.293759677215634341e-02,2.084898200261594767e-02,-6.511885300278663635e-02,6.667906671762466431e+00
8.700000000000000000e+01,8.700000000000006339e-02,4.748860730075376679e+00,1.015458239589515088e-01,-1.927529051398269716e-02,6.422030806975702333e-02,-2.340493832936352270e-02,2.051819313603843106e-02,-6.522671319544315338e-02,6.679313808679580688e+00
8.800000000000000000e+01,8.800000000000006428e-02,4.748838880807514151e+00,1.015825445179075887e-01,-1.942559396189894733e-02,6.432781389706099251e-02,-2.387404457016795156e-02,2.018788337968880492e-02,-7.202850282192230225e-02,6.687992244958877563e+00
8.900000000000000000e+01,8.900000000000006517e-02,4.748816934390313271e+00,1.016200188842057844e-01,-1.957645308379684160e-02,6.440394227303575247e-02,-2.434474433716493635e-02,1.985820008718127555e-02,-7.697584852576255798e-02,6.711026132106781006e+00
9.000000000000000000e+01,9.000000000000006606e-02,4.748794870526187317e+00,1.016584669429545090e-01,-1.972783979175400312e-02,6.443894997950927461e-02,-2.481727737919636745e-02,1.953070111835703351e-02,-8.685477823019027710e-02,6.668972522020339966e+00
9.100000000000000000e+01,9.100000000000006695e-02,4.748772666478692450e+00,1.016982032114170931e-01,-1.987974397666639539e-02,6.442201016922177725e-02,-2.529203108321387283e-02,1.920680221055971748e-02,-7.781626284122467041e-02,6.653909683227539062e+00
9.200000000000000000e+01,9.200000000000006783e-02,4.748750306852825176e+00,1.017391880304301388e-01,-2.003225302174045999e-02,6.435198704969560812e-02,-2.576914097777427415e-02,1.888676144330295528e-02,-7.555780559778213501e-02,6.694270610809326172e+00
9.300000000000000000e+01,9.300000000000006872e-02,4.748727814991730689e+00,1.017809303186468645e-01,-2.018541017632554876e-02,6.423648344409949029e-02,-2.624855929482272643e-02,1.857172715177549116e-02,-6.969984248280525208e-02,6.746260613203048706e+00
9.400000000000000000e+01,9.400000000000006961e-02,4.748705188260569088e+00,1.018234172021604544e-01,-2.033925310799425748e-02,6.407397860815841617e-02,-2.673067003109319550e-02,1.826226563786216561e-02,-7.801906578242778778e-02,6.773632228374481201e+00
9.500000000000000000e+01,9.500000000000007050e-02,4.748682427085253011e+00,1.018666827846788636e-01,-2.049382081911838363e-02,6.386651004740638571e-02,-2.721580177015381352e-02,1.795782605387221884e-02,-8.304473664611577988e-02,6.765844762325286865e+00
9.600000000000000000e+01,9.600000000000007139e-02,4.748659509486851782e+00,1.019106517981854254e-01,-2.064921434831412314e-02,6.361600845446954700e-02,-2.770438725385537815e-02,1.765850143574049236e-02,-8.802713826298713684e-02,6.806133896112442017e+00
9.700000000000000000e+01,9.700000000000007228e-02,4.748636426390607568e+00,1.019551103378683182e-01,-2.080553537954441673e-02,6.332753679676207670e-02,-2.819664236944463553e-02,1.736475216587942197e-02,-7.119150925427675247e-02,6.789180696010589600e+00
9.800000000000000000e+01,9.800000000000007316e-02,4.748613157429137921e+00,1.020002309200715856e-01,-2.096284869850648797e-02,6.299555629850026039e-02,-2.869309228858440974e-02,1.707665205818659562e-02,-8.962415158748626709e-02,6.802324116230010986e+00
9.900000000000000000e+01,9.900000000000007405e-02,4.748589734500407999e+00,1.020460481236272615e-01,-2.112106768810977434e-02,6.262070635795201345e-02,-2.919333707835392033e-02,1.679368264736850677e-02,-8.727255649864673615e-02,6.827240496873855591e+00
1.000000000000000000e+02,1.000000000000000749e-01,4.748566145788986503e+00,1.020922470533500714e-01,-2.128012339458374910e-02,6.220788273457707879e-02,-2.969713938345175386e-02,1.651691469492660297e-02,-9.214957803487777710e-02,6.823758393526077271e+00
1.010000000000000000e+02,1.010000000000000758e-01,4.748542402686059205e+00,1.021385731194812685e-01,-2.144002780964236743e-02,6.176514509897666760e-02,-3.020446459144809914e-02,1.624599590598513332e-02,-1.018760669976472855e-01,6.865250289440155029e+00
1.020000000000000000e+02,1.020000000000000767e-01,4.748518489750320093e+00,1.021852113935666911e-01,-2.160085352998552741e-02,6.129176943002770384e-02,-3.071552903881413776e-02,1.598006902419040962e-02,-1.003132220357656479e-01,6.890264898538589478e+00
1.030000000000000000e+02,1.030000000000000776e-01,4.748494378648143055e+00,1.022325948268466012e-01,-2.176261954659927667e-02,6.077986553473413434e-02,-3.123075107775830084e-02,1.571848385806506876e-02,-1.029704269021749496e-01,6.843081504106521606e+00
1.040000000000000000e+02,1.040000000000000785e-01,4.748470056657976279e+00,1.022810251189365249e-01,-2.192535661772367084e-02,6.022175851525175816e-02,-3.175053390508586482e-02,1.546147207405462395e-02,-1.043640337884426117e-01,6.818698018789291382e+00
1.050000000000000000e+02,1.050000000000000794e-01,4.748445530474540099e+00,1.023305188415398609e-01,-2.208906650598660773e-02,5.961837942770763232e-02,-3.227461688936661410e-02,1.520851253394499628e-02,-9.734394308179616928e-02,6.797025799751281738e+00
1.060000000000000000e+02,1.060000000000000803e-01,4.748420811895213589e+00,1.023808371326626332e-01,-2.225376788663424935e-02,5.897716298612552116e-02,-3.280273830785374045e-02,1.495888583158915680e-02,-1.094423756003379822e-01,6.750539690256118774e+00
1.070000000000000000e+02,1.070000000000000812e-01,4.748395931164738570e+00,1.024318072640756638e-01,-2.241935960406919726e-02,5.830107078682153499e-02,-3.333437316504372916e-02,1.471255054570910423e-02,-1.079246131703257561e-01,6.705841213464736938e+00
1.080000000000000000e+02,1.080000000000000820e-01,4.748370883982498292e+00,1.024835828237440905e-01,-2.258568845849234785e-02,5.758549632144430164e-02,-3.386891667318847610e-02,1.446995799461973931e-02,-1.088597495108842850e-01,6.680215567350387573e+00
1.090000000000000000e+02,1.090000000000000829e-01,4.748345694378005355e+00,1.025361581298736141e-01,-2.275259389600051835e-02,5.683052718088989208e-02,-3.440561242563267008e-02,1.423100082906053956e-02,-1.085320124402642250e-01,6.686244368553161621e+00
1.100000000000000000e+02,1.100000000000000838e-01,4.748320375886415867e+00,1.025891517021717686e-01,-2.292008559767494749e-02,5.604657745774312139e-02,-3.494411891890014665e-02,1.399546321464969004e-02,-1.038056341931223869e-01,6.643343627452850342e+00
1.110000000000000000e+02,1.110000000000000847e-01,4.748294937512672398e+00,1.026423425798821260e-01,-2.308813596507480054e-02,5.524005823690944506e-02,-3.548421783485178338e-02,1.376323344006225025e-02,-1.029735198244452477e-01,6.659704655408859253e+00
1.120000000000000000e+02,1.120000000000000856e-01,4.748269389689196096e+00,1.026960312705679362e-01,-2.325660315631627659e-02,5.440430981050594500e-02,-3.602540666100972899e-02,1.353469687702658214e-02,-1.124641597270965576e-01,6.687351405620574951e+00
1.130000000000000000e+02,1.130000000000000865e-01,4.748243738082041254e+00,1.027503815636219009e-01,-2.342541082531482063e-02,5.353700805327868406e-02,-3.656752256166084791e-02,1.330918455816730572e-02,-1.203254498541355133e-01,6.643925547599792480e+00
1.140000000000000000e+02,1.140000000000000874e-01,4.748217977101480969e+00,1.028055380369333471e-01,-2.359446692911321836e-02,5.263573214852959592e-02,-3.711042603126601946e-02,1.308633358217959827e-02,-1.303492113947868347e-01,6.649041533470153809e+00
1.150000000000000000e+02,1.150000000000000883e-01,4.748192120979696007e+00,1.028612869059788992e-01,-2.376375867884054915e-02,5.170307823669172131e-02,-3.765388627108312569e-02,1.286819734931573048e-02,-1.271227505058050156e-01,6.602190524339675903e+00
1.160000000000000000e+02,1.160000000000000892e-01,4.748166165383024051e+00,1.029176508908144771e-01,-2.393327910274206313e-02,5.074187306064276148e-02,-3.819780503036462882e-02,1.265400965289227228e-02,-1.391810756176710129e-01,6.604367882013320923e+00
1.170000000000000000e+02,1.170000000000000900e-01,4.748140114143416746e+00,1.029752100740638637e-01,-2.410298330002518669e-02,4.974173986077386894e-02,-3.874199920987608792e-02,1.244254450517596339e-02,-1.297545023262500763e-01,6.610942453145980835e+00
1.180000000000000000e+02,1.180000000000000909e-01,4.748113972915978920e+00,1.030338789522244891e-01,-2.427270124878143365e-02,4.870997408137965612e-02,-3.928569561983175085e-02,1.223233911161690848e-02,-1.247761193662881851e-01,6.605386495590209961e+00
1.190000000000000000e+02,1.190000000000000918e-01,4.748087775280073863e+00,1.030934255369296837e-01,-2.444236555132622488e-02,4.765632367772075495e-02,-3.982841611690424166e-02,1.202167551849542618e-02,-1.339258607476949692e-01,6.591840833425521851e+00
1.200000000000000000e+02,1.200000000000000927e-01,4.748061518628229116e+00,1.031542226606673024e-01,-2.461201641269886858e-02,4.657593311357341448e-02,-4.037034650610604736e-02,1.180953566727496046e-02,-1.395219899713993073e-01,6.575937449932098389e+00
1.210000000000000000e+02,1.210000000000000936e-01,4.748035196343664666e+00,1.032162365090410344e-01,-2.478163893190733075e-02,4.547232532916037351e-02,-4.091126340989936772e-02,1.159514666613506439e-02,-1.428923904895782471e-01,6.604193240404129028e+00
1.220000000000000000e+02,1.220000000000000945e-01,4.748008821340171437e+00,1.032791375533547856e-01,-2.495118659918455981e-02,4.435282544357602857e-02,-4.145074918439850542e-02,1.137829787733227876e-02,-1.387866036966443062e-01,6.637617737054824829e+00
1.230000000000000000e+02,1.230000000000000954e-01,4.747982400356872468e+00,1.033428279869923055e-01,-2.512057015876915933e-02,4.322429353605974911e-02,-4.198844762647468976e-02,1.115754905799960089e-02,-1.342057343572378159e-01,6.657384991645812988e+00
1.240000000000000000e+02,1.240000000000000963e-01,4.747955939345758658e+00,1.034074559579046676e-01,-2.528977650361756771e-02,4.208826055626525842e-02,-4.252440434736004526e-02,1.093142213268829925e-02,-1.331468680873513222e-01,6.617753893136978149e+00
1.250000000000000000e+02,1.250000000000000833e-01,4.747929438782186651e+00,1.034732174777347607e-01,-2.545884054372564084e-02,4.094314192591067686e-02,-4.305885329362135749e-02,1.069912924409911238e-02,-1.308096954599022865e-01,6.637814193964004517e+00
1.260000000000000000e+02,1.260000000000000842e-01,4.747902897107467268e+00,1.035404014331867545e-01,-2.562778282604545252e-02,3.978386385328931685e-02,-4.359179756013120688e-02,1.046053865626228596e-02,-1.131774839013814926e-01,6.620134592056274414e+00
1.270000000000000000e+02,1.270000000000000850e-01,4.747876321149861134e+00,1.036089062854587545e-01,-2.579661258617657951e-02,3.861378965129015628e-02,-4.412327802611715200e-02,1.021521083979846575e-02,-1.062537608668208122e-01,6.660991281270980835e+00
1.280000000000000000e+02,1.280000000000000859e-01,4.747849745908409247e+00,1.036787448598572026e-01,-2.596526035348227165e-02,3.743591830977040236e-02,-4.465290299612556524e-02,9.962078273105657092e-03,-1.043490683659911156e-01,6.678652286529541016e+00
1.290000000000000000e+02,1.290000000000000868e-01,4.747823180566623336e+00,1.037497311196932531e-01,-2.613383547595797898e-02,3.625788550615621775e-02,-4.518104802713862611e-02,9.700191372105908955e-03,-9.745101071894168854e-02,6.705978482961654663e+00
1.300000000000000000e+02,1.300000000000000877e-01,4.747796642705115033e+00,1.038216415113788066e-01,-2.630224844738685008e-02,3.508583277929068489e-02,-4.570736976093114912e-02,9.429109044566345160e-03,-9.324964880943298340e-02,6.718754976987838745e+00
1.310000000000000000e+02,1.310000000000000886e-01,4.747770127500927195e+00,1.038947219382323206e-01,-2.647057843261908100e-02,3.391150197441137465e-02,-4.623248235806931561e-02,9.150068963260454824e-03,-8.080150187015533447e-02,6.798407584428787231e+00
1.320000000000000000e+02,1.320000000000000895e-01,4.747743633946638120e+00,1.039690658149930585e-01,-2.663882924617621412e-02,3.273338133337486133e-02,-4.675652332360802355e-02,8.863670926161869995e-03,-8.255390357226133347e-02,6.825905203819274902e+00
1.330000000000000000e+02,1.330000000000000904e-01,4.747717184290062953e+00,1.040446426918259226e-01,-2.680686889345927984e-02,3.155297973348811236e-02,-4.727941061043772208e-02,8.569881383904295186e-03,-6.881406810134649277e-02,6.783047318458557129e+00
1.340000000000000000e+02,1.340000000000000913e-01,4.747690772223200462e+00,1.041215129703304820e-01,-2.697476207134729548e-02,3.036987477536394475e-02,-4.780149310897585657e-02,8.268180437096192548e-03,-6.569914147257804871e-02,6.794175714254379272e+00
1.350000000000000000e+02,1.350000000000000921e-01,4.747664420643947558e+00,1.041995653770825953e-01,-2.714256159907290841e-02,2.918733626283621929e-02,-4.832268688311702753e-02,7.958541941777067322e-03,-7.593160867691040039e-02,6.824905872344970703e+00
1.360000000000000000e+02,1.360000000000000930e-01,4.747638136866608960e+00,1.042788190728110853e-01,-2.731023881784309937e-02,2.800704493722493485e-02,-4.884291539502094714e-02,7.640249747425175569e-03,-6.976499781012535095e-02,6.787303209304809570e+00
1.370000000000000000e+02,1.370000000000000939e-01,4.747611906459506592e+00,1.043591771058382384e-01,-2.747776071437619400e-02,2.683167214364570730e-02,-4.936216570931173386e-02,7.313089084531404493e-03,-7.155682519078254700e-02,6.780965745449066162e+00
1.380000000000000000e+02,1.380000000000000948e-01,4.747585745520203737e+00,1.044406090349353777e-01,-2.764503252212192203e-02,2.566126989285424931e-02,-4.987997507383923335e-02,6.977628195463650082e-03,-8.195444196462631226e-02,6.789005368947982788e+00
1.390000000000000000e+02,1.390000000000000957e-01,4.747559651719105211e+00,1.045232514591173806e-01,-2.781206184527824227e-02,2.449345156378907040e-02,-5.039639722972411029e-02,6.633463257921166228e-03,-9.934495389461517334e-02,6.784254282712936401e+00
1.400000000000000000e+02,1.400000000000000966e-01,4.747533600799930475e+00,1.046072330480842250e-01,-2.797882466710482907e-02,2.331928772335327416e-02,-5.091161457026638359e-02,6.282450396925832667e-03,-1.019801059737801552e-01,6.807717651128768921e+00
1.410000000000000000e+02,1.410000000000000975e-01,4.747507577791311384e+00,1.046924991603061239e-01,-2.814522182601813041e-02,2.213724383329081224e-02,-5.142532632196616937e-02,5.925332072394375385e-03,-1.053756475448608398e-01,6.792309790849685669e+00
1.420000000000000000e+02,1.420000000000000984e-01,4.747481595963790824e+00,1.047787621282973425e-01,-2.831109213902507568e-02,2.095415873203645279e-02,-5.193697398176322366e-02,5.561969266942622461e-03,-1.102915555238723755e-01,6.804699718952178955e+00
1.430000000000000000e+02,1.430000000000000993e-01,4.747455671341902494e+00,1.048655615646959388e-01,-2.847631635664247748e-02,1.978135203278160240e-02,-5.244585998623430001e-02,5.192147561256749665e-03,-1.125100385397672653e-01,6.759564191102981567e+00
1.440000000000000000e+02,1.440000000000001001e-01,4.747429802229246931e+00,1.049528024554216843e-01,-2.864077349979568185e-02,1.861870635727447959e-02,-5.295166118783667386e-02,4.816471152920774254e-03,-1.243017148226499557e-01,6.725127160549163818e+00
1.450000000000000000e+02,1.450000000000001010e-01,4.747403980288588343e+00,1.050410477036422124e-01,-2.880442261284021574e-02,1.745273667140674265e-02,-5.345432812048600546e-02,4.435181402211211231e-03,-1.153235947713255882e-01,6.690486818552017212e+00
1.460000000000000000e+02,1.460000000000001019e-01,4.747378190317015800e+00,1.051301280835326563e-01,-2.896724744512297819e-02,1.628320614160943050e-02,-5.395366733426332218e-02,4.049607964150366522e-03,-1.249349694699048996e-01,6.694923758506774902e+00
1.470000000000000000e+02,1.470000000000001028e-01,4.747352464629453372e+00,1.052195465792905155e-01,-2.912912611089721673e-02,1.512116814451777355e-02,-5.444888888872800869e-02,3.659878670446398141e-03,-1.397011559456586838e-01,6.707319349050521851e+00
1.480000000000000000e+02,1.480000000000001037e-01,4.747326784630272023e+00,1.053093573323727605e-01,-2.929008584853829908e-02,1.396245936575420642e-02,-5.494020038104152626e-02,3.266667569255534212e-03,-1.560742398723959923e-01,6.739140748977661133e+00
1.490000000000000000e+02,1.490000000000001046e-01,4.747301126947029992e+00,1.053997813214589130e-01,-2.945001373762934360e-02,1.280339813039999344e-02,-5.542737237095995972e-02,2.870022023968427788e-03,-1.550549846142530441e-01,6.720784842967987061e+00
1.500000000000000000e+02,1.500000000000001055e-01,4.747275467242861424e+00,1.054909756405605359e-01,-2.960886420579822431e-02,1.164290266240932369e-02,-5.591042801220647007e-02,2.469355682625013274e-03,-1.617666734382510185e-01,6.722721964120864868e+00
1.510000000000000000e+02,1.510000000000001064e-01,4.747249816890576568e+00,1.055827420031387048e-01,-2.976658648248450487e-02,1.048479969848961288e-02,-5.638903598510891513e-02,2.064558229881809960e-03,-1.680534183979034424e-01,6.726192116737365723e+00
1.520000000000000000e+02,1.520000000000001072e-01,4.747224150346865734e+00,1.056753684063582721e-01,-2.992329798450721334e-02,9.319439022132924508e-03,-5.686380044782746168e-02,1.656227180630787804e-03,-1.671091094613075256e-01,6.724738150835037231e+00
1.530000000000000000e+02,1.530000000000001081e-01,4.747198459156606098e+00,1.057688275915841247e-01,-3.007903834986360922e-02,8.149443073029175727e-03,-5.733481779362969988e-02,1.244027982210539011e-03,-1.725783450528979301e-01,6.752650350332260132e+00
1.540000000000000000e+02,1.540000000000001090e-01,4.747172745882197731e+00,1.058630068675677632e-01,-3.023384806604244301e-02,6.978047475251420925e-03,-5.780215019073020599e-02,8.275977540807204040e-04,-1.686111679300665855e-01,6.701620876789093018e+00
1.550000000000000000e+02,1.550000000000001099e-01,4.747146994898269412e+00,1.059579604631025324e-01,-3.038773568399326733e-02,5.801505162053147147e-03,-5.826603926338225214e-02,4.073189102880236077e-04,-1.582094142213463783e-01,6.711903810501098633e+00
1.560000000000000000e+02,1.560000000000001108e-01,4.747121209792629415e+00,1.060538920994086032e-01,-3.054066355461655322e-02,4.613275392279536993e-03,-5.872626255941471030e-02,-1.631484808331138889e-05,-1.528532514348626137e-01,6.777424365282058716e+00
1.570000000000000000e+02,1.570000000000001117e-01,4.747095398564092683e+00,1.061503821738147696e-01,-3.069260805372954481e-02,3.423929012286318265e-03,-5.918257362359957696e-02,-4.428485455192036208e-04,-1.548396511934697628e-01,6.747646391391754150e+00
1.580000000000000000e+02,1.580000000000001126e-01,4.747069572460135944e+00,1.062469318269036594e-01,-3.084350367692412220e-02,2.246040576588154321e-03,-5.963480647337204843e-02,-8.719748987214807770e-04,-1.486619627103209496e-01,6.695490777492523193e+00
1.590000000000000000e+02,1.590000000000001135e-01,4.747043739175937915e+00,1.063433658442096558e-01,-3.099328035644029894e-02,1.084487990449866952e-03,-6.008249185786573854e-02,-1.303585452875871253e-03,-1.451921174302697182e-01,6.711024016141891479e+00
1.600000000000000000e+02,1.600000000000001144e-01,4.747017914346706391e+00,1.064397772872476139e-01,-3.114192957639731751e-02,-6.175956854420204967e-05,-6.052538064433998777e-02,-1.738031268544749496e-03,-1.495018112473189831e-01,6.724524110555648804e+00
1.610000000000000000e+02,1.610000000000001152e-01,4.746992093353404663e+00,1.065362350368046773e-01,-3.128945108122005436e-02,-1.194490860968417962e-03,-6.096358200094487145e-02,-2.174830965106321241e-03,-1.438862618524581194e-01,6.668225854635238647e+00
1.620000000000000000e+02,1.620000000000001161e-01,4.746966253999624463e+00,1.066328928456557468e-01,-3.143589910310203017e-02,-2.321643438748278131e-03,-6.139749902229674206e-02,-2.612750116388619717e-03,-1.451473473571240902e-01,6.679091870784759521e+00
1.630000000000000000e+02,1.630000000000001170e-01,4.746940399293459123e+00,1.067294489891510156e-01,-3.158129899051854983e-02,-3.443144039216852401e-03,-6.182693820726758993e-02,-3.049248728796109462e-03,-1.449713907204568386e-01,6.749008297920227051e+00
1.640000000000000000e+02,1.640000000000001179e-01,4.746914526115944000e+00,1.068256249141852493e-01,-3.172571154248064740e-02,-4.553631758879056642e-03,-6.225203327837225409e-02,-3.484225761939729708e-03,-1.357645485550165176e-01,6.734458237886428833e+00
1.650000000000000000e+02,1.650000000000001188e-01,4.746888631116210178e+00,1.069213782496552662e-01,-3.186906883873448504e-02,-5.651497765604499186e-03,-6.267284833020569934e-02,-3.917658120313255964e-03,-1.479371641762554646e-01,6.732184946537017822e+00
1.660000000000000000e+02,1.660000000000001197e-01,4.746862736933410432e+00,1.070166733630469741e-01,-3.201121230296603837e-02,-6.734381904382443287e-03,-6.308874035557310300e-02,-4.350010980194779150e-03,-1.448167511261999607e-01,6.787086218595504761e+00
1.670000000000000000e+02,1.670000000000001206e-01,4.746836818241861877e+00,1.071118161842287697e-01,-3.215219875296030511e-02,-7.810263911766187304e-03,-6.350004620846538828e-02,-4.781243370214563991e-03,-1.370908250100910664e-01,6.765714108943939209e+00
1.680000000000000000e+02,1.680000000000001215e-01,4.746810875991032574e+00,1.072067343403266954e-01,-3.229199834236939903e-02,-8.876421566921938872e-03,-6.390686896003461293e-02,-5.211964984036800315e-03,-1.447797790169715881e-01,6.776496797800064087e+00
1.690000000000000000e+02,1.690000000000001223e-01,4.746784914604628369e+00,1.073013140812268396e-01,-3.243056744322272977e-02,-9.933536535678437127e-03,-6.430896395850527192e-02,-5.640876101410141966e-03,-1.519672702997922897e-01,6.765631854534149170e+00
1.700000000000000000e+02,1.700000000000001232e-01,4.746758914156820275e+00,1.073957539195317112e-01,-3.256794318659212567e-02,-1.098709830267970144e-02,-6.470660862058430496e-02,-6.067686480456659787e-03,-1.454978340771049261e-01,6.795884788036346436e+00
1.710000000000000000e+02,1.710000000000001241e-01,4.746732864969036569e+00,1.074900544341084729e-01,-3.270418573339607671e-02,-1.203588091113088829e-02,-6.509992411877263407e-02,-6.492874129310104332e-03,-1.375612041447311640e-01,6.771504223346710205e+00
1.720000000000000000e+02,1.720000000000001250e-01,4.746706782468750774e+00,1.075839508425147223e-01,-3.283920335671321883e-02,-1.307237773990239937e-02,-6.548859614587820843e-02,-6.916979326675117695e-03,-1.383522024843841791e-01,6.751820832490921021e+00
1.730000000000000000e+02,1.730000000000001259e-01,4.746680678713291357e+00,1.076773863070266957e-01,-3.297303233782739734e-02,-1.409391705772564465e-02,-6.587257092942833125e-02,-7.340150145370500506e-03,-1.354363509453833103e-01,6.758250921964645386e+00
1.740000000000000000e+02,1.740000000000001268e-01,4.746654542857903891e+00,1.077706530914585153e-01,-3.310577990628770645e-02,-1.510697743482884194e-02,-6.625223833321203237e-02,-7.762415174391379749e-03,-1.373452770058065653e-01,6.727055162191390991e+00
1.750000000000000000e+02,1.750000000000001277e-01,4.746628367233094004e+00,1.078640209138367473e-01,-3.323750366039168042e-02,-1.611632642887414826e-02,-6.662791221313724144e-02,-8.184036377248748301e-03,-1.444281449621485081e-01,6.670646131038665771e+00
1.760000000000000000e+02,1.760000000000001286e-01,4.746602148052178727e+00,1.079578370210832611e-01,-3.336824888770226899e-02,-1.713296269197568666e-02,-6.699982456508069006e-02,-8.605064366801421644e-03,-1.422440503665711731e-01,6.710640162229537964e+00
1.770000000000000000e+02,1.770000000000001295e-01,4.746575881135307817e+00,1.080519858296758590e-01,-3.349801301942190168e-02,-1.815477794233934586e-02,-6.736765687076418097e-02,-9.025462662240638784e-03,-1.307580597931519151e-01,6.685255765914916992e+00
1.780000000000000000e+02,1.780000000000001303e-01,4.746549571637401321e+00,1.081463277643164717e-01,-3.362676471194529088e-02,-1.917946171958118812e-02,-6.773144901593441958e-02,-9.445369604884817916e-03,-1.227574744261801243e-01,6.676485270261764526e+00
1.790000000000000000e+02,1.790000000000001312e-01,4.746523242190711755e+00,1.082405244894118768e-01,-3.375439394786055453e-02,-2.020146098162175011e-02,-6.809058561858338798e-02,-9.863617765322445913e-03,-1.187372351996600628e-01,6.662954896688461304e+00
1.800000000000000000e+02,1.800000000000001321e-01,4.746496889995163393e+00,1.083349466095313435e-01,-3.388095060243462298e-02,-2.123292747910634007e-02,-6.844541777719248543e-02,-1.027920412006883347e-02,-1.101137162186205387e-01,6.686981678009033203e+00
1.810000000000000000e+02,1.810000000000001330e-01,4.746470507938320260e+00,1.084300764726816441e-01,-3.400653880404876789e-02,-2.228668862089547981e-02,-6.879648271973337614e-02,-1.069216379673490480e-02,-1.157218669541180134e-01,6.704917371273040771e+00
1.820000000000000000e+02,1.820000000000001339e-01,4.746444114934885938e+00,1.085254587221350375e-01,-3.413111853995149519e-02,-2.335369505548592212e-02,-6.914357436720730554e-02,-1.110232846814863256e-02,-1.180841578170657158e-01,6.731340765953063965e+00
1.830000000000000000e+02,1.830000000000001348e-01,4.746417711867686684e+00,1.086205036226603610e-01,-3.425463897647577222e-02,-2.442333287458643351e-02,-6.948638915659777204e-02,-1.150926036607069838e-02,-1.211331402882933617e-01,6.715602606534957886e+00
1.840000000000000000e+02,1.840000000000001357e-01,4.746391302378033750e+00,1.087146124447626039e-01,-3.437695028348791010e-02,-2.548339758179731657e-02,-6.982429617133911748e-02,-1.191228877942045877e-02,-1.272084948141127825e-01,6.689562976360321045e+00
1.850000000000000000e+02,1.850000000000001366e-01,4.746364879213937016e+00,1.088082338885955486e-01,-3.449796488901222397e-02,-2.654439212619425642e-02,-7.015714252058780076e-02,-1.231154439124807626e-02,-1.227167744655162096e-01,6.677573144435882568e+00
1.860000000000000000e+02,1.860000000000001374e-01,4.746338429674603177e+00,1.089018289653882338e-01,-3.461774140619738177e-02,-2.761665537395164779e-02,-7.048520199510610595e-02,-1.270697725371079320e-02,-1.223531882278621197e-01,6.661833912134170532e+00
1.870000000000000000e+02,1.870000000000001383e-01,4.746311969193554248e+00,1.089952861414915791e-01,-3.473624151036995567e-02,-2.869935620761701264e-02,-7.080827796992372747e-02,-1.309861222685604690e-02,-1.251207040622830391e-01,6.683912336826324463e+00
1.880000000000000000e+02,1.880000000000001392e-01,4.746285508758819383e+00,1.090879829252583560e-01,-3.485336059558737792e-02,-2.977678529055064263e-02,-7.112564732679182988e-02,-1.348707780341320758e-02,-1.213690221775323153e-01,6.684036314487457275e+00
1.890000000000000000e+02,1.890000000000001401e-01,4.746259039122159074e+00,1.091798157579315781e-01,-3.496914601702287573e-02,-3.084547898572839036e-02,-7.143749914249664101e-02,-1.387260095200188587e-02,-1.309854583814740181e-01,6.694922864437103271e+00
1.900000000000000000e+02,1.900000000000001410e-01,4.746232548501573945e+00,1.092717192503568219e-01,-3.508368868129503604e-02,-3.192872153867044871e-02,-7.174457494054453655e-02,-1.425438012045918482e-02,-1.351979249157011509e-01,6.693514198064804077e+00
1.910000000000000000e+02,1.910000000000001419e-01,4.746206026008098711e+00,1.093640515823251363e-01,-3.519701707713204092e-02,-3.303232172284451679e-02,-7.204713739846435594e-02,-1.463296245384687611e-02,-1.327966717071831226e-01,6.703748196363449097e+00
1.920000000000000000e+02,1.920000000000001428e-01,4.746179472384644882e+00,1.094564534699954961e-01,-3.530911881645489026e-02,-3.414738517777667764e-02,-7.234497882022150606e-02,-1.500907513128518257e-02,-1.304805371910333633e-01,6.713707387447357178e+00
1.930000000000000000e+02,1.930000000000001437e-01,4.746152894836651370e+00,1.095484372454224864e-01,-3.541987266929147449e-02,-3.526383777236917483e-02,-7.263755799427240589e-02,-1.538285441129881234e-02,-1.308835395611822605e-01,6.715353906154632568e+00
1.940000000000000000e+02,1.940000000000001446e-01,4.746126291182227952e+00,1.096403010324648875e-01,-3.552938865585465733e-02,-3.638904111754604626e-02,-7.292542887586939138e-02,-1.575427265813186817e-02,-1.411668872460722923e-01,6.682158291339874268e+00
1.950000000000000000e+02,1.950000000000001454e-01,4.746099654762852005e+00,1.097321172837134179e-01,-3.563763487486872744e-02,-3.752591898477053434e-02,-7.320854042457103361e-02,-1.612291736215786669e-02,-1.435872167348861694e-01,6.697917878627777100e+00
1.960000000000000000e+02,1.960000000000001463e-01,4.746072963673230838e+00,1.098237515807213849e-01,-3.574461219401742218e-02,-3.867584624135092519e-02,-7.348673683728601524e-02,-1.648752992904249648e-02,-1.418162742629647255e-01,6.714745014905929565e+00
1.970000000000000000e+02,1.970000000000001472e-01,4.746046208104571562e+00,1.099150314761028896e-01,-3.585038114691335709e-02,-3.983871120503976876e-02,-7.376026557194026445e-02,-1.684718405938626790e-02,-1.464126426726579666e-01,6.721214264631271362e+00
1.980000000000000000e+02,1.980000000000001481e-01,4.746019389806082067e+00,1.100060921776760958e-01,-3.595495094543578463e-02,-4.101727450535340436e-02,-7.402928661518526354e-02,-1.720207197034406832e-02,-1.474703690037131310e-01,6.728541672229766846e+00
1.990000000000000000e+02,1.990000000000001490e-01,4.745992508043096691e+00,1.100967542749844291e-01,-3.605830639562628004e-02,-4.220649625394760213e-02,-7.429369148549946900e-02,-1.755258698332774064e-02,-1.449733441695570946e-01,6.718713045120239258e+00
2.000000000000000000e+02,2.000000000000001499e-01,4.745965561416099376e+00,1.101868760293819305e-01,-3.616044112262341292e-02,-4.340230247988542678e-02,-7.455340661980436323e-02,-1.789878449710645414e-02,-1.516242949292063713e-01,6.704384773969650269e+00
2.010000000000000000e+02,2.010000000000001508e-01,4.745938550980638659e+00,1.102764926745148089e-01,-3.626133481003848691e-02,-4.460483961228840083e-02,-7.480831635337614749e-02,-1.824073860476880388e-02,-1.543307397514581680e-01,6.713670223951339722e+00
2.020000000000000000e+02,2.020000000000001517e-01,4.745911467273553619e+00,1.103658252061491818e-01,-3.636102381450880688e-02,-4.581979569172758143e-02,-7.505857947279381825e-02,-1.857836897665763459e-02,-1.589986979961395264e-01,6.731649816036224365e+00
2.030000000000000000e+02,2.030000000000001525e-01,4.745884305109848711e+00,1.104550085159059919e-01,-3.645954992961975005e-02,-4.704869223585957105e-02,-7.530439947787237465e-02,-1.891184517080032879e-02,-1.595644215121865273e-01,6.728461563587188721e+00
2.040000000000000000e+02,2.040000000000001534e-01,4.745857061917125641e+00,1.105436531792235721e-01,-3.655680910434525033e-02,-4.828344181708590227e-02,-7.554537245164127945e-02,-1.924127989557774393e-02,-1.644757911562919617e-01,6.778631776571273804e+00
2.050000000000000000e+02,2.050000000000001543e-01,4.745829734155494251e+00,1.106315514382384818e-01,-3.665276575306873619e-02,-4.951972023041452398e-02,-7.578129537357125578e-02,-1.956689928613252263e-02,-1.620574863627552986e-01,6.776912331581115723e+00
2.060000000000000000e+02,2.060000000000001552e-01,4.745802306251838409e+00,1.107187852712484544e-01,-3.674732570111242241e-02,-5.076211178997475787e-02,-7.601216559369294856e-02,-1.988807816066232720e-02,-1.539972666651010513e-01,6.809850662946701050e+00
2.070000000000000000e+02,2.070000000000001561e-01,4.745774780141379878e+00,1.108054185073490822e-01,-3.684049436693586504e-02,-5.201079922895775198e-02,-7.623797732968218277e-02,-2.020470677304756976e-02,-1.608687890693545341e-01,6.847089976072311401e+00
2.080000000000000000e+02,2.080000000000001570e-01,4.745747163590661621e+00,1.108911199629745298e-01,-3.693206248115582513e-02,-5.325747698077576420e-02,-7.645804453045967897e-02,-2.051700992007389479e-02,-1.604172289371490479e-01,6.833739846944808960e+00
2.090000000000000000e+02,2.090000000000001579e-01,4.745719450999465572e+00,1.109755846330277990e-01,-3.702186957778156456e-02,-5.449359864706200540e-02,-7.667186407283477223e-02,-2.082530354301559070e-02,-1.572906095534563065e-01,6.844432830810546875e+00
2.100000000000000000e+02,2.100000000000001588e-01,4.745691636800825286e+00,1.110588123603442473e-01,-3.710997457664115540e-02,-5.571823622135990001e-02,-7.687953810325987014e-02,-2.112948063051841435e-02,-1.596118472516536713e-01,6.842394948005676270e+00
2.110000000000000000e+02,2.110000000000001597e-01,4.745663702291787800e+00,1.111416262783276876e-01,-3.719651039412130711e-02,-5.694531431010071282e-02,-7.708197531510641021e-02,-2.143310874435785246e-02,-1.570161730051040649e-01,6.829486429691314697e+00
2.120000000000000000e+02,2.120000000000001605e-01,4.745635636286033687e+00,1.112241535446644169e-01,-3.728149080604167137e-02,-5.817906152905001627e-02,-7.727931972682533512e-02,-2.173637006656270812e-02,-1.554520074278116226e-01,6.818734943866729736e+00
2.130000000000000000e+02,2.130000000000001614e-01,4.745607435666783225e+00,1.113058337212538274e-01,-3.736482713753349477e-02,-5.940909362563801671e-02,-7.747101650264553996e-02,-2.203856227947711272e-02,-1.585917575284838676e-01,6.816936790943145752e+00
2.140000000000000000e+02,2.140000000000001623e-01,4.745579098359372416e+00,1.113861551853562865e-01,-3.744644868346668626e-02,-6.062589509487013167e-02,-7.765658155757915182e-02,-2.233878556235217167e-02,-1.593332318589091301e-01,6.809411793947219849e+00
2.150000000000000000e+02,2.150000000000001632e-01,4.745550604948125972e+00,1.114649246954373119e-01,-3.752638116601858531e-02,-6.183022387550235477e-02,-7.783608613711989754e-02,-2.263584126095267643e-02,-1.718709627166390419e-01,6.816349953413009644e+00
2.160000000000000000e+02,2.160000000000001641e-01,4.745521934490765759e+00,1.115422561075326141e-01,-3.760466280223481034e-02,-6.302826047081847016e-02,-7.800966410786291938e-02,-2.292811912650067133e-02,-1.768717486411333084e-01,6.832494705915451050e+00
2.170000000000000000e+02,2.170000000000001650e-01,4.745493059422932092e+00,1.116181981019546826e-01,-3.768126670783016746e-02,-6.422339214158792609e-02,-7.817730226552455086e-02,-2.321499124819976015e-02,-1.763440687209367752e-01,6.835059463977813721e+00
2.180000000000000000e+02,2.180000000000001659e-01,4.745463958863346932e+00,1.116925577293130661e-01,-3.775614345653953430e-02,-6.541377387411090316e-02,-7.833882033121697397e-02,-2.349519956203951002e-02,-1.822710074484348297e-01,6.847030431032180786e+00
2.190000000000000000e+02,2.190000000000001668e-01,4.745434627230552316e+00,1.117647879288887619e-01,-3.782916512076624910e-02,-6.658933592558577419e-02,-7.849356845402799543e-02,-2.376746851112035430e-02,-1.835809145122766495e-01,6.858775049448013306e+00
2.200000000000000000e+02,2.200000000000001676e-01,4.745405037702849604e+00,1.118346250365186006e-01,-3.790028089975873427e-02,-6.774809809899065560e-02,-7.864135590158372047e-02,-2.403058691999208213e-02,-1.810212936252355576e-01,6.860429465770721436e+00
2.210000000000000000e+02,2.210000000000001685e-01,4.745375186235490261e+00,1.119022363548430182e-01,-3.796949395447776765e-02,-6.889318320833931475e-02,-7.878225617722622864e-02,-2.428402852068995907e-02,-1.795586291700601578e-01,6.870017081499099731e+00
2.220000000000000000e+02,2.220000000000001694e-01,4.745345070204431082e+00,1.119676951822201200e-01,-3.803684300624225051e-02,-7.002563211133469578e-02,-7.891639318771903611e-02,-2.452754411130296172e-02,-1.639546798542141914e-01,6.878721326589584351e+00
2.230000000000000000e+02,2.230000000000001703e-01,4.745314691011571107e+00,1.120306826960596885e-01,-3.810225342095034662e-02,-7.113753154999061246e-02,-7.904340607121684847e-02,-2.476097435684321973e-02,-1.653675734996795654e-01,6.867873966693878174e+00
2.240000000000000000e+02,2.240000000000001712e-01,4.745284076346869107e+00,1.120908126617842365e-01,-3.816557503217947456e-02,-7.221967096584246126e-02,-7.916266897125567858e-02,-2.498422419836646494e-02,-1.649710042402148247e-01,6.856893390417098999e+00
2.250000000000000000e+02,2.250000000000001721e-01,4.745253212307003921e+00,1.121480083894388080e-01,-3.822680277495849738e-02,-7.327002488120974710e-02,-7.927405199787007639e-02,-2.519697944508428322e-02,-1.602492323145270348e-01,6.828003734350204468e+00
2.260000000000000000e+02,2.260000000000001730e-01,4.745222099572105279e+00,1.122027752340144097e-01,-3.828601227740386498e-02,-7.429947660851744795e-02,-7.937791710528796507e-02,-2.539909423675837385e-02,-1.621875921264290810e-01,6.837149530649185181e+00
2.270000000000000000e+02,2.270000000000001739e-01,4.745190742061187628e+00,1.122552404807837384e-01,-3.834325767621130088e-02,-7.530972624428323992e-02,-7.947432425358202934e-02,-2.559061959651472151e-02,-1.654358096420764923e-01,6.844393789768218994e+00
2.280000000000000000e+02,2.280000000000001747e-01,4.745159147474056205e+00,1.123053571348788665e-01,-3.839847515697080577e-02,-7.629706871096293697e-02,-7.956306828915526985e-02,-2.577234106598033994e-02,-1.732097081840038300e-01,6.924673736095428467e+00
2.290000000000000000e+02,2.290000000000001756e-01,4.745127323752934778e+00,1.123530683949985343e-01,-3.845159659064197738e-02,-7.725768802408680691e-02,-7.964393908635680752e-02,-2.594521067490475341e-02,-1.774824177846312523e-01,6.924587935209274292e+00
2.300000000000000000e+02,2.300000000000001765e-01,4.745095248429421986e+00,1.123983690436790306e-01,-3.850260864361611940e-02,-7.819251563923589055e-02,-7.971727520790605759e-02,-2.610891536369550417e-02,-1.809965213760733604e-01,6.912284702062606812e+00
2.310000000000000000e+02,2.310000000000001774e-01,4.745062917718952278e+00,1.124412434446451781e-01,-3.855156070516482097e-02,-7.909882176788540775e-02,-7.978319223438168351e-02,-2.626374174943263071e-02,-1.810359833762049675e-01,6.865246683359146118e+00
2.320000000000000000e+02,2.320000000000001783e-01,4.745030319714995670e+00,1.124816490960407062e-01,-3.859848496821191577e-02,-7.997261640544769956e-02,-7.984167816624876401e-02,-2.641019869245744139e-02,-1.759662805125117302e-01,6.870152771472930908e+00
2.330000000000000000e+02,2.330000000000001792e-01,4.744997457911398264e+00,1.125197048527512150e-01,-3.864340392427871584e-02,-8.081490820658430996e-02,-7.989262188880852378e-02,-2.654878289185686260e-02,-1.758995251730084419e-01,6.880845308303833008e+00
2.340000000000000000e+02,2.340000000000001801e-01,4.744964338972594398e+00,1.125555609207369717e-01,-3.868640845893444452e-02,-8.162772855911724912e-02,-7.993637603969117045e-02,-2.667955239374395979e-02,-1.750940941274166107e-01,6.880823463201522827e+00
2.350000000000000000e+02,2.350000000000001810e-01,4.744930957711213537e+00,1.125893044785550301e-01,-3.872755869933860312e-02,-8.241225010823785557e-02,-7.997319814712566810e-02,-2.680240370823020954e-02,-1.676642447710037231e-01,6.863737136125564575e+00
2.360000000000000000e+02,2.360000000000001819e-01,4.744897325876803684e+00,1.126209173488362109e-01,-3.876683958876567943e-02,-8.316644628190057731e-02,-8.000302840870654464e-02,-2.691779038930343024e-02,-1.600616006180644035e-01,6.877257853746414185e+00
2.370000000000000000e+02,2.370000000000001827e-01,4.744863466662645912e+00,1.126502783664035390e-01,-3.880416704905334524e-02,-8.388399793339069987e-02,-8.002544360893315556e-02,-2.702655988060922651e-02,-1.585532790049910545e-01,6.882823377847671509e+00
2.380000000000000000e+02,2.380000000000001836e-01,4.744829393050366662e+00,1.126772473921883039e-01,-3.883946049905086240e-02,-8.456022820487971159e-02,-8.004023136346671841e-02,-2.712957043401736587e-02,-1.591335590928792953e-01,6.865620166063308716e+00
2.390000000000000000e+02,2.390000000000001845e-01,4.744795100928785203e+00,1.127019693689342850e-01,-3.887272829853470613e-02,-8.519727636953910999e-02,-8.004744222645454599e-02,-2.722653579041983338e-02,-1.544946050271391869e-01,6.881506025791168213e+00
2.400000000000000000e+02,2.400000000000001854e-01,4.744760593402012283e+00,1.127249529806464978e-01,-3.890410068491457346e-02,-8.580581451800259329e-02,-8.004760970591306979e-02,-2.731769738611517992e-02,-1.532603995874524117e-01,6.901370733976364136e+00
2.410000000000000000e+02,2.410000000000001863e-01,4.744725879986183337e+00,1.127462766480821776e-01,-3.893358980085694782e-02,-8.638445612255855888e-02,-8.004085597554055909e-02,-2.740378167010194821e-02,-1.598336780443787575e-01,6.970501601696014404e+00
2.420000000000000000e+02,2.420000000000001872e-01,4.744690971470954644e+00,1.127655842381588974e-01,-3.896111846023602582e-02,-8.692305235172466393e-02,-8.002686019111560078e-02,-2.748500117392774569e-02,-1.616867333650588989e-01,6.948787957429885864e+00
2.430000000000000000e+02,2.430000000000001881e-01,4.744655877479344142e+00,1.127825859916582740e-01,-3.898665139763439480e-02,-8.742190151047506130e-02,-8.000559452443067876e-02,-2.755750868331724099e-02,-1.682089529931545258e-01,6.944655925035476685e+00
2.440000000000000000e+02,2.440000000000001890e-01,4.744620611239540153e+00,1.127974068506211458e-01,-3.901026466116874758e-02,-8.788167510905627033e-02,-7.997717551211036557e-02,-2.762100774825720917e-02,-1.665037693455815315e-01,6.918967097997665405e+00
2.450000000000000000e+02,2.450000000000001898e-01,4.744585181147216169e+00,1.128104642913779626e-01,-3.903203696388575505e-02,-8.830869157982973450e-02,-7.994198937287610995e-02,-2.767641335347192227e-02,-1.621964871883392334e-01,6.861497879028320312e+00
2.460000000000000000e+02,2.460000000000001907e-01,4.744549609710306370e+00,1.128220430418048481e-01,-3.905193687780707940e-02,-8.870455109455294140e-02,-7.989995254684223447e-02,-2.772568867126622844e-02,-1.576446406543254852e-01,6.879721015691757202e+00
2.470000000000000000e+02,2.470000000000001916e-01,4.744513914876337779e+00,1.128321755584223568e-01,-3.907001509304932479e-02,-8.906546094985665074e-02,-7.985100633431119199e-02,-2.777059837569262335e-02,-1.515671778470277786e-01,6.891441226005554199e+00
2.480000000000000000e+02,2.480000000000001925e-01,4.744478116599007755e+00,1.128408931906522833e-01,-3.908622221488465553e-02,-8.938942395780431760e-02,-7.979512929889143180e-02,-2.781233760028679891e-02,-1.560819437727332115e-01,6.899967968463897705e+00
2.490000000000000000e+02,2.490000000000001934e-01,4.744442235224743065e+00,1.128484852997684584e-01,-3.910054452641085337e-02,-8.967932990769489354e-02,-7.973243252354933475e-02,-2.785197606583108068e-02,-1.560248071327805519e-01,6.903099149465560913e+00
2.500000000000000000e+02,2.500000000000001665e-01,4.744406273294290877e+00,1.128552868279914939e-01,-3.911303777381908153e-02,-8.993952333589604053e-02,-7.966328278344425584e-02,-2.789076757865038836e-02,-1.463176915422081947e-01,6.893317341804504395e+00
2.510000000000000000e+02,2.510000000000001674e-01,4.744370240960501306e+00,1.128614505494965198e-01,-3.912373236205684418e-02,-9.017176196777890174e-02,-7.958789446658864897e-02,-2.792969029829971833e-02,-1.404926897957921028e-01,6.931469619274139404e+00
2.520000000000000000e+02,2.520000000000001683e-01,4.744334158276778624e+00,1.128669264518598891e-01,-3.913256714166377104e-02,-9.037170930104437838e-02,-7.950604619922607696e-02,-2.797013774677745840e-02,-1.386081064119935036e-01,6.915731132030487061e+00
2.530000000000000000e+02,2.530000000000001692e-01,4.744298019877846606e+00,1.128717818873356815e-01,-3.913958252711090269e-02,-9.054028886170487067e-02,-7.941807922552257537e-02,-2.801231210735332516e-02,-1.414131671190261841e-01,6.937587201595306396e+00
2.540000000000000000e+02,2.540000000000001701e-01,4.744261840877786796e+00,1.128760991569461858e-01,-3.914475385103533683e-02,-9.067800929026520462e-02,-7.932388923052524632e-02,-2.805681448784082266e-02,-1.390252504497766495e-01,6.957388669252395630e+00
2.550000000000000000e+02,2.550000000000001710e-01,4.744225616500143516e+00,1.128800867733482372e-01,-3.914816079698426460e-02,-9.078868655274845156e-02,-7.922395898287115656e-02,-2.810442350344076468e-02,-1.478393292054533958e-01,6.963009655475616455e+00
2.560000000000000000e+02,2.560000000000001719e-01,4.744189352164702278e+00,1.128835906240674980e-01,-3.914973577495824836e-02,-9.086715340113855899e-02,-7.911811549240566066e-02,-2.815570826518999648e-02,-1.487574474886059761e-01,7.007743656635284424e+00
2.570000000000000000e+02,2.570000000000001728e-01,4.744153040819620415e+00,1.128864019685907188e-01,-3.914943584580621999e-02,-9.090668190677672622e-02,-7.900618495306699351e-02,-2.821123386573221037e-02,-1.494287289679050446e-01,6.976529777050018311e+00
2.580000000000000000e+02,2.580000000000001736e-01,4.744116685993732041e+00,1.128886955378150259e-01,-3.914718297108223805e-02,-9.091022305702062267e-02,-7.888818325101065732e-02,-2.827137844291013891e-02,-1.432373058050870895e-01,6.873999863862991333e+00
2.590000000000000000e+02,2.590000000000001745e-01,4.744080277835029058e+00,1.128908883225715060e-01,-3.914316245671808914e-02,-9.089013680267149509e-02,-7.876467360877192903e-02,-2.833492261534763940e-02,-1.480703521519899368e-01,6.912745058536529541e+00
2.600000000000000000e+02,2.600000000000001754e-01,4.744043825605873010e+00,1.128929626628933647e-01,-3.913749757191798545e-02,-9.084549821645462875e-02,-7.863555909241282116e-02,-2.840188232024957668e-02,-1.497967038303613663e-01,6.961508452892303467e+00
2.610000000000000000e+02,2.610000000000001763e-01,4.744007332441710467e+00,1.128943917636016508e-01,-3.913001242942333591e-02,-9.076257326967251959e-02,-7.850031158605852433e-02,-2.847319775896470229e-02,-1.511685103178024292e-01,6.942061513662338257e+00
2.620000000000000000e+02,2.620000000000001772e-01,4.743970796827451153e+00,1.128949497691252857e-01,-3.912059782257247542e-02,-9.063602031589518271e-02,-7.835876333281532879e-02,-2.854934197972590348e-02,-1.413426585495471954e-01,6.935050874948501587e+00
2.630000000000000000e+02,2.630000000000001781e-01,4.743934206226979811e+00,1.128951400157705426e-01,-3.910937674980482365e-02,-9.047940769162846064e-02,-7.821138677148664620e-02,-2.862968846152855185e-02,-1.440693251788616180e-01,6.960992693901062012e+00
2.640000000000000000e+02,2.640000000000001790e-01,4.743897570133324137e+00,1.128951534626530112e-01,-3.909640295935089965e-02,-9.029651598897658893e-02,-7.805834013959267459e-02,-2.871389075149378967e-02,-1.308829924091696739e-01,6.974395036697387695e+00
2.650000000000000000e+02,2.650000000000001799e-01,4.743860878270084847e+00,1.128944810422028433e-01,-3.908154599689987047e-02,-9.007316175124176205e-02,-7.789910696172053228e-02,-2.880245483611246562e-02,-1.331493966281414032e-01,6.959933251142501831e+00
2.660000000000000000e+02,2.660000000000001807e-01,4.743824151836799174e+00,1.128929683169172804e-01,-3.906468745746808496e-02,-8.980630447326717891e-02,-7.773333819881544926e-02,-2.889576499529800807e-02,-1.462231585755944252e-01,6.989910393953323364e+00
2.670000000000000000e+02,2.670000000000001816e-01,4.743787391389187036e+00,1.128907951552211020e-01,-3.904585478339456239e-02,-8.949875847346605573e-02,-7.756106643281190927e-02,-2.899372328689951706e-02,-1.488342201337218285e-01,6.985516965389251709e+00
2.680000000000000000e+02,2.680000000000001825e-01,4.743750579787822552e+00,1.128882211377656708e-01,-3.902517083788137331e-02,-8.915580606884666859e-02,-7.738290718556628534e-02,-2.909632058209591157e-02,-1.518972488120198250e-01,6.989467084407806396e+00
2.690000000000000000e+02,2.690000000000001834e-01,4.743713718343884445e+00,1.128852797432070842e-01,-3.900258619428662726e-02,-8.877762075921984131e-02,-7.719871035546055360e-02,-2.920409429812344596e-02,-1.685078460723161697e-01,7.004582703113555908e+00
2.700000000000000000e+02,2.700000000000001843e-01,4.743676792154438715e+00,1.128818285033605789e-01,-3.897810396703624974e-02,-8.836368961827203994e-02,-7.700849868705295087e-02,-2.931682871813214020e-02,-1.508726626634597778e-01,7.039931029081344604e+00
2.710000000000000000e+02,2.710000000000001852e-01,4.743639773153278227e+00,1.128777439603783211e-01,-3.895168857878680141e-02,-8.791341535989635747e-02,-7.681218897133423873e-02,-2.943399709810392423e-02,-1.403396353125572205e-01,7.018862277269363403e+00
2.720000000000000000e+02,2.720000000000001861e-01,4.743602664961995785e+00,1.128727033697991683e-01,-3.892324337352010000e-02,-8.742091366823556697e-02,-7.660946008078073355e-02,-2.955465867312685388e-02,-1.451925747096538544e-01,7.008436948060989380e+00
2.730000000000000000e+02,2.730000000000001870e-01,4.743565471614673790e+00,1.128664451604519808e-01,-3.889272568904172944e-02,-8.688034718231733844e-02,-7.639989472905095447e-02,-2.967799003327633786e-02,-1.505315639078617096e-01,7.045148521661758423e+00
2.740000000000000000e+02,2.740000000000001878e-01,4.743528179094315789e+00,1.128590688331599784e-01,-3.886022623529791775e-02,-8.629448347277120235e-02,-7.618373698128744209e-02,-2.980354347572685206e-02,-1.552456226199865341e-01,7.061670362949371338e+00
2.750000000000000000e+02,2.750000000000001887e-01,4.743490778490376591e+00,1.128506906560404338e-01,-3.882575557913443137e-02,-8.566691925824854170e-02,-7.596117647120470551e-02,-2.993054365448117454e-02,-1.569735500961542130e-01,7.034184426069259644e+00
2.760000000000000000e+02,2.760000000000001896e-01,4.743453256691605446e+00,1.128410642108885614e-01,-3.878916941546628472e-02,-8.499257711793453685e-02,-7.573167680148684688e-02,-3.005843429734300284e-02,-1.583370761945843697e-01,7.020487815141677856e+00
2.770000000000000000e+02,2.770000000000001905e-01,4.743415604482582815e+00,1.128300575882849738e-01,-3.875044142566247407e-02,-8.426998035994102965e-02,-7.549499886067922994e-02,-3.018715684277522779e-02,-1.559541234746575356e-01,7.040324836969375610e+00
2.780000000000000000e+02,2.780000000000001914e-01,4.743377813364967999e+00,1.128180324859826000e-01,-3.870972807717767278e-02,-8.350933909729625626e-02,-7.525169850702151386e-02,-3.031596905449635004e-02,-1.637341268360614777e-01,7.065256774425506592e+00
2.790000000000000000e+02,2.790000000000001923e-01,4.743339877764054080e+00,1.128049005046627834e-01,-3.866706224591418689e-02,-8.270893829065206759e-02,-7.500191375904408098e-02,-3.044444601318055041e-02,-1.501670563593506813e-01,7.071903616189956665e+00
2.800000000000000000e+02,2.800000000000001932e-01,4.743301776975879847e+00,1.127905330681290424e-01,-3.862246827501681495e-02,-8.186646030977043353e-02,-7.474578696275013812e-02,-3.057249380159469954e-02,-1.625423636287450790e-01,7.062578648328781128e+00
2.810000000000000000e+02,2.810000000000001941e-01,4.743263528010707830e+00,1.127748105991790706e-01,-3.857582957165656828e-02,-8.098146921647811358e-02,-7.448290293497383807e-02,-3.069934971221223788e-02,-1.556269098073244095e-01,7.058733612298965454e+00
2.820000000000000000e+02,2.820000000000001950e-01,4.743225122767785962e+00,1.127577125708861122e-01,-3.852712193006323921e-02,-8.005064032542977270e-02,-7.421309124370556454e-02,-3.082562701781319664e-02,-1.524182129651308060e-01,7.107683598995208740e+00
2.830000000000000000e+02,2.830000000000001958e-01,4.743186572651411304e+00,1.127394510898888091e-01,-3.847644141927520495e-02,-7.907920228563371234e-02,-7.393668511745099536e-02,-3.095079378222695410e-02,-1.595791000872850418e-01,7.172757834196090698e+00
2.840000000000000000e+02,2.840000000000001967e-01,4.743147875880790565e+00,1.127201206102442094e-01,-3.842382003409629959e-02,-7.806910726226683195e-02,-7.365405865983687406e-02,-3.107505155983668679e-02,-1.424327781423926353e-01,7.141662865877151489e+00
2.850000000000000000e+02,2.850000000000001976e-01,4.743109014816737634e+00,1.126995254417237358e-01,-3.836922443665087556e-02,-7.701517839734040027e-02,-7.336533689937740910e-02,-3.119875970846427635e-02,-1.400674823671579361e-01,7.132486730813980103e+00
2.860000000000000000e+02,2.860000000000001985e-01,4.743070009359735550e+00,1.126775031892712359e-01,-3.831259801551875621e-02,-7.591373871003176399e-02,-7.307009078783499589e-02,-3.132169398246496816e-02,-1.290284469723701477e-01,7.122225612401962280e+00
2.870000000000000000e+02,2.870000000000001994e-01,4.743030854828442777e+00,1.126540158158816501e-01,-3.825389759268159329e-02,-7.476376795367759009e-02,-7.276806136002367253e-02,-3.144339243694860286e-02,-1.215438204817473888e-01,7.087010860443115234e+00
2.880000000000000000e+02,2.880000000000002003e-01,4.742991541707323400e+00,1.126293523468691604e-01,-3.819327157929876954e-02,-7.357412285548861619e-02,-7.245976025001676923e-02,-3.156262889625469081e-02,-1.208751592785120010e-01,7.122891604900360107e+00
2.890000000000000000e+02,2.890000000000002012e-01,4.742952064544264879e+00,1.126037903813891239e-01,-3.813091688350597752e-02,-7.235403391832698206e-02,-7.214573400604140652e-02,-3.167796427474291188e-02,-1.105824178084731102e-01,7.126135706901550293e+00
2.900000000000000000e+02,2.900000000000002021e-01,4.742912433990294829e+00,1.125772032491195451e-01,-3.806684491686833371e-02,-7.109886431636015802e-02,-7.182616249177686818e-02,-3.179025778969774008e-02,-1.195436664856970310e-01,7.155968666076660156e+00
2.910000000000000000e+02,2.910000000000002029e-01,4.742872668886699117e+00,1.125492700943143826e-01,-3.800094209048114624e-02,-6.980034519602484888e-02,-7.150054929940519166e-02,-3.189970997602843000e-02,-1.230056711938232183e-01,7.205880165100097656e+00
2.920000000000000000e+02,2.920000000000002038e-01,4.742832760680747661e+00,1.125199825859022479e-01,-3.793321401855256209e-02,-6.845804605176043778e-02,-7.116905922496297165e-02,-3.200660313577970151e-02,-1.464964516926556826e-01,7.171173930168151855e+00
2.930000000000000000e+02,2.930000000000002047e-01,4.742792690498127683e+00,1.124898400105014129e-01,-3.786390111443270479e-02,-6.708628066809285695e-02,-7.083292627465964664e-02,-3.210990860263571861e-02,-1.274170307442545891e-01,7.131477862596511841e+00
2.940000000000000000e+02,2.940000000000002056e-01,4.742752432216454928e+00,1.124594710320328400e-01,-3.779322799944228456e-02,-6.570131761684348815e-02,-7.049304943390044542e-02,-3.220986999797274819e-02,-1.177570181898772717e-01,7.211668044328689575e+00
2.950000000000000000e+02,2.950000000000002065e-01,4.742712010741762185e+00,1.124285605320331782e-01,-3.772113525919745108e-02,-6.429608810216853876e-02,-7.014893612583028570e-02,-3.230663003126840738e-02,-1.198091618716716766e-01,7.205083847045898438e+00
2.960000000000000000e+02,2.960000000000002074e-01,4.742671445335914449e+00,1.123967751670315596e-01,-3.764752313091571101e-02,-6.286461200995482890e-02,-6.980047564797953186e-02,-3.239915921624775957e-02,-1.073146120179444551e-01,7.233120381832122803e+00
2.970000000000000000e+02,2.970000000000002083e-01,4.742630708811805818e+00,1.123645265710362939e-01,-3.757255046730662712e-02,-6.141632143773149977e-02,-6.944834524457266234e-02,-3.248768365203084929e-02,-1.051230188459157944e-01,7.238704502582550049e+00
2.980000000000000000e+02,2.980000000000002092e-01,4.742589809502741005e+00,1.123321412611960751e-01,-3.749631702488644136e-02,-5.995975220094981739e-02,-6.909313345343615076e-02,-3.257150332492166067e-02,-1.025480236858129501e-01,7.257490605115890503e+00
2.990000000000000000e+02,2.990000000000002101e-01,4.742548779578141804e+00,1.122992670678487626e-01,-3.741869804027866953e-02,-5.848128476548010435e-02,-6.873428361273736797e-02,-3.265227209961532595e-02,-1.091718669049441814e-01,7.239433854818344116e+00
3.000000000000000000e+02,3.000000000000002109e-01,4.742507628761257976e+00,1.122658497252342208e-01,-3.733965093583838102e-02,-5.698091445025959406e-02,-6.837179188090236615e-02,-3.273067179953167288e-02,-1.209407402202486992e-01,7.223140239715576172e+00
3.010000000000000000e+02,3.010000000000002118e-01,4.742466333702076930e+00,1.122322603648424483e-01,-3.725933007910957329e-02,-5.546811236138696893e-02,-6.800624285448098050e-02,-3.280637210115060903e-02,-1.252456791698932648e-01,7.234467744827270508e+00
3.020000000000000000e+02,3.020000000000002127e-01,4.742424889075723904e+00,1.121989373304710103e-01,-3.717788024347774140e-02,-5.395272119657674309e-02,-6.763820588032531944e-02,-3.287902136802890035e-02,-1.061195968650281429e-01,7.169352799654006958e+00
3.030000000000000000e+02,3.030000000000002136e-01,4.742383292764550617e+00,1.121660086053011540e-01,-3.709546716410792866e-02,-5.243477727687422679e-02,-6.726835520522955747e-02,-3.295000627853180569e-02,-1.046830476261675358e-01,7.197076201438903809e+00
3.040000000000000000e+02,3.040000000000002145e-01,4.742341577249422180e+00,1.121335326311575648e-01,-3.701218178545952198e-02,-5.091643084687852427e-02,-6.689674288955704817e-02,-3.301942368830290686e-02,-1.162342682946473360e-01,7.209050685167312622e+00
3.050000000000000000e+02,3.050000000000002154e-01,4.742299760359079741e+00,1.121016427798037368e-01,-3.692799291016525542e-02,-4.940045174865318606e-02,-6.652348367403604357e-02,-3.308787516327287709e-02,-1.157616949640214443e-01,7.167357087135314941e+00
3.060000000000000000e+02,3.060000000000002163e-01,4.742257826239787200e+00,1.120705184717304959e-01,-3.684293612078790026e-02,-4.789056010454588452e-02,-6.614886550299692303e-02,-3.315626694189967305e-02,-1.135444067185744643e-01,7.163333237171173096e+00
3.070000000000000000e+02,3.070000000000002172e-01,4.742215765082886669e+00,1.120402595285814040e-01,-3.675718822814111331e-02,-4.639133997073345561e-02,-6.577335224964975247e-02,-3.322405859522070681e-02,-1.070414483547210693e-01,7.198656946420669556e+00
3.080000000000000000e+02,3.080000000000002180e-01,4.742173581455933373e+00,1.120109147402811312e-01,-3.667081659362361745e-02,-4.490612633221618272e-02,-6.539717535592437514e-02,-3.329011858808696850e-02,-9.361175523372367024e-02,7.212195903062820435e+00
3.090000000000000000e+02,3.090000000000002189e-01,4.742131299597349248e+00,1.119825828433346770e-01,-3.658378654191891260e-02,-4.343622367205936252e-02,-6.502041092292154545e-02,-3.335430368153761982e-02,-1.005638372735120356e-01,7.171307682991027832e+00
3.100000000000000000e+02,3.100000000000002198e-01,4.742088935152334983e+00,1.119553579659516851e-01,-3.649612379809259732e-02,-4.198265725479249921e-02,-6.464326157689792574e-02,-3.341734393455531027e-02,-9.446661028778180480e-02,7.169500529766082764e+00
3.110000000000000000e+02,3.110000000000002207e-01,4.742046476891859541e+00,1.119294730718002479e-01,-3.640799482441047646e-02,-4.055183833615200184e-02,-6.426622796632308621e-02,-3.347936261714233586e-02,-8.976837257796432823e-02,7.196456640958786011e+00
3.120000000000000000e+02,3.120000000000002216e-01,4.742003941606900419e+00,1.119048885438660018e-01,-3.631939501253849539e-02,-3.914233888640536452e-02,-6.388928705639185246e-02,-3.354086105402195872e-02,-9.787988936295732856e-02,7.224919915199279785e+00
3.130000000000000000e+02,3.130000000000002225e-01,4.741961340347071285e+00,1.118812165740451919e-01,-3.623016207085080764e-02,-3.774542363238277132e-02,-6.351187762989884966e-02,-3.360205507248154033e-02,-1.113319487776607275e-01,7.221031039953231812e+00
3.140000000000000000e+02,3.140000000000002234e-01,4.741918681912115296e+00,1.118585473274646830e-01,-3.614031412123572956e-02,-3.636261824454035257e-02,-6.313426165503344123e-02,-3.366378388007031791e-02,-1.041666881646960974e-01,7.232789844274520874e+00
3.150000000000000000e+02,3.150000000000002243e-01,4.741875955481541283e+00,1.118375793518479461e-01,-3.605010147746037785e-02,-3.500810248108892492e-02,-6.275755396404747444e-02,-3.372687598187264907e-02,-9.183810665854252875e-02,7.202808707952499390e+00
3.160000000000000000e+02,3.160000000000002252e-01,4.741833164305725212e+00,1.118185788904444006e-01,-3.595971569173535276e-02,-3.368789519878388761e-02,-6.238256581149781432e-02,-3.379139776698063258e-02,-7.071167323010740802e-02,7.205901145935058594e+00
3.170000000000000000e+02,3.170000000000002260e-01,4.741790326201054562e+00,1.118011158097969304e-01,-3.586910161807935898e-02,-3.239290328968350702e-02,-6.200881117831014144e-02,-3.385759758114085388e-02,-8.422197520849294960e-02,7.211484551429748535e+00
3.180000000000000000e+02,3.180000000000002269e-01,4.741747483821293407e+00,1.117849529935424219e-01,-3.577814574300531431e-02,-3.111803335253450140e-02,-6.163585266083071446e-02,-3.392608129727903848e-02,-7.871282528503797948e-02,7.229035049676895142e+00
3.190000000000000000e+02,3.190000000000002278e-01,4.741704624020990799e+00,1.117705461085076041e-01,-3.568697815344602786e-02,-2.987235463423912329e-02,-6.126434439116978936e-02,-3.399767941321181486e-02,-6.716799025889486074e-02,7.171465337276458740e+00
3.200000000000000000e+02,3.200000000000002287e-01,4.741661760667735592e+00,1.117578011647798741e-01,-3.559554673063126257e-02,-2.865243242589845737e-02,-6.089412573218155877e-02,-3.407242724439849685e-02,-6.829379405826330185e-02,7.165614902973175049e+00
3.210000000000000000e+02,3.210000000000002296e-01,4.741618909734268250e+00,1.117466051620260303e-01,-3.550382136072400413e-02,-2.745649013140143840e-02,-6.052478518985271450e-02,-3.415018292183161219e-02,-7.539038686081767082e-02,7.155836105346679688e+00
3.220000000000000000e+02,3.220000000000002305e-01,4.741576068444843806e+00,1.117371699579680772e-01,-3.541192758876113289e-02,-2.628961675137230988e-02,-6.015680602017647871e-02,-3.423070121399288124e-02,-6.737804994918406010e-02,7.162517964839935303e+00
3.230000000000000000e+02,3.230000000000002314e-01,4.741533220175742969e+00,1.117292281915472640e-01,-3.531982683028789261e-02,-2.514571630604358829e-02,-5.978989337124684944e-02,-3.431404461453954613e-02,-7.002577790990471840e-02,7.179696500301361084e+00
3.240000000000000000e+02,3.240000000000002323e-01,4.741490378889542612e+00,1.117223167401116546e-01,-3.522733710196768869e-02,-2.401495653747235531e-02,-5.942326965594624255e-02,-3.439977780015521236e-02,-7.851821696385741234e-02,7.191950142383575439e+00
3.250000000000000000e+02,3.250000000000002331e-01,4.741447539735044181e+00,1.117164159915924049e-01,-3.513455755842666978e-02,-2.289930579532319099e-02,-5.905738604392873903e-02,-3.448762126602481631e-02,-8.230215497314929962e-02,7.177904367446899414e+00
3.260000000000000000e+02,3.260000000000002340e-01,4.741404694285708210e+00,1.117117338789365838e-01,-3.504150097171061101e-02,-2.180354745810644812e-02,-5.869243431431958591e-02,-3.457732843050193017e-02,-9.520505089312791824e-02,7.165146172046661377e+00
3.270000000000000000e+02,3.270000000000002349e-01,4.741361824053322849e+00,1.117084143677850722e-01,-3.494822259786037333e-02,-2.073221019669601109e-02,-5.832862345806688609e-02,-3.466875350356608820e-02,-7.781735807657241821e-02,7.115818709135055542e+00
3.280000000000000000e+02,3.280000000000002358e-01,4.741318905962433661e+00,1.117067354115817562e-01,-3.485487619059706582e-02,-1.969338180509173572e-02,-5.796657365613100410e-02,-3.476178326214925118e-02,-6.904530688188970089e-02,7.087420731782913208e+00
3.290000000000000000e+02,3.290000000000002367e-01,4.741275960110546528e+00,1.117062313558675885e-01,-3.476136534565921199e-02,-1.867659252057011360e-02,-5.760551763967902694e-02,-3.485640174433105726e-02,-6.412154051940888166e-02,7.106305330991744995e+00
3.300000000000000000e+02,3.300000000000002376e-01,4.741233006140328499e+00,1.117065094114944035e-01,-3.466758559533789086e-02,-1.767261299407393155e-02,-5.724479167274654223e-02,-3.495297245381672607e-02,-6.221187906339764595e-02,7.094907522201538086e+00
3.310000000000000000e+02,3.310000000000002385e-01,4.741190054823021249e+00,1.117074042193544336e-01,-3.457341722991401356e-02,-1.667726921809643478e-02,-5.688399544867372981e-02,-3.505119097982729859e-02,-7.215407694457098842e-02,7.094508767127990723e+00
3.320000000000000000e+02,3.320000000000002394e-01,4.741147102858832341e+00,1.117095191841374208e-01,-3.447900707664404429e-02,-1.570430693837588515e-02,-5.652384440131852372e-02,-3.515097284809885064e-02,-7.436820150905987248e-02,7.090216606855392456e+00
3.330000000000000000e+02,3.330000000000002403e-01,4.741104125562483951e+00,1.117130509172937491e-01,-3.438444858069725912e-02,-1.475884109940813795e-02,-5.616474609026478326e-02,-3.525172830558156306e-02,-7.313434768002480268e-02,7.082402974367141724e+00
3.340000000000000000e+02,3.340000000000002411e-01,4.741061115083142319e+00,1.117177780180219487e-01,-3.428973077373718287e-02,-1.383425336610360525e-02,-5.580651448794049507e-02,-3.535418475045499359e-02,-7.613278349163010716e-02,7.045707672834396362e+00
3.350000000000000000e+02,3.350000000000002420e-01,4.741018071581803994e+00,1.117233784549141740e-01,-3.419478730874495054e-02,-1.292453139787192590e-02,-5.544876543055288209e-02,-3.545805203263014543e-02,-8.524187165312469006e-02,7.037384718656539917e+00
3.360000000000000000e+02,3.360000000000002429e-01,4.740974984690626393e+00,1.117298107979814992e-01,-3.409960129695097097e-02,-1.202988468914111680e-02,-5.509127018557880007e-02,-3.556281368316150521e-02,-8.943872526288032532e-02,7.047953218221664429e+00
3.370000000000000000e+02,3.370000000000002438e-01,4.740931841390875867e+00,1.117371607390166693e-01,-3.400422976114492180e-02,-1.115253886516067404e-02,-5.473423149411127397e-02,-3.566866379421041594e-02,-9.080121014267206192e-02,7.063810527324676514e+00
3.380000000000000000e+02,3.380000000000002447e-01,4.740888619887555500e+00,1.117454755882779094e-01,-3.390873224751003723e-02,-1.029433117668005805e-02,-5.437792889182291312e-02,-3.577494144791906749e-02,-7.902896543964743614e-02,7.080812245607376099e+00
3.390000000000000000e+02,3.390000000000002456e-01,4.740845304968033247e+00,1.117547021643248151e-01,-3.381311660200299329e-02,-9.454925532565945645e-03,-5.402245814712847150e-02,-3.588151988069895881e-02,-7.063542166724801064e-02,7.098445028066635132e+00
3.400000000000000000e+02,3.400000000000002465e-01,4.740801905617247236e+00,1.117643726235130891e-01,-3.371723821309031283e-02,-8.624317410390455393e-03,-5.366720572727201599e-02,-3.598790639371308303e-02,-7.059643743559718132e-02,7.106078147888183594e+00
3.410000000000000000e+02,3.410000000000002474e-01,4.740758427579291556e+00,1.117742044145839386e-01,-3.362110611248581016e-02,-7.798486202518772892e-03,-5.331219489891148022e-02,-3.609303047192288089e-02,-5.696665355935692787e-02,7.093340724706649780e+00
3.420000000000000000e+02,3.420000000000002482e-01,4.740714873365077686e+00,1.117844572586153967e-01,-3.352474772066069836e-02,-6.980672234992943773e-03,-5.295762550776950128e-02,-3.619726864752609991e-02,-5.818118201568722725e-02,7.111566722393035889e+00
3.430000000000000000e+02,3.430000000000002491e-01,4.740671254679314828e+00,1.117952218009241050e-01,-3.342816190444800745e-02,-6.172897644068304004e-03,-5.260347931284914402e-02,-3.630036770573195209e-02,-6.235984526574611664e-02,7.098583221435546875e+00
3.440000000000000000e+02,3.440000000000002500e-01,4.740627572434137349e+00,1.118063099490484019e-01,-3.333125221367715801e-02,-5.370156503776609899e-03,-5.224941873717314778e-02,-3.640191388988006649e-02,-6.537319160997867584e-02,7.103595525026321411e+00
3.450000000000000000e+02,3.450000000000002509e-01,4.740583832263156161e+00,1.118175832253914120e-01,-3.323391725921046036e-02,-4.567279026628626865e-03,-5.189494646696002356e-02,-3.650254940198283116e-02,-7.481746887788176537e-02,7.144932538270950317e+00
3.460000000000000000e+02,3.460000000000002518e-01,4.740540028544435458e+00,1.118291415822894874e-01,-3.313621782892419571e-02,-3.765361135916755336e-03,-5.154031804603786959e-02,-3.660277699791449069e-02,-7.433232245966792107e-02,7.127208769321441650e+00
3.470000000000000000e+02,3.470000000000002527e-01,4.740496129368525935e+00,1.118412308677023681e-01,-3.303831669595350129e-02,-2.970918098585250550e-03,-5.118641062749351711e-02,-3.670250195196424203e-02,-7.223279681056737900e-02,7.149546951055526733e+00
3.480000000000000000e+02,3.480000000000002536e-01,4.740452116629830570e+00,1.118541999895713290e-01,-3.294031925726861876e-02,-2.194698108810205772e-03,-5.083372168480515541e-02,-3.680074719111619402e-02,-6.818008795380592346e-02,7.151543587446212769e+00
3.490000000000000000e+02,3.490000000000002545e-01,4.740407976950980817e+00,1.118681472877110228e-01,-3.284226710893132367e-02,-1.441701482627469333e-03,-5.048260736086640499e-02,-3.689707784908303340e-02,-7.509285584092140198e-02,7.176762819290161133e+00
3.500000000000000000e+02,3.500000000000002554e-01,4.740363717806951982e+00,1.118826869178943251e-01,-3.274421378993973286e-02,-7.025293968478951712e-04,-5.013305942384604919e-02,-3.699179692360089061e-02,-8.110442804172635078e-02,7.171226888895034790e+00
3.510000000000000000e+02,3.510000000000002562e-01,4.740319333971217297e+00,1.118975775287946312e-01,-3.264611684423877891e-02,2.847744899445864286e-05,-4.978494096336572028e-02,-3.708529425717072003e-02,-8.349017007276415825e-02,7.279469996690750122e+00
3.520000000000000000e+02,3.520000000000002571e-01,4.740274822835972124e+00,1.119130794398827400e-01,-3.254795066007713095e-02,7.451378538174471822e-04,-4.943827989998172967e-02,-3.717723274191048199e-02,-8.249193150550127029e-02,7.253034561872482300e+00
3.530000000000000000e+02,3.530000000000002580e-01,4.740230149877930899e+00,1.119293192876510828e-01,-3.244990395079822010e-02,1.444802762121520645e-03,-4.909427030658486402e-02,-3.726699322686477522e-02,-8.271392155438661575e-02,7.222037523984909058e+00
3.540000000000000000e+02,3.540000000000002589e-01,4.740185320669559665e+00,1.119462278862024124e-01,-3.235190530935362629e-02,2.130023257055992797e-03,-4.875250191380242626e-02,-3.735500379984751929e-02,-9.691533120349049568e-02,7.296182185411453247e+00
3.550000000000000000e+02,3.550000000000002598e-01,4.740140318152469057e+00,1.119642411536748566e-01,-3.225394559453359511e-02,2.802631946012826974e-03,-4.841275209725726114e-02,-3.744772498513496140e-02,-1.066794297657907009e-01,7.318875312805175781e+00
3.560000000000000000e+02,3.560000000000002607e-01,4.740095097167268179e+00,1.119833763840616531e-01,-3.215607110659664258e-02,3.466489334830499813e-03,-4.807542776699214038e-02,-3.754740641931612888e-02,-1.057220585644245148e-01,7.324112802743911743e+00
3.570000000000000000e+02,3.570000000000002616e-01,4.740049628748210786e+00,1.120040460928744958e-01,-3.205836158008085190e-02,4.108042694221551022e-03,-4.774118427579177038e-02,-3.765306956223625490e-02,-1.062993379309773445e-01,7.303831070661544800e+00
3.580000000000000000e+02,3.580000000000002625e-01,4.740003918941749106e+00,1.120262536849855328e-01,-3.196079207460305466e-02,4.727711936812564048e-03,-4.740995038087492119e-02,-3.776423234226344849e-02,-1.082954546436667442e-01,7.353935629129409790e+00
3.590000000000000000e+02,3.590000000000002633e-01,4.739957961243008278e+00,1.120497121964695170e-01,-3.186343554116093796e-02,5.332407391137387181e-03,-4.708171533491678495e-02,-3.788108316750965487e-02,-9.608104173094034195e-02,7.389357626438140869e+00
3.600000000000000000e+02,3.600000000000002642e-01,4.739911730424040570e+00,1.120745271349660177e-01,-3.176634204929215666e-02,5.915697523548948261e-03,-4.675701462958548049e-02,-3.800256054891566759e-02,-1.112512545660138130e-01,7.409840315580368042e+00
3.610000000000000000e+02,3.610000000000002651e-01,4.739865231541013912e+00,1.121007820841751351e-01,-3.166956789040539094e-02,6.473310099810593299e-03,-4.643629299870699612e-02,-3.812742378590795039e-02,-1.031185574829578400e-01,7.366087049245834351e+00
3.620000000000000000e+02,3.620000000000002660e-01,4.739818420429859458e+00,1.121288066178179194e-01,-3.157324589628999340e-02,6.990457881677871604e-03,-4.612040577237452865e-02,-3.825401405693069912e-02,-8.336934959515929222e-02,7.350637733936309814e+00
3.630000000000000000e+02,3.630000000000002669e-01,4.739771324843227163e+00,1.121582411724620365e-01,-3.147731135906552818e-02,7.475066483253857766e-03,-4.580876561603219876e-02,-3.838173758769362204e-02,-8.867443352937698364e-02,7.340212732553482056e+00
3.640000000000000000e+02,3.640000000000002678e-01,4.739723977683719447e+00,1.121884443518835761e-01,-3.138170711531567542e-02,7.940992643475169865e-03,-4.550081141086925740e-02,-3.851037932150083720e-02,-8.937328774482011795e-02,7.385814219713211060e+00
3.650000000000000000e+02,3.650000000000002687e-01,4.739676385873888620e+00,1.122193463919658463e-01,-3.128640284662281140e-02,8.389603093320733770e-03,-4.519636727697573519e-02,-3.863977063781694199e-02,-9.752817451953887939e-02,7.391281992197036743e+00
3.660000000000000000e+02,3.660000000000002696e-01,4.739628540508468824e+00,1.122514503308704170e-01,-3.119145614816341491e-02,8.807613922641477702e-03,-4.489612972662682111e-02,-3.876920571684262101e-02,-8.847783692181110382e-02,7.384772270917892456e+00
3.670000000000000000e+02,3.670000000000002705e-01,4.739580415213781706e+00,1.122852623836228525e-01,-3.109701392594674263e-02,9.179358565132350947e-03,-4.460095585914203298e-02,-3.889722992470708712e-02,-9.959425311535596848e-02,7.363854467868804932e+00
3.680000000000000000e+02,3.680000000000002713e-01,4.739532020228025999e+00,1.123207186722822298e-01,-3.100307006122767634e-02,9.504451039461148457e-03,-4.431080401904896604e-02,-3.902351984868458051e-02,-1.038891719654202461e-01,7.367965251207351685e+00
3.690000000000000000e+02,3.690000000000002722e-01,4.739483346681065079e+00,1.123572878182722001e-01,-3.090959470024974912e-02,9.791470325226253948e-03,-4.402529409750521872e-02,-3.914737092069676266e-02,-1.029913201928138733e-01,7.373060554265975952e+00
3.700000000000000000e+02,3.700000000000002731e-01,4.739434397751160155e+00,1.123947181021129754e-01,-3.081655702597341229e-02,1.004673096670231566e-02,-4.374420746795792958e-02,-3.926889427916101238e-02,-1.096791252493858337e-01,7.377249181270599365e+00
3.710000000000000000e+02,3.710000000000002740e-01,4.739385181332099073e+00,1.124331666151121151e-01,-3.072397638531448524e-02,1.026800784024672897e-02,-4.346768152020885623e-02,-3.938816490138963289e-02,-9.284768626093864441e-02,7.336451649665832520e+00
3.720000000000000000e+02,3.720000000000002749e-01,4.739335701610468021e+00,1.124728803485110784e-01,-3.063176791882183531e-02,1.045140337603777010e-02,-4.319554289653715351e-02,-3.950505056477410931e-02,-8.615145180374383926e-02,7.316218852996826172e+00
3.730000000000000000e+02,3.730000000000002758e-01,4.739285995360500436e+00,1.125137973701299254e-01,-3.053987182217527546e-02,1.060043906244158111e-02,-4.292732540385912898e-02,-3.961974536410212827e-02,-8.740191999822854996e-02,7.321866035461425781e+00
3.740000000000000000e+02,3.740000000000002767e-01,4.739236082210702250e+00,1.125554600639921132e-01,-3.044818641622902555e-02,1.072660112043475125e-02,-4.266234966228044101e-02,-3.973229978925514605e-02,-9.087769407778978348e-02,7.324380606412887573e+00
3.750000000000000000e+02,3.750000000000002776e-01,4.739185995085445136e+00,1.125982797748053266e-01,-3.035679464195935318e-02,1.082026188721786457e-02,-4.240112257358674697e-02,-3.984303873155747161e-02,-1.118497978895902634e-01,7.312805145978927612e+00
3.760000000000000000e+02,3.760000000000002784e-01,4.739135733136225603e+00,1.126429257362373121e-01,-3.026580966200147563e-02,1.086789364875806983e-02,-4.214431107539851062e-02,-3.995266215200255627e-02,-1.188027877360582352e-01,7.315166294574737549e+00
3.770000000000000000e+02,3.770000000000002793e-01,4.739085266444291733e+00,1.126895663613826093e-01,-3.017526903190460852e-02,1.086462319594520137e-02,-4.189207461297872470e-02,-4.006168842863439689e-02,-1.241845162585377693e-01,7.322799324989318848e+00
3.780000000000000000e+02,3.780000000000002802e-01,4.739034593425773600e+00,1.127376813545652307e-01,-3.008504541802922011e-02,1.082167230516387253e-02,-4.164375424827104766e-02,-4.017026298030237919e-02,-1.244355849921703339e-01,7.294098168611526489e+00
3.790000000000000000e+02,3.790000000000002811e-01,4.738983708488972546e+00,1.127869371178035207e-01,-2.999513715357047042e-02,1.074779386858408167e-02,-4.139918544246978804e-02,-4.027884255689295756e-02,-1.326197115704417229e-01,7.293355315923690796e+00
3.800000000000000000e+02,3.800000000000002820e-01,4.738932622793829985e+00,1.128375405649328228e-01,-2.990561600338470516e-02,1.063887000611090684e-02,-4.115855009685032151e-02,-4.038776536203433215e-02,-1.370931454002857208e-01,7.316713362932205200e+00
3.810000000000000000e+02,3.810000000000002829e-01,4.738881334840097992e+00,1.128901441724656229e-01,-2.981662944814255159e-02,1.047837380811967797e-02,-4.092267462637400044e-02,-4.049665006470104522e-02,-1.449382430873811245e-01,7.344457030296325684e+00
3.820000000000000000e+02,3.820000000000002838e-01,4.738829836649864902e+00,1.129446951249056114e-01,-2.972808377296047577e-02,1.026863585785141135e-02,-4.069129322068065768e-02,-4.060607401091004265e-02,-1.440851250663399696e-01,7.332284748554229736e+00
3.830000000000000000e+02,3.830000000000002847e-01,4.738778120428562168e+00,1.130007159322110322e-01,-2.963986251688820184e-02,1.001951470443117158e-02,-4.046393506100520732e-02,-4.071582545211600151e-02,-1.362274233251810074e-01,7.328603565692901611e+00
3.840000000000000000e+02,3.840000000000002855e-01,4.738726202496835960e+00,1.130579122972821121e-01,-2.955181364279044556e-02,9.739153413672872392e-03,-4.023986020763414828e-02,-4.082632128069191291e-02,-1.332395626232028008e-01,7.330254197120666504e+00
3.850000000000000000e+02,3.850000000000002864e-01,4.738674087768528942e+00,1.131163504376548751e-01,-2.946400105924390847e-02,9.426756319533307477e-03,-4.001927279697792272e-02,-4.093735242811853692e-02,-1.356238657608628273e-01,7.307694494724273682e+00
3.860000000000000000e+02,3.860000000000002873e-01,4.738621773930398184e+00,1.131762309950934547e-01,-2.937645026691040884e-02,9.076986673147536405e-03,-3.980236902734368698e-02,-4.104825887244438476e-02,-1.392670702189207077e-01,7.309056431055068970e+00
3.870000000000000000e+02,3.870000000000002882e-01,4.738569265441132217e+00,1.132368339236515531e-01,-2.928913814096432630e-02,8.690964678712737729e-03,-3.958897661666038736e-02,-4.115143785960333200e-02,-1.444312753155827522e-01,7.311968922615051270e+00
3.880000000000000000e+02,3.880000000000002891e-01,4.738516560502987751e+00,1.132979259162049945e-01,-2.920204806802566277e-02,8.267498113760887724e-03,-3.937906988325678981e-02,-4.124381964779108567e-02,-1.447346713393926620e-01,7.333431333303451538e+00
3.890000000000000000e+02,3.890000000000002900e-01,4.738463664469937164e+00,1.133595123751363898e-01,-2.911513274050592237e-02,7.806781530492645088e-03,-3.917247939757961817e-02,-4.132551732163278202e-02,-1.387520330026745796e-01,7.334450006484985352e+00
3.900000000000000000e+02,3.900000000000002909e-01,4.738410592330143167e+00,1.134212432457980257e-01,-2.902827912332606522e-02,7.319997563837880861e-03,-3.896867623673161418e-02,-4.139812469730719952e-02,-1.404418814927339554e-01,7.261554449796676636e+00
3.910000000000000000e+02,3.910000000000002918e-01,4.738357362601869127e+00,1.134828214160676918e-01,-2.894144562677954460e-02,6.815298182668121096e-03,-3.876734349576826943e-02,-4.146220664560029689e-02,-1.303379368036985397e-01,7.245296388864517212e+00
3.920000000000000000e+02,3.920000000000002927e-01,4.738303984130149971e+00,1.135444847987282790e-01,-2.885476106961257919e-02,6.289456890887789448e-03,-3.856860826478247795e-02,-4.151842399981783838e-02,-1.186461355537176132e-01,7.225444555282592773e+00
3.930000000000000000e+02,3.930000000000002935e-01,4.738250476617239748e+00,1.136062886200718686e-01,-2.876822049940221809e-02,5.746220636128493431e-03,-3.837227710130752811e-02,-4.156892134926266219e-02,-1.077868165448307991e-01,7.250637352466583252e+00
3.940000000000000000e+02,3.940000000000002944e-01,4.738196868073051071e+00,1.136682208876540895e-01,-2.868178984314968122e-02,5.187864383962348391e-03,-3.817808273516321016e-02,-4.161429329496161428e-02,-1.096881357952952385e-01,7.273698747158050537e+00
3.950000000000000000e+02,3.950000000000002953e-01,4.738143174280124548e+00,1.137300820203469981e-01,-2.859535586044282748e-02,4.620734866267892094e-03,-3.798562960498719221e-02,-4.165522927479357873e-02,-1.060849260538816452e-01,7.317945659160614014e+00
3.960000000000000000e+02,3.960000000000002962e-01,4.738089400228915338e+00,1.137923945295540862e-01,-2.850903129502319056e-02,4.036219023613039220e-03,-3.779555213271268421e-02,-4.169257417752196548e-02,-1.109985020011663437e-01,7.307200282812118530e+00
3.970000000000000000e+02,3.970000000000002971e-01,4.738035542862648164e+00,1.138553880978427774e-01,-2.842286142550229378e-02,3.431871616872573388e-03,-3.760823698016202421e-02,-4.172712190528704568e-02,-1.054785121232271194e-01,7.267748147249221802e+00
3.980000000000000000e+02,3.980000000000002980e-01,4.737981612419304156e+00,1.139190292732203957e-01,-2.833675220701663972e-02,2.810722739703161444e-03,-3.742324811878994240e-02,-4.176022223627674779e-02,-9.493097290396690369e-02,7.225431323051452637e+00
3.990000000000000000e+02,3.990000000000002989e-01,4.737927624830324369e+00,1.139829665883644177e-01,-2.825060225894646115e-02,2.181004525541898470e-03,-3.723989739564603774e-02,-4.179282448106236281e-02,-9.385902993381023407e-02,7.258846253156661987e+00
4.000000000000000000e+02,4.000000000000002998e-01,4.737873593153940632e+00,1.140471452762711752e-01,-2.816455258053457422e-02,1.544580166532336790e-03,-3.705841076562488290e-02,-4.182521245604955973e-02,-8.961576037108898163e-02,7.251325517892837524e+00
4.010000000000000000e+02,4.010000000000003006e-01,4.737819510599265094e+00,1.141118792311747038e-01,-2.807877086553120863e-02,8.985041407724679574e-04,-3.687954788934155737e-02,-4.185844291121787464e-02,-8.260534889996051788e-02,7.226800531148910522e+00
4.020000000000000000e+02,4.020000000000003015e-01,4.737765391561718609e+00,1.141775928073066465e-01,-2.799327749741028701e-02,2.353480916689049129e-04,-3.670346741648522482e-02,-4.189345304056171088e-02,-6.405282393097877502e-02,7.236263692378997803e+00
4.030000000000000000e+02,4.030000000000003024e-01,4.737711240798313739e+00,1.142439339475261884e-01,-2.790795634661202493e-02,-4.407438456906151436e-04,-3.652958542215256621e-02,-4.193007238701483563e-02,-6.299115158617496490e-02,7.249504417181015015e+00
4.040000000000000000e+02,4.040000000000003033e-01,4.737657078916428510e+00,1.143107183916552971e-01,-2.782278681167939249e-02,-1.125323385477692423e-03,-3.635779300677666193e-02,-4.196799275087398362e-02,-7.572468183934688568e-02,7.267240583896636963e+00
4.050000000000000000e+02,4.050000000000003042e-01,4.737602902302001873e+00,1.143780500343317963e-01,-2.773780298197301916e-02,-1.818845282464644914e-03,-3.618826777755379531e-02,-4.200736909025448718e-02,-7.353893667459487915e-02,7.273289233446121216e+00
4.060000000000000000e+02,4.060000000000003051e-01,4.737548692744171674e+00,1.144459678135976571e-01,-2.765302302205198057e-02,-2.519793441000495876e-03,-3.602112480472707823e-02,-4.204931911232791253e-02,-7.746497541666030884e-02,7.256190717220306396e+00
4.070000000000000000e+02,4.070000000000003060e-01,4.737494452565723435e+00,1.145142055956649280e-01,-2.756841686105068745e-02,-3.220908934321697892e-03,-3.585617087132764169e-02,-4.209481604177428560e-02,-6.698515638709068298e-02,7.202816665172576904e+00
4.080000000000000000e+02,4.080000000000003069e-01,4.737440182820150447e+00,1.145826758548627450e-01,-2.748391591576607174e-02,-3.923184862907304338e-03,-3.569311589101809012e-02,-4.214281058080254772e-02,-7.884658314287662506e-02,7.260641634464263916e+00
4.090000000000000000e+02,4.090000000000003078e-01,4.737385881792073761e+00,1.146515769550560948e-01,-2.739956190768729621e-02,-4.633606157653836349e-03,-3.553195883091908591e-02,-4.219259849163141396e-02,-6.929490901529788971e-02,7.296383738517761230e+00
4.100000000000000000e+02,4.100000000000003086e-01,4.737331521166567860e+00,1.147210931062151579e-01,-2.731539908106516562e-02,-5.356237447623316689e-03,-3.537317886320678895e-02,-4.224374699410596290e-02,-7.532204128801822662e-02,7.310982555150985718e+00
4.110000000000000000e+02,4.110000000000003095e-01,4.737277108916712720e+00,1.147904799364630746e-01,-2.723125147186061801e-02,-6.072613938691025226e-03,-3.521606421686374055e-02,-4.229728958867259164e-02,-7.724157162010669708e-02,7.270794123411178589e+00
4.120000000000000000e+02,4.120000000000003104e-01,4.737222632978939529e+00,1.148592712281203271e-01,-2.714702303890948604e-02,-6.773919700434543473e-03,-3.506023278039349655e-02,-4.235301816370674877e-02,-6.455355510115623474e-02,7.278550505638122559e+00
4.130000000000000000e+02,4.130000000000003113e-01,4.737168096920750138e+00,1.149275502491932527e-01,-2.706269716693711705e-02,-7.463687918870753890e-03,-3.490550589758401046e-02,-4.241048504189300072e-02,-5.557680316269397736e-02,7.305127203464508057e+00
4.140000000000000000e+02,4.140000000000003122e-01,4.737113512577714403e+00,1.149956710015081068e-01,-2.697832160989358657e-02,-8.149194526521932186e-03,-3.475219300091314523e-02,-4.246896657036292044e-02,-4.496339708566665649e-02,7.312412679195404053e+00
4.150000000000000000e+02,4.150000000000003131e-01,4.737058894298129097e+00,1.150637351115280232e-01,-2.689384814974542237e-02,-8.831293361554661686e-03,-3.460027518385810907e-02,-4.252855421462525820e-02,-3.801121190190315247e-02,7.300526052713394165e+00
4.160000000000000000e+02,4.160000000000003140e-01,4.737004248554072205e+00,1.151312499776950549e-01,-2.680919280532956944e-02,-9.496572354584759124e-03,-3.444931626987868256e-02,-4.259026691584809343e-02,-3.812677226960659027e-02,7.281989693641662598e+00
4.170000000000000000e+02,4.170000000000003149e-01,4.736949588292776347e+00,1.151978141949996787e-01,-2.672430586407560649e-02,-1.013671743408093087e-02,-3.429898991454094492e-02,-4.265455866061666768e-02,-4.076119326055049896e-02,7.292716145515441895e+00
4.180000000000000000e+02,4.180000000000003157e-01,4.736894922637008953e+00,1.152636256479780685e-01,-2.663919107897460420e-02,-1.075613965039345227e-02,-3.414929827417245711e-02,-4.272087888303982561e-02,-4.806371964514255524e-02,7.306502431631088257e+00
4.190000000000000000e+02,4.190000000000003166e-01,4.736840215037287471e+00,1.153285624789648911e-01,-2.655390101247826970e-02,-1.135591171973574648e-02,-3.400048258730681283e-02,-4.278779108900508665e-02,-4.198860749602317810e-02,7.295480430126190186e+00
4.200000000000000000e+02,4.200000000000003175e-01,4.736785443329988965e+00,1.153922780492102895e-01,-2.646837985875851243e-02,-1.193093200223888962e-02,-3.385235143784770528e-02,-4.285411837196639873e-02,-4.795331507921218872e-02,7.304598599672317505e+00
4.210000000000000000e+02,4.210000000000003184e-01,4.736730604815797996e+00,1.154544081181582277e-01,-2.638263609889110115e-02,-1.247278378975682361e-02,-3.370477713712727308e-02,-4.292001021590524656e-02,-3.582959249615669250e-02,7.273208707571029663e+00
4.220000000000000000e+02,4.220000000000003193e-01,4.736675678779921128e+00,1.155147533316387143e-01,-2.629665190187124163e-02,-1.297739303323818504e-02,-3.355770151326775697e-02,-4.298519240874584812e-02,-2.951009385287761688e-02,7.301293343305587769e+00
4.230000000000000000e+02,4.230000000000003202e-01,4.736620665754994519e+00,1.155736674866943980e-01,-2.621058982348103625e-02,-1.345395196613257370e-02,-3.341165044714777821e-02,-4.304878030683909063e-02,-3.709909319877624512e-02,7.331827968358993530e+00
4.240000000000000000e+02,4.240000000000003211e-01,4.736565573051970901e+00,1.156311585021120164e-01,-2.612445217591630175e-02,-1.390035256230728357e-02,-3.326675428815795144e-02,-4.311140492791268319e-02,-4.207000695168972015e-02,7.312089294195175171e+00
4.250000000000000000e+02,4.250000000000003220e-01,4.736510385332294959e+00,1.156870953263742785e-01,-2.603827404166796783e-02,-1.431205193791899172e-02,-3.312322757651275928e-02,-4.317329381676236755e-02,-4.674106463789939880e-02,7.291761159896850586e+00
4.260000000000000000e+02,4.260000000000003229e-01,4.736455080534874185e+00,1.157416103520940431e-01,-2.595210244771938360e-02,-1.469389345105236860e-02,-3.298120773008905715e-02,-4.323378942387000323e-02,-5.735212564468383789e-02,7.277267515659332275e+00
4.270000000000000000e+02,4.270000000000003237e-01,4.736399646580526479e+00,1.157947102147746099e-01,-2.586600578233190159e-02,-1.504597466858121832e-02,-3.284083756925570974e-02,-4.329265561927650441e-02,-4.994870163500308990e-02,7.280877143144607544e+00
4.280000000000000000e+02,4.280000000000003246e-01,4.736344073896027851e+00,1.158463147123041104e-01,-2.578001293799248722e-02,-1.536421398897432414e-02,-3.270211802827560632e-02,-4.335101241972923181e-02,-5.155359022319316864e-02,7.284189522266387939e+00
4.290000000000000000e+02,4.290000000000003255e-01,4.736288358016433442e+00,1.158962371094019589e-01,-2.569415450241687576e-02,-1.564628759967760796e-02,-3.256514069887850304e-02,-4.340771462695049154e-02,-4.226991720497608185e-02,7.300284862518310547e+00
4.300000000000000000e+02,4.300000000000003264e-01,4.736232495195321412e+00,1.159446472252994298e-01,-2.560843471832039211e-02,-1.589682618098836250e-02,-3.243001102061260355e-02,-4.346270141341605775e-02,-4.003365151584148407e-02,7.279119372367858887e+00
4.310000000000000000e+02,4.310000000000003273e-01,4.736176490486343482e+00,1.159915072660173130e-01,-2.552283384105096670e-02,-1.611268940658162202e-02,-3.229671711022041869e-02,-4.351642005684233649e-02,-4.962001927196979523e-02,7.241653084754943848e+00
4.320000000000000000e+02,4.320000000000003282e-01,4.736120349262371576e+00,1.160365901339517058e-01,-2.543728198317235165e-02,-1.628893287491939290e-02,-3.216488241286175054e-02,-4.356879611103049027e-02,-4.959085769951343536e-02,7.268009543418884277e+00
4.330000000000000000e+02,4.330000000000003291e-01,4.736064067934634636e+00,1.160800509137717013e-01,-2.535182041971403497e-02,-1.642945188877472165e-02,-3.203453625458374532e-02,-4.361997164371873847e-02,-4.458776675164699554e-02,7.265219897031784058e+00
4.340000000000000000e+02,4.340000000000003300e-01,4.736007647017391520e+00,1.161219904466870151e-01,-2.526642516750044268e-02,-1.653588175362416882e-02,-3.190576234291397917e-02,-4.367018512096482175e-02,-4.649043641984462738e-02,7.274261981248855591e+00
4.350000000000000000e+02,4.350000000000003308e-01,4.735951080051383322e+00,1.161626326738980225e-01,-2.518121582019084218e-02,-1.661661711204265313e-02,-3.177904988825619448e-02,-4.371846813055626363e-02,-5.225847288966178894e-02,7.284126132726669312e+00
4.360000000000000000e+02,4.360000000000003317e-01,4.735894365623655844e+00,1.162018833278470609e-01,-2.509618045884740370e-02,-1.666886538333277323e-02,-3.165437637421675277e-02,-4.376473936771786699e-02,-5.597703345119953156e-02,7.280582815408706665e+00
4.370000000000000000e+02,4.370000000000003326e-01,4.735837484606016723e+00,1.162400068611887660e-01,-2.501149925862827458e-02,-1.670201776435405183e-02,-3.153251371498155819e-02,-4.380895610475124546e-02,-5.681248754262924194e-02,7.263378053903579712e+00
4.380000000000000000e+02,4.380000000000003335e-01,4.735780423492592206e+00,1.162769096337602226e-01,-2.492710448361239173e-02,-1.671476858620271622e-02,-3.141320543479109162e-02,-4.385061924981580039e-02,-3.928101342171430588e-02,7.256863236427307129e+00
4.390000000000000000e+02,4.390000000000003344e-01,4.735723184104295491e+00,1.163124090030341895e-01,-2.484289285248443210e-02,-1.670334632352215437e-02,-3.129598946755240974e-02,-4.388959687518029229e-02,-4.820695053786039352e-02,7.252924740314483643e+00
4.400000000000000000e+02,4.400000000000003353e-01,4.735665768689934829e+00,1.163466736303763044e-01,-2.475891386116516046e-02,-1.667487519688776176e-02,-3.118108805195229927e-02,-4.392544947599477667e-02,-4.565696418285369873e-02,7.196345686912536621e+00
4.410000000000000000e+02,4.410000000000003362e-01,4.735608163771647838e+00,1.163798274943174532e-01,-2.467527018009076437e-02,-1.663506653163496912e-02,-3.106888235274962717e-02,-4.395715891127316421e-02,-4.326011613011360168e-02,7.212076812982559204e+00
4.420000000000000000e+02,4.420000000000003371e-01,4.735550374239022808e+00,1.164115478157944916e-01,-2.459197591483579595e-02,-1.657505307732722380e-02,-3.095905878461202576e-02,-4.398490272080808616e-02,-4.821046721190214157e-02,7.207812845706939697e+00
4.430000000000000000e+02,4.430000000000003380e-01,4.735492395438226865e+00,1.164415908602728089e-01,-2.450900794816620112e-02,-1.649042500595975652e-02,-3.085157219029821540e-02,-4.400848553819466241e-02,-5.034406390041112900e-02,7.186855107545852661e+00
4.440000000000000000e+02,4.440000000000003388e-01,4.735434230117324894e+00,1.164700697565609483e-01,-2.442635473652762096e-02,-1.638448925797550415e-02,-3.074640697628572283e-02,-4.402764234066753463e-02,-5.367195419967174530e-02,7.167796581983566284e+00
4.450000000000000000e+02,4.450000000000003397e-01,4.735375879899757834e+00,1.164969468950899367e-01,-2.434400647350980218e-02,-1.625442783607189065e-02,-3.064341497883793508e-02,-4.404285667654375680e-02,-5.869752354919910431e-02,7.167451769113540649e+00
4.460000000000000000e+02,4.460000000000003406e-01,4.735317342072548286e+00,1.165222322016596784e-01,-2.426199502950250608e-02,-1.609919044238903446e-02,-3.054261308846473177e-02,-4.405450076780870888e-02,-5.727166961878538132e-02,7.176999032497406006e+00
4.470000000000000000e+02,4.470000000000003415e-01,4.735258614718659942e+00,1.165460039315014684e-01,-2.418034072026091150e-02,-1.592022179856678044e-02,-3.044409034544681703e-02,-4.406250572374408730e-02,-6.621492095291614532e-02,7.149109929800033569e+00
4.480000000000000000e+02,4.480000000000003424e-01,4.735199692819772821e+00,1.165682852159304339e-01,-2.409902899174849733e-02,-1.571766050662697090e-02,-3.034785641067982986e-02,-4.406703491702804870e-02,-7.572458125650882721e-02,7.123909592628479004e+00
4.490000000000000000e+02,4.490000000000003433e-01,4.735140568053698651e+00,1.165891340413168914e-01,-2.401811136395496857e-02,-1.549110271750150578e-02,-3.025396844974248545e-02,-4.406907305872993785e-02,-7.710465230047702789e-02,7.101912915706634521e+00
4.500000000000000000e+02,4.500000000000003442e-01,4.735081226680792454e+00,1.166084326489654766e-01,-2.393762092175635847e-02,-1.523826394369365983e-02,-3.016240291397065398e-02,-4.406850200148826335e-02,-7.209431938827037811e-02,7.108641237020492554e+00
4.510000000000000000e+02,4.510000000000003451e-01,4.735021677550220076e+00,1.166262897705557383e-01,-2.385753985170175479e-02,-1.495931042962678377e-02,-3.007301665010486680e-02,-4.406622471422239756e-02,-6.767428852617740631e-02,7.112641036510467529e+00
4.520000000000000000e+02,4.520000000000003459e-01,4.734961912516298277e+00,1.166427092912361713e-01,-2.377792245849336475e-02,-1.465618087822241622e-02,-2.998603610768002525e-02,-4.406117278596354686e-02,-7.738022133708000183e-02,7.115376174449920654e+00
4.530000000000000000e+02,4.530000000000003468e-01,4.734901942879353953e+00,1.166576163699050428e-01,-2.369869683698168361e-02,-1.432603396862627311e-02,-2.990122418789642467e-02,-4.405346177473289798e-02,-7.972274161875247955e-02,7.109896570444107056e+00
4.540000000000000000e+02,4.540000000000003477e-01,4.734841751972413526e+00,1.166711038090632452e-01,-2.361989690397294991e-02,-1.397277313915503208e-02,-2.981875457532168205e-02,-4.404293382084994990e-02,-6.652640365064144135e-02,7.030815511941909790e+00
4.550000000000000000e+02,4.550000000000003486e-01,4.734781343721914837e+00,1.166832201044957079e-01,-2.354157079642633238e-02,-1.359610206314291331e-02,-2.973877095147647864e-02,-4.402996660951105645e-02,-6.434929743409156799e-02,7.012851893901824951e+00
4.560000000000000000e+02,4.560000000000003495e-01,4.734720743631075202e+00,1.166940898805615273e-01,-2.346370750833225161e-02,-1.319894199917361760e-02,-2.966090282833699909e-02,-4.401487379321187415e-02,-6.303253024816513062e-02,6.998072624206542969e+00
4.570000000000000000e+02,4.570000000000003504e-01,4.734659958857341699e+00,1.167035257309340102e-01,-2.338627778123843204e-02,-1.277615367081508767e-02,-2.958493040908471983e-02,-4.399778214775541818e-02,-5.692904256284236908e-02,7.004673749208450317e+00
4.580000000000000000e+02,4.580000000000003513e-01,4.734598986935195875e+00,1.167117826961223126e-01,-2.330935512523250874e-02,-1.233439634905362375e-02,-2.951110008027013620e-02,-4.397878094707152741e-02,-4.477203637361526489e-02,6.969904065132141113e+00
4.590000000000000000e+02,4.590000000000003522e-01,4.734537809660507968e+00,1.167190080746064035e-01,-2.323307884153336458e-02,-1.188288171874473526e-02,-2.943998719511409234e-02,-4.395652892156642205e-02,-4.979843460023403168e-02,6.947131723165512085e+00
4.600000000000000000e+02,4.600000000000003531e-01,4.734476429885115856e+00,1.167249386587072141e-01,-2.315745667818827624e-02,-1.141750112768678826e-02,-2.937141980765778371e-02,-4.393062173682476396e-02,-4.435412213206291199e-02,6.963532567024230957e+00
4.610000000000000000e+02,4.610000000000003539e-01,4.734414825816712913e+00,1.167296016093025274e-01,-2.308256655871685631e-02,-1.094246103898551675e-02,-2.930559055927095535e-02,-4.390043594372404490e-02,-2.987738698720932007e-02,6.914016216993331909e+00
4.620000000000000000e+02,4.620000000000003548e-01,4.734353005363479916e+00,1.167331174323334719e-01,-2.300836078339517018e-02,-1.046133793894923197e-02,-2.924245469297392930e-02,-4.386587369976256007e-02,-3.683685138821601868e-02,6.871869742870330811e+00
4.630000000000000000e+02,4.630000000000003557e-01,4.734290993267237901e+00,1.167352563271680799e-01,-2.293482565258577605e-02,-9.969107148803918461e-03,-2.918169520397784211e-02,-4.382682819186034529e-02,-4.633913747966289520e-02,6.877291679382324219e+00
4.640000000000000000e+02,4.640000000000003566e-01,4.734228797116478482e+00,1.167358152749786160e-01,-2.286197715672600925e-02,-9.460646487949406214e-03,-2.912313049815762334e-02,-4.378336938712395349e-02,-4.909767955541610718e-02,6.874763369560241699e+00
4.650000000000000000e+02,4.650000000000003575e-01,4.734166406395782012e+00,1.167349897766967737e-01,-2.278993808270133106e-02,-8.937691204670531603e-03,-2.906722021331598071e-02,-4.373622701124933732e-02,-4.910100065171718597e-02,6.897822588682174683e+00
4.660000000000000000e+02,4.660000000000003584e-01,4.734103830794566647e+00,1.167329881944697417e-01,-2.271865825712200346e-02,-8.405426920386909612e-03,-2.901383520326006327e-02,-4.368523530230883356e-02,-5.414493381977081299e-02,6.900817990303039551e+00
4.670000000000000000e+02,4.670000000000003593e-01,4.734041074651428538e+00,1.167301158148040252e-01,-2.264812164503569522e-02,-7.871558301814629566e-03,-2.896309790137197027e-02,-4.363017694718218653e-02,-5.882034450769424438e-02,6.842629849910736084e+00
4.680000000000000000e+02,4.680000000000003602e-01,4.733978127910616784e+00,1.167262700241891160e-01,-2.257832786906302860e-02,-7.333335169139466175e-03,-2.891500451165374130e-02,-4.357119901977507537e-02,-7.387305982410907745e-02,6.790797621011734009e+00
4.690000000000000000e+02,4.690000000000003610e-01,4.733914973965928752e+00,1.167213977188726187e-01,-2.250932752979738216e-02,-6.790526056345041334e-03,-2.886944951136349857e-02,-4.350811215357293371e-02,-7.897534780204296112e-02,6.795585930347442627e+00
4.700000000000000000e+02,4.700000000000003619e-01,4.733851605331335755e+00,1.167159717040289618e-01,-2.244117700973165958e-02,-6.256164284538196646e-03,-2.882648215971284067e-02,-4.344089413930637966e-02,-9.890136495232582092e-02,6.798771977424621582e+00
4.710000000000000000e+02,4.710000000000003628e-01,4.733788021623628772e+00,1.167098649264590865e-01,-2.237382372380370896e-02,-5.727813275693983269e-03,-2.878593088507686026e-02,-4.336916248413048847e-02,-9.020881727337837219e-02,6.810209095478057861e+00
4.720000000000000000e+02,4.720000000000003637e-01,4.733724195353072872e+00,1.167025336704860805e-01,-2.230713588866929317e-02,-5.191147481529094498e-03,-2.874727154097600490e-02,-4.329336621582723088e-02,-9.165953751653432846e-02,6.798269957304000854e+00
4.730000000000000000e+02,4.730000000000003646e-01,4.733660134293365296e+00,1.166940706385941606e-01,-2.224116402120310948e-02,-4.648736260838157164e-03,-2.871074896362468820e-02,-4.321303276692117085e-02,-8.605081774294376373e-02,6.812540739774703979e+00
4.740000000000000000e+02,4.740000000000003655e-01,4.733595846572049126e+00,1.166849139780010564e-01,-2.217600053989404393e-02,-4.111195852204305168e-03,-2.867669565227126682e-02,-4.312818457601318156e-02,-7.001925539225339890e-02,6.742561697959899902e+00
4.750000000000000000e+02,4.750000000000003664e-01,4.733531336625453001e+00,1.166752550471540778e-01,-2.211161998489498404e-02,-3.583183235400952404e-03,-2.864512846920197475e-02,-4.303888497759879306e-02,-6.039038300514221191e-02,6.718758523464202881e+00
4.760000000000000000e+02,4.760000000000003673e-01,4.733466640223953803e+00,1.166647321009556537e-01,-2.204793447133515313e-02,-3.053950882460652883e-03,-2.861535274399407136e-02,-4.294555484688941660e-02,-8.327797148376703262e-02,6.697304964065551758e+00
4.770000000000000000e+02,4.770000000000003681e-01,4.733401799987312586e+00,1.166530522223242078e-01,-2.198481003711262594e-02,-2.513250845824453739e-03,-2.858675065123650327e-02,-4.284919080618999898e-02,-7.649030350148677826e-02,6.665342986583709717e+00
4.780000000000000000e+02,4.780000000000003690e-01,4.733336804806725695e+00,1.166402713368493854e-01,-2.192230095744246779e-02,-1.960038443900847388e-03,-2.855940491242425772e-02,-4.275048433769686185e-02,-6.900696456432342529e-02,6.680154025554656982e+00
4.790000000000000000e+02,4.790000000000003699e-01,4.733271661619464332e+00,1.166267858221462506e-01,-2.186047677638806169e-02,-1.401181292365230591e-03,-2.853344560533566110e-02,-4.264975308308961710e-02,-6.721154414117336273e-02,6.690468788146972656e+00
4.800000000000000000e+02,4.800000000000003708e-01,4.733206377093340578e+00,1.166128121749825802e-01,-2.179934615344962523e-02,-8.416780516015964775e-04,-2.850900630837172045e-02,-4.254704185766929048e-02,-5.346381105482578278e-02,6.701159685850143433e+00
4.810000000000000000e+02,4.810000000000003717e-01,4.733140968126330783e+00,1.165982628748429839e-01,-2.173890940447336523e-02,-2.782146385272889211e-04,-2.848612036587039320e-02,-4.244299671021950493e-02,-4.148413427174091339e-02,6.617142051458358765e+00
4.820000000000000000e+02,4.820000000000003726e-01,4.733075417015926156e+00,1.165832645412254315e-01,-2.167920576605967403e-02,2.832849734346644388e-04,-2.846500363482595830e-02,-4.233678093467486969e-02,-2.852954529225826263e-02,6.641147196292877197e+00
4.830000000000000000e+02,4.830000000000003735e-01,4.733009731265060083e+00,1.165686386503531485e-01,-2.162019013841063111e-02,8.392251359506941455e-04,-2.844512454478853591e-02,-4.223617546663398920e-02,-1.822305656969547272e-02,6.635709583759307861e+00
4.840000000000000000e+02,4.840000000000003744e-01,4.732943905883890245e+00,1.165546074236431945e-01,-2.156191812768476490e-02,1.391318299974964035e-03,-2.842675580121190038e-02,-4.214484355309309344e-02,-1.742851734161376953e-02,6.625391453504562378e+00
4.850000000000000000e+02,4.850000000000003753e-01,4.732877944113662139e+00,1.165409519861674431e-01,-2.150435207045383809e-02,1.945610988257517882e-03,-2.840969934132497876e-02,-4.206264793709726946e-02,-2.257225383073091507e-02,6.626641809940338135e+00
4.860000000000000000e+02,4.860000000000003761e-01,4.732811853117024015e+00,1.165277607229874279e-01,-2.144745560358948464e-02,2.499177616410924035e-03,-2.839379269429076480e-02,-4.198883899763507233e-02,-3.073064889758825302e-02,6.642686337232589722e+00
4.870000000000000000e+02,4.870000000000003770e-01,4.732745633321228773e+00,1.165149816370168179e-01,-2.139121775886158525e-02,3.054516335099101421e-03,-2.837898220596124510e-02,-4.192359793329322737e-02,-2.702307235449552536e-02,6.661181092262268066e+00
4.880000000000000000e+02,4.880000000000003779e-01,4.732679228568439811e+00,1.165026847195526211e-01,-2.133575028857264549e-02,3.606025568792033120e-03,-2.836573256913910157e-02,-4.186560395887667374e-02,-2.860135398805141449e-02,6.599370032548904419e+00
4.890000000000000000e+02,4.890000000000003788e-01,4.732612656114648431e+00,1.164904939831689912e-01,-2.128094131394980132e-02,4.164950057101102221e-03,-2.835369576976987105e-02,-4.181478764581596230e-02,-3.027728013694286346e-02,6.625213503837585449e+00
4.900000000000000000e+02,4.900000000000003797e-01,4.732545918377680572e+00,1.164778278251813598e-01,-2.122667383102460129e-02,4.744338052601545369e-03,-2.834212405683800284e-02,-4.177051031440601192e-02,-2.521365974098443985e-02,6.660611599683761597e+00
4.910000000000000000e+02,4.910000000000003806e-01,4.732478999556050780e+00,1.164649632729144596e-01,-2.117302278989072542e-02,5.334872403127948609e-03,-2.833143608571764283e-02,-4.173131266477418666e-02,-1.871660538017749786e-02,6.726931691169738770e+00
4.920000000000000000e+02,4.920000000000003815e-01,4.732411912097318485e+00,1.164524955050730143e-01,-2.112014701740652645e-02,5.919285394255197758e-03,-2.832241289494397130e-02,-4.169548753301902111e-02,-2.862655743956565857e-02,6.710679441690444946e+00
4.930000000000000000e+02,4.930000000000003824e-01,4.732344661135450714e+00,1.164404406325084129e-01,-2.106812389175152095e-02,6.497188301230652496e-03,-2.831562105840657040e-02,-4.166305585935610456e-02,-2.345469407737255096e-02,6.708991944789886475e+00
4.940000000000000000e+02,4.940000000000003832e-01,4.732277247069467840e+00,1.164285911050520761e-01,-2.101691522943693186e-02,7.073801273780901816e-03,-2.831082598340950440e-02,-4.163456551337635370e-02,-2.509593777358531952e-02,6.695763647556304932e+00
4.950000000000000000e+02,4.950000000000003841e-01,4.732209674350866813e+00,1.164165442125791872e-01,-2.096643527333132487e-02,7.657854213631236362e-03,-2.830769665186938511e-02,-4.160919355297421074e-02,-2.792788483202457428e-02,6.713833898305892944e+00
4.960000000000000000e+02,4.960000000000003850e-01,4.732141924501027219e+00,1.164046658890895009e-01,-2.091672158294931652e-02,8.237213850156598072e-03,-2.830635034323969457e-02,-4.158581551269110305e-02,-2.899817191064357758e-02,6.698800057172775269e+00
4.970000000000000000e+02,4.970000000000003859e-01,4.732073984121653254e+00,1.163931169881130961e-01,-2.086778632014131898e-02,8.806231868711222183e-03,-2.830694113494947040e-02,-4.156318460936539450e-02,-1.675391383469104767e-02,6.713729321956634521e+00
4.980000000000000000e+02,4.980000000000003868e-01,4.732005884961925979e+00,1.163818767245500818e-01,-2.081960080826211409e-02,9.365213538025649043e-03,-2.830930758837868488e-02,-4.154058077376710650e-02,-1.678773760795593262e-02,6.727562069892883301e+00
4.990000000000000000e+02,4.990000000000003877e-01,4.731937666448146729e+00,1.163709414862263425e-01,-2.077217001386742756e-02,9.913921582440074487e-03,-2.831353245326084789e-02,-4.151844713809035858e-02,-2.572937309741973877e-02,6.719469100236892700e+00
5.000000000000000000e+02,5.000000000000003331e-01,4.731869335939248522e+00,1.163602569918689433e-01,-2.072548686570626839e-02,1.045408223074829543e-02,-2.831965141696191068e-02,-4.149660467413239517e-02,-1.797116547822952271e-02,6.743380755186080933e+00
5.010000000000000000e+02,5.010000000000003340e-01,4.731800902091017669e+00,1.163500064495567310e-01,-2.067957901337292431e-02,1.098178042024957127e-02,-2.832772499546654110e-02,-4.147597510218201111e-02,-1.501242071390151978e-02,6.729458153247833252e+00
5.020000000000000000e+02,5.020000000000003348e-01,4.731732380230602608e+00,1.163400861683565879e-01,-2.063445664338998606e-02,1.150014686003761853e-02,-2.833788300956996409e-02,-4.145671895663949336e-02,-1.496454887092113495e-02,6.735690206289291382e+00
5.030000000000000000e+02,5.030000000000003357e-01,4.731663817578415809e+00,1.163306543324499204e-01,-2.059019477279567731e-02,1.200706265856618833e-02,-2.835031008761323967e-02,-4.143961322001833703e-02,-1.127156894654035568e-02,6.705692142248153687e+00
5.040000000000000000e+02,5.040000000000003366e-01,4.731595254160032127e+00,1.163221691471890418e-01,-2.054686630488512453e-02,1.249105382078762559e-02,-2.836531854339341407e-02,-4.142451913715192169e-02,-1.464739535003900528e-02,6.711039036512374878e+00
5.050000000000000000e+02,5.050000000000003375e-01,4.731526677610795595e+00,1.163147696240837969e-01,-2.050454634833049489e-02,1.295099387793359307e-02,-2.838300218401124120e-02,-4.141227408019448886e-02,-2.125961612910032272e-02,6.719249516725540161e+00
5.060000000000000000e+02,5.060000000000003384e-01,4.731458049819147860e+00,1.163081634360501743e-01,-2.046324215483193501e-02,1.339348590763313543e-02,-2.840336905185192329e-02,-4.140335498340246001e-02,-2.159116789698600769e-02,6.745937377214431763e+00
5.070000000000000000e+02,5.070000000000003393e-01,4.731389358429209935e+00,1.163020218398962274e-01,-2.042293563545167015e-02,1.382707402579507784e-02,-2.842635988564379268e-02,-4.139800039162539608e-02,-2.499585319310426712e-02,6.707301944494247437e+00
5.080000000000000000e+02,5.080000000000003402e-01,4.731320590548262039e+00,1.162965623893941897e-01,-2.038368373991675947e-02,1.424465449729213351e-02,-2.845230825558897614e-02,-4.139568957764290513e-02,-3.383184038102626801e-02,6.708649277687072754e+00
5.090000000000000000e+02,5.090000000000003411e-01,4.731251742203261834e+00,1.162916593332856685e-01,-2.034545849254339872e-02,1.465049850392420062e-02,-2.848091892834569983e-02,-4.139638692439012724e-02,-3.501727432012557983e-02,6.739559262990951538e+00
5.100000000000000000e+02,5.100000000000003419e-01,4.731182820056883287e+00,1.162873542599317245e-01,-2.030827145791661709e-02,1.504324971852090582e-02,-2.851223675598535401e-02,-4.140008837650243495e-02,-4.053776990622282028e-02,6.752419203519821167e+00
5.110000000000000000e+02,5.110000000000003428e-01,4.731113831524048408e+00,1.162833986676455322e-01,-2.027212550853244380e-02,1.542634455925745267e-02,-2.854641027420723454e-02,-4.140594821178004981e-02,-5.496398732066154480e-02,6.730987697839736938e+00
5.120000000000000000e+02,5.120000000000003437e-01,4.731044766476360408e+00,1.162794960768058355e-01,-2.023702467264211491e-02,1.580474741050199444e-02,-2.858349831433715238e-02,-4.141343213943204232e-02,-4.877309221774339676e-02,6.691514194011688232e+00
5.130000000000000000e+02,5.130000000000003446e-01,4.730975608482816064e+00,1.162757239103612839e-01,-2.020299010721865463e-02,1.617825512047237416e-02,-2.862346835519158361e-02,-4.142266622949392074e-02,-4.758529178798198700e-02,6.686245799064636230e+00
5.140000000000000000e+02,5.140000000000003455e-01,4.730906366339465485e+00,1.162718171435251635e-01,-2.017000091831652742e-02,1.655406932319335861e-02,-2.866605267651567424e-02,-4.143301948401313661e-02,-4.338628146797418594e-02,6.687267303466796875e+00
5.150000000000000000e+02,5.150000000000003464e-01,4.730837058450529931e+00,1.162669606990378302e-01,-2.013802345740387315e-02,1.693380165116883940e-02,-2.871121140268972916e-02,-4.143621155955314050e-02,-3.179357293993234634e-02,6.717715740203857422e+00
5.160000000000000000e+02,5.160000000000003473e-01,4.730767697106207592e+00,1.162606143816880266e-01,-2.010703170897635769e-02,1.732448665618264300e-02,-2.875890090104293861e-02,-4.142864587171649071e-02,-4.282747860997915268e-02,6.704168617725372314e+00
5.170000000000000000e+02,5.170000000000003482e-01,4.730698291826056057e+00,1.162527249438468774e-01,-2.007699900247340852e-02,1.772714491912072768e-02,-2.880919362775857806e-02,-4.140989343111817211e-02,-4.200302809476852417e-02,6.696322023868560791e+00
5.180000000000000000e+02,5.180000000000003491e-01,4.730628834929630600e+00,1.162431297187080936e-01,-2.004797586891260419e-02,1.814507313774454955e-02,-2.886220050250454250e-02,-4.137983795340125642e-02,-4.090804792940616608e-02,6.675352722406387329e+00
5.190000000000000000e+02,5.190000000000003499e-01,4.730559335694821677e+00,1.162319712890640816e-01,-2.001998728837492761e-02,1.857592977688073826e-02,-2.891798276156642977e-02,-4.133893598599638897e-02,-5.224277451634407043e-02,6.639460980892181396e+00
5.200000000000000000e+02,5.200000000000003508e-01,4.730489800532428291e+00,1.162197297815045355e-01,-1.999310913682667695e-02,1.900881167185549531e-02,-2.897672260099981578e-02,-4.128762648260729529e-02,-6.294484250247478485e-02,6.628532767295837402e+00
5.210000000000000000e+02,5.210000000000003517e-01,4.730420226358662106e+00,1.162064741015597646e-01,-1.996734515856979017e-02,1.944422622740013540e-02,-2.903825662043901801e-02,-4.122698285695287207e-02,-9.381330199539661407e-02,6.651077270507812500e+00
5.220000000000000000e+02,5.220000000000003526e-01,4.730350613121424352e+00,1.161922811484825679e-01,-1.994263714553540581e-02,1.988452393795422588e-02,-2.910231285490083586e-02,-4.115923598903109548e-02,-1.038764417171478271e-01,6.633558779954910278e+00
5.230000000000000000e+02,5.230000000000003535e-01,4.730280943098169821e+00,1.161774942720117665e-01,-1.991905189236941112e-02,2.032038441002733536e-02,-2.916923882128275025e-02,-4.108467201992978268e-02,-1.048647966235876083e-01,6.602665781974792480e+00
5.240000000000000000e+02,5.240000000000003544e-01,4.730211220290764018e+00,1.161626395310171589e-01,-1.989670259276940870e-02,2.073817515914422663e-02,-2.923934439995590218e-02,-4.100365040688301599e-02,-1.072091329842805862e-01,6.568933784961700439e+00
5.250000000000000000e+02,5.250000000000003553e-01,4.730141426484208544e+00,1.161474768106372651e-01,-1.987554002422723537e-02,2.114569057054123055e-02,-2.931228394304175033e-02,-4.091740794340531506e-02,-1.033846475183963776e-01,6.598183363676071167e+00
5.260000000000000000e+02,5.260000000000003562e-01,4.730071551638083349e+00,1.161317991294030100e-01,-1.985556683356841379e-02,2.154990900583189650e-02,-2.938786847991026185e-02,-4.082743493129650791e-02,-1.019646339118480682e-01,6.614939063787460327e+00
5.270000000000000000e+02,5.270000000000003570e-01,4.730001574950094323e+00,1.161155798076678874e-01,-1.983678608174087657e-02,2.195117190403032825e-02,-2.946624026911104366e-02,-4.073376068662097615e-02,-9.455583617091178894e-02,6.622379660606384277e+00
5.280000000000000000e+02,5.280000000000003579e-01,4.729931483007306703e+00,1.160987560112409084e-01,-1.981918475977101357e-02,2.235189750517032128e-02,-2.954743536026094297e-02,-4.063630242023864858e-02,-9.733256511390209198e-02,6.596565663814544678e+00
5.290000000000000000e+02,5.290000000000003588e-01,4.729861266795004404e+00,1.160812584044465939e-01,-1.980279232332434608e-02,2.275553563069190530e-02,-2.963157582737618867e-02,-4.053566753437387593e-02,-1.001066537573933601e-01,6.609593629837036133e+00
5.300000000000000000e+02,5.300000000000003597e-01,4.729790918419701562e+00,1.160628652217915308e-01,-1.978755075779810302e-02,2.316888232761144320e-02,-2.971834298090825222e-02,-4.043208319686363017e-02,-9.531845897436141968e-02,6.602462112903594971e+00
5.310000000000000000e+02,5.310000000000003606e-01,4.729720419886219496e+00,1.160436005524572572e-01,-1.977344367227734656e-02,2.359297637464122938e-02,-2.980774863452384515e-02,-4.032578256521016785e-02,-7.666823081672191620e-02,6.548303782939910889e+00
5.320000000000000000e+02,5.320000000000003615e-01,4.729649774557060482e+00,1.160233550045646073e-01,-1.976042759209273997e-02,2.403211396319283877e-02,-2.989961863704460043e-02,-4.021705726330240815e-02,-8.789573423564434052e-02,6.528298377990722656e+00
5.330000000000000000e+02,5.330000000000003624e-01,4.729578996448253747e+00,1.160019425681018818e-01,-1.974856011578684373e-02,2.449032421130818704e-02,-2.999389694335596879e-02,-4.010575685276461522e-02,-8.878852054476737976e-02,6.457639664411544800e+00
5.340000000000000000e+02,5.340000000000003633e-01,4.729508078041987140e+00,1.159795200449245528e-01,-1.973776515334520545e-02,2.496409766746590653e-02,-3.009025117979491348e-02,-3.999188053361574235e-02,-8.746964950114488602e-02,6.476609289646148682e+00
5.350000000000000000e+02,5.350000000000003642e-01,4.729437035199080874e+00,1.159561028551907430e-01,-1.972792501109334184e-02,2.545505496350934996e-02,-3.018796238300747170e-02,-3.987603325048837827e-02,-8.623370993882417679e-02,6.413676559925079346e+00
5.360000000000000000e+02,5.360000000000003650e-01,4.729365867892084019e+00,1.159317682689887941e-01,-1.971905268632180921e-02,2.596197711152536253e-02,-3.028716574762313485e-02,-3.975870277193072760e-02,-8.263686578720808029e-02,6.433889836072921753e+00
5.370000000000000000e+02,5.370000000000003659e-01,4.729294565408021178e+00,1.159065052800816037e-01,-1.971105789561038851e-02,2.648400868787167267e-02,-3.038726611865816274e-02,-3.963994169804210127e-02,-7.438014820218086243e-02,6.415713369846343994e+00
5.380000000000000000e+02,5.380000000000003668e-01,4.729223123270474005e+00,1.158802627752772568e-01,-1.970391301672888909e-02,2.702120497033139862e-02,-3.048828455574725815e-02,-3.951926022468476435e-02,-8.140078652650117874e-02,6.430224210023880005e+00
5.390000000000000000e+02,5.390000000000003677e-01,4.729151570827426099e+00,1.158532581358428237e-01,-1.969751269761114976e-02,2.756632585632730337e-02,-3.058979428289854141e-02,-3.939643153230674988e-02,-8.482713252305984497e-02,6.437518686056137085e+00
5.400000000000000000e+02,5.400000000000003686e-01,4.729079890283425236e+00,1.158255958107318045e-01,-1.969184039907148631e-02,2.811522552474038372e-02,-3.069181820468025457e-02,-3.927103922254221446e-02,-8.099433127790689468e-02,6.425755769014358521e+00
5.410000000000000000e+02,5.410000000000003695e-01,4.729008062967675841e+00,1.157968311071400080e-01,-1.968687026041164231e-02,2.867929204450242464e-02,-3.079431928838327615e-02,-3.914323969395211433e-02,-8.134482474997639656e-02,6.387125283479690552e+00
5.420000000000000000e+02,5.420000000000003704e-01,4.728936087556027346e+00,1.157669098311817357e-01,-1.968258231792122809e-02,2.925983517837621103e-02,-3.089718386709305875e-02,-3.901325288313105960e-02,-7.177256466820836067e-02,6.406701922416687012e+00
5.430000000000000000e+02,5.430000000000003713e-01,4.728863965859403606e+00,1.157360591890381624e-01,-1.967905486636277804e-02,2.985065171253592844e-02,-3.100050162133238807e-02,-3.888071034689793981e-02,-6.555480789393186569e-02,6.387710660696029663e+00
5.440000000000000000e+02,5.440000000000003721e-01,4.728791706303614895e+00,1.157043474750431566e-01,-1.967630592702157913e-02,3.045054406514799417e-02,-3.110444064025075228e-02,-3.874543253727370795e-02,-6.161258742213249207e-02,6.385068684816360474e+00
5.450000000000000000e+02,5.450000000000003730e-01,4.728719304801709988e+00,1.156718497464878231e-01,-1.967429570293157542e-02,3.105608932889020180e-02,-3.120879111484375912e-02,-3.860697982697795794e-02,-6.033088639378547668e-02,6.384525984525680542e+00
5.460000000000000000e+02,5.460000000000003739e-01,4.728646788453099603e+00,1.156387543484615615e-01,-1.967296905750146735e-02,3.166233381493452348e-02,-3.131334794044393632e-02,-3.846566449938360055e-02,-7.383740507066249847e-02,6.384397923946380615e+00
5.470000000000000000e+02,5.470000000000003748e-01,4.728574145472344448e+00,1.156051846834724450e-01,-1.967229581849173209e-02,3.226475250888196505e-02,-3.141799811729484304e-02,-3.832153858872356517e-02,-4.858225956559181213e-02,6.376517802476882935e+00
5.480000000000000000e+02,5.480000000000003757e-01,4.728501359902436363e+00,1.155708545421304106e-01,-1.967229276667547405e-02,3.286861947850745064e-02,-3.152281153228253530e-02,-3.817436719879114398e-02,-3.630616143345832825e-02,6.356936573982238770e+00
5.490000000000000000e+02,5.490000000000003766e-01,4.728428446068552837e+00,1.155356504706287202e-01,-1.967292413057315087e-02,3.347632845367055909e-02,-3.162764753474434087e-02,-3.802387921423464046e-02,-2.348322607576847076e-02,6.402651965618133545e+00
5.500000000000000000e+02,5.500000000000003775e-01,4.728355432995081209e+00,1.154994744093876119e-01,-1.967415722500378064e-02,3.408987905183114009e-02,-3.173233839294398173e-02,-3.786944349938713150e-02,-2.008820325136184692e-02,6.462461411952972412e+00
5.510000000000000000e+02,5.510000000000003784e-01,4.728282326722145434e+00,1.154621166456191866e-01,-1.967601856547617281e-02,3.471402870227106863e-02,-3.183721800485561637e-02,-3.771076633726673510e-02,-2.682413160800933838e-02,6.380700021982192993e+00
5.520000000000000000e+02,5.520000000000003793e-01,4.728209129701460789e+00,1.154239727421220857e-01,-1.967855955943641211e-02,3.533948911856912151e-02,-3.194273518723433902e-02,-3.754747088103409930e-02,-2.723008766770362854e-02,6.384465277194976807e+00
5.530000000000000000e+02,5.530000000000003801e-01,4.728135863362732394e+00,1.153851808773405652e-01,-1.968176866053173921e-02,3.596441136295278063e-02,-3.204843835126292007e-02,-3.738067789727517187e-02,-1.895363070070743561e-02,6.418107181787490845e+00
5.540000000000000000e+02,5.540000000000003810e-01,4.728062542448492778e+00,1.153456072793925952e-01,-1.968562643307973647e-02,3.659048896972649789e-02,-3.215428858361146780e-02,-3.721027707148406860e-02,-2.883257530629634857e-02,6.370141655206680298e+00
5.550000000000000000e+02,5.550000000000003819e-01,4.727989161588993738e+00,1.153051480337923262e-01,-1.969014365754789830e-02,3.722131783436041091e-02,-3.226047753959315756e-02,-3.703688686385819134e-02,-1.537575200200080872e-02,6.340080976486206055e+00
5.560000000000000000e+02,5.560000000000003828e-01,4.727915724261017694e+00,1.152642137147295437e-01,-1.969530673608351629e-02,3.784549908332763418e-02,-3.236670467272650953e-02,-3.686020465767870374e-02,-2.705231495201587677e-02,6.382168591022491455e+00
5.570000000000000000e+02,5.570000000000003837e-01,4.727842293266612650e+00,1.152232019927549450e-01,-1.970112260531683285e-02,3.845650839507782498e-02,-3.247282155847774909e-02,-3.668099172103827382e-02,-3.239219821989536285e-02,6.374754905700683594e+00
5.580000000000000000e+02,5.580000000000003846e-01,4.727768853028018192e+00,1.151821941333213278e-01,-1.970767845480709407e-02,3.905286678239635462e-02,-3.257927749684141894e-02,-3.650003754781520199e-02,-4.981432855129241943e-02,6.367992401123046875e+00
5.590000000000000000e+02,5.590000000000003855e-01,4.727695401571334166e+00,1.151412505609807901e-01,-1.971496100986365116e-02,3.962919984502045329e-02,-3.268597397972561325e-02,-3.631672178054080186e-02,-5.373241938650608063e-02,6.342914283275604248e+00
5.600000000000000000e+02,5.600000000000003864e-01,4.727621916620110554e+00,1.151003760390549996e-01,-1.972301663179063316e-02,4.018396618735527170e-02,-3.279300752308667022e-02,-3.613101481959780925e-02,-7.091898471117019653e-02,6.348769336938858032e+00
5.610000000000000000e+02,5.610000000000003872e-01,4.727548396637146766e+00,1.150592903603352285e-01,-1.973174717713949144e-02,4.072467538116020247e-02,-3.289994076171431914e-02,-3.594356844202836743e-02,-6.162479519844055176e-02,6.404086530208587646e+00
5.620000000000000000e+02,5.620000000000003881e-01,4.727474860586568184e+00,1.150183903045791795e-01,-1.974113012651361465e-02,4.124264167700376904e-02,-3.300666282112763028e-02,-3.575493905884326307e-02,-6.603993102908134460e-02,6.409416794776916504e+00
5.630000000000000000e+02,5.630000000000003890e-01,4.727401290255180299e+00,1.149777359342362970e-01,-1.975124133136596863e-02,4.173372597145808688e-02,-3.311368249929391716e-02,-3.556395835607879113e-02,-5.483214370906352997e-02,6.379244238138198853e+00
5.640000000000000000e+02,5.640000000000003899e-01,4.727327659082507516e+00,1.149368755290935268e-01,-1.976207072014199081e-02,4.220860401866428219e-02,-3.322102346198141376e-02,-3.537074599528642477e-02,-5.670526437461376190e-02,6.362962305545806885e+00
5.650000000000000000e+02,5.650000000000003908e-01,4.727253983843583640e+00,1.148958768319651436e-01,-1.977359040430698434e-02,4.266591034872302401e-02,-3.332842974916983003e-02,-3.517554416190825373e-02,-7.563577592372894287e-02,6.376533508300781250e+00
5.660000000000000000e+02,5.660000000000003917e-01,4.727180264995888948e+00,1.148547765274042232e-01,-1.978582796825914189e-02,4.310356529876511328e-02,-3.343589852954109709e-02,-3.497805906697360606e-02,-7.950792834162712097e-02,6.396421372890472412e+00
5.670000000000000000e+02,5.670000000000003926e-01,4.727106476129340429e+00,1.148136095352448732e-01,-1.979886669060844720e-02,4.351936423211508198e-02,-3.354373424637446810e-02,-3.477829513587304966e-02,-7.606413774192333221e-02,6.378027051687240601e+00
5.680000000000000000e+02,5.680000000000003935e-01,4.727032607700595079e+00,1.147722416069745510e-01,-1.981264372129164578e-02,4.391692962224466590e-02,-3.365184841303214824e-02,-3.457595847656884380e-02,-6.911806203424930573e-02,6.395349740982055664e+00
5.690000000000000000e+02,5.690000000000003944e-01,4.726958669045782102e+00,1.147306010360434891e-01,-1.982715852931687256e-02,4.430015223277963821e-02,-3.376015013891575656e-02,-3.437174603021282693e-02,-6.285314075648784637e-02,6.416654229164123535e+00
5.700000000000000000e+02,5.700000000000003952e-01,4.726884657502901987e+00,1.146885985498281718e-01,-1.984240145554456991e-02,4.466985921279267163e-02,-3.386870323776669522e-02,-3.416510740170018018e-02,-5.729412287473678589e-02,6.435348004102706909e+00
5.710000000000000000e+02,5.710000000000003961e-01,4.726810574840537349e+00,1.146465411047472432e-01,-1.985838841474482641e-02,4.501880548229457435e-02,-3.397760018319995190e-02,-3.395616960174846488e-02,-6.108341179788112640e-02,6.427400171756744385e+00
5.720000000000000000e+02,5.720000000000003970e-01,4.726736430024271129e+00,1.146044783809136713e-01,-1.987506397776753198e-02,4.534616688518076921e-02,-3.408673749720780854e-02,-3.374475033916331246e-02,-5.524610728025436401e-02,6.406546294689178467e+00
5.730000000000000000e+02,5.730000000000003979e-01,4.726662207490792689e+00,1.145620091834722298e-01,-1.989242587440278459e-02,4.566174761953179645e-02,-3.419611692310065010e-02,-3.353104450678542209e-02,-5.261174589395523071e-02,6.407597154378890991e+00
5.740000000000000000e+02,5.740000000000003988e-01,4.726587907211388995e+00,1.145191532808300244e-01,-1.991046916268108743e-02,4.596135107805615627e-02,-3.430560125732240451e-02,-3.331411975766684908e-02,-7.037697173655033112e-02,6.424594998359680176e+00
5.750000000000000000e+02,5.750000000000003997e-01,4.726513541915095651e+00,1.144760442594607297e-01,-1.992918628157731159e-02,4.624229423487684343e-02,-3.441513510148674904e-02,-3.309408458001202036e-02,-7.061002403497695923e-02,6.410944372415542603e+00
5.760000000000000000e+02,5.760000000000004006e-01,4.726439089365553237e+00,1.144329615604144229e-01,-1.994864785807410473e-02,4.649826941532886337e-02,-3.452495055030824211e-02,-3.287138839134461088e-02,-6.947628408670425415e-02,6.401744425296783447e+00
5.770000000000000000e+02,5.770000000000004015e-01,4.726364543584002043e+00,1.143895134619961618e-01,-1.996879845134073503e-02,4.673941783427304486e-02,-3.463486465360432476e-02,-3.264614889519047713e-02,-7.416228391230106354e-02,6.400103688240051270e+00
5.780000000000000000e+02,5.780000000000004023e-01,4.726289894278762560e+00,1.143453747465266457e-01,-1.998963737667145552e-02,4.697234089314975686e-02,-3.474487920496449611e-02,-3.241820094886346121e-02,-6.673701666295528412e-02,6.429654508829116821e+00
5.790000000000000000e+02,5.790000000000004032e-01,4.726215131316782170e+00,1.143008022131813961e-01,-2.001118880832147492e-02,4.718815577041809983e-02,-3.485500265387986296e-02,-3.218679432925761197e-02,-7.506468705832958221e-02,6.425564140081405640e+00
5.800000000000000000e+02,5.800000000000004041e-01,4.726140269653211767e+00,1.142557034769202118e-01,-2.003342083959996217e-02,4.738867839121357894e-02,-3.496531124196833318e-02,-3.195112602931554635e-02,-7.204406522214412689e-02,6.439313501119613647e+00
5.810000000000000000e+02,5.810000000000004050e-01,4.726065311565196048e+00,1.142104123595378412e-01,-2.005635906438537480e-02,4.756655389721362731e-02,-3.507578155036772394e-02,-3.171151935522826398e-02,-5.747684091329574585e-02,6.406347393989562988e+00
5.820000000000000000e+02,5.820000000000004059e-01,4.725990246932555650e+00,1.141647434411410394e-01,-2.008000078730277221e-02,4.772532028216208005e-02,-3.518648853844785762e-02,-3.146781970643360710e-02,-6.459680944681167603e-02,6.402743726968765259e+00
5.830000000000000000e+02,5.830000000000004068e-01,4.725915081370288817e+00,1.141186473334554613e-01,-2.010435859218322532e-02,4.786227279527568990e-02,-3.529729628391775620e-02,-3.121904934545231824e-02,-7.655192352831363678e-02,6.415912389755249023e+00
5.840000000000000000e+02,5.840000000000004077e-01,4.725839821088510639e+00,1.140723338455181812e-01,-2.012948456054354865e-02,4.797490112472315577e-02,-3.540830478654366509e-02,-3.096589352717126625e-02,-7.995505258440971375e-02,6.440180391073226929e+00
5.850000000000000000e+02,5.850000000000004086e-01,4.725764462524801424e+00,1.140256349467041463e-01,-2.015535299469483482e-02,4.806852644989541290e-02,-3.551953292230303205e-02,-3.070851984447195426e-02,-7.229991629719734192e-02,6.408536702394485474e+00
5.860000000000000000e+02,5.860000000000004095e-01,4.725688984794533809e+00,1.139785760622481214e-01,-2.018198465778706444e-02,4.814190927777420997e-02,-3.563113135465201253e-02,-3.044689272589366086e-02,-6.836284324526786804e-02,6.397882938385009766e+00
5.870000000000000000e+02,5.870000000000004103e-01,4.725613408836332852e+00,1.139310968109363414e-01,-2.020931157398842687e-02,4.819738829051533474e-02,-3.574273556811058405e-02,-3.018108441401650549e-02,-8.774038963019847870e-02,6.415025383234024048e+00
5.880000000000000000e+02,5.880000000000004112e-01,4.725537762567062039e+00,1.138833664740530605e-01,-2.023736493359701294e-02,4.823573813276248873e-02,-3.585437317145800939e-02,-2.991222666782900746e-02,-8.233184367418289185e-02,6.455342561006546021e+00
5.890000000000000000e+02,5.890000000000004121e-01,4.725462005288112444e+00,1.138355992768515512e-01,-2.026615448499466052e-02,4.825126315603150279e-02,-3.596608026171455030e-02,-2.964015017309131611e-02,-9.331165254116058350e-02,6.439173445105552673e+00
5.900000000000000000e+02,5.900000000000004130e-01,4.725386144278622247e+00,1.137876579512337866e-01,-2.029562321577208645e-02,4.824808882423785306e-02,-3.607789992426257975e-02,-2.936473135293893311e-02,-1.039948072284460068e-01,6.441089421510696411e+00
5.910000000000000000e+02,5.910000000000004139e-01,4.725310175332975149e+00,1.137394350282552036e-01,-2.032569810665487559e-02,4.822789152963599668e-02,-3.618951839389317193e-02,-2.908589127239155983e-02,-1.103035453706979752e-01,6.416895031929016113e+00
5.920000000000000000e+02,5.920000000000004148e-01,4.725234091539874726e+00,1.136911169334336447e-01,-2.035641835013227152e-02,4.818842474138072818e-02,-3.630100738127595150e-02,-2.880435418083265517e-02,-1.174117121845483780e-01,6.438350379467010498e+00
5.930000000000000000e+02,5.930000000000004157e-01,4.725157887516131971e+00,1.136425708410301327e-01,-2.038779471386881204e-02,4.813389850028258754e-02,-3.641230265800698973e-02,-2.852062764704998976e-02,-1.188657078891992569e-01,6.441264569759368896e+00
5.940000000000000000e+02,5.940000000000004166e-01,4.725081554841404241e+00,1.135937310434948222e-01,-2.041979963884290455e-02,4.806794363988567409e-02,-3.652345100225828922e-02,-2.823497822706047544e-02,-1.143348030745983124e-01,6.433760583400726318e+00
5.950000000000000000e+02,5.950000000000004174e-01,4.725005078416713467e+00,1.135444117646484674e-01,-2.045241532000621754e-02,4.799649089053822232e-02,-3.663446963994765326e-02,-2.794766666441369368e-02,-1.171663384884595871e-01,6.436064302921295166e+00
5.960000000000000000e+02,5.960000000000004183e-01,4.724928467627048434e+00,1.134946560551291228e-01,-2.048562240858717645e-02,4.791942929510967925e-02,-3.674525074543111280e-02,-2.765879892317064243e-02,-1.242332477122545242e-01,6.459369599819183350e+00
5.970000000000000000e+02,5.970000000000004192e-01,4.724851718509969878e+00,1.134445015979745480e-01,-2.051943352651271549e-02,4.783654681030617001e-02,-3.685584198345481788e-02,-2.736836785189983995e-02,-1.267629191279411316e-01,6.468414038419723511e+00
5.980000000000000000e+02,5.980000000000004201e-01,4.724774830530655834e+00,1.133940889522730977e-01,-2.055382845591125635e-02,4.774539448435267258e-02,-3.696627384542550132e-02,-2.707591363560252901e-02,-1.442383732646703720e-01,6.447733193635940552e+00
5.990000000000000000e+02,5.990000000000004210e-01,4.724697788560190403e+00,1.133433250138997511e-01,-2.058884470779382206e-02,4.765183489512132137e-02,-3.707675108953800702e-02,-2.678271170132189710e-02,-1.339014247059822083e-01,6.458607554435729980e+00
6.000000000000000000e+02,6.000000000000004219e-01,4.724620574112545768e+00,1.132920849870194258e-01,-2.062446432567943688e-02,4.755857489793727938e-02,-3.718713786191640835e-02,-2.648915634399177238e-02,-1.372408438473939896e-01,6.439725369215011597e+00
6.010000000000000000e+02,6.010000000000004228e-01,4.724543212561094663e+00,1.132404364221937937e-01,-2.066066249719649903e-02,4.746426171332612798e-02,-3.729740195766884092e-02,-2.619493429886324276e-02,-1.309184711426496506e-01,6.432988882064819336e+00
6.020000000000000000e+02,6.020000000000004237e-01,4.724465703134419492e+00,1.131885182690340191e-01,-2.069747224404901512e-02,4.736598270543750100e-02,-3.740751915939477534e-02,-2.590002202183365465e-02,-1.315197348594665527e-01,6.433229058980941772e+00
6.030000000000000000e+02,6.030000000000004245e-01,4.724388044334516756e+00,1.131363886116485973e-01,-2.073485460339443559e-02,4.726240257124031396e-02,-3.751731488169185447e-02,-2.560419898578226994e-02,-1.151167843490839005e-01,6.440516173839569092e+00
6.040000000000000000e+02,6.040000000000004254e-01,4.724310232649887809e+00,1.130841367316950952e-01,-2.077278857771243381e-02,4.715330384159804183e-02,-3.762670488657904322e-02,-2.530787377737669236e-02,-1.140251476317644119e-01,6.471499264240264893e+00
6.050000000000000000e+02,6.050000000000004263e-01,4.724232282900002744e+00,1.130313063069262602e-01,-2.081125576742287944e-02,4.704791112439569989e-02,-3.773581141711623843e-02,-2.501070740220900923e-02,-1.236563231796026230e-01,6.473154962062835693e+00
6.060000000000000000e+02,6.060000000000004272e-01,4.724154197366507546e+00,1.129778731281408238e-01,-2.085024329801319840e-02,4.694891153208426149e-02,-3.784477335599012449e-02,-2.471328875772625666e-02,-1.144621539860963821e-01,6.481068730354309082e+00
6.070000000000000000e+02,6.070000000000004281e-01,4.724075987273754329e+00,1.129244971309722317e-01,-2.088973723867969257e-02,4.684200944247508824e-02,-3.795333749245433097e-02,-2.441554062033712488e-02,-9.916778653860092163e-02,6.465670615434646606e+00
6.080000000000000000e+02,6.080000000000004290e-01,4.723997643703834903e+00,1.128716922896905589e-01,-2.092983173569348126e-02,4.671285239306083997e-02,-3.806160005280356806e-02,-2.411718920235480373e-02,-9.626740030944347382e-02,6.458157211542129517e+00
6.090000000000000000e+02,6.090000000000004299e-01,4.723919176373819084e+00,1.128189849051510485e-01,-2.097053986465931275e-02,4.657131697788754326e-02,-3.816968867641556962e-02,-2.381786441993029996e-02,-8.227677829563617706e-02,6.456303238868713379e+00
6.100000000000000000e+02,6.100000000000004308e-01,4.723840579683818319e+00,1.127659564347385929e-01,-2.101187255567684223e-02,4.642772645814929877e-02,-3.827775174247638468e-02,-2.351810938401893702e-02,-7.540419697761535645e-02,6.455647796392440796e+00
6.110000000000000000e+02,6.110000000000004317e-01,4.723761869467054453e+00,1.127132243967214620e-01,-2.105381284864403513e-02,4.626669871104249765e-02,-3.838544604374694025e-02,-2.321781258830971431e-02,-6.769506260752677917e-02,6.472407579421997070e+00
6.120000000000000000e+02,6.120000000000004325e-01,4.723683070213360757e+00,1.126612911071357553e-01,-2.109642530306244865e-02,4.607463928153372051e-02,-3.849275982707678345e-02,-2.291581279884542105e-02,-7.315038517117500305e-02,6.475970715284347534e+00
6.130000000000000000e+02,6.130000000000004334e-01,4.723604215628277814e+00,1.126101955212980565e-01,-2.113963199036933416e-02,4.584947340071539312e-02,-3.859946146603276951e-02,-2.261168404157398726e-02,-6.826615706086158752e-02,6.490318685770034790e+00
6.140000000000000000e+02,6.140000000000004343e-01,4.723525286670327006e+00,1.125595141271823474e-01,-2.118340693508872358e-02,4.560283704470918104e-02,-3.870563951298566785e-02,-2.230622653139013173e-02,-6.649812310934066772e-02,6.487990081310272217e+00
6.150000000000000000e+02,6.150000000000004352e-01,4.723446266808104532e+00,1.125089962348138628e-01,-2.122775898995182126e-02,4.533826097036874891e-02,-3.881142440163110052e-02,-2.199927433370560403e-02,-5.956367962062358856e-02,6.493915349245071411e+00
6.160000000000000000e+02,6.160000000000004361e-01,4.723367168806002603e+00,1.124590746381710915e-01,-2.127268743705394705e-02,4.504188487775780125e-02,-3.891654785937048722e-02,-2.168958301582759110e-02,-6.052399799227714539e-02,6.448503553867340088e+00
6.170000000000000000e+02,6.170000000000004370e-01,4.723288010151969196e+00,1.124096865767978126e-01,-2.131818381473677207e-02,4.471412800254172953e-02,-3.902099984388351928e-02,-2.137668042015471864e-02,-7.242909632623195648e-02,6.460717141628265381e+00
6.180000000000000000e+02,6.180000000000004379e-01,4.723208808057918873e+00,1.123610395264183076e-01,-2.136423817814091242e-02,4.435195890504315536e-02,-3.912441945972089385e-02,-2.106121087192146940e-02,-7.151467166841030121e-02,6.460842221975326538e+00
6.190000000000000000e+02,6.190000000000004388e-01,4.723129530046419333e+00,1.123131894322295793e-01,-2.141089045754914280e-02,4.395193818023531568e-02,-3.922687236996091897e-02,-2.074320249259172660e-02,-6.430253013968467712e-02,6.459439396858215332e+00
6.200000000000000000e+02,6.200000000000004396e-01,4.723050189946430777e+00,1.122659847772088937e-01,-2.145814292656891137e-02,4.351779423670486951e-02,-3.932842090613442032e-02,-2.042232263315498647e-02,-7.907324284315109253e-02,6.469384521245956421e+00
6.210000000000000000e+02,6.210000000000004405e-01,4.722970788025382838e+00,1.122192749519829724e-01,-2.150597336685837122e-02,4.305118648876338910e-02,-3.942897525812605330e-02,-2.009844339866186796e-02,-7.682797312736511230e-02,6.470568805932998657e+00
6.220000000000000000e+02,6.220000000000004414e-01,4.722891313540548808e+00,1.121732626707938191e-01,-2.155434310601373957e-02,4.254761660171064996e-02,-3.952831104655407657e-02,-1.977178210652770149e-02,-8.204455673694610596e-02,6.473285526037216187e+00
6.230000000000000000e+02,6.230000000000004423e-01,4.722811766509605214e+00,1.121280799796714744e-01,-2.160320872498367600e-02,4.200355698463400372e-02,-3.962618531651895815e-02,-1.944180528391345475e-02,-8.763906545937061310e-02,6.477076679468154907e+00
6.240000000000000000e+02,6.240000000000004432e-01,4.722732145871065157e+00,1.120835890964155535e-01,-2.165258757963833131e-02,4.142191391020901003e-02,-3.972270603121130783e-02,-1.910794839173022425e-02,-8.997636847198009491e-02,6.467183828353881836e+00
6.250000000000000000e+02,6.250000000000004441e-01,4.722652441026456316e+00,1.120395785495342938e-01,-2.170246278892350167e-02,4.080721222063184161e-02,-3.981788033379318748e-02,-1.877040863489662023e-02,-8.294736593961715698e-02,6.483625590801239014e+00
6.260000000000000000e+02,6.260000000000004450e-01,4.722572649673022482e+00,1.119962098709077342e-01,-2.175284908076937154e-02,4.015885557710603682e-02,-3.991162751319721202e-02,-1.843026647573249924e-02,-9.032545424997806549e-02,6.497466295957565308e+00
6.270000000000000000e+02,6.270000000000004459e-01,4.722492699549657225e+00,1.119542450308988607e-01,-2.180368539141228079e-02,3.947972219451902076e-02,-4.000359788930318850e-02,-1.809623201320999589e-02,-9.155865199863910675e-02,6.505332738161087036e+00
6.280000000000000000e+02,6.280000000000004468e-01,4.722412543353454062e+00,1.119142290244147936e-01,-2.185491711379064853e-02,3.876864595202003660e-02,-4.009348495978382054e-02,-1.777321684174576477e-02,-8.938181214034557343e-02,6.508400380611419678e+00
6.290000000000000000e+02,6.290000000000004476e-01,4.722332171657352085e+00,1.118763121589340104e-01,-2.190653798133907967e-02,3.802555497958664404e-02,-4.018125420064322384e-02,-1.746244596676525818e-02,-8.339640311896800995e-02,6.491026371717453003e+00
6.300000000000000000e+02,6.300000000000004485e-01,4.722251592439252299e+00,1.118405818291050707e-01,-2.195858233737047263e-02,3.725094519603197596e-02,-4.026702525621295159e-02,-1.716443247968809857e-02,-7.812445051968097687e-02,6.494337439537048340e+00
6.310000000000000000e+02,6.310000000000004494e-01,4.722170820142072678e+00,1.118070697161160504e-01,-2.201111048094810466e-02,3.644107601123436346e-02,-4.035083199944744514e-02,-1.687817789359835619e-02,-7.825778983533382416e-02,6.524750977754592896e+00
6.320000000000000000e+02,6.320000000000004503e-01,4.722089867116240569e+00,1.117757279862763714e-01,-2.206412401747046698e-02,3.559581900499710072e-02,-4.043269403872229439e-02,-1.660298333829171580e-02,-8.024304732680320740e-02,6.533238559961318970e+00
6.330000000000000000e+02,6.330000000000004512e-01,4.722008734962620302e+00,1.117463969079951630e-01,-2.211758200897424864e-02,3.471792051576020471e-02,-4.051266622531546346e-02,-1.633885161525049784e-02,-8.649818412959575653e-02,6.533111512660980225e+00
6.340000000000000000e+02,6.340000000000004521e-01,4.721927428648434066e+00,1.117189118721852448e-01,-2.217148115415232268e-02,3.381017947470957297e-02,-4.059085866459244407e-02,-1.608510072534131974e-02,-8.227698691189289093e-02,6.543475955724716187e+00
6.350000000000000000e+02,6.350000000000004530e-01,4.721845949801014797e+00,1.116932051264214049e-01,-2.222581970442929697e-02,3.287236453166290928e-02,-4.066727307482076448e-02,-1.584085030693837756e-02,-7.440746575593948364e-02,6.536514312028884888e+00
6.360000000000000000e+02,6.360000000000004539e-01,4.721764306342737250e+00,1.116692225365191193e-01,-2.228064200777307019e-02,3.190226724170853317e-02,-4.074207118578976328e-02,-1.560458711340005807e-02,-6.024792045354843140e-02,6.533385157585144043e+00
6.370000000000000000e+02,6.370000000000004547e-01,4.721682517790944722e+00,1.116467604770579464e-01,-2.233588274642239746e-02,3.090273178216845773e-02,-4.081508881270967670e-02,-1.537532194439960448e-02,-5.354026518762111664e-02,6.569841384887695312e+00
6.380000000000000000e+02,6.380000000000004556e-01,4.721600600470648779e+00,1.116258134871237623e-01,-2.239153432008664235e-02,2.987201363820320490e-02,-4.088624282417741007e-02,-1.515232916817578143e-02,-4.318890906870365143e-02,6.571448713541030884e+00
6.390000000000000000e+02,6.390000000000004565e-01,4.721518558194524040e+00,1.116060536108680057e-01,-2.244751806981433451e-02,2.881741413424124265e-02,-4.095565226099151523e-02,-1.493481578009302375e-02,-4.143565148115158081e-02,6.552067667245864868e+00
6.400000000000000000e+02,6.400000000000004574e-01,4.721436419149298125e+00,1.115873196946899348e-01,-2.250384270169194720e-02,2.773986173903445623e-02,-4.102339948199285047e-02,-1.472153902728096792e-02,-4.119923710823059082e-02,6.569162666797637939e+00
6.410000000000000000e+02,6.410000000000004583e-01,4.721354202112459930e+00,1.115696766743122098e-01,-2.256055617994863829e-02,2.663670217640223131e-02,-4.108948580762672442e-02,-1.451174328149025528e-02,-4.646877944469451904e-02,6.560607641935348511e+00
6.420000000000000000e+02,6.420000000000004592e-01,4.721271928889877678e+00,1.115531409664008433e-01,-2.261767108283310040e-02,2.550831628552998470e-02,-4.115404757368845701e-02,-1.430495018540833829e-02,-3.728648275136947632e-02,6.573035597801208496e+00
6.430000000000000000e+02,6.430000000000004601e-01,4.721189594553067082e+00,1.115376562275948724e-01,-2.267517349118388856e-02,2.435630080819740917e-02,-4.121700847932774359e-02,-1.410189330975818688e-02,-4.165995679795742035e-02,6.572751790285110474e+00
6.440000000000000000e+02,6.440000000000004610e-01,4.721107211034119011e+00,1.115229409355430468e-01,-2.273302450944848785e-02,2.318364656054311065e-02,-4.127838956266161041e-02,-1.390141788481108129e-02,-5.205992609262466431e-02,6.566758871078491211e+00
6.450000000000000000e+02,6.450000000000004619e-01,4.721024786463130063e+00,1.115089508238850530e-01,-2.279125548999906894e-02,2.199119506548919550e-02,-4.133832271057946706e-02,-1.370290573054198241e-02,-3.977889008820056915e-02,6.577690601348876953e+00
6.460000000000000000e+02,6.460000000000004627e-01,4.720942316834918273e+00,1.114956732711771537e-01,-2.284990843492276658e-02,2.077723700957986169e-02,-4.139686565117206563e-02,-1.350574138356285502e-02,-5.238295532763004303e-02,6.590693175792694092e+00
6.470000000000000000e+02,6.470000000000004636e-01,4.720859820171339649e+00,1.114832101698911421e-01,-2.290898009608810168e-02,1.954127576121293675e-02,-4.145402015248222938e-02,-1.331070916919947777e-02,-5.794933810830116272e-02,6.540199488401412964e+00
6.480000000000000000e+02,6.480000000000004645e-01,4.720777280531458509e+00,1.114712975079376750e-01,-2.296838584599176711e-02,1.828970563653613962e-02,-4.150974210130398134e-02,-1.311806276252363949e-02,-6.988155283033847809e-02,6.540026366710662842e+00
6.490000000000000000e+02,6.490000000000004654e-01,4.720694684863080859e+00,1.114598061638068377e-01,-2.302815784617250408e-02,1.702462725742613994e-02,-4.156395874633611598e-02,-1.292745431218708663e-02,-6.952111609280109406e-02,6.538991242647171021e+00
6.500000000000000000e+02,6.500000000000004663e-01,4.720612019762781664e+00,1.114487767039724214e-01,-2.308834234194090743e-02,1.574321963096122351e-02,-4.161673985700153899e-02,-1.273814726840543157e-02,-7.218722812831401825e-02,6.574743002653121948e+00
6.510000000000000000e+02,6.510000000000004672e-01,4.720529296616559733e+00,1.114382939337455747e-01,-2.314893896780924679e-02,1.444372804777314771e-02,-4.166802193101482032e-02,-1.254987288744269409e-02,-8.047440834343433380e-02,6.584482073783874512e+00
6.520000000000000000e+02,6.520000000000004681e-01,4.720446500915148391e+00,1.114282028301647048e-01,-2.320989134292567382e-02,1.313074477001678272e-02,-4.171791139330438547e-02,-1.236321136850817085e-02,-8.698503300547599792e-02,6.568507701158523560e+00
6.530000000000000000e+02,6.530000000000004690e-01,4.720363612292784339e+00,1.114182152937991804e-01,-2.327112794506706189e-02,1.181117191944919265e-02,-4.176642021450405196e-02,-1.217884642686735408e-02,-8.018654584884643555e-02,6.569091439247131348e+00
6.540000000000000000e+02,6.540000000000004698e-01,4.720280618508785331e+00,1.114082889224698170e-01,-2.333264219053646574e-02,1.048667061759946464e-02,-4.181350116935456107e-02,-1.199742785298767156e-02,-8.588583953678607941e-02,6.557850539684295654e+00
6.550000000000000000e+02,6.550000000000004707e-01,4.720197544116459198e+00,1.113983448980405411e-01,-2.339441385683930022e-02,9.159119881104713784e-03,-4.185916341445783395e-02,-1.181869482001515412e-02,-7.923009805381298065e-02,6.575371682643890381e+00
6.560000000000000000e+02,6.560000000000004716e-01,4.720114393613979331e+00,1.113884103738752990e-01,-2.345643751584253200e-02,7.826819485357322526e-03,-4.190329420240379577e-02,-1.164210233891040114e-02,-8.751273900270462036e-02,6.583233237266540527e+00
6.570000000000000000e+02,6.570000000000004725e-01,4.720031165028953701e+00,1.113784014769094582e-01,-2.351870962380570029e-02,6.489551785028560039e-03,-4.194596487582713529e-02,-1.146687373289311321e-02,-7.705041207373142242e-02,6.592625290155410767e+00
6.580000000000000000e+02,6.580000000000004734e-01,4.719947859093191589e+00,1.113681763222549304e-01,-2.358127445636574657e-02,5.147413025230950130e-03,-4.198737530722840283e-02,-1.129156579310326008e-02,-7.682270929217338562e-02,6.599043428897857666e+00
6.590000000000000000e+02,6.590000000000004743e-01,4.719864599044171882e+00,1.113568758933001779e-01,-2.364402888907468636e-02,3.799866432737293315e-03,-4.202726447858395886e-02,-1.110686701334707462e-02,-8.790967054665088654e-02,6.623227208852767944e+00
6.600000000000000000e+02,6.600000000000004752e-01,4.719781412111619723e+00,1.113439826687935841e-01,-2.370689299619406845e-02,2.446274350354529260e-03,-4.206536764911383841e-02,-1.090791641295437570e-02,-8.811399154365062714e-02,6.639936327934265137e+00
6.610000000000000000e+02,6.610000000000004761e-01,4.719698288844573320e+00,1.113290235760028696e-01,-2.376981334854711206e-02,1.092386414130181414e-03,-4.210178268699360515e-02,-1.069314723027635708e-02,-8.588525932282209396e-02,6.640602469444274902e+00
6.620000000000000000e+02,6.620000000000004770e-01,4.719615213268619769e+00,1.113118360301538212e-01,-2.383277712357923656e-02,-2.600481835706913367e-04,-4.213656660909159690e-02,-1.046214890640551412e-02,-8.504679333418607712e-02,6.620294898748397827e+00
6.630000000000000000e+02,6.630000000000004778e-01,4.719532186360275716e+00,1.112921554027069826e-01,-2.389578510514386855e-02,-1.604706610745517542e-03,-4.216990917317509080e-02,-1.021459888562514969e-02,-8.989437576383352280e-02,6.593850493431091309e+00
6.640000000000000000e+02,6.640000000000004787e-01,4.719449211551411949e+00,1.112700408382213679e-01,-2.395883017003683918e-02,-2.941206384094733912e-03,-4.220167271426689126e-02,-9.950907254488250073e-03,-1.006109919399023056e-01,6.611960619688034058e+00
6.650000000000000000e+02,6.650000000000004796e-01,4.719366280202120123e+00,1.112457361547498635e-01,-2.402191579740570529e-02,-4.274292786519147402e-03,-4.223154446093091430e-02,-9.671509039107781258e-03,-9.462006669491529465e-02,6.615674614906311035e+00
6.660000000000000000e+02,6.660000000000004805e-01,4.719283378719207001e+00,1.112193671778373416e-01,-2.408492848757015983e-02,-5.606169468934170397e-03,-4.225912067616466317e-02,-9.376803444643326893e-03,-1.065297108143568039e-01,6.637623846530914307e+00
6.670000000000000000e+02,6.670000000000004814e-01,4.719200490034539008e+00,1.111908550479052127e-01,-2.414782508489143192e-02,-6.931716068390638731e-03,-4.228442740492543983e-02,-9.068178994667667331e-03,-1.042397003620862961e-01,6.646201729774475098e+00
6.680000000000000000e+02,6.680000000000004823e-01,4.719117576844004347e+00,1.111602319986708387e-01,-2.421059628115087084e-02,-8.249643375971981926e-03,-4.230756216684095072e-02,-8.746746084160763116e-03,-1.002586036920547485e-01,6.645322114229202271e+00
6.690000000000000000e+02,6.690000000000004832e-01,4.719034625471430822e+00,1.111276238560719998e-01,-2.427323668526859546e-02,-9.562689764711610960e-03,-4.232842405460268687e-02,-8.412602225458669022e-03,-1.103301607072353363e-01,6.660117149353027344e+00
6.700000000000000000e+02,6.700000000000004841e-01,4.718951625636877090e+00,1.110930472338313574e-01,-2.433575264779545833e-02,-1.086906981206543950e-02,-4.234707292564143799e-02,-8.066138840565820547e-03,-1.052125254645943642e-01,6.659815281629562378e+00
6.710000000000000000e+02,6.710000000000004849e-01,4.718868550439362153e+00,1.110566257351974784e-01,-2.439810661192330990e-02,-1.217072552014646265e-02,-4.236336468139256795e-02,-7.708033867341255660e-03,-9.757241141051054001e-02,6.692858964204788208e+00
6.720000000000000000e+02,6.720000000000004858e-01,4.718785395527518745e+00,1.110183774773216003e-01,-2.446027355841063830e-02,-1.346658101415864305e-02,-4.237723871823018129e-02,-7.338863162746700822e-03,-1.079242248088121414e-01,6.723426938056945801e+00
6.730000000000000000e+02,6.730000000000004867e-01,4.718702137779912320e+00,1.109780675173246967e-01,-2.452225981123809517e-02,-1.474777750722198327e-02,-4.238920277265179060e-02,-6.959635225181524942e-03,-1.105634560808539391e-01,6.696177035570144653e+00
6.740000000000000000e+02,6.740000000000004876e-01,4.718618761807994666e+00,1.109357733667220569e-01,-2.458407283779363503e-02,-1.601406622571357324e-02,-4.239943757114206235e-02,-6.570944494818840853e-03,-1.054225433617830276e-01,6.679545223712921143e+00
6.750000000000000000e+02,6.750000000000004885e-01,4.718535260094451012e+00,1.108916981264762985e-01,-2.464571928761106687e-02,-1.726839729912507670e-02,-4.240772483822907724e-02,-6.173457340107377407e-03,-1.094584818929433823e-01,6.698241055011749268e+00
6.760000000000000000e+02,6.760000000000004894e-01,4.718451652174972644e+00,1.108460815932353211e-01,-2.470720714717396585e-02,-1.851653947779198506e-02,-4.241377821175396079e-02,-5.767054153999451836e-03,-1.079395059496164322e-01,6.658239513635635376e+00
6.770000000000000000e+02,6.770000000000004903e-01,4.718367911667746384e+00,1.107988305873740809e-01,-2.476850075094858342e-02,-1.975356927237814988e-02,-4.241776312193801246e-02,-5.352664913106976348e-03,-1.115051936358213425e-01,6.669825613498687744e+00
6.780000000000000000e+02,6.780000000000004912e-01,4.718284038943846070e+00,1.107498998301236770e-01,-2.482960909753545442e-02,-2.097771863637051121e-02,-4.241959901525826915e-02,-4.930827175964429265e-03,-1.229676082730293274e-01,6.689822882413864136e+00
6.790000000000000000e+02,6.790000000000004921e-01,4.718200045482119798e+00,1.106993234681994120e-01,-2.489045031658144308e-02,-2.218975317671575964e-02,-4.241904147434705230e-02,-4.501537091162221768e-03,-1.140047702938318253e-01,6.718025237321853638e+00
6.800000000000000000e+02,6.800000000000004929e-01,4.718115908723814478e+00,1.106471920439182771e-01,-2.495099263227329445e-02,-2.338967382790224300e-02,-4.241608999119783618e-02,-4.065582370650543120e-03,-1.017630640417337418e-01,6.717931985855102539e+00
6.810000000000000000e+02,6.810000000000004938e-01,4.718031636258617212e+00,1.105934272869462665e-01,-2.501119049537057354e-02,-2.457274931884366465e-02,-4.241093559044339933e-02,-3.623539582988602112e-03,-9.380641393363475800e-02,6.703919172286987305e+00
6.820000000000000000e+02,6.820000000000004947e-01,4.717947224198018930e+00,1.105380518095834125e-01,-2.507112831872822939e-02,-2.573579197527085111e-02,-4.240400896117368923e-02,-3.176194950306935813e-03,-1.029359381645917892e-01,6.736767917871475220e+00
6.830000000000000000e+02,6.830000000000004956e-01,4.717862692960753890e+00,1.104812827788611701e-01,-2.513086120931454920e-02,-2.688093789022651114e-02,-4.239536319189629587e-02,-2.724413350160550043e-03,-1.048203464597463608e-01,6.721420824527740479e+00
6.840000000000000000e+02,6.840000000000004965e-01,4.717778038675536578e+00,1.104231931401836453e-01,-2.519037285686911293e-02,-2.800822421036921334e-02,-4.238512892743795391e-02,-2.268914235293450002e-03,-1.031889412552118301e-01,6.693281799554824829e+00
6.850000000000000000e+02,6.850000000000004974e-01,4.717693252850102326e+00,1.103636719771634855e-01,-2.524965758043950029e-02,-2.911528452388982557e-02,-4.237333124304609733e-02,-1.809493358039595060e-03,-9.647317416965961456e-02,6.711911439895629883e+00
6.860000000000000000e+02,6.860000000000004983e-01,4.717608348408931285e+00,1.103027501367903201e-01,-2.530872811684979976e-02,-3.020187361764961609e-02,-4.235991255263793498e-02,-1.346384188512394012e-03,-8.558797277510166168e-02,6.699084967374801636e+00
6.870000000000000000e+02,6.870000000000004992e-01,4.717523335489775427e+00,1.102404920626642859e-01,-2.536753546066701157e-02,-3.126769077454841228e-02,-4.234484806530791623e-02,-8.803158493446983091e-04,-6.559700891375541687e-02,6.739509522914886475e+00
6.880000000000000000e+02,6.880000000000005000e-01,4.717438223225866700e+00,1.101768926984985769e-01,-2.542604949049390162e-02,-3.231137080115695226e-02,-4.232806868803029587e-02,-4.117677899839640443e-04,-5.623691529035568237e-02,6.804337352514266968e+00
6.890000000000000000e+02,6.890000000000005009e-01,4.717353047751861261e+00,1.101119104726863973e-01,-2.548423172797127309e-02,-3.332964234655545060e-02,-4.230981206126527283e-02,5.905456135234243842e-05,-5.655983276665210724e-02,6.801247030496597290e+00
6.900000000000000000e+02,6.900000000000005018e-01,4.717267823672946392e+00,1.100454755924073630e-01,-2.554202390863404004e-02,-3.431669189495588357e-02,-4.229051227760982634e-02,5.309146533536389378e-04,-5.654605850577354431e-02,6.830702155828475952e+00
6.910000000000000000e+02,6.910000000000005027e-01,4.717182550807734742e+00,1.099776540028322425e-01,-2.559940332683512468e-02,-3.527459490325449837e-02,-4.227001718418588183e-02,1.003995568153795426e-03,-3.446738794445991516e-02,6.851002663373947144e+00
6.920000000000000000e+02,6.920000000000005036e-01,4.717097215329602022e+00,1.099083740440811724e-01,-2.565646294161278221e-02,-3.620045978890240601e-02,-4.224894892690489456e-02,1.478218973605716774e-03,-3.905427828431129456e-02,6.833992391824722290e+00
6.930000000000000000e+02,6.930000000000005045e-01,4.717011820679184453e+00,1.098373708823242867e-01,-2.571314552599761327e-02,-3.708603313607306690e-02,-4.222763108169780288e-02,1.953706820181255743e-03,-5.168592371046543121e-02,6.848809748888015747e+00
6.940000000000000000e+02,6.940000000000005054e-01,4.716926374103542763e+00,1.097646349915724490e-01,-2.576947088817238551e-02,-3.793087934004683859e-02,-4.220611452080014203e-02,2.430735743252917386e-03,-5.235195625573396683e-02,6.877066463232040405e+00
6.950000000000000000e+02,6.950000000000005063e-01,4.716840861862308110e+00,1.096902120204163722e-01,-2.582545901665909624e-02,-3.873394740615571791e-02,-4.218464932395105116e-02,2.908780478310966922e-03,-6.301772966980934143e-02,6.869340509176254272e+00
6.960000000000000000e+02,6.960000000000005071e-01,4.716755285917961338e+00,1.096143411843485543e-01,-2.588100674624052230e-02,-3.949731467699390403e-02,-4.216298135790985668e-02,3.387266736904474829e-03,-5.606387555599212646e-02,6.884919583797454834e+00
6.970000000000000000e+02,6.970000000000005080e-01,4.716669642059607703e+00,1.095372051974873168e-01,-2.593618102658938260e-02,-4.022027882832111823e-02,-4.214138763216102035e-02,3.865427712704636032e-03,-6.336359307169914246e-02,6.928698956966400146e+00
6.980000000000000000e+02,6.980000000000005089e-01,4.716583910851602113e+00,1.094586019598497717e-01,-2.599109329176328351e-02,-4.089777493829394039e-02,-4.212061174619874393e-02,4.343329377181785744e-03,-6.667296402156352997e-02,6.945025503635406494e+00
6.990000000000000000e+02,6.990000000000005098e-01,4.716498066825264068e+00,1.093782313554491903e-01,-2.604585898192458837e-02,-4.152216545304995149e-02,-4.210167848132728707e-02,4.821166630089072924e-03,-6.157900951802730560e-02,6.971217006444931030e+00
7.000000000000000000e+02,7.000000000000005107e-01,4.716412102684856222e+00,1.092962073702364451e-01,-2.610051867148042645e-02,-4.209331705878866653e-02,-4.208488145854660800e-02,5.298395579888155738e-03,-5.810872651636600494e-02,6.946989953517913818e+00
7.010000000000000000e+02,7.010000000000005116e-01,4.716326037588475906e+00,1.092127902464985756e-01,-2.615499252068247127e-02,-4.261463899885936657e-02,-4.206998423013263988e-02,5.774465285316044555e-03,-6.725071743130683899e-02,6.906446993350982666e+00
7.020000000000000000e+02,7.020000000000005125e-01,4.716239872987293857e+00,1.091279991577479569e-01,-2.620929318859275062e-02,-4.308667896231836714e-02,-4.205693665392007397e-02,6.249597180246545952e-03,-5.214219912886619568e-02,6.900699734687805176e+00
7.030000000000000000e+02,7.030000000000005134e-01,4.716153605479669331e+00,1.090419721607894937e-01,-2.626343531943430010e-02,-4.351231729234401879e-02,-4.204550715659127746e-02,6.723806245527059328e-03,-4.079816490411758423e-02,6.946411669254302979e+00
7.040000000000000000e+02,7.040000000000005143e-01,4.716067248993270233e+00,1.089547355492596209e-01,-2.631749977529086390e-02,-4.389019227370515031e-02,-4.203606654430580569e-02,7.196897269067890207e-03,-4.990017041563987732e-02,7.009716302156448364e+00
7.050000000000000000e+02,7.050000000000005151e-01,4.715980785055498004e+00,1.088661932161495566e-01,-2.637167915569951782e-02,-4.421997913095702948e-02,-4.202950761854840067e-02,7.670264482056054350e-03,-5.562193505465984344e-02,6.973397105932235718e+00
7.060000000000000000e+02,7.060000000000005160e-01,4.715894206845081094e+00,1.087765384863035728e-01,-2.642587366967615037e-02,-4.450553056944543673e-02,-4.202564590538959699e-02,8.144003953137281260e-03,-6.011632829904556274e-02,6.931750059127807617e+00
7.070000000000000000e+02,7.070000000000005169e-01,4.715807514741383599e+00,1.086858620191984426e-01,-2.648003251629593366e-02,-4.474741305519952528e-02,-4.202418364541915530e-02,8.617363572346260076e-03,-6.046883575618267059e-02,6.894755959510803223e+00
7.080000000000000000e+02,7.080000000000005178e-01,4.715720719680260409e+00,1.085943664900760053e-01,-2.653416292402754548e-02,-4.494909987000363094e-02,-4.202482574874277788e-02,9.089882934750301985e-03,-5.108692310750484467e-02,6.854128420352935791e+00
7.090000000000000000e+02,7.090000000000005187e-01,4.715633834348112785e+00,1.085020637452357023e-01,-2.658834064054104926e-02,-4.510989713246503496e-02,-4.202771750220724023e-02,9.561843849878435414e-03,-4.536387696862220764e-02,6.916895687580108643e+00
7.100000000000000000e+02,7.100000000000005196e-01,4.715546895884222600e+00,1.084089750942706099e-01,-2.664259099825105892e-02,-4.523015673678820736e-02,-4.203276009639944633e-02,1.003362460686510818e-02,-4.104891419410705566e-02,6.938623130321502686e+00
7.110000000000000000e+02,7.110000000000005205e-01,4.715459875859043137e+00,1.083151429563367074e-01,-2.669696730031115989e-02,-4.531035012209123913e-02,-4.204046114592840944e-02,1.050499742496532191e-02,-5.846933647990226746e-02,6.939158618450164795e+00
7.120000000000000000e+02,7.120000000000005214e-01,4.715372783412467683e+00,1.082206298407509676e-01,-2.675152194515989165e-02,-4.534895692119743360e-02,-4.205122148100381985e-02,1.097571825013897787e-02,-4.294655844569206238e-02,6.963919967412948608e+00
7.130000000000000000e+02,7.130000000000005222e-01,4.715285618671765988e+00,1.081257941695540487e-01,-2.680622217290924356e-02,-4.535426847479474138e-02,-4.206453091517148302e-02,1.144557022993147183e-02,-5.181320011615753174e-02,7.006991446018218994e+00
7.140000000000000000e+02,7.140000000000005231e-01,4.715198395155718813e+00,1.080309461739318438e-01,-2.686107506966798827e-02,-4.533011863927828566e-02,-4.208036875252862963e-02,1.191362634586652647e-02,-3.040099516510963440e-02,7.025028318166732788e+00
7.150000000000000000e+02,7.150000000000005240e-01,4.715111106528863338e+00,1.079364572316809934e-01,-2.691606385021134973e-02,-4.528374381642200075e-02,-4.209852575760830717e-02,1.237931398771894426e-02,-3.657473437488079071e-02,6.992896467447280884e+00
7.160000000000000000e+02,7.160000000000005249e-01,4.715023769409071974e+00,1.078423010440376917e-01,-2.697119502811795577e-02,-4.521567218202373478e-02,-4.211910400476304162e-02,1.284283134982654173e-02,-3.122698701918125153e-02,6.996551632881164551e+00
7.170000000000000000e+02,7.170000000000005258e-01,4.714936367888974189e+00,1.077480691040755001e-01,-2.702646864778133692e-02,-4.511692024401063594e-02,-4.214247384410918507e-02,1.330462485567423386e-02,-3.116697445511817932e-02,6.967786341905593872e+00
7.180000000000000000e+02,7.180000000000005267e-01,4.714848933660145569e+00,1.076538374933705688e-01,-2.708190681584956780e-02,-4.498899150579384332e-02,-4.216867852389039051e-02,1.376469673431949051e-02,-3.897134959697723389e-02,6.998386591672897339e+00
7.190000000000000000e+02,7.190000000000005276e-01,4.714761470757155237e+00,1.075597551956611747e-01,-2.713749375402491754e-02,-4.483444674899802335e-02,-4.219741733302551090e-02,1.422284806684428853e-02,-3.283105045557022095e-02,7.034291207790374756e+00
7.200000000000000000e+02,7.200000000000005285e-01,4.714673947541792032e+00,1.074659909429084570e-01,-2.719328155711207493e-02,-4.465844811917279999e-02,-4.222873339372545942e-02,1.467932355523216166e-02,-3.724177554249763489e-02,7.031523883342742920e+00
7.210000000000000000e+02,7.210000000000005294e-01,4.714586371748514360e+00,1.073722582662382102e-01,-2.724928195841659975e-02,-4.445254277740121052e-02,-4.226335684278348381e-02,1.513394998366533392e-02,-5.320437811315059662e-02,7.025953888893127441e+00
7.220000000000000000e+02,7.220000000000005302e-01,4.714498724175997246e+00,1.072782730087033648e-01,-2.730545032009762049e-02,-4.421295132719023357e-02,-4.230137675625234017e-02,1.558722124338736588e-02,-4.994205385446548462e-02,7.045765072107315063e+00
7.230000000000000000e+02,7.230000000000005311e-01,4.714410982063937716e+00,1.071842998432417787e-01,-2.736184817558648050e-02,-4.394513076617541369e-02,-4.234267728765650496e-02,1.603916663078087945e-02,-5.733593180775642395e-02,7.033725887537002563e+00
7.240000000000000000e+02,7.240000000000005320e-01,4.714323154160829255e+00,1.070901510019578590e-01,-2.741838345803366064e-02,-4.364342162950930054e-02,-4.238742226502179022e-02,1.648935220290563552e-02,-5.519114248454570770e-02,6.989527046680450439e+00
7.250000000000000000e+02,7.250000000000005329e-01,4.714235245273035169e+00,1.069956503360993405e-01,-2.747502632718435561e-02,-4.330525344383917563e-02,-4.243564581054304341e-02,1.693798260981977527e-02,-7.845180295407772064e-02,7.012929916381835938e+00
7.260000000000000000e+02,7.260000000000005338e-01,4.714147260457009381e+00,1.069007373031728991e-01,-2.753173485953193389e-02,-4.293062213685475137e-02,-4.248702828528139186e-02,1.738545365487820585e-02,-7.654790952801704407e-02,7.018392771482467651e+00
7.270000000000000000e+02,7.270000000000005347e-01,4.714059183892167049e+00,1.068058056342861967e-01,-2.758854919877515646e-02,-4.252946796147674680e-02,-4.254125700434396862e-02,1.783166193410020903e-02,-6.306583248078823090e-02,7.018283814191818237e+00
7.280000000000000000e+02,7.280000000000005356e-01,4.713971009337407203e+00,1.067108163091903400e-01,-2.764547193327596131e-02,-4.210038048534731764e-02,-4.259846579725823368e-02,1.827687415282953920e-02,-8.652647770941257477e-02,7.116396486759185791e+00
7.290000000000000000e+02,7.290000000000005365e-01,4.713882740219243139e+00,1.066157513506241633e-01,-2.770252548102996454e-02,-4.164194264421946373e-02,-4.265884789536178445e-02,1.872076439729981195e-02,-9.503444842994213104e-02,7.125947117805480957e+00
7.300000000000000000e+02,7.300000000000005373e-01,4.713794332174078505e+00,1.065204174754354471e-01,-2.775969255824238882e-02,-4.114921318081819074e-02,-4.272314878020666562e-02,1.916308258336470866e-02,-9.109313599765300751e-02,7.140009284019470215e+00
7.310000000000000000e+02,7.310000000000005382e-01,4.713705767307474481e+00,1.064249510166195983e-01,-2.781699300398099081e-02,-4.062608578307962126e-02,-4.279127427503803816e-02,1.960387804869936912e-02,-1.030190493911504745e-01,7.132640630006790161e+00
7.320000000000000000e+02,7.320000000000005391e-01,4.713617052717352429e+00,1.063293028770681131e-01,-2.787435995382114839e-02,-4.007064632864888037e-02,-4.286321674377258084e-02,2.004301006401224688e-02,-1.059807967394590378e-01,7.104721635580062866e+00
7.330000000000000000e+02,7.330000000000005400e-01,4.713528184669315557e+00,1.062337154878450068e-01,-2.793180781612536467e-02,-3.949036181030635834e-02,-4.293855544031255356e-02,2.048072104576614816e-02,-9.303447231650352478e-02,7.118860393762588501e+00
7.340000000000000000e+02,7.340000000000005409e-01,4.713439124812577319e+00,1.061382367178436426e-01,-2.798940346088098566e-02,-3.888953541022983906e-02,-4.301712721421857566e-02,2.091754705778431020e-02,-9.132307581603527069e-02,7.162337541580200195e+00
7.350000000000000000e+02,7.350000000000005418e-01,4.713349876632727309e+00,1.060426299825701774e-01,-2.804712218759751116e-02,-3.826505542572119362e-02,-4.309912092814482953e-02,2.135403925817527804e-02,-8.721855096518993378e-02,7.162492781877517700e+00
7.360000000000000000e+02,7.360000000000005427e-01,4.713260451578344501e+00,1.059470260194286667e-01,-2.810481726813811310e-02,-3.762293856613620202e-02,-4.318388804972661532e-02,2.179083850716381082e-02,-6.908643059432506561e-02,7.113180339336395264e+00
7.370000000000000000e+02,7.370000000000005436e-01,4.713170877815716864e+00,1.058516886466916301e-01,-2.816245942993305176e-02,-3.697080929590430831e-02,-4.327086188480655515e-02,2.222821396970381391e-02,-7.179143000394105911e-02,7.100499361753463745e+00
7.380000000000000000e+02,7.380000000000005445e-01,4.713081163746266178e+00,1.057564667318625085e-01,-2.822005868667882764e-02,-3.631025938381182011e-02,-4.335972715678915179e-02,2.266741213559621271e-02,-7.480923179537057877e-02,7.129975527524948120e+00
7.390000000000000000e+02,7.390000000000005453e-01,4.712991288659116762e+00,1.056612383559964174e-01,-2.827762078805663715e-02,-3.564230873550116446e-02,-4.345037431547016382e-02,2.310923846705947513e-02,-8.443084824830293655e-02,7.096250206232070923e+00
7.400000000000000000e+02,7.400000000000005462e-01,4.712901256991597343e+00,1.055656529924486609e-01,-2.833517199911606693e-02,-3.495879377862124576e-02,-4.354355402058618374e-02,2.355413397820731863e-02,-8.776353765279054642e-02,7.115399271249771118e+00
7.410000000000000000e+02,7.410000000000005471e-01,4.712811071810769192e+00,1.054696365991278639e-01,-2.839270743667820021e-02,-3.425813946842982960e-02,-4.363922040910073186e-02,2.400186204975161136e-02,-1.007353831082582474e-01,7.177774697542190552e+00
7.420000000000000000e+02,7.420000000000005480e-01,4.712720759631570111e+00,1.053732197720743113e-01,-2.845016650502496525e-02,-3.354107183659834485e-02,-4.373721858798429452e-02,2.445305649153100766e-02,-1.122794756665825844e-01,7.259699314832687378e+00
7.430000000000000000e+02,7.430000000000005489e-01,4.712630295836019556e+00,1.052766815747304824e-01,-2.850751281461694209e-02,-3.281380633454042406e-02,-4.383734570131481156e-02,2.490730017289187817e-02,-1.173112690448760986e-01,7.257854193449020386e+00
7.440000000000000000e+02,7.440000000000005498e-01,4.712539673432866394e+00,1.051799959803676049e-01,-2.856470569132850759e-02,-3.207504964169530931e-02,-4.393995261626071347e-02,2.536459019444403662e-02,-1.406518584117293358e-01,7.199958831071853638e+00
7.450000000000000000e+02,7.450000000000005507e-01,4.712448895564876672e+00,1.050830386088271451e-01,-2.862172970428978822e-02,-3.132230669549606467e-02,-4.404516250481016471e-02,2.582490484484985249e-02,-1.290762340649962425e-01,7.163993686437606812e+00
7.460000000000000000e+02,7.460000000000005516e-01,4.712357934779127788e+00,1.049857296829125042e-01,-2.867859997836396876e-02,-3.055447957497317221e-02,-4.415284903061622579e-02,2.628803694666076787e-02,-1.477809678763151169e-01,7.199492514133453369e+00
7.470000000000000000e+02,7.470000000000005524e-01,4.712266794137095260e+00,1.048879669149146571e-01,-2.873536991449061884e-02,-2.976750960656361633e-02,-4.426331261630633840e-02,2.675347220249667951e-02,-1.410535285249352455e-01,7.220113873481750488e+00
7.480000000000000000e+02,7.480000000000005533e-01,4.712175481688431589e+00,1.047901040255662386e-01,-2.879201744243877967e-02,-2.896825730215669276e-02,-4.437622498294402362e-02,2.722062091576344517e-02,-1.468858486041426659e-01,7.221602380275726318e+00
7.490000000000000000e+02,7.490000000000005542e-01,4.712084013083093659e+00,1.046921587707563828e-01,-2.884850883761654050e-02,-2.815768286304376478e-02,-4.449151550474028660e-02,2.768972883827598014e-02,-1.340500619262456894e-01,7.190680623054504395e+00
7.500000000000000000e+02,7.500000000000005551e-01,4.711992382340619123e+00,1.045941125578291331e-01,-2.890486152515302568e-02,-2.733512346185934180e-02,-4.460931826587488658e-02,2.816024627263160121e-02,-1.360218650661408901e-01,7.183532625436782837e+00
7.510000000000000000e+02,7.510000000000005560e-01,4.711900620945805862e+00,1.044958005317249000e-01,-2.896099393711756842e-02,-2.649721347457124204e-02,-4.472946307818914669e-02,2.863194378156503489e-02,-1.384094171226024628e-01,7.235051661729812622e+00
7.520000000000000000e+02,7.520000000000005569e-01,4.711808704807538994e+00,1.043972080956437481e-01,-2.901685881196992833e-02,-2.564304397889879961e-02,-4.485184252718310560e-02,2.910437823945479646e-02,-1.252930071204900742e-01,7.253975838422775269e+00
7.530000000000000000e+02,7.530000000000005578e-01,4.711716656002921333e+00,1.042987196978936437e-01,-2.907239879540990737e-02,-2.478413465212197034e-02,-4.497573959575262847e-02,2.957782958585838604e-02,-1.019965345039963722e-01,7.217497467994689941e+00
7.540000000000000000e+02,7.540000000000005587e-01,4.711624472137652120e+00,1.042004824837266669e-01,-2.912753522492766284e-02,-2.392072037012771962e-02,-4.510098225324288279e-02,3.005111403555841415e-02,-1.032869964838027954e-01,7.214307814836502075e+00
7.550000000000000000e+02,7.550000000000005596e-01,4.711532000291831501e+00,1.041030135501483378e-01,-2.918230422344185795e-02,-2.304445009874186642e-02,-4.522819397375976713e-02,3.051503298770199060e-02,-7.945027947425842285e-02,7.223297715187072754e+00
7.560000000000000000e+02,7.560000000000005604e-01,4.711439156672823536e+00,1.040065865577758236e-01,-2.923678314208816298e-02,-2.215153562630772788e-02,-4.535792153692552731e-02,3.096496161270435865e-02,-4.175078496336936951e-02,7.211374312639236450e+00
7.570000000000000000e+02,7.570000000000005613e-01,4.711345965482724552e+00,1.039120289026242705e-01,-2.929085075618204775e-02,-2.125969356500866103e-02,-4.548856095770714703e-02,3.139984179800114211e-02,-4.364548996090888977e-02,7.215721637010574341e+00
7.580000000000000000e+02,7.580000000000005622e-01,4.711252501437818374e+00,1.038199367198058831e-01,-2.934444568081651106e-02,-2.038353735091342697e-02,-4.561880152992547899e-02,3.181985878148860247e-02,-2.182923629879951477e-02,7.220077693462371826e+00
7.590000000000000000e+02,7.590000000000005631e-01,4.711158772665211103e+00,1.037299927370093910e-01,-2.939757425528819954e-02,-1.951531676399824444e-02,-4.574919084619399889e-02,3.222492667663006544e-02,-2.695448510348796844e-02,7.225245803594589233e+00
7.600000000000000000e+02,7.600000000000005640e-01,4.711064774303776126e+00,1.036417404859913405e-01,-2.945023848959961096e-02,-1.864370865591640988e-02,-4.588052490720917476e-02,3.261439108556610927e-02,-3.468275815248489380e-02,7.210637778043746948e+00
7.610000000000000000e+02,7.610000000000005649e-01,4.710970506665391966e+00,1.035551446328833447e-01,-2.950243274788149836e-02,-1.776689168468943009e-02,-4.601291659251871558e-02,3.298775942706118347e-02,-1.397095248103141785e-02,7.157854646444320679e+00
7.620000000000000000e+02,7.620000000000005658e-01,4.710875998506179663e+00,1.034704403239457421e-01,-2.955416196168078255e-02,-1.689154288116533065e-02,-4.614580826774661304e-02,3.334595828441801885e-02,-9.764142334461212158e-03,7.185801714658737183e+00
7.630000000000000000e+02,7.630000000000005667e-01,4.710781321776764230e+00,1.033878239291920742e-01,-2.960535433858712748e-02,-1.602037495114638777e-02,-4.627848738761386471e-02,3.368895601314209065e-02,-3.013793751597404480e-02,7.213083982467651367e+00
7.640000000000000000e+02,7.640000000000005675e-01,4.710686524661098495e+00,1.033071294460518874e-01,-2.965596784577271064e-02,-1.515178129881527419e-02,-4.641102724585888240e-02,3.401778496682378999e-02,-2.135903947055339813e-02,7.213202685117721558e+00
7.650000000000000000e+02,7.650000000000005684e-01,4.710591582583382397e+00,1.032280977734518490e-01,-2.970606732050594737e-02,-1.428251343405750710e-02,-4.654398062221631882e-02,3.433294557066340208e-02,-3.930348902940750122e-02,7.200723469257354736e+00
7.660000000000000000e+02,7.660000000000005693e-01,4.710496511243955631e+00,1.031505873877363866e-01,-2.975561249802995134e-02,-1.341088602059461662e-02,-4.667730588102325662e-02,3.463511901396199022e-02,-4.423596337437629700e-02,7.208183109760284424e+00
7.670000000000000000e+02,7.670000000000005702e-01,4.710401310654058094e+00,1.030745461955105413e-01,-2.980460499628313775e-02,-1.253759533629094508e-02,-4.681087823272767068e-02,3.492485098134681665e-02,-5.242738313972949982e-02,7.177672088146209717e+00
7.680000000000000000e+02,7.680000000000005711e-01,4.710305981877498382e+00,1.029998513050300185e-01,-2.985307310340085812e-02,-1.166148837517641187e-02,-4.694488640414329339e-02,3.520289878337375111e-02,-5.422754585742950439e-02,7.130522608757019043e+00
7.690000000000000000e+02,7.690000000000005720e-01,4.710210544393200749e+00,1.029264323472459247e-01,-2.990106448607796064e-02,-1.078097220718192070e-02,-4.707944023280719037e-02,3.546993830062863950e-02,-5.686434172093868256e-02,7.133779615163803101e+00
7.700000000000000000e+02,7.700000000000005729e-01,4.710115015971596542e+00,1.028543432926886936e-01,-2.994849783739474483e-02,-9.898188660475253087e-03,-4.721387206600380360e-02,3.572627892736340849e-02,-8.113520406186580658e-02,7.144548475742340088e+00
7.710000000000000000e+02,7.710000000000005738e-01,4.710019395455075752e+00,1.027834264158864613e-01,-2.999527713428786976e-02,-9.010463431830380288e-03,-4.734805432366462341e-02,3.597238688196344181e-02,-8.058019541203975677e-02,7.147686719894409180e+00
7.720000000000000000e+02,7.720000000000005747e-01,4.709923693653274235e+00,1.027139042607767838e-01,-3.004138679491558800e-02,-8.126305484173933918e-03,-4.748135643187123556e-02,3.620954633250349219e-02,-9.275781922042369843e-02,7.126615554094314575e+00
7.730000000000000000e+02,7.730000000000005755e-01,4.709827949205765307e+00,1.026459135798132721e-01,-3.008687843541585014e-02,-7.249163477320534968e-03,-4.761370323609992461e-02,3.643804909536958042e-02,-9.657288528978824615e-02,7.123956948518753052e+00
7.740000000000000000e+02,7.740000000000005764e-01,4.709732116816865322e+00,1.025793956685628061e-01,-3.013180486481354531e-02,-6.379348203120211586e-03,-4.774512904407068881e-02,3.665785171678995202e-02,-8.300229161977767944e-02,7.151952952146530151e+00
7.750000000000000000e+02,7.750000000000005773e-01,4.709636171257011839e+00,1.025141269083218037e-01,-3.017614209513810528e-02,-5.512550206875233699e-03,-4.787583787867011331e-02,3.686890386890243065e-02,-9.277958422899246216e-02,7.147263824939727783e+00
7.760000000000000000e+02,7.760000000000005782e-01,4.709540143294012715e+00,1.024499432591662179e-01,-3.021976473520620807e-02,-4.646781224882191863e-03,-4.800567613287953783e-02,3.707222903952239051e-02,-9.361583366990089417e-02,7.142883062362670898e+00
7.770000000000000000e+02,7.770000000000005791e-01,4.709444064492751103e+00,1.023869852086950333e-01,-3.026259970572085789e-02,-3.788538394011966431e-03,-4.813389525511824196e-02,3.726884291605180033e-02,-7.586796768009662628e-02,7.124084621667861938e+00
7.780000000000000000e+02,7.780000000000005800e-01,4.709347931979308122e+00,1.023251033674857507e-01,-3.030469013221724975e-02,-2.936190413882783928e-03,-4.826072675596826400e-02,3.745969548329163012e-02,-8.410591259598731995e-02,7.125417202711105347e+00
7.790000000000000000e+02,7.790000000000005809e-01,4.709251731739744429e+00,1.022644469413149793e-01,-3.034602988326544695e-02,-2.095096202636599625e-03,-4.838564901930086926e-02,3.764481327451488918e-02,-8.896509651094675064e-02,7.132404297590255737e+00
7.800000000000000000e+02,7.800000000000005818e-01,4.709155419893370720e+00,1.022049169671142982e-01,-3.038664664835328752e-02,-1.264503061599493022e-03,-4.850879914536165849e-02,3.782425626338882518e-02,-1.003039525821805000e-01,7.080711483955383301e+00
7.810000000000000000e+02,7.810000000000005826e-01,4.709058996024205968e+00,1.021462610481778666e-01,-3.042649922188712594e-02,-4.406116503128630624e-04,-4.863034502568441830e-02,3.799889692917557404e-02,-1.197791751474142075e-01,7.061965018510818481e+00
7.820000000000000000e+02,7.820000000000005835e-01,4.708962478896258297e+00,1.020884107921810474e-01,-3.046549021704658342e-02,3.781149121010150826e-04,-4.874982466426702743e-02,3.816851634832960083e-02,-1.491464618593454361e-01,7.103168815374374390e+00
7.830000000000000000e+02,7.830000000000005844e-01,4.708865837467530291e+00,1.020310444077164175e-01,-3.050372107143487638e-02,1.199394538184069686e-03,-4.886805260989146582e-02,3.833318610717960373e-02,-1.697359243407845497e-01,7.110942006111145020e+00
7.840000000000000000e+02,7.840000000000005853e-01,4.708769002565702522e+00,1.019740987236664037e-01,-3.054121194411879223e-02,2.021491266278808291e-03,-4.898515523557089857e-02,3.849374539794417349e-02,-1.817960869520902634e-01,7.100508362054824829e+00
7.850000000000000000e+02,7.850000000000005862e-01,4.708671965696587414e+00,1.019177078574912965e-01,-3.057790439154177073e-02,2.838404023226971662e-03,-4.910052677161846901e-02,3.865090498469499897e-02,-1.653043963015079498e-01,7.095713347196578979e+00
7.860000000000000000e+02,7.860000000000005871e-01,4.708574759627510709e+00,1.018616236851913465e-01,-3.061379966580346848e-02,3.651349102790975298e-03,-4.921422423880139618e-02,3.880666658306332339e-02,-1.509656440466642380e-01,7.076791912317276001e+00
7.870000000000000000e+02,7.870000000000005880e-01,4.708477550602069961e+00,1.018046147053716377e-01,-3.064894318358337214e-02,4.467967664023055063e-03,-4.932701883137768917e-02,3.896965161301874786e-02,-1.268836166709661484e-01,7.070645898580551147e+00
7.880000000000000000e+02,7.880000000000005889e-01,4.708380448727493395e+00,1.017465091938247329e-01,-3.068336400070386175e-02,5.276938599729968926e-03,-4.943813680643227570e-02,3.914610609358059462e-02,-1.262668957933783531e-01,7.081624001264572144e+00
7.890000000000000000e+02,7.890000000000005898e-01,4.708283482551766319e+00,1.016870795124557858e-01,-3.071714831034323689e-02,6.079973101160131288e-03,-4.954799438461066075e-02,3.933755937311658041e-02,-1.177434390410780907e-01,7.060130983591079712e+00
7.900000000000000000e+02,7.900000000000005906e-01,4.708186634640480150e+00,1.016258410766849446e-01,-3.075037874857572406e-02,6.885769534718210599e-03,-4.965759961696036839e-02,3.954481214107805065e-02,-1.206578481942415237e-01,7.082845002412796021e+00
7.910000000000000000e+02,7.910000000000005915e-01,4.708089905254973395e+00,1.015622036209331835e-01,-3.078314297063374644e-02,7.706523876599740558e-03,-4.976809177656416061e-02,3.976832257525890479e-02,-1.265982184559106827e-01,7.099519968032836914e+00
7.920000000000000000e+02,7.920000000000005924e-01,4.707993254782118164e+00,1.014964763610896742e-01,-3.081543292665779588e-02,8.532140594418209656e-03,-4.987881917273129240e-02,4.000856787974205880e-02,-1.112407557666301727e-01,7.095964938402175903e+00
7.930000000000000000e+02,7.930000000000005933e-01,4.707896695134752285e+00,1.014289827017210432e-01,-3.084712830768801539e-02,9.354741127554831032e-03,-4.998890312522807911e-02,4.026627661335525910e-02,-1.217227661982178688e-01,7.078733921051025391e+00
7.940000000000000000e+02,7.940000000000005942e-01,4.707800232731749190e+00,1.013597486225352312e-01,-3.087818338130093182e-02,1.017618674074502808e-02,-5.009832809497560824e-02,4.054026272835344058e-02,-1.009177612140774727e-01,7.066741079092025757e+00
7.950000000000000000e+02,7.950000000000005951e-01,4.707703836295529243e+00,1.012883400772563586e-01,-3.090865429792687830e-02,1.100595741305448842e-02,-5.020793822264546513e-02,4.083006018320716607e-02,-9.554320760071277618e-02,7.070477813482284546e+00
7.960000000000000000e+02,7.960000000000005960e-01,4.707607512506985614e+00,1.012146406714371782e-01,-3.093848935408529538e-02,1.184506782979099018e-02,-5.031760896062231758e-02,4.113594093902905868e-02,-9.681683033704757690e-02,7.090998947620391846e+00
7.970000000000000000e+02,7.970000000000005969e-01,4.707511283889629361e+00,1.011389354691509673e-01,-3.096761397015907261e-02,1.268754465855860374e-02,-5.042668575869346803e-02,4.145781973434045642e-02,-9.968640096485614777e-02,7.080306023359298706e+00
7.980000000000000000e+02,7.980000000000005977e-01,4.707415138884695871e+00,1.010612446159516453e-01,-3.099609656280943523e-02,1.353531116744877139e-02,-5.053566296397682400e-02,4.179507095807814820e-02,-8.807741664350032806e-02,7.066018015146255493e+00
7.990000000000000000e+02,7.990000000000005986e-01,4.707319050750167655e+00,1.009815251685684812e-01,-3.102392215517475738e-02,1.439215740344275928e-02,-5.064473190573171024e-02,4.214584679131572892e-02,-8.510002493858337402e-02,7.092478573322296143e+00
8.000000000000000000e+02,8.000000000000005995e-01,4.707223003680105045e+00,1.008994647930072375e-01,-3.105115666647345618e-02,1.526795476050254660e-02,-5.075481677994075902e-02,4.250906577753917059e-02,-1.011615246534347534e-01,7.100123316049575806e+00
8.010000000000000000e+02,8.010000000000006004e-01,4.707126997517010913e+00,1.008153521711177836e-01,-3.107774761077196010e-02,1.615671062879537462e-02,-5.086543068852544813e-02,4.288423807513811609e-02,-1.049773152917623520e-01,7.093503862619400024e+00
8.020000000000000000e+02,8.020000000000006013e-01,4.707031018162384228e+00,1.007296705600522341e-01,-3.110364914840639192e-02,1.704788798242176662e-02,-5.097566111231088826e-02,4.327095239216888212e-02,-1.060659661889076233e-01,7.091785371303558350e+00
8.030000000000000000e+02,8.030000000000006022e-01,4.706935047723310284e+00,1.006428339553525897e-01,-3.112882930024469391e-02,1.792876630716969122e-02,-5.108437328016934842e-02,4.366864551109911341e-02,-9.819843433797359467e-02,7.068506389856338501e+00
8.040000000000000000e+02,8.040000000000006031e-01,4.706839029731705537e+00,1.005544327861907367e-01,-3.115335108204558487e-02,1.880878001456074908e-02,-5.119248557331745886e-02,4.407628568312059458e-02,-1.044911500066518784e-01,7.090483427047729492e+00
8.050000000000000000e+02,8.050000000000006040e-01,4.706742941332527685e+00,1.004639597983123661e-01,-3.117728491184572001e-02,1.969785931584856764e-02,-5.130090957520971884e-02,4.449407663792023793e-02,-1.312512857839465141e-01,7.107846885919570923e+00
8.060000000000000000e+02,8.060000000000006048e-01,4.706646781974583860e+00,1.003715821078932507e-01,-3.120060874674451812e-02,2.059157635315755908e-02,-5.140935834877402577e-02,4.492249552686795877e-02,-1.431530108675360680e-01,7.101634889841079712e+00
8.070000000000000000e+02,8.070000000000006057e-01,4.706550546342730179e+00,1.002777117340901830e-01,-3.122325030167759016e-02,2.148137380357572832e-02,-5.151701506874184489e-02,4.536126416954885943e-02,-1.498012840747833252e-01,7.054768532514572144e+00
8.080000000000000000e+02,8.080000000000006066e-01,4.706454210189119358e+00,1.001825773322210233e-01,-3.124524778134233835e-02,2.236489331927811117e-02,-5.162378522113519885e-02,4.580945186261438373e-02,-1.605324437841773033e-01,7.077106207609176636e+00
8.090000000000000000e+02,8.090000000000006075e-01,4.706357752698996144e+00,1.000860136102411924e-01,-3.126670174196342911e-02,2.324645523475854514e-02,-5.173011592527054781e-02,4.626639374462150622e-02,-1.667524976655840874e-01,7.099191039800643921e+00
8.100000000000000000e+02,8.100000000000006084e-01,4.706261156370096899e+00,9.998807815481036698e-02,-3.128758684945857904e-02,2.412529496800980278e-02,-5.183596057010420033e-02,4.673132463927925917e-02,-1.537909870967268944e-01,7.071337580680847168e+00
8.110000000000000000e+02,8.110000000000006093e-01,4.706164408253628473e+00,9.988896264732943786e-02,-3.130781981092520261e-02,2.499752892017740452e-02,-5.194083754012712717e-02,4.720409480950015640e-02,-1.598304808139801025e-01,7.081738263368606567e+00
8.120000000000000000e+02,8.120000000000006102e-01,4.706067497965018553e+00,9.978869114001225060e-02,-3.132743496236475161e-02,2.586269980872479141e-02,-5.204469540369727198e-02,4.768489344888387355e-02,-1.405178410932421684e-01,7.092945039272308350e+00
8.130000000000000000e+02,8.130000000000006111e-01,4.705970403120371515e+00,9.968708433992158613e-02,-3.134649738946222036e-02,2.672780468121194186e-02,-5.214835647619620040e-02,4.817292438591368187e-02,-1.339684138074517250e-01,7.132055848836898804e+00
8.140000000000000000e+02,8.140000000000006120e-01,4.705873140208498562e+00,9.958394569365612570e-02,-3.136505729051386471e-02,2.759762115185883033e-02,-5.225244614113044861e-02,4.866842430075404846e-02,-1.333864247426390648e-01,7.108867764472961426e+00
8.150000000000000000e+02,8.150000000000006128e-01,4.705775716536327202e+00,9.947954378454014479e-02,-3.138302915582654590e-02,2.846920056443000627e-02,-5.235664467213974049e-02,4.917118186321327300e-02,-1.369193084537982941e-01,7.069509446620941162e+00
8.160000000000000000e+02,8.160000000000006137e-01,4.705678163850163465e+00,9.937422475699521363e-02,-3.140039587494431600e-02,2.933768618448451965e-02,-5.246040546282770833e-02,4.968074580849862060e-02,-1.443397747352719307e-01,7.077352315187454224e+00
8.170000000000000000e+02,8.170000000000006146e-01,4.705580510411627948e+00,9.926786286146145610e-02,-3.141723746706416576e-02,3.020619418615560353e-02,-5.256408354327279930e-02,5.019724812459016444e-02,-1.359722260385751724e-01,7.097857058048248291e+00
8.180000000000000000e+02,8.180000000000006155e-01,4.705482735146763851e+00,9.916046842395251359e-02,-3.143353357514807461e-02,3.107630878595295937e-02,-5.266776694011388038e-02,5.071976149176229270e-02,-1.314951293170452118e-01,7.101522326469421387e+00
8.190000000000000000e+02,8.190000000000006164e-01,4.705384829994419427e+00,9.905194917070656024e-02,-3.144932410777397103e-02,3.195183526278991964e-02,-5.277199437719692909e-02,5.124764720111083666e-02,-1.345621114596724510e-01,7.089436709880828857e+00
8.200000000000000000e+02,8.200000000000006173e-01,4.705286817423206536e+00,9.894279308849744659e-02,-3.146453605599607017e-02,3.282247874011529065e-02,-5.287570969779653574e-02,5.178096635006024240e-02,-1.523272721096873283e-01,7.108872264623641968e+00
8.210000000000000000e+02,8.210000000000006182e-01,4.705188697701261802e+00,9.883317920662902656e-02,-3.147914287468234901e-02,3.368482263558395667e-02,-5.297848511760783197e-02,5.231962684923537749e-02,-1.639897683635354042e-01,7.145320862531661987e+00
8.220000000000000000e+02,8.220000000000006191e-01,4.705090476098494179e+00,9.872331648755015843e-02,-3.149312634056962434e-02,3.453262697913864199e-02,-5.307983160504625708e-02,5.286370667322257133e-02,-1.769621297717094421e-01,7.111839801073074341e+00
8.230000000000000000e+02,8.230000000000006199e-01,4.704992126012150777e+00,9.861298383828344394e-02,-3.150656431480786807e-02,3.537327191313857644e-02,-5.318077529900389067e-02,5.341227935431645812e-02,-1.588214170187711716e-01,7.084665745496749878e+00
8.240000000000000000e+02,8.240000000000006208e-01,4.704893622429262123e+00,9.850266454561892870e-02,-3.151942413030003887e-02,3.619531756021449748e-02,-5.328006361129378199e-02,5.396507538910102347e-02,-1.712701488286256790e-01,7.103223562240600586e+00
8.250000000000000000e+02,8.250000000000006217e-01,4.704794991062923870e+00,9.839263076924588403e-02,-3.153156708617228104e-02,3.699133714318996596e-02,-5.337647499654440963e-02,5.452266488200575162e-02,-1.754166269674897194e-01,7.063993901014328003e+00
8.260000000000000000e+02,8.260000000000006226e-01,4.704696226625443067e+00,9.828267376015673018e-02,-3.154302318773749558e-02,3.776775377855915578e-02,-5.347072250956919071e-02,5.508475094190407734e-02,-1.656059678643941879e-01,7.064996063709259033e+00
8.270000000000000000e+02,8.270000000000006235e-01,4.704597294136896757e+00,9.817218330548325989e-02,-3.155393031649941088e-02,3.854120524804972164e-02,-5.356445762302874947e-02,5.565033599593664088e-02,-1.567450277507305145e-01,7.106864184141159058e+00
8.280000000000000000e+02,8.280000000000006244e-01,4.704498222531878326e+00,9.806116742283696452e-02,-3.156425504404547500e-02,3.931100211976014391e-02,-5.365752916962596153e-02,5.621982766773353513e-02,-1.461850386112928391e-01,7.103469461202621460e+00
8.290000000000000000e+02,8.290000000000006253e-01,4.704399043569920558e+00,9.795005209508259036e-02,-3.157393867839252549e-02,4.006878923184539754e-02,-5.374924605611441919e-02,5.679354291909968766e-02,-1.273018764331936836e-01,7.065112411975860596e+00
8.300000000000000000e+02,8.300000000000006262e-01,4.704299777188384546e+00,9.783894341596013899e-02,-3.158299002647591003e-02,4.081365971998786313e-02,-5.383953507905570035e-02,5.737121171285723686e-02,-1.195555236190557480e-01,7.078186243772506714e+00
8.310000000000000000e+02,8.310000000000006271e-01,4.704200434417785459e+00,9.772758574233458839e-02,-3.159153899132923632e-02,4.155272927710917941e-02,-5.392925834510986505e-02,5.795276963213166765e-02,-1.100207185372710228e-01,7.102750420570373535e+00
8.320000000000000000e+02,8.320000000000006279e-01,4.704101033618711902e+00,9.761591955950447985e-02,-3.159955734485950241e-02,4.228961040698649837e-02,-5.401868444568092009e-02,5.853751976843334787e-02,-1.094024162739515305e-01,7.114373207092285156e+00
8.330000000000000000e+02,8.330000000000006288e-01,4.704001594616248560e+00,9.750407889270600037e-02,-3.160696613607783673e-02,4.302327954723868947e-02,-5.410756786899040272e-02,5.912493005015487940e-02,-8.726682327687740326e-02,7.142290234565734863e+00
8.340000000000000000e+02,8.340000000000006297e-01,4.703902135866840695e+00,9.739230718736179016e-02,-3.161380686650839406e-02,4.375005509445763913e-02,-5.419578835873783973e-02,5.971474891011729208e-02,-9.415692649781703949e-02,7.134693175554275513e+00
8.350000000000000000e+02,8.350000000000006306e-01,4.703802680925667445e+00,9.728111217221695195e-02,-3.162001431136549773e-02,4.446193769066822399e-02,-5.428252526332610906e-02,6.030590251373459110e-02,-1.091119199991226196e-01,7.137808054685592651e+00
8.360000000000000000e+02,8.360000000000006315e-01,4.703703218270932851e+00,9.717024810858392037e-02,-3.162563918579723576e-02,4.516706116674837346e-02,-5.436858689677737111e-02,6.089729859263232070e-02,-8.219273015856742859e-02,7.189395368099212646e+00
8.370000000000000000e+02,8.370000000000006324e-01,4.703603715985020806e+00,9.705947880058050925e-02,-3.163077546476916052e-02,4.587183821141217061e-02,-5.445484601142158709e-02,6.148828590905496688e-02,-8.193822391331195831e-02,7.169120579957962036e+00
8.380000000000000000e+02,8.380000000000006333e-01,4.703504179552162157e+00,9.694935310426172625e-02,-3.163526641533017519e-02,4.656267372362138390e-02,-5.453977460288195189e-02,6.207847162525220730e-02,-9.151104930788278580e-02,7.169970810413360596e+00
8.390000000000000000e+02,8.390000000000006342e-01,4.703404675054388306e+00,9.684041007373983545e-02,-3.163893896541307427e-02,4.722515410482434201e-02,-5.462142967917937852e-02,6.266878618711765880e-02,-8.686544559895992279e-02,7.157971680164337158e+00
8.400000000000000000e+02,8.400000000000006350e-01,4.703305169414139009e+00,9.673265504675782056e-02,-3.164177718006774831e-02,4.785714646750637707e-02,-5.469951349441926070e-02,6.325898784879163683e-02,-7.882627099752426147e-02,7.161531507968902588e+00
8.410000000000000000e+02,8.410000000000006359e-01,4.703205652931827352e+00,9.662570282588088533e-02,-3.164379975165892284e-02,4.846601006225184638e-02,-5.477461812226414040e-02,6.384843799312796275e-02,-8.038153313100337982e-02,7.189250648021697998e+00
8.420000000000000000e+02,8.420000000000006368e-01,4.703106135193459103e+00,9.651954062526343914e-02,-3.164501877086727671e-02,4.904999559767210526e-02,-5.484661735448259634e-02,6.443756383922331910e-02,-9.870733134448528290e-02,7.200371593236923218e+00
8.430000000000000000e+02,8.430000000000006377e-01,4.703006628030053093e+00,9.641434596325955397e-02,-3.164534476995493895e-02,4.960328161815260456e-02,-5.491477269846267717e-02,6.502642078146239624e-02,-1.024339813739061356e-01,7.192763954401016235e+00
8.440000000000000000e+02,8.440000000000006386e-01,4.702907120525228635e+00,9.631050016306583195e-02,-3.164473874761284528e-02,5.011954613290370286e-02,-5.497835555981889222e-02,6.561410367634311347e-02,-9.580766968429088593e-02,7.223816722631454468e+00
8.450000000000000000e+02,8.450000000000006395e-01,4.702807593652568841e+00,9.620813738230735157e-02,-3.164320086021735201e-02,5.059301590977785534e-02,-5.503674941894631800e-02,6.620105239182108581e-02,-9.743737243115901947e-02,7.197707623243331909e+00
8.460000000000000000e+02,8.460000000000006404e-01,4.702708042138674216e+00,9.610700299507926592e-02,-3.164076278909962875e-02,5.102708075985854658e-02,-5.509045098998810452e-02,6.678727317635060889e-02,-1.025515059009194374e-01,7.196064770221710205e+00
8.470000000000000000e+02,8.470000000000006413e-01,4.702608456322391106e+00,9.600670484947250449e-02,-3.163747046947467528e-02,5.143142695918438007e-02,-5.514032865066020861e-02,6.737248480135350770e-02,-1.040544267743825912e-01,7.195342302322387695e+00
8.480000000000000000e+02,8.480000000000006422e-01,4.702508831457529404e+00,9.590712352992455947e-02,-3.163335402572910876e-02,5.180870833662933744e-02,-5.518669409464060926e-02,6.795686898818356636e-02,-9.516863711178302765e-02,7.187687933444976807e+00
8.490000000000000000e+02,8.490000000000006430e-01,4.702409177217141689e+00,9.580854425827389775e-02,-3.162837944509875460e-02,5.215202028772292220e-02,-5.522877107349688508e-02,6.854096446577770396e-02,-8.684791903942823410e-02,7.177331358194351196e+00
8.500000000000000000e+02,8.500000000000006439e-01,4.702309505885226670e+00,9.571096036836414245e-02,-3.162250394219189020e-02,5.246189623978517874e-02,-5.526637809127987744e-02,6.912461158804142358e-02,-9.058620035648345947e-02,7.210894316434860229e+00
8.510000000000000000e+02,8.510000000000006448e-01,4.702209806041537377e+00,9.561402981011327129e-02,-3.161580011121362110e-02,5.274708929830097814e-02,-5.530048633067519148e-02,6.970755363453830233e-02,-8.876999281346797943e-02,7.196553945541381836e+00
8.520000000000000000e+02,8.520000000000006457e-01,4.702110060858208485e+00,9.551776427960372018e-02,-3.160827106805858683e-02,5.300558473857626407e-02,-5.533106092669060061e-02,7.029039157060934517e-02,-8.586852625012397766e-02,7.194429904222488403e+00
8.530000000000000000e+02,8.530000000000006466e-01,4.702010285668479561e+00,9.542229228281684517e-02,-3.159986409695916126e-02,5.323165874249992380e-02,-5.535730226606938587e-02,7.087401315077780650e-02,-8.368611708283424377e-02,7.194410651922225952e+00
8.540000000000000000e+02,8.540000000000006475e-01,4.701910480844261109e+00,9.532763595877784268e-02,-3.159055394459989174e-02,5.342669920681176327e-02,-5.537920496319825858e-02,7.145814588114010601e-02,-6.819850113242864609e-02,7.185033142566680908e+00
8.550000000000000000e+02,8.550000000000006484e-01,4.701810644500113767e+00,9.523344656563988153e-02,-3.158036397742379486e-02,5.359722463346831833e-02,-5.539745822779074125e-02,7.204327583564547333e-02,-7.096733897924423218e-02,7.165619224309921265e+00
8.560000000000000000e+02,8.560000000000006493e-01,4.701710787093781541e+00,9.513968609901832241e-02,-3.156933057873410192e-02,5.374477410475067551e-02,-5.541225204894439926e-02,7.262933365691978671e-02,-7.259971275925636292e-02,7.177033245563507080e+00
8.570000000000000000e+02,8.570000000000006501e-01,4.701610911037608531e+00,9.504639766548009239e-02,-3.155749278919740830e-02,5.387017233648589559e-02,-5.542367242297241425e-02,7.321599997824430883e-02,-7.541989814490079880e-02,7.199879467487335205e+00
8.580000000000000000e+02,8.580000000000006510e-01,4.701511015081808686e+00,9.495364826659692670e-02,-3.154484747964878683e-02,5.397183832868711340e-02,-5.543159681788956128e-02,7.380360261426972823e-02,-7.977518625557422638e-02,7.219651937484741211e+00
8.590000000000000000e+02,8.590000000000006519e-01,4.701411097476453804e+00,9.486126739791383988e-02,-3.153141536045388216e-02,5.405474708853598431e-02,-5.543666831137694651e-02,7.439203935372003251e-02,-7.158549409359693527e-02,7.209759771823883057e+00
8.600000000000000000e+02,8.600000000000006528e-01,4.701311169340091745e+00,9.476927455021609548e-02,-3.151715012053353526e-02,5.411692405738303263e-02,-5.543862804762422769e-02,7.498188258057875144e-02,-7.700852584093809128e-02,7.189287185668945312e+00
8.610000000000000000e+02,8.610000000000006537e-01,4.701211248190179326e+00,9.467770426004359918e-02,-3.150201371306690645e-02,5.415621782924982808e-02,-5.543708091024313056e-02,7.557360173229597800e-02,-8.605013135820627213e-02,7.169551193714141846e+00
8.620000000000000000e+02,8.620000000000006546e-01,4.701111327254439587e+00,9.458654336093594295e-02,-3.148603338485975178e-02,5.417454774472683920e-02,-5.543218602085397961e-02,7.616701402499743978e-02,-7.920127082616090775e-02,7.177500069141387939e+00
8.630000000000000000e+02,8.630000000000006555e-01,4.701011379935123635e+00,9.449579104290962983e-02,-3.146925386745517278e-02,5.417489014832693045e-02,-5.542423443349697720e-02,7.676123006743582056e-02,-7.929601334035396576e-02,7.173844754695892334e+00
8.640000000000000000e+02,8.640000000000006564e-01,4.700911432172564020e+00,9.440540702486677205e-02,-3.145163927554413957e-02,5.415834893375714998e-02,-5.541324399730962469e-02,7.735643957694801620e-02,-8.383970987051725388e-02,7.155178993940353394e+00
8.650000000000000000e+02,8.650000000000006573e-01,4.700811505528681877e+00,9.431529098518821874e-02,-3.143321349007292820e-02,5.412602073681637566e-02,-5.539940362719186773e-02,7.795341742815875552e-02,-8.568255882710218430e-02,7.162286102771759033e+00
8.660000000000000000e+02,8.660000000000006581e-01,4.700711607870200481e+00,9.422538659824422624e-02,-3.141402992514150116e-02,5.408023002942274893e-02,-5.538303163523727868e-02,7.855217738883846224e-02,-9.442139603197574615e-02,7.182856678962707520e+00
8.670000000000000000e+02,8.670000000000006590e-01,4.700611678831666751e+00,9.413573057789707821e-02,-3.139417552113521470e-02,5.402448044831495433e-02,-5.536471545351395740e-02,7.915085249836387171e-02,-1.033202810212969780e-01,7.191231995820999146e+00
8.680000000000000000e+02,8.680000000000006599e-01,4.700511710372157204e+00,9.404626669552582086e-02,-3.137364681721060283e-02,5.396033323360428791e-02,-5.534468532662972784e-02,7.974932657551823956e-02,-1.049107601866126060e-01,7.185293674468994141e+00
8.690000000000000000e+02,8.690000000000006608e-01,4.700411703057868706e+00,9.395711985565291524e-02,-3.135235601591775806e-02,5.388492525484789991e-02,-5.532239146386297435e-02,8.034791035028611417e-02,-1.057004081085324287e-01,7.182320237159729004e+00
8.700000000000000000e+02,8.700000000000006617e-01,4.700311637732170311e+00,9.386831147321492153e-02,-3.133022639962434325e-02,5.379665390936924640e-02,-5.529735724673900954e-02,8.094663266978716076e-02,-1.237184107303619385e-01,7.194940209388732910e+00
8.710000000000000000e+02,8.710000000000006626e-01,4.700211530507390378e+00,9.377968525220435614e-02,-3.130725767602710041e-02,5.369855899783099185e-02,-5.526988236378338470e-02,8.154576913454872344e-02,-1.299415798857808113e-01,7.160700529813766479e+00
8.720000000000000000e+02,8.720000000000006635e-01,4.700111367311964550e+00,9.369090529963586267e-02,-3.128355772592449763e-02,5.359963889293611894e-02,-5.524131318109337663e-02,8.214507885493282924e-02,-1.272854590788483620e-01,7.168912649154663086e+00
8.730000000000000000e+02,8.730000000000006644e-01,4.700011130810736404e+00,9.360207588316263316e-02,-3.125913934542528388e-02,5.349763686050956757e-02,-5.521128703850863850e-02,8.274449525231367120e-02,-1.403867229819297791e-01,7.171248763799667358e+00
8.740000000000000000e+02,8.740000000000006652e-01,4.699910820891856744e+00,9.351323121477976563e-02,-3.123403660237247803e-02,5.339344611731677154e-02,-5.518004730732983809e-02,8.334381080887476312e-02,-1.416596090421080589e-01,7.194392561912536621e+00
8.750000000000000000e+02,8.750000000000006661e-01,4.699810432788471104e+00,9.342455963211007686e-02,-3.120822702451167899e-02,5.328122958173676926e-02,-5.514693072533094487e-02,8.394354317449985448e-02,-1.356981163844466209e-01,7.169835269451141357e+00
8.760000000000000000e+02,8.760000000000006670e-01,4.699709975296911146e+00,9.333596362789252365e-02,-3.118167182936081028e-02,5.316276155168398604e-02,-5.511210884913175789e-02,8.454388672634854940e-02,-1.567013096064329147e-01,7.178726255893707275e+00
8.770000000000000000e+02,8.770000000000006679e-01,4.699609434988878398e+00,9.324737824808349007e-02,-3.115441712294085563e-02,5.303929250677529017e-02,-5.507571791753806956e-02,8.514441868481366360e-02,-1.617888715118169785e-01,7.192322194576263428e+00
8.780000000000000000e+02,8.780000000000006688e-01,4.699508784580515908e+00,9.315868211093684959e-02,-3.112654183795699261e-02,5.291434882997741312e-02,-5.503842132611369564e-02,8.574481534175751318e-02,-1.480925325304269791e-01,7.199261099100112915e+00
8.790000000000000000e+02,8.790000000000006697e-01,4.699408023656026501e+00,9.306977550521992881e-02,-3.109806011593053976e-02,5.279116822513658935e-02,-5.500067986561196776e-02,8.634496875374812752e-02,-1.502828849479556084e-01,7.214531630277633667e+00
8.800000000000000000e+02,8.800000000000006706e-01,4.699307158147341568e+00,9.298058170072157069e-02,-3.106904196143966262e-02,5.267142833679896996e-02,-5.496296622808327648e-02,8.694530627270885548e-02,-1.536944480612874031e-01,7.202670991420745850e+00
8.810000000000000000e+02,8.810000000000006715e-01,4.699206191997851612e+00,9.289132864890785324e-02,-3.103938018390945547e-02,5.254701953011058080e-02,-5.492414172561921326e-02,8.754666084840163898e-02,-1.571422065608203411e-01,7.222071141004562378e+00
8.820000000000000000e+02,8.820000000000006724e-01,4.699105131002488278e+00,9.280192341829318625e-02,-3.100909031451585390e-02,5.242238299530353751e-02,-5.488468409906088752e-02,8.814879331751555858e-02,-1.552473367191851139e-01,7.214424371719360352e+00
8.830000000000000000e+02,8.830000000000006732e-01,4.699003955345543382e+00,9.271217182950687585e-02,-3.097820613640307405e-02,5.230333003827199179e-02,-5.484540176935692735e-02,8.875088095190157567e-02,-1.579260937869548798e-01,7.204068183898925781e+00
8.840000000000000000e+02,8.840000000000006741e-01,4.698902653976245958e+00,9.262233729682024796e-02,-3.094664483053361642e-02,5.218217063818024470e-02,-5.480513585001545174e-02,8.935314016622890321e-02,-1.673676734790205956e-01,7.222015321254730225e+00
8.850000000000000000e+02,8.850000000000006750e-01,4.698801234192142573e+00,9.253250017379774373e-02,-3.091440366989251648e-02,5.205681862032246476e-02,-5.476360819426728810e-02,8.995582987744948911e-02,-1.469456348568201065e-01,7.191646218299865723e+00
8.860000000000000000e+02,8.860000000000006759e-01,4.698699677582113488e+00,9.244259730733557501e-02,-3.088152935827564657e-02,5.192856635856003822e-02,-5.472116889630496139e-02,9.055838843192080823e-02,-1.472351606935262680e-01,7.188432574272155762e+00
8.870000000000000000e+02,8.870000000000006768e-01,4.698597973375294501e+00,9.235238216022369218e-02,-3.084807483774473086e-02,5.180294699570871242e-02,-5.467843427180474336e-02,9.116046029442757825e-02,-1.509852390736341476e-01,7.208558708429336548e+00
8.880000000000000000e+02,8.880000000000006777e-01,4.698496136838178572e+00,9.226199041237033438e-02,-3.081400875308713469e-02,5.167596071970341487e-02,-5.463485752709407173e-02,9.176246913707965247e-02,-1.410230742767453194e-01,7.209954798221588135e+00
8.890000000000000000e+02,8.890000000000006786e-01,4.698394184298040344e+00,9.217152006272509579e-02,-3.077927617898538332e-02,5.154457638723135282e-02,-5.459003043325738602e-02,9.236485623048508453e-02,-1.294865394011139870e-01,7.198866933584213257e+00
8.900000000000000000e+02,8.900000000000006795e-01,4.698292121776785457e+00,9.208094810856545798e-02,-3.074388230218341039e-02,5.140888216594979854e-02,-5.454398114786873641e-02,9.296778195025148794e-02,-1.339465114288032055e-01,7.198159426450729370e+00
8.910000000000000000e+02,8.910000000000006803e-01,4.698189961678576942e+00,9.199025492346164790e-02,-3.070784528203583663e-02,5.126935018196192295e-02,-5.449674318624198044e-02,9.357097625283665454e-02,-1.229454842396080494e-01,7.213563859462738037e+00
8.920000000000000000e+02,8.920000000000006812e-01,4.698087712289951590e+00,9.189941416083721726e-02,-3.067119823355392294e-02,5.112525900425944625e-02,-5.444833707763008235e-02,9.417462987852896761e-02,-1.111903949640691280e-01,7.186605960130691528e+00
8.930000000000000000e+02,8.930000000000006821e-01,4.697985355443059063e+00,9.180838585184572520e-02,-3.063396598086896155e-02,5.097815725354400834e-02,-5.439904037853948715e-02,9.477781002991839121e-02,-1.019382802769541740e-01,7.225550234317779541e+00
8.940000000000000000e+02,8.940000000000006830e-01,4.697882915866584241e+00,9.171704177489306553e-02,-3.059613063555257501e-02,5.082969198794121124e-02,-5.434885469051176088e-02,9.538097034245457406e-02,-8.757819887250661850e-02,7.238309353590011597e+00
8.950000000000000000e+02,8.950000000000006839e-01,4.697780380444469550e+00,9.162548419408850231e-02,-3.055758361238481227e-02,5.067633214737577579e-02,-5.429717617415752429e-02,9.598409808342828198e-02,-1.064799744635820389e-01,7.213290184736251831e+00
8.960000000000000000e+02,8.960000000000006848e-01,4.697677809858568310e+00,9.153389768715278207e-02,-3.051822217758923261e-02,5.051139908186957211e-02,-5.424299801024123902e-02,9.658836280745902725e-02,-1.087863007560372353e-01,7.170678526163101196e+00
8.970000000000000000e+02,8.970000000000006857e-01,4.697575192074376460e+00,9.144221951172168406e-02,-3.047809525846320589e-02,5.033538626034367303e-02,-5.418641203650165217e-02,9.719403892411368484e-02,-9.275225177407264709e-02,7.179761260747909546e+00
8.980000000000000000e+02,8.980000000000006866e-01,4.697472485061339853e+00,9.135020530152222762e-02,-3.043733802674683173e-02,5.015577075102002624e-02,-5.412846658495884533e-02,9.779993283970155049e-02,-8.773154485970735550e-02,7.170900344848632812e+00
