iter,time,x,y,z,roll,pitch,yaw,fx,fz
0.000000000000000000e+00,0.000000000000000000e+00,4.750000000000000000e+00,1.000000000000000056e-01,-1.149999999999999981e-02,0.000000000000000000e+00,0.000000000000000000e+00,5.000000000000000278e-02,-5.998742114752531052e-02,5.612963676452636719e+00
1.000000000000000000e+00,1.000000000000000021e-03,4.750000000000000000e+00,1.000000000000000056e-01,-1.149999999999999981e-02,0.000000000000000000e+00,0.000000000000000000e+00,5.000000000000000278e-02,-5.798936868086457253e-02,6.097889512777328491e+00
2.000000000000000000e+00,2.000000000000000042e-03,4.749999938080513573e+00,9.999890482316675655e-02,-1.150500884381287607e-02,4.528158260394543611e-06,-1.057380992453005319e-05,5.000382298335270120e-02,-5.032150447368621826e-02,6.705490380525588989e+00
3.000000000000000000e+00,3.000000000000000062e-03,4.749999811612640954e+00,9.999683568294018277e-02,-1.151459067538549395e-02,1.455818067085112855e-05,-3.256500611326096362e-05,5.001068460206732624e-02,-5.072660511359572411e-02,6.917744725942611694e+00
4.000000000000000000e+00,4.000000000000000083e-03,4.749999624566933143e+00,9.999401752213055161e-02,-1.152766770263147049e-02,3.241733733708521137e-05,-6.527133408540386483e-05,5.001916474314939409e-02,-5.108642345294356346e-02,6.948308229446411133e+00
5.000000000000000000e+00,5.000000000000000104e-03,4.749999374335040159e+00,9.999054719996393337e-02,-1.154375866024123440e-02,5.886169525591219975e-05,-1.081011008190468914e-04,5.002855050640085677e-02,-5.058556003496050835e-02,6.960284829139709473e+00
6.000000000000000000e+00,6.000000000000000125e-03,4.749999059219137010e+00,9.998646445859281362e-02,-1.156271735797117887e-02,9.443139218396484624e-05,-1.607146837607764667e-04,5.003848673969117644e-02,-5.056602274999022484e-02,6.988712221384048462e+00
7.000000000000000000e+00,7.000000000000000146e-03,4.749998678642803895e+00,9.998179691098733890e-02,-1.158447383701517557e-02,1.391859235884522483e-04,-2.229372618343106183e-04,5.004872887994572805e-02,-4.733634181320667267e-02,7.018044084310531616e+00
8.000000000000000000e+00,8.000000000000000167e-03,4.749998231952341499e+00,9.997656666569422479e-02,-1.160898157480155443e-02,1.934239214900247694e-04,-2.947489483575704838e-04,5.005909534917078740e-02,-2.950083371251821518e-02,7.037608474493026733e+00
9.000000000000000000e+00,9.000000000000001055e-03,4.749997725661641468e+00,9.997079059636550247e-02,-1.163620472549407696e-02,2.561214207426540379e-04,-3.761700558433389574e-04,5.006942325727021387e-02,-2.527802344411611557e-02,7.053390532732009888e+00
1.000000000000000000e+01,1.000000000000000194e-02,4.749997180377532935e+00,9.996464658019399430e-02,-1.166610071732597856e-02,3.276963896646709062e-04,-4.671516315712942458e-04,5.007858123691727448e-02,-2.406489523127675056e-02,7.066808909177780151e+00
1.100000000000000000e+01,1.100000000000000283e-02,4.749996601286590625e+00,9.995816905424033394e-02,-1.169865593510208308e-02,4.087659295547926841e-04,-5.677226654290379315e-04,5.008657674433670409e-02,-2.818948635831475258e-02,7.077379167079925537e+00
1.200000000000000000e+01,1.200000000000000372e-02,4.749995991795689321e+00,9.995133003283214468e-02,-1.173386023398459606e-02,4.998553841226369143e-04,-6.779125827520715575e-04,5.009370322687599353e-02,-2.845048857852816582e-02,6.891278266906738281e+00
1.300000000000000000e+01,1.300000000000000461e-02,4.749995346679027897e+00,9.994410155126511042e-02,-1.177167745735741705e-02,6.014134918689260922e-04,-7.976514097944864545e-04,5.010016599209086985e-02,-3.057906636968255043e-02,6.566536873579025269e+00
1.400000000000000000e+01,1.400000000000000550e-02,4.749994666127808074e+00,9.993646029878824888e-02,-1.181175753457502052e-02,7.132101670424551010e-04,-9.249040610013192776e-04,5.010608488019899914e-02,-2.274929312989115715e-02,6.552021086215972900e+00
1.500000000000000000e+01,1.500000000000000638e-02,4.749993948134916266e+00,9.992838124036133862e-02,-1.185353405499460326e-02,8.343418157779440569e-04,-1.056266648187031976e-03,5.011163097340319561e-02,-2.493263455107808113e-02,6.675097107887268066e+00
1.600000000000000000e+01,1.600000000000000727e-02,4.749993205268119745e+00,9.991986226847536512e-02,-1.189699293010534203e-02,9.645404274084938556e-04,-1.191624249762268661e-03,5.011691521989083964e-02,-2.514351392164826393e-02,6.737456440925598145e+00
1.700000000000000000e+01,1.700000000000000816e-02,4.749992434523977458e+00,9.991092190513722882e-02,-1.194224382509163386e-02,1.104120929869910339e-03,-1.331919485282551108e-03,5.012183520851356405e-02,-2.020814036950469017e-02,6.772606581449508667e+00
1.800000000000000000e+01,1.800000000000000905e-02,4.749991636990853472e+00,9.990153562807001231e-02,-1.198937307853594272e-02,1.253646459378116029e-03,-1.477731602437692970e-03,5.012649378131176642e-02,-1.963516650721430779e-02,6.772281050682067871e+00
1.900000000000000000e+01,1.900000000000000994e-02,4.749990819381114449e+00,9.989171707089106178e-02,-1.203831903570934912e-02,1.413842546570506092e-03,-1.629021908009953279e-03,5.013082804531827918e-02,-2.011952782049775124e-02,6.769214034080505371e+00
2.000000000000000000e+01,2.000000000000001082e-02,4.749989983447298947e+00,9.988144767449833039e-02,-1.208911204663872495e-02,1.585446937625342723e-03,-1.785888843504501722e-03,5.013487133668263762e-02,-2.208274975419044495e-02,6.774882942438125610e+00
2.100000000000000000e+01,2.100000000000001171e-02,4.749989129151879652e+00,9.987071221865259640e-02,-1.214178057432343909e-02,1.768926695121818271e-03,-1.948411793676330106e-03,5.013862328053444312e-02,-2.354544447734951973e-02,6.778829544782638550e+00
2.200000000000000000e+01,2.200000000000001260e-02,4.749988254352005335e+00,9.985950034887067228e-02,-1.219633636154169101e-02,1.964126830677460911e-03,-2.116656623703194740e-03,5.014225210939520644e-02,-2.085113013163208961e-02,6.761027276515960693e+00
2.300000000000000000e+01,2.300000000000001349e-02,4.749987359988126379e+00,9.984778312339064044e-02,-1.225280119560291127e-02,2.169961829482251747e-03,-2.290714470122079405e-03,5.014586968902778191e-02,-2.875713771209120750e-02,6.770530283451080322e+00
2.400000000000000000e+01,2.400000000000001438e-02,4.749986453090729199e+00,9.983553807858834561e-02,-1.231126007675624641e-02,2.386255557930778287e-03,-2.470782631421197806e-03,5.014960561974719788e-02,-2.412492129951715469e-02,6.776578187942504883e+00
2.500000000000000000e+01,2.500000000000001527e-02,4.749985522354292833e+00,9.982278527430053783e-02,-1.237165502009653952e-02,2.614074033369932770e-03,-2.656713038940106131e-03,5.015320207056046808e-02,-2.134060906246304512e-02,6.775038063526153564e+00
2.600000000000000000e+01,2.600000000000001615e-02,4.749984576804172853e+00,9.980948872437757358e-02,-1.243400161308181109e-02,2.852720977094866384e-03,-2.848586510500572544e-03,5.015696400982566638e-02,-2.204567939043045044e-02,6.784334897994995117e+00
2.700000000000000000e+01,2.700000000000001704e-02,4.749983624128416793e+00,9.979559796775255842e-02,-1.249835779291297473e-02,3.103357120695777321e-03,-3.046587099330366755e-03,5.016113712952494086e-02,-2.030955813825130463e-02,6.791770488023757935e+00
2.800000000000000000e+01,2.800000000000001793e-02,4.749982665973740303e+00,9.978108746191145795e-02,-1.256477642867838244e-02,3.366008546829005882e-03,-3.250933583163195806e-03,5.016582566583895064e-02,-1.986609492450952530e-02,6.814355373382568359e+00
2.900000000000000000e+01,2.900000000000001882e-02,4.749981707144712573e+00,9.976594596532978310e-02,-1.263328672464304400e-02,3.640716292196633647e-03,-3.461757755799821368e-03,5.017112810356057218e-02,-1.713375188410282135e-02,6.834639370441436768e+00
3.000000000000000000e+01,3.000000000000001971e-02,4.749980750756987113e+00,9.975020591065908437e-02,-1.270385409382245034e-02,3.923776605462322986e-03,-3.679052986730768637e-03,5.017698465267376312e-02,-2.397499699145555496e-02,6.806603491306304932e+00
3.100000000000000000e+01,3.100000000000002059e-02,4.749979803759925012e+00,9.973386243126945716e-02,-1.277646985167809994e-02,4.215945357359293655e-03,-3.902884689866992218e-03,5.018324122386206426e-02,-2.588542271405458450e-02,6.788598477840423584e+00
3.200000000000000000e+01,3.200000000000002148e-02,4.749978860610563736e+00,9.971685628231996557e-02,-1.285109231806873253e-02,4.518553392526252627e-03,-4.132982496749315615e-03,5.019023450767716443e-02,-2.936868928372859955e-02,6.793202638626098633e+00
3.300000000000000000e+01,3.300000000000002237e-02,4.749977920624918859e+00,9.969910753318068919e-02,-1.292762837495991385e-02,4.832702277014235687e-03,-4.368954279512893280e-03,5.019836144381606413e-02,-2.880655229091644287e-02,6.811102420091629028e+00
3.400000000000000000e+01,3.400000000000002326e-02,4.749976978483078760e+00,9.968067250260348455e-02,-1.300611598541522550e-02,5.158397049821076413e-03,-4.610946566863560747e-03,5.020733678060622374e-02,-3.104131668806076050e-02,6.747863739728927612e+00
3.500000000000000000e+01,3.500000000000002415e-02,4.749976037118865513e+00,9.966151720470407815e-02,-1.308662346302689669e-02,5.497019428074408076e-03,-4.859269662926157807e-03,5.021730878978612755e-02,-2.573948726058006287e-02,6.685338318347930908e+00
3.600000000000000000e+01,3.600000000000002504e-02,4.749975089531277561e+00,9.964169404499308158e-02,-1.316898862260951729e-02,5.848683239423529967e-03,-5.113088523722497669e-03,5.022794621777775664e-02,-3.419058211147785187e-02,6.729120790958404541e+00
3.700000000000000000e+01,3.700000000000002592e-02,4.749974142273330813e+00,9.962127294392154886e-02,-1.325307124249279142e-02,6.212079298032961716e-03,-5.371646785281569692e-03,5.023944697379853497e-02,-3.526375070214271545e-02,6.756940484046936035e+00
3.800000000000000000e+01,3.800000000000002681e-02,4.749973180458573196e+00,9.960032887848450922e-02,-1.333887600842956385e-02,6.586768210901067233e-03,-5.635165489041860098e-03,5.025132733902272497e-02,-4.499831609427928925e-02,6.751835703849792480e+00
3.900000000000000000e+01,3.900000000000002770e-02,4.749972206584760492e+00,9.957885295846315155e-02,-1.342645732703605377e-02,6.971986262450245025e-03,-5.903955466666443996e-03,5.026362683131163633e-02,-4.733478650450706482e-02,6.796028673648834229e+00
4.000000000000000000e+01,4.000000000000002859e-02,4.749971211499975254e+00,9.955679100838808748e-02,-1.351583516308552287e-02,7.369313653421884908e-03,-6.178056932659492517e-03,5.027642520813728477e-02,-4.688013531267642975e-02,6.803140848875045776e+00
4.100000000000000000e+01,4.100000000000002948e-02,4.749970196785130661e+00,9.953408641697616965e-02,-1.360698937303616608e-02,7.778189174686006568e-03,-6.457615559757323709e-03,5.029045075691802175e-02,-5.067364871501922607e-02,6.816323220729827881e+00
4.200000000000000000e+01,4.200000000000003036e-02,4.749969164706125291e+00,9.951073903667523313e-02,-1.369995441784494471e-02,8.197879581898173673e-03,-6.742779256242670272e-03,5.030565079929331940e-02,-4.988824762403964996e-02,6.849648267030715942e+00
4.300000000000000000e+01,4.300000000000003125e-02,4.749968109560549046e+00,9.948679837225890554e-02,-1.379473812630672459e-02,8.626961598889079652e-03,-7.033635484922307057e-03,5.032170587230352932e-02,-4.717209283262491226e-02,6.881623297929763794e+00
4.400000000000000000e+01,4.400000000000003214e-02,4.749967036028992950e+00,9.946223950029059457e-02,-1.389138348248346831e-02,9.064073187326129183e-03,-7.330485569401856694e-03,5.033884298888947895e-02,-4.456296190619468689e-02,6.899308413267135620e+00
4.500000000000000000e+01,4.500000000000003303e-02,4.749965949627156903e+00,9.943710579645713421e-02,-1.398994806923289577e-02,9.509101109970857779e-03,-7.633671001468167461e-03,5.035700212794601283e-02,-5.286495201289653778e-02,6.921403616666793823e+00
4.600000000000000000e+01,4.600000000000003392e-02,4.749964853555003863e+00,9.941139460744470580e-02,-1.409046006106247709e-02,9.964117690934876787e-03,-7.943365453524142694e-03,5.037578300395859077e-02,-5.312426015734672546e-02,6.886227965354919434e+00
4.700000000000000000e+01,4.700000000000003481e-02,4.749963740666458101e+00,9.938506583110708059e-02,-1.419280264986748016e-02,1.042674198394627147e-02,-8.259287515281155123e-03,5.039537717926860505e-02,-5.573359690606594086e-02,6.875719010829925537e+00
4.800000000000000000e+01,4.800000000000003569e-02,4.749962613026688985e+00,9.935806331553231896e-02,-1.429688143389109753e-02,1.089866296675505095e-02,-8.580959125684683997e-03,5.041598623258546075e-02,-5.477296654134988785e-02,6.842465251684188843e+00
4.900000000000000000e+01,4.900000000000003658e-02,4.749961461990876543e+00,9.933048991689191753e-02,-1.440262292123464620e-02,1.138040799321515112e-02,-8.908084195818455342e-03,5.043694488771802847e-02,-5.435413680970668793e-02,6.832674086093902588e+00
5.000000000000000000e+01,5.000000000000003747e-02,4.749960292086999658e+00,9.930234826439887641e-02,-1.451000048878861408e-02,1.187165316881081192e-02,-9.240420482153233195e-03,5.045863029372080200e-02,-4.793431796133518219e-02,6.851025670766830444e+00
5.100000000000000000e+01,5.100000000000003836e-02,4.749959099817934849e+00,9.927381069532778546e-02,-1.461900549723934607e-02,1.237018922268441276e-02,-9.577890685808165827e-03,5.048039398802735278e-02,-5.385120492428541183e-02,6.846881419420242310e+00
5.200000000000000000e+01,5.200000000000003925e-02,4.749957894936970959e+00,9.924488700253197848e-02,-1.472957865017618904e-02,1.287528818233068043e-02,-9.920387011331355254e-03,5.050234811438918114e-02,-4.778458736836910248e-02,6.872733026742935181e+00
5.300000000000000000e+01,5.300000000000004013e-02,4.749956667090004636e+00,9.921559778121694095e-02,-1.484165808969862589e-02,1.338762859303406841e-02,-1.026768311400494404e-02,5.052419045438349965e-02,-4.588646348565816879e-02,6.833807915449142456e+00
5.400000000000000000e+01,5.400000000000004102e-02,4.749955425583364921e+00,9.918600632244181647e-02,-1.495523602445962379e-02,1.390713508110155705e-02,-1.061987912698625358e-02,5.054616960866423203e-02,-5.021222773939371109e-02,6.809195846319198608e+00
5.500000000000000000e+01,5.500000000000004191e-02,4.749954176360531299e+00,9.915604705399619356e-02,-1.507027381689880069e-02,1.443566390964553039e-02,-1.097666404269204143e-02,5.056853639726635596e-02,-5.686811544001102448e-02,6.783128559589385986e+00
5.600000000000000000e+01,5.600000000000004280e-02,4.749952909626491859e+00,9.912583990570579540e-02,-1.518682708361147188e-02,1.497177728310253308e-02,-1.133810177860761215e-02,5.059061336238400430e-02,-6.142694409936666489e-02,6.781123369932174683e+00
5.700000000000000000e+01,5.700000000000004369e-02,4.749951616170494439e+00,9.909538505996638713e-02,-1.530493546043520774e-02,1.551654377530873805e-02,-1.170419799938793304e-02,5.061220565561673490e-02,-6.721023190766572952e-02,6.830749452114105225e+00
5.800000000000000000e+01,5.800000000000004458e-02,4.749950290231536698e+00,9.906469644081813963e-02,-1.542459460719580212e-02,1.606911443155330244e-02,-1.207492831432865898e-02,5.063323630633924377e-02,-6.416093558073043823e-02,6.821925103664398193e+00
5.900000000000000000e+01,5.900000000000004546e-02,4.749948923087051078e+00,9.903386752202594789e-02,-1.554576869110738113e-02,1.662835668741170433e-02,-1.245041288598480733e-02,5.065383923562784274e-02,-6.279317848384380341e-02,6.874988108873367310e+00
6.000000000000000000e+01,6.000000000000004635e-02,4.749947519423271203e+00,9.900291513001185928e-02,-1.566842939841103094e-02,1.719570885667045385e-02,-1.283051587076911026e-02,5.067397945702937362e-02,-5.123450141400098801e-02,6.871309190988540649e+00
6.100000000000000000e+01,6.100000000000004724e-02,4.749946080827213812e+00,9.897189854717115820e-02,-1.579262121851010212e-02,1.777119206858490327e-02,-1.321563052487673140e-02,5.069320454695383504e-02,-5.713450349867343903e-02,6.902366250753402710e+00
6.200000000000000000e+01,6.200000000000004813e-02,4.749944627874178593e+00,9.894080516351060062e-02,-1.591841035201051191e-02,1.835570354768696621e-02,-1.360595782707640922e-02,5.071162417612738726e-02,-5.206526350229978561e-02,6.940702974796295166e+00
6.300000000000000000e+01,6.300000000000004208e-02,4.749943155299457764e+00,9.890959180171940424e-02,-1.604575804900035610e-02,1.894961422893324740e-02,-1.400151424144180368e-02,5.072925697526391164e-02,-5.820760130882263184e-02,6.990169137716293335e+00
6.400000000000000000e+01,6.400000000000004297e-02,4.749941667967867431e+00,9.887831506023105066e-02,-1.617463934788947524e-02,1.955262278085621863e-02,-1.440239770227780269e-02,5.074581703433106439e-02,-4.988024942576885223e-02,7.009299486875534058e+00
6.500000000000000000e+01,6.500000000000004385e-02,4.749940157453458767e+00,9.884700491761150287e-02,-1.630501210849503307e-02,2.016411730420859805e-02,-1.480869936342910087e-02,5.076105498651316272e-02,-5.437844805419445038e-02,7.025417715311050415e+00
6.600000000000000000e+01,6.600000000000004474e-02,4.749938639641274385e+00,9.881567753529853226e-02,-1.643693885268281488e-02,2.078423578777965908e-02,-1.522071369971200738e-02,5.077492978972977800e-02,-5.648860055953264236e-02,7.029106229543685913e+00
6.700000000000000000e+01,6.700000000000004563e-02,4.749937114788413517e+00,9.878425590000183831e-02,-1.657044393103791410e-02,2.141306877155821006e-02,-1.563860378504777771e-02,5.078804039038288531e-02,-6.115081906318664551e-02,7.018723607063293457e+00
6.800000000000000000e+01,6.800000000000004652e-02,4.749935582268014045e+00,9.875277646893862449e-02,-1.670555488555717366e-02,2.204893035254472389e-02,-1.606248841611779277e-02,5.080080874916478861e-02,-6.985160429030656815e-02,7.035617411136627197e+00
6.900000000000000000e+01,6.900000000000004741e-02,4.749934037325575176e+00,9.872119026278315668e-02,-1.684221456449537524e-02,2.269398945945299770e-02,-1.649212413229217411e-02,5.081306766137290432e-02,-7.875352166593074799e-02,7.073137640953063965e+00
7.000000000000000000e+01,7.000000000000004829e-02,4.749932474101361102e+00,9.868940073667378798e-02,-1.698042959884831990e-02,2.334773827865001261e-02,-1.692761513477392121e-02,5.082515378740673495e-02,-9.144465439021587372e-02,7.090576618909835815e+00
7.100000000000000000e+01,7.100000000000004918e-02,4.749930882847475111e+00,9.865744159499843791e-02,-1.712016858133820485e-02,2.400760350687587349e-02,-1.736905102265873246e-02,5.083771041696957815e-02,-9.148445725440979004e-02,7.118893593549728394e+00
7.200000000000000000e+01,7.200000000000005007e-02,4.749929244677081108e+00,9.862543202351591043e-02,-1.726134530390579375e-02,2.467233455227579170e-02,-1.781622971669083455e-02,5.085054726148365706e-02,-8.949434477835893631e-02,7.115963697433471680e+00
7.300000000000000000e+01,7.300000000000005096e-02,4.749927559559093737e+00,9.859343814902959968e-02,-1.740401164701818257e-02,2.534427226313057044e-02,-1.826944753567860680e-02,5.086304760633210409e-02,-8.365812432020902634e-02,7.094744890928268433e+00
7.400000000000000000e+01,7.400000000000005185e-02,4.749925832195497577e+00,9.856144470687873416e-02,-1.754824416151429950e-02,2.602497612425190218e-02,-1.872893686858789764e-02,5.087481231013929461e-02,-7.755920942872762680e-02,7.046568900346755981e+00
7.500000000000000000e+01,7.500000000000005274e-02,4.749924079025217516e+00,9.852938037696158668e-02,-1.769396144289563447e-02,2.671279457479835279e-02,-1.919433119787505859e-02,5.088638845199818656e-02,-8.509357366710901260e-02,7.008232563734054565e+00
7.600000000000000000e+01,7.600000000000005362e-02,4.749922313945817542e+00,9.849717577468793117e-02,-1.784107062766476445e-02,2.740710980319993606e-02,-1.966511453662467268e-02,5.089880160241380680e-02,-7.895605079829692841e-02,6.952170014381408691e+00
7.700000000000000000e+01,7.700000000000005451e-02,4.749920520308976712e+00,9.846494765427876716e-02,-1.798947818790530909e-02,2.810859141846050457e-02,-2.014078153127196735e-02,5.091112163942587698e-02,-9.161556698381900787e-02,6.913149803876876831e+00
7.800000000000000000e+01,7.800000000000005540e-02,4.749918702894418310e+00,9.843275616016108898e-02,-1.813910789275797672e-02,2.881765118356202290e-02,-2.062080465889959413e-02,5.092276974643303311e-02,-8.855396136641502380e-02,6.857395648956298828e+00
7.900000000000000000e+01,7.900000000000005629e-02,4.749916850336022733e+00,9.840045164921210064e-02,-1.828980364954502572e-02,2.953192918941875689e-02,-2.110451587610473467e-02,5.093540648688471562e-02,-1.026539616286754608e-01,6.776950538158416748e+00
8.000000000000000000e+01,8.000000000000005718e-02,4.749914964394746697e+00,9.836802581670789358e-02,-1.844143701811705796e-02,3.024976340489253512e-02,-2.159122311578065556e-02,5.094880956280548046e-02,-1.108485907316207886e-01,6.771654486656188965e+00
8.100000000000000000e+01,8.100000000000005806e-02,4.749913023278333313e+00,9.833549455610490764e-02,-1.859391266635444101e-02,3.096970894180774495e-02,-2.208022363558237444e-02,5.096274322385258015e-02,-1.015814132988452911e-01,6.749953418970108032e+00
8.200000000000000000e+01,8.200000000000005895e-02,4.749911018026893750e+00,9.830281497727828832e-02,-1.874713747868123059e-02,3.169068660384732200e-02,-2.257120374004495389e-02,5.097803469469463361e-02,-1.027789618819952011e-01,6.705126136541366577e+00
8.300000000000000000e+01,8.300000000000005984e-02,4.749908948035146850e+00,9.827016223460295630e-02,-1.890095662833007201e-02,3.241464533835208828e-02,-2.306353117204440473e-02,5.099344409770607822e-02,-1.112684011459350586e-01,6.719058454036712646e+00
8.400000000000000000e+01,8.400000000000006073e-02,4.749906809667341356e+00,9.823746402707446423e-02,-1.905525816036808887e-02,3.314311778603416109e-02,-2.355662090587817836e-02,5.100897852676915950e-02,-1.050765216350555420e-01,6.739286363124847412e+00
8.500000000000000000e+01,8.500000000000006162e-02,4.749904592229104772e+00,9.820462734693974349e-02,-1.920989013615772775e-02,3.387634479939677368e-02,-2.405005600956844347e-02,5.102549501849315550e-02,-9.967202506959438324e-02,6.725796401500701904e+00
8.600000000000000000e+01,8.600000000000006251e-02,4.749902299072939371e+00,9.817176989445523805e-02,-1.936470069724118698e-02,3.461224251841470145e-02,-2.454342855503011123e-02,5.104271796760914692e-02,-1.026574354618787766e-01,6.712088227272033691e+00
8.700000000000000000e+01,8.700000000000006339e-02,4.749899933137863961e+00,9.813897645651938062e-02,-1.951968482382851131e-02,3.535124269108230050e-02,-2.503664430690122344e-02,5.105994654686395878e-02,-8.874738216400146484e-02,6.706564843654632568e+00
8.800000000000000000e+01,8.800000000000006428e-02,4.749897493398933968e+00,9.810630029609720970e-02,-1.967494084925005410e-02,3.609440520470175856e-02,-2.552995815256098311e-02,5.107709896082888307e-02,-8.557996712625026703e-02,6.724226593971252441e+00
8.900000000000000000e+01,8.900000000000006517e-02,4.749895001263574557e+00,9.807366381753676587e-02,-1.983045795793030724e-02,3.684431509308480623e-02,-2.602330527711660402e-02,5.109425383416123234e-02,-8.112652599811553955e-02,6.738380521535873413e+00
9.000000000000000000e+01,9.000000000000006606e-02,4.749892465492774996e+00,9.804108103793658657e-02,-1.998631454390000298e-02,3.759847338486459190e-02,-2.651705413681137991e-02,5.111215804411019248e-02,-8.612228557467460632e-02,6.791322857141494751e+00
9.100000000000000000e+01,9.100000000000006695e-02,4.749889890913091328e+00,9.800860446720791042e-02,-2.014254107212998593e-02,3.835798282830484712e-02,-2.701135883245053826e-02,5.113023540514807092e-02,-8.877019025385379791e-02,6.796828389167785645e+00
9.200000000000000000e+01,9.200000000000006783e-02,4.749887276876513020e+00,9.797618089951917741e-02,-2.029921684549154670e-02,3.912294822369963981e-02,-2.750674204374492504e-02,5.114886660731165352e-02,-7.778366655111312866e-02,6.802975445985794067e+00
9.300000000000000000e+01,9.300000000000006872e-02,4.749884620891378972e+00,9.794391487511559802e-02,-2.045640443565771918e-02,3.989126390661280885e-02,-2.800345498008827150e-02,5.116837296244267086e-02,-7.306110858917236328e-02,6.830949306488037109e+00
9.400000000000000000e+01,9.400000000000006961e-02,4.749881939070611736e+00,9.791186243936100819e-02,-2.061413858378140923e-02,4.066102401071024219e-02,-2.850162865276262281e-02,5.118826435405947339e-02,-8.095780014991760254e-02,6.841766804456710815e+00
9.500000000000000000e+01,9.500000000000007050e-02,4.749879231033450111e+00,9.788016330159428346e-02,-2.077244392416881941e-02,4.143214004110085807e-02,-2.900145208586435430e-02,5.120730121530463891e-02,-9.326113760471343994e-02,6.894912570714950562e+00
9.600000000000000000e+01,9.600000000000007139e-02,4.749876488031012478e+00,9.784883226540556922e-02,-2.093142956085688317e-02,4.220336779578647002e-02,-2.950332933197685747e-02,5.122515682539381665e-02,-8.907946385443210602e-02,6.857584208250045776e+00
9.700000000000000000e+01,9.700000000000007228e-02,4.749873698621601470e+00,9.781784389042044725e-02,-2.109108826829637559e-02,4.297537351584734822e-02,-3.000749195804308656e-02,5.124216280171915716e-02,-7.812380231916904449e-02,6.847924321889877319e+00
9.800000000000000000e+01,9.800000000000007316e-02,4.749870877156074478e+00,9.778708048872208902e-02,-2.125146750618762265e-02,4.374544855402778126e-02,-3.051394684411734559e-02,5.125936589401116489e-02,-8.149295113980770111e-02,6.873849004507064819e+00
9.900000000000000000e+01,9.900000000000007405e-02,4.749868047106429181e+00,9.775648016174891264e-02,-2.141262951246799065e-02,4.451207237161709102e-02,-3.102288896638172311e-02,5.127784421006418430e-02,-8.966874517500400543e-02,6.894143283367156982e+00
1.000000000000000000e+02,1.000000000000000749e-01,4.749865210077627964e+00,9.772596484687913476e-02,-2.157455168558290379e-02,4.527507434367473993e-02,-3.153435342004784481e-02,5.129756649753097753e-02,-9.403125382959842682e-02,6.883355587720870972e+00
1.010000000000000000e+02,1.010000000000000758e-01,4.749862348987608840e+00,9.769571675376122200e-02,-2.173725211638003266e-02,4.603165481809378540e-02,-3.204848177841190804e-02,5.131764102845626924e-02,-9.891589172184467316e-02,6.930025458335876465e+00
1.020000000000000000e+02,1.020000000000000767e-01,4.749859456067588859e+00,9.766586300046999070e-02,-2.190078491103567698e-02,4.678127894504342799e-02,-3.256538738671377331e-02,5.133746479900738735e-02,-8.842547610402107239e-02,6.883709192276000977e+00
1.030000000000000000e+02,1.030000000000000776e-01,4.749856523405433073e+00,9.763640979922548480e-02,-2.206501777579597534e-02,4.752433701547794515e-02,-3.308485866979871126e-02,5.135716322269680972e-02,-9.918450377881526947e-02,6.921319544315338135e+00
1.040000000000000000e+02,1.040000000000000785e-01,4.749853564212568990e+00,9.760734630087637698e-02,-2.222999042098954339e-02,4.826286355309292175e-02,-3.360679898414264954e-02,5.137641390386174511e-02,-1.021196115761995316e-01,6.900098502635955811e+00
1.050000000000000000e+02,1.050000000000000794e-01,4.749850559244638504e+00,9.757881563631250199e-02,-2.239565568539293727e-02,4.899537128979055550e-02,-3.413122220501851878e-02,5.139471281298822053e-02,-1.026333160698413849e-01,6.890970081090927124e+00
1.060000000000000000e+02,1.060000000000000803e-01,4.749847503714775598e+00,9.755090356392588646e-02,-2.256205729888253672e-02,4.971942019611683833e-02,-3.465816628121531906e-02,5.141176614412035911e-02,-1.016633268445730209e-01,6.881517201662063599e+00
1.070000000000000000e+02,1.070000000000000812e-01,4.749844393992513680e+00,9.752367766907765745e-02,-2.272914352205226279e-02,5.043613679640188835e-02,-3.518738248199992924e-02,5.142679548621829216e-02,-1.038697995245456696e-01,6.820940583944320679e+00
1.080000000000000000e+02,1.080000000000000820e-01,4.749841228336436849e+00,9.749720084464508219e-02,-2.289690173129554571e-02,5.114485967795998761e-02,-3.571878147538010140e-02,5.143956825131829752e-02,-9.848287701606750488e-02,6.807757556438446045e+00
1.090000000000000000e+02,1.090000000000000829e-01,4.749838001577328050e+00,9.747150345781849246e-02,-2.306527504673887632e-02,5.184368633919057834e-02,-3.625190348585838329e-02,5.145051731085314994e-02,-1.044027805328369141e-01,6.808460056781768799e+00
1.100000000000000000e+02,1.100000000000000838e-01,4.749834727823334823e+00,9.744659735294643188e-02,-2.323424651346405606e-02,5.253015208886514797e-02,-3.678662958688638795e-02,5.146007532207182156e-02,-9.602543711662292480e-02,6.800561666488647461e+00
1.110000000000000000e+02,1.110000000000000847e-01,4.749831392850675016e+00,9.742238196621372248e-02,-2.340355125291702573e-02,5.320419435179044726e-02,-3.732209539709652191e-02,5.146864491790634905e-02,-1.041275858879089355e-01,6.754570484161376953e+00
1.120000000000000000e+02,1.120000000000000856e-01,4.749828006348353782e+00,9.739879871877517303e-02,-2.357311872798906888e-02,5.386619056621856638e-02,-3.785805072030190566e-02,5.147666183502136450e-02,-9.860400669276714325e-02,6.695160269737243652e+00
1.130000000000000000e+02,1.130000000000000865e-01,4.749824552257917887e+00,9.737579990491912474e-02,-2.374280465088188241e-02,5.451780663729095117e-02,-3.839381946046871441e-02,5.148469118164359509e-02,-1.029475424438714981e-01,6.636155098676681519e+00
1.140000000000000000e+02,1.140000000000000874e-01,4.749821031034925589e+00,9.735333436030770005e-02,-2.391240857715807439e-02,5.515905217770009084e-02,-3.892846469770572249e-02,5.149308626192017346e-02,-1.046092901378870010e-01,6.634249985218048096e+00
1.150000000000000000e+02,1.150000000000000883e-01,4.749817428279140330e+00,9.733135786593727357e-02,-2.408187665006704045e-02,5.579211505796365100e-02,-3.946153397275842245e-02,5.150178605337780990e-02,-1.112580988556146622e-01,6.630439579486846924e+00
1.160000000000000000e+02,1.160000000000000892e-01,4.749813748919994971e+00,9.730977978250807126e-02,-2.425129208793591271e-02,5.641605951901575156e-02,-3.999332899909258110e-02,5.151170511473918134e-02,-1.145415026694536209e-01,6.626293361186981201e+00
1.170000000000000000e+02,1.170000000000000900e-01,4.749809979234580481e+00,9.728858901211426269e-02,-2.442061176394578689e-02,5.703325871663177116e-02,-4.052368679007511965e-02,5.152268346667168708e-02,-1.212709732353687286e-01,6.658988863229751587e+00
1.180000000000000000e+02,1.180000000000000909e-01,4.749806109386472741e+00,9.726783895039052552e-02,-2.458980596748630218e-02,5.764403090432701493e-02,-4.105245476795893467e-02,5.153390096469466497e-02,-1.343328170478343964e-01,6.686126291751861572e+00
1.190000000000000000e+02,1.190000000000000918e-01,4.749802123351934746e+00,9.724765329042406314e-02,-2.475881737702818192e-02,5.824763024763024433e-02,-4.157959274222489121e-02,5.154493149242549144e-02,-1.224523931741714478e-01,6.651068657636642456e+00
1.200000000000000000e+02,1.200000000000000927e-01,4.749797998185701253e+00,9.722806435499653510e-02,-2.492756672810345769e-02,5.884430935640313359e-02,-4.210496589368761811e-02,5.155564818357825235e-02,-1.227765753865242004e-01,6.611799627542495728e+00
1.210000000000000000e+02,1.210000000000000936e-01,4.749793737883386768e+00,9.720912552242078064e-02,-2.509589135754932213e-02,5.943342167678382360e-02,-4.262783939492931218e-02,5.156532912208326713e-02,-1.217145062983036041e-01,6.623826473951339722e+00
1.220000000000000000e+02,1.220000000000000945e-01,4.749789344170568306e+00,9.719080306104339873e-02,-2.526385845176171152e-02,6.001635577477015815e-02,-4.314824971864461567e-02,5.157416629322122970e-02,-1.221897490322589874e-01,6.629120409488677979e+00
1.230000000000000000e+02,1.230000000000000954e-01,4.749784816408238797e+00,9.717312845028033830e-02,-2.543146057458062562e-02,6.059233348954305709e-02,-4.366624043457956184e-02,5.158226618186785573e-02,-1.203624103218317032e-01,6.618155568838119507e+00
1.240000000000000000e+02,1.240000000000000963e-01,4.749780150500532372e+00,9.715615910108543751e-02,-2.559873384008623867e-02,6.116125246292228312e-02,-4.418194414743115139e-02,5.158917096658360846e-02,-1.222342066466808319e-01,6.632706135511398315e+00
1.250000000000000000e+02,1.250000000000000833e-01,4.749775348434453370e+00,9.713992598699178194e-02,-2.576570868622100885e-02,6.172238054227368459e-02,-4.469539853773740745e-02,5.159468948895781087e-02,-1.204663347452878952e-01,6.652076393365859985e+00
1.260000000000000000e+02,1.260000000000000842e-01,4.749770405850025412e+00,9.712441246748972079e-02,-2.593237055850981451e-02,6.227697539350422057e-02,-4.520661314122853547e-02,5.159860835936794926e-02,-1.218025228008627892e-01,6.675271570682525635e+00
1.270000000000000000e+02,1.270000000000000850e-01,4.749765330286299658e+00,9.710958300166661061e-02,-2.609880484450916374e-02,6.282580393116077300e-02,-4.571597673238092518e-02,5.160123955866765394e-02,-1.353453099727630615e-01,6.730483055114746094e+00
1.280000000000000000e+02,1.280000000000000859e-01,4.749760119630321853e+00,9.709542787012610809e-02,-2.626496869094994274e-02,6.336814768087782601e-02,-4.622344587948234995e-02,5.160248511752951739e-02,-1.365695642307400703e-01,6.742198467254638672e+00
1.290000000000000000e+02,1.290000000000000868e-01,4.749754755999038736e+00,9.708190266138785884e-02,-2.643078671629881318e-02,6.390433542683661428e-02,-4.672902018255231660e-02,5.160231940810937334e-02,-1.347598144784569740e-01,6.747774958610534668e+00
1.300000000000000000e+02,1.300000000000000877e-01,4.749749239142722068e+00,9.706906984388037618e-02,-2.659634803247792889e-02,6.443400461850455618e-02,-4.723303504349862791e-02,5.160035806528865537e-02,-1.355730229988694191e-01,6.759604454040527344e+00
1.310000000000000000e+02,1.310000000000000886e-01,4.749743568739590138e+00,9.705697880522691501e-02,-2.676163651332067253e-02,6.495587885565054509e-02,-4.773546180721610632e-02,5.159647799061367612e-02,-1.373996865004301071e-01,6.796612948179244995e+00
1.320000000000000000e+02,1.320000000000000895e-01,4.749737746180111131e+00,9.704561754160662135e-02,-2.692665609958104500e-02,6.546846521606092262e-02,-4.823640613472623961e-02,5.159139897950355824e-02,-1.412084670737385750e-01,6.774120420217514038e+00
1.330000000000000000e+02,1.330000000000000904e-01,4.749731769562335337e+00,9.703505112955314316e-02,-2.709143804350403265e-02,6.597161755729877286e-02,-4.873613627728201614e-02,5.158480378878928241e-02,-1.474442202597856522e-01,6.793023377656936646e+00
1.340000000000000000e+02,1.340000000000000913e-01,4.749725639869883054e+00,9.702521633993280159e-02,-2.725604777229157644e-02,6.646462745512797532e-02,-4.923480155897963506e-02,5.157761906777565825e-02,-1.449794666841626167e-01,6.821909964084625244e+00
1.350000000000000000e+02,1.350000000000000921e-01,4.749719348859020585e+00,9.701609365344582292e-02,-2.742048826120485963e-02,6.694781641892447177e-02,-4.973249220384756697e-02,5.156968835939681334e-02,-1.406266568228602409e-01,6.822630614042282104e+00
1.360000000000000000e+02,1.360000000000000930e-01,4.749712899833330226e+00,9.700769421145929994e-02,-2.758477662453233739e-02,6.742176419407544530e-02,-5.022937831332030534e-02,5.156050290235564271e-02,-1.390059012919664383e-01,6.842253655195236206e+00
1.370000000000000000e+02,1.370000000000000939e-01,4.749706298040939245e+00,9.699999099178327477e-02,-2.774883553224858843e-02,6.788676981054589388e-02,-5.072521481381286890e-02,5.155039123017259722e-02,-1.390739167109131813e-01,6.794605791568756104e+00
1.380000000000000000e+02,1.380000000000000948e-01,4.749699535630864666e+00,9.699304572936486013e-02,-2.791251389022733967e-02,6.834148263977193882e-02,-5.121960152897586660e-02,5.153924605695982264e-02,-1.432400480844080448e-01,6.784134775400161743e+00
1.390000000000000000e+02,1.390000000000000957e-01,4.749692612795136881e+00,9.698684019641505560e-02,-2.807589063022040629e-02,6.878736011823557983e-02,-5.171258268236256228e-02,5.152721032786784089e-02,-1.351179624907672405e-01,6.768942803144454956e+00
1.400000000000000000e+02,1.400000000000000966e-01,4.749685520589644661e+00,9.698136031773658960e-02,-2.823893568352601330e-02,6.922325277873923877e-02,-5.220399172477407923e-02,5.151402350100676986e-02,-1.434306865558028221e-01,6.711675435304641724e+00
1.410000000000000000e+02,1.410000000000000975e-01,4.749678266841397267e+00,9.697657014127018804e-02,-2.840159882415166370e-02,6.964866855505093268e-02,-5.269359930299843953e-02,5.149985859280393347e-02,-1.466220994479954243e-01,6.741206318140029907e+00
1.420000000000000000e+02,1.420000000000000984e-01,4.749670830388425635e+00,9.697245022595196717e-02,-2.856375969720306024e-02,7.006289302085375037e-02,-5.318074393398042332e-02,5.148496309910331054e-02,-1.512594432570040226e-01,6.732500791549682617e+00
1.430000000000000000e+02,1.430000000000000993e-01,4.749663199472164976e+00,9.696899692811393467e-02,-2.872524518243909503e-02,7.046634133448442805e-02,-5.366496815547949772e-02,5.146906714083428203e-02,-1.555168027989566326e-01,6.761440038681030273e+00
1.440000000000000000e+02,1.440000000000001001e-01,4.749655367807064543e+00,9.696618363693047804e-02,-2.888606065089664721e-02,7.085867291772390830e-02,-5.414624374677656782e-02,5.145223402351604969e-02,-1.473461287096142769e-01,6.725117832422256470e+00
1.450000000000000000e+02,1.450000000000001010e-01,4.749647317994126539e+00,9.696405998573202900e-02,-2.904601249095174753e-02,7.124104751813616077e-02,-5.462404419905486641e-02,5.143406194901899847e-02,-1.545219779945909977e-01,6.697394013404846191e+00
1.460000000000000000e+02,1.460000000000001019e-01,4.749639058982560336e+00,9.696258179205576033e-02,-2.920510735234291624e-02,7.161465432642355466e-02,-5.509821346160648226e-02,5.141455825419463666e-02,-1.452237535268068314e-01,6.763563156127929688e+00
1.470000000000000000e+02,1.470000000000001028e-01,4.749630578495465549e+00,9.696175147313748632e-02,-2.936335408118306151e-02,7.197958193726165799e-02,-5.556863579952797672e-02,5.139361675280820774e-02,-1.431348435580730438e-01,6.799719631671905518e+00
1.480000000000000000e+02,1.480000000000001037e-01,4.749621887516771501e+00,9.696152990034533070e-02,-2.952060787976338099e-02,7.233590294925536235e-02,-5.603513392581294106e-02,5.137125167571383877e-02,-1.407169383019208908e-01,6.730895072221755981e+00
1.490000000000000000e+02,1.490000000000001046e-01,4.749612985320517566e+00,9.696187503159721388e-02,-2.967675753892318538e-02,7.268217606821131271e-02,-5.649753936344992233e-02,5.134795866241952111e-02,-1.460219803266227245e-01,6.700840592384338379e+00
1.500000000000000000e+02,1.500000000000001055e-01,4.749603872717238495e+00,9.696265372501343405e-02,-2.983176904172209903e-02,7.301949303861449136e-02,-5.695542908880235622e-02,5.132437570398865057e-02,-1.462774944957345724e-01,6.685932755470275879e+00
1.510000000000000000e+02,1.510000000000001064e-01,4.749594535707603704e+00,9.696390920058685359e-02,-2.998565030381761601e-02,7.334950005838088150e-02,-5.740867409657357534e-02,5.130017222171650432e-02,-1.492682590615004301e-01,6.666467130184173584e+00
1.520000000000000000e+02,1.520000000000001072e-01,4.749584971644486231e+00,9.696561814357101960e-02,-3.013837265475106247e-02,7.367246908411029249e-02,-5.785711690977857202e-02,5.127562757779931951e-02,-1.484426720999181271e-01,6.680295914411544800e+00
1.530000000000000000e+02,1.530000000000001081e-01,4.749575174015379098e+00,9.696777263039513262e-02,-3.028992572282623169e-02,7.398782482960476747e-02,-5.830063427957310473e-02,5.125091170567890042e-02,-1.505705052986741066e-01,6.693547517061233521e+00
1.540000000000000000e+02,1.540000000000001090e-01,4.749565137816119886e+00,9.697036972704091429e-02,-3.044022528645598177e-02,7.429573148232584967e-02,-5.873900413173660517e-02,5.122589479819522618e-02,-1.449684030376374722e-01,6.669526785612106323e+00
1.550000000000000000e+02,1.550000000000001099e-01,4.749554857813453879e+00,9.697344574120771166e-02,-3.058929697749292534e-02,7.459515148092524250e-02,-5.917238291887794155e-02,5.120052112417316365e-02,-1.468104752711951733e-01,6.671729892492294312e+00
1.560000000000000000e+02,1.560000000000001108e-01,4.749544342943537778e+00,9.697693812423686943e-02,-3.073723468917850463e-02,7.488703353423151188e-02,-5.960098775712863173e-02,5.117501853554462521e-02,-1.567696270067244768e-01,6.737176626920700073e+00
1.570000000000000000e+02,1.570000000000001117e-01,4.749533595527938523e+00,9.698079582125919418e-02,-3.088406780146844138e-02,7.516983392305032208e-02,-6.002496409012780809e-02,5.115019502195675138e-02,-1.612906602676957846e-01,6.755981147289276123e+00
1.580000000000000000e+02,1.580000000000001126e-01,4.749522611125660099e+00,9.698493657457406270e-02,-3.102983333394749785e-02,7.544451598642337720e-02,-6.044475910918456485e-02,5.112649293558960140e-02,-1.616310109384357929e-01,6.730444312095642090e+00
1.590000000000000000e+02,1.590000000000001135e-01,4.749511383405921272e+00,9.698933567355240426e-02,-3.117452035285166179e-02,7.571137738425619268e-02,-6.086042680889125478e-02,5.110397744294788158e-02,-1.606990271247923374e-01,6.714712142944335938e+00
1.600000000000000000e+02,1.600000000000001144e-01,4.749499905392933208e+00,9.699397381581420508e-02,-3.131808914890297363e-02,7.597110026718198461e-02,-6.127170481677590708e-02,5.108249917811011342e-02,-1.620948310010135174e-01,6.736864715814590454e+00
1.610000000000000000e+02,1.610000000000001152e-01,4.749488172753461690e+00,9.699886886919219242e-02,-3.146054148898138475e-02,7.622405996830006192e-02,-6.167852639539117554e-02,5.106190517705408438e-02,-1.515967827290296555e-01,6.698828428983688354e+00
1.620000000000000000e+02,1.620000000000001161e-01,4.749476186181388115e+00,9.700401938157400539e-02,-3.160190399954374701e-02,7.647060318902422493e-02,-6.208108546530732852e-02,5.104225644176367538e-02,-1.481015713652595878e-01,6.713530868291854858e+00
1.630000000000000000e+02,1.630000000000001170e-01,4.749463950928926259e+00,9.700944973826826356e-02,-3.174214340221095942e-02,7.671004778742987473e-02,-6.247910226444175485e-02,5.102350897991540096e-02,-1.483905197528656572e-01,6.716602444648742676e+00
1.640000000000000000e+02,1.640000000000001179e-01,4.749451469085475885e+00,9.701515580261925453e-02,-3.188126020794719573e-02,7.694201788560546540e-02,-6.287264161706618282e-02,5.100541124939707294e-02,-1.488492036587558687e-01,6.707196116447448730e+00
1.650000000000000000e+02,1.650000000000001188e-01,4.749438739321854897e+00,9.702112602139041642e-02,-3.201925940690652367e-02,7.716780692131687547e-02,-6.326173684807145925e-02,5.098800484853445447e-02,-1.485332432202994823e-01,6.724755883216857910e+00
1.660000000000000000e+02,1.660000000000001197e-01,4.749425761724491935e+00,9.702738055441732790e-02,-3.215619342297462713e-02,7.738738487829743828e-02,-6.364650768697255323e-02,5.097115384685423772e-02,-1.429955072235316038e-01,6.747286856174468994e+00
1.670000000000000000e+02,1.670000000000001206e-01,4.749412539715018866e+00,9.703391910686794131e-02,-3.229209099002403743e-02,7.759936714642959310e-02,-6.402712674151844752e-02,5.095484617861545384e-02,-1.457512157503515482e-01,6.718794405460357666e+00
1.680000000000000000e+02,1.680000000000001215e-01,4.749399081234019881e+00,9.704074325750633445e-02,-3.242695259488485165e-02,7.780343166519219922e-02,-6.440371982761283753e-02,5.093927017463340673e-02,-1.550136832520365715e-01,6.717147201299667358e+00
1.690000000000000000e+02,1.690000000000001223e-01,4.749385380033252169e+00,9.704787468215161916e-02,-3.256079549112451260e-02,7.799828332412461762e-02,-6.477620181057686111e-02,5.092435575662877106e-02,-1.568511142395436764e-01,6.695024102926254272e+00
1.700000000000000000e+02,1.700000000000001232e-01,4.749371418648265397e+00,9.705530024615098561e-02,-3.269356273314400624e-02,7.818289986249074563e-02,-6.514436918620325478e-02,5.091007285472551325e-02,-1.444345391355454922e-01,6.656378120183944702e+00
1.710000000000000000e+02,1.710000000000001241e-01,4.749357194894715306e+00,9.706301083200341573e-02,-3.282530541039765243e-02,7.835680837625151607e-02,-6.550829879852804183e-02,5.089661224505966086e-02,-1.470306455157697201e-01,6.656774967908859253e+00
1.720000000000000000e+02,1.720000000000001250e-01,4.749342721751220964e+00,9.707094606301931716e-02,-3.295598122498064747e-02,7.852071253227604908e-02,-6.586765391737925412e-02,5.088400262219555659e-02,-1.550143226049840450e-01,6.730976074934005737e+00
1.730000000000000000e+02,1.730000000000001259e-01,4.749328000645423487e+00,9.707906237066300792e-02,-3.308564099977431144e-02,7.867502518753116680e-02,-6.622262930095046407e-02,5.087276603269013514e-02,-1.582702724263072014e-01,6.743284791707992554e+00
1.740000000000000000e+02,1.740000000000001268e-01,4.749313009390007778e+00,9.708744670316449277e-02,-3.321412295646213736e-02,7.881973589872967589e-02,-6.657298543661038792e-02,5.086185784357587919e-02,-1.620925273746252060e-01,6.732397675514221191e+00
1.750000000000000000e+02,1.750000000000001277e-01,4.749297743457084664e+00,9.709600690305314474e-02,-3.334141693149834246e-02,7.895569108674398151e-02,-6.691875360226906544e-02,5.085144389822777999e-02,-1.670298213139176369e-01,6.691851764917373657e+00
1.760000000000000000e+02,1.760000000000001286e-01,4.749282203222167986e+00,9.710460608296762886e-02,-3.346754414541952549e-02,7.908375852324354971e-02,-6.725997205178235738e-02,5.084222149772681110e-02,-1.540278736501932144e-01,6.692942947149276733e+00
1.770000000000000000e+02,1.770000000000001295e-01,4.749266366892462621e+00,9.711322147866081889e-02,-3.359233744202563127e-02,7.920409627127403263e-02,-6.759591261106234761e-02,5.083453972902335360e-02,-1.637482014484703541e-01,6.753617823123931885e+00
1.780000000000000000e+02,1.780000000000001303e-01,4.749250248687531872e+00,9.712185751882990159e-02,-3.371580817466530988e-02,7.931795867314898885e-02,-6.792660535207417638e-02,5.082801789344496696e-02,-1.630226783454418182e-01,6.711423873901367188e+00
1.790000000000000000e+02,1.790000000000001312e-01,4.749233824116549485e+00,9.713060875602844146e-02,-3.383781456891704620e-02,7.942339385276968311e-02,-6.825185210998729879e-02,5.082212233421197489e-02,-1.598626468330621719e-01,6.689880937337875366e+00
1.800000000000000000e+02,1.800000000000001321e-01,4.749217090105907424e+00,9.713939390391745921e-02,-3.395833842141909864e-02,7.952315070402733721e-02,-6.857139616738949783e-02,5.081709774636548882e-02,-1.610881239175796509e-01,6.713966548442840576e+00
1.810000000000000000e+02,1.810000000000001330e-01,4.749200040655350286e+00,9.714823604046049499e-02,-3.407731077078621218e-02,7.961705493050898197e-02,-6.888490485887754922e-02,5.081279322854449776e-02,-1.737753963097929955e-01,6.747325241565704346e+00
1.820000000000000000e+02,1.820000000000001339e-01,4.749182675176569113e+00,9.715718339548133631e-02,-3.419475843910490392e-02,7.970457423588993284e-02,-6.919258346020606965e-02,5.080915526516320557e-02,-1.774499583989381790e-01,6.739432632923126221e+00
1.830000000000000000e+02,1.830000000000001348e-01,4.749164979904436201e+00,9.716622179116492231e-02,-3.431069515800179437e-02,7.978536474408978729e-02,-6.949464298338359214e-02,5.080639372989825819e-02,-1.773137534037232399e-01,6.689332425594329834e+00
1.840000000000000000e+02,1.840000000000001357e-01,4.749146940999493971e+00,9.717531736027314182e-02,-3.442498986686756690e-02,7.985989350021438504e-02,-6.979060065252196132e-02,5.080456763017916072e-02,-1.707384446635842323e-01,6.664211362600326538e+00
1.850000000000000000e+02,1.850000000000001366e-01,4.749128546147306729e+00,9.718447714614721067e-02,-3.453757577279461394e-02,7.992787513960519785e-02,-7.007998898228162687e-02,5.080349101539039652e-02,-1.734282188117504120e-01,6.670050978660583496e+00
1.860000000000000000e+02,1.860000000000001374e-01,4.749109800439333284e+00,9.719375174441953480e-02,-3.464849468555291495e-02,7.998841889031055308e-02,-7.036279944968093503e-02,5.080261777209690854e-02,-1.755774151533842087e-01,6.649992972612380981e+00
1.870000000000000000e+02,1.870000000000001383e-01,4.749090707265935407e+00,9.720314726715109654e-02,-3.475787364430486803e-02,8.004119288993755132e-02,-7.063947144414295387e-02,5.080179084078642604e-02,-1.731541063636541367e-01,6.685721188783645630e+00
1.880000000000000000e+02,1.880000000000001392e-01,4.749071263886356142e+00,9.721259118991161519e-02,-3.486573330430789430e-02,8.008688185666486270e-02,-7.090998521190483572e-02,5.080125843015902143e-02,-1.693508075550198555e-01,6.689799547195434570e+00
1.890000000000000000e+02,1.890000000000001401e-01,4.749051468887817151e+00,9.722209517110065591e-02,-3.497198092874143072e-02,8.012598942143074610e-02,-7.117418939215269802e-02,5.080084757413371593e-02,-1.671222681179642677e-01,6.686452358961105347e+00
1.900000000000000000e+02,1.900000000000001410e-01,4.749031321329416855e+00,9.723168411422769553e-02,-3.507658365789338706e-02,8.015827958316022739e-02,-7.143197983412918894e-02,5.080019420316848194e-02,-1.698717558756470680e-01,6.682704865932464600e+00
1.910000000000000000e+02,1.910000000000001419e-01,4.749010824983165513e+00,9.724131397640299601e-02,-3.517956140881608323e-02,8.018288644077008198e-02,-7.168342990125564640e-02,5.079965252910952078e-02,-1.607170645147562027e-01,6.668414503335952759e+00
1.920000000000000000e+02,1.920000000000001428e-01,4.748989980612821071e+00,9.725095931607614930e-02,-3.528101333373111215e-02,8.019850217645035917e-02,-7.192887427183536353e-02,5.079947190000419499e-02,-1.543538682162761688e-01,6.673513323068618774e+00
1.930000000000000000e+02,1.930000000000001437e-01,4.748968799446474875e+00,9.726064700354929149e-02,-3.538095361842266001e-02,8.020500699466917571e-02,-7.216828877100356365e-02,5.079960891000504658e-02,-1.526058698073029518e-01,6.661702007055282593e+00
1.940000000000000000e+02,1.940000000000001446e-01,4.748947286356296260e+00,9.727044382901481323e-02,-3.547936356076433068e-02,8.020106321005940342e-02,-7.240162629973401209e-02,5.079981491569426910e-02,-1.474076565355062485e-01,6.638212084770202637e+00
1.950000000000000000e+02,1.950000000000001454e-01,4.748925438499187024e+00,9.728038435142882800e-02,-3.557621375641074196e-02,8.018686259255611293e-02,-7.262871636747592063e-02,5.079983772938877901e-02,-1.544122193008661270e-01,6.692133545875549316e+00
1.960000000000000000e+02,1.960000000000001463e-01,4.748903258895088797e+00,9.729041803274240952e-02,-3.567150276748636689e-02,8.016273298514221823e-02,-7.284946436814876414e-02,5.079991191880237761e-02,-1.538026006892323494e-01,6.703485906124114990e+00
1.970000000000000000e+02,1.970000000000001472e-01,4.748880737837709809e+00,9.730056100292680532e-02,-3.576519093325455922e-02,8.012880676523480294e-02,-7.306398493227450608e-02,5.079985762651205439e-02,-1.535682044923305511e-01,6.699512451887130737e+00
1.980000000000000000e+02,1.980000000000001481e-01,4.748857879509389868e+00,9.731082288811232495e-02,-3.585734474828645296e-02,8.008485548688636102e-02,-7.327253115339549261e-02,5.079931350064607887e-02,-1.449217703193426132e-01,6.696215569972991943e+00
1.990000000000000000e+02,1.990000000000001490e-01,4.748834683684718172e+00,9.732122336703205590e-02,-3.594798589792388976e-02,8.002948578644270006e-02,-7.347515844072383118e-02,5.079826299504455051e-02,-1.489447625353932381e-01,6.720389336347579956e+00
2.000000000000000000e+02,2.000000000000001499e-01,4.748811151309830336e+00,9.733178815858176125e-02,-3.603705978381529368e-02,7.996390710722704742e-02,-7.367162155055195782e-02,5.079572678524636731e-02,-1.573090627789497375e-01,6.712605148553848267e+00
2.010000000000000000e+02,2.010000000000001508e-01,4.748787281024783979e+00,9.734244767416297406e-02,-3.612455196086533649e-02,7.988735379465615460e-02,-7.386201987463358876e-02,5.079237138792818546e-02,-1.529333489015698433e-01,6.687481701374053955e+00
2.020000000000000000e+02,2.020000000000001517e-01,4.748763062354538711e+00,9.735315893678199439e-02,-3.621046406981764942e-02,7.980031832543406367e-02,-7.404635457432529044e-02,5.078881350248899695e-02,-1.465579038485884666e-01,6.631206646561622620e+00
2.030000000000000000e+02,2.030000000000001525e-01,4.748738502306344422e+00,9.736391273719627315e-02,-3.629486848250045722e-02,7.970251698713728961e-02,-7.422476292977608914e-02,5.078519153732247854e-02,-1.416704552248120308e-01,6.603378862142562866e+00
2.040000000000000000e+02,2.040000000000001534e-01,4.748713606026971235e+00,9.737459101742233780e-02,-3.637776006133348894e-02,7.959490370899903466e-02,-7.439696693340058786e-02,5.078179704966791219e-02,-1.367810601368546486e-01,6.608175128698348999e+00
2.050000000000000000e+02,2.050000000000001543e-01,4.748688375519105165e+00,9.738519129127573559e-02,-3.645913125588391701e-02,7.947799104282758653e-02,-7.456279653105823968e-02,5.077843715180586914e-02,-1.408276846632361412e-01,6.630328685045242310e+00
2.060000000000000000e+02,2.060000000000001552e-01,4.748662820050337352e+00,9.739573856853596390e-02,-3.653902943285359389e-02,7.935169851921269890e-02,-7.472244478738554463e-02,5.077522775276233080e-02,-1.429399466142058372e-01,6.655045077204704285e+00
2.070000000000000000e+02,2.070000000000001561e-01,4.748636936606299486e+00,9.740625762282953404e-02,-3.661748313789566639e-02,7.921564184475200776e-02,-7.487611736160926235e-02,5.077219095197564591e-02,-1.489539481699466705e-01,6.673390910029411316e+00
2.080000000000000000e+02,2.080000000000001570e-01,4.748610717844876206e+00,9.741674804101674301e-02,-3.669441968879667143e-02,7.906911693748264192e-02,-7.502370049509088368e-02,5.076941493173667275e-02,-1.589337987825274467e-01,6.727406308054924011e+00
2.090000000000000000e+02,2.090000000000001579e-01,4.748584150561353745e+00,9.742722974264536595e-02,-3.676976651917814032e-02,7.891140797996706868e-02,-7.516501851611545604e-02,5.076660529490800711e-02,-1.622137604281306267e-01,6.722642943263053894e+00
2.100000000000000000e+02,2.100000000000001588e-01,4.748557215919009700e+00,9.743770130974534205e-02,-3.684339244243284989e-02,7.874223971913307807e-02,-7.529987165699192353e-02,5.076352874678222160e-02,-1.528395935893058777e-01,6.707437679171562195e+00
2.110000000000000000e+02,2.110000000000001597e-01,4.748529912227409611e+00,9.744814852522115656e-02,-3.691535366135551000e-02,7.856156303739265934e-02,-7.542843408092148039e-02,5.076031718063407638e-02,-1.584220081567764282e-01,6.743908509612083435e+00
2.120000000000000000e+02,2.120000000000001605e-01,4.748502253694441677e+00,9.745856924203123717e-02,-3.698572787571639126e-02,7.837080986563207952e-02,-7.555088414698007959e-02,5.075671010823517432e-02,-1.486921291798353195e-01,6.756103932857513428e+00
2.130000000000000000e+02,2.130000000000001614e-01,4.748474233572921754e+00,9.746895015192547085e-02,-3.705448906314059987e-02,7.816881635296274444e-02,-7.566730953347544641e-02,5.075271510808345571e-02,-1.407606843858957291e-01,6.759068280458450317e+00
2.140000000000000000e+02,2.140000000000001623e-01,4.748445860495581705e+00,9.747929082449303950e-02,-3.712157999021983151e-02,7.795694763096243374e-02,-7.577757979566523971e-02,5.074826043530279718e-02,-1.379349585622549057e-01,6.770745009183883667e+00
2.150000000000000000e+02,2.150000000000001632e-01,4.748417147775160885e+00,9.748949586367498810e-02,-3.718697141076415802e-02,7.773640110698869232e-02,-7.588162448566260210e-02,5.074380905455021934e-02,-1.339707160368561745e-01,6.758647233247756958e+00
2.160000000000000000e+02,2.160000000000001641e-01,4.748388097464896873e+00,9.749956447140938065e-02,-3.725061274776057113e-02,7.750695713766697637e-02,-7.597933189675076804e-02,5.073945053711862579e-02,-1.284230789169669151e-01,6.740093186497688293e+00
2.170000000000000000e+02,2.170000000000001650e-01,4.748358717215948488e+00,9.750950030115762557e-02,-3.731256889514108360e-02,7.726836850435356285e-02,-7.607088149140439626e-02,5.073539014482436604e-02,-1.287900907918810844e-01,6.743782177567481995e+00
2.180000000000000000e+02,2.180000000000001659e-01,4.748329009904241005e+00,9.751932543335696535e-02,-3.737282361388277047e-02,7.702036602809904375e-02,-7.615614391491098978e-02,5.073170788889761612e-02,-1.296506896615028381e-01,6.748830229043960571e+00
2.190000000000000000e+02,2.190000000000001668e-01,4.748298970666116503e+00,9.752909338310161713e-02,-3.743135365184287189e-02,7.676180995163529863e-02,-7.623504235717937227e-02,5.072801845521308917e-02,-1.319344555959105492e-01,6.727371230721473694e+00
2.200000000000000000e+02,2.200000000000001676e-01,4.748268597073778352e+00,9.753884962467938846e-02,-3.748817511198705710e-02,7.649215849062683537e-02,-7.630763912680471606e-02,5.072396221316769621e-02,-1.325330175459384918e-01,6.717244654893875122e+00
2.210000000000000000e+02,2.210000000000001685e-01,4.748237883037147888e+00,9.754860210759755401e-02,-3.754329147796404975e-02,7.621196731835379323e-02,-7.637385519291939318e-02,5.071966293480772298e-02,-1.317273965105414391e-01,6.725502997636795044e+00
2.220000000000000000e+02,2.220000000000001694e-01,4.748206830728606498e+00,9.755834936583102079e-02,-3.759675075450942539e-02,7.592177137767092132e-02,-7.643379558934615403e-02,5.071509677761601442e-02,-1.226586103439331055e-01,6.731595605611801147e+00
2.230000000000000000e+02,2.230000000000001703e-01,4.748175442977857763e+00,9.756806415278926337e-02,-3.764855089729236132e-02,7.562046065800953620e-02,-7.648749785324904238e-02,5.071041041379856229e-02,-1.260928241536021233e-01,6.749340087175369263e+00
2.240000000000000000e+02,2.240000000000001712e-01,4.748143735081193029e+00,9.757770898246388713e-02,-3.769871079161189742e-02,7.530735964827765805e-02,-7.653505077543587554e-02,5.070560227539420983e-02,-1.112191015854477882e-01,6.770818561315536499e+00
2.250000000000000000e+02,2.250000000000001721e-01,4.748111699946561792e+00,9.758728094691698773e-02,-3.774717121342163056e-02,7.498244737811904370e-02,-7.657634779559652216e-02,5.070079811646258094e-02,-1.133482782170176506e-01,6.791239649057388306e+00
2.260000000000000000e+02,2.260000000000001730e-01,4.748079357357833707e+00,9.759679520794069252e-02,-3.779392393043438242e-02,7.464600478904667713e-02,-7.661146492885073656e-02,5.069583683972039845e-02,-1.102003217674791813e-01,6.796940743923187256e+00
2.270000000000000000e+02,2.270000000000001739e-01,4.748046705081677032e+00,9.760620882744530658e-02,-3.783893213144915585e-02,7.429806133131441892e-02,-7.664038406181794549e-02,5.069092659548397883e-02,-1.167677594348788261e-01,6.805441796779632568e+00
2.280000000000000000e+02,2.280000000000001747e-01,4.748013744730380736e+00,9.761550774143336329e-02,-3.788216160506414909e-02,7.393989418507759814e-02,-7.666301218032089970e-02,5.068594751237430474e-02,-1.060240631923079491e-01,6.785595834255218506e+00
2.290000000000000000e+02,2.290000000000001756e-01,4.747980474300287135e+00,9.762471420155056923e-02,-3.792370459617362688e-02,7.357151208711086576e-02,-7.667969455539402901e-02,5.068085304950663283e-02,-1.062737749889492989e-01,6.756036221981048584e+00
2.300000000000000000e+02,2.300000000000001765e-01,4.747946906320943405e+00,9.763385086404999247e-02,-3.796358386818243780e-02,7.319266447648456464e-02,-7.669040122038817131e-02,5.067533848528403551e-02,-1.035942528396844864e-01,6.749011218547821045e+00
2.310000000000000000e+02,2.310000000000001774e-01,4.747913039713412608e+00,9.764291176366678149e-02,-3.800182615084038429e-02,7.280386573165706365e-02,-7.669509519809736275e-02,5.066963516117102551e-02,-9.967086045071482658e-02,6.749946653842926025e+00
2.320000000000000000e+02,2.320000000000001783e-01,4.747878876074016929e+00,9.765181046076711058e-02,-3.803834637258345780e-02,7.240652305547001788e-02,-7.669345628377399748e-02,5.066402571313886188e-02,-9.715098980814218521e-02,6.762700259685516357e+00
2.330000000000000000e+02,2.330000000000001792e-01,4.747844416788187694e+00,9.766056329975185413e-02,-3.807309859359031545e-02,7.199943511698707332e-02,-7.668533714465919360e-02,5.065846499521164947e-02,-1.028760783374309540e-01,6.827991932630538940e+00
2.340000000000000000e+02,2.340000000000001801e-01,4.747809664219837522e+00,9.766918987052039536e-02,-3.810608166915809003e-02,7.158180920704285133e-02,-7.667077241612019201e-02,5.065247733254196055e-02,-1.043665874749422073e-01,6.813406616449356079e+00
2.350000000000000000e+02,2.350000000000001810e-01,4.747774621338575862e+00,9.767774112453228574e-02,-3.813735313908644259e-02,7.115386204731480313e-02,-7.665024808702347592e-02,5.064583383562887980e-02,-1.000116597861051559e-01,6.832969456911087036e+00
2.360000000000000000e+02,2.360000000000001819e-01,4.747739281698984293e+00,9.768615976964739600e-02,-3.816686515090868953e-02,7.071819761389515346e-02,-7.662351407236078771e-02,5.063828866568492043e-02,-9.688667533919215202e-02,6.811629444360733032e+00
2.370000000000000000e+02,2.370000000000001827e-01,4.747703654018410546e+00,9.769431735902858738e-02,-3.819456377215164899e-02,7.027720674144347091e-02,-7.659051413441764211e-02,5.063056059939398390e-02,-9.851698158308863640e-02,6.824408948421478271e+00
2.380000000000000000e+02,2.380000000000001836e-01,4.747667745754191593e+00,9.770219568289609247e-02,-3.822050509226024989e-02,6.983149008273406566e-02,-7.655135597931139735e-02,5.062302722174615022e-02,-1.010068329051136971e-01,6.856383830308914185e+00
2.390000000000000000e+02,2.390000000000001845e-01,4.747631558184120415e+00,9.770983469470771732e-02,-3.824470527267673226e-02,6.937963649355721740e-02,-7.650614717468373627e-02,5.061563434343473861e-02,-1.094829672947525978e-01,6.917740762233734131e+00
2.400000000000000000e+02,2.400000000000001854e-01,4.747595088799629437e+00,9.771725141716094964e-02,-3.826713969091177087e-02,6.892251791197213928e-02,-7.645493954580007134e-02,5.060807944684778126e-02,-1.053769220598042011e-01,6.930314600467681885e+00
2.410000000000000000e+02,2.410000000000001863e-01,4.747558337243771298e+00,9.772446605414765453e-02,-3.828789423394953623e-02,6.846105990146875153e-02,-7.639830685768234098e-02,5.060022273472184612e-02,-1.038145981729030609e-01,6.889789491891860962e+00
2.420000000000000000e+02,2.420000000000001872e-01,4.747521314513462265e+00,9.773149436135628032e-02,-3.830702385397023735e-02,6.799344373213349335e-02,-7.633649645419660068e-02,5.059207781647002272e-02,-1.019121031276881695e-01,6.863440901041030884e+00
2.430000000000000000e+02,2.430000000000001881e-01,4.747484016981790234e+00,9.773831886583586592e-02,-3.832449830410419173e-02,6.751935093140376543e-02,-7.626921490128291126e-02,5.058365638989039542e-02,-9.449381707236170769e-02,6.861609607934951782e+00
2.440000000000000000e+02,2.440000000000001890e-01,4.747446446469878012e+00,9.774494227918723022e-02,-3.834033231822160659e-02,6.703951037959290926e-02,-7.619638683582108385e-02,5.057499831824396885e-02,-8.565600356087088585e-02,6.853701531887054443e+00
2.450000000000000000e+02,2.450000000000001898e-01,4.747408616458986153e+00,9.775138432962440782e-02,-3.835458156716519545e-02,6.655535312454867458e-02,-7.611818652811574992e-02,5.056598470285927904e-02,-7.922603143379092216e-02,6.833730846643447876e+00
2.460000000000000000e+02,2.460000000000001907e-01,4.747370533218654209e+00,9.775767220206849073e-02,-3.836719227188842285e-02,6.606683207578506467e-02,-7.603438387297845047e-02,5.055628010709241338e-02,-8.348319306969642639e-02,6.830694437026977539e+00
2.470000000000000000e+02,2.470000000000001916e-01,4.747332201409763641e+00,9.776379807457073745e-02,-3.837812831342558850e-02,6.557431172263918084e-02,-7.594477274979105630e-02,5.054600120184365997e-02,-8.578461082652211189e-02,6.868596076965332031e+00
2.480000000000000000e+02,2.480000000000001925e-01,4.747293624910769338e+00,9.776969810515477588e-02,-3.838745294394409202e-02,6.507909493864770523e-02,-7.584956354819705204e-02,5.053570190215021102e-02,-8.698204765096306801e-02,6.915784180164337158e+00
2.490000000000000000e+02,2.490000000000001934e-01,4.747254805261284183e+00,9.777536300552253090e-02,-3.839515624290718021e-02,6.458093223184754872e-02,-7.574890749675633472e-02,5.052551699260599688e-02,-8.081073034554719925e-02,7.014131247997283936e+00
2.500000000000000000e+02,2.500000000000001665e-01,4.747215746761561661e+00,9.778080830773419607e-02,-3.840125955379346950e-02,6.407943783045967623e-02,-7.564310855656009025e-02,5.051551618107963382e-02,-8.129795175045728683e-02,7.039661020040512085e+00
2.510000000000000000e+02,2.510000000000001674e-01,4.747176466970224773e+00,9.778604631629693456e-02,-3.840573357796488174e-02,6.357570728475622768e-02,-7.553251960904350248e-02,5.050546586704213192e-02,-8.287070970982313156e-02,7.009513378143310547e+00
2.520000000000000000e+02,2.520000000000001683e-01,4.747136967760215320e+00,9.779105011434717498e-02,-3.840853398078353936e-02,6.306793456900569583e-02,-7.541712650270504525e-02,5.049571536439435848e-02,-8.096179831773042679e-02,6.970210969448089600e+00
2.530000000000000000e+02,2.530000000000001692e-01,4.747097244720733578e+00,9.779580458476237748e-02,-3.840966141050572435e-02,6.255546342319485975e-02,-7.529679054855931142e-02,5.048632156234578866e-02,-7.638238603249192238e-02,6.944549709558486938e+00
2.540000000000000000e+02,2.540000000000001701e-01,4.747057299371622463e+00,9.780029972163122032e-02,-3.840912852504088648e-02,6.203643753705023745e-02,-7.517138662261624305e-02,5.047766906787225227e-02,-6.192073808051645756e-02,6.962122380733489990e+00
2.550000000000000000e+02,2.550000000000001710e-01,4.747017132522449501e+00,9.780456693052724804e-02,-3.840693791809769719e-02,6.151236761028838762e-02,-7.504078184103790683e-02,5.046920820943172348e-02,-7.358837104402482510e-02,7.019690841436386108e+00
2.560000000000000000e+02,2.560000000000001719e-01,4.746976763984290137e+00,9.780862712862541108e-02,-3.840305765889504702e-02,6.098364074638844279e-02,-7.490494921042722964e-02,5.046081678152067318e-02,-7.858079764991998672e-02,7.018251150846481323e+00
2.570000000000000000e+02,2.570000000000001728e-01,4.746936190941625000e+00,9.781248303576944858e-02,-3.839755711697259016e-02,6.044898451548834373e-02,-7.476439367977438799e-02,5.045263931028065585e-02,-7.015530695207417011e-02,7.020202308893203735e+00
2.580000000000000000e+02,2.580000000000001736e-01,4.746895412207405407e+00,9.781612722976312790e-02,-3.839049543329457054e-02,5.990768971411689764e-02,-7.461931544030520058e-02,5.044491471863365301e-02,-7.224391144700348377e-02,7.002897471189498901e+00
2.590000000000000000e+02,2.590000000000001745e-01,4.746854441901334098e+00,9.781955224945364236e-02,-3.838185652919982177e-02,5.935902044433285368e-02,-7.446966681737876570e-02,5.043774277494581654e-02,-6.986021623015403748e-02,6.966299325227737427e+00
2.600000000000000000e+02,2.600000000000001754e-01,4.746813275849347313e+00,9.782276633997717685e-02,-3.837166013903088591e-02,5.880285165793990021e-02,-7.431542312672290151e-02,5.043088748750848560e-02,-7.012669974938035011e-02,6.977989256381988525e+00
2.610000000000000000e+02,2.610000000000001763e-01,4.746771912190284937e+00,9.782576467660335229e-02,-3.835989090157947146e-02,5.823909247134797379e-02,-7.415635503098538805e-02,5.042419748658951567e-02,-7.835136214271187782e-02,7.048816531896591187e+00
2.620000000000000000e+02,2.620000000000001772e-01,4.746730353077222020e+00,9.782851504393635933e-02,-3.834654582661956718e-02,5.766909466717713012e-02,-7.399251822000074696e-02,5.041791402841892117e-02,-8.051229966804385185e-02,7.072789669036865234e+00
2.630000000000000000e+02,2.630000000000001781e-01,4.746688604473315642e+00,9.783100334017433286e-02,-3.833174354320425387e-02,5.709437599698745369e-02,-7.382463111446502246e-02,5.041192080135828424e-02,-7.567437645047903061e-02,7.077900350093841553e+00
2.640000000000000000e+02,2.640000000000001790e-01,4.746646670018767722e+00,9.783320402667319837e-02,-3.831555564451508827e-02,5.651680780036631019e-02,-7.365305257150933649e-02,5.040626086601352612e-02,-7.582199200987815857e-02,7.027892291545867920e+00
2.650000000000000000e+02,2.650000000000001799e-01,4.746604561487819396e+00,9.783508280710136173e-02,-3.829800958353130752e-02,5.593558929205750402e-02,-7.347791687112326109e-02,5.040137949702967052e-02,-7.468141871504485607e-02,6.980504363775253296e+00
2.660000000000000000e+02,2.660000000000001807e-01,4.746562273742773286e+00,9.783664795887893340e-02,-3.827908602050240222e-02,5.535158728170577053e-02,-7.329892054470676932e-02,5.039732287647579606e-02,-7.171989767812192440e-02,6.995884478092193604e+00
2.670000000000000000e+02,2.670000000000001816e-01,4.746519799645537496e+00,9.783792056969016493e-02,-3.825874229176527003e-02,5.476525072183929116e-02,-7.311568753324504399e-02,5.039383133624205507e-02,-7.046140427701175213e-02,7.000710725784301758e+00
2.680000000000000000e+02,2.680000000000001825e-01,4.746477144233195666e+00,9.783890950338434978e-02,-3.823697030415652842e-02,5.417603629354653116e-02,-7.292828633033154873e-02,5.039126038982716382e-02,-8.125171018764376640e-02,7.038186252117156982e+00
2.690000000000000000e+02,2.690000000000001834e-01,4.746434313668829397e+00,9.783967252868006059e-02,-3.821388301441259322e-02,5.358602610945141509e-02,-7.273709948781204027e-02,5.038903688866110120e-02,-8.637611893936991692e-02,7.071666717529296875e+00
2.700000000000000000e+02,2.700000000000001843e-01,4.746391293514588661e+00,9.784024819823780583e-02,-3.818946839847536107e-02,5.299569264862779433e-02,-7.254224714684487374e-02,5.038667532717987924e-02,-8.604868082329630852e-02,7.072070538997650146e+00
2.710000000000000000e+02,2.710000000000001852e-01,4.746348069725877750e+00,9.784065586822507377e-02,-3.816360589732858272e-02,5.240633513333088633e-02,-7.234347948524799676e-02,5.038389980547768043e-02,-9.271392319351434708e-02,7.057363867759704590e+00
2.720000000000000000e+02,2.720000000000001861e-01,4.746304645774015007e+00,9.784088854036472604e-02,-3.813629119367944326e-02,5.181839621666445989e-02,-7.214079042268051190e-02,5.038100193982861935e-02,-9.109944337978959084e-02,7.062172144651412964e+00
2.730000000000000000e+02,2.730000000000001870e-01,4.746261014988180094e+00,9.784095274406302833e-02,-3.810757209578732180e-02,5.123032207452011405e-02,-7.193427231447890868e-02,5.037803813469404063e-02,-8.650633506476879120e-02,7.066498994827270508e+00
2.740000000000000000e+02,2.740000000000001878e-01,4.746217178396910263e+00,9.784082736536589553e-02,-3.807740736911302548e-02,5.064148545258694706e-02,-7.172380912819487087e-02,5.037499558261099991e-02,-9.039869066327810287e-02,7.092123478651046753e+00
2.750000000000000000e+02,2.750000000000001887e-01,4.746173144514035158e+00,9.784051689313962019e-02,-3.804578291037768317e-02,5.005098297744809549e-02,-7.150936804664875801e-02,5.037185143389497771e-02,-8.811451401561498642e-02,7.158472478389739990e+00
2.760000000000000000e+02,2.760000000000001896e-01,4.746128915951762117e+00,9.783998441387918577e-02,-3.801272532267443299e-02,4.946041446418696780e-02,-7.129116082438802238e-02,5.036885510786519998e-02,-8.856992935761809349e-02,7.185300618410110474e+00
2.770000000000000000e+02,2.770000000000001905e-01,4.746084506767796363e+00,9.783923423394298713e-02,-3.797829373039014050e-02,4.887088671847582277e-02,-7.106970428572045861e-02,5.036610015358952697e-02,-9.612996969372034073e-02,7.196320533752441406e+00
2.780000000000000000e+02,2.780000000000001914e-01,4.746039921780685233e+00,9.783828653421021426e-02,-3.794250907498260272e-02,4.828202943528044078e-02,-7.084519026129099117e-02,5.036353205590562987e-02,-1.040643034502863884e-01,7.219865411520004272e+00
2.790000000000000000e+02,2.790000000000001923e-01,4.745995150053896161e+00,9.783713420284394224e-02,-3.790530708039262231e-02,4.769466722211407328e-02,-7.061745656887929989e-02,5.036131335914700857e-02,-1.049846755340695381e-01,7.193677902221679688e+00
2.800000000000000000e+02,2.800000000000001932e-01,4.745950185059069071e+00,9.783579528328703590e-02,-3.786674220545475922e-02,4.710731899691218000e-02,-7.038679739597619722e-02,5.035933353747689550e-02,-1.086346851661801338e-01,7.201648235321044922e+00
2.810000000000000000e+02,2.810000000000001941e-01,4.745905027478981353e+00,9.783424848598624990e-02,-3.782684503771469031e-02,4.652066421910638211e-02,-7.015318575787832245e-02,5.035762374446129536e-02,-1.062198742292821407e-01,7.200818866491317749e+00
2.820000000000000000e+02,2.820000000000001950e-01,4.745859675422072321e+00,9.783246740498934002e-02,-3.778560908360180381e-02,4.593322780697920577e-02,-6.991664236956318668e-02,5.035641558506034204e-02,-1.071387012489140034e-01,7.212356328964233398e+00
2.830000000000000000e+02,2.830000000000001958e-01,4.745814131487038345e+00,9.783046052884974975e-02,-3.774302818383955260e-02,4.534426560945185175e-02,-6.967714728669283097e-02,5.035573346085828877e-02,-1.046601156704127789e-01,7.183426946401596069e+00
2.840000000000000000e+02,2.840000000000001967e-01,4.745768399564179063e+00,9.782821025798757453e-02,-3.769913243505685491e-02,4.475478287955023116e-02,-6.943485662110426837e-02,5.035571906677788201e-02,-1.145099895074963570e-01,7.231503099203109741e+00
2.850000000000000000e+02,2.850000000000001976e-01,4.745722476712184168e+00,9.782576672893987524e-02,-3.765388949326974044e-02,4.416395678919437379e-02,-6.918951968007780451e-02,5.035608825321221532e-02,-1.245153490453958511e-01,7.270815134048461914e+00
2.860000000000000000e+02,2.860000000000001985e-01,4.745676355990942064e+00,9.782312102729501246e-02,-3.760730826314589298e-02,4.357148199269724603e-02,-6.894139334735926994e-02,5.035690840657696538e-02,-1.216739472001791000e-01,7.251725643873214722e+00
2.870000000000000000e+02,2.870000000000001994e-01,4.745630029423015372e+00,9.782026517126658771e-02,-3.755938287115186125e-02,4.297919082734198010e-02,-6.869064352623155401e-02,5.035833855637097262e-02,-1.202234760858118534e-01,7.217537850141525269e+00
2.880000000000000000e+02,2.880000000000002003e-01,4.745583504176927647e+00,9.781718897346758368e-02,-3.751014708187653396e-02,4.238829249298274593e-02,-6.843731136548769634e-02,5.036098785952555779e-02,-1.230862364172935486e-01,7.230207592248916626e+00
2.890000000000000000e+02,2.890000000000002012e-01,4.745536781245369262e+00,9.781389904091175591e-02,-3.745964395732542113e-02,4.179941641010970210e-02,-6.818138244029126049e-02,5.036490497598075655e-02,-1.218405237887054682e-01,7.253146886825561523e+00
2.900000000000000000e+02,2.900000000000002021e-01,4.745489857362455766e+00,9.781042562192067413e-02,-3.740788293133067571e-02,4.121226472397847285e-02,-6.792293727766662848e-02,5.036974443949708558e-02,-1.266835127025842667e-01,7.250374853610992432e+00
2.910000000000000000e+02,2.910000000000002029e-01,4.745442735004872681e+00,9.780677366589320132e-02,-3.735483371130265268e-02,4.062637159873671439e-02,-6.766198542568679919e-02,5.037555161700939949e-02,-1.208940159995108843e-01,7.255960583686828613e+00
2.920000000000000000e+02,2.920000000000002038e-01,4.745395408264441173e+00,9.780295108844770657e-02,-3.730052907377516547e-02,4.004225956393266117e-02,-6.739862686072228826e-02,5.038235945781163738e-02,-1.238526476081460714e-01,7.252201378345489502e+00
2.930000000000000000e+02,2.930000000000002047e-01,4.745347887702257239e+00,9.779894713321200805e-02,-3.724497845841540783e-02,3.945959711576559753e-02,-6.713293355665506112e-02,5.039058425380086442e-02,-1.148982320446521044e-01,7.222635835409164429e+00
2.940000000000000000e+02,2.940000000000002056e-01,4.745300169360351816e+00,9.779479643985294901e-02,-3.718819802293734517e-02,3.887810721532142938e-02,-6.686493318520869700e-02,5.039998699399800969e-02,-1.141444623935967684e-01,7.187539160251617432e+00
2.950000000000000000e+02,2.950000000000002065e-01,4.745252263940805015e+00,9.779049947472623350e-02,-3.713020353962194486e-02,3.829859349516835654e-02,-6.659451334538446510e-02,5.040990873225480173e-02,-1.094965769443660975e-01,7.182356566190719604e+00
2.960000000000000000e+02,2.960000000000002074e-01,4.745204170711996738e+00,9.778605684452648661e-02,-3.707098159696445294e-02,3.771985405908974409e-02,-6.632146352788703680e-02,5.042045431360166197e-02,-1.093378947116434574e-01,7.174658894538879395e+00
2.970000000000000000e+02,2.970000000000002083e-01,4.745155898094849611e+00,9.778143573124270516e-02,-3.701052514737104837e-02,3.714362763541911860e-02,-6.604573710936811892e-02,5.043182741951292292e-02,-1.094906434882432222e-01,7.169760107994079590e+00
2.980000000000000000e+02,2.980000000000002092e-01,4.745107444251778439e+00,9.777663783650770990e-02,-3.694883176930841701e-02,3.656993383627552691e-02,-6.576729347281706772e-02,5.044401923003128535e-02,-1.067500479985028505e-01,7.188459396362304688e+00
2.990000000000000000e+02,2.990000000000002101e-01,4.745058812468370135e+00,9.777167260492557188e-02,-3.688595109846743575e-02,3.599912703356075716e-02,-6.548627130204276448e-02,5.045697283318219262e-02,-1.109913460677489638e-01,7.214706152677536011e+00
3.000000000000000000e+02,3.000000000000002109e-01,4.745010014370981466e+00,9.776655683713494915e-02,-3.682194888239814778e-02,3.543095326924354527e-02,-6.520297049583456683e-02,5.047058070112868389e-02,-1.102866103174164891e-01,7.182639390230178833e+00
3.010000000000000000e+02,3.010000000000002118e-01,4.744961045330941651e+00,9.776132139616856842e-02,-3.675683772094943957e-02,3.486581778239176282e-02,-6.491755204839688709e-02,5.048455654148571031e-02,-1.076731774955987930e-01,7.171981096267700195e+00
3.020000000000000000e+02,3.020000000000002127e-01,4.744911897608347751e+00,9.775600980199958268e-02,-3.669055600447339999e-02,3.430318523175089618e-02,-6.462965203971537953e-02,5.049850369876685008e-02,-9.996598330326378345e-02,7.145080596208572388e+00
3.030000000000000000e+02,3.030000000000002136e-01,4.744862574816593792e+00,9.775060642151986445e-02,-3.662307536127960839e-02,3.374300774058503621e-02,-6.433911896403921027e-02,5.051233415138254440e-02,-1.012202510610222816e-01,7.196315884590148926e+00
3.040000000000000000e+02,3.040000000000002145e-01,4.744813085678745601e+00,9.774514465419902043e-02,-3.655438494628552443e-02,3.318380355304617613e-02,-6.404578798658455696e-02,5.052596180512476665e-02,-1.010990318027324975e-01,7.237028390169143677e+00
3.050000000000000000e+02,3.050000000000002154e-01,4.744763441674916038e+00,9.773961557810974254e-02,-3.648455389635425761e-02,3.262344811721501481e-02,-6.375013617387148557e-02,5.053972414133769964e-02,-9.753143289708532393e-02,7.187978237867355347e+00
3.060000000000000000e+02,3.060000000000002163e-01,4.744713654008829273e+00,9.773411113669801253e-02,-3.641374283445535098e-02,3.206153907428961614e-02,-6.345287083533368566e-02,5.055281612345417785e-02,-9.795404681790387258e-02,7.207659065723419189e+00
3.070000000000000000e+02,3.070000000000002172e-01,4.744663719785427780e+00,9.772859495843599920e-02,-3.634187390888569263e-02,3.149868244951824908e-02,-6.315350573849620730e-02,5.056537340531008090e-02,-1.037001325130404439e-01,7.240666955709457397e+00
3.080000000000000000e+02,3.080000000000002180e-01,4.744613644985760104e+00,9.772305174321979648e-02,-3.626899004186525527e-02,3.093373340909941205e-02,-6.285228013382426759e-02,5.057755598363966598e-02,-1.052943730028346181e-01,7.267960250377655029e+00
3.090000000000000000e+02,3.090000000000002189e-01,4.744563428593882470e+00,9.771750671168762115e-02,-3.619516942546558563e-02,3.036624610634322194e-02,-6.254961534900482789e-02,5.058943090655840247e-02,-1.030935108428820968e-01,7.251837134361267090e+00
3.100000000000000000e+02,3.100000000000002198e-01,4.744513079152745227e+00,9.771198005794713703e-02,-3.612052879738098660e-02,2.979568922012170232e-02,-6.224603224463787221e-02,5.060115819487170929e-02,-1.029160735197365284e-01,7.285317808389663696e+00
3.110000000000000000e+02,3.110000000000002207e-01,4.744462603027872483e+00,9.770645065585722988e-02,-3.604512090476336139e-02,2.922191574529339753e-02,-6.194163370589023110e-02,5.061291817111437941e-02,-1.107673693913966417e-01,7.324648022651672363e+00
3.120000000000000000e+02,3.120000000000002216e-01,4.744412004425827334e+00,9.770090477402104678e-02,-3.596893778882558762e-02,2.864540498542703442e-02,-6.163655037431126082e-02,5.062473549850916854e-02,-1.107999137602746487e-01,7.311511129140853882e+00
3.130000000000000000e+02,3.130000000000002225e-01,4.744361281628764360e+00,9.769533910973650370e-02,-3.589206071982972007e-02,2.806568050376878620e-02,-6.133124019051572340e-02,5.063672092782764422e-02,-1.024768624920397997e-01,7.299469858407974243e+00
3.140000000000000000e+02,3.140000000000002234e-01,4.744310433752844780e+00,9.768972794212520128e-02,-3.581447430735196225e-02,2.748183340101535699e-02,-6.102559270629659416e-02,5.064900502320000830e-02,-1.036460490431636572e-01,7.347947925329208374e+00
3.150000000000000000e+02,3.150000000000002243e-01,4.744259473373377389e+00,9.768401276215353535e-02,-3.573617945098457593e-02,2.689353537770881875e-02,-6.071955956508445773e-02,5.066186704365713278e-02,-9.902042616158723831e-02,7.308472335338592529e+00
3.160000000000000000e+02,3.160000000000002252e-01,4.744208413294009219e+00,9.767813050308278566e-02,-3.565731470502148115e-02,2.630063891248528296e-02,-6.041383334684313766e-02,5.067556564124192642e-02,-9.581453911960124969e-02,7.335447460412979126e+00
3.170000000000000000e+02,3.170000000000002260e-01,4.744157256710543891e+00,9.767206324290776676e-02,-3.557789009563680493e-02,2.570489671562041847e-02,-6.010826612470765440e-02,5.069029842831172805e-02,-9.635069011710584164e-02,7.320467412471771240e+00
3.180000000000000000e+02,3.180000000000002269e-01,4.744106001599771361e+00,9.766592413747413048e-02,-3.549786024606759599e-02,2.510756117082472635e-02,-5.980282873793107967e-02,5.070545498396453188e-02,-9.348508575931191444e-02,7.262736201286315918e+00
3.190000000000000000e+02,3.190000000000002278e-01,4.744054645948431848e+00,9.765977926068782067e-02,-3.541724833625500141e-02,2.450774342483592882e-02,-5.949752405747443795e-02,5.072080071605375440e-02,-1.038753988686949015e-01,7.325234770774841309e+00
3.200000000000000000e+02,3.200000000000002287e-01,4.744003192900120069e+00,9.765360587527648073e-02,-3.533607216448982069e-02,2.390588296005915353e-02,-5.919213901182884818e-02,5.073654801098625294e-02,-1.006524800322949886e-01,7.282948732376098633e+00
3.210000000000000000e+02,3.210000000000002296e-01,4.743951638310990759e+00,9.764737451938100554e-02,-3.525437797930004724e-02,2.330194400302803420e-02,-5.888712485567104693e-02,5.075297203664019124e-02,-1.067010203842073679e-01,7.260880917310714722e+00
3.220000000000000000e+02,3.220000000000002305e-01,4.743899989731713340e+00,9.764102167467261784e-02,-3.517223397258392725e-02,2.269773625708763204e-02,-5.858250767482076071e-02,5.077026593966225271e-02,-9.360373741947114468e-02,7.244395434856414795e+00
3.230000000000000000e+02,3.230000000000002314e-01,4.743848240636703295e+00,9.763455081448546569e-02,-3.508974028867700018e-02,2.209129054163917749e-02,-5.827851723875787648e-02,5.078836123385313539e-02,-9.043110813945531845e-02,7.275452435016632080e+00
3.240000000000000000e+02,3.240000000000002323e-01,4.743796406542950983e+00,9.762799704392371991e-02,-3.500685769373276107e-02,2.148270836943997480e-02,-5.797494100865452360e-02,5.080709406074409434e-02,-8.638882962986826897e-02,7.262230336666107178e+00
3.250000000000000000e+02,3.250000000000002331e-01,4.743744492093456167e+00,9.762135129237867193e-02,-3.492355322406523466e-02,2.087120506071134945e-02,-5.767182208489463058e-02,5.082667221425996723e-02,-8.820989890955388546e-02,7.260724663734436035e+00
3.260000000000000000e+02,3.260000000000002340e-01,4.743692503303215346e+00,9.761471090205595114e-02,-3.483992549085002111e-02,2.025488643507445535e-02,-5.736942452989013397e-02,5.084676761226505221e-02,-8.386058453470468521e-02,7.268073558807373047e+00
3.270000000000000000e+02,3.270000000000002349e-01,4.743640435798526234e+00,9.760811279989226041e-02,-3.475599017096215465e-02,1.963232244941203949e-02,-5.706779778773052314e-02,5.086742505144810356e-02,-8.978350088000297546e-02,7.250916838645935059e+00
3.280000000000000000e+02,3.280000000000002358e-01,4.743588296499813062e+00,9.760152874623242991e-02,-3.467174165471351155e-02,1.900286800837931028e-02,-5.676695300291445534e-02,5.088843464794463173e-02,-1.019324869848787785e-01,7.294763952493667603e+00
3.290000000000000000e+02,3.290000000000002367e-01,4.743536079755402035e+00,9.759488975402860755e-02,-3.458719861446277188e-02,1.836687756412463263e-02,-5.646687386064774827e-02,5.091017186825686630e-02,-9.885731339454650879e-02,7.275617539882659912e+00
3.300000000000000000e+02,3.300000000000002376e-01,4.743483775819517412e+00,9.758814616471393755e-02,-3.450239123445966727e-02,1.772525271070066535e-02,-5.616787018885616156e-02,5.093299153442552851e-02,-9.676944138482213020e-02,7.245067685842514038e+00
3.310000000000000000e+02,3.310000000000002385e-01,4.743431383761940623e+00,9.758136173725449891e-02,-3.441727657395322881e-02,1.707645719475951729e-02,-5.586970778433175688e-02,5.095673197418006117e-02,-9.481520019471645355e-02,7.235322654247283936e+00
3.320000000000000000e+02,3.320000000000002394e-01,4.743378902330646518e+00,9.757452331809765567e-02,-3.433178247700831298e-02,1.642122579934043175e-02,-5.557200044462029531e-02,5.098142937151176751e-02,-9.429332381114363670e-02,7.221412807703018188e+00
3.330000000000000000e+02,3.330000000000002403e-01,4.743326336088062867e+00,9.756760894795728223e-02,-3.424592827397280465e-02,1.576076675877959715e-02,-5.527476804886455319e-02,5.100734908913023141e-02,-9.295622864738106728e-02,7.214057296514511108e+00
3.340000000000000000e+02,3.340000000000002411e-01,4.743273680442978701e+00,9.756063450646718094e-02,-3.415969312781568651e-02,1.509537162491209061e-02,-5.497787635139994578e-02,5.103436717306474024e-02,-8.993710903450846672e-02,7.188657701015472412e+00
3.350000000000000000e+02,3.350000000000002420e-01,4.743220931970036247e+00,9.755360133436748182e-02,-3.407303591787380626e-02,1.442612841727042641e-02,-5.468114821396641290e-02,5.106198466585067097e-02,-9.963810304179787636e-02,7.178780049085617065e+00
3.360000000000000000e+02,3.360000000000002429e-01,4.743168094169456950e+00,9.754650754239543864e-02,-3.398595346581543414e-02,1.375230663018584681e-02,-5.438445616794340687e-02,5.109047851687765346e-02,-9.121618885546922684e-02,7.164678454399108887e+00
3.370000000000000000e+02,3.370000000000002438e-01,4.743115151240709260e+00,9.753938515126045483e-02,-3.389844402579487992e-02,1.307427803659586690e-02,-5.408774240607949757e-02,5.111940977365012767e-02,-9.659152710810303688e-02,7.174064427614212036e+00
3.380000000000000000e+02,3.380000000000002447e-01,4.743062111939041259e+00,9.753228989940153359e-02,-3.381052595502544167e-02,1.239017921057425711e-02,-5.379100170361694744e-02,5.114851372425244236e-02,-9.789941553026437759e-02,7.161318838596343994e+00
3.390000000000000000e+02,3.390000000000002456e-01,4.743008970442611272e+00,9.752517995286727470e-02,-3.372216057623131369e-02,1.169999683305210023e-02,-5.349415054047512719e-02,5.117797999100075212e-02,-9.507252508774399757e-02,7.160439729690551758e+00
3.400000000000000000e+02,3.400000000000002465e-01,4.742955725696867297e+00,9.751800357773049432e-02,-3.363331885993602055e-02,1.100323780413240207e-02,-5.319703557164290331e-02,5.120821764550935462e-02,-9.722795244306325912e-02,7.156425386667251587e+00
3.410000000000000000e+02,3.410000000000002474e-01,4.742902377461196473e+00,9.751078197644305612e-02,-3.354398338241032507e-02,1.029865181468247320e-02,-5.289959626753582000e-02,5.123906023674439786e-02,-1.023020911961793900e-01,7.141047328710556030e+00
3.420000000000000000e+02,3.420000000000002482e-01,4.742848921602615064e+00,9.750355616537290104e-02,-3.345414242398190435e-02,9.584744871090674495e-03,-5.260177577540869898e-02,5.127050841105534884e-02,-1.009856411255896091e-01,7.147563546895980835e+00
3.430000000000000000e+02,3.430000000000002491e-01,4.742795349784496572e+00,9.749637835655733387e-02,-3.336382371388187107e-02,8.861744236349104742e-03,-5.230359406976159420e-02,5.130254146172918972e-02,-1.050436077639460564e-01,7.192426562309265137e+00
3.440000000000000000e+02,3.440000000000002500e-01,4.742741661562191346e+00,9.748928073313796461e-02,-3.327303056355809807e-02,8.131258987913385361e-03,-5.200508680945437057e-02,5.133433248436428814e-02,-1.035657376050949097e-01,7.209672152996063232e+00
3.450000000000000000e+02,3.450000000000002509e-01,4.742687855611989356e+00,9.748220051484289550e-02,-3.318173857586041720e-02,7.393698345773639519e-03,-5.170638611420108610e-02,5.136604375256718924e-02,-1.009315140545368195e-01,7.264089137315750122e+00
3.460000000000000000e+02,3.460000000000002518e-01,4.742633937085207307e+00,9.747515270440090807e-02,-3.309001490525705080e-02,6.649876076891759330e-03,-5.140779580246968017e-02,5.139741865659606945e-02,-9.608167037367820740e-02,7.253386050462722778e+00
3.470000000000000000e+02,3.470000000000002527e-01,4.742579908835699243e+00,9.746815724520434265e-02,-3.299785335258495489e-02,5.903987510301980657e-03,-5.110955365500924330e-02,5.142842366950243355e-02,-9.627152420580387115e-02,7.217206954956054688e+00
3.480000000000000000e+02,3.480000000000002536e-01,4.742525769024434013e+00,9.746125548147216433e-02,-3.290520063733184258e-02,5.157996810657181769e-03,-5.081142984464759316e-02,5.145817233566914173e-02,-9.380137454718351364e-02,7.197568893432617188e+00
3.490000000000000000e+02,3.490000000000002545e-01,4.742471520614888192e+00,9.745440985034324599e-02,-3.281213174917686076e-02,4.412964593792700896e-03,-5.051350356199080238e-02,5.148676673695768563e-02,-9.248716942965984344e-02,7.254581838846206665e+00
3.500000000000000000e+02,3.500000000000002554e-01,4.742417171756391880e+00,9.744753085569768380e-02,-3.271862095837081708e-02,3.669363750758668913e-03,-5.021559955074117454e-02,5.151486488106581108e-02,-8.855705894529819489e-02,7.277617692947387695e+00
3.510000000000000000e+02,3.510000000000002562e-01,4.742362729557192402e+00,9.744065495055297121e-02,-3.262471721201520847e-02,2.928319885247304688e-03,-4.991815025014845197e-02,5.154232997269111993e-02,-8.089723624289035797e-02,7.251603633165359497e+00
3.520000000000000000e+02,3.520000000000002571e-01,4.742308204623100210e+00,9.743378114819194191e-02,-3.253048548519422295e-02,2.189513547582667280e-03,-4.962148134719535086e-02,5.156904595448413842e-02,-6.981756351888179779e-02,7.282159388065338135e+00
3.530000000000000000e+02,3.530000000000002580e-01,4.742253604888936103e+00,9.742687770831315319e-02,-3.243587405552887659e-02,1.452141860799345541e-03,-4.932530084925335068e-02,5.159486302100682598e-02,-7.092683762311935425e-02,7.288777917623519897e+00
3.540000000000000000e+02,3.540000000000002589e-01,4.742198956019263001e+00,9.741990939558949070e-02,-3.234104087710775594e-02,7.159336702315596823e-04,-4.903027911516244508e-02,5.161986734450365460e-02,-5.566221475601196289e-02,7.311823606491088867e+00
3.550000000000000000e+02,3.550000000000002598e-01,4.742144263877994703e+00,9.741282286572569560e-02,-3.224601232403587203e-02,-2.005878537909497328e-05,-4.873653778555242511e-02,5.164495439697974755e-02,-5.830125138163566589e-02,7.391864985227584839e+00
3.560000000000000000e+02,3.560000000000002607e-01,4.742089553114166023e+00,9.740562549946338300e-02,-3.215084198766179208e-02,-7.563556557125365731e-04,-4.844436480367586562e-02,5.167012765313834521e-02,-5.069976858794689178e-02,7.361135601997375488e+00
3.570000000000000000e+02,3.570000000000002616e-01,4.742034823974965896e+00,9.739837425537008209e-02,-3.205563788757282567e-02,-1.491534959971729801e-03,-4.815449610308042416e-02,5.169520291516778443e-02,-6.130830571055412292e-02,7.365889966487884521e+00
3.580000000000000000e+02,3.580000000000002625e-01,4.741980082670529839e+00,9.739099862537542451e-02,-3.196030595738024588e-02,-2.226003650024826336e-03,-4.786647554579825936e-02,5.172059106944262852e-02,-5.519080348312854767e-02,7.410891562700271606e+00
3.590000000000000000e+02,3.590000000000002633e-01,4.741925317102078097e+00,9.738345714931548325e-02,-3.186486364881148392e-02,-2.960763020842114429e-03,-4.758038348604132217e-02,5.174665645028571348e-02,-4.805565252900123596e-02,7.378063976764678955e+00
3.600000000000000000e+02,3.600000000000002642e-01,4.741870535815893462e+00,9.737576278738108160e-02,-3.176930084451047576e-02,-3.695323891495457674e-03,-4.729639790110118369e-02,5.177338308827651725e-02,-4.097247682511806488e-02,7.383376181125640869e+00
3.610000000000000000e+02,3.610000000000002651e-01,4.741815744037920055e+00,9.736792382892502096e-02,-3.167362719226744089e-02,-4.430215225540157231e-03,-4.701439443493127257e-02,5.180089748844480396e-02,-4.804539866745471954e-02,7.415364712476730347e+00
3.620000000000000000e+02,3.620000000000002660e-01,4.741760954010723950e+00,9.735994288507733574e-02,-3.157790603959512860e-02,-5.165285380826712541e-03,-4.673460835158294024e-02,5.182881086152930916e-02,-3.025751560926437378e-02,7.359918832778930664e+00
3.630000000000000000e+02,3.630000000000002669e-01,4.741706156593651578e+00,9.735181900818352940e-02,-3.148212219361819220e-02,-5.899698332093947922e-03,-4.645714054190741571e-02,5.185691815369862512e-02,-2.755454368889331818e-02,7.381350815296173096e+00
3.640000000000000000e+02,3.640000000000002678e-01,4.741651371535074766e+00,9.734357429026031794e-02,-3.138631615662453717e-02,-6.632341683971587631e-03,-4.618186178435657041e-02,5.188519586424823055e-02,-3.395136632025241852e-02,7.385666429996490479e+00
3.650000000000000000e+02,3.650000000000002687e-01,4.741596609937460016e+00,9.733519257216841081e-02,-3.129064186021545541e-02,-7.360775356075353187e-03,-4.590937916740611691e-02,5.191386800291439285e-02,-3.226535208523273468e-02,7.354791402816772461e+00
3.660000000000000000e+02,3.660000000000002696e-01,4.741541859879546905e+00,9.732667485629534210e-02,-3.119509265723991245e-02,-8.085721763353499042e-03,-4.563968869990064903e-02,5.194302564155996171e-02,-3.265582956373691559e-02,7.346377909183502197e+00
3.670000000000000000e+02,3.670000000000002705e-01,4.741487116954685277e+00,9.731806114242980144e-02,-3.109964774883665697e-02,-8.807295994948581563e-03,-4.537257612209244506e-02,5.197226880372188274e-02,-3.508770093321800232e-02,7.337164938449859619e+00
3.680000000000000000e+02,3.680000000000002713e-01,4.741432374884030132e+00,9.730939277264827325e-02,-3.100425373142558574e-02,-9.527208711871994196e-03,-4.510782516299016720e-02,5.200143947788226501e-02,-3.551983088254928589e-02,7.331556886434555054e+00
3.690000000000000000e+02,3.690000000000002722e-01,4.741377627308003717e+00,9.730068118851001313e-02,-3.090890362349628384e-02,-1.024607035890751083e-02,-4.484537147754408259e-02,5.203016692665582421e-02,-3.460989892482757568e-02,7.303168088197708130e+00
3.700000000000000000e+02,3.700000000000002731e-01,4.741322873804340254e+00,9.729191406298139111e-02,-3.081363341478965748e-02,-1.096456069824985891e-02,-4.458530641652558302e-02,5.205855687074686933e-02,-3.193789720535278320e-02,7.281962215900421143e+00
3.710000000000000000e+02,3.710000000000002740e-01,4.741268115444351672e+00,9.728305052006143427e-02,-3.071851922612399075e-02,-1.168190094360989362e-02,-4.432774550116813650e-02,5.208666206627100836e-02,-4.278562963008880615e-02,7.305210947990417480e+00
3.720000000000000000e+02,3.720000000000002749e-01,4.741213353647942164e+00,9.727409287151074502e-02,-3.062353829226833329e-02,-1.239768217363010003e-02,-4.407251391173305777e-02,5.211436827899687541e-02,-3.704740665853023529e-02,7.257656633853912354e+00
3.730000000000000000e+02,3.730000000000002758e-01,4.741158574067044107e+00,9.726502557228856871e-02,-3.052863730253347826e-02,-1.311369003434827499e-02,-4.381954352794337204e-02,5.214198040477725782e-02,-4.517054557800292969e-02,7.245976895093917847e+00
3.740000000000000000e+02,3.740000000000002767e-01,4.741103785128344406e+00,9.725582899636675549e-02,-3.043391526265247851e-02,-1.382847755976923318e-02,-4.356893562677699450e-02,5.216948699161198799e-02,-4.933286830782890320e-02,7.264283478260040283e+00
3.750000000000000000e+02,3.750000000000002776e-01,4.741048973319031745e+00,9.724654664134345372e-02,-3.033938166654450916e-02,-1.454217935708307721e-02,-4.332066382963617457e-02,5.219695327370921234e-02,-5.376868695020675659e-02,7.272973328828811646e+00
3.760000000000000000e+02,3.760000000000002784e-01,4.740994133965687141e+00,9.723720305827625310e-02,-3.024509320943964338e-02,-1.525410103786341634e-02,-4.307500568028777010e-02,5.222392292087411902e-02,-4.872689768671989441e-02,7.281956166028976440e+00
3.770000000000000000e+02,3.770000000000002793e-01,4.740939259737046108e+00,9.722774102681923380e-02,-3.015097750399330090e-02,-1.596373126014873772e-02,-4.283176031212754253e-02,5.225061604088732797e-02,-5.792890489101409912e-02,7.293401598930358887e+00
3.780000000000000000e+02,3.780000000000002802e-01,4.740884356295286928e+00,9.721816654541474978e-02,-3.005702957569644090e-02,-1.667094800558962392e-02,-4.259094960361808901e-02,5.227715313602469133e-02,-5.252066813409328461e-02,7.286016285419464111e+00
3.790000000000000000e+02,3.790000000000002811e-01,4.740829409849189879e+00,9.720850495304676764e-02,-2.996323224441468230e-02,-1.737487364076676158e-02,-4.235257292789929018e-02,5.230329379350544261e-02,-4.598619975149631500e-02,7.292728900909423828e+00
3.800000000000000000e+02,3.800000000000002820e-01,4.740774425816840498e+00,9.719876987810117941e-02,-2.986956911732063791e-02,-1.807523111243462127e-02,-4.211654170977552347e-02,5.232892560389961617e-02,-4.950828850269317627e-02,7.278747171163558960e+00
3.810000000000000000e+02,3.810000000000002829e-01,4.740719407424504261e+00,9.718900115094093739e-02,-2.977598612563994718e-02,-1.877130173781076800e-02,-4.188272190617570168e-02,5.235304721298519176e-02,-4.911956749856472015e-02,7.274783462285995483e+00
3.820000000000000000e+02,3.820000000000002838e-01,4.740664349674845290e+00,9.717918708433861963e-02,-2.968246138630615052e-02,-1.946452125834742530e-02,-4.165097020117936033e-02,5.237616929023250489e-02,-5.197636969387531281e-02,7.282551199197769165e+00
3.830000000000000000e+02,3.830000000000002847e-01,4.740609251607568631e+00,9.716934756879111457e-02,-2.958895128044785813e-02,-2.015607108414175716e-02,-4.142112326388369681e-02,5.239842884665454892e-02,-4.370336793363094330e-02,7.290244787931442261e+00
3.840000000000000000e+02,3.840000000000002855e-01,4.740554107293283970e+00,9.715948065763686803e-02,-2.949543302749346035e-02,-2.084570220046310859e-02,-4.119314224569770033e-02,5.241977580798354297e-02,-4.277145490050315857e-02,7.276930660009384155e+00
3.850000000000000000e+02,3.850000000000002864e-01,4.740498934127957753e+00,9.714951886481568155e-02,-2.940194876694732923e-02,-2.153195006752337687e-02,-4.096719521192593305e-02,5.244076959147098843e-02,-4.387139342725276947e-02,7.274537622928619385e+00
3.860000000000000000e+02,3.860000000000002873e-01,4.740443733668884718e+00,9.713942825432692052e-02,-2.930850767201801169e-02,-2.221424812316890457e-02,-4.074324844127352740e-02,5.246149456473461065e-02,-4.137688316404819489e-02,7.274681150913238525e+00
3.870000000000000000e+02,3.870000000000002882e-01,4.740388499492118157e+00,9.712924879313955540e-02,-2.921506046757375852e-02,-2.289247669686536937e-02,-4.052113032806081705e-02,5.248166032547735282e-02,-3.516430221498012543e-02,7.267636537551879883e+00
3.880000000000000000e+02,3.880000000000002891e-01,4.740333234748876023e+00,9.711901427993818725e-02,-2.912159243721245544e-02,-2.356776718439116541e-02,-4.030079344046066936e-02,5.250130447332899269e-02,-3.036856837570667267e-02,7.287557989358901978e+00
3.890000000000000000e+02,3.890000000000002900e-01,4.740277951942031720e+00,9.710869296076088397e-02,-2.902810733933219173e-02,-2.424085780275431201e-02,-4.008220496711989433e-02,5.252121065437129199e-02,-3.085011430084705353e-02,7.269099771976470947e+00
3.900000000000000000e+02,3.900000000000002909e-01,4.740222655769322557e+00,9.709833916209886784e-02,-2.893464761526243212e-02,-2.490932540248740751e-02,-3.986559924838428692e-02,5.254097672284147730e-02,-3.120116144418716431e-02,7.249143868684768677e+00
3.910000000000000000e+02,3.910000000000002918e-01,4.740167338696432253e+00,9.708807787285199387e-02,-2.884119724972437904e-02,-2.557535374674046319e-02,-3.965084854616907073e-02,5.255984938191447103e-02,-2.862947434186935425e-02,7.237347066402435303e+00
3.920000000000000000e+02,3.920000000000002927e-01,4.740112003767229965e+00,9.707785828477152879e-02,-2.874778181804312285e-02,-2.623835489896161888e-02,-3.943794114388654570e-02,5.257814371968091982e-02,-2.568834275007247925e-02,7.225985378026962280e+00
3.930000000000000000e+02,3.930000000000002935e-01,4.740056651556555423e+00,9.706777267375768514e-02,-2.865437686647602511e-02,-2.690068066864347712e-02,-3.922675923502372264e-02,5.259514758820347385e-02,-2.435101009905338287e-02,7.230680435895919800e+00
3.940000000000000000e+02,3.940000000000002944e-01,4.740001292990647208e+00,9.705773483099865151e-02,-2.856102179911760436e-02,-2.756387257731537921e-02,-3.901737127039250908e-02,5.261163554131199904e-02,-1.391221582889556885e-02,7.214041024446487427e+00
3.950000000000000000e+02,3.950000000000002953e-01,4.739945927866965114e+00,9.704772495838150104e-02,-2.846768412201093959e-02,-2.822836281182789994e-02,-3.880968210855595402e-02,5.262793956642221327e-02,-1.363532617688179016e-02,7.191988021135330200e+00
3.960000000000000000e+02,3.960000000000002962e-01,4.739890572247566602e+00,9.703770128359306968e-02,-2.837438659101936336e-02,-2.889467216149799178e-02,-3.860369093251958539e-02,5.264407621840233586e-02,-1.141080819070339203e-02,7.192504584789276123e+00
3.970000000000000000e+02,3.970000000000002971e-01,4.739835228315766535e+00,9.702767970993768365e-02,-2.828122149588266007e-02,-2.956358349370091093e-02,-3.839959933022218941e-02,5.266004224588045207e-02,-1.888730376958847046e-02,7.174129784107208252e+00
3.980000000000000000e+02,3.980000000000002980e-01,4.739779899223168336e+00,9.701766786944369947e-02,-2.818816392382541766e-02,-3.023481123328996059e-02,-3.819732739763237461e-02,5.267589549581384867e-02,-1.578256115317344666e-02,7.183673113584518433e+00
3.990000000000000000e+02,3.990000000000002989e-01,4.739724573933929541e+00,9.700767002119280169e-02,-2.809519561174425584e-02,-3.090972048159255220e-02,-3.799672667899001155e-02,5.269181349224042604e-02,-2.031294442713260651e-02,7.193540155887603760e+00
4.000000000000000000e+02,4.000000000000002998e-01,4.739669255431899764e+00,9.699769474265862446e-02,-2.800229073180558401e-02,-3.158750716750249876e-02,-3.779775903870619125e-02,5.270764958718233972e-02,-1.973943971097469330e-02,7.220832735300064087e+00
4.010000000000000000e+02,4.010000000000003006e-01,4.739613937804393551e+00,9.698773189587722721e-02,-2.790939104328742787e-02,-3.226807136361087985e-02,-3.760027877103899741e-02,5.272353645690391194e-02,-1.349768228828907013e-02,7.220481663942337036e+00
4.020000000000000000e+02,4.020000000000003015e-01,4.739558621460629340e+00,9.697777144115529713e-02,-2.781644786018576399e-02,-3.295306741558243213e-02,-3.740425616952580690e-02,5.273944815797516894e-02,-2.054665051400661469e-02,7.233515948057174683e+00
4.030000000000000000e+02,4.030000000000003024e-01,4.739503314162457848e+00,9.696780117125110288e-02,-2.772347770509286588e-02,-3.364266772144658413e-02,-3.720973661851556535e-02,5.275553332130475392e-02,-1.801342330873012543e-02,7.200989067554473877e+00
4.040000000000000000e+02,4.040000000000003033e-01,4.739448008193053674e+00,9.695778603760502046e-02,-2.763047732694834738e-02,-3.433591163725184525e-02,-3.701675963040229611e-02,5.277221023920508625e-02,-2.556146681308746338e-02,7.241976112127304077e+00
4.050000000000000000e+02,4.050000000000003042e-01,4.739392705573281184e+00,9.694774033643464850e-02,-2.753746146435054332e-02,-3.503167529807577063e-02,-3.682522780647468075e-02,5.278920247838553292e-02,-2.703976817429065704e-02,7.234112590551376343e+00
4.060000000000000000e+02,4.060000000000003051e-01,4.739337397067668434e+00,9.693765412568486339e-02,-2.744440593589879407e-02,-3.572972146159179851e-02,-3.663524849199495392e-02,5.280668904816515630e-02,-2.508750371634960175e-02,7.229191631078720093e+00
4.070000000000000000e+02,4.070000000000003060e-01,4.739282077704698892e+00,9.692757503047172429e-02,-2.735130451957841838e-02,-3.642979956235701394e-02,-3.644677139562402246e-02,5.282431574390181878e-02,-2.451480552554130554e-02,7.208537876605987549e+00
4.080000000000000000e+02,4.080000000000003069e-01,4.739226752359402717e+00,9.691746240342465069e-02,-2.725817250228561306e-02,-3.713330449435640196e-02,-3.625981023928659397e-02,5.284260542675290467e-02,-1.321967132389545441e-02,7.186466962099075317e+00
4.090000000000000000e+02,4.090000000000003078e-01,4.739171424824976775e+00,9.690729699349931447e-02,-2.716502198017153522e-02,-3.783939026524472254e-02,-3.607430306074865811e-02,5.286186628658610248e-02,-1.033256575465202332e-02,7.179414004087448120e+00
4.100000000000000000e+02,4.100000000000003086e-01,4.739116109950655797e+00,9.689709722878976639e-02,-2.707187494415010803e-02,-3.854788498173562783e-02,-3.589023109135847101e-02,5.288168873468739040e-02,-8.611066266894340515e-03,7.227161109447479248e+00
4.110000000000000000e+02,4.110000000000003095e-01,4.739060810637026222e+00,9.688686782709987622e-02,-2.697876156740586576e-02,-3.925859822116738868e-02,-3.570766098900235441e-02,5.290194909599623546e-02,-1.160234212875366211e-02,7.239155501127243042e+00
4.120000000000000000e+02,4.120000000000003104e-01,4.739005533368411349e+00,9.687655577755897862e-02,-2.688567185889950001e-02,-3.996978757087863571e-02,-3.552677745449961400e-02,5.292292047035899311e-02,-1.302614621818065643e-02,7.268221944570541382e+00
4.130000000000000000e+02,4.130000000000003113e-01,4.738950273220900122e+00,9.686620326328976294e-02,-2.679267782129012357e-02,-4.068203544285069195e-02,-3.534786632016451158e-02,5.294460248005733449e-02,-2.008320391178131104e-02,7.279860615730285645e+00
4.140000000000000000e+02,4.140000000000003122e-01,4.738895034263351569e+00,9.685575474414774566e-02,-2.669980277545974667e-02,-4.139421162672038412e-02,-3.517112795670040981e-02,5.296752853544500761e-02,-2.312049642205238342e-02,7.278933197259902954e+00
4.150000000000000000e+02,4.150000000000003131e-01,4.738839805627475421e+00,9.684522858691078928e-02,-2.660698162382197154e-02,-4.210700858943696584e-02,-3.499640404152626338e-02,5.299169035745555228e-02,-2.889380231499671936e-02,7.262525618076324463e+00
4.160000000000000000e+02,4.160000000000003140e-01,4.738784580740150076e+00,9.683466306058842454e-02,-2.651420376228380560e-02,-4.282023407682939570e-02,-3.482366166663730667e-02,5.301679456053828149e-02,-3.595954366028308868e-02,7.254828751087188721e+00
4.170000000000000000e+02,4.170000000000003149e-01,4.738729348103600358e+00,9.682407470018186690e-02,-2.642142376573642509e-02,-4.353407597220839559e-02,-3.465267162059304518e-02,5.304281679725800919e-02,-3.236004896461963654e-02,7.182404816150665283e+00
4.180000000000000000e+02,4.180000000000003157e-01,4.738674101294071406e+00,9.681339686766586572e-02,-2.632866478897976162e-02,-4.424758943363008706e-02,-3.448347345588675950e-02,5.306993911777947021e-02,-3.066685423254966736e-02,7.179628670215606689e+00
4.190000000000000000e+02,4.190000000000003166e-01,4.738618846610909152e+00,9.680265027144174805e-02,-2.623607827766036987e-02,-4.496011986227749918e-02,-3.431620846594141128e-02,5.309851854912107233e-02,-3.268234431743621826e-02,7.220680236816406250e+00
4.200000000000000000e+02,4.200000000000003175e-01,4.738563579795143532e+00,9.679194026217705082e-02,-2.614361030376953152e-02,-4.567215941761291337e-02,-3.415069604077247689e-02,5.312801120737372512e-02,-3.001324273645877838e-02,7.227111190557479858e+00
4.210000000000000000e+02,4.210000000000003184e-01,4.738508295068500686e+00,9.678130032207968303e-02,-2.605117918303842192e-02,-4.638464066963327026e-02,-3.398686529386552024e-02,5.315816349901815452e-02,-2.749013714492321014e-02,7.216767847537994385e+00
4.220000000000000000e+02,4.220000000000003193e-01,4.738452999366058016e+00,9.677064889058746566e-02,-2.595878714189119724e-02,-4.709742115874619023e-02,-3.382474884206820853e-02,5.318924171678474783e-02,-2.671140618622303009e-02,7.204109668731689453e+00
4.230000000000000000e+02,4.230000000000003202e-01,4.738397694995142295e+00,9.676003211778742841e-02,-2.586651274336355250e-02,-4.781064487835227916e-02,-3.366455976086535351e-02,5.322098500524344300e-02,-2.576569095253944397e-02,7.211546957492828369e+00
4.240000000000000000e+02,4.240000000000003211e-01,4.738342380772159856e+00,9.674951553384354697e-02,-2.577435525160428481e-02,-4.852453258492241822e-02,-3.350622113285095516e-02,5.325359459076259988e-02,-3.064354695379734039e-02,7.165077686309814453e+00
4.250000000000000000e+02,4.250000000000003220e-01,4.738287052834567525e+00,9.673921054666261010e-02,-2.568233801597492177e-02,-4.923796469520971136e-02,-3.334987172188474958e-02,5.328610336501744121e-02,-3.384360671043395996e-02,7.171045839786529541e+00
4.260000000000000000e+02,4.260000000000003229e-01,4.738231707774915868e+00,9.672912647934091279e-02,-2.559060292537670284e-02,-4.995236338752424843e-02,-3.319576577932514816e-02,5.331852578289147937e-02,-3.657603636384010315e-02,7.203162550926208496e+00
4.270000000000000000e+02,4.270000000000003237e-01,4.738176340056316604e+00,9.671923595512918470e-02,-2.549909500807955032e-02,-5.066689146331171401e-02,-3.304375464876208035e-02,5.335079265506899315e-02,-3.824044205248355865e-02,7.183067232370376587e+00
4.280000000000000000e+02,4.280000000000003246e-01,4.738120941144178921e+00,9.670961426574968545e-02,-2.540772084622236124e-02,-5.138192192005326675e-02,-3.289368308621232195e-02,5.338269186761655793e-02,-3.680489584803581238e-02,7.177525311708450317e+00
4.290000000000000000e+02,4.290000000000003255e-01,4.738065506252310044e+00,9.670034306107745670e-02,-2.531652928634003236e-02,-5.209780537313434684e-02,-3.274561507952977735e-02,5.341411265121740609e-02,-4.244320094585418701e-02,7.155741304159164429e+00
4.300000000000000000e+02,4.300000000000003264e-01,4.738010041616774082e+00,9.669136160475509667e-02,-2.522553982013204382e-02,-5.281458791109672202e-02,-3.259958428099274386e-02,5.344539095003483786e-02,-3.792662825435400009e-02,7.180557280778884888e+00
4.310000000000000000e+02,4.310000000000003273e-01,4.737954538153670292e+00,9.668268923751670296e-02,-2.513480354439173378e-02,-5.353229485298433010e-02,-3.245567274327876284e-02,5.347613718008414896e-02,-3.432114049792289734e-02,7.146422296762466431e+00
4.320000000000000000e+02,4.320000000000003282e-01,4.737899000971833807e+00,9.667432012240802230e-02,-2.504427057796104056e-02,-5.425036490673133122e-02,-3.231382298509255513e-02,5.350648842455126702e-02,-3.732025902718305588e-02,7.161332607269287109e+00
4.330000000000000000e+02,4.330000000000003291e-01,4.737843441485397378e+00,9.666613874690566099e-02,-2.495404545254879120e-02,-5.496741325279302925e-02,-3.217421468382197780e-02,5.353680743470926040e-02,-3.615540266036987305e-02,7.122748404741287231e+00
4.340000000000000000e+02,4.340000000000003300e-01,4.737787851442927689e+00,9.665816437416061002e-02,-2.486410325308624492e-02,-5.568255342963082666e-02,-3.203684191435507422e-02,5.356674967319823011e-02,-4.023579880595207214e-02,7.134881764650344849e+00
4.350000000000000000e+02,4.350000000000003308e-01,4.737732232945108812e+00,9.665038741600616434e-02,-2.477449200535479859e-02,-5.639528314195116354e-02,-3.190169127138742233e-02,5.359619538532563177e-02,-3.173137269914150238e-02,7.089252144098281860e+00
4.360000000000000000e+02,4.360000000000003317e-01,4.737676579434582536e+00,9.664278472571621870e-02,-2.468518182679276668e-02,-5.710564840044547036e-02,-3.176872539276542895e-02,5.362507403917681631e-02,-3.080420941114425659e-02,7.101157486438751221e+00
4.370000000000000000e+02,4.370000000000003326e-01,4.737620899271967723e+00,9.663534498308125331e-02,-2.459623566010004508e-02,-5.781062005281647348e-02,-3.163792388627961749e-02,5.365338412580058364e-02,-3.443218953907489777e-02,7.121564894914627075e+00
4.380000000000000000e+02,4.380000000000003335e-01,4.737565191567514766e+00,9.662808932414805596e-02,-2.450766728799455216e-02,-5.850911566677045872e-02,-3.150941836253640105e-02,5.368042513211986055e-02,-4.289843887090682983e-02,7.151902437210083008e+00
4.390000000000000000e+02,4.390000000000003344e-01,4.737509455105190170e+00,9.662101732953275179e-02,-2.441947618300720907e-02,-5.920079075227759752e-02,-3.138327832106591053e-02,5.370684278695179309e-02,-4.779516533017158508e-02,7.132862687110900879e+00
4.400000000000000000e+02,4.400000000000003353e-01,4.737453678456247985e+00,9.661413826375921110e-02,-2.433160738209783416e-02,-5.988591773961048081e-02,-3.125946461380291197e-02,5.373272990399516336e-02,-4.537399858236312866e-02,7.118738889694213867e+00
4.410000000000000000e+02,4.410000000000003362e-01,4.737397852684213539e+00,9.660747925525305091e-02,-2.424411177752301347e-02,-6.056407635407624890e-02,-3.113806732835056046e-02,5.375774824916644545e-02,-5.706682801246643066e-02,7.108519971370697021e+00
4.420000000000000000e+02,4.420000000000003371e-01,4.737341981365803534e+00,9.660103083618187814e-02,-2.415694341477605048e-02,-6.123689986951446479e-02,-3.101887290221916338e-02,5.378199756114445534e-02,-5.038253776729106903e-02,7.101853668689727783e+00
4.430000000000000000e+02,4.430000000000003380e-01,4.737286048547250772e+00,9.659477193704055220e-02,-2.407015772770888795e-02,-6.190400603051931377e-02,-3.090202350808279874e-02,5.380535486397979711e-02,-5.804768390953540802e-02,7.057454317808151245e+00
4.440000000000000000e+02,4.440000000000003388e-01,4.737230066018440766e+00,9.658866993208058138e-02,-2.398383406896776454e-02,-6.256355416632082556e-02,-3.078771860118045822e-02,5.382834605725394378e-02,-6.126936897635459900e-02,7.069610357284545898e+00
4.450000000000000000e+02,4.450000000000003397e-01,4.737174027214913430e+00,9.658271995074572958e-02,-2.389802374889352793e-02,-6.321798085388122268e-02,-3.067586886483364417e-02,5.385209336151013104e-02,-6.234524026513099670e-02,7.075835943222045898e+00
4.460000000000000000e+02,4.460000000000003406e-01,4.737117925089505022e+00,9.657696032093283922e-02,-2.381271103813932880e-02,-6.386573341991827468e-02,-3.056649443013848000e-02,5.387618315976955286e-02,-6.005241535604000092e-02,7.065777331590652466e+00
4.470000000000000000e+02,4.470000000000003415e-01,4.737061753895467575e+00,9.657143747027621683e-02,-2.372784808653390434e-02,-6.450713754808562461e-02,-3.045949363645439334e-02,5.390001147861040592e-02,-5.721547827124595642e-02,7.033893287181854248e+00
4.480000000000000000e+02,4.480000000000003424e-01,4.737005516294932939e+00,9.656618475988228145e-02,-2.364344447549642653e-02,-6.514292820605466217e-02,-3.035486082539473607e-02,5.392341535012174641e-02,-6.220039911568164825e-02,6.997398972511291504e+00
4.490000000000000000e+02,4.490000000000003433e-01,4.736949218396239836e+00,9.656117984909813601e-02,-2.355964156959735462e-02,-6.577271410474749835e-02,-3.025290111174561147e-02,5.394654253897718243e-02,-6.331422552466392517e-02,7.015925139188766479e+00
4.500000000000000000e+02,4.500000000000003442e-01,4.736892852280554678e+00,9.655642780323664409e-02,-2.347646784380118604e-02,-6.639560349067653855e-02,-3.015353625878147703e-02,5.396939668507528404e-02,-6.848587095737457275e-02,7.009359419345855713e+00
4.510000000000000000e+02,4.510000000000003451e-01,4.736836417803381494e+00,9.655189333408516206e-02,-2.339386020298400357e-02,-6.701193176475107871e-02,-3.005663997854735037e-02,5.399221916868830740e-02,-6.966546550393104553e-02,6.952949464321136475e+00
4.520000000000000000e+02,4.520000000000003459e-01,4.736779907091885455e+00,9.654763088428193474e-02,-2.331183028681994493e-02,-6.762204059952892088e-02,-2.996222772323475780e-02,5.401486975192144879e-02,-6.707667373120784760e-02,6.948227047920227051e+00
4.530000000000000000e+02,4.530000000000003468e-01,4.736723319491038531e+00,9.654362047401664204e-02,-2.323051538158529133e-02,-6.822428094498586559e-02,-2.987051517133787470e-02,5.403689731812451325e-02,-5.830964073538780212e-02,6.968721896409988403e+00
4.540000000000000000e+02,4.540000000000003477e-01,4.736666659663612222e+00,9.653977941724362077e-02,-2.314992434789479164e-02,-6.881725628132641381e-02,-2.978151121232230913e-02,5.405833906337546152e-02,-5.423091910779476166e-02,6.932823359966278076e+00
4.550000000000000000e+02,4.550000000000003486e-01,4.736609934026510871e+00,9.653612383755433290e-02,-2.306993299309505890e-02,-6.940088384122328202e-02,-2.969488333741421293e-02,5.407928763801356231e-02,-5.842469632625579834e-02,6.919321268796920776e+00
4.560000000000000000e+02,4.560000000000003495e-01,4.736553142901962943e+00,9.653268972170653273e-02,-2.299049250955749468e-02,-6.997268773795986552e-02,-2.961033241037225316e-02,5.409913085153686407e-02,-7.065104879438877106e-02,6.928141891956329346e+00
4.570000000000000000e+02,4.570000000000003504e-01,4.736496284974608173e+00,9.652946862571089304e-02,-2.291172135724982642e-02,-7.053223411220432837e-02,-2.952816762925047911e-02,5.411826351590043327e-02,-6.884801015257835388e-02,6.954600691795349121e+00
4.580000000000000000e+02,4.580000000000003513e-01,4.736439347159461910e+00,9.652638450895617561e-02,-2.283362469566172642e-02,-7.107799203370786245e-02,-2.944844198385165868e-02,5.413699992128447047e-02,-7.716658338904380798e-02,6.937850326299667358e+00
4.590000000000000000e+02,4.590000000000003522e-01,4.736382330900410054e+00,9.652343169937166456e-02,-2.275616143372612490e-02,-7.160833313473088935e-02,-2.937115943371249038e-02,5.415506745302006014e-02,-6.910279020667076111e-02,6.825684845447540283e+00
4.600000000000000000e+02,4.600000000000003531e-01,4.736325226312351866e+00,9.652060572966600360e-02,-2.267943785926889236e-02,-7.212398551673405989e-02,-2.929660821599000542e-02,5.417225050220030036e-02,-7.067839428782463074e-02,6.776349365711212158e+00
4.610000000000000000e+02,4.610000000000003539e-01,4.736268039230353111e+00,9.651795577463637144e-02,-2.260354888341925550e-02,-7.262567016306437084e-02,-2.922456818947938295e-02,5.418842973232768784e-02,-8.008594810962677002e-02,6.818589270114898682e+00
4.620000000000000000e+02,4.620000000000003548e-01,4.736210761106655731e+00,9.651552630851108205e-02,-2.252844014355402658e-02,-7.311235272603255897e-02,-2.915464379584342680e-02,5.420322790231817817e-02,-8.060259371995925903e-02,6.789843946695327759e+00
4.630000000000000000e+02,4.630000000000003557e-01,4.736153378974082173e+00,9.651330480199998840e-02,-2.245400623687680494e-02,-7.358450661698159867e-02,-2.908668577730288973e-02,5.421677589979195105e-02,-7.497887313365936279e-02,6.791800022125244141e+00
4.640000000000000000e+02,4.640000000000003566e-01,4.736095892644316407e+00,9.651131520628430938e-02,-2.238029377239533074e-02,-7.404434842220514179e-02,-2.902070701185976986e-02,5.422921828297558311e-02,-7.567630708217620850e-02,6.814214229583740234e+00
4.650000000000000000e+02,4.650000000000003575e-01,4.736038309351105369e+00,9.650957082830365075e-02,-2.230735699242945846e-02,-7.449186067105735554e-02,-2.895687670861524232e-02,5.424069157341106923e-02,-5.980241112411022186e-02,6.814926296472549438e+00
4.660000000000000000e+02,4.660000000000003584e-01,4.735980628293651407e+00,9.650804803055205994e-02,-2.223516845598716082e-02,-7.492674957070293018e-02,-2.889520467971440354e-02,5.425127821428822605e-02,-6.286310032010078430e-02,6.772703498601913452e+00
4.670000000000000000e+02,4.670000000000003593e-01,4.735922867847925488e+00,9.650676180245099101e-02,-2.216372063030044165e-02,-7.534773874907718660e-02,-2.883567737474579395e-02,5.426062699108677445e-02,-6.408327445387840271e-02,6.789281398057937622e+00
4.680000000000000000e+02,4.680000000000003602e-01,4.735865027182762255e+00,9.650567970627561831e-02,-2.209305227630309343e-02,-7.575515983645755846e-02,-2.877820668852848485e-02,5.426923237094832819e-02,-6.075796112418174744e-02,6.761780947446823120e+00
4.690000000000000000e+02,4.690000000000003610e-01,4.735807104907618914e+00,9.650479105756934461e-02,-2.202315376556985421e-02,-7.614901844988226920e-02,-2.872282642493839688e-02,5.427726395143440963e-02,-5.970819666981697083e-02,6.768762320280075073e+00
4.700000000000000000e+02,4.700000000000003619e-01,4.735749099418792518e+00,9.650419027102068170e-02,-2.195408819556141436e-02,-7.653006790896085820e-02,-2.866965779351327015e-02,5.428376162958802736e-02,-6.436669453978538513e-02,6.798979789018630981e+00
4.710000000000000000e+02,4.710000000000003628e-01,4.735691011136337281e+00,9.650387279717524691e-02,-2.188580984261706205e-02,-7.689867846946302210e-02,-2.861857839283699079e-02,5.428879166636824127e-02,-6.565349176526069641e-02,6.748842835426330566e+00
4.720000000000000000e+02,4.720000000000003637e-01,4.735632838610800199e+00,9.650376228968572667e-02,-2.181832751402643447e-02,-7.725328959584021327e-02,-2.856973207417889959e-02,5.429293390124825119e-02,-6.896941363811492920e-02,6.737951308488845825e+00
4.730000000000000000e+02,4.730000000000003646e-01,4.735574578362065523e+00,9.650389273589268790e-02,-2.175169018514712393e-02,-7.759439812239836420e-02,-2.852303335787675920e-02,5.429628251411154627e-02,-5.676835961639881134e-02,6.746413797140121460e+00
4.740000000000000000e+02,4.740000000000003655e-01,4.735516226683257557e+00,9.650428294548066277e-02,-2.168593113460759100e-02,-7.792231886760278559e-02,-2.847855717286429389e-02,5.429866746534006694e-02,-6.262968480587005615e-02,6.771583557128906250e+00
4.750000000000000000e+02,4.750000000000003664e-01,4.735457796814855236e+00,9.650500334476602715e-02,-2.162111744378132638e-02,-7.823783866053188318e-02,-2.843659184810043428e-02,5.429937797438501995e-02,-6.358562409877777100e-02,6.793158382177352905e+00
4.760000000000000000e+02,4.760000000000003673e-01,4.735399280957550694e+00,9.650603262612467148e-02,-2.155722221210551806e-02,-7.854063803578846537e-02,-2.839717417284126633e-02,5.429834794527518133e-02,-5.234064161777496338e-02,6.771767526865005493e+00
4.770000000000000000e+02,4.770000000000003681e-01,4.735340679287011412e+00,9.650730602278956294e-02,-2.149419314805179129e-02,-7.883042161635156475e-02,-2.836020002316885780e-02,5.429613278262418463e-02,-5.647544004023075104e-02,6.765826314687728882e+00
4.780000000000000000e+02,4.780000000000003690e-01,4.735282010764725769e+00,9.650878586385891467e-02,-2.143206795744114629e-02,-7.910932888585776868e-02,-2.832567360758320163e-02,5.429316988040820691e-02,-6.204534508287906647e-02,6.758800566196441650e+00
4.790000000000000000e+02,4.790000000000003699e-01,4.735223271545498491e+00,9.651045026632565360e-02,-2.137082412385206756e-02,-7.937861628337565534e-02,-2.829350031417443567e-02,5.428954920011598573e-02,-5.727098509669303894e-02,6.742428630590438843e+00
4.800000000000000000e+02,4.800000000000003708e-01,4.735164457315486075e+00,9.651225625658396701e-02,-2.131051152357778949e-02,-7.963799306474760031e-02,-2.826381893652607502e-02,5.428533450422880213e-02,-6.270568817853927612e-02,6.769937217235565186e+00
4.810000000000000000e+02,4.810000000000003717e-01,4.735105569008783100e+00,9.651425740644743734e-02,-2.125112079170725018e-02,-7.988809250845937959e-02,-2.823653420999949759e-02,5.428007509479906151e-02,-5.689997225999832153e-02,6.754443764686584473e+00
4.820000000000000000e+02,4.820000000000003726e-01,4.735046601818550194e+00,9.651644804151474077e-02,-2.119266347417686144e-02,-8.012944752280050376e-02,-2.821181902024294530e-02,5.427380687252054969e-02,-5.215585231781005859e-02,6.758323758840560913e+00
4.830000000000000000e+02,4.830000000000003735e-01,4.734987564312207908e+00,9.651873553245936266e-02,-2.113510933160615488e-02,-8.036121165312233583e-02,-2.818947298604279617e-02,5.426697424956304638e-02,-5.055309273302555084e-02,6.765528291463851929e+00
4.840000000000000000e+02,4.840000000000003744e-01,4.734928458612932545e+00,9.652117113468799969e-02,-2.107842345318067245e-02,-8.058428186278035477e-02,-2.816943334051380532e-02,5.425892944435914411e-02,-5.437320657074451447e-02,6.770145982503890991e+00
4.850000000000000000e+02,4.850000000000003753e-01,4.734869287487423861e+00,9.652374978994372745e-02,-2.102258772404813972e-02,-8.079889136993363696e-02,-2.815166453487560894e-02,5.424984110862123010e-02,-5.157949030399322510e-02,6.724434435367584229e+00
4.860000000000000000e+02,4.860000000000003761e-01,4.734810046537257122e+00,9.652650250824994227e-02,-2.096765757204656008e-02,-8.100574633762464005e-02,-2.813636775023087289e-02,5.423972413232003298e-02,-4.969747737050056458e-02,6.696699768304824829e+00
4.870000000000000000e+02,4.870000000000003770e-01,4.734750738819706761e+00,9.652940177232031960e-02,-2.091366717055852253e-02,-8.120563710407519009e-02,-2.812342558096792011e-02,5.422877044673374974e-02,-4.470531456172466278e-02,6.721769869327545166e+00
4.880000000000000000e+02,4.880000000000003779e-01,4.734691366514900857e+00,9.653243442446471367e-02,-2.086061114974533184e-02,-8.139953785669878927e-02,-2.811268152923163122e-02,5.421713286774654944e-02,-5.520247854292392731e-02,6.721466660499572754e+00
4.890000000000000000e+02,4.890000000000003788e-01,4.734631941709592340e+00,9.653553791879022905e-02,-2.080844154502832846e-02,-8.158687997583249918e-02,-2.810408928418550722e-02,5.420519674567267354e-02,-5.519755370914936066e-02,6.717042505741119385e+00
4.900000000000000000e+02,4.900000000000003797e-01,4.734572448627510255e+00,9.653875154756211274e-02,-2.075719205528941610e-02,-8.176840531777865295e-02,-2.809776038091893469e-02,5.419284390254301004e-02,-5.979478918015956879e-02,6.699051082134246826e+00
4.910000000000000000e+02,4.910000000000003806e-01,4.734512885169174012e+00,9.654209065379550092e-02,-2.070686271957946495e-02,-8.194267411021581571e-02,-2.809367176957833223e-02,5.417997192027247666e-02,-4.909184202551841736e-02,6.691151678562164307e+00
4.920000000000000000e+02,4.920000000000003815e-01,4.734453240492962678e+00,9.654558349906619541e-02,-2.065744081477659949e-02,-8.210985191891462254e-02,-2.809170056375798197e-02,5.416633831827386003e-02,-5.621599406003952026e-02,6.658150285482406616e+00
4.930000000000000000e+02,4.930000000000003824e-01,4.734393528249251304e+00,9.654924120278425559e-02,-2.060892721526800045e-02,-8.226958498904760053e-02,-2.809184393278152392e-02,5.415147448753965254e-02,-5.270949751138687134e-02,6.642377346754074097e+00
4.940000000000000000e+02,4.940000000000003832e-01,4.734333737234273976e+00,9.655305980841820401e-02,-2.056135614105015358e-02,-8.242170017713254526e-02,-2.809406670762060187e-02,5.413525085432627226e-02,-5.784762464463710785e-02,6.647270292043685913e+00
4.950000000000000000e+02,4.950000000000003841e-01,4.734273874431280227e+00,9.655703257423565999e-02,-2.051476260426038367e-02,-8.256639005371957385e-02,-2.809841449467098684e-02,5.411771780736210347e-02,-6.175456941127777100e-02,6.693730205297470093e+00
4.960000000000000000e+02,4.960000000000003850e-01,4.734213934761630327e+00,9.656111341785378333e-02,-2.046913156442102533e-02,-8.270295761901168274e-02,-2.810483074365643930e-02,5.409938012151473130e-02,-6.397621892392635345e-02,6.678487926721572876e+00
4.970000000000000000e+02,4.970000000000003859e-01,4.734153911575444518e+00,9.656531321821244795e-02,-2.042441693496552246e-02,-8.283256972707804533e-02,-2.811338431578946917e-02,5.408011823322524114e-02,-6.785506568849086761e-02,6.665209859609603882e+00
4.980000000000000000e+02,4.980000000000003868e-01,4.734093800711885791e+00,9.656962759918467920e-02,-2.038059991829443626e-02,-8.295597948293428892e-02,-2.812392848620648422e-02,5.406009926836058410e-02,-7.345439679920673370e-02,6.680075496435165405e+00
4.990000000000000000e+02,4.990000000000003877e-01,4.734033598017955313e+00,9.657404150655114761e-02,-2.033763454017375322e-02,-8.307455581389712462e-02,-2.813622848951213840e-02,5.403976925677572013e-02,-6.784509494900703430e-02,6.664898097515106201e+00
5.000000000000000000e+02,5.000000000000003331e-01,4.733973297236872213e+00,9.657853981449465719e-02,-2.029549094821154337e-02,-8.318846704185960117e-02,-2.815025966254713907e-02,5.401919585957200287e-02,-5.977301299571990967e-02,6.687091022729873657e+00
5.010000000000000000e+02,5.010000000000003340e-01,4.733912902064374428e+00,9.658319100388484957e-02,-2.025422649238380751e-02,-8.329667763151019089e-02,-2.816617951729827318e-02,5.399757237839242219e-02,-6.204914487898349762e-02,6.687901556491851807e+00
5.020000000000000000e+02,5.020000000000003348e-01,4.733852428004404977e+00,9.658794234612469443e-02,-2.021387927983099575e-02,-8.339925043473658817e-02,-2.818420023848555722e-02,5.397524137642985970e-02,-6.208443641662597656e-02,6.681720495223999023e+00
5.030000000000000000e+02,5.030000000000003357e-01,4.733791870485843489e+00,9.659279138747342563e-02,-2.017442244442941776e-02,-8.349589334224810644e-02,-2.820422470823102934e-02,5.395230588959606943e-02,-7.375781051814556122e-02,6.667297273874282837e+00
5.040000000000000000e+02,5.040000000000003366e-01,4.733731234579853009e+00,9.659767414362212257e-02,-2.013589667671115968e-02,-8.358690204079886887e-02,-2.822636170868353389e-02,5.392898000788363261e-02,-6.974003836512565613e-02,6.665132135152816772e+00
5.050000000000000000e+02,5.050000000000003375e-01,4.733670506609727546e+00,9.660259265728834976e-02,-2.009832315159139696e-02,-8.367456891687978515e-02,-2.825061986036980777e-02,5.390538105612937420e-02,-6.861501187086105347e-02,6.652341663837432861e+00
5.060000000000000000e+02,5.060000000000003384e-01,4.733609688938287263e+00,9.660758067751297473e-02,-2.006168197157442296e-02,-8.375873506377791433e-02,-2.827692154435768046e-02,5.388135822831461447e-02,-5.967499688267707825e-02,6.656755357980728149e+00
5.070000000000000000e+02,5.070000000000003393e-01,4.733548787514372691e+00,9.661258774594028154e-02,-2.002602998300983747e-02,-8.383899936670455300e-02,-2.830535757989838253e-02,5.385754215528189975e-02,-5.167783424258232117e-02,6.656150460243225098e+00
5.080000000000000000e+02,5.080000000000003402e-01,4.733487814994004061e+00,9.661768795663444598e-02,-1.999138405870345969e-02,-8.391566625326801754e-02,-2.833602064143825316e-02,5.383369313636033465e-02,-4.919493570923805237e-02,6.643462061882019043e+00
5.090000000000000000e+02,5.090000000000003411e-01,4.733426774672629733e+00,9.662292852455599268e-02,-1.995766703649383064e-02,-8.398980332628656897e-02,-2.836868625707023028e-02,5.380905911692378252e-02,-4.792643710970878601e-02,6.664989262819290161e+00
5.100000000000000000e+02,5.100000000000003419e-01,4.733365670438915096e+00,9.662834383613010114e-02,-1.992492529460801812e-02,-8.406102724480371546e-02,-2.840344460355126444e-02,5.378364667075075795e-02,-4.575461708009243011e-02,6.653083950281143188e+00
5.110000000000000000e+02,5.110000000000003428e-01,4.733304501436098377e+00,9.663395707955688141e-02,-1.989313681669728495e-02,-8.412966550613359962e-02,-2.844030226761717906e-02,5.375754010994459459e-02,-4.138594307005405426e-02,6.669095009565353394e+00
5.120000000000000000e+02,5.120000000000003437e-01,4.733243272042522598e+00,9.663973114927194852e-02,-1.986225941229813330e-02,-8.419523684120515383e-02,-2.847903753187330800e-02,5.373122076288373850e-02,-4.613493569195270538e-02,6.695023924112319946e+00
5.130000000000000000e+02,5.130000000000003446e-01,4.733181992269201999e+00,9.664561621403508496e-02,-1.983229704955452935e-02,-8.425667271598415164e-02,-2.851972160212912222e-02,5.370506076029844117e-02,-5.350521206855773926e-02,6.653253644704818726e+00
5.140000000000000000e+02,5.140000000000003455e-01,4.733120657515714313e+00,9.665159355617597425e-02,-1.980328234155192060e-02,-8.431382600509038094e-02,-2.856257940051376565e-02,5.367912353809864423e-02,-6.205170415341854095e-02,6.622603535652160645e+00
5.150000000000000000e+02,5.150000000000003464e-01,4.733059259703879640e+00,9.665763379912130360e-02,-1.977526868327252399e-02,-8.436744901942334895e-02,-2.860760882027335583e-02,5.365335204001168978e-02,-5.925628542900085449e-02,6.645264983177185059e+00
5.160000000000000000e+02,5.160000000000003473e-01,4.732997788548582108e+00,9.666373882106986393e-02,-1.974829597991721239e-02,-8.441777634188817048e-02,-2.865480131690034682e-02,5.362781809033605185e-02,-5.901932902634143829e-02,6.616127818822860718e+00
5.170000000000000000e+02,5.170000000000003482e-01,4.732936254156493661e+00,9.666989939219496064e-02,-1.972239766201465405e-02,-8.446501926941131499e-02,-2.870435395455528393e-02,5.360301297201107429e-02,-6.272057071328163147e-02,6.640594094991683960e+00
5.180000000000000000e+02,5.180000000000003491e-01,4.732874655654962126e+00,9.667616147108619440e-02,-1.969763457376186994e-02,-8.450963877452564998e-02,-2.875635264322062845e-02,5.357856366598996722e-02,-6.756548024713993073e-02,6.653883576393127441e+00
5.190000000000000000e+02,5.190000000000003499e-01,4.732812986555107848e+00,9.668254353506550158e-02,-1.967398838518334692e-02,-8.455124232529311057e-02,-2.881085550176809562e-02,5.355431576344855948e-02,-6.163705140352249146e-02,6.630978435277938843e+00
5.200000000000000000e+02,5.200000000000003508e-01,4.732751242426521010e+00,9.668902383767254138e-02,-1.965146148246874058e-02,-8.458993455428724662e-02,-2.886792065524335094e-02,5.353052283874855377e-02,-4.910597763955593109e-02,6.584042996168136597e+00
5.210000000000000000e+02,5.210000000000003517e-01,4.732689429455923857e+00,9.669562347306598360e-02,-1.963007747035934794e-02,-8.462584872758845134e-02,-2.892753543450177212e-02,5.350685180396670682e-02,-5.700195021927356720e-02,6.561070263385772705e+00
5.220000000000000000e+02,5.220000000000003526e-01,4.732627571854457926e+00,9.670231060598881434e-02,-1.960990582102866905e-02,-8.465888984474231882e-02,-2.898969390527916801e-02,5.348384481851994887e-02,-6.392988748848438263e-02,6.580257236957550049e+00
5.230000000000000000e+02,5.230000000000003535e-01,4.732565659785152867e+00,9.670909121749217408e-02,-1.959098643682392199e-02,-8.469252619936136484e-02,-2.905438979847918546e-02,5.346195667504939630e-02,-6.371352449059486389e-02,6.584736078977584839e+00
5.240000000000000000e+02,5.240000000000003544e-01,4.732503682384456845e+00,9.671596711401232727e-02,-1.957329132356926474e-02,-8.472747013750255018e-02,-2.912162752327751569e-02,5.344104421415209194e-02,-6.344932131469249725e-02,6.608573675155639648e+00
5.250000000000000000e+02,5.250000000000003553e-01,4.732441636953195641e+00,9.672299323661094628e-02,-1.955683288445385012e-02,-8.476301828190044296e-02,-2.919149411283616935e-02,5.342057683652334799e-02,-7.453459315001964569e-02,6.625301748514175415e+00
5.260000000000000000e+02,5.260000000000003562e-01,4.732379521720342375e+00,9.673024258168218259e-02,-1.954162822274109826e-02,-8.480042758729891550e-02,-2.926417233047828859e-02,5.340016977763920730e-02,-7.440553419291973114e-02,6.644010305404663086e+00
5.270000000000000000e+02,5.270000000000003570e-01,4.732317319352207896e+00,9.673774358741391022e-02,-1.952764813652939010e-02,-8.483985007042368909e-02,-2.933966706050661344e-02,5.337946142240278941e-02,-7.686881162226200104e-02,6.633708268404006958e+00
5.280000000000000000e+02,5.280000000000003579e-01,4.732255032603807976e+00,9.674550473995809086e-02,-1.951487398534456491e-02,-8.488037187930061456e-02,-2.941800454017973188e-02,5.335857740312152653e-02,-6.977202184498310089e-02,6.614238291978836060e+00
5.290000000000000000e+02,5.290000000000003588e-01,4.732192653467364174e+00,9.675358338973107097e-02,-1.950333270403487376e-02,-8.492111022662318653e-02,-2.949924992234076448e-02,5.333690679403679802e-02,-6.043639220297336578e-02,6.608047813177108765e+00
5.300000000000000000e+02,5.300000000000003597e-01,4.732130188501683321e+00,9.676199004109217738e-02,-1.949297689581278373e-02,-8.496284657857181011e-02,-2.958314015893503957e-02,5.331453232430135442e-02,-6.357119046151638031e-02,6.633656203746795654e+00
5.310000000000000000e+02,5.310000000000003606e-01,4.732067651525053265e+00,9.677071299560258133e-02,-1.948378197782850776e-02,-8.500720708942273440e-02,-2.966957145277238084e-02,5.329146791703183450e-02,-6.594394519925117493e-02,6.659162908792495728e+00
5.320000000000000000e+02,5.320000000000003615e-01,4.732005043791634336e+00,9.677970636646095193e-02,-1.947578306076688109e-02,-8.505316649421550135e-02,-2.975875136510830465e-02,5.326825519329560221e-02,-6.128454767167568207e-02,6.652302086353302002e+00
5.330000000000000000e+02,5.330000000000003624e-01,4.731942361545926623e+00,9.678899430306890650e-02,-1.946899219680222823e-02,-8.510042217499727557e-02,-2.985086812057469174e-02,5.324443397357964125e-02,-6.615620292723178864e-02,6.649127274751663208e+00
5.340000000000000000e+02,5.340000000000003633e-01,4.731879611054362833e+00,9.679855956600086353e-02,-1.946338504745977888e-02,-8.514912365134960637e-02,-2.994581597636214454e-02,5.321994490419307972e-02,-7.020485959947109222e-02,6.650227069854736328e+00
5.350000000000000000e+02,5.350000000000003642e-01,4.731816783480145894e+00,9.680840784457099557e-02,-1.945891758819455822e-02,-8.519817712631735929e-02,-3.004342538227255943e-02,5.319483994117460424e-02,-6.438284739851951599e-02,6.666607677936553955e+00
5.360000000000000000e+02,5.360000000000003650e-01,4.731753872864092436e+00,9.681851600281266013e-02,-1.945557391039241801e-02,-8.524679980320756800e-02,-3.014365048793665736e-02,5.316909332504965446e-02,-6.690646521747112274e-02,6.644369184970855713e+00
5.370000000000000000e+02,5.370000000000003659e-01,4.731690888433495168e+00,9.682892196817619035e-02,-1.945336272372100161e-02,-8.529537289083946594e-02,-3.024661657139571247e-02,5.314246589706392299e-02,-6.151863932609558105e-02,6.626040130853652954e+00
5.380000000000000000e+02,5.380000000000003668e-01,4.731627821595933092e+00,9.683966559555826081e-02,-1.945225071753058088e-02,-8.534408566353442194e-02,-3.035213577755269121e-02,5.311443931819588571e-02,-6.890923716127872467e-02,6.629879236221313477e+00
5.390000000000000000e+02,5.390000000000003677e-01,4.731564680599543493e+00,9.685071235239033072e-02,-1.945224111613074597e-02,-8.539354786655192764e-02,-3.046014209550729213e-02,5.308496843346800081e-02,-7.196185737848281860e-02,6.607196152210235596e+00
5.400000000000000000e+02,5.400000000000003686e-01,4.731501456037976894e+00,9.686204053956533333e-02,-1.945329417650830395e-02,-8.544357248426447116e-02,-3.057049483617335639e-02,5.305449070408586876e-02,-6.405136734247207642e-02,6.595489412546157837e+00
5.410000000000000000e+02,5.410000000000003695e-01,4.731438139365817364e+00,9.687372363221860572e-02,-1.945538937492348810e-02,-8.549546484746251007e-02,-3.068303077938328016e-02,5.302270802164361224e-02,-7.114586979150772095e-02,6.585171848535537720e+00
5.420000000000000000e+02,5.420000000000003704e-01,4.731374744976561963e+00,9.688569917215750227e-02,-1.945856206324990748e-02,-8.554886660011454258e-02,-3.079777741942169023e-02,5.299016114184776360e-02,-7.351844757795333862e-02,6.587966471910476685e+00
5.430000000000000000e+02,5.430000000000003713e-01,4.731311260728824131e+00,9.689799399495720167e-02,-1.946279601021581873e-02,-8.560495883070355638e-02,-3.091464121737885762e-02,5.295667491525858639e-02,-8.061813004314899445e-02,6.590826839208602905e+00
5.440000000000000000e+02,5.440000000000003721e-01,4.731247686428744714e+00,9.691056786877079443e-02,-1.946803409208161875e-02,-8.566184402433398015e-02,-3.103342895093663678e-02,5.292271959499876555e-02,-8.301993831992149353e-02,6.550907075405120850e+00
5.450000000000000000e+02,5.450000000000003730e-01,4.731184010969371023e+00,9.692348158302320493e-02,-1.947429082509403303e-02,-8.572014480734935216e-02,-3.115422092095032625e-02,5.288797057071684821e-02,-8.225655555725097656e-02,6.515294373035430908e+00
5.460000000000000000e+02,5.460000000000003739e-01,4.731120233126795860e+00,9.693674390463581647e-02,-1.948154381344022537e-02,-8.578230367013212065e-02,-3.127676795945855126e-02,5.285256832606108346e-02,-9.049057774245738983e-02,6.514110326766967773e+00
5.470000000000000000e+02,5.470000000000003748e-01,4.731056346659243239e+00,9.695037448617273290e-02,-1.948975619990157490e-02,-8.584781719635040109e-02,-3.140079390719585639e-02,5.281605561627283896e-02,-9.563732706010341644e-02,6.537841558456420898e+00
5.480000000000000000e+02,5.480000000000003757e-01,4.730992344011850648e+00,9.696434619074978389e-02,-1.949890198874014782e-02,-8.591902555736458114e-02,-3.152623692994471760e-02,5.277840656881082476e-02,-1.023705117404460907e-01,6.543834239244461060e+00
5.490000000000000000e+02,5.490000000000003766e-01,4.730928219585894823e+00,9.697862082511567172e-02,-1.950891435955376049e-02,-8.599517240906599802e-02,-3.165298395809745813e-02,5.273982473535783477e-02,-1.083263382315635681e-01,6.463978946208953857e+00
5.500000000000000000e+02,5.500000000000003775e-01,4.730863964303145153e+00,9.699318945313498141e-02,-1.951980571682384452e-02,-8.607641414141084524e-02,-3.178108792766987101e-02,5.270048559440989461e-02,-1.065451297909021378e-01,6.466323107481002808e+00
5.510000000000000000e+02,5.510000000000003784e-01,4.730799563552012366e+00,9.700806951175723614e-02,-1.953152019381381582e-02,-8.616386468709510971e-02,-3.191000577116098746e-02,5.266013478432840511e-02,-8.402471989393234253e-02,6.463555485010147095e+00
5.520000000000000000e+02,5.520000000000003793e-01,4.730735016214212330e+00,9.702325296157350565e-02,-1.954399369516193752e-02,-8.625895824862744865e-02,-3.203949681115680903e-02,5.261913525613465953e-02,-8.705979958176612854e-02,6.467733591794967651e+00
5.530000000000000000e+02,5.530000000000003801e-01,4.730670356483928529e+00,9.703865864618689552e-02,-1.955721364901475898e-02,-8.635966304353934198e-02,-3.216946977223367199e-02,5.257805443604978562e-02,-9.291124343872070312e-02,6.477355152368545532e+00
5.540000000000000000e+02,5.540000000000003810e-01,4.730605580258662179e+00,9.705425352992419485e-02,-1.957110730590380654e-02,-8.646510812120253298e-02,-3.229966770909031837e-02,5.253744590356218547e-02,-9.479632042348384857e-02,6.496227711439132690e+00
5.550000000000000000e+02,5.550000000000003819e-01,4.730540677753642953e+00,9.707006165384220175e-02,-1.958565458903805540e-02,-8.657297204237231203e-02,-3.243008981910344701e-02,5.249697621325825903e-02,-9.048958495259284973e-02,6.474789589643478394e+00
5.560000000000000000e+02,5.560000000000003828e-01,4.730475647927487870e+00,9.708608974386420676e-02,-1.960087666974703186e-02,-8.668386428793767307e-02,-3.256090798423949551e-02,5.245650322582634528e-02,-8.457550592720508575e-02,6.436387419700622559e+00
5.570000000000000000e+02,5.570000000000003837e-01,4.730410495632563439e+00,9.710224278110919649e-02,-1.961673105902879410e-02,-8.679329171888416905e-02,-3.269188775279130432e-02,5.241597408923351353e-02,-8.001530729234218597e-02,6.394870668649673462e+00
5.580000000000000000e+02,5.580000000000003846e-01,4.730345231413393137e+00,9.711844316179983616e-02,-1.963319706371737666e-02,-8.690186176313596800e-02,-3.282274822215125454e-02,5.237603898508996075e-02,-8.475990407168865204e-02,6.410900056362152100e+00
5.590000000000000000e+02,5.590000000000003855e-01,4.730279857329658277e+00,9.713473110403876565e-02,-1.965026552353512507e-02,-8.700681857171464750e-02,-3.295326877289239675e-02,5.233647747358026459e-02,-8.624014817178249359e-02,6.398135453462600708e+00
5.600000000000000000e+02,5.600000000000003864e-01,4.730214364679680372e+00,9.715115047788080993e-02,-1.966791439026474575e-02,-8.710856921895310245e-02,-3.308345930664868817e-02,5.229708774567587426e-02,-8.951891399919986725e-02,6.431537121534347534e+00
5.610000000000000000e+02,5.610000000000003872e-01,4.730148748008689452e+00,9.716773813990720043e-02,-1.968612440162708505e-02,-8.720576432428427116e-02,-3.321323887585836410e-02,5.225723732625663087e-02,-8.787036687135696411e-02,6.427898675203323364e+00
5.620000000000000000e+02,5.620000000000003881e-01,4.730083004765856636e+00,9.718445606242812063e-02,-1.970485397356120869e-02,-8.729726280299912600e-02,-3.334264399204367457e-02,5.221685146641052988e-02,-8.693591319024562836e-02,6.377276390790939331e+00
5.630000000000000000e+02,5.630000000000003890e-01,4.730017136568847924e+00,9.720127826715116437e-02,-1.972408589398822951e-02,-8.738286832840853890e-02,-3.347156481760871216e-02,5.217634392551386002e-02,-8.939379267394542694e-02,6.415465772151947021e+00
5.640000000000000000e+02,5.640000000000003899e-01,4.729951135018292341e+00,9.721826849099637902e-02,-1.974381536977417792e-02,-8.746149372083707185e-02,-3.359981683784019069e-02,5.213446193897940117e-02,-9.872793778777122498e-02,6.411699563264846802e+00
5.650000000000000000e+02,5.650000000000003908e-01,4.729885005989912017e+00,9.723527374551983737e-02,-1.976398793009090382e-02,-8.753358942404759757e-02,-3.372731298233611064e-02,5.209279666521132723e-02,-1.046693585813045502e-01,6.420735955238342285e+00
5.660000000000000000e+02,5.660000000000003917e-01,4.729818735678673391e+00,9.725231247395370315e-02,-1.978459208448650822e-02,-8.760143557848408535e-02,-3.385395914680167095e-02,5.205181222700953902e-02,-1.040568761527538300e-01,6.405483901500701904e+00
5.670000000000000000e+02,5.670000000000003926e-01,4.729752316836555615e+00,9.726937553229658695e-02,-1.980564112555736542e-02,-8.766401304316204235e-02,-3.397984426844313788e-02,5.201150014002750566e-02,-1.002007871866226196e-01,6.387747585773468018e+00
5.680000000000000000e+02,5.680000000000003935e-01,4.729685746803673929e+00,9.728650683814996092e-02,-1.982715963041945320e-02,-8.772243689534110767e-02,-3.410501372957885913e-02,5.197123588556258611e-02,-1.017721723765134811e-01,6.403475642204284668e+00
5.690000000000000000e+02,5.690000000000003944e-01,4.729619027007186283e+00,9.730372500104254863e-02,-1.984915732312625067e-02,-8.777607878217216775e-02,-3.422947423675704037e-02,5.193013478283389772e-02,-1.074889842420816422e-01,6.427603244781494141e+00
5.700000000000000000e+02,5.700000000000003952e-01,4.729552161286918022e+00,9.732096161123612865e-02,-1.987166785856736562e-02,-8.782360302141010988e-02,-3.435338272343391175e-02,5.188877770990511784e-02,-1.012339815497398376e-01,6.428021103143692017e+00
5.710000000000000000e+02,5.710000000000003961e-01,4.729485141026636086e+00,9.733824433955234889e-02,-1.989470014681847185e-02,-8.786517207594567169e-02,-3.447687444302127702e-02,5.184713785577331480e-02,-1.060523223131895065e-01,6.438576281070709229e+00
5.720000000000000000e+02,5.720000000000003970e-01,4.729417973332067149e+00,9.735557851639979610e-02,-1.991824516392092306e-02,-8.790026038575959877e-02,-3.459992198823513831e-02,5.180511345241551463e-02,-1.090987883508205414e-01,6.437501937150955200e+00
5.730000000000000000e+02,5.730000000000003979e-01,4.729350653249666969e+00,9.737289618603306440e-02,-1.994227641197673234e-02,-8.792796497960571334e-02,-3.472245280590269267e-02,5.176324018978768760e-02,-9.271595999598503113e-02,6.447728186845779419e+00
5.740000000000000000e+02,5.740000000000003988e-01,4.729283174389879996e+00,9.739022436974537067e-02,-1.996679511959583223e-02,-8.794870424462655767e-02,-3.484450423898399762e-02,5.172095988391858801e-02,-1.011353116482496262e-01,6.403972327709197998e+00
5.750000000000000000e+02,5.750000000000003997e-01,4.729215559475375308e+00,9.740759969551050779e-02,-1.999179967121107737e-02,-8.796159752276543065e-02,-3.496613989760488650e-02,5.167796520869165355e-02,-1.008669659495353699e-01,6.379676192998886108e+00
5.760000000000000000e+02,5.760000000000004006e-01,4.729147794785213854e+00,9.742501770744556311e-02,-2.001727146971574514e-02,-8.796709564006377491e-02,-3.508708682555727876e-02,5.163439028794525321e-02,-9.290407784283161163e-02,6.328584969043731689e+00
5.770000000000000000e+02,5.770000000000004015e-01,4.729079878220153077e+00,9.744250255741146449e-02,-2.004320720043156756e-02,-8.796448077050769698e-02,-3.520722852006263892e-02,5.159006035311847205e-02,-9.933910705149173737e-02,6.369931340217590332e+00
5.780000000000000000e+02,5.780000000000004023e-01,4.729011816705319227e+00,9.746003748513522302e-02,-2.006953726973071880e-02,-8.795430801705389490e-02,-3.532608565205408446e-02,5.154511625940960684e-02,-1.063487064093351364e-01,6.407594740390777588e+00
5.790000000000000000e+02,5.790000000000004032e-01,4.728943604314657101e+00,9.747761343648837784e-02,-2.009626000438150678e-02,-8.793826691645023619e-02,-3.544384993378302262e-02,5.149962838612812122e-02,-9.524500183761119843e-02,6.402812540531158447e+00
5.800000000000000000e+02,5.800000000000004041e-01,4.728875233090261254e+00,9.749525521858050381e-02,-2.012341737824645260e-02,-8.791745812609401411e-02,-3.556083472253401823e-02,5.145356035710411946e-02,-9.842500835657119751e-02,6.390682786703109741e+00
5.810000000000000000e+02,5.810000000000004050e-01,4.728806717877318100e+00,9.751294851469791136e-02,-2.015100944529068377e-02,-8.789193115083276941e-02,-3.567700430770992526e-02,5.140702206809558139e-02,-9.773639962077140808e-02,6.381636381149291992e+00
5.820000000000000000e+02,5.820000000000004059e-01,4.728738050790049385e+00,9.753072017229520718e-02,-2.017903193550481603e-02,-8.786118482186391909e-02,-3.579228978455550880e-02,5.135982219313441760e-02,-1.027470212429761887e-01,6.389720201492309570e+00
5.830000000000000000e+02,5.830000000000004068e-01,4.728669232229148811e+00,9.754848588225951966e-02,-2.020742190161831098e-02,-8.782458347848648428e-02,-3.590646032295929935e-02,5.131186871256271376e-02,-9.672880545258522034e-02,6.419595152139663696e+00
5.840000000000000000e+02,5.840000000000004077e-01,4.728600257600612089e+00,9.756621021982274378e-02,-2.023619757431094346e-02,-8.778245788726724008e-02,-3.601958815344707965e-02,5.126356154380895536e-02,-9.386051073670387268e-02,6.380238980054855347e+00
5.850000000000000000e+02,5.850000000000004086e-01,4.728531137865376266e+00,9.758384689506063858e-02,-2.026534659201222402e-02,-8.773776150922653339e-02,-3.613173533218372313e-02,5.121544248087080142e-02,-9.374883957207202911e-02,6.374140292406082153e+00
5.860000000000000000e+02,5.860000000000004095e-01,4.728461875613858112e+00,9.760138153241092185e-02,-2.029484152318637366e-02,-8.769030753892630148e-02,-3.624261074130563642e-02,5.116778260092207098e-02,-9.237037785351276398e-02,6.406203597784042358e+00
5.870000000000000000e+02,5.870000000000004103e-01,4.728392468764337941e+00,9.761886458520314946e-02,-2.032475482573934886e-02,-8.764036600391260368e-02,-3.635245968282974083e-02,5.111991028599514875e-02,-9.212625026702880859e-02,6.385450810194015503e+00
5.880000000000000000e+02,5.880000000000004112e-01,4.728322921385728073e+00,9.763622596117894903e-02,-2.035505039548647990e-02,-8.758835679007705155e-02,-3.646133457259237431e-02,5.107171082565097053e-02,-9.443893656134605408e-02,6.388975530862808228e+00
5.890000000000000000e+02,5.890000000000004121e-01,4.728253231650215049e+00,9.765349083937537034e-02,-2.038571655169022986e-02,-8.753497494934329992e-02,-3.656911589622491299e-02,5.102295731721336047e-02,-9.644346311688423157e-02,6.393989592790603638e+00
5.900000000000000000e+02,5.900000000000004130e-01,4.728183401254070439e+00,9.767056392570325207e-02,-2.041679029670620191e-02,-8.747902272257823686e-02,-3.667591261333580377e-02,5.097421124105103174e-02,-8.938063681125640869e-02,6.375667959451675415e+00
5.910000000000000000e+02,5.910000000000004139e-01,4.728113434590670572e+00,9.768732806829255599e-02,-2.044829600684931054e-02,-8.741952646535380844e-02,-3.678180054333002325e-02,5.092618702715209777e-02,-8.895981311798095703e-02,6.388200044631958008e+00
5.920000000000000000e+02,5.920000000000004148e-01,4.728043345031633038e+00,9.770379438909825021e-02,-2.048030533073633835e-02,-8.735755410576065416e-02,-3.688690400368521694e-02,5.087930579799385122e-02,-9.058773703873157501e-02,6.393197923898696899e+00
5.930000000000000000e+02,5.930000000000004157e-01,4.727973128161091942e+00,9.772007541466325165e-02,-2.051281566051742569e-02,-8.729324895530875261e-02,-3.699128125343253970e-02,5.083312797304921637e-02,-9.351087920367717743e-02,6.363925307989120483e+00
5.940000000000000000e+02,5.940000000000004166e-01,4.727902778512975246e+00,9.773623395316069495e-02,-2.054582629696037610e-02,-8.722522049728873017e-02,-3.709498172745240296e-02,5.078710740528252776e-02,-8.381610363721847534e-02,6.353909999132156372e+00
5.950000000000000000e+02,5.950000000000004174e-01,4.727832290355105549e+00,9.775225614301305543e-02,-2.057931301875910723e-02,-8.715315044968474645e-02,-3.719779461004280030e-02,5.074121750300149974e-02,-7.314849831163883209e-02,6.348418265581130981e+00
5.960000000000000000e+02,5.960000000000004183e-01,4.727761673555104238e+00,9.776813206676747414e-02,-2.061324414377857864e-02,-8.707734795408379747e-02,-3.729954940553126264e-02,5.069553496550423255e-02,-7.474586181342601776e-02,6.342123210430145264e+00
5.970000000000000000e+02,5.970000000000004192e-01,4.727690941726693907e+00,9.778391118248075387e-02,-2.064761815287350158e-02,-8.699717768721018651e-02,-3.740026097235027436e-02,5.064945282042428859e-02,-8.151541650295257568e-02,6.364581197500228882e+00
5.980000000000000000e+02,5.980000000000004201e-01,4.727620095286939161e+00,9.779955519470030778e-02,-2.068241997282911984e-02,-8.691264872519949281e-02,-3.749983770963449814e-02,5.060334764635679439e-02,-8.233673684298992157e-02,6.365074664354324341e+00
5.990000000000000000e+02,5.990000000000004210e-01,4.727549124924959045e+00,9.781509429904819419e-02,-2.071764931035682475e-02,-8.682461995702123181e-02,-3.759838467399778672e-02,5.055717629002431934e-02,-8.733222819864749908e-02,6.367313027381896973e+00
6.000000000000000000e+02,6.000000000000004219e-01,4.727478032556154730e+00,9.783049661789712526e-02,-2.075333313242366112e-02,-8.673305193133540314e-02,-3.769598266573925827e-02,5.051120010724619025e-02,-8.098226599395275116e-02,6.400101035833358765e+00
6.010000000000000000e+02,6.010000000000004228e-01,4.727406812330894326e+00,9.784566292979647584e-02,-2.078942918593288877e-02,-8.663630659752989682e-02,-3.779248327298434518e-02,5.046581068644105661e-02,-7.853008806705474854e-02,6.413314700126647949e+00
6.020000000000000000e+02,6.020000000000004237e-01,4.727335470871981471e+00,9.786064454643743360e-02,-2.082592535587416901e-02,-8.653518566131312983e-02,-3.788802733329821315e-02,5.042047542149676737e-02,-8.192542567849159241e-02,6.402123153209686279e+00
6.030000000000000000e+02,6.030000000000004245e-01,4.727264016528204493e+00,9.787532511531119028e-02,-2.086285690607600843e-02,-8.642952431928944967e-02,-3.798275782556981284e-02,5.037579630348461290e-02,-6.939177401363849640e-02,6.397087365388870239e+00
6.040000000000000000e+02,6.040000000000004254e-01,4.727192442238232317e+00,9.788975810818456580e-02,-2.090029000163479839e-02,-8.631872881965456379e-02,-3.807685547325689868e-02,5.033133769024943083e-02,-7.547449879348278046e-02,6.372441858053207397e+00
6.050000000000000000e+02,6.050000000000004263e-01,4.727120760114955189e+00,9.790406054492332977e-02,-2.093821056923737475e-02,-8.620347812460710246e-02,-3.817028528870847204e-02,5.028637942991517895e-02,-8.000561594963073730e-02,6.377082020044326782e+00
6.060000000000000000e+02,6.060000000000004272e-01,4.727048959131878725e+00,9.791820277925249172e-02,-2.097655700128247050e-02,-8.608351780895767691e-02,-3.826269849796837264e-02,5.024134196079121928e-02,-7.407408021390438080e-02,6.394756615161895752e+00
6.070000000000000000e+02,6.070000000000004281e-01,4.726977036740486859e+00,9.793216720918289375e-02,-2.101536077009051248e-02,-8.595898292041116717e-02,-3.835423009549487894e-02,5.019628605144647870e-02,-7.956079579889774323e-02,6.413232356309890747e+00
6.080000000000000000e+02,6.080000000000004290e-01,4.726905003837979180e+00,9.794595503433289885e-02,-2.105467638677477327e-02,-8.583011770404107288e-02,-3.844513688066242274e-02,5.015125884505651499e-02,-8.199735544621944427e-02,6.422159850597381592e+00
6.090000000000000000e+02,6.090000000000004299e-01,4.726832849972608663e+00,9.795962656760846821e-02,-2.109446659913983418e-02,-8.569767598902142125e-02,-3.853542107969265551e-02,5.010567883207847628e-02,-8.666026219725608826e-02,6.401660561561584473e+00
6.100000000000000000e+02,6.100000000000004308e-01,4.726760575414219012e+00,9.797307542972476246e-02,-2.113469996665135950e-02,-8.556229148143798535e-02,-3.862499336093505597e-02,5.006016391050840952e-02,-8.708033151924610138e-02,6.399490863084793091e+00
6.110000000000000000e+02,6.110000000000004317e-01,4.726688172537024890e+00,9.798628237833567622e-02,-2.117537277480778177e-02,-8.542370446028968445e-02,-3.871373139213085679e-02,5.001489041516093970e-02,-8.704668842256069183e-02,6.388218700885772705e+00
6.120000000000000000e+02,6.120000000000004325e-01,4.726615637842982665e+00,9.799925888779525973e-02,-2.121641635818994134e-02,-8.528293657320958066e-02,-3.880141115961421860e-02,4.996970792757789159e-02,-8.372293226420879364e-02,6.424160182476043701e+00
6.130000000000000000e+02,6.130000000000004334e-01,4.726542971568926887e+00,9.801200692577533014e-02,-2.125784336015439785e-02,-8.514072138248691968e-02,-3.888800613182996635e-02,4.992482804605020974e-02,-9.015496820211410522e-02,6.434673577547073364e+00
6.140000000000000000e+02,6.140000000000004343e-01,4.726470179463159837e+00,9.802455851072609805e-02,-2.129964069545767918e-02,-8.499736157538642645e-02,-3.897366349889197501e-02,4.987998131252505823e-02,-8.523131906986236572e-02,6.428722977638244629e+00
6.150000000000000000e+02,6.150000000000004352e-01,4.726397256098691990e+00,9.803685019104549370e-02,-2.134181532577936538e-02,-8.485304821880591819e-02,-3.905845823684495066e-02,4.983533438411268113e-02,-8.678588829934597015e-02,6.440259575843811035e+00
6.160000000000000000e+02,6.160000000000004361e-01,4.726324211482743287e+00,9.804882430861829035e-02,-2.138439211626543338e-02,-8.470828908829265702e-02,-3.914240916576283702e-02,4.979146874910313214e-02,-9.618310630321502686e-02,6.441459208726882935e+00
6.170000000000000000e+02,6.170000000000004370e-01,4.726251047135122008e+00,9.806048279853514515e-02,-2.142741540155321603e-02,-8.456400696217604429e-02,-3.922571512316452846e-02,4.974851403662351734e-02,-9.201878122985363007e-02,6.433162033557891846e+00
6.180000000000000000e+02,6.180000000000004379e-01,4.726177750784225751e+00,9.807178457218669598e-02,-2.147088678381451829e-02,-8.441962122160785731e-02,-3.930838937829572721e-02,4.970650917435918970e-02,-9.761564433574676514e-02,6.442147374153137207e+00
6.190000000000000000e+02,6.190000000000004388e-01,4.726104332415270726e+00,9.808265085928681570e-02,-2.151477335096991725e-02,-8.427528052775007383e-02,-3.939026856244076669e-02,4.966602609157583226e-02,-1.006761118769645691e-01,6.453827589750289917e+00
6.200000000000000000e+02,6.200000000000004396e-01,4.726030785581102123e+00,9.809310267797165250e-02,-2.155909074106531972e-02,-8.413083799332925217e-02,-3.947143743737102639e-02,4.962720852869374755e-02,-9.791460447013378143e-02,6.448481291532516479e+00
6.210000000000000000e+02,6.210000000000004405e-01,4.725957106246156059e+00,9.810317326028081264e-02,-2.160386199731741813e-02,-8.398716641033790453e-02,-3.955206778202668971e-02,4.958950868946088164e-02,-9.213732369244098663e-02,6.437333196401596069e+00
6.220000000000000000e+02,6.220000000000004414e-01,4.725883299531322912e+00,9.811279858095238449e-02,-2.164909514324490220e-02,-8.384329323276346058e-02,-3.963217666056739752e-02,4.955281417393645610e-02,-9.605860710144042969e-02,6.427636682987213135e+00
6.230000000000000000e+02,6.230000000000004423e-01,4.725809372996541136e+00,9.812199826256881585e-02,-2.169481826354540191e-02,-8.369886611709043134e-02,-3.971178780709161416e-02,4.951724897672182130e-02,-9.871518611907958984e-02,6.422741949558258057e+00
6.240000000000000000e+02,6.240000000000004432e-01,4.725735322441619424e+00,9.813075762170180016e-02,-2.174105691292544523e-02,-8.355269104178485173e-02,-3.979094666618654408e-02,4.948278933557821724e-02,-1.050187461078166962e-01,6.433767050504684448e+00
6.250000000000000000e+02,6.250000000000004441e-01,4.725661148218887497e+00,9.813901178145006954e-02,-2.178777702122317722e-02,-8.340633566009006405e-02,-3.986949462458033722e-02,4.945010783086648681e-02,-1.082569938153028488e-01,6.415833413600921631e+00
6.260000000000000000e+02,6.260000000000004450e-01,4.725586844315147417e+00,9.814676475851306925e-02,-2.183498668742479137e-02,-8.325966822606294115e-02,-3.994750365793109381e-02,4.941942481305798551e-02,-1.121972948312759399e-01,6.435251206159591675e+00
6.270000000000000000e+02,6.270000000000004459e-01,4.725512400265624358e+00,9.815407548977717056e-02,-2.188268829592272813e-02,-8.311216072049813774e-02,-4.002489833046607437e-02,4.939040336043425128e-02,-1.056548207998275757e-01,6.442174345254898071e+00
6.280000000000000000e+02,6.280000000000004468e-01,4.725437808030507725e+00,9.816099611300688199e-02,-2.193086235245730875e-02,-8.296329586809345069e-02,-4.010173320014209786e-02,4.936253262219501142e-02,-1.043143030256032944e-01,6.425425350666046143e+00
6.290000000000000000e+02,6.290000000000004476e-01,4.725363077361518727e+00,9.816749998762978879e-02,-2.197947287207790285e-02,-8.281338159496157147e-02,-4.017790752321803716e-02,4.933609134433700194e-02,-1.022629328072071075e-01,6.413557261228561401e+00
6.300000000000000000e+02,6.300000000000004485e-01,4.725288212813953947e+00,9.817356411343836076e-02,-2.202855146652791390e-02,-8.266279081164490394e-02,-4.025344904141725522e-02,4.931121892595933393e-02,-1.091613601893186569e-01,6.408255070447921753e+00
6.310000000000000000e+02,6.310000000000004494e-01,4.725213217836466306e+00,9.817920653891397398e-02,-2.207813169152822441e-02,-8.251165494406650924e-02,-4.032841036321710426e-02,4.928794255593202389e-02,-1.087515931576490402e-01,6.416923433542251587e+00
6.320000000000000000e+02,6.320000000000004503e-01,4.725138081221046171e+00,9.818446672939881714e-02,-2.212825277424993603e-02,-8.236034135783899812e-02,-4.040291281465369089e-02,4.926589477704322595e-02,-1.072279717773199081e-01,6.433871924877166748e+00
6.330000000000000000e+02,6.330000000000004512e-01,4.725062805402175492e+00,9.818933512063388047e-02,-2.217888759862378725e-02,-8.221071496135538836e-02,-4.047690205648302175e-02,4.924532479728020717e-02,-1.077350918203592300e-01,6.429251521825790405e+00
6.340000000000000000e+02,6.340000000000004521e-01,4.724987391031576500e+00,9.819385983885928204e-02,-2.222999709758740824e-02,-8.206371136517390252e-02,-4.055034082074571167e-02,4.922603703673014003e-02,-9.981321729719638824e-02,6.432193011045455933e+00
6.350000000000000000e+02,6.350000000000004530e-01,4.724911833567184694e+00,9.819813852046584135e-02,-2.228160471817971361e-02,-8.191855765112086851e-02,-4.062330355700249918e-02,4.920750142228187685e-02,-1.058221068233251572e-01,6.423229962587356567e+00
6.360000000000000000e+02,6.360000000000004539e-01,4.724836141461207006e+00,9.820222166052937351e-02,-2.233371072676957475e-02,-8.177515542492583278e-02,-4.069580565767449976e-02,4.918951109950945449e-02,-9.484894014894962311e-02,6.443417340517044067e+00
6.370000000000000000e+02,6.370000000000004547e-01,4.724760309614254083e+00,9.820601501873278683e-02,-2.238630491596476160e-02,-8.163341202773664873e-02,-4.076774685585227154e-02,4.917265644796282864e-02,-9.393869526684284210e-02,6.458920657634735107e+00
6.380000000000000000e+02,6.380000000000004556e-01,4.724684358195585077e+00,9.820939696169202204e-02,-2.243933080167775582e-02,-8.149198835023414855e-02,-4.083900977914711738e-02,4.915762114872156141e-02,-9.330857917666435242e-02,6.454137265682220459e+00
6.390000000000000000e+02,6.390000000000004565e-01,4.724608287024369524e+00,9.821242690553556864e-02,-2.249279752708641805e-02,-8.135145309363468746e-02,-4.090969338274197398e-02,4.914428681580586267e-02,-1.000229567289352417e-01,6.445886522531509399e+00
6.400000000000000000e+02,6.400000000000004574e-01,4.724532095423285227e+00,9.821514017219726278e-02,-2.254670704196637399e-02,-8.121222135901165484e-02,-4.097979780422922325e-02,4.913236969794398945e-02,-1.052530035376548767e-01,6.439760684967041016e+00
6.410000000000000000e+02,6.410000000000004583e-01,4.724455772289987365e+00,9.821756013634161397e-02,-2.260108211281830828e-02,-8.107397227540424911e-02,-4.104939121281780956e-02,4.912134921649261715e-02,-9.956543520092964172e-02,6.458068788051605225e+00
6.420000000000000000e+02,6.420000000000004592e-01,4.724379311115547431e+00,9.821967072356425910e-02,-2.265592584453710381e-02,-8.093751209135449654e-02,-4.111844871894776432e-02,4.911139024473674258e-02,-9.797548316419124603e-02,6.492404311895370483e+00
6.430000000000000000e+02,6.430000000000004601e-01,4.724302718709809668e+00,9.822146028590977851e-02,-2.271117824791955148e-02,-8.080151686328021499e-02,-4.118686637100132941e-02,4.910239022519372054e-02,-9.577699378132820129e-02,6.535704165697097778e+00
6.440000000000000000e+02,6.440000000000004610e-01,4.724225995716704318e+00,9.822293061086713462e-02,-2.276681286003002375e-02,-8.066544858268995255e-02,-4.125471854522522186e-02,4.909417632357923611e-02,-9.989447146654129028e-02,6.512680619955062866e+00
6.450000000000000000e+02,6.450000000000004619e-01,4.724149147323643660e+00,9.822405431268915743e-02,-2.282278111372622667e-02,-8.052837596159699574e-02,-4.132201690300862928e-02,4.908723844496258593e-02,-1.033441051840782166e-01,6.510233014822006226e+00
6.460000000000000000e+02,6.460000000000004627e-01,4.724072165735613282e+00,9.822482320996965555e-02,-2.287910625643279142e-02,-8.038873953277927975e-02,-4.138876388745527102e-02,4.908104230212201324e-02,-1.011906657367944717e-01,6.509227573871612549e+00
6.470000000000000000e+02,6.470000000000004636e-01,4.723995046021152611e+00,9.822523009952296991e-02,-2.293578840186120960e-02,-8.024501821992098549e-02,-4.145493616755002719e-02,4.907573722440210229e-02,-1.013621371239423752e-01,6.506650328636169434e+00
6.480000000000000000e+02,6.480000000000004645e-01,4.723917791154987000e+00,9.822520714454872903e-02,-2.299281043019440682e-02,-8.009634284980057806e-02,-4.152046634928585611e-02,4.907143942845728496e-02,-1.104693934321403503e-01,6.507792145013809204e+00
6.490000000000000000e+02,6.490000000000004654e-01,4.723840400858696498e+00,9.822469875482081614e-02,-2.305016200008841790e-02,-7.994178212285023288e-02,-4.158529490921170080e-02,4.906834587202819897e-02,-1.095813158899545670e-01,6.535049051046371460e+00
6.500000000000000000e+02,6.500000000000004663e-01,4.723762861136288294e+00,9.822369350941045907e-02,-2.310780340402450103e-02,-7.978022233663908946e-02,-4.164930812612932520e-02,4.906633600885958874e-02,-1.149336304515600204e-01,6.549203604459762573e+00
6.510000000000000000e+02,6.510000000000004672e-01,4.723685175772525113e+00,9.822217503666026694e-02,-2.316568086944303245e-02,-7.961056474572143771e-02,-4.171242188491430802e-02,4.906604958633585534e-02,-1.078255064785480499e-01,6.586223036050796509e+00
6.520000000000000000e+02,6.520000000000004681e-01,4.723607341180660057e+00,9.822017510809180618e-02,-2.322386019523329376e-02,-7.943343428282245711e-02,-4.177492069616906001e-02,4.906752866034746335e-02,-1.081437785178422928e-01,6.569907158613204956e+00
6.530000000000000000e+02,6.530000000000004690e-01,4.723529368369209891e+00,9.821767251218235795e-02,-2.328224097314997645e-02,-7.924797954616914775e-02,-4.183665764096766715e-02,4.907082892580162670e-02,-1.062115598469972610e-01,6.564300179481506348e+00
6.540000000000000000e+02,6.540000000000004698e-01,4.723451253710719833e+00,9.821469235158744593e-02,-2.334081953867994663e-02,-7.905501654671386047e-02,-4.189754095337794304e-02,4.907585996693204777e-02,-1.140139736235141754e-01,6.573759615421295166e+00
6.550000000000000000e+02,6.550000000000004707e-01,4.723372997128048034e+00,9.821128687685723446e-02,-2.339964587823887762e-02,-7.885366970010095067e-02,-4.195773424188797840e-02,4.908200308980211618e-02,-1.180592458695173264e-01,6.566412001848220825e+00
6.560000000000000000e+02,6.560000000000004716e-01,4.723294588629855184e+00,9.820746519936078556e-02,-2.345870790209966458e-02,-7.864484962062034956e-02,-4.201721625384902126e-02,4.908966852995042679e-02,-1.203294675797224045e-01,6.568314582109451294e+00
6.570000000000000000e+02,6.570000000000004725e-01,4.723216023081476145e+00,9.820324658164722442e-02,-2.351802117168106179e-02,-7.842853474192919283e-02,-4.207601421136542008e-02,4.909875769731055634e-02,-1.165146678686141968e-01,6.552399069070816040e+00
6.580000000000000000e+02,6.580000000000004734e-01,4.723137298313356602e+00,9.819866240048479022e-02,-2.357762042680452627e-02,-7.820665372647900293e-02,-4.213424191998638157e-02,4.910938572492129506e-02,-1.176605336368083954e-01,6.530279397964477539e+00
6.590000000000000000e+02,6.590000000000004743e-01,4.723058413255792232e+00,9.819374699769906067e-02,-2.363747901994645018e-02,-7.797772693105081698e-02,-4.219177128357420870e-02,4.912080204118143834e-02,-1.203566640615463257e-01,6.544526308774948120e+00
6.600000000000000000e+02,6.600000000000004752e-01,4.722979365490527215e+00,9.818849242787194842e-02,-2.369762347119673887e-02,-7.774110820209040318e-02,-4.224858503519124397e-02,4.913297515299649282e-02,-1.170903574675321579e-01,6.537356674671173096e+00
6.610000000000000000e+02,6.610000000000004761e-01,4.722900146468198557e+00,9.818296318618752183e-02,-2.375799029251827316e-02,-7.749806593712064984e-02,-4.230450511382288781e-02,4.914617711233250363e-02,-1.181569267064332962e-01,6.546681463718414307e+00
6.620000000000000000e+02,6.620000000000004770e-01,4.722820757834989891e+00,9.817721109099077081e-02,-2.381857842169940453e-02,-7.724751075786638610e-02,-4.235951822047190340e-02,4.915992803516298221e-02,-1.236635688692331314e-01,6.565639704465866089e+00
6.630000000000000000e+02,6.630000000000004778e-01,4.722741196276740716e+00,9.817125069738813492e-02,-2.387938276406333798e-02,-7.698893524549353662e-02,-4.241367567732678978e-02,4.917377293284670714e-02,-1.311377193778753281e-01,6.537955671548843384e+00
6.640000000000000000e+02,6.640000000000004787e-01,4.722661453415727628e+00,9.816511080205003736e-02,-2.394039710784737901e-02,-7.672261169950961301e-02,-4.246705982086051989e-02,4.918744578640710241e-02,-1.289003062993288040e-01,6.543261408805847168e+00
6.650000000000000000e+02,6.650000000000004796e-01,4.722581518657690047e+00,9.815878489467039225e-02,-2.400165889289678986e-02,-7.644850574316863767e-02,-4.251966273254637052e-02,4.920097108804211139e-02,-1.223520841449499130e-01,6.626529812812805176e+00
6.660000000000000000e+02,6.660000000000004805e-01,4.722501394298251221e+00,9.815222414104780857e-02,-2.406312961513677740e-02,-7.616598655579158439e-02,-4.257139075821303464e-02,4.921425706691169577e-02,-1.213512793183326721e-01,6.622509807348251343e+00
6.670000000000000000e+02,6.670000000000004814e-01,4.722421094439535061e+00,9.814534366840971247e-02,-2.412469652929190300e-02,-7.587357221049084721e-02,-4.262221290582557387e-02,4.922825570226641023e-02,-1.123367659747600555e-01,6.614519000053405762e+00
6.680000000000000000e+02,6.680000000000004823e-01,4.722340619676977269e+00,9.813815582996993081e-02,-2.418634938328068432e-02,-7.557070351141452480e-02,-4.267208394677224348e-02,4.924285638356356437e-02,-1.061857938766479492e-01,6.629827678203582764e+00
6.690000000000000000e+02,6.690000000000004832e-01,4.722259983316276610e+00,9.813069007727842630e-02,-2.424812598716425890e-02,-7.525653484721245290e-02,-4.272110349562807663e-02,4.925785013166138204e-02,-9.087385796010494232e-02,6.674205511808395386e+00
6.700000000000000000e+02,6.700000000000004841e-01,4.722179193879049386e+00,9.812293463849521002e-02,-2.431001023132050784e-02,-7.493130910682127555e-02,-4.276928743550900691e-02,4.927324806592588147e-02,-8.651730790734291077e-02,6.651593983173370361e+00
6.710000000000000000e+02,6.710000000000004849e-01,4.722098269092793288e+00,9.811498071281231359e-02,-2.437194314882659002e-02,-7.459739002051701817e-02,-4.281666431550790186e-02,4.928859107348790985e-02,-8.298771642148494720e-02,6.640434205532073975e+00
6.720000000000000000e+02,6.720000000000004858e-01,4.722017213600353536e+00,9.810681646068973583e-02,-2.443392545446581438e-02,-7.425442472707972918e-02,-4.286313953795195530e-02,4.930373184894290550e-02,-8.645250461995601654e-02,6.653836935758590698e+00
6.730000000000000000e+02,6.730000000000004867e-01,4.721936031650646015e+00,9.809841774865320219e-02,-2.449598779538670820e-02,-7.390159476936755678e-02,-4.290875100816404775e-02,4.931871468462368374e-02,-7.553069293498992920e-02,6.644356936216354370e+00
6.740000000000000000e+02,6.740000000000004876e-01,4.721854713429450179e+00,9.808982151543536865e-02,-2.455812433109091225e-02,-7.353704405518048104e-02,-4.295354369107506898e-02,4.933314735692861941e-02,-7.549754716455936432e-02,6.623653143644332886e+00
6.750000000000000000e+02,6.750000000000004885e-01,4.721773271739235334e+00,9.808107880005238755e-02,-2.462031726070219514e-02,-7.316046364808852231e-02,-4.299744585490783422e-02,4.934649700162237196e-02,-7.489557936787605286e-02,6.638882428407669067e+00
6.760000000000000000e+02,6.760000000000004894e-01,4.721691705830850516e+00,9.807221744248277584e-02,-2.468259639242027792e-02,-7.277243041284617298e-02,-4.304045312317628103e-02,4.935877807478608603e-02,-7.890662178397178650e-02,6.708209037780761719e+00
6.770000000000000000e+02,6.770000000000004903e-01,4.721610013716730947e+00,9.806327229635618259e-02,-2.474492169726057525e-02,-7.237550649371216061e-02,-4.308251834213172593e-02,4.936967755894964421e-02,-8.502031303942203522e-02,6.698043674230575562e+00
6.780000000000000000e+02,6.780000000000004912e-01,4.721528191439925415e+00,9.805419353845228059e-02,-2.480718280866757441e-02,-7.196857001629294870e-02,-4.312358930253101796e-02,4.937951704790946583e-02,-8.670711703598499298e-02,6.659194260835647583e+00
6.790000000000000000e+02,6.790000000000004921e-01,4.721446235052948914e+00,9.804493500461324007e-02,-2.486941940388481126e-02,-7.155093155942710004e-02,-4.316373279037755140e-02,4.938875547985779879e-02,-8.954123593866825104e-02,6.684368193149566650e+00
6.800000000000000000e+02,6.800000000000004929e-01,4.721364141318838747e+00,9.803546073216419521e-02,-2.493163622312586161e-02,-7.112204122808840623e-02,-4.320277225732938042e-02,4.939759649671350561e-02,-8.818777650594711304e-02,6.683903098106384277e+00
6.810000000000000000e+02,6.810000000000004938e-01,4.721281907130858713e+00,9.802571704778272055e-02,-2.499378946195658299e-02,-7.068179871353720556e-02,-4.324066562557482563e-02,4.940634068894288189e-02,-8.932003192603588104e-02,6.667596310377120972e+00
6.820000000000000000e+02,6.820000000000004947e-01,4.721199536877338510e+00,9.801565631475751827e-02,-2.505582928049818539e-02,-7.023086541333721511e-02,-4.327724007820554775e-02,4.941537931229905006e-02,-9.623329155147075653e-02,6.647886306047439575e+00
6.830000000000000000e+02,6.830000000000004956e-01,4.721117026586768795e+00,9.800533551708087709e-02,-2.511777271784244869e-02,-6.977063932726554341e-02,-4.331248537733300985e-02,4.942443671409318950e-02,-8.233023807406425476e-02,6.650443166494369507e+00
6.840000000000000000e+02,6.840000000000004965e-01,4.721034366552638417e+00,9.799474409126469887e-02,-2.517964880792641219e-02,-6.930083536235279174e-02,-4.334640102821119001e-02,4.943356552833267498e-02,-8.210813067853450775e-02,6.707213550806045532e+00
6.850000000000000000e+02,6.850000000000004974e-01,4.720951575661334054e+00,9.798395594329459279e-02,-2.524150776442536312e-02,-6.882127089012148036e-02,-4.337916859222645805e-02,4.944249628779409655e-02,-8.776933886110782623e-02,6.713593780994415283e+00
6.860000000000000000e+02,6.860000000000004983e-01,4.720868650586466764e+00,9.797302853534488321e-02,-2.530326532119916635e-02,-6.833099604215987777e-02,-4.341076684193634350e-02,4.945112921222200725e-02,-8.877670206129550934e-02,6.709768474102020264e+00
6.870000000000000000e+02,6.870000000000004992e-01,4.720785579423735889e+00,9.796203268510073059e-02,-2.536491561255498767e-02,-6.783245904510812330e-02,-4.344122080643963990e-02,4.945900688494294511e-02,-8.749685995280742645e-02,6.701174676418304443e+00
6.880000000000000000e+02,6.880000000000005000e-01,4.720702357384078951e+00,9.795096698778682498e-02,-2.542643505746444710e-02,-6.732446973967148862e-02,-4.347044729376547956e-02,4.946578263614451187e-02,-8.671936579048633575e-02,6.699276864528656006e+00
6.890000000000000000e+02,6.890000000000005009e-01,4.720618988266571669e+00,9.793978943790762615e-02,-2.548784134357773290e-02,-6.680841560324621287e-02,-4.349846774533183691e-02,4.947151954134594576e-02,-8.146196044981479645e-02,6.702950507402420044e+00
6.900000000000000000e+02,6.900000000000005018e-01,4.720535474241208007e+00,9.792848044331188551e-02,-2.554908158432916271e-02,-6.628437363854876307e-02,-4.352507923619275410e-02,4.947671991970384320e-02,-7.862499728798866272e-02,6.715187877416610718e+00
6.910000000000000000e+02,6.910000000000005027e-01,4.720451828539570904e+00,9.791698656791099353e-02,-2.561022062376105274e-02,-6.575144327688685342e-02,-4.355048201085964799e-02,4.948202604373509728e-02,-7.766165956854820251e-02,6.711879581212997437e+00
6.920000000000000000e+02,6.920000000000005036e-01,4.720368051770387652e+00,9.790536749168111952e-02,-2.567122254346730290e-02,-6.521113010552248568e-02,-4.357462440223502931e-02,4.948713338046500237e-02,-8.297647163271903992e-02,6.715306311845779419e+00
6.930000000000000000e+02,6.930000000000005045e-01,4.720284147646476747e+00,9.789357648114231647e-02,-2.573213214244199354e-02,-6.466297340859913922e-02,-4.359761728925959368e-02,4.949241246888917700e-02,-7.429040595889091492e-02,6.724897295236587524e+00
6.940000000000000000e+02,6.940000000000005054e-01,4.720200115261782514e+00,9.788151380723804362e-02,-2.579296284230112382e-02,-6.410773089798753321e-02,-4.361950490198762687e-02,4.949852109357533864e-02,-6.755933351814746857e-02,6.749784111976623535e+00
6.950000000000000000e+02,6.950000000000005063e-01,4.720115963392993663e+00,9.786920140716103000e-02,-2.585364862049991178e-02,-6.354401123103783910e-02,-4.364013678218525705e-02,4.950501601911978106e-02,-6.150512397289276123e-02,6.717964500188827515e+00
6.960000000000000000e+02,6.960000000000005071e-01,4.720031697997691289e+00,9.785673269302241906e-02,-2.591412069583320932e-02,-6.297358009562963044e-02,-4.365940957501379671e-02,4.951166613337803363e-02,-5.646981112658977509e-02,6.724280059337615967e+00
6.970000000000000000e+02,6.970000000000005080e-01,4.719947324745806583e+00,9.784418678678923065e-02,-2.597439964771471044e-02,-6.239847739256861731e-02,-4.367722164426934839e-02,4.951868437349745550e-02,-6.097567267715930939e-02,6.726088970899581909e+00
6.980000000000000000e+02,6.980000000000005089e-01,4.719862852498885708e+00,9.783150975871372779e-02,-2.603450147702728382e-02,-6.181795886999855161e-02,-4.369364293209931915e-02,4.952632183054857251e-02,-6.769056618213653564e-02,6.716004669666290283e+00
6.990000000000000000e+02,6.990000000000005098e-01,4.719778273030086346e+00,9.781874194287547286e-02,-2.609446093651029974e-02,-6.123260126467795078e-02,-4.370881068484999687e-02,4.953415368213324316e-02,-6.687737815082073212e-02,6.735536962747573853e+00
7.000000000000000000e+02,7.000000000000005107e-01,4.719693579849517207e+00,9.780588433528726588e-02,-2.615428873792085412e-02,-6.064290111248867021e-02,-4.372269384134552794e-02,4.954272516015525984e-02,-5.516438558697700500e-02,6.756449162960052490e+00
7.010000000000000000e+02,7.010000000000005116e-01,4.719608774109615545e+00,9.779291326376551852e-02,-2.621395390135267123e-02,-6.004940484933217471e-02,-4.373527479561034603e-02,4.955219499246572845e-02,-4.744347184896469116e-02,6.766957938671112061e+00
7.020000000000000000e+02,7.020000000000005125e-01,4.719523869423704276e+00,9.777985274466213794e-02,-2.627339606442291239e-02,-5.944978226237327551e-02,-4.374647271713438812e-02,4.956211182255746556e-02,-4.464934393763542175e-02,6.802041471004486084e+00
7.030000000000000000e+02,7.030000000000005134e-01,4.719438876527405569e+00,9.776677723598690972e-02,-2.633264121460346732e-02,-5.884340780584605690e-02,-4.375644651304089194e-02,4.957195706109610023e-02,-5.225504562258720398e-02,6.789852827787399292e+00
7.040000000000000000e+02,7.040000000000005143e-01,4.719353801079530619e+00,9.775368441275450460e-02,-2.639165059919373890e-02,-5.822881323667315756e-02,-4.376524128696757110e-02,4.958166570754067581e-02,-4.530245810747146606e-02,6.792961418628692627e+00
7.050000000000000000e+02,7.050000000000005151e-01,4.719268634826468301e+00,9.774056827937387115e-02,-2.645044418952125637e-02,-5.760759987063602400e-02,-4.377283496867190316e-02,4.959195259986743515e-02,-5.549518205225467682e-02,6.822618126869201660e+00
7.060000000000000000e+02,7.060000000000005160e-01,4.719183383245715291e+00,9.772752007496994520e-02,-2.650900944193855871e-02,-5.698138399090320327e-02,-4.377921449863331205e-02,4.960234639359203945e-02,-5.644629150629043579e-02,6.823654741048812866e+00
7.070000000000000000e+02,7.070000000000005169e-01,4.719098027267564888e+00,9.771460751057020611e-02,-2.656725720599985990e-02,-5.635022514071473532e-02,-4.378425578802613849e-02,4.961214878972203257e-02,-5.972445383667945862e-02,6.834466874599456787e+00
7.080000000000000000e+02,7.080000000000005178e-01,4.719012563174955766e+00,9.770185969300182460e-02,-2.662518117026380429e-02,-5.571518542592961143e-02,-4.378794470772184866e-02,4.962119268946674211e-02,-6.569387204945087433e-02,6.833838313817977905e+00
7.090000000000000000e+02,7.090000000000005187e-01,4.718926990895096374e+00,9.768933007059182883e-02,-2.668287713401286745e-02,-5.507720167367471942e-02,-4.379065786146840722e-02,4.962931247031376891e-02,-6.808178499341011047e-02,6.859183937311172485e+00
7.100000000000000000e+02,7.100000000000005196e-01,4.718841304206543796e+00,9.767701479770544981e-02,-2.674035063923279817e-02,-5.443770544986507171e-02,-4.379240495143599254e-02,4.963675713359971126e-02,-6.817166134715080261e-02,6.916996061801910400e+00
7.110000000000000000e+02,7.110000000000005205e-01,4.718755504872352624e+00,9.766487986162776525e-02,-2.679763350184402246e-02,-5.379572473311356601e-02,-4.379340957287669589e-02,4.964367702774422769e-02,-6.565906293690204620e-02,6.929194748401641846e+00
7.120000000000000000e+02,7.120000000000005214e-01,4.718669596760930673e+00,9.765297024769876988e-02,-2.685474997137378070e-02,-5.315092631634292519e-02,-4.379401894655821081e-02,4.965012548518112079e-02,-6.804041750729084015e-02,6.924481600522994995e+00
7.130000000000000000e+02,7.130000000000005222e-01,4.718583585858907803e+00,9.764124052760139727e-02,-2.691165914163690109e-02,-5.250572673937859564e-02,-4.379414255087810126e-02,4.965659715717699735e-02,-6.809622794389724731e-02,6.916161239147186279e+00
7.140000000000000000e+02,7.140000000000005231e-01,4.718497467428705683e+00,9.762972368826342007e-02,-2.696839495303194126e-02,-5.186108119360241520e-02,-4.379388164929554073e-02,4.966272969999283027e-02,-7.050514221191406250e-02,6.883313775062561035e+00
7.150000000000000000e+02,7.150000000000005240e-01,4.718411246001473103e+00,9.761840095329378519e-02,-2.702503721068809719e-02,-5.121698782617830487e-02,-4.379344236808746516e-02,4.966899660249545628e-02,-7.326638139784336090e-02,6.898268729448318481e+00
7.160000000000000000e+02,7.160000000000005249e-01,4.718324917625327686e+00,9.760727487164004568e-02,-2.708162541784435787e-02,-5.057373507290062464e-02,-4.379281389127354096e-02,4.967514038864000170e-02,-6.640843674540519714e-02,6.948369383811950684e+00
7.170000000000000000e+02,7.170000000000005258e-01,4.718238479166305233e+00,9.759636795124010389e-02,-2.713816911043144542e-02,-4.993257975263935833e-02,-4.379209812635465049e-02,4.968114968165521228e-02,-7.087895646691322327e-02,7.015279471874237061e+00
7.180000000000000000e+02,7.180000000000005267e-01,4.718151936399551438e+00,9.758572486214120434e-02,-2.719458570658455504e-02,-4.929450367346694534e-02,-4.379126854222281651e-02,4.968659927509908730e-02,-7.630880549550056458e-02,7.015690207481384277e+00
7.190000000000000000e+02,7.190000000000005276e-01,4.718065283391680076e+00,9.757535185138721534e-02,-2.725074043552345657e-02,-4.866039234420056064e-02,-4.379017395822781822e-02,4.969206545134350478e-02,-7.716616243124008179e-02,7.013534247875213623e+00
7.200000000000000000e+02,7.200000000000005285e-01,4.717978513631853055e+00,9.756522639583763146e-02,-2.730660286675612794e-02,-4.802929734882184498e-02,-4.378870819249769397e-02,4.969787332415281922e-02,-6.996721401810646057e-02,7.001036047935485840e+00
7.210000000000000000e+02,7.210000000000005294e-01,4.717891632740760954e+00,9.755532094890363715e-02,-2.736228961843798282e-02,-4.740116732546776485e-02,-4.378723818226770703e-02,4.970435438153201352e-02,-7.232152856886386871e-02,6.976641058921813965e+00
7.220000000000000000e+02,7.220000000000005302e-01,4.717804645679489539e+00,9.754570201777119920e-02,-2.741775144023616412e-02,-4.677626075162348573e-02,-4.378555945458706411e-02,4.971101398210098221e-02,-7.607672736048698425e-02,7.095106005668640137e+00
7.230000000000000000e+02,7.230000000000005311e-01,4.717717547399032263e+00,9.753632624775347704e-02,-2.747293929921472075e-02,-4.615472016622395451e-02,-4.378338228325207027e-02,4.971826878972410851e-02,-7.015182822942733765e-02,7.169571340084075928e+00
7.240000000000000000e+02,7.240000000000005320e-01,4.717630330651792825e+00,9.752721686289426983e-02,-2.752764603667222018e-02,-4.553772378281275429e-02,-4.378059584402715920e-02,4.972579736486871377e-02,-6.058539822697639465e-02,7.183138698339462280e+00
7.250000000000000000e+02,7.250000000000005329e-01,4.717542997980128661e+00,9.751836890499961108e-02,-2.758169900144812753e-02,-4.492289759426226076e-02,-4.377699869679174682e-02,4.973296965449156698e-02,-5.943541787564754486e-02,7.186425715684890747e+00
7.260000000000000000e+02,7.260000000000005338e-01,4.717455570776333929e+00,9.750974160568509630e-02,-2.763520049933754566e-02,-4.431473893912356993e-02,-4.377296234223404525e-02,4.974070321418293944e-02,-6.594832614064216614e-02,7.162848860025405884e+00
7.270000000000000000e+02,7.270000000000005347e-01,4.717368047309268064e+00,9.750141708397211393e-02,-2.768818834866007203e-02,-4.371301032374425022e-02,-4.376864922551981785e-02,4.974818237744815796e-02,-7.704838179051876068e-02,7.152245283126831055e+00
7.280000000000000000e+02,7.280000000000005356e-01,4.717280417470063547e+00,9.749344575153753856e-02,-2.774069240173716172e-02,-4.311826437178381544e-02,-4.376406221464446133e-02,4.975502779450607926e-02,-7.348195277154445648e-02,7.185724079608917236e+00
7.290000000000000000e+02,7.290000000000005365e-01,4.717192665272197161e+00,9.748583713434880171e-02,-2.779272244386364957e-02,-4.253063813310291319e-02,-4.375918447523408084e-02,4.976122211569151965e-02,-6.197527423501014709e-02,7.274423837661743164e+00
7.300000000000000000e+02,7.300000000000005373e-01,4.717104794953382196e+00,9.747857859245602496e-02,-2.784417248454497396e-02,-4.195017678721719295e-02,-4.375383836590995834e-02,4.976651119904158121e-02,-6.073570437729358673e-02,7.264669209718704224e+00
7.310000000000000000e+02,7.310000000000005382e-01,4.717016828288850938e+00,9.747163122087185161e-02,-2.789500666832079104e-02,-4.137764810032074081e-02,-4.374830313981092900e-02,4.977146752813170483e-02,-3.651050664484500885e-02,7.222349554300308228e+00
7.320000000000000000e+02,7.320000000000005391e-01,4.716928770622424771e+00,9.746502504621604168e-02,-2.794527692055170584e-02,-4.081257154573648960e-02,-4.374270168815508342e-02,4.977628297770839150e-02,-3.126965463161468506e-02,7.197708100080490112e+00
7.330000000000000000e+02,7.330000000000005400e-01,4.716840656119464903e+00,9.745875803269123117e-02,-2.799505260600782322e-02,-4.025651594189948862e-02,-4.373709280517656950e-02,4.978022006634797575e-02,-3.407914377748966217e-02,7.255754649639129639e+00
7.340000000000000000e+02,7.340000000000005409e-01,4.716752498262055227e+00,9.745274348761936989e-02,-2.804439027468786164e-02,-3.970985361093413990e-02,-4.373154865268680247e-02,4.978356284948921850e-02,-3.810935840010643005e-02,7.307493478059768677e+00
7.350000000000000000e+02,7.350000000000005418e-01,4.716664295248520489e+00,9.744698654791988934e-02,-2.809324719068844595e-02,-3.917278436727706509e-02,-4.372620111585945324e-02,4.978632558248054923e-02,-4.155101254582405090e-02,7.296193957328796387e+00
7.360000000000000000e+02,7.360000000000005427e-01,4.716576041805558894e+00,9.744145452904311167e-02,-2.814157575187542851e-02,-3.864495941755282521e-02,-4.372112344067113909e-02,4.978877015446390303e-02,-5.370071716606616974e-02,7.270307421684265137e+00
7.370000000000000000e+02,7.370000000000005436e-01,4.716487735216052357e+00,9.743611507941940530e-02,-2.818942449765203528e-02,-3.812585168675630687e-02,-4.371641612264731691e-02,4.979110214244156229e-02,-5.447953194379806519e-02,7.258023262023925781e+00
7.380000000000000000e+02,7.380000000000005445e-01,4.716399354604315697e+00,9.743102591766718279e-02,-2.823680536170661629e-02,-3.761513016017019317e-02,-4.371199766231392836e-02,4.979311445487689947e-02,-5.976341199129819870e-02,7.275718241930007935e+00
7.390000000000000000e+02,7.390000000000005453e-01,4.716310898189046696e+00,9.742618797677342346e-02,-2.828371956716736746e-02,-3.711274673596853813e-02,-4.370780669477647429e-02,4.979499767427270074e-02,-6.322128511965274811e-02,7.295597255229949951e+00
7.400000000000000000e+02,7.400000000000005462e-01,4.716222360098162092e+00,9.742159581509922395e-02,-2.833019279737676935e-02,-3.661824149647235210e-02,-4.370401186020078654e-02,4.979669930995560961e-02,-7.089324388653039932e-02,7.312451153993606567e+00
7.410000000000000000e+02,7.410000000000005471e-01,4.716133733148618390e+00,9.741724703478027436e-02,-2.837617603962484802e-02,-3.613072037818225446e-02,-4.370054574805148917e-02,4.979808351427994495e-02,-7.181941810995340347e-02,7.340073347091674805e+00
7.420000000000000000e+02,7.420000000000005480e-01,4.716045008561504659e+00,9.741316174311845377e-02,-2.842171910962175072e-02,-3.565146475871362047e-02,-4.369765504595490846e-02,4.979902922003661553e-02,-7.182454969733953476e-02,7.344409614801406860e+00
7.430000000000000000e+02,7.430000000000005489e-01,4.715956189896594708e+00,9.740935683732016015e-02,-2.846692709322728304e-02,-3.517936844320140866e-02,-4.369582306080954659e-02,4.979927025480410108e-02,-7.353711035102605820e-02,7.331324994564056396e+00
7.440000000000000000e+02,7.440000000000005498e-01,4.715867277264329083e+00,9.740576105661821749e-02,-2.851170675631863050e-02,-3.471506470238452935e-02,-4.369474425043917698e-02,4.979955952615573722e-02,-7.571645360440015793e-02,7.320628046989440918e+00
7.450000000000000000e+02,7.450000000000005507e-01,4.715778266886688996e+00,9.740234925429182289e-02,-2.855602554317519803e-02,-3.425770512693196435e-02,-4.369425162227069670e-02,4.979987625183321387e-02,-7.149461284279823303e-02,7.350841492414474487e+00
7.460000000000000000e+02,7.460000000000005516e-01,4.715689149852216211e+00,9.739920337652704929e-02,-2.859986109986196318e-02,-3.380608629546130728e-02,-4.369424138810007463e-02,4.979932040481155342e-02,-6.776061654090881348e-02,7.316003412008285522e+00
7.470000000000000000e+02,7.470000000000005524e-01,4.715599945294576045e+00,9.739624747970067331e-02,-2.864330003048351503e-02,-3.336179251105970966e-02,-4.369513227749854956e-02,4.979869900787985137e-02,-6.752096302807331085e-02,7.299220055341720581e+00
7.480000000000000000e+02,7.480000000000005533e-01,4.715510656468456574e+00,9.739349132525354502e-02,-2.868637687422015414e-02,-3.292538421914859015e-02,-4.369687218531081996e-02,4.979798258509962605e-02,-6.710451934486627579e-02,7.305450111627578735e+00
7.490000000000000000e+02,7.490000000000005542e-01,4.715421281527705233e+00,9.739096058664969968e-02,-2.872913819686442188e-02,-3.249574251131648328e-02,-4.369952813651378776e-02,4.979717887476835247e-02,-6.458923779428005219e-02,7.291226983070373535e+00
7.500000000000000000e+02,7.500000000000005551e-01,4.715331822321414457e+00,9.738863674951735161e-02,-2.877157917077723809e-02,-3.207286871042877574e-02,-4.370310265687238349e-02,4.979669706741055024e-02,-6.836757343262434006e-02,7.289510637521743774e+00
7.510000000000000000e+02,7.510000000000005560e-01,4.715242280201094260e+00,9.738658989315319980e-02,-2.881373776001234371e-02,-3.165528691707603787e-02,-4.370766946604298653e-02,4.979585245735598104e-02,-5.818264745175838470e-02,7.303252220153808594e+00
7.520000000000000000e+02,7.520000000000005569e-01,4.715152650784085964e+00,9.738480139959874993e-02,-2.885561900622480441e-02,-3.124347663027918220e-02,-4.371322781835162985e-02,4.979500475057567488e-02,-5.970960576087236404e-02,7.316863328218460083e+00
7.530000000000000000e+02,7.530000000000005578e-01,4.715062949304387629e+00,9.738324859453646731e-02,-2.889722903746093016e-02,-3.083711823007536518e-02,-4.371987064219839958e-02,4.979387688841283716e-02,-6.585262250155210495e-02,7.324418395757675171e+00
7.540000000000000000e+02,7.540000000000005587e-01,4.714973176816325662e+00,9.738193624563952489e-02,-2.893861168923557090e-02,-3.043667566959170484e-02,-4.372779753006095227e-02,4.979282193689919117e-02,-6.018177606165409088e-02,7.325224965810775757e+00
7.550000000000000000e+02,7.550000000000005596e-01,4.714883327988924400e+00,9.738079527809190283e-02,-2.897977093756929148e-02,-3.004149502695453722e-02,-4.373705652074955097e-02,4.979204757672764381e-02,-5.470880400389432907e-02,7.335287719964981079e+00
7.560000000000000000e+02,7.560000000000005604e-01,4.714793404349908457e+00,9.737983186269102975e-02,-2.902059764076652879e-02,-2.965192434247653636e-02,-4.374729531458765308e-02,4.979127665137193098e-02,-5.519438907504081726e-02,7.324587762355804443e+00
7.570000000000000000e+02,7.570000000000005613e-01,4.714703412503916446e+00,9.737910068212934922e-02,-2.906110973323909608e-02,-2.926879690582515417e-02,-4.375862766450255847e-02,4.979012045568080580e-02,-5.505943298339843750e-02,7.306411445140838623e+00
7.580000000000000000e+02,7.580000000000005622e-01,4.714613347965743273e+00,9.737864467911680477e-02,-2.910130562007950950e-02,-2.889151924893050560e-02,-4.377100746077111637e-02,4.978803013292691648e-02,-5.095113813877105713e-02,7.275130450725555420e+00
7.590000000000000000e+02,7.590000000000005631e-01,4.714523212885540104e+00,9.737837330238659217e-02,-2.914120323580060221e-02,-2.851744275045470234e-02,-4.378440317659926251e-02,4.978526985753338463e-02,-5.833040177822113037e-02,7.277750909328460693e+00
7.600000000000000000e+02,7.600000000000005640e-01,4.714433009991447321e+00,9.737827068252397078e-02,-2.918082562435421121e-02,-2.814513614371837169e-02,-4.379875328733251472e-02,4.978131050046265271e-02,-5.868565849959850311e-02,7.327603369951248169e+00
7.610000000000000000e+02,7.610000000000005649e-01,4.714342731833456313e+00,9.737830724232163226e-02,-2.922021004917085482e-02,-2.777344194477093797e-02,-4.381418248261570447e-02,4.977657982441223428e-02,-5.564838461577892303e-02,7.333209574222564697e+00
7.620000000000000000e+02,7.620000000000005658e-01,4.714252383268207502e+00,9.737845463872719931e-02,-2.925932701803440200e-02,-2.740230742530749136e-02,-4.383082012593697563e-02,4.977159286310637448e-02,-6.150778755545616150e-02,7.327908128499984741e+00
7.630000000000000000e+02,7.630000000000005667e-01,4.714161967023847488e+00,9.737872990335011414e-02,-2.929817358972807220e-02,-2.703213186083390507e-02,-4.384868460459045991e-02,4.976617148124276580e-02,-6.247259303927421570e-02,7.320357739925384521e+00
7.640000000000000000e+02,7.640000000000005675e-01,4.714071473429119585e+00,9.737912660459453751e-02,-2.933673481147932444e-02,-2.666252293072610136e-02,-4.386770199383205338e-02,4.976025798603354866e-02,-5.340335704386234283e-02,7.300504207611083984e+00
7.650000000000000000e+02,7.650000000000005684e-01,4.713980904773220182e+00,9.737961498786538994e-02,-2.937502235660050670e-02,-2.629364074130678686e-02,-4.388787745203170942e-02,4.975400788071678015e-02,-5.052047967910766602e-02,7.332831531763076782e+00
7.660000000000000000e+02,7.660000000000005693e-01,4.713890272632344391e+00,9.738016946414702890e-02,-2.941303971279167484e-02,-2.592374766468854425e-02,-4.390913547556252183e-02,4.974710366340116124e-02,-5.136065557599067688e-02,7.337509036064147949e+00
7.670000000000000000e+02,7.670000000000005702e-01,4.713799579969898623e+00,9.738083936006894370e-02,-2.945077180290008728e-02,-2.555387419735320048e-02,-4.393157419691551269e-02,4.973954984531923224e-02,-5.251772701740264893e-02,7.321175426244735718e+00
7.680000000000000000e+02,7.680000000000005711e-01,4.713708827190366435e+00,9.738161142193259290e-02,-2.948822442853485382e-02,-2.518433426532775202e-02,-4.395522430789822188e-02,4.973182244275645147e-02,-5.888704396784305573e-02,7.290922313928604126e+00
7.690000000000000000e+02,7.690000000000005720e-01,4.713618011343611691e+00,9.738247377732522914e-02,-2.952538962345222645e-02,-2.481560065503793031e-02,-4.397997799601349733e-02,4.972411304825938294e-02,-4.286167398095130920e-02,7.300506591796875000e+00
7.700000000000000000e+02,7.700000000000005729e-01,4.713527122033373651e+00,9.738343395797857682e-02,-2.956227730434757631e-02,-2.444781587571320802e-02,-4.400573174396971154e-02,4.971618407264695449e-02,-4.171460680663585663e-02,7.300393849611282349e+00
7.710000000000000000e+02,7.710000000000005738e-01,4.713436178910790808e+00,9.738456015070939831e-02,-2.959890119113569446e-02,-2.408006452766000768e-02,-4.403258246655217256e-02,4.970746259798480837e-02,-3.426549956202507019e-02,7.311162412166595459e+00
7.720000000000000000e+02,7.720000000000005747e-01,4.713345186157607003e+00,9.738586546086827611e-02,-2.963527052014273966e-02,-2.371303257225807273e-02,-4.406055728051150311e-02,4.969821452816795826e-02,-2.635050378739833832e-02,7.320467561483383179e+00
7.730000000000000000e+02,7.730000000000005755e-01,4.713254156128627415e+00,9.738737037920351669e-02,-2.967141856870425878e-02,-2.334870499102250502e-02,-4.408981659409771936e-02,4.968847409757210648e-02,-2.423778921365737915e-02,7.312027096748352051e+00
7.740000000000000000e+02,7.740000000000005764e-01,4.713163100194238453e+00,9.738915312425680537e-02,-2.970736891894388068e-02,-2.298767434814644878e-02,-4.412048205952423530e-02,4.967816076880193082e-02,-2.431638166308403015e-02,7.292684108018875122e+00
7.750000000000000000e+02,7.750000000000005773e-01,4.713072015492702604e+00,9.739131959192480481e-02,-2.974311950697533513e-02,-2.263035975415722545e-02,-4.415252277558057159e-02,4.966624066891159317e-02,-2.909891121089458466e-02,7.279879629611968994e+00
7.760000000000000000e+02,7.760000000000005782e-01,4.712980900579517574e+00,9.739384698792519224e-02,-2.977868465797269340e-02,-2.227612930217617859e-02,-4.418589175492604326e-02,4.965275113764935910e-02,-2.426165342330932617e-02,7.275373280048370361e+00
7.770000000000000000e+02,7.770000000000005791e-01,4.712889748330519879e+00,9.739671199084180830e-02,-2.981408403668018778e-02,-2.192417361523987807e-02,-4.422059163995517572e-02,4.963770518407888133e-02,-2.447362244129180908e-02,7.289602488279342651e+00
7.780000000000000000e+02,7.780000000000005800e-01,4.712798567183392073e+00,9.739988432880822278e-02,-2.984932834746371888e-02,-2.157438217584618789e-02,-4.425663455823602987e-02,4.962125141550777219e-02,-2.015256136655807495e-02,7.282978534698486328e+00
7.790000000000000000e+02,7.790000000000005809e-01,4.712707358798980728e+00,9.740331710804135679e-02,-2.988437499592233246e-02,-2.122670319594969351e-02,-4.429394577428213964e-02,4.960359474683165987e-02,-2.319437637925148010e-02,7.271849870681762695e+00
7.800000000000000000e+02,7.800000000000005818e-01,4.712616130818824800e+00,9.740699004072383982e-02,-2.991922215487168024e-02,-2.088214649029954129e-02,-4.433247586426314335e-02,4.958544145234961009e-02,-1.694955304265022278e-02,7.271526694297790527e+00
7.810000000000000000e+02,7.810000000000005826e-01,4.712524879699367730e+00,9.741087833424565134e-02,-2.995389070390660005e-02,-2.054056482424218913e-02,-4.437224328585442912e-02,4.956673754446176694e-02,-3.159986436367034912e-02,7.287496328353881836e+00
7.820000000000000000e+02,7.820000000000005835e-01,4.712433614118266334e+00,9.741499051404192699e-02,-2.998837430412438707e-02,-2.020326261964740244e-02,-4.441323183751810788e-02,4.954721288252138256e-02,-4.015374463051557541e-02,7.280153155326843262e+00
7.830000000000000000e+02,7.830000000000005844e-01,4.712342315100660706e+00,9.741932442704498429e-02,-3.002266728340829624e-02,-1.987028224011304703e-02,-4.445550329267033973e-02,4.952666797872405657e-02,-4.361164011061191559e-02,7.274108648300170898e+00
7.840000000000000000e+02,7.840000000000005853e-01,4.712250972661864878e+00,9.742384546360030595e-02,-3.005677003121246665e-02,-1.954141454271318690e-02,-4.449901984313631154e-02,4.950546915363747413e-02,-2.187161520123481750e-02,7.263689070940017700e+00
7.850000000000000000e+02,7.850000000000005862e-01,4.712159585034287446e+00,9.742850722998919188e-02,-3.009068637240101818e-02,-1.921494091943740101e-02,-4.454375229752738363e-02,4.948445470708699723e-02,-1.783006079494953156e-02,7.280372977256774902e+00
7.860000000000000000e+02,7.860000000000005871e-01,4.712068187350819670e+00,9.743326152965900433e-02,-3.012445240529278492e-02,-1.889063944273040863e-02,-4.458975824367472640e-02,4.946451162670574553e-02,-2.112452127039432526e-02,7.280974209308624268e+00
7.870000000000000000e+02,7.870000000000005880e-01,4.711976787779672549e+00,9.743809719022850091e-02,-3.015805928601352631e-02,-1.856808401245058776e-02,-4.463708718396497410e-02,4.944578320627384532e-02,-1.865172944962978363e-02,7.277073055505752563e+00
7.880000000000000000e+02,7.880000000000005889e-01,4.711885378993195594e+00,9.744305946434171639e-02,-3.019149737695111732e-02,-1.824805834433432944e-02,-4.468571453711200903e-02,4.942794924371237547e-02,-1.655585505068302155e-02,7.277662158012390137e+00
7.890000000000000000e+02,7.890000000000005898e-01,4.711793963316276646e+00,9.744816289454848179e-02,-3.022476015337880947e-02,-1.793198429232753521e-02,-4.473560437638712806e-02,4.941082794342929740e-02,-9.836839511990547180e-03,7.269188731908798218e+00
7.900000000000000000e+02,7.900000000000005906e-01,4.711702544021920680e+00,9.745339939446570621e-02,-3.025786476402554659e-02,-1.761925433608042130e-02,-4.478681205819445843e-02,4.939463154550322727e-02,-1.229147799313068390e-02,7.264191567897796631e+00
7.910000000000000000e+02,7.910000000000005915e-01,4.711611132980357830e+00,9.745874807345156210e-02,-3.029086237062680181e-02,-1.731011189503568401e-02,-4.483946279076533870e-02,4.937969016562716862e-02,-1.554343290627002716e-02,7.269831269979476929e+00
7.920000000000000000e+02,7.920000000000005924e-01,4.711519727560365745e+00,9.746418730711849110e-02,-3.032376613465313439e-02,-1.700424238249660311e-02,-4.489357956579564934e-02,4.936591700098136304e-02,-1.664173603057861328e-02,7.262175202369689941e+00
7.930000000000000000e+02,7.930000000000005933e-01,4.711428319359955985e+00,9.746975300978097390e-02,-3.035652443545083096e-02,-1.670125916392503282e-02,-4.494902428374447645e-02,4.935286127701081493e-02,-1.806199550628662109e-02,7.251725375652313232e+00
7.940000000000000000e+02,7.940000000000005942e-01,4.711336905228337812e+00,9.747547079566244721e-02,-3.038913351302493723e-02,-1.640108522948683159e-02,-4.500575075315071949e-02,4.934034944196123706e-02,-2.286678925156593323e-02,7.259753137826919556e+00
7.950000000000000000e+02,7.950000000000005951e-01,4.711245481224447751e+00,9.748135737751612018e-02,-3.042160604815319011e-02,-1.610381878740604900e-02,-4.506375227947256867e-02,4.932825428260467771e-02,-2.908097021281719208e-02,7.266805231571197510e+00
7.960000000000000000e+02,7.960000000000005960e-01,4.711154038888405893e+00,9.748739143587957512e-02,-3.045393054400697200e-02,-1.581000484061081610e-02,-4.512302587993444192e-02,4.931669381854252021e-02,-3.846714831888675690e-02,7.278409570455551147e+00
7.970000000000000000e+02,7.970000000000005969e-01,4.711062570083663026e+00,9.749357151679276245e-02,-3.048608401303803256e-02,-1.552020971321143097e-02,-4.518352935315728125e-02,4.930577812737974019e-02,-3.725861571729183197e-02,7.293963104486465454e+00
7.980000000000000000e+02,7.980000000000005977e-01,4.710971060253312359e+00,9.749990753640441765e-02,-3.051801948133764375e-02,-1.523374408459174725e-02,-4.524516681877144286e-02,4.929521560172538119e-02,-3.790395706892013550e-02,7.292185544967651367e+00
7.990000000000000000e+02,7.990000000000005986e-01,4.710879512435906413e+00,9.750636446427787818e-02,-3.054969496036965756e-02,-1.495119123511878464e-02,-4.530787517623413585e-02,4.928503557959210135e-02,-2.439225465059280396e-02,7.278267711400985718e+00
8.000000000000000000e+02,8.000000000000005995e-01,4.710787926220387334e+00,9.751297278164296201e-02,-3.058111593861368230e-02,-1.467382895675623661e-02,-4.537166433232031615e-02,4.927532669307067154e-02,-2.409457229077816010e-02,7.279537677764892578e+00
8.010000000000000000e+02,8.010000000000006004e-01,4.710696320402717241e+00,9.751970775414997572e-02,-3.061227754124725559e-02,-1.440229188229062707e-02,-4.543644781364730711e-02,4.926650158421870540e-02,-2.326258644461631775e-02,7.279914736747741699e+00
8.020000000000000000e+02,8.020000000000006013e-01,4.710604696986793627e+00,9.752657235132086710e-02,-3.064318052886916971e-02,-1.413819319879614997e-02,-4.550223801427333292e-02,4.925849513887728404e-02,-2.903097309172153473e-02,7.281436234712600708e+00
8.030000000000000000e+02,8.030000000000006022e-01,4.710513055981280672e+00,9.753360760611946845e-02,-3.067385194810715379e-02,-1.388110634859613529e-02,-4.556913168530174474e-02,4.925076596066785967e-02,-3.044685907661914825e-02,7.275334775447845459e+00
8.040000000000000000e+02,8.040000000000006031e-01,4.710421391607312991e+00,9.754078980971286894e-02,-3.070429359857218890e-02,-1.363123354191987310e-02,-4.563713816003356349e-02,4.924375590525797985e-02,-3.542460128664970398e-02,7.255481004714965820e+00
8.050000000000000000e+02,8.050000000000006040e-01,4.710329699465368947e+00,9.754814548362014670e-02,-3.073447890282823836e-02,-1.338846902222308802e-02,-4.570614210429035928e-02,4.923732135753895733e-02,-3.044005669653415680e-02,7.281281977891921997e+00
8.060000000000000000e+02,8.060000000000006048e-01,4.710237968942013964e+00,9.755570193406941371e-02,-3.076438767557355958e-02,-1.315213539493797698e-02,-4.577598710211372435e-02,4.923105181149114995e-02,-3.698586393147706985e-02,7.275226235389709473e+00
8.070000000000000000e+02,8.070000000000006057e-01,4.710146205944821141e+00,9.756346298177059895e-02,-3.079399277867117882e-02,-1.292189434298308612e-02,-4.584670712101379664e-02,4.922466003128102285e-02,-3.842069394886493683e-02,7.266568869352340698e+00
8.080000000000000000e+02,8.080000000000006066e-01,4.710054401326177143e+00,9.757142277468493219e-02,-3.082330719234343402e-02,-1.269708756835049440e-02,-4.591831526967204979e-02,4.921820536906991450e-02,-4.668889939785003662e-02,7.249511599540710449e+00
8.090000000000000000e+02,8.090000000000006075e-01,4.709962553927870665e+00,9.757957500350493418e-02,-3.085236911939334345e-02,-1.247586667816001638e-02,-4.599089796242972206e-02,4.921151793156261500e-02,-5.167314037680625916e-02,7.247303485870361328e+00
8.100000000000000000e+02,8.100000000000006084e-01,4.709870650532208991e+00,9.758792704295579656e-02,-3.088116744752273865e-02,-1.225861202089198118e-02,-4.606433821134636730e-02,4.920459265226388712e-02,-5.452620144933462143e-02,7.237783402204513550e+00
8.110000000000000000e+02,8.110000000000006093e-01,4.709778685149732524e+00,9.759645600691888023e-02,-3.090971066800517544e-02,-1.204544731202221788e-02,-4.613865466609956556e-02,4.919740176493944683e-02,-4.709296580404043198e-02,7.221215516328811646e+00
8.120000000000000000e+02,8.120000000000006102e-01,4.709686651944460678e+00,9.760518651274845137e-02,-3.093800265611053313e-02,-1.183673640654112069e-02,-4.621381520657275033e-02,4.918985709420464758e-02,-5.304093752056360245e-02,7.228639662265777588e+00
8.130000000000000000e+02,8.130000000000006111e-01,4.709594554788257170e+00,9.761416742124862100e-02,-3.096599323732170464e-02,-1.163201783313471890e-02,-4.628958282379236344e-02,4.918107688999667770e-02,-4.649499710649251938e-02,7.214047253131866455e+00
8.140000000000000000e+02,8.140000000000006120e-01,4.709502384610607884e+00,9.762338406157541892e-02,-3.099366431386046603e-02,-1.143108555043280058e-02,-4.636592774318248900e-02,4.917140686171792008e-02,-5.317799840122461319e-02,7.174764722585678101e+00
8.150000000000000000e+02,8.150000000000006128e-01,4.709410154277041904e+00,9.763282286048055592e-02,-3.102105318873311576e-02,-1.123455963746172043e-02,-4.644290282750951349e-02,4.916118818508130595e-02,-4.766108654439449310e-02,7.188056886196136475e+00
8.160000000000000000e+02,8.160000000000006137e-01,4.709317853938033593e+00,9.764247990244064035e-02,-3.104814581846628355e-02,-1.104255428601366718e-02,-4.652027690752480460e-02,4.915053848345291021e-02,-4.788184538483619690e-02,7.189226567745208740e+00
8.170000000000000000e+02,8.170000000000006146e-01,4.709225489557181454e+00,9.765236732979437617e-02,-3.107490439850019506e-02,-1.085385323332616753e-02,-4.659799087859051170e-02,4.913900283242908507e-02,-5.373411346226930618e-02,7.195785850286483765e+00
8.180000000000000000e+02,8.180000000000006155e-01,4.709133060500121815e+00,9.766247365428840088e-02,-3.110131171533489849e-02,-1.066908134208262998e-02,-4.667599607004602191e-02,4.912633271477154923e-02,-4.498622100800275803e-02,7.177130281925201416e+00
8.190000000000000000e+02,8.190000000000006164e-01,4.709040559069551435e+00,9.767278138784998842e-02,-3.112735242209749287e-02,-1.048806258661429819e-02,-4.675427095117368204e-02,4.911268172612504035e-02,-4.703081212937831879e-02,7.194236844778060913e+00
8.200000000000000000e+02,8.200000000000006173e-01,4.708947994262938863e+00,9.768337818079904367e-02,-3.115301251811702574e-02,-1.031055852948646948e-02,-4.683268323235578734e-02,4.909768002777897822e-02,-3.410399798303842545e-02,7.191648393869400024e+00
8.210000000000000000e+02,8.210000000000006182e-01,4.708855362540123046e+00,9.769427764788252144e-02,-3.117828539542394362e-02,-1.013643772792737277e-02,-4.691129297986207369e-02,4.908104027228014921e-02,-3.291271906346082687e-02,7.195334732532501221e+00
8.220000000000000000e+02,8.220000000000006191e-01,4.708762682410725375e+00,9.770545111949903438e-02,-3.120319297233311445e-02,-9.966045921705662947e-03,-4.699015967792696813e-02,4.906274195294129531e-02,-3.312504384666681290e-02,7.193652331829071045e+00
8.230000000000000000e+02,8.230000000000006199e-01,4.708669957823641283e+00,9.771681462234510507e-02,-3.122769868998028983e-02,-9.797596621499444353e-03,-4.706917650654252050e-02,4.904319943441266816e-02,-2.998193167150020599e-02,7.166247099637985229e+00
8.240000000000000000e+02,8.240000000000006208e-01,4.708577186368894552e+00,9.772841597948905834e-02,-3.125182781080342725e-02,-9.631371643547138872e-03,-4.714841829569937914e-02,4.902224357278722050e-02,-3.570964839309453964e-02,7.150376260280609131e+00
8.250000000000000000e+02,8.250000000000006217e-01,4.708484372606772439e+00,9.774023270472478875e-02,-3.127561164728271531e-02,-9.466111938217863786e-03,-4.722785991735678479e-02,4.899973151030038998e-02,-3.723307419568300247e-02,7.167624682188034058e+00
8.260000000000000000e+02,8.260000000000006226e-01,4.708391508711899043e+00,9.775221524183715094e-02,-3.129901705242991300e-02,-9.300964209366192892e-03,-4.730731392653320100e-02,4.897604957464230663e-02,-3.258437942713499069e-02,7.172585517168045044e+00
8.270000000000000000e+02,8.270000000000006235e-01,4.708298593389660169e+00,9.776433898036604453e-02,-3.132199322609814651e-02,-9.136931430856233549e-03,-4.738669125592109843e-02,4.895157797572372016e-02,-2.521701529622077942e-02,7.190375089645385742e+00
8.280000000000000000e+02,8.280000000000006244e-01,4.708205634043498122e+00,9.777658548372092362e-02,-3.134455504076207738e-02,-8.973771358062890280e-03,-4.746606617427562291e-02,4.892606470969392690e-02,-2.825629897415637970e-02,7.176086694002151489e+00
8.290000000000000000e+02,8.290000000000006253e-01,4.708112641889843353e+00,9.778894890632641723e-02,-3.136669338121760020e-02,-8.812320804760607335e-03,-4.754549374967687037e-02,4.889934933611829460e-02,-2.606467530131340027e-02,7.153484672307968140e+00
8.300000000000000000e+02,8.300000000000006262e-01,4.708019613999653075e+00,9.780139025427446453e-02,-3.138838722466277126e-02,-8.653905188507310386e-03,-4.762483324721000777e-02,4.887209424736784630e-02,-2.589076198637485504e-02,7.173064231872558594e+00
8.310000000000000000e+02,8.310000000000006271e-01,4.707926553152137039e+00,9.781388653411407508e-02,-3.140963076450571656e-02,-8.500153033875613995e-03,-4.770395935955229483e-02,4.884439499093947562e-02,-2.370962314307689667e-02,7.172225534915924072e+00
8.320000000000000000e+02,8.320000000000006279e-01,4.707833460607487197e+00,9.782642433815019745e-02,-3.143037989809482902e-02,-8.352144471524120678e-03,-4.778281784102111907e-02,4.881648222507802004e-02,-2.889188565313816071e-02,7.160654306411743164e+00
8.330000000000000000e+02,8.330000000000006288e-01,4.707740337496749028e+00,9.783896867774934114e-02,-3.145060792537657940e-02,-8.209112025763000420e-03,-4.786131888167943771e-02,4.878793785186378434e-02,-2.230166085064411163e-02,7.149263054132461548e+00
8.340000000000000000e+02,8.340000000000006297e-01,4.707647173323333156e+00,9.785148617147018668e-02,-3.147022879072529367e-02,-8.070307746268119004e-03,-4.793912065264782640e-02,4.875907336709320306e-02,-2.658211998641490936e-02,7.147348016500473022e+00
8.350000000000000000e+02,8.350000000000006306e-01,4.707553981473573401e+00,9.786388086064333469e-02,-3.148929854305031195e-02,-7.937066098050889890e-03,-4.801635093639777807e-02,4.873060508791411671e-02,-3.106711246073246002e-02,7.147089332342147827e+00
8.360000000000000000e+02,8.360000000000006315e-01,4.707460759375131865e+00,9.787613929930273626e-02,-3.150784866869915657e-02,-7.809649468733501770e-03,-4.809310562263591216e-02,4.870262538259850782e-02,-3.508034534752368927e-02,7.131592094898223877e+00
8.370000000000000000e+02,8.370000000000006324e-01,4.707367500009549843e+00,9.788825694651343001e-02,-3.152586704831062542e-02,-7.689625897156698170e-03,-4.816934334330524869e-02,4.867526415587274113e-02,-2.626927196979522705e-02,7.120062202215194702e+00
8.380000000000000000e+02,8.380000000000006333e-01,4.707274200066446035e+00,9.790015574267099674e-02,-3.154332786187329790e-02,-7.576674310454216410e-03,-4.824490435303308011e-02,4.864898782041381792e-02,-2.840753644704818726e-02,7.103907376527786255e+00
8.390000000000000000e+02,8.390000000000006342e-01,4.707180880284108859e+00,9.791170623073321144e-02,-3.156024084549671066e-02,-7.471025566079279867e-03,-4.831976478844568490e-02,4.862465076485725929e-02,-3.562512062489986420e-02,7.123347550630569458e+00
8.400000000000000000e+02,8.400000000000006350e-01,4.707087532961064191e+00,9.792291829915131252e-02,-3.157659384257139462e-02,-7.372771154838610869e-03,-4.839380754537603302e-02,4.860218996221184196e-02,-4.217330366373062134e-02,7.136515527963638306e+00
8.410000000000000000e+02,8.410000000000006359e-01,4.706994149411849016e+00,9.793377602658906445e-02,-3.159237763451036574e-02,-7.282326863350587626e-03,-4.846709532843207491e-02,4.858153762565649292e-02,-5.107588507235050201e-02,7.151595771312713623e+00
8.420000000000000000e+02,8.420000000000006368e-01,4.706900723046500978e+00,9.794427644212343187e-02,-3.160762215384878976e-02,-7.199237534423155727e-03,-4.853978945699100045e-02,4.856271958816163470e-02,-5.106099136173725128e-02,7.136489242315292358e+00
8.430000000000000000e+02,8.430000000000006377e-01,4.706807242476235942e+00,9.795440435024056758e-02,-3.162235391901220549e-02,-7.122634996774183241e-03,-4.861204928227946809e-02,4.854558006742623610e-02,-4.829237982630729675e-02,7.106247991323471069e+00
8.440000000000000000e+02,8.440000000000006386e-01,4.706713710841028409e+00,9.796414415070801851e-02,-3.163663269875338635e-02,-7.052529678675766717e-03,-4.868400350755641703e-02,4.852995139869685504e-02,-4.796761460602283478e-02,7.086599618196487427e+00
8.450000000000000000e+02,8.450000000000006395e-01,4.706620127453492231e+00,9.797341637488711508e-02,-3.165036657440874895e-02,-6.987453705132467413e-03,-4.875520074708061813e-02,4.851646083919868013e-02,-3.689696732908487320e-02,7.079438298940658569e+00
8.460000000000000000e+02,8.460000000000006404e-01,4.706526487382759250e+00,9.798221038282685369e-02,-3.166348922486451889e-02,-6.926549425412306671e-03,-4.882532847562037759e-02,4.850503120087141379e-02,-4.391258023679256439e-02,7.084223210811614990e+00
8.470000000000000000e+02,8.470000000000006413e-01,4.706432805971649813e+00,9.799048125598583403e-02,-3.167595346265508066e-02,-6.870242194570590905e-03,-4.889419405945316655e-02,4.849626870513558397e-02,-4.699242021888494492e-02,7.113452553749084473e+00
8.480000000000000000e+02,8.480000000000006422e-01,4.706339075662730131e+00,9.799818772897803121e-02,-3.168777427169379435e-02,-6.818233124843451481e-03,-4.896186760712106789e-02,4.849058285523678846e-02,-4.331970028579235077e-02,7.137475281953811646e+00
8.490000000000000000e+02,8.490000000000006430e-01,4.706245292512677203e+00,9.800537641827761215e-02,-3.169900043796183842e-02,-6.769033145564075371e-03,-4.902864921221539163e-02,4.848750529239555240e-02,-4.322526231408119202e-02,7.152909040451049805e+00
8.500000000000000000e+02,8.500000000000006439e-01,4.706151462480448799e+00,9.801201309396816164e-02,-3.170958549370957169e-02,-6.722959194135416650e-03,-4.909450026297679237e-02,4.848690946254805706e-02,-4.575374629348516464e-02,7.140426188707351685e+00
8.510000000000000000e+02,8.510000000000006448e-01,4.706057589439375022e+00,9.801809098210989557e-02,-3.171954431252477918e-02,-6.679829376250712852e-03,-4.915954312866643861e-02,4.848888995019347281e-02,-4.460521601140499115e-02,7.135743796825408936e+00
8.520000000000000000e+02,8.520000000000006457e-01,4.705963671772440016e+00,9.802361608833223827e-02,-3.172897063011354685e-02,-6.638998752899902267e-03,-4.922402708211293110e-02,4.849361595617847354e-02,-3.045215643942356110e-02,7.092184871435165405e+00
8.530000000000000000e+02,8.530000000000006466e-01,4.705869708122586204e+00,9.802863915987672372e-02,-3.173788528723826829e-02,-6.600331697106085610e-03,-4.928800131895627601e-02,4.850050329335019172e-02,-3.888841811567544937e-02,7.051288455724716187e+00
8.540000000000000000e+02,8.540000000000006475e-01,4.705775709827498154e+00,9.803312936139585432e-02,-3.174617087387321401e-02,-6.562790154412474763e-03,-4.935086898722529369e-02,4.850982460747016445e-02,-4.736233316361904144e-02,7.063178241252899170e+00
8.550000000000000000e+02,8.550000000000006484e-01,4.705681655874602853e+00,9.803709587686916527e-02,-3.175370557079999073e-02,-6.526996411322642799e-03,-4.941203436768049073e-02,4.852155228893480221e-02,-4.631766397505998611e-02,7.073979496955871582e+00
8.560000000000000000e+02,8.560000000000006493e-01,4.705587532757239622e+00,9.804057949384653581e-02,-3.176051556957529970e-02,-6.492516402567705125e-03,-4.947164052538921553e-02,4.853538183343227702e-02,-4.295852314680814743e-02,7.077153503894805908e+00
8.570000000000000000e+02,8.570000000000006501e-01,4.705493346083660100e+00,9.804357659464643659e-02,-3.176665425960391309e-02,-6.459221377707477507e-03,-4.952991496623337930e-02,4.855140708784028147e-02,-4.071223083883523941e-02,7.087635636329650879e+00
8.580000000000000000e+02,8.580000000000006510e-01,4.705399101792401062e+00,9.804605459138658607e-02,-3.177206965027846997e-02,-6.426424721647068516e-03,-4.958669957643135895e-02,4.856993857529089825e-02,-3.315078373998403549e-02,7.047698140144348145e+00
8.590000000000000000e+02,8.590000000000006519e-01,4.705304802368651451e+00,9.804801625110803887e-02,-3.177675914549842745e-02,-6.395214495843390412e-03,-4.964203410839340691e-02,4.859120307196589800e-02,-3.364642802625894547e-02,7.010102331638336182e+00
8.600000000000000000e+02,8.600000000000006528e-01,4.705210453369112145e+00,9.804949397882706252e-02,-3.178071378799265934e-02,-6.365764597231777372e-03,-4.969570163270753405e-02,4.861491905507105138e-02,-4.509408865123987198e-02,7.029154777526855469e+00
8.610000000000000000e+02,8.610000000000006537e-01,4.705116054788367030e+00,9.805049673662374898e-02,-3.178396887217194156e-02,-6.338612971202074037e-03,-4.974764321171698533e-02,4.864102220887651928e-02,-3.770041186362504959e-02,7.008457750082015991e+00
8.620000000000000000e+02,8.620000000000006546e-01,4.705021591652443824e+00,9.805104211673951187e-02,-3.178652828358351223e-02,-6.314837975063370551e-03,-4.979796237270095460e-02,4.866951872358274422e-02,-3.816862031817436218e-02,6.992234706878662109e+00
8.630000000000000000e+02,8.630000000000006555e-01,4.704927070538627021e+00,9.805113389537707669e-02,-3.178835541537877729e-02,-6.295866209067291913e-03,-4.984643849720016284e-02,4.870081058429984178e-02,-3.478963952511548996e-02,6.996716111898422241e+00
8.640000000000000000e+02,8.640000000000006564e-01,4.704832486867124075e+00,9.805079529486968037e-02,-3.178942506679031943e-02,-6.280681914082798800e-03,-4.989291374484983166e-02,4.873433508087306881e-02,-3.260431438684463501e-02,7.019831329584121704e+00
8.650000000000000000e+02,8.650000000000006573e-01,4.704737839458176474e+00,9.805003243838754379e-02,-3.178963613027169927e-02,-6.266919150328530141e-03,-4.993707264552504910e-02,4.877000878160572123e-02,-3.668024856597185135e-02,7.029486000537872314e+00
8.660000000000000000e+02,8.660000000000006581e-01,4.704643127443702610e+00,9.804887419362806611e-02,-3.178893595018203455e-02,-6.255884690028336304e-03,-4.997884903766958153e-02,4.880792515181140573e-02,-3.633929789066314697e-02,7.039444059133529663e+00
8.670000000000000000e+02,8.670000000000006590e-01,4.704548346534398462e+00,9.804732814464062196e-02,-3.178733142500943243e-02,-6.247311756589140480e-03,-5.001830968983567161e-02,4.884834709565058497e-02,-4.468833561986684799e-02,7.057558625936508179e+00
8.680000000000000000e+02,8.680000000000006599e-01,4.704453496542670088e+00,9.804545048817821240e-02,-3.178486438454713320e-02,-6.242658772310668430e-03,-5.005564191653277817e-02,4.889092462894661928e-02,-4.522449336946010590e-02,7.085524499416351318e+00
8.690000000000000000e+02,8.690000000000006608e-01,4.704358567100235256e+00,9.804327409838578533e-02,-3.178155812079807435e-02,-6.242767419319103506e-03,-5.009100936809884885e-02,4.893551503524270346e-02,-4.747014679014682770e-02,7.096384495496749878e+00
8.700000000000000000e+02,8.700000000000006617e-01,4.704263559353931257e+00,9.804083087221893145e-02,-3.177741882217208214e-02,-6.246129634302346328e-03,-5.012456391799391398e-02,4.898199872149001932e-02,-5.241829063743352890e-02,7.105727225542068481e+00
8.710000000000000000e+02,8.710000000000006626e-01,4.704168472235567222e+00,9.803812210602182164e-02,-3.177246106341796716e-02,-6.252563236960499010e-03,-5.015640697989498520e-02,4.903007796815719854e-02,-5.256202071905136108e-02,7.112148165702819824e+00
8.720000000000000000e+02,8.720000000000006635e-01,4.704073296979647267e+00,9.803519163836905970e-02,-3.176666381989760174e-02,-6.261084180437685720e-03,-5.018651515468319779e-02,4.907919796507648896e-02,-6.350902654230594635e-02,7.114480495452880859e+00
8.730000000000000000e+02,8.730000000000006644e-01,4.703978032706222834e+00,9.803207137670197358e-02,-3.176001595945934786e-02,-6.271845052347835986e-03,-5.021488197401602349e-02,4.912930819226732360e-02,-6.091533694416284561e-02,7.104629307985305786e+00
8.740000000000000000e+02,8.740000000000006652e-01,4.703882661692428968e+00,9.802880602617676520e-02,-3.175251929268155249e-02,-6.286112158553118501e-03,-5.024152629538103376e-02,4.918007430965935095e-02,-6.585432682186365128e-02,7.107331186532974243e+00
8.750000000000000000e+02,8.750000000000006661e-01,4.703787191990288719e+00,9.802535107723527041e-02,-3.174421731906097027e-02,-6.304006863113473941e-03,-5.026654575900790789e-02,4.923166944469414830e-02,-6.605733465403318405e-02,7.086711227893829346e+00
8.760000000000000000e+02,8.760000000000006670e-01,4.703691615202334475e+00,9.802171476294838093e-02,-3.173512610094721825e-02,-6.323884266618434030e-03,-5.029000701341823643e-02,4.928364166141288583e-02,-6.151097826659679413e-02,7.082447737455368042e+00
8.770000000000000000e+02,8.770000000000006679e-01,4.703595930055898933e+00,9.801793181579204761e-02,-3.172526885845183137e-02,-6.343766455254761655e-03,-5.031188965244903777e-02,4.933574422834587081e-02,-5.830013845115900040e-02,7.071840375661849976e+00
8.780000000000000000e+02,8.780000000000006688e-01,4.703500147505743634e+00,9.801400932418054268e-02,-3.171470650274287734e-02,-6.363472389740301022e-03,-5.033237744360063992e-02,4.938773981620370179e-02,-5.971090029925107956e-02,7.080589890480041504e+00
8.790000000000000000e+02,8.790000000000006697e-01,4.703404266261455469e+00,9.800992747508376068e-02,-3.170338941212111350e-02,-6.382492099225041404e-03,-5.035125468672396742e-02,4.943961908369993996e-02,-7.118232175707817078e-02,7.097210496664047241e+00
8.800000000000000000e+02,8.800000000000006706e-01,4.703308282972134435e+00,9.800569977476686345e-02,-3.169131468418800307e-02,-6.401303148792353986e-03,-5.036855351517965929e-02,4.949124377094082927e-02,-7.811649143695831299e-02,7.123028308153152466e+00
8.810000000000000000e+02,8.810000000000006715e-01,4.703212186931438055e+00,9.800129135815500991e-02,-3.167852543431471518e-02,-6.419694288980100361e-03,-5.038449309417991628e-02,4.954307427138261027e-02,-7.834991067647933960e-02,7.131922066211700439e+00
8.820000000000000000e+02,8.820000000000006724e-01,4.703115970811997393e+00,9.799670976607317840e-02,-3.166502563689330141e-02,-6.437413212771900262e-03,-5.039920821889043445e-02,4.959515888906625147e-02,-7.999428920447826385e-02,7.089858889579772949e+00
8.830000000000000000e+02,8.830000000000006732e-01,4.703019631286672997e+00,9.799199725739569933e-02,-3.165083079079602374e-02,-6.452599867145424745e-03,-5.041279007345256247e-02,4.964737697075233269e-02,-8.692151494324207306e-02,7.082247406244277954e+00
8.840000000000000000e+02,8.840000000000006741e-01,4.702923157102772755e+00,9.798719525973509370e-02,-3.163594665710881687e-02,-6.462693349712351348e-03,-5.042506170639882157e-02,4.969872801877434076e-02,-9.014321397989988327e-02,7.096994042396545410e+00
8.850000000000000000e+02,8.850000000000006750e-01,4.702826535525776563e+00,9.798228661232311065e-02,-3.162033045260333880e-02,-6.468209013338967889e-03,-5.043584459330219261e-02,4.974940655724441330e-02,-9.828835725784301758e-02,7.107782542705535889e+00
8.860000000000000000e+02,8.860000000000006759e-01,4.702729762548890413e+00,9.797729541548598486e-02,-3.160396618424927973e-02,-6.469556193956636780e-03,-5.044515427740359215e-02,4.979965184106676518e-02,-1.002360945567488670e-01,7.125642299652099609e+00
8.870000000000000000e+02,8.870000000000006768e-01,4.702632826004389699e+00,9.797221344192079406e-02,-3.158682785859082132e-02,-6.465843754489900008e-03,-5.045295641083491489e-02,4.984927417202397043e-02,-9.730152040719985962e-02,7.112702310085296631e+00
8.880000000000000000e+02,8.880000000000006777e-01,4.702535720864354118e+00,9.796709934005345954e-02,-3.156894443353556318e-02,-6.457651680639355657e-03,-5.045943400967534131e-02,4.989756977775598734e-02,-1.013596933335065842e-01,7.099191367626190186e+00
8.890000000000000000e+02,8.890000000000006786e-01,4.702438451037275868e+00,9.796194920435831455e-02,-3.155032671910727032e-02,-6.445900486513486682e-03,-5.046456138521260293e-02,4.994469439823839146e-02,-9.841225668787956238e-02,7.089742094278335571e+00
8.900000000000000000e+02,8.900000000000006795e-01,4.702341015418421755e+00,9.795674166795582949e-02,-3.153103437125636538e-02,-6.430350188773543280e-03,-5.046847050126523904e-02,4.999109084488449761e-02,-8.548704907298088074e-02,7.079111665487289429e+00
8.910000000000000000e+02,8.910000000000006803e-01,4.702243418317824108e+00,9.795154483846817139e-02,-3.151113281607161032e-02,-6.411790351428602042e-03,-5.047133681982152176e-02,5.003613793402517801e-02,-9.415111318230628967e-02,7.091844260692596436e+00
8.920000000000000000e+02,8.920000000000006812e-01,4.702145676959680998e+00,9.794635056161982156e-02,-3.149065013729687723e-02,-6.391038686864469742e-03,-5.047320461938986647e-02,5.007955348909948895e-02,-1.052415566518902779e-01,7.106991857290267944e+00
8.930000000000000000e+02,8.930000000000006821e-01,4.702047780043730363e+00,9.794114901574760279e-02,-3.146958663820047242e-02,-6.367032918870002556e-03,-5.047413353818619441e-02,5.012147750648121569e-02,-9.201673883944749832e-02,7.147323638200759888e+00
8.940000000000000000e+02,8.940000000000006830e-01,4.701949715751606362e+00,9.793591558748143688e-02,-3.144793685672582495e-02,-6.340022135393075936e-03,-5.047417624792083224e-02,5.016224231882474016e-02,-8.271241746842861176e-02,7.142405718564987183e+00
8.950000000000000000e+02,8.950000000000006839e-01,4.701851503388919440e+00,9.793065326707486862e-02,-3.142563371360439922e-02,-6.310519011428830649e-03,-5.047330011614592493e-02,5.020206962150390584e-02,-8.879200741648674011e-02,7.138551026582717896e+00
8.960000000000000000e+02,8.960000000000006848e-01,4.701753146614547241e+00,9.792542201605818064e-02,-3.140265413788363713e-02,-6.277247360526240494e-03,-5.047140711113584643e-02,5.024006126868801880e-02,-8.163508586585521698e-02,7.129933655261993408e+00
8.970000000000000000e+02,8.970000000000006857e-01,4.701654632764338260e+00,9.792028014265019564e-02,-3.137900816626345429e-02,-6.239314120469074965e-03,-5.046851431094934171e-02,5.027552068516728812e-02,-6.820462737232446671e-02,7.103594362735748291e+00
8.980000000000000000e+02,8.980000000000006866e-01,4.701555972873330269e+00,9.791521729818586373e-02,-3.135473961119044500e-02,-6.194414769561722156e-03,-5.046472528024836812e-02,5.030830459312771868e-02,-6.876082904636859894e-02,7.117166817188262939e+00
8.990000000000000000e+02,8.990000000000006875e-01,4.701457182716783478e+00,9.791020388718253697e-02,-3.132984171770757803e-02,-6.142221977276648287e-03,-5.045989331124345334e-02,5.033826224602785948e-02,-7.002649083733558655e-02,7.108028501272201538e+00
9.000000000000000000e+02,9.000000000000006883e-01,4.701358265797238367e+00,9.790517282580397940e-02,-3.130433411640984320e-02,-6.082441852735501198e-03,-5.045414607204601332e-02,5.036568067775680502e-02,-6.818699371069669724e-02,7.124640941619873047e+00
9.010000000000000000e+02,9.010000000000006892e-01,4.701259224727044383e+00,9.790003796540509839e-02,-3.127822707581023182e-02,-6.016050148467587400e-03,-5.044746935773547492e-02,5.039170858591109775e-02,-7.394472789019346237e-02,7.153915733098983765e+00
9.020000000000000000e+02,9.020000000000006901e-01,4.701160063139995238e+00,9.789476750003024697e-02,-3.125151990042038253e-02,-5.942363689678781952e-03,-5.043993691481962749e-02,5.041660846433987375e-02,-8.184834290295839310e-02,7.168301820755004883e+00
9.030000000000000000e+02,9.030000000000006910e-01,4.701060775261177938e+00,9.788935581944412101e-02,-3.122420014226135951e-02,-5.862733076019904094e-03,-5.043164657238308202e-02,5.044037141332853580e-02,-7.450321316719055176e-02,7.165313422679901123e+00
9.040000000000000000e+02,9.040000000000006919e-01,4.700961349745072404e+00,9.788381320392798568e-02,-3.119626530003783219e-02,-5.777088698748704398e-03,-5.042265735820494754e-02,5.046297294401012185e-02,-7.654491066932678223e-02,7.136396676301956177e+00
9.050000000000000000e+02,9.050000000000006928e-01,4.700861790316733568e+00,9.787816619609211732e-02,-3.116766885191818784e-02,-5.684455580857564888e-03,-5.041280279301818545e-02,5.048368543892862992e-02,-6.722820270806550980e-02,7.147478371858596802e+00
9.060000000000000000e+02,9.060000000000006937e-01,4.700762096183865424e+00,9.787238890437267858e-02,-3.113844406350034510e-02,-5.585415462717315677e-03,-5.040205554403831556e-02,5.050283145788103667e-02,-6.963474769145250320e-02,7.160975009202957153e+00
9.070000000000000000e+02,9.070000000000006946e-01,4.700662281679103494e+00,9.786644732403726454e-02,-3.110856070498145901e-02,-5.479619373546965738e-03,-5.039036669573504490e-02,5.052060058550791877e-02,-6.789032835513353348e-02,7.141350984573364258e+00
9.080000000000000000e+02,9.080000000000006954e-01,4.700562345129273290e+00,9.786030726866823404e-02,-3.107802489228878723e-02,-5.365873543115361882e-03,-5.037781930074314296e-02,5.053695710857165901e-02,-6.247038859874010086e-02,7.137113541364669800e+00
9.090000000000000000e+02,9.090000000000006963e-01,4.700462290594369819e+00,9.785392050293104105e-02,-3.104680169437873394e-02,-5.243763276014602043e-03,-5.036420338826541609e-02,5.055236099284896034e-02,-6.523522827774286270e-02,7.120155334472656250e+00
9.100000000000000000e+02,9.100000000000006972e-01,4.700362128023481745e+00,9.784722735198582433e-02,-3.101491435847929939e-02,-5.113599520605506543e-03,-5.034957251910965326e-02,5.056748809670207068e-02,-7.093678228557109833e-02,7.108099967241287231e+00
9.110000000000000000e+02,9.110000000000006981e-01,4.700261848718747082e+00,9.784022977845333036e-02,-3.098232296961492618e-02,-4.976096414989326921e-03,-5.033371415384446657e-02,5.058232373456830744e-02,-6.331186741590499878e-02,7.109871983528137207e+00
9.120000000000000000e+02,9.120000000000006990e-01,4.700161442154271008e+00,9.783293381923313659e-02,-3.094900741458878751e-02,-4.832286397243153175e-03,-5.031650610088189701e-02,5.059665281123001263e-02,-6.568765547126531601e-02,7.145062595605850220e+00
9.130000000000000000e+02,9.130000000000006999e-01,4.700060930637544487e+00,9.782526904499212750e-02,-3.091504305395338312e-02,-4.683870586318368556e-03,-5.029820519399907930e-02,5.061139102614058832e-02,-6.530164275318384171e-02,7.169977307319641113e+00
9.140000000000000000e+02,9.140000000000007008e-01,4.699960309995434571e+00,9.781726507732663167e-02,-3.088042883659708124e-02,-4.530371420393433657e-03,-5.027897385710256017e-02,5.062627200539749489e-02,-6.277950294315814972e-02,7.160445630550384521e+00
9.150000000000000000e+02,9.150000000000007017e-01,4.699859580470608478e+00,9.780890258803508208e-02,-3.084512025362126306e-02,-4.371369447901698319e-03,-5.025878230136449076e-02,5.064120377271144613e-02,-5.809340160340070724e-02,7.150656312704086304e+00
9.160000000000000000e+02,9.160000000000007025e-01,4.699758749174829831e+00,9.780013765775208423e-02,-3.080914357752622193e-02,-4.206270681583600124e-03,-5.023767029375014737e-02,5.065675644357466034e-02,-6.606490164995193481e-02,7.168976902961730957e+00
9.170000000000000000e+02,9.170000000000007034e-01,4.699657824973165532e+00,9.779097264092004305e-02,-3.077253121881446535e-02,-4.034103089485804872e-03,-5.021569870527176072e-02,5.067289808439710830e-02,-6.417637504637241364e-02,7.192379206418991089e+00
9.180000000000000000e+02,9.180000000000007043e-01,4.699556798743170560e+00,9.778142711284777688e-02,-3.073529453186278626e-02,-3.855161068187538259e-03,-5.019299248222575116e-02,5.068947436045133370e-02,-5.714933294802904129e-02,7.191088676452636719e+00
9.190000000000000000e+02,9.190000000000007052e-01,4.699455679826391119e+00,9.777140180255074198e-02,-3.069741993559423066e-02,-3.668084337186960919e-03,-5.016961364132832557e-02,5.070744658670661015e-02,-6.471470743417739868e-02,7.203290909528732300e+00
9.200000000000000000e+02,9.200000000000007061e-01,4.699354477318120615e+00,9.776093966970980653e-02,-3.065891059724207973e-02,-3.474692592163285132e-03,-5.014556834273298236e-02,5.072672199988910446e-02,-5.913036596029996872e-02,7.157575815916061401e+00
9.210000000000000000e+02,9.210000000000007070e-01,4.699253180390248197e+00,9.775006166444474842e-02,-3.061975983885730293e-02,-3.274816057201670322e-03,-5.012089204148639787e-02,5.074730027074102201e-02,-5.865537747740745544e-02,7.153205245733261108e+00
9.220000000000000000e+02,9.220000000000007079e-01,4.699151788601037438e+00,9.773876305853256008e-02,-3.057986053788685002e-02,-3.069238651223195335e-03,-5.009501554795070533e-02,5.076907564143177259e-02,-5.457218829542398453e-02,7.116716742515563965e+00
9.230000000000000000e+02,9.230000000000007088e-01,4.699050303459078926e+00,9.772708709872879318e-02,-3.053923890816498399e-02,-2.859257115688934592e-03,-5.006800641372266547e-02,5.079204378386765334e-02,-5.847634095698595047e-02,7.161067217588424683e+00
9.240000000000000000e+02,9.240000000000007097e-01,4.698948730518350381e+00,9.771499672950148541e-02,-3.049791138305543714e-02,-2.644370592637571016e-03,-5.003974629176544120e-02,5.081647694486779443e-02,-6.352990306913852692e-02,7.193914562463760376e+00
9.250000000000000000e+02,9.250000000000007105e-01,4.698847070900022516e+00,9.770247035077039843e-02,-3.045588129119184903e-02,-2.427099476476943241e-03,-5.001045718739272061e-02,5.084297833331488659e-02,-6.759831774979829788e-02,7.183573335409164429e+00
9.260000000000000000e+02,9.260000000000007114e-01,4.698745320499952527e+00,9.768954448583336281e-02,-3.041313087214599087e-02,-2.208107963591277034e-03,-4.998023695195086269e-02,5.087154202665621072e-02,-7.609496824443340302e-02,7.148598313331604004e+00
9.270000000000000000e+02,9.270000000000007123e-01,4.698643468213937524e+00,9.767621336514129005e-02,-3.036956617786826934e-02,-1.986688840225753899e-03,-4.994872566987873519e-02,5.090221955219222105e-02,-7.523509301245212555e-02,7.173600137233734131e+00
9.280000000000000000e+02,9.280000000000007132e-01,4.698541501804591292e+00,9.766245537144578603e-02,-3.032517530374857426e-02,-1.763699041647213972e-03,-4.991572027897572816e-02,5.093526754166693982e-02,-8.077942486852407455e-02,7.172410756349563599e+00
9.290000000000000000e+02,9.290000000000007141e-01,4.698439428504827653e+00,9.764826690419414756e-02,-3.028000489778589002e-02,-1.538753160724777580e-03,-4.988149435797550879e-02,5.097048540943879130e-02,-7.931627985090017319e-02,7.132951736450195312e+00
9.300000000000000000e+02,9.300000000000007150e-01,4.698337245253317640e+00,9.763364246572196758e-02,-3.023411756424374680e-02,-1.312265044266562597e-03,-4.984625082514115846e-02,5.100788800861952993e-02,-7.898855954408645630e-02,7.147573292255401611e+00
9.310000000000000000e+02,9.310000000000007159e-01,4.698234949496990609e+00,9.761863538388260153e-02,-3.018754016383713712e-02,-1.085314286886056995e-03,-4.980989412566749763e-02,5.104713455388387722e-02,-8.481879066675901413e-02,7.102654188871383667e+00
9.320000000000000000e+02,9.320000000000007168e-01,4.698132544140320555e+00,9.760325225355900858e-02,-3.014028408840746173e-02,-8.591086710296527706e-04,-4.977253247676127756e-02,5.108839296684875020e-02,-9.364520292729139328e-02,7.092395871877670288e+00
9.330000000000000000e+02,9.330000000000007176e-01,4.698030017148745685e+00,9.758755345460569386e-02,-3.009235854227348614e-02,-6.351885289347346253e-04,-4.973398622364633148e-02,5.113171670179912642e-02,-9.032469801604747772e-02,7.107868313789367676e+00
9.340000000000000000e+02,9.340000000000007185e-01,4.697927350287033121e+00,9.757155307735172756e-02,-3.004370995142945089e-02,-4.140091092503274395e-04,-4.969403067938693574e-02,5.117677580708542007e-02,-8.354604430496692657e-02,7.080949842929840088e+00
9.350000000000000000e+02,9.350000000000007194e-01,4.697824552841884937e+00,9.755520808648732167e-02,-2.999433464489962078e-02,-1.963521291542501268e-04,-4.965272793754094138e-02,5.122385182167928097e-02,-7.132925465703010559e-02,6.979695171117782593e+00
9.360000000000000000e+02,9.360000000000007203e-01,4.697721636005137924e+00,9.753849453402108072e-02,-2.994427179946162337e-02,1.832916448223781414e-05,-4.961008075301287512e-02,5.127334839531924593e-02,-6.756868772208690643e-02,6.950707376003265381e+00
9.370000000000000000e+02,9.370000000000007212e-01,4.697618609865576111e+00,9.752149087261277605e-02,-2.989360168753348382e-02,2.293997120135123080e-04,-4.956587835454051572e-02,5.132472673268248520e-02,-6.700853444635868073e-02,6.982312738895416260e+00
9.380000000000000000e+02,9.380000000000007221e-01,4.697515473034076905e+00,9.750423683783468465e-02,-2.984229325347625972e-02,4.400648315476332617e-04,-4.951987888198150500e-02,5.137787906313297237e-02,-6.337286345660686493e-02,6.993433475494384766e+00
9.390000000000000000e+02,9.390000000000007230e-01,4.697412227852386657e+00,9.748670891434585428e-02,-2.979036276863378241e-02,6.495257258369406539e-04,-4.947228692525440508e-02,5.143317453668846961e-02,-6.470572762191295624e-02,6.969825506210327148e+00
9.400000000000000000e+02,9.400000000000007239e-01,4.697308880080940163e+00,9.746891705563669184e-02,-2.973779421006180618e-02,8.588102904317947150e-04,-4.942310187170240177e-02,5.149050230837229347e-02,-7.560429722070693970e-02,6.985025435686111450e+00
9.410000000000000000e+02,9.410000000000007248e-01,4.697205424065873380e+00,9.745086449774546800e-02,-2.968461257505830911e-02,1.068539625003285531e-03,-4.937229562276490569e-02,5.154988767890832102e-02,-7.160394825041294098e-02,7.022036969661712646e+00
9.420000000000000000e+02,9.420000000000007256e-01,4.697101845023554212e+00,9.743258415741926082e-02,-2.963080997644097769e-02,1.278927893505223817e-03,-4.931991479755470920e-02,5.161144373705967014e-02,-8.356588333845138550e-02,7.038535177707672119e+00
9.430000000000000000e+02,9.430000000000007265e-01,4.696998155473515624e+00,9.741403925893082905e-02,-2.957639185815863145e-02,1.490729091894561070e-03,-4.926615283937740841e-02,5.167554949607389148e-02,-8.827306516468524933e-02,7.003195554018020630e+00
9.440000000000000000e+02,9.440000000000007274e-01,4.696894335691458089e+00,9.739528447206038941e-02,-2.952131806344444886e-02,1.703371031760637921e-03,-4.921095594353430691e-02,5.174183665184305114e-02,-8.347154501825571060e-02,6.907324969768524170e+00
9.450000000000000000e+02,9.450000000000007283e-01,4.696790374309495419e+00,9.737640813166953402e-02,-2.946563398519720656e-02,1.916874354882278780e-03,-4.915430839233936311e-02,5.180983637274365339e-02,-8.748128917068243027e-02,6.882918715476989746e+00
9.460000000000000000e+02,9.460000000000007292e-01,4.696686269395716984e+00,9.735752565628376376e-02,-2.940942716244761973e-02,2.130878369526474636e-03,-4.909604842276604764e-02,5.187891593086277342e-02,-9.253244940191507339e-02,6.886020630598068237e+00
9.470000000000000000e+02,9.470000000000007301e-01,4.696582013012179146e+00,9.733868087804201097e-02,-2.935274889083949387e-02,2.347299385753658790e-03,-4.903622855061828822e-02,5.194815067765866379e-02,-9.650124609470367432e-02,6.864271312952041626e+00
9.480000000000000000e+02,9.480000000000007310e-01,4.696477592873097962e+00,9.731989917352454333e-02,-2.929554960890965593e-02,2.566582602857536005e-03,-4.897469875290294539e-02,5.201708293206748490e-02,-8.948040846735239029e-02,6.851503789424896240e+00
9.490000000000000000e+02,9.490000000000007319e-01,4.696372998206864935e+00,9.730124466871557798e-02,-2.923778715757098870e-02,2.786648996868465455e-03,-4.891121863288594440e-02,5.208565553616751470e-02,-9.594740532338619232e-02,6.849907308816909790e+00
9.500000000000000000e+02,9.500000000000007327e-01,4.696268235043556949e+00,9.728274894420604890e-02,-2.917950256194961484e-02,3.010434038478247698e-03,-4.884586131575963108e-02,5.215329720329675567e-02,-8.464739844202995300e-02,6.847653865814208984e+00
9.510000000000000000e+02,9.510000000000007336e-01,4.696163294479018369e+00,9.726442825596387509e-02,-2.912069461449027716e-02,3.238632222827105694e-03,-4.877861499922708788e-02,5.222001395308886740e-02,-8.738854248076677322e-02,6.852545976638793945e+00
9.520000000000000000e+02,9.520000000000007345e-01,4.696058186350697383e+00,9.724643406184048378e-02,-2.906143422954995253e-02,3.471749539787689909e-03,-4.870970105828020813e-02,5.228437755133245879e-02,-7.907194830477237701e-02,6.871666252613067627e+00
9.530000000000000000e+02,9.530000000000007354e-01,4.695952902019214115e+00,9.722880134960600051e-02,-2.900167121339499235e-02,3.711472420400058897e-03,-4.863897308348308357e-02,5.234568673677804374e-02,-7.391984201967716217e-02,6.879931598901748657e+00
9.540000000000000000e+02,9.540000000000007363e-01,4.695847453074811995e+00,9.721150916249342300e-02,-2.894139791309779594e-02,3.959361939815119608e-03,-4.856649421812164746e-02,5.240382112407072912e-02,-7.399453222751617432e-02,6.861240625381469727e+00
9.550000000000000000e+02,9.550000000000007372e-01,4.695741851225618824e+00,9.719453575775602316e-02,-2.888059611839751198e-02,4.215091123001925288e-03,-4.849224225918313813e-02,5.245895300226034036e-02,-7.279066741466522217e-02,6.803518801927566528e+00
9.560000000000000000e+02,9.560000000000007381e-01,4.695636096726306441e+00,9.717790754558733313e-02,-2.881933768247014332e-02,4.477763062860563165e-03,-4.841636558357009790e-02,5.251071752264384329e-02,-6.924854405224323273e-02,6.755300819873809814e+00
9.570000000000000000e+02,9.570000000000007390e-01,4.695530190365266421e+00,9.716164332632941381e-02,-2.875775382026680288e-02,4.747175666179607317e-03,-4.833902562633274336e-02,5.255897575961221424e-02,-6.755731813609600067e-02,6.750914186239242554e+00
9.580000000000000000e+02,9.580000000000007399e-01,4.695424135738786475e+00,9.714573474544571652e-02,-2.869590156649915597e-02,5.022898009796050722e-03,-4.826018489000905021e-02,5.260410157286438820e-02,-7.050186209380626678e-02,6.768141597509384155e+00
9.590000000000000000e+02,9.590000000000007407e-01,4.695317933453662107e+00,9.713018966278928745e-02,-2.863376232554150358e-02,5.303278539273977715e-03,-4.817976167110060715e-02,5.264616134138738746e-02,-7.181921973824501038e-02,6.788372516632080078e+00
9.600000000000000000e+02,9.600000000000007416e-01,4.695211574108799191e+00,9.711505150141477860e-02,-2.857124019872838566e-02,5.587817859111516433e-03,-4.809751663386507836e-02,5.268459149725494839e-02,-6.742591410875320435e-02,6.786599814891815186e+00
9.610000000000000000e+02,9.610000000000007425e-01,4.695105056906035301e+00,9.710027921294617226e-02,-2.850834252926761833e-02,5.877320769168623005e-03,-4.801356857336669393e-02,5.271947406699478006e-02,-6.312859803438186646e-02,6.739229738712310791e+00
9.620000000000000000e+02,9.620000000000007434e-01,4.694998392813450216e+00,9.708586091538423668e-02,-2.844511801465352679e-02,6.170215447568547923e-03,-4.792807040957480780e-02,5.275101682613306253e-02,-6.733962334692478180e-02,6.735889554023742676e+00
9.630000000000000000e+02,9.630000000000007443e-01,4.694891592518415813e+00,9.707175921342485470e-02,-2.838167770274093935e-02,6.466004892913646690e-03,-4.784116838772156655e-02,5.277983817896032825e-02,-6.518231332302093506e-02,6.739300668239593506e+00
9.640000000000000000e+02,9.640000000000007452e-01,4.694784650746257171e+00,9.705803771469886931e-02,-2.831809448015979933e-02,6.763736376059377442e-03,-4.775308621318008484e-02,5.280553562299124953e-02,-6.637686677277088165e-02,6.773935526609420776e+00
9.650000000000000000e+02,9.650000000000007461e-01,4.694677564321715124e+00,9.704473323023055098e-02,-2.825429581915230720e-02,7.063771582796050941e-03,-4.766359788182028545e-02,5.282782721651865104e-02,-7.026871852576732635e-02,6.770575135946273804e+00
9.660000000000000000e+02,9.660000000000007470e-01,4.694570329118450402e+00,9.703182732808693367e-02,-2.819020827037926197e-02,7.367177338326289654e-03,-4.757261879540553018e-02,5.284620174915416468e-02,-7.159149274230003357e-02,6.774669468402862549e+00
9.670000000000000000e+02,9.670000000000007478e-01,4.694462941764399488e+00,9.701928772816470481e-02,-2.812583885117779514e-02,7.673960611178021890e-03,-4.748015597182386749e-02,5.286094037336210028e-02,-7.809956744313240051e-02,6.772637248039245605e+00
9.680000000000000000e+02,9.680000000000007487e-01,4.694355404743189908e+00,9.700706018412995346e-02,-2.806119337180252443e-02,7.982818149660623336e-03,-4.738624632026411376e-02,5.287215324665962835e-02,-5.487044528126716614e-02,6.723846137523651123e+00
9.690000000000000000e+02,9.690000000000007496e-01,4.694247711264339706e+00,9.699515068924112471e-02,-2.799628429763848306e-02,8.293070495046274415e-03,-4.729092383192190496e-02,5.288038885588210170e-02,-5.354798398911952972e-02,6.697196573019027710e+00
9.700000000000000000e+02,9.700000000000007505e-01,4.694139890480558464e+00,9.698356385953528502e-02,-2.793109975111734630e-02,8.604615222984390854e-03,-4.719391590995147823e-02,5.288540998897493101e-02,-6.076982431113719940e-02,6.702370345592498779e+00
9.710000000000000000e+02,9.710000000000007514e-01,4.694031951760093690e+00,9.697214817451671465e-02,-2.786570408768597462e-02,8.917687170471873259e-03,-4.709531228072871833e-02,5.288803541382369050e-02,-4.744539596140384674e-02,6.722877502441406250e+00
9.720000000000000000e+02,9.720000000000007523e-01,4.693923886327768358e+00,9.696088288777200692e-02,-2.780009412712571362e-02,9.232264389754864242e-03,-4.699512505808578489e-02,5.288824961284280951e-02,-4.775080457329750061e-02,6.709362089633941650e+00
9.730000000000000000e+02,9.730000000000007532e-01,4.693815710951481535e+00,9.694979000400222313e-02,-2.773421918669096917e-02,9.548446085298624431e-03,-4.689328689562932695e-02,5.288649080823924070e-02,-5.033431574702262878e-02,6.716994673013687134e+00
9.740000000000000000e+02,9.740000000000007541e-01,4.693707429792156383e+00,9.693883321589483182e-02,-2.766813869600001641e-02,9.867314198221750071e-03,-4.678993152365173991e-02,5.288311650135604780e-02,-4.471580125391483307e-02,6.680235266685485840e+00
9.750000000000000000e+02,9.750000000000007550e-01,4.693599043543003724e+00,9.692802751232250380e-02,-2.760183732478432156e-02,1.018599507487361749e-02,-4.668504283839691738e-02,5.287813458025617669e-02,-3.225190378725528717e-02,6.667058736085891724e+00
9.760000000000000000e+02,9.760000000000007558e-01,4.693490555631520955e+00,9.691741642992952877e-02,-2.753534046869221194e-02,1.050435373834312375e-02,-4.657853284423962847e-02,5.287152084255850731e-02,-2.687809616327285767e-02,6.635035604238510132e+00
9.770000000000000000e+02,9.770000000000007567e-01,4.693381986344983048e+00,9.690697121428035188e-02,-2.746866327180241124e-02,1.082206943184629497e-02,-4.647039527964613725e-02,5.286399490049492611e-02,-3.489539027214050293e-02,6.650972783565521240e+00
9.780000000000000000e+02,9.780000000000007576e-01,4.693273350336379934e+00,9.689667560920137146e-02,-2.740189229249575739e-02,1.113738079629571220e-02,-4.636076746055106668e-02,5.285590990243867193e-02,-4.032538272440433502e-02,6.654677331447601318e+00
9.790000000000000000e+02,9.790000000000007585e-01,4.693164639103905245e+00,9.688651348830600030e-02,-2.733504702316927673e-02,1.144930105813141141e-02,-4.624979102751480831e-02,5.284740728736406212e-02,-3.129162825644016266e-02,6.665403246879577637e+00
9.800000000000000000e+02,9.800000000000007594e-01,4.693055846129104758e+00,9.687650723827290200e-02,-2.726814125244143155e-02,1.175811621025268927e-02,-4.613752925598602062e-02,5.283849747276242459e-02,-2.614206448197364807e-02,6.654819607734680176e+00
9.810000000000000000e+02,9.810000000000007603e-01,4.692946985932337611e+00,9.686663496360420345e-02,-2.720116569964903946e-02,1.206306362454149031e-02,-4.602400521732574745e-02,5.282945573107269976e-02,-2.045014128088951111e-02,6.616633504629135132e+00
9.820000000000000000e+02,9.820000000000007612e-01,4.692838075186185343e+00,9.685678727046129199e-02,-2.713413045141629606e-02,1.236326126296182978e-02,-4.590920867724013199e-02,5.282128861970243616e-02,-2.389668114483356476e-02,6.605685681104660034e+00
9.830000000000000000e+02,9.830000000000007621e-01,4.692729122004077880e+00,9.684698894537767389e-02,-2.706705488677624283e-02,1.265687544813496462e-02,-4.579302714397104346e-02,5.281419852056403602e-02,-3.123724274337291718e-02,6.623238325119018555e+00
9.840000000000000000e+02,9.840000000000007629e-01,4.692620123373306029e+00,9.683721698052651095e-02,-2.699996999823145449e-02,1.294372640745727193e-02,-4.567551545908021815e-02,5.280846441043567790e-02,-1.937089487910270691e-02,6.567490160465240479e+00
9.850000000000000000e+02,9.850000000000007638e-01,4.692511071135524681e+00,9.682744719263058908e-02,-2.693287593305764352e-02,1.322438535292517342e-02,-4.555675772605294327e-02,5.280414934065263272e-02,-2.589718252420425415e-02,6.587831765413284302e+00
9.860000000000000000e+02,9.860000000000007647e-01,4.692401988252631995e+00,9.681763667748943814e-02,-2.686588103867562638e-02,1.350013030466579861e-02,-4.543685153475096605e-02,5.280166204927781021e-02,-3.110395930707454681e-02,6.594868183135986328e+00
9.870000000000000000e+02,9.870000000000007656e-01,4.692292863989899310e+00,9.680780004093685054e-02,-2.679892365615381064e-02,1.377131564516805712e-02,-4.531568847009070922e-02,5.280091643256586836e-02,-4.025699011981487274e-02,6.606505841016769409e+00
9.880000000000000000e+02,9.880000000000007665e-01,4.692183688262682395e+00,9.679799536389255277e-02,-2.673196560065224311e-02,1.403726311415383690e-02,-4.519317300328129505e-02,5.280154304382055075e-02,-4.324096068739891052e-02,6.596420496702194214e+00
9.890000000000000000e+02,9.890000000000007674e-01,4.692074446971226109e+00,9.678825901014671829e-02,-2.666498998916554813e-02,1.429810298255448919e-02,-4.506930015870547201e-02,5.280313557118311574e-02,-4.852275736629962921e-02,6.561130195856094360e+00
9.900000000000000000e+02,9.900000000000007683e-01,4.691965142635298847e+00,9.677850728239276168e-02,-2.659799640147603172e-02,1.455388678688906978e-02,-4.494402923626483748e-02,5.280668718338520085e-02,-5.960911884903907776e-02,6.589492231607437134e+00
9.910000000000000000e+02,9.910000000000007692e-01,4.691855768785787362e+00,9.676872314220974491e-02,-2.653099302144720437e-02,1.480456740108721664e-02,-4.481722529207021744e-02,5.281261295130974115e-02,-5.351274646818637848e-02,6.577684104442596436e+00
9.920000000000000000e+02,9.920000000000007701e-01,4.691746310671673470e+00,9.675895792313531085e-02,-2.646400813451727993e-02,1.504892369912671710e-02,-4.468911341507553203e-02,5.282048168871954219e-02,-5.630961433053016663e-02,6.576911360025405884e+00
9.930000000000000000e+02,9.930000000000007709e-01,4.691636773711651109e+00,9.674931074902966277e-02,-2.639708207621838110e-02,1.528725738661181402e-02,-4.455976461993294002e-02,5.282952767160334351e-02,-6.202331930398941040e-02,6.574521183967590332e+00
9.940000000000000000e+02,9.940000000000007718e-01,4.691527155655131232e+00,9.673978125179842624e-02,-2.633020830027317169e-02,1.551886161286561081e-02,-4.442915454741713788e-02,5.283987217048884133e-02,-6.659318320453166962e-02,6.584341943264007568e+00
9.950000000000000000e+02,9.950000000000007727e-01,4.691417449570871590e+00,9.673035361668294585e-02,-2.626338287210859893e-02,1.574413309628926519e-02,-4.429726402394607021e-02,5.285192323939225112e-02,-6.148445047438144684e-02,6.570409446954727173e+00
9.960000000000000000e+02,9.960000000000007736e-01,4.691307645784090319e+00,9.672104597209220389e-02,-2.619654387869222931e-02,1.596222247736868091e-02,-4.416393268448848275e-02,5.286542600781365953e-02,-6.736802868545055389e-02,6.569779515266418457e+00
9.970000000000000000e+02,9.970000000000007745e-01,4.691197752404707266e+00,9.671185945247236238e-02,-2.612973760503193438e-02,1.617124013979500188e-02,-4.402925249331679503e-02,5.288051798173483420e-02,-7.960698381066322327e-02,6.580787330865859985e+00
9.980000000000000000e+02,9.980000000000007754e-01,4.691087759044478389e+00,9.670286108713035955e-02,-2.606299168216967554e-02,1.637036807189731422e-02,-4.389331140995023084e-02,5.289689220628834843e-02,-7.526478543877601624e-02,6.584116041660308838e+00
9.990000000000000000e+02,9.990000000000007763e-01,4.690977650708294533e+00,9.669401817757150575e-02,-2.599626871155709049e-02,1.655960317894195066e-02,-4.375604112428144177e-02,5.291494549379356649e-02,-8.296889066696166992e-02,6.595518857240676880e+00
1.000000000000000000e+03,1.000000000000000666e+00,4.690867430169876506e+00,9.668533573916021640e-02,-2.592952083297837482e-02,1.673980305923497905e-02,-4.361730245654626970e-02,5.293480142888866424e-02,-7.782961614429950714e-02,6.562621474266052246e+00
1.001000000000000000e+03,1.001000000000000556e+00,4.690757087871371134e+00,9.667685432078855501e-02,-2.586273731410106830e-02,1.691025587133507604e-02,-4.347711796472997214e-02,5.295671763911728724e-02,-8.774754963815212250e-02,6.585688233375549316e+00
1.002000000000000000e+03,1.002000000000000446e+00,4.690646625029817329e+00,9.666876670166668628e-02,-2.579600923112884345e-02,1.707071538360828422e-02,-4.333562304806659604e-02,5.297950013144202275e-02,-9.237003140151500702e-02,6.580737739801406860e+00
1.003000000000000000e+03,1.003000000000000336e+00,4.690536029802978568e+00,9.666108504081558084e-02,-2.572934796161687604e-02,1.722034923011803859e-02,-4.319296193588240129e-02,5.300298803322740088e-02,-9.596664458513259888e-02,6.585145622491836548e+00
1.004000000000000000e+03,1.004000000000000226e+00,4.690425299496110867e+00,9.665376255596591637e-02,-2.566282736754373767e-02,1.735978979600530728e-02,-4.304935562494671686e-02,5.302724684545982725e-02,-9.636618569493293762e-02,6.596730470657348633e+00
1.005000000000000000e+03,1.005000000000000115e+00,4.690314426062403896e+00,9.664683855785992372e-02,-2.559640054597250858e-02,1.748902034364488087e-02,-4.290466879586074533e-02,5.305215291876903827e-02,-1.100143976509571075e-01,6.596908360719680786e+00
1.006000000000000000e+03,1.006000000000000005e+00,4.690203408102123994e+00,9.664031426295659200e-02,-2.553004874443040237e-02,1.760964245328286784e-02,-4.275889188366144289e-02,5.307759418277005481e-02,-1.173163540661334991e-01,6.613769203424453735e+00
1.007000000000000000e+03,1.006999999999999895e+00,4.690092225768982104e+00,9.663424354753670509e-02,-2.546381565430904867e-02,1.772208517367426447e-02,-4.261216702181891414e-02,5.310324975711727680e-02,-1.084671858698129654e-01,6.601707488298416138e+00
1.008000000000000000e+03,1.007999999999999785e+00,4.689980871443351518e+00,9.662861884058782103e-02,-2.539769846121799068e-02,1.782605521436932475e-02,-4.246456284629407385e-02,5.312913680786034154e-02,-1.069866660982370377e-01,6.590923935174942017e+00
1.009000000000000000e+03,1.008999999999999675e+00,4.689869364851149136e+00,9.662332798092589103e-02,-2.533176668606537327e-02,1.792182600060399436e-02,-4.231626059461279787e-02,5.315601632656843933e-02,-1.212647818028926849e-01,6.609812647104263306e+00
1.010000000000000000e+03,1.009999999999999565e+00,4.689757712021094704e+00,9.661830370812547752e-02,-2.526609602863720203e-02,1.801001707368873883e-02,-4.216745723918879918e-02,5.318383564513384787e-02,-1.324078999459743500e-01,6.636723756790161133e+00
1.011000000000000000e+03,1.010999999999999455e+00,4.689645891206702721e+00,9.661359557931592512e-02,-2.520064845476663318e-02,1.808992574567075753e-02,-4.201811051486425974e-02,5.321221714033275152e-02,-1.321065388619899750e-01,6.629994183778762817e+00
1.012000000000000000e+03,1.011999999999999345e+00,4.689533884064937652e+00,9.660926465075334035e-02,-2.513537591229013379e-02,1.816196952936348363e-02,-4.186818602692343738e-02,5.324093179518735175e-02,-1.421076562255620956e-01,6.640042513608932495e+00
1.013000000000000000e+03,1.012999999999999234e+00,4.689421692400937758e+00,9.660534125687003648e-02,-2.507038663522894242e-02,1.822626504023902236e-02,-4.171800613764786725e-02,5.326958900547773545e-02,-1.525109335780143738e-01,6.649548590183258057e+00
1.014000000000000000e+03,1.013999999999999124e+00,4.689309301632861526e+00,9.660185307400591392e-02,-2.500565404938064756e-02,1.828297702313349399e-02,-4.156752634804505853e-02,5.329800589731712585e-02,-1.494467500597238541e-01,6.669744044542312622e+00
1.015000000000000000e+03,1.014999999999999014e+00,4.689196696902921069e+00,9.659883914967408447e-02,-2.494115072797572705e-02,1.833190282768620838e-02,-4.141669918598100963e-02,5.332614582712061346e-02,-1.483090892434120178e-01,6.651392757892608643e+00
1.016000000000000000e+03,1.015999999999998904e+00,4.689083880234823809e+00,9.659630508021484208e-02,-2.487683878927461276e-02,1.837500016777122644e-02,-4.126549226880205090e-02,5.335383575130445144e-02,-1.342162918299436569e-01,6.642712116241455078e+00
1.017000000000000000e+03,1.016999999999998794e+00,4.688970852126878697e+00,9.659420250218953008e-02,-2.481269659828475374e-02,1.841268318549953154e-02,-4.111375302714415092e-02,5.338145911073403915e-02,-1.226683426648378372e-01,6.653060674667358398e+00
1.018000000000000000e+03,1.017999999999998684e+00,4.688857628794225185e+00,9.659254711122849946e-02,-2.474879003197195601e-02,1.844526157838058747e-02,-4.096164225149423466e-02,5.340776929977077148e-02,-1.165994424372911453e-01,6.644572407007217407e+00
1.019000000000000000e+03,1.018999999999998574e+00,4.688744220381102501e+00,9.659135319838715872e-02,-2.468507689724628446e-02,1.847259597800376268e-02,-4.080907115176457545e-02,5.343256988367663801e-02,-1.204465785995125771e-01,6.624941676855087280e+00
1.020000000000000000e+03,1.019999999999998463e+00,4.688630632630507833e+00,9.659064617757362470e-02,-2.462154842023425022e-02,1.849530425340452020e-02,-4.065597114964303316e-02,5.345578834816508418e-02,-1.108945962041616440e-01,6.656136214733123779e+00
1.021000000000000000e+03,1.020999999999998353e+00,4.688516853414725460e+00,9.659053160502721613e-02,-2.455825873398849793e-02,1.851379729938319729e-02,-4.050242671003734252e-02,5.347685284289691032e-02,-1.054018829017877579e-01,6.660986751317977905e+00
1.022000000000000000e+03,1.021999999999998243e+00,4.688402890182351790e+00,9.659105523244632119e-02,-2.449519377239631548e-02,1.853041028020070355e-02,-4.034852275470224292e-02,5.349452412871781581e-02,-9.772885777056217194e-02,6.664163142442703247e+00
1.023000000000000000e+03,1.022999999999998133e+00,4.688288746058940859e+00,9.659225046001984616e-02,-2.443235815965082852e-02,1.854482951327758936e-02,-4.019428575371097878e-02,5.350785331203022910e-02,-8.382690697908401489e-02,6.655581861734390259e+00
1.024000000000000000e+03,1.023999999999998023e+00,4.688174429757195227e+00,9.659406486465124675e-02,-2.436974478336150982e-02,1.855671603422498830e-02,-4.003970589952077219e-02,5.351664289404363395e-02,-7.218629866838455200e-02,6.678910613059997559e+00
1.025000000000000000e+03,1.024999999999997913e+00,4.688059966583771221e+00,9.659633979236584289e-02,-2.430730465430558027e-02,1.856611190734070577e-02,-3.988459557456458526e-02,5.352219743288152282e-02,-6.581532396376132965e-02,6.662481427192687988e+00
1.026000000000000000e+03,1.025999999999997803e+00,4.687945382327368904e+00,9.659904794153359453e-02,-2.424519037039844088e-02,1.857336727399989257e-02,-3.972957751381511748e-02,5.352503391918714964e-02,-5.837188474833965302e-02,6.631617128849029541e+00
1.027000000000000000e+03,1.026999999999997693e+00,4.687830681303128522e+00,9.660222283861408243e-02,-2.418340261042978626e-02,1.858037245579707494e-02,-3.957457766039573777e-02,5.352502557211306911e-02,-6.289241835474967957e-02,6.639946609735488892e+00
1.028000000000000000e+03,1.027999999999997582e+00,4.687715868892134097e+00,9.660592326391310991e-02,-2.412197493761560757e-02,1.858705313442695142e-02,-3.941955789407658450e-02,5.352168053936652570e-02,-6.434067711234092712e-02,6.675517171621322632e+00
1.029000000000000000e+03,1.028999999999997472e+00,4.687600937563902725e+00,9.661014370054396561e-02,-2.406088717775204527e-02,1.859345936548196035e-02,-3.926448776567736942e-02,5.351479491709629221e-02,-6.664520874619483948e-02,6.664973586797714233e+00
1.030000000000000000e+03,1.029999999999997362e+00,4.687485892669137399e+00,9.661483426469212599e-02,-2.400015680141216398e-02,1.860004859919491688e-02,-3.910959040027961464e-02,5.350453316093096295e-02,-6.750959530472755432e-02,6.666670292615890503e+00
1.031000000000000000e+03,1.030999999999997252e+00,4.687370730738038560e+00,9.661997178956922838e-02,-2.393976069027865805e-02,1.860734723958007084e-02,-3.895474710785884476e-02,5.349139883416510755e-02,-6.940384954214096069e-02,6.641997009515762329e+00
1.032000000000000000e+03,1.031999999999997142e+00,4.687255454706383162e+00,9.662557784319608656e-02,-2.387973442157232187e-02,1.861448970020860780e-02,-3.880008289369873964e-02,5.347549600135612091e-02,-6.397526897490024567e-02,6.631258934736251831e+00
1.033000000000000000e+03,1.032999999999997032e+00,4.687140063235239573e+00,9.663168528728308115e-02,-2.382015698378604773e-02,1.862096807437290877e-02,-3.864574316382207719e-02,5.345680972931182717e-02,-5.198613926768302917e-02,6.603547573089599609e+00
1.034000000000000000e+03,1.033999999999996922e+00,4.687024567561829613e+00,9.663825342687830389e-02,-2.376111153596604381e-02,1.862637562638427141e-02,-3.849194758688789797e-02,5.343511736956380737e-02,-5.767065659165382385e-02,6.612731546163558960e+00
1.035000000000000000e+03,1.034999999999996811e+00,4.686908988233649431e+00,9.664513750712763751e-02,-2.370263655368320607e-02,1.863203045474314673e-02,-3.833868692743425122e-02,5.341035467281021049e-02,-4.597603343427181244e-02,6.664963871240615845e+00
1.036000000000000000e+03,1.035999999999996701e+00,4.686793319475650144e+00,9.665228720637814019e-02,-2.364470922542184425e-02,1.863783235033166993e-02,-3.818593839639472520e-02,5.338319484275644289e-02,-5.062235146760940552e-02,6.645501196384429932e+00
1.037000000000000000e+03,1.036999999999996591e+00,4.686677585483158381e+00,9.665963720259361514e-02,-2.358730033589318334e-02,1.864368094115232202e-02,-3.803386402858643933e-02,5.335465859814696177e-02,-4.257463850080966949e-02,6.618223458528518677e+00
1.038000000000000000e+03,1.037999999999996481e+00,4.686561782195838965e+00,9.666717571332250625e-02,-2.353040963893297463e-02,1.864937978608138466e-02,-3.788237760985735392e-02,5.332531340246879359e-02,-3.028983809053897858e-02,6.641243010759353638e+00
1.039000000000000000e+03,1.038999999999996371e+00,4.686445924416261732e+00,9.667487264337097652e-02,-2.347408177210918989e-02,1.865533282073314481e-02,-3.773150017814974611e-02,5.329547204065572530e-02,-2.786877937614917755e-02,6.627139478921890259e+00
1.040000000000000000e+03,1.039999999999996261e+00,4.686330034705873615e+00,9.668277572908146045e-02,-2.341837847435409431e-02,1.865792498631970928e-02,-3.758155026168541468e-02,5.326542774406885228e-02,-1.822523027658462524e-02,6.643268406391143799e+00
1.041000000000000000e+03,1.040999999999996151e+00,4.686214116658004691e+00,9.669085749408451447e-02,-2.336328300844056627e-02,1.865790373001106547e-02,-3.743240900364197543e-02,5.323546395966320677e-02,-1.783171482384204865e-02,6.662107676267623901e+00
1.042000000000000000e+03,1.041999999999996041e+00,4.686098192148806518e+00,9.669907455703836974e-02,-2.330887157283047934e-02,1.865429949919425456e-02,-3.728440120552911630e-02,5.320563798343783124e-02,-2.103485167026519775e-02,6.657458335161209106e+00
1.043000000000000000e+03,1.042999999999995930e+00,4.685982262543400445e+00,9.670742014739054648e-02,-2.325517704699359145e-02,1.864818629941222133e-02,-3.713772538764259501e-02,5.317594116782304453e-02,-2.407402358949184418e-02,6.671025574207305908e+00
1.044000000000000000e+03,1.043999999999995820e+00,4.685866321196947126e+00,9.671591100413354236e-02,-2.320213834284106519e-02,1.863885580998341993e-02,-3.699216210441758079e-02,5.314664141599831360e-02,-1.652407087385654449e-02,6.698007464408874512e+00
1.045000000000000000e+03,1.044999999999995710e+00,4.685750365899554737e+00,9.672454476178979355e-02,-2.314979078449735245e-02,1.862621701589747131e-02,-3.684789365396334837e-02,5.311781975764997416e-02,-2.194902114570140839e-02,6.696722209453582764e+00
1.046000000000000000e+03,1.045999999999995600e+00,4.685634409717900795e+00,9.673333857233373800e-02,-2.309810199798987759e-02,1.861114042797065368e-02,-3.670494304437199595e-02,5.308979540932347307e-02,-2.394811622798442841e-02,6.720267146825790405e+00
1.047000000000000000e+03,1.046999999999995490e+00,4.685518446393460934e+00,9.674224813595681816e-02,-2.304707301996696336e-02,1.859349050392085714e-02,-3.656330916495997840e-02,5.306274895819867998e-02,-3.080691583454608917e-02,6.723155975341796875e+00
1.048000000000000000e+03,1.047999999999995380e+00,4.685402474444057219e+00,9.675131509674408936e-02,-2.299676725218190512e-02,1.857104758477965550e-02,-3.642330698123541488e-02,5.303616186752605627e-02,-3.034862875938415527e-02,6.711241900920867920e+00
1.049000000000000000e+03,1.048999999999995270e+00,4.685286483374769162e+00,9.676053438196999257e-02,-2.294715593005269144e-02,1.854306192592717825e-02,-3.628485839265271906e-02,5.301022081269309016e-02,-3.955730423331260681e-02,6.727803200483322144e+00
1.050000000000000000e+03,1.049999999999995159e+00,4.685170470448360547e+00,9.676996020484625316e-02,-2.289823505572856355e-02,1.850886716898315909e-02,-3.614789415549046758e-02,5.298476198955143213e-02,-4.406781680881977081e-02,6.728734672069549561e+00
1.051000000000000000e+03,1.050999999999995049e+00,4.685054423216819863e+00,9.677964772167720053e-02,-2.285005472531296405e-02,1.846865060054658086e-02,-3.601265754221905091e-02,5.295963913864425859e-02,-5.845365859568119049e-02,6.759852766990661621e+00
1.052000000000000000e+03,1.051999999999994939e+00,4.684938340840609783e+00,9.678954570559683557e-02,-2.280263712846070101e-02,1.842214588166161265e-02,-3.587922692717837592e-02,5.293517699543550531e-02,-6.642514653503894806e-02,6.754984617233276367e+00
1.053000000000000000e+03,1.052999999999994829e+00,4.684822205352896063e+00,9.679966354508529047e-02,-2.275601158864674900e-02,1.836853067461066691e-02,-3.574784480987136526e-02,5.291127896797492847e-02,-6.380465999245643616e-02,6.787764042615890503e+00
1.054000000000000000e+03,1.053999999999994719e+00,4.684706004770392340e+00,9.681002851949543908e-02,-2.271014684050651211e-02,1.830689535571112733e-02,-3.561838557139140882e-02,5.288802153111840654e-02,-6.887312047183513641e-02,6.825167655944824219e+00
1.055000000000000000e+03,1.054999999999994609e+00,4.684589751482140407e+00,9.682053802969751988e-02,-2.266508627898842707e-02,1.823669928022685072e-02,-3.549114754022286711e-02,5.286574170386869331e-02,-6.455063633620738983e-02,6.831003040075302124e+00
1.056000000000000000e+03,1.055999999999994499e+00,4.684473438727521533e+00,9.683130122631125603e-02,-2.262089919218671086e-02,1.815640311597959550e-02,-3.536653731883410146e-02,5.284420318441241521e-02,-6.331395171582698822e-02,6.818291962146759033e+00
1.057000000000000000e+03,1.056999999999994388e+00,4.684357071611906953e+00,9.684236584190146491e-02,-2.257764894703397085e-02,1.806645048476099996e-02,-3.524479367397348462e-02,5.282330141805135354e-02,-7.187516614794731140e-02,6.805228829383850098e+00
1.058000000000000000e+03,1.057999999999994278e+00,4.684240651883559536e+00,9.685370056564551744e-02,-2.253533486496495097e-02,1.796672116952670317e-02,-3.512585807524137849e-02,5.280330339744265800e-02,-7.864596508443355560e-02,6.812708944082260132e+00
1.059000000000000000e+03,1.058999999999994168e+00,4.684124170366698259e+00,9.686528899208159127e-02,-2.249401375500562072e-02,1.785676492606454863e-02,-3.500986301346009633e-02,5.278466496789972068e-02,-8.424229547381401062e-02,6.808368027210235596e+00
1.060000000000000000e+03,1.059999999999994058e+00,4.684007618347610702e+00,9.687714508240330424e-02,-2.245370604759374528e-02,1.773621869121598874e-02,-3.489690487890895199e-02,5.276703289462734980e-02,-8.427871018648147583e-02,6.831294327974319458e+00
1.061000000000000000e+03,1.060999999999993948e+00,4.683890988115436471e+00,9.688921853728826861e-02,-2.241440563857452842e-02,1.760622344653820295e-02,-3.478693935548227145e-02,5.275032074705621188e-02,-8.551139198243618011e-02,6.832595348358154297e+00
1.062000000000000000e+03,1.061999999999993838e+00,4.683774276131567937e+00,9.690158742871231301e-02,-2.237607010300614666e-02,1.746699743091673779e-02,-3.467993335033980884e-02,5.273432609335552274e-02,-8.092963881790637970e-02,6.841055035591125488e+00
1.063000000000000000e+03,1.062999999999993728e+00,4.683657481520690169e+00,9.691420940970356390e-02,-2.233868636280731540e-02,1.731892191535103903e-02,-3.457584435929850208e-02,5.271886729487589712e-02,-8.808995597064495087e-02,6.842120319604873657e+00
1.064000000000000000e+03,1.063999999999993618e+00,4.683540622040011314e+00,9.692686259853372510e-02,-2.230224183335825089e-02,1.716275178638944354e-02,-3.447468798538033674e-02,5.270570970999099991e-02,-8.604191429913043976e-02,6.842695087194442749e+00
1.065000000000000000e+03,1.064999999999993507e+00,4.683423684451751612e+00,9.693960963579274781e-02,-2.226673448342041811e-02,1.699886223046171568e-02,-3.437644936942119145e-02,5.269396359647875866e-02,-8.919811435043811798e-02,6.865783542394638062e+00
1.066000000000000000e+03,1.065999999999993397e+00,4.683306670621769641e+00,9.695248495115435516e-02,-2.223218255166296842e-02,1.682642201501694315e-02,-3.428119314537902973e-02,5.268362149247274306e-02,-9.708883054554462433e-02,6.864077091217041016e+00
1.067000000000000000e+03,1.066999999999993287e+00,4.683189574281875878e+00,9.696553472472996260e-02,-2.219861120337279781e-02,1.664289662281774607e-02,-3.418911297154458850e-02,5.267448170934653506e-02,-1.061532963067293167e-01,6.850669294595718384e+00
1.068000000000000000e+03,1.067999999999993177e+00,4.683072384179458147e+00,9.697882209672530063e-02,-2.216607562429932787e-02,1.644692763407866465e-02,-3.410038743084609081e-02,5.266666678283236924e-02,-9.562183916568756104e-02,6.841307252645492554e+00
1.069000000000000000e+03,1.068999999999993067e+00,4.682955081861014612e+00,9.699239020330752137e-02,-2.213452558762337222e-02,1.623886374075906788e-02,-3.401478200981578048e-02,5.265974556421718078e-02,-1.016606409102678299e-01,6.845701932907104492e+00
1.070000000000000000e+03,1.069999999999992957e+00,4.682837687617356970e+00,9.700605844782562992e-02,-2.210399243666235844e-02,1.601937713433769506e-02,-3.393235304499309102e-02,5.265388658490791074e-02,-1.155785322189331055e-01,6.868081718683242798e+00
1.071000000000000000e+03,1.070999999999992847e+00,4.682720194323409579e+00,9.701984967772750434e-02,-2.207447770185082606e-02,1.578773988678120258e-02,-3.385312289475961300e-02,5.264897118118432029e-02,-1.096392311155796051e-01,6.864769548177719116e+00
1.072000000000000000e+03,1.071999999999992736e+00,4.682602584150793668e+00,9.703376160546672846e-02,-2.204596261917679545e-02,1.554427286494039495e-02,-3.377713562836137662e-02,5.264519216414237368e-02,-1.121016368269920349e-01,6.842058241367340088e+00
1.073000000000000000e+03,1.072999999999992626e+00,4.682484855710383975e+00,9.704793327945775150e-02,-2.201842058855642964e-02,1.529002244716325121e-02,-3.370427576875090203e-02,5.264131846246832003e-02,-1.006458718329668045e-01,6.856158167123794556e+00
1.074000000000000000e+03,1.073999999999992516e+00,4.682367001270984375e+00,9.706244747531847517e-02,-2.199191009261576568e-02,1.502500708595852497e-02,-3.363462896905877741e-02,5.263698988197348938e-02,-8.318462595343589783e-02,6.828837633132934570e+00
1.075000000000000000e+03,1.074999999999992406e+00,4.682249039923760847e+00,9.707720949071474426e-02,-2.196645914033730496e-02,1.474950355965920848e-02,-3.356835717195294500e-02,5.263247786578426068e-02,-7.142553105950355530e-02,6.797402799129486084e+00
1.076000000000000000e+03,1.075999999999992296e+00,4.682130992489865307e+00,9.709221176583265889e-02,-2.194211669501254514e-02,1.446339742776590540e-02,-3.350548847483603154e-02,5.262716587193708162e-02,-4.539952613413333893e-02,6.801886558532714844e+00
1.077000000000000000e+03,1.076999999999992186e+00,4.682012862318004842e+00,9.710756292886159324e-02,-2.191890268362939667e-02,1.416977949096293737e-02,-3.344593024586806074e-02,5.261965767917183706e-02,-3.592494130134582520e-02,6.803481608629226685e+00
1.078000000000000000e+03,1.077999999999992076e+00,4.681894681909033018e+00,9.712320998983857423e-02,-2.189683367604684100e-02,1.387031921229659251e-02,-3.338976079048783241e-02,5.260979467771483009e-02,-4.190982878208160400e-02,6.811261415481567383e+00
1.079000000000000000e+03,1.078999999999991966e+00,4.681776466338414266e+00,9.713908040875782191e-02,-2.187587569529586204e-02,1.356412102141859449e-02,-3.333687915327532281e-02,5.259794566680022626e-02,-4.719865322113037109e-02,6.824854612350463867e+00
1.080000000000000000e+03,1.079999999999991855e+00,4.681658208792474518e+00,9.715519701883619519e-02,-2.185599444997842963e-02,1.325214909376372721e-02,-3.328721087509389776e-02,5.258444070401702142e-02,-4.655651748180389404e-02,6.830628007650375366e+00
1.081000000000000000e+03,1.080999999999991745e+00,4.681539901066992471e+00,9.717157156226204073e-02,-2.183716135276150133e-02,1.293454829352935417e-02,-3.324072448004966596e-02,5.256915387262274530e-02,-4.949476383626461029e-02,6.837590157985687256e+00
1.082000000000000000e+03,1.081999999999991635e+00,4.681421546296792968e+00,9.718814712726217553e-02,-2.181941379382699650e-02,1.261260821459951609e-02,-3.319757138647383421e-02,5.255217326894207064e-02,-4.962050542235374451e-02,6.848889231681823730e+00
1.083000000000000000e+03,1.082999999999991525e+00,4.681303136200191339e+00,9.720494551855309029e-02,-2.180274868074960973e-02,1.228641765655566140e-02,-3.315778009436742835e-02,5.253365622039087024e-02,-5.392681621015071869e-02,6.835173845291137695e+00
1.084000000000000000e+03,1.083999999999991415e+00,4.681184661796847557e+00,9.722202904756695185e-02,-2.178710784435830897e-02,1.195790106177004389e-02,-3.312120295613918408e-02,5.251251207542394217e-02,-4.346863925457000732e-02,6.841572046279907227e+00
1.085000000000000000e+03,1.084999999999991305e+00,4.681066116719891035e+00,9.723935790406762480e-02,-2.177251283450359898e-02,1.162892734343110718e-02,-3.308784295098465833e-02,5.248842743989014931e-02,-4.938605055212974548e-02,6.837632000446319580e+00
1.086000000000000000e+03,1.085999999999991195e+00,4.680947511427301144e+00,9.725692778033094565e-02,-2.175895294953765144e-02,1.129818750197166682e-02,-3.305768686422871916e-02,5.246025821644571124e-02,-5.409134738147258759e-02,6.845612257719039917e+00
1.087000000000000000e+03,1.086999999999991084e+00,4.680828846217698569e+00,9.727465122452036428e-02,-2.174645603098473642e-02,1.096428101795155277e-02,-3.303082189100692290e-02,5.242947541769107933e-02,-6.035490706562995911e-02,6.810148566961288452e+00
1.088000000000000000e+03,1.087999999999990974e+00,4.680710117728087205e+00,9.729252917690055236e-02,-2.173505041981245792e-02,1.062730611299020703e-02,-3.300738623198418153e-02,5.239673138801562158e-02,-4.418480955064296722e-02,6.796734541654586792e+00
1.089000000000000000e+03,1.088999999999990864e+00,4.680591317358723913e+00,9.731062305429806492e-02,-2.172476887310986413e-02,1.028698758418822648e-02,-3.298732032228191002e-02,5.236193542492610653e-02,-5.090314708650112152e-02,6.818544834852218628e+00
1.090000000000000000e+03,1.089999999999990754e+00,4.680472463494435686e+00,9.732892553577980610e-02,-2.171559884704617194e-02,9.943657259768878126e-03,-3.297051136047080000e-02,5.232400001202046347e-02,-5.278997309505939484e-02,6.812356591224670410e+00
1.091000000000000000e+03,1.090999999999990644e+00,4.680353549390114942e+00,9.734739577553427892e-02,-2.170752725814152975e-02,9.595200872771800921e-03,-3.295702403098021982e-02,5.228327581155148285e-02,-4.839524067938327789e-02,6.798938691616058350e+00
1.092000000000000000e+03,1.091999999999990534e+00,4.680234574696061856e+00,9.736603029904823681e-02,-2.170059270323752149e-02,9.241151181980086782e-03,-3.294696119350359886e-02,5.224009818508359299e-02,-5.283639021217823029e-02,6.804644465446472168e+00
1.093000000000000000e+03,1.092999999999990424e+00,4.680115550188624240e+00,9.738477414559312817e-02,-2.169485247828255650e-02,8.881860157221248275e-03,-3.294045292294423000e-02,5.219495096308578164e-02,-4.529277421534061432e-02,6.822473317384719849e+00
1.094000000000000000e+03,1.093999999999990314e+00,4.679996468243110108e+00,9.740360564376947250e-02,-2.169024926053379765e-02,8.517868711459493369e-03,-3.293733624969763518e-02,5.214774288831404425e-02,-3.679077699780464172e-02,6.818799078464508057e+00
1.095000000000000000e+03,1.094999999999990203e+00,4.679877342037398691e+00,9.742246882091808169e-02,-2.168678099113382010e-02,8.149892126915980056e-03,-3.293769289738568418e-02,5.209901672342140411e-02,-4.464427195489406586e-02,6.794195711612701416e+00
1.096000000000000000e+03,1.095999999999990093e+00,4.679758187660696400e+00,9.744132043932304810e-02,-2.168444915786412602e-02,7.777649834752653479e-03,-3.294150960864028477e-02,5.204880100272923915e-02,-3.221921436488628387e-02,6.791473418474197388e+00
1.097000000000000000e+03,1.096999999999989983e+00,4.679638993500273791e+00,9.746016276421488878e-02,-2.168326044499121683e-02,7.399462275819557178e-03,-3.294869345743278721e-02,5.199695746231887405e-02,-3.254285641014575958e-02,6.806752741336822510e+00
1.098000000000000000e+03,1.097999999999989873e+00,4.679519782988966092e+00,9.747886398724930901e-02,-2.168320559196895703e-02,7.017237764145898421e-03,-3.295920836136856380e-02,5.194491407271691064e-02,-3.480143845081329346e-02,6.792451500892639160e+00
