time_ms,x1_BL,y1_BL,x2_BL,y2_BL,x3_BL,y3_BL,x4_BL,y4_BL,x5_BL,y5_BL,x6_BL,y6_BL,x7_BL,y7_BL,x8_BL,y8_BL,x9_BL,y9_BL,x10_BL,y10_BL

0,15.3769288592303,7.53465187698024,15.3493464461457,7.42778407304437,15.3146790249951,7.31580551149938,15.2777786210004,7.21338101717561,15.2446300631804,7.10475600799032,15.2103704513966,6.9903183559635,15.1755136254512,6.87445337115286,15.1383513172188,6.7551614282965,15.100474889473,6.6427673543189,15.070577025428,6.54038228156725
0.166666666666667,15.3769221389539,7.53464896878969,15.3493417290709,7.4277848070295,15.3146557594707,7.31586097498217,15.2777791217026,7.21338387340865,15.2446302582454,7.10475854211418,15.2103376211567,6.99033649129145,15.1755139171055,6.87445648521213,15.1383518801012,6.75516531770355,15.1004751822578,6.64277059052429,15.0705788580852,6.54038644284265
0.333333333333333,15.3769153906236,7.53464635116332,15.3493370027911,7.42778695939514,15.3146348184597,7.31591588841638,15.2777806071146,7.21339225122827,15.2446308405315,7.10476602261113,15.2103080710634,6.9903613224535,15.1755147821802,6.87446567333249,15.1383535475487,6.7551768362911,15.1004760566867,6.64278020403023,15.0705842721564,6.54039880040776
0.5,15.3769086143924,7.53464400880827,15.3493322673314,7.4277904557566,15.3146160796193,7.31597023812119,15.2777830521945,7.21340586431518,15.2446318056758,7.10477826666923,15.2102816284775,6.99039253062855,15.1755162058431,6.87448070442777,15.1383562877617,6.75519575960875,15.1004775068713,6.64279605217134,15.0705931417908,6.5404191648709
0.666666666666667,15.3769018104131,7.53464192643169,15.349327522717,7.4277952217292,15.3145994206067,7.31602401041575,15.2777864319005,7.21342442635011,15.2446331493152,7.10479509147652,15.2102581207597,6.99042979699549,15.175518173262,6.8745013474118,15.1383600689408,6.7552218632061,15.1004795269235,6.64281799228226,15.0706053411374,6.54044734684042
0.833333333333333,15.3768949788387,7.53464008874073,15.349322768973,7.42780118292828,15.314584719079,7.31607719161924,15.2777907211908,7.21344765101378,15.2446348670866,7.10481631422104,15.2102373752706,6.99047280273323,15.1755206696046,6.87452737119839,15.1383648592865,6.75525492263275,15.1004821109548,6.64284588169763,15.0706207443455,6.54048315692465
1,15.3768881198222,7.53463848044254,15.3493180061246,7.42780826496915,15.3145718526935,7.31612976805081,15.2777958950235,7.21347525198692,15.244636954627,7.10484175209086,15.2102192193711,6.99052122902065,15.1755236800389,6.87455854470137,15.1383706269992,6.75529471343831,15.1004852530769,6.64287957775207,15.0706392255641,6.54052640573193
1.16666666666667,15.3768812335164,7.53463708624427,15.349313234197,7.42781639346715,15.3145606991073,7.31618172602963,15.2778019283568,7.21350694295024,15.2446394075733,7.10487122227401,15.2102034804217,6.99057475703666,15.1755271897325,6.87459463683457,15.1383773402795,6.75534101117237,15.1004889474017,6.64291893778022,15.0706606589426,6.54057690387059
1.33333333333333,15.3768743200743,7.53463589085306,15.3493084532153,7.4278254940376,15.3145511359776,7.31623305187488,15.2778087961488,7.21354243758447,15.2446422215625,7.10490454195856,15.2101899857832,6.99063306796015,15.1755311838533,6.87463541651182,15.1383849673279,6.75539359138454,15.1004931880407,6.64296381911671,15.07068491863,6.54063446194897
1.5,15.3768673796488,7.53463487897607,15.3493036632048,7.42783549229583,15.3145430409617,7.3162837319057,15.2778164733577,7.21358144957033,15.2446453922314,7.10494152833254,15.2101785628162,6.99069584297003,15.1755356475691,6.87468065264693,15.1383934763449,6.75545222962442,15.1004979691057,6.64301407909618,15.0707118787755,6.5406988905754
1.66666666666667,15.3768604123929,7.53463403532044,15.3492988641906,7.42784631385715,15.3145362917167,7.31633375244128,15.2778249349417,7.21362369258855,15.2446489152171,7.10498199858402,15.2101690388816,6.9907627632452,15.1755405660476,6.87473011415374,15.1384028355309,6.75551670144161,15.1005032847083,6.64306957505326,15.0707414135282,6.54077000035822
1.83333333333333,15.3768534184594,7.53463334459333,15.3492940561979,7.4278578843369,15.3145307658998,7.31638309980077,15.277834155859,7.21366888031984,15.2446527861566,7.10502576990103,15.2101612413399,6.99083350996454,15.1755459244567,6.87478356994607,15.1384130130864,6.75558678238571,15.1005091289604,6.64313016432258,15.0707733970374,6.54084760190578
2,15.3768463980013,7.53463279150188,15.3492892392518,7.42787012935041,15.3145263411681,7.31643176030334,15.2778441110676,7.21371672644494,15.2446570006866,7.10507265947163,15.210154997552,6.99090776430696,15.1755517079641,6.87484078893775,15.138423977212,6.75566224800633,15.1005154959735,6.64319570423877,15.0708077034521,6.54093150582639
2.16666666666667,15.3768393511716,7.53463236075323,15.3492844133776,7.42788297451299,15.314522895179,7.31647972026816,15.2778547755257,7.21376694464456,15.2446615544443,7.10512248448386,15.2101501348784,6.99098520745135,15.1755579017377,6.8749015400426,15.1384356961082,6.75574287385306,15.1005223798593,6.64326605213647,15.0708442069216,6.54102152272841
2.33333333333333,15.3768322781231,7.53463203705455,15.3492795786004,7.42789634543997,15.3145203055895,7.31652696601439,15.2778661241916,7.21381924859942,15.2446664430664,7.10517506212579,15.2101464806799,6.99106552057662,15.1755644909452,6.87496559217444,15.1384481379754,6.7558284354755,15.1005297747296,6.64334106535031,15.070882781595,6.54111746322016
2.5,15.3768251790088,7.53463180511297,15.3492747349453,7.42791016774669,15.3145184500569,7.31657348386119,15.2778781320233,7.21387335199025,15.2446716621901,7.10523020958545,15.2101438623172,6.99114838486167,15.1755714607544,6.8750327142471,15.1384612710141,6.75591870842327,15.1005376746961,6.64342060121493,15.0709233016215,6.54121913790998
2.66666666666667,15.3768180539816,7.53463164963565,15.3492698824376,7.42792436704846,15.3145172062383,7.31661926012774,15.277890773979,7.21392896849778,15.2446772074521,7.1052877440509,15.210142107151,6.99123348148538,15.1755787963331,6.87510267517441,15.1384750634249,6.75601346824595,15.1005460738705,6.64350451706495,15.0709656411502,6.54132635740621
2.83333333333333,15.3768109031945,7.53463155532973,15.3492650211024,7.4279388689606,15.314516451791,7.31666428113319,15.277904025017,7.21398581180271,15.2446830744896,7.10534748271018,15.210141042542,6.99132049162666,15.1755864828492,6.87517524387019,15.1384894834083,6.75611249049315,15.1005549663644,6.64359267023502,15.0710096743303,6.54143893231719
3,15.3768037268003,7.53463150690237,15.3492601509649,7.42795359909846,15.3145160643721,7.31670853319671,15.2779178600952,7.21404359558579,15.2446892589393,7.10540924275135,15.2101404958509,6.99140909646441,15.1755945054704,6.87525018924827,15.1385044991646,6.75621555071448,15.1005643462896,6.64368491805976,15.0710552753109,6.54155667325125
3.16666666666667,15.376796524952,7.53463148906071,15.3492552720503,7.42796848307734,15.3145159216388,7.31675200263748,15.277932254172,7.21410203352773,15.2446957564383,7.10547284136246,15.2101402944384,6.99149897717752,15.1756028493645,6.87532728022248,15.1385200788945,6.75632242445952,15.1005742077577,6.64378111787381,15.0711023182413,6.54167939081672
3.33333333333333,15.3767892978025,7.5346314865119,15.3492503843837,7.42798344651258,15.3145159012483,7.31679467577464,15.2779471822054,7.21416083930924,15.2447025626234,7.10553809573155,15.2101402656652,6.99158981494489,15.1756114996993,6.87540628570663,15.1385361907985,6.7564328872779,15.1005845448805,6.64388112701179,15.0711506772706,6.54180689562195
3.5,15.3767819452297,7.53463170314201,15.349245246594,7.42799964765946,15.314524751515,7.31683659973275,15.2779712420227,7.21422991307079,15.2447205485577,7.10562682441378,15.2101553833116,6.99169424849104,15.1756252383129,6.87551398307484,15.1385607607087,6.75660324131972,15.1006154994855,6.64405954565673,15.0712191544422,6.54203028026085
3.66666666666667,15.3767743877926,7.53463234796845,15.3492396680598,7.42801819621557,15.3145501240299,7.31687784723753,15.278011827287,7.21431784919552,15.2447591064355,7.10575772221335,15.2101986687443,6.99182308357257,15.1756481826821,6.87567320844962,15.1386005877506,6.75688152787671,15.1006843696097,6.64438015888724,15.0713237768833,6.54242741252269
3.83333333333333,15.3767666566661,7.53463341339539,15.3492337249305,7.42803894495968,15.3145902513653,7.31691844300998,15.2780671067107,7.2144224027282,15.2448160135914,7.10592592069191,15.2102670207036,6.9919732519165,15.1756793214331,6.87587781886742,15.138653950064,6.75725513121086,15.1007868836787,6.64482660138133,15.0714602563689,6.54297826580883
4,15.376758783025,7.534634891827,15.3492274933559,7.42806174667058,15.3146433660937,7.31695841177108,15.2781352490059,7.21454132871357,15.2448890473596,7.10612655141108,15.2103573379298,6.99214168524987,15.175717643192,6.87612167136469,15.1387191257889,6.75771143558417,15.1009187701183,6.64538250781703,15.0716243046738,6.54366281352066
4.16666666666667,15.3767507980442,7.53463677566745,15.3492210494854,7.42808645412704,15.3147077007875,7.31699777824182,15.2782144228849,7.21467238219641,15.2449759850745,7.10635474593248,15.210466519163,6.99232531529969,15.1757621365847,6.87639862297787,15.1387943930654,6.75823782525861,15.1010757573542,6.64603151287235,15.0718116335729,6.54446102905954
4.33333333333333,15.3767427328985,7.5346390573209,15.3492144694687,7.42811292010783,15.314781488019,7.31703656714317,15.2783027970598,7.21481331822148,15.2450746040707,7.10660563581776,15.2105914631436,6.992521073793,15.1758117902373,6.87670253074341,15.1388780300335,6.75882168449619,15.1012535738121,6.64675725122533,15.0720179548411,6.54535288582685
4.5,15.3767346187628,7.53464172919154,15.3492078294553,7.42814099739175,15.3148629603606,7.31707480319614,15.2783985402429,7.21496189183354,15.2451826816824,7.10687435262853,15.2107290686118,6.99272589245683,15.1758655927759,6.87702725169775,15.138968314833,6.75945039755889,15.1014479479177,6.64754335755398,15.0722389802534,6.54631835722394
4.66666666666667,15.3767264868118,7.53464478368352,15.3492012055949,7.42817053875757,15.3149503503846,7.31711251112168,15.2784998211463,7.21511585807735,15.245297995244,7.10715602792644,15.2108762343079,6.99293670301819,15.1759225328266,6.87736664287734,15.1390635256039,6.7601113487087,15.1016546080968,6.64837346653632,15.0724704215846,6.54733741665219
4.83333333333333,15.3767183682205,7.53464821320102,15.349194674037,7.42820139698406,15.3150418906635,7.31714971564081,15.2786048084824,7.21527297199768,15.24541832209,7.10744579327311,15.2110298589721,6.99315043720413,15.1759815990153,6.87771456131862,15.1391619404863,6.76079192220763,15.1018692827751,6.64923121285037,15.0727079906095,6.54839003751298
5,15.3767102941637,7.53465201014821,15.3491883109312,7.42823342485001,15.3151358137696,7.31718644147449,15.2787116709633,7.21543098863929,15.2455414395546,7.10773878023017,15.2111868413446,6.99336402674166,15.1760417799683,6.87806486405804,15.1392618376202,6.76147950231764,15.1020877003783,6.65010023117417,15.0729473991032,6.54945619320767
5.16666666666667,15.3767022958162,7.53465616692925,15.3491821924272,7.4282664751342,15.3152303522753,7.31722271334371,15.2788185773012,7.21558766304693,15.2456651249724,7.10803012035926,15.2113440801658,6.99357440335782,15.1761020643114,6.87841140813204,15.1393614951454,6.76216147330075,15.1023055893321,6.65096415618572,15.0731843588404,6.55051585713763
5.33333333333333,15.3766944043529,7.53466067594831,15.3491763946744,7.42830040061539,15.315323738753,7.31725855596946,15.2789236962084,7.21574075026538,15.2457871556777,7.108314945222,15.2114984741758,6.99377849877963,15.1761614406707,6.87874805057707,15.139459191202,6.76282521941894,15.1025186780623,6.65180662256305,15.0734145815961,6.55154900270423
5.5,15.3766866509486,7.53466552960957,15.3491709938225,7.42833505407238,15.315414205775,7.31729399407272,15.279025196397,7.2158880053394,15.2459053090049,7.10858838638002,15.211646922115,6.99397324473412,15.1762188976725,6.87906864842957,15.13955320393,6.76345812493419,15.1027226949946,6.65261126498418,15.0736337791451,6.55253560330885
5.66666666666667,15.3766790667782,7.5346707203172,15.3491660660211,7.42837028828394,15.3154999859137,7.31732905237448,15.2791212465793,7.21602718331374,15.2460173622883,7.10884557539496,15.2117863227236,6.99415557294831,15.1762734239425,6.87936705872599,15.1396418114693,6.76404757410851,15.1029133685546,6.65336171812713,15.0738376632624,6.55345563235285
5.83333333333333,15.3766716830165,7.53467624047536,15.3491616874198,7.42840595602885,15.3155793117415,7.31736375559572,15.2792100154675,7.21615603923318,15.2461210928625,7.10908164382845,15.2119135747418,6.99432241514924,15.1763240081071,6.87963713850278,15.13972329196,6.76458095120388,15.1030864271682,6.65404161666993,15.0740219457229,6.55428906323761
6,15.3766645308384,7.53468208248822,15.3491579341681,7.42844191008589,15.3156504158307,7.31739812845742,15.2792896717739,7.21627232814247,15.2462142780617,7.10929172324211,15.2120255769099,6.99447070306394,15.1763696387921,6.87987274479638,15.1397959235419,6.7650456404823,15.103237599261,6.6546345952906,15.0741823383014,6.55501586936448
6.16666666666667,15.3766576414186,7.53468823875995,15.3491548824156,7.42847800323383,15.3157115307539,7.31743219568057,15.2793583842105,7.21637380508637,15.2462946952203,7.10947094519758,15.2121192279682,6.99459736841942,15.1764093046236,6.88006773464323,15.1398579843552,6.76542902620575,15.1033626132588,6.65512428866715,15.0743145527728,6.55561602413485
6.33333333333333,15.3766510459322,7.53469470169472,15.349152608312,7.42851408825146,15.3157608890832,7.31746598198615,15.2794143214897,7.21645822510965,15.2463601216728,7.10961444125649,15.2121914266568,6.99469934294272,15.1764419942278,6.88021596507977,15.1399077525396,6.76571849263622,15.1034571975873,6.65549433147762,15.0744143009121,6.55606950095009
6.5,15.3766447755538,7.53470146369671,15.3491511880068,7.42855001791756,15.3157967233911,7.31749951209516,15.2794556523237,7.21652334325707,15.2464083347536,7.10971734298046,15.2122390717162,6.99477355836086,15.1764666962306,6.88031129314247,15.1399435062354,6.76590142403571,15.1035170806722,6.65572835840002,15.074477294494,6.55635627321156
6.66666666666667,15.3766388614583,7.53470851717008,15.3491506976496,7.4285856450109,15.31581726625,7.31753281072856,15.2794805454246,7.21656691457339,15.2464371117969,7.10977478193113,15.2122590618865,6.99481694640088,15.1764823992582,6.88034757586775,15.1399635235823,6.76596520466621,15.1035379909392,6.65581000411237,15.0744992452936,6.55645631432064
6.83333333333333,15.3766330239716,7.53472048016742,15.3491507850843,7.42862172836866,15.3158293512559,7.31756566356677,15.279496112039,7.21659744548766,15.2464547438152,7.10980616458575,15.2122638563424,6.99484260300558,15.1764928147192,6.88035196389747,15.1399744712002,6.7659617289976,15.103537859534,6.65580391347947,15.0744953359877,6.55644896219743
7,15.3766269978172,7.53474147279468,15.3491510413822,7.4286590667088,15.315840979222,7.31759787907328,15.2795107142911,7.21662511602506,15.2464710630162,7.10983434200285,15.2122680258646,6.99486581333808,15.1765023741712,6.88035574690809,15.1399842401966,6.76595178139434,15.1035374834431,6.65578648166809,15.0744841472846,6.55642791991379
7.16666666666667,15.376620835767,7.53477074053602,15.3491514575344,7.4286975726313,15.3158521335465,7.31762951614369,15.2795243972095,7.21665019162463,15.2464861585281,7.10985961261602,15.2122716366028,6.99488679295581,15.1765111464631,6.88035899048804,15.139992945443,6.76593608096028,15.1035368898539,6.65575896880916,15.0744664880062,6.55639470859864
7.33333333333333,15.3766145905926,7.53480752887563,15.3491520245316,7.42873715873611,15.3158627976276,7.31766063367363,15.2795372058229,7.21667293772536,15.2465001194786,7.10988227485883,15.2122747547062,6.99490575741622,15.1765192004438,6.88036176022574,15.1400007018108,6.76591534679927,15.1035361059537,6.65572263503362,15.0744431669744,6.55635084938092
7.5,15.3766083150658,7.53485108329768,15.3491527333647,7.42877773762318,15.3158729548634,7.31769129055871,15.2795491851599,7.21669361976628,15.2465130349957,7.10990262716485,15.2122774463243,6.99492292227677,15.1765266049622,6.88036412170958,15.1400076241717,6.76589029801516,15.1035351589297,6.65567874047242,15.0744149930112,6.55629786338957
7.66666666666667,15.3766020619584,7.53490064928633,15.3491535750245,7.42881922189249,15.315882588652,7.31772154569455,15.2795603802493,7.21671250318641,15.2465249942073,7.10992096796767,15.2122797776066,6.9949385030949,15.1765334288674,6.880366140528,15.140013827397,6.76586165371179,15.1035340759693,6.65562854525651,15.0743827749384,6.55623727175354
7.83333333333333,15.3765958840422,7.53495547232577,15.3491545405021,7.42886152414399,15.3158916823916,7.31775145797675,15.2795708361196,7.21672985342475,15.2465360862413,7.10993759570086,15.2122818147025,6.99495271542807,15.1765397410082,6.88036788226939,15.1400194263583,6.76583013299303,15.1035328842597,6.65557330951683,15.074347321578,6.55617059560175
8,15.3765898340888,7.53501479790016,15.3491556207882,7.42890455697764,15.3159002194804,7.31778108630094,15.2795805977996,7.21674593592033,15.2465464002256,7.109952808798,15.2122836237615,6.99496577483371,15.1765456102336,6.88036941252219,15.1400245359271,6.76579645496271,15.1035316109882,6.65551429338431,15.0743094417518,6.55609935606314
8.16666666666667,15.37658396487,7.5350778714937,15.3491568068738,7.4289482329934,15.3159081833164,7.31781048956273,15.2795897103179,7.21676101611215,15.2465560252882,7.10996690569267,15.2122852709329,6.99497789686929,15.1765511053925,6.88037079687479,15.1400292709749,6.7657613387247,15.1035302833422,6.6554527569899,15.0742699442819,6.55602507426666
8.33333333333333,15.3765783291576,7.53514393859053,15.3491580897497,7.42899246479123,15.3159155572979,7.31783972665774,15.2795982187031,7.21677535943923,15.2465650505569,7.10998018481844,15.2122868223663,6.99498929709225,15.176556295334,6.88037210091562,15.1400337463732,6.76572550338283,15.1035289285089,6.65538996046456,15.07422963799,6.55594927134124
8.5,15.3765729797233,7.53521224467485,15.3491594604067,7.4290371649711,15.315922324823,7.31786885648158,15.2796061679841,7.21678923134058,15.2465735651597,7.10999294460889,15.212288344211,6.99500019106003,15.1765612489069,6.88037339023308,15.1400380769935,6.76568966804097,15.1035275736755,6.65532716393921,15.0741893316981,6.55587346841582
8.66666666666667,15.3765679693388,7.53528203523083,15.3491609098358,7.42908224613296,15.3159284692899,7.31789793792986,15.2796136031893,7.21680289725523,15.2465816582245,7.11000548349761,15.2122899026165,6.99501079433009,15.1765660349602,6.8803747304156,15.1400423777073,6.76565455180295,15.1035262460295,6.6552656275448,15.0741498342281,6.55579918661934
8.83333333333333,15.376563350776,7.53535255574264,15.3491624290279,7.42912762087677,15.3159339740966,7.3179270298982,15.2796205693475,7.21681662262218,15.2465894188791,7.11001809991816,15.2122915637323,6.99502132245989,15.1765707223428,6.88037618705158,15.1400467633861,6.76562087377264,15.103524972758,6.65520661141229,15.0741119544019,6.55572794708073
9,15.3765591768066,7.53542305169445,15.3491640089738,7.4291732018025,15.3159388226414,7.31795619128221,15.2796271114873,7.21683067288045,15.2465969362516,7.11003109230412,15.2122933937078,6.99503199100685,15.1765753799037,6.88037782572943,15.1400513489015,6.76558935305387,15.1035237810484,6.6551513756726,15.0740765010415,6.55566127092894
9.16666666666667,15.3765555002022,7.53549276857044,15.3491656406644,7.4292189015101,15.3159429983224,7.31798548097752,15.2796332746374,7.21684531346906,15.2466042994697,7.11004475908908,15.2122954586924,6.99504301552844,15.1765800764919,6.88037971203758,15.1400562491248,6.76556070875051,15.103522698088,6.65510118045669,15.0740442829687,6.55560067929291
9.33333333333333,15.3765523737348,7.53556095185479,15.3491673150905,7.42926463259954,15.3159464845377,7.31801495787973,15.2796391038265,7.21686080982702,15.2466115976616,7.1100593987066,15.2122978248355,6.99505461158211,15.1765848809562,6.88038191156444,15.1400615789277,6.7655356599664,15.103521751064,6.65505728589549,15.0740161090055,6.55554769330156
9.5,15.3765498501759,7.53562684703166,15.3491690232432,7.42931030767077,15.3159492646856,7.31804468088446,15.2796446440833,7.21687742739334,15.2466189199549,7.11007530959027,15.2123005582867,6.9950669947253,15.1765898621457,6.88038448989842,15.1400674531816,6.76551492580539,15.1035209671638,6.65502095211995,15.0739927879738,6.55550383408384
9.66666666666667,15.3765479822974,7.53568969958523,15.3491707561131,7.42935583932376,15.3159513221641,7.31807470888732,15.2796499404363,7.21689543160704,15.2466263554777,7.11009279017366,15.2123037251953,6.99508038051546,15.1765950889092,6.88038751262793,15.140073986758,6.76549922537132,15.1035203735746,6.65499343926102,15.0739751286954,6.55547062276869
9.83333333333333,15.376546822871,7.53574875499969,15.3491725046913,7.42940114015847,15.3159526403713,7.31810510078394,15.2796550379143,7.21691508790713,15.2466339933579,7.11011213889035,15.2123073917108,6.99509498451004,15.1766006300958,6.88039104534139,15.1400812945285,6.76548927776806,15.1035199974837,6.65497600744964,15.0739639399923,6.55544958048505
10,15.3765464246685,7.53580325875919,15.3491742599686,7.42944612277486,15.3159532027056,7.31813591546991,15.279659981546,7.21693666173263,15.2466419227233,7.11013365417392,15.2123116239826,6.9951110222665,15.1766065545543,6.88039515362721,15.1400894913645,6.76548580209946,15.1035198660785,6.65496991681675,15.0739600306864,6.55544222836185
10.1666666666667,15.376546991166,7.53585489537873,15.3491761373027,7.42949100734709,15.3159533688208,7.31816697713141,15.2796647450505,7.21696019580151,15.2466498435768,7.11015740001375,15.2123176698744,6.9951286316027,15.1766126776741,6.88040325942531,15.1400993483977,6.76549174161632,15.1035224087699,6.65497722623324,15.0739616601113,6.55544938666232
10.3333333333333,15.3765486353097,7.53590589765319,15.3491782502038,7.42953607356328,15.3159535111939,7.31819807727701,15.2796692809245,7.21698543223688,15.2466574205094,7.11018310698335,15.2123265423419,6.99514767170586,15.1766187715903,6.88041824358517,15.1401113678524,6.76550874092322,15.103529686128,6.65499814628736,15.073966323638,6.55546987421194
10.5,15.3765512740767,7.53595633348658,15.3491805868911,7.42958132329427,15.3159536324575,7.31822922578599,15.2796736023624,7.21701218558545,15.2466646895314,7.11021057339253,15.2123379551725,6.99516794018739,15.1766248402702,6.88043936005958,15.1401252612394,6.76553557115458,15.1035411720789,6.65503116468602,15.073973684144,6.55550220998304
10.6666666666667,15.3765548244441,7.5360062707829,15.3491831355842,7.42962675841093,15.3159537352444,7.31826043253763,15.2796777225586,7.21704027039396,15.2466716866533,7.1102395975511,15.2123516221537,6.99518923465875,15.1766308876812,6.88046586280132,15.1401407400692,6.76557100344485,15.1035563405482,6.65507476913617,15.0739834045068,6.55554491294792
10.8333333333333,15.3765592033889,7.53605577744618,15.3491858845022,7.42967238078411,15.3159538221869,7.3182917074112,15.2796816547077,7.21706950120912,15.2466784478856,7.11026997776886,15.212367257073,6.99521135273136,15.1766369177909,6.88049700576319,15.1401575158523,6.76561380892848,15.1035746654621,6.65512744734472,15.0739951476041,6.55559650207891
11,15.3765643278881,7.53610492138041,15.3491888218647,7.42971819228466,15.3159538959179,7.31832306028599,15.2796854120041,7.21709969257765,15.2466850092386,7.1103015123556,15.212384573718,6.99523409201664,15.1766429345666,6.88053204289797,15.1401753000995,6.7656627587399,15.1035956207465,6.65518768701862,15.0740085763134,6.55565549634831
11.1666666666667,15.3765701149188,7.53615377048961,15.3491919358909,7.42976419478345,15.3159539590698,7.31835450104125,15.2796890076424,7.21713065904628,15.2466914067227,7.11033399962114,15.212403285876,6.99525725012605,15.1766489419757,6.88057022815844,15.1401938043213,6.76571662401355,15.1036186803271,6.65525397586479,15.0740233535124,6.55572041472845
11.3333333333333,15.376576481458,7.53620239267779,15.3491952148001,7.42981039015133,15.3159540142754,7.31838603955628,15.2796924548169,7.21716221516172,15.2466976763485,7.11036723787528,15.2124231073347,6.995280624671,15.1766549439858,6.88061081549739,15.1402127400283,6.76577417588388,15.10364331813,6.65532480159017,15.0740391420786,6.55578977619164
11.5,15.3765833444828,7.53625085584896,15.3491986468119,7.42985678025915,15.3159540641671,7.31841768571034,15.2796957667222,7.21719417547071,15.2467038541262,7.11040102542782,15.2124437518815,6.99530401326293,15.1766609445641,6.8806530588676,15.1402318187311,6.76583418548533,15.1036690080811,6.65539865190169,15.0740556048896,6.5558620997102
11.6666666666667,15.3765906209701,7.53629922790713,15.3492022201454,7.42990336697777,15.3159541113776,7.31844944938272,15.2796989565527,7.21722635451996,15.2467099760664,7.11043516058856,15.2124649333039,6.99532721351328,15.1766669476783,6.88069621222187,15.1402507519404,6.76589542395234,15.1036952241062,6.65547401450627,15.074072404823,6.55593590425644
11.8333333333333,15.3765982278971,7.53634757675631,15.3492059230201,7.42995015217805,15.3159541585396,7.31848134045268,15.2797020375029,7.21725856685619,15.2467160781793,7.11046944166731,15.2124863653894,6.99535002303347,15.1766729572956,6.88073952951297,15.1402692511667,6.76595666241934,15.1037214401314,6.65554937711085,15.0740892047564,6.55600970880268
12,15.3766060822408,7.5363959703005,15.3492097436554,7.42999713773084,15.3159542082856,7.31851336879951,15.2797050227673,7.21729062702613,15.2467221964756,7.11050366697387,15.2125077619254,6.99537223943494,15.1766789773835,6.88078226469369,15.1402870279206,6.76601667202079,15.1037471300824,6.65562322742237,15.0741056675674,6.55608203232124
12.1666666666667,15.3766141009782,7.53644447644373,15.3492136702705,7.430044325507,15.3159542632482,7.31854554430247,15.2797079255404,7.21732234957649,15.2467283669655,7.11053763481804,15.2125288366996,6.99539366032913,15.1766850119095,6.88082367171683,15.1403037937128,6.76607422389112,15.1037717678853,6.65569405314775,15.0741214561336,6.55615139378443
12.3333333333333,15.3766222010863,7.53649316308999,15.3492176910849,7.43009171737738,15.3159543260601,7.31857787684085,15.2797107590166,7.217353549054,15.2467346256595,7.11057114350963,15.2125493034993,6.99541408332746,15.176691064841,6.88086300453516,15.1403192600539,6.76612808916477,15.103794827466,6.65576034199392,15.0741362333326,6.55621631216457
12.5,15.3766302995423,7.53654209814331,15.3492217943179,7.43013931521285,15.3159543993538,7.31861037629392,15.2797135363904,7.21738404000539,15.246741008568,7.11060399135844,15.2125688761121,6.99543330604136,15.1766971401454,6.88089951710146,15.1403331384544,6.76617703897619,15.1038157827503,6.65582058166782,15.0741496620419,6.55627530643397
12.6666666666667,15.3766383133231,7.53659134950768,15.3492259681888,7.43018712088425,15.315954485762,7.31864305254096,15.2797162708564,7.21741363697737,15.2467475517015,7.11063597667427,15.2125872683254,6.99545112608228,15.1767032417902,6.88093246336854,15.1403451404249,6.76621984445982,15.1038341076642,6.65587325987637,15.0741614051392,6.55632689556496
12.8333333333333,15.3766461594058,7.53664098508712,15.3492302009171,7.43023513626245,15.3159545879173,7.31867591546124,15.2797189756089,7.21744215451666,15.2467542910702,7.11066689776692,15.2126041939268,6.99546734106164,15.1767093737427,6.88096109728916,15.1403549774762,6.76625527675009,15.1038492761336,6.65591686432652,15.074171125502,6.55636959852984
13,15.3766537547674,7.53669107278564,15.3492344807221,7.43028336321829,15.3159547084522,7.31870897493403,15.2797216638425,7.21746940716999,15.2467612626848,7.11069655294621,15.2126193667038,6.99548174859088,15.1767155399705,6.88098467281612,15.1403623611187,6.76628210698145,15.1038607620844,6.65594988272518,15.074178486008,6.55640193430094
13.1666666666667,15.376661016385,7.53674168050726,15.349238795823,7.43033180362265,15.3159548499995,7.31874224083862,15.2797243487516,7.21749520948407,15.2467685025555,7.11072474052192,15.2126325004438,6.99549414628142,15.1767217444408,6.88100244390221,15.1403670028631,6.76629910628835,15.1038680394425,6.65597080277929,15.0741831495346,6.55642242185056
13.3333333333333,15.3766678612355,7.53679287615597,15.3492431344394,7.43038045934636,15.3159550151916,7.31877572305428,15.2797270435307,7.21751937600564,15.2467760466929,7.11075125880387,15.2126433089343,6.99550433174471,15.1767279911213,6.8810136645002,15.14036861422,6.76630504580521,15.1038705821339,6.65597811219579,15.0741847789596,6.55642958015103
13.5,15.3766748769129,7.53684417308679,15.3492479112421,7.43042939480494,15.315955805951,7.31880966155719,15.2797296551307,7.21754224259212,15.2467843174627,7.11077716679833,15.2126529006247,6.99551331253634,15.1767345885387,6.88102124806168,15.1403679722507,6.76630487014355,15.1038686767579,6.6559766373634,15.0741826436245,6.55642952332366
13.6666666666667,15.3766826274486,7.53689510792886,15.3492534744085,7.430478660596,15.3159577421062,7.31884423579733,15.2797320965665,7.21756431622291,15.2467936090579,7.11080355731457,15.2126625361533,6.99552220435117,15.1767417756733,6.88102859446419,15.1403661328434,6.76630434770599,15.1038632234405,6.65597232970742,15.074176532148,6.55642935311944
13.8333333333333,15.3766909944762,7.53694578349743,15.3492597124181,7.43052823786358,15.3159607031497,7.31887936486466,15.2797343901288,7.21758566812773,15.2468037652299,7.11083027936695,15.2126721575911,6.99553096700947,15.1767494521726,6.88103568729943,15.1403632257488,6.76630348531371,15.1038546163972,6.65596536448965,15.0741668863237,6.55642906995521
14,15.3766998596292,7.53699630260773,15.3492665137501,7.4305781077517,15.315964568574,7.31891496784914,15.2797365581082,7.21760636953629,15.2468146297298,7.11085718196983,15.2126817070089,6.9955395603315,15.1767575176842,6.88104251015911,15.1403593807175,6.76630228978787,15.1038432498439,6.65595591697191,15.074154147945,6.55642867424781
14.1666666666667,15.3767091045411,7.53704676807498,15.3492737668838,7.4306282514044,15.3159692178715,7.31895096384075,15.2797386227954,7.21762649167831,15.2468260463087,7.11088411413754,15.2126911264779,6.99554794413755,15.1767658718553,6.88104904663495,15.1403547275004,6.76630076794962,15.1038295179963,6.65594416241599,15.0741387588054,6.55642816641407
14.3333333333333,15.3767186108456,7.53709728271442,15.3492813602986,7.43067864996571,15.3159745305345,7.31898727192944,15.279740606481,7.21764610578348,15.246837858718,7.11091092488444,15.212700358069,6.99555607824789,15.1767744143337,6.88105528031866,15.1403493958481,6.76629892662013,15.1038138150701,6.6559302760837,15.0741211606984,6.55642754687082
14.5,15.3767282601763,7.53714794934128,15.3492891824738,7.43072928457965,15.3159803860556,7.31902381120518,15.2797425314557,7.21766528308153,15.2468499107087,7.11093746322487,15.212709343853,6.99556392248279,15.1767830447667,6.88106119480194,15.1403435155114,6.76629677262058,15.103796535281,6.65591443323684,15.0741017954175,6.55642681603491
14.6666666666667,15.3767379341666,7.5371988707708,15.3492971218887,7.43078013639027,15.315986663927,7.31906050075793,15.2797444200101,7.21768409480216,15.2468620460321,7.11096357817319,15.2127180259011,6.99557143666253,15.1767916628018,6.88106677367651,15.140337216241,6.7662943127721,15.1037780728447,6.65589680913722,15.0740811047562,6.55642597432318
14.8333333333333,15.3767475144501,7.53725014981821,15.3493050670226,7.43083118654158,15.3159932436412,7.31909725967766,15.279746294435,7.21770261217508,15.2468741084395,7.11098911874375,15.2127263462842,6.99557858060738,15.1768001680865,6.88107200053409,15.1403306277876,6.76629155389588,15.103758821977,6.65587757904664,15.0740595305078,6.55642502215246
15,15.3767568826604,7.53730188929873,15.3493129063548,7.43088241617762,15.3160000046907,7.31913400705433,15.2797481770209,7.21772090643,15.2468859416819,7.11101393395088,15.2127342470732,6.99558531413762,15.1768084602684,6.88107685896637,15.140323879902,6.76628850281308,15.1037391768935,6.6558569182269,15.0740375144661,6.55642395993958
15.1666666666667,15.3767659204311,7.53735419202761,15.3493205283647,7.43093380644242,15.3160068265678,7.31917066197791,15.2797500900586,7.21773904879664,15.2468973895106,7.11103787280895,15.2127416703391,6.99559159707351,15.1768164389949,6.88108133256508,15.1403171023348,6.76628516634485,15.1037195318101,6.6558350019398,15.0740154984243,6.55642278810139
15.3333333333333,15.3767745093958,7.53740716082007,15.3493278215315,7.43098533848002,15.3160135887649,7.31920714353835,15.2797520558386,7.21775711050469,15.2469082956768,7.11106078433229,15.2127485581529,6.99559738923534,15.1768240039134,6.88108540492192,15.1403104248368,6.76628155131236,15.1037002809424,6.65581200544715,15.073993924176,6.55642150705472
15.5,15.3767825311879,7.53746089849135,15.3493346743346,7.43103699343443,15.3160201707745,7.31924337082563,15.2797540966516,7.21777516278389,15.2469185039317,7.11108251753526,15.2127548525856,6.99560265044338,15.1768310546715,6.88108905962861,15.1403039771587,6.76627766453678,15.1036818185061,6.65578810401076,15.0739732335146,6.55642011721642
15.6666666666667,15.376789867441,7.53751550785668,15.3493409752532,7.43108875244969,15.316026452089,7.31927926292971,15.2797562347883,7.21779327686392,15.2469278580265,7.11110292143221,15.2127604957081,6.9956073405179,15.1768374909167,6.88109228027685,15.1402978890512,6.76627351283926,15.103664538717,6.65576347289243,15.0739538682337,6.5564186190033
15.8333333333333,15.3767963997888,7.5375710917313,15.3493466127668,7.43114059666984,15.3160323122008,7.31931473894055,15.2797584925394,7.21781152397451,15.2469362017124,7.11112184503748,15.2127654295914,6.99561141927918,15.1768432122965,6.88109505045836,15.1402922902651,6.76626910304097,15.1036488357907,6.65573828735396,15.0739362701267,6.55641701283222
16,15.3768020098647,7.53762775293042,15.3493514753546,7.4311925072389,15.3160376306023,7.31934971794811,15.2797608921954,7.21782997534537,15.2469433787406,7.11113913736542,15.2127695963065,6.99561484654749,15.1768481184583,6.88109735376485,15.140287310551,6.76626444196308,15.1036351039431,6.65571272265715,15.0739208809871,6.55641529912001
16.1666666666667,15.3768065793024,7.5376855942693,15.3493554514959,7.43124446530091,15.3160422867859,7.31938411904237,15.2797634560471,7.21784870220619,15.2469492328623,7.11115464743039,15.2127729379243,6.9956175821431,15.1768521090496,6.88109917378803,15.1402830796598,6.76625953642674,15.1036237373898,6.65568695406381,15.0739081426085,6.55641347828351
16.3333333333333,15.3768099897354,7.53774471856316,15.3493584296701,7.43129645199989,15.3160461602441,7.31941786131328,15.2797662063851,7.21786777578671,15.2469536078287,7.11116822424673,15.2127753965158,6.9956195858863,15.1768550837179,6.88110049411961,15.1402797273421,6.76625439325311,15.1036151303466,6.65566115683574,15.0738984967841,6.55641155073955
16.5,15.3768121227972,7.53780522862723,15.3493602983564,7.43134844847987,15.3160491304692,7.31945086385081,15.2797691655,7.21788726731661,15.246956347391,7.11117971682879,15.212776914152,6.99562081759735,15.1768569421108,6.88110129835131,15.1402773833486,6.76624901926337,15.1036096770291,6.65563550623474,15.0738923853076,6.55640951690498
16.6666666666667,15.3768128601215,7.53786722727674,15.3493609460343,7.43140043588489,15.3160510769536,7.31948304574493,15.2797723556826,7.21790724802563,15.2469572953003,7.11118897419091,15.2127774329038,6.99562123709652,15.1768575838756,6.88110157007482,15.1402761774302,6.76624342127868,15.1036077716531,6.65561017752263,15.0738902499725,6.55640737719662
16.8333333333333,15.3768120322685,7.53793186218871,15.3493605518185,7.43145256258172,15.3160524537049,7.31951425124049,15.279776239353,7.21792751253023,15.2469568485225,7.11119661682317,15.2127765787698,6.99561965037825,15.1768574459001,6.88109930661956,15.1402756240466,6.76623266235316,15.1036096178967,6.65558178378328,15.0738985153621,6.55639269814319
17,15.3768096628961,7.53799995546008,15.349359423546,7.43150496859924,15.3160537927009,7.3195444609793,15.2797811739536,7.21794781454079,15.2469555698136,7.11120342701047,15.2127741341792,6.9956151090811,15.1768570510047,6.88109282845449,15.1402751455945,6.76621251739487,15.1036149019733,6.65554736086297,15.0739221714772,6.55635477583825
17.1666666666667,15.3768059232842,7.53807112153604,15.3493576427784,7.4315576225746,15.3160550903898,7.31957379864672,15.2797870243078,7.21796816392783,15.2469535516104,7.11120949645938,15.2127702758495,6.99560794149164,15.1768564277361,6.8810826038807,15.1402747337289,6.76618406100584,15.1036232419014,6.65550771816706,15.0739595082372,6.55629620504589
17.3333333333333,15.3768009847128,7.53814497486176,15.3493552910777,7.43161049314496,15.3160563432196,7.31960238792814,15.2797936552394,7.21798857056186,15.2469508863496,7.1112149168765,15.212765180498,6.9955984758964,15.1768556046408,6.88106910119928,15.1402743801052,6.76614836778807,15.1036342556996,6.65546366510091,15.0740088155615,6.5562195805302
17.5,15.3767950184617,7.53822112988239,15.3493524500058,7.4316635489475,15.3160575476385,7.31963035250891,15.2798009315719,7.21800904431342,15.2469476664681,7.11121977996842,15.2127590248421,6.99558704058191,15.1768546102657,6.88105278871133,15.1402740763787,6.76610651234359,15.1036475613865,6.65541601106991,15.0740683833695,6.55612749705527
17.6666666666667,15.376788195811,7.53829920104312,15.3493492011245,7.43171675861937,15.3160587000946,7.31965781607441,15.279808718129,7.21802959505303,15.2469439844026,7.11122417744173,15.2127519855994,6.99557396383472,15.1768534731572,6.88103413471793,15.1402738142046,6.76605956927443,15.1036627769805,6.65536556547942,15.0741365015805,6.55602254938519
17.8333333333333,15.3767806880406,7.53837880278912,15.3493456259957,7.43177009079774,15.3160597970361,7.31968490231001,15.2798168797343,7.2180502326512,15.24693993259,7.11122820100302,15.212744239487,6.99555957394137,15.1768522218621,6.88101360752017,15.1402735852382,6.7660086131826,15.1036795205003,6.6553131377348,15.074211460114,6.55590733228406
18,15.3767726664303,7.53845954956554,15.3493418061813,7.43182351411977,15.3160608349109,7.31971173490108,15.2798252812115,7.21807096697847,15.246935603467,7.11123194235887,15.2127359632224,6.9955441991884,15.1768508849271,6.88099167541914,15.1402733811349,6.76595471867013,15.1036974099644,6.65525953724143,15.0742915488893,6.55578444051597
18.1666666666667,15.3767643022602,7.53854105581757,15.3493378232432,7.43187699722262,15.3160618101673,7.31973843753299,15.279833787384,7.21809180790536,15.2469310894704,7.11123549321587,15.2127273335231,6.99552816786235,15.1768494908987,6.88096880671594,15.1402731935498,6.76589896033904,15.1037160633914,6.65520557340468,15.0743750578258,6.55565646884501
18.3333333333333,15.3767557668102,7.53862293599038,15.3493337587431,7.43193050874346,15.3160627192533,7.3197651338911,15.2798422630756,7.21811276530239,15.2469264830371,7.11123894528062,15.2127185271064,6.99551180824976,15.1768480683237,6.88094546971164,15.1402730141382,6.76584241279135,15.1037350987999,6.65515205562991,15.074460276843,6.55552601203527
18.5,15.3767472313601,7.53870480452913,15.3493296942431,7.43198401731945,15.316063558617,7.31979194766079,15.2798505731099,7.21813384904008,15.2469218766037,7.11124239025969,15.2127097206897,6.99549544863717,15.1768466457487,6.88092213270735,15.1402728345555,6.76578615062909,15.1037541342083,6.65509979332249,15.0745454958601,6.55539566485084
18.6666666666667,15.37673886719,7.53878627587899,15.349325711305,7.43203749158775,15.3160643247067,7.31981900252744,15.2798585823105,7.21815506898897,15.2469173626071,7.11124591985969,15.2127010909904,6.99547941731112,15.1768452517204,6.88089926400414,15.1402726464569,6.76573124845427,15.1037727876353,6.6550495958878,15.0746290047966,6.55526802205583
18.8333333333333,15.3767308455798,7.53886696448514,15.3493218914906,7.43209090018553,15.3160650139703,7.3198464221764,15.2798661555009,7.21817643501956,15.2469130334842,7.1112496257872,15.2126928147258,6.99546404255815,15.1768439147853,6.88087733190311,15.1402724414976,6.76567878086891,15.1037906770994,6.65500227273119,15.0747090935719,6.55514567841431
19,15.3767233378093,7.53894648479275,15.3493183163618,7.43214421174995,15.316065622856,7.31987433029305,15.2798731575049,7.21819795700238,15.2469089816715,7.11125359974881,15.2126850686135,6.9954496526648,15.1768426634903,6.88085680470535,15.1402722113331,6.76562982247504,15.1038074206192,6.65495863325805,15.0747840521054,6.55503122869039
19.1666666666667,15.3767165151586,7.53902445124698,15.3493150674805,7.43219739491817,15.3160661478119,7.31990285056276,15.2798794531461,7.21821964480797,15.2469052996061,7.1112579334511,15.2126780293707,6.99543657591762,15.1768415263818,6.88083815071195,15.1402719476184,6.76558544787469,15.1038226362132,6.65491948687374,15.0748521703164,6.55492726764814
19.3333333333333,15.3767105489076,7.53910047829301,15.3493122264086,7.43225041832737,15.3160665852861,7.3199321066709,15.279884907248,7.21824150830684,15.2469020797246,7.11126271860068,15.2126718737148,6.99542514060313,15.1768405320066,6.880821838224,15.140271642009,6.76554673166986,15.1038359419001,6.65488564298363,15.0749117381244,6.55483639005168
19.5,15.3767056103361,7.539174180376,15.3493098747079,7.43230325061469,15.3160669317267,7.31996222230284,15.2798893846343,7.21826355736951,15.2468994144638,7.11126804690411,15.2126667783634,6.99541567500789,15.1768397089114,6.88080833554258,15.14027128616,6.76551474846258,15.1038469556983,6.65485791099308,15.0749610454487,6.55476119066508
19.6666666666667,15.3767018707242,7.53924517194113,15.3493080939403,7.4323558604173,15.3160671835819,7.31999332114395,15.2798927501286,7.21828580186651,15.2468973962605,7.111274010068,15.2126629200336,6.99540850741842,15.1768390856428,6.8807981109688,15.1402708717269,6.76549057285489,15.1038552956264,6.65483710030748,15.0749983822087,6.55470426425245
19.8333333333333,15.3766995013518,7.53931306743356,15.3493069656677,7.43240821637237,15.3160673372997,7.3200255268796,15.2798948685545,7.21830825166836,15.2468961175516,7.11128069979894,15.212660475443,6.99540396612128,15.1768386907473,6.88079163280372,15.1402703903647,6.76547527944879,15.103860579703,6.65482402033217,15.0750220383238,6.55466820557787
20,15.3766986734988,7.53937748129848,15.349306571452,7.43246028711707,15.3160673893283,7.32005896319516,15.2798956047357,7.21833091664559,15.2468956707738,7.1112882078035,15.212659621309,6.995402379403,15.1768385527718,6.88078936934846,15.1402698337289,6.7654699428463,15.1038624259466,6.65481948047255,15.0750303037135,6.55465560940543
20.1666666666667,15.3766996563344,7.53943958337518,15.3493077220256,7.43251248686009,15.3160672053609,7.32009435941665,15.2798950134121,7.21835391422354,15.2468959793047,7.11129728602792,15.2126614824239,6.99540630589131,15.1768388550039,6.88079347005449,15.1402685590181,6.76547405848066,15.1038605468517,6.65482312091449,15.0750270120122,6.55465839180311
20.3333333333333,15.3767025391115,7.53950079719538,15.3493110622101,7.43256518047353,15.3160666788337,7.32013216891024,15.2798933210032,7.21837732805608,15.2468968838249,7.11130851372288,15.212666865697,6.99541762193979,15.1768397200129,6.88080523320568,15.1402660245229,6.76548594960557,15.1038551687524,6.65483364572176,15.0750175909361,6.55466646683601
20.5,15.3767072232357,7.53956111774285,15.3493164247013,7.43261826258955,15.3160658478089,7.32017210142149,15.2798906498519,7.21840111735651,15.2468983527254,7.11132172355169,15.2126754710206,6.99543563242376,15.176841085268,6.88082385035163,15.1402623735362,6.76550493255382,15.1038466804269,6.65485046011646,15.0750027215269,6.55467942626392
20.6666666666667,15.3767136101125,7.53962054000137,15.3493236421946,7.43267162784035,15.3160647503486,7.32021386669598,15.2798871223009,7.21842524133812,15.2469003543972,7.11133674817765,15.2126869982872,6.99545964221857,15.1768428882385,6.88084851304197,15.1402577493512,6.76553032365818,15.1038354706537,6.65487296932073,15.0749830848262,6.55469686184661
20.8333333333333,15.3767216011476,7.5396790589547,15.3493325473859,7.43272517085812,15.316063424515,7.32025717447928,15.279882860693,7.21844965921422,15.2469028572313,7.11135342026407,15.2127011473891,6.99548895619952,15.1768450663937,6.88087841282632,15.1402522952607,6.76556143925141,15.1038219282109,6.65490057855671,15.0749593618757,6.55471836534386
21,15.3767310977464,7.53973666958662,15.3493429729707,7.43277878627504,15.3160619083704,7.32030173451696,15.279877987371,7.2184743301981,15.2469058296188,7.11137157247425,15.2127176182189,6.99552287924196,15.1768475572027,6.88091274125429,15.1402461545579,6.7655975956663,15.1038064418767,6.65493269304651,15.0749322337169,6.55474352851546
21.1666666666667,15.3767420013145,7.53979336688089,15.3493547516447,7.4328323687233,15.316060239977,7.3203472565546,15.2798726246779,7.21849921350306,15.2469092399508,7.11139103747149,15.2127361106689,6.99556071622121,15.1768502981347,6.88095068987551,15.1402394705357,6.76563810923562,15.1037894004295,6.65496871801227,15.0749023813916,6.5547719431212
21.3333333333333,15.3767542132575,7.53984914582129,15.3493677161036,7.43288581283509,15.3160584573969,7.32039345033776,15.2798668949563,7.2185242683424,15.2469130566183,7.11141164791909,15.2127563246316,6.99560177201261,15.1768532266591,6.8809914502396,15.1402323864872,6.76568229629213,15.1037711926475,6.65500805867612,15.0748704859413,6.55480320092084
21.5,15.376767634981,7.53990400139158,15.3493816990429,7.43293901324259,15.3160565986924,7.32044002561203,15.279860920549,7.21854945392941,15.2469172480122,7.11143323648037,15.2127779599993,6.99564535149147,15.176856280245,6.88103421389618,15.1402250457054,6.76572947316862,15.103752207309,6.65505012026019,15.0748372284078,6.55483689367418
21.6666666666667,15.3767821678904,7.53995792857554,15.3493965331584,7.432991864578,15.3160547019258,7.32048669212298,15.279854823799,7.2185747294774,15.2469217825237,7.11145563581862,15.2128007166645,6.99569075953313,15.1768593963617,6.88107817239486,15.1402175914832,6.76577895619786,15.1037328331923,6.6550943079866,15.0748032898326,6.554872613141
21.8333333333333,15.3767977133914,7.54001092235694,15.3494120511457,7.4330442614735,15.3160528051591,7.32053315961617,15.279848727049,7.21860005419966,15.2469266285439,7.11147867859715,15.2128242945196,6.99573730101292,15.1768625124784,6.88112251728527,15.1402101671138,6.76583006171262,15.1037134590755,6.65514002707748,15.0747693512574,6.55490995108108
22,15.3768141728896,7.54006297771955,15.3494280857004,7.43309609856127,15.3160509464546,7.32057913783719,15.2798427526417,7.21862538730949,15.2469317544636,7.11150219747926,15.212848393457,6.99578428080616,15.1768655660643,6.88116644011702,15.1402029158901,6.76588210604567,15.103694473737,6.65518668275497,15.0747360937239,6.5549484992542
22.1666666666667,15.3768314477904,7.54011408964714,15.3494444695182,7.43314727047352,15.3160491638746,7.32062433653159,15.2798370229201,7.21865068802018,15.246937128674,7.11152602512825,15.2128727133692,6.99583100378819,15.1768684945887,6.88120913243974,15.1401959811051,6.76593440552979,15.103676265955,6.65523368024118,15.0747041982736,6.55498784942014
22.3333333333333,15.3768494394994,7.54016425312348,15.3494610352948,7.43319767184241,15.3160474954811,7.32066846544497,15.279831660227,7.21867591554505,15.2469427195662,7.11154999420743,15.2128969541485,6.99587677483433,15.1768712355207,6.88124978580305,15.1401895060519,6.76598627649774,15.1036592245078,6.65528042475826,15.0746743459483,6.55502759333869
22.5,15.3768680494222,7.54021346313234,15.3494776157257,7.43324719730015,15.3160459793365,7.32071123432288,15.279826786905,7.21870102909737,15.2469484955311,7.1115739373801,15.2129208156873,6.99592089881991,15.1768737263297,6.88128759175655,15.1401836340235,6.76603703528232,15.1036437381737,6.65532632152833,15.0746472177895,6.55506732276962
22.6666666666667,15.3768871789644,7.5402617146575,15.3494940435068,7.43329574147891,15.316044653503,7.32075235291091,15.2798225252972,7.21872598789046,15.2469544249598,7.11159768730957,15.2129439978782,6.99596268062026,15.1768759044849,6.88132174184989,15.1401785083129,6.76608599821628,15.1036301957308,6.65537077577351,15.074623494839,6.55510662947272
22.8333333333333,15.3769067295315,7.54030900268272,15.3495101513335,7.43334319901089,15.3160435560426,7.32079153095462,15.2798189977461,7.2187507511376,15.2469604762433,7.11162107665913,15.2129662006135,6.99600142511071,15.1768777074554,6.88135142763266,15.1401742722131,6.7661324816324,15.1036189859576,6.65541319271594,15.0746038581383,6.55514510520778
23,15.3769266025291,7.54035532219177,15.3495257719015,7.43338946452828,15.3160427250178,7.32082847819959,15.2798163265948,7.21877527805211,15.2469666177727,7.1116439380921,15.2129871237856,6.99603643716659,15.1768790727105,6.8813758406545,15.1401710690171,6.76617580186345,15.1036104976322,6.65545297757775,15.0745889887291,6.55518234173457
23.1666666666667,15.3769466993627,7.54040066816843,15.3495407379066,7.43343443266325,15.3160421984906,7.32086290439139,15.2798146341859,7.21879952784727,15.246972817939,7.11166610427177,15.213006467287,6.99606702166322,15.1768799377195,6.88139417246503,15.140169042018,6.76621527524221,15.1036051195329,6.65548953558106,15.074579567653,6.55521793081288
23.3333333333333,15.3769669214379,7.54044503559647,15.3495548820443,7.433477998048,15.3160420145232,7.32089451927559,15.2798140428623,7.21882345973638,15.2469790451332,7.11168740786145,15.21302393101,6.99609248347594,15.1768802399516,6.88140561461385,15.1401683345087,6.76625021810146,15.1036032404379,6.65552227194801,15.0745762759518,6.55525146420248
23.5,15.3769895808426,7.54048755105035,15.3495684195393,7.43351938423571,15.316042043088,7.32092326866166,15.2798141762956,7.21884639175639,15.2469858184636,7.11170756828379,15.2130402358982,6.99611403853013,15.1768801525543,6.88141282189567,15.1401696444379,6.7662813457525,15.1036039088045,6.65555169085235,15.0745776211039,6.55528311434919
23.6666666666667,15.3770167703562,7.54052756119252,15.3495817229028,7.43355812712807,15.3160421284924,7.32094950964137,15.2798145723526,7.21886783479511,15.2469936279168,7.11172656446857,15.2130563125184,6.99613353968531,15.1768798906369,6.88141906282107,15.1401734439266,6.76631005841984,15.1036058805138,6.65557891069583,15.0745815541422,6.55531350955375
23.8333333333333,15.3770480624217,7.5405653911387,15.34959486076,7.43359458988007,15.3160422703013,7.3209735688838,15.2798152246694,7.21888803734213,15.2470023982018,7.11174461833978,15.2130721751981,6.99615124721804,15.1768794546113,6.88142444951355,15.1401795375268,6.76633669980598,15.1036091054801,6.65560425804254,15.0745879214391,6.55534292535839
24,15.3770830294818,7.54060136600461,15.3496079017361,7.43362913564668,15.3160424680797,7.32099577305803,15.2798161268819,7.21890724788706,15.2470120540275,7.1117619518214,15.2130878382649,6.99616742140484,15.1768788448895,6.88142909409659,15.1401877297905,6.76636161361343,15.1036135336176,6.65562805945654,15.0745965693672,6.55537163730533
24.1666666666667,15.3771212439795,7.54063581090598,15.3496209144563,7.43366212758291,15.3160427213928,7.32101644883313,15.279817272626,7.2189257149195,15.2470225201028,7.11177878683743,15.2131033160462,6.99618232252227,15.1768780618831,6.88143310869369,15.1401978252697,6.76638514354472,15.1036191148405,6.65565064150194,15.0746073442991,6.55539992093677
24.3333333333333,15.3771622783576,7.54066905095853,15.3496339675459,7.43369392884371,15.3160430298054,7.32103592287817,15.2798186555376,7.21894368692905,15.2470337211365,7.11179534531185,15.2131186228696,6.99619621084686,15.1768771060042,6.88143660542834,15.1402096285162,6.76640763330235,15.103625799063,6.65567233074281,15.0746200926072,6.55542805179495
24.5,15.3772057050588,7.54070141127798,15.3496471296301,7.43372490258409,15.3160433928826,7.32105452186222,15.2798202692526,7.2189614124053,15.2470455818376,7.11181184916866,15.2131337730625,6.99620934665516,15.1768759776645,6.88143969642402,15.1402229440821,6.76642942658884,15.1036335361995,6.65569345374324,15.0746346606643,6.55545630542206
24.6666666666667,15.3772510965262,7.54073321698006,15.349660469334,7.43375541195901,15.3160438101894,7.32107257245436,15.2798221074071,7.21897913983786,15.2470580269151,7.11182852033184,15.2131487809524,6.99622199022372,15.1768746772759,6.88144249380423,15.1402375765192,6.7664508671067,15.1036422761642,6.65571433706732,15.0746508948427,6.55548495736035
24.8333333333333,15.3772980252025,7.54076479318048,15.3496740552829,7.43378582012346,15.3160442812908,7.32109040132366,15.2798241636369,7.21899711771632,15.2470709810778,7.11184558072538,15.2131636608669,6.99623440182906,15.1768732052503,6.88144510969245,15.1402533303796,6.76647229855845,15.1036519688713,6.65573530727912,15.074668641515,6.55551428315201
25,15.3773460635306,7.54079646499498,15.3496879561021,7.43381649023243,15.3160448057518,7.3211083351392,15.279826431578,7.21901559453029,15.2470843690346,7.11186325227328,15.2131784271335,6.99624684174774,15.1768715619995,6.88144765621218,15.1402700102152,6.7664940646466,15.103662564235,6.65575669094274,15.0746877470539,6.55554455833927
25.1666666666667,15.3773947839534,7.54082855753928,15.3497022404167,7.4338477854409,15.3160453831373,7.32112670057004,15.2798289048663,7.21903481876936,15.2470981154944,7.11188175689952,15.2131930940796,6.9962595702563,15.1768697479353,6.8814502454869,15.1402874205779,6.76651650907367,15.1036740121696,6.65577881462226,15.0747080578319,6.55557605846435
25.3333333333333,15.3774437589136,7.5408613959291,15.3497169768519,7.43388006890384,15.3160460130125,7.32114582428526,15.2798315771377,7.21905503892315,15.2471121451662,7.11190131652809,15.2132076760327,6.99627284763128,15.1768677634698,6.88145298964011,15.1403053660197,6.76653997554217,15.1036862625894,6.65580200488176,15.0747294202215,6.55560905906947
25.5,15.3774925608542,7.54089530528016,15.3497322340331,7.43391370377624,15.3160466949423,7.32116603295394,15.2798344420282,7.21907650348123,15.2471263827588,7.11192215308299,15.2132221873204,6.99628693414923,15.1768656090146,6.88145600079529,15.1403236510925,6.76656480775461,15.1036992654085,6.65582658828533,15.0747516805952,6.55564383569683
25.6666666666667,15.377540762218,7.54093061070819,15.3497480805854,7.43394905321309,15.3160474284916,7.32118765324514,15.2798374931737,7.21909946093323,15.2471407529812,7.11194448848819,15.2132366422702,6.99630209008668,15.1768632849817,6.88145939107594,15.1403420803483,6.76659134941352,15.1037129705412,6.65585289139706,15.0747746853257,6.55568066388866
25.8333333333333,15.3775879354479,7.54096763732891,15.349764585134,7.43398648036936,15.3160482132256,7.32121101182794,15.2798407242102,7.21912415976873,15.2471551805422,7.1119685446677,15.2132510552095,6.99631857572017,15.176860791783,6.88146327260554,15.140360458339,6.76661994422139,15.1037273279018,6.65588124078102,15.0747982807855,6.55571981918718
26,15.3776336529866,7.54100671025804,15.3497818163042,7.43402634840004,15.3160490487092,7.32123643537141,15.2798441287735,7.21915084847733,15.2471695901509,7.1119945435455,15.213265440466,6.99633665132626,15.1768581298302,6.88146775750758,15.1403785896167,6.76665093588075,15.1037422874046,6.65591196300131,15.0748223133471,6.55576157713461
26.1666666666667,15.3776774872772,7.54104815461131,15.3497998427211,7.43406902046011,15.3160499345074,7.32126425054463,15.2798477004996,7.21917977554864,15.247183906516,7.11202270704557,15.2132798123669,6.99635657718148,15.1768552995353,6.88147295790556,15.1403962787331,6.76668466809411,15.1037577989636,6.655945384622,15.074846629383,6.55580621327315
26.3333333333333,15.3777190107623,7.54109229550444,15.34981873301,7.43411485970455,15.3160508701852,7.32129478401667,15.2798514330245,7.21921118947225,15.2471980543465,7.11205325709192,15.21329418524,6.99637861356237,15.17685230131,6.88147898592296,15.1404133302404,6.76672148456399,15.1037738124933,6.65598183220719,15.074871075266,6.55585400314503
26.5,15.377757795885,7.54113945805315,15.3498385557962,7.43416422928835,15.3160518553076,7.3213283624566,15.279855319984,7.21924533873777,15.2472119583514,7.11208641560852,15.2133085734126,6.99640302074548,15.1768491355664,6.88148595368328,15.1404295486904,6.7667617289929,15.1037902779078,6.65602163232095,15.0748954973684,6.55590522229247
26.6666666666667,15.3777934150879,7.54118996737317,15.3498593797048,7.43421749236648,15.3160528894397,7.32136531253349,15.2798593550142,7.2192824718348,15.2472255432394,7.11212240451938,15.2133229912123,6.99643005900735,15.1768458027161,6.88149397330999,15.1404447386351,6.76680574508335,15.1038071451213,6.65606511152738,15.0749197420629,6.55596014625769
26.8333333333333,15.3778268094628,7.54124910685776,15.3498828521321,7.43428336136834,15.3160565503886,7.3214161468848,15.2798655547489,7.21933531291192,15.2472397657142,7.11217585714675,15.2133380445967,6.99646881785992,15.1768143028349,6.8815234571202,15.1404601716795,6.76686670979948,15.103830083257,6.65612629707316,15.0749461623829,6.55603234026491
27,15.3778592558885,7.54132087436805,15.349910278482,7.43436866228939,15.3160650661369,7.32148935923949,15.2798756870999,7.21941433757103,15.2472554730531,7.11225892624333,15.2133541952226,6.99652669201377,15.1767303289102,6.88159183020624,15.1404770858976,6.76695535046841,15.1038639240692,6.65621666833995,15.0749768980212,6.55613287584476
27.1666666666667,15.3778908304887,7.54140366672153,15.3499412143909,7.43447092863375,15.3160779115121,7.32158224790394,15.2798893726197,7.21951642148167,15.2472724258253,7.11236811287875,15.2133712409666,6.99660139954342,15.1765994207217,6.8816947238545,15.1404952355449,6.76706833633711,15.1039073614194,6.65633273009426,15.0750114753389,6.55625828799905
27.3333333333333,15.3779216093868,7.5414958807357,15.3499752154956,7.43458769390552,15.3160945613422,7.32169211118453,15.2799062318607,7.21963844031339,15.2472903846003,7.11249991812264,15.2133889797053,6.99669065852341,15.176427118049,6.88182776935136,15.1405143748768,6.76720233665255,15.103959089169,6.65647098710261,15.0750494206976,6.55640511172959
27.5,15.3779516687066,7.54159591322806,15.3500118374325,7.4347164916088,15.3161144904547,7.32181624738762,15.2799258853755,7.21977726973571,15.2473091099474,7.11265084304463,15.2134072093153,6.99679218702824,15.1762189606717,6.8819865979832,15.1405342581487,6.76735402066172,15.1040178011793,6.6566279441315,15.0750902604585,6.5565698820382
27.6666666666667,15.3779810845718,7.54170216101609,15.3500506358382,7.4348548552477,15.3161371736774,7.32195195481959,15.2799479537166,7.2199297854182,15.247328362436,7.11281738871434,15.213425727673,6.99690370313246,15.1759804883696,6.88216684103641,15.1405546396163,6.76752005761157,15.1040821913118,6.65680010594745,15.075133520983,6.55674913392667
27.8333333333333,15.3780099331058,7.54181302091731,15.3500911663492,7.43500031832634,15.316162085838,7.32209653178682,15.2799720574364,7.22009286303038,15.2473479026355,7.11299605620141,15.2134443326551,6.99702292491057,15.1757172409222,6.88236412979737,15.1405752735348,6.76769711674909,15.1041509534278,6.65698397731698,15.0751787286323,6.55693940239683
28,15.3780382904325,7.5419268897492,15.3501329846022,7.4351504143488,15.3161887017642,7.32224727659568,15.2799978170874,7.22026337824181,15.2473674911153,7.11318334657545,15.213462822138,6.99714757043711,15.1754347581093,6.88257409555246,15.1405959141599,6.76788186732125,15.1042227813887,6.65717606300659,15.075225409768,6.55713722245049
28.1666666666667,15.3780662326753,7.54204216432926,15.3501756462337,7.43530267681921,15.3162164962838,7.32240148755253,15.2800248532221,7.22043820672201,15.2473868884446,7.11337576090611,15.2134809939984,6.9972753577866,15.1751385797105,6.88279236958806,15.1406163157468,6.76807097857503,15.1042963690559,6.6573728677828,15.0752730907512,6.55733912908945
28.3333333333333,15.378093835958,7.542157241475,15.3502187068803,7.43545463924166,15.3162449442245,7.32255646296376,15.2800527863931,7.22061422414055,15.247405855193,7.11356980026301,15.2134986461128,6.99740400503356,15.1748342455055,6.88301458319056,15.1406362325512,6.7682611197574,15.1043704102909,6.65757089641213,15.0753212979434,6.55754165731552
28.5,15.3781211764041,7.54227051800389,15.3502617221785,7.43560383512026,15.316273520414,7.32270950113573,15.2800812371528,7.22078830616695,15.2474241519297,7.11376196571578,15.2135155763577,6.99753123025251,15.1745272952738,6.88323636764634,15.1406554188285,6.76844896011533,15.104443598955,6.65776665366108,15.0753695577059,6.55774134213052
28.6666666666667,15.3781483301373,7.54238039073346,15.3503042477648,7.43574779795913,15.31630169968,7.32285790037483,15.2801098260537,7.22095732847076,15.2474415392242,7.11394875833404,15.2135315826097,6.99765475151798,15.1742232687952,6.88345335424178,15.140673628834,6.7686311688958,15.1045146289095,6.65795664429618,15.0754173963999,6.55793471853625
28.8333333333333,15.3781753732812,7.54248525648118,15.350345839276,7.43588406126235,15.3163289568503,7.32299895898741,15.2801381736484,7.22111816672153,15.2474577776458,7.11412667918743,15.2135464627454,6.9977722869045,15.1739277058494,6.88366117426326,15.1406906168234,6.76880441534578,15.104582194016,6.65813737308393,15.075464340387,6.55811832153452
29,15.3782023819594,7.54258351206456,15.3503860523484,7.43601015853405,15.3163547667526,7.32312997527987,15.2801659004892,7.22126769658878,15.2474726277639,7.11429222934557,15.2135600146413,6.99788155448658,15.1736461462159,6.88385545899718,15.140706137052,6.76896536871225,15.1046449881357,6.65830534479085,15.0755099160284,6.55828868612716
29.1666666666667,15.3782294322957,7.54267355430109,15.3504244426187,7.43612362327832,15.3163786042145,7.32324824755856,15.2801926271287,7.22140279374208,15.2474858501478,7.1144419098781,15.2135720361739,6.99798027233875,15.1733841296744,6.8840318397299,15.1407199437753,6.76911069824217,15.1047017051302,6.65845706418344,15.0755536496854,6.55844234731596
29.3333333333333,15.3782566004135,7.54275378000828,15.3504605657235,7.43622198899928,15.3163999440639,7.32335107412987,15.2802179741195,7.22152033385095,15.247497205367,7.11457222185463,15.2135823252199,6.99806615853553,15.1731471960047,6.88418594774781,15.1407317912489,6.76923707318254,15.1047510388607,6.65858903602824,15.0755950677194,6.55857584010273
29.5,15.3782839624366,7.54282258600361,15.3504939772992,7.43630278920102,15.3164182611284,7.32343575330016,15.2802415620139,7.22161719258495,15.2475064539908,7.11467966634481,15.2135906796557,6.99813693115145,15.1729408849862,6.8843134143373,15.140741433728,6.76934116278031,15.1047916831886,6.65869776509174,15.0756336964917,6.5586856994893
29.6666666666667,15.3783115944886,7.54287836910459,15.3505242329826,7.43636355738766,15.3164330302358,7.32349958337581,15.2802630113645,7.22169024561361,15.2475133565885,7.11476074441825,15.2135968973579,6.99819030826103,15.1727707363988,6.88440987078475,15.1407486254682,6.76941963628246,15.1048223319754,6.65877975614046,15.0756690623638,6.55876846047746
29.8333333333333,15.378339572693,7.54291952612871,15.3505508884101,7.43640182706329,15.3164437262138,7.32353986266319,15.2802819427238,7.22173636860647,15.2475176737297,7.11481195714458,15.2136007762031,6.99822400793879,15.172642290022,6.88447094837654,15.140753120725,6.76946916293597,15.1048416790825,6.65883151394092,15.0757006916968,6.55882065806903
30,15.3783679731736,7.54294445389347,15.3505734992182,7.43641513173204,15.31644982389,7.32355388946868,15.2802979766443,7.22175243723308,15.2475191659835,7.11482980559345,15.2136021140678,6.99823574825926,15.1725610856356,6.88449227839905,15.1407546737539,6.76948641198782,15.1048484183712,6.65884954325962,15.0757281108522,6.55883882726581
30.1666666666667,15.378397957325,7.5429600405016,15.3505940228616,7.43641395237001,15.3164533831614,7.32355176727405,15.2803125893601,7.2217509030769,15.2475180666824,7.11482481219431,15.213596726453,6.99823107351784,15.1725061508595,6.88448648671308,15.1407525555988,6.76947094559102,15.1048453242054,6.6588283541646,15.0757534621266,6.55881271375941
30.3333333333333,15.3784303512298,7.54297431164124,15.350614631068,7.43641057695453,15.3164568103996,7.32354569340665,15.2803274389719,7.2217465122161,15.2475148914617,7.11481052074161,15.2135813067277,6.99821769408547,15.1724529007659,6.8844699105084,15.1407464357632,6.76942667969674,15.1048363778339,6.65876770951335,15.0757790899217,6.55873797510316
30.5,15.378464728043,7.54298737050798,15.3506352008838,7.43640524949156,15.3164601001446,7.32353610694124,15.2803424188317,7.22173958206232,15.2475098243453,7.11478796435241,15.2135569695709,6.99819657715006,15.1724014563127,6.88444374806488,15.1407366661915,6.76935681424914,15.1048220834461,6.65867199325655,15.0758048237562,6.55862001409148
30.6666666666667,15.37850066092,7.54299932029741,15.3506556093555,7.43639821398702,15.3164632469363,7.32352344695257,15.2803574222914,7.22173043002716,15.2475030493573,7.11475817614377,15.2135248296616,6.99816868989947,15.1723519384579,6.88440919766236,15.1407235988284,6.76926454919238,15.1048029452312,6.65854558934489,15.0758304931492,6.55846423351881
30.8333333333333,15.3785377230159,7.54301026420511,15.3506757335296,7.43638971444685,15.3164662453147,7.32350815251539,15.2803723427031,7.22171937352227,15.2474947505217,7.11472218923276,15.2134860016787,6.9981349995216,15.1723044681593,6.8843674575807,15.1407075856182,6.76915308447064,15.1047794673784,6.65839288172908,15.0758559276195,6.55827603617958
31,15.3785754874861,7.54302030542668,15.3506954504525,7.436379994877,15.3164690898198,7.32349066270445,15.2803870734189,7.22170672995925,15.2474851118623,7.11468103673644,15.213441600301,6.99809647320431,15.1722591663749,6.88431972609977,15.1406889785056,6.76902562002807,15.104752154077,6.65821825435981,15.075880956686,6.5580608248682
31.1666666666667,15.3786135274857,7.54302954715771,15.3507146371707,7.43636929928339,15.3164717749916,7.32347141659451,15.2804015077906,7.22169281674974,15.2474743174033,7.11463575177186,15.2133927402077,6.9980540781355,15.1722161540626,6.88426720149941,15.1406681294349,6.76888535580885,15.1047215095162,6.65802609118776,15.0759054098676,6.55782400237911
31.3333333333333,15.37865141617,7.54303809259378,15.3507331707306,7.43635787167197,15.3164742953701,7.32345085326031,15.2804155391704,7.22167795130536,15.2474625511685,7.1145873674561,15.2133405360775,6.99800878150305,15.1721755521802,6.88421108205948,15.1406453903508,6.76873549175713,15.1046880378853,6.65782077616363,15.0759291166832,6.55757097150674
31.5,15.3786887266941,7.54304604493048,15.3507509281787,7.43634595604867,15.3164766454952,7.3234294117766,15.2804290609102,7.22166245103773,15.2474499971819,7.11453691690621,15.2132861025895,6.99796155049483,15.1721374816857,6.88415256605984,15.1406211131976,6.76857922781708,15.1046522433734,6.65760669323811,15.0759519066516,6.55730713504551
31.6666666666667,15.3787250322133,7.54305350736342,15.3507677865616,7.43633379641944,15.3164788199069,7.32340753121815,15.2804419663621,7.22164663335847,15.2474368394676,7.11448543323925,15.2132305544225,6.99791335229873,15.172102063537,6.88409285178034,15.14059564992,6.76841976393286,15.1046146301698,6.6573882263619,15.0759736092918,6.55703789578985
31.8333333333333,15.3787599058829,7.54306058308816,15.3507836229255,7.4363216367902,15.3164808131452,7.3233856506597,15.280454148878,7.22163081567922,15.2474232620494,7.1144339495723,15.2131750062555,6.99786515410263,15.172069418692,6.88403313750084,15.1405693524624,6.76826030004864,15.1045757024638,6.65716975948569,15.0759940541227,6.55676865653419
32,15.3787929208581,7.54306737530032,15.3507983143171,7.43630972116691,15.3164826197501,7.32336420917599,15.2804655018101,7.22161531541159,15.2474094489515,7.11438349902241,15.2131205727675,6.99781792309441,15.1720396681087,6.8839746215012,15.1405425727693,6.76810403610859,15.1045359644446,6.65695567656018,15.0760130706631,6.55650482007297
32.1666666666667,15.3788236502941,7.54307398719546,15.3508117377827,7.43629829355549,15.3164842342616,7.32334364584179,15.2804759185102,7.2216004499672,15.2473955841976,7.11433511470665,15.2130683686373,6.99777262646195,15.1720129327448,6.88391850206127,15.1405156627853,6.76795417205687,15.1044959203014,6.65675036153605,15.0760304884319,6.55625178920059
32.3333333333333,15.378851667346,7.54308052196919,15.3508237703688,7.43628759796188,15.3164856512195,7.32332439973185,15.2804852923305,7.22158653675769,15.2473818518119,7.11428982974207,15.213019508544,6.99773023139314,15.1719893335583,6.88386597746091,15.1404889744548,6.76781390783765,15.1044560742234,6.656558198364,15.076046136948,6.5560149667115
32.5,15.3788765451693,7.5430870828171,15.3508342891218,7.43627787839202,15.3164868651641,7.32330690992091,15.2804935166228,7.22157389319468,15.2473684358183,7.11424867724575,15.2129751071664,6.99769170507586,15.1719689915072,6.88381824597998,15.1404628597223,6.76768644339508,15.1044169304,6.65638357099472,15.0760598457304,6.55579975540013
32.6666666666667,15.378897856919,7.54309377293476,15.3508431710884,7.43626937885186,15.3164878706351,7.32329161548373,15.2805004847394,7.22156283668978,15.2473555202408,7.11421269033474,15.2129362791834,6.99765801469798,15.1719520275493,6.88377650589832,15.1404376705324,6.76757497867334,15.1043789930203,6.65623086337891,15.0760714442978,6.55561155806089
32.8333333333333,15.3789151757504,7.54310069551778,15.3508502933148,7.43626234334732,15.3164886621726,7.32327895549506,15.280506090032,7.22155368465463,15.2473432891033,7.1141829021261,15.2129041392741,6.9976301274474,15.1719385626425,6.8837419554958,15.1404137588296,6.76748271361658,15.1043427662735,6.65610445946726,15.0760807621692,6.55545577748822
33,15.3789280748187,7.54310795376175,15.3508555328476,7.43625701588434,15.3164892343165,7.32326936902965,15.2805102258529,7.22154675450084,15.2473319264299,7.1141603457369,15.2128798021173,6.99760901051198,15.1719287177448,6.88371579305228,15.1403914765583,6.76741284816898,15.104308754349,6.65600874321045,15.0760876288635,6.55533781647654
33.1666666666667,15.3789361272792,7.54311565086224,15.3508587667332,7.43625364046887,15.3164895816069,7.32326329516225,15.2805127855539,7.22154236364004,15.2473216162444,7.1141460542842,15.2128643823921,6.99759563107962,15.1719226138141,6.8836992168476,15.140371175663,6.7673685822747,15.1042774614359,6.6559480985592,15.0760918738996,6.55526307782029
33.3333333333333,15.3789389062871,7.54312389001486,15.350859872018,7.43625246110684,15.3164896985837,7.32326117296762,15.2805136624872,7.22154082948386,15.247312542571,7.11414106088506,15.2128589947772,6.99759095633819,15.1719203718082,6.88369342516163,15.1403532080883,6.7673531158779,15.1042493917235,6.65592690946418,15.0760933267963,6.55523696431389
33.5,15.3789353927382,7.54313216980091,15.3508584763965,7.436254886897,15.3164888364739,7.32326652444603,15.2805131123473,7.22154495232328,15.2473039419564,7.11414712195178,15.2128597558767,6.99759979005548,15.1719201077688,6.88370235086259,15.1403367700838,6.76736955795861,15.1042228685127,6.6559448889862,15.0760871332868,6.5552629628407
33.6666666666667,15.3789252922489,7.54313997166181,15.3508544440717,7.43626185700255,15.3164863333855,7.32328184074633,15.2805115310035,7.22155675217403,15.2472949856981,7.11416446914272,15.2128619695682,6.99762507276358,15.1719198571106,6.88372789683428,15.1403207969362,6.76741661632753,15.1041959582085,6.65599634761819,15.0760693372346,6.55533737241745
33.8333333333333,15.378909265055,7.54314737308338,15.3508480068534,7.43627291052605,15.31648231418,7.32330601466607,15.2805090220697,7.22157537603485,15.2472857599457,7.11419184844408,15.2128655314407,6.99766497679684,15.1719196198508,6.88376821637998,15.1403052491463,6.76749088917486,15.104168779657,6.65607756545904,15.0760411153545,6.55545481403859
34,15.3788879713927,7.54315445155139,15.3508393965513,7.43628758657008,15.3164769037188,7.32333793900283,15.2805056891595,7.22159997090448,15.247276350849,7.11422800584207,15.2128703370837,6.99771767448962,15.1719193960065,6.88382146280292,15.1402900872147,6.7675889746908,15.1041414517039,6.65618482260764,15.0760036443608,6.55560990869856
34.1666666666667,15.378862071498,7.54316128455163,15.3508288449752,7.43630542423719,15.3164702268634,7.32337650655417,15.2805016358868,7.22162968378166,15.2472668445578,7.11427168732287,15.2128762820862,6.99778133817627,15.1719191855951,6.88388578940635,15.1402752716419,6.76770747106555,15.1041140931952,6.65631439916289,15.0759581009683,6.55579727739182
34.3333333333333,15.3788322256068,7.54316794956991,15.3508165839346,7.43632596262996,15.3164624084752,7.32342061011766,15.2804969658654,7.22166366166514,15.2472573272218,7.11432163887268,15.2128832620376,6.99785414019115,15.1719189886337,6.88395934949354,15.1402607629286,6.76784297648931,15.1040868229766,6.65646257522367,15.0759056618915,6.55601154111282
34.5,15.3787990939551,7.543174524092,15.3508028452394,7.43634874085097,15.3164535734157,7.32346914249089,15.2804917827091,7.22170105155366,15.2472478849906,7.11437660647771,15.212891172527,6.99793425286862,15.1719188051396,6.88404029636772,15.1402465215754,6.76799208915227,15.1040597598942,6.65662563088888,15.075847503845,6.55624732085602
34.6666666666667,15.3787633367789,7.5431810856037,15.3507878606993,7.43637329800277,15.3164438465464,7.3235209964714,15.2804861900316,7.22174100044595,15.2472386040141,7.11443533612415,15.2128999091437,6.99801984854302,15.17191863513,6.88412678333214,15.1402325080829,6.76815140724464,15.1040330227937,6.65679984625742,15.0757848035433,6.55649923761586
34.8333333333333,15.3787256143142,7.54318771159081,15.350771862124,7.43639917318795,15.3164333527286,7.32357506485677,15.2804802914467,7.22178265534076,15.2472295704419,7.11449657379819,15.212909367477,6.99810909954871,15.1719184786221,6.88421696369007,15.1402186829517,6.76831752895661,15.1040067305209,6.65698150142817,15.075718737701,6.55676191238679
35,15.3786865867971,7.5431944795391,15.3507550813231,7.43642590550906,15.316422216824,7.32363024044458,15.2804741905682,7.22182516323683,15.2472208704237,7.11455906548604,15.212919443116,6.99820017822005,15.1719183356332,6.88430899074475,15.1402050066825,6.76848705247838,15.1039810019219,6.65716687650003,15.0756504830328,6.55702996616327
35.1666666666667,15.3786469144635,7.54320146693438,15.3507377501065,7.43645303406869,15.3164105636939,7.32368541603238,15.2804679910099,7.2218676711329,15.2472125901094,7.11462155717389,15.21293003165,6.99829125689139,15.1719182061806,6.88440101779942,15.1401914397758,6.76865657600015,15.1039559558423,6.65735225157189,15.0755812162532,6.55729801993976
35.3333333333333,15.3786072575495,7.54320875126243,15.3507201002839,7.43648009796939,15.3163985181998,7.32373948441776,15.2804617963856,7.22190932602771,15.2472048156486,7.11468279484793,15.2129410286682,6.99838050789708,15.1719180902813,6.88449119815735,15.1401779427323,6.76882269771212,15.1039317111282,6.65753390674264,15.0755121140767,6.55756069471069
35.5,15.3785682762909,7.54321641000904,15.3507023636649,7.43650663631374,15.3163862052032,7.32379133839827,15.2804557103091,7.22194927492,15.2471976331911,7.11474152449436,15.2129523297599,6.99846610357148,15.1719179879528,6.88457768512178,15.1401644760526,6.76898201580449,15.1039083866253,6.65770812211118,15.075444353218,6.55781261147053
35.6666666666667,15.3785306309239,7.54322452066001,15.3506847720593,7.43653218820432,15.3163737495654,7.32383987077149,15.2804498363942,7.22198666480851,15.2471911288866,7.11479649209939,15.2129638305143,6.99854621624894,15.1719178992121,6.88465863199596,15.1401510002372,6.76913112846745,15.1038861011796,6.65787117777639,15.0753791103916,6.55804839121373
35.8333333333333,15.3784949816844,7.54323316070113,15.3506675572768,7.43655629274368,15.3163612761481,7.32388397433499,15.2804442782546,7.22202064269199,15.2471853888848,7.11484644364921,15.2129754265206,6.99861901826382,15.1719178240766,6.88473219208314,15.1401374757869,6.76926663389121,15.1038649736368,6.65801935383718,15.0753175623121,6.55826265493473
36,15.3784619888084,7.54324240761818,15.3506509511272,7.4365784890344,15.3163489098125,7.32392254188633,15.2804391395042,7.22205035556918,15.2471804993355,7.11489012513001,15.2129870133681,6.99868268195048,15.1719177625634,6.88479651868658,15.1401238632021,6.76938513026596,15.1038451228429,6.65814893039242,15.0752608856941,6.55845002362799
36.1666666666667,15.378432312532,7.54325233889696,15.35063518542,7.43659831617905,15.3163367754203,7.32395446622309,15.2804345237566,7.22207495043881,15.2471765463883,7.114926282528,15.212998486646,6.99873537964326,15.1719177146899,6.88484976510952,15.1401101229836,6.7694832157819,15.1038266676438,6.65825618754102,15.0752102572522,6.55860511828796
36.3333333333333,15.378406613091,7.54326303202326,15.3506204919652,7.4366153132802,15.3163249978328,7.32397864014283,15.2804305346258,7.22209357429963,15.247173616193,7.11495366182936,15.2130097419435,6.99877528367652,15.1719176804731,6.88489008465521,15.1400962156319,6.76955748862923,15.1038097268852,6.65833740538187,15.0751668537009,6.5587225599091
36.5,15.3783855507216,7.54327456448287,15.3506071025723,7.43662901944041,15.3163137019116,7.32399395644312,15.2804272757255,7.22210537415038,15.2471717948994,7.1149710090203,15.2130206748498,6.99880056638462,15.1719176599305,6.88491563062691,15.1400821016477,6.76960454699815,15.103794419413,6.65838886401386,15.0751318517548,6.55879696948585
36.6666666666667,15.3783697856597,7.54328701376158,15.3505952490511,7.43663897376226,15.316303012518,7.32399930792154,15.2804248506695,7.2221094969898,15.2471711686572,7.11497707008701,15.2130311809543,6.9988094001019,15.1719176530791,6.88492455632786,15.1400677415316,6.76962098907886,15.1037808640732,6.65840684353588,15.0751064281286,6.55882296801266
36.8333333333333,15.3783569377941,7.54330124824868,15.350583947432,7.43664640957845,15.3162919946113,7.32399780661666,15.2804228855318,7.22210724010479,15.2471730777054,7.11497358784814,15.2130414045967,6.99880488633189,15.1719182101882,6.88491909644012,15.1400525232418,6.76961102199138,15.1037682018615,6.65839476410915,15.0750863132741,6.55880162123136
37,15.3783442246418,7.54331800327784,15.3505721376207,7.43665293947238,15.3162797584629,7.32399350977858,15.2804209429495,7.22210078074426,15.247178547944,7.11496362144034,15.2130515925098,6.99879196761084,15.1719198481762,6.88490346986487,15.1400360106352,6.76958249549961,15.1037555412389,6.6583601919568,15.0750665053988,6.55874052527107
37.1666666666667,15.3783317028808,7.54333715675144,15.3505599372404,7.43665867142267,15.3162664969024,7.32398672802209,15.2804190313809,7.22209058584993,15.2471871940141,7.11494789132682,15.2130617938725,6.99877157782218,15.171922517034,6.88487880623405,15.14001842806,6.76953747175959,15.1037429522492,6.65830562627056,15.0750470828508,6.55864409670724
37.3333333333333,15.3783194291894,7.54335858657189,15.3505474639143,7.43666371340797,15.3162524027596,7.323977771962,15.2804171592841,7.22207712236353,15.2471986305566,7.1149271179708,15.2130720578634,6.99874465084937,15.1719261667524,6.8848462351796,15.1399999998645,6.76947801292734,15.1037305049361,6.65823356624217,15.075028123978,6.55851675211531
37.5,15.3783074602457,7.54338217064155,15.3505348352653,7.4366681734069,15.3162376688642,7.32396695221309,15.2804153351176,7.22206085722678,15.2472124722125,7.11490202183548,15.2130824336613,6.99871212057586,15.1719307473223,6.88480688633348,15.1399809503969,6.76940618115891,15.1037182693434,6.65814651106335,15.0750097071286,6.55836290807073
37.6666666666667,15.3782958527277,7.54340778686281,15.3505221689166,7.43667215939809,15.3162224880457,7.32395457939019,15.2804135673395,7.2220422573814,15.2472283336229,7.1148733233841,15.2130929704449,6.99867492088511,15.1719362087346,6.88476188932763,15.1399615040055,6.76932403861033,15.1037063155149,6.65804695992586,15.0749919106505,6.55818698114894
37.8333333333333,15.3782846633137,7.54343531313806,15.3505095824913,7.43667577936019,15.316207053134,7.32394096410807,15.2804118644082,7.22202178976912,15.2472458294286,7.11484174307986,15.2131037173929,6.99863398566055,15.1719425009802,6.884712373794,15.1399418850385,6.76923364743761,15.1036947134943,6.65793741202142,15.0749748128917,6.55799338792538
38,15.3782739486817,7.54346462736968,15.3504971936125,7.43667914127181,15.3161915569587,7.32392641698156,15.2804102347818,7.22199992133166,15.2472645742708,7.11480800138597,15.2131147236841,6.99859024878564,15.17194957405,6.88465946936452,15.1399223178442,6.76913706979681,15.1036835333253,6.65782036654177,15.0749584922002,6.55778654497549
38.1666666666667,15.3782637655099,7.54349560746006,15.3504851199032,7.43668235311159,15.3161761923495,7.32391124862544,15.2804086869187,7.22197711901076,15.2472841827904,7.11477281876565,15.2131260384972,6.99854464414383,15.1719573779348,6.88460430567116,15.1399030267708,6.76903636784394,15.1036728450517,6.65769832267865,15.0749430269242,6.55757086887471
38.3333333333333,15.3782541704765,7.54352813131159,15.3504734789867,7.43668552285816,15.316161152136,7.32389576965452,15.2804072292771,7.22195384974813,15.2473042696284,7.11473691568212,15.2131377110109,6.99849810561857,15.1719658626255,6.88454801234585,15.1398842361665,6.76893360373503,15.1036627187173,6.6575737796238,15.0749284954115,6.55735077619849
38.5,15.3782452202596,7.54356207682664,15.3504623884859,7.43668875849015,15.316146629148,7.3238802906836,15.2804058703153,7.2219305804855,15.2473244494258,7.11470101259859,15.213149790404,6.99845156709332,15.1719749781131,6.88449171902054,15.1398661703797,6.76883083962613,15.1036532243658,6.65744923656894,15.0749149760102,6.55713068352228
38.6666666666667,15.3782369715372,7.5435973219076,15.350451966024,7.4366921679862,15.3161328162152,7.32386512232748,15.2804046184916,7.2219077781646,15.2473443368236,7.11466582997827,15.2131623258552,6.99840596245151,15.1719846743884,6.88443655532717,15.1398490537586,6.76873013767326,15.1036444320409,6.65732719270582,15.0749025470684,6.5569150074215
38.8333333333333,15.3782294809876,7.54363374445686,15.350442329224,7.43669585932494,15.3161199061672,7.32385057520097,15.2804034822642,7.22188590972715,15.2473635464629,7.11463208828438,15.2131753665433,6.9983622255766,15.1719949014422,6.8843836508977,15.1398331106514,6.76863356003245,15.1036364117865,6.65721014722618,15.074891286934,6.55670816447161
39,15.3782228052889,7.5436712223768,15.3504335957091,7.43669994048499,15.3161080918337,7.32383695991885,15.2804024700914,7.22186544211487,15.2473816929845,7.11460050798014,15.2131889616469,6.99832129035204,15.1720056092655,6.88433413536406,15.1398185654064,6.76854316885974,15.1036292336463,6.65710059932174,15.074881273955,6.55651457124805
39.1666666666667,15.3782170011192,7.54370963356981,15.3504258831024,7.436704519445,15.3160975660445,7.32382458709595,15.2804015904315,7.22184684226949,15.2473983910295,7.11457180952875,15.2132031603449,6.99828409066129,15.1720167478492,6.88428913835821,15.1398056423719,6.76846102631115,15.103622967664,6.65700104818424,15.0748725864796,6.55633864432625
39.3333333333333,15.3782121251567,7.54374885593827,15.3504193090269,7.43670970418358,15.3160885216291,7.32381376734704,15.2804008517428,7.22183057713273,15.2474132552389,7.11454671339344,15.2132180118158,6.99825156038778,15.1720282671841,6.88424978951209,15.139794565896,6.76838919454272,15.1036176838834,6.65691399300543,15.0748653028556,6.55618480028167
39.5,15.3782082340794,7.54378876738456,15.3504139911057,7.43671560267938,15.3160811514173,7.32380481128695,15.2804002624834,7.22181711364633,15.2474259002537,7.11452594003742,15.2132335652386,6.99822463341497,15.1720401172611,6.88421721845764,15.1397855603271,6.76832973571048,15.1036134523483,6.65684193297704,15.0748595014312,6.55605745568975
39.6666666666667,15.3782053845656,7.54382924581108,15.350410046962,7.43672232291102,15.3160756482388,7.32379802953046,15.2803998311117,7.221806918752,15.2474359407149,7.1145102099239,15.2132498697918,6.99820424362631,15.1720522480711,6.88419255482682,15.1397788500133,6.76828471197046,15.1036103431024,6.65678736729079,15.0748552605543,6.55596102712592
39.8333333333333,15.3782036332934,7.5438701691202,15.3504075942189,7.43672997285714,15.3160722049233,7.32379373269237,15.280399566086,7.22180045939147,15.2474429912635,7.11450024351609,15.2132669746543,6.99819132490525,15.172064609605,6.88417692825157,15.139774659303,6.76825618547869,15.1036084261894,6.65675279513844,15.0748526585729,6.55589993116563
40,15.3782030369408,7.54391141521431,15.3504067504994,7.43673866049637,15.3160710143004,7.3237922313875,15.2803994758645,7.22179820250647,15.2474466665405,7.11449676127722,15.2132849290048,6.99818681113525,15.1720771518536,6.88417146836383,15.1397732125444,6.76824621839121,15.1036077716531,6.65674071571172,15.0748517738351,6.55587858438433
40.1666666666667,15.3782036920071,7.54395487274341,15.3504081024318,7.43675435668978,15.3160719734681,7.32379715469474,15.2803996861128,7.22180276854037,15.2474484890036,7.11450187294107,15.2133063797855,6.99819297404102,15.1720929135307,6.88417942823627,15.1397795988391,6.76825916180739,15.1036138951373,6.65675476950218,15.0748606568294,6.55589420518228
40.3333333333333,15.3782056089677,7.54400228126182,15.3504119995319,7.43678217210468,15.3160747291719,7.32381132956647,15.2804002878582,7.22181585022112,15.2474502366711,7.11451650287555,15.2133334563004,6.99821061270238,15.1721144892906,6.88420220994014,15.1397978768549,6.76829620675715,15.1036314209714,6.65679499241971,15.0748860805715,6.55593891298332
40.5,15.3782087154651,7.54405329502846,15.3504182037537,7.43682092442906,15.3160790987133,7.32383386342772,15.2804012376009,7.22183652291724,15.2474519075247,7.11453959349502,15.2133654312708,6.99823845203537,15.1721411630358,6.88423816660529,15.1398267252895,6.76835467529231,15.1036590822276,6.65685847678352,15.0749262072007,6.55600947589822
40.6666666666667,15.3782129391418,7.54410756830223,15.3504264770513,7.43686943135089,15.3160848993937,7.32386386370353,15.2804024918413,7.22186386199729,15.2474534995463,7.11457008721386,15.213401577418,6.99827521695603,15.1721722186684,6.88428565136156,15.1398648228406,6.7684318894647,15.1036956119782,6.65694231491283,15.0749791988561,6.55610266203774
40.8333333333333,15.3782182076403,7.54416475534205,15.3504365813788,7.43692651055816,15.3160919485146,7.32390043781891,15.2804040070796,7.2218969428298,15.2474550107177,7.11460692644645,15.2134411674632,6.99831963238041,15.1722069400906,6.88434301733879,15.1399108482057,6.76852517132614,15.1037397432954,6.65704359912686,15.0750432176767,6.55621523951265
41,15.3782244486031,7.54422451040683,15.3504482786903,7.43699097973886,15.3161000633772,7.3239426931989,15.2804057398163,7.22193484078333,15.2474564390206,7.11464905360716,15.2134834741277,6.99837042322456,15.1722446112048,6.88440861766682,15.1399634800826,6.76863184292846,15.1037902092514,6.6571594217448,15.0751164258018,6.55634397643373
41.1666666666667,15.3782315896727,7.54428648775546,15.3504613309399,7.43706165658096,15.3161090612831,7.32398973726853,15.2804076465517,7.2219766312264,15.247457782437,7.11469541111037,15.2135277701327,6.99842631440452,15.1722845159132,6.88448080547548,15.1400213971689,6.76874922632348,15.1038457429185,6.65728687508589,15.0751969853704,6.55648564091172
41.3333333333333,15.3782395584915,7.54435034164686,15.3504755000817,7.43713735877246,15.3161187595336,7.32404067745282,15.280409683786,7.22202138952757,15.2474590389485,7.11474494137046,15.2135733281996,6.99848603083635,15.172325938118,6.88455793389462,15.1400832781622,6.76887464356303,15.1039050773689,6.65742305146934,15.0752830585216,6.55663700105742
41.5,15.3782482827022,7.54441572633994,15.3504905480697,7.43721690400132,15.3161289754301,7.32409462117681,15.2804118080197,7.22206819105538,15.247460206537,7.11479658680179,15.2136194210496,6.99854829743608,15.1723681617215,6.88463835605408,15.1401478017602,6.76900541669892,15.1039669456748,6.65756504321436,15.0753728073945,6.55679482498158
41.6666666666667,15.3782576899471,7.54448229609361,15.3505062368581,7.43729910995554,15.316139526274,7.32415067586552,15.280413975753,7.22211611117837,15.2474612831843,7.11484928981875,15.2136653214039,6.99861183911976,15.1724104706259,6.8847204250837,15.1402136466606,6.76913886778299,15.1040300809085,6.65770994264016,15.0754643941284,6.55695588079497
41.8333333333333,15.3782677078688,7.54454970516677,15.3505223284009,7.43738279432311,15.3161502293668,7.32420794894397,15.2804161434864,7.22216422526507,15.2474622668722,7.11490199283571,15.2137103019839,6.99867538080345,15.1724521487335,6.88480249411332,15.1402794915609,6.76927231886707,15.1040932161422,6.65785484206596,15.0755559808622,6.55711693660836
42,15.3782782641098,7.54461760781833,15.3505385846523,7.43746677479199,15.3161609020098,7.32426554783721,15.2804182677201,7.22221160868405,15.2474631555825,7.11495363826704,15.2137536355108,6.99873764740318,15.1724924799465,6.88488291627278,15.140344015159,6.76940309200296,15.1041550844481,6.65799683381098,15.0756457297352,6.55727476053252
42.1666666666667,15.3782892863126,7.5446856583072,15.3505547675663,7.43754986905018,15.3161713615045,7.32432257997025,15.2804203049544,7.22225733680383,15.247463947297,7.11500316852713,15.2137945947058,6.998797363835,15.1725307481672,6.88496004469193,15.1404058961523,6.76952850924251,15.1042144188985,6.65813301019442,15.0757318028864,6.55742612067822
42.3333333333333,15.3783007021197,7.5447535108923,15.350570639097,7.43763089478566,15.3161814251521,7.32437815276813,15.2804222116898,7.22230048499296,15.2474646399975,7.11504952603034,15.2138324522903,6.99885325501497,15.1725662372979,6.88503223250059,15.1404638132386,6.76964589263753,15.1042699525656,6.65826046353551,15.0758123624549,6.55756778515622
42.5,15.3783124391735,7.54482081983252,15.3505859611985,7.43770866968641,15.3161909102543,7.32443137365588,15.2804239444265,7.22234012861998,15.2474652316658,7.11509165319105,15.2138664809855,6.99890404585912,15.1725982312407,6.88509783282861,15.1405164451154,6.76975256423985,15.1043204185216,6.65837628615346,15.07588557058,6.55769652207729
42.6666666666667,15.3783244251166,7.54488723938677,15.3506004958249,7.43778201144042,15.3161996341122,7.32448135005852,15.2804254596648,7.22237534305344,15.2474657202837,7.11512849242364,15.2138959535126,6.9989484612835,15.172626013898,6.88515519880584,15.1405624704806,6.76984584610129,15.1043645498388,6.65847757036748,15.0759495894006,6.5578090995522
42.8333333333333,15.3783365875915,7.54495242381397,15.3506140049303,7.43784973773566,15.3162074140275,7.32452718940108,15.2804267139052,7.22240520366187,15.247466103833,7.11515898614248,15.213920142593,6.99898522620416,15.172648869172,6.88520268356211,15.1406005680316,6.76992306027368,15.1044010795894,6.65856140849679,15.076002581056,6.55790228569172
43,15.3783488542407,7.54501602737303,15.3506262504687,7.43791066626013,15.3162140673014,7.32456799910858,15.2804276636479,7.22242878581383,15.2474663802955,7.11518207676195,15.2139383209479,6.99901306553714,15.1726660809649,6.88523864022726,15.1406294164662,6.76998152880884,15.1044287408456,6.65862489286061,15.0760427076852,6.55797284860662
43.1666666666667,15.3783611527066,7.54507770432284,15.3506369943943,7.4379636147018,15.3162194112353,7.32460288660607,15.2804282653933,7.22244516487784,15.247466547653,7.11519670669642,15.2139497612986,6.9990307041985,15.172676933179,6.88526142193114,15.140647694482,6.7700185737586,15.1044462666797,6.65866511577814,15.0760681314273,6.55801755640766
43.3333333333333,15.3783734106318,7.54513710892232,15.3506459986612,7.43800740074865,15.3162232631307,7.32463095931857,15.2804284756416,7.22245341622247,15.2474666038873,7.11520181836028,15.2139537363663,6.99903686710428,15.1726807097165,6.88526938180357,15.1406540807767,6.77003151717478,15.1044523901639,6.6586791695686,15.0760770144216,6.55803317720562
43.5,15.3783875607925,7.54519531587046,15.3506537568851,7.43804450699627,15.3162261160384,7.32465417709512,15.280428107707,7.22245702651581,15.2474645539656,7.11519718961068,15.2139498336307,6.9990303231233,15.1726765178893,6.88525913547995,15.1406480492762,6.77001462503112,15.1044440984932,6.65865953105542,15.0760632431524,6.55801203738756
43.6666666666667,15.3784052749668,7.54525358928179,15.3506609630005,7.4380784488462,15.3162286132243,7.32467526121247,15.2804270546526,7.2224601363422,15.2474586869482,7.11518394181012,15.2139386637321,6.99901159379845,15.1726645205909,6.8852298097951,15.1406307867057,6.76996627855101,15.1044203671599,6.65860332427632,15.0760238288302,6.55795153377038
43.8333333333333,15.3784260893003,7.54531186753859,15.3506676794396,7.43810959319544,15.3162307973122,7.32469446123711,15.2804253926028,7.22246280194457,15.2474494269568,7.11516303263092,15.2139210341332,6.99898203305682,15.1726455850957,6.88518352467806,15.1406035409619,6.7698899726607,15.1043829116821,6.65851461237195,15.0759616206832,6.55785604010953
44,15.3784495399385,7.54537008902311,15.3506739686346,7.43813830694097,15.3162327109261,7.32471202673557,15.2804231976822,7.2224650795658,15.2474371981133,7.11513541974542,15.2138977522964,6.9989429948255,15.1726205786785,6.88512240005783,15.1405675599415,6.76978920228648,15.1043334475777,6.65839745848298,15.0758794679393,6.55772993016046
44.1666666666667,15.3784751630268,7.54542819211762,15.3506798930178,7.43816495697976,15.3162343966896,7.32472820727436,15.2804205460151,7.2224670254488,15.2474224245393,7.11510206082593,15.2138696256844,6.99889583303159,15.1725903686137,6.88504855586346,15.1405240915411,6.76966746235462,15.104273690365,6.65825592575006,15.0757802198269,6.55757757767864
44.3333333333333,15.3785024947109,7.54548611520437,15.3506855150212,7.43818991020881,15.3162358972268,7.32474325242002,15.2804175137259,7.22246869583648,15.2474055303566,7.1150639135448,15.2138374617596,6.99884190160219,15.172555822176,6.88496411202396,15.1404743836573,6.76952824779139,15.1042053555619,6.65809407731386,15.0756667255738,6.55740335641952
44.5,15.3785310711361,7.54554379666563,15.3506908970771,7.4382135335251,15.3162372551614,7.32475741173905,15.280414176939,7.22247014697174,15.2473869396869,7.11502193557434,15.2138020679847,6.99878255446441,15.17251780664,6.88487118846836,15.140419684187,6.76937505352307,15.1041301586865,6.65791597631502,15.0755418344084,6.55721164013857
44.6666666666667,15.378560428448,7.54560117488365,15.3506961016176,7.43823619382561,15.3162385131174,7.32477093479798,15.2804106117789,7.22247143509748,15.247367076652,7.1149770845869,15.2137642518221,6.99871914554533,15.1724771892802,6.88477190512568,15.1403612410266,6.76921137447593,15.1040498152569,6.6577256858942,15.0754083955586,6.55700680259124
44.8333333333333,15.3785901027921,7.54565818824071,15.3507011910751,7.43825825800732,15.3162397137185,7.32478407116332,15.28040689437,7.2224726164566,15.2473463653736,7.1149303182548,15.2137248207344,6.99865302877205,15.1724348373712,6.88466838192496,15.1403003020729,6.76904070557623,15.1039660407912,6.65752726919207,15.0752692582526,6.55679321753299
45,15.3786196303139,7.54571477511905,15.3507062278816,7.43828009296722,15.3162408995887,7.32479707040159,15.2804031008366,7.22247374729201,15.2473252299735,7.11488259425037,15.2136845821842,6.99858555807168,15.1723916181876,6.8845627387952,15.1402381152226,6.76886654175027,15.1038805508073,6.65732478934929,15.0751272717185,6.55657525871929
45.1666666666667,15.378648547159,7.54577087390095,15.3507112744694,7.43830206560228,15.3162421133518,7.32481018207931,15.2803993073032,7.22247488384661,15.2473040945734,7.11483487024594,15.213644343634,6.9985180873713,15.172348399004,6.88445709566545,15.1401759283722,6.76869237792431,15.1037950608235,6.6571223095065,15.0749852851843,6.55635729990558
45.3333333333333,15.3786763894727,7.54582642296866,15.3507163932706,7.4383245428095,15.3162433976317,7.324823655763,15.2803955898943,7.2224760823633,15.247283383295,7.11478810391384,15.2136049125463,6.99845197059803,15.172306047095,6.88435357246473,15.1401149894186,6.76852170902462,15.1037112863578,6.65692389280437,15.0748461478783,6.55614371484733
45.5,15.3787026934007,7.54588136070444,15.3507216467175,7.43834789148585,15.3162447950523,7.32483774101918,15.2803920247342,7.222477399085,15.2472635202601,7.1147432529264,15.2135670963837,6.99838856167895,15.1722654297352,6.88425428912205,15.1400565462582,6.76835802997747,15.1036309429282,6.65673360238356,15.0747127090285,6.5559388773
45.6666666666667,15.3787269950884,7.54593562549056,15.3507270972422,7.43837247852833,15.3162463482373,7.32485268741437,15.2803886879473,7.22247889025459,15.2472449295905,7.11470127495595,15.2135317026088,6.99832921454116,15.1722274141992,6.88416136556645,15.1400018467878,6.76820483570915,15.1035557460528,6.65655550138472,15.0745878178631,6.55574716101905
45.8333333333333,15.3787488306814,7.54598915570928,15.350732807277,7.4383986708339,15.3162480998107,7.32486874451509,15.2803856556581,7.22248061211499,15.2472280354078,7.11466312767481,15.213499538684,6.99827528311177,15.1721928677615,6.88407692172695,15.1399521389041,6.76806562114592,15.1034874112497,6.65639365294851,15.0744743236101,6.55557293975994
46,15.3787677363251,7.54604188974285,15.350738839254,7.43842683529956,15.3162500923963,7.32488616188785,15.280383003991,7.2224826209091,15.2472132618338,7.11462976875533,15.213471412072,6.99822812131786,15.1721626576967,6.88400307753257,15.1399086705037,6.76794388121406,15.1034276540369,6.65625212021559,15.0743750754976,6.55542058727811
46.1666666666667,15.3787832481651,7.54609376597354,15.3507452556054,7.43845733882228,15.316252368618,7.32490518909917,15.2803808090704,7.22248497287982,15.2472010329902,7.11460215586982,15.2134481302353,6.99818908308654,15.1721376512794,6.88394195291235,15.1398726894833,6.76784311083984,15.1033781899326,6.65613496632662,15.0742929227538,6.55529447732905
46.3333333333333,15.3787949023468,7.5461447227836,15.3507521187635,7.43849054829906,15.3162549710997,7.32492607571558,15.2803791470206,7.22248772427005,15.2471917729989,7.11458124669062,15.2134305006363,6.99815952234491,15.1721187157843,6.8838956677953,15.1398454437395,6.76776680494954,15.1033407344547,6.65604625442226,15.0742307146067,6.55519898366819
46.5,15.3788022350158,7.54619469855531,15.3507594911603,7.43852683062687,15.3162579424651,7.32494907130359,15.2803780939662,7.2224909313227,15.2471859059814,7.11456799889006,15.2134193307378,6.99814079302005,15.1721067184858,6.88386634211045,15.139828181169,6.76771845846942,15.1033170031215,6.65599004764316,15.0741913002845,6.55513848005101
46.6666666666667,15.3788047823176,7.54624363167092,15.3507674352282,7.4385665527027,15.3162613253383,7.32497442542972,15.2803777260316,7.22249465028067,15.2471838560597,7.11456337014047,15.2134154280021,6.99813424903908,15.1721025266587,6.88385609578683,15.1398221496685,6.76770156632576,15.1033087114508,6.65597040912998,15.0741775290153,6.55511734023296
46.8333333333333,15.3788030505525,7.54629348056215,15.3507767139584,7.43861545033451,15.3162672645194,7.32500613620297,15.2803805800209,7.22250745620921,15.2471864657457,7.1145776965968,15.2134185339358,6.99814447268768,15.1721076908846,6.88386569677506,15.1398251391377,6.76771730591976,15.1033164446492,6.65598763630759,15.0741873384165,6.55513714074882
47,15.3787979613216,7.54634588113,15.350787880906,7.4386778856892,15.3162777014718,7.32504730516508,15.2803889408499,7.22253665742152,15.2471940821368,7.11461869990287,15.2134275336428,6.99817392590915,15.1721224712554,6.88389354116828,15.1398336952047,6.76776291889415,15.1033385775963,6.65603760610083,15.0742154135993,6.55519452585547
47.1666666666667,15.3787896737214,7.54640028796067,15.3508006843494,7.43875216520215,15.3162923738135,7.32509683703168,15.28040250681,7.22258041003241,15.2472063862331,7.11468341596425,15.2134419499825,6.99822078211701,15.1721457993106,6.88393819110926,15.1398471993588,6.76783599653759,15.1033735103201,6.65611775090029,15.0742597250323,6.55528647089153
47.3333333333333,15.3787783468486,7.54645615564035,15.3508148725665,7.43883659530871,15.3163110191628,7.32515363651839,15.2804209761929,7.2226368701567,15.2472230590344,7.11476888068653,15.213461305814,6.99828321472478,15.1721766065895,6.88399820874079,15.139865033089,6.76793413013869,15.1034196428485,6.65622550309655,15.0743182431842,6.55540995119561
47.5,15.3787641397996,7.54651293875522,15.3508301938356,7.43892948244428,15.3163333751376,7.32521660834085,15.2804440472901,7.22270419390919,15.2472437815405,7.1148721299753,15.2134851239964,6.998359397146,15.1722138246317,6.88407215620567,15.1398865778844,6.76805491098608,15.1034753752094,6.65635829508021,15.0743889385239,6.55556194210631
47.6666666666667,15.3787472116711,7.54657009189149,15.3508463964348,7.43902913304421,15.3163591793561,7.32528465721467,15.280471418393,7.22278053740471,15.2472682347514,7.11499019973614,15.213512927389,6.99844750279417,15.1722563849766,6.88415859564668,15.1399112152342,6.7681959303684,15.1035391074307,6.65651355924187,15.07446978152,6.55573941896225
47.8333333333333,15.3787277215595,7.54662706963535,15.3508632286423,7.43913385354389,15.3163881694366,7.3253566878555,15.2805027877933,7.22286405675805,15.247296099667,7.11512012587464,15.213544238851,6.99854570508281,15.1723032191636,6.88425608920659,15.1399383266274,6.76835477957427,15.1036092395403,6.6566887279721,15.0745587426412,6.55593935710204
48,15.3787058285615,7.54668332657298,15.3508804387362,7.43924195037867,15.316420082997,7.32543160497895,15.2805378537823,7.22295290808405,15.2473270572872,7.11525894429638,15.2135785812415,6.99865217742546,15.1723532587323,6.8843631990282,15.1399672935533,6.76852904989234,15.1036841715661,6.6568812336615,15.0746537923562,6.55615873186429
48.1666666666667,15.3786816917736,7.54673831729058,15.3508977749947,7.43935172998395,15.3164546576555,7.32550831330065,15.2805763146518,7.2230452474975,15.2473607886117,7.11540369090695,15.2136154774198,6.99876509323563,15.1724054352221,6.8844784872543,15.1399974975009,6.76871633261121,15.1037623035362,6.65708850870067,15.0747529011338,6.55639451858761
48.3333333333333,15.3786554702925,7.54679149637435,15.3509149856959,7.43946149879508,15.3164916310302,7.32558571753623,15.2806178686931,7.22313923111323,15.2473969746406,7.11555140161193,15.213654450245,6.99888262592683,15.1724586801724,6.88460051602767,15.1400283199594,6.76891421901954,15.1038420354783,6.65730798548019,15.0748540394427,6.55664369261061
48.5,15.3786273232145,7.54684231841048,15.350931819118,7.43956956324744,15.3165307407393,7.32566272240131,15.2806622141979,7.22323301504604,15.2474352963738,7.11569911231692,15.2136950225764,6.9990029489126,15.1725119251227,6.88472784749109,15.140059142418,6.76912030040594,15.1039217674204,6.65753709639066,15.0749551777516,6.5569032292719
48.6666666666667,15.3785974096363,7.54689023798515,15.3509480235391,7.4396742297764,15.3165717244009,7.32573823261154,15.2807090494576,7.22332475541076,15.247475434811,7.11584385892749,15.213736717273,6.99912423560645,15.1725641016124,6.88485904378735,15.1400893463656,6.76933216805905,15.1039998993904,6.65777327382266,15.0750542865292,6.55717010391009
48.8333333333333,15.3785658886545,7.54693470968456,15.3509633472373,7.43977380481733,15.3166143196331,7.32581115288252,15.2807580727637,7.22341260832219,15.2475170709523,7.11598267734923,15.2137790571942,6.99924465942191,15.1726141411811,6.88499266705924,15.1401183132915,6.76954741326749,15.1040748314163,6.65801395016679,15.0751493362443,6.5574412918638
49,15.3785329193657,7.54697518809491,15.3509775384909,7.43986659480562,15.316658264054,7.32588038792989,15.2808089824079,7.22349472989514,15.2475598857974,7.11611260348772,15.2138215651991,6.99936239377248,15.1726609753681,6.88512727944955,15.1401454246847,6.7697636273199,15.1041449635259,6.65825655781364,15.0752382973655,6.55771376847163
49.1666666666667,15.3784986608663,7.54701112780238,15.350990345578,7.43995090617662,15.3167032952818,7.32594484246929,15.2808614766817,7.22356927624444,15.2476035603464,7.11623067324856,15.2138637641468,6.99947561207171,15.172703535713,6.88526144310105,15.1401700620345,6.76997840150491,15.1042086957472,6.65849852915379,15.0753191403615,6.5579845090722
49.3333333333333,15.378463272253,7.54704198339317,15.3510015167767,7.44002504536571,15.3167491509346,7.32600342121632,15.2809152538764,7.22363440348488,15.247647775599,7.11633392253733,15.2139051768966,6.9995824877331,15.1727407537552,6.88539372015653,15.1401916068299,6.77018932711115,15.104264428108,6.65873729657785,15.0753898357012,6.55825048900412
49.5,15.3784269126222,7.54706720945347,15.3510108003652,7.44008731880827,15.3167955686305,7.32605502888663,15.2809700122838,7.2236882677313,15.2476922125552,7.11641938725961,15.2139453263077,6.99968119417018,15.1727715610341,6.88552267275879,15.1402094405601,6.77039399542725,15.1043105606364,6.6589702924764,15.0754483538532,6.55850868360599
49.6666666666667,15.3783897410707,7.54708626056947,15.3510179446216,7.44013603293966,15.3168422859876,7.32609857019583,15.2810254501953,7.22372902509849,15.2477365522148,7.116484103321,15.2139837352392,6.99976990479647,15.1727948890893,6.8856468630506,15.1402229447141,6.77058999774183,15.1043454933602,6.65919494924004,15.0754926652861,6.55875606821643
49.8333333333333,15.3783519166949,7.54709859132737,15.3510226978241,7.44016949419525,15.3168890406241,7.32613294985957,15.2810812659025,7.22375483170128,15.2477804755778,7.11652510662706,15.2140199265504,6.99984679302549,15.1728096694601,6.88576485317476,15.1402315007812,6.77077492534353,15.1043676263073,6.65940869925934,15.0755207404689,6.55898961817405
50,15.3783135985914,7.54710365631336,15.3510248082508,7.44018600901043,15.3169355701581,7.32615707259346,15.2811371576968,7.22376384365447,15.247823663644,7.1165394330834,15.2140534231004,6.99991003227076,15.172814833686,6.88587520527404,15.1402344902504,6.77094636952098,15.1043753595057,6.65960897492492,15.0755305498701,6.55920630881746
50.1666666666667,15.3782738043258,7.54710481650169,15.3510254971942,7.44019295652268,15.316981783997,7.3261745042409,15.2811935895202,7.22376256792967,15.2478657727052,7.11653903819046,15.2140841675532,6.99996629718289,15.1728135064931,6.88598092815664,15.1402323763775,6.77110661060062,15.1043729509483,6.65979699287454,15.0755293885406,6.5594120895866
50.3333333333333,15.3782311820754,7.5471058089623,15.3510261535624,7.44019891895102,15.3170280825137,7.32618971322991,15.2812516213555,7.22375877203634,15.2479070258145,7.11653785675451,15.2141126838695,7.00002322438949,15.1728097079754,6.8860861182446,15.1402260672054,6.7712603227516,15.104365749647,6.65997679094917,15.0755259096036,6.55961526659678
50.5,15.3781853368545,7.54710665242493,15.3510267770576,7.44020400735309,15.3170749397746,7.32620295815298,15.2813118455558,7.22375250289606,15.2479479541144,7.11653589363989,15.2141393668536,7.00008043026955,15.1728037127246,6.88619096910143,15.1402156114044,6.77140868802657,15.1043537921584,6.66015003334412,15.0755201206363,6.55981635019969
50.6666666666667,15.3781358736771,7.54710736561932,15.3510273673818,7.44020833278654,15.3171228298459,7.32621449760262,15.2813748544743,7.22374380743041,15.2479890887471,7.11653315371089,15.2141646113099,7.00013753120206,15.1727957953323,6.88629567429065,15.1402010576447,6.77155288847819,15.1043371150393,6.6603183842547,15.0755120292159,6.56001585074697
50.8333333333333,15.3780823975574,7.54710796727522,15.3510279242372,7.44021200630904,15.3171722267938,7.32622459017133,15.2814412404641,7.22373273256098,15.248030960855,7.11652964183183,15.2141888120427,7.00019414356604,15.1727862303902,6.88640042737581,15.1401824545966,6.77169410615913,15.104315754846,6.66048350787624,15.0755016429197,6.56021427859032
51,15.3780245135095,7.54710847612235,15.3510284473256,7.44021513897822,15.3172236046847,7.32623349445162,15.2815115958784,7.22371932520935,15.2480741015804,7.11652536286704,15.2142123638563,7.00024988374046,15.1727752924898,6.88650542192041,15.1401598509304,6.77183352312205,15.1042897481354,6.66064706840406,15.0754889693247,6.56041214408139
51.1666666666667,15.3779618265475,7.54710891089046,15.3510289363492,7.44021784185173,15.3172774375848,7.32624146903599,15.2815865130703,7.22370363229711,15.2481190420655,7.11652032168083,15.2142356615552,7.00030436810433,15.1727632562229,6.88661085148798,15.1401332953161,6.7719723214196,15.1042591314639,6.66081073003348,15.0754740160082,6.56060995757186
51.3333333333333,15.3778939416856,7.54710929030928,15.3510293910101,7.44022022598724,15.3173341995604,7.32624877251696,15.2816665843929,7.22368570074585,15.2481663134528,7.11651452313751,15.2142590999436,7.00035721303665,15.1727503961811,6.88671690964205,15.1401028364242,6.77211168310446,15.1042239413881,6.66097615695982,15.0754567905475,6.5608082294134
51.5,15.377820463938,7.54710963310856,15.3510298110103,7.44022240244238,15.3173943646778,7.32625566348702,15.2817524021993,7.22366557747714,15.2482164468846,7.11650797210141,15.2142830738259,7.00040803491641,15.172736986956,6.88682378994615,15.1400685229247,6.77225279022927,15.1041842144648,6.6611450133784,15.0754373005196,6.56100746995767
51.6666666666667,15.3777409983186,7.54710995801804,15.3510301960519,7.44022448227482,15.3174584070032,7.32626240053868,15.2818445588428,7.22364330941257,15.2482699735031,7.11650067343683,15.2143079780064,7.00045645012261,15.1727233031393,6.8869316859638,15.140030403488,6.77239682484672,15.1041399872504,6.66131896348455,15.0754155535019,6.56120818955635
51.8333333333333,15.3776551498418,7.54711028376744,15.3510305458369,7.44022657654219,15.317526800603,7.32626924226445,15.2819436466763,7.22361894347373,15.2483274244507,7.11649263200809,15.2143342072896,7.00050207503426,15.1727096193225,6.88704079125853,15.1399885267843,6.77254496900944,15.1040912963015,6.66149967147357,15.0753915570715,6.56141089856112
52,15.3775625235215,7.54711062908652,15.3510308600673,7.44022879630215,15.3176000195433,7.32627644725683,15.2820502580532,7.2235925265822,15.2483893308697,7.11648385267952,15.2143621564796,7.00054452603033,15.1726962100974,6.88715129939385,15.1399429414837,6.77269840477012,15.1040381781749,6.66168880154079,15.0753653188056,6.56161610732363
52.1666666666667,15.377462724372,7.547111012705,15.3510311384453,7.44023125261235,15.3176785378906,7.32628427410832,15.2821649853264,7.22356410565957,15.2484562239024,7.11647434031542,15.214392220381,7.00058341948984,15.1726833500556,6.8872634039333,15.1398936962567,6.7728583141814,15.103980669427,6.66188801788153,15.0753368462814,6.56182432619556
52.3333333333333,15.3773553574074,7.54711145335263,15.3510313806729,7.44023405653045,15.317762829711,7.32629298141145,15.2822884208492,7.22353372762742,15.2485286346912,7.11646409978012,15.2144247937979,7.00061837179178,15.1726713137887,6.8873772984404,15.1398408397732,6.77302587929595,15.1039188066145,6.66209898469111,15.0753061470761,6.56203606552858
52.5,15.3772400276419,7.54711196975915,15.3510315864522,7.44023731911408,15.3178533690708,7.32630282775869,15.2824211569747,7.22350143940734,15.2486070943784,7.11645313593792,15.2144602715348,7.00064899931515,15.1726603758884,6.88749317647868,15.1397844207038,6.77320228216643,15.103852626294,6.66232336616485,15.075273228767,6.56225183567436
52.6666666666667,15.3771163400894,7.54711258065429,15.3510317554851,7.44024115142091,15.3179506300363,7.32631407174258,15.2825637860559,7.22346728792091,15.2486921341062,7.11644145365315,15.2144990483961,7.00067491843894,15.1726508109462,6.88761123161166,15.1397244877184,6.7733887048455,15.103782165022,6.66256282649808,15.0752380989312,6.56247214698458
52.8333333333333,15.3769838997643,7.5471133047678,15.3510318874738,7.44024566450858,15.3180550866738,7.3263269719556,15.2827169004461,7.22343132008971,15.2487842850171,7.11642905779012,15.2145415191859,7.00069574554215,15.1726428935539,6.88773165740287,15.1396610894874,6.77358632938583,15.1037074593552,6.66281902988611,15.075200765146,6.56269750981089
53,15.3768423116805,7.54711416082941,15.3510319821204,7.44025096943475,15.3181672130496,7.32634178699027,15.2828810924984,7.22339358283534,15.2488840782533,7.11641595321315,15.2145880787088,7.00071109700379,15.1726368983031,6.88785464741582,15.1395942746811,6.77379633784007,15.1036285458502,6.66309364052425,15.0751612349884,6.56292843450498
53.1666666666667,15.3766911808524,7.54711516756886,15.3510320391268,7.44025717725706,15.3182874832299,7.32635877543909,15.2830569545659,7.22335412307937,15.2489920449572,7.11640214478655,15.214639121769,7.00072058920283,15.1726330997854,6.88798039521406,15.1395240919696,6.7740199122609,15.1035454610636,6.66338832260784,15.0751195160358,6.56316543141851
53.3333333333333,15.3765301122939,7.54711634371589,15.3510320581951,7.44026439903316,15.3184163712811,7.32637819589457,15.2832450790017,7.22331298774339,15.249108716271,7.11638763737464,15.2146950431709,7.00072383851829,15.1726317725925,6.88810909436109,15.1394505900231,6.77425823470096,15.1034582415519,6.6637047403322,15.0750756158653,6.56340901090315
53.5,15.3762955590946,7.54718828841181,15.3510085401399,7.44031763512859,15.3186011122368,7.3264066105886,15.2835218825202,7.2232312777543,15.2492930419754,7.11632381686114,15.2147666730608,7.00069246880228,15.1726440714917,6.88823517983903,15.1392511492943,6.77450865657194,15.1031341049621,6.66405267088198,15.0748345294222,6.56364820313745
53.6666666666667,15.3759275768267,7.54739183530744,15.3509391585874,7.44045653267183,15.3188834614579,7.32645030730392,15.2839572066069,7.22307569054288,15.2496002746284,7.11616887093687,15.2148646806294,7.0006026865116,15.1726807022682,6.88835410502215,15.1388205211021,6.77476927980764,15.1023729471585,6.66444174777085,15.0742216796144,6.56387390442436
53.8333333333333,15.3754311742284,7.54771235489672,15.3508256724569,7.44067317286497,15.3192556735015,7.32650913295926,15.2845417807718,7.22285466778653,15.2500253995388,7.11593300717682,15.2149892192471,7.00046098193235,15.1727412660406,6.88846759106229,15.1381848104165,6.77504241224385,15.1012238220244,6.66487341968761,15.0732677159634,6.56408942430218
54,15.3748113600378,7.54813521767362,15.3506698406682,7.44095963691012,15.3197100029243,7.32658293447338,15.285266334525,7.22257665116265,15.2505634020151,7.11562643315599,15.2151404422845,7.00027384535059,15.1728253639276,6.88857735911127,15.1373701222077,6.77533036171641,15.0997357834428,6.66534913532107,15.0720032879906,6.56429807230918
54.1666666666667,15.3740731429929,7.54864579413207,15.3504734221407,7.44130800600937,15.3202387042835,7.326671558765,15.2861215973764,7.22225008234864,15.2512092673659,7.11525935644937,15.2153185031122,7.00004776705239,15.1729325970475,6.88868513032093,15.1364025614457,6.77563543606111,15.0979578852969,6.66587034336002,15.0704590452174,6.56450315798366
54.3333333333333,15.3732215318319,7.54922945476605,15.3502381757939,7.44171036136482,15.3208340321359,7.32677485275288,15.2870982988362,7.2218834030219,15.2519579809,7.11484198463194,15.2155235551005,6.99978923732382,15.1730625665191,6.88879262584308,15.1353082331004,6.77595994311376,15.0959391814697,6.66643849249329,15.0686656371654,6.56470799086388
54.5,15.372261535293,7.5498715700695,15.3499658605474,7.44215878417855,15.3214882410384,7.32689266335576,15.2881871684143,7.22148505485983,15.252804527926,7.11438452527871,15.2157557516202,6.99950474645097,15.1732148734607,6.88890156682957,15.134113242142,6.77630619071019,15.0937287258445,6.66705503140966,15.0666537133558,6.56491588048815
54.6666666666667,15.3711981621143,7.55055751053638,15.3496582353207,7.44264535565266,15.3221935855481,7.32702483749238,15.2893789356208,7.22106347953983,15.2537438937524,7.11389718596465,15.2160152460417,6.9992007847199,15.1733891189911,6.88901367443221,15.1328436935405,6.7766764866862,15.0913755723044,6.66772140879795,15.0644539233102,6.56513013639474
54.8333333333333,15.3700364210339,7.55127264666065,15.3493170590333,7.44316215698926,15.3229423202219,7.32717122208148,15.2906643299657,7.2206271187393,15.254771063688,7.11339017426477,15.2163021917355,6.99888384241668,15.1735849042287,6.88913066980283,15.131525692266,6.7770731388776,15.0889287747324,6.66843907334696,15.0620969165499,6.56535406812194
55,15.3687813207899,7.55200234893626,15.3489440906048,7.44370126939043,15.3237266996166,7.32733166404181,15.292034080959,7.22018441413565,15.2558810230414,7.11287369775406,15.2166167420722,6.99856040982739,15.1738018302921,6.88925427409327,15.1301853432884,6.77749845512021,15.0864373870117,6.6692094737455,15.0596133425965,6.56559098520803
55.1666666666667,15.3674378701204,7.55273198785717,15.3485410889547,7.44425477405827,15.3245389782893,7.3275060102921,15.2934789181108,7.21974380740627,15.2570687571212,7.1123579640075,15.2169590504224,6.9982369772381,15.1740394982999,6.88938620845534,15.1288487515778,6.77795474324983,15.0839504630254,6.67003405868236,15.0570338509713,6.5658441971913
55.3333333333333,15.3660110777636,7.55344693391733,15.3481098130025,7.44481475219488,15.3253714107969,7.32769410775111,15.2949895709311,7.21931374022856,15.258329251236,7.11185318060009,15.2173292701565,6.99792003493488,15.1742975093706,6.88952819404088,15.1275420221043,6.77844431110228,15.0815170566568,6.67091427684635,15.0543890911957,6.56611701361003
55.5,15.3645059524577,7.5541325576107,15.3476520216677,7.44537328500235,15.3262162516964,7.32789580333757,15.2965567689298,7.21890265427992,15.2596574906946,7.11136955510682,15.217727554645,6.99761607320381,15.1745754646228,6.88968195200172,15.1262912598379,6.77896946651337,15.0791862217887,6.67185157692629,15.0517097127913,6.5664127440025
55.6666666666667,15.3629275029406,7.55477422943122,15.3471694738699,7.44592245368277,15.3270657555446,7.32811094397023,15.2981712416171,7.21851899123776,15.2610484608055,7.11091729510268,15.2181540572586,6.99733158233096,15.1748729651749,6.88984920348967,15.1251225697487,6.77953251731892,15.0770070123046,6.67284740761096,15.0490263652794,6.56673469790701
55.8333333333333,15.3612807379507,7.55535731987287,15.3466639285287,7.44645433943825,15.3279121768986,7.32833937656784,15.2998237185029,7.21817119277948,15.2624971468773,7.11050660816266,15.2186089313678,6.9970730526024,15.1751896121457,6.89003166965658,15.1240620568067,6.78013577135473,15.0750284820873,6.67390321758918,15.0463696981815,6.56708618486183
56,15.3595706662259,7.55586719942959,15.3461371445634,7.44696102347087,15.3287477703153,7.32858094804912,15.3015049290974,7.21786770058247,15.2639985342188,7.11014770186175,15.219092330343,6.9968469743042,15.1755250066535,6.89023107165426,15.1231358259819,6.78078153645661,15.0732996850201,6.67502045554976,15.043770361019,6.56747051440525
56.1666666666667,15.3578022965044,7.55628923859534,15.3455908808937,7.44743458698273,15.3295647903516,7.32883550533283,15.3032056029104,7.21761695632413,15.2655476081385,7.10985078377495,15.2196044075549,6.99665983772243,15.1758787498171,6.89044913063454,15.1223699822444,6.78147212046038,15.0718696749861,6.67620057018149,15.0412590033134,6.56789099607556
56.3333333333333,15.3559806375244,7.55660880786407,15.3450268964391,7.44786711117593,15.3303554915645,7.32910289533771,15.3049164694521,7.21742740168187,15.2671393539452,7.10962606147725,15.220145316374,6.99651813314318,15.1762504427549,6.89068756774926,15.1217906305642,6.78220983120185,15.0707875058684,6.67744501017318,15.038866274586,6.56835093941103
56.5,15.3541106980239,7.55681127772975,15.3444469501191,7.44825067725257,15.3311121285108,7.3293829649825,15.3066282582324,7.21730747833309,15.2687687569473,7.10948374254363,15.2207152101707,6.99642835085251,15.1766396865855,6.89094810415024,15.1214238759114,6.78299697651683,15.0701022315502,6.67875522421364,15.0366228243583,6.56885365394996
56.6666666666667,15.3521974867411,7.55688201868632,15.3438528008533,7.44857736641473,15.3318269557477,7.32967556118595,15.3083316987615,7.21726562795519,15.2704308024537,7.10943403454909,15.2213142423156,6.99639698113649,15.1770460824274,6.8912324609893,15.121295823256,6.78383586424114,15.0698629059145,6.68013266099167,15.0345593021517,6.56940244923063
56.8333333333333,15.3499956790836,7.55683359935688,15.3431459094952,7.4488774141039,15.3325543459559,7.33014019208079,15.3101572883377,7.21739991753127,15.2723480045123,7.10959593095821,15.22228762772,6.99662086416921,15.17773933618,6.89180834078635,15.1214711155894,6.78514121380637,15.0698708619456,6.68192826796226,15.032511218454,6.57059608843504
57,15.3472840076091,7.5566916572424,15.3422358951888,7.44918470366898,15.3333464791477,7.33091517944169,15.3122241692839,7.21779115196109,15.2747192453634,7.11006696920505,15.2239425777294,6.99727029524177,15.1789626832805,6.89291191920595,15.121982799868,6.78727180455687,15.0698946338556,6.68444908410873,15.0303121094353,6.57296286912476
57.1666666666667,15.3441035667813,7.55646116615365,15.3411367542894,7.44949678817316,15.3341923208774,7.33196859065026,15.3145060386469,7.21842187979696,15.2775040626036,7.11082517281889,15.2262222403661,6.99831194731573,15.180676019154,6.89449762711693,15.1228095870094,6.79014603419756,15.0699340773698,6.68763069541238,15.0279896631406,6.5764004024074
57.3333333333333,15.3404954510639,7.55614709990138,15.339862483152,7.44981122067965,15.3350808366992,7.33326849308812,15.3169765934734,7.21927464959121,15.2806619938298,7.11184856532897,15.2290697636525,6.99971249335269,15.1828392392259,6.89651989538811,15.1239301879309,6.79368230043334,15.0699890482136,6.69140868785449,15.025571567615,6.58080629939059
57.5,15.3365007549205,7.55575443229637,15.3384270781318,7.45012555425164,15.3360009921673,7.3347829541369,15.3196095308102,7.22033200989618,15.2841525766386,7.11311517026456,15.2324282956108,7.0014386063142,15.1854122389214,6.89893315488832,15.1253233135502,6.79779900096913,15.0700594021122,6.69571864741637,15.0230855109036,6.58607817118193
57.6666666666667,15.3321605728147,7.55528813714937,15.336844535584,7.45043734195235,15.3369417528359,7.33648004117819,15.3223785477041,7.2215765092642,15.2879353486268,7.11460301115492,15.2362409842633,7.00345695916185,15.1883549136656,6.9016918364864,15.1269676747848,6.80241453350985,15.070144994791,6.70049616007929,15.0205591810513,6.59211362888905
57.8333333333333,15.3275159992101,7.55475318827114,15.3351288518636,7.45074413684497,15.3378920842593,7.33832782159364,15.3252573412017,7.22299069624759,15.291969847391,7.1162901115293,15.2404509776322,7.00573422485722,15.191627158884,6.90475037105118,15.1288419825521,6.8074472957604,15.0702456819751,6.70567681182456,15.0180202661033,6.59881028361957
58,15.3226081285705,7.55415455947244,15.333294023326,7.4510434919927,15.3388409519917,7.34029436276485,15.3282196083499,7.22455711939868,15.2962156105281,7.11815449491696,15.2450014237399,7.00823707636189,15.1951888700017,6.90806318945147,15.1309249477697,6.81281568542571,15.07036131939,6.71119618863346,15.0154964541046,6.6060657464811
58.1666666666667,15.3174780553594,7.55349722456405,15.3313540463262,7.45133296045874,15.3397773215872,7.34234773207343,15.3312390461954,7.22625832726981,15.3006321756346,7.12017418484717,15.2498354706085,7.01093218663742,15.1989999424439,6.91158472255612,15.1331952813551,6.81843810021067,15.0704917627608,6.71698987648728,15.0130154331002,6.61377762858126
58.3333333333333,15.3121668740405,7.55278615735671,15.3293229172193,7.45161009530631,15.3406901586001,7.34445599690102,15.334289351785,7.22807686841331,15.3051790803075,7.12232720484917,15.2548962662605,7.0137862286454,15.2030202716359,6.91526940123394,15.1356316942258,6.82423293782021,15.0706368678129,6.72299346136733,15.0106048911352,6.62184354102767
58.5,15.3067156790775,7.5520263316612,15.3272146323606,7.45187244959859,15.3415684285846,7.34658722462922,15.3373442221654,7.2299952913815,15.3098158621433,7.12459157845224,15.2601269587181,7.01676587534741,15.2072097530029,6.91907165635377,15.1382128972994,6.83011859595925,15.0707964902716,6.72914252925489,15.0082925162547,6.63016109492794
58.6666666666667,15.3011655649339,7.55122272128827,15.3250431881051,7.45211757639879,15.342401097095,7.34870948263966,15.3403773543833,7.23199614472671,15.3145020587389,7.12694532918562,15.2654706960035,7.01983779970502,15.2115282819703,6.92294591878444,15.1409176014933,6.83601347233268,15.0709704858621,6.73537266613125,15.0061059965036,6.63862790138969
58.8333333333333,15.2955576260734,7.55038030004868,15.3228225808081,7.45234302877012,15.3431771296854,7.35079083831395,15.3433624454856,7.23406197700127,15.3191972076908,7.12936648057857,15.2708706261391,7.0229686746798,15.2159357539632,6.92684661939478,15.1437245177251,6.84183596464544,15.0711587103098,6.74161945797771,15.0040730199271,6.64714157152054
59,15.2899329569597,7.54950404175321,15.3205668068246,7.45254635977577,15.34388549191,7.35279935903371,15.3462731925189,7.23617533675752,15.323860846596,7.13183305616036,15.2762698971471,7.02612517323334,15.2203920644069,6.9307281890536,15.1466123569122,6.84750447060242,15.0713610193399,6.74781849077556,15.0022212745702,6.65559971642811
59.1666666666667,15.2843326520564,7.5485989202126,15.3182898625099,7.45272512247894,15.3445151493232,7.35470311218056,15.3490832925301,7.23831877254778,15.328452513051,7.13432307946024,15.2816116570498,7.02927396832722,15.2248571087266,6.93454505862976,15.1495598299723,6.85293738790855,15.0715772686778,6.75390535050609,15.0005784484779,6.66389994722002
59.3333333333333,15.2787978058271,7.54766990923763,15.3160057442191,7.45287686994284,15.345055067479,7.35647016513611,15.3517664425659,7.24047483292439,15.3329317446527,7.13681457400748,15.2868390538694,7.032381732923,15.2292907823476,6.93825165899206,15.1525456478228,6.85805311426873,15.0718073140486,6.75981562315059,14.9991722296954,6.67193987500387
59.5,15.2733695127354,7.54672198263906,15.3137284483073,7.45299915523068,15.3454942119318,7.35806858528199,15.3542963396729,7.24262606643966,15.3372580789976,7.13928556333132,15.2918952356284,7.03541513998227,15.2336529806951,6.94180242100935,15.1555485213812,6.86277004738789,15.0720510111778,6.76548489469035,14.9980303062675,6.6796171108873
59.6666666666667,15.2680888672451,7.54576011422764,15.3114719711298,7.45308953140564,15.3458215482357,7.35946643999981,15.3566466808981,7.24475502164594,15.3413910536827,7.14171407096103,15.2967233503488,7.0383408624666,15.2379035991944,6.94515177555044,15.1585471615651,6.86700658497093,15.0723082157906,6.77084875110667,14.9971803662395,6.68682926597791
59.8333333333333,15.2629969638197,7.54478927781414,15.3092503090415,7.45314555153094,15.3460260419449,7.36063179667118,15.3587911632881,7.24684424709555,15.3452902063045,7.14407812042587,15.3012665460531,7.04112557333758,15.2420025332706,6.94825415348418,15.1615202792919,6.87068112472276,15.0725787836123,6.77584277838084,14.9966500976563,6.69347395138332
60,15.258134896923,7.54381444720932,15.3070774583978,7.45316476866977,15.3460966586137,7.36153272267774,15.3607034838897,7.24887629134082,15.3489150744599,7.14635573525509,15.3054679707635,7.04373594555676,15.2459096783492,6.95106398567938,15.1644465854792,6.87371206434831,15.0728625703681,6.78040256249415,14.996467188563,6.69944877821116
60.1666666666667,15.2533653583736,7.54277065494749,15.3049001834278,7.45313897564134,15.3460189394091,7.36225638908322,15.3625134173464,7.25097886106546,15.3524165516127,7.14866485490453,15.3094756467582,7.04628163112963,15.249748433536,6.95369911707875,15.1674976379006,6.87630064281136,15.0735867501934,6.78470408731397,14.996793812021,6.70503131969393
60.3333333333333,15.24853091786,7.54159410284659,15.3026584815018,7.4530632671896,15.3457927312066,7.36291575353495,15.3643590117832,7.25327674474252,15.3559630096282,7.15112689275406,15.3134744409768,7.04888915562336,15.2536649208437,6.95630768995582,15.1708423591516,6.87871404355066,15.0751318624894,6.78896490067869,14.9977414254162,6.71056514786622
60.5,15.2436424866495,7.54029151864285,15.3003561986864,7.4529401492649,15.3454284581235,7.36351756328987,15.3662263744685,7.25574811360833,15.3595402037051,7.15372508321896,15.3174627684334,7.0515505023421,15.2576531200575,6.95888958117567,15.1744555073824,6.88096958098361,15.0774278108808,6.79318293452615,14.9992616432802,6.71604687203873
60.6666666666667,15.2387109760097,7.5388696300725,15.2979971810483,7.45277212781754,15.3449365442769,7.36406856560494,15.3681016126709,7.25837113889923,15.3631338890424,7.15644266071449,15.321439044142,7.05425765458999,15.2617070109628,6.96144466760336,15.1783118407432,6.88308456952757,15.0804044989923,6.79735612079421,15.0013060801447,6.72147310152218
60.8333333333333,15.2337472972084,7.53733516487176,15.295585274654,7.45256170879787,15.344327413784,7.3645755077371,15.369970833659,7.26112399185154,15.3667298208386,7.15926285965595,15.3254016831169,7.05700259567119,15.2658205733448,6.96397282610397,15.1823861173844,6.88507632359991,15.0839918304485,6.80148239142071,15.0038263505415,6.72684044562726
61,15.2287623615129,7.53569485077684,15.2931243255703,7.45231139815622,15.3436114907619,7.36504513694332,15.3718201447014,7.26398484370159,15.3703137542927,7.16216891445862,15.3293491003721,7.05977730888984,15.2699877869886,6.96647393354258,15.1866530954561,6.88696215761801,15.088119708874,6.80555967834349,15.0067740690022,6.73214551366469
61.1666666666667,15.2237670801908,7.53395541552399,15.2906181798637,7.45202370184291,15.342799199328,7.36548420048053,15.3736356530667,7.26693186568573,15.3738714446032,7.16514405953777,15.3332797109218,7.0625737775501,15.2742026316797,6.96894786678426,15.1910875331085,6.88875938599926,15.0927180378936,6.80958591350039,15.0101008500586,6.73738491494517
61.3333333333333,15.2187723645098,7.53212358684942,15.2880706836009,7.45170112580827,15.3419009635992,7.3658994456057,15.3754034660234,7.26994322904028,15.3773886469691,7.16817152930868,15.3371919297802,7.0653839849561,15.2784590872031,6.97139450269407,15.195664188492,6.89048532316101,15.0977167211318,6.81355902882927,15.0137583082422,6.74255525877942
61.5,15.2137891257374,7.53020609248935,15.2854856828486,7.45134617600265,15.3409272076929,7.36629761957578,15.3771096908402,7.27299710500157,15.3808511165891,7.17123455818664,15.3410841719612,7.06819991441201,15.2827511333443,6.9738137181371,15.2003578197567,6.89215728352065,15.1030456622134,6.81747695626797,15.0176980580849,6.74765315447815
61.6666666666667,15.2088282751412,7.52820966018001,15.2828670236733,7.45096135837635,15.3398883557261,7.36668546964771,15.3787404347856,7.27607166480594,15.384244608662,7.17431638058692,15.3449548524791,7.07101354922196,15.2870727498883,6.97620538997841,15.2051431850529,6.89379258149556,15.1086347647628,6.82133762775434,15.0218717141182,6.75267521135205
61.8333333333333,15.2039007239887,7.52614101765763,15.2802185521417,7.45054917887972,15.3387948318161,7.36706974307846,15.3802818051281,7.27914507968972,15.3875548783865,7.17740023092482,15.3488023863479,7.07381687269011,15.2914179166206,6.97856939508309,15.2099950425308,6.8954085315031,15.1144139324049,6.82513897522621,15.0262308908739,6.75761803871185
62,15.1990173835476,7.52400689265842,15.2775441143205,7.45011214346309,15.3376570600801,7.36745718712496,15.3817199091364,7.28219552088924,15.3907676809613,7.18046934361559,15.3526251885819,7.07660186812061,15.2957806133262,6.9809056103162,15.2148881503408,6.89702244796065,15.1203130687642,6.82887893062143,15.0307272028837,6.76247824586824
62.1666666666667,15.1941891650853,7.52181401291862,15.2748475562762,7.44965275807678,15.3364854646351,7.36785454904418,15.3830408540791,7.28520115964083,15.3938687715854,7.18350695307454,15.3564216741951,7.07936051881761,15.3001548197905,6.98321391254281,15.2197972666329,6.8986516452856,15.1262620774654,6.83255542587786,15.0353122646793,6.76725244213194
62.3333333333333,15.1894269798694,7.51956910617445,15.2721327240756,7.44917352867112,15.3352904695985,7.36826857609307,15.3842307472247,7.28814016718083,15.3968439054573,7.18649629371693,15.3601902582017,7.08208480808524,15.3045345157988,6.985494178628,15.2246971495575,6.9003134378953,15.1321908621331,6.83616639293333,15.0399376907924,6.77193723681365
62.5,15.1847417391676,7.51727890016212,15.2694034637853,7.44867696119645,15.3340824990873,7.36870601552857,15.3852756958417,7.29099071474557,15.399678837776,7.18942059995805,15.3639293556157,7.08476671922767,15.3089136811362,6.98774628543685,15.2295625572648,6.90202514020715,15.138029326392,6.8397097637257,15.0445550957546,6.77652923922409
62.6666666666667,15.1801443542473,7.51495012261788,15.2666636214718,7.44816556160309,15.3328719772188,7.36917361460764,15.3861618071989,7.29373097357138,15.4023593237401,7.19226310621318,15.3676373814514,7.08739823554905,15.3132862955881,6.98997010983443,15.2343682479051,6.9038040666385,15.1437073738667,6.84318347019279,15.0491160940976,6.78102505867396
62.8333333333333,15.1756457363762,7.51258950127793,15.2639170432018,7.44764183584138,15.3316693281101,7.36967812058724,15.3868751885647,7.29633911489459,15.4048711185485,7.1950070468976,15.3713127507227,7.08997134035351,15.3176463389396,6.9921655286858,15.2390889796285,6.90566753160675,15.1491549081819,6.84658544427247,15.0535723003532,6.78542130447398
63,15.1712567968218,7.51020376387851,15.2611675750421,7.44710828986164,15.3304849758784,7.37022628072431,15.3874019472078,7.29879330995154,15.4071999773999,7.19763565642658,15.374953878444,7.09247801694521,15.3219877909761,6.99433241885605,15.2436995105854,6.90763284952926,15.1543018329621,6.84991361790258,15.0578753290531,6.78971458593484
63.1666666666667,15.1669884468517,7.50779963815584,15.2584190630591,7.44656742961421,15.3293293446409,7.3708248422758,15.3877281903967,7.30107172997855,15.409331655493,7.20013216921542,15.3785591796292,7.09491024862829,15.3263046314827,6.99647065721024,15.2481745989259,6.9097173348234,15.1590780518322,6.85316592302095,15.0619767947289,6.79390151236726
63.3333333333333,15.1628515977335,7.50538385184615,15.2556753533196,7.44602176104942,15.3282128585148,7.37148055249867,15.3878400253999,7.30315254621197,15.4112519080267,7.20247981967938,15.3821270692925,7.09726001870692,15.3305908402448,6.99858012061345,15.2524890028003,6.91193830190656,15.1634134684166,6.85634029156544,15.0658283119123,6.79797869308194
63.5,15.1588181919193,7.50284091579931,15.2529091109101,7.44541749008472,15.3271014044022,7.37226077887846,15.3877827754385,7.30513935855233,15.4130420764792,7.20473830887709,15.385698543859,7.09954314946643,15.3349164474852,7.00066295982698,15.2567214983894,6.91439044092263,15.1674731766044,6.85949241320916,15.0695886545502,6.80202256159609
63.6666666666667,15.1548511904756,7.50006796325409,15.2500939140911,7.44470460481217,15.3259544124415,7.37321310023605,15.387615772905,7.30714332815914,15.4147915015279,7.20697659596997,15.3893082730734,7.10178264371002,15.3393439283138,7.00272164444594,15.260964533695,6.91712988004242,15.1714719433337,6.8626707908304,15.0734412768629,6.80610046392174
63.8333333333333,15.1509480325908,7.49709065553001,15.2472349786897,7.44389128444399,15.3247726216038,7.37431458083146,15.3873461388252,7.30915396815712,15.4164979371698,7.20919180252754,15.3929451819296,7.10398125551857,15.3438559298465,7.00475652958617,15.2652133745989,6.92011609072375,15.1754141818027,6.86586257617476,15.077374813792,6.81019537811192
64,15.1471061574534,7.49393465394661,15.2443375205334,7.4429857081924,15.3235567708602,7.37554228492467,15.3869809942252,7.31116079167102,15.4181591374022,7.21138105011932,15.3965981954213,7.10614173897297,15.348435099199,7.0067679703635,15.269463286983,6.92330854442438,15.1793043052099,6.86905492098786,15.0813779002794,6.81429028221964
64.1666666666667,15.1433230042521,7.49062561982341,15.2414067554492,7.4419960552696,15.3223075991818,7.37687327677568,15.3865274601309,7.31315331182559,15.4197728562221,7.21354146031483,15.4002562385423,7.1082668481541,15.3530640834873,7.00875632189376,15.2737095367291,6.92666671260213,15.1831467267536,6.87223497701532,15.0854391712666,6.8183681542979
64.3333333333333,15.1395960121752,7.48718921447996,15.2384478992647,7.44093050488782,15.3210258455397,7.37828462064449,15.3859926575682,7.31512104174556,15.4213368476267,7.21567015468358,15.4039082362865,7.11035933714287,15.357725529827,7.01072193929278,15.2779473897191,6.93015006671477,15.1869458596321,6.87538989600274,15.0895472616956,6.82241197239972
64.5,15.1359226204114,7.48365109923577,15.2354661678069,7.43979723625927,15.3197122489052,7.3797533807911,15.385383707563,7.31705349455568,15.4228488656133,7.21776425479509,15.4075431136477,7.11242196002014,15.3624020853341,7.0126651776764,15.2821721118348,6.9337180782201,15.1907061170437,6.87850682969574,15.0936908065078,6.8264047145781
64.6666666666667,15.1323002681491,7.48003693541039,15.2324667769032,7.43860442859616,15.3183675482493,7.38125662147551,15.3847077311414,7.3189401833807,15.4243066641789,7.21982088221889,15.4111497956195,7.11445747086682,15.3670763971243,7.01458639216044,15.286378968958,6.9373302185759,15.1944319121869,6.88157292983994,15.0978584406452,6.83032935888606
64.8333333333333,15.128726394577,7.47637238432333,15.2294549423809,7.4373602611107,15.3169924825432,7.38277140695772,15.3839718493293,7.32077062134535,15.4257079973207,7.22183715852448,15.4147172071959,7.11646862376379,15.3717311123134,7.01648593786074,15.2905632269706,6.94094595923997,15.1981276582599,6.88457534818093,15.1020387990493,6.8341688833766
65,15.1251984388834,7.47268310729414,15.2264358800673,7.43607291301513,15.315587790758,7.38427480149771,15.3831831831525,7.32253432157437,15.4270506190359,7.2238102052814,15.4182342733705,7.11845817279195,15.3763488780174,7.01836416989312,15.2947201517544,6.94452477167011,15.2017977684611,6.88750123646435,15.1062205166619,6.83790626610274
65.1666666666667,15.1217138402571,7.46899476564234,15.2234148057896,7.43475056352164,15.3141542118649,7.38574386935549,15.3823488536371,7.32422079719251,15.4283322833216,7.22573714405914,15.4216899191373,7.12042887203217,15.3809123413519,7.02022144337343,15.2988450091913,6.94802612732409,15.2054466559889,6.8903377464358,15.1103922284248,6.84152448511749
65.3333333333333,15.1182700378864,7.46533302068746,15.2203969353751,7.43340139184245,15.3126924848349,7.38715567479106,15.381475981809,7.32581956132452,15.429550744175,7.22761509642724,15.42507306949,7.12238347556534,15.3854041494328,7.02205811341748,15.3029330651631,6.95140949765971,15.2090787340415,6.89307202984089,15.1145425692796,6.84500651847385
65.5,15.11486447096,7.46172353374904,15.2173874846511,7.43203357718979,15.3112033486392,7.38848728206442,15.3805716886941,7.32732012709513,15.4307037555932,7.22944118395521,15.4283726494224,7.12432473747237,15.3898069493759,7.02387453514111,15.3069795855516,6.95463435413476,15.2126984158174,6.89569123842524,15.118660174168,6.84833534422483
65.6666666666667,15.1114945786663,7.4581919661466,15.2143916694449,7.43065529877585,15.3096875422489,7.38971575543556,15.3796430953184,7.32871200762908,15.4317890715734,7.23121252821257,15.4315775839282,7.12625541183412,15.394103388297,7.02567106366016,15.3109798362387,6.95766016820703,15.2163101145148,6.89818252393445,15.1227336780318,6.85149394042346
65.8333333333333,15.1081578001939,7.45476397919968,15.2114147055837,7.42927473581287,15.3081458046353,7.39081815916448,15.3786973227078,7.32998471605112,15.4328044461128,7.23292625076883,15.4346767980014,7.1281782527315,15.398276113312,7.02744805409045,15.3149290831062,6.96044641133432,15.2199182433322,6.90053303811415,15.1267517158128,6.85446528512272
66,15.1048515747314,7.45146523422781,15.2084618088949,7.42790006751305,15.3065788747693,7.39177155751117,15.3777414918883,7.33112776548599,15.4337476332085,7.23457947319352,15.4376592166356,7.13009601424539,15.4023077715367,7.02920586154781,15.318822592036,6.9629525549744,15.2235272154678,6.90272993270995,15.1307029224525,6.85723235637565
66.1666666666667,15.1015733414671,7.44832139255051,15.2055381952057,7.42653947308861,15.3049874916222,7.39255301473564,15.3767827238858,7.33213066905844,15.4346163868577,7.23616931705615,15.4405137648247,7.13201145045668,15.4061810100868,7.03094484114808,15.32265562891,6.96513807058508,15.22714144412,6.90476035946745,15.1345759328928,6.85977813223524
66.3333333333333,15.0983205395898,7.44535811548732,15.2026490803433,7.42520113175177,15.303372394165,7.39313959509789,15.3758281397263,7.3329829398932,15.4354084610575,7.23769290392624,15.4432293675625,7.13392731544626,15.4098784760782,7.03266534800709,15.3264234596098,6.96696242962414,15.2307653424872,6.90661147013227,15.1383593820754,6.86208559075451
66.5,15.0950906082879,7.44260106435777,15.1997996801352,7.42389322271473,15.301734321369,7.3935083628579,15.3748848604357,7.33367409111501,15.4361216098051,7.23914735537331,15.4457949498428,7.13584636329502,15.4133828166268,7.03436773724066,15.3301213500175,6.96838510354937,15.2344033237676,6.90827041645003,15.1420419049419,6.86413770998646
66.6666666666667,15.0918809867499,7.44007590048139,15.1969952104085,7.42262392518972,15.3000740122052,7.39363638227568,15.37396000704,7.33419363584863,15.4367535870976,7.24052979296687,15.4481994366593,7.13777134808384,15.4166766788482,7.03605236396464,15.3337445660147,6.96936556381856,15.2380598011597,6.90972435016633,15.145612136434,6.86591746798411
66.8333333333333,15.0887158754885,7.43763408385072,15.1942376201323,7.42130460643968,15.2983902647204,7.39354134015042,15.3730173083295,7.33459996517092,15.4373423712749,7.2418298424047,15.4505309288062,7.13966209350919,15.4197808033206,7.0376809861427,15.3372418462696,6.97006532120201,15.2416521426376,6.91102673069859,15.1490037169967,6.86754622101259
67,15.0856167801045,7.43512392095552,15.1915220644205,7.41985542023242,15.2966799620554,7.3932693230333,15.3720175018313,7.33496159638685,15.4379256576877,7.24304540324363,15.4528769406835,7.14148368861721,15.4227371457523,7.03922338649096,15.3405794303665,6.97067926836059,15.2451098710329,6.91224430988118,15.1521788964186,6.86915271764794
67.1666666666667,15.0825770974179,7.43256634286117,15.1888435683173,7.41829772553742,15.294940970822,7.39283999481229,15.3709632216761,7.33528323196332,15.4385007758493,7.24418600784175,15.4552255176932,7.1432467855133,15.425560175955,7.04069195725386,15.3437788355616,6.97121694958803,15.2484556318302,6.91338417808514,15.1551692236569,6.8707310244095
67.3333333333333,15.0795902242491,7.42998228063303,15.1861971568671,7.41665288132419,15.2931711576321,7.39227301937539,15.3698571019947,7.33556957436723,15.4390650552729,7.24526118855718,15.4575647052378,7.14496203630284,15.4282643637404,7.04209909067585,15.3468615791114,6.97168790917801,15.2517120705138,6.91445342568149,15.1580062476691,6.87227520781664
67.5,15.0766495574184,7.42739266533649,15.1835778551141,7.41494224656223,15.2913683890979,7.39158806061057,15.3687017769176,7.33582532606547,15.4396158254719,7.24628047774802,15.4598825487194,7.14664009309124,15.4308641789201,7.04345717900139,15.349849178272,6.97210169142425,15.2549018325682,6.91545914304128,15.1607215174127,6.87377933438869
67.6666666666667,15.0737484937461,7.42481842803691,15.1809806881025,7.41318718022103,15.2895305318311,7.39080478240583,15.3674998805758,7.33605518952494,15.4401504159595,7.24725340777237,15.4621670935403,7.14829160798389,15.4333740913058,7.04477861447493,15.3527631502998,6.97246784062045,15.258047563478,6.91640842053555,15.163346581845,6.87523747064501
67.8333333333333,15.0708804300524,7.42228049979966,15.1784006808768,7.41140904127009,15.2876554524438,7.38994284864916,15.3662540470998,7.33626386721254,15.4406661562491,7.24818951098833,15.4644063851026,7.14992723308618,15.4358085707092,7.04607578934091,15.3556250124512,6.97279590106031,15.2611719087275,6.91730834853533,15.1659129899233,6.87664368310495
68,15.0680387631577,7.41979981169013,15.1758328584811,7.4096291886789,15.285741017548,7.38902192322852,15.3649669106205,7.33645606159516,15.4411603758539,7.24909831975401,15.4665884688088,7.15155762050352,15.4381820869418,7.04736109584378,15.3584562819824,6.97309541703754,15.2642975138013,6.91816601741166,15.1684522906052,6.87799203828786
68.1666666666667,15.0652168898821,7.41739729477369,15.1732722459599,7.40786898141696,15.2837850937555,7.38806167003192,15.3636411052685,7.3366364751397,15.4416304042872,7.24998936642752,15.4687013900609,7.15319342234128,15.4405091098154,7.04864692622801,15.3612784761497,6.97337593284584,15.2674470241837,6.91898851753558,15.170996032848,6.8792766027131
68.3333333333333,15.062408207046,7.4150938801157,15.1707138683573,7.40614977845377,15.2817855476783,7.38708175294733,15.3622792651745,7.33680981031307,15.4420735710624,7.25087218336695,15.4707331942613,7.15484529070487,15.4428041091416,7.04994567273802,15.3641131122095,6.97364699277892,15.2706430853594,6.91978293927813,15.1735757656091,6.88049144290001
68.5,15.0596061114696,7.41291049878154,15.1681527507176,7.40449293875883,15.2797402459284,7.38610183586274,15.3608840244694,7.33698076958214,15.4424872056927,7.25175630293042,15.4726719268122,7.15652387769969,15.4450815547321,7.05126972761828,15.3669817074181,6.97391814113048,15.2739083428126,6.92055637301034,15.176223037846,6.88163062536794
68.6666666666667,15.0568039999733,7.41086808183659,15.1655839180853,7.40291982130164,15.2776470551177,7.38514158266613,15.3594580172837,7.33715405541383,15.4428686376915,7.25265125747602,15.4745056331158,7.15823983543112,15.4473559163985,7.05263148311324,15.3699057790317,6.97419892219422,15.277265442028,6.92131590910325,15.1789693985159,6.88268821663626
68.8333333333333,15.0539952693772,7.40898756034621,15.1630023955044,7.40145178505168,15.2755038418583,7.3842206572455,15.3580038777483,7.33733437027503,15.4432151965719,7.25356657936185,15.4762223585744,7.16000381600456,15.4496416639525,7.05404333146735,15.3729068443068,6.97449888026385,15.2807370284899,6.92206863792791,15.1818463965763,6.8836582832243
69,15.0511733165018,7.40728986537578,15.1604032080194,7.40011018897846,15.2733084727619,7.38335872348882,15.3565242399938,7.33752641663263,15.4435242118474,7.25451180094603,15.4778101485903,7.16182647152541,15.4519532672057,7.05551766492505,15.3760064204995,6.97482755963307,15.2843457476829,6.92282164985534,15.1848855809847,6.88453489165142
69.1666666666667,15.0483315381672,7.40579592799068,15.1577813806745,7.39891639205147,15.2710588144407,7.38257544528408,15.355021738151,7.33773489695353,15.4437930130312,7.25549645458666,15.4792570485656,7.16371845409906,15.4543051959697,7.05706687573079,15.3792260248663,6.97519450459559,15.2881142450913,6.92358203525658,15.1881185006983,6.88531210843697
69.3333333333333,15.0454633311937,7.40452667925627,15.155131938514,7.39789175324022,15.2687527335065,7.38189048651927,15.3534990063507,7.33796451370463,15.4440189296366,7.25653007264184,15.4805511039026,7.1656904158309,15.4567119200563,7.05870335612904,15.3825871746634,6.97560925944511,15.2920651661997,6.92435688450268,15.1915767046746,6.88598400010031
69.5,15.0425620924017,7.40350305023794,15.1524499065823,7.3970576315142,15.2663880965713,7.38132351108237,15.3519586787234,7.33821996935283,15.444199291177,7.25762218746967,15.4816803600036,7.16775300882634,15.4591879092772,7.06043949836422,15.3861113871472,6.97608136847534,15.2962211564925,6.92515328796466,15.1952917418711,6.88654463316077
69.6666666666667,15.0396212186114,7.40274597200105,15.1497303099235,7.3964353858429,15.2639627702471,7.38089418286136,15.3504033894,7.33850596636502,15.4443314271655,7.25878233142826,15.4826328622709,7.16991688519076,15.4617476334438,7.06228769468081,15.389820179574,6.97662037597998,15.3006048614543,6.92597833601358,15.199295161245,6.88698807413772
69.8333333333333,15.036634106643,7.40227637561097,15.146968173582,7.39604637519582,15.2614746211458,7.38062216574423,15.3488357725112,7.33882720720809,15.4444126671155,7.26002003687571,15.4833966561065,7.17219269702955,15.464405562368,7.06426033732324,15.3937350692,6.97723582625272,15.3052389265694,6.92683911902046,15.2036185117539,6.88730838955051
70,15.0335941533169,7.40211519213309,15.1441585226021,7.39591195854246,15.2589215158794,7.38052712361897,15.3472584621876,7.33918839434896,15.4444403405404,7.26134483617013,15.4839597869129,7.17459109644813,15.4671761658613,7.06636981853598,15.3978775732816,6.97793726358729,15.3101459973223,6.92774272735634,15.2082933423551,6.88749964591848
70.1666666666667,15.0305346379193,7.40226603754443,15.1413493344212,7.39596108710449,15.2562987408429,7.38052792376897,15.3456972591171,7.33962521313397,15.4443379747828,7.26280107641389,15.484412027014,7.17720409717136,15.4701992282146,7.06867430384539,15.4024967376819,6.97883110124503,15.3155615437248,6.92863777754148,15.2137399663842,6.88761562067295
70.3333333333333,15.0274895296066,7.40270669648319,15.1385840999671,7.39610549912223,15.253601271462,7.38053032103645,15.3441682178382,7.34016341553213,15.4440361081896,7.26441564080442,15.4848504431504,7.18009832247278,15.4735687365011,7.07121592450772,15.4077744453432,6.98000952128813,15.3216648733531,6.92947526184547,15.2202972000436,6.88771527781813
70.5,15.0244532600048,7.40341935300651,15.13585111452,7.39634073409314,15.2508265078943,7.38053431064763,15.3426593532577,7.34079280394432,15.4435425867803,7.26617186584244,15.4852740223492,7.1832463387807,15.4772304647056,7.07398302136221,15.4136314691408,6.98146072121151,15.3283943880383,6.93026583426342,15.2278743465906,6.88780046373277
70.6666666666667,15.0214202607396,7.40438619117149,15.1331386733598,7.39666233151467,15.2479718502976,7.38053988782873,15.3411586802828,7.34150318077143,15.4428652565743,7.26805308802864,15.4856817516373,7.18662071252347,15.4811301868131,7.07696393524809,15.4199885819498,6.98317289851013,15.3356884896113,6.93102014879041,15.2363807092826,6.88787302479558
70.8333333333333,15.0183849634368,7.40558939503525,15.1304350717667,7.39706583088428,15.2450346988294,7.38054704780598,15.3396542138203,7.34228434841431,15.442011963591,7.27004264386374,15.4860726180419,7.19019401012943,15.4852136768085,7.08014700700461,15.4267665566454,6.98513425067892,15.3434855799034,6.93174885942152,15.245725591377,6.88793480738531
71,15.0153417997222,7.40701114865492,15.1277286050208,7.39754677169943,15.2420124536474,7.38055578580559,15.3381339687773,7.34312610927386,15.4409905538498,7.27212386984844,15.4864456085899,7.19393879802689,15.4894267086769,7.08352057747099,15.4338861661029,6.98733297521282,15.3517240607454,6.93246262015184,15.255818296131,6.88798765788067
71.1666666666667,15.0122852012216,7.4086336360876,15.125007568402,7.39810069345757,15.2389025149094,7.38056609705377,15.3365859600605,7.34401826575095,15.4398088733702,7.27428010248345,15.4867997103085,7.1978276426442,15.493715056403,7.08707298748649,15.4412681831973,6.98975726960677,15.3603423339686,6.93317208497645,15.2665681268021,6.88803342266039
71.3333333333333,15.0092095995609,7.41043904139043,15.1222602571905,7.39872313565617,15.2357022827729,7.38057797677676,15.3349982025771,7.34495062024645,15.4384747681716,7.27649467826946,15.4871339102246,7.2018331104097,15.4980244939719,7.09079257789033,15.4488333808039,6.9923953313557,15.3692788014039,6.93388790789045,15.2778843866475,6.88807394810322
71.5,15.0061094263658,7.41240954862052,15.1194749666664,7.39940963779268,15.2324091573957,7.38059142020077,15.3333587112339,7.34591297516123,15.4369960842733,7.27875093370719,15.4874471953654,7.20592776775171,15.5023007953685,7.09466768952175,15.4565025317978,6.99523535795456,15.3784718648824,6.93462074288892,15.2896763789248,6.88811108058787
71.6666666666667,15.0029791132621,7.41452734183498,15.1166399921097,7.40015573936457,15.2290205389355,7.38060642255203,15.331655500938,7.34689513289619,15.4353806676949,7.28103220529734,15.4877385527579,7.21008418109856,15.5064897345777,7.09868666321999,15.4641964090544,6.99826554689829,15.3878599262352,6.93538124396695,15.3018534068911,6.88814666649307
71.8333333333333,14.9998130918757,7.41677460509095,15.1137436288005,7.40095697986927,15.2255338275498,7.38062297905675,15.3298765865962,7.34788689585219,15.4336363644558,7.28332182954061,15.488006969429,7.21427491687861,15.5105370855845,7.10283783982429,15.4718357854486,7.00147409568182,15.3973813872933,6.93618006511962,15.3143247738039,6.88818255219756
72,14.9966057938323,7.41913352244553,15.1107741720188,7.40180889880427,15.2219464233964,7.38064108494115,15.3280099831155,7.3488780664301,15.4317710205753,7.28560314293772,15.4882514324059,7.21847254152016,15.5143886223738,7.10710956017389,15.4793414338558,7.00484920180009,15.4069746498878,6.93702786034201,15.3269997829205,6.88822058408006
72.1666666666667,14.9933516507578,7.42158627795584,15.1077199170448,7.40270703566701,15.218255726633,7.38066073543146,15.326043705403,7.34985844703082,15.4297924820729,7.28785948198936,15.4884709287156,7.22264962145157,15.5179901189306,7.11149016510801,15.486634127151,7.00837906274804,15.4165781158498,6.93793528362922,15.3397877374982,6.8882626085193
72.3333333333333,14.9900450942779,7.42411505567901,15.1045691591585,7.40364692995495,15.2144591374171,7.38068192575389,15.3239657683655,7.3508178400552,15.427708594968,7.29007418319625,15.4886644453852,7.22677872310117,15.5212873492398,7.11596799546591,15.4936346382096,7.01205187602062,15.4261301870102,6.93891298897634,15.3525979407945,6.88831047189401
72.5,14.9866805560185,7.42670203967215,15.1013101936399,7.40462412116554,15.2105540559066,7.38070465113466,15.3217641869099,7.35174604790414,15.4255272052801,7.29223058305908,15.4888309694416,7.23083241289728,15.5242260872863,7.12053139208681,15.5002637399067,7.01585583911275,15.4355692652002,6.93997163037844,15.3653396960667,6.88836602058293
72.6666666666667,14.9832524676054,7.42932941399238,15.0979313157692,7.40563414879626,15.206537882259,7.3807289068,15.3194269759434,7.35263287297849,15.4232561590286,7.29431201807856,15.488969487912,7.23478325726825,15.5267521070551,7.12516869580995,15.5064422051174,7.01977914951939,15.4448337522509,6.94112186183062,15.3779223065721,6.88843110096477
72.8333333333333,14.9797552606643,7.43197936269682,15.0944208208264,7.40667255234455,15.2024080166321,7.38075468797612,15.3169421503727,7.35346811767915,15.4209033022328,7.29630182475541,15.4890789878233,7.2386038226424,15.5288111825311,7.12986824747458,15.512090806717,7.02381000473546,15.4538620499932,6.94237433732795,15.390255075568,6.88850755941828
73,14.9761833668211,7.43463406984259,15.0907670040916,7.40773487130787,15.1981618591835,7.38078198988925,15.3142977251049,7.35424158440699,15.4184764809123,7.29818333959031,15.4891584562027,7.24226667544807,15.5303490876993,7.13461838791993,15.5171303175806,7.02793660225591,15.4625925602583,6.94373971086554,15.4022473063119,6.88859724232217
73.1666666666667,14.9725312177016,7.4372757194868,15.0869581608448,7.40881664518368,15.1937968100708,7.38081080776561,15.3114817150469,7.35494307556288,15.4159835410864,7.29993989908398,15.4892068800772,7.24574438211359,15.5313115965446,7.13940745798523,15.5214815105835,7.03214713957567,15.4709636848772,6.94522863643846,15.4138083020611,6.88870199605518
73.3333333333333,14.9687932449316,7.43988649568659,15.0829825863662,7.40991341346944,15.1893102694518,7.38084113683141,15.3084821351057,7.35556239354771,15.4134323287746,7.30155483973713,15.4892232464738,7.24900950906731,15.5316444830519,7.14422379850973,15.5250651586008,7.03642981418969,15.478913825681,6.9468517680418,15.424847366073,6.88882366699604
73.5,14.9649083129061,7.44258824696728,15.0786714848016,7.41112595917092,15.1845216548055,7.38098941241869,15.3049024688602,7.35611063483251,15.410347335335,7.30307964780367,15.4887104802757,7.25223488628828,15.5314690220585,7.14947140749682,15.5282357805275,7.04136098974061,15.4869116883377,6.9491831394357,15.4360436260788,6.88941070755539
73.6666666666667,14.9608325009525,7.44550712969146,15.0738952309121,7.41255065038854,15.1792815584909,7.38136321536216,15.300407977552,7.35660990365329,15.4063013204218,7.30457673833468,15.4872202832157,7.25559128674817,15.5309544008955,7.15548933778713,15.5313901627065,7.04743628571729,15.4954019785288,6.95271608377552,15.4480414474756,6.89086788226599
73.8333333333333,14.956586063095,7.44863178967216,15.0687008759004,7.41417640426175,15.1736341429853,7.38194925914203,15.2950793425819,7.35706651405831,15.4013745324979,7.3060458410266,15.4848248075955,7.25904819136418,15.5301182622882,7.16216851247578,15.5345124791849,7.05452278338402,15.5042870981049,6.95734020414913,15.4606979900186,6.89313150568977
74,14.9521892533577,7.45195087272238,15.0631354709694,7.41599213793001,15.1676235707662,7.38273425723852,15.2889972453505,7.35748678009587,15.3956472200264,7.30748668557588,15.4815962057168,7.26257508105351,15.5289782489624,7.16939985465786,15.5375869040097,7.06248756400506,15.513469448917,6.96294510364442,15.4738704134634,6.89613789238867
74.1666666666667,14.9476623257648,7.45545302465513,15.0572460673217,7.41798676853275,15.1612940043109,7.38370492313184,15.2822423672589,7.35787701581423,15.3891996314702,7.30889900167896,15.4776066298812,7.26614143673339,15.5275520036436,7.17707428742849,15.5405976112281,7.07119770884469,15.5228514328156,6.96942038534928,15.4874158775652,6.8998233569246
74.3333333333333,14.9430255343405,7.45912689128342,15.05107971616,7.42014921320943,15.1546896060969,7.38484797030223,15.2748953897077,7.35824353526167,15.3821120152923,7.31028251903229,15.4729282323903,7.26971673932101,15.5258571690574,7.18508273388277,15.543528774887,7.08052029916718,15.5323354516517,6.9766556523516,15.5011915420797,6.9041242138595
74.5,14.9382991331089,7.46296111842025,15.0446834686872,7.4224683890995,15.1478545386015,7.38615011222989,15.2670369940977,7.35859265248649,15.3744646199558,7.31163696733231,15.4676331655457,7.27327046973359,15.5239113879292,7.1933161171158,15.5463645690335,7.09032241623679,15.5418239072761,6.98454050773927,15.5150545667622,6.90897677775529
74.6666666666667,14.9335033760942,7.46694435187865,15.0381043761059,7.42493321334239,15.1408329643022,7.38759806239505,15.2587478618297,7.35893068153694,15.3663376939237,7.31296207627547,15.4617935816492,7.27677210888833,15.5217323029847,7.20166536022269,15.5490891677146,7.1004711413178,15.5512192015394,6.99296455460018,15.5288621113682,6.9143173631739
74.8333333333333,14.9286585173205,7.47106523747161,15.0313894896189,7.42753260307757,15.1336690456763,7.38917853427792,15.2501086743046,7.35926393646132,15.357811485659,7.31425757555822,15.4554816330024,7.28019113770244,15.5193375569495,7.21002138629854,15.5516867449776,7.11083355567448,15.5604237362924,7.0018173960222,15.542471335653,6.92008228467725
75,14.9237848108121,7.47531242101215,15.024585860429,7.43025547544448,15.1264069452013,7.39087824135873,15.2412001129231,7.3595987313079,15.3489662436247,7.31552319487699,15.4487694719068,7.28349703709313,15.516744792549,7.21827511843847,15.5541414748693,7.12127674057111,15.5693399133861,7.01098863509324,15.5557393993722,6.92620785682727
75.1666666666667,14.9189025105931,7.47967454831328,15.0177405397389,7.43309074758256,15.1190908253546,7.39268389711769,15.232102859086,7.35994138012496,15.3398822162838,7.31675866392824,15.4417292506642,7.28665928797761,15.513971652509,7.22631747973757,15.5564375314368,7.13166777727196,15.5778701346711,7.02036787490117,15.5685234622811,6.93263039418589
75.3333333333333,14.9140318706876,7.484140265188,15.0109005787512,7.43602733663127,15.1117648486134,7.39458221503501,15.2228975941941,7.36029819696079,15.3306396520994,7.3179637124084,15.4344331215761,7.28964737127308,15.5110357795548,7.23403939329096,15.5585590887273,7.14187374704129,15.5859168019982,7.02984471853389,15.5806806841351,6.93928621131504
75.5,14.9091931451199,7.48869821744934,15.0041130286689,7.43905415973005,15.1044731774554,7.39655990859093,15.2136649996482,7.36067549586365,15.3213187995344,7.31913807001392,15.4269532369443,7.29243076789676,15.5079548164122,7.24133178219373,15.5604903207878,7.15176173114338,15.5933823172182,7.03930876907928,15.5920682246898,6.94611162277665
75.6666666666667,14.9044065879141,7.49333705091028,14.9974249406946,7.44216013401835,15.0972599743578,7.39860369126566,15.2044857568491,7.36107959088183,15.3119999070519,7.32028146644126,15.4193617490704,7.29497895876585,15.5047464058066,7.24808556954099,15.5622154016653,7.16119881084251,15.6001690821819,7.04864962962523,15.6025432437006,6.95304294313263
75.8333333333333,14.8996924530944,7.49804541138386,14.990883366031,7.44533417663562,15.090169401798,7.40070027653941,15.1954405471976,7.36151679606361,15.3027632231148,7.32139363138684,15.4117308102559,7.29726142479756,15.5014281904636,7.25419167842785,15.5637185054069,7.17005206740294,15.60617949874,7.05775690325964,15.6119629009228,6.96001648694492
76,14.8950709946849,7.50281194468307,14.9845353558809,7.4485652047213,15.0832456222535,7.40283637789241,15.1866100520945,7.36199342545727,15.2936889961863,7.32247429454712,15.4041325728026,7.2992476469091,15.4980178131088,7.25954103194941,15.5649838060596,7.17818858208894,15.6113159687434,7.06652019307037,15.6201843561119,6.96696856877544
76.1666666666667,14.8905624667098,7.50762529662093,14.9784279614471,7.45184213541485,15.0765327982016,7.40499870880488,15.1780749529406,7.36251579311108,15.2848574747293,7.32352318561855,15.3966391890121,7.30090710601768,15.4945329164677,7.26402455320079,15.5659954776706,7.18547543616479,15.6154808940428,7.07482910214533,15.6270647690234,6.97383550318612
76.3333333333333,14.8861871231933,7.51247411301044,14.9726082339322,7.45515388585571,15.0700750921198,7.40717398275702,15.1699159311367,7.36309021307332,15.2763489072068,7.32454003429756,15.3893228111861,7.3022092830405,15.490991143266,7.26753316527707,15.5667376942868,7.19177971089476,15.6185766764891,7.0825732335724,15.6324612994126,6.98055360473889
76.5,14.8819652181595,7.51734703966461,14.9671232245391,7.45848937318333,15.0639166664854,7.40934891322907,15.1622136680835,7.36372299939228,15.2682435420818,7.3255245702806,15.3822555916261,7.30312365889478,15.4874101362291,7.26995779127338,15.5671946299554,7.19696848754312,15.6205057179329,7.08964219043947,15.6362311070351,6.98705918799567
76.6666666666667,14.8779170056327,7.52223272239647,14.9620199844705,7.46183751453716,15.0581016837759,7.41151021370124,15.1550488451819,7.36442046611624,15.2606216278174,7.32647652326412,15.3755096826338,7.30361971449772,15.4838075380826,7.27118935428481,15.5673504587233,7.20090884737415,15.6211704202252,7.09592557583443,15.6382313516462,6.9932885675184
76.8333333333333,14.8739468229781,7.52727166831389,14.9571678815469,7.46532477619462,15.0525211794376,7.41379125163701,15.1482002023111,7.36526410645602,15.2532527570071,7.32737565311536,15.3687858290038,7.30387915512993,15.4798337236795,7.2717752078884,15.5668264382617,7.20415779950037,15.6209349344995,7.10185200238407,15.6392765835221,6.99965468048272
77,14.8699535605465,7.53259208884872,14.952403776846,7.46907073040602,15.0470340036015,7.4163218978111,15.1413952091767,7.36632215075304,15.2458590751732,7.32820760728443,15.3617583452598,7.30410629171075,15.4751651736027,7.27233512734032,15.5653038813885,7.20735284096227,15.6202461143983,7.10789750210127,15.6402760172267,7.00656295499371
77.1666666666667,14.8659493018399,7.5381641862999,14.9477259614563,7.47305395327017,15.0416360407719,7.41908362067061,15.1346376419198,7.36758101875139,15.2384496601716,7.32898094684205,15.3544597382974,7.30430451361549,15.4698586891731,7.27286866825435,15.5628570448715,7.210481784916,15.6191304155352,7.11402280715302,15.6412288089476,7.01393844200742
77.3333333333333,14.8619461303604,7.54395816296636,14.943132726466,7.47725302088587,15.0363231754532,7.42205788866263,15.1279312766811,7.36902713019519,15.2310335898587,7.32970423285895,15.3469225150122,7.30447721021944,15.4639710717117,7.27337538624429,15.5595601854785,7.21353244451773,15.6176142935239,7.12018864970633,15.6421341148722,7.02170619247991
77.5,14.8579561296102,7.54994422114703,14.9386223629635,7.48164650935194,15.0310912921495,7.42522617023427,15.1212798896014,7.37064690482855,15.2236199420904,7.33038602640586,15.3391791822997,7.30462777089793,15.4575591225394,7.27385483692394,15.555487559977,7.21649263292362,15.6157242039782,7.1263557619282,15.6429910911877,7.02979125736723
77.6666666666667,14.8539913830913,7.55609256314084,14.9341931620373,7.48621299476717,15.0259362753653,7.42856993383261,15.1146872568216,7.37242676239558,15.2162177947229,7.33103488855352,15.3312622470556,7.30475958502626,15.450679642977,7.27430657590708,15.5507134251349,7.21935016328983,15.6134866025116,7.13248487598563,15.6437988940817,7.03811868762543
77.8333333333333,14.8500639743059,7.56237339124674,14.9298434147756,7.49093105323037,15.0208540096048,7.43207064790476,15.1081571544825,7.3743531226404,15.2088362256122,7.33165938037264,15.3232042161754,7.30487604197972,15.4433894343455,7.27473015880752,15.5453120377198,7.22209284877254,15.6109279447379,7.13853672404561,15.6445566797416,7.04661353421056
78,14.846185986756,7.56875690776364,14.9255714122668,7.49577926084033,15.0158403793723,7.43570978089782,15.1016933587249,7.37641240530711,15.2014843126145,7.33226806293397,15.3150375965547,7.30498053113364,15.4357452979657,7.27512514123904,15.5393576544994,7.22470850252789,15.6080746862708,7.14447203827516,15.6452636043547,7.05520084807868
78.1666666666667,14.8423695039437,7.57521331499049,14.9213754455993,7.50073619369588,15.0108912691721,7.43946880125887,15.0952996456896,7.37859103013982,15.1941711335859,7.33286949730822,15.306794895089,7.30507644186332,15.4278040351585,7.27549107881543,15.5329245322415,7.22718493771207,15.6049532827239,7.15025155084126,15.6459188241084,7.06380568018583
78.3333333333333,14.8386266093713,7.58171281522622,14.9172538058615,7.5057804278958,15.0060025635085,7.44332917743502,15.0889797915174,7.38087541688266,15.1869057663824,7.33347224456613,15.2985086186739,7.30516716354405,15.4196224472449,7.2758275271505,15.5260869277137,7.22950996748122,15.601590189711,7.15583599391092,15.6465214951903,7.07235308148808
78.5,14.8349693865407,7.58822561076975,14.9132047841417,7.5108905395389,15.0011701468859,7.44727237787336,15.0827375723493,7.38325198527971,15.1796972888602,7.33408486577843,15.2902112742051,7.30525608555116,15.4112573355457,7.27613404185804,15.5189190976838,7.23167140499152,15.5980118628457,7.16118609965115,15.6470707737876,7.08076810294147
78.6666666666667,14.831409918954,7.59472190392003,14.9092266715282,7.516045104724,14.9963899038085,7.45127987102099,15.0765767643259,7.38570715507511,15.1725547788755,7.33471592201585,15.281935368578,7.30534659725994,15.4027655013818,7.27641017855183,15.5114952989194,7.23365706339913,15.5942447577416,7.16626260022893,15.6475658160878,7.08897579550206
78.8333333333333,14.8279602901135,7.60117189697598,14.9053177591096,7.52122269954988,14.9916577187806,7.455333125325,15.0705011435882,7.38822734601296,15.1654873142842,7.33537397434911,15.2737134086882,7.30544208804571,15.3942037460742,7.27665549284568,15.5038897881883,7.2354547558602,15.5903153300126,7.17102622781127,15.6480057782782,7.0969012101259
79,14.8246325835211,7.60754579223654,14.901476337974,7.52640190011536,14.9869694763065,7.4594136092325,15.0645144862769,7.39079897783736,15.1585039729425,7.33606758384894,15.2655779014314,7.30554594728376,15.3856288709437,7.27686954035337,15.4961768222582,7.23705229553092,15.5862500352722,7.17543771456518,15.6483898165464,7.10446939776904
79.1666666666667,14.821438882679,7.61381379200065,14.8977006992099,7.53156128251924,14.9823210608905,7.46350279119057,15.0586205685328,7.39340847029244,15.1516138327064,7.33680531158608,15.2575613537031,7.30566156434941,15.3770976773112,7.2770518766887,15.4884306578968,7.23843749556743,15.5820753291342,7.17945779265764,15.6487170870796,7.11160540938753
79.3333333333333,14.8183912710893,7.61994609856722,14.8939891339056,7.53667942286033,14.977708357037,7.46758213964632,15.0528231664969,7.3960422431223,15.1448259714322,7.33759571863126,15.2496962723988,7.30579232861797,15.3686669664976,7.27720205746547,15.4807255518717,7.23959816912591,15.5778176672122,7.18304719425567,15.6489867460653,7.11823429593743
79.5,14.8155018322541,7.62591291423521,14.8903399331495,7.54173489723742,14.9731272492501,7.47163312304683,15.0471260563099,7.39868671607105,15.1381494669759,7.3384473660552,15.2420151644142,7.30594162946473,15.3603935398238,7.27731963829746,15.4731357609508,7.24052212936251,15.57350350512,7.18616665152626,15.649197949691,7.12428110837479
79.6666666666667,14.8127826496755,7.63168444130354,14.88675138803,7.54670628174933,14.9685736220343,7.47563720983922,15.0415330141126,7.40132830888281,15.1315933971936,7.33936881492863,15.2345505366448,7.30611285626501,15.3523341986108,7.27740417479847,15.4657355419017,7.24119718943341,15.5691592984712,7.18877689663641,15.649349854144,7.12967089765566
79.8333333333333,14.8102458068556,7.63723088207113,14.8832217896355,7.55157215249485,14.9640433598938,7.47957586847057,15.0360478160459,7.40395344130168,15.1251668399414,7.34036862632227,15.2273348959862,7.30630939839411,15.3445457441793,7.27745522258229,15.4585991514921,7.24161116249476,15.5648115028794,7.19083866175313,15.6494416156116,7.1343287147361
80,14.8079033872965,7.64252243883694,14.8797494290542,7.55631108557279,14.959532347333,7.48343056738798,15.0306742382506,7.40654853307178,15.1188788730754,7.34145536130688,15.220400749334,7.30653464522734,15.3370849778504,7.27747233726272,15.4518008464897,7.24175186170273,15.5604865739585,7.19231267904341,15.6494723902814,7.13817961057216
80.1666666666667,14.8057222949783,7.64762898485546,14.8763104152573,7.56100559274429,14.954991471449,7.48729215977336,15.0253490704114,7.40920722388515,15.1126471985836,7.34269758508879,15.213619439086,7.3068047260672,15.3297283743499,7.27738703226578,15.4450021013645,7.24173013209939,15.5558099273032,7.19346221284724,15.6487498749873,7.14159323700244
80.3333333333333,14.8036549702165,7.65264349782969,14.8728859542637,7.56574638671031,14.9503861560282,7.49125475524627,15.0200154982296,7.41202247088138,15.1063940055589,7.34414772861681,15.2068483303461,7.30713207252759,15.3222316937531,7.27714288348141,15.4378441633671,7.24166603176884,15.5504350100957,7.19457509832796,15.6466631992536,7.14497862768297
80.5,14.8016918010169,7.65757083673125,14.8694819827331,7.57052434497937,14.9457340906079,7.49530470691036,15.0146868918712,7.41497966997589,15.1001351025147,7.34579015157532,15.2000989640689,7.30751452745092,15.3146206654045,7.27675754021934,15.4303709484363,7.24156119343027,15.5444303253301,7.19564892388757,15.6433336683034,7.14831990629596
80.6666666666667,14.799823175385,7.66241586053178,14.8661044373254,7.57533034505999,14.9410529647259,7.49942836786923,15.0093766215018,7.41806421708411,15.0938862979645,7.34760921364869,15.1933828812089,7.30794993367962,15.3069210186487,7.27624865178928,15.4226263725107,7.24141724980287,15.5378643760008,7.19668127792811,15.6388825873598,7.1516011965236
80.8333333333333,14.7980394813264,7.66718342820292,14.8627592547007,7.58015526446067,14.9363604679197,7.50361209122649,15.0040980572874,7.42126150812145,15.0876634004218,7.34958927452132,15.1867116227207,7.30843613405608,15.2991584828304,7.27563386750095,15.414654351529,7.24123583360582,15.530805665102,7.19766974885158,15.633431261646,7.15480662204808
81,14.7963311068467,7.6718783987163,14.8594523715187,7.58498998068996,14.9316742897268,7.50784223008577,14.9988645693938,7.42455693900334,15.0814822184,7.35171469387758,15.180096729559,7.30897097142272,15.2913587872941,7.27493083666404,15.4064988014299,7.24101857755832,15.523322695628,7.19861192506,15.6271009963848,7.15792030655162
81.1666666666667,14.7946884399516,7.67650563104356,14.8561897244394,7.58982537125635,14.9270121196848,7.51210513755069,14.9936895279867,7.4279359056452,15.0753585604126,7.35396983140185,15.1735497426782,7.30955228862195,15.2835476613846,7.27415720858829,15.398203638152,7.24076711437956,15.5154839705731,7.19950539495538,15.6200130967996,7.1609263737164
81.3333333333333,14.7931018686466,7.68106998415634,14.8529772501226,7.59465231366838,14.9223916473313,7.51638716672486,14.9885863032322,7.43138380396245,15.0693082349731,7.35633904677851,15.1670822030329,7.3101779284962,15.2757508344464,7.27333063258339,15.3898127776341,7.24048307678874,15.5073579929316,7.20034774693974,15.6122888681132,7.16380894722463
81.5,14.7915617809373,7.68557631702627,14.8498208852283,7.59946168543457,14.9178305622038,7.52067467071189,14.9835682652958,7.43488602987052,15.0633470505949,7.35880669969195,15.1607056515777,7.31084573388786,15.2679940358241,7.27246875795907,15.3813701358149,7.24016809750503,15.4990132656977,7.20113656941511,15.6040496155489,7.1665521507585
81.6666666666667,14.7900585648294,7.69002948862498,14.8467265664163,7.60424436406342,14.91334655384,7.52495400261542,14.9786487843436,7.43842797928482,15.0574908157915,7.36135714982655,15.1544316292672,7.31155354763936,15.2603029948624,7.27158923402504,15.372919628633,7.23982380924764,15.4905182918658,7.20186945078349,15.5954166443297,7.16914010800021
81.8333333333333,14.7885826083284,7.69443435792412,14.8437002303465,7.60899122706347,14.9089573117773,7.52921151553905,14.9738412305413,7.44199504812078,15.0517553390764,7.36397475686668,15.1482716770559,7.31229921259311,15.2527034409058,7.270709710091,15.3645051720271,7.23945184473574,15.48194157443,7.20254397944689,15.5865112596786,7.17155694263195
82,14.7871242994399,7.69879578389531,14.8407478136789,7.61369315194323,14.9046805255533,7.5334335625864,14.9691589740548,7.44557263229382,15.0461564289631,7.36664388049673,15.1422373358985,7.31308057159151,15.245221103299,7.26984783546668,15.356170681936,7.23905383668855,15.4733516163847,7.20315774380735,15.5774547668188,7.17378677833594
82.1666666666667,14.7856740261696,7.7031186255102,14.8378752530733,7.61834101621122,14.9005338847056,7.53760649686109,14.9646153850498,7.44914612771937,15.0407098939649,7.36934888040107,15.1363401467494,7.31389546747698,15.2378817113867,7.26902125946179,15.3479600742982,7.23863141782523,15.4648169207242,7.20370833226686,15.5683684709734,7.17581373879436
82.3333333333333,14.784222176523,7.70740774174042,14.8350884851896,7.62292569737596,14.8965350787718,7.54171667146674,14.9602238336922,7.45270093031283,15.0354315425954,7.3720741162641,15.1305916505632,7.31474174309194,15.2307109945133,7.26824763138603,15.3399172650526,7.23818622086499,15.4564059904427,7.20419333322746,15.5593736773654,7.17762194768942
82.5,14.7827591385058,7.71166799155761,14.8323934466877,7.62743807294596,14.8927017972895,7.54575043950696,14.9559976901479,7.45622243598965,15.030337183368,7.37480394777019,15.1250033882946,7.3156172412788,15.2237346820236,7.26754460054913,15.3320861701377,7.23771987852701,15.4481873285345,7.20461033509115,15.5505916912179,7.17919552870331
82.6666666666667,14.7812753001236,7.7159042339334,14.8297960742275,7.63186902042976,14.8890517297961,7.54969415408538,14.9519503245827,7.45969604066523,15.0254426247963,7.37752273460372,15.119586900898,7.31651980487996,15.2169785032621,7.26692981626079,15.3245107054923,7.23723402353049,15.440229437994,7.20495692625995,15.5421438177539,7.18051860551823
82.8333333333333,14.7797610493819,7.72012132783943,14.827302304469,7.63620941733587,14.8856025658293,7.5535341683056,14.9480951071624,7.46310714025501,15.0207636753936,7.38021483644907,15.1143537293281,7.31744727673785,15.2104681875736,7.26642092783073,15.317234787055,7.23673028859462,15.4326008218152,7.20523069513588,15.5341513621967,7.18157530181637
83,14.7782067742863,7.72432413224733,14.8249180740719,7.6404501411728,14.8823719949266,7.55725683527126,14.9444454080528,7.4664411306744,15.0163161436734,7.38286461299063,15.1093154145395,7.31839749969487,15.2042294643025,7.26603558456866,15.3103023307646,7.23621030643858,15.4253699829926,7.20542923012095,15.5267356297692,7.18234974127995
83.1666666666667,14.7766028628426,7.72851750612874,14.8226493196961,7.64458206944908,14.8793777066257,7.56084850808596,14.9410145974197,7.46968340783883,15.0121158381493,7.38545642391277,15.1044834974866,7.31936831659344,15.1982880627935,7.2657914357843,15.3037572525597,7.23567570978157,15.4186054245205,7.20555011961718,15.5200179256945,7.18282604759114
83.3333333333333,14.7749397030561,7.7327063084553,14.8205019780017,7.64859607967323,14.876637390464,7.56429553985332,14.9378160454291,7.47281936766371,15.0081785673346,7.38797462889987,15.0998695191241,7.32035757027596,15.1926697123912,7.26570613078735,15.2976434683791,7.23512813134278,15.412375649393,7.20559095202659,15.5141195551957,7.18298834443217
83.5,14.7732686851432,7.73689205038388,14.8184796270189,7.65250493549946,14.8740832784282,7.56760526062448,14.934781682732,7.47586373702049,15.0044014532965,7.39045998492213,15.0954092804641,7.32142801900975,15.1872735163519,7.26572383280328,15.2918410785236,7.23439181539989,15.4065251546017,7.2053476201747,15.5087755540253,7.18274952748619
83.6666666666667,14.7716418172063,7.74107057752931,14.8165737856701,7.65633134628081,14.8716320097446,7.57080176007929,14.9318335145607,7.4788458940825,15.0006757044223,7.39296354552325,15.091031843388,7.32263692894736,15.1819817699407,7.26577606129129,15.2861956835433,7.23331649835569,15.4008443517048,7.20464520253437,15.5036274932601,7.18205670868535
83.8333333333333,14.770050414081,7.74523825055009,14.8147723019531,7.66008110807404,14.8692778848099,7.57389653076444,14.9289700229528,7.481773211718,14.9970082587058,7.39548511524793,15.0867386401538,7.3239739047591,15.1767949905163,7.26586149991171,15.2806994497501,7.231942051117,15.3953206155469,7.20352506597857,15.4986564811103,7.18094533608528
84,14.7684857906027,7.74939143010474,14.8130630238658,7.66376001693591,14.8670152040209,7.57690106522663,14.9261896899458,7.48465306279524,14.993406054141,7.39802449864082,15.0825311030196,7.32542855111532,15.1717136954369,7.26597883232485,15.2753445434559,7.23030834459063,15.3899413209724,7.20202857738028,15.4938436257859,7.17945085774163
84.1666666666667,14.7669392616069,7.75352647685177,14.8114337994061,7.66737386892318,14.8648382677743,7.57982685601255,14.9234909975771,7.48749282018248,14.9898760287218,7.40058150024662,15.0784106642435,7.32699047268631,15.166738402061,7.26612674219104,15.2701231309726,7.22845524968341,15.3846938428259,7.2001971036125,15.4891700354971,7.17760872171003
84.3333333333333,14.7654021419292,7.7576397514497,14.8098724765717,7.6709284600926,14.8627413764669,7.5826853956689,14.9208724278843,7.49029985674798,14.9864251204419,7.40315592461,15.0743787560835,7.32864927414241,15.161869627747,7.26630391317062,15.2650273786123,7.22642263730214,15.3795655559519,7.1980720115482,15.484616818454,7.17545437604611
84.5,14.7638657464049,7.76172761455704,14.8083669033607,7.67442958650092,14.8607188304955,7.58548817674236,14.918332462905,7.49308154535999,14.9830602672953,7.40574757627563,15.0704368107978,7.33039456015394,15.1571078898533,7.26650902892389,15.2600494526867,7.22425037835366,15.3745438351948,7.19569466806037,15.4801650828666,7.17302326880552
84.6666666666667,14.7623213898695,7.7657864268323,14.8069049277708,7.67788304420492,14.8587649302568,7.58824669177964,14.9158695846765,7.49584525888678,14.9797884072758,7.40835625978821,15.0665862606443,7.33221593539121,15.1524537057384,7.26674077311119,15.255181519508,7.22197834374478,15.3696160553992,7.19310644002199,15.475795936945,7.17035084804389
84.8333333333333,14.7607603871586,7.769812548934,14.8054743978,7.68129462926134,14.8568739761477,7.59097243332742,14.9134822752365,7.49859837019659,14.9766164783773,7.4109817796924,15.0628285378814,7.33410300452455,15.1479075927607,7.26699782939284,15.250415745388,7.21964640438232,15.3647695914095,7.19034869430604,15.4714904888994,7.16747256181686
85,14.7591740531075,7.77380234152065,14.8040631614459,7.68467013772694,14.8550402685649,7.59367689393239,14.9111690166224,7.5013482521577,14.9735514185937,7.41362394053288,15.0591650747669,7.33604537222428,15.1434700682785,7.26727888142916,15.2457442966386,7.2172944311731,15.3599918180704,7.1874627977855,15.4672298469397,7.16442385818007
85.1666666666667,14.7575537025518,7.77775216525076,14.8026590667067,7.68801536565848,14.8532581079051,7.59637156614126,14.9089282908717,7.50410227763834,14.9706001659189,7.41628254685434,15.0555973035589,7.33803264316071,15.1391416496504,7.26758261288049,15.2411593395719,7.21496229502393,15.3552701102262,7.18449011733337,15.4629951192761,7.16124018518916
85.3333333333333,14.755890650327,7.78165838078286,14.80124996158,7.69133610911272,14.8515217945651,7.59906794250071,14.906758580022,7.50686781950679,14.9677696583466,7.41895740320144,15.0521266565157,7.34005442200418,15.1349228542346,7.26790770740713,15.2366530404997,7.21268986684164,15.3505918427216,7.18147201982262,15.4587674141187,7.15795699089975
85.5,14.7541762112685,7.78551734877545,14.7998236940638,7.69463816414641,14.8498256289417,7.60177751555743,14.9046583661107,7.50965225063129,14.9650668338708,7.42164831411888,15.0487545658952,7.34210031342499,15.1308141993897,7.26825284866943,15.232217565734,7.21051701753305,15.3459443904009,7.17844987212624,15.4545278396776,7.1546097233675
85.6666666666667,14.7524017002117,7.78932542988705,14.7983681121559,7.69792732681631,14.8481639114317,7.60451177785813,14.9026261311754,7.51246294388012,14.9624986304854,7.42435508415132,15.0454824639555,7.34415992209348,15.1268162024741,7.2686167203277,15.2278450815867,7.20848361800498,15.3413151281087,7.1754650411172,15.4502575041627,7.15123383064803
85.8333333333333,14.7505584319923,7.79307898477617,14.7968710638541,7.70120939317918,14.8465309424319,7.60728222194949,14.9006603572536,7.51530727212151,14.9600719861841,7.42707751784345,15.0423117829547,7.34622285267996,15.1229293808461,7.26899800604227,15.2235277543698,7.20662953916424,15.3366914306896,7.1725588936685,15.4459375157844,7.14786476079698
86,14.7486377214456,7.79677437410133,14.7953203971564,7.70449015929178,14.8449210223389,7.61010034037821,14.8987595263828,7.51819260822373,14.957793838961,7.42981541973993,15.039243955151,7.34827870985475,15.1191542518642,7.26939538947346,15.2192577503953,7.20499465191765,15.332060672988,7.16977279665311,15.4415489827525,7.14453796187
86.1666666666667,14.7466308834071,7.80040795852104,14.7937039600606,7.70777542121086,14.8433284515496,7.61297762569097,14.8969221206005,7.52112632505504,14.9556711268098,7.43256859438547,15.0362804128023,7.35031709828817,15.1154913328868,7.2698075542816,15.215027235975,7.20361882717203,15.3274102298483,7.16714811694403,15.4370730132772,7.14128888192272
86.3333333333333,14.7445292327122,7.80397609869381,14.7920096005646,7.71107097499318,14.8417475304607,7.61592557043449,14.8951466219443,7.52411579548369,14.9537107877245,7.43533684632472,15.0334225881668,7.35232762265055,15.1119411412724,7.27023318412701,15.2108283774209,7.20254193583421,15.3227274761153,7.16472622141422,15.4324907155687,7.13815296901077
86.5,14.7423240841966,7.80747515527816,14.7902251666662,7.7143826166955,14.8401725594691,7.61895566715543,14.8934315124515,7.52716839237794,14.9519197596988,7.43811998010236,15.0306719135026,7.3542998876122,15.1085041943793,7.27067096267001,15.2066533410449,7.201803848811,15.3179997866332,7.16254847693668,15.4277831978369,7.1351656711898
86.6666666666667,14.7400067526956,7.81090148893261,14.7883385063633,7.71771614237457,14.8385978389714,7.62207940840051,14.8917752741598,7.53029148860606,14.9503049807267,7.44091780026309,15.0280298210676,7.35622349784345,15.1051810095659,7.27111957357093,15.2024942931591,7.20144443700922,15.3132145362467,7.16065625038439,15.422931568292,7.13236243651544
86.8333333333333,14.7375044354868,7.81428840506134,14.7863669320111,7.7210585134291,14.8370661443433,7.6252748711527,14.8901857282296,7.53345674002752,14.9488264436642,7.44369724810837,15.025470030215,7.35808288958889,15.1019805855732,7.27162557564039,15.1984016433097,7.20129101780914,15.3084495090076,7.15888476553726,15.4180068227493,7.1295069879688
87,14.7347625450901,7.81766782881936,14.7843367695499,7.72439259256107,14.8356170438739,7.62851169497058,14.8886676404208,7.53663364537005,14.947435027032,7.44643266881282,15.0229654616139,7.35987830799195,15.0989046928984,7.27223532284515,15.194423102373,7.20114440452562,15.3037810942371,7.15705259214688,15.4130868578914,7.12637025044441
87.1666666666667,14.7317997192049,7.82103405049143,14.7822493873551,7.72771802778214,14.83424002733,7.63178871626427,14.88721490967,7.53982634180422,14.9461239973211,7.44913497273079,15.0205163494967,7.3616230710712,15.0959430065349,7.27294719157977,15.190546788656,7.20100471196729,15.2991945746837,7.15517611604382,15.4081631332295,7.12299847486804
87.3333333333333,14.7286345955302,7.82438136036231,14.7801061538022,7.73103446710398,14.8329245844785,7.63510477144387,14.8858214349136,7.54303896650058,14.9448866210225,7.45181507021665,15.0181229280957,7.36333049684521,15.093085201476,7.27375955823883,15.1867608204658,7.20087205494282,15.294675233096,7.15327172305859,15.403227108275,7.11943791216543
87.5,14.7252858117654,7.82770404871675,14.7779084372666,7.73434155853824,14.8316602050864,7.63845869691949,14.8844811150883,7.54627565662971,14.9437161646272,7.45448387162476,15.0157854316435,7.36501390333255,15.0903209527149,7.27467079921688,15.1830533161091,7.20074654826085,15.2902083522224,7.15135579902173,15.398270242539,7.11573481326237
87.6666666666667,14.7217720056096,7.83099640583952,14.7756576061238,7.73763895009658,14.8304363789205,7.64184932910125,14.8831878491306,7.54954054936219,14.9426058946262,7.45715228730949,15.0135040943723,7.36668660855178,15.0876399352451,7.27567929090849,15.1794123938931,7.20062830673005,15.2857792148115,7.1494447297638,15.3932839955328,7.11193542908462
87.8333333333333,14.718111814762,7.83425272201537,14.7733550287491,7.74092628979068,14.8292425957477,7.64527550439924,14.881935535977,7.55283778186857,14.9415490775105,7.4598312276252,15.0112791505147,7.36836193052148,15.0850318240597,7.27678340970822,15.1758261721246,7.20051744515907,15.2813731036118,7.14755490111531,15.3882598267675,7.10808601055793
88,14.7143238769219,7.83746728752906,14.771002073518,7.74420322563219,14.828068345335,7.64873605922359,14.880718074564,7.55617149131943,14.9405389797711,7.46253160292625,15.009110834303,7.37005318726021,15.0824862941521,7.27798153201064,15.1722827691107,7.20041407835657,15.2769753013718,7.14570269890681,15.3831891957544,7.10423280860807
88.1666666666667,14.7104268297884,7.84063439266533,14.768600108806,7.74746940563278,14.8269031174492,7.65222982998438,14.8795293638283,7.55954581488534,14.939568867899,7.46526432356701,15.0069993799697,7.37177369678654,15.0799930205155,7.27927203421031,15.1687703031582,7.20031832113119,15.27257109084,7.14390450896883,15.3780635620047,7.10042207416082
88.3333333333333,14.7064393110608,7.84374832770896,14.7661505029884,7.75072447780411,14.8257364018573,7.65575565309175,14.8783633027064,7.56296488973687,14.9386320083851,7.46804029990183,15.004945021747,7.37353677711904,15.0775416781434,7.28065329270179,15.1652768925742,7.2002302882916,15.268145754765,7.14217671713192,15.3728743850296,7.09670005814192
88.5,14.7023799584382,7.8468033829447,14.7636546244408,7.75396809015783,14.8245576883261,7.65931236495578,14.8772137901347,7.56643285304459,14.9377216677205,7.47087044228508,15.0029479938676,7.37535574627629,15.0751219420289,7.28212368387965,15.1617906556655,7.20015009464645,15.2636845758953,7.14053570922661,15.3676131243403,7.09311301147715
88.6666666666667,14.6982674096199,7.8497938486573,14.7611138415385,7.75719989070562,14.8233564666226,7.6628988019866,14.8760747250499,7.56995384197906,14.9368311123961,7.47376566107113,15.0010085305637,7.37724392227684,15.0727234871654,7.28368158413845,15.1582997107392,7.2000778550044,15.2591728369793,7.13899787108344,15.3622712394481,7.08970718509227
88.8333333333333,14.694120302305,7.85271401513153,14.758529522657,7.76041952745914,14.8221222265136,7.66651380059431,14.8749400063885,7.57353199371085,14.9359536089029,7.47673686661433,14.9991268660677,7.37921462313927,15.0703359885462,7.28532536987276,15.1547921761023,7.20001368417409,15.2545958207657,7.13757958853294,15.3568401898642,7.08652882991304
89,14.6899572741929,7.85555817265213,14.7559030361717,7.76362664843005,14.8208444577661,7.67015619718902,14.8738035330871,7.57717144541055,14.935082423732,7.47979496926906,14.9973032346121,7.38128116688215,15.0679491211645,7.28705341747714,15.1512561700616,7.19995769696419,15.2499388100029,7.13629724740566,15.3513114350998,7.08362419686523
89.1666666666667,14.6857969629826,7.85832061150388,14.753235750458,7.76682090163001,14.8195126501469,7.67382482818083,14.8726592040821,7.5808763342487,14.9342108233743,7.48295087938967,14.9955378704293,7.38345687152405,15.0655525600137,7.28886410334616,15.1476798109242,7.19991000818335,15.2451870874394,7.13516723353212,15.3456764346662,7.0810395368746
89.3333333333333,14.6816580063735,7.86099562197151,14.7505290338915,7.77000193507069,14.818116293423,7.67751852997986,14.8715009183101,7.58465079739589,14.9333320743208,7.48621550733052,14.9938310077517,7.38575505508353,15.0631359800871,7.29075580387437,15.144051216997,7.19987073264022,15.2403259358239,7.13420593274287,15.3399266480744,7.07882110086692
89.5,14.6775590420646,7.8635774943398,14.7477842548475,7.77316939676375,14.8166448773613,7.68123613899621,14.8703225747078,7.58849897202268,14.9324394430626,7.48959976344598,14.9921828808117,7.38818903557916,15.0606890563779,7.29272689545634,15.1403585065869,7.19983998514346,15.2353406379047,7.13342973086844,15.3340535348359,7.07701513976795
89.6666666666667,14.6735187077553,7.86606051889349,14.7450027817014,7.77632293472084,14.8150878917286,7.68497649164,14.8691180722115,7.59242499529965,14.9315261960905,7.49311455809042,14.9905937238417,7.39077213102952,15.0582014638795,7.29477575448664,15.136589798001,7.19981788050173,15.2302164764304,7.13285501373938,15.3280485544617,7.07566790450345
89.8333333333333,14.6695556411447,7.86843898591734,14.7421859828288,7.77946219695364,14.8134348262918,7.68873842432133,14.867881309758,7.59643300439735,14.9305855998956,7.49677080161819,14.9890637710741,7.39351765945317,15.0556628775852,7.29690075735984,15.1327332095461,7.19980453352367,15.2249387341495,7.13249816718621,15.3219031664631,7.07482564599919
90,14.665688479932,7.87070718569612,14.7393352266049,7.7825868314738,14.811675170818,7.6925207734503,14.8666061862836,7.60052713648637,14.9296109209689,7.50057940438366,14.9875932567413,7.39643893886868,15.0530629724882,7.29910028047048,15.1287768595293,7.19980005901795,15.2194926938106,7.13237557703948,15.3156088303514,7.07453461518094
90.1666666666667,14.6618704682984,7.87294307783494,14.7363972352289,7.78573771665245,14.8097507429843,7.69637462452788,14.8653140261448,7.6047694810534,14.9286231633621,7.50465470368578,14.9861627292596,7.39976988528802,15.0503084189312,7.30170952048899,15.1246168324877,7.20031008300393,15.2137017029072,7.13264428136009,15.3090169000202,7.07466022273326
90.3333333333333,14.658042404477,7.87521841132822,14.7333265131842,7.78894764450819,14.8076228307037,7.7003421686501,14.8640289180677,7.60920698740056,14.9276469096913,7.50908225490818,14.9847538214345,7.40370028572937,15.0473378467068,7.3050213077219,15.1201846058107,7.20178548739377,15.2074399015717,7.13342489958802,15.3020153305834,7.07502623343346
90.5,14.6542042572453,7.87751816054468,14.7301361022728,7.79220413352392,14.8053101290962,7.70440890061969,14.8627489075437,7.61382108242159,14.9266807942943,7.51382979553223,14.9833683940823,7.40817726472061,15.0441888699835,7.30897046901799,15.1155213870835,7.20414427083529,15.2007687615101,7.13467918962247,15.2946504833821,7.07561642934637
90.6666666666667,14.6503559953805,7.87982729985304,14.7268390442967,7.79549470218252,14.8028313332817,7.70856031523938,14.8614720400642,7.61859319301019,14.9257234515086,7.5188650630393,14.9820083080193,7.41314794678961,15.0408991029298,7.31349183122603,15.1106683838915,7.20730443197635,15.1937497544289,7.13636890936264,15.2869687197577,7.07641459253684
90.8333333333333,14.6464975876602,7.882130803622,14.7234483810579,7.7988068689669,14.8002051383805,7.71278190731191,14.8601963611206,7.62350474606008,14.9247735156722,7.52415579491076,14.9806754240618,7.41855945646423,15.0375061597143,7.3185202211948,15.10566680382,7.21118396946479,15.1864443520343,7.13845581670772,15.2790164010514,7.07740450506971
91,14.6426290028616,7.88441364622031,14.7199771543584,7.80212815235993,14.7974502395124,7.71705917164,14.8589199162043,7.62853716846499,14.9238296211226,7.52966972862799,14.9793716030262,7.42435891827237,15.0340476545055,7.32399046577308,15.1005578544541,7.21570088194845,15.1789140260325,7.14090166955689,15.2708398886045,7.07856994900983
91.1666666666667,14.6387502097622,7.88666080201665,14.7164384060004,7.80544607084452,14.7945853317976,7.7213776030264,14.8576407508065,7.63367188711863,14.9228904021976,7.53537460167236,14.9780987057287,7.43049345674187,15.0305612014718,7.32983739180963,15.0953827433792,7.22077316807518,15.1712202481298,7.14366822580935,15.2624855437582,7.07989470642203
91.3333333333333,14.6348611771394,7.88885724537977,14.7128451777858,7.80874814290355,14.7916291103562,7.72572269627383,14.8563569104189,7.63889032891472,14.9219544932348,7.54123815152523,14.9768585929855,7.43691019640063,15.0270844147817,7.33599582615324,15.0901826781805,7.2263188264928,15.1634244900326,7.14671724336429,15.2539997278538,7.08136255937116
91.5,14.6309618737705,7.89098795067836,14.7092105115166,7.81202188701992,14.788600270308,7.73007994618503,14.8550664405326,7.64417392074698,14.9210205285721,7.54722811566799,14.9756531256132,7.44355626177651,15.0236549086038,7.34240059565267,15.0849988664434,7.23225585584917,15.155588223447,7.15001048012089,15.2454288022324,7.08295728992206
91.6666666666667,14.6270522684329,7.89303789228116,14.7055474489949,7.81525482167653,14.7855175067732,7.73443484756273,14.8537673866391,7.64950408950912,14.920087142547,7.55331223158199,14.9744841644278,7.45037877739739,15.0203102971066,7.3489865271567,15.0798725157531,7.23850225479213,15.1477729200793,7.15350969397836,15.2368191282355,7.08466268013957
91.8333333333333,14.623132329904,7.89499204455687,14.7018690320226,7.81843446535625,14.7823995148719,7.73877289520965,14.8524577942298,7.65486226209487,14.9191529694974,7.55945823674863,14.9733535702458,7.45732486779113,15.0170881944585,7.35568844751411,15.0748448336949,7.24497602196951,15.1400400516359,7.15717664283588,15.2282170672042,7.08646251208855
92,14.6192020269612,7.89683538187421,14.6981883024019,7.821548336542,14.7792649897241,7.74307958392855,14.851135708796,7.66022986539794,14.9182166437608,7.56563386864926,14.9722632038835,7.46434165748562,15.0140262148281,7.36244118357367,15.069957027854,7.25159515602917,15.132451089823,7.16097308459265,15.2196689804798,7.08834056783382
92.1666666666667,14.6152613283819,7.89855287860191,14.6945183019347,7.82458395371665,14.7761326264498,7.74734040852213,14.8497991758291,7.66558832631205,14.9172767996751,7.57180686476525,14.971214926157,7.47137627100872,15.0111619723839,7.36917956218415,15.0652503058158,7.25827765561893,15.1250675063469,7.16486077714785,15.2112212294035,7.09028062944023
92.3333333333333,14.6113102029434,7.90012950910867,14.6908720724231,7.8275288353631,14.773021120169,7.75154086379315,14.8484462408206,7.67091907173092,14.9163320715779,7.57794496257799,14.9702105978829,7.47837583288831,15.0085330812944,7.37583841019433,15.0607658751655,7.26494151938665,15.1179507729137,7.16880147840068,15.2029201753167,7.09226647897262
92.5,14.6073486194232,7.90155024776322,14.6872626556691,7.83037049996424,14.7699491660019,7.75566644454433,14.8470749492617,7.67620352854827,14.915381093807,7.58401589956884,14.9692520798772,7.48528746765226,15.006177155728,7.38235255445298,15.0565449434883,7.27150474598017,15.11116236123,7.17275694625032,15.1948121795604,7.09428189849585
92.6666666666667,14.6033765465986,7.90280006893427,14.6837030934748,7.83309646600298,14.7669354590684,7.75970264557841,14.8456833466439,7.68142312365781,14.9144225007,7.58998741321918,14.9683412329565,7.49205829982844,15.0041318098533,7.38865682180888,15.0526287183697,7.27788533404732,15.1047637430018,7.17668893859598,15.1869436034761,7.09631067007474
92.8333333333333,14.599393953247,7.90386394699054,14.680206427642,7.83569425196218,14.7639986944886,7.76363496169811,14.8442694784586,7.68655928395327,14.9134549265947,7.59582724101037,14.9674799179368,7.49863545394474,15.0024346578389,7.3946860391108,15.0490584073948,7.28400128223595,15.0988163899354,7.18055921333683,15.179360808405,7.09833657577414
93,14.5954008081458,7.90472685630074,14.676785699973,7.83815137632476,14.7611575673826,7.76744888770617,14.842831390197,7.69159343632836,14.9124770058287,7.60150312042378,14.9666699956347,7.50496605452901,15.0011233138531,7.40037503320752,15.0458752181489,7.2897705891939,15.0933817737372,7.18432952837208,15.1721101556883,7.1003433976589
93.1666666666667,14.5913970800724,7.9053737712336,14.6734539522696,7.84045535757361,14.7584307728703,7.77112991840532,14.8413671273507,7.69650700767681,14.9114873727399,7.6069827889408,14.9659133268663,7.51099722610913,15.0002353920645,7.40565863094781,15.0431203582173,7.29511125356902,15.0885213661134,7.18796164160091,15.1652380066672,7.10231491779385
93.3333333333333,14.5873827378042,7.90578966615782,14.670224226334,7.84259371419161,14.7558370060719,7.7746635485983,14.839874735411,7.70128142489232,14.9104846616658,7.61223398404279,14.965211772448,7.51667609321298,14.9998085066417,7.41047165918044,15.0408350351853,7.29994127400914,15.0842966387703,7.19141731092251,15.1587907226831,7.10423491824385
93.5,14.5833359588755,7.90607962689983,14.6670849311638,7.84461491469408,14.7533519218098,7.77808524695392,14.8383672685015,7.7059910124256,14.9094874996907,7.61731226739207,14.9645694297482,7.52210467962785,14.9996371944924,7.41490496643996,15.0388467626239,7.30440618964044,15.0804634371045,7.19477374414602,15.1525771672683,7.1061390269884
93.6666666666667,14.5792394920925,7.90635848481835,14.6640109118861,7.84657691437875,14.7509334928688,7.78144220023399,14.8368568391264,7.71071705500791,14.9085121551502,7.62230071860464,14.9639846410015,7.52742750338578,14.9994892141771,7.41911130542014,15.0369528509606,7.30871953974853,15.076737628955,7.19813885550278,15.1463852851244,7.1080778943323
93.8333333333333,14.5751001631396,7.90662583258055,14.6609948644962,7.84848146190206,14.7485738913123,7.78473748038066,14.8353400803478,7.71545141995376,14.9075537242593,7.62720835209244,14.9634506343237,7.53265543038181,14.9993620123432,7.42311835920861,15.0351492030653,7.31290132322041,15.0731207196919,7.20152046252532,15.1402300593468,7.11005783582824
94,14.5709247977016,7.90688126285364,14.6580294849898,7.85033030592047,14.7462652892037,7.78797415933611,14.8338136252279,7.72018597457767,14.9066073032329,7.63204418226738,14.9629606378304,7.53779932651097,14.9992530356378,7.42695381089299,15.0334317218079,7.31697153894307,15.069614214685,7.20492638274615,15.134126473031,7.11208516702895
94.1666666666667,14.5667202214631,7.9071243683048,14.6551074693623,7.85212519509044,14.7439998586067,7.79115530904251,14.8322741068288,7.72491258619417,14.9056679882859,7.63681722354137,14.9625078796374,7.54287005766829,14.9991597307082,7.43064534356091,15.0317963100586,7.32095018580348,15.0662196193045,7.20836443369781,15.1280895092722,7.11416620348715
94.3333333333333,14.5624932601087,7.90735474160121,14.6522215136094,7.85386787806842,14.7417697715846,7.79428400144203,14.8307181582127,7.72962312211779,14.9047308756332,7.64153649032635,14.9620855878603,7.54787848974879,14.9990795442018,7.43422064029999,15.0302388706871,7.32485726268865,15.0629384389201,7.2118424329128,15.1221341511659,7.11630726075554
94.5,14.5582507393231,7.90757197541007,14.6493643137266,7.85556010351087,14.7395672002009,7.79736330847683,14.8291424124418,7.73430944966304,14.9037910614896,7.64621099703424,14.9616869906149,7.55283548864751,14.9990099227658,7.43770738419786,15.0287553065634,7.32871276848556,15.0597721789019,7.21536819792365,15.1162753818074,7.11851465438684
94.6666666666667,14.5539994847909,7.90777566239855,14.6465285657094,7.85720362007426,14.7373843165191,7.80039630208909,14.8275435025782,7.73896343614445,14.9028436420701,7.65084975807695,14.9613053160168,7.55775192025947,14.9989483130475,7.44113325834216,15.0273415205576,7.33253670208121,15.0567223446199,7.21894954626288,15.1105281842921,7.12079469993377
94.8333333333333,14.5497463221967,7.90796539523385,14.6437069655534,7.85880017641504,14.7352132926026,7.80338605422097,14.8259180616841,7.74357694887655,14.9018837135897,7.65546178786641,14.9609337921818,7.5626386504797,14.9988921616942,7.44452594582049,15.0259934155396,7.33634906236257,15.053790441444,7.22259429546301,15.1049075417152,7.12315371294904
95,14.5454980772253,7.90814076658316,14.6408922092542,7.86035152118966,14.733046300515,7.80633563681466,14.8242627228216,7.74814185517386,14.9009063722631,7.66005610081454,14.9605656472255,7.56750654520323,14.9988389153532,7.4479131297205,15.0247068943793,7.34016984821665,15.0509779747442,7.22631026305656,15.0994284371723,7.12559800898537
95.1666666666667,14.5412615755612,7.90830136911366,14.6380769928072,7.86185940305458,14.7308755123198,7.80924812181231,14.822574119053,7.75265002235089,14.8999067143054,7.66464171133326,14.9601941092637,7.5723664703251,14.9987860206717,7.4513224931298,15.0234778599467,7.34401905853043,15.0482864498905,7.23010526657606,15.0941058537587,7.12813390359546
95.3333333333333,14.5370436428891,7.90844679549254,14.635254012208,7.86332557066627,14.7286931000803,7.81212658115609,14.8208488834402,7.75709331772219,14.8988798359313,7.66922763383449,14.9598124064119,7.57722929174032,14.9987309242971,7.45478171913602,15.0223022151118,7.3479166921909,15.0457173722528,7.23398712355403,15.0889547745696,7.13076771233205
95.5,14.5328511048936,7.90857663838699,14.6324159634523,7.86475177268117,14.7264912358601,7.81497408678819,14.8190836490456,7.76146360860226,14.8978208333559,7.67382288273016,14.9594137667861,7.58210587534392,14.9986710728765,7.4583184908268,15.0211758627445,7.35188274808505,15.0432722472012,7.23796365152298,15.0839901827006,7.13350575074783
95.6666666666667,14.5286907872594,7.90869049046419,14.6295555425354,7.86613975775575,14.7242620917226,7.81779371065076,14.8172750489313,7.76575276230564,14.896724802794,7.67843647243217,14.9589914185017,7.58700708703095,14.9986039130574,7.46196049128974,15.0200947057147,7.35593722509987,15.0409525801054,7.24204266801543,15.0792270612469,7.13635433439553
95.8333333333333,14.524569515671,7.90878794439133,14.626665445453,7.86749127454646,14.7219978397314,7.82058852468598,14.8154197161595,7.76995264614684,14.8955868404606,7.68307741735247,14.9585385896746,7.59194379269642,14.998526891487,7.46573540361249,15.0190546468925,7.36010012212235,15.0387598763357,7.24623199056392,15.0746803933039,7.13931977882786
96,14.5204941158133,7.9088685928356,14.6237383682007,7.86880807170977,14.7196906519498,7.82336160083602,14.8135142837922,7.7740551274404,14.8944020425704,7.68775473190295,14.9580485084205,7.59692685823536,14.9984374548126,7.46967091088267,15.0180515891478,7.36439143803948,15.0366956412618,7.25053943670095,15.070365161967,7.14240839959754
96.1666666666667,14.5164714133707,7.90893202846419,14.620767006774,7.87009189790212,14.7173327004414,7.82611601104305,14.8115553848917,7.77805207350083,14.8931655053385,7.69247743049556,14.9575144028549,7.60196714954281,14.9983330496814,7.4737946961879,15.0170814353505,7.36883117173825,15.0347613802538,7.25497282395905,15.0662963503316,7.14562651225727
96.3333333333333,14.512508234028,7.90897784394429,14.6177440571683,7.87134450177998,14.7149161572696,7.82885482724923,14.8095396525201,7.78193535164266,14.8918723249798,7.69725452754221,14.9569295010937,7.60707553251378,14.9982111227408,7.47813444261581,15.0161400883707,7.37343932210565,15.0329585986816,7.25953996987075,15.062488941493,7.14898043235979
96.5,14.5086114034697,7.90900563194307,14.6146622153793,7.87256763199981,14.712433194498,7.83158112139674,14.8074637197395,7.78569682918041,14.8905175977091,7.70209503745481,14.9562870312525,7.61226287304332,14.9980691206379,7.48271783325402,15.0152234510782,7.37823588802867,15.0312888019153,7.26424869196855,15.0589579185465,7.15247647545779
96.6666666666667,14.5047877473805,7.90901498512774,14.6115141774026,7.87376303721805,14.70987598419,7.83429796542775,14.8053242196122,7.78932837342861,14.8890964197414,7.7070079746453,14.9555802214471,7.61754003702645,14.9979044900202,7.48757255119017,15.014327426343,7.3832408683943,15.0297534953247,7.26910680778499,15.0557182645876,7.156120957104
96.8333333333333,14.5010183215412,7.90897166471005,14.6082769118235,7.87495393866796,14.7072301581243,7.83703381380878,14.8030636390558,7.79285091236011,14.887552241184,7.71206156695405,14.9547487387251,7.62296250827439,14.9976012571802,7.49286232223707,15.0134528151469,7.38857361301096,15.0283120187534,7.27429933028473,15.0526523289163,7.16017905117107
97,14.4972794672204,7.90884511993745,14.6049404674245,7.87615812388566,14.7044927707786,7.83980793304161,14.8006373411785,7.79629349439153,14.8858416585505,7.7172991364038,14.9537466343427,7.62856147989223,14.9970606081814,7.49869355332883,15.0126028445482,7.39431040941682,15.0269220980035,7.27997120226442,15.0496369221386,7.16487077255028
97.1666666666667,14.4935709383349,7.90864047553057,14.6015171604966,7.87736919098195,14.7016731282642,7.84260961312125,14.7980612733283,7.79966016750301,14.8839794876653,7.72269233868004,14.9525887127282,7.63431138171582,14.9963057293269,7.50500794923498,15.011777056532,7.40040666309353,15.0255828173827,7.28607013600459,15.0466787193096,7.17013469832229
97.3333333333333,14.4898924888012,7.90836285621009,14.5980193073307,7.87858073806763,14.6987805366925,7.84542814404276,14.7953513828531,7.80295497967472,14.8819805443528,7.72821282946823,14.9512897783101,7.64018664358098,14.9953598069203,7.51174721472506,15.0109749930831,7.40681777952268,15.0242932611988,7.29254384378574,15.043784395484,7.17590940556773
97.5,14.486243872536,7.90801738669665,14.5944592242177,7.8797863632535,14.6958243021749,7.84825281580116,14.7925236171009,7.8061819788868,14.8798596444373,7.73383226445386,14.9498646355167,7.64616169532355,14.9942460272648,7.51885305456859,15.0101961961865,7.41349916418593,15.0230525137597,7.29934003788839,15.0409606257167,7.18213347136728
97.6666666666667,14.4826248434561,7.90760919171091,14.5908492274488,7.88097966465034,14.6928137308227,7.85107291839148,14.7895939234197,7.80934521311943,14.8776316037433,7.7395222993224,14.9483280887763,7.65221096677937,14.9929875766638,7.52626717353512,15.0094402078272,7.42040622256489,15.0218596593731,7.30640643059305,15.0382140850624,7.18874547280156
97.8333333333333,14.4790351554781,7.90714339597353,14.5872016333147,7.88215424036896,14.6897581287474,7.85387774180875,14.7865782491575,7.81244873035275,14.875311238095,7.74525458975933,14.9466949425173,7.65830888778428,14.9916076414208,7.53393127639416,15.00870656999,7.42749436014117,15.0207137823467,7.31369073418023,15.035551448576,7.19568398695124
98,14.4754745625186,7.90662512420517,14.5835287581066,7.88330368852015,14.6866668020604,7.85665657604801,14.7834925416623,7.81549657856691,14.8729133633168,7.75100079145011,14.9449800011681,7.66442988817411,14.990129407839,7.54178706791527,15.0079948246601,7.43471898239643,15.0196139669884,7.32114066093045,15.0329793913123,7.20288759089696
98.1666666666667,14.4719428184943,7.90605950112648,14.5798429181154,7.88442160721471,14.683549056873,7.8593987111043,14.7803527482819,7.81849280574208,14.870452795233,7.75673256008024,14.9431980691571,7.67054839778469,14.9885760622218,7.54977625286797,15.0073045138221,7.44203549481226,15.018559297606,7.32870392312422,15.0305045883261,7.21029486171938
98.3333333333333,14.4684396773219,7.90545165145812,14.576156429632,7.88550159456343,14.6804141992966,7.86209343697263,14.7771748163645,7.82144145985842,14.8679443496681,7.76242155133519,14.9413639509125,7.67663884645187,14.9869707908725,7.55784053602179,15.0066351794613,7.44939930287031,15.0175488585072,7.33632823304205,15.0281337146723,7.21784437649913
98.5,14.464964892918,7.90480669992075,14.5724816089475,7.88653724867712,14.6772715354427,7.86473004364805,14.773974693258,7.82434658889606,14.8654028424465,7.76803942090042,14.9394924508628,7.68267566401148,14.9853367800946,7.56592162214626,15.0059863635624,7.4567658120522,15.0165817339999,7.34396130296446,15.0258734454057,7.22547471231688
98.6666666666667,14.4615182191993,7.90412977123502,14.5688307723528,7.88752216766656,14.6741303714226,7.86729782112559,14.7707683263103,7.82721224083519,14.8628430893923,7.77355782446143,14.9375983734364,7.68863328029935,14.9836972161914,7.57396121601094,15.0053576081104,7.46409042783955,15.0156570083917,7.35155084517196,15.023730455581,7.23312444625328
98.8333333333333,14.4580994100825,7.90342599012159,14.5652162361388,7.88844994964255,14.6710000133477,7.86978605940028,14.7675716628694,7.83004246365594,14.8602799063301,7.77894841770368,14.9356965230615,7.69448612515133,14.9820752854662,7.58190102238533,15.0047484550903,7.47132855571398,15.0147737659906,7.35904457194507,15.0217114202532,7.24073215538897
99,14.4547082194843,7.90270048130112,14.5616503165966,7.88931419271589,14.6678897673295,7.87218404846716,14.7644006502834,7.83284130533848,14.8577281090842,7.78418285631265,14.9338017041666,7.70020862840324,14.9804941742224,7.58968274603898,15.004158446487,7.47843560115713,15.0139310911042,7.36639019556429,15.019823014477,7.2482364168046
99.1666666666667,14.4513444013213,7.90195836949426,14.5581453300171,7.89010849499737,14.6648089394792,7.87448107832125,14.7612712359001,7.83561281386295,14.8552025134789,7.78923279597381,14.93192872118,7.70577521989092,14.9789770687635,7.59724809174143,15.0035871242855,7.48536696965062,15.0131280680404,7.37353542831014,15.0180719133072,7.25557580758083
99.3333333333333,14.4480077095101,7.90120477942167,14.5547135926913,7.8908264545978,14.6617668359083,7.87666643895759,14.7581993670676,7.83836103720953,14.8527179353387,7.79406989237265,14.9300923785301,7.71116032945022,14.9775471553926,7.6045387642622,15.0030340304707,7.49207806667607,15.0123637811069,7.38042798246313,15.0164647917987,7.2626889047983
99.5,14.4446978979675,7.90044483580401,14.5513674209102,7.89146166962796,14.6587727627282,7.8787294203712,14.7552009911339,7.84109002335836,14.8502891904878,7.79866580119464,14.9283074806452,7.71633838691695,14.9762276204132,7.61149646837083,15.0024987070276,7.49852429771512,15.0116373146116,7.38701557030378,15.0150083250063,7.26951428553767
99.6666666666667,14.4414147206102,7.89968366336194,14.5481191309647,7.89200773819865,14.6558360260503,7.88065931255714,14.7522920554468,7.8438038202896,14.8479310947506,7.80299217812525,14.9265888319537,7.72128382212698,14.9750416501287,7.61806290883685,15.001980695941,7.50466106824937,15.0109477528622,7.3932459041126,15.0137091879849,7.27599052687957
99.8333333333333,14.4381579313547,7.8989263868161,14.5449810391459,7.89245825842067,14.652965931986,7.88244540551042,14.7494885073545,7.8465064759834,14.8456584639515,7.80702067884996,14.924951236884,7.72597106491611,14.9740124308424,7.6241797904298,15.0014795391961,7.51044378376047,15.0102941801665,7.3990666961701,15.0125740557892,7.28205620590468
100,14.4349272841177,7.89817813088716,14.5419654617446,7.89280682840482,14.6501717866466,7.88407698922607,14.7468062942048,7.84920203841993,14.8434861139148,7.81072295905425,14.9234094998644,7.73037454512021,14.9731631488577,7.62978881791921,15.0009947787776,7.51582784973003,15.0096756808323,7.4044256587568,15.011609603474,7.28764989969363
100.166666666667,14.4317128935253,7.8973847420249,14.5390462036564,7.89309883651014,14.6474309536655,7.88563673141735,14.7442186762381,7.85194800360517,14.8413848210771,7.81420368072837,14.9219412459731,7.73455874965843,14.9724412333212,7.63505620421255,15.0005207656258,7.52090988769181,15.0090708096152,7.40943728521314,15.0107388635802,7.29291392339101
100.333333333333,14.4285068252963,7.89649488409139,14.5361864301599,7.89338339643896,14.6447141075756,7.88720807993256,14.7416848942687,7.8547855103823,14.839313609611,7.8175877246706,14.9205109749408,7.73861086850068,14.9717746394823,7.6401901808979,15.0000526998508,7.52582492215263,15.0084613020813,7.41426119341985,15.0098825944357,7.29803804406454
100.5,14.4253117599864,7.89551790792579,14.5333824981207,7.89365969431699,14.6420205208377,7.88878149496936,14.7391998665058,7.85769407098724,14.8372696669448,7.82087707477853,14.9191138031743,7.7425393860588,14.971157342798,7.64519548076566,14.9995913971925,7.53058596305372,15.007851013754,7.41891278246782,15.0090440597759,7.30303201667959
100.666666666667,14.4221303781515,7.89446316436722,14.5306307644042,7.89392691626994,14.6393494659126,7.8903474367254,14.7367585111584,7.86065319765593,14.8352501805073,7.82407371494973,14.9177448470804,7.74635278674467,14.9705833187256,7.65007683660623,14.9991376733908,7.53520602033631,15.0072438001568,7.42340745144794,15.0082265233362,7.30790559620149
100.833333333333,14.4189653603473,7.89334000425482,14.5279275858762,7.89418424842352,14.636700215261,7.89189636539831,14.7343557464356,7.86364240262429,14.8332523377269,7.82717962908175,14.916399223066,7.75005955497017,14.9700465427221,7.65483898121001,14.9986923441855,7.53969810394165,15.0066435168132,7.4277605994511,15.0074332488519,7.3126685375956
101,14.4158193871296,7.89215777842772,14.525269319402,7.89443087690344,14.6340720413438,7.89341874118576,14.7319864905466,7.86664119812825,14.8312733260321,7.83019680107217,14.915072047538,7.75366817514715,14.9695409902447,7.65948664736742,14.9982562253165,7.54407522381095,15.0060540192465,7.43198762556819,15.0066675000585,7.31733059582727
101.166666666667,14.4126951390543,7.89092583772506,14.5226523218474,7.89466598783541,14.6314642166219,7.89490502428539,14.7296456617004,7.86962909640373,14.8293103328514,7.83312721481856,14.9137584369032,7.75718713168751,14.9690606367504,7.66402456786885,14.9978301325237,7.54835038988545,15.0054791629802,7.43610392889013,15.0059325406914,7.32190152586186
101.333333333333,14.4095952966771,7.88965353298598,14.5200729500778,7.89488876734514,14.6288760135558,7.89634567489485,14.7273281781062,7.87258560968666,14.8273605456135,7.83597285421848,14.9124535075684,7.76062490900309,14.9685994576966,7.66845747550472,14.9974148815469,7.55253661210638,15.0049228035378,7.44012490850778,15.0052316344859,7.3263910826647
101.5,14.4065225405539,7.88835021504961,14.5175275609589,7.89509840155835,14.6263067046066,7.89773115321179,14.7250289579729,7.87549025021297,14.8254211517467,7.83873570316951,14.9111523759406,7.76398999150578,14.9681514285402,7.67279010306542,14.997011288126,7.55664690041497,15.0043887964428,7.44406596351206,15.0045680451775,7.33080902120116
101.666666666667,14.4034795512403,7.88702523475509,14.5150125113561,7.89529407660073,14.6237555622349,7.89905191943385,14.7227429195099,7.87832253021858,14.8234893386797,7.84141774556921,14.9098501584266,7.76729086360744,14.9677105247385,7.67702718334137,14.9966201680008,7.56069426475246,15.0038809972184,7.44794249299386,15.0039450365014,7.33516509643658
101.833333333333,14.4004690092922,7.88568794294155,14.512524158135,7.89547497859801,14.6212218589016,7.9002984337587,14.720464980926,7.88106196193942,14.821562293841,7.84402096531515,14.9085419714332,7.77053600971995,14.9672707217486,7.68117344912296,14.9962423369113,7.56469171506008,15.0034032613883,7.45176989604407,15.0033658721933,7.33946906333631
102,14.3974935952655,7.88434769044812,14.5100588581613,7.89564029367589,14.6187048670674,7.90146115638396,14.7181900604306,7.88368805761142,14.8196372046591,7.8465473463049,14.9072229313673,7.77373391425517,14.9668259950275,7.68523363320061,14.9958786105973,7.56865226127906,15.0029594444759,7.45556357175357,15.0028338159883,7.34373067686571
102.166666666667,14.3945559897158,7.88301382811395,14.5076129683005,7.89578920796009,14.6162038591932,7.90253054750731,14.7159130762325,7.88618032947051,14.8177112585624,7.84899887243603,14.9058881546358,7.77689306162497,14.9663703200326,7.68921246836471,14.9955298047987,7.57258891335062,15.0025534020045,7.45933891921328,15.002352131622,7.34795969199013
102.333333333333,14.391658873199,7.88169570677817,14.5051828454181,7.89592090757631,14.6137181077397,7.90349706732637,14.713628946541,7.88851828975261,14.8157816429797,7.8513775276061,14.9045327576455,7.78002193624123,14.9658976722208,7.69311468740567,14.9951967352554,7.57651468121601,15.0021889894977,7.46311133751408,15.0019240828296,7.35216586367491
102.5,14.388804926271,7.88040267727991,14.5027648463796,7.89603457865027,14.6112468851678,7.90435117603881,14.7113325895651,7.89068145069364,14.8138455453393,7.85368529571268,14.9031518568033,7.78312902251582,14.9654020270493,7.6969450231139,14.9948802177071,7.58044257481646,15.001870062479,7.46689622574687,15.0015529333467,7.35635894688541
102.666666666667,14.3859968294873,7.87914409045832,14.5003553280508,7.89612940730767,14.6087894639382,7.90508333384227,14.709018923514,7.89264932452954,14.8119001530698,7.85592416065335,14.901740568516,7.78622280486061,14.9648773599753,7.7007082082798,14.9945810678938,7.58438560409319,15.0016004764716,7.47070898300253,15.0012419469086,7.36054869658698
102.833333333333,14.383237263404,7.87792929715252,14.4979506472971,7.89620457967423,14.6063451165118,7.90568400093439,14.7066828665967,7.89440142349624,14.8099426535997,7.85809610632567,14.9002940091905,7.78931176768746,14.9643176464559,7.70440897569378,14.9943001015554,7.58835677898744,15.0013840869991,7.47456500837198,15.0009943872507,7.36474486774497
103,14.3805289085767,7.87676764820164,14.495547160984,7.89625928187565,14.6039131153493,7.90614363751284,14.7043193370224,7.89591725982965,14.8079702343576,7.86020311662721,14.8988072952336,7.79240439540824,14.9637168619483,7.70805205814624,14.9940381344316,7.59236910944043,15.001224749585,7.47847970094609,15.0008135181083,7.36895721532473
103.166666666667,14.3778744455613,7.87566849444484,14.4931412259772,7.89629270003765,14.6014927329116,7.90645270377525,14.7019232530001,7.89717634576571,14.805980082772,7.86224717545554,14.8972755430522,7.79550917243484,14.9630689819095,7.71164218842759,14.9937959822625,7.59643560539341,15.0011263197527,7.48246845981576,15.000702603217,7.37319549429161
103.333333333333,14.3752765549136,7.87464118672124,14.4907291991422,7.89630402028593,14.5990832416593,7.90660165991929,14.6994895327389,7.89815819354034,14.8039693862714,7.86423026670822,14.8956938690533,7.79863458317911,14.9623679817968,7.71518409932823,14.9935744607878,7.60056927678761,15.0010926530256,7.48654668407189,15.000664906312,7.37746945961097
103.5,14.3727480937232,7.87362576728181,14.4883330528791,7.89627623016377,14.596698959244,7.90666588124354,14.6970027947219,7.89896538257094,14.801944708333,7.8661795090915,14.8940408736167,7.80179109924937,14.9615898931768,7.71866179438553,14.9933627261674,7.60476795787805,15.0011073611879,7.49072178098119,15.0006804983182,7.3817921430862
103.666666666667,14.3702949529512,7.87256319736378,14.4859743153336,7.89619566107998,14.5943518815488,7.90672708316282,14.6944568859053,7.89971680529266,14.7999145628428,7.86811717639585,14.8923045925668,7.8049772959764,14.9607208133692,7.72205936001633,14.9931502284948,7.60901443921125,15.0011506214394,7.49498123004427,15.0007265388292,7.38616236789326
103.833333333333,14.3679093639603,7.87146420628566,14.4836486769893,7.89606651495862,14.5920377983822,7.90678523604907,14.6918605672082,7.90041644346807,14.797879062843,7.87003798514515,14.8904942954768,7.80818381335574,14.9597698164603,7.72538165333022,14.9929382244103,7.61329916516566,15.0012211374266,7.49931053870288,15.0008019245834,7.39056857605631
104,14.365583558113,7.87033952336598,14.48135182833,7.89589299372372,14.5897524995526,7.90684031027422,14.6892225995496,7.90106827885973,14.7958383213757,7.8719366518633,14.8886192519198,7.81140129138295,14.9587459765364,7.72863353143679,14.9927279705543,7.61761258011975,15.0013176127963,7.50369521439879,15.0009055523192,7.39499920959955
104.166666666667,14.3633097667721,7.86919987792323,14.4790794598396,7.89567929929934,14.5874917748686,7.90689227621021,14.6865517438488,7.9016762932302,14.7937924514828,7.87380789307418,14.8866887314689,7.8146203700536,14.957658367684,7.73181985144563,14.992520723567,7.62194512845196,15.0014387511953,7.50812076457375,15.001036318775,7.39944271054713
104.333333333333,14.3610802213002,7.86805599927595,14.4768272620019,7.89542963360953,14.5852514141386,7.90694110422897,14.6838567610248,7.90224446834206,14.7917415662065,7.87564642530169,14.8847120036974,7.81783168936323,14.9565160639894,7.73494547046635,14.9923177400889,7.62628725454076,15.0015832562702,7.51257269666951,15.0011931206892,7.40388752092323
104.5,14.35888715306,7.86691861674263,14.4745909253006,7.89514819857833,14.5830272071711,7.90698676470245,14.6811464119966,7.90277678595786,14.7896857785887,7.87744696506971,14.8826983381783,7.82102588930741,14.955328139539,7.73801524560853,14.9921202767601,7.6306294027646,15.0017498316676,7.51703651812782,15.0013748548002,7.40832208275203
104.666666666667,14.3567227934141,7.86579845964181,14.4723661402195,7.89483919612979,14.5808149437746,7.90702922800258,14.6784294576834,7.90327722784016,14.7876252016716,7.87920422890214,14.8806570044849,7.82419360988168,14.9541036684192,7.74103403398177,14.9919295902211,7.63496201750194,15.0019371810344,7.52149773639046,15.0015804178465,7.4127348380577
104.833333333333,14.3545793737252,7.86470625729198,14.4701485972424,7.89450682818795,14.5786104137576,7.90706846450129,14.6757146590043,7.90374977575154,14.7855599484972,7.88091293332287,14.8785972721902,7.82732549108162,14.9528517247164,7.74400669269566,14.9917469371122,7.63927554313124,15.0021440080172,7.52594185889916,15.0018087065664,7.41711422886441
105,14.3524491253559,7.86365273901167,14.4679339868531,7.89415529667687,14.5764094069286,7.90710444457054,14.6730107768783,7.90419841145456,14.7834901321075,7.88256779485577,14.8765284108675,7.83041217290276,14.9515813825168,7.74693807885979,14.9915735740736,7.64356042403094,15.0023690162627,7.53035439309568,15.0020586176983,7.42144869719634
105.166666666667,14.3503242796689,7.8626486341194,14.4657179995353,7.8937888035206,14.574207713096,7.90713713858225,14.6703265722246,7.90462711671178,14.7814158655446,7.88416353002476,14.8744596900899,7.83344429534067,14.950301715907,7.74983304958377,14.9914107577457,7.64780710457951,15.0026109094176,7.53472084642179,15.0023290479808,7.42572668507767
105.333333333333,14.3481970680269,7.86170467193366,14.4634963257729,7.89341155064318,14.5720011220683,7.90716651690836,14.6676708059622,7.90503987328577,14.7793372618506,7.88569485535371,14.8724003794305,7.83641249839091,14.9490217989733,7.75269646197717,14.9912597447689,7.6520060291554,15.0028683911286,7.53902672631923,15.0026188941521,7.42993663453256
105.5,14.3460597217925,7.86083158177299,14.4612646560497,7.89302773996866,14.5697854236541,7.90719254992081,14.6650522390103,7.90544066293909,14.7772544340675,7.88715648736652,14.8703597484625,7.83930742204903,14.947750705802,7.7555331731496,14.9911217917835,7.65614764213707,15.0031401650424,7.54325754022976,15.0029270529507,7.43406698758518
105.666666666667,14.3439044723284,7.8600400929559,14.4590186808493,7.89264157342108,14.5675564076617,7.90721520799153,14.6624796322879,7.90583346743431,14.7751674952374,7.88854314258707,14.8683470667591,7.84211970631059,14.9464975104796,7.75834804021066,14.9909981554297,7.66022238790298,15.0034249348057,7.54739879559514,15.003252421115,7.43810618625972
105.833333333333,14.3417235509972,7.85934093480089,14.4567540906557,7.8922572529245,14.5653098638998,7.90723446149247,14.6599617467141,7.90622226853398,14.7730765584024,7.88984953753925,14.8663716038934,7.84483999117114,14.9452712870923,7.76114592026992,14.9908900923479,7.66422071083158,15.0037214040652,7.55143599985713,15.0035938953834,7.44204267258035
106,14.3395091891616,7.85874483662649,14.4544665759526,7.89187898040296,14.5630415821767,7.90725028079556,14.657507343208,7.90661104800068,14.7709817366043,7.89107038874697,14.8644426294386,7.84745891662625,14.9440811097267,7.763931670437,14.9907988591784,7.66813305530132,15.0040282764677,7.55535466045747,15.0039503724943,7.44586488857124
106.166666666667,14.3372536181843,7.85826252775121,14.4521518272238,7.89151095778051,14.560747352301,7.90726263627274,14.6551251826888,7.90700378759697,14.7688831428855,7.8922004127341,14.8625694129678,7.84996712267146,14.942936052469,7.76671014782147,14.9907257125616,7.67194986569067,15.0043442556597,7.55914028483792,15.0043207491861,7.44956127625656
106.333333333333,14.3349490694279,7.85790473749356,14.449805534953,7.8911573869812,14.5584229640811,7.90727149829594,14.6528240260754,7.90740446908542,14.7667808902878,7.89323432602454,14.8607612240543,7.85235524930233,14.9418451894056,7.76948620953294,14.9906719091378,7.67566158637808,15.004668045288,7.56277838044024,15.0047039221973,7.45312027766049
106.5,14.3325877742551,7.85768219517206,14.4474233896241,7.89082246992908,14.5560642073255,7.90727683723711,14.650612634287,7.90781707422858,14.7646750918534,7.89416684514217,14.859027332271,7.85461393651443,14.9408175946229,7.772264712681,14.9906387055473,7.679258661742,15.0049983489993,7.56625445470619,15.0050987882663,7.4565303348072
106.666666666667,14.3301619640285,7.85760563010523,14.4450010817208,7.89051040854819,14.5536668718428,7.90727862346818,14.6484997682427,7.90824558478903,14.7625658606242,7.8949926866109,14.8573770071913,7.8567338243033,14.9398623422074,7.77505051437524,14.9906273584303,7.6827315361609,15.0053338704404,7.56955401507751,15.0055042441314,7.45977988972087
106.833333333333,14.3276540572786,7.85760745073701,14.4425361304097,7.89019548253305,14.551227279348,7.90721714552645,14.6464859416901,7.90869676792263,14.7604608405419,7.89576284013503,14.8558077426994,7.85878033559841,14.9389690261744,7.77784426441561,14.9906658076037,7.68608060158658,15.005714228589,7.57266885410084,15.0059891532062,7.46284939763654
107,14.3250590106399,7.85761289994716,14.4400314732665,7.88985236670017,14.5487473337818,7.90704119141737,14.6445594530225,7.9091713793978,14.7583659142278,7.89652924110516,14.8543055907692,7.86082040156331,14.9381179154668,7.78064095084271,14.9907758517895,7.68931971562051,15.0061760932473,7.57561346347274,15.0066173162147,7.46574096829032
107.166666666667,14.3223878626307,7.85762195870789,14.4374909283889,7.88948585565653,14.5462311982906,7.90676348071508,14.642710740128,7.9096643838959,14.7562785527434,7.89728802457461,14.8528626581084,7.86284692454465,14.9373040965614,7.78343693812715,14.9909495359863,7.6924595211156,15.0067137442984,7.5784073993599,15.0073800358606,7.46847552545801
107.333333333333,14.3196516517696,7.85763460799139,14.4349183138746,7.88910074400913,14.543683036021,7.90639673299374,14.6409302408947,7.91017074609829,14.7541962271506,7.89803532559667,14.8514710514245,7.8648528068891,14.9365226559353,7.78622859073952,14.9911789051928,7.69551066092481,15.0073214616251,7.581070217929,15.0082686148478,7.47107399291537
107.5,14.3168614165749,7.85765082876988,14.4323174478212,7.88870182636495,14.5411070101195,7.90595366782749,14.6392083932105,7.91068543068633,14.7521164085109,7.89876727922463,14.8501228774252,7.86683095094332,14.9357686800655,7.78901227315042,14.9914560044076,7.69848377790104,15.0079935251104,7.58362147534671,15.0092743558803,7.47355729443821
107.666666666667,14.3140281955651,7.85767060201556,14.4296921483265,7.88829389733101,14.5385072837326,7.90544700479049,14.6375356349635,7.91120340234139,14.7500365678861,7.89948002051181,14.848810242818,7.86877425905398,14.935037255429,7.79178434983045,14.9917728786293,7.70138951489724,15.0087242146375,7.58608072777971,15.0103885616619,7.4759463538023
107.833333333333,14.3111630272586,7.85769390870064,14.427046233488,7.88788175151428,14.5358880200069,7.90488946345688,14.6359024040417,7.91171962574483,14.7479541763379,7.90016968451151,14.8475252543105,7.87067563356774,14.9343234685029,7.79454118525021,14.9921215728566,7.70423851476633,15.0095078100892,7.58846753139468,15.0116025348965,7.47826209478342
108,14.3082769501739,7.85772072979732,14.4243835214036,7.88747018352177,14.5332533820888,7.90429376340083,14.634299138333,7.91222906557802,14.745866704928,7.90083240627702,14.8462600186103,7.87252797683126,14.9336224057642,7.79727914388029,14.9924941320879,7.70704142036125,15.0103385913485,7.59080144235831,15.0129075782878,7.48052544115737
108.166666666667,14.3053810028294,7.85775104627781,14.4217078301708,7.88706398796046,14.5306075331249,7.90367262419647,14.6327162757256,7.91272668652232,14.743771624718,7.90146432086165,14.845006642425,7.87432419119122,14.9329291536899,7.79999459019128,14.9928826013221,7.70980887453492,15.0112108382984,7.59310201683727,15.01429499454,7.48275731669991
108.333333333333,14.3024862237435,7.85778483911431,14.4190229778873,7.88666795943736,14.5279546362617,7.90303876541796,14.6311442541073,7.91320745325909,14.7416664067696,7.9020615633187,14.8437572324621,7.87605717899427,14.932238798757,7.8026838886538,14.9932790255576,7.71255152014028,15.012118830822,7.59538881099824,15.0157560863567,7.48497864518685
108.5,14.2996036514346,7.85782208927903,14.4163327826508,7.88628689255945,14.5252988546457,7.90240490663946,14.6295735113663,7.9136663304697,14.7395485221445,7.90262026870147,14.8425038954293,7.87771984258707,14.9315464274425,7.80534340373843,14.9936754497931,7.71528000003025,15.0130568488022,7.5976813810079,15.0172821564419,7.48721035039395
108.666666666667,14.2967443244213,7.85786277774417,14.4136410625591,7.88592558193373,14.5226443514235,7.9017837674351,14.6279944853905,7.9140982828355,14.7374154419044,7.90313657206326,14.8412387380342,7.87930508431631,14.9308471262235,7.80796949991578,14.9940639190273,7.71800495705777,15.0140191721219,7.59999928303293,15.0188645074994,7.48947335609701
108.833333333333,14.2939192812218,7.85790688548195,14.4109516357097,7.8855888221672,14.5199952897415,7.90118806737904,14.626397614068,7.91449827503787,14.7352646371111,7.90360660845738,14.8399538669844,7.88080580652862,14.9301359815769,7.81055854165644,14.9944364782587,7.72073703407576,15.0150000806643,7.60236207324002,15.0204944422332,7.49178858607181
109,14.2911395603548,7.85795439346455,14.4082683202003,7.88528140786685,14.5173558327463,7.90063052604544,14.6247733352867,7.91486127175817,14.7330935788261,7.90402651293713,14.8386413889873,7.88221491157069,14.9294080799799,7.81310689343101,14.9947851724859,7.72348687393717,15.0159938543122,7.60478930779583,15.022163263347,7.49417696409413
109.166666666667,14.2884162003386,7.8580052826642,14.4055949341286,7.88500813363967,14.5147301435844,7.90012386300844,14.6231120869348,7.91518223767776,14.7308997381111,7.90439242055581,14.8372934107507,7.88352530178918,14.9286585079093,7.81561091971008,14.9951020467076,7.7262651194949,15.0169947729487,7.60730054286705,15.0238622735448,7.49665941393976
109.333333333333,14.2857602396916,7.8580595340531,14.4029352955924,7.88477379409266,14.5121223854023,7.89968079784219,14.6214043069001,7.915456137478,14.728680586028,7.90470046636672,14.8359020389821,7.88472987953074,14.9278823518423,7.81806698496426,14.9953791459224,7.72908241360191,15.0179971164567,7.60991533462035,15.0255827755305,7.49925685938448
109.5,14.2831827169323,7.85811712860344,14.4002932226892,7.8845831838328,14.5095367213466,7.89931405012085,14.6196404330707,7.91567793584025,14.7264335936382,7.90494678542316,14.8344593803891,7.88582154714205,14.9270746982558,7.82047145366414,14.9956085151289,7.73194939911111,15.0189951647193,7.61265323922243,15.0273160720079,7.50199022420408
109.666666666667,14.2806946705791,7.85817804728744,14.3976725335167,7.88444109746711,14.5069773145638,7.89903633941856,14.6178109033347,7.91584259744589,14.7241562320036,7.90512751277843,14.8329575416793,7.88679320696977,14.9262306336269,7.82282069028032,14.9957821993258,7.73487671887544,15.0199831976195,7.61553381283995,15.0290534656808,7.50488043217433
109.833333333333,14.2783071391504,7.85824227107731,14.3950770461727,7.88435232960256,14.5044483282003,7.89886038530947,14.61590615558,7.91594508697628,14.7218459721858,7.90523878348584,14.8313886295602,7.88763776136056,14.9253452444325,7.8251110592834,14.9958922435115,7.73787501574783,15.0209554950401,7.61857661163959,15.0307862592533,7.50794840707102
110,14.2760311611648,7.85830978094524,14.3925105787548,7.88432167484616,14.5019539254028,7.89879890736774,14.6139166276946,7.91598036911277,14.7195002852466,7.90527673259869,14.8297447507396,7.88834811266108,14.9244136171498,7.82733892514398,14.9959306926849,7.74095493258121,15.0219063368643,7.62180119178805,15.0325057554291,7.51121507266994
110.166666666667,14.2738707997767,7.85854426811874,14.3899925911476,7.88436019003617,14.4995209355132,7.89881593091664,14.6118798477426,7.91588893451431,14.7171490211393,7.90522942360514,14.8280592190731,7.88898478857874,14.9234673057887,7.82954805599633,14.9959184345579,7.7441227306112,15.0229098419929,7.62521393949325,15.0343870369624,7.5146732976519
110.333333333333,14.2718145125562,7.85909410169084,14.3875338489548,7.88447280751654,14.4971654786587,7.89886465348762,14.6098354659445,7.91562371969273,14.7148182801967,7.90509087041058,14.826365967927,7.88961141905277,14.9225358726748,7.83177856128488,14.9958818660016,7.7473710105376,15.0240317009463,7.62880213812093,15.0365814562719,7.518300123641
110.5,14.2698499296453,7.85993627943207,14.3851251288527,7.88465513515275,14.4948756541639,7.89894155296711,14.6077771034228,7.9151983581087,14.7124999090491,7.90486613369414,14.8246580332745,7.89022555977764,14.9216114167581,7.83402131744546,14.9958212957528,7.75068992440961,15.0252535510366,7.6325566895744,15.0390447205581,7.52209273382796
110.666666666667,14.2679646811859,7.86104779911295,14.3827572075174,7.8849027808103,14.4926395613529,7.89904310724156,14.6056983813001,7.91462648322292,14.7101857543268,7.90456027413494,14.8229284510889,7.8908247664478,14.9206860369889,7.83626720091386,14.9957370325484,7.75406962427643,15.026557029576,7.636468495757,15.0417325370215,7.52604831140349
110.833333333333,14.26614639732,7.86240565850402,14.3804208616252,7.88521135235469,14.4904452995501,7.89916579419739,14.603592920699,7.91392172849608,14.7078676626603,7.9041783524121,14.8211702573433,7.89140659475769,14.9197518323173,7.83850708812591,14.9956293851253,7.75750026218727,15.0279237738766,7.64052845857205,15.0446006128627,7.53016403955832
111,14.2643827081893,7.86398685537579,14.3781068678521,7.88557645765139,14.48828096808,7.89930609172105,14.6014543427421,7.91309772738885,14.7055374806799,7.90372542920476,14.819376488011,7.89196860040178,14.9188009016933,7.84073185551742,14.9954986622203,7.76097199019132,15.0293354212505,7.64472747992288,15.0476046552822,7.53443710148315
111.166666666667,14.262661243936,7.86576838749879,14.3758060028745,7.88599370456592,14.4861346662668,7.89946047769897,14.5992762685519,7.91216811336192,14.7031870550159,7.90320656519204,14.8175401790651,7.89250833907451,14.9178253440672,7.8429323795242,14.9953451725704,7.76447496033778,15.0307736090099,7.64905646171282,15.0507003714807,7.5388646803687
111.333333333333,14.2609696347018,7.86772725264354,14.3735090433685,7.88645870096374,14.4839944934349,7.89962543001758,14.5970523192511,7.91114651987598,14.7008082322988,7.90262682105306,14.8156543664789,7.89302336647033,14.9168172583891,7.84509953658207,14.9951692249123,7.76799932467585,15.0322199744668,7.6535063058452,15.0538434686585,7.5434439594057
111.5,14.2592955106287,7.86984044858059,14.3712067660102,7.88696705471037,14.4818485489087,7.89979742656332,14.5947761159622,7.91004658039171,14.6983928591588,7.90199125746695,14.8137120862257,7.89351123828371,14.9157687436091,7.84722420312683,14.9949711279829,7.77153523525474,15.0336561549335,7.65806791422334,15.0569896540164,7.54817212178485
111.666666666667,14.2576265018585,7.87208497308043,14.368889947476,7.88751437367129,14.4796849320125,7.89997294522263,14.5924412798079,7.9088819283698,14.6959327822263,7.90130493511283,14.8117063742786,7.89396951020908,14.9146718986773,7.84929725559432,14.9947511905192,7.77507284412365,15.035063787722,7.66273218875057,15.0600946347547,7.55304635069688
111.833333333333,14.2559502385333,7.87443782391362,14.366549364442,7.88809626571199,14.4774917420706,7.90014846388193,14.5900414319107,7.90766619727093,14.6934198481317,7.90057291466983,14.8096302666108,7.8943957379409,14.9135188225439,7.85130957042033,14.9945097212579,7.77860230333177,15.0364245101445,7.66749003133022,15.0631141180741,7.5580638293325
112,14.254254350795,7.87687599885065,14.3641757935844,7.88870833869797,14.4752570784075,7.90032046042767,14.5875701933932,7.9064130205558,14.6908459035053,7.89980025681708,14.8074767991956,7.89478747717363,14.912301614159,7.85325202404068,14.994247028936,7.7821137649283,15.0377199595131,7.67233234386562,15.0660038111751,7.56322174088243
112.166666666667,14.2525264687854,7.87937649566208,14.3617600115793,7.88934620049472,14.4729690403474,7.90048541274628,14.5850211853779,7.90513603168508,14.6882027949776,7.89899202223371,14.8052390080061,7.89514228360172,14.9110123724728,7.85511549289118,14.9939634222903,7.78559738096245,15.03893177314,7.67725002826009,15.0687194212583,7.56851726853737
112.333333333333,14.2507542226464,7.88191631211841,14.3592927951031,7.89000545896772,14.4706157272148,7.9006397987242,14.5823880289876,7.90384886411946,14.6854823691788,7.89815327159882,14.8029099290157,7.89545771291962,14.9096431964354,7.85689085340766,14.9936592100577,7.78904330348341,15.0400415883373,7.68223398641697,15.0712166555242,7.57394759548806
112.5,14.2489252425201,7.88447244599018,14.3567649208318,7.89068172198248,14.4681852383339,7.90078009624786,14.5796643453447,7.90256515131962,14.6826764727393,7.89728906559157,14.8004825981974,7.89573132082177,14.9081861849969,7.85856898202591,14.9933347009751,7.79244168454039,15.0410310424171,7.68727512023958,15.0734512211733,7.57950990492521
112.666666666667,14.2470271585482,7.88702189504791,14.3541671654417,7.89137059740448,14.4656656730292,7.90090278320369,14.5768437555719,7.90129852674626,14.6797769522895,7.89640446489106,14.7979500515246,7.89596066300265,14.9066334371075,7.86014075518177,14.9929902037793,7.79578267618258,15.0418817726915,7.69236433163124,15.0753788254062,7.58520138003953
112.833333333333,14.2450476008727,7.88954165706213,14.351490305609,7.89206769309921,14.4630451306249,7.90100433747814,14.5739198807917,7.90006262386006,14.6767756544598,7.89550453017643,14.7953053249704,7.89614329515669,14.9049770517172,7.86159704931103,14.9926260272073,7.7990564304592,15.0425754164727,7.69749252249529,15.0769551754234,7.59101920402174
113,14.2429741996356,7.89200872980336,14.3487251180099,7.89276861693218,14.4603117104455,7.90108123695763,14.5708863421267,7.8988710761217,14.6736644258804,7.89459432212679,14.7925414545081,7.89627677297835,14.9032091277764,7.86292874084952,14.9922424799957,7.80225309941943,15.0430936110728,7.70265059473506,15.0781359784255,7.59696056006256
113.166666666667,14.2407945849788,7.89440011104213,14.3458623793205,7.89346897676886,14.4574535118152,7.90112995952861,14.5677367606995,7.89773751699186,14.6704351131819,7.89367890142128,14.7896514761108,7.89635865216208,14.9013217642349,7.86412670623305,14.9918398708817,7.80536283511247,15.043417993804,7.70782945025387,15.0788769416131,7.6030226313527
113.333333333333,14.238496387044,7.89669279854895,14.3428928662171,7.89416438047476,14.4544586340586,7.90114698307751,14.5644647576328,7.89667557993125,14.6670795629944,7.89276332873903,14.7866284257518,7.89638648840233,14.8993070600432,7.86518182189743,14.9914185086019,7.80837578958753,15.0435302019784,7.71301999095505,15.0791337721866,7.60920260108288
113.5,14.2360230916895,7.8989587396862,14.3397449110951,7.89488383019148,14.4512516019522,7.90112168756873,14.5609220467636,7.89562724384154,14.6634887817562,7.89174330225513,14.7832619967016,7.8962431401645,14.8967426298497,7.86616282342362,14.9905503665494,7.81142650206022,15.0433030048485,7.71849612356114,15.0791252825489,7.6158687807452
113.666666666667,14.2333412834639,7.90128349233931,14.336369706197,7.89565831869823,14.4477810273828,7.90104929007808,14.556989436023,7.89453036458431,14.6595790419216,7.8905252548802,14.7793793407917,7.89582782067574,14.8932710318486,7.86714109867905,14.9888541644525,7.81463387107547,15.0426436559461,7.72448708735054,15.0791000183416,7.6233258971238
113.833333333333,14.2304732405454,7.9036644700634,14.3327923179699,7.89648643981693,14.4440711403399,7.90093502415911,14.5527041876742,7.89339239106007,14.6553800891452,7.88913034939663,14.7750296818372,7.89516261777311,14.8889817803077,7.86811150252928,14.9864003305512,7.81796458767648,15.0415855190016,7.73091678306038,15.0790582866231,7.63147575634746
114,14.2274412411123,7.90609908641364,14.3290378128608,7.8973667873695,14.4401461708128,7.90078412336535,14.5481035639805,7.89222077216933,14.6509216690815,7.8875797485868,14.7702622436529,7.89426961929369,14.8839643894948,7.86906888983985,14.9832592930853,7.82138534290645,15.0401619577459,7.73770911142779,15.0790003944517,7.64022016454493
114.166666666667,14.2242675633427,7.90858475494515,14.3251312573164,7.89829795517784,14.4360303487908,7.90060182125035,14.5432248272052,7.8910229568126,14.6462335273849,7.8858946152331,14.7651262500539,7.89317091307457,14.8783083736778,7.87000811547631,14.979501480295,7.82486282780857,15.0384063359094,7.74478797318991,15.0789266488859,7.64946092784498
114.333333333333,14.2209744854148,7.91111888921308,14.3210977177839,7.89927853706387,14.4317479042633,7.90039335136765,14.5381052396115,7.88980639389039,14.6413454097101,7.88409611211791,14.7596709248552,7.89188858695282,14.8721032471246,7.8709240343042,14.97519732042,7.82836373342605,15.0363520172228,7.75207726908385,15.078837356984,7.65909985237637
114.5,14.2175842855069,7.91369890277258,14.3169622607102,7.9003071268495,14.4273230672196,7.90016394727078,14.5327820634628,7.8885785323032,14.6362870617115,7.88220540202361,14.7539454918716,7.89044472876552,14.8654385241029,7.87181150118907,14.9704172417005,7.83185475080208,15.0340323654169,7.75950089984676,15.0787328258046,7.66903874426788
114.666666666667,14.2141192417971,7.91632220917877,14.3127499525422,7.90138231835664,14.4227800676491,7.8999188425133,14.5272925610222,7.88734682095154,14.6310882290436,7.88024364773259,14.7479991749182,7.88886142634974,14.8584037188808,7.87266537099647,14.9652316723764,7.83530257097986,15.0314807442221,7.76698276621575,15.078613362406,7.67917940964828
114.833333333333,14.2106016324636,7.91898622198681,14.3084858597269,7.90250270540721,14.4181431355413,7.89966327064873,14.5216739945531,7.88611870873592,14.6257786573611,7.87823201202723,14.7418811978099,7.88716076754256,14.851088345726,7.87348049859193,14.9597110406875,7.83867388500259,15.0287305173692,7.77444676892795,15.0784792738466,7.68942365464632
115,14.2070537356846,7.92168835475184,14.3041950487113,7.90366688182311,14.4134365008853,7.89940246523062,14.5159636263186,7.88490164455686,14.6203880923184,7.87619165768993,14.7356407843616,7.88536484018106,14.8435819189064,7.87425173884102,14.953925774874,7.84193538391346,15.0258150485888,7.7818168087205,15.0783308671848,7.69967328539077
115.166666666667,14.2034978296383,7.92442602102899,14.2999025859422,7.90487344142627,14.4086843936706,7.89914165981251,14.5101987185822,7.88370307731484,14.6149462795701,7.87414374750305,14.7293271583885,7.88349573210232,14.8359739526899,7.87497394660926,14.9479463031758,7.84505375875568,15.0227677016114,7.78901678633052,15.0781684494791,7.70983010801041
115.333333333333,14.1999561925029,7.92719663437342,14.2956335378667,7.90612097803859,14.4039110438866,7.89888608794794,14.504416533607,7.88253045591039,14.6094829647706,7.872109444249,14.7229895437053,7.88157553114341,14.8283539613444,7.87564197676222,14.9418430538328,7.84799570057243,15.0196218401679,7.79597060249515,15.0779923277879,7.71979592863399
115.5,14.1964511024565,7.92999760834025,14.2914129709317,7.90740808548199,14.3991406815225,7.89864098319045,14.4986543336563,7.88139122924402,14.6040278935746,7.87010991071014,14.7166771641271,7.87962632514141,14.8208114591376,7.87625068416543,14.9356864550849,7.85072790040692,15.0164108279887,7.80260215795151,15.0778028091696,7.72947255339029
115.666666666667,14.1930048376775,7.93282635648463,14.2872659515842,7.90873335757838,14.3943975365678,7.89841157909358,14.4929493809934,7.88029284621622,14.5986108116365,7.86816630966887,14.7104392434688,7.8776702019334,14.8134359603375,7.87679492368444,14.9295469351723,7.85321704930235,15.0131680288046,7.80883535343672,15.0776002006825,7.73876178840807
115.833333333333,14.1896396763439,7.93568029236171,14.2832175462712,7.91009538814967,14.3897058390119,7.89820310921088,14.4873389378816,7.87924275572751,14.5932614646108,7.86629980390757,14.7043250055454,7.87572924935645,14.8063169792119,7.8772695501848,14.9234949223347,7.85542983830191,15.0099268063461,7.81459408968793,15.0773848093852,7.7475654398161
116,14.1863778966339,7.93855682952662,14.2792928214395,7.91149277101777,14.385089818844,7.89802080709588,14.4818602665841,7.8782484066784,14.5880095981522,7.86453155620863,14.6983836741719,7.87382555524765,14.7995440300287,7.87766941853205,14.9176008448123,7.8573329584488,15.0067205243439,7.81980226744225,15.077156942336,7.75578531374314
116.166666666667,14.1832417767258,7.94145338153451,14.2755168435362,7.9129241000046,14.3805737060535,7.89786990630212,14.4765506293642,7.8773172479694,14.582884957915,7.86288272935442,14.6926644731633,7.87198120744406,14.7932066270557,7.87798938359174,14.9119351308449,7.85889310078622,15.0035825465287,7.82438378743682,15.0769169065933,7.76332321631796
116.333333333333,14.1802535947978,7.94436736194052,14.2719146790082,7.91438796893207,14.3761817306298,7.89775564038315,14.4714472884851,7.87645672850101,14.5779172895539,7.86137448612735,14.6872166263344,7.87021829378277,14.7873942845609,7.87822430022941,14.9065682086725,7.86007695635737,15.000546236631,7.82826255040876,15.0766650092156,7.77008095366933
116.5,14.177435629028,7.94729618429978,14.2685113943024,7.9158829716221,14.3719381225623,7.89768324289251,14.4665875062102,7.87567429717373,14.5731363387234,7.86002798930978,14.6820893575003,7.86855890210086,14.782196516812,7.87836902331061,14.9015705065351,7.86085121620544,14.9976449583815,7.83136245709521,15.0764015572612,7.77596033192601
116.666666666667,14.1748101575946,7.95023726216745,14.2653320558659,7.91740770189659,14.3678671118402,7.89765794738373,14.4620085448027,7.87497740288809,14.568571851078,7.8588644016841,14.6773318904759,7.86702512023539,14.777702838077,7.87841840770089,14.8970124526726,7.86118257137363,14.9949120755109,7.83360740823329,15.0761268577887,7.78086315721677
116.833333333333,14.1723159055007,7.9532199242218,14.2623172569109,7.91902992951039,14.3638801171465,7.89769031418669,14.4576187553371,7.87432177268012,14.5641727918873,7.85782599563701,14.6728648298796,7.86555551227831,14.773727657346,7.8782680056082,14.8927374928455,7.86127903779272,14.992290556546,7.83537739222525,15.0757138314175,7.78515501150839
117,14.1698755181615,7.95627104344157,14.2593871868832,7.9208086443264,14.359877739855,7.8977853797714,14.4532995743177,7.87366096468389,14.5598624905902,7.85683835724398,14.6685640446567,7.86407522551118,14.770007531585,7.87783181715186,14.8885373364436,7.86137081852713,14.9896951700667,7.83710000207765,15.0750444388278,7.78927072138156
117.166666666667,14.1674871543734,7.9593843498326,14.2565363065797,7.92272927032862,14.3558679839921,7.89794009190159,14.4490478921517,7.87299917444699,14.5556322390948,7.85589761982058,14.6644116551119,7.8625862225555,14.7665151970253,7.87713236906449,14.8844048071513,7.86145788532045,14.9871169798834,7.83877054543409,15.074132547169,7.79321595988596
117.333333333333,14.165148972933,7.96255357340073,14.2537590767973,7.92477723150107,14.351858853584,7.89815139834096,14.4448605992467,7.87234059751698,14.5514733293096,7.85499991668236,14.66038978155,7.86109046603279,14.7632233898986,7.87619218807872,14.8803327286527,7.86154020991632,14.9845470498064,7.84038432993817,15.0729920235903,7.79699640007127
117.5,14.1628591326368,7.96577244415179,14.2510499583329,7.92693795182774,14.3478583526569,7.89841624685324,14.4407345860101,7.87168942944143,14.5473770531429,7.85414138114489,14.656480544276,7.85958991856454,14.7601048464362,7.87503380092717,14.8763139246321,7.86161776405835,14.9819764436458,7.8419366632335,15.071636735241,7.80061771498716
117.666666666667,14.1606157922812,7.96903469209162,14.2484034119835,7.92919685529263,14.3438744852372,7.89873158520216,14.4366667428495,7.87104986576793,14.5433347025028,7.85331814652373,14.6526660635947,7.85808654277228,14.7571323028697,7.87367973434244,14.8723412187738,7.86169051949015,14.9793962252119,7.84342285296368,15.0700805492704,7.8040855776833
117.833333333333,14.1584171106628,7.97233404722605,14.2458138985461,7.93153936587975,14.339915255351,7.89909436115143,14.4326539601722,7.87042610204403,14.5393375692978,7.85252634613443,14.6489284598109,7.85658230127751,14.7542784954305,7.87215251505717,14.8684074347619,7.86175844795535,14.9767974583151,7.84483820677229,15.0683373328276,7.80740566120937
118,14.156261246578,7.97566423956091,14.2432758788175,7.93395090757309,14.3359886670247,7.89950152246478,14.4286931283858,7.86982233381731,14.535376945436,7.85176211329255,14.6452498532295,7.85507915670174,14.75151616035,7.87047466980397,14.8645053962808,7.86182152119756,14.9741712067657,7.84617803230296,15.0664209530621,7.81058363861505
118.166666666667,14.1541463588233,7.97901899910204,14.2407838135947,7.93641690435667,14.3321027242844,7.89995001690593,14.4247811378977,7.86924275663535,14.5314441228259,7.85102158131366,14.6416123641555,7.85357907166648,14.7488180338598,7.86866872531547,14.8606279270147,7.86187971096041,14.9715085343738,7.84743763719928,15.0643452771231,7.81362518294999
118.333333333333,14.1520706061952,7.98239205585528,14.2383321636746,7.93892278021448,14.3282654311565,7.90043679223861,14.4209148791153,7.86869156604572,14.5275303933756,7.85030088351331,14.6379981128936,7.85208400879323,14.7461568521913,7.86675720832427,14.8567678506478,7.8619329889875,14.9688005049498,7.84861232910485,15.0621241721597,7.81653596726389
118.5,14.1500321474903,7.98577713982645,14.2359153898542,7.94145395913053,14.3244847916672,7.90095879622653,14.4170912424461,7.86817295759599,14.5236270489935,7.84959615320708,14.6343892197486,7.85059593070352,14.743505351576,7.864762645563,14.8529179908644,7.86198132702246,14.966038182304,7.84969741566327,15.0597715053214,7.81932166460641
118.666666666667,14.148029141505,7.98916798102141,14.2335279529305,7.94399586508882,14.3207688098427,7.90151297663341,14.4133071182977,7.86769112683372,14.5197253815879,7.8489035237105,14.6307678050256,7.84911680001883,14.7408362682453,7.86270756376428,14.8490711713487,7.86202469680891,14.9632126302466,7.85068820451815,15.0573011437574,7.82198794802723
118.833333333333,14.1460597470357,7.99255830944597,14.2311643137002,7.94653392207335,14.3171254897093,7.90209628122298,14.4095593970774,7.86725026930651,14.515816683067,7.84821912833916,14.6271159890292,7.8476485793607,14.7381223384308,7.86061448966072,14.845220215785,7.86206307009045,14.9603149125879,7.85158000331308,15.054726954617,7.82454049057602
119,14.1441221228791,7.99594185510597,14.2288189329605,7.94905355406812,14.3135628352933,7.90270565775897,14.4058449691927,7.86685458056191,14.5118922453393,7.8475391004086,14.6234158920644,7.84619323135062,14.7353362983638,7.85850594998496,14.8413579478575,7.86209641861073,14.9573360931382,7.85236811969167,15.0520628050494,7.82698496530246
119.166666666667,14.1422144278315,7.99931234800726,14.2264862715081,7.95154018505715,14.3100888506208,7.90333805400509,14.4021607250511,7.86650825614749,14.5079433603128,7.84685957323438,14.6196496344361,7.8447527186101,14.732450884276,7.8564044714696,14.8374771912505,7.86212471411334,14.9542672357078,7.85304786129752,15.0493225622039,7.82932704525621
119.333333333333,14.1403348206895,8.00266351815567,14.2241607901401,7.95397923902442,14.3067115397183,7.90399041772506,14.39850355506,7.86621549161084,14.503961319896,7.84617668013207,14.6157993364491,7.84332900376065,14.7294388323986,7.85433258084727,14.8335707696482,7.86214792834191,14.9510994041068,7.85361453577423,15.0465200932297,7.83157240348696
119.5,14.1384814602496,8.00598909555702,14.2218369496534,7.95635613995395,14.3034389066118,7.9046596966826,14.394870349627,7.86598048249953,14.4999374159972,7.84548655441723,14.6118471184082,7.84192404942379,14.7262728789633,7.85231280485058,14.8296315067348,7.86216603304005,14.9478236621458,7.8540634507654,15.0436692652762,7.83372671304437
119.666666666667,14.1366525053082,8.00928281021715,14.2195092108449,7.95865631182973,14.3002789553278,7.90534283864145,14.3912579991594,7.86580742436111,14.4958629405246,7.84478532940542,14.6077751006184,7.84053981822101,14.7229257602014,7.85036767021216,14.8256522261946,7.86217899995139,14.9444310736347,7.85438991391464,15.0407839454927,7.83579564697813
119.833333333333,14.1348461146619,8.01253839214191,14.2171720345116,7.96086517863577,14.2972396898924,7.90603679136532,14.3876633940647,7.86570051274318,14.4917291853865,7.84406913841219,14.6035654033844,7.83917827277384,14.7193702123445,7.84851970366462,14.8216257517119,7.86218680081954,14.9409127023841,7.85458923286554,15.0378780010283,7.8377848783379
120,14.1330604471072,8.01574957133712,14.2148198814504,7.96296816435607,14.2943291143318,7.90673850261792,14.3840834247505,7.8656639431933,14.4875274424913,7.84333411475312,14.5992001470112,7.83784137570377,14.715578971624,7.84679143194059,14.8175449069708,7.86218940738812,14.9372596122041,7.85465671526171,15.0349652990324,7.83970008017336
120.166666666667,14.1312873030936,8.01895264890907,14.2124534233721,7.96498913590338,14.2915341338268,7.90753166017481,14.3805147663391,7.86571960182633,14.4832065190845,7.84255708718497,14.5946279640923,7.83650635741219,14.7114826541076,7.84510460200528,14.8134232909747,7.86207359227688,14.9333612277866,7.85463237397935,15.0318293352576,7.84159716479795
120.333333333333,14.1295215539592,8.02218381288227,14.2100795879202,7.96696477906366,14.2888316201798,7.90849246919322,14.3769579843891,7.86588183628197,14.4787361991796,7.8417243507926,14.5898277904611,7.83515265893236,14.7070529580638,7.84337047240167,14.8092800979317,7.86173681713774,14.9291336243482,7.85456071418116,15.0282699153923,7.84351943373517
120.5,14.1277659648328,8.02543662363985,14.2077022197905,7.96889974613074,14.2862145273499,7.90960665350943,14.3734158049621,7.86614353439505,14.4741392398362,7.84084623838361,14.5848272012822,7.83378555883359,14.7023242430249,7.84159583722905,14.8051165443335,7.86119508726253,14.9246078414866,7.85444378194042,15.0243253714898,7.84545364384979
120.666666666667,14.1260233008434,8.02870464156497,14.2053251636789,7.97079868939846,14.2836758092959,7.91085993695971,14.3698909541197,7.86649758400041,14.4694383981138,7.83993308276562,14.5796537717201,7.8324103356852,14.6973308685234,7.83978749058667,14.8009338466718,7.86046440794307,14.9198149187994,7.85428362333041,15.0200340356033,7.84738655200656
120.833333333333,14.1242963271197,8.03198142704079,14.2029522642813,7.97266626116064,14.2812084199771,7.91223804338033,14.3663861579234,7.86693687293287,14.4646564310722,7.83899521674626,14.5743350769393,7.83103226805651,14.6921071940916,7.83795222657382,14.7967332214381,7.8595607844712,14.9147858958843,7.85408228442444,15.0154342397862,7.84930491507026
121,14.1225878087907,8.03526054045046,14.2005873662935,7.97450711371112,14.2788053133524,7.91372669660758,14.3629041424348,7.86745428902727,14.4598160957711,7.83804297313314,14.5688986921043,7.82965663451685,14.686687579262,7.83609683928976,14.7925158851243,7.85850022213876,14.9095518123389,7.85384181129578,15.0105643160917,7.85119548990564
121.166666666667,14.1209005109854,8.03853554217713,14.1982343144114,7.97632589934374,14.2764594433808,7.91531162047772,14.3594476337156,7.86804272011843,14.45494014927,7.83708668473388,14.5633721923798,7.82828871363554,14.681106383567,7.83422812283377,14.7882830542219,7.85729872623757,14.9041437077608,7.85356425001773,15.0054625965731,7.85304503337747
121.333333333333,14.1192371988324,8.04179999260396,14.1958969533308,7.97812727035232,14.2741637640214,7.91697853882704,14.3560193578273,7.86869505404119,14.4500513486287,7.83613668435611,14.5577831529301,7.82693378398188,14.675397966539,7.83235287130511,14.7840359452226,7.85597230205947,14.8985926217477,7.85325164666357,15.0001674132836,7.85484030235052
121.5,14.1176006374609,8.04504745211409,14.1935791277476,7.97991587903069,14.2719112292331,7.9187131754918,14.3526220408315,7.86940417863039,14.4451724509068,7.83520330480744,14.5521591489198,7.82559712412521,14.6695966877104,7.83047787880306,14.7797757746181,7.85453695489629,14.8929295938972,7.85290604730661,14.9947170982764,7.85656805368954
121.666666666667,14.1159935919995,8.04827148109068,14.1912846823576,7.9816963776727,14.2696947929751,7.92050125430829,14.3492584087898,7.87016298172084,14.4403262131639,7.83429687889548,14.5465277555136,7.82428401263484,14.6637369066136,7.82860993942689,14.7755037589,7.85300869003987,14.887185663807,7.85252949802012,14.9891499836049,7.85821504425931
121.833333333333,14.1144188275773,8.05146563991688,14.1890174618568,7.98347341857216,14.2675074092063,7.92232849911278,14.3459311877638,7.87096435114738,14.4355353924598,7.83342773942787,14.5409165478758,7.8229997280801,14.657852982781,7.82675584727586,14.77122111456,7.85140351278204,14.8813918710746,7.8521240448774,14.9835044013222,7.85976803092458
122,14.1128791093231,8.05462348897585,14.1867813109409,7.98525165402292,14.2653420318857,7.92418063374155,14.342643103815,7.87180117474485,14.430822745854,7.83260621921223,14.535353101171,7.82174954903029,14.6519792757451,7.82492239644927,14.7669290580898,7.84973742841463,14.8755792552978,7.85169173395173,14.9778186834817,7.86121377055013
122.166666666667,14.1113772023658,8.05773858865073,14.1845800743058,7.9870357363188,14.2631916149724,7.92604338203086,14.339396883005,7.87266634034807,14.4262110304062,7.83184265105616,14.5298649905638,7.82053875405475,14.6461501450383,7.82311638104636,14.7626288059811,7.84802644222948,14.8697788560742,7.85123461131642,14.9721311621366,7.86253902000071
122.333333333333,14.1099158718343,8.06080449932469,14.1824175966473,7.98883031775364,14.2610491124254,7.927902467817,14.3361952513955,7.87355273579187,14.4217230031761,7.83114736776729,14.5244797912187,7.8193726217228,14.6403999501929,7.82134459516641,14.7583215747254,7.84628655951841,14.8640217130013,7.85075472304474,14.9664801693402,7.86373053614109
122.5,14.1084978828575,8.06381478138086,14.1802977226614,7.99064005062126,14.2589074782038,7.92974361493624,14.333040935048,7.87445324891109,14.4173814212233,7.83053070215324,14.5192250783001,7.81825643060374,14.6347630507415,7.81961383290871,14.7540085808146,7.84453378557327,14.8583388656769,7.85025411520999,14.9609040371457,7.86477507583603
122.666666666667,14.1071260005643,8.06676299520241,14.1782242970439,7.99246958721551,14.2567596662665,7.93155254722486,14.3299366600241,7.87536076754056,14.4132090416075,7.83000298702162,14.5141284269728,7.81719545926691,14.6292738062163,7.8179308883725,14.7496910407402,7.84278412568588,14.8527613536986,7.84973483388545,14.9554410976064,7.8656593959503
122.833333333333,14.1058029900834,8.06964270117248,14.1762011644906,7.99432357983021,14.2545986305726,7.93331498851913,14.3268851523855,7.8762681795151,14.4092286213884,7.82957455518007,14.509217412401,7.81619498628162,14.6239665761498,7.81630255565708,14.7453701709938,7.84105358514808,14.8473202166639,7.84919892514442,14.9501296827755,7.86637025334866
123,14.104531616544,8.07244745967424,14.1742321696975,7.99620668075919,14.252417325081,7.93501666265533,14.3238891381935,7.87716837266955,14.4054629176256,7.82925573943619,14.5045196097495,7.81526029021719,14.6188757200745,7.8147356288617,14.7410471880673,7.83935816925169,14.8420464941706,7.84864843506019,14.9450081247063,7.86689440489588
123.166666666667,14.1033146450747,8.07517083109083,14.1723211573603,7.9981235422963,14.2502087037509,7.93664329346973,14.32095134351,7.87805423483874,14.4019346873787,7.82905687259761,14.5000625941827,7.81439664964294,14.6140355975227,7.81323690208565,14.7367233084521,7.83771388328856,14.8369712258164,7.84808540970605,14.9401147554521,7.86721860745672
123.333333333333,14.1021548408046,8.0778063758054,14.1704719721748,8.00007881673535,14.2479657205413,7.93818060479861,14.3180744943963,7.87891865385751,14.3986666877074,7.82898828747194,14.4958739408652,7.8136093431282,14.6094805680268,7.81181316942818,14.7323997486401,7.83613673255052,14.8321254511987,7.84751189515528,14.9354879070661,7.86732961789594
123.5,14.1010567386075,8.08037449390627,14.1686777473549,8.00207550481772,14.2456919636411,7.93965172600121,14.3152296764306,7.87979948422692,14.3955877029017,7.82904757895652,14.4918427365182,7.812856482338,14.605075717909,7.81044115990599,14.727982405837,7.83455854208953,14.827368810136,7.84684946398649,14.9309700852068,7.8672050488644
123.666666666667,14.1000187704173,8.08290050730721,14.1669271857521,8.0041106016285,14.2433986441621,7.94109203844996,14.312389649835,7.88073667497303,14.3926080580862,7.82922007402998,14.4878443133585,7.81209599303977,14.6006707757344,7.8090930700341,14.7233955154055,7.83290530023523,14.8225524180342,7.84602623197563,14.926390286586,7.86684328586969
123.833333333333,14.099034546953,8.08538535912953,14.1652174865192,8.00617975097709,14.2410901504475,7.94250564400094,14.3095596526376,7.88172625571818,14.3897228215728,7.82949770362191,14.4838856147935,7.81133287495642,14.5962770643996,7.8077688951593,14.7186678010728,7.83118425719595,14.8176945278718,7.84505405999199,14.9217665798371,7.86626224506169
124,14.0980976789335,8.08782999249456,14.1635458488088,8.00827859667292,14.2387708708405,7.94389664451022,14.3067449228664,7.88276425608467,14.3869270616733,7.8298723986619,14.4799735842309,7.81057212781086,14.5919059068012,7.80646863062836,14.7138279865658,7.82940266318005,14.8128133926275,7.8439448089049,14.9171170335935,7.86547984259025
124.166666666667,14.0972017770775,8.09023535052362,14.1619094717739,8.01040278252539,14.2364451936843,7.94526914183388,14.3039506985496,7.88384670569481,14.3842158466996,7.83033609007955,14.4761151650782,7.80981875132597,14.5875686258361,7.80519227178807,14.7089047956118,7.82756776839586,14.8079272652802,7.84271033958363,14.9124597164885,7.86451399460526
124.333333333333,14.0963404521041,8.09260237633802,14.160305554567,8.01254795234392,14.234117507322,7.94662723782799,14.3011822177152,7.88496963417093,14.3815842449636,7.83088070880444,14.472317300743,7.80907774522466,14.5832765444008,7.80393981398522,14.7039269519379,7.82568682305172,14.8030543988084,7.84136251289751,14.9078126971555,7.86338261725658
124.5,14.095507314732,8.09493201305911,14.1587312963411,8.01470974993792,14.2317922000968,7.94797503434861,14.2984447183913,7.88612907113535,14.3790273247771,7.83149818576616,14.4685869346329,7.80835410922984,14.5790409853921,7.80271125256658,14.698923179271,7.82376707735598,14.7982130461908,7.83991318971584,14.9031940442279,7.86210362669408
124.666666666667,14.0946959756803,8.09722520380818,14.1571838962487,8.0168838191168,14.229473660352,7.94931663325184,14.2957434386059,7.88732104621037,14.376540154452,7.83218045189431,14.4649310101555,7.80765284306441,14.5748732717066,7.80150658287895,14.6939222013384,7.82181578151698,14.7934214604062,7.83837423090791,14.898621826339,7.86069493906764
124.833333333333,14.0939000456677,8.09948289170656,14.1556605534428,8.01906580368999,14.2271662764307,7.95065613639373,14.2930836163872,7.88854158901832,14.3741178023001,7.83291943811847,14.4613564707183,7.80697894645126,14.570784726241,7.80032580026909,14.688952741867,7.81984018574305,14.7886978944332,7.83675749734303,14.8941141121223,7.85917447052711
125,14.0931131354132,8.10170601987559,14.154158467076,8.02125134746689,14.224874436676,7.95199764563036,14.2904704897632,7.8897867291815,14.3717553366334,7.83370707536824,14.457870259729,7.80633741911331,14.566786671892,7.79916890008381,14.6840435245841,7.81784754024255,14.7840606012505,7.83507484989051,14.889688970211,7.85756013722237
125.166666666667,14.0923288556357,8.10389553143657,14.1526748363012,8.02343609425692,14.2226025294313,7.9533452628178,14.287909296762,7.89105249632225,14.3694478257636,7.8345352945732,14.454479320595,7.80573326077346,14.5628904315563,7.79803587766987,14.6792232732167,7.81584509522381,14.7795278338369,7.83333814941964,14.8853644692385,7.8558698553033
125.333333333333,14.091540817054,8.10605236951083,14.151206860271,8.02561568786948,14.2203549430395,7.95470308981213,14.2854052754116,7.89233492006286,14.3671903380026,7.83539602666295,14.451190596724,7.8051714711546,14.5591073281306,7.79692672837407,14.6745207114919,7.81384010089517,14.775117845171,7.83155925679973,14.8811586778382,7.85412154091975
125.5,14.0907426303871,8.1081774772197,14.1497517381382,8.027785772114,14.218136065844,7.95607522846943,14.2829636637402,7.89363003002567,14.3649779416622,7.83628120256707,14.4480110315235,7.80465704997964,14.5554486845116,7.79584144754319,14.6699645631368,7.81183980746498,14.7708488882315,7.82975003290009,14.8770896646435,7.8523331102216
125.666666666667,14.0899279063538,8.11027179768449,14.1483066690557,8.02994199079988,14.2159502861879,7.95746578064576,14.2805896997758,7.89493385583299,14.3628057050544,7.83718275321516,14.4449475684011,7.80419499697148,14.5519258235959,7.794780030524,14.6655835518784,7.80985146514157,14.7667392159972,7.82792233859002,14.8731754982877,7.85052247935872
125.833333333333,14.0890902556731,8.11233627402652,14.146868852176,8.03207998773655,14.2138019924144,7.95887884819719,14.2782886215464,7.89624242710712,14.360668696491,7.83809260953681,14.4420071507645,7.80379031185302,14.5485500682803,7.7937424726633,14.661406401444,7.8078823241333,14.7628070814466,7.82608803473882,14.8694342474042,7.84870756448098
126,14.0882232890637,8.11437184936712,14.1454354866521,8.03419540673341,14.2116955728667,7.96031853297981,14.2760656670802,7.8975517734704,14.3585619842839,7.83900270246161,14.4391967220211,7.80344799434717,14.5453327414614,7.79272876930787,14.6574618355605,7.80593963464849,14.7590707375585,7.82425898221579,14.8658839806264,7.84690628173825
126.166666666667,14.0873206172447,8.11637946682761,14.1440037716366,8.03628389159987,14.209635415888,7.96178893684968,14.2739260744052,7.89885792454513,14.3564806367448,7.83990496291915,14.4365232255785,7.80317304417682,14.5422851660359,7.79173891580449,14.6537785779551,7.80403064689549,14.7555484373116,7.82244704189025,14.8625427665877,7.84513654728039
126.333333333333,14.0863758509348,8.1183600695293,14.1425709062823,8.03834108614536,14.2076259098213,7.96329416166287,14.2718750815495,7.90015690995364,14.3544197221858,7.84079132183901,14.4339936048444,7.80297046106489,14.5394186649005,7.79077290749994,14.6503853523549,7.80216261108265,14.7522584336846,7.82066407463148,14.8594286739213,7.84341627725728
126.5,14.085382600853,8.12031460059353,14.141134089742,8.04036263417928,14.2056714430101,7.96483830927547,14.2699179265412,7.90144475931823,14.3523743089185,7.84165371015079,14.4316148032262,7.80284524473427,14.5367445609518,7.789830739741,14.6473108824869,7.8003427774183,14.7492189796562,7.8189219413088,14.8565597712607,7.84176338781879
126.666666666667,14.0843344777182,8.12224400314161,14.1396905211684,8.04234417951105,14.2037764037973,7.96642548154354,14.2680598474083,7.90271750226122,14.3503394652549,7.84248405878409,14.4293937641317,7.80280239490786,14.5342741770866,7.78891240787447,14.6445838920784,7.79857839611079,14.7464483282051,7.8172325027915,14.8539541272392,7.84019579511479
126.833333333333,14.0832356308331,8.12413950710866,14.1382493126817,8.04429291544374,14.2019120443401,7.96805758707264,14.2662777921723,7.90397809579205,14.3483081280623,7.84330301009286,14.4272944104169,7.80280631060796,14.5319624561201,7.78798560379404,14.6421000356033,7.79682939231571,14.7438534409677,7.81553802771981,14.8515266796719,7.83864594105993
127,14.082095916726,8.12599383737178,14.1368208920277,8.04621993570334,14.2000494496113,7.96973191751102,14.264544139657,7.90523371406982,14.3462794898147,7.84413721986965,14.4252734284342,7.80281799316358,14.5297523660301,7.78702396028807,14.6397311533234,7.795055263648,14.7413293947835,7.81377846477463,14.8491791357824,7.83703865248834
127.166666666667,14.0809175069546,8.12781017946526,14.1354044317978,8.04812673473362,14.1981927571774,7.97144564927882,14.2628572740937,7.90648671244137,14.3442580022346,7.84498763920192,14.423326906835,7.80283734575771,14.5276372674572,7.78603638404536,14.6374702476463,7.79326261900502,14.7388766154352,7.81196219488635,14.846909718317,7.83538042292909
127.333333333333,14.0797025730764,8.12959171892339,14.1339991045831,8.05001480697835,14.1963461046051,7.97319595879619,14.261215579714,7.90773944625354,14.3422481170443,7.84585521917715,14.4214509342706,7.80286427157334,14.525610521042,7.7850317817547,14.6353103209803,7.79145806728414,14.7364955287059,7.81009759898534,14.8447166500219,7.83367774591126
127.5,14.0784532866489,8.13134164128048,14.132604082975,8.05188564688131,14.1945136294609,7.97498002248326,14.2596174407493,7.90899427085316,14.3402542859661,7.84674091088278,14.4196415993927,7.80289867379346,14.5236654874251,7.78401906010486,14.633244375733,7.78964821738271,14.7341865603783,7.80819305800196,14.8425981536434,7.83193711496391
127.666666666667,14.0771718192297,8.13306313207082,14.1312185395648,8.05374074888627,14.1926994693114,7.97679501676015,14.2580612414312,7.91025354158708,14.3382809607225,7.84764566540628,14.4178949908525,7.80294045560106,14.5217955272472,7.78300712578466,14.6312654143127,7.78783967819811,14.7319501362354,7.8062569528666,14.8405524519277,7.83016502361613
127.833333333333,14.0758603423762,8.1347593768287,14.1298416469436,8.05558160743701,14.1909077617233,7.97863811804703,14.256545365991,7.91151961380212,14.3363325930358,7.84857043383511,14.4162071973016,7.80298952017912,14.519994001149,7.78200488548286,14.6293664391271,7.7860390586277,14.7297866820601,7.80429766450962,14.8385777676212,7.82836796539698
128,14.0745210276462,8.13643356108843,14.1284725777028,8.0574097169773,14.1891426442631,7.98050650276401,14.2550681986603,7.91279484284514,14.3344136346284,7.84951616725673,14.4145743073914,7.80304577071064,14.5182542697709,7.78102124588827,14.6275404525843,7.78425296756885,14.7276966236352,7.80232357386141,14.83667232347,7.82655243383553
128.166666666667,14.073156046597,8.13808887038428,14.1271105044336,8.05922657195091,14.1874082544974,7.98239734733125,14.2536281236704,7.91408158406296,14.3325285372225,7.85048381675861,14.4129924097733,7.80310911037861,14.5165696937537,7.78006511368968,14.6257804570922,7.78248801391891,14.7256803867437,7.80034306185232,14.8348343422205,7.82472492246087
128.333333333333,14.0717675707863,8.13972849025057,14.1257545997273,8.06103366680162,14.1857087299928,7.98430782816887,14.252223525253,7.91538219280242,14.3306817525406,7.85147433342821,14.4114575930989,7.803179442366,14.514933633738,7.77914539557586,14.6240794550587,7.78075080657524,14.7237383971684,7.79836450941275,14.8330620466189,7.82289192480205
128.5,14.0703577717716,8.14135560622158,14.1244040361752,8.0628324959732,14.1840482083159,7.98623512169702,14.2508527876394,7.91669902441037,14.3288777323051,7.85248866835298,14.4099659460195,7.80325666985582,14.5133394503644,7.77827099823561,14.6224304488919,7.77904795443522,14.7218710806922,7.79639629747306,14.8313536594115,7.82105993438817
128.666666666667,14.0689288211104,8.14297340383162,14.1230579863686,8.06462455390943,14.1824308270333,7.98817640433582,14.2495142950612,7.91803443423364,14.3271209282382,7.8535277726204,14.4085135571866,7.80334069603105,14.5117805042735,7.77745082835772,14.6208264409996,7.77738606639621,14.720078863098,7.79444680696362,14.8297074033445,7.81923544474828
128.833333333333,14.0674828903603,8.14458506861497,14.1217156228986,8.06641133505407,14.1808607237116,7.99012885250543,14.2482064317498,7.91939077761907,14.3254157920624,7.85459259731792,14.4070965152517,7.80343142407468,14.5102501561059,7.77669379263098,14.6192604337899,7.77577175135557,14.7183621701688,7.79252441881481,14.8281215011642,7.81742494941146
129,14.0660221510789,8.14619378610593,14.1203761183567,8.06819433385091,14.1793420359174,7.99208964262598,14.2469275819366,7.92077040991349,14.3237667755,7.855684093533,14.4057109088661,7.8035287571697,14.5087417665023,7.77600879774418,14.6177254296706,7.77421161821067,14.7167214276873,7.790637513957,14.8265941756168,7.81563494190678
129.166666666667,14.0645487748236,8.1478027418388,14.119038645334,8.06997504474371,14.1778789012173,7.99405595111759,14.2456761298532,7.92217568646375,14.3221783302733,7.85680321235311,14.4043528266814,7.8036325984991,14.5072486961034,7.7754047503861,14.6162144310498,7.77271227585887,14.7151570614365,7.78879447332056,14.8251236494487,7.81387191576332
129.333333333333,14.063064933152,8.14941512134788,14.1177023764218,8.07175496217626,14.1764754571778,7.99602495440043,14.244450459731,7.92360896261667,14.3206549081048,7.8579509048657,14.403018357349,7.80374285124586,14.5057643055496,7.77489055724555,14.6147204403354,7.77128033319753,14.7136694971993,7.78700367783587,14.8237081454061,7.81214236451014
129.5,14.0615727976216,8.15103411016745,14.1163664842115,8.07353558059232,14.1751358413657,7.99799382889461,14.2432489558014,7.92507259371911,14.3192009607167,7.85912812215824,14.4017035895204,7.80385941859298,14.5042819554817,7.77447512501129,14.6132364599353,7.76992239912401,14.7122591607586,7.78527350843331,14.8223458862352,7.81045278167633
129.666666666667,14.0600745397901,8.15266289383181,14.1150301412942,8.07531839443567,14.1738641913474,7.99995975102028,14.2420700022961,7.9265689351179,14.3178209398315,7.8603358153182,14.4004046118469,7.80398220372344,14.5027950065402,7.77416736037214,14.6117554922575,7.76864508253569,14.7109264778972,7.78361234604323,14.8210350946823,7.80880966079096
129.833333333333,14.0585723312149,8.15430465787527,14.1136925202612,8.07710489815008,14.1726646446896,8.00191989719758,14.2409119834463,7.92810034215987,14.3165192971715,7.86157493543303,14.3991175129801,7.80411110982023,14.5012968193659,7.77397617001686,14.61027053971,7.76745499232992,14.7096718743981,7.78202857159603,14.8197739934938,7.80721949538309
130,14.0570683434536,8.15596258783211,14.1123527937038,8.07889658617932,14.1715413389589,8.00387144384664,14.2397732834837,7.92966917019187,14.315300484459,7.86284643359019,14.3978383815713,7.80424604006635,14.4997807545992,7.77391046063426,14.6087746047007,7.76635873740407,14.7084957760441,7.78053056602207,14.8185608054157,7.8056887789818
130.166666666667,14.0555723071462,8.15763023085767,14.1110317629485,8.08068690256714,14.1704988253135,8.00582341483523,14.2386726430852,7.93127397151505,14.314157518878,7.86415943951713,14.3965912525083,7.80450032466567,14.4982870399048,7.77392334405682,14.6073196342485,7.7653012289349,14.7074168658921,7.77911239104236,14.817429468953,7.80423676927668
130.333333333333,14.0540889721093,8.15929869670439,14.1097468270929,8.08246890091858,14.1695330183064,8.0077863668715,14.2376257804485,7.93291189566729,14.3130765761394,7.86552207567049,14.3953987496668,7.80497764140514,14.4968549275743,7.77396142362038,14.6059541540442,7.76422801389273,14.7064448007271,7.77775796950093,14.8164058852425,7.80287036958756
130.5,14.0526130386652,8.16096751480222,14.1084920553849,8.08424349001938,14.1686351005962,8.0097597756362,14.2366265460859,7.93458319385042,14.3120518457565,7.86693378223153,14.3942548451808,7.80566341484235,14.4954763151891,7.77402384326882,14.604666034503,7.76314665486521,14.7055664669242,7.77646047401267,14.8154762209785,7.80157754188892
130.666666666667,14.0511392071363,8.1626362145811,14.1072615170724,8.08601157865526,14.1677962548415,8.01174311681006,14.2356687905095,7.93628811726633,14.3110775172424,7.86839399938152,14.393153511184,7.80654306953488,14.4941431003307,7.77410974694598,14.6034431460406,7.76206471444002,14.7047687508587,7.77521307719246,14.8146266428555,7.80034624815522
130.833333333333,14.0496621778451,8.16430432547098,14.1060492814034,8.08777407561197,14.1670076637009,8.01373586607383,14.2347463642317,7.93802691711686,14.3101477801104,7.86990216730171,14.3920887198104,7.80760203004031,14.4928471805804,7.77421827859571,14.6022733590724,7.76098975520483,14.7040385389057,7.77400895165519,14.8138433175676,7.79916445036094
131,14.0481766511138,8.1659713769018,14.1048494176258,8.08953188967524,14.1662605098331,8.01573749910823,14.2338531177646,7.93979984460389,14.3092568238735,7.87145772617338,14.3910544431939,7.80882572091624,14.4915804535197,7.77434858216187,14.6011445440138,7.75992933974729,14.7033627174404,7.77284127001574,14.8131124118092,7.79802011048052
131.166666666667,14.046677327265,8.16763689830352,14.1036559949877,8.09128592963081,14.1655459758967,8.017747491594,14.2329829016206,7.94160715092927,14.3083988380451,7.87306011617778,14.3900446534682,7.81019956672024,14.49033481673,7.77449980158832,14.6000445712804,7.75889103065509,14.7027281728378,7.77170320488901,14.8124200922748,7.79690119048845
131.333333333333,14.0451589066209,8.16930041910607,14.102463082737,8.09303710426441,14.1648552445504,8.01976531921189,14.2321295663119,7.94344908729486,14.3075680121382,7.87470877749618,14.3890533227672,7.8117089920099,14.4891021677926,7.77467108081891,14.5989613112876,7.7578823905159,14.7021217914732,7.77058792888987,14.8117525256585,7.79579565235918
131.5,14.0436160895039,8.17096146873942,14.1012647501216,8.09478632236179,14.1641794984527,8.02179045764263,14.2312869623506,7.94532590490254,14.3067585356662,7.87640315030984,14.3880744232248,7.81333942134281,14.4878744042891,7.7748615637975,14.5978826344509,7.75691098191736,14.7015304597218,7.76948861463322,14.8110958786549,7.79469145806719
131.666666666667,14.0420435762365,8.17261957663349,14.1000550663894,8.09653449270868,14.1635099202622,8.02382238256696,14.2304489402492,7.94723785495415,14.3059645981421,7.87814267480002,14.3871019269749,7.81507627927655,14.4866434238007,7.77507039446793,14.5967964111858,7.75598436744717,14.7009410639586,7.76839843473394,14.8104363179581,7.79357656958694
131.833333333333,14.040436067141,8.17427427221825,14.0988281007885,8.0982825240908,14.1628376926377,8.02586056966561,14.2296093505197,7.94918518865157,14.3051803890791,7.879926791148,14.3861298061512,7.81690499036871,14.485401123909,7.77529671677407,14.5956905119076,7.75511010969298,14.7003404905589,7.76731056180692,14.8097600102625,7.7924389488929
132,14.0387882625398,8.17592508492363,14.0975779225668,8.10003132529391,14.1621539982376,8.02790449461932,14.2287620436745,7.95116815719665,14.3044000979905,7.88175493953502,14.3851520328878,7.81881097917687,14.4841394021953,7.77553967465976,14.594552807032,7.75429577124247,14.6997156258977,7.76621816846704,14.8090531222625,7.79126655795953
132.166666666667,14.0370948627552,8.17757154417959,14.0962986009722,8.10178180510374,14.1614500197207,8.02995363310883,14.2279008702258,7.95318701179125,14.3036179143894,7.88362656014236,14.3841625793183,7.82077967025862,14.482850156241,7.77579841206887,14.5933711669744,7.75354891468329,14.6990533563504,7.7651144273292,14.8083018206524,7.79004735876131
132.333333333333,14.0353505681098,8.17921317941606,14.0949842052527,8.10353487230602,14.1607169397456,8.03200746081488,14.2270196806859,7.95524200363725,14.302828027789,7.88554109315127,14.3831554175768,7.82279648817154,14.4815252836276,7.77607207294524,14.5921334621503,7.75287710260313,14.6983405682919,7.76399251100827,14.8074922721265,7.78876931327269
132.5,14.0335500789258,8.18084952006301,14.0936288046562,8.10529143568648,14.1599459409709,8.0340654534182,14.2261123255669,7.95733338393649,14.3020246277024,7.88749797874303,14.382124519797,7.82484685747322,14.4801566819364,7.77635980123274,14.590827562975,7.75228789758964,14.6975641480975,7.76284559211916,14.8066106433792,7.78742038346815
132.666666666667,14.0316880955257,8.18248009555037,14.0922264684308,8.10705240403088,14.1591282060552,8.03612708659954,14.2251726553812,7.95946140389085,14.301201903643,7.88949665709889,14.3810638581127,7.82691620272124,14.4787362487489,7.77666074087521,14.5894413398642,7.75178886223051,14.6967109821424,7.76166684327673,14.8056431011048,7.78598853132214
132.833333333333,14.0297593182317,8.18410443530809,14.0907712658243,8.10881868612493,14.1582549176571,8.03819183603962,14.224194520641,7.96162631470218,14.3003540451238,7.89153656840011,14.379967404658,7.82898994847319,14.4772558816465,7.77697403581651,14.5879626632333,7.75138755911339,14.6957679568017,7.76044943709588,14.8045758119977,7.78446171880915
133,14.0277584473664,8.18572206876611,14.0892572660847,8.11059119075438,14.1573172584353,8.0402591774192,14.2231717718585,7.96382836757235,14.2994752416581,7.89361715282797,14.3788291315665,7.83105351928666,14.4757074782106,7.7772988300005,14.5863794034977,7.75109155082595,14.6947219584505,7.7591865461915,14.8033949427521,7.78282790790363
133.166666666667,14.0256801832521,8.18733252535439,14.08767853846,8.11237082670497,14.1563064110484,8.04232858641899,14.222098259546,7.96606781370321,14.298559682759,7.89573785056372,14.3776430109722,7.83309233971922,14.4740829360225,7.77763426737102,14.5846794310729,7.75090839995586,14.693559873464,7.75787134317847,14.8020866600625,7.78107506058005
133.333333333333,14.0235192262111,8.18893533450287,14.0860291521981,8.11415850276242,14.1552135581551,8.04439953871975,14.2209678342157,7.96834490429664,14.2976015579397,7.89789810178862,14.376403015009,7.83509183432846,14.4723741526638,7.77797949187194,14.5828506163744,7.75084566909079,14.6922685882174,7.75649700067168,14.8006371306231,7.77919113881287
133.5,14.0212248416033,8.19060330876322,14.0842886723464,8.11594854589503,14.1540209535419,8.0464623468608,14.2197832843718,7.97067821374046,14.2966265971422,7.90012115067196,14.3751174964724,7.8371150297596,14.4705615647551,7.77838282891846,14.5807942031158,7.75085234150572,14.690652497639,7.75498220129866,14.7987699317244,7.77694410991678
133.666666666667,14.0187582250582,8.19239452386216,14.0824449852356,8.11773540336957,14.1527207484494,8.04851001000633,14.2185527232322,7.97308386382929,14.2956617971931,7.90242891550168,14.3737993049726,7.83923262418029,14.4686362603886,7.77889135575611,14.5784357538362,7.75087227333063,14.6885486540574,7.75327000907367,14.7962522538768,7.77415320461127
133.833333333333,14.0161319723029,8.19428640399222,14.0805046420385,8.11952016441955,14.1513189717174,8.05054603377433,14.2172779883802,7.97555842687516,14.2947032479326,7.90481884763706,14.372449157865,7.84144154943181,14.4666061143532,7.77950234407425,14.5757996171894,7.75090533643574,14.685992929948,7.75139016869163,14.7931356836049,7.77088327997801
134,14.0133586790645,8.19625637334595,14.0784741939279,8.12130391827845,14.1498216521852,8.05257392378278,14.2159609173991,7.97809847519008,14.2937470392007,7.90728839843739,14.371067772505,7.84373873735543,14.4644790014376,7.78021306556225,14.5729101418291,7.75095140269128,14.6830211977864,7.74937242484748,14.789471807433,7.76719919309868
134.166666666667,14.0104509410702,8.19828185611587,14.0763601920766,8.12308775417976,14.1482348186924,8.05459718564969,14.214603347872,7.98070058108608,14.2927892608375,7.90983501926196,14.3696558662481,7.84612111979243,14.4622627964307,7.78102079190947,14.5697916764091,7.75101034396745,14.6796693300482,7.74724652223615,14.7853122118857,7.76316580105498
134.333333333333,14.0074213540469,8.20034027649453,14.0741691876573,8.12487276135699,14.1465645000786,8.05661932499304,14.2132071173823,7.98336131687518,14.2918260026832,7.91245616147005,14.3682141564496,7.84858562858406,14.4599653741212,7.78192279480526,14.5664685695831,7.75108203213447,14.6759731992086,7.74504220555258,14.7807084834874,7.75884796092857
134.5,14.0042825137219,8.20240905867445,14.0719077318429,8.12666002904362,14.1448167251834,8.05864384743084,14.2117740635131,7.98607725486941,14.2908533545779,7.91514927642095,14.366743360465,7.85112919557162,14.457594609298,7.78291634593899,14.562965170005,7.75116633906255,14.6719686777434,7.7427892194917,14.7757122087626,7.75431052980114
134.666666666667,14.0010470158221,8.20446562684817,14.0695823758061,8.12845064647315,14.1429975228462,8.06067425858106,14.2103060238477,7.9888449673808,14.2898674063616,7.91791181547393,14.3652441956498,7.85374875259636,14.4551583767499,7.78399871700001,14.5593058263285,7.7512631366219,14.667691638128,7.74051730874845,14.7703749742357,7.74961836475437
134.833333333333,13.9977274560748,8.20648740520822,14.0671996707198,8.13024570287907,14.1411129219067,8.06271406406171,14.2088048359693,7.99166102672136,14.2888642478746,7.92074122998829,14.3637173793593,7.85644123149956,14.4526645512656,7.7851671796777,14.5555148872073,7.75137229668275,14.6631779528378,7.73825621801777,14.7647483664313,7.74483632286994
135,13.994336430207,8.20845181794715,14.0647661677567,8.13204628749487,14.1391689512044,8.06476676949078,14.2072723374611,7.99452200520312,14.2878399689569,7.92363497132331,14.3621636289491,7.85920356412249,14.4501210076341,7.7864190056614,14.5516167012952,7.75149369111531,14.6584634943485,7.73603569199459,14.7588839718737,7.74002926122953
135.166666666667,13.9908865339457,8.21033628925748,14.0622884180897,8.13385348955405,14.1371716395788,8.06683588048626,14.2057103659065,7.99742447513811,14.2867906594486,7.92659049083827,14.3605836617745,7.86203268230643,14.447535620644,7.78775146664048,14.5476356172461,7.75162719178979,14.6535841351354,7.73388547537384,14.7528333770875,7.73526203691482
135.333333333333,13.9873903630182,8.21211824333175,14.0597729728915,8.13566839829009,14.1351270158695,8.06892490266614,14.2041207588885,8.00036500883834,14.2857124091899,7.92960523989246,14.358978195191,7.86492551789264,14.4449162650842,7.78916183430431,14.5435959837135,7.75177267057641,14.6485757476742,7.73183531285047,14.7466481685971,7.7305995070075
135.5,13.9838605131515,8.21377510436249,14.0572263833349,8.1374921029365,14.1330411089161,8.07103734164843,14.2025053539905,8.00334017861585,14.2846013080208,7.93267666984517,14.3573479465539,7.8678790027224,14.4422708157436,7.79064738034223,14.5395221493514,7.75192999934539,14.6434742044402,7.7299149491194,14.740379932927,7.72610652858924
135.666666666667,13.9803095800727,8.21528429654225,14.0546552005927,8.13932569272677,14.130919947558,8.0731767030511,14.2008659887957,8.00634655678265,14.2834534457814,7.93580223205567,14.3556936332189,7.87089006863698,14.4396071474108,7.79220537644361,14.5354384628135,7.75209904996692,14.638315377909,7.72815412887557,14.7340802566016,7.72184795874172
135.833333333333,13.9767501595089,8.21662324406355,14.0520659758378,8.14117025689438,14.1287695606349,8.07534649249216,14.1992045008872,8.00938071565078,14.282264912312,7.93897937788325,14.3540159725412,7.87395564747765,14.4369331348748,7.79383309429782,14.5313692727535,7.75227969431124,14.6331351405561,7.72658259681392,14.7278007261453,7.71788865454663
136,13.9731948471872,8.21776937111893,14.0494652602429,8.14302688467284,14.1265959769863,8.07755021558959,14.1975227278485,8.01243922753225,14.2810317974526,7.9422055586872,14.3523156818763,7.87707267108569,14.4342566529242,7.79552780559421,14.5273389278252,7.75247180424856,14.627969364857,7.72523009762938,14.7215929280828,7.71429347308565
136.166666666667,13.9696562388347,8.21870010190092,14.0468596049808,8.14489666529563,14.1244052254518,8.07979137796139,14.1958225072626,8.01551866473909,14.2797501910432,7.9454782258268,14.3505934785796,7.88023807130236,14.431585576348,7.79728678202214,14.5233717766824,7.75267525164909,14.6228539232872,7.72412637601689,14.7155084489384,7.71112727144046
136.333333333333,13.9661469301785,8.21939286060207,14.0442555612243,8.14678068799625,14.1222033348708,8.08207348522556,14.1941056767128,8.01861559958333,14.2784161829241,7.94879483066134,14.3488500800066,7.88344877996893,14.4289277799349,7.79910729527097,14.5194921679789,7.75288990838304,14.6178246883223,7.72330117667138,14.7095988752366,7.70845490669274
136.5,13.9626795169457,8.21982507141489,14.0416596801462,8.14868004200819,14.119996334083,8.08440004300009,14.1923740737824,8.02172660437697,14.2770258629353,7.9521528245501,14.3470862035127,7.88670172892669,14.4262911384738,7.80098661703007,14.5157244503684,7.75311564632064,14.6129175324376,7.72278424428779,14.7039157935018,7.70634123592416
136.666666666667,13.9592665948634,8.21997415853194,14.0390785129193,8.15059581656495,14.1177902519279,8.08677455690296,14.1906295360545,8.02484825143207,14.275575320917,7.95554965885237,14.3453025664534,7.8899938500169,14.4236835267534,7.80292201898879,14.5120929725046,7.75335233733209,14.6081683281087,7.72260532356105,14.6985107902586,7.70485111621642
136.833333333333,13.9558496952043,8.21997308394178,14.0364693229397,8.15256859118229,14.1155175620917,8.08922678359533,14.1888248289187,8.02802687329863,14.2739817322865,7.95907079592532,14.3434308995506,7.89340983435884,14.4210146681377,7.80517393989679,14.508479467887,7.75393841940596,14.6033577999564,7.72268882813294,14.6932045547895,7.70370785568775
137,13.9523674347795,8.21996988416551,14.0337900574633,8.15462923148053,14.1131162498774,8.09177693696051,14.1869195755133,8.03130389131128,14.272180141332,7.96278929018382,14.3414155426344,7.89702329348911,14.4182036724366,7.80797150828906,14.5047615189066,7.75517485109907,14.5982688877813,7.72293298552026,14.6877938981195,7.70259365592019
137.166666666667,13.9488280376237,8.21996459519448,14.0310482934525,8.15676425584998,14.1106006115495,8.0944142084498,14.184925900045,8.03466851095899,14.2701934412002,7.96668398107368,14.339276126722,7.90081453987495,14.4152724941073,7.81126503053294,14.5009572475551,7.75700528513396,14.5929407868286,7.72332826123052,14.6822945893864,7.70151171419111
137.333333333333,13.9452397277716,8.21995725302,14.0282516078695,8.15896018268097,14.1079849433726,8.09712778951451,14.1828559267205,8.03810993773067,14.2680445250377,7.97073370804071,14.3370322828309,7.90476388598358,14.4122430876072,7.81500481299579,14.4970847758237,7.75937337423322,14.5874126923438,7.7238651207712,14.6767223977283,7.7004652277779
137.5,13.9416107292581,8.2199478936334,14.0254075776768,8.16120353036382,14.1052835416111,8.09990687160592,14.1807217797463,8.04161737711529,14.2657562859911,7.97491731053072,14.3347036419784,7.90885164428224,14.4091374073935,7.81914116204494,14.4931622257041,7.7622227711194,14.581723799572,7.7245340296498,14.6710930922829,7.69945739395793
137.666666666667,13.9379492661177,8.21993655302602,14.0225237798368,8.16348081728883,14.1025107025297,8.10274064617533,14.1785355833291,8.04518003460176,14.2633516172072,7.9792136279895,14.3323098351818,7.91305812723816,14.4059774079237,7.82362438404776,14.4892077191875,7.76549712851508,14.5759133037587,7.7253254533738,14.6654224421883,7.69849141000858
137.833333333333,13.9342635623853,8.21992326718917,14.0196077913117,8.16577856184634,14.0996807223929,8.10561830467404,14.1763094616756,8.04878711567905,14.2608534118324,7.98360149986287,14.3298704934585,7.91736364731859,14.4027850436549,7.82840478537159,14.4852393782655,7.76914009914282,14.570020400149,7.72622985745069,14.6597262165824,7.69757047320723
138,13.9305618420955,8.2199080721142,14.016667189064,8.16808328242666,14.0968078974652,8.10852903855333,14.1740555389924,8.05242782583607,14.2582845630134,7.98805976559664,14.3274052478259,7.92174851699075,14.3995822690447,7.83343267238378,14.4812753249295,7.77309533572519,14.5640842839884,7.72723770738798,14.654020184603,7.69669778083125
138.166666666667,13.9268523292831,8.21989100379243,14.0137095500561,8.1703814974201,14.0939065240112,8.11146203926451,14.1717859394862,8.05609137056179,14.2556679638969,7.99256726463661,14.3249337293012,7.92619304872189,14.3963910385502,7.83865835145169,14.477333681171,7.77730649098475,14.5581441505221,7.72833946869315,14.6483201153882,7.69587653015802
138.333333333333,13.9231432479828,8.21987209821518,14.0107424512502,8.17265972521699,14.0909908982955,8.11440649825886,14.1695127873636,8.05976695534513,14.2530265076294,7.99710283642859,14.3224755689018,7.93067755497922,14.3932333066288,7.84403212894265,14.4734325689814,7.78171721764408,14.5522391949953,7.72952560687369,14.6426417780758,7.69510991846492
138.5,13.9194428222293,8.2198513913738,14.0077734696088,8.17490448420764,14.0880753165825,8.11735160698769,14.1672482068313,8.06344378567505,14.2503830873577,8.00164532041839,14.3200503976451,7.93518234823,14.3901310277378,7.84950431122402,14.4695901103522,7.78627116842574,14.5464086126535,7.7307865874371,14.6370009418038,7.69440114302932
138.666666666667,13.9157592760573,8.21982891925959,14.0048101820942,8.17710229278238,14.0851740751369,8.12028655690228,14.1650043220958,8.06711106704047,14.2477605962282,8.00617355605181,14.3176778465484,7.93968774094146,14.3871061563345,7.85502520466316,14.4658244272748,7.79091199605229,14.5406915987419,7.73211287589086,14.63141337571,7.6937534011286
138.833333333333,13.9121008335016,8.21980471786391,14.0018601656688,8.17923966933152,14.0823014702232,8.12320053945394,14.1627932573639,8.07075800493035,14.2451819273877,8.01066638277466,14.3153775466291,7.94417404558082,14.3841806468764,7.8605451156274,14.4621536417407,7.79558335324631,14.5351273485059,7.73349493774247,14.6258948489324,7.69316989004015
139,13.9084757185969,8.21977882317806,13.998930997295,8.18130313224538,14.079471798106,8.12608274609395,14.1606271368422,8.07437380483361,14.2426699739827,8.01510264003276,14.3131691289044,7.94862157461532,14.3813764538206,7.8660143504841,14.4585958757414,7.80022889273036,14.5297550571907,7.73492323849942,14.620461130609,7.69265380704133
139.166666666667,13.9048921553779,8.21975127119339,13.9960302539351,8.18327919991428,14.0766993550497,8.12892236827361,14.1585180847374,8.07794767223921,14.2402476291599,8.01946116727189,14.3110722243919,7.95301064051221,14.3787155316245,7.87138321560061,14.4551692512682,7.804792267227,14.5246139200416,7.7363882436692,14.6151279898776,7.69220834940952
139.333333333333,13.9013583678793,8.21972209790121,13.9931655125515,8.18515439072853,14.0739984373189,8.13170859744422,14.156478225256,8.08146881263608,14.2379377860659,8.02372080393789,14.3091064641087,7.95732155573871,14.3762198347455,7.87660201734427,14.4518918903127,7.80921712945882,14.5197431323039,7.73788041875931,14.6099111958762,7.69183671442211
139.5,13.8978825801359,8.21969133929287,13.9903443501065,8.18691522307846,14.0713833411783,8.13443062505707,14.1545196826048,8.08492643151316,14.2357633378474,8.02786038947654,14.3072914790723,7.96153463276206,14.3739113176408,7.88162106208244,14.4487819148662,7.81344713214836,14.515181889223,7.73939022927723,14.6048265177426,7.69154209935647
139.666666666667,13.8944730161824,8.21965903135968,13.9875743435626,8.18854821535438,14.0688683628923,8.13707764256345,14.1526545809904,8.0883097343594,14.2337471776509,8.03185876333367,14.3056469003,7.96563018404949,14.3718119347679,7.88639065618247,14.4458574469203,7.8174259280182,14.5109693860441,7.74090814073046,14.5998897246149,7.69132770148997
139.833333333333,13.8911379000534,8.21962521009299,13.984863069882,8.19003988594661,14.0664677987254,8.13963884141466,14.1508950446194,8.09160792666374,14.231912198623,8.03569476495507,14.3041923588091,7.96958852206824,14.3699436405839,7.8908611060117,14.4431366084665,7.82109716979091,14.5071448180126,7.74242461862649,14.5951165856309,7.69119671809999
140,13.8878854557838,8.21958991148411,13.9822181060272,8.19137675324548,14.0641959449424,8.14210341306199,14.1492531976985,8.0948102139151,14.2302812939105,8.03934723378655,14.302947485617,7.97338995928554,14.3683283895462,7.89498271793749,14.440637521496,7.82440451018905,14.5037473803737,7.74393012847281,14.5905228699286,7.69115234646391
140.166666666667,13.8847053534667,8.2195155723783,13.9796369102621,8.19263660738474,14.0620335253052,8.1445256937647,14.1477196604609,8.09796417968644,14.2288067840066,8.04287049778435,14.3018537609145,7.97707204268833,14.3668731655102,7.89886495673804,14.4382655597899,7.82747042409408,14.500633909845,7.74553509988144,14.5860380462086,7.6912483674387
140.333333333333,13.8815789298199,8.21937001451694,13.9771080629449,8.19390152945231,14.0599467492169,8.14696231948888,14.1462705894914,8.10112092819297,14.227419847726,8.04633445739325,14.3008349906115,7.98068883755052,14.365469750748,7.90265532991811,14.4359181341658,7.83045987081192,14.4976324531523,7.7473442299463,14.5815849089124,7.6915278310719
140.5,13.8785019088154,8.21916135123557,13.9746258241794,8.19516447426974,14.0579281414029,8.14940593124609,14.1448964135234,8.10427494588709,14.2261116656976,8.04974131079185,14.2998842943041,7.98424543376977,14.3641172973421,7.90636120793481,14.4336014221703,7.83338022970187,14.4947390205538,7.7493393853977,14.5771692157889,7.69197783842675
140.666666666667,13.875470014425,8.2188976958697,13.9721844540691,8.19641839665855,14.0559702265887,8.15184917004787,14.1435875612906,8.10742071922119,14.2248734185502,8.05309325615878,14.2989947915884,7.98774692124375,14.3628149573751,7.90998996124531,14.4313216013499,7.83623888012324,14.4919496223072,7.75150243296599,14.5727967245872,7.69258549056649
140.833333333333,13.8724789706207,8.21858716175484,13.9697782127177,8.19765625144029,14.0540655294998,8.1542846769058,14.1423344615264,8.11055273464766,14.2236962869127,8.05639249167264,14.2981596020605,7.99119838987015,14.3615618829295,7.91354896030672,14.4290848492512,7.83904320143531,14.4892602686706,7.75381523938148,14.5684731930561,7.69333788855437
141,13.8695245013744,8.21823786222652,13.967401360229,8.1988709934365,14.0522065748615,8.15670509283141,14.1411275429644,8.1136654786189,14.2225714514138,8.05964121551205,14.2973718453166,7.99460492954663,14.3603572260879,7.91704557557618,14.4268973434209,7.84180057299739,14.4866669699019,7.7562596713745,14.5642043789447,7.69422213345361
141.166666666667,13.866602330658,8.21785791062027,13.9650481567064,8.20005557746871,14.0503858873995,8.15910305883628,14.1399572343382,8.11675343758729,14.2214900926825,8.06284162585562,14.2966246409526,7.99797163017086,14.3592001389328,7.92048717751084,14.4247652614054,7.84451837416876,14.484165736259,7.75881759567539,14.559996040002,7.69522532632748
141.333333333333,13.8637081824434,8.21745542027159,13.9627128622538,8.20120295835847,14.0485959918392,8.16147121593195,14.1388139643813,8.11981109800524,14.2204433913476,8.06599592088197,14.2959111085647,8.00130358164053,14.3580897735468,7.92388113656782,14.4226947807513,7.84720398430873,14.4817525779999,7.76147087901446,14.5558539339769,7.69633456823919
141.5,13.8608377807024,8.21703850451602,13.9603897369748,8.20230609092732,14.046829412906,8.16380220512997,14.1376881618273,8.12283294632512,14.2194225280379,8.06910629876971,14.2952243677491,8.0046058738533,14.3570252820125,7.92723482320427,14.4206920790052,7.8498647827766,14.4794235053826,7.76420138812204,14.5517838186185,7.69753696025201
141.666666666667,13.8579868494071,8.21661527668907,13.958073040973,8.20335792999679,14.0450786753254,8.16608866744192,14.1365702554098,8.12581346899935,14.2184186833822,8.07217495769746,14.2945575381017,8.00788359670684,14.3560058164123,7.93055560787733,14.4187633337138,7.85250814893165,14.4771745286649,7.76699098972847,14.5477914516756,7.69881960342916
141.833333333333,13.8551511125293,8.21619385012627,13.9557570343522,8.20435143038843,14.043336303823,8.16832324387933,14.1354506738623,8.1287471524803,14.2174230380094,8.07520409584382,14.2939037392187,8.01114184009884,14.3550305288289,7.93385086104412,14.4169147224235,7.85514146213319,14.4750016581049,7.76982155056407,14.5438825908974,7.70016959883389
142,13.8523262940409,8.21578233816313,13.9534359772159,8.20527954692377,14.0415948231242,8.17049857545377,14.1343198459183,8.13162848322036,14.2164267725483,8.07819591138742,14.2932560906962,8.01438569392696,14.3540985713448,7.93712795316179,14.4151524226809,7.85777210174052,14.4729009039604,7.77267493735917,14.5400629940327,7.70157404752945
142.166666666667,13.8495081179138,8.21538885413517,13.9511041296678,8.20613523442436,14.0398467579544,8.1726073031768,14.1331682003114,8.13445194767194,14.2154210676277,8.08115260250687,14.2926077121303,8.01762024808887,14.3532090960425,7.94039425468748,14.4134826120326,7.86040744711292,14.4708682764895,7.7755330168441,14.5363384188305,7.70302005057906
142.333333333333,13.8466923081199,8.21502151137792,13.9487557518117,8.20691144771172,14.0380846330392,8.17464206805996,14.1319861657752,8.13721203228743,14.2143971038766,8.08407636738077,14.291951723117,8.02085059248226,14.3523612550046,7.94365713607831,14.4119114680252,7.8630548776097,14.46889978595,7.77837765574918,14.5327146230399,7.70449470904598
142.5,13.8438745886312,8.21468842322689,13.9463851037511,8.20760114160741,14.036300973104,8.17659551111482,14.1307641710432,8.13990322351921,14.2133460619236,8.08696940418775,14.2912812432526,8.02408181700479,14.3515542003137,7.94692396779142,14.4104451682053,7.86572177259014,14.4669914426,7.78119072080474,14.5291973644097,7.70598512399345
142.666666666667,13.8410506834195,8.21439770301761,13.9439864455898,8.20819727093295,14.0344883028744,8.17846027335293,14.1294926448491,8.14252000781968,14.2122591223978,8.08983391110642,14.290589392133,8.02731901155413,14.3507870840523,7.95020212028396,14.4090898901194,7.86841551141356,14.4651392566973,7.78395407874111,14.5257924006891,7.7074783964847
142.833333333333,13.8382163164568,8.2141574640856,13.9415540374313,8.2086927905099,14.0326391470757,8.18022899578584,14.1281620159262,8.14505687164123,14.2111274659278,8.09267208631539,14.2898692893543,8.03056726602797,14.3500590583029,7.95349896401307,14.407851811314,7.87114347343925,14.4633392385,7.78664959628861,14.5225054896269,7.70896162758297
143,13.8353672117149,8.21397581976637,13.9390821393795,8.20908065515978,14.0307460304334,8.18189431942512,14.1267627130083,8.14750830143625,14.2099422731425,8.09548612799328,14.2891140545128,8.03383167032396,14.3493692751482,7.95682186943586,14.4067371093359,7.87391303802649,14.4615873982659,7.78925914017758,14.5193423889721,7.71042191835152
143.166666666667,13.8324990931658,8.21386088339545,13.9365650115378,8.20935381970415,14.0288014776731,8.18344888528231,14.1252851648288,8.14986878365714,14.2086947246709,8.0982782343187,14.2883168072044,8.0371173143398,14.3487168866706,7.96017820700949,14.4057519617315,7.87673158453459,14.459879746253,7.79176457713834,14.5163088564738,7.71184636985357
143.333333333333,13.8296076847813,8.21382076830837,13.93399691401,8.20950523896453,14.0267980135202,8.18488533436898,14.1237198001213,8.15213280475629,14.2073760011416,8.10105060347026,14.2874706670252,8.04042928797314,14.3481010449527,7.96357534719109,14.4049025460474,7.87960649232285,14.4582122927192,7.79414777390121,14.5134106498809,7.71322208315238
143.5,13.8266911056097,8.21384123467456,13.9313668947495,8.20958921922864,14.0247490815214,8.18624279561235,14.1220474280935,8.15433139521563,14.2059779675079,8.10380624572995,14.2865795523908,8.04377393689407,14.3475262610179,7.96701733849587,14.4041449857563,7.88254678521296,14.4565758833312,7.79643522466268,14.5105933143923,7.71459596941083
143.666666666667,13.8237529712777,8.21389981082609,13.9286728333729,8.20966521109968,14.0226738744868,8.18756517377735,14.1202617934661,8.15649817544169,14.2045037090171,8.10654555565742,14.2856544589724,8.04715020262076,14.3469945812922,7.97049858486202,14.4034296270881,7.88555095416785,14.4549651917504,7.79866977397442,14.507802442853,7.71602190423331
143.833333333333,13.8207972506252,8.21399226234234,13.9259222374794,8.2097338858724,14.0205735410368,8.18885227363205,14.1183727282418,8.15863151677372,14.2029612367397,8.10926680784781,14.2846991222495,8.05055206882302,14.3465014609625,7.97401198988116,14.402753981725,7.88861057925864,14.4533819702273,7.80085781409955,14.5050438644815,7.71749743534531
144,13.8178279124923,8.21411435480275,13.9231226146679,8.20979591484157,14.0184492297921,8.19010389994453,14.1163900644234,8.16072979055098,14.2013585617459,8.11196827689624,14.2837172777018,8.05397351917068,14.3460423552154,7.97755045714492,14.4021155613494,7.89171724055646,14.4518279710122,7.8030057373012,14.502323408496,7.71902011047232
144.166666666667,13.8148489257188,8.2142618537867,13.9202814725374,8.20985196930195,14.0163020893732,8.19131985748288,14.1143236340137,8.16279136811271,14.1997036951062,8.11464823739785,14.2827126608087,8.05740853733354,14.3456127192379,7.98110689024492,14.4015118776435,7.89486251813246,14.4503049463555,7.80511993584251,14.4996469041147,7.72058747733982
144.333333333333,13.8118642591446,8.21443052487361,13.917406318687,8.20990272054831,14.0141332684006,8.19249995101516,14.1121832690156,8.1648146207982,14.1980046478907,8.11730496394777,14.2816890070499,8.06085110698143,14.3452080082165,7.98467419277278,14.4009404422897,7.89803799205774,14.4488146485076,7.8072068019866,14.4970201805561,7.72219708367329
144.5,13.8088778816097,8.2146161336429,13.9145046607155,8.20994883987541,14.0119439154949,8.19364398530946,14.1099788014318,8.16679791994667,14.19626943117,8.11993673114113,14.2806500519049,8.06429521178416,14.3448236773382,7.98824526832012,14.4003987669703,7.90123524240346,14.4473588297189,7.8092727279966,14.4944490670383,7.72384647719822
144.666666666667,13.8058937619541,8.21481444567396,13.9115840062221,8.209990998578,14.0097351792766,8.19475176513386,14.1077200632651,8.16873963689741,14.1945060560142,8.12254181357305,14.2795995308533,8.06773483541154,14.3444551817896,7.99181302047858,14.3998843633675,7.90444584924073,14.4459392422398,7.81132410613565,14.4919393927797,7.7255332056401
144.833333333333,13.8029158690175,8.2150212265462,13.9086518628056,8.21002986795086,14.0075082083662,8.19582309525644,14.1054168865183,8.17063814298966,14.1927225334938,8.12511848583869,14.2785411793748,8.0711639615334,14.3440979767575,7.99537035283976,14.3993947431637,7.90766139264068,14.4445576383207,7.81336732866686,14.4894969869987,7.72725481672441
145,13.79994817164,8.21523224183903,13.9057157380651,8.21006611928874,14.0052641513844,8.19685778044527,14.1030791031943,8.17249180956268,14.190926874679,8.12766502253315,14.2774787329488,8.07457657381955,14.3437475174287,7.99891016899529,14.3989274180412,7.91087345267445,14.443215770212,7.81540878785338,14.4871276789134,7.72900885817663
145.166666666667,13.7969946386615,8.21544325713186,13.9027831395997,8.21010042388641,14.0030041569516,8.19785562546843,14.1007165452958,8.17429900795572,14.1891270906403,8.13017969825158,14.276415927055,8.07796665593981,14.3433992589899,8.00242537253679,14.3984798996823,7.91407360941317,14.4419153901639,7.81745487595833,14.4848372977422,7.73079287772226
145.333333333333,13.7940592389218,8.21565003800411,13.8998615750082,8.21013345303863,14.0007293736884,8.19881643509401,14.0983390448256,8.17605810950805,14.1873311924479,8.1326607875891,14.2753564971728,8.08132819156399,14.3430486566279,8.0059088670559,14.3980496997692,7.91725344292797,14.4406582504271,7.81951198524484,14.4826316727034,7.73260442308677
145.5,13.791145941261,8.21584835003517,13.8969585518896,8.21016587804017,13.9984409502154,8.19974001409007,14.0959564337866,8.17776748555892,14.1855471911722,8.13510656514085,14.274304178782,8.08465516436191,14.3426911655294,8.00935355614422,14.3976343299844,7.92040453328997,14.4394461032518,7.82158650797603,14.4805166330153,7.73444104199566
145.666666666667,13.7882587145189,8.21603395880445,13.8940815778431,8.21019837018578,13.996140035153,8.20062616722471,14.0935785441814,8.17942550744758,14.1837830978835,8.13751530550196,14.2732627073621,8.08794155800338,14.3423222408813,8.01275234339338,14.39723130201,7.92351846057031,14.4382807008884,7.82368483641505,14.4784980078962,7.7363002821744
145.833333333333,13.7854015275356,8.21620262989136,13.8912381604675,8.21023160077022,13.9938277771219,8.20147469926599,14.091215208013,8.1810305465133,14.1820469236522,8.13988528326755,14.2722358183926,8.09118135615823,14.3419373378703,8.016098132395,14.3968381275285,7.92658680484012,14.4371637955873,7.82581336282501,14.4765816265643,7.73817969134848
146,13.7825783491508,8.21635012887532,13.8884358073618,8.21026624108827,13.9915053247426,8.20228541498201,14.0888762572842,8.18258097409534,14.1803466795486,8.14221477303277,14.2712272473532,8.09436854249627,14.3415319116831,8.01938382674071,14.3964523182221,7.92960114617053,14.4360971395989,7.82797847946905,14.4747733182381,7.74007681724339
146.166666666667,13.7797931482045,8.21647222133572,13.8856820261251,8.21030296243469,13.9891738266355,8.20305811914082,14.0865715239976,8.18407516153294,14.1786903766431,8.14450204939274,14.2702407297233,8.09749710068731,14.3411014175065,8.02260233002213,14.3960713857731,7.93255306463266,14.4350824851736,7.8301865786103,14.4730789121357,7.74198920758462
146.333333333333,13.7770498935367,8.21656467285198,13.8829843243564,8.21034243610423,13.9868344314214,8.20379261651052,14.0843108401562,8.18551148016537,14.1770860260059,8.14674538694259,14.2692800009827,8.10056101440117,14.3406413105273,8.02574654583088,14.3956928418638,7.93543414029766,14.4341215845618,7.83244405251188,14.4715042374756,7.74391441009764
146.5,13.7743525539873,8.2166232490035,13.8803502096546,8.21038533339165,13.9844882877206,8.20448871185919,14.0821040377628,8.18688830133188,14.1755416387074,8.14894306027745,14.2683487966108,8.10355426730767,14.3401470459322,8.02880937775859,14.3953141981765,7.93823595323664,14.4332161900139,7.83475729343692,14.4700551234759,7.74584997250794
146.666666666667,13.7717050983962,8.2166437153697,13.8777871896187,8.21043232559173,13.9821365441538,8.2051462099549,14.07996094882,8.18820399637174,14.1740652258179,8.15109334399246,14.2674508520872,8.10647084307662,14.339614078908,8.03178372939687,14.3949329663936,7.94095008352074,14.4323680537802,7.83713269364856,14.468737399355,7.74779344254102
146.833333333333,13.7691013634407,8.21659648582242,13.8752809160872,8.21048439873893,13.9797621585567,8.20578610332127,14.0778529572393,8.18948603543852,14.1726534198542,8.15324070604102,14.2665937175597,8.10935782697377,14.3390258238932,8.03468573302577,14.3945418308515,7.94357582246733,14.431542064353,7.83957582316174,14.4675243863256,7.74976802382526
147,13.7665312500647,8.21646051333487,13.8728105508031,8.21054153453954,13.9773501601505,8.20642732989685,14.0757456825734,8.19076048981113,14.1712934377636,8.15542334583291,14.2657786229289,8.11226059305874,14.3383734118248,8.03753785039373,14.3941375298211,7.94612362554835,14.4307057406103,7.84208420286376,14.4663817375136,7.75179562312281
147.166666666667,13.7639928235077,8.21624437213845,13.8703738662222,8.21060289779603,13.9749048046344,8.20706661257207,14.0736403102876,8.19202363251679,14.1699791672628,8.15763013514778,14.2649998233041,8.11517055819218,14.3376638726375,8.04034247929497,14.3937236558858,7.94860181906677,14.4298647803817,7.8446521513263,14.4653037800069,7.75387184285977
147.333333333333,13.7614841490095,8.21595663646455,13.8679686348002,8.2106676533109,13.9724303477073,8.20770067423738,14.071538025847,8.1932717365827,14.1687044960685,8.15984994576528,14.2642515737947,8.11807913923475,14.3369042362659,8.04310201752368,14.3933038016292,7.95101872932559,14.4290248814966,7.84727398712102,14.4642848408932,7.75599228546222
147.5,13.7590032918098,8.2156058805446,13.8655926289929,8.21073496588662,13.9699310450683,8.20832623778322,14.0694400147167,8.19450107503608,14.1674633118972,8.16207164946506,14.2635281295098,8.12097775304711,14.3361015326445,8.04581886287409,14.3928815596349,7.95338268262778,14.4281917417844,7.84994402881961,14.4633192472604,7.75815255335626
147.666666666667,13.7565483171482,8.21520067860998,13.8632436212561,8.21080400032569,13.9674111524164,8.20894002610003,14.0673474623618,8.19570792090415,14.1662495024655,8.16428411802678,14.2628237455588,8.1238578164899,14.3352627917079,8.04849541314041,14.3924605224863,7.95570200527632,14.4273710590747,7.85265659499373,14.4624013261964,7.76034824896797
147.833333333333,13.7541172902643,8.21474960489211,13.8609193840456,8.21087392143059,13.9648749254505,8.20953876207826,14.0652615542477,8.19688854721412,14.1650569554901,8.16647622323008,14.262132677051,8.12671074642379,14.3343950433909,8.05113406611684,14.3920442827671,7.95798502357418,14.4265685311967,7.85540600421505,14.461525404789,7.76257497472346
148,13.7517082763979,8.21426123362239,13.858617689817,8.2109438940038,13.9623266198698,8.21011916860835,14.0631834758392,8.1980392269932,14.1638795586876,8.16863683685463,14.2614491790955,8.12952795970942,14.3335053176278,8.05373721959759,14.3916364330607,7.96024006382437,14.4257898559801,7.85818657505526,14.4606858101261,7.76482833304881
148.166666666667,13.7493193407886,8.21374413903223,13.8563363110263,8.2110130828478,13.9597704913732,8.21067796858074,14.0611144126017,8.19915623326861,14.1627111997746,8.17075483068007,14.2607675068018,8.13230087320746,14.3326006443534,8.05630727137688,14.3912405659507,7.96247545232984,14.4250407312542,7.86099262608601,14.4598768692955,7.76710392637012
148.333333333333,13.7469485486761,8.21320689535302,13.8540730201292,8.21108065276509,13.9572107956598,8.21121188488588,14.0590555500003,8.20023583906755,14.1615457664677,8.17281907648606,14.2600819152789,8.13502090377854,14.3316880535023,8.05884661924891,14.3908602740207,7.96469951539358,14.4243268548486,7.86381847587899,14.4590929093851,7.76939735711347
148.5,13.7445939653001,8.21265807681618,13.8518255895814,8.21114576855814,13.9546517884285,8.21171764041421,14.0570080735002,8.20127431741726,14.1603771464835,8.17481844605225,14.2593866596363,8.13767946828334,14.330774575009,8.06135766100791,14.3904991498542,7.96692057931858,14.4236539245926,7.86665844300587,14.4583282574827,7.77170422770497
148.666666666667,13.7422536559002,8.21210625765311,13.8495917918387,8.21120759502945,13.9520977253785,8.21219195805617,14.0549731685664,8.20226794134493,14.1591992275386,8.17674181115829,14.2586759949832,8.1402679835825,14.3298672388081,8.06384279444807,14.3901607860348,7.96914697040781,14.4230276383156,7.86950684603831,14.4575772406762,7.77402014057069
148.833333333333,13.739925685716,8.21156001209521,13.8473693993569,8.21126529698149,13.9495528622086,8.2126315607022,14.0529520206641,8.20321298387779,14.1580058973497,8.17857804358384,14.2579441764289,8.14277786653668,14.3289730748343,8.06630441736361,14.3898487751459,7.97138701496426,14.4224536938473,7.872358003548,14.4568341860534,7.77634069813675
149,13.7376081199874,8.21102791437389,13.8451561845918,8.21131803921674,13.947021454618,8.21303317124275,14.0509458152586,8.20410571804304,14.1567910436334,8.18031601510854,14.2571854590826,8.14520053400653,14.3280991130222,8.06874492754873,14.3895667097712,7.9736490392909,14.4219377890169,7.87520623410661,14.4560934207022,7.77866150282922
149.166666666667,13.7352990239538,8.21051853872055,13.8429499199991,8.21136498653771,13.9445077583057,8.21339351256827,14.0489557378148,8.2049424168679,14.1555485541063,8.18194459751206,14.2563940980536,8.1475274028527,14.3272523833062,8.07116672279766,14.3893181824941,7.97594136969072,14.421485621654,7.8780458562858,14.4553492717104,7.78097815707419
149.333333333333,13.7329964628551,8.21004045936659,13.8407483780347,8.21140530374686,13.9420160289706,8.21370930756919,14.0469829737981,8.20571935337959,14.1542723164849,8.18345266257405,14.2555643484513,8.14974988993585,14.3264399156211,8.0735722009046,14.3891067858983,7.97827233246669,14.4211028895881,7.88087118865725,14.4545960661659,7.78328626329777
149.5,13.7306985019309,8.20960225054343,13.8385493311542,8.21143815564668,13.9395505223118,8.21397727913595,14.0450287086735,8.20643280060532,14.152956218486,8.18482908207415,14.2546904653847,8.15185941211664,14.3256687399015,8.07596375966376,14.3889361125672,7.9806502539218,14.4207952906484,7.88367654979263,14.4538281311565,7.78558142392604
149.666666666667,13.7284032064208,8.20921248648247,13.8363505518136,8.21146270703967,13.9371154940283,8.21419415015901,14.0430941279061,8.2070790315723,14.1515941478262,8.18606272779202,14.2537667039634,8.15384738625572,14.3249458860818,8.07834379686935,14.3888097550844,7.98308346035902,14.4205685226646,7.88645625826362,14.4530397937701,7.7878592413851
149.833333333333,13.7261086415645,8.2088797414151,13.8341498124684,8.2114781227283,13.9347151998191,8.2143566435288,14.0411804169613,8.20765431930776,14.1501799922219,8.18714247150731,14.2527873192964,8.15570522921373,14.3242783840968,8.08071471031558,14.3887313060335,7.98558027808134,14.4204282834661,7.88920463264189,14.4522253810945,7.79011531810103
150,13.7238128726016,8.20861258957274,13.8319448855746,8.21148356751505,13.9323538953833,8.21446148213577,14.039288761304,8.20815493683889,14.14870763939,8.18805718499968,14.2517465664931,8.15742435785135,14.3236732638811,8.08307889779667,14.3887043579979,7.98814903339174,14.4203802708822,7.89191599149911,14.4513792202177,7.79234525649994
150.166666666667,13.7215183079265,8.20838008272202,13.829748436213,8.2114837353426,13.9300162504219,8.2145350030686,14.0374320726959,8.20861552172189,14.147176597041,8.18886696657868,14.2506250246251,8.15903527382423,14.3231236377186,8.08541941118354,14.388750021319,7.99078498036292,14.4204187838339,7.89458243471908,14.4504748300465,7.79452487333988
150.333333333333,13.719229076578,8.20814649401003,13.8275730575202,8.21148387876108,13.9276849085232,8.21460566263175,14.035618903941,8.20907180363999,14.1455926362354,8.18964017096758,14.2494106986604,8.16057725036131,14.3226146347912,8.08772032370002,14.388880712893,7.99347504982782,14.4205312495946,7.89720452076492,14.4494980717565,7.79664032421238
150.5,13.7169458247628,8.20791322973887,13.8254164140355,8.21148400048424,13.9253610862172,8.21467336253931,14.0338439020678,8.20952169381093,14.1439590397144,8.19037805456659,14.2481089825531,8.16205486168308,14.3221413103803,8.08998556516971,14.3890869851363,7.99621508322977,14.420713058523,7.89978925607728,14.4484617858385,7.79870271979372
150.666666666667,13.7146691986874,8.20768169621063,13.8232761702983,8.21148410322581,13.9230460000338,8.21473800450539,14.0321017141046,8.20996310345243,14.1422790902193,8.19108187377593,14.246725270257,8.16347268201007,14.3216987197674,8.09221906541616,14.3893593904653,7.9990009220121,14.4209596009774,7.90234364709682,14.4473788127831,7.80072317076016
150.833333333333,13.7123998445586,8.20745329972743,13.8211499908481,8.21148418969952,13.920740866503,8.21479949024409,14.03038698708,8.21039394378226,14.1405560704912,8.19175288499582,14.2452649557261,8.16483528556279,14.3212819182338,8.09442475426298,14.3896884812963,8.00182840761814,14.4212662673166,7.90487470026419,14.446261993081,7.80271278778798
151,13.710138408583,8.20722944659136,13.819035540224,8.21148426261911,13.9184469021548,8.2148577214695,14.0286943680225,8.21081212601814,14.1387932632714,8.19239234462647,14.2437334329144,8.16614724656175,14.3208859610609,8.09660656153373,14.3900648100456,8.00469338149122,14.4216284478991,7.90738942202004,14.4451241672229,7.80468268155344
151.166666666667,13.7078855369673,8.20701154310453,13.8169304829655,8.21148432469831,13.9161653235191,8.21491259989573,14.0270185039605,8.21121556137781,14.1369939513012,8.19300150906812,14.2421360957759,8.16741313922747,14.3205059035301,8.098768417052,14.3904789291295,8.00759168507468,14.4220415330833,7.90989481880503,14.4439781756995,7.80664396273281
151.333333333333,13.7056418759181,8.20680099556903,13.8148324836119,8.21148437865085,13.913897347126,8.21496402723688,14.0253540419225,8.21160216107903,14.1351614173216,8.19358163472097,14.2404783382644,8.16863753778046,14.3201368009228,8.10091425064136,14.3909213909645,8.01051915981185,14.4225009132279,7.91239789705981,14.4428368590015,7.80860774200237
151.5,13.7034080716421,8.20659921028696,13.8127392067026,8.21148442719047,13.9116441895053,8.21501190520704,14.0236956289371,8.21196983633953,14.1332989440739,8.19413397798524,14.238765554334,8.16982501644122,14.3197737085204,8.1030479921254,14.3913827479667,8.01347164714605,14.4230019786915,7.91490566322503,14.4417130576194,7.81058513003838
151.666666666667,13.7011847703459,8.20640759356043,13.8106483167769,8.2114844730309,13.909407067187,8.21505613552032,14.0220379120326,8.21231649837705,14.1314098142995,8.19465979526116,14.2370031379385,8.17098014943029,14.3194116816042,8.1051735713277,14.3918535525527,8.01644498852063,14.4235401198325,7.91742512374135,14.4406196120441,7.81258723751712
151.833333333333,13.6989726182363,8.20622755169153,13.8085574783742,8.21148451888588,13.9071871967011,8.21509661989081,14.0203755382376,8.21264005840934,14.1294973107393,8.19516034294894,14.235196483032,8.17210751096816,14.3190457754558,8.10729491807182,14.3923243571386,8.0194350253789,14.4241107270095,7.91996328504942,14.4395693627663,7.81462517511485
152,13.6967722615197,8.20606049098237,13.8064643560339,8.21148456746913,13.9049857945775,8.21513326003261,14.0187031545806,8.21293842765413,14.1275647161348,8.19563687744879,14.2333509835684,8.17321167527535,14.3186710453564,8.10941596218137,14.3927857141409,8.02243759916421,14.4247091905811,7.92252715358989,14.4385751502765,7.81671005350785
152.166666666667,13.6945843464029,8.20590781773505,13.8043666142952,8.21148462149439,13.9028040773463,8.21516595765983,14.01701540809,8.21320951732917,14.1256153132271,8.19609065516095,14.2314720335017,8.17429721657238,14.3182825465875,8.1115406334799,14.3932281759758,8.02544855131988,14.4253309009058,7.92512373580342,14.4376498150655,7.81885298337239
152.333333333333,13.6924095190926,8.20577093825167,13.8022619176976,8.21148468367539,13.9006432615373,8.21519461448657,14.0153069457942,8.2134512386522,14.1236523847574,8.19652293248562,14.2295650267858,8.17536870907976,14.3178753344304,8.11367286179102,14.3936422950598,8.02846372328925,14.4259712483422,7.92776003813065,14.4368061976239,7.82106507538473
152.5,13.6902484257954,8.20565125883432,13.8001479307804,8.21148475672588,13.8985045636806,8.21521913222691,14.0135724147219,8.21366150284096,14.1216792134669,8.19693496582302,14.2276353573746,8.17643072701801,14.3174444641665,8.11581657693828,14.3940186238091,8.03147895651564,14.4266256232488,7.93044306701225,14.4360571384425,7.82335744022115
152.666666666667,13.6881017127179,8.20555018578512,13.7980223180829,8.21148484335957,13.896389200306,8.21523941259497,14.0118064619015,8.21383822111319,14.119699082097,8.19732801157338,14.2256884192222,8.17748784460763,14.3169849910774,8.11797570874528,14.3943477146401,8.03449009244239,14.4272894159841,7.93317982888887,14.435415478012,7.82574118855792
152.833333333333,13.6859700260668,8.20546912540616,13.7958827441446,8.21148494629021,13.8942983879437,8.21525535730485,14.0100037343614,8.21397930468664,14.1177152733886,8.19770332613691,14.2237296062824,8.17854463606914,14.3164919704442,8.1201541870356,14.3946201199691,8.03749297251284,14.4279580169068,7.93597733020116,14.434894056823,7.8282274310713
153,13.6838540120488,8.20540948399953,13.7937268735046,8.21148506823153,13.8922333431234,8.21526686807063,14.0081588791301,8.21408266477904,14.1157310700832,8.19806216591383,14.2217643125092,8.17960567562305,14.3159604575485,8.1223559416328,14.3948263922124,8.0404834381703,14.4286268163754,7.93884257738976,14.4345057153662,7.83082727843758
153.166666666667,13.6817543168706,8.20537266786735,13.7915523707025,8.21148521189725,13.8901952823753,8.21527384660643,14.0062665432362,8.21414621260814,14.113749754922,8.19840578730436,14.2197979318567,8.18067553748988,14.3153855076716,8.12458490236048,14.3949570837864,8.04345733085812,14.4292912047484,7.94178257689535,14.4342632941322,7.83355184133301
153.333333333333,13.6796715867386,8.20536008331171,13.7893569002776,8.21148538000113,13.8881854222292,8.21527619462634,14.004321373708,8.21416785939167,14.111774610646,8.19873544670872,14.2178358582787,8.18175879589014,14.3147621760949,8.12684499904221,14.3950027471075,8.04641049201962,14.4299465723844,7.94480433515857,14.4341796336119,7.83641223043387
153.5,13.6776068651016,8.20549926077531,13.787128846179,8.2115609639985,13.8862163113097,8.21525807384369,14.0023300270213,8.21413975359112,14.1098067887373,8.19906062912141,14.2158409293947,8.18288735238262,14.314081822766,8.12918606059519,14.3949992833378,8.04935087734304,14.4306791274587,7.94790722639824,14.4344219166042,7.83945010713005
153.666666666667,13.675560045606,8.20590374921662,13.7848617626486,8.2117796769522,13.8842960104287,8.21520621091403,14.0003034446543,8.21405782076016,14.107843093112,8.19938858019449,14.2137763585639,8.18408118151191,14.3133399178814,8.13164281626127,14.3949889282062,8.05228973457988,14.4315644316031,7.95108407236582,14.4351192470887,7.84269268684225
153.833333333333,13.6735300497551,8.20655398271143,13.7825610696655,8.21213000398714,13.882419004397,8.2151243549648,13.9982427011398,8.2139256377548,14.105880285163,8.19971719731453,14.2116481033498,8.18532696697721,14.3125376820952,8.13419654635102,14.3949717359783,8.05522784326836,14.4325819053616,7.9543320508009,14.4362273473268,7.84612941129295
154,13.6715157990525,8.20743039533555,13.7802321872083,8.21260043022823,13.8805797780257,8.21501625512346,13.9961488710104,8.21374678143105,14.103915126283,8.20004437786808,14.2094621213159,8.18661139247773,14.3116763360617,8.13682853117501,14.39494776092,8.05816598294668,14.4337109692778,7.95764833944306,14.4377019395799,7.84974972220466
154.166666666667,13.6695162150017,8.20851342116476,13.7778805352559,8.21317944080039,13.8787728161255,8.21488566051744,13.9940230287989,8.21352482864493,14.1019443778648,8.20036801924171,14.2072243700256,8.18792114171267,14.3107571004352,8.13952005104379,14.3949170572973,8.06110493315307,14.4349310438956,7.96103011603188,14.4394987461092,7.85354306129986
154.333333333333,13.6675302191062,8.20978349427486,13.7755115337871,8.21385552082855,13.8769926035076,8.21473632027419,13.9918662490377,8.21326335625244,14.0999648013013,8.20068601882196,14.2049408070423,8.18924289838124,14.3097811958701,8.14225238626795,14.3948796793757,8.06404547342574,14.4362215497585,7.96447455830694,14.4415734891762,7.85749887030104
154.5,13.6655567328693,8.21122104874165,13.7731306027808,8.21461715543762,13.8752336249828,8.21457198352116,13.9896796062597,8.2129659411096,14.0979731579852,8.20099627399542,14.2026173899294,8.19056334618263,14.3087498430206,8.14500681715804,14.3948356814213,8.06698838330291,14.4375619074105,7.96797884400784,14.4438818910422,7.8616065909307
154.666666666667,13.6635946777947,8.2128065186409,13.7707431622157,8.21545282975251,13.873490365362,8.2143963993858,13.9874641749975,8.21263616007244,14.0959662093094,8.20129668214862,14.2002600762506,8.19186916881605,14.3076642625409,8.14776462402463,14.3947851176999,8.06993444232279,14.4389315373952,7.97154015087416,14.4463796739686,7.86585566491133
154.833333333333,13.6616429753858,8.21452033804842,13.7683546320707,8.21635102889816,13.8717573094562,8.21421331699554,13.9852210297838,8.21227758999694,14.0939407166665,8.20158514066814,14.1978748235692,8.19314704998071,14.3065256750854,8.15050708717829,14.3947280424772,8.0728844300236,14.4403098602564,7.97515565664548,14.4490225602167,7.87023553396541
155,13.659700547146,8.21634294104,13.7659704323246,8.21730023799947,13.8700289420763,8.21402648547784,13.9829512451511,8.21189380773914,14.0918934414495,8.20185954694054,14.1954675894486,8.19438367337581,14.3053353013084,8.15321548692958,14.3946645100191,8.07583912594355,14.4416762965378,7.97882253906139,14.4517662720479,7.87473563981545
155.166666666667,13.6577663145788,8.21825476169144,13.7635959829562,8.21828894218136,13.8682997480332,8.21383965396014,13.9806558956323,8.21148839015505,14.0898211450511,8.20211779835236,14.1930443314523,8.19556572270055,14.3040943618642,8.15587110358907,14.3945945745915,8.07879930962087,14.4430102667832,7.98253797586147,14.4545665317236,7.87934542418393
155.333333333333,13.6558391991877,8.22023623407851,13.7612367039443,8.21930562656875,13.8665642121379,8.21365657156989,13.9783360557599,8.21106491410067,14.087720588864,8.20235779229018,14.1906110071438,8.19667988165413,14.302804077407,8.15845521746734,14.3945182904601,8.08176576059377,14.4442911915363,7.9862991447853,14.4573790615051,7.88405432879335
155.5,13.6539181224763,8.22226779227703,13.7588980152678,8.22033877628656,13.8648168192012,8.21348098743452,13.9759928000665,8.21062695643202,14.0855885342812,8.20257742614055,14.1881735740865,8.19771283393577,14.3014656685911,8.16094910887493,14.3944357118908,8.08473925840046,14.4454984913409,7.99010322357247,14.4601595836538,7.88885179536619
155.666666666667,13.6520020059478,8.22432987036278,13.7565853369054,8.22137687645971,13.8630520540342,8.2133166506815,13.973627203085,8.21017809400512,14.0834217426953,8.20277459729003,14.1857379898439,8.19865126324466,14.3000803560708,8.16333405812243,14.3943468931495,8.08772058257916,14.4466115867408,7.99394738996257,14.4628638204311,7.89372726562496
155.833333333333,13.650089771106,8.22640290241155,13.754304088836,8.22240841221312,13.8612644014478,8.21316731043825,13.9712403393479,8.20972190367598,14.0812169754993,8.20294720312518,14.1833102119795,8.19948185328001,14.2986493605005,8.1655913455204,14.3942518885019,8.09071051266808,14.4476098982796,7.99782882169518,14.4654474940982,7.89867018129213
156,13.6481803394541,8.22846732249914,13.7520596910384,8.2234218686717,13.8594483462528,8.21303671583223,13.968833283388,8.20926196230061,14.0789709940858,8.20309314103257,14.1808961980566,8.20019128774102,14.2971739025343,8.1677022513794,14.3941507522139,8.09370982820545,14.4484728465011,8.00174469650989,14.4678663269167,7.9036699840902
156.166666666667,13.6462726324958,8.23050356470134,13.7498575634914,8.22440573096037,13.8575983732603,8.21292861599089,13.9664071097377,8.20880184673502,14.0766805598476,8.20321030839875,14.1785019056388,8.2007662503269,14.2956552028267,8.16964805601,14.3940435385512,8.09671930872947,14.4491798519491,8.00569219214627,14.4700760411477,7.90871611574167
156.333333333333,13.6443655717344,8.23249206309395,13.7477031261739,8.22534848420406,13.855708967281,8.21284676004166,13.96396289293,8.20834513383523,14.0743424341776,8.20329660261028,14.1761332922894,8.20119342473684,14.2940944820318,8.17141003972277,14.3939303017799,8.09973973377837,14.4497103351673,8.00966848634392,14.4720323590528,7.91379801796902
156.5,13.6424580786735,8.23441325175275,13.7456017990646,8.22623861352767,13.8537746131261,8.212794897112,13.9615017074973,8.20789540045725,14.0719533784686,8.20334992105372,14.1737963155721,8.20145949467006,14.292492960804,8.17296948282828,14.3938110961656,8.10277188289036,14.4500437166995,8.01367075684241,14.4736910028932,7.91890513249476
156.666666666667,13.6405490748164,8.23624756475354,13.7435590021423,8.22706460405613,13.8517897956064,8.21277677632935,13.9590246279724,8.20745622345709,14.0695101541134,8.20336816111563,14.1714969330501,8.20155114382575,14.2908518597975,8.17430766563709,14.3936859759742,8.10581653560366,14.4501594170894,8.01769618138134,14.4750076949304,7.92402690104136
156.833333333333,13.6386498030739,8.23804427484613,13.7415892454923,8.22783877460897,13.8497773179783,8.21278383153255,13.9565346938688,8.20699202825023,14.067018029653,8.20328096948947,14.1692599103742,8.20154498612938,14.2891256396318,8.1755291243812,14.3933775619803,8.10895698536358,14.4501170758799,8.02180272711208,14.4761417928157,7.92926511536187
157,13.6367704037987,8.23986655286306,13.7396968841679,8.22858459100534,13.8477612850033,8.21280475911284,13.9540325254075,8.20646962968287,14.0644834892635,8.20302776108273,14.1670976789615,8.20152667468572,14.2872706617109,8.17674664352709,14.3927232241657,8.11225810781914,14.4499921078383,8.026040516226,14.4772778396009,7.93471594556901
157.166666666667,13.6349081446577,8.24171568000424,13.7378721056006,8.2293072588696,13.8457381337496,8.2128392020262,13.9515155681819,8.20589618875717,14.0619051177894,8.202621085603,14.1649976950251,8.20149645196296,14.2852909978666,8.17795387573697,14.3917451406075,8.11569305581414,14.4497875963449,8.03039495902269,14.4784093356477,7.94036040092479
157.333333333333,13.633060293318,8.24359293746958,13.7361050972217,8.23001198382609,13.8437043012855,8.21288680322863,13.9489812677856,8.20527886647528,14.0592815000757,8.20207349275788,14.1629474147781,8.20145456042927,14.2831907199305,8.17914447367306,14.3904654893824,8.11923498219237,14.4495066247803,8.03485146580172,14.4795297813179,7.94617949069123
157.5,13.6312241174465,8.24549960645899,13.7343860464625,8.23070397149917,13.8416562246794,8.21294720567612,13.9464270698121,8.20462482383935,14.0566112209669,8.20139753225497,14.1609342944335,8.20140124255284,14.2809738997343,8.1803120899976,14.3889064485674,8.1228570397976,14.4491522765248,8.03939544686266,14.4806326769733,7.95215422413032
157.666666666667,13.62939688471,8.24743696817238,13.7327051407545,8.23138842751318,13.8395903409996,8.21302005232467,13.943850419855,8.20394122185154,14.0538928653079,8.20060575380186,14.1589457902047,8.20133674080184,14.2786446091096,8.18145037737281,14.3870901962393,8.12653238147362,14.4487276349588,8.04401231250511,14.4817115229754,7.95826561050407
157.833333333333,13.6275758627757,8.24940630380965,13.731052567529,8.23207055749248,13.8375030873143,8.21310498613027,13.9412487635078,8.20323522151398,14.0511250179434,8.19971070710614,14.1569693583045,8.20126129764446,14.276206919888,8.18255298846091,14.3850389104751,8.13023416006423,14.4482357834627,8.04868747302864,14.4827598196862,7.9644946590745
158,13.6257583193104,8.25140889457073,13.7294185142173,8.23275556706142,13.8353909006919,8.21320165004891,13.938619546364,8.20251398382884,14.0483062637182,8.19872494187543,14.1549924549461,8.20117515554888,14.2736649039012,8.18361357592414,14.3827747693516,8.1339355284132,14.4476798054169,8.05340633873282,14.4837710674673,7.97082237910361
158.166666666667,13.623941521981,8.25344602165551,13.727793168251,8.23344866184434,13.8332502182006,8.21330968703659,13.9359602140173,8.20178466979826,14.045435187477,8.1976610078173,14.1530025363427,8.20107855698328,14.2710226329808,8.18462579242471,14.3803199509458,8.13760963936433,14.4470627842018,8.05815431991724,14.4847387666804,7.97722977985341
158.333333333333,13.6221227384546,8.2555189662639,13.7261667170612,8.2341550474656,13.8310774769088,8.21342874004931,13.9332682120611,8.2010544404244,14.0425103740645,8.19653145463936,14.1509870587073,8.20097174441583,14.2682841789585,8.18558329062486,14.3776966333344,8.14122964576139,14.4463878031977,8.06291682688148,14.4856564176874,7.9836978705859
158.5,13.620299236398,8.25762900959582,13.7245293480795,8.23487992954954,13.8288691138848,8.21355845204305,13.9305409860889,8.2003304567094,14.0395304083255,8.1953488320492,14.1489334782531,8.20085496031473,14.2654536136659,8.18647972318682,14.3749269945944,8.14476870044818,14.4456579457852,8.06767926992511,14.4865175208498,7.99020766056311
158.666666666667,13.6184682834783,8.25977743285118,13.7228712487371,8.23562851372052,13.8266215661969,8.21369846597382,13.9277759816944,8.19961987965542,14.0364938751047,8.19412568975442,14.1468292511931,8.20072844714814,14.2625350089346,8.1873087427728,14.3720332128028,8.14819995626849,14.4448762953445,8.07242705934771,14.4873155765296,7.99674015904703
158.833333333333,13.6166271473624,8.26196551722987,13.7211826064655,8.23640600560289,13.8243312709134,8.21384842479759,13.924970644471,8.19892987026461,14.0333993592469,8.19287457746263,14.1446618337404,8.20059244738426,14.2595324365964,8.18806400204503,14.3690374660363,8.15149656606609,14.4440459352562,8.07714560544886,14.4880440850883,8.00327637529967
159,13.6147730957171,8.26419454393182,13.719453608696,8.237217610821,13.8219946651026,8.21400797147038,13.9221224200124,8.19826758953911,14.0302454455969,8.1916080448814,14.1424186821083,8.20044720349126,14.2564499684828,8.18873915366574,14.3659619323718,8.15463168268478,14.4431699489005,8.08182031852815,14.4886965468879,8.00979731858304
159.166666666667,13.6129033962096,8.26646579415693,13.7176744428599,8.23806853499919,13.8196081858328,8.21417674894818,13.919228753912,8.19764019848108,14.0270307189993,8.19033864171834,14.1400872525096,8.20029295793733,14.2532916764255,8.18932785029716,14.3628287898864,8.15757845896834,14.442251419658,8.08643660888515,14.4892664622899,8.01628399815915
159.333333333333,13.6110153165067,8.26878054910511,13.7158352963888,8.23896398376182,13.8171682701723,8.21435440018697,13.9162870917633,8.19705485809266,14.023753764299,8.18907891768105,14.1376550011577,8.20012995319063,14.2500616322562,8.18982374460151,14.3596602166567,8.16031004776055,14.4412934309089,8.09097988681943,14.4897473316561,8.02271742329002
159.5,13.6091061242754,8.27114008997627,13.7139263567138,8.23990916273324,13.8146713551894,8.21454056814275,13.91329487916,8.19651872937602,14.0204131663406,8.18784142247712,14.1351093842655,8.19995843171936,14.2467639078064,8.19022048924101,14.3564783907598,8.16279960190521,14.4402990660337,8.09543556263058,14.4901326553483,8.02907860323764
159.666666666667,13.6071730871826,8.27354569797032,13.7119378112664,8.24090927753779,13.8121138779525,8.21473489577152,13.9102495616956,8.1960389733333,14.017007509969,8.18663870581415,14.1324378580462,8.1997786359917,14.2434025749079,8.19051173687791,14.3533054902726,8.1650202742461,14.4392714084128,8.09978904661818,14.4904159337281,8.03534854726402
159.833333333333,13.6052134728952,8.27599865428717,13.709859847478,8.24196953379984,13.8094922755297,8.21493702602928,13.9071485849635,8.19562275096665,14.0135353800288,8.18548331739974,14.1296278787129,8.19959080847582,14.2399817053922,8.19069114017441,14.3501636932718,8.16694521762701,14.4382135414265,8.10402574908181,14.4905906671575,8.04150826463117
160,13.6032245490804,8.27850024012672,13.7076826527799,8.24309513714372,13.8068029849895,8.215146601872,13.9039893945575,8.19527722327821,14.0099953613648,8.18438780694147,14.1266669024787,8.19939519163991,14.236505371091,8.19075235179275,14.3470751778344,8.16854758489172,14.4371285484554,8.10813108032104,14.490650355998,8.04753876460111
160.166666666667,13.6011489817721,8.28108754731277,13.7053521379006,8.24434678322691,13.8040018116025,8.21545035258631,13.9007403359821,8.19497362944837,14.0063188365779,8.18329233695721,14.1234597548279,8.19909773963424,14.2328532129098,8.19066438407618,14.3438910424788,8.16997462818185,14.43582087399,8.11226412833327,14.4905601917545,8.05360903028362
160.333333333333,13.5989445340306,8.28379045115113,13.702834355476,8.24577228613712,13.8010554384904,8.2159251045313,13.897377725987,8.19467862264807,14.0024501477549,8.18213437801063,14.1199369407406,8.19861298075684,14.2289186312034,8.19040800724072,14.3404604077181,8.1713872609998,14.4341120827683,8.11656889087955,14.4902954846406,8.05987527873473
160.5,13.596631119062,8.2865994080647,13.7001497057993,8.24735752914406,13.7979766194987,8.21655564627173,13.8939109670327,8.19439248486538,13.9984073189693,8.18092244187807,14.1161244356737,8.19795401869748,14.2247263369778,8.18999451075778,14.3368024846213,8.1727791282305,14.4320309385413,8.1210081429049,14.4898649130808,8.06629937013582
160.666666666667,13.5942286500724,8.28950487447639,13.6973185891632,8.24908839551745,13.7947781084726,8.21732676637236,13.8903494615801,8.19411549808834,13.9942083742948,8.17966504033586,14.1120482150839,8.19713395714595,14.2203010412387,8.18943518409877,14.3329364842575,8.17414387475889,14.4296062050603,8.12554465935433,14.4892771555,8.07284316466827
160.833333333333,13.5917570402676,8.29249730680913,13.6943614058608,8.25095076852701,13.7914726592575,8.21822325339793,13.8867026120897,8.193847944305,13.9898713378051,8.17837068516034,14.1077342544283,8.19616589979204,14.2156674549921,8.18874131673506,14.3288816176955,8.17547514546992,14.4268666460764,8.13014121517289,14.4885408903227,8.07946852251346
161,13.5892362028538,8.29556716148582,13.6912985561851,8.25293053144245,13.7880730256988,8.2192298959132,13.8829798210222,8.19359010550342,13.9854142335737,8.17704788812785,14.1032085291635,8.19506295032553,14.2108502892438,8.18792419813807,14.3246570960045,8.17676658524852,14.4238410253406,8.1347605853056,14.4876647959738,8.08613730385278
161.166666666667,13.5866860510369,8.29870489492937,13.688150440429,8.2550135675335,13.7845919616416,8.22033148248292,13.8791904908384,8.19334226367164,13.9808550856744,8.17570516101472,14.0984970147464,8.19383821243621,14.2058742549997,8.18699511777919,14.3202821302535,8.17801183897963,14.4205581066043,8.13936554469749,14.4866575508778,8.09281136886758
161.333333333333,13.584126498023,8.3019009635627,13.6849374588853,8.25718576006987,13.7810422209314,8.22151280167184,13.8753440239988,8.19310470079771,13.9762119181807,8.17435101559729,14.0936256866339,8.19250478981385,14.2007640632655,8.18596536512981,14.3157759315114,8.1792045515482,14.4170466536185,8.14391886829357,14.4855278334595,8.09945257773927
161.5,13.5815774570182,8.30514582380872,13.6816800118472,8.25943299232128,13.7774365574135,8.22275864204471,13.8714498229642,8.19287769886968,13.9715027551662,8.1729939636519,14.0886205202828,8.19107578614824,14.1955444250473,8.18484622966134,14.3111577108473,8.18033836783916,14.4133354301344,8.14838333103888,14.4842843221435,8.10602279064921
161.666666666667,13.5790588412285,8.30842993209035,13.6783984996076,8.26174114755744,13.7737877249332,8.2240537921663,13.8675172901952,8.19266153987561,13.9667456207047,8.17164251695488,14.0835074911499,8.18956430512918,14.1902400513507,8.18364900084518,14.3064466793303,8.18140693273745,14.4094531999031,8.15272170787845,14.4829356953545,8.11248386777879
161.833333333333,13.5765905638598,8.3117437448305,13.6751133224593,8.26409610904807,13.7701084773359,8.22538304060134,13.8635558281525,8.19245650580354,13.9619585388697,8.17030518728257,14.0783125746921,8.18798345044644,14.1848756531818,8.18238496815273,14.3016620480292,8.18240389112801,14.4054287266758,8.1568967737573,14.4814906315173,8.11879766930938
162,13.5741925381182,8.31507771845208,13.6718448806954,8.2664837600629,13.7664115684667,8.2267311759146,13.8595748392968,8.19226287864153,13.9571595337349,8.16899048641131,14.0730617463662,8.1863463257898,14.1794759415463,8.18106542105537,14.2968230280132,8.18332288789579,14.4012907742036,8.16087130362046,14.4799578090565,8.12492605542236
162.166666666667,13.5718846772098,8.31842230937801,13.6686135746088,8.26888998387162,13.7627097521711,8.22808298667082,13.8555837260887,8.19208094037763,13.9523666293738,8.16770692611742,14.0677809816291,8.18466603484906,14.1740656274501,8.17970164902452,14.2919488303512,8.18415756792572,14.3970681062377,8.16460807241296,14.4783459063968,8.13083088629911
162.333333333333,13.5696868943405,8.32176797403119,13.6654398044924,8.27130066374398,13.7590157822945,8.22942326143476,13.851591890989,8.19191097299988,13.9475978498602,8.16646301817726,14.0624962559376,8.182955681314,14.1686694218991,8.17830494153157,14.2870586661123,8.18490157610274,14.3927894865293,8.16806985507982,14.4766636019629,8.13647402212102
162.5,13.5676191027165,8.32510516883455,13.6623439706393,8.27370168294967,13.755342412682,8.23073678877117,13.8476087364583,8.19175325849634,13.9428712192677,8.16526727436715,14.0572335447485,8.1812283688744,14.1633120358991,8.17688658804791,14.2821717463654,8.1855485573118,14.3884836788294,8.17121942656607,14.4749195741795,8.14181732306945
162.666666666667,13.5657012155436,8.32842435021099,13.6593464733424,8.27607892475842,13.7517023971791,8.23200835724481,13.8436436649572,8.19160807885505,13.9382047616698,8.16412820646343,14.0520188235187,8.17949720122005,14.158018180456,8.17545787804495,14.2773072821796,8.18609215643783,14.3841794468893,8.17401956181673,14.4731225014712,8.14682264932579
162.833333333333,13.5639531460281,8.33171597458342,13.6564677128945,8.27841827243995,13.748108489631,8.23322275542042,13.8397060789465,8.19147571606407,13.9336165011403,8.16305432624245,14.0468780677051,8.17777528204073,14.1528125665757,8.17403010099408,14.272484484624,8.18652601836577,14.3799055544601,8.17643303577684,14.4712810622628,8.15145186107142
163,13.5623948073758,8.33497049837477,13.6537280895888,8.28070560926397,13.7445734438831,8.23436477186275,13.8358053808869,8.19135645211145,13.9291244617527,8.16205414548052,14.0418372527644,8.17607571502622,14.1477199052639,8.1726145463667,14.2677225647674,8.18684378798056,14.3756907652929,8.17842262339142,14.469403934979,8.15566681848771
163.166666666667,13.5610461127928,8.33817837800794,13.651148003718,8.2829268185002,13.7411100137807,8.23541919513657,13.8319509732389,8.19125056898524,13.9247466675807,8.161136175954,14.0369223541535,8.17441160386631,14.1427649075266,8.17122250363422,14.2630407336789,8.18703911016715,14.371563843139,8.17995109960549,14.4674997980444,8.15942938175605
163.333333333333,13.5599269754851,8.34133006990585,13.6487478555753,8.28506778341836,13.7377309531692,8.23637081380662,13.8281522584633,8.19115834867348,13.9205011426979,8.16030892943922,14.0321593473292,8.17279605225079,14.1379722843696,8.16986526226802,14.2584582024276,8.18710562981047,14.3675535517493,8.18098123936409,14.4655773298837,8.16270141105781
163.5,13.5589546281075,8.34446334229094,13.6464715105154,8.28716115435697,13.7343768288353,8.23724347404968,13.8243738539892,8.19107357111753,13.9163410955935,8.15955220216054,14.0274440439936,8.17115094670557,14.1332477839765,8.16847808132959,14.2539010485533,8.1869672537128,14.3635449905124,8.18173716028755,14.4634368620059,8.16569060546246
163.666666666667,13.5580313648348,8.34761940045753,13.6442478873033,8.28924954897303,13.7309854185115,8.23807462183327,13.8205766060268,8.1909900510281,13.9122076829584,8.15883755594578,14.0226631922284,8.16939769086892,14.1284873131084,8.16699400092491,14.2492879493415,8.18656586922306,14.3594116328348,8.18246689024104,14.4608938245508,8.16862508333155
163.833333333333,13.5571546911537,8.35079385643634,13.6420749663477,8.29133380151396,13.7275652924617,8.23886944540827,13.816764260209,8.1909081225473,13.9081008511687,8.15816115097644,14.0178291720602,8.16754866409919,14.1237008206377,8.16542098209211,14.2446270154796,8.18592209204613,14.3551648034949,8.18316906953692,14.4579795438897,8.17149733378462
164,13.5563221125508,8.3539823222581,13.6399507280567,8.29341474622717,13.7241250209496,8.23963313302556,13.8129405621684,8.19082811981722,13.9040205466003,8.15751914743401,14.0129543635153,8.16561624575472,14.1188982554368,8.16376698586935,14.2399263576552,8.1850565378869,14.3508158272712,8.18384233848751,14.4547253463937,8.17429984594117
164.166666666667,13.5555311345127,8.35718040995353,13.637873152839,8.29549321736006,13.7206731742392,8.24037087293602,13.8091092575376,8.19075037697996,13.8999667156296,8.15690770550001,14.0080511466201,8.16361281519385,14.1140895663778,8.16203997329477,14.2351940865558,8.18398982245028,14.346376028942,8.18448533740515,14.4511625584341,8.17702510892072
164.333333333333,13.5547792625259,8.36038373155336,13.6358402211029,8.29757004916007,13.7172183225942,8.24108785339052,13.8052740919496,8.19067522817763,13.8959393046325,8.15632298535593,14.0031319014011,8.16155075177492,14.1092847023331,8.16024790540651,14.2304383128688,8.18274256144115,14.3418567332859,8.18509670660216,14.447322506382,8.17966561184279
164.5,13.5540640020771,8.36358789908831,13.6338499132568,8.2996460758746,13.7137690362785,8.24178926263995,13.8014388110368,8.19060300755232,13.8919382599851,8.15576114718326,13.9982090078847,8.15944243485628,14.1044936121751,8.1583987432427,14.2256671472818,8.1813353705644,14.3372692650813,8.18567508639089,14.4432365166086,8.18221384382691
164.666666666667,13.5533828586528,8.36678852458911,13.6319002097092,8.30172213175107,13.7103338855558,8.24248028893519,13.797607160432,8.19053404924613,13.8879635280635,8.15521835116352,13.9932948460973,8.15730024379627,14.099726244776,8.15650044784152,14.2208887004823,8.17978886552494,14.3326249491065,8.18621911708365,14.4389359154853,8.18466229399258
164.833333333333,13.5527333377396,8.36998122008647,13.6299890908685,8.3037990510369,13.7069214406901,8.2431661205271,13.793782885768,8.19046868740117,13.8840150552439,8.1546907574782,13.9884017960654,8.15513655795323,14.0949925490081,8.15456098024108,14.2161110831577,8.17812366202764,14.32793511014,8.18672743899279,14.4344520293831,8.18700345145933
165,13.5521129448242,8.37316159761114,13.6281145371431,8.30587766797949,13.7035402719451,8.24385194566658,13.7899697326773,8.19040725615954,13.8800927879023,8.1541745263088,13.9835422378155,8.1529637566855,14.0903024737438,8.15258830147954,14.2113424059955,8.1763603757774,14.3232110729603,8.18719869243064,14.4298161846733,8.18922980534668
165.166666666667,13.551519185393,8.37632526919382,13.6262745289415,8.30795881682626,13.7001989495847,8.2445429526045,13.7861714467928,8.19035008966333,13.8761966724149,8.15366581783682,13.9787285513738,8.15079421935143,14.0856659678554,8.15059037259503,14.2065907796833,8.17451962247911,14.3184641623457,8.18763151770953,14.425059707727,8.19133384477415
165.333333333333,13.5509495649327,8.37946784686525,13.624467046672,8.31004333182463,13.6969060438727,8.24524432959173,13.7823917737471,8.19029752205465,13.8723266551576,8.15316079224377,13.973973116767,8.14864032530936,14.0810929802152,8.14857515462572,14.2018643149086,8.17262201783767,14.3137057030748,8.18802455514179,14.4202139249156,8.19330805886125
165.5,13.5504015889299,8.38258494265615,13.6226900707431,8.31213204722201,13.693670125073,8.24596126487917,13.7786344591729,8.19024988747559,13.8684826825067,8.15265560971114,13.9692883140213,8.14651445391762,14.0765934596955,8.14655060860972,14.1971711223587,8.17068817755796,14.3089470199258,8.18837644503975,14.4153101626101,8.19514493672751
165.666666666667,13.5498727628712,8.38567216859724,13.6209415815632,8.31422579726582,13.6904997634493,8.24669894671768,13.7749032487029,8.19020752006826,13.8646647008382,8.15214643042043,13.9646865231632,8.14442898453457,14.0721773551686,8.14452469558521,14.1925193127213,8.16873871734489,14.3041994376774,8.18868582771575,14.4103797471818,8.19683696749243
165.833333333333,13.5493605922431,8.38872513671926,13.6192195595408,8.31632541620348,13.6874035292654,8.24746256335814,13.7712018879698,8.19017075397475,13.8608726565282,8.15162941455315,13.9601801242193,8.14239629651854,14.0678546155068,8.1425053765903,14.1879169966839,8.16679425290334,14.2994742811078,8.18895134348213,14.4054540050019,8.19837664027555
166,13.5488625825322,8.39173945905291,13.6175219850842,8.31843173828238,13.6843899927853,8.24825730305144,13.7675341226064,8.19013992333718,13.8571064959528,8.1511007222908,13.9557814972158,8.14042876922787,14.0636351895824,8.14050061266316,14.1833722849338,8.16487539993821,14.2947828749956,8.1891716326512,14.4005642624416,8.19975644419638
166.166666666667,13.5483762392252,8.39471074762894,13.6158468386019,8.32054559774996,13.6814677242727,8.24908835404845,13.7639036982452,8.19011536229763,13.8533661654882,8.15055651381487,13.9515030221792,8.13853878202092,14.0595290262678,8.13851836484191,14.1788932881587,8.16300277415437,14.2901365441191,8.18934533553531,14.395741845872,8.20096886837444
166.333333333333,13.5478990678085,8.39763461447806,13.6141921005024,8.32266782885363,13.6786452939915,8.24996090460006,13.7603143605191,8.19009740499821,13.8496516115103,8.14999294930686,13.947357079136,8.13673871425601,14.0555460744352,8.13656659416472,14.174488117046,8.16119699125674,14.2855466132568,8.18947109244678,14.3910180816645,8.20200640192924
166.5,13.5474285737689,8.400506671631,13.612555751194,8.3247992658408,13.6759312722055,8.25088014295713,13.7567698550607,8.19008638558102,13.8459627803953,8.14940618894829,13.9433560481125,8.1350409452915,14.051696282957,8.13465326166972,14.1701648822832,8.1594786669502,14.2810244071871,8.18954754369796,14.3864242961902,8.20286153398031
166.666666666667,13.5469622625929,8.40332253111848,13.6109357710851,8.32694074295889,13.6733342291785,8.25185125737055,13.7532739275027,8.19008263818815,13.8422996185193,8.14879239292063,13.9395123091353,8.13345785448572,14.0479896007055,8.13278632839505,14.1659316945578,8.15786841693965,14.2765812506885,8.18957332960116,14.3819918158203,8.20352675364716
166.833333333333,13.5465031906727,8.40610096269583,13.6093180711353,8.32910244119519,13.6708048509902,8.25288738321267,13.749767836605,8.19012007914514,13.8386427730932,8.14812474597303,13.935803533187,8.13194652514214,14.0444186480457,8.13092867914493,14.1617679252752,8.15632064104915,14.2721779054633,8.18944209008389,14.3775941054882,8.20408696870664
167,13.5460558971658,8.40886262493498,13.6076931868038,8.33129143204937,13.6682914574296,8.25399463728014,13.7462003471678,8.19022960897949,13.8349766889765,8.14738654693925,13.9321944184545,8.1304565768095,14.0409627790443,8.12904151320318,14.1576468052812,8.15477462774057,14.2677697844686,8.18906024419954,14.3730937595546,8.20463117705711
167.166666666667,13.5456201117064,8.4116059630915,13.6060660352484,8.33350388553735,13.6657990693242,8.25516767996031,13.7425864638839,8.19040703813625,13.8313070090187,8.14658912712775,13.9286778857706,8.12898919321407,14.0376120431267,8.12713026332735,14.1535672344239,8.15322832567553,14.2633601893648,8.18844560094928,14.3685057985315,8.20515800300043
167.333333333333,13.545195563929,8.41432942242101,13.604441533627,8.33573597167507,13.6633327075014,8.2564011716405,13.7389411914463,8.1906481770605,13.8276393760689,8.14574381784702,13.925246855968,8.12754555808212,14.034356489718,8.12520036227501,14.1495281125512,8.1516796835156,14.2589524218123,8.18761596933432,14.363845242931,8.20566607083845
167.5,13.5447819834676,8.41703144817908,13.6028245990976,8.33798386047848,13.6608973927888,8.25768977270807,13.7352795345478,8.19094883619729,13.8239794329765,8.14486195040553,13.9218942498797,8.12612685513992,14.0311861682433,8.1232572428037,14.1455283395111,8.15012664992239,14.2545497834716,8.18658915835583,14.3591271132649,8.206154004873
167.666666666667,13.5443790999568,8.41971048562131,13.6012201488181,8.34024372196349,13.6584981460139,8.25902814355034,13.7316164978815,8.19130482599169,13.8203328225908,8.14395485611175,13.9186129883382,8.12473426811372,14.0280911281279,8.12130633767097,14.1415668151518,8.14856717355748,14.2501555760031,8.185382977015,14.3543664300454,8.20662042940593
167.833333333333,13.5439866430306,8.4223649800033,13.5996330999465,8.34251172614606,13.6561399880042,8.26041094455466,13.7279670861401,8.19171195688875,13.816705187761,8.14303386627416,13.9153959921765,8.12336898072979,14.0250614187968,8.11935307963439,14.1376424393212,8.14699920308249,14.2457731010672,8.18401523431302,14.3495782137844,8.20706396873908
168,13.5436043423236,8.42499337658064,13.5980683696406,8.34478404304211,13.6538279395873,8.26183283610837,13.7243463040167,8.19216603933354,13.8131021713364,8.14211031220123,13.9122361822273,8.12203217671441,14.0220870896753,8.11740290145151,14.1337541118674,8.14542068715899,14.2414056603243,8.18250373925108,14.344777484994,8.20748324717431
168.166666666667,13.5432319274699,8.42759412060893,13.5965308750583,8.34705684266758,13.6515670215906,8.26328847859881,13.7207691562041,8.19266288377113,13.8095294161664,8.14119552520144,13.9091264793234,8.12072503979384,14.0191581901886,8.11546123587988,14.1299007326383,8.14382957444858,14.2370565554348,8.18086630083036,14.3399792641862,8.20787688901345
168.333333333333,13.5428691281038,8.43016565734375,13.5950255333577,8.34932629503841,13.6493622548417,8.26477253241331,13.7172506473952,8.19319830064656,13.8059925651002,8.14030083658325,13.9060598042976,8.11944875369434,14.0162647697617,8.11353351567705,14.1260812014821,8.14222381361287,14.2327290880593,8.17912072805205,14.335198571873,8.20824351855834
168.5,13.5425156738596,8.4327064320407,13.5935572616965,8.35158857017054,13.647218660168,8.26627965793922,13.7138057822831,8.19376810040492,13.8024972609871,8.13943757765515,13.9030290779827,8.11820450214219,14.0133968778199,8.11162517360059,14.1222944182467,8.14060135331343,14.228426559858,8.17728482991733,14.3304504285664,8.20858176011085
168.666666666667,13.5421712943717,8.43521488995537,13.5921309772328,8.35383983807989,13.6451412583972,8.26780451556388,13.7104495655605,8.19436809349125,13.7990491466765,8.13861707972561,13.9000272212114,8.11699346886364,14.0105445637883,8.10974164240804,14.1185392827801,8.13896014221188,14.2241522724914,8.17537641542739,14.3257498547784,8.2088902379728
168.833333333333,13.5418357192743,8.43768947634336,13.5907515971244,8.35607626878241,13.6431350703566,8.26934176567461,13.7071970019204,8.19499409035063,13.7956538650175,8.13785067410311,13.8970471548165,8.11581683758497,14.0076978770922,8.10788835485696,14.1148146949304,8.1372981289698,14.21990952762,8.17341329358343,14.3211118710211,8.20916757644604
169,13.5415086782017,8.44012863646027,13.5894240385293,8.35829403229403,13.6412051168739,8.27088606865877,13.7040630960558,8.19564190142811,13.7923170588594,8.13714969209611,13.8940817996309,8.11467579203244,14.0048468671566,8.10607074370491,14.1111195545456,8.13561326224878,14.2157016269041,8.17141327338662,14.3165514978064,8.20941239983243
169.166666666667,13.5411899007882,8.44253081556167,13.5881532186053,8.36048929863069,13.6393564187765,8.27243208490369,13.7010628526595,8.19630733716875,13.7890443710517,8.13652546501309,13.8911240764872,8.11357151593232,14.0019815834068,8.10429424170943,14.1074527614738,8.13390349071043,14.2115318720042,8.16939416383815,14.3120837556464,8.20962333243379
169.333333333333,13.5408791166682,8.44489445890318,13.5869440545105,8.36265823780831,13.637593996892,8.2739744747967,13.6982112764245,8.19698620801762,13.7858414444435,8.13598932416252,13.8881669062183,8.11250519301087,13.9990920752679,8.10256428162809,14.1038132155629,8.13216676301634,14.2074035645806,8.16737377393921,14.307723665053,8.20979899855199
169.5,13.5405760554758,8.44721801174038,13.5858014634027,8.36479701984285,13.6359228720479,8.27550789872516,13.6955233720436,8.19767432441978,13.7827139218842,8.13555260085289,13.885203209657,8.11147800699436,13.9961683921652,8.10088629621843,14.1001998166609,8.1304010278281,14.203320006294,8.16536991269098,14.3034862465384,8.20993802248885
169.666666666667,13.5402804468455,8.44949991932886,13.5847303624398,8.36690181475023,13.6343480650716,8.2770270170764,13.6930141442098,8.19836749682029,13.779667446223,8.13522662639266,13.8822259076361,8.11049114160906,13.9932005835236,8.09926571823802,14.096611464616,8.12860423380731,14.1992844988045,8.16340038909466,14.2993865206145,8.21003902854623
169.833333333333,13.5399920204115,8.45173862692421,13.5837356687798,8.36896879254639,13.6328745967908,8.27852649023775,13.6906985976161,8.19906153566422,13.7767076603092,8.1350227320903,13.8792279209883,8.10954578058123,13.9901786987685,8.0977079804444,14.0930470592762,8.12677432961556,14.1953003437727,8.16148301215143,14.2954395077933,8.21010064102598
170,13.539710505808,8.45393257978205,13.5828222995806,8.37099412324727,13.6315074880329,8.28000097859656,13.6885917369552,8.19975225139662,13.7738402069922,8.1349522492543,13.8762021705464,8.10864310763714,13.987092787325,8.09621851559514,14.0895055004893,8.12490926391444,14.1913708428591,8.15963559086247,14.2916602285869,8.21012148422992
170.166666666667,13.5394454778348,8.45607366943335,13.5819824749025,8.37299180132874,13.6302299354334,8.28147485448727,13.6866240940856,8.20049185813219,13.771012705711,8.13497639330514,13.8731231962642,8.10777058383283,13.9839107952801,8.09479608918675,14.0859298525895,8.12299649290713,14.1873852361708,8.15777423113193,14.2879650420603,8.20991800731497
170.333333333333,13.5392044823024,8.45815829043771,13.5812010855514,8.37497779276878,13.6290182317069,8.28297377249847,13.6847157245412,8.20132971787515,13.76817516689,8.13504689861019,13.8699792457763,8.10691519501494,13.9806192463763,8.09343190263514,14.0822760458642,8.12102773514251,14.1832515541057,8.15580975507928,14.2842673071116,8.20932818653548
170.5,13.5389842053613,8.46019164259362,13.5804720548031,8.37695122483644,13.6278670417989,8.28449431639875,13.6828659185282,8.20225736290487,13.7653368198561,8.13516087489829,13.8667838014365,8.1060774120956,13.9772360565225,8.09212004257691,14.0785622790923,8.11900733280075,14.1790012837596,8.15375204602868,14.2805775440017,8.2083829368395
170.666666666667,13.538781333162,8.46217892569959,13.5797893059338,8.3789112248008,13.6267710306551,8.28603306995668,13.6810739662529,8.2032663255007,13.7625068939362,8.13531543189826,13.8635503455987,8.10525770598699,13.9737791416275,8.09085459564865,14.0748067510524,8.11693962806202,14.1746659122287,8.15161098730427,14.2769062729917,8.20711317317508
170.833333333333,13.5385925518552,8.46412533955409,13.5791467622194,8.38085691993092,13.6257248632212,8.28758661694086,13.6793391579215,8.20434813794202,13.7596946184573,8.13550767933892,13.8602923606165,8.10445654760123,13.9702664176001,8.08962964848698,14.0710276605232,8.1148289631065,14.1702769266088,8.14939646223023,14.2732640143427,8.20554981049027
171,13.5384145475914,8.46603608395562,13.5785383469361,8.38278743749586,13.6247232044427,8.28915154111985,13.6776607837405,8.20549433250819,13.7569092227465,8.1357347269491,13.8570233288439,8.1036744078505,13.966715800349,8.08843928772849,14.0672432062833,8.11267968011436,14.165865813996,8.1471183541307,14.2696612883159,8.20372376373313
171.166666666667,13.5382440065211,8.46791635870268,13.5779579833598,8.3847019047647,13.6237607192655,8.29072442626224,13.6760381339159,8.20669644147857,13.7541599361305,8.13599368445762,13.8537567326347,8.10291175764693,13.9631452057831,8.08727760000978,14.0634715871115,8.11049612126578,14.1614640614863,8.14478654632985,14.2661086151722,8.20166594785171
171.333333333333,13.5380776147949,8.46977136359375,13.5773995947666,8.38659944900649,13.6228320726351,8.29230185613661,13.6744704986541,8.20794599713253,13.7514559879365,8.1362816615933,13.8505060543427,8.10216906790267,13.9595725498111,8.08613867196746,14.0597310017864,8.10828262874093,14.1571031561755,8.14241092215183,14.2626165151728,8.19940727779405
171.5,13.5379120585634,8.47160629842733,13.5768571044324,8.38847919749029,13.6219319294972,8.29388041451154,13.6729571681614,8.20923453174943,13.7488066074914,8.13659576808497,13.8472847763218,8.10144680952989,13.956015748342,8.08501659023813,14.0560396490867,8.10604354471998,14.1528145851598,8.14000136492081,14.2591955085788,8.19697866850821
171.666666666667,13.5377440239771,8.4734263630019,13.5763244356333,8.39034027748519,13.6210549547975,8.29545668515561,13.671497432644,8.21055357760863,13.7462210241221,8.13693311366146,13.8441063809257,8.10074545344073,13.9524927172843,8.08390544145839,14.0524157277912,8.1037832113831,14.1486298355351,8.13756775796094,14.2558561156511,8.19441103494224
171.833333333333,13.5375701971866,8.47523675711597,13.5757955116454,8.39218181626024,13.6201958134816,8.2970272518374,13.6700905823083,8.21189466698951,13.7437084671556,8.13729080805158,13.8409843505083,8.10006547054733,13.949021372547,8.08279931226485,14.0488774366783,8.10150597091047,14.1445803943973,8.13511998459638,14.252608856651,8.19173529204419
172,13.5373872643425,8.47704268056802,13.5752642557446,8.39400294108449,13.6193491704952,8.2985886983255,13.6687359073604,8.21324933217142,13.7412781659188,8.13766596098417,13.8379321674235,8.09940733176185,13.9456196300389,8.0816922892941,14.045442974527,8.09921616548226,14.1406977488426,8.13266792815128,14.2494642518394,8.18898235476212
172.166666666667,13.5371919115953,8.47884933315654,13.574724591207,8.39580277922704,13.6185096907839,8.30013760838848,13.6674326980067,8.21460910543373,13.7389393497388,8.13805568218805,13.8349633140249,8.09877150799645,13.9423054056687,8.08057845918274,14.0421305401158,8.09691813727865,14.1370133859667,8.13022147194981,14.2464328214776,8.18618313804406
172.333333333333,13.5369808250955,8.48066191468003,13.5741704413087,8.39758045795693,13.6176720392935,8.30167056579493,13.6661802444534,8.2159655190558,13.7367012479425,8.13845708139203,13.8320912726666,8.09815847016327,13.9390966153452,8.07945190856739,14.0389583322234,8.09461622847981,14.1335587928658,8.12779049931612,14.2435250858264,8.18336855683808
172.5,13.5367506909938,8.48248562493698,13.5735957293256,8.39933510454323,13.6168308809695,8.30318415431342,13.6649778369069,8.217310105317,13.7345730898568,8.13886726832495,13.8293295257023,8.09756868917447,13.9360111749773,8.07830672408465,14.0359445496285,8.09231478126591,14.1303654566358,8.12538489357438,14.2407515651471,8.18056952609222
172.666666666667,13.5364981954406,8.48432566372588,13.5729943785337,8.40106584625501,13.6159808807577,8.30467495771254,13.6638247655733,8.2186343964967,13.7325641048087,8.13928335271563,13.8266915554857,8.09700263594218,13.9330670004737,8.0771369923711,14.0331073911097,8.09001813781712,14.1274648643727,8.12301453804873,14.2381227797007,8.17781696075454
172.833333333333,13.5362200245866,8.48618723084522,13.5723603122091,8.40277181036133,13.6151167036036,8.30613955976086,13.662720320659,8.21992992487425,13.7306835221252,8.13970244429289,13.8241908443709,8.09646078137858,13.9302820077432,8.07593680006336,14.0304650554459,8.08773064031363,14.1248885031725,8.12068931606335,14.2356492497482,8.17514177577309
173,13.5359128645823,8.4880755260935,13.5716874536279,8.40445212413126,13.614233014453,8.30757454422697,13.6616637923702,8.22118822272902,13.7289405711333,8.14012165278556,13.8218408747115,8.09594359639579,13.9276741126946,8.07470023379804,14.0280357414156,8.0854566309356,14.1226678601312,8.11841911094238,14.2333414955509,8.17257488609592
173.166666666667,13.5355734015783,8.4899957492692,13.570969726066,8.40610591483386,13.6133244782516,8.30897649487945,13.6606544709132,8.22240082234037,13.7273444811598,8.14053808792246,13.8196551288614,8.09545155190599,13.9252612312368,8.07342138021172,14.0258376477975,8.0832004518632,14.1208344223447,8.11621380600998,14.2312100373696,8.17014720667107
173.333333333333,13.5351983217251,8.49195310017082,13.5702010527995,8.4077323097382,13.6123857599449,8.31034199548687,13.6596916464943,8.22355925598768,13.7259044815318,8.14094885943241,13.8176470891744,8.09498511882131,13.9230612792784,8.07209432594101,14.0238889733704,8.08096644527662,14.1194196769091,8.11408328459032,14.2292653954656,8.16788965244661
173.5,13.5347064304421,8.49394599054302,13.5693917145603,8.40931583430811,13.6114343062424,8.31165407177327,13.6587825610879,8.22465877825595,13.7245979216982,8.14136083265089,13.815794900059,8.09452664394223,13.9210451157474,8.0706497147763,14.0221488883332,8.07873213344948,14.1182915060884,8.11203553526756,14.2274864536105,8.16575808986568
173.666666666667,13.5340271493303,8.49596703097901,13.5685558454332,8.41084582769572,13.6104902554828,8.31290376283138,13.657931023691,8.22570580886557,13.7233893062971,8.14178412994443,13.8140597402209,8.09406041409025,13.9191623066607,8.06903941738111,14.0205539498564,8.07647458492715,14.1172877883107,8.11006477308072,14.2258362343502,8.16368076950749
173.833333333333,13.5331730888121,8.49801271955008,13.5676931487233,8.41232863770253,13.6095523100557,8.31409967248292,13.6571311750433,8.22670862779893,13.7222685974395,8.14222074658855,13.8124296434601,8.0935898102091,13.9173988285601,8.06728936070181,14.0190884371757,8.07419746129738,14.1163950049177,8.10816022103617,14.2243014661077,8.1616471825242
174,13.5321568593104,8.50007955432755,13.5668033277358,8.41377061213004,13.6086191723508,8.31525040454959,13.6563771558845,8.22767551503842,13.7212257572363,8.14267267785872,13.8108926435765,8.09311821324249,13.9157406579878,8.06542547168474,14.0177366295269,8.07190442414796,14.1155996372511,8.10631110214034,14.2228688773057,8.15964682006795
174.166666666667,13.5309910712478,8.50216403338273,13.5658860857761,8.41517809877976,13.6076895447576,8.3163645628531,13.6556631069544,8.22861475056644,13.7202507477984,8.14314191903043,13.8094367743701,8.09264900413414,13.9141737714859,8.06347367727626,14.0164828061455,8.06959913506663,14.1148881666528,8.10450663939963,14.2215251963671,8.15766917329087
174.333333333333,13.5296883350468,8.50426265478691,13.5649411261492,8.41655744545317,13.6067621296657,8.31745075121514,13.6549831689928,8.22953461436539,13.7193335312367,8.14363046537917,13.8080500696409,8.09218556382777,13.9126841455963,8.06145990442272,14.0153112462674,8.06728525564118,14.1142470744644,8.10273605582042,14.2202571517147,8.15570373334511
174.5,13.5282612611303,8.50637191661141,13.5639681521604,8.41791499995177,13.6058356294648,8.31851757345742,13.6543314827396,8.23044338641767,13.7184640696621,8.14414031218043,13.8067205631888,8.0917312732671,13.9112577568611,8.05941008007047,14.0142062291283,8.06496644745937,14.1136628420276,8.10098857440913,14.2190514717712,8.15373999138282
174.666666666667,13.5267224599208,8.50848831692753,13.5629668671149,8.41925711007708,13.6049087465445,8.31957363340165,13.6537021889343,8.23134934670566,13.7176323251856,8.14467345470969,13.8054362888137,8.09128951339584,13.9098805818225,8.05735013116586,14.0131520339638,8.06264637210895,14.1131219506843,8.09925341817215,14.2178948849595,8.15176743855615
174.833333333333,13.525084541841,8.51060835380659,13.5619369743178,8.42059012363059,13.6039801832943,8.32062753486952,13.6530894283169,8.23226077521177,13.716828259918,8.14523188824244,13.8041852803156,8.09086366515772,13.9085385970223,8.05530598465525,14.0121329400097,8.06032869117771,14.1126108817762,8.09751981011589,14.2167741197025,8.14977556601722
175,13.5233601173136,8.51272852531988,13.5608781770745,8.4219203884138,13.603048642104,8.32168788168274,13.652487341627,8.23318595191839,13.7160418359704,8.14581760805416,13.8029555714944,8.09045710949644,13.9072177790028,8.053303567485,14.0111332265017,8.0580170662534,14.1121161166449,8.09577697324675,14.2156759044228,8.14775386491819
175.166666666667,13.5215617967612,8.51484532953871,13.5597901786901,8.42325425222821,13.602112825363,8.32276327766302,13.6518900696046,8.23413315680792,13.7152630154535,8.14643260942035,13.8017351961501,8.09007322735574,13.9059041043059,8.05136880660144,14.0101371726755,8.05571515892379,14.1116241366323,8.09401413057113,14.2145869675434,8.1456918264112
175.333333333333,13.5197021906065,8.51695526453439,13.5586726824697,8.42459806287531,13.6011714354611,8.32386232663206,13.6512917529893,8.23511066986275,13.7144817604784,8.14707888761649,13.8005121880826,8.08971539967933,13.9045835494736,8.04952762895094,14.0091290577668,8.05342663077664,14.1111214230801,8.09222050509542,14.213494037487,8.1435789416484
175.5,13.5177939092721,8.51905482837823,13.5575253917187,8.42595816815662,13.6002231747878,8.32499363241155,13.6506865325208,8.23612677106528,13.7136880331559,8.14775843791807,13.799274581092,8.08938700741092,13.9032420910482,8.04780596147984,14.0080931610114,8.05115514339973,14.11059445733,8.09038531982604,14.2123838426765,8.14140470178192
175.666666666667,13.5158495631807,8.52114051914153,13.5563480097422,8.42734091587363,13.5992667457328,8.32616579882321,13.6500685489391,8.23718974039791,13.712871795597,8.14847325560058,13.798010408978,8.08909143149423,13.9018657055715,8.0462297311345,14.0070137616448,8.04890435838082,14.1100297207238,8.08849779776939,14.2112431115346,8.13915859796392
175.833333333333,13.5138817627551,8.52320883489559,13.5551402398455,8.42875265382783,13.5983008506856,8.32738742968874,13.6494319429838,8.23830785784303,13.7120230099125,8.1492253359395,13.7967077055408,8.08883205287299,13.9004403695856,8.04482486486127,14.0058751389029,8.04667793730768,14.1094136946033,8.08654716193186,14.2100585724842,8.13683012134653
176,13.5119031184177,8.52525627371174,13.5539017853337,8.43019972982074,13.5973241920358,8.32866712882983,13.6487708553948,8.23948940338304,13.7111316382134,8.15001667421032,13.7953545045802,8.08861225249091,13.8989520596327,8.04361728960651,14.0046615720214,8.04447954176806,14.10873286031,8.08452263531985,14.2088169539481,8.1344087630819
176.166666666667,13.5099262405914,8.52727933366126,13.552632349512,8.43168849165385,13.5963354721732,8.3300135000682,13.6480794269117,8.24074265700033,13.7101876426106,8.15084926568853,13.7939388398961,8.08843541129171,13.8973867522547,8.04263293231656,14.003357340236,8.04231283334975,14.1079736991859,8.08241344093977,14.2075049843491,8.13188401432218
176.333333333333,13.5079637396987,8.52927451281548,13.5513316356856,8.43322528712866,13.5953333934872,8.33143514722555,13.6473517982745,8.24207589867729,13.7091809852151,8.15172510564961,13.7924487452886,8.0883049102191,13.8957304239938,8.04189771993778,14.0019467227823,8.04018147364049,14.1071226925726,8.08020880179803,14.20610939211,8.12924536621949
176.5,13.5060282261623,8.53123830924569,13.5499993471598,8.43481646404666,13.5943166583675,8.33294067412358,13.6465821102228,8.24349740839634,13.7081016281377,8.15264618936905,13.7908722545576,8.08822413021682,13.8939690513919,8.04143757941652,14.0004139988961,8.03808912422807,14.106166321812,8.07789794090101,14.2046169056537,8.126482309926
176.666666666667,13.5041323104049,8.5331672210232,13.5486351872398,8.43646837020937,13.5932839692037,8.33453868458399,13.6457645034964,8.24501546613986,13.7069395334893,8.15361451212235,13.789197401503,8.08819645222856,13.8920886109911,8.04127843769913,13.9987434478132,8.03603944670024,14.1050910682456,8.07547008125512,14.2030142534029,8.12358433659385
176.833333333333,13.5022280724517,8.53507387536763,13.54720859896,8.43818339403552,13.5922350677715,8.33626532089013,13.6448871565465,8.2467120556091,13.7056187508206,8.15471300238017,13.7873942295612,8.0883198548149,13.8900933132681,8.04129153169012,13.9969131005202,8.03394217263725,14.1038280115058,8.07283258489566,14.201336663514,8.12045245444707
177,13.5002609058157,8.53697263426048,13.5456933408833,8.43995693344988,13.5911711190367,8.33814406309576,13.6439468963885,8.24865101665382,13.70408925355,8.15601467160288,13.7854516047108,8.08867968334049,13.8880003475479,8.04133026492761,13.9949178704929,8.03172125891022,14.1023260546747,8.06992037128679,14.1996251083778,8.11701286731927
177.166666666667,13.4982333911508,8.53886259791586,13.5440955896077,8.44178485051298,13.5900929601744,8.34016452167818,13.6429508366082,8.25081341347918,13.7023798895898,8.15750663955053,13.7833857945657,8.08926036895518,13.8858151586442,8.04139381430843,13.9927673607001,8.02940170504325,14.1005984142692,8.06676399957828,14.1978749327689,8.11329285977691
177.333333333333,13.4961481091113,8.54074286654788,13.5424215217308,8.44366300728536,13.5890014283593,8.34231630711466,13.6419060907914,8.25318031029031,13.7005195068525,8.15917602598314,13.7812130667395,8.09004634280885,13.8835431913711,8.04148135672938,13.9904711741106,8.02700851056043,14.0986583068062,8.06339402891989,14.1960814814616,8.10931971638648
177.5,13.4940076403511,8.54261254037067,13.5406773138506,8.44558726582756,13.5878973607666,8.34458902988253,13.6408197725241,8.25573277129238,13.6985369532507,8.16100995066075,13.7789496888458,8.09102203605133,13.8811898905426,8.04159206908726,13.9880389136932,8.02456667498585,14.0965189488025,8.05984101846136,14.1942400992304,8.10512072171443
177.666666666667,13.4918145655245,8.54447071959834,13.538869142565,8.4475534882001,13.586781594571,8.34697230045907,13.6396989953921,8.25845186069053,13.6964610766967,8.16299553334339,13.7766119284985,8.0921718798325,13.8787607009726,8.0417251282789,13.9854801824168,8.02210119784362,14.0941935567749,8.05613552735245,14.1923461308498,8.10072316032725
177.833333333333,13.4895714652855,8.54631650444501,13.5370031844718,8.44955753646354,13.5856549669477,8.34945572932158,13.6385508729814,8.26131864268991,13.6943207251031,8.16511989379109,13.7742160533111,8.09348030530221,13.8762610674752,8.04187971120109,13.9828045832502,8.01963707865782,14.0916953472402,8.05230811474292,14.1903949210943,8.0961543167914
178,13.4872809202883,8.54814899512479,13.5350856161688,8.45159527267839,13.5845183150714,8.35202892694736,13.6373825188776,8.26431418149567,13.6921447463823,8.16737015176389,13.7717783308975,8.09493174361032,13.8736964348643,8.04205499475066,13.9800217191623,8.01719931695255,14.0890375367153,8.04838933978251,14.1883818147384,8.09144147567335
178.166666666667,13.4849455111868,8.5499672918518,13.5331226142538,8.4536625589052,13.5833724761172,8.3546815038137,13.6362010466669,8.26741954131297,13.6899619884467,8.16973342702183,13.7693150288712,8.09651062590668,13.8710722479539,8.0422501558244,13.9771411931218,8.01481291225191,14.086233341717,8.04440976162098,14.1863021565564,8.08661192153958
178.333333333333,13.4825678186353,8.55177049484016,13.5311203553248,8.45575525720451,13.58221828726,8.35740307039791,13.6350135699349,8.27061578634694,13.6878012992089,8.17219683932493,13.7668424148459,8.09820138334116,13.8683939515579,8.04246437131913,13.9741726080976,8.01250286407998,14.0832959787622,8.04039993940809,14.1841512913229,8.08169293895656
178.5,13.4801504232878,8.55355770430398,13.5290850159796,8.45786922963685,13.5810565856747,8.36018323717727,13.6338272022677,8.27388398080275,13.6856915265812,8.17474750843323,13.7643767564355,8.09998844706361,13.8656669904905,8.04269681813166,13.9711255670586,8.01029417196087,14.0802386643676,8.03639043229359,14.1819245638123,8.07671181249076
178.666666666667,13.4776959057984,8.55532802045739,13.527022772816,8.46000033826275,13.5798882085364,8.3630116146291,13.632649057251,8.27720518888554,13.6836615184762,8.17737255410676,13.7619343212535,8.10185624822389,13.8628968095655,8.0429466731588,13.9680096729735,8.00821183541867,14.0770746150502,8.03241179942724,14.1796173187991,8.07169582670865
178.833333333333,13.4752068468212,8.55708054351449,13.5249398024319,8.46214444514275,13.5787139930198,8.36587781323068,13.6314862484708,8.28056047480047,13.6817401228064,8.18005909610556,13.7595313769136,8.10378921797186,13.8600888535969,8.04321311329736,13.9648345288112,8.00628085397747,14.0738170473267,8.02849459995878,14.1772249010578,8.0666722661767
179,13.4726858270104,8.5588143736894,13.5228422814251,8.46429741233739,13.5775347763001,8.36877144345931,13.6303458895128,8.28393090275267,13.6799561874841,8.18279425418966,13.7571841910296,8.10577178745738,13.8572485673988,8.04349531544415,13.9616097375406,8.00452622716136,14.070479177714,8.02466939303797,14.1747426553627,8.06166841546138
179.166666666667,13.47013542702,8.56052861119625,13.5207363863935,8.46645510190721,13.576351395552,8.3716821157923,13.6292350939631,8.28729753694731,13.6783385604219,8.18556514811909,13.7549090312151,8.1077883878303,13.854381395785,8.04379245649597,13.9583449021304,8.00297295449445,14.0670742227289,8.02096673781457,14.1721659264885,8.05671155912917
179.333333333333,13.4675582275041,8.56222235624914,13.518628293935,8.46861337591273,13.5751646879507,8.37459944070693,13.6281609754074,8.29064144158954,13.6769160895322,8.18835889765389,13.7527221650839,8.10982345024048,13.8514927835697,8.04410371334964,13.9550496255495,8.00164603550083,14.0636153988883,8.01741719343833,14.1694900592096,8.05182898174653
179.5,13.4649568091169,8.5638947090622,13.5165241806473,8.47076809641449,13.5739754906709,8.37751302868051,13.6271306474317,8.29394368088449,13.6757176227274,8.19116262255409,13.7506398602496,8.11186140583778,13.8485881755667,8.04442826290197,13.9517335107668,8.00057046970459,14.060115922709,8.014051319059,14.1667103983003,8.04704796787995
179.666666666667,13.4623337525124,8.56554476984954,13.5144302231283,8.47291512547304,13.5727846408877,8.38041249019033,13.6261512236218,8.29718531903733,13.6747720079202,8.19396344257973,13.748678384326,8.11388668577207,13.84567301659,8.04476528204977,13.9484061607511,7.99977125662982,14.0565890107077,8.01089967382634,14.1638222885353,8.04239580209588
179.833333333333,13.4596916383447,8.56717163882527,13.5123525979759,8.4750503251489,13.571592975776,8.38328743571369,13.6252298175635,8.3003474202532,13.6741080930228,8.19674847749083,13.7468540049266,8.11588372119319,13.8427527514537,8.04511394768984,13.9450771784711,7.99927339580063,14.0530478794015,8.0079928168901,14.1608210746889,8.0378997689608
180,13.457033047268,8.56877441620352,13.510297481788,8.47716955750261,13.5704013325108,8.38612747572789,13.6243735428429,8.30341104873726,13.6737547259478,8.19950484704743,13.7451829896653,8.117836943251,13.8398328249717,8.045473436719,13.9417561668958,7.99910188674109,14.049505745307,8.00536130740004,14.1577021015356,8.03358715304118
180.166666666667,13.4543279369376,8.57037064682946,13.5082504749955,8.47929528628136,13.5692226027183,8.38898586800532,13.6235788945577,8.30642084312034,13.6735787369551,8.20228878932864,13.7436160525234,8.11981834845802,13.8368011076975,8.04590460877658,13.9383612345414,7.99910784032191,14.0458471874662,8.0028409653408,14.154341354771,8.02936086584384
180.333333333333,13.451548514778,8.57197564076401,13.5061926576192,8.48145024261715,13.5680659224663,8.39191756958534,13.6228336350368,8.30943469247075,13.6734260275196,8.20516230272152,13.7420920746758,8.12190734994604,13.8335617312954,8.04646569556463,13.9348143697667,7.99912562484093,14.0419593144969,8.00026086329746,14.1506334775788,8.02511134372249
180.5,13.4487007360974,8.57358514604489,13.5041234256414,8.48363068964769,13.5669264955917,8.39491473984571,13.6221317787127,8.31245353664981,13.6732940523766,8.208121147448,13.7406095745264,8.12409950379391,13.8301445322456,8.04715193207408,13.9311309953045,7.99915512596302,14.03785913728,7.99764143932037,14.1466018009659,8.02084715851398
180.666666666667,13.4457905562037,8.57519491070986,13.5020421750446,8.48583289051072,13.5657995259315,8.39796953816419,13.6214673400177,8.31547831551884,13.6731802662611,8.21116108373002,13.7391670704792,8.12639036608044,13.8265793470284,8.04795855329583,13.9273265338876,7.99919622935303,14.0335636666963,7.99500313145991,14.1422696559391,8.01657688205516
180.833333333333,13.4428239304049,8.57680068279664,13.4999483018111,8.48805310834398,13.5646802173225,8.40107412391855,13.6208343333843,8.31850996893917,13.6730821239083,8.21427787178953,13.7377630809381,8.12877549288446,13.8228960121239,8.04888079422081,13.9234164082485,7.99924882067583,14.0290899136267,7.99236637776644,14.1376603735054,8.01230908618289
181,13.439806814009,8.57839821034298,13.4978412019231,8.4902876062852,13.5635637736018,8.40422065648655,13.6202267732446,8.32154943677213,13.6729970800535,8.21746727184845,13.7363961243069,8.1312504402848,13.8191243640124,8.04991388983992,13.9194160411201,7.99931278559627,14.0244548889519,7.98975161629033,14.1327972846716,8.00805234273401
181.166666666667,13.436745162324,8.57998324138659,13.4957202713632,8.49253264747211,13.5624453986062,8.40740129524594,13.6196386740313,8.32459765887904,13.6729225894317,8.22072504412874,13.7350647189896,8.13381076436029,13.8152942391741,8.05105307514409,13.9153408552351,7.99938800977922,14.0196756035529,7.98717928508193,14.1277037204445,8.00381522354537
181.333333333333,13.433644930658,8.58155152396522,13.4935849061136,8.49478449504244,13.5613202961726,8.41060819957449,13.6190640501765,8.32765557512122,13.672856106778,8.22404694885233,13.73376738339,8.13645202118974,13.8114354740892,8.05229358512424,13.9112062733262,7.99947437888954,14.0147690683104,7.98466982219163,14.122403011831,7.99960630045383
181.5,13.4305120743188,8.58309880611661,13.4914345021566,8.49703941213392,13.5601836701381,8.41383352884996,13.6184969161128,8.33072412536001,13.6727950868278,8.22742874624116,13.7325026359122,8.139169766852,13.8075779052379,8.05363065477126,13.9070277181261,7.99957177859209,14.0097522941053,7.98224366566978,14.116918489838,7.99543414529623
181.666666666667,13.4273525486146,8.58462083587849,13.4892684554747,8.49929366188429,13.5590307243395,8.41706944245011,13.6179312862724,8.33380424945674,13.672736984316,8.23086619651717,13.73126899496,8.14195955742587,13.8037513691004,8.05505951907609,13.9028206123675,7.99968009455173,14.0046422918184,7.97992125356674,14.1112734854723,7.99130732990942
181.833333333333,13.4241723088533,8.58611336128859,13.4870861620503,8.50154350743128,13.5578566626137,8.4203080997527,13.6173611750878,8.33689688727271,13.6726792539779,8.23435505990231,13.7300649789373,8.1448169489902,13.7999857021569,8.05657541302963,13.8986003787832,7.99979921243331,13.9994560723305,7.9777230239329,14.1054913297409,7.98723442613025
182,13.4209773103428,8.58757213038465,13.4848870178655,8.50378521191262,13.5566566887978,8.42354166013549,13.6167805969914,8.34000297866927,13.6726193505486,8.2378910966185,13.728889106248,8.1477374976238,13.7963107408878,8.0581735716228,13.8943824401058,7.99992901790171,13.9942106465226,7.97566941481861,14.0995953536505,7.98322400579557
182.166666666667,13.4177735083913,8.58899289120441,13.4826704189029,8.50601503846605,13.5554260067285,8.42676228297624,13.6161835664154,8.34312346350773,13.6725547287633,8.2414700668877,13.7277398952961,8.1507167594055,13.792756321773,8.05984922984651,13.8901822190681,8.00006939662177,13.9889230252754,7.97378086427423,14.0936088882081,7.97928464074223
182.333333333333,13.4145668583068,8.5903713917856,13.4804357611448,8.50822925022929,13.554159820243,8.42996212765271,13.6155640977923,8.34625928164943,13.6724828433571,8.24508773093183,13.7266158644854,8.15375029041413,13.789352281293,8.06159762269169,13.8860151384029,8.00022023425837,13.9836102194697,7.97207781035014,14.0875552644204,7.97542490280708
182.5,13.4113633153971,8.59170338016596,13.4781824405735,8.51042411034008,13.552853333178,8.43313335354267,13.6149162055545,8.34941137295569,13.6724011490652,8.24873984897284,13.7255155322199,8.15683364672852,13.7861284559278,8.06341398514925,13.8818966208428,8.00038141647635,13.9782892399865,7.9705806910967,14.0814578132945,7.97165336382697
182.666666666667,13.4081688349703,8.59298460438322,13.4759098531714,8.51259588193615,13.5515017493705,8.43626812002388,13.6142339041343,8.35258067728783,13.6723071006228,8.25242218123268,13.7244374169034,8.15996238442749,13.7831146821577,8.06529355221009,13.8778420891206,8.00055282894059,13.9729770977065,7.96930994456428,14.075339865837,7.96797859563875
182.833333333333,13.4049893723345,8.59421081247511,13.4736173949208,8.51474082815523,13.5501002726575,8.43935858647408,13.6135112079641,8.35576813450718,13.6721981527649,8.25613048793327,13.72338003694,8.16313205958986,13.780340796463,8.06723155886515,13.8738669659689,8.00073435731594,13.9676908035105,7.96828600880324,14.069224753055,7.96440917007927
183,13.4018308827976,8.59537775247937,13.4713044618041,8.51685521213505,13.5486441068759,8.44239691227106,13.6127421314763,8.35897468447506,13.6720717602268,8.25986052929657,13.7223419107334,8.16633822829447,13.7778366353238,8.06922324010532,13.8699866741206,8.00092588726726,13.9624473682794,7.96752932186395,14.0631358059552,7.96095365898538
183.166666666667,13.3986993216676,8.59648117243374,13.4689704498037,8.51893529701336,13.5471284558626,8.44537525679256,13.6119206891033,8.36220126705281,13.6719253777436,8.2636080655445,13.7213215566876,8.16957644662014,13.7756320352203,8.07126383092153,13.8662166363083,8.00112730445941,13.9572638028941,7.96706032179677,14.0570963555446,7.95762063419392
183.333333333333,13.3956006442525,8.59751682037596,13.4666147549019,8.52097734592787,13.5455485234546,8.44828577941635,13.6110408952775,8.36544882210175,13.6717564600505,8.26736885689901,13.7203174932066,8.1728422706457,13.7737568326328,8.0733485663047,13.8625722752647,8.00133849455726,13.9521571182354,7.96689944665208,14.0511297328299,7.95441866754176
183.5,13.3925132746528,8.5984972374564,13.464218738462,8.52300948245976,13.5438604222167,8.4511675454516,13.6100840890228,8.36875740609709,13.6714961574495,8.27121765934286,13.7193290811315,8.17621959489724,13.7720783846419,8.07571242376737,13.8589425674733,8.0018562081377,13.9469529254513,7.9669582756508,14.0450204385644,7.95121459522234
183.666666666667,13.389413074174,8.59943954037357,13.4617680556411,8.52505862114476,13.5420319008032,8.45406109435998,13.6090397025685,8.37215769631773,13.6710857795695,8.2752195174762,13.7183567224053,8.17978259312262,13.7704453510676,8.07856221495189,13.8552207531993,8.00294485140901,13.9414930838644,7.96713040690792,14.0385689404326,7.94789006735721
183.833333333333,13.386302153931,8.60034634048736,13.4592685431117,8.52711921155244,13.5400756171846,8.45696079674802,13.6079138901551,8.37563656383059,13.6705380201356,8.27935562444707,13.7174004970843,8.1835122402333,13.7688595224991,8.0818509260438,13.8514286508484,8.0045557934831,13.935818976617,7.96740930681487,14.0318225198382,7.94447587667536
184,13.383182625039,8.60122024915767,13.4567260375464,8.52918570325236,13.5380042293319,8.45986102322227,13.6067128060228,8.37918087970255,13.669865572873,8.2836071734035,13.7164604852247,8.18738951114076,13.7673226895254,8.08553154322868,13.847588078826,8.0066404034719,13.9299719868516,7.96778844176305,14.024828458185,7.94100281590578
184.166666666667,13.380056598613,8.60206387774438,13.454146375618,8.5312525458141,13.5358303952157,8.46275614438923,13.605442604412,8.3827775150005,13.6690811315068,8.28795535749352,13.715536766883,8.19139538075646,13.7658366427356,8.08955705269209,13.8437208555378,8.00915005048732,13.9239934977107,7.96826127814389,14.0176340368769,7.93750167777745
184.333333333333,13.376926185768,8.60287983760738,13.451535393999,8.53331418880722,13.5335667728067,8.46564053085544,13.604109439563,8.38641334079134,13.6681973897622,8.29238136986518,13.7146294221155,8.19551082399188,13.7644031727189,8.09388044061959,13.8398487993894,8.01203610364129,13.9179248923367,7.96882128234882,14.0102865373177,7.93400325501937
184.5,13.3737934976193,8.60367074010659,13.4488989293621,8.5353650818013,13.5312260200758,8.46850855322744,13.6027194657161,8.39007522814197,13.6672270413643,8.2968664036665,13.7137385309784,8.19971681575847,13.7630240700645,8.09845469319674,13.8359937287863,8.01524993204573,13.9118075538721,7.96946192076926,14.0028332409112,7.93053834036052
184.666666666667,13.3706606452817,8.60443919660188,13.4462428183799,8.5373996743659,13.5288207949936,8.47135458211175,13.6012788371115,8.39375004811927,13.6661827800384,8.30139165204552,13.7128641735282,8.20399433096771,13.7617011253613,8.10323279660912,13.8321774621341,8.01874290481255,13.9056828654592,7.97017665979662,13.9953214290611,7.92713772652988
184.833333333333,13.3675297398705,8.60518781845314,13.4435728977251,8.53941241607059,13.526363755531,8.47417298811489,13.5997937079898,8.39742467179014,13.6650772995095,8.30593830815028,13.7120064298211,8.20832434453106,13.7604361291986,8.10816773704228,13.8284218178384,8.02246639105368,13.8995922102405,7.97095896582233,13.9877983831713,7.92383220625644
185,13.3644028925007,8.60591921702028,13.4408950040703,8.54139775648494,13.5238675596586,8.4769581418434,13.5982702325911,8.40108597022147,13.6639232935028,8.3104875651288,13.7111653799135,8.21268783135999,13.7592308721654,8.11321250068179,13.8247486143048,8.02637175988104,13.8935769713584,7.97180230523781,13.9803113846457,7.9206525722692
185.166666666667,13.3612822142874,8.60663600366319,13.4382149740881,8.54335014517852,13.5213448653472,8.47970441390382,13.5967145651558,8.40472081448016,13.6627334557436,8.31502061612913,13.7103411038617,8.21706576636597,13.7580871448509,8.1183200737132,13.8211796699389,8.03041038040655,13.8876785319554,7.97270014443449,13.9729077148879,7.91762961729714
185.333333333333,13.3581698163456,8.60734078974176,13.4355386444512,8.5452640317209,13.5188083305675,8.48240617490266,13.5951328599242,8.4083160756331,13.6615204799569,8.3195186542993,13.709533681722,8.22143912446047,13.7570067378442,8.1234434423221,13.8177368031461,8.03453362174212,13.881938275174,7.97364594980377,13.9656346553018,7.91479413406924
185.5,13.3550678097905,8.60803618661588,13.4328718518322,8.54713386568165,13.5162706132903,8.48505779544645,13.5935312711367,8.41185862474718,13.6602970598679,8.32396287278734,13.7087431935508,8.22578888055495,13.7559914417344,8.12853559269403,13.8144418323322,8.03869285299968,13.8763975841565,7.9746331877371,13.9585394872913,7.91217691531449
185.666666666667,13.351978305737,8.60872480564545,13.4302204329037,8.54895409663035,13.5137443714864,8.48765364614173,13.5919159530335,8.41533533288931,13.6590758892018,8.32833446474128,13.7079697194043,8.23009600956089,13.7550430471106,8.13354951101456,13.8113165759027,8.04283944329115,13.8710978420454,7.97565532462588,13.95166949226,7.90980875376189
185.833333333333,13.3489034153004,8.60940925819035,13.4275902243384,8.55071917413654,13.5112422631265,8.49018809759503,13.590293059855,8.41873307112636,13.6578696616837,8.33261462330917,13.707213339339,8.23434148638975,13.754163344562,8.13843818346926,13.8083828522631,8.04692476172844,13.8660804319831,7.97670582686153,13.9450719516119,7.90772044214041
186,13.3458452495956,8.61009215561049,13.424987062809,8.55242354776982,13.5087769461813,8.49265552041286,13.5886687458416,8.42203871052523,13.6566910710388,8.33678454163904,13.7064741334111,8.23850628595299,13.7533541246776,8.1431545962437,13.8056624798191,8.05090017742349,13.8613867371122,7.97777816083549,13.9387941467508,7.90594277317905
186.166666666667,13.3428059197378,8.61077610926576,13.422416784988,8.55406166709974,13.5063610786215,8.49505028520177,13.5870491652334,8.42523912215283,13.6555528109922,8.34082541287891,13.7057521816769,8.24257138316209,13.7526171780466,8.14765173552342,13.8031772769762,8.0547170594882,13.8570581405749,7.97886579293917,13.9328833590804,7.90450653960679
186.333333333333,13.3397875368419,8.61146373051604,13.4198852275482,8.55562798169588,13.504007318418,8.49736676256828,13.585440472271,8.42832117707603,13.6544675752692,8.34471843017683,13.7050475641929,8.24651775292851,13.7519542952581,8.15188258749401,13.80094906214,8.0583267770345,13.8531360255138,7.97996218956399,13.9273868700045,7.90344253415262
186.5,13.3367922120232,8.61215763072124,13.417398227162,8.5571169411278,13.5017283235414,8.49959932311892,13.5838488211945,8.43127174636174,13.6534480575948,8.34844478668084,13.7043603610153,8.25032637016373,13.7513672669012,8.15580013834101,13.7989996537161,8.06168069917431,13.8496617750712,7.98106081710137,13.922351960927,7.90278154954553
186.666666666667,13.3338220563966,8.61286042124125,13.4149616205023,8.55852299496508,13.4995367519625,8.50174233746022,13.5822803662443,8.43407770107686,13.6525069516942,8.35198567553895,13.7036906522004,8.2539782097792,13.7508578835651,8.15935737425001,13.79735087011,8.06473019501955,13.8466767723897,7.98215514194274,13.9178259132516,7.9025543785145
186.833333333333,13.3308769899015,8.61356918009962,13.4125714589445,8.55987124224675,13.4974005226638,8.50381662443838,13.5807051449521,8.43677121387089,13.6516205910589,8.35539401522786,13.7030317451322,8.25750891575541,13.7504028672747,8.16263891714089,13.7958698010658,8.06756909462738,13.84400095342,7.98330524536313,13.9136592885617,7.90262239375981
187,13.3279543168169,8.6142785740832,13.4102174329611,8.56119044982246,13.495278996772,8.50584748883563,13.5790919435411,8.43939585789209,13.6507550621408,8.35873663024241,13.7023776503894,8.26097043504783,13.7499764342101,8.16577120352589,13.7944123803293,8.07032999691088,13.8414253257181,7.98457152930456,13.9096642360946,7.90282191126031
187.166666666667,13.3250522247681,8.61498759769684,13.4078958378704,8.56248056897763,13.4931719954741,8.50783603016257,13.5774450392883,8.44195560495542,13.6499076881062,8.3620155727579,13.7017295028208,8.26436819703042,13.7495766161934,8.16876994147899,13.7929836923093,8.07302242426584,13.8389478798342,7.98594794115895,13.9058304187357,7.90314613866288
187.333333333333,13.32216890138,8.61569524544536,13.4056029689906,8.5637415509977,13.4910793399573,8.5097833479298,13.5757687094708,8.44445442687587,13.6490757921211,8.36523289494964,13.7010884372751,8.26770763107713,13.7492014450465,8.1716508390742,13.7915888214145,8.07565589908803,13.8365666063185,7.98742842831821,13.9021474993704,7.90358828361439
187.5,13.3193025342779,8.61640051183361,13.4033351216398,8.56497334716811,13.4890008514086,8.51169054164792,13.5740672313659,8.4468962954684,13.6482566973518,8.36839064899292,13.700455588601,8.27099416656192,13.7488489525915,8.17442960438551,13.7902328520536,8.07823994377326,13.8342794957214,7.98900693817427,13.8986051408839,7.90414155376171
187.666666666667,13.3164513110867,8.61710239136642,13.4010885911362,8.56617590877429,13.4869363510151,8.51355871082752,13.5723448822508,8.44928518254798,13.6474477269643,8.37149088706305,13.6998320916474,8.27423323285875,13.7485171706503,8.17712194548693,13.7889208686354,8.08078408071731,13.8320845385931,7.99067741811904,13.8951930061617,7.90479915675172
187.833333333333,13.3136134194317,8.61779987854863,13.3988596727979,8.56734918710169,13.4848856599638,8.51538895497921,13.5706059394025,8.45162505992958,13.6466462041248,8.37453566133533,13.6992190812629,8.27743025934157,13.748204131045,8.17974357045245,13.7876579555685,8.08329783231595,13.8299797254837,7.99243381554444,13.891900758089,7.90555430023128
188,13.3107870469378,8.61849196788507,13.3966446619432,8.56849313343573,13.4828485994419,8.51718237361358,13.5688546800983,8.45391989942819,13.6458494519995,8.37752702398506,13.6986176922963,8.28059067538435,13.7479078655975,8.18231018735607,13.7864491972617,8.08579072096498,13.8279630469436,7.99427007784238,13.8887180595511,7.90640019184727
188.166666666667,13.3079703812303,8.61917765388058,13.3944398538903,8.56960769906185,13.4808249906365,8.51894006624122,13.5670953816153,8.45617367285877,13.6450547937545,8.38046702718754,13.6980290595963,8.28371991036104,13.7476264061299,8.18483750427181,13.7852996781237,8.08827226906019,13.8260324935229,7.99618015240479,13.8856345734335,7.90733003924656
188.333333333333,13.3051616099341,8.61985593104,13.3922415439573,8.57069283526549,13.4788146547346,8.52066313237274,13.5653323212306,8.45839035203629,13.644259552556,8.38335772311808,13.6974543180117,8.2868233936456,13.7473577844641,8.18734122927365,13.7842144825631,8.09075199899736,13.8241860557719,7.99815798662357,13.8826399626214,7.90833705007603
188.5,13.3023589206744,8.62052579386817,13.3900460274624,8.5717484933321,13.4768174129233,8.52235267151873,13.5635697762216,8.46057390877572,13.6434610515701,8.38620116395197,13.6968946023912,8.28990655461198,13.7471000324221,8.18983707043559,13.7831986949888,8.09323943317228,13.8224217242409,8.00019752789065,13.8797238900002,7.90941443198254
188.666666666667,13.2995605010763,8.62118623686991,13.3878495997237,8.57277462454709,13.4748330863897,8.52400978318979,13.5618120238652,8.46272831489204,13.6426566139629,8.38899940186452,13.6963510475835,8.29297482263414,13.7468511818259,8.19234073583164,13.7822573998094,8.09574409398073,13.8207374894801,8.00229272359794,13.8768760184551,7.91055539261297
188.833333333333,13.2967645387648,8.62183625455007,13.3856485560596,8.57377118019592,13.4728614963209,8.52563556689651,13.5600633414387,8.46485754220022,13.6418435629006,8.39175448903103,13.6958247884374,8.29603362708604,13.7466092644976,8.1948679335358,13.7813956814337,8.0982755038185,13.8191313420397,8.00443752113736,13.8740860108716,7.91175313961418
189,13.2939692213651,8.62247484141349,13.383439191788,8.57473811156401,13.4709024639039,8.5272311221495,13.5583280062192,8.46696556251522,13.6410192215493,8.39446847762681,13.6953169598017,8.29908839734164,13.7463723122592,8.19743437162206,13.7806186242703,8.10084318508138,13.81760127247,8.00662586790082,13.8713435301349,7.91300088063306
189.166666666667,13.2911727365023,8.62310099196499,13.3812178022273,8.5756753699368,13.4689558103259,8.52879754845936,13.556610295484,8.46905634765203,13.6401809130753,8.39714341982714,13.694828696525,8.30214456277489,13.7461383569325,8.20005575816443,13.779931312728,8.10345666016515,13.8161452713213,8.00885171128025,13.8686382391305,7.91429182331648
189.333333333333,13.2883732718014,8.62371370070942,13.3789806826956,8.57658290659974,13.4670213567738,8.53033594533667,13.5549144865101,8.47113386942562,13.6393259606446,8.39978136780734,13.6943611334561,8.30520755275976,13.7459054303397,8.2027478012369,13.7793388312154,8.1061254514656,13.8147613291436,8.01110899866756,13.8659598007435,7.9156191753113
189.5,13.2855690148876,8.62431196215161,13.376724128511,8.57746067283825,13.4650989244349,8.53184741229204,13.5532448565748,8.47320209965095,13.6384516874233,8.40238437374271,13.6939154054437,8.30828279667019,13.7456715643026,8.20552620891348,13.7788462641414,8.10885908137852,13.8134474364874,8.01339167745467,13.8632978778594,7.9169761442644
189.666666666667,13.282758153386,8.6248947707964,13.3744444349919,8.57830861993777,13.4631883344962,8.53333304883606,13.5516056829551,8.475265010143,13.6375554165777,8.40495448980854,13.6934926473367,8.31137572388014,13.7454347906434,8.20840668926817,13.7784586959146,8.11166707229969,13.8122015839028,8.01569369503349,13.8606421333634,7.91835593782264
189.833333333333,13.2799388749216,8.62546112114863,13.3721378974562,8.57912669918375,13.4612894081447,8.53479395447934,13.5500012429283,8.47732657271674,13.6366344712739,8.40749376818015,13.6930939939836,8.31449176376358,13.745193141184,8.21140495037497,13.7781812109437,8.1145589466249,13.81102176194,8.01800899879594,13.857982230141,7.91975176363292
190,13.2771093671196,8.62601000771312,13.3698008112223,8.5799148618616,13.4594019665676,8.53623122873246,13.5484358137716,8.47939075918714,13.6356861746781,8.41000426103282,13.6927205802334,8.31763634569447,13.7449446477464,8.21453670030787,13.7780188936374,8.11754422674994,13.8099059611494,8.02033153613394,13.8553078310774,7.92115682934208
190.166666666667,13.2742563265352,8.62653392860141,13.3674139699528,8.58066128734027,13.4575348506923,8.53764407096149,13.5469149519405,8.48145752414915,13.6347133360901,8.41248774529378,13.6923732505179,8.32081599238662,13.7446847376556,8.2178342190206,13.7779180103521,8.12066652902578,13.8088157254933,8.02273233569249,13.8525433149377,7.92272530304394
190.333333333333,13.271371412579,8.62702853680389,13.364966541479,8.58135805568654,13.4556950992562,8.53903146535834,13.5454376916849,8.48352243116325,13.6337209323576,8.41494421598995,13.6920503065221,8.32402937945312,13.7444120335125,8.22130605078274,13.7778214958495,8.12395038565718,13.8077184747239,8.02527712479023,13.8496401657958,7.92459759107326
190.5,13.2684602571594,8.62749755914376,13.3624673823715,8.58201096923271,13.4538798301619,8.54039418867238,13.5439985269735,8.48558286549273,13.6327095379683,8.41737305244619,13.6917490689741,8.32727016561675,13.7441293600536,8.22493230014205,13.7777294371462,8.12737669282058,13.8066210130762,8.02795189882951,13.8466287045003,7.92674625843842
190.666666666667,13.2655284921845,8.62794472244419,13.359925349201,8.58262583031106,13.4520861613118,8.54173301765296,13.542591951775,8.48763621240087,13.63167972741,8.41977363398738,13.6914668586021,8.33053200960031,13.7438395420151,8.22869307164632,13.7776419212592,8.13092634669242,13.805530144785,8.03074265321271,13.8435392518996,7.92914387014775
190.833333333333,13.2625817495628,8.62837375352838,13.3573492985383,8.58320844125387,13.4503112106081,8.54304872904948,13.5412124600582,8.48967985715096,13.6306320751703,8.42214533993839,13.6912009961342,8.3338085701266,13.7435454041332,8.23256846984332,13.7775590352051,8.13458024344915,13.8044526740853,8.0336353833422,13.8404021288422,7.93176299120962
191,13.2596256612023,8.62878837921949,13.354748086954,8.58376460439342,13.4485520959534,8.54434209961129,13.5398545457915,8.4917111850063,13.6295671557369,8.42448754962407,13.6909488022984,8.3370935059184,13.7432497711442,8.23653859928081,13.7774808660008,8.13831927926721,13.803395405212,8.03661608462034,13.8372476561767,7.93457618663239
191.166666666667,13.2566658590114,8.62919232634072,13.3521305710188,8.584300122062,13.44680593525,8.54561390608776,13.5385127029438,8.49372758123016,13.6284855435975,8.4267996423693,13.6907075978229,8.34038047569852,13.7429554677844,8.24058356450658,13.7774075006629,8.14212435032304,13.8023651424001,8.03967075244949,13.8341061547517,7.93755602142441
191.333333333333,13.2537079748983,8.62958932171525,13.3495056073035,8.58482079659189,13.4450698464003,8.54686492522828,13.5371814254837,8.49572643108583,13.6273878132399,8.42908099749895,13.6904747034359,8.34366313818975,13.7426653187901,8.2446834700684,13.7773390262083,8.1459763527931,13.8013686898844,8.04278538223202,13.8310079454155,7.94067506059403
191.5,13.2507576407713,8.62998309216626,13.3468820523788,8.58533243031537,13.4433409473067,8.5480959337822,13.5358552073799,8.49770511983661,13.6262745391516,8.43133099433788,13.6902474398654,8.34693515211488,13.7423821488976,8.24881842051403,13.7772755296537,8.14985618285382,13.8004128519,8.04594596937029,13.8279833490167,7.94390586914962
191.666666666667,13.2478204885386,8.63037736451694,13.3442687628153,8.58584082556472,13.4416163558716,8.5493077084989,13.5345285426011,8.49966103274578,13.6251462958205,8.43354901221096,13.6900231278395,8.35019017619671,13.7421087828431,8.25296852039127,13.7772170980159,8.15374473668166,13.7995044326816,8.04913850926668,13.8250626864039,7.94722101209954
191.833333333333,13.2449021501086,8.63077586559046,13.3416745951838,8.58635178467224,13.4398931899975,8.55050102612774,13.5331959251158,8.50159155507662,13.6240036577341,8.43573443044306,13.6897990880864,8.35342186915803,13.7418480453628,8.25711387424788,13.7771638183116,8.15762291045304,13.7986502364644,8.05234899732354,13.8222762784256,7.95059305445212
192,13.2420082573893,8.63118232221001,13.339108406055,8.58687110997019,13.4381685675866,8.55167666341811,13.5318518488929,8.50349407209243,13.6228471993803,8.43788662835904,13.6895726413342,8.35662388972165,13.7416027611932,8.26123458663163,13.7771157775577,8.16147160034443,13.7978570674831,8.05556342894324,13.8196544459302,7.95399456121575
192.166666666667,13.2391444422892,8.63160046119877,13.3365790519995,8.58740460379086,13.4364396065414,8.55283539711936,13.530490807901,8.50536596905649,13.6216774952466,8.44000498528378,13.689341108311,8.35978989661034,13.7413757550704,8.2653107620903,13.7770730627708,8.16527170253225,13.7971317299727,8.05876779952816,13.8172275097663,7.95739809739876
192.333333333333,13.2363163367165,8.63203400937994,13.3340953895882,8.58795806846654,13.4347034247643,8.55397800398088,13.5291072961087,8.50720463123209,13.6204951198209,8.44208888054214,13.689101809745,8.36291354854692,13.7411698517307,8.26932250517167,13.7770357609678,8.16900411319296,13.7964810281682,8.06194810448064,13.8150257907824,7.96077622800952
192.5,13.2335295725794,8.63248669357668,13.3316662753917,8.58853730632952,13.4329571401577,8.55510526075202,13.5276958074848,8.50900744388252,13.6193006475907,8.444137693459,13.6888520663642,8.36598850425417,13.7409878759105,8.2732499204235,13.7770039591654,8.172649728503,13.7959117663044,8.06509033920307,13.813079609827,7.96410151805638
192.666666666667,13.2307897817862,8.63296224061218,13.3293005659806,8.58914811971205,13.4311978706239,8.55621794418216,13.5262508359979,8.51077179227107,13.6180946530438,8.44615080335921,13.6885891988968,8.36900842245488,13.7408326523459,8.27707311239357,13.7769777443804,8.17618944463882,13.7954307486164,8.0681804990978,13.8114192877486,7.9673465325477
192.833333333333,13.2281025962451,8.63346437730963,13.3270071179258,8.58979631094645,13.4294227340655,8.55731683102067,13.5247668756166,8.51249506166101,13.6168777106679,8.44812758956764,13.6883105280709,8.37196696187186,13.7407070057732,8.28077218562966,13.7769572036296,8.17960415777685,13.7950447793389,8.0712045795672,13.8100751453958,7.97048383649183
193,13.2254736478644,8.63399683049222,13.324794787798,8.59048768236497,13.4276288483847,8.55840269801692,13.5232384203098,8.51417463731565,13.6156503949507,8.45006743140917,13.6880133746145,8.37485778122789,13.7406137609288,8.28432724467954,13.7769424239296,8.18287476409355,13.794760662707,8.07414857601364,13.8090775036171,7.97348599489714
193.166666666667,13.2229085685523,8.63456332698311,13.3226724321677,8.59122803629992,13.4258133314839,8.55947632192029,13.521659964046,8.51580790449826,13.6144132803798,8.45196970820866,13.6876950592559,8.37767453924578,13.7405557425489,8.28771839409098,13.7769334922974,8.18598215976536,13.7945852029556,8.07699848383948,13.8084566832609,7.97632557277198
193.333333333333,13.2204129902172,8.63516759360549,13.3206489076058,8.59202317508357,13.4239733012657,8.56053847948013,13.5200260007939,8.51739224847213,13.6131669414431,8.45383379929098,13.6873529027232,8.38041089464832,13.7405357753698,8.29092573841176,13.7769304957495,8.18890724096871,13.7945252043196,8.07974029844709,13.8082430051759,7.9789751351247
193.5,13.2179745342018,8.63582396255108,13.3187237650642,8.59290194362209,13.4221200151753,8.56159041580335,13.5183294444941,8.5189572992652,13.6119058920222,8.45566947895519,13.686994089698,8.38308170360042,13.7405372208274,8.29399047723017,13.7769481774482,8.19166411857862,13.7945566377876,8.082374528463,13.8082641153966,7.98147069482466
193.666666666667,13.2155757827542,8.63654130610515,13.3168843922242,8.59388280665325,13.4202657155598,8.56263257300685,13.516570213148,8.52053066105929,13.6106247881138,8.45748620112364,13.6866266204273,8.38570742145117,13.7405413578269,8.29697121839641,13.7770001014758,8.19428940317446,13.7946488079534,8.08491881622017,13.8083263086349,7.98387418906672
193.833333333333,13.2132148091406,8.63731516123126,13.3151214007507,8.59495599625677,13.4184089976737,8.56366452335503,13.5147533068154,8.52210668034857,13.6093244173778,8.45928286455611,13.6862490389868,8.38829010569956,13.740547887308,8.29987417885107,13.7770845862298,8.19679774048929,13.7947985194595,8.08738485768058,13.808427878755,7.98619706934748
194,13.2108896866274,8.63814106489295,13.3134254023085,8.59611174451235,13.4165484567714,8.5646858391123,13.5128837255561,8.52367970362719,13.6080055674738,8.4610583680124,13.6858598894525,8.39083181384461,13.7405565102105,8.30270557553474,13.7771999501075,8.19920377625614,13.7950025769485,8.08978434880624,13.8085671196211,7.98845078716354
194.166666666667,13.2085984884808,8.63901455405378,13.3117870085622,8.59734028349969,13.4146826881075,8.56569609254303,13.51096646943,8.52524407738933,13.6066690260618,8.4628116102523,13.6854577159,8.39333460338533,13.7405669274742,8.30547162538804,13.7773445115065,8.20152215620808,13.7952577850632,8.09212898555913,13.8087423250975,7.99064679401152
194.333333333333,13.206339287967,8.63993116567731,13.3101968311768,8.5986318452985,13.4128102869364,8.56669485591164,13.5090065384967,8.52679414812913,13.6053155808016,8.46454149003559,13.6850410624052,8.39580053182073,13.7405788400389,8.30817854535156,13.777516588824,8.20376752607813,13.7955609484459,8.09443046390125,13.8089517890483,7.99279654138802
194.5,13.2041101583523,8.64088643672709,13.308645481817,8.59997666198848,13.4109298485128,8.56768170148252,13.5070089328163,8.52832426234076,13.6039460193529,8.46624690612206,13.684608473044,8.39823165664982,13.7405919488444,8.3108325523659,13.7777145004576,8.20595453159935,13.7959088717394,8.09670047979459,13.809193805338,7.99491148078964
194.666666666667,13.2019091729029,8.64187590416666,13.3071235721475,8.60136496564935,13.4090399680911,8.56865620152007,13.5049786524483,8.52982876651838,13.6025611293757,8.4679267572715,13.6841584918922,8.40063003537162,13.7406059548306,8.31343986337166,13.7779365648046,8.20809781850477,13.7962983595863,8.09895072920115,13.8094666678306,7.997003063713
194.833333333333,13.1997344048852,8.64289510495959,13.3056217138333,8.6027869883608,13.4071392409259,8.56961792828869,13.5029206974528,8.53130200715616,13.6011616985296,8.46957994224371,13.6836896630255,8.40299772548513,13.7406205589371,8.31600669530944,13.7781811002624,8.21021203252745,13.796726216629,8.10119290808291,13.8097686703904,7.99908274165468
195,13.1975839275653,8.64393957606942,13.304130518539,8.60423296220255,13.4052262622716,8.57056645405277,13.5008400678894,8.53273833074824,13.5997485144746,8.47120535979846,13.6832005305197,8.40533678448937,13.7406354621039,8.31853926511984,13.7784464252285,8.21231181940043,13.7971892475104,8.10343871240189,13.8100981068816,8.00116196611131
195.166666666667,13.1954558142096,8.64500485445972,13.3026405979294,8.60569311925429,13.4032996273827,8.57150135107671,13.498741763818,8.5341320837888,13.5983223648705,8.47280190869555,13.6826896384508,8.40764926988335,13.7406503652706,8.32104378974346,13.7787308581003,8.21441182485675,13.7976842568728,8.10569983812005,13.8104532711685,8.00325218857949
195.333333333333,13.1933481380842,8.64608647709402,13.3011425636694,8.60715769159574,13.4013579315139,8.5724221916249,13.4966307852984,8.53547761277198,13.596884037377,8.47436848769477,13.6821555308945,8.40993723916607,13.7406649693772,8.3235264861209,13.7790327172752,8.21652669462947,13.798208049359,8.10798798119941,13.8108324571153,8.00536486055582
195.5,13.1912589724555,8.64717998093589,13.2996270274238,8.6086169113066,13.3993997699195,8.57332854796175,13.4945121323904,8.53676926419196,13.595434319654,8.4759039955559,13.6815967519267,8.41220274983655,13.7406789753633,8.32599357119277,13.7793503211506,8.21867107445161,13.7987574296116,8.11031483760196,13.8112339585862,8.0075114335369
195.666666666667,13.1891863905897,8.64828090294887,13.2980846008572,8.61006101046657,13.3974237378542,8.57421999235166,13.4923908051539,8.5380013845429,13.5939739993613,8.47740733103874,13.681011845623,8.4144478593938,13.7406920841688,8.32845126189966,13.7796819881239,8.22085961005624,13.799329202273,8.11269210328968,13.8116560694454,8.00970335901935
195.833333333333,13.187128465753,8.64938478009653,13.2965058956346,8.61148022115536,13.3954284305724,8.57509609705901,13.4902718036485,8.53916832031894,13.5925038641588,8.47887739290307,13.6803993560595,8.41667462533684,13.7407039967336,8.33090577518216,13.7800260365925,8.22310694717639,13.799920171986,8.11513147422457,13.8120970835573,8.01195208849977
196,13.1850832712117,8.65048714934241,13.2948815234207,8.61286477545268,13.3934124433286,8.57595643434821,13.4881601279342,8.54026441801426,13.5910247017062,8.48031307990868,13.6797578273118,8.41888510516467,13.7407144139973,8.33336332798089,13.7803807849539,8.2254277315451,13.8005271433931,8.11764464636863,13.812555294786,8.01426907347476
196.166666666667,13.1830488802321,8.65158354765006,13.2932020958802,8.61420490543822,13.3913743713774,8.57680057648366,13.4860607780708,8.54128402412301,13.5895372996634,8.48171329081536,13.6790858034558,8.4210813563763,13.7407230368998,8.33583013723644,13.7807445516054,8.22783660889543,13.801146921137,8.12024331568385,13.8130289969958,8.01666576544094
196.333333333333,13.1810233660804,8.65266951198304,13.291458224678,8.61549084319171,13.3893128099733,8.57762809572975,13.4839787541181,8.54222148513936,13.5880424456902,8.48307692438291,13.6783818285674,8.42326543647075,13.7407295663809,8.33831241988941,13.7811156549446,8.23034822496042,13.8017763098602,8.12293917813222,13.8135164840509,8.0191536158949
196.5,13.1790048020229,8.6537405793049,13.2896405214789,8.61671282079284,13.3872263543707,8.57843856435088,13.4819190561358,8.54307114755747,13.5865409274463,8.4844028793711,13.6776444467223,8.42543940294702,13.7407337033803,8.3408163928804,13.7814924133687,8.23297722547312,13.8024121142053,8.12574392967573,13.8140160498155,8.02174407633325
196.666666666667,13.1769912613259,8.6547922865792,13.2877395979477,8.61786107032132,13.3851135998243,8.57923155461145,13.4798866841838,8.54382735787149,13.5850335325917,8.48569005453973,13.6768722019963,8.42760531330414,13.740735148838,8.34334827315002,13.7818731452752,8.23573825616656,13.8030511388149,8.12866926627639,13.8145259881538,8.0244485982526
196.833333333333,13.1749921329188,8.65583867034663,13.2857379382239,8.61895903960219,13.382959695229,8.58000408283579,13.4778699751919,8.54451160676013,13.5835236790714,8.48694256189133,13.6760120501023,8.42978388351184,13.7406982288044,8.34590098388825,13.7823401972842,8.23868619292283,13.8037645979334,8.13177447504802,13.8151225124655,8.02728683237706
197,13.1730168981033,8.65689621672463,13.2836315038138,8.62003737481168,13.38075418949,8.58075474344591,13.4758537554191,8.54515170691475,13.5820129528899,8.48816612357177,13.6750180696819,8.43198933376194,13.7405901496873,8.34846156332953,13.7829640097946,8.24184962146441,13.8046170205432,8.13509567072531,13.8158752603789,8.03026348726964
197.166666666667,13.1710637687041,8.65796413704193,13.2814311224316,8.62109710555627,13.378502277877,8.58148547585274,13.4738377589188,8.54575148784846,13.5804993937963,8.48936205355585,13.673899489204,8.43421397788657,13.7404149329623,8.35102740098113,13.7837250418722,8.24520375228494,13.8055951833945,8.1386097907015,13.8167726621009,8.03336760118528
197.333333333333,13.1691309565455,8.6590416426272,13.2791476217917,8.6221392614424,13.3762091556599,8.58219821946719,13.4718217197445,8.54631477907438,13.5789810415397,8.49053166581837,13.6726655371375,8.43645012971784,13.7401766001049,8.35359588635032,13.7846037525831,8.24872379587804,13.8066858632374,8.14229377236984,13.8178031478387,8.03658821237895
197.5,13.1672166734521,8.66012794480915,13.2767918296083,8.62316487207657,13.3738800181082,8.58289491370016,13.4698053719498,8.54684541010563,13.5774559358693,8.49167627433414,13.6713254419515,8.43869010308785,13.7398791725906,8.35616440894436,13.785580600993,8.25238496273734,13.807875836822,8.14612455312358,13.8189551477993,8.03991435910559
197.666666666667,13.1653191312485,8.66122225491648,13.2743745735957,8.62417496706523,13.3715200604918,8.58357749796258,13.467788449588,8.54734721045534,13.575922116534,8.49279719307795,13.6698884321149,8.44092621182874,13.739526671895,8.35873035827053,13.7866360461679,8.25616246335648,13.8091518808983,8.15007907035596,13.8202170921899,8.04333507962015
197.833333333333,13.1634365417591,8.66232378427789,13.2719066814684,8.62517057601485,13.3691344780803,8.58424791166535,13.4657706867127,8.54782400963661,13.5743776232832,8.49389573602462,13.6683637360966,8.44315076977261,13.7391231194935,8.36129112383608,13.7877505471736,8.26003150822909,13.8105007722164,8.15413426146024,13.8215774112176,8.04683941217758
198,13.1615671168084,8.66343174422206,13.2693989809406,8.62615272853191,13.3667284661436,8.5849080942194,13.4637518173773,8.54827963716257,13.5728204958657,8.49497321714893,13.6667605823655,8.44535609075158,13.7386725368618,8.36384409514828,13.7889045630759,8.26396730784879,13.8119092875265,8.15826706382966,13.8230245350895,8.05041639503283
198.166666666667,13.1597090682209,8.66454534607772,13.2668622997267,8.62712245422286,13.3643072199514,8.58555998503564,13.4617315756354,8.54871792254635,13.5712487740308,8.4960309504257,13.6650881993907,8.44753448859777,13.7381789454753,8.36638666171441,13.7900785529409,8.26794507270923,13.8133642035785,8.16245441485747,13.8245468940125,8.05405506644085
198.333333333333,13.1578606078213,8.66566380117355,13.2643074655409,8.62808078269419,13.3618759347733,8.58620552352497,13.4597096955403,8.54914269530106,13.5696604975276,8.49707024982971,13.663355815641,8.44967827714328,13.7376463668097,8.36891621304172,13.7912529758342,8.27194001330403,13.8148522971226,8.16667325193693,13.8261329181939,8.0577444646566
198.5,13.1560199474339,8.66678632083824,13.2617453060976,8.62902874355235,13.3594398058792,8.58684664909832,13.4576859111457,8.54955778493981,13.5680537061051,8.49809242933578,13.6615726595854,8.45177977022025,13.7370788223403,8.37143013863749,13.7924082908219,8.27592734012682,13.816360344909,8.17090051246127,13.8277710378408,8.061473627935
198.666666666667,13.1541852988833,8.66791211640051,13.2591866491112,8.62996736640382,13.3570040285387,8.58748530116661,13.4556599565049,8.54996702097574,13.5664264395125,8.49909880291871,13.6597479596929,8.45383128166077,13.7364803335429,8.37392582800898,13.7935249569698,8.27988226367124,13.8178751236875,8.17511313382374,13.8294496831601,8.06523159453104
198.833333333333,13.152354873994,8.66904039918904,13.2566423222958,8.63089768085507,13.3545737980216,8.58812341914073,13.4536315656715,8.55037423292196,13.5647767374988,8.50009068455329,13.6578909444325,8.45582512529697,13.7358549218928,8.37640067066345,13.7945834333438,8.28377999443091,13.8193834102084,8.17928805341761,13.8311572843591,8.06900740269964
199,13.1505268845905,8.67017038053254,13.254123153366,8.63182071651256,13.3521543095977,8.58876294243162,13.4516004726989,8.55078325029159,13.5631026398131,8.50106938821433,13.6560108422729,8.45775361496096,13.7352066088657,8.37885205610818,13.7955641790097,8.28759574289947,13.8208719812218,8.1834022086361,13.8328822716448,8.07279009069576
199.166666666667,13.1486995424973,8.67130127175971,13.2516399700358,8.63273750298276,13.3497507585366,8.58940581045017,13.4495664116407,8.55119790259774,13.5614021862047,8.50203622787664,13.6541168816833,8.45960906448486,13.734539415937,8.38127737385044,13.7964476530335,8.29130471957055,13.8223276134777,8.18743253687248,13.8346130752243,8.07656869677435
199.333333333333,13.146871059539,8.67243228419924,13.2492036000198,8.63364906987215,13.3473683401082,8.59005396260732,13.4475291165502,8.55162201935355,13.5596734164225,8.502992517515,13.6522182911325,8.46138378770079,13.7338573645823,8.38367401339748,13.797214314481,8.29488213493778,13.8237370837261,8.19135597551999,13.8363381253047,8.08033225919037
199.5,13.14503964754,8.67356262917983,13.2468248710323,8.63455644678718,13.3450122495821,8.59070933831396,13.445488321481,8.55205943007212,13.5579143702157,8.50393957110423,13.6503242990896,8.46307009844085,13.7331644762772,8.38603936425658,13.797844622418,8.29830319949479,13.8250871687173,8.19514946197187,13.8380458520931,8.08406981619875
199.666666666667,13.1432035183249,8.67469151803018,13.2445146107874,8.63546066333433,13.342687682228,8.59137387698102,13.4434437604866,8.55251396426659,13.5561230873333,8.50487870261912,13.6484441340234,8.46466031053717,13.7324647724971,8.388370815935,13.7983190359106,8.30154312373521,13.8263646452012,8.19878993362139,13.8397246857965,8.08777040605445
199.833333333333,13.1413608837182,8.67581816207898,13.2422836469996,8.63636274912008,13.3403998333158,8.5920495180194,13.4413951676204,8.55298945145006,13.5542976075245,8.50581122603448,13.6465870244029,8.46614673782186,13.7317622747176,8.39066575794,13.7986180140244,8.30457711815268,13.827556289928,8.20225432786178,13.8413630566222,8.09142306701242
200,13.1395099555443,8.67694177265495,13.2401428073833,8.63726373375087,13.3381538981152,8.59273820084004,13.439342276936,8.55348972113566,13.5524359705384,8.50673845532511,13.6447621986971,8.46752169412704,13.7310610044143,8.39292157977887,13.7987220158255,8.30738039324083,13.8286488796478,8.20551958208629,13.8429493947771,8.09501683732762
200.166666666667,13.1376289746498,8.67804958538302,13.2380653492675,8.63815018544561,13.3359287806325,8.59342994450424,13.4372934924369,8.55403023442092,13.550536577437,8.50769293054493,13.642947414174,8.46883586160893,13.7303303269742,8.39518919361433,13.7987022138133,8.31001317129741,13.8297129859472,8.20862407625168,13.8445454247356,8.09856649572776
200.333333333333,13.1357028922537,8.67913246796561,13.2360165896241,8.63901036928528,13.3337014957959,8.59411456917521,13.4352557579313,8.55461867310404,13.5485995468018,8.50869906328116,13.6411135015412,8.47014205215934,13.7295376091852,8.39751236527067,13.7986436163675,8.31255639297698,13.830820903748,8.21162780264154,13.8462139785945,8.10209679306544
200.5,13.1337399857391,8.6801950798476,13.2339954456312,8.63984786016959,13.331474405258,8.59479371591668,13.4332266171792,8.55524719774914,13.5466254946613,8.50974597480854,13.6392592994265,8.47143577421368,13.7286838746244,8.3998777647475,13.7985474363744,8.31501634630835,13.8319619948032,8.21454011713934,13.8479451479944,8.10561172578293
200.666666666667,13.1317485324891,8.68124208047392,13.2320008344672,8.64066623299821,13.3292498706712,8.59546902579239,13.4312036139406,8.55590796892034,13.5446150370437,8.5108227864018,13.6373836464578,8.47271253620741,13.7277701468685,8.40227206204438,13.7984148867204,8.31739931932036,13.8331256208654,8.21737037562855,13.8497290245761,8.1091152903225
200.833333333333,13.129736809887,8.68227812928945,13.23003167331,8.64146906267083,13.3270302536878,8.59614213986607,13.4291842919754,8.55659314718177,13.5425687899774,8.51191861933566,13.6354853812629,8.47396784657594,13.7267974494947,8.40468192716093,13.7982471802918,8.31971160004181,13.8343011436874,8.22012793399265,13.8515556999804,8.11261148312641
201,13.127713095316,8.68330788573909,13.228086879338,8.64225992408712,13.3248179159603,8.59681469920145,13.4271661950438,8.55729489309754,13.540487369491,8.51302259488487,13.6335633424698,8.47519721375471,13.7257668060797,8.40709403009671,13.798045529975,8.32195947650153,13.8354779250222,8.22282214811512,13.853415265848,8.11610430063693
201.166666666667,13.1256856661593,8.68433600926776,13.2261653697292,8.64304239214677,13.3226152191411,8.59748834486226,13.4251468669058,8.55800536723179,13.5383713916126,8.51412383432415,13.6316163687062,8.47639614617917,13.7246792402006,8.40949504085133,13.7978111486564,8.32414923672834,13.8366453266224,8.22546237387942,13.8552978138195,8.11959773929633
201.333333333333,13.1236627997999,8.68536715932034,13.2242660616619,8.64382004174945,13.3204245248827,8.59816471791224,13.4231238513213,8.55871673014862,13.5362214723707,8.51521145892825,13.6296432986,8.47756015228474,13.7235357754343,8.41187162942438,13.7975452492221,8.32628716875107,13.837792710241,8.22805796716903,13.8571934355358,8.12309579554687
201.5,13.1216527736212,8.68640599534174,13.2223878723143,8.64459644779485,13.3182481948375,8.59884545941511,13.4210946920505,8.55942114241216,13.5340382277937,8.51627458997188,13.6276429707792,8.47868474050686,13.7223374353577,8.41421046581544,13.7972490445587,8.32837956059853,13.8389094376306,8.23061828386743,13.8590922226376,8.12660246583081
201.666666666667,13.1196638650062,8.68745717677686,13.2205297188644,8.64537518518266,13.3160885906579,8.59953221043462,13.4190569328532,8.56011076458655,13.53182227391,8.51730234872979,13.6256142238715,8.47976541928096,13.7210852435477,8.4164982200241,13.7969237475524,8.33043270029955,13.839984870544,8.23315267985809,13.8609842667655,8.13012174659044
201.833333333333,13.1177043513382,8.68852536307059,13.2186905184906,8.64615982881255,13.3139480739963,8.60022661203449,13.4170081174896,8.56077775723588,13.5295742267479,8.5182838564767,13.6235558965049,8.48079769704248,13.7197802235813,8.41872156204995,13.7965705710896,8.33245287588294,13.8410083707342,8.23567051102449,13.8628596595604,8.133657634268
202,13.1157825100003,8.68961521366785,13.216869188371,8.6469539535842,13.3118290065052,8.60093030527845,13.4149457897197,8.5614142809243,13.5272947023358,8.51920823448735,13.6214668273073,8.48177708222685,13.7184233990355,8.42086716189259,13.7961907280567,8.33444637537753,13.8419692999539,8.23818113325009,13.8647084926629,8.13721412530577
202.166666666667,13.1139066183758,8.69073138801353,13.2150646456837,8.6477611343973,13.309733749837,8.60164493123025,13.4128674933034,8.56201249621591,13.5249843167021,8.52006460403648,13.6193458549064,8.48269908326951,13.7170157934871,8.42292168955159,13.7957854313399,8.33641948681214,13.8428570199559,8.24069390241839,13.8665208577139,8.14079521614601
202.333333333333,13.1120849538478,8.69187854555253,13.2132758076069,8.64858494615153,13.3076646656442,8.6023721309536,13.4107707720008,8.56256456367485,13.5226436858752,8.52084208639881,13.6171918179301,8.48355920860589,13.715558430513,8.42487181502656,13.7953558938256,8.33837849821559,13.8436608924929,8.24321817441284,13.8682868463539,8.14440490323099
202.5,13.1103257937995,8.69306134572975,13.2115015913189,8.64942896374656,13.3056241155791,8.60311354551225,13.408653169572,8.56306264386524,13.5202734258835,8.52152980284908,13.6150035550064,8.48435296667143,13.7140523336904,8.42670420831708,13.7949033284001,8.3403296976167,13.8443702793178,8.24576330511692,13.8699965502238,8.14804718300297
202.666666666667,13.1086374156141,8.69428444799009,13.2097409139978,8.65029676208209,13.3036144612942,8.60387081596992,13.4065122297769,8.56349889735118,13.5178741527552,8.52211687466202,13.6127799047631,8.48507586590156,13.7124985265959,8.42840553942273,13.7944289479498,8.34227937304429,13.8449745421835,8.24833865041412,13.8716400609644,8.15172605190423
202.833333333333,13.1070280966747,8.69555251177845,13.2079926928218,8.65119191605779,13.301638064442,8.60464558339035,13.4043454963756,8.56386548469683,13.5154464825189,8.52259242311237,13.610519705828,8.48572341473171,13.7108980328067,8.42996247834312,13.7939339653611,8.34423381252718,13.8454630428426,8.25095356618789,13.8732074702162,8.15544550637703
203,13.1055061143646,8.69687019653974,13.206255844969,8.65211800057334,13.2996972866748,8.60543948883727,13.4021505131281,8.56415456646628,13.5129910312029,8.52294556947485,13.6082217968291,8.48629112159733,13.7092518758996,8.43136169507783,13.7934195935202,8.3461993040942,13.8458251430481,8.25361740832173,13.87468886962,8.15920954286363
203.166666666667,13.1040797460669,8.69824216171885,13.2045292876176,8.65307859052843,13.2977944896451,8.60625417337441,13.3999248237944,8.56435830322366,13.5105084148356,8.5231654350242,13.6058850163941,8.48677449493384,13.7075610794515,8.43258985962644,13.7928870453136,8.34818213577417,13.8460502045526,8.25633953269909,13.8760743508167,8.1630221578063
203.333333333333,13.1027572691648,8.69967306676068,13.2028119379459,8.65407726082274,13.2959320350053,8.60709127806551,13.3976659721346,8.5644688555331,13.5079992494453,8.52324114103516,13.603508203151,8.48716904317668,13.7058266670394,8.43363364198856,13.7923375336274,8.3501885955959,13.8461275891091,8.25912929520347,13.8773540054469,8.1668873476473
203.5,13.1015308688817,8.70118028325084,13.2011155371002,8.65510776418955,13.2941279825711,8.60795680203518,13.3953695328407,8.56452596899654,13.5054382584149,8.52321382845594,13.6010719674664,8.48751441854545,13.7039668111038,8.43455683264639,13.7916386753634,8.35219961354359,13.8460810669357,8.26196376186509,13.878595805737,8.17080511488492
203.666666666667,13.1003816611318,8.70277471432063,13.1994504008261,8.65616191325439,13.2923931299447,8.60885414168855,13.3930345303056,8.56457520299503,13.5028037628841,8.52313565797058,13.5985610240517,8.48785251552254,13.7019089919646,8.43543367873991,13.7906697173809,8.35419276703736,13.8459443503509,8.26481384311004,13.8798675780806,8.17477126622978
203.833333333333,13.0993013193344,8.7044513167335,13.1978133082007,8.65724037275528,13.2907189454583,8.60978103401013,13.3906636828403,8.56461743876131,13.5001017755164,8.52301228045755,13.5959803680525,8.48818220593752,13.6996681950185,8.43626653525526,13.7894493175036,8.35616931525997,13.8457217142576,8.26767966141553,13.8811591953684,8.17878350444275
204,13.0982815169089,8.70620504725288,13.196201038301,8.65834380743026,13.2890968974439,8.61073521598442,13.3882597087558,8.56465355752813,13.4973383089752,8.52284934679531,13.5933349946141,8.48850236162,13.6972594056622,8.43705775717863,13.7879961335548,8.35813051739416,13.8454174335584,8.27056133925877,13.8824605304915,8.18283953228464
204.166666666667,13.0973139272747,8.70803086264223,13.1946103702039,8.65947288201735,13.2875184542337,8.61171442459593,13.3858253263631,8.56468444052823,13.4945193759239,8.52265250786231,13.590629898882,8.48881185439954,13.6946976092922,8.43780969949618,13.7863288233581,8.36007763262266,13.8450357831565,8.27345899911698,13.8837614563408,8.18693705251632
204.333333333333,13.0963902238509,8.70992371966499,13.1930380829866,8.66062826125458,13.2859750841598,8.61271639682915,13.3833632539734,8.56471096899435,13.491650989026,8.52242741453701,13.5878700760017,8.48910955610576,13.6919977913052,8.43852471719409,13.784466044737,8.36201192012822,13.8445810379545,8.27637276346738,13.8850518458073,8.1910737678986
204.5,13.0955020800571,8.7118785750846,13.1914809557259,8.66181060987998,13.2844582555544,8.6137388696686,13.3808762098975,8.56473402415925,13.4887391609451,8.52217971769787,13.5850605211186,8.48939433856823,13.6891749370978,8.43920516525852,13.7824264555149,8.36393463909358,13.8440574728554,8.27930275478718,13.886321571782,8.19524738119234
204.666666666667,13.0946411693126,8.71389038566452,13.1899357674989,8.66302059263158,13.2829594367494,8.61477958009877,13.3783669124465,8.56475448725567,13.4857899043444,8.52191506822336,13.5822062293782,8.48966507361654,13.6862440320666,8.43985339867564,13.7802287135154,8.36584704870148,13.843469362762,8.2822490955536,13.8875605071557,8.19945559515837
204.833333333333,13.0937991650366,8.71595410816818,13.1883992973827,8.6642588742474,13.2814700960772,8.61583626510417,13.3758380799315,8.56477323951636,13.4828092318876,8.52163911699193,13.5793121959258,8.48992063308028,13.6832200616082,8.44047177243163,13.7778914765619,8.36775040813466,13.8428209825772,8.28521190824385,13.8887585248195,8.20369611255754
205,13.0929677406485,8.71806469935902,13.1868683244542,8.66552611946548,13.2799817018697,8.6169066616693,13.3732924306634,8.56479116217406,13.479803156238,8.52135751488204,13.5763834159069,8.49015988878905,13.6801180111192,8.44106264151265,13.775433402478,8.36964597657587,13.8421166072038,8.28819131533516,13.8899054976643,8.20796663615067
205.166666666667,13.0921385695677,8.72021711600051,13.1853396277904,8.66682299302384,13.2784857224592,8.61798850677866,13.3707326829532,8.56480913646152,13.4767776900592,8.52107591277215,13.573424884467,8.49038171257242,13.6769528659963,8.44162836090488,13.772873149087,8.37153501320785,13.8413605115447,8.29118743930473,13.8909912985811,8.21226486869862
205.333333333333,13.0913033252135,8.72240631485607,13.1838099864684,8.66815015966051,13.2769736261777,8.61907953741677,13.3681615551121,8.56482804361148,13.4737388460145,8.52079996154071,13.5704415967514,8.49058497625999,13.673739611636,8.44217128559448,13.7702293742126,8.37341877721334,13.8405569705028,8.29420040262979,13.8920058004608,8.21658851296221
205.5,13.0904536810053,8.72462725268915,13.1822761795651,8.66950828411351,13.2754368813573,8.62017749056812,13.365581765451,8.56484876485669,13.4706926367676,8.5205353120662,13.5674385479057,8.49076855168135,13.670493233435,8.44269377056763,13.7675207356782,8.37529852777508,13.8397102589809,8.29723032778755,13.8929388761944,8.2209352717023
205.666666666667,13.0895813103624,8.72687488626321,13.1807349861576,8.67089803112089,13.2738669563302,8.62128010321721,13.362996032281,8.5648721814299,13.4676450749817,8.52028761522706,13.5644207330753,8.49093131066609,13.6672287167899,8.44319817081049,13.7647658913072,8.37717552407581,13.8388246518818,8.30027733725522,13.8937803986729,8.22530284767971
205.833333333333,13.0886778867041,8.72914417234168,13.1791831853229,8.67232006542065,13.2722553194285,8.62238511234855,13.360407073913,8.56489917456386,13.4646021733204,8.52006252190177,13.5613931474055,8.49107212504378,13.6639610470974,8.44368684130924,13.7619834989233,8.37905102529828,13.8379044241086,8.30334155351002,13.8945202407871,8.2296889436553
206,13.0877350834498,8.73143006768801,13.1776175561379,8.67377505175085,13.2705934389844,8.62349025494665,13.357817608658,8.5649306254913,13.4615699444471,8.51986568296876,13.558360786042,8.49118986664403,13.6607052097539,8.44416213705004,13.7591922163498,8.38092629062522,13.8369538505639,8.30642309902917,13.8951482754282,8.23409126238989
206.166666666667,13.0867445740188,8.73372752906564,13.1760348776798,8.67526365484949,13.2688727833299,8.624593267996,13.3552303548272,8.56496741544497,13.4585544010253,8.51970274930652,13.55532864413,8.49128340729643,13.6574761901562,8.44462641301906,13.7564107014102,8.38280257923939,13.8359772061507,8.30952209628989,13.895654375487,8.23850750664433
206.333333333333,13.0856980318305,8.73603151323803,13.1744319290254,8.67678653945461,13.2670848207971,8.62569188848112,13.3526480307316,8.56501042565763,13.4555615557185,8.51957937179349,13.552301716815,8.49135161883055,13.6542889737008,8.44508202420249,13.7536576119281,8.38468115032351,13.8349787657717,8.31263866776938,13.8960284138544,8.24293537917946
206.5,13.0845871303042,8.73833697696861,13.1728054892519,8.67834437030425,13.2652210197183,8.6267838533865,13.350073354682,8.56506053736202,13.45259742119,8.51950120130814,13.5492849992425,8.49139337307599,13.6511585457844,8.44553132558647,13.7509516057269,8.38656326306034,13.83396280433,8.31577293594487,13.8962602634215,8.24737258275611
206.666666666667,13.0834035428592,8.74063887702082,13.1711523374362,8.67993781213642,13.2632728484254,8.62786689969664,13.3475090449897,8.56511863179087,13.4496680101035,8.51947388872892,13.5462834865579,8.49140754186234,13.6480998918036,8.4459766721572,13.7483113406302,8.38845017663261,13.8329335967284,8.31892502329357,13.8963397970792,8.25181682013513
206.833333333333,13.0821185899367,8.74298054817703,13.1694731723935,8.68161046266949,13.2612104842956,8.62894471352327,13.3449452158211,8.56524443656581,13.4467565962853,8.51950204168654,13.5432648773258,8.49134854090939,13.6450521248375,8.44642782321216,13.7456202442217,8.39040850778623,13.8317450066954,8.32217790294193,13.8962356321142,8.25636671557799
207,13.0807176420685,8.74540295120751,13.1677722877608,8.68339813864279,13.2590184146376,8.63002293680688,13.342370797935,8.5654912935501,13.4438428015538,8.51958394722993,13.5401975789456,8.49117967611303,13.6419491669385,8.44689047140298,13.7427621586018,8.39248935243135,13.8302661918356,8.3255971529305,13.8959337424631,8.26110308011774
207.166666666667,13.0792134478101,8.74789748185762,13.1660518548485,8.68528983332576,13.2567095726815,8.63110224027514,13.3397867345306,8.56585050533902,13.4409271605601,8.51971577536482,13.537087649815,8.49091315456696,13.6387982169627,8.44736087174702,13.7397563633684,8.39467068849707,13.8285243678656,8.32915680310768,13.8954500359922,8.26599689667265
207.333333333333,13.0776187557169,8.75045553587272,13.1643140449668,8.68727453998784,13.2542968916573,8.63218329465574,13.3371939688071,8.56631337452785,13.4380102079553,8.51989369609697,13.5339411483317,8.4905611833649,13.6356064737665,8.44783527926163,13.7366221381197,8.39693049391247,13.826546750502,8.33283088332183,13.8948004205677,8.27101914816093
207.5,13.0759463143444,8.75306850899815,13.1625610294257,8.68934125189849,13.2517933047948,8.63326677067634,13.3345934439637,8.56687120371186,13.4350924783906,8.52011387943214,13.5307641328934,8.49013596960056,13.6323811362062,8.44830994896416,13.7333787624535,8.39924674660666,13.8243605554614,8.33659342342134,13.8940008040557,8.27614081750084
207.666666666667,13.0742088722481,8.75572779697928,13.1607949795357,8.69147896232716,13.249211745324,8.63435333906464,13.3319861031997,8.56751529548632,13.4321745065171,8.52037249537607,13.5275626618979,8.48964972036766,13.629129403138,8.44878113587195,13.7300455159681,8.40159742450872,13.8219929984604,8.3404184532546,13.8930670943225,8.2813328876106
207.833333333333,13.0724191779835,8.75842479556147,13.1590180666068,8.69367666454328,13.2465651464749,8.6354436705483,13.3293728897142,8.56823695244651,13.4292568269861,8.52066571393451,13.5243427937427,8.48911464275991,13.6258584734184,8.44924509500237,13.7266416782614,8.40396050554775,13.8194712952156,8.34428000266998,13.8920151992341,8.28656634140847
208,13.0705899801061,8.76115090049005,13.1572324619494,8.69592335181632,13.2438664414774,8.63653843585501,13.3267547467065,8.56902747718769,13.4263399744485,8.52098970511322,13.5211105868257,8.48854294387101,13.6225755459035,8.44969808137276,13.7231865289315,8.40631396765285,13.8168226614437,8.34815210151587,13.8908610266569,8.29181216181268
208.166666666667,13.0687340271713,8.76389750751039,13.1554403368735,8.69820801741571,13.2411285635616,8.63763830571244,13.3241326173757,8.56987817230514,13.4234244835557,8.52134063891794,13.5178720995445,8.48794683079469,13.6192878194496,8.45013635000047,13.7196993475763,8.4086357887531,13.8140743128612,8.35200877964064,13.8896204844569,8.29704133174147
208.333333333333,13.0668640677347,8.76665601236785,13.1536438626894,8.7005196546109,13.2383644459573,8.63874395084827,13.3215074449212,8.57078034039413,13.4205108889587,8.52171468535444,13.5146333902969,8.48733851062466,13.6160024929131,8.45055615590285,13.716199413794,8.41090394677761,13.8112534651847,8.35582406689269,13.8883094805004,8.30222483411307
208.5,13.0649928503517,8.76941781080777,13.1518452107074,8.70284725667134,13.2355870218945,8.63985604199018,13.318880172542,8.57172528404993,13.4175997253087,8.52210801442845,13.5114005174804,8.48673019045463,13.6127267651502,8.45095375409726,13.7127060071826,8.41309641965546,13.8083873341309,8.35957199312039,13.8869439226536,8.30733365184574
208.666666666667,13.0631331235777,8.77217429857551,13.1500465522375,8.70517981686649,13.2328092246032,8.64097524986584,13.3162517434375,8.57270430586782,13.4146915272569,8.52251679614574,13.5081795394929,8.48613407737831,13.6094678350173,8.45132539960106,13.7092384073402,8.41519118531575,13.8055031354163,8.36322658817213,13.8855397187826,8.3123387678577
208.833333333333,13.0612976359683,8.77491687141644,13.1482500585901,8.70750632846578,13.2300439873133,8.64210224520294,13.3136231008068,8.57370870844307,13.4117868294544,8.52293720051205,13.504976514732,8.48556237848941,13.6062329013706,8.45166734743157,13.7058158938647,8.41716622168758,13.8026280847576,8.36676188189628,13.8841127767536,8.3172111650672
209,13.059499136079,8.77763692507589,13.1464579010754,8.70981578473866,13.2273042432548,8.64323769872915,13.3109951878492,8.57472979437095,13.4088861665523,8.52336539753314,13.5017975015955,8.48502730088166,13.6030291630664,8.45197585260617,13.7024577463542,8.41899950670004,13.7997893978714,8.37015190414123,13.8826790044328,8.32192182639248
209.166666666667,13.0577503724652,8.78032585529924,13.1446722510035,8.71209717895459,13.2246029256577,8.64438228117214,13.3083689477638,8.57575886624674,13.4059900732018,8.52379755721476,13.4986485584809,8.48454105164876,13.5998638189611,8.4522471701422,13.6991832444067,8.42066901828222,13.7970142904742,8.37337068475536,13.8812543096864,8.32644173475177
209.333333333333,13.0560640936824,8.78297505783182,13.1428952796847,8.714339504383,13.2219529677519,8.64553666325961,13.3057453237498,8.5767872266657,13.403099084054,8.52422984956265,13.4955357437861,8.48411583788442,13.5967440679108,8.45247755505701,13.6960116676203,8.42215273436322,13.7943299782828,8.37639225358706,13.8798546003806,8.33074187306332
209.5,13.0544530482861,8.785575928419,13.1411291584291,8.71653175429335,13.2193673027673,8.64670151571921,13.3031252590066,8.57780617822311,13.4002137337602,8.52465844458258,13.4924651159088,8.48376386668236,13.593677108772,8.45266326236795,13.6929622955931,8.42342863287214,13.7917636770136,8.3791906404847,13.8784957843815,8.33479322424536
209.666666666667,13.0529299848318,8.78811986280613,13.1393760585471,8.71866292195509,13.2168588639339,8.64787750927864,13.3005096967332,8.57880702351424,13.3973345569713,8.52507951228029,13.4894427332466,8.48349734513629,13.5906701404008,8.45280054709239,13.690054407923,8.42447469173806,13.7893426023833,8.38173987529666,13.8771937695553,8.33856677121614
209.833333333333,13.0515076518749,8.79059825673856,13.1376381513487,8.72072200063766,13.2144405844817,8.64906531466556,13.297899580129,8.57978106513437,13.3944620883387,8.52548922266153,13.4864746541972,8.48332848033993,13.5877303616537,8.45288566424765,13.6873072842081,8.42526888889008,13.7870939701086,8.38401398787134,13.8759644637683,8.34203349689389
210,13.0501987979709,8.79300250596166,13.1359176081443,8.7226979836105,13.2121253976407,8.65026560260766,13.295295852393,8.58071960567877,13.3915968625135,8.52588374573206,13.4835669371584,8.48326947938698,13.5848649713868,8.45291486885111,13.6847402040465,8.4257892022573,13.7850449959059,8.3859870080571,13.8748237748866,8.34516438419686
210.166666666667,13.0489555731182,8.79535794483135,13.1341953845015,8.72461171849744,13.2098749001302,8.65147820572567,13.2926711855335,8.58165990294977,13.3887238387505,8.52628107867598,13.4807067708339,8.48329425983765,13.582066539423,8.45289582354488,13.6823196780095,8.42615888522928,13.7831400022289,8.38778356184011,13.8737440752715,8.34806763382336
210.333333333333,13.0477232648954,8.79769531131869,13.1324538252666,8.72649318032949,13.2076426895242,8.65270234530514,13.2900028787241,8.58264236972097,13.3858304922618,8.52670034898688,13.4778763934258,8.4833656985112,13.5793199324066,8.45284075064971,13.6799935521376,8.42651545147869,13.7813010396481,8.38954321591919,13.8726845711913,8.35087297705703
210.5,13.0465043282289,8.80001410659172,13.1306971856673,8.72834505348689,13.2054297003339,8.65393777507105,13.2872988159129,8.58366304104454,13.3829211316343,8.52713942213474,13.4750744375791,8.48347944138997,13.5766207944256,8.45275274470083,13.677753109232,8.42685826935922,13.7795219160557,8.39126241121171,13.8716414213724,8.35358369269412
210.666666666667,13.045301218045,8.80231383181849,13.1289297209315,8.73017002234987,13.203236867071,8.65518424874834,13.2845668810478,8.58471795197266,13.3800000654549,8.52759616358951,13.4722995359389,8.48363113445628,13.5739647695683,8.45263490023352,13.6755896320944,8.42718670722458,13.7777964393438,8.39293758863506,13.8706107845415,8.35620305953083
210.833333333333,13.0441163892699,8.80459398816704,13.127155686287,8.73197077129869,13.2010651242468,8.65644152006197,13.2818149580765,8.5858031375575,13.3770716023105,8.52806843882117,13.4695503211502,8.48381642369247,13.5713475019229,8.45249031178301,13.673494403526,8.42750013342847,13.7761184174047,8.39456518910664,13.869588819425,8.35873435636339
211,13.0429522968299,8.8068540768054,13.1253793369616,8.73374998471358,13.1989154063728,8.65770934273689,13.2790509309471,8.58691463285123,13.3741400507879,8.52855411329968,13.4668254258581,8.48403095508086,13.5687646355775,8.45232207388457,13.6714587063283,8.42779791632461,13.7744816581304,8.39614165354381,13.8685716847495,8.36118086198803
211.166666666667,13.0418113956513,8.80909359890161,13.1236049281831,8.7355103469748,13.1967886479605,8.65898747049806,13.2762826836073,8.58804847290602,13.3712097194739,8.529051052495,13.4641234827076,8.48427037460378,13.5662118146204,8.45213328107345,13.6694738233027,8.4280794242667,13.7728799694132,8.39766342286396,13.8675555392416,8.36354585520098
211.333333333333,13.0406961406603,8.81131205562373,13.1218367151793,8.73725454246257,13.1946857835212,8.66027565707043,13.2735181000053,8.58920069277403,13.3682849169556,8.52955712187712,13.4614431243438,8.48453032824357,13.5636846831398,8.45192702788491,13.6675310372507,8.42834402560845,13.7713071591453,8.39912693798447,13.8665365416277,8.36583261479845
211.5,13.0396089867832,8.81350894813978,13.1200789531781,8.73898525555715,13.1926077475665,8.66157365617895,13.2707650640887,8.59036732750745,13.3653699518196,8.53007018691599,13.4587829834118,8.48480646198254,13.5611788852239,8.4517064088542,13.6656216309736,8.42859108870356,13.7697570352188,8.40052863982274,13.8655108506344,8.36804441957667
211.666666666667,13.0385523889463,8.81568377761782,13.1183358974072,8.74070517063878,13.1905554746079,8.66288122154858,13.2680314598055,8.59154441215845,13.362469132653,8.53058811308158,13.4561416925566,8.48509442180304,13.5586900649608,8.45147451851656,13.663736887273,8.42881998190573,13.7682234055258,8.40186496929613,13.8644746249882,8.37018454833188
211.833333333333,13.0375288020759,8.81783604522587,13.1166118030945,8.7424169720877,13.1885298991567,8.66419810690427,13.2653251711037,8.59272798177919,13.3595867680426,8.53110876584386,13.4535178844233,8.48538985368739,13.5562138664388,8.45123445140727,13.6618680889502,8.42903007356868,13.7667000779586,8.40313236732205,13.8634240234157,8.37225627986028
212,13.0365406810982,8.81996525213198,13.1149109254678,8.74412334428416,13.1865319557244,8.66552406597099,13.2626540819311,8.59391407142184,13.3567271665752,8.53163001067279,13.4509101916569,8.48568840361792,13.5537459337461,8.45098930206156,13.6600065188066,8.42922073204612,13.7651808604093,8.40432727481786,13.8623552046434,8.37426289295811
212.166666666667,13.0355904809394,8.8220708995042,13.1132375197548,8.74582697160839,13.1845625788225,8.66685885247367,13.2600260762357,8.59509871613859,13.3538946368377,8.53214971303836,13.4483172469025,8.48598571757696,13.5512819109709,8.4507421650147,13.6581434596437,8.42939132569173,13.7636595607702,8.40544613270095,13.8612643273979,8.3762076664216
212.333333333333,13.034680656526,8.82415248851056,13.1115958411834,8.74753053844064,13.1826227029625,8.66820222013728,13.2574490379652,8.59627795098159,13.3510934874171,8.53266573841051,13.4457376828052,8.48627744154684,13.5488174422014,8.45049613480194,13.6562701942629,8.42954122285924,13.7621299869332,8.4064853818887,13.8601475504056,8.37809387904695
212.5,13.0338136627841,8.8262095203191,13.1099901449815,8.74923672916115,13.1807132626557,8.66955392268677,13.2549308510677,8.59744781100302,13.3483280269001,8.53317595225922,13.4431701320099,8.48655922150989,13.5463481715257,8.45025430595854,13.6543780054657,8.42966979190235,13.7605859467908,8.40744146329851,13.8590010323931,8.37992480963041
212.666666666667,13.03299195464,8.82824149609787,13.1084246863768,8.75094822815018,13.1788351924137,8.67091371384709,13.252479399491,8.59860433125506,13.3456025638737,8.53367822005446,13.4406132271618,8.48682670344843,13.5438697430321,8.45001977301974,13.6524581760534,8.42977640117477,13.7590212482349,8.40831081784774,13.8578209320869,8.3817037369682
212.833333333333,13.0322179870199,8.83024791701491,13.1069037205971,8.75266771978794,13.1769894267478,8.6722813473432,13.2501025671831,8.59974354678986,13.3429214069247,8.53417040726619,13.4380656009059,8.48707553334481,13.5413778008088,8.4497956305208,13.6505019888275,8.42986041903019,13.7574296991578,8.40908988645379,13.8566034082137,8.38343393985654
213,13.0314942148503,8.83222828423825,13.1054315028702,8.7543978884547,13.1751769001696,8.67365657690006,13.2478082380917,8.60086149265962,13.34028886464,8.53465037936438,13.4355258858873,8.48730135718133,13.538867988944,8.44958497299698,13.6485007265893,8.42992121382234,13.7558051074517,8.40977511003404,13.8553446194998,8.38511869709165
213.166666666667,13.0308230930572,8.83418209893594,13.1040122884241,8.7561414185307,13.1733985471905,8.67503915624261,13.2456042961649,8.60195420391649,13.3377092456064,8.535116001819,13.432992714751,8.48749982094035,13.5363359515258,8.44939089498353,13.6464456721404,8.42995815390491,13.7541412810087,8.41036292950587,13.8540407246719,8.38676128746976
213.333333333333,13.0302070765671,8.83610886227601,13.1026503324864,8.75790099439617,13.171655302322,8.67642883909581,13.2434986253505,8.60301771561264,13.3351868584109,8.53556514010001,13.4304647201422,8.48766657060418,13.5337773326425,8.4492164910157,13.6443281082822,8.42997060763161,13.752432027721,8.41084978578666,13.8526878824564,8.3883649897871
213.5,13.0296433614714,8.83800015241776,13.101336281716,8.75967640266247,13.1699377542935,8.67784282459399,13.2414480788109,8.60406325669845,13.3326923221479,8.53600954062864,13.4279330541021,8.48781785387121,13.5311787628983,8.44905876965509,13.6421498488559,8.42995384167197,13.7506931088057,8.41128078874466,13.851273237649,8.38997733845321
213.666666666667,13.0291242745077,8.83985043092637,13.1000565160309,8.76146427328284,13.1682365523426,8.67929510912886,13.2394072532103,8.60510450294068,13.3301965812439,8.53646110014889,13.4253922363221,8.48797205173595,13.528534881042,8.44891163085209,13.6399225337498,8.42990473393082,13.7489442070773,8.41170249761237,13.8497893613398,8.39163449149935
213.833333333333,13.0286449665716,8.84166352407878,13.0988088905469,8.76326255565035,13.1665527217429,8.68078064231151,13.2373806477494,8.60614115961608,13.3277044322832,8.53691790961494,13.4228459509218,8.48812801012488,13.5258533433794,8.44877350622516,13.6376521848355,8.42982506961481,13.7471850128239,8.41211352735357,13.8482405516975,8.39332266315431
214,13.0282005885583,8.84344325815193,13.0975912603804,8.76506919915809,13.164887287768,8.68229437375299,13.235372761629,8.60717293200142,13.3252206718505,8.53737805998094,13.4202978820211,8.48828457496449,13.5231418062157,8.44864282739275,13.6353448239849,8.42971663393059,13.7454152163338,8.41251249293206,13.8466311068909,8.39502806764685
214.166666666667,13.0277862913633,8.84519345942273,13.0964014806474,8.76688215319914,13.1632412756915,8.68383125306437,13.2333880940499,8.60819952537346,13.3227500965303,8.53783964220108,13.4177517137397,8.48844059218129,13.5204079258567,8.44851802597331,13.6330064730696,8.42958121208481,13.7436345078951,8.41289800931161,13.8449653250884,8.39673691920576
214.333333333333,13.027397225882,8.84691795416812,13.095237406464,8.76869936716657,13.1616157107871,8.68538622985673,13.2314311442129,8.60922064500896,13.3202975029072,8.53830074722952,13.4152111301972,8.48859490770178,13.5176593586078,8.44839753358532,13.6306431539615,8.42942058928413,13.741842577796,8.41326869145601,13.8432475044589,8.39843543205983
214.5,13.0270285430098,8.84862056866502,13.0940968929465,8.77051879045346,13.1600116183282,8.68695425374112,13.2295064113187,8.61023599618468,13.3178676875656,8.53875946602043,13.4126798155135,8.48874636745243,13.5149037607745,8.44827978184722,13.6282608885321,8.42923655073518,13.7400391163248,8.41362315432906,13.8414819431709,8.40010982043782
214.666666666667,13.0266753936421,8.85030512919037,13.0929777952108,8.7723383724529,13.1584300235885,8.68853027432862,13.2276183945681,8.61124528417739,13.3154654470902,8.53921388952797,13.4101614538082,8.48889381735975,13.5121487886623,8.44816320237746,13.6258656986533,8.42903088164463,13.7382238137695,8.41396001289452,13.8396729393932,8.40174629856852
214.833333333333,13.0263329286744,8.85197546202109,13.0918779683731,8.77415606255797,13.1568719518416,8.6901092412303,13.2257715931618,8.61224821426385,13.3130955780654,8.53966210870632,13.4076597292012,8.48903610335022,13.5094020985769,8.44804622679451,13.6234636061967,8.42880536721912,13.7363963604185,8.4142778821162,13.8378247912942,8.40333108068071
215,13.025996299002,8.85363539343412,13.0907952675496,8.77596981016174,13.1553384283611,8.69168610405723,13.2239705063007,8.61324449172081,13.3107628770759,8.54010221450964,13.405178325812,8.48917207135036,13.5066713468236,8.44792728671683,13.6210606330342,8.42856179266531,13.7345564465599,8.41457537695787,13.8359417970428,8.40485038100317
215.166666666667,13.0256606555204,8.85528874970638,13.0897275478564,8.77777756465729,13.1538304784206,8.69325581242046,13.2222196331855,8.61423382182504,13.3084721407062,8.54053229789211,13.4027209277606,8.48930056728664,13.5039641897079,8.44780481376286,13.6186628010373,8.42830194318984,13.7327037624819,8.41485111238332,13.8340282548076,8.40629041376468
215.333333333333,13.0253211491249,8.8569393571148,13.0886726644096,8.77957727543771,13.1523491272936,8.69481331593107,13.2205234730169,8.6152159098533,13.3062281655408,8.5409504498079,13.4002912191665,8.48942043708557,13.5012882835356,8.44767723955107,13.616276132078,8.42802760399936,13.7308379984727,8.41510370335633,13.8320884627572,8.40763739319402
215.5,13.024972930711,8.85859104193631,13.0876284723253,8.78136689189607,13.1508954002539,8.69635356420013,13.2188865249958,8.61619046108235,13.3040357481642,8.54135476121116,13.3978928841496,8.48953052667363,13.4986512846119,8.44754299569992,13.6139066480278,8.42774056030053,13.7289588448204,8.4153317648407,13.8301267190603,8.40887753351996
215.666666666667,13.0246111511741,8.86024763044783,13.0865928267197,8.78314436342545,13.1494703225749,8.69787150683871,13.2173132883228,8.61715718078896,13.301899685161,8.54174332305607,13.3955296068296,8.48962968197733,13.4960608492425,8.44740051382785,13.6115603707586,8.4274425973,13.7270659918133,8.41553391180019,13.8281473218855,8.4099970489713
215.833333333333,13.0242309614095,8.86191294892631,13.0855635827089,8.78490763941893,13.1480749195302,8.69936209345787,13.2158082621988,8.61811577424988,13.2998247731158,8.5421142262968,13.3932050713262,8.48971674892315,13.4935246337329,8.44724822555333,13.6092433221421,8.42713550020441,13.7251591297396,8.41570875919862,13.8261545694015,8.4109821537768
216,13.0238275123128,8.86359082364866,13.084538595409,8.78665466926959,13.1467102163936,8.70082027366868,13.2143759458245,8.61906594674188,13.2978158086131,8.54246556188752,13.3909229617591,8.4897905734376,13.4910502943886,8.44708456249481,13.6069615240499,8.42682105422042,13.7232379488874,8.41585492199975,13.824152759777,8.41181906216525
216.166666666667,13.0233959547793,8.86528508089181,13.0835157199361,8.78838340237052,13.1453772384385,8.70224099708221,13.2130208384007,8.62000740354172,13.2958775882373,8.5427954207824,13.3886869622481,8.48985000144716,13.4886454875151,8.44690795627075,13.6047209983538,8.42650104455467,13.721302139545,8.41597101516737,13.8221461911805,8.41249398836543
216.333333333333,13.0229314397044,8.86699954693271,13.0824928114064,8.79009178811479,13.1440770109386,8.70361921330953,13.2117474391282,8.62093984992616,13.2940149085732,8.5431018939356,13.386500756913,8.48989387887833,13.486317869418,8.44671683849961,13.6025277669256,8.42617725641383,13.7193513920005,8.41605565366527,13.8201391617808,8.41299314660611
216.5,13.0224291179835,8.86873804804826,13.081467724936,8.79177777589547,13.1428105591674,8.7049498719617,13.2105602472077,8.62186299117196,13.2922325662052,8.54338307230129,13.3843680298734,8.4899210516576,13.4840750964027,8.44650964079984,13.600387851637,8.42585147500453,13.7173853965421,8.41610745245724,13.8181359697466,8.41330275111609
216.666666666667,13.0218841405121,8.87050441051541,13.080438315641,8.79343931510566,13.1415789083986,8.70622792264979,13.20946376184,8.62277653255588,13.2905353577179,8.54363704683365,13.382292465249,8.48993036571147,13.4819248247748,8.44628479478989,13.5983072743597,8.42552548553343,13.7154038434581,8.41612502650705,13.8161409132463,8.41340901612413
216.833333333333,13.0212873779822,8.87231183034038,13.0794068921895,8.79508779451941,13.1403649195661,8.70745721966968,13.2084369402015,8.62367415197092,13.2889103918204,8.54386466181683,13.3802682707293,8.48987464331927,13.4798582339946,8.44602257038811,13.5962796918065,8.42518538926898,13.7133866858727,8.41606380267972,13.8141083422109,8.41339161765739
217,13.0206355735545,8.87416620922333,13.0783777274184,8.79673483346294,13.1391528522358,8.7086475312808,13.2074539986895,8.62455133392065,13.2873392545629,8.54406985737999,13.3782854781904,8.48971516198987,13.4778575797576,8.44570652248908,13.5942923879156,8.424816198316,13.7113182327011,8.41588519668533,13.8119967568144,8.41334032295889
217.166666666667,13.0199326868276,8.87606043198203,13.0773516226978,8.79837872715756,13.1379458296294,8.70980267803957,13.2065123253362,8.62541049359771,13.2858184585413,8.54425536824479,13.3763415080322,8.48946345049408,13.4759171327219,8.44534001017567,13.5923418253964,8.42441806413568,13.7092047079178,8.41559680675521,13.8098166805906,8.41325648308121
217.333333333333,13.0191826774,8.87798738343428,13.0763293793974,8.8000177708246,13.1367469749684,8.71092648050242,13.2056093081735,8.62625404619476,13.2843445163514,8.54442392913288,13.3744337806548,8.4891310376027,13.4740311635453,8.44492639253071,13.5904244669588,8.42399113818922,13.7070523354972,8.41520623112074,13.8075786370734,8.41314144907693
217.5,13.0183895048701,8.87993994839787,13.0753117988872,8.80165025968535,13.1355594114744,8.71202275922576,13.2047423352336,8.62708440690441,13.2829139405889,8.54457827476593,13.3725597164582,8.48872945208651,13.4721939428859,8.44446902863708,13.5885367753122,8.42353557193783,13.7048673394139,8.41472106801327,13.8052931497965,8.41299657199862
217.666666666667,13.0175571288364,8.88191101169058,13.074299682537,8.80327448896113,13.134386262369,8.71309533476602,13.2039087945486,8.62790399091933,13.2815232438498,8.54472113986559,13.3707167358422,8.48827022271633,13.4703997414017,8.44397127757762,13.5866752131664,8.42305151684268,13.7026559436423,8.41414891566416,13.8029707422939,8.41282320289888
217.833333333333,13.0166895088975,8.8838934581302,13.0732938317167,8.80488875387325,13.1332306508738,8.71414802767963,13.2031060741506,8.62871521343213,13.2801689387299,8.54485525915352,13.368902259207,8.48776487826295,13.4686428297508,8.4434364984352,13.584836243231,8.42253912436499,13.7004243721569,8.41349737230477,13.8006219380993,8.41262269283026
218,13.0157906046518,8.88588017253451,13.0722950477962,8.80649134964303,13.1320957002103,8.71518465852301,13.2023315620716,8.62952048963547,13.2788475378251,8.54498336735137,13.3671137069525,8.48722494749716,13.4669174785911,8.44286805029265,13.5830163282157,8.42199854596594,13.6981788489322,8.41277403616646,13.7982572607466,8.41239639284536
218.166666666667,13.0148643756979,8.88786403972131,13.0713041321452,8.80808057149178,13.1309845336001,8.71620904785257,13.2015826463439,8.63032223472198,13.2775555537311,8.54510819918081,13.3653484994788,8.48666195918979,13.4652179585806,8.44226929223285,13.58121193083,8.42142993310673,13.6959255979426,8.41198650548058,13.7958872337696,8.41214565399675
218.333333333333,13.0139147816342,8.88983794450839,13.0703218861338,8.8096547146408,13.1299002742649,8.71722501622475,13.2008567149993,8.63112286388431,13.2762894990439,8.54523248936348,13.3636040571857,8.48608744211161,13.4635385403774,8.44164358333863,13.5794195137836,8.42083343724857,13.6936708431627,8.4111423784785,13.7935223807021,8.41187182733701
218.5,13.0129457820592,8.89179477171352,13.0693491111317,8.81121207431141,13.1288460454261,8.71823638419596,13.2001511560701,8.63192479231509,13.2750458863593,8.54535897262106,13.3618778004734,8.48551292503343,13.4618734946394,8.44099428269287,13.5776355397861,8.42020920985265,13.6914208085669,8.41024925339158,13.7911732250779,8.41157626391872
218.666666666667,13.0119613365714,8.8937274061545,13.0683866085089,8.81275094572492,13.1278249703054,8.71924697232263,13.1994633575884,8.63273043520696,13.273821228273,8.54549038367519,13.3601671497417,8.48494993672605,13.4602170920247,8.4403247493784,13.5758564715472,8.41955740238015,13.6891817181298,8.40931472845117,13.7888502904309,8.41126031479446
218.833333333333,13.0109654047693,8.89562873264912,13.0674351796352,8.81426962410265,13.1268401721243,8.72026060116118,13.1987907075862,8.63354220775257,13.2726120373811,8.54562945724753,13.3584695253908,8.48441000596027,13.4585636031912,8.4396383424781,13.5740787717766,8.41887816629229,13.6869597958257,8.40834640188863,13.7865641002949,8.41092533101681
219,13.0099619462515,8.89749163601517,13.0664956258804,8.8157664046659,13.1258947741045,8.72128109126804,13.1981305940956,8.63436252514455,13.2714148262792,8.54577892805975,13.3567823478205,8.48390466150688,13.4569072987971,8.43893842107481,13.5722989031838,8.41817165305026,13.6847612656293,8.40735187193533,13.7843251782037,8.41057266363834
219.166666666667,13.0089549206163,8.89930900107042,13.0655687486146,8.81723958263599,13.1249918994674,8.72231226319962,13.1974804051488,8.63519380257555,13.2702261075632,8.5459415308335,13.3551030374309,8.4834454321367,13.4552424495002,8.43822834425138,13.5705133284785,8.41743801411525,13.6825923515148,8.40633873682262,13.7821440476912,8.41020366371164
219.333333333333,13.0079482874623,8.90107371263268,13.0646553492074,8.81868745323423,13.1241346714348,8.72335793751234,13.1968375287777,8.63603845523819,13.2690423938291,8.54612000029043,13.353429014622,8.48304384662051,13.4535633259587,8.43751147109067,13.5687185103704,8.41667740094846,13.6804592774569,8.40531459478185,13.7800312322911,8.40981968228928
219.5,13.0069460063881,8.90277865551972,13.0637562290288,8.82010831168193,13.1233262132281,8.72442193476264,13.1961993530146,8.63689889832514,13.2678601976726,8.54631707115221,13.3517576997937,8.48271143372913,13.4518641988304,8.43679116067554,13.566910911569,8.41588996501109,13.6783682674301,8.4042870440444,13.7779972555373,8.40942207042385
219.666666666667,13.005952036992,8.90441671454934,13.0628721894487,8.82150045320041,13.122569648069,8.72550807550693,13.1955632658915,8.63777754702901,13.2666760316895,8.54653547814048,13.3500865133461,8.48245972223334,13.4501393387735,8.43607077208885,13.565086994784,8.41507585776433,13.6763255454087,8.40326368284161,13.7760526409636,8.40901217916791
219.833333333333,13.0049703388726,8.90598077453932,13.0620040318369,8.82286217301097,13.1218680991791,8.72662018030164,13.1949266554404,8.63867681654245,13.2654864084758,8.54677795597692,13.3484128756791,8.48230024090394,13.4483830164459,8.43535366441343,13.5632432227251,8.41423523066939,13.6743373353673,8.40225210940485,13.7742079121039,8.40859135957406
220,13.0040048716283,8.90746372030745,13.0611525575633,8.82419176633492,13.1212246897798,8.72776206970319,13.1942869096936,8.63959912205811,13.2642878406272,8.54704723938318,13.3467342071927,8.48224451851174,13.4465895025056,8.43464319673216,13.5613760581018,8.41336823518745,13.6724098612804,8.40125992196548,13.7724735924919,8.40816096269486
220.166666666667,13.0030541891196,8.90887807992818,13.0603270103028,8.82548223484717,13.1206366352242,8.72891721295646,13.1936630566951,8.64053059629166,13.2630956326852,8.54736895600057,13.3450527395306,8.48224698064977,13.4447703494426,8.43387593499403,13.5595037124074,8.41239538066063,13.6705470851783,8.4002385818528,13.7708484638092,8.4076597005429
220.333333333333,13.0021123284312,8.91024378535709,13.0595334457889,8.82673069028047,13.1200955900291,8.73006814157332,13.1930729073646,8.64145765627418,13.261925854178,8.5477647645493,13.3433732086711,8.4822543357054,13.4429414853101,8.432997086373,13.5576447700469,8.41124908033935,13.6687441420118,8.39913837585063,13.769316992919,8.40703063447989
220.5,13.0011764739981,8.91156482723368,13.0587678834798,8.8279415929429,13.1195963361615,8.73121726951068,13.1925120240472,8.64238314367142,13.2607761651823,8.54823144636932,13.3416967915163,8.48226653664093,13.4411037441111,8.43202297178934,13.5557962530978,8.40994734154725,13.6669940151357,8.39796514037208,13.7678682311279,8.40628163958216
220.666666666667,13.0002438102553,8.91284519619744,13.0580263428333,8.82911940314256,13.1191336555887,8.73236701072542,13.1919759690884,8.64330990014912,13.2596442257743,8.54876578280058,13.3400246649685,8.48228353641868,13.4392579598485,8.43096991216329,13.5539551836378,8.40850817160795,13.665289687905,8.39672471183027,13.7664912297424,8.40542059092602
220.833333333333,12.9993115216379,8.91408888288786,13.0573048433075,8.83026858118754,13.1187023302778,8.73351977917445,13.1914603048332,8.64424076737302,13.2585276960307,8.54936455518304,13.3383580059299,8.48230528800098,13.4374049665252,8.42985422841515,13.5521185837443,8.40694957784509,13.6636241436748,8.39542292663832,13.7651750400691,8.40445536358778
221,12.9983767925808,8.91529987794444,13.0565994043603,8.83139358738594,13.118297142196,8.73467798881465,13.1909605936271,8.64517858700888,13.2574242360278,8.55002454485665,13.3366979913026,8.48233174435012,13.4355455981442,8.42869224146517,13.550283475495,8.40528956758231,13.6619903657998,8.39406562120935,13.7639087134146,8.40339383264377
221.166666666667,12.9974368075192,8.91648217200666,13.0559060454499,8.83249888204586,13.1179128733105,8.73584405360294,13.1904723978151,8.64612620072243,13.256331505842,8.55074253316136,13.3350457979887,8.48236285842843,13.4336806887085,8.42750027223362,13.5484468809674,8.40354614814324,13.6603813376351,8.39265863195647,13.7626813010853,8.4022438731703
221.333333333333,12.9964887508881,8.91763975571403,13.0552207860341,8.83358892547538,13.1175443055884,8.73702038749619,13.1899912797426,8.64708645017942,13.2552471655499,8.55151530143714,13.3334026028906,8.48239858319821,13.431811072221,8.42629464164076,13.546605822239,8.40173732685153,13.6587900425356,8.39120779529279,13.7614818543879,8.40101336024369
221.5,12.9955298071225,8.91877661970602,13.0545396455711,8.8346681779826,13.1171862209969,8.73820940445132,13.1895128017548,8.64806217704559,13.2541688752278,8.55233963102392,13.3317695829103,8.48243887162179,13.4299375826847,8.42509167060687,13.5447573213874,8.3998811110308,13.6572094638562,8.38971894763144,13.7602994246289,8.39971016894025
221.666666666667,12.9945571606573,8.91989675462214,13.0538586435187,8.83574109987562,13.1168334015031,8.73941351842521,13.189032526197,8.6490562229867,13.2530942949523,8.55321230326167,13.3301479149501,8.48248367666146,13.4280610541025,8.4239076800522,13.5428984004903,8.39799550800469,13.655632584952,8.38819792538554,13.7591230631147,8.39834217433629
221.833333333333,12.9935679959278,8.92100415110189,13.053173799335,8.83681215146252,13.1164806290743,8.74063514337477,13.1885460154145,8.65007142966848,13.2520210847997,8.55413009949034,13.3285387759122,8.48253295127956,13.4261823204774,8.42275899089703,13.541026081625,8.39609852509683,13.6540523891778,8.38665056496819,13.7579418211521,8.39691725150814
222,12.9925594973688,8.92210279978474,13.052481132478,8.83788579305141,13.1161226856776,8.74187669325689,13.1880488317524,8.65111063875667,13.2509469048466,8.55508980104988,13.3269433426986,8.48258664843838,13.4243022158124,8.42166192406163,13.5391373868693,8.39420816963087,13.6524618598886,8.38508270279251,13.7567447500475,8.3954432755321
222.166666666667,12.9915288494155,8.92319669131019,13.0517766624057,8.83896648495037,13.1157543532802,8.74314058202846,13.187536537556,8.65217669191704,13.2498694151693,8.55608818928026,13.3253627922117,8.48264472110025,13.4224215741103,8.42063280046625,13.5372293383006,8.39234244893044,13.6508539804393,8.38350017527163,13.7555209011075,8.3939281214845
222.333333333333,12.9904732365029,8.92428981631774,13.0510564085761,8.8400586874675,13.1153704138492,8.74442922364639,13.1870046951706,8.65327243081531,13.2487862758443,8.55712204552142,13.3237983013535,8.48270712222747,13.4205412293742,8.41968794103117,13.5352989579966,8.39051937031917,13.6492217341849,8.38190881881865,13.7542593256386,8.39237966444166
222.5,12.9893898430659,8.92538616544688,13.0503163904472,8.84116686091089,13.1149656493518,8.74574503206757,13.1864488669414,8.65440069711724,13.2476951469481,8.55818815111331,13.3222510470263,8.48277380478237,13.4186620156069,8.41884366667665,13.5333432680347,8.3887569411207,13.6475581044803,8.3803144698467,13.7529490749473,8.39080577947987
222.666666666667,12.9882758535396,8.9264897293371,13.0495526274771,8.84229546558864,13.1145348417553,8.7470904212489,13.1858646152138,8.65556433248856,13.2465936885571,8.5592832873959,13.3207222061323,8.48284472172725,13.4167847668115,8.41811629832296,13.5313592904926,8.38707316865866,13.6458560746805,8.37872296476889,13.7515792003403,8.38921434167548
222.833333333333,12.9871284523592,8.9276044986279,13.0487611391236,8.84344896180884,13.1140727730266,8.74846780514727,13.1852475023328,8.65676617859503,13.2454795607478,8.56040423570913,13.3192129555736,8.48291982602443,13.4149103169909,8.41752215689037,13.5293440474478,8.38548606025669,13.6441086281404,8.37714013999834,13.7501387531241,8.38761322610478
223,12.9859448239595,8.92873446395876,13.0479379448448,8.84463180987958,13.1135742251331,8.74987959771959,13.1845930906438,8.65800907710239,13.2443504235966,8.56154777739296,13.3177244722524,8.48299907063621,13.4130395001481,8.41707756329914,13.5272945609778,8.38401362323843,13.642308748215,8.37557183194817,13.7486167846051,8.38601030784409
223.166666666667,12.9847221527756,8.92988361596918,13.0470790640987,8.84584847010897,13.1130339800419,8.75132821292274,13.1838969424921,8.65929586967637,13.24320393718,8.56271069378734,13.316257933071,8.48308240852492,13.411173150286,8.41679883846954,13.5252078531603,8.38267386492751,13.6404494182592,8.37402387703148,13.7470023460901,8.38441346196974
223.333333333333,12.9834576232426,8.93105594529865,13.0461805163433,8.84710340280508,13.1124468197201,8.75281606471363,13.1831546202228,8.66062939798274,13.2420377615743,8.56388976623223,13.3148145149314,8.48316979265287,13.4093121014075,8.41670230332184,13.5230809460727,8.38148479264757,13.638523621628,8.37250211166141,13.7452844888855,8.38283056355803
223.5,12.982139779195,8.93224385587276,13.0452440195375,8.84839163502392,13.1118045538427,8.75436245787695,13.1823409248012,8.66203786789186,13.2408322615523,8.5651472856382,13.3133928729223,8.48336157393554,13.4074584479333,8.41672835975081,13.5209051737264,8.38036200161169,13.6365503291244,8.37097642032398,13.7434402779576,8.38121413626835
223.666666666667,12.980761096658,8.93343659059758,13.0442746113775,8.84970426986864,13.1111045548137,8.75598113231708,13.1814385686341,8.66354280820559,13.2395746440771,8.56654126824772,13.3119902175776,8.48374952016607,13.4056128480301,8.41680492505575,13.5186765660358,8.37921497972061,13.6345518364412,8.36941599201335,13.7414608571629,8.37951523949394
223.833333333333,12.9793246583528,8.9346333985833,13.0432732909271,8.85103988171808,13.110349948694,8.75766615467038,13.1804549812301,8.66513704498689,13.2382728325115,8.56806208339862,13.310605558967,8.48432070962328,13.4037739813202,8.4169295932637,13.5163991889335,8.3780525733295,13.6325261142676,8.3678256199048,13.7393563961427,8.37773955191193
224,12.9778335470002,8.93583352894014,13.0422410572503,8.85239704495106,13.1095438615445,8.75941159157325,13.1793975920972,8.66681340429873,13.2369347502181,8.56970010042872,13.3092379071605,8.48506222058601,13.4019405274259,8.4170999584017,13.5140771083522,8.37688362879349,13.6304711332928,8.36621009717361,13.7371370645384,8.37589275219944
224.166666666667,12.9762908453214,8.9370362307783,13.041178909411,8.85377433394642,13.1086894194263,8.76121150966208,13.1782738307438,8.66856471220405,13.2355683205597,8.57144568867586,13.3078862722277,8.48596113133305,13.4001111659694,8.41731361449678,13.5117143902245,8.37571699246775,13.6283848642061,8.36457421699506,13.7348130319914,8.3739805190336
224.333333333333,12.9746996360374,8.93824075320799,13.0400878464731,8.855170323083,13.1077897484,8.76305997557323,13.1770911266782,8.67038379476583,13.2341814668989,8.57328921747786,13.3065496642386,8.48700452014324,13.398284576573,8.417568155576,13.509315100483,8.37456151070742,13.6262652776966,8.36292277254444,13.7323944681431,8.37200853109152
224.5,12.9730630018692,8.93944634533941,13.0389688675006,8.85658358673963,13.1068479745268,8.76495105594311,13.1758569094086,8.67226347804703,13.2327821125983,8.57522105617254,13.3052270932631,8.48817946529539,13.3964594388589,8.41786117566637,13.5068833050604,8.37342602986765,13.6241103444537,8.36126055699702,13.729891542635,8.36998246705034
224.666666666667,12.971384025538,8.94065225628276,13.0378229715573,8.85801269929514,13.1058672238674,8.76687881740808,13.1745786084433,8.6741965881106,13.2313781810207,8.57723157409774,13.3039175693708,8.48947304506832,13.3946344324494,8.41819026879494,13.5044230698891,8.37231939630359,13.6219180351666,8.35959236352809,13.7273144251084,8.36790800558716
224.833333333333,12.9696657897647,8.94185773514826,13.0366511577072,8.85945623512838,13.1048506224828,8.76883732660454,13.1732636532906,8.67617595101951,13.2299775955287,8.57931114059127,13.3026201026317,8.49087233774086,13.3928082369668,8.41855302898876,13.5019384609019,8.3712504563704,13.6196863205245,8.35792298531292,13.7246732852047,8.36579082537913
225,12.9679113772704,8.94306203104611,13.0354544250142,8.86091276861816,13.1038012964338,8.77082065016887,13.1719194734588,8.67819439283672,13.228588279485,8.58145012499096,13.3013337031157,8.49236442159181,13.3909795320333,8.41894705027486,13.4994335440314,8.37022805642321,13.6174131712166,8.3562572155268,13.7219782925654,8.36363660510335
225.166666666667,12.9661238707761,8.94426439308652,13.0342337725423,8.86238087414333,13.1027223717815,8.77282285473745,13.170553498456,8.6802447396252,13.2272181562523,8.58363889663465,13.3000573808925,8.49393637490001,13.3891469972712,8.41936992668027,13.4969123852101,8.36926104281719,13.6150965579322,8.35459984734501,13.7192396168318,8.36145102343695
225.333333333333,12.964306353003,8.94546407037969,13.0329901993553,8.86385912608272,13.1016169745867,8.77483800694666,13.1691731577907,8.6823198174479,13.2258751491932,8.58586782486015,13.2987901460319,8.49557527594426,13.3873093123028,8.41981925223204,13.4943790503707,8.36835826190748,13.6127344513606,8.35295567394284,13.7164674276454,8.35923975905706
225.5,12.9624619066719,8.94666031203583,13.0317247045171,8.86534609881517,13.1004882309103,8.7768601734329,13.167785880971,8.68441245236778,13.2245671816705,8.5881272790053,13.2975310086039,8.4972682030034,13.3854651567503,8.42029262095721,13.4918376054458,8.36752856004923,13.6103248221909,8.35132948849555,13.7136718946475,8.3570084906408
225.666666666667,12.960593614504,8.94785236716514,13.0304382870918,8.8668403667195,13.0993392668132,8.77888342083254,13.1663990975053,8.68651547044781,13.2233021770467,8.59040762840791,13.2962789786783,8.49900223435623,13.3836132102359,8.42078762688282,13.489292116368,8.3667807835976,13.6078656411124,8.34972608417844,13.7108631874796,8.35476289686529
225.833333333333,12.9587045592204,8.94903948487783,13.0291319461431,8.86834050417456,13.0981732083564,8.78090181578196,13.1650202369018,8.68862169775094,13.2220880586846,8.59269924240581,13.2950330663248,8.50076444828159,13.3817521523819,8.4213018640359,13.4867466490699,8.36612377890773,13.6053548788143,8.34815025416678,13.708051475783,8.35250865640765
226,12.956797823542,8.95022091428411,13.0278066807351,8.86984508555918,13.0969931816007,8.78290942491756,13.1636567286688,8.69072396034014,13.2209327499469,8.59499249033684,13.2937922816134,8.50254192305828,13.3798806628107,8.42183292644349,13.4842052694842,8.36556639233477,13.602790505986,8.34660679163586,13.7052469291992,8.35025144794501
226.166666666667,12.9548764901899,8.95139590449418,13.0264634899316,8.87135268525219,13.0958023126071,8.78490031487571,13.1623160023145,8.69281508427838,13.2198441741962,8.59727774153881,13.2925556346139,8.50432173696512,13.3779974211444,8.42237840813263,13.4816720435434,8.36511747023387,13.6001704933165,8.34510048976096,13.7024597173695,8.34799695015449
226.333333333333,12.9529436418852,8.95256370461824,13.0251033727966,8.87286187763242,13.0946037274364,8.7868685522928,13.1610054873473,8.6948878956286,13.2188302547952,8.59954536534956,13.291322135396,8.50609096828095,13.3761011070053,8.42293590313036,13.4791510371802,8.36478585896019,13.5974928114952,8.34363614171736,13.6997000099354,8.34575084171321
226.5,12.9510023613488,8.95372356376651,13.023727328394,8.87437123707871,13.0934005521496,8.78880820380521,13.1597326132754,8.69693522045378,13.2178989151066,8.60178573110691,13.2900907940298,8.50783669528457,13.3741904000157,8.42350300546372,13.4766463163271,8.36458040486887,13.5947554312113,8.34221854068033,13.6969779765383,8.3435188012983
226.666666666667,12.949055731302,8.95487473104919,13.0223363557877,8.8758793379699,13.0921959128076,8.79071333604932,13.1585048096071,8.69894988481688,13.217058078493,8.60398920814868,13.2888606205848,8.5095459962548,13.3722639797978,8.42407730915975,13.4741619469169,8.36450995431506,13.591956323154,8.34085247982517,13.6943037868196,8.34130650758688
226.833333333333,12.9470695328844,8.95602643749214,13.0209125268179,8.87739644515773,13.090957529682,8.79259070725314,13.1573021986796,8.70094327517511,13.2162916565883,8.60617909052357,13.287606846634,8.51127631154369,13.3702979248797,8.4246958959033,13.4716945653978,8.36452568166851,13.5890744609962,8.33947611064962,13.691703768487,8.33901208016244
227,12.9450123388434,8.9571869000944,13.0194395909383,8.87893243465677,13.0896552460012,8.79445273214799,13.1561002096172,8.70293301245022,13.2155749276947,8.60838561765576,13.2863110283032,8.51309140213982,13.3682748444967,8.42539660873253,13.469236659456,8.36457240307993,13.586092757338,8.3380342020926,13.6891864921473,8.33654814584246
227.166666666667,12.9428914193113,8.95835384692593,13.0179210636329,8.88048529759007,13.0882953722607,8.7963019621253,13.1548992321079,8.70492127440193,13.2149028651777,8.61060957694628,13.2849816624924,8.51498782727684,13.3662032143323,8.42617818370444,13.4667860718811,8.36464942757588,13.5830150912598,8.33654147349116,13.6867354917904,8.33394214415507
227.333333333333,12.9407140444202,8.95952500605672,13.0163604603861,8.88205302508067,13.0868842189563,8.79814094857646,13.1536996558403,8.70691023878996,13.2142704424025,8.61285175579615,13.2836272461013,8.51696214618838,13.3640915100698,8.42703935687604,13.4643406454622,8.36475606418298,13.579845341842,8.33501264418235,13.6843343014061,8.3312215146284
227.5,12.9384874843023,8.96069810555673,13.0147612966819,8.88363360825163,13.0854280965836,8.79997224289288,13.1525018705025,8.70890208337403,13.2136726327345,8.61511294160641,13.2822562760298,8.51901091810808,13.3619482073926,8.42797886430433,13.4618982229888,8.3648916219278,13.5765873881647,8.33346243350322,13.6819664549843,8.32841369679056
227.666666666667,12.9362190090897,8.96187087349594,13.0131270880045,8.885225038226,13.0839333156383,8.80179839646598,13.1513062657829,8.71089898591386,13.213104409539,8.61739392177809,13.2808772491776,8.52113070226959,13.3597817819841,8.4289954420463,13.4594566472503,8.36505540983692,13.5732451093084,8.3319055607908,13.6796154865148,8.32554613016967
227.833333333333,12.9339158889148,8.96304103794432,13.011461349838,8.88682530612682,13.082406186616,8.80362196068716,13.1501132313699,8.71290312416918,13.2125607461812,8.61969548371221,13.2794986624448,8.52331805790654,13.3576007095276,8.43008782615897,13.457013761036,8.36524673693695,13.5698223843534,8.33035674538216,13.6772649299877,8.32264625429387
228,12.9315853939097,8.96420632697184,13.0097675976667,8.88843240307715,13.0808530200125,8.80544548694783,13.1489231569517,8.71491667589972,13.2120366160267,8.62201841480982,13.278129012731,8.52556954425258,13.3554134657065,8.43125475269934,13.4545674071353,8.36546491225446,13.56632309238,8.32883070661433,13.6748983193926,8.31974150869127
228.166666666667,12.9292347942066,8.96536446864847,13.0080493469747,8.89004432020004,13.0792801263234,8.80727152663939,13.1477364322167,8.71694181886518,13.2115269924406,8.62436350247193,13.2767767969361,8.52788172054135,13.3532285262041,8.43249495772441,13.4521154283375,8.36570924481604,13.5627511124684,8.32734216382436,13.6724991887196,8.31685933289
228.333333333333,12.9268713599376,8.9665131910442,13.0063101132462,8.89165904861853,13.0776938160444,8.80910263115325,13.1465534468531,8.7189807308253,13.2110268487883,8.62673153409959,13.27545051196,8.53025114600648,13.3510543667039,8.43380717729119,13.4496556674321,8.36597904364828,13.5591103236992,8.32590583634931,13.6700510719585,8.31402716641818
228.5,12.9245023612351,8.96765022222898,13.0045534119652,8.89327457945568,13.0761003996711,8.81094135188083,13.1453745905494,8.7210355895398,13.2105311584352,8.62912329709383,13.2741586547025,8.53267437988162,13.3488994628892,8.43519014745667,13.4471859672083,8.36627361777777,13.5554046051525,8.32453644352621,13.6675375030991,8.31127244880393
228.666666666667,12.9221350682311,8.9687732902728,13.0027827586161,8.89488890383453,13.0745061876992,8.81279024021352,13.1442002529937,8.7231085727684,13.2100348947465,8.63153957885567,13.2729097220634,8.53514798140042,13.3467722904433,8.43664260427785,13.4447041704556,8.36659227623109,13.5516378359086,8.32324870469212,13.6649420161313,8.30862261957538
228.833333333333,12.9197767510579,8.96988012324562,13.0010016686829,8.89650001287814,13.0729174906245,8.81465184754274,13.1430308238745,8.72520185827082,13.2095330310876,8.63398116678614,13.2717122109425,8.5376685097965,13.3446813250497,8.43816328381175,13.4422081199633,8.36693432803484,13.547813895048,8.32205733918407,13.6622481450451,8.30610511826064
229,12.9174346798476,8.97096844921742,12.9992136576498,8.89810589770956,13.0713406189424,8.8165287252599,13.1418666928801,8.72731762380678,13.2090205408238,8.63644884828627,13.2705746182397,8.54023252430351,13.3426350423917,8.43975092211537,13.4396956585209,8.3672990822156,13.5439366616509,8.32097706633913,13.6594394238302,8.30374738438785
229.166666666667,12.9151161247326,8.97203599625817,12.997422241001,8.89970454945182,13.0697818831489,8.8184234247564,13.1407082496987,8.72945804713602,13.2084923973205,8.63894341075711,13.2695054408549,8.5428365841551,13.3406419181527,8.4414042552457,13.4371646289175,8.36768584779995,13.5400100147976,8.32002260549433,13.6564993864766,8.30157685748512
229.333333333333,12.9128283558449,8.97308049243784,12.9956309342207,8.901293959228,13.0682475937394,8.82033849742365,13.1395558840187,8.73162530601824,13.207943573943,8.64146564159967,13.2685131756878,8.54547724858489,13.338710428016,8.44312201925975,13.4346128739427,8.36809393381449,13.5360378335686,8.31920867598672,13.6534115669742,8.29962097708058
229.5,12.9105786433167,8.97409966582641,12.9938432527929,8.90287211816112,13.0667440612097,8.82227649465305,13.1384099855285,8.73382157821317,13.2073690440566,8.644016328215,13.2676063196382,8.54815107682654,13.336849047665,8.44490295021452,13.4320382363858,8.3685226492858,13.532023997044,8.31854999715335,13.6501594993127,8.29790718270235
229.666666666667,12.9083742572804,8.97509124449385,12.9920627122019,8.90443701737425,13.0652775960555,8.82423996783603,13.1372709439162,8.73604904148054,13.2067637810266,8.64659625800411,13.2667933696061,8.55085462811368,13.3350662527831,8.44674578416702,13.4294385590362,8.36897130324047,13.5279723843042,8.31806128833126,13.6467267174821,8.29646291387855
229.833333333333,12.9062224678679,8.97605295651013,12.9902928279319,8.90598664799044,13.0638545087724,8.82623146836398,13.1361391488703,8.73830987358007,13.2061227582184,8.64920621836804,13.2660828224913,8.55358446167995,13.3333705190537,8.44864925717425,13.4268116846832,8.36943920470508,13.5238868744295,8.31775726885751,13.6430967554723,8.29531561013731
230,12.9041305452116,8.97698252994522,12.9885371154669,8.90751900113273,13.0624811098561,8.8282535476283,13.1350149900791,8.74060625227148,13.2054409489972,8.65184699670783,13.2654831751935,8.556337136759,13.3317703221601,8.45061210529322,13.4241554561162,8.36992566270624,13.5197713465004,8.31765265806914,13.639253147273,8.29449271100675
230.166666666667,12.9021010114136,8.97788857992545,12.9867844166424,8.90905635203727,13.0611515350893,8.83033048292217,13.1339001554706,8.74296626887842,13.2047087232286,8.65454749781068,13.2649663035174,8.55917772097408,13.3302111059227,8.45283236001931,13.4213990211388,8.37065057150204,13.515458627735,8.31776969675867,13.6348491499359,8.2938498120183
230.333333333333,12.9001268828673,8.97878122014352,12.9850216858426,8.91061872753894,13.0598533751667,8.83247871563558,13.1327954622485,8.74541011530205,13.2039237789415,8.65733028867959,13.2644952527745,8.56216365778686,13.328637787514,8.455481962672,13.4184887520756,8.37181143539727,13.510810269261,8.31811066631419,13.6296109826503,8.29322526912333
230.5,12.8982011711421,8.97966042651895,12.9832496073757,8.91220074615885,13.0585831229513,8.83468904330517,13.1316999940143,8.74792812016837,13.2030920817464,8.66018665003927,13.2640652741253,8.5652800701886,13.3270580526459,8.45852051404435,13.415448328497,8.37337397848852,13.5058732360225,8.31866034696603,13.6236316226132,8.29262066247989
230.666666666667,12.8963168878073,8.98052617497129,12.9814688655493,8.91379702641814,13.0573372713066,8.83695226346762,13.1306128343696,8.75051061210338,13.202219597254,8.66310786261446,13.2636716187301,8.56851208117052,13.3254795870301,8.46190761492945,13.4123014299734,8.3753039248724,13.5006944929635,8.31940351894457,13.6170040470215,8.29203757224599
230.833333333333,12.8944670444324,8.98137844142007,12.9796801446715,8.91540218683792,13.0561123130958,8.83925917365959,13.1295330669159,8.75314791973307,13.2013122910749,8.66608520712985,13.2633095377493,8.5718448137239,13.3239100763783,8.46560286612035,13.4090717360754,8.3775669986455,13.4953210050281,8.32032496248015,13.6098212330721,8.29147757857969
231,12.8926446525866,8.98221720178482,12.97788412905,8.91701084593933,13.0549047411821,8.84160057141773,13.1284597752549,8.75583037168344,13.2003761288198,8.66910996431018,13.2629742823432,8.57526339083996,13.3223572064023,8.46956586841014,13.4057829263733,8.38012892390441,13.4897997371603,8.32140945780313,13.6021761579621,8.290942261639
231.166666666667,12.8908427238394,8.98304243198508,12.9760815029928,8.91861762224347,13.0537110484288,8.84396725427871,13.1273920429881,8.75854829658048,13.1994170760993,8.67217341488016,13.2626611036723,8.57875293550996,13.3208286628137,8.4737562225919,13.4024586804376,8.38295542474573,13.4841776543043,8.32264178514388,13.5941617988883,8.29043320158198
231.333333333333,12.8890542697601,8.98385410794038,12.9742729508078,8.92021713427147,13.0525277276992,8.84635001977918,13.1263289537171,8.76129202305019,13.1984410985241,8.6752668395645,13.262365252897,8.58229857072515,13.3193321313244,8.47813352945868,13.3991226778389,8.38601222526606,13.4785017214042,8.32400672473274,13.5858711330476,8.28995197856664
231.5,12.887272301918,8.98465220557025,12.9724591568029,8.92180400054447,13.0513512718565,8.84873966545581,13.1252695910434,8.76405187971857,13.1974541617046,8.67838151908792,13.2620819811775,8.58588541947678,13.3178752976462,8.48265738980358,13.3957985981475,8.38926504956198,13.4728189034039,8.32548905680007,13.5773971376371,8.28950017275103
231.666666666667,12.8854898318825,8.98543670079424,12.9706408052858,8.92337283958357,13.050178173764,8.85112698884526,13.1242130385687,8.76681819521161,13.1964622312517,8.68150873417514,13.2618065396743,8.58949860475609,13.3164658474906,8.48728740441966,13.3925101209339,8.39267962173009,13.4671761652476,8.32707356157623,13.5688327898537,8.28907936429317
231.833333333333,12.8836998712229,8.98620756953188,12.9688185805646,8.92491826990991,13.0490049262849,8.85350278748418,13.1231583798944,8.76958129815531,13.1954712727759,8.68463976555089,13.2615341795478,8.59312324955433,13.3151114665695,8.4919831741,13.3892809257687,8.396221665867,13.4616204718794,8.32874501929158,13.5602710668942,8.28869113335111
232,12.8818954315087,8.98696478770269,12.9669931669471,8.92643491004461,13.0478280222826,8.85585785890924,13.1221046986222,8.77233151717567,13.1944872518878,8.68776589393986,13.2612601519583,8.59674447686275,13.3138198405946,8.49670429963767,13.3861346922222,8.39985690606928,13.4561987882433,8.33048821017647,13.5518049459557,8.28833706008288
232.166666666667,12.8800695243092,8.98770833122622,12.9651652487412,8.92791737850879,13.0466439546203,8.85818300065711,13.1210510783535,8.77505918089867,13.1935161341981,8.69087840006679,13.2609797080662,8.6003474096726,13.3125986552777,8.50141038182574,13.3830950998649,8.40355106643355,13.4509580792834,8.33228791446126,13.543527404235,8.2880187246465
232.333333333333,12.8782151611937,8.988438176022,12.9633355102548,8.92936029382358,13.0454492161612,8.86046901026443,13.1199966026901,8.77775461795032,13.1925638853173,8.69396856465638,13.260688099032,8.60391717097512,13.3114555963305,8.5060610214573,13.3801858282673,8.40726987105639,13.4459453099438,8.3341289123763,13.5355314189292,8.28773770720002
232.5,12.8763253537316,8.98915429800956,12.9615046357958,8.93075827451009,13.0442402997686,8.86270668526787,13.1189403552335,8.78040815695661,13.1916364708562,8.69702766843337,13.2603805760159,8.60743888376156,13.3103983494648,8.51061581932541,13.3774305569999,8.41097904403441,13.4412074451685,8.33599598415196,13.5279099672351,8.28749558790147
232.666666666667,12.8743931134922,8.98985667310844,12.959673309672,8.93210593908945,13.0430136983057,8.86488682320409,13.1178814195852,8.78301012654354,13.1907398564254,8.70004699212246,13.2600523901783,8.61089767102318,13.3094346003922,8.51503437622315,13.3748529656331,8.41464430946418,13.4367914499017,8.33787391001859,13.5207560263498,8.28729394690888
232.833333333333,12.872411452045,8.99054527723817,12.9578422161913,8.93339790608279,13.041765904636,8.86700022160975,13.1168188793468,8.7855508553371,13.1898800076355,8.70301781644837,13.2596987926797,8.61427865575121,13.3085720348246,8.51927629294359,13.3724767337374,8.41823139144232,13.4327442890874,8.33974747020653,13.51416257347,8.28713436438029
233,12.8703733809592,8.9912200863183,12.9560120396617,8.93462879401123,13.0404934116225,8.86903767802151,13.1157518181198,8.7880206719633,13.189062890097,8.70593142213581,13.2593150346804,8.61756696093691,13.3078183384736,8.5233011702798,13.3703255408832,8.42170601406542,13.4291129276697,8.34160144494617,13.5082225857929,8.28701842047373
233.166666666667,12.8682719118042,8.99188107626834,12.9541834643909,8.93579322139589,13.0391927121286,8.87098998997604,13.1146793195059,8.79040990504812,13.1882944694207,8.70877908990952,13.2588963673407,8.62074770957152,13.3071811970511,8.52706860902487,13.368423066641,8.42503390143006,13.4259443305926,8.34342061446784,13.5030290405152,8.28694769534724
233.333333333333,12.8661000561495,8.99252822300784,12.952357174687,8.93688580675789,13.0378602990175,8.87284795500998,13.1136004671066,8.79270888321756,13.1875807112172,8.7115521004942,13.2584380418212,8.6238060246463,13.3066682962687,8.53053820997186,13.3667929905813,8.42818077763285,13.4232854628003,8.3451897590019,13.498674914834,8.28692376915884
233.5,12.8638391859903,8.99317914326914,12.9505315790889,8.93792918876651,13.0364966456769,8.87464529810218,13.1125123577042,8.79494391600752,13.1869074724266,8.71427432290174,13.2579035623983,8.6267740039899,13.3062341437172,8.53381416428622,13.3653239666227,8.43126859081324,13.4209629290792,8.3470123306966,13.4948932713509,8.28697711688602
233.666666666667,12.8614816801031,8.99384820630213,12.9487046018363,8.93894957263863,13.0351060445443,8.87642103644107,13.1114137898532,8.79714820583097,13.1862556392133,8.71697541752489,13.2572682598277,8.62969555121597,13.3058270081686,8.53702905728927,13.3638903784029,8.43443463867194,13.4187666036892,8.34899088126447,13.4913421969205,8.28713227696107
233.833333333333,12.8590370602281,8.99453051680267,12.9468762007883,8.93994692671683,13.0336907170576,8.87817390587771,13.1103063998137,8.79932242062951,13.1856237210249,8.71965535215968,13.2565451249884,8.63257349799328,13.3054452171063,8.5401850810079,13.3624945000715,8.43766766964744,13.4166883557839,8.35110884028236,13.4880022051195,8.28738192472432
234,12.856514848106,8.99522117946661,12.9450463338037,8.94092121934369,13.0322528846547,8.87990264226318,13.1091918238456,8.80146722834475,13.1850102273089,8.72231409460213,13.2557471487594,8.63541067599057,13.3050870980138,8.54328442746903,13.3611386057778,8.44095643217825,13.4147200545173,8.35334963732709,13.4848538095244,8.28771873551604
234.166666666667,12.8539245654769,8.9959152989898,12.9432149587416,8.94187241886178,13.0307947687735,8.88160598144853,13.108071698209,8.8035832969183,13.1844136675127,8.72495161264824,13.2548873220196,8.6382099168766,13.3047509783746,8.54632928869954,13.3598249696714,8.44428967470285,13.4128535690433,8.35569670197548,13.4818775237119,8.28813538467655
234.333333333333,12.8512757340816,8.9966079800681,12.9413820334609,8.94280049361367,13.0293185908519,8.88328265928484,13.1069476591639,8.80567129429176,13.1838325510838,8.72756787409403,13.2539786356482,8.64097405232011,13.3044351856721,8.54932185672635,13.3585558659017,8.44765614565975,13.4110807685156,8.35813346380438,13.4790538612586,8.28862454754615
234.5,12.8485778756602,8.99729432739737,12.9395475158205,8.94370541194195,13.0278265723278,8.88493141162318,13.1058213429703,8.80773188840674,13.1832653874697,8.73016284673553,13.2530340805239,8.64370591398986,13.3041380473899,8.55226432357634,13.3573335686181,8.45104459348743,13.4093935220882,8.36064335239062,13.476363335741,8.28917889946513
234.666666666667,12.8458405119534,8.99796944567345,12.9377113636794,8.94458714218917,13.0263209346391,8.8865509743146,13.1046943858881,8.80976574720484,13.1827106861178,8.73273649836875,13.2520666475259,8.6464083335546,13.3038578910113,8.55515888127642,13.35616035197,8.45444376662439,13.407783698915,8.36320979731101,13.4737864607357,8.2897911157738
234.833333333333,12.8430731647016,8.99862843959221,12.9358735348966,8.94544565269793,13.0248038992238,8.88814008321017,13.1035684241774,8.81177353862767,13.1821669564755,8.73528879678971,13.2510893275331,8.64908414268307,13.3035930440199,8.55800772185349,13.3550384901069,8.45784241350912,13.4062431681497,8.3658162281424,13.4713037498194,8.29045387181246
235,12.8402853556451,8.99926641384949,12.9340339873311,8.94628091181078,13.0232776875197,8.88969747416097,13.1024450940982,8.81375593061684,13.1816327079904,8.73781970979442,13.2501151114245,8.65173617304404,13.3033418338992,8.56081303733444,13.3539702571783,8.46122928258012,13.4047637989462,8.36844607446162,13.4688957165687,8.29115984292141
235.166666666667,12.8374866065244,8.99987847314116,12.9321926788417,8.94709288787032,13.0217445209647,8.89122188301806,13.1013260319106,8.81571359111395,13.1811064501099,8.74032920517891,13.2491569900791,8.65436725630625,13.3031025881325,8.56357701974618,13.3529579273336,8.46459312227589,13.4033374604584,8.37108276584549,13.46654287456,8.29190170444094
235.333333333333,12.83468643908,9.00045972216307,12.9303495672874,8.9478815492191,13.0202066209969,8.8927120456325,13.1002128738744,8.81764718806061,13.1805866922815,8.74281725073918,13.2482279543758,8.65698022413845,13.3028736342034,8.56630186111561,13.3520037747223,8.46792268103491,13.4019560218401,8.37370973187084,13.4642257373702,8.29267213171137
235.5,12.8318943750523,9.00100526561106,12.9285046105273,8.9486468641997,13.0186662090539,8.89416669785536,13.0991072562498,8.81955738939842,13.1800719439527,8.74528381427126,13.2473409951937,8.65957790820939,13.3026532995954,8.56898975346962,13.3511100734937,8.47120670729569,13.4006113522453,8.37631040211451,13.4619248185756,8.29346380007298
235.666666666667,12.8291199361817,9.00151020818101,12.9266577664202,8.94938880115471,13.0171255065739,8.89558457553771,13.0980108152967,8.82144486306899,13.1795607145708,8.74772886357117,13.2465091034117,8.66216314018783,13.302439911792,8.57164288883512,13.3502790977973,8.47443394949671,13.3992953208277,8.37886820615333,13.459620631753,8.29426938486609
235.833333333333,12.8263726442087,9.00196965456875,12.9248089928252,8.95010732842669,13.0155867349947,8.89696441453061,13.0969251872752,8.82331027701392,13.1790515135835,8.75015236643491,13.2457452699088,8.66473875174251,13.3022317982765,8.57426345923901,13.3495131217826,8.47759315607647,13.3979997967412,8.38136657356413,13.4572936904789,8.29508156143099
236,12.8236620208737,9.00237870947015,12.9229582476011,8.95080241435821,13.0140521157541,8.89830495068513,13.0958520084452,8.82515429917483,13.178542850438,8.75255429065851,13.245062485564,8.66730757454219,13.3020272865325,8.57685365670818,13.3488144195991,8.48067307547347,13.3967166491396,8.38378893392373,13.4549245083299,8.29589300510798
236.166666666667,12.8209975879172,9.00273247758106,12.9211054886069,8.95147402729186,13.0125238702901,8.89960491985234,13.0947929150667,8.82697759749331,13.178033234582,8.75493460403799,13.2444737412563,8.66987244025562,13.3018247040435,8.57941567326953,13.3481852653961,8.4836624561262,13.3954377471769,8.38611871680897,13.4524935988826,8.29669639123736
236.333333333333,12.8183888670796,9.00302606359733,12.9192506737016,8.9521221355702,13.0110042200407,8.9008630578833,13.0937495433998,8.82878083991098,13.1775211754628,8.75729327436936,13.2439920278647,8.67243618055155,13.3016223782929,8.58195170094997,13.3476279333231,8.48655004647316,13.3941549600069,8.38833935179668,13.4499814757137,8.29748439515943
236.5,12.8158453801013,9.00325457221482,12.9173937607442,8.95274670753581,13.0094953864437,8.90207810062909,13.0927235297045,8.83056469436943,13.177005182528,8.75963026944864,13.2436303362681,8.67500162709873,13.3014186367642,8.5844639317764,13.3471446975295,8.48932459495283,13.3928601567834,8.39043426846369,13.4473686523996,8.2982496922145
236.666666666667,12.8133766487228,9.00341310812939,12.9155347075936,8.95334771153126,13.0079995909369,8.90324878394076,13.0917165102408,8.83232982881028,13.1764837652249,8.76194555707184,13.2434016573455,8.67757161156591,13.3012118069408,8.5869545577757,13.3467378321649,8.49197485000372,13.3915452066603,8.39238689638683,13.4446356425171,8.29898495774287
236.833333333333,12.8109412974045,9.00353309288639,12.9136620716272,8.95394600354024,13.0065081713338,8.90441867239045,13.0907221923447,8.83407690377061,13.1759516066094,8.76424893933612,13.2432464189466,8.68015122815606,13.3009986997847,8.58941472208216,13.3463731151265,8.49454096783725,13.3902250736062,8.39423507940244,13.441775607506,8.29970791882281
237,12.8084949817636,9.00364905778702,12.9117668652919,8.95455917612896,13.0050116386447,8.90562520665511,13.0897334890769,8.83580612721082,13.1754062544332,8.7665485498114,13.243096573461,8.68274121993582,13.3007785376778,8.59183558846579,13.3460156348316,8.49707010644752,13.3889205046871,8.3960301959318,13.4388063184055,8.3004418763903
237.166666666667,12.8060427702758,9.00376077216092,12.9098527290512,8.95518230251379,13.0035109741032,8.90685793674302,13.0887508452843,8.83751748820751,13.1748505151877,8.76884185350284,13.2429523985777,8.68533789186945,13.300553265234,8.59421937990715,13.3456666312091,8.49956151694701,13.3876320437031,8.39777597742919,13.4357452031913,8.30118786657213
237.333333333333,12.8035897314167,9.0038680053377,12.9079233033684,8.9558104559111,13.0020071589433,8.90810641266243,13.0877747058138,8.83921097583727,13.1742871953644,8.77112631541562,13.2428141719858,8.6879375489212,13.3003248270672,8.59656831938678,13.3453273441882,8.5020144504482,13.3863602344542,8.39947615534887,13.4326096898391,8.3019469254951
237.5,12.8011409336619,9.00397052664698,12.9059822287068,8.95643870953726,13.0005011743985,8.90936018442163,13.0868055155124,8.84088657917669,13.1737191014549,8.77339940055492,13.2426821713743,8.69053649605535,13.3000951677911,8.59888462988523,13.3449990136979,8.50442815806358,13.3851056207404,8.40113446114511,13.4294172063245,8.302720089286
237.666666666667,12.7987014454872,9.00406810541839,12.9040331455297,8.95706213660867,12.9989940017026,8.91060880202889,13.0858437192269,8.84254428730236,13.1731490399505,8.7756585739259,13.2425566744322,8.69313103823614,13.2998662320196,8.60117053438305,13.3446828796673,8.50680189090562,13.3838687463618,8.40275462627217,13.4261851806233,8.30350839407165
237.833333333333,12.7962763353681,9.00416051098156,12.9020796943006,8.95767581034168,12.9974866220893,8.91184181549248,13.0848897618044,8.84418408929087,13.172579817343,8.77790130053374,13.2424379588485,8.69571748042784,13.2996399643666,8.60342825586079,13.3443801820255,8.50913490008682,13.3826501551184,8.40434038218434,13.422931040711,8.30431287597882
238,12.7938706717802,9.0042475126661,12.9001255154827,8.95827480395267,12.9959800167924,8.91304877482067,13.0839440880917,8.84580597421883,13.1720142401236,8.78012504538361,13.2423263023124,8.69829212759471,13.2994183094459,8.60566001729899,13.3440921607014,8.51142643671965,13.3814503908103,8.40589546033586,13.4196722145634,8.30513457113433
238.166666666667,12.7914895231993,9.00432887980165,12.8981742495394,8.95885419065802,12.9944751670455,8.91421923002173,13.0830071429357,8.84740993116281,13.1714551147839,8.78232727348069,13.2422219825129,8.70085128470101,13.2992032118713,8.6078680416782,13.3438200556243,8.51367575191659,13.3802699972374,8.40742359218101,13.4164261301562,8.30597451566498
238.333333333333,12.789137958101,9.00440438171782,12.8962295369341,8.9594090436741,12.9929730540824,8.91534273110394,13.0820793711834,8.84899594919941,13.1709052478154,8.78450544983014,13.2421252771389,8.70339125671099,13.2989966162567,8.61005455197898,13.3435651067231,8.51588209679014,13.3791095182,8.40892850917407,13.4132102154649,8.30683374569756
238.5,12.7868210449609,9.00447378774423,12.8942950181301,8.95993443621728,12.9914746591368,8.91640882807557,13.0811612176817,8.85056401740523,13.1703674457096,8.78665703943715,13.2420364638795,8.70590834858891,13.2988004672158,8.61222177118186,13.3433285539269,8.51804472245277,13.3779694974979,8.41041394276929,13.4100418984653,8.30771329735887
238.666666666667,12.7845438522547,9.00453686721052,12.8923743335907,8.96042544150395,12.9899809634424,8.91740707094488,13.0802531272775,8.85211412485685,13.169844514958,8.78877950730688,13.2419558204238,8.70839886529904,13.2986167093627,8.6143719222674,13.3431116371648,8.52016288001697,13.3768504789313,8.41188362442094,13.4069386071331,8.30861420677571
238.833333333333,12.7823114484579,9.0045933894463,12.8904711237793,8.96087713275046,12.9884929482329,8.91832700972016,13.0793555448177,8.85364626063087,13.1693392620521,8.79087031844451,13.2418836244609,8.71085911180564,13.298447287311,8.61650722821614,13.3429155963659,8.52223582059522,13.3757530063001,8.41334128558329,13.4039177694439,8.30953751007489
239,12.7801289020463,9.0046431237812,12.8885890291592,8.96128458317321,12.9870115947421,8.91915819440968,13.0784689151493,8.85516041380388,13.1688544934833,8.79292693785521,13.2418201536796,8.71328539307296,13.2982941456746,8.61862991200863,13.3427416714592,8.5242627953,13.3746776234045,8.41479065771061,13.4009968133734,8.31048424338319
239.166666666667,12.7780012814955,9.00468583954484,12.8867316901939,8.96164286598855,12.9855378842037,8.9198901750217,13.0775936831192,8.85665657345247,13.1683930157432,8.79494683054416,13.2417656857692,8.71567401406526,13.2981592290675,8.62074219662542,13.3425911023737,8.5262430552438,13.3736248740444,8.41623547225717,13.3981931668972,8.31145544282742
239.333333333333,12.7759336552812,9.00472130606684,12.8849027473466,8.96194705441288,12.9840727978515,8.92051250156451,13.0767302935743,8.85813472865324,13.1679576353233,8.79692746151652,13.2417204984185,8.71802127974681,13.2980444821033,8.62284630504706,13.3424651290387,8.52817585153909,13.3725953020199,8.41767946067723,13.3955242579911,8.31245214453438
239.5,12.7739310918789,9.00474929267683,12.8831058410806,8.96219222166255,12.982617316919,8.92101472404636,13.0758791913615,8.85959486848277,13.167551158715,8.79886629577747,13.2416848693167,8.72032349508185,13.2979518493959,8.6249444602541,13.342364991383,8.53006043529837,13.371589451131,8.41912635442506,13.3930075146306,8.31347538463087
239.666666666667,12.7719986597643,9.00476956870443,12.8813446118594,8.96237344095395,12.9811724226401,8.92138639247554,13.0750408213278,8.86103698201766,13.1671763924098,8.80076079833219,13.2416590761528,8.72257696503466,13.2978832755592,8.62703888522707,13.3422919293358,8.53189605763411,13.3706078651779,8.42057988495493,13.3906603647916,8.31452619924368
239.833333333333,12.7701414274131,9.00478190347927,12.8796227001462,8.96248578550345,12.9797390962485,8.92161705686031,13.07421562832,8.86246105833451,13.1668361428993,8.80260843418584,13.2416433966159,8.72477799456949,13.2978407052071,8.62913180294654,13.3422471828262,8.5336819696588,13.3696510879604,8.42204378372111,13.3885002364496,8.31560562449962
240,12.7683644633009,9.00478606633097,12.8779437464045,8.96252432852742,12.9783183189778,8.92169626720895,13.0734040571852,8.86386708650989,13.1665332166749,8.80440666834361,13.2416381083949,8.72692288865061,13.2978260829533,8.63122543639304,13.3422319917832,8.53541742248493,13.3687196632787,8.42352178217786,13.3865445575803,8.31671469652549
240.166666666667,12.7666560523163,9.0047602846228,12.8763026573598,8.96251756115754,12.976902262158,8.92168447358863,13.0726152034869,8.86528399054632,13.1662637576072,8.80616812564019,13.2416470899431,8.72902150621719,13.2978730125658,8.63330530065867,13.3422554823136,8.53707785675766,13.3677792116441,8.42498243635544,13.3846922636743,8.31785944116414
240.333333333333,12.7649988767795,9.00468649559597,12.8746905698515,8.96249819247822,12.9754835084934,8.9216507194339,13.0718554645295,8.86673500590298,13.1660200161443,8.80790684210737,13.2416727957534,8.73108696374815,13.2980087646386,8.63535743573065,13.3423237816335,8.53864648386612,13.3668011770572,8.42639653472548,13.3828368392492,8.31904521398479
240.5,12.7633896013136,9.004570033397,12.8731054695136,8.96246762263497,12.9740636562797,8.92159744480414,13.0711212377712,8.86821158884149,13.1657989586444,8.80962239954588,13.2417133675745,8.73312045251735,13.2982257840244,8.63738485193221,13.3424336313363,8.54013421103868,13.3657948385526,8.42777115740432,13.3809875358215,8.32027204570375
240.666666666667,12.7618248905417,9.0044162321724,12.8715453419799,8.96242725177326,12.9726443038122,8.92152708975874,13.07040892067,8.86970519562347,13.1655975514653,8.81131437975646,13.241766947155,8.73512316379862,13.2985165155758,8.63939055958661,13.3425817730154,8.54155194550372,13.3647694751646,8.42911338450833,13.3791536049074,8.3215399670373
240.833333333333,12.7603014090867,9.0042304260687,12.8700081728845,8.9623784800386,12.9712270493866,8.92144209435707,13.069714910684,8.87120728251053,13.165412760965,8.81298236453988,13.2418316762436,8.73709628886581,13.2988734041456,8.6413775690171,13.342764948264,8.54291059448962,13.3637343659275,8.43043029615384,13.3773442980235,8.32284900870176
241,12.7588158215718,9.0040179492324,12.8684919478613,8.96232270757647,12.9698134912985,8.92134489865851,13.0690356052712,8.87270930576429,13.1652415535017,8.81462593569686,13.241905696589,8.73904101899277,13.2992888945866,8.64334889054692,13.3429798986755,8.54422106522475,13.3626987898759,8.4317289724572,13.3755688666859,8.32419920141343
241.166666666667,12.7573647926201,9.00378413581004,12.8669946525443,8.96226133453237,12.9684052278434,8.92123794272244,13.0683674018898,8.87420272164636,13.1650808954331,8.81624467502816,13.2419871499398,8.74095854545334,13.2997554317515,8.64530753449933,13.3432233658432,8.5454942649375,13.3616720260441,8.43301649353476,13.3738365624111,8.32559057588862
241.333333333333,12.7559449868545,9.00353431994812,12.8655142725673,8.9621957610518,12.9670038573168,8.92112366660823,13.0677066979977,8.87567898641836,13.1649277531174,8.81783816433453,13.2420741780446,8.74285005952137,13.3002654604929,8.64725651119757,13.3434920913604,8.54674110085623,13.3606633534664,8.43429993950286,13.3721566367153,8.32702316284362
241.5,12.7545530688983,9.00327383579317,12.8640487935645,8.96212738728024,12.9656109780144,8.92100451037527,13.0670498910531,8.87712955634191,13.1647790929125,8.81940598541671,13.242164922652,8.74471675247071,13.3008114256636,8.64919883096489,13.3437828168205,8.54797248020934,13.3596820511773,8.43558639047785,13.3705383411151,8.32849699299473
241.666666666667,12.7531857033743,9.0030080174917,12.8625962011696,8.96205761336319,12.9642281882316,8.92088291408293,13.066393378514,8.87854588767862,13.1646318811765,8.82094772007545,13.2422575255109,8.7465598155752,13.3013857721163,8.65113750412453,13.3440922838168,8.5491993102252,13.3587373982112,8.43688292657608,13.3689909271267,8.33001209705828
241.833333333333,12.7518395549057,9.00274219919023,12.8611544810167,8.96198783944613,12.962857086264,8.9207613177906,13.0657335578385,8.87991943669011,13.1644830842672,8.82246295011149,13.2423501283697,8.74838044010869,13.3019809447038,8.65307554099975,13.3444172339427,8.55043249813218,13.3578386736024,8.4381966279139,13.3675236462665,8.33156850575054
242,12.7505112881156,9.00248171503527,12.8597216187398,8.96191946567458,12.9614992704072,8.92064216155763,13.0650668264847,8.881241659638,13.1643296685428,8.82395125732558,13.2424408729772,8.75017981734502,13.3025893882788,8.6550159519138,13.3447544087913,8.55168295115866,13.3569951563854,8.43953457460765,13.3661457500509,8.33316624978784
242.166666666667,12.749197567627,9.00223189917336,12.8582955999727,8.961853892194,12.9601563389567,8.92052788544343,13.0643895819106,8.88250401278391,13.1641686003611,8.82541222351847,13.242527901082,8.75195913855804,13.303203547694,8.65696174718991,13.3451005499562,8.55296157653303,13.3562161255945,8.44090384677367,13.3648664899962,8.33480535988647
242.333333333333,12.7478950580629,9.00199808575099,12.8568744103494,8.9617925191499,12.9588298902081,8.92042092950736,13.0636982215744,8.88369795238944,13.1639968460802,8.82684543049089,13.2426093544328,8.75371959502159,13.3038158678021,8.65891593715134,13.3454523990305,8.55427928148365,13.3555108602642,8.44231152452832,13.3636951176187,8.33648586676273
242.5,12.7466004240465,9.0017856089147,12.8554560355039,8.96173674668778,12.9575215224569,8.9203237338088,13.062989142934,8.88481493471622,13.1638113720581,8.82825046004361,13.2426833747782,8.75546237800953,13.3044187934558,8.66088153212134,13.3458066976077,8.55564697323891,13.3548886394288,8.44376468798795,13.3626408844349,8.33820780113293
242.666666666667,12.7453103302008,9.001599802811,12.8540384610701,8.96168797495312,12.9562328339987,8.92023873840713,13.0622587434476,8.88584641602586,13.1636091446527,8.82962689397736,13.2427481038668,8.7571886787957,13.3050047695079,8.66286154242316,13.346160187281,8.55707555902718,13.3543587421227,8.44527041726889,13.3617130419611,8.33997119371338
242.833333333333,12.7440214411489,9.0014460015864,12.852619672682,8.96164760409141,12.954965423129,8.92016838336173,13.0615034205732,8.88678385257998,13.1633871302221,8.8309743140929,13.2428016834473,8.75889968865394,13.3055662408111,8.66485897838003,13.3465096096438,8.55857594607685,13.3539304473803,8.4468357924875,13.3609208417136,8.34177607522036
243,12.7427304215138,9.00132953938743,12.8511976559736,8.96161703424815,12.9537208881434,8.92011510873197,13.0607195717688,8.88761870064019,13.1631422951242,8.83229230219096,13.2428422552684,8.7605965988581,13.3060956522181,8.66687685031522,13.3468517062894,8.56015904161629,13.353613034236,8.44846789376012,13.3602735352088,8.3436224763702
243.166666666667,12.7414339359186,9.0012557503606,12.8497703965787,8.96159766556884,12.9525008273375,8.92008135457724,13.0599035944927,8.88834241646812,13.1628716057171,8.8335804400723,13.2428679610787,8.76228060068202,13.3065854485817,8.66891816855197,13.3471832188111,8.56183575287388,13.3534157817242,8.4501738012031,13.3597803739631,8.34551042787919
243.333333333333,12.7401286489863,9.00122996865243,12.8483358801314,8.96159089819895,12.9513068390067,8.92006956095692,13.0590518862027,8.88894645632538,13.1625720283587,8.83483830953765,13.2428769426269,8.76395288539956,13.3070280747545,8.67098594341352,13.3475008888023,8.56361698707799,13.3533479688793,8.45196059493278,13.3594506094928,8.34743996046363
243.5,12.738829887488,9.00125006082276,12.8468976261019,8.96160195825117,12.9501488726216,8.92013117094365,13.0581679979565,8.88946464562355,13.1622219747241,8.83606681385292,13.2428460989098,8.76559926797876,13.307459156977,8.67307071927629,13.3478149777889,8.56552906906873,13.3533797557879,8.45385795230611,13.359209986199,8.34946699142167
243.666666666667,12.7375535886142,9.00130878320499,12.8454607922112,8.96163456570243,12.9490324754752,8.92030930205912,13.0572581559819,8.88993931746543,13.1618044680041,8.83726807507081,13.2427561309395,8.76720748116763,13.3079159137584,8.67516153808601,13.3481376812164,8.56758367786883,13.3534726199611,8.4558843056922,13.3589783243372,8.35163884586795
243.833333333333,12.7362973326176,9.00140380460591,12.8440258214697,8.96168786149461,12.9479526425968,8.92059390603622,13.0563227704923,8.89037468964942,13.1613233918299,8.83844350317234,13.2426108834879,8.76878159290997,13.3083931783551,8.67725915651989,13.3484686415574,8.56976975198064,13.3536228165703,8.45802986772568,13.3587559892052,8.35394266624353
244,12.7350586997509,9.00153279383236,12.8425931568877,8.96176098656962,12.9469043690157,8.92097493460785,13.0553622517014,8.89077497997395,13.1607826298328,8.83959450813849,13.2424142013267,8.77032567114959,13.3088857840234,8.67936433125515,13.3488075012844,8.5720762299065,13.3538266007869,8.46028485104119,13.3585433461007,8.35636559498947
244.166666666667,12.7338352702666,9.00169341969116,12.8411632414756,8.96185308186934,12.9458826497612,8.9214423395069,13.0543770098226,8.89114440623742,13.1601860656441,8.84072249995029,13.2421699292277,8.7718437838303,13.3093885640194,8.68147781896902,13.3491539028703,8.57449205014876,13.3540802277821,8.46263946827336,13.3583407603216,8.35889477454682
244.333333333333,12.7326246244175,9.00188335098912,12.8397365182435,8.96196328833568,12.9448824798628,8.92198607246629,13.0533674550696,8.89148718623825,13.1595375828951,8.84182888858873,13.2418819119626,8.77333999889588,13.3098963515994,8.68360037633871,13.3495074887875,8.57700615120977,13.3543799527272,8.46508393205682,13.3581485971657,8.36151734735664
244.5,12.7314243424563,9.00210025653307,12.8383134302019,8.96209074691053,12.9438988543497,8.9225960852189,13.0523339976559,8.89180753777486,13.1588410652171,8.8429150840348,13.2415539943031,8.77481838429015,13.3104039800196,8.68573276004144,13.3498679015088,8.57960747159186,13.3547220307935,8.4676084550262,13.3579672219307,8.36422045585999
244.666666666667,12.7302320046355,9.00234180512982,12.836894420361,8.96223459853577,12.9429267682513,8.92326232949763,13.051277047795,8.89210967864564,13.1581003962413,8.84398249626952,13.2411900210212,8.7762830079569,13.3109062825364,8.68787572675444,13.3502347835066,8.58228494979739,13.3551027171524,8.47020324981613,13.3577969999145,8.36699124249793
244.833333333333,12.7290451912078,9.00260566558619,12.8354799317311,8.96239398415331,12.941961216597,8.92397475703538,13.0501970157004,8.89239782664903,13.1573194595991,8.84503253527389,13.2407938368884,8.77773793783994,13.3113980924059,8.69003003315491,13.3506077772538,8.5850275243287,13.3555182669751,8.47285852906126,13.357638296415,8.36981684971152
245,12.7278614824259,9.00288950670901,12.8340704073226,8.96256804470503,12.9409971944159,8.92472331956505,13.0490943115858,8.89267619958342,13.1565021389218,8.8460666110289,13.2403692866766,8.77918724188307,13.3118742428844,8.69219643592008,13.3509865252228,8.58782413368813,13.3559649354331,8.4755645053962,13.3574914767298,8.37268441994181
245.166666666667,12.7266784585423,9.00319099730509,12.8326662901458,8.96275592113284,12.9400296967376,8.92549796881954,13.0479693456646,8.89294901524724,13.1556523178406,8.84708613351556,13.2399202151575,8.78063498803009,13.3123295672281,8.69437569172718,13.3513706698864,8.59066371637803,13.3564389776975,8.47831139145559,13.3573569061567,8.37558109562986
245.333333333333,12.7254936998099,9.00350780618125,12.8312680232109,8.96295675437863,12.9390537185913,8.92628865653175,13.0468225281504,8.89322049143889,13.1547738799868,8.84809251271487,13.239450467103,8.7820852442248,13.3127588986934,8.69656855725341,13.3517598537171,8.59353521090075,13.3569366489397,8.48108939987407,13.3572349499937,8.37849401921673
245.5,12.7243047864812,9.00383760214432,12.8298760495283,8.96316968538429,12.9380642550064,8.92708533443457,13.0456542692567,8.8934948459568,13.1538707089917,8.84908715860784,13.2389638872846,8.78354207841101,13.3131570705364,8.698775789176,13.3521537191876,8.59642755575862,13.3574542043311,8.48388874328626,13.3571259735385,8.38141033314348
245.666666666667,12.7231092988088,9.00417805400111,12.8284908121083,8.96339385509171,12.9370563010122,8.9278779542609,13.0444649791972,8.89377629659937,13.1529466884866,8.85007148117546,13.2384643204743,8.78500955853252,13.3135189160134,8.70099814417217,13.3525519087705,8.599329689454,13.3579878990428,8.4866996343268,13.3570303420889,8.38431717985117
245.833333333333,12.7219048170455,9.00452683055844,12.8271127539612,8.9636284044428,12.936024851638,8.92865646774364,13.0432550681852,8.89406906116502,13.1520057021028,8.85104689039874,13.2379556114438,8.78649175253313,13.3138392683806,8.70323637891913,13.3529540649385,8.60223055048922,13.3585339882463,8.48951228563032,13.3569484209427,8.38720170178084
246,12.7206889214439,9.00488160062313,12.8257423180973,8.96387247437944,12.9349649019132,8.9294108266157,13.0420249464345,8.89437735745216,13.1510516334717,8.85201479625868,13.2374416049647,8.78799272835663,13.3141129608943,8.70549125009412,13.3533598301641,8.60511907736664,13.3590887271129,8.49231690983145,13.3568805753977,8.39005104137357
246.166666666667,12.7194591922566,9.00524003300201,12.824379947527,8.96412520584353,12.9338714468672,8.93013098260996,13.0407750241585,8.8947054032592,13.1500883662243,8.85297660873629,13.236926145809,8.78951655394684,13.3143348268108,8.70776351437434,13.35376884692,8.6079842085886,13.3596483708138,8.49510371956483,13.3568271707517,8.39285234107041
246.333333333333,12.7182132097363,9.00559979650189,12.8230260852604,8.96438573977696,12.9327394815292,8.93080688745932,13.0395057115708,8.89505741638455,13.1491197839922,8.85393373781255,13.2364130787483,8.79106729724756,13.3144996993862,8.71005392843701,13.3541807576789,8.61081488265745,13.3602091745203,8.49786292746508,13.3567885723025,8.39559274331241
246.5,12.7169485541356,9.00595855992959,12.821681174308,8.96465321712162,12.9315640009286,8.9314284928967,13.0382174188849,8.89543761462664,13.1481497704064,8.85488759346849,13.2359062485545,8.79264902620258,13.3146024118769,8.71236324895936,13.3545952049133,8.61360003807552,13.3607673934039,8.50058474616684,13.3567651453479,8.39825939054064
246.666666666667,12.7156628057071,9.00631399209193,12.82034565768,8.96492677881942,12.9303400000947,8.93198575065497,13.0369105563143,8.89585021578387,13.1471822090985,8.85583958568509,13.2354094999992,8.79426580875572,13.3146377975391,8.7146922326186,13.3550118310958,8.61632861334517,13.3613192826358,8.50325938830474,13.3567572551858,8.40083942519615
246.833333333333,12.7143562674833,9.00668968886407,12.8190262131193,8.96527306051049,12.9290588083738,8.93250956274881,13.0355656289995,8.89630779497584,13.1461875501718,8.85679661515697,13.2348998615729,8.79593394953347,13.3146213655246,8.71706664459675,13.3554318064066,8.61905740842112,13.3618865876601,8.50593218228192,13.3568284523819,8.40336041831813
247,12.7130319656404,9.00710838163769,12.8177275160809,8.9657501036236,12.927718540997,8.93303648535658,13.0341657335158,8.89681583309591,13.1451364289948,8.85776262567114,13.2343534857466,8.79766168491308,13.3145740511996,8.71950616810036,13.3558565928133,8.62184449198943,13.3624928133377,8.50865064805771,13.3570365515599,8.40585961719439
247.166666666667,12.7116915651469,9.00756644249443,12.8164470061432,8.96634415778361,12.9263243718212,8.93356495145671,13.0327151672297,8.89736790660319,13.1440330070958,8.85873459184722,13.2337729032632,8.79944098046441,13.3144988271416,8.72200243684345,13.3562862704701,8.62468070564945,13.3631368539643,8.51140828560098,13.3573733141044,8.40833867863889
247.333333333333,12.7103367309715,9.00806024351591,12.8151821228844,8.96704147261537,12.9248814747034,8.93409339402766,13.0312182275075,8.89795759195675,13.1428814460034,8.85970948830481,13.2331606448654,8.8012638017573,13.3143986659281,8.72454708454003,13.3567209195313,8.62755689100053,13.3638176038359,8.51419859488063,13.3578305014,8.4107992594656
247.5,12.7089691280829,9.00858615678377,12.8139303058832,8.96782829774373,12.9233950235002,8.93462024604786,13.0296792117156,8.89857846561569,13.1416859072458,8.86068428966354,13.2325192412961,8.80312211436164,13.3142765401365,8.72713174490411,13.357160620151,8.630463889642,13.3645339572485,8.51701507586554,13.3583998748311,8.41324301648849
247.666666666667,12.7075904214495,9.00914055437963,12.8126889947177,8.96869088279356,12.9218701920686,8.93514394049575,13.0281024172202,8.89922410403909,13.1404505523517,8.861655970543,13.231851223298,8.80500788384728,13.3141354223444,8.72974805164971,13.3576054524835,8.63339254317322,13.365284808498,8.5198512285246,13.3590731957823,8.41567160652154
247.833333333333,12.7062022760401,9.00971980838511,12.8114556289665,8.9696154773897,12.9203121542655,8.93566291034977,13.0264921413877,8.89988808368605,13.1391795428493,8.86262150556282,13.231159121614,8.80691307578408,13.3139782851293,8.73238763849085,13.3580554966829,8.63633369319352,13.3660690518802,8.52270055282671,13.3598422256383,8.41808668637872
248,12.7048063568233,9.01032029088186,12.8102276482079,8.97058833115701,12.9187260839477,8.93617558858836,13.0248526815845,8.90056398101565,13.1378770402672,8.86357786934261,13.2304454669868,8.8088296557419,13.3138081010688,8.73504213914153,13.3585108329036,8.63927818130225,13.3668855816912,8.52555654874074,13.3606987257834,8.42048991287399
248.166666666667,12.7034043287677,9.01093837395149,12.8090024920204,8.97159569372034,12.917117154972,8.93668040818996,13.0231883351769,8.90124537248698,13.1365472061338,8.86452203650197,13.2297127901592,8.81074958929062,13.3136278427403,8.73770318731579,13.3589715412996,8.64221684909877,13.3677332922269,8.52841271623559,13.3616344576023,8.42288294282133
248.333333333333,12.7019978568418,9.01157042967564,12.8077775999822,8.97262381470455,12.9154905411954,8.93717580213302,13.0215033995313,8.90192583455913,13.1351942019774,8.86545098166052,13.2289636218741,8.81266484200008,13.3134404827213,8.74036241672762,13.3594377020253,8.6451405381824,13.3686110777831,8.53126255528015,13.3626411824795,8.42526743303471
248.5,12.7005886060144,9.01221283013593,12.8065504116719,8.97365894373448,12.9138514164746,8.93766020339597,13.0198021720139,8.90259894369119,13.1338221893266,8.86636167943787,13.2282004928742,8.81456737944015,13.3132489935894,8.74301146109105,13.3599093952348,8.6480400901525,13.3695178326559,8.53409956584329,13.3637106617995,8.42764504032809
248.666666666667,12.699178241254,9.012861947414,12.8053183666677,8.974687330435,12.9122049546666,8.93813204495725,13.0180889499912,8.90325827634225,13.1324353297098,8.86725110445363,13.2274259339024,8.81644916718071,13.3130563479221,8.7456419541201,13.3603867010823,8.65090634660842,13.3704524511411,8.53691724789392,13.364834656947,8.43001742151545
248.833333333333,12.6977684275292,9.01351415359146,12.8040789045481,8.97569522443096,12.9105563296281,8.93858975979531,13.0163680308295,8.9038974089714,13.1310377846554,8.86811623132743,13.2266424757013,8.81830217079159,13.3128655182968,8.74824552952877,13.3608696997221,8.65373014914949,13.3714138275347,8.53970910140092,13.3660049293064,8.43238623341077
249,12.6963608298087,9.01416582074996,12.8028294648915,8.97666887534722,12.9089107152161,8.93903178088858,13.014643711895,8.90450991803772,13.1296337156918,8.86895403467885,13.2258526490139,8.82011835584268,13.3126794772912,8.75081382103108,13.3613584713083,8.65650233937506,13.3724008561327,8.54246862633317,13.3672132402624,8.434753132828
249.166666666667,12.694957113061,9.01481332097112,12.8015674872763,8.97759453280861,12.9072732852874,8.93945654121551,13.0129202905543,8.90508938000031,13.1282272843475,8.86976148912752,13.225058984583,8.82188968790383,13.3125011974826,8.75333846234105,13.3618530959952,8.65921375888447,13.3734124312309,8.54518932265957,13.3684513511994,8.43711977658112
249.333333333333,12.6935589422549,9.01545302633656,12.8002904112809,8.97845844644001,12.9056492136988,8.93986247375454,13.0112020641735,8.90562937131824,13.1268226521509,8.87053556929306,13.2242640131512,8.82360813254491,13.3123336514487,8.75581108717269,13.362353653937,8.66185524927708,13.3744474471252,8.547864690349,13.369711023502,8.43948782148411
249.5,12.6921679823588,9.01608130892792,12.7989956764836,8.97924686586626,12.9040436743073,8.9402480114841,13.0094933301191,8.90612346845062,13.1254239806304,8.87127324979506,13.2234702654615,8.82526565533577,13.3121798117669,8.75822332924002,13.362860225288,8.66441765215222,13.3755047981117,8.55048822937035,13.3709840185547,8.44185892435093
249.666666666667,12.6907858983415,9.01669454082683,12.7976807224629,8.97994604071222,12.9024618409696,8.94061158738264,13.0077983857574,8.90656524785654,13.1240354313145,8.87197150525316,13.2226802722566,8.82685422184629,13.3120426510147,8.76056682225706,13.3633728902022,8.66689180910924,13.3765833784862,8.55305343969251,13.3722620977421,8.44423474199555
249.833333333333,12.6894143551715,9.0172890941149,12.7963429887971,8.98054222060274,12.9009088875427,8.9409516344286,13.0061215284547,8.90694828599507,13.1226611657316,8.87262731028694,13.2218965642793,8.82836579764632,13.3119251417697,8.76283319993781,13.3638917288339,8.66926856174749,13.3776820825447,8.55555382128437,13.3735370224488,8.44661693123194
250,12.6880550178175,9.01786134087378,12.7949799150647,8.98102165516267,12.8993899878833,8.94126658560042,13.0044670555774,8.90726615932531,13.1213053454101,8.87323763951604,13.2211216722724,8.82979234830572,13.3118302566094,8.76501409599629,13.3644168213374,8.6715387516663,13.3787998045831,8.55798287411482,13.3748005540593,8.44900714887408
250.166666666667,12.6867133089865,9.01840711219414,12.7935998114581,8.98141629175326,12.8979087413268,8.94155525617628,13.0028346924733,8.90753652073893,13.1199822493632,8.87382735535524,13.2203682087996,8.83116202547833,13.3117526750677,8.76714373218369,13.3649809348388,8.67369196012518,13.3799892315298,8.56031044321238,13.3761165551089,8.45135564313736
250.333333333333,12.6853915120046,9.01892745569263,12.7922120802841,8.98177041616641,12.8964617875347,8.94181946434242,13.0012190905446,8.90778299905546,13.1186981411569,8.87442116062217,13.2196430145224,8.83250815163723,13.3116842956964,8.76926015994859,13.3656100142699,8.6757327898832,13.3812954439263,8.56252128949033,13.3775500461672,8.45362116135533
250.5,12.6840865827691,9.01942656823986,12.7908157992927,8.98208878567292,12.8950438608531,8.94206214743938,12.9996169362389,8.90800813462578,13.1174451591488,8.8750157905407,13.2189399623304,8.83383044858108,13.3116239195997,8.77136075755109,13.3662939064932,8.67767461478907,13.3827059264882,8.56463128674472,13.37909452567,8.45581810901915
250.666666666667,12.6827954771772,9.01990864670644,12.7894100462339,8.98237615754363,12.8936496956282,8.94228624280769,12.9980249160041,8.90821446780075,13.1162154416965,8.87560798033469,13.2182529251134,8.8351286381086,13.3115703478815,8.77344290325132,13.3670224583711,8.6795308086915,13.3842081639309,8.56665630877158,13.3807434920531,8.45796089161999
250.833333333333,12.681515151126,9.02037788796299,12.7879938988577,8.98263728904934,12.8922740262059,8.94249468778787,12.9964397162877,8.90840453893126,13.1150011271577,8.87619446522802,13.217575775761,8.83640244201846,13.3115223816461,8.7755039753094,13.3677855167662,8.68131474543923,13.3857896409701,8.56861222936692,13.3824904437524,8.46006391464901
251,12.6802425605126,9.0208384888801,12.7865664349139,8.98287693746089,12.8909115869324,8.94269041972045,12.9948580235376,8.90858088836816,13.1137943538902,8.87677198044454,13.2169023871629,8.83765158210936,13.3114788219976,8.77754135198543,13.3685729285409,8.68303979888095,13.3874378423213,8.57051492232679,13.3843288792035,8.46214158359737
251.166666666667,12.6789746612344,9.0212946463284,12.7851267321526,8.98309986004908,12.8895571121539,8.94287637594597,12.9932765242014,8.90874605646234,13.1125872602515,8.87733726120812,13.2162266322086,8.83887578017998,13.3114384700401,8.77955241153954,13.3693745405578,8.68471934286538,13.3891402527,8.57238026144721,13.3862522968424,8.46420830395625
251.333333333333,12.6777084091885,9.02175055717848,12.7836738683237,8.98331081408475,12.8882053362164,8.94305549380496,12.9916919047269,8.90890258356466,13.1113719845993,8.87788704274262,13.215542383788,8.84007475802902,13.3114001268778,8.78153453223185,13.3701801996793,8.68636675124124,13.3908843568218,8.57422412052422,13.3882541951049,8.46627848121681
251.5,12.676440760272,9.02221041830096,12.7822069211772,8.98351455683871,12.886850993466,8.94323071063794,12.9901008515618,8.90905301002601,13.1101406652913,8.87841806027191,13.2148435147906,8.84124823745516,13.3113625936146,8.78348509232246,13.370979752768,8.68799539785725,13.3926576394023,8.57606237335384,13.3903280724267,8.46836652087021
251.666666666667,12.6751686703821,9.02267842656645,12.7807249684631,8.98371584558178,12.8854888182489,8.94340496378544,12.9885000511537,8.90919987619724,13.1088854406851,8.87892704901986,13.2141238981061,8.8423959402571,13.3113246713548,8.7854014700715,13.3717630466863,8.68961865656211,13.3944475851569,8.5779108937321,13.3924674272438,8.47048682840762
251.833333333333,12.6738890954161,9.02315877884555,12.7792270879313,8.98391943758479,12.8841135449112,8.94358119058799,12.9868861899504,8.90934572242924,13.1075984491385,8.87941074421033,13.2133774066242,8.84351758823353,13.3112851612025,8.78728104373908,13.3725199282967,8.69124990120455,13.3962416788012,8.57978555545504,13.3946657579918,8.4726538093202
252,12.6725989912711,9.02365567200887,12.7777123573318,8.98413009011855,12.882719907799,8.94376232838613,12.9852559543997,8.90949308907287,13.106271829009,8.87986588106718,13.2125979132346,8.84461290318313,13.3112428642618,8.78912119158532,13.3732402444618,8.69290250563328,13.3980274050508,8.58170223231869,13.3969165631067,8.47488186909913
252.166666666667,12.6712953138443,9.02417330292703,12.7761798544145,8.98435256045388,12.8813026412583,8.94395131452038,12.9836060309492,8.90964451647901,13.1048977186543,8.88028919481429,13.2117792908269,8.8456816069046,13.3111965816368,8.79091929187034,13.3739138420439,8.69458984369701,13.3997922486212,8.58367679811908,13.3992133410242,8.47718541323556
252.333333333333,12.6699750190328,9.02471586847064,12.7746286569294,8.98459160586161,12.8798564796354,8.94415108633127,12.9819331060467,8.90980254499853,13.1034682564321,8.88067742067551,13.2109154122907,8.84672342119663,13.3111451144316,8.79267272285424,13.3745305679057,8.69632528924446,13.401523694228,8.58572512665223,13.4015495901802,8.47957884722067
252.5,12.668635062734,9.02528756551029,12.7730578426265,8.98485198361255,12.8783761572763,8.94436458115934,12.9802338661398,8.9099697149823,13.1019755807001,8.88102729387471,13.2100001505158,8.8477380678579,13.3110872637505,8.79437886279715,13.3750802689096,8.69812221612434,13.4032092265867,8.58786309171417,13.4039188090105,8.48207657654561
252.666666666667,12.6672724008449,9.02589259091661,12.7714664892557,8.98513845097753,12.8768564085271,8.94459473634511,12.9785049976763,8.9101485667812,13.1004118298159,8.88133554963576,13.2090273783918,8.8487252686871,13.3110218306974,8.79603508995919,13.3755527919181,8.69999399818538,13.4048363304128,8.59010656710095,13.4063144959508,8.48469300670156
252.833333333333,12.6658839892627,9.0265351415602,12.769853674567,8.98545576522737,12.8752919677339,8.94484448922911,12.9767431871039,8.91034164074609,13.0987691421372,8.88159892318251,13.2079909688083,8.84968474548294,13.3109476163765,8.79763878260047,13.3759379837937,8.70195400927627,13.406392490422,8.59247142660859,13.4087301494371,8.48744254317968
253,12.6644667838846,9.02721941431166,12.7682184763104,8.98580868363288,12.8736775692428,8.94511677715187,12.9749451208704,8.91055147722785,13.0970396560216,8.88181414973885,13.2068847946551,8.85061622004409,13.3108634218919,8.7991873189811,13.3762256913989,8.70401562324575,13.4078651913296,8.59497354403311,13.4111592679051,8.49033959147113
253.166666666667,12.6630177406078,9.02794960604161,12.7665599722358,8.98620196346489,12.8720079474,8.94541453745392,12.9731074854234,8.91078061657736,13.0952155098269,8.88197796452863,13.2057027288217,8.85151941416925,13.3107680483477,8.8006780773612,13.3764057615962,8.70619221394252,13.4092419178514,8.59762879317056,13.4135953497906,8.49339855706708
253.333333333333,12.6615338153296,9.02872991362066,12.7648772400932,8.98664036199421,12.8702778365516,8.94574070747579,12.9712269672106,8.91103159914548,13.0932888419106,8.88208710277571,13.2044386441979,8.8523940496571,13.3106602968482,8.8021084360009,13.376468041248,8.70849715521531,13.4105101547029,8.60045304781695,13.4160318935294,8.49663384545871
253.5,12.6599816482514,9.0296038013421,12.7631400330618,8.98718471580245,12.8684478874126,8.94611205589064,12.9692849333477,8.91131553589949,13.0911354204692,8.88216546746455,13.2029480816985,8.85326328291066,13.3103190538496,8.80349200565778,13.3764224902267,8.71103320344404,13.4117438365885,8.60358804074558,13.4185959243752,8.50021693359169
253.666666666667,12.6583379649869,9.03060578856751,12.7613249942831,8.98788436896097,12.8664915954503,8.94654106438361,12.9672697657216,8.91163919432327,13.088657929634,8.8822392500418,13.2011112637277,8.85414682205562,13.3095464676881,8.80484454958249,13.3762885546673,8.71386992666556,13.4130177786825,8.60713659947645,13.4213972167188,8.50427917245535
253.833333333333,12.6566148495509,9.03172665476998,12.7594415364508,8.98872683997528,12.8644229621391,8.94702423981323,12.9651886729369,8.91199859954258,13.0858888816652,8.88230861842467,13.1989590854091,8.85503921647477,13.3083762322873,8.80616667477465,13.3760703108269,8.71697091621393,13.4143207864047,8.61105623992572,13.4244033927021,8.50877477860623
254,12.6548243859583,9.03295717942256,12.7574990722584,8.98969964735084,12.8622559889537,8.94755808903804,12.9630488635983,8.91238977668317,13.0828607888231,8.88237374053034,13.1965224418664,8.85593501555086,13.3068420415708,8.80745898823393,13.3757718349625,8.72029976342322,13.415641665175,8.61530447800956,13.4275820744671,8.51365796860092
254.166666666667,12.652978658224,9.03428814199832,12.7555070143997,8.99079030959315,12.8600046773686,8.94813911891656,12.9608575463105,8.9128087508708,13.0796061633677,8.88243478427601,13.1938322282231,8.85682876866666,13.3049775894622,8.80872209695999,13.375397203331,8.72382005962748,13.4169692204133,8.61983882964412,13.4309008841555,8.51888295899598
254.333333333333,12.6510897503629,9.03571032197033,12.7534747755682,8.9919863452077,12.8576830288582,8.94876383630732,12.958621929678,8.91325154723123,13.0761575175592,8.88249191757887,13.190919339603,8.85771502520492,13.302816569885,8.80995660795246,13.3749504921895,8.72749539616077,13.4182922575395,8.62461681074556,13.4343274439094,8.52440396634797
254.5,12.6491697463899,9.03721449881167,12.7514117684575,8.99327527269996,12.855305044897,8.94942874806884,12.9563492223056,8.91371419089022,13.0725473636577,8.88254530835611,13.1878146711297,8.85858833454842,13.300392676763,8.811163128211,13.3744357777948,8.73128936435717,13.4195995819734,8.62959593723004,13.4378293758704,8.53017520721347
254.666666666667,12.6472307303199,9.03879145199538,12.7493274057612,8.99464461057544,12.8528847269597,8.95013036105967,12.9540466327979,8.91419270697352,13.0688082139236,8.88259512452494,13.1845491179268,8.85944324607992,13.2977396040197,8.81234226473527,13.3738571364041,8.73516555555072,13.4208799991349,8.63473372501371,13.4413743021806,8.53615089814905
254.833333333333,12.6452847861678,9.04043196099456,12.747231100173,8.99608187733961,12.8504360765206,8.95086518213832,12.9517213697595,8.9146831206069,13.0649725806168,8.88264153400253,13.181153575118,8.86027430918217,13.2948910455787,8.8134946245249,13.3732186442743,8.7390875610755,13.4221223144439,8.63998769001273,13.4449298449819,8.54228525571127
255,12.6433439979486,9.04212680528225,12.7451322643864,8.99757459149796,12.8479730950543,8.95162971816332,12.9493806417951,8.91518145691611,13.0610729759976,8.88268470470609,13.1776589378269,8.86107607323795,13.2918806953637,8.81462081457957,13.3725243776625,8.74301897226555,13.4233153333203,8.64531534814325,13.448463626416,8.54853249645669
255.166666666667,12.641420449677,9.04386676433153,12.7430403110951,8.99911027155598,12.8455097840354,8.95242047599321,12.9470316575093,8.91568374102691,13.0571419123262,8.88272480455281,13.1740961011771,8.86184308763001,13.2887422472982,8.8157214418989,13.3717784128255,8.74692338045495,13.424447861184,8.65067421532144,13.4519432686248,8.5548468369419
255.333333333333,12.6395262253681,9.04564261761547,12.7409646529926,9.00067643601914,12.8430601449383,8.95323396248651,12.9446816255069,8.91618599806506,13.0532119018626,8.88276200145988,13.1704959602924,8.86256990174113,13.2855093953058,8.81679711348257,13.3709848260203,8.75076437697776,13.4255087034548,8.65602180746345,13.4553363937503,8.56118249372345
255.5,12.6376734090366,9.04744514460713,12.7389147027727,9.00226060339296,12.8406381792375,8.95406668450175,12.9423377543924,8.91668425315632,13.0493154568672,8.88279646334449,13.1668894102963,8.86325106495405,13.2822158333102,8.81784843633021,13.3701476935041,8.75450555316803,13.4264866655526,8.66131564048544,13.4586106239344,8.56749368335792
255.666666666667,12.6358740846976,9.04926512477958,12.7368998731289,9.00385029218289,12.8382578884076,8.95491514889747,12.9400072527705,8.91717453142644,13.0454850895999,8.88282835812385,13.1633073463125,8.86388112665156,13.2788952552349,8.81887601744148,13.3692710915337,8.75811050035984,13.4273705528974,8.66651323030357,13.4617335813188,8.57373462240188
255.833333333333,12.6341403363659,9.0510933376059,12.7349295767547,9.00543302089445,12.8359332739231,8.95577586253217,12.9376973292458,8.91765285800118,13.0417533123211,8.88285785371513,13.1597806634646,8.86445463621641,13.2755813550036,8.81988046381604,13.3683590963662,8.76154280988723,13.4281491709089,8.67157209283399,13.4646728880455,8.57985952741188
256,12.6324842480564,9.05292056255913,12.7330132263439,9.0069963080331,12.8336783372584,8.95664533226441,12.935415192423,8.9181152580063,13.0381526372909,8.88288511803554,13.1563402568763,8.86496614303135,13.2723078265398,8.82086238245352,13.3674157842585,8.76476607308428,13.428811325007,8.67644974399286,13.4673961662564,8.58582261494451
256.166666666667,12.630917903784,9.05473757911237,12.7311602345901,9.00852767210434,12.8315070798882,8.95752006495271,12.9331680509068,8.91855775656757,13.0347155767693,8.88291031900227,13.1530170216712,8.86541019647917,13.2691083637672,8.82182238035359,13.3664452314676,8.76774388128504,13.4293458206118,8.68110369969634,13.4698710380934,8.59157810155632
256.333333333333,12.6294533875636,9.05653516673866,12.7293800141868,9.01001463161365,12.8294335032868,8.95839656745558,12.9309631133018,8.91897637881072,13.0314746430167,8.88293362453252,13.149841852973,8.86578134594262,13.2660166606094,8.82276106451589,13.3654515142506,8.77043982582357,13.4297414631429,8.68549147586058,13.4720651256982,8.59708020380389
256.5,12.6281027834101,9.05830410491109,12.7276819778276,9.01144470506652,12.8274716089289,8.95927134663157,12.9288075882127,8.91936714986154,13.0284623482932,8.88295520254346,13.1468456459053,8.86607414080445,13.26306641099,8.82367904194007,13.3644387088644,8.77281749803395,13.4299870580203,8.68957058840175,13.4739460512129,8.60228313824378
256.666666666667,12.6268781753385,9.06003517310271,12.7260755382062,9.01280541096844,12.825635398289,8.9601409093392,12.9267086842441,8.91972609484576,13.0257112048588,8.88297522095231,13.1440592955918,8.86628313044745,13.2602913088325,8.8245769196258,13.363410891566,8.77484048925023,13.430071410664,8.69329855323599,13.4754814367792,8.60714112143256
256.833333333333,12.6257507166243,9.0617495992005,12.7245426699239,9.01412082646476,12.8239035114723,8.96103168435249,12.9246592207618,8.92005866288704,13.0231469085113,8.88299331830254,13.1414170522524,8.86644588721028,13.2575912919468,8.82548482479143,13.3622203094985,8.77663301498052,13.4300216666509,8.69681455086583,13.4768278382316,8.61178227077508
257,12.6246801995727,9.0634754482336,12.7230565865409,9.01542485304387,12.8222407045924,8.96196948289101,12.9226447093905,8.92037424303702,13.0206690089484,8.88300919987627,13.1388293942432,8.86660339395498,13.2548469453986,8.82642667643448,13.36073420076,8.7783462278432,13.4298763410662,8.70028360911263,13.4781595171603,8.61636476314187
257.166666666667,12.6236616667423,9.06521375538833,12.7216135591896,9.0167197457258,12.8206401531357,8.96294988548163,12.9206613971227,8.92067477031349,13.0182707992803,8.8830231336986,13.1362915588917,8.86675531584933,13.252062933996,8.82739376922328,13.3589791280394,8.77998412483766,13.4296412935918,8.70370201487088,13.4794706543416,8.62088790428806
257.333333333333,12.6226901606919,9.06696555585101,12.7202098590025,9.0180077595306,12.8190950325889,8.96396847265121,12.9187055309511,8.92096217973421,13.0159455726175,8.88303538779467,13.1337987835253,8.86690131806111,13.2492439225469,8.82837739782619,13.3569816540259,8.78155070296331,13.4293223839092,8.70706605503507,13.4807554305514,8.62535099996875
257.5,12.6217607239801,9.06873188480796,12.718841757112,9.0192911494783,12.8175985184384,8.96502082492663,12.9167733578682,8.92123840631698,13.0136866220702,8.8830462301896,13.1313463054715,8.86704106575812,13.2463945758592,8.82936885691155,13.3547683414085,8.78304995921956,13.4289254717004,8.71037201649965,13.4820080265661,8.62975335593908
257.666666666667,12.6208683991658,9.0705137774455,12.7175055246504,9.02057217058894,12.8161437861707,8.96610252283475,12.9148611248668,8.92150538507957,13.0114872407489,8.8830559289085,13.1289293620579,8.86717422410813,13.2435195587409,8.8303594411477,13.3523657528764,8.78448589060581,13.428456416647,8.71361618615911,13.4832226231615,8.63409427795416
257.833333333333,12.6200082288076,9.07231226894996,12.71619743275,9.02185307788255,12.8147240112726,8.96720914690244,12.9129650789393,8.92176505103977,13.0093407217638,8.88306475197649,13.126543190612,8.86730045827894,13.240623536,8.83134044520299,13.3498004511185,8.78586249412148,13.4279210784308,8.71679485090793,13.4843934011139,8.63837307176911
258,12.6191752554643,9.07412839450764,12.7149137525434,9.02313612637917,12.8133323692304,8.96833627765656,12.9110814670786,8.92201933921534,13.0072403582254,8.88307296741871,13.1241830284612,8.86741943343833,13.2377111724443,8.83230316374576,13.347098998824,8.78718376676596,13.4273253167336,8.71990429764059,13.4855145411993,8.64258904313904
258.166666666667,12.6183645216946,9.07596318930488,12.7136507551629,9.02442357109883,12.8119620355307,8.96947949562399,12.9092065362771,8.92227018462408,13.0051794432438,8.88308084326026,13.121844112933,8.8675308147541,13.2347871328818,8.83323889144435,13.344287958682,8.78845370553866,13.4266749912372,8.72294081325155,13.4865802241938,8.64674149781909
258.333333333333,12.6175710700572,9.077817688528,12.7124047117408,9.02571766706157,12.8106061856601,8.97063438133159,12.9073365335275,8.92251952228375,13.0031512699295,8.88308864752628,13.1195216813549,8.86763426739401,13.2318560821206,8.83413892296712,13.3413938933815,8.789676307439,13.4259759616233,8.7259006846353,13.4875846308735,8.65082974156436
258.5,12.6167899431109,9.07969292736331,12.7111718934096,9.02702066928743,12.8092579951051,8.97179651530623,12.9054677058225,8.92276928721215,13.0011491313929,8.88309664824187,13.1172109710545,8.86772945652587,13.2289226849684,8.83499455298239,13.3384433656116,8.79085556946636,13.4252340875738,8.72878019868631,13.4885219420146,8.65485308012998
258.666666666667,12.6160161834144,9.08158994099713,12.7099485713017,9.02833483279643,12.8079106393523,8.97296147807478,12.9035963001545,8.92302141442705,12.9991663207442,8.88310511343218,13.1149072193591,8.86781604731746,13.2259916062333,8.83579707615853,13.3354629380614,8.79199548862018,13.4244552287702,8.73157564229905,13.4893863383932,8.65881081927106
258.833333333333,12.6152448335264,9.08350976461579,12.7087310165493,9.02966241260863,12.8065572938882,8.9741248501641,12.9017185635164,8.92327783894622,12.9971961310938,8.8831143111223,13.1126056635965,8.86789370493656,13.2230675107232,8.83653778716388,13.33247917342,8.79310006189984,13.4236452448945,8.73428330236802,13.4901720007852,8.66270226474273
259,12.6144709360056,9.08545343340561,12.707515500285,9.03100566374405,12.8051911341993,8.97528221210107,12.8998307429007,8.92354049578745,12.995231855552,8.88312450933737,13.1103015410939,8.86796209455096,13.2201550632461,8.83720798066676,13.3295186343764,8.79417328630475,13.4228099956284,8.73689946578768,13.4908731099669,8.6665267223001
259.166666666667,12.6136895334108,9.08742198255291,12.7062982936411,9.03236684122274,12.8038053357723,8.97642914441254,12.8979290852999,8.92381131996853,12.9932667872292,8.88313597610252,13.1079900891789,8.86802088132846,13.2172589286098,8.83779895133554,13.3266078836198,8.79521915883433,13.4219553406536,8.7394204194525,13.4914838467144,8.6702834976983
259.333333333333,12.6128956683008,9.089416447244,12.70507566775,9.03374820006472,12.8023930740935,8.97756122762539,12.8960098377068,8.92409224650722,12.9912942192357,8.88314897944284,13.1056665451791,8.86806973043682,13.2143837716224,8.83830199383856,13.3237734838392,8.79624167648797,13.421087139652,8.74184245025697,13.4919983918037,8.67397189669244
259.5,12.6120843832341,9.09143786266521,12.703843893744,9.03515199529003,12.8009475246497,8.97867404226648,12.894069247114,8.9243852104213,12.9893074446819,8.88316378738348,13.1033261464218,8.86810830704385,13.2115342570919,8.83870840284416,13.3210419977238,8.79724483626509,13.4202112523052,8.74416184509556,13.4924109260109,8.67759122503763
259.666666666667,12.6112507207697,9.09348726400286,12.7025992427556,9.03658048191871,12.7994618629273,8.97976316886269,12.892103560514,8.92469214672857,12.9872997566781,8.88318066794955,13.1009641302347,8.86813627631732,13.208715049826,8.83900947302069,13.3184399879625,8.79823263516509,13.4193335382951,8.74637489086275,13.4927156301122,8.68114078848902
259.833333333333,12.6103897234661,9.09556568644327,12.7013379859171,9.0380359149708,12.7979292644128,8.98082418794088,12.8901090248996,8.92501499044679,12.9852644483346,8.88319988916617,13.0985757339452,8.86815330342503,13.2059308146328,8.83919649903649,13.3159940172444,8.79920907018738,13.4184598573034,8.74847787445301,13.4929066848836,8.6846198928017
260,12.6094964338822,9.09767416517276,12.700056394361,9.03952054946633,12.7963429045929,8.98185268002791,12.8880818872633,8.92535567659375,12.9831948127618,8.88322171905847,13.0961561948808,8.86815905353476,13.2031862163203,8.8392607755599,13.3137306482587,8.80017813833136,13.4175960690119,8.75046708276083,13.4929782711013,8.68802784373079
260.166666666667,12.6085790903214,9.09984600881583,12.6987667059136,9.04104569421998,12.7947168750173,8.98285085297471,12.8860293974523,8.92570968256698,12.9811217173788,8.88325765333635,13.0937287861699,8.86807714207814,13.200483451301,8.83924345804222,13.3116137714665,8.80116392433745,13.416717237605,8.7523664633255,13.4929879395901,8.69136944680605
260.333333333333,12.607650065945,9.10210702985184,12.6974830294726,9.04261807172824,12.793070077261,8.98382582377172,12.8839616075179,8.92607159757863,12.9790775192301,8.88331820112978,13.0913175476828,8.86784270584025,13.1978185657012,8.83919313846888,13.3095824180713,8.80218188457028,13.4157937576215,8.75420413403168,13.492997120093,8.69465134093215
260.5,12.6067106055978,9.10444701924944,12.6962044427771,9.04423305753389,12.7914029018482,8.9847805366551,12.8818789677594,8.9264420243684,12.9770577458638,8.88340215059393,13.0889188668593,8.867472692019,13.1951869988998,8.83911226630947,13.3076258618754,8.80322307346556,13.4148244842744,8.75598263729191,13.4930058117628,8.69787558192665
260.666666666667,12.6057619541249,9.10685576797725,12.6949300235665,9.04588602717968,12.7897157393032,8.98571793586101,12.8797819284756,8.92682156567601,12.9750579248281,8.88350828988396,13.0865291311393,8.86698404781231,13.1925841902758,8.83900329103355,13.3057333766814,8.80427854545898,13.413808272777,8.75770451551869,13.4930140137523,8.70104422560713
260.833333333333,12.6048053563713,9.1093230670039,12.6936588495798,9.04757235620838,12.7880089801501,8.98664096562563,12.8776709399658,8.92721082424116,12.9730735836713,8.88363540715508,13.0841447279627,8.8663937204181,13.1900055792078,8.83886866211068,13.3038942362917,8.80533935498627,13.4127439783422,8.75937231112456,13.4930217252145,8.70415932779114
261,12.603842057182,9.11183870729804,12.6923899985564,9.04928742016275,12.7862830149131,8.98755257018511,12.8755464525288,8.92761040280355,12.9711002499415,8.88378229056244,13.0817620447695,8.86571865703429,13.1874466050748,8.83871082901044,13.3020977145088,8.80639655648312,13.4116304561832,8.76098856652202,13.4930289453023,8.70722294429623
261.166666666667,12.602873301402,9.11439247982829,12.6911225482355,9.05102659458557,12.7845382341164,8.98845569377563,12.8734089164639,8.92802090410289,12.9691334511869,8.88394772826123,13.0793774689995,8.86497580485881,13.1849027072555,8.8385322412024,13.3003330851351,8.80744120438524,13.4104665615131,8.76255582412361,13.4930356731686,8.71023713093998
261.333333333333,12.6019003338764,9.1169741755633,12.6898555763563,9.05278525501958,12.7827750282843,8.98935328063334,12.8712587820699,8.92844293087888,12.9671687149557,8.88413050840663,13.0769873880926,8.86418211108956,13.1823693251288,8.83833534815613,13.2985896219732,8.80846435312835,13.409251149545,8.76407662634184,13.4930419079662,8.71320394353994
261.5,12.6009243994501,9.11957358547168,12.688588160658,9.05455877700757,12.7809937879409,8.99024827499442,12.8690964996461,8.92887708587123,12.9652015687962,8.8843294191538,13.0745881894888,8.86335452292447,13.1798418980735,8.8381225993412,13.2968565988254,8.80945705714814,13.407983075492,8.76555351558924,13.4930476488481,8.71612543791367
261.666666666667,12.5999467429681,9.12218050052208,12.6873193788799,9.05634253609228,12.7791949036105,8.99114362109502,12.8669225194914,8.92932397181965,12.9632275402564,8.88454324865794,13.072176260628,8.86250998756147,13.1773158654685,8.83789644422718,13.2951232894943,8.81041037088032,13.4066611945672,8.76698903427832,13.493052894967,8.71900366987873
261.833333333333,12.5989686092755,9.12478471168313,12.6860483087611,9.0581319078165,12.7773787658173,8.99204226317131,12.8647372919048,8.92978419146385,12.9612421568847,8.8847707850742,13.06974798895,8.86166545219846,13.1747866666926,8.83765933228364,13.2933789677823,8.81131534876061,13.4052843619838,8.76838572482162,13.4930576454761,8.72184069525269
262,12.5979912432172,9.12737600992347,12.6847740280409,9.05992226772297,12.7755457650854,8.99294714545946,12.8625412671856,8.93025834754352,12.9592409462292,8.88501081655778,13.0672997618949,8.86083786403337,13.1722497411247,8.83741371298014,13.2916129074918,8.81216304522471,13.4038514329549,8.76974612963163,13.493061899528,8.72463856985309
262.166666666667,12.5970158896383,9.12994418621172,12.6834956144586,9.06170899135447,12.7736962919391,8.99386121219563,12.8603348956326,8.93074704279837,12.9572194358381,8.88526213126385,13.0648279669023,8.86004417026412,13.1697005281435,8.83716203578626,13.2898143824253,8.81294451470832,13.4023612626935,8.7710727911209,13.4930656562757,8.72739934949752
262.333333333333,12.5960437933838,9.13247903151652,12.6822121457533,9.06348745425376,12.7718307369026,8.99478740761598,12.858118627545,8.93125087996811,12.9551731532596,8.88552351734758,13.0623289914124,8.85930131808864,13.1671344671278,8.83690675017157,13.2879726663854,8.81365081164716,13.4008127064127,8.77236825170194,13.4930689148722,8.73012509000351
262.5,12.5950761992987,9.1349703368065,12.6809226996642,9.0652530319636,12.7699494905001,8.99572867595669,12.8558929132219,8.93177046179245,12.9530976260419,8.88579376296416,13.059799222865,8.85862625470483,13.1645469974566,8.83665030560564,13.2860770331744,8.81427299047693,13.3992046193257,8.77363505378727,13.4930716744702,8.73281784718864
262.666666666667,12.594114352228,9.13740789305031,12.6796263539307,9.06700110002676,12.7680529432557,8.99668796145391,12.8536582029621,8.93230639101109,12.9509883817332,8.88607165626875,13.0572350487,8.85803592731062,13.1619335585087,8.83639515155804,13.2841167565948,8.81480210563333,13.3975358566456,8.77487573978941,13.4930739342227,8.73547967687047
262.833333333333,12.5931594970166,9.13978149121656,12.6783221862918,9.068727033986,12.7661414856938,8.99766820834381,12.851414947065,8.93285927036373,12.9488409478817,8.88635598541654,13.0546328563573,8.85754728310393,13.1592895896628,8.83614373749833,13.282081110449,8.81522921155208,13.3958052735855,8.77609285212088,13.4930756932826,8.73811263486655
263,12.5922128785097,9.1420809222739,12.6770092744869,9.0704262093841,12.7642155083385,8.99867236086255,12.8491635958293,8.93342970259009,12.9466508520356,8.88664553856271,13.0519890332768,8.85717726928268,13.1566105302979,8.83589851289609,13.2799593685396,8.81554536266889,13.3940117253585,8.77728893319421,13.4930769508027,8.74071877699445
263.166666666667,12.5912757415522,9.14429597719096,12.6756866962552,9.0720940017638,12.762275401714,8.9997033632463,12.8469045995544,8.93401829042986,12.9444136217431,8.88693910386243,13.0492999668984,8.85694283304479,13.1538918197927,8.83566192722089,13.2777408046691,8.81574161341945,13.3921540671777,8.77846652542192,13.493077705936,8.74330015907172
263.333333333333,12.5903493309891,9.14641644693636,12.6743535293358,9.07372578666788,12.7603215563445,9.00076415973123,12.8446384085391,8.93462563662275,12.9421247845523,8.88723546947087,13.0465620446621,8.85686092158818,13.1511288975261,8.8354364299423,13.2754146926398,8.81580901823948,13.3902311542562,8.77962817121652,13.4930779578354,8.74585883691593
263.5,12.5893974905286,9.14846560410967,12.6729877097168,9.07533251605073,12.7583106308497,9.00186087414919,12.8423532736906,8.93526924684392,12.9397658699178,8.88756218267605,13.0437424587348,8.85688250576476,13.1483081758596,8.83521537794633,13.2729518459758,8.81578021791478,13.3881120241655,8.7808086858164,13.4928146801322,8.74844151698202
263.666666666667,12.5883901620915,9.15047501397591,12.6715728695225,9.07692846495201,12.7562076161243,9.00299527294653,12.8400392858184,8.93596382060376,12.9373268205545,8.88794432869243,13.0408188454679,8.85694436505058,13.1454240748401,8.83499050400229,13.2703388393429,8.8156969978371,13.3856853364821,8.78203362295933,13.4920504952383,8.75108338825091
263.833333333333,12.5873377378422,9.15244690650196,12.6701166306973,9.07851399354235,12.7540254011052,9.00416376428113,12.8376996550753,8.93670575139482,12.9348157839015,8.88837700256482,13.0378032585775,8.85704215957972,13.142484045374,8.83476182140468,13.2675885882559,8.81556412935108,13.3829793794262,8.78329163280692,13.4908238754772,8.75376923032912
264,12.5862506099448,9.15438351165471,12.6686266151851,9.0800894619924,12.7517768747291,9.00536275631086,12.835337591614,8.93749143270968,12.9322409073978,8.88885529933808,13.0347077517797,8.85717154948627,13.1394955383683,8.834529343448,13.2647140082295,8.81538638380136,13.3800224412184,8.78457136552079,13.4891732931723,8.75648382282321
264.166666666667,12.5851391705636,9.15628705940104,12.6671104449302,9.08165523047281,12.7494749259331,9.00658865719363,12.8329563055872,8.93831725804091,12.9296103384823,8.88937431405702,13.0315443787905,8.85732819490434,13.1364660047294,8.83429308342676,13.2617280147787,8.81516853253257,13.376842810079,8.78586147126255,13.4871372206471,8.75921194533968
264.333333333333,12.5840138118628,9.15815977970782,12.6655757418768,9.08321165915423,12.7471324436538,9.0078378750873,12.8305590071476,8.93917962088107,12.9269322245943,8.88992914176648,13.0283251933261,8.85750775596802,13.1334028953641,8.83405305463545,13.2586435234181,8.81491534688934,13.3734687742284,8.7871506001938,13.4847541302251,8.76193837748508
264.5,12.5828849260068,9.16000390254194,12.6640301279689,9.08475910820729,12.7447623168281,9.00910681814977,12.828148906448,8.94007491472273,12.9242147131726,8.89051487751129,13.0250622491026,8.85770589281139,13.1303136611792,8.83380927036859,13.2554734496628,8.81463159821632,13.3699286218871,8.78842740247616,13.4820624942297,8.76464789886594
264.666666666667,12.5817629051597,9.16182165787028,12.6624812251509,9.08629793780264,12.7423774343928,9.01039189453892,12.825729213641,8.94099953305846,12.9214659516563,8.89112661633628,13.0217675998361,8.85791826556856,13.1272057530811,8.83356174392066,13.2522307090274,8.81432205785813,13.3662506412755,8.78968052827125,13.4791007849843,8.76732528908879
264.833333333333,12.5806581414857,9.16361527565971,12.6609366553667,9.08782850811094,12.7399906852848,9.01168951241263,12.8233031388794,8.94194986938082,12.9186940874845,8.8917594532863,13.0184532992428,8.85814053437361,13.1240866219767,8.83331048858618,13.2489282170268,8.81399149715942,13.3624631206139,8.79089862774067,13.4759074748124,8.76995532776017
265,12.5795810271492,9.16538698587713,12.6594040405606,9.08935117930281,12.737614958441,9.01299607992879,12.8208738923159,8.94292231718238,12.9159072680961,8.89240848340617,13.0151314010387,8.85836835936064,13.1209637187726,8.83305551765964,13.2455788891759,8.81364468746482,13.3585943481228,8.79207035104603,13.4725210360376,8.7725227944866
265.166666666667,12.5785419543144,9.1671390184894,12.6578910026767,9.09086631154892,12.735263142798,9.01430800524528,12.8184446841032,8.94391326995571,12.9131136409303,8.89306880174072,13.01181395894,8.85859740066375,13.1178444943755,8.83279684443556,13.2421956409894,8.81328640011897,13.3546726120226,8.79318434834894,13.4689799409832,8.77501246887461
265.333333333333,12.5775513151456,9.16887360346341,12.6564051636592,9.0923742650199,12.7329481272929,9.01562169651998,12.8160187243941,8.94491912119338,12.910321353426,8.89373550333478,13.0085130266627,8.85882331841702,13.114736399692,8.83253448220842,13.2387913879821,8.81292140646649,13.3507262005337,8.79422926981103,13.4653226619727,8.77740913053074
265.5,12.5766195018068,9.17059297076604,12.6549541454523,9.09387539988639,12.7306828008624,9.01693356191078,12.8135992233412,8.94593626438795,12.9075385530222,8.89440368323319,13.005240657923,8.85904177275455,13.1116468856289,8.83226844427274,13.235379045669,8.81255447785204,13.3467834018765,8.79519376559389,13.4615876713295,8.77969755906153
265.666666666667,12.5757569064625,9.17229935036417,12.6535455700001,9.09537007631906,12.7284800524434,9.01824000957557,12.8111893910973,8.94696109303198,12.9047733871581,8.89506843648078,13.002008906437,8.85924842381044,13.1085834030927,8.83199874392301,13.2319715295648,8.81219038562024,13.3428725042715,8.79606648585914,13.4578134413773,8.7818625340735
265.833333333333,12.5749739212769,9.17399497222469,12.6521870592467,9.09685865448853,12.7263527709726,9.01953744767222,12.8087924378151,8.94799000061805,12.9020340032725,8.89572485812239,12.9988298259209,8.85943893171877,13.1055534029903,8.83172539445374,13.2285817551843,8.81183390111573,13.3390217959389,8.7968360807684,13.4540384444393,8.78388883517318
266,12.5742809384142,9.17568206631446,12.6508862351364,9.09834149456546,12.724313845387,9.02082228435862,12.8064115736473,8.94901938063873,12.8993285488047,8.89636804320283,12.9957154700906,8.85960895661365,13.1025643362282,8.83144840915942,13.2252226380424,8.81148979568315,13.3352595650993,8.79749120048326,13.450301152839,8.78576124196711
266.166666666667,12.5736883500387,9.17736286260038,12.6496507196132,9.09981895672048,12.7223761646234,9.02209092779266,12.8040500087466,8.95004562658657,12.8966651711935,8.89699308676696,12.9926778926624,8.85975415862915,13.0996236537132,8.83116780133457,13.2219070936539,8.81116284066713,13.3316140999731,8.79802049516535,13.4466400389,8.78746453406181
266.333333333333,12.5732065483145,9.17903959104931,12.6484881346214,9.10129140112426,12.7205526176185,9.02333978613222,12.8017109532658,8.95106513195415,12.8940520178781,8.8975950838596,12.9897291473523,8.85987019789939,13.0967388063519,8.83088358427369,13.2186480375336,8.81085780741231,13.3281136887806,8.79841261497628,13.4430935749456,8.78898349106383
266.5,12.572845925406,9.18071448162815,12.6474061021051,9.10275918794742,12.7188560933093,9.02456526753518,12.7993976173576,8.95207429023404,12.8914972362974,8.89816912952558,12.9868812878764,8.85995273455845,13.093917245051,8.83059577127127,13.2154583851964,8.81057946726332,13.3247866197423,8.79865621007766,13.4397002332994,8.79030289257969
266.666666666667,12.5726168734774,9.18238976430378,12.6464122440084,9.10422267736062,12.7172994806326,9.02576378015943,12.7971132111746,8.9530694949188,12.8890089738905,8.89871031880973,12.984146367951,8.85999742874043,13.0911664207171,8.83030437562182,13.212351052157,8.81033259156481,13.3216611810785,8.79873993063109,13.4364984862848,8.79140751821593
266.833333333333,12.5724674915953,9.18405529859403,12.6454921429324,9.10567692159446,12.7158507261594,9.02694438871815,12.7948254034012,8.95406569271285,12.8865593167283,8.8992387991669,12.9814852143178,8.86002093379027,13.0884613524787,8.8300086714641,13.2092653266181,8.81011061766458,13.3186594572128,8.79873023165689,13.4333368690827,8.79239491039275
267,12.5723375146893,9.18570058284012,12.644623017297,9.10711763809163,12.7144658094047,9.02811860456359,12.792504741905,8.9550790893587,12.8841162028225,8.89977641439604,12.9788513450283,8.8600428519279,13.0857729084183,8.82970794185672,13.2061378161264,8.8099025426902,13.3156852524197,8.79870175811476,13.4300493346581,8.79336999541789
267.166666666667,12.5722247887183,9.18732730524396,12.6437999427747,9.10854618484088,12.7131396687207,9.02928650581229,12.7901587556138,8.95610796690602,12.8816815575237,8.90032080405818,12.9762458507629,8.86006326659984,13.083102312874,8.82940221347391,13.2029774152129,8.80970647765588,13.3127394346968,8.79865544507539,13.4266524820103,8.79432862872912
267.333333333333,12.5721271596414,9.18893715400747,12.6430179950379,9.10996391983098,12.7118672424598,9.03044817058076,12.7877949734552,8.95715060740452,12.8792573061823,8.90086960771433,12.973669822202,8.86008226125263,13.0804507901838,8.82909151298992,13.1997930184086,8.80952053357584,13.3098228720412,8.79859222760949,13.4231629101387,8.79526666576423
267.5,12.5720424734173,9.19053181733257,12.6422722497593,9.11137220105068,12.7106434689746,9.03160367698552,12.785420924357,8.95820529290387,12.8768453741487,8.90142046492552,12.9711243500259,8.86009991933281,13.0778195646857,8.82877586707896,13.1965935202444,8.80934282146429,13.3069364324503,8.79851304078776,13.4195972180428,8.79617996196101
267.666666666667,12.5719685760051,9.19211298342116,12.6415577826113,9.11277238648875,12.7094632866173,9.03275310314308,12.7830441372469,8.95927030545376,12.8744476867734,8.90197101525278,12.9686105249151,8.8601163242869,13.0752098607178,8.8284553024153,13.1933878152512,8.80917145233545,13.3040809839215,8.79841881968089,13.415972004722,8.79706437275726
267.833333333333,12.5719033133636,9.19368234047518,12.6408696692664,9.11416583413394,12.7083216337403,9.03389652716998,12.7806721410526,8.96034392710388,12.8720661694068,8.90251889825712,12.9661294375499,8.86013155956145,13.0726229026181,8.82812984567315,13.1901847979601,8.80900453720355,13.3012573944522,8.79831049935959,13.4123038691755,8.79791575359075
268,12.5718445314518,9.19524157669652,12.6402029853971,9.11555390197501,12.7072134486962,9.03503402718273,12.7783124647019,8.96142443990392,12.8697027473994,8.90306175349956,12.9636821786107,8.86014570860298,13.0700599147246,8.82779952352677,13.1869933629021,8.80884018708279,13.2984665320396,8.79818901489457,13.408609410403,8.79872995989929
268.166666666667,12.5717900762285,9.19679238028712,12.639552806676,9.11693794800072,12.7061336698371,9.03616568129785,12.7759726371225,8.96251012590356,12.8673593461016,8.90359722054113,12.9612698387779,8.86015885485803,13.0675221213755,8.82746436265038,13.183822404608,8.80867651298741,13.2957092646811,8.79805530135651,13.4049052274036,8.79950284712065
268.333333333333,12.5717377936528,9.19833643944888,12.6389142087755,9.11831933019983,12.7050772355156,9.03729156763185,12.7736601872421,8.96359926715249,12.8650378908639,8.90412293894285,12.958893508732,8.86017108177312,13.0650107469086,8.82712438971823,13.1806808176088,8.80851162593161,13.2929864603741,8.79791029381611,13.4012079191769,8.80023027069262
268.5,12.5716855296835,9.19987544238373,12.6382822673682,9.11969940656111,12.7040390840841,9.03841176430126,12.7713826439885,8.96469014570039,12.8627403070367,8.90463654826573,12.9565542791532,8.86018247279481,13.0625270156622,8.82677963140455,13.1775774964356,8.80834363692962,13.2902989871159,8.79775492734409,13.3975340847223,8.800908086053
268.666666666667,12.5716311302796,9.20141107729357,12.6376520581266,9.1210795350733,12.7030141538948,9.0395263494226,12.7691475362893,8.96578104359696,12.8604685199705,8.90513568807081,12.954253240722,8.86019311136961,13.0600721519741,8.82643011438359,13.1745213356192,8.80817065699565,13.2876477129038,8.79759013701114,13.3939003230391,8.80153214863957
268.833333333333,12.5715724413999,9.20294503238033,12.6370186567231,9.12246107372517,12.7019973833004,9.04063540111239,12.7669623930723,8.96687024289188,12.8582244550156,8.9056179979191,12.9519914841187,8.86020308094406,13.0576473801825,8.82607586532957,13.1715212296907,8.80799079714393,13.2850335057351,8.79741685788795,13.3903232331268,8.80209831389012
269,12.5715073090034,9.20447899584592,12.6363771388304,9.12384538050548,12.700983710653,9.04173899748715,12.7648347432653,8.96795602563484,12.8560100375227,8.90608111737163,12.9497701000238,8.8602124649647,13.0552539246253,8.82571691091674,13.168586073181,8.80780216838866,13.2824572336073,8.79723602504524,13.3868194139847,8.80260243724244
269.166666666667,12.571433579049,9.20601465589226,12.6357225801208,9.12523381340298,12.6999680743052,9.04283721666339,12.762772115796,8.96903667387551,12.8538271928421,8.90652268598941,12.9475901791177,8.86022134687805,13.0528930096406,8.82535327781934,13.165724760621,8.80760288174407,13.2799197645177,8.79704857355369,13.3834054646123,8.80304037413432
269.333333333333,12.5713490974957,9.20755370072126,12.635050056267,9.12662773040644,12.6989454126092,9.04393013675763,12.760782039592,8.9701104696636,12.8516778463242,8.90694034333347,12.9454528120807,8.86022981013066,13.0505658595665,8.82498499271159,13.1629461865418,8.80739104822438,13.2774219664635,8.79685543848402,13.3800979840089,8.80340798000354
269.5,12.5712517103023,9.20909781853484,12.6343546429413,9.12802848950462,12.6979106639176,9.04501783588641,12.7588720435811,8.97117569504879,12.8495639233195,8.90733172896483,12.9433590895932,8.86023793816906,13.048273698741,8.82461208226775,13.1602592454742,8.8071647788438,13.2749647074422,8.79665755490691,13.376913571174,8.80370111028789
269.666666666667,12.5711392634278,9.21064869753491,12.6336314158165,9.12943744868628,12.6968587665827,9.04610039216622,12.7570496566911,8.97223063208076,12.8474873491785,8.90769448244451,12.9413101023355,8.86024581443977,13.0460177515021,8.82423457316205,13.1576728319494,8.80692218461656,13.2725488554511,8.79645585789308,13.3738688251069,8.80391562042517
269.833333333333,12.571009602831,9.2122080259234,12.6328754505648,9.13085596594016,12.6957846589569,9.04717788371361,12.7553224078497,8.9732735628092,12.8454500492516,8.90802624333354,12.9393069409882,8.86025352238934,13.0437992421879,8.82385249206872,13.1551958404981,8.80666137655687,13.2701752784875,8.79625128251322,13.3709803448071,8.80404736585316
270,12.570860574471,9.21377749190222,12.6320818228589,9.13228539925504,12.6946832793926,9.04825038864507,12.7536978259845,8.97430276928379,12.8434539488892,8.90832465119293,12.9373506962316,8.86026114546429,13.0416193951364,8.82346586566201,13.1528371656515,8.80638046567895,13.2678448445488,8.79604476383802,13.368264729274,8.80409220200965
270.166666666667,12.5706335637917,9.2153629363554,12.631253289513,9.1337326493792,12.6935555513715,9.04931082252204,12.7521281659987,8.97531817939366,12.8414769626573,8.90859229760211,12.9354384619145,8.86026828705291,13.0394762704639,8.82306382239853,13.150574861328,8.80606344166205,13.2655507089121,8.79581333497171,13.3656422184952,8.80406131585542
270.333333333333,12.570278200686,9.21696695695106,12.6303975777247,9.13520156014507,12.6924082387553,9.05035355182708,12.7505640169453,8.97632181610762,12.8394986093405,8.90883527918903,12.9335653708489,8.86027456939321,13.0373661178885,8.82263759023001,13.1483783338453,8.8056981236417,13.2632854313847,8.7955359774064,13.3630269287224,8.80397188963455
270.5,12.5698046977866,9.21858637706723,12.6295172187414,9.13668890416766,12.6912450404666,9.05138083105848,12.7490104089771,8.97731510409493,12.8375232206174,8.90905649308752,12.9317295721601,8.8602801042063,13.0352874461509,8.82219034507334,13.146243506333,8.80528836681654,13.2610489867595,8.79521654879469,13.360426273351,8.80382877170974
270.666666666667,12.569223267726,9.22021802008193,12.6286147438104,9.13819145406198,12.6900696554279,9.0523949147145,12.7474723722469,8.97829946802486,12.8355551281666,8.90925883643137,12.9299292149732,8.86028500321333,13.0332387639914,8.82172526284539,13.1441663019207,8.8048380263852,13.2588413498293,8.79485890678918,13.3578476657762,8.80363681044369
270.833333333333,12.5685441231368,9.22185870937319,12.6276926841793,9.13970598244303,12.6888857825619,9.0533980572934,12.7459549369073,8.97927633256665,12.8335986636667,8.90944520635442,12.9281624484134,8.86028937813542,13.0312185801507,8.82124551946305,13.1421426437382,8.8043509575463,13.256662495387,8.79446690904244,13.3552985193935,8.80340085419911
271,12.5677774766516,9.22350526831905,12.6267535710953,9.14122926192581,12.687697120791,9.05439251329347,12.7444631331112,8.98024712238958,12.8316581587963,8.90961849999047,12.9264274216058,8.86029334069371,13.0292254033694,8.82075429084321,13.1401684549149,8.80383101549847,13.2545123982253,8.79404441320708,13.3527862475982,8.8031257513387
271.166666666667,12.566933540903,9.22515452029752,12.625799935806,9.14275806512533,12.6865073690378,9.05538053721296,12.7430019910113,8.98121326216289,12.829737945234,8.90978161447334,12.9247222836757,8.86029700260931,13.027257742388,8.82025475290276,13.1382396585807,8.80328205544036,13.2523910331371,8.79359527693567,13.3503182637855,8.80281635022517
271.333333333333,12.5660225285235,9.22680328868664,12.6248343095587,9.14428916465658,12.6853202262249,9.05636438355016,12.7415765407604,8.98217617655586,12.8278423546585,8.90993744693684,12.9230451837481,8.86030047560338,13.0253141059471,8.81975008155857,13.136352177865,8.80270793257057,13.2502983749152,8.79312335788082,13.3479019813509,8.80247749922122
271.5,12.5650546521457,9.22844839686445,12.6238592236008,9.14581933313458,12.6841393912748,9.05734630680332,12.7401918125113,8.98313729023773,12.8259757187483,8.91008889451478,12.9213942709484,8.86030387139702,13.0233930027872,8.81924345272753,13.1345019358976,8.80211250208775,13.2482343983524,8.79263251369512,13.3455448136897,8.80211404668955
271.666666666667,12.5640401244022,9.23008666820895,12.6228772091798,9.14734534317433,12.6829685631101,9.05832856147073,12.7388528364167,8.98409802787777,12.824142369182,8.91023885434098,12.9197676944017,8.86030730171138,13.021492941649,8.81873804232654,13.132684855808,8.80149961919053,13.2461990782415,8.79212660203115,13.3432541741972,8.80173084099288
271.833333333333,12.5629891579256,9.23171492609819,12.6218907975429,9.14886396739083,12.6818114406533,9.05931340205064,12.7375646426293,8.98505981414524,12.8223466376383,8.91039022354926,12.918163603233,8.86031087826758,13.0196124312729,8.81823702627246,13.130896860726,8.80087313907753,13.2441923893754,8.79160948054151,13.3410374762688,8.8013327304939
272,12.5619119653484,9.2333299939102,12.6209025199378,9.15037197839909,12.680671722827,9.06030308304133,12.736332261302,8.98602407370939,12.8205928557957,8.91054589927343,12.9165801465678,8.86031471278675,13.0177499803995,8.8177435804822,13.1291338737811,8.80023691694738,13.2422143065469,8.79108500687879,13.3389021332998,8.80092456355532
272.166666666667,12.5608187593032,9.23492869502299,12.6199149076117,9.15186614881411,12.6795531085538,9.06129985894107,12.7351607225875,8.98699223123949,12.8188853553328,8.9107087786473,12.915015473531,8.86031891699002,13.0159040977694,8.81726088087263,13.1273918181029,8.79959480799872,13.2402648045487,8.79055703869557,13.3368555586855,8.80051118853984
272.333333333333,12.5597197524226,9.23650785281461,12.6189304918121,9.15334325125089,12.6784592967561,9.06230598424814,12.7340550566386,8.98796571140479,12.8172284679283,8.91088175880469,12.9134677332478,8.86032360259853,13.0140732921232,8.81679210336065,13.1256666168212,8.79895066743018,13.2383438581738,8.79002943364445,13.3349051658212,8.80009745381018
272.5,12.5586251573392,9.23806429066307,12.6179518037864,9.15480005832443,12.6773939863566,9.06332371346079,12.7330202936079,8.98894593887456,12.8156265252608,8.91106773687941,12.9119350748436,8.86032888133339,13.0122560722014,8.81634042386312,13.1239541930656,8.79830835044038,13.2364514422149,8.78950604937802,13.3330583681024,8.79968820772902
272.666666666667,12.5575451866855,9.23959483194641,12.6169813747819,9.15623334264975,12.6763608762778,9.0643553010773,12.7320614636484,8.98993433831805,12.8140838590088,8.91126961000528,12.9104156474433,8.86033486491575,13.0104509467445,8.81590901829695,13.1222504699656,8.79767171222796,13.2345875314649,8.78899074354887,13.3313225789244,8.79928829865909
272.833333333333,12.5564900530942,9.24109630004266,12.6160217360462,9.15763987684184,12.6753636654422,9.06540300159594,12.7311835969127,8.99093233440452,12.812604800851,8.9114902753161,12.9089076001723,8.86034166506673,13.0086564244932,8.81550106257901,13.120551370651,8.79704460799155,13.2327521007166,8.7884873738096,13.3297052116824,8.79890257496307
273,12.5554699691977,9.24256551832984,12.6150754188265,9.15901643351572,12.6744060527725,9.06646906951499,12.7303917235536,8.99194135180323,12.811193682466,8.91173262994571,12.9074090821556,8.86034939350746,13.006871014188,8.81511973262619,13.1188528182514,8.79643089292977,13.2309451247627,8.78799979781278,13.3282136797718,8.79853588500369
273.166666666667,12.5544951476287,9.24399931018598,12.6141449543704,9.16035978528637,12.6734917371911,9.0675557593327,12.7296908737239,8.99296281518344,12.8098548355323,8.9119995710279,12.9059182425185,8.86035816195908,13.0050932245695,8.81476820435538,13.1171507358963,8.79583442224126,13.2291665783962,8.78753187321102,13.3268553965881,8.79819307714363
273.333333333333,12.5535758010198,9.24539449898911,12.6132328739251,9.16166670476881,12.6726244176206,9.06866532554735,12.7290860775763,8.99399814921441,12.8085925917287,8.9122939956965,12.9044332303861,8.8603680821427,13.0033215643782,8.81444965368346,13.1154410467155,8.79525905112465,13.2274164364098,8.78708745765691,13.3256377755264,8.79787899974561
273.5,12.5526892883296,9.24676133318972,12.612335116818,9.16294441820883,12.6717960275804,9.06979895451728,12.7285511543628,8.99505146916071,12.8073882512883,8.91263363369718,12.9029540475782,8.86040750580145,13.0015533867275,8.81414800291505,13.1137231817185,8.79470207909834,13.2256850415175,8.78666513070396,13.324532637899,8.79758932071189
273.666666666667,12.5518055371696,9.24811219340446,12.6114454225554,9.16420290065044,12.6709947392897,9.07095512680527,12.7280543944398,8.99612440065988,12.8062193632934,8.91303196240538,12.9014825937959,8.86050221365569,12.9997881638451,8.81384598368252,13.1120013056822,8.79415677288008,13.2239640559027,8.78625915650683,13.3235023217848,8.79731482567201
273.833333333333,12.5509236131514,9.24944710126067,12.6105630226533,9.16544304790596,12.6702186097205,9.07213203821625,12.7275925346169,8.99721463394068,12.8050846326958,8.91348550039955,12.9000198649864,8.86064846089248,12.998027583143,8.81354498589446,13.1102784423867,8.79362093846746,13.222255433562,8.7858669196198,13.3225400157288,8.79705303957958
274,12.5500425818866,9.25076607838568,12.6096871486278,9.1666657557877,12.6694656958448,9.07332788455515,12.7271623117036,8.99831985923186,12.8039827644472,8.91399076625816,12.8985668570968,8.86084250269883,12.9962733320331,8.81324639945942,13.1085576156124,8.79309238185808,13.2205611284924,8.78548580459717,13.3216389082764,8.79680148738822
274.166666666667,12.5491615089866,9.25206914640682,12.6088170319951,9.16787192010799,12.6687340546347,9.07454086162691,12.7267604625094,8.99943776676217,12.8029124634996,8.91454427855964,12.8971245660746,8.86108059426179,12.9945270979274,8.81295161428597,13.1068418491395,8.79256890904957,13.2188830946906,8.78511319599321,13.3207921879729,8.79655769405154
274.333333333333,12.5482794600631,9.2533563269514,12.6079519042713,9.16906243667913,12.6680217430623,9.07576916523645,12.726383723844,9.00056604676037,12.8018724348047,8.91514255588246,12.8956939878668,8.86135899076839,12.9927905682379,8.81266202028268,13.1051341667483,8.79204832603951,13.2172232861536,8.78474647836221,13.3199930433633,8.79631918452315
274.5,12.5473955007277,9.25462764164675,12.6070909969724,9.17023820131344,12.6673268180997,9.0770109911887,12.7260288325169,9.0017023894552,12.8008613833143,8.91578211680506,12.8942761184207,8.86167394740566,12.9910654303765,8.81237900735811,13.1034375922191,8.79152843882552,13.215583656878,8.78438303625844,13.319234662993,8.79608348375667
274.666666666667,12.5465086965919,9.25588311212021,12.6062335416145,9.17140010982324,12.6666473367189,9.07826453528859,12.7256925253376,9.00284448507541,12.7998780139803,8.9164594799059,12.8928719536835,8.86202171936064,12.9893533717552,8.81210396542082,13.1017551493322,8.7910070534052,13.2139661608608,8.78402025423621,13.3185102354071,8.79584811670571
274.833333333333,12.5456181132672,9.2571227599991,12.6053787697139,9.17254905802085,12.6659813558921,9.07952799334107,12.7253715391157,9.00399002384977,12.7989210317544,8.91717116376343,12.8914824896024,8.86239856182037,12.9876560797859,8.81183828437938,13.1000898618678,8.79048197577616,13.2123727520987,8.78365551684979,13.3178129491509,8.79561060832389
275,12.5447228163654,9.25834660691074,12.6045259127865,9.17368594171858,12.6653269325912,9.08079956115104,12.7250626106608,9.00513669600701,12.7979891415885,8.9179136869561,12.8901087221247,8.86280072997186,12.9859752418807,8.81158335414236,13.0984447536061,8.78995101193599,13.2108053845885,8.78328620865346,13.3171359927697,8.79536848356482
275.166666666667,12.5438218714978,9.25955467448247,12.6036742023485,9.17481165672876,12.6646821237883,9.08207743452346,12.7247624767823,9.00628219177589,12.7970810484344,8.91868356806238,12.8887516471976,8.86322447900218,12.9843125454515,8.81134056461832,13.0968228483275,8.78941196788231,13.2092660123272,8.78290971420151,13.3164725548086,8.79511926738211
275.333333333333,12.5429143442762,9.2607469843416,12.602822869916,9.17592709886369,12.6640449864556,9.08335980926324,12.7244678742898,9.00742420138516,12.796195457244,8.9194773256607,12.8874122607682,8.86366606409833,12.9826696779103,8.81111130571582,13.0952271698123,8.78886264961272,13.2077565893115,8.78252341804823,13.3158158238129,8.79486048472938
275.5,12.541999300312,9.26192355811547,12.601971147005,9.17703316393569,12.6634135775651,9.08464488117532,12.724175539993,9.00856041506358,12.7953310729689,8.92029147832952,12.886091558784,8.86412174044737,12.981048326669,8.81089696734344,13.0936607418407,8.78830086312483,13.2062790695382,8.78212470474789,13.3151589883278,8.79458966056025
275.666666666667,12.5410758052169,9.2630844174314,12.6011182651317,9.17813074775708,12.6627859540888,9.08593084606463,12.7238822107013,9.00968852303988,12.7944866005611,8.9211225446473,12.8847905371919,8.86458776323632,12.9794501791396,8.81069893940973,13.0921265881929,8.78772441441624,13.2048354070041,8.78171095885479,13.3144952368986,8.79430431982832
275.833333333333,12.5401429246023,9.26422958391672,12.6002634558122,9.17922074614018,12.6621601729989,9.0872158997361,12.7235846232243,9.01080621554284,12.7936607449723,8.92196704319249,12.8835101919393,8.86506038765221,12.9778769227341,8.81051861182325,13.0906277326493,8.78713110948455,13.2034275557062,8.78127956492321,13.3138177580704,8.79400198748721
276,12.53919972408,9.26535907919875,12.5994059505627,9.18030405489731,12.6615342912674,9.08849823799465,12.7232795143715,9.01191118280119,12.7928522111544,8.92282149254354,12.8822515189734,8.86553586888209,12.9763302448644,8.81035737449258,13.0891671989902,8.78651875432737,13.2020574696411,8.78082790750743,13.3131197403885,8.79368018849054
276.166666666667,12.5382452692614,9.26647292490483,12.5985449808991,9.18138156984077,12.6609063658663,9.08977605664523,12.7229636209525,9.01300111504368,12.7920597040592,8.9236824112789,12.8810155142415,8.86601046211299,12.9748118329425,8.81021661732629,13.0877480109957,8.78588515494231,13.2007271028057,8.78035337116173,13.3123943723981,8.79333644779191
276.333333333333,12.5372786257581,9.26757114266227,12.5976797783376,9.18245418678289,12.6602744537678,9.09104755149276,12.7226336797769,9.01407370249908,12.7912819286385,8.92454631797703,12.8798031736907,8.86648042253194,12.9733233743804,8.81009773023293,13.0863731924462,8.78522811732697,13.1994384091969,8.7798533404404,13.3116348426445,8.79296829034495
276.5,12.5362988591818,9.26865375409841,12.5968095743943,9.18352280153599,12.659636611944,9.09231091834218,12.7222864276542,9.01512663539613,12.7905175898441,8.92540973121637,12.8786154932682,8.86694200532597,12.97186655659,8.81000210312106,13.085045767122,8.78454544747896,13.1981933428114,8.77932519989774,13.3108343396728,8.79257324110327
276.666666666667,12.5353050351438,9.26972078084057,12.5959336005853,9.18458830991237,12.6589908973668,9.0935643529984,12.7219186013939,9.01615760396357,12.7897653926278,8.9262691695754,12.8774534689213,8.86739146568213,12.9704430669833,8.80993112589926,13.0837687588033,8.78383495139587,13.1969938576461,8.778766334088,13.3099860520284,8.79214882502048
276.833333333333,12.5342966877912,9.27076633375376,12.5950576823635,9.18564263473913,12.6583464330905,9.09481127899492,12.7215408978337,9.01716169001903,12.7890270508137,8.92714945661349,12.8763102972492,8.86784136509291,12.9690486127234,8.8098737680672,13.0825484429186,8.78304949125101,13.195852117943,8.77816394626139,13.3091188749069,8.79167738976031
277,12.5332743683329,9.27178611591317,12.5941873306034,9.18667844540892,12.6577127104565,9.09605655163851,12.7211656277198,9.01813790488603,12.7883047592335,8.92807530845435,12.8751788747203,8.86830675779577,12.967677159699,8.80981815853021,13.0813849495861,8.78215327482723,13.1947740525873,8.77750898191064,13.308263489036,8.79114422896872
277.166666666667,12.5322386679737,9.27278253726139,12.5933213049532,9.18769775758238,12.6570883388674,9.09730051439401,12.720791948725,9.01908983305227,12.7875979443504,8.92904308252282,12.8740597470857,8.86878763809519,12.9663277834106,8.80976442630536,13.080272084621,8.78116112653654,13.193752262541,8.77680443895388,13.3074157612584,8.79055128657262
277.333333333333,12.5311901779186,9.27375800774101,12.5924583650613,9.18870258692019,12.6564719277258,9.09854351072628,12.7204190185223,9.02002105900541,12.7869060326277,8.93004913624377,12.8729534600964,8.86928400029563,12.9649995593585,8.80971270040972,13.079203653838,8.78008787079092,13.1927793487661,8.77605331530924,13.3065715584169,8.78990050649893
277.5,12.5301294893723,9.27471493729464,12.5915972705758,9.18969494908301,12.6558620864345,9.09978588410016,12.7200459947844,9.02093516723312,12.7862284505288,8.93108982704205,12.8718605595035,8.86979583870154,12.9636915630433,8.80966310986037,13.0781734630523,8.77894833200238,13.1918479122243,8.77525860889488,13.3057267473544,8.7891938326746
277.666666666667,12.5290571935398,9.27565573586485,12.5907367811452,9.1906768597315,12.655257424396,9.10102797798051,12.7196720351841,9.02183574222309,12.7855646245169,8.93216151234252,12.870781591058,8.8703231476174,12.9624028699653,8.80961578367436,13.0771753180788,8.77775733458289,13.1909505538777,8.77442331762891,13.3048771949137,8.78843320902653
277.833333333333,12.5279738816259,9.27658281339426,12.5898756564177,9.19165033452633,12.654656551013,9.10227013583218,12.7192962973943,9.02272636846298,12.7849139810552,8.93326054957005,12.8697171005111,8.87086592134767,12.961132555625,8.80957085086878,13.0762030247325,8.77652970294445,13.1900798746882,8.77355043942948,13.3040187679377,8.78762057948166
278,12.5268801448355,9.27749857982545,12.5890126560416,9.19261738912815,12.6540580756882,9.10351270112002,12.7189179390877,9.02361063044046,12.7842759466072,8.93438329614948,12.8686676336137,8.87142415419682,12.9598796955228,8.80952844046068,13.0752503888284,8.77528026149906,13.1892284756177,8.77264297221471,13.3031473332691,8.7867578879669
278.166666666667,12.5257765743735,9.27840544510101,12.5881465396652,9.19358003919764,12.6534606078242,9.10475601730888,12.7185361179372,9.02449211264322,12.783649947636,8.93552610950569,12.867633736117,8.87199784046931,12.9586433651592,8.80948868146714,13.0743112161814,8.7740238346587,13.1883889576281,8.77170391390275,13.3022587577508,8.7858470784092
278.333333333333,12.5246637614447,9.27930581916353,12.5872760669367,9.19454030039545,12.6528627568237,9.10600042786362,12.7181499916155,9.02537439955893,12.7830354106049,8.93668534706353,12.866615953772,8.8725869744696,12.9574226400345,8.80945170290522,13.0733793126065,8.77277524683537,13.1875539216813,8.77073626241173,13.3013489082256,8.78489009473546
278.5,12.5235422972539,9.28020211195563,12.5863999975046,9.19550018838224,12.6522631320894,9.10724627624908,12.7177587177956,9.02626107567526,12.7824317619773,8.93785736624785,12.8656148323298,8.87319155050216,12.9562165956492,8.809417633792,13.0724484839188,8.77154932244105,13.1867159687393,8.76974301565977,13.3004136515364,8.78388888087262
278.666666666667,12.5224127730062,9.28109673341987,12.585517091017,9.19646171881868,12.6516603430238,9.10849390593011,12.7173614541502,9.02715572547987,12.7818384282164,8.93903852448352,12.8646309175414,8.87381156287145,12.9550243075038,8.80938660314455,13.0715125359331,8.77036088588775,13.1858676997639,8.76872717156503,13.2994488545259,8.7828453807476
278.833333333333,12.5212757799062,9.28199209349887,12.5846261071224,9.19742690736543,12.6510529990297,9.10974366037158,12.7169573583521,9.02806193346046,12.7812548357855,8.94022517919541,12.8636647551579,8.87444700588194,12.9538448510986,8.80935873997993,13.0705652744646,8.76922476158745,13.1850017157171,8.76769172804563,13.298450384037,8.78176153828732
279,12.5201319091589,9.28289060213521,12.5837258054688,9.19839776968315,12.6504397095097,9.11099588303832,12.7165455880742,9.02898328410469,12.7806804111478,8.94141368780835,12.8627168909303,8.8750978738381,12.9526773019341,8.80933417331521,13.0696005053281,8.76815577395215,13.1841106175609,8.7666396830197,13.2974141069125,8.78063929741871
279.166666666667,12.5189817519692,9.28379466927149,12.5828149457048,9.19937632143252,12.6498190838664,9.11225091739519,12.7161253009892,9.02992336190024,12.7801145807668,8.94260040774722,12.8617878706098,8.87576416104438,12.9515207355107,8.80931303216747,13.0686120343386,8.76716874739383,13.183187006257,8.76557403440539,13.2963358899953,8.77948060206871
279.333333333333,12.5178258995419,9.2847067048503,12.5818922874785,9.20036457827417,12.6491897315026,9.11350910690704,12.71569565477,9.03088575133477,12.7795567711056,8.94378169643688,12.8608782399474,8.87644586180525,12.9503742273288,8.80929544555376,13.0675936673112,8.76627850632449,13.1822234827675,8.76449778012082,13.2952116001282,8.77828739616422
279.5,12.5166649430819,9.28562911881423,12.5809565904382,9.20136455586879,12.6485502618208,9.11477079503872,12.7152558070893,9.03187403689597,12.7790064086275,8.94495391130218,12.8599885446941,8.87714297042518,12.949236852889,8.80928154249117,13.0665392100608,8.76549987515612,13.1812126480542,8.76341391808414,13.2940371041539,8.77706162363217
279.666666666667,12.515499473794,9.28656432110588,12.5800066142323,9.20237826987704,12.6478992842237,9.11603632525509,12.7148049156201,9.03289180307151,12.7784629197959,8.94611340976799,12.859119330601,8.87785548120863,12.9481076876916,8.80927145199675,13.0654424684024,8.76484767830072,13.1801471030791,8.76232544621347,13.2928082689154,8.7758052283995
279.833333333333,12.5143300828831,9.28751472166785,12.579041118509,9.20340773595957,12.647235408114,9.11730604102099,12.7143421380351,9.03394263434905,12.7779257310739,8.94725654925915,12.8582711434192,8.87858338846007,12.946985807237,8.80926530308759,13.0642972481509,8.76433674017026,13.1790194488041,8.76123536242695,13.2915209612554,8.77452015439312
280,12.5131573615542,9.28848273044272,12.5780588629167,9.20445496977705,12.6465572428944,9.11858028580127,12.7138666320071,9.03503011521629,12.777394268925,8.94837968720054,12.8574445288998,8.87932668648396,12.9458702870257,8.80926322478074,13.0630973551214,8.76398188517676,13.1778222861911,8.76014666464271,13.2901710480168,8.77320834553997
280.166666666667,12.5119903477202,9.28947134357824,12.5770663449479,9.20551191902272,12.6458746161002,9.11984693973169,12.7133805576295,9.03614380841983,12.7768824057421,8.94947377499015,12.856653218385,8.88008792022672,12.9447802961312,8.80928677080057,13.0618615829645,8.76371368250715,13.1765673664438,8.75899338244217,13.2887219636112,8.77178972489495
280.333333333333,12.5108353809846,9.29048008802441,12.5760699236002,9.2065699131308,12.6451967901823,9.12109603621474,12.7128862126904,9.03727191797527,12.7764015381364,8.95053601530689,12.8559067947339,8.88087023727876,12.9437318602997,8.8093562675634,13.0606111957616,8.76345324978834,13.1752704482679,8.75771919615296,13.2871443740011,8.77019348679769
280.5,12.5096890050874,9.29150616992724,12.5750681507791,9.20763004037346,12.6445215269165,9.12233114861541,12.712382961405,9.03841599027369,12.7759473788985,8.95157214249699,12.8551995809723,8.88167453591047,12.9427193400409,8.80947000312428,13.0593437049744,8.76320123409219,13.1739301438786,8.7563415798126,13.2854449933564,8.76843548210214
280.666666666667,12.5085477637688,9.29254679543272,12.57405957839,9.20869338902284,12.6438465880784,9.1235558502987,12.7118701679886,9.0395775717062,12.7755156408188,8.95258789090669,12.8545259001261,8.88250171439227,12.9417370958643,8.80962626553821,13.0580566220642,8.7629582824906,13.1725450654908,8.7548780074586,13.2836305358465,8.76653156166225
280.833333333333,12.5074082007689,9.29359917068685,12.5730427583385,9.20976104735112,12.643169735444,9.1247737146296,12.7113471966562,9.0407582086639,12.7751020366879,8.9535889948822,12.8538800752211,8.88335267099457,12.9407794882793,8.80982334286023,13.0567474584928,8.76272504205543,13.1711138253196,8.75334595312848,13.2817077156412,8.76449757633198
281,12.5062668598279,9.29466050183563,12.57201624253,9.21083410363045,12.6424887307889,9.12598831497309,12.7108134116231,9.04195944753788,12.7747022792963,8.95458118876976,12.8532564292832,8.88422830398778,12.9398408777956,8.81005952314536,13.0554137257215,8.76250215985858,13.1696350355801,8.75176289085974,13.2796832469101,8.7623493769653
281.166666666667,12.5051202846859,9.29572799502506,12.57097858287,9.21191364613298,12.641801335889,9.12720322469418,12.7102681771046,9.04318283471923,12.7743120814346,8.9555702069156,12.8526492853384,8.88512951164232,12.9389156249226,8.81033309444864,13.0540529352119,8.76229028297193,13.1681073084873,8.7501462946899,13.2775638438229,8.76010281441615
281.333333333333,12.5039650190831,9.29679885640113,12.5699283312641,9.21300076313087,12.64110531252,9.12842201715783,12.7097108573156,9.04442991659906,12.7739271558931,8.95656178366594,12.8520529664124,8.88605719222859,12.93799809017,8.81064234482509,13.0526625984255,8.76209005846734,13.1665292562563,8.74851363865647,13.2753562205491,8.7577737395385
281.5,12.5027976067596,9.29787029210985,12.5688640396177,9.21409654289629,12.6403984224576,9.12964826572907,12.7091408164715,9.04570223956846,12.7735432154625,8.95756165336701,12.8514617955311,8.887012244017,12.9370826340472,8.81098556232974,13.0512402268238,8.76190213341672,13.1648994911021,8.74688239679696,13.2730670912585,8.7553780031863
281.666666666667,12.5016145914554,9.29893950829721,12.5677842598363,9.21520207370139,12.6396784274777,9.13088554377286,12.7085574187875,9.04700135001854,12.7731559729333,8.95857555036504,12.8508700957205,8.88799556527797,12.9361636170638,8.8113610350176,13.0497833318683,8.76172715489193,13.1632166252399,8.74527004314889,13.2707031701206,8.75293145621351
281.833333333333,12.5004125169109,9.30000371110922,12.5666875438254,9.21631844381832,12.638943089356,9.1321374246542,12.7079600284786,9.04832879434039,12.772761141096,8.95960920900626,12.8502721900063,8.8890080542819,12.9352353997294,8.81176705094372,13.0482894250206,8.76156576996486,13.1614792708846,8.74369405174975,13.2682711713051,8.75044994947409
282,12.499187926866,9.30106010669186,12.5655724434906,9.21744674151925,12.6381901698683,9.13340748173809,12.7073480097601,9.0496861189251,12.7723544327412,8.96066836363689,12.8496624014145,8.89005060929922,12.9342923425535,8.81220189816312,13.0467560177422,8.76141862570739,13.1596860402513,8.74217189663707,13.2657778089816,8.74794933382199
282.166666666667,12.497937365061,9.30210590119115,12.5644375107373,9.21858805507633,12.6374174307903,9.13469928838951,12.7067207268473,9.05107487016377,12.7719315606592,8.96175874860316,12.849035052971,8.89112412860032,12.9333288060456,8.81266386473082,13.0451806214946,8.76128636919139,13.1578355455551,8.74072105184836,13.2632297973198,8.74544546011117
282.333333333333,12.496657375236,9.30313830075307,12.563281297471,9.21974347276172,12.6366226338978,9.13601641797345,12.7060775439551,9.05249659444751,12.7714882376407,8.96288609825131,12.8483844677016,8.89222951045562,12.9323391507153,8.81315123870185,13.0435607477392,8.76116964748877,13.1559263990111,8.73935899142113,13.2606338504893,8.74295417919559
282.5,12.4953445011311,9.30415451152362,12.5621023555972,9.22091408284759,12.6358035409667,9.13736244385491,12.705417825299,9.0539528381674,12.7710201764762,8.96405614692756,12.8477049686321,8.89336765313553,12.9313177370721,8.81366230813124,13.0418939079377,8.76106910767138,13.1539572128342,8.73810318939289,13.2579966826598,8.74049134192921
282.666666666667,12.4939952864865,9.30515173964881,12.5608992370214,9.22210097360608,12.6349579137726,9.13874093939887,12.7047409350939,9.05544514771456,12.7705230899562,8.96527462897814,12.8469908787886,8.89453945491046,12.9302589256255,8.81419536107401,13.0401776135516,8.76098539681112,13.1519265992396,8.73697111980115,13.2553250080009,8.73807279916598
282.833333333333,12.4926062750422,9.30612719127464,12.5596704936491,9.22330523330935,12.6340835140913,9.14015547797034,12.7040462375552,9.05697506948006,12.7699926908712,8.96654727874927,12.8462365211967,8.89574581405082,12.9291570768852,8.8147486855852,13.0384093760422,8.76091916197987,13.1498331704423,8.73598025668343,13.2526255406822,8.73571440175986
283,12.4911740105385,9.30707807254709,12.5584146773857,9.22452795022957,12.6331781036987,9.14160963293429,12.703333096898,9.05854414985502,12.7694246920117,8.96787983058719,12.8454362188825,8.89698762882703,12.9280065513606,8.81532056971982,13.0365867068713,8.7608710502495,13.1476755386574,8.73514807407723,13.2499049948733,8.73343200056481
283.166666666667,12.4896950367155,9.30800158961217,12.5571303401369,9.22577021263889,12.6322394443704,9.14310697765572,12.7026008773375,9.06015393523053,12.7688148061683,8.96927801883812,12.8445842948717,8.89826579750949,12.9268017095613,8.81590930153292,13.0347071175003,8.7608417086919,13.1454523160998,8.73449204602007,13.247170084744,8.73124144643478
283.333333333333,12.4881658973133,9.30889494861588,12.5558160338081,9.22703310880947,12.6312652978822,9.14465108549962,12.7018489430889,9.06180597199768,12.7681587461314,8.97074757784829,12.8436750721904,8.89958121836862,12.9255369119968,8.8165131690795,13.0327681193906,8.76083178437895,13.1431621149848,8.73402964654947,13.2444275244638,8.72915859022374
283.5,12.4865554367893,9.30976567381774,12.5544509834452,9.2283358760274,12.630221526873,9.146267209365,12.7010578314533,9.06354559103518,12.7673938206931,8.97233799980055,12.8426500692717,8.90097066248747,12.924175613529,8.81724563212399,13.0306938442409,8.76092612827985,13.1406931044927,8.73367471321353,13.2416097996975,8.72707702703249
283.666666666667,12.4848410959057,9.31062340968941,12.5530194005959,9.2296928510025,12.6290818105942,9.14797244804976,12.700211692885,9.06540908688204,12.7664715033694,8.97408587731328,12.8414668481007,8.9024652390353,12.9226934502759,8.81820968531351,13.0284233008956,8.76120082981287,13.1379522098707,8.73333000894001,13.2386531977059,8.72489356067437
283.833333333333,12.4830323128601,9.31146854269514,12.551527316918,9.2310977711425,12.6278556357412,9.14975814376721,12.6993153113292,9.06738445141985,12.7654087540371,8.97597759538604,12.8401437970304,8.90405735341182,12.921103054631,8.81938791902716,13.0259763165349,8.76164339372342,13.1349661774336,8.73299639583585,13.2355701350525,8.7226288550721
284,12.4811385258501,9.31230145929916,12.5499807640695,9.23254437385515,12.626552489009,9.15161563873065,12.6983734707309,9.06945967653019,12.7642225325729,8.97799953901837,12.8386993044139,8.90573941101673,12.9194170589875,8.82076292364404,13.023372718339,8.76224132475696,13.1317617534965,8.732674736008,13.2323730283012,8.72030357414839
284.166666666667,12.4791691730733,9.31312254596571,12.5483857737081,9.23402639654816,12.6251818570928,9.15353627515339,12.6973909550353,9.07162275409464,12.7629297988536,8.98013809320981,12.8371517586041,8.90750381724974,12.9176480957391,8.82231728954324,13.0206323334882,8.7629821276589,13.1283656843743,8.73236589156339,13.2290742940155,8.71793838182596
284.333333333333,12.4771336927273,9.31393218915901,12.5467483774918,9.23553757662928,12.6237532266879,9.15551139524874,12.6963725481874,9.07386167599478,12.7615475127558,8.9823796429599,12.8355195479541,8.90934297751055,12.9158087972792,8.82403360710385,13.0177749891629,8.76385330717468,13.1248047163819,8.73207072460897,13.2256863487592,8.71555394202755
284.5,12.4750415230096,9.31473077534332,12.5450746070784,9.23707165150624,12.6222760844893,9.15753234123001,12.6953230341323,9.0761644341122,12.7600926341564,8.98471057326818,12.8338210608171,8.91124929719887,12.9139117960012,8.82589446670498,13.0148205125432,8.76484236804975,13.1211055958344,8.73179009725169,13.2222216090959,8.71317091867586
284.666666666667,12.4729021021177,9.31551869098285,12.5433704941258,9.23862235858678,12.6207599171922,9.15959045531049,12.6942471968151,9.07851902032849,12.7585821229321,8.98711726913421,12.832074685546,8.9132151817144,12.9119697242986,8.82788245872573,13.0117887308094,8.76593681502954,13.1172950690466,8.73152487159849,13.2186924915894,8.71080997569362
284.833333333333,12.4707248682494,9.31629632254185,12.5416420702919,9.24018343527862,12.6192142114918,9.16167707970351,12.6931498201809,9.08091342652522,12.7570329389596,8.98958611555753,12.8302988104939,8.91523303645684,12.9099952145648,8.82998017354518,13.0086994711418,8.76712415285946,13.1133998823336,8.7312759097563,13.2151114128032,8.70849177700355
285,12.4685192596021,9.31706405648455,12.5398953672346,9.24174861898951,12.6176484540832,9.16378355662236,12.6920356881748,9.08333564458397,12.7554620421156,8.99210349753767,12.8285118240138,8.91729526682592,12.9080008991933,8.83217020154243,13.0055725607206,8.76839188628498,13.1094467820102,8.73104407383209,13.211490789301,8.70623698652837
285.166666666667,12.4662947143733,9.31782227927519,12.5381364166117,9.24331164712718,12.6160721316617,9.16590122828036,12.6909095847418,9.08577366638634,12.753886392277,8.99465580007418,12.8267321144589,8.91939427822132,12.9059994105776,8.83443513309659,13.0024278267261,8.76972752005151,13.1054625143915,8.73083022593278,13.2078430376466,8.7040662681908
285.333333333333,12.4640606707608,9.318571377378,12.5363712500811,9.24486625709936,12.6144947309223,9.16802143689081,12.6897762938271,9.0882154838139,12.7523229493204,8.99722940816661,12.8249780701821,8.92152247604275,12.9040033811111,8.83675755858675,12.9992850963386,8.7711185589045,13.1014738257924,8.73063522816532,13.2041805744036,8.70200028591356
285.5,12.4618265669621,9.31931173725722,12.5346058993007,9.24640618631379,12.6129257385603,9.17013552466702,12.6886405993757,9.09064908874823,12.7507886731226,8.99981070681451,12.8232680795365,8.92367226568993,12.9020254431873,8.83912006839201,12.9961641967383,8.77255250758937,13.0975074625278,8.73045994263666,13.2005158161357,8.70005970361938
285.666666666667,12.4596018411746,9.32004374537709,12.5328463959284,9.2479251721782,12.6113746412708,9.1722348338223,12.6875072853327,9.09306247307092,12.7493005235603,9.0023860810174,12.8216205308752,8.92583605256255,12.9000782291996,8.84150525289145,12.9930849551055,8.77401687085156,13.0935901709127,8.73030523145373,13.1968611794065,8.69826518523096
285.833333333333,12.4573959315961,9.32076778820183,12.5310987716219,9.24941695210032,12.6098509257489,9.17431070656995,12.6863811356433,9.09544362866355,12.7478754605103,9.00494191577484,12.8200538125512,8.92800624206032,12.8981743715415,8.84389570246419,12.9900671986205,8.77549915343651,13.0897486972621,8.73017195672349,13.1932290807798,8.69663739467104
286,12.455218276424,9.32148425219569,12.5293690580393,9.2508752634879,12.6083640786899,9.17635448512329,12.6852669342524,9.09778054740771,12.7465304438493,9.00746459608637,12.8185863129175,8.93017523958295,12.8963265026065,8.84627400748931,12.9871307544635,8.77698686008966,13.086009787891,8.73006098055287,13.1896319368192,8.69519699586233
286.166666666667,12.453078313856,9.32219352382289,12.5276632868384,9.25229384374866,12.6069235867889,9.17835751169561,12.6841694651053,9.10006122118497,12.7452824334541,9.00994050695154,12.8172364203273,8.93233545053014,12.894547254788,8.84862275834591,12.9842954498147,8.77846749555643,13.0824001891142,8.72997316504883,13.1860821640884,8.69396465272756
286.333333333333,12.4509854820896,9.32289598954769,12.525987489677,9.25366643029034,12.605538936741,9.18031112850023,12.6830935121469,9.10227364187692,12.7441483892014,9.01235603336989,12.8160225231335,8.9344792803016,12.8928492604794,8.85092454541309,12.9815811118545,8.77992856458226,13.0789466472467,8.72990937231829,13.182592179151,8.69296102918944
286.5,12.4489492193225,9.3235920358343,12.5243476982131,9.25498676052067,12.6042196152415,9.18220667775046,12.6820438593224,9.10440580136514,12.7431452709679,9.01469756034095,12.8149630096893,8.93659913429703,12.8912451520742,8.85316195906995,12.9790075677631,8.78135757191258,13.0756759086036,8.72987046446821,13.1791743985708,8.6922067891707
286.666666666667,12.4469789637521,9.32428204914696,12.5227499441045,9.2562485718474,12.6029751089854,9.18403550165959,12.6810252905768,9.10644569153122,12.7422900386304,9.01695147286429,12.8140762683476,8.93868741791613,12.8897475619659,8.85531758969558,12.9765946447208,8.78274202229284,13.0726147194996,8.72985730360553,13.1758412389115,8.69172259659405
286.833333333333,12.4450585062325,9.32497475609384,12.5211847021767,9.25746796981344,12.6017969361892,9.18583089238284,12.6800354445083,9.10841726921076,12.7415353625359,9.01913771664161,12.8132978585811,8.94076212518626,12.8883121771463,8.85743590732926,12.9742768573387,8.78413344757249,13.0697033142823,8.72995230186272,13.1725804682562,8.6913863755194
287,12.4431636393083,9.32567675221751,12.5196371818335,9.25866580081655,12.6006665088175,9.18762976792037,12.6790667189149,9.11035427243964,12.7408205279235,9.02128837617288,12.8125503983856,8.94284667250431,12.8868877421472,8.85957312754447,12.9719773629831,8.78558917879332,13.0668608781269,8.73022839180085,13.1693674972279,8.69106261850167
287.166666666667,12.4412918037132,9.32638522738383,12.5181055165999,9.25984291354671,12.5995781541884,9.18942890925291,12.6781160365417,9.11225936489985,12.7401424170087,9.02340804465502,12.8118328638997,8.94494159882432,12.8854764756719,8.86172945902162,12.9696989529664,8.78710541948924,13.0640825835908,8.73067221616969,13.1661962061994,8.6907518422061
287.333333333333,12.4394404401804,9.32709737145866,12.5165878400008,9.26100015669387,12.5985261996199,9.19122509736122,12.6771803201336,9.11413521027338,12.7394979120065,9.02550131528493,12.8111442312616,8.94704744310033,12.8840805964239,8.86390511044112,12.9674444186014,8.78867837319416,13.0613636032312,8.73127041771906,13.1630604755437,8.69045456329792
287.5,12.4376069894436,9.32781037430788,12.5150822855612,9.26213837894801,12.5975049724301,9.19301511322604,12.6762564924357,9.11598447224223,12.7388838951323,9.02757278125952,12.8104834766096,8.9491647442864,12.8827023231067,8.86610029048338,12.9652165512005,8.79030424344199,13.0586991096054,8.73200963919876,13.1599541856336,8.69017129844238
287.666666666667,12.4357888922361,9.32852142579733,12.513586986806,9.26325842899909,12.5965087999369,9.19479573782812,12.675341476193,9.1178098144884,12.7382972486014,9.02962703577572,12.8098495760822,8.95129404133655,12.8813438744235,8.8683152078288,12.9630181420765,8.79197923376664,13.0560842752707,8.73287652335858,13.156871216842,8.68990256430471
287.833333333333,12.4339835892914,9.32922771579289,12.5121000772604,9.26436115553708,12.5955320094583,9.1965637521482,12.6744321941505,9.11961390069387,12.7377348546288,9.03166867203043,12.8092415058176,8.95343587320484,12.8800074690779,8.87055007115778,12.960851982542,8.79369954770201,13.0535142727843,8.73385771294833,13.1538054495418,8.68964887755015
288,12.432188521343,9.32992643416042,12.5106196904492,9.26544740725194,12.5945689283123,9.19831593716704,12.6735255690532,9.12139939454065,12.73719359543,9.03370228322057,12.8086582419543,8.95559077884531,12.8786953257734,8.87280508915074,12.9587208639095,8.79546138878202,13.0509842747036,8.7349398507178,13.1507507641061,8.68941075484394
288.166666666667,12.4304011291245,9.33061477076578,12.5091439598975,9.26651803283364,12.593613883817,9.20004907386537,12.6726185236461,9.12316895971073,12.7366703532201,9.03573246254304,12.8080987606305,8.957759297212,12.8774096632132,8.87508047048808,12.9566275774916,8.79726096054058,13.0484894535857,8.7361095794168,13.1477010409076,8.68918871285132
288.333333333333,12.4286188533691,9.33128991547484,12.5076710191302,9.26757388097215,12.5926612032904,9.20175994322395,12.6717079806743,9.1249252598861,12.7361620102144,9.03776380319476,12.8075620379846,8.95994196725895,12.8761527001008,8.8773764238502,12.9545749146011,8.79909446651159,13.046024981988,8.73735354179512,13.1446501603192,8.68898326823753
288.5,12.4268391348105,9.33194905815345,12.5061990016723,9.26861580035743,12.5917052140504,9.20344532622352,12.6707908628827,9.12667095874875,12.7356654486282,9.03980089837264,12.8070470501549,8.96213932794021,12.8749266551397,8.87969315791752,12.9525656665504,8.80095811022896,13.0435860324677,8.73865838060257,13.1415920027139,8.68879493766781
288.666666666667,12.4250594141821,9.33258938866749,12.5047260410488,9.26964463967946,12.590740243415,9.20510200384482,12.6698640930165,9.12840871998069,12.7351775506766,9.0418483412736,12.8065527732799,8.96435191820981,12.8737337470332,8.88203088137044,12.9506026246522,8.80284809522661,13.0411677775821,8.74001073858894,13.1385204484646,8.6886242378074
288.833333333333,12.4232771322174,9.33320809688281,12.5032502707847,9.27066124762819,12.5897606187023,9.20672675706861,12.6689245938205,9.1301412072639,12.734695198575,9.04391072509453,12.8060781834978,8.96658027702181,12.8725761944848,8.88438980288937,12.9486885802191,8.80476062503844,13.0387653898885,8.74139725850404,13.1354293779442,8.68847168532153
289,12.4214897296498,9.33380237266528,12.5017698244049,9.2716664728936,12.5887606672303,9.20831636687563,12.6679692880398,9.13187108428037,12.7342152745385,9.04599264303237,12.8056222569469,8.96882494333025,12.8714562161979,8.88677013115471,12.9468263245638,8.80669190319836,13.036374041944,8.74280458309766,13.1323126715255,8.68833779687544
289.166666666667,12.4196946472128,9.33436940588076,12.5002828354346,9.27266116416566,12.587734716317,9.20986761424663,12.6669950984194,9.13360101471212,12.7337346607824,9.04809868828401,12.8051839697657,8.97108645608916,12.870376030876,8.88917207484688,12.9450186489988,8.80863813324029,13.0339889063061,8.74421935511961,13.1291642095816,8.68822308913438
289.333333333333,12.4178893256398,9.33490638639513,12.4987874373985,9.27364617013432,12.5866770932804,9.21137728016235,12.6659989477043,9.13533366224112,12.733250239522,9.05023345404638,12.8047622980925,8.9733653542526,12.8693378572224,8.89159584264627,12.9432683448367,8.81059551869812,13.031605155532,8.74562821731968,13.1259778724852,8.68812807876358
289.5,12.4160712056645,9.33541050407422,12.4972817638218,9.27462233948956,12.5855821254384,9.21284214560353,12.6649777586397,9.13707169054937,12.7327588929725,9.05240153351638,12.8043562180656,8.9756621767746,12.8683439139406,8.89404164323329,12.9415782033901,8.81256026310577,13.0292179621788,8.74701781244768,13.1227475406093,8.68805328242829
289.666666666667,12.4142377280201,9.33587894878393,12.4957639482294,9.27559052092134,12.5844441401092,9.21425899155093,12.6639284539703,9.13881776331886,12.7322575033492,9.05460751989092,12.8039647058234,8.97797746260921,12.8673964197339,8.89650968528836,12.9399510159717,8.81452856999716,13.026822498804,8.7483747832534,13.1194670943269,8.68799921679374
289.833333333333,12.4123863334403,9.33630891039009,12.4942321241463,9.27655156311963,12.5832574646106,9.2156245989853,12.6628479564414,9.1405745442316,12.7317429528672,9.05685600636693,12.8035867375042,8.98031175071046,12.8664975933059,8.89900017749187,12.9383895738941,8.81649664290618,13.0244139379648,8.74968577248664,13.1161304140107,8.68796639852516
290,12.4105144626584,9.33669757875859,12.4926844250975,9.2775063147744,12.5820164262608,9.21693574888737,12.6617331887978,9.14234469696957,12.7312121237419,9.0591515861413,12.8032212892463,8.98266558003241,12.8656496533599,8.90151332852424,12.9368966684699,8.81846068536675,13.0219874522184,8.75093742289721,13.1127313800338,8.68795534428781
290.166666666667,12.4086248329704,9.33705469771082,12.4911221750132,9.27846272225687,12.5807072861548,9.21819840635268,12.6605561697699,9.14413081941224,12.7306730867423,9.0615125248015,12.8028629983181,8.98504796310575,12.8648176107382,8.90407325824019,12.9354245148778,8.82044279417575,13.0195140764008,8.75217973328285,13.1091961000443,8.68799432703651
290.333333333333,12.4067226001691,9.33739286161585,12.489548605024,9.27942626750395,12.5793247067079,9.21942249662659,12.6592977309126,9.14593178823753,12.7301359258391,9.06394825479288,12.8025078789423,8.98746565346822,12.8639692494803,8.90669922316422,12.9339297290608,8.82246534268982,13.0169766310227,8.75346874351721,13.1054729784329,8.68810814382612
290.5,12.4048088627331,9.3377135361611,12.487964709456,9.28039410255414,12.5778756172178,9.22061074091458,12.6579680142073,9.14774468532518,12.72960054305,9.06645011959919,12.802156972689,8.98991580158447,12.8631109480853,8.90938413698137,12.9324217034773,8.82452494928254,13.0143879671533,8.75480015796398,13.1015893406862,8.68829209747192
290.666666666667,12.402884719141,9.33801818703394,12.4863714826349,9.28136337944594,12.5763669469825,9.22176586042215,12.6565771616358,9.14956659255489,12.7290668403925,9.0690094627042,12.8018113211283,8.99239555791913,12.8622490850526,8.91212091337671,12.9309098305861,8.82661823232747,13.0117609358618,8.75616968098682,13.097572512291,8.68854149078919
290.833333333333,12.4009512678717,9.33830827992178,12.4847699188866,9.28233125021785,12.5748056252998,9.22289057635477,12.6551353151796,9.15139459180638,12.7285347198844,9.07161762759165,12.8014719658302,8.99490207293685,12.8613900388813,8.91490246603527,12.9294035028457,8.82874181019819,13.0091083882173,8.75757301694941,13.0934498187339,8.68885162659319
291,12.3990096074036,9.33858528051201,12.4831610125368,9.28329486690836,12.5731985814677,9.22398760991794,12.6536526168203,9.15322576495938,12.7280040835433,9.07426595774531,12.801139948365,8.99743249710227,12.8605401880707,8.91772170864212,12.9279121127148,8.83089230126828,13.0064431752891,8.75900587021543,13.0892485855016,8.6892178076992
291.166666666667,12.3970608362155,9.33885065449202,12.4815457579116,9.28425138155597,12.571552744784,9.22505968231715,12.6521392085397,9.15505719389359,12.7274748333869,9.07694579664892,12.8008163103027,8.99998398088001,12.8597059111201,8.9205715548823,12.926445052652,8.83306632391129,13.0037781481463,8.76046394514854,13.0849961380807,8.68963533692251
291.333333333333,12.3951060527861,9.3391058675492,12.4799251493366,9.28519794619918,12.5698750445465,9.22610951475789,12.6506052323193,9.15688596048874,12.7269468714328,9.07964848778625,12.8005020932134,9.00255367473472,12.8588935865286,8.92344491844086,12.9250117151159,8.83526049650081,13.0011261578581,8.76194294611243,13.080719801958,8.69009951707836
291.5,12.3931463555941,9.33935238537095,12.4783001811378,9.28613171287649,12.5681724100533,9.22713982844563,12.6490608301407,9.15870914662455,12.7264200996986,9.08236537464105,12.8001983386671,9.00513872913105,12.8581095927955,8.92633471300286,12.9236214925651,8.8374714374104,12.9985000554937,8.76343857747076,13.0764469026201,8.69060565098206
291.666666666667,12.391182843118,9.33959167364467,12.4766718476409,9.2870498336264,12.566451770602,9.22815334458587,12.6475161439856,9.16052383418073,12.7258944202021,9.08508780069707,12.799906088234,9.00773629453362,12.85736030842,8.92923385225334,12.9222837774583,8.83969576501363,12.9959126921223,8.76494654358722,13.0722047655536,8.69114904144886
291.833333333333,12.3892166138366,9.33982519805774,12.4750411431719,9.2879494604874,12.5647200554907,9.22915278438409,12.6459813158356,9.16232710503699,12.7253697349609,9.08780710943808,12.7996263834842,9.01034352140708,12.8566521119014,8.93213524987736,12.921007962254,8.84193009768408,12.9933769188132,8.76646254882548,13.0680207162452,8.69172499129405
292,12.3872487662286,9.34005442429756,12.4734090620566,9.28882774549799,12.5629841940173,9.23014086904579,12.6444664876723,9.16411604107307,12.7248459459925,9.09051464434783,12.7993602659877,9.01295756021606,12.8559913817389,8.93503181955997,12.9198034394109,8.84417105379532,12.9909055866354,8.7679822975492,13.0639220801816,8.69232880333289
292.166666666667,12.3852803987725,9.34028081805152,12.4717765986208,9.28968184069667,12.5612511154795,9.23112031977644,12.6429818014774,9.16588772416866,12.7243229553148,9.09320174891007,12.7991087773148,9.01557556142521,12.8553844964317,8.93791647498622,12.9186796013877,8.84641525172092,12.9885115466582,8.76950149412208,13.0599361828495,8.69295578038066
292.333333333333,12.3833126099472,9.34050584500702,12.4701447471904,9.29050889812194,12.5595277491752,9.23209385778155,12.6415373992324,9.1676392362035,12.7238006649453,9.09585976660855,12.7988729590353,9.01819467549916,12.8548378344791,8.94078212984116,12.9176458406428,8.84865930983445,12.9862076499507,8.77101584290777,13.0560903497356,8.69360122525264
292.5,12.3813464982312,9.34073097085146,12.4685145020912,9.29130606981229,12.5578210244025,9.23306420426659,12.640143422919,9.1693676590573,12.7232789769017,9.09848004092705,12.7986538527195,9.02081205290255,12.8543577743802,8.94362169780985,12.9167115496351,8.85089984650948,12.9840067475823,8.77252104826996,13.0524119063264,8.6942604407641
292.666666666667,12.3793831621032,9.34095766127222,12.4668868576491,9.29207050780622,12.5561378704591,9.23403408043705,12.6388100145188,9.17107007460978,12.7227577932016,9.1010539153493,12.7984524999375,9.02342484410002,12.8539506946344,8.94642809257732,12.915886120823,8.85313348011958,12.9819216906219,8.77401281457232,13.0489281781087,8.69492872973032
292.833333333333,12.3774237000419,9.34118738195669,12.4652628081899,9.29279936414223,12.5544852166428,9.23500620749843,12.6375473160135,9.17274356474065,12.7222370158627,9.10357273335907,12.7982699422593,9.02603019955621,12.8536229737408,8.94919422782865,12.9151789466651,8.85535682903832,12.9799653301389,8.77548684617852,13.0456664905692,8.69560139496656
293,12.375469210526,9.34142159859228,12.4636433480394,9.29348979085883,12.5528699922517,9.2359833066562,12.6363654693846,9.17438521132963,12.7217165469027,9.10602783844011,12.7981072212551,9.02862526973576,12.8533809901988,8.95191301724886,12.9145994196202,8.85756651163928,12.9781505172025,8.77693884745224,13.0426541691944,8.6962737392881
293.166666666667,12.3735207920341,9.34166177686637,12.4620294715235,9.2941389399945,12.5512991265836,9.23696809911586,12.6352746166138,9.17599209625644,12.7211962883391,9.10841057407619,12.7979653784949,9.03120720510331,12.8532311225074,8.95457737452303,12.9141569321468,8.85975914629602,12.9764901028818,8.77836452275715,13.0399185394712,8.69694106551022
293.333333333333,12.3715795430449,9.34190938246636,12.460422172968,9.29474396358774,12.5497795489363,9.23796330608289,12.6342848996827,9.1775613014008,12.7206761421897,9.11071228375105,12.7978454555488,9.03377315612349,12.853179749166,8.9571802133362,12.9138608767036,8.86193135138212,12.974996938246,8.77975957645693,13.0374869268861,8.69759867644819
293.5,12.3696434736106,9.34215835230197,12.4588212108381,9.29531426612937,12.5482955068575,9.23896621591854,12.6333737338512,9.17910874482191,12.7201545055662,9.11297737610719,12.797742743425,9.03635801942525,12.8532025890116,8.95976886169739,12.9136449813821,8.8641149932786,12.9736101490707,8.78113201462538,13.0352612413874,8.69829274820993
293.666666666667,12.3677097012933,9.34240215721165,12.45722520708,9.29586211405986,12.5468261220003,9.23997148939774,12.6325089710842,9.18065095188019,12.7196302281626,9.11525198033776,12.7976510227777,9.03899274444644,12.8532682538289,8.96238945825274,12.9134369442801,8.86633926542161,12.9722606466165,8.78249333766843,13.0331225280352,8.69906725989506
293.833333333333,12.3657779858366,9.34264156377591,12.4556334512415,9.29638895234216,12.5453706348211,9.2409779063465,12.6316864084209,9.18218591540719,12.71910389087,9.11753002075239,12.7975690696464,9.04166856086499,12.853372461539,8.96503313264296,12.9132371128655,8.86859677676738,12.9709489601799,8.78384449144791,13.0310668149835,8.69991421880643
294,12.3638480869841,9.34287733857528,12.4540452328703,9.29689622593923,12.5439282857763,9.24198424659081,12.6309018429006,9.18371162823444,12.7185760745795,9.11980542166075,12.7974956600704,9.04437669835885,12.8535109300628,8.96769101450879,12.9130458346062,8.87088013627216,12.9696756190574,8.78518642182569,13.0290901303865,8.7008256322469
294.166666666667,12.3619197644794,9.34311024819025,12.4524598415143,9.29738537981405,12.5424983153222,9.24298928995668,12.6301510715625,9.18522608319349,12.7180473601822,9.12207210737252,12.7974295700891,9.047108386606,12.8536793773214,8.97035423349094,12.91286345697,8.87318195289219,12.9684411525455,8.78652007466362,13.0271885023983,8.70179350751932
294.333333333333,12.3599927780661,9.34334105920133,12.4508765667211,9.29785785892955,12.5410799639152,9.24399181627011,12.6294298914457,9.18672727311589,12.7175183285693,9.12432400219734,12.7973695757419,9.04985485528436,12.8538735212357,8.97301391923012,12.9126903274248,8.87549483558372,12.9672460899407,8.78784639582354,13.0253579591732,8.70280985192654
294.5,12.3580668874878,9.34357053818905,12.4492946980385,9.29831510824871,12.5396724720118,9.2449906053571,12.6287340995896,9.18821319083317,12.7169895606317,9.12655503044488,12.7973144530681,9.0526073340719,12.8540890797268,8.97566120136706,12.9125267934386,8.87781139330299,12.9660909605396,8.78916633116732,13.0235945288652,8.70386667277141
294.666666666667,12.3561418524881,9.3437994517339,12.4477135250142,9.29875857273449,12.5382750800681,9.24598443704364,12.6280594930332,9.18968182917689,12.7164616372607,9.12875911642481,12.7972629781071,9.05535705264657,12.8543217707156,8.97828720954247,12.9123732024791,8.88012423500625,12.9649762936387,8.7904808265568,13.0218942396286,8.70495597735678
294.833333333333,12.3542174328106,9.34402856641641,12.4461323371961,9.29918969734985,12.5368870285407,9.24697209115575,12.6274018688159,9.19113118097858,12.7159351393474,9.13093018444678,12.7972139268984,9.05809524068632,12.8545673121231,8.98088307339708,12.9122299020143,8.88242596964973,12.9639026185345,8.79179082785384,13.0202531196174,8.70606977298551
295,12.3522933881989,9.34425864881708,12.4445504241318,9.29960992705775,12.5355075578859,9.24795234751943,12.6267570239769,9.19255923906979,12.7154106477827,9.13306215882046,12.7971660754811,9.06081312786911,12.8548214218704,8.9834399225716,12.912097239512,8.88470920618968,12.9628704645235,8.79309728092028,13.0186671969858,8.70720006696044
295.166666666667,12.3503694783965,9.34449046551643,12.4429670753691,9.30002070682115,12.53413590856,9.24892398596067,12.6261207555552,9.19396399628205,12.714888743458,9.13514896385551,12.7971181998948,9.06350194387287,12.8550798178784,8.98594888670675,12.9119755624402,8.88696655358235,12.9618803609022,8.79440113161798,13.0171324998881,8.70833886658444
295.333333333333,12.3484454631472,9.34472478309495,12.4413815804558,9.30042348160301,12.5327713210194,9.24988578630548,12.6254888605903,9.19534344544693,12.7143700072642,9.13718452386159,12.7970690761788,9.06615291837558,12.8553382180681,8.98840109544325,12.9118652182667,8.88919062078398,12.9609328369671,8.79570332580879,13.0156450564782,8.70947817916034
295.5,12.3465211021944,9.34496236813318,12.4397932289396,9.30081969636629,12.5314130357205,9.25083652837986,12.6248571361212,9.19669557939595,12.7138550200925,9.13916276314837,12.7970174803725,9.06875728105517,12.8555923403605,8.99078767842182,12.9117665544594,8.89137401675081,12.9600284220149,8.79700480935456,13.0142008949104,8.71061001199101
295.666666666667,12.3445961552819,9.3452039872116,12.4382013103682,9.30121079607396,12.5300602931197,9.25177499200982,12.6242213791873,9.19801839096066,12.7133443628339,9.14107760602551,12.7969621885153,9.07130626158961,12.8558379026766,8.99309976528317,12.9116799184861,8.89350935043908,12.9591676453419,8.79830652811714,13.0127960433389,8.71172637237929
295.833333333333,12.3426703821531,9.34545040691075,12.4366051142894,9.30159822568897,12.5287123336733,9.25269995702134,12.6235773868276,9.19930987297261,12.7128386163797,9.14292297680266,12.7969019766464,9.07379108965684,12.8560706229375,8.99532848566804,12.9116056578148,8.89558923080504,12.9583510362447,8.7996094279584,13.0114265299177,8.71281926762804
296,12.3407435425517,9.34570239381113,12.435003930251,9.30198343017429,12.5273683978376,9.25361020324045,12.6229209560815,9.20056801826333,12.7123383616208,9.1446927997895,12.7968356208054,9.07620299493482,12.856286219064,8.99746496921713,12.9115441199134,8.89760626680494,12.9575791240198,8.80091445474017,13.0100883828011,8.7138807050401
296.166666666667,12.3388153962213,9.34596071449324,12.4333970478007,9.30236785449287,12.5260277260692,9.25450451049313,12.6222478839881,9.20179081966438,12.7118441794485,9.14638099929568,12.7967618970315,9.0785332071015,12.8564804089772,8.99950034557116,12.9114956522496,8.89955306739501,12.9568524379637,8.80222255432431,13.0087776301432,8.71490269191833
296.333333333333,12.3368857029055,9.34622613553761,12.4317837564863,9.30275294360768,12.5246895588242,9.25538165860538,12.6215539675867,9.20297627000729,12.7113566507537,9.14798149963087,12.7966795813642,9.08077295583483,12.8566489105981,9.00142574437086,12.9114606022915,8.9014222415315,12.9561715073731,8.80353467257267,13.0074903000981,8.71587723556559
296.5,12.3349542223478,9.34649942352473,12.4301633458555,9.30314014248169,12.5233531365591,9.25624042740322,12.6208350039164,9.2041223621236,12.7108763564277,9.14948822510473,12.7965874498428,9.08291347081276,12.8567874418477,9.00323229525694,12.9114393175068,8.90320639817066,12.9555368615442,8.80485175534711,13.00622242082,8.71679634328471
296.666666666667,12.333020714292,9.34678134503513,12.428535105456,9.30353089607784,12.5220176997303,9.25707959671264,12.6200867900166,9.20522708884487,12.7104038773614,9.15089510002692,12.7964842785067,9.08494598171325,12.856891720647,9.00491112787012,12.9114321453635,8.90489814626872,12.9549490297738,8.80617474850947,13.0049700204631,8.71765202237857
296.833333333333,12.3310651487187,9.34707492935691,12.4268874087835,9.3039223360153,12.5206777360817,9.25790816470042,12.6193155827163,9.2062976615064,12.7099411881737,9.15221548609539,12.796356847288,9.08689331518162,12.8569730387544,9.00647989418509,12.9114837832919,8.90650754490523,12.9543828643545,8.80750014552553,13.0037436177966,8.71844982808007
297,12.3290719985906,9.34738184652656,12.4252119050024,9.30431056702578,12.5193297590775,9.2587350037277,12.6185312408694,9.20734329281502,12.7094890776962,9.15347056334987,12.7961948670485,9.08878623313955,12.8570461547622,9.00796710743259,12.91163237909,8.90805337819475,12.9538150748274,8.8088240501673,13.0025547408915,8.71920426611448
297.166666666667,12.3270477781239,9.3477008242472,12.4235127971642,9.30469549374109,12.5179760477546,9.25955870491206,12.6177349645524,9.20836497765957,12.7090463481392,9.15466598361273,12.7960015102216,9.09062786817946,12.857111986842,9.00938018913741,12.9118684557773,8.90954134264611,12.9532489763619,8.81014682375596,13.0014009318541,8.71992076952309
297.333333333333,12.3249990015346,9.34803059022193,12.4217942883203,9.30507702079301,12.5166188811497,9.26037785937107,12.6169279538414,9.20936371092886,12.7086118017134,9.15580739870629,12.7957799492411,9.09242135289381,12.8571714531655,9.01072656082433,12.9121825363732,8.9109771347681,12.9526878841271,8.81146882761269,13.000279732791,8.72060477134723
297.5,12.322932183039,9.34836987215383,12.4200605815218,9.30545505281335,12.5152605382995,9.26119105822231,12.6161114088129,9.21034048751173,12.7081842406293,9.15690046045293,12.7955333565406,9.09416981987505,12.8572254719044,9.01201364401815,12.9125651438974,8.91236645106954,12.9521351132923,8.81279042305866,12.9991886858086,8.72126170462822
297.666666666667,12.3208538368533,9.34871739774603,12.4183158798203,9.3058294944339,12.5139032982408,9.26199689258336,12.6152865295432,9.21129630229699,12.7077624670973,9.15795082067499,12.7952649045536,9.09587640171562,12.8572749612305,9.01324886024365,12.9130068013693,8.91371498805924,12.9515939790267,8.81411197141508,12.9981253330134,8.72189700240736
297.833333333333,12.3187704771935,9.34907189470161,12.4165643862669,9.30620025028644,12.5125494400104,9.26279395357178,12.6144545161086,9.21223215017348,12.707345283328,9.15896413119483,12.7949777657139,9.09754423100796,12.8573208393153,9.01443963102563,12.9134980318083,8.91502844224602,12.9510677964997,8.81543383400311,12.9970872165118,8.72251609772598
298,12.316688618276,9.34943209072368,12.4148103039131,9.30656722500279,12.5112012426451,9.26358083230515,12.6136165685854,9.21314902603003,12.7069314915318,9.1599460438348,12.7946751124549,9.09917644034454,12.8573640243305,9.01559337788887,12.9140293582341,8.91631251013867,12.9505598808804,8.81675637214395,12.9960718784104,8.72312442362539
298.166666666667,12.3146147743168,9.34979671351534,12.4130578358102,9.30693032321473,12.5098609851815,9.26435611990105,12.61277388705,9.21404792475546,12.7065198939193,9.16090221041724,12.7943601172103,9.10077616231778,12.857405434448,9.01671752235817,12.9145913036659,8.91757288824601,12.950073547338,8.81807994715877,12.9950768608157,8.7237274131469
298.333333333333,12.3125554595322,9.3501644907797,12.4113111850095,9.30728944955407,12.5085309466565,9.26511840747705,12.6119276715786,9.21492984123859,12.7061092927009,9.16183828276451,12.7940359524138,9.10234652952013,12.8574459878392,9.01781948595832,12.9151743911235,8.91881527307686,12.9496121110419,8.81940492036875,12.994099705834,8.72433049933183
298.5,12.3105171881382,9.35053415021985,12.4095745545624,9.30764450865258,12.5072134061068,9.26586628615072,12.6110791222477,9.21579577036826,12.7056984900872,9.16275991269896,12.7937057904989,9.10389067454405,12.857486602676,9.01890669021411,12.9157691436261,8.92004536114001,12.9491788871612,8.82073165309509,12.9931379555719,8.72493911522151
298.666666666667,12.3085064743512,9.3509044195389,12.4078521475202,9.30799540514208,12.5059106425692,9.26659834703964,12.6102294391335,9.21664670703329,12.7052862882887,9.16367275204295,12.7933728038992,9.10541172998198,12.8575281971299,9.01998655665032,12.9163660841935,8.92126884894429,12.9487771908652,8.82206050665896,12.9921891521358,8.72555869385723
298.833333333333,12.3065298323872,9.35127402643994,12.4061481669343,9.30834204365436,12.5046249350805,9.26731318126138,12.6093798223124,9.2174836461225,12.7048714895158,9.16458245261883,12.7930401650484,9.10691282842637,12.8575716893728,9.02106650679175,12.9169557358449,8.92249143299849,12.9484103373231,8.82339184238155,12.9912508376322,8.72619466828032
299,12.3045937764624,9.35164169862608,12.4044668158559,9.3086843288212,12.5033585626774,9.26800937993352,12.6085314718607,9.21830758252473,12.7044528959791,9.16549466624894,12.7927110463802,9.10839710246965,12.8576179975762,9.02215396216318,12.9175286216,8.92371880981144,12.9480816417042,8.82472602158404,12.9903205541675,8.7268524715321
299.166666666667,12.302704820793,9.35200616380043,12.4028122973364,9.30902216527442,12.5021138043966,9.26868553417362,12.6076855878548,9.2191195111288,12.7040293098891,9.16641504475564,12.792388620328,9.10986768470429,12.8576680399119,9.02325634428941,12.9180752644782,8.92495667589194,12.9477944191777,8.82606340558761,12.9893958438484,8.72753753665387
299.333333333333,12.3008694795952,9.35236614966608,12.4011888144272,9.3093554576458,12.500892939275,9.26934023509927,12.6068433703709,9.21992042682353,12.7035995334563,9.16734923996129,12.7920760593255,9.11132770772272,12.8577227345515,9.02438107469523,12.9185861874989,8.9262107277488,12.9475519849129,8.82740435571345,12.9884742487811,8.72825529668696
299.5,12.2990942670851,9.35272038392612,12.3996005701796,9.30968411056713,12.4996982463493,9.26997207382804,12.6060060194854,9.22071132449776,12.7031623688911,9.16830290368822,12.7917765358064,9.11278030411739,12.8577829996667,9.02553557490543,12.9190519136818,8.92748666189083,12.947357654079,8.82874923328274,12.9875533110722,8.72901118467268
299.666666666667,12.2973856974789,9.35306759428368,12.3980517676449,9.31000802867022,12.4985320046563,9.2705796414775,12.6051747352746,9.2214931990403,12.7027166184041,9.1692816877588,12.7914932222042,9.11422860648074,12.8578497534292,9.02672726644479,12.9194629660463,8.92879017482685,12.9472147418453,8.83009839961665,12.9866305728282,8.72981063365234
299.833333333333,12.2957502849928,9.35340650844184,12.3965466098745,9.31032711658686,12.4973964932327,9.27116152916523,12.6043507178149,9.22226704534,12.7022610842058,9.17029124399539,12.7912292909526,9.11567574740523,12.8579239140107,9.02796357083811,12.9198098676119,8.93012696306565,12.9471265633809,8.83145221603638,12.9857035761556,8.73065907666727
300,12.294194543843,9.35373585410371,12.3950892999197,9.31064127894885,12.4962939911153,9.2717163280088,12.6035351671825,9.22303385828566,12.7017945685067,9.17133722422032,12.7909879144852,9.1171248594833,12.8580063995829,9.02925190961017,12.920083141398,8.93150272311606,12.9470964338552,8.83281104386311,12.9847698631607,8.73156194675878
300.166666666667,12.2927098313704,9.35405427722749,12.3936730175898,9.31094355698931,12.4952287402409,9.27224473244564,12.6027383698644,9.22378305717651,12.7013284941498,9.17241851251347,12.7907680179844,9.11856336622608,12.8581135417337,9.03056751329396,12.9203044768813,8.93288989627879,12.9471236405174,8.83415819913355,12.9838000855624,8.73252667122568
300.333333333333,12.2912799283285,9.3543622582073,12.3922867287192,9.31122867208448,12.4942007990165,9.27274980413186,12.6019670081765,9.22450543428858,12.7008732127988,9.1735275269724,12.7905648306466,9.11997789842605,12.8582579755394,9.03188216094317,12.9205036260814,8.93426000447083,12.9472027189454,8.83548009345058,12.9827739047055,8.73355519485815
300.5,12.2898999840525,9.35466127640015,12.3909283153971,9.31149904908077,12.4932061711839,9.27323368501307,12.6012168759391,9.22520404397599,12.7004259198944,9.17466022044599,12.790375980926,9.12137039959765,12.8584350744044,9.03319809686371,12.9206832058323,8.9356173651254,12.9473298568012,8.8367817314846,12.9817023771355,8.7346447269345
300.666666666667,12.2885651478774,9.35495281116304,12.3895956597129,9.31175711282459,12.4922408604849,9.27369851703486,12.6004837669723,9.22588194059283,12.6999838108778,9.17581254578309,12.7901990972772,9.12274281325532,12.858640211733,9.03451756536147,12.9208458329682,8.93696629567572,12.9475012417469,8.83806811790604,12.9805965593979,8.73579247673303
300.833333333333,12.2872705691382,9.35523834185297,12.3882866437556,9.31200528816236,12.4913008706615,9.27414644214283,12.5997634750963,9.22654217849323,12.6995440811899,9.17698045583258,12.7900318081544,9.12409708291349,12.8588687609294,9.03584281074236,12.9209941243231,8.93831111355501,12.9477130614446,8.83934425738533,12.9794675080381,8.73699565353206
301,12.28601139717,9.35551934782696,12.3869991496146,9.3122459999405,12.4903822054556,9.2745796022826,12.5990517941313,9.22718781203127,12.6991039262717,9.17815990344333,12.789871742012,9.12543515208662,12.859116095398,9.03717607731229,12.9211306967312,8.93965613619649,12.9479615035562,8.84061515459288,12.9783262796017,8.73825146660991
301.166666666667,12.2847827813079,9.35579730844201,12.385731059379,9.31248167300543,12.4894808686088,9.27500013939976,12.5983445178975,9.22782189556107,12.6986605415641,9.17934684146421,12.7897165273043,9.12675896428914,12.8593775885432,9.03851960937714,12.9212581670264,8.94100568103337,12.948242755744,8.8418858141991,12.9771839306342,8.73955712524488
301.333333333333,12.283579870887,9.35607370305512,12.3844802551381,9.31271473220355,12.4885928638632,9.27541019543992,12.5976374402151,9.22844748343672,12.6982111225082,9.1805372227441,12.7895637924858,9.1280704630355,12.8596486137691,9.03987565124282,12.9213791520428,8.94236406549888,12.9485530056699,8.84316124087442,12.976051517681,8.74090983871529
301.5,12.2823978152423,9.35635001102329,12.3832446189812,9.3129476023813,12.4877141949605,9.27581191234866,12.5969263549042,9.22906763001234,12.6977528645449,9.18172700013185,12.7894111660108,9.12937159184013,12.8599245444802,9.04124644721523,12.9214962686147,8.94373560702624,12.9488884409959,8.84444643928927,12.9749400972877,8.74230681629945
301.666666666667,12.2812317637089,9.35662771170353,12.3820220329974,9.31318270838508,12.4868408656427,9.2762074320716,12.5962070557851,9.22968538964202,12.6972829631152,9.18291212647634,12.7892562763336,9.13066429421747,12.8602007540808,9.04263424160027,12.9216121335759,8.94512462304866,12.9492452493843,8.84574641411405,12.9738607259997,8.74374526727568
301.833333333333,12.2800768656218,9.35690828445285,12.3808103792759,9.31342247506131,12.4859688796516,9.27659889655435,12.5954753366778,9.23030381667988,12.6967986136601,9.18408855462645,12.7890967519087,9.13195051368198,12.8604726159751,9.04404127870385,12.9217293637607,8.94653543099936,12.9496196184969,8.84706617001919,12.9728244603625,8.74522240092228
302,12.2789282703161,9.35719320862825,12.3796075399061,9.31366932725641,12.485094240729,9.27698844774249,12.5947269914027,9.23092596548002,12.6962970116205,9.18525223743103,12.7889302211904,9.13323219374808,12.8607355035675,9.04546980283185,12.921850576003,8.94797234831156,12.9500077359959,8.8484107116751,12.9718423569217,8.74673542651758
302.166666666667,12.277781127127,9.35748396358674,12.378411396977,9.3139256898168,12.4842129526169,9.27737822758163,12.5939578137798,9.23155489039653,12.6957753524375,9.18639912773897,12.788754312633,9.13451127793023,12.8609847902622,9.04692205829018,12.921978387137,8.94943969241849,12.9504057895434,8.84978504375221,12.9709254722227,8.74828155333987
302.333333333333,12.2766305853893,9.35778202868531,12.3772198325781,9.31419398758889,12.483321019057,9.27777037801738,12.5931635976293,9.23219364578354,12.6952308315521,9.18752517839912,12.7885666546909,9.13578970974286,12.8612158494637,9.04840028938474,12.9221154139968,8.95094178075335,12.9508099668013,8.85119417092094,12.970084862811,8.74985799066748
302.5,12.2754717944383,9.35808888328098,12.3760307287983,9.3144766454191,12.4824144437913,9.27816704099533,12.5923401367715,9.23284528599513,12.6946606444051,9.18862634226037,12.7883648758185,9.13706943270041,12.8614240545762,9.04990674042144,12.9222642734164,8.95248293074937,12.9512164554318,8.8526430978517,12.9693315852321,8.75146194777872
302.666666666667,12.274299903609,9.35840600673074,12.3748419677271,9.31477608815384,12.4814892305615,9.27857035846109,12.5914832250265,9.23351286538542,12.6940619864376,9.18969857217158,12.7881466044701,9.13835239031732,12.861604779004,9.05144365570617,12.9224275822299,8.95406745983977,12.9516214430969,8.85413682921492,12.9686766960316,8.7530906339519
302.833333333333,12.2731100622363,9.35873487839162,12.3736514314537,9.31509474063954,12.4805413831096,9.27898247236026,12.5905886562145,9.2341994383085,12.6934320530906,9.19073782098162,12.7879094691002,9.13964052610804,12.8617533961515,9.05301327954483,12.9226079572714,8.95569968545777,12.9520211174587,8.85568036968101,12.9681312517548,8.75474125846534
303,12.2718974196555,9.35907697762059,12.3724570020671,9.3154350277226,12.4795669051775,9.27940552463844,12.5896522241557,9.2349080591185,12.6927680398051,9.19174004153937,12.787651098163,9.14093578358701,12.8618652794229,9.05461785624332,12.922808015375,8.95738392503659,12.9524116661792,8.8572787239204,12.9677063089473,8.75641103059734
303.166666666667,12.2706571252016,9.35943378377468,12.3712565616568,9.31579937424945,12.4785618005069,9.27984165724123,12.5886697226703,9.2356417821695,12.692067142022,9.19270118669369,12.7873691201129,9.14224010626867,12.8619358022226,9.05625963010755,12.9230303733747,8.95912449600944,12.9527892769205,8.85893689660349,12.9674129241546,8.75809715962622
303.333333333333,12.2693843282096,9.35980677621089,12.3700479923118,9.31619020506651,12.4775220728397,9.28029301211424,12.5876369455784,9.23640366181561,12.6913265551823,9.19361720929344,12.7870611634044,9.14355543766747,12.8619603379549,9.0579408454434,12.9232776481047,8.96092571580954,12.9531501373447,8.86065989240073,12.9672621539222,8.7597968548303
303.5,12.2680905235858,9.36019253899855,12.36884343576,9.31663038078709,12.4764566968795,9.28076075132111,12.586524627864,9.23722753741724,12.6905036341847,9.19450323573068,12.7866867239081,9.14488427101409,12.8619569557104,9.05968804878352,12.9236154128143,8.9628203682922,12.9535001148629,8.86248850659916,12.9671880223762,8.76153738330058
303.666666666667,12.2667905285261,9.36058717894498,12.3676549797467,9.31713733554287,12.4753771565321,9.28124328730707,12.5853119091308,9.23813692291528,12.6895638809924,9.19537681196485,12.7862119871674,9.14622625606999,12.8619469820524,9.06152080860651,12.9240959548907,8.96483166949931,12.953848584775,8.86445169888728,12.9671172168945,8.76334522651202
303.833333333333,12.2654844757996,9.36099145951412,12.3664804253877,9.31770535445785,12.474283219343,9.28173863759008,12.5840071901279,9.23911938453464,12.6885167116427,9.19623752019598,12.7856446161457,9.14757907114568,12.8619306765938,9.06343090213724,12.9247019623743,8.96694958514395,12.9541969965759,8.86653672053766,12.9670497889001,8.76521641531886
304,12.2641724981756,9.36140614416993,12.3653175737991,9.31832872265599,12.4731746528573,9.28224481968811,12.5826188716049,9.24016248850022,12.6873715421733,9.19708494262409,12.7849922738063,9.1489403945517,12.8619082989477,9.06541010660059,12.9254161233056,8.96916408093921,12.9545467997607,8.86873082282285,12.9669857898161,8.76714698057532
304.166666666667,12.2628547284236,9.36183199637638,12.3641642260964,9.31900172526127,12.4720512246204,9.28275985111911,12.5811553543111,9.24125380103689,12.6861377886215,9.1979186614492,12.7842626231124,9.15030790459858,12.8618801087271,9.06745019922142,12.9262211257253,8.9714651225982,12.9548994438242,8.87102125701539,12.9669252710656,8.76913295313565
304.333333333333,12.2615312993127,9.36226977959742,12.3630181833957,9.31971864739767,12.4709127021778,9.28328174940105,12.5796250389958,9.24238088836957,12.6848248670248,9.19873825887134,12.7834633270275,9.15167927959685,12.8618463655449,9.06954295722462,12.9270996576737,8.97384267583402,12.9552563782616,8.87339527438785,12.9668682840716,8.77117036385407
304.5,12.2602023436123,9.362720257297,12.3618772468128,9.32047377418917,12.4697588530746,9.28380853205189,12.5780363264084,9.24353131672313,12.6834421934209,9.19954331709052,12.7826020485148,9.15305219785704,12.8618073290143,9.07168015783505,12.9280344071914,8.97628670635974,12.9556190525677,8.87584012621278,12.9668148802572,8.77325524358481
304.666666666667,12.2588679940916,9.36318419293907,12.3607392174634,9.32126139075974,12.4685894448563,9.28433821658959,12.5763976172984,9.24469265232248,12.681999183847,9.20033341830677,12.7816864505377,9.15442433768968,12.8617632587481,9.07385357827758,12.9290080623189,8.97878717988846,12.9559889162376,8.87834306376275,12.9667651110454,8.7753836231821
304.833333333333,12.2575283835201,9.36366234998761,12.3596018964635,9.32207578223335,12.4674042450682,9.28486882053212,12.574717312415,9.2458524613925,12.6805052543408,9.2011081447201,12.7807241960595,9.1557933774053,12.8617144143595,9.07605499577709,12.9300033110968,8.98133406213329,12.9563674187662,8.88089133831029,12.9667190278594,8.77755153350019
305,12.2561836446668,9.36415549190656,12.3584630849289,9.32291123373399,12.4662030212556,9.28539836139744,12.5730038125077,9.2469983101581,12.6789698209398,9.20186707853054,12.7797229480434,9.15715699531443,12.8616610554614,9.07827618755846,12.9310028415654,8.98391731880732,12.9567560096486,8.88347220112797,12.9666766821221,8.77975500539329
305.166666666667,12.2548339103012,9.36466438215988,12.3573205839755,9.32376203038564,12.4649855409639,9.2859248567035,12.5712655183259,9.24811776484416,12.6774022996813,9.20260980193811,12.7786903694529,9.1585128697276,12.8616034416669,9.08050893084655,12.9319893417654,8.98652691562363,12.9571561383796,8.88607290348835,12.9666381252567,8.78199006971564
305.333333333333,12.2534793131926,9.36518978421152,12.356172194719,9.32462245731226,12.4637515717384,9.28644632396827,12.5695108306188,9.24919839167558,12.675812106603,9.20333589714284,12.7776341232512,9.15985867895535,12.8615418325889,9.08274500286624,12.9329454997373,8.98915281829533,12.9575692544544,8.88868069666397,12.9666034086863,8.78425275732148
305.5,12.2521199861102,9.36573246152545,12.3550157182753,9.32548679963784,12.4625008811244,9.28696078070971,12.5677481501359,9.25022775687725,12.6742086577422,9.20404494634473,12.7765618724017,9.1611921013082,12.8614764878405,9.08497618084239,12.9338540035216,8.9917849925355,12.9579968073677,8.8912828319274,12.9665725838338,8.78653909906503
305.666666666667,12.2507560618233,9.36629317756562,12.3538489557603,9.32634934248635,12.4612332366673,9.28746624444579,12.5659858776266,9.25119342667407,12.6726013691365,9.20473653174382,12.7754812798677,9.16251081509668,12.8614076670346,9.08719424199989,12.9346975411587,8.99441340405725,12.9584402466148,8.89386656055119,12.9665457021224,8.78884512580053
305.833333333333,12.2493876731013,9.36687269579598,12.3526697082899,9.32720437098177,12.4599484059124,9.28796073269447,12.5642324138402,9.25208296729092,12.6709996568234,9.20541023554012,12.7744000086124,9.16381249863132,12.8613356297844,9.08939096356361,12.9354588006892,8.99702801857366,12.9589010216904,8.8964191338079,12.9665228149751,8.79116686838221
306,12.2480149527134,9.36747177968049,12.3514757769798,9.32804617024807,12.458646156405,9.2884422629737,12.5624961595261,9.25288394495271,12.6694129368404,9.20606563993365,12.7733257215993,9.16509483022266,12.8612606357028,9.09155812275842,12.9361204701536,8.99961880179783,12.9593805820897,8.89892780297007,12.9665039738149,8.79350035766429
306.166666666667,12.246638033429,9.36809119268311,12.3502649629459,9.32886902540924,12.4573262556906,9.28890885280145,12.5607855154336,9.25358392588432,12.6678506252249,9.20670232712444,12.7722660817916,9.16635548818122,12.8611829444028,9.09368749680919,12.9366652375925,9.00217571944285,12.9598803773075,8.90137981931028,12.9664892300651,8.79584162450102
306.333333333333,12.2452570480172,9.3687316982678,12.349035067304,9.32966722158924,12.4559884713143,9.28935851969569,12.5591088823123,9.25417047631064,12.6663221380144,9.20731987931252,12.7712287521527,9.16759215081754,12.8611028154974,9.09577086294079,12.9370757910463,9.00468873722183,12.9604018568389,8.90376243410107,12.9664786351485,8.79818669974663
306.5,12.2438721292475,9.36939405989851,12.3477838911701,9.33043504391206,12.4546325708216,9.28978928117437,12.5574746609113,9.25463116245658,12.6648368912465,9.20791787869788,12.7702213956459,9.16880249644214,12.8610205085997,9.0977999983781,12.9373348185555,9.00714782084784,12.9609464701789,8.90606289861499,12.9664722404883,8.80053161425534
306.666666666667,12.2424834098891,9.3700790410392,12.3465092356598,9.33116677750167,12.4532583217578,9.29019915475545,12.5558912519802,9.25495355054703,12.6634043009586,9.20849590748057,12.7692516752345,9.16998420336556,12.8609362833227,9.09976668034599,12.9374250081607,9.00954293603399,12.9615156668224,8.90826846412461,12.9664700975076,8.80287239888138
306.833333333333,12.2410788398483,9.37082191655868,12.3452064308577,9.33187196654129,12.451859416419,9.29058983079457,12.554348129392,9.25519042127871,12.6620090393119,9.20905705811449,12.7683135729609,9.17114203028984,12.8608441028744,9.10168289829459,12.9374185103547,9.01189208803046,12.9621469409346,8.91038295977104,12.9666159239421,8.80522513314452
307,12.2396487139197,9.37165175471653,12.3438741735936,9.33256500042115,12.4504305667934,9.29096534036004,12.5528269477189,9.2554043102833,12.6606277714685,9.20960497954539,12.7673931113355,9.17228284565966,12.8607374941667,9.10356816251114,12.9373992711708,9.01422150474378,12.9628703798509,8.91242503208492,12.9670375162014,8.80760760680579
307.166666666667,12.2381966822048,9.37256000906281,12.3425153151018,9.33324743207577,12.448973069964,9.29132721203887,12.5513243787589,9.25559741618813,12.6592579029675,9.21014008871106,12.7664860140234,9.17340749239949,12.860616062368,9.10542553147618,12.9373676719604,9.01653348587161,12.9636763228218,8.9144041584231,12.9677110437195,8.81001841608139
307.333333333333,12.2367263948049,9.3735381331476,12.3411327066165,9.33392081443966,12.4474882230141,9.29167697441804,12.5498370943098,9.25577193762054,12.6578968393479,9.21066280254929,12.7655880046895,9.17451681343381,12.8604794126465,9.10725806367025,12.9373240940746,9.01883033111157,12.9645551090979,8.91632981614243,12.9686126759302,8.8124561571875
307.5,12.2352415018215,9.37457758052097,12.339729199372,9.33458670044732,12.4459773230268,9.29201615608457,12.5483617661697,9.25593007320786,12.6565419861486,9.21117353799786,12.764694806999,9.17561165168708,12.8603271501707,9.10906881757391,12.9372689188647,9.02111434016133,12.9654970779295,8.91821148259976,12.9697185822673,8.81491942634032
307.666666666667,12.2337456533562,9.37566980473299,12.3383076446024,9.33524664303328,12.4444416670855,9.29234628562545,12.5468950661363,9.25607402157741,12.6551907489089,9.21167271199457,12.7638021446169,9.1766928500838,12.8601588801089,9.11086085166768,12.9372025276819,9.02338781271853,12.9664925685671,8.92005863515192,12.9710049321647,8.81740681975602
307.833333333333,12.2322424995103,9.37680625933372,12.336870893542,9.33590219513205,12.4428825522732,9.29266889162769,12.5454336660077,9.25620598135652,12.6538405331676,9.2121607414772,12.7629057412083,9.17776125154842,12.8599742076296,9.11263722443212,12.9371253018775,9.0256530484808,12.9675319202613,8.92188075115577,12.9724478950562,8.81991693365079
308,12.2307356903853,9.37797839787324,12.3354217974251,9.33655490967814,12.4413012756732,9.29298550267829,12.5439742375817,9.25632815117253,12.6524887444638,9.21263804338355,12.7620013204383,9.17881769900543,12.859772737901,9.11440099434777,12.9370376228027,9.02791234714579,12.9686054722625,8.92368730796815,12.9740236403758,8.82244836424081
308.166666666667,12.2292288760828,9.37917767390162,12.3339632074858,9.33720633960605,12.4396991343686,9.29329764736424,12.5425134526562,9.25644272965277,12.6511327883366,9.21310503465139,12.7610846059718,9.1798630353793,12.8595540760916,9.11615521989517,12.9369398718088,9.03016800841116,12.9697035638212,8.92548778294592,12.9757083375572,8.82499970774229
308.333333333333,12.2277257067041,9.38039554096894,12.3324979749584,9.33785803785032,12.4380774254428,9.29360685427254,12.5410479830293,9.25655191542456,12.6497700703249,9.21356213221852,12.7601513214741,9.1808981035945,12.8593178273697,9.11790295955488,12.936832430247,9.03242233197453,12.9708165341878,8.92729165344591,12.9774781560343,8.8275695603714
308.5,12.2262298323507,9.38162345262525,12.3310289510771,9.33851155734543,12.4364374459788,9.29391465199021,12.5395745004987,9.25665790711523,12.6483979959678,9.21400975302273,12.75919719061,9.18192374657551,12.8590635969037,9.11964727180741,12.9367156794686,9.03467761753356,12.9719347226129,8.92910839682497,12.979309265241,8.83015651834433
308.666666666667,12.2247449031241,9.38285286242064,12.3295589870762,9.33916845102592,12.4347804930598,9.29422256910424,12.5380896768624,9.25676290335213,12.6470139708043,9.2144483140018,12.7582179370447,9.1829408072468,12.858790989862,9.12139121513333,12.9365900008247,9.03693616478588,12.9730484683469,8.93094749043995,12.9811778346111,8.83275917787726
308.833333333333,12.2232745691257,9.38407522390517,12.3280909341899,9.33983027182629,12.4331078637692,9.29453213420163,12.5365901839184,9.25686910276256,12.6456154003735,9.21487823209352,12.7572092844433,9.18395012853285,12.858499611413,9.12313784801317,12.9364557756667,9.03920027342916,12.9741481106402,8.9328184116477,12.9830600335786,8.83537613518639
309,12.221822480457,9.38528199062891,12.3266276436524,9.34049857268106,12.4314208551899,9.29484487586938,12.5350726934645,9.25697870397387,12.6441996902144,9.21529992423568,12.7561669564708,9.18495255335813,12.8581890667249,9.12489022892748,12.9363133853458,9.04147224316102,12.9752239887434,8.93473063780506,12.9849320315771,8.83800598648789
309.166666666667,12.2203922872195,9.38646461614194,12.3251719666979,9.34117490652473,12.4297207644054,9.29516232269449,12.5335338772987,9.25709390561339,12.642764245866,9.21571380736608,12.7550866767923,9.18594892464711,12.8578589609663,9.1266514163568,12.9361632112132,9.04375437367911,12.976266441907,8.93669364626888,12.9867699980407,8.84064732799797
309.333333333333,12.2189876395147,9.38761455399433,12.3237267545607,9.34186082629182,12.4280088884987,9.29548600326396,12.5319704072189,9.25721690630844,12.6413064728673,9.21612029842249,12.7539641690728,9.18694008532427,12.8575088993054,9.12842446878168,12.9360056346201,9.04604896468108,12.9772658093813,8.93871691439601,12.9885501024031,8.84329875593279
309.5,12.2176121874439,9.38872325773614,12.3222948584751,9.34255788491685,12.426286524553,9.2958174461648,12.530378955023,9.25734990468636,12.6398237767573,9.2165198143427,12.7527951569775,9.18792687831409,12.8571384869107,9.13021244468266,12.9358410369179,9.04835831586457,12.978212430417,8.94080991954329,12.9902485140982,8.84595886650856
309.666666666667,12.2162695811087,9.38978218091745,12.3208791296751,9.34326763533432,12.4245549696516,9.296158179984,12.5287561925089,9.25749509937447,12.6383135630752,9.21691277206451,12.7515753641712,9.18891014654104,12.8567473289505,9.13201840254028,12.9356697994577,9.05068472692723,12.9790966442644,8.94298213906756,12.9918414025599,8.84862625594144
309.833333333333,12.2149634706105,9.39078277708833,12.3194824193952,9.34399163047875,12.4228155208777,9.29650973330857,12.5270987914745,9.25765468900011,12.6367732373599,9.2172995885257,12.7503005143192,9.18989073292959,12.8563350305932,9.13384540083508,12.9354923035908,9.0530304975667,12.9799087901741,8.94524305032568,12.993304937222,8.85129952044764
310,12.2136975060508,9.39171649979884,12.3181075788694,9.34473142328465,12.4210694753144,9.2968736347255,12.5254034237178,9.2578308721906,12.6352002051504,9.21768068066407,12.7489663310865,9.19086948040421,12.8559011970072,9.13569649804761,12.9353089306685,9.05539792748061,12.9806392073965,8.9476021306745,12.9946152875184,8.85397725624334
310.166666666667,12.2124692775621,9.39259313738771,12.316752449278,9.34549293582005,12.4192970591849,9.29724300536427,12.5236591598791,9.2580189728243,12.6335915731373,9.21804599188606,12.7475355677319,9.19186405967234,12.8553201722269,9.13761921015827,12.9350790050646,9.05780554777606,12.9813362370993,8.95009073845563,12.9958271717371,8.85664939836941
310.333333333333,12.2112720400729,9.39343117878749,12.3154118783058,9.34627916026306,12.4174808356327,9.29761068731738,12.5218607655659,9.25821302736437,12.6319475975096,9.21838734029232,12.7459800097977,9.19288749867256,12.8544798861324,9.13964745684174,12.9347646092554,9.0602653157975,12.9820508188273,8.95272505856033,12.9970126542415,8.85930980921352
310.5,12.210102940879,9.39423512843904,12.3140842269447,9.34708725471339,12.4156256071213,9.29797779061639,12.5200134550266,9.25841330331534,12.6302704080544,9.2187079548619,12.7443089293743,9.1939336761761,12.8534003226606,9.14176390212,12.9343702617454,9.06276967059872,12.9827771893964,8.95549180816984,12.9981739235782,8.86196297601211
310.666666666667,12.208959127276,9.39500949078324,12.3127678561862,9.34791437727073,12.4137361761141,9.29834542529289,12.5181224425098,9.25862006818176,12.6285621345586,9.21901106457384,12.742531598552,9.19499647095418,12.8521014657483,9.143951210015,12.9339004810391,9.06531105123348,12.9835095856225,8.95837770446543,12.999313168294,8.86461338600159
310.833333333333,12.2078377465596,9.39575877026093,12.311461127022,9.34875768603477,12.4118173450747,9.29871470137842,12.5161929422639,9.25883358946818,12.6268249068092,9.21929989840719,12.7406572894212,9.19606976177803,12.8506032993324,9.14619204454871,12.933359785641,9.06788189675554,12.9842422443215,8.96136946462836,13.0004325769356,8.86726552641839
311,12.2067359460255,9.396487471313,12.3101624004437,9.34961433910519,12.4098739164666,9.29908672890456,12.5142301685376,9.25905413467914,12.6250608545931,9.219577685341,12.7386952740724,9.19714742741888,12.8489258073498,9.1484690697431,12.9327526940556,9.07047464621869,12.9849694023095,8.96445380583988,13.0015343380497,8.86992388449893
311.166666666667,12.2056508729695,9.3972000983803,12.3088700374431,9.35048149458169,12.4079106927533,9.29946261790286,12.5122393355793,9.25928197131917,12.6232721076973,9.21984765435432,12.7366548245958,9.19822334664796,12.8470889737372,9.15076494962014,12.9320837247875,9.07308173867668,12.9856852964022,8.96761744528125,13.002620640183,8.87259294747963
311.333333333333,12.2045796746871,9.39790115590369,12.3075823990117,9.35135631056396,12.4059324763983,9.29984347840491,12.5102256576376,9.25951736689283,12.6214607959088,9.22011303442619,12.7345452130819,9.19929139823648,12.8451127824316,9.15306234820179,12.9313573963411,9.07569561318328,12.9863841634157,8.97084710013374,13.0036936718823,8.87527720259692
311.5,12.2035194984741,9.39859514832403,12.3062978461412,9.35223594515168,12.403944069865,9.30023042044226,12.5081943489609,9.25976058890465,12.6196290490146,9.22037705453566,12.732375711621,9.20034546095568,12.8430172173697,9.15534392951002,12.9305782272211,9.07830870879226,12.9870602401659,8.97412948757859,13.0047556216942,8.87798113708721
311.666666666667,12.2024674916262,9.39928658008219,12.3050147398234,9.35311755644455,12.4019502756171,9.30062455404648,12.5061506237979,9.26001190485918,12.6177789968016,9.22064294366178,12.7301555923035,9.20137941357679,12.8408222624885,9.15759235756679,12.9297507359319,9.0809134645574,12.9877077634688,8.97745132479708,13.0058086781655,8.88070923818693
311.833333333333,12.201420801439,9.39997995561904,12.3037314410498,9.35399830254226,12.3999558961179,9.30102698924913,12.5040996963969,9.26027158226096,12.6159127690568,9.2209139307836,12.7278941272198,9.20238713487102,12.8385479017247,9.15979029639408,12.928879440978,9.08350231953245,12.9883209701402,8.98079932897045,13.0068550298429,8.8834659931325
312,12.2003765752082,9.40067977937543,12.302446310812,9.3548753415445,12.397965733831,9.30143883608178,12.5020467810066,9.26053988861453,12.6140324955671,9.22119324488016,12.7256005884602,9.20336250360961,12.8362141190153,9.16192041001384,12.927968860864,9.08606771277119,12.988894096996,8.98416021727997,13.0078968652731,8.88625588916034
312.166666666667,12.1993319602296,9.40139055579223,12.3011577101019,9.35574583155095,12.3959845912199,9.301861204576,12.4999970918755,9.26081709142444,12.6121403061196,9.22148411493052,12.7232842481152,9.20429939856378,12.833840898297,9.16396536244805,12.9270235140944,9.08860208332739,12.9894213808523,8.98752070690689,13.0089363730029,8.88908341350689
312.333333333333,12.1982841037987,9.4021167893103,12.2998639999109,9.35660693066132,12.3940172707482,9.30229520476334,12.497955843252,9.26110345819523,12.6102383305011,9.22178976991371,12.720954378275,9.20519169850477,12.8314482235068,9.16590781771867,12.9260479191737,9.0910978702548,12.989897058525,8.99086751503248,13.0099757415789,8.89195305340854
312.5,12.1972301532114,9.40286298437051,12.2985635412309,9.35745579697528,12.3920685748792,9.30274194667539,12.4959282493847,9.26139925643144,12.6083286984988,9.2221134388088,12.7186202510302,9.20603328220378,12.8290560785814,9.16773043984767,12.9250465946064,9.09354751260721,12.9903153668299,8.99418735883799,13.0110171595478,8.89486929610174
312.666666666667,12.1961672557632,9.40363364541371,12.2972546950533,9.35828958859254,12.3901433060766,9.30320254034369,12.4939195245221,9.26170475363761,12.6064135398995,9.22245835059482,12.7162911384709,9.20681802843206,12.8266844474577,9.16941589285701,12.9240240588971,9.09594344943838,12.9906705425831,8.99746695550467,13.0120628154565,8.8978366288229
312.833333333333,12.19509255875,9.40443327688077,12.29593582237,9.35910546361277,12.3882462668038,9.30367809579982,12.4919348829128,9.2620202173183,12.6044949844901,9.22282773425082,12.7139763126877,9.20753981596082,12.8243533140726,9.17094684076866,12.9229848305503,9.09827811980207,12.9909568226004,9.0006930222138,13.0131148978515,8.90085953880844
313,12.1940032094672,9.40526638321256,12.2946052841724,9.35990058013567,12.3863822595242,9.30416972307535,12.4899795388052,9.26234591497803,12.6025751620578,9.22322481875586,12.7116850457708,9.20819252356131,12.8220826623629,9.17230594760459,12.9219334280704,9.10054396275206,12.9911684436978,9.00385227614663,13.0141755952797,8.90394251329479
313.166666666667,12.1928963552107,9.40613746884994,12.2932614414524,9.36067209626094,12.3845560867016,9.30467853220184,12.4880587064479,9.26268211412135,12.6006562023894,9.22365283308897,12.7094266098108,9.20877003000473,12.8198924762655,9.17347587738677,12.9208743699621,9.10273341734212,12.9912996426912,9.00693143448442,13.0152470962877,8.90709003951837
313.333333333333,12.1917691432762,9.40705103823376,12.2919026552016,9.36141717008825,12.3827725507992,9.30520563321085,12.4861776000894,9.26302908225281,12.5987402352719,9.22411500622922,12.7072102768978,9.20926621406232,12.8178027397172,9.17443929413715,12.9198121747299,9.10483892262601,12.9913446563966,9.00991721440842,13.0163315894223,8.9103066047156
313.5,12.1906161358182,9.40800642612685,12.290523852134,9.36213293061744,12.381003571329,9.30575861415516,12.4843275700923,9.26340974792945,12.596819853997,9.22468588064312,12.7049987206592,9.20971911508811,12.8157435001325,9.17527976041146,12.9186931661971,9.10690226589006,12.9912419283137,9.01286235754157,13.0174661374832,8.91364445532443
313.666666666667,12.1894364079374,9.40899874755419,12.2891229286159,9.36282074157071,12.379221008202,9.30634316381403,12.4824954615666,9.26384297043213,12.594886570247,9.22542370079757,12.7027512958019,9.21016936971986,12.8136354974131,9.17609210108324,12.9174660098279,9.10896669088969,12.9909446969176,9.01582455758916,13.0186773903573,8.9171411674811
313.833333333333,12.1882338763489,9.4100261773499,12.2877027001167,9.36348411313132,12.3774295744803,9.30695754330875,12.4806797308811,9.26432291335114,12.592940891395,9.2263072486721,12.7004722960359,9.21061475265437,12.8114847542263,9.17687587365121,12.9161387365873,9.11102682138227,12.9904693914876,9.01879795985593,13.0199519172215,8.92077922296951
314,12.1870124577677,9.4110868903481,12.2862659821058,9.36412655548252,12.375633983226,9.30760001376061,12.4788788344051,9.26484374027677,12.5909833248139,9.22731530624627,12.6981660150712,9.21105303858847,12.8092972932397,9.17763063561408,12.9147193774406,9.11307728112519,12.9898324413027,9.02177670964665,13.021276287253,8.92454110357353
314.166666666667,12.1857760689087,9.41217906138292,12.2848155900528,9.36475157880757,12.3738389475013,9.30826883629091,12.4770912285077,9.26539961479928,12.5890143778768,9.22842665549963,12.6958367466179,9.21148200221895,12.8070791371207,9.17835594447055,12.913215963353,9.11511269387583,12.9890502756422,9.02475495226608,13.0226370696288,8.92840929107703
314.333333333333,12.184528626487,9.41330086528847,12.2833543394272,9.36536269328974,12.3720491803682,9.30896227202093,12.475315369558,9.26598470050899,12.5870345579567,9.22962007841173,12.6934887843858,9.21189941824264,12.8048363085368,9.17905135771934,12.9116365252896,9.11712768339157,12.9881393237851,9.02772683301897,13.024020833526,8.93236626726391
314.5,12.1832740472176,9.41445047689887,12.2818850456983,9.36596340911226,12.3702693948889,9.30967858207199,12.4735497139251,9.26659316099615,12.5850443724266,9.23087435696212,12.6911264220851,9.21230306135632,12.8025748301554,9.17971643285916,12.9099890942157,9.1191168734298,12.9871160150105,9.03068649721008,13.0254141481218,8.93639451391803
314.666666666667,12.1820162478155,9.41562607104825,12.2804105243358,9.36655723645841,12.3685043041255,9.31041602756536,12.4717927179782,9.26721915985106,12.5830443286595,9.23216827313034,12.6887539534257,9.21269070625683,12.8003007246441,9.18035072738871,12.9082817010964,9.12107488774791,12.9859967785977,9.03362809014418,13.0268035825931,8.94047651282328
314.833333333333,12.1807591449957,9.41682582257072,12.278933590809,9.36714768551144,12.3667586211401,9.31117286962233,12.4700428380862,9.26785686066401,12.5810349340284,9.23348060889596,12.6863756721176,9.21306012764096,12.7980200146701,9.18095379880672,12.9065223768969,9.12299635010326,12.9847980438257,9.03654575712602,13.0281757061171,8.94459474576354
315,12.1795066554731,9.4180479063004,12.2774570605876,9.3677382664546,12.3650370589949,9.31194736936421,12.4682985306184,9.26850042702528,12.5790166959064,9.23479014623853,12.6839958718708,9.21340910020552,12.7957387229011,9.18152520461189,12.9047191525825,9.12487588425325,12.9835362399737,9.03943364346036,13.0295170878709,8.94873169452268
315.166666666667,12.1782626959628,9.41929049707142,12.2759837491408,9.36833248947116,12.363344330752,9.31273778791229,12.4665582519439,9.26914402252514,12.5769901216665,9.23607566713758,12.6816188463954,9.21373539864734,12.7934628720045,9.18206450230293,12.9028800591182,9.12670811395527,12.9822277963209,9.04228589445196,13.0308142970314,8.95286984088459
315.333333333333,12.1770311831798,9.4205517697179,12.2745164719384,9.36893386474436,12.3616851494735,9.31354238638785,12.4648204584317,9.26978181075389,12.5749557186817,9.23731595357268,12.6792488894014,9.21403679766321,12.7911984846476,9.18257124937856,12.9010131274694,9.12848766296668,12.9808891421463,9.04509665540558,13.0320539027759,8.95699166663315
315.5,12.175816033839,9.42182989907395,12.2730580444496,9.36954590245747,12.3600642282216,9.31435942591219,12.463083606451,9.27040795530182,12.5729139943249,9.23848978752337,12.6768902945987,9.21431107194994,12.7889515834981,9.18304500333747,12.8991263886012,9.13020915504488,12.9795367067291,9.04786007162597,13.0332224742814,8.96107965355223
315.666666666667,12.1746211646556,9.4231230599737,12.2716112821441,9.37017211279375,12.3584862800583,9.31518716760661,12.4613461523709,9.27101661975919,12.5708654559693,9.2395759509692,12.6745473556973,9.21455599620435,12.7867281912233,9.1834853216784,12.8972278734788,9.13186721394725,12.9781869193485,9.0505702884179,13.0343065807249,8.96511628342572
315.833333333333,12.1734504923444,9.42442942725127,12.2701790004912,9.37081600593645,12.3569560180457,9.31602387259239,12.4596065525606,9.2716019677163,12.5688106109878,9.24055322588973,12.6722243664074,9.21476934512324,12.7845343304908,9.18389176190004,12.8953256130674,9.13345646343118,12.9768562092835,9.05322145108613,13.0352927912836,8.96908403803749
316,12.1723079336205,9.42574717574078,12.2687640149605,9.37148109206882,12.3554781552461,9.31686780199084,12.457863263389,9.27215816276344,12.5667499667535,9.24140039426451,12.6699256204387,9.21494889340343,12.7823760239679,9.1842638815011,12.8934276383322,9.13497152725403,12.9755610058134,9.05580770493541,13.0361676751345,8.97296539917143
316.166666666667,12.1711974051989,9.42707448027634,12.2673691410215,9.37217088137413,12.3540574047216,9.31771721692324,12.4561147412254,9.27267936849087,12.5646840306393,9.24209623807308,12.6676554115015,9.21509241574173,12.7802592943221,9.1846012379803,12.8915419802384,9.13640702917321,12.9743177382172,9.0583231952705,13.0369178014547,8.97674284861142
316.333333333333,12.1701228237946,9.42840951569209,12.2659971941436,9.37288888403563,12.3526984795341,9.31857037851088,12.4543594424389,9.2731597484889,12.5626133100184,9.24261953929499,12.6654180333056,9.21519768683493,12.7781901642209,9.18490338883635,12.8896766697511,9.13775759294608,12.9731428357742,9.06076206739616,13.0375297394213,8.98039886814132
316.5,12.1690881061225,9.42975045682213,12.2646509897964,9.37363861023657,12.351406092746,9.31942554787507,12.4525958233985,9.2735934663478,12.5605383122636,9.2429490799098,12.6632177795611,9.21526248137986,12.7761746563318,9.18516989156796,12.8878397378357,9.13901784233004,12.9720527277633,9.06311846661715,13.0379900582114,8.98391593954503
316.666666666667,12.1680971688977,9.4310954785006,12.2633333434493,9.37442357016023,12.3501849574193,9.32028098613709,12.4508223404734,9.27397468565787,12.558459544748,9.24306364189706,12.661058943978,9.21528457407333,12.7742187933222,9.18540030367384,12.8860392154571,9.14018240108247,12.9710638434639,9.06538653823823,13.038285327002,8.98727654460643
316.833333333333,12.1671506662324,9.43245972781008,12.2620388242936,9.37524335591845,12.3490341370368,9.32115176721644,12.4490319489318,9.27431600729412,12.5563595883353,9.2430551384752,12.6589314772693,9.21528120039583,12.7723180959325,9.1856109116263,12.8842316916383,9.1413066983551,12.970136377502,9.06758701469743,13.0384899697293,8.99052570922327
317,12.166243741019,9.43385775431198,12.2607595709092,9.37609445525373,12.3479452563524,9.32205219660811,12.4472209271736,9.2746354133756,12.5542240380595,9.24303031803384,12.6568220754579,9.21527121343145,12.7704612799004,9.18581778736167,12.8823732046516,9.14244460967512,12.9692191778681,9.06974517411693,13.0386871459289,8.99372143711548
317.166666666667,12.165372043143,9.43528683655861,12.2594947528479,9.3769757217953,12.3469118703345,9.32297938279658,12.4453927162651,9.27493513935857,12.5520579225492,9.24299021530935,12.6547301502188,9.21525481428235,12.7686441603887,9.18602016657467,12.8804709593367,9.14358842836307,12.9683116538875,9.07186198032769,13.0388765281768,8.99686567680017
317.333333333333,12.16453122249,9.43674425310232,12.2582435396618,9.37788600917237,12.3459275339517,9.32393043426634,12.443550757273,9.2752174206993,12.5498662704329,9.2429358650381,12.6526551132268,9.21523220405071,12.7668625525605,9.18621728496002,12.8785321605335,9.14473044773947,12.9674132148855,9.07393839716072,13.0390577890493,8.99996037679448
317.5,12.1637169289453,9.43822728249541,12.2570051009028,9.37882417101414,12.3449858021726,9.32490245950187,12.4416984912638,9.27548449285406,12.5476541103393,9.24286830195644,12.6505963761567,9.21520358383867,12.7651122715786,9.18640837821242,12.8765640130816,9.14586296112487,12.9665232701874,9.07597538844697,13.0392306011224,9.00300748561552
317.666666666667,12.1629248123945,9.43973320329022,12.2557786061228,9.37978906094985,12.3440802299657,9.32589256698767,12.4398393593041,9.27573859127912,12.545426470897,9.24278856080074,12.6485533506836,9.21516915474841,12.7633891326061,9.18659268202661,12.8745737218209,9.14697826183979,12.9656412291186,9.07797391801744,13.0393946369723,9.0060089517804
317.833333333333,12.1621505227231,9.44125929403906,12.2545632248738,9.38077953260869,12.3432043722996,9.32689786520821,12.4379768024603,9.27598195143075,12.5431883807344,9.24269767630737,12.6465254484822,9.2151291178821,12.7616889508059,9.18676943209729,12.8725684915909,9.14806864320478,12.9647665010045,9.0799349497031,13.0395495691751,9.00896672380625
318,12.1613897098166,9.44280283329427,12.2533581267079,9.38179443961989,12.3423517841427,9.32791546264798,12.4361142617989,9.27621680876523,12.5409448684803,9.24259668321268,12.6445120812274,9.2150836743419,12.760007541341,9.18693786411919,12.8705555272316,9.14912639854038,12.9638984951702,9.08185944733493,13.0396950703071,9.01188275021018
318.166666666667,12.1606380235604,9.44436109960818,12.2521624811768,9.38283263561267,12.3415160204637,9.32894246779149,12.4342551783865,9.27644539873881,12.5387009627631,9.24248661625304,12.6425126605942,9.21503302522997,12.7583407193742,9.18709721378703,12.8685420335825,9.15014382116711,12.9630366209412,9.08374837474391,13.0398308129442,9.01475897950932
318.333333333333,12.15989111384,9.44593137153309,12.2509754578327,9.38389297421622,12.3406906362311,9.3299759891232,12.4324029932897,9.27666995680777,12.5364616922116,9.2423685101648,12.6405265982574,9.21497737164848,12.7566843000687,9.18724671679552,12.8665352154836,9.15111320440552,12.9621802876429,9.08560269576102,13.0399564696627,9.01759736022078
318.5,12.159144630541,9.44751092762135,12.2497962262275,9.38497430905977,12.3398691864134,9.3310131351276,12.4305611475749,9.27689271842838,12.5342320854542,9.24224339968435,12.6385533058919,9.2149169146996,12.7550340985873,9.18738560883938,12.8645422777744,9.15202684157614,12.9613289046004,9.08742337421724,13.0400717130387,9.02039984086169
318.666666666667,12.1583942235487,9.44909704642527,12.2486239559131,9.38607549377254,12.3390452259792,9.3320510142892,12.4287330823087,9.27711591905691,12.5320171711196,9.24211231954803,12.6365921951726,9.21485185548549,12.753385930093,9.18751312561333,12.8625704252948,9.1528770259995,12.9604818811393,9.08921137394355,13.0401762156484,9.02316836994916
318.833333333333,12.1576355427488,9.45068700649719,12.2474578164415,9.38719538198374,12.338212309897,9.33308673509246,12.4269222385576,9.27734179414963,12.5298219778363,9.2419763044922,12.6346426777743,9.21478239510832,12.7517356097488,9.18762850281208,12.8606268628845,9.15365605099615,12.9596386265847,9.09096765877093,13.0402696500678,9.0259048960003
319,12.1568642380266,9.45227808638941,12.2462969773647,9.38833282732259,12.3373639931353,9.33411740602188,12.4251320573881,9.27757257916281,12.5276515342329,9.24183638925324,12.632704165372,9.21470873467024,12.7500789527175,9.18773097613036,12.8587187953832,9.15435620988662,12.958798550262,9.09269319253035,13.0403516888732,9.02861136753225
319.166666666667,12.1560759592677,9.45386756465428,12.2451406082346,9.38948668341829,12.3364938306628,9.33514013556196,12.4233659798668,9.27781050955271,12.525510868938,9.24169360856751,12.6307760696405,9.21463107527344,12.7484117741623,9.18781978126289,12.8568534276307,9.15496979599144,12.9579610614966,9.09438893905281,13.0404220046406,9.03128973306212
319.333333333333,12.1552663563576,9.45545271984411,12.2439878786032,9.39065580390006,12.335595377448,9.33615203219716,12.4216274470602,9.27805782077562,12.5234050105802,9.24154899717136,12.6288578022547,9.21454961802007,12.7467298892461,9.18789415390437,12.8550379644667,9.15548910263115,12.9571255696138,9.09605586216927,13.0404802699463,9.03394194110703
319.5,12.1544310791816,9.45703083051124,12.2428379580225,9.39183904239713,12.3346621884593,9.33715020441198,12.4199199000348,9.27831674828779,12.5213389877882,9.24140358980116,12.6269487748895,9.21446456401229,12.7450291131317,9.18795332974954,12.853279610731,9.15590642312629,12.9562914839389,9.09769492571071,13.0405261573663,9.0365699401841
319.666666666667,12.1535657776254,9.45859917520797,12.2416900160444,9.39303525253869,12.3336878186654,9.33813176069092,12.4182467798571,9.2785895275455,12.5193178291903,9.24125842119328,12.6250483992198,9.21437611435228,12.7433052609822,9.1879965444931,12.8515855712633,9.15621405079739,12.9554582137973,9.09930709350812,13.0405593394768,9.03917567881044
319.833333333333,12.1526661015744,9.46015503248665,12.2405432222208,9.39424328795398,12.3326658230348,9.33909380951845,12.4166115275936,9.27887839400501,12.5173465634154,9.24111452608408,12.6231560869205,9.2142844701422,12.7415541479605,9.18802303382978,12.8499630509033,9.156404278965,12.9546251685143,9.10089332939248,13.0405794888539,9.04176110550319
320,12.1517277009141,9.46169568089959,12.2393967461039,9.39546200227219,12.331589756536,9.34003345937906,12.415017584311,9.2791855831226,12.5154302190918,9.24097293920991,12.6212712496664,9.21418983248421,12.7397715892296,9.18803203345429,12.8484192544909,9.15646940094963,12.9537917574151,9.10245459719476,13.0405862780738,9.04432816877944
320.166666666667,12.1507344284224,9.46323190309325,12.2382503780194,9.39672175859236,12.330454806661,9.34096557253891,12.413457783877,9.27951441512987,12.513538119401,9.24082486545958,12.6193760528103,9.21407132796047,12.7379498761961,9.1879631088408,12.8469464473218,9.15646832731389,12.9529619858929,9.10401061782938,13.0405637503913,9.04689413862232
320.333333333333,12.1496781106124,9.4647754583849,12.237104900542,9.39804860094043,12.3292640032922,9.34190540455901,12.4119218650714,9.279865174441,12.5116394381556,9.24066174114534,12.6174570009631,9.21390955528372,12.7360878390637,9.18776374383868,12.8455285899648,9.15646513210783,12.9521396998196,9.10557671407454,13.0404979518458,9.04947090318218
320.5,12.1485663579728,9.46632509033309,12.2359609715963,9.39943490433597,12.328022664984,9.34285065386613,12.4104086263279,9.28023554278618,12.5097389799312,9.24048494813869,12.6155200146869,9.21370692375206,12.7341911011911,9.1874450517054,12.8441604301687,9.15645985388321,12.9513240692394,9.10714725255684,13.0403915591901,9.052052338227
320.666666666667,12.1474067809922,9.46787954249638,12.2348192491071,9.40087304379857,12.3267361102906,9.34379901888705,12.4089168660804,9.28062320189555,12.5078415493034,9.24029586831113,12.6135710145439,9.21346584266356,12.7322652859372,9.18701814569843,12.8428367156824,9.15645253119178,12.9505142641963,9.10871659990291,13.0402472491772,9.05463231952479
320.833333333333,12.1462069901594,9.46943755843333,12.2336803909991,9.40235539434783,12.3254096577663,9.34474819804852,12.407445382763,9.28102583349929,12.5059519508479,9.24009588353419,12.6116159210964,9.21318872131631,12.7303160166606,9.18649413907526,12.8415521942547,9.1564432025853,12.9497094547343,9.11027912273934,13.04006769856,9.05720472284353
321,12.1449745959628,9.47099788170248,12.2325450551971,9.40387433100331,12.3240486259656,9.34569588977733,12.4059929748094,9.28144111932756,12.5040749891403,9.23988637567937,12.6096606549063,9.21287796900839,12.7283489167203,9.18588414509338,12.8403016136345,9.15643190661551,12.9489088108977,9.11182918769277,13.0398555840913,9.05976342395122
321.166666666667,12.1437172088913,9.47255925586241,12.2314138996257,9.40542222878462,12.3226583334426,9.34663979250024,12.4045584406535,9.28186674111051,12.5022154687561,9.23966872661817,12.607711136536,9.21253599503787,12.7263696094749,9.18519927701027,12.8390797215705,9.15641868183418,12.9481115027303,9.1133611613898,13.0396135825242,9.06230229861586
321.333333333333,12.1424424394333,9.47412042447166,12.2302875822097,9.40699146271133,12.3212440987516,9.34757760464402,12.4031405787294,9.28230038057833,12.500378194271,9.23944431822212,12.6057732865475,9.21216520870285,12.7243837182832,9.18445064808339,12.8378812658118,9.15640356679306,12.9473167002763,9.11486941045706,13.0393443706114,9.06481522260543
321.5,12.1411578980776,9.47568013108878,12.2291667608739,9.40857440780303,12.3198112404471,9.34850702463544,12.4017381874708,9.28273971946116,12.4985679702607,9.23921453236271,12.6038530255031,9.21176801930141,12.722396866504,9.18364937157025,12.836700994107,9.15638660004389,12.9465235735797,9.11634830152115,13.0390506251059,9.06729607168793
321.666666666667,12.1398711953128,9.47723711927235,12.2280520935429,9.41016343907931,12.3183650770833,9.34942575090127,12.4003500653118,9.28318243948917,12.4967896013008,9.23898075091147,12.6019562739649,9.21134683613162,12.7204146774961,9.18280656072831,12.8355336542051,9.15636782013844,12.9457312926847,9.1177922012087,13.0387350227605,9.06973872163136
321.833333333333,12.1385899416275,9.4787901325809,12.2269442381416,9.41175093155974,12.3169109272145,9.35033148186828,12.3989750106861,9.28362622239253,12.4950478919668,9.23874435573989,12.600088952495,9.21090406849157,12.7184427746181,9.18193332881506,12.8343739938549,9.15634726562845,12.9449390276351,9.11919547614631,13.0384002403283,9.07213704820371
322,12.1373217475104,9.48033791457299,12.2258438525945,9.41332926026393,12.315454109395,9.35122191596324,12.3976118220277,9.2840687499014,12.4933476468344,9.23850672871949,12.5982569816556,9.21044212567934,12.716486781229,9.18104078908799,12.8332167608053,9.15632497506568,12.9441459484752,9.12055249296061,13.038048954562,9.07448492717296
322.166666666667,12.1360742234501,9.48187920880719,12.2247515948266,9.41489080021144,12.3139999421791,9.35209475161293,12.3962592977705,9.28450770374594,12.4916936704793,9.23826925172179,12.5964662820089,9.20996341699302,12.7145523206874,9.18014005480456,12.8320567028051,9.1563009870019,12.943351225249,9.12185761827821,13.0376838422147,9.07677623430713
322.333333333333,12.1348549799353,9.48341275884205,12.2236681227624,9.41642792642187,12.3125537441212,9.35294768724411,12.3949162363485,9.28494076565633,12.4900907674769,9.23803330661827,12.5947227741171,9.20947035173068,12.7126450163522,9.17924223922227,12.8308885676031,9.15627533998883,12.9425540280005,9.12310521872571,13.0373075800391,9.07900484537419
322.5,12.1336716274545,9.48493730823611,12.2225940943267,9.41793301391481,12.3111208337756,9.35377842128354,12.3935814361954,9.28536561736271,12.4885437424031,9.23780027528047,12.5930323785422,9.20896533919041,12.710770491582,9.17835845559859,12.8297071029483,9.15624807257825,12.9417535267739,9.12428966092975,13.0369228447883,9.08116463614214
322.666666666667,12.1325317764965,9.48645160054795,12.2215301674443,9.41939843770983,12.3097065296965,9.35458465215801,12.3922536957453,9.28577994059526,12.4870573998333,9.23757153957989,12.5914010158466,9.20845078867029,12.7089343697358,9.177499817191,12.8285070565894,9.15621922332191,12.9409488916131,9.12540531151694,13.036532313215,9.08324948237898
322.833333333333,12.1314430375498,9.48795437933611,12.2204770000399,9.42081657282652,12.3083161504383,9.35536407829428,12.390931813432,9.28618141708414,12.4856365443433,9.23734848138804,12.5898346065922,9.2079291094684,12.7071422741721,9.176677437257,12.8272831762754,9.15618883077155,12.9401392925622,9.12644653711388,13.0361386620723,9.0852532598527
323,12.1304130211032,9.48944438815915,12.2194352500382,9.42217979428448,12.3069550145553,9.35611439811912,12.3896145876894,9.28656772855951,12.4842859805086,9.23713248257642,12.5883390713414,9.20740271088283,12.7053998282499,9.17590242905405,12.8260302097549,9.15615693347893,12.9393238996654,9.1274077043472,13.035744568113,9.08716984433129
323.166666666667,12.1294493376451,9.49092037057563,12.218405575364,9.42348047710328,12.3056284406019,9.3568333100593,12.3883008169514,9.28693655675154,12.4830105129048,9.23692492501656,12.5869203306562,9.20687400221165,12.7037126553278,9.17518590583964,12.824742904777,9.15612356999582,12.9385018829665,9.12828317984351,13.03535270809,9.08899311158275
323.333333333333,12.1285595976644,9.49238107014409,12.2173886339419,9.4247109963025,12.3043417471322,9.35751851254159,12.386989299652,9.28728558339039,12.4818149461076,9.23672719057995,12.5855843050988,9.20634539275295,12.7020863787647,9.17453898087126,12.8234160090905,9.15608877887395,12.9376724125099,9.12906733022943,13.0349657587562,9.09071693737506
323.5,12.1277292676675,9.49383344843655,12.2163823518369,9.42588352918369,12.3030852630934,9.35816532587787,12.3856901832239,9.28761335324929,12.4807011044002,9.23652808446139,12.5843333957506,9.20575660936114,12.7005288289708,9.17393305141274,12.8220686728363,9.15603237604358,12.9368553677458,9.12978987848054,13.0345772410467,9.0923613123324
323.666666666667,12.1269364313617,9.49528458715811,12.2153841634348,9.42701766905347,12.3018448716333,9.35877363322069,12.3844127963667,9.28792168138676,12.479662050107,9.23631708411471,12.5831601991822,9.20505568710412,12.6990386633612,9.17333215378847,12.8207221038578,9.15593616116964,12.9360674126383,9.13048487040734,13.0341776052846,9.09395229853724
323.833333333333,12.126177625037,9.49673341006707,12.2143939891421,9.42811691493903,12.3006192226067,9.35934797725783,12.3831547094142,9.28821315496092,12.4786894448655,9.2360965798,12.582055929189,9.20425749760021,12.6976077458014,9.17273635984675,12.8193741364578,9.15580314840585,12.9353028940015,9.13115315688889,13.0337649223051,9.09549287894501
324,12.1254493849834,9.4981788409217,12.2134117493651,9.42918476586761,12.2994069658688,9.35989290067705,12.3819134927002,9.28849036112988,12.4777749503131,9.23586896177732,12.5810117995668,9.20337691246775,12.6962279401571,9.17214574143585,12.818022604939,9.15563635190598,12.9345561586495,9.13179558880419,13.0333372629433,9.09698603651118
324.166666666667,12.1247482474909,9.49961980348027,12.2124373645103,9.4302247208664,12.2982067512747,9.36041294616614,12.3806867165584,9.28875588705174,12.4769102280873,9.23563662030674,12.5800190241113,9.20242880332504,12.6948911102941,9.17156037040405,12.8166653436041,9.15543878582377,12.9338215533965,9.13241301703228,13.0328926980342,9.09843475419119
324.333333333333,12.1240707488494,9.50105522150105,12.2114707549841,9.43124027896263,12.2970172286793,9.36091265641287,12.3794719513227,9.28901231988464,12.4760869398256,9.23540194564835,12.5790688166181,9.20142804179043,12.6935891200779,9.17098031859965,12.8153001867557,9.15521346431296,12.9330934250567,9.13300629245218,13.0324292984128,9.0998420149405
324.5,12.1234134253489,9.50248401874232,12.2105118411928,9.43223493918351,12.2958370479376,9.36139657410503,12.3782667673268,9.28926224678667,12.4752967471655,9.23516732806222,12.5781523908829,9.20038949948224,12.6923138333742,9.17040565787092,12.8139249686965,9.15496340152731,12.9323661204442,9.13357626594292,13.0319451349144,9.10121080171455
324.666666666667,12.1227728132793,9.50390511896235,12.2095605435429,9.43321220055624,12.2946648589049,9.36186924193038,12.3770687349045,9.28950825491595,12.4745313117443,9.23493515780842,12.5772609607012,9.19932804801878,12.6910571140487,9.16983646006616,12.8125375237293,9.15469161162055,12.9316339863731,9.13412378838353,13.031438278374,9.1025440974688
324.833333333333,12.1221454489307,9.50531744591941,12.2086167824407,9.43417556210805,12.293499311436,9.3623352025767,12.3758754243897,9.28975293143059,12.4737822951996,9.23470782514703,12.5763857398689,9.19825855901839,12.689810825967,9.16927279703364,12.8111356861566,9.15440110874644,12.9308913696577,9.13464971065303,13.0309067996266,9.1038448851587
325,12.121527868593,9.50671992337179,12.2076804782927,9.43512852286614,12.292339055386,9.36279899873178,12.3746844061162,9.28999886348871,12.4730413591689,9.23448772033812,12.5755179421815,9.19719590409939,12.6885668329949,9.16871474062166,12.8097172902813,9.15409490705872,12.930132617112,9.13515488363046,13.0303487695074,9.10511614773969
325.166666666667,12.1209166085561,9.50811147507775,12.2067515515053,9.43607458185773,12.29118274061,9.36326517308338,12.3734932504176,9.29024863824842,12.4723001652896,9.23427723364177,12.5746487814348,9.1961549548801,12.687316998998,9.16816236267849,12.8082801704059,9.15377602071114,12.9293520755503,9.13564015819482,13.0297622588514,9.10636086816725
325.333333333333,12.1203082051101,9.50949102479556,12.2058299224848,9.43701723811004,12.290029016963,9.36373826831928,12.372299527628,9.29050484286783,12.4715503751991,9.23407875531805,12.5737694714243,9.19515058297885,12.6860531878419,9.16761573505242,12.8068221608332,9.15344746385744,12.9285440917866,9.13610638522517,13.0291453384937,9.1075820293968
325.5,12.1196991945448,9.51085749628351,12.2049155116376,9.43795999065026,12.2888765343001,9.36422282712726,12.3711008080809,9.29077006450505,12.470783650535,9.23389467562704,12.5728712259457,9.19419766001397,12.6847672633923,9.16707492959173,12.8053410958659,9.15311225065138,12.9277030126352,9.13655441560051,13.0284960792694,9.1087826143838
325.666666666667,12.1190861131504,9.51220981329987,12.2040082393703,9.43890633850563,12.2877239424763,9.3647233921951,12.3698946621103,9.2910468903182,12.4699916529346,9.23372738482881,12.5719452587948,9.19331105760378,12.6834510895149,9.16654001814472,12.8038348098066,9.15277339524669,12.9268231849102,9.13698510019988,13.0278125520137,9.10996560608371
325.833333333333,12.1184654972166,9.5135468996029,12.203108026089,9.43985978070335,12.2865698913467,9.36524450621057,12.3686786600499,9.29133790746539,12.4691660440356,9.23357927318343,12.5709827837671,9.19250564736661,12.6820965300753,9.16601107255966,12.8023011369581,9.15243391179713,12.9258989554257,9.1373992899023,13.0270928275615,9.11113398745198
326,12.1178338830336,9.51486767895089,12.2022147922004,9.44082381627063,12.2854130307662,9.36579071186145,12.3674503722335,9.29164570310472,12.4682984854752,9.23345273095098,12.5699750146583,9.19179630092077,12.6806954489393,9.16548816468484,12.8007379116229,9.15209681445644,12.9249246709959,9.1377978355868,13.026334976748,9.11229074144405
326.166666666667,12.1171878068913,9.5161710751021,12.2013284581107,9.44180194423468,12.28425201059,9.36636655183552,12.366207368995,9.29197286439433,12.4673806388911,9.23335014839155,12.5689131652641,9.1911978898846,12.6792397099724,9.16497136636854,12.7991429681039,9.15176511737837,12.9238946784349,9.13818158813241,13.0255370704082,9.11343885101538
326.333333333333,12.1165238050796,9.51745601181481,12.2004489442263,9.44279766362273,12.283085480673,9.36697656882055,12.3649472206681,9.29232197849231,12.4664041659206,9.23327391576519,12.5677884493801,9.19072528587642,12.6777211770403,9.16446074945905,12.7975141407037,9.15144183471667,12.922803324557,9.13855139841816,13.0246971793773,9.11458129912142
326.5,12.1158384138885,9.5187214128473,12.1995761709537,9.44381447346198,12.2819120908704,9.36762530550432,12.3636674975866,9.29269563255678,12.4653607282012,9.23322642333198,12.566592080802,9.19039336051455,12.6761317140088,9.16395638580465,12.7958492637249,9.15112998062508,12.9216449561762,9.13890811732306,13.0238133744903,9.11572106871762
326.666666666667,12.1151281696079,9.51996620195784,12.1987100586992,9.44485587277965,12.2807304910372,9.3683173045746,12.3623657700843,9.29309641374585,12.4642419873704,9.23321006135201,12.5653152733255,9.19021698541732,12.6744631847434,9.16345834725364,12.7941461714703,9.15083256925735,12.9204139201067,9.13925259572615,13.0228837265823,9.11686114275943
326.833333333333,12.1143981950008,9.52119790453231,12.1978557321293,9.44592095061695,12.2795350231656,9.36907704252653,12.3610190905102,9.29353998089815,12.4630167061174,9.2332501905475,12.5639335332029,9.19012889365111,12.6726856938125,9.16297188043611,12.7923815336654,9.15054746577543,12.9190371253193,9.13959500025806,13.0217887981039,9.11801277328957
327,12.1136565736809,9.52242403649859,12.197017226035,9.44700486325948,12.2783228305463,9.36992019539085,12.3596121165323,9.29403758231816,12.4616674010863,9.23336619366684,12.5624352074133,9.19005119771717,12.6707831706623,9.16250092147702,12.7905383385248,9.15026932700822,12.9174559999321,9.13994324356601,13.0204265351476,9.11918167862375
327.166666666667,12.1129042832147,9.52364350742793,12.1961928260101,9.44810521060098,12.2770967649821,9.37083810515871,12.3581538264625,9.29458518936274,12.4602063648469,9.23355149400938,12.5608307708427,9.1899828383862,12.6687682164754,9.16204357646688,12.788623898085,9.14999635460987,12.9156866694796,9.14029479555388,13.0188210840117,9.12036254112691
327.333333333333,12.1121423011684,9.5248552268916,12.195380817648,9.44921959253521,12.2758596782757,9.3718221138213,12.3566531986131,9.29517877338879,12.4586458899688,9.23379951487443,12.5591306983769,9.18992275642887,12.6666534324343,9.16159795149623,12.7866455243827,9.14972675023454,12.9137452594967,9.14064712612558,13.0169965909942,9.12155004316399
327.5,12.1113716051084,9.52605810446085,12.1945794865425,9.45034560895593,12.2746144222298,9.37286356336979,12.3551192112961,9.29581430575317,12.4569982690221,9.23410367956133,12.5573454649019,9.18986989261588,12.6644514197214,9.16116215265558,12.7846105294544,9.14945871553638,12.9116478955179,9.14099770518499,13.0149772023932,9.12273886709991
327.666666666667,12.1105931726012,9.52725104970696,12.1937871182871,9.45148085975688,12.2733638486472,9.37395379579533,12.3535608428235,9.29648775781276,12.4552757945763,9.23445741136941,12.5554855453036,9.1898231877179,12.6621747795192,9.16073428603547,12.7825262253366,9.14919045216955,12.9094107030781,9.141344002636,13.0127870645068,9.12392369529963
327.833333333333,12.1098079812132,9.52843297220117,12.1930019984754,9.45262294483182,12.2721108093307,9.3750841530891,12.3519870715075,9.29719510092443,12.4534907592014,9.23485413359799,12.5535614144678,9.18978158250562,12.6598361130104,9.16031245772642,12.7803999240658,9.14892016178821,12.907049807712,9.14168348838252,13.0104503236333,9.12509921012807
328,12.1090170085107,9.52960278151475,12.1922224127011,9.4537694640745,12.2708581560829,9.37624597724227,12.3504068756601,9.29793230644508,12.4516554554671,9.2352872695464,12.5515835472805,9.18974401774972,12.6574480213773,9.15989477381895,12.7782389376786,9.1486460460465,12.9045813349542,9.14201363232843,13.0079911260707,9.12626009395017
328.166666666667,12.10822123206,9.53075938721896,12.1914466465577,9.45491801737869,12.2696087407066,9.37743061024601,12.3488292335934,9.29869534573156,12.4497821759432,9.23575024251398,12.5495624186277,9.18970943422089,12.6550231058024,9.15947934040359,12.7760505782116,9.14836630659859,12.9020214103396,9.14233190437762,13.0054336181171,9.12740102913086
328.333333333333,12.1074216294277,9.53190169888505,12.1906729856389,9.45606620463813,12.2683654150046,9.37862939409149,12.3472631236195,9.29948019014076,12.4478832131995,9.23623647580005,12.5475085033951,9.1896767726898,12.6525739674684,9.15906426357087,12.7738421577013,9.14807914509863,12.8993861594028,9.142635774434,13.0028019460706,9.1285166980351
328.5,12.1066191781801,9.5330286260843,12.1898997155383,9.45721162574657,12.2671310307795,9.37983367076988,12.3457175240505,9.30028281102956,12.4459708598058,9.23673939270394,12.5454322764687,9.18964497392714,12.6501132075576,9.15864764941131,12.7716209881842,9.14778276320077,12.8966917076785,9.14292271240145,13.0001202562295,9.12960178302781
328.666666666667,12.1058148558835,9.53413907838795,12.1891251218494,9.45835188059777,12.2659084398341,9.38103478227234,12.3442014131984,9.30109917975484,12.4440574083318,9.23725241652498,12.5433442127345,9.1896129787036,12.6476534272526,9.15822760401543,12.7693943816969,9.14747536255918,12.8939541807014,9.14319018818387,12.9974126948917,9.13065096647392
328.833333333333,12.1050096401043,9.53523196536727,12.188347490166,9.45948456908549,12.2647004939711,9.38222407059005,12.3427237693755,9.30192526767346,12.4421551513474,9.2377689705625,12.5412547870783,9.18957972778985,12.6452072277359,9.15780223347377,12.767169650276,9.14715514482799,12.8911897040064,9.14343567168514,12.9947034083555,9.13165893073839
329,12.104204508409,9.53630619659353,12.1875651060816,9.46060729110347,12.2635100449934,9.38339287771417,12.3412935708936,9.3027570461423,12.4402763814224,9.23828247811583,12.539174474386,9.18954416195659,12.64278721019,9.15736964387684,12.7649541059579,9.14682031166139,12.888414403128,9.14365663280917,12.9920165429189,9.13262035818613
329.166666666667,12.1034004383639,9.53736068163797,12.1867762551898,9.46171764654547,12.2623399447036,9.38453254563588,12.339919796065,9.30359048651825,12.4384333911265,9.23878636248429,12.5371137495436,9.18950522197449,12.6404059757974,9.15692794131517,12.7627550607792,9.1464690647135,12.8856444036011,9.14385054145985,12.9893762448801,9.1335299311821
329.333333333333,12.1025984075354,9.53839433007186,12.1859792230842,9.46281323530525,12.2611930449044,9.38563441634635,12.3386114232016,9.30442156015818,12.4366384730296,9.23927404696722,12.5350830874369,9.18946184861423,12.6380761257406,9.15647523187929,12.7605798267765,9.1460996056385,12.8828958309602,9.14401486754107,12.9868066605372,9.13438233209122
329.5,12.1017993934899,9.53940605146646,12.1851722953585,9.46389165727655,12.2600721973986,9.38668983183673,12.3373774306157,9.30524623841897,12.4349039197014,9.23973895486395,12.5330929629519,9.18941298264651,12.6358102612021,9.15600962165973,12.7584357159864,9.14571013609054,12.8801848107403,9.14414708095672,12.9843319361884,9.13517224327844
329.666666666667,12.1010043737937,9.54039475539303,12.1843537576062,9.46495051235314,12.2589802539889,9.38769013409821,12.3362267966192,9.30606049265749,12.4332420237117,9.2401745094738,12.5311538509745,9.189357564842,12.6336209833644,9.155529216747,12.7563300404453,9.14529885772377,12.8775274684759,9.1442446516107,12.9819762181316,9.13589434710868
329.833333333333,12.1002143260133,9.54135935142284,12.183521895421,9.46598740042876,12.2579200664781,9.38862666512195,12.3351684995243,9.30686029423062,12.4316650776303,9.24057413409611,12.5292762263906,9.18929453597139,12.63152089341,9.15503212323163,12.7542701121898,9.14486397219234,12.8749399297018,9.1443050494069,12.9797636526652,9.1365433259469
330,12.099430227715,9.54229874912713,12.1826749943964,9.46699992139717,12.2568944866689,9.38949076689913,12.3342115176431,9.30764161449523,12.430185374027,9.24093125203019,12.527470564086,9.18922283680536,12.6295225925214,9.15451644720415,12.7522632432564,9.14440368115042,12.8724383199526,9.14432574424921,12.9777183860871,9.13711386215802
330.166666666667,12.0986480537063,9.54320870629694,12.1818157395713,9.46798969018873,12.2558983032466,9.39029429750101,12.3333391575079,9.30841618831063,12.4287827081181,9.24126003810247,12.5257028561433,9.18912998800223,12.6275986421507,9.15397636616595,12.7502923342474,9.1438810167257,12.8699301440145,9.14425674711237,12.975782280442,9.1376437580443
330.333333333333,12.0978634595354,9.5440877574246,12.1809482162509,9.46896104590859,12.2549234792989,9.39105783690555,12.3325247280856,9.30919814433702,12.4274256543499,9.24157966063089,12.5239335921287,9.1890067503177,12.6257115854561,9.15340919081041,12.748335033806,9.14326606043964,12.8673231152057,9.14405636228162,12.97387986862,9.13817248622667
330.5,12.0970769438804,9.54493897713332,12.1800728104288,9.46991567471273,12.2539686282325,9.39178580996394,12.3317622113395,9.30998704463263,12.4261096741368,9.24189103315207,12.5221649931534,9.18885692466856,12.6238589961794,9.15281772701607,12.74639077603,9.14256758803704,12.8646336718594,9.14373449962666,12.9720093031879,9.13869723454804
330.666666666667,12.0962890054191,9.54576544004634,12.1791899080983,9.47085526275714,12.253032363454,9.39248264152738,12.3310455892329,9.31078245125571,12.4248302288936,9.24219506920261,12.520399280329,9.18868431197155,12.6220384480626,9.15220478066144,12.7444589950171,9.1417943752627,12.8618782523089,9.14330106901714,12.9701687367123,9.13921519085134
330.833333333333,12.0955001428295,9.54657022078687,12.178299895253,9.47178149619778,12.25211329837,9.39315275644706,12.3303688437291,9.31158392626449,12.4235827800349,9.24249268231913,12.5186386747667,9.18849271314346,12.6202475148476,9.15157315762507,12.7425391248653,9.14095519786143,12.8590732948876,9.14276598032274,12.9683563217598,9.13972354297948
331,12.0947108547894,9.54735639397815,12.1774031578865,9.47269606119064,12.2512100463872,9.39380057957416,12.3297259567916,9.31239103171722,12.4223627889752,9.24278478603826,12.5168853975779,9.18828592910104,12.6184837702761,9.15092566378547,12.7406305996724,9.14005883157802,12.8562352379286,9.14213914341314,12.9665702108972,9.14021947877539
331.166666666667,12.0939216399769,9.5481270342434,12.1765000819921,9.47360064389169,12.2503212209122,9.39443053575989,12.3291109103835,9.31320332967213,12.4211657171293,9.24307229389661,12.5151416698741,9.18806776076107,12.61674478809,9.15026510502118,12.7387328535362,9.13911405215727,12.8533805197653,9.14143046815801,12.9648085566911,9.14070018608199
331.333333333333,12.0931329970698,9.54888521620583,12.1755910535633,9.4744969304569,12.2494454353515,9.39504704985543,12.3285176864683,9.31402038218746,12.4199870259116,9.24335611943079,12.5134097127665,9.1878420090403,12.6150281420313,9.14959428721072,12.7368453205546,9.13812963534399,12.8505255787309,9.14064986442703,12.9630695117081,9.1411628527422
331.5,12.092345424746,9.54963401448868,12.1746764585937,9.47538660704226,12.2485813031119,9.39565454671198,12.3279402670093,9.31484175132146,12.4188221767369,9.24363717617742,12.5116917473667,9.18761247485551,12.6133314058418,9.14891601623263,12.7349674348254,9.13711435688297,12.8476868531586,9.13980724208987,12.961351228515,9.14160466659894
331.666666666667,12.0915594216834,9.55037650371517,12.1737566830768,9.47627135980374,12.2477274375999,9.39625745118072,12.3273726339698,9.31566699913236,12.4176666310197,9.24391637767312,12.5099899947859,9.18738295912346,12.6116521532634,9.14823309796543,12.7330986304465,9.13607699251902,12.8448807813819,9.13891251101621,12.9596518596783,9.14202281549513
331.833333333333,12.0907754865601,9.55111575850852,12.1728321130059,9.47715287489732,12.2468824522222,9.39686018811285,12.3268087693132,9.31649568767841,12.4165158501747,9.2441946374545,12.5083066761355,9.18715726276092,12.6099879580379,9.14754833828765,12.7312383415157,9.13502631799694,12.8421238017338,9.13797558107571,12.9579695577648,9.14241448727369
332,12.0899941180538,9.55185485349196,12.1719031343746,9.47803283847896,12.2460449603853,9.39746718235956,12.3262426550028,9.31732737901784,12.4153652956165,9.24447286905818,12.5066440125269,9.18693918668465,12.6083363939072,9.14686454307781,12.7293860021308,9.13397110906152,12.8394323525478,9.13700636213806,12.9563024753411,9.14277686977755
332.166666666667,12.0892158148425,9.55259686328871,12.1709701331765,9.47891293670466,12.245213575496,9.39808285877204,12.325668273002,9.31816163520889,12.4142104287596,9.24475198602078,12.5050042250716,9.18673253181143,12.6066950346132,9.14618451821446,12.7275410463897,9.13292014145757,12.836822872157,9.13601476407293,12.9546487649739,9.14310715084962
332.333333333333,12.0884410756041,9.553344862522,12.1700334954049,9.47979485573039,12.2443869109608,9.39871164220148,12.3250796052741,9.31899801830981,12.4130467110188,9.2450329018789,12.5033895348808,9.18654109905802,12.6050614538978,9.14551106957611,12.7257029083903,9.13188219092989,12.8343117988947,9.13501069674999,12.9530065792298,9.14340251833283
332.5,12.0876703990166,9.55410192581505,12.1690936070534,9.48068028171211,12.2435635801863,9.39935795749908,12.3244706337823,9.31983609037883,12.4118696038086,9.24531653016918,12.5018021630659,9.18636868934118,12.6034332255028,9.14484700304129,12.7238710222303,9.13086603322328,12.8319155710943,9.13400407003891,12.9513740706755,9.14366016007009
332.666666666667,12.0869042837579,9.55487112779108,12.1681508541154,9.48157090080582,12.2427421965792,9.40002622951603,12.3238353404902,9.32067541347419,12.4106745685437,9.24560378442822,12.5002443307384,9.18621910357768,12.6018079231701,9.14419512448854,12.7220448220076,9.12988044408254,12.829650627089,9.13300479380938,12.9497493918777,9.14387726390433
332.833333333333,12.0861432285058,9.55565554307333,12.1672056225844,9.48246839916748,12.2419213735461,9.40072088310352,12.3231677073609,9.32151554965413,12.4094570666387,9.24589557819264,12.4987182590096,9.1860961426843,12.6001831206415,9.14355823979637,12.7202237418201,9.12893419925248,12.827533405212,9.13202277793107,12.948130695403,9.14405101767847
333,12.0853877319383,9.556458246285,12.166258298454,9.48337446295307,12.2410997244936,9.40144634311273,12.3224617163579,9.32235606097689,12.4082125595081,9.24619282499905,12.4972261689909,9.18600360757779,12.598556391659,9.14293915484333,12.7184072157656,9.12803607447788,12.8255803437966,9.13106793227365,12.9465161338182,9.14417860923543
333.166666666667,12.0846382927334,9.55728231204934,12.1653092677176,9.48429077831857,12.2402758628284,9.40220703439487,12.3217113494445,9.32319650950072,12.4069365085666,9.24649643838408,12.4957702817937,9.18594529917492,12.5969253099644,9.14234067550793,12.716594677942,9.12719484550356,12.8238078811761,9.13015016670679,12.9449038596897,9.14425722641813
333.333333333333,12.0838954095689,9.55813081498955,12.1643589163687,9.48521903141996,12.239448401957,9.40300738180113,12.3209105885839,9.32403645728384,12.4056243752289,9.24680733188434,12.4943528185293,9.18592501839246,12.5952874492996,9.14176560766871,12.714785562447,9.12641928807431,12.8222324556837,9.12927939110017,12.9432920255844,9.14428405706949
333.5,12.0831600161822,9.55899999239887,12.1633960008744,9.48616494693083,12.238620244803,9.40386583086433,12.3200432680878,9.32488683365377,12.4042575406251,9.24712388151385,12.4929688155877,9.1859678712352,12.5936411093239,9.14120562501674,12.7129632234357,9.12569639226693,12.8208040187611,9.1284314435209,12.9416815679331,9.14423708006956
333.666666666667,12.0824322188355,9.55988334931784,12.1624111548636,9.48713104625041,12.2377952956058,9.40479250968249,12.31910269216,9.32575679981118,12.4028265189995,9.24744374949263,12.4916109703896,9.18609103260752,12.5919877847379,9.14065064010727,12.7111151468784,9.12500491235078,12.8194570459795,9.12757515873469,12.9400752931072,9.14409958460618
333.833333333333,12.0817112749934,9.56077986199073,12.1614075800719,9.48811421062312,12.2369736697464,9.40577936695457,12.3180970476023,9.32664326562409,12.4013404714371,9.24776677866622,12.4902779955927,9.18628640677551,12.5903298418458,9.1401008171151,12.7092469645962,9.12434127035952,12.8181847618666,9.12670994165918,12.9384741585839,9.14387672398397
334,12.0809964421206,9.56168850666176,12.1603884782351,9.48911132129337,12.2361554826055,9.4068183513795,12.3170345212168,9.32754314096049,12.3998085590234,9.24809281188019,12.4889686038543,9.18654589800529,12.5886696469516,9.13955632021505,12.7073643084102,9.12370188832682,12.81698039095,9.12583519721197,12.9368791218406,9.14357365150757
334.166666666667,12.080286977682,9.56260825957519,12.1593570510888,9.49011925950557,12.2353408495637,9.40790141165624,12.3159232998054,9.3284533356884,12.3982399428437,9.24842169198011,12.4876815078319,9.18686141056298,12.5870095663595,9.13901731358191,12.7054728101412,9.12308318828633,12.8158371577575,9.12495033031067,12.9352911403548,9.1431955204816
334.333333333333,12.0795821391424,9.56353809697526,12.1583165003687,9.49113490650413,12.234529886002,9.40902049648374,12.31477157017,9.32937075967584,12.3966437839831,9.24875326181154,12.4864154201832,9.18722484871468,12.5853519663735,9.1384839613905,12.7035781016104,9.12248159227171,12.8147482868168,9.12405474587289,12.9337111716037,9.14274748421067
334.5,12.0788811839664,9.56447699510621,12.1572700278107,9.49215514353346,12.2337227073011,9.41016755456095,12.3135875191126,9.33029232279079,12.3950292435271,9.24908736422004,12.4851690535656,9.18762811672652,12.5836992132976,9.13795642781561,12.7016858146389,9.12189352231661,12.8137070026555,9.12314784881626,12.9321401730647,9.14223469599943
334.666666666667,12.0781833696187,9.56542393021228,12.1562208351504,9.49317685183799,12.2329194288416,9.41133453458682,12.312379333435,9.33121493490128,12.3934054825609,9.24942384205118,12.4839411206366,9.18806311886459,12.5820536734361,9.13743487703205,12.6998015810475,9.12131540045471,12.8127065298015,9.12222904405839,12.9305791022151,9.14166230915248
334.833333333333,12.0774879535643,9.56637787853773,12.1551721241235,9.49419691266211,12.2321201660045,9.4125133852603,12.3111551999392,9.33213550587532,12.3917816621698,9.24976253815053,12.4827303340538,9.18852175939502,12.5804177130929,9.13691947321463,12.6979310326574,9.12074364871965,12.8117400927825,9.12129773651688,12.9290289165324,9.14103547697446
335,12.0767941932678,9.56733781632679,12.1541270964658,9.49521220725025,12.2313250341705,9.41369605528034,12.3099233054271,9.3330509455809,12.390166943439,9.25010329536364,12.4815354064746,9.18899594258391,12.5787936985721,9.13641038053815,12.6960798012895,9.1201746891451,12.810800916126,9.12035333110935,12.9274905734938,9.14035935276999
335.166666666667,12.0761013461939,9.5683027198237,12.153088953913,9.49621961684681,12.2305341487203,9.41487449334589,12.3086918367007,9.33395816388605,12.3885704874539,9.25044595653607,12.4803550505565,9.18947757269739,12.5771839961778,9.13590776317741,12.6942535187649,9.11960494376472,12.8098822243599,9.11939523275342,12.9259650305768,9.1396390898437
335.333333333333,12.0754086698075,9.56927156527273,12.1520608982008,9.49721602269621,12.2297476250347,9.4160406481559,12.3074689805619,9.33485407065876,12.3870014552998,9.2507903645134,12.4791879789572,9.18995855400155,12.5755909722142,9.13541178530722,12.6924578169047,9.11903083461215,12.8089772420118,9.1184228463667,12.9244532452586,9.13887984150021
335.5,12.0747154215733,9.57024332891809,12.1510461310649,9.49819830604286,12.2289655784945,9.41718646840932,12.3062629238127,9.33573557576704,12.3854690080619,9.25113636214119,12.478032904334,9.19043079076252,12.5740169929852,9.13492261110238,12.6906983275298,9.11844878372108,12.8080791936095,9.1174355768668,12.9229561750166,9.13808676104415
335.666666666667,12.074020858956,9.57121698700405,12.150047854241,9.49916334813117,12.2281881244804,9.41830390280511,12.3050818532549,9.33659958907892,12.3839823068256,9.25148379226499,12.4768885393445,9.1908861872464,12.572464424795,9.13444040473771,12.6889806824612,9.11785521312514,12.8071813036807,9.11643282917134,12.9214747773282,9.13726500178013
335.833333333333,12.0733242394204,9.57219151577484,12.1490692694649,9.50010803020556,12.2274153783733,9.41938490004221,12.3039339556905,9.33744302046238,12.3825505126761,9.25183249773039,12.4757535966462,9.19131664771932,12.5709356339476,9.13396533038799,12.6873105135201,9.11724654485801,12.806276796753,9.11541400819793,12.9200100096708,9.1364197170128
336,12.0726248204313,9.57316589147471,12.1481135784722,9.50102923351043,12.2266474555538,9.42042140881957,12.3028274179215,9.33826277978545,12.3811827866987,9.25218232138292,12.4746267888967,9.19171407644737,12.5694329867471,9.13349755222804,12.6856934525273,9.11661920095333,12.8053588973542,9.11437851886418,12.9185628295216,9.13555606004677
336.166666666667,12.0719218594534,9.57413909034789,12.1471839829988,9.50192383929021,12.2258844714027,9.42140537783614,12.3017704267497,9.33905577691613,12.3798882899787,9.25253310606817,12.4735068287534,9.19207037769668,12.5679588494977,9.13303723443267,12.6841351313041,9.11596960344477,12.804420830012,9.1133257660877,12.9171341943581,9.13467918418666
336.333333333333,12.0712146139514,9.57511008863865,12.1462836847802,9.5027887287893,12.2251265413009,9.42232875579087,12.3007711689771,9.33981892172243,12.3786761836015,9.2528846946317,12.4723924288738,9.19237745573335,12.5665155885034,9.13258454117667,12.6826411816712,9.11529417436599,12.8034558192541,9.11225515478612,12.9157250616575,9.1337942427371
336.5,12.0705023413902,9.57607786259121,12.1454158855523,9.50362078325212,12.2243737806291,9.42318349138271,12.2998378314056,9.34054912407235,12.3775556286522,9.25323692991906,12.4712823019155,9.1926272148235,12.5651055700682,9.13213963663486,12.6812172354499,9.11458933575065,12.8024570896082,9.11116608987704,12.9143363888974,9.13290638900272
336.666666666667,12.0697842992344,9.57704138844983,12.1445837870508,9.50441688392307,12.223626304768,9.42396153331062,12.2989786008372,9.34124329383391,12.3765357862162,9.25358965477583,12.4701751605359,9.19281155923324,12.5637311604962,9.13170268498203,12.6798689244611,9.11385150963241,12.801417865602,9.11005797627808,12.9129691335549,9.13202077628814
336.833333333333,12.0690637147331,9.57801164686602,12.1437833086512,9.50518131411146,12.2228826416012,9.42467997698232,12.2981733082,9.34190543968156,12.3755874725015,9.25394020831902,12.469068547596,9.19295218577137,12.5623853459885,9.13125688916898,12.6785906143237,9.11307760779163,12.8003612648689,9.10892050814585,12.9116349856611,9.13107701510595
337,12.0683440141023,9.57899853355886,12.1430068518054,9.5059217916938,12.222141437369,9.42536341989497,12.2973950866805,9.34254310358904,12.3746741376106,9.25428668966029,12.4679618893946,9.19307737072008,12.5610591899047,9.13078861143342,12.6773692947136,9.11226878189055,12.7993136120871,9.10774561595057,12.9103417107113,9.13001682738514
337.166666666667,12.0676247532567,9.57999939737394,12.1422523413632,9.50664034976533,12.2214029849869,9.42601506388161,12.2966420764681,9.34315849537329,12.3737938934701,9.2546300816371,12.4668567237465,9.19318888755557,12.5597521742874,9.13030275488054,12.6761995335372,9.11142781378555,12.7982729423512,9.10653605908029,12.9090843793796,9.12884853355494
337.333333333333,12.0669054881113,9.58101158715685,12.1415177021747,9.5073390214213,12.2206675773707,9.42663811077531,12.2959124177522,9.34375382485126,12.3729448520068,9.25497136708693,12.4657545884666,9.19328850975407,12.5584637811792,9.12980422261552,12.6750758987009,9.11055748533306,12.7972372907558,9.10529459692305,12.9078580623397,9.12758045404461
337.5,12.066185774581,9.58203245175317,12.1408008590895,9.50801983975694,12.2199355074362,9.42723576240915,12.2952042507221,9.34433130183989,12.3721251251475,9.25531152884725,12.4646570213696,9.19337801079176,12.5571934926226,9.12929791774354,12.6739929581114,9.10966057838949,12.7962046923957,9.10402398886689,12.9066578302656,9.12622090928336
337.666666666667,12.0654651685806,9.58305934000849,12.1400997369578,9.50868483786751,12.2192070680989,9.42781122061617,12.2945157155672,9.34489313615613,12.3713328248188,9.25565154975555,12.4635655602703,9.19345916414486,12.55594079066,9.12878874336981,12.6729452796749,9.10873987481125,12.7951731823655,9.10272699429986,12.9054787538313,9.12477821970045
337.833333333333,12.0647432260251,9.5840896007684,12.1394122606293,9.50933604884825,12.2184825522746,9.42836768722944,12.293844952477,9.34544153761693,12.3705660629475,9.25599241264931,12.4624817429836,9.19353374328958,12.5547051573342,9.1282816025995,12.6719274312981,9.10779815645476,12.7941407957599,9.10140637260999,12.9043159037106,9.12326070572509
338,12.0640195028293,9.58512058287849,12.138736354954,9.5099755057944,12.2177622528791,9.42890836408202,12.2931901016407,9.34597871603922,12.3698229514603,9.25633510036598,12.4614071073242,9.19360352170212,12.5534860746875,9.1277813985378,12.6709339808874,9.10683820517641,12.7931055676736,9.10006488318534,12.9031643505776,9.12167668778654
338.166666666667,12.0632935549081,9.58614963518434,12.1380699447817,9.51060524180121,12.2170464628279,9.42943645300698,12.2925493032478,9.34650688123997,12.369101602284,9.25668059574307,12.4603431911068,9.1936702728587,12.5522830247625,9.1272930342899,12.6699594963493,9.10586280283262,12.7920655332013,9.09870528541393,12.902019165106,9.12003448631403
338.333333333333,12.0625649381764,9.58717410653154,12.1374109549624,9.51122728996392,12.2163354750368,9.42995515583738,12.2919206974876,9.3470282430361,12.3684001273454,9.25702988161803,12.4592915321464,9.19373577023552,12.5510954896017,9.12682141296098,12.6689985455901,9.10487473127981,12.7910187274377,9.09733033868382,12.9008754179698,9.1183424217368
338.5,12.0618332085492,9.58819134576568,12.136757310346,9.51184368337777,12.2156295824215,9.43046767440628,12.2913024245496,9.34754501124456,12.3677166385711,9.25738394082836,12.4582536682576,9.19380178730878,12.5499229512477,9.12637143765623,12.6680456965165,9.10387677237439,12.7899631854774,9.09594280238305,12.899728179843,9.11660881448407
338.666666666667,12.0610979219412,9.58919870173235,12.1361069357824,9.512456455138,12.2149290778976,9.43097721054673,12.290692624623,9.34805939568231,12.3670492478878,9.25774375621151,12.4572311372553,9.1938700975547,12.548764891743,9.12594801148084,12.6670955170349,9.10287170797276,12.7888969424151,9.09454543589966,12.8985725213994,9.11484198498509
338.833333333333,12.0603586342674,9.59019352327713,12.1354577561214,9.51306763833987,12.214234254381,9.43148696609182,12.2900894378973,9.34857360616628,12.3663960672225,9.25811031060498,12.4562254769543,9.19394247444948,12.5476207931302,9.12555603753999,12.6661425750518,9.10186231993135,12.7878180333455,9.09314099862168,12.897403513313,9.1130502536691
339,12.0596149014426,9.59117315924561,12.1348076962131,9.51367926607861,12.2135454047872,9.43200014287459,12.2894910045619,9.34908985251342,12.3657552085016,9.25848458684624,12.4552382251693,9.19402069146934,12.5464901374517,9.12520041893887,12.6651814384736,9.10085139010655,12.7867244933632,9.09173224993717,12.8962162262577,9.11124194096533
339.166666666667,12.0588662793819,9.59213495848338,12.1341546809072,9.51429337144947,12.212862822032,9.4325199427281,12.2888954648061,9.34961034454068,12.3651247836521,9.25886756777276,12.4542709197151,9.19410652209047,12.54537240675,9.12488605878266,12.6642066752068,9.09984170035478,12.7856143575631,9.09032194923417,12.8950057309075,9.10942536730302
339.333333333333,12.0581123239999,9.59307626983603,12.1334966350537,9.51491198754769,12.2121867990311,9.43304956748543,12.2883009588194,9.35013729206499,12.3645029046006,9.25926023622203,12.4533250984066,9.19420173978908,12.5442670830678,9.12461786017656,12.6632128531579,9.09883603253246,12.7844856610396,9.08891285590072,12.8937670979362,9.1076088531114
339.5,12.0573525912118,9.59399444214915,12.1328314835025,9.51553714746851,12.2115176287001,9.43359221897964,12.287705626791,9.35067290490331,12.3638876832739,9.25966357503151,12.4524022990586,9.19430811804139,12.5431736484475,9.12440072622575,12.6621945402333,9.09783716849599,12.7833364388876,9.08750772932485,12.8924953980177,9.10580071881972
339.666666666667,12.0565866369322,9.59488682426831,12.1321571511035,9.51617088430719,12.2108556039549,9.43415109904378,12.2871076089104,9.35121939287259,12.3632772315987,9.26007856703869,12.4515040594857,9.1944274303236,12.5420915849317,9.12423956003542,12.6611463043396,9.09684789010179,12.7821647262017,9.08610932889462,12.891185701826,9.1040092848572
339.833333333333,12.0558140170762,9.59575076503911,12.1314715627065,9.51681523115896,12.2102010177109,9.43472940951091,12.286505045367,9.35177896578976,12.3626696615017,9.26050619508103,12.4506319175028,9.19456145011192,12.5410203745629,9.12413926471075,12.6600627133832,9.09587097920626,12.7809685580766,9.08472041399806,12.8898330800351,9.10224287165309
340,12.0550342875585,9.59658361330714,12.1307726431616,9.51747222111907,12.2095541628841,9.43533035221411,12.28589607635,9.35235383347176,12.3620630849098,9.26094744199603,12.4497874109248,9.19471195088256,12.5399594993837,9.12410474335693,12.6589383352706,9.09490921766582,12.7797459696069,9.08334374402322,12.8884326033188,9.10050979963661
340.166666666667,12.0542451311381,9.59739292865207,12.1300657824245,9.51814037066305,12.2089171648229,9.43594879100437,12.2852867168265,9.35293657720908,12.3614681720229,9.26139839576589,12.4489695673067,9.19490144144587,12.5389152101125,9.12410943587016,12.6577817776281,9.0939340338983,12.7784893870396,9.08195385921947,12.8869534841006,9.09877087901226
340.333333333333,12.0534451839756,9.59818831972877,12.1293577036323,9.51881608727325,12.2082912504525,9.43657693230844,12.2846838824558,9.35351873451265,12.360895256702,9.26185527008409,12.4481751607258,9.19514841193949,12.5378927788531,9.12412322045766,12.6566060936753,9.09291955184071,12.7771946466741,9.08052734927946,12.8853764838891,9.09698496511065
340.5,12.0526354320888,9.59897020899566,12.1286483314067,9.51949824055514,12.2076753650533,9.43721399182303,12.2840870644658,9.35410094953013,12.3603419463654,9.26231923635498,12.4474023487801,9.19544860783047,12.5368902197252,9.12414565769112,12.6554125197086,9.09187259662828,12.775864898684,9.07907004775618,12.8837139969855,9.09515744605022
340.666666666667,12.0518168614955,9.59973901891113,12.1279375903693,9.52018570011417,12.2070684539057,9.43785918524485,12.2834957540847,9.35468386640919,12.3598058484311,9.26279146598293,12.4466492890675,9.19579777458591,12.5359055468487,9.12417630814222,12.6542022920244,9.09079999339622,12.774503293243,9.07758778820262,12.8819784176911,9.09329370994941
340.833333333333,12.0509904582135,9.60049517193359,12.1272254051421,9.5208773355558,12.20646946229,9.43851172827061,12.2829094425407,9.35526812929749,12.3592845703173,9.26327313037231,12.4459141391859,9.19619165767286,12.5349367743435,9.12421473238267,12.6529766469189,9.08970856727974,12.7731129805248,9.07608640417176,12.8801821403071,9.09139914492667
341,12.0501572082606,9.60123909052144,12.1265117003466,9.5215720164855,12.2058773354868,9.43917083659702,12.2823276210617,9.3558543823427,12.3587757194422,9.26376540092747,12.4451950567331,9.19662600255842,12.5339819163294,9.12426049098416,12.6517368206887,9.08860514341407,12.7716971107029,9.07457172921659,12.878337559135,9.08947913910044
341.166666666667,12.0493180976545,9.6019711971331,12.1257964006047,9.52226861250872,12.2052910187764,9.43983572592079,12.2817497808758,9.35644326969247,12.358276903224,9.26426944905278,12.4444901993073,9.19709655470965,12.5330389869264,9.12431314451838,12.65048404963,9.08749654693442,12.7702588339511,9.07304959689009,12.8764570684759,9.08753908058917
341.333333333333,12.0484741124131,9.60269191422695,12.125079430538,9.52296599323093,12.2047094574392,9.44050561193861,12.2811754132112,9.35703543549448,12.3577857290807,9.26478644615259,12.4437977245061,9.19759905959364,12.5321060002543,9.12437225355702,12.6492195700393,9.086389602976,12.7688013004429,9.07152584074524,12.874553062631,9.0855843575113
341.5,12.0476262385542,9.60340166426141,12.1243607147682,9.52366302825758,12.2041315967556,9.4411797103472,12.2806040092959,9.35763152389637,12.3572998044305,9.26531756363129,12.4431157899277,9.19812926267746,12.531180970433,9.12443737867178,12.6479446182129,9.08529113667404,12.767327660352,9.07000629433504,12.8726379359018,9.08362035798527
341.666666666667,12.0467754620955,9.60410086969488,12.1236401779172,9.52435858719414,12.2035563820061,9.44185723684327,12.280035060358,9.35823217904582,12.3568167366917,9.26586397289321,12.4424425531699,9.19868290942818,12.5302619115823,9.12450808043435,12.6466604304471,9.08420797316374,12.765841063852,9.06849679121247,12.8707240825895,9.08165247012953
341.833333333333,12.0459227690548,9.60478995298577,12.1229177446066,9.52505153964606,12.2029827584711,9.44253740712353,12.2794680576256,9.35883804509049,12.3563341332823,9.26642684534273,12.4417761718307,9.19925574531288,12.5293468378222,9.12458391941644,12.6453682430385,9.08314693758033,12.7643446611166,9.0670031649305,12.8688238969954,9.07968608206252
342,12.04506914545,9.60546933659247,12.1221933394582,9.52574075521882,12.2024096714308,9.44321943688468,12.2789024923268,9.35944976617804,12.3558496016205,9.26700735238421,12.4411148035078,9.19984351579864,12.5284337632725,9.12466445618971,12.6440692922832,9.08211485505902,12.7628416023194,9.06553124904214,12.8669497734207,9.07772658190269
342.166666666667,12.0442155772988,9.60613944297339,12.1214668870936,9.52642510351786,12.2018360661659,9.44390254182343,12.2783378556897,9.36006798645613,12.3553607491244,9.26760666542201,12.4404566057994,9.20044196635253,12.5275207020531,9.12474925132589,12.6427648144777,9.08111855073502,12.761335037634,9.06408687710036,12.8651141061667,9.07577935776848
342.333333333333,12.043363050619,9.60680069458694,12.1207383121347,9.52710345414865,12.2012608879567,9.44458593763648,12.2777736389422,9.36069335007243,12.3548651832123,9.2682259558605,12.4397997363033,9.20104684244163,12.5266056682839,9.12483786539664,12.6414560459184,9.08016484974355,12.7598281172341,9.06267588265815,12.8633292895347,9.07384979777833
342.5,12.0425125514284,9.60745351389152,12.1200075392031,9.52777467671664,12.2006830820835,9.44526884002056,12.2772093333126,9.3613265011746,12.3543605113022,9.26886639510403,12.4391423526174,9.20165388953302,12.5256866760847,9.12492985897368,12.6401442229016,9.07926057721984,12.7583239912934,9.0613040992685,12.861607717826,9.07194329005069
342.666666666667,12.0416650657447,9.60809832334553,12.1192744929206,9.52843764082731,12.2001015938268,9.44595046467235,12.276644430029,9.36196808391031,12.3538443408124,9.26952915455697,12.4384826123397,9.20225885309377,12.5247617395754,9.12502479262869,12.6388305817238,9.07841255829909,12.7568258099853,9.05997736048438,12.8599617853418,9.070065222704
342.833333333333,12.0408215795859,9.60873554540737,12.1185390979089,9.52909121608611,12.1995153684671,9.44663002728858,12.2760784203193,9.36261874242721,12.3533142791609,9.27021540562369,12.437818673068,9.20285747859096,12.5238288728759,9.12512222693337,12.6375163586812,9.07762761811651,12.7553367234837,9.05870149985879,12.8584038863836,9.0682209838567
343,12.0399830789696,9.60936560253546,12.1178012787898,9.5297342720985,12.1989233512846,9.44730674356595,12.2755107954117,9.36327912087297,12.352767933766,9.27092631970853,12.4371486924003,9.20344551149166,12.522886090106,9.12522172245941,12.6362027900702,9.07691258180734,12.7538598819621,9.0574823509447,12.8569464152524,9.06641596162725
343.166666666667,12.0391505499137,9.6099889171882,12.1170609601849,9.53036567846993,12.1983244875599,9.44797982920116,12.2749410465342,9.36394986339525,12.3522029120457,9.27166306821588,12.4364708279346,9.20401869726295,12.5219314053857,9.1253228397785,12.6348911121873,9.07627427450678,12.7523984355941,9.05632574729511,12.8556017662496,9.06465554413407
343.333333333333,12.038324978436,9.61060591182398,12.116318066716,9.53098430480588,12.1977177225733,9.44864849989094,12.274368664915,9.36463161414171,12.3516168214183,9.27242682255008,12.4357832372687,9.20457278137191,12.5209628328348,9.12542513946234,12.6335825613287,9.07571952135004,12.7509555345535,9.055237522463,12.8543823336766,9.06294511949562
343.5,12.0375069649906,9.61121728062419,12.1155749322808,9.53158439243104,12.1971057647669,9.44930810830495,12.2737931318966,9.36532078936346,12.3510084308787,9.27324913515049,12.4350903455377,9.20511741354392,12.5199789946501,9.1255363606718,12.6322689915129,9.07520816061961,12.7495301009784,9.05418999318706,12.8532735441179,9.06126572013129
343.666666666667,12.0366958026643,9.61182327044219,12.1148334755073,9.53216285926666,12.1964919970282,9.44995592116105,12.2732146447406,9.36601400228354,12.3503793573123,9.27415587697763,12.4343978427051,9.20566540673209,12.5189811563897,9.1256641067233,12.6309424710517,9.0746973325377,12.7481175251218,9.05315285128993,12.85224628043,9.05959555908147
343.833333333333,12.0358905164235,9.61242363274439,12.1140929981121,9.53272258981304,12.195876376306,9.45059402522815,12.2726337685539,9.36671219250752,12.3497314799729,9.27513969721764,12.4337057836113,9.20621725124505,12.5179712972159,9.12580773442188,12.6296045576817,9.07418981514915,12.7467156593293,9.05212799295054,12.851291121322,9.05793579539611
344,12.0350901312347,9.6130181189972,12.113352801812,9.53326646857049,12.195258859549,9.45122450727514,12.2720510684434,9.36741629964098,12.3490666781144,9.27619324505664,12.4330142230968,9.20677343739145,12.5169513962907,9.12596660057258,12.6282568091397,9.07368838649877,12.7453223559465,9.05111731434784,12.850398645503,9.05628758812517
344.166666666667,12.0342936720643,9.61360648066702,12.1126121883238,9.53379738003932,12.1946394037059,9.45184945407096,12.2714671095159,9.36812726328952,12.3483868309906,9.27730916968078,12.432323216002,9.20733445547994,12.5159234327763,9.12614006198044,12.6269007831622,9.07319582463141,12.7439354673193,9.05012271166076,12.8495594316822,9.0546520963186
344.333333333333,12.0335001638789,9.61418846922025,12.1118704593643,9.53431820871983,12.1940179657255,9.4524709523845,12.2708824568781,9.3688460230587,12.3476938178552,9.27848012027619,12.4316328171672,9.20790079581914,12.5148893858349,9.1263274754505,12.625538037486,9.07271490759189,12.7425528457932,9.04914608106824,12.8487640585684,9.05303047902636
344.5,12.0327086316448,9.6147638361233,12.1111269166501,9.53483183911233,12.1933945025565,9.4530910889847,12.2702976756371,9.3695735185541,12.3469895179621,9.27969874602899,12.4309430814331,9.20847294871771,12.5138512346285,9.12652819778779,12.6241701298477,9.07224841342503,12.741172343714,9.04818931874921,12.8480031048709,9.05142389529841
344.666666666667,12.0319181003286,9.61533233284257,12.1103808618981,9.53534115571711,12.1927689711477,9.45371195064044,12.2697133308996,9.3703106893813,12.3462758105652,9.28095769612533,12.4302540636399,9.20905140448428,12.5128109583194,9.12674158579735,12.622798617984,9.07179912017568,12.7397918134272,9.0472543208826,12.8472671492987,9.04983350418469
344.833333333333,12.0311275948968,9.61589371084446,12.1096315968249,9.53584904303448,12.1921413284478,9.45433562412066,12.2691299877724,9.37105847514589,12.3455545749181,9.28224961975134,12.4295658186282,9.20963665342749,12.5117705360697,9.12696699628423,12.6214250596315,9.07136980588865,12.7384091072787,9.04634298364735,12.846546770561,9.04826046473517
345,12.0303361403157,9.61644772159539,12.1088784231475,9.53635838556475,12.1915115314056,9.45496419619427,12.2685482113624,9.37181781545345,12.3448276902748,9.28356716609314,12.4288784012384,9.210229185856,12.5107319470414,9.12720378605345,12.620051012527,9.07096324860878,12.7370220776139,9.0454572032224,12.8458325473666,9.0467059359998
345.166666666667,12.0295427615518,9.61699411656174,12.1081206425825,9.53687206780822,12.1908795369697,9.45559975363017,12.2679685667765,9.37258964990954,12.344097035889,9.28490298433688,12.4281918663109,9.21082949207844,12.5096971703969,9.12745131191006,12.618678034407,9.0705822263809,12.7356285767787,9.04459887578669,12.8451150584249,9.04517107702853
345.333333333333,12.0287464835717,9.61753264720993,12.1073575568467,9.5373929742652,12.1902453020889,9.45624438319728,12.2673916191215,9.37337491811976,12.3433644910146,9.28624972366869,12.4275062686862,9.21143806240345,12.5086681852981,9.12770893065909,12.6173076830083,9.07022951724984,12.7342264571187,9.04376989751914,12.8443848824447,9.04365704687132
345.5,12.0279463313418,9.61806306500636,12.1065884676569,9.53792398943598,12.189608783712,9.45690017166451,12.2668179335042,9.37417455968968,12.3426319349054,9.28760003327469,12.4268216632046,9.21205538713967,12.5076469709072,9.12797599910559,12.6159415160675,9.06990789926042,12.7328135709796,9.04297216459869,12.8436325981353,9.04216500457812
345.666666666667,12.0271413298285,9.61858512141744,12.1058126767298,9.53846799782088,12.1889699387877,9.45756920580077,12.2662480750314,9.37498951422488,12.3419012468151,9.28894656234103,12.4261381047067,9.21268195659574,12.5066355063865,9.12825187405458,12.6145810913212,9.06962015045748,12.731387770707,9.04220757320429,12.8428487842056,9.04069610919889
345.833333333333,12.0263305039983,9.61909856790957,12.1050294857821,9.5390278839202,12.1883287242648,9.45825357237499,12.2656826088101,9.37582072133095,12.3411743059977,9.29028196005384,12.4254556480329,9.21331826108032,12.5056357708979,9.12853591231111,12.6132279665062,9.06936904888584,12.7299469086466,9.04147801951486,12.8420240193648,9.03925151978358
346,12.0255128788178,9.61960315594914,12.1042381965307,9.53960653223423,12.1876850970919,9.45895535815607,12.265122099947,9.37666912061345,12.3404529917069,9.29159887559924,12.4247743480236,9.21396479090204,12.5046497436037,9.12882747068022,12.6118836993591,9.06915737259034,12.7284888371441,9.04078539970934,12.8411488823219,9.03783239538215
346.166666666667,12.0246874792532,9.62009863700258,12.1034381106923,9.5402068272633,12.1870390142178,9.45967664991292,12.264567113549,9.37753565167798,12.3397391831966,9.29288995816338,12.4240942595192,9.21462203636953,12.503679403666,9.12912590596695,12.6105498476165,9.0689878996158,12.7270114085452,9.04013160996666,12.8402139517861,9.03643989504455
346.333333333333,12.0238533302712,9.62058476253628,12.1026285299837,9.54083165350769,12.1863904325912,9.46041953441446,12.264018214723,9.3784212541301,12.3390347597204,9.29414785693239,12.4234154373602,9.21529048779145,12.502726730247,9.12943057497632,12.6092279690152,9.06886340800706,12.7255124751955,9.03951854646577,12.8392098064664,9.03507517782073
346.5,12.0230094568382,9.62106128401664,12.1018087561216,9.54148389546772,12.185739309161,9.46118609842959,12.2634759685757,9.3793268675754,12.3383416005324,9.29536522109239,12.4227379363871,9.21597063547644,12.5017937025087,9.12974083451338,12.6079196212918,9.06878667580894,12.7239898894407,9.03894810538559,12.8381270250718,9.03373940276067
346.666666666667,12.0221548839206,9.62152795291006,12.1009780908228,9.54216643764368,12.1850856008758,9.46197842872724,12.2629409402141,9.38025343161947,12.3376615848862,9.29653469982953,12.4220618114402,9.21666296973313,12.5008822996133,9.13005604138317,12.6066263621829,9.06876048106627,12.7224415036265,9.03842218290507,12.8369561863115,9.03243372891429
346.833333333333,12.0212879345269,9.62197987982206,12.100129051219,9.54289506950692,12.1844357471533,9.46281266658808,12.2624202909096,9.38122354581263,12.3369890831819,9.29767394656421,12.4213867236556,9.21737285880091,12.4999867640497,9.13038474966692,12.6053477019958,9.06877948883429,12.7208588612281,9.03793590644393,12.835659080332,9.03115987666599
347,12.0204083734324,9.62241373927394,12.0992564177126,9.54367979240665,12.1837948641353,9.46369984195163,12.261918944626,9.38225475368832,12.3363173909559,9.29880573207232,12.4207123366563,9.21810432090803,12.4990999834419,9.13073554717213,12.6040813372583,9.06883389037726,12.7192375448286,9.03748112946768,12.8342119571822,9.02991715936954
347.166666666667,12.0195173882543,9.62283162860583,12.0983628869262,9.54451480865994,12.1831609238572,9.46463437457506,12.261434110509,9.38334041082669,12.335646775167,9.29993038157325,12.4200387090136,9.21885582134639,12.498221904655,9.13110784129326,12.6028261050379,9.06891975305352,12.7175814654356,9.03705483722389,12.832627085425,9.028703125529
347.333333333333,12.0186161666097,9.62323564515785,12.0974511554825,9.54539432058391,12.1825318983541,9.46561068421555,12.2609629977039,9.38447387280794,12.3349775027741,9.30104822028636,12.4193658992986,9.21962582540794,12.4973524745541,9.13150103942477,12.6015808424023,9.0690331442214,12.7158945340565,9.03665401496015,12.830916733623,9.02751532364842
347.5,12.0177058961156,9.62362788627013,12.0965239200043,9.54631253049566,12.1819057596611,9.46662319063026,12.2605028153564,9.38564849521224,12.3343098407359,9.30215957343105,12.4186939660826,9.22041279838457,12.4964916400043,9.13191454896112,12.600344386419,9.06917013123924,12.7141806616989,9.03627564792402,12.8290931703391,9.02635130223186
347.666666666667,12.0167877643892,9.62401044928281,12.0955838771142,9.54726364071228,12.1812804798133,9.46766631357638,12.2600507726119,9.38685763361977,12.3336440560112,9.30326476622668,12.4180229679368,9.22121520556823,12.4956393478707,9.13234777729676,12.5991155741555,9.06932678146539,12.7124437593702,9.03591672136309,12.8271686641359,9.02520860978339
347.833333333333,12.0158629590475,9.62438543153599,12.0946337234348,9.54824185355087,12.1806540308461,9.46873447281108,12.2596040786158,9.38809464361072,12.3329804155588,9.30436412389264,12.4173529634323,9.22203151225082,12.4947955450184,9.13280013182617,12.5978932426796,9.06949916225818,12.710687738078,9.03557422052494,12.8251554835762,9.02408479480706
348,12.0149326677077,9.62475493036982,12.093676155589,9.54924137132854,12.1800243847945,9.46982208809153,12.2591599425138,9.38935288076525,12.3323191863375,9.3054579716483,12.4166840111405,9.22286018372427,12.4939601783125,9.13327101994379,12.5966762290586,9.06968334097595,12.7089165088298,9.03524513065714,12.8230658972228,9.02297740580693
348.166666666667,12.0139980779868,9.62512104312441,12.0927138701993,9.55025639636237,12.1793895136938,9.47092357917491,12.2587155734512,9.39062570066356,12.331660635306,9.30654663471303,12.4160161696324,9.2236996852805,12.4931331946181,9.13375984904409,12.5954633703603,9.06987538497704,12.7071339826331,9.03492643700726,12.8209121736384,9.02188399128705
348.333333333333,12.0130603775019,9.6254858671399,12.0917495638885,9.55128113096947,12.178747389579,9.47203336581839,12.2582681805737,9.39190645888582,12.3310050294232,9.30763043830623,12.4153494974793,9.22454848221144,12.4923145408003,9.13426602652152,12.5942535036522,9.07007136161979,12.7053440704954,9.0346151248229,12.8187065813857,9.02080209975149
348.5,12.0121207538701,9.6258514997564,12.0907859332792,9.55230977746694,12.1780959844855,9.47314586777914,12.2578149730266,9.39318851101221,12.3303526356478,9.30870970764725,12.4146840532524,9.22540503980899,12.4915041637242,9.13478895977054,12.5930454660019,9.07026733826254,12.7035506834242,9.03430817935162,12.8164613890275,9.01972927970431
348.666666666667,12.0111803947085,9.62622003831405,12.0898256749942,9.55333653817187,12.1774332704482,9.47425550481435,12.2573531599556,9.39446521262291,12.3297037209386,9.30978476795549,12.4140198955229,9.22626782336509,12.4907020102549,9.13532805618562,12.5918380944769,9.07045938226363,12.7017577324269,9.03400258584101,12.8141888651265,9.01866307964955
348.833333333333,12.0102404876342,9.62659358015297,12.0888714856561,9.55435561540138,12.1767572195025,9.47535669668118,12.256879950506,9.39572991929809,12.3290585522544,9.31085594445032,12.413357082862,9.22713529817165,12.4899080272575,9.13588272316121,12.5906302261448,9.0706435609814,12.6999691285113,9.03369532953863,12.8119012782456,9.01760104809128
349,12.0093022202643,9.62697422261329,12.0879260618876,9.55536121147254,12.1760658036834,9.47644386313681,12.2563925538235,9.39697598661795,12.328417396554,9.31192356235112,12.4126956738409,9.2280059295206,12.489122161597,9.13645236809176,12.5894206980732,9.07081594177419,12.6981887826846,9.03338339569208,12.8096108969474,9.01654073353357
349.166666666667,12.0083667802159,9.62736406303513,12.0869921003114,9.55634752870247,12.1753569950263,9.47751142393841,12.2558881790534,9.39819677016266,12.3277805207962,9.31298794687725,12.4120357270309,9.22887818270386,12.4883443601386,9.13703639837175,12.5882083473298,9.07097259200033,12.6964206059545,9.03306376954892,12.8073299897946,9.01547968448046
349.333333333333,12.007435355106,9.62776519875862,12.0860722975502,9.55730876940826,12.1746287655661,9.47855379884317,12.2553640353413,9.39938562551239,12.3271481919397,9.31404942324811,12.4113773010031,9.22975052301335,12.4875745697474,9.13763422139563,12.5869920109819,9.07110957901818,12.6946685093285,9.03273343635673,12.8050708253501,9.01441544943601
349.5,12.0065091325518,9.62817972712388,12.0851693502267,9.55823913590701,12.1738790873381,9.47956540760824,12.2548173318328,9.40053590824734,12.3265206769433,9.31510831668307,12.4107204543287,9.23062141574099,12.4868127372885,9.13824524455785,12.5857705260973,9.07122297018605,12.692936403814,9.0323893813631,12.8028456721765,9.01334557690428
349.666666666667,12.0055893001704,9.62860974547105,12.0842859549635,9.55913283051582,12.1731059323775,9.48054066999081,12.2542452776732,9.40164097394767,12.3258982427658,9.31616495240151,12.4100652455789,9.2314893261787,12.4860588096269,9.13886887525288,12.5845427297435,9.07130883286231,12.6912282004186,9.0320285898156,12.8006667988367,9.01226761538934
349.833333333333,12.0046770455788,9.62905735114025,12.0834248083834,9.55998405555179,12.1723072727195,9.48147400574805,12.2536450820081,9.40269417819357,12.3252811563661,9.3172196556228,12.409411733325,9.2323527196184,12.4853127336278,9.13950452087518,12.5833074589881,9.07136323440528,12.6895478101498,9.0316480469618,12.7985464738934,9.01117911339523
350,12.0037735563942,9.6295246414716,12.082588607109,9.56078701333201,12.1714810803992,9.48235983463713,12.253013953983,9.40368887656521,12.3246696847029,9.31827275156633,12.4087599761381,9.23321006135201,12.4845744561563,9.1401515888192,12.5820635508987,9.07138224217331,12.687899144015,9.0312447380493,12.7964969659092,9.01007761942603
350.166666666667,12.0028803041871,9.63001360350748,12.0817763878602,9.56155759793226,12.1706086571675,9.48321042357212,12.2523327475406,9.40463593215163,12.3240646917052,9.31932329144717,12.4081130840468,9.23406785356878,12.4838432257505,9.14082790192037,12.5808051890559,9.07137884534784,12.686272952368,9.0308182142238,12.7944739386947,9.00897219434723
350.333333333333,12.0019970246316,9.63052370182694,12.0809839796136,9.56231573476059,12.1696766184718,9.48404256510462,12.251588282921,9.40555251105815,12.3234664896526,9.32037016059113,12.4074734361857,9.23493307884521,12.4831183584621,9.14154952618737,12.5795291616004,9.0713691233991,12.6846571614942,9.0303714926105,12.7924277520804,9.00787291455255
350.5,12.0011223015001,9.63105325007509,12.080209267377,9.56306167313257,12.1686909068915,9.48485746744817,12.2507867187157,9.40644142338943,12.3228745180293,9.32141343538364,12.4068399947847,9.23580492305417,12.482399902427,9.14231323377451,12.5782382124398,9.07135377911855,12.6830514462993,9.02990675742612,12.7903627186592,9.00677885183836
350.666666666667,12.0002547185649,9.63160056189705,12.0794501361584,9.56379566236375,12.167657465006,9.48565633881629,12.2499342135162,9.40730547925013,12.3222882163196,9.32245319221016,12.406211722074,9.2366825720685,12.4816879057808,9.14311579683612,12.5769350854816,9.07133351529768,12.6814554816887,9.02942619288742,12.788283151024,9.00568907800104
350.833333333333,11.9993928595983,9.63216395093795,12.0787044709655,9.56451795176971,12.1665822353948,9.48644038742249,12.2490369259141,9.40814748874489,12.3217070240079,9.32348950745611,12.4055875802835,9.23756521176105,12.4809824166592,9.14395398752651,12.5756225246335,9.07130903472795,12.679868942568,9.02893198321114,12.7861933617677,9.00460266483695
351,11.9985353083725,9.63274173084289,12.0779701568063,9.56522879066599,12.1654711606373,9.48721082148031,12.2481010145009,9.40897026197837,12.3211303805784,9.32452245750696,12.4049665316434,9.23845202800467,12.4802834831979,9.14482457800001,12.574303273803,9.07128104020084,12.6782915038427,9.02842631261402,12.7840976634831,9.00351868414246
351.166666666667,11.99768064866,9.633332215257,12.0772450786886,9.56592842836815,12.1643301833131,9.48796884920327,12.2471326378681,9.40977660905521,12.3205577255155,9.32555211874813,12.4043475383837,9.23934220667222,12.4795911535325,9.14572434041093,12.5729800768976,9.07125023450783,12.6767228404184,9.02791136531281,12.7820003687631,9.00243620771393
351.333333333333,11.9968274642329,9.6339337178254,12.0765271216203,9.56661711419176,12.1631652460016,9.48871567880489,12.2461379546073,9.41056934008007,12.3199884983035,9.32657856756508,12.4037295627345,9.24023493363653,12.4789054757988,9.14665004691361,12.571655677825,9.0712173204404,12.6751626272006,9.02738932552424,12.7799057902007,9.00135430734775
351.5,11.9959743388637,9.63454455219321,12.0758141706093,9.56729509745237,12.1619822912823,9.48945251849869,12.24512312331,9.41135126515761,12.3194221384266,9.32760188034324,12.4031115669259,9.24112939477047,12.4782264981325,9.14759846966235,12.5703328204926,9.07118300079001,12.6736105390948,9.02686237746506,12.7778182403887,9.00027205484028
351.666666666667,11.9951198563245,9.63516303200554,12.0751041106635,9.56796262746555,12.1607872617347,9.49018057649821,12.2440943025677,9.41212519439246,12.3188580853692,9.32862213346807,12.4024925131878,9.24202477594688,12.4775542686693,9.14856638081148,12.5690142488082,9.07114797834815,12.6720662510067,9.02633270535201,12.7757420319201,8.99918852198789
351.833333333333,11.9942626003878,9.63578747090751,12.0743948267906,9.56861995354685,12.1595860999381,9.49090106101695,12.243057650972,9.41289393788929,12.3182957786155,9.32963940332499,12.4018713637504,9.24292026303861,12.4768888355448,9.14955055251532,12.5677027066792,9.07111295590629,12.6705294378416,9.02580249340184,12.7736814773877,8.99810278058694
352,11.9934011548259,9.63641618254425,12.0736842039987,9.56926732501183,12.1583847484722,9.49161518026845,12.2420193271144,9.41366030575275,12.3177346576499,9.33065376629946,12.4012470808437,9.24381504191851,12.4762302468947,9.15054775692819,12.5664009380133,9.07107863625591,12.6689997745052,9.02527392583128,12.7716408893843,8.99701390243381
352.166666666667,11.9925341034109,9.63704748056087,12.0729701272955,9.56990499117605,12.1571891499163,9.49232414246623,12.2409854895864,9.41442710808748,12.3171741619567,9.33166529877692,12.4006186266979,9.24470829845944,12.4755785508547,9.15155476620441,12.5651116867179,9.07104572218847,12.667476935903,9.02474918685709,12.769624580503,8.99592095932486
352.333333333333,11.9916600299153,9.63767967860249,12.0722504816889,9.57053320135507,12.1560052468499,9.49302915582381,12.2399622969796,9.41519715499814,12.3166137310201,9.33267407714281,12.3999849635428,9.24559921853424,12.4749337955606,9.15256835249831,12.5638376967007,9.07101491649547,12.6659605969405,9.02423046069599,12.7676368633365,8.99482302305647
352.5,11.9907775181114,9.63831109031423,12.0715231521868,9.57115220486445,12.1548389818524,9.49373142855472,12.2389559078854,9.41597325658939,12.3160528043246,9.33368017778257,12.3993450536087,9.24648698801576,12.474296029148,9.15358528796419,12.5625817118693,9.07098692196836,12.6644504325233,9.02371993156475,12.7656820504778,8.99371916542501
352.666666666667,11.9898851517715,9.6389400293412,12.0707860237971,9.57176225101976,12.1536962975035,9.49443216887248,12.2379724808955,9.41675822296586,12.3154908213543,9.33468367708165,12.3986978591255,9.24737079277685,12.4736652997526,9.15460234475639,12.5613464761311,9.07096244139863,12.6629461175569,9.0232197836801,12.7637644545198,8.99260845822684
352.833333333333,11.9889815146678,9.63956480932853,12.0700369815276,9.57236358913654,12.1525831363824,9.49513258499061,12.2370181746013,9.41755486423223,12.3149272215936,9.33568465142549,12.3980423423234,9.24824981869036,12.47304165551,9.15561629502923,12.5601347333939,9.07094217757776,12.6614473269468,9.02273220125877,12.7618883880553,8.99148997325833
353,11.9880651905727,9.64018374392134,12.0692739103863,9.57295646853036,12.1515054410688,9.49583388512264,12.2360991475944,9.41836599049313,12.3143614445268,9.33668317719953,12.3973774654324,9.24912325162915,12.4724251445561,9.15662391093701,12.5589492275651,9.07092683329721,12.6599537355986,9.02225936851753,12.7600581636773,8.99036278231585
353.166666666667,11.9871347632585,9.64079514676474,12.0684946953809,9.57354113851678,12.150469154142,9.49653727748209,12.2352215584663,9.41919441185321,12.3137929296382,9.33767933078922,12.3967021906826,9.24999027746605,12.4718158150264,9.15762196463407,12.5577927025523,9.07091711134846,12.6584650184178,9.0218034696731,12.7582780939786,8.98922595719578
353.333333333333,11.9861888164975,9.64139733150385,12.0676972215194,9.57411784841136,12.1494802181815,9.49724397028249,12.2343915658086,9.42004293841714,12.3132211164121,9.33867318858,12.3960154803039,9.25085008207393,12.4712137150567,9.15860722827473,12.5566679022632,9.070913714523,12.6569808503099,9.02136668894223,12.7565524915522,8.98807856969448
353.5,11.9852209306522,9.64199910537566,12.0668797879465,9.57468463338602,12.1485251532339,9.49795349102335,12.2335931387437,9.42091283242824,12.3126471055277,9.33966552679601,12.3953073098311,9.25169864729238,12.4706202903672,9.15958645162153,12.5555663960723,9.07097583148869,12.6554960989946,9.02092736355652,12.7548777615712,8.98688710243373
353.666666666667,11.9842275801159,9.642609433661,12.0660434534943,9.57523988809927,12.147585909458,9.4986640592551,12.2328059534223,9.42180178542662,12.3120724345729,9.34065688208604,12.3945708915717,9.25253378789575,12.4700364867567,9.16056888761444,12.5544778699848,9.07115642041901,12.6540070470834,9.02046561517187,12.7532450948692,8.9856261451154
353.833333333333,11.9832116897075,9.64322686707084,12.0651902427013,9.5757844010965,12.1466615746021,9.49937492126763,12.2320297289781,9.42270725146206,12.3114971983946,9.34164697147248,12.3938100429156,9.25335743915906,12.4694616024794,9.16155506317387,12.5534022428539,9.07144683836385,12.6525154918206,9.0199863046415,12.7516509825289,8.98430693015598
354,11.9821761842459,9.64384995631612,12.0643221801062,9.57631896092312,12.1457512364144,9.5000853233508,12.231264184545,9.42362668458434,12.31092149184,9.34263551197777,12.3930285812523,9.2541715363573,12.4688949357892,9.16254550522025,12.5523394335328,9.0718384423731,12.6510232304501,9.01949429281866,12.7500919156335,8.98294068997195
354.166666666667,11.9811239885498,9.64447725210779,12.0634412902475,9.57684435612453,12.1448539826431,9.5007945117945,12.2305090392567,9.42455753884325,12.3103454097562,9.3436222206243,12.3922303239716,9.25497801476546,12.4683357849401,9.16354074067399,12.5512893608749,9.07232258949665,12.6495320602159,9.01899444055655,12.7485643852657,8.98153865697981
354.333333333333,11.9800580274381,9.64510730515678,12.0625495976638,9.57736137524613,12.1439689010365,9.50150173288861,12.229764012247,9.42549726828858,12.3097690469902,9.34460681443448,12.3914190884632,9.25577880965856,12.4677834481861,9.16454129645554,12.5502519437333,9.07289063678436,12.6480437783621,9.01849160870841,12.7470648825085,8.98011206359602
354.5,11.9789812257296,9.64573866617405,12.0616491268938,9.57787080683333,12.1430950793427,9.50220623292299,12.2290288226498,9.42644332697011,12.309192498389,9.34558901043073,12.3905986921168,9.2565758563116,12.4672372237811,9.1655476994853,12.5492271009613,9.07353394128614,12.6465601821326,9.01799065812745,12.745589898445,8.97867214223709
354.666666666667,11.9778965082432,9.64636988587054,12.060741902476,9.57837343943152,12.14223160531,9.50290725818754,12.2283031895988,9.42739316893763,12.3086158587998,9.34656852563546,12.3897729523222,9.25737108999956,12.4666964099792,9.1665604766837,12.5482147514122,9.07424386005187,12.6450830687715,9.01749644966692,12.7441359241579,8.9772301253195
354.833333333333,11.9768067997976,9.64699951495719,12.059829948949,9.57887006158612,12.1413775666866,9.50360405497212,12.2275868322279,9.42834424824091,12.3080392230697,9.34754507707108,12.3889456864689,9.25816644599746,12.4661603050343,9.16758015497117,12.5472148139391,9.07501175013143,12.6436142355228,9.01701384418002,12.7426994507303,8.97579724525974
355,11.9757150252117,9.64762610414496,12.0589152908514,9.57936146184251,12.1405320512207,9.50429586956662,12.2268794696708,9.42929401892976,12.3074626860456,9.34851838175999,12.3881207119467,9.25896385958029,12.4656282072005,9.16860726126812,12.5462272073953,9.0758289685747,12.6421554796305,9.01654770251999,12.7412769692451,8.97438473447429
355.166666666667,11.9746241093044,9.64824820414478,12.0579999527219,9.57984842874612,12.1396941466604,9.50498194826091,12.2261808210612,9.43023993505395,12.3068863425748,9.34948815672462,12.3873018461454,9.25976526602306,12.4650994147316,9.16964232249499,12.5452518506341,9.07668687243158,12.6407085983386,9.01610288554006,12.7398649707852,8.97300382537964
355.333333333333,11.9735369768944,9.6488643656676,12.0570859590989,9.58033175084233,12.1388629407542,9.50566153734487,12.2254906055331,9.43117945066326,12.3063102875042,9.35045411898736,12.3864929064546,9.26057260060076,12.4645732258817,9.17068586557219,12.5442886625087,9.07757681875195,12.6392753888911,9.01568425409343,12.7384599464336,8.97166575039228
355.5,11.9724565528005,9.64947313942438,12.0561753345212,9.58081221667655,12.1380375212501,9.50633388310838,12.2248085422202,9.43211001980749,12.3057346156809,9.35141598557064,12.385697710264,9.2613877985884,12.4640489389048,9.17173841742015,12.5433375618723,9.07849016458569,12.6378576485321,9.01529666903336,12.7370583872732,8.97038174192869
355.666666666667,11.9713857618417,9.65007307612604,12.0552701035272,9.58129061479419,12.1372169758963,9.50699823184132,12.2241343502563,9.43302909653642,12.305159421952,9.35237347349685,12.3849200749634,9.26221279526097,12.4635258520548,9.17280050495929,12.5423984675782,9.0794182669827,12.6364571745055,9.01494499121305,12.735656784387,8.96916303240536
355.833333333333,11.9703275288367,9.65066272648354,12.0543722906557,9.58176773374064,12.1364003924411,9.50765382983356,12.2234677487752,9.43393413489984,12.3045848011646,9.35332629978842,12.3841638179423,9.26304952589348,12.4630032635857,9.17387265511004,12.5414712984796,9.08035248299285,12.6350757640555,9.01463408148573,12.7342516288579,8.96802085423877
356,11.9692847786043,9.65124064120783,12.0534839204451,9.58224436206132,12.1355868586327,9.50829992337498,12.2228084569107,9.43482258894753,12.3040108481657,9.35427418146774,12.3834327565907,9.26389992576093,12.4624804717516,9.17495539479282,12.5405559734298,9.08128416966603,12.6337152144259,9.01436880070464,12.7328394117688,8.96696643984543
356.166666666667,11.9682604359634,9.65180537100984,12.0526070174342,9.58272128830161,12.1347754622193,9.50893575875547,12.2221561937966,9.43569191272927,12.3034376578025,9.35521683555724,12.382730708298,9.26476593013831,12.4619567748064,9.17604925092805,12.539652411282,9.08220468405212,12.6323773228609,9.01415400972298,12.7314166242026,8.96601102164179
356.333333333333,11.9672574257328,9.65235546660053,12.0517436061614,9.58319930100693,12.1339652909492,9.50956058226489,12.2215106785666,9.43653956029486,12.302865324922,9.35615397907932,12.3820614904541,9.26564947430064,12.4614314710041,9.17715475043615,12.5387605308895,9.08310538320102,12.6310638866044,9.013994569394,12.7299797572424,8.96516583204437
356.5,11.9662786727313,9.65288947869084,12.0508957111654,9.58367918872268,12.1331554325705,9.51017364019312,12.2208716303546,9.43736298569408,12.3022939443712,9.35708532905639,12.3814289204487,9.2665524935229,12.4609038585986,9.17827242023756,12.5378802511055,9.0839776241626,12.6297767029004,9.01389534057091,12.728525301971,8.96444210346964
356.666666666667,11.9653271017778,9.65340595799171,12.0500653569848,9.58416173999425,12.1323449748314,9.51077417883005,12.2202387682944,9.4381596429767,12.3017236109973,9.35801060251087,12.3808368156714,9.2674769230801,12.460373235844,9.17940278725269,12.5370114907832,9.08481276398676,12.628517568993,9.01386118410694,12.7270497494714,8.96385106833409
356.833333333333,11.9643991375091,9.65390817412917,12.0492516648257,9.5846424802818,12.1315373362352,9.51135702709366,12.2196206334483,9.43893368932839,12.3011590750633,9.35894263976634,12.3802817195014,9.26842257405931,12.4598468707035,9.18054772440616,12.536157070017,9.08563345867872,12.6272948586061,9.01389985920298,12.7255608190096,8.96333280209521
357,11.9634882618562,9.65440070101023,12.0484514433871,9.58511694951531,12.1307362551787,9.51191919042333,12.2190241416807,9.4396917555365,12.3006039726829,9.35989195714587,12.3797555606522,9.26938730446572,12.459331334651,9.18170829233931,12.5353190380072,9.08646842072863,12.6261126190058,9.01401267995924,12.7240687887008,8.96282131890779
357.166666666667,11.9625929855792,9.65488404576735,12.0476632484469,9.58558595794496,12.1299412992509,9.51246317989107,12.2184465743287,9.44043500605338,12.3000567274792,9.36085478567106,12.3792552345155,9.27037011995159,12.4588248812064,9.18288379954762,12.5344961572657,9.08731809191377,12.6249661577499,9.01419483957797,12.7225739879021,8.96231875923434
357.333333333333,11.9617118194384,9.65535871553298,12.046885635783,9.58605031582094,12.1291520360409,9.51299150656885,12.2178852127292,9.44116460533138,12.2995157630753,9.36182735636354,12.3787776364829,9.27137002616914,12.4583257638896,9.18407355452657,12.5336871903043,9.08818291401143,12.6238507823959,9.01444153126142,12.7210767459701,8.96182726353734
357.5,11.9608432741938,9.65582521743958,12.0461171611732,9.58651083339341,12.1283680331377,9.51350668152866,12.2173373382194,9.44188171782288,12.2989795030942,9.36280590024491,12.3783196619461,9.2723860287706,12.4578322362206,9.18527686577165,12.532890899635,9.08906332879886,12.6227618005015,9.01474794821183,12.7195773922618,8.96134897227928
357.666666666667,11.9599858606055,9.6562840586196,12.0453563803956,9.58696832091256,12.1275888581301,9.51401121584249,12.2168002321362,9.44258750798021,12.2984463711588,9.3637866483368,12.3778782062965,9.2734171334082,12.4573425517192,9.18649304177834,12.5321060477697,9.08995977805336,12.6216945196241,9.01510928363145,12.7180762561341,8.96088602592264
357.833333333333,11.9591380894338,9.6567357462055,12.044601849228,9.58742358862856,12.1268140786071,9.51450762058233,12.2162711758166,9.44328314025574,12.2979147908924,9.3647658316608,12.3774501649258,9.27446234573417,12.4568549639055,9.18772139104212,12.5313313972202,9.0908727035522,12.6206442473215,9.01552073072252,12.7165736669438,8.9604405649299
358,11.9582984714387,9.65718078732973,12.0438521234483,9.5878774467916,12.1260432621578,9.51499840682017,12.2157474505977,9.44396977910182,12.2973831859178,9.36573968123854,12.3770324332257,9.27552067140075,12.4563677262992,9.18896122205847,12.5305657104985,9.09180254707265,12.6196062911512,9.01597748268728,12.7150699540477,8.96001472976357
358.166666666667,11.9574655173804,9.65761968912474,12.0431057588343,9.58833070565184,12.1252759763712,9.51548608562799,12.2152263378164,9.44464858897081,12.2968499798582,9.36670442809163,12.3766219065876,9.27659111606017,12.4558790924204,9.19021184332288,12.5298077501165,9.09274975039199,12.6185759586708,9.01647473272798,12.7135654468029,8.95961066088611
358.333333333333,11.956637738019,9.65805295872299,12.042361311164,9.58878417545948,12.1245117888361,9.51597316807779,12.2147051188098,9.44532073431506,12.2963135963366,9.36765630324169,12.3762154804033,9.27767268536465,12.455387315789,9.19147256333082,12.5290562785861,9.0937147552875,12.617548557438,9.01700767404686,12.712060474566,8.95923049876003
358.5,11.9558136441147,9.65848110325694,12.0416173362154,9.58923866646468,12.1237502671416,9.51646216524154,12.2141810749149,9.44598737958693,12.295772458976,9.36859153771032,12.3758100500643,9.27876438496644,12.4548906499249,9.19274269057779,12.5283100584192,9.09469800353646,12.6165193950103,9.01757149984617,12.7105553666941,8.9588763838478
358.666666666667,11.9549917464276,9.65890462985903,12.0408723897662,9.58969498891763,12.1229909788766,9.51695558819123,12.2136514874687,9.44664968923877,12.2952249913995,9.36950636251915,12.3754025109623,9.27986522051775,12.4543873483481,9.19402153355927,12.5275678521277,9.09569993691613,12.6154837789453,9.01816140332816,12.7090504525439,8.95855045661192
358.833333333333,11.9541705557178,9.65932404566172,12.0401250275943,9.5901539530685,12.1222334916301,9.51745594799887,12.2131136378083,9.44730882772294,12.2946696172302,9.37039700868978,12.3749897584888,9.28097419767083,12.4538756645783,9.19530840077074,12.5268284222235,9.0967209972038,12.6144370168006,9.01877257769506,12.7075460614724,8.95825485751486
359,11.9533485827456,9.65973985779747,12.0393738054778,9.59061636916748,12.1214773729912,9.51796575573642,12.2125648072705,9.4479659594918,12.294104760091,9.37125970724382,12.3745686880354,9.2820903220779,12.4533538521357,9.19660260070767,12.5260905312184,9.09776162617674,12.6133744161339,9.01940021614912,12.7060425228364,8.95799172701913
359.166666666667,11.9525243382709,9.66015257339873,12.0386172791945,9.59108304746473,12.1207221905487,9.51848752247589,12.2120022771926,9.4486222489977,12.293528843605,9.37209068920291,12.3741361949937,9.2832125993912,12.45282016454,9.19790344186556,12.5253529416245,9.09882226561223,12.6122912845027,9.02003951189258,12.7045401659927,8.95776320558719
359.333333333333,11.951696333054,9.66056269959796,12.0378540045222,9.59155479821044,12.1199675118917,9.51902375928925,12.2114233289114,9.44927886069299,12.2929402913953,9.37288618558863,12.3736891747554,9.28434003526295,12.4522728553112,9.19921023273989,12.5246144159536,9.09990335728755,12.6111829294647,9.0206856581277,12.7030393202983,8.95757143368155
359.5,11.950863077855,9.6609707435276,12.0370825372389,9.59203243165479,12.1192129046092,9.5195769772485,12.210825243764,9.44993695903004,12.2923375270848,9.37364242742262,12.373224522712,9.28547163534539,12.4517101779693,9.20052228182613,12.5238737167176,9.10100534297997,12.6100446585773,9.02133384805671,12.70154031511,8.95741855176468
359.666666666667,11.9500230834341,9.66137721232012,12.0363014331224,9.59251675804795,12.11845793629,9.52014968742562,12.2102053030874,9.45059770846119,12.2917189742968,9.37435564572648,12.3727391342552,9.28660640529075,12.4511303860342,9.20183889761978,12.5231296064284,9.10212866446677,12.6088717793983,9.02197927488185,12.7000434797847,8.95730670029908
359.833333333333,11.9491748605513,9.66178261310796,12.0355092479508,9.5930085876401,12.1177021745232,9.5207444008926,12.2095607882186,9.4512622734388,12.2910830566541,9.37502207152182,12.3722299047765,9.28774335075126,12.4505317330258,9.20315938861631,12.522380847598,9.10327376352523,12.6076595994853,9.02261713180538,12.6985491436792,8.95723801974723
360,11.9483169199669,9.66218745302358,12.0347045375018,9.59350873068143,12.1169451868978,9.52136362872143,12.2088889804947,9.45193181841524,12.2904281977798,9.37563793583027,12.3716937296676,9.28888147737915,12.4499124724639,9.20448306331121,12.5216262027382,9.10444108193262,12.6064034263957,9.02324261202954,12.6970576361505,8.95721465057162
360.166666666667,11.9474492393189,9.66259168194842,12.0338927523359,9.59402700742048,12.1161897331063,9.52201940822115,12.2081823291647,9.45260758083395,12.2897447216806,9.37620789689677,12.3711272645403,9.29002688683741,12.449262880102,9.20581961008763,12.5208625064906,9.10565389348195,12.6050732161046,9.02388023702057,12.6955708965298,8.95723597718865
360.333333333333,11.9465735734815,9.66299470777368,12.0330798637015,9.5945702718767,12.1154385036771,9.52271876886131,12.2074374533236,9.45328915627812,12.2890264161899,9.37674165878294,12.3705310663778,9.29118568006624,12.4485767817484,9.2071775923882,12.5200887327674,9.10693108866618,12.6036501633072,9.02455655131784,12.6940900616597,8.95729855608347
360.5,11.9456910990685,9.66339622464652,12.0322652084084,9.59513488495666,12.1146909624524,9.5234567099546,12.2066578890775,9.45397524640966,12.2882769006712,9.37724302123543,12.3699078826292,9.29235686163372,12.4478577560063,9.20855463129762,12.5193068529866,9.10826653431251,12.6021464336421,9.02526978273324,12.692614257164,8.9574002858217
360.666666666667,11.9448029926939,9.66379592671407,12.0314481232666,9.5957172075669,12.1139465732747,9.52422823081373,12.2058471725325,9.4546645528905,12.2874997944878,9.37771578400087,12.3692604607435,9.29353943610792,12.4471093814785,9.20994834790057,12.5185188385659,9.10965409724814,12.6005741927478,9.02601815907866,12.6911426086663,8.95753906496893
360.833333333333,11.9439104309717,9.66419350812348,12.0306279450858,9.59631360061396,12.1132047999866,9.52502833075142,12.2050088397944,9.45535577738255,12.2866987170031,9.37816374682589,12.3685915481697,9.29473240805691,12.4463352367681,9.21135636328177,12.5177266609232,9.11108764430026,12.5989456062628,9.02679990816601,12.6896742417904,8.95771279209077
361,11.9430145905157,9.6645886630219,12.029804010676,9.5969204250044,12.1124651064304,9.52585200908037,12.2041464269694,9.45604762154773,12.2858772875806,9.37859070945712,12.3679038923568,9.29593478204877,12.4455389004781,9.21277629852591,12.5169322914764,9.11256104229607,12.5972728398255,9.02761325780718,12.68820828216,8.95791936575281
361.166666666667,11.9421166479399,9.66498108555645,12.0289756568469,9.59753404164474,12.1117269564485,9.52669426511329,12.2032634701634,9.45673878704796,12.2850391255836,9.3790004716412,12.3672002407536,9.29714556265157,12.4447239512115,9.21420577471768,12.5161377016433,9.11406815806277,12.5955680590744,9.02845643581406,12.6867438553988,8.95815668452067
361.333333333333,11.9412177798583,9.6653704698743,12.0281422204085,9.59815081144155,12.1109898138835,9.52755009816289,12.2023635054825,9.45742797554515,12.2841878503756,9.37939683312477,12.3664833408094,9.29836375443339,12.4438939675712,9.21564241294179,12.5153448628417,9.11560285842755,12.5938434296481,9.02932766999855,12.6852800871305,8.95842264695995
361.5,11.9403191628848,9.66575651012257,12.0273030381707,9.59876709530137,12.1102531425777,9.52841450754188,12.2014500690327,9.45811388870124,12.28332708132,9.37978359365446,12.3657559399729,9.29958836196229,12.4430525281602,9.21708383428292,12.5145557464895,9.11715901021762,12.592111117185,9.03022518817256,12.6838161029789,8.95871515163625
361.666666666667,11.9394219736333,9.66613890044842,12.0264574469433,9.59937925413075,12.1095164063735,9.52928249256297,12.20052669692,9.45879522817813,12.28246043778,9.38016455297689,12.3650207856933,9.30081838980636,12.4422032115814,9.21852765982579,12.5137723240046,9.11873048026016,12.5903832873236,9.03114721814797,12.6823510285676,8.95903209711517
361.833333333333,11.9385273887177,9.66651733499899,12.0256047835361,9.59998364883622,12.1087790691135,9.53014905253887,12.1995969252503,9.45947069563776,12.2815915391192,9.38054351083872,12.3642806254195,9.30205284253366,12.441349596438,9.21997151065507,12.5129965668048,9.12031113538237,12.5886721057023,9.03209198773669,12.6808839895204,8.95937138196232
362,11.9376365847521,9.66689150792141,12.024744384759,9.60057664032435,12.10804059464,9.53100918678228,12.1986642901298,9.46013899274202,12.280724004701,9.38092426698656,12.3635382066005,9.30329072471228,12.4404952613328,9.22141300785548,12.5122304463079,9.12189484241146,12.5869897379598,9.0330577247506,12.6794141114609,8.9597309047433
362.166666666667,11.9367507383503,9.66726111336285,12.0238755874219,9.60115458950167,12.1073004467955,9.53185789460592,12.1977323276645,9.46079882115285,12.2798614538887,9.38131062116705,12.3627962766853,9.30453104091028,12.4396437848689,9.22284977251171,12.5114759339319,9.12347546817462,12.5853483497344,9.03404265700161,12.677940520013,8.96010856402371
362.333333333333,11.9358710261262,9.66762584547042,12.0229977283346,9.60171385727473,12.1065580894224,9.53269017532249,12.1968045739603,9.46144888253217,12.2790075060458,9.38170637312684,12.3620575831228,9.30577279569573,12.4387987456492,9.22427942570846,12.5107350010945,9.12504687949904,12.5837601066646,9.03504501230162,12.6764623408002,8.96050225836917
362.5,11.9349986246938,9.66798539839128,12.022110144307,9.60225080455008,12.1058129863631,9.5335010282447,12.1958845651232,9.46208787854189,12.2781657805356,9.38211532261255,12.3613248733622,9.30701499363672,12.4379637222767,9.22569958853042,12.5100096192136,9.12660294321192,12.582237174389,9.03606301846252,12.6749786994464,8.96090988634526
362.666666666667,11.9341347106671,9.66833946627258,12.021212172149,9.60276179223426,12.1050646014602,9.53428545268526,12.1949758372594,9.46271451084393,12.2773398967215,9.38254126937081,12.3606008948523,9.30825663930131,12.4371422933544,9.22710788206229,12.5093017597071,9.12813752614046,12.580791718546,9.0370949032962,12.6734887215752,8.9613293465176
362.833333333333,11.93328046066,9.66868774326145,12.0203031486705,9.60324318123383,12.104312398556,9.53503844795688,12.1940819264747,9.46332748110021,12.276533473967,9.38298801314826,12.3598883950421,9.30949673725758,12.4363380374853,9.22850192738877,12.5086133939927,9.12964449511186,12.5794359047741,9.03813889461456,12.6719915328104,8.96175853745178
363,11.9324370512864,9.66902992350504,12.0193824106812,9.60369133245532,12.1035558414929,9.53575501337228,12.1932063688753,9.46392549097266,12.2757501316355,9.38345935369153,12.3591901213807,9.3107342920736,12.4355545332723,9.22987934559455,12.5079464934884,9.13111771695331,12.5781818987118,9.0391932202295,12.6704862587757,8.96219535771342
363.166666666667,11.9316056591603,9.66936570115049,12.018449294991,9.60410260680528,12.1027943941135,9.53643014824415,12.1923527005671,9.46450724212318,12.2749934890903,9.38395909074727,12.358508821317,9.31196830831745,12.4347953593185,9.23123775776434,12.5073030296121,9.13255105849201,12.5770418659976,9.04025610795293,12.6689720250947,8.96263770586811
363.333333333333,11.9307874608955,9.66969477034495,12.0175031384099,9.60447336519027,12.1020275202601,9.53705885188521,12.1915244576561,9.4650714362137,12.2742671656948,9.38449102406209,12.3578472423001,9.3131977905572,12.4340640942268,9.23257478498283,12.5066849737815,9.13393838655516,12.57602797227,9.04132578559672,12.6674479573913,8.96308348048146
363.5,11.9299760130628,9.67001413539919,12.016520926698,9.60481146001629,12.1012458503749,9.53765420837144,12.1907069840265,9.46562540762771,12.2735602007136,9.38507193278049,12.357193378189,9.31445667960512,12.4333386811981,9.23391539479646,12.5060762124806,9.13531008982625,12.5750821300035,9.04244435152841,12.6658806884927,8.96359869669467
363.666666666667,11.9291647298457,9.67032191875599,12.0154850454461,9.60512854711027,12.1004426104338,9.53823322669705,12.189884424281,9.46617678413894,12.2728593995367,9.38571124312673,12.3565344233336,9.31577296051274,12.4325972966719,9.23528222508912,12.5054611928981,9.13669764424811,12.5741406726796,9.04364796610368,12.6642448840027,8.96424151236873
363.833333333333,11.9283545742778,9.67061949176054,12.0144029312099,9.60542669251009,12.0996211575798,9.53879679355208,12.1890585156038,9.4667247074947,12.2721650307159,9.38640172546718,12.3558719259184,9.31713670420698,12.4318438691091,9.23666940245173,12.5048427275089,9.13809654753692,12.5732073974468,9.0449259501167,12.6625517187093,8.96499804014892
364,11.9275465093925,9.67090822575802,12.0132820205449,9.60570796225362,12.0987848489558,9.53934579562656,12.1882309951791,9.4672683194423,12.2714773628031,9.3871361501682,12.3552074341281,9.31853798161476,12.4310823269706,9.23807105347518,12.5042236287877,9.13950229740887,12.5722861014538,9.04626762436162,12.6608123674004,8.96585439268054
364.166666666667,11.9267414982235,9.67118949209359,12.012129750007,9.60597442237877,12.097937041705,9.53988111961055,12.1874036001909,9.46780676172904,12.2707966643501,9.38790728759615,12.3545424961473,9.31996686366301,12.4303165987175,9.23948130475039,12.5036067092094,9.14091039158015,12.5713805818492,9.0476623096326,12.6590380048642,8.96679668260885
364.333333333333,11.9259405038041,9.67146466211242,12.0109535561519,9.6062281389234,12.0970810929703,9.54040365219407,12.1865780678235,9.46833917610224,12.2701232039088,9.38870790811737,12.3538786601607,9.32141342127866,12.4295506128106,9.24089428286824,12.5029947812489,9.14231632776693,12.5704946357815,9.0490993267238,12.6572398058885,8.96781102257915
364.5,11.9251444891679,9.67173510715971,12.0097608755351,9.6064711779254,12.0962203598946,9.54091428006716,12.185756135261,9.46886470430918,12.2694572500309,9.38953078209823,12.353217474353,9.32286772538863,12.4287882977109,9.24230411441965,12.502390657381,9.14371560368541,12.5696320603996,9.05056799642938,12.6554289452615,8.96888352523673
364.666666666667,11.9243544173483,9.6720021985806,12.0085591447124,9.60670560542266,12.0953581996211,9.54141388991988,12.1849395396875,9.4693824880972,12.2687990712683,9.39036867990508,12.3525604869088,9.32431984691984,12.4280335818793,9.24370492599551,12.5017971500805,9.14510371705177,12.5687966528519,9.05205763954348,12.6536165977712,8.97000030322686
364.833333333333,11.9235712513789,9.67226730772029,12.0073558002394,9.60693348745306,12.0944979692926,9.54190336844224,12.1841300182872,9.46989166921358,12.2681489361729,9.39121437190429,12.3519092460127,9.32575985679923,12.4272903937769,9.24509084418674,12.5012170718223,9.14647616558219,12.567992210287,9.05355757686028,12.6518139382056,8.97114746919484
365,11.9227959542932,9.67253180592395,12.0061582786719,9.60715689005449,12.0936430260523,9.5423836023243,12.1833293082441,9.47039138940563,12.2675071132964,9.39206062846219,12.3512652998494,9.32717782595372,12.4265626618645,9.24645599558422,12.5006532350812,9.14782844699287,12.5672225298537,9.05505712917393,12.6500321413526,8.97231113578595
365.166666666667,11.9220294891246,9.67279706453674,12.0049740165656,9.60737787926482,12.092796727043,9.54285547825609,12.1825391467426,9.47088079042067,12.2668738711907,9.39290021994516,12.3506301966036,9.32856382531023,12.425854314603,9.24779450677888,12.5001084523321,9.14915605899998,12.5664914087004,9.05654561727859,12.6482823820005,8.97347741564547
365.333333333333,11.9212728189067,9.67306445490385,12.003810450476,9.60759852112194,12.0919624294079,9.54331988292765,12.1817612709666,9.47135901400599,12.2662494784076,9.39372591671955,12.3500054844599,9.32990792579569,12.4251692804535,9.24910050436159,12.4995855360497,9.15045449931971,12.5658026439759,9.05801236196841,12.6465758349371,8.97463242141868
365.5,11.920526906673,9.67333534837045,12.002675016959,9.60782088166374,12.0911434902899,9.54377770302902,12.1809974181004,9.4718252019089,12.265634203499,9.39453048915171,12.3493927116029,9.33120019833702,12.4245114878769,9.25036811492329,12.499087298709,9.15171926566826,12.5651600328288,9.05944668403755,12.6449236749504,8.97576226575089
365.666666666667,11.9197927154569,9.6736111162817,12.0015751525702,9.6080470269281,12.0903432668319,9.54422982525024,12.1802493253281,9.47227849587672,12.2650283150166,9.395306707608,12.3487934262174,9.33243071386116,12.4238848653341,9.25159146505485,12.4986165527847,9.1529458557618,12.5645673724077,9.06083790428017,12.6433370768286,8.97685306128735
365.833333333333,11.919071208292,9.6738931299828,12.0005182938652,9.6082790229529,12.0895651161771,9.54467713628136,12.1795187298339,9.47271803765674,12.2644320815124,9.39604734245479,12.3482091764879,9.33358954329503,12.4232933412861,9.25276468134718,12.4981761107517,9.15412976731651,12.5640284598611,9.06217534349043,12.6418272153596,8.97789092067337
366,11.9183633482117,9.6741827608189,11.9995118773998,9.60851893577603,12.0888123954684,9.5451205228124,12.1788073688018,9.47314296899627,12.2638457715381,9.39674516405841,12.3476415105991,9.33466675756554,12.4227408441937,9.2538818903912,12.4977687850849,9.1552664980486,12.5635470923378,9.06344832246249,12.6404052653315,8.97886195655424
366.166666666667,11.9176700982496,9.67448138013519,11.9985633397297,9.60876883143537,12.0880884618488,9.5455608715334,12.178116979416,9.47355243164262,12.2632696536456,9.39739294278524,12.3470919767356,9.33565242759964,12.4222313025181,9.2549372187778,12.4973973882591,9.15635154567423,12.5631270669863,9.0646461619905,12.6390824015322,8.97975228157522
366.333333333333,11.9169924214392,9.67479035927684,11.9976801174105,9.6090307759688,12.0873966724613,9.54599906913441,12.1774492988607,9.47394556734309,12.2627039963867,9.39798344900163,12.3465621230822,9.33653662432424,12.42176864472,9.25592479309788,12.4970647327491,9.1573804079096,12.5627721809553,9.06575818286862,12.6378697987499,8.98054800838161
366.5,11.9163312808139,9.67511106958902,11.9968696469979,9.60930683541421,12.0867403844489,9.54643600230547,12.1768060643201,9.474321517845,12.2621490683132,9.39850945307392,12.3460534978235,9.33730941866627,12.4213567992605,9.25683873994235,12.4967736310297,9.15834858247089,12.5624862313934,9.06677370589101,12.6367786317724,8.98123524961869
366.666666666667,11.9156876394073,9.67544488241691,11.9961393650476,9.60959907580949,12.0861229549547,9.54687255773661,12.1761890129782,9.47467942489564,12.261605137977,9.39896372536849,12.345567649144,9.33796088155265,12.4209996946005,9.2576731859021,12.4965268955759,9.15925156707428,12.5622730154492,9.06768205185183,12.6358200753879,8.98180011793175
366.833333333333,11.9150612282499,9.67579181729611,11.9954688751574,9.60990661372739,12.0855359185486,9.54730710776973,12.1755917343815,9.4750218393062,12.261068761786,9.39936879055516,12.3450972229452,9.33853088869943,12.420682192809,9.25847263905952,12.4963042948832,9.16010730677896,12.5620999588614,9.06852352223294,12.6349431081053,8.98229984912063
367,11.9144503373821,9.67615050919151,11.9948310994427,9.61022648612187,12.0849677533848,9.54773742240416,12.1750064909803,9.4753523961282,12.2605366410184,9.39975298812455,12.3446340188804,9.33906748496183,12.420385385497,9.25928186325669,12.4960843536689,9.16093733349729,12.5619322128681,9.06934524287163,12.6340896745478,8.98279912276999
367.166666666667,11.9138537683519,9.67652025259219,11.9942234522357,9.61055763960265,12.0844172319824,9.54816348481613,12.1744330293138,9.47567186346936,12.2600092615322,9.40011781067419,12.3441783157623,9.33957299497551,12.4201075454383,9.26009536872413,12.49586801874,9.16174252522525,12.5617701628666,9.07014677109516,12.6332603986752,8.98329521720239
367.333333333333,11.9132703227072,9.6769003419872,11.9936433478684,9.61089902077941,12.0838831268605,9.54858527818187,12.1738710959217,9.47598100943744,12.2594871091849,9.40046475080163,12.3437303924039,9.34004974337616,12.4198469454068,9.26090766569234,12.4956562369035,9.16252375995882,12.5616141942544,9.07092766423083,12.6324559044471,8.98378541074036
367.5,11.9126988019962,9.67729007186565,11.9930882006731,9.61124957626185,12.0833642105381,9.54900278567759,12.1733204373432,9.4762806021402,12.2589706698343,9.40079530110441,12.3432905276177,9.34050005479945,12.4196018581763,9.26171326439181,12.4954499549663,9.16328191569397,12.5614646924287,9.0716874796059,12.6316768158233,8.98426698170644
367.666666666667,11.9121380077667,9.67768873671658,11.9925554249818,9.61160825265966,12.0828592555343,9.54941599047952,12.1727808001181,9.47657140968538,12.2584604293381,9.40111095418008,12.3428590002167,9.34092625388107,12.4193705565206,9.26250667505306,12.4952501197356,9.16401787042669,12.5613220427871,9.07242577454765,12.6309237567635,8.98473720842318
367.833333333333,11.9115867415668,9.67809563102909,11.9920424351266,9.61197399658256,12.0823670343681,9.54982487576388,12.1722519307856,9.47685420018073,12.2579568735541,9.40141320262616,12.3424360890135,9.34133066525668,12.4191513132137,9.26328240790657,12.4950576780183,9.16473250215295,12.5611866307268,9.07314210638336,12.6301973512273,8.98519336921311
368,11.9110438049444,9.67851004929224,11.9915466454397,9.61234575464022,12.0818863195587,9.55022942470691,12.1717335758852,9.477129741734,12.25746048834,9.40170353904021,12.3420220728211,9.34171561356197,12.4189424010293,9.26403497318286,12.4948735766214,9.16542668886872,12.5610588416453,9.07383603244031,12.6294982231745,8.98563274239878
368.166666666667,11.9105079994477,9.67893128599512,11.9910654702533,9.61272247344235,12.081415883625,9.55062962048481,12.1712254819566,9.47739880245294,12.2569717595534,9.40198345601977,12.341617230452,9.34208342343262,12.4187420927414,9.26475888111243,12.494698762352,9.16610130857,12.56093906094,9.07450711004577,12.6288269965648,8.98605260630272
368.333333333333,11.9099781266246,9.67935863562679,11.9905963238993,9.61310309959865,12.0809544990863,9.55102544627382,12.170727395539,9.4776621504453,12.2564911730521,9.40225444616238,12.3412218407192,9.3424364195043,12.4185486611236,9.26544864192577,12.4945341820171,9.16675723925275,12.5608276740083,9.07515489652702,12.6281842953578,8.98645023924749
368.5,11.9094529880231,9.67979139267633,11.99013662071,9.61348657971881,12.0805009384615,9.55141688525015,12.170239063172,9.47792055381883,12.2560192146939,9.40251800206557,12.3408361824354,9.34277692641269,12.41836037895,9.2660987658534,12.4943807824236,9.16739535891295,12.5607250662475,9.07577894921134,12.6275707435133,8.98682291955561
368.666666666667,11.9089313851911,9.68022885163282,11.9896837750175,9.61387186041253,12.0800539742697,9.55180392059004,12.169760231395,9.47817478068129,12.2555563703364,9.40277561632689,12.3404605344134,9.34310726879347,12.4181755189944,9.26670376312581,12.4942395103786,9.16801654554658,12.5606316230551,9.076378825426,12.626986964991,8.98716792554964
368.833333333333,11.9084121196768,9.68067030698533,11.9892352011539,9.61425788828951,12.0796123790299,9.5521865354697,12.1692906467476,9.47842559914041,12.2551031258373,9.40302878154388,12.340095175466,9.34342977128232,12.4179923540305,9.26725814397351,12.4941113126891,9.16862167714962,12.5605477298284,9.07695408249828,12.6264335837505,8.9874825355521
369,11.9078939930281,9.68111505322293,11.9887883134513,9.61464360995944,12.0791749252613,9.55256471306536,12.1688300557691,9.47867377730396,12.2546599670544,9.40327899031408,12.3397403844059,9.34374675851491,12.4178091568323,9.26775641862699,12.4939971361621,9.16921163171805,12.5604737719648,9.07750427775546,12.6259112237515,8.98776402788555
369.166666666667,11.9073758067931,9.6815623848347,11.9883405262419,9.61502797203201,12.078740385483,9.55293843655324,12.1683782049991,9.47892008327968,12.2542273798454,9.40352773523504,12.3393964400459,9.34406055512692,12.4176242001735,9.26819309731677,12.4938979276046,9.16978728724784,12.5604101348618,9.07802896852482,12.6254205089539,8.98800968087252
369.333333333333,11.9068563625196,9.68201159630972,11.9878892538578,9.61540992111694,12.0783075322139,9.55330768910957,12.167934840977,9.47916528517532,12.2538058500681,9.40377650890429,12.3390636211988,9.34437348575404,12.4174357568281,9.26856269027334,12.4938146338237,9.17034952173497,12.5603572039167,9.07852771213363,12.6249620633171,8.98821677283556
369.5,11.9063344617558,9.68246198213706,11.9874319106311,9.61578840382391,12.0778751379732,9.55367245391057,12.1674997102423,9.47941015109863,12.25339586358,9.40402680391938,12.3387422066774,9.34468787503193,12.4172420995699,9.26885970772721,12.4937482016264,9.17089921317542,12.5603153645269,9.07900006590916,12.6245365108011,8.9883825820972
369.666666666667,11.9058089060496,9.6829128368058,11.9869659108939,9.61616236676262,12.0774419752799,9.55403271413246,12.1670725593344,9.47965544915736,12.252997906239,9.40428011287785,12.3384324752944,9.34500604759628,12.4170415011726,9.26907865990887,12.4936995778195,9.17143723956518,12.5602850020898,9.07944558717871,12.6241444753653,8.98850438697999
369.833333333333,11.9052784969491,9.683363454805,11.9864886689784,9.61653075654276,12.0770068166531,9.55438845295146,12.1666531347929,9.47990194745926,12.2526124639028,9.40453792837723,12.3381347058627,9.34533032808275,12.4168322344103,9.26921405704883,12.4936697092103,9.1719644789002,12.5602665020028,9.07986383326953,12.6237865809697,8.98857946580647
370,11.9047420360022,9.68381313062375,11.9859975992166,9.61689251977404,12.0765684346119,9.55473965354381,12.1662411831572,9.48015041411209,12.2522400224291,9.40480174301507,12.337849177195,9.34566304112704,12.4166125720567,9.2692604093776,12.4936595426057,9.17248180917648,12.5602602496632,9.08025436150892,12.6234634515737,8.98860509689917
370.166666666667,11.9042052910717,9.68426924344028,11.9855002936051,9.61724883696453,12.0761333932991,9.55508195766607,12.1658442049378,9.48039443002324,12.2518852512717,9.40506076622311,12.3375809789728,9.3459937050719,12.416391067625,9.26923402320532,12.493681165338,9.17297690702372,12.5602672338517,9.08061264592488,12.6231741408991,8.98859236373138
370.333333333333,11.9036742433908,9.68473851126676,11.9850058277058,9.61760189922075,12.0757082823562,9.55541203959473,12.165468139042,9.48062805139138,12.2515508698534,9.40530473870814,12.3373333109515,9.34631138105429,12.4161765307907,9.26915850416053,12.4937430510891,9.17343957159277,12.560287223081,9.08093716062291,12.6229149500741,8.98855592052699
370.5,11.9031480145629,9.68521923684322,11.9845138411997,9.61795216905006,12.0752919125509,9.55573143128584,12.1651103896046,9.48085275926117,12.2512344389857,9.40553594998034,12.3371036170541,9.3466177079012,12.4159676185709,9.26903931145129,12.4938407261902,9.17387386466137,12.5603187723464,9.08123196304645,12.6226823741683,8.98849840173454
370.666666666667,11.9026257261917,9.68570972290963,11.9840239737674,9.61830010895984,12.0748830946508,9.55604166469548,12.1647683607603,9.48107003467727,12.2509335194801,9.40575668954984,12.3368893412039,9.34691432443963,12.4157629879827,9.26888190428565,12.4939697169726,9.17428384800722,12.5603604366435,9.08150111063896,12.6224729082516,8.98842244180251
370.833333333333,11.9021064998807,9.68620827220602,11.9835358650896,9.61864618145746,12.0744806394231,9.55634427177971,12.1644394566438,9.48128135868432,12.2506456721481,9.40596924692681,12.336687927324,9.34720286949655,12.4155612960432,9.26869174187166,12.4941255497676,9.17467358340806,12.5604107709677,9.08174866084392,12.6222830473937,8.98833067517943
371,11.9015894572334,9.68671318747238,11.9830491548473,9.61899084905028,12.0740833576356,9.5566407844946,12.1641210813899,9.48148821232697,12.2503684578011,9.40617591162139,12.3364968193376,9.34748498189895,12.4153611997695,9.26847428341739,12.4943037509062,9.1750471326416,12.5604683303145,9.08197867110477,12.6221092866643,8.9882257363138
371.166666666667,11.9010737198534,9.68722277144871,11.982563482721,9.61933457424567,12.0736900600558,9.55693273479621,12.1638106391334,9.48169207664989,12.2500994372506,9.40637897314374,12.3363134611679,9.34776230047384,12.4151613561788,9.2682349881309,12.49449984672,9.17540855748558,12.5605316696795,9.08219519886499,12.6219481211333,8.98811025965413
371.333333333333,11.9005584093443,9.68773532687502,11.9820784883917,9.61967781955101,12.073299557451,9.55722165464062,12.1635055340089,9.48189443269772,12.2498361713081,9.40658072100401,12.336135296738,9.34803646404819,12.4149604222881,9.26797931522023,12.4947093635399,9.1757619197177,12.560599344058,9.08240230156801,12.6217960458703,8.98798687964893
371.5,11.9000426473096,9.68824915649131,11.98159381154,9.62002104747366,12.0729106605889,9.55750907598387,12.1632031701513,9.48209676151511,12.249576220785,9.40678344471237,12.3359597699711,9.348309111449,12.4147570551146,9.26771272389345,12.4949278276974,9.17611128111568,12.5606699084455,9.08260403665731,12.621649555945,8.98785823074671
371.666666666667,11.8995255553528,9.68876256303758,11.9811090918467,9.62036472052099,12.072522180237,9.55779653078206,12.1629009516953,9.48230054414672,12.2493171464928,9.40698943377895,12.3357843247905,9.34858188150325,12.4145499116754,9.26744067335861,12.4951507655236,9.17646070345727,12.5607419178376,9.08280446157635,12.6215051464273,8.98772694739599
371.833333333333,11.8990062550776,9.68927384925384,11.9806239689925,9.62070930120037,12.0721329271628,9.55808555099123,12.1625962827756,9.4825072616372,12.249056509243,9.40720097771392,12.3356064051192,9.34885641303794,12.4143376489875,9.26716862282377,12.4953737033499,9.17681424852016,12.5608139272296,9.08300763376859,12.6213593123869,8.98759566404526
372,11.8984838680875,9.68978131788009,11.9801380826583,9.62105525201918,12.0717417121337,9.55837766856745,12.162286567527,9.48271839503121,12.248791869847,9.40742036602742,12.3354234548805,9.34913434488005,12.4141189240683,9.26690203149699,12.4955921675074,9.17717597808209,12.5608844916172,9.08321761067748,12.6212085488936,8.98746701514304
372.166666666667,11.8979575159859,9.69028327165632,11.9796510725247,9.62140303548476,12.0713473459174,9.5586744154668,12.1619692100842,9.48293542537339,12.2485207891163,9.40764988822962,12.3352329179976,9.34941731585657,12.4138923939346,9.26664635858632,12.4958016843273,9.17754995392078,12.5609521659957,9.08343844974649,12.621049351017,8.98734363513785
372.333333333333,11.8974263203766,9.69077801332255,11.9791625782727,9.62175311410451,12.0709486392813,9.55897732364534,12.1616416145819,9.4831598337084,12.2482408278624,9.40789183383066,12.3350322383935,9.3497069647945,12.4136567156037,9.26640706329982,12.495997780141,9.17794023781394,12.5610155053606,9.08367420841907,12.6208782138269,8.98722815847818
372.5,11.896889402863,9.69126384561877,11.9786722395828,9.62210595038578,12.0705444029929,9.55928792505912,12.161301185155,9.48339310108089,12.2479495468966,9.4081484923407,12.3348188599916,9.35000493052081,12.4134105460927,9.26618960484555,12.4961759812797,9.17835089153931,12.5610730647074,9.08392894413869,12.6206916323931,8.98712321961255
372.666666666667,11.8963458850486,9.691739071285,11.9781796961359,9.62246200683595,12.0701334478198,9.55960775166423,12.1609453259381,9.48363670853551,12.2476445070306,9.4084221532699,12.3345902267149,9.35031285186251,12.4131525424186,9.26599944243157,12.4963318140747,9.1787859768746,12.5611233990317,9.0842067143488,12.6204861017854,8.98703145298946
372.833333333333,11.8957948885371,9.69220199306122,11.9776845876127,9.62282174596238,12.0697145845295,9.55993833541673,12.160571441066,9.48389213711692,12.2473232690758,9.40871510612839,12.3343437824867,9.35063236764657,12.4128813615987,9.26584203526592,12.4964608048571,9.17924955559753,12.5611650633287,9.08451157649287,12.6202581170734,8.98695549305744
373,11.895235534932,9.69265091368745,11.977186553694,9.62318563027245,12.0692866238894,9.56028120827268,12.1601769346734,9.48416086786976,12.2469833938435,9.40902964042635,12.3340769712301,9.35096511669999,12.41259566065,9.26572284255668,12.4965584799582,9.17974568948583,12.5611966125942,9.08484758801436,12.6200041733269,8.98689797426498
373.166666666667,11.8946669458368,9.69308413590369,11.9766852340605,9.62355412227351,12.0688483766672,9.56063790218814,12.1597592108951,9.4844443818387,12.2466224421454,9.40936804567393,12.3337872368684,9.35131273784976,12.4122940965896,9.26564732351189,12.4966203657093,9.18027844031721,12.5612166018234,9.08521880635671,12.6197207656157,8.9868615310606
373.333333333333,11.8940882428552,9.69349996244993,11.9761802683931,9.62392768447295,12.0683986536303,9.5610099491192,12.1593156738658,9.48474416006839,12.2462379747928,9.40973261138127,12.3334720233246,9.35167686992287,12.4119753264346,9.26562093733962,12.4966419884416,9.1808518698694,12.5612235860119,9.08562928896341,12.6194043890095,8.9868487978928
373.5,11.8935031360778,9.69389627640555,11.9756694083315,9.62430165035024,12.0679382007539,9.56140381778859,12.1588419773972,9.48507997166325,12.2458185215462,9.41017580327044,12.3331039897234,9.35207003981701,12.4116148005215,9.26570951747216,12.4965498151865,9.18152460887424,12.5611126734187,9.08614995467728,12.6189661675047,8.98703519814784
373.666666666667,11.8929154870452,9.69427365788641,11.9751512972988,9.6246718226392,12.0674688948926,9.56182316721376,12.1583366837946,9.48546652101962,12.245356963167,9.410739502509,12.3326622637899,9.35250066304758,12.4111933132872,9.26596421089205,12.4962859144647,9.18234081418202,12.5607952339279,9.08683720913677,12.6183350848731,8.98756894214151
373.833333333333,11.8923246445355,9.69463445518726,11.9746269126501,9.62503936772873,12.0669912431333,9.56226531479275,12.1578015599338,9.48589769212003,12.2448573869679,9.41141012177529,12.3321539923479,9.3529642113681,12.4107175378996,9.26636844713264,12.4958692148411,9.18328283674809,12.5602942149726,9.08767333997873,12.6175344258475,8.98841184471664
374,11.891729957327,9.69498101660285,11.9740972317408,9.62540545200773,12.0665057525626,9.56272757792364,12.1572383726905,9.48636736894698,12.2443238802615,9.41217407374767,12.3315863222213,9.3534561565321,12.4101941475268,9.2669056557273,12.4953186448807,9.18433302752784,12.5596325639857,9.08864063484,12.6165874751607,8.98952572071607
374.166666666667,11.8911307741978,9.69531569042792,11.9735632319261,9.6257712418651,12.0660129302673,9.5632072740045,12.1566488889402,9.48686943548299,12.2437605303607,9.41301777110451,12.330966400234,9.3539719702931,12.4096298153366,9.26755926620941,12.4946531331485,9.18547373747665,12.5588332284004,9.08972138135742,12.6155175175453,8.99087238498261
374.333333333333,11.890526443926,9.69564082495723,11.9730258905615,9.62613790368974,12.0655132833341,9.56370172043338,12.1560348755586,9.48739777571057,12.243171424578,9.41392762652415,12.3303013732097,9.35450712440464,12.4090312144971,9.26831270811234,12.4938916082096,9.18668731754988,12.5579191556498,9.09089786716784,12.6143478377343,8.99241365235909
374.5,11.8899163152899,9.69595876848552,11.972486185002,9.62650660387055,12.0650073188498,9.56420823460835,12.1553980994215,9.48794627361223,12.2425606502264,9.41489005268495,12.3295983879724,9.35505709062023,12.4084050181763,9.26914941096945,12.4930529986288,9.18795611870292,12.5569132931669,9.09215237990811,12.6131017204604,8.99411133768835
374.666666666667,11.8892997370675,9.69627186930755,11.9719450926032,9.62687850879643,12.0644955439011,9.56472413392748,12.1547403274044,9.48850881317051,12.2419322946184,9.41589146226528,12.3288645913459,9.3556173406934,12.407757899542,9.27005280431411,12.4921562329712,9.18926249189114,12.5558385883848,9.09346720721508,12.6118024504563,8.99592725581322
374.833333333333,11.8886760580371,9.69658247571806,11.9714035907201,9.62725478485627,12.0639784655747,9.56524673578884,12.154063326383,9.48907927836789,12.2412904450668,9.41691826794348,12.328107130154,9.35618334637769,12.4070965317623,9.2710063176797,12.4912202398019,9.1905887880699,12.5547179887365,9.09482463672558,12.6104733124549,8.99782322157651
375,11.8880446269768,9.6968929360118,11.9708626567082,9.62763659843897,12.0634565909574,9.56577335759049,12.153368863233,9.48965155318692,12.2406391888843,9.41795688239792,12.3273331512207,9.35675057942661,12.4064275880051,9.27199338059958,12.4902639476857,9.1919173581946,12.5535744416552,9.09620695607648,12.6091375911888,8.99976104982107
375.166666666667,11.8874047926648,9.69720559848352,11.9703232679228,9.62802511593344,12.0629304271359,9.56630131673049,12.1526587048301,9.49021952161008,12.2399826133837,9.41899371830695,12.3265498013697,9.35731451159368,12.4057577414384,9.27299742260712,12.4893062851878,9.1932305532206,12.5524308945739,9.0975964529046,12.607818571391,9.00170255538971
375.333333333333,11.8867559038793,9.69752281142796,11.969786401719,9.62842150372857,12.062400481197,9.56682793060692,12.1519346180498,9.49077706761991,12.2393248058776,9.42001518834893,12.325764227425,9.35787061463245,12.4050936652302,9.2740018732357,12.488366180873,9.19451072410327,12.5513102949256,9.0989754148468,12.6065395377941,9.00360955312527
375.5,11.8860973093984,9.69784692313989,11.9692530354523,9.62882692821326,12.0618672602273,9.56735051661783,12.1511983697678,9.49131807519892,12.2386698536789,9.42100770520221,12.3249835762104,9.35841436029643,12.4044420325484,9.27499016201868,12.4874625633064,9.195740221798,12.5502355901435,9.10032612953993,12.605323775131,9.00544385787057
375.666666666667,11.8854283580003,9.69818028191404,11.9687241464779,9.6292425557764,12.0613312713136,9.56786639216129,12.1504517268599,9.49183642832961,12.2380218441001,9.42195768154516,12.3242149945497,9.35894122033915,12.4038095165609,9.27594571848942,12.486614361053,9.19690139726015,12.5492297276606,9.10163088462083,12.6041945681344,9.00716728446845
375.833333333333,11.8847483984631,9.69852523604517,11.968200712151,9.62966955280691,12.0607930215427,9.56837287463537,12.1496964562016,9.49232601099451,12.2373848644541,9.42285153005613,12.3234656292668,9.35944666651413,12.4032027904359,9.27685197218131,12.4858405026778,9.19797660144511,12.54831565491,9.10287196772634,12.6031752015371,9.00874164776173
376,11.8840567795651,9.69888413382802,11.9676837098271,9.63010908569367,12.0602530180013,9.56886728143813,12.1489343246686,9.49278070717613,12.2367630020536,9.42367566341347,12.3227426271855,9.3599261705749,12.4026285273411,9.27769235262771,12.4851599167457,9.19894818530824,12.5475163193247,9.10403166649332,12.6022889600718,9.01012876259324
376.166666666667,11.8833528500843,9.69925932355735,11.9671741168614,9.63056232082559,12.0597117677761,9.56934692996763,12.1481670991366,9.49319440085698,12.2361603442112,9.42441649429555,12.3220531351297,9.36037520427499,12.4020934004447,9.27845028936198,12.4845915318219,9.19979849980492,12.5468546683378,9.1050922685586,12.6015591284714,9.01129044380581
376.333333333333,11.882635958799,9.69965315352789,11.9666729106091,9.63103042459156,12.0591697779539,9.56980913762195,12.1473965464812,9.49356097601959,12.2355809782397,9.42506043538072,12.3214042999233,9.36078923936793,12.4016040829144,9.27910921191751,12.4841542764712,9.20050989589053,12.5463536493825,9.10603606155904,12.6010089914687,9.01218850624226
376.5,11.8819054544873,9.70006797203441,11.9661810684256,9.63151456338048,12.0586275556214,9.57025122179915,12.1466244335782,9.49387431664645,12.2350289914519,9.42559389934734,12.3208032683901,9.36116374760723,12.4011672479185,9.27965254982765,12.4838670792586,9.20106472452044,12.5460362098917,9.10684533313148,12.6006618337963,9.01278476474543
376.666666666667,11.8811606859274,9.70050612737164,11.9656995676662,9.63201590358126,12.0580856078653,9.5706704998973,12.145852527303,9.4941283067201,12.2345084711604,9.42600329887376,12.320257187354,9.36149420074643,12.4007895686246,9.28006373262579,12.4837488687493,9.20144533665003,12.5459252972985,9.10750237091277,12.6005409401871,9.01304103415815
376.833333333333,11.8803847120406,9.70097826482503,11.9652327465945,9.6325501376518,12.0575451277103,9.57107045543743,12.1450641123051,9.49433921811446,12.2340184715435,9.42632971929223,12.3197571397898,9.36178897819159,12.400458323702,9.28038715710998,12.4837233909736,9.20171585296049,12.545931453634,9.10805138904171,12.6005871619804,9.01310941012407
377,11.8795644997978,9.70149083419531,11.9647827792896,9.63312905415291,12.0570064230328,9.57145725663448,12.144243532424,9.49452898585621,12.2335531529251,9.42662543781844,12.3192870138762,9.3620611530363,12.4001542681439,9.28068043071774,12.48370150775,9.20195449307589,12.5459490734908,9.1085519362461,12.6007194519406,9.01316815768445
377.166666666667,11.878705260052,9.7020398905502,11.9643473968294,9.63374796362783,12.0564686731968,9.57183224792735,12.1433941433212,9.49469998865695,12.2331092618361,9.42689365495594,12.3188431642428,9.3623132375653,12.3998742896051,9.28094679894159,12.4836828213254,9.20216475636588,12.5459768831443,9.10900930204624,12.600928246938,9.01321834577847
377.333333333333,11.877812203656,9.70262148895744,11.9639243302921,9.63440217661979,12.0559310575663,9.57219677375496,12.1425193006579,9.49485460522829,12.2326835448076,9.42713757120827,12.3184219455192,9.36254774406336,12.3996152757404,9.28118950727406,12.4836669339468,9.20235014220014,12.54601360887,9.10942877596243,12.601203983843,9.0132610433453
377.5,11.8768905414628,9.70323168448474,11.9635113107557,9.63508700367202,12.0553927555054,9.57255217855621,12.1416223600957,9.49499521428183,12.2322727483706,9.42736038707896,12.3180197123351,9.36276718481525,12.3993741142045,9.28141180120767,12.4836534478611,9.20251414994832,12.5460579769432,9.109815647515,12.6015370995258,9.01329731932415
377.666666666667,11.8759454843252,9.70386653219982,11.9631060692983,9.63579775532776,12.0548529463782,9.57289980677,12.1407066772958,9.49512419452919,12.2318736190563,9.42756530307157,12.31763281932,9.36297407210573,12.3991476926521,9.28161692623494,12.4836419653153,9.2026602789801,12.5461087136393,9.11017520622425,12.601918030857,9.01332824265419
377.833333333333,11.874982243096,9.70452208717042,11.9627063369981,9.63652974213025,12.0543108095488,9.57324100283524,12.1397756079196,9.49524392468196,12.2314829033957,9.42775551968963,12.3172576211036,9.36317091821956,12.398932898738,9.28180812784841,12.4836320885564,9.20279202866513,12.5461645452338,9.11051274161048,12.6023372147067,9.01335488227462
378,11.8740060286283,9.70519440446425,11.962309844933,9.63727827462272,12.0537655243812,9.57357711119083,12.1388325076286,9.49535678345176,12.2310973479197,9.42793423743668,12.3168904723154,9.3633602354415,12.3987266201169,9.28198865154059,12.4836234198312,9.20291289837309,12.546224198002,9.11083354319402,12.6027850879454,9.01337830712461
378.166666666667,11.8730220517748,9.70587953914905,11.9619143241812,9.6380386633484,12.0532162702394,9.57390947627569,12.137880732084,9.49546514955019,12.2307136991596,9.42810465681626,12.3165277275851,9.36354453605632,12.3985257444435,9.28216174280402,12.4836155613867,9.20302638747364,12.5462863982195,9.11114290049516,12.6032520874434,9.01339958614336
378.333333333333,11.8720355233884,9.70657354629252,11.9615175058207,9.63880621885053,12.0526622264876,9.5742394425287,12.1369236369473,9.49557140168887,12.2303287036463,9.42826997833192,12.3161657415423,9.36372633234878,12.3983271593727,9.28233064713121,12.4836081154698,9.20313599533645,12.5463498721615,9.11144610303421,12.603728650071,9.01341978827004
378.5,11.871051654322,9.7072724809624,11.9611171209297,9.63957625167235,12.0521025724898,9.57456835438879,12.1359645778797,9.49567791857938,12.2299391079109,9.4284334024872,12.3158008688167,9.36390813660364,12.398127752559,9.2824986100147,12.4836006843276,9.20324522133117,12.5464133461035,9.1117484403315,12.6042052126986,9.01343998244384
378.666666666667,11.8700756554286,9.70797239822641,11.9607109005861,9.64034407235707,12.0515364876101,9.57489755629485,12.1350069105428,9.49578707893335,12.2295416584844,9.42859812978564,12.3154294640377,9.36409246110567,12.3979244116574,9.28266887694699,12.4835928702069,9.20335756482748,12.5464755463209,9.11205520190732,12.6046722121966,9.01346123760396
378.833333333333,11.8691127375609,9.70866935315228,11.9602965758682,9.64110499144796,12.0509631512125,9.57522839268579,12.1340539905978,9.49590126146237,12.2291331018979,9.42876736073077,12.315047881835,9.36428181813963,12.3977140243224,9.28284469342063,12.4835842753547,9.20347652519503,12.5465351990892,9.11237167728198,12.6051200854353,9.01348462268957
379,11.8681681115719,9.70935940080772,11.9598718778539,9.64185431948823,12.0503817426612,9.57556220800052,12.1331091737062,9.49602284487806,12.2287101846825,9.42894429582614,12.3146524768383,9.36447871999027,12.3974934782089,9.28302930492814,12.483574502018,9.2036056018035,12.5465910306837,9.11270315597579,12.605539269285,9.01351120663986
379.166666666667,11.8672469883145,9.71003859626046,11.9594345376213,9.64258736702112,12.0497914413201,9.57590034667794,12.1321758155292,9.49615420789202,12.2282696533692,9.4291321355753,12.3142396036771,9.36468567894238,12.3972596609715,9.28322595696204,12.4835631524436,9.20374829402255,12.5466417673798,9.11305492750907,12.6059202006161,9.01354205839402
379.333333333333,11.8663545786415,9.71070299457823,11.9589822862486,9.64329944458986,12.0491914265534,9.57624415315696,12.1312572717284,9.49629772921586,12.227808254489,9.42933408048178,12.3138056169811,9.3649052072807,12.3970094602651,9.28343789501485,12.4835498288786,9.20390810122185,12.546686135453,9.11343228140212,12.606253316299,9.01357824689123
379.5,11.8654960934058,9.71134865082874,11.9585128548139,9.6439858627377,12.048580877725,9.57659497187647,12.1303568979649,9.49645578756118,12.2273227345731,9.42955333104912,12.3133468713799,9.36513981729,12.3967397637443,9.2836683645791,12.4835341335699,9.20408852277106,12.5467228611786,9.11384050717526,12.606529053204,9.01362084107068
379.666666666667,11.8646767434602,9.71197162007973,11.9580239743951,9.64464193200786,12.0479589741992,9.5769541472754,12.1294780499003,9.4966307616396,12.2268098401524,9.42979308778087,12.312859721503,9.36539202125505,12.3964474590639,9.28392061114731,12.4835156687643,9.20429305803984,12.5467506708322,9.11428489434878,12.6067378482014,9.01367090987156
379.833333333333,11.8639017396578,9.71256795739891,11.9575133760704,9.64526296294359,12.0473248953399,9.57732302379264,12.1286240831959,9.49682503016271,12.226266317758,9.43005655118057,12.3123405219802,9.3656643314606,12.3961294338787,9.28419788021202,12.483494036709,9.20452520639787,12.546768290689,9.114770732443,12.6068701381615,9.01372952223305
380,11.8631762928513,9.71313371785401,11.9569787909178,9.6458442660881,12.0466778205112,9.57770294586709,12.1277983535131,9.49704097184212,12.225688913921,9.43034692175175,12.3117856274409,9.36595926019142,12.3957825758433,9.28450341726574,12.4834688396507,9.2047884672148,12.5467744470245,9.11530331097823,12.6069163599549,9.01379774709433
380.166666666667,11.8624856821886,9.7136767454895,11.9564060892087,9.64639680323122,12.046009971152,9.57809390949297,12.1269916814738,9.49729852666364,12.2250587789722,9.43067548108955,12.3111773692793,9.36628789691989,12.3953932078889,9.28485293486703,12.4834048017143,9.20512696970145,12.5467290530798,9.11590421224926,12.6068852469281,9.01398558837255
380.333333333333,11.8618113013857,9.71420813865588,11.9557860196584,9.64693526550329,12.045315884161,9.57849438552909,12.126192637015,9.49761281801666,12.2243631601595,9.43104856849206,12.3105044048376,9.36665706026819,12.3949523382911,9.28525663263435,12.4832704855321,9.20557631085176,12.5465977988717,9.11658682588787,12.6067952632135,9.01439026689392
380.5,11.8611525331479,9.71472883387991,11.9551236310109,9.64746055745836,12.0445982120918,9.57890343071126,12.1254011997702,9.49797899971818,12.2236079493901,9.43146197101727,12.3097725776681,9.36706285624587,12.3944638827217,9.28570948665005,12.4830712511126,9.20612719171009,12.5463880758391,9.11734415241989,12.6066514418597,9.01499367696122
380.666666666667,11.8605087601804,9.71523976768835,11.9544239720103,9.64797358365045,12.043859607498,9.57932010177531,12.124617349373,9.4983922255852,12.2227990385707,9.43191147572318,12.3089877313228,9.36750139086245,12.3939317568525,9.28620647299647,12.4828124584643,9.20677031332077,12.5461072754206,9.11816919237111,12.6064588159151,9.01577771287724
380.833333333333,11.8598793651884,9.71574187660798,11.9536920914004,9.64847524863362,12.0431027229334,9.57974345545708,12.1238410654569,9.49884764943473,12.2219423196084,9.43239286966777,12.3081557093538,9.36796877012745,12.3933598763552,9.28674256775599,12.4824994675956,9.20749637672814,12.5457627890552,9.11905494626737,12.6062224184284,9.01672426894475
381,11.8592637308772,9.71623609716554,11.9529330379255,9.64896645696191,12.0423302109516,9.58017254849236,12.1230723276554,9.49934042508377,12.2210436844101,9.43290193990905,12.3072823553134,9.36846110005039,12.3927521569015,9.28731274701095,12.482137638515,9.20829608297656,12.5453620081818,9.11999441463446,12.6059472824481,9.01781523946654
381.166666666667,11.858661239952,9.71672336588782,11.9521518603295,9.64944811318936,12.0415447241063,9.580606437617,12.1223111156021,9.49986570634932,12.2201090248826,9.433434473505,12.3063735127536,9.36897448664081,12.3921125141632,9.2879119868437,12.481732331231,9.20916013311038,12.544912324239,9.12098059799822,12.6056384410228,9.01903251874539
381.333333333333,11.858071275118,9.71720461930157,11.9513536073564,9.64992112187,12.0407489149511,9.58104417956681,12.1215574089306,9.50041864704838,12.219144232933,9.43398625751361,12.3054350252265,9.36950503590822,12.391444863812,9.28853526333661,12.4812889057521,9.21007922817393,12.5444211286658,9.12200649688444,12.6053009272011,9.02035800108409
381.5,11.8574932190806,9.71768079393355,11.9505433277503,9.65038638755789,12.0399454360396,9.58148483107762,12.1208111872744,9.50099440099795,12.2181552004682,9.43455307899289,12.3044727362843,9.37004885386215,12.3907531215197,9.28917755257204,12.4808127220867,9.21104406921156,12.543895812901,9.12306511181895,12.6049397740314,9.02177358078541
381.666666666667,11.8569264545448,9.71815282631053,11.9497260702552,9.65084481480707,12.0391369399257,9.58192744888525,12.120072430267,9.50158812201505,12.2171478193951,9.43513072500081,12.3034924894791,9.37060204651212,12.390041202958,9.28983383063233,12.4803091402433,9.21204535726762,12.5433437683834,9.12414944332757,12.6045600145624,9.02326115215215
381.833333333333,11.8563703642161,9.71862165295927,11.9489068836151,9.65129730817158,12.0383260791628,9.58237108972551,12.119341117542,9.50219496391666,12.2161279816206,9.43571498259538,12.3025001283631,9.37116071986767,12.3893130237986,9.29049907359983,12.4797835202304,9.21307379338645,12.5427723865518,9.1252524919361,12.6041666818425,9.02480260948708
382,11.8558243307995,9.71908821040655,11.9480908165741,9.65174477220545,12.0375155063047,9.58281481033424,12.1186172287329,9.5028100805198,12.2151015790517,9.43630163883458,12.3015014964883,9.3717209799383,12.3885724997134,9.29116825755692,12.4792412220565,9.2141200786124,12.5421890588452,9.12636725817035,12.6037648089205,9.02637984709299
382.166666666667,11.8552877370004,9.71955343517912,11.9472829178761,9.65218811146274,12.036707873905,9.58325766744726,12.1179007434733,9.50342862564146,12.2140745035953,9.43688648077642,12.3005024374068,9.37227893273355,12.3878235463739,9.29183635858593,12.47868760573,9.21517491398982,12.5416011767022,9.12748674255616,12.6033594288447,9.02797475927266
382.333333333333,11.854759965524,9.72001826380374,11.9464882362653,9.65262823049748,12.0359058345174,9.58369871780038,12.1171916413968,9.50404575309864,12.2130526471584,9.43746529547887,12.2995087946709,9.37283068426294,12.3870700794521,9.29249835276924,12.4781280312594,9.21622900056304,12.5410161315618,9.12860394561932,12.6029555746639,9.02956924032886
382.5,11.8542403990755,9.72048363280719,11.9457118204856,9.65306603386371,12.0351120406956,9.58413701812944,12.1164899021368,9.50465661670836,12.2120419016479,9.43803386999994,12.2985264118327,9.373372340536,12.3863160146196,9.29314921618919,12.4775678586532,9.21727303937642,12.5404413148627,9.12971186788566,12.6025582794265,9.0311451845644
382.666666666667,11.8537284203601,9.72095047871622,11.944958719281,9.65350242611548,12.0343291449932,9.58457162517025,12.115795505327,9.50525637028761,12.2110481589706,9.43858799139762,12.2975611324442,9.37390000756225,12.3855652675482,9.29378392492813,12.4770124479199,9.2182977314743,12.5398841180439,9.13080350988098,12.6021725761811,9.03268448628204
382.833333333333,11.8532234120832,9.72141973805759,11.9442339813957,9.65393831180683,12.0335597999639,9.58500159565863,12.1151084306008,9.50584016765339,12.2100773110337,9.4391234467299,12.2966188000576,9.37440979135122,12.3848217539096,9.29439745506843,12.4764671590679,9.21929377790103,12.539351932544,9.1318718721311,12.6018034979763,9.03416903978457
383,11.8527247569499,9.72189234735808,11.9435426555736,9.65437459549181,12.0328066581613,9.58542598633042,12.1144286575919,9.50640316262271,12.2091352497439,9.43963602305477,12.295705258225,9.37489779791243,12.3840893893756,9.29498478269244,12.4759373521056,9.22025187970096,12.5388521498021,9.13290995516185,12.6014560778606,9.03558073937477
383.166666666667,11.8522318376655,9.72236924314445,11.9428897905587,9.65481218172444,12.0320723721391,9.58584385392143,12.1137561659338,9.50694050901256,12.2082278670083,9.44012150743023,12.2948263504986,9.3753601332554,12.3833720896178,9.29554088388251,12.4754283870417,9.22116273791842,12.5383921612568,9.13391075949902,12.6011353488825,9.03690147935543
383.333333333333,11.8517440369352,9.72285136194346,11.9422804350951,9.65525197505878,12.0313595944509,9.58625425516748,12.11309093526,9.50744736063996,12.2073610547337,9.44057568691427,12.2939879204305,9.37579290338966,12.3826737703081,9.296060734721,12.4749456238845,9.22201705359776,12.5379793583471,9.13486728566844,12.6008463440907,9.03811315402933
383.5,11.8512640708148,9.72333545005396,11.9417019093638,9.65569028856951,12.0306607875623,9.58665909494459,12.1124282858942,9.50793362869235,12.2065161170073,9.44100965390037,12.2931688357557,9.37620695964905,12.3819776283467,9.29655878075189,12.4744704582394,9.22284475743688,12.5375948950674,9.1358048785296,12.6005760806229,9.03926876407046
383.666666666667,11.8507945823545,9.72381782153503,11.9411376511477,9.65612316830849,12.0299667300108,9.58706102350709,12.111764406081,9.50841295437433,12.2056711550398,9.44143739000264,12.2923453233589,9.37661572327267,12.3812656920365,9.29705261421669,12.4739817127398,9.2236806070731,12.5372149550879,9.13675194119496,12.6003082401197,9.04043182064465
383.833333333333,11.850334844751,9.72429876455373,11.9405868855942,9.65655111829553,12.0292775484579,9.58746021565826,12.1111005773357,9.5088860865286,12.2048272564241,9.44185901610993,12.2915192655167,9.37701915512788,12.3805401241529,9.29754193124413,12.473480887936,9.22452254395989,12.5368394743607,9.13770606156974,12.6000428523838,9.04159998379242
384,11.8498841312011,9.72477856727718,11.9400488378504,9.65697464255044,12.0285933695654,9.58785684620138,12.1104380811732,9.50935377399788,12.2039855087527,9.44227465311111,12.2906925445055,9.37741721608206,12.3798030874714,9.29802642796289,12.4729694843784,9.22536850955076,12.5364683888377,9.13866482755918,12.5997799472178,9.04277091355429
384.166666666667,11.8494417149015,9.72525751787244,11.9395227330636,9.65739424509303,12.027914319995,9.58825108993975,12.1097781991087,9.50981676562487,12.2031469996183,9.44268442189506,12.289867042602,9.37780986700257,12.3790567447676,9.29850580050167,12.4724490026174,9.22621644529918,12.536101634471,9.1396258270685,12.5995195544245,9.0439422699708
384.333333333333,11.8490068690491,9.72573590450662,11.939007796381,9.65781042994311,12.0272405264084,9.58864312167664,12.1091222126572,9.51027581025228,12.2023128166137,9.44308844335065,12.2890446420827,9.3781970687568,12.3783032588171,9.29897974498918,12.4719209432035,9.22706429265863,12.5357391472128,9.14058664800293,12.5992617038065,9.04511171308247
384.5,11.8485788668405,9.7262140153468,11.9385032529497,9.6582237011205,12.0265721154672,9.58903311621534,12.1084714033339,9.5107316567228,12.2014840473316,9.44348683836674,12.2882272252241,9.37857878221211,12.3775447923952,9.29944795755412,12.4713868066871,9.22790999308261,12.535380863015,9.14154487826771,12.5990064251666,9.04627690292984
384.666666666667,11.8481569814727,9.72669213856007,11.938008327917,9.658634562645,12.0259092138332,9.58942124835915,12.1078270526538,9.51118505387916,12.2006617793645,9.44387972783221,12.2874166743028,9.37895496823588,12.3767835082777,9.29991013432517,12.4708480936185,9.2287514880246,12.5350267178297,9.14249810576806,12.5987537483073,9.04743549955342
384.833333333333,11.8477404861423,9.72717056231352,11.9375222464301,9.65904351853643,12.025251948168,9.58980769291134,12.1071904421319,9.51163675056406,12.1998471003053,9.44426723263592,12.2866148715954,9.37932558769548,12.3760215692399,9.30036597143105,12.4703063045483,9.22958671893808,12.534676647609,9.14344391840921,12.5985037030315,9.04858516299374
385,11.8473286540462,9.72764957477424,11.9370442336363,9.65945107281459,12.0246004451334,9.5901926246752,12.1065628532835,9.5120874956202,12.1990410977465,9.44464947366675,12.2858236993783,9.37969060145828,12.3752611380574,9.30081516500046,12.4697629400267,9.23041362727654,12.5343305883049,9.1443799040964,12.5982563191417,9.04972355329134
385.166666666667,11.846920758381,9.72812946410931,11.9365735146827,9.6598577294993,12.023954831391,9.59057621845401,12.1059455676235,9.51253803789029,12.1982448592809,9.44502657181356,12.2850450399281,9.38004997039166,12.3745043775058,9.30125741116209,12.4692195006042,9.23123015449347,12.5339884758696,9.14530365073486,12.5980116264407,9.05084833048673
385.333333333333,11.8465160723437,9.72861051848582,11.9361093147165,9.66026399261037,12.0233152336024,9.59095864905107,12.1053398666671,9.51298912621704,12.1974594725011,9.44539864796523,12.2842807755214,9.380403655363,12.3737534503605,9.30169240604464,12.4686774868313,9.23203424204236,12.5336502462549,9.14621274622982,12.5977696547313,9.05195715462045
385.5,11.8461138691309,9.72909302607087,11.935650858885,9.66067036616761,12.0226817784295,9.59134009126966,12.1047470319293,9.51344150944315,12.1966860249999,9.44576582301063,12.2835327884347,9.38075161723965,12.3730105193972,9.30211984577681,12.4681383992582,9.23282383137668,12.5333158354131,9.1471047784865,12.5975304338159,9.05304768573301
385.666666666667,11.8457134219394,9.72957727503154,11.9351973723353,9.66107735419084,12.0220545925338,9.59172071991306,12.1041683449253,9.51389593641134,12.19592560437,9.44612821783862,12.2828029609446,9.381093816889,12.3722777473912,9.3025394264873,12.4676037384355,9.23359686394993,12.5329851792961,9.14797733541014,12.5972939934975,9.05411758386496
385.833333333333,11.845314003966,9.73006355353491,11.9347480802147,9.66148546069985,12.0214338025771,9.59210070978456,12.1036050871701,9.5143531559643,12.1951792982039,9.44648595333808,12.2820931753275,9.38143021517842,12.3715572971181,9.30295084430482,12.4670750049135,9.23435128121558,12.532658213856,9.14882800490597,12.5970603635786,9.05516450905682
386,11.8449148884075,9.73055214974809,11.9343022076705,9.66189518971446,12.020819535221,9.59248023568744,12.1030585401788,9.51481391694475,12.1944481940944,9.44683915039787,12.2814053138602,9.38176077297529,12.3708513313536,9.30335379535806,12.4665536992427,9.23508502462713,12.532334875045,9.14965437487922,12.5968295738619,9.05618612134911
386.166666666667,11.8445153484606,9.73104335183815,11.9338589798497,9.66230704525449,12.0202119171273,9.592859472425,12.1025299854665,9.51527896819539,12.1937333796343,9.44718792990688,12.280741258819,9.38208545114697,12.370162012873,9.30374797577572,12.4660413219734,9.23579603563807,12.5320150988149,9.15045403323512,12.5966016541501,9.05718008078235
386.333333333333,11.8441146573221,9.73153744797218,11.9334176218997,9.66272153133974,12.0196110749577,9.59323859480051,12.1020207045483,9.51574905855894,12.193035942416,9.44753241275396,12.2801028924806,9.38240421056084,12.3694915044519,9.3041330816865,12.4655393736561,9.23648225570186,12.531698821118,9.15122456787889,12.596376634246,9.05814404739709
386.5,11.8437120881889,9.73203472631728,11.9329773589676,9.66313915199003,12.0190171353737,9.59361777761727,12.1015319789392,9.51622493687809,12.1923569700325,9.44787271982798,12.2794920971215,9.38271701208427,12.3688419688658,9.3045088092191,12.4650493548412,9.23714162627201,12.5313859779062,9.15196356671578,12.5961545439522,9.05907568123384
386.666666666667,11.8433069142575,9.73253547504053,11.9325374162006,9.66356041122516,12.0184302250371,9.59399719567856,12.1010650901544,9.51670735199555,12.1916975500763,9.44820897201782,12.2789107550182,9.38302381658463,12.3682155688903,9.30487485450222,12.4645727660791,9.23777208880201,12.5310765051316,9.15266861765101,12.5959354130713,9.05997264233313
386.833333333333,11.842903830458,9.73304132141566,11.9321030662363,9.6639835408421,12.0178539766678,9.59437980612939,12.1006235946739,9.51719895100305,12.1910611516694,9.44853671164774,12.2783593480666,9.38332014248408,12.3676087516993,9.30522366356596,12.464112854632,9.23837547030029,12.5307761910758,9.15334426347306,12.5957195142202,9.06082824710889
387,11.8425073993378,9.73355322161224,11.9316793086152,9.66440654676665,12.0172909889107,9.5947677380636,12.1002081727698,9.51770095551484,12.1904488045598,9.44885238551865,12.2778352221524,9.38360266584589,12.3670158326482,9.30554989165539,12.4636703040111,9.23895632084437,12.5304896051235,9.15399776040912,12.5955069671168,9.06164074907539
387.166666666667,11.8421166955208,9.73407045714115,11.9312649588391,9.6648295942119,12.0167398373154,9.59515992420765,12.0998157916451,9.51821197615745,12.1898579372787,9.44915747123445,12.2773355555368,9.38387308399915,12.3664357767846,9.3058565487217,12.4632427691398,9.23951666649126,12.5302148548814,9.15463076652247,12.5952975722163,9.06241521392371
387.333333333333,11.8417307936305,9.73459230951327,11.9308588324096,9.66525284839097,12.0161990974314,9.59555529728802,12.0994434185029,9.51873062355737,12.1892859783572,9.449453446399,12.276857526481,9.38413309427296,12.3658675491561,9.30614664471607,12.4628279049418,9.240058533298,12.5299500479561,9.15524493987639,12.5950911299736,9.06315670734493
387.5,11.8413487682906,9.73511806023947,11.9304597448285,9.66567647451693,12.0156673448082,9.59595279003117,12.099088020546,9.51925550834113,12.1887303563266,9.4497417886162,12.2763983132462,9.3843843939964,12.3653101148102,9.30642318958968,12.4624233663406,9.24058394732162,12.5296932919544,9.15584193853415,12.5948874408438,9.0638702950301
387.666666666667,11.8409696941249,9.73564699083063,11.9300665115976,9.6661006378029,12.0151431549955,9.5963513351636,12.0987465649776,9.51978524113523,12.1881884997183,9.45002397548991,12.2759550940937,9.38462868049855,12.3647624387946,9.3066891932937,12.4620268082597,9.24109493461914,12.529442694483,9.15642342055903,12.5946863052819,9.06456104267032
387.833333333333,11.8405926457569,9.73617838279763,11.9296779482185,9.66652550346196,12.0146251035427,9.59674986541176,12.0984160190006,9.52031843256619,12.1876578370634,9.45030148462402,12.2755250472848,9.38486765110852,12.3642234861569,9.30694766577932,12.4616358856226,9.24159352124759,12.5291963631486,9.15699104401432,12.5944875237429,9.06523401595664
388,11.8402166978103,9.73671151765133,11.9292928701931,9.66695123670722,12.0141117659994,9.59714731350215,12.0980933498182,9.52085369326052,12.1871357968931,9.45057579362242,12.2751053510806,9.38510300315538,12.3636922219446,9.30720161699771,12.461248253353,9.24208173326401,12.5289524055578,9.15754646696328,12.5942908966818,9.06589428058015
388.166666666667,11.8398409249088,9.73724567690262,11.9289100930231,9.66737800275177,12.0136017179151,9.59754261216122,12.0977755246332,9.52138963384474,12.1866198077388,9.45084838008896,12.2746931837423,9.38533643396822,12.3631676112055,9.30745405690006,12.4608615663743,9.24256159672543,12.5287089293174,9.15809134746921,12.5940962245537,9.06654690223191
388.333333333333,11.8394644016762,9.73778014206238,11.9285284322102,9.66780596680871,12.0130935348394,9.59793469411546,12.0974595106487,9.52192486494535,12.1861072981316,9.45112072162755,12.2742857235313,9.38556964087613,12.3626486189869,9.30770799543754,12.4604734796101,9.24303513768887,12.528464042034,9.15862734359537,12.5939033078134,9.067196946603
388.5,11.8390862027359,9.73831419464148,11.9281467032561,9.66823529409113,12.0125857923217,9.59832249209134,12.0971422750678,9.52245799718886,12.1855956966028,9.45139429584204,12.2738801487087,9.3858043212082,12.3621342103367,9.30796644256134,12.460081647984,9.24350438221136,12.5282158513144,9.15915611340505,12.5937119469162,9.06784947938449
388.666666666667,11.8387054027118,9.73884711615078,11.9277637216626,9.66866614981213,12.0120770659118,9.59870493881534,12.0968207850934,9.5229876412018,12.1850824316837,9.45167058033634,12.2734736375357,9.38604217229352,12.3616233503023,9.30823240822263,12.4596837264194,9.24397135634993,12.5279624647653,9.15967931496152,12.5935219423169,9.06850956626745
388.833333333333,11.8383210762275,9.73937818810118,11.9273783029315,9.66909869918481,12.011565931159,9.59908096701392,12.0964920079286,9.52351240761067,12.1845649319056,9.45195105271431,12.2730633682737,9.38628489146117,12.3611150039314,9.30850890237259,12.45927736984,9.24443808616162,12.5277019899933,9.16019860632807,12.5933330944706,9.06918227294295
389,11.8379322979065,9.73990669200355,11.9269892625644,9.66953310742226,12.0110509636129,9.59944950941357,12.0961529107764,9.52403090704199,12.1840406257995,9.45223719057983,12.2726465191838,9.38653417604025,12.3606081362716,9.30879893496241,12.4588602331693,9.24490659770345,12.5274325346052,9.16071564556796,12.5931452038323,9.06987266510207
389.166666666667,11.8375381423728,9.74043190936876,11.9265954160631,9.66996953973759,12.0105307388231,9.59980949874076,12.0958004608397,9.52454175012226,12.1835069418969,9.45253047153679,12.2722202685272,9.38679172335984,12.3601017123704,9.30910551594326,12.4584299713308,9.24537891703245,12.5271522062077,9.16123209074449,12.592958070857,9.07058580843588
389.333333333333,11.8371376842498,9.74095312170768,11.9261955789294,9.67040816134388,12.0100038323391,9.60015986772197,12.0954316253217,9.525043547478,12.1829613087289,9.45283237318907,12.2717817945652,9.38705923074903,12.3595946972755,9.30943165526633,12.4579842392481,9.24585707020565,12.5268591124074,9.16174959992093,12.5927714959997,9.07132676863545
389.5,11.8367299981612,9.7414696105312,11.925788566665,9.67084913745424,12.0094688197105,9.60049954908366,12.0950433714254,9.52553490973572,12.1824011548268,9.45314437314053,12.2713282755591,9.3873383955369,12.3590860560344,9.30978036288278,12.4575206918446,9.24634308328009,12.526551360811,9.16226983116055,12.5925852797155,9.07210061139186
389.666666666667,11.8363141587308,9.74198065735019,11.9253731947716,9.67129263328177,12.0089242764868,9.60082747555231,12.0946326663536,9.52601444752194,12.1818239087218,9.45346794899507,12.27085688977,9.38763091505255,12.3585747536948,9.31015464874381,12.4570369840441,9.24683898231278,12.5262270590253,9.16279444252664,12.5923992224594,9.07291240239616
389.833333333333,11.8358892405821,9.74248554367553,11.924948278751,9.67173881403955,12.0083687782175,9.60114257985441,12.0941964773096,9.52648077146317,12.1812269989452,9.45380457835656,12.2703648154591,9.38793848662506,12.3580597553043,9.31055752280059,12.45653077077,9.24734679336076,12.525884314657,9.16332509208247,12.5922131246863,9.07376720733945
390,11.835454318339,9.74298355101808,11.9245126341049,9.67218784494069,12.0078009004521,9.60144379471642,12.0937317714962,9.52693249218591,12.1806078540283,9.45415573882888,12.2698492308878,9.38826280758352,12.3575400259104,9.3109919950043,12.4559997069458,9.24786854248107,12.5255212353127,9.16386343789133,12.5920267868513,9.07467009191279
390.166666666667,11.8350048398397,9.74347808373336,11.9240643033759,9.67264200324169,12.0072172035806,9.60173105577579,12.0932263748832,9.52737555665404,12.1799622123111,9.45452796422894,12.2693158223808,9.38861004921804,12.3570194648557,9.31150561430881,12.4554446519827,9.24842700951064,12.5251251825144,9.1644034537711,12.5918435151996,9.07564724259252
390.333333333333,11.8345381769624,9.74397271676061,11.92360306023,9.67310290838798,12.0066165914801,9.60200587265533,12.0926732276153,9.52781648215449,12.1792895183003,9.45492498870526,12.2687721303297,9.38898362030855,12.3565023802844,9.31213510332563,12.4548681829914,9.2490377879461,12.5246873654596,9.16493841471163,12.5916661498049,9.07671474993803
390.5,11.8340562903903,9.7444669874863,11.9231303168539,9.67356973887598,12.0060011549307,9.60226953905958,12.0920769681582,9.52825473479844,12.1785927597768,9.45534409035911,12.2682181140962,9.38938107441892,12.3559883504469,9.31286723249236,12.4542705314448,9.24969212433396,12.5242116632676,9.16546893053411,12.5914937918649,9.07786253576502
390.666666666667,11.8335611408064,9.74496043329691,11.9226474854343,9.67404167320213,12.0053729847129,9.60252334869309,12.0914422349778,9.52868978069701,12.1778749245213,9.45578254729175,12.2676537330416,9.38979996511302,12.3554769535935,9.31368877224663,12.4536519288158,9.25038126522074,12.5237019550582,9.16599561105974,12.5913255425772,9.07908052188916
390.833333333333,11.833054688894,9.74545259157892,11.9221559781582,9.67451788986287,12.0047341716068,9.60276859526038,12.0907736665396,9.52912108596137,12.1771390003147,9.45623763760447,12.2670789465273,9.39023784595471,12.3549677679744,9.31458649302603,12.4530126065775,9.25109645715296,12.5231621199509,9.16651906610974,12.5911605031397,9.08035863012613
391,11.8325388953362,9.74594299971882,11.9216572072122,9.67499756735463,12.0040868063928,9.603006572466,12.0900759013094,9.52954811670267,12.1763879749378,9.45670663939855,12.266493713915,9.39069227050785,12.35446037184,9.31554716526819,12.4523527962027,9.25182894667715,12.5225960370652,9.1670399055053,12.5909977747498,9.08168678229162
391.166666666667,11.832015720816,9.74643119510308,11.921152584783,9.67547988417385,12.0034329798511,9.60323857401449,12.089353577753,9.52997033903205,12.1756248361716,9.45718683077525,12.2658979945661,9.39116079233632,12.3539543434406,9.31655755941072,12.4516727291643,9.25256998033982,12.5220075855209,9.16755873906762,12.5908364586055,9.08305490020132
391.333333333333,11.8314871260168,9.74691671511818,11.9206435230576,9.67596401881697,12.002774782762,9.60346589361038,12.088611334336,9.53038721906066,12.1748525717968,9.45767548983586,12.265291747842,9.39164096500397,12.3534492610265,9.31760444589123,12.4509726369354,9.25331080468748,12.5214006444373,9.16807617661791,12.5906756559042,9.0844529056709
391.5,11.8309550716216,9.74739909715061,11.9201314342227,9.67644914978042,12.0021143059059,9.60368982495822,12.0878538095243,9.53079822289967,12.1740741695943,9.45816989468165,12.2646749331042,9.39213034207467,12.3529447028479,9.31867459514734,12.4502527509887,9.25404266626667,12.5207790929343,9.16859282797737,12.5905144678438,9.08587072051604
391.666666666667,11.8304215183135,9.74787787858683,11.919617730465,9.67693445556064,12.001453640063,9.60391166176253,12.0870856417834,9.5312028166602,12.1732926173449,9.45866732341389,12.2640475097142,9.39262647711229,12.3524402471552,9.31975477761666,12.4495133027973,9.2547568116239,12.5201468101312,9.1691093029672,12.5903519956219,9.08729826655243
391.833333333333,11.8298884267757,9.74835259681334,11.9191038239712,9.67741911465406,12.0007948760136,9.60413269772786,12.0863114695792,9.53160046645343,12.1725109028295,9.45916505413387,12.2634094370335,9.39312692368068,12.3519354721988,9.3208317637368,12.4487545238341,9.25544448730569,12.5195076751478,9.16962621140861,12.5901873404362,9.08872546559575
392,11.8293577576914,9.74882278921661,11.9185911269283,9.67790230555713,12.0001401045379,9.60435422655876,12.0855359313773,9.5319906383905,12.1717320138289,9.45966036494285,12.2627606744236,9.39362923534372,12.3514299562288,9.32189232394537,12.447976645572,9.25609693985855,12.5188655671035,9.17014416312279,12.5900196034844,9.09014223946169
392.166666666667,11.8288314717436,9.74928799318312,11.9180810515229,9.67838320676628,11.9994914164163,9.60457754195974,12.0847636656435,9.53237279858255,12.1709589381239,9.46015053394211,12.2621011812459,9.39413096566527,12.3509232774956,9.32292322868,12.447179899484,9.25670541582902,12.5182243651181,9.17066376793095,12.5898478859642,9.09153850996592
392.333333333333,11.8283115296156,9.74974774609935,11.9175750099419,9.67886099677795,11.9988509024291,9.60480393763536,12.0839993108435,9.53274641314074,12.1701946634955,9.46063283923293,12.2614309168619,9.39462966820919,12.3504150142495,9.32391124837829,12.4463645170429,9.2572611617636,12.517587948311,9.17118563565429,12.5896712890733,9.09290419892413
392.5,11.8277998919905,9.75020158535178,11.9170744143719,9.67933485408857,11.9982206533564,9.60503470729015,12.083247505443,9.53311094817623,12.1694421777244,9.46110455891658,12.2607498406331,9.39512289653934,12.3499047447407,9.32484315347786,12.4455307297218,9.25775542420883,12.5169601958018,9.17171037611402,12.5894889140093,9.094229228152
392.666666666667,11.8272985195514,9.75064904832689,11.9165806769998,9.67980395719457,11.9976027599787,9.60527114462865,12.0825128879077,9.53346586980015,12.1687044685915,9.46156297109434,12.260057911921,9.3956082042196,12.3493920472197,9.32570571441632,12.4446787689935,9.25817944971121,12.5163449867101,9.17223859913133,12.58929986197,9.09550351946522
392.833333333333,11.8268093729814,9.75108967241116,11.9160952100124,9.68026748459241,11.9969993130762,9.6055145433554,12.0818000967035,9.53381064412366,12.1679845238776,9.46200535386748,12.259355090087,9.39608314481382,12.3488764999367,9.32648570163128,12.443808866331,9.25852448481727,12.5157462001556,9.17277091452742,12.5891032341531,9.09671699467945
393,11.8263344129638,9.75152299499107,11.9156194255964,9.6807246147785,11.9964124034292,9.60576619717494,12.0811137702959,9.53414473725791,12.1672853313636,9.46242898533728,12.2586413344927,9.39654527188587,12.348357681142,9.32716988556036,12.4429212532072,9.25878177607352,12.5151677152578,9.17330793212351,12.5888981317562,9.0978595756104
393.166666666667,11.8258756001816,9.75194855345309,11.9151547359385,9.6811745262493,11.995844121818,9.6060273997918,12.0804585471507,9.53446761531406,12.1666098788304,9.46283114360502,12.2579166044994,9.39699213899962,12.3478351690859,9.32774503664118,12.4420161610951,9.25894257002649,12.5146134111362,9.17385026174079,12.588683655977,9.09892118407374
393.333333333333,11.8254348953181,9.75236588518372,11.9147025532257,9.68161639750122,11.9952965590228,9.60629944491052,12.0798390657337,9.53477874440325,12.1659611540587,9.46320910677196,12.2571808594687,9.39742129971893,12.3473085420188,9.32819792531133,12.4410938214675,9.2589981132227,12.5140871669105,9.17439851320047,12.5884589080132,9.09989174188514
393.5,11.8250099448155,9.75277553483867,11.9142649816973,9.68205107044941,11.9947683947237,9.60658073608299,12.0792481980047,9.53507781224895,12.1653346670448,9.4635669598791,12.2564157971001,9.39783962738283,12.3467792179027,9.32857107033187,12.4401114787847,9.25896838935732,12.513581412558,9.17495761646194,12.5882195962378,9.10079970541652
393.666666666667,11.8245963709976,9.75317861024903,11.9138419181165,9.68248023754513,11.9942558602368,9.60686859459316,12.078674544377,9.53536554332824,12.1647230653152,9.46391147485046,12.255606550787,9.39825552951549,12.3462488066474,9.32891735381444,12.4390338069399,9.25888331760467,12.5130854210509,9.1755307615945,12.5879629587686,9.10168107862882
393.833333333333,11.8241930983691,9.75357549356428,11.9134314634553,9.68290435308906,11.9937573737968,9.60716269074363,12.0781163359968,9.53564295888266,12.1641250429465,9.46424396011186,12.2547582334321,9.39866886095855,12.3457171744242,9.32923909122254,12.4378721815559,9.25874904773002,12.5125983360009,9.17611594858425,12.5876903914213,9.10253710472129
394,11.823799051435,9.75396656693394,11.913031718686,9.68332387138189,11.9932713536386,9.60746269483699,12.07757180401,9.53591108015374,12.1635392940153,9.4645657240891,12.2538759579383,9.3990794765536,12.3451841874045,9.32953859801968,12.4366379782553,9.2585717294986,12.5121193010197,9.17671117741723,12.5874032900112,9.10336902689321
394.166666666667,11.8234131547003,9.7543522125075,11.9126407847806,9.68373924672427,11.9927962179969,9.60776827717586,12.0770391795626,9.53617092838303,12.1629645125979,9.464878075208,12.2529648372082,9.39948723114225,12.3446497117597,9.32981818966936,12.435342572661,9.25835751267568,12.5116474597191,9.17731444807952,12.5871030503539,9.10417808834382
394.333333333333,11.8230343326698,9.75473281243444,11.9122567627112,9.6841509334169,11.9923303851064,9.60807910806282,12.0765166938008,9.53642352481206,12.162399392771,9.46518232189438,12.2520299841445,9.39989197956613,12.3441136136612,9.3300801816351,12.4339973403955,9.2581125470265,12.5111819557109,9.17792376055719,12.5867910682648,9.1049655322724
394.5,11.8226615098483,9.75510874886429,11.9118777534501,9.68455938576044,11.9918722732018,9.60839485780049,12.0760025778705,9.53666989068236,12.161842628611,9.46547977257405,12.25107651165,9.40029357666684,12.3435757592803,9.33032688938041,12.4326136570817,9.25784298231631,12.5107219326068,9.17853711483631,12.5864687395595,9.1057326018782
394.666666666667,11.8222936107409,9.75548040394652,11.9115018579693,9.68496505805558,11.9914203005179,9.60871519669147,12.0754950629178,9.53691104723549,12.1612929141944,9.46577173567283,12.2501095326272,9.40069187728599,12.3430360147885,9.33056062836877,12.4312028983423,9.25755496831037,12.5102665340186,9.17915251090295,12.5861374600533,9.10648054036049
394.833333333333,11.8219295598524,9.75584815983063,11.9111271772409,9.68536840460299,11.9909728852895,9.60903979503835,12.0749923800887,9.53714801571297,12.1607489435978,9.46605951961652,12.249134159979,9.40108673626519,12.342494246357,9.33078371406372,12.4297764397999,9.25725465477392,12.509814903558,9.17976794874317,12.5857986255619,9.10721059091852
395,11.8215682816877,9.75621239866614,11.910751812237,9.68576987970335,11.9905284457511,9.60936832314374,12.0744927605292,9.53738181735635,12.1602094108976,9.46634443283095,12.2481555066081,9.40147800844606,12.3419503201574,9.33099846192875,12.4283456570773,9.25694819147223,12.5093661848367,9.18038142834305,12.5854536319006,9.10792399675155
395.166666666667,11.8212087007517,9.75657350260252,11.9103738639299,9.68616993765732,11.9900854001377,9.60970045131025,12.0739944353853,9.53761347340717,12.1596730101704,9.46662778374193,12.2471786854172,9.40186554867021,12.3414041023609,9.33120718742737,12.4269219257972,9.25664172817053,12.5089195214665,9.18099094968866,12.5851038748849,9.10862200105886
395.333333333333,11.8208497415493,9.75693185378929,11.9099914332916,9.6865690327656,11.9896421666839,9.61003584984048,12.0734956358032,9.53784400510696,12.1591384354927,9.46691088077528,12.2462088093089,9.40224921177925,12.340855459139,9.3314122060231,12.4255166215823,9.25634141463409,12.5084740570592,9.18159451276606,12.5847507503304,9.10930584703969
395.5,11.8204903285854,9.75728783437593,11.9096026212942,9.68696761932885,11.9891971636245,9.61037418903702,12.0729945929287,9.53807443369726,12.158604380941,9.4671950323568,12.245250991186,9.40262885261478,12.340304256663,9.33161583317942,12.4241411200554,9.25605340062815,12.5080289352265,9.18219011756133,12.5843956540524,9.10997677789331
395.666666666667,11.820129386365,9.75764182651195,11.9092055289099,9.68736615164775,11.9887488091941,9.61071513920247,12.0724895379081,9.53830578041961,12.1580695405918,9.46748154691232,12.2443103439512,9.40300432601843,12.3397503611044,9.33182038435987,12.4228067968392,9.25578383591796,12.5075832995802,9.18277576406053,12.5840399818665,9.11063603681898
395.833333333333,11.8197658393928,9.75799421234684,11.9087982571107,9.68776508402298,11.9882955216276,9.61105837063946,12.0719787018871,9.53853906651555,12.1575326085216,9.46777173286765,12.2433919805073,9.4033754868318,12.3391936386344,9.33202817502793,12.4215250275563,9.25553887026878,12.507136293732,9.18334945224974,12.5836851295882,9.11128486701596
396,11.8193986121739,9.7583453740301,11.9083789068689,9.68816487075521,11.9878357191597,9.61140355365056,12.0714603160121,9.53877531322662,12.1569922788069,9.4680668986486,12.2425010137568,9.40374218989651,12.3386339554246,9.33224152064712,12.4203071878296,9.25532465344585,12.5066870612936,9.18390918211502,12.583332493033,9.11192451168352
396.166666666667,11.8190266292131,9.75869569371123,11.9079455791566,9.68856596614512,11.9873678200251,9.6117503585384,12.0709326114288,9.53901554179435,12.1564472455242,9.46836835268098,12.2416425566026,9.40410429005416,12.3380711776462,9.33246273668095,12.4191646532816,9.25514733521443,12.5062347458769,9.18445295364244,12.5829834680162,9.1125562140209
396.333333333333,11.8186488150153,9.75904555353973,11.9074963749458,9.68896882449339,11.9868902424586,9.61209845560556,12.0703938192834,9.53926077346029,12.1558962027501,9.46867740339063,12.2408217219473,9.40446164214636,12.3375051714707,9.33269413859292,12.4181087995352,9.25501306533978,12.5057784910935,9.18497876681807,12.5826394503535,9.11318121722738
396.5,11.8182640940854,9.75939533566509,11.9070293952087,9.68937390010069,11.9864014046948,9.61244751515465,12.069842170722,9.53951202946597,12.1553378445611,9.46899535920334,12.2400436226937,9.40481410101474,12.3369358030694,9.33293804184654,12.4171510022131,9.25492799358713,12.5053174405553,9.18548462162799,12.5823018358602,9.11380076450222
396.666666666667,11.8178713909284,9.75974542223682,11.9065427409174,9.6897816472677,11.9858997249686,9.61279720748828,12.0692758968904,9.53977033105294,12.1547708650336,9.46932352854493,12.2393133717444,9.4051615215009,12.3363629386137,9.33319676190533,12.4163026369379,9.25489826972175,12.5048507378739,9.18596851805825,12.5819720203519,9.11441609904467
396.833333333333,11.817471564094,9.76009412556339,11.9060265138513,9.69019191653565,11.9853814628171,9.61314932927968,12.0686918121634,9.54003120740575,12.1541962243249,9.46966032635854,12.2386210988485,9.40550249250963,12.3357885054823,9.33346302007967,12.4155356376205,9.25492656494951,12.5043831597815,9.18643106922412,12.5816512301412,9.11502097723215
397,11.817066553551,9.76043967617227,11.9054746405701,9.69060404798686,11.9848454787883,9.61350573619342,12.0680894193194,9.54028992468045,12.1536162326621,9.47000299974613,12.2379522189748,9.40583616037475,12.3352141545953,9.33372833371521,12.4148117555646,9.25500883348682,12.5039194960753,9.18687549222549,12.5813387681066,9.11560930485493
397.166666666667,11.8166569059326,9.76078233354136,11.9048909592161,9.69101773023364,11.9842940926334,9.61386618701915,12.0674709821104,9.54054710957583,12.1530316092264,9.47035110537169,12.2373047728565,9.40616321608142,12.3346393374367,9.33399321232829,12.4141270924825,9.25514114961471,12.5034589099641,9.18730369302542,12.5810331449122,9.11618254923157
397.333333333333,11.8162431678718,9.76112235714859,11.9042793079319,9.6914326518883,11.9837296241031,9.61423044054649,12.0668387642881,9.54080338879067,12.1524430731989,9.47070419989926,12.2366768012264,9.4064843506148,12.3340635054903,9.33425816543526,12.4134777500865,9.25531958761421,12.5030005646568,9.18771757758696,12.5807328712222,9.11674217768062
397.5,11.8158258860018,9.76146000647188,11.9036435248601,9.69184850156317,11.9831543929486,9.61459825556506,12.0661950296046,9.54105938902375,12.1518513437608,9.47106183999284,12.2360663448175,9.40680025496003,12.3334861102401,9.33452370255248,12.4128598300887,9.25554022176636,12.5025436233625,9.18811905187317,12.5804364577009,9.11728965752065
397.666666666667,11.8154056069558,9.76179554098915,11.902987448143,9.69226496787056,11.9825707189209,9.6149693908645,12.0655420418117,9.54131573697384,12.1512571400931,9.47142358231645,12.2354714443627,9.40711162010228,12.3329066031699,9.33479033319629,12.4122694342015,9.25579912635219,12.5020872492901,9.1885100218471,12.5801424150125,9.1178264560702
397.833333333333,11.814982877367,9.76212922017832,11.9023149159233,9.69268173942278,11.981980921771,9.61534360523443,12.0648820646613,9.54157305933973,12.1506611813771,9.4717889835341,12.234890140595,9.40741913702669,12.3323244357636,9.33505856688305,12.411702664137,9.25609237565274,12.5016306056485,9.1888923934718,12.5798492538212,9.11835404064785
398,11.8145582438684,9.76246130351732,11.9016297663434,9.69309850483215,11.9813873212499,9.61572065746447,12.0642173619053,9.54183198282021,12.150064186794,9.47215760030982,12.2343204742474,9.40772349671842,12.3317390595051,9.3353289131291,12.4111556216076,9.25641604394903,12.5011728556467,9.18926807271032,12.5795554847912,9.11887387857215
398.166666666667,11.8141322530933,9.76279205048406,11.9009358375458,9.69351495271098,11.9807922371085,9.61610030634427,12.0635501972957,9.54209313411404,12.1494668755248,9.47252898930761,12.2337604860527,9.40802539016262,12.3311499258783,9.3356018814508,12.4106244083255,9.25676620552211,12.5007131624936,9.18963896552572,12.5792596185866,9.11938743716166
398.333333333333,11.8137054516747,9.76312172055646,11.900236967673,9.69393077167159,11.9801979890979,9.61648231066343,12.0628828345842,9.54235713992002,12.1488699667507,9.47290270719149,12.233208216744,9.40832550834445,12.330556486367,9.3358779813645,12.4101051260029,9.257138934653,12.5002506893982,9.19000697788105,12.5789601658718,9.11989618373493
398.5,11.8132783862459,9.76345057321245,11.8995369948674,9.6943456503263,11.9796068969692,9.6168664292116,12.0622175375229,9.54262462693693,12.1482741796528,9.47327831062547,12.2326617070541,9.40862454224906,12.3299581924552,9.33615772238654,12.4095938763521,9.25753030562274,12.4997845995695,9.19037401573936,12.5786556373108,9.12040158561053
398.666666666667,11.81285160344,9.76377886792995,11.8988397572717,9.69475927728741,11.9790212804732,9.6172524207784,12.0615565698636,9.54289622186354,12.1476802334125,9.47365535627358,12.232118997716,9.40892318286161,12.3293544956267,9.33644161403327,12.4090867610854,9.25793639271237,12.4993140562163,9.1907419850637,12.578344543568,9.120905110107
398.833333333333,11.8124256498901,9.76410686418688,11.8981490930284,9.69517134116724,11.978443459361,9.61764004415345,12.0609021953581,9.54317255139863,12.1470888472106,9.47403340079983,12.2315781294628,9.40922212116725,12.3287448473655,9.33673016582106,12.408579881915,9.25835327020291,12.4988382225477,9.19111279181713,12.5780253953074,9.12140822454292
399,11.8120010722294,9.76443482146115,11.8974688402798,9.69558153057812,11.9778757533836,9.61802905812638,12.0602566777585,9.54345424224099,12.1465007402285,9.47441200086823,12.2310371430272,9.40952204815113,12.3281286991553,9.33702388726624,12.4080693405531,9.25877701237541,12.4983562617726,9.19148834196271,12.5776967031934,9.12191239623684
399.166666666667,11.8115784170911,9.7647629992307,11.8968028371685,9.69598953413234,11.9773204822921,9.61841922148683,12.0596222808166,9.5437419210894,12.1459166316473,9.4747907131428,12.2304940791423,9.40982365479841,12.3275055024801,9.33732328788517,12.407551238712,9.25920369351089,12.4978673371,9.19187054146348,12.5773569778901,9.12241909250731
399.333333333333,11.8111582311083,9.76509165697343,11.896154921837,9.69639504044223,11.9767799658373,9.61881029302442,12.0590012682843,9.54403621464264,12.1453372406482,9.47516909428754,12.229946978541,9.41012763209425,12.3268747088239,9.3376288771942,12.4070216781039,9.25962938789039,12.4973706117387,9.19226129628249,12.5770047300618,9.12292978067289
399.5,11.8107410609141,9.76542105416728,11.8955289324278,9.69679773812011,11.9762565237704,9.61920203152877,12.0583959039135,9.54433774959948,12.1447632864122,9.47554670096649,12.2293938819563,9.41043467102379,12.3262357696703,9.33794116470968,12.4064767604412,9.26005016979494,12.4968652488979,9.1926625123828,12.5766384703726,9.12344592805215
399.666666666667,11.8103274531417,9.76575145029016,11.8949287070835,9.69719731577828,11.9757524758424,9.61959419578952,12.0578084514561,9.54464715265872,12.1441954881205,9.47592308984365,12.2288328301211,9.41074546257219,12.3255881365034,9.33826065994796,12.405912587436,9.26046211350557,12.4963504117863,9.19307609572747,12.5762567094867,9.12396900196364
399.833333333333,11.8099179544243,9.76608310482,11.8943580839464,9.69759346202907,11.9752701418041,9.61998654459629,12.057241174664,9.54496505051912,12.1436345649544,9.47629781758305,12.2282618637684,9.41106069772461,12.3249312608071,9.33858787242538,12.4053252608006,9.26086129330333,12.495825263613,9.19350395227954,12.5758579580684,9.12450046972592
400,11.809513111395,9.76641627723471,11.8938209011592,9.69798586548479,11.9748118414067,9.62037883673871,12.056696337289,9.54529206987949,12.1430812360948,9.47667044084868,12.227679023631,9.41138106746619,12.3242645940652,9.33892331165831,12.4047108822472,9.26124378346924,12.4952889675868,9.19394798800207,12.5754407267818,9.12504179865754
400.166666666667,11.809109457521,9.76674952582887,11.8933077765709,9.69837682272376,11.9743721148659,9.62077707252811,12.0561663882031,9.54563988046471,12.1425274897677,9.47705196319979,12.2270782373488,9.41171905593067,12.3235706568305,9.33929046270373,12.4040579067048,9.26164580702414,12.49470890348,9.19443011101955,12.5749659934782,9.12561689450573
400.333333333333,11.8087035921524,9.76708140287563,11.8928063422592,9.69876853747495,11.9739435081004,9.62118628668677,12.0556423971511,9.5460172439674,12.1419661008476,9.47745160151246,12.2264570461425,9.41208370515015,12.3228361291799,9.33970751622974,12.4033617724407,9.26210089272831,12.4940601080901,9.19496551988431,12.5744037895655,9.12624288950308
400.5,11.8082961607462,9.76741215882081,11.892315957709,9.69916055907668,11.9735253494156,9.62160478962073,12.0551245591945,9.54642042503786,12.1413989684893,9.477866232426,12.2258189111168,9.41247054295738,12.3220667018828,9.34016704016932,12.4026290561755,9.26260107347196,12.4933532301647,9.19554605620118,12.5737662060428,9.12691109069622
400.666666666667,11.8078878087594,9.76774204411021,11.8918359824053,9.69955243686724,11.9731169671171,9.62203089173602,12.0546130693946,9.54684568832642,12.1408279918473,9.47829273257973,12.2251672933763,9.4128750971851,12.3212680657087,9.34066160245547,12.4018663346293,9.2631383821453,12.4925989184511,9.19616356157499,12.5730653339093,9.12761280513179
400.833333333333,11.8074791816492,9.76807130918966,11.8913657758331,9.69994372018494,11.9727176895103,9.62246290343868,12.054108122813,9.54728929848339,12.1402550700764,9.47872797861297,12.2245056540255,9.41329289566604,12.3204459114272,9.34118377102119,12.4010801845226,9.26370485163854,12.4918078216969,9.19680987761058,12.5723132641641,9.12833933985643
401,11.8070709248726,9.76840020450495,11.8909046974773,9.70033395836807,11.9723268449007,9.62289913513475,12.053609914511,9.54774752015908,12.1396821023312,9.47916884716502,12.2238374541691,9.41371946623296,12.3196059298079,9.34172611379947,12.4002771825756,9.26429251484188,12.4909905886496,9.19747684591275,12.5715220878064,9.12908200191676
401.166666666667,11.8066636838867,9.76872898050189,11.8904521068228,9.70072270075494,11.9719437615937,9.62333789723026,12.0531186395502,9.54821661800381,12.1391109877663,9.4796122148752,12.2231661549118,9.41415033671859,12.3187538116203,9.3422811987233,12.3994639055088,9.26489340464554,12.4901578680565,9.19815630808636,12.5707038958354,9.12983209835944
401.333333333333,11.8062581041486,9.7690578876263,11.8900073633547,9.70110949668385,11.9715677678947,9.62377750013126,12.052634492992,9.5486928566679,12.1385436255365,9.48005495838283,12.222495217358,9.41458103495567,12.3178952476338,9.34284159372568,12.3986469300424,9.26549955393973,12.4893203086652,9.19884010573623,12.5698707792502,9.13058093623108
401.5,11.8058548311154,9.76938717632398,11.8895698265579,9.70149389549311,11.9711981921093,9.62421625424378,12.0521576698979,9.54917250080165,12.1379819147964,9.48049395432721,12.2218281026124,9.41500708877696,12.3170359286182,9.34339986673959,12.3978328328968,9.26610299561464,12.4884885592231,9.19952008046718,12.5690348290499,9.13131982257833
401.666666666667,11.8054545102441,9.76971709704076,11.8891388559174,9.701875446521,11.9708343625429,9.62465246997385,12.0516883653293,9.54965181505538,12.1374277547006,9.48092607934767,12.2211682717796,9.41542402601519,12.3161815453428,9.34394858569804,12.3970281907923,9.2666957625605,12.4876732684777,9.20018807388405,12.5682081362338,9.13204006444782
401.833333333333,11.8050577869918,9.77004790022242,11.8887138109181,9.70225369910585,11.970475607501,9.62508445772752,12.0512267743476,9.55012706407941,12.1368830444038,9.48134821008351,12.2205191859643,9.4158273745031,12.3153377885773,9.34448031853402,12.3962395804492,9.26726988766751,12.4868850851765,9.20083592759166,12.567402791801,9.13273296888618
402,11.8046653068156,9.7703798363148,11.8882940510451,9.70262820258594,11.970121255289,9.62551052791082,12.0507730920143,9.55059451252406,12.1363496830606,9.48175722317405,12.2198843062709,9.41621266207343,12.3145103490912,9.34498763318052,12.3954735785879,9.26781740382587,12.4861346580668,9.20145548319484,12.5666308867507,9.13338984294006
402.166666666667,11.8042777151726,9.77071315576369,11.8878789357832,9.70299850629958,11.9697706342124,9.6259289909298,12.0503275133909,9.55105042503963,12.1358295698258,9.48214999525861,12.2192670938042,9.41657541655893,12.313704917654,9.34546309757053,12.3947367619288,9.26833034392581,12.4854326358962,9.20203858229843,12.565904512082,9.13400199365608
402.333333333333,11.8038956575199,9.7710481090149,11.8874678246175,9.70336415958507,11.9694230725766,9.62633815719048,12.0498902335388,9.55149106627644,12.1353246038539,9.48252340297649,12.2186710096687,9.41691116579233,12.3129271850352,9.34589927963705,12.3940357071921,9.26880074085751,12.4847896674121,9.20257706650724,12.565235758794,9.13456072808088
402.5,11.8035197793145,9.77138494651425,11.887060077033,9.70372471178071,11.9690778986872,9.6267363370989,12.0494614475195,9.55191270088482,12.1348366842997,9.48287432296702,12.2180995149691,9.41721543760639,12.3121828420045,9.34628874731307,12.3933769910981,9.26922062751121,12.4842164013621,9.20306277742611,12.564636717886,9.1350573532611
402.666666666667,11.8031507260135,9.77172391870755,11.8866550525145,9.7040797122248,11.9687344408495,9.62712184106111,12.0490413503944,9.55231159351506,12.1343677103177,9.4831996318695,12.2175560708099,9.41748375983384,12.3114775793313,9.34662406853159,12.3927671903674,9.2695820367771,12.4837234864935,9.20348755665987,12.5641194803571,9.13548317624337
402.833333333333,11.802789143074,9.7720652760406,11.886252110547,9.70442871025566,11.9683920273691,9.62749297948313,12.0486301372249,9.55268400881749,12.1339195810627,9.48349620632324,12.2170441382957,9.41771166030743,12.3108170877852,9.3468978112256,12.39221288172,9.26987700154539,12.4833215715538,9.20384324581335,12.5636961372065,9.13582950407433
403,11.8024356759531,9.77240926895922,11.8858506106156,9.70477125521157,11.9680499865513,9.62784806277102,12.0482280030726,9.55302621144242,12.1334941956893,9.48376092296757,12.2165671785313,9.41789466685989,12.3102070581357,9.34710254332808,12.3917206418765,9.27009755470629,12.4830213052905,9.20412168649137,12.5633787794332,9.13608764380061
403.166666666667,11.8020909701078,9.77275614790922,11.8854499122052,9.70510689643083,11.9677076467018,9.6281854013308,12.0478351429988,9.55333446604017,12.1330934533521,9.4839906584418,12.216128652621,9.41802830732397,12.3096531811524,9.34723083277205,12.3912970475571,9.27023572915001,12.482833336451,9.20431472029877,12.5631794980366,9.13624890246884
403.333333333333,11.8017556709953,9.77310616333639,11.8850493748007,9.70543518325177,11.9673643361258,9.62850330556851,12.0474517520651,9.55360503726105,12.1327192532058,9.48418228938523,12.2157320216697,9.41810810953241,12.3091611476048,9.34727524749048,12.3909486754821,9.27028355776676,12.4827683137829,9.20441418884037,12.5631103840157,9.13630458712567
403.5,11.801430881149,9.77346052605038,11.884654027059,9.70575519435363,11.9670252256998,9.6288006643404,12.0470810623889,9.55384586074109,12.1323705269465,9.48434619422889,12.2153713894884,9.41815618053446,12.3087208718628,9.34726776396204,12.3906559703916,9.2702673752114,12.4828000284377,9.20446086086172,12.5631335704703,9.13627908793877
403.666666666667,11.8011165447293,9.77381991274156,11.88426853961,9.70606685539963,11.9666951567742,9.62907902151494,12.0467251231473,9.55406864644602,12.1320433898894,9.48449580488038,12.2150366977361,9.4181980599445,12.3083158482801,9.34724634558753,12.3903928075058,9.27022105962193,12.4828907979668,9.20450138780415,12.5631999317027,9.13620610750729
403.833333333333,11.800811569633,9.77418377267692,11.8838917348986,9.70637098620394,11.9663729633654,9.62934067001648,12.0463823549905,9.55427532052067,12.1317355166183,9.48463257819392,12.2147251642892,9.41823442444293,12.3079421376012,9.34721254068319,12.3901559092651,9.27014795911325,12.4830340607177,9.20453643531615,12.5633046705152,9.13609092152507
404,11.8005148637573,9.77455155512339,11.8835224353697,9.70666840658075,11.9660574794901,9.6295879027694,12.0460511785691,9.55446780910989,12.1314445817169,9.48475797102373,12.2144340070241,9.41826595071017,12.307595800571,9.34716789756525,12.3899419981101,9.27005142180026,12.4832232550376,9.20456666904622,12.5634429897103,9.13593880568596
404.166666666667,11.8002253349992,9.77492270934797,11.8831594634682,9.70695993634421,11.9657475391646,9.62982301269805,12.0457300145334,9.55464803835855,12.131168259769,9.48487344022403,12.214160443817,9.41829331542661,12.3072728979344,9.34711396454993,12.3897477964814,9.26993479579786,12.4834518192737,9.20459275464285,12.5636100920905,9.1357550356838
404.333333333333,11.7999418912556,9.77529668461761,11.8828016416388,9.70724639530853,11.9654419764056,9.63004829272679,12.0454172835339,9.55481793441148,12.1309042253582,9.48498044264904,12.2139016925443,9.41831719527268,12.3069694904359,9.34705228995346,12.3895700268196,9.26980142922095,12.4837131917734,9.20461535775455,12.5638011804583,9.13554488721243
404.5,11.7996634404236,9.77567293019928,11.8824477923264,9.70752860328787,11.9651396252294,9.63026603577999,12.0451114062209,9.55497942341353,12.1306501530683,9.48508043515297,12.2136549710823,9.41833826692877,12.3066816388205,9.34698442209208,12.3894054115653,9.26965467018443,12.4840008108839,9.20463514402982,12.5640114576162,9.1353136359657
404.666666666667,11.7993888904003,9.77605089535994,11.8820967379758,9.70780738009641,11.9648393196527,9.630478534782,12.044810803245,9.55513443150956,12.130403717483,9.48517487459005,12.2134174973074,9.41835720707532,12.306405403833,9.34691190928201,12.3892506731589,9.26949786680321,12.4843081149526,9.20465277911714,12.5642361263666,9.13506655763744
404.833333333333,11.7991171490826,9.77643002936655,11.881747301032,9.70808354554833,11.964539893692,9.6306880826572,12.0445138952566,9.55528488484441,12.1301625931861,9.48526521781449,12.2131864890959,9.4183746923927,12.306136846218,9.34683629983947,12.3891025340411,9.26933436719219,12.4846285423267,9.20466892866503,12.5644703895121,9.13480892792149
405,11.7988471243675,9.7768097814861,11.8813983039397,9.70835791945781,11.9642401813637,9.63089697232993,12.044219102906,9.55543270956294,12.1299244547611,9.48535292168051,12.2129591643241,9.41839139956135,12.3058720267203,9.34675914208071,12.3889577166524,9.26916751946627,12.4849555313535,9.20468425832197,12.5647094498551,9.1345460225117
405.166666666667,11.7985777241521,9.77718960098554,11.8810485691439,9.70863132163903,11.9639390166843,9.63110749672456,12.0439248468437,9.55557983180998,12.129686976792,9.48543944304234,12.2127327408683,9.41840800526167,12.3056070060848,9.34668198432195,12.3888129434334,9.26900067174035,12.4852825203803,9.20469943373647,12.5649485101981,9.13428311710191
405.333333333333,11.7983078563335,9.77756893713183,11.8806969190893,9.70890457190617,11.9636352336704,9.63132194876546,12.0436295477201,9.55572817773038,12.1294478338623,9.48552623875418,12.212504436605,9.41842518617408,12.3053378450563,9.34660637487942,12.3886649368246,9.26883717212932,12.4856029477544,9.20471512055701,12.5651827733435,9.13402548738597
405.5,11.7980364288085,9.77794723919194,11.8803421762208,9.7091784900734,11.9633276663385,9.63154262137699,12.0433316261856,9.55587967346901,12.1292047005559,9.48561476567026,12.2122714694104,9.41844361897897,12.3050606043794,9.34653386206935,12.3885104192667,9.2686803687481,12.4859102518231,9.20473198443211,12.565407442094,9.1337784090577
405.666666666667,11.7977623494744,9.77832395643285,11.8799831629833,9.7094538959549,11.9630151487051,9.63177180748349,12.0430295028908,9.5560362451707,12.1289552514563,9.4857064806448,12.2120310571609,9.41846398035676,12.304771344799,9.34646599420797,12.3883461132001,9.26853360971159,12.4861978709336,9.20475069101026,12.5656177192518,9.13354715781097
405.833333333333,11.7974845262279,9.77869853812151,11.8796187018216,9.70973160936486,11.9626965147866,9.63201180000935,12.0427215984858,9.55619981898031,12.1286971611475,9.48580284053201,12.2117804177327,9.41848694698786,12.3044661270598,9.3464043196115,12.3881687410655,9.26840024313468,12.4864592434333,9.20477190593995,12.5658088076196,9.1333370093396
406,11.7972018669663,9.77907043352488,11.8792476151805,9.71001245011744,11.9623705985997,9.63226489187892,12.0424063336213,9.55637232104269,12.128428104213,9.48590530218611,12.2115167690023,9.41851319555268,12.3041410119067,9.34635038659618,12.3879750253033,9.26828361713228,12.4866878076695,9.20479629486968,12.5659759099999,9.13315323933744
406.166666666667,11.7969132795865,9.77943909190995,11.8788687255049,9.71029723802684,11.9620362341608,9.63253337601656,12.0420821289477,9.55655567750267,12.1281457552366,9.48601532246133,12.211237328846,9.41854340273162,12.3037920600843,9.34630574347823,12.3877616883543,9.26818707981929,12.4868770019893,9.20482452344795,12.566114229195,9.13300112349833
406.333333333333,11.7966176719855,9.77980396254366,11.8784808552397,9.71058679290722,11.9616922554865,9.63281954534663,12.0417474051153,9.55675181450512,12.127847788802,9.48613435821188,12.2109393151401,9.41857824520511,12.3034153323375,9.34627193857389,12.3875254526589,9.26811397931061,12.4870202647402,9.20485725732327,12.5662189680075,9.13288593751611
406.5,11.7963139520604,9.780164494693,11.8780828268297,9.71088193457276,11.9613374965931,9.6331256927935,12.0414005827745,9.55696265819487,12.127531879493,9.48626386629198,12.210619945761,9.41861839965354,12.3030068894111,9.34625052019939,12.3872630406577,9.26806766372114,12.4871110342694,9.20489516214411,12.5662853292398,9.13281295708464
406.666666666667,11.7960010277081,9.78052013762491,11.8776734627197,9.71118348283764,11.9609707914973,9.63345411128152,12.0410400825759,9.55719013471679,12.1271957018932,9.48640530355584,12.2102764385849,9.41866454275734,12.3025627920499,9.34624303667095,12.3869711747912,9.26805148116578,12.4871427489241,9.204938903559,12.5663085156945,9.13278745789773
406.833333333333,11.7956772535173,9.78087034612203,11.8772451735966,9.71148899177352,11.9605889256638,9.63382287206447,12.0406649012452,9.55743899049765,12.1268397676134,9.48656241415394,12.2099027911594,9.41873026425632,12.3020644398947,9.34627717223832,12.3866243674439,9.26808656509697,12.4870701596168,9.20500204050668,12.5662612012717,9.13281213760664
407,11.7953425589985,9.78121536371584,11.8767932306188,9.71179557655772,11.9601905269436,9.63424467743501,12.0402759586504,9.5577112387185,12.1264667390445,9.48673679780881,12.2094968031435,9.41882704112064,12.3014999445695,9.34637583050512,12.3862036393605,9.26818795990092,12.4868602505699,9.20509608865664,12.56612404381,9.13288373026035
407.166666666667,11.794998214432,9.78155582279662,11.8763207469393,9.712103398663,11.959777192932,9.63471376687587,12.0398745601549,9.55800470565561,12.1260775169408,9.48692669473279,12.2090613955809,9.41895238087617,12.3008754347936,9.34653338881834,12.3857154755224,9.26834988009326,12.4865248100959,9.20521864875345,12.5659042220187,9.13299856614938
407.333333333333,11.794645490098,9.78189235575463,11.8758308357107,9.71241261956208,11.9593505212249,9.63522437986977,12.0394620111223,9.55831721758524,12.1256730020564,9.4871303451382,12.2085994895151,9.4191037910488,12.300197039286,9.34674422452497,12.3851663609108,9.26856654018956,12.4860756265074,9.20536732154167,12.5656089146075,9.13315297556423
407.5,11.7942856562766,9.78222559498016,11.8753266100859,9.71272340072771,11.9589121094177,9.63577075589945,12.0390396169159,9.55864660078364,12.1252540951454,9.48734598923738,12.2081140059898,9.41927877916441,12.2994708867659,9.347002714972,12.3845627805071,9.26883215470543,12.4855244881168,9.20553970776586,12.565245300286,9.13334328879541
407.666666666667,11.7939199832482,9.78255617286347,11.8748111832176,9.71303590363262,11.9584635551061,9.63634713444761,12.0386086828992,9.55899068152707,12.1248216969622,9.48757186724265,12.2076078660486,9.41947485274888,12.2987031059525,9.34730323750645,12.3839112192927,9.26914093815647,12.4848831832368,9.20573340817059,12.5648205577638,9.13356583613342
407.833333333333,11.7935497412929,9.78288472179485,11.8742876682585,9.71335028974954,11.9580064558857,9.63694775499699,12.0381705144358,9.5593472860918,12.1243767082609,9.48780621936637,12.2070839907351,9.4196895193281,12.2978998255649,9.34764016947529,12.3832181622487,9.26948710505828,12.4841635001797,9.20594602350041,12.5643418657504,9.13381694786875
408,11.7931762006909,9.78321187416455,11.8737591783615,9.71366672055122,11.957542409352,9.63756685703031,12.037726416889,9.55971424075408,12.1239200297956,9.48804728582084,12.2065453010929,9.41992028642794,12.2970671743224,9.34800788822554,12.3824900943566,9.26986486992645,12.4833772272583,9.2061751544999,12.5638164029555,9.13409295429193
408.166666666667,11.7928006317225,9.78353826236287,11.8732288266793,9.71398535751039,11.9570730131007,9.6381986800303,12.0372776956224,9.56008937179017,12.1234525623206,9.48829330681841,12.2059947181657,9.42016466157428,12.2962112809441,9.34840077110417,12.3817335005975,9.27026844727659,12.4825361527849,9.2064184019136,12.5632513480885,9.13439018569345
408.333333333333,11.7924243046678,9.78386451878006,11.8726997263646,9.71430636209979,11.9565998647275,9.63883746347967,12.0368256559994,9.56047050547634,12.1229752065901,9.48854252257141,12.2054351629969,9.42042015229301,12.2953382741491,9.3488131954582,12.380954865953,9.27069205162429,12.4816520650721,9.2066733664861,12.5626538798591,9.13470497236381
408.5,11.7920484898071,9.78419127580641,11.8721749905703,9.71462989579216,11.9561245618278,9.63947744686116,12.0363716033835,9.56085546808883,12.1224888633581,9.48879317329216,12.2048695566304,9.42068426611001,12.2944542826567,9.34923953863461,12.3801606754041,9.27112989748516,12.4807367524325,9.20693764896195,12.5620311769768,9.13503364459353
408.666666666667,11.7916744574206,9.78451916583219,11.8716577324491,9.71495612006022,11.9556487019973,9.64011286965749,12.0359168431381,9.56124208590392,12.121994433379,9.48904349919301,12.2043008201096,9.42095451055116,12.2935654351859,9.34967417798041,12.3793574139323,9.27157619937478,12.4798020031785,9.20720885008571,12.5613904181513,9.1353725326731
408.833333333333,11.7913034777884,9.78484882124766,11.8711510651538,9.71528519637673,11.9551738828315,9.64073797135137,12.0354626806268,9.56162818519785,12.1214928174069,9.48929174048628,12.2037318744782,9.42122839314234,12.2926778604561,9.35011149084259,12.3785515665189,9.27202517180877,12.4788596056227,9.20748457060195,12.5607387820921,9.13571796689303
409,11.7909368211909,9.78518087444311,11.870658101837,9.71561728621441,11.9547017019262,9.64134699142555,12.0350104212129,9.56201159224689,12.120984916196,9.48953613738431,12.2031656407798,9.42150342140944,12.2917976871862,9.35054585456814,12.3777496181452,9.27247102930272,12.4779213480777,9.20776241125524,12.5600834475088,9.13606627754382
409.166666666667,11.7905757579082,9.78551595780881,11.8701819556517,9.715952551046,11.9542337568769,9.64193416936273,12.03456137026,9.5623901333273,12.1204716305005,9.48977493009942,12.202605040058,9.42177710287833,12.2909310440956,9.35097164650406,12.3769580537924,9.27290798637223,12.4769990188558,9.20803997279012,12.559431593111,9.13641379491599
409.333333333333,11.7902215582206,9.78585470373504,11.8697257397505,9.71629115234425,11.9537716452791,9.64249374464565,12.0341168331316,9.56276163471533,12.1199538610746,9.49000635884395,12.2020529933565,9.4220469450749,12.2900840599033,9.35138324399736,12.376183358442,9.27333025753289,12.4761044062698,9.20831485595118,12.5587903976082,9.13675684930002
409.5,11.7898754924081,9.78619774461205,11.8692925672863,9.71663325158187,11.9533169647286,9.64301995675703,12.033678115191,9.56312392268725,12.1194325086724,9.49022866383023,12.2015124217188,9.42231045552502,12.2892628633285,9.35177502439501,12.3754320170751,9.27373205730031,12.4752492986321,9.20858466148296,12.5581670397101,9.13709177098644
409.666666666667,11.7895388307512,9.78654571283014,11.8688855514118,9.71697901023163,11.9528713128209,9.64350704517958,12.0332465218017,9.56347482351932,12.1189084740482,9.4904400852706,12.2009862461886,9.42256514175459,12.2884735830905,9.35214136504403,12.3747105146732,9.27410760019008,12.4744454842552,9.20884699013004,12.5575686981262,9.13741489026573
409.833333333333,11.7892128435299,9.78689924077957,11.8685078052797,9.71732858976624,11.9524362871515,9.64394924939605,12.0328233583273,9.56381216348779,12.1183826579561,9.49063886337738,12.2004773878094,9.42280851128948,12.2877223479083,9.3524766432914,12.3740253362174,9.27445110071781,12.4737047514516,9.20909944263698,12.557002551566,9.13772253742842
410,11.7888988010245,9.78725896085061,11.8681624420428,9.71768215165845,11.9520134853162,9.64434080888915,12.0324099301312,9.56413376886893,12.1178559611503,9.4908232383629,12.1999887676249,9.42303807165557,12.2870152865012,9.35277523648413,12.3733829666893,9.27475677339909,12.4730388885339,9.20933961974834,12.5564757787393,9.13801104276499
410.166666666667,11.7885955562235,9.78762679599416,11.8678393260333,9.71804332994679,11.951598588469,9.64469532718615,12.0320045955821,9.56444305289783,12.1173166086342,9.49099395053617,12.1995150896223,9.42325871998719,12.2863361963802,9.3530499916727,12.3727695750931,9.27503871726861,12.4724209557308,9.20957391592512,12.5559718393846,9.13828977328357
410.333333333333,11.788300570355,9.78800355598337,11.8675260070665,9.71841486828816,11.9511862369558,9.64503135797288,12.0316044760767,9.56474536789867,12.1167540445518,9.49115383960354,12.1990486361065,9.42347729688925,12.2856647592625,9.3533178896554,12.3721664012545,9.27531510396338,12.4718154471167,9.2098102594412,12.5554691038276,9.13857052540835
410.5,11.7880130260589,9.78838820344191,11.8672221265202,9.71879559258285,11.9507764671599,9.64535056596991,12.0312090215204,9.56504144878127,12.1161709983688,9.49130429487341,12.1985886955983,9.42369422509345,12.2850009301756,9.35357950840094,12.3715725363865,9.27558625690249,12.4712213017726,9.21004855176051,12.5549671166584,9.13885327355392
410.666666666667,11.7877321059748,9.78877970099346,11.866927325772,9.71918432873112,11.9503693154646,9.6456546158978,12.0308176818186,9.56533203045549,12.1155701995508,9.49144670565414,12.1981345566183,9.4239099273315,12.2843446641473,9.35383542587802,12.370987071702,9.27585249950504,12.4706374587799,9.21028869434697,12.5544654224672,9.13913799213488
410.833333333333,11.7874569927425,9.7891770112617,11.8666412461996,9.71957990263327,11.9499648182532,9.64594517247711,12.0304299068767,9.56561784783115,12.1149543775633,9.49158246125413,12.1976855076871,9.42412482633512,12.2836959162055,9.35408622005534,12.370409098414,9.27611415519012,12.4700628572196,9.2105305886645,12.5539635658439,9.13942465556584
411,11.7871868690016,9.78957909687029,11.8663635291807,9.71998114018957,11.949563011909,9.64622390042841,12.0300451466001,9.56589963581811,12.1143262618719,9.49171295098174,12.1972408373253,9.42433934483601,12.2830546413778,9.35433246890162,12.3698377077354,9.27637154737683,12.4694964361728,9.21077413617702,12.5534610913787,9.1397132382614
411.166666666667,11.7869209173919,9.78998492044293,11.8660938160929,9.7203868673003,11.9491639328152,9.64649246447226,12.0296628508943,9.56617812932618,12.1136885819422,9.49183956414536,12.1967998340536,9.4245539055659,12.282420794692,9.35457475038555,12.3692719908793,9.27662499948427,12.4689371347208,9.21101923834845,12.5529575436617,9.14000371463615
411.333333333333,11.7866583205531,9.79039344460328,11.865831748314,9.72079590986574,11.9487676173552,9.64675252932922,12.0292824696647,9.56645406326523,12.1130440672397,9.49196369005337,12.1963617863925,9.4247689312565,12.281794331176,9.35481364247583,12.3687110390585,9.27687483493152,12.4683838919447,9.2112657966427,12.5524524672828,9.14029605910471
411.5,11.7863982611249,9.79080363197501,11.8655769672216,9.72120709378616,11.9483741019123,9.64700575971986,12.0289034528166,9.56672817254508,12.11239544723,9.49208671801414,12.1959259828626,9.42498484463951,12.2811752058573,9.35504972314117,12.3681539434861,9.27712137713769,12.4678356469256,9.21151371252369,12.5519454068322,9.14059024608166
411.666666666667,11.786139921747,9.79121444518181,11.8653291141934,9.72161924496186,11.9479834228696,9.64725382036474,12.0285252502555,9.56700119207558,12.1117454513788,9.49221003733607,12.1954917119847,9.42520206844666,12.2805633737639,9.35528357035027,12.3675997953749,9.27736494952187,12.4672913387448,9.21176288745536,12.5514359069,9.14088624998161
411.833333333333,11.7858824850591,9.79162484684735,11.8650878306071,9.7220311892931,11.9475956166106,9.64749837598443,12.0281473118868,9.56727385676657,12.1110968091515,9.49233503732752,12.1950582622793,9.42542102540964,12.2799587899234,9.35551576207184,12.3670476859381,9.27760587550316,12.4667499064833,9.2120132229016,12.5509235120763,9.14118404521917
412,11.7856251337011,9.7920337995953,11.8648527578403,9.72244175268017,11.9472107195185,9.64774109129948,12.027769087616,9.56754690152788,12.1104522500137,9.49246310729689,12.194624922267,9.42564213826018,12.2793614093636,9.35574687627458,12.3664967063884,9.27784447850065,12.4662102892223,9.21226462032635,12.5504077669511,9.14148360620892
412.166666666667,11.7853670503125,9.79244026604934,11.8646235372708,9.72284976102335,11.9468287679766,9.64798363103047,12.0273900273483,9.56782106126935,12.1098145034311,9.49259563655254,12.1941909804684,9.42586582972999,12.2787711871123,9.3559774909272,12.365945947939,9.27808108193343,12.4656714260429,9.21251698119353,12.5498882161145,9.14178490736548
412.333333333333,11.785107417533,9.79284320883315,11.8643998102763,9.72325404022292,11.9464497983682,9.64822765989795,12.0270095809894,9.56809707090083,12.1091862988692,9.49273401440286,12.1937557254042,9.42609252255079,12.2781880781973,9.35620818399839,12.3653945018027,9.2783160092206,12.4651322560264,9.21277020696705,12.5493644041566,9.14208792310344
412.5,11.7848454180025,9.7932415905704,11.8641812182343,9.72365341617915,11.9460738470765,9.64847484262249,12.0266271984444,9.56837566533215,12.1085703657935,9.49287963015623,12.1933184455951,9.42632263945427,12.2776120376462,9.35643953345686,12.3648414591925,9.27854958378125,12.4645917182539,9.21302419911082,12.5488358756674,9.14239262783741
412.666666666667,11.7845802343607,9.79363437388477,11.8639674025226,9.72404671479232,11.9457009504849,9.64872684392465,12.026242329619,9.56865757947316,12.1079694336697,9.49303387312103,12.1928784295615,9.42655660317216,12.2770430204869,9.35667211727131,12.3642859113214,9.27878212903449,12.4640487518064,9.21327885908879,12.5483021752371,9.14269899598198
412.833333333333,11.7843110492471,9.79402052139993,11.8637580045189,9.72443276196272,11.9453311449767,9.64898532852499,12.0258544244184,9.56894354823368,12.1073862319633,9.49319813260564,12.1924349658241,9.42679483643618,12.2764809817471,9.35690651341045,12.3637269494023,9.2790139683994,12.4635022957653,9.21353408836485,12.5477628474558,9.14300700195176
413,11.7840370453017,9.79439899573956,11.8635526656008,9.72481038359063,11.944964466935,9.64925196114409,12.0254629327481,9.56923430652357,12.1068234901399,9.49337379791844,12.1919873429036,9.42703776197802,12.2759258764545,9.35714329984298,12.3631636646483,9.27924542529509,12.4629512892116,9.21378978840294,12.5472174369134,9.14331662016134
413.166666666667,11.783757405164,9.79476875952733,11.8633510271461,9.72517840557632,11.9446009527434,9.6495284065025,12.0250673045136,9.56953058925266,12.106283937665,9.4935622583678,12.1915348493206,9.42728580252941,12.275377659637,9.35738305453761,12.3625951482722,9.27947682314064,12.4623946712265,9.21404586066696,12.5466654882001,9.14362782502534
413.333333333333,11.7834713114738,9.79512877538692,11.8631527305324,9.72553565382008,11.9442406387849,9.64981632932079,12.0246669896201,9.56983313133079,12.1057703040043,9.49376490326212,12.1910767735957,9.42753938082206,12.2748362863223,9.35762635546304,12.362020491487,9.27970848535515,12.4618313808911,9.21430220662084,12.546106545906,9.14394059095834
413.5,11.7831762463961,9.79547972504364,11.8629621553758,9.72588439041465,11.9438837958486,9.65011453921502,12.0242583871898,9.57014299360679,12.1052742036803,9.49399495172644,12.1906122761413,9.42780297392568,12.2743000222748,9.35787522160238,12.3614386755922,9.27994437754328,12.4612606739522,9.21456946070014,12.5455353764965,9.14426167246554
413.666666666667,11.782871169661,9.79582345720871,11.8627829872452,9.7262278842863,11.9435305492243,9.65042014514683,12.0238392967168,9.57046017185129,12.10478543591,9.49426218132688,12.1901415311414,9.42807971940439,12.2737673960015,9.35813055802814,12.3608499768165,9.28018726428143,12.4606832268407,9.21485614214155,12.5449483050975,9.14459645450397
413.833333333333,11.7825574802556,9.79616068498467,11.8626138264468,9.72656647158552,11.9431807170462,9.65073226085514,12.0234112686649,9.57078380335681,12.1043040072002,9.49456281903341,12.1896653477735,9.42836803073154,12.2732387566444,9.35839127184312,12.3602554287669,9.28043566744634,12.4601001096637,9.21515897961072,12.5443472142896,9.144942857166
414,11.7822365771672,9.79649212147405,11.8624532732872,9.72690048846285,11.9428341174488,9.65105000007888,12.0229758534979,9.57111302541587,12.1038299240582,9.49489309181602,12.1891845352151,9.42866632138046,12.2727144533451,9.3586562701501,12.3596560650502,9.28068810891473,12.4595123925286,9.21547470177331,12.5437339866536,9.145298800544
414.166666666667,11.7819098593829,9.7968184797794,11.8622999280729,9.72723027106879,11.9424905685662,9.65137247655695,12.0225346016797,9.57144697532101,12.1033631929909,9.49524922664467,12.1886999026437,9.42897300482448,12.2721948352454,9.35892446005187,12.3590529192735,9.28094311056334,12.4589211455424,9.21580003729495,12.54311050477,9.14566220473035
414.333333333333,11.78157872589,9.79714047300325,11.8621523911102,9.72755615555385,11.9421498885328,9.65169880402828,12.022089063674,9.57178479036474,12.1029038205053,9.49562745048934,12.1882122592369,9.42928649453693,12.271680251487,9.35919474865121,12.3584470250436,9.28119919426889,12.4583274388125,9.2161317148413,12.5424786512195,9.14603098981741
414.5,11.7812445756758,9.79745881424813,11.8620092627057,9.72787847806857,11.9418118954831,9.6520280962318,12.0216407899446,9.5721256078396,12.1024518131084,9.49602399032002,12.1877224141723,9.42960520399116,12.2711710512119,9.35946604305092,12.3578394159676,9.28145488190811,12.4577323424461,9.21646646307801,12.5418403085826,9.14640307589756
414.666666666667,11.7809088077273,9.79777421661658,11.8618691431657,9.72819757476344,11.9414764075512,9.6523594669064,12.0211913309553,9.5724685650381,12.1020071773074,9.49643507310667,12.1872311766274,9.4299275466605,12.2706675835616,9.35973725035379,12.3572311256522,9.28170869535774,12.4571369265505,9.21680101067072,12.5411973594402,9.14677638306315
414.833333333333,11.7805728210319,9.79808739321115,11.8617306327968,9.728513781789,11.9411432428716,9.65269202979103,12.0207422371699,9.57281279925278,12.1015699196091,9.49685692581926,12.1867393557798,9.43025193601828,12.2701701976781,9.36000727766261,12.3566231877046,9.28195915649449,12.4565422612328,9.21713208628508,12.5405516863728,9.14714883140658
415,11.7802380145767,9.79839905713436,11.8615923319054,9.72882743529574,11.9408122195785,9.65302489862458,12.0202950590523,9.57315744777616,12.1011400465208,9.49728577542779,12.1862477608069,9.43057678553783,12.269679242703,9.36027503208015,12.3560166357316,9.28220478719511,12.4559494166003,9.21745641858675,12.539905171961,9.14751834102019
415.166666666667,11.779905787349,9.79870992148875,11.861452840798,9.72913887143419,11.9404831558063,9.653357187146,12.0198513470662,9.57350164790076,12.1007175645492,9.49771784890221,12.1857572008864,9.4309005086925,12.2691950677781,9.36053942070922,12.3554125033402,9.28244410933631,12.4553594627602,9.21777073624136,12.5392596987855,9.14788283199637
415.333333333333,11.7795775383359,9.79902069937686,11.8613107597809,9.72944842635487,11.9401558696893,9.65368800909418,12.0194126516754,9.57384453691911,12.1003024802016,9.49814937321251,12.1852684851958,9.43122151895561,12.2687180220452,9.3607993506526,12.3548118241373,9.28267564479483,12.4547734698198,9.21807176791457,12.538617149427,9.14824022442749
415.5,11.7792546665247,9.79933210390123,11.8611646891608,9.72975643620829,11.9398301793618,9.65401647820806,12.0189805233437,9.57418525212373,12.0998947999849,9.49857657532867,12.1847824229126,9.4315382298005,12.2682484546461,9.36105372901308,12.3542156317298,9.28289791544739,12.4541925078863,9.21835624227203,12.5379794064661,9.14858843840591
415.666666666667,11.7789385709026,9.7996448481644,11.8610132292439,9.73006323714496,11.9395059029582,9.65434170822656,12.0185565125349,9.57452293080716,12.0994945304061,9.49899568222065,12.1842998232145,9.43184905470051,12.2677867147225,9.36130146289344,12.3536249597247,9.28310944317074,12.4536176470669,9.21862088797937,12.5373483524834,9.14892539402401
415.833333333333,11.7786306504569,9.7999596452689,11.8608549803368,9.73036916531541,11.9391828586129,9.65466281288858,12.0181421697128,9.5748567102619,12.0991016779724,9.49940292085844,12.1838214952788,9.43215240712897,12.2673331514162,9.36154145939649,12.353040841729,9.28330874984158,12.4530499574688,9.21886243370227,12.5367258700596,9.14924901137415
416,11.7783323041746,9.80027720831726,11.860688542746,9.73067455687014,11.93886086446,9.65497890593305,12.0177390453413,9.57518572778051,12.0987162491906,9.499794518212,12.1833482482833,9.43244670055922,12.266888113869,9.361772625625,12.3524643113495,9.28349435733666,12.4524905091994,9.21907760810635,12.5361138417753,9.14955721054871
416.166666666667,11.7780449310431,9.80059825041203,11.8605125167778,9.73097974795967,11.938539738634,9.6552891010989,12.017348689884,9.57550912065548,12.0983382505679,9.50016670125133,12.1828808914054,9.43273034846458,12.2664519512226,9.36199386868176,12.3518964021933,9.2836647875327,12.4519403723658,9.21926313985727,12.5355141502111,9.14984791164006
416.333333333333,11.7777699300495,9.80092348465575,11.8603255027387,9.73128507473452,11.9382192992692,9.65559251212503,12.0169726538049,9.57582602617936,12.0979676886112,9.50051569694638,12.1824202338227,9.4330017643184,12.2660250126188,9.36220409566957,12.3513381478671,9.28381856230643,12.4514006170752,9.21941575762067,12.5349286779478,9.15011903474057
416.5,11.777508700181,9.80125362415094,11.8601261009353,9.73159087334521,11.9378993644999,9.65588825275037,12.0166124875676,9.57613558164466,12.0976045698276,9.50083773226714,12.1819670847127,9.43325936159401,12.2656076471994,9.36240221369121,12.3507905819781,9.28395420353459,12.450872313435,9.21953219006221,12.5343593075659,9.1503684999426
416.666666666667,11.777262640425,9.80158938200015,11.8599129116739,9.73189747994224,11.9375797524604,9.65617543671384,12.0162697416361,9.57643692434392,12.0972489007241,9.50112903418359,12.1815222532529,9.43350155376475,12.2652002041062,9.36258712984946,12.3502547381332,9.28407023309389,12.4503565315522,9.21960916584754,12.5338079216462,9.15059422733852
416.833333333333,11.7770321008201,9.80193325982765,11.8596819409596,9.73220353909223,11.9372636510204,9.65645516884906,12.015938973716,9.57672850597996,12.0969042724414,9.50140047042636,12.1810863396068,9.43373116433393,12.2648062910449,9.3627608475746,12.3497248129681,9.28417076870323,12.4498540990421,9.2196621419712,12.5332696117944,9.15080165077628
417,11.7768154003112,9.80228639893064,11.8594310074866,9.73250758739182,11.9369537827566,9.6567294531297,12.0156137275286,9.57701019741526,12.0965732810521,9.50166552078788,12.1806587953134,9.43395255422295,12.2644281029733,9.36292657741003,12.3491948798683,9.28426162884284,12.4493642551224,9.2197091653919,12.5327380932957,9.15099820644802
417.166666666667,11.7766108912447,9.80264747192109,11.8591614305951,9.73280979903659,11.9366492678642,9.65699875200475,12.0152940325612,9.57728326468179,12.0962544404616,9.50192433033081,12.1802387066139,9.43416644303226,12.2640638699113,9.36308503712834,12.348665787565,9.28434388653142,12.4488856873051,9.2197508497215,12.5322131842491,9.15118481796246
417.333333333333,11.7764169259668,9.80301515141094,11.8588745296253,9.73311034822212,11.9363492265384,9.65726352792317,12.014979918301,9.57754897381156,12.0959462645749,9.50217704411779,12.1798251597494,9.43437355036231,12.2637118218784,9.36323694450207,12.3481383847896,9.2844186147877,12.4484170831016,9.21978780857184,12.531694702754,9.15136240892833
417.5,11.7762318568237,9.80338811001213,11.8585716239172,9.73340940914397,11.9360527789744,9.65752424333394,12.0146714142352,9.57780859083654,12.0956472672974,9.50242380721148,12.179417240961,9.43457459581355,12.2633701888945,9.36338301730379,12.3476135202732,9.28448688663041,12.4479571300238,9.21982065555478,12.5311824669096,9.15153190295434
417.666666666667,11.7760540361618,9.80376502033662,11.8582540328109,9.73370715599773,11.9357590453673,9.65778136068604,12.0143685498511,9.57806338178872,12.0953559625343,9.50266476467454,12.17901403649,9.43477029898643,12.2630372009793,9.36352397330606,12.3470920427473,9.28454977507825,12.4475045155833,9.21985000428219,12.530676294815,9.15169422364921
417.833333333333,11.7758818163272,9.80414455499636,11.8579230756467,9.73400376297897,11.9354671459123,9.65803534242846,12.0140713546358,9.57831461270009,12.0950708641908,9.50290006156962,12.1786146325776,9.4349613794814,12.2627110881526,9.36366053028145,12.346574800943,9.28460835314996,12.4470579272918,9.2198764683659,12.5301760045695,9.15185029462167
418,11.7757135496664,9.80452538660328,11.8575800717647,9.73429940428327,11.9351762008046,9.65828665101015,12.0137798580766,9.57856354960264,12.0947904861721,9.50312984295936,12.1782181154648,9.4351485568989,12.262390080434,9.3637934060025,12.3460626435916,9.28466369386425,12.4466160526609,9.21990066141777,12.5296814142724,9.15200103948042
418.166666666667,11.7755475885256,9.80490618776935,11.857226340505,9.7345942541062,11.9348853302393,9.65853574888011,12.0134940896608,9.57881145852836,12.0945133423835,9.50335425390643,12.1778235713929,9.43533255083939,12.2620724078433,9.36392331824179,12.3455564194245,9.28471687023985,12.4461775792024,9.21992319704967,12.5291923420228,9.1521473818342
418.333333333333,11.775382285251,9.80528563110651,11.8568632012077,9.73488848664334,11.9345936544116,9.65878309848731,12.0132140788755,9.57905960550922,12.0942379467302,9.50357343947347,12.177430086603,9.43551408090332,12.2617563004003,9.36405098477187,12.3450569771728,9.28476895529546,12.4457411944279,9.21994468887345,12.52870860592,9.15229024529171
418.5,11.7752159921889,9.8056623892267,11.856491973213,9.73518227609027,11.9343002935166,9.65902916228073,12.012939855208,9.57930925657722,12.0939628131174,9.50378754472314,12.1770367473363,9.43569386669113,12.2614399881246,9.36417712336531,12.344565165568,9.28482102204982,12.4453055858491,9.21996575050096,12.5282300240631,9.15243055346168
418.666666666667,11.7750470616856,9.80603513474189,11.8561139758611,9.73547579664255,11.9340043677496,9.65927440270934,12.0126714481455,9.57956167776435,12.0936864554504,9.50399671471809,12.1766426398339,9.43587262780328,12.2611217010361,9.36430245179467,12.3440818333411,9.28487414352165,12.4448694409777,9.21998699554405,12.5277564145515,9.15256922995284
418.833333333333,11.7748738460874,9.806402540264,11.855730528492,9.73576922249578,11.9337049973057,9.65951928222212,12.0124088871752,9.57981813510258,12.0934073876344,9.50420109452097,12.176246850337,9.4360510838402,12.2607996691544,9.3644276878325,12.3436078292236,9.28492939272966,12.4444314473254,9.22000903761458,12.5272875954842,9.15270719837389
419,11.7746946977405,9.80676327840501,11.8553429504459,9.73606272784551,11.93340130238,9.65976426326804,12.0121522017844,9.58007989462392,12.0931241235746,9.50440082919444,12.1758484650869,9.43622995440237,12.2604721224993,9.36455354925137,12.3431440019467,9.28498784269257,12.4439902924039,9.2200324903244,12.5268233849607,9.15284538233355
419.166666666667,11.7745079689912,9.80711602177684,11.8549525610629,9.73635648688733,11.9330924031678,9.6600098082961,12.0119014214603,9.58034822236034,12.0928351771762,9.50459606380115,12.1754465703245,9.43640995909022,12.2601372910905,9.36468075382384,12.3426912002416,9.28505056642911,12.4435446637248,9.22005796728538,12.5263636010799,9.15298470544055
419.333333333333,11.7743120121859,9.80745944299146,11.8545606796833,9.73665067381682,11.9327774198643,9.66025637975526,12.0116565756901,9.58062438434383,12.0925390623445,9.50478694340375,12.1750402522912,9.4365918175042,12.2597934049478,9.36481001932247,12.3422502728397,9.28511863695799,12.4430932487999,9.22008608210936,12.5259080619413,9.15312609130361
419.5,11.7741051796707,9.80779221466081,11.854168625647,9.73694546282955,11.9324554726644,9.66050444009449,12.0114176939611,9.58090964660639,12.0922342929847,9.50497361306489,12.174628597228,9.43677624924476,12.259438694091,9.36494206351982,12.3418220684723,9.28519312729794,12.4426347351407,9.2201174484082,12.525456585644,9.15327046353144
419.666666666667,11.7738858237919,9.80811300939684,11.8537777182943,9.73724102812109,11.9321256817636,9.66075445176279,12.0111848057604,9.58120527517999,12.0919193830021,9.50515621784723,12.1742106913762,9.43696397391235,12.2590713885396,9.36507760418846,12.3414074358705,9.28527511046768,12.4421678102591,9.22015267979375,12.5250089902872,9.15341874573277
419.833333333333,11.7736522968959,9.80842049981149,11.8533892769653,9.73753754388702,11.9317871673568,9.66100687720911,12.0109579405754,9.58151253609662,12.0915928463018,9.50533490281342,12.1737856209769,9.43715571110743,12.2586897183136,9.36521735910093,12.3410072237658,9.28536565948593,12.4416911616666,9.22019238987787,12.5245650939702,9.1535718615163
420,11.7734029513289,9.80871335851672,11.8530046210002,9.73783518432293,11.9314390496394,9.66126217888246,12.0107371278931,9.58183269538828,12.0912531967891,9.50550981302611,12.1733524722713,9.43735218043043,12.2582919134325,9.36536204602981,12.3406222808892,9.2854658473714,12.441203476875,9.22023719227242,12.5241247147921,9.15373073449078
420.166666666667,11.7731310011121,9.80899170407197,11.85261676252,9.73813205734869,11.9310783773868,9.66151822922915,12.0105257893205,9.58217088759492,12.0909004954582,9.50567778197965,12.1729102261713,9.43754896332746,12.2578771059214,9.36551180165007,12.3402549940527,9.28558107100006,12.4407058263199,9.22028811192788,12.5236936631977,9.15389481688257
420.333333333333,11.7728323643534,9.80925746268312,11.8522185178664,9.73842646153943,11.9307036981838,9.66177279745469,12.0103263735848,9.58252998049623,12.0905363800933,9.50583630460738,12.1724591215653,9.43774171784306,12.2574464461833,9.36566588967055,12.3399058421541,9.28571509051717,12.4402005561958,9.22034558614235,12.5232766611698,9.15406257819446
420.5,11.7725094495294,9.80951201843176,11.85181091271,9.73871885707352,11.9303163804389,9.66202619114676,12.0101374508538,9.58290783998374,12.0901617297842,9.50598651813044,12.1720001316587,9.43793127847536,12.2570011918054,9.36582371841464,12.3395728120541,9.28586652384538,12.4396882676534,9.22040934704904,12.5228718941148,9.15423346794978
420.666666666667,11.7721646651166,9.80975675539945,11.8513949727215,9.73900970412932,11.9299177925606,9.66227871789304,12.0099575912952,9.58330233194897,12.0897774236209,9.50612955976996,12.1715342296569,9.43811847972248,12.2565426003745,9.36598469620569,12.3392538906133,9.28603398890736,12.439169561843,9.2204791267812,12.5224775474392,9.15440693567184
420.833333333333,11.7718004195913,9.8099930576678,11.8509717235716,9.73929946288521,11.9295093029576,9.66253068528121,12.0097853650768,9.58371132228346,12.0893843406932,9.5062665667471,12.1710623887657,9.43830415608255,12.2560719294777,9.36614823136711,12.3389470646923,9.28621610362576,12.438645039915,9.22055465747206,12.5220918065495,9.15458243088396
421,11.7714191214302,9.81022230931837,11.8505421909311,9.73958859351957,11.9290922800385,9.66278240089897,12.0096193423666,9.58413267687875,12.0889833600911,9.506398676283,12.1705855821903,9.43848914205371,12.2555904367021,9.36631373222225,12.3386503211518,9.28641148592326,12.43811530302,9.22063567125484,12.5217128568522,9.15475940310946
421.166666666667,11.7710231791096,9.81044589443277,11.8501074004705,9.73987755621077,11.9286680922117,9.66303417233399,12.0094580933321,9.58456426162635,12.0885753609045,9.5065270255988,12.1701047831363,9.43867427213407,12.2550993796347,9.36648060709449,12.3383616468524,9.28661875372251,12.4375809523084,9.22072190026279,12.5213388837537,9.15493730187166
421.333333333333,11.770615001106,9.81066519709256,11.8496683778606,9.74016681113718,11.9282381078858,9.66328630717397,12.0093001881414,9.58500394241781,12.0881612222233,9.50665275191564,12.1696209648092,9.43886038082176,12.2546000158624,9.36664826430721,12.3380790286547,9.28683652494618,12.4370425889307,9.22081307662912,12.5209680726605,9.15511557669386
421.5,11.7701969958959,9.81088160137933,11.849226148772,9.74045681847718,11.9278036954695,9.66353911300659,12.0091441969621,9.58544958514465,12.0877418231374,9.50677699245467,12.1691351004146,9.43904830261491,12.2540936029724,9.3668161121838,12.3378004534194,9.28706341751693,12.4365008140372,9.22090893248708,12.5205986089791,9.1552936770994
421.666666666667,11.7697715719558,9.81109649137467,11.8487817388756,9.74074803840914,11.9273662233714,9.66379289741952,12.008988689962,9.58589905569841,12.0873180427367,9.50690088443702,12.1686481631578,9.43923887201165,12.2535813985516,9.36698355904761,12.337523908007,9.28729804935741,12.4359562287785,9.2210091999699,12.520228678116,9.15547105261158
421.833333333333,11.7693411377621,9.81131125116016,11.8483361738418,9.74104093111144,11.9269270599999,9.66404796800047,12.008832237309,9.58635021997061,12.0868907601111,9.50702556508385,12.1681611262444,9.43943292351011,12.2530646601871,9.36715001322204,12.3372473792783,9.2875390383903,12.435409434305,9.2211136112108,12.5198564654775,9.15564715275373
422,11.7689081017914,9.81152726481738,11.8478904793416,9.74133595676244,11.9264875737636,9.6643046323371,12.0086734091708,9.5868009438528,12.0864608543506,9.50715217161629,12.16767496288,9.4396312916084,12.2525446454659,9.36731488303045,12.3369688540938,9.28778500253825,12.4348610317671,9.22122189834302,12.5194801564703,9.15582142704916
422.166666666667,11.7684748725201,9.81174591642792,11.8474456810454,9.74163357554053,11.9260491330712,9.66456319801711,12.0085107757153,9.5872490932365,12.086029204545,9.50728184125548,12.1671906462699,9.43983481080467,12.252022611975,9.36747757679622,12.3366863193141,9.28803455972393,12.4343116223153,9.22133379349979,12.5190979365007,9.15599332502119
422.333333333333,11.7680438584247,9.81196859007336,11.8470028046241,9.74193424762408,11.9256131063312,9.66482397262819,12.0083429071103,9.58769253401324,12.0855966897843,9.50741571122258,12.1667091496197,9.44004431559702,12.2514998173014,9.36763750284273,12.3363977618,9.28828632787,12.4337618071001,9.22144902881435,12.5187079909752,9.15616229619314
422.5,11.7676174679816,9.81219666983529,11.8465628757483,9.74223843319145,11.9251808619522,9.66508726375802,12.0081683735235,9.58812913207456,12.0851641891584,9.50755491873871,12.1662314461349,9.4402606404836,12.2509775190322,9.36779406949336,12.336101168412,9.28853892489911,12.4332121872718,9.22156733641992,12.5183085053004,9.15632779008833
422.666666666667,11.7671981096673,9.81243153979528,11.8461269200887,9.74254659242103,11.9247537683427,9.66535337899427,12.0079857451227,9.58855675331199,12.0847325817571,9.50770060102503,12.165758509021,9.44048461996253,12.2504569747544,9.36794668507147,12.3357945260107,9.28879096873394,12.4326633639811,9.22168844844974,12.5178976648826,9.15648925623008
422.833333333333,11.7667881919583,9.81267458403492,11.8456959633161,9.7428591854912,11.9243331939113,9.66562262592465,12.0077935920758,9.58897326361705,12.0843027466705,9.50785389530268,12.1652913114835,9.44071708853193,12.249939442055,9.36809475790046,12.3354758214569,9.28904107729714,12.4321159383782,9.22181209703703,12.5174736551284,9.15664614414169
423,11.7663901233311,9.8129271866358,11.845271031101,9.74317667258031,11.9239205070667,9.66589531213683,12.0075904845505,9.58937652888129,12.0838755629884,9.5080159387928,12.1648308267278,9.44095888068994,12.2494261785211,9.36823769630368,12.335143041611,9.28928786851137,12.4315705116137,9.22193801431504,12.5170346614441,9.1567979033465
423.166666666667,11.7660063122622,9.81319073167949,11.8448531491142,9.74349951386675,11.9235170762173,9.66617174521849,12.0073749927147,9.58976441499622,12.0834519098007,9.50818786871653,12.1643780279595,9.44121083093468,12.2489184417396,9.36837490860453,12.3347941733339,9.28952996029931,12.4310276848379,9.22206593241699,12.5165788692364,9.15694398336781
423.333333333333,11.765639167228,9.81346660324759,11.8444433430264,9.74382816952889,11.9231242697717,9.66645223275733,12.0071456867361,9.59013478785339,12.0830326661973,9.50837082229501,12.1639338883841,9.44147377376427,12.2484174892976,9.36850580312636,12.3344272034859,9.2897659705836,12.4304880592015,9.22219558347612,12.5161044639116,9.15708383372895
423.5,11.7652812154496,9.81375815872033,11.8440384827789,9.74416768258329,11.9227377591209,9.66673912577052,12.006896599512,9.59049305719168,12.082611948198,9.50856916198913,12.1634956427669,9.44175667888338,12.2479160726948,9.36862949075875,12.3340387046617,9.28999978617309,12.4299466954546,9.22233285720272,12.5155890267979,9.15721729949777
423.666666666667,11.7649236382607,9.81406661693318,11.843634849728,9.74452156627721,11.9223524554346,9.66703396096074,12.0066241650541,9.59084617159062,12.0821840601171,9.50878542910938,12.1630599055779,9.44206620793429,12.2474069686495,9.36874607448714,12.3336279841716,9.29023615704942,12.4293989768613,9.2224830630666,12.5150165638769,9.15734501753555
423.833333333333,11.764566825307,9.81439015415053,11.843232586667,9.74488798613504,11.92196858679,9.66733582444394,12.0063305552021,9.59119430520279,12.0817501634868,9.50901802915136,12.1626267195796,9.44239973332163,12.2468914725766,9.36885645077875,12.3331971309504,9.29047499589443,12.4288459883426,9.22264506284023,12.5143948975352,9.15746762505571
424,11.7642111662338,9.8147269466368,11.8428318363891,9.74526510768121,11.9215863812642,9.66764380233606,12.0060179417958,9.59153763218072,12.0813114198394,9.50926536761066,12.1621961275345,9.44275462745,12.2463708798912,9.36896151610078,12.3327482339328,9.29071621538998,12.4282888148195,9.22281771829612,12.5137318501597,9.15758575927172
424.166666666667,11.7638570506866,9.8150751706564,11.8424327416874,9.74565109644011,11.9212060669343,9.66795698075305,12.0056884966747,9.59187632667696,12.080868990707,9.50952584998285,12.1617681722052,9.44312826272399,12.2458464860082,9.36906216692045,12.3322833820536,9.29095972821795,12.4277285412131,9.22299989120674,12.5130352441369,9.157700057397
424.333333333333,11.7635048683108,9.81543300247372,11.8420354453553,9.74604411793615,11.9208278718772,9.66827444581085,12.0053443916785,9.59221056284406,12.0804240376217,9.50979788176354,12.1613428963542,9.44351801154823,12.2453195863425,9.36915929970498,12.3318046642473,9.29120544706018,12.4271662524444,9.22319044334458,12.5123129018537,9.157811156645
424.5,11.763155008752,9.81579861835319,11.8416400901858,9.74644233769375,11.9204520241702,9.6685952836254,12.004987798647,9.59254051483458,12.0799777221157,9.5100798684483,12.1609203427441,9.44392124632732,12.2447914763091,9.36925381092159,12.3313141694489,9.29145328459854,12.4266030334344,9.22338823648212,12.5115726456967,9.15791969422916
424.666666666667,11.7628078616557,9.81617019455921,11.8412468189722,9.7468439212373,11.9200787518903,9.66891858031265,12.0046208894198,9.59286635680105,12.0795312057212,9.51037021553273,12.1605005541375,9.44433533946585,12.2442634513229,9.36934659703748,12.3308139865929,9.29170315351488,12.4260399691041,9.22359213239185,12.5108222980526,9.15802630736293
424.833333333333,11.7624638166672,9.81654590735618,11.8408557745077,9.74724703409122,11.9197082831145,9.66924342198855,12.0042458358365,9.59318826289604,12.0790856499702,9.51066732851242,12.1600835732967,9.44475766336845,12.243736806799,9.36943855451988,12.3303062046142,9.29195496649105,12.4254781443746,9.22380099284625,12.5100696813082,9.15813163325974
425,11.7621232634321,9.81692393300851,11.8404670995854,9.74764984177991,11.91934084592,9.66956889476903,12.0038648097369,9.59350640727208,12.0786422163951,9.51096961288295,12.1596694429845,9.44518559043971,12.2432128381523,9.36953057983599,12.3297929124473,9.29220863620894,12.4249186441668,9.22401367961782,12.5093226178501,9.15823630913303
425.166666666667,11.7617865915959,9.81730244778062,11.8400809369987,9.74805050982779,11.9189766683839,9.66989408477005,12.0034799829606,9.59382096408173,12.0782020665279,9.5112754741399,12.1592582059633,9.44561649308425,12.2426928407977,9.36962356945304,12.3292761990272,9.29246407535038,12.4243625534018,9.22422905447902,12.5085889300651,9.15834097219626
425.333333333333,11.761454190804,9.81767962793691,11.8396974295407,9.74844720375925,11.9186159785832,9.67021807810755,12.0030935273473,9.59413210747754,12.0777663619009,9.51158331777888,12.1588499049957,9.44604774370667,12.2421781101502,9.36971841983823,12.3287581532884,9.29272119659723,12.4238109570007,9.22444597920236,12.5078764403399,9.15844625966285
425.5,11.7611264507019,9.81805364974178,11.8393167200046,9.74883808909871,11.918259004595,9.67053996089746,12.0027076147367,9.59444001161205,12.0773362640461,9.51189154929546,12.1584445828442,9.44647671471157,12.2416699416247,9.36981602745878,12.3282408641658,9.29297991263137,12.4232649398843,9.22466331556032,12.5071929710611,9.15855280874625
425.666666666667,11.7608037609351,9.81842268945964,11.8389389511837,9.74922133137057,11.9179059744964,9.67085881925575,12.0023244169684,9.59474485063782,12.0769129344958,9.51219857418524,12.1580422822714,9.44690077850356,12.2411696306363,9.36991728878191,12.3277264205939,9.29324013613464,12.4227255869739,9.22487992532538,12.5065463446156,9.15866125665991
425.833333333333,11.760486511149,9.81878492335491,11.8385642658711,9.74959509609924,11.9175571163645,9.67117373929834,12.0019461058822,9.59504679870739,12.076497534782,9.5125027979438,12.1576430460398,9.44731730748726,12.2406784725999,9.37002310027483,12.3272169115077,9.29350177978891,12.4221939831903,9.22509467027002,12.5059443833899,9.15877224061726
426,11.7601750909891,9.81913852769199,11.83819280686,9.74995754880914,11.9172126582764,9.67148380714119,12.0015748533177,9.59534602997331,12.076091226437,9.51280262606674,12.1572469169119,9.44772367406726,12.2401977629304,9.37013435840475,12.3267144258417,9.29376475627603,12.4216712134546,9.22530641216674,12.5053949097708,9.15888639783175
426.166666666667,11.7598698901009,9.81948167873528,11.8378247169436,9.75030685502465,11.9168728283092,9.67178810890024,12.0012128311145,9.59564271858813,12.075695170993,9.51309646404963,12.1568539376503,9.44811725064817,12.2397287970428,9.3702519596389,12.3262210525307,9.29402897827786,12.4211583626879,9.22551401278801,12.5049057461451,9.15900436551681
426.333333333333,11.7595712981299,9.81981255274921,11.8374601389152,9.75064118027021,11.9165378545398,9.67208573069144,12.0008622111124,9.5959370387044,12.075310529982,9.51338271738807,12.1564641510175,9.4484954096346,12.2392728703521,9.37037680044447,12.3257388805094,9.29429435847626,12.4206565158111,9.22571633390633,12.5044847148993,9.15912678088589
426.5,11.7592797047215,9.82012932599816,11.8370992155679,9.7509586900702,11.9162079650455,9.67237575863072,12.000525165151,9.59622916447467,12.0749384649363,9.51365979157764,12.1560775997761,9.44885552343117,12.2388312782731,9.3705097772887,12.3252699987126,9.29456080955309,12.4201667577453,9.22591223729418,12.5041396384203,9.15925428115244
426.666666666667,11.7589954995212,9.82043017474655,11.836742089695,9.75125754994904,11.9158833879033,9.67265727883403,12.0002038650701,9.59651927005149,12.074580137388,9.51392609211394,12.1556943266886,9.44919496444246,12.238405316221,9.3706517866388,12.3248164960749,9.29482824419021,12.4196901734115,9.22610058472404,12.5038783390948,9.15938750352988
426.833333333333,11.7587207136334,9.82071656171937,11.8363909387425,9.75153965986296,11.9155645046192,9.67293046862528,11.9998940592264,9.5968041875231,12.0742343387441,9.51418310716544,12.1553152724074,9.44951796892168,12.2379928677762,9.37080628096102,12.3243734370289,9.29510031263862,12.4192247236158,9.22628453137101,12.5036725422632,9.15952844740212
427,11.7584563385959,9.82099198018764,11.8360472660896,9.75180902422897,11.9152512597132,9.6731966261601,11.9995897348332,9.59708126264581,12.0738985110435,9.51443393536719,12.1549410846736,9.44983117457113,12.2375904687581,9.37097540169764,12.3239343818245,9.29538002015031,12.4187673338567,9.22646793853063,12.5034873363043,9.15967803079797
427.166666666667,11.7582012047045,9.82125765223491,11.8357102034295,9.75206696526263,11.9149432257837,9.67345651880206,11.9992904220143,9.59735144007421,12.0735717917662,9.51467939791458,12.154571366883,9.45013555596905,12.2371973929401,9.37115807877989,12.3234991631227,9.29566631190866,12.4183175360939,9.22665072715608,12.5033205881619,9.15983526889829
427.333333333333,11.7579541422551,9.82151479994466,11.8353788824556,9.75231480517951,11.9146399754291,9.67371091391472,11.9989956508937,9.59761566446291,12.0732533183924,9.51492031600305,12.1542057224316,9.45043208769371,12.2368129140956,9.37135324213899,12.3230676135844,9.29595813309704,12.4178748622872,9.22683281820055,12.50317016478,9.15999917688394
427.5,11.7577139815434,9.82176464540043,11.835052434861,9.7525538661952,11.9143410812475,9.67396057886164,11.9987049515952,9.59787488046654,12.0729422284021,9.51515751082799,12.153843754715,9.45072174432335,12.2364363059979,9.37155982170618,12.3226395658705,9.29625442889881,12.4174388443962,9.22701413261719,12.5030339331025,9.16016876993577
427.666666666667,11.7574795528653,9.82200841068573,11.8347299923388,9.75278547052525,11.9140461158375,9.6742062810064,11.9984178542429,9.59813003273969,12.0726376592755,9.51539180358483,12.1534850671292,9.45100550043623,12.2360668424204,9.37177674741269,12.3222148526419,9.29655414449733,12.4170090143806,9.2271945913592,12.5029097600733,9.16034306323464
427.833333333333,11.7572496865165,9.82224731788406,11.8344106865824,9.75301094038525,11.9137546517973,9.67444878771254,11.9981338889605,9.59838206593697,12.0723387484925,9.51562401546896,12.1531292630698,9.4512843306106,12.2357037971364,9.37200294918975,12.3217933065596,9.29685622507598,12.4165849042002,9.22737411537974,12.5027955126365,9.16052107196139
428,11.7570232127929,9.82248258907895,11.834093649285,9.75323159799076,11.9134662617252,9.67468886634364,11.997852585872,9.598631924713,12.0720446335332,9.51585496767581,12.1527759459328,9.45155920942471,12.2353464439194,9.37223735696858,12.3213747602846,9.29715961581812,12.4161660458146,9.227552625632,12.5026890577358,9.1607018112969
428.166666666667,11.7567989619902,9.82271544635391,11.8337780121397,9.75344876555735,11.9131805182195,9.67492728426325,11.9975734751013,9.59888055372238,12.0717544518778,9.51608548140079,12.1524247191138,9.45183111145681,12.2349940565426,9.37247890068041,12.3209590464777,9.29746326190712,12.4157519711835,9.22773004306914,12.5025882623153,9.16088429642201
428.333333333333,11.7565757644043,9.82294711179244,11.8334629068397,9.7536637653006,11.9128969938787,9.67516480883495,11.9972960867723,9.59912889761973,12.0714673410063,9.51631637783931,12.1520751860089,9.45210101128516,12.2346459087795,9.37272651025647,12.3205459977998,9.29776610852634,12.4153422122667,9.22790628864435,12.5024909933189,9.16106754251757
428.5,11.7563524503309,9.82317880747808,11.8331474650783,9.75387791943607,11.9126152613009,9.67540220742229,11.997019951009,9.59937790105965,12.0711824383987,9.51654847818678,12.1517269500136,9.45236988348801,12.2343012744034,9.372979115628,12.320135446912,9.29806710085915,12.4149363010238,9.2280812833108,12.5023951176904,9.16125056476444
428.666666666667,11.7561278500658,9.82341175549433,11.8328308185487,9.75409255017935,11.9123348930846,9.67564024738883,11.9967445979352,9.59962850869675,12.0708988815353,9.51678260363862,12.1513796145239,9.45263870264361,12.2339594271877,9.37323564672622,12.3197272264752,9.29836518408893,12.4145337694146,9.22825494802167,12.5022985023738,9.16143237834348
428.833333333333,11.7559007939049,9.82364717792471,11.8325120989441,9.75430897974599,11.9120554618281,9.67587969609814,11.9964695576749,9.59988166518565,12.0706158078959,9.51701957539023,12.1510327829356,9.45290844333021,12.2336196409057,9.37349503348236,12.3193211691502,9.29865930339903,12.4141341493987,9.22842720373013,12.5021990143132,9.16161199843555
429,11.755670112144,9.82388629685273,11.8321904379577,9.75452853035158,11.9117765401297,9.67612132091379,11.996194360352,9.60013831518094,12.0703323549608,9.51726021463703,12.1506860586445,9.45318008012607,12.2332811893308,9.37375620582765,12.318917107598,9.29894840397282,12.4137369729359,9.22859797138935,12.5020945204522,9.16178844022149
429.166666666667,11.7554346350788,9.8241303343619,11.8318649672827,9.75475252421168,11.9114977005877,9.67636588919933,11.9959185360904,9.60039940333725,12.0700476602099,9.51750534257443,12.1503390450463,9.45345458760944,12.2329433462364,9.37401809369332,12.3185148744796,9.29923143099368,12.4133417719858,9.22876717195252,12.501982887735,9.16196071888216
429.333333333333,11.7551931930052,9.82438051253575,11.8315348186123,9.75498228354186,11.9112185158004,9.67661416831833,11.995641615014,9.60066587430918,12.0697608611234,9.51775578039785,12.149991345537,9.45373294035856,12.2326053853957,9.3742796270106,12.3181143024558,9.29950732964496,12.4129480785081,9.22893472637282,12.5018619831055,9.16212784959842
429.5,11.7549446162189,9.82463805345778,11.8311991236398,9.7552191305577,11.9109385583663,9.67686692563435,11.9953631272467,9.60093867275133,12.0694710951814,9.51801234930269,12.1496425635122,9.4540161129517,12.2322665805823,9.37453973571071,12.3177152241877,9.29977504511004,12.4125554244626,9.2291005556034,12.5017296735075,9.16228884755112
429.666666666667,11.7546877350158,9.8249041792115,11.8308570140583,9.75546438747477,11.9106574008835,9.67712492851096,11.9950826029124,9.60121874331833,12.0691774998638,9.51827587048437,12.1492923023679,9.45430507996711,12.2319262055694,9.3747973497249,12.3173174723361,9.30003352257227,12.412163341809,9.22926458059746,12.501583825885,9.16244272792112
429.833333333333,11.7544213796917,9.82518011188045,11.8305076215611,9.75571937650863,11.9103746159505,9.67738894431171,11.994799572135,9.60150703066478,12.0688792126509,9.5185471651383,12.1489401654998,9.45460081598303,12.2315835341304,9.37505139898437,12.316920879562,9.30028170721504,12.4117713625069,9.22942672230817,12.5014223071819,9.16258850588927
430,11.7541443805423,9.82546707354811,11.8301500778414,9.75598541987487,11.9100897761656,9.67765974040018,11.9945135650386,9.60180447944528,12.0685753710226,9.5188270544599,12.1485857563037,9.45490429557773,12.2312378400387,9.37530081342038,12.3165252785262,9.3005185442217,12.411379018516,9.22958690168871,12.5012429843422,9.16272519663643
430.166666666667,11.753854090169,9.82577197899924,11.8297802237868,9.75626509677493,11.9098021950834,9.6779376569038,11.9942239863465,9.60211343752947,12.0682675221815,9.51911912197169,12.1482297275289,9.45521727859308,12.2308928966994,9.37555260422518,12.3161333226935,9.30074874773433,12.4109905470945,9.22974526754777,12.5010426500898,9.16285274761385
430.333333333333,11.7535496462411,9.82609899754306,11.8293957378447,9.75655899906413,11.909511839689,9.67822210203262,11.9939309259213,9.60243476654478,12.067957913386,9.51942537612554,12.1478730676421,9.45554003116998,12.2305525426868,9.37581360282675,12.3157472882788,9.30097747734184,12.4106098266831,9.22990205715152,12.5008203947485,9.16297242039019
430.5,11.7532325566567,9.82644523304983,11.8289985080483,9.75686546793882,11.9092192627265,9.67851244527407,11.9936349415956,9.60276718178254,12.0676467321998,9.51974427551088,12.1475158836149,9.45587128733516,12.2302161495272,9.37608246950984,12.3153664420684,9.30120434639786,12.4102358510151,9.23005732413926,12.5005775316622,9.1630852013224
430.666666666667,11.7529043293136,9.82680778938982,11.8285904224305,9.75718284459537,11.9089250169397,9.67880805611559,11.9933365912018,9.60310939853409,12.0673341661867,9.52007427871711,12.1471582824189,9.45620978111536,12.2298830887473,9.3763578645592,12.3149900508488,9.30142896825601,12.4098676138242,9.23021112215033,12.5003153741747,9.16319207676742
430.833333333333,11.7525664721098,9.82718377043329,11.8281733690242,9.75750947023014,11.9086296550726,9.67910830404461,11.9930364325726,9.60346013209077,12.0670204029102,9.52041384433366,12.146800371026,9.45655424653733,12.2295527318738,9.37663844825959,12.3146173814063,9.30165095626993,12.4095041088439,9.23036350482403,12.5000352356298,9.1632940330822
431,11.7522204929432,9.82757028005051,11.8277492358624,9.75784368603949,11.9083337298691,9.67941255854858,11.9927350235403,9.60381809774392,12.0667056299343,9.52076143094993,12.1464422564077,9.45690341762779,12.229224450433,9.37692288089577,12.3142477005274,9.30186992379324,12.4091443298077,9.2305145257997,12.4997384293714,9.16339205662369
431.166666666667,11.7518678997116,9.82796442211173,11.8273199109782,9.75818383321977,11.9080377940732,9.67972018911492,11.9924329219376,9.60418201078486,12.0663900348225,9.52111549715536,12.1460840455359,9.4572560284135,12.2288976159518,9.37720982275249,12.3138802749984,9.30208548417956,12.4087872704491,9.23066423871666,12.4994262687433,9.16348713374882
431.333333333333,11.7515102003131,9.82836330048723,11.8268872824045,9.75852825296735,11.9077424004289,9.68003056523107,11.9921306855969,9.60455058650494,12.0660738051386,9.52147450153933,12.1457258453821,9.4576108129212,12.2285715999565,9.3774979341145,12.3135143716059,9.30229725078253,12.4084319245017,9.23081269721422,12.4991000670892,9.16358025081455
431.5,11.7511489026456,9.82876401904726,11.8264532381742,9.7588752864786,11.90744810168,9.68034305638449,11.9918288723507,9.60492254019548,12.0657571284463,9.52183690269129,12.1453677629181,9.45796650517761,12.2282457739739,9.37778587526658,12.3131492571361,9.30250483695577,12.4080772856989,9.23095995493171,12.4987611377531,9.16367239417782
431.666666666667,11.7507855146069,9.82916368166209,11.8260196663205,9.75922327494986,11.9071554505706,9.68065703206259,11.9915280400316,9.60529658714783,12.0654401923094,9.52220115920064,12.1450099051156,9.4583218392095,12.2279195095304,9.37807230649346,12.3127841983754,9.30270785605291,12.4077223477744,9.23110606550845,12.4984107940787,9.16376455019558
431.833333333333,11.750421544095,9.82955939220199,11.8255884548762,9.7595705595775,11.9068649998445,9.68097186175282,11.9912287464721,9.60567144265332,12.0651231842916,9.5225657296568,12.1446523789463,9.45867554904358,12.2275921781527,9.3783558880799,12.3124184621104,9.30290592142758,12.4073661044617,9.23125108258376,12.4980503494099,9.16385770522478
432,11.7500584990079,9.82994825453721,11.8251614918744,9.75991548155788,11.9065773022458,9.68128691494261,11.9909315495046,9.60604582200329,12.0648062919565,9.52292907264918,12.1442952913818,9.45902636870661,12.2272631513673,9.37863528031067,12.3120513151273,9.30309864643339,12.4070075494942,9.23139505979697,12.4976811170904,9.16395284562235
432.166666666667,11.7496978872434,9.83032737253803,11.8247406653479,9.76025638208736,11.9062929105184,9.6816015611194,11.9906370069618,9.60641844048907,12.064489702868,9.52328964676721,12.1439387493939,9.45937303222533,12.2269318007008,9.37890914347051,12.3116820242126,9.30328564442399,12.4066456766055,9.23153805078739,12.4973044104642,9.16405095774526
432.333333333333,11.7493412166995,9.8306938500747,11.8243278633299,9.7605916023623,11.9060123774062,9.68191516977064,11.990345676676,9.60678801340199,12.0641736045896,9.52364591060029,12.1435828599543,9.45971427362647,12.2265974976798,9.37917613784419,12.3113098561527,9.303466528753,12.4062794795291,9.23168010919435,12.4969215428751,9.16415302795043
432.5,11.7489899952741,9.8310447910175,11.8239249738533,9.76091948357907,11.9057362556531,9.68222711038375,11.9900581164799,9.6071532560334,12.0638581846853,9.52399632273785,12.1432277300347,9.46004882693678,12.2262596138309,9.37943492371645,12.310934077734,9.30364091277404,12.4059079519986,9.23182128865717,12.4965338276668,9.16426004259483
432.666666666667,11.7486457308651,9.83137729923667,11.8235338849511,9.76123836693401,11.9054650980032,9.68253675244617,11.989774884206,9.60751288367463,12.0635436307185,9.52433934176929,12.1428734666067,9.46037542618299,12.2259175206807,9.37968416137206,12.3105539557428,9.30380840984074,12.4055300877475,9.23196164281517,12.4961425781832,9.16437298803539
432.833333333333,11.7483099313705,9.8316884786025,11.8231564846562,9.7615465936235,11.9051994572004,9.68284346544534,11.9894965376867,9.60786561161701,12.0632301302532,9.52467342628404,12.1425201766421,9.46069280539185,12.2255705897556,9.37992251109577,12.3101687569657,9.30396863330674,12.4051448805092,9.23210122530767,12.4957491077681,9.16449285062906
433,11.7479841046882,9.83197543298523,11.8227946610017,9.76184250484389,11.9049398859886,9.6831466188687,11.9892236347545,9.60821015515188,12.062917870853,9.52499703487151,12.1421679671125,9.46099969859009,12.2252181925824,9.38014863317233,12.3097777481889,9.30412119652565,12.4047513240174,9.232240089774,12.4953547297653,9.16462061673279
433.166666666667,11.7476697587161,9.83223526625514,11.8224503020205,9.76212444179155,11.9046869371117,9.68344558220368,11.9889567332421,9.60854522957057,12.0626070400817,9.52530862612112,12.1418169449897,9.46129483980446,12.2248597006876,9.38036118788651,12.3093801961989,9.3042657128511,12.4043484120056,9.23237828985347,12.4949607575188,9.16475727270352
433.333333333333,11.7473684013521,9.83246508228249,11.8221252957457,9.76239074566283,11.9044411633138,9.68373972493773,11.9886963909819,9.60886955016443,12.0622978255029,9.52560665862228,12.1414672172453,9.4615769630617,12.2244944855978,9.38055883552305,12.3089753677821,9.30440179563672,12.4039351382073,9.2325158791854,12.4945685043722,9.1649038048982
433.5,11.7470789909842,9.83267133663343,11.8218177490955,9.76264350264541,11.9042047696423,9.68402872054507,11.9884440641872,9.60918450159551,12.0619919652301,9.52589259436717,12.1411201225076,9.46184598957608,12.2241224755857,9.38074278460246,12.308564451307,9.30452898137988,12.4035125674129,9.23265161019423,12.4941716837616,9.16506736442246
433.666666666667,11.7467987979096,9.83286338280868,11.8215235919178,9.7628865524416,11.9039787309313,9.68431307378841,11.9882001621758,9.60949277513106,12.0616906056801,9.52616955296138,12.1407765872247,9.46210355082171,12.2237442949004,9.38091592272572,12.3081492004297,9.30464768515701,12.4030826003188,9.23278444528168,12.493763516413,9.16525300582741
433.833333333333,11.7465267978894,9.83304267158033,11.8212414466394,9.76312086651966,11.9037617546051,9.68459340108793,11.9879636724367,9.60979504597017,12.0613930468712,9.52643847941444,12.1404361000981,9.46235094621507,12.2233603590325,9.38107942879834,12.3077297298677,9.30475883819037,12.4026454845173,9.23291475305304,12.4933445766047,9.16545857063825
434,11.746261966685,9.8332106537205,11.8209699356875,9.76334741634789,11.9035525480875,9.68487031886378,11.9877335824588,9.61009198931194,12.0610985888217,9.52670031873591,12.1400981498292,9.46258947517265,12.2229710834729,9.38123448172582,12.3073061543389,9.3048633717022,12.4022014676005,9.2330429021136,12.4929154386152,9.16568190038018
434.166666666667,11.7460032800577,9.83336878000131,11.820707681489,9.76356717339454,11.9033498188028,9.68514444353612,11.987508879731,9.61038428035546,12.0608065315501,9.5269560159353,12.1397622251196,9.46282043711094,12.2225768837122,9.38138226041365,12.3068785885607,9.30496221691475,12.4017507971606,9.23316926106864,12.4924766767231,9.16592083657838
434.333333333333,11.7457497137688,9.83351850119485,11.8204533064708,9.76378110912792,11.9031522741751,9.68541639152511,11.9872885517424,9.61067259429983,12.0605161750747,9.52720651602216,12.1394278146708,9.46304513144641,12.2221781752412,9.38152394376733,12.306447147251,9.30505630505027,12.40129372079,9.23329419852345,12.4920288652068,9.16617322075806
434.5,11.7455002435796,9.83366126807324,11.8202054330601,9.76399019501628,11.9029586216283,9.68568677925091,11.9870715859818,9.61095760634414,12.0602268194138,9.52745276400602,12.1390944071843,9.46326485759555,12.2217753735507,9.38166071069237,12.3060119451274,9.30514656733101,12.4008304860808,9.23341808308332,12.4915725783447,9.1664368944444
434.666666666667,11.7452538452514,9.8337985314086,11.8199626836837,9.76419540252791,11.9027675685865,9.68595622313367,11.9868569699383,9.61123999168749,12.059937764586,9.52769570489643,12.1387614913616,9.46348091497484,12.2213688941313,9.38179374009426,12.3055730969076,9.30523393497922,12.4003613406252,9.23354128335354,12.4911083904153,9.16670969916259
434.833333333333,11.7450094945455,9.83393174197302,11.8197236807687,9.7643977031311,11.9025778224739,9.68622533959357,11.9866436911007,9.61152042552897,12.0596483106094,9.52793628370292,12.1384285559042,9.46369460300077,12.2209591524738,9.3819242108785,12.3051307173092,9.30531933921714,12.3998865320156,9.23366416793939,12.4906368756972,9.16698947643784
435,11.7447661672233,9.83406235053861,11.819487046742,9.7645980682941,11.9023880907145,9.68649474505075,11.9864307369581,9.61179958306769,12.0593577575026,9.52817544543502,12.1380950895135,9.46390722108983,12.220546564069,9.3820533019506,12.3046849210499,9.30540371126703,12.3994063078441,9.23378710544617,12.4901586084688,9.16727406779534
435.166666666667,11.744522839046,9.8341918078775,11.8192514040307,9.76479746948521,11.9021970807323,9.68676505592538,11.9862170949993,9.61207813950273,12.0590654052839,9.52841413510227,12.1377605808912,9.4641200686585,12.2201315444075,9.38218219221605,12.3042358228474,9.30548798235114,12.398920915703,9.23391046447915,12.4896741630085,9.16756131476028
435.333333333333,11.744278485775,9.83432156476178,11.8190153750617,9.76499687817271,11.9020034999516,9.68703688863761,11.9860017527135,9.61235677003319,12.0587705539717,9.52865329771422,12.1374245187387,9.46433444512325,12.2197145089802,9.38231206058035,12.3037835374193,9.30557308369171,12.3984306031845,9.23403461364364,12.4891841135948,9.16784905885785
435.5,11.7440320831715,9.83445307196356,11.8187775822621,9.76519726582486,11.9018060557962,9.68731085960762,11.9857836975894,9.61263614985816,12.0584725035843,9.52889387828039,12.1370863917575,9.46455164990058,12.2192958732778,9.38244408594901,12.3033281794834,9.305659946511,12.3979356178808,9.2341599215449,12.4886890345063,9.16813514161325
435.666666666667,11.7437826069969,9.83458778025496,11.8185366480588,9.76539960390996,11.9016034556904,9.68758758525555,11.9855619171162,9.61291695417675,12.0581705541402,9.52913682181033,12.1367456886491,9.46477298240697,12.218876052791,9.38257944722751,12.3028698637572,9.30574950203125,12.3974362073842,9.23428675678825,12.4881895000213,9.16841740455167
435.833333333333,11.7435290330124,9.83472714040809,11.8182911948788,9.76560486389626,11.9013944070582,9.68786768200156,11.9853353987826,9.61319985818804,12.0578640056576,9.52938307331356,12.136401898115,9.46499974205891,12.2184554630105,9.38271932332137,12.3024087049586,9.30584268147471,12.3969326192868,9.23441548797895,12.4876860844184,9.1686936891983
436,11.7432703369795,9.83487260319504,11.8180398451491,9.76581401725207,11.9011776173236,9.68815176626582,11.9851031300777,9.61348553709113,12.0575521581551,9.52963357779964,12.1360545088568,9.46523322827287,12.2180345194271,9.38286489313607,12.3019448178051,9.30594041606362,12.396425101181,9.23454648372229,12.487179361976,9.16896183707835
436.166666666667,11.7430054946593,9.83502561938794,11.8177812212967,9.76602803544564,11.9009517939107,9.68844045446849,11.9848640984905,9.61377466608513,12.0572343116509,9.52988928027808,12.1357030095759,9.46547474046535,12.2176136375316,9.38301733557713,12.3014783170144,9.30604363702025,12.395913900659,9.23468011262358,12.4866699069726,9.169219689717
436.333333333333,11.7427334818132,9.83518763975889,11.8175139457486,9.76624788994526,11.9007156442437,9.68873436302972,11.9846172915099,9.61406792036911,12.0569097661634,9.53015112575844,12.1353468889738,9.46572557805282,12.2171932328146,9.38317782955004,12.3010093173042,9.30615327556684,12.3953992653129,9.23481674328808,12.4861582936867,9.16946508863944
436.5,11.7424532742025,9.83536011508001,11.8172366409318,9.76647455221921,11.9004678757465,9.68903410836968,11.9843616966248,9.61436597514218,12.056577821711,9.53042005925025,12.134985635752,9.46598704045178,12.216773720767,9.38334755396029,12.3005379333921,9.30627026292563,12.3948814427351,9.2349567443211,12.4856450963968,9.16969587537088
436.666666666667,11.7421638475886,9.83554449612339,11.8169479292733,9.76670899373578,11.9002071958433,9.68934030690852,11.9840963013243,9.61466950560344,12.0562377783121,9.53069702576304,12.1346187386121,9.4662604270787,12.2163555168794,9.3835276877134,12.3000642799959,9.30639553031888,12.3943606805177,9.23510048432791,12.4851308893812,9.1699098914365
436.833333333333,11.7418647341879,9.83574018229819,11.8166486235458,9.76695006010339,11.8999303610361,9.68965477657612,11.9838204313417,9.61498214867465,12.0558862212209,9.53098479217302,12.1342416810391,9.46655139331625,12.2159324192609,9.3837204066096,12.2995796752345,9.3065315763487,12.3938264269446,9.23525041215154,12.4846046067242,9.17011381872036
437,11.7415566779976,9.83594521274778,11.8163408863657,9.76719573738538,11.8996359310098,9.68997829086531,11.9835345787659,9.61530599105427,12.0555211522659,9.53128448177123,12.1338514569101,9.4668630860015,12.2154990301961,9.38392628532546,12.2990770850356,9.30667953524266,12.3932699651322,9.23540807220669,12.484056737899,9.17031565411944
437.166666666667,11.7412404724498,9.83615899784563,11.8160253649254,9.76744570773233,11.8993253179628,9.69030989954064,11.9832394806191,9.61563938260637,12.0551439963275,9.53159457418943,12.1334498205146,9.46719304173251,12.2150569714386,9.38414410108091,12.2985590958305,9.30683829166124,12.3926942949216,9.23557247645618,12.4834901902682,9.17051521167826
437.333333333333,11.7409169109766,9.8363809479652,11.8157027064174,9.76769965329485,11.8989999340933,9.69064865236666,11.9829358739238,9.61598067319501,12.0547561782859,9.53191354905941,12.1330385261424,9.46753879710734,12.2146078647421,9.38437263109589,12.2980282940501,9.30700673026493,12.3921024161541,9.23574263686283,12.4829078711943,9.17071230544139
437.5,11.7405867870101,9.83661047347995,11.8153735580343,9.76795725622353,11.8986611915998,9.69099359910793,11.982624495702,9.61632821268427,12.0543591230212,9.53223988601296,12.1326193280829,9.46789788872407,12.2141533318605,9.38461065259033,12.2974872661254,9.30718373571418,12.3914973286707,9.23591756538947,12.4823126880397,9.17090674945335
437.666666666667,11.7402508939825,9.83684698476335,11.8150385669685,9.76821819866896,11.8983105026807,9.69134378952902,11.982306082976,9.61668035093822,12.0539542554136,9.53257206468186,12.1321939806259,9.46826785318077,12.2136949945475,9.38485694278417,12.2969385984876,9.30736819266947,12.3908820323127,9.23609627399891,12.4817075481671,9.17109835775869
437.833333333333,11.7399100253258,9.83708989218885,11.8146983804125,9.76848216278174,11.8979492795342,9.69169827339447,11.9819813727681,9.61703543782095,12.0535430003435,9.53290856469789,12.1317642380609,9.4686462270755,12.2132344745567,9.38511027889735,12.2963848775676,9.30755898579128,12.3902595269211,9.23627777465399,12.4810953589388,9.17128694440197
438,11.7395649744722,9.83733860612993,11.8143536455587,9.76874883071245,11.8975789343587,9.69205610046886,11.9816511021005,9.6173918231965,12.0531267826908,9.53324786569284,12.1313318546774,9.46903054700633,12.2127733936421,9.3853694381498,12.2958286897966,9.30775499974007,12.3896328123371,9.23646107931752,12.4804790277173,9.17147232342771
438.166666666667,11.7392165348537,9.83759253696004,11.8140050095997,9.7690178846117,11.8972008793527,9.69241632051672,11.9813160079954,9.61774785692898,12.052707027336,9.53358844729848,12.1308985847652,9.46941834957133,12.2123133735572,9.38563319776147,12.2952726216055,9.30795511917633,12.389004888402,9.23664519995233,12.4798614618653,9.17165430888047
438.333333333333,11.7388654999025,9.83785109505266,11.8136531197279,9.76928900663008,11.8968165267144,9.69277798330264,11.9809768274752,9.61810188888243,12.0522851591592,9.5339287891466,12.1304661826138,9.46980717136856,12.2118560360559,9.38590033495228,12.2947192594254,9.30815822876052,12.3883787549568,9.23682914852124,12.4792455687451,9.17183271480479
438.5,11.7385126630507,9.83811369078123,11.8132986231358,9.76956187891818,11.8964272886423,9.69314013859115,11.980634297562,9.61845226892095,12.0518626030406,9.53426737086897,12.1300364025127,9.47019454899611,12.2114030028918,9.38616962694218,12.2941711896874,9.30836321315312,12.3877574118426,9.23701193698706,12.4786342557193,9.17200735524522
438.666666666667,11.7381588177304,9.83837973451923,11.812942167016,9.7698361836266,11.8960345773346,9.69350183614682,11.9802891552781,9.6187973469086,12.0514407838604,9.53460267209739,12.1296109987517,9.47057801905203,12.2109558958188,9.38643985095111,12.2936309988225,9.3085689570146,12.3871438589008,9.23719257731263,12.4780304301504,9.17217804424629
438.833333333333,11.7378047573737,9.83864863664012,11.8125843985608,9.77011160290593,11.8956398049898,9.69386212573421,11.9799421376458,9.61913547270945,12.0510211264988,9.53493317246364,12.1291917256203,9.47095511813439,12.2105163365906,9.386709784199,12.2931012732618,9.30877434500543,12.3865410959723,9.23737008146077,12.4774369994008,9.17234459585255
439,11.7374512754127,9.83891980751736,11.8122259649627,9.77038781890676,11.8952443838062,9.69422005711787,11.9795939816872,9.61946499618758,12.050605055836,9.53525735159949,12.1287803374081,9.47132338284126,12.2100859469609,9.38697820390578,12.2925845994363,9.30897826178609,12.3859521228984,9.23754346139429,12.4768568708331,9.17250682410855
439.166666666667,11.7370991652796,9.83919265752442,11.8118675134144,9.77066451377969,11.8948497259821,9.69457468006237,11.9792454244247,9.61978426720705,12.0501939967523,9.53557368913673,12.1283785884047,9.47168034977072,12.2096663486834,9.3872438872914,12.292083563777,9.30917959201705,12.3853799395202,9.23771172907602,12.4762929518098,9.17266454305883
439.333333333333,11.7367492204064,9.83946659703475,11.8115096911081,9.77094136967532,11.894457243716,9.69492504433226,11.9788972028805,9.62009163563196,12.0497893741278,9.53588066470714,12.1279882328997,9.47202355552082,12.209259163512,9.38750561157579,12.291600752715,9.30937722035878,12.3848275456789,9.23787389646878,12.4757481496933,9.17281756674793
439.5,11.7364022342252,9.83974103642183,11.8111531452365,9.77121806874423,11.8940683492061,9.69527019969209,11.9785500540768,9.62038545132636,12.0493926128428,9.5361767579425,12.1276110251827,9.47235053668963,12.2088660132003,9.38776215397889,12.2911387526814,9.30957003147176,12.3842979412156,9.2380289755354,12.4752253718462,9.1729657092204
439.666666666667,11.7360590001683,9.84001538605911,11.8107985229919,9.77149429313702,11.8936844546509,9.69560919590644,11.9782047150359,9.62066406415433,12.0490051377774,9.53646044847461,12.1272487195433,9.47265882987523,12.2084885195021,9.38801229172064,12.2907001501072,9.30975691001645,12.3837941259715,9.2381759782387,12.4747275256309,9.17310878452078
439.833333333333,11.7357203116676,9.84028905632006,11.810446471567,9.77176972500429,11.8933069722486,9.69594108273984,11.97786192278,9.62092582397994,12.0486283738119,9.53673021593522,12.1269030702711,9.47294597167569,12.2081283041712,9.38825480202097,12.2902875314234,9.30993674065334,12.3833190997877,9.23831391654149,12.4742575184101,9.17324660669362
440,11.7353869621553,9.84056145757813,11.810097638154,9.77204404649663,11.8929373141977,9.69626490995687,11.9775224143314,9.62116908066727,12.0482637458265,9.53698453995614,12.1265758316557,9.47320949868906,12.2077869889613,9.38848846209982,12.2899034830612,9.31010840804289,12.3828758625054,9.2384418024066,12.4738182575461,9.17337898978345
440.166666666667,11.7350568787692,9.84083494995137,11.809750404722,9.77231838502695,11.8925728524358,9.69658165835242,11.9771843164979,9.62139596994988,12.0479095084272,9.53722498703617,12.1262644579967,9.47345434651662,12.2074602845812,9.38871473084673,12.2895446754719,9.31027388828982,12.3824599316389,9.23856080430949,12.4734065188575,9.17350803316023
440.333333333333,11.7347274741815,9.84111213938844,11.8094027205307,9.77259401371286,11.8922098272643,9.69689327624044,11.976845265943,9.62161056992123,12.0475625047583,9.53745486415758,12.1259645364865,9.47368779252477,12.2071424923091,9.38893624784572,12.2892047647327,9.31043610709736,12.3820635519345,9.23867322077596,12.47301568318,9.1736358023727
440.5,11.7343987701264,9.84139280500879,11.809054583709,9.77287083326195,11.8918479534272,9.6972002646641,11.9765052644723,9.62181414398527,12.0472220425078,9.53767526167738,12.1256750207534,9.47391088595933,12.2068331197521,9.38915356135843,12.2888818157128,9.31059537352379,12.3816848140818,9.23877975884439,12.4726435654014,9.17376206073361
440.666666666667,11.7340707883379,9.84167672593188,11.8087059923858,9.77314874438183,11.8914869456685,9.69750312466655,11.9761643138911,9.62200795554594,12.0468874293634,9.53788726995254,12.125394864426,9.4741246760661,12.2065316745177,9.38936721964653,12.2885738932815,9.31075199662735,12.3813218087705,9.23888112555316,12.47228798041,9.17388657155571
440.833333333333,11.73374355055,9.84196368127714,11.80835694469,9.77342764778009,11.8911265187324,9.69780235729094,11.9758224160052,9.6221932680072,12.0465579730129,9.53809197934006,12.1251230211328,9.47433021209087,12.2062376642131,9.38957777097165,12.2882790623083,9.31090628546633,12.3809726266901,9.23897802794063,12.4719467430935,9.17400909815176
441,11.7334170784967,9.84225345016402,11.8080074387505,9.77370744416433,11.8907663873629,9.69809846358044,11.97547957262,9.62237134477297,12.0462329811443,9.53829048019692,12.1248584445021,9.47452854327946,12.2059505964457,9.38978576359546,12.2879953876623,9.31105854909898,12.3806353585301,9.23907117304518,12.47161766834,9.17412940383451
441.166666666667,11.733091393912,9.84254581171197,11.8076574726961,9.77398803424216,11.890406266304,9.69839194457819,11.9751357855412,9.62254344924721,12.0459117614453,9.53848386288012,12.1246000881626,9.47472071887767,12.2056699788229,9.38999174577961,12.287720934213,9.31120909658356,12.3803080949802,9.23916126790519,12.4712985710376,9.17424725191671
441.333333333333,11.7327665185301,9.84284054504045,11.8073070446557,9.77426931872117,11.8900458702998,9.69868330132736,11.9747910565741,9.62271084483387,12.0455936216039,9.53867321774665,12.1243469057426,9.47490778813129,12.205395318952,9.39019626578574,12.2874537668297,9.31135823697835,12.3799889267299,9.23924901955902,12.4709872660742,9.17436240571111
441.5,11.7324424740849,9.84313742926888,11.8069561527584,9.77455119830896,11.8896849140944,9.69897303487109,11.9744453875244,9.62287479493688,12.0452778693077,9.53885963515349,12.1240978508708,9.47509080028614,12.2051261244402,9.39039987187551,12.2871919503816,9.31150627934159,12.3796759444688,9.23933513504505,12.4706815683379,9.17447462853048
441.666666666667,11.7321192823104,9.84343624351673,11.8066047951328,9.77483357371314,11.8893231124318,9.69926164625255,11.9740987801976,9.62303656296018,12.0449638122447,9.53904420545765,12.1238518771754,9.47527080458801,12.204861902895,9.39060311231058,12.2869335497382,9.31165353273157,12.3793672388864,9.23942032140165,12.4703792927165,9.17458368368754
441.833333333333,11.7317969649408,9.84373676690343,11.806252969908,9.77511634564131,11.888960180056,9.6995496365149,11.9737512363992,9.62319741230773,12.0446507581027,9.53922801901609,12.1236079382851,9.47544885028271,12.2046021619237,9.39080653535259,12.2866766297687,9.31180030620653,12.3790609006724,9.2395052856672,12.4700782540981,9.17468933449508
442,11.7314755437099,9.84403877854844,11.8059006752128,9.77539941480106,11.8885958317112,9.69983750670127,11.9734027579349,9.62335860638347,12.0443380145696,9.53941216618583,12.1233649878284,9.47562598661604,12.2043464091335,9.3910106892632,12.2864192553425,9.31194690882474,12.3787550205162,9.23959073488007,12.4697762673708,9.17479134426582
442.166666666667,11.7311550403519,9.8443420575712,11.8055479091761,9.77568268189999,11.8882297821413,9.70012575785484,11.97305334661,9.62352140859134,12.0440248893331,9.53959773732384,12.1231219794336,9.47580326283381,12.2040941521319,9.39121612230406,12.2861594913289,9.31209364964448,12.3784476891075,9.23967737607864,12.4694711474225,9.17488947631253
442.333333333333,11.7308354766008,9.84464638309116,11.8051946699268,9.77596604764572,11.8878617460905,9.70041489101876,11.9727030042302,9.62368708233528,12.0437106900811,9.53978582278711,12.1228778667293,9.47598172818182,12.2038448985262,9.39142338273682,12.2858954025972,9.31224083772399,12.3781369971359,9.23976591630126,12.4691607091412,9.17498349394795
442.5,11.7305168741907,9.84495153422777,11.8048409555938,9.77624941274582,11.8874914383027,9.70070540723618,11.9723517326011,9.62385689101925,12.0433947245015,9.53997751293264,12.1226316033439,9.47616243190588,12.2035981559236,9.39163301882314,12.2856250540167,9.31238878212155,12.3778210352909,9.23985706258633,12.4688427674149,9.17507316048485
442.666666666667,11.7301992548554,9.84525729010046,11.8044867643059,9.77653267790792,11.8871185735221,9.70099780755026,11.9719995335281,9.62403209804717,12.043076300282,9.54017389811742,12.122382142906,9.47634642325177,12.2033534319316,9.39184557882466,12.2853465104569,9.31253779189542,12.3774978942621,9.23995152197221,12.4685151371317,9.17515823923597
442.833333333333,11.7298826403292,9.8455634298287,11.8041320941922,9.7768157438396,11.8867428664927,9.70129259300415,11.9716464088168,9.62421396682301,12.0427547251106,9.54037606869843,12.1221284390441,9.47653475146532,12.2031102341575,9.39206161100304,12.2850578367869,9.31268817610386,12.377165664739,9.24005000149728,12.4681756331794,9.17523849351406
443,11.7295670523459,9.84586973253192,11.8037769433814,9.77709851124846,11.8863640319585,9.70159026464102,11.9712923602727,9.6244037607507,12.042429306675,9.54058511503267,12.1218694453865,9.47672846579231,12.2028680702086,9.39228166361993,12.2847570978761,9.31284024380514,12.3768224374112,9.24015320819991,12.4678220704462,9.17531368663188
443.166666666667,11.7292525126397,9.84617597732958,11.8034213100024,9.77738088084212,11.8859817846637,9.70189132350402,11.9709373897014,9.62460274323418,12.0420993526631,9.54080212747712,12.1216041155618,9.47692861547857,12.2026264476922,9.39250628493699,12.2844423585939,9.31299430405751,12.3764663029684,9.24026184911847,12.4674522638199,9.17538358190218
443.333333333333,11.7289390429446,9.84648194334111,11.8030651921842,9.77766275332817,11.8855958393522,9.70219627063629,11.9705814989084,9.6248121776774,12.0417641707627,9.54102819638878,12.1213314031986,9.47713624976988,12.2023848742157,9.39273602321586,12.2841116838095,9.31315066591925,12.3760953521,9.24037663129134,12.4670640281887,9.17544794263771
443.5,11.7286253025202,9.84678955270596,11.8027051024316,9.77794588236107,11.8852030876903,9.70250552693747,11.9702232797067,9.62503251717567,12.0414242896372,9.54126364614078,12.1210536196528,9.47734864456309,12.2021475350364,9.39296963644215,12.2837659311842,9.31330744824642,12.3757128320302,9.24049968653345,12.4666590209106,9.17550960566708
443.666666666667,11.7283102012715,9.84710059336913,11.8023382883284,9.77823177089128,11.8848013896914,9.70281883505932,11.9698616128192,9.62526276516803,12.0410809410786,9.54150753258511,12.1207738200353,9.47756242507102,12.2019182648649,9.39320553425367,12.2834078696446,9.31346280157248,12.3753234716642,9.2406319816177,12.4662408795872,9.17557134758752
443.833333333333,11.7279941369009,9.84741464315841,11.8019658506221,9.7785199435703,11.88439191262,9.70313567867323,11.9694969334164,9.62550201057407,12.0407344874674,9.54175904329702,12.1204920736068,9.47777766451345,12.2016960454879,9.39344374239041,12.2830384309588,9.3136170824718,12.3749275842136,9.24077247601943,12.4658103894717,9.1756328413647
444,11.7276775071105,9.84773127990162,11.8015888900602,9.77880992504966,11.8839758237409,9.7034555414506,11.9691296766689,9.62574934231335,12.0403852911844,9.54201736585176,12.1202084496278,9.47799443611013,12.2014798586923,9.39368428659234,12.2826585468946,9.31377064751877,12.37452548289,9.24092012921395,12.4653683358174,9.17569375996434
444.166666666667,11.7273607096026,9.84805008142655,11.8012085073904,9.77910123998087,11.8835542903187,9.70377790706281,11.968760277747,9.62600384930546,12.0400337146101,9.54228168782459,12.1199230173588,9.47821281308085,12.2012686862649,9.39392719259943,12.2822691492199,9.31392385328776,12.374117480905,9.24107390067658,12.4649155038776,9.1757537763521
444.333333333333,11.7270441420795,9.84837062556101,11.80082580336,9.77939341301548,11.8831284796181,9.70410225918127,11.9683891718212,9.62626462046996,12.0396801201251,9.54255119679077,12.1196358460604,9.47843286864537,12.2010615099924,9.39417248615166,12.2818711697025,9.31407705635315,12.3737038914701,9.24123274988264,12.4644526789054,9.17581256349368
444.5,11.7267282022433,9.8486924901328,11.8004418787166,9.77968596880499,11.8826995589038,9.70442808147735,11.9680167940621,9.62653074472643,12.0393248701102,9.54282508032554,12.1193470049933,9.47865467602346,12.2008573116618,9.394420192989,12.2814655401104,9.31423061328931,12.3732850277968,9.24139563630746,12.4639806461541,9.17586979435476
444.666666666667,11.7264132877964,9.84901525296971,11.8000578342078,9.77997843200092,11.8822686954403,9.70475485762245,11.9676435796401,9.62680131099444,12.0389683269459,9.54310252600415,12.1190565634179,9.4788783084349,12.2006550730598,9.39467033885143,12.2810531922114,9.31438488067063,12.3728612030969,9.24156151942635,12.463500190877,9.17592514190104
444.833333333333,11.7260997964409,9.84933849189956,11.799674770581,9.78027032725481,11.8818370564925,9.70508207128796,11.9672699637257,9.62707540819357,12.0386108530129,9.54338272140186,12.1187645905949,9.47910383909944,12.2004537759734,9.39492294947892,12.2806350577734,9.31454021507147,12.3724327305817,9.24172935871465,12.4630120983273,9.17597827909819
445,11.7257881258791,9.84966178475014,11.7992937885837,9.78056117921817,11.8814058093249,9.70540920614527,11.9668963814893,9.62735212524339,12.0382528106918,9.54366485409393,12.1184711557848,9.47933134123688,12.2002524021892,9.39517805061146,12.2802120685643,9.31469697306621,12.3719999234629,9.24189811364766,12.4625171537582,9.17602887891192
445.166666666667,11.7254786738132,9.84998470934925,11.7989159889636,9.78085051254253,11.8809761212021,9.70573574586578,11.9665232681014,9.62763055106347,12.0378945623633,9.5439481116556,12.1181763282481,9.47956088806696,12.2000499334941,9.395435667989,12.2797851563519,9.31485551122923,12.3715630949521,9.24206674370072,12.462016142423,9.1760766143079
445.333333333333,11.7251718379455,9.8503068435247,11.798542472468,9.7811378518794,11.880549159389,9.70606117412088,11.9661510587326,9.62790977457339,12.037536470408,9.54423168166213,12.1178801772455,9.47979255280947,12.1998453516749,9.39569582735154,12.2793552529041,9.3150161861349,12.3711225582607,9.24223420834914,12.461509849575,9.17612115825183
445.5,11.7248680159783,9.85062776510429,11.7981743398445,9.78142272188032,11.8801260911501,9.70638497458195,11.9657801885532,9.62818888469272,12.0371788972065,9.54451475168878,12.1175827720376,9.48002640868417,12.1996376385186,9.39595855443904,12.2789232899889,9.31517935435761,12.3706786266005,9.24239946706825,12.4609990604673,9.17616218370939
445.666666666667,11.7245676056137,9.85094705191582,11.7978126918406,9.7817046471968,11.8797080837501,9.70670663092039,11.9654110927338,9.62846697034104,12.0368222051394,9.54479650931079,12.1172841818848,9.48026252891084,12.1994257758118,9.39622387499148,12.2784901993741,9.31534537247173,12.3702316131828,9.24256147933336,12.4604845603533,9.17619936364627
445.833333333333,11.7242710045539,9.8512642817871,11.7974586292039,9.78198315248037,11.8792963044537,9.70702562680758,11.9650442064449,9.62874312043792,12.0364667565875,9.54507614210342,12.1169844760478,9.48050098670924,12.1992087453414,9.39649181474884,12.2780569128276,9.31551459705162,12.3697818312194,9.24271920461981,12.4599671344862,9.17623237102816
446,11.7239786105013,9.85157903254592,11.7971132526819,9.78225776238255,11.8788919205255,9.70734144591493,11.9646799648569,9.62901642390293,12.0361129139313,9.54535283764192,12.1166837237871,9.48074185529914,12.1989855288942,9.39676239945109,12.2776243621172,9.31568738467168,12.3693295939217,9.2428716024029,12.4594475681191,9.17626087882074
446.166666666667,11.7236908211581,9.85189088202008,11.796777663022,9.78252800155485,11.8784960992302,9.70765357191382,11.9643188031403,9.62928596965564,12.0357610395514,9.54562578350155,12.1163819943633,9.48098520790032,12.1987551082571,9.39703565483821,12.2771934790109,9.31586409190627,12.3688752145014,9.24301763215797,12.4589266465054,9.17628455998971
446.333333333333,11.7234080342265,9.85219940803739,11.7964529609718,9.78279339464881,11.8781100078324,9.70796148847564,11.9639611564655,9.62955084661564,12.0354114958286,9.54589416725756,12.116079357037,9.48123111773255,12.1985164652169,9.39731160665016,12.2767651952765,9.31604507532978,12.3684190061699,9.24315625336033,12.4584051548984,9.17630308750075
446.5,11.7231306474087,9.85250418842565,11.7961402472788,9.78305346631595,11.8777348135969,9.70826467927178,11.9636074600031,9.6298101437025,12.0350646451434,9.5461571764852,12.1157758810687,9.48147965801559,12.1982685815604,9.39759028062693,12.2763404426819,9.31623069151657,12.3679612821389,9.24328642548531,12.4578838785511,9.17631613431954
446.666666666667,11.7228590584071,9.85280480101267,11.7958406226905,9.78330774120779,11.8773716837883,9.70856262797364,11.9632581489236,9.63006294983578,12.0347208498765,9.54641399875972,12.1154716357191,9.48173090196922,12.1980104390744,9.39787170250849,12.2759201529949,9.31642129704103,12.3675023556199,9.24340710800822,12.457363602717,9.17632337341179
446.833333333333,11.722597889856,9.85311308765174,11.79555084402,9.78355856198785,11.8770170082955,9.70885666009149,11.9629097800461,9.63031111020898,12.0343765937332,9.54666620526742,12.1151620811188,9.48198707749777,12.1977363188612,9.39815869983357,12.2754945927827,9.31661893316951,12.3670290542831,9.24351956557209,12.4568268250629,9.17632730473995
447,11.7223502388459,9.85343892069453,11.7952668077132,9.78380840992008,11.8766664102359,9.70914847112717,11.9625590957925,9.63055718192106,12.0340286625428,9.54691602413477,12.1148435404335,9.48224990943965,12.197442676669,9.39845353593098,12.2750549626715,9.31682492467018,12.3665305585942,9.24362618291472,12.4562587355693,9.17633068725638
447.166666666667,11.722114214763,9.85377892371633,11.7949883239671,9.78405701755664,11.8763199067167,9.70943809973943,11.962206809737,9.63080132174982,12.0336778718713,9.54716362834726,12.1145173774762,9.48251871641572,12.1971317562531,9.39875539022587,12.2746035955182,9.3170385533702,12.3660107109587,9.24372759965356,12.4556641579597,9.17633358241157
447.333333333333,11.7218879269933,9.85412972029246,11.7947152029789,9.78430411744968,11.875977514845,9.70972558458704,11.961853635454,9.63104368647307,12.033325037285,9.54740919089042,12.1141849560602,9.48279281704685,12.1968058013691,9.39906344214335,12.2741428241796,9.3172591010967,12.3654733537815,9.24382445540606,12.4550479159576,9.17633605165605
447.5,11.721669484923,9.85448793399823,11.7944472549454,9.78454944215136,11.8756392517281,9.71001096432873,11.9615002865176,9.6312844328686,12.0329709743501,9.54765288474975,12.1138476399983,9.4830715299539,12.1964670557725,9.39937687110857,12.2736749815125,9.31748584967682,12.3649223294682,9.2439173897897,12.4544148332865,9.1763381564403
447.666666666667,11.7214569979383,9.85485018840894,11.7941842900638,9.78479272421384,11.8753051344731,9.71029427762326,11.9611474765022,9.63152371771421,12.0326164986327,9.54789488291075,12.1135067931037,9.48335417375772,12.1961177632187,9.39969485654664,12.2732024003739,9.31771808093768,12.3643614804237,9.24400704242191,12.4537697336698,9.17633995821484
447.833333333333,11.7212485754252,9.8552131070999,11.793926118531,9.78503369618927,11.8749751801872,9.71057556312939,11.960795918982,9.63176169778771,12.0322624256991,9.54813535835894,12.1131637791895,9.48364006707919,12.1957601674633,9.4000165778827,12.2727274136204,9.31795507670644,12.3637946490535,9.24409405292018,12.4531174408311,9.17634151843016
448,11.7210423267699,9.85557331364642,11.7936725505441,9.78527209062981,11.8746494059777,9.71085485950587,11.9604463275314,9.63199852986688,12.0319095711153,9.54837448407983,12.1128199620686,9.48392852853917,12.1953965122617,9.40034121454188,12.272252354109,9.31819611881022,12.3632256777626,9.24417906090194,12.4524627784938,9.17634289853678
448.166666666667,11.7208363613585,9.85592743162381,11.7934233963001,9.78550764008761,11.8743278289517,9.71113220541144,11.9600994157246,9.63223437072954,12.0315587504477,9.54861243305892,12.1124767055542,9.48421887675851,12.1950290413695,9.40066794594932,12.2717795546965,9.31844048907617,12.3626584089564,9.24426270598466,12.4518105703814,9.17634415998519
448.333333333333,11.7206287885772,9.85627208460737,11.7931784659961,9.78574007711483,11.8740104662164,9.71140763950486,11.9597558971359,9.63246937715349,12.0312107792624,9.54884937828173,12.1121353734594,9.48451043035809,12.1946599985421,9.40099595153013,12.2713113482398,9.31868746933142,12.3620966850401,9.2443456277858,12.4511656402174,9.17634536422591
448.5,11.720417717812,9.85660389617242,11.792937569829,9.78596913426362,11.873697334879,9.71168120044489,11.9594164853395,9.63270370591651,12.0308664731255,9.54908549273376,12.1117973295971,9.48480250795876,12.194291627535,9.40132441070945,12.2708500675956,9.31893634140311,12.3615443484189,9.24442846592282,12.4505328117253,9.17634657270943
448.666666666667,11.7202012584491,9.85691948989427,11.7927005179959,9.78619454408614,11.8733884520467,9.71195292689027,11.9590818939097,9.63293751379641,12.0305266476033,9.54932094940052,12.1114639377804,9.48509442818139,12.1939261721037,9.40165250291242,12.2703980456209,9.31918638711837,12.361005241498,9.24451186001319,12.4499169086286,9.17634784688626
448.833333333333,11.7199775198747,9.85721548934821,11.7924671206939,9.78641603913455,11.8730838348268,9.71222285749976,11.9587528364209,9.63317095757099,12.030192118262,9.54955592126752,12.1111365618225,9.48538550964684,12.1935658760037,9.40197940756416,12.2699576151724,9.31943688830434,12.3604832066827,9.24459644967434,12.4493227546508,9.17634924820691
449,11.7197446114749,9.85748851810956,11.7922371881198,9.786633351961,11.8727835003263,9.71249103093212,11.9584300264472,9.63340419401806,12.0298637006677,9.54979058132027,12.1108165655363,9.48567507097597,12.1932129829905,9.4023043040898,12.269531109107,9.31968712678816,12.3599820863782,9.24468287452375,12.4487551735153,9.17635083812187
449.166666666667,11.7195006426357,9.85773519975363,11.7920105304708,9.78684621511765,11.8724874656525,9.71275748584608,11.9581141775631,9.6336373799154,12.0295422103866,9.55002510254428,12.1105053127349,9.48596243078965,12.1928697368195,9.40262637191447,12.2691208602815,9.31993638439697,12.3595057229897,9.24477177417887,12.4482189889456,9.17635267808166
449.333333333333,11.7192437227434,9.85795215785572,11.7917869579439,9.78705436115666,11.8721957479126,9.71302226090041,11.9578060033426,9.63387067204083,12.029228462985,9.55025965792506,12.1102041672314,9.48624690770874,12.1925383812463,9.4029447904633,12.2687292015528,9.3201839429579,12.3590579589225,9.24486378825716,12.4477190246653,9.17635482953678
449.5,11.718971961184,9.85813601599115,11.7915662807362,9.78725752263017,11.8719083642138,9.71328539475385,11.9575062173602,9.63410422717213,12.0289232740289,9.55049442044811,12.1099144928389,9.4865278203541,12.1922211600264,9.40325873916142,12.2683584657778,9.32042908429809,12.3586426365818,9.24495955637608,12.4472601043978,9.17635735393773
449.666666666667,11.7186834673437,9.85828339773522,11.7913483090445,9.78745543209035,11.8716253316632,9.71354692606516,11.9572155331901,9.63433820208711,12.0286274590847,9.55072956309895,12.1096376533704,9.4868044873466,12.1919203169152,9.40356739743397,12.2680109858132,9.32067109024468,12.3582635983729,9.2450597181531,12.4468470518666,9.17636031273501
449.833333333333,11.7183763506086,9.85839092666324,11.791132853066,9.78764782208935,11.8713466673681,9.71380689349309,11.9569346644065,9.63457275356358,12.0283418337184,9.55096525886308,12.109375012639,9.4870762273071,12.1916380956683,9.40386994470607,12.2676890945158,9.32090924262481,12.3579246867009,9.24516491320566,12.4464846907952,9.17636376737914
450,11.7180487203648,9.85845522635051,11.7909197229977,9.78783442517932,11.8710723884357,9.7140653356964,11.9566643245839,9.63480803837932,12.0280672134963,9.55120168072601,12.1091279344577,9.48734235885646,12.191376740041,9.40416556040285,12.2673951247426,9.3211428232656,12.3576297439711,9.24527578115122,12.446177844907,9.17636777932062
450.166666666667,11.7176953632617,9.858495986162,11.7907087839892,9.78801691020335,11.8708016940665,9.71432230941491,11.9564011573774,9.63504366607507,12.0278000436364,9.55143840016219,12.1088907204681,9.4876047365291,12.1911282689472,9.40445652347364,12.2671176829445,9.3213736430222,12.3573590097742,9.24539157133594,12.4459006647493,9.17637717322543
450.333333333333,11.7173130002481,9.85853511341806,11.7905000690378,9.78819705649127,11.8705338234482,9.71457783521686,11.9561414373305,9.63527914157234,12.0275363284165,9.55167487305536,12.1086569182778,9.48786565886906,12.1908833662566,9.40474564449312,12.266844197379,9.32160399048603,12.357090850531,9.24551104917636,12.4456250004712,9.17639639528123
450.5,11.7169026421601,9.85857255862713,11.7902936401121,9.78837476232547,11.8702688536687,9.7148318975036,11.9558853243492,9.63551446472008,12.0272762219927,9.55191109900505,12.1084267606487,9.4881251105116,12.1906422731589,9.40503290032447,12.266575233613,9.32183386408865,12.356826298892,9.24563412839556,12.4453522251994,9.17642493922101
450.666666666667,11.7164652998332,9.85860827229762,11.7900895591806,9.7885499259883,11.8700068618161,9.71508448067648,11.9556329783393,9.63574963536726,12.0270198785209,9.55214707761074,12.1082004803428,9.48838307609198,12.1904052308434,9.40531826783084,12.2663113572132,9.32206326226163,12.3565663875076,9.2457607227166,12.4450837120606,9.17646229877776
450.833333333333,11.7160019841034,9.85864220493796,11.789887888212,9.78872244576213,11.8697479249782,9.71533556913685,11.9553845592068,9.63598465336283,12.0267674521568,9.55238280847196,12.107978310122,9.48863954024546,12.1901724805,9.40560172387542,12.2660531337465,9.32229218343651,12.3563121490283,9.24589074586256,12.4448208341814,9.17650796768447
451,11.7155137058064,9.85867430705657,11.7896886891748,9.7888922199293,11.869492120243,9.71558514728606,11.9551402268579,9.63621951855576,12.0265190970565,9.5526182911882,12.1077604827482,9.48889448760731,12.1899442633181,9.40588324532138,12.2658011287796,9.32252062604487,12.3560646161046,9.24602411155652,12.4445649646883,9.17656143967413
451.166666666667,11.7150014757782,9.85870452916189,11.7894920240378,9.78905914677219,11.8692395246984,9.71583319952546,11.9549001411984,9.63645423079501,12.0262749673758,9.55285352535896,12.1075472309833,9.48914790281278,12.1897208204873,9.40616280903188,12.2655559078795,9.32274858851827,12.355824821387,9.24616073352154,12.4443174767082,9.17662220847974
451.333333333333,11.7144663048543,9.85873282176233,11.7892979547693,9.78922312457315,11.8689902154325,9.71607971025641,11.9546644621343,9.63668878992952,12.0260352172707,9.55308851058375,12.1073387875894,9.48939977049715,12.1895023931972,9.4064403918701,12.2653180366129,9.32297606928826,12.3555937975258,9.2463005254807,12.4440797433675,9.17668976783428
451.5,11.7139092038708,9.85875913536632,11.7891065433381,9.78938405161454,11.868744269533,9.71632466388026,11.9544333495717,9.63692319580827,12.0258000008971,9.55332324646208,12.1071353853283,9.48965007529567,12.1892892226374,9.40671597069922,12.2650880805465,9.32320306678641,12.3553725771716,9.24644340115706,12.443853137793,9.17676361147075
451.666666666667,11.7133311836633,9.85878342048228,11.7889178517128,9.78954182617873,11.8685017640881,9.71656804479835,11.9542069634164,9.63715744828021,12.0255694724109,9.55355773259345,12.106937256962,9.4898988018436,12.1890815499975,9.40698952238239,12.2648666052473,9.32342957944428,12.3551621929749,9.24658927427371,12.4436390331113,9.17684323312214
451.833333333333,11.7127332550677,9.85880562761864,11.7887319418619,9.78969634654807,11.8682627761856,9.71680983741204,11.9539854635746,9.63739154719431,12.025343785968,9.55379196857735,12.1067446352524,9.49014593477621,12.1888796164671,9.40726102378279,12.2646541762821,9.32365560569343,12.354963677586,9.24673805855371,12.443438802449,9.17692812652144
452,11.7121164289198,9.85882570728383,11.788548875754,9.78984751100493,11.8680273829134,9.71705002612268,11.9537690099522,9.63762549239951,12.0251230957243,9.55402595401331,12.1065577529615,9.49039145872876,12.1886836632357,9.4075304517636,12.2644513592175,9.32388114396543,12.3547780636556,9.24688966772013,12.4432538189328,9.17701778540163
452.166666666667,11.7114817160554,9.85884360998627,11.7883687153577,9.78999521783167,11.8677956613596,9.71728859533162,11.9535577624552,9.63785928374479,12.0249075558358,9.55425968850082,12.1063768428512,9.49063535833652,12.1884939314929,9.40779778318798,12.2642587196206,9.32410619269182,12.3546063838339,9.24704401549605,12.4430854556893,9.17711170349572
452.333333333333,11.7108301273103,9.85885928623438,11.7881915226417,9.79013936531064,11.867567688612,9.71752552944021,11.9533518809895,9.6380929210791,12.0246973204583,9.55449317163938,12.1062021376834,9.49087761823474,12.1883106624283,9.40806299491911,12.264076823058,9.32433075030419,12.3544496707716,9.24720101560455,12.4429350858452,9.17720937453668
452.5,11.7101626735202,9.85887268653659,11.7880173595744,9.79027985172421,11.8673435417587,9.71776081284981,11.9531515254612,9.6383264042514,12.0244925437477,9.5547264030285,12.1060338702201,9.4911182230587,12.1881340972314,9.40832606382016,12.2639062350966,9.32455481523407,12.354308957119,9.24736058176868,12.4428040825271,9.17731029225752
452.666666666667,11.7094803655211,9.85888376140132,11.7878462881246,9.79041657535473,11.8671232978875,9.71799442996175,11.9529568557762,9.63855973311064,12.0242933798601,9.55495938226769,12.1058722732233,9.49135715744364,12.187964477092,9.4085869667543,12.2637475213031,9.32477838591305,12.3541852755266,9.24752262771152,12.4426938188616,9.17741395039123
452.833333333333,11.7087842141488,9.85889246133701,11.7876783702608,9.79054943448458,11.8669070340865,9.71822636517741,11.9527680318405,9.6387929075058,12.0240999829512,9.55519210895644,12.1057175794548,9.49159440602484,12.1878020431995,9.40884568058469,12.2636012472445,9.32500146077268,12.3540796586449,9.24768706715615,12.4426056679754,9.17751984267079
453,11.7080752302389,9.85889873685206,11.7875136679515,9.79067832739611,11.8666948274434,9.71845660289812,11.9525852135602,9.63902592728582,12.023912507177,9.55542458269427,12.1055700216766,9.49182995343755,12.1876470367435,9.40910218217452,12.2634679784875,9.32522403824451,12.3539931391244,9.24785381382564,12.4425410029952,9.1776274628292
453.166666666667,11.7073544246274,9.85890253845492,11.7873522431655,9.79080315237167,11.8664867550464,9.71868512752524,11.9524085608412,9.63925879229968,12.0237311066934,9.55565680308067,12.1054298326506,9.49206378431705,12.1874996989137,9.40935644838695,12.2633482805989,9.32544611676012,12.3539267496155,9.24802278144305,12.4425011970475,9.17773630459945
453.333333333333,11.70662280815,9.858903816654,11.7871941578712,9.79092380769363,11.8662828939834,9.71891192346012,11.9522382335895,9.63949150239632,12.0235559356564,9.55588876971516,12.1052972451388,9.49229588329858,12.1873602708995,9.40960845608515,12.2632427191455,9.32566769475106,12.3538815227686,9.24819388373147,12.442487623259,9.17784586171453
