time_ms,head_deg,seg2_deg,seg3_deg,seg4_deg,seg5_deg,seg6_deg,seg7_deg,tail_deg

0,-1.84532550956688,-2.01521060502261,-2.28386335437102,-1.32274416524559,-0.848548476273638,-3.20749839014587,-3.67031994968527,-1.25020329371521
0.166666666666667,-1.84378010186033,-2.01381202651332,-2.28225273939367,-1.31975246146063,-0.845972251151706,-3.20348131520114,-3.66614798175683,-1.24693493264967
0.333333333333333,-1.84226666137387,-2.01243753019482,-2.28065126141835,-1.31681507430427,-0.843391386050661,-3.19947657346212,-3.66202846959593,-1.24366310185857
0.5,-1.84293845131492,-2.01322541845656,-2.27939721444045,-1.31256159449518,-0.839893966935766,-3.19544893823393,-3.65931277513018,-1.24261234051884
0.666666666666667,-1.84339319162254,-2.0138578824426,-2.27822556661411,-1.30845715349469,-0.836356236958082,-3.19125418364649,-3.65641206651764,-1.24129920843313
0.833333333333333,-1.84365319654394,-2.01435209850903,-2.27714430998704,-1.30451350115667,-0.832795138699428,-3.18691438049838,-3.65334507266111,-1.23973786691312
1,-1.84373938834254,-2.01472425119626,-2.27615981952571,-1.30074003444839,-0.829225894743848,-3.1824496117733,-3.6501290778257,-1.23794222115316
1.16666666666667,-1.84367130224334,-2.01498954050566,-2.27527685882844,-1.29714380115286,-0.82566201141315,-3.177877976412,-3.64677992512618,-1.23592592436586
1.33333333333333,-1.84346709089483,-2.01516218841339,-2.27449858525453,-1.29372950322138,-0.822115282125809,-3.17321559270664,-3.64331201967784,-1.23370238157689
1.5,-1.84314352839009,-2.01525544468655,-2.27382655450957,-1.29049949980548,-0.818595790431653,-3.1684766013683,-3.63973833144746,-1.23128475309721
1.66666666666667,-1.84271601388975,-2.01528159206669,-2.27326072472721,-1.28745380999699,-0.81511191277501,-3.16367316831852,-3.63607039784123,-1.22868595769092
1.83333333333333,-1.84219857488886,-2.01525195088553,-2.27279946008749,-1.2845901153054,-0.811670321038717,-3.15881548725543,-3.6323183260657,-1.22591867545692
2,-1.84160387016975,-2.01517688317793,-2.27243953401192,-1.2819037619008,-0.808275984920992,-3.15391178204472,-3.6284907952983,-1.22299535044202
2.16666666666667,-1.84094319248272,-2.01506579635662,-2.27217613197564,-1.27938776265138,-0.804932174197334,-3.1489683089858,-3.62459505870345,-1.21992819300348
2.33333333333333,-1.84022647099635,-2.01492714651403,-2.27200285397704,-1.2770327989838,-0.801640460919578,-3.14398935900347,-3.62063694533063,-1.21672918193896
2.5,-1.83946227355867,-2.01476844141518,-2.27191171670486,-1.27482722259476,-0.798400721603422,-3.13897725981471,-3.61662086192994,-1.21341006640097
2.66666666666667,-1.83865780881105,-2.01459624324732,-2.2718931554435,-1.27275705704227,-0.795211139456698,-3.13393237812092,-3.61254979472157,-1.20998236761412
2.83333333333333,-1.83781892819575,-2.0144161711902,-2.27193602575663,-1.27080599924473,-0.792068206699401,-3.12885312187493,-3.60842531115474,-1.2064573804122
3,-1.83695012789881,-2.01423290387247,-2.27202760498966,-1.26895542091613,-0.788966727027483,-3.12373594267299,-3.60424756169208,-1.20284617461309
3.16666666666667,-1.83606868546543,-2.01406904142221,-2.2721687000527,-1.26719902593584,-0.785913986226871,-3.1185881533776,-3.60002986367471,-1.19917302194325
3.33333333333333,-1.83520335675137,-2.013963398021,-2.27237315334373,-1.26554256505805,-0.782929382133891,-3.11342811561355,-3.59579825745896,-1.19547416138849
3.5,-1.83437958698596,-2.01395128425462,-2.27265248432048,-1.2639890324442,-0.780030066831383,-3.10827251430276,-3.59157669876434,-1.19178375181388
3.66666666666667,-1.83361950873553,-2.01406450367575,-2.2730158848817,-1.26253866130684,-0.777230942686711,-3.10313635420075,-3.58738705561523,-1.1881338679141
3.83333333333333,-1.83294194092514,-2.01433135101224,-2.27347021648662,-1.26118892137419,-0.774544660115481,-3.0980329577496,-3.58324910665041,-1.18455449767474
4,-1.83235028663553,-2.01475275769454,-2.27399945313936,-1.25991234431167,-0.771969112205747,-3.0929711101695,-3.57916268988569,-1.18105191306918
4.16666666666667,-1.83183391394201,-2.01530400369921,-2.27456667914181,-1.25865992589777,-0.769488132532468,-3.0879542335103,-3.57510881564217,-1.17760942934045
4.33333333333333,-1.83138095093541,-2.01595943262256,-2.27513564946173,-1.25738500780751,-0.767084357055997,-3.08298283382306,-3.57106807825331,-1.17420941752697
4.5,-1.8309782891821,-2.01669245835849,-2.27567079725195,-1.25604328685625,-0.764739233359535,-3.07805450746827,-3.56702066194045,-1.17083331063109
4.66666666666667,-1.83061158712574,-2.01747557139912,-2.27613724105307,-1.2545928238408,-0.762433027599612,-3.07316394522377,-3.56294634630353,-1.16746160950342
4.83333333333333,-1.83026527331374,-2.0182803445945,-2.27650079148399,-1.25299405177316,-0.760144829330021,-3.06830293439962,-3.55882451128292,-1.16407388826873
5,-1.82992254933253,-2.0190774382091,-2.27672795722668,-1.25120978330338,-0.757852554360569,-3.06346035916827,-3.5546341414492,-1.16064879912085
5.16666666666667,-1.82956539233648,-2.0198366041146,-2.27678595011296,-1.24920521712928,-0.7555329458127,-3.05862219931907,-3.55035382947935,-1.15716407631498
5.33333333333333,-1.82917455705673,-2.02052668895993,-2.27664268912288,-1.24694794319259,-0.75316157353512,-3.05377152764694,-3.54596177867921,-1.15359653918787
5.5,-1.82872957717635,-2.02111563616085,-2.27626680310559,-1.24440794646229,-0.750712832042685,-3.04888850618515,-3.54143580441277,-1.14992209403691
5.66666666666667,-1.82820876595961,-2.02157048655213,-2.27562763203427,-1.24155760910719,-0.748159937142253,-3.04395038149189,-3.53675333430036,-1.1461157346905
5.83333333333333,-1.82758921602289,-2.02185737754629,-2.27469522660809,-1.23837171086101,-0.745474921409331,-3.03893147920058,-3.531891407048,-1.14215154160276
6,-1.82684679813499,-2.02194154064241,-2.27344034601308,-1.2348274273829,-0.742628628678153,-3.03380319804201,-3.52682666977023,-1.13800267930521
6.16666666666667,-1.82595615893408,-2.02178729712778,-2.27183445365409,-1.23090432641671,-0.739590707707258,-3.02853400354603,-3.5215353736683,-1.13364139204806
6.33333333333333,-1.82489071744764,-2.02135805181425,-2.26984971066816,-1.22658436155098,-0.736329605180609,-3.02308942162798,-3.5159933679247,-1.12903899746204
6.5,-1.82364567936099,-2.02064786072352,-2.26748579653616,-1.22187286305825,-0.732835412567182,-3.01745750136268,-3.51020099439982,-1.12419425574117
6.66666666666667,-1.82223879118009,-2.01968226369492,-2.26476968563559,-1.21679877064881,-0.729119257514675,-3.01164721015207,-3.50418286675237,-1.1191333100848
6.83333333333333,-1.82068770444218,-2.0184871338004,-2.26172871470667,-1.21139375953452,-0.725190160064512,-3.00566217614606,-3.49796286626449,-1.11388128845217
7,-1.81900998133082,-2.01708868523872,-2.25839058991016,-1.20569224785206,-0.721055049827523,-2.99950070511552,-3.49156414956828,-1.10846231143203
7.16666666666667,-1.81722309951677,-2.01551348013576,-2.25478339283705,-1.19973140244777,-0.716718783730429,-2.99315579839853,-3.48500915517977,-1.10289949899393
7.33333333333333,-1.81534281050692,-2.01377834148434,-2.25092132646925,-1.19353263393719,-0.712181375778229,-2.98662017287895,-3.47830729992251,-1.09720803891843
7.5,-1.81338241715671,-2.01188986722237,-2.2468049229662,-1.18710048167126,-0.707439650285576,-2.97988975837428,-3.47145600983287,-1.09139551723134
7.66666666666667,-1.81135406012262,-2.00985428296138,-2.24243540887239,-1.1804405677411,-0.702490854904944,-2.97296044385219,-3.46445354851958,-1.08546902475456
7.83333333333333,-1.80926872278647,-2.00767744890175,-2.23781471072272,-1.17355960227197,-0.697332664896196,-2.96582808280933,-3.45729902496009,-1.079435164981
8,-1.80713623755536,-2.00536486851301,-2.23294546212929,-1.16646539017154,-0.691963189113716,-2.95848850022986,-3.44999240260798,-1.073300063002
8.16666666666667,-1.80496529334326,-2.00292169873933,-2.22783101216936,-1.15916683919677,-0.686380977597943,-2.95093750098985,-3.44253450963835,-1.06706937534141
8.33333333333333,-1.80276344404006,-2.00035276148928,-2.22247543489264,-1.15167396920178,-0.680585030656691,-2.94317087957276,-3.43492705015714,-1.06074830054861
8.5,-1.80053711777155,-1.99766255616599,-2.21688353976345,-1.14399792242641,-0.67457480931926,-2.9351844309587,-3.42717261619723,-1.05434159040025
8.66666666666667,-1.79829162675259,-1.99485527299168,-2.2110608828505,-1.13615097468226,-0.668350247043747,-2.9269739625479,-3.41927470032194,-1.047853561558
8.83333333333333,-1.79603117753382,-1.9919348068773,-2.20501377857347,-1.12814654728949,-0.661911762555043,-2.91853530697571,-3.41123770865337,-1.04128810752646
9,-1.79375888143951,-1.98890477158428,-2.19874931181204,-1.11999921961383,-0.655260273686936,-2.90986433567272,-3.40306697413894,-1.03464871075195
9.16666666666667,-1.79147676499185,-1.9857685139214,-2.19227535017834,-1.11172474204893,-0.648397212098038,-2.90095697301937,-3.39476876986562,-1.02793845469891
9.33333333333333,-1.78918578011434,-1.98252912771604,-2.18560055625013,-1.10334004928527,-0.641324538727157,-2.89180921094069,-3.38635032222722,-1.02116003573711
9.5,-1.78688581390356,-1.97918946729396,-2.17873439955657,-1.0948632737017,-0.634044759848932,-2.88241712378129,-3.37781982374511,-1.01431577466797
9.66666666666667,-1.78457569775595,-1.97575216019751,-2.17168716810444,-1.08631375871173,-0.626560943586229,-2.87277688329675,-3.36918644533836,-1.0074076277144
9.83333333333333,-1.78225831812287,-1.97222619638531,-2.16447610294935,-1.07771830732012,-0.61888482751226,-2.8628958873092,-3.36047015885791,-1.00044650264511
10,-1.77994232202382,-1.96862958079352,-2.15712837183523,-1.06911285574014,-0.611039743364684,-2.85279656556117,-3.35170399773978,-0.993454797022784
10.1666666666667,-1.77763785942906,-1.9649840701187,-2.14967642054966,-1.06053706332612,-0.603053978691828,-2.84250715958936,-3.34292536495597,-0.986458349089166
10.3333333333333,-1.77535657236785,-1.96131515635247,-2.14215795701742,-1.05203429783843,-0.594960764588629,-2.83206171047668,-3.33417601747242,-0.979486420839783
10.5,-1.77311158009272,-1.95765204476044,-2.13461593044526,-1.04365161566,-0.586798257269114,-2.82150004040215,-3.32550204533476,-0.972571676222062
10.6666666666667,-1.7709036460124,-1.95400202069284,-2.12707263877599,-1.03540716612547,-0.578595015222386,-2.81086722522423,-3.31693715682207,-0.96573558837308
10.8333333333333,-1.76872104523447,-1.95034930600358,-2.11952675624289,-1.02728828239082,-0.570366227821502,-2.80020747116907,-3.30849848758202,-0.958985779723131
11,-1.76655331597697,-1.94668009793318,-2.11197771855679,-1.01928309359997,-0.562126327434965,-2.78956156454191,-3.30020120004351,-0.952329263946663
11.1666666666667,-1.7643912572745,-1.94298256595637,-2.10442571998133,-1.01138051270625,-0.553888980311214,-2.77896687226914,-3.29205848171122,-0.945772443762904
11.3333333333333,-1.76222692677789,-1.93924684877614,-2.09687171064904,-1.00357022700596,-0.545667078302623,-2.76845734059478,-3.2840815429515,-0.939321108406014
11.5,-1.76005363866212,-1.93546505148333,-2.08931739412221,-0.995842691146804,-0.53747273146341,-2.75806349224547,-3.2762796143795,-0.932980430844247
11.6666666666667,-1.75786596165755,-1.93163124290144,-2.08176522520225,-0.988189122377231,-0.529317261565827,-2.74781242238485,-3.26865994395766,-0.926754964827614
11.8333333333333,-1.75565971721921,-1.92774145313604,-2.07421840799162,-0.980601497805153,-0.521211196585505,-2.73772779368254,-3.26122779391588,-0.920648641843713
12,-1.75343197784868,-1.92379367134758,-2.06668089421143,-0.973072553434593,-0.51316426621097,-2.72782983082578,-3.25398643760251,-0.914664768060497
12.1666666666667,-1.75118106558307,-1.91978784376694,-2.05915738177833,-0.965595784749144,-0.505185398434755,-2.71813531480445,-3.24693715637604,-0.908806021335509
12.3333333333333,-1.74890655066525,-1.91572587197161,-2.05165331364321,-0.958165448609461,-0.497282717283316,-2.7086575773003,-3.2400792366462,-0.903074448369981
12.5,-1.74660925040981,-1.9116116114418,-2.04417487689521,-0.950776566231126,-0.489463541743121,-2.69940649551287,-3.23340996717376,-0.897471462087413
12.6666666666667,-1.74429122827864,-1.90745087041435,-2.03672900213313,-0.943424927006195,-0.481734385936836,-2.6903884877526,-3.22692463673736,-0.891997839314993
12.8333333333333,-1.74195579318009,-1.9032514090525,-2.02932336310668,-0.93610709292993,-0.474100960601473,-2.68160651013167,-3.22061653227551,-0.886653718846891
13,-1.73960749900597,-1.8990229389501,-2.02196637663034,-0.928820403391596,-0.466568175916949,-2.67306005468168,-3.21447693761207,-0.881438599968515
13.1666666666667,-1.73726636960452,-1.89479888722171,-2.01467748452751,-0.921577550612178,-0.459157016956353,-2.66475703286032,-3.20850636845,-0.87635636274817
13.3333333333333,-1.73496457537474,-1.89063112454386,-2.00748304663166,-0.914403223257504,-0.451899756596448,-2.65670924557941,-3.20271164373757,-0.871412716115668
13.5,-1.73273055674646,-1.88656558059245,-2.00040402177324,-0.907317875343045,-0.444820708316247,-2.64891825026979,-3.19709320215083,-0.866608918491486
13.6666666666667,-1.7305890355377,-1.88264226117086,-1.99345598538446,-0.900337746347721,-0.437936247352487,-2.64137537892728,-3.19164511958531,-0.861941796747161
13.8333333333333,-1.72856102351601,-1.8788952610354,-1.98664914230117,-0.893474875255468,-0.431254827284787,-2.6340617527284,-3.18635512180085,-0.857403759989575
14,-1.72666150432667,-1.87534988146253,-1.97998985895989,-0.886736331618413,-0.424784133126958,-2.62696754633536,-3.18121576074967,-0.852989210870385
14.1666666666667,-1.72489979296588,-1.87202315543317,-1.97348247137229,-0.880125349013689,-0.418533573132312,-2.6200967086047,-3.17622738738288,-0.848696264601243
14.3333333333333,-1.72328203829358,-1.86892699949863,-1.9671286634156,-0.873642667265604,-0.412508380236826,-2.61345006679313,-3.17138846738971,-0.844521202960748
14.5,-1.72181122174682,-1.8660682116588,-1.96092746447067,-0.867286530083951,-0.4067096087278,-2.60702532349028,-3.16669557772934,-0.840458469795163
14.6666666666667,-1.72048715500104,-1.86344846767102,-1.95487524526585,-0.861052680883333,-0.401134129295147,-2.60081705194307,-3.16214340131789,-0.836500664339743
14.8333333333333,-1.71930647685919,-1.86106431622241,-1.94896571239596,-0.854934357254834,-0.395774622939567,-2.59481669024379,-3.15772472040875,-0.832638532962596
15,-1.71826264965057,-1.85890717340058,-1.94318990198695,-0.848922284563205,-0.390619574213652,-2.5890125348557,-3.15343040920578,-0.828860959934373
15.1666666666667,-1.71734595542245,-1.85696331689949,-1.93753617297959,-0.843004669145271,-0.385653264274339,-2.58338973395298,-3.14924942625186,-0.82515495782943
15.3333333333333,-1.71654349220975,-1.85521388040077,-1.93199020050834,-0.837167191588184,-0.380855764228008,-2.5779302810547,-3.14516880713827,-0.821505658166715
15.5,-1.71583917067061,-1.85363484857376,-1.92653496985527,-0.831393000569822,-0.376202929253067,-2.5726130094365,-3.14117365808377,-0.817896302901927
15.6666666666667,-1.71521371137702,-1.85219705314071,-1.92115077146142,-0.825662707746372,-0.371666393987541,-2.56741358780657,-3.13724715093573,-0.814308237385286
15.8333333333333,-1.71464464305238,-1.85086617045592,-1.91581519748106,-0.819954384174963,-0.367213569671815,-2.5623045177353,-3.13337052014808,-0.810720905401606
16,-1.71410630204779,-1.8496027210492,-1.91050314036534,-0.814243558760513,-0.362807643537967,-2.55725513332973,-3.12952306229264,-0.807111846910763
16.1666666666667,-1.71356983334963,-1.84836207158379,-1.90518679396211,-0.808503219216248,-0.35840758093725,-2.55223160364361,-3.12568213866084,-0.803456699106868
16.3333333333333,-1.71300319340936,-1.84709443967746,-1.89983565761703,-0.802703816025504,-0.353968130695529,-2.54719693831275,-3.12182318151092,-0.799729201412771
16.5,-1.71238155215981,-1.84576151435433,-1.89442863978653,-0.796827808179237,-0.349460391444511,-2.5421287809958,-3.11792647649515,-0.795910579899202
16.6666666666667,-1.71169131697421,-1.84434257543218,-1.8889580506542,-0.790873302906768,-0.344876693896901,-2.53702347499235,-3.11398062937239,-0.791992174338743
16.8333333333333,-1.71092174545308,-1.84282093750876,-1.88341949929726,-0.784841334243703,-0.340212480912595,-2.53188030828915,-3.10997752395984,-0.787967374140832
17,-1.71006494442799,-1.84118394847395,-1.87781189254357,-0.778735861990966,-0.335466305860904,-2.52670151222003,-3.10591232157157,-0.783831618433538
17.1666666666667,-1.7091158686203,-1.8394229875189,-1.8721374334737,-0.772563770326384,-0.330639830485799,-2.52149225964907,-3.10178345996478,-0.779582395586613
17.3333333333333,-1.70805818426733,-1.83751460300555,-1.86638651314424,-0.766320210095825,-0.325723654307662,-2.516247847607,-3.09757806977481,-0.775205816516677
17.5,-1.70686557210214,-1.83542221935813,-1.86053820371017,-0.759988883403943,-0.320697684405121,-2.51095350977377,-3.09327241828364,-0.770677848950257
17.6666666666667,-1.70551651596071,-1.83311585375456,-1.85457561547493,-0.75355684604635,-0.315545492727508,-2.50559714167745,-3.0888467166176,-0.765978363854252
17.8333333333333,-1.7039943042775,-1.83057211827379,-1.84848589974563,-0.747014510519934,-0.310254319371527,-2.50016930368203,-3.08428512202817,-0.761091138025246
18,-1.70228703036114,-1.82777422013644,-1.84226024960154,-0.740355646927406,-0.304815073978212,-2.49466322248518,-3.07957573851714,-0.756003854709892
18.1666666666667,-1.70038759164809,-1.82471196034319,-1.83589389888977,-0.733577382092322,-0.299222335536074,-2.48907479135483,-3.07471061606679,-0.750708102569285
18.3333333333333,-1.69829368813281,-1.82138173101663,-1.82938611976268,-0.726680197201795,-0.293474350877288,-2.48340256933453,-3.06968574873611,-0.745199373301035
18.5,-1.69600782017273,-1.81778651175186,-1.822740219072,-0.719667924294063,-0.287573032153626,-2.47764777964736,-3.06450107188454,-0.73947705823288
18.6666666666667,-1.69353728586632,-1.81393586528119,-1.81596353393372,-0.712547741907755,-0.281523953578515,-2.47181430752769,-3.05916045878398,-0.733544444201243
18.8333333333333,-1.69089417820186,-1.80984593275692,-1.80906742677741,-0.705330170208551,-0.275336347720445,-2.46590869770938,-3.0536717168792,-0.727408709027349
19,-1.6880953821733,-1.805539428955,-1.80206728019144,-0.698029065907521,-0.269023101631505,-2.45994015179728,-3.04804658395508,-0.721080916901906
19.1666666666667,-1.68516257205934,-1.8010456377011,-1.79498249187508,-0.690661617284286,-0.262600753093677,-2.45392052574813,-3.04230072446865,-0.714576013988692
19.3333333333333,-1.68212220905983,-1.79640040781861,-1.78783647000593,-0.683248339625871,-0.256089487263294,-2.44786432768484,-3.03645372630139,-0.707912824555003
19.5,-1.67900553948338,-1.79164614989673,-1.78065662933005,-0.675813071391172,-0.249513133993087,-2.44178871626709,-3.03052909818658,-0.701114047936162
19.6666666666667,-1.67584859367861,-1.78683183417544,-1.77347438828052,-0.668382971409043,-0.242899166109376,-2.43571349983981,-3.02455426806506,-0.69420625663961
19.8333333333333,-1.67268882449387,-1.78200525487949,-1.76631766692587,-0.660984934926041,-0.236291797679926,-2.42966371521279,-3.01854253534624,-0.687210787804994
20,-1.66956241583188,-1.77720987443416,-1.759209568143,-0.653644289579456,-0.229747490534965,-2.42366721363125,-3.01249333530591,-0.680143396603955
20.1666666666667,-1.66650629892219,-1.77249098161497,-1.75217521966946,-0.646387726838907,-0.223319610013202,-2.41775087432369,-3.00641041780618,-0.673023192357755
20.3333333333333,-1.66355815397799,-1.76789569437463,-1.74524177679165,-0.639243304779384,-0.217058428132392,-2.41194060527245,-3.00030184807,-0.665872641681428
20.5,-1.66075641290387,-1.76347296454155,-1.73843842729583,-0.632240453182834,-0.211011128741175,-2.40626134608951,-2.99418000969839,-0.658717573373878
20.6666666666667,-1.65811724419898,-1.75924200860908,-1.73176956946953,-0.625388981586132,-0.205198960581111,-2.4007116040793,-2.98803670739762,-0.651558807690813
20.8333333333333,-1.65563379800105,-1.75519147377676,-1.72521503441573,-0.618678845538186,-0.199617848038182,-2.39526506066913,-2.98184338584853,-0.644372214399328
21,-1.65329884120798,-1.75131058749254,-1.71875701781235,-0.612101019767293,-0.194261539752883,-2.38989683373657,-2.97557613249011,-0.637137109698675
21.1666666666667,-1.65110475141162,-1.74758914895931,-1.71238007254422,-0.605647490307176,-0.189121599406968,-2.38458346902511,-2.96921566907536,-0.629836247342698
21.3333333333333,-1.64904351191331,-1.74401752231276,-1.70607110295255,-0.599311248676185,-0.184187399534775,-2.37930293441932,-2.96274734514807,-0.62245581133557
21.5,-1.6471067076973,-1.74058663125234,-1.69981936046718,-0.593086287816739,-0.179446118003216,-2.37403461671826,-2.95616113315567,-0.614985410001781
21.6666666666667,-1.64528552223946,-1.73728795490844,-1.69361644038855,-0.586967599504033,-0.174882736804901,-2.36875932054715,-2.94945162491576,-0.607418071233323
21.8333333333333,-1.6435707350296,-1.73411352473048,-1.68745627958772,-0.580951172934309,-0.170480042808307,-2.36345926904801,-2.94261802915655,-0.599750238718282
22,-1.64195271968551,-1.73105592218052,-1.68133515489306,-0.575033994203539,-0.166218630107782,-2.35811810598973,-2.93566416985238,-0.591981768955558
22.1666666666667,-1.64042144253734,-1.72810827701746,-1.6752516819328,-0.569214046387563,-0.162076903615189,-2.35272089893767,-2.92859848507698,-0.584115928860546
22.3333333333333,-1.63896646156053,-1.72526426595684,-1.66920681420226,-0.563490309935247,-0.158031083534338,-2.34725414312313,-2.9214340260977,-0.576159393766883
22.5,-1.6375769255351,-1.72251811149006,-1.66320384212446,-0.55786276308541,-0.154055210359108,-2.34170576565287,-2.91418845643363,-0.568122245628474
22.6666666666667,-1.63624157330922,-1.71986458064785,-1.65724839187242,-0.5523323820189,-0.15012115003734,-2.33606512970001,-2.90688405060104,-0.560017971226297
22.8333333333333,-1.6349487330443,-1.71729898349105,-1.65134842372141,-0.546901140456581,-0.146198598944567,-2.33032303831922,-2.89954769226834,-0.551863460183701
23,-1.63368632131916,-1.714817171113,-1.64551422969956,-0.541572008414793,-0.142255088316073,-2.32447173753262,-2.89221087154271,-0.54367900259441
23.1666666666667,-1.63246719976749,-1.71244622303058,-1.63979090758486,-0.536386839284703,-0.138286164437867,-2.31852934686127,-2.88494470638687,-0.535536216858383
23.3333333333333,-1.63132843412553,-1.71024228743361,-1.63425371478325,-0.531421585671524,-0.134317857420216,-2.31253961087202,-2.87785206342669,-0.527550597446369
23.5,-1.63030556919824,-1.70825881557446,-1.62897327113955,-0.526746021928537,-0.130377736369333,-2.30654733821482,-2.8710285912753,-0.51982986370601
23.6666666666667,-1.62943262798971,-1.70654655944285,-1.62401555511912,-0.522423741195366,-0.126494901137313,-2.30059838879876,-2.86456271322593,-0.512473958825636
23.8333333333333,-1.62874210528097,-1.70515356114815,-1.6194418921145,-0.518512143772762,-0.122699966991758,-2.29473965788218,-2.85853561578945,-0.505575039986553
24,-1.62825985360256,-1.70411855713913,-1.61530281176914,-0.515056182006074,-0.119016951600379,-2.28900794307235,-2.85301142208788,-0.499208154573086
24.1666666666667,-1.62800336869137,-1.70346831075372,-1.61163505869209,-0.512086672254414,-0.11546033833644,-2.28342613024023,-2.8480349220718,-0.493428685993477
24.3333333333333,-1.62798603254394,-1.70322285261633,-1.60846621831688,-0.509625683123,-0.112041696119751,-2.27801240107318,-2.8436402502095,-0.488280379146335
24.5,-1.62821710443726,-1.70339546673633,-1.60581470329055,-0.507686521380084,-0.10876966668192,-2.27278022796491,-2.8398508812732,-0.48379532653503
24.6666666666667,-1.62870171082125,-1.7039926750109,-1.60368973849883,-0.506273716389527,-0.105649951573324,-2.26773836990129,-2.83667962595128,-0.479993952662853
24.8333333333333,-1.62944083465639,-1.70501422099137,-1.60209134554065,-0.505383003904962,-0.102685299378477,-2.26289086926392,-2.83412862650155,-0.476884997637814
25,-1.63043130477409,-1.70645305377792,-1.60101032747046,-0.505001310077625,-0.0998754936212144,-2.25823704949344,-2.83218935267202,-0.474465500921652
25.1666666666667,-1.63166578584171,-1.70829531291466,-1.60042825463408,-0.505106736536619,-0.0972173418566462,-2.25377151357501,-2.83084259812738,-0.472720786162966
25.3333333333333,-1.63313276951904,-1.7105203151639,-1.60031745243031,-0.50566854740731,-0.0947046664629486,-2.24948414333029,-2.83005847763186,-0.471624448060265
25.5,-1.63481656739655,-1.71310054404392,-1.60064099183589,-0.506647159139061,-0.0923282976593908,-2.24536009951765,-2.82979642524826,-0.471138342204193
25.6666666666667,-1.63669730630941,-1.71600164302003,-1.60135268353694,-0.507994134019139,-0.0900760692902371,-2.2413798227596,-2.83000519382195,-0.471212578851992
25.8333333333333,-1.63875092662359,-1.71918241324179,-1.60239707651312,-0.50965217825283,-0.087932817922497,-2.23751903532674,-2.83062285602316,-0.471785521588231
26,-1.64094918409093,-1.72259481672066,-1.60370946192216,-0.511555145491638,-0.0858803858106097,-2.23374874381306,-2.83157680722194,-0.472783791825103
26.1666666666667,-1.64325965586993,-1.72618398584127,-1.60521588313191,-0.513628046690613,-0.0838976282806917,-2.23003524273539,-2.83278377046638,-0.474122280092326
26.3333333333333,-1.64564575130554,-1.72988824009504,-1.60683315274265,-0.515787067172016,-0.0819604260800891,-2.22634011907817,-2.83414980382477,-0.475704165060096
26.5,-1.64808921957851,-1.7336597551162,-1.60848775683109,-0.517954313046671,-0.0800363315470836,-2.22261445990623,-2.83556639569656,-0.4774374221714
26.6666666666667,-1.65059181347485,-1.73746911997426,-1.61012348764045,-0.520067081339362,-0.0780875883375872,-2.21880396395361,-2.83692417379039,-0.479246341384703
26.8333333333333,-1.65315362652954,-1.74128697376485,-1.61168638735006,-0.522067780561911,-0.0760780278858633,-2.21485730197119,-2.8381236879188,-0.481060825076967
27,-1.65577309434094,-1.74508401391011,-1.61312475991349,-0.523903942454383,-0.0739730873665684,-2.21072612460168,-2.83907542684864,-0.482816414567643
27.1666666666667,-1.65844699481824,-1.74883099923782,-1.61438917468879,-0.525528225286104,-0.0717398172566286,-2.20636506654875,-2.83969982905374,-0.48445430391391
27.3333333333333,-1.66115622227851,-1.75247698421293,-1.61542218108911,-0.526883839210372,-0.0693300083789071,-2.20171986354823,-2.83991605236343,-0.485916321284344
27.5,-1.66386910932689,-1.75595458558887,-1.61616240622086,-0.527907896926688,-0.0666849747497167,-2.19673188149611,-2.83964490310039,-0.487147473517166
27.6666666666667,-1.66655730137738,-1.75920435867125,-1.61655685957811,-0.528547633318312,-0.0637547909651309,-2.19135224771239,-2.83882151667188,-0.488102210731396
27.8333333333333,-1.66919574294455,-1.76217476953589,-1.61656089715712,-0.528760368929176,-0.0604982568165429,-2.18554183088799,-2.83739533442813,-0.488744386841637
28,-1.67176266650018,-1.76482216982799,-1.61613818740238,-0.52851347533741,-0.056882863214974,-2.17927122460758,-2.83533008334231,-0.489047221110079
28.1666666666667,-1.67423958370425,-1.76711077429687,-1.61526067948589,-0.527784342968746,-0.0528847601163709,-2.1725207342113,-2.83260375856947,-0.488993261670236
28.3333333333333,-1.67661127882199,-1.76901264122159,-1.61390857442048,-0.526560351892835,-0.0484887271381778,-2.16528036674869,-2.82920860893265,-0.488574351955127
28.5,-1.67886580413859,-1.77050765588051,-1.61207029950377,-0.524838846141144,-0.0436881475517614,-2.15754982376413,-2.82515112536986,-0.487791600956467
28.6666666666667,-1.68099447718216,-1.77158351721339,-1.60974248658221,-0.522627112078871,-0.0384849863270691,-2.14933849663587,-2.82045203235867,-0.486655358233154
28.8333333333333,-1.68299187956121,-1.77223572781667,-1.60692995461578,-0.519942361354377,-0.0328897728957592,-2.14066546417249,-2.81514628231681,-0.485185194577003
29,-1.68485585722053,-1.77246758740729,-1.6036456970163,-0.516811718942378,-0.0269215892905006,-2.13155949215501,-2.80928305296151,-0.483409889235026
29.1666666666667,-1.68658752191441,-1.77229018988216,-1.59991087422378,-0.513272216789291,-0.0206080643097664,-2.12205903449968,-2.80292574759709,-0.481367424579184
29.3333333333333,-1.68819125369359,-1.77172242409718,-1.59575481198125,-0.509370793564719,-0.0139853743535319,-2.11221223571057,-2.79615199829446,-0.479104989110635
29.5,-1.6896747042,-1.77079097848719,-1.59121500576651,-0.505164301021812,-0.0070982515750545,-2.10207693429239,-2.78905367192763,-0.476678989685793
29.6666666666667,-1.69104880056268,-1.76953034965071,-1.5863371318431,-0.50071951747262,0,-2.09172066680635,-2.78173687904506,-0.47415507385798
29.8333333333333,-1.69234034412815,-1.76801666838531,-1.58118534138815,-0.496060059776835,0.0073259572771226,-2.08116643788095,-2.77430138084298,-0.47161965149945
30,-1.693592046982,-1.76636291689851,-1.57583659721232,-0.491164881085799,0.0149611139235486,-2.07039097609048,-2.76682752332997,-0.469170640571506
30.1666666666667,-1.69484994088651,-1.76468272708603,-1.57036757692422,-0.486020602512972,0.0229709497770973,-2.059378078836,-2.75939029093149,-0.466901332385308
30.3333333333333,-1.69616336524295,-1.76309039166745,-1.56485469267373,-0.480621495839125,0.0314049477301845,-2.04811860440399,-2.75205929701392,-0.464900381593917
30.5,-1.6975849623839,-1.76170087738085,-1.55937410788912,-0.474969476298969,0.040296597742814,-2.03661047826392,-2.74489878479594,-0.463251798504853
30.6666666666667,-1.6991602824031,-1.76061322732609,-1.55398965463997,-0.469059565514675,0.0496839475112013,-2.02484092579406,-2.73796086361495,-0.462025568073031
30.8333333333333,-1.70092377431944,-1.75990446900261,-1.54874886227973,-0.462876271198024,0.059614456577231,-2.01278244378939,-2.73128206993938,-0.461275032210653
31,-1.70290719623185,-1.75964320222406,-1.54369308196761,-0.456406337610822,0.0701268375693758,-2.00040860021148,-2.72488844367597,-0.461044969010993
31.1666666666667,-1.70513964661742,-1.75988963683186,-1.53885751007711,-0.449638784056469,0.0812510069359236,-1.98769408471667,-2.71879556704339,-0.461371613462457
31.3333333333333,-1.70764760288207,-1.76069563508884,-1.53427121268322,-0.442564950957148,0.093008028237059,-1.97461476080013,-2.71300860552828,-0.462282684198083
31.5,-1.71045496671704,-1.76210475860899,-1.52995715127716,-0.435178552324691,0.105410049836152,-1.96114771635621,-2.70752234848007,-0.46379741608446
31.6666666666667,-1.71358311583459,-1.76415231969198,-1.525932209856,-0.427475733421721,0.118460238814774,-1.94727130949701,-2.7023212469152,-0.46592659845365
31.8333333333333,-1.71705096168276,-1.76686543694742,-1.52220722353327,-0.419455132399127,0.132152712912885,-1.93296520651187,-2.69737944610652,-0.468672618781971
32,-1.72087501276974,-1.77026309511272,-1.51878700881443,-0.411117944686727,0.146472472266216,-1.91821040888163,-2.69266081052583,-0.472029511620288
32.1666666666667,-1.72506944326421,-1.77435620899053,-1.51567039567994,-0.402467988907908,0.161395332678491,-1.90298926627798,-2.68811893868243,-0.475983012582294
32.3333333333333,-1.72964616657805,-1.77914769145829,-1.51285026161825,-0.393511773087673,0.176887862126742,-1.88728547247397,-2.68369716535477,-0.480510617200987
32.5,-1.73461491368185,-1.78463252553097,-1.51031356775158,-0.384258559927326,0.192907322155942,-1.8710840410584,-2.67932854864079,-0.485581644468667
32.6666666666667,-1.73998331595181,-1.79079784049259,-1.50804139720051,-0.374720429930276,0.209401615774113,-1.85437125777984,-2.67493583915165,-0.491157304883195
32.8333333333333,-1.74575699239948,-1.79762299215121,-1.50600899583903,-0.36491234118382,0.226309243411784,-1.83713460623689,-2.67043142853869,-0.497190772834232
33,-1.7519396411931,-1.80507964731743,-1.50418581560202,-0.354852184632488,0.243559268461283,-1.81936266347382,-2.66571727436961,-0.503627263177806
33.1666666666667,-1.75852497846299,-1.81310689128287,-1.50250918337089,-0.344422494527927,0.261249783100508,-1.80090212525159,-2.66057749740623,-0.510400629445638
33.3333333333333,-1.76549331672625,-1.82161419518798,-1.50088685525972,-0.333376426802034,0.279648294041715,-1.781464714722,-2.65469821500319,-0.517437884575702
33.5,-1.772817792109,-1.83050758686859,-1.49922439829403,-0.321478766622925,0.299014073616673,-1.76077244999464,-2.64778407970056,-0.524664710076982
33.6666666666667,-1.78046413509146,-1.83968933998327,-1.49742490314211,-0.308505572737235,0.319598782900329,-1.73855675359734,-2.63955767822756,-0.532005231122127
33.8333333333333,-1.78839047768438,-1.84905772400972,-1.49538876840178,-0.294243890798212,0.341646831586725,-1.71455815960013,-2.62975932710901,-0.53938186042569
34,-1.7965505575379,-1.85851454711939,-1.4930210526926,-0.278495115823753,0.365408613544619,-1.68852396751508,-2.6181652775807,-0.546724313502144
34.1666666666667,-1.8048962879276,-1.86796817614007,-1.4902327084999,-0.261076140786012,0.39113596837536,-1.66021134484596,-2.60458794099139,-0.553969921831776
34.3333333333333,-1.81337565565191,-1.87732729739719,-1.48693371664641,-0.24181633396355,0.419066651840541,-1.62939218841594,-2.58885850291593,-0.561054718473838
34.5,-1.82193266890384,-1.88650088563827,-1.48303311826409,-0.220557507443967,0.449424053365636,-1.59585451564178,-2.57082798714726,-0.567913507254176
34.6666666666667,-1.83050733918506,-1.89539822181585,-1.47843909928673,-0.197153944088594,0.482416852186263,-1.55940410076159,-2.55036855442902,-0.57447997628325
34.8333333333333,-1.83903569673727,-1.90392895734928,-1.47305912376432,-0.171472481011756,0.518238645905186,-1.51986628318333,-2.52737499476998,-0.580686850942466
35,-1.84744983885608,-1.91200322236266,-1.46680011218764,-0.143392647650078,0.55706758164596,-1.47708787070965,-2.50176636423987,-0.586466081382284
35.1666666666667,-1.85567801029794,-1.91953177521679,-1.45956866085189,-0.112806856510222,0.599066016743776,-1.43093905407485,-2.47348770762602,-0.591749059428937
35.3333333333333,-1.86364471479899,-1.92642619042801,-1.45127129809156,-0.0796206446898012,0.644380233306617,-1.381315241202,-2.44251179773489,-0.596466859605819
35.5,-1.87127085650567,-1.93259908180881,-1.44181477299892,-0.0437529642743794,0.693140229232696,-1.32813871032151,-2.40884081114915,-0.60055049875143
35.6666666666667,-1.87847390987853,-1.93796435738386,-1.43110637200499,-0.00513651972907123,0.745459607554538,-1.2713599713178,-2.37250784980444,-0.603931208466096
35.8333333333333,-1.88516811638574,-1.94243750234617,-1.41905425846969,0.0362818495637021,0.801435586437899,-1.21095871535687,-2.33357820894953,-0.606540714356091
36,-1.89126470605854,-1.94593588603157,-1.40556783020718,0.0805407434103449,0.861149153940662,-1.14694422512824,-2.29215028618383,-0.608311515773873
36.1666666666667,-1.89667214175033,-1.94837908862033,-1.39055808967628,0.127663733252152,0.924665394906923,-1.07935511311396,-2.24835602471354,-0.609177159487921
36.3333333333333,-1.9012963837331,-1.94968924303451,-1.37393802140602,0.177658854508401,0.992034022375349,-1.00825825428802,-2.20236078809373,-0.609072500463338
36.5,-1.90522786840082,-1.94996033138105,-1.35570492852447,0.23051205118648,1.06350843624631,-0.933402268838509,-2.15421489252617,-0.608010938992409
36.6666666666667,-1.9087214857643,-1.94943431743431,-1.33592814617922,0.286201988380818,1.13951976625555,-0.854240798907077,-2.10382999005535,-0.6060635477483
36.8333333333333,-1.9119996305174,-1.94831999810721,-1.314660735604,0.344713688679019,1.22044782455398,-0.770287304513578,-2.05111557443055,-0.603271321621215
37,-1.91525212554717,-1.94679291051293,-1.29193939339323,0.406038602480093,1.30662312838421,-0.681113253251483,-1.99597908311936,-0.599644858151007
37.1666666666667,-1.91863630717881,-1.94499540148346,-1.26778442152095,0.470174643051367,1.39832755544818,-0.58634726588483,-1.93832562606522,-0.595164069914811
37.3333333333333,-1.92225188647821,-1.94300614080186,-1.2421672683213,0.53716408562814,1.49582400585706,-0.485650666651282,-1.87802238132677,-0.589729994055097
37.5,-1.92614201378798,-1.94084258586318,-1.21501522417974,0.607088781073483,1.59935736164144,-0.378718445642479,-1.81490565205123,-0.583172005041097
37.6666666666667,-1.9303194051189,-1.9384931277498,-1.18624629016769,0.680029872123507,1.70912321132574,-0.265305175114328,-1.74881884027664,-0.575299245338803
37.8333333333333,-1.93476679439125,-1.93591752096565,-1.15576926245957,0.756067790174309,1.82526485935496,-0.145226922232752,-1.67961135401677,-0.565900420599413
38,-1.93943741362461,-1.9330473399542,-1.12348382103813,0.835282259685208,1.9478698522018,-0.018363598788889,-1.60713746639643,-0.554743613979258
38.1666666666667,-1.9442554731968,-1.92978643349069,-1.08928060931304,0.917752321164797,2.07696620631788,0.115338381361053,-1.53125517258272,-0.541576114429922
38.3333333333333,-1.94911661448088,-1.92601134823719,-1.05304129123976,1.00355638386288,2.21251853401762,0.255863286900024,-1.45182508050653,-0.526124253714354
38.5,-1.95388830734745,-1.92157169293011,-1.01463857246195,1.09277231948292,2.35442427377331,0.403123264870725,-1.36870936217331,-0.508093246832036
38.6666666666667,-1.95841016515203,-1.91629041479374,-0.973936171894484,1.18547760846723,2.50251023972631,0.556955733037314,-1.28177078431428,-0.487167030473323
38.8333333333333,-1.96249414986623,-1.90996395979048,-0.930788729993314,1.28174955070816,2.65652971058314,0.717121165726021,-1.19087183060072,-0.463008094059306
39,-1.96592463990354,-1.9023622881726,-0.885041639696185,1.38166555292445,2.8161602803511,0.883301476810071,-1.09587392284624,-0.435257297845989
39.1666666666667,-1.96845833287407,-1.89322871642716,-0.836530785633959,1.48530350543971,2.9810026932882,1.05509920592103,-0.996636745663975,-0.403533672455389
39.3333333333333,-1.96982395491179,-1.88227955603655,-0.785082176673069,1.59274226173822,3.15058088437815,1.23203771335559,-0.893017678001379,-0.367434194012939
39.5,-1.96972174728361,-1.86920351843969,-0.730511456117235,1.70406223498702,3.32434344626304,1.41356258704221,-0.784871335940212,-0.32653352877981
39.6666666666667,-1.96782269964396,-1.8536608541025,-0.672623272937284,1.81934612673216,3.50166674517746,1.59904446241727,-0.672049234315394,-0.280383740725908
39.8333333333333,-1.96411739570329,-1.83564150291381,-0.611443843780322,1.93847818604188,3.68209121788042,1.7882655035989,-0.554165283568472,-0.228658978001798
40,-1.95892107842308,-1.81547113536304,-0.547222425510427,2.06115143587756,3.8653824988347,1.98145706234623,-0.430634131984919,-0.171183377079008
40.1666666666667,-1.95252660259344,-1.79345514609311,-0.480198877991847,2.18707243446665,4.05132922034776,2.17883723207286,-0.300922557607639,-0.107799740346643
40.3333333333333,-1.94520436864203,-1.76987849666783,-0.410603536051621,2.31596112526458,4.23974314329065,2.38061292090429,-0.16454736241506,-0.0383690725260175
40.5,-1.93720216482587,-1.74500545864727,-0.338657004917299,2.44755086363151,4.43045929829193,2.58698102617603,-0.0210740745686637,0.0372298911677404
40.6666666666667,-1.92872243365117,-1.71905862030194,-0.26455100468873,2.58160332719487,4.6233307758551,2.79812300056073,0.129879697382272,0.119117648589275
40.8333333333333,-1.91992031155676,-1.6922139296878,-0.188440428425824,2.71791809076017,4.81823191845056,3.01420958880209,0.2886578445487,0.20742590904244
41,-1.91092493304477,-1.66461859179241,-0.110458036933603,2.85632298029011,5.01506543270419,3.23540815196405,0.455575787663009,0.302287362508898
41.1666666666667,-1.90183901688977,-1.63639053599873,-0.030714038782051,2.99667463532652,5.21376268134415,3.46188104807034,0.630919172288293,0.403836194020616
41.3333333333333,-1.8927384079312,-1.6076178392026,0.0507043629138912,3.13885916942948,5.41428403657831,3.69378348988166,0.814942048035862,0.512208608018852
41.5,-1.8836715823187,-1.57835811198599,0.133733453045102,3.2827929190369,5.61661930738036,3.93126095763353,1.0078645989468,0.627543370334045
41.6666666666667,-1.87465912364915,-1.54863785470986,0.21833351291972,3.42842327104417,5.8207882504238,4.17444625390003,1.20987050326585,0.749982374936964
41.8333333333333,-1.86569317689008,-1.51845178973292,0.304489351567232,3.57572955899418,6.02684117138939,4.4234563002766,1.42110401463993,0.879671241763049
42,-1.85673688633608,-1.48776217520031,0.39221085752561,3.72472401707229,6.23485962030823,4.67838879060442,1.64166687248022,1.01675995075254
42.1666666666667,-1.8477238231092,-1.4564981049903,0.481533569311404,3.87545278014703,6.44495718166673,4.93931883204575,1.87161516580684,1.16140351583841
42.3333333333333,-1.83855740690412,-1.42455479847252,0.572519263428244,4.02799691693007,6.65728035734422,5.20629572231018,2.11095629116232,1.31376270101745
42.5,-1.82911032581544,-1.39179288273674,0.665256559463202,4.1824734820158,6.87200953821394,5.47934002746022,2.35964615987323,1.47400477892523
42.6666666666667,-1.81922395718753,-1.35803766891552,0.759861542545492,4.3390365711927,7.08936005856313,5.75844113874912,2.61758682183926,1.64230433057025
42.8333333333333,-1.8087077915216,-1.3230784231687,0.856478404191741,4.49787836312192,7.30958332654784,6.04355549780102,2.88462468110066,1.8188440831361
43,-1.79733886058546,-1.28666763184775,0.955280103327159,4.65923012940383,7.53296802390691,6.3346056863738,3.16054948193162,2.00381578109023
43.1666666666667,-1.78498435562518,-1.24862446135149,1.05641501846008,4.82331710450423,7.7598146296442,6.63158345777314,3.4452296999263,2.19757569436646
43.3333333333333,-1.7716246692636,-1.2088624042536,1.1599850338263,4.99032779405543,7.99039901697345,6.93457136711901,3.73866282714597,2.40062401164799
43.5,-1.75724197598422,-1.16729929229716,1.26608819214015,5.160444155071,8.22498045569573,7.2436506348857,4.04086448090052,2.6134383645608
43.6666666666667,-1.74182039514358,-1.12385761326303,1.37481832074556,5.33384111600375,8.46380126048594,7.55890124809832,4.35186780732104,2.83647217564516
43.8333333333333,-1.72534618193672,-1.07846487704566,1.48626460843883,5.51068605780544,8.70708636050146,7.88040195748285,4.67172286175211,3.07015316492009
44,-1.70779534868396,-1.03102021136672,1.60052141618445,5.69108515351436,8.95496432395852,8.20817594731201,5.00047536110595,3.31489350472079
44.1666666666667,-1.68913386993209,-0.981399607093617,1.71768208823456,5.87508125992606,9.2074717338826,8.54218890858293,5.33815293743924,3.57107934963505
44.3333333333333,-1.6693305329991,-0.929492616670204,1.83782529479823,6.06270561608511,9.46463347473598,8.88240212886631,5.68477848548932,3.83905363914716
44.5,-1.64835722337486,-0.875202866925733,1.96101446403553,6.25397717257586,9.72646202635879,9.22877216685239,6.04036942247539,4.1191151797818
44.6666666666667,-1.62618921243871,-0.818448589739687,2.0872971918103,6.4489019178637,9.99295673608586,9.58125048828737,6.40493693482344,4.41151788432046
44.8333333333333,-1.60280544370884,-0.75916316343775,2.21670463727054,6.64747220759383,10.2641030775473,9.93978306911138,6.77848521034775,4.71647016509506
45,-1.57818881358693,-0.697295657408903,2.34925091271457,6.84966610309894,10.539871904929,10.3043099715538,7.16101065484045,5.03413447573893
45.1666666666667,-1.55232644231155,-0.632811372064656,2.48493247656493,7.05544672568224,10.8202187117721,10.6747648989834,7.55250109248191,5.3646269929785
45.3333333333333,-1.52520993059817,-0.565692365927613,2.62372753858943,7.26476163351231,11.1050829036942,11.0510747354193,7.95293494998176,5.70801742730863
45.5,-1.49683559723505,-0.495937961356689,2.76559548676352,7.47754222816995,11.3943870947033,11.4331590757546,8.36228042488612,6.06432894890492
45.6666666666667,-1.46720469273403,-0.423565220205823,2.91047634534318,7.6937031980135,11.6880364370097,11.8209297528973,8.78049463903676,6.43353821304695
45.8333333333333,-1.43632358401573,-0.348609380591458,3.05829027379523,7.91314200555776,11.9859179944103,12.2142903681669,9.20752277872961,6.8155754677542
46,-1.40420390504849,-0.271124245920572,3.20893711620307,8.13573842598594,12.2879001693902,12.6131358313638,9.64329722369071,7.21032472532347
46.1666666666667,-1.37086266836681,-0.191182517419824,3.36229601061761,8.36135414372137,12.593832194052,13.0173519169434,10.0877366675541,7.6176239789875
46.3333333333333,-1.33632233247609,-0.108876061613445,3.51822506754945,8.58983241367187,12.9035436948156,13.4268148426321,10.5407452330803,8.03726544592576
46.5,-1.30068132039694,-0.0243942357641185,3.67656171438796,8.82101696900793,13.216827544366,13.8414242227867,11.0022305790217,8.46894055523405
46.6666666666667,-1.26410051047089,0.0619988084545904,3.83713600918684,9.05476750535248,13.5334688455749,14.2611041830333,11.472101607897,8.91229145739759
46.8333333333333,-1.22672527878408,0.150054586080095,3.99977776472822,9.29094952041232,13.8532770325741,14.6857709876518,11.9502479289302,9.36698970073569
47,-1.18868449674678,0.239541586115439,4.16431790405765,9.52943593770965,14.1760869675299,15.1153337895923,12.4365393332172,9.83273361936622
47.1666666666667,-1.15008946752194,0.330246621424625,4.33058982407484,9.77010872017581,14.5017601516219,15.5496957274719,12.9308255774307,10.3092461586478
47.3333333333333,-1.11104097530139,0.421951221586174,4.49840438100612,10.0127221229094,14.8300075329795,15.988612469995,13.432829098658,10.796269552548
47.5,-1.07163167070414,0.514435889091755,4.66755374984966,10.2569101892774,15.1603904688194,16.431700903291,13.9421651569271,11.2935681636882
47.6666666666667,-1.03193879714459,0.607507548171156,4.83784009379614,10.5023292451006,15.4924997763188,16.8785863805827,14.4584588150345,11.800932473615
47.8333333333333,-0.992023375738054,0.701000489094564,5.00907654321257,10.7486589942003,15.825956548149,17.3289039641188,14.9813448605112,12.3181774335182
48,-0.951929366290969,0.79477734104691,5.18108822262905,10.9956036454232,16.1604132528634,17.7823003656752,15.510468165871,12.8451409217433
48.1666666666667,-0.911682813842211,0.88873006362246,5.35371332143157,11.2428930689342,16.4955550667464,18.2384364678266,16.0454844238852,13.3816822568601
48.3333333333333,-0.871290988083318,0.982780949775834,5.52680420621762,11.4902839818203,16.8311013830127,18.6969903136586,16.5860612104299,13.927680726377
48.5,-0.830741520949514,1.07688363569124,5.70022857480064,11.7375611651151,17.1668074454451,19.1576604575133,17.1318793408385,14.483034102865
48.6666666666667,-0.790001545766479,1.17102411547079,5.8738706536141,11.9845387162075,17.5024660561024,19.6201695731787,17.6826344963976,15.0476571314044
48.8333333333333,-0.749016839588963,1.26522176076755,6.04763244172642,12.2310613421746,17.837909310047,20.0842682180776,18.2380391052144,15.6214799848672
49,-0.707710968796823,1.35953034748802,6.22143500580913,12.4770057008519,18.1730103136408,20.5497386520286,18.7978244656761,16.2044466964817
49.1666666666667,-0.665984436642727,1.45403909344964,6.39521983118317,12.7222817974055,18.5076848464628,21.016398606782,19.3617431005992,16.7965135921127
49.3333333333333,-0.623713830289758,1.5488737123995,6.56895023449431,12.9668344447739,18.8418929300401,21.4841048977927,19.9295713255094,17.397647757296
49.5,-0.580750963950541,1.64419749108109,6.74261284364469,13.210644796616,19.17564026923,21.9527567628549,20.5011120050684,18.0078255857275
49.6666666666667,-0.536922014051861,1.74021239708655,6.91621915035198,13.4537319613448,19.5089795341815,22.4222988038989,21.0761974575358,18.6270314659275
49.8333333333333,-0.492260262173567,1.83689157929699,7.08969466154929,13.6956902768473,19.8417959470965,22.892885968103,21.654669411891,19.2550317561121
50,-0.447019497083344,1.93396215897282,7.26286399384806,13.935725901049,20.1738025005353,23.3648436929327,22.2363917170573,19.8913928202654
50.1666666666667,-0.401446993424693,2.03116533580985,7.435555799911,14.1731440404247,20.5047606705391,23.8384886174914,22.8212798736546,20.5357156731321
50.3333333333333,-0.355783081069682,2.12825685870999,7.6076031824871,14.4073533742589,20.8344871591496,24.3141315759058,23.4093018129319,21.1876365332891
50.5,-0.310260715245422,2.22500748895011,7.77884409094909,14.6378679799106,21.162856324588,24.7920781717432,24.0004780772998,21.8468272931031
50.6666666666667,-0.264918350699765,2.32137239899523,7.94920365584454,14.8643130901587,21.4895804520426,25.272282447374,24.5947336334927,22.5130729126311
50.8333333333333,-0.219619832280896,2.41746739221859,8.11868188295972,15.0864076465788,21.8142319288199,25.7543690395817,25.1918745165044,23.1862506647913
51,-0.174251224242659,2.51338783011457,8.28726531441543,15.3039466025394,22.1364659486207,26.2379856931165,25.791724580727,23.8662424749146
51.1666666666667,-0.12872077653654,2.60920860710904,8.45492689516464,15.5167957808965,22.4560101487187,26.722798162025,26.3941258362909,24.5529346697538
51.3333333333333,-0.0829587359748858,2.70498428320655,8.62162589428452,15.7248861546868,22.7726541826538,27.2084852330235,26.9989384055829,25.2462177420391
51.5,-0.036917027368323,2.80074934907072,8.78730787246882,15.9282079072697,23.0862395866861,27.6947339435017,27.6060401696181,25.9459861291417
51.6666666666667,0.00943117027067397,2.89651859806557,8.95190468721496,16.1268045842372,23.3966503003368,28.1812351175601,28.2153261784104,26.6521380026217
51.8333333333333,0.0560919274011515,2.99228757975819,9.11533452729354,16.320767599637,23.7038041877264,28.6676793786165,28.8267078983045,27.3645750638728
52,0.103051122515746,3.08803310940161,9.27750196820061,16.5102313090922,24.00764588217,29.153753817603,29.4401123638391,28.083202339695
52.1666666666667,0.150275030710489,3.18371380798215,9.43829804043433,16.695368816864,24.3081412460296,29.6391395029285,30.0554812935894,28.8079279704091
52.3333333333333,0.197710917525912,3.27927064752197,9.59760030261505,16.8763886463644,24.6052737052808,30.1235100140921,30.6727702199286,29.5386629820564
52.5,0.245287613489702,3.3746274764555,9.75527291168231,17.0535323766033,24.8990426878341,30.6065311679205,31.2919476728708,30.2753210332849
52.6666666666667,0.292916044955567,3.46969150001936,9.91116668264644,17.2270733322487,25.1894643709376,31.0878620885948,31.9129944489531,31.0178181266999
52.8333333333333,0.340489696959169,3.56435369066888,10.0651191306371,17.3973164135716,25.4765749308505,31.5671577542156,32.5359029880807,31.7660722737477
53,0.387884983852532,3.65848910350858,10.2169544882548,17.564599165656,25.760436492065,32.0440731375322,33.1606768747554,32.5200031015967
53.1666666666667,0.434931877547089,3.75190241966279,10.3664071521813,17.7290979368601,26.0412211322482,32.5185851879283,33.7874899307535,33.2794668611582
53.3333333333333,0.481401028070413,3.84431878948889,10.5131326934459,17.8907906806835,26.3192335412375,32.9910354945752,34.4166410155658,34.0442283840039
53.5,0.527026738201667,3.93543358699845,10.6567898167224,18.0496335771102,26.59484581804,33.4618353970174,35.0483718041006,34.8140090833516
53.6666666666667,0.571506551930555,4.02491179595692,10.7970400680308,18.2055606018786,26.8684975019358,33.9314665280222,35.6828662962993,35.5884835934694
53.8333333333333,0.614500585681597,4.11238709104464,10.93354731869,18.3584829172553,27.1406933505421,34.4004791791813,36.3202501465121,36.3672765305151
54,0.655980471363006,4.19781989678501,11.0662103539725,18.5084896781105,27.4117673801566,34.8690063104563,36.9603555658307,37.150104333112
54.1666666666667,0.696234521143432,4.28150330916487,11.195164285655,18.6558408096347,27.6818215742089,35.3367257628986,37.6027588431395,37.936800379591
54.3333333333333,0.735520784062479,4.36370694707696,11.3205479690953,18.800762183661,27.9509274776686,35.8033220371125,38.2470307241628,38.7271809085598
54.5,0.774067089987668,4.44467663607961,11.4425036468049,18.9434456368627,28.2191250838259,36.2684830956187,38.8927331358864,39.5210418096302
54.6666666666667,0.812071009108244,4.52463398136822,11.5611764384908,19.0840487420966,28.4864213992699,36.7318976895788,39.5394165970688,40.3181554079361
54.8333333333333,0.849699734710029,4.60377584342765,11.67671369124,19.2226943494612,28.7527887427877,37.1932532039829,40.1866182793386,41.1182672390512
55,0.887089896632577,4.68227373022687,11.7892642068488,19.3594699150378,29.0181628290293,37.6522340235454,40.833860693848,41.9210928170007
55.1666666666667,0.924347312284831,4.76027311998079,11.8989773666301,19.494426637222,29.2824406839335,38.1085204246859,41.4806509839663,42.7263144047068
55.3333333333333,0.961546681432599,4.83789272845102,12.0060021772291,19.6275784228685,29.5454784359495,38.5617879974573,42.1264808053795,43.5335778035655
55.5,0.998731230209061,4.91522373449532,12.1104862638906,19.7589007080154,29.8070890248864,39.0117075954068,42.7708267714999,44.3424891869909
55.6666666666667,1.03591230898531,4.99232897712244,12.212574840135,19.8883291605973,30.0670398686847,39.4579458014636,43.4131514346039,45.1526120116125
55.8333333333333,1.07306894791681,5.06924213668254,12.3124096847817,20.0157582952058,30.3250505274763,39.900165884499,44.0529047620483,45.963464049179
56,1.11014737320392,5.14596691204815,12.4101281586134,20.1410400325191,30.5807904040116,40.3380292049275,44.6895260528782,46.7745145917184
56.1666666666667,1.14706048642146,5.22247620474454,12.5058622936263,20.263982238447,30.8338765199439,40.7711970095439,45.3224462239639,47.5851818916039
56.3333333333333,1.18368730873175,5.29871131999769,12.5997379876778,20.3843472802534,31.0838714086915,41.1993325369711,45.9510903775341,48.3948309061249
56.5,1.22001645678157,5.37462671072325,12.6917542998713,20.5020028888871,31.3305204743785,41.6223068373408,46.575273631284,49.203149226909
56.6666666666667,1.25613244346277,5.45017747674551,12.7817731553193,20.616924399221,31.5737546623953,42.0402035871563,47.1952200942008,50.0101543823827
56.8333333333333,1.29206450174312,5.5252672994581,12.8696340358715,20.7290432419134,31.8134527008965,42.4531198049581,47.811180446425,50.8158194647676
57,1.32778605456259,5.59974782552392,12.9551535125801,20.8382459997588,32.0494407503424,42.861168543861,48.4234339887267,51.6200723121072
57.1666666666667,1.36321420851961,5.67341808434865,13.0381247570933,20.9443734839501,32.281492025347,43.2644807623474,49.0322899659019,52.4227947106107
57.3333333333333,1.3983324533591,5.74612813297323,13.118371056427,21.0472659352333,32.5093531271564,43.6631032863439,49.6379525211882,53.2236670126599
57.5,1.43321379740158,5.81780691354386,13.1957678844124,21.1467937685876,32.7327813288788,44.0569781938447,50.2404707840928,54.0221889211112
57.6666666666667,1.46790945077074,5.88837249797131,13.2702003939699,21.2428274256993,32.9515374710143,44.446035974425,50.8398501534232,54.817846192253
57.8333333333333,1.50244909769117,5.95773265123505,13.3415639208592,21.335237865726,33.1653872147446,44.830196444251,51.4360532956413,55.6101125622076
58,1.53684120094348,6.02578545353754,13.4097645196869,21.4238970721684,33.3741023636903,45.2093697414654,52.0290011677147,56.3984515591097
58.1666666666667,1.57107333324615,6.09241997037952,13.4747195235523,21.5086785686705,33.5774622272295,45.5834573721647,52.6185740557299,57.1823181962964
58.3333333333333,1.60511253044632,6.1575169597919,13.5363581189709,21.5894579367648,33.7752549969115,45.9523532760849,53.2046126201441,57.9611605398343
58.5,1.63890566143462,6.22094960603671,13.5946219278205,21.6661133286199,33.9672791059003,46.3159448799263,53.7869189381374,58.7344211429771
58.6666666666667,1.67237980966472,6.28258426909245,13.6494655880373,21.738525967728,34.1533445398595,46.6741141050964,54.3652575330718,59.501538340515
58.8333333333333,1.70544266106793,6.3422812391814,13.7008573246433,21.8065806302271,34.3332740663937,47.0267382956418,54.9393563805582,60.2619473972686
59,1.73798289302277,6.39989548549503,13.7487795024401,21.8701660991772,34.5069043492169,47.3736910314131,55.508907880056,61.0150815070084
59.1666666666667,1.76987055888123,6.45527738814152,13.7932291513649,21.9291755836529,34.6740869127799,47.7148427911847,56.0735697802809,61.7603726406241
59.3333333333333,1.80095746238262,6.50827344219161,13.8342184550965,21.9835070939737,34.8346889232847,48.0500614306556,56.6329660459471,62.4972522451795
59.5,1.83107751611738,6.55872692255219,13.8717751930361,22.0330637638044,34.9885937529712,48.3792124410954,57.1866876525114,63.2251517983516
59.6666666666667,1.86004707805055,6.60647849826236,13.9059431252923,22.0777541092426,35.1357012963776,48.7021589559581,57.7342932946003,63.9435032254677
59.8333333333333,1.88779049529211,6.65148409658781,13.9367428946572,22.1175208402433,35.2760429422715,49.0188835599735,58.2753123242753,64.6518653884137
60,1.91435196706166,6.69382171455529,13.964173924124,22.1523563845216,35.4097821670426,49.3294883449376,58.8092913562574,65.34996424742
60.1666666666667,1.93977636575247,6.73357775953909,13.9882550353321,22.1822824954154,35.5371004979155,49.6340732565628,59.3358162414718,66.0375871176862
60.3333333333333,1.96410946699257,6.77084749988922,14.0090248221575,22.20735087613,35.6581982651088,49.9327365176667,59.8545134117561,66.7145830295616
60.5,1.98739813469407,6.80573544835773,14.0265419475046,22.2276437339221,35.7732953326326,50.2255750787322,60.3650510397947,67.3808628750134
60.6666666666667,2.00976095658611,6.83843380185878,14.040884768132,22.2432550803406,35.8826485795411,50.5126517275091,60.8671210489731,68.0364546581693
60.8333333333333,2.0313748516258,6.86919985836938,14.0521379856388,22.2542754453618,35.9865232723911,50.7939940553563,61.3604413881573,68.6814521026375
61,2.05239722895327,6.89826566850681,14.0603854842273,22.2608022238541,36.0851613294456,51.0696269133477,61.8447764357743,69.3159359939362
61.1666666666667,2.07296510228235,6.92583684103715,14.0657089355518,22.262938222947,36.1787805840849,51.3395717329858,62.3199372906725,69.9399767324423
61.3333333333333,2.09319414382362,6.95209130643929,14.0681863955489,22.2607902015581,36.2675739152474,51.6038454720853,62.7857816653056,70.5536363884241
61.5,2.11317769522074,6.9771780575109,14.0678909037505,22.2544674104159,36.351708259557,51.8624592338364,63.2422134682302,71.1569703785936
61.6666666666667,2.1329857515959,7.00121588404436,14.0648890940921,22.244080138894,36.431323516632,52.1154166062818,63.689182156305,71.7500288704744
61.8333333333333,2.15266393321363,7.02429211640393,14.0592398244733,22.2297382727352,36.5065313562624,52.3627117675741,64.1266819297386,72.3328580095746
62,2.17223245753796,7.0464613904789,14.0509928304008,22.2115498644133,36.5774139336855,52.6043273996526,64.5547508350785,72.9055010542531
62.1666666666667,2.19168512262028,7.06774444402991,14.0401874060235,22.1896197155184,36.6440225171153,52.8402324496467,64.9734698323076,73.4679994937066
62.3333333333333,2.21098831086055,7.08812695195185,14.0268511138465,22.1640479682792,36.706376029987,53.0703797746557,65.382961872478,74.0203942151983
62.5,2.23008002027153,7.10755840549178,14.0109985224387,22.1349287011943,36.7644595090824,53.2947037018358,65.783391021948,74.5627267770849
62.6666666666667,2.2488689284873,7.12595103803728,13.9926299696059,22.102348521832,36.8182224787923,53.5131175321814,66.1749616585956,75.0950408340683
62.8333333333333,2.26723349292298,7.14317879775894,13.9717303468316,22.0663851482195,36.8675772412345,53.7255110131971,66.5579177547587,75.6173837502109
63,2.28502108874882,7.15907636518722,13.9482678993414,22.0271059689299,36.9123970817198,53.9317478029552,66.932542251622,76.1298084235319
63.1666666666667,2.30200035389518,7.17339201996318,13.9221688469092,21.9844639087694,36.9525056624238,54.1316264212167,67.2990108166966,76.6323662973471
63.3333333333333,2.31787996826354,7.18581052557017,13.893328493882,21.9383053814729,36.9876967917008,54.3249091790963,67.6573788223454,77.1250949470301
63.5,2.33236451533993,7.19601033132031,13.8616403554989,21.8884763565909,37.0177526977702,54.5113729699608,68.007720462611,77.6080217614653
63.6666666666667,2.34515367269804,7.20366259252363,13.8269948333695,21.8348210033002,37.0424429060091,54.6908081349997,68.3501281270154,78.0811656325473
63.8333333333333,2.35594133272029,7.20843007818572,13.7892777638139,21.7771802192782,37.0615231029208,54.8630173296851,68.6847113152409,78.5445383914506
64,2.36464828535834,7.21023462325808,13.7484813245382,21.7158544788542,37.0749495188618,55.0276518732222,69.0116181289149,78.998370857493
64.1666666666667,2.3714355300608,7.20927424591877,13.7047189669403,21.6515673591827,37.0828834986604,55.1842523658486,69.3310235744636,79.4430947430655
64.3333333333333,2.37647714975527,7.20576292353967,13.6581204963208,21.5849784361057,37.0854703907277,55.3324280734263,69.6431005347598,79.8791078834589
64.5,2.37995977559715,7.19992999479262,13.6088316548068,21.5166790053837,37.0828322102672,55.4718532602209,69.9480189115178,80.306773508606
64.6666666666667,2.38208206657269,7.19201957651636,13.5570137220452,21.4471903371402,37.0750644029496,55.6022650659042,70.2459447142518,80.726419563432
64.8333333333333,2.38305421674995,7.18229001153404,13.5028431447674,21.3769641541291,37.0622362497267,55.7234627963136,70.5370391229724,81.1383380806308
65,2.38309750238128,7.1710133629559,13.4465112056338,21.3063849676665,37.0443944076916,55.8353085076133,70.8214575508611,81.5427846129376
65.1666666666667,2.3824438804951,7.15847496987071,13.3882237411059,21.2357738744081,37.0215690519904,55.9377287633314,71.0993487321017,81.9399777346028
65.3333333333333,2.38133565010729,7.14497307877545,13.3282009174937,21.165393411105,36.9937820690182,56.030717434084,71.3708538589796,82.3300986239411
65.5,2.38002518676713,7.13081856465724,13.2666770738161,21.0954530799581,36.9610567497406,56.1143393920545,71.6361057913823,82.7132907406784
65.6666666666667,2.37877476086129,7.11633475537027,13.2039006397318,21.0261151896784,36.923428441405,56.1887349284606,71.8952283610691,83.089659613513
65.8333333333333,2.37785644995897,7.10185737288293,13.1401341365661,20.9575007013866,36.8809556331585,56.2541246948549,72.1483357926286,83.4592727549885
66,2.37755215552453,7.08773460514987,13.0756542694088,20.8896948182994,36.8337309733043,56.3108149411101,72.3955322630193,83.8221597226007
66.1666666666667,2.37815373457758,7.07432732283219,13.0107521184209,20.8227521083418,36.7818917406737,56.3592027973212,72.6369116221155,84.1783123471713
66.3333333333333,2.37996325737755,7.06200945589254,12.9457334378904,20.7567009948524,36.7256293179052,56.3997813263036,72.8725572978594,84.5276851520536
66.5,2.38287174665814,7.05060435949155,12.8804002890533,20.6910083289785,36.6646667659815,56.4326294119545,73.1021071563178,84.8697342067258
66.6666666666667,2.3863660699076,7.03939661977956,12.8140733298709,20.6246067305188,36.598289516539,56.4574226573289,73.3247681453709,85.203451941663
66.8333333333333,2.38995350216068,7.02770140268166,12.7461211080944,20.5564468219472,36.525890605889,56.4739531199792,73.539758316298,85.5278454043512
67,2.39316127383934,7.01486386015655,12.6759595544595,20.4854967342364,36.4469700834698,56.4821289336592,73.7463062784345,85.8419355330856
67.1666666666667,2.39553624240748,7.00025873830052,12.603051678601,20.4107405358538,36.3611313746565,56.4819720902797,73.9436507892563,86.1447567480822
67.3333333333333,2.39667430130375,6.98334482063326,12.5269839828345,20.3313717083443,36.2679990123643,56.4732979340894,74.130881017695,86.4354213786415
67.5,2.39623325300879,6.96367408843553,12.4474554260234,20.24683008504,36.1671969071654,56.4556733220835,74.3069813639964,86.7131473556309
67.6666666666667,2.39390974435527,6.94084193824455,12.3641955165938,20.1566250451306,36.0584134388757,56.4287114767028,74.4710135634963,86.9772100505215
67.8333333333333,2.38943946246008,6.91448768526568,12.2769646977949,20.0603358007711,35.941400039001,56.3920703387174,74.6221173163064,87.2269456425848
68,2.38259741856479,6.88429523626845,12.1855549580288,19.9576118677899,35.8159705136604,56.3454518238096,74.7595113541314,87.4617545068615
68.1666666666667,2.37319830305782,6.84999390509671,12.0897906443683,19.8481737066585,35.6820010436924,56.2886019073464,74.8824948986482,87.6811046631039
68.3333333333333,2.36109689539994,6.8113593438944,11.9895294565172,19.7318135190857,35.5394307902961,56.2213114553482,74.9904494671474,87.8845353106881
68.5,2.34618851340334,6.76821456339403,11.8846635972211,19.6083961840834,35.3882630288912,56.1434177156266,75.082840982234,88.0716604626168
68.6666666666667,2.32840948732379,6.72043101616301,11.7751210535944,19.4778603156852,35.2285667306518,56.0548063812384,75.1592221434011,88.2421726821718
68.8333333333333,2.30773764549696,6.66792971755854,11.660866982083,19.3402194227479,35.0604785101194,55.9554141385379,75.21923501927,88.3958469177348
69,2.28419279976042,6.6106823803096,11.5419051679384,19.1955631494915,34.8842048581963,55.8452316139512,75.2626138202857,88.5325444241567
69.1666666666667,2.25783722060981,6.54871254009558,11.4182795282268,19.0440585737108,34.7000245823771,55.7243066368594,75.2891878126734,88.6522167523029
69.3333333333333,2.2287760938828,6.48209665118538,11.2900756256426,18.885951537967,34.5082913799899,55.5927477403359,75.2988843354746,88.7549097816401
69.5,2.19715795267395,6.41096513306841,11.1574221587975,18.7215679875957,34.3094364751676,55.4507278265778,75.2917318834442,88.8407677636081
69.6666666666667,2.16317508006491,6.33550335095811,11.0204923932927,18.5513152880532,34.1039712558713,55.2984879292915,75.2678632194016,88.9100373358353
69.8333333333333,2.12733098675695,6.25626391212422,10.8797089406465,18.3757593600006,33.8924753168103,55.1364420884138,75.2276590603803,88.9630643753471
70,2.09038239248061,6.17409592316174,10.7356763576763,18.1955698931529,33.6755560253509,54.9651382363662,75.1717214632753,89.000268244058
70.1666666666667,2.05303979404327,6.08979282306493,10.5889383485903,18.0114114758305,33.4538379367478,54.7851324042213,75.1007141880514,89.0221317716119
70.3333333333333,2.0159635670688,6.0040862401827,10.4399715184035,17.8239373072584,33.227957689855,54.5969838400289,75.0153567386694,89.0291973829693
70.5,1.97976062627723,5.91764085759303,10.2891802187884,17.6337839242579,32.9985596707705,54.4012510205237,74.9164192540686,89.0220637937691
70.6666666666667,1.9448375939365,5.83100475409725,10.1370124642099,17.4414146680619,32.7660531054713,54.198284967918,74.8043251062058,89.0010053771115
70.8333333333333,1.9114116559859,5.74461793883372,9.98396652230097,17.2471127746534,32.5306046885038,53.9882243317233,74.6791310882936,88.9659609386453
71,1.87965934901375,5.65886128429968,9.83047347072456,17.0511291275471,32.2923723994711,53.7711950152282,74.5409094486565,88.9169048329426
71.1666666666667,1.84971507691283,5.57405470057974,9.67689570578372,16.8536802466079,32.051502555038,53.5473079192189,74.3897455852884,88.8538450517747
71.3333333333333,1.82166989196633,5.49045580841252,9.52352609274496,16.654946931813,31.8081274038189,53.3166572314568,74.2257362625736,88.7768216717065
71.5,1.79557045538777,5.40825895960469,9.37058758950953,16.4550734201217,31.5623631340457,53.0793190973872,74.0489882026462,88.6859055118756
71.6666666666667,1.77141809783162,5.32759446037095,9.2182331809507,16.2541669196615,31.3143081719282,52.8353505169641,73.859616911512,88.5811968642317
71.8333333333333,1.74916790994953,5.24852786596394,9.0665459722566,16.0522973970415,31.0640416621572,52.5847883274132,73.657745612867,88.4628241757118
72,1.72872780474858,5.1710592306974,8.91553930332282,15.8494975080995,30.8116220384589,52.3276481495874,73.4435041779545,88.3309425818776
72.1666666666667,1.70995750558894,5.09512221374292,8.76515676032627,15.6457625774974,30.5570856092086,52.0639231939424,73.2170279555698,88.1857322118743
72.3333333333333,1.69266742465508,5.02058295584163,8.61527197315935,15.4410505463961,30.3004450989738,51.7935828390994,72.978456420622,88.0273962030067
72.5,1.67661740537653,4.94723865359963,8.46568809683114,15.2352818184332,30.0416880999227,51.5165709097663,72.7279315709558,87.8561583779875
72.6666666666667,1.66151530746106,4.87481576486485,8.31613687993869,15.028338941129,29.7807753959846,51.2328035900052,72.4655960091861,87.6722605475283
72.8333333333333,1.647015413942,4.80296777951352,8.16627722272925,14.8200660615636,29.5176391263494,50.9421669111407,72.1915906479644,87.475959404188
73,1.63271663498164,4.73127248355192,8.01569312002022,14.6102680906996,29.2521807522018,50.6445137497003,71.9060519723355,87.2675229691502
73.1666666666667,1.61836469017754,4.6594607896715,7.86412439978954,14.3987839890025,28.9842238801344,50.3396615525353,71.6091853229153,87.0474129577236
73.3333333333333,1.60391351869483,4.58748725218954,7.71151617067276,14.1855293792291,28.7135604959176,50.0274510131601,71.3012963488348,86.8162758637854
73.5,1.58935240846273,4.51533406184678,7.55781122557535,13.9704443021773,28.440019490727,49.7077740988917,70.982730666838,86.5747531706245
73.6666666666667,1.57470619021115,4.44301114024399,7.4029506460124,13.7534940491794,28.1634667843637,49.3805729150684,70.6538732692701,86.3234814589606
73.8333333333333,1.56003551218862,4.37055639779409,7.24687451176454,13.5346700792657,27.8838057799516,49.0458388641961,70.3151479436305,86.0630926434326
74,1.54531195215577,4.29791883075884,7.08956212882847,13.3139623967124,27.6008632248519,48.7034900625965,69.9670144206195,85.7940881198087
74.1666666666667,1.53040684151151,4.22495273693334,6.93103128416172,13.0913452201081,27.3143894913357,48.353370584588,69.6099218453093,85.5167992221432
74.3333333333333,1.5152111503293,4.15153244664737,6.77129878893151,12.8667985628916,27.0241735087002,47.9953715004983,69.2442868993423,85.2314935751292
74.5,1.49963597085072,4.07755296731364,6.61038126318509,12.6403087845177,26.7300429082971,47.6294299298666,68.8704925974373,84.9383753457131
74.6666666666667,1.48361304256791,4.0029306988332,6.44829598105807,12.4118691903997,26.4318641728665,47.2555281613293,68.4888873368592,84.6375857285174
74.8333333333333,1.46709531323335,3.9276042084177,6.28506177093174,12.1814806806846,26.1295427960417,46.8736928599124,68.0997841914362,84.3292036313729
75,1.45005753045975,3.85153505369108,6.12069996455997,11.9491524477848,25.8230234577301,46.4839943782665,67.7034604465851,84.0132465385263
75.1666666666667,1.4324968588061,3.77470864312018,5.95523538870298,11.7149027223772,25.5122902207395,46.0865461845628,67.3001573755503,83.6896715388059
75.3333333333333,1.41443351741705,3.69713512293158,5.78869739224799,11.4787595672887,25.1973667535823,45.6815044164638,66.8900802599406,83.3583765145416
75.5,1.39591143341617,3.61885027973157,5.621120901183,11.2407617183447,24.8783165839006,45.2690675678786,66.4733986599647,83.0192014946878
75.6666666666667,1.37699890637766,3.53991644809473,5.45254749314601,11.0009594708789,24.5552433864715,44.8494763131775,66.0502469418019,82.6719301827866
75.8333333333333,1.35778927934277,3.46042341245541,5.28302648261678,10.7594156102118,24.228291309306,44.4230134722215,65.6207250715759,82.316291677451
76,1.33840161203514,3.38048929276177,5.11261600718353,10.5162063840247,23.8976453410138,43.9900041190088,65.1848996876566,81.95196241024
76.1666666666667,1.31898135218828,3.30026140356413,4.9413841047231,10.2714225142081,23.5635317223775,43.5508158369913,64.7428054656826,81.5785683332919
76.3333333333333,1.2997010012584,3.21991707654103,4.76940977081172,10.0251702454749,23.226218405021,43.1058591252382,64.2944467938762,81.1956873969277
76.5,1.28069828414347,3.13965239965808,4.59683457752844,9.77746995440455,22.8856865451613,42.6550540439074,63.8394504375803,80.8027847879542
76.6666666666667,1.26206104277602,3.05966237774411,4.42385023502458,9.52824618801417,22.5416418604893,42.197859678668,63.37710154679,80.3992576895733
76.8333333333333,1.24388178677784,2.98014272710011,4.2506417515748,9.27742553168861,22.1938493785322,41.7338237396379,62.9067117839712,79.9845243988025
77,1.22625738630533,2.90128961871733,4.07738760601581,9.02493725359514,21.8421338291894,41.2625841202934,62.4276205841988,79.5580246709593
77.1666666666667,1.2092887467909,2.82329933068664,3.90425977403808,8.77071369364113,21.4863801817586,40.7838704906893,61.9391957505288,79.1192205531349
77.3333333333333,1.19312729426713,2.74641400407378,3.73144780393602,8.51479309015018,21.1265430251544,40.2975423831361,61.4409790725441,78.667606660781
77.5,1.17795504077927,2.67089732991097,3.55914627033143,8.25731008432439,20.762625582844,39.8035592363056,60.9326981054438,78.2027264247752
77.6666666666667,1.16392757734366,2.59697586288652,3.38752407321032,7.99838789699153,20.3946602185875,39.3019284793795,60.4141251682619,77.724172683423
77.8333333333333,1.15117374281464,2.52483845450773,3.21672404228508,7.73813773574987,20.0227083230843,38.7927054168485,59.8850754240349,77.2315905709101
78,1.13979536162762,2.45463572939002,3.04686251526652,7.47665814361955,19.6468601912244,38.2759929737947,59.3454047502765,76.7246807957896
78.1666666666667,1.1298670328724,2.38647958713996,2.8780288757883,7.21403430086327,19.2672348584158,37.7519412502633,58.7950074084399,76.2032031574444
78.3333333333333,1.12143595361164,2.32044271336495,2.71028503730166,6.95033728893326,18.8839798676406,37.2207468476073,58.2338135269703,75.6669801229036
78.5,1.11452176007639,2.25655808489829,2.54366486074555,6.68562332315884,18.4972709422921,36.682651944066,57.6617864180887,75.1159002649953
78.6666666666667,1.10911637130202,2.19481845629074,2.37817349619166,6.41993295913601,18.1073115433844,36.1379431103642,57.0789197529317,74.549921348737
78.8333333333333,1.10518382086016,2.13517581689239,2.21378664195246,6.153290277084,17.7143322932043,35.5869498679063,56.4852346226123,73.969072848777
79,1.10266006354793,2.07754081032928,2.0504497187922,5.88570204890018,17.3185902505812,35.0300430014637,55.8807765138377,73.3734576883025
79.1666666666667,1.10145274516332,2.02178211075832,1.88807696182515,5.61715689439921,16.9203680253396,34.4676326445337,55.2656122267644,72.763253009403
79.3333333333333,1.1014409247757,1.96772575284382,1.72655043829043,5.3476244363059,16.5199727208248,33.9001661584595,54.6398267597877,72.1387098150368
79.5,1.10247474014151,1.91515441481609,1.56571900543876,5.07705446792601,16.1177346933621,33.3281258257763,54.0035201810429,71.5001513604419
79.6666666666667,1.1043750080675,1.86380665611551,1.405397228931,4.80537615288687,15.7140061159625,32.7520263741981,53.3568044996864,70.8479702126932
79.8333333333333,1.10699889665411,1.81349490387611,1.24555083625881,4.53269612641903,15.3089327207052,32.1720146280581,52.6996504932745,70.1824704774127
80,1.11023641331846,1.76410307356124,1.08628417430084,4.259269395329,14.9024211037173,31.5878424353703,52.0318810693104,69.5038168583735
80.1666666666667,1.11394200839662,1.71546623902589,0.927647084724724,3.9852859425232,14.4943492758176,30.9992506187594,51.3533195034905,68.812159940675
80.3333333333333,1.11793365457515,1.66736980011548,0.769634230422539,3.71087042070316,14.0845661301844,30.4059675511727,50.6637903240685,68.107631705184
80.5,1.12199179962303,1.61954850901279,0.612184503584681,3.43608173730623,13.6728905194433,29.8077074590236,49.9631200269149,67.3903419984511
80.6666666666667,1.12627982574432,1.57224950836284,0.455699249610991,3.16145166264967,13.2596404246034,29.2046830929703,49.2515727978095,66.6608375738732
80.8333333333333,1.13133633337389,1.52621991402158,0.301019943296318,2.88795964291775,12.8456067963808,28.5975962897515,48.5298363561023,65.9200659908114
81,1.13764972177332,1.48213682383659,0.148898930671601,2.61648157391101,12.431510252269,27.9871182925772,47.798580265902,65.1688966794316
81.1666666666667,1.14565774224272,1.44060722361081,0,2.34779003782456,12.0180006056578,27.3738884776096,47.0584565995741,64.4081213722841
81.3333333333333,1.15574687608558,1.40216763267281,-0.145101259289178,2.08255421948163,11.605656045497,26.7585129120692,46.3101001930041,63.6384543827553
81.5,1.16825154115789,1.367283495571,-0.285917322913228,1.8213394967969,11.1949819889945,26.1415627544626,45.5541284456089,62.8605325302235
81.6666666666667,1.18345313282818,1.33634832967755,-0.422048832367019,1.56460670474961,10.7864096329826,25.5235725093886,44.7911406272869,62.0749145268888
81.8333333333333,1.20157890685229,1.30968264126422,-0.553184935204591,1.31271107695789,10.3802942330568,24.9050381508009,44.0217166654039,61.2820796577368
82,1.22280071304873,1.2875326249392,-0.679103866997231,1.06590087394807,9.97691314336909,24.2864151285762,43.2464153971324,60.4824256001724
82.1666666666667,1.24723358975562,1.2700686632319,-0.799673774189277,0.824315712255278,9.57646365398656,23.6681162738059,42.4657722853932,59.6762652409203
82.3333333333333,1.27493422985396,1.25738364459424,-0.914853774842117,0.587984613381021,9.17906066690461,23.0505096184499,41.6802966095395,58.8638223521855
82.5,1.30589932964724,1.24949111915921,-1.02469525267072,0.356823796132489,8.78473425600148,22.4339161449297,40.8904681540017,58.0452259839796
82.6666666666667,1.34006383208312,1.24632331227126,-1.12934337889952,0.130634239686717,8.39342716024404,21.8186074809352,40.0967334285925,57.2205034116819
82.8333333333333,1.37729907568074,1.24772901609663,-1.22903885635508,-0.0909009524824203,8.00499226308528,21.2048035542687,39.2995014624355,56.389571443399
83,1.41741086008861,1.2534713795727,-1.32411988091742,-0.308219356293977,7.61919011397033,20.5926702220268,38.4991392190824,55.5522258354687
83.1666666666667,1.46017408653953,1.26328125664323,-1.41492222015947,-0.521815749414008,7.23578739415811,19.9822849984184,37.6959705612334,54.7077891673299
83.3333333333333,1.50535924749417,1.27689092557234,-1.50174224718812,-0.732178290130326,6.85458689929214,19.3736366640243,36.8902586715399,53.8552211343226
83.5,1.55271014723079,1.29399635653021,-1.58492031062083,-0.939822178995616,6.47534367403399,18.7666581320802,36.0821974238462,52.993529324363
83.6666666666667,1.60194478443326,1.31425791712356,-1.66484114680554,-1.14528952991466,6.09776668422307,18.1612270319711,35.2719148040859,52.1217858966199
83.8333333333333,1.65275630856017,1.33730117741388,-1.74193425376627,-1.34914923837965,5.72152023357525,17.5571660785489,34.4594760021083,51.2391432270105
84,1.70454693228607,1.362406407744,-1.8168776704483,-1.55207271774512,5.34623967269427,16.9541421727753,33.6447456144369,50.3448546521156
84.1666666666667,1.75648735994739,1.38858110167475,-1.89052967039318,-1.75477779741778,4.97157524111593,16.3517093043252,32.8274198283828,49.4383146835429
84.3333333333333,1.80781764034214,1.41491388891276,-1.9636851874798,-1.95791865200583,4.59720567797914,15.7494379257349,32.0071913134844,48.5190793738923
84.5,1.85785249032809,1.44058237239031,-2.03706895527272,-2.16207845872399,4.22284593583792,15.1469231906237,31.1837601291635,47.5868757249434
84.6666666666667,1.90598605997639,1.46485988978534,-2.11132993020657,-2.36776324197678,3.84825367890198,14.5437920642753,30.3568434877946,46.6416054149029
84.8333333333333,1.95169612178858,1.48712120264997,-2.18703696384822,-2.57539690409794,3.47323456883788,13.9397093858098,29.5261844411718,45.6833430971835
85,1.99454771172148,1.50684718085847,-2.2646756241091,-2.78531737470759,3.09764640318377,13.3343830175106,28.6915596114148,44.7123300217667
85.1666666666667,2.03419628252435,1.5236285970035,-2.34464601630332,-2.99777376159248,2.72140221646117,12.7275682529248,27.8527861200388,43.72896410838
85.3333333333333,2.07039045094891,1.53716917565323,-2.42726142163452,-3.21292435263377,2.34447248307162,12.1190716709595,27.0097278813638,42.7337878135585
85.5,2.10297443127824,1.54728805817127,-2.51274755121435,-3.43083529922742,1.96688657606157,11.508754619474,26.1623014199454,41.7274751745638
85.6666666666667,2.13189025031269,1.55392184790625,-2.60124220564141,-3.65147980440328,1.5887336395199,10.8965364909177,25.3104813485083,40.710819309627
85.8333333333333,2.15717983560342,1.55712639604884,-2.69279513088117,-3.87473764080793,1.21016302769984,10.2823979174154,24.4543056059371,39.6847214548057
86,2.17898706147303,1.55707847836501,-2.78736786818373,-4.10039483235602,0.831384453866192,9.6663839672317,23.593880508084,38.6501823773911
86.1666666666667,2.19755982819325,1.55407750013621,-2.88483340685368,-4.32814334645953,0.45266797907038,9.04860737370236,22.7293856122444,37.6082967720234
86.3333333333333,2.21325224037463,1.54854735342888,-2.9849754620147,-4.55758065947097,0.0743439579477114,8.42925177752523,21.8610783449807,36.5602510525705
86.5,2.22639381525466,1.54080669532469,-3.08746540989615,-4.78811261104374,-0.303332899524827,7.80841319743395,20.9890078686864,35.5066860303641
86.6666666666667,2.23727279036321,1.53105928270048,-3.19187125116385,-5.0190102301751,-0.68019747921049,7.18610679181655,20.1130080242201,34.4476392645085
86.8333333333333,2.2462601801188,1.51962010665369,-3.29768650295776,-5.24953736989508,-1.05604594640205,6.56243056476203,19.2329832314781,33.3831621531865
87,2.25380960545381,1.50691520381429,-3.40433208730672,-5.47895322212722,-1.43063618648711,5.93756512180911,18.3489095626647,32.3133302067905
87.1666666666667,2.26045712848084,1.49348179679445,-3.51115687127903,-5.70651370180197,-1.80368768184211,5.31177421382309,17.460837203828,31.2382531153522
87.3333333333333,2.26661692464467,1.47973670602089,-3.61767033632985,-5.93154615199026,-2.1748358427945,4.68540486990628,16.5688178692592,30.1578986063088
87.5,2.27251756049281,1.46590293426856,-3.72359337291991,-6.15349263577196,-2.54367931269402,4.05882691441202,15.6728750554262,29.0721075792283
87.6666666666667,2.27837240726144,1.45220265219845,-3.8286515379915,-6.37185770455448,-2.9098491012826,3.43240348706894,14.7730671267796,27.9807903300289
87.8333333333333,2.28437687060451,1.43885399405908,-3.93257611019182,-6.58620865839118,-3.27300883193729,2.8064910964339,13.8694916973766,26.8839332475539
88,2.29070545205185,1.42606763440569,-4.03510493130412,-6.79617539034177,-3.63285482984228,2.18143976169041,12.9622910141604,25.7816058333785
88.1666666666667,2.29750868765632,1.41404319948274,-4.13598310436646,-7.00144989823909,-3.98911606400905,1.55759320317721,12.0516582072102,24.6739680648816
88.3333333333333,2.30491001463099,1.40296557247197,-4.23496360493536,-7.20178554191085,-4.34155396766785,0.935289041700802,11.1378442022316,23.561278024626
88.5,2.31300262272552,1.39300115801463,-4.33180784584891,-7.39699611551715,-4.68996217219946,0.314858966978813,10.221165009195,22.4438996147316
88.6666666666667,2.32184635346727,1.38429417808991,-4.42628621883777,-7.58695479396069,-5.03416619873333,-0.303371163522852,9.30200901366469,21.3223100674728
88.8333333333333,2.33146471697992,1.37696307825326,-4.51817861937834,-7.77159299997462,-5.37402315811921,-0.919081332429932,8.38084381221602,20.1971068602041
89,2.34184210262424,1.37109713014014,-4.60727494503369,-7.95089922510145,-5.70942151357013,-1.53195751139525,7.45822206110383,19.0690135540462
89.1666666666667,2.35292126587231,1.36675332271174,-4.69337554273761,-8.12491782388177,-6.04028096033539,-2.14169198156737,6.53478576014582,17.9388840132862
89.3333333333333,2.36460117926951,1.36395364059855,-4.77629156744653,-8.29374778667056,-6.3665524728637,-2.74798385033104,5.61126838346305,16.8077044377777
89.5,2.37673533965706,1.36268283268133,-4.85584520358589,-8.4575414830357,-6.6882185617394,-3.35053978124925,4.68849430492462,15.6765926634297
89.6666666666667,2.38913062658344,1.36288677729272,-4.93186969194305,-8.61650335507107,-7.00529377006386,-3.94907494391183,3.76737505458431,14.5467942620417
89.8333333333333,2.40159129352108,1.36448286734609,-5.00413990456409,-8.77077998482883,-7.31789571544239,-4.54328200558686,2.84861443091801,13.4190747831814
90,2.41394263303969,1.36737317038173,-5.07238848789479,-8.92043331812516,-7.62623109762781,-5.13286787389583,1.93264074203804,12.2936726545011
90.1666666666667,2.42599765096506,1.37143907676395,-5.13638416696548,-9.06553754583773,-7.9305190633943,-5.7176043432773,1.01986197217633,11.1708773659181
90.3333333333333,2.43755622842574,1.37654042063859,-5.19593302713651,-9.20618106577978,-8.2309923845863,-6.29732871511442,0.110664242915852,10.0510279408419
90.5,2.44840438059604,1.38251472224325,-5.25087981994509,-9.34246858026129,-8.52789861514883,-6.87194448888099,-0.794590077508627,8.93451110457193
90.6666666666667,2.45837609222458,1.38918858762153,-5.30115986229559,-9.47442080533695,-8.82117218434259,-7.44088821021831,-1.69521530864056,7.82182665288119
90.8333333333333,2.46736849931871,1.3963977498981,-5.346786898308,-9.60196561827412,-9.11044622894635,-8.00315905094548,-2.59023880206483,6.71354323099099
91,2.47528747244281,1.40398552800992,-5.38779656755682,-9.72503700477746,-9.39538767191198,-8.55786843022126,-3.47876948508949,5.61020965599848
91.1666666666667,2.48204810445301,1.41180337628455,-5.42424688196618,-9.84357671846186,-9.67569778263966,-9.10424149466834,-4.35999962854992,4.5123548806559
91.3333333333333,2.48757525013273,1.41971155161458,-5.45621854184111,-9.95753558928413,-9.95111270422681,-9.64161852326413,-5.23320605498081,3.42048730324007
91.5,2.49180410619322,1.42757988236713,-5.48381508858909,-10.0668744835783,-10.2214039066818,-10.1694561814829,-6.09775078506737,2.3350934722438
91.6666666666667,2.49468081897844,1.43528862260209,-5.50716289016527,-10.171564923319,-10.4863785337701,-10.6873285543548,-6.95308112395112,1.25663623572119
91.8333333333333,2.49616310607342,1.44272937433932,-5.52641095491271,-10.2715893756565,-10.7458796178971,-11.1949278964296,-7.79872919484936,0.185552396009443
92,2.49622087690106,1.4498060595733,-5.54173057007642,-10.3669412258268,-10.9997861427234,-11.6920650478081,-8.63431093506796,-0.877750050744456
92.1666666666667,2.49483683634468,1.45643592253973,-5.55331476270198,-10.4576244475484,-11.2480129375501,-12.1786694789165,-9.45952457820287,-1.93289498654276
92.3333333333333,2.4920070545044,1.46255054146008,-5.56137758276043,-10.5436529853461,-11.4905103913484,-12.6547889417943,-10.2741486553842,-2.97954142407173
92.5,2.48774148493695,1.46809682769427,-5.56615321106862,-10.6250498632502,-11.7272639779457,-13.1205887214737,-11.0780395570404,-4.01738678187642
92.6666666666667,2.48206441319849,1.47303798899637,-5.56789489779843,-10.7018460343815,-11.9582935875216,-13.5763504965545,-11.8711287040986,-5.04617000075208
92.8333333333333,2.47501481726554,1.47735443247354,-5.56687374100367,-10.7740789863632,-12.183652663248,-14.0224708323586,-12.6534193831469,-6.06567430330634
93,2.46664662150753,1.48104458198223,-5.5633773185468,-10.8417911186004,-12.4034271455747,-14.4594593421543,-13.4249833033528,-7.07572939171441
93.1666666666667,2.45721501366705,1.48440471220312,-5.55734470911318,-10.9047692404627,-12.6175837455571,-14.8876316607526,-14.1856306964949,-8.07590409264701
93.3333333333333,2.44713459958242,1.48797928166551,-5.54838521615996,-10.9625847364436,-12.826011699809,-15.3071041282763,-14.9349250479576,-9.06557445855474
93.5,2.43677220080109,1.49225680429961,-5.53615067795502,-11.0148717469137,-13.0286939409507,-15.7180949481192,-15.6725146892404,-10.0442661971937
93.6666666666667,2.42644693371736,1.49766997975836,-5.52033416351234,-11.0613257585727,-13.2257061870029,-16.1209217373423,-16.3981288857517,-11.0116533450555
93.8333333333333,2.41643050228965,1.50459597910975,-5.50066861671974,-11.1017022324607,-13.4172157827029,-16.5159988177377,-17.1115739856048,-11.9675555598636
94,2.40688153517679,1.51323806457116,-5.47711204278561,-11.1360141595232,-13.6032536899898,-16.903436583118,-17.8125796092619,-12.9117805652926
94.1666666666667,2.3978491900974,1.52362763048193,-5.44983472318402,-11.1645024597473,-13.7836820348169,-17.2830141290327,-18.5007914817622,-13.8440734462833
94.3333333333333,2.38934169131933,1.53574422237069,-5.41902588754861,-11.1874221482113,-13.9584049172782,-17.6545629308525,-19.175919274053,-14.764242217137
94.5,2.38132740480155,1.54951605773909,-5.38489288844378,-11.2050416691019,-14.1273681812789,-18.0179652088726,-19.8377372474528,-15.6721537010125
94.6666666666667,2.37373601740083,1.56482065858752,-5.34766052077621,-11.2176422155533,-14.2905588622647,-18.3731521212731,-20.4860849115185,-16.5677304760517
94.8333333333333,2.36645980615459,1.58148559999862,-5.30757044691396,-11.2255170229337,-14.448004350542,-18.7201018165048,-21.1208676439382,-17.4509487526991
95,2.35935498335575,1.59928937876826,-5.2648806864814,-11.2289706181389,-14.5997713039094,-19.0588373760879,-21.7420572166369,-18.321836999055
95.1666666666667,2.35224310307272,1.61796240575375,-5.21986512865863,-11.2283180041071,-14.745964340554,-19.3894246781396,-22.3496921692435,-19.1804751033293
95.3333333333333,2.34491251491551,1.63718812525105,-5.17281302452297,-11.2238837568878,-14.8867245413137,-19.7119702111601,-22.943877969902,-20.0269938508871
95.5,2.33711985118261,1.65660426426803,-5.12402841740396,-11.2160010119547,-15.0222277893511,-20.0266188666894,-23.5247869045158,-20.8615744939675
95.6666666666667,2.32859153401554,1.67580421397898,-5.07382947025338,-11.2050103168288,-15.1526829749563,-20.3335517383896,-24.0926576391278,-21.6844482010484
95.8333333333333,2.31902528980748,1.69433854487536,-5.0225476505258,-11.1912583282662,-15.2783300935125,-20.6329839539071,-24.6477944062894,-22.4958951865428
96,2.30809165883537,1.71171665612991,-4.97052673488379,-11.1750963340557,-15.3994382655564,-20.9251625645281,-25.1905657747832,-23.2962433369596
96.1666666666667,2.29543548888933,1.72740855843426,-4.91812159803967,-11.1568785816366,-15.5163037092612,-21.2103645161673,-25.7214029725178,-24.0858661640558
96.3333333333333,2.28067740254561,1.74084678804051,-4.86569675206686,-11.1369603980475,-15.6292476974531,-21.4888947236224,-26.2407977442112,-24.8651799261827
96.5,2.26340299879329,1.7515050895066,-4.81368176001047,-11.1157563373484,-15.7386068121472,-21.7611958703097,-26.7493128174136,-25.6345310557339
96.6666666666667,2.24324847221787,1.75900437701217,-4.76247727144298,-11.0936389174492,-15.8446480534811,-22.0277726617403,-27.2474948167286,-26.3940893249046
96.8333333333333,2.21995582562672,1.76308916676114,-4.71235154799062,-11.0708279293658,-15.9475335741964,-22.2890419998017,-27.7358164296442,-27.1438996217958
97,2.19337363975888,1.76362852115354,-4.66344041744846,-11.0473897169781,-16.0473193730969,-22.5453320443318,-28.2146735825818,-27.8838745354669
97.1666666666667,2.1634579197235,1.76061710800906,-4.61574688801632,-11.0232362038876,-16.143954129937,-22.7968814179876,-28.6843823605174,-28.613785191616
97.3333333333333,2.13023635767684,1.7541207018423,-4.5692425433208,-10.9981901222245,-16.2373790754265,-23.0438066827428,-29.1451796077464,-29.3329106857058
97.5,2.09378073540697,1.74424130274486,-4.52390589917182,-10.9720505112096,-16.3275594598166,-23.2861038741594,-29.5972071251162,-30.0401500672365
97.6666666666667,2.05422808354347,1.7311536859293,-4.47964035829514,-10.9445606644751,-16.4144022456427,-23.5236834711756,-30.0405049660862,-30.7344349351353
97.8333333333333,2.0117786655372,1.71510348466769,-4.43627507228886,-10.9154098042853,-16.4977593994561,-23.7563732622077,-30.4750169375333,-31.4147480547734
98,1.96669387465167,1.69640513970095,-4.39356580499512,-10.8842346994169,-16.5774309780339,-23.983921174969,-30.9005959316259,-32.0801410517764
98.1666666666667,1.91929405578705,1.67543972135909,-4.35119580986193,-10.8506212270949,-16.6531680082308,-24.2059980900996,-31.3170091120272,-32.729750218704
98.3333333333333,1.86995626381332,1.65265263210781,-4.30877673362455,-10.8141058800424,-16.7246751576119,-24.4222006607261,-31.7239429870468,-33.3628094027079
98.5,1.81911196948719,1.62855119785224,-4.26584955974193,-10.7741772215939,-16.7916131917918,-24.6320541621966,-32.1210084081292,-33.9786590499707
98.6666666666667,1.76724472288605,1.60370215591901,-4.22188560762545,-10.73027729502,-16.8536012142108,-24.835015398398,-32.507745535389,-34.5767507612983
98.8333333333333,1.71488778253296,1.57872904605422,-4.17628760790006,-10.6818029977746,-16.9102186850465,-25.0304756929718,-32.8836288133171,-35.1566471213683
99,1.66262171593079,1.55430950787593,-4.12839087980149,-10.6281074372938,-16.9610072181844,-25.2177639949062,-33.2480719993842,-35.7180170302794
99.1666666666667,1.61107197399443,1.53117248387414,-4.07746464434558,-10.5685012922045,-17.0054721587402,-25.3961501277033,-33.6004332857696,-36.260627205887
99.3333333333333,1.56090643779873,1.51009532113558,-4.02271351605469,-10.5022542112133,-17.0430839485551,-25.5648482087642,-33.9400205492891,-36.7843308643661
99.5,1.51283293107823,1.4919007573669,-3.96327922667874,-10.4285962913646,-17.0732792934217,-25.7230202599182,-34.2660967560752,-37.2890547786294
99.6666666666667,1.46759668596736,1.47745376738169,-3.89824264632314,-10.3467196875213,-17.0954621535529,-25.8697800203435,-34.5778855350007,-37.7747859509109
99.8333333333333,1.42565002266286,1.46726251652995,-3.82698105796,-10.2561219484633,-17.1092844052616,-26.0045904585402,-34.875032484557,-38.2419699220865
100,1.38709043058258,1.46140580006856,-3.74924090962295,-10.1566826071391,-17.1147014787102,-26.1273157039117,-35.1576482556157,-38.6915377479923
100.166666666667,1.35195727914353,1.45989260170377,-3.66481890703243,-10.0483593233511,-17.1117196177868,-26.2378542139786,-35.4258754227645,-39.1245045048896
100.333333333333,1.3202308953782,1.46266117256368,-3.57356245838283,-9.93118774738416,-17.1003950503375,-26.3361411955701,-35.6798916960549,-39.5419621606241
100.5,1.29183165385935,1.46957817104903,-3.47537029307721,-9.80528147449608,-17.0808330659982,-26.4221510299534,-35.9199130588323,-39.9450755118028
100.666666666667,1.26675217769741,1.48066967521335,-3.37021511508703,-9.67092859959637,-17.0530510930484,-26.495737790851,-36.1459061782225,-40.3344426162146
100.833333333333,1.24507560203578,1.49613250110613,-3.25813382307205,-9.52853412541887,-17.0169635886526,-26.5566408016158,-36.3575798055983,-40.7100344570885
101,1.22685326634248,1.51611014639757,-3.13919730428179,-9.37849133016081,-16.9725089731036,-26.6046467751336,-36.5546689347232,-41.0718088678287
101.166666666667,1.2121068266727,1.54069554380154,-3.01350664169699,-9.22117796760717,-16.9196475352708,-26.6395875333463,-36.7369338196478,-41.4197171218281
101.333333333333,1.20083057600309,1.56993404035618,-2.88118997893688,-9.05695325052852,-16.8583595777179,-26.6613379317132,-36.904159951078,-41.7537097616376
101.5,1.19299395349392,1.60382658348147,-2.74239998088957,-8.88615558346148,-16.7886438197017,-26.6698139581699,-37.0561589701552,-42.0737420330581
101.666666666667,1.18854422046638,1.64233309090847,-2.59731181179398,-8.70910098988484,-16.7105160737525,-26.6649709779658,-37.1927705072812,-42.3797792194941
101.833333333333,1.18740927709907,1.68537597705439,-2.44612154489129,-8.52608216429972,-16.6240082059398,-26.6468020966784,-37.3138649281911,-42.6718021107153
102,1.18950058936679,1.73284380321245,-2.28904491775882,-8.33736807136516,-16.5291673818775,-26.615336613658,-37.4193469487423,-42.9498127800919
102.166666666667,1.19471619059434,1.78459501306155,-2.12631635370496,-8.14320401132164,-16.4260555907485,-26.5706385371126,-37.5091600426911,-43.2138407793496
102.333333333333,1.20294371622755,1.84046170851883,-1.95818818066997,-7.94381207262155,-16.3147494289009,-26.5128051300382,-37.5832915125329,-43.4639497858099
102.5,1.21406342411054,1.90025341393244,-1.78492999347962,-7.73939189812317,-16.1953401137109,-26.4419654533199,-37.6417780231909,-43.7002446520478
102.666666666667,1.2279511458104,1.96376076914285,-1.60682812169134,-7.53012169958156,-16.0679336882248,-26.3582788687745,-37.6847113149628,-43.9228787127199
102.833333333333,1.24448110749944,2.03075908417763,-1.42418518248757,-7.31615946574519,-15.9326513683616,-26.261933460912,-37.7122437213436,-44.132061101865
103,1.26352855178181,2.1010116804755,-1.23731971515045,-7.09764432147839,-15.7896299779202,-26.1531443321343,-37.7245930276602,-44.3280637333596
103.166666666667,1.28448796811366,2.17369077569424,-1.04717843103817,-6.87510058397214,-15.6390682838378,-26.0323536063219,-37.7224613686657,-44.5116051203539
103.333333333333,1.30635831514933,2.24748127632116,-0.855233408836195,-6.6493559681008,-15.4811922873277,-25.9002098261195,-37.7069956029319,-44.6837984087875
103.5,1.32826635334818,2.32121055946052,-0.662822675300702,-6.4211029905542,-15.3161951098608,-25.7573583701576,-37.6793559820757,-44.8457515649365
103.666666666667,1.3494633656988,2.39384437572299,-0.471155548392175,-6.19090542149264,-15.144240541625,-25.6044435317045,-37.6407191492209,-44.9985713181212
103.833333333333,1.36932235832351,2.46448336599351,-0.281317357055605,-5.95920410650936,-14.9654656866863,-25.4421097579686,-37.592277283631,-45.1433631498781
104,1.38729104182826,2.53234863462568,-0.0943428768802865,-5.72643080024681,-14.7799124591036,-25.271034299985,-37.5349455325622,-45.280626807162
104.166666666667,1.40286594256958,2.59676549972547,0.0887964600442415,-5.49303828935378,-14.5875435597062,-25.0918916282579,-37.4692961162536,-45.4102119895915
104.333333333333,1.4156242053042,2.6571665905609,0.267268098154808,-5.25940635932694,-14.3883205850904,-24.9053035228638,-37.3958150152438,-45.5318989713125
104.5,1.42522350943336,2.71309119635026,0.440377377484738,-5.02584223491018,-14.1822038530219,-24.7118388307175,-37.3149017258993,-45.6453992999291
104.666666666667,1.4314023944088,2.76418511050472,0.607567013836677,-4.7925804901866,-13.9691518188061,-24.5120128598564,-37.2268685603684,-45.7503561282577
104.833333333333,1.43398090785451,2.81020086652881,0.768416946942244,-4.55978253005215,-13.7491201538268,-24.3062864819287,-37.1319395886965,-45.8463442581338
105,1.43286149232381,2.85099826383398,0.922644464003044,-4.32753574092202,-13.5220605570114,-24.0950650233099,-37.0302493282336,-45.9328699741572
105.166666666667,1.4280300286407,2.88654508318453,1.0701045064827,-4.09585240659485,-13.2879193724059,-23.8786970351272,-36.9218412935093,-46.009370745381
105.333333333333,1.41955695571142,2.91691789265672,1.21079006859176,-3.86466848477345,-13.0466360906511,-23.6574730424127,-36.8066665282104,-46.0752148744333
105.5,1.40759838873478,2.94230284609226,1.34483259669174,-3.63384234037897,-12.7981418182415,-23.4316243821607,-36.6845822495731,-46.1297011763487
105.666666666667,1.392397160036,2.96299637724887,1.47250229992653,-3.40315353306804,-12.5423578053619,-23.2013222487837,-36.5553507442029,-46.1720587734118
105.833333333333,1.37428370938005,2.97940569431554,1.59420828382336,-3.17230175785602,-12.2791941302022,-22.9666770729744,-36.4186386628962,-46.2014470975086
106,1.35367675360512,2.99204898122313,1.71049842040878,-2.9409060390835,-12.0085486443862,-22.7277383659545,-36.2740168702547,-46.2169561977653
106.166666666667,1.33108366870042,3.00155521423043,1.82205887054051,-2.70850427880626,-11.7303062900165,-22.4844951652303,-36.1209610125382,-46.2176074584873
106.333333333333,1.30710052092747,3.00866350454285,1.92971317662208,-2.47455326074655,-11.4443389034007,-22.2368772199859,-35.9588529739348,-46.2023548403948
106.5,1.28207274151305,3.01387707590326,2.03413873988398,-2.2388224372551,-11.1507136401581,-21.9844421799197,-35.7866634187286,-46.1700662202202
106.666666666667,1.25602510094513,3.01737088647867,2.13577170487148,-2.00144601135641,-10.8497051388933,-21.7264145190842,-35.6030824859498,-46.1196816208307
106.833333333333,1.22896643231393,3.01929112055537,2.23504241273416,-1.76255542255562,-10.5415937832064,-21.4620186425456,-35.406904999242,-46.0503141868572
107,1.20089069616345,3.01975612588403,2.3323760984815,-1.52227924111162,-10.226666082789,-21.1904782923507,-35.1970316605967,-45.9612516701726
107.166666666667,1.17177832752736,3.01885770796152,2.42819367057679,-1.28074308606165,-9.90521486547213,-20.9110161678234,-34.9724703221667,-45.8519564710686
107.333333333333,1.14141167405364,3.01638363236472,2.52254907518635,-1.03832823815067,-9.57768977347892,-20.6231586668968,-34.7326632793752,-45.7223729018862
107.5,1.10941872730931,3.01186980370836,2.61515051967918,-0.795629428929598,-9.24465393221518,-20.3267389005938,-34.4774693063177,-45.5728564249365
107.666666666667,1.07548231740608,3.0049070301476,2.70573539328008,-0.553174491832432,-8.90661088278311,-20.0215932610259,-34.2068280773018,-45.4038258628662
107.833333333333,1.03934210607777,2.99514359953682,2.7940716333663,-0.311423522853064,-8.56400330180494,-19.7075616590473,-33.920759295454,-45.2157566605519
108,1.00079641842257,2.98228771508525,2.8799590424322,-0.0707679722867416,-8.21721170248077,-19.3844881036335,-33.6193610036527,-45.0091729470735
108.166666666667,0.959703909181531,2.96610976364544,2.96323053877281,0.168470321502769,-7.86655313465054,-19.0522215779394,-33.3028071731739,-44.7846386499114
108.333333333333,0.915985059964358,2.94644439011814,3.04375332167381,0.406040142525411,-7.51227990193685,-18.7106171579545,-32.9713447454491,-44.5427479821693
108.5,0.869623504185357,2.92319235152035,3.12142992972701,0.641761935752374,-7.15457831396328,-18.3595373115022,-32.6252903649279,-44.2841156725392
108.666666666667,0.820667176638249,2.89632212405062,3.19619916882181,0.875528855923917,-6.79356749126276,-17.998853308816,-32.2650270832499,-44.0093673346244
108.833333333333,0.769229284631624,2.86587123602413,3.2680368843901,1.10730780715727,-6.42929823989014,-17.6284466718755,-31.8910013376567,-43.7191303783052
109,0.715489097452096,2.83194729888257,3.33695655059182,1.33714045272711,-6.06175201199455,-17.2482105887777,-31.5037205140546,-43.4140258553063
109.166666666667,0.659692550661702,2.79472870767214,3.40300964730719,1.56514417339216,-5.69083996774467,-16.8580512221437,-31.1037514039283,-43.094661610413
109.333333333333,0.602152661415307,2.75446498149743,3.46628579402842,1.79151295175953,-5.31640215308451,-16.4578888471062,-30.6917198620267,-42.7616270863304
109.5,0.543249750660049,2.71147671358115,3.52691260799893,2.01651815932093,-4.93820680688141,-16.0476587646265,-30.2683119758214,-42.4154901114112
109.666666666667,0.483431467808988,2.66615509977315,3.58505525220688,2.24050922185866,-4.55594981016635,-15.6273119491983,-29.8342770745198,-42.0567959919324
109.833333333333,0.423332165749579,2.61912905749909,3.64103004867505,2.46363497682155,-4.16951353545979,-15.196528325473,-29.3893668945704,-41.6848435444127
110,0.363734687337845,2.57123925999063,3.69530496436463,2.68585747336607,-3.77896183783958,-14.7547228422522,-28.9323134659876,-41.2977391600187
110.166666666667,0.305429621477354,2.52335510807156,3.74838370793507,2.90723519451541,-3.38428194162535,-14.3013398083421,-28.4618855217176,-40.8936474238496
110.333333333333,0.249212737166246,2.47637203432544,3.80080326558442,3.12792003495049,-2.9853886515102,-13.8358584743433,-27.9768931605082,-40.4707913789024
110.5,0.195882767383179,2.43120925530159,3.85313165382824,3.34815495944222,-2.58212796885221,-13.3577984686202,-27.4761931038474,-40.0274547339677
110.666666666667,0.146251724728461,2.38873131176901,3.90602302845335,3.56833246079455,-2.17428793723785,-12.8666134616807,-26.958681361109,-39.5620942063895
110.833333333333,0.101059012454976,2.34964287082105,3.96012391751155,3.78889424757386,-1.76168430643582,-12.3617703243751,-26.4233833491307,-39.0734459318228
111,0.0609161058504237,2.31451358484362,4.01597046951155,4.01022200206087,-1.34419639409358,-11.842902304794,-25.8695145481541,-38.5604724571561
111.166666666667,0.0263057951401839,2.28377895494128,4.07398967885187,4.2326384572822,-0.921768961585044,-11.3098132479582,-25.2964858217689,-38.0223675200027
111.333333333333,-0.00241857082335839,2.25774158047459,4.13450084022239,4.4564084193374,-0.494414064492438,-10.7624815909899,-24.7039085574372,-37.4585605772572
111.5,-0.025033864367541,2.23657280409861,4.197717268213,4.68173962709907,-0.0622129570064994,-10.2010641012613,-24.0915994658385,-36.8687208126148
111.666666666667,-0.0414480029232274,2.22031474494482,4.26374830106483,4.90878335158011,0.374681893219273,-9.6258993202627,-23.4595848906467,-36.2527604334116
111.833333333333,-0.0517008339965224,2.20888268804594,4.33260158265473,5.13763465288714,0.816044652709853,-9.03751066812071,-22.8081045027047,-35.6108371558608
112,-0.0559650941305108,2.20206776567848,4.4041855842757,5.36833223346256,1.26157384112335,-8.43660915194041,-22.1376142832059,-34.9433558706696
112.166666666667,-0.0545474502980869,2.19953982670339,4.47831228820169,5.60085785131719,1.71088997145077,-7.82409560492179,-21.4487887376666,-34.2509695735923
112.333333333333,-0.0478896270043523,2.20085034511146,4.55469991020933,5.83513528453509,2.16353320577935,-7.20106236245459,-20.7425223233733,-33.5345797334547
112.5,-0.0365696164768918,2.20543517224202,4.63297549148306,6.07102886625004,2.61896116579176,-6.56879425665143,-20.0199301140459,-32.7953363502991
112.666666666667,-0.0213029626839065,2.21261689366607,4.71267714665815,6.30834163485999,3.07654707890844,-5.92876878324515,-19.2823477627361,-32.0346380267877
112.833333333333,-0.00294410260845335,2.2216065182556,4.79325572076139,6.54681316454618,3.53557847529526,-5.28265526645606,-18.531330853738,-31.2541324370554
113,0.0175122596656674,2.23150421135779,4.87407559117973,6.78611715329171,3.99525667291387,-4.63231282122884,-17.7686537534142,-30.4557176311762
113.166666666667,0.0392955905526018,2.24163671021973,4.95470804497683,7.02602781692947,4.45508161626769,-3.97895265778287,-16.9955664651345,-29.6406828002134
113.333333333333,0.061899002789003,2.25155934802098,5.03490163410271,7.26636607571795,4.91483167470866,-3.32308178323798,-16.2127087492705,-28.809590093894
113.5,0.0847343703958594,2.26072036359689,5.11427459722688,7.50680471283608,5.37416940829707,-2.66530922366939,-15.4208075527599,-27.9630762430485
113.666666666667,0.107133683094449,2.26846246832961,5.19231623251001,7.746869382493,5.83264261190029,-2.00634448389466,-14.6206746094974,-27.1018521021098
113.833333333333,0.128350667641055,2.27402490056336,5.26838888038059,7.98594023176853,6.28968580509721,-1.34699570513452,-13.8132038299545,-26.2267020456606
114,0.147890385587842,2.27694168203427,5.34208539640164,8.22359564339436,6.74490195290794,-0.68777403467673,-12.9989129123146,-25.3380723577756
114.166666666667,0.16557058657404,2.2771136534147,5.41330225510475,8.45968953229398,7.19811965577241,-0.0288434722232682,-12.1779031025725,-24.4360325544962
114.333333333333,0.181224552617432,2.27444860764712,5.48192105834716,8.69404839507292,7.64914238569812,0.629610668851059,-11.3502950285125,-23.5206675205387
114.5,0.194701657040217,2.26886206813005,5.54780936715394,8.92647218002964,8.0977499854513,1.28738278345934,-10.516227958054,-22.5920781477481
114.666666666667,0.2058679509168,2.26027811654633,5.61082158509043,9.15673524766726,8.54370035461426,1.94424834297018,-9.67585876391044,-21.6503821196049
114.833333333333,0.214606761715667,2.24863024526176,5.67079985839749,9.38458737145523,8.98673128497871,2.59996556213563,-8.82936065578535,-20.6957148455532
115,0.220819289777291,2.23386221009115,5.72757495918582,9.6097547303454,9.42656240760988,3.25427731494971,-7.97692174351713,-19.7282305431539
115.166666666667,0.224425189480853,2.21592886055645,5.78096711953802,9.83194084667849,9.86289721361402,3.90691324817572,-7.11874349509094,-18.7481034583808
115.333333333333,0.225363123329876,2.19479692643072,5.83078678629061,10.0508274254865,10.2954251099876,4.55759204043878,-6.25503915258804,-17.7555292054421
115.5,0.223591278650484,2.17044574124801,5.87683526844179,10.2660750536586,10.7238234707612,5.20602375418261,-5.3860321672953,-16.7507261980921
115.666666666667,0.219087838070171,2.14286788544435,5.91890525144422,10.4773237198589,11.1477596418581,5.85191222714496,-4.51195471269918,-15.7339371352705
115.833333333333,0.211851396354597,2.11206973376348,5.95678115498815,10.6841931183387,11.5668928556118,6.49495744908995,-3.63304633127982,-14.7054304958944
116,0.20190131745554,2.07807189340342,5.99023931316572,10.8862827017495,11.980876007724,7.13485786820696,-2.74955276822302,-13.6655019915144
116.166666666667,0.189278026698891,2.04090952099449,6.01904795804967,11.083171449646,12.3893572456797,7.77131256979612,-1.86172504267604,-12.6144759220433
116.333333333333,0.174043233854982,2.00063250778642,6.0429669896479,11.2744173204621,12.7919813134021,8.40402326764772,-0.969818805258127,-11.5527063795001
116.5,0.156434349498432,1.95750412681005,6.06192164912323,11.4598230756908,13.1886719511861,9.03287207999684,-0.0739376643539895,-10.4804588612428
116.666666666667,0.136833523598855,1.9119769593381,6.07601805596989,11.6394517694154,13.5796270923161,9.65790543242816,0.825925795996281,-9.39792702143134
116.833333333333,0.115598087478253,1.86448188327376,6.08537629665811,11.8133676530634,13.9650336953324,10.2791476109978,1.72971107917149,-8.30536182274535
117,0.0930606632542901,1.81542729330462,6.09012926991861,11.9816354931202,14.3450657587065,10.8965976641373,2.63728670318266,-7.20307390568386
117.166666666667,0.0695290931859229,1.76519804496606,6.09042129406317,12.1443197371814,14.7198819615541,11.5102257945429,3.54844669320684,-6.09143613119877
117.333333333333,0.0457703535597531,1.714736354155,6.08701904714813,12.3018861466791,15.0896689290688,12.1201712115238,4.46332188591225,-4.97050855503209
117.5,0.0229270338169592,1.66543926757765,6.08120719226542,12.4551174074963,15.4546033575148,12.7267192597275,5.38233408436671,-3.84009783901559
117.666666666667,0.00199521971209937,1.61852959483472,6.074127139008,12.6046718151212,15.8147888036706,13.3300895712955,6.30576049771179,-2.70016252300585
117.833333333333,-0.0161715455593148,1.57506013615942,6.06678031992317,12.7510869191429,16.1702563533555,13.9304359896582,7.23373508402435,-1.55081195024583
118,-0.0308593657158767,1.53591667460217,6.06003059197469,12.8947824762395,16.5209647263181,14.5278458530792,8.16624911194855,-0.392306032333482
118.166666666667,-0.0414920010634581,1.50181993371287,6.0546059008888,13.0360628273467,16.8667999600008,15.1223387837282,9.1031510941682,0.774944327274667
118.333333333333,-0.0476296317653817,1.47332669087039,6.05109934616805,13.1751188120807,17.2075747932075,15.7138651122288,10.0441462428723,1.95037632304542
118.5,-0.0489682299051983,1.45083022751444,6.04996978486314,13.3120293318386,17.5430278538859,16.3023040564216,10.9887955967057,3.13327401519751
118.666666666667,-0.045339401167432,1.43456029038675,6.05154211282338,13.4467626721286,17.8728227427453,16.887461766077,11.9365149699488,4.32276693521168
118.833333333333,-0.0367105616082246,1.42458273215616,6.05600736299567,13.5791776944004,18.1965470957692,17.4690693418868,12.8865738774753,5.51782868519175
119,-0.0231853189815989,1.42079899513093,6.06342276130052,13.7090250077913,18.5137117032597,18.0467809365645,13.8380945930305,6.71727568518465
119.166666666667,-0.00500393175902558,1.42294559779737,6.07371188158348,13.835948231611,18.8237497602273,18.6201720475244,14.7900515032202,7.91976622167516
119.333333333333,0.0174562773535183,1.4305937803265,6.08666504203172,13.9594854599344,19.1260163220257,19.1887381136039,15.7412709249428,9.12379995052481
119.5,0.04368067266454,1.44314946166731,6.10194008620051,14.0790710402418,19.4197880394692,19.7518935318903,16.6904315595412,10.3277180084204
119.666666666667,0.0730173363569477,1.45985365714873,6.11906369236578,14.1940377785752,19.7042632486198,20.3089712141764,17.63606576234,11.5297038882206
119.833333333333,0.104915930851605,1.48009020920504,6.13757692253831,14.3038589912562,19.9789268858488,20.8595772319805,18.5770387906544,12.7282377697488
120,0.138969687082005,1.50342745254651,6.15705328872274,14.4081688422088,20.2435953610938,21.4036412163512,19.5126120293636,13.922157868204
120.166666666667,0.17469657976038,1.52933105388546,6.17696448050389,14.5065324151801,20.4980725031767,21.9410862626695,20.4419968004895,15.1102372146217
120.333333333333,0.211537912376937,1.55716305478529,6.19668182642239,14.5984459837717,20.7421473033413,22.4718284510033,21.3643547746428,16.2911830175951
120.5,0.248857223375202,1.5861813646803,6.21547819430583,14.6833377079394,20.9755921064653,22.9957770668575,22.2787991881861,17.4636365837665
120.666666666667,0.286278559092073,1.61588463399918,6.23281251180441,14.7609620644259,21.1983694009263,23.5125208040145,23.1840770667923,18.62615337321
120.833333333333,0.323755497695109,1.64610353718998,6.24842587572065,14.8314524980336,21.4106423393197,24.0213656996724,24.0786995261442,19.7773599821237
121,0.361265514538395,1.6767002789417,6.26210707426389,14.8949543711288,21.6125713636601,24.5216672690376,24.9613265176372,20.9160539070236
121.166666666667,0.398808135382276,1.70756678568696,6.27369282602702,14.9516251778328,21.8043129687225,25.012828975762,25.8307674936906,22.04120385291
121.333333333333,0.436402974206228,1.7386227075728,6.28306786840489,15.0016345923505,21.9860183076254,25.4943009734857,26.6859820933806,23.1519486284031
121.5,0.474087694772579,1.76981328618586,6.29016487368124,15.0451642998871,22.1578316602623,25.9655791450909,27.526080561208,24.2475945003895
121.666666666667,0.511915934978823,1.80110714312219,6.29496416358139,15.0824075550331,22.3198887884966,26.4262044591808,28.350323657879,25.3276109490861
121.833333333333,0.549955232883804,1.83249404408744,6.29749318609396,15.1135684085782,22.4723152043502,26.8757626552056,29.158121891494,26.3916248463059
122,0.588284993147543,1.8639826926884,6.29782571273931,15.1388605404702,22.6152243789086,27.3138842596401,29.9490339837147,27.4394131700182
122.166666666667,0.626994532522113,1.89559860751076,6.29608071121041,15.1585056351416,22.7487159204966,27.7402449259243,30.7227645793022,28.4708944598959
122.333333333333,0.666181242993663,1.92738213553364,6.29242084845621,15.172731236744,22.8728737509565,28.1545660809514,31.479161298988,29.4861193033867
122.5,0.705948911219989,1.95938665446176,6.28705058378214,15.1817680269492,22.987764308697,28.5566158513083,32.2182113159687,30.4852602124414
122.666666666667,0.746406233039189,1.99167701620092,6.28021382121816,15.1858464777159,23.0934348066339,28.9462102339646,32.9400376988673,31.4686013019366
122.833333333333,0.787665562042214,2.02432828349236,6.27219110579815,15.1851928463221,23.1899115722902,29.3232144694599,33.6448958058442,32.4365282096445
123,0.829841931497245,2.05742481167847,6.263296369669,15.1800245001892,23.2771984962129,29.6875445716392,34.3331700365431,33.3895187052868
123.166666666667,0.872902915943797,2.09095331332836,6.25364620329733,15.1704145936383,23.3551651327479,30.0390028893541,35.0053800130586,34.3279688000837
123.333333333333,0.916654587898012,2.12479689871669,6.24315434733356,15.1562873300228,23.4235596033659,30.3772804549766,35.6621562059166,35.2521844407744
123.5,0.960883502075331,2.15883831836006,6.23175670371098,15.1375459217912,23.4821255584266,30.7021250371947,36.3042196105371,36.1625418641993
123.666666666667,1.00535599383361,2.19295976535151,6.219411056258,15.1140711456593,23.5306016223661,31.0133422707743,36.9323830119388,37.05948514306
123.833333333333,1.04981759803803,2.22704289950871,6.20609691457525,15.0857199315171,23.5687206904159,31.3107961669504,37.5475539282755,37.9435258968609
124,1.0938730666034,2.26080109761111,6.19170110326106,15.0526031743279,23.5964683736522,31.59412194791,38.1496735553208,38.8140198141574
124.166666666667,1.13702394862222,2.29380462100827,6.17601628645659,15.0150710205843,23.6140773757179,31.8627314253474,38.7376942813601,39.6692210877618
124.333333333333,1.17880869876279,2.32566269436161,6.15885568656883,14.9734286511924,23.6217685986368,32.1161064407722,39.3106355796898,40.5075332942813
124.5,1.21880462789163,2.35602511676432,6.14005416589591,14.9279382272753,23.6197544509123,32.353803405515,39.8675880139592,41.327509815392
124.666666666667,1.25662954481165,2.38458330585651,6.11946889009933,14.8788200721397,23.6082414827735,32.5754576023059,40.4077177015408,42.1278561067532
124.833333333333,1.29194315616686,2.41107081003243,6.09697958651525,14.8262532160526,23.5874324944547,32.7807872771756,40.9302711331647,42.907433303651
125,1.32444828661944,2.43526331623032,6.07248840361144,14.7703754404114,23.5575282680218,32.9695975475502,41.4345802333388,43.6652626920381
125.166666666667,1.35389197668969,2.45697817545992,6.04591937339954,14.7112829646303,23.5187290727496,33.1417841499597,41.9200675344016,44.4005306141292
125.333333333333,1.38006651102973,2.47607346597906,6.01721747711256,14.6490299221213,23.4712360879884,33.2973370481088,42.3862513288724,45.1125934246644
125.5,1.40281042522154,2.49244661584966,5.98634731693278,14.583627770378,23.4152528751547,33.4363439183909,42.8327506617314,45.8009821708524
125.666666666667,1.4220095342928,2.50603261356642,5.95329140410702,14.5150447736441,23.3509870112888,33.5589935243677,43.2592900279433,46.4654067370962
125.833333333333,1.43759802087442,2.51680184862672,5.91804808750927,14.4432056844233,23.2786519701401,33.6655789833984,43.6657036521311,47.1057592740014
126,1.44955961515591,2.5247576441756,5.88062916751797,14.3679917320728,23.1984693030088,33.7565009167262,44.0519392473092,47.7221168171974
126.166666666667,1.45792889243107,2.52993357162237,5.84105726840887,14.289241003386,23.110671131301,33.832270458331,44.418061177537,48.3147430913163
126.333333333333,1.46279270701988,2.53239067197013,5.79936307795099,14.206749272559,23.015502917397,33.8935120775448,44.7642529836961,48.8840895837448
126.5,1.46427592658168,2.53220609313698,5.7554707865767,14.1201841645685,22.9131409698618,33.9408339434076,45.0908283053485,49.4306949480534
126.666666666667,1.46256690032925,2.52949621496003,5.70922441178168,14.0291263058237,22.803713325335,33.9748600364683,45.398275909705,49.9551996283127
126.833333333333,1.4579468596961,2.52443591353212,5.66051148850378,13.9331775409923,22.6873960739923,33.9963781148168,45.6872729599254,50.4584546401168
127,1.45079170841534,2.51725718312552,5.60926119193323,13.8319625774997,22.564414636773,34.0063394039411,45.9586848391257,50.9415225815146
127.166666666667,1.4415739623604,2.50824894111433,5.55544359780196,13.7251311256648,22.4350444469908,34.0058572018173,46.2135645625981,51.405679557581
127.333333333333,1.43049899030648,2.49742037532138,5.4987766581034,13.612191487486,22.2992264440799,33.9953699170541,46.4524102774881,51.8515566317074
127.5,1.41746632609521,2.48449990757013,5.43875650119956,13.4925646114379,22.1565877487985,33.9745855702967,46.6750801074706,52.2790223866392
127.666666666667,1.40241545054407,2.46927210059286,5.37496598348034,13.3657794410288,22.006836490476,33.9432888618226,46.8814903874061,52.6879853425452
127.833333333333,1.38532544517517,2.45157754678348,5.30707462973212,13.231472690781,21.8497614592161,33.9013405079362,47.0716141549163,53.078394348066
128,1.36621449676624,2.43131252586143,5.23483833139599,13.089388301994,21.6852314057422,33.8486762989299,47.2454795295538,53.4502388858738
128.166666666667,1.3451392745613,2.40842846201715,5.15809883639268,12.9393766264865,21.5131940196772,33.7853058938008,47.4031679998562,53.8035493277777
128.333333333333,1.32219420346223,2.38293121380276,5.07678306716759,12.781393389213,21.3336746197347,33.7113113702669,47.5448126421848,54.1383971728908
128.5,1.29751065744274,2.35488023188941,4.99090230572896,12.6154984823703,21.1467745912349,33.6268455513581,47.6705962984268,54.4548952995923
128.666666666667,1.27125609780712,2.3243876208617,4.9005512857409,12.4418546444204,20.9526696076466,33.5321301320164,47.7807497422789,54.753198257925
128.833333333333,1.24363318079983,2.29161714151822,4.80590723224681,12.2607260774564,20.7516076736485,33.427453630803,47.8755498658764,55.0335026237005
129,1.21487885850911,2.25678318976435,4.70722888940057,12.0724770556131,20.5439070276411,33.3131691930907,47.9553179199717,55.2960474291305
129.166666666667,1.18526349606139,2.22014978721105,4.60485557575836,11.8775705758996,20.3299539418962,33.1896922731264,48.020417841703,55.5411146775229
129.333333333333,1.15509002683862,2.1820296171245,4.49920630531716,11.6765671010034,20.1102004587568,33.0574982232199,48.0712547042893,55.7690299419006
129.5,1.12469316593573,2.14278313750807,4.39077901066796,11.4701234413997,19.8851621016326,32.9171198191446,48.1082733227734,55.9801630398009
129.666666666667,1.09443870037638,2.10281780093767,4.28014990244767,11.2589918216046,19.6554156000832,32.7691447517178,48.1319570493107,56.1749287695624
129.833333333333,1.06460705604689,2.06254258668499,4.16785867550136,11.0438087029103,19.4215496071463,32.6141214650429,48.1426591003529,56.3537488059562
130,1.0353639975336,2.02232069808117,4.05436202201926,10.8250569022052,19.1841235790644,32.4525145362104,48.1405781380525,56.5170083627809
130.166666666667,1.00686153327237,1.98249032343569,3.94012431798806,10.6032569303376,18.9436934989448,32.2847723839663,48.1259127024422,56.6650739291206
130.333333333333,0.979237385410873,1.94336394410619,3.82561710523931,10.3789667334646,18.7008102018372,32.1113242148246,48.0988594653629,56.7982938031027
130.5,0.952614477401008,1.90522770939368,3.71131874436154,10.1527816935026,18.4560178656134,31.9325769749458,48.0596114473205,56.9169981235334
130.666666666667,0.926946188935532,1.86814229539677,3.59754012442986,9.92506820618874,18.2095713814639,31.7487363484629,48.0081998890592,57.0213790594944
130.833333333333,0.902046961110272,1.83196644155715,3.48440847223773,9.69594755082001,17.9614408750654,31.5598214698417,47.9445335079444,57.111505989862
131,0.877761482401026,1.79656739365116,3.37203357752946,9.46555430907013,17.7115965516342,31.3658498338843,47.8685753712369,57.1874530417458
131.166666666667,0.853964203063093,1.76182109526534,3.26050823380879,9.23403634253772,17.4600103301082,31.1668387081734,47.7803436044398,57.2492999142831
131.333333333333,0.83055903736732,1.72761264813898,3.14990889491438,9.00155490125051,17.2066578347809,30.962806906222,47.6799122309628,57.2971330524368
131.5,0.807479217832259,1.69383698327105,3.04029650427206,8.76828482827097,16.9515206286178,30.7537768299997,47.5674121293144,57.3310471479406
131.666666666667,0.784687267630089,1.66039968721603,2.93171745438359,8.53441482558085,16.6945885799759,30.5397766936726,47.4430320894169,57.3511469516543
131.833333333333,0.762175058878552,1.62721793014091,2.82420463398727,8.30014774562087,16.4358622644224,30.3208428467213,47.3070199454049,57.3575493879973
132,0.739963925728357,1.5942214441328,2.71777851961044,8.06570087148402,16.1753553148594,30.0970221230337,47.1596837585218,57.3503859676966
132.166666666667,0.718104802151711,1.56135350205962,2.61244826710471,7.83130614706701,15.9130966453689,29.8683741521487,47.0013930205985,57.3298054996872
132.333333333333,0.69667835525585,1.52857184910765,2.50821275737874,7.59721031672953,15.6491324864442,29.6349735788053,46.8325798461804,57.2959771064105
132.5,0.675795085899648,1.4958495410413,2.4050615490747,7.36367493244219,15.3835281811403,29.3969121467906,46.6537401197845,57.2490935486818
132.666666666667,0.655595369483639,1.46317564533405,2.30297568951179,7.13097618525117,15.116369702903,29.1543006124718,46.4654345641252,57.1893748663245
132.833333333333,0.636249411107394,1.43055576366987,2.20192833396263,6.89940451735528,14.8477648663708,28.9072704621956,46.268289695553,57.1170723383882
133,0.617957090919819,1.39801233696029,2.10188512232428,6.66926397133874,14.5778442123261,28.6559754159797,46.0629986345203,57.0324727614125
133.166666666667,0.600531241933672,1.36515517242696,2.00243773314668,6.44033492553086,14.3062317240763,28.3999400690694,45.8494793366665,56.9353276448238
133.333333333333,0.583460165029304,1.33127150292388,1.90287184737656,6.21194059722076,14.0321420451649,28.1381641232692,45.6269557725011,56.8249706352367
133.5,0.566355040337132,1.29580093467989,1.80256868764027,5.98351698869664,13.7549596330462,27.8698281128607,45.3948416245266,56.7009502729638
133.666666666667,0.548949230149719,1.25833555355606,1.70100591607839,5.75461257753406,13.4742393672625,27.5942947898354,45.1527408294099,56.563028632519
133.833333333333,0.531097299312504,1.21861951009921,1.59775791985715,5.52488740975524,13.1897065874982,27.3111101220243,44.9004473531513,56.4111785825739
134,0.512535266893626,1.17624131791292,1.49235182877639,5.29387222645542,12.9008921670457,27.0196494479848,44.6374671478211,56.2451271992216
134.166666666667,0.492837855871472,1.13059232547463,1.38425103748231,5.06094923391853,12.6070875676677,26.7190682162373,44.3629564055424,56.0642919916697
134.333333333333,0.471636737525459,1.08115419928779,1.2729911355164,4.82558311820646,12.3076888458069,26.408633654702,44.076169623279,55.8682017417881
134.5,0.448621603373467,1.02750046653985,1.1581802200181,4.58732189518832,12.0021989744176,26.0877273590102,43.7764615876286,55.6564950184433
134.666666666667,0.423541207824602,0.96929794777831,1.03949893565503,4.34579742673754,11.6902299291663,25.7558478177146,43.4632892112729,55.428918594231
134.833333333333,0.396204336369859,0.906308034185317,0.916700221582268,4.10072558913453,11.3715045113446,25.412612825241,43.1362131869671,55.185325843838
135,0.366480658715574,0.838387770604772,0.789608758668707,3.85190609464401,11.0458578885603,25.057761738708,42.794899429501,54.9256751943977
135.166666666667,0.334301432129068,0.765490713886615,0.658120126310397,3.59922198455983,10.7132388445202,24.6911575417604,42.4391202820151,54.6500286925425
135.333333333333,0.299660027130687,0.687667545922604,0.522199696239316,3.34263883111746,10.3737107405194,24.3127886869527,42.0687554701361,54.3585507507849
135.5,0.262612255247246,0.605066431513176,0.381881310080662,3.08220370585111,10.0274522031716,23.9227706976647,41.6837927953574,54.0515071375673
135.666666666667,0.22327648656712,0.517933122501187,0.237265807151032,2.81804399240165,9.67475756500579,23.5213475206938,41.2843285676681,53.7292642809103
135.833333333333,0.181833553074518,0.4266108210672,0.0885194881770139,2.55036614156239,9.31603709646595,23.1088926312649,40.8705677864289,53.3922889651558
136,0.138526442003363,0.331539826401668,-0.0641273817724584,2.27945448451035,8.95181707926682,22.685909902982,40.4428240877211,53.041148514052
136.166666666667,0.0936597916119835,0.233256999938592,-0.220381912870113,2.00567023569621,8.58273978177554,22.2530342660254,40.0015194857409,52.6765115718045
136.333333333333,0.0475992097688995,0.132395094826864,-0.379889643091062,1.72945082873528,8.2095634069836,21.8110321875034,39.5471839451833,52.299149617554
136.5,0.000496308828827008,0.0293197414538671,-0.542509441273383,1.45104325223384,7.83276193487671,21.3600896492932,39.0797063268535,51.9089359907647
136.666666666667,-0.0477626462970104,-0.0759363037739424,-0.708363396557808,1.17044156831587,7.45244264152667,20.8997599148604,38.5983183286781,51.504821440365
136.833333333333,-0.0973063397133827,-0.18334135227746,-0.877584363581772,0.887625668458517,7.06870853164799,20.4296543879166,38.1023399582004,51.0858304732568
137,-0.148275997029503,-0.29286170676453,-1.05031134450998,0.602566811778415,6.68166318238442,19.9494478621723,37.5911856787757,50.6510692058654
137.166666666667,-0.200822877696145,-0.404458505335046,-1.22668418867197,0.315234147334346,6.29141576933317,19.4588826053397,37.0643700926622,50.1997330250048
137.333333333333,-0.254956260552518,-0.517978146381255,-1.40661059924805,0.0257321669940583,5.89819675685013,18.9579374583577,36.5215043469719,49.7312795496677
137.5,-0.310527206059612,-0.633143313323485,-1.58975816410076,-0.265692182945276,5.50234911257499,18.4468292752897,35.9623235229833,49.2454370753911
137.666666666667,-0.367368056190142,-0.749652854429487,-1.77577673759747,-0.558774888882471,5.10421578640623,17.9258478875412,35.3867106894109,48.742045652283
137.833333333333,-0.425288987635527,-0.867177907101276,-1.96429539806903,-0.853230704095335,4.7041450117872,17.3953573354578,34.7947003755966,48.2210624631213
138,-0.484074453923947,-0.985357962541416,-2.15491943433244,-1.14874892543988,4.30249603060958,16.8557971859084,34.1864816815209,47.6825667108712
138.166666666667,-0.543479577018663,-1.10379695450264,-2.3472274388413,-1.44498920264049,3.89964514621507,16.3076840322007,33.5624009922523,47.1267638670601
138.333333333333,-0.603226548294217,-1.22205945699786,-2.54076858923874,-1.74157747484205,3.49599199138989,15.7516132423261,32.9229642569886,46.5539891412328
138.5,-0.663001097261941,-1.33966707542538,-2.7350602022639,-2.03810213199351,3.09196588027932,15.1882609845619,32.2688387881738,45.9647100481143
138.666666666667,-0.722449083568455,-1.45609511288456,-2.92958564344444,-2.33411049919482,2.68803209498831,14.6183865187041,31.6008545369588,45.3595279727264
138.833333333333,-0.781173263032579,-1.57076958773913,-3.12379267207448,-2.62910573964989,2.28469793982929,14.0428346997756,30.9200048092648,44.73917866352
139,-0.838730271126765,-1.68306466886444,-3.31709229291015,-2.92254426557587,1.88251837974684,13.4625386022498,30.2274464025685,44.1045316180422
139.166666666667,-0.894627856583596,-1.79230058059165,-3.5088581731529,-3.21383373560689,1.48210106598146,12.8785221400666,29.5244991669733,43.4565883628781
139.333333333333,-0.94832238289598,-1.89774200923973,-3.69842666510108,-3.50233170127477,1.08411054379253,12.2919025346196,28.8126450241726,42.7964796676669
139.5,-0.999216595521768,-1.99859701645075,-3.88509745099122,-3.78734494358406,0.689271437001662,11.7038924733494,28.0935265132963,42.1254617702015
139.666666666667,-1.04665762668724,-2.09401643050367,-4.0681347968976,-4.06812951325353,0.298370415820402,11.1158018097995,27.3689449722176,41.4449117248003
139.833333333333,-1.09018319734549,-2.18332204209682,-4.2465655224416,-4.34384164879487,-0.0880623718843447,10.5285367015752,26.6400938897543,40.7560496294614
140,-1.1295649580174,-2.26606859286359,-4.41927215266727,-4.61361201589585,-0.469807358358938,9.94251938204184,25.9074729737282,40.059800368554
140.166666666667,-1.16458424276266,-2.34184808710924,-4.58524629270419,-4.87663649054557,-0.846664946033182,9.35814860658177,25.1716093309896,39.3569994042043
140.333333333333,-1.1950339431155,-2.41029158532477,-4.74359238069776,-5.13218067397846,-1.21845717936323,8.77579828701104,24.4330564599268,38.6483942140112
140.5,-1.22072001202809,-2.47107046624654,-4.89353040240071,-5.379583249215,-1.58502894889359,8.19581639361407,23.6923935494807,37.9346456102573
140.666666666667,-1.24144682383852,-2.52388859769323,-5.03428582974619,-5.61817113180268,-1.94616337103936,7.61865622365,22.9502159532832,37.2164299677616
140.833333333333,-1.25704188738152,-2.56850836941811,-5.16511934692511,-5.84730015738047,-2.30160021651386,7.04484563417654,22.2070910779743,36.4944256653967
141,-1.26738417686418,-2.60477207449328,-5.28545268030368,-6.06646149885362,-2.65112972444873,6.47483991054945,21.4635455486066,35.7692050967611
141.166666666667,-1.27240460652103,-2.63260165484634,-5.39486740747976,-6.27528031489376,-2.9945916121064,5.90902215380137,20.7200653676505,35.0412345516187
141.333333333333,-1.27208648161738,-2.65199841301265,-5.49310325430849,-6.47351386103361,-3.33187405295425,5.34770372605702,19.9770960953182,34.3108737354274
141.5,-1.26646596392955,-2.66304274599176,-5.58005596968555,-6.66104916490575,-3.66291267506337,4.79112471740101,19.2350430158384,33.578374975448
141.666666666667,-1.25563258512118,-2.66589395174786,-5.65577488506434,-6.83790038410503,-3.98768962813878,4.23945440144198,18.4942712602447,32.8438821857045
141.833333333333,-1.23972983665514,-2.66079015340691,-5.72046028200556,-7.00420598164803,-4.30623276427979,3.69279165045102,17.7551058609729,32.1074296898807
142,-1.21895585994503,-2.64804838053315,-5.77446070474301,-7.16022586824535,-4.61861497473979,3.15116528444684,17.0178317170836,31.3689410322498
142.166666666667,-1.19356425529695,-2.62806484098753,-5.81827036454433,-7.30633867128934,-4.9249537224398,2.61453433200045,16.282693451217,30.6282279428982
142.333333333333,-1.16386502279187,-2.60131541078602,-5.85252678792488,-7.4430392969082,-5.225410807731,2.08278818387131,15.5498951404711,29.8849896652312
142.5,-1.13022564261841,-2.56835636312486,-5.87800886153608,-7.57093695358617,-5.52019240285263,1.55574662387709,14.819599903274,29.1388129005539
142.666666666667,-1.0930722965542,-2.52982535142017,-5.8956354233552,-7.69075380418276,-5.8095493886617,1.03315972462422,14.0919293230016,28.3891726742948
142.833333333333,-1.05289122643298,-2.48644265496695,-5.90646454360657,-7.80332440857183,-6.09377802550257,0.514707598843668,13.3669626865371,27.6354344766975
143,-1.01023021973083,-2.43901268988509,-5.91169363083046,-7.90959611264371,-6.37322098853155,0,12.6447360121194,26.8768580695807
143.166666666667,-0.965953677979114,-2.3887314499776,-5.91263695597574,-8.01070493839941,-6.64853048938752,-0.511450766958498,11.9246932590071,26.1120963371192
143.333333333333,-0.921176020230593,-2.33708621475617,-5.91060341648443,-8.10788036563695,-6.92061514184399,-1.02019812893884,11.2057436793842,25.339377212844
143.5,-0.876973666905452,-2.28549926682268,-5.9068593731583,-8.20232351259052,-7.19035231919905,-1.52681889264491,10.4868369717692,24.5571000465088
143.666666666667,-0.834383789095233,-2.23532754801293,-5.90262927926302,-8.29520765910097,-7.45858901048015,-2.03191322667873,9.76696184878904,23.7638355529401
143.833333333333,-0.79440294517885,-2.18786195998229,-5.89909579132987,-8.38767827271393,-7.72614210542255,-2.53610436088611,9.04514509168228,22.9583251388327
144,-0.757869850130371,-2.14428158569422,-5.8972851412401,-8.48064216339668,-7.99375113478331,-3.03994642715258,8.32061864779989,22.1395182965813
144.166666666667,-0.725435168173814,-2.10560574239885,-5.89802028856296,-8.57472934906501,-8.2620386694985,-3.54388166031902,7.59284296465554,21.306614347107
144.333333333333,-0.697661427355327,-2.07271381230971,-5.90201077096594,-8.67048359026762,-8.53153708133818,-4.04830975481449,6.86135189413369,20.4590422146193
144.5,-0.675021435446129,-2.0463433755683,-5.90985092179718,-8.76836080704139,-8.8026874337105,-4.55358628108638,6.12575413807477,19.5964565874856
144.666666666667,-0.65789666577018,-2.02708820145745,-5.92201787423083,-8.8687272600499,-9.07583807007059,-5.06002091597388,5.38573504659333,18.718733912577
144.833333333333,-0.646575641184117,-2.01539615169374,-5.93886941306718,-8.97185755853109,-9.35124296904071,-5.56787554006218,4.64105867398394,17.8259683712387
145,-0.641252341902296,-2.01156704736462,-5.96064173416891,-9.07793255594747,-9.62905993428463,-6.07736224964089,3.89157000757957,16.9184679977764
145.166666666667,-0.642024661407736,-2.01575055010777,-5.98744717137848,-9.18703719357743,-9.90934868716359,-6.58864132665027,3.13719729454328,15.9967510909612
145.333333333333,-0.648892934033143,-2.02794410806455,-6.01927195124154,-9.29915835225016,-10.1920689308515,-7.10181920651792,2.37795440045363,15.0615430411094
145.5,-0.661758557675417,-2.04799101762429,-6.05597403664005,-9.41418277269598,-10.4770784555636,-7.61694648061054,1.61394314184988,14.1137736563365
145.666666666667,-0.680422735287603,-2.07557865269885,-6.09728112124479,-9.53189510528606,-10.7641313555652,-8.13401596665368,0.84535554280713,13.1545750280291
145.833333333333,-0.70458535907419,-2.11023691396746,-6.14278883730407,-9.65197615005182,-11.0528764294336,-8.65296087638246,0.0724759732888662,12.1852799328665
146,-0.73384406153329,-2.15133695100129,-6.19195923952493,-9.774001347639,-11.3428558354726,-9.17365310435298,-0.704316865367087,11.2074207309196
146.166666666667,-0.767693457514999,-2.19809021026085,-6.2441196275543,-9.89743958115415,-11.6335040740918,-9.69590165478463,-1.48454813482966,10.2227286890153
146.333333333333,-0.805524601205556,-2.24954786155279,-6.29846176875925,-10.0216523476379,-11.9241473683018,-10.2194512141344,-2.26764525334426,9.23313363698771
146.5,-0.846872523874155,-2.30494516067665,-6.35440226474388,-10.1461956933083,-12.214179800637,-10.7440148351219,-3.05319581182546,8.24007566953569
146.666666666667,-0.891483785229746,-2.36379773622858,-6.4116565852824,-10.27088746028,-12.503130045415,-11.2693001008276,-3.84101522734543,7.24437725175427
146.833333333333,-0.939102227970685,-2.42560508517817,-6.46991498813093,-10.3955378715014,-12.7905179722588,-11.7949878045482,-4.63092080624706,6.24686643670391
147,-0.989468731442003,-2.48985049067638,-6.52884204615921,-10.5199486053024,-13.0758540993986,-12.320731069189,-5.42273087580943,5.24837499499716
147.166666666667,-1.04232102745497,-2.55600102338718,-6.58807627058958,-10.6439119317927,-13.3586391040721,-12.8461546079374,-6.21626414444259,4.24973585260177
147.333333333333,-1.09697715376197,-2.62307810967599,-6.64686329109212,-10.7666736017965,-13.6378335763766,-13.3702015117758,-7.01049692777371,3.25235516539861
147.5,-1.15239838133718,-2.68974801769573,-6.70412386724855,-10.8869999113617,-13.9119547077214,-13.8912360447648,-7.80364384030418,2.25809564755284
147.666666666667,-1.20763730383834,-2.75479765507711,-6.7588559403387,-11.0037486568261,-14.1796553621034,-14.4077483763262,-8.59404159242809,1.26864398049426
147.833333333333,-1.26183811088433,-2.81713598210501,-6.81013655218545,-11.1158703197194,-14.4397250546891,-14.9183554351858,-9.38015028988094,0.285511682248853
148,-1.31423689441519,-2.87579539035578,-6.85712370414955,-11.2224091751041,-14.6910908112574,-15.4218018538438,-10.1605546906751,-0.689963365097532
148.166666666667,-1.36416196374795,-2.92993301436923,-6.89905811186685,-11.3225042926662,-14.932817898718,-15.9169609844102,-10.9339654113564,-1.65661486280637
148.333333333333,-1.41103414215126,-2.97883193816935,-6.93526480524046,-11.415390394268,-15.1641104110249,-16.4028359606942,-11.6992200689463,-2.61344564217823
148.5,-1.45436701650302,-3.02190225532217,-6.96515452008361,-11.5003985289667,-15.384311691791,-16.8785607778025,-12.4552843414616,-3.55962492440567
148.666666666667,-1.49376711189269,-3.05868194077232,-6.98822482759091,-11.5769565265527,-15.5929045747086,-17.3434013591674,-13.2012529284443,-4.49448539606084
148.833333333333,-1.52893396483225,-3.08883749486604,-7.00406095033371,-11.6445891932759,-15.7895114253279,-17.7967565817867,-13.9363503934107,-5.41752019159043
149,-1.55966007193098,-3.11216432458587,-7.01233621847653,-11.702918218288,-15.9738939725746,-18.2381592333254,-14.6599318724094,-6.32837986450007
149.166666666667,-1.58583069529948,-3.12858683384907,-7.01281212707523,-11.7516617660742,-16.1459529252544,-18.6672768793821,-15.3714836367489,-7.22686942157998
149.333333333333,-1.60742351137262,-3.1381582034485,-7.00533796426227,-11.7906337383579,-16.3057273772918,-19.0839126253604,-16.070623503199,-8.11294549028313
149.5,-1.6245080960488,-3.14105985148823,-6.98984999043566,-11.8197426981907,-16.453394015155,-19.4880057647363,-16.7571010913088,-8.98671368871203
149.666666666667,-1.63724524580682,-3.1376005766162,-6.96637015982364,-11.8389904587571,-16.5892661513701,-19.8796323137553,-17.4307979346823,-9.8484262709133
149.833333333333,-1.64578185352263,-3.128056646105,-6.93489266739253,-11.8483201987625,-16.7136441060658,-20.2587271424007,-18.091603894503,-10.6985730889705
150,-1.6502545252036,-3.11266842830202,-6.8953999450756,-11.8476395718822,-16.8268102566491,-20.6251158137472,-18.7394246545572,-11.5378481239639
150.166666666667,-1.65089504624142,-3.09179673320488,-6.84798250385607,-11.8369826427252,-16.9291749253964,-20.9788104765162,-19.3743103244475,-12.3670397785578
150.333333333333,-1.64802911115027,-3.06592132296649,-6.79283854572637,-11.8165096560075,-17.0212757310237,-21.3200115522904,-19.9964562103916,-13.1870305169339
150.5,-1.64207494413902,-3.03563939169492,-6.7302737577932,-11.7865069738584,-17.1037769413191,-21.6491087129023,-20.6062025797193,-13.9987969638729
150.666666666667,-1.63326773263703,-3.00130183278585,-6.66042706651627,-11.7471207513696,-17.1770687629901,-21.9659689331076,-21.2032850912707,-14.8024073014095
150.833333333333,-1.62160779805195,-2.96294692552007,-6.5832211334196,-11.6982944377583,-17.2411843636831,-22.2698840125782,-21.7868176414509,-15.596995044565
151,-1.60711066705372,-2.92063175785175,-6.49861484618828,-11.6400070677635,-17.2961618738538,-22.5602609662533,-22.3560362867532,-16.3817535471277
151.166666666667,-1.5898093270909,-2.87443511971035,-6.40660755844604,-11.5722778084772,-17.3420488755106,-22.8366266732811,-22.9103035065847,-17.1559420219601
151.333333333333,-1.56975678118735,-2.82446069584697,-6.30724354823843,-11.4951708982082,-17.3789071564471,-23.0986313145977,-23.4491117877329,-17.9188914668415
151.5,-1.54702885851351,-2.77084050278618,-6.20061662070027,-11.4088008881495,-17.4068177372104,-23.346050785993,-23.9720865885729,-18.670010447535
151.666666666667,-1.52172723528628,-2.71373850982226,-6.0868747676606,-11.3133380851843,-17.4258861620111,-23.5787882920517,-24.478988758041,-19.4087906726113
151.833333333333,-1.49398261933518,-2.65335438012311,-5.96622478497721,-11.2090140825457,-17.4362480308652,-23.7968753384648,-24.9697164918112,-20.1348122776346
152,-1.46395805090694,-2.58992726465842,-5.83893673749068,-11.0961272544508,-17.4380747372114,-24.0004723428129,-25.4443069062794,-20.8477487216072
152.166666666667,-1.43185227183108,-2.52373957880384,-5.70534815210679,-10.9750480816541,-17.4315793621364,-24.1898690755683,-25.9029373016318,-21.5473711878799
152.333333333333,-1.39790311505757,-2.45512068923632,-5.56586781226884,-10.8462241676559,-17.4170226625245,-24.3654851238516,-26.34592617136,-22.2335523766286
152.5,-1.36239086699063,-2.38445043746616,-5.42097902269503,-10.7101848007392,-17.3947190755312,-24.5278705417869,-26.7737340008033,-22.9062695776708
152.666666666667,-1.32564155632803,-2.31216242657142,-5.27124221253533,-10.5675449158596,-17.3650426456366,-24.6777068155184,-27.1869638854788,-23.5656069216194
152.833333333333,-1.28803012576431,-2.23874700009174,-5.11729674887377,-10.4190083134953,-17.3284327633777,-24.8158082310822,-27.5863619945247,-24.2117567243256
153,-1.24998344754576,-2.16475384740212,-4.95986184155647,-10.2653700006736,-17.2853995872667,-24.9431236927466,-27.9728179081114,-24.845019863835
153.166666666667,-1.21195749992102,-2.09079992357745,-4.79962581844655,-10.1072924275224,-17.2364686473262,-25.0606285381691,-28.3472562216202,-25.4658954148306
153.333333333333,-1.1744288767989,-2.01755864442867,-4.63721758470477,-9.94528194868288,-17.182177677597,-25.1692913914682,-28.7106432430978,-26.0751064100481
153.5,-1.13791733477588,-1.94574942378541,-4.47330274130807,-9.77990226512173,-17.1231364417872,-25.2701685876897,-29.0640979368326,-26.6735203880798
153.666666666667,-1.102987968233,-1.87613875407806,-4.30858250233563,-9.6117741823795,-17.0600287660449,-25.3644054598629,-29.4088901985766,-27.2621453434179
153.833333333333,-1.07025310791456,-1.80954074390555,-4.14379197417815,-9.44157460753257,-16.9936133091003,-25.453237193486,-29.7464387506337,-27.8421246962681
154,-1.04012599084704,-1.74658879649907,-3.97990169783446,-9.27008462909342,-16.924403791702,-25.5374871845587,-30.0775442107724,-28.4144590512257
154.166666666667,-1.01277726671421,-1.68767345029013,-3.81802399460036,-9.09811425367788,-16.8526137725211,-25.6174861351279,-30.4023028968181,-28.9798673934022
154.333333333333,-0.988359072745977,-1.63313785969601,-3.65915908002818,-8.9264105930916,-16.7784461647205,-25.6935319638989,-30.7208277785304,-29.5389922654139
154.5,-0.967002976080712,-1.58327576534414,-3.50419079510317,-8.75565232858187,-16.702090579096,-25.765888081082,-31.0332472916085,-30.0924005316577
154.666666666667,-0.948818278864823,-1.53832997396299,-3.35388337468235,-8.58644535601054,-16.6237212768318,-25.8347821416024,-31.3397045211411,-30.6405839724011
154.833333333333,-0.93389061777739,-1.49849125817949,-3.20887917601641,-8.41931952809738,-16.5434956578877,-25.9004052070367,-31.6403566711356,-31.1839596313601
155,-0.922280795802238,-1.4638975925263,-3.06969729787308,-8.25472641829072,-16.4615532146463,-25.9629112508675,-31.9353747459127,-31.722869871132
155.166666666667,-0.914023789776204,-1.43463364790667,-2.93673302109571,-8.0930380314931,-16.3780148839827,-26.0224169459991,-32.2249433782293,-32.2575821165739
155.333333333333,-0.909127882655783,-1.41073047267029,-2.81025799508496,-7.93454638054971,-16.2929827343755,-26.0790016779328,-32.509260747755,-32.7882882891561
155.5,-0.907573874681006,-1.39216529438456,-2.69042108311646,-7.77946383557213,-16.2065399280734,-26.1327077315297,-32.7885385417563,-33.3151039572225
155.666666666667,-0.909314332780132,-1.37886138239976,-2.57724976452794,-7.62792413779179,-16.1187509016814,-26.18354060389,-33.0630019173539,-33.8380672494522
155.833333333333,-0.914272842744935,-1.370687917448,-2.47065197576072,-7.47998395290875,-16.0296617118631,-26.231469400529,-33.332889431353,-34.3571376030113
156,-0.922343233997548,-1.36745982082612,-2.3704182570953,-7.33562482295511,-15.9393004962105,-26.2764272767186,-33.5984529093064,-34.8721944451568
156.166666666667,-0.933388752234947,-1.3689375022173,-2.27622405942426,-7.19475536233879,-15.8476780027237,-26.3183118905755,-33.8599572300584,-35.3830359385797
156.333333333333,-0.947241160922331,-1.3748264919129,-2.18763205678767,-7.05721353427181,-15.7547881448229,-26.3569858391832,-34.1176800055114,-35.8893779574382
156.5,-0.963824491021831,-1.38495256775269,-2.1043004803251,-6.92286276715059,-15.6606842303895,-26.3926091256119,-34.3721676454172,-36.3909417640947
156.666666666667,-0.983131421089886,-1.39922927453208,-2.02594913559622,-6.79155483588381,-15.565459987391,-26.4255906346811,-34.6241578331201,-36.8874228374566
156.833333333333,-1.00508608065519,-1.41746550744968,-1.95213674968309,-6.66301772397542,-15.4691632860434,-26.4562308907904,-34.8742839031584,-37.3783880556873
157,-1.02954289982076,-1.43936467295072,-1.8822620637771,-6.53685651666031,-15.3717947907202,-26.484721008565,-35.1230743633552,-37.8632782624481
157.166666666667,-1.0562855206692,-1.46452389913441,-1.81556443656726,-6.41255377130269,-15.273306502054,-26.5111416726251,-35.3709525492913,-38.3414127140517
157.333333333333,-1.08477227786316,-1.49212757247994,-1.75114730267305,-6.28939473257526,-15.1733384399367,-26.5354355874458,-35.6176887422609,-38.8114887440555
157.5,-1.11420346036323,-1.52104880662464,-1.68810160310295,-6.16656392579215,-15.0712717794397,-26.5574388715655,-35.8624586526404,-39.2717646368146
157.666666666667,-1.14381007423337,-1.5502070457204,-1.62554429581403,-6.04326854636995,-14.9665166576314,-26.5769232007661,-36.1044198714814,-39.7206570338974
157.833333333333,-1.17285588793911,-1.57856981943466,-1.56261916969421,-5.91873962843222,-14.8585116054227,-26.5935957013791,-36.3427118481567,-40.1567419767587
158,-1.20063960592058,-1.60515489208199,-1.49849821709156,-5.7922337597653,-14.7467236308603,-26.6070991764458,-36.5764564124238,-40.5787553438943
158.166666666667,-1.2264970770063,-1.62903265739238,-1.43238341018422,-5.66303517594061,-14.6306488168518,-26.6170125510304,-36.8047586538723,-40.9855924529063
158.333333333333,-1.24980345793183,-1.64932864744272,-1.36350874091244,-5.53045808034858,-14.5098133055173,-26.6228514374052,-37.0267079911081,-41.3763067049334
158.5,-1.26997526303479,-1.66522603739639,-1.29114239510735,-5.3938490473915,-14.3837745478007,-26.6240687320032,-37.2413792798512,-41.7501072505989
158.666666666667,-1.28647223947313,-1.6759680374432,-1.21458893936541,-5.25258937375851,-14.2521227013994,-26.6200551651966,-37.4478338241735,-42.1063557433786
158.833333333333,-1.29879901338913,-1.68086007018874,-1.13319140459405,-5.10609724809935,-14.1144820631646,-26.6101397331596,-37.6451201690858,-42.4445623108699
159,-1.30650645662595,-1.67927163615535,-1.04633315341595,-4.95382961302611,-13.9705124244822,-26.5935899492821,-37.8322745662558,-42.764380913086
159.166666666667,-1.3091927261978,-1.6706377724529,-0.953439420169278,-4.79528359567503,-13.8199102403641,-26.5696118617615,-38.0083210184545,-43.0656042695978
159.333333333333,-1.30650393001183,-1.654460010475,-0.853978412470944,-4.6299973845034,-13.6624095056323,-26.5373497951455,-38.1722708230503,-43.3481585273242
159.5,-1.29813437263892,-1.63030673809617,-0.747461862611337,-4.45755043101158,-13.4977822352652,-26.4958857878791,-38.3231215512536,-43.6120978135273
159.666666666667,-1.28382633453355,-1.59781287071411,-0.633444915819962,-4.27756285608904,-13.3258384513708,-26.4442387166824,-38.4598554186772,-43.8575987806172
159.833333333333,-1.26348995194722,-1.55685877240277,-0.511798130035575,-4.08987882710444,-13.1464112131072,-26.3815596590938,-38.581721452076,-44.0850788821834
160,-1.23724735494479,-1.50763263061047,-0.382763893564317,-3.89461844030047,-12.9594059066142,-26.3072351861992,-38.6883469468003,-44.295246352826
160.166666666667,-1.20533496362869,-1.45048287898169,-0.24671350041585,-3.69202056067964,-12.7648403287963,-26.220743511336,-38.7795100861832,-44.4890020131918
160.333333333333,-1.16810403415057,-1.38591897213667,-0.104148547054317,-3.48244402116785,-12.5628453791072,-26.1216555269816,-38.8551408518499,-44.667438505115
160.5,-1.12602092009903,-1.31461165622951,0.0442982994895005,-3.2663682007289,-12.3536652120929,-26.0096359395411,-38.9153219527047,-44.8318399850277
160.666666666667,-1.07941919985979,-1.23704819683131,0.198223882996262,-3.04409061772107,-12.1374805198173,-25.8844105131841,-38.9600304408001,-44.9829940873211
160.833333333333,-1.02843175429732,-1.1534355967609,0.357528989262765,-2.81565902159762,-11.9143411338168,-25.7457400319158,-38.9890697921332,-45.1210646162046
161,-0.973204623193398,-1.06399654123738,0.522094821290534,-2.58113998749174,-11.6843087003152,-25.5934419233002,-39.0022957747673,-45.2462157749041
161.166666666667,-0.913896863413247,-0.968968880354715,0.691783214457781,-2.3406188941479,-11.4474564809525,-25.4273916011486,-38.9996174423955,-45.3586118304721
161.333333333333,-0.850680365525063,-0.868605012552891,0.866437053746699,-2.09419974548971,-11.2038691035907,-25.2475238094792,-38.9809980939303,-45.4584167036168
161.5,-0.783739638508075,-0.763171187671812,1.04588085409283,-1.84200486972098,-10.9536422765846,-25.053833931782,-38.9464561621993,-45.5457935061564
161.666666666667,-0.713271572458414,-0.652946749284646,1.22992146449675,-1.58417452902325,-10.696882479813,-24.8463792326334,-38.8960659973221,-45.6209040499675
161.833333333333,-0.639485189452431,-0.538223337165699,1.41834885601829,-1.32086647212965,-10.4337066456876,-24.6252800028536,-38.829958513892,-45.6839083522995
162,-0.56260139295054,-0.419304071926833,1.61093695316625,-1.052255461349,-10.1642418432598,-24.3907205846939,-38.74832167568,-45.7349641629969
162.166666666667,-0.482852726327664,-0.296502745032676,1.80744446750954,-0.778532805008291,-9.88862497846241,-24.1429502598382,-38.651400797109,-45.7742265393775
162.333333333333,-0.400483151302784,-0.170143038549591,2.00761569158744,-0.499905925795343,-9.60700252344497,-23.88228399007,-38.5394986469701,-45.8018474941463
162.5,-0.315747857220133,-0.0405578000674556,2.21118121040655,-0.216597995130019,-9.31953028789128,-23.6091030079345,-38.412975346413,-45.8179757406158
162.666666666667,-0.228913112320576,0.091911600771688,2.41785848700455,0.0711523365098524,-9.02637324516134,-23.3238552621888,-38.2722480597066,-45.8227565575091
162.833333333333,-0.140256168348762,0.226915806828811,2.62735227776326,0.363091083422201,-8.7277054260781,-23.027055729793,-38.117790482127,-45.8163317925812
163,-0.0500652300873807,0.364097871069256,2.83935483239256,0.658948912652037,-8.42370989319724,-22.7192866121672,-37.9501321340852,-45.7988400200677
163.166666666667,0.0413691951877193,0.503130739854268,3.05356914388817,0.958414812346815,-8.11447259070981,-22.4008754957099,-37.7697004095469,-45.7704173899286
163.333333333333,0.133779595066073,0.643747572594279,3.26972169728424,1.26115363071659,-7.79996410485194,-22.0718627570342,-37.5767711066043,-45.7311701603529
163.5,0.226925259890522,0.785719364296071,3.48754493664163,1.56683997879046,-7.48013786692382,-21.7323071836243,-37.3716007699257,-45.681161025295
163.666666666667,0.320592085127529,0.92885455736612,3.70677623871737,1.8751567789085,-7.15493154039498,-21.3822858161247,-37.1544262017978,-45.6204098973096
163.833333333333,0.41459240229274,1.07299858287117,3.92715667512292,2.18579377992711,-6.82426825271129,-21.0218936266551,-36.925463780489,-45.548894523023
164,0.508660544675551,1.21787456647653,4.14831781891066,2.49829586509594,-6.48820619077763,-20.6515213502065,-36.6850321829984,-45.4664579844338
164.166666666667,0.602457314367919,1.36308076122029,4.36979818236319,2.8120865750228,-6.1469432905326,-20.271823391236,-36.4335437841233,-45.372840940247
164.333333333333,0.695676432251778,1.50824782317055,4.5911636357284,3.12663062435742,-5.8006709110222,-19.8834215024943,-36.1713747623886,-45.2677905369492
164.5,0.788044350820154,1.65303833407733,4.81200767538872,3.44143435699715,-5.44957393655829,-19.4869025443583,-35.8988629169812,-45.1510605476328
164.666666666667,0.879320016064261,1.79714630316024,5.03195189047207,3.7560464056469,-5.0938308485998,-19.0828168869888,-35.6163064396367,-45.0224117976034
164.833333333333,0.969294587228059,1.94029665381739,5.25064660961821,4.07005853421535,-4.73361376067793,-18.6716773674067,-35.3239635420285,-44.881612854807
165,1.05779112274515,2.08224469997721,5.46777170674455,4.38310663954982,-4.36908841118239,-18.2539587192974,-35.0220528392716,-44.7284409591866
165.166666666667,1.14466424008286,2.22277561583052,5.68303754091168,4.69487188589239,-4.00041411048234,-17.8300973987109,-34.7107543909353,-44.5626831622221
165.333333333333,1.22979975656898,2.36170390179237,5.89618600094155,5.00508194139426,-3.6277436405973,-17.4004917335648,-34.3902113022278,-44.3841376460609
165.5,1.31311431761274,2.49887284876817,6.10699162049274,5.31351228130499,-3.25122310737487,-16.9655023289572,-34.0605317897985,-44.1926151908222
165.666666666667,1.39455501808451,2.63415400213762,6.31526272408039,5.61998751733558,-2.87099174680631,-16.5254526638465,-33.7217916190797,-43.9879407588815
165.833333333333,1.47409902202285,2.76744662632775,6.52084255932016,5.92438270750293,-2.48718168865036,-16.080629817802,-33.3740368234364,-43.7699551662031
166,1.55175318531356,2.89867717041621,6.72361036578254,6.22662459584522,-2.09991768188903,-15.6312852694115,-33.0172866197294,-43.538516813031
166.166666666667,1.62755368555134,3.02779873488151,6.92348232659809,6.52669272712606,-1.70931678767066,-15.1776357106782,-32.651536440189,-43.2935034493074
166.333333333333,1.70156566296521,3.15479053938779,7.12041234569328,6.82462037839155,-1.31548804627996,-14.7198638243947,-32.2767610065478,-43.0348139538076
166.5,1.77365171789192,3.2793203455666,7.31410158435622,7.12020275098776,-0.918846882864661,-14.2581748159915,-31.8928869201625,-42.7626214607107
166.666666666667,1.84348645513832,3.40077854948657,7.50403882093029,7.41302669256631,-0.520074611064537,-13.7927668931933,-31.4998110444082,-42.477372017239
166.833333333333,1.91079481059899,3.51863206741305,7.68981157012778,7.70277808614107,-0.119782743156196,-13.3237598280157,-31.0974400973362,-42.1795320357232
167,1.97535185849023,3.63242390609017,7.87110582503597,7.98924180269868,0.281488024594869,-12.851194266111,-30.6856914239972,-41.8695878812345
167.166666666667,2.03698269872836,3.74177277358479,8.04770540610426,8.27230129666699,0.683268817906944,-12.3750312197116,-30.2644934886499,-41.5480450606484
167.333333333333,2.09553678246107,3.84637848765653,8.21938027408475,8.55171270819471,1.08510324058359,-11.8952621019955,-29.8338946444496,-41.2153367407659
167.5,2.15087687690027,3.94600919462551,8.38585768361654,8.82707987953164,1.48654090196005,-11.411944131553,-29.394056338676,-40.8717947258209
167.666666666667,2.20289938648794,4.04048949624289,8.54691869612273,9.09806710170066,1.88719476251015,-10.9251084146577,-28.9451416230995,-40.5177242839531
167.833333333333,2.25153461324682,4.12970068806234,8.70239821008096,9.3643989656487,2.28674169522783,-10.434761236948,-28.4873159463678,-40.1534023044679
168,2.29674701745418,4.21358099045796,8.85218505992393,9.62586025022672,2.68492296616502,-9.94088567915705,-28.0207480433721,-39.7790753122342
168.166666666667,2.33853547957773,4.29212577832425,8.99622219213122,9.8822958614665,3.08154465684994,-9.44344347244887,-27.5456108956752,-39.3949573673371
168.333333333333,2.37693356369444,4.3653878141581,9.13450692533588,10.1336108361958,3.47647805057743,-8.94237699629707,-27.0620827341667,-39.0012278883749
168.5,2.4120097820413,4.43347748811858,9.2670912996266,10.3797704214997,3.86966000370783,-8.43761130957044,-26.5703480504521,-38.5980294462362
168.666666666667,2.44386785987372,4.49656306772224,9.39408251858342,10.6208002398315,4.26109332215888,-7.9290560949177,-26.0705985785521,-38.1854655819008
168.833333333333,2.47264699938087,4.55487095899036,9.51564348584076,10.8567865476367,4.65084716224271,-7.41660738908644,-25.5630342050388,-37.7635987071319
169,2.49852214097324,4.60868598004634,9.63199343602392,11.0878765931076,5.03905747389185,-6.90014896879921,-25.0478637655936,-37.3324481514024
169.166666666667,2.52170421975952,4.65835164728752,9.74340865765385,11.3142790760601,5.42592750312716,-6.37955326432441,-24.5253056908644,-36.8919884227243
169.333333333333,2.54244041440172,4.70427047323906,9.85022330296225,11.5362647098626,5.81172836932577,-5.85468168158171,-23.9955884758046,-36.4421477550706
169.5,2.56101438471493,4.74690427394802,9.95283027641968,11.7541668817689,6.19679973141494,-5.32538422862557,-23.458950965311,-35.9828070217058
169.666666666667,2.57774649328901,4.78677448219696,10.0516821900815,11.9683824038794,6.58155055550676,-4.79149836315732,-22.9156424752472,-35.5137991029763
169.833333333333,2.59286823986987,4.82433729885238,10.147062818228,12.1790869470283,6.966223848951,-4.25314901122663,-22.3654508916304,-35.0342798967908
170,2.60649497554287,4.85992312862062,10.2390465832319,12.3862131531285,7.35084696941778,-3.71073923004125,-21.8077189509861,-34.5428544974263
170.166666666667,2.61873796448685,4.89383213285857,10.3277090796194,12.5897253349508,7.7354406223666,-3.1646456149335,-21.2418269427232,-34.0382721764086
170.333333333333,2.62970430894398,4.92633493316143,10.4131281563457,12.7896195104479,8.12001628660187,-2.61522046316853,-20.6671963237826,-33.5194300333979
170.5,2.63949681002685,4.9576729832105,10.4953839758398,12.9859227807328,8.50457382859941,-2.0627941799603,-20.0832932708703,-32.985375986999
170.666666666667,2.6483385034971,4.98823429061833,10.5747643549276,13.1787860861866,8.88917496849293,-1.50734581307999,-19.4893754334031,-32.4352226549831
170.833333333333,2.65654986683898,5.01852144819557,10.6517273457186,13.3684435529063,9.27392174884493,-0.948554675908837,-18.8845716117173,-31.8681797351816
171,2.66441249919649,5.04895969958959,10.7266749984119,13.5550969362221,9.65886794785197,-0.386160724872391,-18.2681786436429,-31.2836578239729
171.166666666667,2.67216890037815,5.07989659911046,10.7999510105831,13.7389134988742,10.0440157249232,0.18003128141314,-17.6396620774672,-30.6812668864401
171.333333333333,2.68002236268754,5.11160177887057,10.8718383059647,13.9200240480564,10.4293125274536,0.750147743909313,-16.9986555281845,-30.0608132385771
171.5,2.68813694748724,5.14426680428209,10.9425566169324,14.0985211699671,10.8146482855519,1.32424235635625,-16.3449587679151,-29.4222951361124
171.666666666667,2.69663752031386,5.17800510268405,11.0122601402111,14.2744576940366,11.1998529357076,1.90229247210773,-15.6785346795844,-28.7658971518407
171.833333333333,2.70560982043998,5.21285195426859,11.0810353300546,14.447845410979,11.5846943285436,2.48419577907465,-14.99950527545,-28.0919836019819
172,2.7151005429189,5.24876453923613,11.1488988878745,14.6186540599851,11.9688765897165,3.0697673698502,-14.3081470415145,-27.4010913444772
172.166666666667,2.72511741323411,5.2856220398843,11.2157960024109,14.7868105913877,12.3520390159877,3.65873730622578,-13.6048859106202,-26.6939223138308
172.333333333333,2.73562923658998,5.32322580073963,11.2815988902878,14.9521987025426,12.7337555991553,4.25074878756477,-12.8902921896775,-25.9713361771628
172.5,2.74656590549709,5.36129955344901,11.3461056832977,15.1146586369285,13.1135352769348,4.84535703879609,-12.1650757717159,-25.2343434969393
172.666666666667,2.75781835050244,5.399489715497,11.409039705949,15.2739872299446,13.4908230094019,5.44202903340007,-11.4300819554428,-24.4840997724172
172.833333333333,2.76923841957294,5.43736577242791,11.47004918456,15.4299381799045,13.865001769237,6.04014415650817,-10.6862881795049,-23.7219007108553
173,2.78063867165618,5.47442075165206,11.5287074273311,15.5822225196468,14.2353955106481,6.63899588985195,-9.93480196205514,-22.9491790583415
173.166666666667,2.79175916204755,5.51011069641009,11.5845075447946,15.7304370423639,14.6014207111235,7.2377598970448,-9.17687943461992,-22.1671783313388
173.333333333333,2.80227549369084,5.54388481302389,11.6368861964263,15.8740712496368,14.9626145265271,7.83550238096554,-8.4138734518931,-21.3768534568676
173.5,2.81183571642608,5.57516135899463,11.6852412094781,16.0125828545749,15.3185003063426,8.43121873982286,-7.64718848562474,-20.5791468067469
173.666666666667,2.82005978724356,5.60332689087164,11.7289310050639,16.1453970638966,15.6685873044935,9.02383399915258,-6.87828134668946,-19.7749897255932
173.833333333333,2.82653855751317,5.62773476167188,11.7672732411305,16.2719049471764,16.012369781203,9.61220271087307,-6.10866270599578,-18.9653047530906
174,2.83095289047981,5.64788288703412,11.7998155427764,16.3916457509592,16.3493111329625,10.1953049161311,-5.33961495614221,-18.1508848657937
174.166666666667,2.83311710397018,5.66347506378748,11.8263907243055,16.5043577857695,16.6788923708876,10.7723499127925,-4.5720808698188,-17.3323417920325
174.333333333333,2.83288067669759,5.67427251683212,11.8468728415858,16.6098204321584,17.000651585517,11.3426328026432,-3.80689113900859,-16.5102032714503
174.5,2.83012834801982,5.68009405933111,11.8611778366659,16.7078547606897,17.3141843159725,11.9055358968579,-3.04476362712958,-15.6849136216775
174.666666666667,2.82478011428601,5.6808160898984,11.8692639210233,16.7983238766022,17.6191437781999,12.4605302292513,-2.28630257440439,-14.8568345344148
174.833333333333,2.81679115106019,5.67637247197211,11.8711317533034,16.8811330505751,17.915241008778,13.0071771876056,-1.53199775244319,-14.0262460487939
175,2.80615169029297,5.66675434021704,11.8668244664057,16.956229695739,18.2022449796648,13.545130274545,-0.782223563584701,-13.193347651194
175.166666666667,2.79288688127121,5.65200987842084,11.856427597857,17.0236032497159,18.4799827377917,14.0741370101353,-0.0372380804014281,-12.3582594517256
175.333333333333,2.77705666399894,5.63224411307155,11.8400689766946,17.0832850192148,18.7483396217745,14.5940409891726,0.702817979617171,-11.5210233882621
175.5,2.75875568363353,5.60761876675176,11.817918619686,17.1353480436739,19.0072596063169,15.1047841075382,1.43792235037879,-10.6816044091527
175.666666666667,2.73811327479517,5.57835221577242,11.7901886897393,17.1799070337828,19.2567458232762,15.6064089745317,2.16817239317038,-9.83989158551427
175.833333333333,2.71529354505769,5.54471959720265,11.7571335699121,17.2171184405359,19.4968613069744,16.0990615321847,2.89378636522788,-8.995699103238
176,2.69049558778597,5.50705311173959,11.7190501076013,17.247180710896,19.7277300103091,16.5829939085884,3.61510480018967,-8.14876708350613
176.166666666667,2.66395385578015,5.46574257080833,11.6762780853941,17.2703347872912,19.9495381377029,17.0585675405202,4.33259202852105,-7.29876217869009
176.333333333333,2.63593872899579,5.42123623899943,11.6292009777902,17.2868649101409,20.1625358410873,17.5262566113551,5.04683787741279,-6.44527788796884
176.5,2.6065816066201,5.37379921554875,11.5780526815176,17.2968551686878,20.3668411371894,17.9864825876288,5.75819654041621,-5.58826750353195
176.666666666667,2.57588041316963,5.32351031169049,11.5229047107383,17.3001920205159,20.5624335318354,18.4395821891477,6.46675897890606,-4.72805652700319
176.833333333333,2.54387734205351,5.27050201842344,11.463853075585,17.2968089975946,20.7493471146422,18.8859576990866,7.17269806173406,-3.86492028856209
177,2.51065830256769,5.21495935761195,11.4010173352136,17.2866855052692,20.9276687530926,19.3260742816044,7.87626374868089,-2.99908921502985
177.166666666667,2.47635247382163,5.15711884967637,11.3345397545895,17.2698455221665,21.0975362459069,19.7604571721809,8.57777821414307,-2.13075355099653
177.333333333333,2.44112327265722,5.0972303596042,11.2645612813453,17.2463823849079,21.259030252997,20.1893668084178,9.27747381654839,-1.26006706878289
177.5,2.40514270144017,5.03552605562475,11.1912078755318,17.2164394895387,21.4121540606781,20.6127631760829,9.97543961430419,-0.387178831667771
177.666666666667,2.36858720523907,4.97224200007765,11.1146069547707,17.1801744396891,21.5569297390787,21.0306083438077,10.6717497468874,0.487749061113274
177.833333333333,2.33163754834719,4.9076176736672,11.0348871489515,17.1377583829065,21.6933974584929,21.4428632059045,11.3664590437461,1.36453838161063
178,2.29447867071544,4.84189548241032,10.9521780662483,17.0893752369078,21.821614650405,21.8494840738897,12.0595985244152,2.24299169659249
178.166666666667,2.25729952542663,4.77532025146887,10.8666100792673,17.0352208504889,21.9416550438756,22.2504191763145,12.7511708658824,3.12288932046376
178.333333333333,2.2202928991179,4.70813871070056,10.7783141400846,16.9755021412242,22.0536076057985,22.6456051422995,13.4411459333691,4.00398632232379
178.5,2.18365521802573,4.64059897741367,10.6874216327966,16.9104362491405,22.1575754114962,23.0349635619001,14.1294564922874,4.88600962265721
178.666666666667,2.14758634305939,4.57295004244295,10.5940642719464,16.8402497423513,22.2536744702976,23.4183977352882,14.8159942413908,5.76865522540398
178.833333333333,2.11228935797831,4.50544126624769,10.498374054775,16.7651779072796,22.3420325291834,23.7957897414109,15.5006063286611,6.65158564064118
179,2.0779703553226,4.43832189222838,10.4004832746384,16.6854641526583,22.4227878763362,24.1669979733555,16.1830925302458,7.53442756157029
179.166666666667,2.04483822518976,4.37184058482686,10.3005246021007,16.6013595530569,22.4960881655137,24.5318552996316,16.8632032861385,8.41676986660456
179.333333333333,2.01310445222784,4.30624500016833,10.1986312391284,16.513122554302,22.5620892815454,24.8901680150342,17.5406387911361,9.29816202269724
179.5,1.98298292628696,4.24178139697666,10.0949371504608,16.4210188598852,22.620954266925,25.241715738496,18.2150493325384,10.1781129692132
179.666666666667,1.95468977199911,4.17869429519616,9.98957737459593,16.325321514335,22.6728523293683,25.5862523953549,18.886037043834,11.0560905621803
179.833333333333,1.92838616577311,4.11716549443842,9.88258873698499,16.226292887747,22.7179716433551,25.9235859658391,19.5534117445422,11.9317694906932
180,1.90416015718666,4.05730424008247,9.77392341300409,16.1241599672436,22.7565080811633,26.2536205402031,20.2172051280749,12.8050400790985
180.166666666667,1.88207464162956,3.99920322183184,9.66355609194975,16.0191210263512,22.7886457191811,26.576298533035,20.8774248593061,13.6757647125856
180.333333333333,1.86216734368318,3.94293880051512,9.55148522124539,15.911347057669,22.8145563044334,26.8915997681488,21.5340554558008,14.5437778841096
180.5,1.84445079670227,3.88857125724528,9.43773442204953,15.8009835475299,22.8343986615644,27.1995403113005,22.1870592738559,15.4088863469854
180.666666666667,1.82914348277389,3.83648211286295,9.32264504906568,15.688444996613,22.848632791042,27.5002269525919,22.8363471643157,16.2711207435261
180.833333333333,1.81665495199561,3.78733980446437,9.20683773399189,15.5743877686756,22.8579790107134,27.7938256416398,23.4817951582867,17.1307329235637
181,1.80734719477539,3.74174559657344,9.09090287794104,15.4594049869392,22.8630818470702,28.0804881182973,24.1232826773655,17.9879422399559
181.166666666667,1.80153457781112,3.70023383662028,8.97540213240772,15.3440284443628,22.8645085454241,28.3603495101525,24.760692308086,18.8429341800106
181.333333333333,1.79948375336353,3.66327219938072,8.86086979049435,15.2287303189696,22.8627475340029,28.6335264370719,25.3939097465041,19.6958588116172
181.5,1.80141354198199,3.63126190843817,8.74781402654993,15.1139246045849,22.8582068281317,28.9001156191622,26.0228238840765,20.5468290365275
181.666666666667,1.80749479063421,3.60453792532332,8.63671792435663,14.999968171316,22.851212360166,29.1601929800088,26.6473270164196,21.3959186537086
181.833333333333,1.81785020967477,3.58336909915463,8.52804023658668,14.88716137384,22.8420062194208,29.4138132289325,27.2673151639755,22.2431602471908
182,1.83255419329524,3.56795827140082,8.42221582156436,14.7757481292444,22.830744784246,29.6610098948495,27.8826884976976,23.0885429245313
182.166666666667,1.85163262906179,3.55844233187191,8.31965570745137,14.6659153898757,22.8174967258233,29.9017957708448,28.4933518634679,23.9320099431515
182.333333333333,1.87506270289593,3.55489222327061,8.22074673881303,14.5577919404293,22.8022408603947,30.1361637136507,29.0992153962875,24.7734562717831
182.5,1.90277270642064,3.55731289265644,8.12585076605373,14.4514464523582,22.7848638236436,30.3640877269553,29.7001952099746,25.6127261426472
182.666666666667,1.93464185401251,3.56564318904891,8.03530334434767,14.3468847326168,22.7651575380639,30.5855242431489,30.2962141412477,26.4496106566329
182.833333333333,1.97050011720357,3.579755707181,7.94941191535816,14.2440461078788,22.7428164416214,30.8004135061914,30.8872025201177,27.2838455086923
183,2.01012808430632,3.59945657817734,7.86845345220311,14.1427988899439,22.7174344442522,31.0086809502591,31.4730989332165,28.1151089042522
183.166666666667,2.05318670591498,3.62432559246467,7.792346008253,14.0428183596764,22.6883575423255,31.2100225321348,32.053804412538,28.9430517057794
183.333333333333,2.09923882687022,3.65373555499995,7.72063734313352,13.9436206852732,22.6547564806818,31.4039221580639,32.629192457848,29.767313957437
183.5,2.14783039468085,3.68702208366252,7.65282565361422,13.8446981011339,22.6158082114902,31.5898772601338,33.1991624797615,30.5875021275851
183.666666666667,2.1984906917015,3.72348397221374,7.58835939427918,13.7455189033103,22.5706958089879,31.7673994650033,33.7636420702637,31.403189778056
183.833333333333,2.25073242203147,3.76238331507859,7.52663680509723,13.6455271712581,22.5186079664187,31.936014046267,34.3225887030988,32.2139182789859
184,2.30417744574209,3.80307059202235,7.46723474228669,13.5444276561705,22.458974262053,32.095560167509,34.8755190383295,33.0185687980047
184.166666666667,2.35858411509937,3.84504529735431,7.40994930992284,13.4422078736578,22.3915146401183,32.2461814488633,35.4215260694094,33.8154891327652
184.333333333333,2.4137351666505,3.88786031179968,7.35458531457826,13.3388635254299,22.3160300498253,32.3880210190731,35.9597623914242,34.6031890655433
184.5,2.46943767474671,3.9311210134892,7.30095505160924,13.2343985366003,22.2324045609588,32.5212231288429,36.4894441198706,35.3803441534202
184.666666666667,2.5255230144196,3.97448463976485,7.24887803216999,13.1288257332419,22.1406072547214,32.6459348743165,37.0098545247721,36.1457986692918
184.833333333333,2.58184684664358,4.01765988366279,7.19818154629343,13.0221680877743,22.0406939751462,32.7623080521093,37.5203471901308,36.8985675483455
185,2.63828913746373,4.06040671025743,7.14870194897022,12.914460447949,21.9328090090715,32.8705011652891,38.0203485042231,37.6378371884732
185.166666666667,2.69475422070345,4.10253637784883,7.1002865510682,12.805751658119,21.8171867461071,32.9706815955359,38.5093593086652,38.3629649784033
185.333333333333,2.75117091207446,4.14391164755736,7.05279599505948,12.6961069788351,21.6941533533876,33.0630279498191,38.9869555808502,39.0734774799437
185.5,2.80749268057633,4.18444716253066,7.00610699650874,12.5856107120951,21.5641284826534,33.1477325801502,39.4527880899607,39.7690672636801
185.666666666667,2.8636978811743,4.22410997492563,6.96011533559107,12.4743689441002,21.4276270090502,33.2250042624728,39.9065810436987,40.4495884816576
185.833333333333,2.91979005097203,4.26292019536312,6.91473898793597,12.362512324401,21.2852607819944,33.2950710059799,40.3481298224141,41.1150513459855
186,2.97579826953403,4.30095173593242,6.86992129020965,12.250198809058,21.13774034883,33.3581829478697,40.777297970859,41.765615759432
186.166666666667,3.03177758275798,4.33833311434185,6.82563404250085,12.1376163051807,20.9858765925047,33.414615271879,41.1940136783906,42.4015844054165
186.333333333333,3.08780948885005,4.3752482838003,6.78188045633778,12.0249851643104,20.8305822063037,33.4646710734106,41.5982660217523,43.0233956458943
186.5,3.14389251988276,4.41182561383169,6.73864933985355,11.9124221206448,20.6725956996948,33.50860335673,41.9900785469094,43.6313560954095
186.666666666667,3.19992965078204,4.44812066862874,6.69590928297479,11.7999165234229,20.5124268115714,33.5465922433144,42.3695094063098,44.2256500127927
186.833333333333,3.25583203680493,4.48421939416279,6.65365443737051,11.6874566754962,20.3506053334718,33.5788136113184,42.7366722479537,44.8066029352144
187,3.31151922724787,4.52023804742423,6.61190500024959,11.5750299396765,20.1876791305196,33.6054381504145,43.0917330759088,45.3746779790967
187.166666666667,3.366919277802,4.55632272706348,6.57070690744707,11.462622275449,20.0242109966519,33.6266292019411,43.4349080164258,45.9304731638194
187.333333333333,3.42200165492392,4.59260955184914,6.53013662472603,11.3502893912297,19.8606266999272,33.6425739671961,43.7664813182058,46.4743950912079
187.5,3.47676862919232,4.62919376875413,6.49027650947572,11.2381488833193,19.697186128826,33.6534741800584,44.0867525138161,47.0065589816781
187.666666666667,3.53121754655957,4.66615267765246,6.451195853977,11.1263032681955,19.5341167470049,33.6595061950539,44.3959899034055,47.527063545076
187.833333333333,3.58534023492536,4.70354470752292,6.41294963138336,11.0148386243684,19.3716124797683,33.6608190047972,44.6944293676433,48.0359907770497
188,3.63912254989415,4.74140870721524,6.37557748965217,10.9038234764022,19.2098328018201,33.6575325048742,44.9822734560669,48.5334058703349
188.166666666667,3.69254404008757,4.77976342166765,6.33910296535089,10.7933078903862,19.0489019889776,33.6497359778341,45.2596907114846,49.0193572273794
188.333333333333,3.74557771092685,4.81860712235657,6.30353288678383,10.683322747755,18.8889084946204,33.6374867621143,45.5268151886265,49.4938765603286
188.5,3.79818986496992,4.85791735958916,6.26885693440375,10.5738791629819,18.7299044107129,33.6208090671948,45.7837461234523,49.9569790642094
188.666666666667,3.85033999656643,4.89765080383362,6.2350473258061,10.4649680101214,18.5719049731494,33.599692892978,46.0305477083968,50.4086636492584
188.833333333333,3.9019807186591,4.93774314342707,6.20205859255845,10.3565595232815,18.4148880717616,33.5740930091584,46.2672489283109,50.8489132187266
189,3.95305769989202,4.97810900651823,6.16982741650542,10.2486029366893,18.2587937264534,33.5439279489997,46.493843411807,51.2776949791577
189.166666666667,4.00350959066968,5.01864187580782,6.13827249382483,10.141026130897,18.1035234924388,33.5090789712721,46.7102892529894,51.6949607710263
189.333333333333,4.0532679173362,5.05921396537274,6.10729439582544,10.0337352527091,17.9489397593221,33.4693889438919,46.9165087589537,52.100647408709
189.5,4.10225692411111,5.09967602944269,6.07677539611025,9.92661427744073,17.7948649106443,33.4246611028309,47.1123880787675,52.4946770199881
189.666666666667,4.15039334273497,5.13985707329438,6.04657923414167,9.81952448301573,17.6410803124032,33.3746576398796,47.2977766696808,52.8769573766202
189.833333333333,4.19735084426836,5.17934809306328,6.01615510367503,9.71172977875111,17.4869324398611,33.3186628787188,47.4720038498516,53.2468688836896
190,4.24258494364428,5.21752016659761,5.98457347619394,9.60196791425362,17.3313937467348,33.2555438643525,47.63391870857,53.6032783380021
190.166666666667,4.28558041964982,5.25374843197811,5.95093798148446,9.48905892133717,17.1734850287536,33.1842142608036,47.7823916389793,53.9450590393809
190.333333333333,4.32585075305491,5.28741086053305,5.91438346677633,9.37190339503328,17.0122737430009,33.1036312535302,47.916312240961,54.2710906946821
190.5,4.36293743154856,5.31788715011562,5.87407453157225,9.24948083783848,16.8468719833989,33.012791946901,48.0345868274222,54.580259206747
190.666666666667,4.39658479494025,5.34480045215682,5.82939876765643,9.12109259292552,16.6766322666408,32.9108984893182,48.1364985548806,54.8718892797104
190.833333333333,4.42673453117415,5.36802092799361,5.77998013028032,8.98635911670962,16.5011536501313,32.7973896079512,48.2217338275402,55.1457566944451
191,4.4533479976455,5.38742648951756,5.72549313964789,8.84497534333264,16.3200884223155,32.671789665639,48.2900357810644,55.4016659952779
191.166666666667,4.47640689866401,5.40290488007376,5.66566533972763,8.69671220469376,16.1331437382683,32.5337105942774,48.3412075549278,55.639456038048
191.333333333333,4.49591391232076,5.41435581237537,5.60028000454821,8.54141846789517,15.94008334211,32.3828538643517,48.3751154733885,55.8590052028231
191.5,4.51189326047992,5.42169310342532,5.52917898571861,8.3790228094597,15.7407293436385,32.2190125081816,48.391692183389,56.0602363302227
191.666666666667,4.52439121649056,5.42484674998324,5.45226559674301,8.20953604344082,15.5349640169321,32.0420732070778,48.390939781648,56.2431214244863
191.833333333333,4.53347654669135,5.4237648928612,5.36950743198531,8.03305341932197,15.3227315906029,31.8520184443997,48.37293294772,56.4076861537214
192,4.53924088372382,5.41841562398523,5.28093902080505,7.849756905387,15.1040400026815,31.6489287169578,48.3378220840499,56.5540141672918
192.166666666667,4.54179903193482,5.40878859640248,5.18666422033178,7.65991737397705,14.8789625975196,31.4329847859479,48.2858364473856,56.6822512413561
192.333333333333,4.54128920758357,5.39489640390326,5.0868582534476,7.46389660662698,14.6476397473252,31.2044699353723,48.2172872378853,56.7926092555644
192.5,4.53787321902378,5.37677570331892,4.98176930169213,7.26214903937065,14.4102803866419,30.9637721906851,48.132570592719,56.8853699964416
192.666666666667,4.53173659435625,5.35448805851766,4.87171956589919,7.05522317139409,14.1671634539192,30.7113864334547,48.0321704101458,56.9608887757039
192.833333333333,4.52308866610425,5.32812049034941,4.75710571038484,6.84376256360277,13.9186392399353,30.4479163298981,47.9166609086496,57.0195978445065
193,4.51216262412461,5.29778572102965,4.63839860947277,6.62850635751346,13.6651306479145,30.1740759733971,47.7867088050247,57.0620095773361
193.166666666667,4.49912984987152,5.26372047812806,4.51605824884208,6.40991420330695,13.4069316231027,29.8904968724516,47.6429046143066,57.0886500905273
193.333333333333,4.48406564465616,5.22624187792683,4.39046960430825,6.18809023162615,13.1441535328664,29.597672609941,47.4857228786246,57.1000138801733
193.5,4.46701776918051,5.18562819105232,4.2619956634149,5.96312041267981,12.8769014685853,29.2961251893218,47.3156722489873,57.0966105584911
193.666666666667,4.4480064007952,5.14211980813304,4.13097800051537,5.73507267719239,12.6052749823848,28.9864042614036,47.1332944175138,57.0789654979767
193.833333333333,4.42702406493277,5.09591996148177,3.99773704587087,5.5039967986815,12.3293686634551,28.6690852772777,46.9391617233867,57.0476199079081
194,4.4040925762527,5.04725591780269,3.86267175880641,5.2699423467914,12.0492588541215,28.3446888935053,46.7336207938548,57.0028824688182
194.166666666667,4.37928097635929,4.99638887779111,3.72624628726196,5.03298332013251,11.765014384266,28.0136380976553,46.516777988762,56.9448201483062
194.333333333333,4.35265732491573,4.94355791901955,3.58888289028119,4.79321140186975,11.476715493197,27.6763152109822,46.2887451159752,56.8735014966307
194.5,4.32428848819463,4.88897960580254,3.45096067044038,4.55073446667813,11.1844537695227,27.3330620670684,46.0496385713402,56.7889964587159
194.666666666667,4.29423994298968,4.83284749035625,3.31281405008189,4.30567477393412,10.8883321446741,26.9841805004571,45.7995786078645,56.691376250652
194.833333333333,4.26257559317015,4.77533152107248,3.17473105013697,4.05816695257266,10.5884649629472,26.6299330977384,45.5386887343435,56.5807133108752
195,4.2293575963477,4.71657737408328,3.03695143294065,3.80835587809234,10.2849781435717,26.2705441629449,45.2670952424031,56.4570813356422
195.166666666667,4.1946461983032,4.65670572507296,2.89966477341793,3.55639453837147,9.9780094451605,25.9062008497218,44.9849268600175,56.3205554079658
195.333333333333,4.15849957299183,4.59581147941654,2.76300852608197,3.30244198203095,9.66770883975438,25.537054414388,44.6923145290109,56.17121222892
195.5,4.12097366610999,4.53396298009954,2.62706615815813,3.04666144077798,9.35423900227496,25.1632215465069,44.3893913039147,56.0091304601831
195.666666666667,4.08212204036584,4.4712012144104,2.49186542157363,2.78921871523267,9.03777592126299,24.7847857367104,44.0762923698658,55.8343911869219
195.833333333333,4.04199572075159,4.40753904199469,2.35737683830664,2.53028091196781,8.71850963801726,24.4017986450593,43.7531551780406,55.6470785106693
196,4.00064303826669,4.34296046840836,2.22351247449017,2.27001561774029,8.39664512340038,24.0142814369504,43.4201196984837,55.4472802827576
196.166666666667,3.95810947069072,4.27741998969105,2.09012507859935,2.00859059510324,8.07240330440644,23.6222260573037,43.0773287921726,55.2350889902044
196.333333333333,3.914437479151,4.21084203457337,1.95700765796866,1.74617408178924,7.74602225588169,23.2255964172939,42.7249287068596,55.0106028077768
196.5,3.86978676937854,4.1433489164878,1.82412961307616,1.4831551832767,7.41790961787862,22.8245531552779,42.3627458120605,54.7734963795644
196.666666666667,3.82442707214175,4.07525674653333,1.69162264332663,1.22011342911572,7.08862589493093,22.4194311016835,41.9903030002744,54.5230806659416
196.833333333333,3.7786140720789,4.00684498374451,1.55953818670285,0.957585647275827,6.75872616941262,22.0105069864711,41.6071590993253,54.2587667870545
197,3.73258931287217,3.93835635136783,1.42784863505567,0.696069025722166,6.42876228945193,21.5980028540241,41.2129178989541,53.9800702163002
197.166666666667,3.68658009712329,3.86999681857257,1.2964490101572,0.436024945272728,6.09928533961331,21.1820889661449,40.8072360071537,53.686613877803
197.333333333333,3.64086951589298,3.80209525239725,1.16548465213962,0.178000150075293,5.77099244702687,20.7631021896676,40.3898760275289,53.3780981186002
197.5,3.59577470382528,3.73508383138089,1.03536174173208,-0.0774081545958162,5.44465351739822,20.3415316667029,39.9607025069192,53.0542833685917
197.666666666667,3.55156542733511,3.66932800304938,0.906425626358741,-0.329688595553484,5.12092913696565,19.9177956460967,39.519632907269,52.7150110974654
197.833333333333,3.50846365713309,3.60512585850795,0.778959966376925,-0.578416860793343,4.80036996803699,19.4922424711435,39.0666380687563,52.3602003349716
198,3.46664329401869,3.54270772344122,0.653186089486224,-0.823256759162598,4.48341650007739,19.0651519820958,38.6017415122313,51.9898431726582
198.166666666667,3.42623002196332,3.48223592823818,0.529262517954997,-1.06396113588388,4.17039910534537,18.6367373019654,38.1250175574427,51.6039992313188
198.333333333333,3.3873012623059,3.42380471967609,0.407284633057965,-1.30037266966928,3.86153834566052,18.2071469636479,37.6365883194908,51.2027891645023
198.5,3.34988620309964,3.36744027692243,0.28728444149807,-1.53242457696527,3.55694547510595,17.776467326607,37.1366197323036,50.7863873551119
198.666666666667,3.31396587820385,3.31310079543546,0.169230409471985,-1.76014124816858,3.25662308234593,17.344725221652,36.6253168216263,50.3550140373691
198.833333333333,3.27947327153065,3.26067660354847,0.0530273313100529,-1.98363883958535,2.9604658157656,16.9118907522481,36.1029185013181,49.9089271313246
199,3.24629342287058,3.20999027801916,-0.0614837988246009,-2.20312584358483,2.66826113479149,16.4778801699968,35.5696921905752,49.4484141071575
199.166666666667,3.21426351287396,3.16079672652697,-0.174525941950367,-2.41890365793164,2.37969003147477,16.0425587302703,35.0259285459857,48.9737842019324
199.333333333333,3.1831729060116,3.11278320694445,-0.286386223908483,-2.63136717374651,2.09432766764252,15.605743421647,34.4719365753964,48.4853612965257
199.5,3.15276313164272,3.06556925514053,-0.397416225628645,-2.84100540001257,1.8116438745596,15.1672054502606,33.908039357945,47.983477732159
199.666666666667,3.12272778465689,3.0187064950632,-0.508032378080027,-3.04840214105382,1.53100346400206,14.7266723483448,33.3345705455545,47.4684693127812
199.833333333333,3.09259166474432,2.97149404954014,-0.618836537832662,-3.25437346144938,1.25146981606458,14.2835839089697,32.7514307857023,46.9402471678669
200,3.0617615189171,2.92305853596315,-0.730537308500249,-3.45987312103953,0.971882594202029,13.8371504891675,32.1581281336469,46.3983157716835
200.166666666667,3.02967217351879,2.87257844176525,-0.843790521409972,-3.66580850100011,0.691093108230964,13.3866274413479,31.5542412336425,45.8422083636335
200.333333333333,2.99578679795851,2.81928447907572,-0.959198881404391,-3.87304037599901,0.40796454085679,12.9313150971687,30.9394214255407,45.2714889113275
200.5,2.95959739884243,2.76246029082542,-1.07731120929937,-4.08238227978387,0.12137236418257,12.4705587483651,30.3133949422071,44.6857544420824
200.666666666667,2.92073545288785,2.70155526251618,-1.1985728550177,-4.29446120906076,-0.169517956039861,12.0038292265351,29.6759878363774,44.0848981388262
200.833333333333,2.87898588836465,2.63620367071584,-1.32331622077162,-4.50969065485032,-0.465195062856487,11.5307477822515,29.0271246392633,43.4690963222938
201,2.83418485572339,2.56612343420179,-1.45180316001611,-4.72839390501871,-0.766049840188164,11.0510188227846,28.3668067643332,42.8385421441346
201.166666666667,2.78622108209831,2.49111801278521,-1.58422252706901,-4.95080140409274,-1.07237357374885,10.5644313147371,27.6951156312285,42.1934477952863
201.333333333333,2.73503733115432,2.41107847659281,-1.72068754360532,-5.17704795163364,-1.38435596550428,10.0708602988212,27.0122157554354,41.5340470829613
201.5,2.68063192832158,2.32598568322911,-1.86123305822617,-5.40716981781543,-1.70208307321831,9.57026846018681,26.3183577569879,40.8605982666121
201.666666666667,2.62306031318648,2.2359125028837,-2.00581277118793,-5.64110185111978,-2.02553524459782,9.06270770004332,25.6138812416099,40.1733870462064
201.833333333333,2.56243658300768,2.14102603475562,-2.15429649164275,-5.8786746486741,-2.35458511283896,8.54832065717543,24.8992175087678,39.4727296018305
202,2.49893499396582,2.04158976209291,-2.30646748948499,-6.11961185486285,-2.6889957170862,8.02734213129824,24.1748920430838,38.7589755917765
202.166666666667,2.43279138973726,1.93796559755337,-2.46201999829382,-6.36352764865042,-3.02841880761757,7.50010036392862,23.4415267483848,38.0325110265665
202.333333333333,2.36430453014682,1.830615775247,-2.62055692017562,-6.60992447486974,-3.37239339173544,6.96701813635734,22.6998418871173,37.2937609485071
202.5,2.29383729577574,1.72010455039345,-2.78158777789155,-6.85819106994197,-3.72034457273073,6.4286136480971,21.9506576916824,36.5431918599744
202.666666666667,2.22181774720358,1.60709967160822,-2.94452695493546,-7.10760082855611,-4.07158273133405,5.88550114247695,21.194895618048,35.7813138582661
202.833333333333,2.14874001971732,1.49237359393733,-3.10869226070028,-7.35731055527339,-4.42530309726311,5.33839124840918,20.4335792153202,35.008682450005
203,2.07516503547403,1.37680440236499,-3.27330385608005,-7.60635964438055,-4.78058575834449,4.78809100828169,19.6678345872898,34.225900033136
203.166666666667,2.00171796564632,1.26136422821665,-3.43745436758885,-7.8536219254435,-5.1363789296009,4.23536537429255,18.8987108159254,33.4335436203716
203.333333333333,1.92900048810577,1.14698785298131,-3.60022938864651,-8.09795357313298,-5.49163324327706,3.68085006566667,18.1270545738705,32.6320752041809
203.5,1.85754864801433,1.03451771093893,-3.76079810732491,-8.33831630818049,-5.84538737066455,3.12514502618704,17.3536291343012,31.8218733040113
203.666666666667,1.78783105965117,0.924702042720217,-3.91841469600684,-8.57377908061295,-6.19676948370192,2.56881285070881,16.579116536758,31.0032374957732
203.833333333333,1.72024691501185,0.818193036402727,-4.07241970317332,-8.80351952556018,-6.54499817216142,2.0123773874534,15.8041192047869,30.1763932439813
204,1.65535905084653,0.715760786633016,-4.22184580648343,-9.02625122166615,-6.88899021086444,1.4567577036868,15.029643858012,29.3420102557398
204.166666666667,1.59386631613644,0.618272715733677,-4.36545560238158,-9.2402968632789,-7.22742286146831,0.903204543318761,14.2570615114017,28.5011941061828
204.333333333333,1.53635319792081,0.526466896941037,-4.50215571241669,-9.44419878253357,-7.55915753733672,0.352833340125639,13.4876053392547,27.6549713893
204.5,1.48328723233176,0.440950361506385,-4.63099737776036,-9.63671950702,-7.88323936651875,-0.193375948449798,12.7223716815922,26.8042947773068
204.666666666667,1.4350163911678,0.362197064547662,-4.75117788067107,-9.8168426522915,-8.19889642526792,-0.734578716019191,11.9623209696669,25.9500477139985
204.833333333333,1.39176652409644,0.29054561931733,-4.86204268047707,-9.98377412801481,-8.50553867989053,-1.27006528991375,11.2082786075516,25.0930486037469
205,1.353638951283,0.226196929031592,-4.9630881391719,-10.1369436268718,-8.80275667023317,-1.79926021487032,10.4609358464495,24.2340543851809
205.166666666667,1.32060831343215,0.169211861271054,-5.05396469938053,-10.2760063546085,-9.09031996742993,-2.3217212286453,9.72085068664255,23.3737634159189
205.333333333333,1.29252079496705,0.119509121298977,-5.13448036596934,-10.4008449487117,-9.36817544202603,-2.83713792281683,8.98844883820606,22.5128176393739
205.5,1.26909284030116,0.0768634864443187,-5.20460433269746,-10.5115715230454,-9.63644538660413,-3.34533008913013,8.26402476531618,21.6518040525404
205.666666666667,1.24991048176943,0.0409045629519591,-5.26447058784188,-10.608529767479,-9.89542554971262,-3.84624576357346,7.54774282998365,20.7912555396415
205.833333333333,1.23442938970273,0.0111162184979214,-5.31438132848271,-10.6922970262753,-10.1455831550893,-4.33995899662024,6.83963853951156,19.9316511751287
206,1.22197573941961,-0.0131631727949315,-5.35481001288889,-10.7636862779767,-10.3875550013683,-4.82666739802492,6.13961988838869,19.0734161257921
206.166666666667,1.21174796593298,-0.0327395608565755,-5.3864038848707,-10.8237479439212,-10.6221457616791,-5.30668952705175,5.44746877057713,18.2169212916871
206.333333333333,1.20281944472434,-0.0485610468556026,-5.40998581353764,-10.8737714633432,-10.8503266283708,-5.78046222244118,4.76284242343599,17.3624828165489
206.5,1.19461367561627,-0.0611930910517209,-5.42607846871673,-10.9147043620395,-11.0726474292712,-6.24812378349921,4.08535137991607,16.5101568142754
206.666666666667,1.18695806891493,-0.0707484228505777,-5.43484360919798,-10.9470672306573,-11.2891834464992,-6.70950652321527,3.41460307136499,15.6597471113454
206.833333333333,1.17963817213253,-0.0773749029561754,-5.4365292132124,-10.9714937497241,-11.5000970080335,-7.16454824885353,2.750147261467,14.8110137225966
207,1.17239762716933,-0.0812557779460104,-5.43146996188742,-10.9887311026758,-11.7056386559813,-7.6132927063675,2.0914768074886,13.9636726375598
207.166666666667,1.16493815059114,-0.0826096319867449,-5.42008699361973,-10.9996398967307,-11.9061481036885,-8.05588999160775,1.43802850664507,13.1173957845519
207.333333333333,1.15700522488698,-0.0817884049181357,-5.40280279261042,-11.0048185116606,-12.1018522735368,-8.49240270322925,0.789354362513258,12.2718804509933
207.5,1.14842238849453,-0.0792335010965759,-5.3799770449953,-11.0045265401834,-12.2928112274163,-8.92275031788916,0.145163284694857,11.4268975095652
207.666666666667,1.13902270731492,-0.0753562969654298,-5.35195963852229,-10.9990216904721,-12.4790939892635,-9.34687596145679,-0.494827890833548,10.5822472977954
207.833333333333,1.12864882101599,-0.0705388704230407,-5.31909122643053,-10.9885595499829,-12.6607787985075,-9.76474692042123,-1.13089324347882,9.73776126244011
208,1.11715300738701,-0.0651345133247727,-5.28170350506373,-10.9733932324669,-12.8379532232029,-10.1763550682198,-1.7632964618257,8.89330376110382
208.166666666667,1.10439726547615,-0.0594680524860893,-5.24011924496522,-10.9537729291819,-13.0107141489453,-10.5817172047053,-2.39228942170983,8.04877397709352
208.333333333333,1.09025341816734,-0.0538360014917072,-5.1946521129124,-10.9299453861798,-13.1791676597876,-10.9808753062406,-3.01811068270129,7.20410790024984
208.5,1.07460323474633,-0.0485065634791326,-5.14560632054067,-10.9021533299851,-13.3434288278271,-11.3738966834932,-3.64098393854145,6.35928032371377
208.666666666667,1.0573385738689,-0.0437195036973419,-5.09327613379046,-10.8706348640825,-13.5036214288612,-11.7608740439025,-4.26111645790129,5.51430680442351
208.833333333333,1.03836154718032,-0.0396859099129938,-5.03794527633037,-10.8356228584589,-13.6598776024512,-12.1419254560163,-4.87869755196962,4.66924553375468
209,1.01758470364661,-0.0365878585382038,-4.97988625933804,-10.7973443540923,-13.8123374758227,-12.5171942134416,-5.49389710477158,3.82419906425279
209.166666666667,0.994931234445758,-0.034578004587096,-4.91935966954209,-10.7560200038124,-13.9611487721982,-12.8868485970502,-6.10686420073702,2.97931583895866
209.333333333333,0.970335198035556,-0.0337791141396606,-4.85661344723105,-10.7118635704689,-14.1064664253446,-13.2510815353284,-6.71772588192962,2.1347914714345
209.5,0.943741764765764,-0.034283558810055,-4.79188218600382,-10.6650815028906,-14.2484522232579,-13.6101101644,-7.32658606462315,1.29086972722839
209.666666666667,0.915107480138511,-0.0361527926908152,-4.7253864863494,-10.6158726097754,-14.3872745049609,-13.9641752912943,-7.93352464176621,0.447843161050893
209.833333333333,0.884303918102261,-0.0395299418147725,-4.65733875553475,-10.5644839259227,-14.5230316775257,-14.313447424092,-8.5388286202545,-0.394242970673018
210,0.851148839504645,-0.0446159204659189,-4.587928800126,-10.5111895018173,-14.6557324222727,-14.6579818453721,-9.14295913986506,-1.23558137999169
210.166666666667,0.815518473425594,-0.0515434186540742,-4.51730918190784,-10.4562233654843,-14.7853618163497,-14.9977892745068,-9.7463028588547,-2.07630177273875
210.333333333333,0.777347835792707,-0.0603752617457143,-4.44559349890663,-10.3997789430041,-14.911880860412,-15.3328352836894,-10.3491714334756,-2.91647097661783
210.5,0.736631177205123,-0.0711026152385159,-4.37285460793691,-10.342008439916,-15.0352259043449,-15.6630396437726,-10.9518011054181,-3.75609322167673
210.666666666667,0.693302101190984,-0.0838715162390284,-4.29935893719384,-10.2832416353398,-15.1554590371325,-15.9884993042786,-11.5540285451101,-4.59468017008923
210.833333333333,0.647241227806927,-0.0989772510441489,-4.2255501353983,-10.2239531268512,-15.2727491013305,-16.3094641796509,-12.1553064116427,-5.43131006614899
211,0.598400741856139,-0.116632321787496,-4.15180385633268,-10.1645261531474,-15.3872108679281,-16.6261033234139,-12.7550420090354,-6.26509097421757
211.166666666667,0.546804965293292,-0.136964795572556,-4.07842596077851,-10.1052518419326,-15.4989044361006,-16.9385069999779,-13.3526056778456,-7.09516449627484
211.333333333333,0.492550901996347,-0.160016798292036,-4.00565086512009,-10.0463284508471,-15.6078346715604,-17.2466884824433,-13.9473381743556,-7.92070856265379
211.5,0.435808733069344,-0.185743202533869,-3.93364008887177,-9.98786064352287,-15.7139507084559,-17.550585690183,-14.5385570335767,-8.74093927287951
211.666666666667,0.376822239590917,-0.214010557661237,-3.86248105188634,-9.92985884403681,-15.8171455437924,-17.850062764663,-15.125561842745,-9.55511171254313
211.833333333333,0.315909128870367,-0.244596308749158,-3.79218617030703,-9.87223871357838,-15.9172557566091,-18.1449116704497,-15.7076383249219,-10.3625196565086
212,0.253461239922046,-0.277188349510914,-3.72269229835587,-9.81482079281193,-16.0140613863247,-18.4348538989399,-16.2840611462946,-11.1624940888709
212.166666666667,0.189944604105981,-0.311384952590572,-3.65386056071782,-9.75733035199426,-16.1072860054887,-18.7195423436777,-16.8540954098386,-11.9544005216535
212.333333333333,0.125899337760601,-0.346695118603111,-3.58547661751949,-9.69939748823924,-16.1965970213911,-18.998563407108,-17.4169968720437,-12.7376351685667
212.5,0.0619393451758654,-0.382539383106898,-3.51725140071801,-9.64055750531516,-16.2816062384537,-19.2714393883856,-17.9720110053025,-13.5116201154236
212.666666666667,-0.00124818763462864,-0.418251118439638,-3.44882235721945,-9.58025160601015,-16.3618707089732,-19.5376311897655,-18.5183711122488,-14.2757977120565
212.833333333333,-0.0629035253364483,-0.453078365328316,-3.37975523049248,-9.51782792051196,-16.4368938936794,-19.7965413647042,-19.0552957670843,-15.0296244799981
213,-0.122195356009102,-0.486186227864425,-3.30954640926743,-9.45254288664358,-16.5061271459046,-20.047517513946,-19.581985903495,-15.7725648772482
213.166666666667,-0.17873418685657,-0.517225262775902,-3.23800134004381,-9.38404765550103,-16.5694436551537,-20.2903323792481,-20.0980137173148,-16.5045312497491
213.333333333333,-0.232582864660816,-0.546326655868117,-3.16521788701198,-9.31238069131217,-16.6271069052861,-20.5251732913839,-20.6033516767054,-17.225885663727
213.5,-0.283749300260151,-0.573533492371283,-3.09120164611563,-9.23747863049629,-16.6792820553024,-20.7521608268721,-21.0979913545527,-17.9369898273735
213.666666666667,-0.332186601681628,-0.598800879711793,-3.01586610763482,-9.15917619828772,-16.7260359160296,-20.9713507172432,-21.5819383181785,-18.6381976358251
213.833333333333,-0.377793362787506,-0.621996291670403,-2.93903307165931,-9.07720644051393,-16.7673371878684,-21.1827358878203,-22.055208306928,-19.3298493411372
214,-0.420293393577099,-0.642715802434864,-2.86031318861273,-8.99106448573844,-16.8028603954009,-21.3860028051231,-22.5173837940436,-20.0118429866233
214.166666666667,-0.459287225968523,-0.660365147965247,-2.77918601068448,-8.90010360824315,-16.8320643428018,-21.5805906559051,-22.9676549575187,-20.6836523650237
214.333333333333,-0.494399153329601,-0.674385367093011,-2.69516109606342,-8.80372102840804,-16.8544285880614,-21.7659671035277,-23.4052837979009,-21.344762708706
214.5,-0.525278521394637,-0.684254584322843,-2.60778012023786,-8.70136005807659,-16.8694551333611,-21.9416300377884,-23.8296075213993,-21.9946732184608
214.666666666667,-0.551601348411107,-0.689490274864451,-2.51661952854692,-8.59251281165763,-16.8766706448154,-22.107109761769,-24.2400423203857,-22.6329002235704
214.833333333333,-0.573072201391168,-0.68965190325355,-2.42129360375222,-8.47672335054208,-16.8756290776192,-22.261971499718,-24.6360874396548,-23.2589808386234
215,-0.589426259049406,-0.684343832506719,-2.32145782840502,-8.35359113389029,-16.8659145880903,-22.4058181171298,-25.0173294182682,-23.8724769835386
215.166666666667,-0.600431495538595,-0.673218406091797,-2.21681242781005,-8.22277465444787,-16.8471446193195,-22.538292950798,-25.3834463984152,-24.4729796351954
215.333333333333,-0.605890922488347,-0.655979110140392,-2.1071059854224,-8.08399514373645,-16.8189730521568,-22.6590826527543,-25.7342123944883,-25.0601131818868
215.5,-0.605644830169633,-0.632383728370662,-1.99213902858587,-7.9370402367411,-16.7810933181631,-22.767919957751,-26.0695014175485,-25.6335397555492
215.666666666667,-0.59957297190227,-0.602247407201172,-1.87176748865234,-7.78176749206955,-16.733241375979,-22.8645862894049,-26.3892913526504,-26.192963421443
215.833333333333,-0.587596639130717,-0.565445553571449,-1.74590594571848,-7.61810766946937,-16.6751984573562,-22.9489141253691,-26.6936674891869,-26.738134110752
216,-0.569680577912956,-0.521916493033804,-1.61453057443591,-7.44606767248364,-16.6067934938267,-23.020789046952,-26.9828256075608,-27.2688511884946
216.166666666667,-0.545834700849728,-0.471663820665362,-1.47768171348831,-7.26573306977042,-16.5279051395555,-23.0801514034425,-27.2570745290767,-27.7849665572387
216.333333333333,-0.5161155516171,-0.414758382099437,-1.33546598719459,-7.07727011398777,-16.4384633101584,-23.1269975258749,-27.5168380398909,-28.2863872063371
216.5,-0.481096227241898,-0.3518488140844,-1.18843676103618,-6.88133736473805,-16.3388729918516,-23.1617898316047,-27.7630715988683,-28.7735579727219
216.666666666667,-0.441838499693722,-0.284141358785391,-1.03757732553407,-6.67907385730149,-16.2300263139546,-23.1854504707509,-27.997206731966,-29.2474263103815
216.833333333333,-0.399411059205802,-0.2128828342185,-0.883916023411708,-6.47168468933096,-16.1128870255721,-23.1989500400938,-28.2207097440783,-29.7089458548146
217,-0.354890869749911,-0.139363320721991,-0.728529284803291,-6.26044303602708,-15.9884917913466,-23.2033089715694,-28.4350841070728,-30.1590791383581
217.166666666667,-0.309364252403447,-0.0649182587625727,-0.572543963822401,-6.046691438403,-15.8579507337208,-23.199598353684,-28.6418721779106,-30.5987997346043
217.333333333333,-0.263924637112641,0.00908222725996821,-0.417168193257258,-5.83189017381492,-15.7224644441825,-23.1888020032707,-28.842476645875,-31.0290204557761
217.5,-0.219585036525665,0.0813640527465038,-0.263571601439579,-5.61746935358384,-15.5831897442525,-23.1717297116607,-29.0380359605785,-31.4505040474769
217.666666666667,-0.177236057794134,0.150803700793046,-0.112795193252422,-5.40470556202092,-15.4411539249575,-23.1491109339542,-29.2295439701372,-31.8638949613402
217.833333333333,-0.137644199723726,0.216429769942662,0.0342496998635347,-5.19471988541909,-15.2972529950416,-23.1215933177544,-29.4178525463461,-32.2697240421356
218,-0.101449910404151,0.277424672837443,0.176782601420524,-4.98847607956421,-15.1522503595371,-23.089741304953,-29.6036735087918,-32.6684134841265
218.166666666667,-0.0691654414814526,0.33312646609619,0.314155204387101,-4.78677885688384,-15.006775910368,-23.0540348266386,-29.7875799992337,-33.0602819841759
218.333333333333,-0.0411725423643476,0.383030782364706,0.44585281438413,-4.59027227549145,-14.8613255137787,-23.0148681184113,-29.9700074299193,-33.4455499910515
218.5,-0.0177200465668472,0.426792823746027,0.571495909359891,-4.39943821540798,-14.7162608823674,-22.9725486901366,-30.1512541105091,-33.8243449287034
218.666666666667,0.00107858736330968,0.464229362406916,0.690841793939341,-4.21459493213181,-14.5718098221527,-22.9272964899695,-30.3314816453648,-34.1967062583923
218.833333333333,0.0152477068041386,0.495320679788074,0.803786315796278,-4.03589568441325,-14.4280668471511,-22.8792433068661,-30.5107151841834,-34.5625902428086
219,0.0249517830888071,0.520212361296418,0.910365599714717,-3.8633274413857,-14.2849941549701,-22.8284324582127,-30.6888436028731,-34.9218742864861
219.166666666667,0.0304975210334213,0.539216849497509,1.01075774293688,-3.69670968376777,-14.1424229564171,-22.7748188091264,-30.8656196870219,-35.2743607514192
219.333333333333,0.0323356550901412,0.552814646642986,1.10528440345445,-3.53569332414168,-14.000055149473,-22.7182691668554,-31.0406603864109,-35.6197801838326
219.5,0.0310623204627125,0.561655047951342,1.19441220168159,-3.37975978160252,-13.8574653225606,-22.6585630870683,-31.2134472050884,-35.9577939347883
219.666666666667,0.027419884428121,0.56655628158855,1.27875384614697,-3.22822025543936,-13.7141030633034,-22.5953941183194,-31.383326787125,-36.2879962094964
219.833333333333,0.0220085577514115,0.568263886191216,1.35895092140326,-3.08043741163552,-13.5693677488342,-22.5284083301868,-31.5497670575304,-36.6102618283263
220,0.0152597127930385,0.567414148951265,1.4356340034165,-2.93584425757002,-13.4226299769508,-22.4572378953381,-31.7124182622465,-36.9247923787532
220.166666666667,0.00771012446415908,0.564755773827871,1.50952110435789,-2.79373154353191,-13.2731717777498,-22.3814822465781,-31.8708890065269,-37.231794070642
220.333333333333,0,0.561147540727983,1.58141810166456,-2.65324771058286,-13.12018909781,-22.3007100995136,-32.0247472242317,-37.5314785945695
220.5,-0.00712974226089047,0.557555264658283,1.65221874024139,-2.51339872381316,-12.962793343803,-22.2144611489721,-32.1735205924309,-37.824063059144
220.666666666667,-0.0133125358344539,0.554526458400659,1.72242731341696,-2.37363004315028,-12.8005989331053,-22.1226615849059,-32.3167729453717,-38.1095644501073
220.833333333333,-0.0186096868001506,0.552120032888968,1.79209688197891,-2.2339122933726,-12.6337756978618,-22.0256299677795,-32.454145914228,-38.3878065123443
221,-0.0230642106276275,0.5503942910446,1.86127583967652,-2.09420147336886,-12.4624861530634,-21.9236639722564,-32.5853020622089,-38.6586268766508
221.166666666667,-0.0267002981578721,0.549407655000308,1.93000841185801,-1.9544383407923,-12.2868829082893,-21.8170380298123,-32.7099231034485,-38.9218751139546
221.333333333333,-0.0295227293289437,0.549219425635819,1.99833507817877,-1.814547830686,-12.1071060967039,-21.7060009361922,-32.8277080571405,-39.1774106885598
221.5,-0.0315162515492375,0.549890559977743,2.06629292211189,-1.674438522374,-11.9232808651364,-21.5907734657849,-32.9383714022413,-39.4251008884092
221.666666666667,-0.0326449401613405,0.551484451423364,2.13391591045058,-1.53400216879713,-11.7355149693002,-21.4715460351238,-33.0416412915371,-39.6648188028519
221.833333333333,-0.0328515589939793,0.554067697171308,2.20123510639855,-1.39311330277146,-11.5438965182304,-21.3484764575882,-33.1372578764739,-39.8964414097783
222,-0.0320569395271884,0.557710836730555,2.26827882020601,-1.25162893523545,-11.3484919117532,-21.2216878309508,-33.2249717862329,-40.11984782456
222.166666666667,-0.0301593976506649,0.562489044985582,2.33507270163981,-1.1093883612877,-11.1493440141965,-21.0912665987361,-33.304542796432,-40.3349177533634
222.333333333333,-0.0270342073354706,0.568482763066601,2.40163977889159,-0.966213090542661,-10.9464706065643,-20.9572608254617,-33.3757387149117,-40.5415301835013
222.5,-0.0225331507181061,0.575778250260959,2.46800044885118,-0.821906918863012,-10.7398631579912,-20.8196787247879,-33.4383345046337,-40.7395623339503
222.666666666667,-0.01648416407352,0.584468040447024,2.53417242402564,-0.676256158670675,-10.5294859554328,-20.6784874784578,-33.492111657085,-40.9288888804329
222.833333333333,-0.00869109888686892,0.59465128708108,2.60017064179906,-0.529030044577423,-10.3152756281783,-20.533612382715,-33.5368578239972,-41.1093814619611
223,0.00106638331343656,0.606433981657338,2.66600714223155,-0.379981329795943,-10.097141100863,-20.3849363576984,-33.5723667108531,-41.2809084698835
223.166666666667,0.0129684626929978,0.619911038080696,2.73178011932229,-0.228849620045217,-9.87494661111236,-20.2322424304908,-33.5984061902826,-41.4430929401873
223.333333333333,0.0271300191808381,0.635151336390856,2.79766830687965,-0.0753897119366818,-9.64853455659994,-20.075230629981,-33.6147305296337,-41.5953718940245
223.5,0.0436521969547465,0.652208093905978,2.86383869167138,0.0806166742179936,-9.41775444023423,-19.9135842246444,-33.6211202090283,-41.7372693370418
223.666666666667,0.0626221181984188,0.671118673677449,2.93044608489384,0.239360446373389,-9.18246329671716,-19.7469704004838,-33.6173841513575,-41.8683980001783
223.833333333333,0.0841125769837323,0.691904402189272,2.99763270816427,0.401004699903897,-8.94252612334327,-19.5750410992043,-33.6033618498835,-41.9884612520574
224,0.108278341106455,0.714683508134435,3.06553417071772,0.565740380957975,-8.69789254152223,-19.3975273450719,-33.5786935771274,-42.0969588399235
224.166666666667,0.135324945580992,0.739647576784932,3.13426516693998,0.733764787553138,-8.44861681358072,-19.214284576134,-33.5428548549909,-42.1931986131957
224.333333333333,0.165396358688808,0.766935843079712,3.20390484641236,0.905214159771277,-8.19479198187146,-19.0252224261916,-33.4954067228396,-42.2766004481909
224.5,0.198574604729227,0.796633802169121,3.27449499823586,1.08016264770443,-7.93655063227502,-18.8303057842372,-33.4359980934389,-42.3466995990907
224.666666666667,0.234879250163255,0.828771587492144,3.34603804486136,1.25862116130214,-7.67406578242299,-18.6295559464288,-33.364368195643,-42.4031503827065
224.833333333333,0.274266780715801,0.863322189994136,3.41849492436872,1.44053614655567,-7.40755186171211,-18.4230518310297,-33.2803490722499,-42.4457300915826
225,0.316629898132545,0.900199591513954,3.49178293989141,1.62578833509251,-7.13726574732937,-18.2109312238459,-33.1838680923726,-42.4743430154233
225.166666666667,0.361796766664992,0.939256884294083,3.56577365403704,1.8141915170986,-6.86350781686711,-17.993392018212,-33.0749504281581,-42.4890244386061
225.333333333333,0.409530240863124,0.980284447207415,3.64029090491506,2.00549139034148,-6.586622973952,-17.7706934097408,-32.9537214359273,-42.4899444721424
225.5,0.459527107762501,1.02300824780049,3.71510901889076,2.19936454072125,-6.30700159895088,-17.5431570021186,-32.8204088721996,-42.4774115723112
225.666666666667,0.511417377912907,1.06708833768953,3.78995129349276,2.39541761198184,-6.02508037259909,-17.3111677765057,-32.6753448661147,-42.4518755957047
225.833333333333,0.564763660756044,1.11211760720447,3.86448882198995,2.59318672371385,-5.7413429166947,-17.0751748739027,-32.5189675621209,-42.4139302417829
226,0.619060660460354,1.15762086338081,3.93833972892831,2.79213719730018,-5.45632019320242,-16.8356921375209,-32.3518223412003,-42.3643147392804
226.166666666667,0.673734828313382,1.2030542933387,4.011068883249,2.99166364873401,-5.17059060159251,-16.5932983610816,-32.1745625261675,-42.3039146417678
226.333333333333,0.728144207026083,1.24780537264218,4.08218815235107,3.19109050503566,-4.88477971435265,-16.3486371893796,-31.9879494774852,-42.2337616100149
226.5,0.781641497832538,1.2912519718822,4.15128494365603,3.38978309027801,-4.59948619363086,-16.1022084997885,-31.7927313873291,-42.1549085886683
226.666666666667,0.833591080713786,1.33278050608296,4.21804010439883,3.58717373717923,-4.31525083075745,-15.8543637912393,-31.5896144662001,-42.0683274255061
226.833333333333,0.883315139197501,1.37173757820649,4.28211044285658,3.78266582418455,-4.03261362061761,-15.6055112369532,-31.3793682134256,-41.9749803349182
227,0.93009470920432,1.40743230521779,4.34313121883839,3.97563587774797,-3.75211208566683,-15.3561139969757,-31.1628233927988,-41.8758179169609
227.166666666667,0.973170948467662,1.43913917791208,4.40071916781406,4.16543598730055,-3.47427929035759,-15.1066880137741,-30.9408694806394,-41.7717769155329
227.333333333333,1.01225882027204,1.46666690157665,4.45485156844091,4.35188121228473,-3.19916939630601,-14.8573229458999,-30.7140597873865,-41.6633317290011
227.5,1.04755790493641,1.49035402733393,4.50585025097503,4.53524315633039,-2.92638868835847,-14.6076935774997,-30.4825763290301,-41.5504843284911
227.666666666667,1.07924543024541,1.51050069826673,4.55399756759949,4.71576177985414,-2.65558364860431,-14.3575418323636,-30.2466050785368,-41.4332067101564
227.833333333333,1.10747673734974,1.52736928616101,4.59953723337267,4.8936462554514,-2.38644039013577,-14.1066753199532,-30.0063356664084,-41.3114416539383
228,1.13238594057395,1.54118530467438,4.64267545611011,5.06907612908519,-2.11868377089698,-13.8549654961366,-29.7619605564329,-41.1851030601359
228.166666666667,1.15408674202998,1.55213854072898,4.68358229433508,5.2422027262995,-1.85207625229552,-13.6023455519479,-29.5136738223937,-41.0540759254388
228.333333333333,1.17267336455561,1.56038434986654,4.72239318624635,5.41315074640199,-1.58641656298222,-13.3488081399211,-29.2616696524391,-40.9182160212427
228.5,1.18822156957161,1.56604506594041,4.75921059714297,5.58201999194551,-1.32153822327885,-13.0944030426053,-29.0061407067649,-40.7773493368699
228.666666666667,1.20078972980575,1.56921148059226,4.79410573765995,5.74888718563606,-1.05730798041053,-12.8392348821929,-28.747276451924,-40.6312713493439
228.833333333333,1.21041993032414,1.56994435325623,4.82712031029882,5.91380783179555,-0.793624199189143,-12.583460964191,-28.4852615920805,-40.4797461800602
229,1.21713907482319,1.56827591777147,4.85826824691413,6.07681808454198,-0.530415247270415,-12.3272893421762,-28.2202747144037,-40.3225056974291
229.166666666667,1.22095997758041,1.56421135693329,4.88753740491425,6.23793658978816,-0.267637908699612,-12.070977185238,-27.9524872630128,-40.1592486235922
229.333333333333,1.22188242477675,1.55773022137451,4.91489119486451,6.39716627291312,-0.00527585426138721,-11.8148295251139,-27.682062953793,-39.9896397028267
229.5,1.21989419204498,1.54878777397962,4.9402701168874,6.55449604847123,0.256661807782071,-11.5591984565042,-27.4091577412725,-39.8133089893412
229.666666666667,1.21497200805228,1.53731624556602,4.96359318771815,6.7099024325499,0.518141881620685,-11.3044828618933,-27.133920448733,-39.6298513128671
229.833333333333,1.2070468676985,1.52315026072594,4.98480550422782,6.86322136126646,0.778844546285985,-11.0507898970116,-26.8560270618266,-39.4388481288089
230,1.19600044841939,1.50603185968462,5.00386803385148,7.01413651868483,1.03816572372437,-10.7979377401651,-26.5747235498722,-39.2399256183402
230.166666666667,1.18169905934606,1.48568884878497,5.02070689956643,7.1623027363592,1.29548112239076,-10.5457948931642,-26.2893115655023,-39.0327597553984
230.333333333333,1.16399399429648,1.46183519892232,5.0352143322936,7.30734571936738,1.55014547597862,-10.2942796824225,-25.9991469235476,-38.8170751506749
230.5,1.14272170405846,1.43417127978188,5.0472492142637,7.44886155814774,1.80149182559232,-10.0433603585653,-25.7036399450997,-38.592645447427
230.666666666667,1.1181725217514,1.4028928875012,5.05701605235496,7.58682618592911,2.0492536266472,-9.79264639038949,-25.4018420232128,-38.358814306079
230.833333333333,1.09106170809491,1.36866980388902,5.06504682650007,7.72158177257605,2.29357569956297,-9.54139623794357,-25.0925052909434,-38.114535012611
231,1.06204676123161,1.3321277893663,5.07181497291201,7.85342097202221,2.53459818982946,-9.28893001289955,-24.77452855237,-37.8588717776613
231.166666666667,1.03172800143353,1.29385058587075,5.07773750708566,7.98258807537112,2.77245797588265,-9.03462934982656,-24.4469599113662,-37.5910022389291
231.333333333333,1.00064906503892,1.25438163920494,5.08317671732236,8.10927995363911,3.00728997521567,-8.77793765654477,-24.1090002355379,-37.310220768544
231.5,0.969297316069583,1.21422555625692,5.08844147491681,8.23364683064357,3.23922836770358,-8.51836066035392,-23.7600072366403,-37.0159424221884
231.666666666667,0.938104184018674,1.17384931138522,5.09378820445552,8.35579292064586,3.46840774972999,-8.2554671665965,-23.3994999504873,-36.7077073683095
231.833333333333,0.907445436613563,1.13368321540578,5.09942155603392,8.47577696013306,3.69496422760241,-7.98888994579749,-23.0271634046797,-36.3851856389852
232,0.877641396788214,1.09412165987596,5.10549482047374,8.59361265855676,3.91903645389458,-7.71832666606671,-22.6428532732766,-36.0481820505043
232.166666666667,0.848957113540271,1.05552364865107,5.1121101287587,8.70926908906025,4.14076660585462,-7.44354078894993,-22.2466003348758,-35.6966411523986
232.333333333333,0.821602496728325,1.01821312795317,5.11931847789914,8.82267103744149,4.36030130107251,-7.16436234969459,-21.8386145744798,-35.3306520786014
232.5,0.795732426141091,0.9824791254501,5.12711962731277,8.93369932612383,4.57779244251474,-6.88068854697654,-21.4192887988804,-34.9504531927495
232.666666666667,0.771446845312385,0.948575708129187,5.13546191260253,9.0421911300863,4.79339798318683,-6.592484072335,-20.9892016677852,-34.5564364395973
232.833333333333,0.748790850544808,0.916721768124565,5.14424202734637,9.14794030388301,5.00728260050579,-6.2997811154968,-20.5491200751658,-34.149151333456
233,0.727754785423733,0.8871006451915,5.15330482816268,9.25069774333183,5.21961827239999,-6.00267898788125,-20.1000008430961,-33.7293085292047
233.166666666667,0.708243749983139,0.859810537153657,5.16236611583258,9.35007253308158,5.43040190224736,-5.70131950703972,-19.6426621809147,-33.2972126229237
233.333333333333,0.690072605402687,0.834827804774798,5.17102535794987,9.44555658990979,5.63943639648941,-5.3958792256923,-19.1777098046003,-32.8527566700589
233.5,0.672994270787425,0.81203814472925,5.17884997772365,9.53663646818691,5.84650229569244,-5.08659021320135,-18.7058297832028,-32.3959926721628
233.666666666667,0.656700056575639,0.791236988203587,5.18537619040943,9.62279370915726,6.05135603931302,-4.77374017701223,-18.227788519536,-31.9271351668103
233.833333333333,0.640820049052705,0.772129924822361,5.19010958524491,9.70350511972416,6.253728799574,-4.45767183683437,-17.7444320976218,-31.4465630701678
234,0.625212122105288,0.754574244006999,5.19264348240626,9.77846518541553,6.45339808635718,-4.13874480633093,-17.2564297530806,-30.954473389893
234.166666666667,0.60998855209144,0.738614697991102,5.19269936768485,9.84760538377361,6.65020633422589,-3.81730228191518,-16.7642122239431,-30.4508341636323
234.333333333333,0.595240935550727,0.724260255086625,5.19002837602885,9.91088173343767,6.84399868925799,-3.49369005483455,-16.2681949667785,-29.935703491696
234.5,0.581040480794539,0.7114840387048,5.18441015215253,9.96827460714957,7.03462359194326,-3.16825455960334,-15.7687763711493,-29.409223682308
234.666666666667,0.56743817940248,0.700223125088311,5.17565149721946,10.0197881750133,7.22193307218676,-2.84134112186098,-15.2663365051084,-28.8716148590243
234.833333333333,0.554464872422277,0.690378232943243,5.16358487514727,10.0654495537435,7.40578281092031,-2.51329240746009,-14.7612363969965,-28.3231683206266
235,0.542131225641198,0.681813336980369,5.14806685871577,10.1053077425296,7.5860320203805,-2.18444706717131,-14.2538178496907,-27.7642399969894
235.166666666667,0.530427628035259,0.674355236390334,5.12897660117212,10.1394324306784,7.76254318991338,-1.8551385678615,-13.7444037767649,-27.1952443639987
235.333333333333,0.519324027373076,0.667793108530361,5.10621442343553,10.1679127662136,7.93518173588864,-1.52569420192992,-13.2332990456721,-26.6166491705018
235.5,0.508769716916862,0.66187807765288,5.07970061055027,10.1908561781178,8.10381558276304,-1.19643427250725,-12.7207918107392,-26.0289712985057
235.666666666667,0.498693087189645,0.656322828432278,5.04937451415842,10.2083873481467,8.26831468761207,-0.867671462404464,-12.2071553179438,-25.4327740344204
235.833333333333,0.489001356834014,0.650801294430293,5.01519406105845,10.2206474314817,8.42855050308806,-0.539710409491849,-11.6926501634498,-24.82866598422
236,0.479580296640688,0.644948452560772,4.97713577208566,10.2277936293946,8.58439535491704,-0.212847528874998,-11.1775269879673,-24.217301827981
236.166666666667,0.470293960849985,0.638360256144093,4.9351954013605,10.2299992221176,8.73572169163749,0.112628859100429,-10.6620295884646,-23.5993850867535
236.333333333333,0.460984439796355,0.630593741318418,4.88938931416902,10.22745417679,8.88240114901598,0.436438019146147,-10.1463984270036,-22.975673073091
236.5,0.451316936570737,0.620980504458988,4.83947207022191,10.2200943677503,9.02412055693587,0.758111711334949,-9.63103440407295,-22.3468266322604
236.666666666667,0.440807069645476,0.608703554120128,4.78497309733412,10.2075995858245,9.16040205083164,1.07702074095018,-9.11647943725823,-21.7133639831389
236.833333333333,0.428989063730034,0.593022001720576,4.72549873216458,10.1896645536646,9.29079591192309,1.39258203054122,-8.60324666766419,-21.0757948688372
237,0.415415597351711,0.573270795787899,4.66073213018888,10.1659995712137,9.41488045941149,1.70425809498536,-8.09182107755971,-20.4346224747335
237.166666666667,0.399657833307913,0.54886087284654,4.59043345273446,10.1363313683825,9.53226244731598,2.01155693952519,-7.58265950877161,-19.7903446683727
237.333333333333,0.381369943998745,0.51929769384242,4.51435109278842,10.100406713762,9.64256060946791,2.31397497384725,-7.07622214910742,-19.1436967601433
237.5,0.360314462913564,0.484197031896252,4.43222774426038,10.0580210474519,9.74542912338109,2.61101436131024,-6.57295962248481,-18.4955924626114
237.666666666667,0.336310951816493,0.443275600529438,4.34389328710458,10.0090305280398,9.84058726621937,2.90224971420698,-6.07327224074102,-17.8468508639954
237.833333333333,0.309236528952538,0.39635236782309,4.24926592174608,9.95335281370514,9.92782064917683,3.18732921123511,-5.57750663399255,-17.198194362437
238,0.279026414158226,0.343349938307307,4.14835336074142,9.8909678534032,10.0069825547407,3.46597583574721,-5.08595231590859,-16.5502461635865
238.166666666667,0.245674475858034,0.284295951711603,4.04125402496608,9.82191866329074,10.0779953456292,3.73798869935465,-4.59883821986774,-15.903527381672
238.333333333333,0.209233763773056,0.21932444738526,3.9281581926652,9.74631206314479,10.1408519118052,4.00324441315983,-4.11632924739883,-15.2584538078973
238.5,0.169817010005016,0.148677143190545,3.80934905101169,9.66431934707058,10.195617119544,4.26169846655399,-3.6385228748976,-14.6153324295313
238.666666666667,0.127597080042344,0.0727045779941735,3.68520360136884,9.57617686232482,10.2424292241393,4.51338657121569,-3.16544586885967,-13.9743577994498
238.833333333333,0.0828073542178638,-0.00813293249444857,3.55619337119055,9.48218646960603,10.2815012055291,4.75842592574901,-2.69705116417317,-13.3356083697871
239,0.035742019274869,-0.0932645759330248,3.42288488731298,9.38271585769131,10.3131219839521,4.99701635437191,-2.23321496466771,-12.6990429150115
239.166666666667,-0.0132437509874912,-0.182008608009516,3.28593986715947,9.27819868483155,10.3376574707607,5.22944127126279,-1.77373413031137,-12.0644971791822
239.333333333333,-0.0637337474755075,-0.273572248962614,3.1461150859479,9.16913451885933,10.3555514077639,5.45606842065586,-1.31832392125918,-11.4316808892255
239.5,-0.115250831632034,-0.367051958472383,3.00426187920156,9.05608854753574,10.3673259470013,5.67735034160911,-0.866616175330718,-10.8001752805834
239.666666666667,-0.167257216840846,-0.461434134764618,2.86132524058576,8.93969103029709,10.3735819217345,5.89382450562977,-0.418158002242018,-10.1694312833595
239.833333333333,-0.219192567626187,-0.555709473458126,2.71829347664842,8.8206903040752,10.3751113237918,6.10618770198931,0.0276017129165069,-9.53889511714958
240,-0.270529766333627,-0.648986405871284,2.5761008942637,8.69988760065312,10.3728128851134,6.31521197061399,0.471241017675601,-8.90805566296394
240.166666666667,-0.320765553513686,-0.740435346479625,2.4356272860177,8.57804966204404,10.3675363231689,6.5216272681254,0.913316111249023,-8.27634436500446
240.333333333333,-0.36942084433269,-0.82928950079997,2.29769682090878,8.4559076401822,10.3600814597347,6.72612096207953,1.35436141938528,-7.64313829317092
240.5,-0.416040610390989,-0.914844959319115,2.16307756715733,8.33415654982543,10.3511979213634,6.92933793385407,1.79489007419144,-7.00776273770558
240.666666666667,-0.460256390527875,-0.996518882326994,2.03235384859936,8.21334507701902,10.3415119148025,7.13167306196718,2.23527403872512,-6.36961705380168
240.833333333333,-0.501802198938507,-1.07386567934391,1.90591030373114,8.09385122597003,10.3314969615351,7.33326854767143,2.67571749378245,-5.72827683298593
241,-0.540459024281719,-1.14652569854108,1.78405231790949,7.97598083471209,10.3215334385979,7.53422166744625,3.11636509362028,-5.08342112542291
241.166666666667,-0.576053784700275,-1.21422368135273,1.66700741063874,7.85996874252745,10.3119100688254,7.73458647043405,3.55730362060273,-4.43483212926573
241.333333333333,-0.608458082959364,-1.27676690028342,1.55492694156925,7.74598027749021,10.3028257230892,7.93437556026226,3.9985637091229,-3.78239429349486
241.5,-0.637586833051027,-1.33404309372743,1.44788802445921,7.63411296055459,10.2943914312554,8.13356188971038,4.44012157099694,-3.12609298642164
241.666666666667,-0.663396827839689,-1.38601830867103,1.34589554143418,7.52439832553527,10.2866325015226,8.3320805028242,4.88190066294479,-2.46601287419048
241.833333333333,-0.685885314781608,-1.43273475811245,1.24888415401505,7.41680375834914,10.2794906518617,8.52983016595245,5.32377324539629,-1.80233614607409
242,-0.705088643714993,-1.47430879533734,1.15672021214298,7.31123426357922,10.2728260620196,8.72667483618841,5.76556179022413,-1.135340716148
242.166666666667,-0.721081047458106,-1.51092910224792,1.069203467382,7.20753407136289,10.266419259552,8.92244492231677,6.20704020269122,-0.465398524047283
242.333333333333,-0.733973612733486,-1.54285518417468,0.986068501212037,7.10548800238488,10.2599727581916,9.11693829915769,6.64793482956706,0.207025949092771
242.5,-0.743913496001736,-1.57041625937871,0.906985783446748,7.00482251298935,10.2531123711591,9.30992104083434,7.08792523076276,0.881376839827771
242.666666666667,-0.751083436370982,-1.59401062814659,0.831562278955823,6.90520634575059,10.2453881254096,9.50112784172144,7.52664469578153,1.55700763339813
242.833333333333,-0.755701616062184,-1.6141056043189,0.759341522698999,6.80625071292315,10.2362747049419,9.69026209550148,7.96368048867566,2.23318136962207
243,-0.758021918166504,-1.63123809160398,0.689803083264335,6.70750894070623,10.2251713518522,9.87699560275461,8.39857380597794,2.90907023336169
243.166666666667,-0.758346844745859,-1.64594172594675,0.622473264364297,6.60853697556038,10.2114660421986,10.0610415744221,8.83088830001031,3.58388962909948
243.333333333333,-0.756993050747096,-1.65867950735094,0.556988282594217,6.50894190725601,10.1945993079006,10.2422066030588,9.2602561052695,4.25692763461188
243.5,-0.754261858274167,-1.66988404301857,0.493014026155085,6.40834461140709,10.1740308969956,10.4203427305703,9.6863323173002,4.92742505354996
243.666666666667,-0.750439553469767,-1.67995779376845,0.430245664196057,6.30637908046253,10.149238862931,10.5953470711626,10.1087956740274,5.59457589859754
243.833333333333,-0.74579771437069,-1.68927329953537,0.368407279413349,6.20269171373811,10.1197185806291,10.7671617686949,10.5273497991595,6.25752824375384
244,-0.740557990751407,-1.69809767693687,0.307205239169072,6.09707022926487,10.0852454606953,10.9354355087784,10.9412579535102,6.91540755222674
244.166666666667,-0.734888105285158,-1.70659684672161,0.246339177929566,5.98945586273627,10.045872552804,11.0995260747105,11.3493861067418,7.56737624816369
244.333333333333,-0.728935520481252,-1.7149132543921,0.18555328799649,5.8798202615922,10.0016662529872,11.2588392217117,11.7506886308507,8.21264015575834
244.5,-0.722827656422909,-1.72316583358268,0.124635710889561,5.76816579067373,9.95270657933796,11.4128275049221,12.1442064687941,8.85044852649397
244.666666666667,-0.716672088643312,-1.73145003072334,0.0634180709285386,5.65452576182897,9.89908715081524,11.5609894458263,12.5290668181115,9.48009534414811
244.833333333333,-0.71055672897771,-1.73983789268272,0.00177512424244375,5.53896458199358,9.84091490002986,11.702869020781,12.9044841357509,10.1009217093014
245,-0.704549991944106,-1.74837822024108,-0.0603755030197199,5.42157781387409,9.77830954667793,11.8380554490053,13.2697622837599,10.7123191265845
245.166666666667,-0.698700948974655,-1.75709679104661,-0.123073512951139,5.30249214368166,9.71140285528777,11.966183251032,13.6242976402217,11.3137335301395
245.333333333333,-0.693039472633308,-1.76599665615486,-0.186316095756391,5.1818652513664,9.64033769915056,12.0869325423671,13.9675829986287,11.9046698881896
245.5,-0.687576372802149,-1.77505851433126,-0.250058075836144,5.05988558043738,9.56526695168379,12.2000295211853,14.2992120745508,12.4846972284862
245.666666666667,-0.682303526689887,-1.78424116798761,-0.314212068184227,4.93677200664746,9.48635222696826,12.3052471036172,14.6188844336659,13.0534539249346
245.833333333333,-0.677194004403158,-1.79348206389935,-0.378648668697386,4.81277340745553,9.40376249269622,12.4024056558904,14.9264106525665,13.6106530839646
246,-0.672202191717834,-1.80269792068381,-0.443196701528211,4.68816813707933,9.31767258111351,12.4913737695959,15.2217175255149,14.1560878690194
246.166666666667,-0.667263911584347,-1.81178544338161,-0.50764354618591,4.56326341488848,9.22826162651383,12.572069024966,15.504853138267,14.6896366042874
246.333333333333,-0.662296545794802,-1.82062212335739,-0.571735566744806,4.43839463755518,9.13571146116289,12.6444586874424,15.7759916452076,15.211267505216
246.5,-0.657290634685107,-1.82927642480102,-0.635376853673354,4.31381560382255,9.04010846927489,12.708446146429,16.0352292978336,15.7208010964898
246.666666666667,-0.652321213259043,-1.83803106339585,-0.69864793539357,4.18968227692025,8.94141873029793,12.7638664765371,16.2825881464636,16.2179314073175
246.833333333333,-0.647462070571334,-1.84718520589164,-0.761616803694578,4.06615322586116,8.83957159783657,12.8105986010006,16.518227688252,16.7024799526433
247,-0.642785901437326,-1.85705451252073,-0.824338968471154,3.9433887207771,8.73445851054467,12.8485653777443,16.7424474877746,17.1743989431785
247.166666666667,-0.638364479952869,-1.86797104771343,-0.88685756617333,3.82154980774399,8.6259319022272,12.8777331672117,16.9556889178389,17.6337742143022
247.333333333333,-0.634238250486617,-1.88023397564925,-0.949126435710572,3.7008966492075,8.51398710296262,12.8980870632817,17.1582065104499,18.0802575220286
247.5,-0.630411403837948,-1.89407311283951,-1.01102308855745,3.5817634572917,8.39878086630692,12.9096229108299,17.3499938534966,18.5130606976015
247.666666666667,-0.626880222449547,-1.9096802779385,-1.07243315947624,3.46444639034589,8.28045946050108,12.9123678584988,17.5310761446307,18.9315259185763
247.833333333333,-0.623633427304486,-1.92720976387911,-1.13325128187855,3.34920306732666,8.15916028168087,12.9063802751875,17.701509858535,19.3351292416556
248,-0.620652530055434,-1.94677870091074,-1.19338154929273,3.23625234977832,8.0350130912139,12.8917489836148,17.861381813905,19.7234825620067
248.166666666667,-0.61791218962569,-1.96846732838086,-1.25273759258046,3.12577438286011,7.90814092402554,12.868591938898,18.0108077599528,20.0963338331843
248.333333333333,-0.615380572478711,-1.99231919338327,-1.31124230909804,3.01791088130329,7.77866070357761,12.8370544661174,18.1499305995331,20.4535654750062
248.5,-0.613019715703788,-2.01834129440099,-1.36882728790382,2.9127656388694,7.64668359078086,12.7973071571266,18.2789183611339,20.7951910142087
248.666666666667,-0.610785891996083,-2.04650418781294,-1.42543198364411,2.81040523159201,7.51231508815849,12.7495435137242,18.3979620257276,21.121350126643
248.833333333333,-0.608629975508174,-2.07674207463503,-1.4810027002104,2.71085987656124,7.37565491688448,12.6939774122814,18.5072733074964,21.4323023628051
249,-0.606497807407021,-2.10895288415793,-1.53549145306864,2.61412439989641,7.23679668294632,12.6308404547356,18.6070824803408,21.728419926681
249.166666666667,-0.604330559778144,-2.14299837027747,-1.58885478590778,2.52015926033011,7.09582734981755,12.5603792632609,18.6976363352681,22.0101799329296
249.333333333333,-0.602065096270047,-2.17870423535599,-1.64105262274769,2.42889156878895,6.9528265389526,12.4828527716689,18.7791963475258,22.2781565873884
249.5,-0.599634327565877,-2.21586029549497,-1.69204724092319,2.34021603957247,6.80786568641662,12.3985295662965,18.8520371267696,22.5330137246364
249.666666666667,-0.596967559402925,-2.254220700248,-1.74180245368491,2.253995805075,6.66100709421356,12.3076853332263,18.9164452185479,22.7754981018684
249.833333333333,-0.594002801453665,-2.29351777105141,-1.79028221541002,2.17007256181063,6.51232956743085,12.2105563274115,18.9726738252737,23.0063685735561
250,-0.590688167246721,-2.33346176554829,-1.83745401135277,2.08826470266523,6.36193116832193,12.1073386817461,19.0209268874601,23.2263496760684
250.166666666667,-0.586970672328797,-2.37372735069733,-1.88329170524936,2.0083568754457,6.20990359991393,11.9982313963924,19.0613961899498,23.4361736478431
250.333333333333,-0.582796430974186,-2.4139540106484,-1.92777632056164,1.93009980326932,6.05633155824997,11.8834347622253,19.0942622711607,23.6365804844852
250.5,-0.578110842295263,-2.45374660074185,-1.97089755919946,1.85320956628485,5.9012923822318,11.7631492158651,19.1196957672021,23.8283202632906
250.666666666667,-0.572704050063201,-2.49248922490864,-2.01237151729503,1.77763833625941,5.74503892816556,11.6377688727719,19.1380191170856,24.0120004051452
250.833333333333,-0.566238559685715,-2.52942241956697,-2.05167747598702,1.70357641679412,5.58797856027601,11.5078535646259,19.1496852232823,24.1880372374914
251,-0.55841765618006,-2.56386808804273,-2.08836003701443,1.63118140162426,5.43047968457737,11.373920541767,19.1551059383064,24.3567881172955
251.166666666667,-0.548985373512969,-2.59522937068401,-2.12202909888089,1.56057785581993,5.27287155265408,11.2364440011784,19.1546512043171,24.5185516154964
251.333333333333,-0.537726523918829,-2.62299080503401,-2.15236007565139,1.49185697016244,5.1154439301226,11.0958544594323,19.1486478745753,24.6735673569782
251.5,-0.524466780701548,-2.64671873383569,-2.17909431330996,1.42507619816178,4.95844663694489,10.9525379916903,19.1373782772779,24.8220155749938
251.666666666667,-0.509072806756823,-2.66606191668398,-2.20203965817409,1.36025888582925,4.80208896907535,10.8068353592041,19.1210785853422,24.9640164418105
251.833333333333,-0.491452419679713,-2.68075229934161,-2.22107113159859,1.29739390492627,4.64653901321992,10.659041049227,19.0999370576847,25.0996292390608
252,-0.471554782904687,-2.69060589318232,-2.23613166519341,1.2364353009509,4.49192286875195,10.5094022527968,19.0740922185115,25.2288514319173
252.166666666667,-0.449370610916143,-2.69552371601158,-2.24723285110436,1.17730196757716,4.33832379304435,10.3581178074532,19.0436310412343,25.3516177108371
252.333333333333,-0.424932375223769,-2.69549274472438,-2.25445566262928,1.11987735961403,4.18578128861022,10.2053371335668,19.0085872029873,25.467799063387
252.5,-0.398314496565205,-2.69058682995175,-2.25795110159812,1.06400925679916,4.03429015246998,10.0511591945401,18.9689394745331,25.5772019367008
252.666666666667,-0.369633507724069,-2.68096752305055,-2.25794073053138,1.00950959089339,3.88379951005314,9.89563151265722,18.9246103087767,25.6795675486132
252.833333333333,-0.339048170463844,-2.66688476648629,-2.25471704955943,0.956154348616915,3.73421185768044,9.73874927377575,18.8754646893471,25.7745714026314
253,-0.306759529405423,-2.64867739979105,-2.24864368034362,0.903683562995753,3.58538213923968,9.58045455534948,18.8213092989195,25.8618230588215
253.166666666667,-0.273111480801215,-2.62688797397224,-2.24022874395272,0.851710020920823,3.43692456474646,9.42027980485437,18.7616754613239,25.9408627267081
253.333333333333,-0.238582452875344,-2.60226004991508,-2.23012172940944,0.799725290761066,3.28822695486821,9.2573848343167,18.6958553808952,26.0111767272736
253.5,-0.203679981033559,-2.57562125170326,-2.21903742153272,0.747194834260638,3.1386505980463,9.0909321430656,18.6231375196106,26.0722094900438
253.666666666667,-0.16893978792929,-2.5478818247951,-2.20775434094586,0.693559057988854,2.98753066832977,8.92008809242835,18.5428075126944,26.1233647762788
253.833333333333,-0.134924843429157,-2.52003305619899,-2.19711308710236,0.638234434585657,2.83417691249257,8.744024248323,18.454149260499,26.1640070542462
254,-0.102186757966979,-2.49303230770558,-2.18796554134093,0.580560866163165,2.67776206521893,8.56184429100391,18.3564334442893,26.1935896817094
254.166666666667,-0.0712096537027687,-2.46768922668518,-2.18107739873828,0.51986701945743,2.51740707113811,8.37266917065277,18.2489903971324,26.2117041762217
254.333333333333,-0.0424193000164117,-2.44472138699538,-2.17712778482987,0.455557635292522,2.35233753262018,8.17575530576554,18.1312599802862,26.2179812460638
254.5,-0.0161827026209873,-2.4247535892977,-2.17670855354664,0.387114317072386,2.18188515369131,7.97049571520685,18.0027920702081,26.2120941429488
254.666666666667,0.00719175246303072,-2.40831807434029,-2.18032448050525,0.314095522326046,2.0054884522334,7.75642029223161,17.8632460589896,26.1937606501167
254.833333333333,0.0274536768219817,-2.39585551888141,-2.18839422614312,0.236135856635272,1.82269282880292,7.53319531984307,17.7123894813258,26.1627438936202
255,0.0444096599257264,-2.38771667875846,-2.20125193825048,0.15294477509403,1.63315008379827,7.30062233218006,17.550095887928,26.1188521604828
255.166666666667,0.0579219340916,-2.38416454128853,-2.21914936134737,0.0643047994783678,1.436617474929,7.05863642854199,17.3763420890277,26.0619379025654
255.333333333333,0.0679068066632618,-2.38537684937473,-2.2422583207414,-0.0299306401586275,1.23295640438737,6.80730414546901,17.1912048924844,25.9918960995283
255.5,0.0743329407470419,-2.39144886199386,-2.27067345159228,-0.129839632354661,1.02213082026236,6.54682098838199,16.994857459269,25.9086621483654
255.666666666667,0.0772195635493311,-2.4023962197399,-2.30441504748575,-0.235434375810604,0.804205410087253,6.27750871810819,16.7875653950403,25.8122094407904
255.833333333333,0.0766346782389951,-2.4181577893493,-2.34343190844047,-0.346663836595845,0.579343656542011,5.99981247969881,16.5696826905287,25.702546783426
256,0.0726933516094805,-2.43859836719325,-2.38760407449013,-0.46341637751072,0.34780581683069,5.71429785185504,16.3416476158608,25.5797158094276
256.166666666667,0.0655561459285379,-2.46351112814103,-2.43674533755239,-0.585522272207583,0.109946878725658,5.42164788562355,16.1039786651962,25.4437885239195
256.333333333333,0.0554277595152217,-2.49261971255132,-2.49060543078765,-0.712756022827376,-0.133785461694259,5.1226601914171,15.8572706384923,25.2948651194181
256.5,0.0425021587389849,-2.52559820512343,-2.5489186844281,-0.84482960863429,-0.382958278023389,4.81788770756222,15.602029316464,25.1329962534859
256.666666666667,0.0269533815031646,-2.56207562234099,-2.61139906846681,-0.981401667869408,-0.637177145574325,4.50760327213982,15.3386485340376,24.9582138816164
256.833333333333,0.00898458959177484,-2.60161981887905,-2.67769092621371,-1.122090054665,-0.895991531711411,4.19213836846561,15.0675602160373,24.7706228793534
257,-0.0111721414019197,-2.64373750144471,-2.74736916270453,-1.26647127140968,-1.15889423548035,3.87188246394919,14.7892333638512,24.5704014292642
257.166666666667,-0.0332556677960814,-2.68787362561465,-2.81993883342964,-1.4140797097862,-1.42532081777673,3.54728266576282,14.504173515219,24.3578021077334
257.333333333333,-0.0569630010586615,-2.73348426436333,-2.89494599487562,-1.56446806867276,-1.69471378095086,3.21877008762796,14.2128538794868,24.133018530633
257.5,-0.0819839581031745,-2.78010403473154,-2.9720410670745,-1.71725607797911,-1.96658681580121,2.88670731998213,13.9156692659082,23.8961566233037
257.666666666667,-0.108030879324988,-2.82730597065192,-3.05089882474789,-1.87209361095193,-2.24049225917196,2.55143594069213,13.6129819119845,23.6473552595589
257.833333333333,-0.134838617730331,-2.87470146008952,-3.13121829878628,-2.02866073749581,-2.51602130749378,2.21327667459032,13.3051215201378,23.3867864089597
258,-0.162164556967948,-2.92194028132668,-3.21272277325267,-2.18666797522024,-2.79280444219645,1.87252949059104,12.992385204039,23.1146548332907
258.166666666667,-0.189788655236698,-2.96871072579428,-3.29515986625508,-2.34585670761747,-3.07051202634126,1.52947365051054,12.6750373511003,22.831197362758
258.333333333333,-0.217513512123019,-3.01473979425379,-3.37830168238198,-2.50599973824471,-3.34885503212567,1.18436772256037,12.3533094068006,22.5366817894155
258.5,-0.245164455509268,-3.05979345238278,-3.46194502360327,-2.66690194839267,-3.62758585858914,0.837449571073121,12.0273995856894,22.2314054221548
258.666666666667,-0.272589645786495,-3.10367693094413,-3.54591164463963,-2.82840102365392,-3.90649919795592,0.48893633247656,11.6974725130946,21.9156933539805
258.833333333333,-0.299660194697557,-3.14623505475237,-3.63004853782169,-2.99036821225508,-4.18543290767604,0.139024385976724,11.3636588007418,21.5898964979252
259,-0.326270296229367,-3.18735258362852,-3.71422823143409,-3.15270907521879,-4.46426884351622,-0.212110674070451,11.026054558673,21.2543894524814
259.166666666667,-0.352337367062302,-3.22695454749159,-3.79834908450259,-3.31536418564122,-4.74293360720846,-0.56431405845181,10.6847208450065,20.9095682605215
259.333333333333,-0.377802194171855,-3.26500655671618,-3.88233555998068,-3.47830973192326,-5.0213991604536,-0.917451791543587,10.3396830542174,20.5558481270674
259.5,-0.402629087260492,-3.30151506793699,-3.96613845736825,-3.64155797802838,-5.29968325582248,-1.27141070430684,9.99093024370363,20.1936611607575
259.666666666667,-0.426806033776371,-3.33652758465453,-4.04973508500327,-3.80515753314343,-5.57784963466505,-1.62609840888047,9.63841439744145,19.8234542013274
259.833333333333,-0.450303212612851,-3.37004483683256,-4.13305632900104,-3.96914550272271,-5.85602237029314,-1.98170392521535,9.28203290287209,19.4459533529982
260,-0.47307808651071,-3.40203335413945,-4.21600661095616,-4.13354322192787,-6.1343688343938,-2.33866556001638,8.92164278367605,19.0620846400609
260.166666666667,-0.495119604278051,-3.43251959109088,-4.29854673067622,-4.29840175837051,-6.41307644733152,-2.69739574619136,8.55708243837821,18.6726643846887
260.333333333333,-0.516448276159726,-3.46158974177508,-4.380693606062,-4.46380164493585,-6.69235229678171,-3.05828262298716,8.18816921097262,18.2783955050242
260.5,-0.537116254161797,-3.48938944474525,-4.46251992061379,-4.62985272913615,-6.97242289259018,-3.42169107008921,7.814697681778,17.8798654836351
260.666666666667,-0.557115939615537,-3.51591405479227,-4.54395547102014,-4.79658510040707,-7.2534375090972,-3.78784914650354,7.43664688148324,17.4777876178583
260.833333333333,-0.576368859585229,-3.54098575312498,-4.62476856295174,-4.96393369091303,-7.53544489371481,-4.15684345147688,7.05417978979993,17.0729841499649
261,-0.594811625083073,-3.5644516435234,-4.70475511920905,-5.13183966137134,-7.81847843288585,-4.52873101798571,6.66743466440606,16.6661369819021
261.166666666667,-0.612396001602914,-3.58618388822936,-4.78373879691806,-5.30025051920873,-8.10255651566109,-4.90353918316229,6.27652502819221,16.2577892755389
261.333333333333,-0.62908896181135,-3.60607983349894,-4.86157110632518,-5.46912027097301,-8.38768290745467,-5.28126511109009,5.8815400532362,15.8483472222528
261.5,-0.644872723005083,-3.62406212657221,-4.93813153203646,-5.63840959926363,-8.67384712592002,-5.66187506293784,5.48254523349193,15.4380818269142
261.666666666667,-0.659744771855352,-3.64007882571478,-5.01332765742836,-5.80808605450312,-8.96102481083165,-6.04530350742364,5.07958324168082,15.0271305679929
261.833333333333,-0.673717878837874,-3.65410350482236,-5.08709529275877,-5.97812425198636,-9.2491780799018,-6.43145216083891,4.67267487125128,14.6154988119374
262,-0.686820104594397,-3.66613535386446,-5.15939860724148,-6.14850606478117,-9.53825586257244,-6.82018904017747,4.26181997180218,14.2030608754958
262.166666666667,-0.699094800300674,-3.67619927619635,-5.230230265035,-6.31922080318282,-9.82819420397677,-7.2113476053837,3.84699829613011,13.7895606437097
262.333333333333,-0.710600603929776,-3.68434598349928,-5.29961156475022,-6.49026537151759,-10.1189165314286,-7.60472605765655,3.42817018892402,13.3746116635243
262.5,-0.721411434106129,-3.69065208883098,-5.36759258171529,-6.66164439311525,-10.4103338759445,-8.00008685064836,3.00527706075415,12.9576966430686
262.666666666667,-0.731616483049722,-3.69522019799245,-5.43425231186406,-6.83337029420265,-10.7023450414036,-8.39715646098963,2.57824160586834,12.5381662945879
262.833333333333,-0.74132020991583,-3.69817899915147,-5.49969881574701,-7.00546333728226,-10.9948367139798,-8.79562545468711,2.14696773779292,12.1152374648504
263,-0.750642335647749,-3.69968335041644,-5.5640693608117,-7.17795159422661,-11.2876835044037,-9.19514887745815,1.7113402321735,11.6879905009427
263.166666666667,-0.759734190739195,-3.69997960753923,-5.62741494858027,-7.35065486587521,-11.5807009219046,-9.59548712387523,1.2711888951395,11.2553172968512
263.333333333333,-0.768767249177398,-3.69937924714899,-5.68969107016541,-7.52320656750859,-11.8736692151314,-9.99655048065448,0.826294830377291,10.8160427687326
263.5,-0.777910994755299,-3.69818125829546,-5.75086995270627,-7.69528106715005,-12.1663918336532,-10.3982793624691,0.376430341485453,10.3690318467815
263.666666666667,-0.787332873692725,-3.69667311945528,-5.81094208595713,-7.86659414809526,-12.4586949254214,-10.8006423519239,-0.0786395409404639,9.91318691272331
263.833333333333,-0.797198273026208,-3.69513161640329,-5.86991753177993,-8.03690342929024,-12.7504269848775,-11.2036345395727,-0.539155907629882,9.44744720137936
264,-0.807658555136404,-3.69380997707361,-5.92782792369524,-8.20601828981477,-13.0414852834493,-11.6072319923985,-1.00532068197053,8.97085512600646
264.166666666667,-0.818850016711264,-3.69293905421905,-5.98472391455264,-8.37379803238712,-13.3318195410554,-12.0113920769797,-1.47728056018856,8.48260103113463
264.333333333333,-0.830905463156952,-3.69274180969295,-6.04067352077001,-8.54014180818149,-13.6214072632761,-12.4160973768662,-1.9551637761908,7.98198232239879
264.5,-0.843954396062962,-3.69343391101961,-6.09576301353393,-8.70498922433581,-13.9102539796773,-12.8213548461951,-2.43908040735473,7.46840729843566
264.666666666667,-0.85812322046607,-3.69522426671005,-6.1500976870519,-8.86832092513861,-14.198393595498,-13.227195075049,-2.92912280026035,6.9413993450249
264.833333333333,-0.873535473614162,-3.69831552330917,-6.20380252709326,-9.0301591518106,-14.4858888540599,-13.6336716744644,-3.42536610961851,6.40060113418902
265,-0.890312077011296,-3.70290454734299,-6.25702280413871,-9.19056828652813,-14.7728319069686,-14.040860791573,-3.92786894592909,5.84577847397892
265.166666666667,-0.908571613590752,-3.70918291580384,-6.30992461706184,-9.34965538730782,-15.0593449885036,-14.4488607671577,-4.43667412997652,5.27682347989837
265.333333333333,-0.928430631919319,-3.71733743949287,-6.36269541524517,-9.50757072152303,-15.3455811895778,-14.8577919489748,-4.95180955505382,4.69375678909893
265.5,-0.950003979383524,-3.72755074433954,-6.41554452922372,-9.66450830708253,-15.6317253253277,-15.2677966745218,-5.47328916063955,4.0967286120741
265.666666666667,-0.973405166348651,-3.74000193663225,-6.46870374217345,-9.820706471601,-15.9179948888294,-15.6790394365004,-6.00111402392199,3.48601850747367
265.833333333333,-0.998746763314334,-3.75486737879794,-6.52242793662538,-9.97644844116408,-16.2046410816908,-16.0917072429873,-6.53527357782067,2.86203386377657
266,-1.02614083311354,-3.77232160281807,-6.57699585248118,-10.1320629714752,-16.4919499104174,-16.5060101822354,-7.07574696571582,2.22530716441313
266.166666666667,-1.05569940021234,-3.79253838840168,-6.63271099351542,-10.2879250352137,-16.7802433356064,-16.9221821990449,-7.62250454368302,1.57649218765939
266.333333333333,-1.08753495915801,-3.81569203247488,-6.68990271984777,-10.4444565802857,-17.0698804593,-17.3404820857488,-8.17550954036924,0.916359338089344
266.5,-1.1217993562302,-3.84203261000656,-6.74886331370668,-10.6017859723902,-17.3609885681224,-17.7613320344539,-8.73512415662854,0.24518007304486
266.666666666667,-1.15867012504776,-3.87186548183589,-6.80981631070127,-10.7597267032936,-17.653438748648,-18.1852622993437,-9.30204529120553,-0.437286413794966
266.833333333333,-1.19830398066323,-3.90546515132029,-6.87296285340402,-10.9181066401812,-17.9471022374495,-18.6127436984326,-9.87686556492609,-1.1311884629919
267,-1.24083494659258,-3.94307257429148,-6.93847899794125,-11.0767658910247,-18.2418483098616,-19.0441845828314,-10.46007016602,-1.83658146774763
267.166666666667,-1.28637218222944,-3.98489203378362,-7.00651254779431,-11.2355541871791,-18.5375417746865,-19.4799276434974,-11.0520333230965,-2.55342645696906
267.333333333333,-1.33489697331651,-4.03097312704384,-7.07710608076012,-11.3942364609132,-18.8338478105754,-19.9198907059254,-11.652797925204,-3.28158441223544
267.5,-1.38626833487756,-4.08120973979192,-7.15019593704484,-11.5524952778532,-19.1302439597604,-20.3636008086742,-12.2621078854688,-4.02082849015612
267.666666666667,-1.44032549567926,-4.13545279838006,-7.22568367703696,-11.7100219546661,-19.4262173046478,-20.810566416221,-12.8796391704649,-4.77085195904324
267.833333333333,-1.49688571331808,-4.19350712264409,-7.30343264531929,-11.8665132960995,-19.7212619244168,-21.2602753370472,-13.5049959859571,-5.53126469894
268,-1.55574201062865,-4.25512810539173,-7.38326435058771,-12.0216681749718,-20.0148764012876,-21.7121927187844,-14.1377068538826,-6.30158936012712
268.166666666667,-1.61666093052516,-4.32001836920692,-7.46495481542044,-12.1751840777259,-20.3065614743131,-22.1657592102506,-14.7772207277932,-7.08125741008396
268.333333333333,-1.67938041214571,-4.38782455982348,-7.54823105890886,-12.3267537548834,-20.5958179541506,-22.6203893905481,-15.4229032990933,-7.86960530262498
268.5,-1.74360789477074,-4.45813444070425,-7.63276788091757,-12.476062130506,-20.8821450252336,-23.0754705722819,-16.0740336483173,-8.66587100231045
268.666666666667,-1.80901875708701,-4.53047445511781,-7.71818511863783,-12.6227836364509,-21.1650390710767,-23.5303620887696,-16.729801393917,-9.46919109247748
268.833333333333,-1.87525519773195,-4.6043079195649,-7.80404554375866,-12.7665801448093,-21.443993163267,-23.9843951734149,-17.3893044853676,-10.2785986868003
269,-1.94192565857342,-4.67903400569329,-7.8898535618266,-12.907099674686,-21.7184973544252,-24.4368735329604,-18.0515477778854,-11.0930223528443
269.166666666667,-2.00860488487993,-4.75398765687024,-7.97505486421948,-13.0439760469471,-21.9880399097518,-24.8870747050932,-18.715442512958,-11.9112862425212
269.333333333333,-2.07483470655699,-4.82844057055239,-8.05903716782181,-13.1768296525109,-22.2521096006804,-25.334252275027,-19.3798068126814,-12.7321116097813
269.5,-2.14012561219579,-4.9016033588307,-8.14113215829763,-13.3052694862404,-22.5101991678837,-25.7776390055569,-20.0433672771733,-13.5541198815209
269.666666666667,-2.20395917308786,-4.97262897745057,-8.220618730231,-13.428896579717,-22.7618100398466,-26.2164509111378,-20.7047617537129,-14.3758374349153
269.833333333333,-2.26604742380748,-5.04102889409214,-8.29709184956352,-13.5475050231843,-23.0066990338921,-26.6503399217968,-21.3631768453833,-15.1963234118247
270,-2.32636398691635,-5.10671925401623,-8.3704967931296,-13.6610880439827,-23.244892522988,-27.0794505363385,-22.0184446372344,-16.015226844724
270.166666666667,-2.38490291703225,-5.16963145630159,-8.4407808019738,-13.7696438719855,-23.4764520573025,-27.5039993379219,-22.670455564942,-16.8321916037581
270.333333333333,-2.44167908607009,-5.22971252249917,-8.50789325795031,-13.8731761343737,-23.7014753500637,-27.9242750908169,-23.319157212587,-17.6468556360784
270.5,-2.49672854321058,-5.28692546049866,-8.57178584803563,-13.971694127266,-23.9200969534363,-28.3406385698944,-23.96455294349,-18.4588501024763
270.666666666667,-2.55005508889541,-5.34123129839652,-8.63236585702432,-14.0652217766198,-24.1323830862709,-28.7531656918635,-24.6065387609725,-19.2677225299237
270.833333333333,-2.60162220286525,-5.39258610506039,-8.68950260290603,-14.1537902310574,-24.3383097595896,-29.1616140106738,-25.2448821494498,-20.0729680046396
271,-2.65140286609458,-5.4409580239715,-8.74307764918994,-14.2374265932556,-24.5378587433824,-29.5657628915446,-25.879373407656,-20.8741205759381
271.166666666667,-2.69937972937387,-5.48632757075724,-8.7929849703709,-14.3161552399953,-24.7310189335149,-29.965413729358,-26.5098254121951,-21.6707527867935
271.333333333333,-2.74554521980443,-5.52868785786307,-8.83913106527645,-14.3899987483472,-24.9177871275263,-30.3603898809363,-27.1360732826037,-22.4624752099485
271.5,-2.78990159416153,-5.56804475728713,-8.88143502597785,-14.4589784833731,-25.0981682883959,-30.750536348365,-27.7579739657558,-23.2489359786012
271.666666666667,-2.83246094763193,-5.60441701193147,-8.91982856978577,-14.5231148948374,-25.2721753700226,-31.1357192525134,-28.3754057559813,-24.0298202980827
271.833333333333,-2.87324518592053,-5.63783630570088,-8.954256041624,-14.5824275646706,-25.4398287736733,-31.5158251365173,-28.9882677657974,-24.8048499239412
272,-2.91228596818546,-5.66834730204387,-8.98467439382172,-14.6369350429455,-25.6011555007634,-31.8907601383913,-29.5964793607073,-25.5737825925844
272.166666666667,-2.94962462773041,-5.69600766021559,-9.01105315012087,-14.6866545076646,-25.7561880639691,-32.2604490703602,-30.1999795701321,-26.3364113931485
272.333333333333,-2.98531207688693,-5.72088803818057,-9.03337436049095,-14.7316012825067,-25.9049632158301,-32.6248344401751,-30.798726485252,-27.0925640734799
272.5,-3.0194087020824,-5.74307209079601,-9.05163255320987,-14.7717882466769,-26.0475205517464,-32.9838754468747,-31.3926966533484,-27.8421022788655
272.666666666667,-3.05198425473504,-5.76265647175069,-9.06583469063265,-14.8072251720069,-26.1839010426582,-33.3375469803988,-31.9818844771934,-28.5849207291425
272.833333333333,-3.08311774336739,-5.77975084770965,-9.07600013515962,-14.8379180242906,-26.3141455517536,-33.6858386513809,-32.5663016271264,-29.3209463476917
273,-3.11289733220721,-5.79447793326119,-9.08216063216186,-14.8638682683545,-26.4382933892782,-34.0287538745378,-33.1459764727152,-30.0501373641754
273.166666666667,-3.14148031261341,-5.80698899973663,-9.0843504019804,-14.8850723764814,-26.5563562961952,-34.3662417010349,-33.7208229327772,-30.7726318986042
273.333333333333,-3.169077925809,-5.81745424106974,-9.08260880206967,-14.9015223592892,-26.6683184978132,-34.6981984991749,-34.2906291984358,-31.4887401248792
273.5,-3.19588653884563,-5.826041366016,-9.07699090925329,-14.9132046555725,-26.7741599392773,-35.0245350518068,-34.8551815066744,-32.1987891164513
273.666666666667,-3.22208626813031,-5.83291434119974,-9.06756679505239,-14.9200985761167,-26.8738542448612,-35.3451751022578,-35.4142625245139,-32.9031203141348
273.833333333333,-3.24783985813714,-5.83823242045629,-9.05442097887648,-14.9221751141856,-26.9673671167796,-35.6600541831753,-35.9676499062952,-33.6020871438044
274,-3.2733334372121,-5.84223737250196,-9.03772506631852,-14.9194440377306,-27.0546407844791,-35.9688580427825,-36.5150982793152,-34.2963193650405
274.166666666667,-3.2987709068404,-5.84524044688492,-9.0177175440299,-14.9119575481786,-27.1356100138626,-36.2710540522436,-37.0563531792709,-34.986643528235
274.333333333333,-3.32432940853871,-5.84752787373954,-8.99462069837777,-14.8997643037824,-27.210224501716,-36.5661658692032,-37.5911726640821,-35.6737731005219
274.5,-3.3501590796431,-5.84936071343161,-8.96864060968354,-14.8829093308512,-27.2784485556685,-36.8537715601555,-38.119324910877,-36.3583044169892
274.666666666667,-3.3763829404902,-5.85097481008472,-8.9399671765178,-14.8614339198941,-27.3402607757449,-37.133502450994,-38.6405866630069,-37.0407141626336
274.833333333333,-3.40309688845603,-5.85258082278529,-8.90877415585305,-14.8353755046976,-27.3956537341394,-37.4050425989143,-39.1547423983219,-37.7213581507679
275,-3.4303697746012,-5.85436430848048,-8.87521920490858,-14.8047675230746,-27.4446336508195,-37.6681287799885,-39.6615840940607,-38.4004711609115
275.166666666667,-3.45824353913407,-5.8564858310092,-8.83944391068357,-14.7696392585738,-27.4872200633603,-37.922550887681,-40.1609114672589,-39.0781676043568
275.333333333333,-3.48673338248343,-5.85908107127743,-8.80157379343298,-14.7300156628389,-27.5234454900114,-38.1681526385402,-40.6525325727931,-39.754442796112
275.5,-3.51582794941083,-5.86226091424683,-8.76171827066776,-14.6859171585545,-27.5533550854274,-38.4048324826244,-41.1362646444688,-40.4291746258072
275.666666666667,-3.54548950423461,-5.86611148909286,-8.71997056862666,-14.6373594230414,-27.5770062887486,-38.6325446183214,-41.6119350684177,-41.1021254359387
275.833333333333,-3.57565407583454,-5.87069413955643,-8.67640756854926,-14.5843531525756,-27.5944684638303,-38.851300014473,-42.0793823829939,-41.7729439323672
276,-3.6062315516072,-5.87604530211077,-8.63108957545361,-14.5269038074347,-27.6058225313944,-39.0611673474196,-42.5384572057571,-42.4411669683898
276.166666666667,-3.63710569990807,-5.88217627005263,-8.58405999746791,-14.4650113375449,-27.6111605927545,-39.2622737668438,-42.9890229962782,-43.1062210592721
276.333333333333,-3.668134100702,-5.88907282195988,-8.53534492406487,-14.3986698884332,-27.6105855445558,-39.4548054120723,-43.4309565734815,-43.7674234983429
276.5,-3.69919508183919,-5.89669914337385,-8.48494550895422,-14.3278329638843,-27.6041676663879,-39.6390115837961,-43.864155826222,-44.4239470218546
276.666666666667,-3.73019907132789,-5.90499964758761,-8.43283326920499,-14.2524190359607,-27.591946024286,-39.8151888112973,-44.2885297591367,-45.0748542213521
276.833333333333,-3.76104711958304,-5.91389536628982,-8.37895483020492,-14.1723488707948,-27.5739723375843,-39.9836688736672,-44.7039855656823,-45.7191493822417
277,-3.79163076751509,-5.92328365975056,-8.32323175227353,-14.0875454498041,-27.5503110702023,-40.1448184762687,-45.1104277859907,-46.3557763384048
277.166666666667,-3.82183191743829,-5.93303794479271,-8.26556037436558,-13.9979339434248,-27.5210395693675,-40.2990385864639,-45.5077571602588,-46.9836156529091
277.333333333333,-3.85150635685894,-5.94294219927861,-8.20592728863109,-13.9036577337061,-27.4862952596701,-40.4466232903957,-45.8958340129256,-47.601432545288
277.5,-3.88049510321147,-5.95271718845975,-8.14441860248541,-13.8050564692183,-27.4462519631496,-40.5877149909026,-46.2744837570375,-48.2079982864337
277.666666666667,-3.90864642458991,-5.96209794103513,-8.08110772543866,-13.7024386678748,-27.4010615971234,-40.7224239423506,-46.643536070829,-48.80219712097
277.833333333333,-3.93581578368824,-5.970832658302,-8.01605389105645,-13.596081198573,-27.3508548390333,-40.8508300237188,-47.0028257506988,-49.3830236174064
278,-3.96186576658085,-5.97868180148393,-7.94930091071942,-13.4862288101216,-27.2957416476788,-40.972984265911,-47.3521932545349,-49.9495819354126
278.166666666667,-3.9866659960099,-5.98541732971798,-7.88087612988039,-13.3730937017761,-27.2358116517161,-41.0889101659067,-47.6914849659077,-50.5010867134049
278.333333333333,-4.01009302856402,-5.99082206336912,-7.81078956053391,-13.2568551305869,-27.1711344128215,-41.1986048116064,-48.0205532083557,-51.0368652785533
278.5,-4.03203023489053,-5.99468914891173,-7.73903316559972,-13.1376590512111,-27.1017595682725,-41.3020398340289,-48.339256037904,-51.5563608672149
278.666666666667,-4.05236766187756,-5.99682160264526,-7.66558027196496,-13.0156177838495,-27.0277168557382,-41.3991621975564,-48.6474568407537,-52.059136522625
278.833333333333,-4.07100187556553,-5.99703191105657,-7.59038508912193,-12.8908097055945,-26.9490160217082,-41.489894833966,-48.9450237615184,-52.5448793158232
279,-4.08783578339614,-5.99514166576694,-7.51338230978437,-12.7632789597299,-26.8656466141481,-41.5741371218784,-49.2318289853428,-53.0134045233698
279.166666666667,-4.10277843427327,-5.99098121076659,-7.43448676767897,-12.6330351764889,-26.7775776596184,-41.6517652099245,-49.5077478946823,-53.4646593991132
279.333333333333,-4.11574479479151,-5.98438927911119,-7.35359312602264,-12.5000531974955,-26.6847572251918,-41.7226321793374,-49.7726581185111,-53.8987262030053
279.5,-4.12665549987812,-5.97521259550819,-7.2705755681548,-12.3642727946744,-26.5871118660274,-41.7865680398384,-50.0264384884021,-54.3158242003957
279.666666666667,-4.13543657599047,-5.96330542034264,-7.18528745956053,-12.2255983728776,-26.4845459603876,-41.8433795516473,-50.2689679124859,-54.7163104187672
279.833333333333,-4.1419514525319,-5.94843748890706,-7.09747638901875,-12.0838109703253,-26.3767855303661,-41.8926877512651,-50.500073974284,-55.1006420920293
280,-4.14600623786062,-5.93030514673285,-7.0067913968739,-11.9385646507637,-26.2633875019586,-41.933955054443,-50.719538516594,-55.4693373398754
280.166666666667,-4.14741991594019,-5.90862806766564,-6.91287075786955,-11.7894722265382,-26.143899234217,-41.9666603020469,-50.9271500989954,-55.8229911985227
280.333333333333,-4.1460240243097,-5.88314839951893,-6.81534118121049,-11.6361048788796,-26.0178574404883,-41.9902975517478,-51.1227027367564,-56.1622725822083
280.5,-4.14166227010632,-5.85362968948797,-6.7138168189863,-11.4779916793341,-25.8847869735854,-42.0043746015167,-51.3059944763952,-56.4879203215191
280.666666666667,-4.1341517510417,-5.8197817917101,-6.60796229662003,-11.314960397063,-25.7444696664377,-42.0082739141191,-51.4764215395055,-56.8001282540942
280.833333333333,-4.12329670153614,-5.78128150368574,-6.49752447397733,-11.1471590086716,-25.5969685207043,-42.0013074088894,-51.6330428621938,-57.0985325425035
281,-4.10893506043588,-5.73785883209777,-6.38228618108521,-10.974726633245,-25.4423710895412,-41.9828834057668,-51.7750193713224,-57.382817020867
281.166666666667,-4.09094038682743,-5.68929978587813,-6.26206899844502,-10.7977958157961,-25.2807912588227,-41.9525091072151,-51.9016174887402,-57.6527142890195
281.333333333333,-4.06922405746424,-5.63544958737567,-6.13673650837207,-10.6164952562484,-25.1123713676102,-41.909793261114,-52.0122130711004,-57.9080077492098
281.5,-4.04373768853588,-5.57621621718948,-6.00619792972513,-10.4309529200967,-24.9372846205472,-41.8544489581175,-52.1062956764591,-58.1485344442369
281.666666666667,-4.01447571887008,-5.51157419975969,-5.87041203899748,-10.2412994610028,-24.755737739832,-41.786296508735,-52.1834730432421,-58.3741885367265
281.833333333333,-3.98147808542231,-5.44156852743606,-5.72939127046644,-10.0476718760067,-24.5679737959068,-41.7052663360788,-52.2434756604591,-58.584925252528
282,-3.94483291553654,-5.36631861116589,-5.58320587767046,-9.85021730167011,-24.374275144885,-41.6114018106144,-52.2861613012765,-58.7807650976631
282.166666666667,-3.90467915443903,-5.28602213688435,-5.43198802866207,-9.64909684535311,-24.1749663880204,-41.504861944149,-52.3115193862328,-58.9617981483752
282.333333333333,-3.86120904125025,-5.20095869889635,-5.27593569904242,-9.44448933105698,-23.970417255289,-41.3859238525034,-52.3196750383902,-59.1281882079701
282.5,-3.81467034294384,-5.11149307572726,-5.11531622045604,-9.23659482503712,-23.7610453025449,-41.2549848906145,-52.3108926913207,-59.2801766225028
282.666666666667,-3.76536825358274,-5.01807801074272,-4.95046933867744,-9.0256377938544,-23.5473183008569,-41.1125643608983,-52.2855791126016,-59.4180855499935
282.833333333333,-3.71366686617615,-4.92125635983362,-4.78180963519842,-8.81186973779119,-23.3297561885725,-40.9593046961301,-52.2442857107862,-59.5423204846008
283,-3.65999012688812,-4.82166247202247,-4.60982816971646,-8.59557113655032,-23.1089324522753,-40.7959720222741,-52.1877100027202,-59.6533718476899
283.166666666667,-3.60479956593835,-4.71997689319182,-4.43508609994821,-8.37707630253898,-22.8851868628939,-40.6231651167738,-52.1166782961096,-59.7517106474026
283.333333333333,-3.54858380845017,-4.61691344560307,-4.25820405456101,-8.15676893189037,-22.6586294639351,-40.4413099496573,-52.0321465188129,-59.8378225837509
283.5,-3.49187501804816,-4.51325714291387,-4.07986294907278,-7.93505522886151,-22.42942956898,-40.2509471200182,-51.9352170480062,-59.9123237477195
283.666666666667,-3.43524697304129,-4.40986129791536,-3.90080166490321,-7.71236177257844,-22.1978133215805,-40.052729579811,-51.8271359199921,-59.9759522695227
283.833333333333,-3.37931227564456,-4.30764335165023,-3.72181335676726,-7.48913189244829,-21.96405963233,-39.8474189945743,-51.7092889092392,-60.0295596482476
284,-3.32446260189109,-4.20716797914911,-3.54337609264502,-7.26562437719528,-21.7282537862129,-39.6354331335979,-51.5825629164541,-60.0734803184137
284.166666666667,-3.27083721836505,-4.10860023856659,-3.36561809892091,-7.0419070638129,-21.4902732526806,-39.416788923146,-51.4472481936323,-60.1074731241152
284.333333333333,-3.2185638036382,-4.01209437417497,-3.18866559927079,-6.81805058793467,-21.2500217206598,-39.1915223165568,-51.3036244838325,-60.1313161765997
284.5,-3.16775776521974,-3.9177929138633,-3.01264216109006,-6.59412756375303,-21.0074274554752,-38.9596872825839,-51.1519612870164,-60.1448086335008
284.666666666667,-3.11852163066964,-3.8258258796628,-2.83766810654042,-6.37021185494709,-20.7624416541647,-38.7213547736559,-50.9925183398259,-60.1477738117755
284.833333333333,-3.07094450719958,-3.73631010167523,-2.66385998371156,-6.14637792888808,-20.5150368201375,-38.4766116945277,-50.8255462760229,-60.1400635855055
285,-3.02510160362005,-3.64934862500583,-2.49133009216784,-5.92270028527225,-20.2652051753928,-38.2255598882659,-50.6512874314682,-60.1215639922635
285.166666666667,-2.98105380828182,-3.56503019890878,-2.32018605643135,-5.69925294969495,-20.0129571260556,-37.9683151532992,-50.4699767547563,-60.0922019246825
285.333333333333,-2.93884731666137,-3.48342883727531,-2.1505304406642,-5.47610902245633,-19.7583197947769,-37.7050063023836,-50.2818427820335,-60.0519527168884
285.5,-2.89851330240695,-3.40460343976608,-1.98246039787801,-5.25334027300294,-19.5013356315962,-37.4357742717833,-50.0871086322115,-60.0008483505628
285.666666666667,-2.86006762595361,-3.3285974632483,-1.81606734734195,-5.03101677079384,-19.2420611131795,-37.1607712867818,-49.8859929768656,-59.9389859080485
285.833333333333,-2.8235105751889,-3.25543863368234,-1.65143667440831,-4.80920654396239,-18.9805655389406,-36.8801600878425,-49.6787109377161,-59.8665357998935
286,-2.78882663307015,-3.18513868916003,-1.48864744765683,-4.58797525786127,-18.7169299314576,-36.5941132203818,-49.465474863879,-59.7837492058227
286.166666666667,-2.75598426752447,-3.11769314537639,-1.32777214900718,-4.36738590636539,-18.4512460478531,-36.3028123902507,-49.2464949411846,-59.6909641089843
286.333333333333,-2.72493573937456,-3.05308107537596,-1.16887641319809,-4.14749850960345,-18.1836155084645,-36.0064478867118,-49.0219795869434,-59.5886092919389
286.5,-2.69567791013992,-2.99135793258315,-1.01207044305404,-3.92836965740326,-17.9142264742417,-35.7051106635762,-48.792021529273,-59.4772132597974
286.666666666667,-2.66824912093263,-2.93264334629437,-0.857501422417844,-3.71005061232328,-17.6433225132163,-35.3987879776091,-48.5565837692487,-59.3573124948456
286.833333333333,-2.64266678868485,-2.87702214079587,-0.70529828632744,-3.49258680663352,-17.371111358424,-35.0874704975432,-48.315606684913,-59.2293980584145
287,-2.61892752083132,-2.82454442069438,-0.555571871698628,-3.27601809341045,-17.0977667699479,-34.7711535531652,-48.0690073533485,-59.0939154949725
287.166666666667,-2.59700720665042,-2.77522558903103,-0.408414979019692,-3.06037895391124,-16.8234301240794,-34.4498371853133,-47.8166780443233,-58.9512647184881
287.333333333333,-2.5768010237053,-2.7290308551072,-0.263912267711203,-2.84569850398701,-16.5482364300217,-34.1235925368711,-47.55861464141,-58.8016503697251
287.5,-2.55813858565499,-2.685884859178,-0.122137539130079,-2.63199952548415,-16.2723142184878,-33.7925577150112,-47.2949246941383,-58.6450885511476
287.666666666667,-2.54085273423686,-2.64569305537221,0.016856927466238,-2.41929923342882,-15.9957622715326,-33.456867773561,-47.0257000770106,-58.4815608481336
287.833333333333,-2.52478088579059,-2.608342939435,0.153039743464478,-2.20761063279426,-15.7186517295769,-33.1166529835979,-46.751014836821,-58.3110157119103
288,-2.50976612937914,-2.57370499730597,0.286399953049059,-1.99694370137042,-15.4410279347642,-32.7720367370922,-46.4709227908149,-58.1333696934212
288.166666666667,-2.49565810099562,-2.54163340894021,0.416946717650467,-1.78730641301833,-15.162912043874,-32.4231332529555,-46.1854550044177,-57.948508524929
288.333333333333,-2.48231366000951,-2.51196654345898,0.544709110880746,-1.5787056164918,-14.8843024440697,-32.0700452335864,-45.8946172582797,-57.7562880487484
288.5,-2.4695973951741,-2.48452728292863,0.669735991820999,-1.37114778578675,-14.6051760050888,-31.7128615994726,-45.5983875959225,-57.5565349953001
288.666666666667,-2.45738198824439,-2.45912321284844,0.792095924344757,-1.16463965865106,-14.3254892019008,-31.3516554106801,-45.2967140266685,-57.3490476157379
288.833333333333,-2.44554846360578,-2.4355467178311,0.91187711009905,-0.959188780488661,-14.0451791421881,-30.9864820678369,-44.9895124447652,-57.1335961777893
289,-2.43398635235141,-2.41357502102942,1.02918730279869,-0.754803971450593,-13.7641645330716,-30.6173778719227,-44.6766648153993,-56.9099233372267
289.166666666667,-2.42259379903755,-2.3929702056537,1.14415367159007,-0.551495735065399,-13.4823466211005,-30.2443590119806,-44.3580176721041,-56.6777444016212
289.333333333333,-2.41127763895233,-2.37347925648234,1.25692258138402,-0.349276627359418,-13.1996101384691,-29.867421042766,-44.0333809682302,-56.4367475077955
289.5,-2.39995347321688,-2.35483415864398,1.36765925821664,-0.14816160609802,-12.9158242865176,-29.4865389103115,-43.7025273279607,-56.1865937397785
289.666666666667,-2.38854576845299,-2.33675209018442,1.47654730784748,0.0518316194186782,-12.630843784652,-29.1016675824352,-43.3651917501468,-55.9269172201657
289.833333333333,-2.37692461898291,-2.31881568787671,1.58391360477887,0.25075353678972,-12.3443869943487,-28.7124336087375,-43.0208668737166,-55.6573898535875
290,-2.36492461923131,-2.30051863796533,1.6901851197303,0.448712412830791,-12.0560648419026,-28.318175739242,-42.668878550928,-55.377781189756
290.166666666667,-2.35241763529881,-2.28140879822238,1.79574141423964,0.645798041846646,-11.7655179103251,-27.9182750402476,-42.3086281966411,-55.0879250457254
290.333333333333,-2.33931254416197,-2.26108826428379,1.90091440804962,0.842082149630448,-11.4724162718247,-27.5121552379944,-41.9395920409434,-54.7877203762511
290.5,-2.32555471364436,-2.23921298216333,2.00598871548693,1.03761898274432,-11.1764592624772,-27.0992827307867,-41.5613199489385,-54.4771311220421
290.666666666667,-2.31107817637585,-2.21548756240109,2.11119536815593,1.23241153628733,-10.877418228868,-26.679162385351,-41.1734263990794,-54.1562211592039
290.833333333333,-2.29579313802304,-2.18966177508408,2.21670894678689,1.42641838906881,-10.5751344140137,-26.2513529072276,-40.7755985261371,-53.8251182278362
291,-2.27962611554201,-2.16153213924624,2.32265456417537,1.61959239298376,-10.2694743451044,-25.8154777643003,-40.3676066027644,-53.4839592439732
291.166666666667,-2.26251857761256,-2.13093993895938,2.4291102495288,1.81188207377398,-9.96032897237904,-25.3712240055231,-39.9493019846829,-53.1328884937477
291.333333333333,-2.24442547597058,-2.09776904649596,2.53610958717014,2.00323317627728,-9.64761274734371,-24.9183410172327,-39.5206150066044,-52.7720554940167
291.5,-2.22531371003643,-2.06194362554988,2.64364453326876,2.19359034162371,-9.33126263819107,-24.4566392685425,-39.0815529186025,-52.4016126934693
291.666666666667,-2.20516056412408,-2.02342578272551,2.75166833814816,2.38289890207816,-9.01123708173059,-23.9859890915973,-38.6321979504333,-52.0217131939125
291.833333333333,-2.18395215327616,-1.98221323046311,2.86009850563562,2.57110677764529,-8.68751487228116,-23.5063195363722,-38.1727055880914,-51.6325086771877
292,-2.16168191055337,-1.93833701951871,2.96881972463554,2.75816645727551,-8.36009398871984,-23.0176173334517,-37.7033031429774,-51.2341477288972
292.166666666667,-2.13834914555723,-1.89185939430695,3.07768671140859,2.94403704662695,-8.02899036117178,-22.5199259920748,-37.2242886897647,-50.8267747555486
292.333333333333,-2.11395770121037,-1.84287182006661,3.18652690374564,3.12868636391651,-7.69423657863678,-22.0133450549052,-36.7360304447976,-50.4105296963321
292.5,-2.08851473347874,-1.79149322712673,3.29514295018537,3.31209306549148,-7.35588053815793,-21.4980295257192,-36.2389666530157,-49.9855487336802
292.666666666667,-2.06202963690476,-1.73786851472443,3.40331493851763,3.49424878344026,-7.01398403492243,-20.9741894817359,-35.7336060484367,-49.5519662068169
292.833333333333,-2.03451313763311,-1.68216735502974,3.51080230794243,3.67516025892982,-6.66862129089435,-20.4420898788897,-35.220528951533,-49.1099179280724
293,-2.00597657515616,-1.62458333744516,3.61734538833121,3.85485145713773,-6.31987741713455,-19.9020505562331,-34.7003890668082,-48.6595460909017
293.166666666667,-1.97636353004069,-1.56519200639117,3.72285158520261,4.03343338775964,-5.96775972157762,-19.3543915408138,-34.1733071001594,-48.200232882672
293.333333333333,-1.94555581331543,-1.50394269639189,3.82739872820748,4.21108560160936,-5.61219849686867,-18.7993993449103,-33.6388457107011,-47.7306575208071
293.5,-1.91344441201315,-1.44079604605631,3.931051552235,4.38797872699329,-5.25313413290781,-18.2373654034384,-33.096607024577,-47.2495973219617
293.666666666667,-1.87992950190624,-1.37572409069785,4.03386177880124,4.56427449386162,-4.89051612701627,-17.6685865512757,-32.5462350986779,-46.7559295817931
293.833333333333,-1.84492048450673,-1.30871038189173,4.13586815181695,4.74012572631931,-4.52430216867992,-17.0933653538814,-31.9874183939438,-46.2486333145987
294,-1.80840372742661,-1.23984165141177,4.23701187211826,4.91558863421097,-4.15461272080602,-16.512172445113,-31.4199424597072,-45.7268277026773
294.166666666667,-1.77043702647478,-1.1692961891235,4.33714427753586,5.09061951590266,-3.7817201614789,-15.9256190249818,-30.8436855499079,-45.1898106061472
294.333333333333,-1.73107912817024,-1.09724651815195,4.43611517650105,5.26516083112855,-3.40588767180845,-15.3342811736393,-30.2585672415297,-44.6370400375375
294.5,-1.69038974669243,-1.02385949232215,4.53377273962935,5.43914123109281,-3.0273687603011,-14.7387001980303,-29.6645505903954,-44.0681331521521
294.666666666667,-1.64842961320857,-0.949296433963328,4.62996338259936,5.61247557160811,-2.64640696377887,-14.1393830436061,-29.0616442028281,-43.4828648207998
294.833333333333,-1.6052605532906,-0.873713306359167,4.72453164612756,5.78506491459247,-2.26323571013607,-13.536802772631,-28.4499041495978,-42.881165824404
295,-1.5609455880718,-0.797260914991549,4.81732007881249,5.95679652305503,-1.87807832629132,-12.9313991081207,-27.82943565125,-42.2631207419858
295.166666666667,-1.5155490547191,-0.720085131572353,4.90816912861315,6.12754385449236,-1.4911481733523,-12.3235790407513,-27.2003944727506,-41.6289656320735
295.333333333333,-1.46913674171542,-0.64232713469161,4.99691704872398,6.29716655738928,-1.10264889020997,-11.713717495067,-26.5629879798905,-40.9790856326836
295.5,-1.42177603435996,-0.564123660735764,5.08339982359853,6.46551047527601,-0.712774726447964,-11.1021580508992,-25.917475829111,-40.3140126273644
295.666666666667,-1.37353606580701,-0.485607258551356,5.16745112084537,6.63240766254267,-0.321710945506136,-10.4892137159369,-25.2641702850005,-39.634423145519
295.833333333333,-1.3244878688793,-0.406906541151596,5.24890227466019,6.79767641596362,0.0703657206121652,-9.87516774573003,-24.6034361840131,-38.9411366856637
296,-1.27470452381179,-0.328146427590578,5.32758230635815,6.96112132565425,0.46328658324584,-9.26027450788882,-23.9356905871716,-38.2351146716716
296.166666666667,-1.22426129701132,-0.249448367965201,5.40331798742284,7.12253334899152,0.856890493081488,-8.64476038770902,-23.2614021869324,-37.5174602755429
296.333333333333,-1.17323576585788,-0.170930544353877,5.47593395028428,7.28168991090017,1.251023337041,-8.02882473275477,-22.58109055251,-36.7894193667643
296.5,-1.12173144705639,-0.0927206756654035,5.54528537751907,7.43824178554061,1.64536421972561,-7.41280421010772,-21.8953478134833,-36.0517559485261
296.666666666667,-1.06985612171338,-0.0149331572052036,5.61128348233823,7.59175399119313,2.03946210558621,-6.79713777405324,-21.2047732046096,-35.3046692458571
296.833333333333,-1.01768783934777,0.0623551629598793,5.67387540857105,7.74183909645871,2.43292726567264,-6.182186320026,-20.5099188454286,-34.5483796112345
297,-0.965275365148432,0.139105141879259,5.73304389080516,7.88815683326008,2.82543101996668,-5.56823354787368,-19.8112906865056,-33.7831298817713
297.166666666667,-0.912638547490717,0.215315506453473,5.78880694433909,8.0304138056071,3.21670569342964,-4.95548657678247,-19.10934929532,-33.009186334388
297.333333333333,-0.859791233707631,0.290977252487262,5.84121048741831,8.16838704407864,3.60625684232324,-4.34436720964147,-18.404528314923,-32.2269440793396
297.5,-0.806751660746011,0.366061453683014,5.89031780218403,8.3019193464864,3.99336777546305,-3.73551658378502,-17.6972335680185,-31.4368923735109
297.666666666667,-0.753525107825453,0.440559045875237,5.93621163632349,8.43089342126423,4.37739024773532,-3.12950583457624,-16.9878248760294,-30.6394965808286
297.833333333333,-0.70010406352081,0.514481028998022,5.97899445627158,8.55523212901187,4.75774498695957,-2.5268353370633,-16.2766161554998,-29.8352023174741
298,-0.646468373475396,0.587858677636114,6.01878868358312,8.67489869567153,5.13392196010193,-1.92793415447123,-15.5638752679206,-29.0244379576811
298.166666666667,-0.592585378060492,0.660743757441244,6.05573691616851,8.78989688631365,5.50548040828773,-1.33315966075371,-14.8498236488675,-28.2076156771922
298.333333333333,-0.538410049610527,0.733208743127381,6.09000213298981,8.90027112704722,5.87204868017341,-0.742797305880825,-14.1346357432781,-27.3851311540977
298.5,-0.483885139191967,0.805347032164352,6.12176787800055,9.00610656142474,6.23332389261626,-0.157060494708914,-13.4184382754204,-26.5573620074251
298.666666666667,-0.4289413431965,0.877273146585456,6.15123841644525,9.10752902684267,6.58907144631331,0.423909446901241,-12.7013093845062,-25.724665030242
298.833333333333,-0.373497500373758,0.949122913441359,6.17863885400593,9.20470493581185,6.93912442221047,1.00004324160725,-11.9832776598603,-24.8873722658165
299,-0.31746083022222,1.02105361231679,6.20421520660087,9.29784104655952,7.28338288201968,1.57134358456896,-11.2643211129598,-24.0457859835402
299.166666666667,-0.260727223924547,1.0932440759506,6.22823440584811,9.38718410720366,7.62181309313265,2.13788503601358,-10.5443661273781,-23.2001726374806
299.333333333333,-0.203181599226695,1.16589472737264,6.25098422227841,9.47302035769397,7.95444669460126,2.69981389117772,-9.82328643156476,-22.3507559361043
299.5,-0.144698330800596,1.23922753413974,6.27277308534044,9.55567487382839,8.28137981670722,3.25734803049681,-9.10090214331265,-21.497709217271
299.666666666667,-0.085141767675623,1.31348585732195,6.29392977615341,9.63551073792382,8.60277216205189,3.81077674645142,-8.37697893853143,-20.6411474061056
299.833333333333,-0.0243812864460375,1.38894509093478,6.31478103225012,9.7128534473413,8.91881882330782,4.36043634199811,-7.65122419474465,-19.7810463884074
300,0.0376839768420141,1.46586969877864,6.3356123666545,9.78794404905524,9.22970216288733,4.90664676386167,-6.92334121733376,-18.9172650798192
300.166666666667,0.101127418429517,1.54448064432989,6.356670398285,9.86099080893674,9.53559455977136,5.44970331304589,-6.19305972990815,-18.0496269036999
300.333333333333,0.165995154101746,1.62495526509053,6.37816288144092,9.93216971416549,9.8366577058489,5.98987556927311,-5.46013597336472,-17.1779153347009
300.5,0.232306339412326,1.70742739364555,6.40025899963778,10.0016251700598,10.1330421252022,6.52740640804789,-4.72435290133123,-16.3018711993245
300.666666666667,0.300114587762994,1.79208072418117,6.42314155566028,10.0694707030815,10.4249643335928,7.06240370504233,-3.98563457777078,-15.4211847706097
300.833333333333,0.369505539809049,1.87913732141443,6.44700034293417,10.1357883549342,10.7126762632523,7.59483563075507,-3.24406058366104,-14.5355882581942
301,0.440535212245326,1.96875948970034,6.47197801950225,10.2006295721848,10.9963746394587,8.12463745281634,-2.49975917862202,-13.6449096860547
301.166666666667,0.513230908821641,2.06105081106831,6.49817146871085,10.2640169210866,11.2762035053878,8.65171251994784,-1.7529081454875,-12.7490732127766
301.333333333333,0.58759213373987,2.15605718513326,6.52563313767079,10.3259457991332,11.5522565021513,9.17593209373444,-1.00373636744148,-11.8480992250687
301.5,0.663591489376906,2.25376783907483,6.5543723218451,10.3863861128206,11.8245789251592,9.6971342491385,-0.252525991169724,-10.9421042492703
301.666666666667,0.741175540823968,2.35411627684465,6.58435636437478,10.4452838911189,12.0931695722299,10.2151220621026,0.500384975999206,-10.0313007239555
301.833333333333,0.820265630312306,2.4569811378525,6.61551173905386,10.5025628041064,12.3579823946824,10.7296612931219,1.2545997838934,-9.11599667527483
302,0.90075862515662,2.56218693646706,6.64772498611469,10.5581255560872,12.6189279596494,11.2404777606881,2.00965991119085,-8.19659533537961
302.166666666667,0.98252758333563,2.6695046546159,6.68084347009383,10.6118551222535,12.8758747297732,11.7472545796494,2.76504201501725,-7.27359474311619
302.333333333333,1.06542232119492,2.77865216045759,6.71467592893773,10.6636157975533,13.1286501650207,12.2496294184986,3.52015496451907,-6.34758736511581
302.5,1.14926986794499,2.88929442639936,6.74899278309128,10.7132540258508,13.3770416503644,12.7471919079965,4.27433704538301,-5.41925977438081
302.666666666667,1.23387479158873,3.00104351952326,6.7835261725139,10.7605989767054,13.6207972522994,13.2394813127161,5.02685340360798,-4.48939242242396
302.833333333333,1.31901938059253,3.11345833663187,6.81796968830317,10.8054628361194,13.8596263063682,13.7259845580816,5.77689377986474,-3.55885953989805
303,1.40446366495978,3.22604405449789,6.85197776378699,10.8476407763944,14.0931998368252,14.2061346889276,6.52357057140622,-2.62862919940488
303.166666666667,1.48992847904016,3.33825991272928,6.8851947106883,10.886917260143,14.3211700709086,14.679396203714,7.26603778410173,-1.69968165051174
303.333333333333,1.5751190497705,3.44956318738595,6.91728236908624,10.9230922352422,14.5432006655618,15.1453181226638,8.00355000719251,-0.772950205668031
303.5,1.659753876573,3.55942308265921,6.94790443316456,10.9559876931581,14.7589632660935,15.6034747192945,8.73537137460394,0.150624772401085
303.666666666667,1.74356508682902,3.6673212231918,6.97672688350527,10.9854476855235,14.9681385041297,16.0534663600551,9.46077538426836,1.0700940388941
303.833333333333,1.82629884220986,3.77275228836448,7.00341860908902,11.0113383747754,15.1704170222229,16.4949207799474,10.17904508316,1.9844981534293
304,1.90765241079902,3.87510473715286,7.02752668275698,11.0334768118865,15.3653775329757,16.9271851187581,10.8892687208587,2.89293127350419
304.166666666667,1.98729333001398,3.97370684470033,7.04851970344466,11.0516410976235,15.5525156342635,17.3493668469544,11.5904156118226,3.79460044256865
304.333333333333,2.06493242694649,4.0679702266424,7.06593545811313,11.0656463875612,15.7313807488222,17.760664019852,12.2815786684289,4.68879193947514
304.5,2.14032374243341,4.15739023387027,7.0793812794127,11.0753442435094,15.9015757575869,18.1603655910859,12.9619737260619,5.57487210957001
304.666666666667,2.2132641099177,4.24154578924378,7.08853378450345,11.0806217942787,16.0627565265684,18.5478512270247,13.630938318083,6.45228734063556
304.833333333333,2.28359243782367,4.32009874128826,7.09313807629371,11.0814007218755,16.2146313382454,18.92259071391,14.2879299944276,7.32056330429496
305,2.35118874410977,4.39279281026992,7.09300648812941,11.0776360877851,16.3569602378393,19.2841430496755,14.9325242824946,8.17930357812573
305.166666666667,2.41597299067689,4.45945220075276,7.08801695133017,11.069315013756,16.4895543052901,19.6321553110967,15.5644123925855,9.02818775954767
305.333333333333,2.47790376355575,4.51997995208133,7.07811106219874,11.0564552320806,16.6122748648975,19.966361384317,16.1833987722875,9.86696917975313
305.5,2.53697684243436,4.57435609450175,7.06329192152247,11.0391035214604,16.7250326461182,20.2865806430577,16.7893986148591,10.6954723249369
305.666666666667,2.59322370028134,4.62263567413176,7.04362181544406,11.0173340458697,16.827786910607,20.5927166541406,17.3824354259175,11.5135900734473
305.833333333333,2.64670997073256,4.66494670501568,7.01921980220289,10.9912466151763,16.9205445620274,20.8847559845171,17.9626387506884,12.3212808618953
306,2.69753391769793,4.70148810134422,6.99025926492824,10.9609648874876,17.0033592562285,21.1627671780147,18.5302421609934,13.118565901371
306.166666666667,2.74582493845564,4.7325276378523,6.95696548666618,10.9266345341477,17.0763305299404,21.4268999636491,19.0855815973145,13.9055265771505
306.333333333333,2.79174212847451,4.75839998168764,6.91961330038336,10.8884213889482,17.1396029660598,21.6773847508147,19.6290941570501,14.6823021816479
306.5,2.83542879501151,4.7793853871673,6.87852482612797,10.8465044976882,17.1932668011417,21.9143869220788,20.1610641676146,15.4490406282963
306.666666666667,2.87698646970211,4.79567558550808,6.83403690449756,10.8010456241702,17.2373419140538,22.1379779438765,20.6816038497431,16.2058633017793
306.833333333333,2.91650550078254,4.80747545599117,6.78648378790318,10.752177824631,17.2718676181974,22.3482664113227,21.1908976526396,16.9528976018929
307,2.95406405667304,4.81500176187539,6.73619531206626,10.7000031699721,17.2969012971245,22.5453981987676,21.6892036712039,17.690281047984
307.166666666667,2.98972735101246,4.81848226927737,6.68349547600584,10.6445905269755,17.3125169844553,22.7295568495642,22.1768557607892,18.4181669061147
307.333333333333,3.02347923727286,4.81801378664392,6.62851639603007,10.5859056632504,17.3187167859769,22.9009092889717,22.6536574622552,19.1359584336427
307.5,3.05522817934796,4.8135540130304,6.57119510000358,10.5238296939889,17.315431764446,23.0595725342727,23.1188572428632,19.8423664400257
307.666666666667,3.08487818324238,4.80505906128141,6.51145717688586,10.458236495394,17.3026091176644,23.2056525319316,23.5717462698492,20.5362107524156
307.833333333333,3.11232879149356,4.79248354052192,6.44921679809499,10.3889926253271,17.2802112088201,23.3392450035707,24.0116610929997,21.2164223412193
308,3.13747508796138,4.775780631096,6.38437674096231,10.3159572591813,17.2482146123936,23.4604360963341,24.4379862839874,21.8820451312106
308.166666666667,3.16020770021762,4.75490213348193,6.316828395152,10.2389821252823,17.2066091794521,23.5693028590293,24.850157021406,22.5322373756801
308.333333333333,3.1804127867582,4.72979847282305,6.24645173298168,10.15791142401,17.1553971223361,23.6659135596573,25.2476615863008,23.1662724905386
308.5,3.19797199615503,4.700418640657,6.17311522453625,10.0725817146892,17.0945921149827,23.7503278544512,25.6300437136695,23.7835392742665
308.666666666667,3.21276238503458,4.66671005515834,6.09667567829281,9.98282175409127,17.024218401533,23.8225968134961,25.9969047311662,24.3835414741184
308.833333333333,3.22465628139087,4.62861832068196,6.01697798763927,9.88845227008181,16.9443099024722,23.8827628034693,26.3479054074176,24.9658966952832
309,3.233521079181,4.58608686656028,5.93385476314269,9.78928565349999,16.8549093043688,23.9308592240355,26.6827674292735,25.5303346847286
309.166666666667,3.23921894938211,4.53905644391444,5.84712582966782,9.68512555073169,16.7560671162574,23.9669100909063,27.0012744300692,26.0766950531224
309.333333333333,3.24160645167221,4.48746445763083,5.75659756641734,9.57576633857313,16.6478406727852,23.9909294554352,27.3032724993771,26.6049245255266
309.5,3.24053402959704,4.43124410856721,5.66206206660986,9.46099246181867,16.5302930613007,24.0029206477307,27.5886701181731,27.1150738344613
309.666666666667,3.23584537045065,4.37032331841461,5.56329609176131,9.34057761245469,16.4034919469668,24.0028753274632,27.8574374807527,27.6072943881335
309.833333333333,3.22739569479233,4.30458591801105,5.46006506738637,9.21434445595115,16.267529339839,23.9906804550734,28.1094702459679,28.0816781852732
310,3.21508030169521,4.23390549124365,5.35217362191237,9.08220374581409,16.1225291399694,23.9661553924002,28.3446138260332,28.5383140969537
310.166666666667,3.19883020886257,4.15820051156473,5.23948606198135,8.9441137169268,15.9686305652656,23.9291630989472,28.5628109115758,28.9774734652412
310.333333333333,3.17861248870589,4.07743486601479,5.12192654222327,8.80008043474173,15.8059887491675,23.8796106323508,28.7641011006944,29.3996106637601
310.5,3.154430638056,3.99161843381628,4.99947923367711,8.65015810582109,15.6347754453722,23.8174495601717,28.9486201498884,29.8053647233994
310.666666666667,3.12634849697789,3.90082034337169,4.87215595415133,8.49456259669609,15.4553531620604,23.7428397083413,29.1166215004965,30.1949354084194
310.833333333333,3.09446890739458,3.80514663370342,4.73997104162275,8.33363093121243,15.2682389547189,23.6561134931608,29.2684105552787,30.5680009210824
311,3.05890009070284,3.70471661683309,4.60296183629998,8.167688370107,15.0739135381375,23.557594957974,29.4042901268825,30.924304405734
311.166666666667,3.01975650500103,3.59966336350398,4.46118942427076,7.9970491790225,14.8728222302279,23.4476000781034,29.5245610335774,31.2636558877905
311.333333333333,2.97715965449777,3.49013423198119,4.31473936626584,7.82201729741508,14.6653758125015,23.3264369115819,29.6295225534777,31.585933794427
311.5,2.93123885354864,3.37629142063826,4.16372239334223,7.64288691937206,14.4519513131874,23.1944056250274,29.7194727685791,31.8910860752146
311.666666666667,2.88213194703515,3.25831252696234,4.00827505468779,7.45994299780747,14.2328927164836,23.0517984174219,29.794708824836,32.1791309447221
311.833333333333,2.8299859881046,3.13639109690702,3.8485603053293,7.27346168376206,14.0085115991698,22.8988993582331,29.8555271295671,32.4501572737718
312,2.77495787366125,3.0107371494113,3.68476802348146,7.08371071260062,13.7790876937707,22.7359841504786,29.9022235029245,32.7043246609576
312.166666666667,2.71721493746583,2.88157766157914,3.51711544878826,6.89094974879236,13.5448693756791,22.5633198241605,29.935093296183,32.9418632206448
312.333333333333,2.6569355002919,2.74915700064598,3.34584753394834,6.69543070071051,13.3060740701764,22.3811643611719,29.9544314863346,33.1630731274581
312.5,2.5943093763256,2.61373728960241,3.17123720334457,6.49739801654044,13.0628885741913,22.1897662494465,29.9605327540212,33.368323959842
312.666666666667,2.52953833490662,2.47559869434297,2.99358551346981,6.29708897199199,12.8154692870021,21.9893639619211,29.9536915502796,33.558053886328
312.833333333333,2.46283651680849,2.33503962158835,2.81322171130164,6.09473396012837,12.5639423440003,21.7801853549557,29.9342021569647,33.7327687374441
313,2.39443080456386,2.19237681870336,2.6305031884604,5.89055679330696,12.3084036482027,21.5624469813161,29.9023587460908,33.8930410035857
313.166666666667,2.32468926697805,2.04816102828567,2.44597047361038,5.68488480338161,12.0490735039683,21.3364036070451,29.8584760158778,34.0396098474307
313.333333333333,2.25406758827966,1.903095620669,2.26025932563866,5.47808522558205,11.786269207049,21.1023078458699,29.8028430889937,34.1732701482181
313.5,2.18295236458747,1.75777735157662,2.07389915150093,5.27042163567908,11.5202334084401,20.8603356715322,29.73567654063,34.294713946804
313.666666666667,2.11165947446236,1.61269339712322,1.88731046454915,5.06205226246505,11.2511302798821,20.6105814181077,29.6571169427559,34.4045277483525
313.833333333333,2.04043323110318,1.46821947087188,1.70080333732138,4.85302927862879,10.9790423020723,20.3530535434452,29.5672265606869,34.503190313452
314,1.96946067874344,1.32460800332567,1.5145986979231,4.64337354825896,10.7039948761178,20.0876953171667,29.4659848868712,34.590998426782
314.166666666667,1.89889608266311,1.18203064179788,1.32886704425745,4.43312122085787,10.4260013931955,19.814445111585,29.3533429426862,34.6680954571436
314.333333333333,1.82885881312703,1.04061093384541,1.14372614914317,4.22227223503531,10.1450579047671,19.5332421829679,29.2292543463415,34.7345588524923
314.5,1.7594336529191,0.900424999805976,0.959241436297009,4.01079030329219,9.86114164870245,19.2440257271981,29.0936763070978,34.790400590828
314.666666666667,1.69067119372887,0.76150225051166,0.775426330660061,3.79860288767063,9.57420968826133,18.9467342455726,28.9465708522901,34.8355676283833
314.833333333333,1.62258824766264,0.62382605010995,0.592242492637209,3.5856010739916,9.28419759710441,18.6413051252379,28.7879061619062,34.8699423311583
315,1.55516820432218,0.487334230603635,0.409599852256783,3.37163925811238,8.99101812103561,18.3276743363788,28.6176578916874,34.8933428837612
315.166666666667,1.48836126820047,0.351919371308095,0.227356365715306,3.15653456358029,8.6945597454601,18.0057761466886,28.4358103720886,34.9055236790371
315.333333333333,1.42208451510329,0.217428762242619,0.0453174225639705,2.94006591551392,8.39468509613746,17.6755427524601,28.2423575762955,34.9061757022122
315.5,1.35622170949619,0.0836639749410146,-0.136765163677704,2.72197269986813,8.09122909926151,17.3369037244511,28.0373037552759,34.8949269334303
315.666666666667,1.2906228267282,-0.0496200332206356,-0.319194645954429,2.50195293986851,7.78399682474383,16.9897851650565,27.8206636410207,34.8713428017242
315.833333333333,1.22510322466975,-0.182716354763474,-0.502331379133504,2.2796609218327,7.47276093335849,16.6341084708216,27.5924621202382,34.8349267305914
316,1.15944240813581,-0.315968183861045,-0.686595466635542,2.0547042003786,7.15725864367318,16.2697885904977,27.3527332793544,34.7851208189989
316.166666666667,1.09338232628587,-0.449771565452263,-0.87247008958935,1.82663990773955,6.83718812802402,15.8967316632166,27.1015187173307,34.7213066999017
316.333333333333,1.02662513775868,-0.584578931802467,-1.06050559846582,1.59497028317225,6.51220423779274,15.5148319134948,26.8388650151023,34.6428066085989
316.5,0.959129833618179,-0.720386916309442,-1.25073291268181,1.35957329438381,6.18202075791563,15.1240181227104,26.5646754300885,34.5491537928564
316.666666666667,0.891145312553418,-0.856687886728331,-1.44262120736691,1.1207484394294,5.8464915447265,14.7243207106888,26.2787781885657,34.4401972180049
316.833333333333,0.822927914267978,-0.992961264089146,-1.63564625801786,0.878805520151356,5.50554508655854,14.3158560654854,25.9811083604469,34.3158869963423
317,0.754740917257761,-1.12867373187203,-1.82928962473696,0.634065039988437,5.1591843326489,13.8988264914524,25.6717097073279,34.1762771898869
317.166666666667,0.686854016894417,-1.26327934342819,-2.02303785311679,0.386858560917801,4.8074864707432,13.4735199340332,25.3507357659158,34.0215279484121
317.333333333333,0.619559594547564,-1.39622812128446,-2.21641162139435,0.1375224021057,4.45058340767108,13.0402231147025,25.0183297096465,33.8518251548079
317.5,0.553148307523215,-1.52701098225989,-2.40899375117542,-0.113628843012849,4.08863135583345,12.5991672901696,24.6745639536948,33.6673219176447
317.666666666667,0.48787924844202,-1.65517469024181,-2.6004140946591,-0.366309411850957,3.72181393225891,12.1505867781716,24.3195296401814,33.4681925289806
317.833333333333,0.42397850729809,-1.78032349169823,-2.79035068046298,-0.62026316257842,3.35034069489366,11.6947178800631,23.9533352447673,33.2546337098919
318,0.361637581274429,-1.90212094497828,-2.9785311511794,-0.875264589833368,2.97444556637059,11.2317979532194,23.5761049290538,33.0268648767985
318.166666666667,0.301011653600675,-2.0202919144693,-3.16473445225246,-1.13112004028072,2.59438516522663,10.7620646629415,23.1879767356392,32.7851275931374
318.333333333333,0.242217767717726,-2.13462469601265,-3.34879272766119,-1.38766909740639,2.21043707312249,10.2857554478056,22.7891007333126,32.5296843722052
318.5,0.185332928598081,-2.24497323470046,-3.53059337244907,-1.64478609893175,1.82289807422033,9.80310723388538,22.3796372271805,32.2608170000126
318.666666666667,0.130392169093108,-2.35125939044692,-3.71008118561286,-1.90238174314379,1.43208240916797,9.31435643153917,21.9597551515471,31.9788245503734
318.833333333333,0.0773866254170366,-2.45347520076592,-3.88726055958161,-2.16040473260188,1.03832009088675,8.81973924326832,21.5296307617751,31.6840212674398
319,0.0262616720458424,-2.5516850842742,-4.06219763490064,-2.41884339553268,0.641955332384426,8.31949230250116,21.0894467354983,31.3767344933235
319.166666666667,-0.0230848279378955,-2.64602792291466,-4.23502234129477,-2.67772721728761,0.243345137988317,7.81385365126983,20.6393917844424,31.0573028206021
319.333333333333,-0.0708040960852687,-2.73671895615129,-4.40593023962774,-2.93712820713127,-0.157141891397634,7.30306405011858,20.1796608673471,30.7260746520263
319.5,-0.117097770755074,-2.82405141686361,-4.57518407408583,-3.19716202005545,-0.559126491286069,6.78736859693515,19.7104560841831,30.3834073534224
319.666666666667,-0.162218931600266,-2.90839783681682,-4.74311494093195,-3.45798875002071,-0.962219362245844,6.26701861365676,19.2319883245981,30.0296671915725
319.833333333333,-0.20655160551596,-2.99037538839513,-4.91017100331655,-3.71979906685543,-1.36642078666596,5.741942873382,18.744237821024,29.6648505991201
320,-0.250563852860095,-3.07077138623143,-5.07684634330418,-3.98278112856718,-1.77211493079235,5.21174634571005,18.2469402760754,29.2885953202865
320.166666666667,-0.294704179079604,-3.15034052693894,-5.24359706381765,-4.24711775029026,-2.17966727310058,4.67603996787293,17.7398213152599,28.9005650820564
320.333333333333,-0.339400122887104,-3.22980376171329,-5.41084100135232,-4.51298572333858,-2.58942408591112,4.13444075303678,17.2225967489544,28.5004494666652
320.5,-0.385057028463644,-3.30984726657215,-5.57895742124511,-4.78055514207053,-3.00171193372785,3.58657186183052,16.6949727809528,28.087963955712
320.666666666667,-0.432012846559631,-3.39100204029779,-5.74828664999093,-5.04998364995434,-3.41673861791478,3.03220812813289,16.1568993925722,27.6628977271226
320.833333333333,-0.480512471669819,-3.47361060217771,-5.91909919778195,-5.3213871545659,-3.83457752865698,2.47130501824221,15.6085896631748,27.2251482771516
321,-0.530738652266225,-3.55792931703358,-6.09157987757969,-5.59482961628621,-4.25525784760205,1.9038679046403,15.0502760108533,26.7746895331816
321.166666666667,-0.582811261577161,-3.64412757231281,-6.26582708773774,-5.87032198273895,-4.67876366197143,1.32995247883866,14.4822100086344,26.3115698043354
321.333333333333,-0.636786693974988,-3.73228706650124,-6.44185212964068,-6.14782117361371,-5.10503311294279,0.749665165655089,13.9046622280072,25.8359098064795
321.5,-0.69265735319687,-3.82240117363686,-6.6195785436941,-6.42722911082514,-5.53395758017562,0.163163547598572,13.3179221221114,25.3479007858255
321.666666666667,-0.750351197902482,-3.91437434812914,-6.79884144627431,-6.70839178744377,-5.96538090301369,-0.429343190049904,12.7222979646984,24.8478027633195
321.833333333333,-0.809731309580571,-4.00802153372845,-6.97938684949803,-6.99109836736693,-6.39909863781866,-1.02759378119006,12.1181168639709,24.3359429204822
322,-0.870595447412028,-4.10306754022165,-7.16087094486698,-7.27508030622714,-6.83485734996162,-1.63127435405476,11.5057248727475,23.812714146308
322.166666666667,-0.932675554254416,-4.19914635114205,-7.3428593309552,-7.56001048251956,-7.27235393813205,-2.24001784419092,10.8854872182094,23.2785737642319
322.333333333333,-0.995637177312313,-4.29580032537245,-7.5248261643125,-7.84550232632896,-7.71123498772902,-2.85340332829529,10.2577886759232,22.7340424580119
322.5,-1.05907876619437,-4.39247925490337,-7.70615321164028,-8.13110893132247,-8.15109614910548,-3.47095526019098,9.62303411401906,22.1797034156081
322.666666666667,-1.12253080983106,-4.48853924010348,-7.88612878003999,-8.41632213381213,-8.59148153527203,-4.0921425882787,8.9816492344989,21.6162017107768
322.833333333333,-1.1854547720476,-4.58324134259896,-8.0639465007255,-8.70057154065617,-9.0318831322712,-4.71637773157775,8.33408153977313,21.0442439431159
323,-1.24724178336679,-4.67574997417851,-8.23870394001254,-8.98322348552417,-9.47174021374617,-5.34301538892745,7.68080155381854,20.4645981587161
323.166666666667,-1.30762559449297,-4.76575642244688,-8.40984644468099,-9.26383614129787,-9.91082766766677,-5.9715789728589,7.02203230811359,19.8770101544425
323.333333333333,-1.36669201850605,-4.85349320785211,-8.57719114571475,-9.5421666675072,-10.3492548359661,-6.6017873277713,6.35775278426051,19.2802803423851
323.5,-1.42446949251376,-4.93911622434704,-8.74049382295806,-9.81791808588666,-10.7870748726568,-7.23333600035949,5.68797507501775,18.6733908000089
323.666666666667,-1.48092883108336,-5.02270430333265,-8.89944865085189,-10.0907383754718,-11.2242829914968,-7.86589163637292,5.01274873218296,18.0555107846679
323.833333333333,-1.53598276449617,-5.1042584411932,-9.05368782508726,-10.3602196445141,-11.6608146577523,-8.49908697445293,4.33216432233086,17.4260011260616
324,-1.5895043440104,-5.18366320029789,-9.20278631414927,-10.625958062959,-12.0965647760681,-9.13242441914844,3.64649131884144,16.7845741382731
324.166666666667,-1.64135555608964,-5.26072070256095,-9.34631323293683,-10.8875933790164,-12.5313947245507,-9.76531029638721,2.95615439396355,16.1312360610323
324.333333333333,-1.69138299905703,-5.33520587725259,-9.48385322524115,-11.144768895638,-12.9651153578189,-10.3971636702501,2.26158558919658,15.466099257354
324.5,-1.73941823593745,-5.40686708018656,-9.61500760510833,-11.3971325713443,-13.3974872864277,-11.0274148553066,1.56322367977583,14.7893787735045
324.666666666667,-1.7852781720798,-5.47542677101998,-9.73939555179168,-11.6443382397748,-13.8282213910803,-11.6555041660485,0.861513405318827,14.1013875032709
324.833333333333,-1.82876545961059,-5.54058225421003,-9.85665533680427,-11.8860469364921,-14.2569795822479,-12.280880892162,0.156904608485178,13.4025300911203
325,-1.86966892846361,-5.60200648569237,-9.96644556126841,-12.1219283219733,-14.6833758134995,-12.9030024877458,-0.550148681736033,12.6932957912951
325.166666666667,-1.90776404131619,-5.65934894366474,-10.0684463818671,-12.3516621893384,-15.1069773528303,-13.5213339577957,-1.25918918686244,11.9742505648957
325.333333333333,-1.94281336729792,-5.71223655804134,-10.1623607042034,-12.5749400439405,-15.527306310405,-14.1353474171799,-1.9697572987502,11.2460287388642
325.5,-1.97456706688642,-5.76027468926382,-10.247915323193,-12.791466739178,-15.9438414131951,-14.7445217867869,-2.68139194087697,10.5093245675625
325.666666666667,-2.00276337803701,-5.80304814329378,-10.3248619911401,-13.0009621484852,-16.3560200068563,-15.3483425794146,-3.39363132338535,9.7648840311709
325.833333333333,-2.02712909138255,-5.84012220585929,-10.3929783952408,-13.2031628471617,-16.7632402528184,-15.9463017152443,-4.1060135372423,9.01349718023458
326,-2.04738000036699,-5.87104367548408,-10.4520690272546,-13.3978237694315,-17.1648634741069,-16.5378972944406,-4.81807692615579,8.25599129901222
326.166666666667,-2.063221310529,-5.89534187160611,-10.5019659288308,-13.5847197960021,-17.5602165872938,-17.1226332436503,-5.52936016957272,7.49322511918321
326.333333333333,-2.07434799092489,-5.91252959132184,-10.5425292963202,-13.7636472158969,-17.9485945409785,-17.7000187451618,-6.23940200740817,6.72608427698365
326.5,-2.08073582784156,-5.92249283167021,-10.5739107121168,-13.934648467149,-18.3296128262244,-18.269952368342,-6.94817258803625,5.95478072588352
326.666666666667,-2.08266726581306,-5.92553176980084,-10.5965676299827,-14.098023924315,-18.7032421557939,-18.8327311522614,-7.6560775367841,5.17879403645103
326.833333333333,-2.08045345654599,-5.92199260935493,-10.6110086063527,-14.2541147156427,-19.0694757241389,-19.3886704195217,-8.36352674099288,4.39754562428216
327,-2.07443408962694,-5.91226801182217,-10.6177943000795,-14.4033033194588,-19.4283298145986,-19.9381038168617,-9.07093228871435,3.61040632833702
327.166666666667,-2.06497706720646,-5.89679737353041,-10.6175382818867,-14.5460137886265,-19.7798440890272,-20.4813833537509,-9.77870621313016,2.81670430623371
327.333333333333,-2.05260613426889,-5.87628258707215,-10.6110627831501,-14.6828213920559,-20.1242362683287,-21.0189296877962,-10.4872785862826,2.01563230961338
327.5,-2.03794636678916,-5.85160669328068,-10.5993114286409,-14.814388162638,-20.4618745621005,-21.5511925279775,-11.197048619249,1.20636643115945
327.666666666667,-2.02156639304889,-5.82357455097208,-10.5831481542587,-14.9413181265149,-20.7931056682616,-22.0785768715081,-11.908334616236,0.388233019639388
327.833333333333,-2.00397554859166,-5.792909653709,-10.5633549979061,-15.0641540425479,-21.1182503725437,-22.6014386377378,-12.621367159094,-0.439279675522123
328,-1.98562166759612,-5.76025187265281,-10.5406306853131,-15.183374763623,-21.4375995689123,-23.1200809252025,-13.3362831606504,-1.27650979430575
328.166666666667,-1.96688943316044,-5.726155998905,-10.5155898900389,-15.2993931347184,-21.7514106710539,-23.6347508067973,-14.0531206932269,-2.1236102115434
328.333333333333,-1.94809920375202,-5.69109094862409,-10.4887630345901,-15.4125543328977,-22.0599043718649,-24.1456365671008,-14.7718145044555,-2.98053709696545
328.5,-1.92950623150474,-5.65543948966704,-10.4605964930837,-15.5231345498921,-22.3632616974119,-24.6528652773255,-15.4921921436878,-3.84703890014987
328.666666666667,-1.91130018947809,-5.61949834866972,-10.4314530543177,-15.6313399178012,-22.6616212940827,-25.1565005969716,-16.2139706374012,-4.72264603069115
328.833333333333,-1.89360492871493,-5.58347856140573,-10.4016125065782,-15.7373055817517,-22.9550768825113,-25.6565406866571,-16.9367536693269,-5.60666156842458
329,-1.87647839121981,-5.54750593596886,-10.3712722110918,-15.8410948291256,-23.2436748091563,-26.1529161133648,-17.6600292387358,-6.49815340251394
329.166666666667,-1.85991261109959,-5.51162150682424,-10.3405475387905,-15.9426981922772,-23.5274116258889,-26.6454876268817,-18.3831677863572,-7.39594825616455
329.333333333333,-1.84383374235675,-5.47578186708534,-10.3094720540676,-16.0420324495537,-23.8062316292096,-27.1340436837685,-19.1054207895672,-8.29862809988698
329.5,-1.82810205752618,-5.43985927553459,-10.2779973385561,-16.1389394570478,-24.0800242933244,-27.6182975917991,-19.8259198342416,-9.20452948455782
329.666666666667,-1.81251186585894,-5.40364144297515,-10.245992356753,-16.2331847499878,-24.3486215346666,-28.0978841422222,-20.5436761671915,-10.1117463295007
329.833333333333,-1.79677004620429,-5.36676066476093,-10.2132753522633,-16.3245357573745,-24.6117283798357,-28.572303830634,-21.2580024586953,-11.0189685708019
330,-1.78052004236544,-5.32871497058968,-10.1796025529338,-16.4127549308158,-24.8689368272622,-29.040960082139,-21.968571446859,-11.9255634017109
330.166666666667,-1.76337544057669,-5.28894860369277,-10.144628616074,-16.4975160444242,-25.1197984681085,-29.503229215286,-22.6750230978899,-12.8307833994749
330.333333333333,-1.74492002047538,-5.24685072811626,-10.1079044791818,-16.5784026178739,-25.3638220512737,-29.9584584373099,-23.3769639910145,-13.7337689053984
330.5,-1.7247073588503,-5.20175333864294,-10.0688744254509,-16.6549056241699,-25.6004703353165,-30.4059637581104,-24.073966390332,-14.6335504796974
330.666666666667,-1.70255932171862,-5.15344482518149,-10.027463752547,-16.726856278246,-25.8292634044309,-30.8450781294687,-24.7654220377916,-15.5293205172334
330.833333333333,-1.67860098326512,-5.10221968910334,-9.98412199856156,-16.7944739185753,-26.0498607770688,-31.2752208261354,-25.4506130037551,-16.4205389308985
331,-1.65297991989396,-5.04838828199416,-9.93925528549885,-16.8579566954671,-26.2619968176456,-31.6958846789449,-26.1288965355394,-17.3067192856674
331.166666666667,-1.62586732579716,-4.9922773951968,-9.89322752666578,-16.9174836397903,-26.4654812638861,-32.1066394840062,-26.7997102366995,-18.1874319868922
331.333333333333,-1.59745890377386,-4.9342306204673,-9.84636124513388,-16.9732163657025,-26.660199512862,-32.5071356751167,-27.4625767607842,-19.0623064408025
331.5,-1.56797549694665,-4.87460846035839,-9.798938016572,-17.0253003977686,-26.846112640964,-32.8971081713534,-28.1171079943025,-19.9310322396204
331.666666666667,-1.53766342609498,-4.81378816477067,-9.7511985433265,-17.0738661079255,-27.0232571346974,-33.2763802797352,-28.763008671818,-20.793359423766
331.833333333333,-1.50679449769318,-4.75216326918027,-9.703342362783,-17.1190292454758,-27.1917443131146,-33.6448674987834,-29.4000793372108,-21.649097880798
332,-1.47566564943101,-4.69014281043984,-9.65552719172137,-17.1608910435431,-27.3517594283454,-34.0025810349609,-30.0282185404724,-22.498115953374
332.166666666667,-1.44459820301971,-4.62815019780997,-9.60786790953952,-17.1995378881448,-27.5035604374939,-34.3496308137028,-30.6474241408219,-23.3403383445401
332.333333333333,-1.4139366984362,-4.56662172003582,-9.56043518685448,-17.2350405411665,-27.6474764465893,-34.6862277443594,-31.2577935771114,-24.1757434258144
332.5,-1.38404728938977,-4.50600467382325,-9.51325377205463,-17.2674529159981,-27.7839058347871,-35.0126849887068,-31.859522968682,-25.0043600696795
332.666666666667,-1.3553156866303,-4.44675510493682,-9.46630045681989,-17.2968104143345,-27.9133140741711,-35.3294179904897,-32.4529049274539,-25.8262641414688
332.833333333333,-1.32814464363867,-4.38933516024295,-9.41950175235002,-17.3231278445309,-28.0362312669453,-35.6369430524757,-33.0383249979161,-26.6415747949452
333,-1.30295098809787,-4.33421005722775,-9.37273132091146,-17.3463969557771,-28.1532494272418,-35.9358742995375,-33.6162566972458,-27.4504507204947
333.166666666667,-1.27978407949575,-4.28142390043254,-9.32576808054767,-17.3664393460894,-28.2646328608053,-36.2265618266689,-34.1868328828846,-28.2529191733827
333.333333333333,-1.25831028308442,-4.23058252109282,-9.27830674647078,-17.3829244442213,-28.3703207846666,-36.5090529523787,-34.7498288180498,-29.0488921861568
333.5,-1.23818303888067,-4.1812654809123,-9.2300018417428,-17.3955224163407,-28.4703151612275,-36.7834316702947,-35.3050774615366,-29.838341872405
333.666666666667,-1.21904146810263,-4.13302482953677,-9.18046648330557,-17.4039028994426,-28.5646797467477,-37.0498195026888,-35.8524696619717,-30.6212994457578
333.833333333333,-1.20050931692279,-4.08538419974429,-9.12927157438585,-17.4077340872068,-28.6535395202617,-37.3083769266773,-36.3919552162282,-31.3978548262317
334,-1.18211544225617,-4.03767386124902,-9.07589746641629,-17.406696494627,-28.7366812038788,-37.558974433696,-36.9233029473549,-32.1677773444008
334.166666666667,-1.16334073469854,-3.9891055966887,-9.01980549137498,-17.4005159684304,-28.8135591815948,-37.8011913882881,-37.4460864738212,-32.9305260652142
334.333333333333,-1.14372172746626,-3.93897580850421,-8.96052224343924,-17.3889664612205,-28.8836983805305,-38.0346461827159,-37.959918421612,-33.6856333467458
334.5,-1.12285203423068,-3.88666694867285,-8.89764024036363,-17.3718706755699,-28.9466951931481,-38.2589969887515,-38.4644505628802,-34.432703286662
334.666666666667,-1.10038360246091,-3.83164879319679,-8.83081858388181,-17.3491007207295,-29.0022184826118,-38.4739427237727,-38.9593740181902,-35.1714100141184
334.833333333333,-1.0760277930846,-3.77347957028745,-8.75978361783736,-17.320578766029,-29.0500106355061,-38.6792241761373,-39.4444195033352,-35.9014958882876
335,-1.04955630052088,-3.7118069533972,-8.68432958297779,-17.2862776776871,-29.0898886291494,-38.874625239394,-39.9193576049699,-36.6227696595712
335.166666666667,-1.02080192961514,-3.64636893197076,-8.60431926763919,-17.2462216281867,-29.1217450831605,-39.0599742089198,-40.3839990725105,-37.3351046438852
335.333333333333,-0.989659247835311,-3.57699457410119,-8.51968465392484,-17.2004866696283,-29.1455492668464,-39.2351450980723,-40.8381951168237,-38.0384369546349
335.5,-0.956085132400489,-3.50360469626528,-8.43042755945305,-17.1492012645349,-29.1613480354758,-39.4000589339337,-41.2818377090873,-38.7327638314421
335.666666666667,-0.920099232938913,-3.42621245607551,-8.33662027533884,-17.0925467694835,-29.1692666697043,-39.5546849952707,-41.7148598758353,-39.418142099594
335.833333333333,-0.881784370938478,-3.3449238846103,-8.23840620178947,-17.0307578686693,-29.1695095934224,-39.6990419575337,-42.1372359885707,-40.0946867897127
336,-0.841286897779655,-3.25993837545347,-8.13600048354672,-16.9641229561056,-29.1623609462395,-39.8331989116457,-42.5489820484483,-40.7625699433991
336.166666666667,-0.798817033636932,-3.171549148161,-8.0296906483967,-16.8929844666219,-29.1481849877877,-39.9572762250996,-42.9501559683858,-41.4220196276182
336.333333333333,-0.754649210098406,-3.08014370453763,-7.91983725308834,-16.8177391571632,-29.1274263121464,-40.0714462155482,-43.3408578565594,-42.0733191783753
336.5,-0.709252522197447,-2.98644443779474,-7.80701714242076,-16.7388283620648,-29.1006421247111,-40.1762302871065,-43.7214062019666,-42.7168673344478
336.666666666667,-0.663260125851231,-2.8914625202386,-7.69199991094331,-16.6567139894075,-29.0684570834735,-40.2724532543718,-44.0923049112341,-43.3531592904079
336.833333333333,-0.617324381626587,-2.79623530503698,-7.57559411062982,-16.5718771264658,-29.0315087420372,-40.3609243997006,-44.4540519218855,-43.98271696247
337,-0.572117853871314,-2.70182748943552,-7.4586483192507,-16.4848189194878,-28.9904478584661,-40.4424385218829,-44.8071406501999,-44.6060893077892
337.166666666667,-0.528334536398527,-2.60933254139365,-7.34205230828893,-16.396061426844,-28.9459386437203,-40.5177771883845,-45.1520614890094,-45.2238525791403
337.333333333333,-0.486276781685556,-2.51924895746324,-7.22629288283965,-16.305892205651,-28.8982700220311,-40.5874823522068,-45.4890313553191,-45.8355266255565
337.5,-0.445845688389153,-2.4314656252049,-7.11142944926283,-16.2143567407724,-28.8473562818633,-40.6518296269097,-45.8179969712289,-46.4396514225821
337.666666666667,-0.406950297403216,-2.34587930470809,-6.99752658772756,-16.1215110105119,-28.793127089905,-40.7110469051064,-46.1389116322868,-47.0349134636109
337.833333333333,-0.369507503947549,-2.26239455478153,-6.88465358864255,-16.027421684175,-28.7355284731097,-40.7653196991334,-46.451738923932,-47.6201502949711
338,-0.333442070936942,-2.18092382651525,-6.77288393125338,-15.9321660795006,-28.6745236878237,-40.8147956848925,-46.7564553980186,-48.194353609543
338.166666666667,-0.298686723535859,-2.10138768612965,-6.66229471096354,-15.8358319082163,-28.6100939676276,-40.8595885483231,-47.0530523878395,-48.7566708600722
338.333333333333,-0.265182306296329,-2.02371513153703,-6.55296602410265,-15.7385168338431,-28.5422391354676,-40.8997812100746,-47.3415371169937,-49.3064053502513
338.5,-0.232877985900133,-1.94784396969967,-6.44498032088857,-15.6403278628424,-28.4709780613639,-40.9354284864123,-47.6219332383374,-49.8430147875795
338.666666666667,-0.201731484261116,-1.87372122466377,-6.33842173907137,-15.5413805879105,-28.3963489442266,-40.9665592321916,-47.8942809236315,-50.366108332853
338.833333333333,-0.171709328566988,-1.80130354906131,-6.23337543208913,-15.4417983005156,-28.318409394952,-40.9931780040605,-48.1586366120042,-50.8754422489629
339,-0.142787106725305,-1.73055761487909,-6.12992690641549,-15.3417109885535,-28.2372362980105,-41.0152662782348,-48.41507251582,-51.3709143262078
339.166666666667,-0.114949718596679,-1.66146046236858,-6.02816138308738,-15.241254234337,-28.1529254302536,-41.0327832566878,-48.66367597586,-51.8525573318099
339.333333333333,-0.088191615314412,-1.59399978907852,-5.92816319816066,-15.1405680281948,-28.0655908188124,-41.0456662979276,-48.9045487537511,-52.3205317884938
339.5,-0.0625170208674017,-1.52817416409712,-5.83001525609504,-15.0397955139757,-27.9753638249334,-41.0538310132431,-49.1378063481666,-52.7751184245358
339.666666666667,-0.0379401319208152,-1.46399315565173,-5.73379854891025,-14.9390816850718,-27.8823919475944,-41.0571710759267,-49.3635774221752,-53.2167106530915
339.833333333333,-0.0143885656986127,-1.40136086000934,-5.63940632542587,-14.8382653312847,-27.786575870187,-41.0554969435578,-49.5819759179341,-53.6456500371263
340,0.00825252515846975,-1.34014414670262,-5.54659190572145,-14.7369327495012,-27.6876394335269,-41.0486049574653,-49.7931270205281,-54.0622474355883
340.166666666667,0.0300218227141638,-1.28032284690876,-5.45517760490147,-14.6347500502681,-27.5854246424344,-41.036372475775,-49.9972070180586,-54.4669480241552
340.333333333333,0.0508819796218887,-1.22198916642791,-5.36505414996397,-14.5314610891167,-27.4798891484573,-41.0187574865348,-50.194442543271,-54.8603257356843
340.5,0.0707197228308094,-1.16534711955913,-5.27618020707461,-14.4268855350261,-27.3711037590772,-40.9957984924158,-50.3851100972391,-55.2430786736933
340.666666666667,0.089636692088306,-1.11032315440583,-5.18831924312847,-14.3206936684823,-27.258899894285,-40.9672297434586,-50.569103896993,-55.6153282472392
340.833333333333,0.107975106706752,-1.05652546234181,-5.1010250827462,-14.2123941361395,-27.1428348782344,-40.9324715598435,-50.7459309680179,-55.9765599950055
341,0.12603969085631,-1.00361234665934,-5.01389665548165,-14.1015506728697,-27.0225246376804,-40.891009951562,-50.9151414989572,-56.3262971740348
341.166666666667,0.144097441688611,-0.95129191390189,-4.92657689624376,-13.9877810345917,-26.8976430243272,-40.8423960235793,-51.0763300306838,-56.6641075667592
341.333333333333,0.162377313268137,-0.899321809041788,-4.83875174232107,-13.8707562859511,-26.7679214101047,-40.7862453779995,-51.229136833436,-56.9896104992199
341.5,0.181069818518628,-0.847508996993739,-4.75014922426143,-13.7502004236706,-26.633148540967,-40.7222375392394,-51.3732495027485,-57.3024842060867
341.666666666667,0.200326552038074,-0.795709593615613,-4.66053865050109,-13.6258903163658,-26.4931706346431,-40.6501154279331,-51.5084047949967,-57.6024736335135
341.833333333333,0.220259637452408,-0.743828749984776,-4.56972988812038,-13.4976559416524,-26.3478917080579,-40.5696849084391,-51.6343907111543,-57.889398725866
342,0.240941103990587,-0.691820594263297,-4.47757274435987,-13.3653809014362,-26.1972741208027,-40.4808144336125,-51.7510488232478,-58.1631631945596
342.166666666667,0.262402198190126,-0.639688235787403,-4.38395645547718,-13.2290031963063,-26.0413393219714,-40.3834348090998,-51.8582768224647,-58.423763715249
342.333333333333,0.284632638092632,-0.587483836041152,-4.28880929106074,-13.0885162398902,-25.8801687887656,-40.277539097959,-51.9560312514674,-58.6712994428824
342.5,0.307579818961772,-0.535308750811547,-4.19209828293717,-12.9439700938029,-25.7139051463472,-40.1631826850049,-52.0443303668335,-58.9059816730599
342.666666666667,0.331147981435147,-0.483313746993821,-4.09382908820696,-12.7954729033634,-25.5427534593278,-40.0404835190132,-52.1232570613878,-59.1281434140408
342.833333333333,0.355197355069216,-0.431699296166774,-3.99404599562618,-12.6431925135152,-25.3669826858347,-39.9096225498476,-52.1929617613642,-59.338248568889
343,0.379543292398337,-0.38071594516007,-3.89283208344474,-12.4873582433249,-25.1869272851127,-39.7708443767887,-52.2536652007952,-59.5369003647707
343.166666666667,0.404030896474219,-0.330609050219479,-3.79027583016192,-12.3280305258614,-25.0026901065137,-39.624287153028,-52.3055976675162,-59.7248402790518
343.333333333333,0.428560174357748,-0.281574101182334,-3.68643360698941,-12.1650691074963,-24.8141074297514,-39.4699547869209,-52.3490067657406,-59.9029324525305
343.5,0.453022672075853,-0.233790829496166,-3.58134539056794,-11.9983503645948,-24.6210309904088,-39.3078751217568,-52.384226513017,-60.0721673571521
343.666666666667,0.47730066927756,-0.187424256961629,-3.47503591217579,-11.8277691614429,-24.4233293921171,-39.1381020654144,-52.4116800216738,-60.233665082622
343.833333333333,0.501266503785549,-0.142625619659848,-3.3675157991867,-11.6532405805079,-24.2208894243041,-38.9607181489095,-52.4318812806898,-60.3886745164721
344,0.524760798576145,-0.0996033982832862,-3.25874962048626,-11.474621567769,-24.0136836206836,-38.7758893256086,-52.4450142323185,-60.537736129213
344.166666666667,0.547616515243001,-0.0586016821133599,-3.14866645785534,-11.2917170790969,-23.8017541719205,-38.5838265067375,-52.4508744007794,-60.6806017446762
344.333333333333,0.569693030476507,-0.019818450881689,-3.03719796997523,-11.1043623557939,-23.585137525676,-38.3847140062976,-52.4492613688588,-60.8170271086454
344.5,0.590877206440684,0.0165952325086671,-2.92427817631232,-10.9124222572176,-23.3638633808228,-38.1787095038749,-52.4399783198235,-60.9467699894571
344.666666666667,0.611084618776801,0.0505362092163013,-2.80984303583667,-10.7157903605457,-23.1379536151933,-37.9659435289705,-52.4228310996773,-61.069588076777
344.833333333333,0.630260906531812,0.0819503586760388,-2.69382985095303,-10.5143878594014,-22.9074211509926,-37.746518491149,-52.397626859799,-61.1852367787201
345,0.648383206707507,0.110833844289523,-2.57617652793148,-10.3081622936886,-22.6722687640533,-37.5205072798296,-52.3641723377812,-61.2934670183635
345.166666666667,0.665461634347695,0.137234431973297,-2.45682072692448,-10.097086144155,-22.4324878457649,-37.2879514630389,-52.322271836337,-61.3940231318711
345.333333333333,0.68154076723747,0.161252839481666,-2.33569893704687,-9.88115532669664,-22.1880571295511,-37.0488591260321,-52.2717249669284,-61.4866409714779
345.5,0.696701092488216,0.18304407083383,-2.21274551467419,-9.66038762306632,-21.9389413969277,-36.8032024084133,-52.2123242366167,-61.5710463170027
345.666666666667,0.711060370622043,0.202818686682269,-2.0878917257887,-9.43482108624543,-21.6850901812909,-36.5509148219623,-52.1438525735829,-61.6469536988208
345.833333333333,0.724774871338601,0.220843958266674,-1.96106483559573,-9.20451246011898,-21.426436490483,-36.291888459984,-52.0660809082573,-61.7140657327297
346,0.738040434022015,0.237444849891359,-1.8321872904904,-8.96953565408974,-21.1628955717494,-36.0259712409934,-51.9787659517531,-61.7720730622601
346.166666666667,0.751093305289978,0.253004772807161,-1.70117603854555,-8.7299803137335,-20.8943637448535,-35.752964362338,-51.8816483390638,-61.820654996108
346.333333333333,0.764210705552851,0.267966052110923,-1.56794203480991,-8.48595052840094,-20.6207173307929,-35.4726201693013,-51.77445132805,-61.859480916996
346.5,0.777663404186702,0.282674593454332,-1.43260206914918,-8.2376440393176,-20.3417314574719,-35.1843992234967,-51.6566288913602,-61.8883155188167
346.666666666667,0.791718645068587,0.297379619995736,-1.295467731836,-7.98532412273654,-20.0570804798309,-34.8875122427552,-51.5273939057155,-61.9070059365023
346.833333333333,0.806689160353638,0.312388922737042,-1.15682769996184,-7.72922537790805,-19.7664188900731,-34.5811820674162,-51.3859833095621,-61.9153721536725
347,0.822932700463112,0.328068385350219,-1.01694785295308,-7.46955389933667,-19.4693818144123,-34.2646432244192,-51.2316580648244,-61.9132079695907
347.166666666667,0.840851128589223,0.344841054901108,-0.876071749723382,-7.2064878138013,-19.1655857633691,-33.9371424127119,-51.0637038425484,-61.9002822422986
347.333333333333,0.860510908491118,0.362764943965888,-0.734460600888125,-6.94032248985897,-18.8550163473604,-33.5982973269643,-50.8818550094455,-61.8765076704772
347.5,0.881629518757783,0.38151769198533,-0.592381031034476,-6.67145079323029,-18.5380238821341,-33.2481321142631,-50.6863068498927,-61.8419228025763
347.666666666667,0.903947310487212,0.400810174436899,-0.450059663407072,-6.40020861752903,-18.2149339762998,-32.8867345735662,-50.4772957919091,-61.796515461952
347.833333333333,0.927227685586478,0.420386594149149,-0.307683290928107,-6.12687487383672,-17.8860471658264,-32.5142520741739,-50.255095233869,-61.7402230656467
348,0.951257328620605,0.440024582129562,-0.165399075356045,-5.85167150165947,-17.5516384904528,-32.130887172169,-50.0200112676324,-61.6729330758085
348.166666666667,0.975846485939679,0.459535311235975,-0.0233147610758691,-5.57476350676638,-17.2119570283013,-31.7368931105316,-49.7723784568827,-61.5944835412204
348.333333333333,1.00082928605628,0.478763625737823,0.118501109378126,-5.29625903054732,-16.8672254054698,-31.3325693692707,-49.5125558112988,-61.5046636971631
348.5,1.02606409548363,0.497588189465338,0.260018990340037,-5.01620945446601,-16.517639297929,-30.9182574118862,-49.2409230780245,-61.4032146042712
348.666666666667,1.05143390448273,0.51592165485867,0.401248150207436,-4.73460954195748,-16.1633669436025,-30.4943367559715,-48.9578774539205,-61.2898298212671
348.833333333333,1.07684673741039,0.533710854833129,0.542236521816241,-4.45139761876502,-15.8045486830296,-30.061221480612,-48.6638308071589,-61.1641561226229
349,1.10223608261401,0.550937018997802,0.683070596377723,-4.16645579126908,-15.4412965474612,-29.6193572729236,-48.3592074864182,-61.0257942904721
349.166666666667,1.12756133708965,0.567616015429905,0.823875370769073,-3.87961020086724,-15.0736939135816,-29.1692191118792,-48.0444427915714,-60.8743000305758
349.333333333333,1.15280826141111,0.583798618939939,0.964814357420722,-3.59063131095852,-14.7017952442258,-28.7113096906579,-47.7199821826294,-60.7091850848048
349.5,1.17798944075696,0.599570806588099,1.1060896655531,-3.29923422160113,-14.3256259344434,-28.2461586904756,-47.3862813152186,-60.5299186371356
349.666666666667,1.20314474821314,0.615054081150248,1.24794216209324,-3.00507900548484,-13.9451822819609,-27.7743230410037,-47.0438070129649,-60.3359291358102
349.833333333333,1.22840660519273,0.630589358672851,1.39050727429004,-2.7079435725118,-13.5602873142844,-27.2958035846351,-46.6917447180976,-60.125874379579
350,1.25397760578195,0.646694037947926,1.53379709033945,-2.40774630702341,-13.1706022509218,-26.8100414423079,-46.328044057979,-59.8977566797823
350.166666666667,1.28005475007858,0.663857688563548,1.67783267687081,-2.10438756743413,-12.7757731709308,-26.3164967388973,-45.9507316148361,-59.6497084074174
350.333333333333,1.30682979319344,0.682542946834732,1.82264091707253,-1.79775268814907,-12.3754275721793,-25.8146455276683,-45.5579090924676,-59.3799897784405
350.5,1.33448947979268,0.703186229355425,1.96825241358502,-1.48771419398654,-11.9691720563399,-25.3039789051282,-45.1477558298745,-59.0869898142918
350.666666666667,1.36334575405987,0.726438405880755,2.11484291284822,-1.17414329507277,-11.5565587715446,-24.7837075388631,-44.718359811566,-58.769169672835
350.833333333333,1.39380476403285,0.753118539162307,2.26270872663658,-0.856934960038619,-11.1371299877454,-24.2528107347418,-44.2677621452247,-58.4250881174962
351,1.42622144283243,0.783950909180488,2.41211260441351,-0.536009747435941,-10.7104726418135,-23.7103603230459,-43.7941640081553,-58.0534805226571
351.166666666667,1.46089975583397,0.819565550579314,2.56328509569485,-0.211312769494992,-10.2762184640252,-23.1555258996256,-43.295944274933,-57.6532701108357
351.333333333333,1.49809296310093,0.860498785886964,2.71642657121156,0.117187872354473,-9.83404449258713,-22.5875809699479,-42.7716797785422,-57.2235808812391
351.5,1.53800390064029,0.907193746267315,2.87170983782967,0.449503146362252,-9.3836738727899,-22.0059097399786,-42.2201670376616,-56.7637513346372
351.666666666667,1.58078528431144,0.960000872138443,3.02928327462471,0.785625599719231,-8.92487684432252,-21.4100142613851,-41.6404440069832,-56.2733479286734
351.833333333333,1.62654004049415,1.01917838640593,3.18927440328095,1.12553225795921,-8.45747182781296,-20.7995216095196,-41.0318102385546,-55.7521771202838
352,1.67532166787631,1.0848927333015,3.35179378601458,1.46918783283511,-7.98132652900796,-20.1741907560707,-40.3938438393056,-55.2002949216218
352.166666666667,1.72713463493533,1.15721897589413,3.51693911980566,1.81654813164169,-7.49635898549899,-19.5339187985855,-39.726413808408,-54.6180131453849
352.333333333333,1.78193481783087,1.2361411452485,3.68479936862975,2.16756353340877,-7.00253848596763,-18.8787462289617,-39.0296867327238,-54.0059019407467
352.5,1.83962998347026,1.32155253393395,3.85545874781823,2.52218236988768,-6.4998862950742,-18.2088609623472,-38.3041273576182,-53.3647887766933
352.666666666667,1.90008032241586,1.41325592612154,4.02900034920454,2.88035402440434,-5.98847611790999,-17.5246009029781,-37.5504931449528,-52.6957546383469
352.833333333333,1.96309903603911,1.51096375583084,4.20550917502365,3.24203154222093,-5.4684342359577,-16.8264548870439,-36.7698234768071,-52.0001287780174
353,2.0284529818491,1.61429818398528,4.38507433516214,3.60717353466319,-4.93993924132599,-16.1150619044767,-35.9634245725423,-51.2794838391732
353.166666666667,2.09587714266336,1.72286144409487,4.56770010013195,3.97567568335238,-4.40311644946755,-15.3908799460149,-35.1324126723534,-50.5339124089746
353.333333333333,2.16510723954365,1.83628373007341,4.7532936271527,4.34736901003305,-3.85802922346864,-14.654137405403,-34.2775330132876,-49.7619095718804
353.5,2.23588045942821,1.95417423446776,4.941746393905,4.72208417058964,-3.30478361426343,-13.9051388809846,-33.3995234476313,-48.9620565841499
353.666666666667,2.30793268376604,2.07611714717893,5.13293060254074,5.09964565550764,-2.74353441300768,-13.1442674471636,-32.4991277898881,-48.1330530848563
353.833333333333,2.38099499612587,2.20166694822677,5.32669510093726,5.47986576269743,-2.17449228258702,-12.3719887061265,-31.5771084882819,-47.2737541378695
354,2.45469278268477,2.33022653724801,5.52267543109202,5.86223161808197,-1.59819339565501,-11.5889173912917,-30.6342863493304,-46.3833686383062
354.166666666667,2.52858490108555,2.46110959004233,5.72033704814621,6.24595376399966,-1.01543683549042,-10.7957550309315,-29.6715263836317,-45.4614746905051
354.333333333333,2.60227683687795,2.59368446609838,5.91917924661442,6.63029318382516,-0.426997573120899,-9.99320297540869,-28.6897098898572,-44.5078910132274
354.5,2.67541465425748,2.72736706808697,6.11872927480939,7.0145538546176,0.166362527500211,-9.18197227523905,-27.6897473965625,-43.5227154179576
354.666666666667,2.74767864412268,2.8616135912596,6.31853637604047,7.39807542697794,0.763883365950044,-8.36279451248513,-26.672591611497,-42.5063553891134
354.833333333333,2.81877680362645,2.99591334098176,6.51816590713129,7.78022620468649,1.36479518622831,-7.5364333346955,-25.6392502850237,-41.4595479145879
355,2.88843829791547,3.12978181308738,6.71719370140357,8.16039662220829,1.96830740526807,-6.70369638013453,-24.5907988549932,-40.3833671734475
355.166666666667,2.95640706994207,3.26275424316825,6.91520085529034,8.53799343690588,2.57359807472034,-5.86544721542073,-23.5283927069702,-39.2792204782718
355.333333333333,3.02243577701721,3.3943798354819,7.11176912328355,8.91243486175966,3.1798044214832,-5.0226168352794,-22.4532788561207,-38.1488345402329
355.5,3.08628024206068,3.52421687826844,7.3064771032966,9.28314686052684,3.78601496348849,-4.17621420371396,-21.3668068353625,-36.9942352768065
355.666666666667,3.14769461227929,3.65182893878825,7.49889738250636,9.64956080797393,4.3912637321709,-3.32733525291415,-20.2704385583647,-35.8177248155408
355.833333333333,3.20642741742341,3.77678230797295,7.68859479185867,10.0111126815108,4.99452714363504,-2.47716970867294,-19.1657569150221,-34.6218591058057
356,3.26221871327206,3.89864483188685,7.8751258862122,10.3672438973169,5.59472403851193,-1.6270050883795,-18.0544728498105,-33.4094288555879
356.166666666667,3.31479848336335,4.01698622706914,8.05803972826876,10.7174038362259,6.19071934849799,-0.778227230021166,-16.9384306677882,-32.1834456457354
356.333333333333,3.36388645341431,4.13137993230875,8.23688001089266,11.0610540272499,6.78133174047206,0.0676832318540423,-15.8196113058125,-30.9471342823728
356.5,3.4095344753716,4.24179920107977,8.4115621451821,11.3981232129241,7.36605676673097,0.910084223314222,-14.6990471733149,-29.7023343931333
356.666666666667,3.45212288540517,4.34860880738021,8.58236743751574,11.7289983222001,7.94511008739224,1.74921988245072,-13.5767632457031,-28.4493688068749
356.833333333333,3.4920186800108,4.45216931246635,8.74956659949609,12.054070171399,8.51873636834535,2.58531802823815,-12.4528338064481,-27.1885749760421
357,3.52957767486911,4.55284003524077,8.91342146511058,12.3737353651758,9.08721232832269,3.41859245905163,-11.3273819537726,-25.9203052707674
357.166666666667,3.56514666231854,4.65098204557219,9.07418693419431,12.6883985239896,9.65084987844789,4.24924527115365,-10.2005786931155,-24.6449268147023
357.333333333333,3.59899005517475,4.74690542238987,9.23207936741419,12.9982425051373,10.2097004472412,5.07729816227933,-9.07270502091097,-23.3628292862529
357.5,3.6312659806501,4.84082696649736,9.38724079110471,13.3031972763225,10.7635213334878,5.90256568612067,-7.9441449320338,-22.0744453044587
357.666666666667,3.66209087097339,4.93290653495628,9.53975618823798,13.603157971155,11.3120589024256,6.72481406928763,-6.8153164940331,-20.7802491932844
357.833333333333,3.6915414804356,5.02325013704015,9.6896560394195,13.8979875295294,11.8550510182776,7.54376349524626,-5.68666869042539,-19.4807532928061
358,3.71965677202864,5.1119127194541,9.83691862822069,14.1875192412436,12.3922292345574,8.35909026833077,-4.55867847084759,-18.1765050732018
358.166666666667,3.74643966280306,5.19890063099818,9.98147207185484,14.4715591310329,12.9233207220551,9.17042884375481,-3.43184803975695,-16.8680850023688
358.333333333333,3.77185862118089,5.28417376229183,10.1231960436265,14.7498881291824,13.4480499193763,9.97737371527553,-2.30670240737882,-15.5561051240804
358.5,3.79584911321792,5.36764736140352,10.2619231587736,15.0222639774182,13.9661398951092,10.7794811561516,-1.18378722159879,-14.2412083068714
358.666666666667,3.81831489810102,5.44919353102371,10.3974399999243,15.2884228245869,14.4773134140683,11.576270811189,-0.0636668970738947,-12.9240681248933
358.833333333333,3.83912917589819,5.5286424170004,10.5294877621106,15.5480804704682,14.981293702581,12.3672271378911,1.05307694246696,-11.6053893310021
359,3.85813559267827,5.60578310148114,10.6577624998657,15.8009332187264,15.4778049094318,13.1518006929552,2.16584669150595,-10.2859088792952
359.166666666667,3.87514910952194,5.6803642164495,10.781914960149,16.046658301306,15.9665722598441,13.9294092565181,3.27402964016397,-8.96639744897937
359.333333333333,3.88995674259876,5.75209429499403,10.9015499844683,16.2849138363257,16.4473218997731,14.6994387806235,4.37699847979974,-7.6476614136381
359.5,3.90231818132687,5.82064187808697,11.0162254613729,16.515338279524,16.9197804267511,15.4612441403659,5.4741114125186,-6.33054518957117
359.666666666667,3.91196629059606,5.88563539385019,11.1254508061858,16.7375493253186,17.3836741015561,16.2141496561012,6.5647118387024,-5.01593388411099
359.833333333333,3.91869913308529,5.94670923157695,11.2288390816736,16.9513467661559,17.8387241678782,16.9574696266915,7.64819198233762,-3.70443421818883
360,3.92241010352997,6.00354864365428,11.3261468783817,17.1567411785212,18.284678059632,17.6905664426911,8.72403616673274,-2.39635025086572
360.166666666667,3.92301108469185,6.05586498460758,11.4171402804445,17.3537638627227,18.7213276165744,18.4128595518579,9.79177917174853,-1.09199206818495
360.333333333333,3.92043227528191,6.10339454391934,11.5015942511115,17.5424663272306,19.1485074673512,19.123826076335,10.8510077713628,0.208325139966234
360.5,3.91462212411958,6.14589747005768,11.5792919822006,17.7229197446921,19.566093512414,19.8230017723468,11.9013626828366,1.50428256234288
360.666666666667,3.90559503379989,6.18331226552234,11.650236347417,17.895294713264,19.973921243184,20.5097407897823,12.9422894429409,2.79566283188332
360.833333333333,3.89342843710083,6.21575495081863,11.7146382786968,18.0598334703428,20.3717855906516,21.1832595660522,13.9730685973673,4.08233671949387
361,3.87821345564756,6.243362424037,11.7726982550116,18.2167557645805,20.759521135615,21.8428996776983,14.9930817751882,5.36415283420875
361.166666666667,3.86005466307197,6.2662912261942,11.8246054215511,18.3662588466069,21.1370017346314,22.4881269182845,16.0018112233382,6.64093761409183
361.333333333333,3.83906985787729,6.28471641385373,11.8705368858141,18.5085175460418,21.5041401876708,23.118529676193,16.9988385193219,7.91249533403385
361.5,3.81538984202152,6.29883054238543,11.9106572021559,18.6436844453151,21.8608879415339,23.7338167424686,17.9838425972027,9.17860808360119
361.666666666667,3.78915820126355,6.30884276077597,11.9451180543744,18.7718901606382,22.2072348236759,24.333814682582,18.956597227437,10.4390356737701
361.833333333333,3.76053108321619,6.314978016442,11.9740581436649,18.893243739909,22.543208801769,24.9184648998284,19.9169680850386,11.6935154369652
362,3.72967696883739,6.31747636613372,11.9976032867113,19.0078331862727,22.8688757651129,25.4878205035364,20.8649095245753,12.9417618905847
362.166666666667,3.6967764327781,6.31659238684054,12.015866725762,19.1157261143657,23.1843393248354,26.0420430746954,21.8004611571327,14.1834662403744
362.333333333333,3.66202188761104,6.31259467869236,12.0289496492111,19.2169705438355,23.4897406306731,26.5813993979411,22.7237442966991,15.418295706762
362.5,3.6256173065048,6.30576545025033,12.0369419174032,19.3115958314462,23.7852582029633,27.1062582052718,23.6349583146693,16.6458926646688
362.666666666667,3.58777791840293,6.29640017534647,12.0399229840664,19.3996137388763,24.0711077792727,27.6170869564957,24.5343769143998,17.8658735953243
362.833333333333,3.54872986923871,6.28480730980333,12.0379629989449,19.4810196281712,24.3475421758165,28.1144486670402,25.4223443155693,19.0778278570456
363,3.50870984218608,6.27130805598528,12.0311240719085,19.5557937707702,24.6148511644649,28.5989987876459,26.2992713224041,20.2813162904083
363.166666666667,3.46786886963164,6.25606411090718,12.0193581103151,19.6238744982556,24.8732643025073,29.0712319950399,27.1654202658382,21.4756557326112
363.333333333333,3.42625561845286,6.23906028289435,12.0025001071562,19.6851432748546,25.1229225232878,29.5314481396995,28.0208865301892,22.6599359363187
363.5,3.38390356112934,6.22026789826942,11.9803678434999,19.7394448001327,25.3639608595285,29.979985570524,28.8658009516076,23.833243482888
363.666666666667,3.34083050412082,6.19964478683704,11.952761636107,19.786586553526,25.5965082895592,30.417221002374,29.7003299573442,24.9946634196531
363.833333333333,3.29703810400381,6.17713523858778,11.9194639897376,19.8263383075903,25.8206876629073,30.8435702377519,30.5246766175633,26.1432812428884
364,3.25244657270981,6.15248638417365,11.8803835901037,19.8586041238246,26.0364714240713,31.2589051399078,31.3377881498396,27.2774531109058
364.166666666667,3.20691700137005,6.12529137000336,11.8355729782694,19.8834440813081,26.243692899114,31.6625501353832,32.1374015137653,28.3949211342114
364.333333333333,3.16032705415245,6.09519387991866,11.7850959837578,19.9009148334588,26.4421927010573,32.0538608842125,32.9213561829399,29.4935990855846
364.5,3.11257052201989,6.06188740267736,11.7290306075899,19.9110716374217,26.6318149259695,32.4322209370879,33.6875922877601,30.5715704155578
364.666666666667,3.06355696328756,6.02511462394465,11.6674708049952,19.913969569813,26.8124043591639,32.7970403500156,34.4341530776425,31.6270895410393
364.833333333333,3.01321142014871,5.98466693035932,11.6005273040345,19.9096640199063,26.9838045816401,33.1477561358229,35.1591917449553,32.6585862732987
365,2.96147420078868,5.94038401193303,11.5283275586167,19.8982105220503,27.1458568584205,33.4838344078579,35.8609825191768,33.6646731920027
365.166666666667,2.90830071700712,5.8921535480279,11.4510149080293,19.8796639694646,27.2983996865038,33.8047740421882,36.5379357431359,34.6441556654292
365.333333333333,2.85366136743727,5.83991096141722,11.368746998609,19.8540772403471,27.4412688802302,34.1101116508481,37.1886163834498,35.59604405994
365.5,2.79754145651269,5.78363922445626,11.2816935155217,19.821499263669,27.5742980751394,34.3994276214488,37.8117651205724,36.5195674851828
365.666666666667,2.73994113930789,5.72336870117704,11.190033273102,19.7819725555926,27.6973195369933,34.6723529401093,38.4063208457234,37.4141882142443
365.833333333333,2.68087538229295,5.65917700918087,11.0939507202002,19.7355302676535,27.8101651696335,34.928576478888,38.9714431161822,38.2796157466528
366,2.6203739299216,5.59118888556307,10.9936319318236,19.6821928041151,27.9126676228739,35.1678524003529,39.5065329511253,39.1158194039632
366.166666666667,2.55848126684302,5.51957604179176,10.8892601791053,19.6219640873319,28.0046614089444,35.3900073157273,40.0112503467576,39.9230384166096
366.333333333333,2.49525656542428,5.44455699352382,10.7810111949793,19.5548275752695,28.0859839424406,35.5949468336454,40.4855270873664,40.7017887095127
366.5,2.43076301911763,5.36625206651912,10.6689093537751,19.480707036298,28.1563382415624,35.7824622760781,40.9294465536908,41.4527346824187
366.666666666667,2.36507113879401,5.28468240353378,10.5528225306357,19.3994797454238,28.2153207444504,35.9522582631118,41.343242826739,42.1766531732492
366.833333333333,2.2982708330016,5.19991468256606,10.4325974669062,19.311017201841,28.262573802511,36.1041665672518,41.7274216048772,42.8745428467401
367,2.23047114867849,5.11206169730162,10.3080573244513,19.2151828528685,28.2977862216354,36.2381480313861,42.0827494915209,43.5476184618645
367.166666666667,2.16179997826719,5.02128303991182,10.1790000892376,19.1118305452503,28.3206934183988,36.3542927716221,42.4102392431746,44.1973057132811
367.333333333333,2.09238995756926,4.92771551858356,10.0452881279491,19.0008733969116,28.3309722565596,36.4524899784084,42.7106935081757,44.8235177066793
367.5,2.02234622432615,4.8314260184045,9.90686107605753,18.882285922563,28.3282327816934,36.5323802141101,42.9845245579939,45.4245376419225
367.666666666667,1.95174605640668,4.73246117939998,9.76365501824694,18.7560401528965,28.3121232427619,36.5936620209162,43.2321188364858,45.9987028233875
367.833333333333,1.88064199302088,4.63085206367816,9.61560669375117,18.6221118629344,28.2823364810595,36.6360948806081,43.4538513894456,46.5444374118605
368,1.80906565064198,4.5266194601573,9.46265817450323,18.4804870409821,28.2386173375487,36.6595038092485,43.6500997481,47.0602902112978
368.166666666667,1.73703218151534,4.41977976306426,9.30476197383302,18.3311685976118,28.1807710101663,36.6637854773243,43.8212574614778,47.5449766278344
368.333333333333,1.66454530862366,4.31035133709531,9.14188652218902,18.1741832761036,28.1086722700784,36.6489157402527,43.9677473972824,47.9974227753268
368.5,1.59160285513186,4.19836125781972,8.974021923789,18.0095886887266,28.0222754134838,36.6149584451161,44.090034864893,48.4168086834212
368.666666666667,1.51820266908383,4.08385229131013,8.80118588486641,17.837480367083,27.9216247840597,36.5620753482815,44.1886405559813,48.8026069458671
368.833333333333,1.44434882602067,3.96688995315201,8.62342968125992,17.6579986801247,27.8068656513478,36.4905369360681,44.2641532467918,49.1546131754411
369,1.37005797393431,3.84756946527818,8.44084401182541,17.4713354417714,27.6782551736781,36.4007338878141,44.3172421606043,49.472965427099
369.166666666667,1.29536566740427,3.72602241111532,8.25356456615309,17.2777400033227,27.5361731128165,36.293188858962,44.3486688488543,49.7581512098011
369.333333333333,1.22033252185317,3.60242287709673,8.06177712215725,17.0775246066497,27.3811319047306,36.1685681933172,44.3592984146954,50.0110024980691
369.5,1.14505000564903,3.47699286347102,7.86572198311047,16.8710687653659,27.2137856313268,36.0276931017892,44.3501098735074,50.2326808244111
369.666666666667,1.06964567834161,3.35000675108184,7.66569756626115,16.6588224457675,27.0349373877429,35.8715497744493,44.3222054210385,50.4246556845601
369.833333333333,0.994190416675695,3.22157507580799,7.46184186087563,16.4411422566354,26.845296619576,35.7009900025516,44.2765752545474,50.5882519691762
370,0.918714717646711,3.09167056117664,7.25415777938638,16.2182967997714,26.6454834490071,35.5167403370843,44.2141309427292,50.7247118619543
370.166666666667,0.843315234062811,2.96036101194731,7.04274710128209,15.9906343311986,26.43627743731,35.3197149940252,44.1359684188967,50.8356474562264
370.333333333333,0.76815621491427,2.82780886035738,6.82780972674679,15.7585803871727,26.2186136060268,35.111015521514,44.0433727105645,50.9230276521329
370.5,0.693469143219522,2.69426856093334,6.60964098707501,15.5226331962424,25.9935738917125,34.8919258129041,43.9378201535735,50.9891704365742
370.666666666667,0.619209471368012,2.55968922106426,6.3882534743183,15.2829077550185,25.761662619358,34.6629767761626,43.8198917641598,51.0351436379074
370.833333333333,0.54505911022881,2.42372119108083,6.16338136174044,15.0391436495113,25.522761545936,34.4238962918942,43.6892125242207,51.0606317736247
371,0.470766889498972,2.28610976400652,5.93485506703009,14.7911579109717,25.2768189880311,34.1745090289427,43.5455060482714,51.0654653263396
371.166666666667,0.396144885228945,2.14668993786033,5.70259747767572,14.5388415422916,25.0238446738968,33.9147311931545,43.3885918187419,51.0496183561712
371.333333333333,0.321064656564383,2.00538101239186,5.46661980852598,14.2821556923923,24.7639044845119,33.6445650999771,43.2183818788502,51.0132052060713
371.5,0.245453472366153,1.86218115216958,5.22701724434773,14.0211276391919,24.4971152283367,33.3640937073939,43.0348771550976,50.9564764907278
371.666666666667,0.169290600387018,1.7171620352748,4.98396450974105,13.7558467312491,24.223639579552,33.0734752310815,42.8381635613951,50.8798145560151
371.833333333333,0.0926037227840877,1.5704636928598,4.73771149617809,13.4864604251846,23.9436812933555,32.7729379482553,42.6284080183713,50.7837285940432
372,0.015465532493963,1.42228963038654,4.48857906226175,13.2131705414592,23.6574807951848,32.4627752812987,42.4058545048478,50.6688495974569
372.166666666667,-0.0620094441322543,1.27290230721596,4.23695510947874,12.9362298459007,23.36531122422,32.143341237651,42.1708202441041,50.535925334892
372.333333333333,-0.139667761656778,1.12261903797321,3.98329102253582,12.6559390492541,23.0674749957244,31.815046269114,41.9236921156031,50.3858155268603
372.5,-0.217319677885163,0.971808367236139,3.72809855144988,12.3726443025872,22.7643009321227,31.4783536021326,41.6649233733648,50.2194873976179
372.666666666667,-0.294741462024757,0.820886958942425,3.47194720242307,12.0867352531338,22.4561419995343,31.1337760810068,41.3950307450985,50.0380117738543
372.833333333333,-0.371677372099577,0.670317033735988,3.21546219656274,11.7986437135253,22.1433736750262,30.7818735585954,41.1145919812815,49.8425598956047
373,-0.447841289345504,0.520604381472718,2.95932305002276,11.508842987747,21.8263929603686,30.4232508640033,40.8242439202356,49.6344010990087
373.166666666667,-0.522853637224933,0.372331071276452,2.70424291661858,11.2178587496765,21.5057181753163,30.0586381848715,40.5246655167844,49.4147299150206
373.333333333333,-0.596260558534888,0.226121109571942,2.45093362067436,10.9262508425482,21.1819615861865,29.6888640811822,40.2165435664287,49.1845910822096
373.5,-0.667607476828367,0.0825897470527015,2.20010909506852,10.634593788908,20.8557157333504,29.3147609592451,39.9005726607046,48.9450155309564
373.666666666667,-0.736438796607948,-0.0576558922301669,1.95248694877357,10.343477885923,20.5275537641761,28.9371659542417,39.5774571881197,48.6970229489991
373.833333333333,-0.802297447337687,-0.194015941567672,1.70879047139314,10.0535107352287,20.1980299330491,28.5569220759521,39.2479138166689,48.4416247080182
374,-0.864815916532567,-0.325943098494108,1.46959697267029,9.76511469715928,19.8676838443705,28.1748593585688,38.912610103598,48.1795052213812
374.166666666667,-0.923745371911562,-0.452986733602769,1.23529835088225,9.47849840082391,19.5370086630893,27.7917384194658,38.5721235163285,47.910998358085
374.333333333333,-0.978877789153243,-0.574767301371576,1.00623557794067,9.19384688416579,19.2064321775957,27.408243121258,38.226985421269,47.6363971723989
374.5,-1.03004474078279,-0.690974298848102,0.782699781477182,8.91132207596068,18.8763175627259,27.0249814979526,37.8776819216962,47.3559544673313
374.666666666667,-1.07711628415384,-0.801364257296275,0.564933394937025,8.6310631968385,18.546963918738,26.6424862089166,37.5246542869944,47.0698833329095
374.833333333333,-1.11999994135099,-0.905758778536671,0.353131343926639,8.35318707494608,18.2186066123583,26.2612145695533,37.1682990557868,46.7783577094449
375,-1.15863976368914,-1.00404262786626,0.147442237835108,8.07778837265851,17.8914174460571,25.8815482069443,36.8089678839423,46.4815130163237
375.166666666667,-1.19301547314336,-1.0961618946332,-0.0520304629988102,7.80493972130712,17.5655046820353,25.5037923902166,36.4469671995734,46.1794468775743
375.333333333333,-1.22314167255652,-1.18212222996047,-0.245227332629805,7.53469176128885,17.2409129479342,25.128175088905,36.082557721376,45.8722199671106
375.5,-1.2490671158752,-1.26198716894202,-0.432131943376114,7.26707308523558,16.9176230520214,24.7548458179451,35.7159538942064,45.5598569894719
375.666666666667,-1.27087402897549,-1.33587654204229,-0.612769931868475,7.00209008224654,16.5955517365399,24.3838743349553,35.3473232965414,45.2423478061999
375.833333333333,-1.28867747087176,-1.40396497756228,-0.787208188255712,6.73972668163811,16.274551399068,24.0152492638725,34.9767860781244,44.9196487137171
376,-1.30262472425249,-1.46648049401965,-0.9555541865566,6.47994399536917,15.9544098131277,23.6488767283932,34.6044144921426,44.5916838755831
376.166666666667,-1.31289470335745,-1.52370317823415,-1.11795547080985,6.22267985939799,15.6348498809373,23.2845790885117,34.2302325940271,44.2583469102201
376.333333333333,-1.31969736619051,-1.57596394189762,-1.27459930793243,5.96784827586693,15.3155294531456,22.9220938830788,33.8542161876147,43.9195026345177
376.5,-1.32330911699493,-1.62356791538508,-1.42549636744189,5.71557683608194,14.9960495281699,22.5608738461373,33.4762477520675,43.5751119533983
376.666666666667,-1.32405700821656,-1.66678411022472,-1.57048747820567,5.46617873056034,14.6759823993433,22.2001380621069,33.096136842993,43.2252459442367
376.833333333333,-1.32227663344197,-1.70591767426676,-1.70946479555139,5.21990252595944,14.3548840387879,21.8391000600067,32.713673293023,42.8699680271062
377,-1.31831397828407,-1.74131179142672,-1.84237392148615,4.97693366186603,14.032300822429,21.4769709949955,32.3286247884584,42.5093323396422
377.166666666667,-1.31252690305505,-1.77334917049899,-1.96921598617887,4.73739516929876,13.7077738483536,21.112961638136,31.9407352555135,42.1433824451535
377.333333333333,-1.30519054738354,-1.80228113518352,-2.0899461423762,4.5013760032047,13.3809381585292,20.7465334851156,31.5499351789298,41.7723643939278
377.5,-1.2964819860675,-1.82821126826167,-2.20446738627812,4.26894700493277,13.0515513504315,20.3774299808773,31.1563562413366,41.3967077473009
377.666666666667,-1.28656858913143,-1.85125959276031,-2.31273070116,4.04014146423605,12.7194095331052,20.0054399406019,30.7601260880405,41.0168000911582
377.833333333333,-1.27560859265527,-1.8715631350926,-2.41473518466787,3.81495593392659,12.3843449774868,19.6303943434357,30.3613664424099,40.632984439891
378,-1.26375154223485,-1.88927631477742,-2.51052804706725,3.5933508255254,12.0462228407797,19.252162560632,29.9601915084218,40.2455570563862
378.166666666667,-1.25113863751096,-1.90457119768928,-2.60020449628044,3.3752508355611,11.7049372773253,18.8706482659052,29.5567066530527,39.8547656685752
378.333333333333,-1.23790300430253,-1.91763764712462,-2.6839075234192,3.16054524929751,11.360407219915,18.485785251655,29.1510073555694,39.4608080588038
378.5,-1.22416991966349,-1.92868340468572,-2.76182760051486,2.94908816772545,11.0125720805822,18.0975333420336,28.7431784074471,39.0638310000044
378.666666666667,-1.21005701444191,-1.93793413097847,-2.83420230031856,2.74069870419465,10.6613875828232,17.7058745572759,28.3332933455042,38.6639295122407
378.833333333333,-1.19567447745484,-1.94563343430144,-2.9013158464252,2.53516119867947,10.3068219014809,17.3108096472966,27.9214141017415,38.2611464145585
379,-1.18112528500887,-1.95204291377158,-2.9634986005796,2.33222549995332,9.94885225485876,16.9123550793947,27.5075908561937,37.8554721501194
379.166666666667,-1.16650547899423,-1.95744224157619,-3.02112649283448,2.13160736844676,9.58746206768129,16.5105405371946,27.0918620837565,37.4468448673176
379.333333333333,-1.15190451596066,-1.96212930714521,-3.07462039921286,1.93298905477977,9.22263880405696,16.1054069670502,26.6742547924424,37.0351507460355
379.5,-1.13740570824611,-1.96642044387999,-3.12444547062258,1.73602011032738,8.85437255668899,15.6970051947791,26.2547849589489,36.6202245665317
379.666666666667,-1.12308677618497,-1.97065075654191,-3.17111041591725,1.54031848607648,8.482655471801,15.2853951301085,25.8334581779997,36.2018505289323
379.833333333333,-1.10908531455334,-1.97527368914853,-3.21535839911043,1.34545556009517,8.1075216393986,14.8705615240446,25.4099030127063,35.7792024827394
380,-1.09559050342705,-1.98082833628283,-3.25809359458832,1.15101734476026,7.72905477926347,14.4524134840448,24.9834059633292,35.3509266683785
380.166666666667,-1.08277415630401,-1.98782402239617,-3.30015243715651,0.956651186315218,7.34735316519563,14.0308700861228,24.5532947476071,34.9157410990647
380.333333333333,-1.07079097586527,-1.99674045215202,-3.34230303073938,0.762065736411869,6.96253064852097,13.6058625604455,24.1189368866239,34.4724329636947
380.5,-1.05977884411118,-2.00802775014222,-3.38524470683348,0.567030770190892,6.5747175548602,13.1773361715054,23.6797389539129,34.0198568863968
380.666666666667,-1.04984855533908,-2.02196160166673,-3.42946874450954,0.371412029114035,6.1841996662385,12.7454507151111,23.2352737166888,33.5570652415604
380.833333333333,-1.04108757675851,-2.03864232893519,-3.47525778826038,0.175153630015198,5.79139178063475,12.3105586629119,22.7852823459508,33.0833433926324
381,-1.03357266486617,-2.05813962120083,-3.52282553869242,-0.0217668335948081,5.39668622843503,11.8729953372028,22.3295492494483,32.5980972831678
381.166666666667,-1.02737022049549,-2.08049307618974,-3.57231813058429,-0.219339741567355,5.0004529103103,11.4330791661357,21.867903588249,32.1008551785036
381.333333333333,-1.02253669381263,-2.10571279760427,-3.62381557970302,-0.417524919826255,4.60303921683815,10.9911117025904,21.4002209113845,31.5912695958945
381.5,-1.01911903002835,-2.13378004385749,-3.67733326330828,-0.616253105842055,4.20476984345763,10.5473774415306,20.9264248831198,31.069119338669
381.666666666667,-1.01715514583912,-2.16464792213139,-3.73282340078324,-0.815427378408981,3.80594651348131,10.1021434695054,20.4464890726073,30.5343115580785
381.833333333333,-1.01667442585147,-2.19824212082866,-3.7901765018799,-1.01492452418123,3.40684762153341,9.65565897936038,19.9604387694484,29.986883774285
382,-1.01769822751067,-2.23446167253826,-3.84922275072669,-1.21459631390361,3.00772780980617,9.20815468304767,19.4683527818782,29.4270057956395
382.166666666667,-1.02024038237085,-2.27317973878311,-3.9097332940727,-1.41427066138452,2.60881748981376,8.75984215554865,18.9703651679069,28.8549814833848
382.333333333333,-1.02430768093605,-2.31424440708911,-3.97142140228289,-1.61375263807662,2.21032232276344,8.31091314321597,18.4666668447841,28.2712503174999
382.5,-1.02990032778909,-2.35747949032345,-4.03394347138328,-1.81282531570873,1.81242267215418,7.86153887020766,17.9575070195222,27.676388728907
382.666666666667,-1.03701235332936,-2.40268531780922,-4.09689983400717,-2.01125040880675,1.41527304264738,7.41186937700965,17.4431943836276,27.0711111738961
382.833333333333,-1.04563196817645,-2.44963950743591,-4.15983534643112,-2.20876868820425,1.01900151952808,6.96203292522831,16.9240980190626,26.4562709384396
383,-1.0557418461777,-2.49809770784768,-4.22223971803007,-2.40510013583439,0.623709223080967,6.51213550278224,16.4006479698258,25.8328606728835
383.166666666667,-1.0673692064074,-2.54774650547795,-4.28351178690219,-2.59999182874583,0.229619071399259,6.06248509438558,15.8731407875478,25.2015534317298
383.333333333333,-1.08058303873627,-2.59824810555183,-4.3430483338268,-2.79325407644306,-0.162954070653238,5.61353386969059,15.3416943970487,24.5626299216333
383.5,-1.09544303292345,-2.64931114526517,-4.40032516158806,-2.98473135732811,-0.553768821333012,5.16562365243517,14.8064200688483,23.9164007733894
383.666666666667,-1.11199984831757,-2.70069146852627,-4.45489798696785,-3.1743031741642,-0.942658469797618,4.71898499747389,14.267422093448,23.2632055776481
383.833333333333,-1.13029533349375,-2.75219249913103,-4.50640304005447,-3.36188468693698,-1.32953148990055,4.27373681767928,13.7247972943334,22.6034116696709
384,-1.15026544134553,-2.80344571420345,-4.55433632484123,-3.54726160424966,-1.71412359849449,3.83019431197751,13.1788775472035,21.9378406571452
384.166666666667,-1.17175313174064,-2.85393439600906,-4.59807778174305,-3.7300957204257,-2.09599902893784,3.38886644992363,12.6302021223988,21.2676807279386
384.333333333333,-1.19461261257352,-2.90322546015722,-4.63712523797825,-3.91009442802361,-2.4747990939067,2.95014706405055,12.07925858818,20.5940112740661
384.5,-1.21870977301158,-2.95096930692402,-4.67109500897934,-4.08701196803777,-2.85024142142077,2.51431581095089,11.5264799702932,19.9177981953669
384.666666666667,-1.24392226325277,-2.99689900185814,-4.6997219974001,-4.2606502646616,-3.22211849075986,2.08153975324497,10.9722422189485,19.2398899121796
384.833333333333,-1.27013928385953,-3.04082893448617,-4.72285943981734,-4.43085949801243,-3.59029568039608,1.65187539429364,10.4168619701213,18.5610140654581
385,-1.29726115061124,-3.08265310879855,-4.74047845015901,-4.59753856686079,-3.95470904191632,1.22527099664984,9.860594576549,17.8817748818079
385.166666666667,-1.32519870165711,-3.12234322048886,-4.75266750281812,-4.76063558746849,-4.31536301224265,0.80156901784984,9.30363237352091,17.2026511729805
385.333333333333,-1.35387261315287,-3.15994667455834,-4.75963198845543,-4.9201485650062,-4.67232827202746,0.380508502282414,8.74610313571272,16.5239949256907
385.5,-1.38321268814957,-3.19558469388404,-4.76169396299333,-5.07612636174764,-5.02573995168696,-0.0382727254377833,8.1880686739283,15.8460304197364
385.666666666667,-1.41315718188491,-3.22945066570891,-4.75929219677507,-5.22867007250757,-5.37579637889827,-0.45523621288621,7.62952351462351,15.1688537919746
385.833333333333,-1.44365222538859,-3.26180886974592,-4.75298261795745,-5.37793490389318,-5.72275855320556,-0.870941518344594,7.07039360032988,14.4924329424121
386,-1.47465140899082,-3.2929937296419,-4.74343923365639,-5.52413264122559,-6.06695052524735,-1.28604546983186,6.51053494535996,13.816607658066
386.166666666667,-1.50611558841127,-3.32340972979575,-4.73145560592992,-5.66753477683062,-6.40876085050315,-1.70130217492266,5.9497321782282,13.1410898116449
386.333333333333,-1.53801297905418,-3.35353214276366,-4.71794695905244,-5.80847636711751,-6.74864528072405,-2.11756390977413,5.3876968998724,12.4654634764906
386.5,-1.57013712659583,-3.38349866445535,-4.70343208810405,-5.9469108007641,-7.08672190113975,-2.53536551923689,4.82443403127992,11.789636236422
386.666666666667,-1.60213116695836,-3.4130939666014,-4.68797769542418,-6.08241165465792,-7.42274711381527,-2.95485421164604,4.26024673030357,11.1138304406293
386.833333333333,-1.63368194605615,-3.44215109794778,-4.6716900486727,-6.21462237301561,-7.75651201016192,-3.37617090055797,3.69537229242433,10.4381305999137
387,-1.66451978114554,-3.47055128149873,-4.65471439976309,-6.34325646556484,-8.08784320660962,-3.79944976156528,3.12998350026574,9.76248701213462
387.166666666667,-1.69441845640361,-3.49822404865702,-4.63723469795726,-6.46809773925115,-8.41660365114294,-4.22481795209559,2.56418970694707,9.086718632885
387.333333333333,-1.72325981790432,-3.52518182373757,-4.61945370899791,-6.58901147587286,-8.74279359040547,-4.65247733677936,1.99805326228333,8.41068671120775
387.5,-1.75101598897795,-3.55148720327915,-4.60155843977903,-6.70592594141904,-9.06652381186595,-5.08267844079541,1.43162360418683,7.73437074910733
387.666666666667,-1.7776770751777,-3.57720362686738,-4.58372355441446,-6.81881203220299,-9.38790208249801,-5.5156264639855,0.864937530705725,7.05773377629055
387.833333333333,-1.80325260011149,-3.6023971089838,-4.56611247412633,-6.92768294352618,-9.70703314487127,-5.95148230512995,0.298017884894149,6.38072136910434
388,-1.82777296232049,-3.62713794564637,-4.54887843171198,-7.0325937135085,-10.0240184809079,-6.39036344728385,-0.269127742930491,5.70326066109295
388.166666666667,-1.85129089389303,-3.65150238063373,-4.53216547814367,-7.13364068407161,-10.3389558960653,-6.83234471865173,-0.836508294588908,5.0252593562754
388.333333333333,-1.87388290339409,-3.67557421806878,-4.51610943948593,-7.23096091816546,-10.6519389726235,-7.27745894240891,-1.40415050371793,4.34660475457672
388.5,-1.89565068794251,-3.69944637047192,-4.50083882316882,-7.32473160952079,-10.9630564366752,-7.72569748793835,-1.97210013400444,3.66716279712544
388.666666666667,-1.91672250178155,-3.72322233400178,-4.48647567370359,-7.41516951863922,-11.2723914796657,-8.17701073528238,-2.54042319396221,2.98677713741788
388.833333333333,-1.93725447136119,-3.7470175853966,-4.47313637913095,-7.50253046651874,-11.5800210721768,-8.63130846434009,-3.10920712595215,2.3052682427202
389,-1.95743184969277,-3.77096089804276,-4.46093243082444,-7.58710891587157,-11.8860153054053,-9.08846018061828,-3.67856196684308,1.62243252860194
389.166666666667,-1.97747020546048,-3.79519557755984,-4.44997114070075,-7.66923766841671,-12.1904367946791,-9.54829539030708,-4.24862147737811,0.9380415282434
389.333333333333,-1.99761654500187,-3.81988062024595,-4.44035632139076,-7.74928770630641,-12.4933401796602,-10.0106038392519,-4.81954423695368,0.251841097201424
389.5,-2.01815036772915,-3.8451918006219,-4.43218893647889,-7.82766820595495,-12.7947717578289,-10.4751357331844,-5.3915147001538,-0.436449346288907
389.666666666667,-2.03938465779164,-3.87132269710771,-4.42556772950644,-7.90482675356054,-13.0947692916947,-10.9416019605193,-5.96474421104748,-1.1271375456082
389.833333333333,-2.06136858337559,-3.89808199781288,-4.42038820959612,-7.98097558986494,-13.3928309923632,-11.4090776406876,-6.53900239182046,-1.8201303285682
390,-2.08387003107476,-3.92489825812437,-4.41633641258524,-8.05605245617446,-13.6879533043213,-11.8760936623375,-7.11362433043336,-2.51492577917779
390.166666666667,-2.10666532964541,-3.95122636303224,-4.41308967431352,-8.1299771106136,-13.9791791670081,-12.3412761658557,-7.6879825460524,-3.21103688049258
390.333333333333,-2.12953989610087,-3.97654861355528,-4.41031949734041,-8.2026535539417,-14.2655965084756,-12.8033439388649,-8.26148629044447,-3.90799040519004
390.5,-2.15228894415468,-4.00037607134075,-4.40769405035069,-8.27397172873547,-14.5463375304811,-13.2611073239375,-8.83358156640138,-4.6053261354031
390.666666666667,-2.17468225637237,-4.02232557414838,-4.40509652031196,-8.34404686277846,-14.8205870079585,-13.7132692747885,-9.4037064675804,-5.3027193785594
390.833333333333,-2.19648019641295,-4.04213075710308,-4.4026203295913,-8.41319313851809,-15.0876110769897,-14.1584783851943,-9.97131219249856,-5.99999280515748
391,-2.21747605387849,-4.05957071653811,-4.40034993205001,-8.48167493198273,-15.3467707025549,-14.5955594426639,-10.5359169050476,-6.69699647424029
391.166666666667,-2.23749443730114,-4.07446921990072,-4.39836067998082,-8.5497096282703,-15.5975298301746,-15.0235194025172,-11.0971038532395,-7.39360413498051
391.333333333333,-2.25639002255049,-4.08669446721323,-4.39671877747874,-8.61746956210322,-15.8394613717659,-15.4415522501889,-11.6545200035101,-8.08970989410224
391.5,-2.27404658659415,-4.09615928466172,-4.39548132017157,-8.68508326540719,-16.0722511695051,-15.8490426647772,-12.2078751509589,-8.78522526916433
391.666666666667,-2.29037626573422,-4.10282163449381,-4.39469642301481,-8.75263618187887,-16.2957001300469,-16.2455684658182,-12.7569414428116,-9.48007663419322
391.833333333333,-2.3053189842851,-4.10668532758427,-4.39440344009668,-8.82017099387191,-16.5097247562114,-16.6309018728875,-13.3015532289207,-10.1742030493042
392,-2.31884200471069,-4.10780082653724,-4.39463328283775,-8.88768769735773,-16.7143563220495,-17.0050096343156,-13.8416071313534,-10.8675544512527
392.166666666667,-2.33093955393084,-4.10626602866768,-4.39540884522231,-8.95514355431431,-16.9097389402716,-17.368052089334,-14.377062206719,-11.5600901684396
392.333333333333,-2.34163248317701,-4.10222692016774,-4.39674554629251,-9.02245304704945,-17.0961267604051,-17.7203812209293,-14.9079400611601,-12.2517777126127
392.5,-2.35096792070439,-4.09587799565286,-4.39865200053768,-9.08948795426221,-17.2738805147732,-18.0625377388198,-15.43432476975,-12.9425917910045
392.666666666667,-2.35901887809002,-4.08746234145337,-4.40113082546002,-9.15607766283853,-17.4434636007857,-18.3952472074562,-15.9563624499388,-13.6325134774304
392.833333333333,-2.36588377198006,-4.07727128674683,-4.40417959195851,-9.22200982137016,-17.6054378550967,-18.7194152064153,-16.474260342929,-14.3215294793436
393,-2.37168582419467,-4.06564353411252,-4.40779191678184,-9.28703143025035,-17.7604591401877,-19.0361214828073,-16.9882852674904,-15.0096314403807
393.166666666667,-2.37653821755415,-4.052830936206,-4.41201915664309,-9.35104873710589,-17.9089983454153,-19.3460382027088,-17.4987611751893,-15.6969523632116
393.333333333333,-2.38051929485243,-4.03894072143889,-4.41692189065563,-9.41409549498653,-18.0512563637604,-19.6493108422725,-18.0060018706092,-16.3837153234915
393.5,-2.38369441941505,-4.02403966893211,-4.42248488671207,-9.47611865628133,-18.1873957983812,-19.9460737557219,-18.5102787077171,-17.0700716176773
393.666666666667,-2.38611593519815,-4.00815396240372,-4.42861730200723,-9.53697913425777,-18.3175397995803,-20.2364485865116,-19.0118215185474,-17.7561020962702
393.833333333333,-2.38782311957018,-3.99126908156624,-4.43515307448438,-9.59645298163394,-18.4417718382299,-20.5205433702528,-19.5108198835934,-18.4418189235904
394,-2.38877731029058,-3.97323055775033,-4.44165981153835,-9.65421660606815,-18.5601760276443,-20.7983682814302,-20.0070572049106,-19.126606910415
394.166666666667,-2.38887086022134,-3.95377705513032,-4.44751209591241,-9.7099082517775,-18.6728453057271,-21.0698352140829,-20.4999464706675,-19.8093075067606
394.333333333333,-2.38799680972557,-3.93265621556661,-4.45212013382321,-9.76317503659495,-18.7798469005512,-21.3348435194657,-20.9889143734295,-20.4888195669308
394.5,-2.38604938835576,-3.90962492554527,-4.45493024209267,-9.81367329970025,-18.8812239203884,-21.5932823598678,-21.4734007432665,-21.1640982502925
394.666666666667,-2.38292450035369,-3.88444964797651,-4.45542514313981,-9.86106880918334,-18.9769968217257,-21.8450327811741,-21.9528586188913,-21.8341548755365
394.833333333333,-2.37852017706309,-3.85690678216178,-4.45312408860167,-9.90503685501382,-19.0671647644287,-22.0899695263236,-22.4267548806796,-22.498057572941
395,-2.37273697914251,-3.82678301519259,-4.44758282726071,-9.94526224740553,-19.1517068560797,-22.3279626050399,-22.8945713745487,-23.154932586005
395.166666666667,-2.36547833155913,-3.79387562840747,-4.4383934286681,-9.98143923590007,-19.2305832823217,-22.5588786302323,-23.3558064577889,-23.8039660801456
395.333333333333,-2.35665077474513,-3.75799272324516,-4.42518397040213,-10.0132713607919,-19.3037363164135,-22.7825819279829,-23.8099768973094,-24.4444063221879
395.5,-2.34616411600453,-3.71895333183436,-4.40761809424802,-10.0404712457587,-19.3710911988666,-22.9989354257804,-24.2566200477229,-25.0755661003464
395.666666666667,-2.33393146627463,-3.67658737889644,-4.38539443464925,-10.0627603386835,-19.432556876762,-23.2078013224361,-24.695296231704,-25.6968252605462
395.833333333333,-2.31986914866872,-3.63073546295132,-4.35824592145431,-10.0798686065785,-19.4880265919477,-23.4090415427477,-25.1255912386918,-26.3076332414492
396,-2.30389646685779,-3.58124842635265,-4.32593895815745,-10.0915341901606,-19.5373783076503,-23.602517980339,-25.5471188509878,-26.9075114976538
396.166666666667,-2.28593532328607,-3.5279866852758,-4.28827247639558,-10.0975030239126,-19.5804749639598,-23.7880925330566,-25.95952329947,-27.4960557084301
396.333333333333,-2.26590967945398,-3.47081929237657,-4.24507686730975,-10.0975284283112,-19.6171645540583,-23.9656269367676,-26.3624815454021,-28.0729376782795
396.5,-2.24361483261685,-3.40955412562595,-4.19622265518811,-10.0913341158344,-19.6471769767669,-24.1348539402089,-26.7555993724983,-28.637995359764
396.666666666667,-2.2187416811499,-3.3439750839953,-4.14166760182929,-10.0786612907254,-19.6701607056412,-24.2954167480402,-27.1384662372828,-29.1912827842016
396.833333333333,-2.19101901583868,-3.27392966515558,-4.08147087661291,-10.0593288937821,-19.6858041686262,-24.4470174088376,-27.5107894296354,-29.7330073890906
397,-2.16021330860968,-3.19932874771428,-4.01579318612136,-10.0332335807997,-19.6938354189359,-24.5894167114256,-27.8723952734342,-30.2635308663505
397.166666666667,-2.126128371009,-3.1201460656634,-3.94489684290208,-10.0003496870453,-19.6940215118984,-24.7224338602828,-28.2232296658522,-30.7833691279743
397.333333333333,-2.08855503381648,-3.03646521628786,-3.86918160124234,-9.96068121474762,-19.6863169106688,-24.8461706180681,-28.5631632621464,-31.2927322016492
397.5,-2.04727352450404,-2.94843462737571,-3.78909569861349,-9.91422534397784,-19.670833027536,-24.9609530907295,-28.8919456505277,-31.7914497967412
397.666666666667,-2.00210400304122,-2.85619615902577,-3.7050544053464,-9.8610009446607,-19.647671963933,-25.0670765410829,-29.2093763022656,-32.2793913953805
397.833333333333,-1.95290563834338,-2.75988354244209,-3.61743856331605,-9.80104699200053,-19.6169242969856,-25.1648035793649,-29.5153028889694,-32.7564626512394
398,-1.89957563419604,-2.65962104873975,-3.52659324538264,-9.73442104760875,-19.5786673698549,-25.2543626932371,-29.809619099596,-33.2226011301678
398.166666666667,-1.84204821404912,-2.5555223652203,-3.43282649964786,-9.66119776105508,-19.5329640046751,-25.335947060275,-30.0922620115799,-33.6777714929693
398.333333333333,-1.78029357293767,-2.44768965328629,-3.33640813755691,-9.58146734381257,-19.4798615567137,-25.4097135857702,-30.3632090819091,-34.1219602423064
398.5,-1.7143168040469,-2.3362127592676,-3.23756852180106,-9.4953339664596,-19.4193912281106,-25.4757821087954,-30.6224748311191,-34.5551701741609
398.666666666667,-1.64415680692041,-2.22116854684955,-3.13649730873629,-9.40291403035127,-19.3515675591225,-25.5342347198008,-30.8701072957607,-34.9774146881324
398.833333333333,-1.56988518384908,-2.10262031745242,-3.03334210055889,-9.30433426665278,-19.2763880141594,-25.5851151333602,-31.1061843230631,-35.3887121190168
399,-1.49160513042753,-1.98061728273286,-2.92820696469333,-9.19972961855041,-19.1938325790542,-25.6284280599975,-31.3308097757759,-35.7890802536295
399.166666666667,-1.40945032549565,-1.85519405125598,-2.82115078161733,-9.08924086652644,-19.103863284968,-25.6641385211846,-31.5441097063088,-36.1785311909496
399.333333333333,-1.32358382457737,-1.72637008918572,-2.71218538744117,-8.97301196166623,-19.0064235731126,-25.6921710515216,-31.7462285481969,-36.5570666898607
399.5,-1.23419695938443,-1.59414911238906,-2.60127348359781,-8.85118703783933,-18.9014374130913,-25.7124087316996,-31.9373253605384,-36.9246741268509
399.666666666667,-1.1415082438692,-1.45851836443491,-2.48832629244387,-8.72390707992696,-18.7888080861316,-25.7246919949737,-32.1175701482347,-37.2813231563092
399.833333333333,-1.04567433959533,-1.319369868799,-2.3731448963206,-8.59123682376264,-18.668306043706,-25.7287043144321,-32.287062615259,-37.6267663067291
400,-0.946785919815904,-1.17649819429485,-2.25540390514109,-8.45314655098715,-18.5395719604886,-25.7239617106104,-32.4458033063447,-37.9605619488372
400.166666666667,-0.844953039179154,-1.02967621309236,-2.13469775766116,-8.30957050819759,-18.4022272673213,-25.7099192670463,-32.5937554353003,-38.2822797720232
400.333333333333,-0.740303982482707,-0.878653026350511,-2.0105373329705,-8.16040268906895,-18.2558707858482,-25.685968605771,-32.7308418021348,-38.5914963046302
400.5,-0.632983939596951,-0.723151276332308,-1.88234609200055,-8.00549210031572,-18.1000743607063,-25.6514346245598,-32.8569416245388,-38.8877904041646
400.666666666667,-0.523335940220073,-0.563273786631999,-1.74997661895126,-7.84508736680104,-17.934786327757,-25.6059889053821,-32.972255483925,-39.1711901201494
400.833333333333,-0.411875653456177,-0.399517553983982,-1.61376497003006,-7.67983452833444,-17.7603544552189,-25.5497179452049,-33.0773089882466,-39.4421598014544
401,-0.299096496874801,-0.232371188375714,-1.47403796487078,-7.51032731409563,-17.5771288432998,-25.482740086161,-33.1725875856694,-39.7011437632218
401.166666666667,-0.185469285890266,-0.0623142787594821,-1.33111300690135,-7.3371072130783,-17.3854607291689,-25.4052045019468,-33.2585370112026,-39.9485667169333
401.333333333333,-0.0714418418285494,0.110183234147862,-1.18529792266391,-7.16066383419425,-17.1857017037088,-25.3172903145392,-33.3355636677399,-40.1848340924008
401.5,0.0425614334650481,0.284661671202904,-1.0368908208719,-6.98143550638759,-16.9782032835449,-25.2192058297425,-33.4040349504011,-40.4103322723877
401.666666666667,0.15614000906815,0.460672208762137,-0.886179971429937,-6.7998100688626,-16.7633167806625,-25.111187879442,-33.4642795230759,-40.62542875838
401.833333333333,0.268917695628205,0.637777448836613,-0.733443704145672,-6.61612580240163,-16.5413934126833,-24.9935012585999,-33.516587556047,-40.8304722843022
402,0.38054312906708,0.815551962301893,-0.578950326394238,-6.43067245452531,-16.312784599219,-24.8664382458339,-33.5612109335366,-41.0257928935448
402.166666666667,0.490690262041295,0.993582803210648,-0.422958058522757,-6.24369231369889,-16.0778423933125,-24.7303181977372,-33.5983634400076,-41.2117019933734
402.333333333333,0.599058858851706,1.17146999353224,-0.265714985281176,-6.05538129068428,-15.8369200014455,-24.5854872087912,-33.6282209340445,-41.388492399516
402.5,0.705374990640655,1.34882697899545,-0.107459021018923,-5.8658899682552,-15.5903723505963,-24.432317830669,-33.6509215186557,-41.5564383823749
402.666666666667,0.809391528994075,1.52528105814274,0.051582114213947,-5.67532458362115,-15.3385566660333,-24.2712088467919,-33.6665657168662,-41.7157957248027
402.833333333333,0.910888637460532,1.70047378821582,0.211190911181013,-5.48374791085574,-15.0818330286053,-24.1025851000654,-33.6752166614929,-41.8668017996872
403,1.00967426197612,1.87406137306827,0.371160084819067,-5.29118001323285,-14.8205648849566,-23.9268973736535,-33.6769003080125,-42.009675673671
403.166666666667,1.10517317445448,2.04518533114101,0.530845110081083,-5.09807916682505,-14.5553542085374,-23.7449074145429,-33.6721067313546,-42.1449502210203
403.333333333333,1.19652012430287,2.2125902637296,0.689250386306669,-4.90525233318393,-14.2869580752452,-23.5576074733088,-33.6617103828204,-42.273376430817
403.5,1.28301748024818,2.37521161376516,0.845518805162209,-4.71333149896461,-14.0160139181818,-23.3658961518048,-33.6464302829154,-42.3955454300135
403.666666666667,1.36413515119091,2.53217518080667,0.998931030597009,-4.52277496620176,-13.7430410358996,-23.1705792512345,-33.6268308098966,-42.511890128239
403.833333333333,1.4395107983778,2.68279720180197,1.14890545887825,-4.33386772415179,-13.4684410766779,-22.9723698228594,-33.6033216094664,-42.6226858941847
404,1.50865205498508,2.82618125129219,1.29479714311726,-4.14699517855607,-13.1930286173218,-22.7724842102772,-33.5766263396336,-42.7284791767308
404.166666666667,1.5709188227972,2.96122304141785,1.43589200516478,-3.96268177131565,-12.9179923347044,-22.5725495341493,-33.5477749609763,-42.8300951677327
404.333333333333,1.62581294127865,3.08701728143842,1.57160847345954,-3.78133352777665,-12.6443452204054,-22.373962784225,-33.517630730652,-42.9282134307851
404.5,1.67297890259905,3.20285942181509,1.70150152833653,-3.60323459931897,-12.3729242127747,-22.1778916741762,-33.4868894794502,-43.0233678637725
404.666666666667,1.71220469347965,3.30824782209618,1.8252665928047,-3.42854414512119,-12.1043888211841,-21.9852737897307,-33.4560779273614,-43.115946055173
404.833333333333,1.74342270676837,3.40288622915282,1.94274323970639,-3.25729356623167,-11.8392189342729,-21.7968142859394,-33.4255512119072,-43.206188194432
405,1.76671066596224,3.48668644973085,2.05391867169832,-3.08938411779674,-11.5777120115045,-21.6129823986565,-33.3954898049688,-43.2941856906148
405.166666666667,1.78229250626174,3.55977109797387,2.15893091924129,-2.92458493402198,-11.3199798641761,-21.434007045805,-33.3658959974304,-43.3798796485629
405.333333333333,1.79053915589547,3.62247629434531,2.25807169295786,-2.76253150609413,-11.0659452382216,-21.2598718057524,-33.3365901370204,-43.4630593482585
405.5,1.79196916111498,3.67535418703362,2.35178881953693,-2.60272465679579,-10.8153384166681,-21.0903095727682,-33.3072068134832,-43.5433608713754
405.666666666667,1.78724909714149,3.71917516025912,2.4406881840487,-2.44453005786787,-10.5676940644239,-20.9247972025954,-33.2771911965901,-43.6202660194199
405.833333333333,1.7771937051761,3.75492958574639,2.52553509530501,-2.28717833830756,-10.3223485422263,-20.7625504740494,-33.2457957462706,-43.6931016707472
406,1.76276569213834,3.78382896389901,2.60725498401182,-2.12976583472385,-10.0784379202322,-20.6025197047147,-33.2120775298391,-43.7610397293593
406.166666666667,1.74507512494894,3.80730628999531,2.68693333527097,-1.97125603952171,-9.83489692512056,-20.4433863697453,-33.174896398239,-43.8230978268528
406.333333333333,1.7253783449599,3.8270154683464,2.76581474705558,-1.8104818097745,-9.59045905800254,-20.2835610820623,-33.1329142904815,-43.8781409501037
406.5,1.70484470348321,3.8446240094987,2.84517407311473,-1.64631177041172,-9.34377394673374,-20.1213233077858,-33.0847783889047,-43.9251125045516
406.666666666667,1.68441911402965,3.8616243218866,2.92615841693789,-1.47780527959595,-9.09354233668526,-19.9549685189683,-33.0292823537355,-43.9631701012829
406.833333333333,1.66498457991871,3.87944429974417,3.00983516326279,-1.30412621960269,-8.8384682919713,-19.782742818357,-32.9652651631689,-43.9915253254807
407,1.64736103210426,3.89944541145342,3.09719145468002,-1.12454332784615,-8.57726089845709,-19.6028453985866,-32.8916130084516,-44.0094452208551
407.166666666667,1.63230416846061,3.92292046908788,3.18913393364596,-0.938429943557499,-8.30863621267188,-19.4134320656271,-32.8072618318876,-44.0162538595964
407.333333333333,1.62047021539488,3.95095830928906,3.28654925345624,-0.745064819234147,-8.0315939736471,-19.2131947893523,-32.7112007336544,-44.0111968666566
407.5,1.61239094325608,3.98438525187685,3.39025459020522,-0.543664457678236,-7.74550060812297,-19.0014787806415,-32.6025401410104,-43.9934936835827
407.666666666667,1.60849559557965,4.02386889589692,3.50091189424735,-0.33359792396533,-7.44985584977508,-18.7777650788684,-32.4805448938007,-43.9625003931707
407.833333333333,1.6091112064516,4.06991803434222,3.61902766833869,-0.114386529462948,-7.144292639674,-18.5416704965832,-32.3446339682999,-43.9177093307159
408,1.61446322759562,4.12288308656179,3.74495325739925,0.114296924410089,-6.82857657176455,-18.2929470886302,-32.1943797262397,-43.8587482363232
408.166666666667,1.62467645207439,4.18295702645655,3.87888563130366,0.352629331100593,-6.5026049022267,-18.0314811677222,-32.0295067045529,-43.7853789588279
408.333333333333,1.63977621246541,4.25017677005504,4.0208686278866,0.600638867817068,-6.16640515465276,-17.7572919017044,-31.8498899746017,-43.6974957347907
408.5,1.65968982208569,4.32442497152074,4.1707946091128,0.85820695027479,-5.82013336635514,-17.470529541327,-31.6555531133248,-43.5951230793469
408.666666666667,1.68424821886264,4.40543216285647,4.32840646988778,1.12507050222125,-5.46407203398858,-17.1714733404703,-31.4466658420237,-43.478413338622
408.833333333333,1.71318776330045,4.49277916025999,4.49329992698067,1.40082447697759,-5.09862782827309,-16.8605292426569,-31.2235414006285,-43.3476439652133
409,1.74615213512442,4.58589964985355,4.66492600558569,1.68492455841747,-4.72432915729144,-16.5382274176805,-30.9866337356035,-43.2032145882739
409.166666666667,1.78269426796226,4.68408285783244,4.84259363362039,1.97668996137798,-4.34182366509297,-16.2052197397542,-30.7365345876397,-43.0456439575108
409.333333333333,1.82227825811264,4.78647620528456,5.02547224926054,2.27530624681811,-3.95187575679239,-15.8622773033542,-30.4739705705812,-42.8755668455974
409.5,1.86428118223229,4.89208784621624,5.21259432561488,2.57982806532721,-3.55536424277922,-15.5102880746657,-30.1998003354119,-42.6937309958943
409.666666666667,1.90799475973792,4.99978898874952,5.40285771789899,2.8891817439322,-3.15328019294776,-15.1502547751285,-29.9150119125109,-42.500994201925
409.833333333333,1.95256618152407,5.10830018455559,5.59493959721263,3.20196984275833,-2.7469151620357,-14.7833812620907,-29.6206876309009,-42.2984040044536
410,1.99710469949497,5.21633854622077,5.78743320054565,3.51661795045243,-2.33771721863434,-14.4109301632535,-29.317884806978,-42.0870921458399
410.166666666667,2.04079689543335,5.32270919748177,5.97900655856341,3.83164791812531,-1.92702667506981,-14.0340613776675,-29.0076062887195,-41.8681369527494
410.333333333333,2.08290794444324,5.42630723484679,6.16840464067099,4.14567999676457,-1.51607390004925,-13.653830064866,-28.6907978759872,-41.6425606888495
410.5,2.12278179315313,5.52611805910059,6.3544499191946,4.45743353854257,-1.10597855691741,-13.2711861338941,-28.3683473668301,-41.4113285114773
410.666666666667,2.1597103891285,5.62114772366606,6.53605144807974,4.76568993144758,-0.697853068131421,-12.8871034554552,-28.0411908912054,-41.1752602701674
410.833333333333,2.19295728515829,5.71045941808418,6.71225135898428,5.06933865958851,-0.292767037492942,-12.5025416515995,-27.7102612446429,-40.9349830579553
411,2.22189879582597,5.79325968261315,6.88223760738494,5.36743573608715,0.108372475440089,-12.1182995845334,-27.3763573500906,-40.6909967539716
411.166666666667,2.24602230697897,5.86889638085065,7.04534204328426,5.659201276037,0.50481860452401,-11.7350177959836,-27.0401468214122,-40.4436761929043
411.333333333333,2.26492422917102,5.93685610701006,7.20103795064702,5.9440166247092,0.895981844210196,-11.3531814566604,-26.7021690594747,-40.1932741570525
411.5,2.27830774036475,5.99676124982753,7.34893727142673,6.2214212445168,1.28142694402287,-10.973123613013,-26.3628386750314,-39.9399249635961
411.666666666667,2.28598045449114,6.04836692179842,7.48878771696665,6.49110955151001,1.66086972675857,-10.5950285310849,-26.0224490483247,-39.683648437316
411.833333333333,2.28785214471073,6.09155795070736,7.62046995802054,6.75292788083876,2.03417401536279,-10.2189349484978,-25.6811758497946,-39.4243540724406
412,2.28393264366754,6.12634612059052,7.74399507500428,7.00687175107224,2.40134884374987,-9.8447390550352,-25.3390803591077,-39.1618451963802
412.166666666667,2.27433003792491,6.15286784171415,7.8595024427227,7.25308358988827,2.76254611930263,-9.47219702959492,-24.9961124305449,-38.8958229526903
412.333333333333,2.25924927038732,6.17138242424378,7.96725821909322,7.49185107883239,3.11805889981098,-9.10092696603517,-24.652112961223,-38.6258899206614
412.5,2.23899126311591,6.1822711284042,8.06765460569754,7.72360627300505,3.46832044559385,-8.73041002226392,-24.3068157242956,-38.3515531846085
412.666666666667,2.21395267382227,6.18603716549586,8.16121004974092,7.94892565308924,3.81390420891686,-8.35999062538722,-23.9598484317679,-38.07222665759
412.833333333333,2.18462640275963,6.18330682954546,8.24857056259018,8.16853127250591,4.15552492799886,-7.98887556042745,-23.6107328904595,-37.787232452559
413,2.15160297299733,6.17483194901655,8.3305123398871,8.38329317209269,4.49404100230094,-7.61613176063786,-23.2588841095466,-37.49580107969
413.166666666667,2.11520142850745,6.16094335747246,8.40740450521584,8.59357138246928,4.82978181337778,-7.24126594276362,-22.9035176557257,-37.1967922169335
413.333333333333,2.07542164515432,6.14149345103231,8.47914929462915,8.79915159972796,5.16248079936642,-6.86430143926346,-22.5437302442737,-36.8888368106452
413.5,2.03229107426737,6.11637625996103,8.54569166498656,8.99987297511884,5.49191628888034,-6.48523460179601,-22.1786308167065,-36.5706869348604
413.666666666667,1.98586466774123,6.08552692542391,8.60701855134874,9.19562734266936,5.81791029726543,-6.10403493556084,-21.8073410046164,-36.241215980153
413.833333333333,1.93622494941076,6.04892132305654,8.66315819495069,9.38635866756973,6.14032753170378,-5.72064514484807,-21.4289970030981,-35.8994186230425
414,1.88339429803304,6.00649799502535,8.71412352230082,9.57199331092909,6.45896410703898,-5.33509392655304,-21.0428304631502,-35.5446073549762
414.166666666667,1.8273322965602,5.95815700627031,8.75989825746296,9.75242578733054,6.7735521830443,-4.94750451266666,-20.6481983254659,-35.1763871019946
414.333333333333,1.76802277370313,5.90383728563505,8.80048610639506,9.92758175311112,7.08387290164558,-4.55798570970712,-20.2445230799968,-34.7944477114479
414.5,1.70547453528672,5.84351671468677,8.83591072425122,10.0974189708088,7.38975634034125,-4.16663141209502,-19.8312987344956,-34.3985666187153
414.666666666667,1.6397221630101,5.77721227949298,8.86621572564087,10.2619283794484,7.69108147474618,-3.77352020846463,-19.408097260844,-33.9886115471452
414.833333333333,1.5708268700594,5.70498027967737,8.89146474698429,10.4211352576326,7.98777613948411,-3.37871507981102,-18.9745750860425,-33.5645430026963
415,1.49887740144737,5.62691658628369,8.91174156833106,10.5751004653037,8.27981697553059,-2.98226318714822,-18.5304791566941,-33.1264162892549
415.166666666667,1.42399096519854,5.54315693696724,8.92715029990198,10.7239217487023,8.56722935103554,-2.58419574539771,-18.0756521077363,-32.6743827637454
415.333333333333,1.34631417859515,5.45387725386644,8.93781563609842,10.8677350913943,8.85008724171886,-2.18452797948189,-17.6100361154012,-32.208690082776
415.5,1.26602401169776,5.3592939662514,8.94388317670818,11.0067160921882,9.12851305622402,-1.78325915798512,-17.1336751115052,-31.7296812691379
415.666666666667,1.18332870831657,5.2596643167764,8.94551981142459,11.14108134822,9.40267739142362,-1.38037269916996,-16.6467151736591,-31.2377925432972
415.833333333333,1.09846866261661,5.15528662696207,8.94291415949288,11.2710898183583,9.67279870268444,-0.975836343492072,-16.149403068659,-30.7335500103435
416,1.01171722768097,5.04650049449132,8.93627705123117,11.3970441382986,9.93914287459704,-0.569602385929295,-15.6420830938257,-30.2175654494323
416.166666666667,0.923381430740392,4.93368689211783,8.92584203230929,11.5192918542391,10.2020226787309,-0.1616079603095,-15.1251925118736,-29.6905316017841
416.333333333333,0.833802568517186,4.81726813555659,8.91186586504387,11.6382265368987,10.4617971066514,0.248224633724736,-14.599255990554,-29.1532174791022
416.5,0.74329765458277,4.69764317759604,8.89452506804345,11.754184177523,10.7188633600536,0.659905172158729,-14.0648968958031,-28.6057092050477
416.666666666667,0.652149236994282,4.57517137507608,8.87390916563139,11.8674097582743,10.9736283541685,1.07339035483529,-13.5227246976419,-28.0473502401419
416.833333333333,0.560658588910339,4.4502289969064,8.85012192641492,11.978144571051,11.2265001966201,1.4886725997875,-12.9732697307709,-27.4774780910285
417,0.469144818087738,4.32320922886045,8.82328224315638,12.0866257302111,11.4778861637448,1.90577856731119,-12.4169913570754,-26.8954376877561
417.166666666667,0.377943919836768,4.19452214078093,8.79352481397198,12.1930855890822,11.7281909648932,2.32476773927397,-11.8542850334572,-26.300593671791
417.333333333333,0.287819224438031,4.06512434625656,8.76144813702007,12.2982313818602,11.9780499980219,2.74601618056094,-11.2849874075504,-25.6920094454175
417.5,0.199867689130774,3.9364015603197,8.72802875127658,12.4031544891997,12.2282443709162,3.17013489716505,-10.7084617185023,-25.0685525771614
417.666666666667,0.115061656720134,3.80958118836887,8.69413198710675,12.5088056661804,12.4794249691543,3.59764462832732,-10.1241426548605,-24.4292808099345
417.833333333333,0.0342482960273427,3.68573320146968,8.66051295613442,12.615995337735,12.7321131692697,4.02897581634369,-9.5315401159877,-23.7734465749367
418,-0.0418512847204671,3.56577050634821,8.6278168484338,12.7253931147301,12.9867009525689,4.46446801384882,-8.93024343934627,-23.1005004923243
418.166666666667,-0.11264319826962,3.45044890098913,8.59657865324978,12.8375266265587,13.2434505372209,4.90436887851624,-8.31992603051106,-22.4100937145679
418.333333333333,-0.177662159171917,3.34036670293481,8.56722241614478,12.9527797668475,13.5024936505285,5.34883290885741,-7.70035031384251,-21.7020790938285
418.5,-0.236573032745021,3.23596413172103,8.54006014039455,13.0713904488949,13.7638305657774,5.79792007698419,-7.07137290615877,-20.9765112770697
418.666666666667,-0.289172501602795,3.13752251959297,8.51529043381816,13.193447966957,14.0273290274884,6.25159451358534,-6.43294990262444,-20.2336459358538
418.833333333333,-0.335390801535713,3.04516341595866,8.49299699426181,13.3188900586387,14.2927231837526,6.70972339548994,-5.78514215274115,-19.4739384103218
419,-0.375293481256486,2.95884764126389,8.47314701797149,13.4474997625759,14.5596126331108,7.17207617556421,-5.12812039429784,-18.6980420835676
419.166666666667,-0.409083143484395,2.87837433555566,8.45558960553414,13.578902164481,14.8274616749498,7.63832427714724,-4.46217010413145,-17.9068068049037
419.333333333333,-0.437101127853091,2.80338003653423,8.44005423055244,13.7125611236759,15.0955988261734,8.10804135032814,-3.78769591648992,-17.1012776553077
419.5,-0.459829099003272,2.73333781215526,8.42614932755036,13.8477760717443,15.3632166337259,8.58070415585109,-3.10522545279143,-16.2826943059653
419.666666666667,-0.477890505779146,2.66755646475726,8.41336104875743,13.9836789752693,15.6293717747877,9.05569410666704,-2.41541240089435,-15.4524911728943
419.833333333333,-0.491691726542945,2.60554803094426,8.4012969403341,14.1196348879826,15.8935682295973,9.53270225493976,-1.71878722585574,-14.6118101052696
420,-0.501462087772195,2.54697686223536,8.3896427852853,14.2552249965514,16.1557227147812,10.0116469482829,-1.01581529803416,-13.7614600016771
420.166666666667,-0.507633388520274,2.49126616280048,8.3778964921635,14.3898357828306,16.4155633605902,10.4922273080843,-0.307176854828832,-12.9023872719234
420.333333333333,-0.510839266311288,2.43759832006007,8.36536843823606,14.5226600460333,16.6726289979149,10.9739213052631,0.406233533381426,-12.0356784028607
420.5,-0.511914271514988,2.38491569992176,8.35118246164238,14.6526987816796,16.9262695200572,11.4559847683535,1.12330803708479,-11.1625612064418
420.666666666667,-0.51166094603257,2.33212764695046,8.33440460378767,14.7789274319407,17.1757633223389,11.9375915210637,1.84290981900742,-10.2841763143432
420.833333333333,-0.510712896120998,2.27829835599225,8.31420089580839,14.9004509550256,17.4204521690446,12.4179801810158,2.56403461175113,-9.40144370285753
421,-0.509698011859568,2.22253489447735,8.28978906124623,15.0164180518863,17.6596930096133,12.8963874921167,3.285709074415,-8.51522506060069
421.166666666667,-0.509238161740797,2.16398715622327,8.26043878110613,15.1260223308621,17.8928589872154,13.3720483995112,4.00699131245372,-7.62632433349324
421.333333333333,-0.509949047102936,2.10184755605819,8.22547174644059,15.2285033381782,18.1193403337915,13.8441959519272,4.7269710945251,-6.73548814596994
421.5,-0.512440217195569,2.03535047736261,8.18426149832887,15.3231474263551,18.3385451289241,14.3120610296216,5.44476980008333,-5.8434061590069
421.666666666667,-0.517315247209271,1.96377148114477,8.13623305099703,15.409288429213,18.5498998957074,14.7748718939613,6.15954012908709,-4.95071143314865
421.833333333333,-0.525172080308875,1.8864262856147,8.08086229339786,15.4863081127691,18.7528500066902,15.2318535567155,6.87046560665581,-4.05798086994388
422,-0.536603530797752,1.80266952915534,8.01767516756149,15.5536363755747,18.9468598766218,15.682226972975,7.57675992077291,-3.16573580784606
422.166666666667,-0.552197939291594,1.71189333675317,7.9462466280596,15.6107511794417,19.1314129256937,16.1252080707328,8.27766613997416,-2.27444284846461
422.333333333333,-0.572539962549336,1.61352571988969,7.86619939551598,15.6571782014985,19.3060113066545,16.5600066418925,8.97245586998202,-1.38451498576077
422.5,-0.598211470799917,1.50702885207766,7.77720252769809,15.6924902104383,19.4701754009504,16.9858251330843,9.66042842295513,-0.496313103930674
422.666666666667,-0.629792514457156,1.39189727607649,7.67896984374998,15.7163061830068,19.6234431022146,17.4018573893568,10.3409100898492,0.389852101337855
422.833333333333,-0.667862310482671,1.26765611374993,7.57125824999488,15.7282901905242,19.7653689193208,17.8072874187479,11.0132536247631,1.27371773972713
423,-0.713000186786513,1.13385936497457,7.45386602890853,15.7281500989305,19.8955229451646,18.2012882601141,11.676838069558,2.15506586528744
423.166666666667,-0.765251656674448,0.990751632696694,7.32722755777031,15.7162306495206,20.0140602047627,18.5837783030272,12.331748857551,3.03424361912865
423.333333333333,-0.82407682623992,0.839315327508203,7.19242692248663,15.6935262831445,20.1217666575156,18.9554915701656,12.9788059651747,3.91213588751422
423.5,-0.888859727589532,0.680630487526764,7.05060772967437,15.6610927565662,20.2195114675353,19.3172546717117,13.6188965470205,4.78962696327071
423.666666666667,-0.958909281715117,0.515873246750201,6.902971369045,15.6200459065537,20.3082456951677,19.6699847459679,14.2529726071402,5.66759741024952
423.833333333333,-1.03346048240894,0.346313952020949,6.75077487910826,15.5715600578359,20.38900043482,20.0146868563719,14.8820483273249,6.54692061636545
424,-1.11161512111262,0.173330749635815,6.59541667380775,15.5170639779053,20.4630746511238,20.3525391969935,15.5071644738886,7.4285415656006
424.166666666667,-1.19244864392322,-0.00173831037020689,6.43829892414881,15.458094139839,20.5318902333825,20.6847489482494,16.1292680993247,8.31337000849578
424.333333333333,-1.27512605279919,-0.177687945739566,6.28066746083904,15.3960211259238,20.5967262482532,21.012388477665,16.7491816518146,9.20214123841393
424.5,-1.35890415502192,-0.353449350795692,6.12360779150984,15.3320467437842,20.6587148505721,21.3363905863499,17.3675985450665,10.0954115489574
424.666666666667,-1.44313306388966,-0.528092776935897,5.96804227051681,15.2672022367303,20.7188382690782,21.6575448898105,17.9850799766408,10.9935550391678
424.833333333333,-1.52725708314875,-0.70082918022135,5.81472823818665,15.2023474011736,20.7779267005145,21.9764951671499,18.6020527934573,11.8967615513774
425,-1.61081509176676,-0.87101110806475,5.66425696989278,15.1381704449075,20.836656957491,22.2937375266804,19.2188082275531,12.8050355450048
425.166666666667,-1.69344052885508,-1.03813297231408,5.51705330004506,15.0751884422469,20.8955517296337,22.6096192521077,19.8355013511412,13.7181957305964
425.333333333333,-1.77486106196034,-1.20183083167962,5.37337581030855,15.0137482639016,20.9549793324932,22.924338210252,20.4521511259635,14.6358753106118
425.5,-1.85489800642586,-1.36188178373175,5.23331749382023,14.9540278798313,21.0151538332902,23.2379427175122,21.0686409465721,15.5575226957422
425.666666666667,-1.93346554978569,-1.51820304665694,5.09680682678069,14.896037951238,21.0761354558204,23.5503317768528,21.684719599494,16.4824025870031
425.833333333333,-2.01056982380924,-1.67085079450479,4.96360919462935,14.8396236425272,21.1378311778162,23.8612556089739,22.3000025793849,17.4095973336031
426,-2.08630785841756,-1.82001879760594,4.83332863121956,14.7844665948013,21.1999954419089,24.1703164095265,22.9139737184815,18.3380084938533
426.166666666667,-2.16086644675933,-1.96603691294668,4.70540983521052,14.7300870086131,21.2622309052057,24.4769692678131,23.5259870962254,19.2663585403908
426.333333333333,-2.23452094973593,-2.10936946824259,4.57914042755808,14.6758457847164,21.3239891515856,24.7805231804259,24.1352692012203,20.1931926610671
426.5,-2.307423975719,-2.25022379243661,4.45413901004636,14.6211379544356,21.3847372423041,25.0805635828335,24.7414879516192,21.1177165225939
426.666666666667,-2.37961025791913,-2.38855678705967,4.33036950853198,14.565430813575,21.443978323391,25.3769479995023,25.3447595006419,22.0398294753994
426.833333333333,-2.45121025172331,-2.52446963285971,4.20766094153774,14.5080913325203,21.5010965151062,25.6693815776639,25.9450841011133,22.9593041193659
427,-2.5224516486644,-2.65821018588604,4.085705065624,14.4483849514687,21.5553562726273,25.9574155174315,26.5423451456951,23.8757847666292
427.166666666667,-2.59366162137046,-2.79017650918601,3.96405286717535,14.3854725186003,21.6058997754136,26.2404443064715,27.136307349083,24.788784980699
427.333333333333,-2.66489843981214,-2.92037122566146,3.84265108773203,14.3190671367733,21.6524187910618,26.5182849196152,27.7265233640597,25.697406044504
427.5,-2.73590435155408,-3.0483447489746,3.72190147264874,14.2494969285282,21.6952203221096,26.7912533468559,28.3124138127082,26.6004772205991
427.666666666667,-2.80645274469935,-3.17371581089409,3.60215076555813,14.1770753789025,21.7345841488914,27.0596208312558,28.8933979743353,27.4969043341584
427.833333333333,-2.87634834251096,-3.29617116873781,3.48369122756226,14.1021000326456,21.7707621829622,27.3236139806163,29.4688940190011,28.3856693411559
428,-2.94542739514959,-3.41546522831583,3.36676126294561,14.0248508602245,21.8039774975417,27.5834149356947,30.038320798512,29.2658304067673
428.166666666667,-3.01355787979423,-3.53141960100296,3.25154612639594,13.9455883803177,21.8344231399956,27.8391615993321,30.6011011394427,30.1365225004052
428.333333333333,-3.08063971951102,-3.64392261242836,3.13817868789739,13.8645516195862,21.8622608242626,28.0909479296013,31.1566665060646,30.9969584809701
428.5,-3.14660503008919,-3.75292877867487,3.02674023272537,13.7819559820872,21.8876195927247,28.3388242989331,31.7044628173729,31.8464306032348
428.666666666667,-3.21141840267301,-3.8584582638658,2.91726127536514,13.6979910916678,21.9105945280368,28.5827979200993,32.243957115799,32.6843123228014
428.833333333333,-3.27507722839478,-3.96059633062291,2.80972236772789,13.6128186618402,21.931245586488,28.8228333388238,32.7746447036213,33.5100602174229
429,-3.33761206937087,-4.05949279215014,2.7040548837884,13.5265704396739,21.9495966160069,29.0588529915597,33.2960562975878,34.3232157864298
429.166666666667,-3.3990870783906,-4.15536147169227,2.60014176475672,13.439346263671,21.9656346142482,29.2907378254369,33.8077647152684,35.1234068506322
429.333333333333,-3.45960046744167,-4.24847967189564,2.49781821117906,13.3512122708678,21.979309275481,29.5183279753772,34.3093906095277,35.9103482658839
429.5,-3.51928502292708,-4.33918765323649,2.3968723110024,13.2621992858563,21.9905328693211,29.7414234907017,34.8006068175079,36.6838416949011
429.666666666667,-3.57830866309875,-4.42788811726334,2.29704559570927,13.1723014243467,21.999180489765,29.9597851000535,35.2811409882082,37.4437742580669
429.833333333333,-3.63670012631615,-4.51475078990893,2.19824149179785,13.0816161915552,22.0053066533133,30.1734126135997,35.7510904071014,38.1904344273891
430,-3.69434654291936,-4.59969329402076,2.10054236323228,12.9903258868371,22.0091339379728,30.3825570717763,36.2109338946426,38.9245282266942
430.166666666667,-3.75116732097543,-4.68266648653484,2.00400957398105,12.8985469367737,22.0108320591332,30.5874492703364,36.661221484172,39.6468662591165
430.333333333333,-3.80711454778923,-4.76365421661429,1.90868295195962,12.8063293553693,22.0105191084234,30.7883001578183,37.1025703190568,40.358358782944
430.5,-3.86217329460196,-4.84267297064222,1.81458024046298,12.7136561930927,22.0082628181613,30.9853012867879,37.5356595680441,41.0600108341102
430.666666666667,-3.91630280056011,-4.91970686643954,1.72180049972628,12.6205475896513,22.0040890850352,31.1787077126309,37.9612422089093,41.7521629062116
430.833333333333,-3.96942605857486,-4.99469114868313,1.63053078999384,12.527094552669,21.9980109112075,31.3688233059405,38.3800329406933,42.4344310372109
431,-4.02148281031356,-5.06756845920316,1.54094485838595,12.4333719009054,21.9900373140928,31.5559121433656,38.7926434671995,43.1064434028585
431.166666666667,-4.07242850096617,-5.13828864354204,1.45320217797383,12.3394389374655,21.9801756955551,31.7402001973901,39.1995911993458,43.7678535996286
431.333333333333,-4.12223322331057,-5.2068085651674,1.36744717860562,12.2453401524564,21.9684338923779,31.9218770037819,39.6013068797968,44.41835285872
431.5,-4.17088065897872,-5.27309195444218,1.28380863535987,12.1511059707312,21.9548219374267,32.101097272628,39.9981413039881,45.0576810197885
431.666666666667,-4.21836702311429,-5.33710931552569,1.20239917970923,12.0567535573811,21.9393535530203,32.2779824042431,40.3903712812896,45.6856360375155
431.833333333333,-4.26470001689506,-5.39883791037875,1.12331489858185,11.9622876914201,21.9220473905255,32.4526218667616,40.7782049541953,46.3020817866194
432,-4.30989779072363,-5.45826183482386,1.04663498768011,11.8677017166337,21.9029280230629,32.6250743877872,41.1617865715793,46.9069539713942
432.166666666667,-4.35398791930313,-5.51537219701398,0.97242142777886,11.7729785777521,21.8820266916085,32.7953689081868,41.5412007934827,47.5002640282554
432.333333333333,-4.3970063883318,-5.57016740353977,0.900718656362442,11.6780919498773,21.85938179912,32.9635052423975,41.9164765888292,48.0821010221499
432.5,-4.43899659117584,-5.62265355261781,0.831553211911982,11.5830074693211,21.8350391432628,33.1294543871098,42.2875907731907,48.6526316637489
432.666666666667,-4.48000833260496,-5.67284492723795,0.764933334414751,11.4876840745914,21.8090518768155,33.2931584198631,42.6544712206098,49.212098696257
432.833333333333,-4.52009683547684,-5.72076457374132,0.700848513169362,11.3920754670775,21.7814801870748,33.4545299321272,43.0169997710588,49.7608180023273
433,-4.55932174510182,-5.76644494305186,0.639268981561681,11.2961317019098,21.7523906929087,33.6134509492028,43.3750148430473,50.2991748515612
433.166666666667,-4.59776817057829,-5.80999729031511,0.57998985570781,11.1997454436804,21.7219114696497,33.7697736581412,43.728231840165,50.8274994046643
433.333333333333,-4.63552762213786,-5.85158972185231,0.522665624825032,11.1027952039877,21.6902527169699,33.9233392644076,44.0762831482853,51.3460925893707
433.5,-4.67266608188364,-5.89136792677953,0.466982473019674,11.0052230949967,21.6576599547167,34.0739832916565,44.4188204366023,51.8553573239369
433.666666666667,-4.70922315663717,-5.92945586386595,0.412657836755403,10.9070364242253,21.6244119430414,34.2215321835269,44.7555156229599,52.3557951307368
433.833333333333,-4.74521117205108,-5.96595624460244,0.359440076876823,10.8083094288595,21.5908186084551,34.3657995096064,45.0860614600209,52.8480039549672
434,-4.78097434858086,-6.00131895321581,0.306863611857679,10.7087818211753,21.5566363151743,34.506179110202,45.4099202364265,53.3321890399635
434.166666666667,-4.8171488264455,-6.03629060163824,0.254291367229518,10.6078753419435,21.5211014236017,34.6417260841633,45.7263804914512,53.8081213661345
434.333333333333,-4.85428285854991,-6.07152100323352,0.201180771222641,10.5051048061879,21.4835312889261,34.7716026017046,46.0348362747997,54.2756076850558
434.5,-4.89283678305097,-6.10756280081917,0.147084006119545,10.4000780131845,21.4433254784625,34.8950799099003,46.3347867426773,54.73449352489
434.666666666667,-4.93318284994115,-6.1448708106364,0.091648450040424,10.2924956492996,21.3999668968374,35.0115403486629,46.6258361744564,55.184665869774
434.833333333333,-4.97560492279039,-6.18380112579424,0.0346172711793558,10.1821511669905,21.3530228034086,35.1204793519037,46.907694347507,55.626055535267
435,-5.02029807746912,-6.22461002493012,-0.0241698642886663,10.0689306240638,21.3021457075553,35.2215074087042,47.1801771999491,56.0586392566871
435.166666666667,-5.06736811987752,-6.26745273284941,-0.0847760091019065,9.95281246867362,21.2470741292715,35.3143519598216,47.44320770645,56.4824415038053
435.333333333333,-5.11683104454303,-6.31238207987296,-0.147166113820993,9.83386725736794,21.1876332147358,35.3988592056308,47.6968168901319,56.8975360345836
435.5,-5.16861245554626,-6.35934710571373,-0.21120620294886,9.71225729558038,21.1237351990784,35.4749958025671,47.9411448935241,57.3040472025466
435.666666666667,-5.22254697071779,-6.40819165213355,-0.276662580900894,9.58823619212079,21.055379711275,35.5428504261542,48.1764420326506,57.7021510367192
435.833333333333,-5.27837762954989,-6.4586529866366,-0.343201097612832,9.46214832125977,20.9826539188164,35.6026351796798,48.4030697601818,58.0920761193836
436,-5.33575532492666,-6.5103604973037,-0.410386500691842,9.33442818772637,20.9057325123446,35.6546868283735,48.6215014655537,58.4741042945914
436.166666666667,-5.39423827873586,-6.56283449683759,-0.477681898376232,9.20559969115856,20.8248775326548,35.6994678394423,48.8323230415887,58.8485712486627
436.333333333333,-5.45329158183078,-6.61548517226082,-0.544448355449779,9.0762752870689,20.7404380441343,35.7375672083962,49.0362331480201,59.2158670119512
436.5,-5.51236502018178,-6.66773706311114,-0.610230475602535,8.94701183994446,20.6529455102039,35.7696239858157,49.233873342482,59.5762543501784
436.666666666667,-5.57089552477365,-6.71903764614629,-0.674772747527769,8.81829002849746,20.5630961293279,35.7963262876471,49.4258134175859,59.9298625160223
436.833333333333,-5.6282301190514,-6.76873599771583,-0.737741445794937,8.6906479566066,20.4716466575253,35.8184879448928,49.6127135396087,60.2768665933718
437,-5.68362583765212,-6.81608238510388,-0.79872421934481,8.56468150767324,20.3794146918353,35.8370485172768,49.7953233592699,60.6174883163413
437.166666666667,-5.73624982953473,-6.86022816278616,-0.857229963260609,8.44104441201885,20.2872787224906,35.8530729846331,49.9744805708623,60.9519971183882
437.333333333333,-5.78571443704533,-6.9008892547042,-0.913285371485409,8.31985354640554,20.1956075219875,35.8669938322344,50.1504290327177,61.280187978574
437.5,-5.83213000681289,-6.93839521280976,-0.967450559609474,8.20067419639201,20.1042126849131,35.8785390924811,50.3227887398516,61.6014066088593
437.666666666667,-5.87559679535331,-6.97305092000663,-1.02023097997016,8.08310633092312,20.0128947980306,35.8874537114909,50.4912212785642,61.9150855549134
437.833333333333,-5.91620522018347,-7.00513690126321,-1.07207779895406,7.966783633525,19.9214431831197,35.8935000068051,50.6554302780667,62.220745073491
438,-5.95403582045448,-7.03490917479611,-1.12338780922435,7.85137289297932,19.8296362827243,35.8964588258972,50.8151623063126,62.5179943635177
438.166666666667,-5.98915894797997,-7.06259868073321,-1.17450291338879,7.73657373865968,19.7372426040465,35.8961313028295,50.9702081627141,62.8065330832189
438.333333333333,-6.02163421036134,-7.08841032560463,-1.22570921805928,7.62211870629082,19.6440221420753,35.8923411136766,51.1204045203357,63.0861530912535
438.5,-6.05150969006155,-7.11252168389928,-1.27723578159249,7.50777361893683,19.5497282103346,35.8849371357729,51.2656358682473,63.3567403546427
438.666666666667,-6.07882096658559,-7.13508140251208,-1.32925306472415,7.39333826577939,19.4541096153547,35.8737964204604,51.4058367012152,63.6182769701651
438.833333333333,-6.10358997320733,-7.15620735991936,-1.38187114048749,7.27864735792368,19.3569131182433,35.8588273930487,51.5409938990658,63.8708432486221
439,-6.12582372472432,-7.17598463904141,-1.43513772787476,7.16357173628105,19.2578861329492,35.8399731966616,51.671149232139,64.1146198128174
439.166666666667,-6.14551295827684,-7.19446338061448,-1.48903612224958,7.04801980173272,19.1567796156055,35.8172150983338,51.7964019225945,64.349889660159
439.333333333333,-6.16263073504594,-7.21165659207743,-1.54348310408685,6.93193913249717,19.0533511025573,35.7905758762096,51.9169111842971,64.5770401395046
439.5,-6.1771310563223,-7.2275379950026,-1.59832691568895,6.81531824812921,18.9473678563726,35.7601231062712,52.0328986570276,64.7965647893815
439.666666666667,-6.18894755265434,-7.24204000144071,-1.65334540253681,6.69818847410758,18.8386100794629,35.7259722661714,52.1446506442772,65.0090649813203
439.833333333333,-6.19794735318662,-7.25504700118225,-1.70851410611623,6.58057315717326,18.7269351691429,35.688271546906,52.2526820368326,65.2152740814141
440,-6.20394375352715,-7.26639835627852,-1.76397999401242,6.46250264282412,18.6123079060119,35.6471936056547,52.3576891810859,65.4160319350887
440.166666666667,-6.20674688153397,-7.27589418928178,-1.81978049933332,6.34406963209884,18.4947520762634,35.6029502282267,52.4603651045852,65.6122501308488
440.333333333333,-6.20616304725099,-7.28329472038511,-1.87584545107572,6.22542429930022,18.3743480098065,35.5557931044535,52.5614004298482,65.804912864134
440.5,-6.20199479532019,-7.28832054604486,-1.93199908373462,6.10677035569151,18.2512297920917,35.5060132336372,52.6614833648896,65.9950770132054
440.666666666667,-6.19425178943311,-7.29104371573546,-1.98844792589625,5.9881705141453,18.1254161672331,35.4535175139364,52.7607320736045,66.1830354702454
440.833333333333,-6.18314627319302,-7.29188182358309,-2.04579527802653,5.86950760666155,17.9967867721299,35.3978308960754,52.8586884163188,66.3682841628902
441,-6.16888065472674,-7.291205135933,-2.10456164325312,5.75065643100901,17.8652333086782,35.3385173143916,52.9548817062122,66.5503417609289
441.166666666667,-6.1516480925143,-7.28933732332047,-2.16518379138646,5.63148385238419,17.7306552783842,35.2751763510089,53.0488282820961,66.7287494440936
441.333333333333,-6.13163334867592,-7.28655648389919,-2.22801366859321,5.51185002397407,17.5929565206698,35.2074396772932,53.1400308410487,66.9030704581182
441.5,-6.10901387084287,-7.28309641555615,-2.29331722675709,5.39161043460367,17.4520424205757,35.1349673817035,53.2279775837329,67.0728894874941
441.666666666667,-6.0839610607493,-7.2791480909343,-2.36127325363649,5.27061848345936,17.3078176488232,35.0574442899336,53.3121412254769,67.2378118749851
441.833333333333,-6.05664168447421,-7.27486128638218,-2.43197229322938,5.14872827892862,17.1601842998373,34.9745763789382,53.3919779264515,67.397462719531
442,-6.02721937601997,-7.2703463126433,-2.50541575419351,5.02579735948406,17.0090402994529,34.8860873821703,53.4669261949964,67.5514858855939
442.166666666667,-5.99585618284932,-7.26567579210614,-2.58151531165706,4.90168903810169,16.8542779618781,34.7917156802087,53.5364058198024,67.6995429582254
442.333333333333,-5.96271409935139,-7.26088642489898,-2.66009271324946,4.77627407695522,16.6957825835471,34.6912115699348,53.5998168896516,67.8413121790652
442.5,-5.92795653223078,-7.25598068429877,-2.74088010275344,4.6494314051555,16.5334309683524,34.5843350074645,53.6565389641395,67.9764873990406
442.666666666667,-5.89174964077838,-7.25092838110268,-2.8235209736425,4.52104759815756,16.3670897831264,34.4708539260241,53.70593046553,68.1047770836248
442.833333333333,-5.8542634951577,-7.24566803706245,-2.90757185931229,4.39101484204254,16.1966136429094,34.350543240652,53.7473283708174,68.2259034060395
443,-5.81567299747132,-7.24010800945781,-2.99250485656808,4.2592271078875,16.0218428212778,34.2231846677452,53.7800482942294,68.339601462682
443.166666666667,-5.77614292350793,-7.23419350518035,-3.0780675777107,4.12551523507588,15.842598088187,34.0883828273737,53.8032521994161,68.4454416568253
443.333333333333,-5.73579951681419,-7.22788456153141,-3.16430084603632,3.9896584765766,15.6587126071821,33.9456379182986,53.816064826789,68.5428845528325
443.5,-5.69473142098184,-7.22107873052735,-3.25119037877189,3.85145294462641,15.4700527075036,33.7945658480316,53.8177641797415,68.6314845225862
443.666666666667,-5.65298916110409,-7.21361108571157,-3.33866722520822,3.71071378889045,15.2765198233573,33.6348976136368,53.8077812531684,68.7108886664174
443.833333333333,-5.61058454981387,-7.20525416921271,-3.42660816183962,3.56727704383515,15.0780520874376,33.4664787760603,53.7856999867557,68.7808358758427
444,-5.56766491704968,-7.1960127744091,-3.51504401121415,3.42085990795033,14.8744096308029,33.2889913957097,53.7509432759233,68.8408376081796
444.166666666667,-5.52451539414694,-7.18614236014996,-3.60417657418355,3.27107968605277,14.6651879244361,33.1019422900801,53.7027600788831,68.8901573998963
444.333333333333,-5.48138480193061,-7.17586290159721,-3.69417859331614,3.11760481543014,14.4500407895898,32.9049349588014,53.640533003265,68.9281188600134
444.5,-5.43848491832446,-7.16535819813584,-3.78519311179052,2.96015582100599,14.228681369471,32.6976696612286,53.5637781822621,68.9541053547022
444.666666666667,-5.39598971386246,-7.1547751463795,-3.87733279088307,2.79850638301969,14.0008832133492,32.4799434528582,53.4721450197538,68.9675599676766
444.833333333333,-5.35403455338795,-7.14422297963538,-3.97067919373022,2.63248450381452,13.7664814563459,32.2516501809259,53.3654157852296,68.9679858266701
445,-5.3127153624808,-7.13377247516976,-4.06528204297182,2.46197375838009,13.5253740762457,32.0127804478316,53.2435050556654,68.9549469137396
445.166666666667,-5.27208775756771,-7.12345513070114,-4.16115845983336,2.28691461127838,13.2775232067038,31.763421558568,53.1064590180337,68.9280695021787
445.333333333333,-5.23216613910961,-7.11326231159714,-4.25829219209679,2.10730578054779,13.0229564842556,31.5037574748513,52.954454662057,68.8870443813343
445.5,-5.19292274758532,-7.10314437011975,-4.35663283814939,1.92320562720752,12.7617684046441,31.2340688040457,52.787798907529,68.8316300374342
445.666666666667,-5.15428668206076,-7.09300973761122,-4.45609507379719,1.73473354718481,12.4941216622756,30.9547328552843,52.6069277235857,68.7616569477008
445.833333333333,-5.11614288080473,-7.08272398960124,-4.55655788768788,1.54207134100197,12.2202484452104,30.6662237986046,52.4124053085188,68.6770331105047
446,-5.07833106253436,-7.07210888230575,-4.65786382991083,1.34546453555822,11.9404516571584,30.3691129657215,52.2049234081013,68.5777508711128
446.166666666667,-5.04064462528837,-7.06094135674133,-4.75981827653041,1.14522363202262,11.6551060376476,30.064069333652,51.9853008581878,68.4638950084498
446.333333333333,-5.00282949746729,-7.04895250355306,-4.86218871036132,0.94172525444601,11.3646591520687,29.7518602352103,51.7544834439775,68.3356519257321
446.5,-4.96450239872945,-7.03580576489326,-4.9647129877672,0.73542197050315,11.0695970308973,29.4330567656515,51.513196183799,68.1932492872138
446.666666666667,-4.92519829879349,-7.02113976418034,-5.06713223927468,0.526799857505054,10.7703981427744,29.1079757637004,51.261865013372,68.0369056152541
446.833333333333,-4.88447504461724,-7.00461034459245,-5.1691978261084,0.3163481589931,10.4675448639803,28.77694556219,51.0009254791824,67.8668729549362
447,-4.84191378013356,-6.98589051352926,-5.27067074194415,0.104558906839079,10.1615226281576,28.4403049765135,50.730822376973,67.6834360509336
447.166666666667,-4.79711975810537,-6.96467088529433,-5.37132138765439,-0.108073744561452,9.852818903666,28.0984019463975,50.4520089832682,67.4869104486119
447.333333333333,-4.74970145279694,-6.94059184231394,-5.47077436457483,-0.320998972117839,9.54186610708938,27.7515895228285,50.165027842669,67.2777599933245
447.5,-4.69929006655438,-6.91326743647714,-5.56854393680516,-0.533651813233089,9.22901847398958,27.4002029104377,49.8704713506163,67.0565632187816
447.666666666667,-4.64557214639438,-6.88236689565908,-5.66420757699296,-0.745530277547254,8.91459606531294,27.0445493080893,49.5688794410645,66.8238742357121
447.833333333333,-4.5882913143212,-6.84761635758392,-5.75740692572823,-0.956196340216181,8.59888381226864,26.6849057791918,49.2607380291098,66.5802186214818
448,-4.52725020155778,-6.80880087246927,-5.8478489603526,-1.16527708815597,8.28213045903245,26.3215169782091,48.94647725275,66.3260889825452
448.166666666667,-4.46231254358346,-6.76576661885494,-5.93530733366066,-1.37246599410115,7.96454741729586,25.9545927727626,48.6264695615152,66.0619403460395
448.333333333333,-4.39340538935278,-6.7184232736897,-6.01962384184188,-1.57752429203681,7.64630754825706,25.584305799321,48.3010276983457,65.7881855210022
448.5,-4.32052137411003,-6.66674647417072,-6.10070997969467,-1.7802824259023,7.32754388946496,25.210788989054,47.9704026196196,65.5051905507192
448.666666666667,-4.24372100125161,-6.61078030539711,-6.17854853984699,-1.98064154170885,7.00834834569377,24.8341330988735,47.6347813965281,65.2132703573021
448.833333333333,-4.16313487515955,-6.5506397450094,-6.25319521165914,-2.17857499165315,6.68877036445783,24.4543842808408,47.2942851389306,64.9126846592038
449,-4.07896582425561,-6.4865129940286,-6.32478013488449,-2.37412981772852,6.3688156175968,24.0715417208461,46.9489669802365,64.6036342230804
449.166666666667,-3.99149085210471,-6.41866362245333,-6.39350936325667,-2.56742818202841,6.04844471030066,23.6855553745724,46.5988101585916,64.28625749388
449.333333333333,-3.90106285458751,-6.34743245915922,-6.45966619419595,-2.7586687116938,5.72757193775042,23.29632382507,46.2437262255116,63.9606276315894
449.5,-3.80811204327594,-6.27323915857434,-6.52361232303051,-2.94812772857659,5.40606410698244,22.9036922815947,45.8835534079347,63.6267499697028
449.666666666667,-3.71314701944341,-6.19658338173595,-6.58578878376828,-3.13616033747519,5.08373943741709,22.5074507334942,45.5180551432541,63.2845598989857
449.833333333333,-3.61676054629615,-6.11807741593492,-6.64671755361681,-3.32323945965345,4.76034356159752,22.1073992358268,45.146889561474,62.9338294354254
450,-3.51955562060378,-6.03837788482792,-6.7069599521433,-3.50990329489315,4.43559671099072,21.7033807939919,44.7696581075237,62.574218271991
450.166666666667,-3.42210191544676,-5.95811810311277,-6.76709371967265,-3.69668951401274,4.1092415023492,21.2952325740546,44.3859601469781,62.2053917464318
450.333333333333,-3.3249341727557,-5.87790626416413,-6.82771159965539,-3.88413363316296,3.78104420003934,20.8827875738803,43.9953937812637,61.8270211166687
450.5,-3.22855086486895,-5.7983238329394,-6.88941992523739,-4.07276737580829,3.45079596651592,20.4658761765987,43.5975564797559,61.4387836612665
450.666666666667,-3.13333487501511,-5.71979874705919,-6.95255135270355,-4.26297379219547,3.11821827818198,20.0444046873228,43.1922153744342,61.0405447591836
450.833333333333,-3.0395498331625,-5.64259483437086,-7.01714695926609,-4.45496597034566,2.78298128115486,19.6183580837436,42.7793218893033,60.6323646038273
451,-2.94741621140714,-5.56693146499569,-7.08323290924818,-4.6489199675355,2.44480859264914,19.1877248357384,42.3588491112087,60.2143194424014
451.166666666667,-2.85711068870814,-5.49298258082171,-7.15081955308792,-4.84497447840384,2.10347760198105,18.7524980764639,41.9307917220186,59.7865015727954
451.333333333333,-2.76876556246539,-5.42087572816442,-7.21990036493329,-5.04323019231411,1.75881998694556,18.3126768131859,41.4951659917682,59.3490194397167
451.5,-2.68246816912776,-5.35069105908301,-7.29045072070765,-5.2437488588776,1.41072244018004,17.8682672042511,41.0520098878364,58.901997865616
451.666666666667,-2.5982602793033,-5.28246027088886,-7.36242652196779,-5.44655208360357,1.05912759719171,17.4192839250877,40.6013833476027,58.4455784457228
451.833333333333,-2.51613743634694,-5.21616545780601,-7.4357626742511,-5.65161987905984,0.704035153968067,16.9657516421352,40.1433687544034,57.9799201301003
452,-2.43604821104957,-5.15173785345258,-7.51037143196246,-5.8588890007276,0.345503157585613,16.5077066091529,39.6780716491424,57.5052000092667
452.166666666667,-2.35789334875802,-5.0890564476999,-7.58614062520308,-6.06825110090495,-0.0163505519069005,16.045198395523,39.2056217027625,57.0216143138616
452.333333333333,-2.28152478892627,-5.02794646640988,-7.66293178728549,-6.27955073850891,-0.381346775689798,15.5782917510061,38.726173968098,56.5293796332758
452.5,-2.20674454062362,-4.96817770740057,-7.74057820496019,-6.49258328734305,-0.749243299764792,15.1070686060233,38.2399104235599,56.0287343533505
452.666666666667,-2.13330340078269,-4.90946273056694,-7.81888291650629,-6.70709279017897,-1.1197331872738,14.6316302010789,37.7470418158504,55.5199403094348
452.833333333333,-2.0608995048235,-4.85145490419073,-7.89761668567559,-6.92276981062548,-1.49244306471485,14.1520993335434,37.2478098046822,55.0032846485812
453,-1.98917670159485,-4.7937463128866,-7.97651598185137,-7.13924933895345,-1.86693145253958,13.6686227048939,36.742489409599,54.4790818937976
453.166666666667,-1.91781792809232,-4.73594928105936,-8.05533095518845,-7.35614370817532,-2.24272926202834,13.1813737036819,36.2310463060481,53.9470886351976
453.333333333333,-1.84660325085458,-4.67775957675283,-8.13386627191139,-7.57309745985677,-2.61938797592445,12.6905203270498,35.7131202890612,53.4065166311617
453.5,-1.77534434845152,-4.61890537955054,-8.21195252028522,-7.78978068334347,-2.99646258355267,12.1962084027312,35.1883638518402,52.8566277557836
453.666666666667,-1.70388486495802,-4.55914817935967,-8.28944697092115,-8.00588966777339,-3.37351246716207,11.698561818217,34.6564442892424,52.2967355114645
453.833333333333,-1.63210091853806,-4.49828389376843,-8.36623452622444,-8.22114784661296,-3.75010252697679,11.197682652051,34.1170449407293,51.7262060381844
454,-1.55994670595178,-4.43614910839066,-8.44195917848665,-8.43525437062441,-4.12586559566779,10.6936692378746,33.5697036649203,51.14443582503
454.166666666667,-1.48744163643174,-4.37261813454667,-8.51605040059046,-8.64789880936678,-4.50053111016052,10.1866268471209,33.0138612621211,50.5508782433265
454.333333333333,-1.41461984922711,-4.3075978896594,-8.58800490726657,-8.85881668792745,-4.87387561532292,9.67665494097864,32.4490464102142,49.945078376465
454.5,-1.34153148192726,-4.24102993452825,-8.65738631177731,-9.06778532850531,-5.24571965144958,9.16384770977779,31.874873765109,49.3266712642905
454.666666666667,-1.26824372172811,-4.17289235766766,-8.72382558845617,-9.27462126548192,-5.61592484717897,8.64829530988169,31.2910418255026,48.6953798992939
454.833333333333,-1.19484165093532,-4.10320151830864,-8.78702223089108,-9.47917905274609,-5.98439124799891,8.13008568291511,30.6973306200104,48.0510129827494
455,-1.12142889622449,-4.03201365474887,-8.84674600603009,-9.68135126157257,-6.3510548758545,7.60930683620581,30.0935992689912,47.3934624605379
455.166666666667,-1.04812809030807,-3.95942636021726,-8.90283920799097,-9.88106945409235,-6.7158854932726,7.08604946097843,29.4797834674385,46.7227008691233
455.333333333333,-0.975081154632407,-3.88557992432307,-8.9552193131738,-10.0783059107182,-7.07888453403349,6.56040976560624,28.8558929287498,46.0387785316548
455.5,-0.90244941249431,-3.81065853457882,-9.0038819316454,-10.2730758882763,-7.44008315926891,6.03249240447256,28.222008821783,45.3418206520939
455.666666666667,-0.83041354345624,-3.73489132955491,-9.04890393992739,-10.4654401871923,-7.79954040030526,5.50241338798017,27.5782812252703,44.6320243612637
455.833333333333,-0.759173392066605,-3.65855329311831,-9.09044666859212,-10.6555078091627,-8.15734135516258,4.97030286513725,26.9249266143847,43.9096557724669
456,-0.688947646535399,-3.58196597812069,-9.12875900584367,-10.8434384899505,-8.51359541231903,4.43630767605186,26.2622253840587,43.1750471055487
456.166666666667,-0.619973406019983,-3.50549804802801,-9.16418026699651,-11.0294448943935,-8.86843448157263,3.90059357667355,25.5905194025468,42.4285939367802
456.333333333333,-0.552505658345322,-3.42956562649169,-9.19714267092121,-11.2137942619517,-9.22201121641259,3.36334704135335,24.9102095766719,41.6707526275726
456.5,-0.486768257445814,-3.35458793831592,-9.22812873611938,-11.3966503264017,-9.57435766088159,2.82455833642788,24.2215233435209,40.9018187407624
456.666666666667,-0.422911895935001,-3.28092722517324,-9.25763073234688,-11.578038675376,-9.92536028502061,2.28406151248452,23.5245528510095,40.1219165337233
456.833333333333,-0.361040703893162,-3.20890161237991,-9.28617352790128,-11.7579866223549,-10.2748852832399,1.74177275906904,22.8195067205844,39.3312153829969
457,-0.301211166842444,-3.13878329922796,-9.31431277209565,-11.9365198235479,-10.6227754525298,1.19769058602766,22.1067125111458,38.5299320072936
457.166666666667,-0.243431351286246,-3.07079717954516,-9.34263241970241,-12.113657282222,-10.9688468440273,0.651895451885354,21.3866188856949,37.7183323611561
457.333333333333,-0.187676063092491,-3.00505373744612,-9.37138498629872,-12.2893454719191,-11.3128827427441,0.104733327769139,20.6599302672054,36.896910229015
457.5,-0.133915490033115,-2.9415711209772,-9.40047420074907,-12.4634691558689,-11.6546649501662,-0.443257135213639,19.9274929144602,36.0663332798634
457.666666666667,-0.0821145254082822,-2.88035263390034,-9.42980378916121,-12.6359193587008,-11.993994219925,-0.991564757372636,19.1901070822776,35.2272403112383
457.833333333333,-0.0322335445471629,-2.821387001336,-9.45927759873906,-12.8065953355643,-12.3306921667658,-1.53970513271389,18.4485300840414,34.3802432394335
458,0.015770758506862,-2.76464876442663,-9.48879983420809,-12.9754064859871,-12.6646031587023,-2.0872199562686,17.7034792696169,33.5259289972622
458.166666666667,0.0619444859300644,-2.71009877727363,-9.51827538487526,-13.1422742306385,-12.995596207536,-2.63367638345062,16.9556349598554,32.6648613611475
458.333333333333,0.106335612273341,-2.65768478060153,-9.54761022057418,-13.3071338657139,-13.3235668696766,-3.17866642884515,16.2056433733548,31.797582709204
458.5,0.148993029942142,-2.60734202736344,-9.57671183453854,-13.4699364062608,-13.6484391663079,-3.72180641348906,15.4541195709264,30.92461568651
458.666666666667,0.189965571230097,-2.55899393583411,-9.60548971068247,-13.6306504263648,-13.9701675292929,-4.26273647224127,14.701650428964,30.0464647233192
458.833333333333,0.229301013786697,-2.51255274566829,-9.63385579188602,-13.7892639006962,-14.2887387767262,-4.80112013605006,13.9487976352846,29.1636173173757
459,0.267045076470487,-2.46792015196586,-9.66172492472317,-13.9457860484993,-14.604174119684,-5.33664400776083,13.1961006806969,28.2765449543435
459.166666666667,0.303240412917302,-2.42498789162263,-9.68901525466426,-14.1002491777415,-14.9165311995044,-5.86901755469619,12.444079797289,27.3857035030936
459.333333333333,0.337925610719062,-2.38363825519803,-9.71564854416104,-14.2527105238779,-15.2259061528635,-6.39797304688336,11.6932387709636,26.4915328887946
459.5,0.371134204745786,-2.34374449623554,-9.74155038419744,-14.4032540746349,-15.5324357000673,-6.92326567695419,10.9440675318121,25.5944558211888
459.666666666667,0.402893713731266,-2.30517110845606,-9.76665026786673,-14.5519923694529,-15.8362992504156,-7.44467390698857,10.1970444021876,24.6948753440261
459.833333333333,0.433074157659362,-2.26807190769639,-9.79104727172908,-14.6990017497499,-16.1375938944167,-7.96221442626387,9.45210142092511,23.7930716045493
460,0.461390220435221,-2.2328856084011,-9.81500494608282,-14.8443193713051,-16.4363297839772,-8.47617508750621,8.70859523622114,22.8891819947777
460.166666666667,0.48755203833702,-2.20003728931227,-9.83878418248236,-14.9880083979155,-16.7325548417934,-8.98691631647806,7.96583013793316,21.9832925504331
460.333333333333,0.511263784777403,-2.16994045115049,-9.86264454986013,-15.1301589074263,-17.0263555111542,-9.49487076772996,7.22305973886391,21.0754368761342
460.5,0.532222256767938,-2.14299893801758,-9.88684541603529,-15.270888894847,-17.3178577037455,-10.0005434408106,6.47948817669059,20.1655928615888
460.666666666667,0.550034909037115,-2.11962947785032,-9.91163791589605,-15.4103541491423,-17.6071927200946,-10.504216704475,5.73461872411561,19.2537480864924
460.833333333333,0.564267112952166,-2.10021947932512,-9.93723214634143,-15.5487060829781,-17.8944518238909,-11.0058920876801,4.98833282916692,18.3399545875815
461,0.574546600552,-2.08508552971954,-9.96379019102146,-15.686061865885,-18.1796986285323,-11.5055560140896,4.24058197908301,17.4242900315669
461.166666666667,0.580563708365418,-2.07447391945453,-9.99142660834157,-15.8225047379888,-18.4629694729189,-12.0031789296266,3.49138845937637,16.5068619743661
461.333333333333,0.582072011663019,-2.06856062200493,-10.0202084756062,-15.9580842482972,-18.7442739225146,-12.498714218825,2.74084637418342,15.5878129012301
461.5,0.578889295187193,-2.06745080057116,-10.0501550502584,-16.0928164314452,-19.0235953843475,-12.9920969353218,1.9891228949641,14.6673260040249
461.666666666667,0.570898812273804,-2.07117790749518,-10.081237103385,-16.2266839226553,-19.3008918130138,-13.4832423666409,1.23645971504324,13.7456316223149
461.833333333333,0.558050787458203,-2.07970243948681,-10.1133759768111,-16.3596359976259,-19.5760964736118,-13.9720444486186,0.483174696692679,12.8230142525498
462,0.54036411863485,-2.09291041081003,-10.1464424128393,-16.4915885121599,-19.8491187169955,-14.458374040581,-0.270336295001476,11.8998200135274
462.166666666667,0.51792823406741,-2.11061160721838,-10.1802552046845,-16.6224237058632,-20.1198447131442,-14.9420770689529,-1.02359737188379,10.9764644446582
462.333333333333,0.490905057470556,-2.13253768519311,-10.2145797156372,-16.7519898256492,-20.3881380802939,-15.4229725446514,-1.77605041387666,10.0534405042611
462.5,0.459531031443468,-2.1583401835075,-10.2491263156845,-16.8801005187074,-20.6538403414255,-15.9008504587334,-2.52705267004915,9.13132662600674
462.666666666667,0.424119146172312,-2.18758851688971,-10.2835487854679,-17.0065339417843,-20.9167711365065,-16.3754695615832,-3.27587417274168,8.21079468094712
462.833333333333,0.385060916973712,-2.21976802416235,-10.3174427388004,-17.1310315348368,-21.1767281193031,-16.8465550336318,-4.02169497685374,7.29261767937581
463,0.342828251357747,-2.25427814527711,-10.3503441162276,-17.2532964130092,-21.433486472272,-17.3137960601741,-4.7636022500635,6.37767703118348
463.166666666667,0.298099583124623,-2.29028511819467,-10.3815890938899,-17.3724577966713,-21.6861643168245,-17.7766612085292,-5.50095421636384,5.46664384268507
463.333333333333,0.251706709843907,-2.3267982822428,-10.4103782314657,-17.4871673093341,-21.9333122061725,-18.2344289928045,-6.23343454632971,4.55989911147047
463.5,0.204483997177509,-2.36285397574029,-10.4359479293249,-17.5961829866356,-22.1735934775657,-18.686385509039,-6.96071329840386,3.6578186566366
463.666666666667,0.157269323566671,-2.39751485263872,-10.4575704741984,-17.6983698793952,-22.4057847333182,-19.1318237390228,-7.68244657942633,2.76077472488115
463.833333333333,0.110905078577147,-2.42986898375605,-10.4745536694603,-17.7926987643017,-22.6287744369837,-19.5700427001188,-8.39827592668122,1.86913777921299
464,0.0662441983132063,-2.45899701175707,-10.4862392717937,-17.8782051776648,-22.841536943371,-20.000413459528,-9.10779822646615,0.983370117372783
464.166666666667,0.0240767762924012,-2.48403979937607,-10.4920441998914,-17.9540386035998,-23.043176357567,-20.4224125225801,-9.81061440584625,0.103975426821082
464.333333333333,-0.0149127398532789,-2.5042651061671,-10.4914827245553,-18.0195238344573,-23.2329699547692,-20.8355733649316,-10.5063837870128,-0.768618248273463
464.5,-0.0501462471406517,-2.51906819288745,-10.4841669067386,-18.0741573692451,-23.4103643510239,-21.2394882882141,-11.1948243788356,-1.63405761023733
464.666666666667,-0.0811523209261746,-2.52797206703304,-10.4698068718288,-18.1176033508447,-23.5749712427152,-21.6338100665795,-11.8757127636489,-2.49206288726663
464.833333333333,-0.107566290806335,-2.53062750369062,-10.4482110305696,-18.1496893607603,-23.7265630327125,-22.018253466823,-12.5488837178399,-3.34242644142981
465,-0.129130164547462,-2.52681297422754,-10.4192863553414,-18.17040236945,-23.8650686408574,-22.3925967262094,-13.2142297026266,-4.18501135392227
465.166666666667,-0.145692503768049,-2.51643461303197,-10.3830388184309,-18.1798851161233,-23.9905697726974,-22.7566830728716,-13.8717003573334,-5.01975013061041
465.333333333333,-0.157208352644974,-2.49952634985275,-10.3395740966063,-18.1784331666036,-24.1032978954188,-23.1104223737521,-14.5213021219712,-5.84664366418907
465.5,-0.163739318353782,-2.4762503325482,-10.2890986439475,-18.1664928737711,-24.2036321460981,-23.4537929945693,-15.1630981094868,-6.66576058205227
465.666666666667,-0.165453899510687,-2.44689776251034,-10.2319212326709,-18.1446604443016,-24.2920983767732,-23.7868439552778,-15.7972083411154,-7.47723710184421
465.833333333333,-0.162628156774428,-2.41189026295488,-10.1684550598492,-18.1136822996821,-24.3693695251893,-24.1096974630139,-16.4238104512831,-8.28127751019822
466,-0.15564681820426,-2.3717818989374,-10.0992205167019,-18.0744569103118,-24.4362674908994,-24.4225519026863,-17.0431409618906,-9.07815537495949
466.166666666667,-0.145004911166418,-2.32726196765561,-10.0248487167892,-18.0280382801119,-24.4937666949002,-24.725685363274,-17.6554972199484,-9.86821559777392
466.333333333333,-0.131310012747961,-2.27915867861747,-9.94608588026593,-17.9756412666103,-24.5429995082997,-25.0194597756502,-18.2612400877988,-10.6518774128499
466.5,-0.115078569025513,-2.22816256114581,-9.86355453510331,-17.9181687977108,-24.5848439193917,-25.3041980338531,-18.8605923736071,-11.429556525035
466.666666666667,-0.0966870373947843,-2.17475811592882,-9.77768669968862,-17.8561123801431,-24.6198208920353,-25.5801331209337,-19.4536208144323,-12.2016270223877
466.833333333333,-0.0765540798201025,-2.11947074489167,-9.68893384929108,-17.7899811491493,-24.648461774473,-25.8475101763241,-20.0404324285506,-12.9684845109615
467,-0.0551416971454166,-2.06286823111599,-9.59776775827177,-17.7203028262028,-24.6713096136301,-26.1065880335507,-20.6211763520944,-13.7305478618594
467.166666666667,-0.0329564060251093,-2.00556215381309,-9.50468118690481,-17.6476245068701,-24.6889202722137,-26.3576408069169,-21.1960458461546,-14.4882607580355
467.333333333333,-0.0104552967337133,-1.94812550583464,-9.41013845320861,-17.5724783812825,-24.7018212797488,-26.6009598718881,-21.7649350311772,-15.2415055029759
467.5,0.012012680912483,-1.8910284707846,-9.31453305263313,-17.4953255068144,-24.7104629553665,-26.8368209545925,-22.3274216790819,-15.9896149112121
467.666666666667,0.034141962793846,-1.83468829948355,-9.21821464319273,-17.4165611694778,-24.7152347896533,-27.0654665081987,-22.8831050250644,-16.7319657548347
467.833333333333,0.0556715601000419,-1.77946714462659,-9.1214866417263,-17.336513056521,-24.7164639497773,-27.2871051019928,-23.4316070265267,-17.4679785251496
468,0.0763864587560468,-1.72566959457918,-9.02460362814535,-17.2554393242668,-24.7144136841507,-27.5019107406148,-23.9725727040922,-18.1971164848778
468.166666666667,0.0961191924246954,-1.67353994853707,-8.92776858829202,-17.1735265922943,-24.7092816568984,-27.7100221437491,-24.5056696586693,-18.9188840382097
468.333333333333,0.11475155088647,-1.62325927925987,-8.83113002979849,-17.090887898181,-24.7011982461769,-27.9115420174436,-25.0305868664467,-19.6328244609435
468.5,0.132216383127855,-1.5749423345757,-8.73477901004487,-17.0075606506201,-24.6902248444812,-28.1065363492423,-25.5470328610745,-20.3385170487148
468.666666666667,0.148499451701977,-1.52863433461688,-8.63874612073239,-16.9235046225398,-24.6763522032692,-28.2950337601954,-26.0547334185686,-21.0355737578296
468.833333333333,0.1636412920942,-1.48430772800291,-8.54299847944729,-16.8386000295805,-24.6594988682367,-28.4770249473618,-26.5534288650165,-21.7236354300311
469,0.177739028192244,-1.44185897659783,-8.44743678455629,-16.7526457425748,-24.6395097550805,-28.6524622503583,-27.0428711293008,-22.4023677090127
469.166666666667,0.190948092809235,-1.40110544463375,-8.35189249544949,-16.6653576851386,-24.6161549182344,-28.8212593746205,-27.5228206622492,-23.0714567718652
469.333333333333,0.203483800838099,-1.36178247345191,-8.25612520507752,-16.5763674687141,-24.5891285664703,-28.9832913020673,-27.9930433395131,-23.7306050120307
469.5,0.215622722325771,-1.32354072735874,-8.15982027541137,-16.4852213169876,-24.5580483790444,-29.1383944166067,-28.4533074579113,-24.3795268208263
469.666666666667,0.227703803834043,-1.28594389858161,-8.06258680834071,-16.3913793291348,-24.5224551738539,-29.2863668672245,-28.9033809240452,-25.0179446212925
469.833333333333,0.239948224675502,-1.2487029220285,-7.96417279725045,-16.2944318166661,-24.4820275612564,-29.4271843120253,-29.3431855514011,-25.645733546149
470,0.25244787585302,-1.2116947253069,-7.86449141653897,-16.1941339155289,-24.4366177552823,-29.5610114746968,-29.7727862110421,-26.2629436643665
470.166666666667,0.265340958281932,-1.17473455756959,-7.76341668773814,-16.0902058900786,-24.3860542820158,-29.6879922961176,-30.1922267700333,-26.8696611341605
470.333333333333,0.278812656543511,-1.13757430288793,-7.66078220361002,-15.9823326702358,-24.3301412137126,-29.8082494687455,-30.6015269899295,-27.4660048758376
470.5,0.293095722567733,-1.09990101336389,-7.5563800296886,-15.8701633742898,-24.2686573258667,-29.9218838912529,-31.0006795437161,-28.0521233813342
470.666666666667,0.308422514917763,-1.06138022483962,-7.45000434745549,-15.7534697810128,-24.2014947273133,-30.0287558199669,-31.3894171032535,-28.6279724982978
470.833333333333,0.324983943479496,-1.02171512000977,-7.34149257767518,-15.632180370521,-24.1286809807182,-30.1285234502129,-31.7672503020665,-29.1933043080372
471,0.342956903867294,-0.980632911796827,-7.23070251963934,-15.5062386427338,-24.0502508152665,-30.2208804631162,-32.1337195165185,-29.7478829827845
471.166666666667,0.362503847658889,-0.937886123553559,-7.11751344850691,-15.3756032570039,-23.9662460813353,-30.3055561050896,-32.4883976439472,-30.2914865201251
471.333333333333,0.383772431267677,-0.893253706967185,-7.00182705637701,-15.2402481185474,-23.8767157060874,-30.3823155401348,-32.8308929508302,-30.8239082576079
471.5,0.406895235887584,-0.846542004511236,-6.8835682423301,-15.1001624130767,-23.7817156454428,-30.4509604234794,-33.1608519990512,-31.3449582406141
471.666666666667,0.431989550265708,-0.797585567344518,-6.76268576045123,-14.9553505916658,-23.681308828966,-30.5113296465152,-33.4779626498157,-31.8544645041001
471.833333333333,0.459157207440222,-0.746247843087703,-6.63915273810513,-14.8058323084894,-23.5755650951317,-30.5633002047558,-33.7819571377226,-32.3522743175294
472,0.488484466029178,-0.692421750894956,-6.51296707944491,-14.6516423146399,-23.4645611151886,-30.6067881428102,-34.0726152016171,-32.8382554317874
472.166666666667,0.52004192617197,-0.636030163697928,-6.38415177132407,-14.4928303117305,-23.3483803044428,-30.6417495333611,-34.3497672539084,-33.3122973567894
472.333333333333,0.553884469809353,-0.577026319478037,-6.25275511049435,-14.329460769421,-23.2271127202231,-30.6681814509424,-34.6132975657976,-33.7743126885648
472.5,0.590051214636357,-0.515394184988937,-6.118850872279,-14.1616127113434,-23.1008549460835,-30.686122905956,-34.8631474421059,-34.224238494627
472.666666666667,0.6285654707726,-0.451148796584266,-5.98253844189792,-13.9893794741571,-22.9697099619447,-30.6956557097132,-35.0993183558659,-34.6620377562697
472.833333333333,0.669434688957014,-0.384336603798165,-5.84394293038091,-13.812868444619,-22.833786999886,-30.6969052471042,-35.3218750092705,-35.0877008560556
473,0.712650388883286,-0.315035842169425,-5.70321529763607,-13.6322007796127,-22.6932013851736,-30.6900411393775,-35.5309482836792,-35.5012470882569
473.166666666667,0.758192776094548,-0.243351535199275,-5.56051948999906,-13.4475021523836,-22.5479413525908,-30.6752082629081,-35.7266865130645,-35.9025486918849
473.333333333333,0.806019576505927,-0.16942305374846,-5.41602661436623,-13.2588922781565,-22.3978720069096,-30.6525464703528,-35.9092947921976,-36.2913520894596
473.5,0.856055861422785,-0.0934333845913133,-5.26992507634424,-13.0664885040796,-22.2428701868423,-30.6222699409647,-36.0791070038923,-36.6674663259495
473.666666666667,0.90819415659393,-0.015609459611998,-5.12242078415471,-12.870405510325,-22.0828241018203,-30.5846670726267,-36.2365877479996,-37.0307640714034
473.833333333333,0.962294515386299,0.0637773764339113,-4.97373749664327,-12.6707549913918,-21.9176328045893,-30.540100095032,-36.3823340496059,-37.381182586215
474,1.01833509324847,0.144708693150409,-4.82395156583612,-12.4677118340924,-21.7473326265346,-30.488790065107,-36.5165402831353,-37.7186251658894
474.166666666667,1.0764090533477,0.227413782258687,-4.67299746929506,-12.2615184711109,-21.5721030696552,-30.4307839255035,-36.6389688341747,-38.0429473004068
474.333333333333,1.13657281641458,0.312070334737712,-4.52083536099434,-12.0524209793397,-21.3921432078241,-30.3661531824172,-36.7494731084722,-38.3540554542695
474.5,1.19884647628869,0.398805682143433,-4.36745014767487,-11.8406693792159,-21.2076718794347,-30.29499448338,-36.8479994444573,-38.651914662364
474.666666666667,1.26321416544454,0.487697862785582,-4.21285077414807,-11.6265177376543,-21.0189275074215,-30.2174299367273,-36.9345888550141,-38.9365550111102
474.833333333333,1.32962437750352,0.578776540381043,-4.05706968658194,-11.410224081573,-20.8261675729066,-30.1336072061115,-37.009378556711,-39.2080772079854
475,1.3979902530515,0.672023799493262,-3.90016244556133,-11.1920501275842,-20.6296677671724,-30.0436994107322,-37.072603248643,-39.4666573919302
475.166666666667,1.46818983450503,0.767374839342477,-3.74220746303925,-10.9722608339844,-20.4297208470422,-29.9479048605535,-37.1245961090979,-39.7125513025492
475.333333333333,1.54006629527918,0.864718585328821,-3.58330583927462,-10.7511237836662,-20.2266352209783,-29.8464466554434,-37.1657894859024,-39.9460979025929
475.5,1.61342814808,0.963898235758611,-3.42358127755404,-10.5289084109315,-20.0207332972428,-29.7395721777325,-37.1967152649469,-40.1677225322168
475.666666666667,1.68804943675447,1.06471175973152,-3.26318005597623,-10.3058850913006,-19.8123496312136,-29.6275525089283,-37.218004910375,-40.3779396619225
475.833333333333,1.76366991576088,1.16691236086979,-3.10227103687567,-10.0823241211068,-19.6018289162225,-29.5106818030268,-37.2303891785657,-40.5773553013619
476,1.83999522095457,1.27020892049539,-2.94104569561094,-9.85849462263297,-19.3895238708225,-29.3892766507742,-37.2346975155928,-40.7666691111612
476.166666666667,1.91669703500039,1.37426643293822,-2.77971815146582,-9.63466342032824,-19.1757930847305,-29.263675471026,-37.2318571536289,-40.9466762528079
476.333333333333,1.99341325031182,1.47870644484671,-2.61852518432535,-9.41109394360269,-18.960998895249,-29.1342379666754,-37.2228919250976,-41.1182689959971
476.5,2.06979986348451,1.58315910016526,-2.45769528335299,-9.18800062739023,-18.7454143850855,-29.0011821682159,-37.2087344946445,-41.2823619885939
476.666666666667,2.14554112031208,1.68726568272411,-2.29745949925029,-8.9655602542032,-18.5292167297729,-28.8645903814269,-37.190193338812,-41.4398570432085
476.833333333333,2.22030302706517,1.79062852716654,-2.13808782023207,-8.74396197539977,-18.3125741675541,-28.7245743183863,-37.1681236316293,-41.5917041821246
477,2.29373370207598,1.89281157100097,-1.97988908913887,-8.52340688821682,-18.0956446741735,-28.5812744665193,-37.1434280917394,-41.738905363096
477.166666666667,2.36546381364151,1.99334102148613,-1.82321080518148,-8.30410793512197,-17.8785750008206,-28.4348594512642,-37.1170578021167,-41.882518016975
477.333333333333,2.43498266348077,2.09156045598916,-1.6685775104827,-8.08682373535299,-17.6621338136861,-28.2857075473837,-37.0896460764278,-42.0233329488504
477.5,2.50169341474119,2.18670936951194,-1.51662498272678,-7.8727605494467,-17.4476207636535,-28.1343730050882,-37.0614518511906,-42.161791519474
477.666666666667,2.56506573666527,2.27810908527703,-1.36792720851873,-7.66298656402512,-17.2361847238894,-27.9813853566309,-37.03269656572,-42.2982679819095
477.833333333333,2.62463643013848,2.36516378423566,-1.22299490121739,-7.45842964263,-17.0288219379548,-27.827247149168,-37.0035624194132,-42.4330689350475
478,2.68000966293377,2.44736095540763,-1.08227460693936,-7.25987705429566,-16.8263760999254,-27.6724319647216,-36.9741910514124,-42.5664334068999
478.166666666667,2.7308568765883,2.5242713592508,-0.946148301768501,-7.0679768768589,-16.6295400637314,-27.5173827094701,-36.944682625142,-42.6985334726175
478.333333333333,2.77691642554944,2.59554859438613,-0.814933385560717,-6.88324075928342,-16.438858865682,-27.362510153347,-36.9150952931484,-42.8294753092552
478.5,2.81799300788995,2.66092835612462,-0.688882980003187,-6.70604772161984,-16.2547337380103,-27.2081916991266,-36.8854450113173,-42.9593005875772
478.666666666667,2.85395694560627,2.72022747348085,-0.568186440679373,-6.53664867306515,-16.0774267927082,-27.0547703578904,-36.8557056662313,-43.0879881007391
478.833333333333,2.88474337133692,2.77334280979089,-0.452969994757168,-6.37517133774505,-15.9070660636893,-26.9025539051792,-36.8258094755369,-43.215455530646
479,2.9103513773152,2.82025011073782,-0.343297417528682,-6.22162529339417,-15.7436506105189,-26.7518141893921,-36.7956476190293,-43.3415612552749
479.166666666667,2.93084318154437,2.86100288258367,-0.239170662355167,-6.07590684845802,-15.5870554069558,-26.6027865612735,-36.7650710580427,-43.4661061043318
479.333333333333,2.94634336560876,2.89573138278176,-0.140530359561362,-5.93780350622849,-15.4370357603206,-26.4556693907735,-36.7338915028592,-43.5888349763177
479.5,2.95703823827747,2.92464180499517,-0.0472561004047325,-5.80699778818886,-15.2932310309631,-26.31062363528,-36.7018824923582,-43.7094382373411
479.666666666667,2.9631753792038,2.94801574099249,0.0408335776871231,-5.68307021055205,-15.1551674426296,-26.16777242126,-36.6687805570578,-43.8275528307233
479.833333333333,2.96502212084879,2.96610504966706,0.123913941871439,-5.56554592807285,-15.0223648248777,-26.0270992359838,-36.6342472292157,-43.9429862093479
480,2.96286811748512,2.97915047361964,0.202175065578702,-5.45387173499139,-14.894317321888,-25.888427397007,-36.5978826568539,-44.0557117496961
480.166666666667,2.9570682852282,2.98749640820668,0.275900762992319,-5.3473588313352,-14.7703780011708,-25.7515106646217,-36.5592702577097,-44.1656413862819
480.333333333333,2.94804362830762,2.9915922127998,0.345470491680954,-5.24518062383421,-14.6497570459383,-25.616032098056,-36.5179750933046,-44.2726231475013
480.5,2.93628258129682,2.99199436447917,0.411362119267605,-5.14636881519711,-14.5315182980521,-25.4816024357733,-36.4735418891815,-44.3764384194803
480.666666666667,2.92213629696566,2.98908827111277,0.473911508207844,-5.05028770822752,-14.4149937588265,-25.3478856333461,-36.4256977036411,-44.4768806828428
480.833333333333,2.9057686168397,2.98301824468499,0.533244080451315,-4.95673531291655,-14.2998885658032,-25.2146525371611,-36.3743714190116,-44.5737950234938
481,2.88733693851501,2.97393265761354,0.589483165820074,-4.86551598577111,-14.1859160515023,-25.0816817496158,-36.3194992220834,-44.6670169052744
481.166666666667,2.86699185898154,2.96198354601091,0.642749230917245,-4.77644120947378,-14.0727989883616,-24.9487611422677,-36.2610249398263,-44.7563727506507
481.333333333333,2.84487668700571,2.9473260401457,0.693158965357263,-4.68933056232505,-13.9602710761499,-24.8156894160432,-36.1989005245725,-44.8416810805588
481.5,2.82112683792004,2.93011763284609,0.740824232512714,-4.60401284732104,-13.8480786222329,-24.6822776908564,-36.1330866612266,-44.922754125149
481.666666666667,2.79586912465877,2.91051729675942,0.785850891145425,-4.52032735118745,-13.7359823617014,-24.5483511007663,-36.063553468695,-44.9993998210921
481.833333333333,2.76922095995093,2.88868446247445,0.828337494539403,-4.43812520305013,-13.6237593600462,-24.4137503643736,-35.9902812671734,-45.0714241136748
482,2.74128948617298,2.8647778714782,0.868373875032406,-4.35727080072707,-13.5112049360011,-24.2783332937141,-35.9132613821945,-45.1386334832243
482.166666666667,2.71217065140215,2.83895432070044,0.906039624087949,-4.2776432699483,-13.3981345366373,-24.1419761986767,-35.8324969554117,-45.2008376155656
482.333333333333,2.68194825261332,2.81136731891617,0.941402481166925,-4.19913791824647,-13.2843854910883,-24.0045751382585,-35.7480037310066,-45.2578521353093
482.5,2.65069296962459,2.78216567942026,0.974516648523417,-4.1216676409374,-13.1698185637347,-23.8660469650755,-35.6598107853738,-45.3095013189072
482.666666666667,2.61846141619149,2.75149207800618,1.00542105349182,-4.04516423168695,-13.0543192226659,-23.7263301058223,-35.5679611664007,-45.3556207017365
482.833333333333,2.58529523742154,2.71948161017136,1.03413758463372,-3.96957954483285,-12.9377985351117,-23.5853850181521,-35.4725124072763,-45.3960594901721
483,2.55122028524903,2.6862603863829,1.06066933300285,-3.89488645112347,-12.8201935986761,-23.4431942640379,-35.3735368783862,-45.4306826859321
483.166666666667,2.51622347473579,2.65185404592953,1.0849919982047,-3.82115557683923,-12.7015840976055,-23.2996495841179,-35.2711026475409,-45.4594971675399
483.333333333333,2.48024143121003,2.61616553958776,1.1070344989558,-3.74857480218054,-12.5822050168202,-23.1545777580446,-35.1652699309129,-45.4826577388422
483.5,2.44317708961642,2.57905397577059,1.12667597892066,-3.67738326614995,-12.4623366362066,-23.0078665516103,-35.0561097830517,-45.5003468139551
483.666666666667,2.40489945111525,2.54033418244781,1.1437452524903,-3.60787167779108,-12.3423045036853,-22.8594647986815,-34.9437051680011,-45.5127757993285
483.833333333333,2.36524358529591,2.49977663671126,1.15802059118496,-3.54038225470081,-12.22247900513,-22.7093820768095,-34.8281514047653,-45.5201858583169
484,2.32419187313886,2.45734387441916,1.16944666913307,-3.47509155604312,-12.1030598947893,-22.5574728352993,-34.7093991584137,-45.522699753628
484.166666666667,2.28188658436739,2.41321136250071,1.17816259363051,-3.41197501053835,-11.9840396115911,-22.403424545874,-34.5872623117178,-45.5202959570683
484.333333333333,2.23845527399592,2.36754183067627,1.18429922429978,-3.35100572498187,-11.8653996384136,-22.2469670948087,-34.4615788552478,-45.5129437468447
484.5,2.19401102331925,2.32048541859128,1.18797942416437,-3.29215403406555,-11.7471102722973,-22.0878726309286,-34.3322106878741,-45.5006027984259
484.666666666667,2.14865267275861,2.27217982242604,1.18931832247271,-3.23538704093967,-11.6291304045257,-21.9259553348608,-34.199043226259,-45.4832227500418
484.833333333333,2.10246504760702,2.2227504435009,1.18842359057951,-3.18066815102302,-11.5114073096998,-21.7610711239938,-34.0619848681519,-45.4607427614064
485,2.05551917770259,2.17231054118741,1.185395731921,-3.12795660176744,-11.3938764430309,-21.5931173096328,-33.9209663578196,-45.4330910859554
485.166666666667,2.00787251206779,2.12096139227668,1.1803283868834,-3.07720699126224,-11.2764612451759,-21.4220322248793,-33.7759401055205,-45.4001846786624
485.333333333333,1.95956912958617,2.06879245884799,1.17330865316517,-3.02836880872447,-11.1590729540344,-21.2477948437195,-33.6268795165372,-45.3619288633531
485.5,1.9106399468378,2.01588156662102,1.16441742207102,-2.98138597007012,-11.0416104230245,-21.0704244136639,-33.4737783888806,-45.3182170854092
485.666666666667,1.86110292427876,1.96229509576076,1.15372973104987,-2.93619636190286,-10.9239599454428,-20.8899801260315,-33.3166504423643,-45.2689307778198
485.833333333333,1.81096327202343,1.9080881861349,1.14131513270005,-2.89273139739386,-10.8059950846092,-20.7065608496365,-33.1555290453227,-45.2139393707011
486,1.76021365656709,1.85330495909335,1.12723808041149,-2.8509155876635,-10.6875765095805,-20.5203049552772,-32.9904672088156,-45.1531004766136
486.166666666667,1.70883440986635,1.79797875794819,1.11155833079606,-2.81066613241426,-10.5685518363015,-20.3313902601149,-32.8215379217172,-45.0862602861715
486.333333333333,1.6567937422714,1.74213240947458,1.0943313630736,-2.77189253370718,-10.4487554741413,-20.1400341228753,-32.6488349036033,-45.0132542104407
486.5,1.60404491108114,1.68578881710596,1.07569483592775,-2.7344375073967,-10.3280029457054,-19.9463025937617,-32.4724336244917,-44.9339933192509
486.666666666667,1.5505385127345,1.62897911800517,1.05586764524912,-2.69808532137046,-10.2060985884025,-19.7500921548036,-32.292393996716,-44.8484683101173
486.833333333333,1.49623165632224,1.57173656280682,1.03506348236595,-2.66262487673705,-10.0828450898256,-19.5513116545733,-32.1088013861534,-44.7566656242819
487,1.44108798020732,1.51409669747803,1.01349099798615,-2.62784983789876,-9.95804364401284,-19.3498823534811,-31.9217663759035,-44.6585673569413
487.166666666667,1.38507764117724,1.4560974770698,0.991353907049892,-2.59355876126947,-9.83149410239706,-19.1457379593399,-31.731424517654,-44.5541511899692
487.333333333333,1.32817256460489,1.39777389773429,0.968838024132818,-2.55956418219353,-9.70312812071284,-18.9388941678189,-31.537987593374,-44.4435678184426
487.5,1.27035742324273,1.33916506042453,0.946105232751562,-2.52570290962009,-9.57300512420877,-18.7294293458597,-31.3417066270829,-44.3271211486415
487.666666666667,1.21163956825816,1.28032280170236,0.923303296188772,-2.49183224611184,-9.44117732270672,-18.5174054178369,-31.1428019063477,-44.2050812247689
487.833333333333,1.15204861519165,1.22131122528675,0.900565590563715,-2.45783008855785,-9.30768989658236,-18.3028680279407,-30.9414627665576,-44.077684465031
488,1.09163600066091,1.16220619255854,0.87801081601507,-2.42359504228281,-9.17258128046713,-18.0858467815759,-30.7378471869537,-43.9451337471753
488.166666666667,1.03047452016702,1.10309478464089,0.855742691494412,-2.38904654338575,-9.0358835296631,-17.8663555524892,-30.5320812394474,-43.8075983871575
488.333333333333,0.96865785733076,1.04407474868502,0.833849638868532,-2.35412498411499,-8.89762275427166,-17.6443928422905,-30.3242584310426,-43.6652140540579
488.5,0.906300114821649,0.985253941023158,0.812404462262686,-2.31879183605411,-8.75781960606044,-17.4199421790108,-30.1144389802645,-43.5180826635618
488.666666666667,0.843535357142618,0.926749779893891,0.791464028832014,-2.28302976585101,-8.61648980312619,-17.1929725413354,-29.902649067302,-43.3662722911437
488.833333333333,0.780517175307707,0.868688720493914,0.771068957414252,-2.24684273816314,-8.47364467744956,-16.9634387951767,-29.68888009651,-43.2098171444604
489,0.717418283305253,0.811205765153644,0.751243321779269,-2.21025610041512,-8.32929173047774,-16.7312821292941,-29.4730880084639,-43.0487176323028
489.166666666667,0.654430156080398,0.754444021462905,0.731994375436598,-2.17331664386715,-8.18343518190825,-16.496430476748,-29.2551926769186,-42.882940564794
489.333333333333,0.591762718605668,0.698554321176075,0.713312305176409,-2.13609263537276,-8.03607649687819,-16.2587989090657,-29.0350774238703,-42.7124195163914
489.5,0.529644095440926,0.643694912688275,0.695170020683906,-2.09867381406477,-7.88721487678382,-16.0182899901229,-28.8125886835784,-42.5370553797906
489.666666666667,0.468320430019556,0.590031239781818,0.677522987665047,-2.06117134704908,-7.73684769896229,-15.7747940768798,-28.5875358440385,-42.356717135196
489.833333333333,0.408068717758598,0.537734363534562,0.660282195916029,-2.02370125613336,-7.58499113414681,-15.5282923847702,-28.3595666293709,-42.1710740686804
490,0.349179848172457,0.486974155678693,0.643332898186519,-1.98636354974583,-7.43166503103078,-15.2788456946674,-28.1281772665307,-41.9796176334969
490.166666666667,0.291937585236858,0.437917772839394,0.626571167916709,-1.94924797404338,-7.27686520762753,-15.0264861892812,-27.8928430053761,-41.7818414410903
490.333333333333,0.236619014776901,0.390730123416962,0.609904166787715,-1.91243365254058,-7.12056368769589,-14.7712179080145,-27.6530193782958,-41.5772421357493
490.5,0.183494928867896,0.345574252323639,0.593250337208629,-1.87598880461398,-6.96270892906365,-14.5130171620867,-27.4081436913191,-41.3653204446603
490.666666666667,0.132778432334179,0.302560068978876,0.576508593568724,-1.84001511699623,-6.80331701823976,-14.2519954158727,-27.1578230901676,-41.1456585200188
490.833333333333,0.0846152708503969,0.261742552945079,0.559569310709842,-1.80463537744824,-6.64247667519837,-13.9883933452578,-26.9018679120508,-40.9179577170864
491,0.0391307829289309,0.223172591911068,0.542350855869039,-1.76994269084284,-6.48026087200492,-13.7224158178967,-26.6401211995136,-40.6819800362998
491.166666666667,-0.0035699810502301,0.186897203625725,0.524799706857479,-1.73600046041385,-6.31672706036865,-13.4542327597482,-26.3724583450106,-40.437546745184
491.333333333333,-0.0434022024572869,0.15295969127968,0.506890524540478,-1.70284242356874,-6.15191742394611,-13.1839801643775,-26.0987868645789,-40.1845369536751
491.5,-0.080301283405134,0.121399751053527,0.488626194458012,-1.6704727247059,-5.98585914796148,-12.9117612136473,-25.8190462578917,-39.9228861381103
491.666666666667,-0.114222864204738,0.0922535500429063,0.470037852090026,-1.63886600784356,-5.81856469863943,-12.6376474769874,-25.5332079138181,-39.6525846123699
491.833333333333,-0.145142852768909,0.0655537922084268,0.451184905888709,-1.60796751227759,-5.6500321048961,-12.3616801553956,-25.241275024052,-39.373675948941
492,-0.173057449854649,0.0413297894189315,0.432155071795859,-1.57769315491248,-5.48024523466824,-12.0838713356754,-24.9432824719121,-39.0862553575038
492.166666666667,-0.197983154416359,0.0196075540974476,0.413064432562834,-1.54792958332802,-5.30917405814633,-11.8042052201299,-24.6392966685884,-38.7904680335659
492.333333333333,-0.219956733672154,0.000409929478373927,0.394057534819273,-1.51853418402825,-5.13677488998147,-11.5226392969512,-24.3294153144622,-38.4865074942909
492.5,-0.239035142734461,-0.0162432269208093,0.375307536520291,-1.48933503064686,-4.96299060223254,-11.2391054167804,-24.0137670682543,-38.1746139226539
492.666666666667,-0.255295378794907,-0.0303347912820455,0.357016417165831,-1.46013075713112,-4.78775079938248,-10.9535107412919,-23.6925111112734,-37.8550725441325
492.833333333333,-0.268834254856697,-0.0418500376973179,0.339415263053541,-1.43069034107646,-4.61097194616545,-10.6657385300587,-23.3658365976283,-37.5282120621017
493,-0.279768077852048,-0.0507762032882833,0.322764639818963,-1.40075278241916,-4.4325574381975,-10.3756487323015,-23.0339619836571,-37.1944031787988
493.166666666667,-0.288136101276487,-0.0569762929911395,0.307442476424939,-1.36992338583982,-4.2522901670328,-10.082984725893,-22.6969829290053,-36.8538171125514
493.333333333333,-0.293899299929606,-0.0602076873713837,0.293899403990077,-1.33771854772043,-4.06987103630932,-9.78740260264146,-22.3548775875538,-36.506435073812
493.5,-0.297036119426104,-0.0602574112661587,0.282548719332605,-1.30369161484158,-3.88504562284204,-9.48857945519445,-22.0076605980591,-36.1522932389604
493.666666666667,-0.297542704106175,-0.056942429966736,0.27376611389575,-1.26743304944452,-3.69760422872283,-9.18621340637159,-21.6553827352315,-35.7914825347199
493.833333333333,-0.295433189563825,-0.0501100213423704,0.267889347452725,-1.22857068343222,-3.50738205949635,-8.88002352481455,-21.2981303716038,-35.4241484629807
494,-0.29069874152027,-0.039533243575242,0.265285534164802,-1.18672533706756,-3.31415447874578,-8.56985095633845,-20.9360639042537,-35.050267752549
494.166666666667,-0.283310412811655,-0.0249297270409703,0.266330631677214,-1.14153491503659,-3.11765710897371,-8.25567852783869,-20.569404307618,-34.6696530778093
494.333333333333,-0.273262024107003,-0.006076081216702,0.27133155848,-1.09271138100328,-2.91770065568012,-7.93753888178812,-20.1983882948777,-34.2821800040876
494.5,-0.260570503271546,0.0171918108037021,0.280526013641678,-1.04004114949319,-2.71417057962587,-7.61551396263752,-19.8232693263246,-33.8877883754773
494.666666666667,-0.245276229939595,0.0449784315519732,0.294082216074812,-0.983385439210553,-2.50702664864516,-7.28973449573896,-19.4443184568489,-33.4864832119146
494.833333333333,-0.227443370864314,0.0773282280096548,0.312098588790055,-0.922680580194114,-2.29630237292865,-6.96037944671065,-19.0618250354593,-33.0783351729121
495,-0.207160192812269,0.114225194285197,0.334603412056885,-0.857938269101831,-2.08210433023863,-6.6276754516208,-18.67609726966,-32.663480644331
495.166666666667,-0.184539340986703,0.155592460950388,0.361554467905012,-0.789245768697398,-1.864611390458,-6.29189621157825,-18.2874626676157,-32.2421215035203
495.333333333333,-0.159718072131271,0.201291912537137,0.392838697042598,-0.716766049248088,-1.64407385212369,-5.95336184910048,-17.8962683711853,-31.8145246169727
495.5,-0.132858432515414,0.251123853623268,0.428271888110365,-0.640737870980569,-1.42081250703338,-5.6124382277873,-17.5028813929364,-31.3810211232031
495.666666666667,-0.104147371864129,0.304826743165728,0.467598418304319,-0.561475807924767,-1.19521765250277,-5.26953624114552,-17.107688770003,-30.9420055517094
495.833333333333,-0.0737967848964198,0.36207701633931,0.510491063852275,-0.479370214346515,-0.967748074216857,-4.92511108064669,-16.7110976469864,-30.4979348264734
496,-0.0420434724065635,0.422489013170064,0.556550898680321,-0.394887135471122,-0.738930025665321,-4.57966149699736,-16.3135352988941,-30.0493271994128
496.166666666667,-0.0091490136932395,0.4856150337689,0.605307299908625,-0.308568164279649,-0.5093562326553,-4.2337290718797,-15.9154491032783,-29.5967611554071
496.333333333333,0.0246004584532691,0.550945541021293,0.656218079616617,-0.221030245770831,-0.279684953109821,-3.88789751978665,-15.5173064682194,-29.1408743259786
496.5,0.0589666345924651,0.618041678434785,0.708847469087341,-0.132758658239842,-0.0504526510326898,-3.54266863481131,-15.1195106978295,-28.6821664745435
496.666666666667,0.093773389094312,0.686566051112233,0.762911645072013,-0.0440633589884106,0.177966382270627,-3.19842291659056,-14.7223693668459,-28.2209730618502
496.833333333333,0.128841984211211,0.756166106010313,0.818124025831128,0.0447360498915687,0.405193662717719,-2.85552333694544,-14.3261625361771,-27.7576476297126
497,0.163991230532764,0.826474442046961,0.874195723882041,0.133310249108317,0.630846339250954,-2.51431546072227,-13.9311428304674,-27.2925611772055
497.166666666667,0.19903757233381,0.897109096239351,0.930836027418971,0.221319955404194,0.854536584953762,-2.17512790658992,-13.5375356520709,-26.8261018050874
497.333333333333,0.23381753550877,0.967763985984197,0.987759805374941,0.308491547348033,1.07598720626279,-1.83838572015118,-13.1455588152565,-26.3585503023759
497.5,0.268198470210155,1.03823022044738,1.04470585342764,0.394635598906928,1.29504356922558,-1.50458483074616,-12.755426471805,-25.8900755795492
497.666666666667,0.302061469731337,1.10831655081915,1.10143904818718,0.479580128403916,1.51156303287805,-1.17416624830834,-12.3673306338352,-25.4208561906608
497.833333333333,0.335301303168022,1.17784937112078,1.1577503222,0.563170422423224,1.72541465551706,-0.847515911469267,-11.9814401080841,-24.9510797946794
498,0.367826314374102,1.24667267919656,1.21345661358124,0.645268812519385,1.9364788568911,-0.524964690881179,-11.5978998082139,-24.480942783593
498.166666666667,0.399558294198179,1.31464800473096,1.26840079429922,0.725754413937282,2.14464704700992,-0.206788530126159,-11.2168304074002,-24.0106500638065
498.333333333333,0.430432332824626,1.38165431109887,1.32245158110944,0.804522835451541,2.34982123206234,0.106791293893574,-10.8383282910611,-23.540414975593
498.5,0.460396658878828,1.4475878778356,1.37550343310865,0.881485869320235,2.55191360774367,0.415607810145864,-10.4624657670257,-23.0704593338869
498.666666666667,0.489412471799566,1.5123621705056,1.42747643985744,0.956571170238008,2.75084615014258,0.719547912650665,-10.089291487641,-22.6010135723781
498.833333333333,0.517453773838061,1.57590770475536,1.47831620400619,1.02972193208119,2.94655021422811,1.0185518617068,-9.71883103527939,-22.1323169715716
499,0.544507207922366,1.63817191136192,1.52799372236246,1.1008965711796,3.13896614992165,1.31261275105395,-9.35108761945896,-21.664617950135
499.166666666667,0.570571907531743,1.69911900913459,1.57650526936193,1.17006842483825,3.32804294574087,1.60177596680322,-8.98604283036445,-21.1981743974202
499.333333333333,0.595659364667947,1.75872989260236,1.62387228696126,1.23722547388398,3.51373791007309,1.88613866594999,-8.62365739000529,-20.7332540234797
499.5,0.619793321993644,1.81700204152588,1.67014128506569,1.30237009813948,3.69601640027985,2.16584930425398,-8.26387183859003,-20.2701347011653
499.666666666667,0.643009695240404,1.87394945941936,1.71538375674983,1.36551887394526,3.87485161006122,2.44110724521518,-7.90660708995361,-19.8091047729995
499.833333333333,0.665343637296921,1.92954031660833,1.75965992416072,1.42669004011307,4.05015357694716,2.71211751898077,-7.55184235886595,-19.3504011308073
500,0.686825362275181,1.98369435927663,1.80300486488618,1.48589345501577,4.22176769711236,2.97907093679102,-7.19962827558223,-18.8942091514983
500.166666666667,0.707490933017168,2.03634381077964,1.84545744449959,1.54313771985183,4.38954474247687,3.24217905935381,-6.85001584137326,-18.4407246634213
500.333333333333,0.727382228526962,2.0874332285191,1.8870599406514,1.5984298607725,4.55334071786861,3.50167416098683,-6.50305616963323,-17.9901535707458
500.5,0.74654691031361,2.13691940099964,1.92785774099516,1.65177505972139,4.71301673184465,3.75780934840002,-6.15879980072866,-17.5427111752471
500.666666666667,0.765041437987426,2.18476096992451,1.96781308294586,1.7031177050044,4.86843335251253,4.01066774225399,-5.81733574021756,-17.0985356509749
500.833333333333,0.782918968260777,2.23091054113703,2.00680626066111,1.75234988721286,5.01945836033651,4.26014426167084,-5.47878881364852,-16.6576839419674
501,0.800220381872395,2.27532112189351,2.04472238862561,1.79937465314298,5.16597635357886,4.50612762035426,-5.14327868893343,-16.2202154715365
501.166666666667,0.816974478875534,2.31794630144748,2.08145160566824,1.84410632021959,5.30788899712129,4.74850045558198,-4.81092013106743,-15.7861920211945
501.333333333333,0.833198215101226,2.35874054161753,2.11688937325659,1.88647079786754,5.44511529225132,4.98713947522808,-4.48182325140391,-15.3556775561221
501.5,0.848896973580728,2.39765955991686,2.15093685155697,1.92640591055192,5.57759186329605,5.22191562134166,-4.15609374963798,-14.9287379988306
501.666666666667,0.864064864738511,2.43466078816429,2.18350133702095,1.96386171743822,5.70527325731696,5.45269424898033,-3.8338331467741,-14.5054409529037
501.833333333333,0.878685049192585,2.46970388963734,2.21449674532616,1.99880082383777,5.828132253378,5.67933531910686,-3.51513900757113,-14.0858553789734
502,0.892730077024119,2.50275131781488,2.24384412340464,2.03119867979692,5.94616017816031,5.90169360440827,-3.20010515125341,-13.6700512253919
502.166666666667,0.906162237402889,2.53376889962814,2.27147217407969,2.06104386135622,6.0593672249137,6.11961890689454,-2.88882184963245,-13.2580990164228
502.333333333333,0.91893391247879,2.56272642593324,2.29731777653949,2.08833833013969,6.1677827729018,6.33295628608164,-2.58137601218342,-12.8500694011828
502.5,0.930987929472807,2.58959823167438,2.32132648554378,2.11309766703073,6.27145570460907,6.54154629647065,-2.27785135804232,-12.4460326670466
502.666666666667,0.942257904921744,2.61436374795973,2.34345299192276,2.13535127574148,6.37045471802768,6.74522523290387,-1.97832857531845,-12.0460582217776
502.833333333333,0.952668575050637,2.63700800806168,2.3636615266261,2.15514255208334,6.46486863132782,6.94382538222233,-1.68288546852933,-11.6502140492772
503,0.962136106262834,2.65752208921483,2.38192619034945,2.17252901469113,6.55480667713069,7.13717527947118,-1.39159709534737,-11.2585661445748
503.166666666667,0.970559608081403,2.67584472174096,2.39819385760953,2.18756658935876,6.64037012178277,7.32511384031151,-1.10454204174343,-10.8711762684594
503.333333333333,0.977823276661934,2.69186282125708,2.41239524668663,2.20031558991871,6.72164312470619,7.50749889820842,-0.821796296294973,-10.488102076708
503.5,0.983806316136457,2.70547061674217,2.42448789520871,2.2108595552254,6.79871694548969,7.68419766342473,-0.543424118318102,-10.109398655847
503.666666666667,0.988383073524016,2.71656981511102,2.43445630011568,2.21930526546136,6.87169011590254,7.85508683586569,-0.269478221496044,-9.73511808744064
503.833333333333,0.991423100304909,2.72506965600664,2.44231198028699,2.22578268603383,6.94066852461685,8.02005264726463,0,-9.36530903129009
504,0.992778204510244,2.73088830862909,2.44812037744353,2.23042836200209,7.00578566275361,8.17909366674249,0.264855546017277,-9.00018510939359
504.166666666667,0.992299305991793,2.73395949090981,2.45198196648442,2.2333645081246,7.0671871385776,8.33230926247934,0.524829410439266,-8.64010390993768
504.333333333333,0.989857373352074,2.73423381004949,2.45399553411135,2.2347047194417,7.12500261977119,8.47979122270747,0.77968825854624,-8.28538813569477
504.5,0.985342921368197,2.73167812093057,2.45425774162613,2.23455358259991,7.17934576004199,8.62162403994055,1.02922455144598,-7.93632615253311
504.666666666667,0.978665606416996,2.72627498528399,2.45286276347743,2.23300638909132,7.23031417513012,8.75788521467011,1.27325659315933,-7.5931726549902
504.833333333333,0.969753910697982,2.71802222358201,2.44990199604146,2.2301489416534,7.27798947075759,8.88864558361862,1.51162850808834,-7.2561494346266
505,0.958554905941456,2.70693255149723,2.44546383098746,2.2260574449234,7.32243732420535,9.01396967637468,1.74421015632434,-6.92544623560199
505.166666666667,0.945034087324518,2.69303329281943,2.43963348756743,2.22079847143598,7.36370762062593,9.13391610323624,1.97089699456631,-6.60122168017787
505.333333333333,0.929175268475546,2.6763661609325,2.43249289826773,2.21442899417511,7.40183464485392,9.24853797630819,2.1916098911985,-6.28360424480329
505.5,0.910980528710182,2.65698710130589,2.42412064246518,2.20699647713036,7.43683732931986,9.35788336531015,2.40629490519842,-5.97269326523354
505.666666666667,0.890470203989232,2.63496618792635,2.4145919230318,2.19853901564912,7.46871955866511,9.46199578911303,2.61492303988787,-5.66855994691518
505.833333333333,0.867682913504993,2.61038756716984,2.40397858122485,2.18908551880987,7.49747053176169,9.56091474371406,2.81748998399426,-5.37124835476839
506,0.842675614269188,2.5833494432697,2.39234914567429,2.17865592655648,7.52306518202668,9.65467626715336,3.01401585396523,-5.08077635461339
506.166666666667,0.815523676575854,2.55396410025699,2.37976891183133,2.1672614549218,7.54546465715748,9.74331354174794,3.20454495291191,-4.79713647689015
506.333333333333,0.786320973728184,2.52235795601199,2.36630004886108,2.15490486332215,7.56461685967248,9.82685753395255,3.38914556290555,-4.52029667204869
506.5,0.755124929222389,2.48858578239583,2.35190998647883,2.14151118789121,7.58044925593271,9.9053212695319,3.56786747621326,-4.2501927208397
506.666666666667,0.721960545195329,2.45262906112223,2.33646277270799,2.12692599720386,7.592873237918,9.97869929035806,3.74074530153537,-3.9867226667531
506.833333333333,0.686877235742895,2.41448072040602,2.31980625069678,2.11098385386423,7.60179398208787,10.0469836725772,3.90784195983667,-3.72975289880004
507,0.649948474498792,2.37414468596981,2.30177171163559,2.09350803730471,7.60711044767444,10.1101640327702,4.06924800844139,-3.4791191607451
507.166666666667,0.611271338048032,2.33163532805236,2.28217345745413,2.0743101502411,7.60871529069695,10.1682274289618,4.22508096266152,-3.23462748590919
507.333333333333,0.570869821037947,2.28685114882311,2.26072085234903,2.05308632012118,7.60638724543298,10.2210645204789,4.37533332604479,-2.99629515185583
507.5,0.528693476165963,2.23959327903497,2.23706292282328,2.02946189927947,7.59982943005512,10.2684984063067,4.5198781672618,-2.76434069509362
507.666666666667,0.484713037147901,2.18970064699335,2.21089833929585,2.00311723374522,7.58879577024088,10.3103926171026,4.65862357639819,-2.53893844551892
507.833333333333,0.438920533582239,2.13705019164649,2.18197564141895,1.9737877379887,7.57309078664168,10.3466510209193,4.7915129894589,-2.32021826069101
508,0.391329489065322,2.08155717311113,2.15009353039213,1.94126406095531,7.55256948096406,10.377217805497,4.91852556689488,-2.10826521551413
508.166666666667,0.341975186105562,2.02317555846143,2.1151012104142,1.90539232332458,7.52713730309378,10.4020775217733,5.03967660856746,-1.90311926378334
508.333333333333,0.290914981844102,1.96189846123107,2.07689876194025,1.8660744066598,7.49675018197472,10.4212551734154,5.15501798840061,-1.70477488720113
508.5,0.238228659258436,1.89775861403431,2.03543753029557,1.82326827614905,7.46141460352093,10.4348163376593,5.26463859312548,-1.51318074629684
508.666666666667,0.184018799372398,1.83082885495228,1.99072051438791,1.77698831993422,7.42118771966489,10.4428673035126,5.36866475094843,-1.32823934623357
508.833333333333,0.128411160985959,1.76122260979848,1.94280274169277,1.72730568952569,7.37617747368874,10.4455552143952,5.46726063761601,-1.14980672882322
509,0.0715550555304638,1.68909435400719,1.89179161729623,1.67434862744656,7.32654272820114,10.4430682035064,5.56062864914612,-0.977692200256353
509.166666666667,0.0136237058040505,1.61464003961106,1.83784723649096,1.61830276997189,7.27249338345079,10.4356355115508,5.64900973237166,-0.811658102162705
509.333333333333,-0.0451854215053105,1.53809747450468,1.78118265214944,1.55941141454632,7.2142904750379,10.4235275778568,5.73268366631836,-0.651419631732637
509.5,-0.10465031850028,1.45974664284769,1.72206408975841,1.49797574309811,7.15224624142043,10.4070560973021,5.8119692892302,-0.496644714836599
509.666666666667,-0.164524181962028,1.37990995694763,1.66081110449422,1.43435499392712,7.08672415282733,10.3865740367223,5.88722466766552,-0.34695393447268
509.833333333333,-0.224450850193342,1.2990440725366,1.59781212644225,1.36900499277139,7.01819928178107,10.3625289511814,5.9590047047422,-0.201726193457851
510,-0.283988577769565,1.217717719639,1.53352063727219,1.30246778154244,6.94724583108402,10.3354504667137,6.02802166899859,-0.0601349317537352
510.166666666667,-0.342706221394097,1.13650893416522,1.46843779642506,1.23532816648014,6.87447051936148,10.3058906481973,6.09496836450436,0.0786397838705186
510.333333333333,-0.400183236994378,1.05600489618177,1.40311229512251,1.16821373171075,6.80051241396164,10.2744238085268,6.16051842113363,0.215411413387043
510.5,-0.456009849946296,0.97680158032427,1.3381400286087,1.10179459603458,6.72604256257371,10.2416461532624,6.22532627012179,0.350986757561881
510.666666666667,-0.509859448599339,0.899371065005731,1.27398588581068,1.03657615186271,6.65157695355505,10.208051857248,6.28994281396514,0.485969496100368
510.833333333333,-0.56150302855964,0.82403056691515,1.21093799233579,0.972854982162051,6.57743610738891,10.1739935872504,6.354783390411,0.620733961702462
511,-0.610744543273606,0.751058878913346,1.14926220416508,0.910903218398311,6.50391106480835,10.1397859112966,6.42019539136873,0.755607394006914
511.166666666667,-0.657421269106941,0.680695894521741,1.08920148948347,0.850967832055575,6.43126280491055,10.105704787858,6.48645758739256,0.89086885606141
511.333333333333,-0.701404148704481,0.613142185763657,1.03097534991343,0.793269931878995,6.3597216895833,10.0719871021549,6.55377946198619,1.02674809993134
511.5,-0.742598114290162,0.54855862900329,0.974779284146726,0.738004076107167,6.2894869361913,10.0388302495042,6.62230057713795,1.16342440946939
511.666666666667,-0.780942392508461,0.487066073463931,0.920784296815321,0.685337609232343,6.22072612101229,10.0063917658852,6.69208999116098,1.30102544876012
511.833333333333,-0.816410792308786,0.428745047200084,0.869136455337765,0.635410033251234,6.15357471662811,9.97478900624241,6.76314574969647,1.4396261454468
512,-0.849011977237636,0.373635495444847,0.819956497428892,0.588332423922951,6.08813566732229,9.94409887144079,6.83539447063707,1.57924763901851
512.166666666667,-0.878789723340641,0.321736546444857,0.773339491971647,0.544186903196864,6.0244790074632,9.91435758522365,6.90869104374816,1.71985632517454
512.333333333333,-0.905823163693906,0.273006300127179,0.729354556025453,0.503026179674508,5.96264152880731,9.88556052295232,6.98281846592854,1.86136302859091
512.5,-0.930227020388346,0.227361635212041,0.688044630890431,0.46487316968079,5.9026265035849,9.85766209430892,7.05748783338944,2.00362233780146
512.666666666667,-0.952151824587884,0.184678030689825,0.649426320363853,0.429720712188938,5.84440347106642,9.83057568248647,7.13233851256729,2.14643213747413
512.833333333333,-0.971784125076785,0.144789397919803,0.613489794619034,0.397531391415715,5.78790809598731,9.80417364264813,7.20693851234171,2.28953337510484
513,-0.989346685503628,0.107487919984559,0.580198763511572,0.368237481320994,5.7330421076672,9.77828736258536,7.28078508110254,2.43261010103239
513.166666666667,-1.00493561658282,0.072715012188511,0.549583075644134,0.341854759311195,5.67981890899275,9.75286671033712,7.35363989767925,2.57559248870517
513.333333333333,-1.01850853654388,0.04056884110923,0.521731143917064,0.318481641276435,5.62836537066582,9.72797901964242,7.42555133868065,2.71868192345226
513.5,-1.0300416623237,0.0111170135149423,0.496693576529852,0.298184951176183,5.57877714075605,9.7036492141951,7.49653103561519,2.86206100007058
513.666666666667,-1.03952982685516,-0.0156034280890152,0.474483162484258,0.280999874444561,5.53111863687777,9.6798597737853,7.5665538785565,3.00589390527053
513.833333333333,-1.04698651922945,-0.0395860345607895,0.455074844678603,0.266929886031156,5.48542299860263,9.65655066015523,7.63555798525306,3.15032684529636
514,-1.05243105859107,-0.060792679996988,0.438441863005267,0.255959029474714,5.4417628411018,9.63366415937557,7.703522200195,3.29542635516429
514.166666666667,-1.05588451956164,-0.0791510544404248,0.424569515989801,0.248061727199094,5.40025152576906,9.61116446243683,7.77047900432772,3.44117960372409
514.333333333333,-1.05738061221071,-0.0946156463476637,0.41342611356795,0.243195450001538,5.36097295588451,9.5890025146146,7.83644355813739,3.58755690216677
514.5,-1.05696573267607,-0.107167678846593,0.404963233893961,0.241300856172304,5.32398156262551,9.56711602243957,7.9014138953661,3.73451207897153
514.666666666667,-1.05469900310123,-0.116815085262107,0.39911590008575,0.242301913651332,5.28930231095929,9.54542949197997,7.96537113184473,3.88198279834245
514.833333333333,-1.05065230118669,-0.123592517964244,0.395802686711493,0.246106008074853,5.25693072512291,9.52385429595059,8.02827968774186,4.02989082804007
515,-1.0449102797065,-0.127561385043184,0.394925765497403,0.25260403959725,5.22683293329824,9.50228876712548,8.09008752158081,4.17814226285998
515.166666666667,-1.03757037639545,-0.128809909608991,0.396370899550667,0.261670511368019,5.19894573097555,9.48061831550338,8.1507263744227,4.32662771025481
515.333333333333,-1.02874281466394,-0.127453206669975,0.40000739532821,0.273163612510507,5.17317666237498,9.45871556666173,8.21011202266039,4.47522244475575
515.5,-1.01855059564455,-0.12363337257914,0.405688021624056,0.286925298397189,5.14940411916998,9.43644051873809,8.26814453792153,4.62378653794155
515.666666666667,-1.00712948211486,-0.117519581971866,0.413248904979072,0.302781370952373,5.12747745563582,9.4136407154998,8.32470855264521,4.77216497074382
515.833333333333,-0.994627974872672,-0.109308186963413,0.422509411122362,0.320541561647565,5.10721711923884,9.390151433006,8.37967352997938,4.92018773488567
516,-0.981207282161455,-0.099222813152491,0.433272022315376,0.339999619792427,5.0884147955924,9.36579587743103,8.43289403674742,5.0676699302409
516.166666666667,-0.967041282753901,-0.0875144467027207,0.445322220771965,0.360933408673827,5.07083356664037,9.34038539170403,8.48421001835368,5.21441186489156
516.333333333333,-0.952316483299194,-0.0744615064693288,0.45842838865071,0.383105012062563,5.05420808089338,9.31371966872617,8.53344707463762,5.36019916466554
516.5,-0.937244959250865,-0.0603790804791804,0.472340030269558,0.406260960715995,5.03823550065503,9.28557473515565,8.58045660160048,5.50479015003011
516.666666666667,-0.92204408498132,-0.0455905900925111,0.486814457721234,0.430156390938194,5.02260163522908,9.25573288763318,8.62513549337739,5.64793721436368
516.833333333333,-0.906913333173401,-0.0304043868694353,0.501631816980836,0.454567027257714,5.0070033069754,9.22400997681558,8.66739632458644,5.78940988860812
517,-0.892034157805691,-0.0151136917568255,0.516595046178584,0.479289217659672,4.99114846300377,9.19025553451782,8.70716762428469,5.92899443060747
517.166666666667,-0.877569879865998,3.48289045559724e-06,0.531529853588725,0.504139947335902,4.97475624169601,9.15435283447911,8.74439405701541,6.06649346735885
517.333333333333,-0.863656803695987,0.0147431894913586,0.546322065014676,0.528972640996315,4.95758565875727,9.11620501670057,8.77904266824637,6.20172402783071
517.5,-0.850405997803333,0.028975416133362,0.560906747457427,0.553671212845875,4.93944499756774,9.07572674812437,8.81109666280391,6.33451801926802
517.666666666667,-0.837912893449023,0.0425852911702835,0.575225367208436,0.578131206377211,4.92016779559992,9.03285390352022,8.84054611833071,6.46472417694531
517.833333333333,-0.826257143288994,0.0554731719838728,0.58922572104928,0.60225970200464,4.89961280858397,8.98754353483328,8.86738796227653,6.59220810687199
518,-0.815502460344948,0.0675547545430975,0.602861879143305,0.625975244935982,4.87766400281448,8.93977385308129,8.89162594568954,6.7168524083393
518.166666666667,-0.805696444098463,0.0787611971105955,0.616094136326642,0.649207788457907,4.85423056856533,8.88954421803381,8.91327061354816,6.83855686608681
518.333333333333,-0.796870401373996,0.0890392504798372,0.628888967910678,0.671898647241552,4.82924694696237,8.83687513027801,8.93233927081879,6.95723870099683
518.5,-0.789039170569093,0.0983513861470005,0.641218985513243,0.694000454717316,4.80267286205647,8.78180821964805,8.94885594287465,7.07283286707316
518.666666666667,-0.782200958676622,0.106675912855241,0.653062887854755,0.715477118030052,4.77449334925146,8.72440622337892,8.96285132837687,7.18529238108395
518.833333333333,-0.776337201388841,0.114007071031341,0.664405400908062,0.736303763584031,4.74471877068859,8.66475294676183,8.97436274221541,7.29458866971378
519,-0.771412457340301,0.120355093800196,0.675237201292657,0.75646666573433,4.71338480768309,8.60295319854194,8.98343404564872,7.40071191745675
519.166666666667,-0.767374348191969,0.12574622255513,0.685554816379113,0.775963150797263,4.68055241986939,8.53913269283247,8.99011556038483,7.50367139688266
519.333333333333,-0.764153556738646,0.130222664524193,0.695360494237082,0.794801468254386,4.64630776035713,8.47343790894354,8.99446396303032,7.60349576143192
519.5,-0.761663895487088,0.133842479451475,0.704662036344289,0.813000620833573,4.61076203595016,8.40603590026085,8.99654215611583,7.70023327965956
519.666666666667,-0.759802458157437,0.136679382452795,0.713472585894749,0.830590145084481,4.57405130135512,8.33711404318087,8.99641911180374,7.7939519889869
519.833333333333,-0.758497153903604,0.138752154687491,0.721742037109783,0.847553084364349,4.53626057842084,8.2668077334709,8.99417423314225,7.88473419541566
520,-0.757720594860837,0.140009406658187,0.729346609600762,0.863815776904009,4.49741011334577,8.19518241392909,8.98988787687232,7.97266534991694
520.166666666667,-0.757449939582918,0.140392069016924,0.736151884850553,0.879299416075981,4.45752398085063,8.12229645057337,8.98363191653103,8.05783386665786
520.333333333333,-0.757667237911234,0.139833018848833,0.742012579467524,0.89391980937323,4.41662976858187,8.04820081045463,8.97546943405662,8.14033081686749
520.5,-0.758359772060521,0.1382566902505,0.746772282042213,0.907587099331635,4.37475820022496,7.97293868228914,8.96545435397618,8.22024952198932
520.666666666667,-0.759465351077365,0.135664521058862,0.750354889643416,0.920274987575491,4.3319504790354,7.89656143144299,8.95367332261366,8.29767682666904
520.833333333333,-0.760876596981385,0.132136251466389,0.752773041352609,0.932022390649776,4.28825405628761,7.81912933133823,8.94024180464048,8.37268643642672
521,-0.762498061221213,0.127744814444701,0.754040688893941,0.942864829027897,4.24371286839094,7.74069567905815,8.92525999102688,8.44534396591131
521.166666666667,-0.764246196389793,0.122556368875097,0.754173135287481,0.952834478625299,4.19836738760677,7.66130685514284,8.90881288859639,8.51570699154125
521.333333333333,-0.766049280895606,0.11663037766551,0.753187095524945,0.961960246813815,4.1522546964378,7.58100240637774,8.89097043103026,8.58382512532418
521.5,-0.767847303579929,0.110019724095745,0.751100775747799,0.970267868972776,4.10540858180755,7.49981514779114,8.87178760790257,8.64974010638552
521.666666666667,-0.76959181532646,0.102770859565155,0.747933967363311,0.977780021574909,4.05785964510555,7.41777128003713,8.85130460830037,8.7134859067135
521.833333333333,-0.77124575467038,0.0949239759440794,0.743708152535955,0.984516447813047,4.00963542417912,7.33489051834885,8.82954697560122,8.7750888476507
522,-0.772783254294423,0.0865131958376952,0.73844661753335,0.990494091822276,3.96076052339817,7.2511862292948,8.80652577003514,8.83456772372342
522.166666666667,-0.774189435122111,0.0775667742361177,0.732174570476168,0.995727237628853,3.91125674799353,7.16666557164831,8.78223773574052,8.89193393048909
522.333333333333,-0.775460194498062,0.0681073052331256,0.724919260133945,1.00022764905658,3.86114323896576,7.08132963778017,8.75666546912617,8.94719159319203
522.5,-0.776601994700884,0.0581519277288187,0.716710092514299,1.00400470693342,3.81043660497073,6.99517359209701,8.72977758546715,9.00033769313941
522.666666666667,-0.777631657779438,0.0477125242761822,0.707578742106115,1.00706554006067,3.75915104770323,6.90818680316875,8.70152888078456,9.05136218883816
522.833333333333,-0.778576172452977,0.0367959074723161,0.697559254750022,1.00941514652621,3.7072984774151,6.82035296630806,8.67186048618201,9.1002481290605
523,-0.779472518582271,0.0254039885210657,0.686688139217838,1.01105650205736,3.65488861531197,6.73165021348,8.64070001192967,9.14697175512722
523.166666666667,-0.780319636813362,0.0135866658871528,0.675041349617848,1.01202365790263,3.6019864227471,6.64209206974084,8.6080151470081,9.1915819486362
523.333333333333,-0.781087494021924,0.00142755906738312,0.662720314611013,1.01237064286248,3.54869855892147,6.55172249814246,8.57380949491292,9.23418616668885
523.5,-0.781769472883061,-0.0110158343012756,0.649808077898182,1.0121329338305,3.49510937425689,6.46057262939234,8.53806702860648,9.27486407755243
523.666666666667,-0.782382305995439,-0.0237120581307289,0.636369356479621,1.01132751002878,3.44128103931947,6.36866083676689,8.50075212882686,9.31366762015914
523.833333333333,-0.782966022543777,-0.0366556292490925,0.622450591123174,1.00995289770218,3.38725362872996,6.2759927607954,8.46180961143554,9.35062105897688
524,-0.783668270675706,-0.0499586237800882,0.608064537404557,1.0079507868011,3.33298477761216,6.18250794586901,8.42100724588208,9.38552671108347
524.166666666667,-0.784720379017706,-0.0638283813071097,0.593194149359807,1.00521647414268,3.27836209303743,6.08809222532486,8.37797528349166,9.41800116473263
524.333333333333,-0.78634109428814,-0.0784647221616437,0.577809933475711,1.00164230467706,3.22326961895385,5.99263713986076,8.33238327567032,9.44768730650294
524.5,-0.788736605192936,-0.0940598941863904,0.561869990374152,0.997117558115729,3.16758776324998,5.89603983659256,8.28393970384877,9.47425404078135
524.666666666667,-0.792100501654757,-0.110798465689912,0.545320148701994,0.99152849558749,3.1111933334066,5.79820305751916,8.23239185613837,9.4973962828351
524.833333333333,-0.796613675743181,-0.128857169302125,0.528094180078178,0.98475854751557,3.05395967532179,5.69903521678122,8.1775259186441,9.51683519008045
525,-0.802444170774409,-0.148404701707595,0.51011408356385,0.976688624080772,2.99575691036662,5.59845056638528,8.11916725037386,9.53231859734265
525.166666666667,-0.809746985120489,-0.169601484425874,0.491290427902033,0.967197529722793,2.93645226597005,5.49636945027544,8.05718081150161,9.54362162274325
525.333333333333,-0.818663837320742,-0.192599390942459,0.471522739689548,0.956162463135047,2.87591049503559,5.39271864674756,7.99147171543014,9.55054741140226
525.5,-0.829322899127598,-0.217541445583586,0.450699925667989,0.943459584129959,2.81399437924954,5.2874317991969,7.92198587569805,9.55292798445143
525.666666666667,-0.841838503154491,-0.244561499587199,0.428700717424136,0.928964628588632,2.75056531083883,5.18044993504657,7.84871071931853,9.55062516095869
525.833333333333,-0.856310831827565,-0.273783889860195,0.405394126948817,0.912553552464465,2.68548394656954,5.07172207240686,7.77167593864635,9.54353152028733
526,-0.87282559438142,-0.305323085940247,0.38063990169184,0.894103185488918,2.61861092674002,4.96120591354764,7.69095425435032,9.53157137216902
526.166666666667,-0.891453698685709,-0.339283330709048,0.35428896794655,0.873491874838665,2.54980765061971,4.84886862361922,7.60666216251327,9.51470170135578
526.333333333333,-0.912250924746447,-0.375758280441739,0.326183851579713,0.850600098583914,2.47893709823082,4.73468769222865,7.51896063926672,9.49291305312306
526.5,-0.935229807676313,-0.414792498353054,0.296185494807434,0.825339409541479,2.40594545364673,4.61868673449996,7.42805693788335,9.46627218700707
526.666666666667,-0.960343451185825,-0.456360209469067,0.264192452836006,0.79766735082818,2.3308774411174,4.50094369447098,7.33421483609094,9.43494433891436
526.833333333333,-0.987505099871056,-0.500392685363262,0.230124151989858,0.767566665321966,2.25380323858874,4.38155994520374,7.23775843849536,9.3991626276194
527,-1.01658785580213,-0.54677793028622,0.193921090278297,0.735045566490723,2.1748187317162,4.26066038034431,7.13907198716638,9.35922831957873
527.166666666667,-1.04742439853417,-0.595360366210574,0.1555449788828,0.700137889342006,2.09404568608285,4.13839343464915,7.03859943194089,9.31551086162896
527.333333333333,-1.07996976943066,-0.64613164010403,0.114886260658718,0.662789366308046,2.01148623909955,4.01477169958852,6.93650938310983,9.26814497368202
527.5,-1.1143131340581,-0.699238000096253,0.0717717975433219,0.622858568214762,1.92702118691776,3.88967297413832,6.83267295576834,9.21700571235803
527.666666666667,-1.15052062714543,-0.754792860996802,0.0260613406610508,0.580231189499072,1.84055472708668,3.76300014084903,6.72698728438408,9.16199866453588
527.833333333333,-1.18863529172609,-0.812876705014581,-0.0223523730957726,0.534820120811429,1.75201448039114,3.63468115519269,6.61937554278792,9.10305979412598
528,-1.22867702269253,-0.873536995505952,-0.0735435382767442,0.486565510537937,1.66135150493111,3.50466902141307,6.50978694262926,9.0401552810975
528.166666666667,-1.2706425162228,-0.936788104966192,-0.127553212979277,0.435434814101099,1.56854030083822,3.3729417538469,6.39819671044962,8.97328135299747
528.333333333333,-1.314505226495,-1.00261125840783,-0.18438926688925,0.381422829962748,1.47357880409916,3.23950232279533,6.2846060436346,8.90246410897366
528.5,-1.36021533105334,-1.07095449318941,-0.244026346219781,0.324551721329146,1.37648836804644,3.10437858415622,6.16904204562912,8.82775933611807
528.666666666667,-1.40769970613239,-1.14173263627329,-0.306405856431255,0.26487102264259,1.2773137311794,2.9676231921733,6.05155764093853,8.74925231778039
528.833333333333,-1.45686191318554,-1.21482729980301,-0.371435963532869,0.202457630033067,1.17612297008593,2.82931349481339,5.93223147058389,8.66705763336157
529,-1.50758219780031,-1.29008689580101,-0.438991614681911,0.137415774995132,1.07300743634724,2.68955141144179,5.81116776883108,8.58131894898328
529.166666666667,-1.55971750211917,-1.36732667069968,-0.508914578715717,0.0698769806451908,0.968081676415953,2.54846329262448,5.68849622216477,8.49220879833717
529.333333333333,-1.61310149182256,-1.44632876033386,-0.581013507173943,0,0.861483333560449,2.40619976203654,5.56437181162491,8.39992835294246
529.5,-1.66754459866956,-1.52684226594353,-0.655064016298051,-0.0720292642035179,0.753373031060687,2.26293554059736,5.43897463976275,8.30470718097898
529.666666666667,-1.7228340795366,-1.60858335166435,-0.73080879043394,-0.145997858559642,0.643934235917158,2.11886925307565,5.31250974359878,8.20680299380686
529.833333333333,-1.77872718302821,-1.69122093378937,-0.807944352262894,-0.221670950045251,0.533393420137701,1.97423223896439,5.18517636549214,8.10649833631318
530,-1.83496562678924,-1.77439610756778,-0.886139686723121,-0.29880225376811,0.422011621272451,1.82928186338499,5.05716281231603,8.00408499369051
530.166666666667,-1.89128979454399,-1.85774637238136,-0.965059008520571,-0.377134295119398,0.310059880161812,1.68428925550763,4.92867444458304,7.8998590914396
530.333333333333,-1.9474388276187,-1.94090578683166,-1.04436194768146,-0.456398592100012,0.19781913753496,1.53953935062408,4.79993363552723,7.79412080897195
530.5,-2.00315071398098,-2.02350512633388,-1.12370374165579,-0.536315843421091,0.085580112977176,1.3953309024459,4.67117971446838,7.68717409196741
530.666666666667,-2.05814938654663,-2.10516285759806,-1.20273372876351,-0.61659623005647,-0.0263475999580283,1.25198869909073,4.54262902788734,7.57933911025691
530.833333333333,-2.11216502620244,-2.18551366010313,-1.28112227305845,-0.696963640405662,-0.137661632853994,1.10983379838625,4.41445542232546,7.47093073175565
531,-2.16495729049698,-2.26423198277452,-1.35857598641373,-0.777167709253463,-0.248089184046772,0.969156384685339,4.28682022759588,7.36223533190808
531.166666666667,-2.21631545471476,-2.34103221936658,-1.43483782811405,-0.856983897098083,-0.357387116994063,0.830215749511386,4.15987212782061,7.25351110473889
531.333333333333,-2.26605854721981,-2.41566885513932,-1.50968715812335,-0.936213533928557,-0.465342026036691,0.693240303190884,4.03374710366293,7.14498835164959
531.5,-2.31403548050692,-2.48793658877125,-1.58293974942389,-1.01468383208545,-0.571770274002572,0.558427611636591,3.90856843495866,7.03686974862641
531.666666666667,-2.36012517923109,-2.55767043329769,-1.65444776483187,-1.09224787277,-0.676518006011815,0.425944452538532,3.78444675311621,6.92933059092215
531.833333333333,-2.40423670613669,-2.62474579949853,-1.72409970354139,-1.16878457056341,-0.779461143625259,0.295926885469274,3.66148013295486,6.82251901326182
532,-2.44630938629764,-2.68907856460796,-1.79182032235439,-1.24419861999988,-0.880505363154593,0.168480330791829,3.53975421406412,6.71655618312407
532.166666666667,-2.48631292943027,-2.75062512850618,-1.85757053614123,-1.31842042782154,-0.979586061537165,0.0436796527500714,3.41934234227382,6.61153646460784
532.333333333333,-2.5242475492812,-2.80938245871471,-1.92134730157057,-1.39140603405594,-1.07666831269397,-0.0784307573053544,3.30030572239965,6.50752755074727
532.5,-2.5601440782463,-2.86538812458035,-1.98318348757013,-1.46313702451307,-1.17174681675176,-0.197836900970421,3.18269357405394,6.40457056283959
532.666666666667,-2.5940640744824,-2.91872032003974,-2.04314773536028,-1.53362043672645,-1.26484584394402,-0.314555098874747,3.06654328295735,6.30268011634242
532.833333333333,-2.6260999178619,-2.96949787334357,-2.10134431026535,-1.6028886607833,-1.35601917443128,-0.428631924893363,2.95188054083373,6.20184435412236
533,-2.65637489023727,-3.01788024113541,-2.15791294688424,-1.67099933592986,-1.44535003472521,-0.540144149941019,2.83871946758598,6.10202494922513
533.166666666667,-2.68501725565825,-3.06403563936944,-2.21300329938269,-1.73803122547038,-1.53293655433012,-0.649197322331097,2.72705078117529,6.00318163765018
533.333333333333,-2.71214977247626,-3.10812522461039,-2.26675834785185,-1.80407543470279,-1.61888421273901,-0.755919571437533,2.61684369594011,5.90528226175985
533.5,-2.73791038577694,-3.15032693702613,-2.31933135907694,-1.86923491651517,-1.7033163893633,-0.860459716447314,2.50805888324829,5.80828320499042
533.666666666667,-2.76245214013716,-3.19083532678829,-2.37088564470251,-1.93362425338048,-1.786374121039,-0.962987004605662,2.40064861677595,5.71212934924167
533.833333333333,-2.78594302959618,-3.22986132711947,-2.42159430407942,-1.99736941368131,-1.86821583405486,-1.06369081790701,2.29455692183051,5.61675405258927
534,-2.8085184898959,-3.26756167253897,-2.47157162365857,-2.06055073167807,-1.94894145148729,-1.16270836601395,2.18971517335169,5.52208470758909
534.166666666667,-2.83026756728356,-3.30402371410184,-2.52086268351903,-2.12319274127086,-2.0285786987154,-1.26010675992707,2.08605148799176,5.42805383610971
534.333333333333,-2.85127316631215,-3.33932801363375,-2.56950647478311,-2.18531582830771,-2.10715182628419,-1.35594599450519,1.98350002084373,5.3345991421178
534.5,-2.87161183624131,-3.37354813227707,-2.61753580948459,-2.24693613580839,-2.18468149384057,-1.45027880403317,1.88200106779984,5.24166357515836
534.666666666667,-2.89135360660618,-3.40675046982248,-2.66497725695449,-2.30806549352048,-2.26118468443429,-1.54315054339824,1.78150114846993,5.14919536739282
534.833333333333,-2.91056186971773,-3.43899415230038,-2.71185110526025,-2.36871137087494,-2.3366746481704,-1.63459909549009,1.68195306837581,5.05714804492779
535,-2.92929330717677,-3.47033096462359,-2.75817134589203,-2.42887685205867,-2.41116087387487,-1.72465480499124,1.58331595960544,4.96548041450567
535.166666666667,-2.94759785694344,-3.50080532452974,-2.80394567961403,-2.48856063163869,-2.48464908716298,-1.81334043831897,1.48555529952036,4.87415652689811
535.333333333333,-2.96551871710071,-3.53045429366368,-2.84917554118885,-2.54775702895476,-2.55714127307845,-1.90067116912242,1.38864290745446,4.78314561854465
535.5,-2.98309238217319,-3.55930762135784,-2.89385614053322,-2.60645601934086,-2.62863572129409,-1.98665458842975,1.29255691961961,4.69242203311818
535.666666666667,-3.00034870770177,-3.58738781650085,-2.93797651776983,-2.66464328013542,-2.69912709172765,-2.07129073827981,1.19728174264264,4.60196512477741
535.833333333333,-3.01731099871378,-3.61471024281597,-2.98151960959488,-2.72230024938906,-2.76860649831911,-2.15457216745736,1.10280798630056,4.51175914489443
536,-3.03399611775134,-3.64128323288559,-3.02446232437605,-2.77940419516953,-2.83706160863218,-2.23648400777541,1.00913237610085,4.42179311402723
536.166666666667,-3.05041460821264,-3.66710821634044,-3.06677562342468,-2.83592829338849,-2.90447675687551,-2.31700406921022,0.916257646373958,4.33206068085121
536.333333333333,-3.06657082890387,-3.69217985776517,-3.10842460593989,-2.8918417121277,-2.97083306788081,-2.39610295208843,0.82419241451023,4.2425599696765
536.5,-3.08248301713944,-3.71650476961916,-3.14937760875597,-2.94711208290474,-3.03610753907028,-2.47374242762865,0.732928595354309,4.15326297288051
536.666666666667,-3.0981842227402,-3.74010746655882,-3.18961623320838,-3.00171189593404,-3.10027714926592,-2.54988011766649,0.642442668872947,4.06411535850534
536.833333333333,-3.11370297110387,-3.76301489496087,-3.22913141983656,-3.05561939436582,-3.1633220408425,-2.62447366046164,0.552718690693115,3.97506676821226
537,-3.12906344390905,-3.78525661535235,-3.26792356023366,-3.10881869690211,-3.22522564993264,-2.69748084345025,0.463748213767578,3.88607075167723
537.166666666667,-3.14428563082626,-3.80686495088981,-3.3060025890347,-3.16129990413248,-3.28597481378338,-2.76885971368042,0.37553027951147,3.79708476933201
537.333333333333,-3.15943333118462,-3.82792784702391,-3.34342496205621,-3.21309219427568,-3.34561719850951,-2.83860952841347,0.288018003978173,3.70799089921683
537.5,-3.17460506146189,-3.84857457453041,-3.3802796804283,-3.26425272610842,-3.40424775228675,-2.90676579111905,0.20112296960014,3.61861009793334
537.666666666667,-3.18988164676289,-3.8689158612691,-3.41664442901751,-3.31482811659192,-3.46194469450884,-2.97335697247139,0.11477103078926,3.52878879466036
537.833333333333,-3.20532628237775,-3.88904395969969,-3.45258563947848,-3.36485451153434,-3.51876964417908,-3.03840458019858,0.0289025600569364,3.43839908642671
538,-3.220984604012,-3.90903272248522,-3.48815855622005,-3.41435765922713,-3.57476771040868,-3.10192318569959,-0.0565272806061712,3.34733895425959
538.166666666667,-3.23688476960232,-3.92893769047474,-3.52340730800389,-3.46335298850973,-3.62996755363689,-3.16392041866569,-0.141548254623559,3.25553249188735
538.333333333333,-3.25303755567855,-3.94879619740675,-3.5583649879194,-3.51184569274322,-3.68438142607777,-3.22439694085078,-0.226174764218617,3.16293013801046
538.5,-3.26943647124965,-3.96862749569995,-3.59305374449483,-3.55983082118354,-3.73800519987693,-3.28334641015167,-0.310405575248892,3.06950890245774
538.666666666667,-3.28605789216233,-3.98843290768604,-3.62748488670634,-3.60729337923196,-3.79081839149483,-3.34075544625084,-0.394223567190679,2.97527257585645
538.833333333333,-3.30286121879204,-4.00819600657659,-3.66165900562846,-3.65420843899748,-3.84278419089056,-3.39660360920565,-0.477595522685751,2.88025191180476
539,-3.31978905976378,-4.02788283133209,-3.69556611542696,-3.70054126152632,-3.89384950413045,-3.45086340250705,-0.560471971688042,2.78450476998896
539.166666666667,-3.33676744415073,-4.04744213940458,-3.72918581632318,-3.74624743193102,-3.94394501805586,-3.50350031224381,-0.642787105738226,2.68811620828542
539.333333333333,-3.35370606425387,-4.06680570104875,-3.76248748205672,-3.79127300848175,-3.99298529558328,-3.55447289406212,-0.724458778197232,2.59119851167871
539.5,-3.37049855061641,-4.08588863853542,-3.79543047423829,-3.83555468650131,-4.04086891004435,-3.60373291957341,-0.805388606331644,2.49389114586447
539.666666666667,-3.38702278037022,-4.10458981315425,-3.82796438581866,-3.87901997763089,-4.08747862667307,-3.65122559370442,-0.885462190915299,2.39636062373878
539.833333333333,-3.40326196730275,-4.12293425334155,-3.86013011733354,-3.92168369676319,-4.13276994909898,-3.696980755288,-0.964677462759247,2.29869468325938
540,-3.41928464078268,-4.14104237437631,-3.89203068928062,-3.9636234549259,-4.17675066134584,-3.74109155654677,-1.04312974913241,2.20091450518617
540.166666666667,-3.43511375103326,-4.15897244748169,-3.92371576851044,-4.00487105858818,-4.21938234382058,-3.78361304270952,-1.12087637783224,2.10308645961253
540.333333333333,-3.45072668054255,-4.17672059996179,-3.95518165674839,-4.04541251468068,-4.26058058810886,-3.82456253826012,-1.19793694039697,2.005322064129
540.5,-3.46605532719008,-4.19422085607161,-3.98637127023357,-4.08518804435055,-4.30021527585875,-3.86392013860871,-1.27429359372343,1.90777793904518
540.666666666667,-3.48101403584553,-4.2113833532524,-4.01720053727365,-4.12412048164733,-4.3381916890608,-3.90166417218934,-1.34989256202635,1.81061390396821
540.833333333333,-3.49551564264745,-4.22811531547365,-4.04757720593819,-4.16212971483427,-4.37446537624049,-3.93777910474696,-1.42465422447319,1.71397134579091
541,-3.5094517902227,-4.24429340612769,-4.07738375262965,-4.19911151002233,-4.40896865361648,-3.97222438987785,-1.49847692200334,1.61800429025882
541.166666666667,-3.52269311653296,-4.25976378179823,-4.10647728263536,-4.23493750328729,-4.4416105201491,-4.0049343711517,-1.57123696648252,1.52287942895067
541.333333333333,-3.53508944828127,-4.27434214438081,-4.13468943256851,-4.26945519991846,-4.47227658126373,-4.03581818485439,-1.64278863566165,1.42877615515313
541.5,-3.54646998370784,-4.28781378236373,-4.16182627572767,-4.30248797941773,-4.5008289809898,-4.06475966366022,-1.71296415489012,1.33588661062448
541.666666666667,-3.5566434513558,-4.29993359407363,-4.18766823259809,-4.33383510588274,-4.52710634319993,-4.09161724249926,-1.78157366757311,1.24441574417392
541.833333333333,-3.56539823292566,-4.31042608748192,-4.21196998981293,-4.36327174431481,-4.55092372348258,-4.1162238687561,-1.8484051972959,1.15458138201198
542,-3.57250243956933,-4.31898535265533,-4.23446043183243,-4.39054898414083,-4.57207257388795,-4.13838691966886,-1.91322460531443,1.06661430899822
542.166666666667,-3.57770393181619,-4.32527500401973,-4.2548425903244,-4.41539387177792,-4.59032072329709,-4.15788813034089,-1.97577554768217,0.980758359269275
542.333333333333,-3.58073027370577,-4.32892809020859,-4.272793616691,-4.43750945436012,-4.60541237644015,-4.17448353609151,-2.03577943660721,0.897270514308975
542.5,-3.58128861155338,-4.32954696930195,-4.28796478332942,-4.45657483674235,-4.61706813458465,-4.18790343290951,-2.09293541066727,0.816421006362821
542.666666666667,-3.57906546702639,-4.32670314664241,-4.29998151898465,-4.47224525355595,-4.62498504058632,-4.19785235949147,-2.146920318211,0.738493425240391
542.833333333333,-3.57372643278094,-4.31993707104539,-4.3084434828876,-4.48415215736077,-4.6288366502917,-4.204009103693,-2.1973887175908,0.663784827039532
543,-3.56491575670544,-4.30875788298941,-4.31292468120076,-4.49190332276249,-4.62827313114505,-4.20602673513606,-2.24397289674676,0.592605844222066
543.166666666667,-3.55239401661921,-4.29283785989195,-4.31314097424798,-4.49523124922412,-4.62306483559404,-4.20369091513007,-2.28644062608872,0.525141894965061
543.333333333333,-3.53607269488967,-4.27206031974021,-4.308991255901,-4.49402903497322,-4.61313242925295,-4.19694857890543,-2.32472396150118,0.461429091794194
543.5,-3.51589340548809,-4.24634896716484,-4.30041073186362,-4.48822003602098,-4.59841852713577,-4.18576402257263,-2.35877590895755,0.401480947305966
543.666666666667,-3.49182797174047,-4.21566804114458,-4.28737106247701,-4.4777579682924,-4.57888780648394,-4.17011895933111,-2.38857045908729,0.345288137069367
543.833333333333,-3.46387858826413,-4.18002253441816,-4.2698805409212,-4.46262706629139,-4.55452716190817,-4.15001261557967,-2.41410267734431,0.292818183293763
544,-3.43208496462052,-4.13947290355098,-4.24799765469773,-4.44283723644092,-4.52536621344241,-4.12547088303992,-2.43535831364019,0.244018116519745
544.166666666667,-3.39651023659318,-4.09411611374928,-4.2218128372481,-4.41841401187829,-4.49146926287803,-4.0965400171295,-2.45230905399322,0.198829355598289
544.333333333333,-3.3572272252949,-4.044061947756,-4.19142611374675,-4.38939872257169,-4.45291117011896,-4.06327480363209,-2.46494094808947,0.157191841571775
544.5,-3.31431885856261,-3.98943343752231,-4.15694736061855,-4.35584878656791,-4.40977772497995,-4.0257390643766,-2.47325484502523,0.119043517073487
544.666666666667,-3.26787864062882,-3.93036733611218,-4.1184965842089,-4.31783802828353,-4.36216603168394,-3.98400616303538,-2.47726684375923,0.0843197777159759
544.833333333333,-3.21801115827386,-3.86701461949844,-4.07620421241393,-4.27545701466853,-4.31018489959352,-3.93815950506159,-2.4770087495506,0.0529529089366996
545,-3.16483261118059,-3.79954100735547,-4.03021139277396,-4.22881339983791,-4.25395523346585,-3.88829302557903,-2.47252852746786,0.0248715216496018
545.166666666667,-3.10847135361922,-3.72812749127171,-3.98067029015772,-4.17803226848824,-4.19361041623627,-3.83451165880066,-2.46389074382876,0
545.333333333333,-3.04906843390848,-3.65297085803068,-3.92774437674244,-4.12325646810455,-4.12929667702177,-3.77693178229254,-2.45117698618004,-0.0217420254681437
545.5,-2.98677811736272,-3.57428419478326,-3.871608706552,-4.06464691963459,-4.06117343669951,-3.71568162912359,-2.43448625216461,-0.0404401658549762
545.666666666667,-2.92176837767104,-3.49229736209548,-3.81245016637495,-4.00238289597456,-3.98941362306538,-3.65090166065403,-2.41393529736151,-0.0561857096624836
545.833333333333,-2.85422134090354,-3.40725742005099,-3.7504676944768,-3.9366622572934,-3.91420394722595,-3.5827448924267,-2.38965893193749,-0.0690759926188695
546,-2.78433366563647,-3.31942899186099,-3.68587245816992,-3.86770163193782,-3.83574513253435,-3.51137716534349,-2.36181025573278,-0.0792146877449156
546.166666666667,-2.71231684207749,-3.22909454883611,-3.6188879810411,-3.79573653142829,-3.754252087061,-3.43697735404414,-2.33056082123417,-0.0867120016541625
546.333333333333,-2.63839739259899,-3.13655460015884,-3.5497502104905,-3.72102138790031,-3.66995401031106,-3.35973750417224,-2.29610071378555,-0.0916847629070494
546.5,-2.56289192052394,-3.04222896908524,-3.478785566359,-3.64389854533485,-3.58317776181338,-3.27997058746421,-2.25875765433113,-0.0943536051530378
546.666666666667,-2.48616806124326,-2.94660360628762,-3.40636733027069,-3.56475924707242,-3.49431278441987,-3.19807688944098,-2.21896176601097,-0.0950137290361495
546.833333333333,-2.40854981824496,-2.85010269434881,-3.33281583868019,-3.48395512553652,-3.40371024552047,-3.11441949440614,-2.17710886448804,-0.0939230105415305
547,-2.33031735653177,-2.75308852477008,-3.25839852086133,-3.4017982019963,-3.31168303122104,-3.02932424121042,-2.13356043935399,-0.0913018996827653
547.166666666667,-2.25170682266246,-2.65586138963049,-3.18332992251252,-3.31856086645824,-3.21850571275098,-2.94307964040168,-2.08864360434169,-0.0873333287354168
547.333333333333,-2.17293616616318,-2.55869132845462,-3.10779710383738,-3.23447985521226,-3.12442896184502,-2.85593812723747,-2.04263908734553,-0.0821871830266492
547.5,-2.09421552009422,-2.46183380910061,-3.03197606142665,-3.14976486102627,-3.02968694500412,-2.7681220649169,-1.99578294620881,-0.0760303063125631
547.666666666667,-2.01572638154282,-2.3655057231736,-2.95601457557672,-3.06459883084808,-2.93448658383175,-2.67982541703048,-1.94827934908349,-0.0690069117178158
547.833333333333,-1.93762154096419,-2.26988536573238,-2.8800322398445,-2.97913796159715,-2.83900757639279,-2.59121376539517,-1.90030054633476,-0.0612385189875377
548,-1.86002503237537,-2.17511242746847,-2.80412048528177,-2.89351169539744,-2.74340241217191,-2.50242433480434,-1.85198685796694,-0.0528239044331533
548.166666666667,-1.78303210089522,-2.08128799681818,-2.72834259981544,-2.80782271456303,-2.64779638154979,-2.41356602380634,-1.80344667451611,-0.0438390611355306
548.333333333333,-1.70670918409321,-1.98847456944085,-2.65273374322922,-2.72214693664136,-2.55228758060967,-2.32471944046615,-1.75475646928652,-0.0343371669917287
548.5,-1.6310939035662,-1.89669606244906,-2.57730095817183,-2.63653350979135,-2.45694691197688,-2.23593694195689,-1.70596081977865,-0.0243485581790752
548.666666666667,-1.55619506310956,-1.80593783071305,-2.50202317756818,-2.55100480873143,-2.36181808228139,-2.14724267676556,-1.65707243615838,-0.0138807055688552
548.833333333333,-1.4819926497852,-1.71614668248508,-2.42685122875063,-2.4655564314376,-2.26691759672244,-2.05863262827195,-1.60807219464449,-0.00291819156038731
549,-1.40843783411808,-1.6272308915035,-2.35170783455978,-2.38015719670961,-2.17223475110875,-1.97007465846711,-1.55890917373699,0.00857731526838279
549.166666666667,-1.33545296557291,-1.53906020264377,-2.27648761159442,-2.29474914265683,-2.07773162165212,-1.88150855061257,-1.50950069126768,0.0206670903774073
549.333333333333,-1.26293155937724,-1.45146582808874,-2.2010570657222,-2.20924752608928,-1.98334305271194,-1.79284604970006,-1.45973234032099,0.0334353911090544
549.5,-1.19073827066419,-1.36424043089416,-2.12525458490078,-2.12354082273645,-1.88897664262727,-1.70397089965266,-1.40945802214323,0.0469895049892681
549.666666666667,-1.11870885181056,-1.27713809273369,-2.04889042930919,-2.03749072816256,-1.79451272773891,-1.6147388763102,-1.35849997423087,0.0614598113633082
549.833333333333,-1.04682472684992,-1.19005570241718,-1.97186763882996,-1.95106622048821,-1.69997837847671,-1.5251552747022,-1.30680540076825,0.0768458333370585
550,-0.975223275813853,-1.1030592203421,-1.8942080059973,-1.86436155756831,-1.6055562991626,-1.43538324145966,-1.25446172154515,0.0930084374575584
