iter,u_fl,u_bd,u_in,div_fl,div_bd,div_in,p_fl,p_bd,p_in,nin,nbd
0,0.000000e+00,0.000000e+00,0.000000e+00,0.000000e+00,0.000000e+00,0.000000e+00,0.000000e+00,0.000000e+00,0.000000e+00,4934,5431
1,0.000000e+00,0.000000e+00,0.000000e+00,0.000000e+00,0.000000e+00,0.000000e+00,0.000000e+00,0.000000e+00,0.000000e+00,4934,5431
2,0.000000e+00,0.000000e+00,0.000000e+00,0.000000e+00,0.000000e+00,0.000000e+00,0.000000e+00,0.000000e+00,0.000000e+00,4934,5431
3,1.954691e-04,3.846807e-04,2.007443e-04,1.432064e-01,1.709583e+00,1.083322e+00,1.886682e-01,2.469350e-01,1.694939e-01,4934,5429
4,8.001252e-04,1.305347e-03,6.329547e-04,4.384216e-01,4.618455e+00,1.943008e+00,6.588203e-01,7.887242e-01,4.994315e-01,4942,5428
5,1.970431e-03,2.637976e-03,1.259860e-03,7.910486e-01,7.623975e+00,2.263420e+00,1.295569e+00,1.475245e+00,8.862395e-01,4943,5475
6,3.648682e-03,4.397784e-03,3.859541e-03,1.148709e+00,1.046340e+01,2.557417e+00,2.000512e+00,2.168878e+00,1.300496e+00,4945,5473
7,5.759381e-03,6.596936e-03,6.087341e-03,1.509085e+00,1.315205e+01,3.381630e+00,2.708361e+00,2.843573e+00,1.721687e+00,4944,5477
8,8.142202e-03,9.557981e-03,8.134481e-03,1.854994e+00,1.565554e+01,4.112966e+00,3.306205e+00,3.481063e+00,2.117233e+00,4939,5513
9,1.056223e-02,1.283929e-02,1.022965e-02,2.271492e+00,1.810649e+01,4.749112e+00,3.806519e+00,4.148100e+00,2.511966e+00,4941,5524
10,1.291603e-02,1.602659e-02,1.200903e-02,2.647891e-01,2.117858e+01,5.792446e+00,4.642816e+00,5.065423e+00,3.166800e+00,4960,5499
11,1.614110e-02,2.041438e-02,1.481552e-02,3.117266e-01,2.343402e+01,7.988332e+00,4.885346e+00,5.581143e+00,3.354302e+00,4967,5508
12,1.992473e-02,2.486408e-02,1.740371e-02,3.758783e-01,2.003099e+01,9.425697e+00,5.285773e+00,6.184927e+00,3.333987e+00,4985,5493
13,2.416317e-02,2.882919e-02,2.000076e-02,4.428539e-01,2.354025e+01,1.083701e+01,5.782094e+00,6.655329e+00,3.327769e+00,4990,5469
14,2.846469e-02,3.211679e-02,2.247876e-02,5.027237e-01,2.537543e+01,1.219981e+01,6.191812e+00,6.830138e+00,3.393275e+00,4989,5445
15,3.214834e-02,3.504977e-02,2.469185e-02,5.481684e-01,2.832950e+01,1.349906e+01,6.486525e+00,6.568122e+00,3.616306e+00,4981,5418
16,3.541908e-02,3.829391e-02,2.665944e-02,5.901208e-01,3.109302e+01,1.472539e+01,6.695216e+00,6.111124e+00,3.725575e+00,4971,5400
17,3.749010e-02,4.181207e-02,2.718770e-02,5.775338e-01,3.356632e+01,1.307832e+01,6.417543e+00,6.642314e+00,4.017008e+00,4973,5442
18,3.898678e-02,4.490432e-02,2.798206e-02,5.420704e-01,3.564004e+01,1.393444e+01,5.513799e+00,6.527880e+00,3.923927e+00,4972,5526
19,3.889289e-02,4.799310e-02,2.924465e-02,5.114965e-01,3.730634e+01,1.751763e+01,5.719535e+00,6.747098e+00,3.584037e+00,4962,5525
20,4.233685e-02,5.076489e-02,2.682993e-02,4.783545e-01,3.846287e+01,1.888589e+01,5.962817e+00,6.932406e+00,3.049461e+00,4957,5518
21,4.611936e-02,5.308601e-02,3.346932e-02,4.299049e-01,3.917786e+01,2.028312e+01,6.334728e+00,6.983863e+00,2.962956e+00,4975,5455
22,5.202644e-02,5.487635e-02,3.769359e-02,3.646622e-01,3.936172e+01,2.171987e+01,6.342432e+00,6.296154e+00,3.029226e+00,5000,5394
23,5.182529e-02,5.745997e-02,3.775214e-02,3.745117e-01,3.903816e+01,2.320514e+01,5.832778e+00,5.901106e+00,3.268745e+00,5007,5400
24,4.918321e-02,5.975069e-02,3.837935e-02,4.053955e-01,3.827009e+01,2.472889e+01,5.337058e+00,5.460040e+00,3.302227e+00,5013,5412
25,5.463750e-02,6.183785e-02,3.648431e-02,4.649467e-01,3.713167e+01,2.626037e+01,5.545761e+00,6.831053e+00,3.362333e+00,5004,5436
26,5.990122e-02,6.399351e-02,3.672664e-02,5.225220e-01,3.568995e+01,2.617827e+01,5.488461e+00,7.058814e+00,2.664605e+00,4996,5454
27,6.092028e-02,6.563178e-02,3.402283e-02,5.157318e-01,3.365129e+01,2.745324e+01,5.971211e+00,6.038352e+00,2.432710e+00,4968,5465
28,6.165198e-02,6.709385e-02,3.383559e-02,4.363117e-01,3.182880e+01,3.039817e+01,5.550590e+00,5.379650e+00,2.854614e+00,4975,5484
29,6.456969e-02,6.855046e-02,3.545535e-02,3.547878e-01,3.687890e+01,3.130762e+01,5.305409e+00,6.064583e+00,2.884283e+00,4976,5510
30,6.574198e-02,6.977701e-02,3.691596e-02,6.065731e-01,3.263279e+01,3.194032e+01,5.202365e+00,6.676793e+00,2.738361e+00,4985,5502
31,7.089497e-02,7.118259e-02,4.017892e-02,3.079815e-01,3.734193e+01,3.219547e+01,5.530100e+00,6.103539e+00,2.337145e+00,5007,5463
32,7.174212e-02,7.248472e-02,3.994954e-02,3.983383e-01,4.389381e+01,3.281590e+01,5.321952e+00,5.245979e+00,2.143153e+00,4999,5472
33,7.240839e-02,7.372746e-02,4.022507e-02,3.115509e-01,5.036843e+01,3.351772e+01,4.825921e+00,5.164522e+00,2.285310e+00,4993,5474
34,7.276639e-02,7.493114e-02,4.202142e-02,3.280907e-01,4.295383e+01,3.397089e+01,4.474532e+00,5.707011e+00,2.202534e+00,4987,5522
35,7.592190e-02,7.304555e-02,4.363342e-02,3.064187e-01,4.650217e+01,3.555040e+01,4.487261e+00,5.282373e+00,2.357804e+00,4982,5514
36,7.678889e-02,7.443253e-02,4.484538e-02,3.088303e-01,5.005526e+01,3.668091e+01,4.325619e+00,4.946798e+00,2.718565e+00,4995,5515
37,7.746363e-02,7.547370e-02,4.556882e-02,7.572880e-01,4.649489e+01,3.677536e+01,4.268353e+00,4.742301e+00,3.183144e+00,4992,5477
38,7.789343e-02,7.636163e-02,4.624141e-02,5.605698e-01,4.844585e+01,2.945755e+01,4.481292e+00,5.144359e+00,3.165173e+00,4970,5527
39,7.792205e-02,7.699011e-02,4.728901e-02,4.854212e-01,4.381080e+01,2.562760e+01,5.198591e+00,5.639148e+00,3.035344e+00,4964,5550
40,7.746009e-02,7.196223e-02,4.895940e-02,6.956253e-01,4.588239e+01,2.601935e+01,5.720489e+00,6.219431e+00,3.155848e+00,4960,5551
41,7.742383e-02,7.294796e-02,5.024834e-02,9.055405e-01,4.834908e+01,1.956237e+01,5.735973e+00,6.545028e+00,3.497702e+00,4969,5552
42,7.759748e-02,7.361622e-02,5.112087e-02,1.008339e+00,5.631806e+01,1.338035e+01,5.858187e+00,6.797378e+00,3.913797e+00,4971,5545
43,7.758041e-02,7.434165e-02,5.165444e-02,6.212084e-01,8.642039e+01,1.341993e+01,6.297409e+00,7.186460e+00,4.083632e+00,4984,5510
44,7.757837e-02,7.490019e-02,5.182075e-02,9.702749e-01,7.447934e+01,1.410024e+01,7.225258e+00,7.981552e+00,4.200221e+00,4987,5512
45,7.730155e-02,7.494009e-02,5.461893e-02,1.140072e+00,6.178608e+01,1.559758e+01,8.058748e+00,8.463845e+00,4.236866e+00,4982,5519
46,7.667328e-02,7.331488e-02,5.696844e-02,6.786246e-01,5.910903e+01,1.677018e+01,8.536705e+00,9.097377e+00,4.730907e+00,4983,5519
47,7.640001e-02,7.208605e-02,5.889677e-02,6.734161e-01,7.011366e+01,1.765641e+01,8.790683e+00,9.548670e+00,5.087441e+00,4986,5506
48,7.707581e-02,7.429455e-02,6.075120e-02,6.953096e-01,6.411105e+01,1.834379e+01,8.936853e+00,9.896366e+00,5.265407e+00,4987,5482
49,7.801712e-02,7.715919e-02,6.264775e-02,7.270832e-01,1.111695e+02,1.885649e+01,9.305594e+00,1.053018e+01,5.315401e+00,4979,5504
50,7.923492e-02,8.028074e-02,6.211669e-02,7.614155e-01,1.031223e+02,2.311237e+01,1.048030e+01,1.132398e+01,5.448092e+00,4979,5483
51,8.080557e-02,8.362189e-02,6.070189e-02,7.948799e-01,9.996912e+01,2.580419e+01,1.065911e+01,1.152273e+01,5.505784e+00,4982,5490
52,8.293821e-02,8.717077e-02,5.922442e-02,8.608799e-01,8.584377e+01,4.320034e+01,1.074602e+01,1.168974e+01,5.752110e+00,4986,5501
53,8.940377e-02,9.082336e-02,6.155004e-02,9.822407e-01,8.277284e+01,4.613387e+01,1.149804e+01,1.235710e+01,5.900932e+00,4993,5497
54,9.468247e-02,9.508343e-02,6.073316e-02,9.626503e-01,7.226292e+01,2.005335e+01,1.245969e+01,1.297869e+01,5.869827e+00,4997,5464
55,9.858867e-02,9.746444e-02,6.132522e-02,1.090408e+00,7.370189e+01,2.009536e+01,1.212864e+01,1.347154e+01,5.878262e+00,4994,5485
56,9.971744e-02,9.615683e-02,6.509613e-02,1.016151e+00,9.891464e+01,2.007806e+01,1.297198e+01,1.401043e+01,5.677200e+00,4982,5477
57,1.037405e-01,9.950837e-02,6.633029e-02,1.008213e+00,9.837862e+01,2.008398e+01,1.333365e+01,1.434833e+01,5.718268e+00,4978,5492
58,1.044603e-01,1.018212e-01,6.653579e-02,9.722633e-01,9.245327e+01,6.600060e+01,1.308149e+01,1.416817e+01,5.631497e+00,4987,5464
59,1.028087e-01,1.027815e-01,6.473164e-02,9.822845e-01,6.072975e+01,6.232217e+01,1.344087e+01,1.564870e+01,4.164384e+00,4990,5479
60,1.056093e-01,1.011369e-01,6.526002e-02,9.810371e-01,6.427541e+01,5.786372e+01,1.345480e+01,1.543765e+01,4.220012e+00,4982,5504
61,1.092290e-01,9.950889e-02,6.525131e-02,9.831581e-01,6.311813e+01,5.308745e+01,1.431775e+01,1.553949e+01,3.853550e+00,4987,5504
62,1.064496e-01,9.425081e-02,6.629594e-02,1.000984e+00,6.310640e+01,2.660997e+01,1.365565e+01,1.398766e+01,3.766631e+00,4999,5463
63,1.028975e-01,9.987285e-02,6.703020e-02,1.047935e+00,6.310674e+01,2.730932e+01,1.300626e+01,1.571996e+01,3.616115e+00,4992,5511
64,1.034089e-01,9.754294e-02,6.700280e-02,1.024422e+00,6.795386e+01,2.788755e+01,1.267665e+01,1.644153e+01,3.481130e+00,4997,5485
65,9.908579e-02,8.144163e-02,6.923372e-02,9.821815e-01,7.467043e+01,2.860386e+01,1.272286e+01,1.304408e+01,3.404457e+00,4984,5494
66,9.652691e-02,8.604062e-02,6.955854e-02,9.720612e-01,1.117915e+02,2.930939e+01,1.172922e+01,1.357673e+01,3.302896e+00,4991,5447
67,9.329572e-02,8.412678e-02,6.864387e-02,9.564743e-01,9.433381e+01,3.005507e+01,1.133729e+01,1.457397e+01,3.160912e+00,4988,5485
68,9.028587e-02,8.453897e-02,6.823497e-02,8.655114e-01,9.690860e+01,2.551043e+01,1.176598e+01,1.213214e+01,3.012465e+00,4998,5462
69,9.293973e-02,8.825015e-02,6.754731e-02,8.737869e-01,1.033614e+02,2.610549e+01,1.065919e+01,1.217004e+01,2.994585e+00,4998,5490
70,9.637305e-02,9.099952e-02,7.170440e-02,8.571434e-01,9.056909e+01,2.667811e+01,9.745639e+00,1.238689e+01,2.972847e+00,4990,5512
71,9.942746e-02,9.338854e-02,7.097998e-02,8.286171e-01,8.704559e+01,2.722491e+01,1.003571e+01,1.101863e+01,2.737728e+00,4993,5514
72,1.018804e-01,9.491770e-02,6.237176e-02,9.532719e-01,8.784949e+01,3.316846e+01,8.995728e+00,1.130658e+01,2.639767e+00,5009,5475
73,1.037039e-01,9.701660e-02,6.748137e-02,6.708412e-01,9.683746e+01,3.275819e+01,8.862116e+00,1.130140e+01,2.435431e+00,5012,5483
74,1.056985e-01,9.958512e-02,6.660793e-02,9.054813e-01,9.179594e+01,3.211399e+01,8.782333e+00,9.531885e+00,2.590502e+00,5031,5431
75,1.079181e-01,9.935997e-02,6.533562e-02,7.542143e-01,8.539376e+01,3.136313e+01,8.379957e+00,1.034836e+01,2.554034e+00,5023,5412
76,1.097865e-01,1.006354e-01,7.002878e-02,6.183205e-01,7.896088e+01,3.056360e+01,8.098772e+00,1.059812e+01,2.385536e+00,5034,5396
77,1.106813e-01,1.026729e-01,6.646314e-02,7.933731e-01,7.878857e+01,2.970810e+01,7.862807e+00,8.899382e+00,2.345577e+00,5012,5438
78,1.105650e-01,1.018224e-01,6.621085e-02,9.662971e-01,7.011813e+01,2.880297e+01,7.732763e+00,9.269891e+00,2.350636e+00,5016,5456
79,1.119343e-01,1.022843e-01,6.737108e-02,5.617669e-01,7.068067e+01,2.785241e+01,7.248261e+00,9.378482e+00,2.373250e+00,5001,5513
80,1.133252e-01,1.032794e-01,6.846271e-02,5.488987e-01,7.385608e+01,2.686461e+01,7.092452e+00,7.987391e+00,2.477775e+00,4974,5495
81,1.146784e-01,1.024984e-01,6.940550e-02,9.736328e-01,6.326314e+01,2.585617e+01,6.916412e+00,8.175812e+00,2.569203e+00,4954,5529
82,1.158147e-01,1.024243e-01,7.020428e-02,5.284958e-01,6.280501e+01,2.482145e+01,6.435742e+00,7.991713e+00,2.421721e+00,4954,5543
83,1.166350e-01,1.030739e-01,7.110785e-02,4.982529e-01,5.093179e+01,3.090977e+01,6.205889e+00,6.782952e+00,2.450845e+00,4953,5529
84,1.171032e-01,1.015514e-01,6.999739e-02,4.355659e-01,5.394551e+01,3.105173e+01,6.065369e+00,7.121935e+00,2.196930e+00,4956,5552
85,1.177621e-01,1.014722e-01,7.066139e-02,3.615046e-01,4.851598e+01,2.160899e+01,5.741461e+00,6.414762e+00,2.310204e+00,4964,5574
86,1.185330e-01,1.019493e-01,7.123988e-02,2.872086e-01,4.372829e+01,1.994692e+01,5.490590e+00,5.680940e+00,2.336963e+00,4990,5506
87,1.190651e-01,9.937316e-02,7.176898e-02,3.988113e-01,7.013459e+01,2.554321e+01,5.419250e+00,5.875830e+00,2.385391e+00,5009,5442
88,1.190757e-01,9.841562e-02,7.230276e-02,2.400818e-01,7.052341e+01,2.552585e+01,5.189873e+00,5.674681e+00,2.384341e+00,4986,5491
89,1.183009e-01,9.886356e-02,7.282337e-02,7.857723e-01,6.367993e+01,2.547762e+01,4.892485e+00,4.631580e+00,2.287629e+00,4993,5487
90,1.187176e-01,9.890885e-02,7.307105e-02,2.882137e-01,6.070305e+01,2.540000e+01,4.822956e+00,4.283450e+00,2.320910e+00,5020,5431
91,1.189097e-01,9.587877e-02,7.084792e-02,2.969561e-01,5.344569e+01,2.528904e+01,4.865469e+00,4.819764e+00,2.136467e+00,5012,5377
92,1.184852e-01,9.403264e-02,7.051284e-02,5.812459e-01,5.468256e+01,2.513823e+01,4.734809e+00,4.367309e+00,2.214042e+00,5017,5442
93,1.184399e-01,9.457123e-02,7.043578e-02,2.288254e+00,4.283351e+01,2.811547e+01,4.067397e+00,3.685203e+00,1.871226e+00,5002,5483
94,1.181597e-01,9.300648e-02,6.998032e-02,2.493713e+00,3.834076e+01,2.686908e+01,4.466923e+00,3.812173e+00,1.984205e+00,5015,5472
95,1.181023e-01,9.172795e-02,6.904444e-02,2.562447e+00,3.534536e+01,2.565622e+01,4.545535e+00,3.735801e+00,1.946246e+00,5018,5458
96,1.181465e-01,8.905393e-02,6.801619e-02,2.576492e+00,3.607969e+01,2.447279e+01,4.542157e+00,3.709973e+00,2.011078e+00,4987,5463
97,1.180406e-01,8.871286e-02,6.509821e-02,2.554546e+00,3.658963e+01,2.330010e+01,4.510898e+00,3.660659e+00,1.971925e+00,4979,5464
98,1.177115e-01,8.831640e-02,6.394129e-02,2.594469e+00,3.139129e+01,2.215660e+01,4.547216e+00,3.535477e+00,1.821343e+00,4996,5490
99,1.170765e-01,8.693677e-02,6.264241e-02,2.577515e-01,3.195799e+01,2.109551e+01,4.998586e+00,3.908349e+00,2.016401e+00,4997,5485
100,1.164464e-01,8.403698e-02,6.140459e-02,2.432598e+00,3.402900e+01,2.001101e+01,3.985019e+00,3.090078e+00,1.523532e+00,5002,5494
101,1.162728e-01,8.126651e-02,5.984971e-02,2.563210e-01,3.717781e+01,1.901313e+01,4.873745e+00,3.713167e+00,1.920126e+00,4992,5531
102,1.159784e-01,8.171477e-02,5.816597e-02,2.391743e+00,3.816903e+01,1.803300e+01,3.943408e+00,2.982246e+00,1.448734e+00,4989,5497
103,1.153278e-01,8.189490e-02,5.653746e-02,3.122954e-01,2.975578e+01,2.276225e+01,4.853463e+00,3.620826e+00,1.835433e+00,4976,5544
104,1.144433e-01,8.110712e-02,5.471408e-02,2.451736e+00,2.622172e+01,1.619717e+01,3.961158e+00,2.918737e+00,1.491048e+00,4973,5553
105,1.133721e-01,7.876835e-02,5.190630e-02,3.781738e-01,2.560627e+01,1.542205e+01,4.753313e+00,3.350355e+00,1.817775e+00,4973,5544
106,1.131280e-01,7.484929e-02,5.010362e-02,2.486799e+00,3.236834e+01,1.830175e+01,3.893733e+00,2.548998e+00,1.430524e+00,4979,5514
107,1.126095e-01,7.332487e-02,4.836873e-02,2.648811e-01,2.792426e+01,1.861683e+01,4.710531e+00,3.051661e+00,1.699424e+00,4977,5530
108,1.121820e-01,7.452246e-02,4.756721e-02,2.443235e+00,3.206541e+01,1.873077e+01,3.813480e+00,2.384348e+00,1.421585e+00,4969,5542
109,1.118730e-01,7.586220e-02,4.763973e-02,2.655487e-01,2.906608e+01,2.189144e+01,4.683802e+00,2.882377e+00,1.673536e+00,4963,5546
110,1.114079e-01,7.499990e-02,4.790803e-02,2.510494e+00,2.889027e+01,1.908620e+01,3.822517e+00,2.181162e+00,1.496603e+00,4969,5556
111,1.108019e-01,7.308940e-02,4.806668e-02,2.688074e-01,2.909711e+01,2.321786e+01,4.639746e+00,2.714131e+00,1.930373e+00,4980,5528
112,1.100718e-01,7.130510e-02,4.844582e-02,2.492748e+00,2.702627e+01,2.283085e+01,3.742411e+00,2.385617e+00,1.843153e+00,4985,5516
113,1.097452e-01,6.869736e-02,4.864441e-02,2.655487e-01,2.683553e+01,2.270202e+01,4.524935e+00,2.951502e+00,2.326115e+00,4994,5497
114,1.095639e-01,6.713860e-02,4.902422e-02,2.408880e+00,2.531827e+01,2.242825e+01,3.629352e+00,2.694160e+00,2.116798e+00,5002,5489
115,1.092286e-01,6.594180e-02,4.964146e-02,2.563825e+00,3.649329e+01,2.231233e+01,3.981345e+00,2.942422e+00,2.365908e+00,5002,5503
116,1.087305e-01,6.656982e-02,5.029424e-02,2.588665e+00,2.412903e+01,2.701627e+01,4.014834e+00,3.124923e+00,2.566708e+00,5007,5510
117,1.081085e-01,6.770819e-02,5.098965e-02,2.578917e+00,2.463692e+01,2.219768e+01,3.973948e+00,3.301488e+00,2.761351e+00,5013,5494
118,1.073741e-01,6.749948e-02,5.183236e-02,2.554151e+00,2.499971e+01,2.214555e+01,3.915661e+00,3.517349e+00,2.700925e+00,5010,5498
119,1.070552e-01,6.617001e-02,5.271999e-02,2.515373e+00,2.499926e+01,2.211832e+01,3.852503e+00,3.830874e+00,2.835317e+00,5013,5512
120,1.069678e-01,6.566513e-02,5.403374e-02,2.951087e-01,2.618349e+01,2.202179e+01,4.341516e+00,4.664949e+00,3.329364e+00,5022,5482
121,1.068027e-01,6.575842e-02,5.573864e-02,3.408718e-01,2.802446e+01,2.560633e+01,4.332401e+00,4.784667e+00,3.272668e+00,5026,5475
122,1.065027e-01,6.507887e-02,5.718804e-02,4.550171e-01,2.898049e+01,2.136962e+01,4.570824e+00,5.053683e+00,3.356158e+00,5024,5468
123,1.060667e-01,6.336153e-02,5.861728e-02,3.685749e-01,2.942603e+01,2.536484e+01,4.811060e+00,5.249675e+00,3.450635e+00,5010,5491
124,1.054761e-01,6.191929e-02,6.025634e-02,3.813710e-01,3.007979e+01,1.933132e+01,5.027618e+00,5.501043e+00,3.539134e+00,4997,5519
125,1.051252e-01,6.639242e-02,6.275721e-02,4.421692e-01,3.250866e+01,2.216959e+01,5.224185e+00,5.798682e+00,3.608493e+00,5008,5515
126,1.053394e-01,6.990278e-02,6.514811e-02,4.430733e-01,3.659644e+01,1.990827e+01,5.568082e+00,6.178829e+00,3.651850e+00,4990,5546
127,1.054307e-01,7.126560e-02,6.749175e-02,4.268970e-01,4.042579e+01,2.147766e+01,6.034981e+00,6.471595e+00,3.698128e+00,4979,5558
128,1.054050e-01,7.389532e-02,7.028355e-02,4.552000e-01,4.054636e+01,2.247448e+01,6.332763e+00,6.889324e+00,3.748025e+00,4993,5542
129,1.056916e-01,7.653591e-02,7.342983e-02,4.825488e-01,4.024064e+01,2.332154e+01,6.859323e+00,7.361624e+00,3.882077e+00,5002,5545
130,1.060381e-01,7.901586e-02,7.566617e-02,7.560081e-01,4.394278e+01,3.237460e+01,7.015471e+00,7.614387e+00,3.920277e+00,5001,5543
131,1.063850e-01,8.335090e-02,7.891811e-02,5.314579e-01,5.525898e+01,2.850913e+01,7.429629e+00,8.077469e+00,4.105729e+00,4981,5600
132,1.079752e-01,8.615054e-02,8.167166e-02,6.161079e-01,5.756920e+01,3.634005e+01,7.780535e+00,8.428810e+00,4.136448e+00,4977,5588
133,1.113281e-01,8.902034e-02,8.582557e-02,6.283655e-01,5.612974e+01,3.120861e+01,8.427599e+00,9.281189e+00,4.155573e+00,4997,5571
134,1.147311e-01,9.066948e-02,8.785296e-02,7.850914e-01,5.716469e+01,3.205223e+01,8.612276e+00,9.682249e+00,4.111285e+00,5005,5548
135,1.182244e-01,9.515291e-02,9.467125e-02,7.392979e-01,6.859116e+01,2.627340e+01,9.163630e+00,1.028095e+01,4.272401e+00,5009,5531
136,1.220129e-01,9.773204e-02,9.368753e-02,8.763008e-01,7.195689e+01,3.237878e+01,9.955259e+00,1.230638e+01,4.463576e+00,4979,5566
137,1.262217e-01,9.922352e-02,9.725972e-02,9.504662e-01,9.133066e+01,2.864261e+01,1.096063e+01,1.424959e+01,4.473554e+00,4986,5530
138,1.303739e-01,1.146045e-01,1.008711e-01,8.186302e-01,7.671652e+01,2.835961e+01,1.226504e+01,1.482130e+01,4.508124e+00,5007,5527
139,1.347334e-01,1.185420e-01,1.030598e-01,8.578987e-01,7.353902e+01,3.188280e+01,1.472022e+01,1.476492e+01,4.478284e+00,4990,5545
140,1.392666e-01,1.164294e-01,1.029238e-01,1.391998e+00,8.001540e+01,3.227862e+01,1.505904e+01,1.536976e+01,4.577160e+00,4996,5546
141,1.432457e-01,1.143153e-01,1.026921e-01,1.015293e+00,8.577279e+01,3.276055e+01,1.586144e+01,1.914927e+01,4.510252e+00,4988,5528
142,1.431311e-01,1.360382e-01,1.030712e-01,9.770021e-01,8.602129e+01,3.280455e+01,1.606700e+01,1.859139e+01,4.352848e+00,4984,5512
143,1.458962e-01,1.322073e-01,1.048453e-01,9.309006e-01,7.814452e+01,3.276671e+01,1.781167e+01,1.793959e+01,4.811773e+00,5016,5501
144,1.460975e-01,1.225414e-01,1.036870e-01,9.694862e-01,1.045388e+02,3.016687e+01,1.785078e+01,2.093171e+01,4.112341e+00,5022,5481
145,1.478313e-01,1.355935e-01,1.024626e-01,1.016651e+00,9.330742e+01,3.445756e+01,1.703220e+01,2.028864e+01,4.183883e+00,5017,5469
146,1.483882e-01,1.221367e-01,1.034174e-01,1.027119e+00,8.553648e+01,8.881145e+01,1.851580e+01,1.990384e+01,4.303734e+00,5008,5515
147,1.433325e-01,1.313644e-01,1.025105e-01,1.032459e+00,7.699326e+01,8.015550e+01,1.706908e+01,1.998664e+01,4.173666e+00,5009,5487
148,1.478713e-01,1.204153e-01,1.016959e-01,1.047504e+00,9.927410e+01,3.304715e+01,1.783132e+01,2.198992e+01,4.234295e+00,4996,5493
149,1.404889e-01,1.251000e-01,1.042163e-01,1.052692e+00,9.066460e+01,9.126346e+01,1.741467e+01,1.879500e+01,4.112012e+00,4985,5547
150,1.433167e-01,1.255806e-01,1.034514e-01,1.375562e+00,8.112987e+01,8.172771e+01,1.667264e+01,2.160239e+01,4.182918e+00,4990,5523
151,1.345365e-01,1.296932e-01,1.021926e-01,1.027067e+00,1.004212e+02,7.115622e+01,1.693251e+01,1.695274e+01,3.919596e+00,5003,5517
152,1.333907e-01,1.310314e-01,1.001387e-01,1.050892e+00,1.339202e+02,3.326116e+01,1.487089e+01,1.880487e+01,3.476948e+00,4971,5526
153,1.305081e-01,1.363264e-01,1.040661e-01,1.028824e+00,6.931381e+01,3.334586e+01,1.480655e+01,1.578047e+01,3.348066e+00,4965,5541
154,1.316786e-01,1.318234e-01,1.026980e-01,1.028576e+00,7.211287e+01,3.342706e+01,1.294675e+01,1.534533e+01,3.328629e+00,4977,5532
155,1.348263e-01,1.396097e-01,9.928887e-02,8.764534e-01,1.027183e+02,3.328984e+01,1.301746e+01,1.445328e+01,3.316327e+00,4982,5523
156,1.372530e-01,1.316304e-01,9.777518e-02,9.606962e-01,1.006822e+02,2.657194e+01,1.294210e+01,1.368840e+01,3.372145e+00,5002,5484
157,1.382862e-01,1.406725e-01,1.028807e-01,8.435249e-01,1.003285e+02,4.061917e+01,1.258834e+01,1.383194e+01,3.245007e+00,5006,5515
158,1.407507e-01,1.337851e-01,1.015073e-01,1.007500e+00,9.843295e+01,3.790443e+01,1.228225e+01,1.380361e+01,3.356043e+00,4999,5519
159,1.423718e-01,1.420352e-01,9.785263e-02,1.233536e+00,9.765953e+01,3.663221e+01,1.226352e+01,1.368634e+01,3.002182e+00,4980,5503
160,1.424983e-01,1.386801e-01,9.671668e-02,1.126366e+00,1.095401e+02,2.665334e+01,1.163669e+01,1.374162e+01,3.208466e+00,4973,5518
161,1.443972e-01,1.437659e-01,9.515409e-02,1.025177e+00,1.094411e+02,3.389540e+01,1.132271e+01,1.332885e+01,3.065032e+00,4962,5560
162,1.446214e-01,1.397996e-01,1.006619e-01,7.608337e-01,9.972417e+01,3.378033e+01,1.112510e+01,1.325480e+01,3.106082e+00,4977,5483
163,1.448876e-01,1.409708e-01,9.882765e-02,7.263336e-01,1.040244e+02,3.373628e+01,1.036518e+01,1.190082e+01,2.812291e+00,4993,5505
164,1.459094e-01,1.390397e-01,8.969379e-02,1.198195e+00,1.065123e+02,3.366610e+01,9.993788e+00,1.186988e+01,3.126885e+00,4971,5534
165,1.462868e-01,1.379684e-01,9.492248e-02,1.251244e+00,1.056655e+02,3.330480e+01,9.499503e+00,1.069940e+01,2.613475e+00,4957,5546
166,1.465293e-01,1.397742e-01,9.389447e-02,1.210268e+00,9.208946e+01,2.642346e+01,9.423117e+00,1.042887e+01,3.090726e+00,4967,5541
167,1.465089e-01,1.379167e-01,9.250323e-02,9.410582e-01,8.396831e+01,2.632079e+01,9.095938e+00,9.478289e+00,3.246974e+00,4977,5554
168,1.472990e-01,1.405724e-01,8.504965e-02,5.416374e-01,7.722080e+01,3.681462e+01,8.966336e+00,9.158986e+00,3.027533e+00,4959,5576
169,1.472668e-01,1.434794e-01,8.554264e-02,7.402973e-01,7.888060e+01,3.504217e+01,8.770435e+00,8.682304e+00,3.423103e+00,4992,5522
170,1.466621e-01,1.389035e-01,8.919726e-02,4.432945e-01,8.247514e+01,3.325462e+01,8.708080e+00,8.359298e+00,3.455382e+00,4996,5509
171,1.470975e-01,1.433098e-01,8.796500e-02,4.028320e-01,7.702781e+01,3.244690e+01,8.580915e+00,7.562352e+00,3.602543e+00,5014,5469
172,1.469010e-01,1.374277e-01,8.707611e-02,4.940279e-01,7.109534e+01,3.214537e+01,8.224321e+00,7.250437e+00,3.435925e+00,5023,5397
173,1.460838e-01,1.394628e-01,9.042820e-02,5.580502e-01,6.857872e+01,3.186277e+01,8.230350e+00,7.131863e+00,4.061838e+00,5027,5439
174,1.459364e-01,1.428591e-01,8.749077e-02,4.039917e-01,7.841869e+01,3.149415e+01,8.067791e+00,6.312344e+00,4.062468e+00,4980,5501
175,1.456327e-01,1.332915e-01,8.791135e-02,7.670603e-01,6.649538e+01,2.481726e+01,7.915100e+00,6.626058e+00,4.238853e+00,4958,5535
176,1.448130e-01,1.373240e-01,8.594146e-02,4.034100e-01,5.665542e+01,2.454208e+01,7.898144e+00,6.308215e+00,4.123123e+00,4960,5597
177,1.437008e-01,1.385005e-01,8.617107e-02,4.486694e-01,6.117732e+01,2.424441e+01,7.865273e+00,6.242564e+00,3.424990e+00,4998,5543
178,1.432939e-01,1.300747e-01,8.579011e-02,4.953461e-01,4.698294e+01,3.133448e+01,7.786843e+00,6.032433e+00,3.588556e+00,4988,5488
179,1.426817e-01,1.320510e-01,8.543716e-02,4.271393e-01,5.509518e+01,2.944867e+01,7.748309e+00,5.728589e+00,3.527663e+00,5034,5476
180,1.415148e-01,1.338737e-01,8.497483e-02,4.265938e-01,6.180662e+01,2.911902e+01,7.686268e+00,5.758476e+00,3.822177e+00,5039,5465
181,1.403352e-01,1.245261e-01,8.441029e-02,4.449806e-01,5.394834e+01,2.862276e+01,7.844183e+00,5.753334e+00,4.029763e+00,5029,5474
182,1.398395e-01,1.261882e-01,8.361916e-02,4.334869e-01,5.094570e+01,2.937162e+01,7.958719e+00,5.746409e+00,4.126486e+00,5042,5406
183,1.391145e-01,1.264998e-01,8.266802e-02,5.561066e-01,5.126651e+01,2.752951e+01,7.946000e+00,5.445315e+00,3.663866e+00,5035,5465
184,1.387309e-01,1.239655e-01,8.151930e-02,4.418373e-01,4.450833e+01,2.180910e+01,7.900753e+00,5.234116e+00,2.929074e+00,5023,5486
185,1.386346e-01,1.184593e-01,8.053013e-02,4.448013e-01,4.349632e+01,2.144523e+01,7.765699e+00,5.007559e+00,2.997286e+00,5006,5516
186,1.384166e-01,1.190685e-01,7.933376e-02,5.732403e-01,4.258801e+01,2.108516e+01,7.879244e+00,4.917692e+00,3.166839e+00,4999,5528
187,1.377560e-01,1.174950e-01,7.797474e-02,4.501514e-01,3.604411e+01,2.073067e+01,8.020209e+00,5.170880e+00,3.509221e+00,4982,5494
188,1.364925e-01,1.146948e-01,7.572668e-02,4.532890e-01,3.533308e+01,2.940511e+01,7.986925e+00,4.896430e+00,3.341757e+00,5013,5466
189,1.365380e-01,1.103344e-01,7.346161e-02,4.572983e-01,3.772174e+01,2.487809e+01,7.985235e+00,4.816409e+00,3.474248e+00,5010,5491
190,1.362321e-01,1.110164e-01,7.208128e-02,5.286026e-01,3.939940e+01,2.449136e+01,7.860163e+00,4.494721e+00,3.179337e+00,5004,5515
191,1.354304e-01,1.110263e-01,7.066040e-02,4.555817e-01,3.960830e+01,1.478857e+01,7.912212e+00,4.414822e+00,2.583124e+00,4983,5534
192,1.341107e-01,1.066415e-01,6.906392e-02,4.602280e-01,3.691351e+01,2.318567e+01,7.966576e+00,4.423154e+00,2.597899e+00,5015,5491
193,1.335075e-01,1.037554e-01,6.860246e-02,4.646606e-01,3.590728e+01,2.165918e+01,7.950618e+00,4.168426e+00,2.545878e+00,5009,5480
194,1.331811e-01,1.009869e-01,6.818589e-02,4.665146e-01,3.325113e+01,2.048378e+01,7.885642e+00,4.085985e+00,2.459084e+00,4993,5506
195,1.323781e-01,1.012509e-01,6.822798e-02,4.656372e-01,3.306948e+01,2.844036e+01,7.805149e+00,4.019767e+00,2.501546e+00,4999,5521
196,1.311285e-01,1.015668e-01,6.788857e-02,4.626350e-01,3.294045e+01,2.832927e+01,7.757055e+00,3.978686e+00,2.289591e+00,4997,5543
197,1.304820e-01,9.877864e-02,6.754452e-02,4.608154e-01,2.999492e+01,1.431148e+01,7.744908e+00,3.900902e+00,2.147322e+00,4986,5526
198,1.300344e-01,9.542405e-02,6.590991e-02,4.652214e-01,3.330061e+01,2.041633e+01,7.767837e+00,3.682359e+00,2.263354e+00,4997,5498
199,1.294016e-01,9.267873e-02,6.606524e-02,4.675484e-01,3.308139e+01,1.477177e+01,7.706852e+00,3.399406e+00,2.160372e+00,4999,5488
200,1.286121e-01,9.022378e-02,6.649835e-02,4.682961e-01,3.540145e+01,2.303226e+01,7.660248e+00,3.310633e+00,2.210977e+00,4988,5479
201,1.285019e-01,9.099480e-02,6.956862e-02,4.671097e-01,3.434144e+01,2.227180e+01,7.577688e+00,3.225927e+00,2.256416e+00,4986,5504
202,1.281735e-01,9.033832e-02,7.027595e-02,4.642448e-01,3.241497e+01,2.156162e+01,7.476187e+00,3.168188e+00,2.504872e+00,4986,5511
203,1.276684e-01,8.913592e-02,6.788512e-02,4.646416e-01,3.286780e+01,2.094489e+01,7.451182e+00,3.279406e+00,2.147050e+00,4995,5538
204,1.270513e-01,8.768624e-02,6.834859e-02,4.668007e-01,3.239251e+01,3.098467e+01,7.408553e+00,3.396041e+00,2.240062e+00,5001,5497
205,1.261777e-01,8.611403e-02,6.988082e-02,4.675102e-01,3.329327e+01,2.997561e+01,7.422768e+00,3.770919e+00,2.424287e+00,5027,5490
206,1.260369e-01,8.418657e-02,7.114054e-02,4.665909e-01,3.157634e+01,2.146840e+01,7.356063e+00,3.895783e+00,2.567762e+00,5032,5489
207,1.256479e-01,8.375093e-02,7.246298e-02,4.641571e-01,3.582574e+01,2.889199e+01,7.281352e+00,4.116936e+00,2.691038e+00,5014,5495
208,1.251436e-01,8.284654e-02,7.346560e-02,4.603653e-01,3.482732e+01,2.827417e+01,7.169832e+00,4.324914e+00,2.867224e+00,4995,5525
209,1.245267e-01,8.100072e-02,7.505504e-02,4.553299e-01,3.475214e+01,1.676871e+01,7.083250e+00,4.676802e+00,2.984776e+00,4992,5517
210,1.237331e-01,8.079052e-02,7.659496e-02,4.495163e-01,3.402239e+01,2.073788e+01,7.095531e+00,5.058790e+00,3.168904e+00,4979,5539
211,1.234332e-01,8.220411e-02,7.796907e-02,4.478760e-01,3.363652e+01,3.395240e+01,7.090789e+00,5.514175e+00,3.387669e+00,4993,5516
212,1.230280e-01,8.363943e-02,8.315120e-02,6.311264e-01,4.449861e+01,3.355878e+01,6.971690e+00,6.089711e+00,3.520469e+00,5005,5525
213,1.228574e-01,8.502217e-02,8.510680e-02,4.427834e-01,4.461447e+01,2.374697e+01,6.866945e+00,6.496268e+00,3.604766e+00,5026,5490
214,1.227929e-01,8.718541e-02,8.713081e-02,4.387665e-01,4.412840e+01,2.310691e+01,6.821504e+00,6.385787e+00,3.635010e+00,5027,5504
215,1.227174e-01,9.103135e-02,8.925832e-02,4.336319e-01,4.013956e+01,1.842805e+01,6.743251e+00,6.610708e+00,3.640016e+00,5031,5502
216,1.225782e-01,9.454557e-02,9.221812e-02,4.993019e-01,4.650410e+01,1.975789e+01,6.661085e+00,6.938388e+00,3.922494e+00,5043,5490
217,1.223349e-01,9.577040e-02,9.471770e-02,5.310917e-01,4.542790e+01,2.376542e+01,6.657034e+00,7.317409e+00,4.099025e+00,5011,5512
218,1.227989e-01,9.948210e-02,9.616792e-02,5.513916e-01,5.020695e+01,2.606675e+01,6.788745e+00,7.474198e+00,4.134701e+00,4991,5514
219,1.233761e-01,1.030861e-01,9.815209e-02,5.902405e-01,5.441486e+01,2.764862e+01,7.551386e+00,8.197488e+00,4.129560e+00,4988,5481
220,1.249723e-01,1.065941e-01,1.010318e-01,6.074104e-01,5.870926e+01,3.091072e+01,7.944480e+00,9.054469e+00,4.039432e+00,4988,5531
221,1.266263e-01,1.107304e-01,1.045259e-01,6.735916e-01,6.423665e+01,3.060812e+01,9.071198e+00,9.572280e+00,4.006270e+00,4978,5560
222,1.287182e-01,1.164268e-01,1.056916e-01,6.864243e-01,7.233949e+01,2.968973e+01,9.533191e+00,1.001275e+01,4.193617e+00,4989,5551
223,1.313228e-01,1.221060e-01,1.078842e-01,1.279606e+00,7.677005e+01,3.514047e+01,1.056576e+01,1.055578e+01,3.978625e+00,4990,5549
224,1.349374e-01,1.161183e-01,1.098957e-01,7.214890e-01,7.297784e+01,3.014267e+01,1.123095e+01,1.275764e+01,4.210820e+00,4976,5559
225,1.391454e-01,1.157039e-01,1.137935e-01,7.460228e-01,7.753678e+01,6.740051e+01,1.189717e+01,1.456401e+01,3.910047e+00,4987,5541
226,1.432906e-01,1.153163e-01,1.141305e-01,1.666079e+00,7.732177e+01,3.386123e+01,1.315969e+01,1.703690e+01,3.979915e+00,4986,5536
227,1.478361e-01,1.325132e-01,1.145862e-01,9.512744e-01,7.595447e+01,3.292175e+01,1.618950e+01,1.688659e+01,4.147522e+00,4953,5583
228,1.521814e-01,1.375056e-01,1.168526e-01,9.326477e-01,8.273549e+01,8.400394e+01,1.647916e+01,1.617149e+01,4.527521e+00,4956,5572
229,1.554914e-01,1.355250e-01,1.169107e-01,9.549751e-01,9.579298e+01,8.890592e+01,1.706903e+01,1.901684e+01,4.402153e+00,4974,5579
230,1.549325e-01,1.288848e-01,1.157288e-01,9.923172e-01,8.815904e+01,3.052629e+01,1.802126e+01,2.038279e+01,4.541345e+00,4973,5549
231,1.543974e-01,1.437051e-01,1.164325e-01,1.032705e+00,9.641096e+01,9.756506e+01,1.859266e+01,1.867661e+01,5.379381e+00,4994,5533
232,1.586882e-01,1.405063e-01,1.168862e-01,1.101343e+00,9.844914e+01,1.005709e+02,1.841882e+01,2.157880e+01,4.016442e+00,4991,5550
233,1.553362e-01,1.358901e-01,1.146702e-01,1.086800e+00,1.235844e+02,3.353492e+01,1.957386e+01,2.109967e+01,3.859714e+00,4983,5483
234,1.549787e-01,1.399584e-01,1.129772e-01,1.053471e+00,1.113542e+02,8.276579e+01,1.824107e+01,2.011366e+01,3.969044e+00,4975,5508
235,1.538654e-01,1.291205e-01,1.142671e-01,1.074585e+00,1.029175e+02,2.675030e+01,1.817068e+01,2.293975e+01,4.893404e+00,4994,5507
236,1.527337e-01,1.378748e-01,1.137936e-01,1.017113e+00,7.880482e+01,2.622914e+01,1.827530e+01,1.805291e+01,4.082255e+00,5005,5489
237,1.510173e-01,1.305452e-01,1.130067e-01,1.063396e+00,8.334595e+01,8.271899e+01,1.707062e+01,2.145645e+01,3.769273e+00,5013,5435
238,1.493253e-01,1.317859e-01,1.159909e-01,1.003038e+00,8.655585e+01,7.149299e+01,1.692046e+01,1.788057e+01,4.432267e+00,5031,5447
239,1.472950e-01,1.298196e-01,1.143055e-01,9.225092e-01,8.714084e+01,3.286320e+01,1.540062e+01,1.817005e+01,3.462086e+00,4998,5458
240,1.453093e-01,1.265290e-01,1.136062e-01,8.837833e-01,7.922501e+01,7.951599e+01,1.557180e+01,1.665787e+01,3.418312e+00,4993,5467
241,1.436134e-01,1.328548e-01,1.097017e-01,1.001526e+00,9.180110e+01,6.819991e+01,1.432241e+01,1.595345e+01,3.272578e+00,4984,5493
242,1.430988e-01,1.322291e-01,1.181190e-01,9.352760e-01,9.655908e+01,5.725685e+01,1.351440e+01,1.521144e+01,3.258928e+00,4986,5493
243,1.467334e-01,1.365048e-01,1.142397e-01,8.566666e-01,1.256152e+02,3.711966e+01,1.372847e+01,1.526066e+01,3.055871e+00,4983,5520
244,1.497814e-01,1.364651e-01,1.136017e-01,8.341331e-01,1.135930e+02,3.670921e+01,1.312828e+01,1.410587e+01,3.129006e+00,4974,5548
245,1.519348e-01,1.392261e-01,1.088700e-01,8.520041e-01,9.634605e+01,3.618732e+01,1.253804e+01,1.487256e+01,2.885907e+00,4981,5534
246,1.536473e-01,1.396711e-01,1.076580e-01,8.721619e-01,1.166999e+02,3.790505e+01,1.242255e+01,1.426664e+01,3.028278e+00,4983,5522
247,1.565347e-01,1.406095e-01,1.137819e-01,8.241730e-01,9.913762e+01,3.632181e+01,1.212936e+01,1.435637e+01,2.771250e+00,4984,5496
248,1.578392e-01,1.416506e-01,1.130054e-01,8.783188e-01,7.800880e+01,3.467175e+01,1.191703e+01,1.370337e+01,2.892117e+00,4987,5498
249,1.578883e-01,1.398491e-01,1.088263e-01,9.458656e-01,9.929201e+01,3.294236e+01,1.167484e+01,1.348199e+01,3.031340e+00,4985,5498
250,1.601194e-01,1.439441e-01,1.083349e-01,6.907997e-01,1.042764e+02,3.394583e+01,1.109631e+01,1.216317e+01,2.899252e+00,4960,5469
251,1.607064e-01,1.424076e-01,1.080927e-01,6.609192e-01,9.044434e+01,3.340721e+01,1.059146e+01,1.166437e+01,2.984276e+00,4946,5563
252,1.618674e-01,1.453709e-01,1.124324e-01,7.809525e-01,1.069465e+02,3.283815e+01,1.022086e+01,1.092864e+01,2.718268e+00,4955,5544
253,1.617140e-01,1.433016e-01,1.042149e-01,6.688042e-01,1.008700e+02,3.966359e+01,9.984411e+00,1.065773e+01,2.784935e+00,4960,5538
254,1.633772e-01,1.417914e-01,1.037242e-01,1.177764e+00,9.655295e+01,3.759396e+01,9.766368e+00,9.955405e+00,2.901705e+00,4960,5536
255,1.643223e-01,1.442690e-01,1.031317e-01,6.471702e-01,8.086262e+01,3.545184e+01,9.760225e+00,9.589289e+00,2.800938e+00,4952,5558
256,1.633368e-01,1.433275e-01,1.075991e-01,7.240314e-01,7.334841e+01,2.679822e+01,9.587240e+00,9.208102e+00,2.689375e+00,4957,5497
257,1.638160e-01,1.410327e-01,1.066230e-01,6.928883e-01,6.341265e+01,3.646804e+01,9.242001e+00,8.986889e+00,2.728710e+00,4980,5482
258,1.641877e-01,1.413146e-01,1.007062e-01,1.238945e+00,9.329969e+01,2.920638e+01,9.159593e+00,8.142127e+00,2.690829e+00,4976,5487
259,1.626934e-01,1.419874e-01,1.002079e-01,1.040768e+00,8.491349e+01,3.419471e+01,9.125659e+00,8.133677e+00,3.396187e+00,4975,5495
260,1.621951e-01,1.386316e-01,9.969836e-02,4.221344e-01,7.456241e+01,3.205962e+01,9.055232e+00,7.600606e+00,3.613355e+00,4989,5525
261,1.620671e-01,1.380024e-01,1.029022e-01,8.822775e-01,6.170670e+01,2.264511e+01,8.791033e+00,7.246047e+00,3.469847e+00,4976,5495
262,1.611609e-01,1.378841e-01,1.019488e-01,6.044750e-01,8.463383e+01,3.293382e+01,8.575899e+00,6.988034e+00,3.200728e+00,4974,5506
263,1.603829e-01,1.353329e-01,9.525801e-02,4.427643e-01,7.939778e+01,3.211932e+01,8.625643e+00,6.256934e+00,3.331609e+00,4969,5516
264,1.593700e-01,1.345237e-01,9.419657e-02,6.089802e-01,6.913892e+01,3.127819e+01,8.706495e+00,6.264686e+00,3.541771e+00,4977,5507
265,1.596163e-01,1.335074e-01,9.453095e-02,1.111734e+00,5.724313e+01,2.477761e+01,8.718545e+00,6.131425e+00,3.820975e+00,5002,5520
266,1.587791e-01,1.289527e-01,9.452341e-02,4.661465e-01,6.253294e+01,3.171397e+01,8.686538e+00,6.199409e+00,4.014151e+00,4995,5513
267,1.581442e-01,1.299440e-01,9.441721e-02,4.603004e-01,5.191831e+01,2.302929e+01,8.566739e+00,5.895529e+00,3.169182e+00,4984,5508
268,1.572139e-01,1.293334e-01,9.293490e-02,4.667892e-01,4.599839e+01,2.233052e+01,8.634359e+00,5.510187e+00,3.146438e+00,4965,5485
269,1.559892e-01,1.265475e-01,9.411611e-02,4.731522e-01,5.082206e+01,2.733415e+01,8.688527e+00,5.652733e+00,3.506625e+00,4983,5510
270,1.559421e-01,1.234840e-01,9.338836e-02,4.824333e-01,5.320026e+01,2.654082e+01,8.598805e+00,5.458893e+00,3.591486e+00,4995,5512
271,1.553050e-01,1.247088e-01,9.191288e-02,4.860954e-01,4.967297e+01,2.575008e+01,8.493592e+00,5.550097e+00,3.771059e+00,4987,5484
272,1.541626e-01,1.233507e-01,9.039936e-02,4.825630e-01,3.960819e+01,3.015466e+01,8.418465e+00,5.380784e+00,3.045257e+00,5010,5474
273,1.525947e-01,1.198252e-01,8.816886e-02,4.903488e-01,3.401497e+01,2.810167e+01,8.536971e+00,5.269067e+00,3.056981e+00,5009,5516
274,1.515562e-01,1.175114e-01,8.717984e-02,4.942970e-01,3.061754e+01,2.612122e+01,8.509612e+00,4.831951e+00,2.940824e+00,4987,5551
275,1.507678e-01,1.188386e-01,8.580700e-02,4.933434e-01,4.620701e+01,2.420493e+01,8.408095e+00,4.928239e+00,3.234627e+00,5001,5529
276,1.495437e-01,1.176887e-01,8.524748e-02,4.874115e-01,4.221343e+01,2.228228e+01,8.245137e+00,4.917381e+00,3.364951e+00,5000,5526
277,1.490289e-01,1.148708e-01,8.485804e-02,4.813766e-01,3.310985e+01,2.150909e+01,8.205420e+00,4.840953e+00,3.253758e+00,4988,5489
278,1.486357e-01,1.111846e-01,8.475580e-02,4.750967e-01,3.703143e+01,2.090464e+01,8.276753e+00,4.587422e+00,2.389573e+00,4981,5487
279,1.480251e-01,1.109367e-01,8.469364e-02,4.713669e-01,3.538265e+01,2.640332e+01,8.276727e+00,4.358028e+00,2.539689e+00,4996,5512
280,1.471228e-01,1.122118e-01,8.453623e-02,4.772186e-01,3.009886e+01,2.038258e+01,8.125137e+00,4.054126e+00,2.614971e+00,4981,5565
281,1.464990e-01,1.111805e-01,8.440465e-02,4.812889e-01,3.180658e+01,2.369255e+01,8.050836e+00,4.028835e+00,2.640186e+00,4970,5545
282,1.458981e-01,1.086484e-01,8.400108e-02,4.829788e-01,3.465915e+01,2.318252e+01,8.070012e+00,3.979871e+00,2.431576e+00,4976,5509
283,1.449397e-01,1.053689e-01,8.358975e-02,4.809475e-01,3.310804e+01,1.859741e+01,7.991540e+00,3.811507e+00,2.380876e+00,4980,5531
284,1.438092e-01,1.024937e-01,8.363694e-02,4.757462e-01,3.150938e+01,1.830946e+01,7.934597e+00,3.700562e+00,2.577231e+00,4989,5514
285,1.426038e-01,1.027604e-01,8.327331e-02,4.773407e-01,3.142669e+01,2.211396e+01,7.888474e+00,3.562658e+00,2.391765e+00,4997,5473
286,1.420105e-01,1.042058e-01,8.192862e-02,4.785614e-01,3.082579e+01,2.092349e+01,7.849130e+00,3.407173e+00,1.978204e+00,4987,5457
287,1.415386e-01,1.040054e-01,8.360606e-02,4.766159e-01,2.955056e+01,1.980835e+01,7.782640e+00,3.491880e+00,2.034519e+00,5005,5456
288,1.409323e-01,1.029664e-01,8.366756e-02,4.720230e-01,3.284934e+01,2.241712e+01,7.763391e+00,3.255606e+00,2.236125e+00,4999,5489
289,1.404250e-01,1.015614e-01,8.370599e-02,4.653625e-01,3.244864e+01,2.260384e+01,7.715303e+00,3.244624e+00,2.214499e+00,5010,5523
290,1.398694e-01,9.934469e-02,8.357836e-02,4.567566e-01,3.290866e+01,2.290530e+01,7.697090e+00,3.198245e+00,2.206637e+00,5010,5497
291,1.392906e-01,9.793446e-02,8.413421e-02,4.539375e-01,3.099568e+01,2.518907e+01,7.654283e+00,3.105619e+00,2.281518e+00,5005,5504
292,1.386312e-01,9.631048e-02,8.477965e-02,4.513283e-01,3.271860e+01,2.447548e+01,7.596548e+00,3.204010e+00,2.367349e+00,5000,5513
293,1.380118e-01,9.558909e-02,8.538320e-02,4.467964e-01,3.145518e+01,2.375453e+01,7.501626e+00,3.287388e+00,2.428827e+00,4993,5534
294,1.374009e-01,9.473577e-02,8.604267e-02,4.399223e-01,3.013467e+01,2.299636e+01,7.370317e+00,3.624310e+00,2.580891e+00,5001,5529
295,1.367266e-01,9.386286e-02,8.659413e-02,4.352798e-01,3.545892e+01,2.584593e+01,7.353522e+00,3.992130e+00,2.623323e+00,4992,5550
296,1.360062e-01,9.399644e-02,8.788647e-02,4.348984e-01,3.590402e+01,2.647196e+01,7.323513e+00,4.414330e+00,2.621274e+00,4986,5570
297,1.355928e-01,9.382037e-02,8.913676e-02,4.330139e-01,3.613215e+01,3.097894e+01,7.261303e+00,4.710947e+00,2.910409e+00,4981,5572
298,1.353772e-01,9.411055e-02,9.020550e-02,4.295731e-01,3.448682e+01,2.966466e+01,7.191051e+00,4.965834e+00,2.953566e+00,4981,5558
299,1.351514e-01,9.444281e-02,9.347080e-02,4.241600e-01,3.333519e+01,3.392901e+01,7.090856e+00,5.204982e+00,2.951857e+00,4989,5538
300,1.349425e-01,9.637740e-02,9.491421e-02,4.705925e-01,3.282713e+01,3.305171e+01,6.992403e+00,5.705413e+00,3.050379e+00,5000,5531
301,1.347309e-01,1.004899e-01,9.621234e-02,5.159569e-01,3.927266e+01,2.029660e+01,6.934968e+00,5.806887e+00,3.116764e+00,4979,5555
302,1.344413e-01,1.036163e-01,9.782587e-02,4.108734e-01,4.120101e+01,2.050488e+01,6.872425e+00,6.319488e+00,3.192209e+00,4972,5564
303,1.340738e-01,1.036633e-01,9.943718e-02,4.982090e-01,4.387709e+01,2.097724e+01,6.795417e+00,6.595881e+00,3.233101e+00,4975,5522
304,1.337062e-01,1.050607e-01,1.008961e-01,4.892807e-01,4.734025e+01,2.134964e+01,6.801750e+00,7.007374e+00,3.775399e+00,4983,5524
305,1.333790e-01,1.061707e-01,1.093311e-01,5.306511e-01,4.817340e+01,4.235701e+01,6.770186e+00,7.111979e+00,3.348545e+00,5011,5505
306,1.331800e-01,1.102272e-01,1.073318e-01,5.526314e-01,4.408367e+01,3.256183e+01,6.796544e+00,7.666130e+00,4.081969e+00,5012,5490
307,1.330656e-01,1.137072e-01,1.063899e-01,5.413973e-01,4.834945e+01,2.614878e+01,7.363605e+00,7.998165e+00,3.917631e+00,5015,5472
308,1.331379e-01,1.148523e-01,1.126350e-01,5.863070e-01,5.512796e+01,3.254524e+01,7.691256e+00,8.748792e+00,3.551933e+00,5008,5494
309,1.332293e-01,1.177274e-01,1.138400e-01,6.112754e-01,5.746761e+01,3.297983e+01,8.396032e+00,9.698449e+00,3.543644e+00,4981,5556
310,1.332702e-01,1.224241e-01,1.152053e-01,1.420559e+00,7.037568e+01,3.285278e+01,9.010950e+00,1.040504e+01,3.663797e+00,4979,5540
311,1.332303e-01,1.209291e-01,1.189028e-01,6.923485e-01,7.251915e+01,4.927505e+01,1.024902e+01,1.078734e+01,3.603021e+00,4983,5529
312,1.334988e-01,1.229030e-01,1.199519e-01,7.531624e-01,9.179732e+01,3.168692e+01,1.116518e+01,1.155820e+01,3.603804e+00,4981,5548
313,1.336975e-01,1.234506e-01,1.235359e-01,8.076839e-01,8.019144e+01,2.970215e+01,1.162274e+01,1.303313e+01,3.896922e+00,4987,5519
314,1.337856e-01,1.242786e-01,1.209346e-01,8.361530e-01,6.474221e+01,3.650951e+01,1.300387e+01,1.461948e+01,3.779811e+00,4986,5569
315,1.365184e-01,1.305759e-01,1.225606e-01,9.024506e-01,8.361465e+01,3.564027e+01,1.433988e+01,1.482616e+01,3.778910e+00,4995,5560
316,1.411732e-01,1.258571e-01,1.226918e-01,9.093018e-01,8.651425e+01,8.124381e+01,1.452375e+01,1.637170e+01,3.842003e+00,4989,5518
317,1.451478e-01,1.252879e-01,1.223026e-01,1.112008e+00,1.090074e+02,3.387197e+01,1.589632e+01,1.919344e+01,3.831097e+00,4984,5500
318,1.465336e-01,1.330096e-01,1.232855e-01,9.500885e-01,1.040609e+02,7.097896e+01,1.814357e+01,1.803970e+01,3.887304e+00,4977,5547
319,1.479695e-01,1.265509e-01,1.228434e-01,9.760284e-01,1.005850e+02,3.404178e+01,1.771086e+01,1.879786e+01,4.180634e+00,4993,5534
320,1.470746e-01,1.285805e-01,1.237755e-01,9.644108e-01,8.322539e+01,8.533953e+01,1.765994e+01,2.085863e+01,4.472296e+00,5002,5526
321,1.465266e-01,1.306377e-01,1.224309e-01,1.020601e+00,8.496353e+01,7.640802e+01,1.906886e+01,1.756575e+01,3.553640e+00,5011,5481
322,1.478942e-01,1.362796e-01,1.223508e-01,1.018322e+00,9.694792e+01,3.654150e+01,1.844970e+01,2.139804e+01,4.808693e+00,4994,5510
323,1.453509e-01,1.370670e-01,1.223671e-01,1.013954e+00,8.974847e+01,8.761740e+01,1.811261e+01,1.928919e+01,4.818437e+00,5010,5466
324,1.449215e-01,1.402631e-01,1.221926e-01,1.007103e+00,8.896512e+01,7.635050e+01,1.754183e+01,1.884793e+01,3.604414e+00,4988,5491
325,1.438004e-01,1.477226e-01,1.215858e-01,1.240434e+00,8.530583e+01,3.113087e+01,1.649471e+01,1.938652e+01,3.617029e+00,4985,5502
326,1.424214e-01,1.432221e-01,1.199948e-01,9.899940e-01,7.810861e+01,3.026677e+01,1.630158e+01,1.651347e+01,3.790231e+00,5004,5504
327,1.453509e-01,1.517803e-01,1.248460e-01,9.459534e-01,8.339066e+01,2.943133e+01,1.484141e+01,1.867614e+01,3.205362e+00,4997,5498
328,1.496516e-01,1.485467e-01,1.240328e-01,9.185829e-01,8.053831e+01,6.147528e+01,1.474619e+01,1.536594e+01,3.060869e+00,4987,5505
329,1.535807e-01,1.499452e-01,1.229937e-01,1.626606e+00,8.567655e+01,5.046181e+01,1.346853e+01,1.717603e+01,3.353100e+00,5016,5459
330,1.554924e-01,1.549215e-01,1.214617e-01,1.342369e+00,1.438892e+02,3.406474e+01,1.327646e+01,1.496173e+01,3.114182e+00,5009,5480
331,1.581875e-01,1.475441e-01,1.270094e-01,8.279667e-01,1.151787e+02,3.347078e+01,1.253359e+01,1.403377e+01,3.723507e+00,4984,5529
332,1.614711e-01,1.552467e-01,1.194683e-01,1.017624e+00,9.521468e+01,3.284920e+01,1.287069e+01,1.414902e+01,3.307202e+00,4990,5495
333,1.624828e-01,1.506633e-01,1.252475e-01,9.073029e-01,9.036339e+01,3.720702e+01,1.249033e+01,1.360814e+01,2.901365e+00,5009,5504
334,1.639281e-01,1.514497e-01,1.240677e-01,1.276115e+00,9.593829e+01,3.274862e+01,1.228790e+01,1.360127e+01,2.682173e+00,5008,5464
335,1.659739e-01,1.529743e-01,1.224992e-01,1.250286e+00,9.626457e+01,2.398408e+01,1.188896e+01,1.357313e+01,3.027591e+00,4978,5503
336,1.658569e-01,1.538380e-01,1.225849e-01,7.887745e-01,9.919614e+01,3.728886e+01,1.195105e+01,1.375344e+01,2.693626e+00,4992,5507
337,1.681291e-01,1.531206e-01,1.217018e-01,6.761017e-01,8.459312e+01,2.965631e+01,1.129221e+01,1.219799e+01,2.973988e+00,4997,5456
338,1.693649e-01,1.560851e-01,1.204293e-01,6.360245e-01,7.897820e+01,2.897948e+01,1.087304e+01,1.222619e+01,3.497530e+00,5037,5421
339,1.704503e-01,1.548497e-01,1.148195e-01,7.095909e-01,8.712907e+01,2.828132e+01,1.031075e+01,1.119747e+01,3.015067e+00,5014,5436
340,1.707028e-01,1.558013e-01,1.202442e-01,1.422016e+00,7.795630e+01,3.471827e+01,1.011681e+01,1.080709e+01,2.694097e+00,4992,5489
341,1.718241e-01,1.556617e-01,1.195027e-01,5.020981e-01,6.621234e+01,3.397209e+01,9.915045e+00,1.060125e+01,3.005889e+00,4987,5476
342,1.726376e-01,1.564883e-01,1.183783e-01,5.142365e-01,8.180928e+01,3.323893e+01,1.012745e+01,1.059332e+01,2.804194e+00,4997,5467
343,1.723979e-01,1.554181e-01,1.144421e-01,5.321007e-01,7.438148e+01,3.233661e+01,9.681990e+00,9.695763e+00,2.979853e+00,4983,5496
344,1.734550e-01,1.558416e-01,1.145985e-01,5.789757e-01,6.745828e+01,2.483697e+01,9.546129e+00,9.563520e+00,2.623541e+00,4987,5522
345,1.728990e-01,1.571003e-01,1.140261e-01,5.227222e-01,6.096445e+01,3.647587e+01,9.358039e+00,8.458159e+00,2.915427e+00,4983,5531
346,1.725543e-01,1.549149e-01,1.174290e-01,4.204102e-01,6.060472e+01,3.016696e+01,9.347465e+00,8.431684e+00,3.336185e+00,4999,5460
347,1.727170e-01,1.547208e-01,1.166561e-01,5.580978e-01,7.485402e+01,3.155246e+01,9.162925e+00,8.453139e+00,2.839906e+00,5010,5452
348,1.709658e-01,1.542118e-01,1.155961e-01,8.720570e-01,6.814920e+01,2.912478e+01,8.950937e+00,6.795643e+00,2.832688e+00,5015,5420
349,1.700875e-01,1.520341e-01,1.138445e-01,8.208752e-01,5.831934e+01,2.777766e+01,8.950809e+00,8.216955e+00,2.784397e+00,4986,5502
350,1.693280e-01,1.522422e-01,1.046490e-01,6.716499e-01,7.097990e+01,2.060569e+01,8.838238e+00,7.046429e+00,2.776272e+00,4959,5584
351,1.686157e-01,1.512376e-01,1.048264e-01,9.891887e-01,6.764443e+01,3.216530e+01,8.939797e+00,5.921597e+00,2.887798e+00,4949,5590
352,1.675024e-01,1.477426e-01,1.048793e-01,9.723549e-01,5.941930e+01,2.539327e+01,9.021186e+00,6.790854e+00,3.195467e+00,4951,5542
353,1.655718e-01,1.485133e-01,1.047778e-01,1.027160e+00,5.321937e+01,2.939730e+01,9.011537e+00,6.418450e+00,3.234110e+00,4964,5579
354,1.652242e-01,1.471428e-01,1.045986e-01,6.104326e-01,5.425102e+01,2.381225e+01,8.846500e+00,5.598582e+00,2.467125e+00,4961,5589
355,1.640604e-01,1.426939e-01,1.089850e-01,9.243870e-01,5.102549e+01,2.302140e+01,8.708615e+00,5.418278e+00,2.674647e+00,4986,5523
356,1.621161e-01,1.434525e-01,1.093871e-01,4.649086e-01,5.126737e+01,2.833799e+01,8.886249e+00,5.824058e+00,3.078989e+00,5002,5432
357,1.601489e-01,1.413646e-01,1.081099e-01,4.711456e-01,4.474276e+01,2.706848e+01,8.877531e+00,5.664590e+00,2.835619e+00,5009,5489
358,1.592047e-01,1.387767e-01,1.066671e-01,4.851532e-01,4.699857e+01,2.619885e+01,8.795760e+00,5.523927e+00,2.063350e+00,5001,5523
359,1.576969e-01,1.366851e-01,1.051143e-01,4.896317e-01,4.404885e+01,2.000577e+01,8.532476e+00,5.120093e+00,2.333092e+00,4980,5552
360,1.572978e-01,1.368715e-01,1.039897e-01,4.858665e-01,3.904490e+01,1.930334e+01,8.490959e+00,4.936000e+00,2.481392e+00,4980,5551
361,1.562356e-01,1.341644e-01,1.032130e-01,4.881935e-01,4.165042e+01,2.761303e+01,8.550134e+00,5.217946e+00,2.621024e+00,4980,5511
362,1.553452e-01,1.310360e-01,1.024789e-01,4.864273e-01,3.988629e+01,2.542216e+01,8.505723e+00,4.995979e+00,2.549237e+00,5002,5477
363,1.552331e-01,1.283042e-01,1.018993e-01,4.808540e-01,3.789103e+01,2.222498e+01,8.447972e+00,4.869980e+00,2.886989e+00,4988,5507
364,1.543746e-01,1.293123e-01,1.011128e-01,4.780502e-01,4.138121e+01,2.152880e+01,8.489758e+00,4.455050e+00,2.961571e+00,4994,5530
365,1.527230e-01,1.286613e-01,1.002466e-01,4.803162e-01,3.940460e+01,2.082528e+01,8.485458e+00,4.184788e+00,2.836186e+00,4985,5546
366,1.512014e-01,1.268961e-01,9.948851e-02,4.848175e-01,3.241201e+01,1.755822e+01,8.526642e+00,4.468086e+00,2.352035e+00,4999,5517
367,1.504452e-01,1.234517e-01,1.000887e-01,4.848099e-01,3.619417e+01,1.513999e+01,8.456869e+00,4.254393e+00,2.370805e+00,4967,5558
368,1.492557e-01,1.198453e-01,9.939998e-02,4.806061e-01,4.012695e+01,1.468459e+01,8.310710e+00,3.900862e+00,2.281775e+00,4941,5563
369,1.480817e-01,1.191022e-01,9.887897e-02,4.758759e-01,3.770411e+01,2.131080e+01,8.424265e+00,3.874259e+00,2.512145e+00,4952,5548
370,1.476908e-01,1.198236e-01,9.850326e-02,4.712601e-01,3.515240e+01,1.965004e+01,8.420318e+00,3.748130e+00,2.465856e+00,4972,5548
371,1.469953e-01,1.194270e-01,9.804644e-02,4.724274e-01,3.046160e+01,1.788284e+01,8.377598e+00,3.751596e+00,2.632337e+00,4985,5527
372,1.460133e-01,1.188829e-01,9.736361e-02,4.780388e-01,3.265722e+01,1.382935e+01,8.301039e+00,3.505675e+00,2.066333e+00,5011,5500
373,1.448160e-01,1.171670e-01,9.737737e-02,4.809456e-01,3.092237e+01,1.952913e+01,8.216207e+00,3.609876e+00,2.264870e+00,5014,5485
374,1.440289e-01,1.151910e-01,9.737806e-02,4.805031e-01,3.544429e+01,3.099129e+01,8.065577e+00,3.418092e+00,2.005732e+00,4997,5525
375,1.436684e-01,1.132977e-01,9.730687e-02,4.767075e-01,3.697980e+01,2.964714e+01,8.099381e+00,3.391236e+00,1.841924e+00,5013,5510
376,1.433203e-01,1.115920e-01,9.721826e-02,4.705276e-01,3.263876e+01,1.736880e+01,8.082515e+00,3.244662e+00,1.776590e+00,5014,5515
377,1.427560e-01,1.099684e-01,9.607549e-02,4.757843e-01,3.216386e+01,1.749370e+01,8.023984e+00,3.337304e+00,1.933001e+00,4995,5558
378,1.419233e-01,1.087099e-01,9.658170e-02,4.610062e-01,3.225259e+01,2.243927e+01,7.959515e+00,3.280230e+00,2.048430e+00,4978,5560
379,1.411102e-01,1.081484e-01,9.709097e-02,4.601021e-01,3.085217e+01,2.267075e+01,7.914824e+00,3.176262e+00,2.194144e+00,4972,5568
380,1.409244e-01,1.072395e-01,9.755222e-02,4.572296e-01,3.310212e+01,3.076871e+01,7.823353e+00,3.242602e+00,2.370823e+00,4987,5552
381,1.405309e-01,1.083497e-01,9.817367e-02,4.519482e-01,3.614024e+01,2.368646e+01,7.686183e+00,3.464684e+00,2.455927e+00,4984,5537
382,1.399580e-01,1.073859e-01,9.916554e-02,4.506645e-01,3.483533e+01,1.936982e+01,7.652067e+00,3.750133e+00,2.591220e+00,4995,5507
383,1.396691e-01,1.066894e-01,9.985811e-02,4.493046e-01,3.438098e+01,2.766570e+01,7.669328e+00,3.844369e+00,2.662941e+00,4984,5510
384,1.394475e-01,1.071687e-01,1.037093e-01,4.458523e-01,3.475219e+01,1.687785e+01,7.641058e+00,4.199687e+00,2.871903e+00,4990,5506
385,1.389435e-01,1.068369e-01,1.020576e-01,4.405823e-01,3.432500e+01,2.596049e+01,7.605522e+00,4.726232e+00,2.974705e+00,4971,5514
386,1.387205e-01,1.063034e-01,1.051611e-01,4.363861e-01,3.778954e+01,3.140281e+01,7.497416e+00,5.157271e+00,2.988737e+00,4978,5549
387,1.387744e-01,1.079508e-01,1.067172e-01,4.379158e-01,4.261438e+01,3.009893e+01,7.386106e+00,5.422869e+00,3.076234e+00,4985,5532
388,1.386988e-01,1.088315e-01,1.077638e-01,4.372368e-01,4.019338e+01,2.733932e+01,7.246918e+00,5.423790e+00,3.022700e+00,4974,5551
389,1.385449e-01,1.114784e-01,1.090522e-01,5.034103e-01,4.051572e+01,1.961537e+01,7.257117e+00,5.780732e+00,3.151047e+00,4970,5537
390,1.383953e-01,1.130164e-01,1.105340e-01,4.296761e-01,4.191342e+01,1.798443e+01,7.272217e+00,6.163198e+00,3.423374e+00,4986,5516
391,1.383280e-01,1.146886e-01,1.141228e-01,4.481573e-01,4.416862e+01,3.726798e+01,7.270803e+00,7.129158e+00,3.571228e+00,4980,5561
392,1.381548e-01,1.155029e-01,1.160698e-01,4.888563e-01,5.177785e+01,3.719705e+01,7.148024e+00,6.875958e+00,3.456804e+00,5003,5551
393,1.384084e-01,1.164796e-01,1.177393e-01,5.587234e-01,5.368381e+01,2.675010e+01,7.141987e+00,7.309722e+00,3.570787e+00,5019,5563
394,1.385283e-01,1.201142e-01,1.208039e-01,4.893570e-01,4.819558e+01,3.712579e+01,7.116114e+00,7.471251e+00,4.003315e+00,5018,5561
395,1.386162e-01,1.218922e-01,1.226564e-01,5.320721e-01,5.209201e+01,2.850705e+01,7.542968e+00,8.030019e+00,4.085309e+00,5006,5561
396,1.388446e-01,1.238605e-01,1.231807e-01,6.055870e-01,5.978944e+01,2.849192e+01,7.304755e+00,8.193190e+00,3.823243e+00,4993,5584
397,1.390234e-01,1.256271e-01,1.243428e-01,6.258736e-01,6.798014e+01,2.863513e+01,7.858972e+00,8.549160e+00,3.931256e+00,5008,5525
398,1.391138e-01,1.272947e-01,1.259566e-01,6.697116e-01,6.854144e+01,3.378702e+01,8.443726e+00,9.835736e+00,4.353911e+00,5013,5510
399,1.391254e-01,1.283808e-01,1.288321e-01,1.026325e+00,7.862521e+01,3.291879e+01,9.008340e+00,1.098737e+01,4.268294e+00,5018,5505
400,1.390362e-01,1.304217e-01,1.294484e-01,7.070808e-01,7.497477e+01,3.184653e+01,9.817966e+00,1.254001e+01,4.182835e+00,5043,5495
401,1.393011e-01,1.316720e-01,1.328120e-01,7.453914e-01,6.500111e+01,6.552527e+01,1.189763e+01,1.262521e+01,4.250468e+00,5038,5494
402,1.395150e-01,1.301429e-01,1.321825e-01,8.154135e-01,7.516942e+01,3.570752e+01,1.233138e+01,1.400664e+01,4.298417e+00,5013,5486
403,1.397023e-01,1.349387e-01,1.325250e-01,8.685474e-01,9.099678e+01,3.467120e+01,1.381120e+01,1.612479e+01,4.404548e+00,5014,5488
404,1.397983e-01,1.316800e-01,1.360931e-01,1.184710e+00,8.957677e+01,3.323261e+01,1.597241e+01,1.589366e+01,4.265964e+00,5003,5527
405,1.397755e-01,1.306413e-01,1.338604e-01,9.536467e-01,9.605988e+01,3.173111e+01,1.584991e+01,1.761333e+01,3.798576e+00,5002,5530
406,1.397521e-01,1.345124e-01,1.329621e-01,9.781094e-01,8.625191e+01,1.084077e+02,1.664446e+01,2.017475e+01,4.189392e+00,4983,5509
407,1.397010e-01,1.336386e-01,1.342935e-01,1.101468e+00,1.076181e+02,3.516848e+01,1.927983e+01,1.824527e+01,3.959404e+00,4997,5539
408,1.398446e-01,1.336494e-01,1.345366e-01,1.199954e+00,1.077845e+02,1.058398e+02,1.876457e+01,2.081699e+01,3.837745e+00,4998,5510
409,1.399416e-01,1.339431e-01,1.310497e-01,1.112770e+00,1.092158e+02,9.681628e+01,1.802425e+01,2.051854e+01,3.373551e+00,4967,5527
410,1.438114e-01,1.373037e-01,1.293927e-01,9.557209e-01,1.061161e+02,3.068226e+01,1.799439e+01,1.867681e+01,3.419627e+00,4967,5545
411,1.478902e-01,1.368571e-01,1.330440e-01,9.540806e-01,1.000808e+02,7.458711e+01,1.772645e+01,2.079251e+01,3.863452e+00,5000,5533
412,1.505789e-01,1.416152e-01,1.330810e-01,9.650078e-01,9.030544e+01,3.416914e+01,1.711416e+01,1.752248e+01,4.012800e+00,5015,5483
413,1.549097e-01,1.419037e-01,1.327101e-01,9.917202e-01,9.023318e+01,8.223338e+01,1.621481e+01,1.977547e+01,3.942936e+00,4996,5489
414,1.582064e-01,1.459353e-01,1.305130e-01,8.986664e-01,9.231793e+01,6.996674e+01,1.626408e+01,1.642008e+01,3.497004e+00,4997,5485
415,1.604373e-01,1.467666e-01,1.370293e-01,8.906860e-01,8.477617e+01,2.659408e+01,1.483914e+01,1.803120e+01,3.341360e+00,4990,5456
416,1.649503e-01,1.478030e-01,1.355544e-01,9.397430e-01,8.096947e+01,3.272494e+01,1.455814e+01,1.533756e+01,3.733222e+00,5025,5408
417,1.660178e-01,1.510505e-01,1.353928e-01,8.911667e-01,8.325163e+01,3.168691e+01,1.348909e+01,1.549856e+01,3.243162e+00,5031,5406
418,1.687398e-01,1.494830e-01,1.325979e-01,8.866119e-01,9.088901e+01,5.237515e+01,1.364494e+01,1.498519e+01,3.532864e+00,5026,5417
419,1.712701e-01,1.550947e-01,1.319214e-01,8.020592e-01,9.345103e+01,4.174585e+01,1.301831e+01,1.375945e+01,3.208866e+00,4989,5457
420,1.724256e-01,1.529959e-01,1.366859e-01,1.656610e+00,9.728799e+01,3.577158e+01,1.299502e+01,1.446467e+01,3.659032e+00,4963,5486
421,1.742783e-01,1.562785e-01,1.382741e-01,7.728958e-01,8.890856e+01,3.470571e+01,1.222117e+01,1.315004e+01,3.136295e+00,4959,5532
422,1.765629e-01,1.574480e-01,1.353240e-01,7.554178e-01,1.059554e+02,4.159002e+01,1.210258e+01,1.385117e+01,3.725111e+00,4963,5516
423,1.793073e-01,1.560697e-01,1.356441e-01,7.216682e-01,1.006428e+02,3.930594e+01,1.211476e+01,1.369146e+01,3.106298e+00,4982,5548
424,1.796872e-01,1.583550e-01,1.316185e-01,1.294487e+00,9.504659e+01,3.865217e+01,1.186938e+01,1.367589e+01,3.677096e+00,4959,5563
425,1.821281e-01,1.586521e-01,1.328735e-01,1.021351e+00,9.634909e+01,3.743114e+01,1.150148e+01,1.260827e+01,3.104429e+00,4987,5475
426,1.831018e-01,1.591994e-01,1.327143e-01,6.959324e-01,1.048469e+02,2.919163e+01,1.100556e+01,1.170317e+01,3.545230e+00,5002,5472
427,1.829995e-01,1.618102e-01,1.321558e-01,8.133736e-01,9.589379e+01,3.730101e+01,1.078940e+01,1.114208e+01,4.092490e+00,5023,5444
428,1.845072e-01,1.595670e-01,1.263363e-01,1.233238e+00,8.720284e+01,3.479491e+01,1.062912e+01,1.077163e+01,3.385932e+00,4997,5517
429,1.836918e-01,1.594823e-01,1.312531e-01,5.579567e-01,7.789397e+01,3.288106e+01,1.030279e+01,1.024597e+01,3.946833e+00,4985,5488
430,1.839436e-01,1.581490e-01,1.308874e-01,1.647013e+00,1.000290e+02,3.169924e+01,1.042497e+01,1.009684e+01,3.343100e+00,5003,5458
431,1.842388e-01,1.609428e-01,1.300425e-01,1.461196e+00,8.299421e+01,3.416550e+01,1.027352e+01,9.803751e+00,3.765519e+00,5011,5447
432,1.849025e-01,1.583624e-01,1.285798e-01,1.002259e+00,7.963731e+01,3.155031e+01,9.979969e+00,9.204123e+00,3.158435e+00,4968,5523
433,1.833596e-01,1.592935e-01,1.266132e-01,4.651909e-01,8.470590e+01,3.493777e+01,9.777184e+00,8.948090e+00,3.500458e+00,4978,5528
434,1.835724e-01,1.564976e-01,1.258689e-01,8.180389e-01,7.989987e+01,3.367880e+01,9.706069e+00,8.601061e+00,3.992667e+00,5007,5494
435,1.830000e-01,1.546091e-01,1.253991e-01,5.260677e-01,7.820955e+01,3.223782e+01,9.676082e+00,7.924566e+00,3.422889e+00,5040,5433
436,1.803315e-01,1.563071e-01,1.280823e-01,5.039921e-01,6.253058e+01,3.434624e+01,9.709015e+00,8.265783e+00,3.439566e+00,5038,5371
437,1.800464e-01,1.550435e-01,1.271017e-01,6.800194e-01,5.918782e+01,2.352634e+01,9.687265e+00,7.395372e+00,3.137726e+00,5023,5444
438,1.786112e-01,1.517442e-01,1.219827e-01,5.247498e-01,5.984138e+01,2.894983e+01,9.506560e+00,6.479826e+00,3.449601e+00,4997,5476
439,1.764810e-01,1.535563e-01,1.143989e-01,5.190353e-01,6.160022e+01,2.752979e+01,9.571488e+00,6.905271e+00,3.802110e+00,4994,5505
440,1.745912e-01,1.508571e-01,1.200996e-01,5.209961e-01,5.625232e+01,2.999198e+01,9.760379e+00,6.323842e+00,3.251426e+00,4978,5579
441,1.734980e-01,1.475758e-01,1.203157e-01,5.236588e-01,4.889442e+01,2.738968e+01,9.720485e+00,5.675460e+00,3.084508e+00,4965,5576
442,1.725303e-01,1.496124e-01,1.197050e-01,5.205173e-01,4.942607e+01,2.985039e+01,9.482462e+00,5.786168e+00,2.855739e+00,4953,5525
443,1.709227e-01,1.473866e-01,1.210696e-01,5.127163e-01,5.267875e+01,2.860622e+01,9.310705e+00,5.676678e+00,3.147715e+00,4947,5545
444,1.690418e-01,1.436645e-01,1.200143e-01,5.206871e-01,4.515186e+01,2.251486e+01,9.490054e+00,5.500438e+00,3.363675e+00,4990,5518
445,1.672362e-01,1.439082e-01,1.190903e-01,6.715202e-01,3.944091e+01,2.846336e+01,9.513741e+00,5.284862e+00,2.579800e+00,5000,5457
446,1.659895e-01,1.443293e-01,1.178947e-01,6.784554e-01,5.585796e+01,2.616574e+01,9.381405e+00,5.251393e+00,2.805161e+00,5005,5468
447,1.650430e-01,1.420083e-01,1.167935e-01,5.292454e-01,4.733567e+01,2.386860e+01,9.150131e+00,5.111597e+00,2.862360e+00,5025,5429
448,1.636568e-01,1.382295e-01,1.154624e-01,5.194054e-01,4.125208e+01,2.277398e+01,9.073869e+00,5.023691e+00,2.643205e+00,5022,5506
449,1.632366e-01,1.370617e-01,1.141674e-01,5.262451e-01,3.809240e+01,2.913118e+01,9.142628e+00,4.699857e+00,2.053807e+00,4991,5547
450,1.625203e-01,1.384868e-01,1.134742e-01,5.314789e-01,3.087875e+01,2.205904e+01,9.067896e+00,4.521577e+00,2.323041e+00,4997,5547
451,1.614878e-01,1.376111e-01,1.129839e-01,5.320053e-01,3.695176e+01,2.451927e+01,8.997108e+00,4.644473e+00,2.685594e+00,4999,5517
452,1.599603e-01,1.344726e-01,1.123517e-01,5.281296e-01,3.926466e+01,2.346325e+01,9.025321e+00,4.341428e+00,2.316568e+00,4999,5491
453,1.590698e-01,1.306887e-01,1.117732e-01,5.216446e-01,3.601737e+01,2.513058e+01,9.110283e+00,4.307509e+00,1.906732e+00,4992,5500
454,1.578984e-01,1.284651e-01,1.117367e-01,5.278702e-01,3.180039e+01,2.308262e+01,9.121664e+00,3.935770e+00,1.996194e+00,5005,5465
455,1.560079e-01,1.309389e-01,1.111659e-01,5.296478e-01,3.409711e+01,2.112654e+01,9.000835e+00,3.826571e+00,2.158394e+00,4977,5528
456,1.548649e-01,1.309928e-01,1.107154e-01,5.279541e-01,3.185929e+01,2.002561e+01,8.906116e+00,3.834530e+00,2.215569e+00,4961,5591
457,1.533767e-01,1.298154e-01,1.101362e-01,5.233574e-01,3.131371e+01,1.931246e+01,8.816383e+00,3.723529e+00,2.238877e+00,4976,5576
458,1.524852e-01,1.278042e-01,1.095833e-01,5.182037e-01,3.014641e+01,2.008702e+01,8.887748e+00,3.672682e+00,2.232612e+00,4993,5536
459,1.515281e-01,1.252367e-01,1.091408e-01,5.221634e-01,2.880179e+01,1.846025e+01,8.892460e+00,3.827979e+00,2.224437e+00,4973,5564
460,1.501846e-01,1.229775e-01,1.088779e-01,5.230179e-01,3.297467e+01,2.159766e+01,8.858024e+00,3.762725e+00,1.964130e+00,4977,5523
461,1.490593e-01,1.203971e-01,1.082941e-01,5.200348e-01,3.401424e+01,2.127369e+01,8.719185e+00,3.513392e+00,1.868588e+00,4994,5471
462,1.481040e-01,1.210913e-01,1.076761e-01,5.144463e-01,3.124799e+01,2.244928e+01,8.602385e+00,3.664215e+00,2.027973e+00,4997,5496
463,1.474427e-01,1.219624e-01,1.077093e-01,5.062981e-01,3.172054e+01,2.114638e+01,8.457949e+00,3.355837e+00,1.971428e+00,4961,5531
464,1.466013e-01,1.220982e-01,1.078598e-01,4.959946e-01,2.999343e+01,1.993253e+01,8.437637e+00,3.369151e+00,2.058270e+00,4997,5534
465,1.455394e-01,1.222402e-01,1.081408e-01,4.838295e-01,3.046640e+01,2.087726e+01,8.422574e+00,3.253673e+00,2.231117e+00,4974,5544
466,1.450600e-01,1.209714e-01,1.083093e-01,4.830170e-01,3.513630e+01,3.567877e+01,8.367633e+00,3.372347e+00,2.245491e+00,4979,5549
467,1.444854e-01,1.205822e-01,1.085619e-01,4.822998e-01,3.350208e+01,2.553681e+01,8.274980e+00,3.152807e+00,2.310722e+00,5001,5524
468,1.437652e-01,1.197820e-01,1.089753e-01,4.794083e-01,3.432909e+01,2.069621e+01,8.256060e+00,3.300377e+00,2.509092e+00,4992,5520
469,1.429039e-01,1.186804e-01,1.098470e-01,4.743881e-01,3.363862e+01,1.954671e+01,8.155853e+00,3.398607e+00,2.592427e+00,5007,5482
470,1.420045e-01,1.183823e-01,1.105943e-01,4.694176e-01,3.256116e+01,2.197004e+01,8.032860e+00,3.516602e+00,2.739520e+00,4978,5516
471,1.419101e-01,1.175560e-01,1.114298e-01,4.682388e-01,3.427299e+01,2.655519e+01,7.904248e+00,3.969910e+00,2.932446e+00,5002,5495
472,1.417620e-01,1.174191e-01,1.121970e-01,4.648933e-01,3.311034e+01,2.523274e+01,7.896037e+00,4.369410e+00,2.889938e+00,4996,5519
473,1.414964e-01,1.166995e-01,1.129490e-01,4.600067e-01,3.854295e+01,2.357483e+01,7.883979e+00,4.538163e+00,3.066567e+00,5008,5514
474,1.410121e-01,1.185347e-01,1.139943e-01,4.530869e-01,3.809062e+01,2.686306e+01,7.849122e+00,5.036498e+00,3.100345e+00,4988,5539
475,1.409974e-01,1.168266e-01,1.151484e-01,4.696064e-01,3.886140e+01,2.857525e+01,7.782319e+00,5.253034e+00,3.165027e+00,4990,5520
476,1.410139e-01,1.189214e-01,1.160091e-01,4.634247e-01,4.617318e+01,2.368600e+01,7.697866e+00,5.664588e+00,3.285423e+00,4995,5484
477,1.409180e-01,1.210294e-01,1.192000e-01,5.894470e-01,3.572644e+01,1.904878e+01,7.592688e+00,6.251987e+00,3.253286e+00,5000,5503
478,1.406781e-01,1.246883e-01,1.198552e-01,4.574995e-01,4.275282e+01,2.470638e+01,7.479352e+00,6.018654e+00,3.183791e+00,4992,5511
479,1.402056e-01,1.262407e-01,1.211072e-01,4.396286e-01,4.637439e+01,2.471413e+01,7.420267e+00,6.454127e+00,3.314176e+00,4958,5559
480,1.398600e-01,1.251190e-01,1.221413e-01,5.006943e-01,5.803078e+01,2.195139e+01,7.425923e+00,6.847348e+00,3.597440e+00,4976,5576
481,1.399233e-01,1.295770e-01,1.263492e-01,5.080910e-01,4.418122e+01,4.448713e+01,7.412788e+00,7.598968e+00,3.668744e+00,4976,5555
482,1.399416e-01,1.284768e-01,1.316535e-01,6.051559e-01,4.629730e+01,4.453121e+01,7.326941e+00,7.473754e+00,3.453442e+00,5000,5508
483,1.398871e-01,1.344069e-01,1.279576e-01,1.180084e+00,5.548036e+01,2.927402e+01,7.269079e+00,7.730053e+00,3.790957e+00,4985,5547
484,1.397680e-01,1.326258e-01,1.315020e-01,1.006126e+00,6.104303e+01,4.489014e+01,7.569227e+00,8.174882e+00,3.894858e+00,5006,5517
485,1.395391e-01,1.355528e-01,1.320820e-01,6.389644e-01,6.106261e+01,2.841081e+01,8.197940e+00,8.994463e+00,3.808431e+00,5006,5510
486,1.391750e-01,1.401545e-01,1.324338e-01,6.693530e-01,6.310355e+01,3.036006e+01,8.612974e+00,1.017795e+01,3.834785e+00,5006,5504
487,1.387268e-01,1.364428e-01,1.332204e-01,7.181748e-01,5.352348e+01,3.287851e+01,9.550541e+00,9.963239e+00,3.902712e+00,4988,5545
488,1.383642e-01,1.384029e-01,1.442689e-01,7.772911e-01,6.142661e+01,6.796721e+01,9.696178e+00,1.102224e+01,3.967698e+00,4992,5542
489,1.384279e-01,1.417236e-01,1.364427e-01,7.895477e-01,8.728527e+01,3.039509e+01,1.113166e+01,1.424466e+01,3.943287e+00,4985,5542
490,1.385918e-01,1.453319e-01,1.394653e-01,1.216110e+00,9.011671e+01,3.056842e+01,1.212943e+01,1.545295e+01,4.207444e+00,5004,5477
491,1.386473e-01,1.461121e-01,1.384898e-01,9.213295e-01,8.965499e+01,3.411497e+01,1.520952e+01,1.436310e+01,4.121450e+00,4988,5502
492,1.386075e-01,1.414446e-01,1.385426e-01,9.242663e-01,9.589330e+01,3.272407e+01,1.530631e+01,1.655340e+01,3.914633e+00,4972,5528
493,1.385256e-01,1.399671e-01,1.368368e-01,9.662728e-01,1.113103e+02,3.433401e+01,1.605536e+01,1.913167e+01,3.943450e+00,4987,5512
494,1.384553e-01,1.416518e-01,1.389624e-01,1.034046e+00,1.040163e+02,9.924274e+01,1.764596e+01,1.773676e+01,3.881335e+00,4988,5491
495,1.384033e-01,1.405143e-01,1.376927e-01,1.064930e+00,9.370039e+01,3.442357e+01,1.731446e+01,1.862514e+01,4.285775e+00,4972,5514
496,1.385332e-01,1.425536e-01,1.378786e-01,1.045753e+00,8.106202e+01,8.200241e+01,1.712674e+01,1.807515e+01,4.264693e+00,5005,5481
497,1.410100e-01,1.445213e-01,1.388642e-01,9.348564e-01,8.630257e+01,7.176825e+01,1.721116e+01,2.063725e+01,4.173717e+00,4997,5504
498,1.447354e-01,1.439217e-01,1.389910e-01,9.098778e-01,8.560616e+01,9.249120e+01,1.892316e+01,1.882034e+01,3.821635e+00,4972,5518
499,1.487580e-01,1.468689e-01,1.393287e-01,9.427433e-01,7.814511e+01,8.029494e+01,1.785567e+01,1.875292e+01,4.310104e+00,5000,5472
500,1.531515e-01,1.500845e-01,1.391897e-01,9.192772e-01,1.565294e+02,3.351702e+01,1.676592e+01,1.920704e+01,3.841216e+00,4993,5469
501,1.562094e-01,1.517631e-01,1.387448e-01,9.422264e-01,7.981418e+01,5.714996e+01,1.626265e+01,1.563383e+01,3.642947e+00,4989,5482
502,1.596880e-01,1.549650e-01,1.384832e-01,9.125900e-01,7.505546e+01,7.543707e+01,1.592292e+01,1.860132e+01,4.272131e+00,4980,5505
503,1.636518e-01,1.555711e-01,1.443504e-01,1.096239e+00,1.080881e+02,6.357377e+01,1.536430e+01,1.548399e+01,3.981745e+00,5017,5448
504,1.666404e-01,1.590785e-01,1.427865e-01,9.129791e-01,1.244087e+02,3.534193e+01,1.435153e+01,1.694233e+01,3.529831e+00,4987,5523
505,1.686504e-01,1.583892e-01,1.435213e-01,1.286003e+00,1.139063e+02,4.155874e+01,1.432810e+01,1.503911e+01,4.299536e+00,4998,5497
506,1.718628e-01,1.619461e-01,1.432035e-01,8.867569e-01,8.792574e+01,3.982518e+01,1.394389e+01,1.543202e+01,3.861146e+00,5004,5485
507,1.743378e-01,1.632191e-01,1.426096e-01,1.214436e+00,8.932064e+01,3.747627e+01,1.316083e+01,1.450082e+01,3.747357e+00,5020,5454
508,1.765659e-01,1.632300e-01,1.423937e-01,8.361864e-01,8.690324e+01,3.103201e+01,1.315556e+01,1.428005e+01,4.146489e+00,5023,5452
509,1.795014e-01,1.662816e-01,1.421674e-01,1.381598e+00,8.961934e+01,2.991801e+01,1.310676e+01,1.339189e+01,3.494159e+00,5011,5494
510,1.831877e-01,1.668263e-01,1.422001e-01,1.022072e+00,9.182624e+01,3.743624e+01,1.223654e+01,1.317857e+01,4.404102e+00,4996,5525
511,1.837173e-01,1.663395e-01,1.422864e-01,7.440910e-01,9.479953e+01,3.501124e+01,1.192022e+01,1.310573e+01,3.625665e+00,4994,5481
512,1.856368e-01,1.701370e-01,1.422625e-01,7.646465e-01,8.246889e+01,3.387475e+01,1.182906e+01,1.328395e+01,3.702234e+00,4999,5474
513,1.875698e-01,1.702753e-01,1.411439e-01,1.152657e+00,9.081528e+01,3.269006e+01,1.146903e+01,1.195216e+01,4.420212e+00,5010,5457
514,1.872742e-01,1.694820e-01,1.375847e-01,7.541561e-01,8.738168e+01,2.695351e+01,1.117959e+01,1.168134e+01,3.802818e+00,4993,5499
515,1.878313e-01,1.708446e-01,1.426074e-01,5.758667e-01,7.713859e+01,2.370888e+01,1.116163e+01,1.095552e+01,4.609938e+00,4953,5542
516,1.873306e-01,1.717865e-01,1.420865e-01,6.294098e-01,8.476021e+01,3.552235e+01,1.081882e+01,1.113245e+01,3.813868e+00,4998,5507
517,1.880978e-01,1.703002e-01,1.411766e-01,5.511513e-01,7.550356e+01,2.810510e+01,1.090260e+01,1.031489e+01,3.870023e+00,4966,5507
518,1.864925e-01,1.717606e-01,1.404338e-01,5.033951e-01,6.588210e+01,2.694835e+01,1.083024e+01,1.056729e+01,3.768440e+00,4957,5529
519,1.860694e-01,1.697309e-01,1.355983e-01,9.952736e-01,7.591062e+01,3.390363e+01,1.065309e+01,9.601485e+00,3.946320e+00,4956,5572
520,1.848294e-01,1.699496e-01,1.389959e-01,5.098152e-01,8.232193e+01,3.155318e+01,1.070238e+01,8.839730e+00,4.617563e+00,4977,5543
521,1.859978e-01,1.686492e-01,1.386486e-01,5.349236e-01,6.476115e+01,3.028842e+01,1.050165e+01,9.149197e+00,3.816324e+00,4970,5526
522,1.863039e-01,1.677786e-01,1.376698e-01,6.210203e-01,7.106413e+01,2.259235e+01,1.046936e+01,8.222157e+00,4.595777e+00,4987,5521
523,1.845801e-01,1.677123e-01,1.395557e-01,7.729568e-01,7.673293e+01,2.167838e+01,1.036491e+01,7.790518e+00,3.702137e+00,5015,5439
524,1.847949e-01,1.668589e-01,1.352884e-01,7.087474e-01,6.469035e+01,2.682164e+01,1.036669e+01,7.836755e+00,2.891984e+00,5007,5472
525,1.843391e-01,1.655860e-01,1.316979e-01,9.582722e-01,6.783186e+01,2.956007e+01,1.030072e+01,6.993244e+00,3.348502e+00,5010,5501
526,1.815892e-01,1.641509e-01,1.289441e-01,5.728073e-01,5.641139e+01,2.453692e+01,1.039998e+01,6.749147e+00,3.686385e+00,5004,5480
527,1.801103e-01,1.637969e-01,1.259551e-01,5.688972e-01,5.862239e+01,3.017273e+01,1.035237e+01,6.853296e+00,4.240861e+00,4993,5470
528,1.789468e-01,1.618555e-01,1.242443e-01,6.208382e-01,5.054906e+01,2.831629e+01,1.031755e+01,6.530575e+00,3.384397e+00,4961,5570
529,1.784126e-01,1.587646e-01,1.237310e-01,5.703888e-01,4.537533e+01,2.715181e+01,1.025724e+01,6.495096e+00,3.949731e+00,4942,5599
530,1.767526e-01,1.593389e-01,1.227565e-01,5.774231e-01,4.190952e+01,2.020018e+01,1.031033e+01,6.475646e+00,3.047589e+00,4952,5587
531,1.740037e-01,1.583975e-01,1.221866e-01,5.780640e-01,4.773566e+01,1.917987e+01,1.026831e+01,6.187459e+00,3.471265e+00,4971,5541
532,1.726466e-01,1.550471e-01,1.216324e-01,5.721703e-01,4.278904e+01,2.370007e+01,1.015826e+01,6.238777e+00,3.650027e+00,4976,5532
533,1.710059e-01,1.515288e-01,1.213856e-01,5.598259e-01,3.962446e+01,2.502090e+01,1.002718e+01,5.800758e+00,2.918044e+00,4994,5575
534,1.705476e-01,1.532465e-01,1.288314e-01,6.853037e-01,4.501055e+01,2.154492e+01,1.001263e+01,5.843356e+00,3.474786e+00,4991,5540
535,1.691506e-01,1.531177e-01,1.274889e-01,5.643158e-01,4.112247e+01,2.559483e+01,9.904128e+00,5.596832e+00,2.668404e+00,5034,5481
536,1.680180e-01,1.513748e-01,1.206524e-01,5.755386e-01,4.137104e+01,2.438352e+01,9.750644e+00,5.511700e+00,3.097681e+00,5009,5477
537,1.674052e-01,1.470460e-01,1.257629e-01,5.769653e-01,4.502957e+01,2.343551e+01,9.921355e+00,5.453790e+00,2.433039e+00,4994,5461
538,1.660607e-01,1.427981e-01,1.245938e-01,5.693741e-01,3.785483e+01,1.771186e+01,1.002754e+01,5.408731e+00,2.917948e+00,4997,5476
539,1.633817e-01,1.447573e-01,1.205421e-01,5.713959e-01,3.890692e+01,2.508231e+01,9.973860e+00,5.336601e+00,3.017102e+00,5000,5540
540,1.622485e-01,1.450388e-01,1.203980e-01,5.669098e-01,4.210180e+01,2.062725e+01,9.866938e+00,4.802376e+00,2.425846e+00,5016,5543
541,1.611537e-01,1.446871e-01,1.199988e-01,5.619736e-01,3.875830e+01,1.978040e+01,9.693889e+00,4.754552e+00,2.938041e+00,4990,5525
542,1.596735e-01,1.422248e-01,1.207759e-01,5.567017e-01,3.201669e+01,1.896472e+01,9.652078e+00,4.666869e+00,2.369613e+00,4991,5552
543,1.590356e-01,1.401080e-01,1.204023e-01,5.632553e-01,3.503505e+01,1.464075e+01,9.743534e+00,4.701782e+00,2.907487e+00,4993,5529
544,1.582188e-01,1.371149e-01,1.201081e-01,5.656281e-01,3.598951e+01,1.375350e+01,9.719131e+00,4.672106e+00,2.340450e+00,4970,5548
545,1.568673e-01,1.343708e-01,1.197637e-01,5.637703e-01,4.015232e+01,2.773077e+01,9.624137e+00,4.360008e+00,2.091112e+00,4948,5562
546,1.550211e-01,1.331441e-01,1.192865e-01,5.582428e-01,3.353443e+01,1.638059e+01,9.467975e+00,4.431291e+00,1.903244e+00,4964,5548
547,1.539087e-01,1.342852e-01,1.172660e-01,5.496025e-01,3.099750e+01,1.590427e+01,9.327659e+00,4.420393e+00,2.292378e+00,4984,5516
548,1.530214e-01,1.346066e-01,1.165303e-01,5.438766e-01,3.505189e+01,2.013709e+01,9.292439e+00,4.050542e+00,2.099824e+00,4990,5532
549,1.523469e-01,1.338222e-01,1.179629e-01,5.420456e-01,3.368842e+01,1.928252e+01,9.261950e+00,3.800595e+00,2.471915e+00,5014,5509
550,1.515464e-01,1.334918e-01,1.185599e-01,5.375595e-01,2.890075e+01,1.907969e+01,9.181170e+00,3.738610e+00,2.097218e+00,5035,5448
551,1.506167e-01,1.320731e-01,1.183236e-01,5.300369e-01,2.993815e+01,1.566514e+01,9.067330e+00,3.943688e+00,2.227859e+00,5015,5483
552,1.497909e-01,1.316065e-01,1.185753e-01,5.199852e-01,3.214405e+01,2.264227e+01,9.110492e+00,3.948874e+00,2.407735e+00,4979,5556
553,1.490441e-01,1.307574e-01,1.186120e-01,5.123291e-01,3.480343e+01,3.145907e+01,9.137596e+00,3.689825e+00,2.273632e+00,4966,5562
554,1.480009e-01,1.296611e-01,1.183884e-01,5.098419e-01,3.359421e+01,2.032643e+01,9.098934e+00,3.674996e+00,2.526283e+00,4988,5518
555,1.475414e-01,1.294066e-01,1.182095e-01,5.054169e-01,3.272689e+01,1.940850e+01,9.035542e+00,3.821064e+00,2.650047e+00,4962,5544
556,1.477202e-01,1.281431e-01,1.187162e-01,4.989738e-01,3.231712e+01,2.261269e+01,8.937257e+00,3.752043e+00,2.632457e+00,4979,5537
557,1.477859e-01,1.277482e-01,1.191861e-01,4.923096e-01,3.177956e+01,2.139221e+01,8.815842e+00,3.451910e+00,2.686081e+00,4966,5544
558,1.476933e-01,1.275247e-01,1.198690e-01,4.893761e-01,3.804187e+01,2.026284e+01,8.636437e+00,3.821300e+00,2.887882e+00,4982,5530
559,1.474749e-01,1.263920e-01,1.209533e-01,4.839630e-01,3.508466e+01,2.047440e+01,8.600436e+00,3.988077e+00,2.965594e+00,4974,5541
560,1.471526e-01,1.265082e-01,1.214886e-01,4.760742e-01,3.621076e+01,2.736341e+01,8.572464e+00,4.080695e+00,2.983887e+00,4978,5522
561,1.467747e-01,1.260510e-01,1.222530e-01,4.724884e-01,3.577694e+01,2.537723e+01,8.552238e+00,4.581653e+00,3.093492e+00,4980,5510
562,1.464014e-01,1.261337e-01,1.250536e-01,4.719048e-01,3.903761e+01,3.226647e+01,8.492043e+00,5.252469e+00,3.254276e+00,5011,5510
563,1.465877e-01,1.269886e-01,1.264275e-01,4.693756e-01,4.384443e+01,3.070625e+01,8.428120e+00,5.521990e+00,3.269995e+00,4999,5526
564,1.467167e-01,1.277933e-01,1.273750e-01,4.646416e-01,4.025587e+01,2.297585e+01,8.319029e+00,5.546332e+00,3.157059e+00,5015,5506
565,1.467803e-01,1.300084e-01,1.279684e-01,4.748116e-01,4.337721e+01,1.782865e+01,8.185148e+00,5.860596e+00,3.407066e+00,4993,5501
566,1.468926e-01,1.313809e-01,1.290415e-01,5.669403e-01,4.332094e+01,1.819698e+01,8.253562e+00,6.523486e+00,3.572457e+00,5003,5499
567,1.469861e-01,1.321811e-01,1.327705e-01,4.601469e-01,5.383270e+01,3.649909e+01,8.243958e+00,6.937667e+00,3.501773e+00,5011,5474
568,1.469905e-01,1.330214e-01,1.337835e-01,4.933972e-01,5.220127e+01,2.248594e+01,8.192085e+00,6.699019e+00,3.751319e+00,5017,5485
569,1.469131e-01,1.355353e-01,1.348858e-01,5.054617e-01,4.869445e+01,2.804115e+01,8.133933e+00,7.251338e+00,3.827720e+00,5004,5511
570,1.473856e-01,1.374398e-01,1.357535e-01,5.437126e-01,5.327158e+01,2.826465e+01,8.056467e+00,7.853004e+00,3.695877e+00,5002,5507
571,1.476758e-01,1.374307e-01,1.384110e-01,6.168785e-01,6.679025e+01,4.863946e+01,7.871977e+00,7.957353e+00,3.791432e+00,5026,5504
572,1.478452e-01,1.399650e-01,1.400411e-01,6.203671e-01,6.826076e+01,3.349927e+01,7.864991e+00,8.669346e+00,4.266548e+00,5048,5492
573,1.479443e-01,1.410092e-01,1.431585e-01,6.825829e-01,6.109651e+01,5.014382e+01,8.082116e+00,9.012601e+00,4.138261e+00,5010,5508
574,1.479275e-01,1.413169e-01,1.435130e-01,7.222695e-01,6.262187e+01,3.124503e+01,8.773522e+00,1.024314e+01,3.845066e+00,4988,5501
575,1.479017e-01,1.422727e-01,1.438484e-01,7.701125e-01,7.017554e+01,3.649359e+01,9.549127e+00,1.111902e+01,4.118728e+00,4999,5486
576,1.478385e-01,1.469184e-01,1.464558e-01,7.829261e-01,7.225314e+01,3.493396e+01,1.099510e+01,1.170124e+01,4.049430e+00,4990,5522
577,1.478696e-01,1.447734e-01,1.464452e-01,7.925644e-01,7.705764e+01,3.325544e+01,1.139745e+01,1.270940e+01,4.184504e+00,5000,5527
578,1.481658e-01,1.449061e-01,1.469493e-01,8.020344e-01,8.508793e+01,3.117631e+01,1.183451e+01,1.524895e+01,4.321247e+00,5003,5517
579,1.483932e-01,1.453287e-01,1.467255e-01,8.801398e-01,8.255499e+01,3.645253e+01,1.393384e+01,1.562061e+01,4.088081e+00,4991,5512
580,1.485728e-01,1.453099e-01,1.460337e-01,9.002151e-01,9.089101e+01,3.455584e+01,1.504663e+01,1.654000e+01,4.482941e+00,4966,5541
581,1.488933e-01,1.489777e-01,1.461311e-01,8.802760e-01,1.133355e+02,1.138384e+02,1.587491e+01,1.732236e+01,4.199799e+00,4991,5547
582,1.505761e-01,1.463000e-01,1.478485e-01,9.212189e-01,8.097261e+01,3.748373e+01,1.617397e+01,1.686285e+01,3.935124e+00,4994,5541
583,1.526035e-01,1.458051e-01,1.476834e-01,9.340630e-01,1.088323e+02,1.045731e+02,1.612111e+01,2.051486e+01,4.661983e+00,4998,5519
584,1.534484e-01,1.482527e-01,1.446487e-01,9.610109e-01,1.101755e+02,9.472754e+01,1.868585e+01,1.757090e+01,4.246120e+00,4970,5544
585,1.572688e-01,1.506250e-01,1.431777e-01,9.289143e-01,1.047713e+02,2.832731e+01,1.869577e+01,2.107425e+01,4.001714e+00,4980,5539
586,1.609689e-01,1.490036e-01,1.488242e-01,9.983883e-01,9.580292e+01,7.120561e+01,1.807140e+01,1.948632e+01,4.537408e+00,5012,5485
587,1.643233e-01,1.518952e-01,1.480887e-01,1.007042e+00,9.012115e+01,3.771700e+01,1.715227e+01,1.772411e+01,4.363008e+00,5012,5469
588,1.693505e-01,1.543181e-01,1.484265e-01,9.017525e-01,9.520637e+01,7.825348e+01,1.689811e+01,1.922503e+01,4.914139e+00,5019,5417
589,1.721426e-01,1.568359e-01,1.468218e-01,8.268738e-01,8.804552e+01,2.674044e+01,1.603719e+01,1.621461e+01,4.574735e+00,5020,5428
590,1.748723e-01,1.586117e-01,1.459010e-01,8.322086e-01,8.036763e+01,3.254490e+01,1.515388e+01,1.821306e+01,4.122485e+00,5034,5385
591,1.790605e-01,1.590747e-01,1.514265e-01,8.795166e-01,7.077306e+01,7.008024e+01,1.496614e+01,1.535560e+01,4.928176e+00,5006,5393
592,1.789145e-01,1.631380e-01,1.539244e-01,8.748245e-01,8.734805e+01,5.839203e+01,1.421382e+01,1.661731e+01,4.343892e+00,4994,5432
593,1.842008e-01,1.637802e-01,1.514393e-01,1.458094e+00,7.845716e+01,3.536941e+01,1.486294e+01,1.542173e+01,4.089562e+00,4979,5460
594,1.845170e-01,1.653963e-01,1.517824e-01,8.458729e-01,8.415210e+01,3.385642e+01,1.392514e+01,1.602834e+01,4.489340e+00,4972,5503
595,1.881737e-01,1.674780e-01,1.498785e-01,8.976197e-01,1.042907e+02,5.090334e+01,1.396799e+01,1.436857e+01,4.381260e+00,4928,5568
596,1.901446e-01,1.683125e-01,1.498979e-01,1.100586e+00,8.898585e+01,4.080944e+01,1.299342e+01,1.390676e+01,4.459099e+00,4949,5581
597,1.935090e-01,1.715983e-01,1.497380e-01,8.836727e-01,1.206190e+02,3.665847e+01,1.223974e+01,1.259720e+01,4.549609e+00,4954,5572
598,1.967356e-01,1.720941e-01,1.554567e-01,7.356339e-01,1.078495e+02,4.167547e+01,1.218246e+01,1.306853e+01,5.340963e+00,4967,5570
599,1.966301e-01,1.724458e-01,1.497731e-01,1.468158e+00,1.007624e+02,3.890216e+01,1.188428e+01,1.310903e+01,4.580939e+00,4968,5557
600,1.994758e-01,1.709503e-01,1.495424e-01,1.157883e+00,1.020219e+02,2.881928e+01,1.164614e+01,1.323828e+01,3.793695e+00,4951,5528
601,2.003608e-01,1.744561e-01,1.537215e-01,9.517765e-01,9.929863e+01,3.043621e+01,1.169971e+01,1.191736e+01,4.499088e+00,4959,5531
602,1.993580e-01,1.742864e-01,1.493312e-01,1.158091e+00,9.548328e+01,3.767318e+01,1.152767e+01,1.148953e+01,4.490792e+00,4989,5461
603,1.995833e-01,1.736818e-01,1.497973e-01,7.019272e-01,8.251714e+01,3.472159e+01,1.151829e+01,1.096155e+01,4.097431e+00,4955,5502
604,1.972319e-01,1.735318e-01,1.494512e-01,5.713501e-01,9.395067e+01,3.291300e+01,1.124127e+01,1.057451e+01,4.482525e+00,4975,5499
605,1.966326e-01,1.757158e-01,1.484717e-01,5.678387e-01,9.473607e+01,3.131021e+01,1.118878e+01,1.043750e+01,5.187812e+00,4954,5513
606,1.962173e-01,1.724255e-01,1.462588e-01,1.295657e+00,7.666167e+01,3.288086e+01,1.100755e+01,1.003757e+01,4.253440e+00,4949,5537
607,1.951644e-01,1.745705e-01,1.461894e-01,5.291138e-01,8.069558e+01,3.506247e+01,1.104810e+01,9.661382e+00,4.832448e+00,4947,5549
608,1.943944e-01,1.705988e-01,1.454316e-01,1.503194e+00,8.867759e+01,3.343047e+01,1.105699e+01,9.553069e+00,3.846265e+00,4974,5534
609,1.953031e-01,1.716879e-01,1.489675e-01,9.132814e-01,7.150518e+01,3.741908e+01,1.076355e+01,8.312305e+00,4.250522e+00,4995,5445
610,1.945910e-01,1.721652e-01,1.474997e-01,9.626951e-01,7.843907e+01,3.431572e+01,1.064699e+01,8.894442e+00,4.727657e+00,4962,5480
611,1.944140e-01,1.700647e-01,1.461305e-01,5.713196e-01,7.459651e+01,2.863428e+01,1.066924e+01,7.853454e+00,3.835399e+00,4941,5549
612,1.945357e-01,1.694100e-01,1.413324e-01,5.665131e-01,7.469967e+01,2.709259e+01,1.054137e+01,7.736341e+00,4.339189e+00,4962,5529
613,1.920058e-01,1.694780e-01,1.411288e-01,5.853806e-01,5.613575e+01,3.162387e+01,1.083687e+01,7.877998e+00,3.473387e+00,4940,5581
614,1.906548e-01,1.660342e-01,1.412698e-01,5.916862e-01,5.483639e+01,3.025850e+01,1.082560e+01,7.702058e+00,3.794973e+00,4931,5595
615,1.895638e-01,1.661384e-01,1.425752e-01,5.856667e-01,6.654189e+01,2.868912e+01,1.057123e+01,7.325762e+00,4.191565e+00,4966,5488
616,1.888902e-01,1.661052e-01,1.416471e-01,6.078644e-01,5.110758e+01,2.714026e+01,1.056920e+01,7.277685e+00,4.675025e+00,5001,5462
617,1.856686e-01,1.628900e-01,1.404863e-01,6.219940e-01,4.602654e+01,2.592686e+01,1.071028e+01,7.218308e+00,3.712134e+00,5002,5504
618,1.838394e-01,1.605729e-01,1.392056e-01,6.272736e-01,5.228913e+01,2.869286e+01,1.064408e+01,7.167087e+00,3.954212e+00,5017,5459
619,1.822594e-01,1.618668e-01,1.380171e-01,6.222992e-01,5.057973e+01,2.273683e+01,1.043892e+01,7.033633e+00,3.128960e+00,5024,5455
620,1.807494e-01,1.604596e-01,1.357951e-01,6.086617e-01,4.414090e+01,2.864925e+01,1.037883e+01,6.977922e+00,3.445195e+00,5026,5406
621,1.797280e-01,1.562060e-01,1.345106e-01,6.065979e-01,5.162510e+01,2.587667e+01,1.035026e+01,6.529688e+00,3.815344e+00,4992,5490
622,1.773889e-01,1.539721e-01,1.332395e-01,6.107101e-01,4.434526e+01,2.389005e+01,1.028928e+01,6.375535e+00,3.035750e+00,4983,5550
623,1.754973e-01,1.563015e-01,1.323393e-01,6.080170e-01,4.108067e+01,2.253001e+01,1.024743e+01,6.501254e+00,3.310669e+00,5006,5511
624,1.745009e-01,1.556623e-01,1.316344e-01,5.996628e-01,3.572608e+01,2.314473e+01,1.036368e+01,6.403485e+00,3.630620e+00,4997,5545
625,1.730022e-01,1.537303e-01,1.312616e-01,5.986404e-01,3.673458e+01,2.471012e+01,1.039485e+01,6.280931e+00,2.763422e+00,4979,5545
626,1.713529e-01,1.498288e-01,1.307482e-01,6.003113e-01,3.858318e+01,2.347220e+01,1.031769e+01,5.634387e+00,3.121147e+00,4997,5489
627,1.693138e-01,1.456146e-01,1.303362e-01,5.969009e-01,3.800586e+01,1.768328e+01,1.020866e+01,5.675368e+00,3.595919e+00,4994,5510
628,1.685528e-01,1.484530e-01,1.300421e-01,5.883751e-01,3.264408e+01,1.661767e+01,1.002188e+01,5.646380e+00,2.979547e+00,4977,5523
629,1.669248e-01,1.487993e-01,1.294996e-01,5.885773e-01,3.631365e+01,2.385917e+01,1.016304e+01,5.757792e+00,3.371321e+00,5009,5500
630,1.653113e-01,1.478482e-01,1.293357e-01,5.927124e-01,3.341059e+01,1.897198e+01,1.014911e+01,5.515736e+00,2.677118e+00,4987,5531
631,1.641426e-01,1.462407e-01,1.288114e-01,5.926514e-01,2.947239e+01,2.084480e+01,1.009354e+01,5.197840e+00,2.528813e+00,4973,5556
632,1.622552e-01,1.437508e-01,1.282314e-01,5.883636e-01,3.071515e+01,2.799171e+01,9.913949e+00,5.349415e+00,2.329786e+00,4974,5534
633,1.609321e-01,1.416475e-01,1.277848e-01,5.809746e-01,3.213987e+01,2.040273e+01,9.744811e+00,4.986237e+00,2.722717e+00,4998,5521
634,1.596124e-01,1.389733e-01,1.272569e-01,5.705795e-01,3.391264e+01,1.692356e+01,9.690851e+00,4.929631e+00,3.218093e+00,5004,5522
635,1.585027e-01,1.380139e-01,1.267019e-01,5.697327e-01,3.016660e+01,1.756743e+01,9.695750e+00,4.839056e+00,2.692653e+00,4980,5505
636,1.574263e-01,1.386340e-01,1.263137e-01,5.657425e-01,2.989545e+01,1.992477e+01,9.612387e+00,5.067060e+00,3.275066e+00,4985,5501
637,1.560744e-01,1.399561e-01,1.256167e-01,5.588989e-01,3.240143e+01,1.834920e+01,9.485538e+00,5.035385e+00,2.729423e+00,5009,5454
638,1.556669e-01,1.395136e-01,1.252810e-01,5.493469e-01,3.200874e+01,1.750172e+01,9.428462e+00,4.592955e+00,2.454464e+00,4999,5492
639,1.548959e-01,1.387939e-01,1.255479e-01,5.504761e-01,3.201774e+01,3.232365e+01,9.418001e+00,4.542971e+00,2.197099e+00,4994,5503
640,1.539583e-01,1.383172e-01,1.256493e-01,5.481644e-01,2.951480e+01,2.119692e+01,9.384043e+00,4.716918e+00,2.511030e+00,5008,5494
641,1.528841e-01,1.369457e-01,1.257289e-01,5.429611e-01,3.648564e+01,2.113629e+01,9.312493e+00,4.594536e+00,2.471626e+00,5005,5498
642,1.520539e-01,1.367681e-01,1.258531e-01,5.358353e-01,3.416103e+01,2.454864e+01,9.196483e+00,4.238251e+00,2.884973e+00,5018,5496
643,1.516414e-01,1.356256e-01,1.260368e-01,5.262985e-01,3.463929e+01,2.341315e+01,9.079244e+00,4.346674e+00,2.655849e+00,5005,5500
644,1.511468e-01,1.351077e-01,1.264812e-01,5.170212e-01,3.415075e+01,1.850906e+01,8.977000e+00,4.428808e+00,2.703857e+00,5006,5513
645,1.508389e-01,1.346843e-01,1.269466e-01,5.155640e-01,3.326296e+01,2.138147e+01,8.985602e+00,4.362891e+00,2.955436e+00,4994,5539
646,1.507120e-01,1.341387e-01,1.276861e-01,5.120125e-01,3.370839e+01,3.433998e+01,8.951833e+00,4.051438e+00,2.953342e+00,5006,5534
647,1.505588e-01,1.334847e-01,1.282145e-01,5.069466e-01,3.168818e+01,2.304205e+01,8.885560e+00,4.290895e+00,3.059034e+00,4993,5557
648,1.503313e-01,1.328657e-01,1.286566e-01,4.999542e-01,3.886748e+01,2.625040e+01,8.739181e+00,4.455071e+00,3.110739e+00,4970,5576
649,1.500207e-01,1.334658e-01,1.303109e-01,4.965248e-01,3.805037e+01,2.931722e+01,8.620272e+00,4.786643e+00,3.223993e+00,4986,5546
650,1.498426e-01,1.341757e-01,1.300296e-01,4.912338e-01,3.499810e+01,2.596951e+01,8.547505e+00,5.121924e+00,3.314882e+00,4993,5525
651,1.498931e-01,1.326705e-01,1.320053e-01,4.836025e-01,3.813746e+01,1.951593e+01,8.490273e+00,5.258898e+00,3.255001e+00,5013,5513
652,1.498286e-01,1.342832e-01,1.329500e-01,5.178289e-01,3.962582e+01,2.146342e+01,8.495637e+00,5.757682e+00,3.243581e+00,4996,5522
653,1.499867e-01,1.356096e-01,1.348180e-01,4.794693e-01,4.520607e+01,2.142869e+01,8.480725e+00,6.077537e+00,3.621068e+00,5001,5528
654,1.503892e-01,1.393210e-01,1.344252e-01,4.790916e-01,4.141697e+01,2.041409e+01,8.477506e+00,6.599745e+00,3.389909e+00,5006,5532
655,1.506632e-01,1.403806e-01,1.376497e-01,7.329407e-01,4.320094e+01,2.636067e+01,8.365694e+00,6.579692e+00,3.333934e+00,4995,5549
656,1.507935e-01,1.410751e-01,1.384625e-01,4.910755e-01,4.567576e+01,2.966256e+01,8.279593e+00,7.174803e+00,3.513654e+00,4990,5573
657,1.507957e-01,1.419199e-01,1.393757e-01,7.568436e-01,5.500187e+01,3.031721e+01,8.174551e+00,7.405078e+00,3.685306e+00,5005,5538
658,1.507398e-01,1.434940e-01,1.397259e-01,5.760889e-01,5.085301e+01,2.545992e+01,8.209333e+00,7.632178e+00,3.725059e+00,4993,5533
659,1.506433e-01,1.480446e-01,1.482955e-01,6.184530e-01,5.293327e+01,4.873077e+01,8.184228e+00,8.434638e+00,3.658485e+00,5014,5504
660,1.509231e-01,1.504017e-01,1.437951e-01,6.742027e-01,6.272972e+01,3.562263e+01,8.103786e+00,8.510023e+00,3.776683e+00,4994,5561
661,1.511730e-01,1.515376e-01,1.444872e-01,7.226253e-01,6.941296e+01,2.814651e+01,8.308372e+00,9.173507e+00,4.339876e+00,5006,5554
662,1.512807e-01,1.501419e-01,1.468456e-01,1.248158e+00,6.486215e+01,2.930524e+01,8.837396e+00,9.797634e+00,3.991113e+00,5007,5506
663,1.513061e-01,1.498653e-01,1.470974e-01,7.553490e-01,6.771416e+01,3.191771e+01,9.431739e+00,1.136231e+01,3.975043e+00,5010,5494
664,1.512857e-01,1.535221e-01,1.470456e-01,1.221066e+00,8.524221e+01,3.183510e+01,1.074710e+01,1.287267e+01,4.388339e+00,4985,5518
665,1.511552e-01,1.578805e-01,1.501207e-01,7.987857e-01,8.441409e+01,3.023808e+01,1.273074e+01,1.318849e+01,4.384995e+00,4979,5539
666,1.512591e-01,1.554226e-01,1.492987e-01,8.312836e-01,9.348472e+01,3.517949e+01,1.301488e+01,1.427830e+01,4.130457e+00,4989,5498
667,1.516413e-01,1.518479e-01,1.575027e-01,8.655005e-01,8.547091e+01,1.002823e+02,1.330014e+01,1.706735e+01,4.848166e+00,4980,5527
668,1.518717e-01,1.595476e-01,1.496708e-01,8.860621e-01,1.053589e+02,3.488769e+01,1.611192e+01,1.669062e+01,4.622995e+00,4995,5497
669,1.519685e-01,1.533298e-01,1.503423e-01,9.080391e-01,9.878315e+01,2.885405e+01,1.583266e+01,1.821035e+01,4.250426e+00,4993,5497
670,1.520294e-01,1.559540e-01,1.508504e-01,8.924460e-01,9.117059e+01,8.480667e+01,1.702520e+01,1.754913e+01,5.145904e+00,5008,5485
671,1.520292e-01,1.533866e-01,1.507429e-01,9.047689e-01,7.363373e+01,7.511979e+01,1.707742e+01,1.805692e+01,4.738606e+00,4980,5515
672,1.525501e-01,1.553985e-01,1.491089e-01,9.323053e-01,9.481659e+01,9.632363e+01,1.676536e+01,2.104696e+01,4.167948e+00,4993,5501
673,1.564810e-01,1.581506e-01,1.486103e-01,1.050695e+00,8.370481e+01,3.405375e+01,1.845506e+01,1.666366e+01,5.184069e+00,4985,5496
674,1.611872e-01,1.586147e-01,1.521017e-01,1.088604e+00,1.300500e+02,7.376964e+01,1.787718e+01,1.994844e+01,4.696420e+00,4990,5499
675,1.640782e-01,1.597822e-01,1.527248e-01,9.095192e-01,8.831308e+01,6.160367e+01,1.808237e+01,1.855697e+01,4.052460e+00,4985,5476
676,1.670280e-01,1.617244e-01,1.531743e-01,1.079300e+00,7.915337e+01,3.494274e+01,1.716995e+01,1.739336e+01,5.067268e+00,5008,5492
677,1.700046e-01,1.649223e-01,1.537508e-01,8.381271e-01,1.122660e+02,3.366301e+01,1.561347e+01,1.779031e+01,4.429493e+00,5002,5494
678,1.733669e-01,1.653247e-01,1.536914e-01,8.320522e-01,8.718356e+01,5.657742e+01,1.554128e+01,1.759580e+01,5.578826e+00,5006,5469
679,1.765966e-01,1.690323e-01,1.537868e-01,7.832108e-01,9.014693e+01,4.501358e+01,1.474082e+01,1.527171e+01,4.849087e+00,4998,5481
680,1.804059e-01,1.703663e-01,1.587768e-01,7.656021e-01,1.537463e+02,3.649192e+01,1.350972e+01,1.579037e+01,4.234513e+00,5005,5489
681,1.841685e-01,1.712417e-01,1.549854e-01,8.343115e-01,1.076894e+02,2.835311e+01,1.377492e+01,1.474632e+01,5.080708e+00,4981,5497
682,1.871149e-01,1.742554e-01,1.546798e-01,8.907814e-01,9.308540e+01,4.044448e+01,1.308886e+01,1.451748e+01,4.548219e+00,5007,5515
683,1.872407e-01,1.764558e-01,1.601145e-01,8.113213e-01,1.269980e+02,3.219456e+01,1.292685e+01,1.469758e+01,5.565633e+00,5007,5480
684,1.910286e-01,1.754950e-01,1.599540e-01,1.037544e+00,1.109550e+02,3.072310e+01,1.297635e+01,1.410558e+01,4.805736e+00,5016,5488
685,1.904417e-01,1.779529e-01,1.562819e-01,8.032150e-01,9.524126e+01,2.923710e+01,1.286457e+01,1.305251e+01,4.307301e+00,5028,5433
686,1.917181e-01,1.812370e-01,1.556160e-01,9.028044e-01,1.033327e+02,3.521906e+01,1.212737e+01,1.329023e+01,5.011686e+00,5004,5488
687,1.944676e-01,1.813230e-01,1.602826e-01,6.366158e-01,7.927716e+01,3.373215e+01,1.215597e+01,1.261831e+01,4.520992e+00,4997,5485
688,1.945176e-01,1.802476e-01,1.571934e-01,1.075871e+00,8.335693e+01,3.222764e+01,1.175793e+01,1.238077e+01,5.002794e+00,5028,5448
689,1.969008e-01,1.811173e-01,1.576387e-01,1.170233e+00,8.316489e+01,3.792666e+01,1.140779e+01,1.146336e+01,4.699410e+00,5008,5459
690,1.971113e-01,1.836405e-01,1.572348e-01,1.161577e+00,7.288789e+01,3.634747e+01,1.149219e+01,1.169544e+01,5.604386e+00,4977,5518
691,1.973445e-01,1.810411e-01,1.563213e-01,5.940819e-01,7.667406e+01,2.780748e+01,1.149148e+01,1.100445e+01,4.718362e+00,4996,5469
692,1.973089e-01,1.840763e-01,1.537555e-01,5.321884e-01,6.936775e+01,2.634738e+01,1.127730e+01,1.102078e+01,5.753116e+00,4979,5492
693,1.972334e-01,1.819599e-01,1.554071e-01,5.454674e-01,5.972203e+01,3.196874e+01,1.146753e+01,1.016583e+01,4.742487e+00,4979,5542
694,1.970748e-01,1.826477e-01,1.555636e-01,5.685425e-01,7.481611e+01,3.047775e+01,1.140103e+01,9.418765e+00,4.473234e+00,4989,5537
695,1.955785e-01,1.819539e-01,1.548128e-01,5.773811e-01,6.260839e+01,2.899707e+01,1.117564e+01,9.647711e+00,5.172444e+00,5007,5455
696,1.960555e-01,1.784953e-01,1.570180e-01,5.977917e-01,6.855718e+01,3.428234e+01,1.147960e+01,8.416261e+00,4.407977e+00,5010,5474
697,1.949837e-01,1.815775e-01,1.526828e-01,6.065750e-01,7.324387e+01,3.267921e+01,1.137717e+01,8.646233e+00,5.131273e+00,5003,5434
698,1.949553e-01,1.788010e-01,1.488825e-01,6.225395e-01,5.865854e+01,2.471978e+01,1.140545e+01,8.325414e+00,4.228986e+00,5018,5485
699,1.942996e-01,1.763835e-01,1.434487e-01,1.282352e+00,7.176739e+01,2.333813e+01,1.142576e+01,8.505558e+00,5.029867e+00,4979,5538
700,1.914039e-01,1.784388e-01,1.424037e-01,7.995567e-01,5.993877e+01,2.833168e+01,1.134402e+01,8.177318e+00,3.980463e+00,4985,5463
701,1.901661e-01,1.762434e-01,1.406285e-01,6.500168e-01,6.317369e+01,2.689569e+01,1.121723e+01,8.251965e+00,4.582337e+00,4981,5508
702,1.885235e-01,1.732609e-01,1.391996e-01,6.723595e-01,5.182697e+01,2.548058e+01,1.137657e+01,8.182503e+00,4.565804e+00,4962,5572
703,1.876144e-01,1.730472e-01,1.381113e-01,6.798935e-01,5.717868e+01,2.998758e+01,1.132020e+01,8.336469e+00,5.281387e+00,4952,5567
704,1.859928e-01,1.734015e-01,1.372842e-01,6.737900e-01,5.099723e+01,2.849417e+01,1.117479e+01,7.931505e+00,4.248356e+00,4947,5535
705,1.850582e-01,1.722573e-01,1.374954e-01,6.604385e-01,5.395133e+01,2.145447e+01,1.099736e+01,7.647896e+00,4.897446e+00,4957,5524
706,1.831270e-01,1.682373e-01,1.469055e-01,6.710968e-01,4.628130e+01,2.017708e+01,1.097195e+01,7.660643e+00,3.888753e+00,4981,5587
707,1.829303e-01,1.667124e-01,1.456132e-01,6.699066e-01,4.428550e+01,2.784624e+01,1.088948e+01,7.556120e+00,4.431131e+00,4993,5527
708,1.817296e-01,1.676539e-01,1.445954e-01,6.593323e-01,4.204722e+01,2.489379e+01,1.080438e+01,7.551193e+00,4.217286e+00,4972,5535
709,1.799136e-01,1.668087e-01,1.437167e-01,6.529999e-01,4.438251e+01,2.180313e+01,1.097958e+01,7.452693e+00,3.737706e+00,4979,5530
710,1.787819e-01,1.649360e-01,1.426151e-01,6.519585e-01,3.991434e+01,2.539598e+01,1.102076e+01,7.299460e+00,3.971413e+00,4984,5476
711,1.763111e-01,1.605626e-01,1.422661e-01,6.451988e-01,4.331592e+01,2.412828e+01,1.093882e+01,6.618267e+00,3.189044e+00,4991,5478
712,1.753213e-01,1.578517e-01,1.413402e-01,6.331291e-01,4.468413e+01,1.826805e+01,1.071619e+01,6.788590e+00,3.743739e+00,4984,5499
713,1.742777e-01,1.593320e-01,1.404115e-01,6.247025e-01,3.568407e+01,1.720362e+01,1.047870e+01,6.657765e+00,3.289115e+00,4980,5522
714,1.734241e-01,1.592640e-01,1.393216e-01,6.238365e-01,4.222763e+01,2.077206e+01,1.048403e+01,6.798503e+00,3.454880e+00,4993,5538
715,1.718489e-01,1.590459e-01,1.379359e-01,6.179619e-01,4.152655e+01,1.969736e+01,1.042429e+01,6.343274e+00,3.309918e+00,4981,5508
716,1.691491e-01,1.565435e-01,1.358519e-01,6.097565e-01,3.231090e+01,1.869563e+01,1.027618e+01,6.429238e+00,3.055272e+00,4995,5536
717,1.677703e-01,1.544798e-01,1.356473e-01,6.067047e-01,3.663996e+01,1.439415e+01,1.027026e+01,6.184068e+00,3.313002e+00,4999,5528
718,1.667736e-01,1.515312e-01,1.354606e-01,6.093674e-01,3.576994e+01,1.267445e+01,1.030351e+01,5.754785e+00,3.930113e+00,4988,5519
719,1.655894e-01,1.492593e-01,1.351151e-01,6.077995e-01,3.816997e+01,1.605432e+01,1.028010e+01,5.769237e+00,3.214286e+00,4979,5538
720,1.645359e-01,1.476627e-01,1.345733e-01,6.025314e-01,3.080408e+01,1.531526e+01,1.017533e+01,5.913803e+00,2.733207e+00,4971,5540
721,1.630349e-01,1.479943e-01,1.339799e-01,5.940399e-01,3.535171e+01,2.054533e+01,9.951039e+00,5.976499e+00,3.259350e+00,4972,5559
722,1.610039e-01,1.482695e-01,1.335688e-01,5.819130e-01,3.409417e+01,1.800750e+01,9.835734e+00,5.512906e+00,2.678361e+00,4969,5514
723,1.599394e-01,1.478520e-01,1.332236e-01,5.744476e-01,2.754106e+01,1.746074e+01,9.872217e+00,5.593967e+00,2.309470e+00,4983,5499
724,1.591526e-01,1.475191e-01,1.327578e-01,5.718269e-01,3.174763e+01,1.421973e+01,9.826393e+00,5.596693e+00,2.875748e+00,4990,5478
725,1.578943e-01,1.464125e-01,1.324395e-01,5.661888e-01,3.122112e+01,1.352178e+01,9.760326e+00,5.181111e+00,2.582916e+00,4996,5528
726,1.561231e-01,1.461524e-01,1.321210e-01,5.596256e-01,3.556630e+01,1.638949e+01,9.644628e+00,4.979338e+00,3.151343e+00,5011,5529
727,1.549881e-01,1.447060e-01,1.318753e-01,5.543184e-01,3.508963e+01,1.653576e+01,9.482364e+00,5.175133e+00,2.834338e+00,5003,5546
728,1.541347e-01,1.446033e-01,1.317733e-01,5.459404e-01,3.393157e+01,2.136406e+01,9.299115e+00,5.079899e+00,3.509464e+00,4980,5570
729,1.543425e-01,1.438022e-01,1.325285e-01,5.355620e-01,3.099052e+01,2.035063e+01,9.266824e+00,4.882553e+00,3.061033e+00,4978,5589
730,1.547135e-01,1.424428e-01,1.331813e-01,5.356503e-01,2.823040e+01,2.046862e+01,9.242985e+00,4.845809e+00,2.829706e+00,5001,5522
731,1.548997e-01,1.423909e-01,1.335031e-01,5.343285e-01,3.044379e+01,1.724530e+01,9.171079e+00,5.062496e+00,3.513511e+00,4995,5531
732,1.549272e-01,1.411426e-01,1.339537e-01,5.302048e-01,3.318125e+01,3.350410e+01,9.106780e+00,4.898049e+00,3.124634e+00,4975,5514
733,1.548412e-01,1.403214e-01,1.342384e-01,5.230236e-01,3.688715e+01,3.124820e+01,8.970418e+00,4.665054e+00,2.973160e+00,4984,5506
734,1.546481e-01,1.400235e-01,1.346111e-01,5.131769e-01,3.473646e+01,2.113404e+01,8.973387e+00,4.981705e+00,3.068990e+00,4968,5544
735,1.547755e-01,1.391003e-01,1.354734e-01,5.064888e-01,3.436050e+01,2.574123e+01,8.905869e+00,5.026979e+00,3.449395e+00,4946,5565
736,1.553568e-01,1.389840e-01,1.360539e-01,4.993734e-01,3.361617e+01,2.365951e+01,8.840086e+00,4.690725e+00,3.197023e+00,4960,5530
737,1.557884e-01,1.396885e-01,1.378398e-01,4.953289e-01,4.139948e+01,2.490814e+01,8.739542e+00,5.005591e+00,3.304567e+00,4973,5546
738,1.562215e-01,1.408025e-01,1.388879e-01,4.928780e-01,3.924681e+01,2.705054e+01,8.686141e+00,5.209382e+00,3.169884e+00,4975,5541
739,1.565225e-01,1.415275e-01,1.394505e-01,4.883289e-01,3.996011e+01,2.017408e+01,8.605443e+00,5.256736e+00,3.189759e+00,4965,5524
740,1.570218e-01,1.423550e-01,1.403524e-01,4.825497e-01,3.972982e+01,1.858981e+01,8.537352e+00,5.821370e+00,3.533834e+00,4970,5544
741,1.574063e-01,1.430319e-01,1.432461e-01,4.746962e-01,4.999303e+01,3.529656e+01,8.531265e+00,6.592556e+00,3.320106e+00,4978,5537
742,1.575558e-01,1.439773e-01,1.439717e-01,4.692879e-01,4.709227e+01,2.131610e+01,8.428699e+00,6.200761e+00,3.336327e+00,4985,5537
743,1.587170e-01,1.456996e-01,1.449668e-01,4.798746e-01,4.686023e+01,2.441157e+01,8.338461e+00,6.660283e+00,3.674782e+00,4994,5524
744,1.600101e-01,1.472405e-01,1.455128e-01,5.185776e-01,4.859305e+01,2.852462e+01,8.317154e+00,7.523546e+00,3.896223e+00,4993,5518
745,1.611805e-01,1.472456e-01,1.482365e-01,5.617163e-01,6.205087e+01,3.072777e+01,8.272898e+00,7.314550e+00,3.852861e+00,4988,5566
746,1.621284e-01,1.476199e-01,1.494302e-01,5.855761e-01,5.955511e+01,3.030276e+01,8.285622e+00,8.061246e+00,3.945065e+00,4988,5541
747,1.625171e-01,1.521805e-01,1.523252e-01,6.373320e-01,5.968424e+01,2.935645e+01,8.225983e+00,8.269842e+00,4.450267e+00,5003,5515
748,1.619715e-01,1.505642e-01,1.525116e-01,6.819007e-01,6.746687e+01,3.446181e+01,8.195780e+00,8.957358e+00,4.065341e+00,5026,5513
749,1.629932e-01,1.528287e-01,1.528355e-01,6.870394e-01,7.661839e+01,3.316667e+01,8.434423e+00,1.008707e+01,4.196792e+00,5026,5501
750,1.644931e-01,1.546007e-01,1.532642e-01,7.215266e-01,6.760559e+01,3.258287e+01,9.491569e+00,9.870277e+00,4.908855e+00,5009,5513
751,1.652732e-01,1.541788e-01,1.554081e-01,7.815366e-01,6.907024e+01,6.202547e+01,9.493779e+00,1.190728e+01,4.414094e+00,4996,5504
752,1.656876e-01,1.569219e-01,1.558173e-01,8.643060e-01,8.336079e+01,3.447267e+01,1.080757e+01,1.296727e+01,4.216780e+00,4995,5518
753,1.650817e-01,1.584945e-01,1.589848e-01,1.199974e+00,8.262578e+01,3.243740e+01,1.269792e+01,1.280435e+01,5.164467e+00,4995,5517
754,1.641134e-01,1.550023e-01,1.579768e-01,9.069238e-01,8.935208e+01,3.176091e+01,1.255187e+01,1.544552e+01,4.671410e+00,4998,5519
755,1.657945e-01,1.545295e-01,1.575258e-01,9.307232e-01,1.063463e+02,3.808390e+01,1.412671e+01,1.787792e+01,4.325789e+00,5026,5461
756,1.683245e-01,1.559203e-01,1.570836e-01,1.010958e+00,1.034398e+02,3.285802e+01,1.667578e+01,1.641418e+01,5.092085e+00,4959,5504
757,1.694470e-01,1.581447e-01,1.561443e-01,1.021935e+00,1.015554e+02,3.065217e+01,1.621434e+01,1.731382e+01,4.719725e+00,4964,5534
758,1.688737e-01,1.576604e-01,1.581509e-01,8.893089e-01,5.352535e+01,9.208846e+01,1.586098e+01,1.774742e+01,4.286500e+00,4977,5541
759,1.689740e-01,1.576959e-01,1.570005e-01,8.975000e-01,1.102548e+02,3.892282e+01,1.599178e+01,1.939664e+01,5.277909e+00,4973,5537
760,1.700942e-01,1.602783e-01,1.579813e-01,9.918575e-01,1.008523e+02,3.095855e+01,1.784552e+01,1.756668e+01,4.579961e+00,4975,5534
761,1.717709e-01,1.626572e-01,1.568651e-01,1.059072e+00,1.355047e+02,3.737418e+01,1.752843e+01,2.070429e+01,5.569098e+00,4984,5529
762,1.752012e-01,1.621463e-01,1.560065e-01,9.047890e-01,9.145296e+01,7.678543e+01,1.803968e+01,1.906089e+01,5.008264e+00,4975,5555
763,1.790623e-01,1.634176e-01,1.615999e-01,8.777924e-01,9.441074e+01,3.131583e+01,1.734366e+01,1.816583e+01,5.929624e+00,5000,5529
764,1.830482e-01,1.671516e-01,1.618362e-01,9.299707e-01,1.039007e+02,3.911172e+01,1.624802e+01,1.854003e+01,5.357052e+00,5003,5480
765,1.865664e-01,1.678766e-01,1.626206e-01,9.556961e-01,1.060163e+02,6.873550e+01,1.543001e+01,1.516548e+01,4.656518e+00,5029,5468
766,1.867387e-01,1.715998e-01,1.617768e-01,1.594257e+00,8.060466e+01,5.656099e+01,1.488202e+01,1.761382e+01,5.446673e+00,5019,5412
767,1.912259e-01,1.718164e-01,1.626526e-01,1.515938e+00,1.208891e+02,2.630111e+01,1.496231e+01,1.583525e+01,4.845861e+00,5035,5367
768,1.904994e-01,1.753265e-01,1.611997e-01,7.956076e-01,1.090540e+02,3.199293e+01,1.433245e+01,1.682515e+01,5.827629e+00,5034,5396
769,1.939576e-01,1.765474e-01,1.618801e-01,1.468904e+00,8.210751e+01,4.907072e+01,1.455985e+01,1.499566e+01,4.999644e+00,5033,5363
770,1.963809e-01,1.791453e-01,1.616410e-01,8.367310e-01,1.223831e+02,3.813567e+01,1.380757e+01,1.406813e+01,5.975173e+00,5001,5454
771,2.012633e-01,1.792738e-01,1.677019e-01,6.982493e-01,1.156606e+02,3.394579e+01,1.270679e+01,1.342483e+01,5.372685e+00,4963,5530
772,2.045524e-01,1.813277e-01,1.625843e-01,8.469200e-01,8.940669e+01,3.652993e+01,1.276696e+01,1.351499e+01,5.948399e+00,4944,5510
773,2.054839e-01,1.827111e-01,1.623160e-01,8.988419e-01,8.790198e+01,3.768590e+01,1.240358e+01,1.389338e+01,5.613383e+00,4944,5597
774,2.099549e-01,1.829176e-01,1.671208e-01,7.173214e-01,1.076266e+02,3.580706e+01,1.213273e+01,1.303050e+01,5.574458e+00,4963,5562
775,2.087404e-01,1.823786e-01,1.628475e-01,6.245422e-01,9.043574e+01,4.209361e+01,1.196542e+01,1.272363e+01,5.646879e+00,4981,5579
776,2.092649e-01,1.855531e-01,1.633218e-01,9.920654e-01,8.227180e+01,3.901035e+01,1.175477e+01,1.147710e+01,4.642353e+00,4965,5540
777,2.080734e-01,1.835321e-01,1.630451e-01,6.185608e-01,7.824896e+01,3.742076e+01,1.167626e+01,1.244834e+01,5.377541e+00,4971,5531
778,2.057153e-01,1.842119e-01,1.665387e-01,1.335277e+00,8.097567e+01,2.832279e+01,1.176104e+01,1.086454e+01,5.220641e+00,4994,5479
779,2.073204e-01,1.854700e-01,1.596605e-01,6.375575e-01,7.601057e+01,3.635420e+01,1.147782e+01,1.081461e+01,5.915762e+00,4971,5496
780,2.061885e-01,1.836195e-01,1.636450e-01,9.182739e-01,7.007080e+01,3.290899e+01,1.150657e+01,9.978569e+00,5.053278e+00,4986,5501
781,2.072612e-01,1.852302e-01,1.633127e-01,8.850783e-01,8.317285e+01,2.992026e+01,1.149312e+01,9.821277e+00,5.834714e+00,4964,5490
782,2.072121e-01,1.831856e-01,1.627558e-01,5.452499e-01,6.989188e+01,3.342897e+01,1.143102e+01,9.479155e+00,4.773241e+00,4940,5517
783,2.080586e-01,1.848500e-01,1.617516e-01,5.704422e-01,6.886022e+01,3.309937e+01,1.143683e+01,9.132640e+00,5.373938e+00,4924,5553
784,2.067462e-01,1.811793e-01,1.585359e-01,8.786011e-01,7.488686e+01,3.122680e+01,1.122459e+01,9.218234e+00,5.287584e+00,4953,5592
785,2.065099e-01,1.826106e-01,1.581365e-01,9.415092e-01,6.519133e+01,3.026643e+01,1.158640e+01,9.257811e+00,4.658782e+00,4950,5588
786,2.038092e-01,1.813598e-01,1.601104e-01,7.183285e-01,7.810151e+01,3.380362e+01,1.176480e+01,8.857678e+00,4.993399e+00,4941,5528
787,2.017820e-01,1.781866e-01,1.593538e-01,6.498566e-01,7.210484e+01,2.582078e+01,1.150425e+01,8.797193e+00,5.641005e+00,4965,5510
788,1.996103e-01,1.800470e-01,1.582280e-01,6.446991e-01,6.182714e+01,3.326153e+01,1.126514e+01,8.824473e+00,4.606041e+00,5003,5456
789,1.992404e-01,1.785475e-01,1.565050e-01,6.428108e-01,7.155829e+01,2.241916e+01,1.139167e+01,8.933095e+00,4.928303e+00,4987,5495
790,1.982546e-01,1.745355e-01,1.513654e-01,1.116588e+00,6.081422e+01,2.681100e+01,1.135329e+01,8.743596e+00,5.047060e+00,4965,5555
791,1.971351e-01,1.752118e-01,1.489034e-01,6.414871e-01,6.061823e+01,2.509440e+01,1.152489e+01,8.899975e+00,5.717083e+00,4957,5567
792,1.971969e-01,1.759936e-01,1.470416e-01,6.472778e-01,5.828971e+01,2.918841e+01,1.145740e+01,8.252024e+00,4.602585e+00,4957,5532
793,1.936892e-01,1.733397e-01,1.454536e-01,6.418991e-01,5.804736e+01,2.742496e+01,1.123067e+01,8.352635e+00,5.031404e+00,4984,5527
794,1.925710e-01,1.689155e-01,1.445577e-01,6.454697e-01,4.287713e+01,2.566267e+01,1.099532e+01,8.278824e+00,3.977204e+00,4997,5552
795,1.904825e-01,1.706064e-01,1.435766e-01,6.681824e-01,4.200606e+01,1.875738e+01,1.124881e+01,8.399487e+00,4.232315e+00,4966,5549
796,1.894411e-01,1.704431e-01,1.429379e-01,6.775742e-01,4.416991e+01,2.252795e+01,1.120138e+01,7.792987e+00,4.392167e+00,4989,5510
797,1.877739e-01,1.682224e-01,1.423701e-01,6.752663e-01,4.018588e+01,2.100671e+01,1.102576e+01,7.518281e+00,4.984333e+00,4986,5456
798,1.851480e-01,1.646194e-01,1.416472e-01,6.787128e-01,4.430880e+01,2.487852e+01,1.076880e+01,7.505913e+00,4.109406e+00,4971,5488
799,1.821421e-01,1.615247e-01,1.413938e-01,6.501541e-01,3.955451e+01,2.299018e+01,1.072207e+01,7.619747e+00,4.476127e+00,4955,5614
800,1.813497e-01,1.640741e-01,1.409829e-01,6.525497e-01,3.519045e+01,2.154200e+01,1.068885e+01,7.363448e+00,3.572828e+00,4972,5606
801,1.798881e-01,1.639708e-01,1.406016e-01,6.465683e-01,3.143814e+01,2.627084e+01,1.056603e+01,7.437447e+00,3.711010e+00,4985,5616
802,1.772338e-01,1.626878e-01,1.402390e-01,6.332474e-01,3.358876e+01,2.322885e+01,1.054617e+01,7.090339e+00,3.988799e+00,4957,5618
803,1.763198e-01,1.599969e-01,1.400705e-01,6.214218e-01,3.595945e+01,2.190974e+01,1.063865e+01,6.659091e+00,3.343868e+00,4979,5573
804,1.739852e-01,1.576540e-01,1.399103e-01,6.192322e-01,3.667077e+01,2.325007e+01,1.056732e+01,6.736866e+00,3.748637e+00,4978,5544
805,1.715669e-01,1.538970e-01,1.397755e-01,6.152725e-01,3.044832e+01,2.095280e+01,1.044283e+01,6.942490e+00,4.339808e+00,4983,5501
806,1.707532e-01,1.533769e-01,1.398875e-01,6.072121e-01,3.576730e+01,1.874221e+01,1.024211e+01,6.785944e+00,3.484857e+00,4987,5523
807,1.689424e-01,1.553373e-01,1.397486e-01,5.955811e-01,3.346472e+01,1.746523e+01,1.005896e+01,6.136014e+00,3.127113e+00,4982,5526
808,1.668241e-01,1.547926e-01,1.395193e-01,5.839005e-01,3.309108e+01,2.963138e+01,1.010297e+01,6.400537e+00,3.919020e+00,4981,5567
809,1.655499e-01,1.544439e-01,1.392567e-01,5.830460e-01,3.041996e+01,1.961643e+01,1.007629e+01,6.182737e+00,3.401931e+00,4969,5564
810,1.637191e-01,1.537042e-01,1.388550e-01,5.779266e-01,3.379667e+01,1.880590e+01,9.965221e+00,6.007862e+00,3.968323e+00,4980,5538
811,1.616766e-01,1.522839e-01,1.384796e-01,5.692711e-01,3.181208e+01,1.723572e+01,9.788323e+00,5.812102e+00,3.321086e+00,4981,5538
812,1.598402e-01,1.511070e-01,1.381245e-01,5.662193e-01,3.512286e+01,1.943118e+01,9.691965e+00,6.225703e+00,4.012515e+00,4970,5529
813,1.587109e-01,1.496407e-01,1.378043e-01,5.637398e-01,3.449565e+01,1.702356e+01,9.555688e+00,6.098164e+00,3.360456e+00,4981,5529
814,1.575779e-01,1.482878e-01,1.376094e-01,5.584526e-01,2.907836e+01,2.045183e+01,9.490864e+00,5.513882e+00,3.048183e+00,5001,5504
815,1.572141e-01,1.472121e-01,1.374893e-01,5.505829e-01,3.085522e+01,1.904917e+01,9.465283e+00,5.859279e+00,2.635176e+00,4983,5520
816,1.568788e-01,1.462308e-01,1.377323e-01,5.400133e-01,3.202240e+01,2.017729e+01,9.410028e+00,5.873799e+00,3.043176e+00,4990,5532
817,1.565236e-01,1.456233e-01,1.379936e-01,5.358124e-01,3.427092e+01,3.522314e+01,9.337869e+00,5.487009e+00,3.801767e+00,4995,5508
818,1.564731e-01,1.450994e-01,1.379974e-01,5.367222e-01,3.214417e+01,2.353202e+01,9.261340e+00,5.485527e+00,3.280602e+00,5005,5506
819,1.563193e-01,1.441013e-01,1.368986e-01,5.355587e-01,3.768246e+01,1.855665e+01,9.249024e+00,5.653163e+00,3.031646e+00,5010,5497
820,1.560102e-01,1.443349e-01,1.383720e-01,5.319309e-01,3.296422e+01,2.003581e+01,9.200631e+00,5.436484e+00,3.729742e+00,5007,5520
821,1.562602e-01,1.444085e-01,1.392240e-01,5.263734e-01,3.324362e+01,2.449199e+01,9.113666e+00,5.139238e+00,3.279346e+00,5014,5530
822,1.565185e-01,1.441304e-01,1.386079e-01,5.189216e-01,3.042975e+01,3.100250e+01,9.046151e+00,5.473817e+00,3.131219e+00,5003,5551
823,1.566627e-01,1.430210e-01,1.393032e-01,5.098581e-01,3.700696e+01,2.426941e+01,8.980094e+00,5.563378e+00,3.890654e+00,4966,5599
824,1.565634e-01,1.441139e-01,1.431455e-01,5.051708e-01,3.576896e+01,3.592451e+01,8.892281e+00,5.240386e+00,3.508294e+00,4993,5556
825,1.563517e-01,1.458075e-01,1.416989e-01,5.046988e-01,3.729107e+01,2.081756e+01,8.927042e+00,5.426789e+00,3.488170e+00,4997,5511
826,1.566650e-01,1.450933e-01,1.425943e-01,5.573864e-01,3.723820e+01,2.359507e+01,8.861622e+00,5.814230e+00,3.362113e+00,4979,5526
827,1.574018e-01,1.455349e-01,1.433716e-01,5.255165e-01,3.873611e+01,1.985090e+01,8.848653e+00,5.802588e+00,4.054624e+00,4988,5509
828,1.581022e-01,1.486499e-01,1.477758e-01,6.590385e-01,3.729923e+01,3.826952e+01,8.771321e+00,5.969656e+00,3.752566e+00,4987,5522
829,1.586390e-01,1.514613e-01,1.454943e-01,4.852381e-01,4.441077e+01,2.579248e+01,8.688043e+00,6.142222e+00,3.731704e+00,4969,5553
830,1.590531e-01,1.484145e-01,1.463676e-01,5.363655e-01,4.622075e+01,2.228745e+01,8.593486e+00,6.282981e+00,3.687160e+00,4964,5575
831,1.591667e-01,1.520399e-01,1.520113e-01,4.855843e-01,4.450623e+01,4.506522e+01,8.655035e+00,7.368001e+00,4.367808e+00,4994,5541
832,1.589037e-01,1.551311e-01,1.542529e-01,5.192690e-01,4.513612e+01,4.398284e+01,8.609430e+00,7.329187e+00,4.020442e+00,4987,5558
833,1.591293e-01,1.571504e-01,1.500102e-01,5.680809e-01,5.594279e+01,3.457576e+01,8.614687e+00,7.595729e+00,3.901612e+00,4980,5557
834,1.598644e-01,1.566022e-01,1.505624e-01,6.221371e-01,6.629616e+01,2.825804e+01,8.601479e+00,7.928738e+00,4.120488e+00,4990,5563
835,1.602429e-01,1.550879e-01,1.602428e-01,6.974297e-01,6.880392e+01,5.678491e+01,8.653430e+00,8.586493e+00,4.580560e+00,5008,5517
836,1.604390e-01,1.586610e-01,1.532589e-01,7.138948e-01,6.554806e+01,3.236695e+01,8.695022e+00,8.846030e+00,4.401130e+00,4999,5504
837,1.604272e-01,1.606669e-01,1.566860e-01,1.787788e+00,7.160796e+01,3.081881e+01,8.781496e+00,9.845470e+00,3.969868e+00,4994,5504
838,1.609146e-01,1.624741e-01,1.567898e-01,1.405877e+00,8.735500e+01,3.119621e+01,9.381752e+00,1.102441e+01,5.077536e+00,5001,5519
839,1.611329e-01,1.587659e-01,1.566409e-01,7.868133e-01,7.433996e+01,3.409835e+01,1.026655e+01,1.290702e+01,4.801821e+00,4990,5503
840,1.611621e-01,1.675500e-01,1.573783e-01,8.434920e-01,8.142651e+01,3.339664e+01,1.208221e+01,1.301195e+01,4.236535e+00,4982,5511
841,1.621055e-01,1.616630e-01,1.583074e-01,1.042435e+00,7.865164e+01,8.066910e+01,1.218059e+01,1.350548e+01,5.388764e+00,4990,5511
842,1.632505e-01,1.616616e-01,1.582832e-01,9.560051e-01,9.169807e+01,7.972240e+01,1.281172e+01,1.712739e+01,5.010553e+00,4996,5485
843,1.638191e-01,1.620656e-01,1.595742e-01,9.376392e-01,1.036401e+02,3.302943e+01,1.670094e+01,1.711292e+01,4.345087e+00,4997,5469
844,1.640484e-01,1.613634e-01,1.595886e-01,9.975300e-01,9.826497e+01,9.603153e+01,1.644812e+01,1.665420e+01,5.485013e+00,5014,5476
845,1.641262e-01,1.610897e-01,1.584026e-01,9.598265e-01,7.124844e+01,3.556836e+01,1.604132e+01,1.896836e+01,4.980563e+00,4985,5482
846,1.637132e-01,1.633010e-01,1.594486e-01,8.649678e-01,7.708627e+01,7.830064e+01,1.707055e+01,1.776011e+01,5.690984e+00,4983,5487
847,1.643912e-01,1.648259e-01,1.583633e-01,8.762827e-01,9.622013e+01,9.864425e+01,1.622836e+01,1.945003e+01,5.262502e+00,4991,5498
848,1.648890e-01,1.674200e-01,1.606303e-01,9.324408e-01,8.670525e+01,3.443597e+01,1.739568e+01,1.598273e+01,4.675178e+00,4978,5487
849,1.689262e-01,1.675353e-01,1.612105e-01,9.621525e-01,7.526631e+01,3.422246e+01,1.696573e+01,2.058406e+01,5.855156e+00,5005,5472
850,1.721369e-01,1.680275e-01,1.622736e-01,8.260193e-01,8.915445e+01,6.380183e+01,1.812357e+01,1.807614e+01,4.994176e+00,4994,5463
851,1.754583e-01,1.706622e-01,1.632779e-01,8.584166e-01,7.962131e+01,3.659282e+01,1.703206e+01,1.822266e+01,6.178260e+00,4991,5516
852,1.789743e-01,1.734152e-01,1.636649e-01,9.001637e-01,7.755089e+01,3.486954e+01,1.572753e+01,1.782719e+01,5.455035e+00,5000,5480
853,1.803187e-01,1.735863e-01,1.641597e-01,9.121609e-01,9.108463e+01,5.799103e+01,1.576215e+01,1.729143e+01,4.584361e+00,4979,5504
854,1.836019e-01,1.778038e-01,1.645858e-01,7.908611e-01,1.272015e+02,4.607724e+01,1.463028e+01,1.548630e+01,5.687700e+00,4992,5519
855,1.883859e-01,1.788356e-01,1.649201e-01,7.863045e-01,1.414023e+02,3.040679e+01,1.402714e+01,1.586163e+01,4.903206e+00,4971,5507
856,1.914088e-01,1.808960e-01,1.659447e-01,8.215961e-01,7.989386e+01,5.157874e+01,1.396390e+01,1.498032e+01,6.025989e+00,4984,5514
857,1.939908e-01,1.818639e-01,1.663343e-01,8.774757e-01,1.038699e+02,2.633461e+01,1.326158e+01,1.475727e+01,5.173483e+00,5003,5490
858,1.953052e-01,1.861590e-01,1.659420e-01,7.730179e-01,8.958033e+01,3.220657e+01,1.343331e+01,1.465608e+01,6.301539e+00,4999,5481
859,1.987208e-01,1.847507e-01,1.678899e-01,1.475891e+00,8.873236e+01,3.047978e+01,1.308314e+01,1.432851e+01,5.421827e+00,5001,5515
860,1.975342e-01,1.867326e-01,1.680212e-01,1.215794e+00,9.725560e+01,3.630552e+01,1.268589e+01,1.288585e+01,4.660832e+00,5005,5473
861,2.005726e-01,1.886177e-01,1.683152e-01,8.170471e-01,8.795586e+01,3.458360e+01,1.267212e+01,1.408677e+01,5.676910e+00,4989,5501
862,2.038313e-01,1.899516e-01,1.677678e-01,7.758560e-01,9.531572e+01,2.615756e+01,1.245085e+01,1.239637e+01,4.856288e+00,4996,5465
863,2.033592e-01,1.907859e-01,1.656651e-01,1.054030e+00,9.031947e+01,2.479085e+01,1.229335e+01,1.228033e+01,5.774096e+00,4978,5522
864,2.060174e-01,1.912283e-01,1.697692e-01,6.090240e-01,8.931774e+01,3.646247e+01,1.212863e+01,1.170186e+01,5.004301e+00,5003,5500
865,2.055055e-01,1.901608e-01,1.703541e-01,5.900421e-01,8.318529e+01,2.772943e+01,1.181751e+01,1.149559e+01,5.845153e+00,5015,5474
866,2.053487e-01,1.912531e-01,1.701385e-01,5.647888e-01,6.392584e+01,3.767680e+01,1.182944e+01,1.061146e+01,5.069679e+00,4988,5483
867,2.044298e-01,1.911697e-01,1.641518e-01,5.623817e-01,7.702814e+01,3.156253e+01,1.200065e+01,1.062168e+01,5.961666e+00,4973,5480
868,2.036403e-01,1.897660e-01,1.652483e-01,7.258434e-01,7.064511e+01,2.985465e+01,1.223736e+01,1.032021e+01,5.030557e+00,4979,5512
869,2.043227e-01,1.911718e-01,1.650567e-01,6.267166e-01,5.226226e+01,3.499471e+01,1.208660e+01,9.948611e+00,6.006313e+00,4996,5487
870,2.041210e-01,1.911629e-01,1.647842e-01,6.567574e-01,7.947110e+01,3.330766e+01,1.197163e+01,9.978298e+00,4.892216e+00,5004,5431
871,2.045947e-01,1.886825e-01,1.666908e-01,6.678391e-01,6.090720e+01,3.138229e+01,1.195170e+01,9.362511e+00,5.717069e+00,5032,5407
872,2.032931e-01,1.901644e-01,1.657441e-01,1.009092e+00,7.739843e+01,2.399522e+01,1.185043e+01,9.537365e+00,5.309379e+00,5022,5430
873,2.014735e-01,1.881929e-01,1.617601e-01,7.964219e-01,6.264801e+01,2.833604e+01,1.214843e+01,9.622054e+00,6.112593e+00,5001,5503
874,1.999350e-01,1.854001e-01,1.585073e-01,6.796646e-01,7.030737e+01,2.982689e+01,1.218029e+01,9.498776e+00,5.087936e+00,4985,5555
875,1.992144e-01,1.868569e-01,1.543498e-01,6.556892e-01,5.855673e+01,2.507002e+01,1.207880e+01,9.604734e+00,5.967266e+00,4949,5563
876,1.986511e-01,1.849872e-01,1.531228e-01,6.632752e-01,6.401184e+01,2.973077e+01,1.177125e+01,9.179822e+00,4.817870e+00,4926,5589
877,1.978350e-01,1.807754e-01,1.516986e-01,6.691706e-01,5.017776e+01,2.809805e+01,1.164094e+01,9.136039e+00,5.518745e+00,4934,5607
878,1.948349e-01,1.818504e-01,1.507676e-01,6.599474e-01,5.049113e+01,2.079852e+01,1.161018e+01,9.150898e+00,5.164280e+00,4938,5591
879,1.940508e-01,1.820534e-01,1.502212e-01,6.575108e-01,4.634568e+01,1.915909e+01,1.162579e+01,9.308683e+00,5.860874e+00,4947,5577
880,1.921985e-01,1.807818e-01,1.492445e-01,6.675491e-01,4.648841e+01,2.344696e+01,1.177559e+01,8.911487e+00,4.773152e+00,4959,5477
881,1.910007e-01,1.773425e-01,1.491792e-01,6.640816e-01,5.355113e+01,2.197575e+01,1.165760e+01,8.904554e+00,5.526356e+00,4973,5504
882,1.887703e-01,1.747962e-01,1.486935e-01,6.802216e-01,4.413643e+01,2.690990e+01,1.138567e+01,8.418327e+00,4.467024e+00,4973,5547
883,1.879018e-01,1.762249e-01,1.482859e-01,6.902847e-01,4.700241e+01,2.441331e+01,1.120315e+01,8.417729e+00,5.029135e+00,4954,5569
884,1.871865e-01,1.756977e-01,1.544477e-01,6.847992e-01,4.288780e+01,2.281474e+01,1.126488e+01,8.272152e+00,4.425538e+00,4943,5588
885,1.862219e-01,1.743684e-01,1.475842e-01,6.807127e-01,4.096188e+01,1.820493e+01,1.122719e+01,8.557296e+00,4.468148e+00,4928,5616
886,1.842960e-01,1.702769e-01,1.474224e-01,6.692047e-01,4.679422e+01,2.026690e+01,1.102576e+01,8.022586e+00,4.324710e+00,4942,5583
887,1.825184e-01,1.664418e-01,1.472638e-01,6.681519e-01,4.195259e+01,2.212736e+01,1.107944e+01,7.768199e+00,5.055025e+00,4950,5548
888,1.806727e-01,1.662498e-01,1.473404e-01,6.684113e-01,3.889859e+01,1.778864e+01,1.102938e+01,7.601323e+00,4.183383e+00,4979,5519
889,1.800646e-01,1.674652e-01,1.470201e-01,6.606598e-01,4.046068e+01,2.112912e+01,1.087165e+01,7.452852e+00,4.786193e+00,4990,5531
890,1.783391e-01,1.674054e-01,1.465991e-01,6.439743e-01,3.534393e+01,1.994768e+01,1.073177e+01,7.404127e+00,3.829554e+00,4967,5567
891,1.765106e-01,1.658779e-01,1.460066e-01,6.356745e-01,3.533935e+01,2.185172e+01,1.051385e+01,7.631926e+00,4.479941e+00,5018,5508
892,1.753290e-01,1.647645e-01,1.461347e-01,6.254425e-01,3.714194e+01,2.240277e+01,1.053984e+01,7.415828e+00,3.946026e+00,4990,5530
893,1.730519e-01,1.621518e-01,1.460456e-01,6.226463e-01,4.126752e+01,2.025069e+01,1.050222e+01,6.689629e+00,3.337277e+00,4992,5545
894,1.714338e-01,1.600183e-01,1.455883e-01,6.154785e-01,3.331291e+01,1.588167e+01,1.039332e+01,7.003426e+00,3.986926e+00,4989,5538
895,1.689630e-01,1.576333e-01,1.432183e-01,6.074963e-01,3.831920e+01,1.989815e+01,1.018309e+01,6.641773e+00,3.477157e+00,4998,5552
896,1.678027e-01,1.568709e-01,1.424535e-01,6.055260e-01,3.462554e+01,1.816424e+01,1.004705e+01,6.547717e+00,4.056612e+00,4985,5548
897,1.663049e-01,1.553858e-01,1.439800e-01,6.003237e-01,2.874218e+01,1.590399e+01,9.933735e+00,6.424511e+00,3.530797e+00,4981,5534
898,1.643972e-01,1.550353e-01,1.424795e-01,5.946045e-01,3.130631e+01,2.176362e+01,9.841218e+00,6.793703e+00,4.120770e+00,4979,5530
899,1.625115e-01,1.540322e-01,1.424757e-01,5.945625e-01,3.374955e+01,1.242558e+01,9.759835e+00,6.427837e+00,3.446690e+00,4938,5571
900,1.612915e-01,1.530950e-01,1.427167e-01,5.913277e-01,3.200528e+01,2.914709e+01,9.744674e+00,6.298790e+00,3.062168e+00,4957,5565
901,1.592259e-01,1.538973e-01,1.419443e-01,5.850410e-01,3.483184e+01,1.571786e+01,9.667976e+00,6.503307e+00,3.566958e+00,4954,5572
902,1.586847e-01,1.528597e-01,1.416462e-01,5.755901e-01,3.283098e+01,1.917283e+01,9.556425e+00,6.120811e+00,3.106630e+00,4989,5568
903,1.571877e-01,1.525811e-01,1.418437e-01,5.693674e-01,2.972652e+01,1.903544e+01,9.606387e+00,5.880221e+00,3.734676e+00,5009,5524
904,1.566531e-01,1.521961e-01,1.422345e-01,5.642319e-01,2.929016e+01,1.615509e+01,9.646011e+00,6.206096e+00,3.399133e+00,5011,5517
905,1.565045e-01,1.504022e-01,1.425432e-01,5.641479e-01,3.317206e+01,2.301435e+01,9.691730e+00,6.028685e+00,4.176508e+00,4993,5539
906,1.568755e-01,1.506694e-01,1.426698e-01,5.612106e-01,3.428299e+01,3.162840e+01,9.623403e+00,5.576543e+00,3.633656e+00,4985,5536
907,1.571342e-01,1.494225e-01,1.426216e-01,5.560074e-01,3.562699e+01,1.912779e+01,9.529011e+00,6.003367e+00,3.381581e+00,4988,5526
908,1.573319e-01,1.485395e-01,1.429695e-01,5.483131e-01,3.397852e+01,2.378485e+01,9.423805e+00,5.851285e+00,4.157559e+00,4969,5560
909,1.576711e-01,1.478015e-01,1.433413e-01,5.389462e-01,3.232896e+01,2.408843e+01,9.321485e+00,5.419380e+00,3.683208e+00,4968,5562
910,1.586129e-01,1.477327e-01,1.442565e-01,5.289536e-01,3.781265e+01,2.406657e+01,9.244737e+00,5.805405e+00,3.507097e+00,4973,5544
911,1.591523e-01,1.486997e-01,1.451705e-01,5.288868e-01,3.749174e+01,2.839621e+01,9.272598e+00,5.840011e+00,4.345228e+00,4981,5537
912,1.593219e-01,1.491582e-01,1.470628e-01,5.267754e-01,3.808230e+01,2.567978e+01,9.275886e+00,5.496661e+00,3.955271e+00,4982,5522
913,1.605133e-01,1.497563e-01,1.481678e-01,5.226173e-01,3.723463e+01,2.187941e+01,9.249599e+00,5.779013e+00,3.597608e+00,4993,5504
914,1.621714e-01,1.498161e-01,1.490018e-01,5.165281e-01,3.984169e+01,3.091209e+01,9.176505e+00,5.977246e+00,3.498535e+00,4978,5529
915,1.636970e-01,1.509590e-01,1.496925e-01,5.090513e-01,4.034128e+01,3.972246e+01,9.088923e+00,5.803238e+00,4.386415e+00,4979,5543
916,1.649422e-01,1.514368e-01,1.513356e-01,5.251255e-01,4.465751e+01,2.062774e+01,9.026629e+00,5.933295e+00,3.993682e+00,4977,5525
917,1.656327e-01,1.524428e-01,1.521638e-01,4.901624e-01,4.343061e+01,2.377153e+01,9.084270e+00,6.232930e+00,3.953741e+00,4964,5566
918,1.655874e-01,1.532288e-01,1.543953e-01,4.805298e-01,4.334334e+01,2.787946e+01,9.139865e+00,6.907071e+00,3.974968e+00,4971,5566
919,1.655469e-01,1.542738e-01,1.544203e-01,5.352020e-01,5.259053e+01,4.586671e+01,9.082302e+00,6.965854e+00,4.492359e+00,4984,5546
920,1.679889e-01,1.557830e-01,1.548855e-01,5.852070e-01,5.645249e+01,2.918697e+01,9.057061e+00,7.487136e+00,4.416879e+00,4983,5553
921,1.695091e-01,1.567280e-01,1.586396e-01,6.384382e-01,5.223091e+01,4.439003e+01,9.197392e+00,8.031488e+00,3.996160e+00,4971,5558
922,1.702919e-01,1.573713e-01,1.589152e-01,6.727152e-01,5.627171e+01,2.762027e+01,9.245355e+00,8.426905e+00,4.958826e+00,4959,5574
923,1.702463e-01,1.584482e-01,1.591845e-01,7.045765e-01,6.716201e+01,2.637833e+01,9.310930e+00,9.096101e+00,4.446134e+00,4963,5580
924,1.691925e-01,1.607396e-01,1.594457e-01,7.656021e-01,6.868312e+01,3.764673e+01,9.298925e+00,9.327557e+00,4.296364e+00,4981,5556
925,1.705941e-01,1.607005e-01,1.610430e-01,8.468094e-01,8.414464e+01,2.913326e+01,9.597276e+00,1.040074e+01,5.298321e+00,4977,5544
926,1.724460e-01,1.640155e-01,1.617038e-01,7.878075e-01,7.254104e+01,3.035998e+01,9.829320e+00,1.103407e+01,4.656806e+00,4988,5583
927,1.730607e-01,1.611840e-01,1.652343e-01,8.001041e-01,7.172565e+01,3.860945e+01,1.026577e+01,1.136450e+01,4.407830e+00,5004,5538
928,1.728232e-01,1.624096e-01,1.646487e-01,8.582134e-01,8.201101e+01,8.642920e+01,1.119618e+01,1.529073e+01,5.397569e+00,5017,5499
929,1.715090e-01,1.633034e-01,1.634962e-01,8.925366e-01,8.711774e+01,3.429167e+01,1.476500e+01,1.573724e+01,4.981678e+00,5017,5498
930,1.720044e-01,1.640723e-01,1.645135e-01,9.138069e-01,8.406387e+01,8.785419e+01,1.432214e+01,1.476327e+01,6.068641e+00,5020,5467
931,1.739286e-01,1.643527e-01,1.652977e-01,9.273748e-01,9.118658e+01,2.963899e+01,1.439849e+01,1.742415e+01,5.424261e+00,5015,5501
932,1.741826e-01,1.656189e-01,1.662743e-01,9.492130e-01,8.490306e+01,3.407189e+01,1.626227e+01,1.683686e+01,4.807193e+00,5026,5476
933,1.746890e-01,1.641166e-01,1.666697e-01,9.955006e-01,1.043307e+02,3.534262e+01,1.548065e+01,1.851127e+01,5.785179e+00,5037,5468
934,1.736068e-01,1.660732e-01,1.647760e-01,1.054639e+00,9.614939e+01,3.323996e+01,1.692231e+01,1.582262e+01,5.214519e+00,4997,5479
935,1.750809e-01,1.688608e-01,1.643748e-01,1.194848e+00,8.797956e+01,8.512594e+01,1.672696e+01,2.070659e+01,6.328033e+00,4996,5472
936,1.804893e-01,1.680076e-01,1.633238e-01,9.369659e-01,9.466982e+01,3.611446e+01,1.899962e+01,1.841969e+01,5.635595e+00,4973,5539
937,1.841933e-01,1.697463e-01,1.672967e-01,8.508148e-01,8.772710e+01,9.213743e+01,1.785506e+01,1.938503e+01,4.792831e+00,4968,5545
938,1.894430e-01,1.725967e-01,1.689976e-01,8.015060e-01,1.444045e+02,3.623898e+01,1.757216e+01,1.900660e+01,5.864091e+00,4967,5528
939,1.912193e-01,1.731887e-01,1.705910e-01,9.131908e-01,8.365420e+01,6.594038e+01,1.652897e+01,1.634204e+01,5.086860e+00,4951,5557
940,1.946989e-01,1.770462e-01,1.698709e-01,8.634090e-01,8.195834e+01,3.346418e+01,1.548745e+01,1.845557e+01,5.906990e+00,4972,5535
941,1.949142e-01,1.780797e-01,1.699542e-01,8.387804e-01,1.206713e+02,3.762515e+01,1.573882e+01,1.668661e+01,5.285907e+00,4980,5524
942,1.975394e-01,1.806694e-01,1.695246e-01,1.384308e+00,1.057831e+02,5.713687e+01,1.468512e+01,1.566797e+01,6.284589e+00,4982,5537
943,2.022062e-01,1.822401e-01,1.699925e-01,8.755779e-01,9.096386e+01,4.529581e+01,1.406114e+01,1.577740e+01,5.443150e+00,4999,5509
944,2.057678e-01,1.857218e-01,1.733631e-01,8.412671e-01,1.510478e+02,3.901881e+01,1.372939e+01,1.460488e+01,6.495586e+00,5011,5458
945,2.096694e-01,1.857118e-01,1.705653e-01,7.745199e-01,9.481831e+01,4.166167e+01,1.326717e+01,1.472177e+01,5.560321e+00,5018,5455
946,2.090066e-01,1.878921e-01,1.707018e-01,1.405853e+00,9.705542e+01,4.216397e+01,1.296921e+01,1.424048e+01,6.487528e+00,5039,5394
947,2.119997e-01,1.888747e-01,1.764464e-01,8.115435e-01,1.201859e+02,3.283281e+01,1.258710e+01,1.361405e+01,5.871784e+00,5036,5414
948,2.123937e-01,1.906229e-01,1.768245e-01,1.173843e+00,9.976847e+01,3.958122e+01,1.252859e+01,1.312191e+01,6.216130e+00,5020,5414
949,2.096764e-01,1.886094e-01,1.716692e-01,1.367207e+00,1.075231e+02,3.623439e+01,1.222717e+01,1.273224e+01,5.904008e+00,4973,5503
950,2.141462e-01,1.919949e-01,1.719090e-01,7.892876e-01,9.279031e+01,3.410771e+01,1.229766e+01,1.201253e+01,6.952425e+00,4975,5504
951,2.145127e-01,1.916486e-01,1.759966e-01,1.096030e+00,9.396071e+01,3.689574e+01,1.244391e+01,1.232225e+01,5.801497e+00,4960,5544
952,2.166406e-01,1.909256e-01,1.725387e-01,1.534154e+00,8.099625e+01,3.729810e+01,1.186715e+01,1.101419e+01,6.667818e+00,4945,5550
953,2.177009e-01,1.924786e-01,1.731028e-01,9.902682e-01,9.720389e+01,3.520573e+01,1.205814e+01,1.141724e+01,6.003269e+00,4975,5563
954,2.163311e-01,1.930899e-01,1.727564e-01,1.156983e+00,8.534959e+01,4.091201e+01,1.217022e+01,1.081312e+01,6.152322e+00,5004,5487
955,2.154269e-01,1.923739e-01,1.720675e-01,9.994049e-01,6.969129e+01,3.802740e+01,1.192852e+01,1.025241e+01,5.984642e+00,4975,5505
956,2.145950e-01,1.928055e-01,1.702978e-01,1.213371e+00,8.477608e+01,3.578481e+01,1.228027e+01,1.001647e+01,6.922873e+00,4996,5481
957,2.134554e-01,1.912632e-01,1.705510e-01,1.447156e+00,7.949444e+01,3.724203e+01,1.209400e+01,1.004724e+01,5.718320e+00,5020,5475
958,2.113330e-01,1.907442e-01,1.700713e-01,6.296844e-01,7.269717e+01,3.366533e+01,1.210769e+01,9.736484e+00,6.370157e+00,4972,5514
959,2.118731e-01,1.915972e-01,1.692819e-01,6.740570e-01,6.826686e+01,3.010610e+01,1.222934e+01,1.001879e+01,5.940473e+00,4989,5448
960,2.113186e-01,1.883267e-01,1.680270e-01,6.937218e-01,7.299223e+01,2.792270e+01,1.201631e+01,1.018833e+01,5.559355e+00,4968,5537
961,2.112650e-01,1.893630e-01,1.496631e-01,7.134247e-01,5.518185e+01,3.247353e+01,1.212484e+01,9.939027e+00,5.731543e+00,4945,5569
962,2.098251e-01,1.886557e-01,1.638016e-01,7.160187e-01,7.382357e+01,3.048202e+01,1.188807e+01,9.588719e+00,6.431658e+00,4957,5568
963,2.073476e-01,1.840890e-01,1.636829e-01,7.019424e-01,5.049009e+01,2.468054e+01,1.180772e+01,9.682919e+00,5.267340e+00,4977,5556
964,2.055731e-01,1.857023e-01,1.636946e-01,7.115364e-01,5.702115e+01,3.249872e+01,1.202595e+01,9.783660e+00,5.651315e+00,4976,5475
965,2.041944e-01,1.858611e-01,1.645942e-01,7.026672e-01,5.409272e+01,3.051379e+01,1.187397e+01,9.640798e+00,5.497002e+00,4980,5440
966,2.029852e-01,1.824338e-01,1.634167e-01,6.801987e-01,4.760205e+01,2.296571e+01,1.186070e+01,9.903100e+00,6.282948e+00,5014,5451
967,2.018006e-01,1.805534e-01,1.620995e-01,6.656933e-01,6.341867e+01,2.122442e+01,1.152037e+01,9.020374e+00,5.098344e+00,5005,5479
968,2.017586e-01,1.818213e-01,1.608361e-01,6.701107e-01,5.179065e+01,2.509998e+01,1.142639e+01,9.215547e+00,5.554215e+00,5003,5483
969,1.978185e-01,1.798005e-01,1.587435e-01,6.650314e-01,5.214703e+01,2.334605e+01,1.130153e+01,9.027287e+00,4.453882e+00,4994,5468
970,1.967812e-01,1.762186e-01,1.573656e-01,6.553040e-01,5.402393e+01,2.689706e+01,1.136300e+01,9.277271e+00,4.733883e+00,4971,5559
971,1.942341e-01,1.734951e-01,1.562183e-01,6.674600e-01,4.168948e+01,2.515557e+01,1.148607e+01,8.555749e+00,4.774944e+00,4996,5534
972,1.930294e-01,1.754900e-01,1.551846e-01,6.645279e-01,4.107084e+01,1.994280e+01,1.137691e+01,8.677098e+00,5.351100e+00,5020,5478
973,1.902939e-01,1.752733e-01,1.544970e-01,6.548882e-01,3.666371e+01,2.529801e+01,1.116492e+01,8.155560e+00,4.441392e+00,4996,5486
974,1.882797e-01,1.733073e-01,1.538308e-01,6.634903e-01,4.191729e+01,2.029707e+01,1.091532e+01,8.465354e+00,4.783039e+00,5004,5482
975,1.858568e-01,1.702801e-01,1.531897e-01,6.591644e-01,3.787446e+01,1.882661e+01,1.090202e+01,8.269340e+00,5.274667e+00,5002,5477
976,1.846870e-01,1.669373e-01,1.524907e-01,6.436844e-01,3.454432e+01,1.742312e+01,1.092051e+01,8.476335e+00,4.071617e+00,4980,5514
977,1.822199e-01,1.661959e-01,1.516585e-01,6.327744e-01,3.680600e+01,2.049108e+01,1.082553e+01,7.578749e+00,4.219564e+00,4996,5523
978,1.801997e-01,1.674812e-01,1.516844e-01,6.232605e-01,3.245361e+01,1.913618e+01,1.062777e+01,7.491532e+00,4.759529e+00,4976,5576
979,1.781339e-01,1.672140e-01,1.508386e-01,6.199341e-01,3.268725e+01,1.864681e+01,1.043249e+01,7.553524e+00,4.064400e+00,4992,5546
980,1.756187e-01,1.662336e-01,1.501233e-01,6.136169e-01,3.432407e+01,2.069233e+01,1.042819e+01,7.683892e+00,4.490904e+00,4989,5536
981,1.737216e-01,1.649887e-01,1.492338e-01,6.010971e-01,3.439443e+01,1.672489e+01,1.025474e+01,7.153025e+00,3.746926e+00,4999,5529
982,1.720900e-01,1.625137e-01,1.484672e-01,5.973587e-01,2.880343e+01,1.450115e+01,1.013690e+01,7.600912e+00,4.065023e+00,4970,5543
983,1.697510e-01,1.605588e-01,1.476630e-01,5.944939e-01,3.452795e+01,1.793561e+01,1.010558e+01,7.206378e+00,3.784952e+00,4974,5555
984,1.678513e-01,1.588683e-01,1.463907e-01,5.916595e-01,3.271613e+01,1.648287e+01,1.008596e+01,6.614226e+00,4.632133e+00,4975,5552
985,1.660478e-01,1.574019e-01,1.457102e-01,5.935135e-01,3.031504e+01,1.799121e+01,1.003759e+01,6.787270e+00,3.857457e+00,4960,5585
986,1.642947e-01,1.563444e-01,1.457101e-01,5.981026e-01,3.053481e+01,1.867630e+01,1.000261e+01,7.057324e+00,4.670386e+00,4955,5574
987,1.627427e-01,1.557194e-01,1.456463e-01,5.992355e-01,3.422575e+01,1.787343e+01,1.002329e+01,6.733891e+00,3.882986e+00,4976,5516
988,1.607757e-01,1.559158e-01,1.454709e-01,5.971069e-01,3.059859e+01,3.198579e+01,9.970091e+00,6.746892e+00,3.434005e+00,4982,5494
989,1.593052e-01,1.558079e-01,1.455022e-01,5.922413e-01,3.734097e+01,1.557351e+01,9.917532e+00,6.936710e+00,3.937218e+00,4992,5480
990,1.593610e-01,1.556409e-01,1.454122e-01,5.840559e-01,3.502305e+01,1.660514e+01,9.835374e+00,6.477981e+00,3.365215e+00,5012,5491
991,1.593371e-01,1.546389e-01,1.455417e-01,5.803261e-01,3.120518e+01,2.019716e+01,9.827979e+00,6.377355e+00,4.014207e+00,4980,5533
992,1.591623e-01,1.545798e-01,1.454529e-01,5.822639e-01,2.955559e+01,2.020564e+01,9.849945e+00,6.687741e+00,3.439336e+00,4977,5553
993,1.589166e-01,1.535832e-01,1.452746e-01,5.819187e-01,3.433816e+01,2.008050e+01,9.882204e+00,6.371622e+00,4.425036e+00,4967,5573
994,1.586416e-01,1.532339e-01,1.457041e-01,5.784492e-01,3.298505e+01,2.042959e+01,9.857798e+00,6.075937e+00,3.820433e+00,4981,5538
995,1.584455e-01,1.526833e-01,1.458089e-01,5.726600e-01,3.856874e+01,1.898624e+01,9.786230e+00,6.339117e+00,3.531909e+00,5010,5491
996,1.590801e-01,1.519569e-01,1.461393e-01,5.647761e-01,3.438088e+01,2.440834e+01,9.711072e+00,6.264408e+00,4.285151e+00,5001,5471
997,1.594343e-01,1.510372e-01,1.466494e-01,5.551310e-01,3.098669e+01,2.545865e+01,9.671031e+00,5.777711e+00,3.768677e+00,4999,5507
998,1.594629e-01,1.507203e-01,1.475617e-01,5.435066e-01,3.262189e+01,2.362996e+01,9.544875e+00,6.328526e+00,3.632803e+00,4993,5503
999,1.592946e-01,1.509390e-01,1.479865e-01,5.411148e-01,3.632618e+01,2.331641e+01,9.572868e+00,6.485504e+00,4.460214e+00,4981,5527
1000,1.603343e-01,1.515655e-01,1.484894e-01,5.406618e-01,3.607979e+01,2.337795e+01,9.571111e+00,6.040515e+00,4.019428e+00,5007,5498
1001,1.613622e-01,1.538734e-01,1.493012e-01,5.382109e-01,4.035406e+01,1.939860e+01,9.599841e+00,6.381604e+00,3.984169e+00,4983,5532
1002,1.622689e-01,1.543600e-01,1.501406e-01,5.345612e-01,3.942265e+01,2.367071e+01,9.546332e+00,6.771155e+00,3.644951e+00,4972,5530
1003,1.628678e-01,1.531380e-01,1.508500e-01,5.330200e-01,3.926181e+01,2.101384e+01,9.558770e+00,6.451774e+00,4.510505e+00,4994,5475
1004,1.631608e-01,1.561066e-01,1.554083e-01,5.326385e-01,3.731545e+01,3.841764e+01,9.494641e+00,6.540024e+00,4.150023e+00,4998,5489
1005,1.630188e-01,1.592020e-01,1.530318e-01,5.312996e-01,4.673618e+01,2.743815e+01,9.567879e+00,7.009945e+00,4.072333e+00,4987,5523
1006,1.626839e-01,1.559134e-01,1.538111e-01,5.270462e-01,4.969785e+01,2.642304e+01,9.605737e+00,6.791245e+00,4.317094e+00,4960,5553
1007,1.640659e-01,1.599866e-01,1.564196e-01,5.340614e-01,4.476480e+01,4.523792e+01,9.696172e+00,7.572396e+00,4.697626e+00,4990,5541
1008,1.649909e-01,1.619604e-01,1.565517e-01,5.766087e-01,4.851872e+01,3.101572e+01,9.801239e+00,7.588384e+00,4.558770e+00,4981,5566
1009,1.654658e-01,1.598263e-01,1.571506e-01,6.271572e-01,6.123450e+01,3.038432e+01,9.863201e+00,7.963900e+00,4.533231e+00,4961,5558
1010,1.655056e-01,1.599996e-01,1.583781e-01,1.023190e+00,5.654744e+01,3.255480e+01,9.859579e+00,8.538472e+00,5.237695e+00,4983,5520
1011,1.649659e-01,1.678783e-01,1.600945e-01,7.368183e-01,5.835376e+01,3.444505e+01,9.826357e+00,9.159091e+00,5.024011e+00,4976,5520
1012,1.642393e-01,1.678046e-01,1.599572e-01,7.870970e-01,7.122191e+01,3.280447e+01,9.917788e+00,9.832938e+00,4.705176e+00,4975,5529
1013,1.653410e-01,1.663419e-01,1.631772e-01,8.138771e-01,7.813986e+01,3.287106e+01,1.018942e+01,1.034820e+01,5.694762e+00,4997,5503
1014,1.658016e-01,1.644841e-01,1.626087e-01,1.516201e+00,7.620039e+01,3.591734e+01,1.029622e+01,1.160004e+01,5.381633e+00,5002,5494
1015,1.658413e-01,1.666819e-01,1.628646e-01,8.480821e-01,9.212535e+01,3.388422e+01,1.106760e+01,1.336664e+01,4.721799e+00,4968,5507
1016,1.656004e-01,1.751475e-01,1.647157e-01,8.511648e-01,9.363879e+01,6.440229e+01,1.323606e+01,1.331381e+01,5.965067e+00,4984,5480
1017,1.652901e-01,1.682612e-01,1.640891e-01,8.874617e-01,9.705641e+01,3.656542e+01,1.301719e+01,1.526876e+01,5.508084e+00,4987,5513
1018,1.650695e-01,1.669302e-01,1.632796e-01,9.185619e-01,9.576568e+01,3.465722e+01,1.373705e+01,1.782988e+01,4.758184e+00,4948,5541
1019,1.659937e-01,1.740627e-01,1.633960e-01,9.102178e-01,1.205435e+02,3.268154e+01,1.676774e+01,1.654535e+01,5.958023e+00,4991,5505
1020,1.664577e-01,1.688020e-01,1.652479e-01,9.377069e-01,8.872990e+01,3.670505e+01,1.582210e+01,1.770940e+01,5.392572e+00,5012,5490
1021,1.664943e-01,1.697639e-01,1.653850e-01,9.260464e-01,8.430640e+01,8.572252e+01,1.634503e+01,1.618317e+01,6.718142e+00,4988,5508
1022,1.679803e-01,1.688023e-01,1.659220e-01,9.954400e-01,9.829985e+01,3.719640e+01,1.627846e+01,1.999942e+01,5.681576e+00,4995,5489
1023,1.708719e-01,1.708570e-01,1.664016e-01,9.254761e-01,8.897117e+01,6.340489e+01,1.754952e+01,1.902507e+01,5.076471e+00,4986,5494
1024,1.748740e-01,1.747161e-01,1.660239e-01,1.013206e+00,8.240283e+01,4.258612e+01,1.713970e+01,1.739743e+01,6.173698e+00,4980,5519
1025,1.793783e-01,1.756781e-01,1.675514e-01,9.724998e-01,1.090080e+02,7.098161e+01,1.661846e+01,1.956717e+01,5.397963e+00,4959,5527
1026,1.808588e-01,1.772420e-01,1.673032e-01,7.932663e-01,1.685715e+02,3.681163e+01,1.665003e+01,1.819370e+01,6.616710e+00,4977,5497
1027,1.833705e-01,1.783231e-01,1.719979e-01,1.083151e+00,8.152854e+01,4.593675e+01,1.583338e+01,1.754534e+01,5.510665e+00,4991,5525
1028,1.875400e-01,1.807329e-01,1.728562e-01,9.628067e-01,1.227671e+02,6.402315e+01,1.552728e+01,1.660486e+01,6.837308e+00,4980,5538
1029,1.906032e-01,1.833409e-01,1.733177e-01,1.108894e+00,1.298533e+02,3.190218e+01,1.450346e+01,1.560472e+01,5.953368e+00,4977,5502
1030,1.936388e-01,1.844803e-01,1.749497e-01,1.520012e+00,9.301090e+01,4.101809e+01,1.436102e+01,1.553216e+01,4.953558e+00,4967,5523
1031,1.966347e-01,1.877811e-01,1.749510e-01,8.261633e-01,1.504406e+02,3.733199e+01,1.406122e+01,1.657759e+01,6.238841e+00,4983,5489
1032,1.987857e-01,1.880556e-01,1.750267e-01,1.247208e+00,1.293304e+02,3.329965e+01,1.435977e+01,1.445753e+01,5.145070e+00,4967,5538
1033,1.984470e-01,1.899558e-01,1.765737e-01,1.102333e+00,8.756172e+01,3.641435e+01,1.400296e+01,1.430624e+01,6.230074e+00,4969,5511
1034,2.026089e-01,1.925498e-01,1.770143e-01,9.243202e-01,1.179349e+02,3.711479e+01,1.292353e+01,1.453070e+01,5.305192e+00,4965,5515
1035,2.062198e-01,1.939064e-01,1.740368e-01,8.176594e-01,1.050595e+02,3.520795e+01,1.315464e+01,1.381621e+01,6.259402e+00,4975,5513
1036,2.066433e-01,1.952592e-01,1.739082e-01,7.394180e-01,8.851105e+01,2.813647e+01,1.259811e+01,1.287965e+01,5.442101e+00,4975,5506
1037,2.102454e-01,1.955408e-01,1.786909e-01,7.065926e-01,8.244423e+01,2.509865e+01,1.245990e+01,1.256485e+01,6.538320e+00,4968,5515
1038,2.096321e-01,1.947197e-01,1.778115e-01,5.951233e-01,9.238260e+01,2.955349e+01,1.249041e+01,1.254437e+01,5.537761e+00,4990,5494
1039,2.094445e-01,1.961009e-01,1.722426e-01,1.149796e+00,8.352423e+01,2.773583e+01,1.236675e+01,1.167956e+01,6.624606e+00,4975,5516
1040,2.114227e-01,1.988031e-01,1.764459e-01,9.732590e-01,9.345650e+01,3.319150e+01,1.241348e+01,1.129366e+01,5.667974e+00,4982,5510
1041,2.102462e-01,1.957161e-01,1.759833e-01,6.125793e-01,8.512586e+01,3.211637e+01,1.256443e+01,1.115262e+01,6.453135e+00,5001,5491
1042,2.113985e-01,1.986804e-01,1.758490e-01,6.339111e-01,6.326405e+01,2.936656e+01,1.237712e+01,1.135027e+01,5.716669e+00,4996,5471
1043,2.106794e-01,1.975563e-01,1.712510e-01,1.232109e+00,8.952383e+01,3.444933e+01,1.224356e+01,1.059046e+01,6.663517e+00,4979,5499
1044,2.118142e-01,1.963919e-01,1.715404e-01,6.335144e-01,6.973548e+01,2.589170e+01,1.227490e+01,1.047398e+01,5.624446e+00,5008,5507
1045,2.091413e-01,1.980276e-01,1.723127e-01,6.625824e-01,7.875407e+01,2.500424e+01,1.243359e+01,1.048807e+01,6.643065e+00,4992,5518
1046,2.085914e-01,1.942463e-01,1.723532e-01,9.717331e-01,6.895222e+01,2.914812e+01,1.246432e+01,1.030773e+01,5.434364e+00,4992,5465
1047,2.088792e-01,1.947813e-01,1.737565e-01,9.010472e-01,6.649438e+01,3.084816e+01,1.271962e+01,1.002928e+01,6.272092e+00,5000,5421
1048,2.079130e-01,1.954226e-01,1.720436e-01,6.458817e-01,5.725021e+01,2.559663e+01,1.226070e+01,1.021066e+01,5.682064e+00,4994,5472
1049,2.075868e-01,1.918433e-01,1.688550e-01,6.380539e-01,7.037502e+01,3.029762e+01,1.214645e+01,1.036682e+01,6.480819e+00,4993,5504
1050,2.049311e-01,1.917824e-01,1.662046e-01,6.882515e-01,4.866049e+01,2.854258e+01,1.216139e+01,1.016565e+01,5.414554e+00,4991,5535
1051,2.035598e-01,1.910307e-01,1.638910e-01,7.094803e-01,6.399889e+01,2.115533e+01,1.223890e+01,1.041053e+01,6.282941e+00,4983,5506
1052,2.027261e-01,1.883859e-01,1.624883e-01,7.018051e-01,5.411320e+01,2.509697e+01,1.221416e+01,9.731379e+00,5.099538e+00,4996,5535
1053,2.015414e-01,1.846012e-01,1.612850e-01,7.187729e-01,4.411330e+01,2.816242e+01,1.193738e+01,9.792603e+00,5.774832e+00,5007,5506
1054,1.994352e-01,1.868829e-01,1.599135e-01,7.173615e-01,5.408076e+01,2.185424e+01,1.192522e+01,9.654659e+00,5.275148e+00,5024,5479
1055,1.978941e-01,1.864622e-01,1.590979e-01,6.949768e-01,4.728752e+01,2.592455e+01,1.174107e+01,9.949711e+00,5.896597e+00,5038,5458
1056,1.971367e-01,1.851159e-01,1.582843e-01,6.915379e-01,4.908186e+01,2.429621e+01,1.158613e+01,9.334546e+00,4.838948e+00,4982,5450
1057,1.957603e-01,1.799691e-01,1.576113e-01,6.663132e-01,4.331224e+01,2.077592e+01,1.145887e+01,9.706766e+00,5.571696e+00,4981,5455
1058,1.929747e-01,1.786394e-01,1.571061e-01,6.536789e-01,4.542824e+01,1.599490e+01,1.146409e+01,8.679463e+00,4.514410e+00,4985,5507
1059,1.909675e-01,1.800627e-01,1.568100e-01,6.666412e-01,4.667445e+01,1.973077e+01,1.142785e+01,8.988225e+00,5.096796e+00,4991,5552
1060,1.908671e-01,1.799162e-01,1.562652e-01,6.645508e-01,3.935154e+01,1.833765e+01,1.134844e+01,8.942390e+00,5.861597e+00,5028,5517
1061,1.892396e-01,1.781206e-01,1.561819e-01,6.513062e-01,4.382659e+01,2.178224e+01,1.114988e+01,9.037080e+00,5.101832e+00,5001,5546
1062,1.871413e-01,1.757864e-01,1.556407e-01,6.560507e-01,4.038434e+01,2.039071e+01,1.086402e+01,8.319529e+00,4.240727e+00,4997,5534
1063,1.856097e-01,1.724286e-01,1.551952e-01,6.148834e-01,3.972033e+01,1.819596e+01,1.085300e+01,8.718717e+00,4.926939e+00,5027,5471
1064,1.838538e-01,1.683799e-01,1.545667e-01,6.089363e-01,3.701680e+01,1.397765e+01,1.072225e+01,7.845511e+00,4.110762e+00,5001,5459
1065,1.827461e-01,1.692013e-01,1.544618e-01,5.967064e-01,4.128671e+01,2.284037e+01,1.051838e+01,7.970532e+00,4.703825e+00,4968,5502
1066,1.797820e-01,1.695388e-01,1.538380e-01,6.096420e-01,3.225006e+01,1.551637e+01,1.048297e+01,8.047871e+00,5.554299e+00,4978,5555
1067,1.793251e-01,1.698073e-01,1.517794e-01,6.201706e-01,3.943506e+01,1.446728e+01,1.046766e+01,8.182801e+00,4.501104e+00,4998,5536
1068,1.774174e-01,1.690656e-01,1.507085e-01,6.196213e-01,3.890712e+01,1.748842e+01,1.042534e+01,7.555146e+00,3.889889e+00,5008,5489
1069,1.742252e-01,1.680515e-01,1.520381e-01,6.104279e-01,3.281627e+01,1.649110e+01,1.031574e+01,7.911068e+00,4.620826e+00,5011,5489
1070,1.724347e-01,1.665643e-01,1.512321e-01,6.068268e-01,3.440725e+01,1.809978e+01,1.033546e+01,7.453539e+00,3.994028e+00,5007,5516
1071,1.698831e-01,1.648656e-01,1.507097e-01,6.033821e-01,3.514025e+01,1.965999e+01,1.024957e+01,6.917184e+00,4.665211e+00,5021,5540
1072,1.691571e-01,1.631848e-01,1.496746e-01,5.956421e-01,2.995136e+01,2.710986e+01,1.009556e+01,7.158790e+00,4.070414e+00,4999,5537
1073,1.669173e-01,1.617477e-01,1.485139e-01,6.001015e-01,3.308400e+01,1.361517e+01,1.020907e+01,7.262953e+00,4.780055e+00,4981,5547
1074,1.648237e-01,1.601288e-01,1.493192e-01,6.047173e-01,3.551466e+01,1.646600e+01,1.025319e+01,6.958896e+00,4.001672e+00,4963,5555
1075,1.635912e-01,1.594100e-01,1.471540e-01,6.050644e-01,3.282527e+01,1.596346e+01,1.027704e+01,7.091633e+00,3.532708e+00,4985,5516
1076,1.611992e-01,1.582178e-01,1.469095e-01,6.019554e-01,3.127515e+01,1.833333e+01,1.023524e+01,7.189375e+00,4.126594e+00,4988,5504
1077,1.603368e-01,1.574469e-01,1.485618e-01,5.963421e-01,3.150942e+01,1.897637e+01,1.015652e+01,6.534041e+00,3.499192e+00,5002,5477
1078,1.594600e-01,1.563774e-01,1.486470e-01,5.885963e-01,3.049370e+01,1.541923e+01,1.004377e+01,6.896501e+00,3.972574e+00,5002,5491
1079,1.596714e-01,1.555515e-01,1.486467e-01,5.817299e-01,3.411936e+01,3.539333e+01,9.974305e+00,6.926944e+00,3.784741e+00,4991,5495
1080,1.603036e-01,1.553623e-01,1.485736e-01,5.855331e-01,3.298758e+01,1.879908e+01,9.995601e+00,6.428267e+00,4.407715e+00,4995,5531
1081,1.613526e-01,1.552675e-01,1.480409e-01,5.874481e-01,3.307061e+01,1.900253e+01,1.001563e+01,6.715856e+00,3.746970e+00,4995,5526
1082,1.620188e-01,1.542370e-01,1.484827e-01,5.869770e-01,3.242331e+01,2.639134e+01,9.983805e+00,6.798970e+00,4.901221e+00,4995,5536
1083,1.621752e-01,1.542819e-01,1.487771e-01,5.840468e-01,3.302033e+01,3.337365e+01,9.969138e+00,6.375770e+00,4.265745e+00,4995,5517
1084,1.621618e-01,1.543685e-01,1.491868e-01,5.787730e-01,3.623246e+01,3.065517e+01,9.890962e+00,6.596898e+00,3.991473e+00,5018,5519
1085,1.633833e-01,1.546232e-01,1.497425e-01,5.716925e-01,3.682533e+01,2.682687e+01,9.777503e+00,6.675323e+00,4.892771e+00,5017,5501
1086,1.647614e-01,1.546519e-01,1.519897e-01,5.628920e-01,3.522537e+01,2.478311e+01,9.660573e+00,6.259221e+00,4.322892e+00,5003,5503
1087,1.662122e-01,1.547110e-01,1.527065e-01,5.623932e-01,3.410244e+01,3.233418e+01,9.744211e+00,6.504192e+00,4.120098e+00,5031,5472
1088,1.672711e-01,1.547317e-01,1.530552e-01,5.613327e-01,3.455535e+01,2.804424e+01,9.771460e+00,6.658139e+00,3.656655e+00,5019,5526
1089,1.677568e-01,1.555465e-01,1.539793e-01,5.567837e-01,4.001073e+01,3.806431e+01,9.732573e+00,6.368906e+00,4.580416e+00,5008,5522
1090,1.673718e-01,1.556183e-01,1.555630e-01,5.527663e-01,4.090958e+01,2.613976e+01,9.738078e+00,6.596968e+00,4.076299e+00,5011,5501
1091,1.680444e-01,1.567840e-01,1.566321e-01,5.696106e-01,3.905597e+01,3.384475e+01,9.824675e+00,6.821510e+00,3.974914e+00,5017,5494
1092,1.699561e-01,1.578633e-01,1.576990e-01,5.874329e-01,4.069296e+01,2.234870e+01,9.859084e+00,6.664373e+00,4.961843e+00,5012,5495
1093,1.712084e-01,1.585266e-01,1.586851e-01,6.507511e-01,5.170651e+01,4.175356e+01,9.798043e+00,6.837501e+00,4.456969e+00,5011,5493
1094,1.718621e-01,1.602299e-01,1.594269e-01,6.028824e-01,5.029419e+01,3.015194e+01,1.004299e+01,7.184221e+00,4.339408e+00,5006,5494
1095,1.716063e-01,1.602911e-01,1.622475e-01,6.033173e-01,4.822716e+01,3.867770e+01,1.015336e+01,7.496192e+00,5.402152e+00,4996,5506
1096,1.703146e-01,1.610789e-01,1.621979e-01,6.044731e-01,5.797501e+01,5.138775e+01,1.006211e+01,8.004648e+00,4.817171e+00,4985,5540
1097,1.723623e-01,1.627619e-01,1.627145e-01,6.315517e-01,6.411692e+01,3.047964e+01,9.969556e+00,8.257999e+00,4.657474e+00,4982,5533
1098,1.739868e-01,1.633815e-01,1.655760e-01,6.795559e-01,5.537059e+01,5.076340e+01,1.003253e+01,8.780551e+00,5.781053e+00,4992,5523
1099,1.744882e-01,1.639574e-01,1.652571e-01,7.705498e-01,6.462487e+01,2.536882e+01,1.023184e+01,9.986425e+00,5.080477e+00,4967,5516
1100,1.741050e-01,1.670594e-01,1.660028e-01,7.929258e-01,7.343383e+01,3.698509e+01,1.036825e+01,1.010838e+01,4.847038e+00,4953,5534
1101,1.726400e-01,1.685952e-01,1.680031e-01,8.305931e-01,8.159119e+01,3.487032e+01,1.038094e+01,1.107172e+01,5.976576e+00,4958,5536
1102,1.741275e-01,1.664458e-01,1.679129e-01,8.386669e-01,6.630766e+01,2.572161e+01,1.019650e+01,1.322793e+01,5.152481e+00,4965,5549
1103,1.756031e-01,1.691479e-01,1.708084e-01,8.727465e-01,8.610143e+01,3.734925e+01,1.205538e+01,1.286790e+01,4.782881e+00,4968,5541
1104,1.754766e-01,1.685869e-01,1.699861e-01,1.072071e+00,8.701382e+01,3.482623e+01,1.218493e+01,1.525636e+01,5.880417e+00,5002,5502
1105,1.745918e-01,1.691866e-01,1.701520e-01,9.355431e-01,9.118385e+01,8.761464e+01,1.330634e+01,1.568326e+01,5.130896e+00,4993,5523
1106,1.727952e-01,1.704886e-01,1.684244e-01,9.494610e-01,1.068462e+02,3.699235e+01,1.456790e+01,1.508239e+01,6.450075e+00,4973,5550
1107,1.744622e-01,1.703091e-01,1.695379e-01,9.247408e-01,1.023431e+02,3.430763e+01,1.469526e+01,1.943215e+01,5.725811e+00,4991,5521
1108,1.769955e-01,1.725787e-01,1.700558e-01,9.660530e-01,9.326009e+01,3.918403e+01,1.769626e+01,1.802900e+01,4.970513e+00,5006,5507
1109,1.823450e-01,1.710368e-01,1.712151e-01,9.822884e-01,8.122332e+01,3.800668e+01,1.675646e+01,1.758886e+01,6.244921e+00,5024,5480
1110,1.845764e-01,1.729363e-01,1.707129e-01,9.533510e-01,1.017732e+02,7.078259e+01,1.582230e+01,1.832752e+01,5.323117e+00,5047,5416
1111,1.875097e-01,1.747942e-01,1.703430e-01,1.290383e+00,8.777522e+01,3.989574e+01,1.611571e+01,1.925170e+01,6.416303e+00,5018,5424
1112,1.868645e-01,1.745071e-01,1.702408e-01,9.882545e-01,8.524377e+01,7.800143e+01,1.733931e+01,1.717411e+01,5.675041e+00,5008,5472
1113,1.912611e-01,1.764849e-01,1.706430e-01,9.999428e-01,9.241528e+01,2.833402e+01,1.637437e+01,1.965518e+01,6.638439e+00,4984,5492
1114,1.958798e-01,1.794493e-01,1.747448e-01,8.885002e-01,9.844814e+01,3.369077e+01,1.709601e+01,1.689845e+01,5.823957e+00,4996,5491
1115,2.012992e-01,1.800729e-01,1.771389e-01,7.908964e-01,7.782320e+01,6.949541e+01,1.566222e+01,1.692536e+01,6.805144e+00,4977,5504
1116,2.025485e-01,1.838350e-01,1.766618e-01,8.710861e-01,7.322894e+01,5.628801e+01,1.538131e+01,1.705622e+01,6.002025e+00,4969,5518
1117,2.050137e-01,1.854830e-01,1.773622e-01,8.749247e-01,7.540279e+01,3.472219e+01,1.503576e+01,1.537196e+01,7.216263e+00,4966,5535
1118,2.025441e-01,1.877705e-01,1.789052e-01,7.554150e-01,7.129749e+01,6.001290e+01,1.416380e+01,1.586669e+01,6.208588e+00,4957,5563
1119,2.069694e-01,1.894229e-01,1.778208e-01,9.725494e-01,9.254244e+01,3.797263e+01,1.415212e+01,1.499755e+01,7.377420e+00,4956,5546
1120,2.102992e-01,1.924558e-01,1.785652e-01,8.251076e-01,1.087807e+02,3.576564e+01,1.356129e+01,1.430021e+01,6.281877e+00,4966,5554
1121,2.148845e-01,1.924330e-01,1.771083e-01,1.153824e+00,9.473083e+01,3.422392e+01,1.325655e+01,1.504565e+01,7.343359e+00,4985,5519
1122,2.166882e-01,1.940948e-01,1.785812e-01,8.769989e-01,1.243101e+02,3.889521e+01,1.322321e+01,1.311784e+01,6.457229e+00,4991,5452
1123,2.191857e-01,1.958202e-01,1.797617e-01,1.160866e+00,1.008028e+02,3.665427e+01,1.259870e+01,1.327762e+01,7.033864e+00,5015,5445
1124,2.211087e-01,1.958666e-01,1.797955e-01,6.730042e-01,9.122645e+01,3.911713e+01,1.232223e+01,1.297574e+01,6.479487e+00,5024,5442
1125,2.167543e-01,1.958311e-01,1.756000e-01,6.566772e-01,9.439861e+01,3.963107e+01,1.225448e+01,1.242666e+01,5.343189e+00,5007,5453
1126,2.197945e-01,1.980000e-01,1.797582e-01,7.096291e-01,9.532309e+01,3.013760e+01,1.243393e+01,1.229940e+01,6.354710e+00,4984,5499
1127,2.205358e-01,1.959732e-01,1.808116e-01,8.904190e-01,7.387462e+01,3.582119e+01,1.250632e+01,1.144478e+01,7.278958e+00,4959,5569
1128,2.216532e-01,1.983108e-01,1.803780e-01,6.645279e-01,9.900629e+01,3.313813e+01,1.231055e+01,1.072352e+01,6.387013e+00,4979,5534
1129,2.227435e-01,1.961973e-01,1.771468e-01,6.736526e-01,8.955992e+01,3.094397e+01,1.207549e+01,1.081279e+01,6.729167e+00,4973,5546
1130,2.204018e-01,1.976749e-01,1.778013e-01,1.209579e+00,6.596444e+01,3.590540e+01,1.239944e+01,1.093611e+01,6.375676e+00,4978,5543
1131,2.197389e-01,1.959774e-01,1.773822e-01,6.074219e-01,8.897765e+01,3.372323e+01,1.222292e+01,1.077627e+01,7.349030e+00,5007,5497
1132,2.189221e-01,1.972558e-01,1.765059e-01,7.524452e-01,6.873005e+01,3.883072e+01,1.270763e+01,1.070430e+01,6.050408e+00,5027,5453
1133,2.175142e-01,1.960604e-01,1.730503e-01,6.807299e-01,8.474998e+01,2.261196e+01,1.242477e+01,1.032917e+01,6.765830e+00,4970,5518
1134,2.166114e-01,1.948126e-01,1.735029e-01,6.646919e-01,7.746351e+01,2.735833e+01,1.222203e+01,1.061590e+01,6.150945e+00,5000,5499
1135,2.164202e-01,1.951718e-01,1.730985e-01,6.749153e-01,6.298417e+01,3.444336e+01,1.264758e+01,1.086503e+01,5.978827e+00,4994,5504
1136,2.155160e-01,1.923896e-01,1.725463e-01,8.977050e-01,7.404570e+01,3.080012e+01,1.225093e+01,1.049104e+01,5.902468e+00,4985,5477
1137,2.143483e-01,1.924943e-01,1.735275e-01,9.836006e-01,6.238853e+01,2.777368e+01,1.236129e+01,1.059413e+01,6.658524e+00,4992,5476
1138,2.127384e-01,1.928440e-01,1.722936e-01,6.677818e-01,6.681783e+01,3.004772e+01,1.225354e+01,1.013134e+01,5.486441e+00,5028,5438
1139,2.097228e-01,1.892185e-01,1.690454e-01,6.867523e-01,6.037452e+01,2.991652e+01,1.212568e+01,1.041078e+01,5.886272e+00,5016,5475
1140,2.075723e-01,1.882202e-01,1.662619e-01,7.041206e-01,5.847346e+01,2.780033e+01,1.209339e+01,1.025837e+01,6.471599e+00,5040,5478
1141,2.078117e-01,1.894651e-01,1.641816e-01,7.133198e-01,4.782981e+01,2.576409e+01,1.207462e+01,1.048981e+01,6.317530e+00,5020,5450
1142,2.074576e-01,1.875240e-01,1.627043e-01,7.034016e-01,5.557819e+01,2.812935e+01,1.192741e+01,9.436066e+00,5.139407e+00,5004,5491
1143,2.052495e-01,1.840366e-01,1.613124e-01,6.792526e-01,4.330582e+01,2.225179e+01,1.171381e+01,9.767342e+00,5.685911e+00,5005,5532
1144,2.036410e-01,1.826895e-01,1.599090e-01,6.797791e-01,4.539713e+01,2.707776e+01,1.155898e+01,9.712594e+00,6.335091e+00,4981,5576
1145,1.999073e-01,1.838583e-01,1.589850e-01,6.702614e-01,4.125836e+01,2.404130e+01,1.137152e+01,9.752499e+00,4.896298e+00,4949,5574
1146,1.973893e-01,1.820420e-01,1.581216e-01,6.770020e-01,3.858202e+01,2.229044e+01,1.137026e+01,9.704135e+00,5.175812e+00,4957,5573
1147,1.968440e-01,1.797264e-01,1.573981e-01,6.760025e-01,4.750866e+01,2.292238e+01,1.141099e+01,9.334466e+00,5.479948e+00,4968,5500
1148,1.938567e-01,1.762188e-01,1.567623e-01,6.605911e-01,4.283418e+01,2.378287e+01,1.143618e+01,8.832653e+00,5.991484e+00,4973,5487
1149,1.912383e-01,1.745281e-01,1.561445e-01,6.481476e-01,3.775926e+01,1.746588e+01,1.126543e+01,8.891769e+00,4.911922e+00,4995,5513
1150,1.887831e-01,1.759042e-01,1.557557e-01,6.471176e-01,3.409560e+01,1.601840e+01,1.102276e+01,9.192153e+00,5.355208e+00,4997,5526
1151,1.876520e-01,1.753366e-01,1.552559e-01,6.341629e-01,3.945774e+01,2.086389e+01,1.078729e+01,8.664829e+00,4.810491e+00,5012,5544
1152,1.855991e-01,1.744999e-01,1.550002e-01,6.200714e-01,3.605251e+01,1.766919e+01,1.076195e+01,8.543781e+00,4.452074e+00,4989,5561
1153,1.820243e-01,1.724230e-01,1.545949e-01,6.090317e-01,3.355371e+01,1.632113e+01,1.065533e+01,8.362698e+00,4.829547e+00,4984,5540
1154,1.797375e-01,1.699808e-01,1.544777e-01,6.113672e-01,3.693557e+01,1.917728e+01,1.048792e+01,8.058822e+00,5.359625e+00,4987,5540
1155,1.781615e-01,1.669063e-01,1.542010e-01,6.148911e-01,3.232888e+01,1.789690e+01,1.042676e+01,7.918410e+00,4.548754e+00,4975,5531
1156,1.763554e-01,1.646475e-01,1.536030e-01,6.218338e-01,3.221273e+01,2.708230e+01,1.036075e+01,8.407519e+00,5.006809e+00,4977,5525
1157,1.735435e-01,1.650981e-01,1.534663e-01,6.196365e-01,3.255929e+01,1.939940e+01,1.035946e+01,7.915183e+00,4.253302e+00,4992,5516
1158,1.709279e-01,1.656823e-01,1.528036e-01,6.207008e-01,3.089556e+01,2.069896e+01,1.034514e+01,7.650415e+00,3.621221e+00,4973,5535
1159,1.693138e-01,1.649984e-01,1.521898e-01,6.184711e-01,3.261226e+01,1.867660e+01,1.031480e+01,7.787579e+00,4.294863e+00,4963,5547
1160,1.674357e-01,1.650216e-01,1.515872e-01,6.126633e-01,3.415348e+01,1.673694e+01,1.026143e+01,7.268857e+00,5.224155e+00,4959,5567
1161,1.658954e-01,1.637100e-01,1.511205e-01,6.169701e-01,2.989137e+01,1.570277e+01,1.025021e+01,7.128919e+00,4.338910e+00,4975,5563
1162,1.642216e-01,1.635262e-01,1.505071e-01,6.226845e-01,2.928079e+01,1.697032e+01,1.033076e+01,7.552463e+00,5.239608e+00,4970,5559
1163,1.631185e-01,1.619432e-01,1.498055e-01,6.239777e-01,3.206598e+01,1.813834e+01,1.039587e+01,7.480887e+00,4.351390e+00,4978,5523
1164,1.628379e-01,1.615442e-01,1.500392e-01,6.218185e-01,3.329931e+01,3.379484e+01,1.038712e+01,6.859643e+00,3.911840e+00,5000,5509
1165,1.621216e-01,1.602034e-01,1.500171e-01,6.189651e-01,3.054062e+01,1.981556e+01,1.033563e+01,7.364858e+00,4.173492e+00,4996,5497
1166,1.621455e-01,1.597014e-01,1.499186e-01,6.140442e-01,3.684483e+01,3.702321e+01,1.025157e+01,7.196994e+00,3.825653e+00,4978,5524
1167,1.622121e-01,1.587802e-01,1.499361e-01,6.059074e-01,3.340854e+01,2.118470e+01,1.018800e+01,6.566216e+00,4.521430e+00,4978,5577
1168,1.623302e-01,1.576105e-01,1.499568e-01,6.067390e-01,3.383651e+01,1.985236e+01,1.019373e+01,7.147084e+00,3.852671e+00,4978,5565
1169,1.623763e-01,1.573510e-01,1.499841e-01,6.089830e-01,3.178896e+01,2.053108e+01,1.024517e+01,6.955977e+00,4.940791e+00,4985,5565
1170,1.620452e-01,1.565377e-01,1.504256e-01,6.087847e-01,3.391036e+01,3.452340e+01,1.032327e+01,6.385654e+00,4.250535e+00,4997,5558
1171,1.619719e-01,1.558774e-01,1.507919e-01,6.058788e-01,3.283565e+01,1.999422e+01,1.034866e+01,6.830276e+00,3.929622e+00,4998,5509
1172,1.620005e-01,1.559894e-01,1.537028e-01,6.007093e-01,3.784003e+01,3.803626e+01,1.031093e+01,6.830164e+00,4.774202e+00,4987,5506
1173,1.619734e-01,1.561401e-01,1.516280e-01,5.931807e-01,3.228836e+01,2.623709e+01,1.023040e+01,6.349415e+00,4.187193e+00,5021,5486
1174,1.623575e-01,1.546618e-01,1.525560e-01,5.851030e-01,3.281769e+01,2.401683e+01,1.009803e+01,6.831733e+00,4.056791e+00,5004,5529
1175,1.638883e-01,1.551594e-01,1.529922e-01,5.869074e-01,3.718530e+01,2.248357e+01,1.018238e+01,7.096214e+00,4.954664e+00,4978,5540
1176,1.649341e-01,1.573239e-01,1.570742e-01,5.863810e-01,3.592946e+01,3.726863e+01,1.023364e+01,6.603981e+00,4.451930e+00,4992,5526
1177,1.655543e-01,1.593404e-01,1.544423e-01,5.834780e-01,4.150386e+01,2.500659e+01,1.022881e+01,6.963392e+00,4.377909e+00,4986,5554
1178,1.657004e-01,1.598208e-01,1.552510e-01,5.776346e-01,4.108116e+01,2.523936e+01,1.024763e+01,7.382103e+00,3.986156e+00,4960,5577
1179,1.653348e-01,1.587473e-01,1.558976e-01,5.745640e-01,4.039694e+01,1.929567e+01,1.030730e+01,6.951549e+00,4.898331e+00,4966,5556
1180,1.651686e-01,1.618062e-01,1.610983e-01,5.980225e-01,3.845085e+01,3.962276e+01,1.038189e+01,7.238996e+00,4.479881e+00,4988,5533
1181,1.666222e-01,1.645860e-01,1.580714e-01,6.185074e-01,4.815119e+01,2.717163e+01,1.034766e+01,7.594783e+00,4.346339e+00,4973,5534
1182,1.676610e-01,1.642667e-01,1.587711e-01,1.053085e+00,5.093185e+01,2.775045e+01,1.042364e+01,7.216043e+00,4.535074e+00,4967,5572
1183,1.681285e-01,1.661581e-01,1.657182e-01,6.372700e-01,4.648060e+01,4.715853e+01,1.062223e+01,7.917869e+00,4.944242e+00,4985,5559
1184,1.679649e-01,1.677192e-01,1.611948e-01,6.507473e-01,5.729446e+01,3.292778e+01,1.058921e+01,7.861293e+00,5.452170e+00,4962,5569
1185,1.672460e-01,1.687296e-01,1.619992e-01,6.555424e-01,6.245158e+01,3.185031e+01,1.047460e+01,8.424598e+00,4.666122e+00,4964,5555
1186,1.668666e-01,1.701894e-01,1.633653e-01,7.303848e-01,5.808096e+01,3.297849e+01,1.048299e+01,9.036391e+00,5.380060e+00,4988,5505
1187,1.680653e-01,1.675448e-01,1.725435e-01,7.514105e-01,6.076411e+01,5.950402e+01,1.064040e+01,9.908888e+00,5.548443e+00,4978,5506
1188,1.686799e-01,1.725920e-01,1.679157e-01,7.930436e-01,7.455228e+01,3.351500e+01,1.088803e+01,1.084480e+01,4.709120e+00,4977,5518
1189,1.686548e-01,1.717752e-01,1.672429e-01,1.145824e+00,7.166884e+01,3.120901e+01,1.108839e+01,1.112624e+01,5.702148e+00,4981,5511
1190,1.681969e-01,1.689609e-01,1.684657e-01,8.371372e-01,7.699092e+01,3.636289e+01,1.110944e+01,1.286202e+01,5.463288e+00,4962,5510
1191,1.673424e-01,1.759467e-01,1.667585e-01,8.542976e-01,9.912564e+01,3.471059e+01,1.175897e+01,1.364452e+01,6.643495e+00,4965,5523
1192,1.671920e-01,1.790478e-01,1.683542e-01,9.049511e-01,7.599485e+01,3.878199e+01,1.340841e+01,1.386965e+01,5.804020e+00,4978,5521
1193,1.678312e-01,1.723239e-01,1.679230e-01,9.614840e-01,1.026390e+02,3.657790e+01,1.335900e+01,1.706821e+01,5.305116e+00,4971,5509
1194,1.678574e-01,1.715644e-01,1.669516e-01,9.983854e-01,9.420510e+01,3.400772e+01,1.511172e+01,1.748177e+01,6.563111e+00,4968,5508
1195,1.675967e-01,1.731718e-01,1.678673e-01,1.016216e+00,9.517200e+01,7.040916e+01,1.613968e+01,1.716205e+01,5.939563e+00,4988,5489
1196,1.699138e-01,1.724884e-01,1.698715e-01,9.694767e-01,9.046472e+01,3.640824e+01,1.615846e+01,1.728827e+01,6.358234e+00,4995,5487
1197,1.717406e-01,1.746579e-01,1.701042e-01,8.721848e-01,9.635596e+01,8.138805e+01,1.573170e+01,1.747290e+01,6.189311e+00,4992,5509
1198,1.747749e-01,1.744719e-01,1.706597e-01,8.851948e-01,8.906764e+01,6.925970e+01,1.576601e+01,2.025043e+01,5.525335e+00,4973,5513
1199,1.777276e-01,1.776984e-01,1.706523e-01,8.808498e-01,8.603409e+01,3.002192e+01,1.713602e+01,1.618790e+01,6.699591e+00,5018,5477
1200,1.826542e-01,1.805115e-01,1.720953e-01,8.818207e-01,7.603259e+01,7.708335e+01,1.683189e+01,1.968353e+01,5.855714e+00,4974,5527
1201,1.857366e-01,1.807294e-01,1.726964e-01,8.031940e-01,1.461718e+02,3.248898e+01,1.690541e+01,1.733078e+01,7.121990e+00,4983,5507
1202,1.858498e-01,1.828713e-01,1.727250e-01,1.205723e+00,7.706736e+01,5.218530e+01,1.605368e+01,1.686920e+01,5.843126e+00,4975,5529
1203,1.911421e-01,1.849540e-01,1.773678e-01,9.157610e-01,1.276149e+02,3.816390e+01,1.576109e+01,1.511256e+01,7.174406e+00,4972,5501
1204,1.942631e-01,1.873007e-01,1.791052e-01,1.137756e+00,1.116828e+02,3.311431e+01,1.444171e+01,1.616025e+01,6.238461e+00,4985,5538
1205,1.967269e-01,1.878935e-01,1.753484e-01,1.843276e+00,9.533543e+01,4.612982e+01,1.520000e+01,1.548997e+01,5.210352e+00,4983,5483
1206,2.009750e-01,1.903869e-01,1.803872e-01,1.446274e+00,1.303402e+02,3.649538e+01,1.391912e+01,1.607726e+01,6.531129e+00,4972,5528
1207,2.022945e-01,1.939748e-01,1.803540e-01,7.783318e-01,1.213518e+02,3.447795e+01,1.474898e+01,1.431227e+01,5.369461e+00,4971,5474
1208,2.024555e-01,1.946810e-01,1.778523e-01,1.463707e+00,8.887006e+01,4.440950e+01,1.357270e+01,1.448552e+01,6.431195e+00,4981,5479
1209,2.049175e-01,1.947139e-01,1.826672e-01,6.697502e-01,1.251358e+02,3.793076e+01,1.310683e+01,1.337056e+01,5.437117e+00,4959,5502
1210,2.093667e-01,1.953891e-01,1.826791e-01,1.433519e+00,9.815146e+01,3.591068e+01,1.316090e+01,1.353610e+01,6.639760e+00,4971,5498
1211,2.105729e-01,2.007504e-01,1.799581e-01,1.059248e+00,8.135629e+01,4.131612e+01,1.294197e+01,1.311784e+01,5.563741e+00,4978,5502
1212,2.128126e-01,1.985893e-01,1.803105e-01,8.387794e-01,1.064710e+02,3.206511e+01,1.257236e+01,1.276093e+01,6.859534e+00,4973,5513
1213,2.142047e-01,2.019019e-01,1.798335e-01,9.767628e-01,8.807349e+01,3.006682e+01,1.244587e+01,1.232416e+01,5.572261e+00,4987,5469
1214,2.122717e-01,1.992592e-01,1.785662e-01,1.347652e+00,7.870040e+01,3.750661e+01,1.258976e+01,1.196323e+01,6.638212e+00,4963,5543
1215,2.152653e-01,2.015956e-01,1.788719e-01,1.396778e+00,9.625555e+01,3.349706e+01,1.251980e+01,1.106192e+01,5.654938e+00,4980,5496
1216,2.158065e-01,1.990241e-01,1.788787e-01,5.768280e-01,7.404110e+01,3.149785e+01,1.280207e+01,1.132771e+01,6.543207e+00,5016,5494
1217,2.148848e-01,2.015332e-01,1.819337e-01,1.216352e+00,8.754031e+01,3.654503e+01,1.265761e+01,1.074069e+01,5.677758e+00,5019,5443
1218,2.141210e-01,2.007345e-01,1.775300e-01,1.172678e+00,7.353005e+01,3.644842e+01,1.250423e+01,1.107267e+01,6.512160e+00,5004,5493
1219,2.151276e-01,1.994171e-01,1.747804e-01,9.182816e-01,8.001291e+01,2.580222e+01,1.276916e+01,1.078989e+01,5.534235e+00,4988,5529
1220,2.131962e-01,2.003493e-01,1.749189e-01,6.977081e-01,6.808558e+01,2.386670e+01,1.257637e+01,1.125949e+01,6.645844e+00,4978,5509
1221,2.125860e-01,1.982943e-01,1.757637e-01,7.079506e-01,6.348242e+01,2.883248e+01,1.265874e+01,1.044642e+01,5.316497e+00,4986,5544
1222,2.132695e-01,1.976560e-01,1.753441e-01,7.294464e-01,4.995378e+01,2.694767e+01,1.294836e+01,1.066327e+01,6.288596e+00,4987,5518
1223,2.120824e-01,1.981344e-01,1.767596e-01,7.248878e-01,7.289168e+01,3.163633e+01,1.257797e+01,1.039898e+01,7.236821e+00,4984,5460
1224,2.106548e-01,1.948315e-01,1.755229e-01,7.346725e-01,5.271255e+01,2.971698e+01,1.260858e+01,1.087378e+01,6.415069e+00,4995,5509
1225,2.079725e-01,1.934819e-01,1.725647e-01,7.201195e-01,5.956446e+01,2.198643e+01,1.235406e+01,1.071889e+01,6.354562e+00,4998,5503
1226,2.073436e-01,1.953342e-01,1.712463e-01,7.112408e-01,5.348450e+01,1.992972e+01,1.226975e+01,1.088056e+01,6.133679e+00,5021,5438
1227,2.069624e-01,1.937342e-01,1.689559e-01,7.293053e-01,4.593227e+01,2.887297e+01,1.237293e+01,9.906679e+00,6.957869e+00,5020,5422
1228,2.052304e-01,1.912768e-01,1.672666e-01,7.288551e-01,5.748951e+01,2.260227e+01,1.218033e+01,1.026699e+01,5.683397e+00,5043,5426
1229,2.029854e-01,1.883859e-01,1.661260e-01,7.086563e-01,5.057459e+01,2.667067e+01,1.215413e+01,1.024957e+01,6.335804e+00,5036,5451
1230,2.016993e-01,1.896977e-01,1.649406e-01,6.908798e-01,6.297554e+01,2.494127e+01,1.182755e+01,1.023183e+01,5.715967e+00,5005,5487
1231,2.001835e-01,1.884160e-01,1.641242e-01,6.843376e-01,4.582667e+01,2.102382e+01,1.174854e+01,1.045430e+01,6.512982e+00,4984,5514
1232,1.980567e-01,1.869912e-01,1.634941e-01,6.677628e-01,4.538022e+01,1.635729e+01,1.142766e+01,9.803287e+00,5.309362e+00,5000,5481
1233,1.962732e-01,1.829849e-01,1.629203e-01,6.854553e-01,4.562139e+01,2.008556e+01,1.156258e+01,9.323297e+00,6.010900e+00,4983,5515
1234,1.948546e-01,1.804940e-01,1.625280e-01,6.927261e-01,4.118763e+01,1.859056e+01,1.148499e+01,9.293936e+00,4.966844e+00,5024,5489
1235,1.941340e-01,1.821257e-01,1.619316e-01,6.803894e-01,4.393161e+01,2.202905e+01,1.141631e+01,9.533158e+00,5.467350e+00,5034,5495
1236,1.915278e-01,1.819789e-01,1.614589e-01,6.717529e-01,3.825111e+01,2.054217e+01,1.129130e+01,9.127370e+00,4.849813e+00,5010,5509
1237,1.891450e-01,1.810488e-01,1.610079e-01,6.669006e-01,3.875796e+01,1.805644e+01,1.106764e+01,9.556813e+00,5.578672e+00,5031,5487
1238,1.880760e-01,1.783825e-01,1.603320e-01,6.557465e-01,3.823531e+01,1.330664e+01,1.081517e+01,8.706877e+00,4.613353e+00,4997,5526
1239,1.866953e-01,1.760295e-01,1.593696e-01,6.479797e-01,4.145854e+01,2.109832e+01,1.072888e+01,8.512313e+00,5.298821e+00,4977,5520
1240,1.844750e-01,1.722115e-01,1.584888e-01,6.328125e-01,3.500928e+01,1.530016e+01,1.072581e+01,8.286243e+00,4.494632e+00,4980,5544
1241,1.809617e-01,1.698227e-01,1.573684e-01,6.226501e-01,4.093937e+01,1.828962e+01,1.059893e+01,8.544437e+00,5.082254e+00,4984,5529
1242,1.798156e-01,1.704673e-01,1.563178e-01,6.208000e-01,3.754380e+01,1.807192e+01,1.053381e+01,8.142114e+00,4.309053e+00,4985,5483
1243,1.777087e-01,1.704105e-01,1.551467e-01,6.252823e-01,3.708612e+01,1.377954e+01,1.052957e+01,8.634383e+00,4.962723e+00,5020,5461
1244,1.763302e-01,1.704275e-01,1.539719e-01,6.315346e-01,3.487213e+01,1.879463e+01,1.061230e+01,7.985800e+00,4.236503e+00,5011,5479
1245,1.733851e-01,1.692750e-01,1.536502e-01,6.336727e-01,3.318987e+01,2.773543e+01,1.061057e+01,7.912536e+00,4.972126e+00,5012,5488
1246,1.705949e-01,1.691598e-01,1.532436e-01,6.310635e-01,2.924952e+01,1.335533e+01,1.061174e+01,7.894323e+00,4.345993e+00,5012,5485
1247,1.695268e-01,1.677494e-01,1.526764e-01,6.242967e-01,3.633014e+01,3.160394e+01,1.048165e+01,7.495339e+00,5.076646e+00,4975,5567
1248,1.670610e-01,1.670006e-01,1.519711e-01,6.187515e-01,3.314696e+01,1.667457e+01,1.045723e+01,7.255422e+00,4.437126e+00,4995,5522
1249,1.653999e-01,1.655787e-01,1.511982e-01,6.243553e-01,3.400698e+01,1.187048e+01,1.056069e+01,7.736132e+00,5.131634e+00,4998,5535
1250,1.632718e-01,1.648072e-01,1.519198e-01,6.256466e-01,3.067713e+01,1.782088e+01,1.060526e+01,7.461308e+00,4.302282e+00,4994,5500
1251,1.629925e-01,1.636485e-01,1.522393e-01,6.231709e-01,2.990343e+01,1.746021e+01,1.058774e+01,7.307652e+00,3.845744e+00,5011,5448
1252,1.627886e-01,1.627065e-01,1.521692e-01,6.174555e-01,3.231075e+01,2.114309e+01,1.055889e+01,7.578682e+00,4.449977e+00,4992,5506
1253,1.628551e-01,1.618526e-01,1.520033e-01,6.087441e-01,3.358560e+01,3.351336e+01,1.045794e+01,7.092105e+00,3.827024e+00,4974,5518
1254,1.630044e-01,1.600427e-01,1.519224e-01,5.972850e-01,3.515258e+01,1.820337e+01,1.034400e+01,7.120291e+00,4.293536e+00,4996,5511
1255,1.629697e-01,1.600690e-01,1.520694e-01,5.849266e-01,3.435392e+01,1.658138e+01,1.031177e+01,7.382654e+00,3.917680e+00,4975,5519
1256,1.627265e-01,1.589549e-01,1.521212e-01,5.845032e-01,3.229784e+01,2.073050e+01,1.038996e+01,7.008844e+00,4.777361e+00,4986,5508
1257,1.627511e-01,1.579292e-01,1.523170e-01,5.847073e-01,3.249518e+01,3.074706e+01,1.041560e+01,6.987032e+00,4.088760e+00,5001,5506
1258,1.631282e-01,1.577808e-01,1.515747e-01,5.827403e-01,3.452378e+01,2.554614e+01,1.042614e+01,7.223413e+00,5.336790e+00,5034,5512
1259,1.643640e-01,1.575992e-01,1.531622e-01,5.782366e-01,3.453204e+01,3.447712e+01,1.034372e+01,6.770606e+00,4.617874e+00,5014,5526
1260,1.657202e-01,1.577711e-01,1.542113e-01,5.765896e-01,3.331058e+01,2.227039e+01,1.026037e+01,6.889417e+00,4.335157e+00,5024,5487
1261,1.670685e-01,1.578494e-01,1.548805e-01,5.755978e-01,3.152620e+01,2.526453e+01,1.023448e+01,7.067850e+00,5.296562e+00,4997,5537
1262,1.678674e-01,1.581234e-01,1.553290e-01,5.725260e-01,3.529946e+01,2.275467e+01,1.032954e+01,6.652876e+00,4.690578e+00,4995,5537
1263,1.678746e-01,1.586646e-01,1.562161e-01,5.667543e-01,4.061351e+01,3.358311e+01,1.027340e+01,6.904113e+00,4.468106e+00,5005,5528
1264,1.671483e-01,1.594510e-01,1.574521e-01,5.627298e-01,3.746525e+01,2.400640e+01,1.029068e+01,7.032744e+00,3.979121e+00,5015,5524
1265,1.692660e-01,1.596602e-01,1.579520e-01,5.597734e-01,3.925977e+01,1.834709e+01,1.023011e+01,6.741067e+00,4.943633e+00,4994,5505
1266,1.710455e-01,1.603272e-01,1.595343e-01,5.737915e-01,4.365712e+01,3.754266e+01,1.039583e+01,7.062104e+00,4.414732e+00,5012,5477
1267,1.720467e-01,1.614893e-01,1.605238e-01,5.888138e-01,4.399924e+01,2.066428e+01,1.051268e+01,7.257992e+00,4.290036e+00,4999,5482
1268,1.722708e-01,1.621599e-01,1.612946e-01,5.974998e-01,4.446458e+01,2.429959e+01,1.056971e+01,7.081770e+00,5.309725e+00,5004,5467
1269,1.717256e-01,1.631151e-01,1.618027e-01,6.026726e-01,4.608086e+01,2.948295e+01,1.061984e+01,7.400434e+00,4.757851e+00,4999,5472
1270,1.713239e-01,1.631679e-01,1.639503e-01,6.052947e-01,5.604853e+01,4.230717e+01,1.059851e+01,7.695868e+00,4.613257e+00,4993,5481
1271,1.738843e-01,1.643127e-01,1.650684e-01,6.028137e-01,5.034635e+01,3.014007e+01,1.047243e+01,7.803967e+00,5.700879e+00,4996,5473
1272,1.750190e-01,1.667209e-01,1.651479e-01,6.094418e-01,5.976159e+01,3.029295e+01,1.058743e+01,7.929756e+00,5.075585e+00,4977,5544
1273,1.749468e-01,1.672530e-01,1.673608e-01,1.618946e+00,6.282262e+01,5.397694e+01,1.068211e+01,8.579366e+00,4.871598e+00,4993,5496
1274,1.742028e-01,1.679038e-01,1.678384e-01,7.045555e-01,5.956569e+01,3.238735e+01,1.078699e+01,9.153225e+00,5.991077e+00,5002,5484
1275,1.725155e-01,1.678115e-01,1.714673e-01,7.592535e-01,6.448286e+01,3.726366e+01,1.074359e+01,1.012733e+01,5.254804e+00,5008,5499
1276,1.748409e-01,1.679327e-01,1.708515e-01,9.074211e-01,7.011118e+01,3.514977e+01,1.059258e+01,1.136699e+01,4.969898e+00,5001,5519
1277,1.760738e-01,1.689136e-01,1.711289e-01,8.385029e-01,7.034000e+01,3.283797e+01,1.100989e+01,1.161620e+01,6.057484e+00,4997,5486
1278,1.757164e-01,1.712442e-01,1.717165e-01,8.740139e-01,7.348866e+01,7.460419e+01,1.131112e+01,1.272391e+01,5.633318e+00,4986,5500
1279,1.745456e-01,1.708902e-01,1.720813e-01,9.129543e-01,8.596044e+01,3.509762e+01,1.123789e+01,1.439940e+01,6.810067e+00,4953,5572
1280,1.726327e-01,1.742971e-01,1.741716e-01,9.194202e-01,8.446629e+01,3.833821e+01,1.404131e+01,1.419658e+01,5.792323e+00,4990,5521
1281,1.744438e-01,1.742765e-01,1.745536e-01,9.664183e-01,8.137421e+01,3.918647e+01,1.386999e+01,1.782348e+01,5.241783e+00,4995,5530
1282,1.754677e-01,1.711709e-01,1.743045e-01,9.846897e-01,8.415532e+01,3.449858e+01,1.681404e+01,1.697583e+01,6.382673e+00,4991,5536
1283,1.769429e-01,1.724482e-01,1.737915e-01,1.010765e+00,7.542246e+01,8.525484e+01,1.577264e+01,1.742011e+01,5.590577e+00,5014,5504
1284,1.817064e-01,1.752007e-01,1.732296e-01,9.212379e-01,8.859034e+01,4.022568e+01,1.564999e+01,1.953114e+01,6.741006e+00,5003,5477
1285,1.889154e-01,1.737920e-01,1.734497e-01,8.688622e-01,8.783826e+01,9.472061e+01,1.733434e+01,1.753346e+01,6.001304e+00,5016,5474
1286,1.928463e-01,1.754307e-01,1.737079e-01,9.035378e-01,8.276168e+01,3.967511e+01,1.646844e+01,1.869606e+01,7.193347e+00,5001,5491
1287,1.920201e-01,1.784115e-01,1.776658e-01,9.211850e-01,9.166905e+01,6.959491e+01,1.688778e+01,1.891999e+01,6.351696e+00,5032,5434
1288,1.939891e-01,1.817891e-01,1.778616e-01,9.116936e-01,8.401469e+01,8.782648e+01,1.763607e+01,1.777321e+01,7.530495e+00,5012,5458
1289,1.994093e-01,1.816215e-01,1.790206e-01,9.789691e-01,1.222560e+02,3.298664e+01,1.579217e+01,1.736714e+01,6.343856e+00,4996,5471
1290,2.038040e-01,1.850609e-01,1.779358e-01,8.378601e-01,8.140146e+01,6.142018e+01,1.616585e+01,1.728137e+01,5.432684e+00,4998,5487
1291,2.070412e-01,1.859607e-01,1.794544e-01,1.127007e+00,7.774814e+01,2.835622e+01,1.500806e+01,1.593673e+01,6.581469e+00,4987,5499
1292,2.100519e-01,1.883581e-01,1.786171e-01,9.234142e-01,1.237614e+02,3.379352e+01,1.390273e+01,1.731507e+01,5.620314e+00,4981,5496
1293,2.095223e-01,1.905031e-01,1.797293e-01,1.352664e+00,7.030635e+01,5.278136e+01,1.549637e+01,1.567398e+01,6.817911e+00,4966,5505
1294,2.093019e-01,1.939157e-01,1.801220e-01,1.443695e+00,1.259552e+02,4.081063e+01,1.403707e+01,1.441051e+01,5.706130e+00,4989,5520
1295,2.133759e-01,1.936975e-01,1.798794e-01,8.002448e-01,1.222776e+02,3.461843e+01,1.336600e+01,1.416788e+01,6.909079e+00,4980,5539
1296,2.170342e-01,1.959415e-01,1.813882e-01,9.874420e-01,9.349451e+01,3.540972e+01,1.330606e+01,1.410566e+01,5.793830e+00,4974,5505
1297,2.194814e-01,1.973828e-01,1.817705e-01,6.982517e-01,1.264819e+02,3.770806e+01,1.299523e+01,1.373825e+01,6.674137e+00,4987,5516
1298,2.245100e-01,1.985898e-01,1.819070e-01,1.184444e+00,9.050643e+01,3.538758e+01,1.294548e+01,1.313611e+01,5.847624e+00,5017,5463
1299,2.207585e-01,1.989150e-01,1.818745e-01,1.467848e+00,8.270656e+01,4.060987e+01,1.245038e+01,1.251491e+01,6.685179e+00,5005,5454
1300,2.248115e-01,2.008312e-01,1.831446e-01,7.086086e-01,8.767765e+01,3.804445e+01,1.237743e+01,1.222430e+01,5.775460e+00,5013,5429
1301,2.234284e-01,1.985797e-01,1.830677e-01,6.017761e-01,8.870130e+01,4.015005e+01,1.270738e+01,1.228984e+01,6.874849e+00,4998,5457
1302,2.232971e-01,2.008455e-01,1.830169e-01,7.093229e-01,8.140244e+01,2.634708e+01,1.241457e+01,1.135417e+01,5.621183e+00,4951,5525
1303,2.274548e-01,1.994073e-01,1.804230e-01,1.240082e+00,8.702457e+01,3.147779e+01,1.244573e+01,1.176731e+01,6.566712e+00,4978,5510
1304,2.236465e-01,2.011011e-01,1.805997e-01,6.927700e-01,7.811299e+01,3.619521e+01,1.269523e+01,1.102266e+01,7.414616e+00,4959,5574
1305,2.253789e-01,1.995184e-01,1.835386e-01,5.963783e-01,6.836550e+01,3.417523e+01,1.250575e+01,1.131745e+01,6.743822e+00,4973,5515
1306,2.229551e-01,2.004480e-01,1.831312e-01,6.510429e-01,7.882298e+01,3.193224e+01,1.271672e+01,1.133032e+01,6.554056e+00,4985,5507
1307,2.242352e-01,2.001114e-01,1.778011e-01,6.759109e-01,6.922666e+01,3.198534e+01,1.264387e+01,1.129036e+01,6.455316e+00,4989,5532
1308,2.200526e-01,1.988389e-01,1.787684e-01,6.794891e-01,6.931665e+01,3.429247e+01,1.259021e+01,1.061601e+01,7.271527e+00,4999,5533
1309,2.216864e-01,1.987388e-01,1.787085e-01,7.003784e-01,7.016788e+01,2.547663e+01,1.289478e+01,1.095213e+01,5.986862e+00,5010,5452
1310,2.213955e-01,1.970688e-01,1.778417e-01,6.924133e-01,5.100567e+01,2.342284e+01,1.265417e+01,1.108535e+01,6.509645e+00,5010,5463
1311,2.192624e-01,1.965855e-01,1.765115e-01,6.974983e-01,7.522920e+01,3.039892e+01,1.258472e+01,1.096393e+01,6.219339e+00,5005,5456
1312,2.181886e-01,1.961646e-01,1.751079e-01,6.793022e-01,5.888742e+01,2.582254e+01,1.244023e+01,1.135755e+01,7.007049e+00,4998,5460
1313,2.156663e-01,1.932533e-01,1.701305e-01,1.018793e+00,7.208212e+01,3.001707e+01,1.234721e+01,1.036782e+01,5.742574e+00,4975,5567
1314,2.138708e-01,1.925291e-01,1.669789e-01,7.074451e-01,6.083952e+01,2.794601e+01,1.234870e+01,1.067332e+01,6.317336e+00,4981,5558
1315,2.116304e-01,1.938297e-01,1.648022e-01,8.304768e-01,6.314457e+01,2.047500e+01,1.234404e+01,1.059444e+01,7.060166e+00,4992,5498
1316,2.124420e-01,1.912012e-01,1.636328e-01,6.824589e-01,5.740408e+01,2.967080e+01,1.220339e+01,1.082793e+01,6.471416e+00,4965,5518
1317,2.096290e-01,1.875133e-01,1.622322e-01,6.709442e-01,5.108383e+01,2.768990e+01,1.178253e+01,1.042845e+01,5.682587e+00,4972,5557
1318,2.091543e-01,1.879077e-01,1.610438e-01,6.745148e-01,4.430010e+01,2.964840e+01,1.181645e+01,1.033500e+01,6.113358e+00,4987,5553
1319,2.053896e-01,1.879000e-01,1.606544e-01,7.150192e-01,4.658456e+01,2.387012e+01,1.159784e+01,9.911644e+00,6.606864e+00,4974,5553
1320,2.019123e-01,1.859563e-01,1.595770e-01,7.298126e-01,4.243305e+01,2.205677e+01,1.168651e+01,9.987490e+00,5.339756e+00,4970,5495
1321,2.019698e-01,1.825054e-01,1.592717e-01,7.223129e-01,3.646463e+01,2.509100e+01,1.171253e+01,1.028281e+01,5.681159e+00,4930,5569
1322,1.986276e-01,1.787405e-01,1.588686e-01,7.165604e-01,4.024475e+01,2.355213e+01,1.156106e+01,9.623863e+00,5.519021e+00,4942,5626
1323,1.963993e-01,1.809240e-01,1.581733e-01,7.156067e-01,3.707745e+01,2.183067e+01,1.131308e+01,9.397669e+00,6.141678e+00,4961,5591
1324,1.941861e-01,1.810741e-01,1.640012e-01,7.008514e-01,4.229439e+01,2.098580e+01,1.120424e+01,9.012518e+00,5.157614e+00,4986,5569
1325,1.928239e-01,1.795197e-01,1.574949e-01,6.769180e-01,3.865832e+01,2.296070e+01,1.107521e+01,9.259649e+00,5.582838e+00,5004,5520
1326,1.898317e-01,1.779229e-01,1.570874e-01,6.608963e-01,3.797912e+01,1.715427e+01,1.095314e+01,8.894125e+00,4.663183e+00,5015,5508
1327,1.865412e-01,1.752302e-01,1.567638e-01,6.431341e-01,3.142532e+01,2.166698e+01,1.086126e+01,9.377344e+00,4.853781e+00,4970,5550
1328,1.845692e-01,1.717987e-01,1.565688e-01,6.418467e-01,3.860394e+01,1.911141e+01,1.069591e+01,8.480294e+00,4.729033e+00,4984,5530
1329,1.829444e-01,1.697115e-01,1.564001e-01,6.428375e-01,3.518319e+01,1.725808e+01,1.071652e+01,8.433592e+00,5.330455e+00,4981,5538
1330,1.798564e-01,1.707987e-01,1.562292e-01,6.494236e-01,3.255806e+01,1.836523e+01,1.057914e+01,8.279042e+00,4.607609e+00,4996,5528
1331,1.766211e-01,1.711308e-01,1.559912e-01,6.503143e-01,3.378294e+01,1.868756e+01,1.056018e+01,8.410235e+00,5.104163e+00,4998,5549
1332,1.746441e-01,1.709241e-01,1.558228e-01,6.466475e-01,2.974412e+01,1.397149e+01,1.056452e+01,8.063474e+00,4.332058e+00,4981,5549
1333,1.727891e-01,1.699171e-01,1.556017e-01,6.387291e-01,3.025859e+01,1.938961e+01,1.048123e+01,8.523762e+00,4.742879e+00,4972,5557
1334,1.709872e-01,1.690634e-01,1.550673e-01,6.475182e-01,3.413365e+01,1.545456e+01,1.060813e+01,7.880325e+00,4.323815e+00,4992,5508
1335,1.684712e-01,1.675637e-01,1.545581e-01,6.515064e-01,3.168183e+01,1.913055e+01,1.070367e+01,7.786613e+00,4.971328e+00,4970,5572
1336,1.668947e-01,1.663055e-01,1.540280e-01,6.499672e-01,3.437143e+01,1.730111e+01,1.074448e+01,7.875321e+00,4.418869e+00,4955,5589
1337,1.659186e-01,1.648752e-01,1.535459e-01,6.446915e-01,3.258997e+01,1.665545e+01,1.072543e+01,7.601357e+00,5.087197e+00,4976,5568
1338,1.654453e-01,1.635624e-01,1.532099e-01,6.363173e-01,3.226752e+01,2.120242e+01,1.065895e+01,7.175130e+00,4.241299e+00,4982,5550
1339,1.652291e-01,1.625271e-01,1.526805e-01,6.244254e-01,2.973534e+01,1.913638e+01,1.056317e+01,7.787058e+00,5.140362e+00,4974,5541
1340,1.655051e-01,1.614797e-01,1.526376e-01,6.162376e-01,3.477937e+01,1.876825e+01,1.063691e+01,7.490400e+00,4.322523e+00,4987,5531
1341,1.653310e-01,1.605675e-01,1.526694e-01,6.191864e-01,3.222571e+01,3.332430e+01,1.073792e+01,7.266531e+00,4.003190e+00,4984,5516
1342,1.645671e-01,1.600648e-01,1.527364e-01,6.193018e-01,3.833249e+01,1.937015e+01,1.079121e+01,7.704031e+00,4.043940e+00,4992,5523
1343,1.643089e-01,1.587822e-01,1.532108e-01,6.167603e-01,3.554516e+01,1.810660e+01,1.080884e+01,7.374863e+00,4.023014e+00,4981,5574
1344,1.647002e-01,1.590059e-01,1.532742e-01,6.104264e-01,3.123214e+01,2.086691e+01,1.075239e+01,7.085804e+00,4.441694e+00,4975,5577
1345,1.651921e-01,1.590109e-01,1.532979e-01,6.006026e-01,3.081822e+01,1.947060e+01,1.062385e+01,7.540817e+00,4.088632e+00,4980,5565
1346,1.655423e-01,1.577441e-01,1.536223e-01,5.977821e-01,3.570148e+01,2.216131e+01,1.063137e+01,7.136845e+00,4.919476e+00,4966,5576
1347,1.654653e-01,1.576122e-01,1.545691e-01,6.002665e-01,3.220369e+01,3.357345e+01,1.070416e+01,7.018971e+00,4.247400e+00,4985,5512
1348,1.649711e-01,1.582246e-01,1.540387e-01,6.000829e-01,3.892213e+01,1.912016e+01,1.075714e+01,7.247687e+00,3.964432e+00,4987,5505
1349,1.647547e-01,1.584404e-01,1.545361e-01,5.963647e-01,3.450380e+01,2.682003e+01,1.077069e+01,6.885621e+00,4.840723e+00,4993,5510
1350,1.654512e-01,1.578185e-01,1.556205e-01,5.897340e-01,3.446922e+01,3.481104e+01,1.071488e+01,6.874079e+00,4.257205e+00,5003,5497
1351,1.659924e-01,1.576180e-01,1.560811e-01,5.803061e-01,3.606189e+01,2.242926e+01,1.071085e+01,7.299225e+00,4.117310e+00,4995,5536
1352,1.666480e-01,1.581081e-01,1.618201e-01,5.986481e-01,4.099756e+01,4.009468e+01,1.075189e+01,7.129652e+00,5.056773e+00,5000,5531
1353,1.672513e-01,1.619584e-01,1.579994e-01,6.140213e-01,3.718874e+01,1.977980e+01,1.093513e+01,6.933734e+00,4.519243e+00,4991,5531
1354,1.672139e-01,1.626502e-01,1.593692e-01,6.223297e-01,4.021716e+01,3.525963e+01,1.093880e+01,7.608428e+00,4.432879e+00,4987,5538
1355,1.667410e-01,1.617715e-01,1.597321e-01,6.290092e-01,4.270386e+01,2.299576e+01,1.098433e+01,7.387473e+00,5.457316e+00,4970,5543
1356,1.663168e-01,1.627567e-01,1.657313e-01,6.303425e-01,4.343193e+01,4.285880e+01,1.093415e+01,7.243562e+00,4.918211e+00,4983,5556
1357,1.676651e-01,1.675107e-01,1.613542e-01,6.288605e-01,4.694796e+01,3.039465e+01,1.097351e+01,7.901902e+00,4.769838e+00,4979,5572
1358,1.684341e-01,1.666362e-01,1.630375e-01,6.326103e-01,5.154339e+01,3.032756e+01,1.099679e+01,7.623425e+00,4.841810e+00,4970,5577
1359,1.686326e-01,1.661325e-01,1.709553e-01,6.298485e-01,5.069310e+01,5.163095e+01,1.106115e+01,7.841522e+00,5.305783e+00,4998,5544
1360,1.682078e-01,1.700523e-01,1.641422e-01,6.773539e-01,5.699353e+01,3.479536e+01,1.115168e+01,8.332974e+00,5.096106e+00,4981,5556
1361,1.675038e-01,1.701495e-01,1.671578e-01,7.165766e-01,6.415665e+01,3.354852e+01,1.104085e+01,9.197680e+00,4.994089e+00,4964,5542
1362,1.668997e-01,1.714510e-01,1.672914e-01,7.749529e-01,6.389741e+01,3.393320e+01,1.096871e+01,9.525992e+00,5.648289e+00,4986,5535
1363,1.676544e-01,1.701101e-01,1.672428e-01,7.812004e-01,7.146339e+01,3.676828e+01,1.091298e+01,1.033325e+01,5.331210e+00,4967,5523
1364,1.682468e-01,1.781761e-01,1.697461e-01,8.395681e-01,7.145911e+01,3.470089e+01,1.101325e+01,1.088613e+01,6.608871e+00,4963,5529
1365,1.681660e-01,1.724216e-01,1.692237e-01,8.797884e-01,8.021159e+01,2.746062e+01,1.119407e+01,1.241813e+01,5.815548e+00,4978,5529
1366,1.678230e-01,1.721602e-01,1.698321e-01,8.818550e-01,8.210294e+01,3.732481e+01,1.119937e+01,1.486658e+01,5.397933e+00,4951,5532
1367,1.675391e-01,1.818540e-01,1.723077e-01,8.771372e-01,9.398629e+01,3.501527e+01,1.410718e+01,1.448521e+01,6.666932e+00,4967,5556
1368,1.669658e-01,1.743610e-01,1.709338e-01,9.204512e-01,9.102411e+01,3.623527e+01,1.336453e+01,1.645300e+01,6.096002e+00,4962,5533
1369,1.669036e-01,1.741643e-01,1.708272e-01,8.928947e-01,9.407701e+01,3.723120e+01,1.546589e+01,1.729890e+01,6.442024e+00,4993,5493
1370,1.688164e-01,1.748694e-01,1.727323e-01,9.403925e-01,1.015474e+02,3.303443e+01,1.600872e+01,1.626910e+01,6.378447e+00,4988,5510
1371,1.727894e-01,1.748830e-01,1.717954e-01,9.448700e-01,9.240335e+01,3.725515e+01,1.573173e+01,1.942739e+01,5.753588e+00,4979,5514
1372,1.754672e-01,1.767347e-01,1.721927e-01,8.961029e-01,8.282636e+01,8.387299e+01,1.790684e+01,1.671531e+01,7.032217e+00,5003,5478
1373,1.773876e-01,1.789351e-01,1.725799e-01,9.338608e-01,9.749923e+01,5.523563e+01,1.679088e+01,1.845975e+01,6.194695e+00,4981,5531
1374,1.789517e-01,1.811831e-01,1.729722e-01,9.744430e-01,8.733701e+01,6.010325e+01,1.629022e+01,1.676030e+01,7.516057e+00,4989,5505
1375,1.832424e-01,1.827033e-01,1.724976e-01,9.878159e-01,8.787473e+01,3.044809e+01,1.557871e+01,2.001086e+01,6.121799e+00,4989,5522
1376,1.874975e-01,1.819832e-01,1.777184e-01,8.423138e-01,1.031971e+02,6.727855e+01,1.716236e+01,1.701820e+01,7.462673e+00,4983,5506
1377,1.902515e-01,1.848845e-01,1.787799e-01,8.299732e-01,1.604653e+02,3.285796e+01,1.557457e+01,1.733985e+01,6.558708e+00,4982,5521
1378,1.933379e-01,1.879890e-01,1.800243e-01,8.741093e-01,7.892815e+01,4.230968e+01,1.611884e+01,1.722393e+01,5.502008e+00,4969,5524
1379,1.951551e-01,1.884505e-01,1.800825e-01,8.429241e-01,1.183318e+02,3.555411e+01,1.557439e+01,1.612091e+01,6.904326e+00,4987,5525
1380,1.976385e-01,1.914876e-01,1.808611e-01,7.318211e-01,1.000458e+02,3.345830e+01,1.418005e+01,1.519983e+01,5.710472e+00,4977,5503
1381,2.028633e-01,1.935930e-01,1.825955e-01,1.258820e+00,8.944573e+01,3.831121e+01,1.406097e+01,1.549183e+01,6.872009e+00,4978,5505
1382,2.048862e-01,1.960348e-01,1.822721e-01,8.667297e-01,1.313993e+02,3.698203e+01,1.329847e+01,1.440816e+01,5.867564e+00,4961,5531
1383,2.072607e-01,1.955300e-01,1.834361e-01,1.242325e+00,1.100808e+02,3.483546e+01,1.329765e+01,1.440356e+01,6.924794e+00,4979,5502
1384,2.073182e-01,1.995602e-01,1.846381e-01,1.521954e+00,1.264901e+02,3.533435e+01,1.318503e+01,1.359606e+01,5.876734e+00,4979,5501
1385,2.104826e-01,1.983115e-01,1.846473e-01,6.890144e-01,1.108843e+02,3.828019e+01,1.286471e+01,1.354327e+01,6.915559e+00,4975,5496
1386,2.124616e-01,2.027036e-01,1.819871e-01,7.481270e-01,9.108014e+01,2.879766e+01,1.285942e+01,1.337802e+01,5.914584e+00,4976,5497
1387,2.143919e-01,2.008995e-01,1.824190e-01,8.408661e-01,9.674480e+01,2.697969e+01,1.264952e+01,1.264302e+01,7.082293e+00,4974,5501
1388,2.175560e-01,2.028730e-01,1.821978e-01,1.043316e+00,1.024077e+02,3.205151e+01,1.268196e+01,1.192297e+01,5.978526e+00,4982,5489
1389,2.157813e-01,2.013421e-01,1.805445e-01,9.338131e-01,7.934395e+01,2.997991e+01,1.279333e+01,1.217169e+01,7.004625e+00,4987,5502
1390,2.172641e-01,2.029814e-01,1.812592e-01,1.031108e+00,7.956734e+01,3.530177e+01,1.243098e+01,1.135151e+01,5.970109e+00,4973,5505
1391,2.181999e-01,2.028811e-01,1.809668e-01,1.516035e+00,7.951880e+01,3.320307e+01,1.282787e+01,1.174013e+01,6.837434e+00,5003,5493
1392,2.173565e-01,2.032467e-01,1.848382e-01,1.030403e+00,6.763369e+01,2.472984e+01,1.274369e+01,1.121967e+01,5.931034e+00,5032,5436
1393,2.179251e-01,2.049522e-01,1.837206e-01,6.601715e-01,7.893445e+01,2.317552e+01,1.265191e+01,1.160216e+01,6.834938e+00,4992,5506
1394,2.178524e-01,2.010103e-01,1.771472e-01,6.624222e-01,7.352412e+01,2.718722e+01,1.285174e+01,1.113250e+01,5.739538e+00,5007,5503
1395,2.182362e-01,2.024619e-01,1.772286e-01,6.914062e-01,6.224365e+01,2.525017e+01,1.268707e+01,1.151087e+01,6.846642e+00,4977,5493
1396,2.156398e-01,2.018875e-01,1.778853e-01,7.127228e-01,7.143810e+01,3.011738e+01,1.287526e+01,1.063699e+01,5.731606e+00,4981,5534
1397,2.151115e-01,1.994468e-01,1.781870e-01,7.018089e-01,5.622268e+01,2.912871e+01,1.302505e+01,1.111846e+01,6.517590e+00,4975,5529
1398,2.153565e-01,2.006058e-01,1.774983e-01,6.928253e-01,5.838353e+01,3.262429e+01,1.280086e+01,1.098091e+01,7.193562e+00,4976,5467
1399,2.137370e-01,1.980735e-01,1.781491e-01,6.906357e-01,5.635833e+01,3.071962e+01,1.252092e+01,1.137564e+01,6.563044e+00,5010,5466
1400,2.126414e-01,1.950499e-01,1.768403e-01,7.046776e-01,4.912605e+01,2.263848e+01,1.256660e+01,1.099237e+01,7.564011e+00,5017,5484
1401,2.098573e-01,1.969779e-01,1.741849e-01,8.334618e-01,6.039521e+01,3.319019e+01,1.248804e+01,1.110542e+01,6.178995e+00,5013,5485
1402,2.090492e-01,1.958884e-01,1.720080e-01,7.467804e-01,5.279857e+01,2.510593e+01,1.254378e+01,1.044095e+01,6.910400e+00,5007,5429
1403,2.080003e-01,1.938600e-01,1.706410e-01,7.479019e-01,5.970866e+01,2.332696e+01,1.226713e+01,1.065483e+01,5.877861e+00,5029,5415
1404,2.048963e-01,1.890304e-01,1.691743e-01,8.698130e-01,4.928073e+01,2.813863e+01,1.224132e+01,1.091049e+01,6.161755e+00,5040,5433
1405,2.041073e-01,1.914237e-01,1.680994e-01,7.365417e-01,5.048050e+01,2.550038e+01,1.191760e+01,1.053447e+01,5.738875e+00,5016,5477
1406,2.026638e-01,1.906063e-01,1.671751e-01,7.182770e-01,4.329959e+01,1.857604e+01,1.190262e+01,1.067547e+01,6.505171e+00,4983,5524
1407,2.010027e-01,1.895471e-01,1.665542e-01,6.989059e-01,4.705500e+01,1.729343e+01,1.167076e+01,9.834865e+00,5.283756e+00,4980,5488
1408,1.975106e-01,1.863253e-01,1.657946e-01,6.694870e-01,4.693174e+01,2.515911e+01,1.167839e+01,9.851338e+00,5.881055e+00,4996,5491
1409,1.966490e-01,1.807979e-01,1.655105e-01,6.828079e-01,4.242922e+01,1.891069e+01,1.159214e+01,9.771912e+00,6.729025e+00,5015,5483
1410,1.959978e-01,1.834637e-01,1.647698e-01,6.823730e-01,4.374737e+01,2.393544e+01,1.151253e+01,1.003793e+01,5.765179e+00,5003,5522
1411,1.936730e-01,1.832871e-01,1.643090e-01,6.700897e-01,3.843908e+01,2.071881e+01,1.131605e+01,9.269503e+00,4.804750e+00,4998,5543
1412,1.910043e-01,1.829542e-01,1.636166e-01,6.458511e-01,3.797512e+01,1.802590e+01,1.109882e+01,9.702199e+00,5.492886e+00,5028,5472
1413,1.899216e-01,1.809419e-01,1.628203e-01,6.246567e-01,3.756420e+01,1.393854e+01,1.106337e+01,8.652325e+00,4.575555e+00,4994,5502
1414,1.878703e-01,1.790660e-01,1.622937e-01,6.230392e-01,4.263072e+01,1.654672e+01,1.097384e+01,8.826748e+00,5.157945e+00,4980,5535
1415,1.857805e-01,1.753891e-01,1.614407e-01,6.233120e-01,3.421864e+01,1.530905e+01,1.084339e+01,9.047032e+00,6.030381e+00,4980,5547
1416,1.827822e-01,1.728001e-01,1.602978e-01,6.171322e-01,4.072994e+01,1.821313e+01,1.072181e+01,8.984792e+00,4.907394e+00,4994,5540
1417,1.810203e-01,1.712451e-01,1.592893e-01,6.172562e-01,3.713774e+01,1.783415e+01,1.065821e+01,8.575188e+00,4.148728e+00,5000,5462
1418,1.791721e-01,1.708429e-01,1.581900e-01,6.257248e-01,3.623949e+01,1.359106e+01,1.072298e+01,8.825064e+00,4.857815e+00,5018,5468
1419,1.769180e-01,1.716124e-01,1.566061e-01,6.315384e-01,3.397267e+01,1.857538e+01,1.076495e+01,7.972022e+00,4.199958e+00,5008,5495
1420,1.739805e-01,1.710970e-01,1.563080e-01,6.322784e-01,3.403876e+01,1.477753e+01,1.070484e+01,8.033676e+00,4.830175e+00,5017,5496
1421,1.710174e-01,1.701966e-01,1.558652e-01,6.285286e-01,2.917044e+01,1.307240e+01,1.063780e+01,7.998943e+00,5.858815e+00,4995,5516
1422,1.704789e-01,1.694799e-01,1.552424e-01,6.201267e-01,3.626638e+01,1.584448e+01,1.064176e+01,8.040007e+00,4.897591e+00,4970,5561
1423,1.682225e-01,1.686500e-01,1.546349e-01,6.254272e-01,3.257527e+01,1.624532e+01,1.074855e+01,7.775268e+00,4.294492e+00,4979,5536
1424,1.659489e-01,1.679177e-01,1.538910e-01,6.308022e-01,3.277710e+01,1.151729e+01,1.083404e+01,8.152929e+00,4.875298e+00,4984,5531
1425,1.642679e-01,1.667039e-01,1.544038e-01,6.309128e-01,3.143636e+01,1.744804e+01,1.084789e+01,7.568875e+00,4.057911e+00,4998,5494
1426,1.637404e-01,1.662196e-01,1.545799e-01,6.272850e-01,3.011969e+01,3.016911e+01,1.078307e+01,7.683683e+00,4.681187e+00,5001,5462
1427,1.635634e-01,1.645245e-01,1.544491e-01,6.209564e-01,3.331550e+01,2.048297e+01,1.070797e+01,7.817202e+00,4.249135e+00,4996,5472
1428,1.640755e-01,1.643010e-01,1.544332e-01,6.111574e-01,3.317207e+01,1.634144e+01,1.058409e+01,7.241594e+00,5.046094e+00,4982,5514
1429,1.644604e-01,1.629766e-01,1.543178e-01,6.092834e-01,3.476601e+01,1.618300e+01,1.058881e+01,7.476004e+00,4.243456e+00,4983,5518
1430,1.649156e-01,1.617581e-01,1.532838e-01,6.137619e-01,3.400072e+01,2.016363e+01,1.062552e+01,7.494960e+00,5.416262e+00,4991,5516
1431,1.646998e-01,1.610755e-01,1.534741e-01,6.158028e-01,3.281591e+01,1.997691e+01,1.066303e+01,6.916492e+00,4.663022e+00,4991,5504
1432,1.651372e-01,1.601099e-01,1.537539e-01,6.148014e-01,3.119851e+01,2.002553e+01,1.063202e+01,7.282865e+00,4.316496e+00,5024,5492
1433,1.664650e-01,1.590489e-01,1.537730e-01,6.108942e-01,3.570417e+01,3.688302e+01,1.055828e+01,7.239986e+00,5.159643e+00,5023,5519
1434,1.671386e-01,1.594274e-01,1.553020e-01,6.070480e-01,3.362807e+01,2.314363e+01,1.044296e+01,6.788825e+00,4.502410e+00,5011,5506
1435,1.679866e-01,1.596874e-01,1.563694e-01,6.142120e-01,3.168436e+01,1.991511e+01,1.045813e+01,7.186674e+00,4.268297e+00,5021,5507
1436,1.685877e-01,1.601412e-01,1.568207e-01,6.153297e-01,3.237610e+01,2.439258e+01,1.057555e+01,7.338333e+00,5.163255e+00,4985,5535
1437,1.684003e-01,1.602159e-01,1.573526e-01,6.106911e-01,3.489376e+01,3.549440e+01,1.062143e+01,6.763643e+00,4.626932e+00,5008,5525
1438,1.676245e-01,1.606953e-01,1.582023e-01,6.031647e-01,3.744075e+01,2.222609e+01,1.057646e+01,7.343698e+00,4.484703e+00,5014,5525
1439,1.694399e-01,1.612676e-01,1.591222e-01,6.100426e-01,3.740652e+01,2.364646e+01,1.061452e+01,7.534765e+00,4.052293e+00,4988,5529
1440,1.710910e-01,1.614305e-01,1.596475e-01,6.310120e-01,3.628323e+01,1.857401e+01,1.067725e+01,6.953081e+00,4.952435e+00,5000,5458
1441,1.719015e-01,1.624895e-01,1.615201e-01,6.453857e-01,4.541572e+01,3.579967e+01,1.075358e+01,7.591466e+00,4.477063e+00,5000,5471
1442,1.721781e-01,1.637778e-01,1.622625e-01,6.523838e-01,4.322144e+01,2.120147e+01,1.076701e+01,7.711925e+00,4.360674e+00,4972,5501
1443,1.715346e-01,1.639165e-01,1.630138e-01,6.515250e-01,4.492896e+01,2.989499e+01,1.072796e+01,7.123008e+00,5.358153e+00,4983,5471
1444,1.710015e-01,1.646862e-01,1.650247e-01,8.761578e-01,4.962592e+01,4.153406e+01,1.072306e+01,7.864717e+00,4.854936e+00,4994,5483
1445,1.732755e-01,1.653684e-01,1.658308e-01,6.388950e-01,4.567071e+01,2.945105e+01,1.069908e+01,7.889163e+00,5.264247e+00,4977,5515
1446,1.743732e-01,1.658846e-01,1.665415e-01,6.334229e-01,5.379430e+01,3.142124e+01,1.067173e+01,7.698549e+00,5.775043e+00,4968,5509
1447,1.742317e-01,1.676749e-01,1.667015e-01,6.257820e-01,5.552605e+01,3.126260e+01,1.075059e+01,8.223252e+00,5.196816e+00,4989,5524
1448,1.736197e-01,1.689335e-01,1.688473e-01,7.297249e-01,5.546938e+01,3.284783e+01,1.068698e+01,8.477950e+00,5.204767e+00,4974,5526
1449,1.722000e-01,1.709457e-01,1.696721e-01,1.088989e+00,6.067445e+01,3.110762e+01,1.070744e+01,9.026771e+00,6.097051e+00,4959,5536
1450,1.740858e-01,1.721095e-01,1.726505e-01,7.561769e-01,6.852459e+01,3.596244e+01,1.057038e+01,1.006563e+01,5.804280e+00,4992,5551
1451,1.754316e-01,1.705228e-01,1.728044e-01,8.147945e-01,6.671150e+01,6.789895e+01,1.058010e+01,1.095475e+01,5.127190e+00,5013,5529
1452,1.751147e-01,1.708490e-01,1.727990e-01,8.598566e-01,7.505243e+01,3.818389e+01,1.071620e+01,1.137930e+01,6.229724e+00,4991,5529
1453,1.740978e-01,1.724420e-01,1.743786e-01,8.798208e-01,7.432613e+01,6.844769e+01,1.102557e+01,1.265527e+01,5.850019e+00,4998,5553
1454,1.723714e-01,1.713489e-01,1.745592e-01,9.071836e-01,8.678132e+01,3.366209e+01,1.192240e+01,1.349709e+01,7.060957e+00,5007,5511
1455,1.741513e-01,1.742704e-01,1.759553e-01,9.341145e-01,9.380453e+01,3.819320e+01,1.261415e+01,1.404795e+01,6.077343e+00,4984,5523
1456,1.748966e-01,1.755794e-01,1.752564e-01,9.302473e-01,9.107048e+01,3.563108e+01,1.399716e+01,1.751668e+01,5.556709e+00,4983,5548
1457,1.760035e-01,1.749330e-01,1.759750e-01,9.399920e-01,9.324078e+01,3.948548e+01,1.689646e+01,1.648943e+01,6.588479e+00,4999,5555
1458,1.812807e-01,1.740422e-01,1.768903e-01,9.533415e-01,5.987710e+01,8.246827e+01,1.576250e+01,1.759997e+01,5.976268e+00,5036,5494
1459,1.864741e-01,1.765983e-01,1.757142e-01,9.591446e-01,1.020903e+02,1.034400e+02,1.632270e+01,1.829184e+01,7.096882e+00,5002,5501
1460,1.915112e-01,1.782060e-01,1.750355e-01,9.542303e-01,8.967995e+01,4.002470e+01,1.648180e+01,1.862553e+01,6.096761e+00,5012,5486
1461,1.914026e-01,1.786925e-01,1.746528e-01,9.653692e-01,8.510850e+01,8.035189e+01,1.695474e+01,1.738122e+01,7.368780e+00,5025,5472
1462,1.907933e-01,1.798552e-01,1.754360e-01,9.522419e-01,9.744720e+01,3.803837e+01,1.625723e+01,2.030850e+01,6.495244e+00,4999,5480
1463,1.980032e-01,1.824084e-01,1.790799e-01,8.672867e-01,9.122034e+01,4.054050e+01,1.757165e+01,1.809286e+01,7.779824e+00,5003,5463
1464,2.030004e-01,1.836583e-01,1.810529e-01,1.195720e+00,9.207268e+01,7.257346e+01,1.611648e+01,1.704134e+01,6.783621e+00,5020,5459
1465,2.061826e-01,1.862480e-01,1.812738e-01,1.015388e+00,7.911201e+01,5.923157e+01,1.556861e+01,1.808705e+01,5.654807e+00,4998,5468
1466,2.085431e-01,1.878365e-01,1.826171e-01,1.127670e+00,6.886688e+01,3.397801e+01,1.557209e+01,1.615021e+01,6.739355e+00,4998,5474
1467,2.055784e-01,1.911760e-01,1.839668e-01,1.065521e+00,9.085189e+01,6.309606e+01,1.458699e+01,1.627265e+01,5.735623e+00,4983,5486
1468,2.106532e-01,1.922590e-01,1.828257e-01,1.626170e+00,1.133688e+02,5.057888e+01,1.474454e+01,1.579833e+01,6.938099e+00,4988,5475
1469,2.149969e-01,1.953871e-01,1.842988e-01,8.141289e-01,1.104381e+02,3.923300e+01,1.386332e+01,1.465475e+01,5.906485e+00,5007,5485
1470,2.192322e-01,1.953113e-01,1.824887e-01,1.391914e+00,7.846033e+01,3.614982e+01,1.352978e+01,1.512446e+01,7.118676e+00,4986,5472
1471,2.204304e-01,1.981093e-01,1.843911e-01,8.165283e-01,1.376452e+02,3.775730e+01,1.391638e+01,1.349221e+01,5.924173e+00,5013,5457
1472,2.238116e-01,1.988208e-01,1.857447e-01,7.062912e-01,9.462465e+01,3.539509e+01,1.279490e+01,1.371030e+01,7.085912e+00,5039,5422
1473,2.232607e-01,1.992744e-01,1.858484e-01,9.367599e-01,8.622109e+01,4.073054e+01,1.248156e+01,1.305151e+01,5.978353e+00,5017,5447
1474,2.205154e-01,2.011015e-01,1.845683e-01,9.965935e-01,9.673771e+01,3.805508e+01,1.252656e+01,1.271490e+01,6.858084e+00,5003,5473
1475,2.267836e-01,2.024064e-01,1.861971e-01,6.140442e-01,8.785368e+01,4.098016e+01,1.288559e+01,1.270205e+01,7.895383e+00,5001,5473
1476,2.270224e-01,2.015285e-01,1.868283e-01,1.090553e+00,8.748271e+01,2.616621e+01,1.279481e+01,1.180690e+01,7.022117e+00,4961,5538
1477,2.289185e-01,2.033499e-01,1.831014e-01,5.967178e-01,8.877365e+01,3.134163e+01,1.247607e+01,1.144718e+01,7.205663e+00,4958,5543
1478,2.284982e-01,2.018269e-01,1.837391e-01,7.215767e-01,8.079448e+01,3.696708e+01,1.238162e+01,1.182663e+01,6.855671e+00,4950,5568
1479,2.268866e-01,2.029635e-01,1.839993e-01,6.030807e-01,7.242521e+01,3.404522e+01,1.257700e+01,1.087798e+01,7.802881e+00,4949,5587
1480,2.253515e-01,2.020112e-01,1.832182e-01,6.240082e-01,8.403227e+01,3.175360e+01,1.274588e+01,1.141552e+01,6.494842e+00,4963,5532
1481,2.234935e-01,2.032005e-01,1.821633e-01,6.280136e-01,5.643696e+01,3.957546e+01,1.303121e+01,1.136632e+01,7.182486e+00,4974,5508
1482,2.266654e-01,2.008373e-01,1.795656e-01,6.356049e-01,7.046346e+01,3.421259e+01,1.262144e+01,1.154170e+01,6.631809e+00,4950,5570
1483,2.251395e-01,2.013402e-01,1.820486e-01,6.619797e-01,6.955882e+01,2.514593e+01,1.276107e+01,1.183988e+01,7.555261e+00,4991,5504
1484,2.264830e-01,2.006949e-01,1.814939e-01,6.806793e-01,5.264068e+01,2.304534e+01,1.265458e+01,1.125347e+01,6.241239e+00,4981,5461
1485,2.218683e-01,1.982938e-01,1.804414e-01,6.777191e-01,6.832722e+01,2.758867e+01,1.273080e+01,1.106791e+01,6.989791e+00,4979,5496
1486,2.209761e-01,1.993662e-01,1.793905e-01,7.285805e-01,6.139405e+01,2.547892e+01,1.282098e+01,1.107221e+01,6.146397e+00,4971,5495
1487,2.186677e-01,1.983843e-01,1.755946e-01,7.704163e-01,7.334270e+01,3.015340e+01,1.282109e+01,1.146064e+01,7.055077e+00,4956,5570
1488,2.172590e-01,1.940818e-01,1.722328e-01,7.764282e-01,6.325491e+01,2.764692e+01,1.233452e+01,1.119567e+01,6.774415e+00,4946,5614
1489,2.164687e-01,1.952726e-01,1.680279e-01,7.671738e-01,6.890227e+01,2.907543e+01,1.237751e+01,1.137966e+01,6.775682e+00,4958,5570
1490,2.173433e-01,1.955083e-01,1.668054e-01,8.233147e-01,5.731315e+01,2.939962e+01,1.232913e+01,1.048028e+01,7.452626e+00,4915,5556
1491,2.127673e-01,1.927063e-01,1.652666e-01,7.600327e-01,5.558216e+01,2.717955e+01,1.222416e+01,1.081972e+01,6.082667e+00,4963,5545
1492,2.123736e-01,1.885704e-01,1.639667e-01,7.567444e-01,5.124660e+01,3.008590e+01,1.220302e+01,1.099728e+01,6.557016e+00,4955,5576
1493,2.100573e-01,1.908381e-01,1.631806e-01,7.365417e-01,4.444641e+01,2.663335e+01,1.193838e+01,1.063737e+01,6.182123e+00,4953,5547
1494,2.078282e-01,1.900830e-01,1.620502e-01,7.016563e-01,4.252459e+01,2.167475e+01,1.184011e+01,1.072912e+01,6.838222e+00,4954,5542
1495,2.065219e-01,1.874492e-01,1.617402e-01,7.124329e-01,3.924207e+01,2.535327e+01,1.180827e+01,9.924454e+00,5.657776e+00,4958,5476
1496,2.027098e-01,1.839705e-01,1.611399e-01,7.130890e-01,4.210849e+01,2.321281e+01,1.176232e+01,1.005320e+01,6.118958e+00,4974,5554
1497,2.005033e-01,1.820902e-01,1.607297e-01,6.963310e-01,3.705658e+01,2.144716e+01,1.152902e+01,9.992142e+00,6.805146e+00,4990,5572
1498,1.974746e-01,1.834077e-01,1.668771e-01,6.753998e-01,4.060366e+01,2.436686e+01,1.128692e+01,1.021708e+01,6.150014e+00,4971,5568
