iter,umax,divmax,pmax,pargmax_i,pargmax_j,pargmax_k,force_lin_sum,force_lin_max,visc_lin_max,pres_lin_max
0,0.000000e+00,0.000000e+00,0.000000e+00,0,0,0,0.000000e+00,0.000000e+00,0.000000e+00,0.000000e+00
1,0.000000e+00,0.000000e+00,0.000000e+00,0,0,0,0.000000e+00,0.000000e+00,0.000000e+00,0.000000e+00
2,0.000000e+00,0.000000e+00,0.000000e+00,0,0,0,0.000000e+00,0.000000e+00,0.000000e+00,0.000000e+00
3,3.812189e-04,1.709583e+00,2.469350e-01,24,66,36,1.065563e-05,1.389946e-06,3.570016e-09,1.386376e-06
4,1.290531e-03,4.618455e+00,7.887242e-01,23,66,34,3.557345e-05,5.066357e-06,1.232848e-08,5.056469e-06
5,2.605352e-03,7.623975e+00,1.475245e+00,23,66,34,6.845910e-05,1.034324e-05,2.559002e-08,1.031849e-05
6,4.237431e-03,1.046340e+01,2.168878e+00,23,66,34,1.057239e-04,1.623202e-05,4.639486e-08,1.618566e-05
7,6.543165e-03,1.315205e+01,2.843573e+00,21,66,34,1.442987e-04,2.193726e-05,7.349339e-08,2.186393e-05
8,9.505024e-03,1.565554e+01,3.481063e+00,18,66,34,1.803486e-04,2.655907e-05,1.034956e-07,2.645604e-05
9,1.279755e-02,1.810649e+01,4.148100e+00,18,66,34,2.109143e-04,2.989869e-05,1.341030e-07,2.976550e-05
10,1.600114e-02,2.117858e+01,5.065423e+00,18,66,34,2.566281e-04,3.351226e-05,1.431312e-07,3.337069e-05
11,1.974245e-02,2.343402e+01,5.581143e+00,17,66,35,2.655914e-04,3.430706e-05,1.702315e-07,3.414369e-05
12,2.359602e-02,2.003099e+01,6.184927e+00,17,66,35,2.713978e-04,3.596702e-05,1.996030e-07,3.578018e-05
13,2.729722e-02,2.354025e+01,6.655329e+00,17,66,34,2.781810e-04,3.908645e-05,2.272136e-07,3.886705e-05
14,3.058990e-02,2.537543e+01,6.830138e+00,17,66,34,2.891476e-04,4.423871e-05,2.640283e-07,4.397488e-05
15,3.417787e-02,2.832950e+01,6.568122e+00,17,66,34,3.022655e-04,5.077197e-05,3.063022e-07,5.046650e-05
16,3.791084e-02,3.109302e+01,6.695216e+00,17,67,34,3.088341e-04,5.273227e-05,3.382455e-07,5.239835e-05
17,4.164741e-02,3.356632e+01,6.642314e+00,17,67,34,3.057267e-04,4.782415e-05,3.506136e-07,4.748372e-05
18,4.473943e-02,3.564004e+01,6.527880e+00,17,67,34,2.939733e-04,4.166702e-05,3.509241e-07,4.134393e-05
19,4.775389e-02,3.730634e+01,6.747098e+00,17,67,34,2.704998e-04,3.922305e-05,3.676656e-07,3.890099e-05
20,5.043985e-02,3.846287e+01,6.932406e+00,17,67,34,2.444669e-04,4.159857e-05,3.773149e-07,4.124166e-05
21,5.261276e-02,3.917786e+01,6.983863e+00,11,66,37,2.307738e-04,4.720318e-05,3.981399e-07,4.681777e-05
22,5.447024e-02,3.936172e+01,6.342432e+00,16,68,35,2.283388e-04,4.760757e-05,4.227977e-07,4.721583e-05
23,5.694808e-02,3.903816e+01,5.901106e+00,16,68,35,2.278621e-04,4.027456e-05,4.116126e-07,3.990611e-05
24,5.902118e-02,3.827009e+01,5.460040e+00,16,68,35,2.164993e-04,3.443082e-05,3.981588e-07,3.409805e-05
25,6.100677e-02,3.713167e+01,6.831053e+00,11,67,37,1.933364e-04,3.333200e-05,4.085632e-07,3.295563e-05
26,6.295652e-02,3.568995e+01,7.058814e+00,12,67,29,1.730915e-04,3.659810e-05,4.283438e-07,3.622179e-05
27,6.425647e-02,3.365129e+01,6.038352e+00,12,67,29,1.566082e-04,3.666073e-05,4.558381e-07,3.629714e-05
28,6.565557e-02,3.182880e+01,5.550590e+00,11,67,36,1.415716e-04,3.099646e-05,4.498726e-07,3.065456e-05
29,6.709853e-02,3.687890e+01,6.064583e+00,11,68,40,1.349011e-04,2.571200e-05,4.465765e-07,2.533913e-05
30,6.833554e-02,3.263279e+01,6.676793e+00,12,68,31,1.349785e-04,2.388628e-05,4.649924e-07,2.352172e-05
31,6.960586e-02,3.734193e+01,6.103539e+00,12,68,31,1.387480e-04,2.414726e-05,4.957934e-07,2.380244e-05
32,7.092342e-02,4.389381e+01,5.321952e+00,12,68,30,1.461197e-04,2.228836e-05,5.190452e-07,2.198407e-05
33,7.237702e-02,5.036843e+01,5.164522e+00,11,69,40,1.407848e-04,1.724337e-05,5.116490e-07,1.696772e-05
34,7.377360e-02,4.295383e+01,5.707011e+00,12,69,32,1.425845e-04,1.518140e-05,5.148337e-07,1.485069e-05
35,7.490575e-02,4.650217e+01,5.282373e+00,12,69,32,1.504083e-04,1.632112e-05,5.397927e-07,1.639640e-05
36,7.579421e-02,5.005526e+01,4.946798e+00,30,66,34,1.683787e-04,2.078841e-05,5.807929e-07,2.086537e-05
37,7.642189e-02,4.649489e+01,4.742301e+00,29,66,34,1.870887e-04,2.403271e-05,6.191333e-07,2.408728e-05
38,7.675496e-02,4.844585e+01,5.144359e+00,29,66,34,1.953572e-04,2.538058e-05,6.393150e-07,2.549843e-05
39,7.667617e-02,4.381080e+01,5.639148e+00,29,66,34,2.064049e-04,2.527384e-05,6.569438e-07,2.537305e-05
40,7.668441e-02,4.588239e+01,6.219431e+00,25,68,34,2.238439e-04,2.688371e-05,6.860245e-07,2.696375e-05
41,7.704069e-02,4.834908e+01,6.545028e+00,25,68,34,2.521582e-04,3.090472e-05,7.238067e-07,3.096483e-05
42,7.729635e-02,5.631806e+01,6.797378e+00,25,68,34,2.803756e-04,3.479287e-05,7.669950e-07,3.483193e-05
43,7.732160e-02,8.642039e+01,7.186460e+00,25,68,34,2.986743e-04,3.633690e-05,8.113236e-07,3.640781e-05
44,7.724833e-02,7.447934e+01,7.981552e+00,25,68,34,3.110672e-04,3.774005e-05,8.591573e-07,3.777317e-05
45,7.688878e-02,6.178608e+01,8.463845e+00,24,68,34,3.289134e-04,4.148626e-05,9.072938e-07,4.124980e-05
46,7.615750e-02,5.910903e+01,9.097377e+00,22,69,34,3.513839e-04,4.528236e-05,9.517356e-07,4.508965e-05
47,7.511394e-02,7.011366e+01,9.548670e+00,22,69,34,3.747941e-04,5.042255e-05,9.902056e-07,5.017657e-05
48,7.489602e-02,6.411105e+01,9.896366e+00,22,69,34,3.910224e-04,5.583189e-05,1.029912e-06,5.553033e-05
49,7.707886e-02,1.111695e+02,1.053018e+01,21,69,34,4.005395e-04,6.160461e-05,1.071688e-06,6.124493e-05
50,8.010454e-02,1.031223e+02,1.132398e+01,21,69,34,4.078822e-04,6.737981e-05,1.112706e-06,6.695980e-05
51,8.334816e-02,9.996912e+01,1.152273e+01,21,69,34,4.148291e-04,7.250036e-05,1.147235e-06,7.201856e-05
52,8.685588e-02,8.584377e+01,1.168974e+01,19,70,34,4.240800e-04,7.678002e-05,1.177921e-06,7.623670e-05
53,9.059285e-02,8.277284e+01,1.235710e+01,19,67,34,4.302560e-04,8.056757e-05,1.197893e-06,7.997212e-05
54,9.503185e-02,7.226292e+01,1.297869e+01,19,67,34,4.295791e-04,8.439199e-05,1.239779e-06,8.374367e-05
55,9.851071e-02,7.370189e+01,1.347154e+01,18,67,34,4.244067e-04,8.743886e-05,1.275237e-06,8.675094e-05
56,9.960507e-02,9.891464e+01,1.401043e+01,18,67,35,4.175648e-04,8.853478e-05,1.252025e-06,8.783687e-05
57,1.030097e-01,9.837862e+01,1.434833e+01,18,67,35,4.126638e-04,8.957259e-05,1.290515e-06,8.882298e-05
58,1.039273e-01,9.245327e+01,1.416817e+01,17,67,36,4.033148e-04,8.912156e-05,1.298456e-06,8.834642e-05
59,1.023890e-01,6.232217e+01,1.564870e+01,14,70,31,3.940041e-04,8.904342e-05,1.340213e-06,8.823790e-05
60,1.032218e-01,6.427541e+01,1.543765e+01,14,70,35,3.802844e-04,8.688012e-05,1.315405e-06,8.609390e-05
61,1.081063e-01,6.311813e+01,1.553949e+01,13,70,36,3.673332e-04,8.507384e-05,1.332345e-06,8.428461e-05
62,1.057974e-01,6.310640e+01,1.398766e+01,14,69,29,3.529038e-04,8.305950e-05,1.377637e-06,8.222144e-05
63,1.025774e-01,6.310674e+01,1.571996e+01,14,69,32,3.382856e-04,8.041674e-05,1.402476e-06,7.956789e-05
64,1.019926e-01,6.795386e+01,1.644153e+01,13,69,34,3.245448e-04,7.699521e-05,1.405728e-06,7.615709e-05
65,9.885658e-02,7.467043e+01,1.304408e+01,13,69,34,3.104826e-04,7.401389e-05,1.400245e-06,7.316747e-05
66,9.583247e-02,1.117915e+02,1.357673e+01,14,68,31,2.965256e-04,7.101615e-05,1.431904e-06,7.014524e-05
67,9.199064e-02,9.433381e+01,1.457397e+01,13,68,32,2.815274e-04,6.726947e-05,1.454392e-06,6.640176e-05
68,8.814339e-02,9.690860e+01,1.213214e+01,12,68,40,2.681385e-04,6.412801e-05,1.445916e-06,6.326949e-05
69,8.751735e-02,1.033614e+02,1.217004e+01,13,67,29,2.544922e-04,6.097442e-05,1.445538e-06,6.011818e-05
70,9.026650e-02,9.056909e+01,1.238689e+01,13,67,34,2.403860e-04,5.683829e-05,1.460390e-06,5.598710e-05
71,9.307063e-02,8.704559e+01,1.101863e+01,12,67,40,2.284120e-04,5.345047e-05,1.453216e-06,5.259793e-05
72,9.521705e-02,8.784949e+01,1.130658e+01,13,66,29,2.166941e-04,5.098446e-05,1.456919e-06,5.012681e-05
73,9.708862e-02,9.683746e+01,1.130140e+01,12,66,40,2.033375e-04,4.733220e-05,1.473679e-06,4.649347e-05
74,9.944256e-02,9.179594e+01,9.531885e+00,15,65,43,1.937521e-04,4.480043e-05,1.454701e-06,4.397049e-05
75,1.014656e-01,8.539376e+01,1.034836e+01,13,65,27,1.838791e-04,4.245764e-05,1.428999e-06,4.166316e-05
76,1.030640e-01,7.896088e+01,1.059812e+01,12,65,41,1.731639e-04,3.897580e-05,1.434029e-06,3.820305e-05
77,1.034540e-01,7.878857e+01,8.899382e+00,15,64,43,1.637450e-04,3.680105e-05,1.421710e-06,3.601902e-05
78,1.051165e-01,7.011813e+01,9.269891e+00,13,64,43,1.537713e-04,3.456284e-05,1.399168e-06,3.380972e-05
79,1.062916e-01,7.068067e+01,9.378482e+00,12,64,41,1.433580e-04,3.140486e-05,1.386796e-06,3.069634e-05
80,1.068011e-01,7.385608e+01,7.987391e+00,15,63,23,1.358496e-04,3.007507e-05,1.353706e-06,2.939182e-05
81,1.073040e-01,6.326314e+01,8.175812e+00,13,63,43,1.272408e-04,2.832729e-05,1.334481e-06,2.766785e-05
82,1.084871e-01,6.280501e+01,7.991713e+00,12,63,42,1.191295e-04,2.497601e-05,1.319175e-06,2.436839e-05
83,1.092104e-01,5.093179e+01,6.782952e+00,16,62,23,1.146348e-04,2.364525e-05,1.308094e-06,2.302992e-05
84,1.099189e-01,5.394551e+01,7.121935e+00,14,62,43,1.068931e-04,2.260034e-05,1.280621e-06,2.201617e-05
85,1.109095e-01,4.851598e+01,6.414762e+00,13,62,43,9.638164e-05,1.970856e-05,1.240611e-06,1.920904e-05
86,1.116735e-01,4.372829e+01,5.680940e+00,18,61,43,8.976028e-05,1.872067e-05,1.220318e-06,1.825661e-05
87,1.120825e-01,7.013459e+01,5.875830e+00,16,61,23,8.605162e-05,1.917146e-05,1.243993e-06,1.867363e-05
88,1.118463e-01,7.052341e+01,5.674681e+00,14,61,43,8.049909e-05,1.609151e-05,1.196941e-06,1.567680e-05
89,1.123557e-01,6.367993e+01,4.892485e+00,16,64,43,7.512500e-05,1.274433e-05,1.135123e-06,1.239301e-05
90,1.126856e-01,6.070305e+01,4.822956e+00,17,64,42,6.840468e-05,1.254224e-05,1.119525e-06,1.217614e-05
91,1.127000e-01,5.344569e+01,4.865469e+00,18,63,42,6.076770e-05,1.428547e-05,1.170679e-06,1.390883e-05
92,1.118575e-01,5.468256e+01,4.734809e+00,19,63,42,5.501446e-05,1.262075e-05,1.170434e-06,1.232284e-05
93,1.115197e-01,4.283351e+01,4.067397e+00,13,65,40,4.997265e-05,8.481254e-06,1.088293e-06,8.269224e-06
94,1.114182e-01,3.834076e+01,4.466923e+00,13,64,41,5.204683e-05,7.220423e-06,1.029094e-06,7.025009e-06
95,1.110450e-01,3.534536e+01,4.545535e+00,13,64,41,4.536248e-05,7.578592e-06,1.053555e-06,7.378256e-06
96,1.108403e-01,3.607969e+01,4.542157e+00,13,64,41,3.650464e-05,8.147686e-06,1.102179e-06,8.004768e-06
97,1.106623e-01,3.658963e+01,4.510898e+00,13,64,40,3.219412e-05,7.215905e-06,1.082543e-06,7.128041e-06
98,1.101431e-01,3.139129e+01,4.547216e+00,13,64,40,3.179908e-05,5.454198e-06,1.028271e-06,5.384375e-06
99,1.095530e-01,3.195799e+01,4.998586e+00,13,64,40,3.457424e-05,4.660907e-06,1.000314e-06,4.625591e-06
100,1.095036e-01,3.402900e+01,3.985019e+00,13,63,41,2.654398e-05,3.585730e-06,1.008535e-06,3.540786e-06
101,1.092115e-01,3.717781e+01,4.873745e+00,13,63,41,2.899785e-05,4.048658e-06,1.034631e-06,4.097385e-06
102,1.087613e-01,3.816903e+01,3.943408e+00,13,63,40,2.658106e-05,3.148661e-06,1.039501e-06,3.217872e-06
103,1.078691e-01,2.975578e+01,4.853463e+00,13,63,40,3.164196e-05,3.633540e-06,1.022550e-06,4.063054e-06
104,1.069479e-01,2.622172e+01,3.961158e+00,13,63,40,2.994354e-05,3.825848e-06,1.004489e-06,4.232996e-06
105,1.064653e-01,2.560627e+01,4.753313e+00,13,63,40,3.921922e-05,5.310955e-06,1.002346e-06,5.701257e-06
106,1.060340e-01,3.236834e+01,3.893733e+00,12,63,40,3.985432e-05,6.025891e-06,1.009400e-06,6.144565e-06
107,1.053372e-01,2.792426e+01,4.710531e+00,12,63,40,5.343738e-05,8.925635e-06,1.023610e-06,9.035602e-06
108,1.045096e-01,3.206541e+01,3.813480e+00,12,63,39,5.384873e-05,9.004847e-06,1.036922e-06,9.095417e-06
109,1.033332e-01,2.906608e+01,4.683802e+00,12,63,39,7.116076e-05,1.154694e-05,1.047360e-06,1.162560e-05
110,1.025689e-01,2.889027e+01,3.822517e+00,12,63,39,7.121649e-05,1.122033e-05,1.055104e-06,1.127301e-05
111,1.018879e-01,2.909711e+01,4.639746e+00,12,63,39,9.305586e-05,1.483045e-05,1.064625e-06,1.486961e-05
112,1.015931e-01,2.702627e+01,3.742411e+00,12,63,39,9.217941e-05,1.447394e-05,1.077302e-06,1.448301e-05
113,1.011315e-01,2.683553e+01,4.524935e+00,12,63,39,1.183624e-04,1.808101e-05,1.095727e-06,1.807702e-05
114,1.006663e-01,2.531827e+01,3.629352e+00,12,62,39,1.144097e-04,1.643112e-05,1.120568e-06,1.639542e-05
115,1.000184e-01,3.649329e+01,3.981345e+00,12,62,39,1.300754e-04,1.825456e-05,1.150989e-06,1.832846e-05
116,9.921666e-02,2.701627e+01,4.014834e+00,12,62,39,1.446849e-04,2.029401e-05,1.186389e-06,2.033725e-05
117,9.870238e-02,2.463692e+01,3.973948e+00,12,62,39,1.583218e-04,2.215315e-05,1.224273e-06,2.216567e-05
118,9.836159e-02,2.499971e+01,3.915661e+00,12,62,39,1.709256e-04,2.350850e-05,1.268111e-06,2.348874e-05
119,9.801628e-02,2.499926e+01,3.852503e+00,12,62,39,1.841260e-04,2.436061e-05,1.316436e-06,2.430837e-05
120,9.794717e-02,2.618349e+01,4.664949e+00,27,58,33,2.220782e-04,2.804355e-05,1.366403e-06,2.797268e-05
121,9.779679e-02,2.802446e+01,4.784667e+00,27,58,33,2.289471e-04,2.740645e-05,1.423911e-06,2.730416e-05
122,9.754316e-02,2.898049e+01,5.053683e+00,27,58,33,2.397365e-04,2.716412e-05,1.482710e-06,2.703185e-05
123,9.714478e-02,2.942603e+01,5.249675e+00,27,58,34,2.511494e-04,2.720621e-05,1.543502e-06,2.713896e-05
124,9.666127e-02,3.007979e+01,5.501043e+00,26,58,33,2.626317e-04,2.782458e-05,1.606551e-06,2.782626e-05
125,9.678169e-02,3.250866e+01,5.798682e+00,26,58,34,2.724493e-04,2.952664e-05,1.670028e-06,2.953580e-05
126,9.689192e-02,3.659644e+01,6.178829e+00,26,58,34,2.825762e-04,3.085840e-05,1.739888e-06,3.084538e-05
127,9.696835e-02,4.042579e+01,6.471595e+00,26,58,33,2.931391e-04,3.197238e-05,1.810911e-06,3.193488e-05
128,9.699996e-02,4.054636e+01,6.889324e+00,24,57,34,3.026985e-04,3.307248e-05,1.890573e-06,3.263961e-05
129,9.696716e-02,4.024064e+01,7.361624e+00,24,57,34,3.120461e-04,3.581112e-05,1.969596e-06,3.521562e-05
130,9.723154e-02,4.394278e+01,7.614387e+00,24,57,34,3.200550e-04,3.853732e-05,2.033958e-06,3.790747e-05
131,9.787662e-02,5.525898e+01,8.077469e+00,24,57,34,3.272034e-04,4.127737e-05,2.095006e-06,4.062761e-05
132,9.869877e-02,5.756920e+01,8.428810e+00,19,55,35,3.337904e-04,4.428903e-05,2.153214e-06,4.361668e-05
133,1.014543e-01,5.612974e+01,9.281189e+00,19,55,37,3.404029e-04,4.739066e-05,2.205172e-06,4.670207e-05
134,1.049957e-01,5.716469e+01,9.682249e+00,19,55,37,3.471543e-04,5.059479e-05,2.250708e-06,4.987955e-05
135,1.087071e-01,6.859116e+01,1.028095e+01,20,56,30,3.536714e-04,5.414392e-05,2.308110e-06,5.340316e-05
136,1.128118e-01,7.195689e+01,1.230638e+01,20,56,29,3.598594e-04,5.776798e-05,2.375055e-06,5.700310e-05
137,1.174078e-01,9.133066e+01,1.424959e+01,20,56,32,3.643300e-04,6.155019e-05,2.443556e-06,6.076947e-05
138,1.220040e-01,7.671652e+01,1.482130e+01,20,56,32,3.670154e-04,6.581683e-05,2.465133e-06,6.502835e-05
139,1.256465e-01,7.353902e+01,1.476492e+01,20,56,33,3.689000e-04,6.947458e-05,2.443372e-06,6.867676e-05
140,1.275689e-01,8.001540e+01,1.536976e+01,20,57,30,3.704893e-04,7.301966e-05,2.437412e-06,7.220879e-05
141,1.300338e-01,8.577279e+01,1.914927e+01,20,57,32,3.712024e-04,7.733090e-05,2.496021e-06,7.650107e-05
142,1.336160e-01,8.602129e+01,1.859139e+01,20,57,34,3.684399e-04,8.020815e-05,2.489750e-06,7.936688e-05
143,1.366844e-01,7.814452e+01,1.793959e+01,19,57,37,3.651106e-04,8.172395e-05,2.428932e-06,8.086714e-05
144,1.372717e-01,1.045388e+02,2.093171e+01,20,58,33,3.616069e-04,8.421499e-05,2.497833e-06,8.334464e-05
145,1.369989e-01,9.330742e+01,2.028864e+01,19,58,37,3.560371e-04,8.438100e-05,2.449577e-06,8.349525e-05
146,1.372284e-01,8.881145e+01,1.990384e+01,19,58,37,3.511619e-04,8.444457e-05,2.462515e-06,8.354061e-05
147,1.354646e-01,8.015550e+01,1.998664e+01,20,59,33,3.449960e-04,8.412589e-05,2.482091e-06,8.321299e-05
148,1.331694e-01,9.927410e+01,2.198992e+01,19,59,37,3.358841e-04,8.299130e-05,2.483154e-06,8.204560e-05
149,1.319973e-01,9.126346e+01,1.879500e+01,20,60,31,3.265755e-04,8.209469e-05,2.519385e-06,8.113555e-05
150,1.308099e-01,8.172771e+01,2.160239e+01,19,60,34,3.168346e-04,8.004779e-05,2.465454e-06,7.909541e-05
151,1.300087e-01,1.004212e+02,1.695274e+01,19,60,37,3.068288e-04,7.837358e-05,2.562354e-06,7.736062e-05
152,1.289040e-01,1.339202e+02,1.880487e+01,19,61,32,2.946481e-04,7.552729e-05,2.477595e-06,7.451923e-05
153,1.277747e-01,6.931381e+01,1.578047e+01,19,61,34,2.874836e-04,7.369793e-05,2.552529e-06,7.264583e-05
154,1.262507e-01,7.211287e+01,1.534533e+01,19,62,29,2.799551e-04,7.136857e-05,2.494045e-06,7.031800e-05
155,1.249234e-01,1.027183e+02,1.445328e+01,19,62,42,2.708638e-04,6.845430e-05,2.549702e-06,6.737817e-05
156,1.271508e-01,1.006822e+02,1.368840e+01,19,63,27,2.616472e-04,6.524016e-05,2.483726e-06,6.417946e-05
157,1.287359e-01,1.003285e+02,1.383194e+01,19,63,42,2.530087e-04,6.189707e-05,2.485104e-06,6.083434e-05
158,1.303052e-01,9.843295e+01,1.380361e+01,18,63,41,2.433131e-04,5.924332e-05,2.444103e-06,5.817779e-05
159,1.320645e-01,9.765953e+01,1.368634e+01,19,64,43,2.321359e-04,5.695059e-05,2.440591e-06,5.587404e-05
160,1.339086e-01,1.095401e+02,1.374162e+01,18,64,42,2.225888e-04,5.472258e-05,2.388382e-06,5.366150e-05
161,1.350476e-01,1.094411e+02,1.332885e+01,19,65,43,2.154098e-04,5.192316e-05,2.367278e-06,5.086893e-05
162,1.359389e-01,9.972417e+01,1.325480e+01,18,65,42,2.096533e-04,4.845326e-05,2.316304e-06,4.742566e-05
163,1.372205e-01,1.040244e+02,1.190082e+01,19,66,43,2.046509e-04,4.588085e-05,2.265995e-06,4.485549e-05
164,1.377219e-01,1.065123e+02,1.186988e+01,18,66,42,1.957669e-04,4.306808e-05,2.238869e-06,4.207525e-05
165,1.376063e-01,1.056655e+02,1.069940e+01,20,67,43,1.858231e-04,4.102936e-05,2.194284e-06,4.003703e-05
166,1.392599e-01,9.208946e+01,1.042887e+01,19,67,43,1.757884e-04,3.860496e-05,2.148300e-06,3.765208e-05
167,1.396856e-01,8.396831e+01,9.478289e+00,21,68,23,1.714216e-04,3.637294e-05,2.068811e-06,3.546697e-05
168,1.403879e-01,7.722080e+01,9.158986e+00,19,68,43,1.670622e-04,3.398205e-05,2.019177e-06,3.309817e-05
169,1.434630e-01,7.888060e+01,8.770435e+00,23,65,42,1.593190e-04,3.130543e-05,1.975756e-06,3.044792e-05
170,1.418695e-01,8.247514e+01,8.708080e+00,23,65,42,1.520367e-04,2.997572e-05,1.913337e-06,2.915320e-05
171,1.431802e-01,7.702781e+01,8.580915e+00,22,65,42,1.431486e-04,2.820798e-05,1.862718e-06,2.745212e-05
172,1.453301e-01,7.109534e+01,8.224321e+00,22,65,42,1.378611e-04,2.670023e-05,1.816088e-06,2.595219e-05
173,1.436302e-01,6.857872e+01,8.230350e+00,23,66,42,1.345207e-04,2.484397e-05,1.755058e-06,2.414836e-05
174,1.422845e-01,7.841869e+01,8.067791e+00,23,66,42,1.308404e-04,2.247983e-05,1.706041e-06,2.183801e-05
175,1.436575e-01,6.649538e+01,7.915100e+00,23,66,42,1.249093e-04,2.162872e-05,1.660212e-06,2.099384e-05
176,1.422464e-01,5.665542e+01,7.898144e+00,19,65,41,1.159226e-04,2.055597e-05,1.596009e-06,2.001575e-05
177,1.385621e-01,6.117732e+01,7.865273e+00,19,65,41,1.089043e-04,1.909615e-05,1.547176e-06,1.861074e-05
178,1.368334e-01,4.698294e+01,7.786843e+00,18,64,40,1.072012e-04,1.847756e-05,1.529965e-06,1.796921e-05
179,1.365474e-01,5.509518e+01,7.748309e+00,18,64,40,1.047741e-04,1.663526e-05,1.482979e-06,1.619699e-05
180,1.345473e-01,6.180662e+01,7.686268e+00,19,66,41,9.988272e-05,1.448180e-05,1.418267e-06,1.411843e-05
181,1.323730e-01,5.394834e+01,7.844183e+00,18,65,40,9.275257e-05,1.424083e-05,1.393800e-06,1.386441e-05
182,1.304475e-01,5.094570e+01,7.958719e+00,18,65,40,8.579969e-05,1.509066e-05,1.413465e-06,1.471650e-05
183,1.297159e-01,5.126651e+01,7.946000e+00,18,65,40,8.041493e-05,1.336462e-05,1.356558e-06,1.309448e-05
184,1.287694e-01,4.450833e+01,7.900753e+00,18,65,40,8.091803e-05,1.107168e-05,1.271694e-06,1.087476e-05
185,1.275580e-01,4.349632e+01,7.765699e+00,18,65,40,7.801454e-05,9.911288e-06,1.239989e-06,9.706358e-06
186,1.271217e-01,4.258801e+01,7.879244e+00,18,66,40,6.890105e-05,1.018450e-05,1.284015e-06,9.977104e-06
187,1.264825e-01,3.604411e+01,8.020209e+00,18,66,40,5.903849e-05,1.047680e-05,1.304211e-06,1.031189e-05
188,1.257835e-01,3.533308e+01,7.986925e+00,18,66,40,5.442460e-05,9.569860e-06,1.252296e-06,9.433627e-06
189,1.249775e-01,3.772174e+01,7.985235e+00,18,65,39,5.657490e-05,8.166544e-06,1.193431e-06,8.052521e-06
190,1.238585e-01,3.939940e+01,7.860163e+00,18,65,39,5.619640e-05,7.092827e-06,1.169930e-06,6.977684e-06
191,1.229265e-01,3.960830e+01,7.912212e+00,18,66,39,5.034527e-05,6.735219e-06,1.178914e-06,6.635892e-06
192,1.223839e-01,3.691351e+01,7.966576e+00,18,66,39,4.901203e-05,6.690788e-06,1.196722e-06,6.617688e-06
193,1.217353e-01,3.590728e+01,7.950618e+00,18,66,39,5.082871e-05,6.310999e-06,1.199799e-06,6.268368e-06
194,1.209546e-01,3.325113e+01,7.885642e+00,18,66,39,5.365456e-05,6.583115e-06,1.185327e-06,6.226720e-06
195,1.198831e-01,3.306948e+01,7.805149e+00,18,66,39,5.674439e-05,7.388605e-06,1.170689e-06,7.050978e-06
196,1.189180e-01,3.294045e+01,7.757055e+00,18,67,39,6.131495e-05,7.583850e-06,1.165013e-06,7.248115e-06
197,1.184695e-01,2.999492e+01,7.744908e+00,18,67,39,6.775986e-05,8.512658e-06,1.168184e-06,8.580108e-06
198,1.181020e-01,3.330061e+01,7.767837e+00,18,67,39,7.433761e-05,1.032799e-05,1.177097e-06,1.038192e-05
199,1.176668e-01,3.308139e+01,7.706852e+00,18,67,39,8.092481e-05,1.139383e-05,1.190977e-06,1.143494e-05
200,1.171512e-01,3.540145e+01,7.660248e+00,18,67,39,8.823171e-05,1.231224e-05,1.209633e-06,1.233013e-05
201,1.165931e-01,3.434144e+01,7.577688e+00,18,67,39,9.617999e-05,1.357477e-05,1.228317e-06,1.357444e-05
202,1.160946e-01,3.241497e+01,7.476187e+00,18,67,39,1.062446e-04,1.541305e-05,1.248973e-06,1.554275e-05
203,1.160420e-01,3.286780e+01,7.451182e+00,17,66,38,1.186327e-04,1.734925e-05,1.269090e-06,1.744952e-05
204,1.159036e-01,3.239251e+01,7.408553e+00,17,66,38,1.313149e-04,1.876011e-05,1.292684e-06,1.883219e-05
205,1.156240e-01,3.329327e+01,7.422768e+00,17,66,38,1.439766e-04,1.986925e-05,1.322114e-06,1.990742e-05
206,1.151331e-01,3.157634e+01,7.356063e+00,17,66,38,1.562113e-04,2.103874e-05,1.353731e-06,2.104458e-05
207,1.144744e-01,3.582574e+01,7.281352e+00,17,66,38,1.680078e-04,2.214937e-05,1.389243e-06,2.212609e-05
208,1.138588e-01,3.482732e+01,7.169832e+00,17,66,38,1.802100e-04,2.305184e-05,1.428909e-06,2.299903e-05
209,1.136502e-01,3.475214e+01,7.083250e+00,17,67,38,1.950266e-04,2.385681e-05,1.474038e-06,2.377764e-05
210,1.136688e-01,3.402239e+01,7.095531e+00,17,67,38,2.087735e-04,2.409505e-05,1.529086e-06,2.398525e-05
211,1.136232e-01,3.395240e+01,7.090789e+00,17,67,38,2.215476e-04,2.416450e-05,1.585637e-06,2.411700e-05
212,1.134926e-01,4.449861e+01,6.971690e+00,17,67,38,2.332230e-04,2.466490e-05,1.641302e-06,2.459406e-05
213,1.132413e-01,4.461447e+01,6.866945e+00,17,67,38,2.442325e-04,2.581859e-05,1.698309e-06,2.586331e-05
214,1.131854e-01,4.412840e+01,6.821504e+00,17,67,38,2.551427e-04,2.710766e-05,1.761633e-06,2.712490e-05
215,1.138828e-01,4.013956e+01,6.743251e+00,17,67,38,2.656283e-04,2.802178e-05,1.829003e-06,2.801757e-05
216,1.145114e-01,4.650410e+01,6.938388e+00,34,75,33,2.763805e-04,2.934899e-05,1.899566e-06,2.905409e-05
217,1.150719e-01,4.542790e+01,7.317409e+00,35,74,34,2.860934e-04,3.154555e-05,1.978098e-06,3.123686e-05
218,1.156913e-01,5.020695e+01,7.474198e+00,29,77,32,2.933963e-04,3.385205e-05,2.052685e-06,3.333799e-05
219,1.169697e-01,5.441486e+01,8.197488e+00,29,77,34,3.005782e-04,3.673460e-05,2.119133e-06,3.610246e-05
220,1.182968e-01,5.870926e+01,9.054469e+00,29,77,33,3.070140e-04,3.988743e-05,2.186775e-06,3.923753e-05
221,1.197306e-01,6.423665e+01,9.572280e+00,29,77,33,3.147986e-04,4.305415e-05,2.265689e-06,4.236266e-05
222,1.216092e-01,7.233949e+01,1.001275e+01,29,77,33,3.238320e-04,4.650148e-05,2.310232e-06,4.578523e-05
223,1.248132e-01,7.677005e+01,1.056576e+01,29,77,33,3.317533e-04,4.955046e-05,2.336463e-06,4.883506e-05
224,1.291608e-01,7.297784e+01,1.275764e+01,29,76,32,3.387009e-04,5.301612e-05,2.389196e-06,5.228167e-05
225,1.335300e-01,7.753678e+01,1.456401e+01,29,76,32,3.417702e-04,5.676012e-05,2.462587e-06,5.597828e-05
226,1.377368e-01,7.732177e+01,1.703690e+01,29,76,34,3.432193e-04,6.090394e-05,2.512322e-06,6.011509e-05
227,1.411350e-01,7.595447e+01,1.688659e+01,29,76,34,3.457199e-04,6.503380e-05,2.566787e-06,6.423523e-05
228,1.436334e-01,8.400394e+01,1.647916e+01,29,76,36,3.492791e-04,6.871764e-05,2.625497e-06,6.787795e-05
229,1.482719e-01,9.579298e+01,1.901684e+01,29,75,34,3.479660e-04,7.175181e-05,2.595407e-06,7.091097e-05
230,1.492535e-01,8.815904e+01,2.038279e+01,29,75,37,3.496055e-04,7.469224e-05,2.640753e-06,7.383514e-05
231,1.495701e-01,9.756506e+01,1.867661e+01,29,75,37,3.478928e-04,7.701044e-05,2.727859e-06,7.609490e-05
232,1.518978e-01,1.005709e+02,2.157880e+01,29,74,34,3.429672e-04,7.782110e-05,2.668805e-06,7.690922e-05
233,1.530892e-01,1.235844e+02,2.109967e+01,29,74,34,3.403125e-04,7.922350e-05,2.769328e-06,7.827934e-05
234,1.534918e-01,1.113542e+02,2.011366e+01,29,73,32,3.355531e-04,7.903892e-05,2.770485e-06,7.804635e-05
235,1.528346e-01,1.029175e+02,2.293975e+01,29,73,34,3.312384e-04,7.820848e-05,2.806781e-06,7.719483e-05
236,1.520327e-01,7.880482e+01,1.827530e+01,29,73,34,3.250997e-04,7.776941e-05,2.813988e-06,7.675661e-05
237,1.505671e-01,8.334595e+01,2.145645e+01,29,72,32,3.170138e-04,7.652766e-05,2.851295e-06,7.546118e-05
238,1.490431e-01,8.655585e+01,1.788057e+01,29,72,34,3.097993e-04,7.549062e-05,2.891395e-06,7.440437e-05
239,1.471277e-01,8.714084e+01,1.817005e+01,29,71,29,3.004919e-04,7.352581e-05,2.837802e-06,7.244064e-05
240,1.452578e-01,7.951599e+01,1.665787e+01,29,71,34,2.948492e-04,7.156267e-05,2.936630e-06,7.043250e-05
241,1.433170e-01,9.180110e+01,1.595345e+01,29,70,27,2.897290e-04,6.925580e-05,2.852460e-06,6.813518e-05
242,1.412912e-01,9.655908e+01,1.521144e+01,29,70,32,2.804383e-04,6.661592e-05,2.898398e-06,6.546426e-05
243,1.393041e-01,1.256152e+02,1.526066e+01,28,70,41,2.702082e-04,6.450248e-05,2.853371e-06,6.333978e-05
244,1.385243e-01,1.135930e+02,1.410587e+01,29,69,43,2.605984e-04,6.278933e-05,2.891897e-06,6.159480e-05
245,1.399021e-01,9.634605e+01,1.487256e+01,28,69,41,2.534454e-04,6.027574e-05,2.825802e-06,5.909427e-05
246,1.423874e-01,1.166999e+02,1.426664e+01,29,68,43,2.494422e-04,5.751034e-05,2.843305e-06,5.633181e-05
247,1.440395e-01,9.913762e+01,1.435637e+01,28,68,42,2.453042e-04,5.458804e-05,2.772135e-06,5.341656e-05
248,1.449816e-01,7.800880e+01,1.370337e+01,29,67,43,2.367197e-04,5.227011e-05,2.756938e-06,5.108642e-05
249,1.467250e-01,9.929201e+01,1.348199e+01,28,67,42,2.244802e-04,4.999094e-05,2.714220e-06,4.881084e-05
250,1.474311e-01,1.042764e+02,1.216317e+01,29,66,43,2.147738e-04,4.785229e-05,2.647192e-06,4.669951e-05
251,1.479780e-01,9.044434e+01,1.166437e+01,28,66,42,2.109260e-04,4.550444e-05,2.631031e-06,4.435762e-05
252,1.489661e-01,1.069465e+02,1.092864e+01,30,65,43,2.087867e-04,4.321310e-05,2.554619e-06,4.210170e-05
253,1.492299e-01,1.008700e+02,1.065773e+01,29,65,43,2.030982e-04,4.006402e-05,2.508279e-06,3.896604e-05
254,1.497075e-01,9.655295e+01,9.955405e+00,30,64,24,1.940362e-04,3.830659e-05,2.438073e-06,3.722891e-05
255,1.498432e-01,8.086262e+01,9.760225e+00,32,67,42,1.822062e-04,3.655372e-05,2.385122e-06,3.550050e-05
256,1.519796e-01,7.334841e+01,9.587240e+00,32,67,42,1.755089e-04,3.462619e-05,2.337068e-06,3.359918e-05
257,1.512319e-01,6.341265e+01,9.242001e+00,31,67,42,1.746788e-04,3.314772e-05,2.242127e-06,3.216905e-05
258,1.507663e-01,9.329969e+01,9.159593e+00,33,66,42,1.715009e-04,3.071544e-05,2.191307e-06,2.978531e-05
259,1.511527e-01,8.491349e+01,9.125659e+00,32,66,42,1.638650e-04,2.903191e-05,2.129288e-06,2.812587e-05
260,1.506294e-01,7.456241e+01,9.055232e+00,32,66,42,1.536889e-04,2.774408e-05,2.034099e-06,2.693591e-05
261,1.499192e-01,6.170670e+01,8.791033e+00,32,66,42,1.452137e-04,2.655676e-05,1.988922e-06,2.576555e-05
262,1.490944e-01,8.463383e+01,8.575899e+00,33,65,42,1.426000e-04,2.525374e-05,1.935600e-06,2.447884e-05
263,1.492800e-01,7.939778e+01,8.625643e+00,28,67,40,1.415736e-04,2.296845e-05,1.871702e-06,2.227533e-05
264,1.489371e-01,6.913892e+01,8.706495e+00,28,67,40,1.379811e-04,2.175392e-05,1.820553e-06,2.107664e-05
265,1.474428e-01,5.724313e+01,8.718545e+00,28,67,40,1.286514e-04,2.113045e-05,1.762430e-06,2.050731e-05
266,1.470989e-01,6.253294e+01,8.686538e+00,28,67,40,1.210829e-04,1.974168e-05,1.691658e-06,1.921086e-05
267,1.463421e-01,5.191831e+01,8.566739e+00,28,66,40,1.178488e-04,1.870849e-05,1.652401e-06,1.819411e-05
268,1.446511e-01,4.599839e+01,8.634359e+00,28,66,40,1.161494e-04,1.791450e-05,1.640167e-06,1.739042e-05
269,1.429206e-01,5.082206e+01,8.688527e+00,28,66,40,1.115500e-04,1.580257e-05,1.567622e-06,1.537610e-05
270,1.420479e-01,5.320026e+01,8.598805e+00,28,66,40,1.037832e-04,1.442107e-05,1.504776e-06,1.403597e-05
271,1.406505e-01,4.967297e+01,8.493592e+00,28,66,40,9.641813e-05,1.476220e-05,1.496555e-06,1.435548e-05
272,1.397195e-01,3.960819e+01,8.418465e+00,28,65,40,9.254149e-05,1.519101e-05,1.523511e-06,1.479727e-05
273,1.387861e-01,3.401497e+01,8.536971e+00,28,65,40,9.011770e-05,1.337226e-05,1.459491e-06,1.308391e-05
274,1.374428e-01,3.061754e+01,8.509612e+00,28,65,40,8.709587e-05,1.127795e-05,1.369061e-06,1.104673e-05
275,1.366071e-01,4.620701e+01,8.408095e+00,28,65,40,8.090620e-05,1.026600e-05,1.323309e-06,1.003094e-05
276,1.359251e-01,4.221343e+01,8.245137e+00,28,65,40,7.095749e-05,1.035729e-05,1.346943e-06,1.010832e-05
277,1.351295e-01,3.310985e+01,8.205420e+00,28,64,40,6.444448e-05,1.072155e-05,1.389401e-06,1.050345e-05
278,1.340311e-01,3.703143e+01,8.276753e+00,28,64,40,6.391386e-05,1.008041e-05,1.379600e-06,9.895777e-06
279,1.325753e-01,3.538265e+01,8.276727e+00,28,64,40,6.534831e-05,8.748208e-06,1.331145e-06,8.589704e-06
280,1.313452e-01,3.009886e+01,8.125137e+00,28,64,40,6.252580e-05,8.466719e-06,1.287986e-06,8.067061e-06
281,1.306384e-01,3.180658e+01,8.050836e+00,28,64,39,5.777992e-05,8.082581e-06,1.271408e-06,7.673249e-06
282,1.300888e-01,3.465915e+01,8.070012e+00,28,64,39,5.746519e-05,7.402810e-06,1.275441e-06,6.996629e-06
283,1.296683e-01,3.310804e+01,7.991540e+00,28,64,39,6.080417e-05,7.276080e-06,1.289702e-06,6.906463e-06
284,1.291360e-01,3.150938e+01,7.934597e+00,28,64,39,6.540903e-05,8.293158e-06,1.303740e-06,7.941118e-06
285,1.283557e-01,3.142669e+01,7.888474e+00,27,65,38,7.039522e-05,9.311015e-06,1.309877e-06,8.970334e-06
286,1.273730e-01,3.082579e+01,7.849130e+00,27,65,38,7.618947e-05,9.668466e-06,1.311412e-06,9.310753e-06
287,1.267619e-01,2.955056e+01,7.782640e+00,27,65,38,8.234494e-05,9.905028e-06,1.313597e-06,9.937198e-06
288,1.263124e-01,3.284934e+01,7.763391e+00,28,63,39,8.853067e-05,1.149543e-05,1.318317e-06,1.150638e-05
289,1.257913e-01,3.244864e+01,7.715303e+00,27,64,38,9.496282e-05,1.248697e-05,1.329058e-06,1.264584e-05
290,1.251842e-01,3.290866e+01,7.697090e+00,27,64,38,1.024818e-04,1.379217e-05,1.345053e-06,1.392802e-05
291,1.243492e-01,3.099568e+01,7.654283e+00,27,64,38,1.137632e-04,1.544798e-05,1.366830e-06,1.556049e-05
292,1.233479e-01,3.271860e+01,7.596548e+00,27,64,38,1.265488e-04,1.742301e-05,1.390470e-06,1.750691e-05
293,1.226702e-01,3.145518e+01,7.501626e+00,27,64,38,1.376213e-04,1.897578e-05,1.417114e-06,1.903120e-05
294,1.223662e-01,3.013467e+01,7.370317e+00,27,64,38,1.485446e-04,1.980734e-05,1.448967e-06,1.983060e-05
295,1.222782e-01,3.545892e+01,7.353522e+00,27,63,38,1.590941e-04,2.024520e-05,1.486505e-06,2.023662e-05
296,1.220302e-01,3.590402e+01,7.323513e+00,27,63,38,1.703508e-04,2.084258e-05,1.529631e-06,2.080127e-05
297,1.215582e-01,3.613215e+01,7.261303e+00,27,63,38,1.846809e-04,2.176357e-05,1.577481e-06,2.169875e-05
298,1.212628e-01,3.448682e+01,7.191051e+00,27,63,38,1.988371e-04,2.238003e-05,1.626892e-06,2.228405e-05
299,1.212578e-01,3.392901e+01,7.090856e+00,27,63,38,2.133056e-04,2.313252e-05,1.674780e-06,2.309878e-05
300,1.217868e-01,3.305171e+01,6.992403e+00,26,64,37,2.250058e-04,2.330900e-05,1.726050e-06,2.324988e-05
301,1.222024e-01,3.927266e+01,6.934968e+00,26,64,37,2.339194e-04,2.396632e-05,1.776710e-06,2.403136e-05
302,1.224771e-01,4.120101e+01,6.872425e+00,26,64,37,2.440143e-04,2.504047e-05,1.832242e-06,2.507320e-05
303,1.225633e-01,4.387709e+01,6.795417e+00,26,64,37,2.559302e-04,2.717398e-05,1.891497e-06,2.687103e-05
304,1.224631e-01,4.734025e+01,7.007374e+00,53,61,33,2.679755e-04,2.931355e-05,1.962230e-06,2.900559e-05
305,1.226967e-01,4.817340e+01,7.111979e+00,48,58,34,2.771238e-04,3.208094e-05,2.023892e-06,3.173246e-05
306,1.231074e-01,4.408367e+01,7.666130e+00,48,58,33,2.829228e-04,3.458527e-05,2.083810e-06,3.422978e-05
307,1.233780e-01,4.834945e+01,7.998165e+00,44,56,34,2.892777e-04,3.714674e-05,2.147865e-06,3.655822e-05
308,1.235115e-01,5.512796e+01,8.748792e+00,41,55,33,2.998391e-04,4.028397e-05,2.223927e-06,3.961292e-05
309,1.234963e-01,5.746761e+01,9.698449e+00,41,55,32,3.103152e-04,4.330022e-05,2.287301e-06,4.259665e-05
310,1.233404e-01,7.037568e+01,1.040504e+01,41,55,34,3.176590e-04,4.655147e-05,2.352861e-06,4.582600e-05
311,1.233756e-01,7.251915e+01,1.078734e+01,41,55,34,3.223488e-04,5.026352e-05,2.438121e-06,4.949500e-05
312,1.236634e-01,9.179732e+01,1.155820e+01,42,56,32,3.262195e-04,5.385449e-05,2.516416e-06,5.305539e-05
313,1.238638e-01,8.019144e+01,1.303313e+01,41,56,33,3.314095e-04,5.795883e-05,2.580501e-06,5.711749e-05
314,1.251785e-01,6.474221e+01,1.461948e+01,41,56,34,3.352489e-04,6.165660e-05,2.625279e-06,6.078891e-05
315,1.278410e-01,8.361465e+01,1.482616e+01,41,56,36,3.388748e-04,6.517186e-05,2.644309e-06,6.426706e-05
316,1.323521e-01,8.651425e+01,1.637170e+01,42,57,30,3.396381e-04,6.895481e-05,2.697372e-06,6.801303e-05
317,1.374333e-01,1.090074e+02,1.919344e+01,42,57,32,3.366161e-04,7.182142e-05,2.815585e-06,7.083233e-05
318,1.400955e-01,1.040609e+02,1.814357e+01,42,57,33,3.364580e-04,7.409696e-05,2.861626e-06,7.304602e-05
319,1.416579e-01,1.005850e+02,1.879786e+01,42,58,32,3.330018e-04,7.571071e-05,2.850693e-06,7.463520e-05
320,1.433797e-01,8.533953e+01,2.085863e+01,42,58,34,3.324978e-04,7.663562e-05,2.962096e-06,7.550061e-05
321,1.436601e-01,8.496353e+01,1.906886e+01,42,58,34,3.290519e-04,7.689017e-05,3.003161e-06,7.570021e-05
322,1.434379e-01,9.694792e+01,2.139804e+01,42,59,32,3.238522e-04,7.679914e-05,3.000457e-06,7.558867e-05
323,1.426515e-01,8.974847e+01,1.928919e+01,42,59,34,3.171944e-04,7.628976e-05,3.081282e-06,7.503152e-05
324,1.428835e-01,8.896512e+01,1.884793e+01,42,60,30,3.131716e-04,7.515314e-05,3.075426e-06,7.386183e-05
325,1.423166e-01,8.530583e+01,1.938652e+01,42,60,34,3.063207e-04,7.380262e-05,3.102006e-06,7.249433e-05
326,1.409415e-01,7.810861e+01,1.651347e+01,42,61,29,2.979682e-04,7.231283e-05,3.071042e-06,7.098257e-05
327,1.424654e-01,8.339066e+01,1.867614e+01,42,61,34,2.897265e-04,7.074220e-05,3.098779e-06,6.939705e-05
328,1.454496e-01,8.053831e+01,1.536594e+01,43,62,24,2.847097e-04,6.916771e-05,3.076050e-06,6.782098e-05
329,1.481543e-01,8.567655e+01,1.717603e+01,42,62,34,2.793657e-04,6.682137e-05,3.052911e-06,6.545608e-05
330,1.508107e-01,1.438892e+02,1.496173e+01,43,63,24,2.702665e-04,6.450426e-05,3.056714e-06,6.311310e-05
331,1.537012e-01,1.151787e+02,1.403377e+01,42,63,34,2.602788e-04,6.213104e-05,2.977405e-06,6.078445e-05
332,1.556540e-01,9.521468e+01,1.414902e+01,42,63,42,2.527437e-04,5.948552e-05,2.958627e-06,5.812934e-05
333,1.577621e-01,9.036339e+01,1.360814e+01,43,64,43,2.492588e-04,5.731976e-05,2.934574e-06,5.596904e-05
334,1.597030e-01,9.593829e+01,1.360127e+01,42,64,42,2.453307e-04,5.410312e-05,2.870571e-06,5.275742e-05
335,1.612979e-01,9.626457e+01,1.357313e+01,43,65,43,2.360219e-04,5.172067e-05,2.815112e-06,5.038815e-05
336,1.636211e-01,9.919614e+01,1.375344e+01,42,65,42,2.267945e-04,4.965359e-05,2.743588e-06,4.837127e-05
337,1.654658e-01,8.459312e+01,1.219799e+01,43,66,43,2.182594e-04,4.781789e-05,2.702983e-06,4.654811e-05
338,1.661774e-01,7.897820e+01,1.222619e+01,42,66,42,2.144350e-04,4.474061e-05,2.643110e-06,4.352139e-05
339,1.679774e-01,8.712907e+01,1.119747e+01,44,67,43,2.116726e-04,4.252026e-05,2.565693e-06,4.131077e-05
340,1.686139e-01,7.795630e+01,1.080709e+01,43,67,43,2.045207e-04,4.016664e-05,2.507678e-06,3.900107e-05
341,1.687086e-01,6.621234e+01,1.060125e+01,45,68,43,1.947966e-04,3.839578e-05,2.447021e-06,3.725466e-05
342,1.694675e-01,8.180928e+01,1.059332e+01,44,68,43,1.885486e-04,3.701798e-05,2.373434e-06,3.594861e-05
343,1.706262e-01,7.438148e+01,9.695763e+00,46,69,23,1.836729e-04,3.486778e-05,2.308775e-06,3.382401e-05
344,1.710075e-01,6.745828e+01,9.563520e+00,45,69,43,1.812389e-04,3.281460e-05,2.232210e-06,3.182247e-05
345,1.709107e-01,6.096445e+01,9.358039e+00,47,66,42,1.759641e-04,3.068928e-05,2.166214e-06,2.978145e-05
346,1.713379e-01,6.060472e+01,9.347465e+00,46,66,42,1.681076e-04,3.020498e-05,2.114353e-06,2.932172e-05
347,1.707944e-01,7.485402e+01,9.162925e+00,46,66,42,1.597030e-04,2.840507e-05,2.040559e-06,2.759303e-05
348,1.695448e-01,6.814920e+01,8.950937e+00,46,66,42,1.564910e-04,2.642778e-05,1.991602e-06,2.563905e-05
349,1.691503e-01,5.831934e+01,8.950809e+00,42,65,40,1.561778e-04,2.537750e-05,1.962250e-06,2.459920e-05
350,1.676695e-01,7.097990e+01,8.838238e+00,43,66,41,1.496388e-04,2.351286e-05,1.876948e-06,2.284930e-05
351,1.668201e-01,6.764443e+01,8.939797e+00,42,66,40,1.404803e-04,2.294001e-05,1.814747e-06,2.233977e-05
352,1.651066e-01,5.941930e+01,9.021186e+00,42,66,40,1.369400e-04,2.313043e-05,1.828752e-06,2.250285e-05
353,1.646798e-01,5.321937e+01,9.011537e+00,42,66,40,1.339798e-04,2.039375e-05,1.758098e-06,1.985875e-05
354,1.637075e-01,5.425102e+01,8.846500e+00,42,66,40,1.315370e-04,1.769142e-05,1.667627e-06,1.722661e-05
355,1.614795e-01,5.102549e+01,8.708615e+00,42,67,40,1.268074e-04,1.746911e-05,1.656837e-06,1.698249e-05
356,1.598883e-01,5.126737e+01,8.886249e+00,42,67,40,1.177772e-04,1.891717e-05,1.713991e-06,1.843859e-05
357,1.586749e-01,4.474276e+01,8.877531e+00,42,67,40,1.103255e-04,1.788041e-05,1.677605e-06,1.747615e-05
358,1.567027e-01,4.699857e+01,8.795760e+00,42,67,40,1.092324e-04,1.518290e-05,1.563800e-06,1.484224e-05
359,1.555528e-01,4.404885e+01,8.532476e+00,42,67,40,1.095838e-04,1.329422e-05,1.491141e-06,1.297573e-05
360,1.544839e-01,3.904490e+01,8.490959e+00,43,68,40,1.035339e-04,1.302563e-05,1.509813e-06,1.270268e-05
361,1.533484e-01,4.165042e+01,8.550134e+00,42,68,40,9.164253e-05,1.357025e-05,1.561192e-06,1.329827e-05
362,1.529907e-01,3.988629e+01,8.505723e+00,42,68,40,8.374543e-05,1.336915e-05,1.556430e-06,1.313383e-05
363,1.523267e-01,3.789103e+01,8.447972e+00,43,69,40,8.370545e-05,1.205500e-05,1.500045e-06,1.183006e-05
364,1.509065e-01,4.138121e+01,8.489758e+00,43,69,40,8.525199e-05,1.059365e-05,1.455456e-06,1.036135e-05
365,1.487422e-01,3.940460e+01,8.485458e+00,42,68,39,8.149642e-05,9.716368e-06,1.438627e-06,9.480953e-06
366,1.477889e-01,3.241201e+01,8.526642e+00,42,68,39,7.199150e-05,9.478794e-06,1.444154e-06,9.260839e-06
367,1.467171e-01,3.619417e+01,8.456869e+00,42,68,39,6.379499e-05,9.462256e-06,1.456410e-06,9.257118e-06
368,1.452982e-01,4.012695e+01,8.310710e+00,42,68,39,6.254033e-05,8.977066e-06,1.463316e-06,8.788903e-06
369,1.446790e-01,3.770411e+01,8.424265e+00,42,69,39,6.463644e-05,8.114087e-06,1.462111e-06,7.933958e-06
370,1.438154e-01,3.515240e+01,8.420318e+00,42,69,39,6.468013e-05,8.764780e-06,1.457768e-06,8.386304e-06
371,1.426312e-01,3.046160e+01,8.377598e+00,42,69,39,6.449172e-05,8.677140e-06,1.452891e-06,8.306176e-06
372,1.411907e-01,3.265722e+01,8.301039e+00,42,69,39,6.792511e-05,8.391563e-06,1.452537e-06,8.005769e-06
373,1.403745e-01,3.092237e+01,8.216207e+00,42,69,39,7.326026e-05,8.828546e-06,1.458757e-06,8.454675e-06
374,1.395095e-01,3.544429e+01,8.065577e+00,42,70,39,7.844597e-05,9.466950e-06,1.470325e-06,9.546403e-06
375,1.384678e-01,3.697980e+01,8.099381e+00,42,70,39,8.382733e-05,1.023610e-05,1.482688e-06,1.042150e-05
376,1.372526e-01,3.263876e+01,8.082515e+00,42,70,39,8.967367e-05,1.099695e-05,1.501762e-06,1.116294e-05
377,1.360804e-01,3.216386e+01,8.023984e+00,42,70,39,9.587905e-05,1.204121e-05,1.523741e-06,1.218171e-05
378,1.356483e-01,3.225259e+01,7.959515e+00,41,69,38,1.040261e-04,1.385192e-05,1.547387e-06,1.397297e-05
379,1.350887e-01,3.085217e+01,7.914824e+00,41,69,38,1.137540e-04,1.512662e-05,1.573205e-06,1.522338e-05
380,1.342802e-01,3.310212e+01,7.823353e+00,41,69,38,1.244000e-04,1.629816e-05,1.601765e-06,1.636236e-05
381,1.333076e-01,3.614024e+01,7.686183e+00,41,69,38,1.361618e-04,1.760437e-05,1.630411e-06,1.764520e-05
382,1.328327e-01,3.483533e+01,7.652067e+00,41,70,38,1.472904e-04,1.878502e-05,1.659431e-06,1.879924e-05
383,1.323294e-01,3.438098e+01,7.669328e+00,41,70,38,1.584897e-04,1.965222e-05,1.687255e-06,1.963579e-05
384,1.316392e-01,3.475219e+01,7.641058e+00,41,70,38,1.699374e-04,2.023109e-05,1.717875e-06,2.018602e-05
385,1.310051e-01,3.432500e+01,7.605522e+00,41,70,38,1.832996e-04,2.059286e-05,1.755898e-06,2.051941e-05
386,1.309532e-01,3.778954e+01,7.497416e+00,41,70,38,1.972184e-04,2.116891e-05,1.795022e-06,2.114366e-05
387,1.305875e-01,4.261438e+01,7.386106e+00,41,70,38,2.100515e-04,2.187466e-05,1.836734e-06,2.182767e-05
388,1.309355e-01,4.019338e+01,7.246918e+00,41,71,38,2.206494e-04,2.226517e-05,1.875482e-06,2.234449e-05
389,1.311381e-01,4.051572e+01,7.257117e+00,41,71,38,2.318428e-04,2.392305e-05,1.912396e-06,2.365668e-05
390,1.310925e-01,4.191342e+01,7.272217e+00,41,71,38,2.441230e-04,2.623346e-05,1.953112e-06,2.597121e-05
391,1.307411e-01,4.416862e+01,7.270803e+00,41,71,38,2.563593e-04,2.852137e-05,2.011320e-06,2.825225e-05
392,1.303509e-01,5.177785e+01,7.148024e+00,41,71,38,2.650484e-04,3.124470e-05,2.067176e-06,3.094124e-05
393,1.304820e-01,5.368381e+01,7.309722e+00,65,72,33,2.723383e-04,3.362233e-05,2.117497e-06,3.331497e-05
394,1.304192e-01,4.819558e+01,7.471251e+00,65,72,32,2.819307e-04,3.605797e-05,2.172237e-06,3.574477e-05
395,1.301556e-01,5.209201e+01,8.030019e+00,66,71,32,2.917027e-04,3.857305e-05,2.240594e-06,3.816743e-05
396,1.296945e-01,5.978944e+01,8.193190e+00,60,75,34,2.995041e-04,4.196616e-05,2.304051e-06,4.141068e-05
397,1.291598e-01,6.798014e+01,8.549160e+00,60,75,34,3.063109e-04,4.518894e-05,2.359746e-06,4.461179e-05
398,1.289018e-01,6.854144e+01,9.835736e+00,59,75,33,3.152802e-04,4.845551e-05,2.429770e-06,4.785120e-05
399,1.287027e-01,7.862521e+01,1.098737e+01,58,75,33,3.220167e-04,5.215178e-05,2.507760e-06,5.148752e-05
400,1.284335e-01,7.497477e+01,1.254001e+01,58,75,34,3.243379e-04,5.558810e-05,2.556593e-06,5.489876e-05
401,1.280545e-01,6.552527e+01,1.262521e+01,58,75,36,3.282013e-04,5.930882e-05,2.620777e-06,5.859135e-05
402,1.275209e-01,7.516942e+01,1.400664e+01,59,74,33,3.336270e-04,6.369517e-05,2.727620e-06,6.293310e-05
403,1.268767e-01,9.099678e+01,1.612479e+01,59,74,32,3.331102e-04,6.699517e-05,2.807827e-06,6.619583e-05
404,1.288745e-01,8.957677e+01,1.597241e+01,59,74,33,3.322659e-04,7.002911e-05,2.783090e-06,6.920399e-05
405,1.272247e-01,9.605988e+01,1.761333e+01,59,73,32,3.312465e-04,7.261004e-05,2.839983e-06,7.173243e-05
406,1.300269e-01,1.084077e+02,2.017475e+01,59,73,34,3.298508e-04,7.512607e-05,2.988496e-06,7.419526e-05
407,1.330294e-01,1.076181e+02,1.927983e+01,59,73,34,3.292034e-04,7.621931e-05,2.973661e-06,7.524373e-05
408,1.351099e-01,1.077845e+02,2.081699e+01,59,72,32,3.238213e-04,7.642328e-05,3.005667e-06,7.540278e-05
409,1.361815e-01,1.092158e+02,2.051854e+01,59,72,34,3.195587e-04,7.743118e-05,3.116053e-06,7.637351e-05
410,1.361371e-01,1.061161e+02,1.867681e+01,59,71,30,3.150447e-04,7.608176e-05,3.087463e-06,7.497171e-05
411,1.382186e-01,1.000808e+02,2.079251e+01,59,71,34,3.119244e-04,7.569810e-05,3.190654e-06,7.455784e-05
412,1.428038e-01,9.030544e+01,1.752248e+01,59,70,29,3.046917e-04,7.460649e-05,3.130190e-06,7.346242e-05
413,1.466330e-01,9.023318e+01,1.977547e+01,59,70,34,2.948554e-04,7.294423e-05,3.237358e-06,7.174542e-05
414,1.496077e-01,9.231793e+01,1.642008e+01,59,70,37,2.893646e-04,7.165269e-05,3.225970e-06,7.045340e-05
415,1.535416e-01,8.477617e+01,1.803120e+01,59,69,34,2.839633e-04,6.910083e-05,3.174045e-06,6.791003e-05
416,1.561943e-01,8.096947e+01,1.533756e+01,58,69,40,2.805124e-04,6.732719e-05,3.264604e-06,6.606500e-05
417,1.580511e-01,8.325163e+01,1.549856e+01,59,68,34,2.719285e-04,6.499202e-05,3.169374e-06,6.373493e-05
418,1.606356e-01,9.088901e+01,1.498519e+01,59,68,42,2.611862e-04,6.320367e-05,3.226904e-06,6.191886e-05
419,1.623623e-01,9.345103e+01,1.375945e+01,60,67,43,2.554558e-04,6.013837e-05,3.149697e-06,5.886298e-05
420,1.655140e-01,9.728799e+01,1.446467e+01,59,67,42,2.508023e-04,5.716244e-05,3.165941e-06,5.586353e-05
421,1.670095e-01,8.890856e+01,1.315004e+01,60,66,43,2.425239e-04,5.435127e-05,3.119069e-06,5.302640e-05
422,1.697869e-01,1.059554e+02,1.385117e+01,59,66,42,2.334277e-04,5.229090e-05,3.061035e-06,5.098325e-05
423,1.717452e-01,1.006428e+02,1.369146e+01,60,65,43,2.272066e-04,5.030486e-05,3.058680e-06,4.898466e-05
424,1.734298e-01,9.504659e+01,1.367589e+01,59,65,42,2.242738e-04,4.787009e-05,2.987495e-06,4.656412e-05
425,1.750490e-01,9.634909e+01,1.260827e+01,60,64,43,2.203085e-04,4.552913e-05,2.921265e-06,4.423790e-05
426,1.755098e-01,1.048469e+02,1.170317e+01,59,64,42,2.151094e-04,4.294218e-05,2.885198e-06,4.167119e-05
427,1.771618e-01,9.589379e+01,1.114208e+01,61,63,43,2.075385e-04,4.113390e-05,2.816477e-06,3.987672e-05
428,1.772358e-01,8.720284e+01,1.077163e+01,62,62,23,1.986210e-04,3.865593e-05,2.735109e-06,3.744635e-05
429,1.772351e-01,7.789397e+01,1.030279e+01,63,65,42,1.920608e-04,3.733854e-05,2.653586e-06,3.615415e-05
430,1.776518e-01,1.000290e+02,1.042497e+01,63,65,42,1.892802e-04,3.527928e-05,2.596782e-06,3.414622e-05
431,1.784887e-01,8.299421e+01,1.027352e+01,62,65,42,1.855112e-04,3.351704e-05,2.513807e-06,3.242792e-05
432,1.780933e-01,7.963731e+01,9.979969e+00,62,65,42,1.799574e-04,3.181697e-05,2.435391e-06,3.076625e-05
433,1.780928e-01,8.470590e+01,9.777184e+00,63,64,42,1.726445e-04,3.002618e-05,2.387221e-06,2.899138e-05
434,1.778524e-01,7.989987e+01,9.706069e+00,63,64,42,1.679470e-04,2.885125e-05,2.305756e-06,2.787252e-05
435,1.758565e-01,7.820955e+01,9.676082e+00,62,64,42,1.651067e-04,2.729623e-05,2.224095e-06,2.641664e-05
436,1.752255e-01,6.253058e+01,9.709015e+00,59,65,40,1.619452e-04,2.601960e-05,2.172962e-06,2.512973e-05
437,1.741733e-01,5.918782e+01,9.687265e+00,59,65,40,1.557679e-04,2.453201e-05,2.102557e-06,2.370534e-05
438,1.723380e-01,5.984138e+01,9.506560e+00,59,65,40,1.492455e-04,2.307407e-05,2.041189e-06,2.230714e-05
439,1.705202e-01,6.160022e+01,9.571488e+00,59,64,40,1.448030e-04,2.231903e-05,2.005191e-06,2.156371e-05
440,1.694622e-01,5.625232e+01,9.760379e+00,59,64,40,1.422887e-04,2.111675e-05,1.933862e-06,2.044979e-05
441,1.684583e-01,4.889442e+01,9.720485e+00,59,64,40,1.376818e-04,1.988745e-05,1.861816e-06,1.930563e-05
442,1.662997e-01,4.942607e+01,9.482462e+00,59,64,40,1.324394e-04,1.935296e-05,1.847608e-06,1.873449e-05
443,1.640338e-01,5.267875e+01,9.310705e+00,59,63,40,1.270807e-04,1.804390e-05,1.813459e-06,1.746700e-05
444,1.626741e-01,4.515186e+01,9.490054e+00,59,63,40,1.217979e-04,1.624229e-05,1.735511e-06,1.574177e-05
445,1.615620e-01,3.944091e+01,9.513741e+00,59,63,40,1.180601e-04,1.548857e-05,1.689523e-06,1.502758e-05
446,1.604843e-01,5.585796e+01,9.381405e+00,59,63,40,1.128959e-04,1.585570e-05,1.714275e-06,1.537335e-05
447,1.598134e-01,4.733567e+01,9.150131e+00,59,63,40,1.078109e-04,1.580793e-05,1.725943e-06,1.534743e-05
448,1.582681e-01,4.125208e+01,9.073869e+00,59,63,39,1.031031e-04,1.415093e-05,1.651029e-06,1.376665e-05
449,1.577212e-01,3.809240e+01,9.142628e+00,59,62,40,1.007101e-04,1.242303e-05,1.557322e-06,1.209320e-05
450,1.571082e-01,3.087875e+01,9.067896e+00,59,62,40,9.609185e-05,1.157641e-05,1.517105e-06,1.122748e-05
451,1.558727e-01,3.695176e+01,8.997108e+00,59,62,40,8.966750e-05,1.152947e-05,1.538424e-06,1.118524e-05
452,1.536767e-01,3.926466e+01,9.025321e+00,60,61,40,8.374090e-05,1.159337e-05,1.578640e-06,1.126370e-05
453,1.522741e-01,3.601737e+01,9.110283e+00,59,62,39,8.159730e-05,1.107691e-05,1.586128e-06,1.077993e-05
454,1.511225e-01,3.180039e+01,9.121664e+00,59,62,39,8.066240e-05,1.013517e-05,1.554177e-06,9.856576e-06
455,1.494239e-01,3.409711e+01,9.000835e+00,59,62,39,7.752430e-05,9.220915e-06,1.515487e-06,8.929474e-06
456,1.486638e-01,3.185929e+01,8.906116e+00,59,62,39,7.173922e-05,8.611303e-06,1.494129e-06,8.312033e-06
457,1.477288e-01,3.131371e+01,8.816383e+00,59,61,39,6.519525e-05,8.229118e-06,1.487723e-06,7.919360e-06
458,1.463763e-01,3.014641e+01,8.887748e+00,59,61,39,6.440772e-05,7.990161e-06,1.491382e-06,7.619301e-06
459,1.447173e-01,2.880179e+01,8.892460e+00,59,61,39,6.707906e-05,8.683458e-06,1.504478e-06,8.277742e-06
460,1.437932e-01,3.297467e+01,8.858024e+00,59,61,39,7.007568e-05,9.093225e-06,1.520843e-06,8.682386e-06
461,1.427941e-01,3.401424e+01,8.719185e+00,59,61,39,7.403407e-05,9.140359e-06,1.533343e-06,8.921095e-06
462,1.414893e-01,3.124799e+01,8.602385e+00,59,61,39,8.016980e-05,9.593003e-06,1.546012e-06,9.718488e-06
463,1.399306e-01,3.172054e+01,8.457949e+00,58,62,38,8.614598e-05,1.060087e-05,1.558733e-06,1.070925e-05
464,1.387902e-01,2.999343e+01,8.437637e+00,59,60,39,9.201104e-05,1.172183e-05,1.572957e-06,1.180785e-05
465,1.380679e-01,3.046640e+01,8.422574e+00,59,60,39,9.753143e-05,1.242693e-05,1.591738e-06,1.249954e-05
466,1.370696e-01,3.567877e+01,8.367633e+00,59,60,39,1.057920e-04,1.324001e-05,1.615447e-06,1.334684e-05
467,1.358731e-01,3.350208e+01,8.274980e+00,58,61,38,1.168472e-04,1.489499e-05,1.640963e-06,1.498644e-05
468,1.352184e-01,3.432909e+01,8.256060e+00,58,61,38,1.270226e-04,1.629314e-05,1.669882e-06,1.635638e-05
469,1.346772e-01,3.363862e+01,8.155853e+00,58,61,38,1.375506e-04,1.733535e-05,1.702875e-06,1.737303e-05
470,1.337714e-01,3.256116e+01,8.032860e+00,58,61,38,1.485444e-04,1.823247e-05,1.734748e-06,1.824416e-05
471,1.326165e-01,3.427299e+01,7.904248e+00,58,61,38,1.596450e-04,1.900428e-05,1.766252e-06,1.898459e-05
472,1.319343e-01,3.311034e+01,7.896037e+00,58,60,38,1.712935e-04,1.951145e-05,1.798525e-06,1.947247e-05
473,1.313549e-01,3.854295e+01,7.883979e+00,58,60,38,1.849572e-04,1.986817e-05,1.831280e-06,1.986981e-05
474,1.308066e-01,3.809062e+01,7.849122e+00,58,60,38,1.980579e-04,2.069890e-05,1.865966e-06,2.068593e-05
475,1.312365e-01,3.886140e+01,7.782319e+00,58,60,38,2.106725e-04,2.160380e-05,1.907893e-06,2.158217e-05
476,1.313969e-01,4.617318e+01,7.697866e+00,58,60,38,2.217777e-04,2.256523e-05,1.957266e-06,2.238485e-05
477,1.312596e-01,3.572644e+01,7.592688e+00,59,60,29,2.331079e-04,2.536261e-05,1.999945e-06,2.507973e-05
478,1.308150e-01,4.275282e+01,7.479352e+00,59,60,29,2.439454e-04,2.796247e-05,2.042006e-06,2.765395e-05
479,1.306987e-01,4.637439e+01,7.420267e+00,58,59,38,2.553407e-04,3.013426e-05,2.086023e-06,2.981720e-05
480,1.310277e-01,5.803078e+01,7.425923e+00,58,59,38,2.677608e-04,3.226921e-05,2.138448e-06,3.194712e-05
481,1.313865e-01,4.448713e+01,7.598968e+00,84,57,33,2.747957e-04,3.445470e-05,2.187715e-06,3.412286e-05
482,1.314329e-01,4.629730e+01,7.473754e+00,84,57,30,2.801478e-04,3.757933e-05,2.235167e-06,3.720593e-05
483,1.309179e-01,5.548036e+01,7.730053e+00,83,57,34,2.877669e-04,4.059408e-05,2.286388e-06,4.000528e-05
484,1.299879e-01,6.104303e+01,8.174882e+00,77,54,33,3.012439e-04,4.360183e-05,2.345047e-06,4.297566e-05
485,1.300657e-01,6.106261e+01,8.994463e+00,77,54,33,3.100598e-04,4.683060e-05,2.412073e-06,4.615025e-05
486,1.304268e-01,6.310355e+01,1.017795e+01,76,54,34,3.141550e-04,5.070151e-05,2.458723e-06,4.998790e-05
487,1.306604e-01,5.352348e+01,9.963239e+00,78,55,33,3.181026e-04,5.432317e-05,2.518796e-06,5.355614e-05
488,1.305197e-01,6.796721e+01,1.102224e+01,77,55,33,3.255954e-04,5.803009e-05,2.577995e-06,5.721122e-05
489,1.297887e-01,8.728527e+01,1.424466e+01,77,55,32,3.285483e-04,6.184320e-05,2.649813e-06,6.099022e-05
490,1.286701e-01,9.011671e+01,1.545295e+01,77,55,34,3.299026e-04,6.549363e-05,2.734301e-06,6.459392e-05
491,1.288340e-01,8.965499e+01,1.520952e+01,77,55,34,3.301254e-04,6.882210e-05,2.815864e-06,6.784750e-05
492,1.290143e-01,9.589330e+01,1.655340e+01,77,56,34,3.281481e-04,7.188879e-05,2.818395e-06,7.088081e-05
493,1.290676e-01,1.113103e+02,1.913167e+01,77,56,37,3.256190e-04,7.413476e-05,2.848294e-06,7.308033e-05
494,1.287214e-01,1.040163e+02,1.773676e+01,78,57,30,3.246318e-04,7.561513e-05,2.937889e-06,7.448829e-05
495,1.278190e-01,9.370039e+01,1.862514e+01,78,57,33,3.254875e-04,7.649511e-05,2.991141e-06,7.533318e-05
496,1.292341e-01,8.200241e+01,1.807515e+01,77,57,37,3.183754e-04,7.606963e-05,2.983872e-06,7.485074e-05
497,1.334709e-01,8.630257e+01,2.063725e+01,78,58,32,3.140601e-04,7.639042e-05,3.047870e-06,7.513280e-05
498,1.379485e-01,9.249120e+01,1.892316e+01,78,58,31,3.060854e-04,7.582783e-05,3.083159e-06,7.456208e-05
499,1.425869e-01,8.029494e+01,1.875292e+01,78,59,32,3.008978e-04,7.449150e-05,3.088642e-06,7.317526e-05
500,1.463242e-01,1.565294e+02,1.920704e+01,78,59,34,2.949931e-04,7.263044e-05,3.124361e-06,7.128442e-05
501,1.508777e-01,7.981418e+01,1.626265e+01,77,59,36,2.883265e-04,7.093357e-05,3.111359e-06,6.957616e-05
502,1.553170e-01,7.543707e+01,1.860132e+01,78,60,34,2.805910e-04,6.879976e-05,3.128991e-06,6.743297e-05
503,1.581176e-01,1.080881e+02,1.548399e+01,79,61,25,2.721719e-04,6.698003e-05,3.133130e-06,6.558603e-05
504,1.618806e-01,1.244087e+02,1.694233e+01,78,61,37,2.649992e-04,6.480302e-05,3.126680e-06,6.339097e-05
505,1.650154e-01,1.139063e+02,1.503911e+01,79,62,25,2.589750e-04,6.200944e-05,3.103151e-06,6.058278e-05
506,1.677318e-01,8.792574e+01,1.543202e+01,78,62,42,2.547874e-04,5.918994e-05,3.092548e-06,5.777833e-05
507,1.698543e-01,8.932064e+01,1.450082e+01,78,62,42,2.514264e-04,5.753977e-05,3.033963e-06,5.612036e-05
508,1.729292e-01,8.690324e+01,1.428005e+01,79,63,43,2.408871e-04,5.425818e-05,3.031469e-06,5.284185e-05
509,1.764607e-01,8.961934e+01,1.339189e+01,80,64,24,2.322697e-04,5.205986e-05,3.007108e-06,5.062390e-05
510,1.788806e-01,9.182624e+01,1.317857e+01,79,64,43,2.293109e-04,4.990555e-05,2.921359e-06,4.853093e-05
511,1.808063e-01,9.479953e+01,1.310573e+01,81,65,43,2.247225e-04,4.753438e-05,2.890289e-06,4.616251e-05
512,1.828700e-01,8.246889e+01,1.328395e+01,80,65,43,2.200804e-04,4.529748e-05,2.824198e-06,4.397093e-05
513,1.832170e-01,9.081528e+01,1.195216e+01,79,65,42,2.142113e-04,4.311531e-05,2.750507e-06,4.183610e-05
514,1.844840e-01,8.738168e+01,1.168134e+01,80,66,43,2.075407e-04,4.097477e-05,2.690505e-06,3.971067e-05
515,1.843463e-01,7.713859e+01,1.116163e+01,79,63,42,2.014532e-04,3.879813e-05,2.643789e-06,3.758097e-05
516,1.841668e-01,8.476021e+01,1.113245e+01,81,67,43,1.976002e-04,3.759035e-05,2.561422e-06,3.642930e-05
517,1.842130e-01,7.550356e+01,1.090260e+01,80,64,42,1.929617e-04,3.563428e-05,2.496843e-06,3.452652e-05
518,1.841222e-01,6.588210e+01,1.083024e+01,80,64,42,1.895410e-04,3.412443e-05,2.450812e-06,3.300871e-05
519,1.839245e-01,7.591062e+01,1.065309e+01,78,63,40,1.834196e-04,3.168917e-05,2.368431e-06,3.067366e-05
520,1.846221e-01,8.232193e+01,1.070238e+01,79,64,41,1.796746e-04,3.054357e-05,2.317891e-06,2.955709e-05
521,1.854942e-01,6.476115e+01,1.050165e+01,79,64,41,1.749894e-04,2.963010e-05,2.244321e-06,2.871171e-05
522,1.852678e-01,7.106413e+01,1.046936e+01,80,65,42,1.685077e-04,2.755030e-05,2.179540e-06,2.672311e-05
523,1.845524e-01,7.673293e+01,1.036491e+01,79,65,41,1.641738e-04,2.671465e-05,2.159384e-06,2.585823e-05
524,1.845522e-01,6.469035e+01,1.036669e+01,79,65,41,1.613179e-04,2.478565e-05,2.096394e-06,2.401548e-05
525,1.834706e-01,6.783186e+01,1.030072e+01,79,65,40,1.573322e-04,2.290455e-05,2.012535e-06,2.222606e-05
526,1.809624e-01,5.641139e+01,1.039998e+01,79,65,40,1.529753e-04,2.325935e-05,1.993075e-06,2.259357e-05
527,1.797090e-01,5.862239e+01,1.035237e+01,80,66,41,1.465004e-04,2.308721e-05,2.008557e-06,2.243926e-05
528,1.786456e-01,5.054906e+01,1.031755e+01,80,66,41,1.410435e-04,1.994797e-05,1.892199e-06,1.939656e-05
529,1.776151e-01,4.537533e+01,1.025724e+01,79,66,40,1.398439e-04,1.780964e-05,1.807167e-06,1.729097e-05
530,1.752535e-01,4.190952e+01,1.031033e+01,79,66,40,1.370289e-04,1.807389e-05,1.851623e-06,1.752355e-05
531,1.735154e-01,4.773566e+01,1.026831e+01,79,66,40,1.288259e-04,1.911019e-05,1.910992e-06,1.860280e-05
532,1.717899e-01,4.278904e+01,1.015826e+01,80,67,41,1.227954e-04,1.803470e-05,1.859417e-06,1.760455e-05
533,1.707388e-01,3.962446e+01,1.002718e+01,80,67,40,1.199102e-04,1.564013e-05,1.753560e-06,1.523170e-05
534,1.700349e-01,4.501055e+01,1.001263e+01,80,67,40,1.205106e-04,1.405655e-05,1.692482e-06,1.364288e-05
535,1.683385e-01,4.112247e+01,9.904128e+00,80,67,40,1.137987e-04,1.368568e-05,1.698625e-06,1.328600e-05
536,1.674594e-01,4.137104e+01,9.750644e+00,79,67,40,1.048987e-04,1.399969e-05,1.736558e-06,1.363182e-05
537,1.666459e-01,4.502957e+01,9.921355e+00,80,68,40,9.813353e-05,1.390990e-05,1.753251e-06,1.359824e-05
538,1.650320e-01,3.785483e+01,1.002754e+01,80,68,40,9.884703e-05,1.292028e-05,1.727784e-06,1.262850e-05
539,1.620559e-01,3.890692e+01,9.973860e+00,79,67,39,9.941921e-05,1.147505e-05,1.689279e-06,1.117000e-05
540,1.611838e-01,4.210180e+01,9.866938e+00,79,67,39,9.542130e-05,1.062933e-05,1.663736e-06,1.031378e-05
541,1.597634e-01,3.875830e+01,9.693889e+00,79,67,39,8.497291e-05,1.042919e-05,1.656707e-06,1.010926e-05
542,1.586934e-01,3.201669e+01,9.652078e+00,79,68,39,7.743888e-05,1.028646e-05,1.661332e-06,9.968944e-06
543,1.576258e-01,3.503505e+01,9.743534e+00,79,68,39,7.660165e-05,9.692716e-06,1.668847e-06,9.375281e-06
544,1.564760e-01,3.598951e+01,9.719131e+00,79,68,39,7.888916e-05,8.837399e-06,1.682773e-06,8.504450e-06
545,1.547562e-01,4.015232e+01,9.624137e+00,79,68,39,7.620922e-05,8.753430e-06,1.696023e-06,8.361103e-06
546,1.531349e-01,3.353443e+01,9.467975e+00,79,68,39,6.947012e-05,8.392497e-06,1.705735e-06,8.012628e-06
547,1.523999e-01,3.099750e+01,9.327659e+00,80,69,39,6.903389e-05,8.171839e-06,1.713444e-06,8.142998e-06
548,1.516835e-01,3.505189e+01,9.292439e+00,79,68,38,7.244055e-05,8.817214e-06,1.727296e-06,8.951775e-06
549,1.505006e-01,3.368842e+01,9.261950e+00,79,68,38,7.689245e-05,9.828812e-06,1.739685e-06,9.940161e-06
550,1.485952e-01,2.890075e+01,9.181170e+00,79,68,38,8.183935e-05,1.051123e-05,1.752930e-06,1.060682e-05
551,1.476646e-01,2.993815e+01,9.067330e+00,79,68,38,8.700087e-05,1.106274e-05,1.768936e-06,1.111017e-05
552,1.468349e-01,3.214405e+01,9.110492e+00,79,69,38,9.300058e-05,1.174599e-05,1.783270e-06,1.177196e-05
553,1.456905e-01,3.480343e+01,9.137596e+00,79,69,38,1.002752e-04,1.277823e-05,1.800239e-06,1.278674e-05
554,1.444200e-01,3.359421e+01,9.098934e+00,79,69,38,1.087979e-04,1.372902e-05,1.819547e-06,1.372478e-05
555,1.439522e-01,3.272689e+01,9.035542e+00,79,69,38,1.179163e-04,1.454202e-05,1.841482e-06,1.457851e-05
556,1.432804e-01,3.231712e+01,8.937257e+00,79,69,38,1.284872e-04,1.568932e-05,1.869299e-06,1.572616e-05
557,1.422470e-01,3.177956e+01,8.815842e+00,79,69,38,1.399200e-04,1.687875e-05,1.899250e-06,1.689224e-05
558,1.408151e-01,3.804187e+01,8.636437e+00,79,69,38,1.501582e-04,1.774730e-05,1.925708e-06,1.772846e-05
559,1.397332e-01,3.508466e+01,8.600436e+00,79,70,38,1.605148e-04,1.844538e-05,1.950384e-06,1.840488e-05
560,1.391966e-01,3.621076e+01,8.572464e+00,79,70,38,1.732841e-04,1.874857e-05,1.973090e-06,1.876141e-05
561,1.385717e-01,3.577694e+01,8.552238e+00,79,70,38,1.865375e-04,1.951214e-05,1.997846e-06,1.950685e-05
562,1.378174e-01,3.903761e+01,8.492043e+00,78,69,37,1.999043e-04,2.032569e-05,2.022170e-06,2.029104e-05
563,1.374595e-01,4.384443e+01,8.428120e+00,78,69,37,2.118230e-04,2.145634e-05,2.058097e-06,2.123376e-05
564,1.370364e-01,4.025587e+01,8.319029e+00,78,69,37,2.216299e-04,2.390953e-05,2.090457e-06,2.366454e-05
565,1.364497e-01,4.337721e+01,8.185148e+00,78,69,37,2.342629e-04,2.655888e-05,2.123446e-06,2.630233e-05
566,1.362602e-01,4.332094e+01,8.253562e+00,78,70,37,2.474322e-04,2.881329e-05,2.155918e-06,2.856825e-05
567,1.362528e-01,5.383270e+01,8.243958e+00,78,70,37,2.576886e-04,3.131361e-05,2.194239e-06,3.104988e-05
568,1.357462e-01,5.220127e+01,8.192085e+00,78,70,37,2.663009e-04,3.366935e-05,2.239523e-06,3.337303e-05
569,1.355501e-01,4.869445e+01,8.133933e+00,78,70,37,2.750523e-04,3.619893e-05,2.274435e-06,3.589220e-05
570,1.352536e-01,5.327158e+01,8.056467e+00,78,70,37,2.844894e-04,3.888020e-05,2.316545e-06,3.840558e-05
571,1.347434e-01,6.679025e+01,7.957353e+00,106,69,32,2.935050e-04,4.238091e-05,2.378756e-06,4.185694e-05
572,1.347075e-01,6.826076e+01,8.669346e+00,106,69,30,3.025284e-04,4.560523e-05,2.428534e-06,4.505499e-05
573,1.344479e-01,6.109651e+01,9.012601e+00,103,71,33,3.103468e-04,4.921051e-05,2.474233e-06,4.863846e-05
574,1.338573e-01,6.262187e+01,1.024314e+01,99,73,33,3.173700e-04,5.331599e-05,2.550885e-06,5.270541e-05
575,1.334887e-01,7.017554e+01,1.111902e+01,99,73,33,3.221904e-04,5.724519e-05,2.606924e-06,5.660164e-05
576,1.332902e-01,7.225314e+01,1.170124e+01,99,73,34,3.268956e-04,6.111916e-05,2.649955e-06,6.043711e-05
577,1.333267e-01,7.705764e+01,1.270940e+01,100,72,33,3.300085e-04,6.469651e-05,2.691339e-06,6.395399e-05
578,1.333297e-01,8.508793e+01,1.524895e+01,99,72,34,3.291439e-04,6.788453e-05,2.702902e-06,6.711640e-05
579,1.333101e-01,8.255499e+01,1.562061e+01,99,72,37,3.297330e-04,7.099217e-05,2.799628e-06,7.017161e-05
580,1.332169e-01,9.089101e+01,1.654000e+01,100,71,31,3.270963e-04,7.387849e-05,2.912222e-06,7.301422e-05
581,1.336853e-01,1.138384e+02,1.732236e+01,100,71,32,3.242038e-04,7.512188e-05,2.871183e-06,7.421654e-05
582,1.335898e-01,8.097261e+01,1.686285e+01,100,70,30,3.243366e-04,7.620746e-05,2.897825e-06,7.524724e-05
583,1.345269e-01,1.088323e+02,2.051486e+01,100,70,32,3.190500e-04,7.699889e-05,3.039443e-06,7.598854e-05
584,1.387081e-01,1.101755e+02,1.868585e+01,100,70,34,3.113446e-04,7.676844e-05,3.000497e-06,7.573246e-05
585,1.433597e-01,1.047713e+02,2.107425e+01,100,69,32,3.069550e-04,7.561918e-05,3.073019e-06,7.452976e-05
586,1.486406e-01,9.580292e+01,1.948632e+01,100,69,34,3.016678e-04,7.479612e-05,3.146376e-06,7.366579e-05
587,1.533022e-01,9.012115e+01,1.772411e+01,100,68,32,2.938008e-04,7.287456e-05,3.090193e-06,7.174060e-05
588,1.568252e-01,9.520637e+01,1.922503e+01,100,68,34,2.863659e-04,7.136406e-05,3.246874e-06,7.016791e-05
589,1.614267e-01,8.804552e+01,1.621461e+01,100,67,31,2.797507e-04,6.918816e-05,3.178742e-06,6.798957e-05
590,1.654994e-01,8.036763e+01,1.821306e+01,100,67,37,2.740693e-04,6.665741e-05,3.195031e-06,6.540783e-05
591,1.672190e-01,7.077306e+01,1.535560e+01,101,66,26,2.659329e-04,6.424763e-05,3.271140e-06,6.296080e-05
592,1.712762e-01,8.734805e+01,1.661731e+01,100,66,42,2.586591e-04,6.205690e-05,3.208620e-06,6.076491e-05
593,1.735870e-01,7.845716e+01,1.542173e+01,101,65,27,2.529199e-04,5.946916e-05,3.263959e-06,5.812435e-05
594,1.773020e-01,8.415210e+01,1.602834e+01,100,65,42,2.458677e-04,5.738403e-05,3.233916e-06,5.602002e-05
595,1.803529e-01,1.042907e+02,1.436857e+01,101,64,43,2.383769e-04,5.465459e-05,3.216622e-06,5.327712e-05
596,1.830609e-01,8.898585e+01,1.390676e+01,101,64,42,2.378426e-04,5.177249e-05,3.211191e-06,5.037699e-05
597,1.862607e-01,1.206190e+02,1.259720e+01,102,63,43,2.325426e-04,4.920904e-05,3.153341e-06,4.780727e-05
598,1.878373e-01,1.078495e+02,1.306853e+01,101,63,42,2.232329e-04,4.711887e-05,3.118262e-06,4.574931e-05
599,1.894677e-01,1.007624e+02,1.310903e+01,102,62,43,2.160092e-04,4.533102e-05,3.069165e-06,4.397533e-05
600,1.909795e-01,1.020219e+02,1.323828e+01,101,62,42,2.112251e-04,4.276529e-05,3.000829e-06,4.141453e-05
601,1.909402e-01,9.929863e+01,1.191736e+01,102,61,43,2.104585e-04,4.128976e-05,2.936473e-06,3.999156e-05
602,1.913769e-01,9.548328e+01,1.152767e+01,101,64,42,2.068944e-04,3.867746e-05,2.894281e-06,3.738156e-05
603,1.901452e-01,8.251714e+01,1.151829e+01,100,65,40,2.001152e-04,3.689303e-05,2.810379e-06,3.561044e-05
604,1.899054e-01,9.395067e+01,1.124127e+01,100,65,40,1.923828e-04,3.545204e-05,2.745418e-06,3.423137e-05
605,1.898114e-01,9.473607e+01,1.118878e+01,102,63,42,1.880903e-04,3.416307e-05,2.684978e-06,3.297146e-05
606,1.898452e-01,7.666167e+01,1.100755e+01,102,63,42,1.852657e-04,3.231338e-05,2.597312e-06,3.118617e-05
607,1.904743e-01,8.069558e+01,1.104810e+01,101,63,41,1.826668e-04,3.022236e-05,2.541875e-06,2.911112e-05
608,1.914757e-01,8.867759e+01,1.105699e+01,101,63,41,1.794094e-04,2.892090e-05,2.450468e-06,2.789869e-05
609,1.915958e-01,7.150518e+01,1.076355e+01,101,63,41,1.738703e-04,2.778820e-05,2.384851e-06,2.680793e-05
610,1.911716e-01,7.843907e+01,1.064699e+01,101,63,40,1.669093e-04,2.683542e-05,2.342534e-06,2.586002e-05
611,1.913607e-01,7.459651e+01,1.066924e+01,101,62,41,1.620904e-04,2.514706e-05,2.259560e-06,2.425216e-05
612,1.904284e-01,7.469967e+01,1.054137e+01,101,62,41,1.609466e-04,2.366497e-05,2.213221e-06,2.281128e-05
613,1.884804e-01,5.613575e+01,1.083687e+01,101,62,40,1.587835e-04,2.295324e-05,2.167981e-06,2.213918e-05
614,1.873043e-01,5.483639e+01,1.082560e+01,101,62,40,1.514578e-04,2.167775e-05,2.078408e-06,2.097241e-05
615,1.851801e-01,6.654189e+01,1.057123e+01,102,61,41,1.447316e-04,2.077387e-05,2.037392e-06,2.006910e-05
616,1.837825e-01,5.110758e+01,1.056920e+01,101,61,40,1.428019e-04,1.999675e-05,2.035724e-06,1.927066e-05
617,1.814630e-01,4.602654e+01,1.071028e+01,101,61,40,1.405968e-04,1.819724e-05,1.955758e-06,1.756513e-05
618,1.801190e-01,5.228913e+01,1.064408e+01,101,61,40,1.359237e-04,1.691492e-05,1.887950e-06,1.634772e-05
619,1.783457e-01,5.057973e+01,1.043892e+01,101,61,40,1.300865e-04,1.709301e-05,1.890039e-06,1.650080e-05
620,1.750111e-01,4.414090e+01,1.037883e+01,102,60,40,1.257707e-04,1.747822e-05,1.921524e-06,1.690568e-05
621,1.745297e-01,5.162510e+01,1.035026e+01,102,60,40,1.216096e-04,1.573927e-05,1.843722e-06,1.525400e-05
622,1.732784e-01,4.434526e+01,1.028928e+01,101,60,40,1.189709e-04,1.387666e-05,1.741244e-06,1.342244e-05
623,1.728812e-01,4.108067e+01,1.024743e+01,102,59,40,1.142697e-04,1.278926e-05,1.695910e-06,1.233921e-05
624,1.721502e-01,3.572608e+01,1.036368e+01,102,59,40,1.092498e-04,1.266493e-05,1.722791e-06,1.219805e-05
625,1.699778e-01,3.673458e+01,1.039485e+01,102,59,40,1.040283e-04,1.302024e-05,1.774327e-06,1.257565e-05
626,1.681138e-01,3.858318e+01,1.031769e+01,101,60,39,9.986624e-05,1.263200e-05,1.778881e-06,1.222080e-05
627,1.666973e-01,3.800586e+01,1.020866e+01,101,60,39,9.814023e-05,1.146450e-05,1.742022e-06,1.106973e-05
628,1.642623e-01,3.264408e+01,1.002188e+01,101,59,39,9.607765e-05,1.034136e-05,1.692422e-06,9.938705e-06
629,1.632472e-01,3.631365e+01,1.016304e+01,101,59,39,8.995378e-05,9.718609e-06,1.665996e-06,9.305994e-06
630,1.622092e-01,3.341059e+01,1.014911e+01,101,59,39,8.211254e-05,9.426392e-06,1.660971e-06,9.000203e-06
631,1.604736e-01,2.947239e+01,1.009354e+01,101,59,39,7.761445e-05,9.101230e-06,1.667571e-06,8.685204e-06
632,1.584927e-01,3.071515e+01,9.913949e+00,101,59,39,7.630717e-05,8.492560e-06,1.681833e-06,8.130995e-06
633,1.571884e-01,3.213987e+01,9.744811e+00,101,59,39,7.537464e-05,8.499031e-06,1.698855e-06,8.625532e-06
634,1.557556e-01,3.391264e+01,9.690851e+00,101,58,39,7.297339e-05,8.913873e-06,1.710125e-06,9.017499e-06
635,1.549073e-01,3.016660e+01,9.695750e+00,101,58,39,7.190970e-05,9.225118e-06,1.718140e-06,9.300813e-06
636,1.531537e-01,2.989545e+01,9.612387e+00,101,58,39,7.459487e-05,9.837634e-06,1.724741e-06,9.896752e-06
637,1.520150e-01,3.240143e+01,9.485538e+00,101,58,39,7.875316e-05,1.055159e-05,1.731039e-06,1.059340e-05
638,1.510149e-01,3.200874e+01,9.428462e+00,101,58,38,8.372775e-05,1.119532e-05,1.743704e-06,1.123060e-05
639,1.495590e-01,3.232365e+01,9.418001e+00,101,58,38,8.926421e-05,1.181555e-05,1.757527e-06,1.181651e-05
640,1.474827e-01,2.951480e+01,9.384043e+00,101,58,38,9.495873e-05,1.232153e-05,1.776413e-06,1.230084e-05
641,1.465445e-01,3.648564e+01,9.312493e+00,101,58,38,1.015468e-04,1.294785e-05,1.799611e-06,1.290717e-05
642,1.457936e-01,3.416103e+01,9.196483e+00,101,58,38,1.122671e-04,1.386043e-05,1.826392e-06,1.379700e-05
643,1.446874e-01,3.463929e+01,9.079244e+00,101,58,38,1.215700e-04,1.483916e-05,1.856396e-06,1.475550e-05
644,1.434099e-01,3.415075e+01,8.977000e+00,101,57,38,1.309087e-04,1.572583e-05,1.887207e-06,1.563265e-05
645,1.427956e-01,3.326296e+01,8.985602e+00,101,57,38,1.419545e-04,1.649890e-05,1.917223e-06,1.649095e-05
646,1.419130e-01,3.433998e+01,8.951833e+00,101,57,38,1.525566e-04,1.771681e-05,1.944401e-06,1.770280e-05
647,1.405779e-01,3.168818e+01,8.885560e+00,101,57,38,1.634290e-04,1.827036e-05,1.972236e-06,1.821857e-05
648,1.388902e-01,3.886748e+01,8.739181e+00,101,57,38,1.751914e-04,1.841872e-05,1.997669e-06,1.839841e-05
649,1.379009e-01,3.805037e+01,8.620272e+00,100,58,37,1.884802e-04,1.922538e-05,2.029857e-06,1.923123e-05
650,1.375156e-01,3.499810e+01,8.547505e+00,100,58,37,2.006056e-04,1.996411e-05,2.065332e-06,1.992648e-05
651,1.370203e-01,3.813746e+01,8.490273e+00,100,57,37,2.124595e-04,2.252131e-05,2.096264e-06,2.227377e-05
652,1.362342e-01,3.962582e+01,8.495637e+00,100,57,37,2.235672e-04,2.524568e-05,2.123233e-06,2.498161e-05
653,1.357503e-01,4.520607e+01,8.480725e+00,100,57,37,2.369930e-04,2.780572e-05,2.146534e-06,2.752512e-05
654,1.352539e-01,4.141697e+01,8.477506e+00,100,57,37,2.479794e-04,2.985201e-05,2.185470e-06,2.957472e-05
655,1.347843e-01,4.320094e+01,8.365694e+00,100,57,37,2.571677e-04,3.230108e-05,2.225115e-06,3.198785e-05
656,1.343007e-01,4.567576e+01,8.279593e+00,100,57,37,2.672350e-04,3.493433e-05,2.264830e-06,3.460820e-05
657,1.340456e-01,5.500187e+01,8.174551e+00,100,57,37,2.771512e-04,3.784974e-05,2.297382e-06,3.731228e-05
658,1.339184e-01,5.085301e+01,8.209333e+00,100,56,37,2.848759e-04,4.082651e-05,2.342811e-06,4.025592e-05
659,1.339747e-01,5.293327e+01,8.434638e+00,129,56,31,2.950269e-04,4.426750e-05,2.390624e-06,4.365213e-05
660,1.339329e-01,6.272972e+01,8.510023e+00,129,56,29,3.056485e-04,4.776933e-05,2.428231e-06,4.712105e-05
661,1.337519e-01,6.941296e+01,9.173507e+00,121,52,34,3.117413e-04,5.137879e-05,2.482040e-06,5.069228e-05
662,1.334133e-01,6.486215e+01,9.797634e+00,123,53,33,3.167708e-04,5.526792e-05,2.546083e-06,5.453362e-05
663,1.328557e-01,6.771416e+01,1.136231e+01,122,53,33,3.235168e-04,5.890775e-05,2.594583e-06,5.811825e-05
664,1.326328e-01,8.524221e+01,1.287267e+01,122,53,32,3.256285e-04,6.308448e-05,2.649607e-06,6.226586e-05
665,1.324119e-01,8.441409e+01,1.318849e+01,122,53,34,3.266219e-04,6.667044e-05,2.712472e-06,6.578146e-05
666,1.322238e-01,9.348472e+01,1.427830e+01,122,54,32,3.282144e-04,6.991716e-05,2.726112e-06,6.897966e-05
667,1.322874e-01,1.002823e+02,1.706735e+01,122,54,34,3.273173e-04,7.296834e-05,2.746530e-06,7.199110e-05
668,1.324280e-01,1.053589e+02,1.669062e+01,122,54,37,3.251731e-04,7.473373e-05,2.815441e-06,7.369255e-05
669,1.325795e-01,9.878315e+01,1.821035e+01,123,55,33,3.223799e-04,7.604783e-05,2.902499e-06,7.495070e-05
670,1.333368e-01,9.117059e+01,1.754913e+01,123,55,32,3.185562e-04,7.632344e-05,2.914935e-06,7.519294e-05
671,1.342298e-01,7.511979e+01,1.805692e+01,123,56,32,3.138945e-04,7.626192e-05,2.933082e-06,7.506452e-05
672,1.397536e-01,9.632363e+01,2.104696e+01,123,56,34,3.081014e-04,7.573501e-05,2.994469e-06,7.450621e-05
673,1.450118e-01,8.370481e+01,1.845506e+01,123,56,34,2.985381e-04,7.487460e-05,3.055721e-06,7.360268e-05
674,1.495625e-01,1.300500e+02,1.994844e+01,123,57,35,2.929597e-04,7.355757e-05,3.056148e-06,7.226309e-05
675,1.549344e-01,8.831308e+01,1.855697e+01,123,57,37,2.869893e-04,7.125917e-05,3.086675e-06,6.992796e-05
676,1.601931e-01,7.915337e+01,1.739336e+01,123,58,37,2.811865e-04,6.866314e-05,3.149092e-06,6.729950e-05
677,1.626880e-01,1.122660e+02,1.779031e+01,123,58,40,2.729206e-04,6.649586e-05,3.091389e-06,6.510205e-05
678,1.662530e-01,8.718356e+01,1.759580e+01,124,59,31,2.635498e-04,6.459771e-05,3.129135e-06,6.320483e-05
679,1.702349e-01,9.014693e+01,1.527171e+01,123,59,41,2.578661e-04,6.262700e-05,3.164389e-06,6.117291e-05
680,1.744090e-01,1.537463e+02,1.579037e+01,124,60,34,2.539467e-04,5.944483e-05,3.118611e-06,5.799577e-05
681,1.786424e-01,1.076894e+02,1.474632e+01,124,60,42,2.476753e-04,5.686209e-05,3.129250e-06,5.539345e-05
682,1.801863e-01,9.308540e+01,1.451748e+01,125,61,43,2.425697e-04,5.492218e-05,3.113417e-06,5.344557e-05
683,1.831780e-01,1.269980e+02,1.469758e+01,124,61,42,2.356719e-04,5.210202e-05,3.067499e-06,5.063019e-05
684,1.856775e-01,1.109550e+02,1.410558e+01,125,62,43,2.298158e-04,4.967589e-05,3.015005e-06,4.824515e-05
685,1.861666e-01,9.524126e+01,1.305251e+01,125,62,42,2.247050e-04,4.728469e-05,2.990868e-06,4.584503e-05
686,1.880104e-01,1.033327e+02,1.329023e+01,126,63,43,2.194566e-04,4.523020e-05,2.938134e-06,4.382026e-05
687,1.897868e-01,7.927716e+01,1.261831e+01,125,63,42,2.156392e-04,4.343737e-05,2.877229e-06,4.208548e-05
688,1.922022e-01,8.335693e+01,1.238077e+01,126,64,43,2.107863e-04,4.128132e-05,2.819199e-06,3.994727e-05
689,1.936102e-01,8.316489e+01,1.146336e+01,126,64,42,2.068368e-04,3.851454e-05,2.770702e-06,3.719828e-05
690,1.938383e-01,7.288789e+01,1.169544e+01,127,65,43,2.033521e-04,3.737566e-05,2.693631e-06,3.613832e-05
691,1.948170e-01,7.667406e+01,1.149148e+01,126,62,42,1.964692e-04,3.579438e-05,2.636001e-06,3.461864e-05
692,1.939532e-01,6.936775e+01,1.127730e+01,126,62,42,1.925968e-04,3.424529e-05,2.582621e-06,3.307458e-05
693,1.941880e-01,5.972203e+01,1.146753e+01,125,62,41,1.895695e-04,3.200558e-05,2.501513e-06,3.091890e-05
694,1.937366e-01,7.481611e+01,1.140103e+01,125,62,41,1.879045e-04,3.067849e-05,2.440930e-06,2.964823e-05
695,1.943132e-01,6.260839e+01,1.117564e+01,126,63,42,1.832515e-04,2.953897e-05,2.385759e-06,2.854875e-05
696,1.943550e-01,6.855718e+01,1.147960e+01,125,63,41,1.758011e-04,2.766845e-05,2.320396e-06,2.675788e-05
697,1.939262e-01,7.324387e+01,1.137717e+01,125,63,41,1.711295e-04,2.682714e-05,2.303572e-06,2.589646e-05
698,1.942599e-01,5.865854e+01,1.140545e+01,125,63,40,1.690345e-04,2.504583e-05,2.234623e-06,2.420937e-05
699,1.930556e-01,7.176739e+01,1.142576e+01,125,63,40,1.657491e-04,2.372457e-05,2.148732e-06,2.299979e-05
700,1.908851e-01,5.993877e+01,1.134402e+01,126,64,41,1.611492e-04,2.375239e-05,2.157816e-06,2.300205e-05
701,1.893662e-01,6.317369e+01,1.121723e+01,125,64,40,1.560882e-04,2.268543e-05,2.139504e-06,2.197288e-05
702,1.883774e-01,5.182697e+01,1.137657e+01,125,64,40,1.508604e-04,1.977636e-05,2.014988e-06,1.914831e-05
703,1.873727e-01,5.717868e+01,1.132020e+01,125,64,40,1.486820e-04,1.847306e-05,1.971554e-06,1.786298e-05
704,1.858290e-01,5.099723e+01,1.117479e+01,126,65,41,1.449564e-04,1.938564e-05,2.031893e-06,1.875803e-05
705,1.850564e-01,5.395133e+01,1.099736e+01,126,65,41,1.406661e-04,1.971454e-05,2.059900e-06,1.914493e-05
706,1.830844e-01,4.628130e+01,1.097195e+01,126,65,40,1.357359e-04,1.769705e-05,1.978886e-06,1.718209e-05
707,1.828231e-01,4.428550e+01,1.088948e+01,126,65,40,1.334574e-04,1.553446e-05,1.872465e-06,1.505385e-05
708,1.813980e-01,4.204722e+01,1.080438e+01,125,65,39,1.299720e-04,1.464617e-05,1.830647e-06,1.420086e-05
709,1.798316e-01,4.438251e+01,1.097958e+01,126,66,40,1.241050e-04,1.445312e-05,1.857491e-06,1.398777e-05
710,1.785554e-01,3.991434e+01,1.102076e+01,126,66,40,1.178507e-04,1.457536e-05,1.900742e-06,1.414754e-05
711,1.760999e-01,4.331592e+01,1.093882e+01,126,66,40,1.151029e-04,1.405529e-05,1.902667e-06,1.366341e-05
712,1.752594e-01,4.468413e+01,1.071619e+01,126,66,40,1.129758e-04,1.283778e-05,1.864236e-06,1.245018e-05
713,1.735307e-01,3.568407e+01,1.047870e+01,126,66,40,1.108382e-04,1.204951e-05,1.826550e-06,1.157440e-05
714,1.728526e-01,4.222763e+01,1.048403e+01,125,66,39,1.043216e-04,1.147756e-05,1.805301e-06,1.099433e-05
715,1.715067e-01,4.152655e+01,1.042429e+01,125,66,39,9.717664e-05,1.086961e-05,1.801984e-06,1.038043e-05
716,1.682714e-01,3.231090e+01,1.027618e+01,126,67,40,9.258023e-05,1.054406e-05,1.810224e-06,1.012340e-05
717,1.674063e-01,3.663996e+01,1.027026e+01,126,67,39,9.117307e-05,9.907761e-06,1.818823e-06,9.432178e-06
718,1.662914e-01,3.576994e+01,1.030351e+01,126,67,39,9.064783e-05,9.387585e-06,1.834968e-06,8.871600e-06
719,1.647493e-01,3.816997e+01,1.028010e+01,126,67,39,8.541198e-05,8.965369e-06,1.848421e-06,8.605190e-06
720,1.637942e-01,3.080408e+01,1.017533e+01,126,67,39,7.867352e-05,8.582334e-06,1.858106e-06,8.680806e-06
721,1.624470e-01,3.535171e+01,9.951039e+00,126,67,39,7.381942e-05,8.969761e-06,1.869771e-06,9.053299e-06
722,1.603006e-01,3.409417e+01,9.835734e+00,125,67,38,7.366405e-05,9.660720e-06,1.884257e-06,9.719686e-06
723,1.585595e-01,2.754106e+01,9.872217e+00,125,67,38,7.568908e-05,1.040093e-05,1.895042e-06,1.043861e-05
724,1.574774e-01,3.174763e+01,9.826393e+00,125,67,38,7.801365e-05,1.082050e-05,1.911593e-06,1.084409e-05
725,1.565890e-01,3.122112e+01,9.760326e+00,125,67,38,8.075658e-05,1.114891e-05,1.924893e-06,1.115033e-05
726,1.553276e-01,3.556630e+01,9.644628e+00,125,67,38,8.505515e-05,1.162289e-05,1.937563e-06,1.160286e-05
727,1.541419e-01,3.508963e+01,9.482364e+00,125,67,38,9.068157e-05,1.238592e-05,1.953026e-06,1.235310e-05
728,1.532135e-01,3.393157e+01,9.299115e+00,125,67,38,9.761487e-05,1.308157e-05,1.967858e-06,1.303000e-05
729,1.518764e-01,3.099052e+01,9.266824e+00,125,68,38,1.050049e-04,1.371168e-05,1.988637e-06,1.364446e-05
730,1.502223e-01,2.823040e+01,9.242985e+00,125,68,38,1.138446e-04,1.422446e-05,2.011223e-06,1.412214e-05
731,1.488285e-01,3.044379e+01,9.171079e+00,125,68,38,1.227418e-04,1.486562e-05,2.033621e-06,1.475003e-05
732,1.477773e-01,3.350410e+01,9.106780e+00,125,68,38,1.337628e-04,1.561271e-05,2.055442e-06,1.549270e-05
733,1.470402e-01,3.688715e+01,8.970418e+00,124,67,37,1.434095e-04,1.643972e-05,2.076065e-06,1.628715e-05
734,1.460422e-01,3.473646e+01,8.973387e+00,125,68,37,1.532973e-04,1.711186e-05,2.093467e-06,1.694004e-05
735,1.450677e-01,3.436050e+01,8.905869e+00,125,68,37,1.648611e-04,1.774330e-05,2.110201e-06,1.762729e-05
736,1.447401e-01,3.361617e+01,8.840086e+00,125,68,37,1.774773e-04,1.846298e-05,2.132670e-06,1.832474e-05
737,1.444707e-01,4.139948e+01,8.739542e+00,124,68,37,1.909058e-04,1.905147e-05,2.153137e-06,1.887904e-05
738,1.442195e-01,3.924681e+01,8.686141e+00,124,68,37,2.020650e-04,2.105171e-05,2.171252e-06,2.083841e-05
739,1.441461e-01,3.996011e+01,8.605443e+00,124,68,37,2.133163e-04,2.363663e-05,2.186129e-06,2.340918e-05
740,1.440154e-01,3.972982e+01,8.537352e+00,125,69,37,2.267502e-04,2.603156e-05,2.205547e-06,2.581582e-05
741,1.439921e-01,4.999303e+01,8.531265e+00,125,69,37,2.388914e-04,2.859704e-05,2.239078e-06,2.836942e-05
742,1.441008e-01,4.709227e+01,8.428699e+00,125,69,37,2.489935e-04,3.098280e-05,2.273085e-06,3.071980e-05
743,1.441918e-01,4.686023e+01,8.338461e+00,125,69,37,2.597894e-04,3.350648e-05,2.293491e-06,3.323214e-05
744,1.442073e-01,4.859305e+01,8.317154e+00,124,69,37,2.683311e-04,3.592480e-05,2.317103e-06,3.560071e-05
745,1.441578e-01,6.205087e+01,8.272898e+00,123,68,36,2.784099e-04,3.937619e-05,2.362999e-06,3.890386e-05
746,1.439849e-01,5.955511e+01,8.285622e+00,123,68,36,2.888774e-04,4.263376e-05,2.393317e-06,4.212994e-05
747,1.438029e-01,5.968424e+01,8.269842e+00,154,67,28,2.977338e-04,4.592690e-05,2.423031e-06,4.539591e-05
748,1.440009e-01,6.746687e+01,8.957358e+00,147,71,32,3.074403e-04,4.977227e-05,2.482739e-06,4.920146e-05
749,1.442256e-01,7.661839e+01,1.008707e+01,147,71,34,3.142363e-04,5.353010e-05,2.525772e-06,5.293017e-05
750,1.456716e-01,6.760559e+01,9.870277e+00,149,70,34,3.185819e-04,5.777553e-05,2.565354e-06,5.715223e-05
751,1.463353e-01,6.907024e+01,1.190728e+01,148,70,33,3.257639e-04,6.211567e-05,2.636257e-06,6.145026e-05
752,1.472837e-01,8.336079e+01,1.296727e+01,148,70,32,3.265850e-04,6.557808e-05,2.669247e-06,6.486601e-05
753,1.488630e-01,8.262578e+01,1.280435e+01,148,70,34,3.273911e-04,6.867648e-05,2.668585e-06,6.792054e-05
754,1.505611e-01,8.935208e+01,1.544552e+01,148,69,32,3.292681e-04,7.154761e-05,2.722959e-06,7.073035e-05
755,1.522657e-01,1.063463e+02,1.787792e+01,148,69,34,3.269568e-04,7.417803e-05,2.814471e-06,7.332545e-05
756,1.531197e-01,1.034398e+02,1.667578e+01,148,69,36,3.224408e-04,7.649698e-05,2.891413e-06,7.559463e-05
757,1.531452e-01,1.015554e+02,1.731382e+01,148,68,34,3.181089e-04,7.665799e-05,2.874965e-06,7.571179e-05
758,1.546269e-01,9.208846e+01,1.774742e+01,148,68,37,3.171879e-04,7.650524e-05,2.915899e-06,7.550268e-05
759,1.561090e-01,1.102548e+02,1.939664e+01,149,67,32,3.102976e-04,7.671577e-05,3.052158e-06,7.566353e-05
760,1.575242e-01,1.008523e+02,1.784552e+01,149,67,32,3.024935e-04,7.530582e-05,3.007784e-06,7.423190e-05
761,1.579330e-01,1.355047e+02,2.070429e+01,149,66,32,2.965764e-04,7.390645e-05,3.107910e-06,7.275831e-05
762,1.590057e-01,9.145296e+01,1.906089e+01,149,66,34,2.882569e-04,7.224358e-05,3.189305e-06,7.104835e-05
763,1.635178e-01,9.441074e+01,1.816583e+01,149,65,32,2.808484e-04,7.011721e-05,3.130608e-06,6.893712e-05
764,1.680617e-01,1.039007e+02,1.854003e+01,149,65,37,2.746824e-04,6.754548e-05,3.272974e-06,6.627282e-05
765,1.715138e-01,1.060163e+02,1.543001e+01,149,65,37,2.675103e-04,6.507755e-05,3.258233e-06,6.376407e-05
766,1.760987e-01,8.060466e+01,1.761382e+01,149,64,37,2.587658e-04,6.236244e-05,3.250883e-06,6.102293e-05
767,1.775191e-01,1.208891e+02,1.583525e+01,150,63,27,2.526326e-04,6.010163e-05,3.311783e-06,5.871325e-05
768,1.813783e-01,1.090540e+02,1.682515e+01,149,63,41,2.483063e-04,5.802296e-05,3.282711e-06,5.661579e-05
769,1.848035e-01,8.210751e+01,1.499566e+01,150,62,31,2.407175e-04,5.565365e-05,3.286425e-06,5.425505e-05
770,1.890330e-01,1.223831e+02,1.406813e+01,150,62,42,2.370820e-04,5.287460e-05,3.292051e-06,5.141972e-05
771,1.924889e-01,1.156606e+02,1.342483e+01,150,61,43,2.343845e-04,4.998927e-05,3.246517e-06,4.854217e-05
772,1.945771e-01,8.940669e+01,1.351499e+01,150,61,42,2.265130e-04,4.733844e-05,3.189540e-06,4.592074e-05
773,1.976837e-01,8.790198e+01,1.389338e+01,151,60,43,2.195662e-04,4.598510e-05,3.172791e-06,4.456747e-05
774,1.993225e-01,1.076266e+02,1.303050e+01,150,60,42,2.154888e-04,4.396532e-05,3.109033e-06,4.256089e-05
775,1.997659e-01,9.043574e+01,1.272363e+01,151,59,43,2.114628e-04,4.155101e-05,3.044048e-06,4.017764e-05
776,1.999403e-01,8.227180e+01,1.175477e+01,149,63,40,2.098801e-04,3.899853e-05,3.001960e-06,3.762687e-05
777,1.989825e-01,7.824896e+01,1.244834e+01,152,58,43,2.058050e-04,3.747440e-05,2.922963e-06,3.614981e-05
778,2.010465e-01,8.097567e+01,1.176104e+01,151,61,42,1.984521e-04,3.585118e-05,2.856668e-06,3.456869e-05
779,2.011988e-01,7.601057e+01,1.147782e+01,151,61,42,1.946161e-04,3.426626e-05,2.787919e-06,3.301169e-05
780,2.023041e-01,7.007080e+01,1.150657e+01,150,61,41,1.910436e-04,3.234712e-05,2.732406e-06,3.113625e-05
781,2.019417e-01,8.317285e+01,1.149312e+01,151,60,42,1.902048e-04,3.114823e-05,2.644773e-06,3.000140e-05
782,2.025198e-01,6.989188e+01,1.143102e+01,151,60,42,1.865639e-04,2.934200e-05,2.569363e-06,2.824155e-05
783,2.019815e-01,6.886022e+01,1.143683e+01,151,60,41,1.796108e-04,2.811729e-05,2.533617e-06,2.702523e-05
784,2.020893e-01,7.488686e+01,1.122459e+01,151,60,41,1.746605e-04,2.669466e-05,2.448005e-06,2.568434e-05
785,2.009549e-01,6.519133e+01,1.158640e+01,151,59,41,1.726454e-04,2.543174e-05,2.391332e-06,2.447963e-05
786,1.987708e-01,7.810151e+01,1.176480e+01,151,59,41,1.686225e-04,2.484299e-05,2.340742e-06,2.392765e-05
787,1.967563e-01,7.210484e+01,1.150425e+01,151,59,41,1.644476e-04,2.319261e-05,2.258653e-06,2.234179e-05
788,1.975327e-01,6.182714e+01,1.126514e+01,151,59,40,1.610752e-04,2.176356e-05,2.225262e-06,2.093432e-05
789,1.965137e-01,7.155829e+01,1.139167e+01,151,58,41,1.570447e-04,2.102639e-05,2.196277e-06,2.020706e-05
790,1.954445e-01,6.081422e+01,1.135329e+01,151,58,41,1.513778e-04,1.961124e-05,2.113077e-06,1.889250e-05
791,1.945719e-01,6.061823e+01,1.152489e+01,151,58,40,1.478287e-04,1.920822e-05,2.063297e-06,1.855756e-05
792,1.920876e-01,5.828971e+01,1.145740e+01,151,58,40,1.466361e-04,1.904980e-05,2.077183e-06,1.835343e-05
793,1.913221e-01,5.804736e+01,1.123067e+01,151,58,40,1.429871e-04,1.749767e-05,2.032867e-06,1.684478e-05
794,1.892518e-01,4.287713e+01,1.099532e+01,151,57,40,1.380688e-04,1.585805e-05,1.932384e-06,1.540239e-05
795,1.884238e-01,4.200606e+01,1.124881e+01,151,57,40,1.331224e-04,1.536486e-05,1.892798e-06,1.490400e-05
796,1.861531e-01,4.416991e+01,1.120138e+01,151,57,40,1.282530e-04,1.475533e-05,1.934670e-06,1.420398e-05
797,1.829562e-01,4.018588e+01,1.102576e+01,151,57,40,1.242841e-04,1.535926e-05,1.971204e-06,1.479161e-05
798,1.818181e-01,4.430880e+01,1.076880e+01,151,57,40,1.221217e-04,1.432832e-05,1.945539e-06,1.379605e-05
799,1.812690e-01,3.955451e+01,1.072207e+01,151,57,39,1.188438e-04,1.322035e-05,1.870688e-06,1.272556e-05
800,1.805897e-01,3.519045e+01,1.068885e+01,151,56,40,1.133914e-04,1.273075e-05,1.811885e-06,1.223334e-05
801,1.785342e-01,3.143814e+01,1.056603e+01,151,56,40,1.079338e-04,1.212298e-05,1.792076e-06,1.161794e-05
802,1.764906e-01,3.358876e+01,1.054617e+01,151,56,39,1.027221e-04,1.149235e-05,1.803537e-06,1.097860e-05
803,1.747397e-01,3.595945e+01,1.063865e+01,151,56,39,9.886081e-05,1.097905e-05,1.826769e-06,1.045202e-05
804,1.716983e-01,3.667077e+01,1.056732e+01,151,56,39,9.752769e-05,1.062317e-05,1.845120e-06,1.008989e-05
805,1.705838e-01,3.044832e+01,1.044283e+01,151,56,39,9.502123e-05,1.018238e-05,1.850382e-06,9.647775e-06
806,1.694169e-01,3.576730e+01,1.024211e+01,151,56,39,8.974025e-05,9.678183e-06,1.843987e-06,9.136828e-06
807,1.671564e-01,3.346472e+01,1.005896e+01,151,55,39,8.243525e-05,9.131337e-06,1.834535e-06,8.815869e-06
808,1.654354e-01,3.309108e+01,1.010297e+01,151,55,39,7.851591e-05,9.201179e-06,1.832551e-06,9.215893e-06
809,1.637944e-01,3.041996e+01,1.007629e+01,151,55,39,7.707618e-05,9.802968e-06,1.835893e-06,9.826235e-06
810,1.623258e-01,3.379667e+01,9.965221e+00,151,55,39,7.748074e-05,1.041350e-05,1.844773e-06,1.042024e-05
811,1.612925e-01,3.181208e+01,9.788323e+00,150,56,38,7.778869e-05,1.083401e-05,1.860569e-06,1.081467e-05
812,1.591994e-01,3.512286e+01,9.691965e+00,150,56,38,7.925954e-05,1.122837e-05,1.875540e-06,1.119863e-05
813,1.580321e-01,3.449565e+01,9.555688e+00,151,55,38,8.272665e-05,1.167815e-05,1.891975e-06,1.162759e-05
814,1.568874e-01,2.907836e+01,9.490864e+00,151,55,38,8.789739e-05,1.235422e-05,1.910337e-06,1.229193e-05
815,1.550262e-01,3.085522e+01,9.465283e+00,150,55,38,9.368404e-05,1.306215e-05,1.926319e-06,1.297462e-05
816,1.523865e-01,3.202240e+01,9.410028e+00,150,55,38,9.968290e-05,1.354402e-05,1.945735e-06,1.344846e-05
817,1.512046e-01,3.522314e+01,9.337869e+00,150,55,38,1.081047e-04,1.381515e-05,1.966883e-06,1.370359e-05
818,1.496813e-01,3.214417e+01,9.261340e+00,150,55,37,1.180170e-04,1.444100e-05,1.989801e-06,1.429848e-05
819,1.487371e-01,3.768246e+01,9.249024e+00,151,55,29,1.264653e-04,1.530288e-05,2.018111e-06,1.515054e-05
820,1.475218e-01,3.296422e+01,9.200631e+00,150,55,37,1.366904e-04,1.598569e-05,2.047869e-06,1.581897e-05
821,1.464778e-01,3.324362e+01,9.113666e+00,150,55,37,1.464191e-04,1.653119e-05,2.075940e-06,1.633647e-05
822,1.456263e-01,3.100250e+01,9.046151e+00,152,54,29,1.546856e-04,1.719307e-05,2.102477e-06,1.698166e-05
823,1.445382e-01,3.700696e+01,8.980094e+00,152,54,29,1.679036e-04,1.779162e-05,2.126937e-06,1.756097e-05
824,1.430653e-01,3.592451e+01,8.892281e+00,151,54,29,1.807108e-04,1.830111e-05,2.144872e-06,1.830323e-05
825,1.419508e-01,3.729107e+01,8.927042e+00,151,54,29,1.926948e-04,1.941820e-05,2.167555e-06,1.921505e-05
826,1.420273e-01,3.723820e+01,8.861622e+00,151,54,29,2.034307e-04,2.173269e-05,2.192337e-06,2.150492e-05
827,1.412984e-01,3.873611e+01,8.848653e+00,151,54,29,2.169438e-04,2.428435e-05,2.221293e-06,2.405940e-05
828,1.405639e-01,3.826952e+01,8.771321e+00,151,54,29,2.288056e-04,2.730445e-05,2.242972e-06,2.703962e-05
829,1.405126e-01,4.441077e+01,8.688043e+00,151,54,29,2.383687e-04,2.962892e-05,2.262834e-06,2.935790e-05
830,1.407260e-01,4.622075e+01,8.593486e+00,149,54,36,2.513737e-04,3.189776e-05,2.291183e-06,3.160849e-05
831,1.408098e-01,4.506522e+01,8.655035e+00,149,54,36,2.619682e-04,3.404157e-05,2.324157e-06,3.375675e-05
832,1.415465e-01,4.513612e+01,8.609430e+00,149,54,36,2.695323e-04,3.742384e-05,2.350753e-06,3.689175e-05
833,1.431521e-01,5.594279e+01,8.614687e+00,150,54,30,2.803969e-04,4.108739e-05,2.377250e-06,4.053623e-05
834,1.443403e-01,6.629616e+01,8.601479e+00,150,54,30,2.909214e-04,4.440686e-05,2.425063e-06,4.381558e-05
835,1.446990e-01,6.880392e+01,8.653430e+00,148,54,36,2.998560e-04,4.785597e-05,2.456644e-06,4.722247e-05
836,1.457320e-01,6.554806e+01,8.846030e+00,178,55,33,3.094368e-04,5.189459e-05,2.493236e-06,5.122528e-05
837,1.473872e-01,7.160796e+01,9.845470e+00,178,55,33,3.149007e-04,5.563346e-05,2.534215e-06,5.491784e-05
838,1.490003e-01,8.735500e+01,1.102441e+01,174,51,32,3.191427e-04,5.950279e-05,2.585226e-06,5.873196e-05
839,1.502459e-01,7.433996e+01,1.290702e+01,173,51,34,3.248747e-04,6.361645e-05,2.605295e-06,6.280483e-05
840,1.503920e-01,8.142651e+01,1.301195e+01,173,51,36,3.260605e-04,6.712576e-05,2.645933e-06,6.626066e-05
841,1.510282e-01,8.066910e+01,1.350548e+01,174,52,30,3.257434e-04,7.007009e-05,2.679600e-06,6.914874e-05
842,1.525554e-01,9.169807e+01,1.712739e+01,174,52,32,3.273143e-04,7.293377e-05,2.745284e-06,7.197465e-05
843,1.538904e-01,1.036401e+02,1.711292e+01,174,52,34,3.252155e-04,7.516630e-05,2.831400e-06,7.414110e-05
844,1.547113e-01,9.826497e+01,1.665420e+01,175,53,31,3.218860e-04,7.657973e-05,2.879201e-06,7.549889e-05
845,1.543226e-01,7.124844e+01,1.896836e+01,174,53,37,3.167480e-04,7.689824e-05,2.859157e-06,7.578464e-05
846,1.549307e-01,7.830064e+01,1.776011e+01,175,54,29,3.129287e-04,7.656239e-05,2.934710e-06,7.536828e-05
847,1.562026e-01,9.864425e+01,1.945003e+01,175,54,32,3.066956e-04,7.565294e-05,3.021325e-06,7.441936e-05
848,1.571212e-01,8.670525e+01,1.739568e+01,175,54,33,2.983115e-04,7.438251e-05,3.023808e-06,7.312690e-05
849,1.573054e-01,7.526631e+01,2.058406e+01,175,55,34,2.914710e-04,7.282370e-05,3.073858e-06,7.151153e-05
850,1.593600e-01,8.915445e+01,1.812357e+01,175,55,36,2.842711e-04,7.086375e-05,3.124008e-06,6.950259e-05
851,1.647094e-01,7.962131e+01,1.822266e+01,175,56,37,2.760134e-04,6.800234e-05,3.166379e-06,6.661362e-05
852,1.683650e-01,7.755089e+01,1.782719e+01,175,56,40,2.685909e-04,6.563984e-05,3.131952e-06,6.421326e-05
853,1.727861e-01,9.108463e+01,1.729143e+01,176,57,31,2.618590e-04,6.391620e-05,3.184259e-06,6.247785e-05
854,1.762702e-01,1.272015e+02,1.548630e+01,175,57,41,2.576407e-04,6.178251e-05,3.195882e-06,6.029477e-05
855,1.805596e-01,1.414023e+02,1.586163e+01,176,58,34,2.526171e-04,5.803264e-05,3.165598e-06,5.655845e-05
856,1.844793e-01,7.989386e+01,1.498032e+01,176,58,42,2.453867e-04,5.575810e-05,3.167068e-06,5.426586e-05
857,1.870351e-01,1.038699e+02,1.475727e+01,177,59,43,2.393432e-04,5.356035e-05,3.151496e-06,5.205399e-05
858,1.904173e-01,8.958033e+01,1.465608e+01,176,59,42,2.331849e-04,5.083045e-05,3.126645e-06,4.931995e-05
859,1.924154e-01,8.873236e+01,1.432851e+01,177,60,43,2.282786e-04,4.852297e-05,3.057831e-06,4.708015e-05
860,1.924643e-01,9.725560e+01,1.288585e+01,177,60,42,2.243894e-04,4.612413e-05,3.033553e-06,4.465704e-05
861,1.958151e-01,8.795586e+01,1.408677e+01,178,61,43,2.195999e-04,4.423873e-05,2.987955e-06,4.282973e-05
862,1.981818e-01,9.531572e+01,1.245085e+01,177,59,42,2.153634e-04,4.202739e-05,2.917085e-06,4.065120e-05
863,2.001667e-01,9.031947e+01,1.229335e+01,177,59,42,2.116461e-04,3.973020e-05,2.856586e-06,3.838764e-05
864,2.018983e-01,8.931774e+01,1.212863e+01,177,59,42,2.080741e-04,3.798182e-05,2.828357e-06,3.666729e-05
865,2.012833e-01,8.318529e+01,1.181751e+01,177,60,42,2.047774e-04,3.664218e-05,2.744182e-06,3.537137e-05
866,2.016115e-01,6.392584e+01,1.182944e+01,178,60,42,2.010746e-04,3.455197e-05,2.682954e-06,3.332795e-05
867,2.015779e-01,7.702814e+01,1.200065e+01,177,60,41,1.956059e-04,3.299864e-05,2.642777e-06,3.181130e-05
868,2.017436e-01,7.064511e+01,1.223736e+01,177,60,41,1.919332e-04,3.077876e-05,2.556979e-06,2.967451e-05
869,2.018416e-01,5.226226e+01,1.208660e+01,177,60,41,1.890260e-04,3.000015e-05,2.524630e-06,2.894191e-05
870,2.022687e-01,7.947110e+01,1.197163e+01,177,60,40,1.835929e-04,2.895080e-05,2.445763e-06,2.797166e-05
871,2.023024e-01,6.090720e+01,1.195170e+01,177,61,41,1.794875e-04,2.695588e-05,2.385316e-06,2.600800e-05
872,2.013091e-01,7.739843e+01,1.185043e+01,177,61,40,1.782760e-04,2.607184e-05,2.383955e-06,2.511058e-05
873,2.004503e-01,6.264801e+01,1.214843e+01,177,61,40,1.727660e-04,2.406375e-05,2.297374e-06,2.321450e-05
874,1.986725e-01,7.030737e+01,1.218029e+01,178,62,41,1.678803e-04,2.315369e-05,2.226494e-06,2.240588e-05
875,1.980358e-01,5.855673e+01,1.207880e+01,178,62,41,1.644296e-04,2.369794e-05,2.241957e-06,2.291365e-05
876,1.981052e-01,6.401184e+01,1.177125e+01,178,62,41,1.608798e-04,2.220463e-05,2.220899e-06,2.146610e-05
877,1.974231e-01,5.017776e+01,1.164094e+01,177,62,40,1.572058e-04,1.918237e-05,2.093552e-06,1.853249e-05
878,1.942531e-01,5.049113e+01,1.161018e+01,178,63,41,1.552945e-04,1.774448e-05,2.044337e-06,1.729518e-05
879,1.934769e-01,4.634568e+01,1.162579e+01,178,63,40,1.495030e-04,1.855645e-05,2.113297e-06,1.788864e-05
880,1.920732e-01,4.648841e+01,1.177559e+01,178,63,40,1.448302e-04,1.929825e-05,2.150484e-06,1.869459e-05
881,1.909181e-01,5.355113e+01,1.165760e+01,178,63,40,1.406119e-04,1.762423e-05,2.089819e-06,1.706112e-05
882,1.884265e-01,4.413643e+01,1.138567e+01,178,63,40,1.399587e-04,1.588971e-05,1.987020e-06,1.543071e-05
883,1.875674e-01,4.700241e+01,1.120315e+01,179,64,41,1.376683e-04,1.542333e-05,1.935248e-06,1.496118e-05
884,1.866185e-01,4.288780e+01,1.126488e+01,178,64,40,1.300446e-04,1.487296e-05,1.943213e-06,1.440100e-05
885,1.859036e-01,4.096188e+01,1.122719e+01,178,64,40,1.226100e-04,1.429204e-05,1.979025e-06,1.380906e-05
886,1.842247e-01,4.679422e+01,1.102576e+01,178,64,40,1.197749e-04,1.372022e-05,2.001518e-06,1.322741e-05
887,1.816679e-01,4.195259e+01,1.107944e+01,178,64,39,1.200465e-04,1.324037e-05,1.989808e-06,1.274047e-05
888,1.796458e-01,3.889859e+01,1.102938e+01,178,64,39,1.184760e-04,1.280308e-05,1.962724e-06,1.230050e-05
889,1.782942e-01,4.046068e+01,1.087165e+01,178,64,39,1.119091e-04,1.224826e-05,1.938040e-06,1.174354e-05
890,1.770688e-01,3.534393e+01,1.073177e+01,179,65,40,1.028286e-04,1.170820e-05,1.928781e-06,1.119959e-05
891,1.742139e-01,3.533935e+01,1.051385e+01,179,65,40,9.738596e-05,1.118611e-05,1.929233e-06,1.066739e-05
892,1.729265e-01,3.714194e+01,1.053984e+01,178,65,39,9.686159e-05,1.065458e-05,1.937348e-06,1.012295e-05
893,1.711916e-01,4.126752e+01,1.050222e+01,178,65,39,9.664612e-05,1.015397e-05,1.952868e-06,9.611917e-06
894,1.688756e-01,3.331291e+01,1.039332e+01,178,65,39,9.198239e-05,9.800941e-06,1.965574e-06,9.492476e-06
895,1.679575e-01,3.831920e+01,1.018309e+01,178,65,39,8.361407e-05,9.432978e-06,1.981416e-06,9.443547e-06
896,1.664024e-01,3.462554e+01,1.004705e+01,179,65,28,7.797335e-05,9.746697e-06,1.996871e-06,9.734064e-06
897,1.641767e-01,2.874218e+01,9.933735e+00,178,65,38,7.670266e-05,1.047516e-05,2.009016e-06,1.047838e-05
898,1.628106e-01,3.130631e+01,9.841218e+00,179,66,39,7.862663e-05,1.113421e-05,2.023249e-06,1.111756e-05
899,1.613230e-01,3.374955e+01,9.759835e+00,179,65,29,7.938963e-05,1.155849e-05,2.031681e-06,1.152324e-05
900,1.594032e-01,3.200528e+01,9.744674e+00,180,66,28,8.105387e-05,1.176861e-05,2.041199e-06,1.171256e-05
901,1.579956e-01,3.483184e+01,9.667976e+00,180,66,28,8.440149e-05,1.205941e-05,2.054647e-06,1.198317e-05
902,1.557212e-01,3.283098e+01,9.556425e+00,178,65,29,8.965757e-05,1.266517e-05,2.069684e-06,1.257819e-05
903,1.545672e-01,2.972652e+01,9.606387e+00,179,66,29,9.586219e-05,1.346365e-05,2.089935e-06,1.335566e-05
904,1.532324e-01,2.929016e+01,9.646011e+00,179,66,29,1.024810e-04,1.401735e-05,2.111806e-06,1.389371e-05
905,1.518846e-01,3.317206e+01,9.691730e+00,179,66,29,1.111603e-04,1.430363e-05,2.130879e-06,1.416033e-05
906,1.509266e-01,3.428299e+01,9.623403e+00,179,66,29,1.205079e-04,1.462888e-05,2.145399e-06,1.444419e-05
907,1.499784e-01,3.562699e+01,9.529011e+00,179,66,29,1.301116e-04,1.535426e-05,2.157617e-06,1.516398e-05
908,1.489761e-01,3.397852e+01,9.423805e+00,179,66,29,1.392261e-04,1.616536e-05,2.170906e-06,1.595916e-05
909,1.478046e-01,3.232896e+01,9.321485e+00,179,66,29,1.483007e-04,1.699176e-05,2.191258e-06,1.676616e-05
910,1.470892e-01,3.781265e+01,9.244737e+00,179,67,29,1.581077e-04,1.746181e-05,2.208386e-06,1.721941e-05
911,1.468359e-01,3.749174e+01,9.272598e+00,179,67,29,1.702096e-04,1.778067e-05,2.220454e-06,1.752240e-05
912,1.466789e-01,3.808230e+01,9.275886e+00,179,67,29,1.829974e-04,1.837651e-05,2.227567e-06,1.809634e-05
913,1.466446e-01,3.723463e+01,9.249599e+00,179,67,29,1.959058e-04,2.057466e-05,2.240692e-06,2.039614e-05
914,1.466419e-01,3.984169e+01,9.176505e+00,179,67,29,2.067506e-04,2.309522e-05,2.261708e-06,2.290867e-05
915,1.467252e-01,4.034128e+01,9.088923e+00,179,67,29,2.193201e-04,2.564278e-05,2.280702e-06,2.543133e-05
916,1.469234e-01,4.465751e+01,9.026629e+00,177,66,30,2.321131e-04,2.811424e-05,2.289173e-06,2.787920e-05
917,1.474111e-01,4.343061e+01,9.084270e+00,177,66,30,2.415144e-04,3.056159e-05,2.303184e-06,3.032940e-05
918,1.487834e-01,4.334334e+01,9.139865e+00,177,66,30,2.537951e-04,3.325339e-05,2.332638e-06,3.300388e-05
919,1.499951e-01,5.259053e+01,9.082302e+00,177,66,30,2.641468e-04,3.572606e-05,2.359660e-06,3.542704e-05
920,1.508111e-01,5.645249e+01,9.057061e+00,176,66,31,2.723268e-04,3.899567e-05,2.375490e-06,3.853570e-05
921,1.510205e-01,5.223091e+01,9.197392e+00,176,66,31,2.853211e-04,4.258279e-05,2.410131e-06,4.210322e-05
922,1.525539e-01,5.627171e+01,9.245355e+00,175,66,32,2.951768e-04,4.635013e-05,2.447975e-06,4.583029e-05
923,1.540494e-01,6.716201e+01,9.310930e+00,175,66,32,3.018874e-04,5.000874e-05,2.469427e-06,4.945845e-05
924,1.553228e-01,6.868312e+01,9.327557e+00,202,68,33,3.105376e-04,5.364195e-05,2.501843e-06,5.305570e-05
925,1.560615e-01,8.414464e+01,1.040074e+01,201,68,34,3.177407e-04,5.758206e-05,2.553122e-06,5.693967e-05
926,1.558221e-01,7.254104e+01,1.103407e+01,201,68,34,3.216963e-04,6.133950e-05,2.580792e-06,6.066177e-05
927,1.571834e-01,7.172565e+01,1.136450e+01,202,67,33,3.246347e-04,6.511145e-05,2.634064e-06,6.438629e-05
928,1.585899e-01,8.642920e+01,1.529073e+01,202,67,32,3.267730e-04,6.890904e-05,2.704561e-06,6.814772e-05
929,1.595656e-01,8.711774e+01,1.573724e+01,202,67,34,3.282320e-04,7.263366e-05,2.752547e-06,7.184170e-05
930,1.596725e-01,8.785419e+01,1.476327e+01,203,66,32,3.267011e-04,7.492651e-05,2.779966e-06,7.406022e-05
931,1.591150e-01,9.118658e+01,1.742415e+01,202,66,37,3.237858e-04,7.612051e-05,2.797311e-06,7.521625e-05
932,1.603052e-01,8.490306e+01,1.683686e+01,203,65,30,3.220770e-04,7.697757e-05,2.908141e-06,7.600299e-05
933,1.613523e-01,1.043307e+02,1.851127e+01,203,65,32,3.146644e-04,7.722908e-05,2.968174e-06,7.622986e-05
934,1.620053e-01,9.614939e+01,1.692231e+01,203,65,32,3.083335e-04,7.694390e-05,2.947750e-06,7.590387e-05
935,1.615782e-01,8.797956e+01,2.070659e+01,203,64,32,3.015688e-04,7.538846e-05,3.085782e-06,7.425729e-05
936,1.611567e-01,9.466982e+01,1.899962e+01,203,64,34,2.946737e-04,7.399080e-05,3.149630e-06,7.282222e-05
937,1.652515e-01,9.213743e+01,1.938503e+01,203,63,35,2.870007e-04,7.195070e-05,3.108375e-06,7.078332e-05
938,1.691720e-01,1.444045e+02,1.900660e+01,203,63,37,2.810036e-04,6.959274e-05,3.264448e-06,6.831010e-05
939,1.749513e-01,8.365420e+01,1.652897e+01,203,63,37,2.727778e-04,6.727871e-05,3.249413e-06,6.599390e-05
940,1.771243e-01,8.195834e+01,1.845557e+01,203,62,40,2.643247e-04,6.440701e-05,3.254550e-06,6.305412e-05
941,1.809676e-01,1.206713e+02,1.668661e+01,204,61,31,2.580702e-04,6.176881e-05,3.333809e-06,6.037396e-05
942,1.854611e-01,1.057831e+02,1.566797e+01,203,61,41,2.507685e-04,6.005730e-05,3.317270e-06,5.865831e-05
943,1.901407e-01,9.096386e+01,1.577740e+01,204,60,34,2.445455e-04,5.762901e-05,3.306464e-06,5.622928e-05
944,1.938420e-01,1.510478e+02,1.460488e+01,205,59,24,2.440258e-04,5.460172e-05,3.347665e-06,5.312041e-05
945,1.954087e-01,9.481831e+01,1.472177e+01,204,59,42,2.394440e-04,5.155546e-05,3.310601e-06,5.008832e-05
946,1.982788e-01,9.705542e+01,1.424048e+01,204,59,42,2.329563e-04,4.914705e-05,3.249097e-06,4.768331e-05
947,2.001521e-01,1.201859e+02,1.361405e+01,205,58,43,2.239573e-04,4.720383e-05,3.255232e-06,4.572352e-05
948,1.999821e-01,9.976847e+01,1.312191e+01,206,57,43,2.188569e-04,4.512184e-05,3.200233e-06,4.367897e-05
949,2.032258e-01,1.075231e+02,1.273224e+01,205,57,42,2.177871e-04,4.210428e-05,3.134975e-06,4.067693e-05
950,2.056022e-01,9.279031e+01,1.229766e+01,205,59,42,2.167514e-04,4.063332e-05,3.077507e-06,3.921955e-05
951,2.078121e-01,9.396071e+01,1.244391e+01,205,59,42,2.103475e-04,3.827006e-05,3.032258e-06,3.690142e-05
952,2.092721e-01,8.099625e+01,1.186715e+01,205,59,42,2.035653e-04,3.663575e-05,2.957110e-06,3.526766e-05
953,2.094095e-01,9.720389e+01,1.205814e+01,205,58,42,1.993311e-04,3.508799e-05,2.895986e-06,3.378617e-05
954,2.098262e-01,8.534959e+01,1.217022e+01,205,58,42,1.977561e-04,3.340333e-05,2.827606e-06,3.215261e-05
955,2.085988e-01,6.969129e+01,1.192852e+01,205,58,41,1.961657e-04,3.174718e-05,2.747813e-06,3.052058e-05
956,2.078651e-01,8.477608e+01,1.228027e+01,205,58,41,1.910408e-04,3.008811e-05,2.715798e-06,2.888550e-05
957,2.081674e-01,7.949444e+01,1.209400e+01,205,58,41,1.858858e-04,2.881640e-05,2.625480e-06,2.769177e-05
958,2.078998e-01,7.269717e+01,1.210769e+01,205,57,41,1.823840e-04,2.743112e-05,2.550781e-06,2.638632e-05
959,2.080794e-01,6.826686e+01,1.222934e+01,205,57,41,1.789239e-04,2.647629e-05,2.511835e-06,2.543128e-05
960,2.084265e-01,7.299223e+01,1.201631e+01,205,57,40,1.738108e-04,2.473905e-05,2.433653e-06,2.375799e-05
961,2.080100e-01,5.518185e+01,1.212484e+01,205,57,40,1.717729e-04,2.345800e-05,2.391042e-06,2.252664e-05
962,2.055427e-01,7.382357e+01,1.188807e+01,206,56,41,1.679175e-04,2.290365e-05,2.346885e-06,2.199003e-05
963,2.045248e-01,5.049009e+01,1.180772e+01,205,56,40,1.633330e-04,2.169248e-05,2.260152e-06,2.089972e-05
964,2.021647e-01,5.702115e+01,1.202595e+01,205,56,40,1.603000e-04,2.078054e-05,2.223490e-06,2.000559e-05
965,2.013979e-01,5.409272e+01,1.187397e+01,206,55,41,1.560192e-04,1.981370e-05,2.224510e-06,1.898641e-05
966,2.000730e-01,4.760205e+01,1.186070e+01,206,55,41,1.532576e-04,1.808537e-05,2.141908e-06,1.735010e-05
967,1.995658e-01,6.341867e+01,1.152037e+01,206,55,41,1.487769e-04,1.720536e-05,2.073715e-06,1.673564e-05
968,1.967387e-01,5.179065e+01,1.142639e+01,205,55,40,1.442022e-04,1.717228e-05,2.084006e-06,1.647712e-05
969,1.960394e-01,5.214703e+01,1.130153e+01,205,55,40,1.408897e-04,1.752247e-05,2.124264e-06,1.684617e-05
970,1.945302e-01,5.402393e+01,1.136300e+01,206,54,40,1.381720e-04,1.588607e-05,2.056644e-06,1.540611e-05
971,1.934726e-01,4.168948e+01,1.148607e+01,206,54,40,1.349302e-04,1.540339e-05,1.980176e-06,1.491531e-05
972,1.915415e-01,4.107084e+01,1.137691e+01,206,54,40,1.303675e-04,1.492836e-05,1.972340e-06,1.442715e-05
973,1.881965e-01,3.666371e+01,1.116492e+01,206,54,40,1.242187e-04,1.431687e-05,1.961980e-06,1.380597e-05
974,1.864999e-01,4.191729e+01,1.091532e+01,207,53,41,1.189681e-04,1.374400e-05,1.951782e-06,1.322900e-05
975,1.858503e-01,3.787446e+01,1.090202e+01,206,53,40,1.163725e-04,1.321227e-05,1.978406e-06,1.269227e-05
976,1.845561e-01,3.454432e+01,1.092051e+01,206,53,40,1.151791e-04,1.268936e-05,1.956034e-06,1.216609e-05
977,1.817462e-01,3.680600e+01,1.082553e+01,206,53,40,1.112706e-04,1.218400e-05,1.917248e-06,1.165191e-05
978,1.800475e-01,3.245361e+01,1.062777e+01,206,53,40,1.039854e-04,1.175157e-05,1.885380e-06,1.120759e-05
979,1.778060e-01,3.268725e+01,1.043249e+01,206,53,39,9.781625e-05,1.125567e-05,1.870098e-06,1.070762e-05
980,1.755692e-01,3.432407e+01,1.042819e+01,206,53,39,9.388555e-05,1.072780e-05,1.871842e-06,1.017047e-05
981,1.736580e-01,3.439443e+01,1.025474e+01,207,52,40,9.213635e-05,1.017126e-05,1.877735e-06,9.607807e-06
982,1.716517e-01,2.880343e+01,1.013690e+01,207,52,40,9.026196e-05,9.870501e-06,1.892395e-06,9.848689e-06
983,1.696447e-01,3.452795e+01,1.010558e+01,205,53,38,8.494004e-05,1.003325e-05,1.906671e-06,1.001811e-05
984,1.676701e-01,3.271613e+01,1.008596e+01,205,53,38,7.870404e-05,1.023022e-05,1.921301e-06,1.019157e-05
985,1.653717e-01,3.031504e+01,1.003759e+01,205,53,38,7.722281e-05,1.069983e-05,1.936804e-06,1.063954e-05
986,1.642914e-01,3.053481e+01,1.000261e+01,207,52,28,7.828434e-05,1.133998e-05,1.949910e-06,1.128042e-05
987,1.626572e-01,3.422575e+01,1.002329e+01,206,53,29,8.062979e-05,1.185002e-05,1.967127e-06,1.178922e-05
988,1.605727e-01,3.198579e+01,9.970091e+00,206,53,29,8.371200e-05,1.223066e-05,1.986991e-06,1.212675e-05
989,1.591704e-01,3.734097e+01,9.917532e+00,206,53,29,8.695529e-05,1.255121e-05,2.006458e-06,1.243047e-05
990,1.575848e-01,3.502305e+01,9.835374e+00,206,53,29,9.191677e-05,1.286747e-05,2.031673e-06,1.275517e-05
991,1.553402e-01,3.120518e+01,9.827979e+00,206,52,29,9.869202e-05,1.353188e-05,2.052079e-06,1.339404e-05
992,1.545451e-01,2.955559e+01,9.849945e+00,206,52,29,1.061982e-04,1.426757e-05,2.072199e-06,1.411226e-05
993,1.535784e-01,3.433816e+01,9.882204e+00,206,52,29,1.148218e-04,1.453921e-05,2.093269e-06,1.437504e-05
994,1.532124e-01,3.298505e+01,9.857798e+00,206,52,29,1.248802e-04,1.493903e-05,2.108903e-06,1.473238e-05
995,1.526114e-01,3.856874e+01,9.786230e+00,206,52,29,1.329672e-04,1.564990e-05,2.126315e-06,1.543747e-05
996,1.518076e-01,3.438088e+01,9.711072e+00,205,53,30,1.422026e-04,1.633686e-05,2.147419e-06,1.610096e-05
997,1.506989e-01,3.098669e+01,9.671031e+00,205,53,30,1.514547e-04,1.689715e-05,2.172412e-06,1.664315e-05
998,1.502486e-01,3.262189e+01,9.544875e+00,206,51,29,1.613434e-04,1.754026e-05,2.196511e-06,1.726670e-05
999,1.502570e-01,3.632618e+01,9.572868e+00,206,51,29,1.744016e-04,1.806516e-05,2.215271e-06,1.777372e-05
1000,1.484458e-01,3.607979e+01,9.571111e+00,206,51,29,1.873909e-04,1.932165e-05,2.227381e-06,1.910558e-05
1001,1.465097e-01,4.035406e+01,9.599841e+00,205,52,30,1.981208e-04,2.144151e-05,2.241877e-06,2.124036e-05
1002,1.476174e-01,3.942265e+01,9.546332e+00,205,52,30,2.097533e-04,2.371398e-05,2.258606e-06,2.349117e-05
1003,1.479743e-01,3.926181e+01,9.558770e+00,205,52,30,2.233637e-04,2.609209e-05,2.278970e-06,2.587367e-05
1004,1.458424e-01,3.841764e+01,9.494641e+00,204,52,30,2.337964e-04,2.909785e-05,2.292652e-06,2.883203e-05
1005,1.461748e-01,4.673618e+01,9.567879e+00,204,52,30,2.434437e-04,3.169227e-05,2.306694e-06,3.140800e-05
1006,1.472776e-01,4.969785e+01,9.605737e+00,204,52,30,2.569637e-04,3.402176e-05,2.334403e-06,3.372987e-05
1007,1.474978e-01,4.523792e+01,9.696172e+00,203,52,31,2.655487e-04,3.686145e-05,2.365425e-06,3.635505e-05
1008,1.486205e-01,4.851872e+01,9.801239e+00,203,52,31,2.769910e-04,4.042529e-05,2.387446e-06,3.987726e-05
1009,1.503307e-01,6.123450e+01,9.863201e+00,203,52,31,2.877893e-04,4.431240e-05,2.413359e-06,4.373518e-05
1010,1.519518e-01,5.654744e+01,9.859579e+00,203,52,31,2.948897e-04,4.808535e-05,2.456866e-06,4.746697e-05
1011,1.532127e-01,5.835376e+01,9.826357e+00,204,51,30,3.069406e-04,5.168037e-05,2.485928e-06,5.101536e-05
1012,1.532488e-01,7.122191e+01,9.917788e+00,203,51,31,3.135900e-04,5.563482e-05,2.520991e-06,5.494267e-05
1013,1.540716e-01,7.813986e+01,1.034820e+01,234,53,33,3.181503e-04,5.984231e-05,2.571792e-06,5.910132e-05
1014,1.557897e-01,7.620039e+01,1.160004e+01,230,49,32,3.245708e-04,6.364511e-05,2.618697e-06,6.284070e-05
1015,1.571673e-01,9.212535e+01,1.336664e+01,230,49,33,3.268577e-04,6.771612e-05,2.647709e-06,6.687980e-05
1016,1.577632e-01,9.363879e+01,1.331381e+01,230,49,34,3.257850e-04,7.089367e-05,2.692164e-06,6.999145e-05
1017,1.570583e-01,9.705641e+01,1.526876e+01,230,50,32,3.268938e-04,7.350232e-05,2.715661e-06,7.254488e-05
1018,1.579734e-01,9.576568e+01,1.782988e+01,230,50,34,3.259618e-04,7.557491e-05,2.763324e-06,7.456436e-05
1019,1.593563e-01,1.205435e+02,1.676774e+01,230,50,36,3.237556e-04,7.681473e-05,2.848039e-06,7.575164e-05
1020,1.601895e-01,8.872990e+01,1.770940e+01,231,51,33,3.168103e-04,7.752818e-05,2.913829e-06,7.641066e-05
1021,1.602377e-01,8.572252e+01,1.634503e+01,231,51,33,3.115969e-04,7.685320e-05,2.905455e-06,7.570187e-05
1022,1.604432e-01,9.829985e+01,1.999942e+01,231,52,32,3.086541e-04,7.629794e-05,2.977469e-06,7.506766e-05
1023,1.596815e-01,8.897117e+01,1.902507e+01,231,52,34,2.973083e-04,7.466430e-05,3.058047e-06,7.337289e-05
1024,1.609203e-01,8.240283e+01,1.739743e+01,231,53,35,2.901696e-04,7.243954e-05,3.105733e-06,7.110438e-05
1025,1.639415e-01,1.090080e+02,1.956717e+01,231,53,37,2.826956e-04,7.048658e-05,3.100951e-06,6.915468e-05
1026,1.690194e-01,1.685715e+02,1.819370e+01,232,54,29,2.762700e-04,6.867506e-05,3.145086e-06,6.728479e-05
1027,1.718608e-01,8.152854e+01,1.754534e+01,231,54,40,2.693330e-04,6.591181e-05,3.208648e-06,6.445473e-05
1028,1.771068e-01,1.227671e+02,1.660486e+01,232,55,32,2.641315e-04,6.263325e-05,3.181739e-06,6.118995e-05
1029,1.809409e-01,1.298533e+02,1.560472e+01,232,55,42,2.569709e-04,6.023942e-05,3.212029e-06,5.873407e-05
1030,1.855232e-01,9.301090e+01,1.553216e+01,233,56,43,2.485241e-04,5.867673e-05,3.230166e-06,5.715794e-05
1031,1.895810e-01,1.504406e+02,1.657759e+01,232,56,42,2.417914e-04,5.534200e-05,3.195527e-06,5.382917e-05
1032,1.909645e-01,1.293304e+02,1.445753e+01,233,57,43,2.389117e-04,5.239785e-05,3.163547e-06,5.089023e-05
1033,1.920235e-01,8.756172e+01,1.430624e+01,233,57,42,2.363760e-04,4.953174e-05,3.175614e-06,4.801163e-05
1034,1.964691e-01,1.179349e+02,1.453070e+01,234,58,43,2.293753e-04,4.777406e-05,3.114302e-06,4.626023e-05
1035,1.989620e-01,1.050595e+02,1.381621e+01,233,58,42,2.219516e-04,4.566629e-05,3.075473e-06,4.419131e-05
1036,2.023208e-01,8.851105e+01,1.287965e+01,235,59,43,2.179062e-04,4.318842e-05,3.037733e-06,4.171272e-05
1037,2.050775e-01,8.244423e+01,1.256485e+01,234,59,42,2.175821e-04,4.075802e-05,2.982922e-06,3.932166e-05
1038,2.051625e-01,9.238260e+01,1.254437e+01,235,60,43,2.149626e-04,3.942031e-05,2.913511e-06,3.805033e-05
1039,2.060793e-01,8.352423e+01,1.236675e+01,234,57,42,2.086165e-04,3.681918e-05,2.876853e-06,3.546138e-05
1040,2.068759e-01,9.345650e+01,1.241348e+01,233,57,41,2.029169e-04,3.534198e-05,2.813473e-06,3.404362e-05
1041,2.076217e-01,8.512586e+01,1.256443e+01,233,57,41,1.991226e-04,3.389116e-05,2.728365e-06,3.268517e-05
1042,2.083528e-01,6.326405e+01,1.237712e+01,234,58,42,1.976234e-04,3.254625e-05,2.700129e-06,3.132749e-05
1043,2.079261e-01,8.952383e+01,1.224356e+01,233,58,41,1.936735e-04,3.035583e-05,2.624416e-06,2.921734e-05
1044,2.083892e-01,6.973548e+01,1.227490e+01,234,58,41,1.916840e-04,2.871548e-05,2.568764e-06,2.762534e-05
1045,2.076021e-01,7.875407e+01,1.243359e+01,233,58,40,1.866081e-04,2.835081e-05,2.532423e-06,2.732131e-05
1046,2.066020e-01,6.895222e+01,1.246432e+01,234,59,41,1.790311e-04,2.677386e-05,2.432586e-06,2.583502e-05
1047,2.063756e-01,6.649438e+01,1.271962e+01,234,59,41,1.766409e-04,2.553354e-05,2.418958e-06,2.459351e-05
1048,2.064220e-01,5.725021e+01,1.226070e+01,234,59,40,1.767858e-04,2.423279e-05,2.390538e-06,2.331381e-05
1049,2.062826e-01,7.037502e+01,1.214645e+01,234,59,40,1.727041e-04,2.187370e-05,2.283944e-06,2.107280e-05
1050,2.034725e-01,4.866049e+01,1.216139e+01,234,60,41,1.671815e-04,2.173008e-05,2.253435e-06,2.095670e-05
1051,2.021894e-01,6.399889e+01,1.223890e+01,234,60,40,1.629847e-04,2.242907e-05,2.305874e-06,2.164887e-05
1052,2.012960e-01,5.411320e+01,1.221416e+01,234,60,40,1.578611e-04,2.033980e-05,2.224445e-06,1.964099e-05
1053,2.006739e-01,4.411330e+01,1.193738e+01,235,61,41,1.570543e-04,1.809848e-05,2.128923e-06,1.765521e-05
1054,1.983121e-01,5.408076e+01,1.192522e+01,235,61,41,1.548551e-04,1.783570e-05,2.119129e-06,1.738525e-05
1055,1.969697e-01,4.728752e+01,1.174107e+01,234,61,40,1.500269e-04,1.736942e-05,2.145087e-06,1.690422e-05
1056,1.964112e-01,4.908186e+01,1.158613e+01,234,61,40,1.423795e-04,1.756990e-05,2.191158e-06,1.694533e-05
1057,1.953961e-01,4.331224e+01,1.145887e+01,234,61,39,1.393082e-04,1.646102e-05,2.136914e-06,1.589833e-05
1058,1.923026e-01,4.542824e+01,1.146409e+01,234,61,39,1.382278e-04,1.580353e-05,2.070118e-06,1.532238e-05
1059,1.902651e-01,4.667445e+01,1.142785e+01,235,62,40,1.367307e-04,1.537821e-05,2.054717e-06,1.489511e-05
1060,1.892377e-01,3.935154e+01,1.134844e+01,235,62,40,1.306561e-04,1.486042e-05,2.039617e-06,1.436797e-05
1061,1.880959e-01,4.382659e+01,1.114988e+01,235,62,40,1.223171e-04,1.427220e-05,2.024159e-06,1.376591e-05
1062,1.852627e-01,4.038434e+01,1.086402e+01,235,62,40,1.179452e-04,1.366009e-05,2.039154e-06,1.314311e-05
1063,1.839495e-01,3.972033e+01,1.085300e+01,234,62,39,1.176556e-04,1.320046e-05,2.053489e-06,1.267779e-05
1064,1.814963e-01,3.701680e+01,1.072225e+01,234,62,39,1.167911e-04,1.268224e-05,2.049515e-06,1.220759e-05
1065,1.798035e-01,4.128671e+01,1.051838e+01,235,63,40,1.116569e-04,1.217846e-05,2.039187e-06,1.165386e-05
1066,1.776139e-01,3.225006e+01,1.048297e+01,234,62,38,1.032513e-04,1.170662e-05,2.030973e-06,1.117593e-05
1067,1.755374e-01,3.943506e+01,1.046766e+01,235,63,39,9.599482e-05,1.114455e-05,2.026558e-06,1.060468e-05
1068,1.741900e-01,3.890712e+01,1.042534e+01,235,63,39,9.383692e-05,1.061231e-05,2.029175e-06,1.005990e-05
1069,1.716877e-01,3.281627e+01,1.031574e+01,236,63,28,9.362998e-05,1.017500e-05,2.031330e-06,1.005670e-05
1070,1.696018e-01,3.440725e+01,1.033546e+01,236,63,28,9.121807e-05,1.035930e-05,2.039936e-06,1.033337e-05
1071,1.676608e-01,3.514025e+01,1.024957e+01,236,63,28,8.410928e-05,1.045559e-05,2.045588e-06,1.039171e-05
1072,1.656930e-01,2.995136e+01,1.009556e+01,235,63,29,7.807022e-05,1.063689e-05,2.053782e-06,1.057870e-05
1073,1.644018e-01,3.308400e+01,1.020907e+01,235,63,29,7.732064e-05,1.107666e-05,2.065352e-06,1.100809e-05
1074,1.628533e-01,3.551466e+01,1.025319e+01,235,63,29,7.926118e-05,1.177047e-05,2.078077e-06,1.168994e-05
1075,1.607238e-01,3.282527e+01,1.027704e+01,235,63,29,8.227863e-05,1.238712e-05,2.099253e-06,1.230695e-05
1076,1.587235e-01,3.127515e+01,1.023524e+01,235,63,29,8.530718e-05,1.264497e-05,2.119123e-06,1.253487e-05
1077,1.569335e-01,3.150942e+01,1.015652e+01,235,63,29,8.872364e-05,1.284655e-05,2.134311e-06,1.272165e-05
1078,1.559008e-01,3.049370e+01,1.004377e+01,235,63,29,9.391524e-05,1.318064e-05,2.151823e-06,1.304029e-05
1079,1.541929e-01,3.539333e+01,9.974305e+00,235,64,29,1.012850e-04,1.383799e-05,2.164518e-06,1.367758e-05
1080,1.539610e-01,3.298758e+01,9.995601e+00,235,64,29,1.102685e-04,1.452651e-05,2.175458e-06,1.435563e-05
1081,1.534257e-01,3.307061e+01,1.001563e+01,235,64,29,1.185427e-04,1.494458e-05,2.190096e-06,1.475583e-05
1082,1.522670e-01,3.242331e+01,9.983805e+00,235,64,29,1.264556e-04,1.532966e-05,2.209075e-06,1.509302e-05
1083,1.513594e-01,3.337365e+01,9.969138e+00,235,64,29,1.364695e-04,1.594253e-05,2.228596e-06,1.568383e-05
1084,1.505650e-01,3.623246e+01,9.890962e+00,234,63,30,1.445308e-04,1.646743e-05,2.242168e-06,1.620181e-05
1085,1.506409e-01,3.682533e+01,9.777503e+00,234,63,30,1.535140e-04,1.716657e-05,2.252797e-06,1.688670e-05
1086,1.495821e-01,3.522537e+01,9.660573e+00,234,64,30,1.660585e-04,1.778575e-05,2.262785e-06,1.748820e-05
1087,1.498596e-01,3.410244e+01,9.744211e+00,234,64,30,1.783879e-04,1.823398e-05,2.268246e-06,1.791198e-05
1088,1.511167e-01,3.455535e+01,9.771460e+00,234,64,30,1.898219e-04,1.999472e-05,2.281476e-06,1.983127e-05
1089,1.522222e-01,4.001073e+01,9.732573e+00,234,64,30,2.012290e-04,2.259361e-05,2.296109e-06,2.239377e-05
1090,1.531475e-01,4.090958e+01,9.738078e+00,232,63,32,2.136185e-04,2.515493e-05,2.309465e-06,2.494828e-05
1091,1.536645e-01,3.905597e+01,9.824675e+00,232,64,35,2.248922e-04,2.765307e-05,2.318688e-06,2.743967e-05
1092,1.536285e-01,4.069296e+01,9.859084e+00,232,64,35,2.387235e-04,3.027455e-05,2.336558e-06,3.004977e-05
1093,1.547482e-01,5.170651e+01,9.798043e+00,232,64,32,2.494107e-04,3.267911e-05,2.342972e-06,3.241021e-05
1094,1.560985e-01,5.029419e+01,1.004299e+01,232,64,32,2.589349e-04,3.516382e-05,2.357768e-06,3.490902e-05
1095,1.572767e-01,4.822716e+01,1.015336e+01,232,64,32,2.703360e-04,3.872707e-05,2.391160e-06,3.828478e-05
1096,1.581916e-01,5.797501e+01,1.006211e+01,232,64,32,2.805596e-04,4.252206e-05,2.415666e-06,4.203138e-05
1097,1.582231e-01,6.411692e+01,9.969556e+00,232,65,35,2.905487e-04,4.613220e-05,2.431686e-06,4.562400e-05
1098,1.586496e-01,5.537059e+01,1.003253e+01,232,65,31,3.020434e-04,4.988089e-05,2.463853e-06,4.934555e-05
1099,1.599957e-01,6.462487e+01,1.023184e+01,232,65,31,3.102879e-04,5.379906e-05,2.494855e-06,5.321651e-05
1100,1.611599e-01,7.343383e+01,1.036825e+01,232,65,31,3.160578e-04,5.763919e-05,2.525407e-06,5.701904e-05
1101,1.618753e-01,8.159119e+01,1.107172e+01,259,65,32,3.208160e-04,6.170189e-05,2.567365e-06,6.102814e-05
1102,1.615155e-01,6.630766e+01,1.322793e+01,259,65,34,3.254140e-04,6.542134e-05,2.615347e-06,6.469649e-05
1103,1.617496e-01,8.610143e+01,1.286790e+01,259,65,36,3.270153e-04,6.917558e-05,2.660932e-06,6.842039e-05
1104,1.627884e-01,8.701382e+01,1.525636e+01,260,64,33,3.296082e-04,7.288611e-05,2.741197e-06,7.208429e-05
1105,1.635338e-01,9.118385e+01,1.568326e+01,260,64,34,3.280408e-04,7.537748e-05,2.760458e-06,7.453391e-05
1106,1.635720e-01,1.068462e+02,1.508239e+01,261,63,32,3.255637e-04,7.673119e-05,2.775258e-06,7.583207e-05
1107,1.626479e-01,1.023431e+02,1.943215e+01,260,63,34,3.211498e-04,7.712904e-05,2.888911e-06,7.614489e-05
1108,1.627369e-01,9.326009e+01,1.802900e+01,260,63,36,3.167527e-04,7.786998e-05,2.969665e-06,7.685148e-05
1109,1.635186e-01,8.122332e+01,1.758886e+01,260,62,37,3.091248e-04,7.742143e-05,2.964745e-06,7.638041e-05
1110,1.639414e-01,1.017732e+02,1.832752e+01,260,62,40,3.030494e-04,7.582456e-05,3.033174e-06,7.469939e-05
1111,1.643043e-01,8.777522e+01,1.925170e+01,261,61,32,2.967718e-04,7.373738e-05,3.156885e-06,7.253580e-05
1112,1.663212e-01,8.524377e+01,1.733931e+01,261,61,33,2.880755e-04,7.205852e-05,3.154525e-06,7.084375e-05
1113,1.716549e-01,9.241528e+01,1.965518e+01,261,60,34,2.786170e-04,6.979507e-05,3.189537e-06,6.855221e-05
1114,1.774034e-01,9.844814e+01,1.709601e+01,261,60,34,2.723241e-04,6.730280e-05,3.305817e-06,6.596248e-05
1115,1.811199e-01,7.782320e+01,1.692536e+01,261,59,35,2.663803e-04,6.477535e-05,3.265710e-06,6.342470e-05
1116,1.854945e-01,7.322894e+01,1.705622e+01,261,59,41,2.610786e-04,6.206351e-05,3.308611e-06,6.065900e-05
1117,1.881576e-01,7.540279e+01,1.537196e+01,261,58,42,2.538913e-04,5.897546e-05,3.352895e-06,5.752692e-05
1118,1.911510e-01,7.129749e+01,1.586669e+01,261,58,42,2.435113e-04,5.685729e-05,3.330462e-06,5.541031e-05
1119,1.958464e-01,9.254244e+01,1.499755e+01,262,57,43,2.395204e-04,5.356857e-05,3.319270e-06,5.209495e-05
1120,1.994039e-01,1.087807e+02,1.430021e+01,263,56,24,2.384098e-04,5.142003e-05,3.343162e-06,4.990254e-05
1121,2.018466e-01,9.473083e+01,1.504565e+01,262,56,42,2.320604e-04,4.864703e-05,3.294683e-06,4.715692e-05
1122,2.052725e-01,1.243101e+02,1.322321e+01,262,56,42,2.274429e-04,4.646109e-05,3.247901e-06,4.494834e-05
1123,2.080543e-01,1.008028e+02,1.327762e+01,263,55,43,2.190834e-04,4.421080e-05,3.244158e-06,4.271591e-05
1124,2.077397e-01,9.122645e+01,1.297574e+01,264,54,43,2.173463e-04,4.167860e-05,3.184969e-06,4.019190e-05
1125,2.089829e-01,9.439861e+01,1.242666e+01,263,54,42,2.163281e-04,3.972900e-05,3.102124e-06,3.829558e-05
1126,2.114969e-01,9.532309e+01,1.243393e+01,263,56,42,2.108056e-04,3.812609e-05,3.067161e-06,3.670497e-05
1127,2.132016e-01,7.387462e+01,1.250632e+01,263,56,42,2.054437e-04,3.582459e-05,3.002932e-06,3.442945e-05
1128,2.146876e-01,9.900629e+01,1.231055e+01,263,56,42,2.026386e-04,3.467232e-05,2.924980e-06,3.333099e-05
1129,2.140921e-01,8.955992e+01,1.207549e+01,263,55,42,1.979782e-04,3.255202e-05,2.862639e-06,3.125386e-05
1130,2.141937e-01,6.596444e+01,1.239944e+01,263,55,42,1.954568e-04,3.089410e-05,2.806430e-06,2.964229e-05
1131,2.134804e-01,8.897765e+01,1.222292e+01,263,55,41,1.931224e-04,2.975052e-05,2.714764e-06,2.858472e-05
1132,2.126746e-01,6.873005e+01,1.270763e+01,263,55,41,1.879229e-04,2.825016e-05,2.664552e-06,2.710993e-05
1133,2.122698e-01,8.474998e+01,1.242477e+01,263,55,41,1.817264e-04,2.695791e-05,2.604884e-06,2.583643e-05
1134,2.125886e-01,7.746351e+01,1.222203e+01,263,55,40,1.789387e-04,2.553666e-05,2.528469e-06,2.450922e-05
1135,2.127849e-01,6.298417e+01,1.264758e+01,263,54,41,1.776256e-04,2.472538e-05,2.492716e-06,2.373159e-05
1136,2.122493e-01,7.404570e+01,1.225093e+01,263,54,40,1.733346e-04,2.355895e-05,2.408518e-06,2.264694e-05
1137,2.114517e-01,6.238853e+01,1.236129e+01,263,54,40,1.694235e-04,2.191166e-05,2.352817e-06,2.102507e-05
1138,2.080743e-01,6.681783e+01,1.225354e+01,264,53,41,1.654387e-04,2.120894e-05,2.348825e-06,2.029427e-05
1139,2.063460e-01,6.037452e+01,1.212568e+01,264,53,41,1.610987e-04,1.978475e-05,2.266348e-06,1.896802e-05
1140,2.063003e-01,5.847346e+01,1.209339e+01,263,53,40,1.572091e-04,1.884640e-05,2.198986e-06,1.810178e-05
1141,2.051812e-01,4.782981e+01,1.207462e+01,263,53,40,1.563025e-04,1.885420e-05,2.199383e-06,1.811459e-05
1142,2.028459e-01,5.557819e+01,1.192741e+01,264,52,41,1.522395e-04,1.811840e-05,2.203992e-06,1.736526e-05
1143,2.012012e-01,4.330582e+01,1.171381e+01,264,52,41,1.473894e-04,1.733578e-05,2.128596e-06,1.685327e-05
1144,1.999181e-01,4.539713e+01,1.155898e+01,264,52,40,1.437843e-04,1.690327e-05,2.115919e-06,1.641977e-05
1145,1.988680e-01,4.125836e+01,1.137152e+01,263,52,40,1.393188e-04,1.635314e-05,2.104284e-06,1.586375e-05
1146,1.957403e-01,3.858202e+01,1.137026e+01,263,52,39,1.342331e-04,1.570401e-05,2.095133e-06,1.520312e-05
1147,1.938007e-01,4.750866e+01,1.141099e+01,264,51,40,1.310725e-04,1.512677e-05,2.100719e-06,1.461068e-05
1148,1.920220e-01,4.283418e+01,1.143618e+01,264,51,40,1.287074e-04,1.464153e-05,2.072063e-06,1.411660e-05
1149,1.909778e-01,3.775926e+01,1.126543e+01,264,51,40,1.249317e-04,1.428905e-05,2.056452e-06,1.376421e-05
1150,1.883033e-01,3.409560e+01,1.102276e+01,264,51,40,1.207374e-04,1.375900e-05,2.039690e-06,1.323055e-05
1151,1.871243e-01,3.945774e+01,1.078729e+01,265,50,41,1.141078e-04,1.307056e-05,2.019035e-06,1.253539e-05
1152,1.846315e-01,3.605251e+01,1.076195e+01,263,51,39,1.087826e-04,1.247945e-05,2.002421e-06,1.193266e-05
1153,1.816259e-01,3.355371e+01,1.065533e+01,263,51,39,1.064656e-04,1.200018e-05,1.985926e-06,1.144323e-05
1154,1.791755e-01,3.693557e+01,1.048792e+01,264,50,40,1.044628e-04,1.156237e-05,1.982025e-06,1.099734e-05
1155,1.777362e-01,3.232888e+01,1.042676e+01,263,51,38,1.005664e-04,1.114507e-05,1.992780e-06,1.057630e-05
1156,1.762494e-01,3.221273e+01,1.036075e+01,264,50,39,9.459091e-05,1.062623e-05,1.996981e-06,1.005426e-05
1157,1.733717e-01,3.255929e+01,1.035946e+01,265,50,28,8.799072e-05,1.014511e-05,1.996765e-06,9.780805e-06
1158,1.706400e-01,3.089556e+01,1.034514e+01,264,51,29,8.462468e-05,1.023451e-05,1.998292e-06,1.017816e-05
1159,1.690397e-01,3.261226e+01,1.031480e+01,264,51,29,8.355762e-05,1.089585e-05,2.000056e-06,1.082525e-05
1160,1.671660e-01,3.415348e+01,1.026143e+01,264,51,29,8.119848e-05,1.128006e-05,2.005878e-06,1.120924e-05
1161,1.658240e-01,2.989137e+01,1.025021e+01,264,50,29,7.880334e-05,1.146730e-05,2.013359e-06,1.137267e-05
1162,1.641859e-01,2.928079e+01,1.033076e+01,264,50,29,7.904835e-05,1.182833e-05,2.019974e-06,1.171415e-05
1163,1.616402e-01,3.206598e+01,1.039587e+01,264,50,29,8.148202e-05,1.234676e-05,2.031524e-06,1.222915e-05
1164,1.614951e-01,3.379484e+01,1.038712e+01,264,50,29,8.583347e-05,1.283914e-05,2.047559e-06,1.271057e-05
1165,1.601826e-01,3.054062e+01,1.033563e+01,264,50,29,9.219574e-05,1.338650e-05,2.065404e-06,1.323026e-05
1166,1.596778e-01,3.702321e+01,1.025157e+01,264,50,29,9.762545e-05,1.359274e-05,2.089648e-06,1.344330e-05
1167,1.587180e-01,3.340854e+01,1.018800e+01,264,50,29,1.044612e-04,1.393079e-05,2.114320e-06,1.376126e-05
1168,1.573965e-01,3.383651e+01,1.019373e+01,264,49,29,1.128665e-04,1.440561e-05,2.138640e-06,1.420924e-05
1169,1.570174e-01,3.178896e+01,1.024517e+01,263,50,30,1.209464e-04,1.490663e-05,2.160250e-06,1.468030e-05
1170,1.560922e-01,3.452340e+01,1.032327e+01,263,50,30,1.309620e-04,1.547314e-05,2.179100e-06,1.521786e-05
1171,1.550329e-01,3.283565e+01,1.034866e+01,263,50,30,1.397101e-04,1.612452e-05,2.198665e-06,1.585817e-05
1172,1.551259e-01,3.803626e+01,1.031093e+01,263,50,30,1.480068e-04,1.669299e-05,2.213950e-06,1.640864e-05
1173,1.550366e-01,3.228836e+01,1.023040e+01,263,50,30,1.583966e-04,1.715886e-05,2.233405e-06,1.685408e-05
1174,1.532487e-01,3.281769e+01,1.009803e+01,263,50,30,1.698474e-04,1.784074e-05,2.255740e-06,1.751960e-05
1175,1.515208e-01,3.718530e+01,1.018238e+01,262,50,31,1.820918e-04,1.840408e-05,2.272833e-06,1.821196e-05
1176,1.522657e-01,3.726863e+01,1.023364e+01,262,50,31,1.934141e-04,2.115700e-05,2.283280e-06,2.094459e-05
1177,1.521213e-01,4.150386e+01,1.022881e+01,262,50,31,2.047248e-04,2.357013e-05,2.296339e-06,2.335906e-05
1178,1.519988e-01,4.108116e+01,1.024763e+01,261,50,32,2.169132e-04,2.584158e-05,2.306328e-06,2.560975e-05
1179,1.525075e-01,4.039694e+01,1.030730e+01,261,50,32,2.310198e-04,2.813511e-05,2.326518e-06,2.790714e-05
1180,1.525110e-01,3.962276e+01,1.038189e+01,261,49,35,2.408288e-04,3.103441e-05,2.336930e-06,3.076571e-05
1181,1.531489e-01,4.815119e+01,1.034766e+01,261,49,35,2.507736e-04,3.372857e-05,2.352490e-06,3.343502e-05
1182,1.545350e-01,5.093185e+01,1.042364e+01,261,49,32,2.619183e-04,3.687133e-05,2.377077e-06,3.637053e-05
1183,1.557590e-01,4.715853e+01,1.062223e+01,261,49,32,2.723577e-04,4.008155e-05,2.402602e-06,3.954993e-05
1184,1.567153e-01,5.729446e+01,1.058921e+01,261,49,32,2.858129e-04,4.373290e-05,2.418259e-06,4.316546e-05
1185,1.569178e-01,6.245158e+01,1.047460e+01,261,49,32,2.950072e-04,4.771170e-05,2.445423e-06,4.711131e-05
1186,1.567818e-01,5.808096e+01,1.048299e+01,261,48,35,3.018185e-04,5.175094e-05,2.486590e-06,5.110758e-05
1187,1.580948e-01,6.076411e+01,1.064040e+01,260,48,34,3.122291e-04,5.555636e-05,2.514829e-06,5.486420e-05
1188,1.593518e-01,7.455228e+01,1.088803e+01,260,48,33,3.183180e-04,5.968157e-05,2.557482e-06,5.896027e-05
1189,1.601883e-01,7.166884e+01,1.112624e+01,293,51,33,3.235785e-04,6.395670e-05,2.600302e-06,6.318398e-05
1190,1.601042e-01,7.699092e+01,1.286202e+01,289,47,33,3.282447e-04,6.763665e-05,2.642955e-06,6.680376e-05
1191,1.596545e-01,9.912564e+01,1.364452e+01,289,47,32,3.278722e-04,7.107566e-05,2.676278e-06,7.020579e-05
1192,1.607122e-01,7.599485e+01,1.386965e+01,290,48,31,3.279888e-04,7.393950e-05,2.713412e-06,7.299458e-05
1193,1.616432e-01,1.026390e+02,1.706821e+01,289,48,34,3.269579e-04,7.621675e-05,2.745664e-06,7.522782e-05
1194,1.620845e-01,9.420510e+01,1.748177e+01,289,48,37,3.241270e-04,7.706115e-05,2.828104e-06,7.599427e-05
1195,1.613956e-01,9.517200e+01,1.716205e+01,290,49,30,3.189618e-04,7.754259e-05,2.909032e-06,7.641490e-05
1196,1.610479e-01,9.046472e+01,1.728827e+01,289,49,37,3.134350e-04,7.746079e-05,2.920672e-06,7.631141e-05
1197,1.617713e-01,9.635596e+01,1.747290e+01,290,50,30,3.083229e-04,7.662262e-05,2.977999e-06,7.539346e-05
1198,1.623027e-01,8.906764e+01,2.025043e+01,290,50,34,2.992307e-04,7.486778e-05,3.053525e-06,7.358890e-05
1199,1.622072e-01,8.603409e+01,1.713602e+01,290,50,34,2.914238e-04,7.300993e-05,3.113092e-06,7.166206e-05
1200,1.660137e-01,7.708335e+01,1.968353e+01,290,51,37,2.848097e-04,7.109340e-05,3.130485e-06,6.975675e-05
1201,1.707704e-01,1.461718e+02,1.733078e+01,290,51,40,2.764741e-04,6.832720e-05,3.139485e-06,6.692361e-05
1202,1.748340e-01,7.706736e+01,1.686920e+01,291,52,31,2.695733e-04,6.509887e-05,3.238357e-06,6.363096e-05
1203,1.790652e-01,1.276149e+02,1.576109e+01,290,52,41,2.642201e-04,6.308470e-05,3.216177e-06,6.162085e-05
1204,1.839463e-01,1.116828e+02,1.616025e+01,291,53,34,2.576681e-04,6.098550e-05,3.230516e-06,5.948043e-05
1205,1.879029e-01,9.533543e+01,1.548997e+01,292,54,25,2.484616e-04,5.771329e-05,3.243889e-06,5.618060e-05
1206,1.918641e-01,1.303402e+02,1.607726e+01,291,54,42,2.445538e-04,5.459796e-05,3.236512e-06,5.306349e-05
1207,1.949461e-01,1.213518e+02,1.474898e+01,291,54,42,2.401350e-04,5.212757e-05,3.208494e-06,5.060146e-05
1208,1.954526e-01,8.887006e+01,1.448552e+01,292,55,42,2.339318e-04,4.914224e-05,3.195858e-06,4.761105e-05
1209,1.987233e-01,1.251358e+02,1.337056e+01,293,56,43,2.290804e-04,4.746319e-05,3.143427e-06,4.593387e-05
1210,2.026014e-01,9.815146e+01,1.353610e+01,292,56,42,2.233002e-04,4.494246e-05,3.122891e-06,4.344367e-05
1211,2.048460e-01,8.135629e+01,1.311784e+01,294,57,43,2.210666e-04,4.239980e-05,3.068427e-06,4.091657e-05
1212,2.081154e-01,1.064710e+02,1.276093e+01,293,57,42,2.184055e-04,4.036479e-05,3.024918e-06,3.892272e-05
1213,2.081976e-01,8.807349e+01,1.244587e+01,292,55,42,2.133074e-04,3.879872e-05,2.957420e-06,3.740353e-05
1214,2.084084e-01,7.870040e+01,1.258976e+01,293,55,42,2.070719e-04,3.667335e-05,2.896533e-06,3.530738e-05
1215,2.108182e-01,9.625555e+01,1.251980e+01,292,55,41,2.035268e-04,3.501483e-05,2.868358e-06,3.366587e-05
1216,2.106617e-01,7.404110e+01,1.280207e+01,292,55,41,2.028249e-04,3.321840e-05,2.775784e-06,3.195968e-05
1217,2.117560e-01,8.754031e+01,1.265761e+01,293,56,42,1.996284e-04,3.182446e-05,2.730582e-06,3.062172e-05
1218,2.116767e-01,7.353005e+01,1.250423e+01,292,55,40,1.944170e-04,3.037833e-05,2.663316e-06,2.921788e-05
1219,2.121851e-01,8.001291e+01,1.276916e+01,293,56,41,1.874666e-04,2.833340e-05,2.595584e-06,2.723909e-05
1220,2.103648e-01,6.808558e+01,1.257637e+01,293,56,41,1.857613e-04,2.777466e-05,2.575445e-06,2.669637e-05
1221,2.100807e-01,6.348242e+01,1.265874e+01,293,57,41,1.839033e-04,2.634451e-05,2.478771e-06,2.539889e-05
1222,2.107317e-01,4.995378e+01,1.294836e+01,293,57,41,1.796565e-04,2.478321e-05,2.421250e-06,2.388161e-05
1223,2.096951e-01,7.289168e+01,1.257797e+01,293,57,41,1.760985e-04,2.407499e-05,2.432274e-06,2.311822e-05
1224,2.093652e-01,5.271255e+01,1.260858e+01,293,57,40,1.707817e-04,2.212241e-05,2.347131e-06,2.125859e-05
1225,2.066253e-01,5.956446e+01,1.235406e+01,294,58,41,1.670257e-04,2.069773e-05,2.266945e-06,1.992309e-05
1226,2.058485e-01,5.348450e+01,1.226975e+01,293,58,40,1.639115e-04,2.092836e-05,2.292051e-06,2.014167e-05
1227,2.052693e-01,4.593227e+01,1.237293e+01,293,58,40,1.628632e-04,2.104520e-05,2.321633e-06,2.029025e-05
1228,2.042405e-01,5.748951e+01,1.218033e+01,293,58,40,1.575041e-04,1.839434e-05,2.222255e-06,1.794062e-05
1229,2.017048e-01,5.057459e+01,1.215413e+01,294,59,41,1.544963e-04,1.818922e-05,2.212389e-06,1.772755e-05
1230,2.006791e-01,6.297554e+01,1.182755e+01,294,59,41,1.489394e-04,1.772068e-05,2.202072e-06,1.724893e-05
1231,1.993875e-01,4.582667e+01,1.174854e+01,294,59,40,1.450031e-04,1.709477e-05,2.190097e-06,1.661331e-05
1232,1.976926e-01,4.538022e+01,1.142766e+01,294,59,40,1.415100e-04,1.643536e-05,2.187961e-06,1.594426e-05
1233,1.944169e-01,4.562139e+01,1.156258e+01,293,59,39,1.395207e-04,1.604356e-05,2.162687e-06,1.555096e-05
1234,1.928671e-01,4.118763e+01,1.148499e+01,293,59,39,1.371335e-04,1.571546e-05,2.146207e-06,1.522109e-05
1235,1.922436e-01,4.393161e+01,1.141631e+01,294,60,40,1.322731e-04,1.520888e-05,2.128768e-06,1.470637e-05
1236,1.902974e-01,3.825111e+01,1.129130e+01,294,60,40,1.250597e-04,1.455744e-05,2.111616e-06,1.404573e-05
1237,1.869479e-01,3.875796e+01,1.106764e+01,294,60,40,1.192610e-04,1.392713e-05,2.097650e-06,1.339977e-05
1238,1.847932e-01,3.823531e+01,1.081517e+01,294,60,39,1.175770e-04,1.333552e-05,2.081867e-06,1.279877e-05
1239,1.829249e-01,4.145854e+01,1.072888e+01,295,61,40,1.164201e-04,1.289906e-05,2.067987e-06,1.236239e-05
1240,1.813747e-01,3.500928e+01,1.072581e+01,295,61,40,1.124299e-04,1.246182e-05,2.071328e-06,1.192351e-05
1241,1.780082e-01,4.093937e+01,1.059893e+01,293,60,38,1.056192e-04,1.191439e-05,2.069545e-06,1.137190e-05
1242,1.759023e-01,3.754380e+01,1.053381e+01,293,60,38,9.857687e-05,1.137364e-05,2.068627e-06,1.082363e-05
1243,1.736954e-01,3.708612e+01,1.052957e+01,294,60,29,9.448938e-05,1.085212e-05,2.063693e-06,1.028912e-05
1244,1.719033e-01,3.487213e+01,1.061230e+01,294,60,29,9.390387e-05,1.034973e-05,2.065896e-06,1.022023e-05
1245,1.698118e-01,3.318987e+01,1.061057e+01,295,61,28,9.134893e-05,1.060478e-05,2.069542e-06,1.053997e-05
1246,1.685793e-01,2.924952e+01,1.061174e+01,295,61,28,8.676722e-05,1.071537e-05,2.076872e-06,1.063957e-05
1247,1.672548e-01,3.633014e+01,1.048165e+01,295,61,28,8.121708e-05,1.091816e-05,2.087261e-06,1.081633e-05
1248,1.669197e-01,3.314696e+01,1.045723e+01,294,61,29,7.805178e-05,1.127082e-05,2.102282e-06,1.118015e-05
1249,1.654604e-01,3.400698e+01,1.056069e+01,294,61,29,7.904519e-05,1.184860e-05,2.118962e-06,1.174631e-05
1250,1.647771e-01,3.067713e+01,1.060526e+01,294,61,29,8.151655e-05,1.241483e-05,2.138155e-06,1.229538e-05
1251,1.636324e-01,2.990343e+01,1.058774e+01,294,61,29,8.427585e-05,1.277637e-05,2.152817e-06,1.265272e-05
1252,1.623136e-01,3.231075e+01,1.055889e+01,294,61,29,8.781029e-05,1.296096e-05,2.166290e-06,1.280904e-05
1253,1.615099e-01,3.358560e+01,1.045794e+01,294,61,29,9.370811e-05,1.330164e-05,2.174004e-06,1.314135e-05
1254,1.597642e-01,3.515258e+01,1.034400e+01,294,61,29,1.005031e-04,1.389433e-05,2.186309e-06,1.371941e-05
1255,1.589533e-01,3.435392e+01,1.031177e+01,294,62,29,1.074017e-04,1.445075e-05,2.199638e-06,1.425093e-05
1256,1.577858e-01,3.229784e+01,1.038996e+01,293,61,30,1.167037e-04,1.487154e-05,2.220447e-06,1.466117e-05
1257,1.559770e-01,3.249518e+01,1.041560e+01,293,61,30,1.251027e-04,1.518009e-05,2.240158e-06,1.492137e-05
1258,1.552963e-01,3.452378e+01,1.042614e+01,293,61,30,1.333833e-04,1.572866e-05,2.252423e-06,1.543957e-05
1259,1.542825e-01,3.453204e+01,1.034372e+01,293,61,30,1.431332e-04,1.639522e-05,2.257703e-06,1.609819e-05
1260,1.537652e-01,3.331058e+01,1.026037e+01,293,61,30,1.511137e-04,1.700225e-05,2.267305e-06,1.669076e-05
1261,1.514271e-01,3.152620e+01,1.023448e+01,292,61,31,1.623312e-04,1.757252e-05,2.277084e-06,1.725339e-05
1262,1.527610e-01,3.529946e+01,1.032954e+01,292,61,31,1.741645e-04,1.806841e-05,2.295526e-06,1.772619e-05
1263,1.541065e-01,4.061351e+01,1.027340e+01,292,61,31,1.861205e-04,1.970269e-05,2.306766e-06,1.951458e-05
1264,1.551543e-01,3.746525e+01,1.029068e+01,291,61,33,1.962479e-04,2.202699e-05,2.309532e-06,2.183478e-05
1265,1.554260e-01,3.925977e+01,1.023011e+01,291,62,35,2.096396e-04,2.448094e-05,2.311480e-06,2.427997e-05
1266,1.552337e-01,4.365712e+01,1.039583e+01,291,62,34,2.222642e-04,2.688615e-05,2.323911e-06,2.667747e-05
1267,1.565224e-01,4.399924e+01,1.051268e+01,291,62,34,2.329884e-04,2.952372e-05,2.337358e-06,2.928486e-05
1268,1.578409e-01,4.446458e+01,1.056971e+01,291,62,34,2.448400e-04,3.216230e-05,2.345331e-06,3.190862e-05
1269,1.588525e-01,4.608086e+01,1.061984e+01,291,62,33,2.542122e-04,3.472855e-05,2.359715e-06,3.436834e-05
1270,1.591814e-01,5.604853e+01,1.059851e+01,291,62,32,2.669920e-04,3.841647e-05,2.388509e-06,3.795069e-05
1271,1.584412e-01,5.034635e+01,1.047243e+01,291,62,32,2.775397e-04,4.188362e-05,2.396882e-06,4.139764e-05
1272,1.593986e-01,5.976159e+01,1.058743e+01,291,63,34,2.889504e-04,4.581076e-05,2.413968e-06,4.530130e-05
1273,1.605363e-01,6.282262e+01,1.068211e+01,291,63,34,3.005277e-04,4.972033e-05,2.453167e-06,4.917625e-05
1274,1.612801e-01,5.956569e+01,1.078699e+01,291,63,32,3.075898e-04,5.364731e-05,2.476367e-06,5.306963e-05
1275,1.613013e-01,6.448286e+01,1.074359e+01,291,63,32,3.169799e-04,5.811287e-05,2.510655e-06,5.749894e-05
1276,1.606613e-01,7.011118e+01,1.136699e+01,319,63,32,3.237886e-04,6.246455e-05,2.561847e-06,6.181229e-05
1277,1.607251e-01,7.034000e+01,1.161620e+01,319,63,34,3.272436e-04,6.640371e-05,2.583067e-06,6.572279e-05
1278,1.615880e-01,7.460419e+01,1.272391e+01,320,62,33,3.308193e-04,6.985349e-05,2.617496e-06,6.911613e-05
1279,1.622901e-01,8.596044e+01,1.439940e+01,319,62,35,3.291096e-04,7.236878e-05,2.673978e-06,7.156633e-05
1280,1.631597e-01,8.446629e+01,1.419658e+01,319,62,37,3.280124e-04,7.479302e-05,2.724182e-06,7.394087e-05
1281,1.635170e-01,8.137421e+01,1.782348e+01,320,61,32,3.271248e-04,7.703588e-05,2.833385e-06,7.612102e-05
1282,1.629163e-01,8.415532e+01,1.697583e+01,320,61,34,3.216814e-04,7.872363e-05,2.852777e-06,7.777314e-05
1283,1.634112e-01,8.525484e+01,1.742011e+01,320,60,33,3.189981e-04,7.815040e-05,2.876135e-06,7.714565e-05
1284,1.643959e-01,8.859034e+01,1.953114e+01,320,60,37,3.132020e-04,7.709231e-05,3.017843e-06,7.598659e-05
1285,1.650121e-01,9.472061e+01,1.753346e+01,321,59,31,3.048760e-04,7.639035e-05,3.060002e-06,7.526249e-05
1286,1.650313e-01,8.276168e+01,1.869606e+01,320,59,37,2.962622e-04,7.435052e-05,3.064029e-06,7.317827e-05
1287,1.682652e-01,9.166905e+01,1.891999e+01,321,58,29,2.875747e-04,7.234603e-05,3.164260e-06,7.111517e-05
1288,1.736976e-01,8.782648e+01,1.777321e+01,321,58,34,2.812540e-04,7.002588e-05,3.241789e-06,6.875566e-05
1289,1.789371e-01,1.222560e+02,1.736714e+01,321,57,32,2.746145e-04,6.747150e-05,3.222927e-06,6.613967e-05
1290,1.831387e-01,8.140146e+01,1.728137e+01,321,57,37,2.660543e-04,6.468645e-05,3.303062e-06,6.328982e-05
1291,1.874693e-01,7.774814e+01,1.593673e+01,322,56,25,2.587021e-04,6.174949e-05,3.331109e-06,6.033117e-05
1292,1.908620e-01,1.237614e+02,1.731507e+01,321,56,42,2.548426e-04,5.926690e-05,3.319678e-06,5.780755e-05
1293,1.925557e-01,7.030635e+01,1.567398e+01,322,55,31,2.458006e-04,5.661011e-05,3.347226e-06,5.516520e-05
1294,1.966473e-01,1.259552e+02,1.441051e+01,321,55,42,2.414041e-04,5.385068e-05,3.360439e-06,5.232055e-05
1295,2.004108e-01,1.222776e+02,1.416788e+01,322,54,43,2.368216e-04,5.034910e-05,3.347544e-06,4.882972e-05
1296,2.044182e-01,9.349451e+01,1.410566e+01,322,54,42,2.319994e-04,4.792641e-05,3.283141e-06,4.641919e-05
1297,2.085697e-01,1.264819e+02,1.373825e+01,323,53,43,2.263241e-04,4.611520e-05,3.288875e-06,4.459514e-05
1298,2.093355e-01,9.050643e+01,1.313611e+01,324,52,43,2.200681e-04,4.388313e-05,3.261477e-06,4.235205e-05
1299,2.114975e-01,8.270656e+01,1.251491e+01,323,52,43,2.186461e-04,4.125611e-05,3.171487e-06,3.978704e-05
1300,2.116455e-01,8.767765e+01,1.237743e+01,323,54,42,2.163572e-04,3.940269e-05,3.146266e-06,3.791968e-05
1301,2.136095e-01,8.870130e+01,1.270738e+01,323,54,42,2.095091e-04,3.735207e-05,3.085288e-06,3.592264e-05
1302,2.162129e-01,8.140244e+01,1.241457e+01,323,54,42,2.055725e-04,3.566627e-05,3.007057e-06,3.426821e-05
1303,2.167092e-01,8.702457e+01,1.244573e+01,323,53,42,2.026573e-04,3.401097e-05,2.946926e-06,3.266088e-05
1304,2.177122e-01,7.811299e+01,1.269523e+01,323,53,42,1.998959e-04,3.214074e-05,2.891048e-06,3.081482e-05
1305,2.165828e-01,6.836550e+01,1.250575e+01,323,53,42,1.978191e-04,3.081317e-05,2.800369e-06,2.957554e-05
1306,2.167368e-01,7.882298e+01,1.271672e+01,323,53,41,1.927103e-04,2.913197e-05,2.743852e-06,2.793370e-05
1307,2.157423e-01,6.922666e+01,1.264387e+01,323,53,41,1.876671e-04,2.757919e-05,2.681961e-06,2.642043e-05
1308,2.155989e-01,6.931665e+01,1.259021e+01,323,52,41,1.825148e-04,2.639570e-05,2.605601e-06,2.532688e-05
1309,2.163415e-01,7.016788e+01,1.289478e+01,323,52,41,1.806682e-04,2.569019e-05,2.561145e-06,2.463434e-05
1310,2.160374e-01,5.100567e+01,1.265417e+01,323,52,40,1.793180e-04,2.428498e-05,2.489473e-06,2.329733e-05
1311,2.160268e-01,7.522920e+01,1.258472e+01,323,52,40,1.736129e-04,2.258457e-05,2.429640e-06,2.164618e-05
1312,2.131556e-01,5.888742e+01,1.244023e+01,324,51,41,1.703913e-04,2.163206e-05,2.414155e-06,2.068177e-05
1313,2.113212e-01,7.208212e+01,1.234721e+01,323,51,40,1.656572e-04,2.065006e-05,2.333153e-06,1.978518e-05
1314,2.107523e-01,6.083952e+01,1.234870e+01,323,51,40,1.616138e-04,1.968032e-05,2.265936e-06,1.891281e-05
1315,2.098642e-01,6.314457e+01,1.234404e+01,324,50,41,1.585883e-04,1.940855e-05,2.265568e-06,1.861295e-05
1316,2.082841e-01,5.740408e+01,1.220339e+01,324,50,41,1.571455e-04,1.839213e-05,2.238288e-06,1.792168e-05
1317,2.063627e-01,5.108383e+01,1.178253e+01,324,50,41,1.521417e-04,1.798572e-05,2.219266e-06,1.750331e-05
1318,2.049217e-01,4.430010e+01,1.181645e+01,323,50,40,1.480660e-04,1.755622e-05,2.203424e-06,1.706259e-05
1319,2.036714e-01,4.658456e+01,1.159784e+01,323,50,39,1.431085e-04,1.695196e-05,2.187422e-06,1.645378e-05
1320,2.013593e-01,4.243305e+01,1.168651e+01,324,49,40,1.396090e-04,1.646575e-05,2.174286e-06,1.596639e-05
1321,1.985084e-01,3.646463e+01,1.171253e+01,324,49,40,1.371938e-04,1.601391e-05,2.162526e-06,1.550755e-05
1322,1.970821e-01,4.024475e+01,1.156106e+01,324,49,40,1.346986e-04,1.544792e-05,2.150665e-06,1.493260e-05
1323,1.956345e-01,3.707745e+01,1.131308e+01,325,48,41,1.295182e-04,1.499480e-05,2.140400e-06,1.446580e-05
1324,1.940410e-01,4.229439e+01,1.120424e+01,325,48,41,1.239965e-04,1.446635e-05,2.128378e-06,1.393065e-05
1325,1.918658e-01,3.865832e+01,1.107521e+01,323,49,39,1.187328e-04,1.384686e-05,2.111167e-06,1.330601e-05
1326,1.872096e-01,3.797912e+01,1.095314e+01,324,48,40,1.149348e-04,1.323750e-05,2.091454e-06,1.269173e-05
1327,1.856488e-01,3.142532e+01,1.086126e+01,324,48,40,1.139077e-04,1.272745e-05,2.073303e-06,1.217612e-05
1328,1.838475e-01,3.860394e+01,1.069591e+01,324,48,39,1.108534e-04,1.220755e-05,2.052793e-06,1.164757e-05
1329,1.825999e-01,3.518319e+01,1.071652e+01,324,48,39,1.043201e-04,1.180784e-05,2.036978e-06,1.123634e-05
1330,1.795044e-01,3.255806e+01,1.057914e+01,325,48,28,9.842908e-05,1.136167e-05,2.024711e-06,1.078659e-05
1331,1.759974e-01,3.378294e+01,1.056018e+01,324,49,29,9.378842e-05,1.088901e-05,2.011674e-06,1.030600e-05
1332,1.739920e-01,2.974412e+01,1.056452e+01,324,49,29,9.181901e-05,1.032725e-05,2.000448e-06,1.023069e-05
1333,1.723447e-01,3.025859e+01,1.048123e+01,324,49,29,8.930117e-05,1.071191e-05,1.999192e-06,1.062913e-05
1334,1.707380e-01,3.413365e+01,1.060813e+01,324,48,29,8.478190e-05,1.088444e-05,2.009058e-06,1.080567e-05
1335,1.682507e-01,3.168183e+01,1.070367e+01,324,48,29,8.000574e-05,1.102065e-05,2.024696e-06,1.092242e-05
1336,1.658787e-01,3.437143e+01,1.074448e+01,324,48,29,7.815755e-05,1.149032e-05,2.036932e-06,1.137661e-05
1337,1.647836e-01,3.258997e+01,1.072543e+01,324,48,29,7.896288e-05,1.205208e-05,2.051305e-06,1.193766e-05
1338,1.635070e-01,3.226752e+01,1.065895e+01,324,48,29,8.184277e-05,1.260363e-05,2.063831e-06,1.246501e-05
1339,1.625169e-01,2.973534e+01,1.056317e+01,324,48,29,8.556969e-05,1.301209e-05,2.074718e-06,1.286173e-05
1340,1.614546e-01,3.477937e+01,1.063691e+01,324,47,29,8.991093e-05,1.323788e-05,2.089253e-06,1.308200e-05
1341,1.604832e-01,3.332430e+01,1.073792e+01,323,48,30,9.639873e-05,1.356504e-05,2.105046e-06,1.338936e-05
1342,1.597746e-01,3.833249e+01,1.079121e+01,323,48,30,1.035423e-04,1.409376e-05,2.128629e-06,1.389533e-05
1343,1.582972e-01,3.554516e+01,1.080884e+01,323,48,30,1.108319e-04,1.441780e-05,2.152792e-06,1.422292e-05
1344,1.583879e-01,3.123214e+01,1.075239e+01,323,48,30,1.199980e-04,1.483033e-05,2.174472e-06,1.461584e-05
1345,1.582032e-01,3.081822e+01,1.062385e+01,323,48,30,1.279881e-04,1.540767e-05,2.195503e-06,1.514065e-05
1346,1.565977e-01,3.570148e+01,1.063137e+01,322,48,31,1.368309e-04,1.587898e-05,2.213233e-06,1.558873e-05
1347,1.561685e-01,3.357345e+01,1.070416e+01,322,48,31,1.463110e-04,1.646482e-05,2.225974e-06,1.615575e-05
1348,1.566279e-01,3.892213e+01,1.075714e+01,323,47,30,1.549539e-04,1.707714e-05,2.238444e-06,1.675909e-05
1349,1.565169e-01,3.450380e+01,1.077069e+01,323,47,30,1.667670e-04,1.759785e-05,2.259741e-06,1.725371e-05
1350,1.544133e-01,3.481104e+01,1.071488e+01,323,47,30,1.783691e-04,1.810534e-05,2.278871e-06,1.774167e-05
1351,1.527913e-01,3.606189e+01,1.071085e+01,321,47,35,1.899017e-04,2.050404e-05,2.286896e-06,2.030531e-05
1352,1.532100e-01,4.099756e+01,1.075189e+01,321,47,34,2.016180e-04,2.318740e-05,2.293997e-06,2.296228e-05
1353,1.544937e-01,3.718874e+01,1.093513e+01,321,47,34,2.128910e-04,2.547645e-05,2.303503e-06,2.526337e-05
1354,1.558033e-01,4.021716e+01,1.093880e+01,321,47,34,2.246642e-04,2.782506e-05,2.320221e-06,2.757772e-05
1355,1.565905e-01,4.270386e+01,1.098433e+01,321,47,32,2.381829e-04,3.036926e-05,2.332923e-06,3.011516e-05
1356,1.564269e-01,4.343193e+01,1.093415e+01,321,47,32,2.482877e-04,3.323602e-05,2.342737e-06,3.294682e-05
1357,1.568469e-01,4.694796e+01,1.097351e+01,321,46,35,2.570053e-04,3.616825e-05,2.356519e-06,3.567593e-05
1358,1.581541e-01,5.154339e+01,1.099679e+01,321,46,34,2.703143e-04,3.979742e-05,2.384143e-06,3.927828e-05
1359,1.593333e-01,5.163095e+01,1.106115e+01,321,46,32,2.811912e-04,4.355920e-05,2.413789e-06,4.299444e-05
1360,1.599973e-01,5.699353e+01,1.115168e+01,321,46,32,2.932434e-04,4.764177e-05,2.433568e-06,4.705571e-05
1361,1.596289e-01,6.415665e+01,1.104085e+01,321,46,32,3.026678e-04,5.143128e-05,2.468284e-06,5.079854e-05
1362,1.595315e-01,6.389741e+01,1.096871e+01,321,45,35,3.093943e-04,5.551181e-05,2.504263e-06,5.483241e-05
1363,1.605879e-01,7.146339e+01,1.091298e+01,321,45,35,3.186127e-04,5.993837e-05,2.526683e-06,5.921947e-05
1364,1.614776e-01,7.145911e+01,1.101325e+01,320,45,33,3.238731e-04,6.376429e-05,2.575981e-06,6.298636e-05
1365,1.619002e-01,8.021159e+01,1.241813e+01,350,45,32,3.271220e-04,6.753200e-05,2.598105e-06,6.670514e-05
1366,1.612988e-01,8.210294e+01,1.486658e+01,349,45,34,3.298961e-04,7.128288e-05,2.633027e-06,7.041463e-05
1367,1.610685e-01,9.398629e+01,1.448521e+01,349,45,36,3.298423e-04,7.361948e-05,2.693899e-06,7.269013e-05
1368,1.617261e-01,9.102411e+01,1.645300e+01,350,46,33,3.279824e-04,7.609133e-05,2.765750e-06,7.509560e-05
1369,1.624250e-01,9.407701e+01,1.729890e+01,350,46,34,3.260878e-04,7.772354e-05,2.833823e-06,7.668458e-05
1370,1.630911e-01,1.015474e+02,1.626910e+01,351,47,32,3.219794e-04,7.841382e-05,2.889117e-06,7.730647e-05
1371,1.636353e-01,9.240335e+01,1.942739e+01,350,47,37,3.149484e-04,7.819125e-05,2.886272e-06,7.705018e-05
1372,1.632542e-01,8.387299e+01,1.790684e+01,350,47,37,3.087783e-04,7.681891e-05,2.990219e-06,7.557552e-05
1373,1.628471e-01,9.749923e+01,1.845975e+01,351,48,32,3.027549e-04,7.496016e-05,3.063049e-06,7.368928e-05
1374,1.637793e-01,8.733701e+01,1.676030e+01,350,48,40,2.943770e-04,7.346059e-05,3.063142e-06,7.216109e-05
1375,1.660475e-01,8.787473e+01,2.001086e+01,351,49,34,2.872400e-04,7.109509e-05,3.137363e-06,6.972816e-05
1376,1.717291e-01,1.031971e+02,1.716236e+01,351,49,36,2.779369e-04,6.865963e-05,3.189030e-06,6.726542e-05
1377,1.763988e-01,1.604653e+02,1.733985e+01,351,50,37,2.701833e-04,6.563792e-05,3.224742e-06,6.416503e-05
1378,1.806718e-01,7.892815e+01,1.722393e+01,351,50,41,2.630136e-04,6.298954e-05,3.211822e-06,6.151851e-05
1379,1.838424e-01,1.183318e+02,1.612091e+01,352,51,31,2.584506e-04,6.081062e-05,3.253598e-06,5.932212e-05
1380,1.883334e-01,1.000458e+02,1.519983e+01,353,52,24,2.532295e-04,5.773057e-05,3.264838e-06,5.618534e-05
1381,1.931815e-01,8.944573e+01,1.549183e+01,352,52,42,2.449693e-04,5.401133e-05,3.260707e-06,5.246917e-05
1382,1.969981e-01,1.313993e+02,1.440816e+01,352,52,42,2.401887e-04,5.216731e-05,3.225401e-06,5.059888e-05
1383,1.992573e-01,1.100808e+02,1.440356e+01,353,53,43,2.328380e-04,4.931577e-05,3.227100e-06,4.775041e-05
1384,2.019775e-01,1.264901e+02,1.359606e+01,354,54,24,2.287691e-04,4.683482e-05,3.189755e-06,4.528302e-05
1385,2.033921e-01,1.108843e+02,1.354327e+01,353,54,42,2.261573e-04,4.473680e-05,3.150597e-06,4.321190e-05
1386,2.055154e-01,9.108014e+01,1.337802e+01,355,55,43,2.223114e-04,4.242715e-05,3.109800e-06,4.090517e-05
1387,2.090601e-01,9.674480e+01,1.264952e+01,353,52,42,2.173357e-04,3.992249e-05,3.058047e-06,3.844967e-05
1388,2.113801e-01,1.024077e+02,1.268196e+01,353,53,42,2.128633e-04,3.841201e-05,3.004586e-06,3.698015e-05
1389,2.123342e-01,7.934395e+01,1.279333e+01,353,53,42,2.087052e-04,3.626331e-05,2.925329e-06,3.490942e-05
1390,2.132159e-01,7.956734e+01,1.243098e+01,353,53,42,2.045778e-04,3.447978e-05,2.893073e-06,3.311329e-05
1391,2.129413e-01,7.951880e+01,1.282787e+01,353,53,41,2.020228e-04,3.300813e-05,2.812227e-06,3.173606e-05
1392,2.140483e-01,6.763369e+01,1.274369e+01,353,53,41,1.996040e-04,3.152654e-05,2.744238e-06,3.030426e-05
1393,2.142567e-01,7.893445e+01,1.265191e+01,353,53,40,1.945633e-04,3.009471e-05,2.700336e-06,2.891722e-05
1394,2.146907e-01,7.352412e+01,1.285174e+01,353,54,41,1.894883e-04,2.792583e-05,2.615625e-06,2.683267e-05
1395,2.145646e-01,6.224365e+01,1.268707e+01,353,54,40,1.866844e-04,2.705112e-05,2.595895e-06,2.596718e-05
1396,2.139507e-01,7.143810e+01,1.287526e+01,353,54,40,1.829692e-04,2.615176e-05,2.508458e-06,2.518252e-05
1397,2.121265e-01,5.622268e+01,1.302505e+01,354,55,41,1.783963e-04,2.468930e-05,2.440970e-06,2.377780e-05
1398,2.123947e-01,5.838353e+01,1.280086e+01,354,55,41,1.767545e-04,2.382263e-05,2.449155e-06,2.287892e-05
1399,2.119006e-01,5.635833e+01,1.252092e+01,354,55,40,1.727916e-04,2.177071e-05,2.381785e-06,2.088424e-05
1400,2.110610e-01,4.912605e+01,1.256660e+01,354,56,41,1.680818e-04,2.011720e-05,2.312983e-06,1.931477e-05
1401,2.086251e-01,6.039521e+01,1.248804e+01,354,56,40,1.629350e-04,2.012566e-05,2.303703e-06,1.934298e-05
1402,2.067128e-01,5.279857e+01,1.254378e+01,354,56,40,1.612324e-04,2.076524e-05,2.342418e-06,1.998096e-05
1403,2.062570e-01,5.970866e+01,1.226713e+01,354,56,40,1.574773e-04,1.860929e-05,2.281869e-06,1.803616e-05
1404,2.030572e-01,4.928073e+01,1.224132e+01,355,57,41,1.557025e-04,1.830843e-05,2.271033e-06,1.783769e-05
1405,2.025759e-01,5.048050e+01,1.191760e+01,355,57,41,1.516849e-04,1.787066e-05,2.258560e-06,1.739054e-05
1406,2.013426e-01,4.329959e+01,1.190262e+01,354,57,40,1.454818e-04,1.731783e-05,2.244379e-06,1.683101e-05
1407,2.002032e-01,4.705500e+01,1.167076e+01,354,57,40,1.402731e-04,1.661132e-05,2.229035e-06,1.611919e-05
1408,1.963779e-01,4.693174e+01,1.167839e+01,354,57,39,1.381754e-04,1.615416e-05,2.212508e-06,1.565946e-05
1409,1.941020e-01,4.242922e+01,1.159214e+01,354,57,39,1.377240e-04,1.578393e-05,2.195335e-06,1.528130e-05
1410,1.935166e-01,4.374737e+01,1.151253e+01,355,58,40,1.342825e-04,1.548339e-05,2.178446e-06,1.499418e-05
1411,1.918337e-01,3.843908e+01,1.131605e+01,355,58,40,1.270651e-04,1.469005e-05,2.162583e-06,1.416447e-05
1412,1.883888e-01,3.797512e+01,1.109882e+01,355,58,40,1.194488e-04,1.413460e-05,2.150851e-06,1.360149e-05
1413,1.865019e-01,3.756420e+01,1.106337e+01,354,58,39,1.165365e-04,1.347499e-05,2.137881e-06,1.293677e-05
1414,1.834811e-01,4.263072e+01,1.097384e+01,354,58,39,1.157649e-04,1.296841e-05,2.124076e-06,1.243039e-05
1415,1.820425e-01,3.421864e+01,1.084339e+01,354,58,39,1.133605e-04,1.259263e-05,2.113422e-06,1.207178e-05
1416,1.788216e-01,4.072994e+01,1.072181e+01,355,58,28,1.074384e-04,1.201160e-05,2.101313e-06,1.145977e-05
1417,1.766062e-01,3.713774e+01,1.065821e+01,355,58,28,9.979885e-05,1.149718e-05,2.085258e-06,1.093477e-05
1418,1.743956e-01,3.623949e+01,1.072298e+01,355,58,29,9.486707e-05,1.105752e-05,2.080057e-06,1.048227e-05
1419,1.722937e-01,3.397267e+01,1.076495e+01,355,58,29,9.405294e-05,1.050053e-05,2.083533e-06,1.035544e-05
1420,1.702693e-01,3.403876e+01,1.070484e+01,355,58,29,9.196058e-05,1.078837e-05,2.087467e-06,1.071595e-05
1421,1.699202e-01,2.917044e+01,1.063780e+01,356,59,28,8.827492e-05,1.095144e-05,2.097802e-06,1.085576e-05
1422,1.692465e-01,3.626638e+01,1.064176e+01,355,59,29,8.253337e-05,1.107496e-05,2.108500e-06,1.096307e-05
1423,1.686086e-01,3.257527e+01,1.074855e+01,355,59,29,7.828450e-05,1.136180e-05,2.121744e-06,1.126540e-05
1424,1.678443e-01,3.277710e+01,1.083404e+01,355,59,29,7.850003e-05,1.181569e-05,2.140953e-06,1.169800e-05
1425,1.666435e-01,3.143636e+01,1.084789e+01,355,59,29,8.042269e-05,1.235621e-05,2.155154e-06,1.223152e-05
1426,1.661807e-01,3.016911e+01,1.078307e+01,355,59,29,8.350347e-05,1.276871e-05,2.167823e-06,1.263321e-05
1427,1.645062e-01,3.331550e+01,1.070797e+01,355,59,29,8.779339e-05,1.305174e-05,2.179715e-06,1.288289e-05
1428,1.638719e-01,3.317207e+01,1.058409e+01,355,59,29,9.302587e-05,1.342775e-05,2.185402e-06,1.324982e-05
1429,1.626263e-01,3.476601e+01,1.058881e+01,355,60,29,9.911069e-05,1.387003e-05,2.196919e-06,1.368213e-05
1430,1.604601e-01,3.400072e+01,1.062552e+01,355,60,29,1.061553e-04,1.436021e-05,2.210141e-06,1.415654e-05
1431,1.597753e-01,3.281591e+01,1.066303e+01,355,60,29,1.149932e-04,1.482236e-05,2.230856e-06,1.459718e-05
1432,1.584508e-01,3.119851e+01,1.063202e+01,354,59,30,1.232654e-04,1.507623e-05,2.247235e-06,1.484566e-05
1433,1.564432e-01,3.688302e+01,1.055828e+01,354,59,30,1.317132e-04,1.559933e-05,2.256871e-06,1.530157e-05
1434,1.557212e-01,3.362807e+01,1.044296e+01,352,59,35,1.410327e-04,1.621673e-05,2.264412e-06,1.589867e-05
1435,1.551986e-01,3.168436e+01,1.045813e+01,352,59,35,1.490754e-04,1.679316e-05,2.270702e-06,1.646260e-05
1436,1.540542e-01,3.237610e+01,1.057555e+01,352,59,34,1.586386e-04,1.741414e-05,2.282711e-06,1.707801e-05
1437,1.548788e-01,3.549440e+01,1.062143e+01,352,59,34,1.716658e-04,1.799152e-05,2.300496e-06,1.763447e-05
1438,1.554993e-01,3.744075e+01,1.057646e+01,352,59,33,1.824003e-04,1.929711e-05,2.309800e-06,1.911111e-05
1439,1.554088e-01,3.740652e+01,1.061452e+01,352,60,35,1.934358e-04,2.160007e-05,2.311930e-06,2.140707e-05
1440,1.554581e-01,3.628323e+01,1.067725e+01,352,60,35,2.065353e-04,2.391769e-05,2.318732e-06,2.371924e-05
1441,1.566850e-01,4.541572e+01,1.075358e+01,352,60,34,2.182240e-04,2.652033e-05,2.327499e-06,2.630947e-05
1442,1.579073e-01,4.322144e+01,1.076701e+01,352,60,34,2.293614e-04,2.904806e-05,2.336986e-06,2.880678e-05
1443,1.587744e-01,4.492896e+01,1.072796e+01,352,60,32,2.416122e-04,3.173532e-05,2.343256e-06,3.148063e-05
1444,1.589717e-01,4.962592e+01,1.072306e+01,352,60,32,2.515277e-04,3.426151e-05,2.358583e-06,3.389618e-05
1445,1.582775e-01,4.567071e+01,1.069908e+01,352,61,35,2.643790e-04,3.797670e-05,2.386301e-06,3.751265e-05
1446,1.591393e-01,5.379430e+01,1.067173e+01,352,61,35,2.751692e-04,4.158519e-05,2.387404e-06,4.109934e-05
1447,1.602411e-01,5.552605e+01,1.075059e+01,352,61,34,2.871223e-04,4.540593e-05,2.412812e-06,4.489960e-05
1448,1.610610e-01,5.546938e+01,1.068698e+01,352,61,34,2.980311e-04,4.942522e-05,2.447013e-06,4.887906e-05
1449,1.612340e-01,6.067445e+01,1.070744e+01,352,61,32,3.066982e-04,5.337617e-05,2.463146e-06,5.279686e-05
1450,1.606440e-01,6.852459e+01,1.057038e+01,352,62,35,3.160177e-04,5.783334e-05,2.505046e-06,5.721738e-05
1451,1.607841e-01,6.789895e+01,1.095475e+01,380,61,33,3.226909e-04,6.212062e-05,2.552237e-06,6.146292e-05
1452,1.615796e-01,7.505243e+01,1.137930e+01,384,56,33,3.282900e-04,6.632670e-05,2.573408e-06,6.564210e-05
1453,1.621861e-01,7.432613e+01,1.265527e+01,381,60,33,3.303066e-04,7.004489e-05,2.623379e-06,6.930562e-05
1454,1.631242e-01,8.678132e+01,1.349709e+01,380,60,36,3.319361e-04,7.276867e-05,2.654294e-06,7.197362e-05
1455,1.636878e-01,9.380453e+01,1.404795e+01,381,59,30,3.320805e-04,7.507857e-05,2.709016e-06,7.422081e-05
1456,1.633247e-01,9.107048e+01,1.751668e+01,381,59,34,3.267272e-04,7.694633e-05,2.815707e-06,7.602119e-05
1457,1.633539e-01,9.324078e+01,1.689646e+01,381,59,34,3.241966e-04,7.886656e-05,2.855823e-06,7.791130e-05
1458,1.643616e-01,8.246827e+01,1.759997e+01,381,58,35,3.196860e-04,7.880089e-05,2.863287e-06,7.779697e-05
1459,1.651282e-01,1.034400e+02,1.829184e+01,381,58,37,3.142780e-04,7.779757e-05,2.966632e-06,7.670648e-05
1460,1.653605e-01,8.967995e+01,1.862553e+01,382,57,32,3.077728e-04,7.644587e-05,3.070608e-06,7.529416e-05
1461,1.646612e-01,8.510850e+01,1.738122e+01,381,57,40,2.996632e-04,7.493836e-05,3.083091e-06,7.374978e-05
1462,1.689974e-01,9.744720e+01,2.030850e+01,382,56,32,2.898628e-04,7.289519e-05,3.127568e-06,7.167616e-05
1463,1.748008e-01,9.122034e+01,1.809286e+01,382,56,34,2.823677e-04,7.020996e-05,3.243571e-06,6.891497e-05
1464,1.791500e-01,9.207268e+01,1.704134e+01,382,55,35,2.775518e-04,6.746993e-05,3.238912e-06,6.612720e-05
1465,1.839577e-01,7.911201e+01,1.808705e+01,382,55,40,2.685622e-04,6.429674e-05,3.273005e-06,6.290444e-05
1466,1.877311e-01,6.886688e+01,1.615021e+01,383,54,27,2.621011e-04,6.182060e-05,3.344361e-06,6.036519e-05
1467,1.908735e-01,9.085189e+01,1.627265e+01,382,54,41,2.506654e-04,5.967418e-05,3.340639e-06,5.822649e-05
1468,1.959540e-01,1.133688e+02,1.579833e+01,383,53,34,2.480969e-04,5.660458e-05,3.336741e-06,5.513842e-05
1469,2.001248e-01,1.104381e+02,1.465475e+01,384,52,24,2.460117e-04,5.344480e-05,3.373239e-06,5.188940e-05
1470,2.031384e-01,7.846033e+01,1.512446e+01,383,52,42,2.390048e-04,4.982093e-05,3.351281e-06,4.828837e-05
1471,2.066374e-01,1.376452e+02,1.391638e+01,383,52,42,2.323795e-04,4.838162e-05,3.310631e-06,4.681811e-05
1472,2.086288e-01,9.462465e+01,1.371030e+01,384,51,43,2.220771e-04,4.603555e-05,3.315027e-06,4.448727e-05
1473,2.082938e-01,8.622109e+01,1.305151e+01,385,50,43,2.209587e-04,4.339141e-05,3.256068e-06,4.184654e-05
1474,2.122101e-01,9.673771e+01,1.271490e+01,384,50,42,2.220553e-04,4.141165e-05,3.199680e-06,3.991103e-05
1475,2.150457e-01,8.785368e+01,1.288559e+01,384,52,42,2.164742e-04,3.921852e-05,3.163427e-06,3.772659e-05
1476,2.170663e-01,8.748271e+01,1.279481e+01,384,52,42,2.103649e-04,3.693550e-05,3.094543e-06,3.547214e-05
1477,2.189779e-01,8.877365e+01,1.247607e+01,384,52,42,2.067131e-04,3.601423e-05,3.028309e-06,3.460836e-05
1478,2.184189e-01,8.079448e+01,1.238162e+01,384,51,42,2.019376e-04,3.351694e-05,2.963657e-06,3.213123e-05
1479,2.176087e-01,7.242521e+01,1.257700e+01,384,51,42,2.012360e-04,3.192076e-05,2.901343e-06,3.060397e-05
1480,2.185784e-01,8.403227e+01,1.274588e+01,384,51,41,1.986669e-04,3.044449e-05,2.810317e-06,2.920703e-05
1481,2.188991e-01,5.643696e+01,1.303121e+01,384,51,41,1.927561e-04,2.881941e-05,2.770349e-06,2.757668e-05
1482,2.186550e-01,7.046346e+01,1.262144e+01,385,50,42,1.853237e-04,2.758750e-05,2.693666e-06,2.643439e-05
1483,2.195916e-01,6.955882e+01,1.276107e+01,384,50,41,1.834104e-04,2.623299e-05,2.620092e-06,2.513860e-05
1484,2.192255e-01,5.264068e+01,1.265458e+01,384,50,41,1.839228e-04,2.540442e-05,2.580383e-06,2.435002e-05
1485,2.182898e-01,6.832722e+01,1.273080e+01,384,50,40,1.776139e-04,2.367661e-05,2.491235e-06,2.269700e-05
1486,2.152613e-01,6.139405e+01,1.282098e+01,385,49,41,1.728642e-04,2.215922e-05,2.451746e-06,2.119021e-05
1487,2.153645e-01,7.334270e+01,1.282109e+01,385,49,41,1.687482e-04,2.151879e-05,2.423790e-06,2.056053e-05
1488,2.151590e-01,6.325491e+01,1.233452e+01,385,49,41,1.656843e-04,2.021626e-05,2.334663e-06,1.936879e-05
1489,2.140429e-01,6.890227e+01,1.237751e+01,385,48,41,1.631281e-04,1.970519e-05,2.308873e-06,1.893641e-05
1490,2.115105e-01,5.731315e+01,1.232913e+01,385,48,41,1.608786e-04,1.907635e-05,2.301022e-06,1.827279e-05
1491,2.094811e-01,5.558216e+01,1.222416e+01,385,48,40,1.555088e-04,1.858197e-05,2.287726e-06,1.810918e-05
1492,2.082657e-01,5.124660e+01,1.220302e+01,385,48,40,1.519842e-04,1.829894e-05,2.277724e-06,1.782144e-05
1493,2.058729e-01,4.444641e+01,1.193838e+01,386,47,41,1.472698e-04,1.775740e-05,2.260558e-06,1.726816e-05
1494,2.036187e-01,4.252459e+01,1.184011e+01,386,47,41,1.434979e-04,1.716214e-05,2.243461e-06,1.665560e-05
1495,2.022774e-01,3.924207e+01,1.180827e+01,385,47,40,1.410213e-04,1.655086e-05,2.225134e-06,1.603544e-05
1496,2.014073e-01,4.210849e+01,1.176232e+01,385,47,40,1.383260e-04,1.613702e-05,2.205030e-06,1.562058e-05
1497,1.991357e-01,3.705658e+01,1.152902e+01,385,47,40,1.344897e-04,1.576230e-05,2.191010e-06,1.524378e-05
1498,1.970498e-01,4.060366e+01,1.128692e+01,385,47,39,1.293218e-04,1.516331e-05,2.175143e-06,1.464015e-05
