                                                                        S      1
1H,,1H;,,                                                               G      1
124HM:\3me\mtt\SHS\lopende-projecten\2010\2010-04-DSYHS DB\Geometrieen DG      2
SYHS\Rhino modellen na inmeten 2012\SYSSER39_surface.igs,               G      3
26HRhinoceros ( Mar  9 2011 ),31HTrout Lake IGES 012 Mar  9 2011,       G      4
32,38,6,308,15,                                                         G      5
,                                                                       G      6
1.0D0,2,2HMM,1,0.254D0,13H121122.125708,                                G      7
0.001D0,                                                                G      8
2111.99078974368D0,                                                     G      9
,                                                                       G     10
,                                                                       G     11
10,0,13H121122.125708;                                                  G     12
     314       1       0       0       0       0       0       000000200D      1
     314       0       1       1       0       0       0   COLOR       0D      2
     314       2       0       0       0       0       0       000000200D      3
     314       0       5       1       0       0       0   COLOR       0D      4
     406       3       0       0       1       0       0       000000300D      5
     406       0      -1       1       3       0       0LEVELDEF       0D      6
     406       4       0       0       2       0       0       000000300D      7
     406       0      -3       1       3       0       0LEVELDEF       0D      8
     128       5       0       0       1       0       0       000000000D      9
     128       0      -1     129       8       0       0 TrimSrf       0D     10
     128     134       0       0       1       0       0       000000000D     11
     128       0      -1    2787       0       0       0 TrimSrf       0D     12
314,0.0,0.0,0.0,20HRGB(   0,   0,   0 );                         0000001P      1
314,100.0,100.0,0.0,20HRGB( 255, 255,   0 );                     0000003P      2
406,2,1,7HDefault;                                               0000005P      3
406,2,2,12HIGES level 0;                                         0000007P      4
128,1,49,1,4,0,0,1,0,0,0.0D0,0.0D0,131.971078539485D0,           0000009P      5
131.971078539485D0,-320.9983816446297D0,-320.9983816446297D0,    0000009P      6
-320.9983816446297D0,-320.9983816446297D0,-320.9983816446297D0,  0000009P      7
-314.020155956703D0,-307.0419302687762D0,-300.0637045808495D0,   0000009P      8
-293.0854788929228D0,-286.107253204996D0,-279.1290275170694D0,   0000009P      9
-272.1508018291426D0,-265.1725761412159D0,-258.1943504532891D0,  0000009P     10
-251.2161247653624D0,-244.2378990774357D0,-237.2596733895089D0,  0000009P     11
-230.2814477015822D0,-223.3032220136555D0,-216.3249963257287D0,  0000009P     12
-209.346770637802D0,-202.3685449498753D0,-195.3903192619485D0,   0000009P     13
-188.4120935740218D0,-181.4338678860951D0,-174.4556421981683D0,  0000009P     14
-167.4774165102416D0,-160.4991908223149D0,-153.5209651343881D0,  0000009P     15
-146.5427394464614D0,-139.5645137585346D0,-132.5862880706079D0,  0000009P     16
-125.6080623826812D0,-118.6298366947545D0,-111.6516110068277D0,  0000009P     17
-104.673385318901D0,-97.69515963097427D0,-90.71693394304754D0,   0000009P     18
-83.7387082551208D0,-76.76048256719406D0,-69.78225687926732D0,   0000009P     19
-62.80403119134058D0,-55.82580550341385D0,-48.84757981548711D0,  0000009P     20
-41.86935412756043D0,-34.89112843963369D0,-27.91290275170695D0,  0000009P     21
-20.93467706378021D0,-13.95645137585348D0,-6.978225687926738D0,  0000009P     22
0.0D0,0.0D0,0.0D0,0.0D0,0.0D0,1.0D0,1.0D0,1.0D0,1.0D0,1.0D0,     0000009P     23
1.0D0,1.0D0,1.0D0,1.0D0,1.0D0,1.0D0,1.0D0,1.0D0,1.0D0,1.0D0,     0000009P     24
1.0D0,1.0D0,1.0D0,1.0D0,1.0D0,1.0D0,1.0D0,1.0D0,1.0D0,1.0D0,     0000009P     25
1.0D0,1.0D0,1.0D0,1.0D0,1.0D0,1.0D0,1.0D0,1.0D0,1.0D0,1.0D0,     0000009P     26
1.0D0,1.0D0,1.0D0,1.0D0,1.0D0,1.0D0,1.0D0,1.0D0,1.0D0,1.0D0,     0000009P     27
1.0D0,1.0D0,1.0D0,1.0D0,1.0D0,1.0D0,1.0D0,1.0D0,1.0D0,1.0D0,     0000009P     28
1.0D0,1.0D0,1.0D0,1.0D0,1.0D0,1.0D0,1.0D0,1.0D0,1.0D0,1.0D0,     0000009P     29
1.0D0,1.0D0,1.0D0,1.0D0,1.0D0,1.0D0,1.0D0,1.0D0,1.0D0,1.0D0,     0000009P     30
1.0D0,1.0D0,1.0D0,1.0D0,1.0D0,1.0D0,1.0D0,1.0D0,1.0D0,1.0D0,     0000009P     31
1.0D0,1.0D0,1.0D0,1.0D0,1.0D0,1.0D0,1.0D0,1.0D0,1.0D0,1.0D0,     0000009P     32
1.0D0,1.0D0,1.0D0,1.0D0,1.0D0,-200.0D0,2.295572946372937D-15,    0000009P     33
76.00085594989093D0,-200.0D0,2.295572946372937D-15,              0000009P     34
76.00085594989093D0,-200.0D0,2.085314275312712D-15,              0000009P     35
77.05085129798935D0,-199.9999999999995D0,-1.495017522951433D0,   0000009P     36
76.00063049797429D0,-200.0D0,2.070922382540897D-15,              0000009P     37
79.15084199418619D0,-200.0000000000003D0,-4.493271606365642D0,   0000009P     38
76.00376375826032D0,-200.0D0,2.049334543383173D-15,              0000009P     39
82.30082803848146D0,-199.9999999999997D0,-8.958040618355017D0,   0000009P     40
76.02013521236793D0,-200.0D0,2.020550757839542D-15,              0000009P     41
86.50080943087514D0,-200.0D0,-14.91943314798252D0,               0000009P     42
76.07083224340371D0,-200.0D0,1.991766972295911D-15,              0000009P     43
90.70079082326882D0,-200.0D0,-20.84121650992735D0,               0000009P     44
76.15609579814269D0,-200.0D0,1.962983186752279D-15,              0000009P     45
94.90077221566249D0,-199.9999999999998D0,-26.87472618403423D0,   0000009P     46
76.29001836285075D0,-200.0D0,1.934199401208648D-15,              0000009P     47
99.10075360805615D0,-200.0D0,-32.72438049861876D0,               0000009P     48
76.47614328175912D0,-200.0D0,1.905415615665017D-15,              0000009P     49
103.3007350004498D0,-199.9999999999998D0,-38.78413500710356D0,   0000009P     50
76.74643299615001D0,-200.0D0,1.876631830121386D-15,              0000009P     51
107.5007163928435D0,-199.9999999999999D0,-44.70726674626295D0,   0000009P     52
77.11674987284349D0,-200.0D0,1.847848044577755D-15,              0000009P     53
111.7006977852372D0,-199.9999999999999D0,-50.57952579064491D0,   0000009P     54
77.62063681273716D0,-200.0D0,1.819064259034124D-15,              0000009P     55
115.9006791776309D0,-199.9999999999998D0,-56.55402742759718D0,   0000009P     56
78.33395134788459D0,-200.0D0,1.790280473490493D-15,              0000009P     57
120.1006605700245D0,-199.9999999999999D0,-62.50378502809432D0,   0000009P     58
79.32624768628369D0,-200.0D0,1.761496687946861D-15,              0000009P     59
124.3006419624182D0,-199.9999999999997D0,-68.12490774219477D0,   0000009P     60
80.63099593427984D0,-200.0D0,1.73271290240323D-15,               0000009P     61
128.5006233548119D0,-199.9999999999999D0,-74.09781908327713D0,   0000009P     62
82.29111000975203D0,-200.0D0,1.703929116859599D-15,              0000009P     63
132.7006047472056D0,-199.9999999999998D0,-79.52980724852759D0,   0000009P     64
84.28023199677675D0,-200.0D0,1.675145331315968D-15,              0000009P     65
136.9005861395992D0,-199.9999999999999D0,-84.0919169042749D0,    0000009P     66
88.62179978893082D0,-200.0D0,1.646361545772337D-15,              0000009P     67
141.1005675319929D0,-199.9999999999998D0,-87.41766942079428D0,   0000009P     68
93.44830528788472D0,-200.0D0,1.617577760228706D-15,              0000009P     69
145.3005489243866D0,-199.9999999999998D0,-90.27036138465783D0,   0000009P     70
98.70454283594393D0,-200.0D0,1.588793974685074D-15,              0000009P     71
149.5005303167802D0,-199.9999999999998D0,-92.73916007583874D0,   0000009P     72
104.1601690580001D0,-200.0D0,1.560010189141443D-15,              0000009P     73
153.7005117091739D0,-199.9999999999999D0,-94.95394222738844D0,   0000009P     74
109.7138603840801D0,-200.0D0,1.531226403597812D-15,              0000009P     75
157.9004931015676D0,-199.9999999999997D0,-96.970663542553D0,     0000009P     76
115.3070856186292D0,-200.0D0,1.502442618054181D-15,              0000009P     77
162.1004744939613D0,-199.9999999999999D0,-98.834417249292D0,     0000009P     78
120.8939402239247D0,-200.0D0,1.47365883251055D-15,               0000009P     79
166.3004558863549D0,-199.9999999999998D0,-100.6394845605006D0,   0000009P     80
126.6855611979624D0,-200.0D0,1.444875046966918D-15,              0000009P     81
170.5004372787486D0,-199.9999999999998D0,-102.2888809309479D0,   0000009P     82
132.2781680043507D0,-200.0D0,1.416091261423287D-15,              0000009P     83
174.7004186711423D0,-199.9999999999998D0,-103.9320119709307D0,   0000009P     84
138.1227788765965D0,-200.0D0,1.387307475879656D-15,              0000009P     85
178.900400063536D0,-199.9999999999999D0,-105.473213997729D0,     0000009P     86
143.8448964723471D0,-200.0D0,1.358523690336025D-15,              0000009P     87
183.1003814559297D0,-199.9999999999999D0,-106.9724582011972D0,   0000009P     88
149.6169977202255D0,-200.0D0,1.329739904792394D-15,              0000009P     89
187.3003628483234D0,-199.9999999999997D0,-108.4273475470732D0,   0000009P     90
155.4090977479023D0,-200.0D0,1.300956119248763D-15,              0000009P     91
191.500344240717D0,-199.9999999999999D0,-109.8405156787584D0,    0000009P     92
161.2053416009151D0,-200.0D0,1.272172333705132D-15,              0000009P     93
195.7003256331107D0,-199.9999999999998D0,-111.2091036738539D0,   0000009P     94
166.9709441745076D0,-200.0D0,1.2433885481615D-15,                0000009P     95
199.9003070255043D0,-199.9999999999998D0,-112.5647936577374D0,   0000009P     96
172.8262666804973D0,-200.0D0,1.214604762617869D-15,              0000009P     97
204.100288417898D0,-199.9999999999999D0,-113.8740150877316D0,    0000009P     98
178.6091082550624D0,-200.0D0,1.185820977074238D-15,              0000009P     99
208.3002698102917D0,-199.9999999999998D0,-115.1737702698412D0,   0000009P    100
184.4722428729665D0,-200.0D0,1.157037191530607D-15,              0000009P    101
212.5002512026854D0,-199.9999999999998D0,-116.4257414556791D0,   0000009P    102
190.2283550460674D0,-200.0D0,1.128253405986976D-15,              0000009P    103
216.7002325950791D0,-199.9999999999999D0,-117.6813437555661D0,   0000009P    104
196.1044424104149D0,-200.0D0,1.099469620443344D-15,              0000009P    105
220.9002139874727D0,-199.9999999999997D0,-118.8948423567383D0,   0000009P    106
201.8801682109687D0,-200.0D0,1.070685834899713D-15,              0000009P    107
225.1001953798664D0,-199.9999999999999D0,-120.0964841437301D0,   0000009P    108
207.6851941345579D0,-200.0D0,1.041902049356082D-15,              0000009P    109
229.3001767722601D0,-200.0D0,-121.3161672755654D0,               0000009P    110
213.6666441972255D0,-200.0D0,1.013118263812451D-15,              0000009P    111
233.5001581646538D0,-199.9999999999998D0,-122.4776924910779D0,   0000009P    112
219.441637570859D0,-200.0D0,9.843344782688195D-16,               0000009P    113
237.7001395570475D0,-199.9999999999999D0,-123.6347662472028D0,   0000009P    114
225.2666992986701D0,-200.0D0,9.555506927251884D-16,              0000009P    115
241.9001209494412D0,-199.9999999999998D0,-124.7800701833752D0,   0000009P    116
231.1029812249394D0,-200.0D0,9.26766907181557D-16,               0000009P    117
246.1001023418348D0,-199.9999999999999D0,-125.9157004312417D0,   0000009P    118
236.9557905778884D0,-200.0D0,8.97983121637926D-16,               0000009P    119
250.3000837342285D0,-199.9999999999998D0,-127.0402565320341D0,   0000009P    120
242.8147157329774D0,-200.0D0,8.69199336094295D-16,               0000009P    121
254.5000651266221D0,-199.9999999999999D0,-128.1569190150296D0,   0000009P    122
248.6915406561934D0,-200.0D0,8.404155505506635D-16,              0000009P    123
258.7000465190158D0,-199.9999999999998D0,-129.2682988290702D0,   0000009P    124
254.5991831791916D0,-200.0D0,8.116317650070321D-16,              0000009P    125
262.9000279114094D0,-200.0D0,-130.3328343064454D0,               0000009P    126
260.308156120649D0,-200.0D0,7.900439258493089D-16,               0000009P    127
266.0500139557047D0,-199.9999999999996D0,-131.1694343488146D0,   0000009P    128
264.8342426139496D0,-200.0D0,7.756520330774934D-16,              0000009P    129
268.1500046519016D0,-200.0D0,-131.7030483729331D0,               0000009P    130
267.7378037181478D0,-200.0D0,7.684560866915856D-16,269.2D0,      0000009P    131
-199.9999999999999D0,-131.971078539485D0,269.2D0,0.0D0,          0000009P    132
131.971078539485D0,-320.9983816446297D0,0.0D0;                   0000009P    133
128,49,49,3,4,0,0,1,0,0,0.0D0,0.0D0,0.0D0,0.0D0,                 0000011P    134
48.28932980006398D0,96.57865960012795D0,144.8679894001919D0,     0000011P    135
193.1573192002559D0,241.4466490003199D0,289.7359788003839D0,     0000011P    136
338.0253086004478D0,386.3146384005118D0,434.6039682005758D0,     0000011P    137
482.8932980006397D0,531.1826278007037D0,579.4719576007677D0,     0000011P    138
627.7612874008316D0,676.0506172008957D0,724.3399470009596D0,     0000011P    139
772.6292768010236D0,820.9186066010876D0,869.2079364011515D0,     0000011P    140
917.4972662012156D0,965.7865960012795D0,1014.075925801344D0,     0000011P    141
1062.365255601407D0,1110.654585401471D0,1158.943915201535D0,     0000011P    142
1207.2332450016D0,1255.522574801664D0,1303.811904601727D0,       0000011P    143
1352.101234401791D0,1400.390564201855D0,1448.679894001919D0,     0000011P    144
1496.969223801983D0,1545.258553602047D0,1593.547883402111D0,     0000011P    145
1641.837213202175D0,1690.126543002239D0,1738.415872802303D0,     0000011P    146
1786.705202602367D0,1834.994532402431D0,1883.283862202495D0,     0000011P    147
1931.573192002559D0,1979.862521802623D0,2028.151851602687D0,     0000011P    148
2076.441181402751D0,2124.730511202815D0,2173.019841002879D0,     0000011P    149
2221.309170802943D0,2269.598500603007D0,2269.598500603007D0,     0000011P    150
2269.598500603007D0,2269.598500603007D0,0.0D0,0.0D0,0.0D0,0.0D0, 0000011P    151
0.0D0,6.978225687926733D0,13.95645137585347D0,                   0000011P    152
20.9346770637802D0,27.91290275170693D0,34.89112843963366D0,      0000011P    153
41.8693541275604D0,48.84757981548713D0,55.82580550341386D0,      0000011P    154
62.80403119134059D0,69.78225687926732D0,76.76048256719406D0,     0000011P    155
83.7387082551208D0,90.71693394304752D0,97.69515963097426D0,      0000011P    156
104.673385318901D0,111.6516110068277D0,118.6298366947545D0,      0000011P    157
125.6080623826812D0,132.5862880706079D0,139.5645137585346D0,     0000011P    158
146.5427394464614D0,153.5209651343881D0,160.4991908223149D0,     0000011P    159
167.4774165102416D0,174.4556421981683D0,181.4338678860951D0,     0000011P    160
188.4120935740218D0,195.3903192619485D0,202.3685449498753D0,     0000011P    161
209.346770637802D0,216.3249963257287D0,223.3032220136555D0,      0000011P    162
230.2814477015822D0,237.2596733895089D0,244.2378990774357D0,     0000011P    163
251.2161247653624D0,258.1943504532891D0,265.1725761412159D0,     0000011P    164
272.1508018291426D0,279.1290275170694D0,286.107253204996D0,      0000011P    165
293.0854788929228D0,300.0637045808495D0,307.0419302687762D0,     0000011P    166
314.020155956703D0,320.9983816446297D0,320.9983816446297D0,      0000011P    167
320.9983816446297D0,320.9983816446297D0,320.9983816446297D0,     0000011P    168
1.0D0,1.0D0,1.0D0,1.0D0,1.0D0,1.0D0,1.0D0,1.0D0,1.0D0,1.0D0,     0000011P    169
1.0D0,1.0D0,1.0D0,1.0D0,1.0D0,1.0D0,1.0D0,1.0D0,1.0D0,1.0D0,     0000011P    170
1.0D0,1.0D0,1.0D0,1.0D0,1.0D0,1.0D0,1.0D0,1.0D0,1.0D0,1.0D0,     0000011P    171
1.0D0,1.0D0,1.0D0,1.0D0,1.0D0,1.0D0,1.0D0,1.0D0,1.0D0,1.0D0,     0000011P    172
1.0D0,1.0D0,1.0D0,1.0D0,1.0D0,1.0D0,1.0D0,1.0D0,1.0D0,1.0D0,     0000011P    173
1.0D0,1.0D0,1.0D0,1.0D0,1.0D0,1.0D0,1.0D0,1.0D0,1.0D0,1.0D0,     0000011P    174
1.0D0,1.0D0,1.0D0,1.0D0,1.0D0,1.0D0,1.0D0,1.0D0,1.0D0,1.0D0,     0000011P    175
1.0D0,1.0D0,1.0D0,1.0D0,1.0D0,1.0D0,1.0D0,1.0D0,1.0D0,1.0D0,     0000011P    176
1.0D0,1.0D0,1.0D0,1.0D0,1.0D0,1.0D0,1.0D0,1.0D0,1.0D0,1.0D0,     0000011P    177
1.0D0,1.0D0,1.0D0,1.0D0,1.0D0,1.0D0,1.0D0,1.0D0,1.0D0,1.0D0,     0000011P    178
1.0D0,1.0D0,1.0D0,1.0D0,1.0D0,1.0D0,1.0D0,1.0D0,1.0D0,1.0D0,     0000011P    179
1.0D0,1.0D0,1.0D0,1.0D0,1.0D0,1.0D0,1.0D0,1.0D0,1.0D0,1.0D0,     0000011P    180
1.0D0,1.0D0,1.0D0,1.0D0,1.0D0,1.0D0,1.0D0,1.0D0,1.0D0,1.0D0,     0000011P    181
1.0D0,1.0D0,1.0D0,1.0D0,1.0D0,1.0D0,1.0D0,1.0D0,1.0D0,1.0D0,     0000011P    182
1.0D0,1.0D0,1.0D0,1.0D0,1.0D0,1.0D0,1.0D0,1.0D0,1.0D0,1.0D0,     0000011P    183
1.0D0,1.0D0,1.0D0,1.0D0,1.0D0,1.0D0,1.0D0,1.0D0,1.0D0,1.0D0,     0000011P    184
1.0D0,1.0D0,1.0D0,1.0D0,1.0D0,1.0D0,1.0D0,1.0D0,1.0D0,1.0D0,     0000011P    185
1.0D0,1.0D0,1.0D0,1.0D0,1.0D0,1.0D0,1.0D0,1.0D0,1.0D0,1.0D0,     0000011P    186
1.0D0,1.0D0,1.0D0,1.0D0,1.0D0,1.0D0,1.0D0,1.0D0,1.0D0,1.0D0,     0000011P    187
1.0D0,1.0D0,1.0D0,1.0D0,1.0D0,1.0D0,1.0D0,1.0D0,1.0D0,1.0D0,     0000011P    188
1.0D0,1.0D0,1.0D0,1.0D0,1.0D0,1.0D0,1.0D0,1.0D0,1.0D0,1.0D0,     0000011P    189
1.0D0,1.0D0,1.0D0,1.0D0,1.0D0,1.0D0,1.0D0,1.0D0,1.0D0,1.0D0,     0000011P    190
1.0D0,1.0D0,1.0D0,1.0D0,1.0D0,1.0D0,1.0D0,1.0D0,1.0D0,1.0D0,     0000011P    191
1.0D0,1.0D0,1.0D0,1.0D0,1.0D0,1.0D0,1.0D0,1.0D0,1.0D0,1.0D0,     0000011P    192
1.0D0,1.0D0,1.0D0,1.0D0,1.0D0,1.0D0,1.0D0,1.0D0,1.0D0,1.0D0,     0000011P    193
1.0D0,1.0D0,1.0D0,1.0D0,1.0D0,1.0D0,1.0D0,1.0D0,1.0D0,1.0D0,     0000011P    194
1.0D0,1.0D0,1.0D0,1.0D0,1.0D0,1.0D0,1.0D0,1.0D0,1.0D0,1.0D0,     0000011P    195
1.0D0,1.0D0,1.0D0,1.0D0,1.0D0,1.0D0,1.0D0,1.0D0,1.0D0,1.0D0,     0000011P    196
1.0D0,1.0D0,1.0D0,1.0D0,1.0D0,1.0D0,1.0D0,1.0D0,1.0D0,1.0D0,     0000011P    197
1.0D0,1.0D0,1.0D0,1.0D0,1.0D0,1.0D0,1.0D0,1.0D0,1.0D0,1.0D0,     0000011P    198
1.0D0,1.0D0,1.0D0,1.0D0,1.0D0,1.0D0,1.0D0,1.0D0,1.0D0,1.0D0,     0000011P    199
1.0D0,1.0D0,1.0D0,1.0D0,1.0D0,1.0D0,1.0D0,1.0D0,1.0D0,1.0D0,     0000011P    200
1.0D0,1.0D0,1.0D0,1.0D0,1.0D0,1.0D0,1.0D0,1.0D0,1.0D0,1.0D0,     0000011P    201
1.0D0,1.0D0,1.0D0,1.0D0,1.0D0,1.0D0,1.0D0,1.0D0,1.0D0,1.0D0,     0000011P    202
1.0D0,1.0D0,1.0D0,1.0D0,1.0D0,1.0D0,1.0D0,1.0D0,1.0D0,1.0D0,     0000011P    203
1.0D0,1.0D0,1.0D0,1.0D0,1.0D0,1.0D0,1.0D0,1.0D0,1.0D0,1.0D0,     0000011P    204
1.0D0,1.0D0,1.0D0,1.0D0,1.0D0,1.0D0,1.0D0,1.0D0,1.0D0,1.0D0,     0000011P    205
1.0D0,1.0D0,1.0D0,1.0D0,1.0D0,1.0D0,1.0D0,1.0D0,1.0D0,1.0D0,     0000011P    206
1.0D0,1.0D0,1.0D0,1.0D0,1.0D0,1.0D0,1.0D0,1.0D0,1.0D0,1.0D0,     0000011P    207
1.0D0,1.0D0,1.0D0,1.0D0,1.0D0,1.0D0,1.0D0,1.0D0,1.0D0,1.0D0,     0000011P    208
1.0D0,1.0D0,1.0D0,1.0D0,1.0D0,1.0D0,1.0D0,1.0D0,1.0D0,1.0D0,     0000011P    209
1.0D0,1.0D0,1.0D0,1.0D0,1.0D0,1.0D0,1.0D0,1.0D0,1.0D0,1.0D0,     0000011P    210
1.0D0,1.0D0,1.0D0,1.0D0,1.0D0,1.0D0,1.0D0,1.0D0,1.0D0,1.0D0,     0000011P    211
1.0D0,1.0D0,1.0D0,1.0D0,1.0D0,1.0D0,1.0D0,1.0D0,1.0D0,1.0D0,     0000011P    212
1.0D0,1.0D0,1.0D0,1.0D0,1.0D0,1.0D0,1.0D0,1.0D0,1.0D0,1.0D0,     0000011P    213
1.0D0,1.0D0,1.0D0,1.0D0,1.0D0,1.0D0,1.0D0,1.0D0,1.0D0,1.0D0,     0000011P    214
1.0D0,1.0D0,1.0D0,1.0D0,1.0D0,1.0D0,1.0D0,1.0D0,1.0D0,1.0D0,     0000011P    215
1.0D0,1.0D0,1.0D0,1.0D0,1.0D0,1.0D0,1.0D0,1.0D0,1.0D0,1.0D0,     0000011P    216
1.0D0,1.0D0,1.0D0,1.0D0,1.0D0,1.0D0,1.0D0,1.0D0,1.0D0,1.0D0,     0000011P    217
1.0D0,1.0D0,1.0D0,1.0D0,1.0D0,1.0D0,1.0D0,1.0D0,1.0D0,1.0D0,     0000011P    218
1.0D0,1.0D0,1.0D0,1.0D0,1.0D0,1.0D0,1.0D0,1.0D0,1.0D0,1.0D0,     0000011P    219
1.0D0,1.0D0,1.0D0,1.0D0,1.0D0,1.0D0,1.0D0,1.0D0,1.0D0,1.0D0,     0000011P    220
1.0D0,1.0D0,1.0D0,1.0D0,1.0D0,1.0D0,1.0D0,1.0D0,1.0D0,1.0D0,     0000011P    221
1.0D0,1.0D0,1.0D0,1.0D0,1.0D0,1.0D0,1.0D0,1.0D0,1.0D0,1.0D0,     0000011P    222
1.0D0,1.0D0,1.0D0,1.0D0,1.0D0,1.0D0,1.0D0,1.0D0,1.0D0,1.0D0,     0000011P    223
1.0D0,1.0D0,1.0D0,1.0D0,1.0D0,1.0D0,1.0D0,1.0D0,1.0D0,1.0D0,     0000011P    224
1.0D0,1.0D0,1.0D0,1.0D0,1.0D0,1.0D0,1.0D0,1.0D0,1.0D0,1.0D0,     0000011P    225
1.0D0,1.0D0,1.0D0,1.0D0,1.0D0,1.0D0,1.0D0,1.0D0,1.0D0,1.0D0,     0000011P    226
1.0D0,1.0D0,1.0D0,1.0D0,1.0D0,1.0D0,1.0D0,1.0D0,1.0D0,1.0D0,     0000011P    227
1.0D0,1.0D0,1.0D0,1.0D0,1.0D0,1.0D0,1.0D0,1.0D0,1.0D0,1.0D0,     0000011P    228
1.0D0,1.0D0,1.0D0,1.0D0,1.0D0,1.0D0,1.0D0,1.0D0,1.0D0,1.0D0,     0000011P    229
1.0D0,1.0D0,1.0D0,1.0D0,1.0D0,1.0D0,1.0D0,1.0D0,1.0D0,1.0D0,     0000011P    230
1.0D0,1.0D0,1.0D0,1.0D0,1.0D0,1.0D0,1.0D0,1.0D0,1.0D0,1.0D0,     0000011P    231
1.0D0,1.0D0,1.0D0,1.0D0,1.0D0,1.0D0,1.0D0,1.0D0,1.0D0,1.0D0,     0000011P    232
1.0D0,1.0D0,1.0D0,1.0D0,1.0D0,1.0D0,1.0D0,1.0D0,1.0D0,1.0D0,     0000011P    233
1.0D0,1.0D0,1.0D0,1.0D0,1.0D0,1.0D0,1.0D0,1.0D0,1.0D0,1.0D0,     0000011P    234
1.0D0,1.0D0,1.0D0,1.0D0,1.0D0,1.0D0,1.0D0,1.0D0,1.0D0,1.0D0,     0000011P    235
1.0D0,1.0D0,1.0D0,1.0D0,1.0D0,1.0D0,1.0D0,1.0D0,1.0D0,1.0D0,     0000011P    236
1.0D0,1.0D0,1.0D0,1.0D0,1.0D0,1.0D0,1.0D0,1.0D0,1.0D0,1.0D0,     0000011P    237
1.0D0,1.0D0,1.0D0,1.0D0,1.0D0,1.0D0,1.0D0,1.0D0,1.0D0,1.0D0,     0000011P    238
1.0D0,1.0D0,1.0D0,1.0D0,1.0D0,1.0D0,1.0D0,1.0D0,1.0D0,1.0D0,     0000011P    239
1.0D0,1.0D0,1.0D0,1.0D0,1.0D0,1.0D0,1.0D0,1.0D0,1.0D0,1.0D0,     0000011P    240
1.0D0,1.0D0,1.0D0,1.0D0,1.0D0,1.0D0,1.0D0,1.0D0,1.0D0,1.0D0,     0000011P    241
1.0D0,1.0D0,1.0D0,1.0D0,1.0D0,1.0D0,1.0D0,1.0D0,1.0D0,1.0D0,     0000011P    242
1.0D0,1.0D0,1.0D0,1.0D0,1.0D0,1.0D0,1.0D0,1.0D0,1.0D0,1.0D0,     0000011P    243
1.0D0,1.0D0,1.0D0,1.0D0,1.0D0,1.0D0,1.0D0,1.0D0,1.0D0,1.0D0,     0000011P    244
1.0D0,1.0D0,1.0D0,1.0D0,1.0D0,1.0D0,1.0D0,1.0D0,1.0D0,1.0D0,     0000011P    245
1.0D0,1.0D0,1.0D0,1.0D0,1.0D0,1.0D0,1.0D0,1.0D0,1.0D0,1.0D0,     0000011P    246
1.0D0,1.0D0,1.0D0,1.0D0,1.0D0,1.0D0,1.0D0,1.0D0,1.0D0,1.0D0,     0000011P    247
1.0D0,1.0D0,1.0D0,1.0D0,1.0D0,1.0D0,1.0D0,1.0D0,1.0D0,1.0D0,     0000011P    248
1.0D0,1.0D0,1.0D0,1.0D0,1.0D0,1.0D0,1.0D0,1.0D0,1.0D0,1.0D0,     0000011P    249
1.0D0,1.0D0,1.0D0,1.0D0,1.0D0,1.0D0,1.0D0,1.0D0,1.0D0,1.0D0,     0000011P    250
1.0D0,1.0D0,1.0D0,1.0D0,1.0D0,1.0D0,1.0D0,1.0D0,1.0D0,1.0D0,     0000011P    251
1.0D0,1.0D0,1.0D0,1.0D0,1.0D0,1.0D0,1.0D0,1.0D0,1.0D0,1.0D0,     0000011P    252
1.0D0,1.0D0,1.0D0,1.0D0,1.0D0,1.0D0,1.0D0,1.0D0,1.0D0,1.0D0,     0000011P    253
1.0D0,1.0D0,1.0D0,1.0D0,1.0D0,1.0D0,1.0D0,1.0D0,1.0D0,1.0D0,     0000011P    254
1.0D0,1.0D0,1.0D0,1.0D0,1.0D0,1.0D0,1.0D0,1.0D0,1.0D0,1.0D0,     0000011P    255
1.0D0,1.0D0,1.0D0,1.0D0,1.0D0,1.0D0,1.0D0,1.0D0,1.0D0,1.0D0,     0000011P    256
1.0D0,1.0D0,1.0D0,1.0D0,1.0D0,1.0D0,1.0D0,1.0D0,1.0D0,1.0D0,     0000011P    257
1.0D0,1.0D0,1.0D0,1.0D0,1.0D0,1.0D0,1.0D0,1.0D0,1.0D0,1.0D0,     0000011P    258
1.0D0,1.0D0,1.0D0,1.0D0,1.0D0,1.0D0,1.0D0,1.0D0,1.0D0,1.0D0,     0000011P    259
1.0D0,1.0D0,1.0D0,1.0D0,1.0D0,1.0D0,1.0D0,1.0D0,1.0D0,1.0D0,     0000011P    260
1.0D0,1.0D0,1.0D0,1.0D0,1.0D0,1.0D0,1.0D0,1.0D0,1.0D0,1.0D0,     0000011P    261
1.0D0,1.0D0,1.0D0,1.0D0,1.0D0,1.0D0,1.0D0,1.0D0,1.0D0,1.0D0,     0000011P    262
1.0D0,1.0D0,1.0D0,1.0D0,1.0D0,1.0D0,1.0D0,1.0D0,1.0D0,1.0D0,     0000011P    263
1.0D0,1.0D0,1.0D0,1.0D0,1.0D0,1.0D0,1.0D0,1.0D0,1.0D0,1.0D0,     0000011P    264
1.0D0,1.0D0,1.0D0,1.0D0,1.0D0,1.0D0,1.0D0,1.0D0,1.0D0,1.0D0,     0000011P    265
1.0D0,1.0D0,1.0D0,1.0D0,1.0D0,1.0D0,1.0D0,1.0D0,1.0D0,1.0D0,     0000011P    266
1.0D0,1.0D0,1.0D0,1.0D0,1.0D0,1.0D0,1.0D0,1.0D0,1.0D0,1.0D0,     0000011P    267
1.0D0,1.0D0,1.0D0,1.0D0,1.0D0,1.0D0,1.0D0,1.0D0,1.0D0,1.0D0,     0000011P    268
1.0D0,1.0D0,1.0D0,1.0D0,1.0D0,1.0D0,1.0D0,1.0D0,1.0D0,1.0D0,     0000011P    269
1.0D0,1.0D0,1.0D0,1.0D0,1.0D0,1.0D0,1.0D0,1.0D0,1.0D0,1.0D0,     0000011P    270
1.0D0,1.0D0,1.0D0,1.0D0,1.0D0,1.0D0,1.0D0,1.0D0,1.0D0,1.0D0,     0000011P    271
1.0D0,1.0D0,1.0D0,1.0D0,1.0D0,1.0D0,1.0D0,1.0D0,1.0D0,1.0D0,     0000011P    272
1.0D0,1.0D0,1.0D0,1.0D0,1.0D0,1.0D0,1.0D0,1.0D0,1.0D0,1.0D0,     0000011P    273
1.0D0,1.0D0,1.0D0,1.0D0,1.0D0,1.0D0,1.0D0,1.0D0,1.0D0,1.0D0,     0000011P    274
1.0D0,1.0D0,1.0D0,1.0D0,1.0D0,1.0D0,1.0D0,1.0D0,1.0D0,1.0D0,     0000011P    275
1.0D0,1.0D0,1.0D0,1.0D0,1.0D0,1.0D0,1.0D0,1.0D0,1.0D0,1.0D0,     0000011P    276
1.0D0,1.0D0,1.0D0,1.0D0,1.0D0,1.0D0,1.0D0,1.0D0,1.0D0,1.0D0,     0000011P    277
1.0D0,1.0D0,1.0D0,1.0D0,1.0D0,1.0D0,1.0D0,1.0D0,1.0D0,1.0D0,     0000011P    278
1.0D0,1.0D0,1.0D0,1.0D0,1.0D0,1.0D0,1.0D0,1.0D0,1.0D0,1.0D0,     0000011P    279
1.0D0,1.0D0,1.0D0,1.0D0,1.0D0,1.0D0,1.0D0,1.0D0,1.0D0,1.0D0,     0000011P    280
1.0D0,1.0D0,1.0D0,1.0D0,1.0D0,1.0D0,1.0D0,1.0D0,1.0D0,1.0D0,     0000011P    281
1.0D0,1.0D0,1.0D0,1.0D0,1.0D0,1.0D0,1.0D0,1.0D0,1.0D0,1.0D0,     0000011P    282
1.0D0,1.0D0,1.0D0,1.0D0,1.0D0,1.0D0,1.0D0,1.0D0,1.0D0,1.0D0,     0000011P    283
1.0D0,1.0D0,1.0D0,1.0D0,1.0D0,1.0D0,1.0D0,1.0D0,1.0D0,1.0D0,     0000011P    284
1.0D0,1.0D0,1.0D0,1.0D0,1.0D0,1.0D0,1.0D0,1.0D0,1.0D0,1.0D0,     0000011P    285
1.0D0,1.0D0,1.0D0,1.0D0,1.0D0,1.0D0,1.0D0,1.0D0,1.0D0,1.0D0,     0000011P    286
1.0D0,1.0D0,1.0D0,1.0D0,1.0D0,1.0D0,1.0D0,1.0D0,1.0D0,1.0D0,     0000011P    287
1.0D0,1.0D0,1.0D0,1.0D0,1.0D0,1.0D0,1.0D0,1.0D0,1.0D0,1.0D0,     0000011P    288
1.0D0,1.0D0,1.0D0,1.0D0,1.0D0,1.0D0,1.0D0,1.0D0,1.0D0,1.0D0,     0000011P    289
1.0D0,1.0D0,1.0D0,1.0D0,1.0D0,1.0D0,1.0D0,1.0D0,1.0D0,1.0D0,     0000011P    290
1.0D0,1.0D0,1.0D0,1.0D0,1.0D0,1.0D0,1.0D0,1.0D0,1.0D0,1.0D0,     0000011P    291
1.0D0,1.0D0,1.0D0,1.0D0,1.0D0,1.0D0,1.0D0,1.0D0,1.0D0,1.0D0,     0000011P    292
1.0D0,1.0D0,1.0D0,1.0D0,1.0D0,1.0D0,1.0D0,1.0D0,1.0D0,1.0D0,     0000011P    293
1.0D0,1.0D0,1.0D0,1.0D0,1.0D0,1.0D0,1.0D0,1.0D0,1.0D0,1.0D0,     0000011P    294
1.0D0,1.0D0,1.0D0,1.0D0,1.0D0,1.0D0,1.0D0,1.0D0,1.0D0,1.0D0,     0000011P    295
1.0D0,1.0D0,1.0D0,1.0D0,1.0D0,1.0D0,1.0D0,1.0D0,1.0D0,1.0D0,     0000011P    296
1.0D0,1.0D0,1.0D0,1.0D0,1.0D0,1.0D0,1.0D0,1.0D0,1.0D0,1.0D0,     0000011P    297
1.0D0,1.0D0,1.0D0,1.0D0,1.0D0,1.0D0,1.0D0,1.0D0,1.0D0,1.0D0,     0000011P    298
1.0D0,1.0D0,1.0D0,1.0D0,1.0D0,1.0D0,1.0D0,1.0D0,1.0D0,1.0D0,     0000011P    299
1.0D0,1.0D0,1.0D0,1.0D0,1.0D0,1.0D0,1.0D0,1.0D0,1.0D0,1.0D0,     0000011P    300
1.0D0,1.0D0,1.0D0,1.0D0,1.0D0,1.0D0,1.0D0,1.0D0,1.0D0,1.0D0,     0000011P    301
1.0D0,1.0D0,1.0D0,1.0D0,1.0D0,1.0D0,1.0D0,1.0D0,1.0D0,1.0D0,     0000011P    302
1.0D0,1.0D0,1.0D0,1.0D0,1.0D0,1.0D0,1.0D0,1.0D0,1.0D0,1.0D0,     0000011P    303
1.0D0,1.0D0,1.0D0,1.0D0,1.0D0,1.0D0,1.0D0,1.0D0,1.0D0,1.0D0,     0000011P    304
1.0D0,1.0D0,1.0D0,1.0D0,1.0D0,1.0D0,1.0D0,1.0D0,1.0D0,1.0D0,     0000011P    305
1.0D0,1.0D0,1.0D0,1.0D0,1.0D0,1.0D0,1.0D0,1.0D0,1.0D0,1.0D0,     0000011P    306
1.0D0,1.0D0,1.0D0,1.0D0,1.0D0,1.0D0,1.0D0,1.0D0,1.0D0,1.0D0,     0000011P    307
1.0D0,1.0D0,1.0D0,1.0D0,1.0D0,1.0D0,1.0D0,1.0D0,1.0D0,1.0D0,     0000011P    308
1.0D0,1.0D0,1.0D0,1.0D0,1.0D0,1.0D0,1.0D0,1.0D0,1.0D0,1.0D0,     0000011P    309
1.0D0,1.0D0,1.0D0,1.0D0,1.0D0,1.0D0,1.0D0,1.0D0,1.0D0,1.0D0,     0000011P    310
1.0D0,1.0D0,1.0D0,1.0D0,1.0D0,1.0D0,1.0D0,1.0D0,1.0D0,1.0D0,     0000011P    311
1.0D0,1.0D0,1.0D0,1.0D0,1.0D0,1.0D0,1.0D0,1.0D0,1.0D0,1.0D0,     0000011P    312
1.0D0,1.0D0,1.0D0,1.0D0,1.0D0,1.0D0,1.0D0,1.0D0,1.0D0,1.0D0,     0000011P    313
1.0D0,1.0D0,1.0D0,1.0D0,1.0D0,1.0D0,1.0D0,1.0D0,1.0D0,1.0D0,     0000011P    314
1.0D0,1.0D0,1.0D0,1.0D0,1.0D0,1.0D0,1.0D0,1.0D0,1.0D0,1.0D0,     0000011P    315
1.0D0,1.0D0,1.0D0,1.0D0,1.0D0,1.0D0,1.0D0,1.0D0,1.0D0,1.0D0,     0000011P    316
1.0D0,1.0D0,1.0D0,1.0D0,1.0D0,1.0D0,1.0D0,1.0D0,1.0D0,1.0D0,     0000011P    317
1.0D0,1.0D0,1.0D0,1.0D0,1.0D0,1.0D0,1.0D0,1.0D0,1.0D0,1.0D0,     0000011P    318
1.0D0,1.0D0,1.0D0,1.0D0,1.0D0,1.0D0,1.0D0,1.0D0,1.0D0,1.0D0,     0000011P    319
1.0D0,1.0D0,1.0D0,1.0D0,1.0D0,1.0D0,1.0D0,1.0D0,1.0D0,1.0D0,     0000011P    320
1.0D0,1.0D0,1.0D0,1.0D0,1.0D0,1.0D0,1.0D0,1.0D0,1.0D0,1.0D0,     0000011P    321
1.0D0,1.0D0,1.0D0,1.0D0,1.0D0,1.0D0,1.0D0,1.0D0,1.0D0,1.0D0,     0000011P    322
1.0D0,1.0D0,1.0D0,1.0D0,1.0D0,1.0D0,1.0D0,1.0D0,1.0D0,1.0D0,     0000011P    323
1.0D0,1.0D0,1.0D0,1.0D0,1.0D0,1.0D0,1.0D0,1.0D0,1.0D0,1.0D0,     0000011P    324
1.0D0,1.0D0,1.0D0,1.0D0,1.0D0,1.0D0,1.0D0,1.0D0,1.0D0,1.0D0,     0000011P    325
1.0D0,1.0D0,1.0D0,1.0D0,1.0D0,1.0D0,1.0D0,1.0D0,1.0D0,1.0D0,     0000011P    326
1.0D0,1.0D0,1.0D0,1.0D0,1.0D0,1.0D0,1.0D0,1.0D0,1.0D0,1.0D0,     0000011P    327
1.0D0,1.0D0,1.0D0,1.0D0,1.0D0,1.0D0,1.0D0,1.0D0,1.0D0,1.0D0,     0000011P    328
1.0D0,1.0D0,1.0D0,1.0D0,1.0D0,1.0D0,1.0D0,1.0D0,1.0D0,1.0D0,     0000011P    329
1.0D0,1.0D0,1.0D0,1.0D0,1.0D0,1.0D0,1.0D0,1.0D0,1.0D0,1.0D0,     0000011P    330
1.0D0,1.0D0,1.0D0,1.0D0,1.0D0,1.0D0,1.0D0,1.0D0,1.0D0,1.0D0,     0000011P    331
1.0D0,1.0D0,1.0D0,1.0D0,1.0D0,1.0D0,1.0D0,1.0D0,1.0D0,1.0D0,     0000011P    332
1.0D0,1.0D0,1.0D0,1.0D0,1.0D0,1.0D0,1.0D0,1.0D0,1.0D0,1.0D0,     0000011P    333
1.0D0,1.0D0,1.0D0,1.0D0,1.0D0,1.0D0,1.0D0,1.0D0,1.0D0,1.0D0,     0000011P    334
1.0D0,1.0D0,1.0D0,1.0D0,1.0D0,1.0D0,1.0D0,1.0D0,1.0D0,1.0D0,     0000011P    335
1.0D0,1.0D0,1.0D0,1.0D0,1.0D0,1.0D0,1.0D0,1.0D0,1.0D0,1.0D0,     0000011P    336
1.0D0,1.0D0,1.0D0,1.0D0,1.0D0,1.0D0,1.0D0,1.0D0,1.0D0,1.0D0,     0000011P    337
1.0D0,1.0D0,1.0D0,1.0D0,1.0D0,1.0D0,1.0D0,1.0D0,1.0D0,1.0D0,     0000011P    338
1.0D0,1.0D0,1.0D0,1.0D0,1.0D0,1.0D0,1.0D0,1.0D0,1.0D0,1.0D0,     0000011P    339
1.0D0,1.0D0,1.0D0,1.0D0,1.0D0,1.0D0,1.0D0,1.0D0,1.0D0,1.0D0,     0000011P    340
1.0D0,1.0D0,1.0D0,1.0D0,1.0D0,1.0D0,1.0D0,1.0D0,1.0D0,1.0D0,     0000011P    341
1.0D0,1.0D0,1.0D0,1.0D0,1.0D0,1.0D0,1.0D0,1.0D0,1.0D0,1.0D0,     0000011P    342
1.0D0,1.0D0,1.0D0,1.0D0,1.0D0,1.0D0,1.0D0,1.0D0,1.0D0,1.0D0,     0000011P    343
1.0D0,1.0D0,1.0D0,1.0D0,1.0D0,1.0D0,1.0D0,1.0D0,1.0D0,1.0D0,     0000011P    344
1.0D0,1.0D0,1.0D0,1.0D0,1.0D0,1.0D0,1.0D0,1.0D0,1.0D0,1.0D0,     0000011P    345
1.0D0,1.0D0,1.0D0,1.0D0,1.0D0,1.0D0,1.0D0,1.0D0,1.0D0,1.0D0,     0000011P    346
1.0D0,1.0D0,1.0D0,1.0D0,1.0D0,1.0D0,1.0D0,1.0D0,1.0D0,1.0D0,     0000011P    347
1.0D0,1.0D0,1.0D0,1.0D0,1.0D0,1.0D0,1.0D0,1.0D0,1.0D0,1.0D0,     0000011P    348
1.0D0,1.0D0,1.0D0,1.0D0,1.0D0,1.0D0,1.0D0,1.0D0,1.0D0,1.0D0,     0000011P    349
1.0D0,1.0D0,1.0D0,1.0D0,1.0D0,1.0D0,1.0D0,1.0D0,1.0D0,1.0D0,     0000011P    350
1.0D0,1.0D0,1.0D0,1.0D0,1.0D0,1.0D0,1.0D0,1.0D0,1.0D0,1.0D0,     0000011P    351
1.0D0,1.0D0,1.0D0,1.0D0,1.0D0,1.0D0,1.0D0,1.0D0,1.0D0,1.0D0,     0000011P    352
1.0D0,1.0D0,1.0D0,1.0D0,1.0D0,1.0D0,1.0D0,1.0D0,1.0D0,1.0D0,     0000011P    353
1.0D0,1.0D0,1.0D0,1.0D0,1.0D0,1.0D0,1.0D0,1.0D0,1.0D0,1.0D0,     0000011P    354
1.0D0,1.0D0,1.0D0,1.0D0,1.0D0,1.0D0,1.0D0,1.0D0,1.0D0,1.0D0,     0000011P    355
1.0D0,1.0D0,1.0D0,1.0D0,1.0D0,1.0D0,1.0D0,1.0D0,1.0D0,1.0D0,     0000011P    356
1.0D0,1.0D0,1.0D0,1.0D0,1.0D0,1.0D0,1.0D0,1.0D0,1.0D0,1.0D0,     0000011P    357
1.0D0,1.0D0,1.0D0,1.0D0,1.0D0,1.0D0,1.0D0,1.0D0,1.0D0,1.0D0,     0000011P    358
1.0D0,1.0D0,1.0D0,1.0D0,1.0D0,1.0D0,1.0D0,1.0D0,1.0D0,1.0D0,     0000011P    359
1.0D0,1.0D0,1.0D0,1.0D0,1.0D0,1.0D0,1.0D0,1.0D0,1.0D0,1.0D0,     0000011P    360
1.0D0,1.0D0,1.0D0,1.0D0,1.0D0,1.0D0,1.0D0,1.0D0,1.0D0,1.0D0,     0000011P    361
1.0D0,1.0D0,1.0D0,1.0D0,1.0D0,1.0D0,1.0D0,1.0D0,1.0D0,1.0D0,     0000011P    362
1.0D0,1.0D0,1.0D0,1.0D0,1.0D0,1.0D0,1.0D0,1.0D0,1.0D0,1.0D0,     0000011P    363
1.0D0,1.0D0,1.0D0,1.0D0,1.0D0,1.0D0,1.0D0,1.0D0,1.0D0,1.0D0,     0000011P    364
1.0D0,1.0D0,1.0D0,1.0D0,1.0D0,1.0D0,1.0D0,1.0D0,1.0D0,1.0D0,     0000011P    365
1.0D0,1.0D0,1.0D0,1.0D0,1.0D0,1.0D0,1.0D0,1.0D0,1.0D0,1.0D0,     0000011P    366
1.0D0,1.0D0,1.0D0,1.0D0,1.0D0,1.0D0,1.0D0,1.0D0,1.0D0,1.0D0,     0000011P    367
1.0D0,1.0D0,1.0D0,1.0D0,1.0D0,1.0D0,1.0D0,1.0D0,1.0D0,1.0D0,     0000011P    368
1.0D0,1.0D0,1.0D0,1.0D0,1.0D0,1.0D0,1.0D0,1.0D0,1.0D0,1.0D0,     0000011P    369
1.0D0,1.0D0,1.0D0,1.0D0,1.0D0,1.0D0,1.0D0,1.0D0,1.0D0,1.0D0,     0000011P    370
1.0D0,1.0D0,1.0D0,1.0D0,1.0D0,1.0D0,1.0D0,1.0D0,1.0D0,1.0D0,     0000011P    371
1.0D0,1.0D0,1.0D0,1.0D0,1.0D0,1.0D0,1.0D0,1.0D0,1.0D0,1.0D0,     0000011P    372
1.0D0,1.0D0,1.0D0,1.0D0,1.0D0,1.0D0,1.0D0,1.0D0,1.0D0,1.0D0,     0000011P    373
1.0D0,1.0D0,1.0D0,1.0D0,1.0D0,1.0D0,1.0D0,1.0D0,1.0D0,1.0D0,     0000011P    374
1.0D0,1.0D0,1.0D0,1.0D0,1.0D0,1.0D0,1.0D0,1.0D0,1.0D0,1.0D0,     0000011P    375
1.0D0,1.0D0,1.0D0,1.0D0,1.0D0,1.0D0,1.0D0,1.0D0,1.0D0,1.0D0,     0000011P    376
1.0D0,1.0D0,1.0D0,1.0D0,1.0D0,1.0D0,1.0D0,1.0D0,1.0D0,1.0D0,     0000011P    377
1.0D0,1.0D0,1.0D0,1.0D0,1.0D0,1.0D0,1.0D0,1.0D0,1.0D0,1.0D0,     0000011P    378
1.0D0,1.0D0,1.0D0,1.0D0,1.0D0,1.0D0,1.0D0,1.0D0,1.0D0,1.0D0,     0000011P    379
1.0D0,1.0D0,1.0D0,1.0D0,1.0D0,1.0D0,1.0D0,1.0D0,1.0D0,1.0D0,     0000011P    380
1.0D0,1.0D0,1.0D0,1.0D0,1.0D0,1.0D0,1.0D0,1.0D0,1.0D0,1.0D0,     0000011P    381
1.0D0,1.0D0,1.0D0,1.0D0,1.0D0,1.0D0,1.0D0,1.0D0,1.0D0,1.0D0,     0000011P    382
1.0D0,1.0D0,1.0D0,1.0D0,1.0D0,1.0D0,1.0D0,1.0D0,1.0D0,1.0D0,     0000011P    383
1.0D0,1.0D0,1.0D0,1.0D0,1.0D0,1.0D0,1.0D0,1.0D0,1.0D0,1.0D0,     0000011P    384
1.0D0,1.0D0,1.0D0,1.0D0,1.0D0,1.0D0,1.0D0,1.0D0,1.0D0,1.0D0,     0000011P    385
1.0D0,1.0D0,1.0D0,1.0D0,1.0D0,1.0D0,1.0D0,1.0D0,1.0D0,1.0D0,     0000011P    386
1.0D0,1.0D0,1.0D0,1.0D0,1.0D0,1.0D0,1.0D0,1.0D0,1.0D0,1.0D0,     0000011P    387
1.0D0,1.0D0,1.0D0,1.0D0,1.0D0,1.0D0,1.0D0,1.0D0,1.0D0,1.0D0,     0000011P    388
1.0D0,1.0D0,1.0D0,1.0D0,1.0D0,1.0D0,1.0D0,1.0D0,1.0D0,1.0D0,     0000011P    389
1.0D0,1.0D0,1.0D0,1.0D0,1.0D0,1.0D0,1.0D0,1.0D0,1.0D0,1.0D0,     0000011P    390
1.0D0,1.0D0,1.0D0,1.0D0,1.0D0,1.0D0,1.0D0,1.0D0,1.0D0,1.0D0,     0000011P    391
1.0D0,1.0D0,1.0D0,1.0D0,1.0D0,1.0D0,1.0D0,1.0D0,1.0D0,1.0D0,     0000011P    392
1.0D0,1.0D0,1.0D0,1.0D0,1.0D0,1.0D0,1.0D0,1.0D0,1.0D0,1.0D0,     0000011P    393
1.0D0,1.0D0,1.0D0,1.0D0,1.0D0,1.0D0,1.0D0,1.0D0,1.0D0,1.0D0,     0000011P    394
1.0D0,1.0D0,1.0D0,1.0D0,1.0D0,1.0D0,1.0D0,1.0D0,1.0D0,1.0D0,     0000011P    395
1.0D0,1.0D0,1.0D0,1.0D0,1.0D0,1.0D0,1.0D0,1.0D0,1.0D0,1.0D0,     0000011P    396
1.0D0,1.0D0,1.0D0,1.0D0,1.0D0,1.0D0,1.0D0,1.0D0,1.0D0,1.0D0,     0000011P    397
1.0D0,1.0D0,1.0D0,1.0D0,1.0D0,1.0D0,1.0D0,1.0D0,1.0D0,1.0D0,     0000011P    398
1.0D0,1.0D0,1.0D0,1.0D0,1.0D0,1.0D0,1.0D0,1.0D0,1.0D0,1.0D0,     0000011P    399
1.0D0,1.0D0,1.0D0,1.0D0,1.0D0,1.0D0,1.0D0,1.0D0,1.0D0,1.0D0,     0000011P    400
1.0D0,1.0D0,1.0D0,1.0D0,1.0D0,1.0D0,1.0D0,1.0D0,1.0D0,1.0D0,     0000011P    401
1.0D0,1.0D0,1.0D0,1.0D0,1.0D0,1.0D0,1.0D0,1.0D0,1.0D0,1.0D0,     0000011P    402
1.0D0,1.0D0,1.0D0,1.0D0,1.0D0,1.0D0,1.0D0,1.0D0,1.0D0,1.0D0,     0000011P    403
1.0D0,1.0D0,1.0D0,1.0D0,1.0D0,1.0D0,1.0D0,1.0D0,1.0D0,1.0D0,     0000011P    404
1.0D0,1.0D0,1.0D0,1.0D0,1.0D0,1.0D0,1.0D0,1.0D0,1.0D0,1.0D0,     0000011P    405
1.0D0,1.0D0,1.0D0,1.0D0,1.0D0,1.0D0,1.0D0,1.0D0,1.0D0,1.0D0,     0000011P    406
1.0D0,1.0D0,1.0D0,1.0D0,1.0D0,1.0D0,1.0D0,1.0D0,1.0D0,1.0D0,     0000011P    407
1.0D0,1.0D0,1.0D0,1.0D0,1.0D0,1.0D0,1.0D0,1.0D0,1.0D0,1.0D0,     0000011P    408
1.0D0,1.0D0,1.0D0,1.0D0,1.0D0,1.0D0,1.0D0,1.0D0,1.0D0,1.0D0,     0000011P    409
1.0D0,1.0D0,1.0D0,1.0D0,1.0D0,1.0D0,1.0D0,1.0D0,1.0D0,1.0D0,     0000011P    410
1.0D0,1.0D0,1.0D0,1.0D0,1.0D0,1.0D0,1.0D0,1.0D0,1.0D0,1.0D0,     0000011P    411
1.0D0,1.0D0,1.0D0,1.0D0,1.0D0,1.0D0,1.0D0,1.0D0,1.0D0,1.0D0,     0000011P    412
1.0D0,1.0D0,1.0D0,1.0D0,1.0D0,1.0D0,1.0D0,1.0D0,1.0D0,1.0D0,     0000011P    413
1.0D0,1.0D0,1.0D0,1.0D0,1.0D0,1.0D0,1.0D0,1.0D0,1.0D0,1.0D0,     0000011P    414
1.0D0,1.0D0,1.0D0,1.0D0,1.0D0,1.0D0,1.0D0,1.0D0,1.0D0,1.0D0,     0000011P    415
1.0D0,1.0D0,1.0D0,1.0D0,1.0D0,1.0D0,1.0D0,1.0D0,1.0D0,1.0D0,     0000011P    416
1.0D0,1.0D0,1.0D0,1.0D0,1.0D0,1.0D0,1.0D0,1.0D0,1.0D0,1.0D0,     0000011P    417
1.0D0,1.0D0,1.0D0,1.0D0,1.0D0,1.0D0,1.0D0,1.0D0,1.0D0,1.0D0,     0000011P    418
-199.9999999999999D0,-131.971078539485D0,269.2000000000001D0,    0000011P    419
-183.9624504539841D0,-134.3097686415213D0,269.1999999999999D0,   0000011P    420
-151.8972256076495D0,-139.026820903224D0,269.2D0,                0000011P    421
-103.8402750967851D0,-146.211266383225D0,269.1999999999999D0,    0000011P    422
-55.83045076277877D0,-153.4935819999432D0,269.1999999999999D0,   0000011P    423
-7.817072690663712D0,-160.9033734324183D0,269.1999999999999D0,   0000011P    424
40.13212775317501D0,-168.4670189291038D0,269.1999999999999D0,    0000011P    425
88.0864457190708D0,-176.1098475277691D0,269.2000000000001D0,     0000011P    426
136.0478963017343D0,-183.7288975161902D0,269.2D0,                0000011P    427
184.0949904999069D0,-191.2212342686595D0,269.2000000000001D0,    0000011P    428
232.1768548783884D0,-198.4544794473342D0,269.2000000000001D0,    0000011P    429
280.4159904738765D0,-205.337849467179D0,269.2D0,                 0000011P    430
328.7349141799935D0,-211.7571063127402D0,269.1999999999999D0,    0000011P    431
377.1942285899235D0,-217.6230803047255D0,269.2000000000001D0,    0000011P    432
425.7576246130931D0,-222.8363233430925D0,269.1999999999999D0,    0000011P    433
474.4006956055748D0,-227.3311534539159D0,269.2000000000001D0,    0000011P    434
523.1494722375318D0,-231.0919243129135D0,269.1999999999999D0,    0000011P    435
571.9295976277424D0,-234.0541769699512D0,269.2000000000001D0,    0000011P    436
620.7629450096636D0,-236.1218622222462D0,269.2D0,                0000011P    437
669.6231705395967D0,-237.2372133880832D0,269.2D0,                0000011P    438
718.5169276159222D0,-237.3859420102818D0,269.2D0,                0000011P    439
767.3964625836057D0,-236.5695952405402D0,269.2000000000001D0,    0000011P    440
816.2583147524086D0,-234.8296461586527D0,269.1999999999999D0,    0000011P    441
865.1053680298928D0,-232.2113179502347D0,269.2000000000001D0,    0000011P    442
913.8905983187713D0,-228.7855892247517D0,269.1999999999999D0,    0000011P    443
962.6601645727125D0,-224.611837234851D0,269.2000000000001D0,     0000011P    444
1011.31731922088D0,-219.7479523553653D0,269.2000000000001D0,     0000011P    445
1059.976192018191D0,-214.2355986496173D0,269.2000000000001D0,    0000011P    446
1108.466274576337D0,-208.1443973518649D0,269.2000000000001D0,    0000011P    447
1156.962861928877D0,-201.5029670883175D0,269.2000000000001D0,    0000011P    448
1205.289396874085D0,-194.3698670041701D0,269.2000000000001D0,    0000011P    449
1253.62366119764D0,-186.756866284559D0,269.2000000000001D0,      0000011P    450
1301.761693609974D0,-178.7336424539677D0,269.2000000000001D0,    0000011P    451
1349.915326707291D0,-170.303251816736D0,269.2000000000001D0,     0000011P    452
1397.910811003593D0,-161.5328536766664D0,269.2D0,                0000011P    453
1445.899262808441D0,-152.432391289884D0,269.2000000000001D0,     0000011P    454
1493.782044435695D0,-143.0553301251771D0,269.1999999999999D0,    0000011P    455
1541.666053396446D0,-133.4158023954986D0,269.2D0,                0000011P    456
1589.473411845479D0,-123.5577111018758D0,269.2000000000001D0,    0000011P    457
1637.275464234012D0,-113.4985849592444D0,269.2000000000001D0,    0000011P    458
1685.006745134684D0,-103.2462584546128D0,269.2D0,                0000011P    459
1732.749760790644D0,-92.76462223445765D0,269.2000000000002D0,    0000011P    460
1780.378358411349D0,-82.06486950621681D0,269.1999999999999D0,    0000011P    461
1827.935181671574D0,-71.118558976701D0,269.1999999999999D0,      0000011P    462
1875.226104102848D0,-59.98212608282901D0,269.1999999999999D0,    0000011P    463
1923.316489186411D0,-48.41152706812736D0,269.2000000000002D0,    0000011P    464
1968.431995973018D0,-37.28033731681591D0,269.1999999999999D0,    0000011P    465
2023.304028903274D0,-23.42410421329447D0,269.2D0,                0000011P    466
2085.66790736202D0,-7.091656892381969D0,269.1999999999999D0,     0000011P    467
2111.99078974368D0,-5.101676774203152D-14,269.1999999999999D0,   0000011P    468
-200.0D0,-131.7030483729331D0,267.7378037181478D0,               0000011P    469
-183.9624792164314D0,-134.0442884924875D0,267.7183671358387D0,   0000011P    470
-151.8972982006368D0,-138.7671454448711D0,267.6793005511079D0,   0000011P    471
-103.840294550647D0,-145.9622001368356D0,267.6182503398361D0,    0000011P    472
-55.8302837929465D0,-153.2567617458311D0,267.5525021252694D0,    0000011P    473
-7.817140820510556D0,-160.681001446032D0,267.4863266292541D0,    0000011P    474
40.13213666724953D0,-168.2622270549643D0,267.4254186487567D0,    0000011P    475
88.0864004293463D0,-175.9247557354329D0,267.3670464348766D0,     0000011P    476
136.0479885500237D0,-183.5643511859961D0,267.3059964163975D0,    0000011P    477
184.0948882235067D0,-191.0772954468465D0,267.243268898307D0,     0000011P    478
232.177089832971D0,-198.3307984296928D0,267.1814866670514D0,     0000011P    479
280.415971837417D0,-205.2331717062808D0,267.1224138580411D0,     0000011P    480
328.7350673991621D0,-211.6691608434324D0,267.0675128713108D0,    0000011P    481
377.1943065791512D0,-217.5489988456474D0,267.0189236824527D0,    0000011P    482
425.7576658960169D0,-222.7728633937806D0,266.9800870199204D0,    0000011P    483
474.4008480059854D0,-227.2751550701229D0,266.9501886162011D0,    0000011P    484
523.1493981904509D0,-231.0406975872054D0,266.9238990327059D0,    0000011P    485
571.9296060033021D0,-234.0055511452361D0,266.8998999863122D0,    0000011P    486
620.7629601629019D0,-236.0743083157759D0,266.8806420300826D0,    0000011P    487
669.623241978866D0,-237.1896737028648D0,266.8671170320428D0,     0000011P    488
718.5168623368796D0,-237.3376765336028D0,266.8592662597213D0,    0000011P    489
767.396412530952D0,-236.5200364702377D0,266.8572204581873D0,     0000011P    490
816.2583074711288D0,-234.7781120518636D0,266.861249570322D0,     0000011P    491
865.1052567294053D0,-232.1570342121525D0,266.8714522773556D0,    0000011P    492
913.8906209967727D0,-228.7276086396088D0,266.8875904918867D0,    0000011P    493
962.6599411687187D0,-224.5491037389537D0,266.9096243547218D0,    0000011P    494
1011.317412418174D0,-219.6793280747201D0,266.9383864852122D0,    0000011P    495
1059.975818736059D0,-214.1598780298283D0,266.9735025538994D0,    0000011P    496
1108.466434356707D0,-208.0600056370072D0,267.0097173114839D0,    0000011P    497
1156.962567791932D0,-201.4083252142274D0,267.0439339347227D0,    0000011P    498
1205.289559591572D0,-194.2641150333263D0,267.0810530765044D0,    0000011P    499
1253.623231338165D0,-186.6399999753653D0,267.1244789307833D0,    0000011P    500
1301.761878328169D0,-178.6059483068624D0,267.17234052953D0,      0000011P    501
1349.915028666912D0,-170.1656021306606D0,267.2230555372027D0,    0000011P    502
1397.910922992475D0,-161.3859325602359D0,267.2720705490183D0,    0000011P    503
1445.899093910832D0,-152.276914234322D0,267.31467139444D0,       0000011P    504
1493.782123732996D0,-142.8928099040383D0,267.3572784612321D0,    0000011P    505
1541.665886796354D0,-133.2489016646738D0,267.4074930396986D0,    0000011P    506
1589.473435145855D0,-123.3889840026164D0,267.4632565688897D0,    0000011P    507
1637.275408477046D0,-113.33063874805D0,267.5212125124502D0,      0000011P    508
1685.006933077837D0,-103.0806455080642D0,267.57888000972D0,      0000011P    509
1732.749348892947D0,-92.60147149772854D0,267.6329778369122D0,    0000011P    510
1780.378013893849D0,-81.90483666528407D0,267.685093874461D0,     0000011P    511
1827.935478237655D0,-70.96470963761755D0,267.7400333462481D0,    0000011P    512
1875.229411599881D0,-59.83495918459136D0,267.7971336182931D0,    0000011P    513
1923.310303004037D0,-48.26425943603039D0,267.8576827608134D0,    0000011P    514
1968.448324232732D0,-37.12710129534463D0,267.9194381931265D0,    0000011P    515
2023.23651076429D0,-23.30656593884422D0,267.9990848003791D0,     0000011P    516
2085.266877617808D0,-7.056115074507179D0,268.0003703500638D0,    0000011P    517
2111.476099090076D0,-5.07266644102522D-14,268.0116347092035D0,   0000011P    518
-199.9999999999996D0,-131.1694343488146D0,264.8342426139496D0,   0000011P    519
-183.9625368231712D0,-133.5133331920123D0,264.7628736918333D0,   0000011P    520
-151.8974435931793D0,-138.2435930858237D0,264.623167534105D0,    0000011P    521
-103.84033351373D0,-145.455512751592D0,264.4147173424684D0,      0000011P    522
-55.82994937816186D0,-152.7720945853891D0,264.1977892735717D0,   0000011P    523
-7.817277274071313D0,-160.2247951221978D0,263.9916603468544D0,   0000011P    524
40.13215452076459D0,-167.8431443053534D0,263.8227370081786D0,    0000011P    525
88.08630972102354D0,-175.5477931232254D0,263.6692962817032D0,    0000011P    526
136.048173309099D0,-183.2295644415061D0,263.4942958993998D0,     0000011P    527
184.0946833796706D0,-190.7837539695144D0,263.3095239056875D0,    0000011P    528
232.1775604107106D0,-198.0785935180124D0,263.1471443061797D0,    0000011P    529
280.4159345114675D0,-205.0198791455621D0,262.995022711734D0,     0000011P    530
328.7353742734924D0,-211.4879513851416D0,262.8091016354798D0,    0000011P    531
377.1944627795248D0,-217.392708910478D0,262.6135061084975D0,     0000011P    532
425.7577485793392D0,-222.637043986706D0,262.4905574427168D0,     0000011P    533
474.4011532404788D0,-227.1556725975881D0,262.4405569717956D0,    0000011P    534
523.1492498855755D0,-230.9317447504482D0,262.3932693012305D0,    0000011P    535
571.9296227782243D0,-233.9016239182679D0,262.3265589510064D0,    0000011P    536
620.7629905125211D0,-235.9717822236212D0,262.250901459903D0,     0000011P    537
669.6233850608173D0,-237.0863265167312D0,262.1806773728108D0,    0000011P    538
718.5167315930428D0,-237.2328810453778D0,262.1557646085057D0,    0000011P    539
767.3963122829316D0,-236.4136459950277D0,262.183327731046D0,     0000011P    540
816.25829288797D0,-234.6683970988794D0,262.2150028441612D0,      0000011P    541
865.1050338128139D0,-232.0415831465655D0,262.2328684010594D0,    0000011P    542
913.8906664170039D0,-228.6044946321005D0,262.2645864936497D0,    0000011P    543
962.6594937210135D0,-224.4165576034898D0,262.3236900865113D0,    0000011P    544
1011.317599078416D0,-219.5350743362352D0,262.407027375024D0,     0000011P    545
1059.975071124076D0,-214.001496021691D0,262.5132259048772D0,     0000011P    546
1108.466754373061D0,-207.8854164370643D0,262.6393343034903D0,    0000011P    547
1156.961978629408D0,-201.2158881120225D0,262.7801110672295D0,    0000011P    548
1205.289885475814D0,-194.0511391531718D0,262.9112015490745D0,    0000011P    549
1253.622370577759D0,-186.4037869377332D0,263.0157178341664D0,    0000011P    550
1301.762248379736D0,-178.3470394936372D0,263.1314206711208D0,    0000011P    551
1349.914431109191D0,-169.8878950691106D0,263.2893975556D0,       0000011P    552
1397.911146820677D0,-161.0907268288117D0,263.4446786612937D0,    0000011P    553
1445.898757767886D0,-151.9633576156145D0,263.5520395273228D0,    0000011P    554
1493.78228474088D0,-142.5630816464056D0,263.6500405670006D0,     0000011P    555
1541.665546048465D0,-132.909165080157D0,263.7845078765201D0,     0000011P    556
1589.473472330081D0,-123.0457183007D0,263.9520477189303D0,       0000011P    557
1637.275319567487D0,-112.9910641405436D0,264.1447817865159D0,    0000011P    558
1685.007348696419D0,-102.748645640148D0,264.3432695887787D0,     0000011P    559
1732.748452895532D0,-92.2759904125694D0,264.518124316168D0,      0000011P    560
1780.377169608953D0,-81.58611197242158D0,264.6768526801069D0,    0000011P    561
1827.936277141068D0,-70.65929736596793D0,264.8489945623555D0,    0000011P    562
1875.236639059392D0,-59.54385388460317D0,265.0280296605947D0,    0000011P    563
1923.29733181336D0,-47.97178951562899D0,265.1953642341922D0,     0000011P    564
1968.4788851047D0,-36.81983552855826D0,265.3504361648601D0,      0000011P    565
2023.102148781704D0,-23.06989290232218D0,265.5866581290208D0,    0000011P    566
2084.468830841243D0,-6.984481581210578D0,265.6064216009317D0,    0000011P    567
2110.452976461805D0,-5.014563224274624D-14,265.6494597312964D0,  0000011P    568
-200.0D0,-130.3328343064454D0,260.308156120649D0,                0000011P    569
-183.9626236843884D0,-132.692851289558D0,260.2254373826929D0,    0000011P    570
-151.8976628205331D0,-137.4549046135752D0,260.0493650207746D0,   0000011P    571
-103.8403922634646D0,-144.7134611207688D0,259.7533584077976D0,   0000011P    572
-55.82944513724559D0,-152.075896585138D0,259.4255793808183D0,    0000011P    573
-7.817483022953924D0,-159.5729688792173D0,259.0604678911731D0,   0000011P    574
40.1321814408438D0,-167.2332689639936D0,258.6492159343697D0,     0000011P    575
88.08617294821954D0,-174.9818689503342D0,258.2203102121213D0,    0000011P    576
136.0484518945255D0,-182.7168557892181D0,257.8130096655497D0,    0000011P    577
184.0943745098276D0,-190.3295817166128D0,257.4225802319052D0,    0000011P    578
232.1782699623242D0,-197.6807223943229D0,257.0215149005425D0,    0000011P    579
280.4158782302477D0,-204.6744123992436D0,256.6399564635046D0,    0000011P    580
328.7358369880643D0,-211.1931629053915D0,256.3500929829066D0,    0000011P    581
377.1946983032716D0,-217.1431197882367D0,256.1335476217776D0,    0000011P    582
425.7578732517894D0,-222.418386631013D0,255.899286656137D0,      0000011P    583
474.4016134824159D0,-226.9537348332809D0,255.640943973908D0,     0000011P    584
523.1490262669495D0,-230.7398089892575D0,255.4168324361251D0,    0000011P    585
571.9296480721001D0,-233.716393539845D0,255.2538387200593D0,     0000011P    586
620.7630362745135D0,-235.7909192211711D0,255.1740769226969D0,    0000011P    587
669.6236008036848D0,-236.9077435660246D0,255.1635378923317D0,    0000011P    588
718.516534453669D0,-237.0522486954903D0,255.1325173297735D0,     0000011P    589
767.3961611275447D0,-236.2266657742005D0,255.0659650854355D0,    0000011P    590
816.2582708983184D0,-234.4747118305076D0,255.072257098731D0,     0000011P    591
865.1046976861497D0,-231.8419915989211D0,255.1869077196506D0,    0000011P    592
913.8907349047321D0,-228.3961294117292D0,255.3293015096125D0,    0000011P    593
962.6588190680297D0,-224.1947792369179D0,255.4617129845141D0,    0000011P    594
1011.317880527925D0,-219.2963449620545D0,255.6144644717608D0,    0000011P    595
1059.973943770659D0,-213.7423375522035D0,255.7954624987218D0,    0000011P    596
1108.46723689826D0,-207.5982552029513D0,255.9558415715649D0,     0000011P    597
1156.96109056121D0,-200.8921006563473D0,256.0765722537218D0,     0000011P    598
1205.290376931147D0,-193.692564742518D0,256.2724734995589D0,     0000011P    599
1253.621071679175D0,-186.0203926753891D0,256.6207750285374D0,    0000011P    600
1301.762805853487D0,-177.9381508345876D0,256.9770766858367D0,    0000011P    601
1349.913533614315D0,-169.4451199422237D0,257.2215689714108D0,    0000011P    602
1397.911486937345D0,-160.6174150335494D0,257.4632017652944D0,    0000011P    603
1445.898238979225D0,-151.4753100823492D0,257.8101660119593D0,    0000011P    604
1493.782515264927D0,-142.0687383663332D0,258.1945736039695D0,    0000011P    605
1541.665071863619D0,-132.4088539485665D0,258.5343310016152D0,    0000011P    606
1589.47358149203D0,-122.5391046013469D0,258.831652327875D0,      0000011P    607
1637.275058056509D0,-112.4783501716272D0,259.096906634534D0,     0000011P    608
1685.007755912048D0,-102.2321886997978D0,259.354396815874D0,     0000011P    609
1732.747499580086D0,-91.76197857059805D0,259.6373043915296D0,    0000011P    610
1780.37676032633D0,-81.08234549087722D0,259.954649354558D0,      0000011P    611
1827.936334362697D0,-70.17732923147017D0,260.3112775550136D0,    0000011P    612
1875.24416034367D0,-59.08630663891326D0,260.6913261417122D0,     0000011P    613
1923.281027722528D0,-47.51912931584104D0,261.0959830495715D0,    0000011P    614
1968.536959417852D0,-36.35430229636295D0,261.49614822691D0,      0000011P    615
2022.894702544489D0,-22.71484739307567D0,261.9617468807957D0,    0000011P    616
2083.236654817348D0,-6.877173147084833D0,261.939464711382D0,     0000011P    617
2108.867038076117D0,-4.926953404014545D-14,261.9882702677378D0,  0000011P    618
-199.9999999999998D0,-129.2682988290702D0,254.5991831791916D0,   0000011P    619
-183.9627379145113D0,-131.6262467212254D0,254.375820573587D0,    0000011P    620
-151.8979511237428D0,-136.3901906299693D0,253.9364861460081D0,   0000011P    621
-103.8404695245227D0,-143.6701584585275D0,253.2934764896008D0,   0000011P    622
-55.82878201619093D0,-151.0732368490918D0,252.6596100382226D0,   0000011P    623
-7.81775360079068D0,-158.6283968776979D0,252.041275082902D0,     0000011P    624
40.13221684311122D0,-166.3634694339862D0,251.4505046730791D0,    0000011P    625
88.08599307997984D0,-174.1948219865771D0,250.8626043103786D0,    0000011P    626
136.0488182588085D0,-182.0095182927623D0,250.2342534394016D0,    0000011P    627
184.093968318875D0,-189.6982645756331D0,249.5954437874788D0,     0000011P    628
232.1792030849653D0,-197.1264811690206D0,249.0090930080803D0,    0000011P    629
280.4158042155109D0,-204.1926796168571D0,248.4589071819104D0,    0000011P    630
328.7364454983257D0,-210.7677782663871D0,247.8713650545278D0,    0000011P    631
377.1950080376462D0,-216.7586090876322D0,247.2908480255767D0,    0000011P    632
425.7580372070255D0,-222.0694434138081D0,246.8612797824857D0,    0000011P    633
474.4022187410296D0,-226.6358923356279D0,246.5853580336934D0,    0000011P    634
523.1487321887609D0,-230.4416036882051D0,246.3426570425741D0,    0000011P    635
571.9296813354786D0,-233.4260331082034D0,246.1012232734099D0,    0000011P    636
620.7630964557643D0,-235.5015534835636D0,245.898807196849D0,     0000011P    637
669.6238845255706D0,-236.6157746908868D0,245.7561389812978D0,    0000011P    638
718.5162751975146D0,-236.7575244205183D0,245.6985152249384D0,    0000011P    639
767.3959623410794D0,-235.9298113200428D0,245.7270861013335D0,    0000011P    640
816.25824198166D0,-234.1717359506906D0,245.7933142654015D0,      0000011P    641
865.1042556642922D0,-231.5274549647602D0,245.8848840394017D0,    0000011P    642
913.8908249681758D0,-228.0686182252023D0,246.0600923776768D0,    0000011P    643
962.6579317884178D0,-223.8540503239499D0,246.3355297736433D0,    0000011P    644
1011.318250664611D0,-218.9365296854185D0,246.6340806696343D0,    0000011P    645
1059.972461388717D0,-213.3554462765978D0,246.919577097381D0,     0000011P    646
1108.4678714735D0,-207.183421677695D0,247.2642178457219D0,       0000011P    647
1156.959922007166D0,-200.4524830516839D0,247.7030254085122D0,    0000011P    648
1205.29102306051D0,-193.2195052506856D0,248.1333003965059D0,     0000011P    649
1253.619365858267D0,-185.4985925077808D0,248.4841093721465D0,    0000011P    650
1301.763540135792D0,-177.3687841382527D0,248.8554778033753D0,    0000011P    651
1349.912345216108D0,-168.8443934086199D0,249.3305760760891D0,    0000011P    652
1397.911928179575D0,-159.9912925967449D0,249.8519386003638D0,    0000011P    653
1445.897584244808D0,-150.82059246872D0,250.3639055790256D0,      0000011P    654
1493.782846649066D0,-141.3870943061594D0,250.8608387537281D0,    0000011P    655
1541.664357005315D0,-131.7085112821401D0,251.3357889179367D0,    0000011P    656
1589.473602702627D0,-121.8320991880859D0,251.8206721457256D0,    0000011P    657
1637.275007834088D0,-111.7825926347244D0,252.3603414864517D0,    0000011P    658
1685.008797159842D0,-101.558573865106D0,252.9389949175173D0,     0000011P    659
1732.745329462434D0,-91.11053379644238D0,253.5227982968044D0,    0000011P    660
1780.374231706889D0,-80.45186611841488D0,254.0988564354956D0,    0000011P    661
1827.939053575225D0,-69.57200236801377D0,254.6609466665237D0,    0000011P    662
1875.261832057874D0,-58.50231008088991D0,255.2053473266261D0,    0000011P    663
1923.252087508925D0,-46.9314313370119D0,255.7856823684881D0,     0000011P    664
1968.585694851494D0,-35.74356148383647D0,256.4002184084671D0,    0000011P    665
2022.633071060831D0,-22.24707666824283D0,257.2261436157535D0,    0000011P    666
2081.682730052576D0,-6.73554287195636D0,257.2713020673501D0,     0000011P    667
2106.881034947568D0,-4.811738801992794D-14,257.404306019665D0,   0000011P    668
-199.9999999999999D0,-128.1569190150296D0,248.6915406561934D0,   0000011P    669
-183.9628534471126D0,-130.5332640777444D0,248.4454832250898D0,   0000011P    670
-151.8982427142524D0,-135.3333511195641D0,247.9413055941538D0,   0000011P    671
-103.8405476665286D0,-142.664197609432D0,247.1399677226544D0,    0000011P    672
-55.82811133407601D0,-150.1130241980653D0,246.2831703468895D0,   0000011P    673
-7.818027263818441D0,-157.7128469931805D0,245.3823045848617D0,   0000011P    674
40.13225264904294D0,-165.4967005438309D0,244.451580072003D0,     0000011P    675
88.08581116084048D0,-173.3834065833401D0,243.5094301830087D0,    0000011P    676
136.0491888004624D0,-181.263658621865D0,242.5701256679349D0,     0000011P    677
184.0935574964409D0,-189.0241160256073D0,241.6600090415478D0,    0000011P    678
232.1801468472854D0,-196.5241675715759D0,240.8101670296248D0,    0000011P    679
280.4157293568349D0,-203.6587430845082D0,240.0361085835802D0,    0000011P    680
328.7370609469699D0,-210.2973128849872D0,239.3523842831606D0,    0000011P    681
377.1953213037066D0,-216.341569064846D0,238.740284079334D0,      0000011P    682
425.7582030316922D0,-221.6862674421371D0,238.1377620123824D0,    0000011P    683
474.4028309008603D0,-226.2686951727962D0,237.5646319095814D0,    0000011P    684
523.1484347575001D0,-230.085035865254D0,237.1281968270467D0,     0000011P    685
571.9297149784413D0,-233.0784949586476D0,236.835173801015D0,     0000011P    686
620.7631573229871D0,-235.1567567123993D0,236.58135593472D0,      0000011P    687
669.6241714813721D0,-236.267703619018D0,236.3566200583424D0,     0000011P    688
718.5160129859063D0,-236.405595235146D0,236.2661345996021D0,     0000011P    689
767.3957612921839D0,-235.5753140965498D0,236.3346161496071D0,    0000011P    690
816.2582127334898D0,-233.8136603021251D0,236.4829614287995D0,    0000011P    691
865.10380858707D0,-231.1628562644783D0,236.6675176246773D0,      0000011P    692
913.8909160627838D0,-227.6906100264062D0,236.8677037479368D0,    0000011P    693
962.6570344476714D0,-223.4547967272295D0,237.0851962755839D0,    0000011P    694
1011.318625015334D0,-218.5155890645274D0,237.4132871890802D0,    0000011P    695
1059.970961902778D0,-212.9153978465407D0,237.8906870366793D0,    0000011P    696
1108.468513271083D0,-206.7153796683626D0,238.3883547793744D0,    0000011P    697
1156.958740848246D0,-199.9425290335651D0,238.835855446674D0,     0000011P    698
1205.291676748794D0,-192.670365512203D0,239.3659104918319D0,     0000011P    699
1253.617638056644D0,-184.9256241504831D0,240.0656955001575D0,    0000011P    700
1301.764281543579D0,-176.7729287101156D0,240.7989607791615D0,    0000011P    701
1349.911152024243D0,-168.2159483953573D0,241.4522932975522D0,    0000011P    702
1397.912380972764D0,-159.328971992376D0,242.0899231467374D0,     0000011P    703
1445.896892345805D0,-150.1322078365972D0,242.7743116642123D0,    0000011P    704
1493.783151349979D0,-140.6822960212564D0,243.4927164826772D0,    0000011P    705
1541.663732492748D0,-131.0000380343877D0,244.228667718757D0,     0000011P    706
1589.473756198625D0,-121.1271270695083D0,244.9653795503943D0,    0000011P    707
1637.274640075357D0,-111.0815006057238D0,245.681638055017D0,     0000011P    708
1685.009304475567D0,-100.8613364928388D0,246.3883298997604D0,    0000011P    709
1732.744123655963D0,-90.41865112272213D0,247.1051396638678D0,    0000011P    710
1780.373822379708D0,-79.77141613411594D0,247.8440733900675D0,    0000011P    711
1827.93895028468D0,-68.9202683719739D0,248.6229150461384D0,      0000011P    712
1875.271308055118D0,-57.88496582878013D0,249.4299237438172D0,    0000011P    713
1923.230910541146D0,-46.32057908479296D0,250.3139643831105D0,    0000011P    714
1968.664813762959D0,-35.11429872260291D0,251.2348474924062D0,    0000011P    715
2022.356391917558D0,-21.76789605158437D0,252.3681185590563D0,    0000011P    716
2080.039322191443D0,-6.590243529115235D0,252.3716404258904D0,    0000011P    717
2104.76484456033D0,-4.695210496397724D-14,252.5208527078386D0,   0000011P    718
-199.9999999999998D0,-127.0402565320341D0,242.8147157329774D0,   0000011P    719
-183.9629682976623D0,-129.418339773158D0,242.4508066075231D0,    0000011P    720
-151.8985325833439D0,-134.2266252100759D0,241.7239674207084D0,   0000011P    721
-103.8406253472203D0,-141.5871703245594D0,240.6455656823841D0,   0000011P    722
-55.82744461136333D0,-149.0870941008895D0,239.5908941933159D0,   0000011P    723
-7.818299311264306D0,-156.7499567948096D0,238.5160828997725D0,   0000011P    724
40.13228824359309D0,-164.5976010303991D0,237.3651907635505D0,    0000011P    725
88.08563031566925D0,-172.5502324858892D0,236.1898910101118D0,    0000011P    726
136.0495571546068D0,-180.5042283438672D0,235.0697981450352D0,    0000011P    727
184.0931490993149D0,-188.3386766887199D0,233.9769744647672D0,    0000011P    728
232.1810850380637D0,-195.9001399277565D0,232.8262866194974D0,    0000011P    729
280.4156549400952D0,-203.0842524182688D0,231.6784300575739D0,    0000011P    730
328.7376727622785D0,-209.7691991691208D0,230.6784269411461D0,    0000011P    731
377.1956327203665D0,-215.856628943351D0,229.8492529313739D0,     0000011P    732
425.7583678774273D0,-221.2369263676362D0,229.14299742423D0,      0000011P    733
474.4034394468488D0,-225.8449535551028D0,228.5335067051911D0,    0000011P    734
523.1481390820721D0,-229.6731629108828D0,227.9816673806378D0,    0000011P    735
571.9297484225276D0,-232.667447868902D0,227.5010932607784D0,     0000011P    736
620.7632178310735D0,-234.747163286714D0,227.1893937911643D0,     0000011P    737
669.6244567441032D0,-235.8628133766954D0,227.0549434920771D0,    0000011P    738
718.5157523217117D0,-235.9995653383627D0,226.9803281173078D0,    0000011P    739
767.3955614265718D0,-235.1602219829123D0,226.9339391374575D0,    0000011P    740
816.2581836595427D0,-233.3883106712545D0,227.0021551590995D0,    0000011P    741
865.10336416245D0,-230.7292743072702D0,227.2209003776299D0,      0000011P    742
913.8910066159426D0,-227.2510320641448D0,227.572422214296D0,     0000011P    743
962.6561423561109D0,-223.0100995572548D0,228.0339679033324D0,    0000011P    744
1011.318997161552D0,-218.0570067518444D0,228.5263632824432D0,    0000011P    745
1059.969471443485D0,-212.4302995433788D0,229.0152419820425D0,    0000011P    746
1108.46915129123D0,-206.204896831739D0,229.6173726575389D0,      0000011P    747
1156.957566040082D0,-199.41546948085D0,230.3905641735647D0,      0000011P    748
1205.292326412228D0,-192.1166561113407D0,231.1584745030598D0,    0000011P    749
1253.615922644528D0,-184.3238429102196D0,231.8000659989357D0,    0000011P    750
1301.765019653273D0,-176.1250999044701D0,232.4977750646995D0,    0000011P    751
1349.909958300397D0,-167.5449743720435D0,233.4029195078892D0,    0000011P    752
1397.912825452141D0,-158.644501803126D0,234.3838099120439D0,     0000011P    753
1445.896230226203D0,-149.4319077370637D0,235.3114747434166D0,    0000011P    754
1493.783480606592D0,-139.9668538434935D0,236.2110113518441D0,    0000011P    755
1541.663026450851D0,-130.2748088120101D0,237.1147616696853D0,    0000011P    756
1589.473794548649D0,-120.4003375573984D0,238.0336500369947D0,    0000011P    757
1637.274548714395D0,-110.3659990253296D0,238.9790587020832D0,    0000011P    758
1685.0102810088D0,-100.1651624447084D0,239.9431558324337D0,      0000011P    759
1732.742069269375D0,-89.74230009051806D0,240.9087466848144D0,    0000011P    760
1780.371556981596D0,-79.11614651091362D0,241.8819175827386D0,    0000011P    761
1827.941316366707D0,-68.29522332324862D0,242.8874031072548D0,    0000011P    762
1875.287993107767D0,-57.28936564294678D0,243.9101891695406D0,    0000011P    763
1923.202856593225D0,-45.72640031698037D0,245.0076408541372D0,    0000011P    764
1968.717659559274D0,-34.49810733750251D0,246.1484675899682D0,    0000011P    765
2022.091783956486D0,-21.29636681019888D0,247.6195484233288D0,    0000011P    766
2078.467704916733D0,-6.447529281223912D0,247.6652035500111D0,    0000011P    767
2102.75418939019D0,-4.579370120905719D-14,247.8820238044989D0,   0000011P    768
-199.9999999999999D0,-125.9157004312417D0,236.9557905778884D0,   0000011P    769
-183.9630836242116D0,-128.3077040187455D0,236.5515093780307D0,   0000011P    770
-151.8988236538034D0,-133.1438683555844D0,235.7294242969911D0,   0000011P    771
-103.8407033498604D0,-140.5438915561169D0,234.4498357750863D0,   0000011P    772
-55.82677512540698D0,-148.0778695166191D0,233.1174608072437D0,   0000011P    773
-7.818572486215349D0,-155.7763533911418D0,231.7270251995907D0,   0000011P    774
40.13232398566518D0,-163.6705713953091D0,230.2713967607836D0,    0000011P    775
88.085448720982D0,-171.6774153535761D0,228.7892691518783D0,      0000011P    776
136.0499270354011D0,-179.6873060889748D0,227.3211279606693D0,    0000011P    777
184.0927390095807D0,-187.5815220275579D0,225.9135245161723D0,    0000011P    778
232.1820271171877D0,-195.2147752503831D0,224.6243063258529D0,    0000011P    779
280.4155802149304D0,-202.4730519685639D0,223.4475150737189D0,    0000011P    780
328.738287113272D0,-209.2143276624601D0,222.3362047302308D0,     0000011P    781
377.1959454277152D0,-215.3373599373978D0,221.2932874146528D0,    0000011P    782
425.75853340635D0,-220.740074083912D0,220.3442261698204D0,       0000011P    783
474.4040505149074D0,-225.3616709439741D0,219.5144036003565D0,    0000011P    784
523.1478421812683D0,-229.1994358267128D0,218.8440529661828D0,    0000011P    785
571.9297820054405D0,-232.2006814353038D0,218.3373204171897D0,    0000011P    786
620.7632785897756D0,-234.280894018532D0,217.9600227302092D0,     0000011P    787
669.6247431882952D0,-235.3910888990876D0,217.7013988687581D0,    0000011P    788
718.5154905776603D0,-235.52231758975D0,217.5652330496561D0,      0000011P    789
767.3953607356158D0,-234.6796484545222D0,217.5563371008865D0,    0000011P    790
816.2581544638094D0,-232.9047273881029D0,217.6977575815529D0,    0000011P    791
865.1029178849054D0,-230.2413989517783D0,217.987785571653D0,     0000011P    792
913.8910975474452D0,-226.753903553392D0,218.3687045193109D0,     0000011P    793
962.6552466073292D0,-222.4978529028189D0,218.8178123986125D0,    0000011P    794
1011.319370845582D0,-217.530803641005D0,219.3970221851152D0,     0000011P    795
1059.967974662327D0,-211.8935075942127D0,220.123188781716D0,     0000011P    796
1108.469791946173D0,-205.6457993639087D0,220.8725622475367D0,    0000011P    797
1156.956386879062D0,-198.8156473562138D0,221.5797211144894D0,    0000011P    798
1205.292978905709D0,-191.48206888166D0,222.4010613363895D0,      0000011P    799
1253.614198306839D0,-183.678272649966D0,223.4405061115691D0,     0000011P    800
1301.765759927205D0,-175.4683878118127D0,224.5381413577507D0,    0000011P    801
1349.908765913289D0,-166.8583676063302D0,225.5608851132716D0,    0000011P    802
1397.913276452518D0,-157.923844913589D0,226.5732540947737D0,     0000011P    803
1445.895544049263D0,-148.6881999618025D0,227.6376188735226D0,    0000011P    804
1493.783789367377D0,-139.2108496818179D0,228.7432743627045D0,    0000011P    805
1541.662388167517D0,-129.51754152555D0,229.875281910352D0,       0000011P    806
1589.473927816789D0,-119.649469635328D0,231.0212133636568D0,     0000011P    807
1637.27422951034D0,-109.6256134355299D0,232.1649072616386D0,     0000011P    808
1685.010869900392D0,-99.43896610464553D0,233.3210253667731D0,    0000011P    809
1732.74071614982D0,-89.03546450352616D0,234.5162786570532D0,     0000011P    810
1780.370823765162D0,-78.43466056688054D0,235.7478356556617D0,    0000011P    811
1827.941644475581D0,-67.64972474167065D0,237.0094177999524D0,    0000011P    812
1875.298721171115D0,-56.67808711021625D0,238.270604864754D0,     0000011P    813
1923.180494365457D0,-45.11585666142395D0,239.5968841124171D0,    0000011P    814
1968.792129860348D0,-33.86175797035521D0,240.9567559236968D0,    0000011P    815
2021.817421423514D0,-20.81019770416501D0,242.7321940661875D0,    0000011P    816
2076.838073000606D0,-6.299538455925288D0,242.7845583447962D0,    0000011P    817
2100.658024762703D0,-4.46304964300394D-14,243.0471660435454D0,   0000011P    818
-199.9999999999998D0,-124.7800701833752D0,231.1029812249395D0,   0000011P    819
-183.9631983857956D0,-127.1784641998714D0,230.6172549767551D0,   0000011P    820
-151.8991132983567D0,-132.0301024729149D0,229.6350044872999D0,   0000011P    821
-103.8407809703787D0,-139.4598406855621D0,228.1100598790164D0,   0000011P    822
-55.82610891915095D0,-147.0280925816606D0,226.5111107543366D0,   0000011P    823
-7.818844322927821D0,-154.7697047493728D0,224.866351727111D0,    0000011P    824
40.13235955264299D0,-162.7223980717523D0,223.2130546124543D0,    0000011P    825
88.0852680158968D0,-170.7965670861482D0,221.5685568514779D0,     0000011P    826
136.0502951042112D0,-178.8741849315684D0,219.9428044430109D0,    0000011P    827
184.0923309288073D0,-186.8298732573779D0,218.3314855313247D0,    0000011P    828
232.1829645812247D0,-194.5109852062806D0,216.7096348225692D0,    0000011P    829
280.4155058558336D0,-201.8051880569064D0,215.1206967331885D0,    0000011P    830
328.7388984546583D0,-208.5781515961495D0,213.6377708691966D0,    0000011P    831
377.1962566031523D0,-214.7309913890656D0,212.3255817587879D0,    0000011P    832
425.7586981243856D0,-220.1631542374027D0,211.2746036806663D0,    0000011P    833
474.404658589479D0,-224.8104811371879D0,210.4593541703073D0,     0000011P    834
523.1475467348994D0,-228.6590497372236D0,209.7223626987885D0,    0000011P    835
571.9298154237109D0,-231.6565967193669D0,209.0404696333256D0,    0000011P    836
620.763339050924D0,-233.731540239143D0,208.5266507142746D0,      0000011P    837
669.6250282297195D0,-234.840134209711D0,208.2251551730925D0,     0000011P    838
718.515230115576D0,-234.9721470178621D0,208.1280394959452D0,     0000011P    839
767.39516102606D0,-234.1313917276396D0,208.2164727152389D0,      0000011P    840
816.258125411852D0,-232.3551593652315D0,208.4271402245282D0,     0000011P    841
865.1024738000085D0,-229.6854616697927D0,208.7279626574137D0,    0000011P    842
913.8911880317108D0,-226.1891777583727D0,209.1355562776448D0,    0000011P    843
962.6543552233197D0,-221.9231849085274D0,209.661273083169D0,     0000011P    844
1011.319742701649D0,-216.9439976973494D0,210.333975369741D0,     0000011P    845
1059.966485297951D0,-211.2923959102326D0,211.1628279031027D0,    0000011P    846
1108.470429468181D0,-205.0304292505061D0,212.0871512623643D0,    0000011P    847
1156.955213193704D0,-198.1873200801288D0,213.0667622087116D0,    0000011P    848
1205.293628122586D0,-190.8345022480723D0,214.1121508089286D0,    0000011P    849
1253.612483474899D0,-183.0009470560969D0,215.2237278478784D0,    0000011P    850
1301.766497096253D0,-174.7584984917322D0,216.3664694959423D0,    0000011P    851
1349.90757570464D0,-166.1210625496293D0,217.5129273346104D0,     0000011P    852
1397.913722516356D0,-157.1703523993962D0,218.7478639117405D0,    0000011P    853
1445.894873656608D0,-147.9371991384737D0,220.1587666118573D0,    0000011P    854
1493.784109357397D0,-138.467825150696D0,221.6077651672161D0,     0000011P    855
1541.661711810969D0,-128.7729320515325D0,222.9275038275528D0,    0000011P    856
1589.474005199753D0,-118.9032048516071D0,224.1983476503295D0,    0000011P    857
1637.274044452299D0,-108.893762042702D0,225.550640183663D0,      0000011P    858
1685.011684210962D0,-98.73050052345582D0,226.9599349065638D0,    0000011P    859
1732.73895594837D0,-88.34511897465188D0,228.3541364416402D0,     0000011P    860
1780.369195604746D0,-77.75979315133874D0,229.7390833751705D0,    0000011P    861
1827.943164567082D0,-67.00094377729624D0,231.1593948715297D0,    0000011P    862
1875.312909138478D0,-56.05888754290527D0,232.6106859704287D0,    0000011P    863
1923.154856381018D0,-44.50596632421559D0,234.2157378706477D0,    0000011P    864
1968.853758720831D0,-33.24294990266331D0,235.9142571010705D0,    0000011P    865
2021.549449380251D0,-20.34166707409808D0,238.0298903743186D0,    0000011P    866
2075.246442814933D0,-6.157891797755193D0,238.0529171505194D0,    0000011P    867
2098.617112654752D0,-4.347298999754562D-14,238.3411560638082D0,  0000011P    868
-199.9999999999999D0,-123.6347662472028D0,225.2666992986701D0,   0000011P    869
-183.9633135212076D0,-126.0391823455632D0,224.701558253507D0,    0000011P    870
-151.8994038864075D0,-130.9050319079678D0,223.5609222480816D0,   0000011P    871
-103.8408588437404D0,-138.3631634211273D0,221.8011445076286D0,   0000011P    872
-55.8254405427737D0,-145.9676019360611D0,219.9723527671628D0,    0000011P    873
-7.819117045129688D0,-153.7513383646128D0,218.0936402979851D0,   0000011P    874
40.13239523547765D0,-161.7507472124798D0,216.1943130728768D0,    0000011P    875
88.08508672217739D0,-169.8715615372392D0,214.2616368799453D0,    0000011P    876
136.0506643719799D0,-177.9891407930995D0,212.2495246503643D0,    0000011P    877
184.0919215187391D0,-185.9848811559021D0,210.2503296164341D0,    0000011P    878
232.1839050989852D0,-193.7214836260077D0,208.4157489491141D0,    0000011P    879
280.4154312545168D0,-201.0795507326913D0,206.7645261377438D0,    0000011P    880
328.7395117874499D0,-207.9068247117698D0,205.2538867787209D0,    0000011P    881
377.1965687922278D0,-214.096868360276D0,203.8697699031089D0,     0000011P    882
425.7588633789715D0,-219.5440160552505D0,202.588709887915D0,     0000011P    883
474.405268644793D0,-224.1894271879239D0,201.439268167734D0,      0000011P    884
523.1472503261523D0,-228.038087208147D0,200.516373366146D0,      0000011P    885
571.9298489509117D0,-231.0415491462873D0,199.8261088248034D0,    0000011P    886
620.7633997089671D0,-233.1156734522153D0,199.2755849221377D0,    0000011P    887
669.6253141993698D0,-234.2150819180029D0,198.8597174332945D0,    0000011P    888
718.5149688052114D0,-234.339714903747D0,198.6825081837695D0,     0000011P    889
767.3949606669827D0,-233.4965611873652D0,198.7606998266127D0,    0000011P    890
816.2580962648228D0,-231.7170301003853D0,198.981252546979D0,     0000011P    891
865.102028264811D0,-229.0420743336572D0,199.30871219399D0,       0000011P    892
913.8912788117599D0,-225.5466782492979D0,199.8495272115043D0,    0000011P    893
962.6534609492644D0,-221.2885198230977D0,200.6226829212723D0,    0000011P    894
1011.320115767472D0,-216.3051230720695D0,201.4407581170181D0,    0000011P    895
1059.964991033054D0,-210.6289315252373D0,202.2179846793038D0,    0000011P    896
1108.471069063662D0,-204.342891320375D0,203.1482515240598D0,     0000011P    897
1156.954035860082D0,-197.4890950850144D0,204.3406963039815D0,    0000011P    898
1205.294279500844D0,-190.1241023963252D0,205.6256703064698D0,    0000011P    899
1253.610762441515D0,-182.2683707277529D0,206.8838279991227D0,    0000011P    900
1301.767236363279D0,-174.0083621083298D0,208.2154888388009D0,    0000011P    901
1349.906383748827D0,-165.3708949196936D0,209.6995827604548D0,    0000011P    902
1397.914171618997D0,-156.4154580446493D0,211.2069382485119D0,    0000011P    903
1445.894193856622D0,-147.1512181298772D0,212.6074687778552D0,    0000011P    904
1493.784422980712D0,-137.6536985537993D0,214.0271128789618D0,    0000011P    905
1541.661057208072D0,-127.9703169568934D0,215.6211680469942D0,    0000011P    906
1589.474114951045D0,-118.1308168856631D0,217.2831298011815D0,    0000011P    907
1637.273781698048D0,-108.1382526094156D0,218.8473534644286D0,    0000011P    908
1685.01236842092D0,-97.9843134110162D0,220.364936575112D0,       0000011P    909
1732.737430575895D0,-87.61864938012475D0,221.9549850469363D0,    0000011P    910
1780.368084617601D0,-77.06454769720223D0,223.6177184293828D0,    0000011P    911
1827.943995566468D0,-66.34711128587317D0,225.3154551219947D0,    0000011P    912
1875.325100912183D0,-55.44315224895003D0,227.0167471143051D0,    0000011P    913
1923.131103355895D0,-43.89441777350771D0,228.8557206623876D0,    0000011P    914
1968.922843187654D0,-32.60837357908091D0,230.7735405782385D0,    0000011P    915
2021.27767005751D0,-19.85760302042117D0,233.1944602904836D0,     0000011P    916
2073.63217300922D0,-6.010689259742716D0,233.2262089611242D0,     0000011P    917
2096.543395448317D0,-4.231171306740317D-14,233.5610859177734D0,  0000011P    918
-199.9999999999998D0,-122.4776924910779D0,219.441637570859D0,    0000011P    919
-183.9634286619908D0,-124.8848328701753D0,218.7835313104409D0,   0000011P    920
-151.8996944880141D0,-129.7587348856103D0,217.4596722869817D0,   0000011P    921
-103.8409367207353D0,-137.2392193976849D0,215.4483724978005D0,   0000011P    922
-55.82477213521666D0,-144.8792804900789D0,213.410054904768D0,    0000011P    923
-7.819389780054175D0,-152.7048306496677D0,211.3171907761999D0,   0000011P    924
40.13243091997715D0,-160.7435420615979D0,209.1360283423226D0,    0000011P    925
88.08490542000058D0,-168.9066680638263D0,206.9214228185869D0,    0000011P    926
136.0510336569751D0,-177.0810169470903D0,204.7426846722586D0,    0000011P    927
184.0915120895712D0,-185.1366758263883D0,202.6103767062826D0,    0000011P    928
232.1848456606222D0,-192.9155347276785D0,200.5016831468468D0,    0000011P    929
280.4153566497208D0,-200.2990864931268D0,198.4702555866984D0,    0000011P    930
328.7401251488492D0,-207.1470270052064D0,196.6070999759195D0,    0000011P    931
377.1968809958565D0,-213.3567390081123D0,194.9616377761276D0,    0000011P    932
425.7590286412794D0,-218.8249267309612D0,193.5729544093081D0,    0000011P    933
474.4058787286034D0,-223.4895670429492D0,192.4255400911871D0,    0000011P    934
523.146953903543D0,-227.3433025218582D0,191.4295685815408D0,     0000011P    935
571.9298824795354D0,-230.3392181619401D0,190.5818150014815D0,    0000011P    936
620.7634603699429D0,-232.4114161302439D0,189.9854671731885D0,    0000011P    937
669.6256001828878D0,-233.5177305416017D0,189.6567538417937D0,    0000011P    938
718.5147074823545D0,-233.6419866607049D0,189.497466319843D0,     0000011P    939
767.3947602966191D0,-232.7881911967287D0,189.4811816479885D0,    0000011P    940
816.2580671172653D0,-231.0041902155845D0,189.6880040877348D0,    0000011P    941
865.1015827159357D0,-228.3348183916321D0,190.1304653349675D0,    0000011P    942
913.8913695940746D0,-224.8358082495063D0,190.6992862251978D0,    0000011P    943
962.6525666076075D0,-220.5591047576521D0,191.355239189902D0,     0000011P    944
1011.320488853637D0,-215.5667172681275D0,192.2163887664D0,       0000011P    945
1059.963496791894D0,-209.9016978507075D0,193.3298371387202D0,    0000011P    946
1108.471708695107D0,-203.6188813009605D0,194.5518646449343D0,    0000011P    947
1156.952858138067D0,-196.7448599380099D0,195.7956522621359D0,    0000011P    948
1205.29493082065D0,-189.3582839357902D0,197.1378675342573D0,     0000011P    949
1253.609042501117D0,-181.4954827226332D0,198.6231843713914D0,    0000011P    950
1301.767976242947D0,-173.2259036651041D0,200.1697476571438D0,    0000011P    951
1349.905187677417D0,-164.564084125262D0,201.7112602822299D0,     0000011P    952
1397.914617719726D0,-155.5922424420041D0,203.3304812805358D0,    0000011P    953
1445.89352779471D0,-146.3435442993727D0,205.1120147316673D0,     0000011P    954
1493.784750742007D0,-136.8670189845182D0,206.9261210253212D0,    0000011P    955
1541.660356907403D0,-127.1783105726452D0,208.613339527929D0,     0000011P    956
1589.474163486485D0,-117.3284296277713D0,210.2660930980811D0,    0000011P    957
1637.273665889276D0,-107.3546525479991D0,212.0298343113754D0,    0000011P    958
1685.013305720861D0,-97.23734039808321D0,213.8768743566577D0,    0000011P    959
1732.735446564439D0,-86.90123337734264D0,215.7285802339912D0,    0000011P    960
1780.36597761758D0,-76.37012024009067D0,217.5758327311468D0,     0000011P    961
1827.94614961147D0,-65.68285352332978D0,219.4399964957368D0,     0000011P    962
1875.341186557534D0,-54.80961884942057D0,221.3179248270052D0,    0000011P    963
1923.103596860128D0,-43.26891487707319D0,223.3967854552226D0,    0000011P    964
1968.978101456861D0,-31.97281609281498D0,225.6170442635123D0,    0000011P    965
2021.01147165701D0,-19.37772517349474D0,228.4228167270092D0,     0000011P    966
2072.051101128503D0,-5.864896369005566D0,228.4945953869129D0,    0000011P    967
2094.519442695211D0,-4.115038196346307D-14,228.897432519989D0,   0000011P    968
-200.0D0,-121.3161672755654D0,213.6666441972255D0,               0000011P    969
-183.9635425300694D0,-123.7303933588569D0,212.9454466087199D0,   0000011P    970
-151.8999818774674D0,-128.6193922829604D0,211.4907398232939D0,   0000011P    971
-103.8410137369194D0,-136.1250594898356D0,209.2654136789038D0,   0000011P    972
-55.82411111587635D0,-143.7925213845214D0,206.9909216249087D0,   0000011P    973
-7.819659500313712D0,-151.6482685972789D0,204.6462615932443D0,   0000011P    974
40.13246621003916D0,-159.7213897971493D0,202.2069742487491D0,    0000011P    975
88.08472612184011D0,-167.920805930302D0,199.7191810402854D0,     0000011P    976
136.0513988600936D0,-176.1302063995054D0,197.2306601526514D0,    0000011P    977
184.0911071860137D0,-184.2210909102573D0,194.7949755711477D0,    0000011P    978
232.1857758257964D0,-192.0403612229575D0,192.4661570276564D0,    0000011P    979
280.415282869563D0,-199.4652203004938D0,190.2867064984645D0,     0000011P    980
328.7407317304892D0,-206.3469794467691D0,188.2969006319758D0,    0000011P    981
377.1971897485732D0,-212.5786086777463D0,186.507992369317D0,     0000011P    982
425.7591920768454D0,-218.0524622610142D0,184.8967765839509D0,    0000011P    983
474.4064820688096D0,-222.7107296121315D0,183.4854941436055D0,    0000011P    984
523.1466607574918D0,-226.560974483807D0,182.3462061834031D0,     0000011P    985
571.9299156378006D0,-229.5584243865475D0,181.4779215926104D0,    0000011P    986
620.7635203602213D0,-231.6241023625176D0,180.7971367163211D0,    0000011P    987
669.6258830043736D0,-232.7157341457745D0,180.3005243225834D0,    0000011P    988
718.5144490485538D0,-232.8340899799917D0,180.0878413693811D0,    0000011P    989
767.3945621444537D0,-231.9864995264165D0,180.1690160767921D0,    0000011P    990
816.2580382904278D0,-230.2028120970919D0,180.413656530448D0,     0000011P    991
865.1011420794092D0,-227.5235729998533D0,180.7838202111832D0,    0000011P    992
913.8914593763913D0,-224.0254388142164D0,181.4127267657921D0,    0000011P    993
962.6516821970711D0,-219.7668673459619D0,182.3396932180293D0,    0000011P    994
1011.320857810734D0,-214.7842432546937D0,183.4051772276349D0,    0000011P    995
1059.962018902838D0,-209.1085272779521D0,184.5262606190907D0,    0000011P    996
1108.472341245627D0,-202.8151108900754D0,185.7972542450796D0,    0000011P    997
1156.95169402076D0,-195.9427675967521D0,187.2661355194492D0,     0000011P    998
1205.295575097449D0,-188.5548749180079D0,188.8357035681887D0,    0000011P    999
1253.607339507441D0,-180.6787626546967D0,190.4342729490952D0,    0000011P   1000
1301.768706927024D0,-172.3975248361942D0,192.111973671281D0,     0000011P   1001
1349.904011970999D0,-163.7379244746918D0,193.9081717766662D0,    0000011P   1002
1397.915064208756D0,-154.7664138676504D0,195.7552799398555D0,    0000011P   1003
1445.892844864745D0,-145.5010911393187D0,197.5855556948293D0,    0000011P   1004
1493.785050027905D0,-136.0135880342083D0,199.460461796002D0,     0000011P   1005
1541.659744706969D0,-126.3482803558629D0,201.4565550080255D0,    0000011P   1006
1589.474319214448D0,-116.53675986777D0,203.5017553764974D0,      0000011P   1007
1637.273292762754D0,-106.5873539297458D0,205.4872087079172D0,    0000011P   1008
1685.013787360462D0,-96.48561945915657D0,207.4532278290773D0,    0000011P   1009
1732.734291413472D0,-86.1723587760375D0,209.4892152082924D0,     0000011P   1010
1780.365646474875D0,-75.6737257795411D0,211.5893191830473D0,     0000011P   1011
1827.945951784848D0,-65.03043996522284D0,213.718512194281D0,     0000011P   1012
1875.350243453388D0,-54.19847534645028D0,215.8443287250047D0,    0000011P   1013
1923.082997344621D0,-42.66152149936709D0,218.1447044996759D0,    0000011P   1014
1969.057084215193D0,-31.33913337710485D0,220.5521071171604D0,    0000011P   1015
2020.738372751117D0,-18.89374477773103D0,223.6115820658675D0,    0000011P   1016
2070.42895549409D0,-5.717415815523368D0,223.6573455914481D0,     0000011P   1017
2092.430122134816D0,-4.000188758754959D-14,224.0851334614487D0,  0000011P   1018
-199.9999999999999D0,-120.0964841437301D0,207.6851941345579D0,   0000011P   1019
-183.9636594417437D0,-122.5158965211036D0,206.8922497274581D0,   0000011P   1020
-151.9002769485923D0,-127.4163871196345D0,205.2906210707494D0,   0000011P   1021
-103.8410928116798D0,-134.9395067975573D0,202.8150827846202D0,   0000011P   1022
-55.82343242806073D0,-142.620741500256D0,200.2366125037217D0,    0000011P   1023
-7.819936429962682D0,-150.495407798416D0,197.585829526569D0,     0000011P   1024
40.1325024433742D0,-158.6047573420343D0,194.9049504311956D0,     0000011P   1025
88.08454203119507D0,-166.8498433411749D0,192.2155773249318D0,    0000011P   1026
136.0517738247746D0,-175.1024107843228D0,189.5202179201751D0,    0000011P   1027
184.0906914597331D0,-183.2311221711292D0,186.8635837242715D0,    0000011P   1028
232.1867308534829D0,-191.0833735577529D0,184.297692390971D0,     0000011P   1029
280.415207117329D0,-198.5341571789766D0,181.8674525320247D0,     0000011P   1030
328.7413545255246D0,-205.4313138093951D0,179.6108275221879D0,    0000011P   1031
377.1975067539634D0,-211.6702484045508D0,177.5760363043381D0,    0000011P   1032
425.7593598809257D0,-217.1520589852656D0,175.8281447591927D0,    0000011P   1033
474.4071015358487D0,-221.8179337837039D0,174.3663139227709D0,    0000011P   1034
523.1463597758336D0,-225.6637004822995D0,173.1172445692498D0,    0000011P   1035
571.9299496820926D0,-228.6461151883477D0,172.0747353280653D0,    0000011P   1036
620.7635819541845D0,-230.7025196652065D0,171.3082037648352D0,    0000011P   1037
669.626173386416D0,-231.7946797302746D0,170.8392606965192D0,     0000011P   1038
718.5141837064715D0,-231.9124793554398D0,170.6335313415745D0,    0000011P   1039
767.3943586922195D0,-231.0614248858531D0,170.6755514671161D0,    0000011P   1040
816.258008694629D0,-229.2826780978074D0,170.973632500129D0,      0000011P   1041
865.1006896783674D0,-226.6185853911794D0,171.5157994324065D0,    0000011P   1042
913.891551554828D0,-223.1295253741018D0,172.2499253858306D0,     0000011P   1043
962.6507740985062D0,-218.8676428821941D0,173.1479510951172D0,    0000011P   1044
1011.321236635245D0,-213.883705549878D0,174.2357605665901D0,     0000011P   1045
1059.960501686164D0,-208.2151834613578D0,175.517101318173D0,     0000011P   1046
1108.472990715157D0,-201.9235408181674D0,176.9336258801509D0,    0000011P   1047
1156.950498162804D0,-195.040785367411D0,178.45108134494D0,       0000011P   1048
1205.296236428756D0,-187.6445118019521D0,180.1108803483145D0,    0000011P   1049
1253.605593192467D0,-179.7727836459879D0,181.9343888695966D0,    0000011P   1050
1301.769458224888D0,-171.4961425607551D0,183.8493349240823D0,    0000011P   1051
1349.902797232114D0,-162.8324773600084D0,185.7959021034281D0,    0000011P   1052
1397.91551696837D0,-153.8617814479659D0,187.8238130205434D0,     0000011P   1053
1445.8921694799D0,-144.6168426557671D0,189.9840267075348D0,      0000011P   1054
1493.785383775148D0,-135.153386516972D0,192.1887810948227D0,     0000011P   1055
1541.659030580207D0,-125.4971895694527D0,194.3316615973629D0,    0000011P   1056
1589.474364400462D0,-115.6912744154274D0,196.4489716491494D0,    0000011P   1057
1637.273185004846D0,-105.7629474691358D0,198.601678371663D0,     0000011P   1058
1685.014756006832D0,-95.69157434152369D0,200.7946986475537D0,    0000011P   1059
1732.732246207548D0,-85.40404542933145D0,203.0155057788041D0,    0000011P   1060
1780.363440435149D0,-74.93092387291412D0,205.2825832810337D0,    0000011P   1061
1827.948227473719D0,-64.33022251471508D0,207.6499137960876D0,    0000011P   1062
1875.366836976305D0,-53.54628430260834D0,210.0713550311793D0,    0000011P   1063
1923.054816745474D0,-42.02541995868644D0,212.6600109980576D0,    0000011P   1064
1969.112267128344D0,-30.69042674136582D0,215.3337165134151D0,    0000011P   1065
2020.468454392454D0,-18.40293257579074D0,218.763671408419D0,     0000011P   1066
2068.825792477607D0,-5.568358858676657D0,218.8615720744264D0,    0000011P   1067
2090.378376436059D0,-3.882269495006969D-14,219.3615764207601D0,  0000011P   1068
-199.9999999999997D0,-118.8948423567383D0,201.8801682109686D0,   0000011P   1069
-183.9637737428737D0,-121.3153689552953D0,201.0003386839715D0,   0000011P   1070
-151.9005654310154D0,-126.2197614910906D0,199.2268916544815D0,   0000011P   1071
-103.841170120764D0,-133.7611849107815D0,196.5406949329251D0,    0000011P   1072
-55.82276889479899D0,-141.4822800096261D0,193.8494550530755D0,   0000011P   1073
-7.820207175994824D0,-149.3971989412702D0,191.0629498902727D0,   0000011P   1074
40.13253786764783D0,-157.5200557329157D0,188.0648279536834D0,    0000011P   1075
88.08436205114613D0,-165.7679858718483D0,184.9830433593712D0,    0000011P   1076
136.0521404167961D0,-174.0413430317765D0,181.9978808709541D0,    0000011P   1077
184.0902850162873D0,-182.2010206719432D0,179.1214126644997D0,    0000011P   1078
232.1876645561665D0,-190.074106350089D0,176.293020344484D0,      0000011P   1079
280.4151330565788D0,-197.535678348833D0,173.5827434827979D0,     0000011P   1080
328.7419634140519D0,-204.4442845047757D0,171.1282938736789D0,    0000011P   1081
377.1978166808911D0,-210.6940175582799D0,168.9655287758709D0,    0000011P   1082
425.759523938058D0,-216.1769905320866D0,167.0656544545157D0,     0000011P   1083
474.4077071706363D0,-220.8346785018727D0,165.4263671177154D0,    0000011P   1084
523.1460655149001D0,-224.6702957983376D0,164.0509955505669D0,    0000011P   1085
571.9299829663913D0,-227.6438865570419D0,162.9446493408125D0,    0000011P   1086
620.7636421726646D0,-229.6933170354065D0,162.1300873436686D0,    0000011P   1087
669.6264572837654D0,-230.7803743427159D0,161.6119871468609D0,    0000011P   1088
718.5139242896678D0,-230.8922811880842D0,161.3588309736951D0,    0000011P   1089
767.3941597854753D0,-230.0352433249514D0,161.3625153253291D0,    0000011P   1090
816.257979758582D0,-228.2577201169455D0,161.6605667455307D0,     0000011P   1091
865.1002473696726D0,-225.6038975741589D0,162.250758909499D0,     0000011P   1092
913.8916416775948D0,-222.1258617545155D0,163.0554399898924D0,    0000011P   1093
962.6498863113001D0,-217.8717356565368D0,164.0325234338147D0,    0000011P   1094
1011.321606997017D0,-212.8945552417468D0,165.2034696734343D0,    0000011P   1095
1059.959018224087D0,-207.2336675295219D0,166.5769754367266D0,    0000011P   1096
1108.473625674444D0,-200.9544815496192D0,168.1524579148765D0,    0000011P   1097
1156.949329448604D0,-194.0910855815077D0,169.9222536324133D0,    0000011P   1098
1205.296883110608D0,-186.7089378403848D0,171.810736187081D0,     0000011P   1099
1253.603884318991D0,-178.8387075662032D0,173.757885625128D0,     0000011P   1100
1301.770191981939D0,-170.5638878771335D0,175.8073897908423D0,    0000011P   1101
1349.901614989007D0,-161.9141935679778D0,177.9941315879444D0,    0000011P   1102
1397.915963617679D0,-152.9578628961478D0,180.2613739633155D0,    0000011P   1103
1445.891490957517D0,-143.7168780585656D0,182.5535946344823D0,    0000011P   1104
1493.785691383951D0,-134.2572729249621D0,184.8643986242739D0,    0000011P   1105
1541.658392820115D0,-124.618058624016D0,187.1850500627028D0,     0000011P   1106
1589.47448957693D0,-114.8404092887879D0,189.5385703610826D0,     0000011P   1107
1637.272885218205D0,-104.9489672440459D0,191.9584912290421D0,    0000011P   1108
1685.015368211414D0,-94.91823551533048D0,194.431079833514D0,     0000011P   1109
1732.730853385225D0,-84.66969139467882D0,196.9268607730382D0,    0000011P   1110
1780.362601377367D0,-74.23258428089515D0,199.4359130531104D0,    0000011P   1111
1827.94870192204D0,-63.66753049811285D0,201.9626418074308D0,     0000011P   1112
1875.377908879948D0,-52.91247534134074D0,204.4964667180004D0,    0000011P   1113
1923.032230022266D0,-41.39726157709035D0,207.2915362053407D0,    0000011P   1114
1969.184515096365D0,-30.05213546939178D0,210.2635306135047D0,    0000011P   1115
2020.197162387318D0,-17.9218661581212D0,214.009417164759D0,      0000011P   1116
2067.214404101607D0,-5.421813708909875D0,214.0707051457055D0,    0000011P   1117
2088.306474889986D0,-3.766983273735511D-14,214.5940569758109D0,  0000011P   1118
-199.9999999999999D0,-117.6813437555661D0,196.1044424104149D0,   0000011P   1119
-183.9638883614164D0,-120.1075208536763D0,195.170773315822D0,    0000011P   1120
-151.9008547145496D0,-125.023443869343D0,193.2845679695807D0,    0000011P   1121
-103.8412476445345D0,-132.5717159904508D0,190.3468448277304D0,   0000011P   1122
-55.82210351891831D0,-140.2755374448402D0,187.2395415816651D0,   0000011P   1123
-7.820478673883591D0,-148.1804226381341D0,184.058151309932D0,    0000011P   1124
40.13257339029414D0,-156.3426944346019D0,180.9325129110151D0,    0000011P   1125
88.08418157129623D0,-164.64795709605D0,177.8184187785217D0,      0000011P   1126
136.0525080268361D0,-172.9448037542788D0,174.6032474337972D0,    0000011P   1127
184.0898774441559D0,-181.1040350967432D0,171.3755133652156D0,    0000011P   1128
232.188600851726D0,-188.9857542605863D0,168.2866455615905D0,     0000011P   1129
280.4150587901655D0,-196.4633517284839D0,165.4044350324D0,       0000011P   1130
328.7425739934485D0,-203.3791114664679D0,162.768216754896D0,     0000011P   1131
377.198127468471D0,-209.6240605511138D0,160.4000408955626D0,     0000011P   1132
425.7596884507869D0,-215.0929306487881D0,158.2937847109357D0,    0000011P   1133
474.4083144872938D0,-219.7311436272658D0,156.4657759417302D0,    0000011P   1134
523.1457704367796D0,-223.5495453855826D0,154.9508202699003D0,    0000011P   1135
571.9300163429921D0,-226.5108733207119D0,153.7581073490843D0,    0000011P   1136
620.763702558465D0,-228.5499476721253D0,152.8829387611552D0,     0000011P   1137
669.6267419699611D0,-229.6287600980374D0,152.3221588819009D0,    0000011P   1138
718.5136641521975D0,-229.7384566688743D0,152.0581839724665D0,    0000011P   1139
767.3939603246488D0,-228.8853027403161D0,152.0772811273552D0,    0000011P   1140
816.2579507429193D0,-227.1101845646431D0,152.3696037849811D0,    0000011P   1141
865.0998038390095D0,-224.4571575611504D0,152.935953162019D0,     0000011P   1142
913.8917320488847D0,-220.9950331165409D0,153.8205487034641D0,    0000011P   1143
962.6489960357384D0,-216.7768638774357D0,155.020928004703D0,     0000011P   1144
1011.321978389893D0,-211.8330111296757D0,156.4112942790106D0,    0000011P   1145
1059.957530725459D0,-206.1901726309284D0,157.9168489946813D0,    0000011P   1146
1108.474262402449D0,-199.9205157410965D0,159.576655841933D0,     0000011P   1147
1156.948157192722D0,-193.0631524750677D0,161.4110824721093D0,    0000011P   1148
1205.297531509378D0,-185.6894295218823D0,163.4036069652583D0,    0000011P   1149
1253.602171742074D0,-177.8354745143955D0,165.5375443878182D0,    0000011P   1150
1301.770928290123D0,-169.5774502114306D0,167.7896541840844D0,    0000011P   1151
1349.900425856859D0,-160.9401757503526D0,170.1392114389043D0,    0000011P   1152
1397.916408822494D0,-151.9947893070827D0,172.5585023790769D0,    0000011P   1153
1445.890822780857D0,-142.7669626884228D0,175.0196954097491D0,    0000011P   1154
1493.786012390976D0,-133.3276650029976D0,177.5380260237423D0,    0000011P   1155
1541.657712728514D0,-123.7231039040641D0,180.1334908819515D0,    0000011P   1156
1589.474560726116D0,-113.9840101672616D0,182.7581526591208D0,    0000011P   1157
1637.272715123162D0,-104.1207343993757D0,185.3429680076411D0,    0000011P   1158
1685.016206875774D0,-94.11189438672994D0,187.9215308069068D0,    0000011P   1159
1732.729049406869D0,-83.88940469581134D0,190.5598369641421D0,    0000011P   1160
1780.360875402458D0,-73.48637442598295D0,193.2663569761172D0,    0000011P   1161
1827.950352748681D0,-62.96982009010006D0,196.0435717904363D0,    0000011P   1162
1875.392469461935D0,-52.26453458188965D0,198.8555802351741D0,    0000011P   1163
1923.006247823874D0,-40.76570488094187D0,201.9202734571344D0,    0000011P   1164
1969.244680758719D0,-29.40843396206465D0,205.1431654726572D0,    0000011P   1165
2019.930085102416D0,-17.43575273563156D0,209.234249103156D0,     0000011P   1166
2065.628093362345D0,-5.273858767415442D0,209.3320870806343D0,    0000011P   1167
2086.273105146955D0,-3.651376904844739D-14,209.9178217640225D0,  0000011P   1168
-199.9999999999998D0,-116.4257414556791D0,190.2283550460674D0,   0000011P   1169
-183.9640046280479D0,-118.8489948238341D0,189.1981735482356D0,   0000011P   1170
-151.9011481576639D0,-123.7601543153733D0,187.11977974336D0,     0000011P   1171
-103.8413262830118D0,-131.3141396489451D0,183.9492622444638D0,   0000011P   1172
-55.82142857565886D0,-139.0482845984001D0,180.7297316735955D0,   0000011P   1173
-7.820754075615447D0,-146.980866522408D0,177.4030761868687D0,    0000011P   1174
40.13260942371711D0,-155.1327578322112D0,173.895138180422D0,     0000011P   1175
88.08399849634292D0,-163.4139458145451D0,170.3185051308162D0,    0000011P   1176
136.0528809227077D0,-171.7148537961496D0,166.8182059676557D0,    0000011P   1177
184.0894640115817D0,-179.8963104596591D0,163.4348717983225D0,    0000011P   1178
232.1895506101918D0,-187.7915404077749D0,160.1669501448414D0,    0000011P   1179
280.4149834558804D0,-195.268433993288D0,157.0618359372134D0,     0000011P   1180
328.7431933523117D0,-202.1706498891511D0,154.1790254871628D0,    0000011P   1181
377.1984427248456D0,-208.3950620915545D0,151.5779110095224D0,    0000011P   1182
425.7598553290171D0,-213.8506941868751D0,149.3321940160196D0,    0000011P   1183
474.4089305364704D0,-218.4819988838294D0,147.4435005681561D0,    0000011P   1184
523.1454711157858D0,-222.2823968741201D0,145.8311543192912D0,    0000011P   1185
571.9300501996315D0,-225.2158289968201D0,144.4954309556783D0,    0000011P   1186
620.7637638124572D0,-227.2387254816421D0,143.5373029362905D0,    0000011P   1187
669.6270307491922D0,-228.3178317762396D0,142.974336324623D0,     0000011P   1188
718.5134002744886D0,-228.4282599120025D0,142.7081740328665D0,    0000011P   1189
767.3937579974107D0,-227.5737576000298D0,142.7126778534262D0,    0000011P   1190
816.2579213093479D0,-225.8136249414164D0,143.0772414358047D0,    0000011P   1191
865.0993539249299D0,-223.1936502108309D0,143.8052431626908D0,    0000011P   1192
913.891823721256D0,-219.750359367871D0,144.7352279057157D0,      0000011P   1193
962.6480929805748D0,-215.5257052006252D0,145.8000155962866D0,    0000011P   1194
1011.322355120534D0,-210.5858067712126D0,147.1352493369943D0,    0000011P   1195
1059.956021760275D0,-204.9754113329821D0,148.8004261647543D0,    0000011P   1196
1108.474908280791D0,-198.7432648031795D0,150.6766038592096D0,    0000011P   1197
1156.946968359261D0,-191.9148267071832D0,152.6887672405362D0,    0000011P   1198
1205.298189305522D0,-184.5664328215788D0,154.8529439421469D0,    0000011P   1199
1253.600433561453D0,-176.7377647059482D0,157.1685112617459D0,    0000011P   1200
1301.771674703325D0,-168.5014981981597D0,159.5912963163223D0,    0000011P   1201
1349.89922301306D0,-159.8810080348795D0,162.0847065482175D0,     0000011P   1202
1397.916862950488D0,-150.9563485246659D0,164.6805298003721D0,    0000011P   1203
1445.890133510038D0,-141.7633277145166D0,167.4121471559618D0,    0000011P   1204
1493.786326232281D0,-132.3604815425127D0,170.1973215071388D0,    0000011P   1205
1541.657060952737D0,-122.7795188310246D0,172.9353393741372D0,    0000011P   1206
1589.474683967801D0,-113.0629769210892D0,175.6729462365556D0,    0000011P   1207
1637.272419992779D0,-103.2403297293699D0,178.4858478065115D0,    0000011P   1208
1685.016846502628D0,-93.28267447348095D0,181.3667939013748D0,    0000011P   1209
1732.72760201847D0,-83.10664228553164D0,184.2846666215112D0,     0000011P   1210
1780.359955423069D0,-72.74583443564657D0,187.2354295192579D0,    0000011P   1211
1827.950923683404D0,-62.2779444545727D0,190.2401059845906D0,     0000011P   1212
1875.40399168452D0,-51.61744343009514D0,193.2649902507011D0,     0000011P   1213
1922.983022184566D0,-40.12866986209486D0,196.5480400761129D0,    0000011P   1214
1969.317247796398D0,-28.75433229776314D0,199.9914093383671D0,    0000011P   1215
2019.654501454574D0,-16.94043706881567D0,204.3741266202525D0,    0000011P   1216
2063.991217263883D0,-5.122843993811979D0,204.4602474511756D0,    0000011P   1217
2084.168904439126D0,-3.534108242605735D-14,205.081741811043D0,   0000011P   1218
-199.9999999999998D0,-115.1737702698412D0,184.4722428729665D0,   0000011P   1219
-183.9641184668804D0,-117.5959352465503D0,183.3663434011679D0,   0000011P   1220
-151.9014354733025D0,-122.5058957385084D0,181.1386943319549D0,   0000011P   1221
-103.8414032794148D0,-130.0580109995571D0,177.7297474602575D0,   0000011P   1222
-55.82076772609906D0,-137.786541317099D0,174.2317124463547D0,    0000011P   1223
-7.82102372659841D0,-145.7180456387355D0,170.6415547529644D0,    0000011P   1224
40.13264470471522D0,-153.8854081171876D0,166.9599734918786D0,    0000011P   1225
88.08381924423469D0,-162.1854207873337D0,163.2363148188365D0,    0000011P   1226
136.0532460320243D0,-170.488538301644D0,159.5117029818132D0,     0000011P   1227
184.0890592120223D0,-178.6569047675098D0,155.8431707852779D0,    0000011P   1228
232.1904805364574D0,-186.53187670176D0,152.2790762427251D0,      0000011P   1229
280.4149096946744D0,-193.9865887578468D0,148.9065301491587D0,    0000011P   1230
328.7437997781498D0,-200.8733349290736D0,145.8455112395201D0,    0000011P   1231
377.1987513982494D0,-207.0837398053255D0,143.1206861923915D0,    0000011P   1232
425.7600187226186D0,-212.507358374421D0,140.6736597949571D0,     0000011P   1233
474.4095337217495D0,-217.0942448665574D0,138.5325416720705D0,    0000011P   1234
523.1451780449914D0,-220.8696601773856D0,136.8096667715827D0,    0000011P   1235
571.9300833492321D0,-223.7990944698661D0,135.5026996294945D0,    0000011P   1236
620.7638237874385D0,-225.804827565517D0,134.4825531844335D0,     0000011P   1237
669.6273134985855D0,-226.8514334380167D0,133.7410221632352D0,    0000011P   1238
718.5131419067478D0,-226.9540311081978D0,133.4202222462372D0,    0000011P   1239
767.3935598941127D0,-226.1245263684988D0,133.5406592860201D0,    0000011P   1240
816.257892490783D0,-224.3825467104077D0,133.9484125491429D0,     0000011P   1241
865.0989134090091D0,-221.7625098453903D0,134.5831551598411D0,    0000011P   1242
913.8919134784567D0,-218.337659814857D0,135.5337459868985D0,     0000011P   1243
962.6472087701362D0,-214.1630892235861D0,136.8246165746811D0,    0000011P   1244
1011.322723985942D0,-209.271452234308D0,138.3664574380718D0,     0000011P   1245
1059.954544348498D0,-203.6900599985708D0,140.1030721533942D0,    0000011P   1246
1108.475540675247D0,-197.481875257486D0,142.0264970212371D0,     0000011P   1247
1156.945804192339D0,-190.6815895703296D0,144.1309557520869D0,    0000011P   1248
1205.298833323963D0,-183.3662448629339D0,146.4393041567203D0,    0000011P   1249
1253.598732231726D0,-175.5774978993691D0,148.959982896631D0,     0000011P   1250
1301.772405804134D0,-167.3847120544638D0,151.6297952167584D0,    0000011P   1251
1349.89804336428D0,-158.8092604848259D0,154.393401284414D0,      0000011P   1252
1397.917306164718D0,-149.9196956376738D0,157.2000321808825D0,    0000011P   1253
1445.889465150486D0,-140.7407893218495D0,159.9969612570519D0,    0000011P   1254
1493.786640205935D0,-131.3538355602228D0,162.8554340960783D0,    0000011P   1255
1541.656401168763D0,-121.8192283022873D0,165.8625374198822D0,    0000011P   1256
1589.474775655032D0,-112.1603902005127D0,168.9325548315929D0,    0000011P   1257
1637.272200592511D0,-102.3782246777701D0,171.9371152115058D0,    0000011P   1258
1685.0175925668D0,-92.44884085151337D0,174.9183442507454D0,      0000011P   1259
1732.725967774905D0,-82.30395284999791D0,177.967125831931D0,     0000011P   1260
1780.358583182314D0,-71.98244050641149D0,181.1080115775782D0,    0000011P   1261
1827.952108986161D0,-61.56960521932364D0,184.3718916647447D0,    0000011P   1262
1875.417116334188D0,-50.96526532549388D0,187.6892589915227D0,    0000011P   1263
1922.958505219714D0,-39.49410064522688D0,191.226834743416D0,     0000011P   1264
1969.381752916893D0,-28.10488886921174D0,194.8790967412697D0,    0000011P   1265
2019.387320273859D0,-16.4499634862842D0,199.5876037036948D0,     0000011P   1266
2062.404272288461D0,-4.973134512777227D0,199.7171739144104D0,    0000011P   1267
2082.132245675302D0,-3.419288303670364D-14,200.404219149562D0,   0000011P   1268
-199.9999999999999D0,-113.8740150877316D0,178.6091082550623D0,   0000011P   1269
-183.9642336376637D0,-116.2983079453638D0,177.4462559086587D0,   0000011P   1270
-151.9017261506262D0,-121.2108155187577D0,175.0961298090177D0,   0000011P   1271
-103.8414811767006D0,-128.7640955885138D0,171.4885232497835D0,   0000011P   1272
-55.82009914438613D0,-136.4941064127542D0,167.7900992822928D0,   0000011P   1273
-7.821296532584772D0,-144.4204575123251D0,163.9639390609725D0,   0000011P   1274
40.13268039851217D0,-152.5670855784094D0,159.9641013233875D0,    0000011P   1275
88.08363789481892D0,-160.8389811573269D0,155.8928671466398D0,    0000011P   1276
136.0536154132384D0,-169.119801520737D0,151.8685565859804D0,     0000011P   1277
184.0886496761764D0,-177.2725673118059D0,147.9654730444349D0,    0000011P   1278
232.1914213431596D0,-185.1387121851005D0,144.2447186849481D0,    0000011P   1279
280.4148350704381D0,-192.5811283312236D0,140.7415993982212D0,    0000011P   1280
328.7444132993663D0,-199.4319554112509D0,137.4614963432486D0,    0000011P   1281
377.1990636832358D0,-205.5885341429479D0,134.4600283225423D0,    0000011P   1282
425.7601840279722D0,-210.9672340250413D0,131.8284693415429D0,    0000011P   1283
474.4101439644787D0,-215.5216046870339D0,129.5976170449807D0,    0000011P   1284
523.1448815451867D0,-219.2596004064562D0,127.7474957090157D0,    0000011P   1285
571.9301168867493D0,-222.1499027071082D0,126.2785546773569D0,    0000011P   1286
620.7638844641044D0,-224.1418961910877D0,125.2217516106127D0,    0000011P   1287
669.6275995560349D0,-225.2010498391825D0,124.5715449977502D0,    0000011P   1288
718.5128805161393D0,-225.3057732594756D0,124.2521325210147D0,    0000011P   1289
767.3933594736869D0,-224.460928144459D0,124.2407904688302D0,     0000011P   1290
816.2578633347124D0,-222.7238913974752D0,124.6049140669722D0,    0000011P   1291
865.0984677361836D0,-220.1418427705586D0,125.3577257844587D0,    0000011P   1292
913.8920042866004D0,-216.7622189537538D0,126.4289518481601D0,    0000011P   1293
962.6463142240885D0,-212.6281393247503D0,127.7766548415704D0,    0000011P   1294
1011.323097166062D0,-207.7803747559634D0,129.3995894296183D0,    0000011P   1295
1059.953049614643D0,-202.2497227099752D0,131.2849087395452D0,    0000011P   1296
1108.476180466573D0,-196.0954589404369D0,133.3901942045324D0,    0000011P   1297
1156.944626532341D0,-189.3499182964073D0,135.6858291620895D0,    0000011P   1298
1205.299484911749D0,-182.085240826143D0,138.1706596253679D0,     0000011P   1299
1253.597010545359D0,-174.3397598735516D0,140.8312755867485D0,    0000011P   1300
1301.773145237046D0,-166.1801819717093D0,143.5959214072014D0,    0000011P   1301
1349.896851472256D0,-157.6271486362028D0,146.4046108011481D0,    0000011P   1302
1397.91775572547D0,-148.768564810388D0,149.3339876899368D0,      0000011P   1303
1445.888783683361D0,-139.650072799461D0,152.4625248066693D0,     0000011P   1304
1493.786952429856D0,-130.3274019672483D0,155.6755420584151D0,    0000011P   1305
1541.655751201185D0,-120.8306702285434D0,158.8334305236704D0,    0000011P   1306
1589.474891923689D0,-111.2008046611026D0,161.9824655643486D0,    0000011P   1307
1637.271922193877D0,-101.4675219178105D0,165.2031973521871D0,    0000011P   1308
1685.018250186674D0,-91.59812381807606D0,168.4866233804287D0,    0000011P   1309
1732.724490498742D0,-81.50475822424237D0,171.7961971272444D0,    0000011P   1310
1780.357577331786D0,-71.22614774208441D0,175.1368046429495D0,    0000011P   1311
1827.952800126902D0,-60.85762539107646D0,178.5477414136386D0,    0000011P   1312
1875.428899530524D0,-50.29342916552955D0,181.9997967844484D0,    0000011P   1313
1922.935142293788D0,-38.83914482951899D0,185.7777309231573D0,    0000011P   1314
1969.452323221667D0,-27.44992412525688D0,189.7632887158217D0,    0000011P   1315
2019.114865062208D0,-15.96093964197012D0,194.814786032798D0,     0000011P   1316
2060.785982729882D0,-4.824014867830616D0,194.9162846967853D0,    0000011P   1317
2080.052610807311D0,-3.303124934419955D-14,195.6316210415793D0,  0000011P   1318
-199.9999999999998D0,-112.5647936577374D0,172.8262666804973D0,   0000011P   1319
-183.96434891138D0,-114.9769241342876D0,171.5507373703433D0,     0000011P   1320
-151.9020170877408D0,-119.8680152720143D0,168.9898201719499D0,   0000011P   1321
-103.8415591436063D0,-127.3951279442005D0,165.0903067020926D0,   0000011P   1322
-55.81942996513356D0,-135.1016319666912D0,161.1011360497494D0,   0000011P   1323
-7.821569582389466D0,-143.0144655426084D0,157.0344743590612D0,   0000011P   1324
40.13271612421035D0,-151.1692880378373D0,152.9152809311784D0,    0000011P   1325
88.08345638332345D0,-159.4496087922835D0,148.7515561868663D0,    0000011P   1326
136.0539851245835D0,-167.7075348344757D0,144.5164431934725D0,    0000011P   1327
184.0882397743115D0,-175.8087971367259D0,140.2960777197741D0,    0000011P   1328
232.1923629907014D0,-183.6068713208937D0,136.1984246862056D0,    0000011P   1329
280.4147603795083D0,-190.9799031973612D0,132.3442441009012D0,    0000011P   1330
328.7450273689123D0,-197.78549909999D0,128.887121598614D0,       0000011P   1331
377.1993762473181D0,-203.9169573947117D0,125.8516721564933D0,    0000011P   1332
425.7603494810725D0,-209.2638102603254D0,123.1568192109518D0,    0000011P   1333
474.4107547526235D0,-213.7755730412561D0,120.8030902833282D0,    0000011P   1334
523.1445847803713D0,-217.4727439964006D0,118.8488189413788D0,    0000011P   1335
571.9301504541718D0,-220.3269838971174D0,117.2990706314271D0,    0000011P   1336
620.7639451950489D0,-222.2809417681065D0,116.1153806509623D0,    0000011P   1337
669.6278858693945D0,-223.3054386640404D0,115.3073052774898D0,    0000011P   1338
718.5126188917693D0,-223.4036528804006D0,114.9405707783472D0,    0000011P   1339
767.3931588732224D0,-222.585987038464D0,115.0220958865753D0,     0000011P   1340
816.2578341529742D0,-220.8858008835607D0,115.4797369302329D0,    0000011P   1341
865.0980216683901D0,-218.3388941995994D0,116.2675387487688D0,    0000011P   1342
913.8920951749752D0,-214.9958426140904D0,117.3613620367211D0,    0000011P   1343
962.6454188663404D0,-210.9016617504956D0,118.7434212339642D0,    0000011P   1344
1011.323470681097D0,-206.1035233041187D0,120.4295648352163D0,    0000011P   1345
1059.95155358895D0,-200.6353144506537D0,122.4189595559021D0,     0000011P   1346
1108.476820832592D0,-194.5483923645406D0,124.6626161652451D0,    0000011P   1347
1156.943447662551D0,-187.8695165860178D0,127.121695482224D0,     0000011P   1348
1205.300137039982D0,-180.6633870466256D0,129.7456809073333D0,    0000011P   1349
1253.595287873567D0,-172.9644845882469D0,132.4910807296352D0,    0000011P   1350
1301.773885603481D0,-164.8582163255182D0,135.4072037616861D0,    0000011P   1351
1349.895656600284D0,-156.381894244797D0,138.5341441462581D0,     0000011P   1352
1397.918204262421D0,-147.5958322891245D0,141.7723624755689D0,    0000011P   1353
1445.88810810104D0,-138.5189938030597D0,145.0233283980465D0,     0000011P   1354
1493.787271593431D0,-129.2298613336355D0,148.3169531654381D0,    0000011P   1355
1541.655079115924D0,-119.7873669856648D0,151.6911852908202D0,    0000011P   1356
1589.474979424309D0,-110.2199974687704D0,155.1098864647227D0,    0000011P   1357
1637.271712852042D0,-100.5377341302189D0,158.5174213929988D0,    0000011P   1358
1685.019027737056D0,-90.71204167683477D0,161.9460551379923D0,    0000011P   1359
1732.722795640636D0,-80.66717252963137D0,165.4564149608276D0,    0000011P   1360
1780.356100884748D0,-70.44337497074659D0,169.0519272507888D0,    0000011P   1361
1827.954115818445D0,-60.13788842990164D0,172.736815098194D0,     0000011P   1362
1875.442529348663D0,-49.63083611194103D0,176.4491982616995D0,    0000011P   1363
1922.909988864547D0,-38.19298860119097D0,180.4389025431247D0,    0000011P   1364
1969.516434611421D0,-26.78817206929829D0,184.5998906507931D0,    0000011P   1365
2018.84480430086D0,-15.46146905720114D0,189.9713416901831D0,     0000011P   1366
2059.181938570094D0,-4.671342620108413D0,190.1250898550663D0,    0000011P   1367
2077.994631935365D0,-3.186857745039986D-14,190.912800500617D0,   0000011P   1368
-199.9999999999998D0,-111.2091036738539D0,166.9709441745076D0,   0000011P   1369
-183.9644649233198D0,-113.6228360719653D0,165.6536598886681D0,   0000011P   1370
-151.9023098880437D0,-118.5128858357032D0,162.9934644644894D0,   0000011P   1371
-103.8416376098195D0,-126.0289118851004D0,158.9107389413998D0,   0000011P   1372
-55.81875650039491D0,-133.7185980146194D0,154.7195963784877D0,   0000011P   1373
-7.821844380830331D0,-141.6001375345529D0,150.3933668224132D0,   0000011P   1374
40.13275207869906D0,-149.696833577742D0,145.8988034904835D0,     0000011P   1375
88.08327370941154D0,-157.9124679845954D0,141.3524388260921D0,    0000011P   1376
136.0543572035947D0,-166.1314279009716D0,136.8925168503771D0,    0000011P   1377
184.0878272473973D0,-174.2075663555979D0,132.5600285621399D0,    0000011P   1378
232.1933106686402D0,-181.9671475943882D0,128.3459373399646D0,    0000011P   1379
280.4146852102489D0,-189.2820674512757D0,124.3301206408594D0,    0000011P   1380
328.745645371017D0,-196.0104787680054D0,120.6367111036775D0,     0000011P   1381
377.1996908130963D0,-202.0512670177554D0,117.31447568837D0,      0000011P   1382
425.7605159937439D0,-207.305176409076D0,114.3546437597025D0,     0000011P   1383
474.4113694522954D0,-211.731452468098D0,111.7895700073836D0,     0000011P   1384
523.1442861150621D0,-215.362040004588D0,109.6880239168181D0,     0000011P   1385
571.9301842366315D0,-218.173318149514D0,108.0579858018843D0,     0000011P   1386
620.7640063148716D0,-220.1050094448225D0,106.8523294083541D0,    0000011P   1387
669.628174016084D0,-221.1257725486105D0,106.0640199169063D0,     0000011P   1388
718.5123555920765D0,-221.2344319953403D0,105.7184993009695D0,    0000011P   1389
767.392956989003D0,-220.4389566278958D0,105.8078292139319D0,     0000011P   1390
816.2578047839648D0,-218.7723879595525D0,106.2816048894071D0,    0000011P   1391
865.0975727406076D0,-216.2711483302155D0,107.1098246966251D0,    0000011P   1392
913.8921866463311D0,-212.9923851482445D0,108.3002035963019D0,    0000011P   1393
962.6445177867736D0,-208.9796240759722D0,109.8336587354463D0,    0000011P   1394
1011.323846586779D0,-204.2539801214605D0,111.6205433707883D0,    0000011P   1395
1059.950047938758D0,-198.8374621302777D0,113.6136747413081D0,    0000011P   1396
1108.477465296705D0,-192.8090938466563D0,115.8870340243908D0,    0000011P   1397
1156.942261399521D0,-186.2128996888162D0,118.4802010151508D0,    0000011P   1398
1205.300793386165D0,-179.0990659455352D0,121.30783815056D0,      0000011P   1399
1253.593553619523D0,-171.4918675194311D0,124.2980570693795D0,    0000011P   1400
1301.774630440219D0,-163.4642111174199D0,127.4170387882681D0,    0000011P   1401
1349.894455979806D0,-155.0435374981253D0,130.6333366631367D0,    0000011P   1402
1397.918657089148D0,-146.3082058742251D0,133.9616374016752D0,    0000011P   1403
1445.887421736136D0,-137.2962224060806D0,137.4175263675866D0,    0000011P   1404
1493.787586179093D0,-128.0752154908001D0,140.951025597708D0,     0000011P   1405
1541.654424138083D0,-118.6914990383051D0,144.5009384055412D0,    0000011P   1406
1589.47509618932D0,-109.1793782312658D0,148.0775846775808D0,     0000011P   1407
1637.271433267037D0,-99.55958354539347D0,151.7026103502883D0,    0000011P   1408
1685.019691618288D0,-89.79822886989398D0,155.3798076212734D0,    0000011P   1409
1732.721304932345D0,-79.80921755753626D0,159.1052564107961D0,    0000011P   1410
1780.355081948131D0,-69.63616056161716D0,162.8914309132292D0,    0000011P   1411
1827.954819631567D0,-59.3898546500781D0,166.7848928945464D0,     0000011P   1412
1875.454421041669D0,-48.94100755372359D0,170.7323539952029D0,    0000011P   1413
1922.886433680967D0,-37.5298641462751D0,175.005604617888D0,      0000011P   1414
1969.587440630536D0,-26.12535435296787D0,179.4726772884862D0,    0000011P   1415
2018.570391432952D0,-14.96644450948133D0,185.1698654498509D0,    0000011P   1416
2057.552021495089D0,-4.5205356406414D0,185.2993071260315D0,      0000011P   1417
2075.900095686146D0,-3.06984596981538D-14,186.1147677789923D0,   0000011P   1418
-199.9999999999999D0,-109.8405156787584D0,161.2053416009151D0,   0000011P   1419
-183.964578234267D0,-112.2478248471184D0,159.8187348544802D0,    0000011P   1420
-151.9025958713618D0,-117.1239878550976D0,157.0221177926655D0,   0000011P   1421
-103.8417142491801D0,-124.6140413991926D0,152.7275287137101D0,   0000011P   1422
-55.81809871528045D0,-132.2702252861632D0,148.300855291192D0,    0000011P   1423
-7.822112781406591D0,-140.1160118121308D0,143.7493299573732D0,   0000011P   1424
40.13278719609455D0,-148.1836403073185D0,139.0898752731355D0,    0000011P   1425
88.08309528851861D0,-156.3562319909219D0,134.3580073410867D0,    0000011P   1426
136.0547206198523D0,-164.4848754260328D0,129.5550741283656D0,    0000011P   1427
184.0874243249453D0,-172.4480557237386D0,124.8244776109269D0,    0000011P   1428
232.1942362827166D0,-180.124617034986D0,120.3703611442408D0,     0000011P   1429
280.4146117910834D0,-187.3757636723965D0,116.2348199054415D0,    0000011P   1430
328.7462489847798D0,-194.0125327498901D0,112.3619803073169D0,    0000011P   1431
377.1999980551429D0,-199.9433040665839D0,108.8200079695028D0,    0000011P   1432
425.7606786296652D0,-205.1203711008928D0,105.7620275962449D0,    0000011P   1433
474.411969840521D0,-209.5056421594029D0,103.2144537361635D0,     0000011P   1434
523.1439944032817D0,-213.092389561764D0,101.0976771483481D0,     0000011P   1435
571.9302172325365D0,-215.8509396189253D0,99.38582418109471D0,    0000011P   1436
620.764066011723D0,-217.7434094990727D0,98.09821176981254D0,     0000011P   1437
669.6284554542438D0,-218.7452462104536D0,97.24852545530456D0,    0000011P   1438
718.512098422472D0,-218.8478365397533D0,96.84795097239817D0,     0000011P   1439
767.3927598046575D0,-218.0577515126399D0,96.88669043507403D0,    0000011P   1440
816.2577760988982D0,-216.4123713556488D0,97.32125026099509D0,    0000011P   1441
865.0971342662333D0,-213.9506114610795D0,98.12925505403022D0,    0000011P   1442
913.8922759876432D0,-210.7305135554237D0,99.32966947386902D0,    0000011P   1443
962.6436376808395D0,-206.7969096694195D0,100.9187133840293D0,    0000011P   1444
1011.324213741218D0,-202.1753380441199D0,102.8503730013041D0,    0000011P   1445
1059.948577362384D0,-196.8852141630012D0,105.0834539664351D0,    0000011P   1446
1108.478094757649D0,-190.9724288391618D0,107.5559626145895D0,    0000011P   1447
1156.941102686474D0,-184.460729230755D0,110.2241989673318D0,     0000011P   1448
1205.301434432988D0,-177.4227335728022D0,113.0995374518902D0,    0000011P   1449
1253.591859983882D0,-169.899634141082D0,116.1817279870698D0,     0000011P   1450
1301.775358054628D0,-161.9630082487109D0,119.4604254415334D0,    0000011P   1451
1349.893282476688D0,-153.6409343805804D0,122.9269460121417D0,    0000011P   1452
1397.91909875106D0,-144.9996635297117D0,126.5196560076872D0,     0000011P   1453
1445.886754184923D0,-136.0660956197783D0,130.1779856304709D0,    0000011P   1454
1493.787896347056D0,-126.9148797810478D0,133.8902956165175D0,    0000011P   1455
1541.653775011444D0,-117.6019125182016D0,137.6436125558166D0,    0000011P   1456
1589.47519763694D0,-108.1580713989383D0,141.424855853594D0,      0000011P   1457
1637.271190434252D0,-98.59882796334038D0,145.215620238377D0,     0000011P   1458
1685.020392120657D0,-88.89273731874053D0,149.0444037326501D0,    0000011P   1459
1732.719754560599D0,-78.95939004046531D0,152.9546698545872D0,    0000011P   1460
1780.353881772358D0,-68.84441309741763D0,156.959270334907D0,     0000011P   1461
1827.955779324375D0,-58.66344623670193D0,161.089375660741D0,     0000011P   1462
1875.466837087422D0,-48.27489238044439D0,165.273918215204D0,     0000011P   1463
1922.862654698916D0,-36.88685000565348D0,169.7767837830321D0,    0000011P   1464
1969.653947484213D0,-25.47535696831615D0,174.4606532242037D0,    0000011P   1465
2018.303518578091D0,-14.47860230131722D0,180.4585807608375D0,    0000011P   1466
2055.966899599539D0,-4.371680218714245D0,180.5958354367643D0,    0000011P   1467
2073.864585583019D0,-2.955558465879156D-14,181.4568599594393D0,  0000011P   1468
-199.9999999999997D0,-108.4273475470732D0,155.4090977479022D0,   0000011P   1469
-183.9646943641772D0,-110.8220784869315D0,153.9387334333093D0,   0000011P   1470
-151.9028889694081D0,-115.6706513502235D0,150.97373991196D0,     0000011P   1471
-103.8417927951841D0,-123.1163590322816D0,146.4364655023391D0,   0000011P   1472
-55.81742456570726D0,-130.7304690478812D0,141.7921008228401D0,   0000011P   1473
-7.822387859285237D0,-138.524337168404D0,137.0096695497235D0,    0000011P   1474
40.13282318714473D0,-146.5139638100278D0,132.0515275983018D0,    0000011P   1475
88.08291242884876D0,-154.6014839195804D0,127.0397804284294D0,    0000011P   1476
136.0550930772239D0,-162.6716561717592D0,122.1200884211677D0,    0000011P   1477
184.0870113785396D0,-170.5743517858613D0,117.3237222829573D0,    0000011P   1478
232.1951849243333D0,-178.1281287235252D0,112.6134957201951D0,    0000011P   1479
280.4145365453865D0,-185.2178033219495D0,108.1132293844294D0,    0000011P   1480
328.7468676153201D0,-191.7298948042703D0,104.0433282753224D0,    0000011P   1481
377.2003129407947D0,-197.5688777622882D0,100.4463904213117D0,    0000011P   1482
425.7608453116631D0,-202.6257249214611D0,97.23238037999954D0,    0000011P   1483
474.4125851652768D0,-206.8670174090005D0,94.42281988340918D0,    0000011P   1484
523.1436954342579D0,-210.3469941502773D0,92.13021553891755D0,    0000011P   1485
571.9302510493203D0,-213.0483535938979D0,90.3618389835398D0,     0000011P   1486
620.7641271937164D0,-214.8993789883159D0,89.02708448724802D0,    0000011P   1487
669.62874389405D0,-215.869229610413D0,88.11221638505911D0,       0000011P   1488
718.5118348549722D0,-215.9699579329999D0,87.67629834467228D0,    0000011P   1489
767.3925577147618D0,-215.215225593855D0,87.72811918403258D0,     0000011P   1490
816.2577467001867D0,-213.6364053238332D0,88.22389048131254D0,    0000011P   1491
865.096684883358D0,-211.2663915488097D0,89.13282019449585D0,     0000011P   1492
913.8923675516215D0,-208.1510735452388D0,90.43800385930399D0,    0000011P   1493
962.6427356798349D0,-204.3253998229596D0,92.10859635573478D0,    0000011P   1494
1011.324590029736D0,-199.8044684159846D0,94.06869546766907D0,    0000011P   1495
1059.947070199701D0,-194.6050093454647D0,96.27713684981976D0,    0000011P   1496
1108.478739878322D0,-188.8018013682345D0,98.80155482088439D0,    0000011P   1497
1156.939915150849D0,-182.4347806893481D0,101.6733080352749D0,    0000011P   1498
1205.302091428934D0,-175.5400248851617D0,104.7701895018675D0,    0000011P   1499
1253.590124199594D0,-168.133161773007D0,107.9965162761444D0,     0000011P   1500
1301.776103763735D0,-160.3000918154471D0,111.3974876876127D0,    0000011P   1501
1349.892079828052D0,-152.0811417591301D0,115.0076613170504D0,    0000011P   1502
1397.919551437204D0,-143.5364748141448D0,118.7499916719863D0,    0000011P   1503
1445.886069859984D0,-134.6880293079218D0,122.5485969625897D0,    0000011P   1504
1493.788214060833D0,-125.6159244239723D0,126.4073351660023D0,    0000011P   1505
1541.653110287317D0,-116.3833398445104D0,130.3302678170652D0,    0000011P   1506
1589.47530234781D0,-107.0223693666985D0,134.3199569401795D0,     0000011P   1507
1637.270939785304D0,-97.55098768114983D0,138.3823195340482D0,    0000011P   1508
1685.021106993811D0,-87.92977307003248D0,142.5001142628111D0,    0000011P   1509
1732.71817115704D0,-78.06588802826862D0,146.6398123927924D0,     0000011P   1510
1780.352663767564D0,-68.0084392631159D0,150.8180832076135D0,     0000011P   1511
1827.956746913425D0,-57.88725737550126D0,155.101152094333D0,     0000011P   1512
1875.479514998257D0,-47.55479370317593D0,159.4493608116254D0,    0000011P   1513
1922.838329460989D0,-36.19532186884022D0,164.1990627063494D0,    0000011P   1514
1969.722275933576D0,-24.79203080026019D0,169.2081653473106D0,    0000011P   1515
2018.02993886879D0,-13.97328746989736D0,175.5966985708556D0,     0000011P   1516
2054.341940977071D0,-4.216955980752108D0,175.7636019231587D0,    0000011P   1517
2071.77783359256D0,-2.838427703400196D-14,176.6872097192088D0,   0000011P   1518
-199.9999999999999D0,-106.9724582011972D0,149.6169977202255D0,   0000011P   1519
-183.9648094297455D0,-109.355211418697D0,148.0773801916834D0,    0000011P   1520
-151.9031793811823D0,-114.1770645365969D0,144.9754375072837D0,   0000011P   1521
-103.8418706213065D0,-121.571097272983D0,140.2193536487312D0,    0000011P   1522
-55.81675659478093D0,-129.1179806715448D0,135.3211596013709D0,   0000011P   1523
-7.822660416048217D0,-136.8379841062965D0,130.2957978407156D0,   0000011P   1524
40.13285884833353D0,-144.7608499169743D0,125.1704737096498D0,    0000011P   1525
88.08273124510582D0,-152.7645504724385D0,119.9870656177867D0,    0000011P   1526
136.0554621209875D0,-160.6945170880268D0,114.7533080697738D0,    0000011P   1527
184.0866022168281D0,-168.4272464459591D0,109.6002078710469D0,    0000011P   1528
232.1961248715559D0,-175.8386587713472D0,104.7023420219824D0,    0000011P   1529
280.4144619893229D0,-182.8035038166822D0,100.1322367672067D0,    0000011P   1530
328.7474805760515D0,-189.1587483856667D0,95.9043541554968D0,     0000011P   1531
377.2006249404939D0,-194.8240062523135D0,92.08749701818653D0,    0000011P   1532
425.7610104659987D0,-199.7570299746827D0,88.79117139048832D0,    0000011P   1533
474.4131948505054D0,-203.9217064832568D0,86.0193213902749D0,     0000011P   1534
523.1433992053311D0,-207.3027551268591D0,83.66624984131346D0,    0000011P   1535
571.9302845562328D0,-209.8831370851846D0,81.72150837929897D0,    0000011P   1536
620.7641878149278D0,-211.665401067437D0,80.28416294240554D0,     0000011P   1537
669.6290296900409D0,-212.6372285355342D0,79.38667827695041D0,    0000011P   1538
718.5115737032334D0,-212.7689104126037D0,78.98515586768656D0,    0000011P   1539
767.3923574779059D0,-212.0567067663506D0,79.04511967565901D0,    0000011P   1540
816.2577175705493D0,-210.5342956891692D0,79.52595705827764D0,    0000011P   1541
865.0962396159346D0,-208.2348968562765D0,80.40095207136557D0,    0000011P   1542
913.8924582772905D0,-205.2089480918684D0,81.67857593589301D0,    0000011P   1543
962.6418419573469D0,-201.4945935342338D0,83.35071167070278D0,    0000011P   1544
1011.324962868217D0,-197.1109107933628D0,85.37897416431311D0,    0000011P   1545
1059.945576808472D0,-192.0733434221557D0,87.73355643528079D0,    0000011P   1546
1108.479379083659D0,-186.430852189813D0,90.39112172888132D0,     0000011P   1547
1156.938738648429D0,-180.2078439021928D0,93.33181820575636D0,    0000011P   1548
1205.302742443219D0,-173.4590310731884D0,96.52941349872344D0,    0000011P   1549
1253.588403798566D0,-166.2124109688814D0,99.95245764691654D0,    0000011P   1550
1301.776842379454D0,-158.5302904927186D0,103.5574232380098D0,    0000011P   1551
1349.890890019816D0,-150.4345263395267D0,107.3062199965029D0,    0000011P   1552
1397.920001328035D0,-142.0012368902029D0,111.1915441230786D0,    0000011P   1553
1445.885385641026D0,-133.26927278822D0,115.2070583546342D0,      0000011P   1554
1493.788522538491D0,-124.3097143433897D0,119.3075884022427D0,    0000011P   1555
1541.652472104615D0,-115.1756213963223D0,123.4386733056258D0,    0000011P   1556
1589.475433512909D0,-105.899501849324D0,127.5981578010008D0,     0000011P   1557
1637.270625627906D0,-96.50119698909342D0,131.7878816519122D0,    0000011P   1558
1685.021701999122D0,-86.9470892535258D0,136.0325543084038D0,     0000011P   1559
1732.716807605963D0,-77.15359985168126D0,140.3648461936391D0,    0000011P   1560
1780.351902903702D0,-67.17114082111435D0,144.7975088224317D0,    0000011P   1561
1827.957113209965D0,-57.13197967362737D0,149.3692697316898D0,    0000011P   1562
1875.490333346746D0,-46.87321410590896D0,154.0001928871223D0,    0000011P   1563
1922.815907423156D0,-35.54120761238282D0,158.9767013592063D0,    0000011P   1564
1969.796170772264D0,-24.12767018290811D0,164.1507157840049D0,    0000011P   1565
2017.756361806036D0,-13.47363570905416D0,170.7974084208245D0,    0000011P   1566
2052.716975959645D0,-4.064410864218337D0,170.9572221809677D0,    0000011P   1567
2069.687879725155D0,-2.722370455842007D-14,171.9165426854997D0,  0000011P   1568
-199.9999999999999D0,-105.473213997729D0,143.8448964723471D0,    0000011P   1569
-183.9649243917803D0,-107.8405436553012D0,142.2361442786698D0,   0000011P   1570
-151.9034695316495D0,-112.6260189630457D0,138.9919730864403D0,   0000011P   1571
-103.8419483774024D0,-119.9536190673931D0,134.0197725850852D0,   0000011P   1572
-55.81608922488106D0,-127.4279209428045D0,128.9136790492829D0,   0000011P   1573
-7.822932727570195D0,-135.0559887772828D0,123.6599916869293D0,   0000011P   1574
40.13289447743505D0,-142.84997902307D0,118.2440375397709D0,      0000011P   1575
88.08255022438799D0,-150.7058089511977D0,112.7819782795691D0,    0000011P   1576
136.0558308326931D0,-158.4991974337876D0,107.3996935841902D0,    0000011P   1577
184.086193423272D0,-166.0918165124894D0,102.1632789410577D0,     0000011P   1578
232.1970639730341D0,-173.3253721693759D0,97.10136665465677D0,    0000011P   1579
280.4143875003445D0,-180.082410865753D0,92.30869872989742D0,     0000011P   1580
328.7480929852533D0,-186.2304113038312D0,87.9129268059265D0,     0000011P   1581
377.2009366594573D0,-191.693542463046D0,83.97378034221021D0,     0000011P   1582
425.7611754717364D0,-196.4132597344882D0,80.49874948943736D0,    0000011P   1583
474.4138039871652D0,-200.3745310889658D0,77.51835446312768D0,    0000011P   1584
523.1431032429323D0,-203.6276593531615D0,75.08662522503141D0,    0000011P   1585
571.9303180329454D0,-206.1565360694011D0,73.18823519599133D0,    0000011P   1586
620.7642483816272D0,-207.8864230854422D0,71.72856618878322D0,    0000011P   1587
669.6293152290726D0,-208.7924361333489D0,70.70186985342644D0,    0000011P   1588
718.511312786359D0,-208.9085583505836D0,70.20506606584645D0,     0000011P   1589
767.392157420506D0,-208.2530488026631D0,70.25572471587256D0,     0000011P   1590
816.2576884674253D0,-206.8362992319333D0,70.77637718149563D0,    0000011P   1591
865.0957947517683D0,-204.6768532703166D0,71.71924540675211D0,    0000011P   1592
913.8925489205996D0,-201.8079259105216D0,73.06453246971823D0,    0000011P   1593
962.6409490294983D0,-198.2559228621471D0,74.78725335230433D0,    0000011P   1594
1011.325335372304D0,-194.0413441150449D0,76.85775057369659D0,    0000011P   1595
1059.944084795318D0,-189.1798054315117D0,79.25467142653385D0,    0000011P   1596
1108.480017716101D0,-183.7233194624543D0,81.98419722366846D0,    0000011P   1597
1156.937563081998D0,-177.6962714327014D0,85.04079745417764D0,    0000011P   1598
1205.303392839081D0,-171.1312019733779D0,88.33727990313894D0,    0000011P   1599
1253.586685376887D0,-164.0411777374719D0,91.80208568785298D0,    0000011P   1600
1301.777580543149D0,-156.509896047655D0,95.47722360131215D0,     0000011P   1601
1349.889699789442D0,-148.5780388114469D0,99.39638448098292D0,    0000011P   1602
1397.920449702662D0,-140.3041089702395D0,103.4912244321722D0,    0000011P   1603
1445.884707100346D0,-131.7107898855466D0,107.6957166596963D0,    0000011P   1604
1493.788835931209D0,-122.8724368945174D0,111.9678620339024D0,    0000011P   1605
1541.651817706014D0,-113.8469346549388D0,116.2566810025511D0,    0000011P   1606
1589.47554205134D0,-104.6731180297675D0,120.5928623615463D0,     0000011P   1607
1637.270365784013D0,-95.38010089640822D0,125.0252374047533D0,    0000011P   1608
1685.022389508996D0,-85.92794795398571D0,129.5455682701533D0,    0000011P   1609
1732.715276683629D0,-76.22170549259529D0,134.1264233085548D0,    0000011P   1610
1780.350776547018D0,-66.31309984024065D0,138.7659688588906D0,    0000011P   1611
1827.957965596796D0,-56.34387568609456D0,143.496877242324D0,     0000011P   1612
1875.502573382207D0,-46.14567757784177D0,148.268790970707D0,     0000011P   1613
1922.792125957556D0,-34.84491165063248D0,153.461876316304D0,     0000011P   1614
1969.864914563942D0,-23.44239917431269D0,158.9366332576469D0,    0000011P   1615
2017.485087458982D0,-12.96865162920361D0,165.9699551522814D0,    0000011P   1616
2051.105706368247D0,-3.909510932217755D0,166.1703361479384D0,    0000011P   1617
2067.618138440985D0,-2.606417634195285D-14,167.1989794294337D0,  0000011P   1618
-199.9999999999998D0,-103.9320119709307D0,138.1227788765965D0,   0000011P   1619
-183.9650391488871D0,-106.2796681227702D0,136.4423253229313D0,   0000011P   1620
-151.9037591649033D0,-111.0205328468365D0,133.058116426528D0,    0000011P   1621
-103.8420259948925D0,-118.2631141445671D0,127.8710755160834D0,   0000011P   1622
-55.81542304461563D0,-125.6315422177367D0,122.5275127278879D0,   0000011P   1623
-7.823204553677546D0,-133.1390607262808D0,117.050995162299D0,    0000011P   1624
40.13293004302523D0,-140.8077760369662D0,111.4789718701178D0,    0000011P   1625
88.08236952635279D0,-148.5147238824459D0,105.8717782508352D0,    0000011P   1626
136.0561988871435D0,-156.1071826409124D0,100.2630193111986D0,    0000011P   1627
184.085785358419D0,-163.4522141044422D0,94.75179530577037D0,     0000011P   1628
232.1980014004973D0,-170.4036091082398D0,89.44049799884215D0,    0000011P   1629
280.4143131441473D0,-176.8725758908539D0,84.45867719031455D0,    0000011P   1630
328.748704302791D0,-182.7743864538096D0,79.96744969339324D0,     0000011P   1631
377.201247822759D0,-188.038579460934D0,76.01314646865697D0,      0000011P   1632
425.7613401833405D0,-192.58570113209D0,72.5556744480995D0,       0000011P   1633
474.4144120380009D0,-196.3883930540324D0,69.58405559200507D0,    0000011P   1634
523.1428078081013D0,-199.4765766004879D0,67.08693553779995D0,    0000011P   1635
571.9303514499611D0,-201.8469810530849D0,65.06135039984909D0,    0000011P   1636
620.7643088403819D0,-203.4842290099294D0,63.53267407157221D0,    0000011P   1637
669.6296002591902D0,-204.3801029752407D0,62.52109672656867D0,    0000011P   1638
718.5110523345439D0,-204.5373338002054D0,62.04009442367558D0,    0000011P   1639
767.3919577194282D0,-203.9566509163914D0,62.07051552639237D0,    0000011P   1640
816.2576594163063D0,-202.6321092589949D0,62.53330491311876D0,    0000011P   1641
865.0953506816819D0,-200.5784557440904D0,63.39081391337592D0,    0000011P   1642
913.8926394020366D0,-197.858548375257D0,64.68298071405209D0,     0000011P   1643
962.6400576894262D0,-194.5093497668293D0,66.41503953616542D0,    0000011P   1644
1011.325707212825D0,-190.5239531826005D0,68.52989576742922D0,    0000011P   1645
1059.942595455964D0,-185.8994943218488D0,70.98826809502128D0,    0000011P   1646
1108.480655211073D0,-180.6752701495325D0,73.77251431684282D0,    0000011P   1647
1156.936389560486D0,-174.8676616404D0,76.86775439967195D0,       0000011P   1648
1205.30404206208D0,-168.5271108501973D0,80.25912733278693D0,     0000011P   1649
1253.584970196461D0,-161.6781714720519D0,83.92261621748166D0,    0000011P   1650
1301.778317478751D0,-154.371210325159D0,87.79566893079358D0,     0000011P   1651
1349.888511064619D0,-146.6199472941274D0,91.82436706851435D0,    0000011P   1652
1397.920896819312D0,-138.5034778779993D0,96.01316161043641D0,    0000011P   1653
1445.88403185881D0,-130.0658178374114D0,100.3673928736349D0,     0000011P   1654
1493.789150908535D0,-121.3770000525665D0,104.8342423213095D0,    0000011P   1655
1541.651157543811D0,-112.4905263344352D0,109.3514202637321D0,    0000011P   1656
1589.475641105867D0,-103.4378651928445D0,113.8938844292922D0,    0000011P   1657
1637.270128704492D0,-94.23817275923643D0,118.4295415312065D0,    0000011P   1658
1685.023114195494D0,-84.86412826902864D0,123.0236118133142D0,    0000011P   1659
1732.713678901525D0,-75.24373231135493D0,127.7848062897405D0,    0000011P   1660
1780.349501058704D0,-65.4283022211893D0,132.6961572064724D0,     0000011P   1661
1827.959017233606D0,-55.5524176335261D0,137.7090856419235D0,     0000011P   1662
1875.515382416841D0,-45.43462508742924D0,142.7476138439958D0,    0000011P   1663
1922.76781745424D0,-34.17546734364041D0,148.2146749720527D0,     0000011P   1664
1969.931437167708D0,-22.78243201752865D0,153.9551131033317D0,    0000011P   1665
2017.215145519906D0,-12.47874680420158D0,161.2861154279906D0,    0000011P   1666
2049.502358271101D0,-3.760570908855083D0,161.4604759049018D0,    0000011P   1667
2065.559653171877D0,-2.490671506716459D-14,162.5143715946261D0,  0000011P   1668
-199.9999999999998D0,-102.2888809309479D0,132.2781680043506D0,   0000011P   1669
-183.9651552464715D0,-104.6135593681155D0,130.5339958658562D0,   0000011P   1670
-151.9040521813627D0,-109.299729128669D0,127.0210737006313D0,    0000011P   1671
-103.8421045190325D0,-116.4402833357245D0,121.6469950116108D0,   0000011P   1672
-55.81474908269867D0,-123.6943836725711D0,116.1345871227811D0,   0000011P   1673
-7.82347955498548D0,-131.0574759647123D0,110.4758101269137D0,    0000011P   1674
40.132966024057D0,-138.5293493341708D0,104.6651923665461D0,      0000011P   1675
88.08218671758357D0,-145.9939191721346D0,98.80765021170411D0,    0000011P   1676
136.0565712408385D0,-153.3089224155424D0,93.00180526289674D0,    0000011P   1677
184.0853725269613D0,-160.3619829321985D0,87.36581493989893D0,    0000011P   1678
232.1989497780487D0,-167.0405630020439D0,82.0232471376105D0,     0000011P   1679
280.4142379193937D0,-173.2370195222243D0,77.04538384846921D0,    0000011P   1680
328.7493227611329D0,-178.808779011971D0,72.46673956993595D0,     0000011P   1681
377.2015626207685D0,-183.7079610586875D0,68.34901152808698D0,    0000011P   1682
425.7615068189305D0,-187.9366967467726D0,64.76881281814853D0,    0000011P   1683
474.4150271914392D0,-191.4950313395483D0,61.74417178520021D0,    0000011P   1684
523.1425089223333D0,-194.4056020370644D0,59.23936572052774D0,    0000011P   1685
571.9303852574684D0,-196.6643605338581D0,57.233445347326D0,      0000011P   1686
620.7643700052455D0,-198.2544392341504D0,55.72486822058276D0,    0000011P   1687
669.6298886181992D0,-199.1570113388613D0,54.71147770426148D0,    0000011P   1688
718.5107888407035D0,-199.3411245109728D0,54.17432419072259D0,    0000011P   1689
767.3917556876515D0,-198.8057344228027D0,54.10180151214414D0,    0000011P   1690
816.2576300249823D0,-197.6047489204434D0,54.51096494019859D0,    0000011P   1691
865.0949014170528D0,-195.7649093389647D0,55.38940864156893D0,    0000011P   1692
913.8927309424195D0,-193.2711526340104D0,56.66679955236425D0,    0000011P   1693
962.6391559644167D0,-190.125239847869D0,58.30557110106386D0,     0000011P   1694
1011.326083393768D0,-186.3642341877733D0,60.33377760475536D0,    0000011P   1695
1059.941088622876D0,-182.0076696495145D0,62.76275580394946D0,    0000011P   1696
1108.481300146267D0,-177.0825023028778D0,65.57743623753837D0,    0000011P   1697
1156.935202676402D0,-171.5945479833606D0,68.76277145957843D0,    0000011P   1698
1205.304698960647D0,-165.5600999669419D0,72.24936118861353D0,    0000011P   1699
1253.583233766054D0,-158.9778669703599D0,75.97416802353141D0,    0000011P   1700
1301.779062423797D0,-151.9147969801414D0,79.92774469723972D0,    0000011P   1701
1349.887312658565D0,-144.3986212091143D0,84.09919977843231D0,    0000011P   1702
1397.921352289001D0,-136.4958471208546D0,88.43957483482197D0,    0000011P   1703
1445.883334470702D0,-128.2390542041709D0,92.90034847614089D0,    0000011P   1704
1493.789454939904D0,-119.712071785956D0,97.48080217988492D0,     0000011P   1705
1541.650536960231D0,-110.9857953543635D0,102.1810196332118D0,    0000011P   1706
1589.475804713841D0,-102.0876287552561D0,106.964414232014D0,     0000011P   1707
1637.269736675927D0,-93.03075302251612D0,111.7822083520442D0,    0000011P   1708
1685.023585296839D0,-83.78145921918384D0,116.6505105015374D0,    0000011P   1709
1732.712537318277D0,-74.25875072571529D0,121.6013999462346D0,    0000011P   1710
1780.349242022892D0,-64.52290807294364D0,126.6492360403144D0,    0000011P   1711
1827.958711136065D0,-54.7321400742791D0,131.8395975618018D0,     0000011P   1712
1875.524309426486D0,-44.69509262220134D0,137.091703930666D0,     0000011P   1713
1922.747110702132D0,-33.4710426085908D0,142.7525145053138D0,     0000011P   1714
1970.013057656323D0,-22.07756329784239D0,148.6683726800725D0,    0000011P   1715
2016.936258025654D0,-11.95585740730175D0,156.3194834847076D0,    0000011P   1716
2047.845825905285D0,-3.599673350314202D0,156.5416250712342D0,    0000011P   1717
2063.42548977959D0,-2.373573348777894D-14,157.666613930438D0,    0000011P   1718
-199.9999999999998D0,-100.6394845605006D0,126.6855611979624D0,   0000011P   1719
-183.9652682375609D0,-102.9352276091197D0,124.8744778014553D0,   0000011P   1720
-151.9043373573993D0,-107.5527174533703D0,121.2304231758102D0,   0000011P   1721
-103.8421809420533D0,-114.5575249860209D0,115.6542716501128D0,   0000011P   1722
-55.81409315439885D0,-121.6427850882238D0,109.9179913808378D0,   0000011P   1723
-7.823747197912926D0,-128.804763691418D0,104.047878764561D0,     0000011P   1724
40.13300104232197D0,-136.0450366103592D0,98.08274183130658D0,    0000011P   1725
88.08200880034218D0,-143.2441091194148D0,92.11520227849022D0,    0000011P   1726
136.0569336312342D0,-150.2560539826587D0,86.22129532670388D0,    0000011P   1727
184.0849707418909D0,-156.9585081414077D0,80.49717007304989D0,    0000011P   1728
232.1998727792751D0,-163.21494799318D0,75.02821730377006D0,      0000011P   1729
280.414164707478D0,-168.9631823205591D0,69.93146201111054D0,     0000011P   1730
328.7499246709968D0,-174.1570058055438D0,65.35247523854413D0,    0000011P   1731
377.2018689955231D0,-178.7541776427445D0,61.32990819723852D0,    0000011P   1732
425.7616689957586D0,-182.7002718625975D0,57.8186239033379D0,     0000011P   1733
474.4156258848746D0,-185.9916087376034D0,54.80800304176585D0,    0000011P   1734
523.1422180340005D0,-188.6855364384901D0,52.30046813544197D0,    0000011P   1735
571.9304181602194D0,-190.7826600436598D0,50.27555260450617D0,    0000011P   1736
620.7644295335906D0,-192.2359126849893D0,48.69784329602074D0,    0000011P   1737
669.6301692619514D0,-193.0382448481538D0,47.57527621485486D0,    0000011P   1738
718.5105323970201D0,-193.2379366995391D0,46.96987014758948D0,    0000011P   1739
767.3915590597641D0,-192.8448784506017D0,46.87969948871167D0,    0000011P   1740
816.2576014209536D0,-191.8091971577863D0,47.20682222913955D0,    0000011P   1741
865.0944641810054D0,-190.1249576602112D0,47.91491644382016D0,    0000011P   1742
913.8928200313731D0,-187.8662898435706D0,49.07893600655821D0,    0000011P   1743
962.6382783407323D0,-185.0668710373971D0,50.72365427040292D0,    0000011P   1744
1011.326449512036D0,-181.6916631207789D0,52.78501890037416D0,    0000011P   1745
1059.939622205406D0,-177.7131546867092D0,55.21917418401353D0,    0000011P   1746
1108.481927830859D0,-173.1348965466398D0,57.99556717465227D0,    0000011P   1747
1156.934047206649D0,-167.9471944308615D0,61.09226508183002D0,    0000011P   1748
1205.305338190573D0,-162.2049281047172D0,64.50796066118123D0,    0000011P   1749
1253.581545008187D0,-155.9354082004807D0,68.23364936980069D0,    0000011P   1750
1301.779788032045D0,-149.1888757516527D0,72.26691977573699D0,    0000011P   1751
1349.886142132612D0,-141.9807517282297D0,76.60498861955747D0,    0000011P   1752
1397.921792454438D0,-134.3582555785029D0,81.14542427283791D0,    0000011P   1753
1445.882669941515D0,-126.3356541862848D0,85.78678657004896D0,    0000011P   1754
1493.789765399169D0,-118.0045911627159D0,90.52224422035269D0,    0000011P   1755
1541.649885892989D0,-109.4457377426035D0,95.34460951396972D0,    0000011P   1756
1589.475900817089D0,-100.6946729148826D0,100.2466815598387D0,    0000011P   1757
1637.269506670088D0,-91.77483585188058D0,105.2203255317488D0,    0000011P   1758
1685.024304729168D0,-82.65093955084963D0,110.2711649101858D0,    0000011P   1759
1732.710953436634D0,-73.23657839037547D0,115.4022897310183D0,    0000011P   1760
1780.347962949881D0,-63.59721401211576D0,120.6388757162011D0,    0000011P   1761
1827.959777425097D0,-53.90566060852961D0,126.061261855665D0,     0000011P   1762
1875.537012083969D0,-43.96065228086087D0,131.5769394596805D0,    0000011P   1763
1922.723088828287D0,-32.78821522276345D0,137.5093703231509D0,    0000011P   1764
1970.078234202141D0,-21.41159583040166D0,143.6877994332805D0,    0000011P   1765
2016.670600643781D0,-11.46541811524754D0,151.667062771343D0,     0000011P   1766
2046.267927532054D0,-3.450191428100432D0,151.9018183778567D0,    0000011P   1767
2061.399845045275D0,-2.259608458858899D-14,153.0745388976725D0,  0000011P   1768
-199.9999999999999D0,-98.834417249292D0,120.8939402239247D0,     0000011P   1769
-183.9653851001643D0,-101.09083362619D0,119.0111835392173D0,     0000011P   1770
-151.9046323046754D0,-105.6163784166651D0,115.2312024713292D0,   0000011P   1771
-103.842259983624D0,-112.4528154195624D0,109.4849525737084D0,    0000011P   1772
-55.81341475144492D0,-119.351013888645D0,103.626813062339D0,     0000011P   1773
-7.82402401132763D0,-126.2799642325051D0,97.64589227739252D0,    0000011P   1774
40.13303726044882D0,-133.2082663633795D0,91.53350625388471D0,    0000011P   1775
88.08182478696438D0,-140.0113601899607D0,85.40362219247975D0,    0000011P   1776
136.0573084385341D0,-146.533428483493D0,79.360960505457D0,       0000011P   1777
184.0845551901018D0,-152.7085603453986D0,73.55594847615009D0,    0000011P   1778
232.2008274061114D0,-158.4969285819506D0,68.16560660884638D0,    0000011P   1779
280.4140889870348D0,-163.8189315989544D0,63.23722240098584D0,    0000011P   1780
328.7505472046369D0,-168.5380531828849D0,58.73552363635522D0,    0000011P   1781
377.2021858678756D0,-172.6478726659646D0,54.70739893896602D0,    0000011P   1782
425.761836729388D0,-176.2266871466963D0,51.25066941229486D0,     0000011P   1783
474.4162450918428D0,-179.2877048116582D0,48.36247005752151D0,    0000011P   1784
523.1419171787318D0,-181.8109987529785D0,45.94810894846665D0,    0000011P   1785
571.9304521904662D0,-183.7817377753057D0,43.96464306897109D0,    0000011P   1786
620.7644911015217D0,-185.1903663234301D0,42.42206447066115D0,    0000011P   1787
669.6304595212131D0,-186.0260385405238D0,41.32412604820497D0,    0000011P   1788
718.510267166828D0,-186.2786753015678D0,40.6626455547155D0,      0000011P   1789
767.3913556962444D0,-185.9468199589341D0,40.42676517461198D0,    0000011P   1790
816.2575718361571D0,-185.0414593740993D0,40.60942240597566D0,    0000011P   1791
865.094011957672D0,-183.5799911291949D0,41.20696848395539D0,     0000011P   1792
913.8929121744883D0,-181.6094011210954D0,42.23433844978565D0,    0000011P   1793
962.6373706676561D0,-179.1426352193904D0,43.69148532203247D0,    0000011P   1794
1011.326828172509D0,-176.1079544422848D0,45.53659204868151D0,    0000011P   1795
1059.938105465489D0,-172.4638467677297D0,47.75229313822284D0,    0000011P   1796
1108.482577017285D0,-168.2839847684671D0,50.39307751617293D0,    0000011P   1797
1156.932852421825D0,-163.593461626188D0,53.48746300498685D0,     0000011P   1798
1205.305999396472D0,-158.3390729299238D0,56.93767531040479D0,    0000011P   1799
1253.579797416523D0,-152.4684554793036D0,60.66302098346156D0,    0000011P   1800
1301.780538024269D0,-146.0641457959008D0,64.67012709798044D0,    0000011P   1801
1349.884934857843D0,-139.167409103565D0,68.96265968088117D0,     0000011P   1802
1397.92225020181D0,-131.8413922014285D0,73.52048956140499D0,     0000011P   1803
1445.881971254216D0,-124.1185411692349D0,78.32620763733374D0,    0000011P   1804
1493.790074814784D0,-116.0640697146178D0,83.28360143221659D0,    0000011P   1805
1541.649250288283D0,-107.7277817359144D0,88.27886474970413D0,    0000011P   1806
1589.476050848078D0,-99.15858664921339D0,93.3258136443863D0,     0000011P   1807
1637.269147237006D0,-90.40158838599227D0,98.45570035316419D0,    0000011P   1808
1685.024839511841D0,-81.42583581444774D0,103.6921143330954D0,    0000011P   1809
1732.709694559028D0,-72.14702877583125D0,109.0617795833164D0,    0000011P   1810
1780.347463794044D0,-62.63016715847983D0,114.5603509303598D0,    0000011P   1811
1827.959786011879D0,-53.0482458284387D0,120.2028958515228D0,     0000011P   1812
1875.546929896389D0,-43.19226808957016D0,125.9007838301614D0,    0000011P   1813
1922.701347389693D0,-32.06853901364612D0,132.0559700501761D0,    0000011P   1814
1970.157082038539D0,-20.71115071669803D0,138.4991125662783D0,    0000011P   1815
2016.391214430858D0,-10.95159488811025D0,146.8020055863697D0,    0000011P   1816
2044.608444477285D0,-3.292954578410324D0,147.0296421891623D0,    0000011P   1817
2059.263554464915D0,-2.141738688700192D-14,148.2423617710792D0,  0000011P   1818
-199.9999999999997D0,-96.970663542553D0,115.3070856186292D0,     0000011P   1819
-183.9654997682926D0,-99.17698947312141D0,113.3498304276636D0,   0000011P   1820
-151.9049217133574D0,-103.5829802287767D0,109.4315743355368D0,   0000011P   1821
-103.8423375409322D0,-110.1837243682893D0,103.4947262061432D0,   0000011P   1822
-55.8127490877126D0,-116.791939661627D0,97.44385407878771D0,     0000011P   1823
-7.824295626670422D0,-123.3719925467381D0,91.30823827622052D0,   0000011P   1824
40.1330727984626D0,-129.8859286306435D0,85.12899833363343D0,     0000011P   1825
88.08164422903577D0,-136.21950630511D0,79.02582683306558D0,      0000011P   1826
136.0576762076085D0,-142.2305211951018D0,73.10973343145373D0,    0000011P   1827
184.0841474416487D0,-147.8598744637038D0,67.47872878195905D0,    0000011P   1828
232.2017641067247D0,-153.0629045570544D0,62.2189689117446D0,     0000011P   1829
280.4140146884898D0,-157.8129650908308D0,57.4009511947465D0,     0000011P   1830
328.7511580481821D0,-162.0732750578804D0,53.08587853559595D0,    0000011P   1831
377.2024967899192D0,-165.8425129769993D0,49.29318830127625D0,    0000011P   1832
425.7620013132722D0,-169.1436038323992D0,46.0036228778807D0,     0000011P   1833
474.4168526711913D0,-171.9639234433729D0,43.18816487655478D0,    0000011P   1834
523.1416219729955D0,-174.2588532277555D0,40.78743258230331D0,    0000011P   1835
571.9304855816707D0,-176.0244387932946D0,38.77877451615861D0,    0000011P   1836
620.7645515133249D0,-177.316603750481D0,37.20144858802046D0,     0000011P   1837
669.6307443299617D0,-178.1370969282241D0,36.06382586646285D0,    0000011P   1838
718.51000691717D0,-178.4170692749106D0,35.32058699803903D0,      0000011P   1839
767.391156151361D0,-178.1491426595111D0,34.95677890152344D0,     0000011P   1840
816.2575428069818D0,-177.4293647144099D0,35.02010654195198D0,    0000011P   1841
865.0935682269455D0,-176.2774321813457D0,35.50855611945519D0,    0000011P   1842
913.8930025871375D0,-174.5582261997803D0,36.31657157008579D0,    0000011P   1843
962.6364800367504D0,-172.2346395620367D0,37.4194139095675D0,     0000011P   1844
1011.327199722666D0,-169.5112604782646D0,38.99567815524031D0,    0000011P   1845
1059.936617215749D0,-166.4666615069634D0,41.12689988991211D0,    0000011P   1846
1108.483214013691D0,-162.8651929969553D0,43.62565293334636D0,    0000011P   1847
1156.931680042784D0,-158.5517674573523D0,46.39081572092681D0,    0000011P   1848
1205.306648178043D0,-153.6887713000457D0,49.57344939574914D0,    0000011P   1849
1253.578082747765D0,-148.3688092909721D0,53.26981009149582D0,    0000011P   1850
1301.78127398528D0,-142.5330541605318D0,57.36612255418942D0,     0000011P   1851
1349.883749886102D0,-136.1073527827579D0,61.7682789594788D0,     0000011P   1852
1397.92269907988D0,-129.1682974422459D0,66.41721834348613D0,     0000011P   1853
1445.881286933385D0,-121.7606089892133D0,71.25333367253657D0,    0000011P   1854
1493.790379698459D0,-113.9766978375567D0,76.25668115587969D0,    0000011P   1855
1541.64862248564D0,-105.89815257806D0,81.40569620913517D0,       0000011P   1856
1589.476192520447D0,-97.56338255899568D0,86.66088286540123D0,    0000011P   1857
1637.268807855039D0,-88.99946336728669D0,91.9723232400723D0,     0000011P   1858
1685.025387157286D0,-80.18031659235697D0,97.3596881845743D0,     0000011P   1859
1732.708417814579D0,-71.03248316592044D0,102.8598800349243D0,    0000011P   1860
1780.346883864011D0,-61.63016817293971D0,108.4923799274729D0,    0000011P   1861
1827.959914186802D0,-52.16108572891209D0,114.3130250948465D0,    0000011P   1862
1875.557013864342D0,-42.40811457318308D0,120.2338804142554D0,    0000011P   1863
1922.679674579542D0,-31.34670689669734D0,126.6564980020119D0,    0000011P   1864
1970.233197507436D0,-20.01763017778463D0,133.3889681851344D0,    0000011P   1865
2016.117580896433D0,-10.44625609443879D0,142.0333718159578D0,    0000011P   1866
2042.983135274647D0,-3.138497535131366D0,142.265960803263D0,     0000011P   1867
2057.171892775398D0,-2.026082306763411D-14,143.5236916807579D0,  0000011P   1868
-199.9999999999999D0,-94.95394222738844D0,109.71386038408D0,     0000011P   1869
-183.9656142065471D0,-97.10899913102615D0,107.7124290954036D0,   0000011P   1870
-151.9052105418667D0,-101.3833168994964D0,103.7163974463363D0,   0000011P   1871
-103.8424149427627D0,-107.7071370438262D0,97.68686337948731D0,   0000011P   1872
-55.81208475842504D0,-113.9685283723628D0,91.55762763859869D0,   0000011P   1873
-7.824566697510469D0,-120.1103518415372D0,85.37673085965173D0,   0000011P   1874
40.13310826523394D0,-126.063343335503D0,79.20663491881963D0,     0000011P   1875
88.08146403306894D0,-131.7597123838848D0,73.19338716540891D0,    0000011P   1876
136.0580432394222D0,-137.1217710383002D0,67.48704954934885D0,    0000011P   1877
184.0837405106021D0,-142.1141020378042D0,62.13944452034085D0,    0000011P   1878
232.2026989295509D0,-146.6960364254351D0,57.15440151435195D0,    0000011P   1879
280.4139405388905D0,-150.9024955621495D0,52.58384455446581D0,    0000011P   1880
328.7517676671802D0,-154.8189019309721D0,48.50041540078212D0,    0000011P   1881
377.2028070886596D0,-158.3951103453789D0,44.9018023191034D0,     0000011P   1882
425.762165567222D0,-161.456969248793D0,41.71414302063757D0,      0000011P   1883
474.4174590325434D0,-163.9908207741138D0,38.92487879220931D0,    0000011P   1884
523.1413273590455D0,-166.1302961912796D0,36.56839480744311D0,    0000011P   1885
571.9305189059035D0,-167.882366317115D0,34.62873602974987D0,     0000011P   1886
620.7646118040456D0,-169.1431860310022D0,33.0581039476743D0,     0000011P   1887
669.6310285678779D0,-169.8796030920137D0,31.84755546904964D0,    0000011P   1888
718.5097471891604D0,-170.1288981260692D0,31.01565444930384D0,    0000011P   1889
767.3909570060608D0,-169.9092207727826D0,30.55767705144688D0,    0000011P   1890
816.2575138361927D0,-169.2250463151177D0,30.44697254530632D0,    0000011P   1891
865.0931253873738D0,-168.100720406956D0,30.67891591510074D0,     0000011P   1892
913.8930928180915D0,-166.6194613176537D0,31.30573960921967D0,    0000011P   1893
962.6355911853964D0,-164.8001264677542D0,32.33928410434554D0,    0000011P   1894
1011.32757052865D0,-162.4924212376901D0,33.6816748684557D0,      0000011P   1895
1059.935131970723D0,-159.6202330057031D0,35.30229426756921D0,    0000011P   1896
1108.483849734502D0,-156.3452093652752D0,37.37569136381384D0,    0000011P   1897
1156.930509938205D0,-152.7356030858562D0,40.01272915494657D0,    0000011P   1898
1205.307295638821D0,-148.6088840435625D0,43.09352997716871D0,    0000011P   1899
1253.576371783035D0,-143.8137071133895D0,46.52874664274583D0,    0000011P   1900
1301.782008602325D0,-138.4247203035064D0,50.34468566678883D0,    0000011P   1901
1349.882566367116D0,-132.4727291500952D0,54.56203465910828D0,    0000011P   1902
1397.923146371073D0,-126.0057352633774D0,59.15225323211789D0,    0000011P   1903
1445.880607113926D0,-119.0434918006041D0,64.09011640398349D0,    0000011P   1904
1493.790687180825D0,-111.6507140518408D0,69.25219468494936D0,    0000011P   1905
1541.647985562534D0,-103.8774239186551D0,74.49375675198759D0,    0000011P   1906
1589.476319994832D0,-95.7893400847465D0,79.83435741658764D0,     0000011P   1907
1637.268502553212D0,-87.45461906385269D0,85.32228190382811D0,    0000011P   1908
1685.025991218579D0,-78.84328236143466D0,90.94191025353736D0,    0000011P   1909
1732.707039408716D0,-69.86427162313805D0,96.64897490099705D0,    0000011P   1910
1780.346078739766D0,-60.60087752046863D0,102.4794607754518D0,    0000011P   1911
1827.96034279081D0,-51.26726942735061D0,108.5625868526582D0,     0000011P   1912
1875.567962466523D0,-41.63573637764915D0,114.7752475000603D0,    0000011P   1913
1922.657192399281D0,-30.63690391031504D0,121.409641933986D0,     0000011P   1914
1970.306017311037D0,-19.32143007004365D0,128.2786889961735D0,    0000011P   1915
2015.845767194674D0,-9.93356105971151D0,137.2256352051987D0,     0000011P   1916
2041.368646466714D0,-2.981560024405419D0,137.5192132984012D0,    0000011P   1917
2055.095756394152D0,-1.9106577792163D-14,138.8529509072037D0,    0000011P   1918
-199.9999999999998D0,-92.73916007583874D0,104.1601690580001D0,   0000011P   1919
-183.9657297907765D0,-94.79845856276894D0,102.0710904270702D0,   0000011P   1920
-151.9055022626783D0,-98.85134664891558D0,97.93894947017454D0,   0000011P   1921
-103.8424931196878D0,-104.7642363410991D0,91.81723805393102D0,   0000011P   1922
-55.81141377660507D0,-110.5487950343239D0,85.70152558644588D0,   0000011P   1923
-7.824840482828996D0,-116.1188715178476D0,79.64996259725683D0,   0000011P   1924
40.13314408716617D0,-121.3606184473496D0,73.74298356385592D0,    0000011P   1925
88.08128203263603D0,-126.2874231633921D0,68.08665566545409D0,    0000011P   1926
136.0584139466588D0,-130.9293701345464D0,62.78028031803418D0,    0000011P   1927
184.0833295045858D0,-135.3227562094106D0,57.83150075692464D0,    0000011P   1928
232.2036431136049D0,-139.5222992055955D0,53.20001568284955D0,    0000011P   1929
280.4138656467612D0,-143.4807611365134D0,48.89358540209938D0,    0000011P   1930
328.7523833908486D0,-147.069732431791D0,44.91781191377799D0,     0000011P   1931
377.2031204947122D0,-150.2696966649846D0,41.31001400993097D0,    0000011P   1932
425.7623314659847D0,-153.1266058106039D0,38.13017426491524D0,    0000011P   1933
474.4180714659095D0,-155.6218050659656D0,35.38378041724661D0,    0000011P   1934
523.1410297948886D0,-157.6901993157077D0,33.02575580581809D0,    0000011P   1935
571.9305525639692D0,-159.3025566502663D0,31.03320018638616D0,    0000011P   1936
620.7646726984179D0,-160.4644252557405D0,29.41644208842672D0,    0000011P   1937
669.6313156516602D0,-161.1790469561491D0,28.18368165012784D0,    0000011P   1938
718.5094848605278D0,-161.4638246563982D0,27.33133789273476D0,    0000011P   1939
767.3907558682586D0,-161.3271572650685D0,26.84298434153581D0,    0000011P   1940
816.2574845745547D0,-160.7658494743271D0,26.69125683234667D0,    0000011P   1941
865.0926781069375D0,-159.7811491267185D0,26.84978460344696D0,    0000011P   1942
913.8931839543554D0,-158.367406121431D0,27.28245355556215D0,     0000011P   1943
962.6346934561447D0,-156.5446523291613D0,27.98474209253102D0,    0000011P   1944
1011.327945045242D0,-154.4325289562873D0,29.04702776506714D0,    0000011P   1945
1059.933631769623D0,-152.0750417301759D0,30.51496512031673D0,    0000011P   1946
1108.48449181593D0,-149.3109113283183D0,32.30638851227546D0,     0000011P   1947
1156.929328412352D0,-146.0267580655661D0,34.39472265874125D0,    0000011P   1948
1205.307949662081D0,-142.3163669332336D0,36.9442471157415D0,     0000011P   1949
1253.574642643254D0,-138.216234587312D0,40.07274717934072D0,     0000011P   1950
1301.782750062487D0,-133.5970959904761D0,43.71461429855516D0,    0000011P   1951
1349.881374600844D0,-128.321356746501D0,47.82013764997476D0,     0000011P   1952
1397.923600825019D0,-122.4419653085547D0,52.32994098228955D0,    0000011P   1953
1445.879908262339D0,-115.9819785467297D0,57.1856904784208D0,     0000011P   1954
1493.790985203923D0,-109.0237306647487D0,62.32497638754724D0,    0000011P   1955
1541.647382803589D0,-101.6382303629357D0,67.67967943879017D0,    0000011P   1956
1589.476503096208D0,-93.88220827954095D0,73.18863509855973D0,    0000011P   1957
1637.268063728636D0,-85.80702093395426D0,78.77723701095547D0,    0000011P   1958
1685.026376670136D0,-77.40441036648446D0,84.49178997431574D0,    0000011P   1959
1732.706054304899D0,-68.62201876054053D0,90.42884613651724D0,    0000011P   1960
1780.346149742911D0,-59.53787237024143D0,96.54623635291981D0,    0000011P   1961
1827.959601153738D0,-50.33968930935049D0,102.7597299039943D0,    0000011P   1962
1875.575564328059D0,-40.80114630311967D0,108.999888530877D0,     0000011P   1963
1922.637816340116D0,-29.87010007326641D0,115.8540598908761D0,    0000011P   1964
1970.391843746187D0,-18.61112802983445D0,123.138082760141D0,     0000011P   1965
2015.566265713711D0,-9.427302537628384D0,132.459552142249D0,     0000011P   1966
2039.708451156738D0,-2.82664577042159D0,132.7005697372642D0,     0000011P   1967
2052.954564228455D0,-1.794077401061492D-14,134.0518601338908D0,  0000011P   1968
-199.9999999999998D0,-90.27036138465783D0,98.70454283594393D0,   0000011P   1969
-183.9658451445293D0,-92.2279466140277D0,96.59135465800124D0,    0000011P   1970
-151.9057934017961D0,-96.03749725570215D0,92.45242967224989D0,   0000011P   1971
-103.8425711407276D0,-101.4240824720264D0,86.41464555419356D0,   0000011P   1972
-55.81074413272797D0,-106.4685378901803D0,80.44100220359849D0,   0000011P   1973
-7.825113722217536D0,-111.2073170253162D0,74.66764804903457D0,   0000011P   1974
40.13317983766928D0,-115.6709039432708D0,69.28942707003206D0,    0000011P   1975
88.08110039511345D0,-119.933376742437D0,64.24928953263557D0,     0000011P   1976
136.0587839147022D0,-124.0897271831629D0,59.40962535160619D0,    0000011P   1977
184.0829193181183D0,-128.1222925116363D0,54.73167435620391D0,    0000011P   1978
232.2045854149506D0,-131.9692875703059D0,50.16173826517697D0,    0000011P   1979
280.4137909039707D0,-135.6147518530694D0,45.78449078067391D0,    0000011P   1980
328.7529978867573D0,-139.061321493548D0,41.76143430079438D0,     0000011P   1981
377.2034332758212D0,-142.2299858686686D0,38.14637708960986D0,    0000011P   1982
425.7624970339555D0,-144.9514378471504D0,34.91965106522549D0,    0000011P   1983
474.4186826781145D0,-147.2001141592264D0,32.08838817819105D0,    0000011P   1984
523.1407328240434D0,-149.0856599267264D0,29.67044138254993D0,    0000011P   1985
571.9305861547834D0,-150.6119793026264D0,27.6519792619353D0,     0000011P   1986
620.7647334714679D0,-151.6875041734013D0,26.00047581889044D0,    0000011P   1987
669.631602163502D0,-152.3048395616621D0,24.71722578468058D0,     0000011P   1988
718.5092230546875D0,-152.569709229839D0,23.83207689397857D0,     0000011P   1989
767.3905551296565D0,-152.506590987564D0,23.33447469052561D0,     0000011P   1990
816.2574553720656D0,-152.0195920041464D0,23.16348951287969D0,    0000011P   1991
865.0922317252374D0,-151.0844554514505D0,23.28342894416328D0,    0000011P   1992
913.8932749069955D0,-149.7902734695482D0,23.70102245152593D0,    0000011P   1993
962.6337974920019D0,-148.1846486810774D0,24.40732861094127D0,    0000011P   1994
1011.32831881788D0,-146.2597048976091D0,25.35837639506347D0,     0000011P   1995
1059.93213465009D0,-144.0138423645789D0,26.53625045134413D0,     0000011P   1996
1108.485132622953D0,-141.4753222124975D0,28.00065058974774D0,    0000011P   1997
1156.928148920772D0,-138.6455070569487D0,29.8052381782778D0,     0000011P   1998
1205.30860229551D0,-135.4868572301911D0,31.99792312850019D0,     0000011P   1999
1253.572918083253D0,-131.9466779787441D0,34.62348299514443D0,    0000011P   2000
1301.783490601918D0,-127.9525487375983D0,37.76263249936741D0,    0000011P   2001
1349.880181294271D0,-123.4108884074156D0,41.49139821822571D0,    0000011P   2002
1397.924051456619D0,-118.2724506156536D0,45.75219285126584D0,    0000011P   2003
1445.87922408803D0,-112.4608423268705D0,50.49147644444771D0,     0000011P   2004
1493.791296257606D0,-106.0563179045344D0,55.59972134285462D0,    0000011P   2005
1541.646737191205D0,-99.13104829124833D0,60.95324077993271D0,    0000011P   2006
1589.476626772392D0,-91.76057411865321D0,66.52450177973714D0,    0000011P   2007
1637.267767549736D0,-84.02243816117036D0,72.30260198847648D0,    0000011P   2008
1685.027005479129D0,-75.90103291549454D0,78.2398912756023D0,     0000011P   2009
1732.704628783362D0,-67.32087501888218D0,84.25647176675101D0,    0000011P   2010
1780.345259797263D0,-58.38831859706079D0,90.40651009699863D0,    0000011P   2011
1827.960137304969D0,-49.35554982916528D0,96.87530448580145D0,    0000011P   2012
1875.586906914729D0,-39.98306843667247D0,103.5249732295165D0,    0000011P   2013
1922.61485899929D0,-29.14064760878924D0,110.6239738098582D0,     0000011P   2014
1970.464157751124D0,-17.89842730613308D0,117.970392395357D0,     0000011P   2015
2015.292717727618D0,-8.903163763680094D0,127.5872745396406D0,    0000011P   2016
2038.083665094397D0,-2.666471219315333D0,127.9345449866436D0,    0000011P   2017
2050.865742888018D0,-1.677729485056332D-14,129.3852261772753D0,  0000011P   2018
-199.9999999999998D0,-87.41766942079428D0,93.44830528788472D0,   0000011P   2019
-183.965960233011D0,-89.170294643845D0,91.30918325477389D0,      0000011P   2020
-151.9060838714001D0,-92.56052941440453D0,87.17779746398794D0,   0000011P   2021
-103.8426489823474D0,-97.23915725543249D0,81.41205130602683D0,   0000011P   2022
-55.81007602878813D0,-101.433220962216D0,76.07509100893836D0,    0000011P   2023
-7.825386333254827D0,-105.3264574420996D0,71.05712694128954D0,   0000011P   2024
40.13321550595914D0,-109.1302979973632D0,66.25854948460219D0,    0000011P   2025
88.08091917529094D0,-112.9205412061185D0,61.55790147145581D0,    0000011P   2026
136.0591530319541D0,-116.7694298039093D0,56.76223837071821D0,    0000011P   2027
184.0825100749309D0,-120.6157810905386D0,51.95873787934114D0,    0000011P   2028
232.2055255493442D0,-124.3486400174533D0,47.31675069305082D0,    0000011P   2029
280.4137163330569D0,-127.8720116169176D0,42.92788580962286D0,    0000011P   2030
328.7536109695522D0,-131.0516484807931D0,38.85087170415111D0,    0000011P   2031
377.2037453376594D0,-133.8699469019779D0,35.14977162605417D0,    0000011P   2032
425.7626622211662D0,-136.3942571302639D0,31.88560469314489D0,    0000011P   2033
474.4192924847075D0,-138.610029040181D0,29.06651627294357D0,     0000011P   2034
523.140436536167D0,-140.4409245289064D0,26.6439565069481D0,      0000011P   2035
571.9306196685237D0,-141.8651250011836D0,24.59370470597329D0,    0000011P   2036
620.7647941046337D0,-142.9229457809174D0,22.92998715487439D0,    0000011P   2037
669.6318880158266D0,-143.6109346910039D0,21.6539329834506D0,     0000011P   2038
718.5089618512784D0,-143.8720027269783D0,20.73258568554034D0,    0000011P   2039
767.3903548550595D0,-143.7019331416734D0,20.1436113674786D0,     0000011P   2040
816.2574262357116D0,-143.1795197884671D0,19.89220506202937D0,    0000011P   2041
865.0917863613382D0,-142.3436307530993D0,19.96727137536133D0,    0000011P   2042
913.8933656528893D0,-141.1772377940977D0,20.33685718100985D0,    0000011P   2043
962.632903619992D0,-139.6789189866398D0,20.97828893595469D0,     0000011P   2044
1011.328691727374D0,-137.8667503694319D0,21.88217609967779D0,    0000011P   2045
1059.930640858793D0,-135.7559863580246D0,23.0359836570873D0,     0000011P   2046
1108.485771948834D0,-133.3987947280534D0,24.41816804277551D0,    0000011P   2047
1156.926972550521D0,-130.8192501428991D0,26.02421998022614D0,    0000011P   2048
1205.30925353706D0,-128.0006462331998D0,27.9000609592941D0,      0000011P   2049
1253.571196050352D0,-124.9098609207022D0,30.08708046328221D0,    0000011P   2050
1301.784228729402D0,-121.4721564391904D0,32.7025693575206D0,     0000011P   2051
1349.878995710556D0,-117.5944004023719D0,35.85797000479077D0,    0000011P   2052
1397.924504758802D0,-113.1991080030887D0,39.61515236844636D0,    0000011P   2053
1445.878524601463D0,-108.1861668491218D0,44.040729323569D0,      0000011P   2054
1493.791589276806D0,-102.5413785452794D0,48.99427062611056D0,    0000011P   2055
1541.646149064303D0,-96.23042454537318D0,54.3164152717146D0,     0000011P   2056
1589.476825238201D0,-89.34554056735085D0,59.92518380686612D0,    0000011P   2057
1637.26729184064D0,-81.99802051555696D0,65.73723217551678D0,     0000011P   2058
1685.027322522084D0,-74.19762043218505D0,71.75673678303444D0,    0000011P   2059
1732.703768872471D0,-65.90042896823366D0,78.01983378254025D0,    0000011P   2060
1780.345593225099D0,-57.2106766795001D0,84.49122518283627D0,     0000011P   2061
1827.959049846646D0,-48.36071066443031D0,91.13625791532564D0,    0000011P   2062
1875.593449138824D0,-39.11564402675114D0,97.85680056240011D0,    0000011P   2063
1922.596555898479D0,-28.363983684221D0,105.1948923658756D0,      0000011P   2064
1970.553264199286D0,-17.1911648513083D0,112.943203438358D0,      0000011P   2065
2015.012939482695D0,-8.402606613964014D0,122.897602496474D0,     0000011P   2066
2036.421813157713D0,-2.514054955572503D0,123.1637592104249D0,    0000011P   2067
2048.720581303139D0,-1.561649126963078D-14,124.6132627112118D0,  0000011P   2068
-199.9999999999999D0,-84.0919169042749D0,88.62179978893083D0,    0000011P   2069
-183.9660741139639D0,-85.47811108071691D0,86.65068634196793D0,   0000011P   2070
-151.9063712933458D0,-88.19494424611311D0,82.84201541541523D0,   0000011P   2071
-103.8427260072394D0,-92.01145819742075D0,77.64553278308024D0,   0000011P   2072
-55.80941493471238D0,-95.45494261454469D0,73.11709743673644D0,   0000011P   2073
-7.825656084009199D0,-98.79193756720727D0,68.78778972774946D0,   0000011P   2074
40.13325080001105D0,-102.3523456881041D0,64.08998190966534D0,    0000011P   2075
88.08073985685894D0,-106.0604395246403D0,59.17123902643973D0,    0000011P   2076
136.0595182763629D0,-109.7661717209132D0,54.293262628148D0,      0000011P   2077
184.082105125595D0,-113.3684232214084D0,49.52030506336066D0,     0000011P   2078
232.2064558196837D0,-116.7443145175254D0,44.84246294633385D0,    0000011P   2079
280.4136425445575D0,-119.8951135912065D0,40.36716520465596D0,    0000011P   2080
328.7542176197731D0,-122.8957180097807D0,36.2568446522431D0,     0000011P   2081
377.2040541252839D0,-125.6838064201447D0,32.56759301332831D0,    0000011P   2082
425.7628256752109D0,-128.0790645584964D0,29.27707860548523D0,    0000011P   2083
474.4198958931283D0,-130.0580215590862D0,26.38998027822116D0,    0000011P   2084
523.1401433569711D0,-131.7366933510892D0,23.91949974663888D0,    0000011P   2085
571.9306528305411D0,-133.1253389257721D0,21.85053350251268D0,    0000011P   2086
620.7648541016952D0,-134.1517016410149D0,20.15902809988354D0,    0000011P   2087
669.6321708692814D0,-134.7832144787497D0,18.83713638062934D0,    0000011P   2088
718.5087033882629D0,-135.0134520143039D0,17.87240646387581D0,    0000011P   2089
767.3901566805112D0,-134.8498514337305D0,17.24582598282159D0,    0000011P   2090
816.2573974056073D0,-134.3328493952193D0,16.9426315423769D0,     0000011P   2091
865.0913456749155D0,-133.5013986397342D0,16.94807496875259D0,    0000011P   2092
913.8934554453784D0,-132.4183089251268D0,17.25900263445637D0,    0000011P   2093
962.6320191097477D0,-131.109242308992D0,17.86065592721244D0,     0000011P   2094
1011.329060726153D0,-129.4994304663862D0,18.70056743192981D0,    0000011P   2095
1059.929162801622D0,-127.5551763539093D0,19.7494154286597D0,     0000011P   2096
1108.4864045708D0,-125.3744572060874D0,21.05022930652468D0,      0000011P   2097
1156.925808305261D0,-123.0062506810168D0,22.62783710057866D0,    0000011P   2098
1205.309897887677D0,-120.3971334524766D0,24.41948783494777D0,    0000011P   2099
1253.569492851252D0,-117.5016308975816D0,26.38246838828121D0,    0000011P   2100
1301.784959489747D0,-114.4034239569585D0,28.63899950767665D0,    0000011P   2101
1349.877819915787D0,-111.1475320137823D0,31.30117735293715D0,    0000011P   2102
1397.9249513315D0,-107.5285002497883D0,34.50228177872752D0,      0000011P   2103
1445.877841443109D0,-103.3248674877155D0,38.37626535963215D0,    0000011P   2104
1493.791888441481D0,-98.47850293694987D0,42.89380512417971D0,    0000011P   2105
1541.645537296033D0,-92.91517657753263D0,48.02371940609967D0,    0000011P   2106
1589.476981655917D0,-86.68440072676665D0,53.6246283028955D0,     0000011P   2107
1637.266917058473D0,-79.84664233555502D0,59.52750288728264D0,    0000011P   2108
1685.027801437808D0,-72.4277914391396D0,65.6682154319498D0,      0000011P   2109
1732.702618625536D0,-64.41719820121996D0,71.99167369491153D0,    0000011P   2110
1780.345272979668D0,-55.95079360222989D0,78.51588284941148D0,    0000011P   2111
1827.958837472299D0,-47.30618467878626D0,85.35976775602768D0,    0000011P   2112
1875.602464313901D0,-38.24256113919928D0,92.37519030617125D0,    0000011P   2113
1922.575995251344D0,-27.59471860606307D0,99.90179369508326D0,    0000011P   2114
1970.632407721371D0,-16.4604073767635D0,107.7385477099785D0,     0000011P   2115
2014.739748287544D0,-7.875074067570242D0,118.0274678299807D0,    0000011P   2116
2034.799118813448D0,-2.352263233607985D0,118.4208292998731D0,    0000011P   2117
2046.630477093575D0,-1.446786704377566D-14,119.9853983785004D0,  0000011P   2118
-199.9999999999998D0,-79.52980724852759D0,84.28023199677676D0,   0000011P   2119
-183.9661914939374D0,-80.54235417600145D0,82.85703537057395D0,   0000011P   2120
-151.9066675464026D0,-82.58844160957904D0,80.00087032707356D0,   0000011P   2121
-103.8428053987401D0,-85.71854175210218D0,75.65104583253461D0,   0000011P   2122
-55.80873352835603D0,-88.90761841117285D0,71.19774394511522D0,   0000011P   2123
-7.825934122922826D0,-92.1611293153935D0,66.60851490468812D0,    0000011P   2124
40.13328717848145D0,-95.48492071645205D0,61.85970961761335D0,    0000011P   2125
88.08055502882289D0,-98.84088223152102D0,57.01731037346809D0,    0000011P   2126
136.0598947429973D0,-102.1775551751161D0,52.12709784412042D0,    0000011P   2127
184.0816877340899D0,-105.4727719533143D0,47.28390743603629D0,    0000011P   2128
232.2074146728095D0,-108.7240970057529D0,42.58851862458966D0,    0000011P   2129
280.4135664888838D0,-111.834779118817D0,38.1284332686511D0,      0000011P   2130
328.7548429094769D0,-114.6215742889282D0,33.97658537455401D0,    0000011P   2131
377.2043724004956D0,-117.065733848757D0,30.20049748188762D0,     0000011P   2132
425.7629941514099D0,-119.2604792615417D0,26.86012859141134D0,    0000011P   2133
474.42051784138D0,-121.1974013254543D0,23.96465291095006D0,      0000011P   2134
523.1398411698095D0,-122.7982020077344D0,21.46943105555166D0,    0000011P   2135
571.9306870116237D0,-124.0271339112927D0,19.34489091842393D0,    0000011P   2136
620.7649159420657D0,-124.8705084867003D0,17.58432396239224D0,    0000011P   2137
669.6324624129069D0,-125.3533240959861D0,16.19484073665831D0,    0000011P   2138
718.5084369842376D0,-125.590101736454D0,15.19271907465421D0,     0000011P   2139
767.3899524191114D0,-125.609730414042D0,14.56347284772181D0,     0000011P   2140
816.2573676887831D0,-125.309518991145D0,14.25770181375448D0,     0000011P   2141
865.0908914405492D0,-124.6459137587703D0,14.23818563906406D0,    0000011P   2142
913.8935479989023D0,-123.6423422296994D0,14.48193432807808D0,    0000011P   2143
962.6311074508895D0,-122.3218747842327D0,14.97123292785534D0,    0000011P   2144
1011.329441059311D0,-120.7524639446765D0,15.70957183830965D0,    0000011P   2145
1059.927639229023D0,-118.9729630443499D0,16.69079401768302D0,    0000011P   2146
1108.487056623554D0,-116.9629459075493D0,17.88093585541378D0,    0000011P   2147
1156.924608651388D0,-114.7106746204516D0,19.26843376439729D0,    0000011P   2148
1205.310562132859D0,-112.2823030406868D0,20.91801900789428D0,    0000011P   2149
1253.56773604338D0,-109.7143035410763D0,22.86930511673587D0,     0000011P   2150
1301.785712073346D0,-106.9772373405824D0,25.06318592719599D0,    0000011P   2151
1349.876612415272D0,-104.0281841541065D0,27.45512292799507D0,    0000011P   2152
1397.925414916795D0,-100.8433289857773D0,30.19166632606235D0,    0000011P   2153
1445.877122300889D0,-97.38685907592671D0,33.41128742880597D0,    0000011P   2154
1493.792181419417D0,-93.44624259538986D0,37.25970771538066D0,    0000011P   2155
1541.644956457211D0,-88.77106104167309D0,41.90185322406991D0,    0000011P   2156
1589.477209541951D0,-83.34874903744191D0,47.21236900965415D0,    0000011P   2157
1637.266370741557D0,-77.18346787448355D0,53.02055369333632D0,    0000011P   2158
1685.028019518233D0,-70.30443845494236D0,59.23132971716325D0,    0000011P   2159
1732.701932362734D0,-62.72199778028916D0,65.7559989108905D0,     0000011P   2160
1780.346027377593D0,-54.58594322545397D0,72.53352625458487D0,    0000011P   2161
1827.957177975774D0,-46.18946976604764D0,79.5545073581072D0,     0000011P   2162
1875.60751713924D0,-37.30490051214312D0,86.68782036732826D0,     0000011P   2163
1922.558888749208D0,-26.7768205537605D0,94.4376506150669D0,      0000011P   2164
1970.729041540006D0,-15.72250496821771D0,102.5961184856347D0,    0000011P   2165
2014.452072459511D0,-7.355671098556609D0,113.2037475811287D0,    0000011P   2166
2033.090336193794D0,-2.194227072281402D0,113.5439387166964D0,    0000011P   2167
2044.421861008827D0,-1.328395105179163D-14,115.1231196278723D0,  0000011P   2168
-199.9999999999999D0,-74.09781908327713D0,82.29111000975205D0,   0000011P   2169
-183.9663032733017D0,-75.0171958331422D0,80.89635986893791D0,    0000011P   2170
-151.9069496641889D0,-76.88176352295278D0,78.0932922062738D0,    0000011P   2171
-103.8428810021947D0,-79.75424978994128D0,73.81477920814223D0,   0000011P   2172
-55.80808463428229D0,-82.70070937263587D0,69.4283921155652D0,    0000011P   2173
-7.826198895626555D0,-85.72562578059271D0,64.88901248839387D0,   0000011P   2174
40.13332182120771D0,-88.83494116899901D0,60.15715113277862D0,    0000011P   2175
88.08037901957962D0,-91.98394246988661D0,55.3093316181275D0,     0000011P   2176
136.0602532470911D0,-95.11638640449786D0,50.4089530519996D0,     0000011P   2177
184.0812902577947D0,-98.18184901226884D0,45.5423039729452D0,     0000011P   2178
232.2083277756974D0,-101.1223682271328D0,40.78680032091129D0,    0000011P   2179
280.4134940620941D0,-103.9031240267442D0,36.24994241999096D0,    0000011P   2180
328.7554383644189D0,-106.4918311489157D0,32.0540175374115D0,     0000011P   2181
377.2046754896803D0,-108.8455054351045D0,28.26085056596131D0,    0000011P   2182
425.7631545890236D0,-110.8979959659504D0,24.88269764738834D0,    0000011P   2183
474.4211101143183D0,-112.6365326815101D0,21.92709464240919D0,    0000011P   2184
523.1395534010441D0,-114.1034156521728D0,19.38447510480491D0,    0000011P   2185
571.9307195617568D0,-115.2987492075784D0,17.23479536489035D0,    0000011P   2186
620.7649748318543D0,-116.1954844593211D0,15.46615346790289D0,    0000011P   2187
669.6327400461469D0,-116.7721180175203D0,14.07225106637343D0,    0000011P   2188
718.5081832911761D0,-117.0015954947606D0,13.03008471590554D0,    0000011P   2189
767.389757903064D0,-116.8782005781318D0,12.31481015175524D0,     0000011P   2190
816.2573393901428D0,-116.427595383464D0,11.91122750285783D0,     0000011P   2191
865.0904588817786D0,-115.6819355995816D0,11.80203146495362D0,    0000011P   2192
913.8936361356903D0,-114.7085973621054D0,11.97671961413788D0,    0000011P   2193
962.6302392814416D0,-113.5496300259923D0,12.42089391672187D0,    0000011P   2194
1011.329803246466D0,-112.2000247382727D0,13.10739610879704D0,    0000011P   2195
1059.926188383993D0,-110.6551378576601D0,14.01481620728656D0,    0000011P   2196
1108.487677566728D0,-108.9064668904314D0,15.13853774745542D0,    0000011P   2197
1156.923466120922D0,-106.9387414472026D0,16.47640042155842D0,    0000011P   2198
1205.311194653603D0,-104.7573887447232D0,18.01405733968277D0,    0000011P   2199
1253.566063468074D0,-102.3549606909495D0,19.74015716800336D0,    0000011P   2200
1301.786428950151D0,-99.74728162299083D0,21.73215624216872D0,    0000011P   2201
1349.87546111314D0,-96.9337573172074D0,24.05684582313779D0,      0000011P   2202
1397.925855328757D0,-93.99903640393973D0,26.65827279937787D0,    0000011P   2203
1445.876442272907D0,-91.01838815229135D0,29.47088239196681D0,    0000011P   2204
1493.792465343087D0,-87.78890642856685D0,32.76093482476122D0,    0000011P   2205
1541.644387408333D0,-84.08499218281507D0,36.82920884392686D0,    0000011P   2206
1589.477405207333D0,-79.68809332973935D0,41.65966572286062D0,    0000011P   2207
1637.265901734676D0,-74.3326079703361D0,47.21258607777544D0,     0000011P   2208
1685.028315433214D0,-68.04809109754422D0,53.33786331471359D0,    0000011P   2209
1732.701118943891D0,-60.91153151224045D0,59.82467961620628D0,    0000011P   2210
1780.346398494511D0,-53.11373280701105D0,66.62005671933025D0,    0000011P   2211
1827.956058984735D0,-44.99962473242375D0,73.78798722567123D0,    0000011P   2212
1875.613686449556D0,-36.34871102660566D0,81.17046542059791D0,    0000011P   2213
1922.541290030308D0,-25.97428285557123D0,89.19926164201198D0,    0000011P   2214
1970.816242379234D0,-15.00586587791308D0,97.62880948147898D0,    0000011P   2215
2014.180073109663D0,-6.853508660193177D0,108.5726602401361D0,    0000011P   2216
2031.474687764709D0,-2.041993468187942D0,108.9307310180502D0,    0000011P   2217
2042.336012048605D0,-1.215652383638288D-14,110.5604029505828D0,  0000011P   2218
-199.9999999999997D0,-68.12490774219477D0,80.63099593427987D0,   0000011P   2219
-183.966421781232D0,-68.99102382589747D0,79.25448191880923D0,    0000011P   2220
-151.9072487640744D0,-70.73766152484402D0,76.48505835134846D0,   0000011P   2221
-103.8429611566039D0,-73.38429295536012D0,72.24932098563842D0,   0000011P   2222
-55.80739667998667D0,-76.0374945081786D0,67.89921357296552D0,    0000011P   2223
-7.826479606340805D0,-78.74455881325385D0,63.38303930424406D0,   0000011P   2224
40.13335854925512D0,-81.56424308169289D0,58.65369246319695D0,    0000011P   2225
88.08019241544817D0,-84.4522103994094D0,53.79062333488044D0,     0000011P   2226
136.060633331362D0,-87.34382296351922D0,48.86085010705443D0,     0000011P   2227
184.0808688553875D0,-90.18639666817077D0,43.95603733402605D0,    0000011P   2228
232.2092958428732D0,-92.92300010874325D0,39.16101038908003D0,    0000011P   2229
280.4134172755685D0,-95.50521297545801D0,34.58214236530361D0,    0000011P   2230
328.7560696628112D0,-97.87192893088304D0,30.33384039003685D0,    0000011P   2231
377.2049968233386D0,-99.99709171078216D0,26.48283226458152D0,    0000011P   2232
425.7633246841885D0,-101.8738179526801D0,23.05690745822513D0,    0000011P   2233
474.4217380391599D0,-103.48744861969D0,20.06267080347723D0,      0000011P   2234
523.1392483100207D0,-104.8214876083647D0,17.47422686824127D0,    0000011P   2235
571.9307540712674D0,-105.8679938010646D0,15.26820257849076D0,    0000011P   2236
620.7650372665013D0,-106.6350930297304D0,13.44098527362921D0,    0000011P   2237
669.6330343914715D0,-107.1236794150137D0,11.99182177838615D0,    0000011P   2238
718.5079143270821D0,-107.3261693029706D0,10.90304750592222D0,    0000011P   2239
767.3895516783599D0,-107.2539839052827D0,10.15323101525288D0,    0000011P   2240
816.2573093879557D0,-106.9583524169729D0,9.730990082528514D0,    0000011P   2241
865.0900002841695D0,-106.4583354580326D0,9.613794781294324D0,    0000011P   2242
913.8937295781325D0,-105.7155697301611D0,9.763261338987768D0,    0000011P   2243
962.6293188558584D0,-104.7075758217341D0,10.14805264657284D0,    0000011P   2244
1011.330187235119D0,-103.4217064172997D0,10.74147726468632D0,    0000011P   2245
1059.924650193037D0,-101.8627110649964D0,11.52339476099964D0,    0000011P   2246
1108.488335886813D0,-100.138795614841D0,12.50456087610848D0,     0000011P   2247
1156.922254859332D0,-98.31474851817839D0,13.69616644496394D0,    0000011P   2248
1205.311865260584D0,-96.35404937810876D0,15.10146832127154D0,    0000011P   2249
1253.564290058669D0,-94.22546243535784D0,16.72005002895752D0,    0000011P   2250
1301.787188903847D0,-91.96557444155232D0,18.57901344818823D0,    0000011P   2251
1349.874241038838D0,-89.58735852965756D0,20.70444558520942D0,    0000011P   2252
1397.92632264636D0,-87.02568397721136D0,23.13641134361432D0,     0000011P   2253
1445.875719511229D0,-84.20091780180105D0,25.90994412731016D0,    0000011P   2254
1493.792764511989D0,-81.20448782322976D0,28.98971114409961D0,    0000011P   2255
1541.643790073087D0,-78.16355816807925D0,32.29904657071194D0,    0000011P   2256
1589.47762065087D0,-74.72471692958484D0,36.1973613814047D0,      0000011P   2257
1637.26538529217D0,-70.42172988912809D0,41.18186217205005D0,     0000011P   2258
1685.028596092418D0,-65.13161347247836D0,47.1126162564828D0,     0000011P   2259
1732.700316484663D0,-58.75125734517716D0,53.67738654859873D0,    0000011P   2260
1780.346922098165D0,-51.47177777345785D0,60.70013506489682D0,    0000011P   2261
1827.954699751861D0,-43.72448010452086D0,68.06328016707397D0,    0000011P   2262
1875.619718364048D0,-35.32552392599285D0,75.57106092395682D0,    0000011P   2263
1922.523122295835D0,-25.10595661076673D0,83.72684836266021D0,    0000011P   2264
1970.910499440126D0,-14.23020442590099D0,92.32106949962591D0,    0000011P   2265
2013.890969796306D0,-6.311525236639376D0,103.6059505358106D0,    0000011P   2266
2029.757437286951D0,-1.876826284753062D0,104.029883428492D0,     0000011P   2267
2040.118089653332D0,-1.096123106465421D-14,105.7453803630536D0,  0000011P   2268
-199.9999999999999D0,-62.50378502809432D0,79.32624768628371D0,   0000011P   2269
-183.9665341582978D0,-63.25785199415522D0,77.97814062448406D0,   0000011P   2270
-151.9075323903877D0,-64.79274326304247D0,75.25986673547111D0,   0000011P   2271
-103.8430371643218D0,-67.1756629896006D0,71.08469029685692D0,    0000011P   2272
-55.80674431617695D0,-69.64022813525429D0,66.78017276037998D0,   0000011P   2273
-7.826745794824785D0,-72.18431931800792D0,62.28829335980891D0,   0000011P   2274
40.13339337722135D0,-74.8076113693966D0,57.55425598115117D0,     0000011P   2275
88.08001546505653D0,-77.45347872076307D0,52.66356978181914D0,    0000011P   2276
136.0609937524322D0,-80.04632480723639D0,47.69116304704306D0,    0000011P   2277
184.0804692537254D0,-82.56366874090593D0,42.73377808425442D0,    0000011P   2278
232.210213828262D0,-84.9953173257848D0,37.87998941026385D0,      0000011P   2279
280.4133444615008D0,-87.32396980003107D0,33.24371241269438D0,    0000011P   2280
328.7566683017433D0,-89.52853983780858D0,28.95112488749497D0,    0000011P   2281
377.2053015331892D0,-91.56341598225508D0,25.06651216995158D0,    0000011P   2282
425.7634859796842D0,-93.35195623183569D0,21.60319505831728D0,    0000011P   2283
474.4223334790622D0,-94.86037412459459D0,18.56575748521074D0,    0000011P   2284
523.1389590025203D0,-96.0837312991582D0,15.93539982692956D0,     0000011P   2285
571.930786795486D0,-97.02983493707261D0,13.69101761289787D0,     0000011P   2286
620.7650964711573D0,-97.74549272952034D0,11.82997455961557D0,    0000011P   2287
669.6333135091335D0,-98.23657723664938D0,10.35024048699025D0,    0000011P   2288
718.5076592775574D0,-98.45713767749109D0,9.228483444398989D0,    0000011P   2289
767.3893561226707D0,-98.39462231464431D0,8.437973312727308D0,    0000011P   2290
816.2572809377992D0,-98.07908612457086D0,7.959790328792387D0,    0000011P   2291
865.0895654107309D0,-97.52406593184958D0,7.7689760985307D0,      0000011P   2292
913.8938181866747D0,-96.71271139697022D0,7.83390501283192D0,     0000011P   2293
962.6284460503949D0,-95.66123472016804D0,8.131739914365937D0,    0000011P   2294
1011.33055135824D0,-94.48537351624485D0,8.659623385168011D0,     0000011P   2295
1059.923191567661D0,-93.24314082721345D0,9.405646268621709D0,    0000011P   2296
1108.488960148794D0,-91.84796142846065D0,10.33616422387495D0,    0000011P   2297
1156.92110629971D0,-90.24216299522463D0,11.43333599883609D0,     0000011P   2298
1205.312501184858D0,-88.47300875404307D0,12.71533145334558D0,    0000011P   2299
1253.562608257926D0,-86.56291268608553D0,14.19045761929952D0,    0000011P   2300
1301.787909474979D0,-84.50743887685748D0,15.88050588643765D0,    0000011P   2301
1349.873084556079D0,-82.29040075038886D0,17.80746196047121D0,    0000011P   2302
1397.926766139625D0,-79.94188754029649D0,20.02498175715002D0,    0000011P   2303
1445.875032538336D0,-77.47969907875927D0,22.58140192300406D0,    0000011P   2304
1493.793046560183D0,-74.88631391487103D0,25.45734685843674D0,    0000011P   2305
1541.643228954663D0,-72.14238246665462D0,28.60496755139344D0,    0000011P   2306
1589.477832073103D0,-69.15884463646296D0,32.22757187814835D0,    0000011P   2307
1637.264878465414D0,-65.87737093232748D0,36.58188124702239D0,    0000011P   2308
1685.028832783149D0,-61.85002293152161D0,41.77603961866936D0,    0000011P   2309
1732.699608904205D0,-56.3765183005591D0,47.93737485508336D0,     0000011P   2310
1780.34753451594D0,-49.63759847868599D0,54.89345062093387D0,     0000011P   2311
1827.95325687613D0,-42.30361311742271D0,62.35055215970766D0,     0000011P   2312
1875.624985152754D0,-34.24060207847429D0,70.0436809484688D0,     0000011P   2313
1922.506331117628D0,-24.24314480091731D0,78.46291262470265D0,    0000011P   2314
1971.001489584815D0,-13.49410378553925D0,87.3581614792864D0,     0000011P   2315
2013.616171954958D0,-5.807732227101535D0,98.99947907507738D0,    0000011P   2316
2028.125154614832D0,-1.725627614303367D0,99.43939442768662D0,    0000011P   2317
2038.009106345069D0,-9.827775322987688D-15,101.2063914292588D0,  0000011P   2318
-199.9999999999998D0,-56.55402742759718D0,78.33395134788461D0,   0000011P   2319
-183.9666501692948D0,-57.25362411441985D0,77.00734343339718D0,   0000011P   2320
-151.9078251883116D0,-58.66661039140747D0,74.32564377915445D0,   0000011P   2321
-103.8431156298974D0,-60.82640183043156D0,70.18339159203229D0,   0000011P   2322
-55.80607085690971D0,-63.02519580370704D0,65.88665575138191D0,   0000011P   2323
-7.82702059103292D0,-65.26691941442462D0,61.38122263082215D0,    0000011P   2324
40.13342933141755D0,-67.551759648531D0,56.61658160543382D0,      0000011P   2325
88.07983279262818D0,-69.89543184387388D0,51.68933623302372D0,    0000011P   2326
136.0613658284215D0,-72.33173024231442D0,46.6886992540434D0,     0000011P   2327
184.0800567301651D0,-74.77368964651673D0,41.70640634015452D0,    0000011P   2328
232.2111614984976D0,-77.07791840848209D0,36.81839283318147D0,    0000011P   2329
280.4132692928434D0,-79.20419483155928D0,32.13655264343772D0,    0000011P   2330
328.7572862988392D0,-81.14782486629757D0,27.78773871034312D0,    0000011P   2331
377.2056160964455D0,-82.8862116387003D0,23.83968149765294D0,     0000011P   2332
425.7636524909645D0,-84.37492342948966D0,20.31070403536486D0,    0000011P   2333
474.4229481736113D0,-85.63284640541956D0,17.2128799343166D0,     0000011P   2334
523.1386603397532D0,-86.75981441265357D0,14.54195381522303D0,    0000011P   2335
571.930820578151D0,-87.74728220499888D0,12.27402508122258D0,     0000011P   2336
620.765157590129D0,-88.4675001994561D0,10.38180836609694D0,      0000011P   2337
669.6336016517038D0,-88.88330690301733D0,8.857305902525184D0,    0000011P   2338
718.5073959810319D0,-89.05815068811575D0,7.692343147134039D0,    0000011P   2339
767.3891542466498D0,-89.01288557650646D0,6.864387084926371D0,    0000011P   2340
816.2572515662176D0,-88.7183917839361D0,6.345744130525681D0,     0000011P   2341
865.0891164625476D0,-88.18913521338726D0,6.110978547305919D0,    0000011P   2342
913.8939096639343D0,-87.53557930789508D0,6.146560506812449D0,    0000011P   2343
962.6275450657111D0,-86.79867658796941D0,6.430832277917979D0,    0000011P   2344
1011.330927250919D0,-85.86069948924195D0,6.917969438151737D0,    0000011P   2345
1059.921685613611D0,-84.65875474591356D0,7.572453937979574D0,    0000011P   2346
1108.489604586921D0,-83.25610834845499D0,8.384345568210058D0,    0000011P   2347
1156.919921174357D0,-81.69514683342936D0,9.351285533149323D0,    0000011P   2348
1205.313157826219D0,-80.05215047275712D0,10.49711742634202D0,    0000011P   2349
1253.560870049175D0,-78.37826991873043D0,11.83577690635911D0,    0000011P   2350
1301.788652349969D0,-76.62460965629917D0,13.38979891503396D0,    0000011P   2351
1349.871897679005D0,-74.73826159713617D0,15.18049046500748D0,    0000011P   2352
1397.927229188058D0,-72.72045270466072D0,17.21675310164514D0,    0000011P   2353
1445.874299600218D0,-70.56002319804378D0,19.50012737762401D0,    0000011P   2354
1493.793313368502D0,-68.24519481595974D0,22.12308221181865D0,    0000011P   2355
1541.642728459843D0,-65.7537643835399D0,25.18682894044509D0,     0000011P   2356
1589.478155928209D0,-63.1348110333869D0,28.62194832814364D0,     0000011P   2357
1637.264101771466D0,-60.51698914894513D0,32.26602485291595D0,    0000011P   2358
1685.028640644145D0,-57.41183903274507D0,36.55708843134144D0,    0000011P   2359
1732.699669396923D0,-53.0480760674958D0,42.23276031754483D0,     0000011P   2360
1780.349884606645D0,-47.39913243859586D0,49.12510001117965D0,    0000011P   2361
1827.949485372692D0,-40.7993244722233D0,56.70559087271035D0,     0000011P   2362
1875.623706945391D0,-33.10268829203559D0,64.58296968606028D0,    0000011P   2363
1922.495469172959D0,-23.30661748581063D0,73.12639288196901D0,    0000011P   2364
1971.119275552031D0,-12.69024591655203D0,82.08626321280453D0,    0000011P   2365
2013.322839946437D0,-5.260140593888637D0,94.01434771669388D0,    0000011P   2366
2026.382698038299D0,-1.558687659854131D0,94.53150608014414D0,    0000011P   2367
2035.745922577735D0,-8.657667077398446D-15,96.38719655013838D0,  0000011P   2368
-199.9999999999999D0,-50.57952579064491D0,77.62063681273716D0,   0000011P   2369
-183.9667654449571D0,-51.21773969150882D0,76.30253290455282D0,   0000011P   2370
-151.9081161303369D0,-52.50673893911645D0,73.63553440155744D0,   0000011P   2371
-103.8431935981192D0,-54.46053057126093D0,69.50642455117946D0,   0000011P   2372
-55.80540166636219D0,-56.41361392991641D0,65.21171332050714D0,   0000011P   2373
-7.827293645446232D0,-58.41488905296131D0,60.69854471447963D0,   0000011P   2374
40.1334650577185D0,-60.52893728915143D0,55.91939885898648D0,     0000011P   2375
88.0796512780688D0,-62.68114206912761D0,50.96483094011945D0,     0000011P   2376
136.0617355460079D0,-64.75392296790879D0,45.91238704505037D0,    0000011P   2377
184.079646821383D0,-66.76407477708483D0,40.86603586971357D0,     0000011P   2378
232.2121031619303D0,-68.7827754492678D0,35.92424070727584D0,     0000011P   2379
280.4131946006476D0,-70.76321680618905D0,31.20045671060177D0,    0000011P   2380
328.7579003787573D0,-72.59141107927493D0,26.81310548017436D0,    0000011P   2381
377.2059286658263D0,-74.21918668662582D0,22.82848029781497D0,    0000011P   2382
425.7638179468334D0,-75.61891199585296D0,19.26686602291163D0,    0000011P   2383
474.4235589719858D0,-76.78980141931686D0,16.13666163104456D0,    0000011P   2384
523.1383635700033D0,-77.76962354317654D0,13.42243882673725D0,    0000011P   2385
571.930854146442D0,-78.56693301138616D0,11.10161005820164D0,     0000011P   2386
620.7652183218796D0,-79.17503801098349D0,9.164788650737421D0,    0000011P   2387
669.6338879687834D0,-79.57903203715237D0,7.607821460683368D0,    0000011P   2388
718.5071343528908D0,-79.73372981183411D0,6.40805813296393D0,     0000011P   2389
767.3889536468968D0,-79.64413817222464D0,5.540184535971108D0,    0000011P   2390
816.2572223822324D0,-79.41568263396739D0,4.993296237478859D0,    0000011P   2391
865.0886703722016D0,-79.07394400396134D0,4.74108703720114D0,     0000011P   2392
913.8940005580006D0,-78.48239496302473D0,4.730696499322399D0,    0000011P   2393
962.6266497475651D0,-77.60286651960156D0,4.927443588831203D0,    0000011P   2394
1011.331300766044D0,-76.61893823696882D0,5.333130361013133D0,    0000011P   2395
1059.92018936515D0,-75.62503009231233D0,5.936638295384569D0,     0000011P   2396
1108.490244950793D0,-74.52044242698089D0,6.701741305500477D0,    0000011P   2397
1156.918742989561D0,-73.2441453808698D0,7.608127484620901D0,     0000011P   2398
1205.31381015325D0,-71.85619179394796D0,8.668818382954584D0,     0000011P   2399
1253.559144868272D0,-70.38856647575615D0,9.887251956883091D0,    0000011P   2400
1301.789391506823D0,-68.80821871889572D0,11.28365055723607D0,    0000011P   2401
1349.870711368769D0,-67.07805373028535D0,12.87730515488907D0,    0000011P   2402
1397.927684122235D0,-65.26172445649459D0,14.7074555606899D0,     0000011P   2403
1445.873594900284D0,-63.4131409120744D0,16.80628705017571D0,     0000011P   2404
1493.793602683891D0,-61.47638345363319D0,19.21345585280926D0,    0000011P   2405
1541.642152893478D0,-59.37950155724376D0,21.96174732082903D0,    0000011P   2406
1589.478372837624D0,-57.12564848986492D0,25.08452162222031D0,    0000011P   2407
1637.263581790587D0,-54.75315118724944D0,28.59021329580026D0,    0000011P   2408
1685.028883299973D0,-52.06577744473736D0,32.69893370037224D0,    0000011P   2409
1732.698943819166D0,-48.82752369861271D0,37.72139804234008D0,    0000011P   2410
1780.350513371743D0,-44.66488047212813D0,43.75809449939268D0,    0000011P   2411
1827.948004548316D0,-39.06824619869043D0,50.94118474008435D0,    0000011P   2412
1875.629107429283D0,-31.81355865280886D0,58.92202200383445D0,    0000011P   2413
1922.478246967407D0,-22.29054884601454D0,67.76113077826159D0,    0000011P   2414
1971.212620299916D0,-11.90403562771412D0,77.06601023426342D0,    0000011P   2415
2013.04095101618D0,-4.756466640110539D0,89.38758752464813D0,     0000011P   2416
2024.708294697634D0,-1.408479690939601D0,89.92561623782711D0,    0000011P   2417
2033.582513653028D0,-7.494975559183535D-15,91.83760887721822D0,  0000011P   2418
-199.9999999999999D0,-44.70726674626295D0,77.1167498728435D0,    0000011P   2419
-183.9668805606336D0,-45.22167831854786D0,75.79765289392573D0,   0000011P   2420
-151.9084066685772D0,-46.2755417794295D0,73.12799392488202D0,    0000011P   2421
-103.8432714581329D0,-47.93752060204619D0,68.99370145941337D0,   0000011P   2422
-55.80473340455232D0,-49.68862377064819D0,64.69382293388927D0,   0000011P   2423
-7.827566320900115D0,-51.51072243922371D0,60.16901774049002D0,   0000011P   2424
40.13350073443611D0,-53.38174139687079D0,55.36384107362211D0,    0000011P   2425
88.07947001542432D0,-55.27573100126519D0,50.37613009291611D0,    0000011P   2426
136.0621047504816D0,-57.16370009431343D0,45.29452908602051D0,    0000011P   2427
184.0792374814955D0,-59.02449639100791D0,40.21922653918428D0,    0000011P   2428
232.2130435184697D0,-60.84493893321766D0,35.2388331183455D0,     0000011P   2429
280.413120012104D0,-62.56352076003442D0,30.46707041533987D0,     0000011P   2430
328.758513606434D0,-64.06205564550925D0,26.02522985108756D0,     0000011P   2431
377.206240801439D0,-65.36300260456278D0,21.98637215808676D0,     0000011P   2432
425.7639831730377D0,-66.605969865316D0,18.38361701486239D0,      0000011P   2433
474.4241689225402D0,-67.77452337840228D0,15.22453261889898D0,    0000011P   2434
523.1380672122346D0,-68.71591694723733D0,12.47974552966569D0,    0000011P   2435
571.9308876685967D0,-69.38971243644909D0,10.12200414670318D0,    0000011P   2436
620.7652789690096D0,-69.84950759095683D0,8.143891065118318D0,    0000011P   2437
669.6341738868227D0,-70.13123909471912D0,6.545712721947666D0,    0000011P   2438
718.5068730888181D0,-70.2956393654782D0,5.318426890034857D0,     0000011P   2439
767.3887533317248D0,-70.34865459830296D0,4.436342221571998D0,    0000011P   2440
816.257193236101D0,-70.18760342045515D0,3.861684512264979D0,     0000011P   2441
865.0882248783137D0,-69.78524279720963D0,3.561497454421875D0,    0000011P   2442
913.8940913321804D0,-69.24717442590874D0,3.51605053318228D0,     0000011P   2443
962.6257557544656D0,-68.62001374062878D0,3.70096438544735D0,     0000011P   2444
1011.331673753414D0,-67.8436292289333D0,4.078940184447738D0,     0000011P   2445
1059.918694895523D0,-66.89494412026791D0,4.61852643849241D0,     0000011P   2446
1108.490884406388D0,-65.85104568701486D0,5.307266363514813D0,    0000011P   2447
1156.917567502441D0,-64.75130985141951D0,6.137304759730519D0,    0000011P   2448
1205.314461858008D0,-63.53118322119086D0,7.101612440645461D0,    0000011P   2449
1253.55741834335D0,-62.14527975019371D0,8.190699412837589D0,     0000011P   2450
1301.79012779571D0,-60.70794931196789D0,9.451021962204322D0,     0000011P   2451
1349.869539641061D0,-59.30479103488529D0,10.92296963885925D0,    0000011P   2452
1397.928148056603D0,-57.83644574840945D0,12.60699192108862D0,    0000011P   2453
1445.872847304522D0,-56.19474351667294D0,14.49593681550073D0,    0000011P   2454
1493.793846597363D0,-54.46484998561344D0,16.64935795338701D0,    0000011P   2455
1541.641723632719D0,-52.75115861223348D0,19.12257981477004D0,    0000011P   2456
1589.478784510771D0,-50.93280185676584D0,21.97961946830864D0,    0000011P   2457
1637.2625942886D0,-48.83399507560071D0,25.287760526203D0,        0000011P   2458
1685.028319315043D0,-46.48518376531644D0,29.09399196607948D0,    0000011P   2459
1732.699680356008D0,-44.07755778995738D0,33.37492123006136D0,    0000011P   2460
1780.354314636154D0,-41.09739981062398D0,38.52278985367461D0,    0000011P   2461
1827.942310360406D0,-36.64049791896382D0,45.34905138527178D0,    0000011P   2462
1875.622095416752D0,-30.29562309277782D0,53.47830444081553D0,    0000011P   2463
1922.473004595257D0,-21.29935076752149D0,62.47643569115379D0,    0000011P   2464
1971.349899365617D0,-11.08348147877578D0,71.8376140769934D0,     0000011P   2465
2012.741630745955D0,-4.194286145337574D0,84.43297154046525D0,    0000011P   2466
2022.930198648913D0,-1.245539706588734D0,85.04070453474503D0,    0000011P   2467
2031.263237444262D0,-6.33389768560836D-15,87.03537824459889D0,   0000011P   2468
-199.9999999999998D0,-38.78413500710356D0,76.74643299615002D0,   0000011P   2469
-183.9669946780773D0,-39.2580007270146D0,75.42978596857292D0,    0000011P   2470
-151.9086946873983D0,-40.21899564989833D0,72.76341570998207D0,   0000011P   2471
-103.8433486429784D0,-41.70251299647516D0,68.62762266747261D0,   0000011P   2472
-55.80407093761425D0,-43.23107904901737D0,64.31802726017638D0,   0000011P   2473
-7.827836631832814D0,-44.79807420104151D0,59.77574055934159D0,   0000011P   2474
40.13353610178126D0,-46.39466257214468D0,54.94649457618562D0,    0000011P   2475
88.07929032460966D0,-48.00631618898189D0,49.92935649208705D0,    0000011P   2476
136.0624707533768D0,-49.6175130049097D0,44.81334213275507D0,     0000011P   2477
184.0788316912226D0,-51.20369619461342D0,39.69974704517588D0,    0000011P   2478
232.2139757206531D0,-52.73145962156202D0,34.67746533574037D0,    0000011P   2479
280.4130460703642D0,-54.19148887920469D0,29.86539486929909D0,    0000011P   2480
328.7591215164653D0,-55.59158202416725D0,25.3951912500735D0,     0000011P   2481
377.2065502303331D0,-56.88068763001115D0,21.3340728728686D0,     0000011P   2482
425.7641469664911D0,-57.94069412724475D0,17.69350757722385D0,    0000011P   2483
474.424773583931D0,-58.77643090059191D0,14.48312236811957D0,     0000011P   2484
523.1377734242971D0,-59.51477556713689D0,11.6974621522611D0,     0000011P   2485
571.9309208998478D0,-60.17241245749438D0,9.314202300904071D0,    0000011P   2486
620.7653390903934D0,-60.66543850385676D0,7.315380883492736D0,    0000011P   2487
669.6344573263027D0,-60.96597781920875D0,5.695793277217469D0,    0000011P   2488
718.5066140898537D0,-61.09557032382305D0,4.440258112614181D0,    0000011P   2489
767.3885547506543D0,-61.06322743615429D0,3.522552723660681D0,    0000011P   2490
816.2571643439736D0,-60.87256129520915D0,2.917272565577903D0,    0000011P   2491
865.0877832583431D0,-60.53299362913779D0,2.594478797282385D0,    0000011P   2492
913.8941813162214D0,-60.06461262328013D0,2.520298969942211D0,    0000011P   2493
962.6248694743883D0,-59.4848842950122D0,2.664974800579394D0,     0000011P   2494
1011.332043510865D0,-58.81655662522906D0,3.004334541860523D0,    0000011P   2495
1059.917213527118D0,-58.06876053752193D0,3.51130012555074D0,     0000011P   2496
1108.491518326219D0,-57.20956422749469D0,4.153721358369346D0,    0000011P   2497
1156.916401702451D0,-56.21866283809695D0,4.912498166983212D0,    0000011P   2498
1205.315107776624D0,-55.14294000300367D0,5.799421772866857D0,    0000011P   2499
1253.55570857097D0,-54.01171813527017D0,6.816419189702707D0,     0000011P   2500
1301.790858577386D0,-52.82221208554331D0,7.981603844979468D0,    0000011P   2501
1349.868371911482D0,-51.56588921279091D0,9.311608306231769D0,    0000011P   2502
1397.928603379594D0,-50.26997248244342D0,10.83513162841693D0,    0000011P   2503
1445.872127092459D0,-48.95481180328748D0,12.5732670274722D0,     0000011P   2504
1493.794109833274D0,-47.57084320396608D0,14.54126278457442D0,    0000011P   2505
1541.64122877694D0,-46.05272851191005D0,16.73938552455677D0,     0000011P   2506
1589.479099687974D0,-44.44028194793089D0,19.27431020816918D0,    0000011P   2507
1637.261838414007D0,-42.80604203082509D0,22.27713269123186D0,    0000011P   2508
1685.028144332531D0,-41.04706529667303D0,25.79170150231581D0,    0000011P   2509
1732.699714454979D0,-39.04473330059002D0,29.78686180273581D0,    0000011P   2510
1780.356571188275D0,-36.51939869067932D0,34.57978986906683D0,    0000011P   2511
1827.938673715682D0,-33.18715465214523D0,40.8025628572816D0,     0000011P   2512
1875.621053776055D0,-28.37264968825706D0,48.26805183721316D0,    0000011P   2513
1922.462112046384D0,-20.33139435318404D0,57.11192953900121D0,    0000011P   2514
1971.464996606542D0,-10.3173190210408D0,66.8617160671067D0,      0000011P   2515
2012.453396464076D0,-3.65713142279276D0,79.88662246953479D0,     0000011P   2516
2021.218026237933D0,-1.104263219459462D0,80.4706622616209D0,     0000011P   2517
2029.039756284762D0,-5.182888167046567D-15,82.51856126767223D0,  0000011P   2518
-200.0D0,-32.72438049861876D0,76.47614328175915D0,               0000011P   2519
-183.9671115210456D0,-33.13472920370323D0,75.15767671239478D0,   0000011P   2520
-151.9089895851177D0,-33.96274718610066D0,72.48739026280043D0,   0000011P   2521
-103.8434276712687D0,-35.21352534259199D0,68.34360729344508D0,   0000011P   2522
-55.80339264864567D0,-36.45691537499387D0,64.02252895917329D0,   0000011P   2523
-7.828113398737076D0,-37.73059012377136D0,59.46467352885517D0,   0000011P   2524
40.13357231382216D0,-39.08225128521043D0,54.61572914171948D0,    0000011P   2525
88.07910634214889D0,-40.47985671378812D0,49.57570717409283D0,    0000011P   2526
136.0628454977035D0,-41.87385656973156D0,44.43395105303358D0,    0000011P   2527
184.0784162092579D0,-43.24116040949173D0,39.29231835096779D0,    0000011P   2528
232.2149301870873D0,-44.56441195236597D0,34.24033381436374D0,    0000011P   2529
280.412970362631D0,-45.81669388692489D0,29.39618914246223D0,     0000011P   2530
328.7597439455237D0,-46.95834311294213D0,24.88840516541914D0,    0000011P   2531
377.2068670494954D0,-47.97323105587797D0,20.78791986587822D0,    0000011P   2532
425.7643146718808D0,-48.85260352130283D0,17.11599639305944D0,    0000011P   2533
474.4253926866746D0,-49.60520102565707D0,13.88199719102422D0,    0000011P   2534
523.1374726197475D0,-50.27006991914705D0,11.0707221180166D0,     0000011P   2535
571.9309549250691D0,-50.84144543513871D0,8.6577882666734D0,      0000011P   2536
620.7654006474701D0,-51.26527008756448D0,6.630890365812114D0,    0000011P   2537
669.6347475342234D0,-51.52059120316084D0,4.98671276144939D0,     0000011P   2538
718.5063489057147D0,-51.61496972876957D0,3.708082920625571D0,    0000011P   2539
767.3883514307884D0,-51.56319925585316D0,2.768181375850965D0,    0000011P   2540
816.2571347600812D0,-51.41190198016994D0,2.143130495535679D0,    0000011P   2541
865.0873310762127D0,-51.18059755315228D0,1.802794744603119D0,    0000011P   2542
913.8942734534733D0,-50.84122657707932D0,1.710733960013428D0,    0000011P   2543
962.6239620804652D0,-50.37717002904422D0,1.834100972042478D0,    0000011P   2544
1011.332422093329D0,-49.77398499765915D0,2.141382796763161D0,    0000011P   2545
1059.915696584866D0,-49.0329175427778D0,2.601978177769006D0,     0000011P   2546
1108.492167373569D0,-48.23409238311345D0,3.19376410508346D0,     0000011P   2547
1156.915208749912D0,-47.42569203636965D0,3.903123293148894D0,    0000011P   2548
1205.315769306076D0,-46.56689207330071D0,4.731374651024595D0,    0000011P   2549
1253.553955532666D0,-45.62713959418091D0,5.672771842033193D0,    0000011P   2550
1301.791605614982D0,-44.64121763983308D0,6.750708903979387D0,    0000011P   2551
1349.867184703199D0,-43.62964061068136D0,7.985141834211262D0,    0000011P   2552
1397.929075839526D0,-42.55522748692569D0,9.382811471269541D0,    0000011P   2553
1445.871361153401D0,-41.37299530369361D0,10.94197826956039D0,    0000011P   2554
1493.794350097913D0,-40.15601507669206D0,12.71241709867326D0,    0000011P   2555
1541.640816707604D0,-38.99024379954658D0,14.73978410017725D0,    0000011P   2556
1589.479549219538D0,-37.80614742284153D0,17.05939932828782D0,    0000011P   2557
1637.260760045338D0,-36.5082409443428D0,19.69430106139674D0,     0000011P   2558
1685.0274409297D0,-35.02782847762679D0,22.7627306964741D0,       0000011P   2559
1732.700699348387D0,-33.29714078229384D0,26.39045448437506D0,    0000011P   2560
1780.360944891425D0,-31.27851175308528D0,30.81000242951978D0,    0000011P   2561
1827.932209442606D0,-29.17581523913846D0,36.39578207089874D0,    0000011P   2562
1875.611921798239D0,-26.01387216456207D0,43.10581198006962D0,    0000011P   2563
1922.458732829068D0,-19.07189136168003D0,51.57059236345091D0,    0000011P   2564
1971.611492129739D0,-9.40681154303452D0,61.43180521731303D0,     0000011P   2565
2012.146690301413D0,-3.074248445404825D0,74.88398792939302D0,    0000011P   2566
2019.396031535346D0,-0.9482205327600817D0,75.59939072027409D0,   0000011P   2567
2026.659876973351D0,-4.004388510567891D-15,77.79641366341018D0,  0000011P   2568
-199.9999999999998D0,-26.87472618403423D0,76.29001836285076D0,   0000011P   2569
-183.9672244606301D0,-27.17462452505586D0,74.96874714916756D0,   0000011P   2570
-151.9092746311619D0,-27.79396723801264D0,72.29321070486105D0,   0000011P   2571
-103.8435040594536D0,-28.7992294914512D0,68.14247776304764D0,    0000011P   2572
-55.80273701933771D0,-29.90284045064384D0,63.81539661831697D0,   0000011P   2573
-7.828380919664452D0,-31.05376059776959D0,59.24877175714149D0,   0000011P   2574
40.13360731612406D0,-32.18795999710815D0,54.3843110580496D0,     0000011P   2575
88.07892850600668D0,-33.30405626382294D0,49.32373858288391D0,    0000011P   2576
136.0632077229127D0,-34.41221562121028D0,44.15842161628122D0,    0000011P   2577
184.0780146073368D0,-35.50521900916223D0,38.99131328666838D0,    0000011P   2578
232.2158527675745D0,-36.57278976712255D0,33.91259876450597D0,    0000011P   2579
280.4128971840707D0,-37.59339148527101D0,29.04159853067135D0,    0000011P   2580
328.7603455810424D0,-38.52930221086156D0,24.50782402854799D0,    0000011P   2581
377.2071732846562D0,-39.3760600115758D0,20.38283843335567D0,     0000011P   2582
425.7644767747157D0,-40.15849138332135D0,16.6882344695945D0,     0000011P   2583
474.4259911069705D0,-40.85059584855561D0,13.43206509115577D0,    0000011P   2584
523.1371818642236D0,-41.36560098838011D0,10.59489557200807D0,    0000011P   2585
571.9309878137032D0,-41.70923306201975D0,8.153052981220718D0,    0000011P   2586
620.7654601480355D0,-42.00412033701277D0,6.101950455555581D0,    0000011P   2587
669.6350280467948D0,-42.2704481694465D0,4.44062879817114D0,      0000011P   2588
718.5060925808065D0,-42.40616017170131D0,3.148228907748887D0,    0000011P   2589
767.3881549045171D0,-42.37456317585136D0,2.194950578449003D0,    0000011P   2590
816.2571061639554D0,-42.20493507511893D0,1.552338307437793D0,    0000011P   2591
865.0868939955194D0,-41.92452081816863D0,1.188968296848579D0,    0000011P   2592
913.8943625139697D0,-41.59697940317214D0,1.074617122370768D0,    0000011P   2593
962.6230850168774D0,-41.24815926217267D0,1.179402873350867D0,    0000011P   2594
1011.332788026528D0,-40.8070652657095D0,1.469898048672214D0,     0000011P   2595
1059.914230258066D0,-40.24174333047145D0,1.91303038064266D0,     0000011P   2596
1108.492794734118D0,-39.62298626080556D0,2.478486042396881D0,    0000011P   2597
1156.914055868762D0,-38.99178174777746D0,3.147425532659199D0,    0000011P   2598
1205.316408793921D0,-38.32617246755102D0,3.927890097061308D0,    0000011P   2599
1253.552260290156D0,-37.60528848054468D0,4.817697799053207D0,    0000011P   2600
1301.792327317726D0,-36.79894090240385D0,5.826892887578339D0,    0000011P   2601
1349.866039814064D0,-35.87586752624626D0,6.964230091689124D0,    0000011P   2602
1397.929534494942D0,-34.92322928076153D0,8.253991550121512D0,    0000011P   2603
1445.870611787418D0,-34.02286592412822D0,9.712097545665557D0,    0000011P   2604
1493.794573089824D0,-33.12890434247238D0,11.3589955491625D0,     0000011P   2605
1541.640448301455D0,-32.1812189624473D0,13.20561150058136D0,     0000011P   2606
1589.480023813341D0,-31.19727102596792D0,15.29641533397422D0,    0000011P   2607
1637.259621492404D0,-30.21973970826082D0,17.67353282352632D0,    0000011P   2608
1685.026595354949D0,-29.13448848943898D0,20.4416289449321D0,     0000011P   2609
1732.701951551848D0,-27.74277978647868D0,23.7117900292025D0,     0000011P   2610
1780.36582451178D0,-26.1506201467454D0,27.65764484519288D0,      0000011P   2611
1827.925094983758D0,-24.89717501140467D0,32.50840721780325D0,    0000011P   2612
1875.600546048671D0,-22.92005274516088D0,38.40757088655688D0,    0000011P   2613
1922.457923076147D0,-17.1318834768045D0,46.5102531931264D0,      0000011P   2614
1971.762147427154D0,-8.377111413591859D0,56.52824887571354D0,    0000011P   2615
2011.846568313571D0,-2.631332996683466D0,70.31552535042036D0,    0000011P   2616
2017.613121251247D0,-0.8331899963142794D0,71.03665001268166D0,   0000011P   2617
2024.326859672949D0,-2.865259098162206D-15,73.30694279801136D0,  0000011P   2618
-200.0D0,-20.84121650992735D0,76.1560957981427D0,                0000011P   2619
-183.9673407081759D0,-21.11221970987474D0,74.83420787652013D0,   0000011P   2620
-151.9095680261058D0,-21.65571942957334D0,72.15722799921329D0,   0000011P   2621
-103.8435826850219D0,-22.46674168684923D0,68.00173445445212D0,   0000011P   2622
-55.80206218687651D0,-23.26278797392605D0,63.66507361953005D0,   0000011P   2623
-7.828656276186186D0,-24.06905241561135D0,59.08543352692249D0,   0000011P   2624
40.13364334363108D0,-24.91624352025931D0,54.20697706802945D0,    0000011P   2625
88.07874546110556D0,-25.79549155494365D0,49.13167232361166D0,    0000011P   2626
136.0635805575728D0,-26.69302672769114D0,43.94989653499725D0,    0000011P   2627
184.0776012426377D0,-27.58037376793156D0,38.76461767688654D0,    0000011P   2628
232.2168023701192D0,-28.41629970839303D0,33.66590059525587D0,    0000011P   2629
280.4128218621324D0,-29.19640429663246D0,28.77384758971545D0,    0000011P   2630
328.760964838261D0,-29.93927205842732D0,24.21906017515369D0,     0000011P   2631
377.2074884893586D0,-30.61281766711334D0,20.0727409384869D0,     0000011P   2632
425.7646436254642D0,-31.12644204265323D0,16.35360501328533D0,    0000011P   2633
474.4266070547192D0,-31.51038288876529D0,13.07200197351008D0,    0000011P   2634
523.1368825926376D0,-31.93191564899118D0,10.21703320289209D0,    0000011P   2635
571.931021665894D0,-32.38934702094478D0,7.76436073989305D0,      0000011P   2636
620.7655213911593D0,-32.68916669681568D0,5.698387672705422D0,    0000011P   2637
669.6353167745092D0,-32.79401941541732D0,4.01663272946D0,        0000011P   2638
718.5058287487947D0,-32.85373946878721D0,2.707671354926021D0,    0000011P   2639
767.3879526256525D0,-32.90786145008277D0,1.744608975869198D0,    0000011P   2640
816.2570767287198D0,-32.85587187004219D0,1.095159014980233D0,    0000011P   2641
865.0864440997151D0,-32.66329150724809D0,0.7250195732610791D0,   0000011P   2642
913.894454186663D0,-32.3833283082857D0,0.599492082360797D0,      0000011P   2643
962.6221823123607D0,-32.04789885396755D0,0.6868252637991077D0,   0000011P   2644
1011.333164672335D0,-31.67863005615228D0,0.9590970581826923D0,   0000011P   2645
1059.912720809947D0,-31.28645244206597D0,1.385214687112836D0,    0000011P   2646
1108.493440458481D0,-30.84155311895545D0,1.927891080541599D0,    0000011P   2647
1156.912869837943D0,-30.32226079195662D0,2.563677426708821D0,    0000011P   2648
1205.317067176728D0,-29.73401228997114D0,3.301052943617954D0,    0000011P   2649
1253.550513220906D0,-29.08075345514489D0,4.138168497988602D0,    0000011P   2650
1301.793069087769D0,-28.4172431663779D0,5.091807785564008D0,     0000011P   2651
1349.86486891335D0,-27.78667427986829D0,6.176143053802164D0,     0000011P   2652
1397.930012184589D0,-27.1574009211577D0,7.400501039604734D0,     0000011P   2653
1445.869814961887D0,-26.49479168158404D0,8.765789790698172D0,    0000011P   2654
1493.794776447162D0,-25.78029855346899D0,10.28862055456492D0,    0000011P   2655
1541.640153711206D0,-24.98591761770626D0,11.97601411913367D0,    0000011P   2656
1589.480625730172D0,-24.18548254023957D0,13.87611652152872D0,    0000011P   2657
1637.258177327254D0,-23.49353674341692D0,16.04189988638288D0,    0000011P   2658
1685.025256180163D0,-22.77952540207793D0,18.539023122568D0,      0000011P   2659
1732.704090007415D0,-21.79866475734513D0,21.41290943507909D0,    0000011P   2660
1780.372692243111D0,-20.66005785027406D0,24.85844186885561D0,    0000011P   2661
1827.915321047889D0,-19.89122050705657D0,29.16812114771594D0,    0000011P   2662
1875.581624096288D0,-18.5820087986944D0,34.50131387148029D0,     0000011P   2663
1922.464041500823D0,-14.07672097321173D0,41.97674408891496D0,    0000011P   2664
1971.942836737863D0,-7.001880307975752D0,51.45098940931437D0,    0000011P   2665
2011.527292753168D0,-2.254930968753664D0,65.33957724152907D0,    0000011P   2666
2015.716345783389D0,-0.7318310571480822D0,66.25056366662965D0,   0000011P   2667
2021.833132703762D0,-1.692764983557373D-15,68.69537011850861D0,  0000011P   2668
-200.0D0,-14.91943314798252D0,76.07083224340373D0,               0000011P   2669
-183.967455375561D0,-15.11029224722671D0,74.74692958836363D0,    0000011P   2670
-151.9098574329126D0,-15.49353327528621D0,72.06651206478297D0,   0000011P   2671
-103.8436602418278D0,-16.06875278402103D0,67.90656797657829D0,   0000011P   2672
-55.80139652745687D0,-16.63911093639753D0,63.56505515959623D0,   0000011P   2673
-7.828927889768695D0,-17.21693991236491D0,58.97899906328303D0,   0000011P   2674
40.13367888141345D0,-17.81660430702356D0,54.09187589498013D0,    0000011P   2675
88.07856490434557D0,-18.43843601692095D0,49.00597094359131D0,    0000011P   2676
136.0639483242671D0,-19.08487759188939D0,43.81124336690916D0,    0000011P   2677
184.0771934968329D0,-19.72351547200163D0,38.61141550367506D0,    0000011P   2678
232.2177390646529D0,-20.29874202604505D0,33.4975717779233D0,     0000011P   2679
280.4127475640435D0,-20.82168108746093D0,28.59017267533695D0,    0000011P   2680
328.7615756778822D0,-21.33943197647064D0,24.01904362481203D0,    0000011P   2681
377.2077994094789D0,-21.85281750821142D0,19.85701377641991D0,    0000011P   2682
425.7648082081812D0,-22.34303273925567D0,16.12680988394962D0,    0000011P   2683
474.4272146297842D0,-22.77136496408416D0,12.83674842559827D0,    0000011P   2684
523.1365873891276D0,-23.05313042517056D0,9.966476049254325D0,    0000011P   2685
571.9310550581729D0,-23.19452687517534D0,7.492028434529509D0,    0000011P   2686
620.7655818016247D0,-23.31827364904364D0,5.410775697900128D0,    0000011P   2687
669.6356015766361D0,-23.451232062502D0,3.722833250523529D0,      0000011P   2688
718.5055685035836D0,-23.50633728990852D0,2.406171030650469D0,    0000011P   2689
767.3877530996575D0,-23.46309415416566D0,1.430741735279952D0,    0000011P   2690
816.2570476921937D0,-23.3872163337625D0,0.7709120792895234D0,    0000011P   2691
865.0860003073414D0,-23.29814176017446D0,0.3946179407597938D0,   0000011P   2692
913.8945446165673D0,-23.13933102611327D0,0.2638793905533348D0,   0000011P   2693
962.6212919221854D0,-22.89331818672112D0,0.3449903113651942D0,   0000011P   2694
1011.333536193395D0,-22.62530195189603D0,0.6089999974080556D0,   0000011P   2695
1059.911231721673D0,-22.36563843578512D0,1.023564894711392D0,    0000011P   2696
1108.494077395084D0,-22.06095240823664D0,1.549597717596981D0,    0000011P   2697
1156.911700493434D0,-21.68076121621893D0,2.16287300712866D0,     0000011P   2698
1205.317716760483D0,-21.27413362724873D0,2.876245159729038D0,    0000011P   2699
1253.548787913546D0,-20.8730501280656D0,3.690324098534269D0,     0000011P   2700
1301.793799796185D0,-20.45205494722658D0,4.613091143272591D0,    0000011P   2701
1349.863720801581D0,-19.98723379262577D0,5.651028399531349D0,    0000011P   2702
1397.930488498117D0,-19.48697359012963D0,6.815911252622193D0,    0000011P   2703
1445.869005657956D0,-18.95546247127354D0,8.110741368220332D0,    0000011P   2704
1493.794953132031D0,-18.42949737739002D0,9.554300438458149D0,    0000011P   2705
1541.639940431536D0,-17.95221572743483D0,11.15841780596799D0,    0000011P   2706
1589.481323100912D0,-17.47655998656785D0,12.93981556934399D0,    0000011P   2707
1637.256504020402D0,-16.93421101292325D0,14.90920610626754D0,    0000011P   2708
1685.02350682824D0,-16.31792637747035D0,17.14433485307275D0,     0000011P   2709
1732.706975665549D0,-15.6190073016739D0,19.73421199980439D0,     0000011P   2710
1780.381152599251D0,-14.93849810798219D0,22.80241609263051D0,    0000011P   2711
1827.903440363221D0,-14.6492690852533D0,26.47979577420079D0,     0000011P   2712
1875.556368707667D0,-13.99006737843502D0,30.98594222735778D0,    0000011P   2713
1922.476428814964D0,-10.82199710831532D0,37.6438418683471D0,     0000011P   2714
1972.144480584605D0,-5.548064838501984D0,46.52050714961673D0,    0000011P   2715
2011.202888191996D0,-1.872701417210365D0,60.50316140210335D0,    0000011P   2716
2013.789027866092D0,-0.6270212169164992D0,61.61172191082935D0,   0000011P   2717
2019.288897326804D0,-5.362086579064499D-16,64.24281911955414D0,  0000011P   2718
-199.9999999999997D0,-8.958040618355016D0,76.02013521236793D0,   0000011P   2719
-183.9675702193915D0,-9.045290222061871D0,74.69499927069393D0,   0000011P   2720
-151.9101472850475D0,-9.231499162944024D0,72.01273167421653D0,   0000011P   2721
-103.8437379179746D0,-9.549387920377505D0,67.85037739457496D0,   0000011P   2722
-55.80072984374633D0,-9.910389771004603D0,63.50519909831298D0,   0000011P   2723
-7.829199921299471D0,-10.30384625826308D0,58.91423850973597D0,   0000011P   2724
40.13371447387979D0,-10.7184727221151D0,54.02180097760967D0,     0000011P   2725
88.07838406975131D0,-11.13269326259146D0,48.9298228332643D0,     0000011P   2726
136.0643166568686D0,-11.51905710566187D0,43.72660975560757D0,    0000011P   2727
184.0767851236072D0,-11.87556712476412D0,38.51702513973689D0,    0000011P   2728
232.218677200531D0,-12.20546609570539D0,33.39433361490948D0,     0000011P   2729
280.4126731516203D0,-12.5214458743911D0,28.47860810631054D0,     0000011P   2730
328.7621874574527D0,-12.85150421584936D0,23.89733846520986D0,    0000011P   2731
377.2081108080676D0,-13.17116555221021D0,19.72342465877581D0,    0000011P   2732
425.7649730441099D0,-13.40480697420506D0,15.98028799074083D0,    0000011P   2733
474.4278231396235D0,-13.55523560698728D0,12.67770997081869D0,    0000011P   2734
523.1362917314959D0,-13.69523034456088D0,9.79844115783277D0,     0000011P   2735
571.9310885023509D0,-13.84748810114722D0,7.318169211657171D0,    0000011P   2736
620.765642304666D0,-14.00454531603558D0,5.230334295560695D0,     0000011P   2737
669.6358868150937D0,-14.14249648881799D0,3.534728101270034D0,    0000011P   2738
718.5053078590242D0,-14.18658062911721D0,2.213082860243404D0,    0000011P   2739
767.3875532737003D0,-14.12207227857073D0,1.235836246389333D0,    0000011P   2740
816.2570186079605D0,-14.03189357807145D0,0.5735401266184326D0,   0000011P   2741
865.0855558062007D0,-13.95377542559105D0,0.1928052500127038D0,   0000011P   2742
913.894635192781D0,-13.86831639946011D0,0.05875554511237624D0,   0000011P   2743
962.6204002561365D0,-13.76616149594849D0,0.1384592040685106D0,   0000011P   2744
1011.333908275431D0,-13.6378299252043D0,0.398804700700893D0,     0000011P   2745
1059.909740001898D0,-13.47516503325748D0,0.8050987044217024D0,   0000011P   2746
1108.49471528946D0,-13.27499013261535D0,1.320291582467114D0,     0000011P   2747
1156.910530563481D0,-13.03503973533263D0,1.921160831803405D0,    0000011P   2748
1205.318367667185D0,-12.76875097063043D0,2.618041497886708D0,    0000011P   2749
1253.547055680463D0,-12.4869159331868D0,3.409634422901455D0,     0000011P   2750
1301.794529524427D0,-12.20922595743906D0,4.306218036087344D0,    0000011P   2751
1349.862585702152D0,-11.95101522627942D0,5.316126541849883D0,    0000011P   2752
1397.930976548291D0,-11.68637242767399D0,6.450429430353722D0,    0000011P   2753
1445.86814498449D0,-11.38754537809608D0,7.711476137450497D0,     0000011P   2754
1493.795078677524D0,-11.06659987294716D0,9.106873716790076D0,    0000011P   2755
1541.639893059729D0,-10.73435211372687D0,10.63538493320487D0,    0000011P   2756
1589.482244398875D0,-10.43031791092863D0,12.32085550499847D0,    0000011P   2757
1637.25429318904D0,-10.21698876194891D0,14.19105772839139D0,     0000011P   2758
1685.020833612607D0,-9.987460170550659D0,16.28405235830468D0,    0000011P   2759
1732.711535024328D0,-9.536619067786955D0,18.63215824984116D0,    0000011P   2760
1780.393251431582D0,-9.013299354353341D0,21.32247432581002D0,    0000011P   2761
1827.886725440199D0,-8.894289351210416D0,24.45074494970806D0,    0000011P   2762
1875.516902211008D0,-8.701304530864363D0,28.21838215256398D0,    0000011P   2763
1922.502494390905D0,-6.956181402475247D0,33.87300800324593D0,    0000011P   2764
1972.39677601819D0,-3.802900626271734D0,41.73172589655396D0,     0000011P   2765
2010.857622846989D0,-1.423225395833924D0,55.61419855469705D0,    0000011P   2766
2011.737624377392D0,-0.4928749914313917D0,56.97044643757729D0,   0000011P   2767
2016.559244252915D0,6.221273316294252D-16,59.81313621457623D0,   0000011P   2768
-200.0000000000003D0,-4.493271606365642D0,76.00376375826033D0,   0000011P   2769
-183.9676565486149D0,-4.559156054344075D0,74.67813874647258D0,   0000011P   2770
-151.9103651697119D0,-4.688964036217461D0,71.99538973396631D0,   0000011P   2771
-103.8437963078893D0,-4.872446871314626D0,67.83262710237061D0,   0000011P   2772
-55.80022869112816D0,-5.038131962921328D0,63.48605870399064D0,   0000011P   2773
-7.829404410042148D0,-5.201265201131381D0,58.89291955750633D0,   0000011P   2774
40.13374122908166D0,-5.381515127802134D0,53.99833902196983D0,    0000011P   2775
88.0782481346302D0,-5.566025886450643D0,48.90422600731459D0,     0000011P   2776
136.0645935360618D0,-5.731446738702579D0,43.69799932353221D0,    0000011P   2777
184.0764781454905D0,-5.891361663992817D0,38.48495129128405D0,    0000011P   2778
232.2193824063757D0,-6.077004744145495D0,33.35918158140935D0,    0000011P   2779
280.4126172150685D0,-6.275407778046457D0,28.4404850378351D0,     0000011P   2780
328.7626473381081D0,-6.448208167055332D0,23.8548396524203D0,     0000011P   2781
377.2083448894455D0,-6.589196487338971D0,19.67594569928518D0,    0000011P   2782
425.7650969528392D0,-6.710414233729681D0,15.92966747889789D0,    0000011P   2783
474.4282805622494D0,-6.813825832703692D0,12.6254542126604D0,     0000011P   2784
523.1360694829004D0,-6.897277880546018D0,9.742845296478357D0,    0000011P   2785
571.9311136431438D0,-6.958592138658336D0,7.257211789220591D0,    0000011P   2786
620.7656877850401D0,-6.991589101175107D0,5.165327300706885D0,    0000011P   2787
669.6361012298228D0,-7.001092567944081D0,3.468091331787434D0,    0000011P   2788
718.505111931011D0,-7.012158554497034D0,2.145650857257195D0,     0000011P   2789
767.3874030691595D0,-7.029655843977484D0,1.167783363888745D0,    0000011P   2790
816.2569967422439D0,-7.026014411720131D0,0.5055807984208869D0,   0000011P   2791
865.0852216462639D0,-6.990770908385017D0,0.125642656930232D0,    0000011P   2792
913.8947032864651D0,-6.938082501751707D0,                        0000011P   2793
-0.007544043379915877D0,962.6197300699184D0,                     0000011P   2794
-6.875145960875536D0,0.07262725605790621D0,1011.334187963136D0,  0000011P   2795
-6.80134267368641D0,0.3326834094444848D0,1059.908618344679D0,    0000011P   2796
-6.718731862921444D0,0.737557250440247D0,1108.49519478005D0,     0000011P   2797
-6.640924106802602D0,1.249918338971384D0,1156.909652246986D0,    0000011P   2798
-6.571065817341408D0,1.846489545169845D0,1205.318857261424D0,    0000011P   2799
-6.460628355105756D0,2.538407302053244D0,1253.545749564082D0,    0000011P   2800
-6.276612099318831D0,3.324665587525409D0,1301.795076107044D0,    0000011P   2801
-6.08966028494397D0,4.213185357433943D0,1349.86174620913D0,      0000011P   2802
-5.958603827562637D0,5.210257302606834D0,1397.931353674459D0,    0000011P   2803
-5.853294852881761D0,6.329332572160944D0,1445.867451298226D0,    0000011P   2804
-5.744272499391698D0,7.574989507764109D0,1493.795125142266D0,    0000011P   2805
-5.618970819883185D0,8.953529107355223D0,1541.640012361637D0,    0000011P   2806
-5.463575801087505D0,10.4627811912036D0,1589.48314462042D0,      0000011P   2807
-5.278152426782036D0,12.11815671379579D0,1637.252132777632D0,    0000011P   2808
-5.059473643022732D0,13.93758553991989D0,1685.017965710366D0,    0000011P   2809
-4.841804172157675D0,15.95533058466678D0,1732.716517886041D0,    0000011P   2810
-4.677899807702325D0,18.20838493280652D0,1780.405724726695D0,    0000011P   2811
-4.573308456302794D0,20.75062684640368D0,1827.869672784625D0,    0000011P   2812
-4.567102840772154D0,23.64733629655652D0,1875.474028053781D0,    0000011P   2813
-4.441296307784975D0,26.97421025524039D0,1922.534816850097D0,    0000011P   2814
-3.658577653594082D0,31.64305366115846D0,1972.633340914923D0,    0000011P   2815
-2.253932584265374D0,38.23997141176505D0,2010.57910899921D0,     0000011P   2816
-0.998367447617231D0,51.87291118751099D0,2010.082695460984D0,    0000011P   2817
-0.352992748626155D0,53.53587490419946D0,2014.338199082774D0,    0000011P   2818
1.492859741463246D-15,56.60453718677096D0,-199.9999999999995D0,  0000011P   2819
-1.495017522951433D0,76.00063049797429D0,-183.9677143287035D0,   0000011P   2820
-1.513920445725291D0,74.67467032735738D0,-151.9105109997678D0,   0000011P   2821
-1.552139724077791D0,71.99167832837219D0,-103.8438353882179D0,   0000011P   2822
-1.609917162442564D0,67.82902416989587D0,-55.79989327002325D0,   0000011P   2823
-1.667191954070874D0,63.48214457528519D0,-7.829541274217768D0,   0000011P   2824
-1.726162865716786D0,58.88846088466593D0,40.13375913631995D0,    0000011P   2825
-1.789843619901563D0,53.99374218803403D0,88.0781571533466D0,     0000011P   2826
-1.854164543548459D0,48.89971319071019D0,136.0647788511181D0,    0000011P   2827
-1.912513615512013D0,43.69296033517838D0,184.0762726852487D0,    0000011P   2828
-1.967882949819118D0,38.47905023219204D0,232.2198544001623D0,    0000011P   2829
-2.027555000225924D0,33.35269304053495D0,280.4125797767683D0,    0000011P   2830
-2.089138053876049D0,28.43354498921135D0,328.7629551359239D0,    0000011P   2831
-2.145132796887906D0,23.84671172071622D0,377.2085015599707D0,    0000011P   2832
-2.192959729669734D0,19.66615527072694D0,425.765179884846D0,     0000011P   2833
-2.231616776118732D0,15.91856895737713D0,474.4285867148219D0,    0000011P   2834
-2.262405016347642D0,12.61353884104665D0,523.1359207321368D0,    0000011P   2835
-2.290553853892121D0,9.73013499104303D0,571.931130470148D0,      0000011P   2836
-2.315801959060359D0,7.243576545818158D0,620.7657182248097D0,    0000011P   2837
-2.331048343864573D0,5.151140397640582D0,669.6362447364022D0,    0000011P   2838
-2.336099146012942D0,3.45401739975015D0,718.5049807971351D0,     0000011P   2839
-2.340417548427392D0,2.132239503680651D0,767.3873025412574D0,    0000011P   2840
-2.345927519348274D0,1.1553821204757D0,816.2569821058658D0,      0000011P   2841
-2.34313984624387D0,0.4942651627109882D0,865.0849979789828D0,    0000011P   2842
-2.329128379895295D0,0.115414280815294D0,913.8947488654667D0,    0000011P   2843
-2.311548520380591D0,-0.01610325692792003D0,962.6192815666855D0, 0000011P   2844
-2.293606013650615D0,0.06635842686935689D0,1011.334375152025D0,  0000011P   2845
-2.27060846870355D0,0.3279527504775146D0,1059.907867432756D0,    0000011P   2846
-2.24068738009699D0,0.7328316902653072D0,1108.495515690468D0,    0000011P   2847
-2.20951007939707D0,1.244419294060641D0,1156.909065059556D0,     0000011P   2848
-2.17941093403125D0,1.839924232083796D0,1205.319185124801D0,     0000011P   2849
-2.139752272722618D0,2.530190612145383D0,1253.544873026819D0,    0000011P   2850
-2.083476488947418D0,3.313935148736654D0,1301.795440774213D0,    0000011P   2851
-2.027466713346887D0,4.199141735139186D0,1349.86119248441D0,     0000011P   2852
-1.98566721003083D0,5.1921301387044D0,1397.931612150884D0,       0000011P   2853
-1.948454572460797D0,6.306749622190857D0,1445.866959381968D0,    0000011P   2854
-1.906215227231651D0,7.547883528508677D0,1493.795127899054D0,    0000011P   2855
-1.858247992230099D0,8.920119834424583D0,1541.640183853051D0,    0000011P   2856
-1.803653907356987D0,10.41894858239242D0,1589.483869993278D0,    0000011P   2857
-1.746175472038767D0,12.06508014150393D0,1637.250391908306D0,    0000011P   2858
-1.690925203196792D0,13.88642779320146D0,1685.015538401061D0,    0000011P   2859
-1.635009309743903D0,15.89849446586366D0,1732.720773143017D0,    0000011P   2860
-1.569915936038154D0,18.11028929904295D0,1780.416071739543D0,    0000011P   2861
-1.511670232281471D0,20.56536534609098D0,1827.855604509746D0,    0000011P   2862
-1.511141968677279D0,23.3503377485502D0,1875.437519523613D0,     0000011P   2863
-1.493515550667235D0,26.43075793183844D0,1922.563980303982D0,    0000011P   2864
-1.251465425714627D0,30.40219829512315D0,1972.819425829671D0,    0000011P   2865
-0.7857038838563532D0,36.04050923057154D0,2010.381474912336D0,   0000011P   2866
-0.3547283299476395D0,49.45605300450784D0,2008.908281608962D0,   0000011P   2867
-0.1264232950231218D0,51.34237036167959D0,2012.75159611531D0,    0000011P   2868
2.075640347596978D-15,54.57112311985402D0,-200.0D0,              0000011P   2869
3.107823845070201D-15,76.00085594989093D0,-183.9677431327076D0,  0000011P   2870
8.13567964140417D-16,74.67477733568016D0,-151.9105836976385D0,   0000011P   2871
-2.988848734594218D-15,71.99176501813142D0,-103.8438548701881D0, 0000011P   2872
-5.010215534362054D-15,67.82931326628221D0,-55.79972605895307D0, 0000011P   2873
-1.706957781070065D-15,63.48240724019672D0,-7.829609502498601D0, 0000011P   2874
3.11342953465499D-15,58.88859981946385D0,40.13376806327274D0,    0000011P   2875
4.62736490341165D-15,53.99402831764802D0,88.07811179818626D0,    0000011P   2876
4.37993788500283D-15,48.90030721606066D0,136.0648712326897D0,    0000011P   2877
5.492840896167725D-15,43.6935719589353D0,184.076170261083D0,     0000011P   2878
7.085476146453221D-15,38.47954175092278D0,232.2200896942003D0,   0000011P   2879
6.713606147474855D-15,33.35327254709064D0,280.4125611133659D0,   0000011P   2880
5.012627031651876D-15,28.43432635635583D0,328.7631085764869D0,   0000011P   2881
4.265280992754941D-15,23.84730168894831D0,377.2085796619414D0,   0000011P   2882
4.607080234568521D-15,19.6663152914272D0,425.7652212273433D0,    0000011P   2883
4.871300548318489D-15,15.91860055031343D0,474.4287393351803D0,   0000011P   2884
4.802385478670151D-15,12.61373287295702D0,523.1358465782917D0,   0000011P   2885
4.673135530576218D-15,9.730222469146675D0,571.9311388587078D0,   0000011P   2886
4.555494152243482D-15,7.243235186505849D0,620.7657333992821D0,   0000011P   2887
4.626945460528286D-15,5.150750095107341D0,669.636316275558D0,    0000011P   2888
4.431742290778749D-15,3.454163703199995D0,718.5049154257232D0,   0000011P   2889
2.074416972895329D-15,2.133004374629095D0,767.3872524286041D0,   0000011P   2890
-2.412741296888124D-15,1.156653126602379D0,816.2569748087859D0,  0000011P   2891
-5.71998059769705D-15,0.4962036814036424D0,865.0848864725364D0,  0000011P   2892
-6.162204923964342D-15,0.118277915847429D0,913.8947715887192D0,  0000011P   2893
-3.875776723139917D-15,-0.01207651074997074D0,                   0000011P   2894
962.6190580043281D0,5.200573796536307D-16,0.07169356916104874D0, 0000011P   2895
1011.334468465294D0,3.649750261274996D-15,0.3343043787866762D0,  0000011P   2896
1059.907493017798D0,3.665077051663412D-15,0.739652116725118D0,   0000011P   2897
1108.495675662737D0,2.853573398699682D-15,1.251458635357167D0,   0000011P   2898
1156.908772615712D0,2.644912361996891D-15,1.847115633886382D0,   0000011P   2899
1205.319348641646D0,2.992211810980318D-15,2.537193726922432D0,   0000011P   2900
1253.544435094236D0,3.813133368819164D-15,3.320181240467733D0,   0000011P   2901
1301.795622087166D0,3.193011996683502D-15,4.204291196072248D0,   0000011P   2902
1349.860919800507D0,-4.834954787766113D-16,5.196019601700137D0,  0000011P   2903
1397.931743501334D0,-4.432352212676153D-15,6.309201560274815D0,  0000011P   2904
1445.866702781356D0,-5.906374483774615D-15,7.548637339748538D0,  0000011P   2905
1493.79511760626D0,-4.828196898956145D-15,8.919773851948293D0,   0000011P   2906
1541.640307068397D0,-1.040550290530841D-15,10.41917983220976D0,  0000011P   2907
1589.484282173251D0,3.212255686745548D-15,12.06511439112665D0,   0000011P   2908
1637.249402666446D0,4.910898094687738D-15,13.88097523481601D0,   0000011P   2909
1685.014119313526D0,4.61053626103102D-15,15.89221467977562D0,    0000011P   2910
1732.723273250843D0,3.801353992026693D-15,18.12851678795891D0,   0000011P   2911
1780.422052586361D0,3.469939380638468D-15,20.61438708476722D0,   0000011P   2912
1827.847498405738D0,5.423603485666459D-15,23.4143815437067D0,    0000011P   2913
1875.416103425587D0,6.996131935814197D-15,26.40701079091495D0,   0000011P   2914
1922.581618372896D0,-4.330101474700745D-16,29.97327403091217D0,  0000011P   2915
1972.923615459034D0,-1.345144915682404D-14,35.00549136799602D0,  0000011P   2916
2010.278331380696D0,-1.2371806838253D-14,48.25465886944282D0,    0000011P   2917
2008.295337012883D0,-3.108508009324459D-15,50.26944201392612D0,  0000011P   2918
2011.91946769642D0,2.366162821232365D-15,53.58675558377641D0,    0000011P   2919
0.0D0,2269.598500603007D0,0.0D0,320.9983816446297D0;             0000011P   2920
S0000001G0000012D0000012P0002920                                        T      1
