                                                                        S      1
1H,,1H;,,                                                               G      1
126HM:\3me\mtt\SHS\lopende-projecten\2010\2010-04-DSYHS DB\Geometrieen DG      2
SYHS\Rhino modellen na inmeten 2012\SYSSER47_0_surface.igs,             G      3
26HRhinoceros ( Mar  9 2011 ),31HTrout Lake IGES 012 Mar  9 2011,       G      4
32,38,6,308,15,                                                         G      5
,                                                                       G      6
1.0D0,2,2HMM,1,0.254D0,13H121122.133843,                                G      7
0.001D0,                                                                G      8
1848.106780870748D0,                                                    G      9
,                                                                       G     10
,                                                                       G     11
10,0,13H121122.133843;                                                  G     12
     314       1       0       0       0       0       0       000000200D      1
     314       0       1       1       0       0       0   COLOR       0D      2
     314       2       0       0       0       0       0       000000200D      3
     314       0       5       1       0       0       0   COLOR       0D      4
     406       3       0       0       1       0       0       000000300D      5
     406       0      -1       1       3       0       0LEVELDEF       0D      6
     406       4       0       0       2       0       0       000000300D      7
     406       0      -3       1       3       0       0LEVELDEF       0D      8
     128       5       0       0       1       0       0       000000000D      9
     128       0      -1     200       8       0       0 TrimSrf       0D     10
     128     205       0       0       1       0       0       000000000D     11
     128       0      -1    6145       0       0       0 TrimSrf       0D     12
314,0.0,0.0,0.0,20HRGB(   0,   0,   0 );                         0000001P      1
314,100.0,100.0,0.0,20HRGB( 255, 255,   0 );                     0000003P      2
406,2,1,7HDefault;                                               0000005P      3
406,2,2,12HIGES level 0;                                         0000007P      4
128,1,77,1,3,0,0,1,0,0,0.0D0,0.0D0,271.4355726871631D0,          0000009P      5
271.4355726871631D0,-352.92722666726D0,-352.92722666726D0,       0000009P      6
-352.92722666726D0,-352.92722666726D0,-348.2215303116966D0,      0000009P      7
-343.5158339561331D0,-338.8101376005697D0,-334.1044412450062D0,  0000009P      8
-329.3987448894427D0,-324.6930485338792D0,-319.9873521783158D0,  0000009P      9
-315.2816558227523D0,-310.5759594671889D0,-305.8702631116254D0,  0000009P     10
-301.1645667560619D0,-296.4588704004984D0,-291.753174044935D0,   0000009P     11
-287.0474776893715D0,-282.3417813338081D0,-277.6360849782446D0,  0000009P     12
-272.9303886226811D0,-268.2246922671176D0,-263.5189959115542D0,  0000009P     13
-258.8132995559907D0,-254.1076032004272D0,-249.4019068448638D0,  0000009P     14
-244.6962104893003D0,-239.9905141337368D0,-235.2848177781734D0,  0000009P     15
-230.5791214226099D0,-225.8734250670464D0,-221.167728711483D0,   0000009P     16
-216.4620323559195D0,-211.756336000356D0,-207.0506396447926D0,   0000009P     17
-202.3449432892291D0,-197.6392469336656D0,-192.9335505781021D0,  0000009P     18
-188.2278542225387D0,-183.5221578669752D0,-178.8164615114118D0,  0000009P     19
-174.1107651558483D0,-169.4050688002848D0,-164.6993724447214D0,  0000009P     20
-159.9936760891579D0,-155.2879797335944D0,-150.582283378031D0,   0000009P     21
-145.8765870224675D0,-141.170890666904D0,-136.4651943113406D0,   0000009P     22
-131.7594979557771D0,-127.0538016002136D0,-122.3481052446501D0,  0000009P     23
-117.6424088890867D0,-112.9367125335232D0,-108.2310161779598D0,  0000009P     24
-103.5253198223963D0,-98.81962346683281D0,-94.11392711126935D0,  0000009P     25
-89.40823075570587D0,-84.70253440014241D0,-79.99683804457894D0,  0000009P     26
-75.29114168901548D0,-70.58544533345201D0,-65.87974897788854D0,  0000009P     27
-61.17405262232507D0,-56.4683562667616D0,-51.76265991119814D0,   0000009P     28
-47.05696355563467D0,-42.35126720007121D0,-37.64557084450774D0,  0000009P     29
-32.93987448894427D0,-28.2341781333808D0,-23.52848177781734D0,   0000009P     30
-18.82278542225387D0,-14.1170890666904D0,-9.411392711126934D0,   0000009P     31
-4.705696355563467D0,0.0D0,0.0D0,0.0D0,0.0D0,1.0D0,1.0D0,1.0D0,  0000009P     32
1.0D0,1.0D0,1.0D0,1.0D0,1.0D0,1.0D0,1.0D0,1.0D0,1.0D0,1.0D0,     0000009P     33
1.0D0,1.0D0,1.0D0,1.0D0,1.0D0,1.0D0,1.0D0,1.0D0,1.0D0,1.0D0,     0000009P     34
1.0D0,1.0D0,1.0D0,1.0D0,1.0D0,1.0D0,1.0D0,1.0D0,1.0D0,1.0D0,     0000009P     35
1.0D0,1.0D0,1.0D0,1.0D0,1.0D0,1.0D0,1.0D0,1.0D0,1.0D0,1.0D0,     0000009P     36
1.0D0,1.0D0,1.0D0,1.0D0,1.0D0,1.0D0,1.0D0,1.0D0,1.0D0,1.0D0,     0000009P     37
1.0D0,1.0D0,1.0D0,1.0D0,1.0D0,1.0D0,1.0D0,1.0D0,1.0D0,1.0D0,     0000009P     38
1.0D0,1.0D0,1.0D0,1.0D0,1.0D0,1.0D0,1.0D0,1.0D0,1.0D0,1.0D0,     0000009P     39
1.0D0,1.0D0,1.0D0,1.0D0,1.0D0,1.0D0,1.0D0,1.0D0,1.0D0,1.0D0,     0000009P     40
1.0D0,1.0D0,1.0D0,1.0D0,1.0D0,1.0D0,1.0D0,1.0D0,1.0D0,1.0D0,     0000009P     41
1.0D0,1.0D0,1.0D0,1.0D0,1.0D0,1.0D0,1.0D0,1.0D0,1.0D0,1.0D0,     0000009P     42
1.0D0,1.0D0,1.0D0,1.0D0,1.0D0,1.0D0,1.0D0,1.0D0,1.0D0,1.0D0,     0000009P     43
1.0D0,1.0D0,1.0D0,1.0D0,1.0D0,1.0D0,1.0D0,1.0D0,1.0D0,1.0D0,     0000009P     44
1.0D0,1.0D0,1.0D0,1.0D0,1.0D0,1.0D0,1.0D0,1.0D0,1.0D0,1.0D0,     0000009P     45
1.0D0,1.0D0,1.0D0,1.0D0,1.0D0,1.0D0,1.0D0,1.0D0,1.0D0,1.0D0,     0000009P     46
1.0D0,1.0D0,1.0D0,1.0D0,1.0D0,1.0D0,1.0D0,1.0D0,1.0D0,1.0D0,     0000009P     47
1.0D0,1.0D0,1.0D0,2.738515794339924D-14,2.048250528912807D-14,   0000009P     48
83.11119659226682D0,2.738515794339924D-14,2.048250528912807D-14, 0000009P     49
83.11119659226682D0,2.768582084936081D-14,2.302857917482099D-14, 0000009P     50
83.93345794074563D0,2.701354222186816D-14,-1.697608789740536D0,  0000009P     51
83.11130325474801D0,2.751907073724092D-14,2.288935570026382D-14, 0000009P     52
85.57798063770325D0,2.703838670284906D-14,-5.100422376477638D0,  0000009P     53
83.11456192642132D0,2.726894556906108D-14,2.268052048842806D-14, 0000009P     54
88.04476468313969D0,2.707565342432046D-14,-10.15905246525528D0,  0000009P     55
83.12882859497542D0,2.701882040088123D-14,2.24716852765923D-14,  0000009P     56
90.51154872857613D0,2.71129201457918D-14,-15.20355097381954D0,   0000009P     57
83.15280608845463D0,2.676869523270139D-14,2.226285006475654D-14, 0000009P     58
92.97833277401259D0,2.715018686726317D-14,-20.26443416848241D0,  0000009P     59
83.18709913132952D0,2.651857006452155D-14,2.205401485292078D-14, 0000009P     60
95.44511681944903D0,2.718745358873455D-14,-25.3659461332497D0,   0000009P     61
83.23269851369555D0,2.626844489634171D-14,2.184517964108502D-14, 0000009P     62
97.91190086488547D0,2.722472031020598D-14,-30.38591974805217D0,  0000009P     63
83.28878706051489D0,2.601831972816186D-14,2.163634442924926D-14, 0000009P     64
100.3786849103219D0,2.72619870316773D-14,-35.50992944911768D0,   0000009P     65
83.3582549676469D0,2.576819455998202D-14,2.14275092174135D-14,   0000009P     66
102.8454689557584D0,2.729925375314872D-14,-40.50964003696718D0,  0000009P     67
83.43855135849586D0,2.551806939180218D-14,2.121867400557774D-14, 0000009P     68
105.3122530011948D0,2.733652047462005D-14,-45.60321152209522D0,  0000009P     69
83.53374389905531D0,2.526794422362233D-14,2.100983879374198D-14, 0000009P     70
107.7790370466312D0,2.737378719609158D-14,-50.65529794572252D0,  0000009P     71
83.64235411330567D0,2.501781905544249D-14,2.080100358190622D-14, 0000009P     72
110.2458210920677D0,2.741105391756311D-14,-55.76751359116445D0,  0000009P     73
83.76769798337847D0,2.476769388726265D-14,2.059216837007046D-14, 0000009P     74
112.7126051375041D0,2.744832063903443D-14,-60.71704671378714D0,  0000009P     75
83.90448102444917D0,2.451756871908281D-14,2.03833331582347D-14,  0000009P     76
115.1793891829406D0,2.748558736050596D-14,-65.86773651292984D0,  0000009P     77
84.06426066115476D0,2.426744355090297D-14,2.017449794639894D-14, 0000009P     78
117.646173228377D0,2.752285408197749D-14,-70.84550595283055D0,   0000009P     79
84.23663606233532D0,2.401731838272313D-14,1.996566273456318D-14, 0000009P     80
120.1129572738134D0,2.756012080344881D-14,-76.01760914608843D0,  0000009P     81
84.43583228305863D0,2.37671932145433D-14,1.975682752272742D-14,  0000009P     82
122.5797413192499D0,2.759738752492015D-14,-81.00025043511867D0,  0000009P     83
84.64877577104124D0,2.351706804636346D-14,1.954799231089166D-14, 0000009P     84
125.0465253646863D0,2.763465424639145D-14,-86.06093229644706D0,  0000009P     85
84.88738280225802D0,2.326694287818361D-14,1.93391570990559D-14,  0000009P     86
127.5133094101228D0,2.767192096786259D-14,-91.13591092228769D0,  0000009P     87
85.1517029918264D0,2.301681771000377D-14,1.913032188722015D-14,  0000009P     88
129.9800934555592D0,2.770918768933391D-14,-96.2087435033154D0,   0000009P     89
85.44302716285506D0,2.276669254182393D-14,1.892148667538439D-14, 0000009P     90
132.4468775009956D0,2.774645441080543D-14,-101.269137964565D0,   0000009P     91
85.76342158895116D0,2.251656737364409D-14,1.871265146354862D-14, 0000009P     92
134.9136615464321D0,2.778372113227697D-14,-106.2778529925284D0,  0000009P     93
86.11270175474706D0,2.226644220546424D-14,1.850381625171286D-14, 0000009P     94
137.3804455918685D0,2.782098785374891D-14,-111.3585587206703D0,  0000009P     95
86.50334456628337D0,2.20163170372844D-14,1.82949810398771D-14,   0000009P     96
139.847229637305D0,2.785825457522042D-14,-116.438785982667D0,    0000009P     97
86.93596087529082D0,2.176619186910456D-14,1.808614582804134D-14, 0000009P     98
142.3140136827414D0,2.789552129669195D-14,-121.3873453593811D0,  0000009P     99
87.40185586035238D0,2.151606670092472D-14,1.787731061620558D-14, 0000009P    100
144.7807977281778D0,2.793278801816389D-14,-126.5116404810412D0,  0000009P    101
87.93790462251396D0,2.126594153274488D-14,1.766847540436982D-14, 0000009P    102
147.2475817736143D0,2.797005473963502D-14,-131.5440132675897D0,  0000009P    103
88.52628160416204D0,2.101581636456504D-14,1.745964019253406D-14, 0000009P    104
149.7143658190507D0,2.800732146110614D-14,-136.5546290312688D0,  0000009P    105
89.18250970909831D0,2.07656911963852D-14,1.72508049806983D-14,   0000009P    106
152.1811498644872D0,2.804458818257805D-14,-141.4894071230879D0,  0000009P    107
89.90870068507662D0,2.051556602820536D-14,1.704196976886254D-14, 0000009P    108
154.6479339099236D0,2.808185490404961D-14,-146.5371535179309D0,  0000009P    109
90.75859586701358D0,2.026544086002551D-14,1.683313455702678D-14, 0000009P    110
157.1147179553601D0,2.811912162552111D-14,-151.5509925222233D0,  0000009P    111
91.74524325750721D0,2.001531569184567D-14,1.662429934519102D-14, 0000009P    112
159.5815020007965D0,2.815638834699224D-14,-156.4495959121416D0,  0000009P    113
92.85967628589621D0,1.976519052366583D-14,1.641546413335526D-14, 0000009P    114
162.0482860462329D0,2.819365506846377D-14,-161.3005714781299D0,  0000009P    115
94.11704617670716D0,1.951506535548598D-14,1.62066289215195D-14,  0000009P    116
164.5150700916694D0,2.823092178993489D-14,-166.2581917203095D0,  0000009P    117
95.57757713172788D0,1.926494018730614D-14,1.599779370968374D-14, 0000009P    118
166.9818541371058D0,2.826818851140601D-14,-171.0243896391481D0,  0000009P    119
97.16366265918856D0,1.90148150191263D-14,1.578895849784798D-14,  0000009P    120
169.4486381825423D0,2.830545523287795D-14,-175.7777260827293D0,  0000009P    121
98.93696876095554D0,1.876468985094646D-14,1.558012328601222D-14, 0000009P    122
171.9154222279787D0,2.834272195434989D-14,-180.4513081661204D0,  0000009P    123
100.8896124610561D0,1.851456468276662D-14,1.537128807417646D-14, 0000009P    124
174.3822062734151D0,2.837998867582181D-14,-184.9870697873978D0,  0000009P    125
102.996952152889D0,1.826443951458678D-14,1.51624528623407D-14,   0000009P    126
176.8489903188516D0,2.841725539729374D-14,-189.5646917266259D0,  0000009P    127
105.3623298675325D0,1.801431434640694D-14,1.495361765050494D-14, 0000009P    128
179.315774364288D0,2.845452211876527D-14,-193.9124761546789D0,   0000009P    129
107.8537541064441D0,1.776418917822709D-14,1.474478243866919D-14, 0000009P    130
181.7825584097245D0,2.849178884023721D-14,-198.2413103586216D0,  0000009P    131
110.6004685730384D0,1.751406401004725D-14,1.453594722683343D-14, 0000009P    132
184.2493424551609D0,2.852905556170831D-14,-202.3545318042843D0,  0000009P    133
113.4941045792933D0,1.726393884186741D-14,1.432711201499767D-14, 0000009P    134
186.7161265005973D0,2.856632228317869D-14,-206.3264288273237D0,  0000009P    135
116.5775759702601D0,1.701381367368757D-14,1.411827680316191D-14, 0000009P    136
189.1829105460338D0,2.860358900464882D-14,-210.2244693446174D0,  0000009P    137
119.9006564232408D0,1.676368850550773D-14,1.390944159132615D-14, 0000009P    138
191.6496945914702D0,2.864085572612061D-14,-213.8976220285386D0,  0000009P    139
123.3733886370556D0,1.651356333732789D-14,1.370060637949039D-14, 0000009P    140
194.1164786369067D0,2.86781224475884D-14,-217.2523578965663D0,   0000009P    141
127.0589843837592D0,1.626343816914805D-14,1.349177116765463D-14, 0000009P    142
196.5832626823431D0,2.871538916906978D-14,-220.4421927065324D0,  0000009P    143
131.1470775874461D0,1.60133130009682D-14,1.328293595581887D-14,  0000009P    144
199.0500467277796D0,2.875265589050564D-14,-223.2712684188192D0,  0000009P    145
135.2216967731278D0,1.576318783278836D-14,1.307410074398312D-14, 0000009P    146
201.516830773216D0,2.878992261210835D-14,-226.0128379280951D0,   0000009P    147
139.5627062980337D0,1.551306266460852D-14,1.286526553214736D-14, 0000009P    148
203.9836148186524D0,2.882718933308762D-14,-228.5673389001887D0,  0000009P    149
143.9665433473301D0,1.526293749642868D-14,1.26564303203116D-14,  0000009P    150
206.4503988640889D0,2.88644560563913D-14,-230.9747156085384D0,   0000009P    151
148.4310348193137D0,1.501281232824883D-14,1.244759510847585D-14, 0000009P    152
208.9171829095253D0,2.890172277102322D-14,-233.2229426769019D0,  0000009P    153
152.8743611647577D0,1.476268716006899D-14,1.223875989664009D-14, 0000009P    154
211.3839669549618D0,2.893898951801863D-14,-235.4461336264542D0,  0000009P    155
157.5328227861869D0,1.451256199188915D-14,1.202992468480433D-14, 0000009P    156
213.8507510003982D0,2.897625614423178D-14,-237.5105452222831D0,  0000009P    157
162.0950551640935D0,1.426243682370931D-14,1.182108947296858D-14, 0000009P    158
216.3175350458347D0,2.901352322121136D-14,-239.5324695070777D0,  0000009P    159
166.7817410285949D0,1.401231165552946D-14,1.161225426113282D-14, 0000009P    160
218.7843190912711D0,2.905078861591065D-14,-241.4451102794832D0,  0000009P    161
171.4165258606095D0,1.376218648734963D-14,1.140341904929706D-14, 0000009P    162
221.2511031367075D0,2.908806028896469D-14,-243.3237925024547D0,  0000009P    163
176.1585473311204D0,1.351206131916978D-14,1.11945838374613D-14,  0000009P    164
223.717887182144D0,2.912530853087759D-14,-245.1206747445299D0,   0000009P    165
180.8714245840307D0,1.326193615098994D-14,1.098574862562554D-14, 0000009P    166
226.1846712275804D0,2.916264421900196D-14,-246.886086216197D0,   0000009P    167
185.670164387057D0,1.30118109828101D-14,1.077691341378978D-14,   0000009P    168
228.6514552730169D0,2.919965355341914D-14,-248.57460708029D0,    0000009P    169
190.4179626759377D0,1.276168581463026D-14,1.056807820195402D-14, 0000009P    170
231.1182393184533D0,2.923788085645359D-14,-250.2142164504377D0,  0000009P    171
195.1727340661998D0,1.251156064645042D-14,1.035924299011827D-14, 0000009P    172
233.5850233638898D0,2.927156263872936D-14,-251.846696410018D0,   0000009P    173
200.0525161032665D0,1.226143547827058D-14,1.015040777828251D-14, 0000009P    174
236.0518074093262D0,2.932220853542266D-14,-253.3784467169321D0,  0000009P    175
204.7608392042529D0,1.201131031009074D-14,9.94157256644675D-15,  0000009P    176
238.5185914547626D0,2.930954349520125D-14,-254.9341943644288D0,  0000009P    177
209.6719144115893D0,1.17611851419109D-14,9.732737354610991D-15,  0000009P    178
240.9853755001991D0,2.953315808822193D-14,-256.4114513336277D0,  0000009P    179
214.4572085423976D0,1.151105997373106D-14,9.523902142775233D-15, 0000009P    180
243.4521595456355D0,2.887496508519462D-14,-257.8841442717485D0,  0000009P    181
219.3441563023571D0,1.126093480555121D-14,9.315066930939475D-15, 0000009P    182
245.918943591072D0,3.150772283311723D-14,-259.312778004325D0,    0000009P    183
224.1977924201413D0,1.101080963737137D-14,9.106231719103715D-15, 0000009P    184
248.3857276365084D0,2.185848517329207D-14,-260.719128309842D0,   0000009P    185
229.084611680695D0,1.076068446919153D-14,8.897396507267957D-15,  0000009P    186
250.8525116819449D0,5.804627839350254D-14,-262.0910317530285D0,  0000009P    187
233.9524827679283D0,1.051055930101169D-14,8.688561295432199D-15, 0000009P    188
253.3192957273813D0,-7.683205649868743D-14,-263.4297189488284D0, 0000009P    189
238.8149965979853D0,1.026043413283184D-14,8.47972608359644D-15,  0000009P    190
255.7860797728178D0,1.408022687641264D-12,-264.7710587899932D0,  0000009P    191
243.7333631088745D0,1.0010308964652D-14,8.27089087176068D-15,    0000009P    192
258.2528638182542D0,2.441069280121419D-12,-266.0907977699652D0,  0000009P    193
248.5603169287975D0,9.760183796472158D-15,8.062055659924922D-15, 0000009P    194
260.7196478636906D0,3.611063438408068D-12,-267.4349637921379D0,  0000009P    195
253.4799743517862D0,9.510058628292314D-15,7.853220448089163D-15, 0000009P    196
263.1864319091271D0,4.744987386231486D-12,-268.7733303433923D0,  0000009P    197
258.3775206224393D0,9.259933460112472D-15,7.644385236253405D-15, 0000009P    198
265.6532159545636D0,5.886798159087111D-12,-270.1111173371327D0,  0000009P    199
263.2731851054147D0,9.093183347992578D-15,7.505161761696235D-15, 0000009P    200
267.2977386515212D0,6.63814692113496D-12,-270.9932795920797D0,   0000009P    201
266.5014344540236D0,9.009808291932629D-15,7.435550024417647D-15, 0000009P    202
268.12D0,7.015053604640868D-12,-271.4355726871631D0,268.12D0,    0000009P    203
0.0D0,271.4355726871631D0,-352.92722666726D0,0.0D0;              0000009P    204
128,70,77,3,3,0,0,1,0,0,0.0D0,0.0D0,0.0D0,0.0D0,                 0000011P    205
50.70210521043759D0,101.4042104208752D0,152.0131668340594D0,     0000011P    206
202.6221232472436D0,236.2521278484762D0,269.8821324497087D0,     0000011P    207
303.5121370509413D0,337.0098869993461D0,370.5076369477509D0,     0000011P    208
404.0053868961557D0,454.1075441761182D0,504.2097014560807D0,     0000011P    209
537.5695707092926D0,570.9294399625047D0,604.2893092157167D0,     0000011P    210
637.6506302084854D0,671.0119512012542D0,704.3732721940229D0,     0000011P    211
737.7696450269386D0,771.1660178598544D0,804.5623906927701D0,     0000011P    212
854.7519382693297D0,904.9414858458893D0,938.4906214362685D0,     0000011P    213
972.0397570266476D0,1005.588892617027D0,1025.786307138029D0,     0000011P    214
1045.983721659031D0,1066.181136180033D0,1086.378550701035D0,     0000011P    215
1106.575965222037D0,1157.273021096489D0,1207.970076970942D0,     0000011P    216
1241.921394645989D0,1275.872712321037D0,1309.824029996085D0,     0000011P    217
1343.9457390245D0,1378.067448052916D0,1412.189157081331D0,       0000011P    218
1432.770260193324D0,1453.351363305316D0,1473.932466417309D0,     0000011P    219
1494.513569529301D0,1515.094672641294D0,1524.508638556151D0,     0000011P    220
1533.922604471009D0,1543.336570385866D0,1552.750536300723D0,     0000011P    221
1562.164502215581D0,1571.578468130438D0,1580.992434045296D0,     0000011P    222
1590.406399960153D0,1599.82036587501D0,1609.234331789868D0,      0000011P    223
1618.648297704725D0,1631.017511231225D0,1643.386724757725D0,     0000011P    224
1655.755938284225D0,1668.125151810724D0,1680.494365337224D0,     0000011P    225
1692.863578863724D0,1705.232792390224D0,1717.602005916724D0,     0000011P    226
1729.971219443223D0,1742.340432969723D0,1754.709646496223D0,     0000011P    227
1767.078860022723D0,1779.448073549223D0,1779.448073549223D0,     0000011P    228
1779.448073549223D0,1779.448073549223D0,0.0D0,0.0D0,0.0D0,0.0D0, 0000011P    229
4.705696355563467D0,9.411392711126934D0,14.1170890666904D0,      0000011P    230
18.82278542225387D0,23.52848177781734D0,28.2341781333808D0,      0000011P    231
32.93987448894427D0,37.64557084450774D0,42.35126720007121D0,     0000011P    232
47.05696355563467D0,51.76265991119814D0,56.4683562667616D0,      0000011P    233
61.17405262232507D0,65.87974897788854D0,70.58544533345201D0,     0000011P    234
75.29114168901548D0,79.99683804457894D0,84.70253440014241D0,     0000011P    235
89.40823075570587D0,94.11392711126935D0,98.81962346683281D0,     0000011P    236
103.5253198223963D0,108.2310161779598D0,112.9367125335232D0,     0000011P    237
117.6424088890867D0,122.3481052446501D0,127.0538016002136D0,     0000011P    238
131.7594979557771D0,136.4651943113406D0,141.170890666904D0,      0000011P    239
145.8765870224675D0,150.582283378031D0,155.2879797335944D0,      0000011P    240
159.9936760891579D0,164.6993724447214D0,169.4050688002848D0,     0000011P    241
174.1107651558483D0,178.8164615114118D0,183.5221578669752D0,     0000011P    242
188.2278542225387D0,192.9335505781021D0,197.6392469336656D0,     0000011P    243
202.3449432892291D0,207.0506396447926D0,211.756336000356D0,      0000011P    244
216.4620323559195D0,221.167728711483D0,225.8734250670464D0,      0000011P    245
230.5791214226099D0,235.2848177781734D0,239.9905141337368D0,     0000011P    246
244.6962104893003D0,249.4019068448638D0,254.1076032004272D0,     0000011P    247
258.8132995559907D0,263.5189959115542D0,268.2246922671176D0,     0000011P    248
272.9303886226811D0,277.6360849782446D0,282.3417813338081D0,     0000011P    249
287.0474776893715D0,291.753174044935D0,296.4588704004984D0,      0000011P    250
301.1645667560619D0,305.8702631116254D0,310.5759594671889D0,     0000011P    251
315.2816558227523D0,319.9873521783158D0,324.6930485338792D0,     0000011P    252
329.3987448894427D0,334.1044412450062D0,338.8101376005697D0,     0000011P    253
343.5158339561331D0,348.2215303116966D0,352.92722666726D0,       0000011P    254
352.92722666726D0,352.92722666726D0,352.92722666726D0,1.0D0,     0000011P    255
1.0D0,1.0D0,1.0D0,1.0D0,1.0D0,1.0D0,1.0D0,1.0D0,1.0D0,1.0D0,     0000011P    256
1.0D0,1.0D0,1.0D0,1.0D0,1.0D0,1.0D0,1.0D0,1.0D0,1.0D0,1.0D0,     0000011P    257
1.0D0,1.0D0,1.0D0,1.0D0,1.0D0,1.0D0,1.0D0,1.0D0,1.0D0,1.0D0,     0000011P    258
1.0D0,1.0D0,1.0D0,1.0D0,1.0D0,1.0D0,1.0D0,1.0D0,1.0D0,1.0D0,     0000011P    259
1.0D0,1.0D0,1.0D0,1.0D0,1.0D0,1.0D0,1.0D0,1.0D0,1.0D0,1.0D0,     0000011P    260
1.0D0,1.0D0,1.0D0,1.0D0,1.0D0,1.0D0,1.0D0,1.0D0,1.0D0,1.0D0,     0000011P    261
1.0D0,1.0D0,1.0D0,1.0D0,1.0D0,1.0D0,1.0D0,1.0D0,1.0D0,1.0D0,     0000011P    262
1.0D0,1.0D0,1.0D0,1.0D0,1.0D0,1.0D0,1.0D0,1.0D0,1.0D0,1.0D0,     0000011P    263
1.0D0,1.0D0,1.0D0,1.0D0,1.0D0,1.0D0,1.0D0,1.0D0,1.0D0,1.0D0,     0000011P    264
1.0D0,1.0D0,1.0D0,1.0D0,1.0D0,1.0D0,1.0D0,1.0D0,1.0D0,1.0D0,     0000011P    265
1.0D0,1.0D0,1.0D0,1.0D0,1.0D0,1.0D0,1.0D0,1.0D0,1.0D0,1.0D0,     0000011P    266
1.0D0,1.0D0,1.0D0,1.0D0,1.0D0,1.0D0,1.0D0,1.0D0,1.0D0,1.0D0,     0000011P    267
1.0D0,1.0D0,1.0D0,1.0D0,1.0D0,1.0D0,1.0D0,1.0D0,1.0D0,1.0D0,     0000011P    268
1.0D0,1.0D0,1.0D0,1.0D0,1.0D0,1.0D0,1.0D0,1.0D0,1.0D0,1.0D0,     0000011P    269
1.0D0,1.0D0,1.0D0,1.0D0,1.0D0,1.0D0,1.0D0,1.0D0,1.0D0,1.0D0,     0000011P    270
1.0D0,1.0D0,1.0D0,1.0D0,1.0D0,1.0D0,1.0D0,1.0D0,1.0D0,1.0D0,     0000011P    271
1.0D0,1.0D0,1.0D0,1.0D0,1.0D0,1.0D0,1.0D0,1.0D0,1.0D0,1.0D0,     0000011P    272
1.0D0,1.0D0,1.0D0,1.0D0,1.0D0,1.0D0,1.0D0,1.0D0,1.0D0,1.0D0,     0000011P    273
1.0D0,1.0D0,1.0D0,1.0D0,1.0D0,1.0D0,1.0D0,1.0D0,1.0D0,1.0D0,     0000011P    274
1.0D0,1.0D0,1.0D0,1.0D0,1.0D0,1.0D0,1.0D0,1.0D0,1.0D0,1.0D0,     0000011P    275
1.0D0,1.0D0,1.0D0,1.0D0,1.0D0,1.0D0,1.0D0,1.0D0,1.0D0,1.0D0,     0000011P    276
1.0D0,1.0D0,1.0D0,1.0D0,1.0D0,1.0D0,1.0D0,1.0D0,1.0D0,1.0D0,     0000011P    277
1.0D0,1.0D0,1.0D0,1.0D0,1.0D0,1.0D0,1.0D0,1.0D0,1.0D0,1.0D0,     0000011P    278
1.0D0,1.0D0,1.0D0,1.0D0,1.0D0,1.0D0,1.0D0,1.0D0,1.0D0,1.0D0,     0000011P    279
1.0D0,1.0D0,1.0D0,1.0D0,1.0D0,1.0D0,1.0D0,1.0D0,1.0D0,1.0D0,     0000011P    280
1.0D0,1.0D0,1.0D0,1.0D0,1.0D0,1.0D0,1.0D0,1.0D0,1.0D0,1.0D0,     0000011P    281
1.0D0,1.0D0,1.0D0,1.0D0,1.0D0,1.0D0,1.0D0,1.0D0,1.0D0,1.0D0,     0000011P    282
1.0D0,1.0D0,1.0D0,1.0D0,1.0D0,1.0D0,1.0D0,1.0D0,1.0D0,1.0D0,     0000011P    283
1.0D0,1.0D0,1.0D0,1.0D0,1.0D0,1.0D0,1.0D0,1.0D0,1.0D0,1.0D0,     0000011P    284
1.0D0,1.0D0,1.0D0,1.0D0,1.0D0,1.0D0,1.0D0,1.0D0,1.0D0,1.0D0,     0000011P    285
1.0D0,1.0D0,1.0D0,1.0D0,1.0D0,1.0D0,1.0D0,1.0D0,1.0D0,1.0D0,     0000011P    286
1.0D0,1.0D0,1.0D0,1.0D0,1.0D0,1.0D0,1.0D0,1.0D0,1.0D0,1.0D0,     0000011P    287
1.0D0,1.0D0,1.0D0,1.0D0,1.0D0,1.0D0,1.0D0,1.0D0,1.0D0,1.0D0,     0000011P    288
1.0D0,1.0D0,1.0D0,1.0D0,1.0D0,1.0D0,1.0D0,1.0D0,1.0D0,1.0D0,     0000011P    289
1.0D0,1.0D0,1.0D0,1.0D0,1.0D0,1.0D0,1.0D0,1.0D0,1.0D0,1.0D0,     0000011P    290
1.0D0,1.0D0,1.0D0,1.0D0,1.0D0,1.0D0,1.0D0,1.0D0,1.0D0,1.0D0,     0000011P    291
1.0D0,1.0D0,1.0D0,1.0D0,1.0D0,1.0D0,1.0D0,1.0D0,1.0D0,1.0D0,     0000011P    292
1.0D0,1.0D0,1.0D0,1.0D0,1.0D0,1.0D0,1.0D0,1.0D0,1.0D0,1.0D0,     0000011P    293
1.0D0,1.0D0,1.0D0,1.0D0,1.0D0,1.0D0,1.0D0,1.0D0,1.0D0,1.0D0,     0000011P    294
1.0D0,1.0D0,1.0D0,1.0D0,1.0D0,1.0D0,1.0D0,1.0D0,1.0D0,1.0D0,     0000011P    295
1.0D0,1.0D0,1.0D0,1.0D0,1.0D0,1.0D0,1.0D0,1.0D0,1.0D0,1.0D0,     0000011P    296
1.0D0,1.0D0,1.0D0,1.0D0,1.0D0,1.0D0,1.0D0,1.0D0,1.0D0,1.0D0,     0000011P    297
1.0D0,1.0D0,1.0D0,1.0D0,1.0D0,1.0D0,1.0D0,1.0D0,1.0D0,1.0D0,     0000011P    298
1.0D0,1.0D0,1.0D0,1.0D0,1.0D0,1.0D0,1.0D0,1.0D0,1.0D0,1.0D0,     0000011P    299
1.0D0,1.0D0,1.0D0,1.0D0,1.0D0,1.0D0,1.0D0,1.0D0,1.0D0,1.0D0,     0000011P    300
1.0D0,1.0D0,1.0D0,1.0D0,1.0D0,1.0D0,1.0D0,1.0D0,1.0D0,1.0D0,     0000011P    301
1.0D0,1.0D0,1.0D0,1.0D0,1.0D0,1.0D0,1.0D0,1.0D0,1.0D0,1.0D0,     0000011P    302
1.0D0,1.0D0,1.0D0,1.0D0,1.0D0,1.0D0,1.0D0,1.0D0,1.0D0,1.0D0,     0000011P    303
1.0D0,1.0D0,1.0D0,1.0D0,1.0D0,1.0D0,1.0D0,1.0D0,1.0D0,1.0D0,     0000011P    304
1.0D0,1.0D0,1.0D0,1.0D0,1.0D0,1.0D0,1.0D0,1.0D0,1.0D0,1.0D0,     0000011P    305
1.0D0,1.0D0,1.0D0,1.0D0,1.0D0,1.0D0,1.0D0,1.0D0,1.0D0,1.0D0,     0000011P    306
1.0D0,1.0D0,1.0D0,1.0D0,1.0D0,1.0D0,1.0D0,1.0D0,1.0D0,1.0D0,     0000011P    307
1.0D0,1.0D0,1.0D0,1.0D0,1.0D0,1.0D0,1.0D0,1.0D0,1.0D0,1.0D0,     0000011P    308
1.0D0,1.0D0,1.0D0,1.0D0,1.0D0,1.0D0,1.0D0,1.0D0,1.0D0,1.0D0,     0000011P    309
1.0D0,1.0D0,1.0D0,1.0D0,1.0D0,1.0D0,1.0D0,1.0D0,1.0D0,1.0D0,     0000011P    310
1.0D0,1.0D0,1.0D0,1.0D0,1.0D0,1.0D0,1.0D0,1.0D0,1.0D0,1.0D0,     0000011P    311
1.0D0,1.0D0,1.0D0,1.0D0,1.0D0,1.0D0,1.0D0,1.0D0,1.0D0,1.0D0,     0000011P    312
1.0D0,1.0D0,1.0D0,1.0D0,1.0D0,1.0D0,1.0D0,1.0D0,1.0D0,1.0D0,     0000011P    313
1.0D0,1.0D0,1.0D0,1.0D0,1.0D0,1.0D0,1.0D0,1.0D0,1.0D0,1.0D0,     0000011P    314
1.0D0,1.0D0,1.0D0,1.0D0,1.0D0,1.0D0,1.0D0,1.0D0,1.0D0,1.0D0,     0000011P    315
1.0D0,1.0D0,1.0D0,1.0D0,1.0D0,1.0D0,1.0D0,1.0D0,1.0D0,1.0D0,     0000011P    316
1.0D0,1.0D0,1.0D0,1.0D0,1.0D0,1.0D0,1.0D0,1.0D0,1.0D0,1.0D0,     0000011P    317
1.0D0,1.0D0,1.0D0,1.0D0,1.0D0,1.0D0,1.0D0,1.0D0,1.0D0,1.0D0,     0000011P    318
1.0D0,1.0D0,1.0D0,1.0D0,1.0D0,1.0D0,1.0D0,1.0D0,1.0D0,1.0D0,     0000011P    319
1.0D0,1.0D0,1.0D0,1.0D0,1.0D0,1.0D0,1.0D0,1.0D0,1.0D0,1.0D0,     0000011P    320
1.0D0,1.0D0,1.0D0,1.0D0,1.0D0,1.0D0,1.0D0,1.0D0,1.0D0,1.0D0,     0000011P    321
1.0D0,1.0D0,1.0D0,1.0D0,1.0D0,1.0D0,1.0D0,1.0D0,1.0D0,1.0D0,     0000011P    322
1.0D0,1.0D0,1.0D0,1.0D0,1.0D0,1.0D0,1.0D0,1.0D0,1.0D0,1.0D0,     0000011P    323
1.0D0,1.0D0,1.0D0,1.0D0,1.0D0,1.0D0,1.0D0,1.0D0,1.0D0,1.0D0,     0000011P    324
1.0D0,1.0D0,1.0D0,1.0D0,1.0D0,1.0D0,1.0D0,1.0D0,1.0D0,1.0D0,     0000011P    325
1.0D0,1.0D0,1.0D0,1.0D0,1.0D0,1.0D0,1.0D0,1.0D0,1.0D0,1.0D0,     0000011P    326
1.0D0,1.0D0,1.0D0,1.0D0,1.0D0,1.0D0,1.0D0,1.0D0,1.0D0,1.0D0,     0000011P    327
1.0D0,1.0D0,1.0D0,1.0D0,1.0D0,1.0D0,1.0D0,1.0D0,1.0D0,1.0D0,     0000011P    328
1.0D0,1.0D0,1.0D0,1.0D0,1.0D0,1.0D0,1.0D0,1.0D0,1.0D0,1.0D0,     0000011P    329
1.0D0,1.0D0,1.0D0,1.0D0,1.0D0,1.0D0,1.0D0,1.0D0,1.0D0,1.0D0,     0000011P    330
1.0D0,1.0D0,1.0D0,1.0D0,1.0D0,1.0D0,1.0D0,1.0D0,1.0D0,1.0D0,     0000011P    331
1.0D0,1.0D0,1.0D0,1.0D0,1.0D0,1.0D0,1.0D0,1.0D0,1.0D0,1.0D0,     0000011P    332
1.0D0,1.0D0,1.0D0,1.0D0,1.0D0,1.0D0,1.0D0,1.0D0,1.0D0,1.0D0,     0000011P    333
1.0D0,1.0D0,1.0D0,1.0D0,1.0D0,1.0D0,1.0D0,1.0D0,1.0D0,1.0D0,     0000011P    334
1.0D0,1.0D0,1.0D0,1.0D0,1.0D0,1.0D0,1.0D0,1.0D0,1.0D0,1.0D0,     0000011P    335
1.0D0,1.0D0,1.0D0,1.0D0,1.0D0,1.0D0,1.0D0,1.0D0,1.0D0,1.0D0,     0000011P    336
1.0D0,1.0D0,1.0D0,1.0D0,1.0D0,1.0D0,1.0D0,1.0D0,1.0D0,1.0D0,     0000011P    337
1.0D0,1.0D0,1.0D0,1.0D0,1.0D0,1.0D0,1.0D0,1.0D0,1.0D0,1.0D0,     0000011P    338
1.0D0,1.0D0,1.0D0,1.0D0,1.0D0,1.0D0,1.0D0,1.0D0,1.0D0,1.0D0,     0000011P    339
1.0D0,1.0D0,1.0D0,1.0D0,1.0D0,1.0D0,1.0D0,1.0D0,1.0D0,1.0D0,     0000011P    340
1.0D0,1.0D0,1.0D0,1.0D0,1.0D0,1.0D0,1.0D0,1.0D0,1.0D0,1.0D0,     0000011P    341
1.0D0,1.0D0,1.0D0,1.0D0,1.0D0,1.0D0,1.0D0,1.0D0,1.0D0,1.0D0,     0000011P    342
1.0D0,1.0D0,1.0D0,1.0D0,1.0D0,1.0D0,1.0D0,1.0D0,1.0D0,1.0D0,     0000011P    343
1.0D0,1.0D0,1.0D0,1.0D0,1.0D0,1.0D0,1.0D0,1.0D0,1.0D0,1.0D0,     0000011P    344
1.0D0,1.0D0,1.0D0,1.0D0,1.0D0,1.0D0,1.0D0,1.0D0,1.0D0,1.0D0,     0000011P    345
1.0D0,1.0D0,1.0D0,1.0D0,1.0D0,1.0D0,1.0D0,1.0D0,1.0D0,1.0D0,     0000011P    346
1.0D0,1.0D0,1.0D0,1.0D0,1.0D0,1.0D0,1.0D0,1.0D0,1.0D0,1.0D0,     0000011P    347
1.0D0,1.0D0,1.0D0,1.0D0,1.0D0,1.0D0,1.0D0,1.0D0,1.0D0,1.0D0,     0000011P    348
1.0D0,1.0D0,1.0D0,1.0D0,1.0D0,1.0D0,1.0D0,1.0D0,1.0D0,1.0D0,     0000011P    349
1.0D0,1.0D0,1.0D0,1.0D0,1.0D0,1.0D0,1.0D0,1.0D0,1.0D0,1.0D0,     0000011P    350
1.0D0,1.0D0,1.0D0,1.0D0,1.0D0,1.0D0,1.0D0,1.0D0,1.0D0,1.0D0,     0000011P    351
1.0D0,1.0D0,1.0D0,1.0D0,1.0D0,1.0D0,1.0D0,1.0D0,1.0D0,1.0D0,     0000011P    352
1.0D0,1.0D0,1.0D0,1.0D0,1.0D0,1.0D0,1.0D0,1.0D0,1.0D0,1.0D0,     0000011P    353
1.0D0,1.0D0,1.0D0,1.0D0,1.0D0,1.0D0,1.0D0,1.0D0,1.0D0,1.0D0,     0000011P    354
1.0D0,1.0D0,1.0D0,1.0D0,1.0D0,1.0D0,1.0D0,1.0D0,1.0D0,1.0D0,     0000011P    355
1.0D0,1.0D0,1.0D0,1.0D0,1.0D0,1.0D0,1.0D0,1.0D0,1.0D0,1.0D0,     0000011P    356
1.0D0,1.0D0,1.0D0,1.0D0,1.0D0,1.0D0,1.0D0,1.0D0,1.0D0,1.0D0,     0000011P    357
1.0D0,1.0D0,1.0D0,1.0D0,1.0D0,1.0D0,1.0D0,1.0D0,1.0D0,1.0D0,     0000011P    358
1.0D0,1.0D0,1.0D0,1.0D0,1.0D0,1.0D0,1.0D0,1.0D0,1.0D0,1.0D0,     0000011P    359
1.0D0,1.0D0,1.0D0,1.0D0,1.0D0,1.0D0,1.0D0,1.0D0,1.0D0,1.0D0,     0000011P    360
1.0D0,1.0D0,1.0D0,1.0D0,1.0D0,1.0D0,1.0D0,1.0D0,1.0D0,1.0D0,     0000011P    361
1.0D0,1.0D0,1.0D0,1.0D0,1.0D0,1.0D0,1.0D0,1.0D0,1.0D0,1.0D0,     0000011P    362
1.0D0,1.0D0,1.0D0,1.0D0,1.0D0,1.0D0,1.0D0,1.0D0,1.0D0,1.0D0,     0000011P    363
1.0D0,1.0D0,1.0D0,1.0D0,1.0D0,1.0D0,1.0D0,1.0D0,1.0D0,1.0D0,     0000011P    364
1.0D0,1.0D0,1.0D0,1.0D0,1.0D0,1.0D0,1.0D0,1.0D0,1.0D0,1.0D0,     0000011P    365
1.0D0,1.0D0,1.0D0,1.0D0,1.0D0,1.0D0,1.0D0,1.0D0,1.0D0,1.0D0,     0000011P    366
1.0D0,1.0D0,1.0D0,1.0D0,1.0D0,1.0D0,1.0D0,1.0D0,1.0D0,1.0D0,     0000011P    367
1.0D0,1.0D0,1.0D0,1.0D0,1.0D0,1.0D0,1.0D0,1.0D0,1.0D0,1.0D0,     0000011P    368
1.0D0,1.0D0,1.0D0,1.0D0,1.0D0,1.0D0,1.0D0,1.0D0,1.0D0,1.0D0,     0000011P    369
1.0D0,1.0D0,1.0D0,1.0D0,1.0D0,1.0D0,1.0D0,1.0D0,1.0D0,1.0D0,     0000011P    370
1.0D0,1.0D0,1.0D0,1.0D0,1.0D0,1.0D0,1.0D0,1.0D0,1.0D0,1.0D0,     0000011P    371
1.0D0,1.0D0,1.0D0,1.0D0,1.0D0,1.0D0,1.0D0,1.0D0,1.0D0,1.0D0,     0000011P    372
1.0D0,1.0D0,1.0D0,1.0D0,1.0D0,1.0D0,1.0D0,1.0D0,1.0D0,1.0D0,     0000011P    373
1.0D0,1.0D0,1.0D0,1.0D0,1.0D0,1.0D0,1.0D0,1.0D0,1.0D0,1.0D0,     0000011P    374
1.0D0,1.0D0,1.0D0,1.0D0,1.0D0,1.0D0,1.0D0,1.0D0,1.0D0,1.0D0,     0000011P    375
1.0D0,1.0D0,1.0D0,1.0D0,1.0D0,1.0D0,1.0D0,1.0D0,1.0D0,1.0D0,     0000011P    376
1.0D0,1.0D0,1.0D0,1.0D0,1.0D0,1.0D0,1.0D0,1.0D0,1.0D0,1.0D0,     0000011P    377
1.0D0,1.0D0,1.0D0,1.0D0,1.0D0,1.0D0,1.0D0,1.0D0,1.0D0,1.0D0,     0000011P    378
1.0D0,1.0D0,1.0D0,1.0D0,1.0D0,1.0D0,1.0D0,1.0D0,1.0D0,1.0D0,     0000011P    379
1.0D0,1.0D0,1.0D0,1.0D0,1.0D0,1.0D0,1.0D0,1.0D0,1.0D0,1.0D0,     0000011P    380
1.0D0,1.0D0,1.0D0,1.0D0,1.0D0,1.0D0,1.0D0,1.0D0,1.0D0,1.0D0,     0000011P    381
1.0D0,1.0D0,1.0D0,1.0D0,1.0D0,1.0D0,1.0D0,1.0D0,1.0D0,1.0D0,     0000011P    382
1.0D0,1.0D0,1.0D0,1.0D0,1.0D0,1.0D0,1.0D0,1.0D0,1.0D0,1.0D0,     0000011P    383
1.0D0,1.0D0,1.0D0,1.0D0,1.0D0,1.0D0,1.0D0,1.0D0,1.0D0,1.0D0,     0000011P    384
1.0D0,1.0D0,1.0D0,1.0D0,1.0D0,1.0D0,1.0D0,1.0D0,1.0D0,1.0D0,     0000011P    385
1.0D0,1.0D0,1.0D0,1.0D0,1.0D0,1.0D0,1.0D0,1.0D0,1.0D0,1.0D0,     0000011P    386
1.0D0,1.0D0,1.0D0,1.0D0,1.0D0,1.0D0,1.0D0,1.0D0,1.0D0,1.0D0,     0000011P    387
1.0D0,1.0D0,1.0D0,1.0D0,1.0D0,1.0D0,1.0D0,1.0D0,1.0D0,1.0D0,     0000011P    388
1.0D0,1.0D0,1.0D0,1.0D0,1.0D0,1.0D0,1.0D0,1.0D0,1.0D0,1.0D0,     0000011P    389
1.0D0,1.0D0,1.0D0,1.0D0,1.0D0,1.0D0,1.0D0,1.0D0,1.0D0,1.0D0,     0000011P    390
1.0D0,1.0D0,1.0D0,1.0D0,1.0D0,1.0D0,1.0D0,1.0D0,1.0D0,1.0D0,     0000011P    391
1.0D0,1.0D0,1.0D0,1.0D0,1.0D0,1.0D0,1.0D0,1.0D0,1.0D0,1.0D0,     0000011P    392
1.0D0,1.0D0,1.0D0,1.0D0,1.0D0,1.0D0,1.0D0,1.0D0,1.0D0,1.0D0,     0000011P    393
1.0D0,1.0D0,1.0D0,1.0D0,1.0D0,1.0D0,1.0D0,1.0D0,1.0D0,1.0D0,     0000011P    394
1.0D0,1.0D0,1.0D0,1.0D0,1.0D0,1.0D0,1.0D0,1.0D0,1.0D0,1.0D0,     0000011P    395
1.0D0,1.0D0,1.0D0,1.0D0,1.0D0,1.0D0,1.0D0,1.0D0,1.0D0,1.0D0,     0000011P    396
1.0D0,1.0D0,1.0D0,1.0D0,1.0D0,1.0D0,1.0D0,1.0D0,1.0D0,1.0D0,     0000011P    397
1.0D0,1.0D0,1.0D0,1.0D0,1.0D0,1.0D0,1.0D0,1.0D0,1.0D0,1.0D0,     0000011P    398
1.0D0,1.0D0,1.0D0,1.0D0,1.0D0,1.0D0,1.0D0,1.0D0,1.0D0,1.0D0,     0000011P    399
1.0D0,1.0D0,1.0D0,1.0D0,1.0D0,1.0D0,1.0D0,1.0D0,1.0D0,1.0D0,     0000011P    400
1.0D0,1.0D0,1.0D0,1.0D0,1.0D0,1.0D0,1.0D0,1.0D0,1.0D0,1.0D0,     0000011P    401
1.0D0,1.0D0,1.0D0,1.0D0,1.0D0,1.0D0,1.0D0,1.0D0,1.0D0,1.0D0,     0000011P    402
1.0D0,1.0D0,1.0D0,1.0D0,1.0D0,1.0D0,1.0D0,1.0D0,1.0D0,1.0D0,     0000011P    403
1.0D0,1.0D0,1.0D0,1.0D0,1.0D0,1.0D0,1.0D0,1.0D0,1.0D0,1.0D0,     0000011P    404
1.0D0,1.0D0,1.0D0,1.0D0,1.0D0,1.0D0,1.0D0,1.0D0,1.0D0,1.0D0,     0000011P    405
1.0D0,1.0D0,1.0D0,1.0D0,1.0D0,1.0D0,1.0D0,1.0D0,1.0D0,1.0D0,     0000011P    406
1.0D0,1.0D0,1.0D0,1.0D0,1.0D0,1.0D0,1.0D0,1.0D0,1.0D0,1.0D0,     0000011P    407
1.0D0,1.0D0,1.0D0,1.0D0,1.0D0,1.0D0,1.0D0,1.0D0,1.0D0,1.0D0,     0000011P    408
1.0D0,1.0D0,1.0D0,1.0D0,1.0D0,1.0D0,1.0D0,1.0D0,1.0D0,1.0D0,     0000011P    409
1.0D0,1.0D0,1.0D0,1.0D0,1.0D0,1.0D0,1.0D0,1.0D0,1.0D0,1.0D0,     0000011P    410
1.0D0,1.0D0,1.0D0,1.0D0,1.0D0,1.0D0,1.0D0,1.0D0,1.0D0,1.0D0,     0000011P    411
1.0D0,1.0D0,1.0D0,1.0D0,1.0D0,1.0D0,1.0D0,1.0D0,1.0D0,1.0D0,     0000011P    412
1.0D0,1.0D0,1.0D0,1.0D0,1.0D0,1.0D0,1.0D0,1.0D0,1.0D0,1.0D0,     0000011P    413
1.0D0,1.0D0,1.0D0,1.0D0,1.0D0,1.0D0,1.0D0,1.0D0,1.0D0,1.0D0,     0000011P    414
1.0D0,1.0D0,1.0D0,1.0D0,1.0D0,1.0D0,1.0D0,1.0D0,1.0D0,1.0D0,     0000011P    415
1.0D0,1.0D0,1.0D0,1.0D0,1.0D0,1.0D0,1.0D0,1.0D0,1.0D0,1.0D0,     0000011P    416
1.0D0,1.0D0,1.0D0,1.0D0,1.0D0,1.0D0,1.0D0,1.0D0,1.0D0,1.0D0,     0000011P    417
1.0D0,1.0D0,1.0D0,1.0D0,1.0D0,1.0D0,1.0D0,1.0D0,1.0D0,1.0D0,     0000011P    418
1.0D0,1.0D0,1.0D0,1.0D0,1.0D0,1.0D0,1.0D0,1.0D0,1.0D0,1.0D0,     0000011P    419
1.0D0,1.0D0,1.0D0,1.0D0,1.0D0,1.0D0,1.0D0,1.0D0,1.0D0,1.0D0,     0000011P    420
1.0D0,1.0D0,1.0D0,1.0D0,1.0D0,1.0D0,1.0D0,1.0D0,1.0D0,1.0D0,     0000011P    421
1.0D0,1.0D0,1.0D0,1.0D0,1.0D0,1.0D0,1.0D0,1.0D0,1.0D0,1.0D0,     0000011P    422
1.0D0,1.0D0,1.0D0,1.0D0,1.0D0,1.0D0,1.0D0,1.0D0,1.0D0,1.0D0,     0000011P    423
1.0D0,1.0D0,1.0D0,1.0D0,1.0D0,1.0D0,1.0D0,1.0D0,1.0D0,1.0D0,     0000011P    424
1.0D0,1.0D0,1.0D0,1.0D0,1.0D0,1.0D0,1.0D0,1.0D0,1.0D0,1.0D0,     0000011P    425
1.0D0,1.0D0,1.0D0,1.0D0,1.0D0,1.0D0,1.0D0,1.0D0,1.0D0,1.0D0,     0000011P    426
1.0D0,1.0D0,1.0D0,1.0D0,1.0D0,1.0D0,1.0D0,1.0D0,1.0D0,1.0D0,     0000011P    427
1.0D0,1.0D0,1.0D0,1.0D0,1.0D0,1.0D0,1.0D0,1.0D0,1.0D0,1.0D0,     0000011P    428
1.0D0,1.0D0,1.0D0,1.0D0,1.0D0,1.0D0,1.0D0,1.0D0,1.0D0,1.0D0,     0000011P    429
1.0D0,1.0D0,1.0D0,1.0D0,1.0D0,1.0D0,1.0D0,1.0D0,1.0D0,1.0D0,     0000011P    430
1.0D0,1.0D0,1.0D0,1.0D0,1.0D0,1.0D0,1.0D0,1.0D0,1.0D0,1.0D0,     0000011P    431
1.0D0,1.0D0,1.0D0,1.0D0,1.0D0,1.0D0,1.0D0,1.0D0,1.0D0,1.0D0,     0000011P    432
1.0D0,1.0D0,1.0D0,1.0D0,1.0D0,1.0D0,1.0D0,1.0D0,1.0D0,1.0D0,     0000011P    433
1.0D0,1.0D0,1.0D0,1.0D0,1.0D0,1.0D0,1.0D0,1.0D0,1.0D0,1.0D0,     0000011P    434
1.0D0,1.0D0,1.0D0,1.0D0,1.0D0,1.0D0,1.0D0,1.0D0,1.0D0,1.0D0,     0000011P    435
1.0D0,1.0D0,1.0D0,1.0D0,1.0D0,1.0D0,1.0D0,1.0D0,1.0D0,1.0D0,     0000011P    436
1.0D0,1.0D0,1.0D0,1.0D0,1.0D0,1.0D0,1.0D0,1.0D0,1.0D0,1.0D0,     0000011P    437
1.0D0,1.0D0,1.0D0,1.0D0,1.0D0,1.0D0,1.0D0,1.0D0,1.0D0,1.0D0,     0000011P    438
1.0D0,1.0D0,1.0D0,1.0D0,1.0D0,1.0D0,1.0D0,1.0D0,1.0D0,1.0D0,     0000011P    439
1.0D0,1.0D0,1.0D0,1.0D0,1.0D0,1.0D0,1.0D0,1.0D0,1.0D0,1.0D0,     0000011P    440
1.0D0,1.0D0,1.0D0,1.0D0,1.0D0,1.0D0,1.0D0,1.0D0,1.0D0,1.0D0,     0000011P    441
1.0D0,1.0D0,1.0D0,1.0D0,1.0D0,1.0D0,1.0D0,1.0D0,1.0D0,1.0D0,     0000011P    442
1.0D0,1.0D0,1.0D0,1.0D0,1.0D0,1.0D0,1.0D0,1.0D0,1.0D0,1.0D0,     0000011P    443
1.0D0,1.0D0,1.0D0,1.0D0,1.0D0,1.0D0,1.0D0,1.0D0,1.0D0,1.0D0,     0000011P    444
1.0D0,1.0D0,1.0D0,1.0D0,1.0D0,1.0D0,1.0D0,1.0D0,1.0D0,1.0D0,     0000011P    445
1.0D0,1.0D0,1.0D0,1.0D0,1.0D0,1.0D0,1.0D0,1.0D0,1.0D0,1.0D0,     0000011P    446
1.0D0,1.0D0,1.0D0,1.0D0,1.0D0,1.0D0,1.0D0,1.0D0,1.0D0,1.0D0,     0000011P    447
1.0D0,1.0D0,1.0D0,1.0D0,1.0D0,1.0D0,1.0D0,1.0D0,1.0D0,1.0D0,     0000011P    448
1.0D0,1.0D0,1.0D0,1.0D0,1.0D0,1.0D0,1.0D0,1.0D0,1.0D0,1.0D0,     0000011P    449
1.0D0,1.0D0,1.0D0,1.0D0,1.0D0,1.0D0,1.0D0,1.0D0,1.0D0,1.0D0,     0000011P    450
1.0D0,1.0D0,1.0D0,1.0D0,1.0D0,1.0D0,1.0D0,1.0D0,1.0D0,1.0D0,     0000011P    451
1.0D0,1.0D0,1.0D0,1.0D0,1.0D0,1.0D0,1.0D0,1.0D0,1.0D0,1.0D0,     0000011P    452
1.0D0,1.0D0,1.0D0,1.0D0,1.0D0,1.0D0,1.0D0,1.0D0,1.0D0,1.0D0,     0000011P    453
1.0D0,1.0D0,1.0D0,1.0D0,1.0D0,1.0D0,1.0D0,1.0D0,1.0D0,1.0D0,     0000011P    454
1.0D0,1.0D0,1.0D0,1.0D0,1.0D0,1.0D0,1.0D0,1.0D0,1.0D0,1.0D0,     0000011P    455
1.0D0,1.0D0,1.0D0,1.0D0,1.0D0,1.0D0,1.0D0,1.0D0,1.0D0,1.0D0,     0000011P    456
1.0D0,1.0D0,1.0D0,1.0D0,1.0D0,1.0D0,1.0D0,1.0D0,1.0D0,1.0D0,     0000011P    457
1.0D0,1.0D0,1.0D0,1.0D0,1.0D0,1.0D0,1.0D0,1.0D0,1.0D0,1.0D0,     0000011P    458
1.0D0,1.0D0,1.0D0,1.0D0,1.0D0,1.0D0,1.0D0,1.0D0,1.0D0,1.0D0,     0000011P    459
1.0D0,1.0D0,1.0D0,1.0D0,1.0D0,1.0D0,1.0D0,1.0D0,1.0D0,1.0D0,     0000011P    460
1.0D0,1.0D0,1.0D0,1.0D0,1.0D0,1.0D0,1.0D0,1.0D0,1.0D0,1.0D0,     0000011P    461
1.0D0,1.0D0,1.0D0,1.0D0,1.0D0,1.0D0,1.0D0,1.0D0,1.0D0,1.0D0,     0000011P    462
1.0D0,1.0D0,1.0D0,1.0D0,1.0D0,1.0D0,1.0D0,1.0D0,1.0D0,1.0D0,     0000011P    463
1.0D0,1.0D0,1.0D0,1.0D0,1.0D0,1.0D0,1.0D0,1.0D0,1.0D0,1.0D0,     0000011P    464
1.0D0,1.0D0,1.0D0,1.0D0,1.0D0,1.0D0,1.0D0,1.0D0,1.0D0,1.0D0,     0000011P    465
1.0D0,1.0D0,1.0D0,1.0D0,1.0D0,1.0D0,1.0D0,1.0D0,1.0D0,1.0D0,     0000011P    466
1.0D0,1.0D0,1.0D0,1.0D0,1.0D0,1.0D0,1.0D0,1.0D0,1.0D0,1.0D0,     0000011P    467
1.0D0,1.0D0,1.0D0,1.0D0,1.0D0,1.0D0,1.0D0,1.0D0,1.0D0,1.0D0,     0000011P    468
1.0D0,1.0D0,1.0D0,1.0D0,1.0D0,1.0D0,1.0D0,1.0D0,1.0D0,1.0D0,     0000011P    469
1.0D0,1.0D0,1.0D0,1.0D0,1.0D0,1.0D0,1.0D0,1.0D0,1.0D0,1.0D0,     0000011P    470
1.0D0,1.0D0,1.0D0,1.0D0,1.0D0,1.0D0,1.0D0,1.0D0,1.0D0,1.0D0,     0000011P    471
1.0D0,1.0D0,1.0D0,1.0D0,1.0D0,1.0D0,1.0D0,1.0D0,1.0D0,1.0D0,     0000011P    472
1.0D0,1.0D0,1.0D0,1.0D0,1.0D0,1.0D0,1.0D0,1.0D0,1.0D0,1.0D0,     0000011P    473
1.0D0,1.0D0,1.0D0,1.0D0,1.0D0,1.0D0,1.0D0,1.0D0,1.0D0,1.0D0,     0000011P    474
1.0D0,1.0D0,1.0D0,1.0D0,1.0D0,1.0D0,1.0D0,1.0D0,1.0D0,1.0D0,     0000011P    475
1.0D0,1.0D0,1.0D0,1.0D0,1.0D0,1.0D0,1.0D0,1.0D0,1.0D0,1.0D0,     0000011P    476
1.0D0,1.0D0,1.0D0,1.0D0,1.0D0,1.0D0,1.0D0,1.0D0,1.0D0,1.0D0,     0000011P    477
1.0D0,1.0D0,1.0D0,1.0D0,1.0D0,1.0D0,1.0D0,1.0D0,1.0D0,1.0D0,     0000011P    478
1.0D0,1.0D0,1.0D0,1.0D0,1.0D0,1.0D0,1.0D0,1.0D0,1.0D0,1.0D0,     0000011P    479
1.0D0,1.0D0,1.0D0,1.0D0,1.0D0,1.0D0,1.0D0,1.0D0,1.0D0,1.0D0,     0000011P    480
1.0D0,1.0D0,1.0D0,1.0D0,1.0D0,1.0D0,1.0D0,1.0D0,1.0D0,1.0D0,     0000011P    481
1.0D0,1.0D0,1.0D0,1.0D0,1.0D0,1.0D0,1.0D0,1.0D0,1.0D0,1.0D0,     0000011P    482
1.0D0,1.0D0,1.0D0,1.0D0,1.0D0,1.0D0,1.0D0,1.0D0,1.0D0,1.0D0,     0000011P    483
1.0D0,1.0D0,1.0D0,1.0D0,1.0D0,1.0D0,1.0D0,1.0D0,1.0D0,1.0D0,     0000011P    484
1.0D0,1.0D0,1.0D0,1.0D0,1.0D0,1.0D0,1.0D0,1.0D0,1.0D0,1.0D0,     0000011P    485
1.0D0,1.0D0,1.0D0,1.0D0,1.0D0,1.0D0,1.0D0,1.0D0,1.0D0,1.0D0,     0000011P    486
1.0D0,1.0D0,1.0D0,1.0D0,1.0D0,1.0D0,1.0D0,1.0D0,1.0D0,1.0D0,     0000011P    487
1.0D0,1.0D0,1.0D0,1.0D0,1.0D0,1.0D0,1.0D0,1.0D0,1.0D0,1.0D0,     0000011P    488
1.0D0,1.0D0,1.0D0,1.0D0,1.0D0,1.0D0,1.0D0,1.0D0,1.0D0,1.0D0,     0000011P    489
1.0D0,1.0D0,1.0D0,1.0D0,1.0D0,1.0D0,1.0D0,1.0D0,1.0D0,1.0D0,     0000011P    490
1.0D0,1.0D0,1.0D0,1.0D0,1.0D0,1.0D0,1.0D0,1.0D0,1.0D0,1.0D0,     0000011P    491
1.0D0,1.0D0,1.0D0,1.0D0,1.0D0,1.0D0,1.0D0,1.0D0,1.0D0,1.0D0,     0000011P    492
1.0D0,1.0D0,1.0D0,1.0D0,1.0D0,1.0D0,1.0D0,1.0D0,1.0D0,1.0D0,     0000011P    493
1.0D0,1.0D0,1.0D0,1.0D0,1.0D0,1.0D0,1.0D0,1.0D0,1.0D0,1.0D0,     0000011P    494
1.0D0,1.0D0,1.0D0,1.0D0,1.0D0,1.0D0,1.0D0,1.0D0,1.0D0,1.0D0,     0000011P    495
1.0D0,1.0D0,1.0D0,1.0D0,1.0D0,1.0D0,1.0D0,1.0D0,1.0D0,1.0D0,     0000011P    496
1.0D0,1.0D0,1.0D0,1.0D0,1.0D0,1.0D0,1.0D0,1.0D0,1.0D0,1.0D0,     0000011P    497
1.0D0,1.0D0,1.0D0,1.0D0,1.0D0,1.0D0,1.0D0,1.0D0,1.0D0,1.0D0,     0000011P    498
1.0D0,1.0D0,1.0D0,1.0D0,1.0D0,1.0D0,1.0D0,1.0D0,1.0D0,1.0D0,     0000011P    499
1.0D0,1.0D0,1.0D0,1.0D0,1.0D0,1.0D0,1.0D0,1.0D0,1.0D0,1.0D0,     0000011P    500
1.0D0,1.0D0,1.0D0,1.0D0,1.0D0,1.0D0,1.0D0,1.0D0,1.0D0,1.0D0,     0000011P    501
1.0D0,1.0D0,1.0D0,1.0D0,1.0D0,1.0D0,1.0D0,1.0D0,1.0D0,1.0D0,     0000011P    502
1.0D0,1.0D0,1.0D0,1.0D0,1.0D0,1.0D0,1.0D0,1.0D0,1.0D0,1.0D0,     0000011P    503
1.0D0,1.0D0,1.0D0,1.0D0,1.0D0,1.0D0,1.0D0,1.0D0,1.0D0,1.0D0,     0000011P    504
1.0D0,1.0D0,1.0D0,1.0D0,1.0D0,1.0D0,1.0D0,1.0D0,1.0D0,1.0D0,     0000011P    505
1.0D0,1.0D0,1.0D0,1.0D0,1.0D0,1.0D0,1.0D0,1.0D0,1.0D0,1.0D0,     0000011P    506
1.0D0,1.0D0,1.0D0,1.0D0,1.0D0,1.0D0,1.0D0,1.0D0,1.0D0,1.0D0,     0000011P    507
1.0D0,1.0D0,1.0D0,1.0D0,1.0D0,1.0D0,1.0D0,1.0D0,1.0D0,1.0D0,     0000011P    508
1.0D0,1.0D0,1.0D0,1.0D0,1.0D0,1.0D0,1.0D0,1.0D0,1.0D0,1.0D0,     0000011P    509
1.0D0,1.0D0,1.0D0,1.0D0,1.0D0,1.0D0,1.0D0,1.0D0,1.0D0,1.0D0,     0000011P    510
1.0D0,1.0D0,1.0D0,1.0D0,1.0D0,1.0D0,1.0D0,1.0D0,1.0D0,1.0D0,     0000011P    511
1.0D0,1.0D0,1.0D0,1.0D0,1.0D0,1.0D0,1.0D0,1.0D0,1.0D0,1.0D0,     0000011P    512
1.0D0,1.0D0,1.0D0,1.0D0,1.0D0,1.0D0,1.0D0,1.0D0,1.0D0,1.0D0,     0000011P    513
1.0D0,1.0D0,1.0D0,1.0D0,1.0D0,1.0D0,1.0D0,1.0D0,1.0D0,1.0D0,     0000011P    514
1.0D0,1.0D0,1.0D0,1.0D0,1.0D0,1.0D0,1.0D0,1.0D0,1.0D0,1.0D0,     0000011P    515
1.0D0,1.0D0,1.0D0,1.0D0,1.0D0,1.0D0,1.0D0,1.0D0,1.0D0,1.0D0,     0000011P    516
1.0D0,1.0D0,1.0D0,1.0D0,1.0D0,1.0D0,1.0D0,1.0D0,1.0D0,1.0D0,     0000011P    517
1.0D0,1.0D0,1.0D0,1.0D0,1.0D0,1.0D0,1.0D0,1.0D0,1.0D0,1.0D0,     0000011P    518
1.0D0,1.0D0,1.0D0,1.0D0,1.0D0,1.0D0,1.0D0,1.0D0,1.0D0,1.0D0,     0000011P    519
1.0D0,1.0D0,1.0D0,1.0D0,1.0D0,1.0D0,1.0D0,1.0D0,1.0D0,1.0D0,     0000011P    520
1.0D0,1.0D0,1.0D0,1.0D0,1.0D0,1.0D0,1.0D0,1.0D0,1.0D0,1.0D0,     0000011P    521
1.0D0,1.0D0,1.0D0,1.0D0,1.0D0,1.0D0,1.0D0,1.0D0,1.0D0,1.0D0,     0000011P    522
1.0D0,1.0D0,1.0D0,1.0D0,1.0D0,1.0D0,1.0D0,1.0D0,1.0D0,1.0D0,     0000011P    523
1.0D0,1.0D0,1.0D0,1.0D0,1.0D0,1.0D0,1.0D0,1.0D0,1.0D0,1.0D0,     0000011P    524
1.0D0,1.0D0,1.0D0,1.0D0,1.0D0,1.0D0,1.0D0,1.0D0,1.0D0,1.0D0,     0000011P    525
1.0D0,1.0D0,1.0D0,1.0D0,1.0D0,1.0D0,1.0D0,1.0D0,1.0D0,1.0D0,     0000011P    526
1.0D0,1.0D0,1.0D0,1.0D0,1.0D0,1.0D0,1.0D0,1.0D0,1.0D0,1.0D0,     0000011P    527
1.0D0,1.0D0,1.0D0,1.0D0,1.0D0,1.0D0,1.0D0,1.0D0,1.0D0,1.0D0,     0000011P    528
1.0D0,1.0D0,1.0D0,1.0D0,1.0D0,1.0D0,1.0D0,1.0D0,1.0D0,1.0D0,     0000011P    529
1.0D0,1.0D0,1.0D0,1.0D0,1.0D0,1.0D0,1.0D0,1.0D0,1.0D0,1.0D0,     0000011P    530
1.0D0,1.0D0,1.0D0,1.0D0,1.0D0,1.0D0,1.0D0,1.0D0,1.0D0,1.0D0,     0000011P    531
1.0D0,1.0D0,1.0D0,1.0D0,1.0D0,1.0D0,1.0D0,1.0D0,1.0D0,1.0D0,     0000011P    532
1.0D0,1.0D0,1.0D0,1.0D0,1.0D0,1.0D0,1.0D0,1.0D0,1.0D0,1.0D0,     0000011P    533
1.0D0,1.0D0,1.0D0,1.0D0,1.0D0,1.0D0,1.0D0,1.0D0,1.0D0,1.0D0,     0000011P    534
1.0D0,1.0D0,1.0D0,1.0D0,1.0D0,1.0D0,1.0D0,1.0D0,1.0D0,1.0D0,     0000011P    535
1.0D0,1.0D0,1.0D0,1.0D0,1.0D0,1.0D0,1.0D0,1.0D0,1.0D0,1.0D0,     0000011P    536
1.0D0,1.0D0,1.0D0,1.0D0,1.0D0,1.0D0,1.0D0,1.0D0,1.0D0,1.0D0,     0000011P    537
1.0D0,1.0D0,1.0D0,1.0D0,1.0D0,1.0D0,1.0D0,1.0D0,1.0D0,1.0D0,     0000011P    538
1.0D0,1.0D0,1.0D0,1.0D0,1.0D0,1.0D0,1.0D0,1.0D0,1.0D0,1.0D0,     0000011P    539
1.0D0,1.0D0,1.0D0,1.0D0,1.0D0,1.0D0,1.0D0,1.0D0,1.0D0,1.0D0,     0000011P    540
1.0D0,1.0D0,1.0D0,1.0D0,1.0D0,1.0D0,1.0D0,1.0D0,1.0D0,1.0D0,     0000011P    541
1.0D0,1.0D0,1.0D0,1.0D0,1.0D0,1.0D0,1.0D0,1.0D0,1.0D0,1.0D0,     0000011P    542
1.0D0,1.0D0,1.0D0,1.0D0,1.0D0,1.0D0,1.0D0,1.0D0,1.0D0,1.0D0,     0000011P    543
1.0D0,1.0D0,1.0D0,1.0D0,1.0D0,1.0D0,1.0D0,1.0D0,1.0D0,1.0D0,     0000011P    544
1.0D0,1.0D0,1.0D0,1.0D0,1.0D0,1.0D0,1.0D0,1.0D0,1.0D0,1.0D0,     0000011P    545
1.0D0,1.0D0,1.0D0,1.0D0,1.0D0,1.0D0,1.0D0,1.0D0,1.0D0,1.0D0,     0000011P    546
1.0D0,1.0D0,1.0D0,1.0D0,1.0D0,1.0D0,1.0D0,1.0D0,1.0D0,1.0D0,     0000011P    547
1.0D0,1.0D0,1.0D0,1.0D0,1.0D0,1.0D0,1.0D0,1.0D0,1.0D0,1.0D0,     0000011P    548
1.0D0,1.0D0,1.0D0,1.0D0,1.0D0,1.0D0,1.0D0,1.0D0,1.0D0,1.0D0,     0000011P    549
1.0D0,1.0D0,1.0D0,1.0D0,1.0D0,1.0D0,1.0D0,1.0D0,1.0D0,1.0D0,     0000011P    550
1.0D0,1.0D0,1.0D0,1.0D0,1.0D0,1.0D0,1.0D0,1.0D0,1.0D0,1.0D0,     0000011P    551
1.0D0,1.0D0,1.0D0,1.0D0,1.0D0,1.0D0,1.0D0,1.0D0,1.0D0,1.0D0,     0000011P    552
1.0D0,1.0D0,1.0D0,1.0D0,1.0D0,1.0D0,1.0D0,1.0D0,1.0D0,1.0D0,     0000011P    553
1.0D0,1.0D0,1.0D0,1.0D0,1.0D0,1.0D0,1.0D0,1.0D0,1.0D0,1.0D0,     0000011P    554
1.0D0,1.0D0,1.0D0,1.0D0,1.0D0,1.0D0,1.0D0,1.0D0,1.0D0,1.0D0,     0000011P    555
1.0D0,1.0D0,1.0D0,1.0D0,1.0D0,1.0D0,1.0D0,1.0D0,1.0D0,1.0D0,     0000011P    556
1.0D0,1.0D0,1.0D0,1.0D0,1.0D0,1.0D0,1.0D0,1.0D0,1.0D0,1.0D0,     0000011P    557
1.0D0,1.0D0,1.0D0,1.0D0,1.0D0,1.0D0,1.0D0,1.0D0,1.0D0,1.0D0,     0000011P    558
1.0D0,1.0D0,1.0D0,1.0D0,1.0D0,1.0D0,1.0D0,1.0D0,1.0D0,1.0D0,     0000011P    559
1.0D0,1.0D0,1.0D0,1.0D0,1.0D0,1.0D0,1.0D0,1.0D0,1.0D0,1.0D0,     0000011P    560
1.0D0,1.0D0,1.0D0,1.0D0,1.0D0,1.0D0,1.0D0,1.0D0,1.0D0,1.0D0,     0000011P    561
1.0D0,1.0D0,1.0D0,1.0D0,1.0D0,1.0D0,1.0D0,1.0D0,1.0D0,1.0D0,     0000011P    562
1.0D0,1.0D0,1.0D0,1.0D0,1.0D0,1.0D0,1.0D0,1.0D0,1.0D0,1.0D0,     0000011P    563
1.0D0,1.0D0,1.0D0,1.0D0,1.0D0,1.0D0,1.0D0,1.0D0,1.0D0,1.0D0,     0000011P    564
1.0D0,1.0D0,1.0D0,1.0D0,1.0D0,1.0D0,1.0D0,1.0D0,1.0D0,1.0D0,     0000011P    565
1.0D0,1.0D0,1.0D0,1.0D0,1.0D0,1.0D0,1.0D0,1.0D0,1.0D0,1.0D0,     0000011P    566
1.0D0,1.0D0,1.0D0,1.0D0,1.0D0,1.0D0,1.0D0,1.0D0,1.0D0,1.0D0,     0000011P    567
1.0D0,1.0D0,1.0D0,1.0D0,1.0D0,1.0D0,1.0D0,1.0D0,1.0D0,1.0D0,     0000011P    568
1.0D0,1.0D0,1.0D0,1.0D0,1.0D0,1.0D0,1.0D0,1.0D0,1.0D0,1.0D0,     0000011P    569
1.0D0,1.0D0,1.0D0,1.0D0,1.0D0,1.0D0,1.0D0,1.0D0,1.0D0,1.0D0,     0000011P    570
1.0D0,1.0D0,1.0D0,1.0D0,1.0D0,1.0D0,1.0D0,1.0D0,1.0D0,1.0D0,     0000011P    571
1.0D0,1.0D0,1.0D0,1.0D0,1.0D0,1.0D0,1.0D0,1.0D0,1.0D0,1.0D0,     0000011P    572
1.0D0,1.0D0,1.0D0,1.0D0,1.0D0,1.0D0,1.0D0,1.0D0,1.0D0,1.0D0,     0000011P    573
1.0D0,1.0D0,1.0D0,1.0D0,1.0D0,1.0D0,1.0D0,1.0D0,1.0D0,1.0D0,     0000011P    574
1.0D0,1.0D0,1.0D0,1.0D0,1.0D0,1.0D0,1.0D0,1.0D0,1.0D0,1.0D0,     0000011P    575
1.0D0,1.0D0,1.0D0,1.0D0,1.0D0,1.0D0,1.0D0,1.0D0,1.0D0,1.0D0,     0000011P    576
1.0D0,1.0D0,1.0D0,1.0D0,1.0D0,1.0D0,1.0D0,1.0D0,1.0D0,1.0D0,     0000011P    577
1.0D0,1.0D0,1.0D0,1.0D0,1.0D0,1.0D0,1.0D0,1.0D0,1.0D0,1.0D0,     0000011P    578
1.0D0,1.0D0,1.0D0,1.0D0,1.0D0,1.0D0,1.0D0,1.0D0,1.0D0,1.0D0,     0000011P    579
1.0D0,1.0D0,1.0D0,1.0D0,1.0D0,1.0D0,1.0D0,1.0D0,1.0D0,1.0D0,     0000011P    580
1.0D0,1.0D0,1.0D0,1.0D0,1.0D0,1.0D0,1.0D0,1.0D0,1.0D0,1.0D0,     0000011P    581
1.0D0,1.0D0,1.0D0,1.0D0,1.0D0,1.0D0,1.0D0,1.0D0,1.0D0,1.0D0,     0000011P    582
1.0D0,1.0D0,1.0D0,1.0D0,1.0D0,1.0D0,1.0D0,1.0D0,1.0D0,1.0D0,     0000011P    583
1.0D0,1.0D0,1.0D0,1.0D0,1.0D0,1.0D0,1.0D0,1.0D0,1.0D0,1.0D0,     0000011P    584
1.0D0,1.0D0,1.0D0,1.0D0,1.0D0,1.0D0,1.0D0,1.0D0,1.0D0,1.0D0,     0000011P    585
1.0D0,1.0D0,1.0D0,1.0D0,1.0D0,1.0D0,1.0D0,1.0D0,1.0D0,1.0D0,     0000011P    586
1.0D0,1.0D0,1.0D0,1.0D0,1.0D0,1.0D0,1.0D0,1.0D0,1.0D0,1.0D0,     0000011P    587
1.0D0,1.0D0,1.0D0,1.0D0,1.0D0,1.0D0,1.0D0,1.0D0,1.0D0,1.0D0,     0000011P    588
1.0D0,1.0D0,1.0D0,1.0D0,1.0D0,1.0D0,1.0D0,1.0D0,1.0D0,1.0D0,     0000011P    589
1.0D0,1.0D0,1.0D0,1.0D0,1.0D0,1.0D0,1.0D0,1.0D0,1.0D0,1.0D0,     0000011P    590
1.0D0,1.0D0,1.0D0,1.0D0,1.0D0,1.0D0,1.0D0,1.0D0,1.0D0,1.0D0,     0000011P    591
1.0D0,1.0D0,1.0D0,1.0D0,1.0D0,1.0D0,1.0D0,1.0D0,1.0D0,1.0D0,     0000011P    592
1.0D0,1.0D0,1.0D0,1.0D0,1.0D0,1.0D0,1.0D0,1.0D0,1.0D0,1.0D0,     0000011P    593
1.0D0,1.0D0,1.0D0,1.0D0,1.0D0,1.0D0,1.0D0,1.0D0,1.0D0,1.0D0,     0000011P    594
1.0D0,1.0D0,1.0D0,1.0D0,1.0D0,1.0D0,1.0D0,1.0D0,1.0D0,1.0D0,     0000011P    595
1.0D0,1.0D0,1.0D0,1.0D0,1.0D0,1.0D0,1.0D0,1.0D0,1.0D0,1.0D0,     0000011P    596
1.0D0,1.0D0,1.0D0,1.0D0,1.0D0,1.0D0,1.0D0,1.0D0,1.0D0,1.0D0,     0000011P    597
1.0D0,1.0D0,1.0D0,1.0D0,1.0D0,1.0D0,1.0D0,1.0D0,1.0D0,1.0D0,     0000011P    598
1.0D0,1.0D0,1.0D0,1.0D0,1.0D0,1.0D0,1.0D0,1.0D0,1.0D0,1.0D0,     0000011P    599
1.0D0,1.0D0,1.0D0,1.0D0,1.0D0,1.0D0,1.0D0,1.0D0,1.0D0,1.0D0,     0000011P    600
1.0D0,1.0D0,1.0D0,1.0D0,1.0D0,1.0D0,1.0D0,1.0D0,1.0D0,1.0D0,     0000011P    601
1.0D0,1.0D0,1.0D0,1.0D0,1.0D0,1.0D0,1.0D0,1.0D0,1.0D0,1.0D0,     0000011P    602
1.0D0,1.0D0,1.0D0,1.0D0,1.0D0,1.0D0,1.0D0,1.0D0,1.0D0,1.0D0,     0000011P    603
1.0D0,1.0D0,1.0D0,1.0D0,1.0D0,1.0D0,1.0D0,1.0D0,1.0D0,1.0D0,     0000011P    604
1.0D0,1.0D0,1.0D0,1.0D0,1.0D0,1.0D0,1.0D0,1.0D0,1.0D0,1.0D0,     0000011P    605
1.0D0,1.0D0,1.0D0,1.0D0,1.0D0,1.0D0,1.0D0,1.0D0,1.0D0,1.0D0,     0000011P    606
1.0D0,1.0D0,1.0D0,1.0D0,1.0D0,1.0D0,1.0D0,1.0D0,1.0D0,1.0D0,     0000011P    607
1.0D0,1.0D0,1.0D0,1.0D0,1.0D0,1.0D0,1.0D0,1.0D0,1.0D0,1.0D0,     0000011P    608
1.0D0,1.0D0,1.0D0,1.0D0,1.0D0,1.0D0,1.0D0,1.0D0,1.0D0,1.0D0,     0000011P    609
1.0D0,1.0D0,1.0D0,1.0D0,1.0D0,1.0D0,1.0D0,1.0D0,1.0D0,1.0D0,     0000011P    610
1.0D0,1.0D0,1.0D0,1.0D0,1.0D0,1.0D0,1.0D0,1.0D0,1.0D0,1.0D0,     0000011P    611
1.0D0,1.0D0,1.0D0,1.0D0,1.0D0,1.0D0,1.0D0,1.0D0,1.0D0,1.0D0,     0000011P    612
1.0D0,1.0D0,1.0D0,1.0D0,1.0D0,1.0D0,1.0D0,1.0D0,1.0D0,1.0D0,     0000011P    613
1.0D0,1.0D0,1.0D0,1.0D0,1.0D0,1.0D0,1.0D0,1.0D0,1.0D0,1.0D0,     0000011P    614
1.0D0,1.0D0,1.0D0,1.0D0,1.0D0,1.0D0,1.0D0,1.0D0,1.0D0,1.0D0,     0000011P    615
1.0D0,1.0D0,1.0D0,1.0D0,1.0D0,1.0D0,1.0D0,1.0D0,1.0D0,1.0D0,     0000011P    616
1.0D0,1.0D0,1.0D0,1.0D0,1.0D0,1.0D0,1.0D0,1.0D0,1.0D0,1.0D0,     0000011P    617
1.0D0,1.0D0,1.0D0,1.0D0,1.0D0,1.0D0,1.0D0,1.0D0,1.0D0,1.0D0,     0000011P    618
1.0D0,1.0D0,1.0D0,1.0D0,1.0D0,1.0D0,1.0D0,1.0D0,1.0D0,1.0D0,     0000011P    619
1.0D0,1.0D0,1.0D0,1.0D0,1.0D0,1.0D0,1.0D0,1.0D0,1.0D0,1.0D0,     0000011P    620
1.0D0,1.0D0,1.0D0,1.0D0,1.0D0,1.0D0,1.0D0,1.0D0,1.0D0,1.0D0,     0000011P    621
1.0D0,1.0D0,1.0D0,1.0D0,1.0D0,1.0D0,1.0D0,1.0D0,1.0D0,1.0D0,     0000011P    622
1.0D0,1.0D0,1.0D0,1.0D0,1.0D0,1.0D0,1.0D0,1.0D0,1.0D0,1.0D0,     0000011P    623
1.0D0,1.0D0,1.0D0,1.0D0,1.0D0,1.0D0,1.0D0,1.0D0,1.0D0,1.0D0,     0000011P    624
1.0D0,1.0D0,1.0D0,1.0D0,1.0D0,1.0D0,1.0D0,1.0D0,1.0D0,1.0D0,     0000011P    625
1.0D0,1.0D0,1.0D0,1.0D0,1.0D0,1.0D0,1.0D0,1.0D0,1.0D0,1.0D0,     0000011P    626
1.0D0,1.0D0,1.0D0,1.0D0,1.0D0,1.0D0,1.0D0,1.0D0,1.0D0,1.0D0,     0000011P    627
1.0D0,1.0D0,1.0D0,1.0D0,1.0D0,1.0D0,1.0D0,1.0D0,1.0D0,1.0D0,     0000011P    628
1.0D0,1.0D0,1.0D0,1.0D0,1.0D0,1.0D0,1.0D0,1.0D0,1.0D0,1.0D0,     0000011P    629
1.0D0,1.0D0,1.0D0,1.0D0,1.0D0,1.0D0,1.0D0,1.0D0,1.0D0,1.0D0,     0000011P    630
1.0D0,1.0D0,1.0D0,1.0D0,1.0D0,1.0D0,1.0D0,1.0D0,1.0D0,1.0D0,     0000011P    631
1.0D0,1.0D0,1.0D0,1.0D0,1.0D0,1.0D0,1.0D0,1.0D0,1.0D0,1.0D0,     0000011P    632
1.0D0,1.0D0,1.0D0,1.0D0,1.0D0,1.0D0,1.0D0,1.0D0,1.0D0,1.0D0,     0000011P    633
1.0D0,1.0D0,1.0D0,1.0D0,1.0D0,1.0D0,1.0D0,1.0D0,1.0D0,1.0D0,     0000011P    634
1.0D0,1.0D0,1.0D0,1.0D0,1.0D0,1.0D0,1.0D0,1.0D0,1.0D0,1.0D0,     0000011P    635
1.0D0,1.0D0,1.0D0,1.0D0,1.0D0,1.0D0,1.0D0,1.0D0,1.0D0,1.0D0,     0000011P    636
1.0D0,1.0D0,1.0D0,1.0D0,1.0D0,1.0D0,1.0D0,1.0D0,1.0D0,1.0D0,     0000011P    637
1.0D0,1.0D0,1.0D0,1.0D0,1.0D0,1.0D0,1.0D0,1.0D0,1.0D0,1.0D0,     0000011P    638
1.0D0,1.0D0,1.0D0,1.0D0,1.0D0,1.0D0,1.0D0,1.0D0,1.0D0,1.0D0,     0000011P    639
1.0D0,1.0D0,1.0D0,1.0D0,1.0D0,1.0D0,1.0D0,1.0D0,1.0D0,1.0D0,     0000011P    640
1.0D0,1.0D0,1.0D0,1.0D0,1.0D0,1.0D0,1.0D0,1.0D0,1.0D0,1.0D0,     0000011P    641
1.0D0,1.0D0,1.0D0,1.0D0,1.0D0,1.0D0,1.0D0,1.0D0,1.0D0,1.0D0,     0000011P    642
1.0D0,1.0D0,1.0D0,1.0D0,1.0D0,1.0D0,1.0D0,1.0D0,1.0D0,1.0D0,     0000011P    643
1.0D0,1.0D0,1.0D0,1.0D0,1.0D0,1.0D0,1.0D0,1.0D0,1.0D0,1.0D0,     0000011P    644
1.0D0,1.0D0,1.0D0,1.0D0,1.0D0,1.0D0,1.0D0,1.0D0,1.0D0,1.0D0,     0000011P    645
1.0D0,1.0D0,1.0D0,1.0D0,1.0D0,1.0D0,1.0D0,1.0D0,1.0D0,1.0D0,     0000011P    646
1.0D0,1.0D0,1.0D0,1.0D0,1.0D0,1.0D0,1.0D0,1.0D0,1.0D0,1.0D0,     0000011P    647
1.0D0,1.0D0,1.0D0,1.0D0,1.0D0,1.0D0,1.0D0,1.0D0,1.0D0,1.0D0,     0000011P    648
1.0D0,1.0D0,1.0D0,1.0D0,1.0D0,1.0D0,1.0D0,1.0D0,1.0D0,1.0D0,     0000011P    649
1.0D0,1.0D0,1.0D0,1.0D0,1.0D0,1.0D0,1.0D0,1.0D0,1.0D0,1.0D0,     0000011P    650
1.0D0,1.0D0,1.0D0,1.0D0,1.0D0,1.0D0,1.0D0,1.0D0,1.0D0,1.0D0,     0000011P    651
1.0D0,1.0D0,1.0D0,1.0D0,1.0D0,1.0D0,1.0D0,1.0D0,1.0D0,1.0D0,     0000011P    652
1.0D0,1.0D0,1.0D0,1.0D0,1.0D0,1.0D0,1.0D0,1.0D0,1.0D0,1.0D0,     0000011P    653
1.0D0,1.0D0,1.0D0,1.0D0,1.0D0,1.0D0,1.0D0,1.0D0,1.0D0,1.0D0,     0000011P    654
1.0D0,1.0D0,1.0D0,1.0D0,1.0D0,1.0D0,1.0D0,1.0D0,1.0D0,1.0D0,     0000011P    655
1.0D0,1.0D0,1.0D0,1.0D0,1.0D0,1.0D0,1.0D0,1.0D0,1.0D0,1.0D0,     0000011P    656
1.0D0,1.0D0,1.0D0,1.0D0,1.0D0,1.0D0,1.0D0,1.0D0,1.0D0,1.0D0,     0000011P    657
1.0D0,1.0D0,1.0D0,1.0D0,1.0D0,1.0D0,1.0D0,1.0D0,1.0D0,1.0D0,     0000011P    658
1.0D0,1.0D0,1.0D0,1.0D0,1.0D0,1.0D0,1.0D0,1.0D0,1.0D0,1.0D0,     0000011P    659
1.0D0,1.0D0,1.0D0,1.0D0,1.0D0,1.0D0,1.0D0,1.0D0,1.0D0,1.0D0,     0000011P    660
1.0D0,1.0D0,1.0D0,1.0D0,1.0D0,1.0D0,1.0D0,1.0D0,1.0D0,1.0D0,     0000011P    661
1.0D0,1.0D0,1.0D0,1.0D0,1.0D0,1.0D0,1.0D0,1.0D0,1.0D0,1.0D0,     0000011P    662
1.0D0,1.0D0,1.0D0,1.0D0,1.0D0,1.0D0,1.0D0,1.0D0,1.0D0,1.0D0,     0000011P    663
1.0D0,1.0D0,1.0D0,1.0D0,1.0D0,1.0D0,1.0D0,1.0D0,1.0D0,1.0D0,     0000011P    664
1.0D0,1.0D0,1.0D0,1.0D0,1.0D0,1.0D0,1.0D0,1.0D0,1.0D0,1.0D0,     0000011P    665
1.0D0,1.0D0,1.0D0,1.0D0,1.0D0,1.0D0,1.0D0,1.0D0,1.0D0,1.0D0,     0000011P    666
1.0D0,1.0D0,1.0D0,1.0D0,1.0D0,1.0D0,1.0D0,1.0D0,1.0D0,1.0D0,     0000011P    667
1.0D0,1.0D0,1.0D0,1.0D0,1.0D0,1.0D0,1.0D0,1.0D0,1.0D0,1.0D0,     0000011P    668
1.0D0,1.0D0,1.0D0,1.0D0,1.0D0,1.0D0,1.0D0,1.0D0,1.0D0,1.0D0,     0000011P    669
1.0D0,1.0D0,1.0D0,1.0D0,1.0D0,1.0D0,1.0D0,1.0D0,1.0D0,1.0D0,     0000011P    670
1.0D0,1.0D0,1.0D0,1.0D0,1.0D0,1.0D0,1.0D0,1.0D0,1.0D0,1.0D0,     0000011P    671
1.0D0,1.0D0,1.0D0,1.0D0,1.0D0,1.0D0,1.0D0,1.0D0,1.0D0,1.0D0,     0000011P    672
1.0D0,1.0D0,1.0D0,1.0D0,1.0D0,1.0D0,1.0D0,1.0D0,1.0D0,1.0D0,     0000011P    673
1.0D0,1.0D0,1.0D0,1.0D0,1.0D0,1.0D0,1.0D0,1.0D0,1.0D0,1.0D0,     0000011P    674
1.0D0,1.0D0,1.0D0,1.0D0,1.0D0,1.0D0,1.0D0,1.0D0,1.0D0,1.0D0,     0000011P    675
1.0D0,1.0D0,1.0D0,1.0D0,1.0D0,1.0D0,1.0D0,1.0D0,1.0D0,1.0D0,     0000011P    676
1.0D0,1.0D0,1.0D0,1.0D0,1.0D0,1.0D0,1.0D0,1.0D0,1.0D0,1.0D0,     0000011P    677
1.0D0,1.0D0,1.0D0,1.0D0,1.0D0,1.0D0,1.0D0,1.0D0,1.0D0,1.0D0,     0000011P    678
1.0D0,1.0D0,1.0D0,1.0D0,1.0D0,1.0D0,1.0D0,1.0D0,1.0D0,1.0D0,     0000011P    679
1.0D0,1.0D0,1.0D0,1.0D0,1.0D0,1.0D0,1.0D0,1.0D0,1.0D0,1.0D0,     0000011P    680
1.0D0,1.0D0,1.0D0,1.0D0,1.0D0,1.0D0,1.0D0,1.0D0,1.0D0,1.0D0,     0000011P    681
1.0D0,1.0D0,1.0D0,1.0D0,1.0D0,1.0D0,1.0D0,1.0D0,1.0D0,1.0D0,     0000011P    682
1.0D0,1.0D0,1.0D0,1.0D0,1.0D0,1.0D0,1.0D0,1.0D0,1.0D0,1.0D0,     0000011P    683
1.0D0,1.0D0,1.0D0,1.0D0,1.0D0,1.0D0,1.0D0,1.0D0,1.0D0,1.0D0,     0000011P    684
1.0D0,1.0D0,1.0D0,1.0D0,1.0D0,1.0D0,1.0D0,1.0D0,1.0D0,1.0D0,     0000011P    685
1.0D0,1.0D0,1.0D0,1.0D0,1.0D0,1.0D0,1.0D0,1.0D0,1.0D0,1.0D0,     0000011P    686
1.0D0,1.0D0,1.0D0,1.0D0,1.0D0,1.0D0,1.0D0,1.0D0,1.0D0,1.0D0,     0000011P    687
1.0D0,1.0D0,1.0D0,1.0D0,1.0D0,1.0D0,1.0D0,1.0D0,1.0D0,1.0D0,     0000011P    688
1.0D0,1.0D0,1.0D0,1.0D0,1.0D0,1.0D0,1.0D0,1.0D0,1.0D0,1.0D0,     0000011P    689
1.0D0,1.0D0,1.0D0,1.0D0,1.0D0,1.0D0,1.0D0,1.0D0,1.0D0,1.0D0,     0000011P    690
1.0D0,1.0D0,1.0D0,1.0D0,1.0D0,1.0D0,1.0D0,1.0D0,1.0D0,1.0D0,     0000011P    691
1.0D0,1.0D0,1.0D0,1.0D0,1.0D0,1.0D0,1.0D0,1.0D0,1.0D0,1.0D0,     0000011P    692
1.0D0,1.0D0,1.0D0,1.0D0,1.0D0,1.0D0,1.0D0,1.0D0,1.0D0,1.0D0,     0000011P    693
1.0D0,1.0D0,1.0D0,1.0D0,1.0D0,1.0D0,1.0D0,1.0D0,1.0D0,1.0D0,     0000011P    694
1.0D0,1.0D0,1.0D0,1.0D0,1.0D0,1.0D0,1.0D0,1.0D0,1.0D0,1.0D0,     0000011P    695
1.0D0,1.0D0,1.0D0,1.0D0,1.0D0,1.0D0,1.0D0,1.0D0,1.0D0,1.0D0,     0000011P    696
1.0D0,1.0D0,1.0D0,1.0D0,1.0D0,1.0D0,1.0D0,1.0D0,1.0D0,1.0D0,     0000011P    697
1.0D0,1.0D0,1.0D0,1.0D0,1.0D0,1.0D0,1.0D0,1.0D0,1.0D0,1.0D0,     0000011P    698
1.0D0,1.0D0,1.0D0,1.0D0,1.0D0,1.0D0,1.0D0,1.0D0,1.0D0,1.0D0,     0000011P    699
1.0D0,1.0D0,1.0D0,1.0D0,1.0D0,1.0D0,1.0D0,1.0D0,1.0D0,1.0D0,     0000011P    700
1.0D0,1.0D0,1.0D0,1.0D0,1.0D0,1.0D0,1.0D0,1.0D0,1.0D0,1.0D0,     0000011P    701
1.0D0,1.0D0,1.0D0,1.0D0,1.0D0,1.0D0,1.0D0,1.0D0,1.0D0,1.0D0,     0000011P    702
1.0D0,1.0D0,1.0D0,1.0D0,1.0D0,1.0D0,1.0D0,1.0D0,1.0D0,1.0D0,     0000011P    703
1.0D0,1.0D0,1.0D0,1.0D0,1.0D0,1.0D0,1.0D0,1.0D0,1.0D0,1.0D0,     0000011P    704
1.0D0,1.0D0,1.0D0,1.0D0,1.0D0,1.0D0,1.0D0,1.0D0,1.0D0,1.0D0,     0000011P    705
1.0D0,1.0D0,1.0D0,1.0D0,1.0D0,1.0D0,1.0D0,1.0D0,1.0D0,1.0D0,     0000011P    706
1.0D0,1.0D0,1.0D0,1.0D0,1.0D0,1.0D0,1.0D0,1.0D0,1.0D0,1.0D0,     0000011P    707
1.0D0,1.0D0,1.0D0,1.0D0,1.0D0,1.0D0,1.0D0,1.0D0,1.0D0,1.0D0,     0000011P    708
1.0D0,1.0D0,1.0D0,1.0D0,1.0D0,1.0D0,1.0D0,1.0D0,1.0D0,1.0D0,     0000011P    709
1.0D0,1.0D0,1.0D0,1.0D0,1.0D0,1.0D0,1.0D0,1.0D0,1.0D0,1.0D0,     0000011P    710
1.0D0,1.0D0,1.0D0,1.0D0,1.0D0,1.0D0,1.0D0,1.0D0,1.0D0,1.0D0,     0000011P    711
1.0D0,1.0D0,1.0D0,1.0D0,1.0D0,1.0D0,1.0D0,1.0D0,1.0D0,1.0D0,     0000011P    712
1.0D0,1.0D0,1.0D0,1.0D0,1.0D0,1.0D0,1.0D0,1.0D0,1.0D0,1.0D0,     0000011P    713
1.0D0,1.0D0,1.0D0,1.0D0,1.0D0,1.0D0,1.0D0,1.0D0,1.0D0,1.0D0,     0000011P    714
1.0D0,1.0D0,1.0D0,1.0D0,1.0D0,1.0D0,1.0D0,1.0D0,1.0D0,1.0D0,     0000011P    715
1.0D0,1.0D0,1.0D0,1.0D0,1.0D0,1.0D0,1.0D0,1.0D0,1.0D0,1.0D0,     0000011P    716
1.0D0,1.0D0,1.0D0,1.0D0,1.0D0,1.0D0,1.0D0,1.0D0,1.0D0,1.0D0,     0000011P    717
1.0D0,1.0D0,1.0D0,1.0D0,1.0D0,1.0D0,1.0D0,1.0D0,1.0D0,1.0D0,     0000011P    718
1.0D0,1.0D0,1.0D0,1.0D0,1.0D0,1.0D0,1.0D0,1.0D0,1.0D0,1.0D0,     0000011P    719
1.0D0,1.0D0,1.0D0,1.0D0,1.0D0,1.0D0,1.0D0,1.0D0,1.0D0,1.0D0,     0000011P    720
1.0D0,1.0D0,1.0D0,1.0D0,1.0D0,1.0D0,1.0D0,1.0D0,1.0D0,1.0D0,     0000011P    721
1.0D0,1.0D0,1.0D0,1.0D0,1.0D0,1.0D0,1.0D0,1.0D0,1.0D0,1.0D0,     0000011P    722
1.0D0,1.0D0,1.0D0,1.0D0,1.0D0,1.0D0,1.0D0,1.0D0,1.0D0,1.0D0,     0000011P    723
1.0D0,1.0D0,1.0D0,1.0D0,1.0D0,1.0D0,1.0D0,1.0D0,1.0D0,1.0D0,     0000011P    724
1.0D0,1.0D0,1.0D0,1.0D0,1.0D0,1.0D0,1.0D0,1.0D0,1.0D0,1.0D0,     0000011P    725
1.0D0,1.0D0,1.0D0,1.0D0,1.0D0,1.0D0,1.0D0,1.0D0,1.0D0,1.0D0,     0000011P    726
1.0D0,1.0D0,1.0D0,1.0D0,1.0D0,1.0D0,1.0D0,1.0D0,1.0D0,1.0D0,     0000011P    727
1.0D0,1.0D0,1.0D0,1.0D0,1.0D0,1.0D0,1.0D0,1.0D0,1.0D0,1.0D0,     0000011P    728
1.0D0,1.0D0,1.0D0,1.0D0,1.0D0,1.0D0,1.0D0,1.0D0,1.0D0,1.0D0,     0000011P    729
1.0D0,1.0D0,1.0D0,1.0D0,1.0D0,1.0D0,1.0D0,1.0D0,1.0D0,1.0D0,     0000011P    730
1.0D0,1.0D0,1.0D0,1.0D0,1.0D0,1.0D0,1.0D0,1.0D0,1.0D0,1.0D0,     0000011P    731
1.0D0,1.0D0,1.0D0,1.0D0,1.0D0,1.0D0,1.0D0,1.0D0,1.0D0,1.0D0,     0000011P    732
1.0D0,1.0D0,1.0D0,1.0D0,1.0D0,1.0D0,1.0D0,1.0D0,1.0D0,1.0D0,     0000011P    733
1.0D0,1.0D0,1.0D0,1.0D0,1.0D0,1.0D0,1.0D0,1.0D0,1.0D0,1.0D0,     0000011P    734
1.0D0,1.0D0,1.0D0,1.0D0,1.0D0,1.0D0,1.0D0,1.0D0,1.0D0,1.0D0,     0000011P    735
1.0D0,1.0D0,1.0D0,1.0D0,1.0D0,1.0D0,1.0D0,1.0D0,1.0D0,1.0D0,     0000011P    736
1.0D0,1.0D0,1.0D0,1.0D0,1.0D0,1.0D0,1.0D0,1.0D0,1.0D0,1.0D0,     0000011P    737
1.0D0,1.0D0,1.0D0,1.0D0,1.0D0,1.0D0,1.0D0,1.0D0,1.0D0,1.0D0,     0000011P    738
1.0D0,1.0D0,1.0D0,1.0D0,1.0D0,1.0D0,1.0D0,1.0D0,1.0D0,1.0D0,     0000011P    739
1.0D0,1.0D0,1.0D0,1.0D0,1.0D0,1.0D0,1.0D0,1.0D0,1.0D0,1.0D0,     0000011P    740
1.0D0,1.0D0,1.0D0,1.0D0,1.0D0,1.0D0,1.0D0,1.0D0,1.0D0,1.0D0,     0000011P    741
1.0D0,1.0D0,1.0D0,1.0D0,1.0D0,1.0D0,1.0D0,1.0D0,1.0D0,1.0D0,     0000011P    742
1.0D0,1.0D0,1.0D0,1.0D0,1.0D0,1.0D0,1.0D0,1.0D0,1.0D0,1.0D0,     0000011P    743
1.0D0,1.0D0,1.0D0,1.0D0,1.0D0,1.0D0,1.0D0,1.0D0,1.0D0,1.0D0,     0000011P    744
1.0D0,1.0D0,1.0D0,1.0D0,1.0D0,1.0D0,1.0D0,1.0D0,1.0D0,1.0D0,     0000011P    745
1.0D0,1.0D0,1.0D0,1.0D0,1.0D0,1.0D0,1.0D0,1.0D0,1.0D0,1.0D0,     0000011P    746
1.0D0,1.0D0,1.0D0,1.0D0,1.0D0,1.0D0,1.0D0,1.0D0,1.0D0,1.0D0,     0000011P    747
1.0D0,1.0D0,1.0D0,1.0D0,1.0D0,1.0D0,1.0D0,1.0D0,1.0D0,1.0D0,     0000011P    748
1.0D0,1.0D0,1.0D0,1.0D0,1.0D0,1.0D0,1.0D0,1.0D0,1.0D0,1.0D0,     0000011P    749
1.0D0,1.0D0,1.0D0,1.0D0,1.0D0,1.0D0,1.0D0,1.0D0,1.0D0,1.0D0,     0000011P    750
1.0D0,1.0D0,1.0D0,1.0D0,1.0D0,1.0D0,1.0D0,1.0D0,1.0D0,1.0D0,     0000011P    751
1.0D0,1.0D0,1.0D0,1.0D0,1.0D0,1.0D0,1.0D0,1.0D0,1.0D0,1.0D0,     0000011P    752
1.0D0,1.0D0,1.0D0,1.0D0,1.0D0,1.0D0,1.0D0,1.0D0,1.0D0,1.0D0,     0000011P    753
1.0D0,1.0D0,1.0D0,1.0D0,1.0D0,1.0D0,1.0D0,1.0D0,1.0D0,1.0D0,     0000011P    754
1.0D0,1.0D0,1.0D0,1.0D0,1.0D0,1.0D0,1.0D0,1.0D0,1.0D0,1.0D0,     0000011P    755
1.0D0,1.0D0,1.0D0,1.0D0,1.0D0,1.0D0,1.0D0,1.0D0,1.0D0,1.0D0,     0000011P    756
1.0D0,1.0D0,1.0D0,1.0D0,1.0D0,1.0D0,1.0D0,1.0D0,1.0D0,1.0D0,     0000011P    757
1.0D0,1.0D0,1.0D0,1.0D0,1.0D0,1.0D0,1.0D0,1.0D0,1.0D0,1.0D0,     0000011P    758
1.0D0,1.0D0,1.0D0,1.0D0,1.0D0,1.0D0,1.0D0,1.0D0,1.0D0,1.0D0,     0000011P    759
1.0D0,1.0D0,1.0D0,1.0D0,1.0D0,1.0D0,1.0D0,1.0D0,1.0D0,1.0D0,     0000011P    760
1.0D0,1.0D0,1.0D0,1.0D0,1.0D0,1.0D0,1.0D0,1.0D0,1.0D0,1.0D0,     0000011P    761
1.0D0,1.0D0,1.0D0,1.0D0,1.0D0,1.0D0,1.0D0,1.0D0,1.0D0,1.0D0,     0000011P    762
1.0D0,1.0D0,1.0D0,1.0D0,1.0D0,1.0D0,1.0D0,1.0D0,1.0D0,1.0D0,     0000011P    763
1.0D0,1.0D0,1.0D0,1.0D0,1.0D0,1.0D0,1.0D0,1.0D0,1.0D0,1.0D0,     0000011P    764
1.0D0,1.0D0,1.0D0,1.0D0,1.0D0,1.0D0,1.0D0,1.0D0,1.0D0,1.0D0,     0000011P    765
1.0D0,1.0D0,1.0D0,1.0D0,1.0D0,1.0D0,1.0D0,1.0D0,1.0D0,1.0D0,     0000011P    766
1.0D0,1.0D0,1.0D0,1.0D0,1.0D0,1.0D0,1.0D0,1.0D0,1.0D0,1.0D0,     0000011P    767
1.0D0,1.0D0,1.0D0,1.0D0,1.0D0,1.0D0,1.0D0,1.0D0,1.0D0,1.0D0,     0000011P    768
1.0D0,1.0D0,1.0D0,1.0D0,1.0D0,1.0D0,1.0D0,1.0D0,1.0D0,1.0D0,     0000011P    769
1.0D0,1.0D0,1.0D0,1.0D0,1.0D0,1.0D0,1.0D0,1.0D0,1.0D0,1.0D0,     0000011P    770
1.0D0,1.0D0,1.0D0,1.0D0,1.0D0,1.0D0,1.0D0,1.0D0,1.0D0,1.0D0,     0000011P    771
1.0D0,1.0D0,1.0D0,1.0D0,1.0D0,1.0D0,1.0D0,1.0D0,1.0D0,1.0D0,     0000011P    772
1.0D0,1.0D0,1.0D0,1.0D0,1.0D0,1.0D0,1.0D0,1.0D0,1.0D0,1.0D0,     0000011P    773
1.0D0,1.0D0,1.0D0,1.0D0,1.0D0,1.0D0,1.0D0,1.0D0,1.0D0,1.0D0,     0000011P    774
1.0D0,1.0D0,1.0D0,1.0D0,1.0D0,1.0D0,1.0D0,1.0D0,1.0D0,1.0D0,     0000011P    775
1.0D0,1.0D0,1.0D0,1.0D0,1.0D0,1.0D0,1.0D0,1.0D0,1.0D0,1.0D0,     0000011P    776
1.0D0,1.0D0,1.0D0,1.0D0,1.0D0,1.0D0,1.0D0,1.0D0,1.0D0,1.0D0,     0000011P    777
1.0D0,1.0D0,1.0D0,1.0D0,1.0D0,1.0D0,1.0D0,1.0D0,1.0D0,1.0D0,     0000011P    778
1.0D0,1.0D0,1.0D0,1.0D0,1.0D0,1.0D0,1.0D0,1.0D0,1.0D0,1.0D0,     0000011P    779
1.0D0,1.0D0,1.0D0,1.0D0,1.0D0,1.0D0,1.0D0,1.0D0,1.0D0,1.0D0,     0000011P    780
1.0D0,1.0D0,1.0D0,1.0D0,1.0D0,1.0D0,1.0D0,1.0D0,1.0D0,1.0D0,     0000011P    781
1.0D0,1.0D0,1.0D0,1.0D0,1.0D0,1.0D0,1.0D0,1.0D0,1.0D0,1.0D0,     0000011P    782
1.0D0,1.0D0,1.0D0,1.0D0,1.0D0,1.0D0,1.0D0,1.0D0,1.0D0,1.0D0,     0000011P    783
1.0D0,1.0D0,1.0D0,1.0D0,1.0D0,1.0D0,1.0D0,1.0D0,1.0D0,1.0D0,     0000011P    784
1.0D0,1.0D0,1.0D0,1.0D0,1.0D0,1.0D0,1.0D0,1.0D0,1.0D0,1.0D0,     0000011P    785
1.0D0,1.0D0,1.0D0,1.0D0,1.0D0,1.0D0,1.0D0,1.0D0,1.0D0,1.0D0,     0000011P    786
1.0D0,1.0D0,1.0D0,1.0D0,1.0D0,1.0D0,1.0D0,1.0D0,1.0D0,1.0D0,     0000011P    787
1.0D0,1.0D0,1.0D0,1.0D0,1.0D0,1.0D0,1.0D0,1.0D0,1.0D0,1.0D0,     0000011P    788
1.0D0,1.0D0,1.0D0,1.0D0,1.0D0,1.0D0,1.0D0,1.0D0,1.0D0,1.0D0,     0000011P    789
1.0D0,1.0D0,1.0D0,1.0D0,1.0D0,1.0D0,1.0D0,1.0D0,1.0D0,1.0D0,     0000011P    790
1.0D0,1.0D0,1.0D0,1.0D0,1.0D0,1.0D0,1.0D0,1.0D0,1.0D0,1.0D0,     0000011P    791
1.0D0,1.0D0,1.0D0,1.0D0,1.0D0,1.0D0,1.0D0,1.0D0,1.0D0,1.0D0,     0000011P    792
1.0D0,1.0D0,1.0D0,1.0D0,1.0D0,1.0D0,1.0D0,1.0D0,1.0D0,1.0D0,     0000011P    793
1.0D0,1.0D0,1.0D0,1.0D0,1.0D0,1.0D0,1.0D0,1.0D0,1.0D0,1.0D0,     0000011P    794
1.0D0,1.0D0,1.0D0,1.0D0,1.0D0,1.0D0,1.0D0,1.0D0,1.0D0,1.0D0,     0000011P    795
1.0D0,1.0D0,1.0D0,1.0D0,1.0D0,1.0D0,1.0D0,1.0D0,1.0D0,1.0D0,     0000011P    796
1.0D0,1.0D0,1.0D0,1.0D0,1.0D0,1.0D0,1.0D0,1.0D0,1.0D0,1.0D0,     0000011P    797
1.0D0,1.0D0,1.0D0,1.0D0,1.0D0,1.0D0,1.0D0,1.0D0,1.0D0,1.0D0,     0000011P    798
1.0D0,1.0D0,1.0D0,1.0D0,1.0D0,1.0D0,1.0D0,1.0D0,1.0D0,1.0D0,     0000011P    799
1.0D0,1.0D0,1.0D0,1.0D0,1.0D0,1.0D0,1.0D0,1.0D0,1.0D0,1.0D0,     0000011P    800
1.0D0,1.0D0,1.0D0,1.0D0,1.0D0,1.0D0,1.0D0,1.0D0,1.0D0,1.0D0,     0000011P    801
1.0D0,1.0D0,1.0D0,1.0D0,1.0D0,1.0D0,1.0D0,1.0D0,1.0D0,1.0D0,     0000011P    802
1.0D0,1.0D0,1.0D0,1.0D0,1.0D0,1.0D0,1.0D0,1.0D0,1.0D0,1.0D0,     0000011P    803
1.0D0,1.0D0,1.0D0,1.0D0,1.0D0,1.0D0,1.0D0,1.0D0,1.0D0,1.0D0,     0000011P    804
1.0D0,1.0D0,1.0D0,1.0D0,1.0D0,1.0D0,1.0D0,1.0D0,1.0D0,1.0D0,     0000011P    805
1.0D0,1.0D0,1.0D0,1.0D0,1.0D0,1.0D0,1.0D0,1.0D0,1.0D0,1.0D0,     0000011P    806
1.0D0,1.0D0,1.0D0,1.0D0,1.0D0,1.0D0,1.0D0,1.0D0,1.0D0,1.0D0,     0000011P    807
1.0D0,1.0D0,1.0D0,1.0D0,1.0D0,1.0D0,1.0D0,1.0D0,1.0D0,1.0D0,     0000011P    808
1.0D0,1.0D0,1.0D0,1.0D0,1.0D0,1.0D0,1.0D0,7.014505974566104D-12, 0000011P    809
-271.4355726871631D0,268.12D0,16.63711356989499D0,               0000011P    810
-274.0949146837231D0,268.1200000010249D0,49.92698573733259D0,    0000011P    811
-279.2437663145043D0,268.1200000045737D0,99.98431531998814D0,    0000011P    812
-286.409529237466D0,268.120000003063D0,149.9212309497197D0,      0000011P    813
-292.7542179946614D0,268.1199999832201D0,194.3975132589607D0,    0000011P    814
-297.6684371573845D0,268.1199999877305D0,233.2829904016174D0,    0000011P    815
-301.4733858705748D0,268.1200000370361D0,266.6345428502033D0,    0000011P    816
-304.3892310551422D0,268.1200000611663D0,299.9365341038423D0,    0000011P    817
-306.9374855647051D0,268.1200000193346D0,333.3127921583257D0,    0000011P    818
-309.1078871581927D0,268.1199998624097D0,366.6316038912997D0,    0000011P    819
-310.8892184776125D0,268.1199997714501D0,405.4965720879826D0,    0000011P    820
-312.5175521502383D0,268.1199999539678D0,450.0166881011394D0,    0000011P    821
-313.7379941808943D0,268.120000878709D0,494.4111098758585D0,     0000011P    822
-314.185045166227D0,268.1200006327756D0,533.3340745643382D0,     0000011P    823
-314.0146720709553D0,268.119998079591D0,566.686701171475D0,      0000011P    824
-313.4814611682089D0,268.1199968179066D0,599.9878603264239D0,    0000011P    825
-312.5630473330475D0,268.1199990022274D0,633.3652427498475D0,    0000011P    826
-311.2545668782202D0,268.1200071737094D0,666.6787115100537D0,    0000011P    827
-309.5592857279077D0,268.1200118756995D0,700.0092288465409D0,    0000011P    828
-307.4727673591084D0,268.1200037135537D0,733.3660745584534D0,    0000011P    829
-304.9912873981173D0,268.1199732227416D0,766.6993813081258D0,    0000011P    830
-302.1166913075929D0,268.1199556756357D0,805.5722569305253D0,    0000011P    831
-298.3034378964955D0,268.1199912742881D0,850.1063239447749D0,    0000011P    832
-293.2692235927134D0,268.1201706977431D0,894.4593603577902D0,    0000011P    833
-287.4509168640513D0,268.1201223774623D0,933.4179009205234D0,    0000011P    834
-281.7433702694879D0,268.1196263205399D0,966.7405242099521D0,    0000011P    835
-276.4488639021971D0,268.1193830227001D0,995.5752147228719D0,    0000011P    836
-271.5106818435872D0,268.1197507979055D0,1020.05113692666D0,     0000011P    837
-267.0745563370461D0,268.1207436233016D0,1040.089496667914D0,    0000011P    838
-263.2913223713408D0,268.1215781994852D0,1060.099632147664D0,    0000011P    839
-259.3617408650443D0,268.1220359064421D0,1080.053994281979D0,    0000011P    840
-255.2913898425856D0,268.1217254268146D0,1110.031904732811D0,    0000011P    841
-248.9483230631013D0,268.1195194306121D0,1150.160866305136D0,    0000011P    842
-239.9159624097583D0,268.1111219432737D0,1194.486156769896D0,    0000011P    843
-229.1201842279257D0,268.1136446468723D0,1233.443096296046D0,    0000011P    844
-219.0558954096718D0,268.1394603226087D0,1266.788749701864D0,    0000011P    845
-210.0454162265391D0,268.1520601307072D0,1300.033057437395D0,    0000011P    846
-200.6742587277461D0,268.1299502908932D0,1333.468461221004D0,    0000011P    847
-190.8609770979562D0,268.0475288627088D0,1366.779345505781D0,    0000011P    848
-180.728983294357D0,267.9569773655512D0,1395.588967059726D0,     0000011P    849
-171.6869981007667D0,267.9156639783575D0,1420.074807694974D0,    0000011P    850
-163.8268407686659D0,267.9368912326693D0,1440.106101757424D0,    0000011P    851
-157.2807261698322D0,267.9776882459346D0,1460.112713856885D0,    0000011P    852
-150.6211333636814D0,268.0300413469633D0,1480.083887574024D0,    0000011P    853
-143.8474983549542D0,268.0823467235342D0,1496.388940634983D0,    0000011P    854
-138.2128395894392D0,268.1160671434653D0,1509.124366192213D0,    0000011P    855
-133.7519240506316D0,268.1325397620826D0,1518.243256468519D0,    0000011P    856
-130.5329247562364D0,268.1404846934186D0,1527.349050740843D0,    0000011P    857
-127.295520771693D0,268.1451032400942D0,1536.441689357401D0,     0000011P    858
-124.041366326077D0,268.146900505475D0,1545.542837825117D0,      0000011P    859
-120.7640635037406D0,268.1463478664684D0,1554.637724326433D0,    0000011P    860
-117.4700325767803D0,268.1438977039179D0,1563.706019679755D0,    0000011P    861
-114.1679323720406D0,268.1400175581227D0,1572.817853062716D0,    0000011P    862
-110.8326578989669D0,268.1351482816029D0,1581.760132825718D0,    0000011P    863
-107.5445523124634D0,268.1298403585273D0,1591.313583626416D0,    0000011P    864
-104.0128467968442D0,268.1243758264991D0,1599.361350871467D0,    0000011P    865
-101.030830978274D0,268.1197760593561D0,1619.932218789709D0,     0000011P    866
-93.35449553314568D0,268.1129627113955D0,1638.439374239912D0,    0000011P    867
-86.32027638649788D0,268.1126753025496D0,1657.778965536453D0,    0000011P    868
-78.83629848560366D0,268.1146052189192D0,1676.949360057887D0,    0000011P    869
-71.27664442827715D0,268.1174850789095D0,1696.054079915823D0,    0000011P    870
-63.63204409301741D0,268.1198360958003D0,1715.177531274751D0,    0000011P    871
-55.89332201335086D0,268.1210713177982D0,1734.236809110098D0,    0000011P    872
-48.10842269724052D0,268.1215454029082D0,1753.275127325655D0,    0000011P    873
-40.26354014916501D0,268.1215698619827D0,1772.286669925793D0,    0000011P    874
-32.36087147942616D0,268.1213135763876D0,1791.320941541318D0,    0000011P    875
-24.3755581842566D0,268.1209106436965D0,1810.242253482586D0,     0000011P    876
-16.35785693125137D0,268.1204755994817D0,1829.224839276926D0,    0000011P    877
-8.222677734595443D0,268.12011294157D0,1841.815070043412D0,      0000011P    878
-2.754777537372044D0,268.12D0,1848.106780870748D0,               0000011P    879
1.211530875622202D-14,268.12D0,6.637596604465478D-12,            0000011P    880
-270.9932795920797D0,266.5014344540236D0,16.63733787974744D0,    0000011P    881
-273.653873764926D0,266.4802957086257D0,49.92750215762563D0,     0000011P    882
-278.8056025636379D0,266.4383097654438D0,99.9841341956821D0,     0000011P    883
-285.9766313169022D0,266.3741838625369D0,149.9214396851071D0,    0000011P    884
-292.3283523158435D0,266.3066464331515D0,194.3975139031959D0,    0000011P    885
-297.2513064815813D0,266.252985830139D0,233.2829082312871D0,     0000011P    886
-301.0662580486439D0,266.2173578687933D0,266.6344526424722D0,    0000011P    887
-303.991344825505D0,266.1912240033031D0,299.9366293580144D0,     0000011P    888
-306.5486478324415D0,266.1662450505296D0,333.3125022712565D0,    0000011P    889
-308.7269989440434D0,266.1392051073434D0,366.6314036205969D0,    0000011P    890
-310.5157248300117D0,266.1138356209832D0,405.4967182211038D0,    0000011P    891
-312.1525894537638D0,266.0905500732897D0,450.0162633881802D0,    0000011P    892
-313.383456280409D0,266.0791966505477D0,494.4112358332357D0,     0000011P    893
-313.8391465911733D0,266.0706519498461D0,533.3339248108896D0,    0000011P    894
-313.6731187873909D0,266.0541297033275D0,566.6864670233083D0,    0000011P    895
-313.1423681772567D0,266.0404904615803D0,599.9879820260827D0,    0000011P    896
-312.2260676183577D0,266.0341380863787D0,633.3649900984379D0,    0000011P    897
-310.9202993686816D0,266.0418545723554D0,666.6786846757165D0,    0000011P    898
-309.2272770997847D0,266.0571901150045D0,700.0092844941993D0,    0000011P    899
-307.1415433998361D0,266.0737588578706D0,733.365878595113D0,     0000011P    900
-304.6583475597082D0,266.0851483107628D0,766.6991805997818D0,    0000011P    901
-301.7802594050787D0,266.0949782316819D0,805.5724103149925D0,    0000011P    902
-297.9617116852194D0,266.1088707688714D0,850.1058540929731D0,    0000011P    903
-292.9210223259046D0,266.1342950311056D0,894.4595724738808D0,    0000011P    904
-287.0960778663743D0,266.1683033755873D0,933.4175528557848D0,    0000011P    905
-281.383156507095D0,266.2021844887198D0,966.7401782614732D0,     0000011P    906
-276.0842388568207D0,266.2334579259801D0,995.5753720107134D0,    0000011P    907
-271.1424197607387D0,266.2619195084408D0,1020.050893333879D0,    0000011P    908
-266.7034279259891D0,266.2865220796005D0,1040.08919408349D0,     0000011P    909
-262.9180616395157D0,266.3069091771158D0,1060.099114595563D0,    0000011P    910
-258.9866756056527D0,266.3274139082893D0,1080.05378525389D0,     0000011P    911
-254.9149422771228D0,266.3479647850255D0,1110.032124830654D0,    0000011P    912
-248.5706657823681D0,266.3788099701832D0,1150.160044433869D0,    0000011P    913
-239.5393269936566D0,266.4196518707289D0,1194.486456861934D0,    0000011P    914
-228.7464999403365D0,266.4772434300607D0,1233.442665143258D0,    0000011P    915
-218.6851693906463D0,266.5455696095116D0,1266.788247652051D0,    0000011P    916
-209.6779472887121D0,266.5940892309913D0,1300.033327467766D0,    0000011P    917
-200.3113503363832D0,266.610761722348D0,1333.467882720878D0,     0000011P    918
-190.5049752672882D0,266.5733178160453D0,1366.778659609435D0,    0000011P    919
-180.3811047402325D0,266.5315980477274D0,1395.589095951864D0,    0000011P    920
-171.3466539467817D0,266.5338865054306D0,1420.074731920295D0,    0000011P    921
-163.49298648585D0,266.5913528946463D0,1440.106147539267D0,      0000011P    922
-156.952108273791D0,266.6617055600347D0,1460.112831654844D0,     0000011P    923
-150.2976725510776D0,266.7436785069241D0,1480.084009219079D0,    0000011P    924
-143.5290634549723D0,266.8259102472429D0,1496.389180614258D0,    0000011P    925
-137.8983372264958D0,266.8845984123691D0,1509.123955760298D0,    0000011P    926
-133.440451395509D0,266.9208606477929D0,1518.242524943896D0,     0000011P    927
-130.2236033069498D0,266.9431227435537D0,1527.347910996331D0,    0000011P    928
-126.9883516956732D0,266.9621063808004D0,1536.440239857742D0,    0000011P    929
-123.7363812438386D0,266.9782785917263D0,1545.541063671957D0,    0000011P    930
-120.4613602761912D0,266.9920500211702D0,1554.635860081516D0,    0000011P    931
-117.1697183354978D0,267.0038375234717D0,1563.704085075672D0,    0000011P    932
-113.8701135701405D0,267.0140113178122D0,1572.815889006605D0,    0000011P    933
-110.5375903725135D0,267.0229927297187D0,1581.759423097109D0,    0000011P    934
-107.2521726220451D0,267.0313245076147D0,1591.30975011126D0,     0000011P    935
-103.7244216141095D0,267.038892691929D0,1599.373899870169D0,     0000011P    936
-100.7429335735418D0,267.0495465033658D0,1619.870386421613D0,    0000011P    937
-93.08714730030995D0,267.0507134269424D0,1638.327694896589D0,    0000011P    938
-86.06988208470227D0,267.0611848388983D0,1657.610578619048D0,    0000011P    939
-78.60527415233703D0,267.0726048987435D0,1676.726336714698D0,    0000011P    940
-71.06572796754774D0,267.0846920371218D0,1695.776868699054D0,    0000011P    941
-63.44199906521642D0,267.0958132401061D0,1714.846454385812D0,    0000011P    942
-55.72493721456354D0,267.1055210107773D0,1733.852465470332D0,    0000011P    943
-47.96225829269304D0,267.1142427184172D0,1752.837743473515D0,    0000011P    944
-40.14020211990663D0,267.1223389055666D0,1771.796614453076D0,    0000011P    945
-32.26094049741447D0,267.1301154689887D0,1790.77818607999D0,     0000011P    946
-24.29970985953116D0,267.1377765615006D0,1809.647316305902D0,    0000011P    947
-16.30652796672764D0,267.145544580329D0,1828.577481864676D0,     0000011P    948
-8.196667466746623D0,267.1536934466397D0,1841.132827608715D0,    0000011P    949
-2.7460183900522D0,267.1594584360618D0,1847.407069836193D0,      0000011P    950
1.211530875622202D-14,267.162482384555D0,5.886242469228196D-12,  0000011P    951
-270.1111173371327D0,263.2731851054147D0,16.63778649945234D0,    0000011P    952
-272.774179740035D0,263.2099764817945D0,49.92853499821109D0,     0000011P    953
-277.9316843430797D0,263.0848308693783D0,99.98377194706937D0,    0000011P    954
-285.1121847189974D0,262.8883325914319D0,149.9218571558851D0,    0000011P    955
-291.4744491768496D0,262.6697538803971D0,194.3975151916689D0,    0000011P    956
-296.4132149143168D0,262.5014449854907D0,233.2827438906194D0,    0000011P    957
-300.2504448721815D0,262.4057593216365D0,266.6342722269986D0,    0000011P    958
-303.1967466030263D0,262.3403925005358D0,299.9368198663551D0,    0000011P    959
-305.7739050720136D0,262.2733491571652D0,333.3119224971442D0,    0000011P    960
-307.9671954304839D0,262.1864638727908D0,366.6310030792347D0,    0000011P    961
-309.7690129292229D0,262.101555739225D0,405.4970104873548D0,     0000011P    962
-311.4223935800554D0,262.0302082358294D0,450.0154139620958D0,    0000011P    963
-312.6787945436127D0,262.0244658871396D0,494.411487747871D0,     0000011P    964
-313.154986795202D0,262.0174907144257D0,533.3336253043544D0,     0000011P    965
-312.9937167276992D0,261.9440263802286D0,566.6859987275743D0,    0000011P    966
-312.4631090928522D0,261.8744541711162D0,599.9882254255881D0,    0000011P    967
-311.5480647187857D0,261.8379212803685D0,633.3644847942697D0,    0000011P    968
-310.2497736920674D0,261.8741359381197D0,666.6786310048055D0,    0000011P    969
-308.5655485816473D0,261.9465848568829D0,700.0093957888169D0,    0000011P    970
-306.4850946148904D0,262.0189526565204D0,733.3654866734755D0,    0000011P    971
-303.998807430797D0,262.0548107094348D0,766.698779191454D0,      0000011P    972
-301.1120881229238D0,262.073704342394D0,805.5727170855797D0,     0000011P    973
-297.2803270912872D0,262.0988364434718D0,850.1049143571261D0,    0000011P    974
-292.2249991418511D0,262.1647741197434D0,894.4599966829032D0,    0000011P    975
-286.3870468208947D0,262.267944592346D0,933.4168567970007D0,     0000011P    976
-280.6653179415079D0,262.3798395648076D0,966.7394864817404D0,    0000011P    977
-275.3593538999959D0,262.4826073565412D0,995.5756866337696D0,    0000011P    978
-270.4109731411874D0,262.570514075313D0,1020.050406006975D0,     0000011P    979
-265.9656637660445D0,262.6392544624115D0,1040.088588614285D0,    0000011P    980
-262.1750647501857D0,262.6939009288196D0,1060.098079103026D0,    0000011P    981
-258.2388558059751D0,262.7486104291753D0,1080.053366867847D0,    0000011P    982
-254.1631412890372D0,262.805227970573D0,1110.032565117898D0,     0000011P    983
-247.8149777081678D0,262.8959426224508D0,1150.158402392349D0,    0000011P    984
-238.7854259586379D0,263.0367585920728D0,1194.487058267946D0,    0000011P    985
-227.9988999891648D0,263.207331541692D0,1233.441799098416D0,     0000011P    986
-217.9428544067509D0,263.3534650032733D0,1266.787237350051D0,    0000011P    987
-208.941146620693D0,263.465398536629D0,1300.033865593965D0,      0000011P    988
-199.582429795226D0,263.553424793001D0,1333.466739779372D0,      0000011P    989
-189.7886040453348D0,263.6064347497967D0,1366.77731113789D0,     0000011P    990
-179.6802627951535D0,263.6676452498433D0,1395.589363156413D0,    0000011P    991
-170.6612286201317D0,263.7641251551912D0,1420.074552184193D0,    0000011P    992
-162.8218305725856D0,263.9004670208416D0,1440.10617918802D0,     0000011P    993
-156.2928048095187D0,264.0349037563384D0,1460.112989774776D0,    0000011P    994
-149.6500928924816D0,264.180248551347D0,1480.084186691619D0,     0000011P    995
-142.8926832218089D0,264.3250577923346D0,1496.389640569694D0,    0000011P    996
-137.2703082734951D0,264.4342963046494D0,1509.12317818439D0,     0000011P    997
-132.8184672065577D0,264.5094350548745D0,1518.241157624658D0,    0000011P    998
-129.6057586216174D0,264.5593672786823D0,1527.345781438478D0,    0000011P    999
-126.374521043365D0,264.605727299941D0,1536.437541423417D0,      0000011P   1000
-123.1265246628779D0,264.648977020005D0,1545.537757670681D0,     0000011P   1001
-119.8555948884393D0,264.6894766310849D0,1554.632401416583D0,    0000011P   1002
-116.5682044069074D0,264.7276429460187D0,1563.700493665653D0,    0000011P   1003
-113.273034612491D0,264.7637225532604D0,1572.812221792729D0,     0000011P   1004
-109.9454532662324D0,264.7981687358579D0,1581.758217438972D0,    0000011P   1005
-106.6648702993596D0,264.8315797822514D0,1591.302214254874D0,    0000011P   1006
-103.1445318321184D0,264.863120750028D0,1599.398992643281D0,     0000011P   1007
-100.1636271599838D0,264.9021672670655D0,1619.746502533908D0,    0000011P   1008
-92.54855329543318D0,264.9173290673822D0,1638.103807087347D0,    0000011P   1009
-85.56492811902665D0,264.9475839125535D0,1657.272890348114D0,    0000011P   1010
-78.13893369272709D0,264.9766224029756D0,1676.278917126259D0,    0000011P   1011
-70.63960809813183D0,265.0061053963669D0,1695.220543935145D0,    0000011P   1012
-63.05774806711381D0,265.0340622269832D0,1714.181800076918D0,    0000011P   1013
-55.38424372450648D0,265.0602951102518D0,1733.080612876834D0,    0000011P   1014
-47.66634356992063D0,265.0853476406055D0,1751.95908128006D0,     0000011P   1015
-39.89036893952914D0,265.1096492265583D0,1770.811817641024D0,    0000011P   1016
-32.05843090058379D0,265.1337505982666D0,1789.687137901081D0,    0000011P   1017
-24.1459456477881D0,265.1579668216309D0,1808.450995484491D0,     0000011P   1018
-16.20244301158979D0,265.1827068197848D0,1827.275355728218D0,    0000011P   1019
-8.143910791072027D0,265.2085541631682D0,1839.760252570034D0,    0000011P   1020
-2.728251368935573D0,265.2265788856511D0,1845.999209627122D0,    0000011P   1021
1.211530875622202D-14,265.2359111967666D0,4.744423636588421D-12, 0000011P   1022
-268.7733303433923D0,258.3775206224393D0,16.63845942900968D0,    0000011P   1023
-271.4403118264784D0,258.2499614937447D0,49.93008425909311D0,    0000011P   1024
-276.6063513255744D0,257.995203032022D0,99.9832285741541D0,      0000011P   1025
-283.8074193631835D0,257.6248696249992D0,149.9224833620329D0,    0000011P   1026
-290.2066251546109D0,257.2755277674352D0,194.3975171243641D0,    0000011P   1027
-295.1790588559773D0,256.9792088956531D0,233.28249737966D0,      0000011P   1028
-299.0360703072865D0,256.7262467638985D0,266.6340016038578D0,    0000011P   1029
-301.9978038554946D0,256.5238215669201D0,299.9371056288879D0,    0000011P   1030
-304.5941947089618D0,256.3463210511072D0,333.3110528358191D0,    0000011P   1031
-306.8156526561076D0,256.2042623713166D0,366.6304022669317D0,    0000011P   1032
-308.6472926857144D0,256.0828454078876D0,405.4974488866798D0,    0000011P   1033
-310.3287226489015D0,255.94834793753D0,450.0141398239638D0,      0000011P   1034
-311.5953176523838D0,255.7811035602029D0,494.4118656205382D0,    0000011P   1035
-312.0829230475183D0,255.6645320611887D0,533.3331760423838D0,    0000011P   1036
-311.9523863776747D0,255.6490708720746D0,566.6852962803804D0,    0000011P   1037
-311.4506587235077D0,255.6675412902253D0,599.9885905237217D0,    0000011P   1038
-310.5553210786787D0,255.6905659447387D0,633.3637268461055D0,    0000011P   1039
-309.2559299277879D0,255.6910383779502D0,666.6785505118462D0,    0000011P   1040
-307.5592247108249D0,255.6904470619226D0,700.009562734935D0,     0000011P   1041
-305.4644270532537D0,255.7106421918029D0,733.3648987607928D0,    0000011P   1042
-302.9714569401284D0,255.7734317115282D0,766.6981770288525D0,    0000011P   1043
-300.0816710726273D0,255.8697087433087D0,805.573177231552D0,     0000011P   1044
-296.2458422419368D0,256.0105450853222D0,850.1035049466245D0,    0000011P   1045
-291.1787075132697D0,256.1971054905786D0,894.4606331352514D0,    0000011P   1046
-285.3196323760402D0,256.3977276966537D0,933.4158122850919D0,    0000011P   1047
-279.5729841445132D0,256.5711001122682D0,966.7384481094919D0,    0000011P   1048
-274.2457656944062D0,256.7303509571323D0,995.5761582844004D0,    0000011P   1049
-269.2833096601499D0,256.8878700011378D0,1020.049675863827D0,    0000011P   1050
-264.8321459145361D0,257.0412794782027D0,1040.08768221082D0,     0000011P   1051
-261.0396012404825D0,257.1763657107467D0,1060.096528191904D0,    0000011P   1052
-257.1034935725489D0,257.3177051326101D0,1080.052741266011D0,    0000011P   1053
-253.0290718338198D0,257.4623675374807D0,1110.033224999959D0,    0000011P   1054
-246.6836320256447D0,257.6803455952049D0,1150.15592913415D0,     0000011P   1055
-237.657340357088D0,257.9623870411822D0,1194.487953052662D0,     0000011P   1056
-226.878158995908D0,258.2852997146501D0,1233.440522444397D0,     0000011P   1057
-216.8367914208208D0,258.5906985647804D0,1266.785759074199D0,    0000011P   1058
-207.8508243137044D0,258.8479458789902D0,1300.034684378948D0,    0000011P   1059
-198.5088261825268D0,259.0808943247675D0,1333.464941098708D0,    0000011P   1060
-188.7318614901021D0,259.2689386270932D0,1366.77514864315D0,     0000011P   1061
-178.6395978763526D0,259.4557836332413D0,1395.589707497934D0,    0000011P   1062
-169.6343014646281D0,259.6534400494171D0,1420.074451531964D0,    0000011P   1063
-161.8071996343714D0,259.8700812816205D0,1440.106585792491D0,    0000011P   1064
-155.2887347817319D0,260.0705798763231D0,1460.113691347318D0,    0000011P   1065
-148.6576055573449D0,260.2856224902897D0,1480.084847412286D0,    0000011P   1066
-141.9131695159666D0,260.5072342037698D0,1496.390450401917D0,    0000011P   1067
-136.302760181428D0,260.6880586163992D0,1509.121752351836D0,     0000011P   1068
-131.8614572547102D0,260.8254085178779D0,1518.238532838193D0,    0000011P   1069
-128.656748343095D0,260.9224445784616D0,1527.341688411207D0,     0000011P   1070
-125.4339362913742D0,261.0178417976854D0,1536.432291581285D0,    0000011P   1071
-122.1947973612421D0,261.1116219951791D0,1545.531346287397D0,    0000011P   1072
-118.9332703935288D0,261.2036372987431D0,1554.625596083214D0,    0000011P   1073
-115.6557705984691D0,261.2938720734965D0,1563.693441422873D0,    0000011P   1074
-112.3708920462522D0,261.3819550763346D0,1572.805157141904D0,    0000011P   1075
-109.0543653581324D0,261.4679551411197D0,1581.755127435708D0,    0000011P   1076
-105.7845573502772D0,261.55212148085D0,1591.290124211102D0,      0000011P   1077
-102.2786191874795D0,261.6321052933828D0,1599.43666311747D0,     0000011P   1078
-99.3018129206193D0,261.7263321837567D0,1619.561990301002D0,     0000011P   1079
-91.75065685943525D0,261.7741472568766D0,1637.771146945127D0,    0000011P   1080
-84.81979925157053D0,261.8443052446922D0,1656.771839090503D0,    0000011P   1081
-77.45329461095082D0,261.9077351537491D0,1675.616016946572D0,    0000011P   1082
-70.01518168637993D0,261.9691892638812D0,1694.397459396344D0,    0000011P   1083
-62.49636924652828D0,262.0263682131233D0,1713.199806847523D0,    0000011P   1084
-54.88785819095968D0,262.0796265669271D0,1731.941806943091D0,    0000011P   1085
-47.23624619435616D0,262.1298600389554D0,1750.664431637487D0,    0000011P   1086
-39.5280271080083D0,262.177779118187D0,1769.362709603091D0,      0000011P   1087
-31.76527113954126D0,262.2244795663718D0,1788.08375605971D0,     0000011P   1088
-23.92371436555285D0,262.2706206005402D0,1806.695154513399D0,    0000011P   1089
-16.05220496276695D0,262.31706871419D0,1825.366590078659D0,      0000011P   1090
-8.067853698588316D0,262.365049733177D0,1837.749882651839D0,     0000011P   1091
-2.70264740301874D0,262.3981970919083D0,1843.937997696663D0,     0000011P   1092
1.211530875622202D-14,262.4153070280348D0,3.610491628980854D-12, 0000011P   1093
-267.4349637921379D0,253.4799743517862D0,16.63913235856701D0,    0000011P   1094
-270.1032061444637D0,253.2786835044036D0,49.93163351996981D0,    0000011P   1095
-275.2741828013076D0,252.8827191853081D0,99.98268520123348D0,    0000011P   1096
-282.4876346746868D0,252.3033808677593D0,149.923109568207D0,     0000011P   1097
-288.9048854801615D0,251.7311380830477D0,194.3975190570787D0,    0000011P   1098
-293.9058233941572D0,251.2789081802424D0,233.2822508686425D0,    0000011P   1099
-297.8019072007144D0,250.9594420227912D0,266.6337309806207D0,    0000011P   1100
-300.8000455135597D0,250.7182495723168D0,299.9373913913905D0,    0000011P   1101
-303.4292770683214D0,250.4909882929158D0,333.31018317471D0,      0000011P   1102
-305.6734263835119D0,250.2591867147678D0,366.6298014549867D0,    0000011P   1103
-307.5237815385111D0,250.0432380353233D0,405.4978872860759D0,    0000011P   1104
-309.2293222575544D0,249.8337673954102D0,450.0128656844602D0,    0000011P   1105
-310.5366330225473D0,249.6895026111281D0,494.4122434922204D0,    0000011P   1106
-311.0577614084848D0,249.592144115118D0,533.3327267834026D0,     0000011P   1107
-310.9345389618439D0,249.4938099757709D0,566.684593838141D0,     0000011P   1108
-310.4317764647767D0,249.4226324836139D0,599.9889556234053D0,    0000011P   1109
-309.5358084319947D0,249.3871471467532D0,633.3629688867865D0,    0000011P   1110
-308.2439891799877D0,249.410070531134D0,666.6784700003967D0,     0000011P   1111
-306.5580083041997D0,249.4812380392429D0,700.009729675272D0,     0000011P   1112
-304.4721336597365D0,249.5910504604289D0,733.3643108897949D0,    0000011P   1113
-301.9813137031983D0,249.7297748402805D0,766.6975749353575D0,    0000011P   1114
-299.0863530416123D0,249.8841682955476D0,805.5736373911893D0,    0000011P   1115
-295.2353142686904D0,250.0672372431614D0,850.1020952695859D0,    0000011P   1116
-290.1370736628722D0,250.2586077039242D0,894.4612693961606D0,    0000011P   1117
-284.2500228805243D0,250.5067699821765D0,933.4147683575519D0,    0000011P   1118
-278.496431714874D0,250.8223202172071D0,966.737410706266D0,      0000011P   1119
-273.1680714951444D0,251.1336801033073D0,995.5766303266306D0,    0000011P   1120
-268.202814637409D0,251.4153080246148D0,1020.048944552295D0,     0000011P   1121
-263.7442157310708D0,251.6454282428795D0,1040.086773324505D0,    0000011P   1122
-259.9430927342829D0,251.8296207324717D0,1060.094974070676D0,    0000011P   1123
-255.9966342114859D0,252.0099630046594D0,1080.05211293738D0,     0000011P   1124
-251.9107514969241D0,252.1872682403254D0,1110.033885638875D0,    0000011P   1125
-245.5476836911888D0,252.4503385248135D0,1150.15346993713D0,     0000011P   1126
-236.5000713733551D0,252.7965418524157D0,1194.488857938311D0,    0000011P   1127
-225.7135739566574D0,253.242841210064D0,1233.439214880301D0,     0000011P   1128
-215.6896089742139D0,253.7272890074005D0,1266.784229527391D0,    0000011P   1129
-206.7270308226775D0,254.1599739547488D0,1300.035487172338D0,    0000011P   1130
-197.4093018015772D0,254.5631707467781D0,1333.463258632489D0,    0000011P   1131
-187.6511994388469D0,254.8886704522819D0,1366.773178929055D0,    0000011P   1132
-177.5763386028399D0,255.2002319579444D0,1395.590129710678D0,    0000011P   1133
-168.5895968357711D0,255.5124616378174D0,1420.074117878362D0,    0000011P   1134
-160.7842570397624D0,255.8420131539945D0,1440.106497119408D0,    0000011P   1135
-154.285549374203D0,256.1412852962428D0,1460.113752476587D0,     0000011P   1136
-147.674742938451D0,256.4575518337385D0,1480.084964062181D0,     0000011P   1137
-140.9496752743391D0,256.7791547684935D0,1496.391094881496D0,    0000011P   1138
-135.3530010780432D0,257.03787211875D0,1509.120684352208D0,      0000011P   1139
-130.9207669123522D0,257.2318170812696D0,1518.236699389031D0,    0000011P   1140
-127.7219078397102D0,257.3678320254826D0,1527.338834766788D0,    0000011P   1141
-124.504459039781D0,257.5006779388407D0,1536.428699678659D0,     0000011P   1142
-121.2703872301337D0,257.6305732743334D0,1545.526937881314D0,    0000011P   1143
-118.0139290694026D0,257.7574988104354D0,1554.621021215715D0,    0000011P   1144
-114.7416266764568D0,257.8816431796313D0,1563.688685555542D0,    0000011P   1145
-111.4621711827232D0,258.002654022342D0,1572.800249166951D0,     0000011P   1146
-108.1518404549258D0,258.1208524383286D0,1581.753804769523D0,    0000011P   1147
-104.8881425794289D0,258.2367752802317D0,1591.27911849633D0,     0000011P   1148
-101.3923181508303D0,258.3471966012634D0,1599.474290405846D0,    0000011P   1149
-98.41549668675167D0,258.4785151923614D0,1619.375666485958D0,    0000011P   1150
-90.92480031105882D0,258.5423529374809D0,1637.434112892707D0,    0000011P   1151
-84.04416676599016D0,258.6379961345884D0,1656.263228787946D0,    0000011P   1152
-76.73574643987948D0,258.7247894676896D0,1674.941767884102D0,    0000011P   1153
-69.35850293608627D0,258.8103148441685D0,1693.558649537432D0,    0000011P   1154
-61.90338124742753D0,258.8916824112732D0,1712.197143364788D0,    0000011P   1155
-54.36141723554654D0,258.9695372899142D0,1730.776835430473D0,    0000011P   1156
-46.77848193754578D0,259.0448655184189D0,1749.337588801793D0,    0000011P   1157
-39.14116590718263D0,259.1183968716654D0,1767.874866572678D0,    0000011P   1158
-31.4514226798048D0,259.1915103484315D0,1786.434601344974D0,     0000011P   1159
-23.68523240125354D0,259.2649475223116D0,1804.886024810133D0,    0000011P   1160
-15.89068578187802D0,259.3397706626025D0,1823.396559963783D0,    0000011P   1161
-7.985940744753735D0,259.4175860560103D0,1835.672636599073D0,    0000011P   1162
-2.675057694938779D0,259.4715045122724D0,1841.807033185816D0,    0000011P   1163
1.211530875622202D-14,259.4993013371413D0,2.440489410910054D-12, 0000011P   1164
-266.0907977699652D0,248.5603169287975D0,16.63980528812433D0,    0000011P   1165
-268.7682491239646D0,248.3144168516952D0,49.93318278085053D0,    0000011P   1166
-273.9564412340254D0,247.8213186174928D0,99.98214182831693D0,    0000011P   1167
-281.199237615768D0,247.104038359413D0,149.9237357743614D0,      0000011P   1168
-287.6594278130403D0,246.4323178798316D0,194.3975209897788D0,    0000011P   1169
-292.6930219547184D0,245.8539786800063D0,233.2820043576688D0,    0000011P   1170
-296.6005740314192D0,245.34421822148D0,266.6334603574562D0,      0000011P   1171
-299.604342770795D0,244.9232178436819D0,299.9376771539158D0,     0000011P   1172
-302.242724289658D0,244.5375376866564D0,333.309313513438D0,      0000011P   1173
-304.5070595509905D0,244.206583616497D0,366.6292006427719D0,     0000011P   1174
-306.3838815693081D0,243.9320476719694D0,405.4983256854184D0,    0000011P   1175
-308.1218931894422D0,243.6800521929251D0,450.0115915459901D0,    0000011P   1176
-309.460525749802D0,243.493653794852D0,494.4126213646445D0,      0000011P   1177
-310.0088644934396D0,243.3732695773094D0,533.3322775221682D0,    0000011P   1178
-309.9084315099789D0,243.2774664473004D0,566.6838913921677D0,    0000011P   1179
-309.4230399090621D0,243.2188639593628D0,599.9893207219205D0,    0000011P   1180
-308.5407648680998D0,243.2014214560371D0,633.362210935873D0,     0000011P   1181
-307.2575269649522D0,243.2429446520246D0,666.6783895028807D0,    0000011P   1182
-305.5741298042724D0,243.3295008374884D0,700.0098966199656D0,    0000011P   1183
-303.4840473887614D0,243.4479021230256D0,733.3637229873854D0,    0000011P   1184
-300.9814201695614D0,243.5847676914407D0,766.6969727897865D0,    0000011P   1185
-298.071149619009D0,243.747680566476D0,805.5740975405291D0,      0000011P   1186
-294.202965093068D0,243.9771677906254D0,850.1006857933985D0,     0000011P   1187
-289.0933395194301D0,244.3087013020828D0,894.4619058013304D0,    0000011P   1188
-283.1904675697732D0,244.709103708651D0,933.4137239896559D0,     0000011P   1189
-277.4102228558563D0,245.098825179578D0,966.7363725728249D0,     0000011P   1190
-272.0554341331448D0,245.4580785644927D0,995.5771020737676D0,    0000011P   1191
-267.0690235590709D0,245.7891176372808D0,1020.048214121209D0,    0000011P   1192
-262.5972279969145D0,246.0809574961606D0,1040.085866309162D0,    0000011P   1193
-258.7881190055735D0,246.3267101621342D0,1060.093422368451D0,    0000011P   1194
-254.8365030525435D0,246.5782501910458D0,1080.051486663549D0,    0000011P   1195
-250.7482414830309D0,246.8351369920974D0,1110.034545707456D0,    0000011P   1196
-244.3859744791844D0,247.2285180063351D0,1150.151000144188D0,    0000011P   1197
-235.3503182058126D0,247.7693619583717D0,1194.489755212315D0,    0000011P   1198
-224.5789464173341D0,248.4114798847539D0,1233.437930608758D0,    0000011P   1199
-214.5605829677577D0,249.0124429748064D0,1266.782738616251D0,    0000011P   1200
-205.6019426408733D0,249.5306756470436D0,1300.03630201633D0,     0000011P   1201
-196.292048819291D0,250.0285384769872D0,1333.461488591881D0,     0000011P   1202
-186.5518434217561D0,250.4812198727408D0,1366.771063943457D0,    0000011P   1203
-176.4998059009033D0,250.9353751855543D0,1395.590493242896D0,    0000011P   1204
-167.5339051222117D0,251.3695586471381D0,1420.073959804937D0,    0000011P   1205
-159.745215192221D0,251.7906205487353D0,1440.106781666961D0,     0000011P   1206
-153.2597790644703D0,252.1619458639172D0,1460.114296217359D0,    0000011P   1207
-146.6625746037737D0,252.5514439289552D0,1480.085490701257D0,    0000011P   1208
-139.9519771331307D0,252.9516711196926D0,1496.391863963973D0,    0000011P   1209
-134.3682043912054D0,253.2826751726683D0,1509.119346704518D0,    0000011P   1210
-129.9471513124439D0,253.5392747654802D0,1518.234269620878D0,    0000011P   1211
-126.7567208395449D0,253.7226630140339D0,1527.335047174824D0,    0000011P   1212
-123.5481016323968D0,253.9047650498731D0,1536.423858421543D0,    0000011P   1213
-120.3232734507803D0,254.0853570462948D0,1545.521020114636D0,    0000011P   1214
-117.0765933574708D0,254.2639095193955D0,1554.614765561589D0,    0000011P   1215
-113.8145529663088D0,254.440176455973D0,1563.682199234858D0,     0000011P   1216
-110.5457630562959D0,254.6131854669217D0,1572.793716010456D0,    0000011P   1217
-107.2468713259629D0,254.7828710048492D0,1581.751150311372D0,    0000011P   1218
-103.9943497182077D0,254.9494186489859D0,1591.267295676168D0,    0000011P   1219
-100.5133508437702D0,255.1080863948466D0,1599.511950237259D0,    0000011P   1220
-97.54113168034387D0,255.2942931302484D0,1619.19070780412D0,     0000011P   1221
-90.11495773988099D0,255.3903658460974D0,1637.100374837711D0,    0000011P   1222
-83.28781125114421D0,255.5253371833528D0,1655.760314668331D0,    0000011P   1223
-76.03965986843686D0,255.6458273320766D0,1674.276070869277D0,    0000011P   1224
-68.72446499585362D0,255.7625105254953D0,1692.731689627929D0,    0000011P   1225
-61.33328079653754D0,255.8721691183616D0,1711.210056128172D0,    0000011P   1226
-53.85725104039095D0,255.9760014853364D0,1729.631581213512D0,    0000011P   1227
-46.34159307311619D0,256.0753466877034D0,1748.035005422004D0,    0000011P   1228
-38.77306709711697D0,256.1712164845316D0,1766.416212627005D0,    0000011P   1229
-31.15358292164302D0,256.2655358099186D0,1784.819939170287D0,    0000011P   1230
-23.45943770795853D0,256.3593912923145D0,1803.117051286577D0,    0000011P   1231
-15.73803764621746D0,256.4543036751066D0,1821.472696210514D0,    0000011P   1232
-7.908660761345544D0,256.5525224041431D0,1833.645785629256D0,    0000011P   1233
-2.649042972186179D0,256.6203362278342D0,1839.728631328255D0,    0000011P   1234
1.211530875622202D-14,256.6552787667164D0,1.407434758645749D-12, 0000011P   1235
-264.7710587899932D0,243.7333631088745D0,16.64047821768176D0,    0000011P   1236
-267.4423420236007D0,243.3865399936037D0,49.93473204173057D0,    0000011P   1237
-272.6233723519164D0,242.7078988102208D0,99.98159845539961D0,    0000011P   1238
-279.8691572045753D0,241.7453354520894D0,149.9243619805192D0,    0000011P   1239
-286.3472005172352D0,240.8446670266164D0,194.3975229224814D0,    0000011P   1240
-291.4160362098149D0,240.1316566899714D0,233.281757846687D0,     0000011P   1241
-295.3726661924599D0,239.593181106836D0,266.6331897342785D0,     0000011P   1242
-298.4223686986546D0,239.1728429988375D0,299.9379629164371D0,    0000011P   1243
-301.102224731711D0,238.7778089643709D0,333.3084438521962D0,     0000011P   1244
-303.395153905917D0,238.3924655770269D0,366.6285998306067D0,     0000011P   1245
-305.2908194454547D0,238.0321996794567D0,405.4987640847706D0,    0000011P   1246
-307.0428120448711D0,237.659524821287D0,450.0103174073303D0,     0000011P   1247
-308.3908756925873D0,237.3284542624808D0,494.4129992369327D0,    0000011P   1248
-308.9479160999543D0,237.1025348765767D0,533.3318282613481D0,    0000011P   1249
-308.8596581954527D0,236.9777278714025D0,566.6831889468808D0,    0000011P   1250
-308.3849977948634D0,236.9231237886332D0,599.989685820652D0,     0000011P   1251
-307.5108655093897D0,236.9241990141413D0,633.3614529834194D0,    0000011P   1252
-306.2303842125954D0,236.9844610069841D0,666.6783090028098D0,    0000011P   1253
-304.5451233754688D0,237.093388310891D0,700.0100635638598D0,     0000011P   1254
-302.4494146072074D0,237.2413910951953D0,733.3631350907357D0,    0000011P   1255
-299.9382479643947D0,237.4186460600311D0,766.6963706537655D0,    0000011P   1256
-297.0170248668793D0,237.6323163759985D0,805.574557691758D0,     0000011P   1257
-293.1338465498581D0,237.9326732236222D0,850.0992762803786D0,    0000011P   1258
-288.0050758420062D0,238.3612019530013D0,894.4625421800449D0,    0000011P   1259
-282.0819868537066D0,238.8741002977193D0,933.4126797025139D0,    0000011P   1260
-276.2851452723453D0,239.3707380846304D0,966.7353345732934D0,    0000011P   1261
-270.9163492093518D0,239.8240198893303D0,995.5775738750207D0,    0000011P   1262
-265.9178414795344D0,240.2354846003087D0,1020.047483528664D0,    0000011P   1263
-261.4359597627147D0,240.5924878717664D0,1040.084958950715D0,    0000011P   1264
-257.6188367169327D0,240.8903995436809D0,1060.091870222621D0,    0000011P   1265
-253.6596903579945D0,241.1933484685539D0,1080.050860012902D0,    0000011P   1266
-249.5645640384594D0,241.5014757099483D0,1110.035205880627D0,    0000011P   1267
-243.19352622427D0,241.9724627549703D0,1150.148532294359D0,      0000011P   1268
-234.151242289902D0,242.620404215695D0,1194.490653882168D0,      0000011P   1269
-223.3837534259993D0,243.4057268916047D0,1233.436642065753D0,    0000011P   1270
-213.3817194232106D0,244.1627166999343D0,1266.781240619979D0,    0000011P   1271
-204.4428689633898D0,244.8278155332779D0,1300.037114650444D0,    0000011P   1272
-195.1557876298928D0,245.4775486741181D0,1333.459734610944D0,    0000011P   1273
-185.43999362465D0,246.078696379313D0,1366.768975598211D0,       0000011P   1274
-175.4136619797853D0,246.6807956423432D0,1395.590867536136D0,    0000011P   1275
-166.4721775646861D0,247.2452419815241D0,1420.073769533058D0,    0000011P   1276
-158.7067747805667D0,247.7792535005929D0,1440.10699777212D0,     0000011P   1277
-152.2409316040275D0,248.2439541568932D0,1460.114751455292D0,    0000011P   1278
-145.6631804156536D0,248.726599240093D0,1480.085942155207D0,     0000011P   1279
-138.9710862851644D0,249.2188138142384D0,1496.392610196372D0,    0000011P   1280
-133.400925157178D0,249.6234684958871D0,1509.118058505752D0,     0000011P   1281
-128.9895069072396D0,249.9359512769681D0,1518.231949207607D0,    0000011P   1282
-125.8055902423996D0,250.1588416066176D0,1527.331430853145D0,    0000011P   1283
-122.6032169339748D0,250.3798154859343D0,1536.419246275046D0,    0000011P   1284
-119.3845175704335D0,250.5987123229689D0,1545.515379139327D0,    0000011P   1285
-116.1441074051681D0,250.8149978858864D0,1554.608818135486D0,    0000011P   1286
-112.8885653334662D0,251.0284970302442D0,1563.67603025024D0,     0000011P   1287
-109.6265595683798D0,251.2381228518566D0,1572.787480884945D0,    0000011P   1288
-106.3352454267221D0,251.4439286706239D0,1581.748740081488D0,    0000011P   1289
-103.0901964944009D0,251.6462543068132D0,1591.255622699405D0,    0000011P   1290
-99.62061518477333D0,251.8393472126881D0,1599.549604100827D0,    0000011P   1291
-96.64971245832027D0,252.0668658336249D0,1619.005498779795D0,    0000011P   1292
-89.28526295263146D0,252.1831605600674D0,1636.766032352177D0,    0000011P   1293
-82.50949282495559D0,252.3477156535057D0,1655.256355964488D0,    0000011P   1294
-75.32037245701659D0,252.4952584564015D0,1673.608805552629D0,    0000011P   1295
-68.0668044007528D0,252.6393476782871D0,1691.902556636841D0,     0000011P   1296
-60.73989533674193D0,252.7762300318841D0,1710.220112469774D0,    0000011P   1297
-53.33084029025381D0,252.9074492960678D0,1728.482711175873D0,    0000011P   1298
-45.88414626269924D0,253.0344897055421D0,1746.727973265676D0,    0000011P   1299
-38.38668645223678D0,253.1584371540308D0,1764.952205893706D0,    0000011P   1300
-30.84027028912674D0,253.2815546614152D0,1783.198951643394D0,    0000011P   1301
-23.22145529716479D0,253.4050660614651D0,1801.340713794478D0,    0000011P   1302
-15.57690649341821D0,253.5307427221224D0,1819.540366322341D0,    0000011P   1303
-7.826965351771507D0,253.6612693988411D0,1831.609693048104D0,    0000011P   1304
-2.621528709063864D0,253.7515961494325D0,1837.640590363384D0,    0000011P   1305
1.211530875622202D-14,253.7981288283333D0,                       0000011P   1306
-7.742804527835232D-14,-263.4297189488284D0,238.8149965979853D0, 0000011P   1307
16.64115114723881D0,-266.1125318867523D0,238.4302245278445D0,    0000011P   1308
49.93628130260854D0,-271.3137029440091D0,237.6631586851169D0,    0000011P   1309
99.98105508248048D0,-278.5869409914362D0,236.5577240861925D0,    0000011P   1310
149.9249881866865D0,-285.0986370368585D0,235.5305406281607D0,    0000011P   1311
194.3975248551912D0,-290.1883335966022D0,234.6588703273453D0,    0000011P   1312
233.2815113356856D0,-294.1457249726299D0,233.9034705402325D0,    0000011P   1313
266.6329191110676D0,-297.1938681839183D0,233.2926704193679D0,    0000011P   1314
299.9382486789474D0,-299.8799091345525D0,232.7515814096308D0,    0000011P   1315
333.3075741910271D0,-302.1965001934285D0,232.3132063486784D0,    0000011P   1316
366.6279990185628D0,-304.1243852918078D0,231.953115612341D0,     0000011P   1317
405.499202484147D0,-305.9133924627007D0,231.5967653131919D0,     0000011P   1318
450.0090432682038D0,-307.2880246375641D0,231.242247645566D0,     0000011P   1319
494.4133771088859D0,-307.8597013216449D0,230.9695083087259D0,    0000011P   1320
533.3313790015457D0,-307.7805045095608D0,230.8068669298598D0,    0000011P   1321
566.6824865032802D0,-307.3116060149202D0,230.7284052411918D0,    0000011P   1322
599.9900509199106D0,-306.4417313151731D0,230.7207770736851D0,    0000011P   1323
633.3606950271679D0,-305.1645915752044D0,230.7941190618018D0,    0000011P   1324
666.6782284964445D0,-303.4810052692921D0,230.9338220101691D0,    0000011P   1325
700.0102305057869D0,-301.3846462567958D0,231.1263993836477D0,    0000011P   1326
733.3625472082784D0,-298.8698370105122D0,231.358084163687D0,     0000011P   1327
766.6957685412723D0,-295.9417503163085D0,231.63176493522D0,      0000011P   1328
805.5750178476394D0,-292.0465566584846D0,232.0037002806951D0,    0000011P   1329
850.0978666766183D0,-286.8982595763035D0,232.5091490272841D0,    0000011P   1330
894.4631784935857D0,-280.9478599453717D0,233.0848418063547D0,    0000011P   1331
933.4116356143165D0,-275.1217287065765D0,233.6199600460168D0,    0000011P   1332
966.7342969036594D0,-269.7292760988247D0,234.1161839629071D0,    0000011P   1333
995.5780458095904D0,-264.7163227683524D0,234.5918739032974D0,    0000011P   1334
1020.046752538349D0,-260.229804375788D0,235.0339655610632D0,     0000011P   1335
1040.084050746997D0,-256.4123097142085D0,235.4145933169159D0,    0000011P   1336
1060.09031698393D0,-252.4550479848021D0,235.8072454031501D0,     0000011P   1337
1080.050232433933D0,-248.3628401972469D0,236.2061518601034D0,    0000011P   1338
1110.035866311465D0,-241.9961817205727D0,236.8062960236982D0,    0000011P   1339
1150.146069231577D0,-232.9562282902367D0,237.588796873685D0,     0000011P   1340
1194.491555990823D0,-222.1946136846976D0,238.5111154415588D0,    0000011P   1341
1233.435342999593D0,-212.2089881965719D0,239.4130394196941D0,    0000011P   1342
1266.779725168811D0,-203.2876299612347D0,240.2072268382332D0,    0000011P   1343
1300.037921840315D0,-194.0174701872597D0,240.9783930312878D0,    0000011P   1344
1333.458020194531D0,-184.3153573057708D0,241.6804530165535D0,    0000011P   1345
1366.766952884D0,-174.3035414044119D0,242.3821331843064D0,       0000011P   1346
1395.591268340176D0,-165.3802045645932D0,243.0484806125947D0,    0000011P   1347
1420.073499937236D0,-157.6377120618018D0,243.6903183687197D0,    0000011P   1348
1440.107045262957D0,-151.1935303595511D0,244.2533863873727D0,    0000011P   1349
1460.114988658088D0,-144.639009839166D0,244.8408853877745D0,     0000011P   1350
1480.08620838347D0,-137.9702365851156D0,245.4410300923166D0,     0000011P   1351
1496.39330013544D0,-132.4179375230613D0,245.9338337549271D0,     0000011P   1352
1509.116892129097D0,-128.0193277724895D0,246.3131609547461D0,    0000011P   1353
1518.229898200458D0,-124.8441277000355D0,246.5831953833191D0,    0000011P   1354
1527.328236472053D0,-121.6501221225582D0,246.850407857381D0,     0000011P   1355
1536.415198564281D0,-118.4395830844943D0,247.1146389378555D0,    0000011P   1356
1545.510420065801D0,-115.2073746571345D0,247.3752875630949D0,    0000011P   1357
1554.603630058342D0,-111.9601536444944D0,247.6321873755353D0,    0000011P   1358
1563.670643053108D0,-108.7066363209577D0,247.8840748740299D0,    0000011P   1359
1572.781979987024D0,-105.4244762489011D0,248.131060163891D0,     0000011P   1360
1581.746931531095D0,-102.1883392845231D0,248.373575224541D0,     0000011P   1361
1591.244318876058D0,-98.73146827107956D0,248.6047948831117D0,    0000011P   1362
1599.587243262039D0,-95.76313773423313D0,248.8768616230392D0,    0000011P   1363
1618.819673013007D0,-88.46155609215245D0,249.0157543092681D0,    0000011P   1364
1636.430200794695D0,-81.73812316674413D0,249.2110604123353D0,    0000011P   1365
1654.749823828348D0,-74.60871697860947D0,249.3854343592214D0,    0000011P   1366
1672.937676575731D0,-67.41718508125874D0,249.5553448616226D0,    0000011P   1367
1691.068070053209D0,-60.15469052643245D0,249.7165285160883D0,    0000011P   1368
1709.223131745461D0,-52.8124834484962D0,249.8709000315659D0,     0000011P   1369
1727.32493322113D0,-45.43436435829739D0,250.0201143420384D0,     0000011P   1370
1745.409981126504D0,-38.00732330347765D0,250.1653570017425D0,    0000011P   1371
1763.475012060528D0,-30.53307318903606D0,250.3092546422016D0,    0000011P   1372
1781.562381011558D0,-22.98843575502795D0,250.4531938283635D0,    0000011P   1373
1799.546234467604D0,-15.41933869916212D0,250.5992220785831D0,    0000011P   1374
1817.587179308056D0,-7.747190798010077D0,250.7504849837786D0,    0000011P   1375
1829.550832881118D0,-2.594680874008024D0,250.8548545117706D0,    0000011P   1376
1835.528802543656D0,1.211530875622202D-14,250.9085575927424D0,   0000011P   1377
5.744222982968626D-14,-262.0910317530285D0,233.9524827679283D0,  0000011P   1378
16.64182407679708D0,-264.7696912074028D0,233.4850463606372D0,    0000011P   1379
49.93783056349042D0,-269.9659943840931D0,232.5631303198624D0,    0000011P   1380
99.98051170956461D0,-277.2415089928024D0,231.2474472733647D0,    0000011P   1381
149.9256143928368D0,-283.7672530440257D0,230.0218466174109D0,    0000011P   1382
194.3975267878886D0,-288.8832732559233D0,229.0213877010861D0,    0000011P   1383
233.2812648247214D0,-292.8758824181359D0,228.2144367207533D0,    0000011P   1384
266.6326484879187D0,-295.9555525140925D0,227.5709647539508D0,    0000011P   1385
299.9385344414777D0,-298.6677396596875D0,226.9787882746008D0,    0000011P   1386
333.3067045297211D0,-300.998273596582D0,226.441238443673D0,      0000011P   1387
366.6273982062915D0,-302.9331534940042D0,225.9607132253982D0,    0000011P   1388
405.4996408834782D0,-304.7280577311789D0,225.4702088822511D0,    0000011P   1389
450.0077691299507D0,-306.1145772141369D0,225.0158311335888D0,    0000011P   1390
494.4137549814659D0,-306.7041063138859D0,224.709417269101D0,     0000011P   1391
533.3309297398383D0,-306.6446519162551D0,224.5675920093794D0,    0000011P   1392
566.6817840565235D0,-306.191592083624D0,224.5221819146741D0,     0000011P   1393
599.9904160181824D0,-305.3325157528455D0,224.5437964850236D0,    0000011P   1394
633.3599370780236D0,-304.0572596824883D0,224.6235714655808D0,    0000011P   1395
666.6781480018589D0,-302.3682571268432D0,224.7557932000457D0,    0000011P   1396
700.0103974513961D0,-300.2608867719566D0,224.9360441662604D0,    0000011P   1397
733.3619592992628D0,-297.7311685854953D0,225.159592255284D0,     0000011P   1398
766.6951663847508D0,-294.7861438916327D0,225.4371932534282D0,    0000011P   1399
805.5754779948144D0,-290.8710181738606D0,225.8369876879563D0,    0000011P   1400
850.0964572426666D0,-285.7031519335535D0,226.4208184248662D0,    0000011P   1401
894.4638149290911D0,-279.7381874502494D0,227.1216310675515D0,    0000011P   1402
933.4105911538227D0,-273.9047004191425D0,227.7935414602461D0,    0000011P   1403
966.7332586166687D0,-268.5076841154067D0,228.415051066545D0,     0000011P   1404
995.5785174946759D0,-263.4908910430384D0,228.996802329072D0,     0000011P   1405
1020.046022292405D0,-259.0004804823196D0,229.5204631286339D0,    0000011P   1406
1040.083144125084D0,-255.1797380647185D0,229.9644466049479D0,    0000011P   1407
1060.088765790375D0,-251.2195866771029D0,230.4184805568812D0,    0000011P   1408
1080.049606592187D0,-247.1252130542616D0,230.8783996420953D0,    0000011P   1409
1110.036526260115D0,-240.757211561891D0,231.5720769748433D0,     0000011P   1410
1150.143597210514D0,-231.7220441756071D0,232.4894335920369D0,    0000011P   1411
1194.492451664244D0,-220.9730277360582D0,233.5702035360934D0,    0000011P   1412
1233.43406362603D0,-211.0037858498939D0,234.6110464646184D0,     0000011P   1413
1266.778242382014D0,-202.1016143653561D0,235.5347490770461D0,    0000011P   1414
1300.038739218318D0,-192.8575941243903D0,236.4561040253734D0,    0000011P   1415
1333.456231738701D0,-183.1917739042208D0,237.339148513589D0,     0000011P   1416
1366.764807350578D0,-173.2169770478586D0,238.220740559093D0,     0000011P   1417
1395.591619532999D0,-164.3194041400233D0,239.0142388832724D0,    0000011P   1418
1420.073378784969D0,-156.5901798609129D0,239.7248250300037D0,    0000011P   1419
1440.107408291682D0,-150.1534472530101D0,240.3304793919671D0,    0000011P   1420
1460.115633882845D0,-143.6052700893663D0,240.9569109304314D0,    0000011P   1421
1480.086821235443D0,-136.9438850859162D0,241.6025154013312D0,    0000011P   1422
1496.394095419527D0,-131.4001522684362D0,242.1462563527457D0,    0000011P   1423
1509.115497779569D0,-127.0109280866982D0,242.5776806786778D0,    0000011P   1424
1518.227343037806D0,-123.8435074904561D0,242.8899698767885D0,    0000011P   1425
1527.324252488752D0,-120.6582457448524D0,243.2034805460326D0,    0000011P   1426
1536.410094591769D0,-117.4573536913979D0,243.5173242318723D0,    0000011P   1427
1545.504184909408D0,-114.2357415603869D0,243.8301028745129D0,    0000011P   1428
1554.59702096688D0,-110.9999414056688D0,244.1409287349347D0,     0000011P   1429
1563.663792851123D0,-107.7585149040645D0,244.4476315466955D0,    0000011P   1430
1572.775105085878D0,-104.4894112046197D0,244.7496480321849D0,    0000011P   1431
1581.743997022521D0,-101.2661857749294D0,245.0467721616466D0,    0000011P   1432
1591.232324234235D0,-97.82591922925346D0,245.3303759687458D0,    0000011P   1433
1599.624909936633D0,-94.86412225283974D0,245.6617543253476D0,    0000011P   1434
1618.635001392622D0,-87.62903056467907D0,245.8371368436704D0,    0000011P   1435
1636.097155825033D0,-80.96107199203082D0,246.0757869133342D0,    0000011P   1436
1654.248107507257D0,-73.89380209666516D0,246.2873841846444D0,    0000011P   1437
1672.273777893252D0,-66.76609675978372D0,246.4916075906749D0,    0000011P   1438
1690.243601961831D0,-59.5692587304094D0,246.6839838310156D0,     0000011P   1439
1708.239319896026D0,-52.29467657812306D0,246.8670987639005D0,    0000011P   1440
1726.183825175008D0,-44.98552764932824D0,247.0430782418047D0,    0000011P   1441
1744.112499047134D0,-37.62900216726914D0,247.2135076986915D0,    0000011P   1442
1762.022496022103D0,-30.22679983780312D0,247.38167759694D0,      0000011P   1443
1779.954971959518D0,-22.75608994336472D0,247.5494374518895D0,    0000011P   1444
1797.785705021986D0,-15.26214618842379D0,247.7194111515213D0,    0000011P   1445
1815.673023459232D0,-7.667527978358305D0,247.8955053414315D0,    0000011P   1446
1827.53457903511D0,-2.567847889234644D0,248.0171819613836D0,     0000011P   1447
1833.461453608562D0,1.211530875622203D-14,248.0798712075089D0,   0000011P   1448
2.124637682532521D-14,-260.719128309842D0,229.084611680695D0,    0000011P   1449
16.64249700635522D0,-263.3950757021622D0,228.5401021483105D0,    0000011P   1450
49.9393798243682D0,-268.5871032991416D0,227.4651065277703D0,     0000011P   1451
99.97996833664476D0,-275.8672883631943D0,225.9520063771181D0,    0000011P   1452
149.9262405990073D0,-282.4193371160519D0,224.5893098612339D0,    0000011P   1453
194.3975287206009D0,-287.5590516772151D0,223.4554472783045D0,    0000011P   1454
233.2810183137127D0,-291.558562667859D0,222.4757175687289D0,     0000011P   1455
266.6323778646957D0,-294.6419359283143D0,221.6802041803989D0,    0000011P   1456
299.9388202039843D0,-297.3630760286787D0,220.9665468163453D0,    0000011P   1457
333.3058348685798D0,-299.7150709863026D0,220.3723739377112D0,    0000011P   1458
366.6267973942934D0,-301.6788301300779D0,219.8808597858431D0,    0000011P   1459
405.5000792828636D0,-303.5099612173742D0,219.4086864105551D0,    0000011P   1460
450.0064949906491D0,-304.9328928541996D0,218.9885193216679D0,    0000011P   1461
494.4141328532936D0,-305.5439045070822D0,218.6777994715015D0,    0000011P   1462
533.3304804804176D0,-305.4857756428049D0,218.4650495379613D0,    0000011P   1463
566.6810816135554D0,-305.0280732551871D0,218.3472980430008D0,    0000011P   1464
599.9907811176387D0,-304.1646933394725D0,218.3195801602064D0,    0000011P   1465
633.3591791203478D0,-302.8916822597214D0,218.4076537723829D0,    0000011P   1466
666.6780674931326D0,-301.2067113764806D0,218.5814423585654D0,    0000011P   1467
700.010564392585D0,-299.1004909961104D0,218.8123569476996D0,     0000011P   1468
733.3613714221276D0,-296.5643566243932D0,219.0714141357591D0,    0000011P   1469
766.6945642810806D0,-293.6092331507236D0,219.3853698809741D0,    0000011P   1470
805.5759381524406D0,-289.6825848139613D0,219.8473100311634D0,    0000011P   1471
850.0950476048776D0,-284.5087471400395D0,220.5572311400498D0,    0000011P   1472
894.4644512181905D0,-278.5394729183603D0,221.4085433703207D0,    0000011P   1473
933.4095471402306D0,-272.6992074957353D0,222.1993013762624D0,    0000011P   1474
966.7322210707483D0,-267.2939005675494D0,222.9121545369803D0,    0000011P   1475
995.5789894792408D0,-262.2677224093388D0,223.5623177937377D0,    0000011P   1476
1020.045291152924D0,-257.7680688374824D0,224.135428662684D0,     0000011P   1477
1040.082235604383D0,-253.9399884144711D0,224.6187919776507D0,    0000011P   1478
1060.087212141854D0,-249.9738485158943D0,225.1150596152086D0,    0000011P   1479
1080.048978665093D0,-245.8758985817624D0,225.6241549544233D0,    0000011P   1480
1110.037186787581D0,-239.5080196694436D0,226.4082979061845D0,    0000011P   1481
1150.141135942906D0,-230.4904502165421D0,227.4996642220101D0,    0000011P   1482
1194.493355062474D0,-219.7662780395016D0,228.7752477074794D0,    0000011P   1483
1233.432760613619D0,-209.8085598173214D0,229.9259397671727D0,    0000011P   1484
1266.776720385146D0,-200.9131113862697D0,230.9226580119108D0,    0000011P   1485
1300.039544366562D0,-191.6768971470411D0,231.9164811824853D0,    0000011P   1486
1333.454532159244D0,-182.0255971000133D0,232.8919493326756D0,    0000011P   1487
1366.762809248438D0,-172.0734408534879D0,233.89381365859D0,      0000011P   1488
1395.592030278763D0,-163.2050201955725D0,234.8224922849259D0,    0000011P   1489
1420.073079442144D0,-155.5091123261507D0,235.67272321414D0,      0000011P   1490
1440.107392551035D0,-149.1023466505585D0,236.4019329214862D0,    0000011P   1491
1460.115789321027D0,-142.5845816738446D0,237.1543616615963D0,    0000011P   1492
1480.087018002852D0,-135.9516802060483D0,237.921857811686D0,     0000011P   1493
1496.394764248223D0,-130.427651592292D0,238.5567316733654D0,     0000011P   1494
1509.114377087008D0,-126.0508998358522D0,239.051067048109D0,     0000011P   1495
1518.225393059727D0,-122.8912686658714D0,239.4052498021368D0,    0000011P   1496
1527.321216338162D0,-119.7128717029287D0,239.7577002743196D0,    0000011P   1497
1536.406258548125D0,-116.5181717859918D0,240.1079146662434D0,    0000011P   1498
1545.499481553544D0,-113.3024385047417D0,240.454811591552D0,     0000011P   1499
1554.5921176506D0,-110.0723923632447D0,240.7978956013552D0,      0000011P   1500
1563.658698829452D0,-106.8367536411418D0,241.1352033355007D0,    0000011P   1501
1572.769879528143D0,-103.5740802745309D0,241.4666118050411D0,    0000011P   1502
1581.742414105904D0,-100.3571305427862D0,241.7923906426265D0,    0000011P   1503
1591.221158845852D0,-96.9271360315549D0,242.1032227600409D0,     0000011P   1504
1599.662543584364D0,-93.96555867852868D0,242.4682368615391D0,    0000011P   1505
1618.448944343346D0,-86.79134578024085D0,242.6562345734739D0,    0000011P   1506
1635.760765855755D0,-80.1742412834097D0,242.9170539924137D0,     0000011P   1507
1653.740610317041D0,-73.16583505490071D0,243.1490079910598D0,    0000011P   1508
1671.601200018291D0,-66.0999025267644D0,243.3745278217726D0,     0000011P   1509
1689.407107745703D0,-58.96775736846337D0,243.5884723850911D0,    0000011P   1510
1707.239700225605D0,-51.76079780795112D0,243.793640786444D0,     0000011P   1511
1725.02270669263D0,-44.52144925034476D0,243.992171894707D0,      0000011P   1512
1742.790396842145D0,-37.23697331764846D0,244.1855931214787D0,    0000011P   1513
1760.540356939541D0,-29.90892773973528D0,244.3774008579021D0,    0000011P   1514
1778.312557560603D0,-22.51470056457634D0,244.5694496676166D0,    0000011P   1515
1795.984422387479D0,-15.09878272655992D0,244.7644819061383D0,    0000011P   1516
1813.712014885163D0,-7.584755483027912D0,244.9667073716496D0,    0000011P   1517
1825.467180873351D0,-2.539986000817047D0,245.1063770770311D0,    0000011P   1518
1831.34076056172D0,1.211530875622202D-14,245.1782740012486D0,    0000011P   1519
3.08875547010006D-14,-259.312778004325D0,224.1977924201413D0,    0000011P   1520
16.64316993591339D0,-262.0023796471986D0,223.6399503037042D0,    0000011P   1521
49.94092908524812D0,-267.2193288677227D0,222.5279608452543D0,    0000011P   1522
99.979424963727D0,-274.5144778608196D0,220.8647297225263D0,      0000011P   1523
149.926866805167D0,-281.0468534924424D0,219.1932236108089D0,     0000011P   1524
194.3975306533052D0,-286.1803584127231D0,217.8254062719906D0,    0000011P   1525
233.2807718027278D0,-290.2127991323174D0,216.8017313480556D0,    0000011P   1526
266.6321072415122D0,-293.3345843204676D0,216.0139383298139D0,    0000011P   1527
299.9391059665036D0,-296.0885629979394D0,215.2892749704165D0,    0000011P   1528
333.3049652073507D0,-298.452015385858D0,214.6017156937919D0,     0000011P   1529
366.6261965821498D0,-300.4134766116964D0,213.9669162085508D0,    0000011P   1530
405.5005176822205D0,-302.2344539262743D0,213.3070046041219D0,    0000011P   1531
450.0052208519072D0,-303.6473704459204D0,212.6965113374672D0,    0000011P   1532
494.4145107255226D0,-304.2640032953933D0,212.2998439809252D0,    0000011P   1533
533.3300312197767D0,-304.2320960874632D0,212.1432463397789D0,    0000011P   1534
566.6803791685659D0,-303.8009315301762D0,212.1124660934685D0,    0000011P   1535
599.9911462164631D0,-302.9575826572787D0,212.1596960240963D0,    0000011P   1536
633.3584211672243D0,-301.6876058911441D0,212.2598281758294D0,    0000011P   1537
666.6779869919515D0,-299.9976645595277D0,212.4269963413804D0,    0000011P   1538
700.0107313361326D0,-297.8875538693941D0,212.6770082920457D0,    0000011P   1539
733.3607835279819D0,-295.3577016467821D0,213.0253131080803D0,    0000011P   1540
766.6939621492102D0,-292.4091999424616D0,213.4490964979225D0,    0000011P   1541
805.5763983044899D0,-288.4792025006267D0,214.0053075415924D0,    0000011P   1542
850.0936380758494D0,-283.2695425801149D0,214.6915220574107D0,    0000011P   1543
894.4650875854072D0,-277.2573807349452D0,215.5034953362975D0,    0000011P   1544
933.4085028881852D0,-271.3982799784918D0,216.3524356293596D0,    0000011P   1545
966.7311831294156D0,-265.985629649166D0,217.157653075215D0,      0000011P   1546
995.5794613040127D0,-260.9575207119407D0,217.9062193242107D0,    0000011P   1547
1020.044560490207D0,-256.4572927729268D0,218.5624440161271D0,    0000011P   1548
1040.081328096818D0,-252.6293982692956D0,219.1137577254893D0,    0000011P   1549
1060.085659803227D0,-248.6641848175242D0,219.6777132425659D0,    0000011P   1550
1080.048351850675D0,-244.5679350578998D0,220.2542209949081D0,    0000011P   1551
1110.037847006207D0,-238.2041002505202D0,221.139227474089D0,     0000011P   1552
1150.138668937582D0,-229.1963412351507D0,222.3641708133185D0,    0000011P   1553
1194.49425433898D0,-218.4920147482052D0,223.8030434750029D0,     0000011P   1554
1233.431470214175D0,-208.5619751970564D0,225.118939318499D0,     0000011P   1555
1266.775219309576D0,-199.6945669253709D0,226.2659855014679D0,    0000011P   1556
1300.040356040232D0,-190.4882520678405D0,227.4121046857566D0,    0000011P   1557
1333.452785158065D0,-180.8676031390217D0,228.5348018184739D0,    0000011P   1558
1366.760732481462D0,-170.9451763432654D0,229.6766667752962D0,    0000011P   1559
1395.592409248894D0,-162.1015478203076D0,230.7185310740774D0,    0000011P   1560
1420.072875176367D0,-154.4263248131647D0,231.6573511953066D0,    0000011P   1561
1440.107578910175D0,-148.036158047343D0,232.4574502751562D0,     0000011P   1562
1460.116206094389D0,-141.5349351854319D0,233.2816272804495D0,    0000011P   1563
1480.087436780295D0,-134.9186514741011D0,234.1243935147634D0,    0000011P   1564
1496.39550054966D0,-129.4083022004994D0,234.8260031800923D0,     0000011P   1565
1509.113110379436D0,-125.0425919634058D0,235.3763545418029D0,    0000011P   1566
1518.223120173618D0,-121.891014835548D0,235.7722927077617D0,     0000011P   1567
1527.317674452944D0,-118.7208592695273D0,236.1677012255807D0,    0000011P   1568
1536.401745976307D0,-115.5346620468753D0,236.5618142402966D0,    0000011P   1569
1545.493960875635D0,-112.3278740617662D0,236.9532203263181D0,    0000011P   1570
1554.586304184706D0,-109.1072262135895D0,237.3411696122111D0,    0000011P   1571
1563.652667763525D0,-105.8814193299131D0,237.7232589314402D0,    0000011P   1572
1572.763773931066D0,-102.6294420789935D0,238.0991588710474D0,    0000011P   1573
1581.740110021039D0,-99.42307749709089D0,238.468968013416D0,     0000011P   1574
1591.209550993125D0,-96.00753008634621D0,238.8220334357756D0,    0000011P   1575
1599.700194854222D0,-93.05043916922281D0,239.2361346405678D0,    0000011P   1576
1618.263626516673D0,-85.94108981258341D0,239.451334457516D0,     0000011P   1577
1635.426160676255D0,-79.37839537172937D0,239.7475655049816D0,    0000011P   1578
1653.236197622283D0,-72.43170842309165D0,240.0107775603044D0,    0000011P   1579
1670.933253095737D0,-65.42977715940016D0,240.2664201003489D0,    0000011P   1580
1688.577030302966D0,-58.36399938038785D0,240.5089501318217D0,    0000011P   1581
1706.248515126352D0,-51.22585618221154D0,240.7416459125639D0,    0000011P   1582
1723.872265168756D0,-44.05709423853246D0,240.9669252330702D0,    0000011P   1583
1741.481431185316D0,-36.84511977994538D0,241.1865233877921D0,    0000011P   1584
1759.074023809879D0,-29.59142177016964D0,241.4044086018549D0,    0000011P   1585
1776.68882094718D0,-22.27368023254357D0,241.622706392416D0,      0000011P   1586
1794.204884411663D0,-14.9356765412045D0,241.8445434877443D0,     0000011P   1587
1811.776005496359D0,-7.502087015288832D0,242.0746987438268D0,    0000011P   1588
1823.427071758665D0,-2.512147128153085D0,242.2337726127985D0,    0000011P   1589
1829.248530306007D0,1.211530875622202D-14,242.3156800887702D0,   0000011P   1590
2.824673716892822D-14,-257.8841442717485D0,219.3441563023571D0,  0000011P   1591
16.64384286547155D0,-260.5648629946758D0,218.6907117896562D0,    0000011P   1592
49.94247834612776D0,-265.7672624144467D0,217.3974095735734D0,    0000011P   1593
99.97888159080897D0,-273.0629027261479D0,215.5399743189237D0,    0000011P   1594
149.9274930113282D0,-279.6336284411635D0,213.7990981694241D0,    0000011P   1595
194.3975325860107D0,-284.8025513613247D0,212.3644984105166D0,    0000011P   1596
233.2805252917397D0,-288.8431776041659D0,211.1941237597569D0,    0000011P   1597
266.6318366183234D0,-291.9650411954237D0,210.2579300831288D0,    0000011P   1598
299.9393917290212D0,-294.7210362059905D0,209.4000536787015D0,    0000011P   1599
333.3040955461337D0,-297.0971124999804D0,208.6321149533142D0,    0000011P   1600
366.6255957700261D0,-299.0790843363483D0,207.9618008021902D0,    0000011P   1601
405.5009560815807D0,-300.9298196420655D0,207.3037593065767D0,    0000011P   1602
450.003946713087D0,-302.3803574704247D0,206.7445397556075D0,     0000011P   1603
494.4148885976958D0,-303.0201756425252D0,206.3605455448164D0,    0000011P   1604
533.329581959306D0,-302.9843065852121D0,206.116498153832D0,      0000011P   1605
566.6796767238577D0,-302.541439450939D0,205.9860491116073D0,     0000011P   1606
599.9915113153751D0,-301.6863070020765D0,205.9517648512747D0,    0000011P   1607
633.3576632134661D0,-300.4127858904211D0,206.0314764600986D0,    0000011P   1608
666.6779064897189D0,-298.7216019297405D0,206.2103860430744D0,    0000011P   1609
700.010898279351D0,-296.6067042466644D0,206.4755489072564D0,     0000011P   1610
733.3601956362048D0,-294.0626582476872D0,206.8135812784278D0,    0000011P   1611
766.6933600212674D0,-291.0992685463052D0,207.2398125842427D0,    0000011P   1612
805.5768584573165D0,-287.1612900112989D0,207.8583328303771D0,    0000011P   1613
850.0922285316748D0,-281.9708519263559D0,208.7647362141211D0,    0000011P   1614
894.4657239417453D0,-275.9770265336088D0,209.8094022095003D0,    0000011P   1615
933.4074586693507D0,-270.1086447906905D0,210.7491308194321D0,    0000011P   1616
966.7301452431533D0,-264.6810860133419D0,211.5996207693967D0,    0000011P   1617
995.579933151039D0,-259.6434177654993D0,212.3981514287654D0,     0000011P   1618
1020.043829761088D0,-255.143982589028D0,213.130334043925D0,      0000011P   1619
1040.080420448149D0,-251.3203234387487D0,213.7568500280867D0,    0000011P   1620
1060.084107282166D0,-247.3611226051008D0,214.4011145951647D0,    0000011P   1621
1080.047724881292D0,-243.2708035054093D0,215.055278838994D0,     0000011P   1622
1110.038507267848D0,-236.913241346474D0,216.0413301567366D0,     0000011P   1623
1150.136202731375D0,-227.9019241448026D0,217.3371572921872D0,    0000011P   1624
1194.495154189538D0,-217.1995120106376D0,218.8573763283045D0,    0000011P   1625
1233.430178058069D0,-207.296009013307D0,220.3221791990782D0,     0000011P   1626
1266.773715320205D0,-198.4602286688362D0,221.6236149884979D0,    0000011P   1627
1300.041166805077D0,-189.2865048404642D0,222.9239701626435D0,    0000011P   1628
1333.451044761516D0,-179.6927959680022D0,224.1734014336854D0,    0000011P   1629
1366.758666670481D0,-169.7949988676911D0,225.4305165938121D0,    0000011P   1630
1395.592792644556D0,-160.9749209291015D0,226.57631532271D0,      0000011P   1631
1420.072657668795D0,-153.3244713462952D0,227.6149836855446D0,    0000011P   1632
1440.107737121995D0,-146.9563921657288D0,228.5031763033004D0,    0000011P   1633
1460.11658647046D0,-140.4782984911805D0,229.4204588968333D0,     0000011P   1634
1480.087824637433D0,-133.8852809186042D0,230.3601886791429D0,    0000011P   1635
1496.396227453873D0,-128.3932576202893D0,231.1434527356224D0,    0000011P   1636
1509.111864008011D0,-124.0412733614053D0,231.7580503374023D0,    0000011P   1637
1518.220892260317D0,-120.8992902364078D0,232.2002477383686D0,    0000011P   1638
1527.314203003591D0,-117.7385695308353D0,232.6418564764242D0,    0000011P   1639
1536.397327627515D0,-114.5617592882832D0,233.0819812567687D0,    0000011P   1640
1545.488554029728D0,-111.3645290269193D0,233.5190132312886D0,    0000011P   1641
1554.580617479315D0,-108.153657360957D0,233.9520807227185D0,     0000011P   1642
1563.646767203835D0,-104.9378629853911D0,234.3784733748519D0,    0000011P   1643
1572.757790900902D0,-101.696602620137D0,234.7977879674328D0,     0000011P   1644
1581.737906376419D0,-98.50072137784136D0,235.2100846492903D0,    0000011P   1645
1591.198004764334D0,-95.09943399663918D0,235.6035072798121D0,    0000011P   1646
1599.73784366977D0,-92.1465699114658D0,236.0644014576424D0,      0000011P   1647
1618.078205735247D0,-85.10178503998716D0,236.3041966552742D0,    0000011P   1648
1635.091306921306D0,-78.59314203924402D0,236.6328349528562D0,    0000011P   1649
1652.731355336404D0,-71.7077667285008D0,236.9240740680868D0,     0000011P   1650
1670.264661200265D0,-64.76936471671752D0,237.2063271750662D0,    0000011P   1651
1687.74605916824D0,-57.76940258944803D0,237.4735948593992D0,     0000011P   1652
1705.256155307622D0,-50.69942896660307D0,237.7295800040707D0,    0000011P   1653
1722.72033661835D0,-43.60049644593865D0,237.9769247939251D0,     0000011P   1654
1740.170635944189D0,-36.46014052219075D0,238.2175178789985D0,    0000011P   1655
1757.60548931629D0,-29.27976604847563D0,238.4557447911289D0,     0000011P   1656
1775.062482997191D0,-22.03732967904945D0,238.6939474737232D0,    0000011P   1657
1792.42231796249D0,-14.7758878833492D0,238.9355825005344D0,      0000011P   1658
1809.836514362101D0,-7.421196697856423D0,239.1859432580846D0,    0000011P   1659
1821.383161979495D0,-2.484925173930642D0,239.3587571705452D0,    0000011P   1660
1827.152335913359D0,1.211530875622202D-14,239.4477054018342D0,   0000011P   1661
2.889687038780495D-14,-256.4114513336277D0,214.4572085423976D0,  0000011P   1662
16.64451579502974D0,-259.0977838418851D0,213.7635202151064D0,    0000011P   1663
49.94402760700589D0,-264.3099717419794D0,212.3831487200458D0,    0000011P   1664
99.97833821788942D0,-271.6148565752478D0,210.369695004115D0,     0000011P   1665
149.9281192174971D0,-278.1912368640151D0,208.4410559459888D0,    0000011P   1666
194.3975345187216D0,-283.3664179166475D0,206.8384904148803D0,    0000011P   1667
233.2802787807342D0,-287.4162757699653D0,205.5396513047085D0,    0000011P   1668
266.6315659951059D0,-290.5479942688942D0,204.5054670213823D0,    0000011P   1669
299.9396774915296D0,-293.3153976666595D0,203.5614219929314D0,    0000011P   1670
333.3032258849798D0,-295.7038963546025D0,202.7188669413846D0,    0000011P   1671
366.6249949580072D0,-297.6974747308404D0,201.9791422287056D0,    0000011P   1672
405.5013944809622D0,-299.5584388766434D0,201.2389409121656D0,    0000011P   1673
450.0026725738659D0,-301.0126634609981D0,200.5739778188806D0,    0000011P   1674
494.4152664695809D0,-301.6579041650518D0,200.1210672332739D0,    0000011P   1675
533.3291326997091D0,-301.6361990086974D0,199.881145378393D0,     0000011P   1676
566.6789742805987D0,-301.2077825909108D0,199.7802810340299D0,    0000011P   1677
599.9918764147409D0,-300.3652177298202D0,199.7837568367784D0,    0000011P   1678
633.3569052564468D0,-299.0982728726672D0,199.8915560672975D0,    0000011P   1679
666.6778259820802D0,-297.4104613778312D0,200.1013231010023D0,    0000011P   1680
700.0110652208799D0,-295.2986146699852D0,200.4127485202943D0,    0000011P   1681
733.3596077566189D0,-292.7601761646906D0,200.825058677779D0,     0000011P   1682
766.6927579135343D0,-289.7995939489481D0,201.3278236832673D0,    0000011P   1683
805.5773186141389D0,-285.8553846009684D0,202.008213231345D0,     0000011P   1684
850.0908189095547D0,-280.6355736139608D0,202.9029930705087D0,    0000011P   1685
894.4663602420986D0,-274.6106141445637D0,203.9429735380626D0,    0000011P   1686
933.4064146214034D0,-268.7328703846152D0,204.9610318900704D0,    0000011P   1687
966.7291076402645D0,-263.3035881995384D0,205.9078346758686D0,    0000011P   1688
995.5804051125824D0,-258.2649997750141D0,206.791134913704D0,     0000011P   1689
1020.043098690298D0,-253.7620797119227D0,207.5795859874606D0,    0000011P   1690
1040.079512073416D0,-249.9357065700214D0,208.249747502263D0,     0000011P   1691
1060.082553822367D0,-245.9758221195789D0,208.9422024683695D0,    0000011P   1692
1080.047097114506D0,-241.888687756231D0,209.6562032545282D0,     0000011P   1693
1110.039167750818D0,-235.5447670929032D0,210.7603465398481D0,    0000011P   1694
1150.133740637109D0,-226.5796823756796D0,212.3048446376423D0,    0000011P   1695
1194.496056993933D0,-215.9294924517118D0,214.0882493105991D0,    0000011P   1696
1233.428876862862D0,-206.0425936849715D0,215.6572504568539D0,    0000011P   1697
1266.772196337558D0,-197.2140961021548D0,217.014499838355D0,     0000011P   1698
1300.041972893467D0,-188.0541682735952D0,218.3905959111418D0,    0000011P   1699
1333.44933834981D0,-178.4957095198841D0,219.7893290016353D0,     0000011P   1700
1366.756657234763D0,-168.6418181474412D0,221.2258290159697D0,    0000011P   1701
1395.593198812269D0,-159.8573785986141D0,222.5151103864322D0,    0000011P   1702
1420.072372024124D0,-152.2291884484729D0,223.6407837742464D0,    0000011P   1703
1440.107750498723D0,-145.8756814514414D0,224.5868149250562D0,    0000011P   1704
1460.116779560312D0,-139.4101684340005D0,225.5561163106367D0,    0000011P   1705
1480.088053390771D0,-132.8292557908116D0,226.5497810382208D0,    0000011P   1706
1496.396906003655D0,-127.347896728417D0,227.3851447085483D0,     0000011P   1707
1509.110722278447D0,-123.0056350018716D0,228.0483259327125D0,    0000011P   1708
1518.218895759506D0,-119.8711786474151D0,228.5285422807678D0,    0000011P   1709
1527.311093989664D0,-116.7185444872021D0,229.0107654418132D0,    0000011P   1710
1536.393394113581D0,-113.5504089666049D0,229.4936410781912D0,    0000011P   1711
1545.483732918803D0,-110.3625773674977D0,229.975033316246D0,     0000011P   1712
1554.575583033911D0,-107.1617931586305D0,230.4536190698609D0,    0000011P   1713
1563.641538178215D0,-103.9567100421381D0,230.9260511901386D0,    0000011P   1714
1572.752438552157D0,-100.7271699293078D0,231.3915230465052D0,    0000011P   1715
1581.736219558026D0,-97.54299714888533D0,231.8497267512154D0,    0000011P   1716
1591.186775628233D0,-94.1573338147128D0,232.2872733427951D0,     0000011P   1717
1599.775479856396D0,-91.21026520897173D0,232.7991409167861D0,    0000011P   1718
1617.892255188913D0,-84.23172453409119D0,233.0676714944265D0,    0000011P   1719
1634.755174094279D0,-77.77894579052114D0,233.4328122774989D0,    0000011P   1720
1652.22430254256D0,-70.95671676210883D0,233.755906205966D0,      0000011P   1721
1669.592750526302D0,-64.08373454324324D0,234.0684656721859D0,    0000011P   1722
1686.910489443932D0,-57.15156857449815D0,234.3641703616845D0,    0000011P   1723
1704.257750841724D0,-50.15186906873709D0,234.6472833036133D0,    0000011P   1724
1721.56075641077D0,-43.12502861700974D0,234.9208065981892D0,     0000011P   1725
1738.850426377537D0,-36.05874604739224D0,235.1869177720551D0,    0000011P   1726
1756.125627464553D0,-28.95437617159666D0,235.4505551847852D0,    0000011P   1727
1773.422759586231D0,-21.79018634399593D0,235.714412727058D0,     0000011P   1728
1790.624168173396D0,-14.60854219852562D0,235.9824123391333D0,    0000011P   1729
1807.879107526923D0,-7.336313558211327D0,236.2604974590913D0,    0000011P   1730
1819.319695466752D0,-2.456328213574825D0,236.4527891411219D0,    0000011P   1731
1825.035743621829D0,1.211530875622202D-14,236.5518508656362D0,   0000011P   1732
2.86651960106345D-14,-254.9341943644288D0,209.6719144115893D0,   0000011P   1733
16.64518872458789D0,-257.6126174726326D0,208.89482494333D0,      0000011P   1734
49.94557686788706D0,-262.8118931556223D0,207.3562608703152D0,    0000011P   1735
99.97779484497293D0,-270.1044475937201D0,205.1224918718505D0,    0000011P   1736
149.9287454236505D0,-276.6767840891033D0,202.9808720658302D0,    0000011P   1737
194.3975364514214D0,-281.8616603079165D0,201.2311450467984D0,    0000011P   1738
233.2800322697633D0,-285.9336261382341D0,199.859676739628D0,     0000011P   1739
266.6312953719457D0,-289.0858124529565D0,198.7734596280694D0,    0000011P   1740
299.9399632540561D0,-291.8676690331988D0,197.7597817645711D0,    0000011P   1741
333.3023562236985D0,-294.2569787658534D0,196.8024194219196D0,    0000011P   1742
366.624394145777D0,-296.2469931918508D0,195.9408620437941D0,     0000011P   1743
405.5018328803016D0,-298.1091961633888D0,195.0946474054349D0,    0000011P   1744
450.001398435455D0,-299.5875314338826D0,194.4231891410902D0,     0000011P   1745
494.4156443420479D0,-300.2623021731586D0,194.0088404397525D0,    0000011P   1746
533.3286834383474D0,-300.2544743009404D0,193.7688571290444D0,    0000011P   1747
566.6782718344139D0,-299.8314673411284D0,193.6540421306704D0,    0000011P   1748
599.9922415131908D0,-298.9894736852548D0,193.6390910117706D0,    0000011P   1749
633.3561473060131D0,-297.7199944905709D0,193.7334375893897D0,    0000011P   1750
666.6777454853583D0,-296.027991273427D0,193.9396238361458D0,     0000011P   1751
700.0112321658215D0,-293.911835778867D0,194.2624185793034D0,     0000011P   1752
733.3590198524192D0,-291.3705085097033D0,194.7061030866773D0,    0000011P   1753
766.6921557649962D0,-288.4081224849349D0,195.2579808639019D0,    0000011P   1754
805.5777787628928D0,-284.4627024713781D0,196.013759652096D0,     0000011P   1755
850.089409444813D0,-279.2425415916101D0,197.0168144598956D0,     0000011P   1756
894.4669966554894D0,-273.2215181284078D0,198.1937132436886D0,    0000011P   1757
933.405370228416D0,-267.3534622431346D0,199.3538924093738D0,     0000011P   1758
966.7280694652153D0,-261.933303314938D0,200.4244666370349D0,     0000011P   1759
995.5808768429048D0,-256.90061634786D0,201.4049402011924D0,      0000011P   1760
1020.04236830938D0,-252.3997172888307D0,202.2607351515891D0,     0000011P   1761
1040.078605164682D0,-248.5733611334726D0,202.9776854158636D0,    0000011P   1762
1060.081002257978D0,-244.6121303208707D0,203.7092589676914D0,    0000011P   1763
1080.046470957758D0,-240.52251124064D0,204.4555267805897D0,      0000011P   1764
1110.0398277869D0,-234.1737570775348D0,205.599061366633D0,       0000011P   1765
1150.131270240402D0,-225.2012496134279D0,207.1777790983716D0,    0000011P   1766
1194.49695383422D0,-214.5621975302033D0,209.0553665661604D0,     0000011P   1767
1233.42759391855D0,-204.7169419001881D0,210.8098708292943D0,     0000011P   1768
1266.770707627912D0,-195.9334050536595D0,212.3545115768387D0,    0000011P   1769
1300.042788424113D0,-186.8152957937647D0,213.9035600076265D0,    0000011P   1770
1333.447563319135D0,-177.2843690489166D0,215.4173915764854D0,    0000011P   1771
1366.754533971465D0,-167.4540272418273D0,216.9522206651838D0,    0000011P   1772
1395.593559000819D0,-158.696835506452D0,218.3480889693789D0,     0000011P   1773
1420.072223955415D0,-151.1038359331559D0,219.6025180774058D0,    0000011P   1774
1440.10805631272D0,-144.7834177793044D0,220.6695056543273D0,     0000011P   1775
1460.117350800718D0,-138.3524557977099D0,221.766632692331D0,     0000011P   1776
1480.088603391397D0,-131.8046145827486D0,222.8865406596382D0,    0000011P   1777
1496.397682186116D0,-126.3466204774759D0,223.8171086823724D0,    0000011P   1778
1509.109369265971D0,-122.0193642280998D0,224.5457755702205D0,    0000011P   1779
1518.216432012566D0,-118.8943806061597D0,225.0694949541624D0,    0000011P   1780
1527.307253180538D0,-115.7501742819895D0,225.5920651758695D0,    0000011P   1781
1536.388481667134D0,-112.5896854131747D0,226.1125499109819D0,    0000011P   1782
1545.477729147416D0,-109.4090903557324D0,226.629163316456D0,     0000011P   1783
1554.569231607068D0,-106.2153327433854D0,227.1410079534784D0,    0000011P   1784
1563.63495325476D0,-103.0172365958448D0,227.6449769366156D0,     0000011P   1785
1572.745812791372D0,-99.79526432620614D0,228.1407372811302D0,    0000011P   1786
1581.733489213184D0,-96.61845478975071D0,228.6284901188571D0,    0000011P   1787
1591.17490624868D0,-93.24411278646386D0,229.0941907236148D0,     0000011P   1788
1599.813141542142D0,-90.29839358806153D0,229.6407880100187D0,    0000011P   1789
1617.707374293583D0,-83.38194777471783D0,229.9232684784517D0,    0000011P   1790
1634.421623848152D0,-76.98131400486257D0,230.3121842586138D0,    0000011P   1791
1651.721712996523D0,-70.21920432260519D0,230.657382304631D0,     0000011P   1792
1668.927540814768D0,-63.40921055649299D0,230.9931136128657D0,    0000011P   1793
1686.084204755099D0,-56.542908250849D0,231.3123763545114D0,      0000011P   1794
1703.271551153483D0,-49.61195246021894D0,231.6196330906323D0,    0000011P   1795
1720.416625702874D0,-42.65597901767554D0,231.9178852225643D0,    0000011P   1796
1737.549225323146D0,-35.66275333336446D0,232.2092385393036D0,    0000011P   1797
1754.668636738919D0,-28.63348342632295D0,232.4988236139066D0,    0000011P   1798
1771.810062827189D0,-21.54665059977007D0,232.78932567007D0,      0000011P   1799
1788.857482784717D0,-14.44383290086934D0,233.0847714003069D0,    0000011P   1800
1805.957874374046D0,-7.252917187919778D0,233.3913936800018D0,    0000011P   1801
1817.295716053634D0,-2.428268167080706D0,233.6032854299403D0,    0000011P   1802
1822.960336831056D0,1.211530875622202D-14,233.7123568028362D0,   0000011P   1803
2.866980126670452D-14,-253.3784467169321D0,204.7608392042529D0,  0000011P   1804
16.64586165414607D0,-256.0572323081526D0,203.928424279566D0,     0000011P   1805
49.94712612876829D0,-261.2561027384465D0,202.2743381807809D0,    0000011P   1806
99.97725147205648D0,-268.5566422800227D0,199.8962369192136D0,    0000011P   1807
149.9293716298039D0,-275.1604507791631D0,197.6819246241307D0,    0000011P   1808
194.397538384121D0,-280.3637042785595D0,195.8272582879154D0,     0000011P   1809
233.2797857587921D0,-284.4223187184758D0,194.2588100264848D0,    0000011P   1810
266.6310247487853D0,-287.5586437476338D0,192.9931384225826D0,    0000011P   1811
299.9402490165826D0,-290.3361142741164D0,191.850723805142D0,     0000011P   1812
333.3014865624176D0,-292.7481409732752D0,190.8762700749708D0,    0000011P   1813
366.6237933335473D0,-294.7723098820118D0,190.0493735513439D0,    0000011P   1814
405.5022712796408D0,-296.6693268816784D0,189.2347332634888D0,    0000011P   1815
450.0001242970404D0,-298.1542436883101D0,188.4885254626887D0,    0000011P   1816
494.4160222145122D0,-298.8136354643752D0,187.9344389563231D0,    0000011P   1817
533.3282341769921D0,-298.789217475091D0,187.5745791627702D0,     0000011P   1818
566.67756938824D0,-298.3558021101509D0,187.3847431455095D0,      0000011P   1819
599.9926066116449D0,-297.5130930572884D0,187.3486951274511D0,    0000011P   1820
633.3553893555561D0,-296.2585733033363D0,187.5021502929123D0,    0000011P   1821
666.6776649885969D0,-294.5876622110777D0,187.8073220152569D0,    0000011P   1822
700.011399110751D0,-292.4892880609567D0,188.2288568868418D0,     0000011P   1823
733.3584319483094D0,-289.9529597755856D0,188.7307869463893D0,    0000011P   1824
766.6915536166069D0,-286.9875088613849D0,189.3189984668652D0,    0000011P   1825
805.5782389116754D0,-283.0346411306247D0,190.1133689639171D0,    0000011P   1826
850.0879999794948D0,-277.808652757347D0,191.1862738655643D0,     0000011P   1827
894.4676330684658D0,-271.7757569241444D0,192.422833867552D0,     0000011P   1828
933.4043258366897D0,-265.8870055769444D0,193.5975899757708D0,    0000011P   1829
966.7270312922583D0,-260.4519512685129D0,194.6912014684203D0,    0000011P   1830
995.581348574073D0,-255.4177601061664D0,195.732308667763D0,      0000011P   1831
1020.04163792594D0,-250.9296203343455D0,196.6883461794083D0,     0000011P   1832
1040.077698250589D0,-247.1197299316441D0,197.5077659702275D0,    0000011P   1833
1060.079450686659D0,-243.1784236819059D0,198.3522606470736D0,    0000011P   1834
1080.045844795123D0,-239.1095856823464D0,199.2121190940623D0,    0000011P   1835
1110.040487824617D0,-232.78972344514D0,200.5126737615915D0,      0000011P   1836
1150.128799874055D0,-223.8419217269101D0,202.2344444486148D0,    0000011P   1837
1194.497850696315D0,-213.2221243775012D0,204.2247617179173D0,    0000011P   1838
1233.426310907496D0,-203.4001865518811D0,206.0870229446742D0,    0000011P   1839
1266.769218807563D0,-194.6412184879674D0,207.7350158285894D0,    0000011P   1840
1300.043603920229D0,-185.5527317801122D0,209.4031028109643D0,    0000011P   1841
1333.445788539389D0,-176.0583309879939D0,211.0561860258914D0,    0000011P   1842
1366.752411124416D0,-166.2656693220236D0,212.7334336110543D0,    0000011P   1843
1395.593919357506D0,-157.5383936250674D0,214.2405729031572D0,    0000011P   1844
1420.072075383611D0,-149.966791782419D0,215.5703799767706D0,     0000011P   1845
1440.108361057322D0,-143.6623904307104D0,216.6940115183812D0,    0000011P   1846
1460.117920658291D0,-137.2472950806529D0,217.8489722569025D0,    0000011P   1847
1480.089152217274D0,-130.7163761467187D0,219.0343077898177D0,    0000011P   1848
1496.39845801155D0,-125.2739928355416D0,220.029949368209D0,      0000011P   1849
1509.108017026123D0,-120.9607373965733D0,220.8187111256397D0,    0000011P   1850
1518.213969974268D0,-117.8464882652302D0,221.3891855825448D0,    0000011P   1851
1527.303415047465D0,-114.7136690287379D0,221.9614492432262D0,    0000011P   1852
1536.383572800482D0,-111.5651993129029D0,222.5339628685037D0,    0000011P   1853
1545.471729700822D0,-108.3973423038927D0,223.1042697178282D0,    0000011P   1854
1554.562884996208D0,-105.2169575564105D0,223.6708770715721D0,    0000011P   1855
1563.628373289597D0,-102.0327551637514D0,224.2298973796479D0,    0000011P   1856
1572.739191687242D0,-98.82553379682685D0,224.7804503750371D0,    0000011P   1857
1581.730762684345D0,-95.66326259346114D0,225.3222252810372D0,    0000011P   1858
1591.163039210391D0,-92.30712479579061D0,225.8395006786419D0,    0000011P   1859
1599.850803134641D0,-89.36972132792552D0,226.4444092079921D0,    0000011P   1860
1617.522489486715D0,-82.52179240535445D0,226.7623261287078D0,    0000011P   1861
1634.088064157955D0,-76.17891230732427D0,227.1934410234211D0,    0000011P   1862
1651.219107129127D0,-69.48127850330415D0,227.574665371711D0,     0000011P   1863
1668.262306598923D0,-62.73749442700586D0,227.9434085432253D0,    0000011P   1864
1685.257886112429D0,-55.93925859750768D0,228.2924069641057D0,    0000011P   1865
1702.285306834392D0,-49.07834778204368D0,228.6267424966098D0,    0000011P   1866
1719.272438498716D0,-42.19375792671564D0,228.9498356124734D0,    0000011P   1867
1736.247954757776D0,-35.27343789474485D0,229.2641401323265D0,    0000011P   1868
1753.211562377366D0,-28.31856578349981D0,229.5753986119887D0,    0000011P   1869
1770.197267236159D0,-21.30795371605176D0,229.8867073774556D0,    0000011P   1870
1787.090682335938D0,-14.28250902379827D0,230.202617642774D0,     0000011P   1871
1804.036508940007D0,-7.171252471317847D0,230.5300714899139D0,    0000011P   1872
1815.271592242736D0,-2.400781625701029D0,230.7562234196116D0,    0000011P   1873
1820.88477943173D0,1.211530875622202D-14,230.8726537517064D0,    0000011P   1874
2.861109558585984D-14,-251.846696410018D0,200.0525161032665D0,   0000011P   1875
16.64653458370424D0,-254.5192960648604D0,199.1500829024632D0,    0000011P   1876
49.94867538964414D0,-259.7075118858474D0,197.3605327492983D0,    0000011P   1877
99.9767080991347D0,-266.9854903729859D0,194.749428047753D0,      0000011P   1878
149.929997835984D0,-273.5514026929141D0,192.2281633253061D0,     0000011P   1879
194.3975403168404D0,-278.7400603074509D0,190.1629488102927D0,    0000011P   1880
233.2795392477623D0,-282.8231693314268D0,188.5480431452091D0,    0000011P   1881
266.6307541255272D0,-285.9905321194482D0,187.2825158355945D0,    0000011P   1882
299.9405347790783D0,-288.7939230028166D0,186.1263706218564D0,    0000011P   1883
333.3006169013551D0,-291.2115410276161D0,185.0708617309887D0,    0000011P   1884
366.62319252168D0,-293.2298496914794D0,184.1288600666189D0,      0000011P   1885
405.5027096790525D0,-295.1167014957037D0,183.178809256755D0,     0000011P   1886
449.9988501572393D0,-296.5995740294901D0,182.3312256293143D0,    0000011P   1887
494.4164000859809D0,-297.2764372919044D0,181.7739829956754D0,    0000011P   1888
533.3277849186603D0,-297.2873058366156D0,181.5083752248852D0,    0000011P   1889
566.6768669470772D0,-296.8845964395829D0,181.4127014531718D0,    0000011P   1890
599.9929717116662D0,-296.0597815865593D0,181.4313942764613D0,    0000011P   1891
633.3546313938167D0,-294.7971465259566D0,181.547352358906D0,     0000011P   1892
666.6775844731345D0,-293.1032398343393D0,181.768063012596D0,     0000011P   1893
700.0115660498337D0,-290.9782045865391D0,182.1035986116003D0,    0000011P   1894
733.3578440863606D0,-288.42277654162D0,182.5634567250689D0,      0000011P   1895
766.6909515381136D0,-285.4464593652917D0,183.1539328084949D0,    0000011P   1896
805.5786990742806D0,-281.4913201399618D0,184.0031682348799D0,    0000011P   1897
850.0865902446035D0,-276.2790638419119D0,185.2142081580913D0,    0000011P   1898
894.4682692878218D0,-270.2746496847345D0,186.6529581316067D0,    0000011P   1899
933.4032820359911D0,-264.4189131221581D0,188.0318452780768D0,    0000011P   1900
966.7259940993657D0,-259.0073922313316D0,189.2812519670639D0,    0000011P   1901
995.5818207013031D0,-253.9807823547913D0,190.4076608549468D0,    0000011P   1902
1020.040906360802D0,-249.4847053146042D0,191.3796545415858D0,    0000011P   1903
1040.076788825356D0,-245.6635560930853D0,192.1924748869424D0,    0000011P   1904
1060.077895868656D0,-241.7104057018312D0,193.0255963340298D0,    0000011P   1905
1080.045215874623D0,-237.6332569103526D0,193.8843020850439D0,    0000011P   1906
1110.041148627815D0,-231.3126793356611D0,195.2209828832223D0,    0000011P   1907
1150.126343729112D0,-222.4068310343906D0,197.1325903426955D0,    0000011P   1908
1194.498757774443D0,-211.8552021503917D0,199.3980981484024D0,    0000011P   1909
1233.424996634153D0,-202.076806645982D0,201.4295576574192D0,     0000011P   1910
1266.767678132037D0,-193.3485534539993D0,203.1938725479466D0,    0000011P   1911
1300.044403242534D0,-184.2889836435932D0,204.9701030902217D0,    0000011P   1912
1333.444131298326D0,-174.8279091261289D0,206.7435813393882D0,    0000011P   1913
1366.750483254705D0,-165.0711694981608D0,208.5500788061339D0,    0000011P   1914
1395.594358472742D0,-156.376967454002D0,210.1739096128087D0,     0000011P   1915
1420.071691155438D0,-148.8349499896253D0,211.6032087641804D0,    0000011P   1916
1440.108164880794D0,-142.5548804115861D0,212.8091171994567D0,    0000011P   1917
1460.117842774882D0,-136.1637675967827D0,214.0472102372023D0,    0000011P   1918
1480.089150772814D0,-129.6558879331807D0,215.3167472797651D0,    0000011P   1919
1496.399066600186D0,-124.2310143605246D0,216.3824255306099D0,    0000011P   1920
1509.107026696625D0,-119.9306354154944D0,217.2263563513683D0,    0000011P   1921
1518.212308290384D0,-116.825305681221D0,217.8366057405578D0,     0000011P   1922
1527.300830419733D0,-113.7012110546117D0,218.4486378403402D0,    0000011P   1923
1536.380340765182D0,-110.5614126143061D0,219.060815772536D0,     0000011P   1924
1545.467756054901D0,-107.4024223612345D0,219.6705171749114D0,    0000011P   1925
1554.558794266873D0,-104.2311777556932D0,220.2761593228451D0,    0000011P   1926
1563.624115866565D0,-101.0564369491735D0,220.8735792774164D0,    0000011P   1927
1572.734751833822D0,-97.85949685501504D0,221.4618547651465D0,    0000011P   1928
1581.729823630992D0,-94.70741887819762D0,222.0406683766163D0,    0000011P   1929
1591.152268856786D0,-91.36542668762093D0,222.5931272758152D0,    0000011P   1930
1599.888421049235D0,-88.43235108094892D0,223.2394527375864D0,    0000011P   1931
1617.335772455139D0,-81.64942752947565D0,223.5765536488498D0,    0000011P   1932
1633.750080717835D0,-75.36147304712833D0,224.0347678526813D0,    0000011P   1933
1650.70885608317D0,-68.72640778245051D0,224.4392699477393D0,     0000011P   1934
1667.585594182334D0,-62.04778017201495D0,224.8304199255352D0,    0000011P   1935
1684.415662963167D0,-55.31734510735191D0,225.2004847157371D0,    0000011P   1936
1701.27815672908D0,-48.52693446608028D0,225.5549577303746D0,     0000011P   1937
1718.101787564807D0,-41.7148377050276D0,225.8974707601616D0,     0000011P   1938
1734.914124165101D0,-34.86912053818733D0,226.2306179059404D0,    0000011P   1939
1751.715311646819D0,-27.99086453895586D0,226.5605459548719D0,    0000011P   1940
1768.538177200184D0,-21.05914604795323D0,226.8905545838292D0,    0000011P   1941
1785.269985941886D0,-14.11413507850763D0,227.2255117769711D0,    0000011P   1942
1802.053180945869D0,-7.085919699173665D0,227.5728610714311D0,    0000011P   1943
1813.179830258779D0,-2.372051500039502D0,227.8128315912794D0,    0000011P   1944
1818.738674637075D0,1.211530875622202D-14,227.9364110851505D0,   0000011P   1945
2.856935401943349D-14,-250.2142164504377D0,195.1727340661998D0,  0000011P   1946
16.64720751326239D0,-252.8839272429582D0,194.2103004227768D0,    0000011P   1947
49.95022465052703D0,-258.0669181070065D0,192.3022925185098D0,    0000011P   1948
99.97616472621989D0,-265.3426642524415D0,189.5319603321757D0,    0000011P   1949
149.9306240421287D0,-271.9188237776453D0,186.8829589763783D0,    0000011P   1950
194.3975422495336D0,-277.1186174065103D0,184.7073434068296D0,    0000011P   1951
233.2792927368103D0,-281.2060254264973D0,182.9797296232527D0,    0000011P   1952
266.6304835023985D0,-284.3753545767876D0,181.6158438011275D0,    0000011P   1953
299.9408205416149D0,-287.1812290904825D0,180.3690782563933D0,    0000011P   1954
333.2997472400032D0,-289.6039198877695D0,179.2401564329896D0,    0000011P   1955
366.6225917093327D0,-291.6291021505836D0,178.2396200702725D0,    0000011P   1956
405.5031480783684D0,-293.524927622773D0,177.2360662082478D0,     0000011P   1957
449.9975760192758D0,-295.0178641573465D0,176.3449457408891D0,    0000011P   1958
494.416777958769D0,-295.6940364025926D0,175.7204342497967D0,     0000011P   1959
533.3273356563216D0,-295.6887187627283D0,175.3465290936635D0,    0000011P   1960
566.6761644992737D0,-295.2716767246435D0,175.1655528272806D0,    0000011P   1961
599.99333680961D0,-294.442202957457D0,175.1479433475506D0,       0000011P   1962
633.3538734470277D0,-293.1948158089451D0,175.3181586231386D0,    0000011P   1963
666.6775039824537D0,-291.5261525899653D0,175.6442393205058D0,    0000011P   1964
700.0117329966637D0,-289.4265462569945D0,176.0970235569929D0,    0000011P   1965
733.3572561685406D0,-286.8868954926687D0,176.6466570392333D0,    0000011P   1966
766.6903493669958D0,-283.9166291824548D0,177.2983962286937D0,    0000011P   1967
805.5791592185685D0,-279.9571391535271D0,178.1846823074791D0,    0000011P   1968
850.0851808669452D0,-274.7237812520148D0,179.3871359771611D0,    0000011P   1969
894.4689057637596D0,-268.7009386331997D0,180.8337648556188D0,    0000011P   1970
933.4022374520737D0,-262.8480556337713D0,182.2883037775373D0,    0000011P   1971
966.7249556077102D0,-257.449392344067D0,183.6400585754542D0,     0000011P   1972
995.5822923036795D0,-252.4409694320667D0,184.8790866011012D0,    0000011P   1973
1020.040176361628D0,-247.9639470783932D0,185.9567230937477D0,    0000011P   1974
1040.075882727836D0,-244.1597012321161D0,186.8588997877296D0,    0000011P   1975
1060.076345353095D0,-240.2238661557673D0,187.7805461793337D0,    0000011P   1976
1080.044590608793D0,-236.1635165013816D0,188.7234187041302D0,    0000011P   1977
1110.041808416611D0,-229.8662977940906D0,190.1747305512415D0,    0000011P   1978
1150.123868738232D0,-220.9847275760124D0,192.1991631230919D0,    0000011P   1979
1194.499651314478D0,-210.4545311631548D0,194.5573049981394D0,    0000011P   1980
1233.423723789006D0,-200.6971410564769D0,196.6680466082545D0,    0000011P   1981
1266.766206174011D0,-191.9919767239396D0,198.514519989763D0,     0000011P   1982
1300.045223998068D0,-182.9644732705891D0,200.4025901513056D0,    0000011P   1983
1333.44231829722D0,-173.5497489028401D0,202.3330070064996D0,     0000011P   1984
1366.74829700471D0,-163.8447714295397D0,204.3148501951489D0,     0000011P   1985
1395.594693218637D0,-155.1936381728236D0,206.0832264771198D0,    0000011P   1986
1420.071619214632D0,-147.6829341163037D0,207.613528626716D0,     0000011P   1987
1440.108632515479D0,-141.4259835183721D0,208.8943088569507D0,    0000011P   1988
1460.118623265579D0,-135.0565397202854D0,210.2044772409115D0,    0000011P   1989
1480.089878536205D0,-128.5698151974731D0,211.5484993957069D0,    0000011P   1990
1496.399896807867D0,-123.1625131044275D0,212.6814428278538D0,    0000011P   1991
1509.10555677037D0,-118.876681823211D0,213.5836507243877D0,      0000011P   1992
1518.209585991957D0,-115.7820935357605D0,214.2379827131167D0,    0000011P   1993
1527.296584670414D0,-112.6690643246702D0,214.8958821111904D0,    0000011P   1994
1536.374886624664D0,-109.5406910465354D0,215.5553252369254D0,    0000011P   1995
1545.461097856214D0,-106.3936288421718D0,216.2132349418982D0,    0000011P   1996
1554.551714085975D0,-103.2347874025911D0,216.867649331989D0,     0000011P   1997
1563.616780654596D0,-100.0728672626032D0,217.5138409149394D0,    0000011P   1998
1572.727421428185D0,-96.88955790309882D0,218.1505562463053D0,    0000011P   1999
1581.726515848906D0,-93.75090732133565D0,218.7771821194461D0,    0000011P   2000
1591.140045197365D0,-90.42607393809925D0,219.3753651168421D0,    0000011P   2001
1599.926096844963D0,-87.50029387253372D0,220.0741743219707D0,    0000011P   2002
1617.151483453119D0,-80.78501964269971D0,220.4414393066917D0,    0000011P   2003
1633.417959547507D0,-74.55416061101181D0,220.9374013158681D0,    0000011P   2004
1650.208736283354D0,-67.98317427061571D0,221.3746668416122D0,    0000011P   2005
1666.924092460442D0,-61.37059751069108D0,221.7966653914445D0,    0000011P   2006
1683.594516165456D0,-54.70828504496605D0,222.195313292705D0,     0000011P   2007
1700.298710576562D0,-47.98816731119029D0,222.576634401341D0,     0000011P   2008
1716.966205865418D0,-41.247870726663D0,222.9445907211898D0,      0000011P   2009
1733.623441505247D0,-34.47562130589574D0,223.3020355274516D0,    0000011P   2010
1750.270976700056D0,-27.67244754805867D0,223.6556387327742D0,    0000011P   2011
1766.940435687716D0,-20.81773346106656D0,224.0090222590536D0,    0000011P   2012
1783.520711435914D0,-13.95095518992414D0,224.3674897547063D0,    0000011P   2013
1800.151964565322D0,-7.003311556908055D0,224.7391051061749D0,    0000011P   2014
1811.177701103443D0,-2.344249751318839D0,224.995825375397D0,     0000011P   2015
1816.686057917411D0,1.211530875622201D-14,225.1280437812045D0,   0000011P   2016
2.852306693224926D-14,-248.57460708029D0,190.4179626759377D0,    0000011P   2017
16.64788044282057D0,-251.2350253034315D0,189.3800631250365D0,    0000011P   2018
49.95177391140572D0,-256.4007552756344D0,187.3247495092226D0,    0000011P   2019
99.97562135330095D0,-263.6585502755096D0,184.3569099763247D0,    0000011P   2020
149.9312502482948D0,-270.2315793241813D0,181.5455960173619D0,    0000011P   2021
194.3975441822427D0,-275.4326728984474D0,179.2355536510217D0,    0000011P   2022
233.2790462258115D0,-279.5172437899639D0,177.3815535013455D0,    0000011P   2023
266.630212879192D0,-282.6832071495737D0,175.9106468352173D0,     0000011P   2024
299.9411063041268D0,-285.4867926326742D0,174.5656953942394D0,    0000011P   2025
333.2988775788255D0,-287.910118729418D0,173.3549370978577D0,     0000011P   2026
366.6219908972743D0,-289.9385892000958D0,172.2884186025496D0,    0000011P   2027
405.5035864777419D0,-291.8408006745973D0,171.2259406849058D0,    0000011P   2028
449.9963018802064D0,-293.3439728797705D0,170.2927724843941D0,    0000011P   2029
494.4171558307633D0,-294.0378633036662D0,169.6717944328228D0,    0000011P   2030
533.3268863963946D0,-294.0563067899871D0,169.3458140616117D0,    0000011P   2031
566.6754620554669D0,-293.6576178945401D0,169.2078819581266D0,    0000011P   2032
599.9937019088044D0,-292.8367677971982D0,169.2067678193822D0,    0000011P   2033
633.3531154912414D0,-291.5806391530727D0,169.3384183346896D0,    0000011P   2034
666.6774234768586D0,-289.8947107919651D0,169.6040522825857D0,    0000011P   2035
700.0118999388313D0,-287.7782457719503D0,170.0078488212496D0,    0000011P   2036
733.3566682843461D0,-285.2310836614311D0,170.5533225606523D0,    0000011P   2037
766.689747251623D0,-282.2633161250554D0,171.2459572453874D0,     0000011P   2038
805.5796193738809D0,-278.3192159876224D0,172.2328243480756D0,    0000011P   2039
850.0837712742911D0,-273.1227100943623D0,173.6262590828946D0,    0000011P   2040
894.4695420852776D0,-267.1270765052953D0,175.2355350474579D0,    0000011P   2041
933.4011933395285D0,-261.2678464687821D0,176.7239951273475D0,    0000011P   2042
966.7239178977012D0,-255.8570682508059D0,178.079413617122D0,     0000011P   2043
995.5827642219333D0,-250.8448716800884D0,179.3421207066475D0,    0000011P   2044
1020.039445419995D0,-246.3779437113971D0,180.4825223104959D0,    0000011P   2045
1040.074974627569D0,-242.5877674823429D0,181.4543480089685D0,    0000011P   2046
1060.074792248157D0,-238.6694933030071D0,182.4556776089013D0,    0000011P   2047
1080.04396314344D0,-234.6278384249347D0,183.4801782643494D0,     0000011P   2048
1110.042468815915D0,-228.3571603137142D0,185.0449213823766D0,    0000011P   2049
1150.121405089576D0,-219.4998590160316D0,187.1706390916992D0,    0000011P   2050
1194.500553002267D0,-209.0045009186366D0,189.6566305248741D0,    0000011P   2051
1233.42242601075D0,-199.304449389089D0,191.9594053488523D0,      0000011P   2052
1266.764692859105D0,-190.6538727130365D0,193.9853702772143D0,    0000011P   2053
1300.046031854248D0,-181.6736136324514D0,196.0272703431957D0,    0000011P   2054
1333.440599038603D0,-172.287261394636D0,198.0447057569297D0,     0000011P   2055
1366.74626625808D0,-162.6038796288846D0,200.0912612227165D0,     0000011P   2056
1395.595090778087D0,-153.9774511588985D0,201.9353039067943D0,    0000011P   2057
1420.071359327071D0,-146.5002785240862D0,203.5690128287834D0,    0000011P   2058
1440.108700642604D0,-140.2754592140301D0,204.9513757724965D0,    0000011P   2059
1460.118887153154D0,-133.9401090388196D0,206.3722985242831D0,    0000011P   2060
1480.09016743378D0,-127.4865956326451D0,207.8286815306225D0,     0000011P   2061
1496.400593636535D0,-122.1033414504723D0,209.0487960285265D0,    0000011P   2062
1509.10437548421D0,-117.8334157173777D0,210.0125378447138D0,     0000011P   2063
1518.207502012861D0,-114.7491020367969D0,210.7084699532466D0,    0000011P   2064
1527.293338649063D0,-111.6454507410295D0,211.4056334546121D0,    0000011P   2065
1536.370769834013D0,-108.5258137518955D0,212.1023135967365D0,    0000011P   2066
1545.456055326423D0,-105.387208637365D0,212.7956741781209D0,     0000011P   2067
1554.546433073999D0,-102.2367366064343D0,213.4840698682607D0,    0000011P   2068
1563.611297776437D0,-99.0832598645011D0,214.1629043546733D0,     0000011P   2069
1572.721830669974D0,-95.90907974727591D0,214.8312887550635D0,    0000011P   2070
1581.724633660456D0,-92.77945013156354D0,215.489009798683D0,     0000011P   2071
1591.128696194249D0,-89.46768347730442D0,216.116949219617D0,     0000011P   2072
1599.96373780556D0,-86.54526815523843D0,216.8521999981379D0,     0000011P   2073
1616.965733167909D0,-79.89439350300707D0,217.2350625308681D0,    0000011P   2074
1633.08231023384D0,-73.71830865312437D0,217.7563552990567D0,     0000011P   2075
1649.702519103197D0,-67.2101994844806D0,218.2170910865474D0,     0000011P   2076
1666.25343634732D0,-60.66350117574753D0,218.6634828561924D0,     0000011P   2077
1682.76068479471D0,-54.07007809973612D0,219.0868102723265D0,     0000011P   2078
1699.302591101257D0,-47.42186909121195D0,219.4933415741372D0,    0000011P   2079
1715.809518128511D0,-40.7557473648309D0,219.8870829179079D0,     0000011P   2080
1732.306790731137D0,-34.06000907250773D0,220.2708606925196D0,    0000011P   2081
1748.79539680326D0,-27.33553947607144D0,220.6515818754296D0,     0000011P   2082
1765.305772233367D0,-20.5619400876166D0,221.0329045728796D0,     0000011P   2083
1781.728452443111D0,-13.77790302070957D0,221.4202820368664D0,    0000011P   2084
1798.201330202867D0,-6.915647688234057D0,221.8221124424644D0,    0000011P   2085
1809.121627404704D0,-2.314748569121974D0,222.0997239728878D0,    0000011P   2086
1814.577176416232D0,1.211530875622202D-14,222.2426482482028D0,   0000011P   2087
2.84779978136815D-14,-246.886086216197D0,185.670164387057D0,     0000011P   2088
16.64855337237873D0,-249.5369355130507D0,184.5605053152269D0,    0000011P   2089
49.95332317228576D0,-254.6850061081654D0,182.3656587617021D0,    0000011P   2090
99.97507798038329D0,-261.9225454404431D0,179.2055562858768D0,    0000011P   2091
149.9318764544539D0,-268.4862701143319D0,176.2232976084218D0,    0000011P   2092
194.3975461149465D0,-273.6855175424072D0,173.7787636066189D0,    0000011P   2093
233.2787997148278D0,-277.7703942808444D0,171.8183237820744D0,    0000011P   2094
266.6299422560105D0,-280.9386746608649D0,170.2673674608463D0,    0000011P   2095
299.9413920666465D0,-283.7476016706315D0,168.8572826841825D0,    0000011P   2096
333.2980079175908D0,-286.1801023231496D0,167.6000380195512D0,    0000011P   2097
366.6213900851217D0,-288.2172042883831D0,166.4917563900131D0,    0000011P   2098
405.5040248770966D0,-290.1235390003094D0,165.3700240306091D0,    0000011P   2099
449.9950277414971D0,-291.615460772663D0,164.3314752279249D0,     0000011P   2100
494.4175337030158D0,-292.2929456463322D0,163.6013812827655D0,    0000011P   2101
533.3264371356825D0,-292.3033470963673D0,163.2077631629189D0,    0000011P   2102
566.6747596103591D0,-291.9036556223861D0,163.038931785768D0,     0000011P   2103
599.9940670075915D0,-291.0891927264129D0,163.0421493334202D0,    0000011P   2104
633.3523575383837D0,-289.8484364113053D0,163.2215788813217D0,    0000011P   2105
666.6773429761181D0,-288.1815405171373D0,163.5581878395822D0,    0000011P   2106
700.0120668825166D0,-286.0825420246551D0,164.0361037730883D0,    0000011P   2107
733.3560803892067D0,-283.5460337364224D0,164.6386999467038D0,    0000011P   2108
766.689145118105D0,-280.5833733350934D0,165.3745139474591D0,     0000011P   2109
805.5800795256042D0,-276.6402643551618D0,166.3991051415693D0,    0000011P   2110
850.0823617516171D0,-271.4402218668875D0,167.8227217130442D0,    0000011P   2111
894.470178457058D0,-265.4486978327356D0,169.4937108061445D0,     0000011P   2112
933.4001490735512D0,-259.6092334508177D0,171.0935415236043D0,    0000011P   2113
966.7228799332664D0,-254.2204348934209D0,172.5615256632785D0,    0000011P   2114
995.5832360373692D0,-249.2266713881975D0,173.9170826699305D0,    0000011P   2115
1020.038714785133D0,-244.7717763517667D0,175.1195538884371D0,    0000011P   2116
1040.074067179195D0,-240.9905078999972D0,176.1365771376805D0,    0000011P   2117
1060.07323998606D0,-237.0815228552094D0,177.1818884043556D0,     0000011P   2118
1080.04333639403D0,-233.0508214985956D0,178.2536970129187D0,     0000011P   2119
1110.043129016498D0,-226.8013165156663D0,179.901342150354D0,     0000011P   2120
1150.118937749031D0,-217.9886301132144D0,182.1814314047639D0,    0000011P   2121
1194.501452037966D0,-207.5454838221454D0,184.8380178085864D0,    0000011P   2122
1233.421136348207D0,-197.8782389331974D0,187.2370811040267D0,    0000011P   2123
1266.763193005842D0,-189.2539151630041D0,189.3366330319306D0,    0000011P   2124
1300.046843909159D0,-180.3053947955118D0,191.4707622919259D0,    0000011P   2125
1333.438849266853D0,-170.9650530777303D0,193.6266642365276D0,    0000011P   2126
1366.744184895183D0,-161.3352244969814D0,195.8383446330235D0,    0000011P   2127
1395.595467891756D0,-152.7571275244897D0,197.8314166476797D0,    0000011P   2128
1420.071160616081D0,-145.3195114971979D0,199.5831897305246D0,    0000011P   2129
1440.108898809236D0,-139.1256865988714D0,201.05861328907D0,      0000011P   2130
1460.119319194781D0,-132.8197761407246D0,202.57000912087D0,      0000011P   2131
1480.090599181954D0,-126.3938642548065D0,204.1154965138626D0,    0000011P   2132
1496.401333880004D0,-121.0313782053727D0,205.4084900944444D0,    0000011P   2133
1509.103100245845D0,-116.7767405260318D0,206.4294167956435D0,    0000011P   2134
1518.205210261148D0,-113.7030177276916D0,207.1665016461848D0,    0000011P   2135
1527.289767216766D0,-110.6097063829552D0,207.9047673103664D0,    0000011P   2136
1536.36621773666D0,-107.5003004456946D0,208.6424241099587D0,     0000011P   2137
1545.450486897227D0,-104.3720668778614D0,209.3764929346214D0,    0000011P   2138
1554.540566433453D0,-101.2321853732633D0,210.1052611617D0,       0000011P   2139
1563.605211964564D0,-98.08956677471338D0,210.8238798027222D0,    0000011P   2140
1572.71567365741D0,-94.9270112395688D0,211.5314406817758D0,      0000011P   2141
1581.722287442002D0,-91.80886549100868D0,212.2277466082395D0,    0000011P   2142
1591.11706249095D0,-88.51248299495555D0,212.8925306120377D0,     0000011P   2143
1600.001390104975D0,-85.59570678752361D0,213.671185237731D0,     0000011P   2144
1616.780458529634D0,-79.0112017152611D0,214.0756312081541D0,     0000011P   2145
1632.747809329037D0,-72.89143657154466D0,214.6268978123391D0,    0000011P   2146
1649.198286617241D0,-66.44720162955156D0,215.1140439874513D0,    0000011P   2147
1665.585759983889D0,-59.96687683266046D0,215.5862239794941D0,    0000011P   2148
1681.930982246039D0,-53.44238268798016D0,216.0342386176168D0,    0000011P   2149
1698.311898784044D0,-46.86571290250703D0,216.4647583520663D0,    0000011P   2150
1714.659700396087D0,-40.27303396346853D0,216.8819913193919D0,    0000011P   2151
1730.998592565016D0,-33.65275863539751D0,217.2888948499744D0,    0000011P   2152
1747.329987121816D0,-27.00567541799676D0,217.6927708139003D0,    0000011P   2153
1763.68312685233D0,-20.31164980275553D0,218.0974713295762D0,     0000011P   2154
1779.95018487892D0,-13.6086363470167D0,218.5087570803988D0,      0000011P   2155
1796.266781368401D0,-6.829921529485991D0,218.9355183578939D0,    0000011P   2156
1807.08311262742D0,-2.285897428244729D0,219.2304152460872D0,     0000011P   2157
1812.486609072833D0,1.211530875622202D-14,219.3822479650113D0,   0000011P   2158
2.843260234140656D-14,-245.1206747445299D0,180.8714245840307D0,  0000011P   2159
16.6492263019369D0,-247.7791166525542D0,179.7399505443791D0,     0000011P   2160
49.95487243316575D0,-252.9381849573799D0,177.4900822292802D0,    0000011P   2161
99.97453460746564D0,-260.171917381305D0,174.1926118870903D0,     0000011P   2162
149.9325026606134D0,-266.7067979815012D0,170.9969365805509D0,    0000011P   2163
194.3975480476507D0,-271.8802613662462D0,168.362175437368D0,     0000011P   2164
233.2785532038433D0,-275.958136740127D0,166.2831282721934D0,     0000011P   2165
266.6296716328278D0,-279.1231415882344D0,164.6408875324769D0,    0000011P   2166
299.9416778291662D0,-281.9238535096505D0,163.1278652542488D0,    0000011P   2167
333.2971382563605D0,-284.3354403179246D0,161.7342016997394D0,    0000011P   2168
366.6207892729757D0,-286.3513686036008D0,160.4952548544392D0,    0000011P   2169
405.5044632764528D0,-288.2468853455811D0,159.2734024562909D0,    0000011P   2170
449.9937536027638D0,-289.7664814954114D0,158.2600397818504D0,    0000011P   2171
494.4179115752511D0,-290.4801559071779D0,157.5961399047827D0,    0000011P   2172
533.3259878750226D0,-290.4996582051467D0,157.1990106536646D0,    0000011P   2173
566.674057165338D0,-290.09823794776D0,157.0033356416296D0,       0000011P   2174
599.9944321064057D0,-289.2783753175945D0,156.9742716156365D0,    0000011P   2175
633.35159958533D0,-288.0344950277221D0,157.1344088187076D0,      0000011P   2176
666.6772624750531D0,-286.3694357915368D0,157.4743014154015D0,    0000011P   2177
700.0122338261007D0,-284.2800162229593D0,157.9878525460196D0,    0000011P   2178
733.3554924947989D0,-281.7636138007922D0,158.6682062165049D0,    0000011P   2179
766.6885429858002D0,-278.8219974783839D0,159.4915061860239D0,    0000011P   2180
805.5805396775685D0,-274.8933568967722D0,160.5917116225479D0,    0000011P   2181
850.0809522242688D0,-269.6796738994077D0,162.0096773931965D0,    0000011P   2182
894.4708148254813D0,-263.6777637944946D0,163.6879173886048D0,    0000011P   2183
933.3991048178249D0,-257.8613823765807D0,165.3937948860556D0,    0000011P   2184
966.7218419858294D0,-252.504605221647D0,166.9898516732546D0,     0000011P   2185
995.5837078596743D0,-247.5409163857323D0,168.4612635008589D0,    0000011P   2186
1020.037984129776D0,-243.1076597811816D0,169.746442594034D0,     0000011P   2187
1040.07315968727D0,-239.3425093782197D0,170.8243229205198D0,     0000011P   2188
1060.071687667655D0,-235.4488595054074D0,171.9260615934259D0,    0000011P   2189
1080.042709596791D0,-231.4334900467677D0,173.0524484986259D0,    0000011P   2190
1110.043789230358D0,-225.2084765392359D0,174.7831961111897D0,    0000011P   2191
1150.116470655134D0,-216.4354151548011D0,177.1858803817933D0,    0000011P   2192
1194.502351250846D0,-206.0410430533587D0,179.9856663609518D0,    0000011P   2193
1233.419846143473D0,-196.417659400202D0,182.506000734229D0,      0000011P   2194
1266.761692253238D0,-187.8342193024421D0,184.7183292371018D0,    0000011P   2195
1300.047655683564D0,-178.9326771085857D0,186.9856658606289D0,    0000011P   2196
1333.437101533618D0,-169.6496169963085D0,189.306703042281D0,     0000011P   2197
1366.742106913846D0,-160.0784463111681D0,191.689635494485D0,     0000011P   2198
1395.595846371361D0,-151.545856290972D0,193.8138556434042D0,     0000011P   2199
1420.070957818023D0,-144.13919259785D0,195.6491527471555D0,      0000011P   2200
1440.109088288221D0,-137.9672739351436D0,197.1832041781125D0,    0000011P   2201
1460.119740002415D0,-131.6814846416165D0,198.7503932640122D0,    0000011P   2202
1480.091021386601D0,-125.2754264428823D0,200.3559160615733D0,    0000011P   2203
1496.402071223028D0,-119.9301239719779D0,201.7073717571096D0,    0000011P   2204
1509.101831284216D0,-115.6903872364848D0,202.7823084662767D0,    0000011P   2205
1518.202932390256D0,-112.6279219643501D0,203.5614327020609D0,    0000011P   2206
1527.286217524444D0,-109.546423047405D0,204.3443857839362D0,     0000011P   2207
1536.36169472117D0,-106.4493882438576D0,205.1288398475939D0,     0000011P   2208
1545.444953602189D0,-103.3341956819252D0,205.9112096139293D0,    0000011P   2209
1554.534738917436D0,-100.2079653125114D0,206.6892519082147D0,    0000011P   2210
1563.599166433338D0,-97.07951838812825D0,207.4574018060649D0,    0000011P   2211
1572.709554475027D0,-93.93201566006425D0,208.2142685780277D0,    0000011P   2212
1581.71997222435D0,-90.82875847015677D0,208.9592078536855D0,     0000011P   2213
1591.105447807831D0,-87.55100306259455D0,209.6703406988788D0,    0000011P   2214
1600.039041646869D0,-84.64311686214174D0,210.5017850713641D0,    0000011P   2215
1616.595152114458D0,-78.1279271082857D0,210.9360318063193D0,     0000011P   2216
1632.41323170162D0,-72.06698260890452D0,211.5238520548457D0,     0000011P   2217
1648.693921538328D0,-65.6884799674886D0,212.0418303282434D0,     0000011P   2218
1664.917884550081D0,-59.27580072643718D0,212.542252631648D0,     0000011P   2219
1681.101003860047D0,-52.82097836147051D0,213.0156314350042D0,    0000011P   2220
1697.320843890599D0,-46.3161182861294D0,213.4692298755993D0,     0000011P   2221
1713.509423694109D0,-39.79673709452658D0,213.9076485462293D0,    0000011P   2222
1729.689829699158D0,-33.25142099812665D0,214.3341661947564D0,    0000011P   2223
1745.863897991148D0,-26.68091856881981D0,214.7566700598768D0,    0000011P   2224
1762.059678570834D0,-20.06541611180365D0,215.1793967481432D0,    0000011P   2225
1778.170982578838D0,-13.44218746251125D0,215.6086048503333D0,    0000011P   2226
1794.331157895972D0,-6.74564299978396D0,216.053867250405D0,      0000011P   2227
1805.043424778068D0,-2.257530795581973D0,216.3615941049072D0,    0000011P   2228
1810.394818201726D0,1.211530875622202D-14,216.5200970947283D0,   0000011P   2229
2.838729431534308D-14,-243.3237925024547D0,176.1585473311204D0,  0000011P   2230
16.64989923149507D0,-245.9614425891177D0,174.9288265182015D0,    0000011P   2231
49.95642169404519D0,-251.0820413375306D0,172.4914710047742D0,    0000011P   2232
99.97399123454741D0,-258.2857402658197D0,168.993648906708D0,     0000011P   2233
149.9331288667756D0,-264.8394194097259D0,165.7313182875741D0,    0000011P   2234
194.3975499803567D0,-270.0256738941279D0,163.0247201724628D0,    0000011P   2235
233.2783066928528D0,-274.0772188105964D0,160.7779804377073D0,    0000011P   2236
266.6294010096352D0,-277.2138018721375D0,158.9800689138522D0,    0000011P   2237
299.9419635916824D0,-280.0002113377811D0,157.3592551418181D0,    0000011P   2238
333.2962685951509D0,-282.4312941866447D0,155.9651007797429D0,    0000011P   2239
366.6201884608646D0,-284.4766253859145D0,154.7599252133634D0,    0000011P   2240
405.5049016758158D0,-286.3900814823656D0,153.5329153804741D0,    0000011P   2241
449.9924794638956D0,-287.8672313798947D0,152.3301476107073D0,    0000011P   2242
494.4182894473897D0,-288.5365585840702D0,151.482689255617D0,     0000011P   2243
533.3255386146568D0,-288.5692473711782D0,151.0938216159084D0,    0000011P   2244
566.6733547208042D0,-288.1958646569771D0,150.9627758293099D0,    0000011P   2245
599.9947972053727D0,-287.4018626497427D0,150.9980169718648D0,    0000011P   2246
633.3508416311812D0,-286.162838950351D0,151.1642839979731D0,     0000011P   2247
666.6771819721722D0,-284.4906781350699D0,151.4792865959045D0,    0000011P   2248
700.0124007691164D0,-282.3913356790933D0,151.9642530114338D0,    0000011P   2249
733.3549046044843D0,-279.8713307657506D0,152.63964774965D0,      0000011P   2250
766.6879408602815D0,-276.9359020341097D0,153.4925383973404D0,    0000011P   2251
805.5809998308735D0,-273.0299816632468D0,154.6803787716746D0,    0000011P   2252
850.079542670741D0,-267.8705560530531D0,156.2928006269691D0,     0000011P   2253
894.4714511751017D0,-261.9199218604323D0,158.1583923655996D0,    0000011P   2254
933.3980606194937D0,-256.1200492139318D0,159.9347840424973D0,    0000011P   2255
966.7208041335672D0,-250.7683336963199D0,161.5604167152771D0,    0000011P   2256
995.5841797204411D0,-245.8104814471637D0,163.059539804346D0,     0000011P   2257
1020.037253359663D0,-241.3897180758448D0,164.3891033170448D0,    0000011P   2258
1040.072251951486D0,-237.6385384339278D0,165.513462249635D0,     0000011P   2259
1060.070135033962D0,-233.7617575289001D0,166.6689201071114D0,    0000011P   2260
1080.042082531733D0,-229.7652693266933D0,167.8534924919931D0,    0000011P   2261
1110.044449518554D0,-223.5706094922957D0,169.6742095364654D0,    0000011P   2262
1150.114004942286D0,-214.8403651793282D0,172.193178910174D0,     0000011P   2263
1194.503251455811D0,-204.5058707975661D0,175.1539578382894D0,    0000011P   2264
1233.418552902834D0,-194.952520805349D0,177.8654889711732D0,     0000011P   2265
1266.760186464939D0,-186.4292488217613D0,180.2411650151765D0,    0000011P   2266
1300.048465887317D0,-177.5762592317699D0,182.635876081232D0,     0000011P   2267
1333.435365214648D0,-168.3196360605636D0,185.0122933293548D0,    0000011P   2268
1366.740047866898D0,-158.7678100128804D0,187.4303960982632D0,    0000011P   2269
1395.596232499266D0,-150.2602569213883D0,189.6128560964666D0,    0000011P   2270
1420.070732135206D0,-142.8906958875369D0,191.5466753087883D0,    0000011P   2271
1440.109229122395D0,-136.7553600596008D0,193.1831723961896D0,    0000011P   2272
1460.120097907456D0,-130.5091310139196D0,194.8656163452352D0,    0000011P   2273
1480.091390154099D0,-124.1422580788818D0,196.5904065458705D0,    0000011P   2274
1496.402792325565D0,-118.8258971304637D0,198.035652837208D0,     0000011P   2275
1509.100597467961D0,-114.6056429672441D0,199.1772549328933D0,    0000011P   2276
1518.200732242357D0,-111.555914121336D0,200.0016272956577D0,     0000011P   2277
1527.282789560925D0,-108.4861579347711D0,200.8274456360983D0,    0000011P   2278
1536.357334543977D0,-105.4001318283908D0,201.6526735497128D0,    0000011P   2279
1545.439617034111D0,-102.2955809549753D0,202.4739492345176D0,    0000011P   2280
1554.529130471695D0,-99.17982138082098D0,203.2893286095971D0,    0000011P   2281
1563.593346445847D0,-96.06184062643645D0,204.0933604605387D0,    0000011P   2282
1572.703647115468D0,-92.92541589533839D0,204.8850011502358D0,    0000011P   2283
1581.717830589726D0,-89.83305900631972D0,205.6639887743598D0,    0000011P   2284
1591.093939624549D0,-86.57018484013258D0,206.4076620805528D0,    0000011P   2285
1600.076688947169D0,-83.66760124013393D0,207.2784172497576D0,    0000011P   2286
1616.40966777062D0,-77.21885466232529D0,207.7311170255991D0,     0000011P   2287
1632.078224480663D0,-71.21480685295644D0,208.347025476292D0,     0000011P   2288
1648.188814030624D0,-64.9012040759421D0,208.8908934985976D0,     0000011P   2289
1664.24889445994D0,-58.55632427288296D0,209.4177977359444D0,     0000011P   2290
1680.269480975978D0,-52.17220868829149D0,209.9176211782326D0,    0000011P   2291
1696.327758821215D0,-45.74096924243376D0,210.3978785289507D0,    0000011P   2292
1712.356577080296D0,-39.29736743648859D0,210.8632217163018D0,    0000011P   2293
1728.377904905625D0,-32.83005772903313D0,211.3169097847897D0,    0000011P   2294
1744.394004415104D0,-26.3396435643258D0,211.7670742208809D0,     0000011P   2295
1760.431734602485D0,-19.80652686145337D0,212.2179949984348D0,    0000011P   2296
1776.386546404739D0,-13.2671955341199D0,212.6760874947702D0,     0000011P   2297
1792.389517194757D0,-6.657078661483213D0,213.1512660654379D0,    0000011P   2298
1802.997168537073D0,-2.227742857815611D0,213.4795075078632D0,    0000011P   2299
1808.296176422308D0,1.211530875622202D-14,213.6484848733154D0,   0000011P   2300
2.834196285813765D-14,-241.4451102794832D0,171.4165258606095D0,  0000011P   2301
16.65057216105323D0,-244.0729986759437D0,170.1240932415396D0,    0000011P   2302
49.95797095492482D0,-249.174834965533D0,167.5638365106856D0,     0000011P   2303
99.9734478616294D0,-256.3550838116249D0,163.8942200320132D0,     0000011P   2304
149.9337550729368D0,-262.8953372805246D0,160.4768686205123D0,    0000011P   2305
194.3975519130622D0,-268.0736409467787D0,157.6460943877145D0,    0000011P   2306
233.2780601818646D0,-272.1171954205362D0,155.2992991090014D0,    0000011P   2307
266.6291303864463D0,-275.2458409460461D0,153.417543152495D0,     0000011P   2308
299.9422493542001D0,-278.02307288477D0,151.7111087537244D0,      0000011P   2309
333.2953989339345D0,-280.4434413369179D0,150.2259389050055D0,    0000011P   2310
366.6195876487417D0,-282.4813952794332D0,148.9425926473875D0,    0000011P   2311
405.5053400751765D0,-284.3955612382936D0,147.6606493234542D0,    0000011P   2312
449.9912053250737D0,-285.8945936965508D0,146.4772491261252D0,    0000011P   2313
494.4186673195615D0,-286.5842799132895D0,145.6548347346553D0,    0000011P   2314
533.3250893541893D0,-286.6141219959904D0,145.2250577199947D0,    0000011P   2315
566.6726522761024D0,-286.2320816545099D0,145.04285870566D0,      0000011P   2316
599.9951623042869D0,-285.4310637041183D0,145.0379295294788D0,    0000011P   2317
633.3500836774091D0,-284.1946190365511D0,145.2021296156631D0,    0000011P   2318
666.6771014699165D0,-282.5318989374446D0,145.542345113952D0,     0000011P   2319
700.0125677123282D0,-280.4462233280863D0,146.0691702065068D0,    0000011P   2320
733.3543167127614D0,-277.9414665754684D0,146.7923842834035D0,    0000011P   2321
766.6873387324276D0,-275.0190534473768D0,147.688063075668D0,     0000011P   2322
805.5814599837181D0,-271.1212826644893D0,148.9071474765574D0,    0000011P   2323
850.0781331262263D0,-265.955030804668D0,150.5102045985329D0,     0000011P   2324
894.472087531195D0,-260.0044115350454D0,152.3887529021979D0,     0000011P   2325
933.3970164014047D0,-254.2296276871142D0,154.2486524457939D0,    0000011P   2326
966.719766248542D0,-248.9121381926392D0,155.9816193960044D0,     0000011P   2327
995.5846515679677D0,-243.9913472779494D0,157.5926081373296D0,    0000011P   2328
1020.036522629053D0,-239.604742042854D0,159.0213181042658D0,     0000011P   2329
1040.071344299648D0,-235.8822997227771D0,160.2272366564177D0,    0000011P   2330
1060.068582508803D0,-232.0341278964025D0,161.4620837802712D0,    0000011P   2331
1080.041455558868D0,-228.0651945721079D0,162.7214827562515D0,    0000011P   2332
1110.04510978116D0,-221.9092577487505D0,164.6441872369624D0,     0000011P   2333
1150.111538754026D0,-213.221920297534D0,167.2663752266156D0,     0000011P   2334
1194.504151319261D0,-202.932410726877D0,170.3277482216653D0,     0000011P   2335
1233.417260707276D0,-193.4270141311975D0,173.1443607202459D0,    0000011P   2336
1266.758682410128D0,-184.9522977492068D0,175.6322118497134D0,    0000011P   2337
1300.049276631751D0,-176.1571849117422D0,178.1715859624005D0,    0000011P   2338
1333.433624966429D0,-166.9710327073636D0,180.7354502074016D0,    0000011P   2339
1366.737982301973D0,-157.4900991524143D0,183.3467092444211D0,    0000011P   2340
1395.59661599432D0,-149.0349939419885D0,185.6691096024644D0,     0000011P   2341
1420.070514330241D0,-141.697849976376D0,187.6802876448995D0,     0000011P   2342
1440.109386702066D0,-135.5837362281866D0,189.3646753896454D0,    0000011P   2343
1460.120477466095D0,-129.3558998519913D0,191.0892171079467D0,    0000011P   2344
1480.091777316809D0,-123.0069488725586D0,192.8601115875938D0,    0000011P   2345
1496.40351901873D0,-117.7067116510009D0,194.3544456882405D0,     0000011P   2346
1509.099351553258D0,-113.5012204791396D0,195.5451763710049D0,    0000011P   2347
1518.198505339084D0,-110.4629239437007D0,196.4090539662194D0,    0000011P   2348
1527.279319693467D0,-107.4053928275945D0,197.2778636930071D0,    0000011P   2349
1536.352918311307D0,-104.3323525685418D0,198.1489050374741D0,    0000011P   2350
1545.434212744717D0,-101.2416236981323D0,199.0180841055592D0,    0000011P   2351
1554.523446613173D0,-98.14042675230174D0,199.8828003409604D0,    0000011P   2352
1563.587448817151D0,-95.03762387380129D0,200.7367606700395D0,    0000011P   2353
1572.697666837992D0,-91.9173170726224D0,201.5783129788366D0,     0000011P   2354
1581.715629200858D0,-88.84093699875984D0,202.4066222599138D0,    0000011P   2355
1591.082394779749D0,-85.59776552377562D0,203.1972893735164D0,    0000011P   2356
1600.114337707596D0,-82.70520657495689D0,204.1213597680778D0,    0000011P   2357
1616.224244676971D0,-76.32689959888319D0,204.6040225692773D0,    0000011P   2358
1631.743365143048D0,-70.382763305694D0,205.2562031306698D0,      0000011P   2359
1647.683962096711D0,-64.13586771855694D0,205.8302156577087D0,    0000011P   2360
1663.580288079251D0,-57.85950709262074D0,206.3843203281362D0,    0000011P   2361
1679.438489770143D0,-51.54585035553687D0,206.9081635478292D0,    0000011P   2362
1695.33537261988D0,-45.18713584864332D0,207.4099044824982D0,     0000011P   2363
1711.204615133292D0,-38.81748989453165D0,207.8946392917745D0,    0000011P   2364
1727.067068574516D0,-32.42575511323824D0,208.3660002128245D0,    0000011P   2365
1742.925420481867D0,-26.01250973573643D0,208.8327558759062D0,    0000011P   2366
1758.805338230005D0,-19.55849120934883D0,209.2996225182064D0,    0000011P   2367
1774.60391194016D0,-13.09952144039716D0,209.7735651996063D0,     0000011P   2368
1790.449947865218D0,-6.572168122702395D0,210.2652326432704D0,    0000011P   2369
1800.953173400132D0,-2.199160457986804D0,210.6050370135538D0,    0000011P   2370
1806.19989300052D0,1.211530875622202D-14,210.780078375192D0,     0000011P   2371
2.829663767928778D-14,-239.5324695070777D0,166.7817410285949D0,  0000011P   2372
16.6512450906114D0,-242.1626480607482D0,165.4588661295684D0,     0000011P   2373
49.95952021580395D0,-247.2657686309834D0,162.8305966151645D0,    0000011P   2374
99.97290448871085D0,-254.4198626414875D0,158.9917824726545D0,    0000011P   2375
149.9343812791005D0,-260.8907195234086D0,155.2917681637796D0,    0000011P   2376
194.3975538457694D0,-266.0188888001985D0,152.2429203875847D0,    0000011P   2377
233.2778136708708D0,-270.0628532309663D0,149.826240358341D0,     0000011P   2378
266.6288597632482D0,-273.202001105849D0,147.9143346416525D0,     0000011P   2379
299.9425351167146D0,-275.9800408876647D0,146.1549596808175D0,    0000011P   2380
333.2945292727376D0,-278.3716637595529D0,144.5419180765465D0,    0000011P   2381
366.6189868366514D0,-280.3718391265389D0,143.1104364562361D0,    0000011P   2382
405.5057784745436D0,-282.2549304750629D0,141.6954741522752D0,    0000011P   2383
449.9899311861253D0,-283.7705028157894D0,140.507131431738D0,     0000011P   2384
494.4190451916426D0,-284.487848078194D0,139.7176978236844D0,     0000011P   2385
533.3246400939988D0,-284.5126442687156D0,139.2443341225674D0,    0000011P   2386
566.6719498318589D0,-284.1201223227483D0,139.012856637818D0,     0000011P   2387
599.9955274033447D0,-283.3162633267322D0,138.9845564969281D0,    0000011P   2388
633.3493257226068D0,-282.0985108487676D0,139.1891708798717D0,    0000011P   2389
666.6770209659525D0,-280.4634209804092D0,139.5980320009226D0,    0000011P   2390
700.0127346550057D0,-278.4018189891918D0,140.1863745442128D0,    0000011P   2391
733.3537288248898D0,-275.9050502759754D0,140.9285016002324D0,    0000011P   2392
766.6867366109585D0,-272.9867161307286D0,141.8345452542925D0,    0000011P   2393
805.5819201378235D0,-269.1034017651986D0,143.0955896194114D0,    0000011P   2394
850.07672355708D0,-263.9882489654413D0,144.8464208113142D0,      0000011P   2395
894.4727238695979D0,-258.099581169638D0,146.9025991134743D0,     0000011P   2396
933.3959722373168D0,-252.3653474406982D0,148.8737066101443D0,    0000011P   2397
966.7187284530631D0,-247.0727890014712D0,150.6709009976127D0,    0000011P   2398
995.5851234516816D0,-242.1649859336647D0,152.3098430190144D0,    0000011P   2399
1020.035791790475D0,-237.7836975945391D0,153.742844754021D0,     0000011P   2400
1040.070436418373D0,-234.0650586599548D0,154.9491850299919D0,    0000011P   2401
1060.067029687003D0,-230.2231650767025D0,156.1901054444684D0,    0000011P   2402
1080.040828334024D0,-226.2659624224102D0,157.470069559077D0,     0000011P   2403
1110.045770113708D0,-220.1406093449346D0,159.4587194612966D0,    0000011P   2404
1150.109073865144D0,-211.5357251501466D0,162.2822433006261D0,    0000011P   2405
1194.505052116126D0,-201.3461956841303D0,165.5869454303884D0,    0000011P   2406
1233.415965655353D0,-191.8942920638767D0,168.5124568402314D0,    0000011P   2407
1266.757173617428D0,-183.4533025846336D0,171.0583382614582D0,    0000011P   2408
1300.050085898422D0,-174.6914073350076D0,173.6567765017616D0,    0000011P   2409
1333.431895457455D0,-165.5510333430857D0,176.3171163677065D0,    0000011P   2410
1366.735934551688D0,-156.1253685691883D0,179.0574946398878D0,    0000011P   2411
1395.597006685364D0,-147.7249578511855D0,181.515831979974D0,     0000011P   2412
1420.070274993887D0,-140.4382380739134D0,183.655070601952D0,     0000011P   2413
1440.109498513705D0,-134.3659994762948D0,185.4489621260639D0,    0000011P   2414
1460.120797842104D0,-128.1790406453432D0,187.2838924155366D0,    0000011P   2415
1480.092114202563D0,-121.8682753860105D0,189.1625067190978D0,    0000011P   2416
1496.404230431847D0,-116.5956213896139D0,190.7399943285539D0,    0000011P   2417
1509.098138705486D0,-112.4090192879751D0,191.9908716971368D0,    0000011P   2418
1518.196351562386D0,-109.3832206177104D0,192.8960361082005D0,    0000011P   2419
1527.27596435596D0,-106.337358077064D0,193.8043741354744D0,      0000011P   2420
1536.348655286929D0,-103.275394409172D0,194.7133908593175D0,     0000011P   2421
1545.428993548153D0,-100.1954948129687D0,195.6191299972367D0,    0000011P   2422
1554.517968869449D0,-97.10505358256492D0,196.5192042211891D0,    0000011P   2423
1563.581763393881D0,-94.01307677148999D0,197.4073483019557D0,    0000011P   2424
1572.691885856464D0,-90.90426048474559D0,198.2821713523691D0,    0000011P   2425
1581.713591129586D0,-87.83922349206395D0,199.1431349655274D0,    0000011P   2426
1591.07095013655D0,-84.61138394435241D0,199.9649718179242D0,     0000011P   2427
1600.151982477271D0,-81.72460947806675D0,200.926769735003D0,     0000011P   2428
1616.038654177087D0,-75.4132217090153D0,201.4259446455181D0,     0000011P   2429
1631.408101617394D0,-69.52644497443758D0,202.1038835711854D0,    0000011P   2430
1647.178411640102D0,-63.34486695888491D0,202.7012703589184D0,    0000011P   2431
1662.910632961288D0,-57.13668750919926D0,203.2791911296092D0,    0000011P   2432
1678.606045405468D0,-50.89409251431615D0,203.8266981139477D0,    0000011P   2433
1694.341076304083D0,-44.60933601479061D0,204.3522373487027D0,    0000011P   2434
1710.050235255081D0,-38.31579843277212D0,204.8609916337702D0,    0000011P   2435
1725.753257307265D0,-32.00239982790138D0,205.3566088078151D0,    0000011P   2436
1741.453257092295D0,-25.66958249601178D0,205.8481370537233D0,    0000011P   2437
1757.174712038671D0,-19.2983086908069D0,206.3403712808453D0,     0000011P   2438
1772.816353124815D0,-12.92362358937124D0,206.8404686404609D0,    0000011P   2439
1788.504717156539D0,-6.483122778334056D0,207.3594546321846D0,    0000011P   2440
1798.902998316117D0,-2.169205967531967D0,207.7181534408674D0,    0000011P   2441
1804.097163822592D0,1.211530875622202D-14,207.9028928872261D0,   0000011P   2442
2.825131081815762D-14,-237.5105452222831D0,162.0950551640935D0,  0000011P   2443
16.65191802016957D0,-240.113489180512D0,160.6720249427023D0,     0000011P   2444
49.96106947668435D0,-245.1677063992155D0,157.8578434737461D0,    0000011P   2445
99.97236111579358D0,-252.2739558246558D0,153.807368818892D0,     0000011P   2446
149.9350074852578D0,-258.7341382539485D0,149.9859565020981D0,    0000011P   2447
194.397555778472D0,-263.8638920701058D0,146.8574640716105D0,     0000011P   2448
233.277567159891D0,-267.9010184232719D0,144.3536280827583D0,     0000011P   2449
266.6285891400731D0,-271.0337600919696D0,142.3695157858552D0,    0000011P   2450
299.9428208792364D0,-273.8101423669256D0,140.555096904779D0,     0000011P   2451
333.2936596114889D0,-276.2099606667775D0,138.9187666931771D0,    0000011P   2452
366.6183860244755D0,-278.219276460835D0,137.47110205548D0,       0000011P   2453
405.5062168738938D0,-280.1035680548985D0,136.0170755635585D0,    0000011P   2454
449.9886570475063D0,-281.5920649974431D0,134.7149968790441D0,    0000011P   2455
494.41942306396D0,-282.2866297859085D0,133.8291647511821D0,      0000011P   2456
533.3241908330894D0,-282.3224462007457D0,133.3573754040669D0,    0000011P   2457
566.6712473864243D0,-281.9481814626396D0,133.1529474141325D0,    0000011P   2458
599.9958925020293D0,-281.1589553721268D0,133.1444581457975D0,    0000011P   2459
633.3485677704834D0,-279.9398619492232D0,133.3287313406148D0,    0000011P   2460
666.6769404664298D0,-278.2994495098164D0,133.7092697971498D0,    0000011P   2461
700.0129015990716D0,-276.2406308271453D0,134.2936564570934D0,    0000011P   2462
733.3531409270036D0,-273.7668561179968D0,135.088569600829D0,     0000011P   2463
766.6861344728874D0,-270.8804378108733D0,136.072802344986D0,     0000011P   2464
805.5823802886474D0,-267.0316075278176D0,137.4181285321672D0,    0000011P   2465
850.0753140519698D0,-261.933320363711D0,139.2028917851817D0,     0000011P   2466
894.4733602539932D0,-256.0527542695124D0,141.267350600189D0,     0000011P   2467
933.3949279328331D0,-250.3334921485059D0,143.2629469304426D0,    0000011P   2468
966.7176904247754D0,-245.0655667719714D0,145.1113275201579D0,    0000011P   2469
995.5855952413132D0,-240.1951813888716D0,146.8366463003339D0,    0000011P   2470
1020.035061232602D0,-235.8606635416064D0,148.3819390601834D0,    0000011P   2471
1040.069529133604D0,-232.1856311903594D0,149.693419867496D0,     0000011P   2472
1060.065477636433D0,-228.3887027884379D0,151.0415377963985D0,    0000011P   2473
1080.040201764294D0,-224.4738505362773D0,152.4197816269538D0,    0000011P   2474
1110.046430264418D0,-218.4025359772838D0,154.5262275986896D0,    0000011P   2475
1150.106605598048D0,-209.8340407752991D0,157.3982810672229D0,    0000011P   2476
1194.505950486233D0,-199.6821755729648D0,160.7479195779633D0,    0000011P   2477
1233.414678029607D0,-190.303114747823D0,163.8256425312426D0,     0000011P   2478
1266.755677142626D0,-181.9365487477595D0,166.5379153499527D0,    0000011P   2479
1300.050899007087D0,-173.2458400830738D0,169.2966729746629D0,    0000011P   2480
1333.430138027844D0,-164.1594419487617D0,172.0686963057183D0,    0000011P   2481
1366.733840485658D0,-154.7786395614259D0,174.8988803731896D0,    0000011P   2482
1395.597378667768D0,-146.4175798342805D0,177.4395031675261D0,    0000011P   2483
1420.070091636343D0,-139.1706764368543D0,179.6669376793484D0,    0000011P   2484
1440.109729316269D0,-133.1332660116808D0,181.5420910677944D0,    0000011P   2485
1460.121272085247D0,-126.9819644831412D0,183.4646124779764D0,    0000011P   2486
1480.092581801861D0,-120.7061652674964D0,185.4345853942187D0,    0000011P   2487
1496.404981571101D0,-115.4602382706321D0,187.0879090082649D0,    0000011P   2488
1509.096839887996D0,-111.2929502550858D0,188.3971473924179D0,    0000011P   2489
1518.19400766611D0,-108.2803821187377D0,189.3438690618899D0,     0000011P   2490
1527.272311255484D0,-105.2472856954213D0,190.2933444578648D0,    0000011P   2491
1536.343993940929D0,-102.1977978193649D0,191.2430727640727D0,    0000011P   2492
1545.423293134318D0,-99.13036514252434D0,192.189023818706D0,     0000011P   2493
1554.511955254073D0,-96.05249250286205D0,193.1288120310986D0,    0000011P   2494
1563.575526264117D0,-92.9732666503625D0,194.0559885255688D0,     0000011P   2495
1572.685586731405D0,-89.87791457071437D0,194.9692121508592D0,    0000011P   2496
1581.711128453816D0,-86.82617993906416D0,195.8680296097215D0,    0000011P   2497
1591.059244982227D0,-83.6155539713413D0,196.7260939040154D0,     0000011P   2498
1600.189637622383D0,-80.73648695828828D0,197.7308160164769D0,    0000011P   2499
1615.853498911623D0,-74.49383803382516D0,198.2514017846234D0,    0000011P   2500
1631.073888928036D0,-68.66607166245419D0,198.9595336231853D0,    0000011P   2501
1646.674677251593D0,-62.55116172616308D0,199.5839280834749D0,    0000011P   2502
1662.24370442375D0,-56.41223965496525D0,200.188584187053D0,      0000011P   2503
1677.777379064657D0,-50.24153429055857D0,200.7620469469408D0,    0000011P   2504
1693.351746037297D0,-44.03134136419339D0,201.3131362284835D0,    0000011P   2505
1708.902141683329D0,-37.81432138905532D0,201.8472084293601D0,    0000011P   2506
1724.447180486815D0,-31.57949785586771D0,202.3680139472525D0,    0000011P   2507
1739.990399823353D0,-25.32720311680225D0,202.884967475193D0,     0000011P   2508
1755.555082825877D0,-19.03865022342175D0,203.403029552214D0,     0000011P   2509
1771.041596980595D0,-12.74813361505177D0,203.9296363785123D0,    0000011P   2510
1786.574205296838D0,-6.394302762608105D0,204.4762771876709D0,    0000011P   2511
1796.868890290221D0,-2.139328185586504D0,204.854140239954D0,     0000011P   2512
1802.011192771764D0,1.211530875622202D-14,205.0487385729579D0,   0000011P   2513
2.820598440779389D-14,-235.4461336264542D0,157.5328227861869D0,  0000011P   2514
16.65259094972773D0,-238.0483442590622D0,156.0767742018033D0,    0000011P   2515
49.96261873756319D0,-243.0969389809987D0,153.1878379159673D0,    0000011P   2516
99.97181774287476D0,-250.1805150922119D0,148.9976813913089D0,    0000011P   2517
149.935633691423D0,-256.6049825598385D0,145.0069872624384D0,     0000011P   2518
194.3975577111803D0,-261.6976562266901D0,141.7174635359027D0,    0000011P   2519
233.2773206488939D0,-265.7026145895468D0,139.0760566583911D0,    0000011P   2520
266.6283185168696D0,-268.8053936817333D0,136.9710552251089D0,    0000011P   2521
299.9431066417495D0,-271.5470688329309D0,135.0277835428994D0,    0000011P   2522
333.292789950305D0,-273.9049571029846D0,133.2497420277D0,        0000011P   2523
366.6177852124064D0,-275.8784072390577D0,131.678383724057D0,     0000011P   2524
405.5066552732651D0,-277.7431159779134D0,130.1370130758842D0,    0000011P   2525
449.9873829084775D0,-279.2626330993932D0,128.8676163352733D0,    0000011P   2526
494.4198009359835D0,-279.9966382423637D0,128.0397593917128D0,    0000011P   2527
533.3237415730739D0,-280.0326170752102D0,127.540570957868D0,     0000011P   2528
566.670544942471D0,-279.6473940240945D0,127.2888300564542D0,     0000011P   2529
599.9962576011779D0,-278.8484629661382D0,127.239016470024D0,     0000011P   2530
633.3478098150276D0,-277.6333616777754D0,127.4178137464479D0,    0000011P   2531
666.6768599613824D0,-276.0043655571601D0,127.8122494151665D0,    0000011P   2532
700.0130685414105D0,-273.9582116169212D0,128.4136120761266D0,    0000011P   2533
733.3525530415744D0,-271.492157431067D0,129.2122197243171D0,     0000011P   2534
766.6855323554677D0,-268.6151897881979D0,130.2042174830103D0,    0000011P   2535
805.5828404435545D0,-264.7872321467403D0,131.5836617153209D0,    0000011P   2536
850.0739044672085D0,-259.7383710761171D0,133.4723812927895D0,    0000011P   2537
894.4739965811802D0,-253.9262674855166D0,135.6888873858067D0,    0000011P   2538
933.3938838029808D0,-248.2731325263881D0,137.8306154237146D0,    0000011P   2539
966.7166526860674D0,-243.060015264548D0,139.796402728731D0,      0000011P   2540
995.5860671479695D0,-238.2304322014524D0,141.6018727244358D0,    0000011P   2541
1020.034330325573D0,-233.9227049810119D0,143.1902540143097D0,    0000011P   2542
1040.068621106871D0,-230.2669996137277D0,144.5282457368724D0,    0000011P   2543
1060.063924626567D0,-226.489012669676D0,145.9004582472967D0,     0000011P   2544
1080.039574379699D0,-222.5949062545438D0,147.3068549242497D0,    0000011P   2545
1110.047090641307D0,-216.5610600060423D0,149.4714114757759D0,    0000011P   2546
1150.104141532949D0,-208.0658117034985D0,152.4809337481107D0,    0000011P   2547
1194.506851874867D0,-198.0025334865594D0,156.0012726108138D0,    0000011P   2548
1233.413381166797D0,-188.6867308272476D0,159.1842038331955D0,    0000011P   2549
1266.754165346184D0,-180.3719207692118D0,161.9818760289076D0,    0000011P   2550
1300.05170733688D0,-171.7381786314439D0,164.8469214141235D0,     0000011P   2551
1333.428415327364D0,-162.723075208131D0,167.7717884469431D0,     0000011P   2552
1366.731804029545D0,-153.4175340474907D0,170.7726195723558D0,    0000011P   2553
1395.597773920946D0,-145.117350590916D0,173.4513971736942D0,     0000011P   2554
1420.069838649461D0,-137.9142201578653D0,175.7716265527455D0,    0000011P   2555
1440.10981211177D0,-131.9086982507095D0,177.7134757453862D0,     0000011P   2556
1460.121554940495D0,-125.7865623023812D0,179.6987309773057D0,    0000011P   2557
1480.092886812894D0,-119.5383178781905D0,181.7329605925458D0,    0000011P   2558
1496.405683296931D0,-114.3144502431952D0,183.4446726911709D0,    0000011P   2559
1509.095648004085D0,-110.164860446292D0,184.805118114462D0,      0000011P   2560
1518.191900250392D0,-107.1651624021212D0,185.7908010422484D0,    0000011P   2561
1527.26902852798D0,-104.1451575606251D0,186.7809819451059D0,     0000011P   2562
1536.339828047952D0,-101.1090452077591D0,187.7727874578811D0,    0000011P   2563
1545.4181912834D0,-98.05544180913613D0,188.761746887197D0,       0000011P   2564
1554.506608183556D0,-94.99185110720559D0,189.7451097275094D0,    0000011P   2565
1563.569975375408D0,-91.92732890904237D0,190.7158768044191D0,    0000011P   2566
1572.679932100053D0,-88.84752144165744D0,191.6723900503236D0,    0000011P   2567
1581.709193923069D0,-85.8111856462469D0,192.6139146253737D0,     0000011P   2568
1591.047863865107D0,-82.6197741643977D0,193.5126572045404D0,     0000011P   2569
1600.227279861991D0,-79.75039599522908D0,194.5643705373112D0,    0000011P   2570
1615.667802279093D0,-73.57820890206963D0,195.1092304574622D0,    0000011P   2571
1630.738369154178D0,-67.81082041874956D0,195.8488563054612D0,    0000011P   2572
1646.168683943714D0,-61.76348743471213D0,196.4999003270647D0,    0000011P   2573
1661.57338442455D0,-55.69431886527286D0,197.1294251988502D0,     0000011P   2574
1676.944013422487D0,-49.59563240702261D0,197.725619470519D0,     0000011P   2575
1692.356238742067D0,-43.45981138403767D0,198.2978275903414D0,    0000011P   2576
1707.746228878677D0,-37.3188423026704D0,198.8517303081278D0,     0000011P   2577
1723.131483161656D0,-31.16189798685742D0,199.391331334926D0,     0000011P   2578
1738.515967120555D0,-24.98924674723932D0,199.9265626282627D0,    0000011P   2579
1753.921775002762D0,-18.78239833536876D0,200.4627011112011D0,    0000011P   2580
1769.250916212284D0,-12.57494235494302D0,201.0076127872036D0,    0000011P   2581
1784.625385371988D0,-6.306628063294999D0,201.5734013781699D0,    0000011P   2582
1794.814797226959D0,-2.109827034491451D0,201.9646562074356D0,    0000011P   2583
1799.904377096252D0,1.211530875622203D-14,202.1662270421173D0,   0000011P   2584
2.81606578766479D-14,-233.2229426769019D0,152.8743611647577D0,   0000011P   2585
16.6532638792859D0,-235.8144950256902D0,151.3618682420128D0,     0000011P   2586
49.96416799844388D0,-240.8398009793452D0,148.3575138270361D0,    0000011P   2587
99.97127436995778D0,-247.8859818272814D0,143.9973942451337D0,    0000011P   2588
149.936259897579D0,-254.2769709567287D0,139.8498884670429D0,     0000011P   2589
194.3975596438819D0,-259.3357212235633D0,136.4160783171203D0,    0000011P   2590
233.2770741379172D0,-263.3020407747066D0,133.632427492675D0,     0000011P   2591
266.6280478936997D0,-266.3775207122529D0,131.4223293856728D0,    0000011P   2592
299.9433924042729D0,-269.109831253628D0,129.4186888973589D0,     0000011P   2593
333.2919202890445D0,-271.4881507428388D0,127.6527075811529D0,    0000011P   2594
366.6171844002109D0,-273.4862206981941D0,126.1053955071958D0,    0000011P   2595
405.5070936726112D0,-275.3546132495472D0,124.5360883882479D0,    0000011P   2596
449.9861087699321D0,-276.8001581916165D0,123.0556134191713D0,    0000011P   2597
494.4201788083535D0,-277.4693763801469D0,122.0403008032722D0,    0000011P   2598
533.3232923120036D0,-277.5300713091187D0,121.5680504168663D0,    0000011P   2599
566.66984249677D0,-277.1950534762283D0,121.4084667874259D0,      0000011P   2600
599.9966226997796D0,-276.4485928242982D0,121.4584186760306D0,    0000011P   2601
633.3470518635054D0,-275.2615511371172D0,121.6831420903831D0,    0000011P   2602
666.6767794628557D0,-273.6479923138869D0,122.0961088142588D0,    0000011P   2603
700.0132354857881D0,-271.6165413246425D0,122.7152367135275D0,    0000011P   2604
733.3519651414445D0,-269.1763461705429D0,123.5574554918247D0,    0000011P   2605
766.6849302136762D0,-266.3288229286912D0,124.6002798105503D0,    0000011P   2606
805.583300593642D0,-262.5305859034202D0,126.0257074921191D0,     0000011P   2607
850.0724949764457D0,-257.4966872967967D0,127.9167747379797D0,    0000011P   2608
894.4746329758809D0,-251.7048466636777D0,130.1435125583989D0,    0000011P   2609
933.3928394670419D0,-246.0947739280287D0,132.3497650205197D0,    0000011P   2610
966.715614605619D0,-240.9295863676894D0,134.3948594827484D0,     0000011P   2611
995.5865389165219D0,-236.1458233755026D0,136.2774243501569D0,    0000011P   2612
1020.033599830592D0,-231.8764420632542D0,137.9282100516308D0,    0000011P   2613
1040.067713955749D0,-228.2520301895704D0,139.3161488160552D0,    0000011P   2614
1060.062372748791D0,-224.5054477108291D0,140.7376175843475D0,    0000011P   2615
1080.038947956748D0,-220.6430454235746D0,142.1931718587198D0,    0000011P   2616
1110.047750751277D0,-214.6578710566363D0,144.4323238468379D0,    0000011P   2617
1150.101672508966D0,-206.2314290061088D0,147.5452445694361D0,    0000011P   2618
1194.507749701258D0,-196.2509422799673D0,151.1971870736757D0,    0000011P   2619
1233.412095204883D0,-187.0146604104098D0,154.5146577636336D0,    0000011P   2620
1266.752671631202D0,-178.7700271904259D0,157.4363917259698D0,    0000011P   2621
1300.052521306343D0,-170.2059004936587D0,160.4295607683403D0,    0000011P   2622
1333.426651642144D0,-161.2586270704547D0,163.4816685714889D0,    0000011P   2623
1366.729699586491D0,-152.0176893375364D0,166.6072939031931D0,    0000011P   2624
1395.598141711686D0,-143.7707198878183D0,169.3907375773561D0,    0000011P   2625
1420.069667833951D0,-136.6112599544244D0,171.7958494532526D0,    0000011P   2626
1440.11006957421D0,-130.6405062809629D0,173.8074484634979D0,     0000011P   2627
1460.122063657516D0,-124.5523985916555D0,175.8649446173754D0,    0000011P   2628
1480.093383698517D0,-118.3375738129591D0,177.9763009448986D0,    0000011P   2629
1496.406443336811D0,-113.1405871724914D0,179.7571672309016D0,    0000011P   2630
1509.09432992511D0,-109.0120063898979D0,181.1758979250492D0,     0000011P   2631
1518.189513757892D0,-106.0273639497206D0,182.2050834416656D0,    0000011P   2632
1527.265308713817D0,-103.022462688701D0,183.2400382944206D0,     0000011P   2633
1536.335077458133D0,-100.001577951933D0,184.2775748605639D0,     0000011P   2634
1545.412383053005D0,-96.96350962609759D0,185.3128402064366D0,    0000011P   2635
1554.500474506326D0,-93.9157739655426D0,186.3427772029035D0,     0000011P   2636
1563.563614635999D0,-90.86740944184452D0,187.359894668135D0,     0000011P   2637
1572.673516885119D0,-87.80449513074797D0,188.3622759094711D0,    0000011P   2638
1581.706636114811D0,-84.7848148469099D0,189.3489628357486D0,     0000011P   2639
1591.036100343358D0,-81.61379626498592D0,190.2907740863368D0,    0000011P   2640
1600.264937331713D0,-78.75533724435745D0,191.3921119139675D0,    0000011P   2641
1615.482744527744D0,-72.65488741299853D0,191.9642010865616D0,    0000011P   2642
1630.404391904316D0,-66.9491688917777D0,192.7385970987365D0,     0000011P   2643
1645.665356444614D0,-60.9706056181771D0,193.4196082149988D0,     0000011P   2644
1660.907066776382D0,-54.97227839793151D0,194.0773367996418D0,    0000011P   2645
1676.116193546574D0,-48.94658818764184D0,194.6995909717452D0,    0000011P   2646
1691.368021116791D0,-42.88600030932746D0,195.2962157952037D0,    0000011P   2647
1706.599543751646D0,-36.82182166762465D0,195.8731924046576D0,    0000011P   2648
1721.827139241255D0,-30.74336882480035D0,196.4347538572194D0,    0000011P   2649
1737.055194884624D0,-24.65084045508124D0,196.9913254076092D0,    0000011P   2650
1752.304609659092D0,-18.52603741512694D0,197.5484763956198D0,    0000011P   2651
1767.479028501968D0,-12.40183887812355D0,198.1144786606778D0,    0000011P   2652
1782.698171265156D0,-6.219088292938241D0,198.7020264456986D0,    0000011P   2653
1792.784289019712D0,-2.080388733001494D0,199.1082817971739D0,    0000011P   2654
1797.822160697831D0,1.211530875622202D-14,199.3175924625292D0,   0000011P   2655
2.811533137786459D-14,-230.9747156085384D0,148.4310348193137D0,  0000011P   2656
16.65393680884405D0,-233.5414989772984D0,146.8377769954976D0,    0000011P   2657
49.96571725932319D0,-238.5211351614413D0,143.6814355850468D0,    0000011P   2658
99.97073099703945D0,-245.5064108103597D0,139.1161708600046D0,    0000011P   2659
149.9368861037417D0,-251.8429937060836D0,134.7797688347384D0,    0000011P   2660
194.3975615765886D0,-256.8713750895286D0,131.2199290955522D0,    0000011P   2661
233.2768276269262D0,-260.8327047787868D0,128.376005339213D0,     0000011P   2662
266.6277772705059D0,-263.9043670614224D0,126.1175711695907D0,    0000011P   2663
299.9436781667889D0,-266.6192910991716D0,124.0384222267193D0,    0000011P   2664
333.2910506278386D0,-268.952587405821D0,122.1395413855191D0,     0000011P   2665
366.6165835881058D0,-270.9057761943615D0,120.4621716698802D0,    0000011P   2666
405.5075320719756D0,-272.7539517310339D0,118.8144044553232D0,    0000011P   2667
449.984834631042D0,-274.2677599139541D0,117.44837765193D0,       0000011P   2668
494.4205566804765D0,-274.9966134343767D0,116.5291094110615D0,    0000011P   2669
533.3228430516859D0,-275.0172318062659D0,115.9367356704478D0,    0000011P   2670
566.6691400523158D0,-274.6228812955231D0,115.6190653461967D0,    0000011P   2671
599.996987798771D0,-273.8301900721712D0,115.5405454280931D0,     0000011P   2672
633.3462939091756D0,-272.6482171001534D0,115.7512415402131D0,    0000011P   2673
666.6766989596753D0,-271.0695002243504D0,116.2161173795159D0,    0000011P   2674
700.0134024287104D0,-269.0812442816258D0,116.9047781863947D0,    0000011P   2675
733.3513772518046D0,-266.6711395779945D0,117.7857351008591D0,    0000011P   2676
766.6843280892761D0,-263.8504723605599D0,118.8595201766179D0,    0000011P   2677
805.5837607471692D0,-260.0913680533341D0,120.3389415721132D0,    0000011P   2678
850.0710854186076D0,-255.1301817958045D0,122.3558812446544D0,    0000011P   2679
894.475269322405D0,-249.4144699166425D0,124.7116292566471D0,     0000011P   2680
933.3917952781627D0,-243.8522637665437D0,126.9788328367381D0,    0000011P   2681
966.7145767690306D0,-238.723861932649D0,129.06217877548D0,       0000011P   2682
995.587010783623D0,-233.9760829863281D0,130.984496761032D0,      0000011P   2683
1020.032869041581D0,-229.7454690515968D0,132.6860619062139D0,    0000011P   2684
1040.066806179806D0,-226.1569705511949D0,134.1243749887188D0,    0000011P   2685
1060.060820063176D0,-222.4495706717462D0,135.6031128888273D0,    0000011P   2686
1080.038320847585D0,-218.6286926418226D0,137.1210556528167D0,    0000011P   2687
1110.048411051716D0,-212.7083450492184D0,139.4589790885743D0,    0000011P   2688
1150.099207023557D0,-204.371602176477D0,142.7092695184227D0,     0000011P   2689
1194.508650069605D0,-194.4910867605864D0,146.5181270550742D0,    0000011P   2690
1233.41080146428D0,-185.3412709159993D0,149.9720438519441D0,     0000011P   2691
1266.751165013605D0,-177.1662111194923D0,153.0021407781289D0,    0000011P   2692
1300.053331251436D0,-168.6635331476994D0,156.0869676268197D0,    0000011P   2693
1333.424917202927D0,-159.7673280353508D0,159.2055722174584D0,    0000011P   2694
1366.727643657742D0,-150.5750318156723D0,162.3984203940011D0,    0000011P   2695
1395.598529099147D0,-142.376339627655D0,165.263357410335D0,      0000011P   2696
1420.06943838237D0,-135.2679898795086D0,167.768173964871D0,      0000011P   2697
1440.110202397342D0,-129.3427116056306D0,169.8754114328397D0,    0000011P   2698
1460.122411203481D0,-123.3013770787655D0,172.0372341276566D0,    0000011P   2699
1480.093743665751D0,-117.1321867378568D0,174.256464360171D0,     0000011P   2700
1496.407161764795D0,-111.9695490183216D0,176.1244020928985D0,    0000011P   2701
1509.093101896751D0,-107.8651610374302D0,177.6077470899618D0,    0000011P   2702
1518.187326409758D0,-104.8968118117613D0,178.6819430104296D0,    0000011P   2703
1527.261900797136D0,-101.9073491485657D0,179.7605572230912D0,    0000011P   2704
1536.33074409787D0,-98.90126586219436D0,180.8404932340965D0,     0000011P   2705
1545.40707888279D0,-95.87768667051527D0,181.9169212560017D0,     0000011P   2706
1554.494902138045D0,-92.8442817498929D0,182.9868829225775D0,     0000011P   2707
1563.557831792046D0,-89.81021364652393D0,184.0428004310608D0,    0000011P   2708
1572.667644409478D0,-86.76213569500513D0,185.0829038502308D0,    0000011P   2709
1581.704523066607D0,-83.75699999357282D0,186.1064172241073D0,    0000011P   2710
1591.02460969894D0,-80.6043506600699D0,187.0831765429552D0,      0000011P   2711
1600.30258393349D0,-77.75482799827351D0,188.225854153918D0,      0000011P   2712
1615.297230881833D0,-71.72446261360497D0,188.817538642082D0,     0000011P   2713
1630.069313936006D0,-66.07919900983107D0,189.6200150303743D0,    0000011P   2714
1645.160126670469D0,-60.16871304974653D0,190.3257414952949D0,    0000011P   2715
1660.23789311973D0,-54.24099928670105D0,191.0076934083636D0,     0000011P   2716
1675.284416307762D0,-48.28848379450135D0,191.6531317775496D0,    0000011P   2717
1690.374601709095D0,-42.30365575030557D0,192.272235601882D0,     0000011P   2718
1705.446273913438D0,-36.31708431422957D0,192.8711197203421D0,    0000011P   2719
1720.514693727552D0,-30.31817164406641D0,193.4540798556176D0,    0000011P   2720
1735.584674775766D0,-24.30698863482449D0,194.0318678791327D0,    0000011P   2721
1750.675925321239D0,-18.26556910546613D0,194.6101788669201D0,    0000011P   2722
1765.693730390452D0,-12.22602365586194D0,195.1975238138817D0,    0000011P   2723
1780.755539620213D0,-6.130231783609095D0,195.8070208034592D0,    0000011P   2724
1790.736951067062D0,-2.050524509978041D0,196.2282508422556D0,    0000011P   2725
1795.72239068067D0,1.211530875622202D-14,196.4452225136192D0,    0000011P   2726
2.807000487041034D-14,-228.5673389001887D0,143.9665433473301D0,  0000011P   2727
16.65460973840224D0,-231.1136745279591D0,142.3055412148987D0,    0000011P   2728
49.9672665202003D0,-236.0533468303366D0,139.0163867672932D0,     0000011P   2729
99.97018762411886D0,-242.9942307906928D0,134.287823439885D0,     0000011P   2730
149.9375123099156D0,-249.317597212866D0,129.8510699277521D0,     0000011P   2731
194.3975635093032D0,-254.3295036278222D0,126.1956767234899D0,    0000011P   2732
233.2765811159092D0,-258.2490833069144D0,123.2179676953229D0,    0000011P   2733
266.6275066472695D0,-261.2824709144129D0,120.8437611011145D0,    0000011P   2734
299.9439639292916D0,-263.9729991310927D0,118.681097077025D0,     0000011P   2735
333.2901809667276D0,-266.3118760816284D0,116.7641071623635D0,    0000011P   2736
366.6159827761577D0,-268.2770275138925D0,115.0830760659846D0,    0000011P   2737
405.507970471371D0,-270.1190176162397D0,113.3889228886696D0,     0000011P   2738
449.9835604915495D0,-271.5578796542468D0,111.8261585519788D0,    0000011P   2739
494.4209345521668D0,-272.2276601642076D0,110.7451470494369D0,    0000011P   2740
533.3223937926809D0,-272.2787551450466D0,110.1879059509462D0,    0000011P   2741
566.6684376100374D0,-271.9380989378053D0,109.9589559637444D0,    0000011P   2742
599.9973528984435D0,-271.1979530817448D0,109.9656396975631D0,    0000011P   2743
633.345535949949D0,-270.0387320115181D0,110.1959070848604D0,     0000011P   2744
666.6766184483777D0,-268.4652939604828D0,110.6415339924783D0,    0000011P   2745
700.0135693690953D0,-266.4772588904029D0,111.2991067196536D0,    0000011P   2746
733.3507893804668D0,-264.0747350524726D0,112.1641035245323D0,    0000011P   2747
766.6837259952174D0,-261.2706340872973D0,113.2392087810237D0,    0000011P   2748
805.5842209066958D0,-257.543269220013D0,114.7428670607627D0,     0000011P   2749
850.0696757437474D0,-252.6391355534811D0,116.8236358233008D0,    0000011P   2750
894.4759055848783D0,-246.9957923147709D0,119.270521293817D0,     0000011P   2751
933.3907513458471D0,-241.5019017449793D0,121.6255361218489D0,    0000011P   2752
966.7135393578859D0,-236.4350892368053D0,123.7889887365523D0,    0000011P   2753
995.5874828226529D0,-231.7432348454722D0,125.7841856703376D0,    0000011P   2754
1020.032137739595D0,-227.5618748082081D0,127.5492113784517D0,    0000011P   2755
1040.06589731378D0,-224.0142829588926D0,129.0396147100296D0,     0000011P   2756
1060.059265968179D0,-220.347803588923D0,130.5694578042803D0,     0000011P   2757
1080.037692541236D0,-216.5672767308247D0,132.1365407998298D0,    0000011P   2758
1110.049071684447D0,-210.7061337875677D0,134.543864516259D0,     0000011P   2759
1150.096747711634D0,-202.4437590780526D0,137.8729729497569D0,    0000011P   2760
1194.509554872714D0,-192.6420175696291D0,141.7609557605158D0,    0000011P   2761
1233.409494152767D0,-183.5631620678564D0,145.2872278384853D0,    0000011P   2762
1266.749635885761D0,-175.454617705816D0,148.3985608742546D0,     0000011P   2763
1300.054134175502D0,-167.0287585618731D0,151.6009844304605D0,    0000011P   2764
1333.423233787051D0,-158.2257196725605D0,154.8906563820854D0,    0000011P   2765
1366.725672368325D0,-149.1303776492862D0,158.2746556398266D0,    0000011P   2766
1395.598950675561D0,-141.0092815332652D0,161.2934353386675D0,    0000011P   2767
1420.069106632759D0,-133.9561440733582D0,163.900157965534D0,     0000011P   2768
1440.11011777146D0,-128.0705211676789D0,166.0788526295496D0,     0000011P   2769
1460.122477566182D0,-122.0645748880765D0,168.3053312019921D0,    0000011P   2770
1480.093864761562D0,-115.927688630089D0,170.5877725844108D0,     0000011P   2771
1496.407807595567D0,-110.7898516943201D0,172.5107064126565D0,    0000011P   2772
1509.092030973063D0,-106.7046786352595D0,174.0411155076938D0,    0000011P   2773
1518.185486494121D0,-103.7500480027112D0,175.150732566568D0,     0000011P   2774
1527.259037025001D0,-100.7743272126578D0,176.266044443086D0,     0000011P   2775
1536.32713864726D0,-97.78211174335542D0,177.3836855142436D0,     0000011P   2776
1545.40265410922D0,-94.77273633850655D0,178.4984888807566D0,     0000011P   2777
1554.490309044117D0,-91.75391029114044D0,179.607234681247D0,     0000011P   2778
1563.553057159701D0,-88.73480541672193D0,180.7018982339635D0,    0000011P   2779
1572.662718811078D0,-85.70253450334785D0,181.7804961110697D0,    0000011P   2780
1581.703185958487D0,-82.71310312748187D0,182.8420742337136D0,    0000011P   2781
1591.013595123487D0,-79.58005704480206D0,183.8551256850005D0,    0000011P   2782
1600.340211574761D0,-76.7407890820478D0,185.0403466615409D0,     0000011P   2783
1615.110921870274D0,-70.78173401738917D0,185.6520839651984D0,    0000011P   2784
1629.732315625336D0,-65.19803628732231D0,186.4822246391838D0,    0000011P   2785
1644.651578137241D0,-59.35656480753471D0,187.2114853092539D0,    0000011P   2786
1659.563736795548D0,-53.50027508286285D0,187.9158624794359D0,    0000011P   2787
1674.445734949539D0,-47.62166550819114D0,188.5822181718697D0,    0000011P   2788
1689.372107134959D0,-41.71329631968833D0,189.2212134460004D0,    0000011P   2789
1704.281516214905D0,-35.8050461368218D0,189.8392449704314D0,     0000011P   2790
1719.188113961066D0,-29.88644991678255D0,190.4408192587066D0,    0000011P   2791
1734.097148271388D0,-23.9574979792326D0,191.0371629242358D0,     0000011P   2792
1749.027144643137D0,-18.00050430930883D0,191.6342449045731D0,    0000011P   2793
1763.885036140251D0,-12.04685813743824D0,192.2409634753764D0,    0000011P   2794
1778.786010132732D0,-6.039522213819872D0,192.8710086858952D0,    0000011P   2795
1788.660251497888D0,-2.020004216455521D0,193.3067568894208D0,    0000011P   2796
1793.591996158518D0,1.211530875622202D-14,193.531305359665D0,    0000011P   2797
2.802467836527968D-14,-226.0128379280951D0,139.5627062980337D0,  0000011P   2798
16.6552826679604D0,-228.5574587071088D0,137.8684029057055D0,     0000011P   2799
49.96881578108321D0,-233.4875057705792D0,134.5031695408621D0,    0000011P   2800
99.96964425120414D0,-240.3829164243238D0,129.6124900186963D0,    0000011P   2801
149.9381385160605D0,-246.6203401637704D0,124.945467988945D0,     0000011P   2802
194.3975654419967D0,-251.5546460044454D0,121.0890205587462D0,    0000011P   2803
233.2763346049573D0,-255.430253720454D0,117.9841663849658D0,     0000011P   2804
266.6272360241408D0,-258.436569356917D0,115.5228410481063D0,     0000011P   2805
299.9442496918279D0,-261.1051140294913D0,113.2836848480615D0,    0000011P   2806
333.2893113053754D0,-263.4214422268775D0,111.2896898182232D0,    0000011P   2807
366.6153819638102D0,-265.3695866711886D0,109.5432791734108D0,    0000011P   2808
405.5084088706872D0,-267.2050583623069D0,107.8006148662559D0,    0000011P   2809
449.9822863535878D0,-268.665292541491D0,106.2423739412961D0,     0000011P   2810
494.4213124249563D0,-269.3604263904115D0,105.1727219751534D0,    0000011P   2811
533.3219445303392D0,-269.4143086189718D0,104.5836152065334D0,    0000011P   2812
566.667735162229D0,-269.0711075180399D0,104.3158429913266D0,     0000011P   2813
599.9977179963858D0,-268.3317642109551D0,104.2894639707481D0,    0000011P   2814
633.344778003171D0,-267.185065966968D0,104.5097408552472D0,      0000011P   2815
666.6765379577151D0,-265.6360659866688D0,104.9683484809959D0,    0000011P   2816
700.0137363159313D0,-263.6846847314221D0,105.66196043214D0,      0000011P   2817
733.3502014626065D0,-261.3313271630375D0,106.5861141366598D0,    0000011P   2818
766.6831238240324D0,-258.5803397281779D0,107.7260534293317D0,    0000011P   2819
805.584681050971D0,-254.9095818255402D0,109.2916412908844D0,     0000011P   2820
850.0682663663507D0,-250.0484187038459D0,111.3944012568998D0,    0000011P   2821
894.4765420610044D0,-244.443830231657D0,113.8469776059346D0,     0000011P   2822
933.3897067613583D0,-238.9976495487777D0,116.2259335388042D0,    0000011P   2823
966.7125008652824D0,-233.9821533993815D0,118.426960379813D0,     0000011P   2824
995.5879544246468D0,-229.3448990338422D0,120.4729048400498D0,    0000011P   2825
1020.031407741566D0,-225.2176043737724D0,122.2954479228391D0,    0000011P   2826
1040.064991218693D0,-221.7180340727612D0,123.8401547576723D0,    0000011P   2827
1060.057715455762D0,-218.1022802961255D0,125.429597758114D0,     0000011P   2828
1080.037067278076D0,-214.3741178627607D0,127.0597953046918D0,    0000011P   2829
1110.049731472503D0,-208.5928348238605D0,129.5645600657701D0,    0000011P   2830
1150.094272706989D0,-200.4367810564156D0,133.0235663789954D0,    0000011P   2831
1194.51044840286D0,-190.7572187134618D0,137.0750726916519D0,     0000011P   2832
1233.408221337883D0,-181.7937234480983D0,140.772052946589D0,     0000011P   2833
1266.748163977932D0,-173.7817302224826D0,144.0300151431627D0,    0000011P   2834
1300.054954946694D0,-165.4421662739665D0,147.3604929248679D0,    0000011P   2835
1333.421420672168D0,-156.7085367876236D0,150.7403414820616D0,    0000011P   2836
1366.72348592959D0,-147.6730332038214D0,154.1987019488493D0,     0000011P   2837
1395.599285345217D0,-139.6031833820279D0,157.2875273179208D0,    0000011P   2838
1420.069034920071D0,-132.5987348093775D0,159.9700556039143D0,    0000011P   2839
1440.110585891042D0,-126.7546808114209D0,162.2194394828052D0,    0000011P   2840
1460.1232586839D0,-120.7908070409979D0,164.5233589850122D0,      0000011P   2841
1480.094593057621D0,-114.6951869345734D0,166.8882646385684D0,    0000011P   2842
1496.408637965134D0,-109.5893157328173D0,168.8814601674637D0,    0000011P   2843
1509.090560696474D0,-105.5276810028751D0,170.4672461209423D0,    0000011P   2844
1518.182763420942D0,-102.5893553650973D0,171.6168389562991D0,    0000011P   2845
1527.254790062275D0,-99.62950562140122D0,172.7722093796531D0,    0000011P   2846
1536.321682883551D0,-96.65288458928201D0,173.9299314616113D0,    0000011P   2847
1545.395993949535D0,-93.65909171361123D0,175.0847100138159D0,    0000011P   2848
1554.4832266795D0,-90.65593007941718D0,176.2332725025059D0,      0000011P   2849
1563.545719699486D0,-87.65263544676701D0,177.3673561897074D0,    0000011P   2850
1572.655386293967D0,-84.63683473259196D0,178.4849729737346D0,    0000011P   2851
1581.699876446106D0,-81.66364166691726D0,179.5851994756294D0,    0000011P   2852
1591.001370402463D0,-78.55065831859047D0,180.6353946941039D0,    0000011P   2853
1600.377887412772D0,-75.72213071867662D0,181.8646265089677D0,    0000011P   2854
1614.926634641869D0,-69.8349664015746D0,182.4989823981842D0,     0000011P   2855
1629.400198737249D0,-64.31350288126234D0,183.3606729856151D0,    0000011P   2856
1644.151465738045D0,-58.54172942067665D0,184.1183654666225D0,    0000011P   2857
1658.902246184685D0,-52.75753999559072D0,184.8509916172573D0,    0000011P   2858
1673.624603547572D0,-46.95348284141647D0,185.5449286133459D0,    0000011P   2859
1688.392681219481D0,-41.12216677278316D0,186.2112337142654D0,    0000011P   2860
1703.145960132707D0,-35.2927573879595D0,186.8564995577574D0,     0000011P   2861
1717.897462819689D0,-29.45489996298428D0,187.4853575877382D0,    0000011P   2862
1732.652851247796D0,-23.60848176162303D0,188.1094232991192D0,    0000011P   2863
1747.429447944218D0,-17.73607445463704D0,188.7348536304916D0,    0000011P   2864
1762.135813806165D0,-11.86832342245955D0,189.3708482777859D0,    0000011P   2865
1776.884853732647D0,-5.949252187341318D0,190.031583395575D0,     0000011P   2866
1786.658187817071D0,-1.98965622439146D0,190.4887131368464D0,     0000011P   2867
1791.539447729533D0,1.211530875622202D-14,190.7242813445982D0,   0000011P   2868
2.797935185952639D-14,-223.2712684188192D0,135.2216967731278D0,  0000011P   2869
16.65595559751855D0,-225.7935721349327D0,133.4566630002566D0,    0000011P   2870
49.97036504196233D0,-230.6817051869243D0,129.9569084855722D0,    0000011P   2871
99.96910087828562D0,-237.5252150913001D0,124.8944732557125D0,    0000011P   2872
149.9387647222241D0,-243.7274065738961D0,120.0941081683256D0,    0000011P   2873
194.3975673747039D0,-248.6392683142052D0,116.1407143246723D0,    0000011P   2874
233.2760880939642D0,-252.4970171677767D0,112.957267931461D0,     0000011P   2875
266.6269654009436D0,-255.490116936522D0,110.433840321156D0,      0000011P   2876
299.9445354543429D0,-258.1486303790899D0,108.1391051903242D0,    0000011P   2877
333.2884416441772D0,-260.4590440410577D0,106.0973432762233D0,    0000011P   2878
366.6147811517178D0,-262.4007178503139D0,104.3029789510435D0,    0000011P   2879
405.5088472700538D0,-264.2223327198548D0,102.4949694204967D0,    0000011P   2880
449.9810122146479D0,-265.6497511128706D0,100.8357468830338D0,    0000011P   2881
494.4216902970434D0,-266.3216225781026D0,99.68230119093258D0,    0000011P   2882
533.3214952701291D0,-266.3837671793197D0,99.06829320362346D0,    0000011P   2883
566.6670327179535D0,-266.0597846319773D0,98.79940450024077D0,    0000011P   2884
599.9980830954337D0,-265.3442836402346D0,98.77938228172253D0,    0000011P   2885
633.3440200484408D0,-264.2186265676645D0,99.00077444760817D0,    0000011P   2886
666.6764574538707D0,-262.6866594918614D0,99.45170209269081D0,    0000011P   2887
700.013903258646D0,-260.7471932361601D0,100.1254550816744D0,     0000011P   2888
733.3496135744646D0,-258.3995051586564D0,101.014131324818D0,     0000011P   2889
766.6825217021153D0,-255.6628610061785D0,102.1312791412459D0,    0000011P   2890
805.5851412049886D0,-252.0364255601341D0,103.7181740008255D0,    0000011P   2891
850.0668567989344D0,-247.2906670923927D0,105.9612702806627D0,    0000011P   2892
894.4771784006489D0,-241.8239937725753D0,108.5919656917983D0,    0000011P   2893
933.3886625934781D0,-236.4753310769595D0,111.0799407573748D0,    0000011P   2894
966.7114630635153D0,-231.5325976357861D0,113.3510154247303D0,    0000011P   2895
995.5884263058193D0,-226.9536893712359D0,115.4448769834652D0,    0000011P   2896
1020.030676910568D0,-222.8760066681552D0,117.3043320054633D0,    0000011P   2897
1040.064083353529D0,-219.4171328607906D0,118.8775860211069D0,    0000011P   2898
1060.056162654792D0,-215.8421250485425D0,120.4943432949184D0,    0000011P   2899
1080.036440070926D0,-212.1547140304112D0,122.1511826544921D0,    0000011P   2900
1110.05039180014D0,-206.4349120389283D0,124.695783300336D0,      0000011P   2901
1150.091807726868D0,-198.3620871636684D0,128.2095462537366D0,    0000011P   2902
1194.511349134184D0,-188.7801093929888D0,132.3377391689483D0,    0000011P   2903
1233.406926486528D0,-179.9103685116258D0,136.1226187992202D0,    0000011P   2904
1266.746655517915D0,-171.98284504486D0,139.4716366531535D0,      0000011P   2905
1300.055764317129D0,-163.7304814508974D0,142.9102747081236D0,    0000011P   2906
1333.419690409107D0,-155.086778578738D0,146.4165828441244D0,     0000011P   2907
1366.721436928399D0,-146.139971461209D0,150.0104426515466D0,     0000011P   2908
1395.599675530974D0,-138.143736807812D0,153.2164159699943D0,     0000011P   2909
1420.068797095603D0,-131.1984086246118D0,155.9919719610206D0,    0000011P   2910
1440.11070091641D0,-125.4006825727664D0,158.3164039188486D0,     0000011P   2911
1460.123583215581D0,-119.4813103755097D0,160.6966007488245D0,    0000011P   2912
1480.09493347371D0,-113.4285217839825D0,163.1415277547148D0,     0000011P   2913
1496.409350451182D0,-108.3563921511806D0,165.2054116834125D0,    0000011P   2914
1509.089345526816D0,-104.320641728358D0,166.8502590303784D0,     0000011P   2915
1518.180604509458D0,-101.4006686557406D0,168.0437287944571D0,    0000011P   2916
1527.251426682729D0,-98.45903740033658D0,169.2440724258788D0,    0000011P   2917
1536.317409101227D0,-95.5005916302183D0,170.4475565127606D0,     0000011P   2918
1545.390761756165D0,-92.52512900276403D0,171.648510401569D0,     0000011P   2919
1554.477734462854D0,-89.54047990633883D0,172.843361710059D0,     0000011P   2920
1563.540019375623D0,-86.55587755695011D0,174.0233624679329D0,    0000011P   2921
1572.649591318321D0,-83.55939651170121D0,175.1862727235537D0,    0000011P   2922
1581.697826907035D0,-80.60519216551673D0,176.3309526217564D0,    0000011P   2923
1590.98991872333D0,-77.51485641175151D0,177.4233799007578D0,     0000011P   2924
1600.415532462669D0,-74.69966819776144D0,178.7011785262573D0,    0000011P   2925
1614.74105589688D0,-68.88682218635304D0,179.3614461469047D0,     0000011P   2926
1629.064963592782D0,-63.42974245818616D0,180.2562755940858D0,    0000011P   2927
1643.645964330149D0,-57.72935590169353D0,181.0421013029065D0,    0000011P   2928
1658.232664706724D0,-52.01852230135485D0,181.8008919514512D0,    0000011P   2929
1672.792261220483D0,-46.28986707087943D0,182.5186414992422D0,    0000011P   2930
1687.39851902768D0,-40.53607494112685D0,183.2069050355983D0,     0000011P   2931
1701.991750036256D0,-34.78562582693704D0,183.8725727974086D0,    0000011P   2932
1716.583860445847D0,-29.02830266096642D0,184.5205027889714D0,    0000011P   2933
1731.180939199697D0,-23.26391698885388D0,185.162801016709D0,     0000011P   2934
1745.799118761368D0,-17.47532550475496D0,185.8059140502596D0,    0000011P   2935
1760.348600767793D0,-11.69245707687901D0,186.4594446358354D0,    0000011P   2936
1774.940020553436D0,-5.860423337298363D0,187.1381566633425D0,    0000011P   2937
1784.608446675213D0,-1.959806400253854D0,187.6076117911026D0,    0000011P   2938
1789.437171158283D0,1.211530875622202D-14,187.8495433941794D0,   0000011P   2939
2.793402535393995D-14,-220.4421927065324D0,131.1470775874461D0,  0000011P   2940
16.65662852707672D0,-222.9392506475099D0,129.3107777930179D0,    0000011P   2941
49.97191430284031D0,-227.7793792749459D0,125.6734509468024D0,    0000011P   2942
99.96855750536594D0,-234.5610482611133D0,120.4271091392925D0,    0000011P   2943
149.9393909283935D0,-240.717153070197D0,115.4720539415868D0,     0000011P   2944
194.3975693074153D0,-245.5964165476004D0,111.3989649849108D0,    0000011P   2945
233.2758415829576D0,-249.4272687756929D0,108.117449954259D0,     0000011P   2946
266.6266947777241D0,-252.3899867567138D0,105.5014125589102D0,    0000011P   2947
299.9448212168505D0,-255.0026008515781D0,103.0927154953188D0,    0000011P   2948
333.2875719830275D0,-257.2433390615562D0,100.9030055328097D0,    0000011P   2949
366.6141803397059D0,-259.1170930644838D0,98.96539772659442D0,    0000011P   2950
405.5092856694367D0,-260.8908903906355D0,97.04073438295617D0,    0000011P   2951
449.9797380753997D0,-262.3502804870096D0,95.38423734263444D0,    0000011P   2952
494.4220681689091D0,-263.0734728881691D0,94.26194852121756D0,    0000011P   2953
533.3210460105918D0,-263.1331448255069D0,93.59855094251628D0,    0000011P   2954
566.6663302747927D0,-262.7957446537553D0,93.26813235638707D0,    0000011P   2955
599.9984481948296D0,-262.0765966927527D0,93.20080864716839D0,    0000011P   2956
633.3432620911987D0,-260.9782270346302D0,93.4226060359951D0,     0000011P   2957
666.6763769458632D0,-259.4987235781695D0,93.9141304647586D0,     0000011P   2958
700.0140702000599D0,-257.6312556847879D0,94.66135666505987D0,    0000011P   2959
733.3490256957101D0,-255.3694449600338D0,95.64902927389488D0,    0000011P   2960
766.6819195957603D0,-252.7160525605118D0,96.85834325084274D0,    0000011P   2961
805.5856013620838D0,-249.1644522485019D0,98.50704519554165D0,    0000011P   2962
850.0654471714994D0,-244.4449669225747D0,100.7012238092997D0,    0000011P   2963
894.4778146971853D0,-239.0057219516473D0,103.2761497882748D0,    0000011P   2964
933.387618557186D0,-233.7357010753539D0,105.8103260773248D0,     0000011P   2965
966.710425479953D0,-228.8827235244395D0,108.1590538421629D0,     0000011P   2966
995.5888982751726D0,-224.38802862664D0,110.3294381331547D0,      0000011P   2967
1020.029945816475D0,-220.37743723222D0,112.2437035703857D0,      0000011P   2968
1040.063174929277D0,-216.9719731649974D0,113.8583984088877D0,    0000011P   2969
1060.05460913097D0,-213.4499339537733D0,115.5157172991759D0,     0000011P   2970
1080.035812249756D0,-209.8161257069576D0,117.21492620558D0,      0000011P   2971
1110.051052298204D0,-204.1797529071861D0,119.8299332588966D0,    0000011P   2972
1150.089345913036D0,-196.2295523299995D0,123.4629745215D0,       0000011P   2973
1194.512252140031D0,-186.7851554402806D0,127.7346260949778D0,    0000011P   2974
1233.405624674851D0,-178.026814906812D0,131.630910311342D0,      0000011P   2975
1266.745135512723D0,-170.1904383094661D0,135.0733592845617D0,    0000011P   2976
1300.056570086583D0,-162.02698864147D0,138.6110115297067D0,      0000011P   2977
1333.417986315172D0,-153.4734648037883D0,142.2293857661283D0,    0000011P   2978
1366.719431337482D0,-144.6153428485416D0,145.9436039734412D0,    0000011P   2979
1395.600083251745D0,-136.693530805578D0,149.2568905561547D0,     0000011P   2980
1420.068506803973D0,-129.8092735462244D0,152.1220539363157D0,    0000011P   2981
1440.110704415366D0,-124.05972011227D0,154.5200780300532D0,      0000011P   2982
1460.123763532488D0,-118.1864026849746D0,156.9747613451292D0,    0000011P   2983
1480.095151376147D0,-112.1771708936097D0,159.4958998684078D0,    0000011P   2984
1496.410025703183D0,-107.1382593503592D0,161.6243180932153D0,    0000011P   2985
1509.08821093384D0,-103.1271012617923D0,163.320925907677D0,      0000011P   2986
1518.178623791009D0,-100.2242173025053D0,164.5520836174853D0,    0000011P   2987
1527.248342386945D0,-97.29926361261825D0,165.790424825281D0,     0000011P   2988
1536.313508653095D0,-94.35723481856095D0,167.0320788711452D0,    0000011P   2989
1545.385980592443D0,-91.39818689799907D0,168.2711698708234D0,    0000011P   2990
1554.472744501668D0,-88.43003765041493D0,169.5039958280404D0,    0000011P   2991
1563.534836148716D0,-85.46207785553663D0,170.7214937746287D0,    0000011P   2992
1572.644281982133D0,-82.48288981842025D0,171.9213421434546D0,    0000011P   2993
1581.69617533626D0,-79.54573070667027D0,173.1023548375999D0,     0000011P   2994
1590.978711212992D0,-76.47624234592931D0,174.2292985692405D0,    0000011P   2995
1600.453167788001D0,-73.67262961652877D0,175.5477764510547D0,    0000011P   2996
1614.55506922051D0,-67.93253957753345D0,176.2263640436471D0,     0000011P   2997
1628.728743532869D0,-62.53857630567163D0,177.1473006298116D0,    0000011P   2998
1643.138760779369D0,-56.9087147912699D0,177.9553748141271D0,     0000011P   2999
1657.560527691628D0,-51.27075591333593D0,178.7355221823664D0,    0000011P   3000
1671.956377871755D0,-45.61737754969786D0,179.4732834834038D0,    0000011P   3001
1686.399702316042D0,-39.94131563326703D0,180.1806416421547D0,    0000011P   3002
1700.83164798464D0,-34.27033968127603D0,180.8647145003118D0,     0000011P   3003
1715.263008820942D0,-28.59434556882035D0,181.5305166282105D0,    0000011P   3004
1729.700304820628D0,-22.91304440923366D0,182.1905745494396D0,    0000011P   3005
1744.158482460191D0,-17.2095532058872D0,182.8515544703398D0,     0000011P   3006
1758.549388192845D0,-11.51305960058787D0,183.5233921930605D0,    0000011P   3007
1772.981391865073D0,-5.76973862105099D0,184.2213693484967D0,     0000011P   3008
1782.543646390639D0,-1.929323107617665D0,184.7043066915548D0,    0000011P   3009
1787.319187727337D0,1.211530875622202D-14,184.9532429428045D0,   0000011P   3010
2.788869884830798D-14,-217.2523578965663D0,127.0589843837592D0,  0000011P   3011
16.6573014566349D0,-219.746553770165D0,125.1757777950911D0,      0000011P   3012
49.97346356372061D0,-224.574526366958D0,121.4383428383101D0,     0000011P   3013
99.96801413244855D0,-231.319813220152D0,116.0291645898233D0,     0000011P   3014
149.9400171345516D0,-237.4254991181445D0,110.9040907557284D0,    0000011P   3015
194.3975712401184D0,-242.2460076561056D0,106.669021151402D0,     0000011P   3016
233.2755950719759D0,-246.0138474905149D0,103.2342227473519D0,    0000011P   3017
266.6264241545463D0,-248.9339545072178D0,100.5066753281483D0,    0000011P   3018
299.9451069793717D0,-251.5348206709944D0,98.03424677338656D0,    0000011P   3019
333.2867023217859D0,-253.8138168214042D0,95.85628137894162D0,    0000011P   3020
366.6135795275412D0,-255.7420367481273D0,93.95522951809505D0,    0000011P   3021
405.5097240687891D0,-257.5588922995955D0,92.0435606178466D0,     0000011P   3022
449.9784639367376D0,-258.9823734914714D0,90.27652660267557D0,    0000011P   3023
494.4224460411955D0,-259.6614819324133D0,89.03204171014357D0,    0000011P   3024
533.3205967497762D0,-259.744754728235D0,88.35447068623174D0,     0000011P   3025
566.6656278295138D0,-259.4497163516398D0,88.04395233265184D0,    0000011P   3026
599.9988132935638D0,-258.7745839025182D0,87.99730567821248D0,    0000011P   3027
633.3425041387268D0,-257.7014844348669D0,88.20931778272561D0,    0000011P   3028
666.6762964457619D0,-256.237260557086D0,88.67259076524775D0,     0000011P   3029
700.0142371439443D0,-254.3839353532437D0,89.38526184990882D0,    0000011P   3030
733.348437799128D0,-252.1439825633858D0,90.34421363347917D0,     0000011P   3031
766.6813174598518D0,-249.5236125127427D0,91.5384755659429D0,     0000011P   3032
805.5860615133355D0,-246.0276334178204D0,93.19473418509568D0,    0000011P   3033
850.0640376580482D0,-241.4022368172826D0,95.44666717519966D0,    0000011P   3034
894.4784510755899D0,-236.0742989084965D0,98.10018835400209D0,    0000011P   3035
933.3865742709904D0,-230.9008687937031D0,100.6903335086426D0,    0000011P   3036
966.7093874819911D0,-226.1325531895896D0,103.0853065779299D0,    0000011P   3037
995.5893700770594D0,-221.7152027795226D0,105.3003010065647D0,    0000011P   3038
1020.029215222037D0,-217.7746207214115D0,107.2594221023223D0,    0000011P   3039
1040.062267566806D0,-214.4282075078266D0,108.9135663588211D0,    0000011P   3040
1060.053056979938D0,-210.9658975273659D0,110.6112700572549D0,    0000011P   3041
1080.03518559469D0,-207.3914417334356D0,112.3501350279366D0,     0000011P   3042
1110.051712472601D0,-201.84241928961D0,115.0211140977897D0,      0000011P   3043
1150.086878085995D0,-194.0015102240615D0,118.7145833001805D0,    0000011P   3044
1194.513150826252D0,-184.6826971965055D0,123.072763955252D0,     0000011P   3045
1233.404336081754D0,-176.0510287155204D0,127.0892163273378D0,    0000011P   3046
1266.743637433363D0,-168.3263558349343D0,130.6500100585183D0,    0000011P   3047
1300.057382694781D0,-160.2695262756575D0,134.3059930829105D0,    0000011P   3048
1333.416232522569D0,-151.8106379067684D0,138.0269682361879D0,    0000011P   3049
1366.717343304651D0,-143.0385802736857D0,141.8374030764905D0,    0000011P   3050
1395.600457671181D0,-135.188192430798D0,145.2367185144391D0,     0000011P   3051
1420.068316154498D0,-128.3656572570025D0,148.1816357386134D0,    0000011P   3052
1440.110919717892D0,-122.6664898233426D0,150.6497340750329D0,    0000011P   3053
1460.124217732535D0,-116.8428290462359D0,153.1794607943919D0,    0000011P   3054
1480.095601948391D0,-110.8818535919179D0,155.7809539911502D0,    0000011P   3055
1496.410771667617D0,-105.8806705900968D0,157.9798377269007D0,    0000011P   3056
1509.086923314969D0,-101.897859372781D0,159.7340411369987D0,     0000011P   3057
1518.176304660159D0,-99.01483423963829D0,161.0075320341264D0,    0000011P   3058
1527.244728073779D0,-96.10937803438196D0,162.2888973488533D0,    0000011P   3059
1536.308899193411D0,-93.18660746828543D0,163.5740468782478D0,    0000011P   3060
1545.380342863107D0,-90.24680796578754D0,164.8568172123571D0,    0000011P   3061
1554.4668006902D0,-87.29795586397393D0,166.133294445899D0,       0000011P   3062
1563.528670885544D0,-84.3493706327793D0,167.3940183178596D0,     0000011P   3063
1572.638050351675D0,-81.39011345169833D0,168.6365033506312D0,    0000011P   3064
1581.693767970476D0,-78.47251438750136D0,169.8594349105657D0,    0000011P   3065
1590.967039993464D0,-75.4262363246047D0,171.0262863888214D0,     0000011P   3066
1600.490821581582D0,-72.63660954134511D0,172.3910929051809D0,    0000011P   3067
1614.36985726038D0,-66.97162094801024D0,173.0936822176164D0,     0000011P   3068
1628.394393959087D0,-61.64297248720583D0,174.046312770308D0,     0000011P   3069
1642.634789825532D0,-56.08549616629386D0,174.8816695255962D0,    0000011P   3070
1656.893243983273D0,-50.52194583057057D0,175.6876888137061D0,    0000011P   3071
1671.127219396617D0,-44.94506369374356D0,176.449492009627D0,     0000011P   3072
1685.409725159963D0,-39.34764876253657D0,177.1795237106348D0,    0000011P   3073
1699.682735543737D0,-33.75677202833544D0,177.8851631999888D0,    0000011P   3074
1713.955924493155D0,-28.1624541804354D0,178.5716154508255D0,     0000011P   3075
1728.236235314398D0,-22.56431777162552D0,179.2518613406635D0,    0000011P   3076
1742.537420754959D0,-16.94575198625338D0,179.9328205493096D0,    0000011P   3077
1756.7729643424D0,-11.33521511148403D0,180.6247957716139D0,      0000011P   3078
1771.048962693288D0,-5.679957442436431D0,181.3436202162234D0,    0000011P   3079
1780.507445431749D0,-1.899164062413147D0,181.8409516391219D0,    0000011P   3080
1785.231033723234D0,1.211530875622202D-14,182.0973183828712D0,   0000011P   3081
2.784337234268881D-14,-213.8976220285386D0,123.3733886370556D0,  0000011P   3082
16.65797438619306D0,-216.3747833434318D0,121.4121649396603D0,    0000011P   3083
49.97501282460076D0,-221.1703346219321D0,117.5254069622714D0,    0000011P   3084
99.96747075953101D0,-227.8611773600007D0,111.9039589885356D0,    0000011P   3085
149.9406433407102D0,-233.8988032308044D0,106.5691431667091D0,    0000011P   3086
194.3975731728219D0,-238.6769099026868D0,102.1843553021884D0,    0000011P   3087
233.2753485609935D0,-242.4423417358706D0,98.66988809952406D0,    0000011P   3088
266.6261535313668D0,-245.3612463862307D0,95.8785144575606D0,     0000011P   3089
299.9453927418919D0,-247.9392065347207D0,93.31643396855299D0,    0000011P   3090
333.2858326605464D0,-250.1510542885868D0,90.99298154338628D0,    0000011P   3091
366.6129787153809D0,-252.0054434301966D0,88.93969851241789D0,    0000011P   3092
405.5101624681424D0,-253.7716716300381D0,86.89956834165378D0,    0000011P   3093
449.9771897980577D0,-255.2495397281949D0,85.13697644487694D0,    0000011P   3094
494.4228239134694D0,-256.0000185081143D0,83.91891228667846D0,    0000011P   3095
533.3201474890005D0,-256.0725899983208D0,83.16515232278384D0,    0000011P   3096
566.6649253843006D0,-255.7533706913509D0,82.76822971660947D0,    0000011P   3097
599.9991783923176D0,-255.074044764425D0,82.66109174816985D0,     0000011P   3098
633.3417461861061D0,-254.0518349805095D0,82.88560558077963D0,    0000011P   3099
666.676215945415D0,-252.6672559506586D0,83.39863767115558D0,     0000011P   3100
700.014404087753D0,-250.8961214784738D0,84.1627804388655D0,      0000011P   3101
733.3478499031015D0,-248.714632448329D0,85.13926860774249D0,     0000011P   3102
766.6807153248632D0,-246.1437632336788D0,86.3366039282035D0,     0000011P   3103
805.5865216647676D0,-242.7123863800203D0,88.00236217721779D0,    0000011P   3104
850.0626281410456D0,-238.1956375987483D0,90.30629299609186D0,    0000011P   3105
894.4790874514445D0,-232.9897729246803D0,93.02009848477859D0,    0000011P   3106
933.3855299925791D0,-227.9130286595569D0,95.63885047211024D0,    0000011P   3107
966.708349496937D0,-223.2284537781472D0,98.0562339733177D0,      0000011P   3108
995.5898418841625D0,-218.8914755416724D0,100.3013047449026D0,    0000011P   3109
1020.028484612036D0,-215.0292504041668D0,102.3015103218483D0,    0000011P   3110
1040.061360171265D0,-211.7519524418846D0,103.99748844343D0,      0000011P   3111
1060.051504786149D0,-208.3623227202797D0,105.7436514079699D0,    0000011P   3112
1080.034558903304D0,-204.86271956997D0,107.5361522423341D0,      0000011P   3113
1110.05237265708D0,-199.4276748018471D0,110.293321550093D0,      0000011P   3114
1150.084410446245D0,-191.7382007790213D0,114.1098692175479D0,    0000011P   3115
1194.514049647015D0,-182.5722462623935D0,118.5860726277628D0,    0000011P   3116
1233.403047076942D0,-174.0547329485862D0,122.6683476783603D0,    0000011P   3117
1266.742138671086D0,-166.4217516492487D0,126.2812700478533D0,    0000011P   3118
1300.058195089976D0,-158.4580704032719D0,130.0066490860148D0,    0000011P   3119
1333.414480277912D0,-150.102842739331D0,133.8357970176087D0,     0000011P   3120
1366.715257839608D0,-141.4361143302471D0,137.772986565504D0,     0000011P   3121
1395.600833127841D0,-133.671989259953D0,141.2805755188385D0,     0000011P   3122
1420.068122401505D0,-126.9151732911913D0,144.303607479778D0,     0000011P   3123
1440.111128423449D0,-121.2658003758574D0,146.8313101892073D0,    0000011P   3124
1460.124663402045D0,-115.4887600353122D0,149.4200059840871D0,    0000011P   3125
1480.096045273753D0,-109.571984918459D0,152.0836961805282D0,     0000011P   3126
1496.411515429596D0,-104.6055399234519D0,154.3393495500289D0,    0000011P   3127
1509.085640462339D0,-100.649596551161D0,156.1427831399154D0,     0000011P   3128
1518.173996069715D0,-97.78571707621478D0,157.4535649086927D0,    0000011P   3129
1527.241130268867D0,-94.89935579711509D0,158.7737797757466D0,    0000011P   3130
1536.304311817049D0,-91.99571536529115D0,160.0990331212357D0,    0000011P   3131
1545.374731812905D0,-89.07527450726722D0,161.4227891356115D0,    0000011P   3132
1554.460886587955D0,-86.14603195304447D0,162.7408371306875D0,    0000011P   3133
1563.522536209494D0,-83.21729971807646D0,164.043234678706D0,     0000011P   3134
1572.631847447577D0,-80.27858171160868D0,165.3272475176882D0,    0000011P   3135
1581.69138414516D0,-77.38124475488957D0,166.5913476033585D0,     0000011P   3136
1590.955383216915D0,-74.35893664642134D0,167.7976301319605D0,    0000011P   3137
1600.52847479994D0,-71.58415865348438D0,169.2084472277098D0,     0000011P   3138
1614.18462117045D0,-65.99519552917292D0,169.9348354359871D0,     0000011P   3139
1628.059986125966D0,-60.73285535568984D0,170.9191538427293D0,    0000011P   3140
1642.130718187193D0,-55.24876206198859D0,171.7820362157667D0,    0000011P   3141
1656.225809110766D0,-49.76063732106229D0,172.6144545269004D0,    0000011P   3142
1670.297851464327D0,-44.26130254390626D0,173.4011456743587D0,    0000011P   3143
1684.419472681514D0,-38.74363467246497D0,174.1550508249014D0,    0000011P   3144
1698.533474584165D0,-33.23402103368581D0,174.8838456004784D0,    0000011P   3145
1712.648411360453D0,-27.72262199247199D0,175.5929602741508D0,    0000011P   3146
1726.771649868196D0,-22.20898640247627D0,176.2958649744909D0,    0000011P   3147
1740.915749367021D0,-16.67679049043088D0,176.9997677518952D0,    0000011P   3148
1754.995830699974D0,-11.15377805026731D0,177.715373091038D0,     0000011P   3149
1769.11571749484D0,-5.588289505916444D0,178.4591006754425D0,     0000011P   3150
1778.470353700227D0,-1.86835744980146D0,178.9739288322562D0,     0000011P   3151
1783.141950632994D0,1.211530875622202D-14,179.2393829001445D0,   0000011P   3152
2.779804583706564D-14,-210.2244693446174D0,119.9006564232408D0,  0000011P   3153
16.65864731575122D0,-212.666854868371D0,117.8628747107022D0,     0000011P   3154
49.97656208548048D0,-217.3982386926607D0,113.8254131007049D0,    0000011P   3155
99.96692738661311D0,-224.0261924837946D0,108.0020261354252D0,    0000011P   3156
149.9412695468709D0,-230.0543042702311D0,102.5054243015487D0,    0000011P   3157
194.397575105527D0,-234.8271070439794D0,97.97963966398523D0,     0000011P   3158
233.2751020500065D0,-238.5577109501243D0,94.31960756839897D0,    0000011P   3159
266.62588290818D0,-241.4478415222881D0,91.41273133420795D0,      0000011P   3160
299.9456785044104D0,-244.0199759295495D0,88.76901211932196D0,    0000011P   3161
333.2849629993258D0,-246.2704951463726D0,86.42222257608387D0,    0000011P   3162
366.6123779032507D0,-248.1752375175347D0,84.36221185367128D0,    0000011P   3163
405.5106008675016D0,-249.9755735845473D0,82.28539280712798D0,    0000011P   3164
449.9759156592636D0,-251.4029779073615D0,80.37137197270984D0,    0000011P   3165
494.4232017856612D0,-252.1093871155594D0,79.01527071574941D0,    0000011P   3166
533.3196982284727D0,-252.2305597012413D0,78.25610609819589D0,    0000011P   3167
566.6642229394985D0,-251.9755914229718D0,77.882394258785D0,      0000011P   3168
599.9995434912008D0,-251.3460016670024D0,77.7753466238121D0,     0000011P   3169
633.3409882325612D0,-250.3219719384202D0,77.92589358626042D0,    0000011P   3170
666.676135443535D0,-248.9208921363907D0,78.34150500321096D0,     0000011P   3171
700.0145710310819D0,-247.1555495007555D0,79.03553370496368D0,    0000011P   3172
733.3472620105312D0,-245.0391825085862D0,80.02005037929325D0,    0000011P   3173
766.6801131956048D0,-242.5677322854294D0,81.26928256259409D0,    0000011P   3174
805.5869818173345D0,-239.2631642310445D0,83.00674426804962D0,    0000011P   3175
850.0612186019475D0,-234.86514271998D0,85.35120678287532D0,      0000011P   3176
894.4797238114286D0,-229.7625641580708D0,88.07725340574109D0,    0000011P   3177
933.384485762615D0,-224.7774874867221D0,90.70166467113265D0,     0000011P   3178
966.7073115922196D0,-220.1762231005671D0,93.12650061346335D0,    0000011P   3179
995.5903137237314D0,-215.9191482181098D0,95.38547914666098D0,    0000011P   3180
1020.02775390517D0,-212.1324720478963D0,97.40595229622251D0,     0000011P   3181
1040.060452569883D0,-208.921324780482D0,99.12391701508084D0,     0000011P   3182
1060.049952326226D0,-205.6015682814787D0,100.8974994219478D0,    0000011P   3183
1080.033931985853D0,-202.1749894012129D0,102.7230003567907D0,    0000011P   3184
1110.053032904305D0,-196.8538793602328D0,105.5383446810877D0,    0000011P   3185
1150.081943972233D0,-189.3250136786821D0,109.453244644296D0,     0000011P   3186
1194.514949305194D0,-180.3339251273154D0,114.0466563097512D0,    0000011P   3187
1233.40175550954D0,-171.9563608632454D0,118.2183629447787D0,     0000011P   3188
1266.740635658207D0,-164.4358917258811D0,121.9040867272897D0,    0000011P   3189
1300.059006159392D0,-156.5790552684375D0,125.7035810157539D0,    0000011P   3190
1333.412737667978D0,-148.3281690148532D0,129.6131191543576D0,    0000011P   3191
1366.713188356985D0,-139.7641113674764D0,133.6434382922062D0,    0000011P   3192
1395.601215040392D0,-132.0895065063481D0,137.2483916131864D0,    0000011P   3193
1420.067909331608D0,-125.4107003529465D0,140.3685314769696D0,    0000011P   3194
1440.111296068178D0,-119.8247239687135D0,142.9822589629413D0,    0000011P   3195
1460.125055975807D0,-114.1090689823229D0,145.6606036338295D0,    0000011P   3196
1480.0964434931D0,-108.2500629318619D0,148.414846065722D0,       0000011P   3197
1496.412245483067D0,-103.3265583191713D0,150.7431985701859D0,    0000011P   3198
1509.084387275736D0,-99.40112325175346D0,152.6010688978745D0,    0000011P   3199
1518.171753084843D0,-96.55790863319977D0,153.9500275639084D0,    0000011P   3200
1527.237635214603D0,-93.69121953142069D0,155.3075290294441D0,    0000011P   3201
1536.299861891641D0,-90.80649227408468D0,156.6692704549D0,       0000011P   3202
1545.369286818898D0,-87.90454662588488D0,158.0287398283023D0,    0000011P   3203
1554.455157401783D0,-84.9935514458215D0,159.3818258757299D0,     0000011P   3204
1563.516591913729D0,-82.08295903095041D0,160.7185001998512D0,    0000011P   3205
1572.625823342015D0,-79.16286375635144D0,162.0361759514862D0,    0000011P   3206
1581.68914684037D0,-76.28381693383457D0,163.333507872902D0,      0000011P   3207
1590.943816336322D0,-73.28359901207145D0,164.5716091625969D0,    0000011P   3208
1600.566124437993D0,-70.5218583910717D0,166.0208239960418D0,     0000011P   3209
1613.999234891872D0,-65.00748012144794D0,166.7642396058859D0,    0000011P   3210
1627.725215675195D0,-59.81049150201113D0,167.7746535486357D0,    0000011P   3211
1641.626019868608D0,-54.39937229758041D0,168.6610714409845D0,    0000011P   3212
1655.557433362698D0,-48.98675126502997D0,169.5173379941439D0,    0000011P   3213
1669.467179829313D0,-43.5654682688271D0,170.3276427274155D0,     0000011P   3214
1683.427506542205D0,-38.12841744232117D0,171.1052604748784D0,    0000011P   3215
1697.382044375494D0,-32.70124170420534D0,171.858000295007D0,     0000011P   3216
1711.338229261186D0,-27.27418035117506D0,172.591354858622D0,     0000011P   3217
1725.303853109607D0,-21.84664779393099D0,173.3191206431838D0,    0000011P   3218
1739.290283193392D0,-16.40254655777419D0,174.0486311675132D0,    0000011P   3219
1753.214279171943D0,-10.96884519958685D0,174.7908298039438D0,    0000011P   3220
1767.177393185136D0,-5.494913528295967D0,175.5625598087092D0,    0000011P   3221
1776.427717623772D0,-1.836994866449473D0,176.0969330184494D0,    0000011P   3222
1781.047084726983D0,1.211530875622202D-14,176.3724669526137D0,   0000011P   3223
2.775271933144411D-14,-206.3264288273237D0,116.5775759702601D0,  0000011P   3224
16.6593202453094D0,-208.7397776933543D0,114.5044054093633D0,     0000011P   3225
49.97811134635993D0,-213.4186875916664D0,110.3895089750644D0,    0000011P   3226
99.96638401369486D0,-219.978538125282D0,104.4177779949011D0,     0000011P   3227
149.9418957530332D0,-225.9458622207268D0,98.72779289541103D0,    0000011P   3228
194.3975770382331D0,-230.6891689990096D0,94.03465670798806D0,    0000011P   3229
233.2748555390155D0,-234.4245332414926D0,90.26342268166926D0,    0000011P   3230
266.6256122849866D0,-237.3173334721502D0,87.26263257233021D0,    0000011P   3231
299.9459642669264D0,-239.8687142453803D0,84.50403010481944D0,    0000011P   3232
333.284093338118D0,-242.0530700647359D0,81.99924020890371D0,     0000011P   3233
366.6117770911425D0,-243.8804507713835D0,79.77325231924556D0,    0000011P   3234
405.5110392668652D0,-245.6168766767259D0,77.53431146163409D0,    0000011P   3235
449.9746415203845D0,-247.0648703240019D0,75.53809703086078D0,    0000011P   3236
494.4235796577919D0,-247.8503491643151D0,74.1635597359797D0,     0000011P   3237
533.3192489681312D0,-248.0442179812214D0,73.39176199795821D0,    0000011P   3238
566.6635204950047D0,-247.8551608061561D0,73.01266736992734D0,    0000011P   3239
599.9999085901798D0,-247.2962620181349D0,72.90890488157777D0,    0000011P   3240
633.3402302783202D0,-246.3489410813395D0,73.07466187663812D0,    0000011P   3241
666.6760549405021D0,-245.0251195180334D0,73.50731749535282D0,    0000011P   3242
700.0147379740508D0,-243.3322336167053D0,74.21031288905158D0,    0000011P   3243
733.3466741205607D0,-241.2781276855748D0,75.18573838105526D0,    0000011P   3244
766.6795110706555D0,-238.8636544929382D0,76.4148081262217D0,     0000011P   3245
805.5874419707524D0,-235.6251887968324D0,78.12400889510772D0,    0000011P   3246
850.059809046226D0,-231.3106946512544D0,80.44118036265736D0,     0000011P   3247
894.4803601594729D0,-226.3272493259042D0,83.18496053946508D0,    0000011P   3248
933.3834415690936D0,-221.4923060230958D0,85.88624211146889D0,    0000011P   3249
966.7062737479334D0,-217.032981997607D0,88.39290630986685D0,     0000011P   3250
995.5907855877213D0,-212.8947450218508D0,90.71371714579813D0,    0000011P   3251
1020.02702312544D0,-209.1954472270234D0,92.76473895535013D0,     0000011P   3252
1040.059544813662D0,-206.0494194729503D0,94.49686368035805D0,    0000011P   3253
1060.048399666109D0,-202.7900815695641D0,96.27620558000085D0,    0000011P   3254
1080.03330489835D0,-199.4209500493354D0,98.1016312188379D0,      0000011P   3255
1110.053693198732D0,-194.1846125347527D0,100.9118998455901D0,    0000011P   3256
1150.079478375129D0,-186.7720757341953D0,104.817551052469D0,     0000011P   3257
1194.515849593304D0,-177.939091528081D0,109.460094245955D0,      0000011P   3258
1233.400462014468D0,-169.7406126690651D0,113.7642022347083D0,    0000011P   3259
1266.739129447877D0,-162.3816110789318D0,117.5894500735866D0,    0000011P   3260
1300.059816231513D0,-154.6742558462063D0,121.5188169688787D0,    0000011P   3261
1333.411002305617D0,-146.5421285145995D0,125.5123544325238D0,    0000011P   3262
1366.711130896894D0,-138.0786818626259D0,129.6091996448408D0,    0000011P   3263
1395.601601809287D0,-130.4878232390213D0,133.2815102983134D0,    0000011P   3264
1420.06768173086D0,-123.886444003353D0,136.4817336633415D0,      0000011P   3265
1440.111432825519D0,-118.3656069645321D0,139.1725493387396D0,    0000011P   3266
1460.125408609095D0,-112.7148615181308D0,141.9364688797254D0,    0000011P   3267
1480.096807782128D0,-106.9184905912899D0,144.7818889072111D0,    0000011P   3268
1496.412965224519D0,-102.0426514887948D0,147.1871685265395D0,    0000011P   3269
1509.083156404952D0,-98.15162184022445D0,149.1048039436862D0,    0000011P   3270
1518.169559450766D0,-95.33192059718787D0,150.4964867972415D0,    0000011P   3271
1527.234217452955D0,-92.4877667698109D0,151.896364848777D0,      0000011P   3272
1536.295515361632D0,-89.62478922950128D0,153.3000409297873D0,    0000011P   3273
1545.363966738151D0,-86.74410764662098D0,154.7008407166897D0,    0000011P   3274
1554.449567315926D0,-83.85401987666921D0,156.0945662406452D0,    0000011P   3275
1563.510790828651D0,-80.96407736580414D0,157.4709170255647D0,    0000011P   3276
1572.619933734944D0,-78.06492382243991D0,158.8272675258837D0,    0000011P   3277
1581.687019753427D0,-75.20625391644803D0,160.1622691612282D0,    0000011P   3278
1590.932317078598D0,-72.22993961416952D0,161.4358670231681D0,    0000011P   3279
1600.603771382813D0,-69.48289216686736D0,162.9264970690183D0,    0000011P   3280
1613.813735636156D0,-64.04441386766416D0,163.6886592247774D0,    0000011P   3281
1627.390172450782D0,-58.9136086993529D0,164.7251583627053D0,     0000011P   3282
1641.12085013929D0,-53.57571537629238D0,165.6332997101989D0,     0000011P   3283
1654.888349855227D0,-48.23828665145693D0,166.5098772393484D0,    0000011P   3284
1668.635527503655D0,-42.89419775500483D0,167.3386096119967D0,    0000011P   3285
1682.434251327449D0,-37.5363769239094D0,168.1331818510092D0,     0000011P   3286
1696.228982382022D0,-32.18973958082863D0,168.9016129728535D0,    0000011P   3287
1710.026039472217D0,-26.84462086646921D0,169.6495345675773D0,    0000011P   3288
1723.833640689882D0,-21.50031766079877D0,170.3911459829971D0,    0000011P   3289
1737.661962449666D0,-16.14097569990625D0,171.1339827278256D0,    0000011P   3290
1751.429404356335D0,-10.79280521584354D0,171.8893035835236D0,    0000011P   3291
1765.235248190867D0,-5.406222314752838D0,172.6744519005028D0,    0000011P   3292
1774.380910897762D0,-1.807237656742172D0,173.2179564186324D0,    0000011P   3293
1778.947868785339D0,1.211530875622202D-14,173.4982033489387D0,   0000011P   3294
2.770739282582235D-14,-202.3545318042843D0,113.4941045792933D0,  0000011P   3295
16.65999317486755D0,-204.7051621918405D0,111.354739048655D0,     0000011P   3296
49.97966060723994D0,-209.2672601183125D0,107.1051862149359D0,    0000011P   3297
99.9658406407772D0,-215.7116469394532D0,100.9552674220971D0,     0000011P   3298
149.9425219591923D0,-221.65981930921D0,95.14063051183872D0,      0000011P   3299
194.397578970937D0,-226.3831216510288D0,90.31486424455346D0,     0000011P   3300
233.2746090280319D0,-230.0341877037337D0,86.36095228884463D0,    0000011P   3301
266.6253416618054D0,-232.8531228876799D0,83.20096489855995D0,    0000011P   3302
299.9462500294463D0,-235.3731543216276D0,80.32358438394297D0,    0000011P   3303
333.2832236768836D0,-237.612314478037D0,77.78319349421506D0,     0000011P   3304
366.6111762789901D0,-239.5335580860825D0,75.56009175532779D0,    0000011P   3305
405.5114776662199D0,-241.3702993695843D0,73.3177780464341D0,     0000011P   3306
449.9733673816746D0,-242.8421321080933D0,71.23489482612679D0,    0000011P   3307
494.4239575300441D0,-243.5989714957436D0,69.72286308673006D0,    0000011P   3308
533.3187997074192D0,-243.7703977513636D0,68.82935822666487D0,    0000011P   3309
566.6628180498977D0,-243.575552326605D0,68.35871185996128D0,     0000011P   3310
600.0002736889675D0,-243.0358913434675D0,68.18999368352115D0,    0000011P   3311
633.3394723254613D0,-242.1445160618042D0,68.33130539815747D0,    0000011P   3312
666.6759744397596D0,-240.891986723638D0,68.75616066214238D0,     0000011P   3313
700.0149049177352D0,-239.2644920321376D0,69.44430496794915D0,    0000011P   3314
733.3460862254252D0,-237.2485668309976D0,70.3740564354456D0,     0000011P   3315
766.6789089371448D0,-234.8665206674116D0,71.55053749114467D0,    0000011P   3316
805.5879021224773D0,-231.6842965140475D0,73.21826042125056D0,    0000011P   3317
850.0583995235238D0,-227.4966440364421D0,75.55659562451827D0,    0000011P   3318
894.4809965312336D0,-222.674208373289D0,78.35491868518474D0,     0000011P   3319
933.3823973031792D0,-217.9759486373758D0,81.09237374851097D0,    0000011P   3320
966.7052357836026D0,-213.6319072484435D0,83.62360129291213D0,    0000011P   3321
995.5912574031994D0,-209.5930576899934D0,85.96131561745222D0,    0000011P   3322
1020.026292490453D0,-205.9785397564944D0,88.02440851601772D0,    0000011P   3323
1040.058637365024D0,-202.9042296579166D0,89.76885960707202D0,    0000011P   3324
1060.04684740367D0,-199.7208169294859D0,91.56668398713079D0,     0000011P   3325
1080.032678148649D0,-196.4337287685036D0,93.42056305208884D0,    0000011P   3326
1110.054353399396D0,-191.3330771347478D0,96.29428443416818D0,    0000011P   3327
1150.077011036085D0,-184.1381160374226D0,100.346624284573D0,     0000011P   3328
1194.516748630081D0,-175.5357488425477D0,105.1336800623023D0,    0000011P   3329
1233.399172348628D0,-167.4823325254326D0,109.4642848011429D0,    0000011P   3330
1266.737629589143D0,-160.2312407561266D0,113.2931595326777D0,    0000011P   3331
1300.060628284718D0,-152.6382856355893D0,117.2569886645303D0,    0000011P   3332
1333.409252546266D0,-144.6515467425066D0,121.3659340269355D0,    0000011P   3333
1366.709049554564D0,-136.3426755800995D0,125.6157600039567D0,    0000011P   3334
1395.601978931264D0,-128.8759284042989D0,129.4152434138444D0,    0000011P   3335
1420.067482995012D0,-122.3613205245354D0,132.6931695246078D0,    0000011P   3336
1440.111630939309D0,-116.9019266571945D0,135.4350888079871D0,    0000011P   3337
1460.125840582394D0,-111.3050211704526D0,138.2432904737031D0,    0000011P   3338
1480.097239472255D0,-105.5568288904801D0,141.1320110534855D0,    0000011P   3339
1496.413705450346D0,-100.7173046416342D0,143.5767525716834D0,    0000011P   3340
1509.081881204764D0,-96.85396902100884D0,145.5300128301111D0,    0000011P   3341
1518.167267783481D0,-94.05386218292125D0,146.9492795165814D0,    0000011P   3342
1527.230646152889D0,-91.22914643558336D0,148.3784397161656D0,    0000011P   3343
1536.290963441166D0,-88.38557432261669D0,149.8128884535008D0,    0000011P   3344
1545.358398522654D0,-85.52449654852659D0,151.2456756154612D0,    0000011P   3345
1554.44370091335D0,-82.6542710937857D0,152.6724030603557D0,      0000011P   3346
1563.504705261781D0,-79.78447968212905D0,154.0823847554039D0,    0000011P   3347
1572.613776952477D0,-76.90624648377954D0,155.4728429807225D0,    0000011P   3348
1581.684673723531D0,-74.06834065514474D0,156.8423123553627D0,    0000011P   3349
1590.920683490987D0,-71.11665680870954D0,158.1494563860318D0,    0000011P   3350
1600.641423677619D0,-68.38540456909712D0,159.6806043333575D0,    0000011P   3351
1613.628460804602D0,-63.02431518981678D0,160.4619642533187D0,    0000011P   3352
1627.055671079322D0,-57.96168819446325D0,161.5268543928527D0,    0000011P   3353
1640.616616846854D0,-52.69942072386334D0,162.460887203685D0,     0000011P   3354
1654.220672280974D0,-47.44001784460988D0,163.3638525768686D0,    0000011P   3355
1667.805823277236D0,-42.17641847007051D0,164.2190449748728D0,    0000011P   3356
1681.443556804908D0,-36.90161325836089D0,165.0406062674343D0,    0000011P   3357
1695.07916185797D0,-31.63981845362218D0,165.8368120870986D0,     0000011P   3358
1708.717837871376D0,-26.38149335809069D0,166.6134796012252D0,    0000011P   3359
1722.368226875768D0,-21.1258456385194D0,167.3852576860716D0,     0000011P   3360
1736.039312185082D0,-15.85729255930347D0,168.1599304983275D0,    0000011P   3361
1749.651131106724D0,-10.60131434518289D0,168.9491188866653D0,    0000011P   3362
1763.300692820044D0,-5.30940171703339D0,169.7707129537602D0,     0000011P   3363
1772.342388985406D0,-1.774691014313845D0,170.3402529272896D0,    0000011P   3364
1776.857293999979D0,1.211530875622202D-14,170.6340608340266D0,   0000011P   3365
2.766206632019986D-14,-198.2413103586216D0,110.6004685730384D0,  0000011P   3366
16.66066610442571D0,-200.5590974506765D0,108.4211399834032D0,    0000011P   3367
49.98120986811876D0,-205.0610724513398D0,104.086804093083D0,     0000011P   3368
99.96529726785836D0,-211.4068954786577D0,97.77191919378755D0,    0000011P   3369
149.9431481653576D0,-217.2260152559005D0,91.73070229277136D0,    0000011P   3370
194.3975809036455D0,-221.8758874209343D0,86.72265847426027D0,    0000011P   3371
233.2743625170349D0,-225.5419500706239D0,82.67635209281654D0,    0000011P   3372
266.6250710386017D0,-228.3918615721469D0,79.45181184932005D0,    0000011P   3373
299.9465357919593D0,-230.9252501325632D0,76.49361982606979D0,    0000011P   3374
333.2823540156997D0,-233.124501666159D0,73.82552096228901D0,     0000011P   3375
366.6105754669213D0,-234.9879597020794D0,71.46018995153273D0,    0000011P   3376
405.5119160655915D0,-236.7771894641315D0,69.07260474280109D0,    0000011P   3377
449.9720932426451D0,-238.2810947220666D0,66.90673021551903D0,    0000011P   3378
494.4243354020669D0,-239.1077249367956D0,65.35170120992186D0,    0000011P   3379
533.3183504474054D0,-239.31981440813D0,64.40693428984673D0,      0000011P   3380
566.6621156059472D0,-239.151842332344D0,63.88603023544718D0,     0000011P   3381
600.0006387881168D0,-238.6370222615404D0,63.66389990067859D0,    0000011P   3382
633.3387143699983D0,-237.7744772142509D0,63.75186180357924D0,    0000011P   3383
666.6758939347006D0,-236.5622162001469D0,64.13342859936496D0,    0000011P   3384
700.0150718600704D0,-234.9939902959227D0,64.79851419987494D0,    0000011P   3385
733.3454983400214D0,-233.0639024529665D0,65.73560603312109D0,    0000011P   3386
766.6783068197673D0,-230.785634815202D0,66.93916396200922D0,     0000011P   3387
805.5883622773932D0,-227.7354065963661D0,68.64907137466867D0,    0000011P   3388
850.0569899386019D0,-223.7000320153622D0,71.03296204427943D0,    0000011P   3389
894.4816328583046D0,-219.0179488664483D0,73.85431557895515D0,    0000011P   3390
933.3813531736797D0,-214.4246396256336D0,76.58123184832024D0,    0000011P   3391
966.7041980454801D0,-210.1714842357886D0,79.1008797072822D0,     0000011P   3392
995.5917293100922D0,-206.2239145816642D0,81.44238706317317D0,    0000011P   3393
1020.025561582718D0,-202.7033535937798D0,83.52887485531653D0,    0000011P   3394
1040.057729336789D0,-199.7123896346371D0,85.29938519275106D0,    0000011P   3395
1060.045294391863D0,-196.614866114457D0,87.12451907258478D0,     0000011P   3396
1080.032050762406D0,-193.4123479812373D0,89.00141309807663D0,    0000011P   3397
1110.055013776741D0,-188.4313209281894D0,91.89489425386759D0,    0000011P   3398
1150.074546979485D0,-181.3656402764574D0,95.91943253999989D0,    0000011P   3399
1194.517650024822D0,-172.9189928773987D0,100.7006795890791D0,    0000011P   3400
1233.397875467135D0,-165.0570868057425D0,105.1255902994679D0,    0000011P   3401
1266.736117761711D0,-157.9841560848547D0,109.065063067458D0,     0000011P   3402
1300.061436604845D0,-150.5594539408746D0,113.1304507220614D0,    0000011P   3403
1333.407529916036D0,-142.7083365683567D0,117.2925475226175D0,    0000011P   3404
1366.707013214983D0,-134.5166627998574D0,121.5798447497228D0,    0000011P   3405
1395.602374231513D0,-127.14921697779D0,125.4268416012649D0,      0000011P   3406
1420.067229867285D0,-120.7269791606904D0,128.774238417256D0,     0000011P   3407
1440.111713435425D0,-115.3457236257258D0,131.5883754001735D0,    0000011P   3408
1460.126123050508D0,-109.82712800673D0,134.4811184728897D0,      0000011P   3409
1480.097544154409D0,-104.1550303355162D0,137.4638237558809D0,    0000011P   3410
1496.414407076225D0,-99.37396490987918D0,139.9909406450392D0,    0000011P   3411
1509.080689537155D0,-95.55315408289053D0,142.0100008732765D0,    0000011P   3412
1518.165160846109D0,-92.78222758723254D0,143.4769701493626D0,    0000011P   3413
1527.227364174564D0,-89.98554156483544D0,144.9539875111219D0,    0000011P   3414
1536.286798550376D0,-87.16902024874753D0,146.4362022333461D0,    0000011P   3415
1545.353297882491D0,-84.3342933948306D0,147.9163504703782D0,     0000011P   3416
1554.438355191101D0,-81.48982712574386D0,149.3897959646877D0,    0000011P   3417
1563.49915576118D0,-78.6452814600122D0,150.8454291838145D0,      0000011P   3418
1572.608123624788D0,-75.79230904688041D0,152.2802822905691D0,    0000011P   3419
1581.6827402611D0,-72.97880154650514D0,153.6927351604397D0,      0000011P   3420
1590.90930302932D0,-70.05472423472824D0,155.0401317722832D0,     0000011P   3421
1600.679065891123D0,-67.34188069832014D0,156.6171652086488D0,    0000011P   3422
1613.442763077012D0,-62.06025482439596D0,157.4209613346889D0,    0000011P   3423
1626.720148661534D0,-57.06706989195789D0,158.5145221033434D0,    0000011P   3424
1640.1106189697D0,-51.88068220896192D0,159.471502565203D0,       0000011P   3425
1653.550345421626D0,-46.69852941265151D0,160.3947041310894D0,    0000011P   3426
1666.97244812946D0,-41.51359435663586D0,161.2670126649031D0,     0000011P   3427
1680.44803701497D0,-36.31891037720511D0,162.1030424840578D0,     0000011P   3428
1693.923233236807D0,-31.13797479701574D0,162.9113414379816D0,    0000011P   3429
1707.402121086148D0,-25.96135133686587D0,163.6979278721514D0,    0000011P   3430
1720.893770758528D0,-20.78813870732594D0,164.4779157920708D0,    0000011P   3431
1734.405976693281D0,-15.60300595812953D0,165.2593536032117D0,    0000011P   3432
1747.860418126556D0,-10.43068356373687D0,166.0542398222636D0,    0000011P   3433
1761.351835862183D0,-5.223717116789388D0,166.88102690497D0,      0000011P   3434
1770.288255497005D0,-1.745992718539629D0,167.453722223048D0,     0000011P   3435
1774.750436160578D0,1.211530875622202D-14,167.749142412295D0,    0000011P   3436
2.761673981457734D-14,-193.9124761546789D0,107.8537541064441D0,  0000011P   3437
16.6613390339839D0,-196.2134839263684D0,105.6417904317434D0,     0000011P   3438
49.98275912900029D0,-200.6783937239073D0,101.2313027668754D0,    0000011P   3439
99.96475389494225D0,-206.9461102188966D0,94.7635161348928D0,     0000011P   3440
149.9437743715095D0,-212.6556014296594D0,88.52406493895333D0,    0000011P   3441
194.397582836344D0,-217.2135974655292D0,83.32766265295989D0,     0000011P   3442
233.2741160060669D0,-220.82726958105D0,79.12768471290501D0,      0000011P   3443
266.6248004154465D0,-223.6491713802468D0,75.78185875565544D0,    0000011P   3444
299.9468215544873D0,-226.1693890072459D0,72.71583840466873D0,    0000011P   3445
333.2814843544065D0,-228.3680877502394D0,69.95640235446606D0,    0000011P   3446
366.6099746546717D0,-230.2371021924741D0,67.50855477385163D0,    0000011P   3447
405.5123544649269D0,-232.032170171868D0,65.02620831023342D0,     0000011P   3448
449.9708191043078D0,-233.5308577917719D0,62.74184558142085D0,    0000011P   3449
494.4247132745865D0,-234.3800852572153D0,61.09578619507081D0,    0000011P   3450
533.3179011858822D0,-234.6627393164189D0,60.12069851478306D0,    0000011P   3451
566.6614131594955D0,-234.5710864253011D0,59.5898267453792D0,     0000011P   3452
600.0010038864837D0,-234.1294672230675D0,59.35616175702083D0,    0000011P   3453
633.3379564201669D0,-233.3181088178306D0,59.41347496821953D0,    0000011P   3454
666.6758134389764D0,-232.1460267636242D0,59.75466919858668D0,    0000011P   3455
700.0152388053242D0,-230.6180866373316D0,60.37921247004866D0,    0000011P   3456
733.3449104335737D0,-228.7394998006151D0,61.28512790905212D0,    0000011P   3457
766.6777046675019D0,-226.5228787397471D0,62.46451638477906D0,    0000011P   3458
805.5888224254096D0,-223.5552108370602D0,64.1516502743426D0,     0000011P   3459
850.0555804882355D0,-219.6278958857505D0,66.51340127432236D0,    0000011P   3460
894.4822692820203D0,-215.077404327111D0,69.33122956376336D0,     0000011P   3461
933.3803087491737D0,-210.6224392887883D0,72.0787880674487D0,     0000011P   3462
966.7031598181659D0,-206.4964966114623D0,74.62235551577876D0,    0000011P   3463
995.5922010192936D0,-202.6605298214614D0,76.98114526465753D0,    0000011P   3464
1020.024831264818D0,-199.2314485576014D0,79.07383256040751D0,    0000011P   3465
1040.05682256197D0,-196.3154604528068D0,80.8475370479306D0,      0000011P   3466
1060.043743000614D0,-193.2949027414376D0,82.67719332244739D0,    0000011P   3467
1080.03142475273D0,-190.1732653718235D0,84.56324578445749D0,     0000011P   3468
1110.055673772002D0,-185.3228857080366D0,87.48238987333963D0,    0000011P   3469
1150.072075824377D0,-178.4603967617733D0,91.58081385537754D0,    0000011P   3470
1194.518546320307D0,-170.2440747950459D0,96.44715649068495D0,    0000011P   3471
1233.396594189979D0,-162.5588943152686D0,100.9041736505753D0,    0000011P   3472
1266.7346318174D0,-155.6314100688668D0,104.8686141817047D0,      0000011P   3473
1300.062252998009D0,-148.3574048726075D0,108.983142868848D0,     0000011P   3474
1333.405748617253D0,-140.675012331249D0,113.2452791659717D0,     0000011P   3475
1366.704879553925D0,-132.6545934507009D0,117.6561941493972D0,    0000011P   3476
1395.602730220023D0,-125.425457628832D0,121.606845247667D0,      0000011P   3477
1420.067094365669D0,-119.1055996012393D0,125.0229103078711D0,    0000011P   3478
1440.112045962566D0,-113.7999825961188D0,127.8859719904543D0,    0000011P   3479
1460.126728833674D0,-108.3500049948257D0,130.8245535915365D0,    0000011P   3480
1480.098123499876D0,-102.7406351617695D0,133.8543558115105D0,    0000011P   3481
1496.415192177097D0,-98.00695010088636D0,136.4246543249951D0,    0000011P   3482
1509.079317224708D0,-94.2215941795487D0,138.4818886603086D0,     0000011P   3483
1518.162654417833D0,-91.47544765269127D0,139.9781099632174D0,    0000011P   3484
1527.223456518448D0,-88.70302044672458D0,141.4859173271901D0,    0000011P   3485
1536.28179668179D0,-85.91037179297912D0,143.0002505798609D0,     0000011P   3486
1545.347186079113D0,-83.09937380752861D0,144.5135684457306D0,    0000011P   3487
1554.431883462506D0,-80.27856406407419D0,146.0210328541169D0,    0000011P   3488
1563.492446981092D0,-77.45764418478606D0,147.5111470755689D0,    0000011P   3489
1572.601381542165D0,-74.62875860678633D0,148.9807894582786D0,    0000011P   3490
1581.679914593683D0,-71.83888480283622D0,150.4282214368599D0,    0000011P   3491
1590.897375165716D0,-68.9420220209899D0,151.8095037650075D0,     0000011P   3492
1600.716729906126D0,-66.24752525195414D0,153.4272385675546D0,    0000011P   3493
1613.257979890643D0,-61.04571375117234D0,154.2501883175542D0,    0000011P   3494
1626.386834325344D0,-56.12288380982173D0,155.3717905073839D0,    0000011P   3495
1639.608437126092D0,-51.01383562806812D0,156.3540119059038D0,    0000011P   3496
1652.885747820102D0,-45.91095449989747D0,157.3026505173313D0,    0000011P   3497
1666.147011596875D0,-40.80728230525237D0,158.200168680626D0,     0000011P   3498
1679.462952191445D0,-35.69591014468932D0,159.0616382345057D0,    0000011P   3499
1692.780513787892D0,-30.59963150547197D0,159.8958643189091D0,    0000011P   3500
1706.102656394372D0,-25.5091296130521D0,160.7090515310577D0,     0000011P   3501
1719.438869232079D0,-20.4234093079095D0,161.5167640793289D0,     0000011P   3502
1732.795748726502D0,-15.32740651120802D0,162.3272996916044D0,    0000011P   3503
1746.096606903294D0,-10.24511703321996D0,163.153019626218D0,     0000011P   3504
1759.433907051526D0,-5.130156424444366D0,164.0129237656092D0,    0000011P   3505
1768.267883095452D0,-1.714589866234309D0,164.6092392755201D0,    0000011P   3506
1772.678791524507D0,1.211530875622203D-14,164.9169638881664D0,   0000011P   3507
2.757141330895483D-14,-189.5646917266259D0,105.3623298675325D0,  0000011P   3508
16.66201196354205D0,-191.7705375370728D0,103.0737125694119D0,    0000011P   3509
49.98430838987789D0,-196.06615069772D0,98.51332121188932D0,      0000011P   3510
99.96421052202216D0,-202.1931994940181D0,91.86140761527065D0,    0000011P   3511
149.9444005776807D0,-207.9280091233071D0,85.50817926181661D0,    0000011P   3512
194.3975847690568D0,-212.523947065769D0,80.20392443738554D0,     0000011P   3513
233.2738694950568D0,-216.0859106362392D0,75.85408740279561D0,    0000011P   3514
266.6245297922211D0,-218.8398129939336D0,72.36551368596003D0,    0000011P   3515
299.9471073169933D0,-221.3028648239617D0,69.16627241384433D0,    0000011P   3516
333.2806146932713D0,-223.4893726990447D0,66.30686050321883D0,    0000011P   3517
366.6093738426835D0,-225.3727592044066D0,63.78000413165636D0,    0000011P   3518
405.5127928643146D0,-227.1940563241757D0,61.21584474561791D0,    0000011P   3519
449.969544964969D0,-228.7057105724573D0,58.83288146740443D0,     0000011P   3520
494.4250911463871D0,-229.5467102551431D0,57.07520821159144D0,    0000011P   3521
533.3174519265418D0,-229.806034474853D0,55.9884072800519D0,      0000011P   3522
566.6607107166615D0,-229.7004793245019D0,55.36652458670197D0,    0000011P   3523
600.001368985982D0,-229.268110056526D0,55.06106114063692D0,      0000011P   3524
633.3371984621897D0,-228.5063159328975D0,55.08033967792047D0,    0000011P   3525
666.6757329297501D0,-227.4157855184733D0,55.41153427319907D0,    0000011P   3526
700.0154057463565D0,-225.9931849913374D0,56.04856413715658D0,    0000011P   3527
733.3443225575649D0,-224.2355027244776D0,56.9838757162515D0,     0000011P   3528
766.6771025656993D0,-222.13701100663D0,58.1896816600411D0,       0000011P   3529
805.5892825834051D0,-219.2825671291359D0,59.8809458126908D0,     0000011P   3530
850.0541708432413D0,-215.4190133363334D0,62.17599107930018D0,    0000011P   3531
894.4829055659446D0,-210.9406303715685D0,64.92637811610057D0,    0000011P   3532
933.3792647513787D0,-206.6195140379179D0,67.67657371160003D0,    0000011P   3533
966.7021222984412D0,-202.6384609657787D0,70.24804246832153D0,    0000011P   3534
995.5926730144445D0,-198.9383987092718D0,72.63863280968931D0,    0000011P   3535
1020.024100093752D0,-195.6208809973147D0,74.75339628375384D0,    0000011P   3536
1040.05591397415D0,-192.7949467572524D0,76.54301742583816D0,     0000011P   3537
1060.042189265313D0,-189.863982635376D0,78.38713960909333D0,     0000011P   3538
1080.030796751922D0,-186.8323327238553D0,80.28702343306162D0,    0000011P   3539
1110.056334319927D0,-182.1193877413556D0,83.22718618664423D0,    0000011P   3540
1150.069614936884D0,-175.449206711243D0,87.35718412933326D0,     0000011P   3541
1194.519449991595D0,-167.4527803068175D0,92.26591519257373D0,    0000011P   3542
1233.395290341976D0,-159.9608782569004D0,96.76609719238044D0,    0000011P   3543
1266.733108434524D0,-153.195181775073D0,100.7661444241456D0,     0000011P   3544
1300.063057713951D0,-146.0747712808596D0,104.9093032848219D0,    0000011P   3545
1333.40405217942D0,-138.5348136022153D0,109.1871893498045D0,     0000011P   3546
1366.702886663221D0,-130.6531827629549D0,113.6229590662109D0,    0000011P   3547
1395.603143070879D0,-123.54897795622D0,117.6222353467012D0,      0000011P   3548
1420.066788724121D0,-117.3438765093573D0,121.1104512563549D0,    0000011P   3549
1440.112016833087D0,-112.1343445901529D0,124.0476632386354D0,    0000011P   3550
1460.126866958761D0,-106.779387271818D0,127.0711153652648D0,     0000011P   3551
1480.098305559426D0,-101.2607630992967D0,130.1922899356359D0,    0000011P   3552
1496.415856535817D0,-96.595176998244D0,132.8393184866719D0,      0000011P   3553
1509.07820620544D0,-92.85813404989133D0,134.9553411976578D0,     0000011P   3554
1518.160725831966D0,-90.14463113049503D0,136.4932794056697D0,    0000011P   3555
1527.220453872079D0,-87.40310267469776D0,138.0422116831448D0,    0000011P   3556
1536.278005457204D0,-84.63987011091567D0,139.5970464737507D0,    0000011P   3557
1545.342536869708D0,-81.85717511423771D0,141.1501431353353D0,    0000011P   3558
1554.427040442382D0,-79.06375390821036D0,142.6966398472552D0,    0000011P   3559
1563.48741503731D0,-76.26947691745252D0,144.2248307462587D0,     0000011P   3560
1572.596214285822D0,-73.46710756576698D0,145.7316184291099D0,    0000011P   3561
1581.678379453467D0,-70.70283633732285D0,147.2153239527383D0,    0000011P   3562
1590.886239089986D0,-67.83482365119005D0,148.6309029088666D0,    0000011P   3563
1600.754362386416D0,-65.160252679379D0,150.2890137059512D0,      0000011P   3564
1613.071873868889D0,-60.03987374993483D0,151.130023008311D0,     0000011P   3565
1626.050326116206D0,-55.1889684836182D0,152.27749416799D0,       0000011P   3566
1639.100735592307D0,-50.15858864855228D0,153.2817271302058D0,    0000011P   3567
1652.212863150932D0,-45.1360148958479D0,154.25144327933D0,       0000011P   3568
1665.310092278363D0,-40.11429583216337D0,155.168608216139D0,     0000011P   3569
1678.462773742321D0,-35.08652802270388D0,156.048678087413D0,     0000011P   3570
1691.618687971744D0,-30.07474881972262D0,156.9006421103592D0,    0000011P   3571
1704.779683911192D0,-25.06970865370738D0,157.7308179207017D0,    0000011P   3572
1717.955683026944D0,-20.07026619542963D0,158.55514671645D0,      0000011P   3573
1731.152096950068D0,-15.06157193786584D0,159.3821023346532D0,    0000011P   3574
1744.293883715149D0,-10.06683472748276D0,160.224335562048D0,     0000011P   3575
1757.471242315923D0,-5.040687773019329D0,161.1013204945277D0,    0000011P   3576
1766.198677071974D0,-1.684641709157358D0,161.7093726511688D0,    0000011P   3577
1770.556212857023D0,1.211530875622202D-14,162.0231495367797D0,   0000011P   3578
2.752608680333231D-14,-184.9870697873978D0,102.996952152889D0,   0000011P   3579
16.66268489310022D0,-187.1967784816351D0,100.6915633649804D0,    0000011P   3580
49.98585765075818D0,-191.4890146160324D0,96.08199824587017D0,    0000011P   3581
99.96366714910478D0,-197.5412358457873D0,89.28686716918571D0,    0000011P   3582
149.9450267838387D0,-203.0981336079138D0,82.69787804830934D0,    0000011P   3583
194.3975867017599D0,-207.5431065890182D0,77.17400141998914D0,    0000011P   3584
233.2736229840755D0,-211.0494088184772D0,72.67659556680593D0,    0000011P   3585
266.6242591690438D0,-213.7939357555315D0,69.08505659541029D0,    0000011P   3586
299.9473930795145D0,-216.2722186179425D0,65.79962592899516D0,    0000011P   3587
333.2797450320281D0,-218.4847227453169D0,62.86411364676126D0,    0000011P   3588
366.6087730305164D0,-220.3935180102685D0,60.26383579982451D0,    0000011P   3589
405.5132312636664D0,-222.2303695469996D0,57.60864913940763D0,    0000011P   3590
449.9682708263155D0,-223.7207291843515D0,55.1020652141442D0,     0000011P   3591
494.4254690186799D0,-224.5624825740857D0,53.24532646202786D0,    0000011P   3592
533.3170026657082D0,-224.8885411240785D0,52.12513599591181D0,    0000011P   3593
566.660008271352D0,-224.8576781147453D0,51.4885605679499D0,      0000011P   3594
600.0017340847062D0,-224.4897301006179D0,51.15993382734745D0,    0000011P   3595
633.336440509786D0,-223.7543828973204D0,51.12522340894842D0,     0000011P   3596
666.6756524297626D0,-222.670169463397D0,51.38437560249477D0,     0000011P   3597
700.0155726902772D0,-221.2516968366494D0,51.94423388863898D0,    0000011P   3598
733.3437346607283D0,-219.5139060455871D0,52.81016113992465D0,    0000011P   3599
766.6765004293682D0,-217.462666031199D0,53.96713895230977D0,     0000011P   3600
805.5897427345725D0,-214.70887065325D0,55.64033951524161D0,      0000011P   3601
850.052761331419D0,-211.0451548657816D0,57.9918554943D0,         0000011P   3602
894.4835419455194D0,-206.7801255364394D0,60.80353902813658D0,    0000011P   3603
933.378220461611D0,-202.591722858383D0,63.54654934688765D0,      0000011P   3604
966.7010842945557D0,-198.7083012962465D0,66.09112900884203D0,    0000011P   3605
995.5931448139378D0,-195.0973132372101D0,68.45867067718844D0,    0000011P   3606
1020.023369506457D0,-191.8710022993341D0,70.5663904323544D0,     0000011P   3607
1040.055006626859D0,-189.1272884008633D0,72.35593847597416D0,    0000011P   3608
1060.040637133907D0,-186.2838863544361D0,74.20360164922023D0,    0000011P   3609
1080.030170113526D0,-183.3429488800764D0,76.10864948646699D0,    0000011P   3610
1110.056994489697D0,-178.768093977459D0,79.05597438195616D0,     0000011P   3611
1150.067147023876D0,-172.2793519044629D0,83.18722752404598D0,    0000011P   3612
1194.520348616061D0,-164.4893533422986D0,88.0970798487198D0,     0000011P   3613
1233.394001937853D0,-157.1906019953622D0,92.60703351426776D0,    0000011P   3614
1266.731610668619D0,-150.6018103153073D0,96.63689634553603D0,    0000011P   3615
1300.063870419918D0,-143.6725856837142D0,100.8468251706907D0,    0000011P   3616
1333.402297676316D0,-136.3424863014166D0,105.2438920075182D0,    0000011P   3617
1366.700797451786D0,-128.6693703382797D0,109.8166016745403D0,    0000011P   3618
1395.603517014232D0,-121.7284629286831D0,113.9196459700886D0,    0000011P   3619
1420.066599499147D0,-115.6392646937396D0,117.4645229996849D0,    0000011P   3620
1440.112235163594D0,-110.5131967186556D0,120.4361954284519D0,    0000011P   3621
1460.127325074289D0,-105.2328755084521D0,123.4892578208219D0,    0000011P   3622
1480.098759457958D0,-99.78264829485246D0,126.6423897834645D0,    0000011P   3623
1496.416603511167D0,-95.16999507677281D0,129.3234271915934D0,    0000011P   3624
1509.076916398883D0,-91.47392785013754D0,131.4736366227461D0,    0000011P   3625
1518.158401863112D0,-88.78960299640239D0,133.0392015912074D0,    0000011P   3626
1527.216831981689D0,-86.07707759829133D0,134.6183415822791D0,    0000011P   3627
1536.273385861365D0,-83.34271254061801D0,136.2055663351793D0,    0000011P   3628
1545.336886894758D0,-80.58889631679855D0,137.7927685206217D0,    0000011P   3629
1554.421082994501D0,-77.82434105953665D0,139.3746952475194D0,    0000011P   3630
1563.481235734774D0,-75.05886325521175D0,140.9390641983379D0,    0000011P   3631
1572.589969470081D0,-72.28562257361921D0,142.4824348979309D0,    0000011P   3632
1581.675961282703D0,-69.54979976964796D0,144.0028207050617D0,    0000011P   3633
1590.874561241189D0,-66.71349369269558D0,145.4537047289988D0,    0000011P   3634
1600.792016444022D0,-64.06176967074975D0,147.1535643907789D0,    0000011P   3635
1612.88667298424D0,-59.02541283233501D0,148.0139501705309D0,     0000011P   3636
1625.716003283225D0,-54.24858675449409D0,149.1886427037056D0,    0000011P   3637
1638.596810852249D0,-49.29846228209407D0,150.2163121858723D0,    0000011P   3638
1651.54564882631D0,-44.35730700640851D0,151.2087544106565D0,     0000011P   3639
1664.481029943211D0,-39.41826784384929D0,152.1475892697514D0,    0000011P   3640
1677.472922958096D0,-34.47453840730818D0,153.0488082470993D0,    0000011P   3641
1690.4699354995D0,-29.54749149706573D0,153.9217356662755D0,      0000011P   3642
1703.472796403125D0,-24.6280363316836D0,154.7729532306071D0,     0000011P   3643
1716.491850335073D0,-19.71497699526279D0,155.6189301568348D0,    0000011P   3644
1729.531315086731D0,-14.79377013563023D0,156.4684674202755D0,    0000011P   3645
1742.51778565635D0,-9.886929218484987D0,157.3346563651683D0,     0000011P   3646
1755.539187697071D0,-4.950196693843759D0,158.2375963299602D0,    0000011P   3647
1764.162884974112D0,-1.65430386327991D0,158.864356521885D0,      0000011P   3648
1768.468485299693D0,1.211530875622202D-14,159.1879603535217D0,   0000011P   3649
2.748076029770982D-14,-180.4513081661204D0,100.8896124610561D0,  0000011P   3650
16.66335782265839D0,-182.6049870540877D0,98.53369256605443D0,    0000011P   3651
49.98740691163482D0,-186.7962306843863D0,93.82086893027945D0,    0000011P   3652
99.96312377618379D0,-192.7106671611509D0,86.85455085877196D0,    0000011P   3653
149.945652990015D0,-198.1268646809225D0,80.0676847737128D0,      0000011P   3654
194.3975886344764D0,-202.4977594432897D0,74.38209727254458D0,    0000011P   3655
233.2733764730541D0,-206.0148184753843D0,69.78060152973929D0,    0000011P   3656
266.6239885457997D0,-208.7804978949223D0,66.10403320465881D0,    0000011P   3657
299.9476788420147D0,-211.2524607843268D0,62.71668975228859D0,    0000011P   3658
333.2788753709345D0,-213.3919037730296D0,59.64151474509112D0,    0000011P   3659
366.6081722185973D0,-215.2080189945171D0,56.89378016403913D0,    0000011P   3660
405.5136696630678D0,-216.9682182684806D0,54.09228120799981D0,    0000011P   3661
449.9669966867128D0,-218.4931670182688D0,51.50476649077229D0,    0000011P   3662
494.4258468902913D0,-219.4184611833776D0,49.60234321298929D0,    0000011P   3663
533.3165534069445D0,-219.7823609816549D0,48.41879171645112D0,    0000011P   3664
566.6593058294732D0,-219.7768143983634D0,47.72432331826531D0,    0000011P   3665
600.0020991845036D0,-219.4440404481048D0,47.3467848256559D0,     0000011P   3666
633.3356825496599D0,-218.7707771781426D0,47.28476767966087D0,    0000011P   3667
666.6755719169742D0,-217.7640459073948D0,47.5287016278399D0,     0000011P   3668
700.0157396301959D0,-216.4270617730557D0,48.07608526510895D0,    0000011P   3669
733.3431467927516D0,-214.7633306959641D0,48.92288876367972D0,    0000011P   3670
766.6758983408816D0,-212.7783958695784D0,50.05137247315354D0,    0000011P   3671
805.5902028952013D0,-210.0925859280057D0,51.67722264903618D0,    0000011P   3672
850.0513516350686D0,-206.4929019653626D0,53.94997657015493D0,    0000011P   3673
894.4841781925576D0,-202.3239613195543D0,56.70016072108132D0,    0000011P   3674
933.3771765764132D0,-198.2793730436791D0,59.43621011953522D0,    0000011P   3675
966.7000469615432D0,-194.5440417740763D0,61.99269544673001D0,    0000011P   3676
995.5936168845428D0,-191.0690328796514D0,64.37353140495242D0,    0000011P   3677
1020.022638110267D0,-187.9538319134219D0,66.48593140463773D0,    0000011P   3678
1040.054097560645D0,-185.2999852578729D0,68.27663696217073D0,    0000011P   3679
1060.039082780084D0,-182.5466785741113D0,70.12405766468359D0,    0000011P   3680
1080.02954158732D0,-179.6974220634367D0,72.0288343172533D0,      0000011P   3681
1110.057655183454D0,-175.2650960869527D0,74.97772194534619D0,    0000011P   3682
1150.064688845695D0,-168.9832043408913D0,79.12062226462321D0,    0000011P   3683
1194.5212542336D0,-161.4461036117864D0,84.07083769548986D0,      0000011P   3684
1233.39269213409D0,-154.3851345791546D0,88.64463274352397D0,     0000011P   3685
1266.730077406847D0,-147.9978610203957D0,92.72910997641529D0,    0000011P   3686
1300.064672054597D0,-141.2542988862912D0,96.9737210627536D0,     0000011P   3687
1333.400623630704D0,-134.0817139214225D0,101.365258445411D0,     0000011P   3688
1366.698841706094D0,-126.5536984943234D0,105.9275488462741D0,    0000011P   3689
1395.603944869331D0,-119.7427904922069D0,110.0482084921188D0,    0000011P   3690
1420.066248962851D0,-113.7772719013073D0,113.6466370979881D0,    0000011P   3691
1440.112110603943D0,-108.7565806277997D0,116.6806261292247D0,    0000011P   3692
1460.127339798645D0,-103.581662584181D0,119.8088243238699D0,     0000011P   3693
1480.09883668585D0,-98.23277299131154D0,123.044371560983D0,      0000011P   3694
1496.41723600971D0,-93.69634361713565D0,125.7943565953351D0,     0000011P   3695
1509.075874326932D0,-90.05419689538621D0,127.9964228989342D0,    0000011P   3696
1518.156625752266D0,-87.40623508798015D0,129.5984364373226D0,    0000011P   3697
1527.214068139843D0,-84.72805505298616D0,131.2132212541956D0,    0000011P   3698
1536.269914088877D0,-82.0263061617066D0,132.8353449289398D0,     0000011P   3699
1545.332623619378D0,-79.30377275597596D0,134.4566899897518D0,    0000011P   3700
1554.416669740964D0,-76.56939190774635D0,136.0720690197183D0,    0000011P   3701
1563.476646257048D0,-73.83317519524897D0,137.6690797916394D0,    0000011P   3702
1572.585217762454D0,-71.08892756436305D0,139.244395303076D0,     0000011P   3703
1581.67476667333D0,-68.38106907078843D0,140.7961777592422D0,     0000011P   3704
1590.863634094176D0,-65.57588602434157D0,142.27689433157D0,      0000011P   3705
1600.829640603263D0,-62.9465295237021D0,144.0127533589247D0,     0000011P   3706
1612.700217906499D0,-57.99422760381324D0,144.8872347051618D0,    0000011P   3707
1625.378652308245D0,-53.29210212170255D0,146.0844732815571D0,    0000011P   3708
1638.087652840257D0,-48.42333776607421D0,147.131778782713D0,     0000011P   3709
1650.870577452264D0,-43.56508667606039D0,148.1438336966225D0,    0000011P   3710
1663.641080667052D0,-38.71049168552251D0,149.1017244910091D0,    0000011P   3711
1676.468761760657D0,-33.85274106273475D0,150.0217902720909D0,    0000011P   3712
1689.303068094675D0,-29.012440663701D0,150.9135027549252D0,      0000011P   3713
1702.143620929417D0,-24.18055610275268D0,151.7835199955549D0,    0000011P   3714
1715.001200664274D0,-19.35573448501624D0,152.6486515145662D0,    0000011P   3715
1727.878843784416D0,-14.523636220865D0,153.5178377106571D0,      0000011P   3716
1740.70479478523D0,-9.705977002926225D0,154.4044227706825D0,     0000011P   3717
1753.564718512725D0,-4.859506130190312D0,155.328943560757D0,     0000011P   3718
1762.0807932444D0,-1.623970963520248D0,155.970827436912D0,       0000011P   3719
1766.33246669185D0,1.211530875622202D-14,156.3022676999748D0,    0000011P   3720
2.74354337920873D-14,-175.7777260827293D0,98.93696876095554D0,   0000011P   3721
16.66403075221655D0,-177.8515571920636D0,96.52316729451839D0,    0000011P   3722
49.988956172515D0,-181.8984303574021D0,91.69295923290221D0,      0000011P   3723
99.9625804032663D0,-187.691235352035D0,84.56975743343182D0,      0000011P   3724
149.9462791961733D0,-193.1322416059076D0,77.668437210322D0,      0000011P   3725
194.3975905671797D0,-197.5265828011895D0,71.86676995477082D0,    0000011P   3726
233.2731299620721D0,-200.9714332776724D0,67.11512921321095D0,    0000011P   3727
266.6237179226212D0,-203.6481664104506D0,63.29723139761903D0,    0000011P   3728
299.9479646045355D0,-206.0405973452252D0,59.77669189102836D0,    0000011P   3729
333.2780057096942D0,-208.1460128713535D0,56.59713652241855D0,    0000011P   3730
366.6075714064349D0,-209.9586607837808D0,53.76501069158529D0,    0000011P   3731
405.5141080624205D0,-211.732969776818D0,50.87827868641779D0,     0000011P   3732
449.9657225480403D0,-213.2751574353809D0,48.19801758988074D0,    0000011P   3733
494.4262247625703D0,-214.2094107172765D0,46.20158202872672D0,    0000011P   3734
533.316104146151D0,-214.5680388478058D0,44.93032449295586D0,     0000011P   3735
566.6586033842307D0,-214.5618813760736D0,44.1643315538761D0,     0000011P   3736
600.0024642832487D0,-214.2452191528282D0,43.72642286326599D0,    0000011P   3737
633.3349245971053D0,-213.6177009599142D0,43.62276237118504D0,    0000011P   3738
666.6754914167359D0,-212.6755219655933D0,43.83647511883164D0,    0000011P   3739
700.0159065740379D0,-211.4111878997932D0,44.3579222922751D0,     0000011P   3740
733.3425588964786D0,-209.817460787267D0,45.1758979530125D0,      0000011P   3741
766.6752962054849D0,-207.9058270507371D0,46.27643891195478D0,    0000011P   3742
805.5906630465532D0,-205.3163896956883D0,47.87514227054916D0,    0000011P   3743
850.049942119641D0,-201.8525992634788D0,50.13107894056628D0,     0000011P   3744
894.4848145695428D0,-197.8365648460168D0,52.86689299075488D0,    0000011P   3745
933.3761322945495D0,-193.9288407018165D0,55.5813879029658D0,     0000011P   3746
966.6990089707645D0,-190.3166851662288D0,58.11848708124686D0,    0000011P   3747
995.5940886893321D0,-186.9569929703401D0,60.4862369966601D0,     0000011P   3748
1020.021907507167D0,-183.9478369418602D0,62.59304876230047D0,    0000011P   3749
1040.053190179769D0,-181.3846235914852D0,64.38112961475925D0,    0000011P   3750
1060.037530605255D0,-178.7243517134636D0,66.22635199581714D0,    0000011P   3751
1080.02891491204D0,-175.9691458448819D0,68.12792222181506D0,     0000011P   3752
1110.058315363462D0,-171.6779307787476D0,71.06826942103763D0,    0000011P   3753
1150.062221122887D0,-165.5796679415392D0,75.18611868308803D0,    0000011P   3754
1194.522152994698D0,-158.256525118022D0,80.10937418446538D0,     0000011P   3755
1233.39140331186D0,-151.4049015163193D0,84.67631706712464D0,     0000011P   3756
1266.72857894742D0,-145.2089082269858D0,88.77075650144614D0,     0000011P   3757
1300.065484544252D0,-138.6652456950632D0,93.04556997076993D0,    0000011P   3758
1333.398870699586D0,-131.6993580886496D0,97.49176743234446D0,    0000011P   3759
1366.696755102324D0,-124.3761967815402D0,102.1235722151279D0,    0000011P   3760
1395.604319866017D0,-117.7349110148619D0,106.3089422209555D0,    0000011P   3761
1420.066056586163D0,-111.9038580761301D0,109.9590042825915D0,    0000011P   3762
1440.112322235033D0,-106.9872535578119D0,113.0353435474252D0,    0000011P   3763
1460.12778925116D0,-101.910245264557D0,116.2077416245286D0,      0000011P   3764
1480.099283224958D0,-96.6529289137553D0,119.49122235697D0,       0000011P   3765
1496.417980748403D0,-92.18608606007139D0,122.2850862206086D0,    0000011P   3766
1509.074589360635D0,-88.59528988841493D0,124.5247322188593D0,    0000011P   3767
1518.154312487508D0,-85.98288835055415D0,126.1551260157667D0,    0000011P   3768
1527.210463014077D0,-83.33915838752438D0,127.7994492470405D0,    0000011P   3769
1536.265316919307D0,-80.67090639971821D0,129.4521260168963D0,    0000011P   3770
1545.32700073788D0,-77.98118111999D0,131.1048273956746D0,        0000011P   3771
1554.410742463681D0,-75.27901310214187D0,132.7522301252973D0,    0000011P   3772
1563.470498016641D0,-72.57447755885838D0,134.3816107535596D0,    0000011P   3773
1572.579002119184D0,-69.861893254704D0,135.9895544353909D0,      0000011P   3774
1581.672372408611D0,-67.18478808879121D0,137.5741709071173D0,    0000011P   3775
1590.851970912652D0,-64.41350437395684D0,139.0867100869948D0,    0000011P   3776
1600.867294076712D0,-61.8094229494391D0,140.8611549255689D0,     0000011P   3777
1612.51499251732D0,-56.94397329741082D0,141.7527732434355D0,     0000011P   3778
1625.044270311174D0,-52.31916602242038D0,142.9762042838082D0,    0000011P   3779
1637.583625852095D0,-47.53401164960924D0,144.0472168375774D0,    0000011P   3780
1650.203209615955D0,-42.76060091656849D0,145.0834628608007D0,    0000011P   3781
1662.811805621937D0,-37.99212662520928D0,146.0655781709295D0,    0000011P   3782
1675.478631378384D0,-33.22182574978859D0,147.0103322701548D0,    0000011P   3783
1688.153961691366D0,-28.46959125263384D0,147.9274270387133D0,    0000011P   3784
1700.836297957217D0,-23.72649919444652D0,148.8236796590614D0,    0000011P   3785
1713.53684402003D0,-18.99109375197879D0,149.7163227293278D0,     0000011P   3786
1726.257442770174D0,-14.24929314875065D0,150.614518845289D0,     0000011P   3787
1738.927975911583D0,-9.522069354917836D0,151.5319478101133D0,    0000011P   3788
1751.631835194551D0,-4.767232569044706D0,152.4896667912801D0,    0000011P   3789
1760.044096540466D0,-1.593085196678918D0,153.155254162099D0,     0000011P   3790
1764.243795619944D0,1.211530875622202D-14,153.4990432823944D0,   0000011P   3791
2.739010728646478D-14,-171.0243896391481D0,97.16366265918856D0,  0000011P   3792
16.66470368177473D0,-173.0677811176579D0,94.71574820191212D0,    0000011P   3793
49.99050543338798D0,-177.051083306246D0,89.80753214322331D0,     0000011P   3794
99.96203703034162D0,-182.7035795158836D0,82.52226306741058D0,    0000011P   3795
149.9469054023678D0,-187.9254866683979D0,75.39751063369859D0,    0000011P   3796
194.3975924999095D0,-192.1550442600639D0,69.39662437201069D0,    0000011P   3797
233.2728834510099D0,-195.5495932656127D0,64.50890544082421D0,    0000011P   3798
266.6234472993095D0,-198.2273330741496D0,60.5946202052649D0,     0000011P   3799
299.9482503670143D0,-200.645034573384D0,56.99228335035328D0,     0000011P   3800
333.2771360487514D0,-202.7800491948201D0,53.73991647278189D0,    0000011P   3801
366.6069705947659D0,-204.6139786774097D0,50.8358355566001D0,     0000011P   3802
405.5145464618718D0,-206.3884897817277D0,47.85682238188991D0,    0000011P   3803
449.9644484074798D0,-207.8746355458648D0,45.04608536014008D0,    0000011P   3804
494.4266026334937D0,-208.7635510886542D0,42.93074636075291D0,    0000011P   3805
533.315654889475D0,-209.1470381454878D0,41.59455270943487D0,     0000011P   3806
566.6579009458117D0,-209.1895211741907D0,40.78898955281707D0,    0000011P   3807
600.0028293841282D0,-208.9319426867256D0,40.31705742475366D0,    0000011P   3808
633.3341666291877D0,-208.3571414182811D0,40.17443597481265D0,    0000011P   3809
666.675410891033D0,-207.4673012110874D0,40.34797918973246D0,     0000011P   3810
700.0160735099191D0,-206.2610298319746D0,40.8319416181017D0,     0000011P   3811
733.3419710576177D0,-204.7371797772736D0,41.61898763764643D0,    0000011P   3812
766.6746941652668D0,-202.9065161956143D0,42.69397045491323D0,    0000011P   3813
805.5911232167269D0,-200.4237064176762D0,44.26774559524038D0,    0000011P   3814
850.048532237127D0,-197.0982321418078D0,46.50028523859857D0,     0000011P   3815
894.4854506828688D0,-193.2199474139765D0,49.2006873433138D0,     0000011P   3816
933.3750888175047D0,-189.4182969169216D0,51.86208795929374D0,    0000011P   3817
966.697972314568D0,-185.9015104663387D0,54.35100811351465D0,     0000011P   3818
995.5945610334505D0,-182.6410621436917D0,56.68552149058745D0,    0000011P   3819
1020.021175294915D0,-179.7360684740002D0,58.77723780163895D0,    0000011P   3820
1040.052279379402D0,-177.2679648965028D0,60.5592027065123D0,     0000011P   3821
1060.035974009325D0,-174.710017173357D0,62.40267735192417D0,     0000011P   3822
1080.028284481296D0,-172.0617579408144D0,64.30507609078519D0,    0000011P   3823
1110.058976585846D0,-167.9346497663793D0,67.247799979964D0,      0000011P   3824
1150.059772765774D0,-162.0549171111813D0,71.36527626215079D0,    0000011P   3825
1194.523065667261D0,-154.9767480734607D0,76.28358562627994D0,    0000011P   3826
1233.390071918867D0,-148.3452893222791D0,80.84321478780886D0,    0000011P   3827
1266.727009875306D0,-142.3425654241169D0,84.93627273202911D0,    0000011P   3828
1300.066275009559D0,-135.9974539436294D0,89.22162456036D0,       0000011P   3829
1333.397277824276D0,-129.2375484016682D0,93.6971245601945D0,     0000011P   3830
1366.69493400481D0,-122.1196463247461D0,98.37042210487485D0,     0000011P   3831
1395.604802110488D0,-115.6497270388139D0,102.5965698918469D0,    0000011P   3832
1420.065543309412D0,-109.9558492952197D0,106.2800463816866D0,    0000011P   3833
1440.111851747399D0,-105.1464829833231D0,109.3860989243496D0,    0000011P   3834
1460.127356656132D0,-100.171634580948D0,112.5933957963653D0,     0000011P   3835
1480.098980445107D0,-95.01140974316435D0,115.919875485437D0,     0000011P   3836
1496.418497755932D0,-90.61985119153289D0,118.7579971850695D0,    0000011P   3837
1509.073797218083D0,-87.08559273072889D0,121.0385078957975D0,    0000011P   3838
1518.1530890884D0,-84.5127393711515D0,122.7007346775792D0,       0000011P   3839
1527.208564822626D0,-81.90765238046784D0,124.3789013220998D0,    0000011P   3840
1536.263003139271D0,-79.27722957254241D0,126.0670421636225D0,    0000011P   3841
1545.324136447488D0,-76.62471845563117D0,127.7563705198495D0,    0000011P   3842
1554.407887085225D0,-73.95917744976789D0,129.4411809967556D0,    0000011P   3843
1563.467512448725D0,-71.29067978647211D0,131.1081826223496D0,    0000011P   3844
1572.57575674781D0,-68.61399243337533D0,132.7536264141469D0,     0000011P   3845
1581.672412200729D0,-65.97168551738426D0,134.3753233448036D0,    0000011P   3846
1590.84180111824D0,-63.2380917387378D0,135.9230597846183D0,      0000011P   3847
1600.9048880727D0,-60.6631192345528D0,137.7385831293984D0,       0000011P   3848
1612.327272135D0,-55.88817944956893D0,138.6481583499139D0,       0000011P   3849
1624.703864366461D0,-51.34402584831089D0,139.8964185495087D0,    0000011P   3850
1637.069188204159D0,-46.64520527470921D0,140.9876219333869D0,    0000011P   3851
1649.5202115832D0,-41.95877404361922D0,142.0424911933131D0,      0000011P   3852
1661.960872952258D0,-37.27800190380711D0,143.0413127641091D0,    0000011P   3853
1674.460032985074D0,-32.59620151431791D0,144.0013878115811D0,    0000011P   3854
1686.968818865283D0,-27.93257992260793D0,144.9327496487875D0,    0000011P   3855
1699.484637058337D0,-23.27835061455398D0,145.8424758522407D0,    0000011P   3856
1712.019139786121D0,-18.63198181733926D0,146.748323365254D0,     0000011P   3857
1724.573001277294D0,-13.97967654643573D0,147.6597782483249D0,    0000011P   3858
1737.077765377433D0,-9.341690028332906D0,148.5909571885776D0,    0000011P   3859
1749.614575674204D0,-4.676920339974407D0,149.5635389224985D0,    0000011P   3860
1757.915294988772D0,-1.562888194236199D0,150.2398460015388D0,    0000011P   3861
1762.059058128549D0,1.211530875622202D-14,150.5893189235653D0,   0000011P   3862
2.734478078084268D-14,-166.2581917203095D0,95.57757713172788D0,  0000011P   3863
16.66537661133289D0,-168.2388012862583D0,93.08277749173081D0,    0000011P   3864
49.99205469426757D0,-172.1044772187745D0,88.07628815237339D0,    0000011P   3865
99.96149365742356D0,-177.6351857420284D0,80.64432942191455D0,    0000011P   3866
149.9475316085293D0,-182.8234879334833D0,73.3870833776912D0,     0000011P   3867
194.3975944326151D0,-187.0210859171962D0,67.25516226913067D0,    0000011P   3868
233.2726369400213D0,-190.3274051301681D0,62.22397439345008D0,    0000011P   3869
266.62317667612D0,-192.9060809492721D0,58.17563630260331D0,      0000011P   3870
299.9485361295317D0,-195.2192081444551D0,54.43701219502713D0,    0000011P   3871
333.2762663875361D0,-197.2618286818696D0,51.05497399718067D0,    0000011P   3872
366.6063697826451D0,-199.0304263569241D0,48.03679504636828D0,    0000011P   3873
405.5149848612328D0,-200.7773715840011D0,44.95335287202877D0,    0000011P   3874
449.9631742686489D0,-202.325763234775D0,42.07927623088187D0,     0000011P   3875
494.4269805056591D0,-203.301990606706D0,39.91922410719043D0,     0000011P   3876
533.3152056290273D0,-203.7166215779945D0,38.52270093342351D0,    0000011P   3877
566.6571985011424D0,-203.7643689586409D0,37.65424427586609D0,    0000011P   3878
600.0031944830528D0,-203.5001281295688D0,37.11171016700489D0,    0000011P   3879
633.3334086753429D0,-202.9163194141515D0,36.89430894943106D0,    0000011P   3880
666.6753303886563D0,-202.0292416277297D0,36.99748131884437D0,    0000011P   3881
700.016240453093D0,-200.8517213022343D0,37.4242265223677D0,      0000011P   3882
733.3413831661676D0,-199.3968623245746D0,38.17595577995741D0,    0000011P   3883
766.6740920378653D0,-197.6623307850285D0,39.22907819476115D0,    0000011P   3884
805.5915833696605D0,-195.3080967540803D0,40.78318501803328D0,    0000011P   3885
850.0471226908658D0,-192.1313716128702D0,42.98752794403632D0,    0000011P   3886
894.4860870377083D0,-188.4113120335555D0,45.65847755778936D0,    0000011P   3887
933.3740446032443D0,-184.7612045807891D0,48.2972306710524D0,     0000011P   3888
966.6969344358913D0,-181.3802437648489D0,50.76596189988279D0,    0000011P   3889
995.5950328835432D0,-178.2402006086544D0,53.07970200441426D0,    0000011P   3890
1020.020444556652D0,-175.4375468885919D0,55.1497523529045D0,     0000011P   3891
1040.0513717113D0,-173.0542201987126D0,56.91223906934528D0,      0000011P   3892
1060.034421463138D0,-170.5827463358068D0,58.73519580792927D0,    0000011P   3893
1080.02765749057D0,-168.0233881660424D0,60.61681516703435D0,     0000011P   3894
1110.059636853411D0,-164.0349519743487D0,63.52902916247393D0,    0000011P   3895
1150.057306669625D0,-158.3554671272295D0,67.61034449125906D0,    0000011P   3896
1194.52396559688D0,-151.5265025375502D0,72.50551411016522D0,     0000011P   3897
1233.388779520827D0,-145.1366323521291D0,77.06410743353017D0,    0000011P   3898
1266.725505484636D0,-139.3504007661323D0,81.16611642983989D0,    0000011P   3899
1300.067085649238D0,-133.2245410378051D0,85.46692160470323D0,    0000011P   3900
1333.395538337342D0,-126.6813568407694D0,89.96076214410606D0,    0000011P   3901
1366.692869702731D0,-119.7765045052043D0,94.66141762775318D0,    0000011P   3902
1395.605186115651D0,-113.4882731567801D0,98.92444503196357D0,    0000011P   3903
1420.065323978127D0,-107.9469067792924D0,102.6512605069818D0,    0000011P   3904
1440.11200608266D0,-103.2595723333227D0,105.7997169239513D0,     0000011P   3905
1460.127732019425D0,-98.402043463399D0,109.0555416485599D0,      0000011P   3906
1480.099364043778D0,-93.35258588375463D0,112.4359751986355D0,    0000011P   3907
1496.419223365924D0,-89.04478311502777D0,115.3221785733227D0,    0000011P   3908
1509.072553647434D0,-85.57125237955398D0,117.641929221101D0,     0000011P   3909
1518.150867368934D0,-83.03998934455899D0,119.3330739918374D0,    0000011P   3910
1527.205103073983D0,-80.4747508780591D0,121.0407389754674D0,     0000011P   3911
1536.258597767251D0,-77.88265017807966D0,122.7588892829002D0,    0000011P   3912
1545.318745278981D0,-75.26725749896721D0,124.4786010257985D0,    0000011P   3913
1554.402217837797D0,-72.63778309767619D0,126.194107220789D0,     0000011P   3914
1563.461629862876D0,-70.00442219525004D0,127.8918699226925D0,    0000011P   3915
1572.569790598052D0,-67.36251393307634D0,129.5681265582093D0,    0000011P   3916
1581.67022238914D0,-64.75379463654491D0,131.2207098829246D0,     0000011P   3917
1590.830263376545D0,-62.05671136398574D0,132.7982632657775D0,    0000011P   3918
1600.942536550231D0,-59.50971634205664D0,134.6501747883406D0,    0000011P   3919
1612.141837174235D0,-54.82443835166554D0,135.5746077319475D0,    0000011P   3920
1624.368976376708D0,-50.3604479021559D0,136.8467095614863D0,     0000011P   3921
1636.564286753274D0,-45.7478505686439D0,137.9593642748622D0,     0000011P   3922
1648.85153085948D0,-41.14861727091707D0,139.0362335022021D0,     0000011P   3923
1661.129778734701D0,-36.55604373226474D0,140.0571224983528D0,    0000011P   3924
1673.467511379284D0,-31.96346732418794D0,141.0397322953913D0,    0000011P   3925
1685.816685515642D0,-27.38935820693988D0,141.9942958418525D0,    0000011P   3926
1698.173589839549D0,-22.82501631924076D0,142.9280193109599D0,    0000011P   3927
1710.550302111895D0,-18.2687829663728D0,143.8590521938671D0,     0000011P   3928
1722.946305060839D0,-13.70709498342793D0,144.7970722184473D0,    0000011P   3929
1735.294781834806D0,-9.15943988089747D0,145.7565011584357D0,     0000011P   3930
1747.674605020049D0,-4.585752641772315D0,146.7595075219809D0,    0000011P   3931
1755.870861766901D0,-1.532426116837064D0,147.4575289306349D0,    0000011P   3932
1759.962317779122D0,1.211530875622202D-14,147.8183160080673D0,   0000011P   3933
2.729945427522057D-14,-161.3005714781299D0,94.11704617670716D0,  0000011P   3934
16.66604954089106D0,-163.2427818840887D0,91.5853387052322D0,     0000011P   3935
49.9936039551417D0,-167.033818296918D0,86.49839690715334D0,      0000011P   3936
99.96095028450002D0,-172.4474414363556D0,78.92205801614912D0,    0000011P   3937
149.948157814718D0,-177.5048435198698D0,71.49227834960735D0,     0000011P   3938
194.3975963653407D0,-181.6064027153042D0,65.2040912678243D0,     0000011P   3939
233.2723904289722D0,-184.8666992265234D0,60.04969918813736D0,    0000011P   3940
266.6229060528301D0,-187.427687449938D0,55.90558920659309D0,     0000011P   3941
299.9488218920176D0,-189.7408529662334D0,52.08184039087543D0,    0000011P   3942
333.2753967265454D0,-191.7970457491716D0,48.62616564460118D0,    0000011P   3943
366.6057689708962D0,-193.5745999703318D0,45.53630224073482D0,    0000011P   3944
405.5154232606681D0,-195.3053109688196D0,42.36054400094352D0,    0000011P   3945
449.9619001283938D0,-196.7668704258852D0,39.35313630438157D0,    0000011P   3946
494.427358376802D0,-197.6640280059758D0,37.06755248738426D0,     0000011P   3947
533.3147563716857D0,-198.0801696977757D0,35.59724976500207D0,    0000011P   3948
566.65649606162D0,-198.1647968326383D0,34.68393131915767D0,      0000011P   3949
600.0035595835873D0,-197.9601461101613D0,34.10873719191389D0,    0000011P   3950
633.3326507099112D0,-197.4458544241107D0,33.86476448630224D0,    0000011P   3951
666.6752498670733D0,-196.6329683744176D0,33.94271474600525D0,    0000011P   3952
700.0164073902623D0,-195.5291800554754D0,34.34101490842348D0,    0000011P   3953
733.3407953180184D0,-194.1424207362992D0,35.05646022087926D0,    0000011P   3954
766.6734899822492D0,-192.4731244693923D0,36.06707832371308D0,    0000011P   3955
805.5920435367891D0,-190.1949485485172D0,37.56623010190538D0,    0000011P   3956
850.045712867739D0,-187.1099927729132D0,39.70289594231375D0,     0000011P   3957
894.4867231936892D0,-183.5066083709382D0,42.31151765136518D0,    0000011P   3958
933.3730009959957D0,-179.9915941419509D0,44.90778343463791D0,    0000011P   3959
966.6958975637855D0,-176.7439854998308D0,47.34617719610471D0,    0000011P   3960
995.5955051404087D0,-173.7305077943776D0,49.63693214467526D0,    0000011P   3961
1020.01971260473D0,-171.0398313057002D0,51.68833932909099D0,     0000011P   3962
1040.05046146414D0,-168.7506588774847D0,53.43568286911584D0,     0000011P   3963
1060.032865582455D0,-166.3752750958903D0,55.24315723006909D0,    0000011P   3964
1080.027027667387D0,-163.9134316521639D0,57.10857574664817D0,    0000011P   3965
1110.060297907159D0,-160.073243388926D0,59.99473585824043D0,     0000011P   3966
1150.054855179522D0,-154.5945135424256D0,64.03607556777479D0,    0000011P   3967
1194.52487601884D0,-148.0061356218904D0,68.89154890699001D0,     0000011P   3968
1233.387455014945D0,-141.8511635063641D0,73.42795678756822D0,    0000011P   3969
1266.723947836266D0,-136.2767567106172D0,77.51818345112227D0,    0000011P   3970
1300.067879677652D0,-130.3670394531689D0,81.81310836509057D0,    0000011P   3971
1333.393919568151D0,-124.0395226993964D0,86.30536947756916D0,    0000011P   3972
1366.691005651526D0,-117.3468701363692D0,91.00975347131552D0,    0000011P   3973
1395.60565100954D0,-111.2381506829863D0,95.28151396368335D0,     0000011P   3974
1420.064862616696D0,-105.8453754831817D0,99.01959505562226D0,    0000011P   3975
1440.111645948422D0,-101.2766037376681D0,102.1821155369298D0,    0000011P   3976
1460.127442122345D0,-96.53369818589951D0,105.4591292559547D0,    0000011P   3977
1480.099182488999D0,-91.59411161671602D0,108.8702148875999D0,    0000011P   3978
1496.419777215877D0,-87.3716461650798D0,111.7912065271259D0,     0000011P   3979
1509.071681775693D0,-83.96186802765317D0,114.144540832572D0,     0000011P   3980
1518.149467650996D0,-81.47506959068812D0,115.8624188463994D0,    0000011P   3981
1527.202928734126D0,-78.95316066660946D0,117.5990198105424D0,    0000011P   3982
1536.255914579691D0,-76.40337003891162D0,119.3479932573397D0,    0000011P   3983
1545.315434702796D0,-73.82949090933985D0,121.1000317371978D0,    0000011P   3984
1554.398865486518D0,-71.24078557307725D0,122.8490603221784D0,    0000011P   3985
1563.458132636745D0,-68.6474714419995D0,124.581047738698D0,      0000011P   3986
1572.566064695095D0,-66.04536003255819D0,126.2919714674254D0,    0000011P   3987
1581.669868398727D0,-63.47525406993457D0,127.9794396916574D0,    0000011P   3988
1590.819851981465D0,-60.81961517185776D0,129.590706423758D0,     0000011P   3989
1600.980140168502D0,-58.30583608470862D0,131.4829253354565D0,    0000011P   3990
1611.954520432742D0,-53.71554681446423D0,132.4256742803355D0,    0000011P   3991
1624.029544988265D0,-49.3370452761388D0,133.7244496859261D0,     0000011P   3992
1636.051533345368D0,-44.81557586443122D0,134.8605633863576D0,    0000011P   3993
1648.171061485149D0,-40.3080651377289D0,135.9607172426101D0,     0000011P   3994
1660.282349842788D0,-35.80787582751194D0,137.0043366220466D0,    0000011P   3995
1672.453518550347D0,-31.30841105140508D0,138.0096237155055D0,    0000011P   3996
1684.637372674122D0,-26.82744511612613D0,138.9871123994896D0,    0000011P   3997
1696.829101945319D0,-22.3564054469063D0,139.9442387364242D0,     0000011P   3998
1709.041228468935D0,-17.89354746079456D0,140.8996460577939D0,    0000011P   3999
1721.272062277737D0,-13.42558284617046D0,141.8633050513389D0,    0000011P   4000
1733.456444628108D0,-8.971272431194826D0,142.850043869896D0,     0000011P   4001
1745.67099590999D0,-4.49162913857349D0,143.8826220857672D0,      0000011P   4002
1753.75696096837D0,-1.500975405258643D0,144.601915063409D0,      0000011P   4003
1757.793121945293D0,1.211530875622202D-14,144.9738432374095D0,   0000011P   4004
2.725412776959806D-14,-156.4495959121416D0,92.85967628589621D0,  0000011P   4005
16.66672247044922D0,-158.3470157180626D0,90.29035599712843D0,    0000011P   4006
49.99515321601616D0,-162.0498888723273D0,85.12168655319121D0,    0000011P   4007
99.9604069115768D0,-167.3175483506641D0,77.39929521101568D0,     0000011P   4008
149.9487840209049D0,-172.200223721465D0,69.79538507372018D0,     0000011P   4009
194.3975982980649D0,-176.1705387997112D0,63.35001861236856D0,    0000011P   4010
233.272143917927D0,-179.369072680263D0,58.07230919860604D0,      0000011P   4011
266.6226354295466D0,-181.8914794965689D0,53.82637845349747D0,    0000011P   4012
299.9491076545052D0,-184.158733698838D0,49.89910779571676D0,     0000011P   4013
333.2745270655392D0,-186.1399945405993D0,46.33271686187842D0,    0000011P   4014
366.6051681591222D0,-187.8397030616834D0,43.1356622628666D0,     0000011P   4015
405.5158616600983D0,-189.5062236569386D0,39.85149246417554D0,    0000011P   4016
449.9606259882342D0,-190.9751262467745D0,36.76187700174442D0,    0000011P   4017
494.4277362480131D0,-191.9100529750556D0,34.41052880495484D0,    0000011P   4018
533.3143071141349D0,-192.3331473750285D0,32.87076707456144D0,    0000011P   4019
566.6557936217516D0,-192.4242904112099D0,31.8980698550327D0,     0000011P   4020
600.0039246840133D0,-192.2450723134873D0,31.27210307980131D0,    0000011P   4021
633.3318927452569D0,-191.7935807297453D0,30.99447412002512D0,    0000011P   4022
666.6751693467794D0,-191.0550798007129D0,31.04197615811897D0,    0000011P   4023
700.0165743278343D0,-190.011590940961D0,31.3992897645801D0,      0000011P   4024
733.3402074669615D0,-188.6452992880062D0,32.04940423699198D0,    0000011P   4025
766.6728879218128D0,-186.9930703586249D0,32.98968028398155D0,    0000011P   4026
805.5925037029645D0,-184.7734595651298D0,34.42350430254133D0,    0000011P   4027
850.0443030632019D0,-181.8720404374803D0,36.5419359573574D0,     0000011P   4028
894.4873593630217D0,-178.481775116934D0,39.13760395635246D0,     0000011P   4029
933.3719573479895D0,-175.0948202400159D0,41.68059187230977D0,    0000011P   4030
966.6948606240943D0,-171.940397993772D0,44.05784721692928D0,     0000011P   4031
995.5959773699618D0,-169.0140096972446D0,46.29375725559377D0,    0000011P   4032
1020.018980734297D0,-166.4156627204175D0,48.30522979202413D0,    0000011P   4033
1040.049551390148D0,-164.2128185010129D0,50.02434965185956D0,    0000011P   4034
1060.031309925664D0,-161.9337535018042D0,51.80848646607555D0,    0000011P   4035
1080.026398034386D0,-159.5774890245731D0,53.65593316538893D0,    0000011P   4036
1110.06095890812D0,-155.9091222062229D0,56.52381488430441D0,     0000011P   4037
1150.05240270871D0,-150.6886654613446D0,60.56303517474722D0,     0000011P   4038
1194.525785736302D0,-144.3869441704748D0,65.40492900730104D0,    0000011P   4039
1233.38613266492D0,-138.4506305241629D0,69.88659488337038D0,     0000011P   4040
1266.722393763842D0,-133.0576463441316D0,73.9196219619986D0,     0000011P   4041
1300.068674821416D0,-127.339716490293D0,78.16645835647907D0,     0000011P   4042
1333.39229269346D0,-121.2322704139627D0,82.63901861378471D0,     0000011P   4043
1366.689128154633D0,-114.7763601367754D0,87.34993147619554D0,    0000011P   4044
1395.606110472218D0,-108.878292698196D0,91.64816667688186D0,     0000011P   4045
1420.064417506188D0,-103.6620093748569D0,95.42100396368515D0,    0000011P   4046
1440.111320357833D0,-99.2343773560027D0,98.61931627746105D0,     0000011P   4047
1460.127196893649D0,-94.62713085851014D0,101.9389542685242D0,    0000011P   4048
1480.099038881004D0,-89.81567389347441D0,105.3990800600404D0,    0000011P   4049
1496.420342598523D0,-85.69021484291559D0,108.3651697504511D0,    0000011P   4050
1509.070784946519D0,-82.35084057321532D0,110.7561413341748D0,    0000011P   4051
1518.148012740411D0,-79.91228224022458D0,112.5020604512333D0,    0000011P   4052
1527.200667952217D0,-77.43659448556534D0,114.267501277648D0,     0000011P   4053
1536.253115757409D0,-74.93122882663023D0,116.0459908954814D0,    0000011P   4054
1545.311984426873D0,-72.40030856099239D0,117.8280314221784D0,    0000011P   4055
1554.395357569068D0,-69.8532551704929D0,119.6074331135302D0,     0000011P   4056
1563.454475247508D0,-67.30041540626877D0,121.3698644958434D0,    0000011P   4057
1572.562188372526D0,-64.7381803082649D0,123.1112362320493D0,     0000011P   4058
1581.669391143543D0,-62.20652614988308D0,124.8291250614516D0,    0000011P   4059
1590.809364958726D0,-59.59203625668082D0,126.4695887681329D0,    0000011P   4060
1601.017746798812D0,-57.11111734253958D0,128.3972819056983D0,    0000011P   4061
1611.767330041937D0,-52.61553989655358D0,129.3535233949629D0,    0000011P   4062
1623.690418662756D0,-48.32232125779433D0,130.6742290513136D0,    0000011P   4063
1635.539307150945D0,-43.89182454505946D0,131.8294765171497D0,    0000011P   4064
1647.491383650497D0,-39.47588789971843D0,132.9489284768281D0,    0000011P   4065
1659.436017729747D0,-35.06789700582415D0,134.0115510027517D0,    0000011P   4066
1671.440967389813D0,-30.66127667150722D0,135.0359680370443D0,    0000011P   4067
1683.459884778223D0,-26.2730612943321D0,136.0329349767001D0,     0000011P   4068
1695.486859398958D0,-21.89476173042314D0,137.01003836587D0,      0000011P   4069
1707.534856438472D0,-17.52450345297811D0,137.9863359688934D0,    0000011P   4070
1719.601011971485D0,-13.14922894804633D0,138.9720120259012D0,    0000011P   4071
1731.621824099679D0,-8.786928305840183D0,139.9822216613558D0,    0000011P   4072
1743.671659754037D0,-4.399648333162554D0,141.0402361042359D0,    0000011P   4073
1751.647724515677D0,-1.470287128832917D0,141.7777929199064D0,    0000011P   4074
1755.628791078018D0,1.211530875622202D-14,142.1592824285623D0,   0000011P   4075
2.720880126397594D-14,-151.5509925222233D0,91.74524325750721D0,  0000011P   4076
16.66739540000738D0,-153.3851902947824D0,89.13470015235524D0,    0000011P   4077
49.99670247688918D0,-156.9675066385547D0,83.87843319417854D0,    0000011P   4078
99.95986353865217D0,-162.0729905331594D0,76.01204130451036D0,    0000011P   4079
149.9494102270991D0,-166.8159562413166D0,68.25367903658923D0,    0000011P   4080
194.3976002307946D0,-170.6811647815683D0,61.66614922681107D0,    0000011P   4081
233.2718974068661D0,-173.8005463969202D0,56.26330989159919D0,    0000011P   4082
266.6223648062369D0,-176.2671768394925D0,51.91380441700927D0,    0000011P   4083
299.9493934169848D0,-178.4941952400284D0,47.89105142831745D0,    0000011P   4084
333.2736574045932D0,-180.4540380751494D0,44.2416930153234D0,     0000011P   4085
366.6045673474475D0,-182.1444467903484D0,40.97096880297404D0,    0000011P   4086
405.5163000595483D0,-183.8062754876469D0,37.60808358720633D0,    0000011P   4087
449.9593518476949D0,-185.2673288420764D0,34.43383877634365D0,    0000011P   4088
494.4281141189519D0,-186.1879871244776D0,31.99990806663656D0,    0000011P   4089
533.3138578574125D0,-186.5913252434476D0,30.38668729965081D0,    0000011P   4090
566.6550911832559D0,-186.6649783092204D0,29.35002519208071D0,    0000011P   4091
600.0042897848689D0,-186.472058237725D0,28.65904618929349D0,     0000011P   4092
633.3311347775133D0,-186.0150984645318D0,28.31537309899967D0,    0000011P   4093
666.6750888213644D0,-185.2923602169042D0,28.30322141550663D0,    0000011P   4094
700.0167412638054D0,-184.2989726742739D0,28.61485576381418D0,    0000011P   4095
733.3396196274505D0,-183.0302627989286D0,29.24084730055755D0,    0000011P   4096
766.6722858805173D0,-181.4989014559765D0,30.1645288262301D0,     0000011P   4097
805.5929638729252D0,-179.4192692496614D0,31.57138768307581D0,    0000011P   4098
850.0428931848437D0,-176.6360709095243D0,33.62470759681065D0,    0000011P   4099
894.4879954793328D0,-173.3747633138226D0,36.15297799251984D0,    0000011P   4100
933.3709138618336D0,-170.1538820304422D0,38.66373958387843D0,    0000011P   4101
966.6938239527896D0,-167.1589383917854D0,41.01944184916228D0,    0000011P   4102
995.5964497079748D0,-164.3689194706708D0,43.23118237827649D0,    0000011P   4103
1020.018248540262D0,-161.8736775985151D0,45.21107457185943D0,    0000011P   4104
1040.048640628493D0,-159.7500756585853D0,46.89877530158029D0,    0000011P   4105
1060.029753379784D0,-157.5474835870274D0,48.64715400248518D0,    0000011P   4106
1080.025767646158D0,-155.2673481937572D0,50.45579934133028D0,    0000011P   4107
1110.061620118704D0,-151.7168352255598D0,53.26267363166299D0,    0000011P   4108
1150.049954132362D0,-146.6710196025331D0,57.21887219169324D0,    0000011P   4109
1194.526698251377D0,-140.6080248521608D0,61.99163251939827D0,    0000011P   4110
1233.384801753861D0,-134.9279501551934D0,66.44814817055018D0,    0000011P   4111
1266.720825491118D0,-129.7727636482454D0,70.47241903326963D0,    0000011P   4112
1300.069465536056D0,-124.2964573304218D0,74.71181523549537D0,    0000011P   4113
1333.390698006195D0,-118.421437237508D0,79.16640793441678D0,     0000011P   4114
1366.687304051382D0,-112.1925755995591D0,83.86038235994317D0,    0000011P   4115
1395.60659150256D0,-106.4911795347258D0,88.15495745090105D0,     0000011P   4116
1420.063907862273D0,-101.4449817808064D0,91.93859033800869D0,    0000011P   4117
1440.110857592309D0,-97.15591309849467D0,95.15401624253398D0,    0000011P   4118
1460.126774284079D0,-92.68374551823102D0,98.49857052283127D0,    0000011P   4119
1480.098744584021D0,-88.00115285137397D0,101.9909962219639D0,    0000011P   4120
1496.420862184144D0,-83.97382086451177D0,104.9892620506435D0,    0000011P   4121
1509.069987224823D0,-80.70570135330246D0,107.4082498881891D0,    0000011P   4122
1518.146777003184D0,-78.31599076289146D0,109.1755419700435D0,    0000011P   4123
1527.198750436955D0,-75.88713758245942D0,110.9634063582752D0,    0000011P   4124
1536.250776127643D0,-73.42682396908327D0,112.7652728972515D0,    0000011P   4125
1545.309088907104D0,-70.93951122195023D0,114.5714784840367D0,    0000011P   4126
1554.392467414349D0,-68.43478791534548D0,116.3757437707325D0,    0000011P   4127
1563.451453875702D0,-65.92313804545344D0,118.1634622961164D0,    0000011P   4128
1572.558909375385D0,-63.40154008149854D0,119.9305031179636D0,    0000011P   4129
1581.669403380261D0,-60.90915175088919D0,121.6744367441651D0,    0000011P   4130
1590.79917825802D0,-58.33668599279745D0,123.3401499431035D0,     0000011P   4131
1601.055341468131D0,-55.8896701900024D0,125.2994577546632D0,     0000011P   4132
1611.579637904863D0,-51.49005391788185D0,126.265636444697D0,     0000011P   4133
1623.350080913775D0,-47.28360517639217D0,127.6052255048558D0,    0000011P   4134
1635.024987359704D0,-42.94569445012894D0,128.7773656674494D0,    0000011P   4135
1646.808562563617D0,-38.62306821286596D0,129.9146700736965D0,    0000011P   4136
1658.585330241075D0,-34.30913185065128D0,130.9956351345246D0,    0000011P   4137
1670.422691276336D0,-29.99732861154366D0,132.0392961768272D0,    0000011P   4138
1682.27514991223D0,-25.70394973337652D0,133.0566197515749D0,     0000011P   4139
1694.135700439592D0,-21.42058625258967D0,134.0553325181287D0,    0000011P   4140
1706.017756140408D0,-17.14523044795201D0,135.0548963071676D0,    0000011P   4141
1717.917284145426D0,-12.8650523526049D0,136.0656985446977D0,     0000011P   4142
1729.772444415709D0,-8.59726806823463D0,137.1032109602917D0,     0000011P   4143
1741.65535543735D0,-4.304955035163425D0,138.1912060730899D0,     0000011P   4144
1749.519965661871D0,-1.438684628939908D0,138.9505244308294D0,    0000011P   4145
1753.445141132557D0,1.211530875622202D-14,139.3434394172672D0,   0000011P   4146
2.716347475835387D-14,-146.5371535179309D0,90.75859586701358D0,  0000011P   4147
16.66806832956555D0,-148.3250093093321D0,88.1108903382862D0,     0000011P   4148
49.99825173776103D0,-151.8159429001231D0,82.77479441907083D0,    0000011P   4149
99.95932016572633D0,-156.78704290786D0,74.77499276019009D0,      0000011P   4150
149.9500364332993D0,-161.3999659164797D0,66.87171048266556D0,    0000011P   4151
194.3976021635285D0,-165.1584191118129D0,60.14954218081222D0,    0000011P   4152
233.2716508957912D0,-168.1940058285355D0,54.62746714919829D0,    0000011P   4153
266.6220941829045D0,-170.5915353285968D0,50.17587499468198D0,    0000011P   4154
299.9496791794574D0,-172.7485190118086D0,46.05248714816617D0,    0000011P   4155
333.2727877436977D0,-174.633616327127D0,42.30532255547318D0,     0000011P   4156
366.6039665358563D0,-176.2603706193651D0,38.94461933823502D0,    0000011P   4157
405.5167384590148D0,-177.8789865297212D0,35.4917991177114D0,     0000011P   4158
449.958077706835D0,-179.3607403963835D0,32.24477123328698D0,     0000011P   4159
494.4284919896606D0,-180.3409397427844D0,29.75718413995499D0,    0000011P   4160
533.3134086013894D0,-180.7917955904688D0,28.09919983937231D0,    0000011P   4161
566.6543887459187D0,-180.904215345705D0,27.0244218971485D0,      0000011P   4162
600.004654886087D0,-180.749238331443D0,26.2944869677899D0,       0000011P   4163
633.3303768071613D0,-180.3306069937496D0,25.90997408582594D0,    0000011P   4164
666.6750082916262D0,-179.6459412714344D0,25.85356491493437D0,    0000011P   4165
700.0169081984255D0,-178.6898350086927D0,26.11615049009563D0,    0000011P   4166
733.3390317976888D0,-177.4570592247326D0,26.68689373796146D0,    0000011P   4167
766.671683855384D0,-175.9636296673313D0,27.55061441445148D0,     0000011P   4168
805.5934240460821D0,-173.9345332695523D0,28.88374801014229D0,    0000011P   4169
850.041483244152D0,-171.2239716170207D0,30.85001016562983D0,     0000011P   4170
894.4886315508732D0,-168.0613669924265D0,33.29121269654263D0,    0000011P   4171
933.3698705123417D0,-164.9527368253145D0,35.72819199428681D0,    0000011P   4172
966.6927875081054D0,-162.0751198193871D0,38.02610065841527D0,    0000011P   4173
995.596922137569D0,-159.4082056775529D0,40.19574181408339D0,     0000011P   4174
1020.017516072983D0,-157.03407097398D0,42.14753129971351D0,      0000011P   4175
1040.047729286186D0,-155.017558929104D0,43.81546187801749D0,     0000011P   4176
1060.028196083172D0,-152.9274728626747D0,45.54583469076921D0,    0000011P   4177
1080.025136620227D0,-150.76277445322D0,47.33683810290819D0,      0000011P   4178
1110.06228150629D0,-147.3867499936876D0,50.11558433125627D0,     0000011P   4179
1150.047508844437D0,-142.568116981726D0,54.02565885298925D0,     0000011P   4180
1194.527613128709D0,-136.758542138104D0,58.73684321422869D0,     0000011P   4181
1233.383463614008D0,-131.3103616792713D0,63.13393802497312D0,    0000011P   4182
1266.719245227897D0,-126.3613679877906D0,67.10588401437438D0,    0000011P   4183
1300.070252510818D0,-121.0992808711099D0,71.29409616494777D0,    0000011P   4184
1333.389130497456D0,-115.4485392713883D0,75.70091869066988D0,    0000011P   4185
1366.685525032835D0,-109.4542268805678D0,80.36139977852896D0,    0000011P   4186
1395.607090744281D0,-103.9663713914972D0,84.6488153246808D0,     0000011P   4187
1420.063343727424D0,-99.10940190214537D0,88.44720270447745D0,    0000011P   4188
1440.110278998556D0,-94.97632393211607D0,91.68589943408774D0,    0000011P   4189
1460.126201897057D0,-90.657127997879D0,95.06307447608258D0,      0000011P   4190
1480.098323047768D0,-86.12049536796749D0,98.59568864106363D0,    0000011P   4191
1496.421343099522D0,-82.20360730712358D0,101.6316265946683D0,    0000011P   4192
1509.069273187829D0,-79.01479492345338D0,104.0817307523272D0,    0000011P   4193
1518.145726332286D0,-76.67906450463781D0,105.8721315670244D0,    0000011P   4194
1527.197122770323D0,-74.30159693355864D0,107.6837154774366D0,    0000011P   4195
1536.248824232384D0,-71.89036179437949D0,109.5098611308261D0,    0000011P   4196
1545.306661814183D0,-69.45021517530383D0,111.3407862444671D0,    0000011P   4197
1554.390098888182D0,-66.99096953046323D0,113.1701679073619D0,    0000011P   4198
1563.44896954641D0,-64.52330288849187D0,114.9831707113494D0,     0000011P   4199
1572.556134749877D0,-62.04483793529589D0,116.7756681496388D0,    0000011P   4200
1581.669828935781D0,-59.59397063969262D0,118.545270539299D0,     0000011P   4201
1590.789245144232D0,-57.06560034187096D0,120.2357396736027D0,    0000011P   4202
1601.092926037786D0,-54.65463532625044D0,122.226037993225D0,     0000011P   4203
1611.391522101603D0,-50.35323298290722D0,123.2014349958297D0,    0000011P   4204
1623.008720259006D0,-46.23585710045958D0,124.559063511631D0,     0000011P   4205
1634.508899770207D0,-41.99266724675369D0,125.7471706388586D0,    0000011P   4206
1646.123087366948D0,-37.76529487901036D0,126.9013010453418D0,    0000011P   4207
1657.730965145821D0,-33.54714173631552D0,127.9994625502818D0,    0000011P   4208
1669.399581108021D0,-29.33164615769879D0,129.0610829350911D0,    0000011P   4209
1681.084295825487D0,-25.13433287230532D0,130.0973209744651D0,    0000011P   4210
1692.777012609709D0,-20.94684974793304D0,131.1160245127246D0,    0000011P   4211
1704.491597072007D0,-16.76703251996472D0,132.1370405166368D0,    0000011P   4212
1716.222851632962D0,-12.58225541967649D0,133.1709406678324D0,    0000011P   4213
1727.910602346817D0,-8.408937211271226D0,134.2334943707432D0,    0000011P   4214
1739.624723488581D0,-4.211162619633257D0,135.3489565044201D0,    0000011P   4215
1747.376566801312D0,-1.407429635893988D0,136.1281799138909D0,    0000011P   4216
1751.245178479501D0,1.211530875622202D-14,136.5315437968217D0,   0000011P   4217
2.711814825273173D-14,-141.4894071230879D0,89.90870068507662D0,  0000011P   4218
16.66874125912372D0,-143.2025659290893D0,87.21949765959086D0,    0000011P   4219
49.99980099863444D0,-146.554798858999D0,81.79697966040152D0,     0000011P   4220
99.95877679280208D0,-151.3668387749194D0,73.66393342954649D0,    0000011P   4221
149.9506626394915D0,-155.8893148206582D0,65.62974537787082D0,    0000011P   4222
194.3976040962567D0,-159.5850377526521D0,58.7875018744029D0,     0000011P   4223
233.2714043847342D0,-162.5467762002783D0,53.15307652271052D0,    0000011P   4224
266.6218235596015D0,-164.8837799234373D0,48.60699774913905D0,    0000011P   4225
299.949964941939D0,-166.9988915020284D0,44.397962575047D0,       0000011P   4226
333.2719180827358D0,-168.8763768355307D0,40.58100735364945D0,    0000011P   4227
366.6033657241555D0,-170.5046393791036D0,37.15748277956098D0,    0000011P   4228
405.5171768584597D0,-172.1062806032828D0,33.62930528489559D0,    0000011P   4229
449.9568035663961D0,-173.5002199847486D0,30.27886821413763D0,    0000011P   4230
494.4288698606712D0,-174.3813116921778D0,27.68760034156277D0,    0000011P   4231
533.3129593444475D0,-174.7885056443773D0,25.95402367431001D0,    0000011P   4232
566.6536863070592D0,-174.893242270936D0,24.82405368924562D0,     0000011P   4233
600.0050199868288D0,-174.7604969469277D0,24.04790381590023D0,    0000011P   4234
633.3296188402354D0,-174.3942988907447D0,23.62559273289271D0,    0000011P   4235
666.6749277675671D0,-173.7747326947825D0,23.53279052991832D0,    0000011P   4236
700.0170751348203D0,-172.878969165533D0,23.75353886627457D0,     0000011P   4237
733.3384439551211D0,-171.6843022185724D0,24.27010665144464D0,    0000011P   4238
766.6710818090214D0,-170.2323855046766D0,25.07699142565068D0,    0000011P   4239
805.5938842150403D0,-168.2857069047536D0,26.35201666043109D0,    0000011P   4240
850.0400733853343D0,-165.761175237653D0,28.27990599040636D0,     0000011P   4241
894.4892676812192D0,-162.8190732472178D0,30.68819437842997D0,    0000011P   4242
933.3688269833431D0,-159.8738783885393D0,33.07964975407955D0,    0000011P   4243
966.6917507657571D0,-157.1215918533829D0,35.32740806245835D0,    0000011P   4244
995.5973944468719D0,-154.5555058361503D0,37.44420389731262D0,    0000011P   4245
1020.016783964607D0,-152.2650967797898D0,39.34498254408193D0,    0000011P   4246
1040.046818706559D0,-150.3181417156757D0,40.96888956412715D0,    0000011P   4247
1060.026639772639D0,-148.3006273585127D0,42.65454225885896D0,    0000011P   4248
1080.024506431911D0,-146.2135300759071D0,44.40174955998052D0,    0000011P   4249
1110.062942661385D0,-142.9650328065827D0,47.11843200110748D0,    0000011P   4250
1150.0450592372D0,-138.3499833196852D0,50.96033490029279D0,      0000011P   4251
1194.528524903239D0,-132.7963364094617D0,55.60001874005546D0,    0000011P   4252
1233.382134969105D0,-127.5788305185645D0,59.92330398832313D0,    0000011P   4253
1266.717680714076D0,-122.8402281051229D0,63.8372099685029D0,     0000011P   4254
1300.071044397873D0,-117.8094332803738D0,67.98574741878822D0,    0000011P   4255
1333.387527289987D0,-112.4206379741166D0,72.384259733626D0,      0000011P   4256
1366.68368679597D0,-106.696637909094D0,77.04375532778465D0,      0000011P   4257
1395.607566065535D0,-101.4320206416832D0,81.31570204656455D0,    0000011P   4258
1420.062851165884D0,-96.74466941869252D0,85.07631997004737D0,    0000011P   4259
1440.109852544051D0,-92.74136370433428D0,88.27872911944152D0,    0000011P   4260
1460.125826241258D0,-88.54582421863397D0,91.62407154231967D0,    0000011P   4261
1480.098068639054D0,-84.1297784697625D0,95.13911228362309D0,     0000011P   4262
1496.421874807889D0,-80.31154505669154D0,98.18037964948412D0,    0000011P   4263
1509.068449231796D0,-77.20123470292353D0,100.6502889221098D0,    0000011P   4264
1518.14443257857D0,-74.9221993082802D0,102.4612025752686D0,      0000011P   4265
1527.195114390342D0,-72.60164572344375D0,104.2986820347174D0,    0000011P   4266
1536.246363051634D0,-70.24735267017411D0,106.1553165595876D0,    0000011P   4267
1545.303619447167D0,-67.86409273620077D0,108.0204664963362D0,    0000011P   4268
1554.387045208001D0,-65.46142396601132D0,109.8870271798403D0,    0000011P   4269
1563.445779817015D0,-63.04974013119936D0,111.7391960639736D0,    0000011P   4270
1572.552697637149D0,-60.62682984486243D0,113.5721128863529D0,    0000011P   4271
1581.669711601086D0,-58.22984902773649D0,115.3826895821986D0,    0000011P   4272
1590.778978946502D0,-55.75740513153691D0,117.1128247786471D0,    0000011P   4273
1601.130523873249D0,-53.39444106993358D0,119.1493317086979D0,    0000011P   4274
1611.203962779744D0,-49.2022486813956D0,120.1479878933552D0,     0000011P   4275
1622.668703181007D0,-45.18351565135969D0,121.5359837719638D0,    0000011P   4276
1633.995134166469D0,-41.04243578717792D0,122.7497613532199D0,    0000011P   4277
1645.441098317588D0,-36.91572218512179D0,123.928100349422D0,     0000011P   4278
1656.88143055093D0,-32.79696959291891D0,125.0488235059038D0,     0000011P   4279
1668.382820423567D0,-28.67980809617346D0,126.1320545764553D0,    0000011P   4280
1679.901479275491D0,-24.57919257094601D0,127.1894480773561D0,    0000011P   4281
1691.428213877788D0,-20.48702437199639D0,128.229276555745D0,     0000011P   4282
1702.977336610054D0,-16.40117934692497D0,129.2720756323363D0,    0000011P   4283
1714.542479621643D0,-12.30943258074635D0,130.3289047622439D0,    0000011P   4284
1726.06512949892D0,-8.227602155783774D0,131.4161345426177D0,     0000011P   4285
1737.612910744754D0,-4.12097673708736D0,132.558805730278D0,      0000011P   4286
1745.253710937019D0,-1.37737878326081D0,133.3580360540943D0,     0000011P   4287
1749.066642408702D0,1.211530875622201D-14,133.7720188112713D0,   0000011P   4288
2.707282174710924D-14,-136.5546290312688D0,89.18250970909831D0,  0000011P   4289
16.66941418868187D0,-138.2145105168502D0,86.46593778998503D0,    0000011P   4290
50.00135025950575D0,-141.4608845541511D0,80.98129096239582D0,    0000011P   4291
99.95823341987574D0,-146.117228922679D0,72.73355410951784D0,     0000011P   4292
149.9512888456941D0,-150.4909534704835D0,64.56319672033568D0,    0000011P   4293
194.3976060289925D0,-154.0597517494524D0,57.59098661708782D0,    0000011P   4294
233.2711578736545D0,-156.9132110243488D0,51.84332907548205D0,    0000011P   4295
266.6215529362606D0,-159.163173064771D0,47.20254778172082D0,     0000011P   4296
299.9502507044088D0,-161.2010364029855D0,42.90342688582292D0,    0000011P   4297
333.271048421859D0,-163.0149066577787D0,39.00329411959247D0,     0000011P   4298
366.6027649125956D0,-164.5898672262744D0,35.50296109570347D0,    0000011P   4299
405.5176152579326D0,-166.137285875761D0,31.89208809177064D0,     0000011P   4300
449.9555294254167D0,-167.4748745783855D0,28.45642066473495D0,    0000011P   4301
494.4292477312941D0,-168.3393072396656D0,25.7967729483504D0,     0000011P   4302
533.3125100886845D0,-168.7847413103715D0,24.020288111103D0,      0000011P   4303
566.6529838701532D0,-168.9331110701201D0,22.8555358309475D0,     0000011P   4304
600.0053850881817D0,-168.8295143836202D0,22.0371618221395D0,     0000011P   4305
633.3288608689124D0,-168.4527122695733D0,21.55579445344199D0,    0000011P   4306
666.6748472362187D0,-167.8210313276966D0,21.40043430859273D0,    0000011P   4307
700.0172420689364D0,-166.9499886751716D0,21.568613572231D0,      0000011P   4308
733.3378561289869D0,-165.8553014391229D0,22.05609435855705D0,    0000011P   4309
766.6704797899024D0,-164.5321828602137D0,22.8386496849681D0,     0000011P   4310
805.5943443893867D0,-162.7151874290016D0,24.0689584763885D0,     0000011P   4311
850.0386634214455D0,-160.2318901926755D0,25.89110612210391D0,    0000011P   4312
894.4899037360975D0,-157.3207611322254D0,28.17826808774605D0,    0000011P   4313
933.3677836847086D0,-154.4825563055583D0,30.4892297688348D0,     0000011P   4314
966.6907144054077D0,-151.8577944827306D0,32.67798538118706D0,    0000011P   4315
995.5978669105475D0,-149.4169437786768D0,34.74574051133734D0,    0000011P   4316
1020.016051395642D0,-147.2316764433661D0,36.60186279328163D0,    0000011P   4317
1040.045907148168D0,-145.3718590235126D0,38.18814183790429D0,    0000011P   4318
1060.025082196648D0,-143.4441032942754D0,39.83591824784466D0,    0000011P   4319
1080.023875168665D0,-141.4509749760392D0,41.54588126505681D0,    0000011P   4320
1110.063604114841D0,-138.3527408241729D0,44.20879780500152D0,    0000011P   4321
1150.042615173033D0,-133.9657426473409D0,47.98736271380122D0,    0000011P   4322
1194.529440659665D0,-128.6857160508588D0,52.55671520748781D0,    0000011P   4323
1233.380794139118D0,-123.7072743002855D0,56.8083242210687D0,     0000011P   4324
1266.716095988696D0,-119.1787226123322D0,60.6567237861579D0,     0000011P   4325
1300.071829980871D0,-114.3686715666543D0,64.73871434616905D0,    0000011P   4326
1333.385969895499D0,-109.21834603357D0,69.07240356404007D0,      0000011P   4327
1366.681924555301D0,-103.7505759276548D0,73.68346557922348D0,    0000011P   4328
1395.60807208446D0,-98.72459766443157D0,77.94045484790844D0,     0000011P   4329
1420.062266752708D0,-94.25188656031811D0,81.71497540495764D0,    0000011P   4330
1440.109230845829D0,-90.42636998122246D0,84.94095406994489D0,    0000011P   4331
1460.125198115858D0,-86.40496028070849D0,88.31765759968744D0,    0000011P   4332
1480.097599751813D0,-82.15379498170299D0,91.86751312753772D0,    0000011P   4333
1496.422341332471D0,-78.4583623624432D0,94.93658744891367D0,     0000011P   4334
1509.067766337335D0,-75.43446085741499D0,97.42563525373295D0,    0000011P   4335
1518.143450778497D0,-73.21349506919273D0,99.24947892112266D0,    0000011P   4336
1527.193594588358D0,-70.94755333611977D0,101.0992393091095D0,    0000011P   4337
1536.244555448399D0,-68.64483852249339D0,102.9677896200424D0,    0000011P   4338
1545.301366675222D0,-66.31065472051017D0,104.844706160911D0,     0000011P   4339
1554.384870801362D0,-63.9549205699549D0,106.723175843816D0,      0000011P   4340
1563.443495343424D0,-61.58836059032164D0,108.587502316015D0,     0000011P   4341
1572.550110709156D0,-59.20954432684045D0,110.4331648908817D0,    0000011P   4342
1581.670290969604D0,-56.85500265710703D0,112.257450453137D0,     0000011P   4343
1590.76914020288D0,-54.42766614930433D0,114.0014677951302D0,     0000011P   4344
1601.168104684403D0,-52.10212534581541D0,116.0585235717863D0,    0000011P   4345
1611.015689312799D0,-48.01016318003087D0,117.0574246345628D0,    0000011P   4346
1622.326961860749D0,-44.0832715737875D0,118.4566044651214D0,     0000011P   4347
1633.478388706232D0,-40.04020273282265D0,119.6822501223821D0,    0000011P   4348
1644.754635417052D0,-36.01249852433074D0,120.8759350474896D0,    0000011P   4349
1656.025696866381D0,-31.99369383655314D0,122.0148555962868D0,    0000011P   4350
1667.3579113038D0,-27.97735763354074D0,123.1193901793183D0,      0000011P   4351
1678.708347973983D0,-23.97762207014172D0,124.2012477388244D0,    0000011P   4352
1690.066724244242D0,-19.98638911994993D0,125.2686842091389D0,    0000011P   4353
1701.447806399083D0,-16.00132187465545D0,126.3424825493002D0,    0000011P   4354
1712.844063453263D0,-12.01034340488355D0,127.4337486722821D0,    0000011P   4355
1724.1986496619D0,-8.028418242949961D0,128.5590130523293D0,      0000011P   4356
1735.576946892353D0,-4.021786125942737D0,129.7436610084085D0,    0000011P   4357
1743.104491784012D0,-1.344335141882988D0,130.5733886405954D0,    0000011P   4358
1746.860609123433D0,1.211530875622202D-14,131.0033232291943D0,   0000011P   4359
2.702749524148713D-14,-131.5440132675897D0,88.52628160416204D0,  0000011P   4360
16.67008711824006D0,-133.1495908147645D0,85.78831721402275D0,    0000011P   4361
50.00289952037236D0,-136.2876870557253D0,80.25275427192671D0,    0000011P   4362
99.95769004694469D0,-140.7751556860846D0,71.90448025767684D0,    0000011P   4363
149.9519150519206D0,-144.9689724110666D0,63.60901146498652D0,    0000011P   4364
194.3976079617457D0,-148.3897228583389D0,56.51507222068062D0,    0000011P   4365
233.2709113625219D0,-151.1375448993542D0,50.66107851509084D0,    0000011P   4366
266.6212823128322D0,-153.3112605760893D0,45.93159741292283D0,    0000011P   4367
299.9505364668511D0,-155.2852972186336D0,41.54879313698629D0,    0000011P   4368
333.2701787611787D0,-157.0457249353762D0,37.57258949580364D0,    0000011P   4369
366.6021641013611D0,-158.5828645473021D0,34.00477891469402D0,    0000011P   4370
405.5180536574704D0,-160.1102548474401D0,30.32646048418932D0,    0000011P   4371
449.9542552831915D0,-161.4677361887585D0,26.8317409565865D0,     0000011P   4372
494.4296256010222D0,-162.3336558591128D0,24.11096253490752D0,    0000011P   4373
533.3120608356379D0,-162.7162168120404D0,22.26272274592085D0,    0000011P   4374
566.652281437749D0,-162.806200812764D0,21.03456500455916D0,      0000011P   4375
600.005750190943D0,-162.6790551339662D0,20.16161991214812D0,     0000011P   4376
633.3281028874542D0,-162.3529970745153D0,19.64531432648704D0,    0000011P   4377
666.6747666880708D0,-161.808022925787D0,19.46155970581711D0,     0000011P   4378
700.0174089978007D0,-161.021438034014D0,19.59496316887437D0,     0000011P   4379
733.3372683407293D0,-159.9706627862215D0,20.0283060869448D0,     0000011P   4380
766.6698778335759D0,-158.679620422953D0,20.7475699904799D0,      0000011P   4381
805.5948045761496D0,-156.9198411153064D0,21.90528112591413D0,    0000011P   4382
850.0372532153752D0,-154.578627890256D0,23.6634394635396D0,      0000011P   4383
894.4905396170302D0,-151.8529096102396D0,25.8923913283648D0,     0000011P   4384
933.3667409170452D0,-149.1737052797372D0,28.14413384002809D0,    0000011P   4385
966.6896789255345D0,-146.6863949368137D0,30.27856348465765D0,    0000011P   4386
995.5983397300392D0,-144.3688300309466D0,32.29795057206134D0,    0000011P   4387
1020.015317765056D0,-142.2931473111598D0,34.11338601852337D0,    0000011P   4388
1040.044993333804D0,-140.5248070444731D0,35.665502972835D0,      0000011P   4389
1060.023521703883D0,-138.6887938869091D0,37.27720140786256D0,    0000011P   4390
1080.023241427792D0,-136.7862084990515D0,38.94817018518169D0,    0000011P   4391
1110.064266255994D0,-133.820361890163D0,41.54652834242238D0,     0000011P   4392
1150.040183885173D0,-129.596986615039D0,45.22160561043098D0,     0000011P   4393
1194.53036559403D0,-124.5217022337545D0,49.67676516177701D0,     0000011P   4394
1233.37942522353D0,-119.7733672575188D0,53.84945863198203D0,     0000011P   4395
1266.714464677356D0,-115.4672894499065D0,57.63878198743901D0,    0000011P   4396
1300.072601033545D0,-110.8952566666108D0,61.664476831648D0,      0000011P   4397
1333.384518096106D0,-105.9901720192028D0,65.93854203764951D0,    0000011P   4398
1366.680337479524D0,-100.7746839619304D0,70.49186672074416D0,    0000011P   4399
1395.608648858954D0,-95.97447434189024D0,74.70505857250713D0,    0000011P   4400
1420.061470629171D0,-91.69898752184666D0,78.44937548294466D0,    0000011P   4401
1440.108159127128D0,-88.03573098309857D0,81.65674485780319D0,    0000011P   4402
1460.123988069096D0,-84.17444655876923D0,85.02275414728491D0,    0000011P   4403
1480.096636509461D0,-80.07845205407681D0,88.57162153681988D0,    0000011P   4404
1496.422657613873D0,-76.5036539949584D0,91.64931738621152D0,     0000011P   4405
1509.067408578032D0,-73.56904795863348D0,94.15116378442838D0,    0000011P   4406
1518.143188005545D0,-71.41000502736017D0,95.98676802352047D0,    0000011P   4407
1527.193200917898D0,-69.20403980877026D0,97.8505150801364D0,     0000011P   4408
1536.244254286808D0,-66.95950612455212D0,99.73506330231049D0,    0000011P   4409
1545.300933854039D0,-64.68196638622304D0,101.6297061600324D0,    0000011P   4410
1554.384723046877D0,-62.3814266437186D0,103.5274233450939D0,     0000011P   4411
1563.443297408934D0,-60.06866897928699D0,105.4121259006042D0,    0000011P   4412
1572.549483386045D0,-57.74277068514446D0,107.2791339181612D0,    0000011P   4413
1581.672476180894D0,-55.43936441060001D0,109.1256104344541D0,    0000011P   4414
1590.760286705313D0,-53.06543065515784D0,110.8913756095125D0,    0000011P   4415
1601.20564625594D0,-50.78573190123934D0,112.9764370976042D0,     0000011P   4416
1610.825769801007D0,-46.8018909515615D0,113.9814881524111D0,     0000011P   4417
1621.981246305933D0,-42.97389157348563D0,115.3956867279704D0,    0000011P   4418
1632.954774925368D0,-39.03447387799768D0,116.6346590446014D0,    0000011P   4419
1644.057860662806D0,-35.11012082721746D0,117.8429773600758D0,    0000011P   4420
1655.155674797358D0,-31.19441977390253D0,118.9974167285256D0,    0000011P   4421
1666.314220720459D0,-27.280990884553D0,120.1188153050304D0,      0000011P   4422
1677.491442030798D0,-23.38325591680708D0,121.2191415455714D0,    0000011P   4423
1688.675983141257D0,-19.49322978709513D0,122.3068398594576D0,    0000011P   4424
1699.883080690587D0,-15.60847515519941D0,123.4031456318318D0,    0000011P   4425
1711.104057008288D0,-11.71717540135832D0,124.5194163213079D0,    0000011P   4426
1722.28375046757D0,-7.833553831882508D0,125.672547367006D0,      0000011P   4427
1733.485316749621D0,-3.924913579900462D0,126.8884737378188D0,    0000011P   4428
1740.894507450016D0,-1.312083646437936D0,127.7413495546647D0,    0000011P   4429
1744.591197052907D0,1.211530875622202D-14,128.183541372146D0,    0000011P   4430
2.698216873586502D-14,-126.5116404810412D0,87.93790462251396D0,  0000011P   4431
16.67076004779821D0,-128.0153742870457D0,85.17059069348758D0,    0000011P   4432
50.00444878124272D0,-130.9678571933663D0,79.57289696225904D0,    0000011P   4433
99.9571466740174D0,-135.2698040814265D0,71.13409238023213D0,     0000011P   4434
149.9525412581279D0,-139.412227568389D0,62.76299896598053D0,     0000011P   4435
194.397609894485D0,-142.8052259185021D0,55.59244078392815D0,     0000011P   4436
233.2706648514317D0,-145.4679744384395D0,49.64779118698691D0,    0000011P   4437
266.621011689474D0,-147.5527735443785D0,44.83382700072381D0,     0000011P   4438
299.9508222293155D0,-149.4475980062264D0,40.36937519168352D0,    0000011P   4439
333.2693091003411D0,-151.1639050187456D0,36.32396003483565D0,    0000011P   4440
366.601563289866D0,-152.6718905225633D0,32.69452060958593D0,     0000011P   4441
405.5184920569561D0,-154.159181727652D0,28.94763243009836D0,     0000011P   4442
449.9529811419639D0,-155.4287354454891D0,25.37161601073139D0,    0000011P   4443
494.4300034714667D0,-156.2318156155823D0,22.58095770576313D0,    0000011P   4444
533.3116115804161D0,-156.6325116118686D0,20.691224965462D0,      0000011P   4445
566.6515790017401D0,-156.7626441493364D0,19.43235633690586D0,    0000011P   4446
600.0061152925764D0,-156.6747478764827D0,18.52510894871941D0,    0000011P   4447
633.327344914111D0,-156.3616186656902D0,17.96251090076666D0,     0000011P   4448
666.6746861533745D0,-155.8215224986713D0,17.72564179112881D0,    0000011P   4449
700.0175759308703D0,-155.0501343576599D0,17.80443576436389D0,    0000011P   4450
733.3366805221441D0,-154.0432678427181D0,18.18698070774769D0,    0000011P   4451
766.6692758269717D0,-152.8170940191995D0,18.85624781301827D0,    0000011P   4452
805.5952647529708D0,-151.1484393545115D0,19.95303853075772D0,    0000011P   4453
850.0358432032203D0,-148.9207500649D0,21.63292224927641D0,       0000011P   4454
894.4911756372413D0,-146.3171227264431D0,23.77411274333099D0,    0000011P   4455
933.3656977242306D0,-143.7498700864821D0,25.94275125219969D0,    0000011P   4456
966.6886427406602D0,-141.3657942550447D0,28.00372774627105D0,    0000011P   4457
995.5988122646276D0,-139.1475055057172D0,29.95934205915417D0,    0000011P   4458
1020.014584984514D0,-137.1651385103066D0,31.72184458960765D0,    0000011P   4459
1040.044081325807D0,-135.4781244704812D0,33.23091675416589D0,    0000011P   4460
1060.021963546591D0,-133.7275580097135D0,34.79946458892296D0,    0000011P   4461
1080.022609670765D0,-131.9137494141041D0,36.42683448642552D0,    0000011P   4462
1110.064927846506D0,-129.0854593227362D0,38.95841117939273D0,    0000011P   4463
1150.03774236727D0,-125.0533120446189D0,42.5403594529492D0,      0000011P   4464
1194.531283179581D0,-120.2298698455661D0,46.90493500924047D0,    0000011P   4465
1233.378078796199D0,-115.7527544589457D0,51.0215531996008D0,     0000011P   4466
1266.712870667586D0,-111.6949767079177D0,54.76443790797401D0,    0000011P   4467
1300.073383720709D0,-107.3679466305068D0,58.73103161632946D0,    0000011P   4468
1333.382981746284D0,-102.6867083790908D0,62.91862373816559D0,    0000011P   4469
1366.678610148494D0,-97.69122549564025D0,67.37506211597653D0,    0000011P   4470
1395.609168979172D0,-93.09469127556181D0,71.51016422468587D0,    0000011P   4471
1420.060844022997D0,-89.01213378035021D0,75.20200004944637D0,    0000011P   4472
1440.107447741686D0,-85.51508618858526D0,78.37721874270766D0,    0000011P   4473
1460.123243969177D0,-81.82391329412951D0,81.72426219087959D0,    0000011P   4474
1480.096069099292D0,-77.89767915937517D0,85.26968020659122D0,    0000011P   4475
1496.423094195612D0,-74.45806259348896D0,88.35918378181627D0,    0000011P   4476
1509.066790481665D0,-71.62489411450437D0,90.87951678745424D0,    0000011P   4477
1518.142349504605D0,-69.53672965948874D0,92.73218934563541D0,    0000011P   4478
1527.191905549271D0,-67.39984186195441D0,94.61625199333287D0,    0000011P   4479
1536.242746911163D0,-65.22262661585522D0,96.52393788245088D0,    0000011P   4480
1545.299043790754D0,-63.01079576690368D0,98.44404730416366D0,    0000011P   4481
1554.382952543631D0,-60.77433389006058D0,100.3691423881386D0,    0000011P   4482
1563.441428773956D0,-58.52397174520274D0,102.282531231521D0,     0000011P   4483
1572.5472869992D0,-56.259185486407D0,104.1791643623178D0,        0000011P   4484
1581.673375587234D0,-54.01460064957018D0,106.0558706273708D0,    0000011P   4485
1590.750644317155D0,-51.70113878039215D0,107.8509712125747D0,    0000011P   4486
1601.243219246801D0,-49.47428918678783D0,109.9716891719927D0,    0000011P   4487
1610.637168284132D0,-45.6050725429817D0,110.9900458519009D0,     0000011P   4488
1621.638712937164D0,-41.88163499138793D0,112.425619234421D0,     0000011P   4489
1632.436660637236D0,-38.0501865977532D0,113.6829420008051D0,     0000011P   4490
1643.369342652475D0,-34.23219618880826D0,114.9096717105143D0,    0000011P   4491
1654.297093496879D0,-30.42134835151248D0,116.0822486010331D0,    0000011P   4492
1665.285568532679D0,-26.61135922450076D0,117.2220570570389D0,    0000011P   4493
1676.293572541532D0,-22.81498493788693D0,118.341411533317D0,     0000011P   4494
1687.308663810832D0,-19.02439812062344D0,119.4490313992145D0,    0000011P   4495
1698.346536162523D0,-15.23710577027031D0,120.5666909510415D0,    0000011P   4496
1709.397352069794D0,-11.44159634636465D0,121.7060856781153D0,    0000011P   4497
1720.407620852894D0,-7.65139669889764D0,122.8845624694939D0,     0000011P   4498
1731.438258835784D0,-3.83491812672377D0,124.1286924290596D0,     0000011P   4499
1738.733178047754D0,-1.282219956992173D0,125.0023549326123D0,    0000011P   4500
1742.372532637861D0,1.211530875622202D-14,125.4555597406858D0,   0000011P   4501
2.693684223024251D-14,-121.3873453593811D0,87.40185586035238D0,  0000011P   4502
16.67143297735639D0,-122.8938499707665D0,84.61663580054879D0,    0000011P   4503
50.00599804211225D0,-125.8343695746791D0,78.9775528401444D0,     0000011P   4504
99.95660330108923D0,-130.0251263358772D0,70.46159032772775D0,    0000011P   4505
149.9531674643396D0,-133.9255527435679D0,61.99927167092257D0,    0000011P   4506
194.3976118272273D0,-137.0975179487091D0,54.74256608621777D0,    0000011P   4507
233.2704183403314D0,-139.6420755824046D0,48.72390169025128D0,    0000011P   4508
266.6207410660993D0,-141.6508955027493D0,43.84522215310901D0,    0000011P   4509
299.9511079917746D0,-143.4691819325342D0,39.31285501700305D0,    0000011P   4510
333.2684394395396D0,-145.0825184535331D0,35.19446421165037D0,    0000011P   4511
366.600962478431D0,-146.4892994156394D0,31.49364606755108D0,     0000011P   4512
405.5189304564536D0,-147.8930425783707D0,27.67316565025298D0,    0000011P   4513
449.9517070005055D0,-149.1625286257522D0,24.03812502661493D0,    0000011P   4514
494.4303813417455D0,-150.0249541313994D0,21.20500388648066D0,    0000011P   4515
533.311162325697D0,-150.4808823468466D0,19.28085642176457D0,     0000011P   4516
566.6508765665642D0,-150.647240849274D0,17.98945484420366D0,     0000011P   4517
600.0064803944705D0,-150.5710468948181D0,17.04188642554352D0,    0000011P   4518
633.3265869388928D0,-150.2317534062119D0,16.42646977153899D0,    0000011P   4519
666.6746056155698D0,-149.6649263051814D0,16.13244715260473D0,    0000011P   4520
700.0177428629683D0,-148.9036398290694D0,16.15807489732349D0,    0000011P   4521
733.336092710567D0,-147.9811874737417D0,16.49975236049544D0,     0000011P   4522
766.6686738319854D0,-146.8768180730142D0,17.13136587481782D0,    0000011P   4523
805.5957249320886D0,-145.3508104942637D0,18.17735650659455D0,    0000011P   4524
850.034433146253D0,-143.2253250426649D0,19.77422940872563D0,     0000011P   4525
894.4918116252671D0,-140.7106312365482D0,21.8190948206839D0,     0000011P   4526
933.364654629666D0,-138.2560984938835D0,23.90587035512989D0,     0000011P   4527
966.6876067187066D0,-135.9877438596617D0,25.89735027990319D0,    0000011P   4528
995.5992848650548D0,-133.8823027078435D0,27.7924267726217D0,     0000011P   4529
1020.013852007533D0,-132.0015066253562D0,29.50276787286643D0,    0000011P   4530
1040.043168900371D0,-130.401721346563D0,30.96921311870688D0,     0000011P   4531
1060.020404849588D0,-128.7427757545477D0,32.49581205906058D0,    0000011P   4532
1080.021977455285D0,-127.0253234517209D0,34.08256676340403D0,    0000011P   4533
1110.065589564266D0,-124.3498016442078D0,36.55602707192703D0,    0000011P   4534
1150.035303213453D0,-120.5421221700057D0,40.0697192685936D0,     0000011P   4535
1194.532202463388D0,-115.9507316976198D0,44.33063056052356D0,    0000011P   4536
1233.376727172D0,-111.6293397403937D0,48.30456837586618D0,       0000011P   4537
1266.711268037702D0,-107.7107183596133D0,51.91781251294844D0,    0000011P   4538
1300.074163719229D0,-103.5671538626528D0,55.77613777627931D0,    0000011P   4539
1333.381464935433D0,-99.15411370010085D0,59.90551776078961D0,    0000011P   4540
1366.676915229403D0,-94.47570578075982D0,64.33276655576215D0,    0000011P   4541
1395.609702191769D0,-90.16608239544601D0,68.4493394710931D0,     0000011P   4542
1420.060178242627D0,-86.31461535072006D0,72.1170670618607D0,     0000011P   4543
1440.106653085923D0,-82.99877707804269D0,75.27013156358201D0,    0000011P   4544
1460.122392192427D0,-79.48010813868072D0,78.59530285808398D0,    0000011P   4545
1480.095410215266D0,-75.71710797806372D0,82.12183278787862D0,    0000011P   4546
1496.423502976841D0,-72.40304306719094D0,85.20053535235013D0,    0000011P   4547
1509.066232547244D0,-69.6630920235054D0,87.71625379472394D0,     0000011P   4548
1518.141644050093D0,-67.63970354433411D0,89.5674496933547D0,     0000011P   4549
1527.190818556342D0,-65.56568964402931D0,91.45177028014639D0,    0000011P   4550
1536.24151828256D0,-63.4495989378199D0,93.36150070637254D0,      0000011P   4551
1545.297490485214D0,-61.29740335462316D0,95.28542527989114D0,    0000011P   4552
1554.38155704548D0,-59.1191766434347D0,97.21616576374451D0,      0000011P   4553
1563.439946225359D0,-56.92570889076949D0,99.13690450461343D0,    0000011P   4554
1572.545453211244D0,-54.71698576157456D0,101.042699662413D0,     0000011P   4555
1581.674572133476D0,-52.52673632734408D0,102.9305230896369D0,    0000011P   4556
1590.74118423571D0,-50.26993382898319D0,104.7376741935442D0,     0000011P   4557
1601.280784976891D0,-48.09258816104779D0,106.8775011080244D0,    0000011P   4558
1610.448262188494D0,-44.33558563182018D0,107.8949407725558D0,    0000011P   4559
1621.295444189011D0,-40.71559046808343D0,109.3410423794972D0,    0000011P   4560
1631.917275457485D0,-36.99244575216257D0,110.6102795674149D0,    0000011P   4561
1642.678916570406D0,-33.28256068046734D0,111.8531989916656D0,    0000011P   4562
1653.435868320395D0,-29.57967157922711D0,113.0457098672929D0,    0000011P   4563
1664.253441084211D0,-25.87754506427966D0,114.2095466027784D0,    0000011P   4564
1675.091303870207D0,-22.18822614328258D0,115.3571734459178D0,    0000011P   4565
1685.935931884023D0,-18.5039996627785D0,116.4973885203028D0,     0000011P   4566
1696.803479174529D0,-14.82227146317339D0,117.6523088276175D0,    0000011P   4567
1707.682951402333D0,-11.13178958837115D0,118.8337716820884D0,    0000011P   4568
1718.522531878456D0,-7.445338937111634D0,120.0593792169184D0,    0000011P   4569
1729.380900613365D0,-3.732393479043446D0,121.3561424651856D0,    0000011P   4570
1736.560604854832D0,-1.248073939352414D0,122.2685104530002D0,    0000011P   4571
1740.142140819356D0,1.211530875622202D-14,122.7420630322085D0,   0000011P   4572
2.689151572462039D-14,-116.438785982667D0,86.93596087529082D0,   0000011P   4573
16.67210590691455D0,-117.8441255632067D0,84.12272555509932D0,    0000011P   4574
50.00754730297694D0,-120.5991940838921D0,78.42648516721678D0,    0000011P   4575
99.95605992815627D0,-124.5756861365396D0,69.82504250145476D0,    0000011P   4576
149.9537936705754D0,-128.3416881345191D0,61.28044418537213D0,    0000011P   4577
194.3976137599875D0,-131.4315623025645D0,53.9555944800596D0,     0000011P   4578
233.2701718291784D0,-133.9067527962189D0,47.88215608650916D0,    0000011P   4579
266.6204704426368D0,-135.8612088881378D0,42.95881228927532D0,    0000011P   4580
299.9513937542063D0,-137.6338146155202D0,38.38331724330467D0,    0000011P   4581
333.2675697789359D0,-139.2135602376165D0,34.22263418549582D0,    0000011P   4582
366.6003616673234D0,-140.5851936104259D0,30.47871945789627D0,    0000011P   4583
405.5193688560166D0,-141.9300424620757D0,26.60521450836429D0,    0000011P   4584
449.9504328577938D0,-143.0838919852861D0,22.90325451178525D0,    0000011P   4585
494.4307592111242D0,-143.8383402978262D0,20.00382210612736D0,    0000011P   4586
533.31071307371D0,-144.2529387099397D0,18.02851717726905D0,      0000011P   4587
566.6501741359163D0,-144.4184730964876D0,16.69806369729177D0,    0000011P   4588
600.0068454977809D0,-144.3741823796928D0,15.71648501698952D0,    0000011P   4589
633.3258289534793D0,-144.0977575441067D0,15.0723964776233D0,     0000011P   4590
666.6745250608662D0,-143.5982728877992D0,14.74639832346087D0,    0000011P   4591
700.0179097897825D0,-142.8824179225809D0,14.72826640610883D0,    0000011P   4592
733.3355049370873D0,-141.9570207156532D0,15.00586599545005D0,    0000011P   4593
766.6680719001589D0,-140.8374426800878D0,15.56280200649508D0,    0000011P   4594
805.5961851236968D0,-139.3216146753455D0,16.52064534333501D0,    0000011P   4595
850.0330228456912D0,-137.3085071401807D0,18.03170323014864D0,    0000011P   4596
894.4924474383306D0,-134.9668930615973D0,19.99675439300887D0,    0000011P   4597
933.363612069169D0,-132.6648457917709D0,22.00930299165781D0,     0000011P   4598
966.6865715823658D0,-130.5246086502843D0,23.93241210078859D0,    0000011P   4599
995.5997578233745D0,-128.5253092603223D0,25.76258254344683D0,    0000011P   4600
1020.013117962738D0,-126.7295003009773D0,27.41300311076488D0,    0000011P   4601
1040.042254205802D0,-125.1994462017995D0,28.82868511651378D0,    0000011P   4602
1060.018843218795D0,-123.6135226035374D0,30.30414216303344D0,    0000011P   4603
1080.021342747725D0,-121.9755333814921D0,31.84075356276444D0,    0000011P   4604
1110.066251973734D0,-119.4341673847871D0,34.24235429532782D0,    0000011P   4605
1150.032876910483D0,-115.851889929411D0,37.67334798797098D0,     0000011P   4606
1194.533130978679D0,-111.5562529413062D0,41.85837192754036D0,    0000011P   4607
1233.375347298345D0,-107.508063185995D0,45.77358643743056D0,     0000011P   4608
1266.709618550071D0,-103.8221944964006D0,49.32850358452773D0,    0000011P   4609
1300.074929102652D0,-99.89868585270614D0,53.10727302306511D0,    0000011P   4610
1333.38005433573D0,-95.6830293711494D0,57.12219722602329D0,      0000011P   4611
1366.675396497133D0,-91.2037095809702D0,61.42063518612943D0,     0000011P   4612
1395.610306572731D0,-87.09059671771345D0,65.43118658786653D0,    0000011P   4613
1420.059299516759D0,-83.43761764105636D0,69.02474288268384D0,    0000011P   4614
1440.105405784217D0,-80.29811165529256D0,72.12872384178208D0,    0000011P   4615
1460.120955099328D0,-76.96362852084332D0,75.4184845798631D0,     0000011P   4616
1480.094254092012D0,-73.38680039813391D0,78.92524057631421D0,    0000011P   4617
1496.423760638357D0,-70.22195330206165D0,82.00217582061809D0,    0000011P   4618
1509.066001644851D0,-67.59396313437927D0,84.52551674532148D0,    0000011P   4619
1518.141661817578D0,-65.64880525090442D0,86.38592107662397D0,    0000011P   4620
1527.190864264901D0,-63.65102851417663D0,88.28267766634149D0,    0000011P   4621
1536.241804884332D0,-61.60922049486938D0,90.20770104091184D0,    0000011P   4622
1545.297767748211D0,-59.52949943927424D0,92.14933690067193D0,    0000011P   4623
1554.382200023175D0,-57.42191450459111D0,94.09984401783406D0,    0000011P   4624
1563.440562388942D0,-55.29720133814264D0,96.04185636440943D0,    0000011P   4625
1572.545590460699D0,-53.15574134991555D0,97.97011710801642D0,    0000011P   4626
1581.677383891139D0,-51.03025338117091D0,99.88131848259579D0,    0000011P   4627
1590.732715148344D0,-48.8396486021886D0,101.7113154925658D0,     0000011P   4628
1601.318311238437D0,-46.72123703091037D0,103.8800907990127D0,    0000011P   4629
1610.257700444819D0,-43.08521175938649D0,104.904152152655D0,     0000011P   4630
1620.948178020218D0,-39.57630183880849D0,106.3651577129619D0,    0000011P   4631
1631.39098188664D0,-35.96727185923012D0,107.6470435106742D0,     0000011P   4632
1641.978118474243D0,-32.3695181631979D0,108.9034190650658D0,     0000011P   4633
1652.560271399577D0,-28.77687559266869D0,110.10983633676D0,      0000011P   4634
1663.202422599233D0,-25.18320801714084D0,111.2885535260636D0,    0000011P   4635
1673.86512185357D0,-21.59989609827333D0,112.4523584418035D0,     0000011P   4636
1684.53377783178D0,-18.01938367665662D0,113.6103017298373D0,     0000011P   4637
1695.22502135496D0,-14.43902221200021D0,114.7850168652436D0,     0000011P   4638
1705.926717816446D0,-10.84786610903245D0,115.9886567551796D0,    0000011P   4639
1716.588741063339D0,-7.25800509169949D0,117.2392525450136D0,     0000011P   4640
1727.267551337914D0,-3.640022576901679D0,118.5644289650405D0,    0000011P   4641
1734.326911970784D0,-1.217458865296519D0,119.4980864521736D0,    0000011P   4642
1737.84800045743D0,1.211530875622202D-14,119.9829904613031D0,    0000011P   4643
2.68461892189983D-14,-111.3585587206703D0,86.50334456628337D0,   0000011P   4644
16.67277883647273D0,-112.7183985759294D0,83.67070083650992D0,    0000011P   4645
50.00909656384299D0,-115.380789142653D0,77.93153963289235D0,     0000011P   4646
99.95551655522465D0,-119.195355200802D0,69.25357618896945D0,     0000011P   4647
149.9544198768045D0,-122.7615866432197D0,60.61983721571518D0,    0000011P   4648
194.3976156927427D0,-125.6896878208493D0,53.21591638364373D0,    0000011P   4649
233.2699253180397D0,-128.0702207986107D0,47.0813178249462D0,     0000011P   4650
266.6201998191982D0,-129.9625704459085D0,42.11023826503084D0,    0000011P   4651
299.9516795166452D0,-131.6792597326553D0,37.49117082477347D0,    0000011P   4652
333.2667001182773D0,-133.1963610403738D0,33.29059664293726D0,    0000011P   4653
366.5997608561252D0,-134.5129745330326D0,29.51100192721373D0,    0000011P   4654
405.5198072555617D0,-135.8189510853539D0,25.60150593749975D0,    0000011P   4655
449.9491587154292D0,-136.9878843927282D0,21.86765555861619D0,    0000011P   4656
494.4311370807525D0,-137.7488690219367D0,18.93210343507624D0,    0000011P   4657
533.3102638209684D0,-138.1047932762014D0,16.91146176174605D0,    0000011P   4658
566.6494717040173D0,-138.2106294203447D0,15.53763648870304D0,    0000011P   4659
600.0072106007003D0,-138.1318066213693D0,14.51321295021805D0,    0000011P   4660
633.3250709708841D0,-137.8807106349929D0,13.83189507536639D0,    0000011P   4661
666.6744445108338D0,-137.447907237854D0,13.47087037676629D0,     0000011P   4662
700.0180767180578D0,-136.8216988757087D0,13.41666632501463D0,    0000011P   4663
733.3349171530788D0,-135.9904946151768D0,13.65386296118693D0,    0000011P   4664
766.6674699508762D0,-134.9625775287421D0,14.16421325163911D0,    0000011P   4665
805.5966453118532D0,-133.5425288411583D0,15.05832440243258D0,    0000011P   4666
850.0316126124566D0,-131.6113363278822D0,16.48012101900089D0,    0000011P   4667
894.4930832997522D0,-129.3422826262951D0,18.34163064077649D0,    0000011P   4668
933.3625693610624D0,-127.1151163489777D0,20.25709593378171D0,    0000011P   4669
966.6855362012525D0,-125.0578480750003D0,22.09839889067339D0,    0000011P   4670
995.6002306827769D0,-123.1565148926947D0,23.86396634149593D0,    0000011P   4671
1020.012384213073D0,-121.4681922741738D0,25.46731162652328D0,    0000011P   4672
1040.041340138394D0,-120.034824996699D0,26.84635759132062D0,     0000011P   4673
1060.017282398865D0,-118.5477954598182D0,28.28424974090769D0,    0000011P   4674
1080.020708728946D0,-117.0044552327645D0,29.77959307221113D0,    0000011P   4675
1110.066914192024D0,-114.5895736800753D0,32.10936717791599D0,    0000011P   4676
1150.030447055696D0,-111.1171851261469D0,35.41190490737754D0,    0000011P   4677
1194.534056942502D0,-106.9548862656475D0,39.44443813025472D0,    0000011P   4678
1233.373975232496D0,-103.1106767468817D0,43.2495873772529D0,     0000011P   4679
1266.707982013352D0,-99.6474442884314D0,46.72514062655829D0,     0000011P   4680
1300.075698525511D0,-95.98224407694471D0,50.43857922033777D0,    0000011P   4681
1333.378614380559D0,-92.04984358972843D0,54.40099489387742D0,    0000011P   4682
1366.673829068973D0,-87.86559961444547D0,58.64455704311374D0,    0000011P   4683
1395.610891283624D0,-84.0081565989989D0,62.59230502967913D0,     0000011P   4684
1420.058479646433D0,-80.56513850316333D0,66.11286502206367D0,    0000011P   4685
1440.104283588338D0,-77.59439450802188D0,69.15234884301934D0,    0000011P   4686
1460.119679780539D0,-74.4264304935009D0,72.38041117001582D0,     0000011P   4687
1480.093235399625D0,-71.01489471306208D0,75.83573411423596D0,    0000011P   4688
1496.424060067521D0,-67.98516865017533D0,78.88507681731767D0,    0000011P   4689
1509.065680354789D0,-65.46306379234005D0,81.39853794636086D0,    0000011P   4690
1518.141479695314D0,-63.59374692087827D0,83.25674326151102D0,    0000011P   4691
1527.190596908565D0,-61.6715384458514D0,85.15562009101696D0,     0000011P   4692
1536.241672694884D0,-59.70482119490107D0,87.0866687242327D0,     0000011P   4693
1545.297539064361D0,-57.69961603321659D0,89.03775264172586D0,    0000011P   4694
1554.382279590976D0,-55.66570382772573D0,91.00072401263066D0,    0000011P   4695
1563.440598494041D0,-53.61352208808231D0,92.95762482204063D0,    0000011P   4696
1572.545182939422D0,-51.54360427083624D0,94.90283963302932D0,    0000011P   4697
1581.67974922404D0,-49.48741528853899D0,96.83273744873634D0,     0000011P   4698
1590.723972162287D0,-47.36756054236871D0,98.68168525849124D0,    0000011P   4699
1601.355848408609D0,-45.31285887889221D0,100.8759267779904D0,    0000011P   4700
1610.067596302098D0,-41.80237786332985D0,101.9037759914667D0,    0000011P   4701
1620.602016689804D0,-38.40879967246565D0,103.3778314425751D0,    0000011P   4702
1630.86659771095D0,-34.91751541636777D0,104.6717547006877D0,     0000011P   4703
1641.280187076446D0,-31.43500878385341D0,105.9422360807982D0,    0000011P   4704
1651.688646653847D0,-27.95531333274103D0,107.1644882209132D0,    0000011P   4705
1662.156625366657D0,-24.4724903863235D0,108.3613110449676D0,     0000011P   4706
1672.645549194317D0,-20.99735646039519D0,109.5458338546229D0,    0000011P   4707
1683.139755696649D0,-17.52261458972842D0,110.7273777498054D0,    0000011P   4708
1693.65634789406D0,-14.0456620534702D0,111.9291106107914D0,      0000011P   4709
1704.182046339693D0,-10.55595981730735D0,113.1635188694721D0,    0000011P   4710
1714.668410843802D0,-7.065002630526298D0,114.4490806151842D0,    0000011P   4711
1725.169677307556D0,-3.544583557413171D0,115.8140522072428D0,    0000011P   4712
1732.110111824931D0,-1.185767007452049D0,116.7775353480094D0,    0000011P   4713
1735.571479416454D0,1.211530875622202D-14,117.2782988913849D0,   0000011P   4714
2.680086271337578D-14,-106.2778529925284D0,86.11270175474706D0,  0000011P   4715
16.67345176603086D0,-107.5685303798277D0,83.25982725111908D0,    0000011P   4716
50.01064582470671D0,-110.0971152343205D0,77.4763089640923D0,     0000011P   4717
99.95497318229072D0,-113.7571606946901D0,68.72672786851493D0,    0000011P   4718
149.9550460830448D0,-117.2503761686636D0,60.02221513137945D0,    0000011P   4719
194.3976176255063D0,-120.100890516634D0,52.55037448171837D0,     0000011P   4720
233.269678806877D0,-122.3421448453226D0,46.34818011279045D0,     0000011P   4721
266.6199291957195D0,-124.0996055879345D0,41.3189840634424D0,     0000011P   4722
299.9519652790717D0,-125.6992843431571D0,36.64729094520767D0,    0000011P   4723
333.26583045771D0,-127.150267848078D0,32.40525310398008D0,       0000011P   4724
366.599160045078D0,-128.4251718302096D0,28.59078162918308D0,     0000011P   4725
405.5202456551367D0,-129.6800614392265D0,24.64308797180758D0,    0000011P   4726
449.9478845724853D0,-130.7432724173592D0,20.86193186466232D0,    0000011P   4727
494.4315149499645D0,-131.4360663547791D0,17.88492282385901D0,    0000011P   4728
533.3098145694873D0,-131.8281275463383D0,15.84018627647733D0,    0000011P   4729
566.648769274208D0,-131.996222596981D0,14.44732763255446D0,      0000011P   4730
600.0075757042732D0,-131.9766030140913D0,13.39893543461548D0,    0000011P   4731
633.3243129835828D0,-131.7473873084746D0,12.68219801303766D0,    0000011P   4732
666.6743639530008D0,-131.3130301206587D0,12.27528931845413D0,    0000011P   4733
700.018243643894D0,-130.6758139604513D0,12.16588175240213D0,     0000011P   4734
733.3343293866553D0,-129.8381312355789D0,12.33966542150829D0,    0000011P   4735
766.6668680307474D0,-128.8233372197669D0,12.78334500604137D0,    0000011P   4736
805.5971055057743D0,-127.4591137141591D0,13.60164675075579D0,    0000011P   4737
850.0302022667786D0,-125.6752133195802D0,14.94802496504627D0,    0000011P   4738
894.4937190804114D0,-123.5913650045663D0,16.73609828760577D0,    0000011P   4739
933.3615268994799D0,-121.5091290601973D0,18.58029375813224D0,    0000011P   4740
966.6845012289356D0,-119.5691565011049D0,20.3560747645211D0,     0000011P   4741
995.6007037073816D0,-117.7678916957713D0,22.06131463010544D0,    0000011P   4742
1020.011649970509D0,-116.166460370446D0,23.61129429127415D0,     0000011P   4743
1040.04042502356D0,-114.8070191868855D0,24.9460432602741D0,      0000011P   4744
1060.015720224705D0,-113.3981346498447D0,26.33980110175758D0,    0000011P   4745
1080.020073559827D0,-111.9386021217747D0,27.79199647209036D0,    0000011P   4746
1110.067576729604D0,-109.6606722524634D0,30.05957687459187D0,    0000011P   4747
1150.028023132826D0,-106.4026563473084D0,33.28837591819696D0,    0000011P   4748
1194.534987167551D0,-102.4970496298864D0,37.23913986112702D0,    0000011P   4749
1233.372590126769D0,-98.86981695496948D0,40.96180515320876D0,    0000011P   4750
1266.706323847216D0,-95.58838137867068D0,44.35328127039727D0,    0000011P   4751
1300.076461202077D0,-92.10202784625176D0,47.96350378315036D0,    0000011P   4752
1333.377223452179D0,-88.34816393328237D0,51.79742340306494D0,    0000011P   4753
1366.672342968192D0,-84.36458878361167D0,55.90747356229176D0,    0000011P   4754
1395.61150884565D0,-80.72098871771127D0,59.75295213191531D0,     0000011P   4755
1420.057561481013D0,-77.50077488421269D0,63.20764266322605D0,    0000011P   4756
1440.102952452258D0,-74.72957900976815D0,66.20437214585704D0,    0000011P   4757
1460.118134281233D0,-71.76962226569214D0,69.39923343969662D0,    0000011P   4758
1480.091987182893D0,-68.56601817077173D0,72.8292320698135D0,     0000011P   4759
1496.424289740214D0,-65.69946012135007D0,75.86292268030145D0,    0000011P   4760
1509.065510021866D0,-63.29674585824601D0,78.36619181419175D0,    0000011P   4761
1518.141631410453D0,-61.50963635295004D0,80.21822311416216D0,    0000011P   4762
1527.19085240431D0,-59.66649411654819D0,82.11206833921955D0,     0000011P   4763
1536.242239931863D0,-57.77594086346873D0,84.03938796233686D0,    0000011P   4764
1545.298155366218D0,-55.84434370761727D0,85.98813766501529D0,    0000011P   4765
1554.383300113959D0,-53.88165885546793D0,87.95033743401369D0,    0000011P   4766
1563.441603359259D0,-51.89846930882426D0,89.90801168821072D0,    0000011P   4767
1572.545685243921D0,-49.89590420061792D0,91.85576080683785D0,    0000011P   4768
1581.682860134358D0,-47.90461814450927D0,93.79020498293637D0,    0000011P   4769
1590.715686616535D0,-45.85135440239327D0,95.64479761144979D0,    0000011P   4770
1601.393367360202D0,-43.856520301011D0,97.85137397301348D0,      0000011P   4771
1609.876727916519D0,-40.46895020287097D0,98.87142407062981D0,    0000011P   4772
1620.254010160347D0,-37.18960109751258D0,100.3491442143376D0,    0000011P   4773
1630.339024639776D0,-33.8165360761861D0,101.6486879657391D0,     0000011P   4774
1640.577467983734D0,-30.45114376919831D0,102.9295902542136D0,    0000011P   4775
1650.810387948055D0,-27.08747404544812D0,104.166488213816D0,     0000011P   4776
1661.102108080424D0,-23.71960327724181D0,105.3824873107752D0,    0000011P   4777
1671.414938196636D0,-20.357601429728D0,106.5908221582526D0,      0000011P   4778
1681.732152384415D0,-16.99424832707975D0,107.8008481289088D0,    0000011P   4779
1692.071333500746D0,-13.62680466310045D0,109.0360313268834D0,    0000011P   4780
1702.41806489585D0,-10.24495555965427D0,110.3089555274669D0,     0000011P   4781
1712.725599980407D0,-6.859418386586808D0,111.63830958263D0,      0000011P   4782
1723.045957951747D0,-3.443013450788812D0,113.0527452993733D0,    0000011P   4783
1729.865098987529D0,-1.152079264683793D0,114.0529043407062D0,    0000011P   4784
1733.2655322125D0,1.211530875622202D-14,114.5730142478626D0,     0000011P   4785
2.675553620775367D-14,-101.269137964565D0,85.76342158895116D0,   0000011P   4786
16.67412469558906D0,-102.4995097315667D0,82.89372355999238D0,    0000011P   4787
50.01219508556699D0,-104.9130859808432D0,77.07244035369931D0,    0000011P   4788
99.95442980935327D0,-108.3828793577849D0,68.25266674438417D0,    0000011P   4789
149.9556722893029D0,-111.6365019075457D0,59.46258186423926D0,    0000011P   4790
194.3976195582824D0,-114.3240224762295D0,51.91600652897845D0,    0000011P   4791
233.2694322956735D0,-116.5266314428506D0,45.6599210177951D0,     0000011P   4792
266.6196585721739D0,-118.2712602983803D0,40.58753276911153D0,    0000011P   4793
299.9522510414772D0,-119.8279325325862D0,35.87107829221003D0,    0000011P   4794
333.2649607972918D0,-121.1554776494014D0,31.57821697374008D0,    0000011P   4795
366.5985592342778D0,-122.2915074077933D0,27.71482263602057D0,    0000011P   4796
405.5206840547609D0,-123.4414684896027D0,23.72160672805146D0,    0000011P   4797
449.9466104285963D0,-124.5729560992002D0,19.91834914032786D0,    0000011P   4798
494.4318928184982D0,-125.3560589458224D0,16.92171592745869D0,    0000011P   4799
533.3093653200684D0,-125.6951605564378D0,14.83782490538191D0,    0000011P   4800
566.6480668478155D0,-125.7779253788755D0,13.40254619395422D0,    0000011P   4801
600.0079408089147D0,-125.6833515407993D0,12.3092186208392D0,     0000011P   4802
633.3235549885891D0,-125.4399903516441D0,11.5514213381062D0,     0000011P   4803
666.6742833824173D0,-125.0430672640206D0,11.10654032630038D0,    0000011P   4804
700.0184105657438D0,-124.4857541684072D0,10.96162470889846D0,    0000011P   4805
733.3337416489776D0,-123.761339053746D0,11.10171173546584D0,     0000011P   4806
766.666266158274D0,-122.8653107717417D0,11.50744635781956D0,     0000011P   4807
805.5975657091192D0,-121.6135691209569D0,12.26943909047006D0,    0000011P   4808
850.028791737302D0,-119.874501542069D0,13.52418623666914D0,      0000011P   4809
894.4943547290575D0,-117.8331898520311D0,15.21290774767178D0,    0000011P   4810
933.3604848408673D0,-115.8592649244217D0,16.98281513910376D0,    0000011P   4811
966.6834669248387D0,-114.0382136360698D0,18.69743356729994D0,    0000011P   4812
995.6011770020258D0,-112.3430831020648D0,20.34644674121364D0,    0000011P   4813
1020.010914922247D0,-110.820550073773D0,21.84287879384753D0,     0000011P   4814
1040.039508196599D0,-109.5231808385195D0,23.13163645696999D0,    0000011P   4815
1060.014155836914D0,-108.1780654124209D0,24.47872671895063D0,    0000011P   4816
1080.019436510362D0,-106.7882256157977D0,25.88510811981383D0,    0000011P   4817
1110.068239789099D0,-104.6306031705943D0,28.08734900860151D0,    0000011P   4818
1150.025608906293D0,-101.5852620530501D0,31.24271723894376D0,    0000011P   4819
1194.535924358025D0,-97.93585343093361D0,35.10462613558234D0,    0000011P   4820
1233.371183706008D0,-94.50330969836639D0,38.72248083032707D0,    0000011P   4821
1266.704630325549D0,-91.38861293792263D0,42.01781160802504D0,    0000011P   4822
1300.077212851129D0,-88.08928355418071D0,45.53808757356011D0,    0000011P   4823
1333.375912663199D0,-84.56475659972868D0,49.30058319154728D0,    0000011P   4824
1366.670989805492D0,-80.83889021692073D0,53.33737171203543D0,    0000011P   4825
1395.612180106276D0,-77.4321819976809D0,57.10006428470783D0,     0000011P   4826
1420.056482642024D0,-74.41474514526647D0,60.459017070187D0,      0000011P   4827
1440.101279781652D0,-71.81185859555191D0,63.37061608596888D0,    0000011P   4828
1460.116147143722D0,-69.02345830203723D0,66.48276376376754D0,    0000011P   4829
1480.090363784706D0,-65.99572465732392D0,69.84153255787551D0,    0000011P   4830
1496.424405388688D0,-63.27753279786263D0,72.83372328145607D0,    0000011P   4831
1509.065586444117D0,-60.99364880907275D0,75.31833132885532D0,    0000011P   4832
1518.14232881762D0,-59.29264272238439D0,77.16269202535024D0,     0000011P   4833
1527.191962556262D0,-57.53612183258184D0,79.05390413407015D0,    0000011P   4834
1536.243950454219D0,-55.73230819869189D0,80.98311072818122D0,    0000011P   4835
1545.300152885264D0,-53.88727664114835D0,82.93768210669235D0,    0000011P   4836
1554.385858726243D0,-52.01052016378358D0,84.90912849056127D0,    0000011P   4837
1563.444191763843D0,-50.11212871836273D0,86.878779149026D0,      0000011P   4838
1572.547674753462D0,-48.19318857201105D0,88.84077269405012D0,    0000011P   4839
1581.687189768662D0,-46.28290549730976D0,90.7913029251508D0,     0000011P   4840
1590.708148804634D0,-44.31152207468246D0,92.66223205945977D0,    0000011P   4841
1601.430856531632D0,-42.39184379752017D0,94.89126850442338D0,    0000011P   4842
1609.684610296357D0,-39.14100005192449D0,95.91152143164621D0,    0000011P   4843
1619.902987460785D0,-35.98754908029837D0,97.39807569109162D0,    0000011P   4844
1629.806238986645D0,-32.74129303467369D0,98.7051630168051D0,     0000011P   4845
1639.866922904799D0,-29.49878803265233D0,99.99544155072344D0,    0000011P   4846
1649.92128534327D0,-26.25436280001917D0,101.2432515211221D0,     0000011P   4847
1660.033336957844D0,-23.00237130389944D0,102.4722825346955D0,    0000011P   4848
1670.166283884583D0,-19.75239950460156D0,103.6961531142773D0,    0000011P   4849
1680.302349223024D0,-16.49756656150481D0,104.9245315034341D0,    0000011P   4850
1690.459608150648D0,-13.23525912887454D0,106.181460628341D0,     0000011P   4851
1700.622519298667D0,-9.955649030557769D0,107.4799002058595D0,    0000011P   4852
1710.7460421621D0,-6.668938802764791D0,108.8390284487666D0,      0000011P   4853
1720.879991718356D0,-3.349238540796516D0,110.2881712099201D0,    0000011P   4854
1727.573969565974D0,-1.121011176730141D0,111.3148611913727D0,    0000011P   4855
1730.911484878896D0,1.211530875622202D-14,111.8492146883827D0,   0000011P   4856
2.671020970213157D-14,-96.2087435033154D0,85.44302716285506D0,   0000011P   4857
16.67479762514722D0,-97.38813753485648D0,82.5583432582669D0,     0000011P   4858
50.01374434643074D0,-99.69669626502692D0,76.70198032341997D0,    0000011P   4859
99.95388643641941D0,-103.0128313788564D0,67.81950780375527D0,    0000011P   4860
149.9562984955434D0,-106.1325373234383D0,58.9612297043966D0,     0000011P   4861
194.3976214910462D0,-108.6856424822765D0,51.34700722191588D0,    0000011P   4862
233.2691857845103D0,-110.7351112075625D0,45.02471373948195D0,    0000011P   4863
266.6193879486943D0,-112.3582120791439D0,39.89699777564364D0,    0000011P   4864
299.9525368039034D0,-113.8371600142864D0,35.13311567641942D0,    0000011P   4865
333.2640911367262D0,-115.1644274997831D0,30.80719847823137D0,    0000011P   4866
366.5979584232334D0,-116.3220856736563D0,26.91664533974748D0,    0000011P   4867
405.5211224543364D0,-117.4582335295442D0,22.88890739324645D0,    0000011P   4868
449.9453362856428D0,-118.4264750231157D0,19.02851502104547D0,    0000011P   4869
494.4322706877034D0,-119.066073827331D0,15.97875863799266D0,     0000011P   4870
533.3089160686089D0,-119.4367363066318D0,13.87011212462286D0,    0000011P   4871
566.6473644180418D0,-119.6001436843017D0,12.4194105683588D0,     0000011P   4872
600.0083059124987D0,-119.5857865818821D0,11.30754229789164D0,    0000011P   4873
633.3227970012084D0,-119.3682738648243D0,10.51921172924736D0,    0000011P   4874
666.6742028244527D0,-118.9604929130058D0,10.03272756093753D0,    0000011P   4875
700.0185774915392D0,-118.3733629670891D0,9.83622134884871D0,     0000011P   4876
733.3331538828522D0,-117.6179222668269D0,9.915775816934954D0,    0000011P   4877
766.6656642386388D0,-116.7107116673426D0,10.2582641702901D0,     0000011P   4878
805.5980259031381D0,-115.4936984553975D0,10.95057151431746D0,    0000011P   4879
850.0273813897218D0,-113.8982232221446D0,12.1420797845451D0,     0000011P   4880
894.4949905083506D0,-112.0338064071777D0,13.76675707931113D0,    0000011P   4881
933.3594423834574D0,-110.1728622923749D0,15.46497989463195D0,    0000011P   4882
966.68243195944D0,-108.4413565401034D0,17.11364217930239D0,      0000011P   4883
995.601650029426D0,-106.8363605948691D0,18.70696805436371D0,     0000011P   4884
1020.010180671341D0,-105.4116820176928D0,20.16081901112585D0,    0000011P   4885
1040.038593064039D0,-104.2025946540861D0,21.41565376800109D0,    0000011P   4886
1060.012593639836D0,-102.9487902903123D0,22.72783640386575D0,    0000011P   4887
1080.018801321776D0,-101.6481726379261D0,24.09646483651796D0,    0000011P   4888
1110.068902332081D0,-99.61412337460388D0,26.23482678971708D0,    0000011P   4889
1150.023185083806D0,-96.69177653444798D0,29.28180478815703D0,    0000011P   4890
1194.536854655187D0,-93.20064403433283D0,33.01867413679344D0,    0000011P   4891
1233.369798379616D0,-89.98928786975192D0,36.54698927726464D0,    0000011P   4892
1266.702971793392D0,-87.09422367228281D0,39.76888372221499D0,    0000011P   4893
1300.077975413532D0,-84.01777719765325D0,43.20876242156641D0,    0000011P   4894
1333.374522564473D0,-80.69380231346344D0,46.87324298527145D0,    0000011P   4895
1366.669505080969D0,-77.17519579917551D0,50.80387160477371D0,    0000011P   4896
1395.612798224224D0,-73.98046946955193D0,54.47586733507256D0,    0000011P   4897
1420.055562813213D0,-71.18307431949344D0,57.76410890701591D0,    0000011P   4898
1440.099945109798D0,-68.77795133683436D0,60.62148601348454D0,    0000011P   4899
1460.114597072306D0,-66.19746744681331D0,63.6830128349213D0,     0000011P   4900
1480.089111683865D0,-63.3804808632474D0,66.99462964604413D0,     0000011P   4901
1496.424633880933D0,-60.83113704941453D0,69.95094289969192D0,    0000011P   4902
1509.065418665757D0,-58.67354922003819D0,72.40898580799215D0,    0000011P   4903
1518.142486182101D0,-57.06066539366855D0,74.23530103621886D0,    0000011P   4904
1527.192226899937D0,-55.38994244670471D0,76.10961029158057D0,    0000011P   4905
1536.244529527196D0,-53.66969201091307D0,78.02335491846047D0,    0000011P   4906
1545.300783486336D0,-51.90618584139676D0,79.96413550439912D0,    0000011P   4907
1554.386895172479D0,-50.10894296748747D0,81.92376817557701D0,    0000011P   4908
1563.445213022841D0,-48.2880495190531D0,83.88370272261537D0,     0000011P   4909
1572.548192454428D0,-46.44503812555359D0,85.8384316612338D0,     0000011P   4910
1581.690313295966D0,-44.60815494663208D0,87.78453806844924D0,    0000011P   4911
1590.699870999886D0,-42.711631109382D0,89.65310865460549D0,      0000011P   4912
1601.468375174924D0,-40.86053697921258D0,91.88685962085837D0,    0000011P   4913
1609.493728977931D0,-37.74140909806162D0,92.89271031213096D0,    0000011P   4914
1619.554949706072D0,-34.7109056184138D0,94.37784388148613D0,     0000011P   4915
1629.278611951602D0,-31.59080016345266D0,95.68749865441504D0,    0000011P   4916
1639.164122792643D0,-28.47261518488786D0,96.98712061053772D0,    0000011P   4917
1649.042914374736D0,-25.3507571122029D0,98.25041769747587D0,     0000011P   4918
1658.978672107091D0,-22.21965635415461D0,99.50132828751563D0,    0000011P   4919
1668.935486091364D0,-19.08821371302383D0,100.7535194382883D0,    0000011P   4920
1678.894516084236D0,-15.94968653020875D0,102.0166368893926D0,    0000011P   4921
1688.874317229006D0,-12.80138626724934D0,103.3149650141645D0,    0000011P   4922
1698.858211083207D0,-9.633770296788097D0,104.6615040961628D0,    0000011P   4923
1708.802850871524D0,-6.456325168212674D0,106.0755863340962D0,    0000011P   4924
1718.755834996767D0,-3.244249612046799D0,107.5868762518059D0,    0000011P   4925
1725.328479301199D0,-1.086196241229025D0,108.6596738681349D0,    0000011P   4926
1728.605039712681D0,1.211530875622202D-14,109.2183242282294D0,   0000011P   4927
2.666488319650947D-14,-91.13591092228769D0,85.1517029918264D0,   0000011P   4928
16.67547055470539D0,-92.26116334736332D0,82.25322770638924D0,    0000011P   4929
50.01529360728896D0,-94.46265001197834D0,76.36461264059288D0,    0000011P   4930
99.95334306347995D0,-97.61101050797002D0,67.4220767455508D0,     0000011P   4931
149.9569247018115D0,-100.5478609630772D0,58.49372472213734D0,    0000011P   4932
194.3976234238299D0,-102.9556107616651D0,50.81393886831567D0,    0000011P   4933
233.2689392732856D0,-104.9121312736918D0,44.43563182744373D0,    0000011P   4934
266.6191173251131D0,-106.4672671949998D0,39.2609693770699D0,     0000011P   4935
299.9528225662977D0,-107.8784518807008D0,34.45162658472809D0,    0000011P   4936
333.2632214763884D0,-109.1265791470171D0,30.08219629345603D0,    0000011P   4937
366.5973576125664D0,-110.2106995589423D0,26.15191256357045D0,    0000011P   4938
405.5215608539871D0,-111.2870524244635D0,22.08447005971346D0,    0000011P   4939
449.9440621412431D0,-112.2517472085278D0,18.1915344443014D0,     0000011P   4940
494.4326485558705D0,-112.8669698181901D0,15.10647286592506D0,    0000011P   4941
533.3084668203031D0,-113.1294098410402D0,12.95220989555516D0,    0000011P   4942
566.6466619934942D0,-113.1950936674933D0,11.45946761712085D0,    0000011P   4943
600.0086710177177D0,-113.1324390873322D0,10.3099064768912D0,     0000011P   4944
633.3220390020618D0,-112.9705900958421D0,9.495569933206014D0,    0000011P   4945
666.6741222469849D0,-112.6739184099619D0,8.987135218297823D0,    0000011P   4946
700.0187444112366D0,-112.204956369172D0,8.765270052080851D0,     0000011P   4947
733.3325661606956D0,-111.5262575197819D0,8.808544811867876D0,    0000011P   4948
766.6650623918965D0,-110.6747021715068D0,9.106942038485443D0,    0000011P   4949
805.5984861115713D0,-109.5218491991938D0,9.742328900739494D0,    0000011P   4950
850.0259707610036D0,-108.032952571971D0,10.866248636751D0,       0000011P   4951
894.4956260857166D0,-106.2939653414725D0,12.42016186716407D0,    0000011P   4952
933.3584005424269D0,-104.5419509314511D0,14.05400142870363D0,    0000011P   4953
966.6813980161466D0,-102.9010991504237D0,15.64351261545929D0,    0000011P   4954
995.6021234698774D0,-101.3706889030144D0,17.18012550035527D0,    0000011P   4955
1020.009445188046D0,-100.0055915382058D0,18.58080772218585D0,    0000011P   4956
1040.037675312621D0,-98.847609672613D0,19.79080927969315D0,      0000011P   4957
1060.011028056804D0,-97.65177198933887D0,21.05869070475843D0,    0000011P   4958
1080.018163257024D0,-96.4205100402796D0,22.38544041666479D0,     0000011P   4959
1110.069565673382D0,-94.51493107375327D0,24.46727967474327D0,    0000011P   4960
1150.020776092776D0,-91.83752628368734D0,27.460661231741D0,      0000011P   4961
1194.537795606614D0,-88.63013469771958D0,31.12501004512703D0,    0000011P   4962
1233.368380449877D0,-85.60046039057357D0,34.54503156704844D0,    0000011P   4963
1266.701259181631D0,-82.84819311562075D0,37.66151515346824D0,    0000011P   4964
1300.078721108316D0,-79.93483380464063D0,41.00187743785779D0,    0000011P   4965
1333.373255046473D0,-76.82915544934266D0,44.591079109619D0,      0000011P   4966
1366.668223697707D0,-73.55927000019996D0,48.44501523125477D0,    0000011P   4967
1395.613498479217D0,-70.58595884780371D0,52.02700132484814D0,    0000011P   4968
1420.054397219106D0,-67.96656985868326D0,55.20735874376435D0,    0000011P   4969
1440.098088028852D0,-65.70671939922764D0,57.96648893830439D0,    0000011P   4970
1460.112371473831D0,-63.27650430233773D0,60.92959386774121D0,    0000011P   4971
1480.087285707799D0,-60.62032007429689D0,64.1522436024211D0,     0000011P   4972
1496.424687962439D0,-58.21575617988954D0,67.05132682180971D0,    0000011P   4973
1509.065628322579D0,-56.18125547410654D0,69.47803158394557D0,    0000011P   4974
1518.143478233717D0,-54.66029156895532D0,71.28749501818665D0,    0000011P   4975
1527.193798520439D0,-53.08436636761694D0,73.14998621376019D0,    0000011P   4976
1536.246857362385D0,-51.46098584787496D0,75.05652172686993D0,    0000011P   4977
1545.303526788642D0,-49.79572347277926D0,76.9942093741915D0,     0000011P   4978
1554.390284270555D0,-48.0972290704384D0,78.95444812773164D0,     0000011P   4979
1563.448656453816D0,-46.3746897221005D0,80.91808524009824D0,     0000011P   4980
1572.550984974988D0,-44.62918919283772D0,82.87924407137041D0,    0000011P   4981
1581.695300975905D0,-42.88711880263261D0,84.83417391666832D0,    0000011P   4982
1590.69273692419D0,-41.08580299852588D0,86.71246292015132D0,     0000011P   4983
1601.505848266661D0,-39.32360600277774D0,88.96217763576063D0,    0000011P   4984
1609.300936838041D0,-36.35443692254083D0,89.96228033495756D0,    0000011P   4985
1619.202298436296D0,-33.46214187127163D0,91.45117666312146D0,    0000011P   4986
1628.743011783567D0,-30.47925544543035D0,92.7646599713365D0,     0000011P   4987
1638.449352100557D0,-27.49263451617842D0,94.07126137317748D0,    0000011P   4988
1648.147956645643D0,-24.49713130204199D0,95.34435383188385D0,    0000011P   4989
1657.902204676776D0,-21.48762073875353D0,96.60842178160476D0,    0000011P   4990
1667.677089356527D0,-18.47268655591034D0,97.87747811104075D0,    0000011P   4991
1677.452726194035D0,-15.44609236227356D0,99.16144335209417D0,    0000011P   4992
1687.248169393739D0,-12.40544251200173D0,100.4851406215335D0,    0000011P   4993
1697.045622534807D0,-9.341848011876945D0,101.8619080658859D0,    0000011P   4994
1706.80345166691D0,-6.264447509808202D0,103.3115291660635D0,     0000011P   4995
1716.567057713579D0,-3.149896456886081D0,104.8643044131623D0,    0000011P   4996
1723.012449395685D0,-1.054942514608654D0,105.9688021808473D0,    0000011P   4997
1726.225020886851D0,1.211530875622202D-14,106.5444369786258D0,   0000011P   4998
2.661955669088755D-14,-86.06093229644706D0,84.88738280225802D0,  0000011P   4999
16.67614348426355D0,-87.11750893908751D0,81.97556399804907D0,    0000011P   5000
50.01684286814876D0,-89.18736957382592D0,76.05579480912775D0,    0000011P   5001
99.95279969054207D0,-92.15034706472422D0,67.05617279384202D0,    0000011P   5002
149.9575509080715D0,-94.91157150887366D0,58.0627751544415D0,     0000011P   5003
194.3976253566077D0,-97.18734203841086D0,50.32178325425848D0,    0000011P   5004
233.2686927620786D0,-99.05671464474467D0,43.88979287692519D0,    0000011P   5005
266.6188467015612D0,-100.5475457466898D0,38.66984001183024D0,    0000011P   5006
299.9531083287012D0,-101.8960378324045D0,33.81702344736056D0,    0000011P   5007
333.2623518159842D0,-103.0742088990538D0,29.4070651658416D0,     0000011P   5008
366.5967568017896D0,-104.0907036823581D0,25.43949219018728D0,    0000011P   5009
405.521999253616D0,-105.1017686657284D0,21.33276947354673D0,     0000011P   5010
449.9427879972641D0,-106.0267738182213D0,17.40177430486526D0,    0000011P   5011
494.4330264243391D0,-106.6496679379385D0,14.28649962007479D0,    0000011P   5012
533.3080175710794D0,-106.9572739034903D0,12.11175695384644D0,    0000011P   5013
566.6459595674257D0,-107.0639404751913D0,10.60024939891144D0,    0000011P   5014
600.0090361224609D0,-107.0204474712825D0,9.425588872596194D0,    0000011P   5015
633.3212810063386D0,-106.8319174898768D0,8.574733407375902D0,    0000011P   5016
666.674041675192D0,-106.501080633282D0,8.024119563844678D0,      0000011P   5017
700.0189113327087D0,-106.0289226983803D0,7.760337549242792D0,    0000011P   5018
733.3319784257459D0,-105.4165300922709D0,7.76785829052983D0,     0000011P   5019
766.6644605239451D0,-104.6619839568347D0,8.030645338336541D0,    0000011P   5020
805.5989463158106D0,-103.6128413706907D0,8.617619845206662D0,    0000011P   5021
850.0245602140878D0,-102.1642061445423D0,9.666397294949789D0,    0000011P   5022
894.496261721837D0,-100.4621496156299D0,11.13797303124559D0,     0000011P   5023
933.3573585220485D0,-98.807237755823D0,12.70661396407779D0,      0000011P   5024
966.6803637754513D0,-97.28313899121082D0,14.24425170324636D0,    0000011P   5025
995.602596790143D0,-95.87366243157496D0,15.73874364003036D0,     0000011P   5026
1020.008710063338D0,-94.61824975927809D0,17.10515846899482D0,    0000011P   5027
1040.036758323211D0,-93.55094969406208D0,18.28631104888407D0,    0000011P   5028
1060.009463458981D0,-92.44301584098922D0,19.52283861284222D0,    0000011P   5029
1080.017526029148D0,-91.29324866280958D0,20.81408740162771D0,    0000011P   5030
1110.070228782396D0,-89.4953666647086D0,22.83380480313323D0,     0000011P   5031
1150.018362786241D0,-86.91502342884552D0,25.71809569289803D0,    0000011P   5032
1194.538733457975D0,-83.83974355625112D0,29.25620217327388D0,    0000011P   5033
1233.366972006726D0,-81.01780376329596D0,32.58855834943891D0,    0000011P   5034
1266.699562305398D0,-78.47826807867719D0,35.63184897866553D0,    0000011P   5035
1300.079471711067D0,-75.78366212234434D0,38.88730017710716D0,    0000011P   5036
1333.371951861193D0,-72.87530874596197D0,42.36578463713241D0,    0000011P   5037
1366.666883148294D0,-69.80696203378994D0,46.10049017784858D0,    0000011P   5038
1395.614174834817D0,-67.03555711880398D0,49.5869632071726D0,     0000011P   5039
1420.05330313526D0,-64.62219213671175D0,52.70159885325086D0,     0000011P   5040
1440.096382953136D0,-62.54762849541782D0,55.41288955649358D0,    0000011P   5041
1460.110342433281D0,-60.3142731224547D0,58.33073853426267D0,     0000011P   5042
1480.085626712049D0,-57.86159969851514D0,61.50727578317424D0,    0000011P   5043
1496.42479279219D0,-55.62505203234274D0,64.36508030955369D0,     0000011P   5044
1509.065728157188D0,-53.72020911909048D0,66.75592241439387D0,    0000011P   5045
1518.144227416643D0,-52.29135496752455D0,68.53871597636342D0,    0000011P   5046
1527.194989762959D0,-50.80656832793518D0,70.37404610436755D0,    0000011P   5047
1536.248676360708D0,-49.27321944751198D0,72.2535552917285D0,     0000011P   5048
1545.305655358845D0,-47.69685342064054D0,74.16490930955499D0,    0000011P   5049
1554.392988818166D0,-46.08592079759519D0,76.10014070097793D0,    0000011P   5050
1563.45139510607D0,-44.44937953439316D0,78.0405449058899D0,      0000011P   5051
1572.55311559191D0,-42.78853445510777D0,79.98092685402749D0,     0000011P   5052
1581.69974624386D0,-41.12859196344986D0,81.91825278391204D0,     0000011P   5053
1590.685270057964D0,-39.41063974979637D0,83.78166299881646D0,    0000011P   5054
1601.543334612522D0,-37.72592445372524D0,86.02335272181237D0,    0000011P   5055
1609.108700689353D0,-34.89726780646868D0,86.99694694103704D0,    0000011P   5056
1618.850989559741D0,-32.13640599979936D0,88.47340456140722D0,    0000011P   5057
1628.209731555867D0,-29.28717656038749D0,89.78043836875003D0,    0000011P   5058
1637.738064484853D0,-26.43149533020868D0,91.08923258977494D0,    0000011P   5059
1647.257825161753D0,-23.56438486819408D0,92.37239318251909D0,    0000011P   5060
1656.832081137099D0,-20.6808891884142D0,93.65451862217468D0,     0000011P   5061
1666.426723078217D0,-17.78899949914514D0,94.94953560769139D0,    0000011P   5062
1676.020816690545D0,-14.88271022787335D0,96.26720744245506D0,    0000011P   5063
1685.633909683503D0,-11.95964317273839D0,97.63246396584667D0,    0000011P   5064
1695.247082101734D0,-9.011287526024233D0,99.05854916654181D0,    0000011P   5065
1704.820407263735D0,-6.046158585523653D0,100.565265786836D0,     0000011P   5066
1714.397083057599D0,-3.042093074256437D0,102.1831182642598D0,    0000011P   5067
1720.716944390225D0,-1.019185022601485D0,103.3361129320872D0,    0000011P   5068
1723.866409768721D0,1.211530875622202D-14,103.9373257421801D0,   0000011P   5069
2.657423018526546D-14,-81.00025043511867D0,84.64877577104124D0,  0000011P   5070
16.67681641382172D0,-81.99996267673758D0,81.72547211967093D0,    0000011P   5071
50.0183921290032D0,-83.95772259070742D0,75.77807759724006D0,     0000011P   5072
99.95225631759887D0,-86.75987003237925D0,66.72711346589507D0,    0000011P   5073
149.9581771143584D0,-89.37285270164043D0,57.67588187636875D0,    0000011P   5074
194.3976272894053D0,-91.52336004974055D0,49.8786803541462D0,     0000011P   5075
233.2684462508124D0,-93.28402562994249D0,43.39438094866834D0,    0000011P   5076
266.618576077911D0,-94.68473620665979D0,38.12931357016529D0,     0000011P   5077
299.9533940910739D0,-95.94877036108738D0,33.23324347241308D0,    0000011P   5078
333.2614821558013D0,-97.05058363667202D0,28.78406184840636D0,    0000011P   5079
366.5961559913791D0,-97.99853734803401D0,24.78068987019124D0,    0000011P   5080
405.5224376533177D0,-98.93820303654564D0,20.63560016047823D0,    0000011P   5081
449.9415138518818D0,-99.79307111061381D0,16.66493125265241D0,    0000011P   5082
494.4334042918007D0,-100.3728174393646D0,13.51415625730434D0,    0000011P   5083
533.3075683249159D0,-100.6718847717855D0,11.31127297309729D0,    0000011P   5084
566.6452571464283D0,-100.7875189872524D0,9.776287460702548D0,    0000011P   5085
600.0094012287901D0,-100.7654966253545D0,8.577595005145554D0,    0000011P   5086
633.3205229991986D0,-100.6072529733381D0,7.700998509479859D0,    0000011P   5087
666.673961084475D0,-100.300286965781D0,7.119527576014903D0,      0000011P   5088
700.0190782482644D0,-99.83044663284856D0,6.816528908683296D0,    0000011P   5089
733.3313907334597D0,-99.18362879893357D0,6.773185391717277D0,    0000011P   5090
766.663858726723D0,-98.40144443293728D0,6.981579268724886D0,     0000011P   5091
805.5994065340367D0,-97.37886910183428D0,7.510460784377671D0,    0000011P   5092
850.0231493943808D0,-96.11794281039741D0,8.514216778884105D0,    0000011P   5093
894.4968971620257D0,-94.64545211011892D0,9.941692935542875D0,    0000011P   5094
933.3563170997522D0,-93.11512586194459D0,11.45425172807853D0,    0000011P   5095
966.6793305265188D0,-91.6708965832548D0,12.93601074375222D0,     0000011P   5096
995.6030705111987D0,-90.32969094905008D0,14.37892344930978D0,    0000011P   5097
1020.007973742829D0,-89.14688730691665D0,15.70189936064126D0,    0000011P   5098
1040.03583879269D0,-88.14713816102213D0,16.84760668151414D0,     0000011P   5099
1060.007895575723D0,-87.11383865831223D0,18.04873679920408D0,    0000011P   5100
1080.016886010491D0,-86.04476937387564D0,19.3046272887922D0,     0000011P   5101
1110.070892666027D0,-84.37606272225816D0,21.27118637906567D0,    0000011P   5102
1150.015963870851D0,-81.98377031376029D0,24.08460064279503D0,    0000011P   5103
1194.5396816473D0,-79.1229029485342D0,27.53157867537178D0,       0000011P   5104
1233.365531928144D0,-76.48046596399067D0,30.76560799011071D0,    0000011P   5105
1266.697812955059D0,-74.09849084115818D0,33.71473947360025D0,    0000011P   5106
1300.080205946958D0,-71.57466800111561D0,36.86920865017506D0,    0000011P   5107
1333.370767617501D0,-68.86134328931456D0,40.24265930884298D0,    0000011P   5108
1366.665739903409D0,-66.00816700863423D0,43.86715867363787D0,    0000011P   5109
1395.614930889005D0,-63.43827813990432D0,47.25275206048573D0,    0000011P   5110
1420.051970582321D0,-61.20461179287218D0,50.27722131931954D0,    0000011P   5111
1440.094170977448D0,-59.28520601306572D0,52.91390509729249D0,    0000011P   5112
1460.107657920511D0,-57.21754653395463D0,55.75857030633183D0,    0000011P   5113
1480.083410878104D0,-54.94368881765736D0,58.86546592743345D0,    0000011P   5114
1496.424728389055D0,-52.86637398358627D0,61.67087493016005D0,    0000011P   5115
1509.066194221802D0,-51.09433353758127D0,64.02440916405105D0,    0000011P   5116
1518.145786506775D0,-49.76374342537555D0,65.78228951432641D0,    0000011P   5117
1527.197449472282D0,-48.37955778939939D0,67.59455347960103D0,    0000011P   5118
1536.252192204539D0,-46.94841860084652D0,69.45301538316808D0,    0000011P   5119
1545.309833909068D0,-45.47525004003634D0,71.3454448434217D0,     0000011P   5120
1554.397976172824D0,-43.967710834007D0,73.26405386746944D0,      0000011P   5121
1563.456484021617D0,-42.43393726814297D0,75.19013197534092D0,    0000011P   5122
1572.557453494292D0,-40.87486268011678D0,77.11871155928256D0,    0000011P   5123
1581.70600032207D0,-39.3139160119657D0,79.04702169406934D0,      0000011P   5124
1590.678912966118D0,-37.69535565200094D0,80.90330073494008D0,    0000011P   5125
1601.58077675915D0,-36.10424545100302D0,83.14409371256538D0,     0000011P   5126
1608.914610447072D0,-33.43091915868592D0,84.0965363264433D0,     0000011P   5127
1618.495204132716D0,-30.81433885207121D0,85.56354339016674D0,    0000011P   5128
1627.668714899056D0,-28.10860640900738D0,86.8644703001916D0,     0000011P   5129
1637.015161668056D0,-25.39094027584946D0,88.17334110904773D0,    0000011P   5130
1646.351599339869D0,-22.65677698549889D0,89.46218148225566D0,    0000011P   5131
1655.740802286033D0,-19.90157326392942D0,90.75589064873623D0,    0000011P   5132
1665.149577207046D0,-17.13297143166127D0,92.06849583037405D0,    0000011P   5133
1674.555958533072D0,-14.34544036847144D0,93.40978981472411D0,    0000011P   5134
1683.980006006931D0,-11.53686295004573D0,94.80499587646551D0,    0000011P   5135
1693.401694667165D0,-8.699350187735295D0,96.26745055910806D0,    0000011P   5136
1702.78282362952D0,-5.841037662781904D0,97.81716257901614D0,     0000011P   5137
1712.164406275069D0,-2.941187003699822D0,99.48502703284086D0,    0000011P   5138
1718.352993902847D0,-0.9857631097651345D0,100.6759561510373D0,   0000011P   5139
1721.436409222804D0,1.211530875622202D-14,101.2973671305496D0,   0000011P   5140
2.652890367964334D-14,-76.01760914608843D0,84.43583228305863D0,  0000011P   5141
16.67748934337987D0,-76.91634196374125D0,81.50027544933644D0,    0000011P   5142
50.01994138985796D0,-78.6855144270657D0,75.52418614368359D0,     0000011P   5143
99.95171294465594D0,-81.27500373730413D0,66.42324807191343D0,    0000011P   5144
149.9588033206436D0,-83.77826497187158D0,57.32008484875631D0,    0000011P   5145
194.3976292222017D0,-85.84437185360363D0,49.4717598705391D0,     0000011P   5146
233.2681997395498D0,-87.48348890851175D0,42.9364491672704D0,     0000011P   5147
266.6183054542668D0,-88.77356106385975D0,37.62692944738697D0,    0000011P   5148
299.9536798534483D0,-89.94676199256227D0,32.68951968326441D0,    0000011P   5149
333.2606124956042D0,-91.00347201476903D0,28.20596955479736D0,    0000011P   5150
366.5955551809454D0,-91.92788451880196D0,24.17253419996548D0,    0000011P   5151
405.522876053015D0,-92.83702095286256D0,19.99440974916649D0,     0000011P   5152
449.9402397065888D0,-93.61257345679422D0,15.98483262066543D0,    0000011P   5153
494.4337821593261D0,-94.12411146778902D0,12.79826796510471D0,    0000011P   5154
533.3071190785572D0,-94.41827968724394D0,10.57009831922747D0,    0000011P   5155
566.6445547251076D0,-94.54223595789665D0,9.013213460867064D0,    0000011P   5156
600.0097663350184D0,-94.51600772316171D0,7.788206461890937D0,    0000011P   5157
633.319764992786D0,-94.31607356724456D0,6.876730143390574D0,     0000011P   5158
666.6738804949638D0,-93.97911312163203D0,6.258609228417669D0,    0000011P   5159
700.0192451641972D0,-93.54026194705128D0,5.924152193457843D0,    0000011P   5160
733.3308030384561D0,-93.03482167264932D0,5.861485429351802D0,    0000011P   5161
766.6632569249954D0,-92.43104379369055D0,6.051657465055428D0,    0000011P   5162
805.599866751371D0,-91.57416351555669D0,6.54767705408625D0,      0000011P   5163
850.0217385920496D0,-90.319244292479D0,7.478880923478869D0,      0000011P   5164
894.4975326146945D0,-88.81192834623664D0,8.821784028689393D0,    0000011P   5165
933.3552756393583D0,-87.35347365734748D0,10.27347545812688D0,    0000011P   5166
966.6782972144119D0,-86.0131662139047D0,11.70699194354086D0,     0000011P   5167
995.6035442067233D0,-84.77463578269618D0,13.10703335161728D0,    0000011P   5168
1020.007237498488D0,-83.67118572271876D0,14.38986506000703D0,    0000011P   5169
1040.034919424033D0,-82.73453818134843D0,15.50093032097995D0,    0000011P   5170
1060.006327901741D0,-81.76526570171454D0,16.66618657047789D0,    0000011P   5171
1080.016246169601D0,-80.76394699286013D0,17.88557970098449D0,    0000011P   5172
1110.071556500316D0,-79.20717323311112D0,19.7971994286132D0,     0000011P   5173
1150.013564038776D0,-76.99856801847199D0,22.53937181977639D0,    0000011P   5174
1194.54062917812D0,-74.35038820162312D0,25.89353295942484D0,     0000011P   5175
1233.364093864675D0,-71.86880274013674D0,29.02353694791138D0,    0000011P   5176
1266.696066947213D0,-69.62967566140372D0,31.87562093637708D0,    0000011P   5177
1300.080941225385D0,-67.27634124960004D0,34.93314397652425D0,    0000011P   5178
1333.369575797477D0,-64.7854428061745D0,38.21750229279996D0,     0000011P   5179
1366.664584090635D0,-62.18280371533875D0,41.75058093684663D0,    0000011P   5180
1395.615681866557D0,-59.83474021248372D0,45.04611672757981D0,    0000011P   5181
1420.050653219367D0,-57.77921173671091D0,47.98048690275891D0,    0000011P   5182
1440.091991290235D0,-56.00523596875755D0,50.53721672223798D0,    0000011P   5183
1460.105015159958D0,-54.08823497522782D0,53.29816563916153D0,    0000011P   5184
1480.081230513594D0,-51.97598424668873D0,56.31991836029685D0,    0000011P   5185
1496.424674765703D0,-50.04459801311442D0,59.05634164744295D0,    0000011P   5186
1509.066636958325D0,-48.39690272335938D0,61.35753150150141D0,    0000011P   5187
1518.147294007498D0,-47.15934114059951D0,63.07901111652426D0,    0000011P   5188
1527.199828382904D0,-45.87131269467965D0,64.85624660724999D0,    0000011P   5189
1536.255599962836D0,-44.53869748114687D0,66.68146117217417D0,    0000011P   5190
1545.313881879822D0,-43.16576516660355D0,68.54276532220794D0,    0000011P   5191
1554.402818117414D0,-41.75934905520094D0,70.432787573667D0,      0000011P   5192
1563.461423230273D0,-40.32673016203992D0,72.33304857194953D0,    0000011P   5193
1572.561650797176D0,-38.86843673874145D0,74.23904521704336D0,    0000011P   5194
1581.712139182824D0,-37.40608666601843D0,76.14850646520858D0,    0000011P   5195
1590.67248518395D0,-35.88707543046556D0,77.98900576888147D0,     0000011P   5196
1601.618221721177D0,-34.39032166776244D0,80.22091877542538D0,    0000011P   5197
1608.720638306703D0,-31.87383282140475D0,81.14579088051697D0,    0000011P   5198
1618.139703852658D0,-29.40403005304225D0,82.59913900723998D0,    0000011P   5199
1627.128191036711D0,-26.84516299628414D0,83.89241913355204D0,    0000011P   5200
1636.292998715443D0,-24.26976651684459D0,85.20239767324674D0,    0000011P   5201
1645.446398693886D0,-21.67370493657505D0,86.50042253477135D0,    0000011P   5202
1654.650870984359D0,-19.05286150833226D0,87.81159623621876D0,    0000011P   5203
1663.874137140315D0,-16.41454347986024D0,89.14994905785183D0,    0000011P   5204
1673.093199136418D0,-13.75370799820628D0,90.52520580683805D0,    0000011P   5205
1682.328627568667D0,-11.06851283158217D0,91.96278572859806D0,    0000011P   5206
1691.559291289282D0,-8.351704625385935D0,93.47602045691916D0,    0000011P   5207
1700.748714031033D0,-5.611053059288091D0,95.08502721767812D0,    0000011P   5208
1709.935723487757D0,-2.827258482277094D0,96.82099430208973D0,    0000011P   5209
1715.993403250495D0,-0.9478865670248525D0,98.06304753904087D0,   0000011P   5210
1719.010956035148D0,1.211530875622202D-14,98.71151758613806D0,   0000011P   5211
2.648357717402144D-14,-70.84550595283055D0,84.23663606233532D0,  0000011P   5212
16.67816227293804D0,-71.73947445954742D0,81.29429719097105D0,    0000011P   5213
50.02149065071138D0,-73.48428996478842D0,75.29927224306003D0,    0000011P   5214
99.9511695717117D0,-75.97170212393166D0,66.15680796448368D0,     0000011P   5215
149.9594295269357D0,-78.28936050914409D0,57.00135240678981D0,    0000011P   5216
194.3976311550031D0,-80.17415027481137D0,49.10078009893475D0,    0000011P   5217
233.267953228272D0,-81.68424086774019D0,42.51798555871407D0,     0000011P   5218
266.6180348305973D0,-82.8801134546805D0,37.16785869318701D0,     0000011P   5219
299.9539656158148D0,-83.97180190859339D0,32.19152087983722D0,    0000011P   5220
333.2597428354634D0,-84.95583566465433D0,27.67234090471358D0,    0000011P   5221
366.5949543706051D0,-85.81492275758939D0,23.60624994726123D0,    0000011P   5222
405.5233144527307D0,-86.65447311433631D0,19.39322690224651D0,    0000011P   5223
449.9389655609368D0,-87.35721386183496D0,15.34812175438317D0,    0000011P   5224
494.4341600265937D0,-87.79755750729711D0,12.12714135505604D0,    0000011P   5225
533.3066698329808D0,-88.02582378115612D0,9.867163947246269D0,    0000011P   5226
566.6438523050839D0,-88.11772362910578D0,8.28445383779686D0,     0000011P   5227
600.0101314416522D0,-88.11066322800735D0,7.037817280589692D0,    0000011P   5228
633.3190069834536D0,-88.00804041889245D0,6.111707744140858D0,    0000011P   5229
666.6737999006131D0,-87.78977572578128D0,5.477967408393099D0,    0000011P   5230
700.0194120786168D0,-87.4343629115003D0,5.119090238894145D0,     0000011P   5231
733.3302153543631D0,-86.9203148008796D0,5.015332398783883D0,     0000011P   5232
766.6626551413557D0,-86.27164234259681D0,5.155833120413675D0,    0000011P   5233
805.6003269722833D0,-85.38523511505863D0,5.59334554444473D0,     0000011P   5234
850.0203277199593D0,-84.22298596679789D0,6.470535224611837D0,    0000011P   5235
894.4981680172585D0,-82.87946054914715D0,7.763800835942902D0,    0000011P   5236
933.3542343319097D0,-81.55803981863772D0,9.167106077114511D0,    0000011P   5237
966.6772641559251D0,-80.33626124616072D0,10.5571101542526D0,     0000011P   5238
995.6040180047413D0,-79.20628686367812D0,11.91881172052391D0,    0000011P   5239
1020.006500948352D0,-78.20227059812444D0,13.16943884526218D0,    0000011P   5240
1040.033999405549D0,-77.34823620754381D0,14.25305550408316D0,    0000011P   5241
1060.00475938759D0,-76.45931762146361D0,15.38848042673081D0,     0000011P   5242
1080.015605615037D0,-75.53264988166637D0,16.57442944774579D0,    0000011P   5243
1110.072220532695D0,-74.0746277367615D0,18.42844222648672D0,     0000011P   5244
1150.01116788688D0,-71.95495067636003D0,21.07233507989299D0,     0000011P   5245
1194.54157935262D0,-69.44123235354579D0,24.31582005670261D0,     0000011P   5246
1233.362647711224D0,-67.181690739931D0,27.37139463061764D0,      0000011P   5247
1266.694307520407D0,-65.16677968349639D0,30.15983887619233D0,    0000011P   5248
1300.08167231839D0,-63.03363714451596D0,33.13866522281882D0,     0000011P   5249
1333.368414393832D0,-60.72209933657949D0,36.31361792012328D0,    0000011P   5250
1366.663478733631D0,-58.28819429948383D0,39.71867754055425D0,    0000011P   5251
1395.616453225058D0,-56.10477773767666D0,42.89782355972587D0,    0000011P   5252
1420.049274873822D0,-54.22047589400548D0,45.73672836210437D0,    0000011P   5253
1440.089681975852D0,-52.60499745763725D0,48.21721006482518D0,    0000011P   5254
1460.102204778544D0,-50.86355103331562D0,50.90390099050165D0,    0000011P   5255
1480.078907751444D0,-48.9427254042925D0,53.85336708360668D0,     0000011P   5256
1496.424577865213D0,-47.18006711665642D0,56.53219044589127D0,    0000011P   5257
1509.067173349143D0,-45.67034675694781D0,58.78929798302888D0,    0000011P   5258
1518.149008622023D0,-44.53389529593005D0,60.47997805277035D0,    0000011P   5259
1527.202531672639D0,-43.34859395643316D0,62.22742116175697D0,    0000011P   5260
1536.259441647538D0,-42.119735264456D0,64.02421398084536D0,      0000011P   5261
1545.318454082428D0,-40.85110867898239D0,65.85876251062226D0,    0000011P   5262
1554.408243833629D0,-39.54889638737507D0,67.72406637377003D0,    0000011P   5263
1563.466963460825D0,-38.21969844054978D0,69.60183193821409D0,    0000011P   5264
1572.566412558899D0,-36.86381231017437D0,71.48797520884224D0,    0000011P   5265
1581.718740602207D0,-35.50121912173576D0,73.3806796205583D0,     0000011P   5266
1590.66634119922D0,-34.08262576621064D0,75.20680832015458D0,     0000011P   5267
1601.65565538034D0,-32.68105861062622D0,77.43059340951403D0,     0000011P   5268
1608.526192027606D0,-30.32239587804723D0,78.32763579199138D0,    0000011P   5269
1617.783058805178D0,-28.00047173845499D0,79.76572625858533D0,    0000011P   5270
1626.585688773347D0,-25.58952636214512D0,81.04846246687066D0,    0000011P   5271
1635.567865461502D0,-23.15733936573129D0,82.355371859936D0,      0000011P   5272
1644.537082317737D0,-20.70013119155535D0,83.6571432571867D0,     0000011P   5273
1653.555529733343D0,-18.21413995089739D0,84.97910113391903D0,    0000011P   5274
1662.591848852912D0,-15.70626615026567D0,86.33529749680541D0,    0000011P   5275
1671.622013933797D0,-13.17188353551811D0,87.73540784065715D0,    0000011P   5276
1680.667111163363D0,-10.60935309893286D0,89.20506604966779D0,    0000011P   5277
1689.704907945694D0,-8.011985451495253D0,90.75761751593342D0,    0000011P   5278
1698.700657368773D0,-5.387112702844886D0,92.41330664287449D0,    0000011P   5279
1707.691006177385D0,-2.716802253984807D0,94.20363358430085D0,    0000011P   5280
1713.616309353539D0,-0.9112600274870881D0,95.4869079370439D0,    0000011P   5281
1716.567246761311D0,1.211530875622202D-14,96.15730337310441D0,   0000011P   5282
2.643825066839933D-14,-65.86773651292984D0,84.06426066115476D0,  0000011P   5283
16.67883520249622D0,-66.66534905622106D0,81.11229065814918D0,    0000011P   5284
50.02303991156138D0,-68.22977019549323D0,75.0938620002444D0,     0000011P   5285
99.950626198764D0,-70.49646646029261D0,65.90829655581189D0,      0000011P   5286
149.9600557332447D0,-72.65888786650464D0,56.70552260633735D0,    0000011P   5287
194.3976330878168D0,-74.43131911186269D0,48.75911068866633D0,    0000011P   5288
233.2677067169561D0,-75.83769447001646D0,42.13310828714398D0,    0000011P   5289
266.6177642068651D0,-76.9458498248417D0,36.7452804409695D0,      0000011P   5290
299.9542513781618D0,-77.95603829792708D0,31.73231550345041D0,    0000011P   5291
333.2588731754644D0,-78.8696411574976D0,27.17935507102045D0,     0000011P   5292
366.5943535604994D0,-79.67551682010318D0,23.08294486243814D0,    0000011P   5293
405.5237528524934D0,-80.48000863328021D0,18.83940702555205D0,    0000011P   5294
449.9376914143889D0,-81.1911377849666D0,14.767701124414D0,       0000011P   5295
494.4345378932183D0,-81.67153130583763D0,11.52560227616391D0,    0000011P   5296
533.306220589359D0,-81.93865030892599D0,9.248407184986633D0,     0000011P   5297
566.6431498882986D0,-82.04734882647081D0,7.648194734537924D0,    0000011P   5298
600.0104965492993D0,-82.02143199625944D0,6.377872263768239D0,    0000011P   5299
633.318248966831D0,-81.84521807060372D0,5.418490007732743D0,     0000011P   5300
666.6737192941775D0,-81.54710464030021D0,4.747311788918026D0,    0000011P   5301
700.0195789892581D0,-81.15414671313522D0,4.352418300032397D0,    0000011P   5302
733.3296276975143D0,-80.69353542755471D0,4.219629479756705D0,    0000011P   5303
766.6620534028826D0,-80.15174922937149D0,4.334079728875224D0,    0000011P   5304
805.6007872021263D0,-79.408597573154D0,4.740001827377654D0,      0000011P   5305
850.0189166736648D0,-78.37399228909708D0,5.572749764725913D0,    0000011P   5306
894.4988032947011D0,-77.11897800119411D0,6.810785117652031D0,    0000011P   5307
933.3531934063936D0,-75.85034186431361D0,8.157260207419313D0,    0000011P   5308
966.6762317307731D0,-74.66574556959975D0,9.493149758335505D0,    0000011P   5309
995.6044920587007D0,-73.56900034853103D0,10.80360878415974D0,    0000011P   5310
1020.005763634579D0,-72.59946303904552D0,12.00804669124699D0,    0000011P   5311
1040.033077764319D0,-71.78119004142727D0,13.05328831399302D0,    0000011P   5312
1060.00318877537D0,-70.93923023592657D0,14.1509033131086D0,      0000011P   5313
1080.014963278289D0,-70.07435715733635D0,15.30079224329714D0,    0000011P   5314
1110.072885059741D0,-68.73728320569593D0,17.10495752767757D0,    0000011P   5315
1150.008780925126D0,-66.85838256750733D0,19.69682380576644D0,    0000011P   5316
1194.542536128913D0,-64.62489738578184D0,22.87124512215129D0,    0000011P   5317
1233.361181355487D0,-62.53877354918761D0,25.83260508433199D0,    0000011P   5318
1266.692514583802D0,-60.65496148098649D0,28.52643961285514D0,    0000011P   5319
1300.082392959571D0,-58.66755343668486D0,31.40635941696491D0,    0000011P   5320
1333.367328945917D0,-56.55024070733039D0,34.48743754962693D0,    0000011P   5321
1366.662499374685D0,-54.34176082125119D0,37.79484817689193D0,    0000011P   5322
1395.617275478829D0,-52.36678972372684D0,40.87849240719216D0,    0000011P   5323
1420.047744242655D0,-50.65886450318004D0,43.62347758059902D0,    0000011P   5324
1440.087048956722D0,-49.19167225233854D0,46.02073895451766D0,    0000011P   5325
1460.09897581461D0,-47.60643028909547D0,48.61969140694686D0,     0000011P   5326
1480.076229394153D0,-45.85383658421318D0,51.47861378765634D0,    0000011P   5327
1496.424372893128D0,-44.24209793932783D0,54.08238797270761D0,    0000011P   5328
1509.067943613301D0,-42.85961515978D0,56.28120589159352D0,       0000011P   5329
1518.151240440766D0,-41.81790077809131D0,57.93075122045229D0,    0000011P   5330
1527.206045001326D0,-40.73018495828332D0,59.63803402731455D0,    0000011P   5331
1536.264366932499D0,-39.60108239307651D0,61.39612547538795D0,    0000011P   5332
1545.324335395894D0,-38.43381207010596D0,63.19384807492484D0,    0000011P   5333
1554.415127343319D0,-37.23381479621576D0,65.02469357496435D0,    0000011P   5334
1563.474004562201D0,-36.00691939440634D0,66.87067508594905D0,    0000011P   5335
1572.572583886247D0,-34.75310229266225D0,68.72824873765678D0,    0000011P   5336
1581.72649712219D0,-33.49061759751432D0,70.59617346362511D0,     0000011P   5337
1590.660905912956D0,-32.17339334059099D0,72.40072312499243D0,    0000011P   5338
1601.693060814011D0,-30.86862619079507D0,74.60945088810652D0,    0000011P   5339
1608.330561730114D0,-28.67014213886224D0,75.4725558055586D0,     0000011P   5340
1617.423555046504D0,-26.49941337776792D0,76.89052645385456D0,    0000011P   5341
1626.038246050437D0,-24.24050415728652D0,78.15958092136846D0,    0000011P   5342
1634.8353147763D0,-21.95647595816229D0,79.46195792137434D0,      0000011P   5343
1643.617488147446D0,-19.64394245645846D0,80.76763742512591D0,    0000011P   5344
1652.446678766326D0,-17.29953373510953D0,82.1021161060132D0,     0000011P   5345
1661.292459200869D0,-14.92978067261896D0,83.47941793800848D0,    0000011P   5346
1670.129787823305D0,-12.53051072688639D0,84.90911934445728D0,    0000011P   5347
1678.98027824456D0,-10.10032522748735D0,86.41701908921631D0,     0000011P   5348
1687.820608252775D0,-7.633135864225458D0,88.01642656358081D0,    0000011P   5349
1696.617772123338D0,-5.135874289940456D0,89.72766358940525D0,    0000011P   5350
1705.406247484176D0,-2.592012070880998D0,91.58249242398489D0,    0000011P   5351
1711.195506384887D0,-0.8697215062128312D0,92.91456707949722D0,   0000011P   5352
1714.077948421108D0,1.211530875622202D-14,93.61087366221275D0,   0000011P   5353
2.639292416277723D-14,-60.71704671378714D0,83.90448102444917D0,  0000011P   5354
16.67950813205438D0,-61.4811206850971D0,80.94623273039919D0,     0000011P   5355
50.02458917240851D0,-62.97520046527771D0,74.91067068430687D0,    0000011P   5356
99.9500828258135D0,-65.10535239203766D0,65.68861867279121D0,     0000011P   5357
149.960681939568D0,-67.08193566209124D0,56.44087843604099D0,     0000011P   5358
194.3976350206412D0,-68.70372142843891D0,48.45087167655051D0,    0000011P   5359
233.2674602056096D0,-70.03073878792105D0,41.78659914297527D0,    0000011P   5360
266.6174935830815D0,-71.08037006314292D0,36.36543762338009D0,    0000011P   5361
299.9545371404925D0,-72.01541436103994D0,31.31845753954413D0,    0000011P   5362
333.2580035155798D0,-72.81117870702141D0,26.73069724574388D0,    0000011P   5363
366.5937527505833D0,-73.48762170333981D0,22.60062079410114D0,    0000011P   5364
405.5241912522936D0,-74.16337704281553D0,18.32145420728443D0,    0000011P   5365
449.936417267112D0,-74.81001638237677D0,14.21771570258383D0,     0000011P   5366
494.4349157593195D0,-75.27666087973844D0,10.94876159607583D0,    0000011P   5367
533.3057713473257D0,-75.53353591533335D0,8.648523367374935D0,    0000011P   5368
566.6424474741461D0,-75.64680007305125D0,7.029288902614667D0,    0000011P   5369
600.01086165777D0,-75.6508473672788D0,5.741255927263481D0,       0000011P   5370
633.3174909442804D0,-75.5421466296346D0,4.766096115394063D0,     0000011P   5371
666.6736386779163D0,-75.31897026093202D0,4.077111657000742D0,    0000011P   5372
700.0197458968278D0,-74.978356995784D0,3.658590195475597D0,      0000011P   5373
733.3290400628192D0,-74.5173933491277D0,3.492511192398027D0,     0000011P   5374
766.6614517011363D0,-73.95173006434223D0,3.567201196523456D0,    0000011P   5375
805.6012474392327D0,-73.18738967727282D0,3.922919473623836D0,    0000011P   5376
850.0175054857251D0,-72.18729732987835D0,4.698270903922108D0,    0000011P   5377
894.4994384704072D0,-71.05895682742585D0,5.886169174762131D0,    0000011P   5378
933.3521527914284D0,-69.98514755191479D0,7.199349409628582D0,    0000011P   5379
966.6751998205889D0,-68.99303335190679D0,8.508834917866835D0,    0000011P   5380
995.6049663207682D0,-68.05739127397081D0,9.793744820225413D0,    0000011P   5381
1020.005025699894D0,-67.20172713880373D0,10.97158627829467D0,    0000011P   5382
1040.032154803632D0,-66.46540463749398D0,11.9920503906767D0,     0000011P   5383
1060.001616457207D0,-65.69666618538159D0,13.06187504270889D0,    0000011P   5384
1080.014319492444D0,-64.89886654637834D0,14.18102502693958D0,    0000011P   5385
1110.073549989003D0,-63.65754106629716D0,15.93459449148955D0,    0000011P   5386
1150.006401435891D0,-61.90443048433832D0,18.44899568669739D0,    0000011P   5387
1194.543498273136D0,-59.81323420909279D0,21.52205192163305D0,    0000011P   5388
1233.359698573237D0,-57.85983305991083D0,24.38352430588878D0,    0000011P   5389
1266.690694400323D0,-56.10370810511823D0,26.98632133963078D0,    0000011P   5390
1300.083105102355D0,-54.26646651657052D0,29.7722119931929D0,     0000011P   5391
1333.366305257732D0,-52.33186082255227D0,32.75841665288528D0,    0000011P   5392
1366.661622464972D0,-50.32930712874296D0,35.96302257735049D0,    0000011P   5393
1395.618139115631D0,-48.54594910269414D0,38.94460766589842D0,    0000011P   5394
1420.046089787794D0,-47.00494628323312D0,41.58973382772702D0,    0000011P   5395
1440.084152732719D0,-45.68130640761507D0,43.89924697172554D0,    0000011P   5396
1460.095406500522D0,-44.25060528006694D0,46.406855017471D0,      0000011P   5397
1480.073261901854D0,-42.66770027356036D0,49.17312846680675D0,    0000011P   5398
1496.424080047847D0,-41.21067173232733D0,51.70183237552794D0,    0000011P   5399
1509.068904040269D0,-39.95987811094598D0,53.84358059894299D0,    0000011P   5400
1518.153892799135D0,-39.01667118722666D0,55.45331695339437D0,    0000011P   5401
1527.210216974053D0,-38.03079783970461D0,57.12211212222631D0,    0000011P   5402
1536.270173294662D0,-37.00610128019311D0,58.84341713162644D0,    0000011P   5403
1545.331281149611D0,-35.94513637734967D0,60.60636637214167D0,    0000011P   5404
1554.423196187345D0,-34.85250890987091D0,62.40483908979682D0,    0000011P   5405
1563.482266024179D0,-33.73318282521315D0,64.22105050818064D0,    0000011P   5406
1572.579901333786D0,-32.58671986004879D0,66.05189225258988D0,    0000011P   5407
1581.73519285642D0,-31.42955345432374D0,67.89659412582481D0,     0000011P   5408
1590.656046870611D0,-30.21873913268939D0,69.68073607399883D0,    0000011P   5409
1601.730443297485D0,-29.01605021485292D0,71.8751589784053D0,     0000011P   5410
1608.133968705262D0,-26.98302463360208D0,72.70431804554795D0,    0000011P   5411
1617.061726864924D0,-24.96865137760626D0,74.10117598518096D0,    0000011P   5412
1625.486786231517D0,-22.86640041411066D0,75.35461506193722D0,    0000011P   5413
1634.096732965202D0,-20.73465359255973D0,76.64962827914711D0,    0000011P   5414
1642.689537085365D0,-18.57045632730773D0,77.95552977978366D0,    0000011P   5415
1651.326843026397D0,-16.37086917751318D0,79.29803145520148D0,    0000011P   5416
1659.979164400333D0,-14.14209189824442D0,80.6911722665437D0,     0000011P   5417
1668.620453315063D0,-11.88044416401239D0,82.14447258556089D0,    0000011P   5418
1677.272860425845D0,-9.584806146259639D0,83.68393907564391D0,    0000011P   5419
1685.911983525656D0,-7.249729118177724D0,85.32288814715805D0,    0000011P   5420
1694.506567698063D0,-4.881782780376159D0,87.0817620602627D0,     0000011P   5421
1703.088931074911D0,-2.465881368918829D0,88.9926281956094D0,     0000011P   5422
1708.739163496168D0,-0.8277488647832652D0,90.36751971835884D0,   0000011P   5423
1711.551581533997D0,1.211530875622202D-14,91.08666780645645D0,   0000011P   5424
2.634759765715532D-14,-55.76751359116445D0,83.76769798337847D0,  0000011P   5425
16.68018106161255D0,-56.44627643404908D0,80.80247118018176D0,    0000011P   5426
50.02613843325512D0,-57.77399713521066D0,74.74850752616186D0,    0000011P   5427
99.94953945286244D0,-59.6819754714153D0,65.49056761659324D0,     0000011P   5428
149.961308145894D0,-61.48104975599511D0,56.20305560895373D0,     0000011P   5429
194.3976369534674D0,-62.9478614173056D0,48.17254987640634D0,     0000011P   5430
233.2672136942566D0,-64.11410224321787D0,41.46754407972907D0,    0000011P   5431
266.6172229592874D0,-65.04526697964643D0,36.01156160154451D0,    0000011P   5432
299.9548229028199D0,-65.91776155457339D0,30.93384961364621D0,    0000011P   5433
333.2571338557189D0,-66.74300406717137D0,26.32345611251576D0,    0000011P   5434
366.5931519407066D0,-67.48588934887667D0,22.17512464672187D0,    0000011P   5435
405.524629652102D0,-68.21827539976904D0,17.87556329129694D0,     0000011P   5436
449.9351431196862D0,-68.80897205359165D0,13.74401194439803D0,    0000011P   5437
494.4352936253135D0,-69.16477563238955D0,10.44519178500892D0,    0000011P   5438
533.3053221056165D0,-69.3497494596614D0,8.12024038683515D0,      0000011P   5439
566.641745060531D0,-69.41876931421389D0,6.480018432286698D0,     0000011P   5440
600.0112267664086D0,-69.39605964200179D0,5.170580112864897D0,    0000011P   5441
633.3167329205197D0,-69.27831761014414D0,4.17302386635312D0,     0000011P   5442
666.6735580596494D0,-69.06961282373356D0,3.46115865725227D0,     0000011P   5443
700.0199128037705D0,-68.77288929573294D0,3.019948059784269D0,    0000011P   5444
733.3284524326451D0,-68.39116014284993D0,2.832012465891083D0,    0000011P   5445
766.660850006885D0,-67.92275198236359D0,2.884104493566099D0,     0000011P   5446
805.6017076778207D0,-67.27271920566263D0,3.210762125509007D0,    0000011P   5447
850.0160942688765D0,-66.37571456865712D0,3.946490366498466D0,    0000011P   5448
894.5000736253495D0,-65.30908408932703D0,5.082684493623958D0,    0000011P   5449
933.3511122398431D0,-64.25384145233517D0,6.338534623058678D0,    0000011P   5450
966.6741680155043D0,-63.28018859360876D0,7.595342948709174D0,    0000011P   5451
995.6054406253081D0,-62.38640846388213D0,8.835634325686584D0,    0000011P   5452
1020.004287638485D0,-61.60002167636466D0,9.979096160624152D0,    0000011P   5453
1040.031231573656D0,-60.93565826283906D0,10.9723988836669D0,     0000011P   5454
1060.000043790877D0,-60.24851385926992D0,12.01488256762691D0,    0000011P   5455
1080.013675410851D0,-59.53633660721273D0,13.10541557764192D0,    0000011P   5456
1110.074215000353D0,-58.42163460246239D0,14.81234891803057D0,    0000011P   5457
1150.004023471729D0,-56.81369309954685D0,17.25228575475512D0,    0000011P   5458
1194.544461512905D0,-54.8905380455334D0,20.2341536437442D0,      0000011P   5459
1233.358212438485D0,-53.12397126264953D0,23.01731960530138D0,    0000011P   5460
1266.688868656003D0,-51.54063253098641D0,25.5471932752481D0,     0000011P   5461
1300.083815510692D0,-49.87421444884053D0,28.24761944668639D0,    0000011P   5462
1333.365294174145D0,-48.09514747646951D0,31.12871224267313D0,    0000011P   5463
1366.660766464215D0,-46.25556102563174D0,34.21708809425873D0,    0000011P   5464
1395.619011198331D0,-44.64091690427834D0,37.09585975582344D0,    0000011P   5465
1420.044410061643D0,-43.27624583718384D0,39.65716049379945D0,    0000011P   5466
1440.081202790995D0,-42.11424248801284D0,41.89641033120778D0,    0000011P   5467
1460.091767724064D0,-40.85911640910692D0,44.32853984410112D0,    0000011P   5468
1480.070235399732D0,-39.46246726639206D0,47.01045699149071D0,    0000011P   5469
1496.423769268446D0,-38.16398485012511D0,49.45980260225558D0,    0000011P   5470
1509.069903277736D0,-37.03889217926977D0,51.53207876387122D0,    0000011P   5471
1518.156630985813D0,-36.18648081079041D0,53.08967761923867D0,    0000011P   5472
1527.214523370036D0,-35.29193520197586D0,54.70485151018379D0,    0000011P   5473
1536.276159476664D0,-34.35894479582392D0,56.37206676432154D0,    0000011P   5474
1545.338444145898D0,-33.39001805410634D0,58.08140509094072D0,    0000011P   5475
1554.431506947324D0,-32.38954343946398D0,59.82776867149919D0,    0000011P   5476
1563.490776550651D0,-31.36223773590082D0,61.59421028117915D0,    0000011P   5477
1572.587452694026D0,-30.30786570086888D0,63.3786924792437D0,     0000011P   5478
1581.744080275732D0,-29.24165781982092D0,65.18155137620306D0,    0000011P   5479
1590.651305434407D0,-28.12441482252305D0,66.92830844159303D0,    0000011P   5480
1601.767821097033D0,-27.01198476440825D0,69.09218962202291D0,    0000011P   5481
1607.937179196518D0,-25.13533535744023D0,69.87370459956883D0,    0000011P   5482
1616.699424289784D0,-23.27195435576589D0,71.23933540513414D0,    0000011P   5483
1624.93450655986D0,-21.32524936491295D0,72.4715525350624D0,      0000011P   5484
1633.356920256197D0,-19.34866862181423D0,73.75784201308241D0,    0000011P   5485
1641.759880457724D0,-17.33943529790329D0,75.06659088422866D0,    0000011P   5486
1650.204765394284D0,-15.29478644735085D0,76.42346498816251D0,    0000011P   5487
1658.663031685536D0,-13.22033672057834D0,77.84225700354004D0,    0000011P   5488
1667.107627138536D0,-11.11264402749622D0,79.33216998085906D0,    0000011P   5489
1675.561241416393D0,-8.97061340020227D0,80.91915721338667D0,     0000011P   5490
1683.998394280428D0,-6.78918171406419D0,82.61628086090036D0,     0000011P   5491
1692.389583585903D0,-4.574302736249474D0,84.44384235220657D0,    0000011P   5492
1700.764969932092D0,-2.312079391425459D0,86.43395292165532D0,    0000011P   5493
1706.275567233197D0,-0.7763905567206111D0,87.86839618236897D0,   0000011P   5494
1709.017649293806D0,1.211530875622202D-14,88.61902552839517D0,   0000011P   5495
2.630227115153321D-14,-50.65529794572252D0,83.64235411330567D0,  0000011P   5496
16.68085399117071D0,-51.25297855596092D0,80.6710413734498D0,     0000011P   5497
50.02768769410049D0,-52.43374611821862D0,74.60124659067893D0,    0000011P   5498
99.94899607991013D0,-54.16627951169483D0,65.31222922317396D0,    0000011P   5499
149.9619343522261D0,-55.83699186865099D0,55.9893132165578D0,     0000011P   5500
194.3976388862981D0,-57.23498977007495D0,47.92550997359841D0,    0000011P   5501
233.2669671828902D0,-58.37607420054481D0,41.19118623184242D0,    0000011P   5502
266.6169523354711D0,-59.27148898321667D0,35.7083842811634D0,     0000011P   5503
299.9551086651404D0,-60.0562319510192D0,30.60090212444401D0,     0000011P   5504
333.2562641959078D0,-60.7040848298798D0,25.95658477869051D0,     0000011P   5505
366.5925511309122D0,-61.2476471120482D0,21.77440632706559D0,     0000011P   5506
405.5250680519262D0,-61.80012078116479D0,17.44045182051609D0,    0000011P   5507
449.9338689719429D0,-62.37142493674781D0,13.28415227183399D0,    0000011P   5508
494.4356714910799D0,-62.79473493476817D0,9.968110614058844D0,    0000011P   5509
533.3048728645999D0,-63.00297600391975D0,7.626852684392091D0,    0000011P   5510
566.6410426480634D0,-63.08273919726025D0,5.971770193621879D0,    0000011P   5511
600.0115918754062D0,-63.07683109435008D0,4.646720603325719D0,    0000011P   5512
633.3159748941753D0,-62.99728942270453D0,3.632971061455805D0,    0000011P   5513
666.6734774370998D0,-62.83101845822975D0,2.902545816447571D0,    0000011P   5514
700.0200797093743D0,-62.56389908514741D0,2.438792823411831D0,    0000011P   5515
733.3278648121268D0,-62.18182834953142D0,2.222673965578338D0,    0000011P   5516
766.6602483286412D0,-61.70904454812253D0,2.24334132540875D0,     0000011P   5517
805.6021679195744D0,-61.07951109833089D0,2.532364319798376D0,    0000011P   5518
850.0146829902907D0,-60.28626980007676D0,3.227795967294824D0,    0000011P   5519
894.5007087359494D0,-59.36222998977392D0,4.322465229501773D0,    0000011P   5520
933.3500718236156D0,-58.41875681762927D0,5.537737639076227D0,    0000011P   5521
966.6731364348746D0,-57.53354969252113D0,6.755954155052734D0,    0000011P   5522
995.6059150205543D0,-56.71165154186659D0,7.958665994196309D0,    0000011P   5523
1020.003549306443D0,-55.98421948741247D0,9.066855073431924D0,    0000011P   5524
1040.030307768576D0,-55.3700494339503D0,10.02974220609494D0,     0000011P   5525
1059.99847038099D0,-54.73813738430525D0,11.04080815927597D0,     0000011P   5526
1080.01303069765D0,-54.08933591087712D0,12.09952464633989D0,     0000011P   5527
1110.074880187014D0,-53.08709503640106D0,13.75888593280212D0,    0000011P   5528
1150.001648764563D0,-51.68126950434084D0,16.13817130602229D0,    0000011P   5529
1194.545427092356D0,-50.00156445468316D0,19.04461664390112D0,    0000011P   5530
1233.356719144023D0,-48.41715960267943D0,21.74632077791667D0,    0000011P   5531
1266.687031035779D0,-46.9803572046301D0,24.19804846093017D0,     0000011P   5532
1300.084522214895D0,-45.46274279325449D0,26.81445563297412D0,    0000011P   5533
1333.364310009343D0,-43.8481091969709D0,29.60782149546888D0,     0000011P   5534
1366.659955117292D0,-42.1867463540258D0,32.59784864264299D0,     0000011P   5535
1395.619901318365D0,-40.73809986402938D0,35.37624752802672D0,    0000011P   5536
1420.042676365321D0,-39.52203803817185D0,37.83774928917596D0,    0000011P   5537
1440.078138127997D0,-38.49094464621595D0,39.98823611146023D0,    0000011P   5538
1460.087980601556D0,-37.38037419750897D0,42.32672339829698D0,    0000011P   5539
1480.067082874346D0,-36.14636604574228D0,44.91219174867452D0,    0000011P   5540
1496.423420188367D0,-34.99945650437165D0,47.28194469508694D0,    0000011P   5541
1509.070985400139D0,-34.00523545032932D0,49.29272496002193D0,    0000011P   5542
1518.159552470166D0,-33.25143006370344D0,50.80699220551973D0,    0000011P   5543
1527.219116844605D0,-32.45946238245253D0,52.37986040033101D0,    0000011P   5544
1536.282529687645D0,-31.63220289734612D0,54.00623097671969D0,    0000011P   5545
1545.346071092339D0,-30.77144847985733D0,55.6765527659381D0,     0000011P   5546
1554.440334350719D0,-29.88070509315847D0,57.38617068809877D0,    0000011P   5547
1563.499818987192D0,-28.96377717438829D0,59.11839487319905D0,    0000011P   5548
1572.595503605685D0,-28.0199673183656D0,60.87167861768993D0,     0000011P   5549
1581.753377063813D0,-27.06263787263717D0,62.64688414301333D0,    0000011P   5550
1590.646815161624D0,-26.05566958867096D0,64.36889424534905D0,    0000011P   5551
1601.80518889344D0,-25.04987102331863D0,66.51383909740522D0,     0000011P   5552
1607.73997007051D0,-23.34395804443599D0,67.25662029436705D0,     0000011P   5553
1616.336108584633D0,-21.64304873765592D0,68.59626174553206D0,    0000011P   5554
1624.380475984564D0,-19.85951923649566D0,69.80828971545716D0,    0000011P   5555
1632.614478802382D0,-18.04215766510474D0,71.08292180452072D0,    0000011P   5556
1640.826581369902D0,-16.18863845172422D0,72.3878565160697D0,     0000011P   5557
1649.077899905761D0,-14.29664864526537D0,73.74895219432329D0,    0000011P   5558
1657.340838230577D0,-12.37149129123095D0,75.17999379170159D0,    0000011P   5559
1665.587344043919D0,-10.41023603465927D0,76.69010559370067D0,    0000011P   5560
1673.840650210083D0,-8.412086268031606D0,78.30542607971492D0,    0000011P   5561
1682.074202652076D0,-6.37263796862009D0,80.03900171518514D0,     0000011P   5562
1690.260256190195D0,-4.297502469878482D0,81.91123165381585D0,    0000011P   5563
1698.426818084486D0,-2.174244884805853D0,83.95450953990655D0,    0000011P   5564
1703.796480432961D0,-0.7304482307838349D0,85.42990684005645D0,   0000011P   5565
1706.467560244421D0,1.211530875622202D-14,86.20245511573377D0,   0000011P   5566
2.625694464591111D-14,-45.60321152209522D0,83.53374389905531D0,  0000011P   5567
16.68152692072888D0,-46.17214792183408D0,80.55879499975485D0,    0000011P   5568
50.02923695493671D0,-47.27982959303711D0,74.4769642491099D0,     0000011P   5569
99.94845270694871D0,-48.87459663292388D0,65.16112584496079D0,    0000011P   5570
149.9625605586039D0,-50.40094575672258D0,55.80750445454689D0,    0000011P   5571
194.3976408191625D0,-51.61700356888357D0,47.70997622571085D0,    0000011P   5572
233.2667206714231D0,-52.52473841998025D0,40.93898407009589D0,    0000011P   5573
266.6166817114874D0,-53.23253684533954D0,35.42421209873123D0,    0000011P   5574
299.9553944274082D0,-53.90507330147143D0,30.28885706574744D0,    0000011P   5575
333.2553945364713D0,-54.57848901893803D0,25.62541085699309D0,    0000011P   5576
366.5919503217388D0,-55.19936533382983D0,21.42810172036962D0,    0000011P   5577
405.5255064518747D0,-55.80253780244357D0,17.07576429642248D0,    0000011P   5578
449.9325948218223D0,-56.23358314515929D0,12.88993116726621D0,    0000011P   5579
494.436049355139D0,-56.48988060448527D0,9.544879354482617D0,     0000011P   5580
533.3044236287669D0,-56.68561185041359D0,7.186913316524709D0,    0000011P   5581
566.6403402441862D0,-56.79654731712137D0,5.519316081461739D0,    0000011P   5582
600.011956987091D0,-56.8140535215887D0,4.179594363501536D0,      0000011P   5583
633.3152168484903D0,-56.700609840597D0,3.145087262130275D0,      0000011P   5584
666.673396782492D0,-56.49252779178424D0,2.391385605944848D0,     0000011P   5585
700.0202466049552D0,-56.22519230362575D0,1.905573541996944D0,    0000011P   5586
733.3272772638834D0,-55.93410929761953D0,1.672318957709337D0,    0000011P   5587
766.6596467702169D0,-55.59266399972871D0,1.676412226253063D0,    0000011P   5588
805.6026281850224D0,-55.10407379620101D0,1.941666746687872D0,    0000011P   5589
850.0132712495814D0,-54.36940663277041D0,2.59636844070026D0,     0000011P   5590
894.501343514629D0,-53.47877389361416D0,3.642792029798883D0,     0000011P   5591
933.3490324205678D0,-52.61869404532018D0,4.816723235954129D0,    0000011P   5592
966.67210653434D0,-51.83229514283579D0,5.999277432355541D0,      0000011P   5593
995.6063900947578D0,-51.11138066545888D0,7.170114004974465D0,    0000011P   5594
1020.002808948651D0,-50.47442037413922D0,8.25004533855315D0,     0000011P   5595
1040.029379658726D0,-49.93521792694855D0,9.188443593951092D0,    0000011P   5596
1059.996891405409D0,-49.37697987259372D0,10.17303070484833D0,    0000011P   5597
1080.012381256723D0,-48.79838250840378D0,11.20271553709883D0,    0000011P   5598
1110.075546685914D0,-47.89347042609175D0,12.81369994955033D0,    0000011P   5599
1149.999298436723D0,-46.59146546660719D0,15.11545902442427D0,    0000011P   5600
1194.546410184845D0,-45.01896042699583D0,17.91960871510969D0,    0000011P   5601
1233.355172257546D0,-43.5490145832539D0,20.52286881845097D0,     0000011P   5602
1266.685104521768D0,-42.23911759119271D0,22.89049112532237D0,    0000011P   5603
1300.08520119281D0,-40.89212832306931D0,25.42965785985439D0,     0000011P   5604
1333.363527337604D0,-39.50836514970393D0,28.15901360128687D0,    0000011P   5605
1366.659478014212D0,-38.10192675462488D0,31.08137554221268D0,    0000011P   5606
1395.620926451834D0,-36.8646091532471D0,33.78329889356645D0,     0000011P   5607
1420.040538690302D0,-35.80075362086326D0,36.15746618826724D0,    0000011P   5608
1440.074214750827D0,-34.88723103847958D0,38.22359542217579D0,    0000011P   5609
1460.08308307598D0,-33.89678942675559D0,40.46601879916614D0,     0000011P   5610
1480.062987036915D0,-32.7951094136841D0,42.94477965768409D0,     0000011P   5611
1496.422784419227D0,-31.77438172023934D0,45.21928984826445D0,    0000011P   5612
1509.07268793468D0,-30.89334851570368D0,47.15179512289693D0,     0000011P   5613
1518.163845978253D0,-30.22644423628856D0,48.60900381005425D0,    0000011P   5614
1527.225859166044D0,-29.52634039448912D0,50.12449670300578D0,    0000011P   5615
1536.291774440669D0,-28.7951113816462D0,51.69397014242401D0,     0000011P   5616
1545.357170808537D0,-28.0338653317339D0,53.30859988528445D0,     0000011P   5617
1554.453028944621D0,-27.24524856125556D0,54.96453339411391D0,    0000011P   5618
1563.512842888529D0,-26.43217601328433D0,56.64569795748447D0,    0000011P   5619
1572.607293770467D0,-25.59351097280543D0,58.35139741279467D0,    0000011P   5620
1581.76573806788D0,-24.7407705022592D0,60.08337989617773D0,      0000011P   5621
1590.644204902729D0,-23.84093822761513D0,61.76624933421707D0,    0000011P   5622
1601.842481814112D0,-22.93960043131995D0,63.87805446882366D0,    0000011P   5623
1607.539620016255D0,-21.40372148684202D0,64.56920511930974D0,    0000011P   5624
1615.96520937675D0,-19.86657686569829D0,65.871969043633D0,       0000011P   5625
1623.813339507369D0,-18.24956261210765D0,67.05589630872592D0,    0000011P   5626
1631.852360610906D0,-16.59679734117905D0,68.3137881531251D0,     0000011P   5627
1639.866017660145D0,-14.90639734170381D0,69.6125065999988D0,     0000011P   5628
1647.915196250595D0,-13.17649026107644D0,70.97795455963279D0,    0000011P   5629
1655.973278791925D0,-11.41205814362379D0,72.4237613197199D0,     0000011P   5630
1664.011244264294D0,-9.610672973254703D0,73.95882446226329D0,    0000011P   5631
1672.05290012127D0,-7.771827106576696D0,75.60931971429341D0,     0000011P   5632
1680.070649835632D0,-5.891766226509052D0,77.38812990842305D0,    0000011P   5633
1688.038536580794D0,-3.975749836534522D0,79.31560398476366D0,    0000011P   5634
1695.982445665656D0,-2.012795841726639D0,81.42427005907297D0,    0000011P   5635
1701.201443527251D0,-0.6764184584377633D0,82.94976680817685D0,   0000011P   5636
1703.796533896478D0,1.211530875622202D-14,83.74903160229897D0,   0000011P   5637
2.621161814028909D-14,-40.50964003696719D0,83.43855135849586D0,  0000011P   5638
16.68219985028705D0,-41.02980813697433D0,80.46005453649315D0,    0000011P   5639
50.03078621577669D0,-42.04330749995692D0,74.36733392670757D0,    0000011P   5640
99.94790933399099D0,-43.44709912649757D0,65.02585792305401D0,    0000011P   5641
149.9631867649628D0,-44.67607353134548D0,55.63874347729819D0,    0000011P   5642
194.3976427520128D0,-45.69423715748899D0,47.5106431242847D0,     0000011P   5643
233.2664741599967D0,-46.59347397217776D0,40.71648706426858D0,    0000011P   5644
266.6164110875718D0,-47.33408028741418D0,35.18203847973528D0,    0000011P   5645
299.9556801896977D0,-48.00741062748331D0,30.0252180834742D0,     0000011P   5646
333.2545248768832D0,-48.57783919066043D0,25.33661016879248D0,    0000011P   5647
366.5913495123136D0,-49.059013855752D0,21.11398581921537D0,      0000011P   5648
405.5259448517727D0,-49.53381834075241D0,16.73614288506926D0,    0000011P   5649
449.9313206726659D0,-49.97761434327953D0,12.53306982981469D0,    0000011P   5650
494.4364272198906D0,-50.28033484614117D0,9.17377659368475D0,     0000011P   5651
533.3039743908309D0,-50.42668822213732D0,6.797826697596818D0,    0000011P   5652
566.639637836824D0,-50.48449569600187D0,5.113719711496373D0,     0000011P   5653
600.0123220976857D0,-50.48877828192234D0,3.759246708132423D0,    0000011P   5654
633.3144588106516D0,-50.45284334429935D0,2.714637224180464D0,    0000011P   5655
666.6733161408898D0,-50.34704313187775D0,1.950374471994252D0,    0000011P   5656
700.0204135046026D0,-50.14091247790201D0,1.448606031191162D0,    0000011P   5657
733.3266896863199D0,-49.80394929119397D0,1.1890123047381D0,      0000011P   5658
766.6590451631846D0,-49.37976286960973D0,1.161464907459447D0,    0000011P   5659
805.6030884408576D0,-48.83371092457695D0,1.389564477613192D0,    0000011P   5660
850.0118596963447D0,-48.20723170334025D0,2.010056299649733D0,    0000011P   5661
894.5019784279609D0,-47.51865233686895D0,3.024759008221594D0,    0000011P   5662
933.3479926064964D0,-46.82063390849309D0,4.167255179133832D0,    0000011P   5663
966.6710759522292D0,-46.15590520192633D0,5.318464183393019D0,    0000011P   5664
995.606864893523D0,-45.51952348358515D0,6.456635466875383D0,     0000011P   5665
1020.002069412658D0,-44.93614134286202D0,7.503948629610619D0,    0000011P   5666
1040.028453295221D0,-44.43451918215523D0,8.41300243850057D0,     0000011P   5667
1059.9953146877D0,-43.91239664227574D0,9.365963489232371D0,      0000011P   5668
1080.011733733725D0,-43.37325800136918D0,10.36216863745625D0,    0000011P   5669
1110.076212652469D0,-42.54019573269372D0,11.92062990735263D0,    0000011P   5670
1149.996938218758D0,-41.3811914639389D0,14.14876979207125D0,     0000011P   5671
1194.547386172702D0,-40.03596592786341D0,16.87503643533938D0,    0000011P   5672
1233.353647112102D0,-38.81234267023079D0,19.41960373813626D0,    0000011P   5673
1266.683214069897D0,-37.71265495584812D0,21.73206139833997D0,    0000011P   5674
1300.085891418634D0,-36.54136758048823D0,24.19989491124383D0,    0000011P   5675
1333.362662924821D0,-35.26628810974162D0,26.83002890793583D0,    0000011P   5676
1366.658865316188D0,-33.94608525376924D0,29.6355169843636D0,     0000011P   5677
1395.621896813495D0,-32.80427070328379D0,32.229913431301D0,      0000011P   5678
1420.038564900035D0,-31.86325598874347D0,34.51447251461637D0,    0000011P   5679
1440.070639734001D0,-31.07507997204353D0,36.5051793058456D0,     0000011P   5680
1460.078636015073D0,-30.23380125683029D0,38.66723545780994D0,    0000011P   5681
1480.059273879216D0,-29.30414050748041D0,41.0577086539034D0,     0000011P   5682
1496.422264953163D0,-28.44215282475983D0,43.25098706682097D0,    0000011P   5683
1509.074138782463D0,-27.69477205064251D0,45.11364468613739D0,    0000011P   5684
1518.167582888259D0,-27.12742336068566D0,46.51881978881513D0,    0000011P   5685
1527.231729750344D0,-26.53002186592703D0,47.981053755096D0,      0000011P   5686
1536.299853058919D0,-25.90404103838631D0,49.49694358558948D0,    0000011P   5687
1545.366861702906D0,-25.25009545464604D0,51.05849771452263D0,    0000011P   5688
1554.46415470938D0,-24.57016696464812D0,52.66277189836492D0,     0000011P   5689
1563.524251602305D0,-23.8664761975076D0,54.29441633579158D0,     0000011P   5690
1572.617567007324D0,-23.13764230848359D0,55.9536911566771D0,     0000011P   5691
1581.77685599087D0,-22.39353225501755D0,57.64333616337434D0,     0000011P   5692
1590.640831965975D0,-21.60442771768792D0,59.28778216439878D0,    0000011P   5693
1601.879805110127D0,-20.81123709046804D0,61.36717072436751D0,    0000011P   5694
1607.340544163455D0,-19.44934474503176D0,62.00754286503784D0,    0000011P   5695
1615.597386619346D0,-18.08007667559889D0,63.27438606544568D0,    0000011P   5696
1623.25151978941D0,-16.63342656581263D0,64.43115698588073D0,     0000011P   5697
1631.098224813735D0,-15.14876327063263D0,65.67319702177585D0,    0000011P   5698
1638.91651457266D0,-13.62456468829179D0,66.96648823485847D0,     0000011P   5699
1646.767031305158D0,-12.05931881355914D0,68.33693462021894D0,    0000011P   5700
1654.624123276527D0,-10.45760643847692D0,69.79796631956081D0,    0000011P   5701
1662.457788014105D0,-8.817421634715833D0,71.35821073013223D0,    0000011P   5702
1670.29239482732D0,-7.138465471900917D0,73.04383734533766D0,     0000011P   5703
1678.099292005302D0,-5.417553087489916D0,74.86752188369991D0,    0000011P   5704
1685.854298341171D0,-3.659511903885874D0,76.84951959047524D0,    0000011P   5705
1693.581164459266D0,-1.854732367128082D0,79.0224495716176D0,     0000011P   5706
1698.653444879478D0,-0.6236445124780733D0,80.59699807850348D0,   0000011P   5707
1701.174568994582D0,1.211530875622202D-14,81.42237375604532D0,   0000011P   5708
2.616629163466699D-14,-35.50992944911768D0,83.35825496764691D0,  0000011P   5709
16.68287277984521D0,-35.92435493381962D0,80.37568580962254D0,    0000011P   5710
50.03233547661033D0,-36.7415622727482D0,74.27131315077133D0,     0000011P   5711
99.94736596102699D0,-37.96203471026262D0,64.90803622086096D0,    0000011P   5712
149.9638129713535D0,-39.18680719128702D0,55.50034824557527D0,    0000011P   5713
194.3976446848865D0,-40.18764216340068D0,47.35024973644707D0,    0000011P   5714
233.2662276485012D0,-40.93611360565137D0,40.53035298226173D0,    0000011P   5715
266.6161404635409D0,-41.50381392887206D0,34.97156368993639D0,    0000011P   5716
299.9559659519504D0,-42.00966000425055D0,29.79058332654788D0,    0000011P   5717
333.2536552175521D0,-42.46668812051902D0,25.08048374982983D0,    0000011P   5718
366.5907487033151D0,-42.87754207851192D0,20.83883454329397D0,    0000011P   5719
405.5263832517558D0,-43.30766002222417D0,16.44154574854593D0,    0000011P   5720
449.9300465218745D0,-43.73538569356661D0,12.22017429285597D0,    0000011P   5721
494.4368050834684D0,-44.0418564875646D0,8.845451412507131D0,     0000011P   5722
533.3035251564597D0,-44.18977005276754D0,6.457246469898109D0,    0000011P   5723
566.6389354353696D0,-44.23370720583206D0,4.761415455280087D0,    0000011P   5724
600.0126872101283D0,-44.1948181099702D0,3.392097721921672D0,     0000011P   5725
633.3137007595121D0,-44.07240622891865D0,2.327655655200118D0,    0000011P   5726
666.673235477241D0,-43.89403017825524D0,1.542474648897667D0,     0000011P   5727
700.0205803973572D0,-43.68652760717006D0,1.022775452029052D0,    0000011P   5728
733.3261021584599D0,-43.47684958128347D0,0.7522825974401712D0,   0000011P   5729
766.6584436385523D0,-43.23588368048007D0,0.7154404474349008D0,   0000011P   5730
805.6035487129877D0,-42.88394741568779D0,0.9282388191540179D0,   0000011P   5731
850.0104478253049D0,-42.32963188609959D0,1.515852637029269D0,    0000011P   5732
894.5026131130317D0,-41.63958120580838D0,2.485504817336107D0,    0000011P   5733
933.3469534891931D0,-40.96504219638887D0,3.584248680754001D0,    0000011P   5734
966.6700465255262D0,-40.34914123785488D0,4.696791741025805D0,    0000011P   5735
995.6073401592097D0,-39.79039415316471D0,5.801968065276924D0,    0000011P   5736
1020.00132848355D0,-39.3040040609355D0,6.822640835442996D0,      0000011P   5737
1040.027523971311D0,-38.89458376901417D0,7.709767009899082D0,    0000011P   5738
1059.993734142446D0,-38.47095587119097D0,8.639702121520088D0,    0000011P   5739
1080.011082959454D0,-38.03012343974683D0,9.610875911046776D0,    0000011P   5740
1110.076879521457D0,-37.33509885029433D0,11.12727955803939D0,    0000011P   5741
1149.994594766539D0,-36.31548836433657D0,13.28583114222738D0,    0000011P   5742
1194.548374204336D0,-35.09659078444203D0,15.91888979247381D0,    0000011P   5743
1233.352085111248D0,-33.99609462192974D0,18.37392358504684D0,    0000011P   5744
1266.68126248547D0,-33.01901732196153D0,20.60754367184592D0,     0000011P   5745
1300.086562576997D0,-31.99612010538505D0,22.99798254099967D0,    0000011P   5746
1333.361937079493D0,-30.90543129084563D0,25.55544344347058D0,    0000011P   5747
1366.658482478777D0,-29.78970759098436D0,28.28831693842064D0,    0000011P   5748
1395.62296002435D0,-28.82979516516976D0,30.81582682433414D0,     0000011P   5749
1420.036313292261D0,-28.03783060894624D0,33.03784568673185D0,    0000011P   5750
1440.066474176557D0,-27.37299229287133D0,34.96885216923086D0,    0000011P   5751
1460.073425326246D0,-26.66087600702752D0,37.05786104289963D0,    0000011P   5752
1480.054912002653D0,-25.87075502940161D0,39.35703954190254D0,    0000011P   5753
1496.421548330069D0,-25.13519576519808D0,41.45658713521013D0,    0000011P   5754
1509.076016289755D0,-24.49561396480502D0,43.23306413931883D0,    0000011P   5755
1518.172263343595D0,-24.00921729866764D0,44.57201545537633D0,    0000011P   5756
1527.239078103853D0,-23.49606662523489D0,45.9647954876474D0,     0000011P   5757
1536.309908509388D0,-22.95726260821299D0,47.4093825212554D0,     0000011P   5758
1545.378940832701D0,-22.39315437780068D0,48.89909829225584D0,    0000011P   5759
1554.477939954041D0,-21.80528742838612D0,50.43238747563781D0,    0000011P   5760
1563.538398382795D0,-21.19541618613398D0,51.99510380475655D0,    0000011P   5761
1572.630411741113D0,-20.56214378758499D0,53.58894432653943D0,    0000011P   5762
1581.790081185486D0,-19.91391519618941D0,55.21812113413589D0,    0000011P   5763
1590.638751921086D0,-19.22453825814239D0,56.80737254257031D0,    0000011P   5764
1601.917076913847D0,-18.52952739632195D0,58.83785117949488D0,    0000011P   5765
1607.139308283748D0,-17.33379510248872D0,59.41263611010331D0,    0000011P   5766
1615.22434866164D0,-16.12761276308035D0,60.63127748970554D0,     0000011P   5767
1622.680687098691D0,-14.85015515059902D0,61.75222237087139D0,    0000011P   5768
1630.330557257979D0,-13.53594756873308D0,62.97315469022175D0,    0000011P   5769
1637.948261513088D0,-12.18373573403498D0,64.25897893233514D0,    0000011P   5770
1645.594220332141D0,-10.7922741975263D0,65.63540256139824D0,     0000011P   5771
1653.243769421759D0,-9.365648707842667D0,67.11545895741716D0,    0000011P   5772
1660.865946442149D0,-7.902181633294598D0,68.7073077171769D0,     0000011P   5773
1668.485704144286D0,-6.401688965402679D0,70.43691448474776D0,    0000011P   5774
1676.073357219348D0,-4.861461505041103D0,72.31655024885437D0,    0000011P   5775
1683.606521665846D0,-3.285800802411198D0,74.36617894418963D0,    0000011P   5776
1691.106835009252D0,-1.66637605339601D0,76.61831305119557D0,     0000011P   5777
1696.025706954695D0,-0.5604854564911169D0,78.25296362534853D0,   0000011P   5778
1698.469435106239D0,1.211530875622202D-14,79.11021494596749D0,   0000011P   5779
2.612096512904499D-14,-30.38591974805217D0,83.28878706051489D0,  0000011P   5780
16.68354570940339D0,-30.74426114897731D0,80.30407716827922D0,    0000011P   5781
50.03388473744038D0,-31.44900788571569D0,74.19166840388405D0,    0000011P   5782
99.94682258805933D0,-32.47645734434521D0,64.80876567250536D0,    0000011P   5783
149.964439177762D0,-33.46335408625549D0,55.37693714928407D0,     0000011P   5784
194.3976466177732D0,-34.27723746011291D0,47.20323928003953D0,    0000011P   5785
233.2659811369654D0,-34.92615356945831D0,40.36218266391765D0,    0000011P   5786
266.6158698394438D0,-35.44719234795321D0,34.78543723774195D0,    0000011P   5787
299.9562517141829D0,-35.94009106527855D0,29.58751203706984D0,    0000011P   5788
333.2527855583712D0,-36.41274872330274D0,24.86234649374848D0,    0000011P   5789
366.5901478945645D0,-36.83593465759264D0,20.6065129966718D0,     0000011P   5790
405.5268216517882D0,-37.23937849072659D0,16.19265016880797D0,    0000011P   5791
449.9287723701345D0,-37.52520182610782D0,11.950987814711D0,      0000011P   5792
494.4371829463649D0,-37.68833037332152D0,8.557390912538992D0,    0000011P   5793
533.3030759241567D0,-37.80568796917289D0,6.156398290184058D0,    0000011P   5794
566.6382330373425D0,-37.87278896258881D0,4.451361234657668D0,    0000011P   5795
600.013052323643D0,-37.89074606825561D0,3.073967042556717D0,     0000011P   5796
633.3129427006563D0,-37.84329663480419D0,2.001987127295493D0,    0000011P   5797
666.6731548008016D0,-37.73546619962329D0,1.207730026855998D0,    0000011P   5798
700.0207472861132D0,-37.57166610343815D0,0.6755120582557055D0,   0000011P   5799
733.325514659437D0,-37.35633998872001D0,0.3871073481572296D0,    0000011P   5800
766.6578421617265D0,-37.09361802950766D0,0.3287824087240097D0,   0000011P   5801
805.6040089945717D0,-36.73637940213267D0,0.5144910349079055D0,   0000011P   5802
850.0090357698847D0,-36.2607284290855D0,1.071379962027791D0,     0000011P   5803
894.5032476656708D0,-35.71119242982689D0,2.009252822615366D0,    0000011P   5804
933.3459147761334D0,-35.17641563159445D0,3.07837609262775D0,     0000011P   5805
966.6690177691568D0,-34.67510374572262D0,4.161473574739631D0,    0000011P   5806
995.6078156957905D0,-34.19681639423816D0,5.23511390165379D0,     0000011P   5807
1020.000586746198D0,-33.75626777982352D0,6.223220090648255D0,    0000011P   5808
1040.026592929859D0,-33.37794183462331D0,7.080935258771177D0,    0000011P   5809
1059.99215137656D0,-32.98629102337939D0,7.979517431962051D0,     0000011P   5810
1080.010430298889D0,-32.58562015340185D0,8.918272856506036D0,    0000011P   5811
1110.077546914009D0,-31.97452916316856D0,10.38560812781375D0,    0000011P   5812
1149.992261041319D0,-31.14866471029757D0,12.48108717401675D0,    0000011P   5813
1194.549369223418D0,-30.16290758159823D0,15.03492587963683D0,    0000011P   5814
1233.350501727954D0,-29.19948653860062D0,17.40405078493949D0,    0000011P   5815
1266.679275433706D0,-28.32491946961565D0,19.55853891607868D0,    0000011P   5816
1300.087222672974D0,-27.42097641844203D0,21.87041954587348D0,    0000011P   5817
1333.361291626989D0,-26.49877780823608D0,24.35572430788704D0,    0000011P   5818
1366.658232999834D0,-25.57170594475943D0,27.01505019393159D0,    0000011P   5819
1395.624077103616D0,-24.76829788755583D0,29.47088002027832D0,    0000011P   5820
1420.033900502819D0,-24.08794985872747D0,31.62173797891379D0,    0000011P   5821
1440.061966004555D0,-23.51249289337219D0,33.48549784459037D0,    0000011P   5822
1460.067771602626D0,-22.89888861895734D0,35.49577366679338D0,    0000011P   5823
1480.050173758203D0,-22.22752441123244D0,37.70216891132925D0,    0000011P   5824
1496.420717322178D0,-21.61482696388465D0,39.71211850445485D0,    0000011P   5825
1509.078141332532D0,-21.0909581286286D0,41.40976100093216D0,     0000011P   5826
1518.17749121659D0,-20.69533884679236D0,42.68929686756545D0,     0000011P   5827
1527.247283816238D0,-20.279762087237D0,44.02066309779806D0,      0000011P   5828
1536.32111086063D0,-19.84429952098061D0,45.40290719739305D0,     0000011P   5829
1545.39240554749D0,-19.38837864746342D0,46.83035214036022D0,     0000011P   5830
1554.493268151879D0,-18.91245242114517D0,48.30251945633403D0,    0000011P   5831
1563.554133710253D0,-18.41715288086547D0,49.80615434947563D0,    0000011P   5832
1572.64474838291D0,-17.90041096007197D0,51.34407871989103D0,     0000011P   5833
1581.804528958039D0,-17.36859344384908D0,52.92166488765207D0,    0000011P   5834
1590.637421974595D0,-16.79837815963396D0,54.4636466104179D0,     0000011P   5835
1601.95431884323D0,-16.2210796615845D0,56.45257244099597D0,      0000011P   5836
1606.93681921902D0,-15.20952139543336D0,56.96761814564391D0,     0000011P   5837
1614.848284995837D0,-14.18211031098045D0,58.1418178936853D0,     0000011P   5838
1622.104625342342D0,-13.08591329822991D0,59.22823140642765D0,    0000011P   5839
1629.555038967993D0,-11.9508819092431D0,60.4270134712306D0,      0000011P   5840
1636.969130263014D0,-10.77629947853632D0,61.70211930507431D0,    0000011P   5841
1644.407110448071D0,-9.56145691302801D0,63.07918815079248D0,     0000011P   5842
1651.845315194497D0,-8.310214717591469D0,64.57098493624443D0,    0000011P   5843
1659.251834818763D0,-7.021493356821356D0,66.18532976730262D0,    0000011P   5844
1666.652218036782D0,-5.695493543778098D0,67.94811274825385D0,    0000011P   5845
1674.015758465171D0,-4.330251542396637D0,69.8713284475752D0,     0000011P   5846
1681.321881831227D0,-2.92981283032089D0,71.97477779894689D0,     0000011P   5847
1688.590125084944D0,-1.487395152921966D0,74.29099496684964D0,    0000011P   5848
1693.351706611928D0,-0.5005237189699202D0,75.97487861636343D0,   0000011P   5849
1695.716048981876D0,1.211530875622202D-14,76.85839539854935D0,   0000011P   5850
2.607563862342298D-14,-25.36594613324971D0,83.23269851369555D0,  0000011P   5851
16.68421863896155D0,-25.66758248512986D0,80.24637014706794D0,    0000011P   5852
50.03543399826963D0,-26.26309982533718D0,74.1273638319126D0,     0000011P   5853
99.94627921509095D0,-27.14041859184374D0,64.72876690610691D0,    0000011P   5854
149.9650653841746D0,-27.99489534168681D0,55.27909221775633D0,    0000011P   5855
194.3976485506631D0,-28.70545193313451D0,47.08790141864694D0,    0000011P   5856
233.2657346254214D0,-29.2730096979844D0,40.23025233325087D0,     0000011P   5857
266.6155992153326D0,-29.70758996334699D0,34.63786725619114D0,    0000011P   5858
299.9565374764106D0,-30.07466627097602D0,29.42265454437275D0,    0000011P   5859
333.2519158992208D0,-30.35956419637676D0,24.67837165377522D0,    0000011P   5860
366.589547085865D0,-30.59882812169632D0,20.40413034389239D0,     0000011P   5861
405.527260051831D0,-30.86821824243361D0,15.97266636645314D0,     0000011P   5862
449.9274982181983D0,-31.22378800768416D0,11.72093195278987D0,    0000011P   5863
494.4375608091206D0,-31.49964465326722D0,8.319968546292557D0,    0000011P   5864
533.3026266922819D0,-31.58388679605423D0,5.908209312753456D0,    0000011P   5865
566.637530640025D0,-31.58302192296254D0,4.192219016447652D0,     0000011P   5866
600.0134174373798D0,-31.5439567064D0,2.80355268929199D0,         0000011P   5867
633.3121846402026D0,-31.50106445601262D0,1.721420991906413D0,    0000011P   5868
666.6730741217136D0,-31.43436103808276D0,0.9171276615840185D0,   0000011P   5869
700.0209141740412D0,-31.32335689016229D0,0.3741572652354108D0,   0000011P   5870
733.3249271663855D0,-31.14755361037274D0,0.07341020570514445D0,  0000011P   5871
766.6572406948006D0,-30.92044540316282D0,                        0000011P   5872
0.0007549494825411784D0,805.6044692781129D0,                     0000011P   5873
-30.61118282184691D0,0.1669734090666566D0,850.0076236762812D0,   0000011P   5874
-30.21553343931937D0,0.6970345685085562D0,894.5038821908852D0,   0000011P   5875
-29.73891419216629D0,1.599919332839193D0,933.3448761467895D0,    0000011P   5876
-29.23631514910737D0,2.630432959655934D0,966.6679891516077D0,    0000011P   5877
-28.77298294050587D0,3.677561084917286D0,995.6082912884709D0,    0000011P   5878
-28.36481925340362D0,4.719756253421849D0,1019.999844841465D0,    0000011P   5879
-28.02825273148093D0,5.682474172577201D0,1040.025661532719D0,    0000011P   5880
-27.75173310059975D0,6.518803080442638D0,1059.990568150801D0,    0000011P   5881
-27.46771125784768D0,7.393968717308127D0,1080.009777247689D0,    0000011P   5882
-27.16966412399161D0,8.305922901678656D0,1110.078214414987D0,    0000011P   5883
-26.68932560551032D0,9.725793752178035D0,1149.989929330481D0,    0000011P   5884
-25.9455494931292D0,11.73645897364767D0,1194.550365689544D0,     0000011P   5885
-25.04876184113901D0,14.18909773453753D0,1233.348913916538D0,    0000011P   5886
-24.26981426276433D0,16.48411610070787D0,1266.677281036956D0,    0000011P   5887
-23.58709991306592D0,18.5768664797467D0,1300.087880478022D0,     0000011P   5888
-22.86915321318642D0,20.82071774243767D0,1333.36066282316D0,     0000011P   5889
-22.08858983334766D0,23.22326542007225D0,1366.658011138306D0,    0000011P   5890
-21.29033660278271D0,25.79822322980269D0,1395.625205338575D0,    0000011P   5891
-20.61627447058462D0,28.19106021535355D0,1420.031454334012D0,    0000011P   5892
-20.07758312355334D0,30.30280095612776D0,1440.057386879964D0,    0000011P   5893
-19.63579139907051D0,32.13372861731502D0,1460.062026130233D0,    0000011P   5894
-19.17153257667401D0,34.10072280035713D0,1480.045357571134D0,    0000011P   5895
-18.66321090606319D0,36.24372608147938D0,1496.419862626159D0,    0000011P   5896
-18.19355950115585D0,38.17737556927608D0,1509.080317637823D0,    0000011P   5897
-17.7859024737485D0,39.79712476088906D0,1518.182832455173D0,     0000011P   5898
-17.47548914965013D0,41.01422805659466D0,1527.255667080424D0,    0000011P   5899
-17.14690742934135D0,42.2780177867024D0,1536.33255072536D0,      0000011P   5900
-16.80012145784499D0,43.58915672147587D0,1545.406157205258D0,    0000011P   5901
-16.43455857053569D0,44.94351511673996D0,1554.508915882323D0,    0000011P   5902
-16.05050064863768D0,46.34223740063536D0,1563.570198012408D0,    0000011P   5903
-15.6483788103584D0,47.77350629198989D0,1572.659393986288D0,     0000011P   5904
-15.22637325274534D0,49.24181458794905D0,1581.819229916185D0,    0000011P   5905
-14.78969404920995D0,50.7542408793679D0,1590.636247367163D0,     0000011P   5906
-14.3188104751243D0,52.23606041040117D0,1601.99155458589D0,      0000011P   5907
-13.83993106659882D0,54.17054257576454D0,1606.734070630232D0,    0000011P   5908
-12.99602300363815D0,54.614211805775D0,1614.471594731373D0,      0000011P   5909
-12.13472313889994D0,55.73415484479773D0,1621.527480690548D0,    0000011P   5910
-11.21204143199838D0,56.77882655420513D0,1628.777894857081D0,    0000011P   5911
-10.25297680908254D0,57.95062805830779D0,1635.987746231323D0,    0000011P   5912
-9.256971348347314D0,59.21234079269981D0,1643.217039379972D0,    0000011P   5913
-8.223473438322646D0,60.58931126507415D0,1650.443112532565D0,    0000011P   5914
-7.155739465834246D0,62.09381143735559D0,1657.633111255323D0,    0000011P   5915
-6.052909117475601D0,63.73309741071631D0,1664.813182822589D0,    0000011P   5916
-4.91518895356168D0,65.53275923587184D0,1671.951602369906D0,     0000011P   5917
-3.740981826802878D0,67.50429054726396D0,1679.029607946847D0,    0000011P   5918
-2.533698268000404D0,69.66710476377247D0,1686.064638521415D0,    0000011P   5919
-1.287725697728125D0,72.05353322012901D0,1690.668125712104D0,    0000011P   5920
-0.4335827827398281D0,73.79097509982087D0,1692.952670225903D0,   0000011P   5921
1.211530875622202D-14,74.70294241946256D0,2.603031211780098D-14, 0000011P   5922
-20.26443416848242D0,83.18709913132952D0,16.68489156851972D0,    0000011P   5923
-20.52820309742237D0,80.19996014073398D0,50.03698325908588D0,    0000011P   5924
-21.04095650317804D0,74.07588924967742D0,99.94573584210954D0,    0000011P   5925
-21.7481468969798D0,64.6635355860427D0,149.9656915906519D0,      0000011P   5926
-22.36461512012505D0,55.19747855722582D0,194.3976504836003D0,    0000011P   5927
-22.87148284079417D0,46.98997439997312D0,233.2654881137335D0,    0000011P   5928
-23.31552180225141D0,40.1168944442297D0,266.6153285909827D0,     0000011P   5929
-23.68653856406925D0,34.51123701492345D0,299.9568232385634D0,    0000011P   5930
-24.03736791748953D0,29.28375433820401D0,333.2510462406049D0,    0000011P   5931
-24.35807849924468D0,24.52928764085351D0,366.588946278051D0,     0000011P   5932
-24.63503151982267D0,20.24562897125696D0,405.52769845205D0,      0000011P   5933
-24.89214609878519D0,15.80264407333665D0,449.9262240628701D0,    0000011P   5934
-25.07045369931999D0,11.53514012396761D0,494.4379386694408D0,    0000011P   5935
-25.17248146486524D0,8.119865004692557D0,533.302177467802D0,     0000011P   5936
-25.25173533028216D0,5.700463850615506D0,566.6368282549627D0,    0000011P   5937
-25.29712067252146D0,3.979223641093554D0,600.0137825549504D0,    0000011P   5938
-25.30458276701627D0,2.584741461774001D0,633.3114265521588D0,    0000011P   5939
-25.25833733286236D0,1.494393467079107D0,666.6729933968926D0,    0000011P   5940
-25.17205847439341D0,0.6804374417377943D0,700.0210810476716D0,   0000011P   5941
-25.05901020912823D0,0.1274854712338964D0,733.3243397764405D0,   0000011P   5942
-24.93250481335137D0,-0.1824738496184608D0,766.6566393988071D0,  0000011P   5943
-24.77546006667765D0,-0.2655910028402957D0,805.604929595456D0,   0000011P   5944
-24.5364764929641D0,-0.1153810426624489D0,850.0062109234228D0,   0000011P   5945
-24.15381686328446D0,0.3876391871248757D0,894.5045162425904D0,   0000011P   5946
-23.72093121092001D0,1.259021429853746D0,933.343838962827D0,     0000011P   5947
-23.36159994668713D0,2.263067031675178D0,966.6669629308473D0,    0000011P   5948
-23.05299050350796D0,3.284766540143394D0,995.6087678497368D0,    0000011P   5949
-22.77185935508105D0,4.299449548977094D0,1019.999100046839D0,    0000011P   5950
-22.5146985121395D0,5.232969834117924D0,1040.024723994482D0,     0000011P   5951
-22.29139031545571D0,6.042162061897912D0,1059.98897698514D0,     0000011P   5952
-22.05431411583005D0,6.887300772405709D0,1080.009117452013D0,    0000011P   5953
-21.80248661862921D0,7.766752281155647D0,1110.078883787978D0,    0000011P   5954
-21.3991446655888D0,9.13461322110075D0,1149.987632398682D0,      0000011P   5955
-20.79606264368373D0,11.07005824413204D0,1194.551387139405D0,    0000011P   5956
-20.08254237570869D0,13.43257579458478D0,1233.34724965187D0,     0000011P   5957
-19.46140015395721D0,15.64554148637689D0,1266.675159826186D0,    0000011P   5958
-18.9175425136709D0,17.6670056329728D0,1300.088498729329D0,      0000011P   5959
-18.34764323449549D0,19.83998781041831D0,1333.360321465133D0,    0000011P   5960
-17.73137066441278D0,22.17317995978917D0,1366.658266102073D0,    0000011P   5961
-17.10108469442594D0,24.68303894743841D0,1395.626526180885D0,    0000011P   5962
-16.56603320230038D0,27.02559186331996D0,1420.028431857624D0,    0000011P   5963
-16.13446355834563D0,29.10008998594147D0,1440.051582731647D0,    0000011P   5964
-15.78056493986946D0,30.89541752591477D0,1460.054696579982D0,    0000011P   5965
-15.41134989750807D0,32.81324194722326D0,1480.039195674773D0,    0000011P   5966
-15.01215865398205D0,34.88503008057374D0,1496.418598945503D0,    0000011P   5967
-14.64901699731465D0,36.73535692584238D0,1509.083379010127D0,    0000011P   5968
-14.33758057999044D0,38.27194326906831D0,1518.190130994195D0,    0000011P   5969
-14.10152110753277D0,39.42292243813971D0,1527.267115844734D0,    0000011P   5970
-13.85221724258435D0,40.61552262166425D0,1536.348091351814D0,    0000011P   5971
-13.58918623844664D0,41.85201557950492D0,1545.424863043927D0,    0000011P   5972
-13.31151590070254D0,43.12981257440063D0,1554.530080466083D0,    0000011P   5973
-13.0189776716146D0,44.45167465809715D0,1563.591942189195D0,     0000011P   5974
-12.71146238303195D0,45.80721578918789D0,1572.679373930177D0,    0000011P   5975
-12.38706012987577D0,47.20259338695674D0,1581.838302220943D0,    0000011P   5976
-12.0494849081584D0,48.64658603814084D0,1590.637754748331D0,     0000011P   5977
-11.68265807546067D0,50.06500419848938D0,1602.028683512389D0,    0000011P   5978
-11.30788116262507D0,51.94149584264771D0,1606.526841258719D0,    0000011P   5979
-10.6379578971665D0,52.30993658411296D0,1614.084086000087D0,     0000011P   5980
-9.949930721611878D0,53.37147820207578D0,1620.931639432465D0,    0000011P   5981
-9.208344060225862D0,54.37030659738256D0,1627.972680322633D0,    0000011P   5982
-8.433383748345037D0,55.51107181131064D0,1634.967467058652D0,    0000011P   5983
-7.624790142942629D0,56.75538407808396D0,1641.97584233084D0,     0000011P   5984
-6.782308649259934D0,58.12829975027059D0,1648.976191704522D0,    0000011P   5985
-5.908731071174836D0,59.64160040387657D0,1655.934760773254D0,    0000011P   5986
-5.003555852379455D0,61.30198071538968D0,1662.878340147393D0,    0000011P   5987
-4.067134935543089D0,63.13473326197003D0,1669.774231258995D0,    0000011P   5988
-3.098377297251378D0,65.15085332403997D0,1676.605529257492D0,    0000011P   5989
-2.100198056562617D0,67.36936938569468D0,1683.387619906486D0,    0000011P   5990
-1.068293844353222D0,69.82241253193263D0,1687.819132810253D0,    0000011P   5991
-0.3598373630832279D0,71.61106091037698D0,1690.016764842268D0,   0000011P   5992
1.211530875622202D-14,72.55031483200331D0,2.598498561217902D-14, 0000011P   5993
-15.20355097381955D0,83.15280608845463D0,16.68556449807788D0,    0000011P   5994
-15.36858204312977D0,80.16485418426727D0,50.0385325199074D0,     0000011P   5995
-15.69880631530421D0,74.0361680619381D0,99.94519246913337D0,     0000011P   5996
-16.21237137513242D0,64.61268555137295D0,149.9663177971029D0,    0000011P   5997
-16.75329516493606D0,55.13541619854238D0,194.3976524165183D0,    0000011P   5998
-17.2056426048764D0,46.91686641097247D0,233.265241602104D0,      0000011P   5999
-17.54380993007131D0,40.03230647892683D0,266.6150579667299D0,    0000011P   6000
-17.79595802899977D0,34.41560506510837D0,299.957109000747D0,     0000011P   6001
-18.01162002733223D0,29.17622016765888D0,333.2501765817729D0,    0000011P   6002
-18.1925083829281D0,24.40938180957103D0,366.5883454698786D0,     0000011P   6003
-18.34874976257557D0,20.11397904930884D0,405.5281368521978D0,    0000011P   6004
-18.51469091153883D0,15.65939923158437D0,449.9249499089153D0,    0000011P   6005
-18.69855136556994D0,11.38379142037923D0,494.4383165307469D0,    0000011P   6006
-18.84852325006872D0,7.962399752986727D0,533.3017282403276D0,    0000011P   6007
-18.9357469164835D0,5.536547054175102D0,566.636125864938D0,      0000011P   6008
-18.97935300090008D0,3.809380974545192D0,600.0141476709681D0,    0000011P   6009
-18.9910174612787D0,2.409109142899283D0,633.3106684752852D0,     0000011P   6010
-18.96963761870242D0,1.313671255618488D0,666.672912690588D0,     0000011P   6011
-18.9157414707698D0,0.4944342209545596D0,700.0212479270906D0,    0000011P   6012
-18.82954839705452D0,-0.06470615569945437D0,733.3237523447491D0, 0000011P   6013
-18.71128774595386D0,-0.382521154462097D0,766.6560380336055D0,   0000011P   6014
-18.57079148609036D0,-0.4749482603886861D0,805.6053898991136D0,  0000011P   6015
-18.39229517629818D0,-0.3370317264017615D0,850.0047984374868D0,  0000011P   6016
-18.18304170885736D0,0.1503220822298204D0,894.5051504860126D0,   0000011P   6017
-17.92280655926881D0,0.998557383840236D0,933.3428011936521D0,    0000011P   6018
-17.62261158478712D0,1.972763039418254D0,966.6659357396642D0,    0000011P   6019
-17.33404872272336D0,2.962380172676745D0,995.6092440188372D0,    0000011P   6020
-17.07226078748782D0,3.943632057591245D0,1019.998356422285D0,    0000011P   6021
-16.85243374970845D0,4.844953225145062D0,1040.02378894268D0,     0000011P   6022
-16.67122829522567D0,5.625436168635119D0,1059.987389034222D0,    0000011P   6023
-16.48645403974984D0,6.439509933247294D0,1080.008460387071D0,    0000011P   6024
-16.29576600889521D0,7.285603000866203D0,1110.079552403022D0,    0000011P   6025
-15.99585251705114D0,8.599911821435782D0,1149.985321385392D0,    0000011P   6026
-15.55381588301809D0,10.45623822201873D0,1194.55239847374D0,     0000011P   6027
-15.02400013007238D0,12.72161664164011D0,1233.345616341931D0,    0000011P   6028
-14.54593019416935D0,14.84460380833212D0,1266.673089960435D0,    0000011P   6029
-14.12948665059466D0,16.78932394490015D0,1300.08913299533D0,     0000011P   6030
-13.70902857876694D0,18.88989830915573D0,1333.359863724782D0,    0000011P   6031
-13.28304427073771D0,21.15872597181698D0,1366.658328006712D0,    0000011P   6032
-12.84911115883146D0,23.61277049287715D0,1395.627769039482D0,    0000011P   6033
-12.46033414877429D0,25.91484003104693D0,1420.025642719191D0,    0000011P   6034
-12.11706257408247D0,27.96024641275326D0,1440.046274576338D0,    0000011P   6035
-11.82689175050909D0,29.72724175798968D0,1460.048008398158D0,    0000011P   6036
-11.52651657180765D0,31.60442661875918D0,1480.033578635123D0,    0000011P   6037
-11.21490193474787D0,33.61547128451784D0,1496.417500856351D0,    0000011P   6038
-10.94990253177906D0,35.39319991446866D0,1509.086082032597D0,    0000011P   6039
-10.73655155662068D0,36.85651471607294D0,1518.196637052786D0,    0000011P   6040
-10.57946754062762D0,37.94901425991953D0,1527.277323435839D0,    0000011P   6041
-10.4168617829246D0,39.07849107582337D0,1536.361971643781D0,     0000011P   6042
-10.24731809145717D0,40.24869154701563D0,1545.44156301199D0,     0000011P   6043
-10.06909818838204D0,41.45843357691794D0,1554.549011361949D0,    0000011P   6044
-9.880976523365572D0,42.71196047464999D0,1563.611386673298D0,    0000011P   6045
-9.681817088264138D0,44.00018307233949D0,1572.697194082761D0,    0000011P   6046
-9.4691333222381D0,45.33078904517748D0,1581.855604635612D0,      0000011P   6047
-9.24465659026621D0,46.71412260955199D0,1590.63817623413D0,      0000011P   6048
-8.995273778503584D0,48.07639506657541D0,1602.065855687086D0,    0000011P   6049
-8.738179257189351D0,49.9021894849113D0,1606.321426086271D0,     0000011P   6050
-8.254896050225671D0,50.20228396366237D0,1613.700957497347D0,    0000011P   6051
-7.751363677538603D0,51.21159742346912D0,1620.343368138771D0,    0000011P   6052
-7.199766006624539D0,52.16950652398759D0,1627.178831065031D0,    0000011P   6053
-6.61567583553305D0,53.28296547007069D0,1633.962935922153D0,     0000011P   6054
-5.999331853541193D0,54.51246854118083D0,1640.755345394327D0,    0000011P   6055
-5.350976536127069D0,55.88283718136992D0,1647.535474252921D0,    0000011P   6056
-4.673137157746224D0,57.40541782733401D0,1654.268649989079D0,    0000011P   6057
-3.965870972714883D0,59.08639897748518D0,1660.982288419428D0,    0000011P   6058
-3.229875359582151D0,60.95083098203683D0,1667.64269914279D0,     0000011P   6059
-2.464765472334394D0,63.0092660140006D0,1674.23481627871D0,      0000011P   6060
-1.673161071812464D0,65.28040286929581D0,1680.771954256641D0,    0000011P   6061
-0.8522680527208071D0,67.79622762979638D0,1685.037112649093D0,   0000011P   6062
-0.287241472890492D0,69.63306260491119D0,1687.150712800321D0,    0000011P   6063
1.211530875622202D-14,70.59798625566521D0,2.593965910655705D-14, 0000011P   6064
-10.15905246525529D0,83.12882859497542D0,16.68623742763607D0,    0000011P   6065
-10.29102379072811D0,80.14121225995699D0,50.04008178071297D0,    0000011P   6066
-10.54502582782174D0,74.01015404864418D0,99.94464909614129D0,    0000011P   6067
-10.90556895121304D0,64.57832106512132D0,149.9669440036336D0,    0000011P   6068
-11.24935883459708D0,55.09161041449265D0,194.3976543494947D0,    0000011P   6069
-11.51148865880841D0,46.86381927035318D0,233.264995090298D0,     0000011P   6070
-11.68938520911221D0,39.97034315048754D0,266.6147873421842D0,    0000011P   6071
-11.83033706351297D0,34.34561818976235D0,299.9573947628383D0,    0000011P   6072
-11.98299572693835D0,29.09832385657862D0,333.2493069235961D0,    0000011P   6073
-12.17072497641027D0,24.32422542208008D0,366.5877446627922D0,    0000011P   6074
-12.35182787390989D0,20.02195531530025D0,405.5285752525617D0,    0000011P   6075
-12.50749715862435D0,15.55962600749837D0,449.9236757507998D0,    0000011P   6076
-12.53794624052447D0,11.27544883571225D0,494.4386943890659D0,    0000011P   6077
-12.51315124804388D0,7.846008534523719D0,533.3012790219249D0,    0000011P   6078
-12.53967464485252D0,5.41411294483251D0,566.6354234899468D0,     0000011P   6079
-12.57260968952777D0,3.682277872658517D0,600.0145127916891D0,    0000011P   6080
-12.59308418527719D0,2.277849704759163D0,633.3099103645668D0,    0000011P   6081
-12.57823841296114D0,1.178801296685109D0,666.6728319281823D0,    0000011P   6082
-12.53963795228695D0,0.3562804997756217D0,700.0214147889703D0,   0000011P   6083
-12.48864558602712D0,-0.205860238604572D0,733.3231650395381D0,   0000011P   6084
-12.43665342309023D0,-0.5264779636306258D0,766.6554368780867D0,  0000011P   6085
-12.3745042670142D0,-0.6230887283468434D0,805.6058502442355D0,   0000011P   6086
-12.27936758802179D0,-0.4934910374084893D0,850.00338514284D0,    0000011P   6087
-12.12234318224904D0,-0.02313371880661919D0,894.505784148579D0,  0000011P   6088
-11.9134475686629D0,0.8003769163352956D0,933.3417651975337D0,    0000011P   6089
-11.6955676073268D0,1.748161805199914D0,966.6649114886332D0,     0000011P   6090
-11.49991204677158D0,2.710302102244924D0,995.6097213761062D0,    0000011P   6091
-11.33536749106071D0,3.662153736408598D0,1019.997609252687D0,    0000011P   6092
-11.20764178561662D0,4.533755761126656D0,1040.022846357565D0,    0000011P   6093
-11.10635318315143D0,5.286929242190738D0,1059.985791343388D0,    0000011P   6094
-11.00447519053419D0,6.07064863155793D0,1080.00779504865D0,      0000011P   6095
-10.89814565978145D0,6.883347681540428D0,1110.080223314473D0,    0000011P   6096
-10.72524570588728D0,8.142843636540206D0,1149.983053035717D0,    0000011P   6097
-10.44866633370373D0,9.915339951562615D0,1194.553440455744D0,    0000011P   6098
-10.09793766854022D0,12.08094983703973D0,1233.343889246425D0,    0000011P   6099
-9.776479350412496D0,14.11900759847245D0,1266.670864531322D0,    0000011P   6100
-9.491449426899386D0,15.98983666712624D0,1300.089718740567D0,    0000011P   6101
-9.197021957169957D0,18.0128152762708D0,1333.359758595565D0,     0000011P   6102
-8.890486008693102D0,20.1974151742365D0,1366.658974835211D0,     0000011P   6103
-8.585286346194264D0,22.58218564532013D0,1395.629248170432D0,    0000011P   6104
-8.331196110820944D0,24.85604308602339D0,1420.022146621503D0,    0000011P   6105
-8.128414145704252D0,26.91150705111978D0,1440.039463678591D0,    0000011P   6106
-7.963543199447703D0,28.69067057615123D0,1460.039377020484D0,    0000011P   6107
-7.792845490915723D0,30.56675949892624D0,1480.026310807478D0,    0000011P   6108
-7.609408374112528D0,32.54629834668764D0,1496.415901063796D0,    0000011P   6109
-7.443257323626637D0,34.25927809646819D0,1509.089870770984D0,    0000011P   6110
-7.300988252236968D0,35.64194728289556D0,1518.205544141146D0,    0000011P   6111
-7.19300601129282D0,36.66544977484448D0,1527.291291490539D0,     0000011P   6112
-7.078575247501482D0,37.7168883530339D0,1536.380882359677D0,     0000011P   6113
-6.957218889477776D0,38.80231948736651D0,1545.464340297349D0,    0000011P   6114
-6.828245141977255D0,39.92280318524997D0,1554.574709808042D0,    0000011P   6115
-6.691304028095279D0,41.08490047648118D0,1563.637798686654D0,    0000011P   6116
-6.546105265720518D0,42.28165453002552D0,1572.721557896246D0,    0000011P   6117
-6.391458204277653D0,43.52311874028445D0,1581.878269401982D0,    0000011P   6118
-6.228984143736952D0,44.82203841660019D0,1590.641887728112D0,    0000011P   6119
-6.050408064852928D0,46.10586116875168D0,1602.10289682989D0,     0000011P   6120
-5.866472081355571D0,47.85884595562516D0,1606.110514316325D0,    0000011P   6121
-5.532565086076222D0,48.07075467762058D0,1613.304557929852D0,    0000011P   6122
-5.186431972716605D0,49.01132955452412D0,1619.732161629133D0,    0000011P   6123
-4.810350605000703D0,49.91651122731173D0,1626.350547685241D0,    0000011P   6124
-4.414510811234587D0,50.9952145516572D0,1632.910691931044D0,     0000011P   6125
-3.998879680542648D0,52.20647433950688D0,1639.472131973483D0,    0000011P   6126
-3.563426826183308D0,53.57453361364192D0,1646.015366718843D0,    0000011P   6127
-3.109645060733287D0,55.1099601586938D0,1652.504860484736D0,     0000011P   6128
-2.637380516676423D0,56.81809278224429D0,1658.968709222934D0,    0000011P   6129
-2.146906075985142D0,58.72339609480555D0,1665.372285627901D0,    0000011P   6130
-1.637773137590041D0,60.8356356492239D0,1671.702417718174D0,     0000011P   6131
-1.111536171658044D0,63.17283704048816D0,1677.970403517934D0,    0000011P   6132
-0.5661404042651375D0,65.7664978345932D0,1682.052180797559D0,    0000011P   6133
-0.1908167860627898D0,67.66240046211215D0,1684.073021522863D0,   0000011P   6134
1.211530875622202D-14,68.65858831177803D0,2.589433260093508D-14, 0000011P   6135
-5.100422376477643D0,83.11456192642132D0,16.68691035719419D0,    0000011P   6136
-5.154762289385896D0,80.12751378873543D0,50.04163104152313D0,    0000011P   6137
-5.264460871203655D0,73.99490147885707D0,99.94410572315374D0,    0000011P   6138
-5.430942563303119D0,64.55690659428385D0,149.9675702101408D0,    0000011P   6139
-5.595385978300929D0,55.06380767041081D0,194.3976562824539D0,    0000011P   6140
-5.740888476694856D0,46.83050598582474D0,233.2647485785442D0,    0000011P   6141
-5.869001658102842D0,39.93230149956596D0,266.614516717725D0,     0000011P   6142
-5.965865345844311D0,34.30286191664823D0,299.9576805249568D0,    0000011P   6143
-6.03617769000267D0,29.04977962750363D0,333.2484372652259D0,     0000011P   6144
-6.066607786255103D0,24.26845572991977D0,366.5871438553851D0,    0000011P   6145
-6.082660725945734D0,19.95885940665596D0,405.5290136528616D0,    0000011P   6146
-6.114403281491225D0,15.48951644677079D0,449.9224015939124D0,    0000011P   6147
-6.211529327608639D0,11.20204976193541D0,494.4390722482667D0,    0000011P   6148
-6.309327364560592D0,7.770644038549037D0,533.3008298008436D0,    0000011P   6149
-6.342968771890639D0,5.335331939668038D0,566.6347211105168D0,    0000011P   6150
-6.347763005583086D0,3.600222483668219D0,600.014877911021D0,     0000011P   6151
-6.340111605542671D0,2.193167015731902D0,633.30915226384D0,      0000011P   6152
-6.331502747306735D0,1.093161386997196D0,666.6727511823394D0,    0000011P   6153
-6.313436284576894D0,0.2705477558735083D0,700.021581656029D0,    0000011P   6154
-6.277306118815527D0,-0.2914504195411354D0,733.3225776969879D0,  0000011P   6155
-6.214492459103874D0,-0.6123634221571876D0,766.6548356606645D0,  0000011P   6156
-6.144627885956459D0,-0.7106473335451824D0,805.6063105771157D0,  0000011P   6157
-6.077786579470446D0,-0.5856881436187393D0,850.0019720869443D0,  0000011P   6158
-6.054978305442368D0,-0.1259784725972679D0,894.5064179826283D0,  0000011P   6159
-6.00917923421339D0,0.6789859012372403D0,933.3407286779642D0,    0000011P   6160
-5.887524437796864D0,1.603621311276214D0,966.6638863695952D0,    0000011P   6161
-5.758559710978622D0,2.538990997828748D0,995.610198382598D0,     0000011P   6162
-5.652409374690734D0,3.459686386384576D0,1019.996863129675D0,    0000011P   6163
-5.584468529913989D0,4.298104138628602D0,1040.021905996473D0,    0000011P   6164
-5.53793556346233D0,5.020227586739651D0,1059.984196528023D0,     0000011P   6165
-5.496068813398793D0,5.769267797711791D0,1080.007132152768D0,    0000011P   6166
-5.454445134600128D0,6.543980685047103D0,1110.080893547966D0,    0000011P   6167
-5.385310627940859D0,7.741834622465831D0,1149.98077209067D0,     0000011P   6168
-5.261275469550723D0,9.422675695516688D0,1194.554473389785D0,    0000011P   6169
-5.082519419248675D0,11.47722732714109D0,1233.342189838776D0,    0000011P   6170
-4.900957634683094D0,13.41518582560805D0,1266.668685028424D0,    0000011P   6171
-4.742236988094641D0,15.20387326628625D0,1300.090318810353D0,    0000011P   6172
-4.594491926173461D0,17.15420394428092D0,1333.359549366675D0,    0000011P   6173
-4.470530701400688D0,19.28126169285322D0,1366.65944897948D0,     0000011P   6174
-4.344181296740903D0,21.61880055116895D0,1395.630657547843D0,    0000011P   6175
-4.208525356705987D0,23.85650350470543D0,1420.01885923596D0,     0000011P   6176
-4.05901624957994D0,25.88127601605014D0,1440.03309642819D0,      0000011P   6177
-3.929715639309481D0,27.63600553150089D0,1460.031319323077D0,    0000011P   6178
-3.807889739712412D0,29.48902489617339D0,1480.019530333949D0,    0000011P   6179
-3.707871884214856D0,31.44752374056752D0,1496.414449386698D0,    0000011P   6180
-3.655651664797729D0,33.14548937024637D0,1509.093338978736D0,    0000011P   6181
-3.638213778275003D0,34.51792238061069D0,1518.213742385155D0,    0000011P   6182
-3.633789995096039D0,35.53465422824415D0,1527.304149361846D0,    0000011P   6183
-3.634975419686494D0,36.57957812764029D0,1536.398307967963D0,    0000011P   6184
-3.639278551868502D0,37.65858925465638D0,1545.485323405857D0,    0000011P   6185
-3.644100529534566D0,38.77251833996931D0,1554.598410303171D0,    0000011P   6186
-3.647013399747086D0,39.92777275333629D0,1563.662153710209D0,    0000011P   6187
-3.645619056965123D0,41.11705661984348D0,1572.743989856523D0,    0000011P   6188
-3.63706921141574D0,42.35031767238591D0,1581.899351067319D0,     0000011P   6189
-3.619921548598793D0,43.64023093254316D0,1590.644627928967D0,    0000011P   6190
-3.587785594406264D0,44.91300893804378D0,1602.139976656602D0,    0000011P   6191
-3.548798194211641D0,46.65607245490621D0,1605.901225280143D0,    0000011P   6192
-3.423833949136269D0,46.83052946333627D0,1612.912076314307D0,    0000011P   6193
-3.277560918080882D0,47.73615742753182D0,1619.127726171835D0,    0000011P   6194
-3.098410991170838D0,48.60208703578402D0,1625.532430123998D0,    0000011P   6195
-2.892405421314263D0,49.64020993831803D0,1631.872533974123D0,    0000011P   6196
-2.660454091828448D0,50.80911762329458D0,1638.207434035514D0,    0000011P   6197
-2.403468148097697D0,52.1334908359545D0,1644.51869713299D0,      0000011P   6198
-2.123120335165464D0,53.62413485259513D0,1650.769908194244D0,    0000011P   6199
-1.82026005802876D0,55.28655493369844D0,1656.989827089807D0,     0000011P   6200
-1.495950096428893D0,57.1456460938057D0,1663.142873393403D0,     0000011P   6201
-1.150892488586256D0,59.21140340932837D0,1669.217752806172D0,    0000011P   6202
-0.7867908083394032D0,61.50219541805528D0,1675.223730730639D0,   0000011P   6203
-0.4035440074814205D0,64.05004731383265D0,1679.127153578255D0,   0000011P   6204
-0.1364233328555067D0,65.91581772600409D0,1681.05781146837D0,    0000011P   6205
1.211530875622202D-14,66.89714671971191D0,2.586411493052046D-14, 0000011P   6206
-1.697608789740541D0,83.11130325474801D0,16.68735897689973D0,    0000011P   6207
-1.717133653759746D0,80.12506391997913D0,50.04266388205706D0,    0000011P   6208
-1.755797225625455D0,73.99233460041843D0,99.94374347448931D0,    0000011P   6209
-1.812963469067438D0,64.55191476591558D0,149.9679876811782D0,    0000011P   6210
-1.868682740066468D0,55.05667173966496D0,194.3976575711171D0,    0000011P   6211
-1.915435459532393D0,46.82161647952287D0,233.2645842373031D0,    0000011P   6212
-1.953394488868733D0,39.92172148480974D0,266.6143363012996D0,    0000011P   6213
-1.982485926889747D0,34.29054100753554D0,299.9578710329985D0,    0000011P   6214
-2.006655468355188D0,29.03544990880826D0,333.2478574932462D0,    0000011P   6215
-2.024491599474335D0,24.25190212626511D0,366.5867433175564D0,    0000011P   6216
-2.038876824805032D0,19.94000052074398D0,405.5293059198166D0,    0000011P   6217
-2.055049192515652D0,15.46809549292779D0,449.9215521542924D0,    0000011P   6218
-2.077501083370883D0,11.17832745903185D0,494.4393241531834D0,    0000011P   6219
-2.096746651818346D0,7.744829973551305D0,533.300530323819D0,     0000011P   6220
-2.10549305384652D0,5.307775486129344D0,566.634252863689D0,      0000011P   6221
-2.108508474512101D0,3.571567336528915D0,600.0151213258255D0,    0000011P   6222
-2.108128599425553D0,2.16426122080955D0,633.3086468495656D0,     0000011P   6223
-2.105404806397224D0,1.065325973793946D0,666.6726973289192D0,    0000011P   6224
-2.099232077881738D0,0.2447790095573481D0,700.0216928935879D0,   0000011P   6225
-2.088470628412321D0,-0.3143622240721413D0,733.3221861868206D0,  0000011P   6226
-2.071979536997572D0,-0.6318634256238198D0,766.6544349344833D0,  0000011P   6227
-2.053381682474711D0,-0.7274798521912658D0,805.6066174825971D0,  0000011P   6228
-2.033444801472702D0,-0.6017804292390991D0,850.0010297201773D0,  0000011P   6229
-2.019150749165073D0,-0.1467482113902037D0,894.5068403019961D0,  0000011P   6230
-1.996797996974102D0,0.6472727765028878D0,933.340038387338D0,    0000011P   6231
-1.957705635793986D0,1.557977118194202D0,966.6632041548482D0,    0000011P   6232
-1.918490630073978D0,2.476425695797246D0,995.6105168710369D0,    0000011P   6233
-1.88618169214944D0,3.376370260452859D0,1019.996364269929D0,     0000011P   6234
-1.864386481753269D0,4.191832959948286D0,1040.021276019681D0,    0000011P   6235
-1.848681798902524D0,4.89193198127569D0,1059.983129349316D0,     0000011P   6236
-1.833828577687984D0,5.615766366897518D0,1080.006686851206D0,    0000011P   6237
-1.81854013008934D0,6.36218730387381D0,1110.081341305951D0,      0000011P   6238
-1.792875775270351D0,7.512980015302645D0,1149.97926884364D0,     0000011P   6239
-1.747538028570896D0,9.120807164385255D0,1194.555174499664D0,    0000011P   6240
-1.689112316062042D0,11.09529924221185D0,1233.341018688051D0,    0000011P   6241
-1.638384851957749D0,12.97643333496254D0,1266.667168643256D0,    0000011P   6242
-1.591056442331992D0,14.71614838613998D0,1300.090699087421D0,    0000011P   6243
-1.535665937138246D0,16.60791689090399D0,1333.359553549763D0,    0000011P   6244
-1.46748357728171D0,18.65721225924888D0,1366.66000339892D0,      0000011P   6245
-1.408836315914617D0,20.9399104505402D0,1395.631693400351D0,     0000011P   6246
-1.385325564151088D0,23.18670117770101D0,1420.016379599844D0,    0000011P   6247
-1.396757734132412D0,25.28227735702262D0,1440.028239312375D0,    0000011P   6248
-1.406201514118661D0,27.10163237959927D0,1460.025155782836D0,    0000011P   6249
-1.39627106971261D0,28.9933555112213D0,1480.014337415892D0,      0000011P   6250
-1.347583146989738D0,30.93218329312123D0,1496.413277186319D0,    0000011P   6251
-1.260110377776473D0,32.53964403033185D0,1509.096093484827D0,    0000011P   6252
-1.155819427999179D0,33.7841495204212D0,1518.220186164459D0,     0000011P   6253
-1.06752983524848D0,34.68788025302461D0,1527.314253451442D0,     0000011P   6254
-0.9683659152403458D0,35.60283463467315D0,1536.411974652268D0,   0000011P   6255
-0.8609950816000495D0,36.53936166821916D0,1545.501788306581D0,   0000011P   6256
-0.7480489606429915D0,37.50270058954423D0,1554.616968025701D0,   0000011P   6257
-0.6322161484078671D0,38.50371768473779D0,1563.681229265122D0,   0000011P   6258
-0.5161951900655964D0,39.53945240599177D0,1572.761610666966D0,   0000011P   6259
-0.4025345693764287D0,40.62434340155561D0,1581.915590364712D0,   0000011P   6260
-0.2942514285248823D0,41.77558019085898D0,1590.64779522106D0,    0000011P   6261
-0.1927135231595136D0,42.92311328662225D0,1602.164643153023D0,   0000011P   6262
-0.09622161785195865D0,44.55072245579731D0,1605.759459704652D0,  0000011P   6263
0.01062367767649473D0,44.61451794503073D0,1612.645014698617D0,   0000011P   6264
0.09930348878476474D0,45.44314705374745D0,1618.715424402116D0,   0000011P   6265
0.1694710532237954D0,46.26674021423977D0,1624.972988466953D0,    0000011P   6266
0.220557504216791D0,47.29729813915571D0,1631.160988390491D0,     0000011P   6267
0.2536977648505677D0,48.49124130018751D0,1637.338748670674D0,    0000011P   6268
0.270026337522936D0,49.87166679027107D0,1643.48857045841D0,      0000011P   6269
0.2704238580786583D0,51.44766274620287D0,1649.573474801843D0,    0000011P   6270
0.256045409044643D0,53.22296992978693D0,1655.622686564411D0,     0000011P   6271
0.227974948033035D0,55.22089482430592D0,1661.600012286407D0,     0000011P   6272
0.1874166798296156D0,57.4497100546033D0,1667.495431837773D0,     0000011P   6273
0.1352409640141128D0,59.92613731972315D0,1673.316877920329D0,    0000011P   6274
0.07291970084807609D0,62.68067809813454D0,1677.094460439959D0,   0000011P   6275
0.0251871034031401D0,64.69703102296923D0,1678.961440460874D0,    0000011P   6276
1.211530875622202D-14,65.75660650229887D0,2.584900609531315D-14, 0000011P   6277
1.001976279724204D-14,83.11119659226682D0,16.68758328675233D0,   0000011P   6278
1.001976279724204D-14,80.12543189097386D0,50.04318030232343D0,   0000011P   6279
1.001978913830441D-14,73.99282519751549D0,99.94356235015636D0,   0000011P   6280
1.001978913830441D-14,64.55156703766072D0,149.9681964166973D0,   0000011P   6281
1.001963143050492D-14,55.05570906618358D0,194.3976582154493D0,   0000011P   6282
1.001966645900511D-14,46.82030784251978D0,233.2645020666811D0,   0000011P   6283
1.002005344956614D-14,39.92015990667208D0,266.6142460930844D0,   0000011P   6284
1.002024504947309D-14,34.28860727547266D0,299.9579662870184D0,   0000011P   6285
1.001991423888578D-14,29.03290445327728D0,333.2475676072621D0,   0000011P   6286
1.001868197032268D-14,24.2484363220939D0,366.5865430486514D0,    0000011P   6287
1.001797210991843D-14,19.93550486425903D0,405.529452053296D0,    0000011P   6288
1.001940609787676D-14,15.46253506455076D0,449.9211274344465D0,   0000011P   6289
1.002662209150648D-14,11.17218564244101D0,494.439450105616D0,    0000011P   6290
1.002468776345468D-14,7.738239542172096D0,533.3003805853848D0,   0000011P   6291
1.000480819798476D-14,5.300596686780494D0,566.6340187404045D0,   0000011P   6292
9.994979486898017D-15,3.564041003771266D0,600.0152430332681D0,   0000011P   6293
1.001201026662661D-14,2.156894490140331D0,633.3083941421367D0,   0000011P   6294
1.007556032104622D-14,1.058986071261984D0,666.6726704017259D0,   0000011P   6295
1.011225088466519D-14,0.2400904722310742D0,700.0217485122164D0,  0000011P   6296
1.004867765132602D-14,-0.3169579661173287D0,733.321990432827D0,  0000011P   6297
9.811246605807003D-15,-0.6321230194466097D0,766.6542345731998D0, 0000011P   6298
9.67407932530205D-15,-0.7257469216860386D0,805.6067709356952D0,  0000011P   6299
9.951404341833154D-15,-0.5988019647694074D0,850.0005585298256D0, 0000011P   6300
1.135300425432512D-14,-0.1448506986903624D0,894.507051456675D0,  0000011P   6301
1.097736151472685D-14,0.644784066384716D0,933.3396932573027D0,   0000011P   6302
7.096699264042144D-15,1.548994151613741D0,966.6628630728089D0,   0000011P   6303
2.902681207450482D-15,2.458877294747964D0,995.6106761254941D0,   0000011P   6304
-1.154444681749137D-16,3.347757876919673D0,1019.99611480951D0,   0000011P   6305
-1.322849287664748D-15,4.150648562919471D0,1040.020960966374D0,  0000011P   6306
-1.684857748038362D-15,4.838761069083503D0,1059.982595676039D0,  0000011P   6307
-1.622977966286433D-15,5.549178210873819D0,1080.006464129137D0,  0000011P   6308
-1.34070253307784D-15,6.281036223892485D0,1110.081565204731D0,   0000011P   6309
-8.909298997826155D-16,7.408625822078648D0,1149.978517587739D0,  0000011P   6310
-9.47706503825936D-16,8.983454955897173D0,1194.555525318681D0,   0000011P   6311
8.991428309800969D-16,10.91486414937977D0,1233.340432304578D0,   0000011P   6312
6.077418728881983D-15,12.75115147737557D0,1266.666409110248D0,   0000011P   6313
8.373763697305331D-15,14.45792734046262D0,1300.090888807873D0,   0000011P   6314
3.908617315109596D-15,16.33278343759312D0,1333.359558679607D0,   0000011P   6315
-1.198786655354389D-14,18.3917386407002D0,1366.66028564868D0,    0000011P   6316
-2.946793185671399D-14,20.67595778151721D0,1395.632213362464D0,  0000011P   6317
-3.738385958200302D-14,22.88675008143223D0,1420.01513369022D0,   0000011P   6318
-3.332139743079719D-14,24.90575737006042D0,1440.025797805977D0,  0000011P   6319
-2.551627209441411D-14,26.66294618035905D0,1460.022057269024D0,  0000011P   6320
-1.541198739048274D-14,28.52214222120354D0,1480.011726732726D0,  0000011P   6321
-5.182723787221311D-15,30.48710283734123D0,1496.412686763166D0,  0000011P   6322
1.517860130392049D-15,32.18779677448001D0,1509.097480093023D0,   0000011P   6323
4.774622193558265D-15,33.55919568302054D0,1518.22342874276D0,    0000011P   6324
6.328349746590345D-15,34.57386278279061D0,1527.319337898552D0,   0000011P   6325
7.205338034845266D-15,35.61528014388111D0,1536.41885133944D0,    0000011P   6326
7.509030251311875D-15,36.6893725250914D0,1545.510073122595D0,    0000011P   6327
7.342869588979018D-15,37.79693225735498D0,1554.626305200062D0,   0000011P   6328
6.810299240835537D-15,38.94440392737689D0,1563.690827078808D0,   0000011P   6329
6.01476239987029D-15,40.12434349335148D0,1572.770477456124D0,    0000011P   6330
5.059702259072102D-15,41.34678390365487D0,1581.923756218507D0,   0000011P   6331
4.048562011429841D-15,42.62452076909135D0,1590.649407215704D0,   0000011P   6332
3.084784849932333D-15,43.88272243232668D0,1602.176975272186D0,   0000011P   6333
2.186744250222598D-15,45.61177492907034D0,1605.688529555065D0,   0000011P   6334
1.559352041779948D-15,45.74433123278308D0,1612.511369539658D0,   0000011P   6335
1.27407243973272D-15,46.61013459893149D0,1618.509075894269D0,    0000011P   6336
1.342662289207567D-15,47.43181225785457D0,1624.692970934266D0,   0000011P   6337
1.722589433465019D-15,48.42415417250991D0,1630.80480447733D0,    0000011P   6338
2.371321715765636D-15,49.54523002545359D0,1636.903865587023D0,   0000011P   6339
3.246326979369973D-15,50.82007980256716D0,1642.972823050597D0,   0000011P   6340
4.305073067538582D-15,52.25966778999479D0,1648.97441644972D0,    0000011P   6341
5.505027823532007D-15,53.86958721929962D0,1654.938103617581D0,   0000011P   6342
6.803659090610799D-15,55.67508502723312D0,1660.827385051058D0,   0000011P   6343
8.158434712035504D-15,57.68630733195288D0,1666.632878177792D0,   0000011P   6344
9.526822531066684D-15,59.92188713222869D0,1672.361849822547D0,   0000011P   6345
1.086629039096489D-14,62.41429876793917D0,1676.076365467214D0,   0000011P   6346
1.171163422031541D-14,64.24291137850732D0,1677.911431351989D0,   0000011P   6347
1.211530875622202D-14,65.20570447321859D0,0.0D0,                 0000011P   6348
1779.448073549223D0,0.0D0,352.92722666726D0;                     0000011P   6349
S0000001G0000012D0000012P0006349                                        T      1
