                                                                        S      1
1H,,1H;,,                                                               G      1
124HM:\3me\mtt\SHS\lopende-projecten\2010\2010-04-DSYHS DB\Geometrieen DG      2
SYHS\Rhino modellen na inmeten 2012\SYSSER45_surface.igs,               G      3
26HRhinoceros ( Mar  9 2011 ),31HTrout Lake IGES 012 Mar  9 2011,       G      4
32,38,6,308,15,                                                         G      5
,                                                                       G      6
1.0D0,2,2HMM,1,0.254D0,13H121122.131903,                                G      7
0.001D0,                                                                G      8
1830.81754642198D0,                                                     G      9
,                                                                       G     10
,                                                                       G     11
10,0,13H121122.131903;                                                  G     12
     314       1       0       0       0       0       0       000000200D      1
     314       0       1       1       0       0       0   COLOR       0D      2
     314       2       0       0       0       0       0       000000200D      3
     314       0       5       1       0       0       0   COLOR       0D      4
     406       3       0       0       1       0       0       000000300D      5
     406       0      -1       1       3       0       0LEVELDEF       0D      6
     406       4       0       0       2       0       0       000000300D      7
     406       0      -3       1       3       0       0LEVELDEF       0D      8
     128       5       0       0       1       0       0       000000000D      9
     128       0      -1     160       8       0       0 TrimSrf       0D     10
     128     165       0       0       1       0       0       000000000D     11
     128       0      -1    6877       0       0       0 TrimSrf       0D     12
314,0.0,0.0,0.0,20HRGB(   0,   0,   0 );                         0000001P      1
314,100.0,100.0,0.0,20HRGB( 255, 255,   0 );                     0000003P      2
406,2,1,7HDefault;                                               0000005P      3
406,2,2,12HIGES level 0;                                         0000007P      4
128,1,61,1,3,0,0,1,0,0,0.0D0,0.0D0,117.9114826086981D0,          0000009P      5
117.9114826086981D0,-308.7994917223637D0,-308.7994917223637D0,   0000009P      6
-308.7994917223637D0,-308.7994917223637D0,-303.5656020321541D0,  0000009P      7
-298.3317123419445D0,-293.097822651735D0,-287.8639329615255D0,   0000009P      8
-282.6300432713159D0,-277.3961535811063D0,-272.1622638908968D0,  0000009P      9
-266.9283742006872D0,-261.6944845104777D0,-256.4605948202681D0,  0000009P     10
-251.2267051300586D0,-245.992815439849D0,-240.7589257496395D0,   0000009P     11
-235.5250360594299D0,-230.2911463692203D0,-225.0572566790108D0,  0000009P     12
-219.8233669888012D0,-214.5894772985917D0,-209.3555876083821D0,  0000009P     13
-204.1216979181726D0,-198.887808227963D0,-193.6539185377535D0,   0000009P     14
-188.4200288475439D0,-183.1861391573344D0,-177.9522494671248D0,  0000009P     15
-172.7183597769153D0,-167.4844700867057D0,-162.2505803964962D0,  0000009P     16
-157.0166907062866D0,-151.7828010160771D0,-146.5489113258675D0,  0000009P     17
-141.315021635658D0,-136.0811319454484D0,-130.8472422552388D0,   0000009P     18
-125.6133525650293D0,-120.3794628748197D0,-115.1455731846102D0,  0000009P     19
-109.9116834944006D0,-104.6777938041911D0,-99.44390411398152D0,  0000009P     20
-94.21001442377197D0,-88.97612473356242D0,-83.74223504335285D0,  0000009P     21
-78.5083453531433D0,-73.27445566293375D0,-68.0405659727242D0,    0000009P     22
-62.80667628251464D0,-57.57278659230509D0,-52.33889690209553D0,  0000009P     23
-47.10500721188598D0,-41.87111752167643D0,-36.63722783146687D0,  0000009P     24
-31.40333814125732D0,-26.16944845104777D0,-20.93555876083821D0,  0000009P     25
-15.70166907062866D0,-10.46777938041911D0,-5.233889690209553D0,  0000009P     26
0.0D0,0.0D0,0.0D0,0.0D0,1.0D0,1.0D0,1.0D0,1.0D0,1.0D0,1.0D0,     0000009P     27
1.0D0,1.0D0,1.0D0,1.0D0,1.0D0,1.0D0,1.0D0,1.0D0,1.0D0,1.0D0,     0000009P     28
1.0D0,1.0D0,1.0D0,1.0D0,1.0D0,1.0D0,1.0D0,1.0D0,1.0D0,1.0D0,     0000009P     29
1.0D0,1.0D0,1.0D0,1.0D0,1.0D0,1.0D0,1.0D0,1.0D0,1.0D0,1.0D0,     0000009P     30
1.0D0,1.0D0,1.0D0,1.0D0,1.0D0,1.0D0,1.0D0,1.0D0,1.0D0,1.0D0,     0000009P     31
1.0D0,1.0D0,1.0D0,1.0D0,1.0D0,1.0D0,1.0D0,1.0D0,1.0D0,1.0D0,     0000009P     32
1.0D0,1.0D0,1.0D0,1.0D0,1.0D0,1.0D0,1.0D0,1.0D0,1.0D0,1.0D0,     0000009P     33
1.0D0,1.0D0,1.0D0,1.0D0,1.0D0,1.0D0,1.0D0,1.0D0,1.0D0,1.0D0,     0000009P     34
1.0D0,1.0D0,1.0D0,1.0D0,1.0D0,1.0D0,1.0D0,1.0D0,1.0D0,1.0D0,     0000009P     35
1.0D0,1.0D0,1.0D0,1.0D0,1.0D0,1.0D0,1.0D0,1.0D0,1.0D0,1.0D0,     0000009P     36
1.0D0,1.0D0,1.0D0,1.0D0,1.0D0,1.0D0,1.0D0,1.0D0,1.0D0,1.0D0,     0000009P     37
1.0D0,1.0D0,1.0D0,1.0D0,1.0D0,1.0D0,1.0D0,1.0D0,1.0D0,1.0D0,     0000009P     38
1.0D0,1.0D0,1.0D0,1.0D0,1.0D0,1.0D0,1.0D0,1.0D0,                 0000009P     39
-257.3430754080168D0,-3.462774383041045D-14,216.5489002416643D0, 0000009P     40
-257.3430754080168D0,-3.462774383041045D-14,216.5489002416643D0, 0000009P     41
-257.3439781200249D0,-3.462808650926333D-14,217.242804760073D0,  0000009P     42
-257.2450436466094D0,-1.047410699357351D0,216.5255205625475D0,   0000009P     43
-257.3457835440411D0,-3.462877186696909D-14,218.6306137968903D0, 0000009P     44
-257.0657450581609D0,-3.136641737431878D0,216.5083403366576D0,   0000009P     45
-257.3484916800654D0,-3.462979990352773D-14,220.7123273521164D0, 0000009P     46
-256.8549674908057D0,-6.3223038837322D0,216.5748757278849D0,     0000009P     47
-257.3511998160896D0,-3.463082794008637D-14,222.7940409073424D0, 0000009P     48
-256.7196183038569D0,-9.459796208580045D0,216.7328503870584D0,   0000009P     49
-257.3539079521139D0,-3.463185597664501D-14,224.8757544625684D0, 0000009P     50
-256.6710715461744D0,-12.61768566638181D0,216.9869235763405D0,   0000009P     51
-257.3566160881381D0,-3.463288401320365D-14,226.9574680177944D0, 0000009P     52
-256.6805207971997D0,-15.75520692081888D0,217.3307097702482D0,   0000009P     53
-257.3593242241624D0,-3.463391204976229D-14,229.0391815730205D0, 0000009P     54
-256.7123826290408D0,-18.92344583154692D0,217.7667761805159D0,   0000009P     55
-257.3620323601867D0,-3.463494008632093D-14,231.1208951282465D0, 0000009P     56
-256.7262255622509D0,-22.02562367899757D0,218.2754396167719D0,   0000009P     57
-257.364740496211D0,-3.463596812287957D-14,233.2026086834725D0,  0000009P     58
-256.7216651601684D0,-25.16373264744265D0,218.8744130321899D0,   0000009P     59
-257.3674486322352D0,-3.463699615943821D-14,235.2843222386986D0, 0000009P     60
-256.7103355887968D0,-28.25686360560755D0,219.5537834388881D0,   0000009P     61
-257.3701567682595D0,-3.463802419599685D-14,237.3660357939246D0, 0000009P     62
-256.7025346725377D0,-31.3175588083896D0,220.3171942066712D0,    0000009P     63
-257.3728649042837D0,-3.463905223255549D-14,239.4477493491506D0, 0000009P     64
-256.7001783199007D0,-34.36199759709598D0,221.1707988740551D0,   0000009P     65
-257.375573040308D0,-3.464008026911413D-14,241.5294629043767D0,  0000009P     66
-256.6998224340661D0,-37.40977553292375D0,222.1242335963479D0,   0000009P     67
-257.3782811763323D0,-3.464110830567277D-14,243.6111764596027D0, 0000009P     68
-256.698855461265D0,-40.39294165811386D0,223.1576321399009D0,    0000009P     69
-257.3809893123565D0,-3.464213634223141D-14,245.6928900148287D0, 0000009P     70
-256.6962003369685D0,-43.3683256325729D0,224.2906341372641D0,    0000009P     71
-257.3836974483808D0,-3.464316437879005D-14,247.7746035700548D0, 0000009P     72
-256.6929792142832D0,-46.23787436572761D0,225.4801248115314D0,   0000009P     73
-257.3864055844051D0,-3.464419241534869D-14,249.8563171252808D0, 0000009P     74
-256.6896700229983D0,-49.16109978221612D0,226.7899607721402D0,   0000009P     75
-257.3891137204294D0,-3.464522045190733D-14,251.9380306805068D0, 0000009P     76
-256.6868272378595D0,-52.01927830092298D0,228.1747621041812D0,   0000009P     77
-257.3918218564536D0,-3.464624848846597D-14,254.0197442357328D0, 0000009P     78
-256.6841650282418D0,-54.79979767389104D0,229.6356826402184D0,   0000009P     79
-257.3945299924778D0,-3.464727652502461D-14,256.1014577909589D0, 0000009P     80
-256.6814477439306D0,-57.56611782799112D0,231.2193899735696D0,   0000009P     81
-257.3972381285021D0,-3.464830456158326D-14,258.1831713461849D0, 0000009P     82
-256.6785758406668D0,-60.26133417049969D0,232.907101024105D0,    0000009P     83
-257.3999462645264D0,-3.46493325981419D-14,260.2648849014109D0,  0000009P     84
-256.6756579908334D0,-62.85778458439982D0,234.6758548896167D0,   0000009P     85
-257.4026544005507D0,-3.465036063470053D-14,262.3465984566369D0, 0000009P     86
-256.6726701466269D0,-65.41435727265196D0,236.5680694915661D0,   0000009P     87
-257.4053625365749D0,-3.465138867125917D-14,264.428312011863D0,  0000009P     88
-256.6697105131061D0,-67.88425485977179D0,238.552402150137D0,    0000009P     89
-257.4080706725992D0,-3.465241670781781D-14,266.510025567089D0,  0000009P     90
-256.6667425465162D0,-70.28531736775909D0,240.6403730445501D0,   0000009P     91
-257.4107788086234D0,-3.465344474437645D-14,268.5917391223151D0, 0000009P     92
-256.6638358168456D0,-72.55635481130682D0,242.769798397989D0,    0000009P     93
-257.4134869446477D0,-3.465447278093509D-14,270.673452677541D0,  0000009P     94
-256.6608330714915D0,-74.81012167963763D0,245.0451321231499D0,   0000009P     95
-257.416195080672D0,-3.465550081749373D-14,272.7551662327671D0,  0000009P     96
-256.6578494014149D0,-76.95934260369693D0,247.3845136207986D0,   0000009P     97
-257.4189032166962D0,-3.465652885405237D-14,274.8368797879931D0, 0000009P     98
-256.6549241285492D0,-78.98584814841543D0,249.7528958435448D0,   0000009P     99
-257.4216113527205D0,-3.465755689061101D-14,276.9185933432191D0, 0000009P    100
-256.6519070971054D0,-80.9943939829341D0,252.2768164463322D0,    0000009P    101
-257.4243194887447D0,-3.465858492716966D-14,279.0003068984452D0, 0000009P    102
-256.6489744655268D0,-82.86734730657894D0,254.8087054833775D0,   0000009P    103
-257.427027624769D0,-3.46596129637283D-14,281.0820204536712D0,   0000009P    104
-256.646063775697D0,-84.65167351563875D0,257.3940277604274D0,    0000009P    105
-257.4297357607933D0,-3.466064100028694D-14,283.1637340088972D0, 0000009P    106
-256.6430981207025D0,-86.39007766928202D0,260.1038559416749D0,   0000009P    107
-257.4324438968176D0,-3.466166903684558D-14,285.2454475641233D0, 0000009P    108
-256.6402744571777D0,-87.97358540046088D0,262.7519508215502D0,   0000009P    109
-257.4351520328418D0,-3.466269707340422D-14,287.3271611193493D0, 0000009P    110
-256.6373411960132D0,-89.54689680630749D0,265.5712799051867D0,   0000009P    111
-257.4378601688661D0,-3.466372510996286D-14,289.4088746745754D0, 0000009P    112
-256.6344917313068D0,-91.00436439279221D0,268.3781770366513D0,   0000009P    113
-257.4405683048904D0,-3.46647531465215D-14,291.4905882298014D0,  0000009P    114
-256.631663295861D0,-92.39103794980433D0,271.2221534404901D0,    0000009P    115
-257.4432764409146D0,-3.466578118308014D-14,293.5723017850274D0, 0000009P    116
-256.6288588515881D0,-93.71796021094414D0,274.0881070501458D0,   0000009P    117
-257.4459845769389D0,-3.466680921963878D-14,295.6540153402534D0, 0000009P    118
-256.6260834656039D0,-94.99710931355217D0,276.9569741878688D0,   0000009P    119
-257.4486927129631D0,-3.466783725619742D-14,297.7357288954794D0, 0000009P    120
-256.6232726095737D0,-96.26650165500659D0,279.8874742631114D0,   0000009P    121
-257.4514008489874D0,-3.466886529275607D-14,299.8174424507055D0, 0000009P    122
-256.6205278304539D0,-97.48415483877795D0,282.770060325069D0,    0000009P    123
-257.4541089850117D0,-3.466989332931471D-14,301.8991560059315D0, 0000009P    124
-256.6177006108069D0,-98.72046055540066D0,285.7564119877243D0,   0000009P    125
-257.456817121036D0,-3.467092136587334D-14,303.9808695611575D0,  0000009P    126
-256.6150006476912D0,-99.88707224682152D0,288.6218322155607D0,   0000009P    127
-257.4595252570602D0,-3.467194940243198D-14,306.0625831163836D0, 0000009P    128
-256.6122037184652D0,-101.081069846839D0,291.6040842193608D0,    0000009P    129
-257.4622333930844D0,-3.467297743899062D-14,308.1442966716096D0, 0000009P    130
-256.6094471733717D0,-102.2432141266378D0,294.5572910073718D0,   0000009P    131
-257.4649415291087D0,-3.467400547554926D-14,310.2260102268356D0, 0000009P    132
-256.6067409204985D0,-103.370713495616D0,297.4695029221706D0,    0000009P    133
-257.467649665133D0,-3.46750335121079D-14,312.3077237820617D0,   0000009P    134
-256.603972882387D0,-104.5098697904828D0,300.4617064854884D0,    0000009P    135
-257.4703578011573D0,-3.467606154866654D-14,314.3894373372877D0, 0000009P    136
-256.6012780889648D0,-105.6053930468738D0,303.3876695696374D0,   0000009P    137
-257.4730659371815D0,-3.467708958522518D-14,316.4711508925137D0, 0000009P    138
-256.5984955576328D0,-106.7226264025705D0,306.422283885864D0,    0000009P    139
-257.4757740732058D0,-3.467811762178382D-14,318.5528644477397D0, 0000009P    140
-256.5958089268322D0,-107.7887134617892D0,309.364432128575D0,    0000009P    141
-257.47848220923D0,-3.467914565834247D-14,320.6345780029658D0,   0000009P    142
-256.5930740158688D0,-108.8621679139411D0,312.370759395343D0,    0000009P    143
-257.4811903452543D0,-3.468017369490111D-14,322.7162915581918D0, 0000009P    144
-256.5903956284131D0,-109.9026011537057D0,315.3253443779954D0,   0000009P    145
-257.4838984812786D0,-3.468120173145975D-14,324.7980051134178D0, 0000009P    146
-256.5876704157142D0,-110.9507952763995D0,318.341583696575D0,    0000009P    147
-257.4866066173028D0,-3.468222976801839D-14,326.8797186686438D0, 0000009P    148
-256.5849762161413D0,-111.9770615279453D0,321.3330868969628D0,   0000009P    149
-257.4893147533271D0,-3.468325780457703D-14,328.9614322238699D0, 0000009P    150
-256.5822778636872D0,-112.9956153351322D0,324.3381142492769D0,   0000009P    151
-257.4920228893514D0,-3.468428584113567D-14,331.0431457790959D0, 0000009P    152
-256.5795852834241D0,-114.0025393588954D0,327.3457765414678D0,   0000009P    153
-257.4947310253756D0,-3.46853138776943D-14,333.124859334322D0,   0000009P    154
-256.5769307454972D0,-114.9860398554855D0,330.3197645451936D0,   0000009P    155
-257.4974391613998D0,-3.468634191425293D-14,335.2065728895479D0, 0000009P    156
-256.5742279240412D0,-115.9777396867607D0,333.3571385169868D0,   0000009P    157
-257.5001472974241D0,-3.468736995081158D-14,337.2882864447739D0, 0000009P    158
-256.5715678752524D0,-116.9451443225495D0,336.3546938153118D0,   0000009P    159
-257.5019527214403D0,-3.468805530851735D-14,338.6760954815914D0, 0000009P    160
-256.5697874310743D0,-117.5879570618821D0,338.3655455524177D0,   0000009P    161
-257.5028554334484D0,-3.468839798737022D-14,339.37D0,            0000009P    162
-256.568898893906D0,-117.907783696258D0,339.37D0,0.0D0,          0000009P    163
117.9114826086981D0,-308.7994917223637D0,0.0D0;                  0000009P    164
128,99,61,3,3,0,0,1,0,0,0.0D0,0.0D0,0.0D0,0.0D0,                 0000011P    165
43.95076329696412D0,87.90152659392824D0,131.9006166236672D0,     0000011P    166
175.8997066534061D0,220.0261056665009D0,264.1525046795958D0,     0000011P    167
308.2728291522636D0,352.3931536249314D0,396.3932210838766D0,     0000011P    168
440.3932885428218D0,469.5878697984846D0,498.7824510541475D0,     0000011P    169
527.9770323098104D0,556.9894512077481D0,586.0018701056856D0,     0000011P    170
615.0142890036233D0,643.8418657825901D0,672.6694425615569D0,     0000011P    171
701.4970193405237D0,744.5255740079783D0,787.5541286754329D0,     0000011P    172
816.1483587891771D0,844.7425889029212D0,873.3368190166653D0,     0000011P    173
916.1533014653019D0,958.9697839139383D0,987.5010099838829D0,     0000011P    174
1016.032236053828D0,1044.563462123772D0,1087.386836990181D0,     0000011P    175
1130.210211856589D0,1173.097070678346D0,1215.983929500103D0,     0000011P    176
1258.962819118679D0,1301.941708737254D0,1345.035190857195D0,     0000011P    177
1388.128672977136D0,1416.944706968356D0,1445.760740959576D0,     0000011P    178
1474.576774950796D0,1517.945878001744D0,1561.314981052692D0,     0000011P    179
1604.845585724648D0,1648.376190396603D0,1677.5141479067D0,       0000011P    180
1706.652105416797D0,1735.790062926893D0,1765.056583751895D0,     0000011P    181
1794.323104576896D0,1823.589625401897D0,1826.539630607696D0,     0000011P    182
1829.489635813495D0,1832.439641019294D0,1835.389646225093D0,     0000011P    183
1838.339651430892D0,1841.289656636691D0,1844.23966184249D0,      0000011P    184
1847.189667048289D0,1850.139672254088D0,1853.089677459887D0,     0000011P    185
1856.039682665686D0,1858.989687871485D0,1861.939693077284D0,     0000011P    186
1864.889698283083D0,1867.839703488882D0,1870.789708694681D0,     0000011P    187
1873.73971390048D0,1876.689719106279D0,1879.639724312077D0,      0000011P    188
1882.589729517876D0,1885.539734723675D0,1888.489739929474D0,     0000011P    189
1891.439745135273D0,1894.389750341072D0,1897.339755546871D0,     0000011P    190
1900.28976075267D0,1903.239765958469D0,1906.189771164268D0,      0000011P    191
1909.139776370067D0,1912.089781575866D0,1919.431000159491D0,     0000011P    192
1926.772218743116D0,1934.113437326741D0,1941.454655910366D0,     0000011P    193
1948.795874493991D0,1956.137093077616D0,1963.478311661241D0,     0000011P    194
1970.819530244866D0,1978.160748828491D0,1985.501967412116D0,     0000011P    195
1992.843185995741D0,2000.184404579366D0,2007.525623162991D0,     0000011P    196
2014.866841746616D0,2022.208060330241D0,2029.549278913866D0,     0000011P    197
2036.890497497491D0,2036.890497497491D0,2036.890497497491D0,     0000011P    198
2036.890497497491D0,0.0D0,0.0D0,0.0D0,0.0D0,5.233889690209553D0, 0000011P    199
10.46777938041911D0,15.70166907062866D0,20.93555876083821D0,     0000011P    200
26.16944845104777D0,31.40333814125732D0,36.63722783146687D0,     0000011P    201
41.87111752167643D0,47.10500721188598D0,52.33889690209553D0,     0000011P    202
57.57278659230509D0,62.80667628251464D0,68.0405659727242D0,      0000011P    203
73.27445566293375D0,78.5083453531433D0,83.74223504335285D0,      0000011P    204
88.97612473356242D0,94.21001442377197D0,99.44390411398152D0,     0000011P    205
104.6777938041911D0,109.9116834944006D0,115.1455731846102D0,     0000011P    206
120.3794628748197D0,125.6133525650293D0,130.8472422552388D0,     0000011P    207
136.0811319454484D0,141.315021635658D0,146.5489113258675D0,      0000011P    208
151.7828010160771D0,157.0166907062866D0,162.2505803964962D0,     0000011P    209
167.4844700867057D0,172.7183597769153D0,177.9522494671248D0,     0000011P    210
183.1861391573344D0,188.4200288475439D0,193.6539185377535D0,     0000011P    211
198.887808227963D0,204.1216979181726D0,209.3555876083821D0,      0000011P    212
214.5894772985917D0,219.8233669888012D0,225.0572566790108D0,     0000011P    213
230.2911463692203D0,235.5250360594299D0,240.7589257496395D0,     0000011P    214
245.992815439849D0,251.2267051300586D0,256.4605948202681D0,      0000011P    215
261.6944845104777D0,266.9283742006872D0,272.1622638908968D0,     0000011P    216
277.3961535811063D0,282.6300432713159D0,287.8639329615255D0,     0000011P    217
293.097822651735D0,298.3317123419445D0,303.5656020321541D0,      0000011P    218
308.7994917223637D0,308.7994917223637D0,308.7994917223637D0,     0000011P    219
308.7994917223637D0,1.0D0,1.0D0,1.0D0,1.0D0,1.0D0,1.0D0,1.0D0,   0000011P    220
1.0D0,1.0D0,1.0D0,1.0D0,1.0D0,1.0D0,1.0D0,1.0D0,1.0D0,1.0D0,     0000011P    221
1.0D0,1.0D0,1.0D0,1.0D0,1.0D0,1.0D0,1.0D0,1.0D0,1.0D0,1.0D0,     0000011P    222
1.0D0,1.0D0,1.0D0,1.0D0,1.0D0,1.0D0,1.0D0,1.0D0,1.0D0,1.0D0,     0000011P    223
1.0D0,1.0D0,1.0D0,1.0D0,1.0D0,1.0D0,1.0D0,1.0D0,1.0D0,1.0D0,     0000011P    224
1.0D0,1.0D0,1.0D0,1.0D0,1.0D0,1.0D0,1.0D0,1.0D0,1.0D0,1.0D0,     0000011P    225
1.0D0,1.0D0,1.0D0,1.0D0,1.0D0,1.0D0,1.0D0,1.0D0,1.0D0,1.0D0,     0000011P    226
1.0D0,1.0D0,1.0D0,1.0D0,1.0D0,1.0D0,1.0D0,1.0D0,1.0D0,1.0D0,     0000011P    227
1.0D0,1.0D0,1.0D0,1.0D0,1.0D0,1.0D0,1.0D0,1.0D0,1.0D0,1.0D0,     0000011P    228
1.0D0,1.0D0,1.0D0,1.0D0,1.0D0,1.0D0,1.0D0,1.0D0,1.0D0,1.0D0,     0000011P    229
1.0D0,1.0D0,1.0D0,1.0D0,1.0D0,1.0D0,1.0D0,1.0D0,1.0D0,1.0D0,     0000011P    230
1.0D0,1.0D0,1.0D0,1.0D0,1.0D0,1.0D0,1.0D0,1.0D0,1.0D0,1.0D0,     0000011P    231
1.0D0,1.0D0,1.0D0,1.0D0,1.0D0,1.0D0,1.0D0,1.0D0,1.0D0,1.0D0,     0000011P    232
1.0D0,1.0D0,1.0D0,1.0D0,1.0D0,1.0D0,1.0D0,1.0D0,1.0D0,1.0D0,     0000011P    233
1.0D0,1.0D0,1.0D0,1.0D0,1.0D0,1.0D0,1.0D0,1.0D0,1.0D0,1.0D0,     0000011P    234
1.0D0,1.0D0,1.0D0,1.0D0,1.0D0,1.0D0,1.0D0,1.0D0,1.0D0,1.0D0,     0000011P    235
1.0D0,1.0D0,1.0D0,1.0D0,1.0D0,1.0D0,1.0D0,1.0D0,1.0D0,1.0D0,     0000011P    236
1.0D0,1.0D0,1.0D0,1.0D0,1.0D0,1.0D0,1.0D0,1.0D0,1.0D0,1.0D0,     0000011P    237
1.0D0,1.0D0,1.0D0,1.0D0,1.0D0,1.0D0,1.0D0,1.0D0,1.0D0,1.0D0,     0000011P    238
1.0D0,1.0D0,1.0D0,1.0D0,1.0D0,1.0D0,1.0D0,1.0D0,1.0D0,1.0D0,     0000011P    239
1.0D0,1.0D0,1.0D0,1.0D0,1.0D0,1.0D0,1.0D0,1.0D0,1.0D0,1.0D0,     0000011P    240
1.0D0,1.0D0,1.0D0,1.0D0,1.0D0,1.0D0,1.0D0,1.0D0,1.0D0,1.0D0,     0000011P    241
1.0D0,1.0D0,1.0D0,1.0D0,1.0D0,1.0D0,1.0D0,1.0D0,1.0D0,1.0D0,     0000011P    242
1.0D0,1.0D0,1.0D0,1.0D0,1.0D0,1.0D0,1.0D0,1.0D0,1.0D0,1.0D0,     0000011P    243
1.0D0,1.0D0,1.0D0,1.0D0,1.0D0,1.0D0,1.0D0,1.0D0,1.0D0,1.0D0,     0000011P    244
1.0D0,1.0D0,1.0D0,1.0D0,1.0D0,1.0D0,1.0D0,1.0D0,1.0D0,1.0D0,     0000011P    245
1.0D0,1.0D0,1.0D0,1.0D0,1.0D0,1.0D0,1.0D0,1.0D0,1.0D0,1.0D0,     0000011P    246
1.0D0,1.0D0,1.0D0,1.0D0,1.0D0,1.0D0,1.0D0,1.0D0,1.0D0,1.0D0,     0000011P    247
1.0D0,1.0D0,1.0D0,1.0D0,1.0D0,1.0D0,1.0D0,1.0D0,1.0D0,1.0D0,     0000011P    248
1.0D0,1.0D0,1.0D0,1.0D0,1.0D0,1.0D0,1.0D0,1.0D0,1.0D0,1.0D0,     0000011P    249
1.0D0,1.0D0,1.0D0,1.0D0,1.0D0,1.0D0,1.0D0,1.0D0,1.0D0,1.0D0,     0000011P    250
1.0D0,1.0D0,1.0D0,1.0D0,1.0D0,1.0D0,1.0D0,1.0D0,1.0D0,1.0D0,     0000011P    251
1.0D0,1.0D0,1.0D0,1.0D0,1.0D0,1.0D0,1.0D0,1.0D0,1.0D0,1.0D0,     0000011P    252
1.0D0,1.0D0,1.0D0,1.0D0,1.0D0,1.0D0,1.0D0,1.0D0,1.0D0,1.0D0,     0000011P    253
1.0D0,1.0D0,1.0D0,1.0D0,1.0D0,1.0D0,1.0D0,1.0D0,1.0D0,1.0D0,     0000011P    254
1.0D0,1.0D0,1.0D0,1.0D0,1.0D0,1.0D0,1.0D0,1.0D0,1.0D0,1.0D0,     0000011P    255
1.0D0,1.0D0,1.0D0,1.0D0,1.0D0,1.0D0,1.0D0,1.0D0,1.0D0,1.0D0,     0000011P    256
1.0D0,1.0D0,1.0D0,1.0D0,1.0D0,1.0D0,1.0D0,1.0D0,1.0D0,1.0D0,     0000011P    257
1.0D0,1.0D0,1.0D0,1.0D0,1.0D0,1.0D0,1.0D0,1.0D0,1.0D0,1.0D0,     0000011P    258
1.0D0,1.0D0,1.0D0,1.0D0,1.0D0,1.0D0,1.0D0,1.0D0,1.0D0,1.0D0,     0000011P    259
1.0D0,1.0D0,1.0D0,1.0D0,1.0D0,1.0D0,1.0D0,1.0D0,1.0D0,1.0D0,     0000011P    260
1.0D0,1.0D0,1.0D0,1.0D0,1.0D0,1.0D0,1.0D0,1.0D0,1.0D0,1.0D0,     0000011P    261
1.0D0,1.0D0,1.0D0,1.0D0,1.0D0,1.0D0,1.0D0,1.0D0,1.0D0,1.0D0,     0000011P    262
1.0D0,1.0D0,1.0D0,1.0D0,1.0D0,1.0D0,1.0D0,1.0D0,1.0D0,1.0D0,     0000011P    263
1.0D0,1.0D0,1.0D0,1.0D0,1.0D0,1.0D0,1.0D0,1.0D0,1.0D0,1.0D0,     0000011P    264
1.0D0,1.0D0,1.0D0,1.0D0,1.0D0,1.0D0,1.0D0,1.0D0,1.0D0,1.0D0,     0000011P    265
1.0D0,1.0D0,1.0D0,1.0D0,1.0D0,1.0D0,1.0D0,1.0D0,1.0D0,1.0D0,     0000011P    266
1.0D0,1.0D0,1.0D0,1.0D0,1.0D0,1.0D0,1.0D0,1.0D0,1.0D0,1.0D0,     0000011P    267
1.0D0,1.0D0,1.0D0,1.0D0,1.0D0,1.0D0,1.0D0,1.0D0,1.0D0,1.0D0,     0000011P    268
1.0D0,1.0D0,1.0D0,1.0D0,1.0D0,1.0D0,1.0D0,1.0D0,1.0D0,1.0D0,     0000011P    269
1.0D0,1.0D0,1.0D0,1.0D0,1.0D0,1.0D0,1.0D0,1.0D0,1.0D0,1.0D0,     0000011P    270
1.0D0,1.0D0,1.0D0,1.0D0,1.0D0,1.0D0,1.0D0,1.0D0,1.0D0,1.0D0,     0000011P    271
1.0D0,1.0D0,1.0D0,1.0D0,1.0D0,1.0D0,1.0D0,1.0D0,1.0D0,1.0D0,     0000011P    272
1.0D0,1.0D0,1.0D0,1.0D0,1.0D0,1.0D0,1.0D0,1.0D0,1.0D0,1.0D0,     0000011P    273
1.0D0,1.0D0,1.0D0,1.0D0,1.0D0,1.0D0,1.0D0,1.0D0,1.0D0,1.0D0,     0000011P    274
1.0D0,1.0D0,1.0D0,1.0D0,1.0D0,1.0D0,1.0D0,1.0D0,1.0D0,1.0D0,     0000011P    275
1.0D0,1.0D0,1.0D0,1.0D0,1.0D0,1.0D0,1.0D0,1.0D0,1.0D0,1.0D0,     0000011P    276
1.0D0,1.0D0,1.0D0,1.0D0,1.0D0,1.0D0,1.0D0,1.0D0,1.0D0,1.0D0,     0000011P    277
1.0D0,1.0D0,1.0D0,1.0D0,1.0D0,1.0D0,1.0D0,1.0D0,1.0D0,1.0D0,     0000011P    278
1.0D0,1.0D0,1.0D0,1.0D0,1.0D0,1.0D0,1.0D0,1.0D0,1.0D0,1.0D0,     0000011P    279
1.0D0,1.0D0,1.0D0,1.0D0,1.0D0,1.0D0,1.0D0,1.0D0,1.0D0,1.0D0,     0000011P    280
1.0D0,1.0D0,1.0D0,1.0D0,1.0D0,1.0D0,1.0D0,1.0D0,1.0D0,1.0D0,     0000011P    281
1.0D0,1.0D0,1.0D0,1.0D0,1.0D0,1.0D0,1.0D0,1.0D0,1.0D0,1.0D0,     0000011P    282
1.0D0,1.0D0,1.0D0,1.0D0,1.0D0,1.0D0,1.0D0,1.0D0,1.0D0,1.0D0,     0000011P    283
1.0D0,1.0D0,1.0D0,1.0D0,1.0D0,1.0D0,1.0D0,1.0D0,1.0D0,1.0D0,     0000011P    284
1.0D0,1.0D0,1.0D0,1.0D0,1.0D0,1.0D0,1.0D0,1.0D0,1.0D0,1.0D0,     0000011P    285
1.0D0,1.0D0,1.0D0,1.0D0,1.0D0,1.0D0,1.0D0,1.0D0,1.0D0,1.0D0,     0000011P    286
1.0D0,1.0D0,1.0D0,1.0D0,1.0D0,1.0D0,1.0D0,1.0D0,1.0D0,1.0D0,     0000011P    287
1.0D0,1.0D0,1.0D0,1.0D0,1.0D0,1.0D0,1.0D0,1.0D0,1.0D0,1.0D0,     0000011P    288
1.0D0,1.0D0,1.0D0,1.0D0,1.0D0,1.0D0,1.0D0,1.0D0,1.0D0,1.0D0,     0000011P    289
1.0D0,1.0D0,1.0D0,1.0D0,1.0D0,1.0D0,1.0D0,1.0D0,1.0D0,1.0D0,     0000011P    290
1.0D0,1.0D0,1.0D0,1.0D0,1.0D0,1.0D0,1.0D0,1.0D0,1.0D0,1.0D0,     0000011P    291
1.0D0,1.0D0,1.0D0,1.0D0,1.0D0,1.0D0,1.0D0,1.0D0,1.0D0,1.0D0,     0000011P    292
1.0D0,1.0D0,1.0D0,1.0D0,1.0D0,1.0D0,1.0D0,1.0D0,1.0D0,1.0D0,     0000011P    293
1.0D0,1.0D0,1.0D0,1.0D0,1.0D0,1.0D0,1.0D0,1.0D0,1.0D0,1.0D0,     0000011P    294
1.0D0,1.0D0,1.0D0,1.0D0,1.0D0,1.0D0,1.0D0,1.0D0,1.0D0,1.0D0,     0000011P    295
1.0D0,1.0D0,1.0D0,1.0D0,1.0D0,1.0D0,1.0D0,1.0D0,1.0D0,1.0D0,     0000011P    296
1.0D0,1.0D0,1.0D0,1.0D0,1.0D0,1.0D0,1.0D0,1.0D0,1.0D0,1.0D0,     0000011P    297
1.0D0,1.0D0,1.0D0,1.0D0,1.0D0,1.0D0,1.0D0,1.0D0,1.0D0,1.0D0,     0000011P    298
1.0D0,1.0D0,1.0D0,1.0D0,1.0D0,1.0D0,1.0D0,1.0D0,1.0D0,1.0D0,     0000011P    299
1.0D0,1.0D0,1.0D0,1.0D0,1.0D0,1.0D0,1.0D0,1.0D0,1.0D0,1.0D0,     0000011P    300
1.0D0,1.0D0,1.0D0,1.0D0,1.0D0,1.0D0,1.0D0,1.0D0,1.0D0,1.0D0,     0000011P    301
1.0D0,1.0D0,1.0D0,1.0D0,1.0D0,1.0D0,1.0D0,1.0D0,1.0D0,1.0D0,     0000011P    302
1.0D0,1.0D0,1.0D0,1.0D0,1.0D0,1.0D0,1.0D0,1.0D0,1.0D0,1.0D0,     0000011P    303
1.0D0,1.0D0,1.0D0,1.0D0,1.0D0,1.0D0,1.0D0,1.0D0,1.0D0,1.0D0,     0000011P    304
1.0D0,1.0D0,1.0D0,1.0D0,1.0D0,1.0D0,1.0D0,1.0D0,1.0D0,1.0D0,     0000011P    305
1.0D0,1.0D0,1.0D0,1.0D0,1.0D0,1.0D0,1.0D0,1.0D0,1.0D0,1.0D0,     0000011P    306
1.0D0,1.0D0,1.0D0,1.0D0,1.0D0,1.0D0,1.0D0,1.0D0,1.0D0,1.0D0,     0000011P    307
1.0D0,1.0D0,1.0D0,1.0D0,1.0D0,1.0D0,1.0D0,1.0D0,1.0D0,1.0D0,     0000011P    308
1.0D0,1.0D0,1.0D0,1.0D0,1.0D0,1.0D0,1.0D0,1.0D0,1.0D0,1.0D0,     0000011P    309
1.0D0,1.0D0,1.0D0,1.0D0,1.0D0,1.0D0,1.0D0,1.0D0,1.0D0,1.0D0,     0000011P    310
1.0D0,1.0D0,1.0D0,1.0D0,1.0D0,1.0D0,1.0D0,1.0D0,1.0D0,1.0D0,     0000011P    311
1.0D0,1.0D0,1.0D0,1.0D0,1.0D0,1.0D0,1.0D0,1.0D0,1.0D0,1.0D0,     0000011P    312
1.0D0,1.0D0,1.0D0,1.0D0,1.0D0,1.0D0,1.0D0,1.0D0,1.0D0,1.0D0,     0000011P    313
1.0D0,1.0D0,1.0D0,1.0D0,1.0D0,1.0D0,1.0D0,1.0D0,1.0D0,1.0D0,     0000011P    314
1.0D0,1.0D0,1.0D0,1.0D0,1.0D0,1.0D0,1.0D0,1.0D0,1.0D0,1.0D0,     0000011P    315
1.0D0,1.0D0,1.0D0,1.0D0,1.0D0,1.0D0,1.0D0,1.0D0,1.0D0,1.0D0,     0000011P    316
1.0D0,1.0D0,1.0D0,1.0D0,1.0D0,1.0D0,1.0D0,1.0D0,1.0D0,1.0D0,     0000011P    317
1.0D0,1.0D0,1.0D0,1.0D0,1.0D0,1.0D0,1.0D0,1.0D0,1.0D0,1.0D0,     0000011P    318
1.0D0,1.0D0,1.0D0,1.0D0,1.0D0,1.0D0,1.0D0,1.0D0,1.0D0,1.0D0,     0000011P    319
1.0D0,1.0D0,1.0D0,1.0D0,1.0D0,1.0D0,1.0D0,1.0D0,1.0D0,1.0D0,     0000011P    320
1.0D0,1.0D0,1.0D0,1.0D0,1.0D0,1.0D0,1.0D0,1.0D0,1.0D0,1.0D0,     0000011P    321
1.0D0,1.0D0,1.0D0,1.0D0,1.0D0,1.0D0,1.0D0,1.0D0,1.0D0,1.0D0,     0000011P    322
1.0D0,1.0D0,1.0D0,1.0D0,1.0D0,1.0D0,1.0D0,1.0D0,1.0D0,1.0D0,     0000011P    323
1.0D0,1.0D0,1.0D0,1.0D0,1.0D0,1.0D0,1.0D0,1.0D0,1.0D0,1.0D0,     0000011P    324
1.0D0,1.0D0,1.0D0,1.0D0,1.0D0,1.0D0,1.0D0,1.0D0,1.0D0,1.0D0,     0000011P    325
1.0D0,1.0D0,1.0D0,1.0D0,1.0D0,1.0D0,1.0D0,1.0D0,1.0D0,1.0D0,     0000011P    326
1.0D0,1.0D0,1.0D0,1.0D0,1.0D0,1.0D0,1.0D0,1.0D0,1.0D0,1.0D0,     0000011P    327
1.0D0,1.0D0,1.0D0,1.0D0,1.0D0,1.0D0,1.0D0,1.0D0,1.0D0,1.0D0,     0000011P    328
1.0D0,1.0D0,1.0D0,1.0D0,1.0D0,1.0D0,1.0D0,1.0D0,1.0D0,1.0D0,     0000011P    329
1.0D0,1.0D0,1.0D0,1.0D0,1.0D0,1.0D0,1.0D0,1.0D0,1.0D0,1.0D0,     0000011P    330
1.0D0,1.0D0,1.0D0,1.0D0,1.0D0,1.0D0,1.0D0,1.0D0,1.0D0,1.0D0,     0000011P    331
1.0D0,1.0D0,1.0D0,1.0D0,1.0D0,1.0D0,1.0D0,1.0D0,1.0D0,1.0D0,     0000011P    332
1.0D0,1.0D0,1.0D0,1.0D0,1.0D0,1.0D0,1.0D0,1.0D0,1.0D0,1.0D0,     0000011P    333
1.0D0,1.0D0,1.0D0,1.0D0,1.0D0,1.0D0,1.0D0,1.0D0,1.0D0,1.0D0,     0000011P    334
1.0D0,1.0D0,1.0D0,1.0D0,1.0D0,1.0D0,1.0D0,1.0D0,1.0D0,1.0D0,     0000011P    335
1.0D0,1.0D0,1.0D0,1.0D0,1.0D0,1.0D0,1.0D0,1.0D0,1.0D0,1.0D0,     0000011P    336
1.0D0,1.0D0,1.0D0,1.0D0,1.0D0,1.0D0,1.0D0,1.0D0,1.0D0,1.0D0,     0000011P    337
1.0D0,1.0D0,1.0D0,1.0D0,1.0D0,1.0D0,1.0D0,1.0D0,1.0D0,1.0D0,     0000011P    338
1.0D0,1.0D0,1.0D0,1.0D0,1.0D0,1.0D0,1.0D0,1.0D0,1.0D0,1.0D0,     0000011P    339
1.0D0,1.0D0,1.0D0,1.0D0,1.0D0,1.0D0,1.0D0,1.0D0,1.0D0,1.0D0,     0000011P    340
1.0D0,1.0D0,1.0D0,1.0D0,1.0D0,1.0D0,1.0D0,1.0D0,1.0D0,1.0D0,     0000011P    341
1.0D0,1.0D0,1.0D0,1.0D0,1.0D0,1.0D0,1.0D0,1.0D0,1.0D0,1.0D0,     0000011P    342
1.0D0,1.0D0,1.0D0,1.0D0,1.0D0,1.0D0,1.0D0,1.0D0,1.0D0,1.0D0,     0000011P    343
1.0D0,1.0D0,1.0D0,1.0D0,1.0D0,1.0D0,1.0D0,1.0D0,1.0D0,1.0D0,     0000011P    344
1.0D0,1.0D0,1.0D0,1.0D0,1.0D0,1.0D0,1.0D0,1.0D0,1.0D0,1.0D0,     0000011P    345
1.0D0,1.0D0,1.0D0,1.0D0,1.0D0,1.0D0,1.0D0,1.0D0,1.0D0,1.0D0,     0000011P    346
1.0D0,1.0D0,1.0D0,1.0D0,1.0D0,1.0D0,1.0D0,1.0D0,1.0D0,1.0D0,     0000011P    347
1.0D0,1.0D0,1.0D0,1.0D0,1.0D0,1.0D0,1.0D0,1.0D0,1.0D0,1.0D0,     0000011P    348
1.0D0,1.0D0,1.0D0,1.0D0,1.0D0,1.0D0,1.0D0,1.0D0,1.0D0,1.0D0,     0000011P    349
1.0D0,1.0D0,1.0D0,1.0D0,1.0D0,1.0D0,1.0D0,1.0D0,1.0D0,1.0D0,     0000011P    350
1.0D0,1.0D0,1.0D0,1.0D0,1.0D0,1.0D0,1.0D0,1.0D0,1.0D0,1.0D0,     0000011P    351
1.0D0,1.0D0,1.0D0,1.0D0,1.0D0,1.0D0,1.0D0,1.0D0,1.0D0,1.0D0,     0000011P    352
1.0D0,1.0D0,1.0D0,1.0D0,1.0D0,1.0D0,1.0D0,1.0D0,1.0D0,1.0D0,     0000011P    353
1.0D0,1.0D0,1.0D0,1.0D0,1.0D0,1.0D0,1.0D0,1.0D0,1.0D0,1.0D0,     0000011P    354
1.0D0,1.0D0,1.0D0,1.0D0,1.0D0,1.0D0,1.0D0,1.0D0,1.0D0,1.0D0,     0000011P    355
1.0D0,1.0D0,1.0D0,1.0D0,1.0D0,1.0D0,1.0D0,1.0D0,1.0D0,1.0D0,     0000011P    356
1.0D0,1.0D0,1.0D0,1.0D0,1.0D0,1.0D0,1.0D0,1.0D0,1.0D0,1.0D0,     0000011P    357
1.0D0,1.0D0,1.0D0,1.0D0,1.0D0,1.0D0,1.0D0,1.0D0,1.0D0,1.0D0,     0000011P    358
1.0D0,1.0D0,1.0D0,1.0D0,1.0D0,1.0D0,1.0D0,1.0D0,1.0D0,1.0D0,     0000011P    359
1.0D0,1.0D0,1.0D0,1.0D0,1.0D0,1.0D0,1.0D0,1.0D0,1.0D0,1.0D0,     0000011P    360
1.0D0,1.0D0,1.0D0,1.0D0,1.0D0,1.0D0,1.0D0,1.0D0,1.0D0,1.0D0,     0000011P    361
1.0D0,1.0D0,1.0D0,1.0D0,1.0D0,1.0D0,1.0D0,1.0D0,1.0D0,1.0D0,     0000011P    362
1.0D0,1.0D0,1.0D0,1.0D0,1.0D0,1.0D0,1.0D0,1.0D0,1.0D0,1.0D0,     0000011P    363
1.0D0,1.0D0,1.0D0,1.0D0,1.0D0,1.0D0,1.0D0,1.0D0,1.0D0,1.0D0,     0000011P    364
1.0D0,1.0D0,1.0D0,1.0D0,1.0D0,1.0D0,1.0D0,1.0D0,1.0D0,1.0D0,     0000011P    365
1.0D0,1.0D0,1.0D0,1.0D0,1.0D0,1.0D0,1.0D0,1.0D0,1.0D0,1.0D0,     0000011P    366
1.0D0,1.0D0,1.0D0,1.0D0,1.0D0,1.0D0,1.0D0,1.0D0,1.0D0,1.0D0,     0000011P    367
1.0D0,1.0D0,1.0D0,1.0D0,1.0D0,1.0D0,1.0D0,1.0D0,1.0D0,1.0D0,     0000011P    368
1.0D0,1.0D0,1.0D0,1.0D0,1.0D0,1.0D0,1.0D0,1.0D0,1.0D0,1.0D0,     0000011P    369
1.0D0,1.0D0,1.0D0,1.0D0,1.0D0,1.0D0,1.0D0,1.0D0,1.0D0,1.0D0,     0000011P    370
1.0D0,1.0D0,1.0D0,1.0D0,1.0D0,1.0D0,1.0D0,1.0D0,1.0D0,1.0D0,     0000011P    371
1.0D0,1.0D0,1.0D0,1.0D0,1.0D0,1.0D0,1.0D0,1.0D0,1.0D0,1.0D0,     0000011P    372
1.0D0,1.0D0,1.0D0,1.0D0,1.0D0,1.0D0,1.0D0,1.0D0,1.0D0,1.0D0,     0000011P    373
1.0D0,1.0D0,1.0D0,1.0D0,1.0D0,1.0D0,1.0D0,1.0D0,1.0D0,1.0D0,     0000011P    374
1.0D0,1.0D0,1.0D0,1.0D0,1.0D0,1.0D0,1.0D0,1.0D0,1.0D0,1.0D0,     0000011P    375
1.0D0,1.0D0,1.0D0,1.0D0,1.0D0,1.0D0,1.0D0,1.0D0,1.0D0,1.0D0,     0000011P    376
1.0D0,1.0D0,1.0D0,1.0D0,1.0D0,1.0D0,1.0D0,1.0D0,1.0D0,1.0D0,     0000011P    377
1.0D0,1.0D0,1.0D0,1.0D0,1.0D0,1.0D0,1.0D0,1.0D0,1.0D0,1.0D0,     0000011P    378
1.0D0,1.0D0,1.0D0,1.0D0,1.0D0,1.0D0,1.0D0,1.0D0,1.0D0,1.0D0,     0000011P    379
1.0D0,1.0D0,1.0D0,1.0D0,1.0D0,1.0D0,1.0D0,1.0D0,1.0D0,1.0D0,     0000011P    380
1.0D0,1.0D0,1.0D0,1.0D0,1.0D0,1.0D0,1.0D0,1.0D0,1.0D0,1.0D0,     0000011P    381
1.0D0,1.0D0,1.0D0,1.0D0,1.0D0,1.0D0,1.0D0,1.0D0,1.0D0,1.0D0,     0000011P    382
1.0D0,1.0D0,1.0D0,1.0D0,1.0D0,1.0D0,1.0D0,1.0D0,1.0D0,1.0D0,     0000011P    383
1.0D0,1.0D0,1.0D0,1.0D0,1.0D0,1.0D0,1.0D0,1.0D0,1.0D0,1.0D0,     0000011P    384
1.0D0,1.0D0,1.0D0,1.0D0,1.0D0,1.0D0,1.0D0,1.0D0,1.0D0,1.0D0,     0000011P    385
1.0D0,1.0D0,1.0D0,1.0D0,1.0D0,1.0D0,1.0D0,1.0D0,1.0D0,1.0D0,     0000011P    386
1.0D0,1.0D0,1.0D0,1.0D0,1.0D0,1.0D0,1.0D0,1.0D0,1.0D0,1.0D0,     0000011P    387
1.0D0,1.0D0,1.0D0,1.0D0,1.0D0,1.0D0,1.0D0,1.0D0,1.0D0,1.0D0,     0000011P    388
1.0D0,1.0D0,1.0D0,1.0D0,1.0D0,1.0D0,1.0D0,1.0D0,1.0D0,1.0D0,     0000011P    389
1.0D0,1.0D0,1.0D0,1.0D0,1.0D0,1.0D0,1.0D0,1.0D0,1.0D0,1.0D0,     0000011P    390
1.0D0,1.0D0,1.0D0,1.0D0,1.0D0,1.0D0,1.0D0,1.0D0,1.0D0,1.0D0,     0000011P    391
1.0D0,1.0D0,1.0D0,1.0D0,1.0D0,1.0D0,1.0D0,1.0D0,1.0D0,1.0D0,     0000011P    392
1.0D0,1.0D0,1.0D0,1.0D0,1.0D0,1.0D0,1.0D0,1.0D0,1.0D0,1.0D0,     0000011P    393
1.0D0,1.0D0,1.0D0,1.0D0,1.0D0,1.0D0,1.0D0,1.0D0,1.0D0,1.0D0,     0000011P    394
1.0D0,1.0D0,1.0D0,1.0D0,1.0D0,1.0D0,1.0D0,1.0D0,1.0D0,1.0D0,     0000011P    395
1.0D0,1.0D0,1.0D0,1.0D0,1.0D0,1.0D0,1.0D0,1.0D0,1.0D0,1.0D0,     0000011P    396
1.0D0,1.0D0,1.0D0,1.0D0,1.0D0,1.0D0,1.0D0,1.0D0,1.0D0,1.0D0,     0000011P    397
1.0D0,1.0D0,1.0D0,1.0D0,1.0D0,1.0D0,1.0D0,1.0D0,1.0D0,1.0D0,     0000011P    398
1.0D0,1.0D0,1.0D0,1.0D0,1.0D0,1.0D0,1.0D0,1.0D0,1.0D0,1.0D0,     0000011P    399
1.0D0,1.0D0,1.0D0,1.0D0,1.0D0,1.0D0,1.0D0,1.0D0,1.0D0,1.0D0,     0000011P    400
1.0D0,1.0D0,1.0D0,1.0D0,1.0D0,1.0D0,1.0D0,1.0D0,1.0D0,1.0D0,     0000011P    401
1.0D0,1.0D0,1.0D0,1.0D0,1.0D0,1.0D0,1.0D0,1.0D0,1.0D0,1.0D0,     0000011P    402
1.0D0,1.0D0,1.0D0,1.0D0,1.0D0,1.0D0,1.0D0,1.0D0,1.0D0,1.0D0,     0000011P    403
1.0D0,1.0D0,1.0D0,1.0D0,1.0D0,1.0D0,1.0D0,1.0D0,1.0D0,1.0D0,     0000011P    404
1.0D0,1.0D0,1.0D0,1.0D0,1.0D0,1.0D0,1.0D0,1.0D0,1.0D0,1.0D0,     0000011P    405
1.0D0,1.0D0,1.0D0,1.0D0,1.0D0,1.0D0,1.0D0,1.0D0,1.0D0,1.0D0,     0000011P    406
1.0D0,1.0D0,1.0D0,1.0D0,1.0D0,1.0D0,1.0D0,1.0D0,1.0D0,1.0D0,     0000011P    407
1.0D0,1.0D0,1.0D0,1.0D0,1.0D0,1.0D0,1.0D0,1.0D0,1.0D0,1.0D0,     0000011P    408
1.0D0,1.0D0,1.0D0,1.0D0,1.0D0,1.0D0,1.0D0,1.0D0,1.0D0,1.0D0,     0000011P    409
1.0D0,1.0D0,1.0D0,1.0D0,1.0D0,1.0D0,1.0D0,1.0D0,1.0D0,1.0D0,     0000011P    410
1.0D0,1.0D0,1.0D0,1.0D0,1.0D0,1.0D0,1.0D0,1.0D0,1.0D0,1.0D0,     0000011P    411
1.0D0,1.0D0,1.0D0,1.0D0,1.0D0,1.0D0,1.0D0,1.0D0,1.0D0,1.0D0,     0000011P    412
1.0D0,1.0D0,1.0D0,1.0D0,1.0D0,1.0D0,1.0D0,1.0D0,1.0D0,1.0D0,     0000011P    413
1.0D0,1.0D0,1.0D0,1.0D0,1.0D0,1.0D0,1.0D0,1.0D0,1.0D0,1.0D0,     0000011P    414
1.0D0,1.0D0,1.0D0,1.0D0,1.0D0,1.0D0,1.0D0,1.0D0,1.0D0,1.0D0,     0000011P    415
1.0D0,1.0D0,1.0D0,1.0D0,1.0D0,1.0D0,1.0D0,1.0D0,1.0D0,1.0D0,     0000011P    416
1.0D0,1.0D0,1.0D0,1.0D0,1.0D0,1.0D0,1.0D0,1.0D0,1.0D0,1.0D0,     0000011P    417
1.0D0,1.0D0,1.0D0,1.0D0,1.0D0,1.0D0,1.0D0,1.0D0,1.0D0,1.0D0,     0000011P    418
1.0D0,1.0D0,1.0D0,1.0D0,1.0D0,1.0D0,1.0D0,1.0D0,1.0D0,1.0D0,     0000011P    419
1.0D0,1.0D0,1.0D0,1.0D0,1.0D0,1.0D0,1.0D0,1.0D0,1.0D0,1.0D0,     0000011P    420
1.0D0,1.0D0,1.0D0,1.0D0,1.0D0,1.0D0,1.0D0,1.0D0,1.0D0,1.0D0,     0000011P    421
1.0D0,1.0D0,1.0D0,1.0D0,1.0D0,1.0D0,1.0D0,1.0D0,1.0D0,1.0D0,     0000011P    422
1.0D0,1.0D0,1.0D0,1.0D0,1.0D0,1.0D0,1.0D0,1.0D0,1.0D0,1.0D0,     0000011P    423
1.0D0,1.0D0,1.0D0,1.0D0,1.0D0,1.0D0,1.0D0,1.0D0,1.0D0,1.0D0,     0000011P    424
1.0D0,1.0D0,1.0D0,1.0D0,1.0D0,1.0D0,1.0D0,1.0D0,1.0D0,1.0D0,     0000011P    425
1.0D0,1.0D0,1.0D0,1.0D0,1.0D0,1.0D0,1.0D0,1.0D0,1.0D0,1.0D0,     0000011P    426
1.0D0,1.0D0,1.0D0,1.0D0,1.0D0,1.0D0,1.0D0,1.0D0,1.0D0,1.0D0,     0000011P    427
1.0D0,1.0D0,1.0D0,1.0D0,1.0D0,1.0D0,1.0D0,1.0D0,1.0D0,1.0D0,     0000011P    428
1.0D0,1.0D0,1.0D0,1.0D0,1.0D0,1.0D0,1.0D0,1.0D0,1.0D0,1.0D0,     0000011P    429
1.0D0,1.0D0,1.0D0,1.0D0,1.0D0,1.0D0,1.0D0,1.0D0,1.0D0,1.0D0,     0000011P    430
1.0D0,1.0D0,1.0D0,1.0D0,1.0D0,1.0D0,1.0D0,1.0D0,1.0D0,1.0D0,     0000011P    431
1.0D0,1.0D0,1.0D0,1.0D0,1.0D0,1.0D0,1.0D0,1.0D0,1.0D0,1.0D0,     0000011P    432
1.0D0,1.0D0,1.0D0,1.0D0,1.0D0,1.0D0,1.0D0,1.0D0,1.0D0,1.0D0,     0000011P    433
1.0D0,1.0D0,1.0D0,1.0D0,1.0D0,1.0D0,1.0D0,1.0D0,1.0D0,1.0D0,     0000011P    434
1.0D0,1.0D0,1.0D0,1.0D0,1.0D0,1.0D0,1.0D0,1.0D0,1.0D0,1.0D0,     0000011P    435
1.0D0,1.0D0,1.0D0,1.0D0,1.0D0,1.0D0,1.0D0,1.0D0,1.0D0,1.0D0,     0000011P    436
1.0D0,1.0D0,1.0D0,1.0D0,1.0D0,1.0D0,1.0D0,1.0D0,1.0D0,1.0D0,     0000011P    437
1.0D0,1.0D0,1.0D0,1.0D0,1.0D0,1.0D0,1.0D0,1.0D0,1.0D0,1.0D0,     0000011P    438
1.0D0,1.0D0,1.0D0,1.0D0,1.0D0,1.0D0,1.0D0,1.0D0,1.0D0,1.0D0,     0000011P    439
1.0D0,1.0D0,1.0D0,1.0D0,1.0D0,1.0D0,1.0D0,1.0D0,1.0D0,1.0D0,     0000011P    440
1.0D0,1.0D0,1.0D0,1.0D0,1.0D0,1.0D0,1.0D0,1.0D0,1.0D0,1.0D0,     0000011P    441
1.0D0,1.0D0,1.0D0,1.0D0,1.0D0,1.0D0,1.0D0,1.0D0,1.0D0,1.0D0,     0000011P    442
1.0D0,1.0D0,1.0D0,1.0D0,1.0D0,1.0D0,1.0D0,1.0D0,1.0D0,1.0D0,     0000011P    443
1.0D0,1.0D0,1.0D0,1.0D0,1.0D0,1.0D0,1.0D0,1.0D0,1.0D0,1.0D0,     0000011P    444
1.0D0,1.0D0,1.0D0,1.0D0,1.0D0,1.0D0,1.0D0,1.0D0,1.0D0,1.0D0,     0000011P    445
1.0D0,1.0D0,1.0D0,1.0D0,1.0D0,1.0D0,1.0D0,1.0D0,1.0D0,1.0D0,     0000011P    446
1.0D0,1.0D0,1.0D0,1.0D0,1.0D0,1.0D0,1.0D0,1.0D0,1.0D0,1.0D0,     0000011P    447
1.0D0,1.0D0,1.0D0,1.0D0,1.0D0,1.0D0,1.0D0,1.0D0,1.0D0,1.0D0,     0000011P    448
1.0D0,1.0D0,1.0D0,1.0D0,1.0D0,1.0D0,1.0D0,1.0D0,1.0D0,1.0D0,     0000011P    449
1.0D0,1.0D0,1.0D0,1.0D0,1.0D0,1.0D0,1.0D0,1.0D0,1.0D0,1.0D0,     0000011P    450
1.0D0,1.0D0,1.0D0,1.0D0,1.0D0,1.0D0,1.0D0,1.0D0,1.0D0,1.0D0,     0000011P    451
1.0D0,1.0D0,1.0D0,1.0D0,1.0D0,1.0D0,1.0D0,1.0D0,1.0D0,1.0D0,     0000011P    452
1.0D0,1.0D0,1.0D0,1.0D0,1.0D0,1.0D0,1.0D0,1.0D0,1.0D0,1.0D0,     0000011P    453
1.0D0,1.0D0,1.0D0,1.0D0,1.0D0,1.0D0,1.0D0,1.0D0,1.0D0,1.0D0,     0000011P    454
1.0D0,1.0D0,1.0D0,1.0D0,1.0D0,1.0D0,1.0D0,1.0D0,1.0D0,1.0D0,     0000011P    455
1.0D0,1.0D0,1.0D0,1.0D0,1.0D0,1.0D0,1.0D0,1.0D0,1.0D0,1.0D0,     0000011P    456
1.0D0,1.0D0,1.0D0,1.0D0,1.0D0,1.0D0,1.0D0,1.0D0,1.0D0,1.0D0,     0000011P    457
1.0D0,1.0D0,1.0D0,1.0D0,1.0D0,1.0D0,1.0D0,1.0D0,1.0D0,1.0D0,     0000011P    458
1.0D0,1.0D0,1.0D0,1.0D0,1.0D0,1.0D0,1.0D0,1.0D0,1.0D0,1.0D0,     0000011P    459
1.0D0,1.0D0,1.0D0,1.0D0,1.0D0,1.0D0,1.0D0,1.0D0,1.0D0,1.0D0,     0000011P    460
1.0D0,1.0D0,1.0D0,1.0D0,1.0D0,1.0D0,1.0D0,1.0D0,1.0D0,1.0D0,     0000011P    461
1.0D0,1.0D0,1.0D0,1.0D0,1.0D0,1.0D0,1.0D0,1.0D0,1.0D0,1.0D0,     0000011P    462
1.0D0,1.0D0,1.0D0,1.0D0,1.0D0,1.0D0,1.0D0,1.0D0,1.0D0,1.0D0,     0000011P    463
1.0D0,1.0D0,1.0D0,1.0D0,1.0D0,1.0D0,1.0D0,1.0D0,1.0D0,1.0D0,     0000011P    464
1.0D0,1.0D0,1.0D0,1.0D0,1.0D0,1.0D0,1.0D0,1.0D0,1.0D0,1.0D0,     0000011P    465
1.0D0,1.0D0,1.0D0,1.0D0,1.0D0,1.0D0,1.0D0,1.0D0,1.0D0,1.0D0,     0000011P    466
1.0D0,1.0D0,1.0D0,1.0D0,1.0D0,1.0D0,1.0D0,1.0D0,1.0D0,1.0D0,     0000011P    467
1.0D0,1.0D0,1.0D0,1.0D0,1.0D0,1.0D0,1.0D0,1.0D0,1.0D0,1.0D0,     0000011P    468
1.0D0,1.0D0,1.0D0,1.0D0,1.0D0,1.0D0,1.0D0,1.0D0,1.0D0,1.0D0,     0000011P    469
1.0D0,1.0D0,1.0D0,1.0D0,1.0D0,1.0D0,1.0D0,1.0D0,1.0D0,1.0D0,     0000011P    470
1.0D0,1.0D0,1.0D0,1.0D0,1.0D0,1.0D0,1.0D0,1.0D0,1.0D0,1.0D0,     0000011P    471
1.0D0,1.0D0,1.0D0,1.0D0,1.0D0,1.0D0,1.0D0,1.0D0,1.0D0,1.0D0,     0000011P    472
1.0D0,1.0D0,1.0D0,1.0D0,1.0D0,1.0D0,1.0D0,1.0D0,1.0D0,1.0D0,     0000011P    473
1.0D0,1.0D0,1.0D0,1.0D0,1.0D0,1.0D0,1.0D0,1.0D0,1.0D0,1.0D0,     0000011P    474
1.0D0,1.0D0,1.0D0,1.0D0,1.0D0,1.0D0,1.0D0,1.0D0,1.0D0,1.0D0,     0000011P    475
1.0D0,1.0D0,1.0D0,1.0D0,1.0D0,1.0D0,1.0D0,1.0D0,1.0D0,1.0D0,     0000011P    476
1.0D0,1.0D0,1.0D0,1.0D0,1.0D0,1.0D0,1.0D0,1.0D0,1.0D0,1.0D0,     0000011P    477
1.0D0,1.0D0,1.0D0,1.0D0,1.0D0,1.0D0,1.0D0,1.0D0,1.0D0,1.0D0,     0000011P    478
1.0D0,1.0D0,1.0D0,1.0D0,1.0D0,1.0D0,1.0D0,1.0D0,1.0D0,1.0D0,     0000011P    479
1.0D0,1.0D0,1.0D0,1.0D0,1.0D0,1.0D0,1.0D0,1.0D0,1.0D0,1.0D0,     0000011P    480
1.0D0,1.0D0,1.0D0,1.0D0,1.0D0,1.0D0,1.0D0,1.0D0,1.0D0,1.0D0,     0000011P    481
1.0D0,1.0D0,1.0D0,1.0D0,1.0D0,1.0D0,1.0D0,1.0D0,1.0D0,1.0D0,     0000011P    482
1.0D0,1.0D0,1.0D0,1.0D0,1.0D0,1.0D0,1.0D0,1.0D0,1.0D0,1.0D0,     0000011P    483
1.0D0,1.0D0,1.0D0,1.0D0,1.0D0,1.0D0,1.0D0,1.0D0,1.0D0,1.0D0,     0000011P    484
1.0D0,1.0D0,1.0D0,1.0D0,1.0D0,1.0D0,1.0D0,1.0D0,1.0D0,1.0D0,     0000011P    485
1.0D0,1.0D0,1.0D0,1.0D0,1.0D0,1.0D0,1.0D0,1.0D0,1.0D0,1.0D0,     0000011P    486
1.0D0,1.0D0,1.0D0,1.0D0,1.0D0,1.0D0,1.0D0,1.0D0,1.0D0,1.0D0,     0000011P    487
1.0D0,1.0D0,1.0D0,1.0D0,1.0D0,1.0D0,1.0D0,1.0D0,1.0D0,1.0D0,     0000011P    488
1.0D0,1.0D0,1.0D0,1.0D0,1.0D0,1.0D0,1.0D0,1.0D0,1.0D0,1.0D0,     0000011P    489
1.0D0,1.0D0,1.0D0,1.0D0,1.0D0,1.0D0,1.0D0,1.0D0,1.0D0,1.0D0,     0000011P    490
1.0D0,1.0D0,1.0D0,1.0D0,1.0D0,1.0D0,1.0D0,1.0D0,1.0D0,1.0D0,     0000011P    491
1.0D0,1.0D0,1.0D0,1.0D0,1.0D0,1.0D0,1.0D0,1.0D0,1.0D0,1.0D0,     0000011P    492
1.0D0,1.0D0,1.0D0,1.0D0,1.0D0,1.0D0,1.0D0,1.0D0,1.0D0,1.0D0,     0000011P    493
1.0D0,1.0D0,1.0D0,1.0D0,1.0D0,1.0D0,1.0D0,1.0D0,1.0D0,1.0D0,     0000011P    494
1.0D0,1.0D0,1.0D0,1.0D0,1.0D0,1.0D0,1.0D0,1.0D0,1.0D0,1.0D0,     0000011P    495
1.0D0,1.0D0,1.0D0,1.0D0,1.0D0,1.0D0,1.0D0,1.0D0,1.0D0,1.0D0,     0000011P    496
1.0D0,1.0D0,1.0D0,1.0D0,1.0D0,1.0D0,1.0D0,1.0D0,1.0D0,1.0D0,     0000011P    497
1.0D0,1.0D0,1.0D0,1.0D0,1.0D0,1.0D0,1.0D0,1.0D0,1.0D0,1.0D0,     0000011P    498
1.0D0,1.0D0,1.0D0,1.0D0,1.0D0,1.0D0,1.0D0,1.0D0,1.0D0,1.0D0,     0000011P    499
1.0D0,1.0D0,1.0D0,1.0D0,1.0D0,1.0D0,1.0D0,1.0D0,1.0D0,1.0D0,     0000011P    500
1.0D0,1.0D0,1.0D0,1.0D0,1.0D0,1.0D0,1.0D0,1.0D0,1.0D0,1.0D0,     0000011P    501
1.0D0,1.0D0,1.0D0,1.0D0,1.0D0,1.0D0,1.0D0,1.0D0,1.0D0,1.0D0,     0000011P    502
1.0D0,1.0D0,1.0D0,1.0D0,1.0D0,1.0D0,1.0D0,1.0D0,1.0D0,1.0D0,     0000011P    503
1.0D0,1.0D0,1.0D0,1.0D0,1.0D0,1.0D0,1.0D0,1.0D0,1.0D0,1.0D0,     0000011P    504
1.0D0,1.0D0,1.0D0,1.0D0,1.0D0,1.0D0,1.0D0,1.0D0,1.0D0,1.0D0,     0000011P    505
1.0D0,1.0D0,1.0D0,1.0D0,1.0D0,1.0D0,1.0D0,1.0D0,1.0D0,1.0D0,     0000011P    506
1.0D0,1.0D0,1.0D0,1.0D0,1.0D0,1.0D0,1.0D0,1.0D0,1.0D0,1.0D0,     0000011P    507
1.0D0,1.0D0,1.0D0,1.0D0,1.0D0,1.0D0,1.0D0,1.0D0,1.0D0,1.0D0,     0000011P    508
1.0D0,1.0D0,1.0D0,1.0D0,1.0D0,1.0D0,1.0D0,1.0D0,1.0D0,1.0D0,     0000011P    509
1.0D0,1.0D0,1.0D0,1.0D0,1.0D0,1.0D0,1.0D0,1.0D0,1.0D0,1.0D0,     0000011P    510
1.0D0,1.0D0,1.0D0,1.0D0,1.0D0,1.0D0,1.0D0,1.0D0,1.0D0,1.0D0,     0000011P    511
1.0D0,1.0D0,1.0D0,1.0D0,1.0D0,1.0D0,1.0D0,1.0D0,1.0D0,1.0D0,     0000011P    512
1.0D0,1.0D0,1.0D0,1.0D0,1.0D0,1.0D0,1.0D0,1.0D0,1.0D0,1.0D0,     0000011P    513
1.0D0,1.0D0,1.0D0,1.0D0,1.0D0,1.0D0,1.0D0,1.0D0,1.0D0,1.0D0,     0000011P    514
1.0D0,1.0D0,1.0D0,1.0D0,1.0D0,1.0D0,1.0D0,1.0D0,1.0D0,1.0D0,     0000011P    515
1.0D0,1.0D0,1.0D0,1.0D0,1.0D0,1.0D0,1.0D0,1.0D0,1.0D0,1.0D0,     0000011P    516
1.0D0,1.0D0,1.0D0,1.0D0,1.0D0,1.0D0,1.0D0,1.0D0,1.0D0,1.0D0,     0000011P    517
1.0D0,1.0D0,1.0D0,1.0D0,1.0D0,1.0D0,1.0D0,1.0D0,1.0D0,1.0D0,     0000011P    518
1.0D0,1.0D0,1.0D0,1.0D0,1.0D0,1.0D0,1.0D0,1.0D0,1.0D0,1.0D0,     0000011P    519
1.0D0,1.0D0,1.0D0,1.0D0,1.0D0,1.0D0,1.0D0,1.0D0,1.0D0,1.0D0,     0000011P    520
1.0D0,1.0D0,1.0D0,1.0D0,1.0D0,1.0D0,1.0D0,1.0D0,1.0D0,1.0D0,     0000011P    521
1.0D0,1.0D0,1.0D0,1.0D0,1.0D0,1.0D0,1.0D0,1.0D0,1.0D0,1.0D0,     0000011P    522
1.0D0,1.0D0,1.0D0,1.0D0,1.0D0,1.0D0,1.0D0,1.0D0,1.0D0,1.0D0,     0000011P    523
1.0D0,1.0D0,1.0D0,1.0D0,1.0D0,1.0D0,1.0D0,1.0D0,1.0D0,1.0D0,     0000011P    524
1.0D0,1.0D0,1.0D0,1.0D0,1.0D0,1.0D0,1.0D0,1.0D0,1.0D0,1.0D0,     0000011P    525
1.0D0,1.0D0,1.0D0,1.0D0,1.0D0,1.0D0,1.0D0,1.0D0,1.0D0,1.0D0,     0000011P    526
1.0D0,1.0D0,1.0D0,1.0D0,1.0D0,1.0D0,1.0D0,1.0D0,1.0D0,1.0D0,     0000011P    527
1.0D0,1.0D0,1.0D0,1.0D0,1.0D0,1.0D0,1.0D0,1.0D0,1.0D0,1.0D0,     0000011P    528
1.0D0,1.0D0,1.0D0,1.0D0,1.0D0,1.0D0,1.0D0,1.0D0,1.0D0,1.0D0,     0000011P    529
1.0D0,1.0D0,1.0D0,1.0D0,1.0D0,1.0D0,1.0D0,1.0D0,1.0D0,1.0D0,     0000011P    530
1.0D0,1.0D0,1.0D0,1.0D0,1.0D0,1.0D0,1.0D0,1.0D0,1.0D0,1.0D0,     0000011P    531
1.0D0,1.0D0,1.0D0,1.0D0,1.0D0,1.0D0,1.0D0,1.0D0,1.0D0,1.0D0,     0000011P    532
1.0D0,1.0D0,1.0D0,1.0D0,1.0D0,1.0D0,1.0D0,1.0D0,1.0D0,1.0D0,     0000011P    533
1.0D0,1.0D0,1.0D0,1.0D0,1.0D0,1.0D0,1.0D0,1.0D0,1.0D0,1.0D0,     0000011P    534
1.0D0,1.0D0,1.0D0,1.0D0,1.0D0,1.0D0,1.0D0,1.0D0,1.0D0,1.0D0,     0000011P    535
1.0D0,1.0D0,1.0D0,1.0D0,1.0D0,1.0D0,1.0D0,1.0D0,1.0D0,1.0D0,     0000011P    536
1.0D0,1.0D0,1.0D0,1.0D0,1.0D0,1.0D0,1.0D0,1.0D0,1.0D0,1.0D0,     0000011P    537
1.0D0,1.0D0,1.0D0,1.0D0,1.0D0,1.0D0,1.0D0,1.0D0,1.0D0,1.0D0,     0000011P    538
1.0D0,1.0D0,1.0D0,1.0D0,1.0D0,1.0D0,1.0D0,1.0D0,1.0D0,1.0D0,     0000011P    539
1.0D0,1.0D0,1.0D0,1.0D0,1.0D0,1.0D0,1.0D0,1.0D0,1.0D0,1.0D0,     0000011P    540
1.0D0,1.0D0,1.0D0,1.0D0,1.0D0,1.0D0,1.0D0,1.0D0,1.0D0,1.0D0,     0000011P    541
1.0D0,1.0D0,1.0D0,1.0D0,1.0D0,1.0D0,1.0D0,1.0D0,1.0D0,1.0D0,     0000011P    542
1.0D0,1.0D0,1.0D0,1.0D0,1.0D0,1.0D0,1.0D0,1.0D0,1.0D0,1.0D0,     0000011P    543
1.0D0,1.0D0,1.0D0,1.0D0,1.0D0,1.0D0,1.0D0,1.0D0,1.0D0,1.0D0,     0000011P    544
1.0D0,1.0D0,1.0D0,1.0D0,1.0D0,1.0D0,1.0D0,1.0D0,1.0D0,1.0D0,     0000011P    545
1.0D0,1.0D0,1.0D0,1.0D0,1.0D0,1.0D0,1.0D0,1.0D0,1.0D0,1.0D0,     0000011P    546
1.0D0,1.0D0,1.0D0,1.0D0,1.0D0,1.0D0,1.0D0,1.0D0,1.0D0,1.0D0,     0000011P    547
1.0D0,1.0D0,1.0D0,1.0D0,1.0D0,1.0D0,1.0D0,1.0D0,1.0D0,1.0D0,     0000011P    548
1.0D0,1.0D0,1.0D0,1.0D0,1.0D0,1.0D0,1.0D0,1.0D0,1.0D0,1.0D0,     0000011P    549
1.0D0,1.0D0,1.0D0,1.0D0,1.0D0,1.0D0,1.0D0,1.0D0,1.0D0,1.0D0,     0000011P    550
1.0D0,1.0D0,1.0D0,1.0D0,1.0D0,1.0D0,1.0D0,1.0D0,1.0D0,1.0D0,     0000011P    551
1.0D0,1.0D0,1.0D0,1.0D0,1.0D0,1.0D0,1.0D0,1.0D0,1.0D0,1.0D0,     0000011P    552
1.0D0,1.0D0,1.0D0,1.0D0,1.0D0,1.0D0,1.0D0,1.0D0,1.0D0,1.0D0,     0000011P    553
1.0D0,1.0D0,1.0D0,1.0D0,1.0D0,1.0D0,1.0D0,1.0D0,1.0D0,1.0D0,     0000011P    554
1.0D0,1.0D0,1.0D0,1.0D0,1.0D0,1.0D0,1.0D0,1.0D0,1.0D0,1.0D0,     0000011P    555
1.0D0,1.0D0,1.0D0,1.0D0,1.0D0,1.0D0,1.0D0,1.0D0,1.0D0,1.0D0,     0000011P    556
1.0D0,1.0D0,1.0D0,1.0D0,1.0D0,1.0D0,1.0D0,1.0D0,1.0D0,1.0D0,     0000011P    557
1.0D0,1.0D0,1.0D0,1.0D0,1.0D0,1.0D0,1.0D0,1.0D0,1.0D0,1.0D0,     0000011P    558
1.0D0,1.0D0,1.0D0,1.0D0,1.0D0,1.0D0,1.0D0,1.0D0,1.0D0,1.0D0,     0000011P    559
1.0D0,1.0D0,1.0D0,1.0D0,1.0D0,1.0D0,1.0D0,1.0D0,1.0D0,1.0D0,     0000011P    560
1.0D0,1.0D0,1.0D0,1.0D0,1.0D0,1.0D0,1.0D0,1.0D0,1.0D0,1.0D0,     0000011P    561
1.0D0,1.0D0,1.0D0,1.0D0,1.0D0,1.0D0,1.0D0,1.0D0,1.0D0,1.0D0,     0000011P    562
1.0D0,1.0D0,1.0D0,1.0D0,1.0D0,1.0D0,1.0D0,1.0D0,1.0D0,1.0D0,     0000011P    563
1.0D0,1.0D0,1.0D0,1.0D0,1.0D0,1.0D0,1.0D0,1.0D0,1.0D0,1.0D0,     0000011P    564
1.0D0,1.0D0,1.0D0,1.0D0,1.0D0,1.0D0,1.0D0,1.0D0,1.0D0,1.0D0,     0000011P    565
1.0D0,1.0D0,1.0D0,1.0D0,1.0D0,1.0D0,1.0D0,1.0D0,1.0D0,1.0D0,     0000011P    566
1.0D0,1.0D0,1.0D0,1.0D0,1.0D0,1.0D0,1.0D0,1.0D0,1.0D0,1.0D0,     0000011P    567
1.0D0,1.0D0,1.0D0,1.0D0,1.0D0,1.0D0,1.0D0,1.0D0,1.0D0,1.0D0,     0000011P    568
1.0D0,1.0D0,1.0D0,1.0D0,1.0D0,1.0D0,1.0D0,1.0D0,1.0D0,1.0D0,     0000011P    569
1.0D0,1.0D0,1.0D0,1.0D0,1.0D0,1.0D0,1.0D0,1.0D0,1.0D0,1.0D0,     0000011P    570
1.0D0,1.0D0,1.0D0,1.0D0,1.0D0,1.0D0,1.0D0,1.0D0,1.0D0,1.0D0,     0000011P    571
1.0D0,1.0D0,1.0D0,1.0D0,1.0D0,1.0D0,1.0D0,1.0D0,1.0D0,1.0D0,     0000011P    572
1.0D0,1.0D0,1.0D0,1.0D0,1.0D0,1.0D0,1.0D0,1.0D0,1.0D0,1.0D0,     0000011P    573
1.0D0,1.0D0,1.0D0,1.0D0,1.0D0,1.0D0,1.0D0,1.0D0,1.0D0,1.0D0,     0000011P    574
1.0D0,1.0D0,1.0D0,1.0D0,1.0D0,1.0D0,1.0D0,1.0D0,1.0D0,1.0D0,     0000011P    575
1.0D0,1.0D0,1.0D0,1.0D0,1.0D0,1.0D0,1.0D0,1.0D0,1.0D0,1.0D0,     0000011P    576
1.0D0,1.0D0,1.0D0,1.0D0,1.0D0,1.0D0,1.0D0,1.0D0,1.0D0,1.0D0,     0000011P    577
1.0D0,1.0D0,1.0D0,1.0D0,1.0D0,1.0D0,1.0D0,1.0D0,1.0D0,1.0D0,     0000011P    578
1.0D0,1.0D0,1.0D0,1.0D0,1.0D0,1.0D0,1.0D0,1.0D0,1.0D0,1.0D0,     0000011P    579
1.0D0,1.0D0,1.0D0,1.0D0,1.0D0,1.0D0,1.0D0,1.0D0,1.0D0,1.0D0,     0000011P    580
1.0D0,1.0D0,1.0D0,1.0D0,1.0D0,1.0D0,1.0D0,1.0D0,1.0D0,1.0D0,     0000011P    581
1.0D0,1.0D0,1.0D0,1.0D0,1.0D0,1.0D0,1.0D0,1.0D0,1.0D0,1.0D0,     0000011P    582
1.0D0,1.0D0,1.0D0,1.0D0,1.0D0,1.0D0,1.0D0,1.0D0,1.0D0,1.0D0,     0000011P    583
1.0D0,1.0D0,1.0D0,1.0D0,1.0D0,1.0D0,1.0D0,1.0D0,1.0D0,1.0D0,     0000011P    584
1.0D0,1.0D0,1.0D0,1.0D0,1.0D0,1.0D0,1.0D0,1.0D0,1.0D0,1.0D0,     0000011P    585
1.0D0,1.0D0,1.0D0,1.0D0,1.0D0,1.0D0,1.0D0,1.0D0,1.0D0,1.0D0,     0000011P    586
1.0D0,1.0D0,1.0D0,1.0D0,1.0D0,1.0D0,1.0D0,1.0D0,1.0D0,1.0D0,     0000011P    587
1.0D0,1.0D0,1.0D0,1.0D0,1.0D0,1.0D0,1.0D0,1.0D0,1.0D0,1.0D0,     0000011P    588
1.0D0,1.0D0,1.0D0,1.0D0,1.0D0,1.0D0,1.0D0,1.0D0,1.0D0,1.0D0,     0000011P    589
1.0D0,1.0D0,1.0D0,1.0D0,1.0D0,1.0D0,1.0D0,1.0D0,1.0D0,1.0D0,     0000011P    590
1.0D0,1.0D0,1.0D0,1.0D0,1.0D0,1.0D0,1.0D0,1.0D0,1.0D0,1.0D0,     0000011P    591
1.0D0,1.0D0,1.0D0,1.0D0,1.0D0,1.0D0,1.0D0,1.0D0,1.0D0,1.0D0,     0000011P    592
1.0D0,1.0D0,1.0D0,1.0D0,1.0D0,1.0D0,1.0D0,1.0D0,1.0D0,1.0D0,     0000011P    593
1.0D0,1.0D0,1.0D0,1.0D0,1.0D0,1.0D0,1.0D0,1.0D0,1.0D0,1.0D0,     0000011P    594
1.0D0,1.0D0,1.0D0,1.0D0,1.0D0,1.0D0,1.0D0,1.0D0,1.0D0,1.0D0,     0000011P    595
1.0D0,1.0D0,1.0D0,1.0D0,1.0D0,1.0D0,1.0D0,1.0D0,1.0D0,1.0D0,     0000011P    596
1.0D0,1.0D0,1.0D0,1.0D0,1.0D0,1.0D0,1.0D0,1.0D0,1.0D0,1.0D0,     0000011P    597
1.0D0,1.0D0,1.0D0,1.0D0,1.0D0,1.0D0,1.0D0,1.0D0,1.0D0,1.0D0,     0000011P    598
1.0D0,1.0D0,1.0D0,1.0D0,1.0D0,1.0D0,1.0D0,1.0D0,1.0D0,1.0D0,     0000011P    599
1.0D0,1.0D0,1.0D0,1.0D0,1.0D0,1.0D0,1.0D0,1.0D0,1.0D0,1.0D0,     0000011P    600
1.0D0,1.0D0,1.0D0,1.0D0,1.0D0,1.0D0,1.0D0,1.0D0,1.0D0,1.0D0,     0000011P    601
1.0D0,1.0D0,1.0D0,1.0D0,1.0D0,1.0D0,1.0D0,1.0D0,1.0D0,1.0D0,     0000011P    602
1.0D0,1.0D0,1.0D0,1.0D0,1.0D0,1.0D0,1.0D0,1.0D0,1.0D0,1.0D0,     0000011P    603
1.0D0,1.0D0,1.0D0,1.0D0,1.0D0,1.0D0,1.0D0,1.0D0,1.0D0,1.0D0,     0000011P    604
1.0D0,1.0D0,1.0D0,1.0D0,1.0D0,1.0D0,1.0D0,1.0D0,1.0D0,1.0D0,     0000011P    605
1.0D0,1.0D0,1.0D0,1.0D0,1.0D0,1.0D0,1.0D0,1.0D0,1.0D0,1.0D0,     0000011P    606
1.0D0,1.0D0,1.0D0,1.0D0,1.0D0,1.0D0,1.0D0,1.0D0,1.0D0,1.0D0,     0000011P    607
1.0D0,1.0D0,1.0D0,1.0D0,1.0D0,1.0D0,1.0D0,1.0D0,1.0D0,1.0D0,     0000011P    608
1.0D0,1.0D0,1.0D0,1.0D0,1.0D0,1.0D0,1.0D0,1.0D0,1.0D0,1.0D0,     0000011P    609
1.0D0,1.0D0,1.0D0,1.0D0,1.0D0,1.0D0,1.0D0,1.0D0,1.0D0,1.0D0,     0000011P    610
1.0D0,1.0D0,1.0D0,1.0D0,1.0D0,1.0D0,1.0D0,1.0D0,1.0D0,1.0D0,     0000011P    611
1.0D0,1.0D0,1.0D0,1.0D0,1.0D0,1.0D0,1.0D0,1.0D0,1.0D0,1.0D0,     0000011P    612
1.0D0,1.0D0,1.0D0,1.0D0,1.0D0,1.0D0,1.0D0,1.0D0,1.0D0,1.0D0,     0000011P    613
1.0D0,1.0D0,1.0D0,1.0D0,1.0D0,1.0D0,1.0D0,1.0D0,1.0D0,1.0D0,     0000011P    614
1.0D0,1.0D0,1.0D0,1.0D0,1.0D0,1.0D0,1.0D0,1.0D0,1.0D0,1.0D0,     0000011P    615
1.0D0,1.0D0,1.0D0,1.0D0,1.0D0,1.0D0,1.0D0,1.0D0,1.0D0,1.0D0,     0000011P    616
1.0D0,1.0D0,1.0D0,1.0D0,1.0D0,1.0D0,1.0D0,1.0D0,1.0D0,1.0D0,     0000011P    617
1.0D0,1.0D0,1.0D0,1.0D0,1.0D0,1.0D0,1.0D0,1.0D0,1.0D0,1.0D0,     0000011P    618
1.0D0,1.0D0,1.0D0,1.0D0,1.0D0,1.0D0,1.0D0,1.0D0,1.0D0,1.0D0,     0000011P    619
1.0D0,1.0D0,1.0D0,1.0D0,1.0D0,1.0D0,1.0D0,1.0D0,1.0D0,1.0D0,     0000011P    620
1.0D0,1.0D0,1.0D0,1.0D0,1.0D0,1.0D0,1.0D0,1.0D0,1.0D0,1.0D0,     0000011P    621
1.0D0,1.0D0,1.0D0,1.0D0,1.0D0,1.0D0,1.0D0,1.0D0,1.0D0,1.0D0,     0000011P    622
1.0D0,1.0D0,1.0D0,1.0D0,1.0D0,1.0D0,1.0D0,1.0D0,1.0D0,1.0D0,     0000011P    623
1.0D0,1.0D0,1.0D0,1.0D0,1.0D0,1.0D0,1.0D0,1.0D0,1.0D0,1.0D0,     0000011P    624
1.0D0,1.0D0,1.0D0,1.0D0,1.0D0,1.0D0,1.0D0,1.0D0,1.0D0,1.0D0,     0000011P    625
1.0D0,1.0D0,1.0D0,1.0D0,1.0D0,1.0D0,1.0D0,1.0D0,1.0D0,1.0D0,     0000011P    626
1.0D0,1.0D0,1.0D0,1.0D0,1.0D0,1.0D0,1.0D0,1.0D0,1.0D0,1.0D0,     0000011P    627
1.0D0,1.0D0,1.0D0,1.0D0,1.0D0,1.0D0,1.0D0,1.0D0,1.0D0,1.0D0,     0000011P    628
1.0D0,1.0D0,1.0D0,1.0D0,1.0D0,1.0D0,1.0D0,1.0D0,1.0D0,1.0D0,     0000011P    629
1.0D0,1.0D0,1.0D0,1.0D0,1.0D0,1.0D0,1.0D0,1.0D0,1.0D0,1.0D0,     0000011P    630
1.0D0,1.0D0,1.0D0,1.0D0,1.0D0,1.0D0,1.0D0,1.0D0,1.0D0,1.0D0,     0000011P    631
1.0D0,1.0D0,1.0D0,1.0D0,1.0D0,1.0D0,1.0D0,1.0D0,1.0D0,1.0D0,     0000011P    632
1.0D0,1.0D0,1.0D0,1.0D0,1.0D0,1.0D0,1.0D0,1.0D0,1.0D0,1.0D0,     0000011P    633
1.0D0,1.0D0,1.0D0,1.0D0,1.0D0,1.0D0,1.0D0,1.0D0,1.0D0,1.0D0,     0000011P    634
1.0D0,1.0D0,1.0D0,1.0D0,1.0D0,1.0D0,1.0D0,1.0D0,1.0D0,1.0D0,     0000011P    635
1.0D0,1.0D0,1.0D0,1.0D0,1.0D0,1.0D0,1.0D0,1.0D0,1.0D0,1.0D0,     0000011P    636
1.0D0,1.0D0,1.0D0,1.0D0,1.0D0,1.0D0,1.0D0,1.0D0,1.0D0,1.0D0,     0000011P    637
1.0D0,1.0D0,1.0D0,1.0D0,1.0D0,1.0D0,1.0D0,1.0D0,1.0D0,1.0D0,     0000011P    638
1.0D0,1.0D0,1.0D0,1.0D0,1.0D0,1.0D0,1.0D0,1.0D0,1.0D0,1.0D0,     0000011P    639
1.0D0,1.0D0,1.0D0,1.0D0,1.0D0,1.0D0,1.0D0,1.0D0,1.0D0,1.0D0,     0000011P    640
1.0D0,1.0D0,1.0D0,1.0D0,1.0D0,1.0D0,1.0D0,1.0D0,1.0D0,1.0D0,     0000011P    641
1.0D0,1.0D0,1.0D0,1.0D0,1.0D0,1.0D0,1.0D0,1.0D0,1.0D0,1.0D0,     0000011P    642
1.0D0,1.0D0,1.0D0,1.0D0,1.0D0,1.0D0,1.0D0,1.0D0,1.0D0,1.0D0,     0000011P    643
1.0D0,1.0D0,1.0D0,1.0D0,1.0D0,1.0D0,1.0D0,1.0D0,1.0D0,1.0D0,     0000011P    644
1.0D0,1.0D0,1.0D0,1.0D0,1.0D0,1.0D0,1.0D0,1.0D0,1.0D0,1.0D0,     0000011P    645
1.0D0,1.0D0,1.0D0,1.0D0,1.0D0,1.0D0,1.0D0,1.0D0,1.0D0,1.0D0,     0000011P    646
1.0D0,1.0D0,1.0D0,1.0D0,1.0D0,1.0D0,1.0D0,1.0D0,1.0D0,1.0D0,     0000011P    647
1.0D0,1.0D0,1.0D0,1.0D0,1.0D0,1.0D0,1.0D0,1.0D0,1.0D0,1.0D0,     0000011P    648
1.0D0,1.0D0,1.0D0,1.0D0,1.0D0,1.0D0,1.0D0,1.0D0,1.0D0,1.0D0,     0000011P    649
1.0D0,1.0D0,1.0D0,1.0D0,1.0D0,1.0D0,1.0D0,1.0D0,1.0D0,1.0D0,     0000011P    650
1.0D0,1.0D0,1.0D0,1.0D0,1.0D0,1.0D0,1.0D0,1.0D0,1.0D0,1.0D0,     0000011P    651
1.0D0,1.0D0,1.0D0,1.0D0,1.0D0,1.0D0,1.0D0,1.0D0,1.0D0,1.0D0,     0000011P    652
1.0D0,1.0D0,1.0D0,1.0D0,1.0D0,1.0D0,1.0D0,1.0D0,1.0D0,1.0D0,     0000011P    653
1.0D0,1.0D0,1.0D0,1.0D0,1.0D0,1.0D0,1.0D0,1.0D0,1.0D0,1.0D0,     0000011P    654
1.0D0,1.0D0,1.0D0,1.0D0,1.0D0,1.0D0,1.0D0,1.0D0,1.0D0,1.0D0,     0000011P    655
1.0D0,1.0D0,1.0D0,1.0D0,1.0D0,1.0D0,1.0D0,1.0D0,1.0D0,1.0D0,     0000011P    656
1.0D0,1.0D0,1.0D0,1.0D0,1.0D0,1.0D0,1.0D0,1.0D0,1.0D0,1.0D0,     0000011P    657
1.0D0,1.0D0,1.0D0,1.0D0,1.0D0,1.0D0,1.0D0,1.0D0,1.0D0,1.0D0,     0000011P    658
1.0D0,1.0D0,1.0D0,1.0D0,1.0D0,1.0D0,1.0D0,1.0D0,1.0D0,1.0D0,     0000011P    659
1.0D0,1.0D0,1.0D0,1.0D0,1.0D0,1.0D0,1.0D0,1.0D0,1.0D0,1.0D0,     0000011P    660
1.0D0,1.0D0,1.0D0,1.0D0,1.0D0,1.0D0,1.0D0,1.0D0,1.0D0,1.0D0,     0000011P    661
1.0D0,1.0D0,1.0D0,1.0D0,1.0D0,1.0D0,1.0D0,1.0D0,1.0D0,1.0D0,     0000011P    662
1.0D0,1.0D0,1.0D0,1.0D0,1.0D0,1.0D0,1.0D0,1.0D0,1.0D0,1.0D0,     0000011P    663
1.0D0,1.0D0,1.0D0,1.0D0,1.0D0,1.0D0,1.0D0,1.0D0,1.0D0,1.0D0,     0000011P    664
1.0D0,1.0D0,1.0D0,1.0D0,1.0D0,1.0D0,1.0D0,1.0D0,1.0D0,1.0D0,     0000011P    665
1.0D0,1.0D0,1.0D0,1.0D0,1.0D0,1.0D0,1.0D0,1.0D0,1.0D0,1.0D0,     0000011P    666
1.0D0,1.0D0,1.0D0,1.0D0,1.0D0,1.0D0,1.0D0,1.0D0,1.0D0,1.0D0,     0000011P    667
1.0D0,1.0D0,1.0D0,1.0D0,1.0D0,1.0D0,1.0D0,1.0D0,1.0D0,1.0D0,     0000011P    668
1.0D0,1.0D0,1.0D0,1.0D0,1.0D0,1.0D0,1.0D0,1.0D0,1.0D0,1.0D0,     0000011P    669
1.0D0,1.0D0,1.0D0,1.0D0,1.0D0,1.0D0,1.0D0,1.0D0,1.0D0,1.0D0,     0000011P    670
1.0D0,1.0D0,1.0D0,1.0D0,1.0D0,1.0D0,1.0D0,1.0D0,1.0D0,1.0D0,     0000011P    671
1.0D0,1.0D0,1.0D0,1.0D0,1.0D0,1.0D0,1.0D0,1.0D0,1.0D0,1.0D0,     0000011P    672
1.0D0,1.0D0,1.0D0,1.0D0,1.0D0,1.0D0,1.0D0,1.0D0,1.0D0,1.0D0,     0000011P    673
1.0D0,1.0D0,1.0D0,1.0D0,1.0D0,1.0D0,1.0D0,1.0D0,1.0D0,1.0D0,     0000011P    674
1.0D0,1.0D0,1.0D0,1.0D0,1.0D0,1.0D0,1.0D0,1.0D0,1.0D0,1.0D0,     0000011P    675
1.0D0,1.0D0,1.0D0,1.0D0,1.0D0,1.0D0,1.0D0,1.0D0,1.0D0,1.0D0,     0000011P    676
1.0D0,1.0D0,1.0D0,1.0D0,1.0D0,1.0D0,1.0D0,1.0D0,1.0D0,1.0D0,     0000011P    677
1.0D0,1.0D0,1.0D0,1.0D0,1.0D0,1.0D0,1.0D0,1.0D0,1.0D0,1.0D0,     0000011P    678
1.0D0,1.0D0,1.0D0,1.0D0,1.0D0,1.0D0,1.0D0,1.0D0,1.0D0,1.0D0,     0000011P    679
1.0D0,1.0D0,1.0D0,1.0D0,1.0D0,1.0D0,1.0D0,1.0D0,1.0D0,1.0D0,     0000011P    680
1.0D0,1.0D0,1.0D0,1.0D0,1.0D0,1.0D0,1.0D0,1.0D0,1.0D0,1.0D0,     0000011P    681
1.0D0,1.0D0,1.0D0,1.0D0,1.0D0,1.0D0,1.0D0,1.0D0,1.0D0,1.0D0,     0000011P    682
1.0D0,1.0D0,1.0D0,1.0D0,1.0D0,1.0D0,1.0D0,1.0D0,1.0D0,1.0D0,     0000011P    683
1.0D0,1.0D0,1.0D0,1.0D0,1.0D0,1.0D0,1.0D0,1.0D0,1.0D0,1.0D0,     0000011P    684
1.0D0,1.0D0,1.0D0,1.0D0,1.0D0,1.0D0,1.0D0,1.0D0,1.0D0,1.0D0,     0000011P    685
1.0D0,1.0D0,1.0D0,1.0D0,1.0D0,1.0D0,1.0D0,1.0D0,1.0D0,1.0D0,     0000011P    686
1.0D0,1.0D0,1.0D0,1.0D0,1.0D0,1.0D0,1.0D0,1.0D0,1.0D0,1.0D0,     0000011P    687
1.0D0,1.0D0,1.0D0,1.0D0,1.0D0,1.0D0,1.0D0,1.0D0,1.0D0,1.0D0,     0000011P    688
1.0D0,1.0D0,1.0D0,1.0D0,1.0D0,1.0D0,1.0D0,1.0D0,1.0D0,1.0D0,     0000011P    689
1.0D0,1.0D0,1.0D0,1.0D0,1.0D0,1.0D0,1.0D0,1.0D0,1.0D0,1.0D0,     0000011P    690
1.0D0,1.0D0,1.0D0,1.0D0,1.0D0,1.0D0,1.0D0,1.0D0,1.0D0,1.0D0,     0000011P    691
1.0D0,1.0D0,1.0D0,1.0D0,1.0D0,1.0D0,1.0D0,1.0D0,1.0D0,1.0D0,     0000011P    692
1.0D0,1.0D0,1.0D0,1.0D0,1.0D0,1.0D0,1.0D0,1.0D0,1.0D0,1.0D0,     0000011P    693
1.0D0,1.0D0,1.0D0,1.0D0,1.0D0,1.0D0,1.0D0,1.0D0,1.0D0,1.0D0,     0000011P    694
1.0D0,1.0D0,1.0D0,1.0D0,1.0D0,1.0D0,1.0D0,1.0D0,1.0D0,1.0D0,     0000011P    695
1.0D0,1.0D0,1.0D0,1.0D0,1.0D0,1.0D0,1.0D0,1.0D0,1.0D0,1.0D0,     0000011P    696
1.0D0,1.0D0,1.0D0,1.0D0,1.0D0,1.0D0,1.0D0,1.0D0,1.0D0,1.0D0,     0000011P    697
1.0D0,1.0D0,1.0D0,1.0D0,1.0D0,1.0D0,1.0D0,1.0D0,1.0D0,1.0D0,     0000011P    698
1.0D0,1.0D0,1.0D0,1.0D0,1.0D0,1.0D0,1.0D0,1.0D0,1.0D0,1.0D0,     0000011P    699
1.0D0,1.0D0,1.0D0,1.0D0,1.0D0,1.0D0,1.0D0,1.0D0,1.0D0,1.0D0,     0000011P    700
1.0D0,1.0D0,1.0D0,1.0D0,1.0D0,1.0D0,1.0D0,1.0D0,1.0D0,1.0D0,     0000011P    701
1.0D0,1.0D0,1.0D0,1.0D0,1.0D0,1.0D0,1.0D0,1.0D0,1.0D0,1.0D0,     0000011P    702
1.0D0,1.0D0,1.0D0,1.0D0,1.0D0,1.0D0,1.0D0,1.0D0,1.0D0,1.0D0,     0000011P    703
1.0D0,1.0D0,1.0D0,1.0D0,1.0D0,1.0D0,1.0D0,1.0D0,1.0D0,1.0D0,     0000011P    704
1.0D0,1.0D0,1.0D0,1.0D0,1.0D0,1.0D0,1.0D0,1.0D0,1.0D0,1.0D0,     0000011P    705
1.0D0,1.0D0,1.0D0,1.0D0,1.0D0,1.0D0,1.0D0,1.0D0,1.0D0,1.0D0,     0000011P    706
1.0D0,1.0D0,1.0D0,1.0D0,1.0D0,1.0D0,1.0D0,1.0D0,1.0D0,1.0D0,     0000011P    707
1.0D0,1.0D0,1.0D0,1.0D0,1.0D0,1.0D0,1.0D0,1.0D0,1.0D0,1.0D0,     0000011P    708
1.0D0,1.0D0,1.0D0,1.0D0,1.0D0,1.0D0,1.0D0,1.0D0,1.0D0,1.0D0,     0000011P    709
1.0D0,1.0D0,1.0D0,1.0D0,1.0D0,1.0D0,1.0D0,1.0D0,1.0D0,1.0D0,     0000011P    710
1.0D0,1.0D0,1.0D0,1.0D0,1.0D0,1.0D0,1.0D0,1.0D0,1.0D0,1.0D0,     0000011P    711
1.0D0,1.0D0,1.0D0,1.0D0,1.0D0,1.0D0,1.0D0,1.0D0,1.0D0,1.0D0,     0000011P    712
1.0D0,1.0D0,1.0D0,1.0D0,1.0D0,1.0D0,1.0D0,1.0D0,1.0D0,1.0D0,     0000011P    713
1.0D0,1.0D0,1.0D0,1.0D0,1.0D0,1.0D0,1.0D0,1.0D0,1.0D0,1.0D0,     0000011P    714
1.0D0,1.0D0,1.0D0,1.0D0,1.0D0,1.0D0,1.0D0,1.0D0,1.0D0,1.0D0,     0000011P    715
1.0D0,1.0D0,1.0D0,1.0D0,1.0D0,1.0D0,1.0D0,1.0D0,1.0D0,1.0D0,     0000011P    716
1.0D0,1.0D0,1.0D0,1.0D0,1.0D0,1.0D0,1.0D0,1.0D0,1.0D0,1.0D0,     0000011P    717
1.0D0,1.0D0,1.0D0,1.0D0,1.0D0,1.0D0,1.0D0,1.0D0,1.0D0,1.0D0,     0000011P    718
1.0D0,1.0D0,1.0D0,1.0D0,1.0D0,1.0D0,1.0D0,1.0D0,1.0D0,1.0D0,     0000011P    719
1.0D0,1.0D0,1.0D0,1.0D0,1.0D0,1.0D0,1.0D0,1.0D0,1.0D0,1.0D0,     0000011P    720
1.0D0,1.0D0,1.0D0,1.0D0,1.0D0,1.0D0,1.0D0,1.0D0,1.0D0,1.0D0,     0000011P    721
1.0D0,1.0D0,1.0D0,1.0D0,1.0D0,1.0D0,1.0D0,1.0D0,1.0D0,1.0D0,     0000011P    722
1.0D0,1.0D0,1.0D0,1.0D0,1.0D0,1.0D0,1.0D0,1.0D0,1.0D0,1.0D0,     0000011P    723
1.0D0,1.0D0,1.0D0,1.0D0,1.0D0,1.0D0,1.0D0,1.0D0,1.0D0,1.0D0,     0000011P    724
1.0D0,1.0D0,1.0D0,1.0D0,1.0D0,1.0D0,1.0D0,1.0D0,1.0D0,1.0D0,     0000011P    725
1.0D0,1.0D0,1.0D0,1.0D0,1.0D0,1.0D0,1.0D0,1.0D0,1.0D0,1.0D0,     0000011P    726
1.0D0,1.0D0,1.0D0,1.0D0,1.0D0,1.0D0,1.0D0,1.0D0,1.0D0,1.0D0,     0000011P    727
1.0D0,1.0D0,1.0D0,1.0D0,1.0D0,1.0D0,1.0D0,1.0D0,1.0D0,1.0D0,     0000011P    728
1.0D0,1.0D0,1.0D0,1.0D0,1.0D0,1.0D0,1.0D0,1.0D0,1.0D0,1.0D0,     0000011P    729
1.0D0,1.0D0,1.0D0,1.0D0,1.0D0,1.0D0,1.0D0,1.0D0,1.0D0,1.0D0,     0000011P    730
1.0D0,1.0D0,1.0D0,1.0D0,1.0D0,1.0D0,1.0D0,1.0D0,1.0D0,1.0D0,     0000011P    731
1.0D0,1.0D0,1.0D0,1.0D0,1.0D0,1.0D0,1.0D0,1.0D0,1.0D0,1.0D0,     0000011P    732
1.0D0,1.0D0,1.0D0,1.0D0,1.0D0,1.0D0,1.0D0,1.0D0,1.0D0,1.0D0,     0000011P    733
1.0D0,1.0D0,1.0D0,1.0D0,1.0D0,1.0D0,1.0D0,1.0D0,1.0D0,1.0D0,     0000011P    734
1.0D0,1.0D0,1.0D0,1.0D0,1.0D0,1.0D0,1.0D0,1.0D0,1.0D0,1.0D0,     0000011P    735
1.0D0,1.0D0,1.0D0,1.0D0,1.0D0,1.0D0,1.0D0,1.0D0,1.0D0,1.0D0,     0000011P    736
1.0D0,1.0D0,1.0D0,1.0D0,1.0D0,1.0D0,1.0D0,1.0D0,1.0D0,1.0D0,     0000011P    737
1.0D0,1.0D0,1.0D0,1.0D0,1.0D0,1.0D0,1.0D0,1.0D0,1.0D0,1.0D0,     0000011P    738
1.0D0,1.0D0,1.0D0,1.0D0,1.0D0,1.0D0,1.0D0,1.0D0,1.0D0,1.0D0,     0000011P    739
1.0D0,1.0D0,1.0D0,1.0D0,1.0D0,1.0D0,1.0D0,1.0D0,1.0D0,1.0D0,     0000011P    740
1.0D0,1.0D0,1.0D0,1.0D0,1.0D0,1.0D0,1.0D0,1.0D0,1.0D0,1.0D0,     0000011P    741
1.0D0,1.0D0,1.0D0,1.0D0,1.0D0,1.0D0,1.0D0,1.0D0,1.0D0,1.0D0,     0000011P    742
1.0D0,1.0D0,1.0D0,1.0D0,1.0D0,1.0D0,1.0D0,1.0D0,1.0D0,1.0D0,     0000011P    743
1.0D0,1.0D0,1.0D0,1.0D0,1.0D0,1.0D0,1.0D0,1.0D0,1.0D0,1.0D0,     0000011P    744
1.0D0,1.0D0,1.0D0,1.0D0,1.0D0,1.0D0,1.0D0,1.0D0,1.0D0,1.0D0,     0000011P    745
1.0D0,1.0D0,1.0D0,1.0D0,1.0D0,1.0D0,1.0D0,1.0D0,1.0D0,1.0D0,     0000011P    746
1.0D0,1.0D0,1.0D0,1.0D0,1.0D0,1.0D0,1.0D0,1.0D0,1.0D0,1.0D0,     0000011P    747
1.0D0,1.0D0,1.0D0,1.0D0,1.0D0,1.0D0,1.0D0,1.0D0,1.0D0,1.0D0,     0000011P    748
1.0D0,1.0D0,1.0D0,1.0D0,1.0D0,1.0D0,1.0D0,1.0D0,1.0D0,1.0D0,     0000011P    749
1.0D0,1.0D0,1.0D0,1.0D0,1.0D0,1.0D0,1.0D0,1.0D0,1.0D0,1.0D0,     0000011P    750
1.0D0,1.0D0,1.0D0,1.0D0,1.0D0,1.0D0,1.0D0,1.0D0,1.0D0,1.0D0,     0000011P    751
1.0D0,1.0D0,1.0D0,1.0D0,1.0D0,1.0D0,1.0D0,1.0D0,1.0D0,1.0D0,     0000011P    752
1.0D0,1.0D0,1.0D0,1.0D0,1.0D0,1.0D0,1.0D0,1.0D0,1.0D0,1.0D0,     0000011P    753
1.0D0,1.0D0,1.0D0,1.0D0,1.0D0,1.0D0,1.0D0,1.0D0,1.0D0,1.0D0,     0000011P    754
1.0D0,1.0D0,1.0D0,1.0D0,1.0D0,1.0D0,1.0D0,1.0D0,1.0D0,1.0D0,     0000011P    755
1.0D0,1.0D0,1.0D0,1.0D0,1.0D0,1.0D0,1.0D0,1.0D0,1.0D0,1.0D0,     0000011P    756
1.0D0,1.0D0,1.0D0,1.0D0,1.0D0,1.0D0,1.0D0,1.0D0,1.0D0,1.0D0,     0000011P    757
1.0D0,1.0D0,1.0D0,1.0D0,1.0D0,1.0D0,1.0D0,1.0D0,1.0D0,1.0D0,     0000011P    758
1.0D0,1.0D0,1.0D0,1.0D0,1.0D0,1.0D0,1.0D0,1.0D0,1.0D0,1.0D0,     0000011P    759
1.0D0,1.0D0,1.0D0,1.0D0,1.0D0,1.0D0,1.0D0,1.0D0,1.0D0,1.0D0,     0000011P    760
1.0D0,1.0D0,1.0D0,1.0D0,1.0D0,1.0D0,1.0D0,1.0D0,1.0D0,1.0D0,     0000011P    761
1.0D0,1.0D0,1.0D0,1.0D0,1.0D0,1.0D0,1.0D0,1.0D0,1.0D0,1.0D0,     0000011P    762
1.0D0,1.0D0,1.0D0,1.0D0,1.0D0,1.0D0,1.0D0,1.0D0,1.0D0,1.0D0,     0000011P    763
1.0D0,1.0D0,1.0D0,1.0D0,1.0D0,1.0D0,1.0D0,1.0D0,1.0D0,1.0D0,     0000011P    764
1.0D0,1.0D0,1.0D0,1.0D0,1.0D0,1.0D0,1.0D0,1.0D0,1.0D0,1.0D0,     0000011P    765
1.0D0,1.0D0,1.0D0,1.0D0,1.0D0,1.0D0,1.0D0,1.0D0,1.0D0,1.0D0,     0000011P    766
1.0D0,1.0D0,1.0D0,1.0D0,1.0D0,1.0D0,1.0D0,1.0D0,1.0D0,1.0D0,     0000011P    767
1.0D0,1.0D0,1.0D0,1.0D0,1.0D0,1.0D0,1.0D0,1.0D0,1.0D0,1.0D0,     0000011P    768
1.0D0,1.0D0,1.0D0,1.0D0,1.0D0,1.0D0,1.0D0,1.0D0,1.0D0,1.0D0,     0000011P    769
1.0D0,1.0D0,1.0D0,1.0D0,1.0D0,1.0D0,1.0D0,1.0D0,1.0D0,1.0D0,     0000011P    770
1.0D0,1.0D0,1.0D0,1.0D0,1.0D0,1.0D0,1.0D0,1.0D0,1.0D0,1.0D0,     0000011P    771
1.0D0,1.0D0,1.0D0,1.0D0,1.0D0,1.0D0,1.0D0,1.0D0,1.0D0,1.0D0,     0000011P    772
1.0D0,1.0D0,1.0D0,1.0D0,1.0D0,1.0D0,1.0D0,1.0D0,1.0D0,1.0D0,     0000011P    773
1.0D0,1.0D0,1.0D0,1.0D0,1.0D0,1.0D0,1.0D0,1.0D0,1.0D0,1.0D0,     0000011P    774
1.0D0,1.0D0,1.0D0,1.0D0,1.0D0,1.0D0,1.0D0,1.0D0,1.0D0,1.0D0,     0000011P    775
1.0D0,1.0D0,1.0D0,1.0D0,1.0D0,1.0D0,1.0D0,1.0D0,1.0D0,1.0D0,     0000011P    776
1.0D0,1.0D0,1.0D0,1.0D0,1.0D0,1.0D0,1.0D0,1.0D0,1.0D0,1.0D0,     0000011P    777
1.0D0,1.0D0,1.0D0,1.0D0,1.0D0,1.0D0,1.0D0,1.0D0,1.0D0,1.0D0,     0000011P    778
1.0D0,1.0D0,1.0D0,1.0D0,1.0D0,1.0D0,1.0D0,1.0D0,1.0D0,1.0D0,     0000011P    779
1.0D0,1.0D0,1.0D0,1.0D0,1.0D0,1.0D0,1.0D0,1.0D0,1.0D0,1.0D0,     0000011P    780
1.0D0,1.0D0,1.0D0,1.0D0,1.0D0,1.0D0,1.0D0,1.0D0,1.0D0,1.0D0,     0000011P    781
1.0D0,1.0D0,1.0D0,1.0D0,1.0D0,1.0D0,1.0D0,1.0D0,1.0D0,1.0D0,     0000011P    782
1.0D0,1.0D0,1.0D0,1.0D0,1.0D0,1.0D0,1.0D0,1.0D0,1.0D0,1.0D0,     0000011P    783
1.0D0,1.0D0,1.0D0,1.0D0,1.0D0,1.0D0,1.0D0,1.0D0,1.0D0,1.0D0,     0000011P    784
1.0D0,1.0D0,1.0D0,1.0D0,1.0D0,1.0D0,1.0D0,1.0D0,1.0D0,1.0D0,     0000011P    785
1.0D0,1.0D0,1.0D0,1.0D0,1.0D0,1.0D0,1.0D0,1.0D0,1.0D0,1.0D0,     0000011P    786
1.0D0,1.0D0,1.0D0,1.0D0,1.0D0,1.0D0,1.0D0,1.0D0,1.0D0,1.0D0,     0000011P    787
1.0D0,1.0D0,1.0D0,1.0D0,1.0D0,1.0D0,1.0D0,1.0D0,1.0D0,1.0D0,     0000011P    788
1.0D0,1.0D0,1.0D0,1.0D0,1.0D0,1.0D0,1.0D0,1.0D0,1.0D0,1.0D0,     0000011P    789
1.0D0,1.0D0,1.0D0,1.0D0,1.0D0,1.0D0,1.0D0,1.0D0,1.0D0,1.0D0,     0000011P    790
1.0D0,1.0D0,1.0D0,1.0D0,1.0D0,1.0D0,1.0D0,1.0D0,1.0D0,1.0D0,     0000011P    791
1.0D0,1.0D0,1.0D0,1.0D0,1.0D0,1.0D0,1.0D0,1.0D0,1.0D0,1.0D0,     0000011P    792
1.0D0,1.0D0,1.0D0,1.0D0,1.0D0,1.0D0,1.0D0,1.0D0,1.0D0,1.0D0,     0000011P    793
1.0D0,1.0D0,1.0D0,1.0D0,1.0D0,1.0D0,1.0D0,1.0D0,1.0D0,1.0D0,     0000011P    794
1.0D0,1.0D0,1.0D0,1.0D0,1.0D0,1.0D0,1.0D0,1.0D0,1.0D0,1.0D0,     0000011P    795
1.0D0,1.0D0,1.0D0,1.0D0,1.0D0,1.0D0,1.0D0,1.0D0,1.0D0,1.0D0,     0000011P    796
1.0D0,1.0D0,1.0D0,1.0D0,1.0D0,1.0D0,1.0D0,1.0D0,1.0D0,1.0D0,     0000011P    797
1.0D0,1.0D0,1.0D0,1.0D0,1.0D0,1.0D0,1.0D0,1.0D0,1.0D0,1.0D0,     0000011P    798
1.0D0,1.0D0,1.0D0,1.0D0,1.0D0,1.0D0,1.0D0,1.0D0,1.0D0,1.0D0,     0000011P    799
1.0D0,1.0D0,1.0D0,1.0D0,1.0D0,1.0D0,1.0D0,1.0D0,1.0D0,1.0D0,     0000011P    800
1.0D0,1.0D0,1.0D0,1.0D0,1.0D0,1.0D0,1.0D0,1.0D0,1.0D0,1.0D0,     0000011P    801
1.0D0,1.0D0,1.0D0,1.0D0,1.0D0,1.0D0,1.0D0,1.0D0,1.0D0,1.0D0,     0000011P    802
1.0D0,1.0D0,1.0D0,1.0D0,1.0D0,1.0D0,1.0D0,1.0D0,1.0D0,1.0D0,     0000011P    803
1.0D0,1.0D0,1.0D0,1.0D0,1.0D0,1.0D0,1.0D0,1.0D0,1.0D0,1.0D0,     0000011P    804
1.0D0,1.0D0,1.0D0,1.0D0,1.0D0,1.0D0,1.0D0,1.0D0,1.0D0,1.0D0,     0000011P    805
1.0D0,1.0D0,1.0D0,1.0D0,1.0D0,1.0D0,1.0D0,1.0D0,1.0D0,1.0D0,     0000011P    806
1.0D0,1.0D0,1.0D0,1.0D0,1.0D0,1.0D0,1.0D0,1.0D0,1.0D0,1.0D0,     0000011P    807
1.0D0,1.0D0,1.0D0,1.0D0,1.0D0,1.0D0,1.0D0,1.0D0,1.0D0,1.0D0,     0000011P    808
1.0D0,1.0D0,1.0D0,1.0D0,1.0D0,1.0D0,1.0D0,1.0D0,1.0D0,1.0D0,     0000011P    809
1.0D0,1.0D0,1.0D0,1.0D0,1.0D0,1.0D0,1.0D0,1.0D0,1.0D0,1.0D0,     0000011P    810
1.0D0,1.0D0,1.0D0,1.0D0,1.0D0,1.0D0,1.0D0,1.0D0,1.0D0,1.0D0,     0000011P    811
1.0D0,1.0D0,1.0D0,1.0D0,1.0D0,1.0D0,1.0D0,1.0D0,1.0D0,1.0D0,     0000011P    812
1.0D0,1.0D0,1.0D0,1.0D0,1.0D0,1.0D0,1.0D0,1.0D0,1.0D0,1.0D0,     0000011P    813
1.0D0,1.0D0,1.0D0,1.0D0,1.0D0,1.0D0,1.0D0,1.0D0,1.0D0,1.0D0,     0000011P    814
1.0D0,1.0D0,1.0D0,1.0D0,1.0D0,1.0D0,1.0D0,1.0D0,1.0D0,1.0D0,     0000011P    815
1.0D0,1.0D0,1.0D0,1.0D0,1.0D0,1.0D0,1.0D0,1.0D0,1.0D0,1.0D0,     0000011P    816
1.0D0,1.0D0,1.0D0,1.0D0,1.0D0,1.0D0,1.0D0,1.0D0,1.0D0,1.0D0,     0000011P    817
1.0D0,1.0D0,1.0D0,1.0D0,1.0D0,1.0D0,1.0D0,1.0D0,1.0D0,1.0D0,     0000011P    818
1.0D0,1.0D0,1.0D0,1.0D0,1.0D0,1.0D0,1.0D0,1.0D0,1.0D0,1.0D0,     0000011P    819
1.0D0,1.0D0,1.0D0,1.0D0,1.0D0,1.0D0,1.0D0,1.0D0,1.0D0,1.0D0,     0000011P    820
1.0D0,1.0D0,1.0D0,1.0D0,1.0D0,1.0D0,1.0D0,1.0D0,1.0D0,1.0D0,     0000011P    821
1.0D0,1.0D0,1.0D0,1.0D0,1.0D0,1.0D0,1.0D0,1.0D0,1.0D0,1.0D0,     0000011P    822
1.0D0,1.0D0,1.0D0,1.0D0,1.0D0,1.0D0,1.0D0,1.0D0,1.0D0,1.0D0,     0000011P    823
1.0D0,1.0D0,1.0D0,1.0D0,1.0D0,1.0D0,1.0D0,1.0D0,1.0D0,1.0D0,     0000011P    824
1.0D0,1.0D0,1.0D0,1.0D0,1.0D0,1.0D0,1.0D0,1.0D0,1.0D0,1.0D0,     0000011P    825
1.0D0,1.0D0,1.0D0,1.0D0,1.0D0,1.0D0,1.0D0,1.0D0,1.0D0,1.0D0,     0000011P    826
1.0D0,1.0D0,1.0D0,1.0D0,1.0D0,1.0D0,1.0D0,1.0D0,1.0D0,1.0D0,     0000011P    827
1.0D0,1.0D0,1.0D0,1.0D0,1.0D0,1.0D0,1.0D0,1.0D0,1.0D0,1.0D0,     0000011P    828
1.0D0,1.0D0,1.0D0,1.0D0,1.0D0,1.0D0,1.0D0,1.0D0,1.0D0,1.0D0,     0000011P    829
1.0D0,1.0D0,1.0D0,1.0D0,1.0D0,1.0D0,1.0D0,1.0D0,1.0D0,1.0D0,     0000011P    830
1.0D0,1.0D0,1.0D0,1.0D0,1.0D0,1.0D0,1.0D0,1.0D0,1.0D0,1.0D0,     0000011P    831
1.0D0,1.0D0,1.0D0,1.0D0,1.0D0,1.0D0,1.0D0,1.0D0,1.0D0,1.0D0,     0000011P    832
1.0D0,1.0D0,1.0D0,1.0D0,1.0D0,1.0D0,1.0D0,1.0D0,1.0D0,1.0D0,     0000011P    833
1.0D0,1.0D0,1.0D0,1.0D0,1.0D0,1.0D0,1.0D0,1.0D0,1.0D0,1.0D0,     0000011P    834
1.0D0,1.0D0,1.0D0,1.0D0,1.0D0,1.0D0,1.0D0,1.0D0,1.0D0,1.0D0,     0000011P    835
1.0D0,1.0D0,1.0D0,1.0D0,1.0D0,1.0D0,1.0D0,1.0D0,1.0D0,1.0D0,     0000011P    836
1.0D0,1.0D0,1.0D0,1.0D0,1.0D0,1.0D0,1.0D0,1.0D0,1.0D0,1.0D0,     0000011P    837
1.0D0,1.0D0,1.0D0,1.0D0,1.0D0,1.0D0,1.0D0,1.0D0,1.0D0,1.0D0,     0000011P    838
1.0D0,1.0D0,1.0D0,1.0D0,1.0D0,1.0D0,1.0D0,1.0D0,1.0D0,1.0D0,     0000011P    839
1.0D0,1.0D0,1.0D0,-256.5688988939061D0,-117.907783696258D0,      0000011P    840
339.37D0,-242.3322943744005D0,-121.0555074879908D0,339.37D0,     0000011P    841
-213.8597684711684D0,-127.2918717096443D0,339.37D0,              0000011P    842
-171.0217368353091D0,-136.5069892351034D0,339.37D0,              0000011P    843
-128.3570526000432D0,-145.528142530388D0,339.37D0,               0000011P    844
-85.47691032611054D0,-154.4081985175977D0,339.3700000000001D0,   0000011P    845
-42.86050569808446D0,-163.020180809045D0,339.3700000000001D0,    0000011P    846
-0.04884617317897831D0,-171.4261482995984D0,339.37D0,            0000011P    847
42.62876599457344D0,-179.5294361260011D0,339.3700000000001D0,    0000011P    848
85.38931255002505D0,-187.3202635460302D0,339.37D0,               0000011P    849
128.1283361071948D0,-194.7265624139481D0,339.3700000000001D0,    0000011P    850
166.1087486137524D0,-200.93502771063D0,339.37D0,                 0000011P    851
199.3846729293888D0,-206.0754180178298D0,339.3700000000001D0,    0000011P    852
227.8909491313034D0,-210.2587621635495D0,339.37D0,               0000011P    853
256.3479046659574D0,-214.199866987844D0,339.3699999999999D0,     0000011P    854
284.8878275430796D0,-217.9012740649403D0,339.37D0,               0000011P    855
313.3911414536541D0,-221.3358165472973D0,339.37D0,               0000011P    856
341.8426539319684D0,-224.4924304913352D0,339.37D0,               0000011P    857
370.3997476200573D0,-227.3767543130647D0,339.37D0,               0000011P    858
398.8944655921848D0,-229.9624830134765D0,339.37D0,               0000011P    859
432.0929815039232D0,-232.6257888638088D0,339.3700000000001D0,    0000011P    860
470.1788177575551D0,-235.1647577296853D0,339.37D0,               0000011P    861
508.1207906074866D0,-237.0817935137243D0,339.37D0,               0000011P    862
541.4158688086792D0,-238.3203973951209D0,339.37D0,               0000011P    863
569.9218858501939D0,-239.0645349503341D0,339.37D0,               0000011P    864
603.1447813225249D0,-239.5506174989575D0,339.37D0,               0000011P    865
641.2035279653935D0,-239.5408366821592D0,339.37D0,               0000011P    866
679.1564272301463D0,-238.8514315839407D0,339.3700000000001D0,    0000011P    867
712.4600754782006D0,-237.7476159762784D0,339.3700000000001D0,    0000011P    868
740.9375826243595D0,-236.4654021717856D0,339.37D0,               0000011P    869
774.1861189795054D0,-234.5784219644112D0,339.37D0,               0000011P    870
812.2154772469045D0,-231.8664288667829D0,339.37D0,               0000011P    871
854.9470822889705D0,-228.0940519740232D0,339.37D0,               0000011P    872
897.730592217802D0,-223.6109596836763D0,339.3699999999999D0,     0000011P    873
940.4571149375447D0,-218.4554657451517D0,339.3699999999998D0,    0000011P    874
983.2414054944828D0,-212.6399302891828D0,339.37D0,               0000011P    875
1025.961054729733D0,-206.1970547111153D0,339.37D0,               0000011P    876
1068.766664979242D0,-199.1190166993506D0,339.37D0,               0000011P    877
1106.713630699981D0,-192.3143620935719D0,339.37D0,               0000011P    878
1139.97454730686D0,-185.9794119871347D0,339.37D0,                0000011P    879
1168.494114174389D0,-180.2999282562974D0,339.3700000000001D0,    0000011P    880
1201.71443706501D0,-173.4064563749896D0,339.3700000000001D0,     0000011P    881
1239.754744184622D0,-165.1276203055121D0,339.3700000000001D0,    0000011P    882
1282.490383831702D0,-155.3365406686604D0,339.3700000000001D0,    0000011P    883
1325.241035248889D0,-145.0789185620393D0,339.37D0,               0000011P    884
1363.243376302831D0,-135.566887838988D0,339.37D0,                0000011P    885
1396.463260100922D0,-126.9836407446622D0,339.3700000000001D0,    0000011P    886
1424.990307439654D0,-119.4461578453972D0,339.3700000000001D0,    0000011P    887
1453.478402827535D0,-111.7670814918032D0,339.3700000000001D0,    0000011P    888
1481.975378783498D0,-103.9447144827174D0,339.37D0,               0000011P    889
1510.462167742691D0,-95.97577147287073D0,339.3699999999998D0,    0000011P    890
1530.404654266013D0,-90.29595300631168D0,339.3699999999998D0,    0000011P    891
1541.798600262465D0,-87.02221913806041D0,339.3699999999998D0,    0000011P    892
1544.625047640318D0,-86.20889803618714D0,339.3699999999998D0,    0000011P    893
1547.503363177336D0,-85.37944820322561D0,339.3699999999997D0,    0000011P    894
1550.329100757129D0,-84.56401990907925D0,339.3699999999998D0,    0000011P    895
1553.208765379632D0,-83.73192456930821D0,339.3699999999998D0,    0000011P    896
1556.038510362592D0,-82.91320298908936D0,339.3699999999998D0,    0000011P    897
1558.896143803789D0,-82.08540244981799D0,339.3699999999998D0,    0000011P    898
1561.736693072907D0,-81.26157630822095D0,339.3699999999999D0,    0000011P    899
1564.612699697695D0,-80.4265102474974D0,339.3699999999999D0,     0000011P    900
1567.448155529993D0,-79.60230562724011D0,339.3699999999999D0,    0000011P    901
1570.298294154652D0,-78.77295847230096D0,339.37D0,               0000011P    902
1573.162095417447D0,-77.93876882955185D0,339.37D0,               0000011P    903
1575.996669765215D0,-77.11226868265815D0,339.37D0,               0000011P    904
1578.847343560375D0,-76.28027259959512D0,339.37D0,               0000011P    905
1581.694686186978D0,-75.44846632526425D0,339.3700000000001D0,    0000011P    906
1584.553380649209D0,-74.61257902597261D0,339.3700000000001D0,    0000011P    907
1587.40205917993D0,-73.77887903901436D0,339.3700000000001D0,     0000011P    908
1590.259908417376D0,-72.94176810518141D0,339.3700000000002D0,    0000011P    909
1593.090003787419D0,-72.11209181818225D0,339.3700000000002D0,    0000011P    910
1595.965558852501D0,-71.26839168024578D0,339.3700000000002D0,    0000011P    911
1598.787471183637D0,-70.43976457449435D0,339.3700000000002D0,    0000011P    912
1601.646775934362D0,-69.59950306146141D0,339.3700000000002D0,    0000011P    913
1604.487772649733D0,-68.76397762952456D0,339.3700000000003D0,    0000011P    914
1607.3433881821D0,-67.92352289105087D0,339.3700000000002D0,      0000011P    915
1610.187279141976D0,-67.08589940417551D0,339.3700000000003D0,    0000011P    916
1613.035027209727D0,-66.24653921488435D0,339.3700000000002D0,    0000011P    917
1615.897460927568D0,-65.40223711145676D0,339.3700000000003D0,    0000011P    918
1618.702208128757D0,-64.57440989439164D0,339.3700000000002D0,    0000011P    919
1621.666974972021D0,-63.69864890124514D0,339.3700000000002D0,    0000011P    920
1625.300005049804D0,-62.62515864023462D0,339.3700000000002D0,    0000011P    921
1637.142340481972D0,-59.12011540587214D0,339.3700000000002D0,    0000011P    922
1648.607659825835D0,-55.70622589655449D0,339.3700000000002D0,    0000011P    923
1660.971857509344D0,-52.00232953409498D0,339.3700000000002D0,    0000011P    924
1673.052101245265D0,-48.36045994880367D0,339.3700000000002D0,    0000011P    925
1685.22449584638D0,-44.67497515487648D0,339.3700000000001D0,     0000011P    926
1697.341406477217D0,-40.99528476570531D0,339.3700000000001D0,    0000011P    927
1709.496149529437D0,-37.2971785686181D0,339.3700000000001D0,     0000011P    928
1721.625988725858D0,-33.6006117691531D0,339.3700000000001D0,     0000011P    929
1733.801526760989D0,-29.88410614556083D0,339.37D0,               0000011P    930
1745.905223591923D0,-26.18347311913008D0,339.37D0,               0000011P    931
1758.051565600892D0,-22.46344177314005D0,339.37D0,               0000011P    932
1770.170435556057D0,-18.74499154287321D0,339.37D0,               0000011P    933
1782.290549971002D0,-15.01873734081561D0,339.37D0,               0000011P    934
1794.488912164367D0,-11.26001247040924D0,339.37D0,               0000011P    935
1806.563517940065D0,-7.529990510583787D0,339.37D0,               0000011P    936
1818.673293074127D0,-3.778220237688571D0,339.37D0,               0000011P    937
1826.77232871816D0,-1.260300663686755D0,339.37D0,                0000011P    938
1830.81754642198D0,-2.842170943040401D-14,339.37D0,              0000011P    939
-256.5688988939078D0,-117.5880412597436D0,338.3653796498574D0,   0000011P    940
-242.3320081138416D0,-120.7396651150175D0,338.3329818347282D0,   0000011P    941
-213.8590953988855D0,-126.9832756779201D0,338.2672263298296D0,   0000011P    942
-171.0221124853952D0,-136.2073757063976D0,338.1678335272217D0,   0000011P    943
-128.3562228723398D0,-145.2358947624553D0,338.0692051924501D0,   0000011P    944
-85.47732703621786D0,-154.1215545221021D0,337.970993595358D0,    0000011P    945
-42.85966856968845D0,-162.7381692657508D0,337.8715704720994D0,   0000011P    946
-0.04912155273698716D0,-171.1490769505911D0,337.7715409873472D0, 0000011P    947
42.62903047637247D0,-179.2597480736068D0,337.6702129010569D0,    0000011P    948
85.38928053193446D0,-187.0579638097391D0,337.5677538240993D0,    0000011P    949
128.1282009696169D0,-194.4696323511607D0,337.4638147783197D0,    0000011P    950
166.1088522954086D0,-200.6829395920263D0,337.3741163727367D0,    0000011P    951
199.3844671131205D0,-205.8289803040765D0,337.3006239853039D0,    0000011P    952
227.8906159684887D0,-210.0180700480371D0,337.24160156194D0,      0000011P    953
256.3481013972052D0,-213.9657630186288D0,337.1870946092394D0,    0000011P    954
284.8873746755629D0,-217.6744205178064D0,337.1380404121371D0,    0000011P    955
313.3906393821117D0,-221.1165530068857D0,337.0931509063187D0,    0000011P    956
341.8428673834455D0,-224.280683129468D0,337.051438034326D0,      0000011P    957
370.3993947960595D0,-227.1719520224919D0,337.0118924916402D0,    0000011P    958
398.8940698628641D0,-229.764205751494D0,336.9748040227098D0,     0000011P    959
432.0932335634481D0,-232.4346583268572D0,336.934967378601D0,     0000011P    960
470.1782127137628D0,-234.9811577267188D0,336.8951878675126D0,    0000011P    961
508.1209530315459D0,-236.9043827613055D0,336.8621786387065D0,    0000011P    962
541.415697793896D0,-238.1468656116586D0,336.8385268732479D0,     0000011P    963
569.9217390878675D0,-238.8932812992191D0,336.8204887584117D0,    0000011P    964
603.1448997471556D0,-239.3807687425723D0,336.8005889915328D0,    0000011P    965
641.2031440819909D0,-239.3707711460115D0,336.7773908387158D0,    0000011P    966
679.1566002951821D0,-238.6783076245325D0,336.763380032643D0,     0000011P    967
712.4597921729162D0,-237.5692842588918D0,336.765017958941D0,     0000011P    968
740.9373939229191D0,-236.2811305270967D0,336.7716932400334D0,    0000011P    969
774.1862528174797D0,-234.3858319745417D0,336.7807227496826D0,    0000011P    970
812.2151021659569D0,-231.6628250755485D0,336.7858683954305D0,    0000011P    971
854.9472742757574D0,-227.8762762528482D0,336.7976838227966D0,    0000011P    972
897.7301993219364D0,-223.3775984310288D0,336.8286384800343D0,    0000011P    973
940.4573090154854D0,-218.2058323863276D0,336.8672620458083D0,    0000011P    974
983.2410221047384D0,-212.3742652720817D0,336.9019672495031D0,    0000011P    975
1025.961273547272D0,-205.9157755133758D0,336.9391693583282D0,    0000011P    976
1068.766172764912D0,-198.8230283421105D0,336.9852067508242D0,    0000011P    977
1106.713755680737D0,-192.0064161138503D0,337.0307910971881D0,    0000011P    978
1139.974426531741D0,-185.6623434407542D0,337.0716076532014D0,    0000011P    979
1168.493759265046D0,-179.9757535033348D0,337.1067056872133D0,    0000011P    980
1201.714623688029D0,-173.0745425542859D0,337.1472701960381D0,    0000011P    981
1239.754459496782D0,-164.7875895194758D0,337.1921428585893D0,    0000011P    982
1282.490460423546D0,-154.9902845471057D0,337.2481333848131D0,    0000011P    983
1325.241014717676D0,-144.7316821718592D0,337.3169438623279D0,    0000011P    984
1363.243401183741D0,-135.2214673819368D0,337.3817216052181D0,    0000011P    985
1396.46320566842D0,-126.6403134602354D0,337.4351900579098D0,     0000011P    986
1424.989933947105D0,-119.1057043880224D0,337.481469872495D0,     0000011P    987
1453.478356330378D0,-111.4311276946556D0,337.5308916891631D0,    0000011P    988
1481.975943078963D0,-103.6156579032118D0,337.5861140534161D0,    0000011P    989
1510.463243517031D0,-95.65492333845248D0,337.6447493665655D0,    0000011P    990
1530.405043811404D0,-89.98101174011349D0,337.6863520325199D0,    0000011P    991
1541.798470562679D0,-86.71042558979633D0,337.7098003458591D0,    0000011P    992
1544.625143188259D0,-85.89782282129073D0,337.7157094919447D0,    0000011P    993
1547.503128136529D0,-85.0691711392205D0,337.7215491358664D0,     0000011P    994
1550.328981490929D0,-84.25445340004532D0,337.7273974767999D0,    0000011P    995
1553.208528325403D0,-83.42315732822257D0,337.7332376234856D0,    0000011P    996
1556.038330515766D0,-82.6051569339302D0,337.7390322119501D0,     0000011P    997
1558.89573577855D0,-81.77812927714524D0,337.7447744984808D0,     0000011P    998
1561.736335297585D0,-80.9550568938807D0,337.7505244306987D0,     0000011P    999
1564.612085504595D0,-80.12081435099199D0,337.7562221417679D0,    0000011P   1000
1567.447646119879D0,-79.29738106869776D0,337.7619136431014D0,    0000011P   1001
1570.297686193178D0,-78.46884641685281D0,337.7675456548904D0,    0000011P   1002
1573.161332286428D0,-77.63551167421315D0,337.7731445139734D0,    0000011P   1003
1575.995997236525D0,-76.80984094934082D0,337.7787205223633D0,    0000011P   1004
1578.846635155587D0,-75.97872623124151D0,337.7842477354835D0,    0000011P   1005
1581.693963689854D0,-75.14782406902842D0,337.7897320124604D0,    0000011P   1006
1584.552605686812D0,-74.3128906850767D0,337.7951759092711D0,     0000011P   1007
1587.40145146612D0,-73.48016192940978D0,337.8006068427039D0,     0000011P   1008
1590.259215715657D0,-72.64407409846689D0,337.8059448437949D0,    0000011P   1009
1593.089645052321D0,-71.81541443847998D0,337.8112904535257D0,    0000011P   1010
1595.965038255046D0,-70.9728486131929D0,337.816519113758D0,      0000011P   1011
1598.787348183118D0,-70.14531204362199D0,337.8218037208824D0,    0000011P   1012
1601.646784462596D0,-69.30625110685347D0,337.8268582056299D0,    0000011P   1013
1604.487752013588D0,-68.47194672969425D0,337.8332455744069D0,    0000011P   1014
1607.34327311701D0,-67.63279105828539D0,337.8395557475188D0,     0000011P   1015
1610.187122661579D0,-66.79650373286512D0,337.8459277062167D0,    0000011P   1016
1613.03497375216D0,-65.95854553413327D0,337.8523689148175D0,     0000011P   1017
1615.897262433729D0,-65.11573228597428D0,337.8587854925951D0,    0000011P   1018
1618.702421229241D0,-64.28936271707833D0,337.8653105596321D0,    0000011P   1019
1621.666041844978D0,-63.41539498281414D0,337.8716308481689D0,    0000011P   1020
1625.305348830896D0,-62.34335119898819D0,337.8823863786898D0,    0000011P   1021
1637.088022426514D0,-58.85220594090062D0,337.8865210012817D0,    0000011P   1022
1648.511772868688D0,-55.45065710188931D0,337.8962134500197D0,    0000011P   1023
1660.825741877402D0,-51.76115864666438D0,337.9042442275753D0,    0000011P   1024
1672.858837501494D0,-48.13374593462758D0,337.9124137889337D0,    0000011P   1025
1684.983456663876D0,-44.46336444701072D0,337.920178680918D0,     0000011P   1026
1697.05321943483D0,-40.79913526650597D0,337.9277100549363D0,     0000011P   1027
1709.160871842569D0,-37.11697558096225D0,337.9350224665812D0,    0000011P   1028
1721.243966723177D0,-33.43671847430205D0,337.9421126168951D0,    0000011P   1029
1733.372792111581D0,-29.7369976903199D0,337.9490506431336D0,     0000011P   1030
1745.43019375117D0,-26.05341294554898D0,337.9557338252265D0,     0000011P   1031
1757.530255389835D0,-22.35088321364285D0,337.962311827031D0,     0000011P   1032
1769.603172516783D0,-18.65026002165947D0,337.968787393089D0,     0000011P   1033
1781.677342156292D0,-14.94220192483664D0,337.9751109292861D0,    0000011P   1034
1793.829499732634D0,-11.20217220614233D0,337.9814250359837D0,    0000011P   1035
1805.858483467786D0,-7.490989450724387D0,337.9875993976384D0,    0000011P   1036
1817.922613212938D0,-3.758478089752445D0,337.9938726183923D0,    0000011P   1037
1825.990957777819D0,-1.253684000102007D0,337.998016457347D0,     0000011P   1038
1830.020849395649D0,-2.838803668360973D-14,338.0001043302797D0,  0000011P   1039
-256.5688988939117D0,-116.9453967598975D0,336.3541954710306D0,   0000011P   1040
-242.3314355927242D0,-120.1039828386386D0,336.2553627347584D0,   0000011P   1041
-213.8577492543198D0,-126.3607436298521D0,336.055848127107D0,    0000011P   1042
-171.022863785567D0,-135.6016881497412D0,335.7562008710701D0,    0000011P   1043
-128.3545634169325D0,-144.6446059074659D0,335.4595635917491D0,   0000011P   1044
-85.47816045643226D0,-153.5422498771856D0,335.1684668707154D0,   0000011P   1045
-42.85799431289629D0,-162.1703406563576D0,334.8816221789409D0,   0000011P   1046
-0.04967231185288404D0,-170.5925676374558D0,334.5928353912067D0, 0000011P   1047
42.62955943997065D0,-178.7164589321836D0,334.2919844246326D0,    0000011P   1048
85.3892164957534D0,-186.5265037530544D0,333.9787371200633D0,     0000011P   1049
128.1279306944614D0,-193.9461433774792D0,333.6512363436726D0,    0000011P   1050
166.1090596587209D0,-200.1671756397435D0,333.3663470959927D0,    0000011P   1051
199.3840554805841D0,-205.3234139128837D0,333.1356561961147D0,    0000011P   1052
227.8899496428592D0,-209.5235230954327D0,332.954284285735D0,     0000011P   1053
256.3484948597008D0,-213.4844494181923D0,332.7928724664378D0,    0000011P   1054
284.8864689405295D0,-217.2082463564749D0,332.6561574095089D0,    0000011P   1055
313.389635239027D0,-220.6663466133717D0,332.535010500813D0,      0000011P   1056
341.8432942863997D0,-223.8460181274548D0,332.4212616311748D0,    0000011P   1057
370.3986891480636D0,-226.7509845841409D0,332.3067336147716D0,    0000011P   1058
398.8932784042227D0,-229.355714361858D0,332.1945862186476D0,     0000011P   1059
432.0937376824979D0,-232.0397142628136D0,332.0708532570646D0,    0000011P   1060
470.1770026261787D0,-234.6008340980785D0,331.945853409583D0,     0000011P   1061
508.1212778796646D0,-236.5368779020317D0,331.8498970174699D0,    0000011P   1062
541.4153557643285D0,-237.7884267932514D0,331.7950480554584D0,    0000011P   1063
569.9214455632127D0,-238.540457341138D0,331.7547295477631D0,     0000011P   1064
603.1451365964167D0,-239.0311105817382D0,331.7004409356104D0,    0000011P   1065
641.2023763151933D0,-239.018682844407D0,331.6065675927529D0,     0000011P   1066
679.1569464252586D0,-238.3182130513779D0,331.5378933273949D0,    0000011P   1067
712.4592255623306D0,-237.1993752717345D0,331.5426441066775D0,    0000011P   1068
740.9370165200105D0,-235.9004940090551D0,331.5694943701589D0,    0000011P   1069
774.186520493423D0,-233.9895877720691D0,331.6022884162192D0,     0000011P   1070
812.2143520041691D0,-231.2437640327462D0,331.6061743601817D0,    0000011P   1071
854.947658249405D0,-227.4281266344603D0,331.6294174546945D0,     0000011P   1072
897.7294135298049D0,-222.9004795855844D0,331.7361248756707D0,    0000011P   1073
940.4576971710928D0,-217.6990948182453D0,331.8726571057505D0,    0000011P   1074
983.240255326748D0,-211.8368785800674D0,331.9849258550822D0,     0000011P   1075
1025.961711183372D0,-205.3476136123719D0,332.0957644379659D0,    0000011P   1076
1068.765188330632D0,-198.2254915908378D0,332.2277851636034D0,    0000011P   1077
1106.714005638214D0,-191.3854741639815D0,332.3618244457342D0,    0000011P   1078
1139.974184993831D0,-185.0245591328625D0,332.489325614191D0,     0000011P   1079
1168.493049466799D0,-179.3248378275783D0,332.5988813869168D0,    0000011P   1080
1201.714996938102D0,-172.408356289954D0,332.7194118066545D0,     0000011P   1081
1239.753890042093D0,-164.1025875231137D0,332.8352192176832D0,    0000011P   1082
1282.490613553267D0,-154.2898936103221D0,332.9814583190021D0,    0000011P   1083
1325.240973951744D0,-144.0301640749035D0,333.1888259826598D0,    0000011P   1084
1363.243451158548D0,-134.5255516513625D0,333.3916335944402D0,    0000011P   1085
1396.463096152065D0,-125.9496424519734D0,333.5558245108105D0,    0000011P   1086
1424.989185881683D0,-118.4213721729767D0,333.6961050611395D0,    0000011P   1087
1453.478262998977D0,-110.7562113264629D0,333.8446993652166D0,    0000011P   1088
1481.977074116665D0,-102.9549201028173D0,334.0102774566994D0,    0000011P   1089
1510.465399124136D0,-95.01105403594369D0,334.1865536595435D0,    0000011P   1090
1530.405825008314D0,-89.34938932934307D0,334.3125583613764D0,    0000011P   1091
1541.798210472089D0,-86.08540522564412D0,334.3840767303119D0,    0000011P   1092
1544.625332823921D0,-85.27431876663832D0,334.4021204824552D0,    0000011P   1093
1547.502655772405D0,-84.44734527853979D0,334.4199752105067D0,    0000011P   1094
1550.328739812817D0,-83.63413255929801D0,334.4378739858391D0,    0000011P   1095
1553.208050179298D0,-82.80452071954193D0,334.4557646085217D0,    0000011P   1096
1556.037965875982D0,-81.98804994782881D0,334.47353346048D0,      0000011P   1097
1558.894913869082D0,-81.16265662967641D0,334.4911587844234D0,    0000011P   1098
1561.735612982898D0,-80.34118142804705D0,334.5088188970617D0,    0000011P   1099
1564.61084946929D0,-79.50867644548599D0,334.526332671734D0,      0000011P   1100
1567.446618797651D0,-78.68687699184072D0,334.5438366165255D0,    0000011P   1101
1570.296460959681D0,-77.86005889534899D0,334.5611693658572D0,    0000011P   1102
1573.159795961823D0,-77.02852566691232D0,334.5784084040909D0,    0000011P   1103
1575.994641433259D0,-76.20460543326317D0,334.5955831111124D0,    0000011P   1104
1578.8452069977D0,-75.37534479384529D0,334.6126141270383D0,      0000011P   1105
1581.692506837931D0,-74.54634167457236D0,334.6295175030947D0,    0000011P   1106
1584.551043500224D0,-73.71340617833303D0,334.6462993810594D0,    0000011P   1107
1587.400223490017D0,-72.88270894898631D0,334.6630404851447D0,    0000011P   1108
1590.257817606648D0,-72.04875516264322D0,334.6794993823049D0,    0000011P   1109
1593.088914861252D0,-71.2222151389599D0,334.695976169332D0,      0000011P   1110
1595.963984477924D0,-70.38200263308715D0,334.7120956456578D0,    0000011P   1111
1598.787089904678D0,-69.55672991020657D0,334.7283749743006D0,    0000011P   1112
1601.646789724792D0,-68.72015074888699D0,334.7439544213004D0,    0000011P   1113
1604.487699620662D0,-67.88836672117117D0,334.7635214797228D0,    0000011P   1114
1607.34303274251D0,-67.05188480912528D0,334.7828443843315D0,     0000011P   1115
1610.186800547649D0,-66.21834258557078D0,334.8023385527254D0,    0000011P   1116
1613.034859002112D0,-65.38325806901267D0,334.822024851703D0,     0000011P   1117
1615.896859168584D0,-64.54348892292262D0,334.8416201129321D0,    0000011P   1118
1618.70284296159D0,-63.72009750075067D0,334.8615221705076D0,     0000011P   1119
1621.664173194707D0,-62.84977536186764D0,334.8807896949971D0,    0000011P   1120
1625.316037510217D0,-61.7807069319468D0,334.9134826012253D0,     0000011P   1121
1636.979393111851D0,-58.31745263116051D0,334.9263733646322D0,    0000011P   1122
1648.320014588245D0,-54.94067830692327D0,334.9559197714909D0,    0000011P   1123
1660.533536790085D0,-51.28004409187417D0,334.9803469633537D0,    0000011P   1124
1672.472348399317D0,-47.68158954587849D0,335.0050611960286D0,    0000011P   1125
1684.501430520079D0,-44.04143582651973D0,335.0284370008372D0,    0000011P   1126
1696.476912995135D0,-40.40812769737071D0,335.0509927228562D0,    0000011P   1127
1708.490401086763D0,-36.75783788960236D0,335.0727769197154D0,    0000011P   1128
1720.480025818554D0,-33.1101559861856D0,335.0937845853943D0,     0000011P   1129
1732.51544586723D0,-29.44394040428307D0,335.1142310225125D0,     0000011P   1130
1744.480278509747D0,-25.79436819319672D0,335.1338129617113D0,    0000011P   1131
1756.487802186282D0,-22.1267388496089D0,335.1529842854151D0,     0000011P   1132
1768.468837789094D0,-18.46164882640857D0,335.1717581181009D0,    0000011P   1133
1780.451143324822D0,-14.78984470661701D0,335.189990568279D0,     0000011P   1134
1792.510918389969D0,-11.08705047453426D0,335.208114327885D0,     0000011P   1135
1804.448686003611D0,-7.413375470024479D0,335.2257433411422D0,    0000011P   1136
1816.421554128219D0,-3.719196176177947D0,335.2435983113276D0,    0000011P   1137
1824.428536745422D0,-1.24051964639334D0,335.2553428804638D0,     0000011P   1138
1828.42778648319D0,-2.832069119002117D-14,335.2612528856206D0,   0000011P   1139
-256.5688988939131D0,-115.978241765239D0,333.3561434659092D0,    0000011P   1140
-242.3305768110447D0,-119.1485537274266D0,333.1682182452842D0,   0000011P   1141
-213.85573003747D0,-125.4264999886375D0,332.7827643803365D0,     0000011P   1142
-171.0239907358254D0,-134.6924024082583D0,332.192492262711D0,    0000011P   1143
-128.3520742338221D0,-143.754924184193D0,331.6032646103625D0,    0000011P   1144
-85.4794105867536D0,-152.6644046990257D0,331.0009672155039D0,    0000011P   1145
-42.85548292770757D0,-161.2969500244786D0,330.3637256926819D0,   0000011P   1146
-0.05049845052626352D0,-169.7229756241519D0,329.7240971401418D0, 0000011P   1147
42.6303528853685D0,-177.859327991491D0,329.1069799893627D0,      0000011P   1148
85.38912044148243D0,-185.6885637357418D0,328.5144212755632D0,    0000011P   1149
128.1275252817285D0,-193.1333934401434D0,327.9452900843326D0,    0000011P   1150
166.1093707036899D0,-199.379761076252D0,327.4613025904919D0,     0000011P   1151
199.3834380317802D0,-204.5586394194183D0,327.0554066910594D0,    0000011P   1152
227.8889501544159D0,-208.7773244498738D0,326.7159474796795D0,    0000011P   1153
256.349085053445D0,-212.75486880969D0,326.3813606222194D0,       0000011P   1154
284.8851103379799D0,-216.4918599905458D0,326.0505591629802D0,    0000011P   1155
313.3881290244001D0,-219.9620942471254D0,325.7341039021528D0,    0000011P   1156
341.8439346408314D0,-223.1548935362218D0,325.4441526181802D0,    0000011P   1157
370.3976306760711D0,-226.0757484916628D0,325.1925386207599D0,    0000011P   1158
398.8920912162625D0,-228.6984749299418D0,324.9729858051833D0,    0000011P   1159
432.0944938610734D0,-231.4047378214977D0,324.7484484266926D0,    0000011P   1160
470.1751874947972D0,-233.9913957777684D0,324.5290041970357D0,    0000011P   1161
508.1217651518393D0,-235.9466404028886D0,324.3195945082314D0,    0000011P   1162
541.4148427199905D0,-237.2052766161575D0,324.1209579517823D0,    0000011P   1163
569.921005276252D0,-237.959848645294D0,323.9642540132328D0,      0000011P   1164
603.1454918703131D0,-238.4528484377459D0,323.8258208986184D0,    0000011P   1165
641.201224664918D0,-238.4472464214719D0,323.7716635007752D0,     0000011P   1166
679.1574656203172D0,-237.7470250958148D0,323.7808698657109D0,    0000011P   1167
712.458375646628D0,-236.6152586842601D0,323.7910995556606D0,     0000011P   1168
740.9364504159378D0,-235.2992171744949D0,323.8071037357596D0,    0000011P   1169
774.1869220073951D0,-233.3647142447176D0,323.841232938894D0,     0000011P   1170
812.2132267603714D0,-230.5918365177559D0,323.9127911437352D0,    0000011P   1171
854.9482342091144D0,-226.7391541786681D0,324.0267406657607D0,    0000011P   1172
897.7282348457806D0,-222.1616825744894D0,324.1640106031955D0,    0000011P   1173
940.4582794073544D0,-216.905551475454D0,324.3234103329392D0,     0000011P   1174
983.2391051441429D0,-210.9921525839095D0,324.5033916831608D0,    0000011P   1175
1025.962367626854D0,-204.4569564901978D0,324.7295212523893D0,    0000011P   1176
1068.763711737739D0,-197.2967845666523D0,325.0268679767092D0,    0000011P   1177
1106.714380616468D0,-190.4248568812353D0,325.309551678561D0,     0000011P   1178
1139.973822558578D0,-184.0345624637416D0,325.5365575175637D0,    0000011P   1179
1168.49198455652D0,-178.3119835935799D0,325.7320394215969D0,     0000011P   1180
1201.715556771194D0,-171.375331041733D0,325.9792032276693D0,     0000011P   1181
1239.75303668297D0,-163.0622658127737D0,326.3137469453654D0,     0000011P   1182
1282.490843809925D0,-153.2507840850465D0,326.7249688768289D0,    0000011P   1183
1325.240909714685D0,-142.990916502094D0,327.1336533969271D0,     0000011P   1184
1363.243523902353D0,-133.488160043297D0,327.49186608769D0,       0000011P   1185
1396.462938661674D0,-124.9176460391118D0,327.7988219491145D0,    0000011P   1186
1424.988075035688D0,-117.3984841827056D0,328.0709438483542D0,    0000011P   1187
1453.478126512815D0,-109.7482458694131D0,328.3657614158684D0,    0000011P   1188
1481.978745188836D0,-101.9696979476298D0,328.6967399006659D0,    0000011P   1189
1510.468590264219D0,-94.05203319214685D0,329.0466027932034D0,    0000011P   1190
1530.406974867316D0,-88.40808230428679D0,329.291667301394D0,     0000011P   1191
1541.797827533555D0,-85.15294387153003D0,329.428098578693D0,     0000011P   1192
1544.625632486391D0,-84.34383633217809D0,329.4624107087054D0,    0000011P   1193
1547.501970999786D0,-83.5190571386466D0,329.4962400630129D0,     0000011P   1194
1550.328410059918D0,-82.70775348870077D0,329.5300610997108D0,    0000011P   1195
1553.207375014367D0,-81.88029605980802D0,329.5637777342874D0,    0000011P   1196
1556.037470432882D0,-81.06572629567569D0,329.5971710459433D0,    0000011P   1197
1558.893742029342D0,-80.24237155771361D0,329.6302058354473D0,    0000011P   1198
1561.734599961894D0,-79.42286168688926D0,329.6632470515684D0,    0000011P   1199
1564.609075085743D0,-78.59251707686369D0,329.6959407563348D0,    0000011P   1200
1567.445166367066D0,-77.77270885950874D0,329.7285682812665D0,    0000011P   1201
1570.29472008364D0,-76.94799453821774D0,329.7608152105549D0,     0000011P   1202
1573.157596281812D0,-76.11868295969151D0,329.7928448282741D0,    0000011P   1203
1575.992719652336D0,-75.29690026549916D0,329.8247242095449D0,    0000011P   1204
1578.843182959451D0,-74.4699269583227D0,329.8563029499502D0,     0000011P   1205
1581.690445063908D0,-73.64327501685766D0,329.8876214672919D0,    0000011P   1206
1584.548827933293D0,-72.81283735234391D0,329.9187003604757D0,    0000011P   1207
1587.398512224855D0,-71.98468878697493D0,329.9497093932756D0,    0000011P   1208
1590.255852778268D0,-71.1534398039506D0,329.9801740149498D0,     0000011P   1209
1593.087952069156D0,-70.32958732064434D0,330.0107027344324D0,    0000011P   1210
1595.962534862505D0,-69.4924192168985D0,330.0405534659367D0,     0000011P   1211
1598.786830362555D0,-68.67006501172364D0,330.0707688508489D0,    0000011P   1212
1601.646920461563D0,-67.83674157349358D0,330.0996377365985D0,    0000011P   1213
1604.487736858489D0,-67.0082834296859D0,330.1365434246667D0,     0000011P   1214
1607.342778880666D0,-66.17537180383565D0,330.1730306999307D0,    0000011P   1215
1610.186412711435D0,-65.34552315522012D0,330.2099387129376D0,    0000011P   1216
1613.034768481725D0,-64.51434334663323D0,330.2473175126345D0,    0000011P   1217
1615.89631965393D0,-63.67875478850847D0,330.2846090777065D0,     0000011P   1218
1618.703522103066D0,-62.85946725901679D0,330.3226173916937D0,    0000011P   1219
1621.661395176797D0,-61.9942744111133D0,330.3594681110803D0,     0000011P   1220
1625.332058893599D0,-60.9292008730439D0,330.4225130838507D0,     0000011P   1221
1636.816378353316D0,-57.50725762233693D0,330.4456226579251D0,    0000011P   1222
1648.032214332841D0,-54.16715711320199D0,330.502144761604D0,     0000011P   1223
1660.094956516506D0,-50.54949320357449D0,330.5491684574965D0,    0000011P   1224
1671.892214942463D0,-46.99430538442815D0,330.5974796090774D0,    0000011P   1225
1683.77784739323D0,-43.39947195828736D0,330.6438006308489D0,     0000011P   1226
1695.611748776833D0,-39.81266684045914D0,330.6891415648229D0,    0000011P   1227
1707.483813613192D0,-36.21043970751067D0,330.7335728781179D0,    0000011P   1228
1719.333040613697D0,-32.61200852139885D0,330.7770579105519D0,    0000011P   1229
1731.22814482431D0,-28.99656233975165D0,330.820000619223D0,      0000011P   1230
1743.053901228873D0,-25.39863784143749D0,330.8617678172722D0,    0000011P   1231
1754.922380712536D0,-21.78409893809515D0,330.9032406214072D0,    0000011P   1232
1766.765342678679D0,-18.17315310177334D0,330.9444186324412D0,    0000011P   1233
1778.609587014024D0,-14.55667258758186D0,330.9849874192533D0,    0000011P   1234
1790.53050997996D0,-10.91076606223204D0,331.0257857175735D0,     0000011P   1235
1802.331162197754D0,-7.294472628075832D0,331.0660147677073D0,    0000011P   1236
1814.166834203342D0,-3.658990476497727D0,331.1070893280675D0,    0000011P   1237
1822.081563394837D0,-1.220338132900237D0,331.1343995118189D0,    0000011P   1238
1826.034743116825D0,-2.821967294963833D-14,331.148186761553D0,   0000011P   1239
-256.568898893901D0,-114.9867934539987D0,330.3182647672059D0,    0000011P   1240
-242.3297180293554D0,-118.1713018367239D0,330.0520677333376D0,   0000011P   1241
-213.8537108206166D0,-124.4750660208971D0,329.5016267995156D0,   0000011P   1242
-171.0251176860854D0,-133.7657766724384D0,328.6220468313951D0,   0000011P   1243
-128.3495850507137D0,-142.834464993367D0,327.6833156253537D0,    0000011P   1244
-85.4806607170753D0,-151.7475830733205D0,326.7388568177706D0,    0000011P   1245
-42.85297154251901D0,-160.400259032363D0,325.8308907530404D0,    0000011P   1246
-0.05132458920011242D0,-168.848310528432D0,324.9374226114715D0,  0000011P   1247
42.63114633076594D0,-176.9964868201247D0,324.0246351516327D0,    0000011P   1248
85.38902438721125D0,-184.8339557072251D0,323.1154662793932D0,    0000011P   1249
128.1271198689955D0,-192.2912335676686D0,322.228103120434D0,     0000011P   1250
166.1096817486588D0,-198.5539542377546D0,321.4777617519942D0,    0000011P   1251
199.3828205829765D0,-203.7521519101193D0,320.8642290476825D0,    0000011P   1252
227.887950665973D0,-207.9892347273828D0,320.3609189819475D0,     0000011P   1253
256.3496752471893D0,-211.985450789146D0,319.8733436593925D0,     0000011P   1254
284.8837517354291D0,-215.739481960292D0,319.39838804627D0,       0000011P   1255
313.3866228097714D0,-219.2257568106404D0,318.9446791447662D0,    0000011P   1256
341.8445749952627D0,-222.4339364305165D0,318.5233058460929D0,    0000011P   1257
370.3965722040832D0,-225.3695852634444D0,318.1449627979971D0,    0000011P   1258
398.8909040283096D0,-228.0073036612134D0,317.8043188717718D0,    0000011P   1259
432.0952500396505D0,-230.7317490784675D0,317.4468667927995D0,    0000011P   1260
470.1733723633888D0,-233.3407989926012D0,317.0900961830158D0,    0000011P   1261
508.1222524239946D0,-235.3173037656071D0,316.783768234465D0,     0000011P   1262
541.4143296757119D0,-236.5910791541672D0,316.5475492158902D0,    0000011P   1263
569.9205649893896D0,-237.3555314219849D0,316.37419019097D0,      0000011P   1264
603.1458471442293D0,-237.8554932868794D0,316.2153410914308D0,    0000011P   1265
641.2000730142665D0,-237.8500073782832D0,316.1091596655799D0,    0000011P   1266
679.1579848151056D0,-237.1407822363103D0,316.0625910814854D0,    0000011P   1267
712.4575257317463D0,-235.9947476796352D0,316.0439254931405D0,    0000011P   1268
740.9358843132261D0,-234.6622087549246D0,316.045498314623D0,     0000011P   1269
774.1873235216375D0,-232.7037059547932D0,316.0711318701752D0,    0000011P   1270
812.2121015113356D0,-229.8969290288291D0,316.1398247841433D0,    0000011P   1271
854.9488101652463D0,-226.0011365657543D0,316.2832110278851D0,    0000011P   1272
897.7270561813467D0,-221.37969489661D0,316.5062874115575D0,      0000011P   1273
940.4588616569953D0,-216.0813561091322D0,316.7944751278752D0,    0000011P   1274
983.2379548881943D0,-210.130732905455D0,317.1325856993918D0,     0000011P   1275
1025.963024020242D0,-203.5550123487533D0,317.4966008004939D0,    0000011P   1276
1068.762235419636D0,-196.3435980982787D0,317.8613079057031D0,    0000011P   1277
1106.714755792108D0,-189.4320325873316D0,318.2300125543047D0,    0000011P   1278
1139.973459520521D0,-183.023583890738D0,318.6161861839071D0,     0000011P   1279
1168.490918646589D0,-177.2902469602428D0,318.9636373103249D0,    0000011P   1280
1201.716116407012D0,-170.3388606752564D0,319.3572379477407D0,    0000011P   1281
1239.752187187607D0,-161.9956604218261D0,319.7439485841597D0,    0000011P   1282
1282.491076705668D0,-152.1572818153576D0,320.2191577862798D0,    0000011P   1283
1325.240830977989D0,-141.9038795472588D0,320.8585268038136D0,    0000011P   1284
1363.243586230218D0,-132.4201863181075D0,321.4721632433481D0,    0000011P   1285
1396.462813024404D0,-123.8640263029266D0,321.9670099554078D0,    0000011P   1286
1424.98701702112D0,-116.3575699270408D0,322.3837238291562D0,     0000011P   1287
1453.478006511329D0,-108.7218723035806D0,322.8147762929969D0,    0000011P   1288
1481.980296605838D0,-100.9618039043859D0,323.2815989408853D0,    0000011P   1289
1510.47158293402D0,-93.06654629583025D0,323.7791884507415D0,     0000011P   1290
1530.408021729932D0,-87.44104674231485D0,324.144183826177D0,     0000011P   1291
1541.797478388253D0,-84.19720813532004D0,324.3571521224581D0,    0000011P   1292
1544.62600355854D0,-83.39078530342124D0,324.4111405293534D0,     0000011P   1293
1547.501397849616D0,-82.56898887617589D0,324.4648047845853D0,    0000011P   1294
1550.328234142927D0,-81.76045996033167D0,324.5188305353942D0,    0000011P   1295
1553.206897303862D0,-80.93609430936125D0,324.5730476151102D0,    0000011P   1296
1556.037216872161D0,-80.12442913128878D0,324.6271016026319D0,    0000011P   1297
1558.892856713735D0,-79.30417727258298D0,324.6809136592102D0,    0000011P   1298
1561.733917724951D0,-78.48775226138324D0,324.7350051680962D0,    0000011P   1299
1564.607674768728D0,-77.66073729163313D0,324.7888191824302D0,    0000011P   1300
1567.4441297124D0,-76.84413382639565D0,324.8427516595896D0,      0000011P   1301
1570.293434524191D0,-76.02277555338644D0,324.8963049359593D0,    0000011P   1302
1573.155888694723D0,-75.19697116427236D0,324.9496978977481D0,    0000011P   1303
1575.991323380692D0,-74.37863932462601D0,325.003005117735D0,     0000011P   1304
1578.841713891238D0,-73.55528894953436D0,325.055974949392D0,     0000011P   1305
1581.688963169445D0,-72.73234057964156D0,325.1086419795196D0,    0000011P   1306
1584.547212008587D0,-71.90576444370548D0,325.161011066574D0,     0000011P   1307
1587.397414622092D0,-71.08153405142087D0,325.213310816314D0,     0000011P   1308
1590.254509294344D0,-70.25435970224318D0,325.2648033627245D0,    0000011P   1309
1593.087611369825D0,-69.43455942042985D0,325.3163754293045D0,    0000011P   1310
1595.961700558784D0,-68.60178971968161D0,325.3668878474714D0,    0000011P   1311
1598.787171226057D0,-67.78369188200469D0,325.4178785394025D0,    0000011P   1312
1601.647627977247D0,-66.95494037474474D0,325.4667547363397D0,    0000011P   1313
1604.488317932258D0,-66.13109718998085D0,325.5275653506022D0,    0000011P   1314
1607.343025999895D0,-65.3030123018837D0,325.5876015196037D0,     0000011P   1315
1610.186472493903D0,-64.47807556535324D0,325.6480959292625D0,    0000011P   1316
1613.035061114478D0,-63.651975196639D0,325.7090976130971D0,      0000011P   1317
1615.89608712809D0,-62.82169286230314D0,325.7697434992326D0,     0000011P   1318
1618.704419774621D0,-62.00758027440422D0,325.8312135230769D0,    0000011P   1319
1621.65873434019D0,-61.14852768864844D0,325.8906701294543D0,     0000011P   1320
1625.348025645123D0,-60.08886353622755D0,325.991038974982D0,     0000011P   1321
1636.65303123539D0,-56.7098679733032D0,326.0322849324482D0,      0000011P   1322
1647.743649530182D0,-53.40806304397944D0,326.1233341250713D0,    0000011P   1323
1659.655096122021D0,-49.83458633688993D0,326.1982645047245D0,    0000011P   1324
1671.310204314071D0,-46.32349487055042D0,326.2733383165061D0,    0000011P   1325
1683.05171047604D0,-42.77444168885982D0,326.3437226320568D0,     0000011P   1326
1694.743276490027D0,-39.23424745529289D0,326.4110159642808D0,    0000011P   1327
1706.4730880424D0,-35.67985638824671D0,326.4754074637428D0,      0000011P   1328
1718.181013441159D0,-32.13013242509771D0,326.5369255900564D0,    0000011P   1329
1729.93482601031D0,-28.56461286037284D0,326.5962597287559D0,     0000011P   1330
1741.620460349396D0,-25.01721159894058D0,326.6525435494389D0,    0000011P   1331
1753.348781697344D0,-21.45437456382971D0,326.7071821770545D0,    0000011P   1332
1765.052489877463D0,-17.89593784268232D0,326.7602584627088D0,    0000011P   1333
1776.75742856537D0,-14.33291695913031D0,326.8113842096072D0,     0000011P   1334
1788.538192596149D0,-10.74182285872991D0,326.8619009712315D0,    0000011P   1335
1800.200362102061D0,-7.180642002754447D0,326.9106940579271D0,    0000011P   1336
1811.897412101321D0,-3.601411887316235D0,326.9599690571995D0,    0000011P   1337
1819.718899500593D0,-1.201047980805434D0,326.9922411700642D0,    0000011P   1338
1823.625505897935D0,-2.811865470925549D-14,327.0084722211193D0,  0000011P   1339
-256.5688988938774D0,-114.0035376592234D0,327.3437810168787D0,   0000011P   1340
-242.328859247658D0,-117.1925374098764D0,326.9674070893906D0,    0000011P   1341
-213.8516916037609D0,-123.5053146150052D0,326.1974520337544D0,   0000011P   1342
-171.0262446363482D0,-132.8125032483606D0,325.0128581499936D0,   0000011P   1343
-128.3470958676082D0,-141.9050028054389D0,323.8133766655651D0,   0000011P   1344
-85.48191084739848D0,-150.8381837249238D0,322.6052454627026D0,   0000011P   1345
-42.85046015733162D0,-159.4988499828885D0,321.3793905969114D0,   0000011P   1346
-0.05215072787527093D0,-167.947597355245D0,320.1375339531012D0,  0000011P   1347
42.63193977616221D0,-176.0965592000451D0,318.8658711347878D0,    0000011P   1348
85.38892833293912D0,-183.9399278523471D0,317.6218005275151D0,    0000011P   1349
128.1267144562615D0,-191.4144152454735D0,316.4561966763846D0,    0000011P   1350
166.1099927936268D0,-197.6973638501252D0,315.4771148276634D0,    0000011P   1351
199.382203134172D0,-202.9131940505999D0,314.6544107758066D0,     0000011P   1352
227.8869511775294D0,-207.1658158051494D0,313.976386858702D0,     0000011P   1353
256.3502654409329D0,-211.1784785554764D0,313.3293438986239D0,    0000011P   1354
284.8823931328775D0,-214.9499842650124D0,312.7219265413501D0,    0000011P   1355
313.3851165951419D0,-218.4536346384089D0,312.1474565876993D0,    0000011P   1356
341.8452153496934D0,-221.6776899538383D0,311.6027224587667D0,    0000011P   1357
370.3955137320954D0,-224.6260677951808D0,311.0842019476744D0,    0000011P   1358
398.8897168403572D0,-227.2755010137834D0,310.5996808311625D0,    0000011P   1359
432.0960062182274D0,-230.0144443320037D0,310.0858661119523D0,    0000011P   1360
470.1715572319764D0,-232.644067782157D0,309.5892803873502D0,     0000011P   1361
508.1227396961464D0,-234.642008423887D0,309.1970310049494D0,     0000011P   1362
541.4138166314386D0,-235.9318981195774D0,308.9313562110815D0,    0000011P   1363
569.9201247025372D0,-236.7061140023656D0,308.7354967913309D0,    0000011P   1364
603.1462024181467D0,-237.2100293454992D0,308.520753196668D0,     0000011P   1365
641.1989213635719D0,-237.1946105289642D0,308.2615435465251D0,    0000011P   1366
679.1585040098626D0,-236.4683686952091D0,308.0813848754338D0,    0000011P   1367
712.4566758169559D0,-235.3097929073765D0,308.0523072050039D0,    0000011P   1368
740.9353182106662D0,-233.9662824561768D0,308.0963068693804D0,    0000011P   1369
774.1877250359086D0,-231.9926831938484D0,308.2062975888466D0,    0000011P   1370
812.210976261709D0,-229.1624532883246D0,308.385601626878D0,      0000011P   1371
854.9493861209744D0,-225.2308708834429D0,308.6339687563814D0,    0000011P   1372
897.7258775191159D0,-220.5635293427424D0,308.9039775928488D0,    0000011P   1373
940.45944390814D0,-215.2174639577388D0,309.2382528199603D0,      0000011P   1374
983.2368046239906D0,-209.2261954600893D0,309.6789013449596D0,    0000011P   1375
1025.963680407992D0,-202.6135768115265D0,310.1894170210288D0,    0000011P   1376
1068.760759132453D0,-195.3665746674797D0,310.731682292157D0,     0000011P   1377
1106.715130989958D0,-188.4214336824961D0,311.2326122891803D0,    0000011P   1378
1139.97309641463D0,-181.9807958869857D0,311.6763776139048D0,     0000011P   1379
1168.489852624168D0,-176.2243629655761D0,312.0772119531787D0,    0000011P   1380
1201.716676020634D0,-169.2586906878497D0,312.589563497361D0,     0000011P   1381
1239.751338127033D0,-160.9289535360203D0,313.2666285287884D0,    0000011P   1382
1282.491309898389D0,-151.1105230215088D0,314.0707944476976D0,    0000011P   1383
1325.240750609662D0,-140.8473188927903D0,314.8323308969015D0,    0000011P   1384
1363.243647385991D0,-131.3567121340999D0,315.5342345968426D0,    0000011P   1385
1396.462690971557D0,-122.8165820336518D0,316.2114323731611D0,    0000011P   1386
1424.985964951651D0,-115.3332037236818D0,316.8202251546275D0,    0000011P   1387
1453.477888364855D0,-107.7234780586132D0,317.4425394876853D0,    0000011P   1388
1481.981834558094D0,-99.98645213510085D0,318.0627966165631D0,    0000011P   1389
1510.474553270042D0,-92.11216001967816D0,318.693726494145D0,     0000011P   1390
1530.409057002402D0,-86.50052234674834D0,319.1501268527524D0,    0000011P   1391
1541.797133045676D0,-83.264429733745D0,319.4187535458729D0,      0000011P   1392
1544.626382666377D0,-82.45975761019716D0,319.4869700092079D0,    0000011P   1393
1547.500837260257D0,-81.63997347426637D0,319.554843422914D0,     0000011P   1394
1550.328075537007D0,-80.8332155069688D0,319.623287003985D0,      0000011P   1395
1553.206441812802D0,-80.01090770306844D0,319.6920728842013D0,    0000011P   1396
1556.03699053034D0,-79.20108620019234D0,319.7607275227674D0,     0000011P   1397
1558.892003640545D0,-78.3828524951541D0,319.8291448220248D0,     0000011P   1398
1561.733272710973D0,-77.56840696855109D0,319.8980189803152D0,    0000011P   1399
1564.606316545237D0,-76.74359877989546D0,319.9666064224985D0,    0000011P   1400
1567.443139844795D0,-75.9290628887274D0,320.0354341124184D0,     0000011P   1401
1570.292200201297D0,-75.10991233237094D0,320.1038375192615D0,    0000011P   1402
1573.154236482612D0,-74.28645881274501D0,320.1721075119792D0,    0000011P   1403
1575.989986244355D0,-73.47041668471172D0,320.2403425416172D0,    0000011P   1404
1578.840307273536D0,-72.64952644104912D0,320.3082061001447D0,    0000011P   1405
1581.687546528551D0,-71.82912034963599D0,320.3757433239695D0,    0000011P   1406
1584.545663561333D0,-71.00524912203424D0,320.4429597117061D0,    0000011P   1407
1587.396386074468D0,-70.18378812072594D0,320.5101590917064D0,    0000011P   1408
1590.253235730016D0,-69.35955062670816D0,320.5763566632905D0,    0000011P   1409
1593.087340674298D0,-68.54267893640845D0,320.6427337451302D0,    0000011P   1410
1595.960935495796D0,-67.71320136267191D0,320.7077704664557D0,    0000011P   1411
1598.787579652918D0,-66.89827411578655D0,320.7735164108433D0,    0000011P   1412
1601.64840039759D0,-66.07303242735586D0,320.8365135739555D0,     0000011P   1413
1604.488960203627D0,-65.25276891934648D0,320.915492859558D0,     0000011P   1414
1607.343329494286D0,-64.42850548185083D0,320.9935081382091D0,    0000011P   1415
1610.186582646689D0,-63.60750853067751D0,321.0722020118068D0,    0000011P   1416
1613.035396863272D0,-62.78555180081774D0,321.151638879049D0,     0000011P   1417
1615.895889147556D0,-61.95967938024838D0,321.2306669981091D0,    0000011P   1418
1618.705342037263D0,-61.14988808020165D0,321.3108586368712D0,    0000011P   1419
1621.656086689941D0,-60.29616792442089D0,321.3884294091075D0,    0000011P   1420
1625.363986248949D0,-59.24077778737667D0,321.5197978183001D0,    0000011P   1421
1636.489646717218D0,-55.9033992573274D0,321.5717355145968D0,     0000011P   1422
1647.454998693381D0,-52.63854069109882D0,321.6897016576446D0,    0000011P   1423
1659.215091676133D0,-49.10820465281034D0,321.7865646206814D0,    0000011P   1424
1670.72798244845D0,-45.64045554475042D0,321.8840105356128D0,     0000011P   1425
1682.325286182027D0,-42.13671100842311D0,321.9755986364007D0,    0000011P   1426
1693.874431947829D0,-38.64292831170163D0,322.0634634120246D0,    0000011P   1427
1705.461896813476D0,-35.1364360710436D0,322.1478602016787D0,     0000011P   1428
1717.028418898369D0,-31.63573405547567D0,322.2288300899551D0,    0000011P   1429
1728.640830019361D0,-28.12069765265443D0,322.3072953960074D0,    0000011P   1430
1740.186224606489D0,-24.62460784967905D0,322.3821041510732D0,    0000011P   1431
1751.774262467256D0,-21.11448243719902D0,322.4551329935257D0,    0000011P   1432
1763.338584059699D0,-17.60977597468044D0,322.5264955299469D0,    0000011P   1433
1774.904077063125D0,-14.10163711050802D0,322.5956773030524D0,    0000011P   1434
1786.544535101108D0,-10.56696892531354D0,322.6644701892579D0,    0000011P   1435
1798.068068031708D0,-7.062695095522356D0,322.7313910741321D0,    0000011P   1436
1809.626335570211D0,-3.541682278205283D0,322.7993838794564D0,    0000011P   1437
1817.354469956839D0,-1.181024096907584D0,322.844230239998D0,     0000011P   1438
1821.214446392422D0,-2.801763646887265D-14,322.8668526876375D0,  0000011P   1439
-256.5688988938692D0,-112.9968595649007D0,324.3356158380378D0,   0000011P   1440
-242.328000465972D0,-116.1964115004455D0,323.8748292470187D0,    0000011P   1441
-213.8496723869097D0,-122.5276944636116D0,322.9261667012377D0,   0000011P   1442
-171.0273715866098D0,-131.8531616669885D0,321.4490425130181D0,   0000011P   1443
-128.3446066845018D0,-140.9542602402229D0,319.9359188102657D0,   0000011P   1444
-85.48316097772297D0,-149.8889217511534D0,318.3954851505501D0,   0000011P   1445
-42.84794877214612D0,-158.5493490227076D0,316.8172953836653D0,   0000011P   1446
-0.05297686655220935D0,-167.0057867782831D0,315.260938387749D0,  0000011P   1447
42.63273322155653D0,-175.1825933616046D0,313.7666757009897D0,    0000011P   1448
85.38883227866484D0,-183.054827711737D0,312.3079091702747D0,     0000011P   1449
128.1263090435255D0,-190.5413543555392D0,310.8503024401792D0,    0000011P   1450
166.1103038385929D0,-196.8303840995385D0,309.5892667353477D0,    0000011P   1451
199.3815856853655D0,-202.0556902511197D0,308.5374698619351D0,    0000011P   1452
227.8859516890836D0,-206.3189519799386D0,307.6755891985837D0,    0000011P   1453
256.3508556346745D0,-210.3444582813663D0,306.8576252375082D0,    0000011P   1454
284.8810345303247D0,-214.13033773853D0,306.0938413469326D0,      0000011P   1455
313.3836103805115D0,-217.6492565686095D0,305.3745015855983D0,    0000011P   1456
341.8458557041222D0,-220.8885640784841D0,304.6942262886585D0,    0000011P   1457
370.3944552601026D0,-223.8510113124875D0,304.0472542785996D0,    0000011P   1458
398.8885296523981D0,-226.5141475421847D0,303.444261726525D0,     0000011P   1459
432.0967623968012D0,-229.2691457768133D0,302.8079185885747D0,    0000011P   1460
470.1697421005792D0,-231.9178872467879D0,302.1995411476219D0,    0000011P   1461
508.1232269683092D0,-233.9307213844282D0,301.6928032798576D0,    0000011P   1462
541.4133035871276D0,-235.2264114397828D0,301.2996489170319D0,    0000011P   1463
569.9196844156227D0,-236.0034737895118D0,301.0108203440897D0,    0000011P   1464
603.1465576920498D0,-236.5113963340283D0,300.7475660362484D0,    0000011P   1465
641.1977697131061D0,-236.5060841269067D0,300.5768257262447D0,    0000011P   1466
679.1590232047837D0,-235.7828411568717D0,300.4967310896647D0,    0000011P   1467
712.4558259016595D0,-234.611763093142D0,300.4468097679799D0,     0000011P   1468
740.9347521072689D0,-233.2493149382539D0,300.4315410686234D0,    0000011P   1469
774.1881265500125D0,-231.2466270428924D0,300.4625692789952D0,    0000011P   1470
812.2098510152981D0,-228.3768693668495D0,300.5928919129743D0,    0000011P   1471
854.9499620788978D0,-224.402075390921D0,300.8707547163239D0,     0000011P   1472
897.7246988448495D0,-219.7028925382998D0,301.2841195210521D0,    0000011P   1473
940.4600261510652D0,-214.3258547280352D0,301.7766064038773D0,    0000011P   1474
983.2356544048373D0,-208.2945096223595D0,302.290631377199D0,     0000011P   1475
1025.964336826511D0,-201.6345619059925D0,302.8408840077325D0,    0000011P   1476
1068.759282676482D0,-194.3357585069128D0,303.4404528749301D0,    0000011P   1477
1106.715506066566D0,-187.3575578856498D0,304.0668331330508D0,    0000011P   1478
1139.972733679012D0,-180.9107958135986D0,304.7175652455626D0,    0000011P   1479
1168.488787215783D0,-175.1552480072301D0,305.3094082770065D0,    0000011P   1480
1201.717235755431D0,-168.1864882357572D0,305.9985115496082D0,    0000011P   1481
1239.750486693156D0,-159.8321243955857D0,306.721908527561D0,     0000011P   1482
1282.491541470064D0,-149.9910361334306D0,307.5791104304357D0,    0000011P   1483
1325.240679147715D0,-139.7452087608479D0,308.6066494469177D0,    0000011P   1484
1363.243714939737D0,-130.2806343734103D0,309.5824515446324D0,    0000011P   1485
1396.46254935299D0,-121.7525877733435D0,310.4145178605578D0,     0000011P   1486
1424.984880430575D0,-114.2788639769243D0,311.1330262144249D0,    0000011P   1487
1453.477760092695D0,-106.6841936046979D0,311.8775168586263D0,    0000011P   1488
1481.983446008305D0,-98.97443607789181D0,312.6679868091333D0,    0000011P   1489
1510.477645516049D0,-91.1334250078642D0,313.495013586756D0,      0000011P   1490
1530.410155540187D0,-85.54494045389029D0,314.0907050624902D0,    0000011P   1491
1541.796766945642D0,-82.32054615075452D0,314.4347297024758D0,    0000011P   1492
1544.626717910921D0,-81.51855873985384D0,314.5218022642608D0,    0000011P   1493
1547.500208106987D0,-80.7016623992467D0,314.6081862159642D0,     0000011P   1494
1550.327822437637D0,-79.89749452016325D0,314.6950352985689D0,    0000011P   1495
1553.205865035695D0,-79.07800947460429D0,314.7820768965411D0,    0000011P   1496
1556.036615612686D0,-78.27074446574525D0,314.8687313036273D0,    0000011P   1497
1558.890974570406D0,-77.4551917766902D0,314.9548781174951D0,     0000011P   1498
1561.732424513469D0,-76.64334077643996D0,315.0413973058121D0,    0000011P   1499
1564.604728552039D0,-75.82130872602077D0,315.1273716193942D0,    0000011P   1500
1567.441894587569D0,-75.00936621739554D0,315.2134719827866D0,    0000011P   1501
1570.290686200998D0,-74.19290777344217D0,315.298879952213D0,     0000011P   1502
1573.152282003303D0,-73.37225024227722D0,315.383971333604D0,     0000011P   1503
1575.988326314885D0,-72.5589058039978D0,315.468881410507D0,      0000011P   1504
1578.838559766488D0,-71.7408486650185D0,315.5532017676243D0,     0000011P   1505
1581.685773697681D0,-70.92332495639829D0,315.6370010452062D0,    0000011P   1506
1584.543746784925D0,-70.10246800844864D0,315.7202983362619D0,    0000011P   1507
1587.394980585822D0,-69.28405717238447D0,315.8034856459718D0,    0000011P   1508
1590.251580505979D0,-68.46301084668993D0,315.8853441932266D0,    0000011P   1509
1593.086687859417D0,-67.64929773590822D0,315.9673628461071D0,    0000011P   1510
1595.959792478715D0,-66.82332008797432D0,316.0476539858915D0,    0000011P   1511
1598.787619281717D0,-66.01175117740353D0,316.128791811791D0,     0000011P   1512
1601.648818532534D0,-65.19018913600263D0,316.2064660381244D0,    0000011P   1513
1604.489268424761D0,-64.37365935157143D0,316.3041025143395D0,    0000011P   1514
1607.343325261969D0,-63.55335776606957D0,316.4005307983751D0,    0000011P   1515
1610.18641785052D0,-62.73642949215976D0,316.4978163623442D0,     0000011P   1516
1613.035497260954D0,-61.91873591952044D0,316.5960519243599D0,    0000011P   1517
1615.895502599709D0,-61.09738569348869D0,316.6938100268799D0,    0000011P   1518
1618.70613006821D0,-60.29202286041596D0,316.7930682244997D0,     0000011P   1519
1621.653367061298D0,-59.44373934802817D0,316.8891082541756D0,    0000011P   1520
1625.379980410306D0,-58.39277790707198D0,317.0520420730589D0,    0000011P   1521
1636.326466350209D0,-55.0972269269527D0,317.1155503098109D0,     0000011P   1522
1647.166817478353D0,-51.86957891237449D0,317.2617128389986D0,    0000011P   1523
1658.775873542196D0,-48.38264213036867D0,317.3819280826312D0,    0000011P   1524
1670.146913632043D0,-44.95848152194728D0,317.5032645450755D0,    0000011P   1525
1681.600430549094D0,-41.50027248117035D0,317.6176321082691D0,    0000011P   1526
1693.0076193807D0,-38.05310203526044D0,317.7276597229218D0,      0000011P   1527
1704.453247403246D0,-34.59467635368652D0,317.8336274025115D0,    0000011P   1528
1715.878921375058D0,-31.14312419207632D0,317.9355473422635D0,    0000011P   1529
1727.350530433349D0,-27.67865218616694D0,318.0345332806049D0,    0000011P   1530
1738.756327666169D0,-24.23390156023907D0,318.1291060960683D0,    0000011P   1531
1750.204766277116D0,-20.77645512751379D0,318.2215724261051D0,    0000011P   1532
1761.630426186473D0,-17.32537907423206D0,318.3120351184281D0,    0000011P   1533
1773.057237904752D0,-13.87194832848221D0,318.3998119409167D0,    0000011P   1534
1784.558192671539D0,-10.39345126092244D0,318.4871035785764D0,    0000011P   1535
1795.943928898207D0,-6.945741918081022D0,318.5720169778526D0,    0000011P   1536
1807.364289824631D0,-3.482509272938086D0,318.6581928804577D0,    0000011P   1537
1814.999678300944D0,-1.161197778381071D0,318.714963056602D0,     0000011P   1538
1818.813333931325D0,-2.791661822848982D-14,318.7435712758412D0,  0000011P   1539
-256.5688988939057D0,-111.9785499003869D0,321.3300844850046D0,   0000011P   1540
-242.3271416843186D0,-115.1842510478794D0,320.7733001402748D0,   0000011P   1541
-213.8476531700704D0,-121.52713912153D0,319.6305193777737D0,     0000011P   1542
-171.0284985368655D0,-130.8674337694967D0,317.8611704885573D0,   0000011P   1543
-128.3421175013887D0,-139.9817756713015D0,316.0583053233082D0,   0000011P   1544
-85.48441110804617D0,-148.9271146020704D0,314.2327103434351D0,   0000011P   1545
-42.84543738696002D0,-157.5974916757912D0,312.3722048713527D0,   0000011P   1546
-0.05380300522749751D0,-166.0609785076589D0,310.5135165333768D0, 0000011P   1547
42.63352666695226D0,-174.2423268597214D0,308.6701230171061D0,    0000011P   1548
85.38873622439127D0,-182.1200588812583D0,306.8633205769048D0,    0000011P   1549
128.1259036307899D0,-189.6176908961232D0,305.104906979177D0,     0000011P   1550
166.1106148835591D0,-195.9204991321507D0,303.6132453377587D0,    0000011P   1551
199.3809682365586D0,-201.1599697906955D0,302.3830603682035D0,    0000011P   1552
227.8849522006373D0,-205.4353480129203D0,301.3669440717981D0,    0000011P   1553
256.3514458284155D0,-209.4715003880781D0,300.3761812062303D0,    0000011P   1554
284.8796759277715D0,-213.2647726610462D0,299.4052605464857D0,    0000011P   1555
313.382104165881D0,-216.7914509214959D0,298.4791646286226D0,     0000011P   1556
341.8464960585508D0,-220.0421874682251D0,297.6277347296257D0,    0000011P   1557
370.3933967881086D0,-223.022728612755D0,296.879917972269D0,      0000011P   1558
398.8873424644371D0,-225.7070230458149D0,296.2173351894173D0,    0000011P   1559
432.097518575374D0,-228.4856853172297D0,295.5268485220614D0,     0000011P   1560
470.1679269691859D0,-231.1534890648256D0,294.8323646297612D0,    0000011P   1561
508.1237142404744D0,-233.1775409878833D0,294.2163371827022D0,    0000011P   1562
541.4127905428055D0,-234.4781490345898D0,293.7160299837522D0,    0000011P   1563
569.9192441286905D0,-235.2568290640868D0,293.3381373751971D0,    0000011P   1564
603.1469129659496D0,-235.7643653205321D0,292.9868875734713D0,    0000011P   1565
641.1966180627072D0,-235.7564824016453D0,292.7563347686144D0,    0000011P   1566
679.1595423997525D0,-235.0252608001306D0,292.6465536734678D0,    0000011P   1567
712.4549759862172D0,-233.8412355078576D0,292.5793117461638D0,    0000011P   1568
740.9341860036298D0,-232.4649916006396D0,292.5681205954737D0,    0000011P   1569
774.1885280640687D0,-230.4447810116005D0,292.6412982603307D0,    0000011P   1570
812.2087257698182D0,-227.5554135011017D0,292.8953540361835D0,    0000011P   1571
854.9505380374578D0,-223.5505917235133D0,293.2971877508002D0,    0000011P   1572
897.7235201671059D0,-218.8051977430428D0,293.7019062289207D0,    0000011P   1573
940.4606083916161D0,-213.3809241431814D0,294.186861557313D0,     0000011P   1574
983.2345041987114D0,-207.3171316389868D0,294.8286855181293D0,    0000011P   1575
1025.96499325393D0,-200.6305402523633D0,295.567818830659D0,      0000011P   1576
1068.757806171712D0,-193.3027637863922D0,296.3422910828471D0,    0000011P   1577
1106.715881108124D0,-186.2964529600874D0,297.0903000521428D0,    0000011P   1578
1139.972371050456D0,-179.8240456298736D0,297.806674898781D0,     0000011P   1579
1168.487721984939D0,-174.0505195329944D0,298.4586198499678D0,    0000011P   1580
1201.717795525271D0,-167.0708759202522D0,299.2599483018921D0,    0000011P   1581
1239.749634573097D0,-158.7273163975742D0,300.22535379749D0,      0000011P   1582
1282.49177257305D0,-148.9034745850229D0,301.3607880088576D0,     0000011P   1583
1325.240610260841D0,-138.6546354663126D0,302.5228347374307D0,    0000011P   1584
1363.243784343305D0,-129.1881477951801D0,303.5954875453367D0,    0000011P   1585
1396.46240207743D0,-120.6727801227143D0,304.5726953043319D0,     0000011P   1586
1424.983786526842D0,-113.2174929885554D0,305.4417677927814D0,    0000011P   1587
1453.477628892904D0,-105.6459446173561D0,306.3476301119445D0,    0000011P   1588
1481.985078708751D0,-97.96175844326024D0,307.2946725566126D0,    0000011P   1589
1510.480773009531D0,-90.14799892479923D0,308.280700923458D0,     0000011P   1590
1530.411272369693D0,-84.57925163986701D0,308.9940608063924D0,    0000011P   1591
1541.796394844075D0,-81.3660641581922D0,309.4090234303903D0,     0000011P   1592
1544.627040473411D0,-80.566701934199D0,309.5141771477486D0,      0000011P   1593
1547.499559130046D0,-79.75269479417922D0,309.6186271526771D0,    0000011P   1594
1550.327542017665D0,-78.95117610825879D0,309.7237507160702D0,    0000011P   1595
1553.205253191522D0,-78.13462739435713D0,309.8292134810022D0,    0000011P   1596
1556.03619773775D0,-77.33008368987976D0,309.9343125816839D0,     0000011P   1597
1558.889894614799D0,-76.51742483290293D0,310.0388963170311D0,    0000011P   1598
1561.731517570121D0,-75.70842594951273D0,310.1440134299596D0,    0000011P   1599
1564.603074126214D0,-74.88946917093125D0,310.2485560031636D0,    0000011P   1600
1567.440575490308D0,-74.08045749022584D0,310.3533219278121D0,    0000011P   1601
1570.289091338407D0,-73.26706368451005D0,310.4573218530886D0,    0000011P   1602
1573.150240130384D0,-72.44960651677981D0,310.5609995278242D0,    0000011P   1603
1575.986573057201D0,-71.63939276104901D0,310.6645100739911D0,    0000011P   1604
1578.836713699121D0,-70.82462710605057D0,310.7673561749465D0,    0000011P   1605
1581.683897882668D0,-70.01046631470534D0,310.8696129807059D0,    0000011P   1606
1584.54172351461D0,-69.19312310475614D0,310.9712961845951D0,     0000011P   1607
1587.393466113348D0,-68.37827758483248D0,311.0728689745455D0,    0000011P   1608
1590.249814933814D0,-67.56095003958738D0,311.1728615949407D0,    0000011P   1609
1593.085924563512D0,-66.75093235036144D0,311.2730534691925D0,    0000011P   1610
1595.9585401849D0,-65.92899746886126D0,311.3711722365497D0,      0000011P   1611
1598.787552281041D0,-65.12133250251117D0,311.4702997177805D0,    0000011P   1612
1601.64913423401D0,-64.30399525200309D0,311.5652563517823D0,     0000011P   1613
1604.489480062962D0,-63.49174063965171D0,311.6841459396074D0,    0000011P   1614
1607.343232057564D0,-62.67593542796555D0,311.8015567324971D0,    0000011P   1615
1610.1861735592D0,-61.86360019514332D0,311.9199600787019D0,      0000011P   1616
1613.035529612297D0,-61.0506807542324D0,312.0394600216724D0,     0000011P   1617
1615.895061531988D0,-60.23434707661183D0,312.1583363940726D0,    0000011P   1618
1618.706879289184D0,-59.43388721243404D0,312.2789550431322D0,    0000011P   1619
1621.650626621799D0,-58.59149176208933D0,312.3956468349132D0,    0000011P   1620
1625.395984274104D0,-57.54559505002175D0,312.5932194036773D0,    0000011P   1621
1636.163345008886D0,-54.29261590275532D0,312.6718855243221D0,    0000011P   1622
1646.878772043759D0,-51.10293546216479D0,312.8498793493951D0,    0000011P   1623
1658.336882752406D0,-47.65999269609316D0,312.9962904123755D0,    0000011P   1624
1669.566178193466D0,-44.27986343965825D0,313.1436240508899D0,    0000011P   1625
1680.876028458645D0,-40.86749119485836D0,313.2821952556498D0,    0000011P   1626
1692.141394312685D0,-37.46710310364752D0,313.4151818998931D0,    0000011P   1627
1703.445332901739D0,-34.05679324388835D0,313.5429431321795D0,    0000011P   1628
1714.730319284062D0,-30.65432971319185D0,313.6655167191657D0,    0000011P   1629
1726.061299578229D0,-27.24026075075785D0,313.7842622793505D0,    0000011P   1630
1737.32768519131D0,-23.84659817343082D0,313.8974279993591D0,     0000011P   1631
1748.636722383998D0,-20.44150017238559D0,314.0078049765197D0,    0000011P   1632
1759.923930199827D0,-17.04365491602024D0,314.1155397604737D0,    0000011P   1633
1771.212281641521D0,-13.64447396750895D0,314.219836805063D0,     0000011P   1634
1782.573965225676D0,-10.22164134291856D0,314.32336006468D0,      0000011P   1635
1793.822147577984D0,-6.829951814262438D0,314.4238610074457D0,    0000011P   1636
1805.104855123914D0,-3.423927025812299D0,314.5257316558012D0,    0000011P   1637
1812.647673219648D0,-1.141569149451966D0,314.5927474666484D0,    0000011P   1638
1816.415097430361D0,-2.781559998810697D-14,314.6265066238669D0,  0000011P   1639
-256.5688988939956D0,-110.9525251484934D0,318.338078024294D0,    0000011P   1640
-242.3262829027034D0,-114.1613749531266D0,317.6832374832833D0,   0000011P   1641
-213.8456339532428D0,-120.5102754584909D0,316.3413872940524D0,   0000011P   1642
-171.0296254871102D0,-129.8584560598139D0,314.2696889841697D0,   0000011P   1643
-128.3396283182637D0,-138.98077425276D0,312.1640648089758D0,     0000011P   1644
-85.48566123836446D0,-147.9325204861496D0,310.0379543479664D0,   0000011P   1645
-42.84292600177027D0,-156.6089016308583D0,307.8780159906299D0,   0000011P   1646
-0.05462914389818933D0,-165.0787445746967D0,305.7206947133136D0, 0000011P   1647
42.63432011235221D0,-173.2701245447354D0,303.5752785230289D0,    0000011P   1648
85.38864017012114D0,-181.1595932613346D0,301.4722825206727D0,    0000011P   1649
128.1254982180574D0,-188.6699069695305D0,299.4311268308445D0,    0000011P   1650
166.1109259285284D0,-194.9795377985379D0,297.6678294295987D0,    0000011P   1651
199.380350787755D0,-200.21795202359D0,296.1622493947748D0,       0000011P   1652
227.8839527121941D0,-204.4939996696569D0,294.9228640559655D0,    0000011P   1653
256.3520360221597D0,-208.5387406662436D0,293.7599065691562D0,    0000011P   1654
284.8783173252214D0,-212.3544253585213D0,292.7068729914796D0,    0000011P   1655
313.3805979512534D0,-215.909307156922D0,291.7361628697513D0,     0000011P   1656
341.847136412982D0,-219.1858142809639D0,290.8264661120357D0,     0000011P   1657
370.3923383161168D0,-222.1812909733408D0,289.9560496114059D0,    0000011P   1658
398.886155276478D0,-224.8726549362478D0,289.1270238851844D0,     0000011P   1659
432.0982747539494D0,-227.6533429016808D0,288.2153840330752D0,    0000011P   1660
470.1661118377983D0,-230.3187332748771D0,287.2639996123336D0,    0000011P   1661
508.1242015126444D0,-232.3471798856717D0,286.4919981660419D0,    0000011P   1662
541.4122774984792D0,-233.6652023865964D0,286.006612160172D0,     0000011P   1663
569.9188038417498D0,-234.4604064955316D0,285.6794247903508D0,    0000011P   1664
603.1472682398495D0,-234.9800408437584D0,285.355594661002D0,     0000011P   1665
641.1954664123534D0,-234.9628885458557D0,285.0028276370508D0,    0000011P   1666
679.1600615947548D0,-234.2157535102802D0,284.7863639894196D0,    0000011P   1667
712.4541260706853D0,-233.0283412917672D0,284.7827964664301D0,    0000011P   1668
740.9336198998404D0,-231.6492185871574D0,284.86753157212D0,      0000011P   1669
774.1889295780983D0,-229.6173838155155D0,285.0237525583659D0,    0000011P   1670
812.207600524935D0,-226.6910473331553D0,285.2213462363223D0,     0000011P   1671
854.951113996427D0,-222.6367926270219D0,285.5410094551153D0,     0000011P   1672
897.7223414871527D0,-217.8586529443345D0,286.0312732191425D0,    0000011P   1673
940.4611906306609D0,-212.4050439643944D0,286.6576385266309D0,    0000011P   1674
983.2333540008859D0,-206.3025672681888D0,287.3842176017992D0,    0000011P   1675
1025.96564968702D0,-199.5813863630812D0,288.2326452138706D0,     0000011P   1676
1068.756329635879D0,-192.2375467322229D0,289.2222888838069D0,    0000011P   1677
1106.716256127369D0,-185.2182874241753D0,290.1563977525483D0,    0000011P   1678
1139.972008490062D0,-178.7252820794946D0,290.9585778519395D0,    0000011P   1679
1168.486656867127D0,-172.9328521200363D0,291.6613335890811D0,    0000011P   1680
1201.718355317415D0,-165.9355741465228D0,292.5310621916317D0,    0000011P   1681
1239.748782016157D0,-157.5876501915808D0,293.638372990102D0,     0000011P   1682
1282.492003377626D0,-147.7722875220848D0,294.9824560494424D0,    0000011P   1683
1325.240543013427D0,-137.5384934543059D0,296.3640346006406D0,    0000011P   1684
1363.243854924584D0,-128.0940989560146D0,297.6542867316488D0,    0000011P   1685
1396.462251200215D0,-119.6065110259314D0,298.8472759073779D0,    0000011P   1686
1424.982686649437D0,-112.1776484597971D0,299.9003227611806D0,    0000011P   1687
1453.477495829179D0,-104.6313416693127D0,300.9706901133197D0,    0000011P   1688
1481.986724938615D0,-96.96804986460023D0,302.043951519839D0,     0000011P   1689
1510.483922944076D0,-89.17335276905729D0,303.1416669291554D0,    0000011P   1690
1530.412400845034D0,-83.61847797967228D0,303.9394093946495D0,    0000011P   1691
1541.796018921539D0,-80.41383360638382D0,304.4099043849477D0,    0000011P   1692
1544.627354961639D0,-79.61645729015702D0,304.5294259985267D0,    0000011P   1693
1547.498897531983D0,-78.80473037814529D0,304.6483888056511D0,    0000011P   1694
1550.327244203495D0,-78.00528145455871D0,304.7683898942602D0,    0000011P   1695
1553.204619021205D0,-77.19111841842347D0,304.8890294531698D0,    0000011P   1696
1556.035752513199D0,-76.38877337656361D0,305.0094777441887D0,    0000011P   1697
1558.888782261933D0,-75.57851295721576D0,305.1295480546146D0,    0000011P   1698
1561.730573225042D0,-74.7718972787396D0,305.2504541897451D0,     0000011P   1699
1564.601377404709D0,-73.95557257774135D0,305.370893851286D0,     0000011P   1700
1567.439209381285D0,-73.14907348358111D0,305.4917881841638D0,    0000011P   1701
1570.287444993189D0,-72.33835026279635D0,305.6119732176551D0,    0000011P   1702
1573.148142616537D0,-71.52372282845066D0,305.7319569306255D0,    0000011P   1703
1575.984760380201D0,-70.71629178366301D0,305.8519105706052D0,    0000011P   1704
1578.83480488131D0,-69.90449153467293D0,305.9712442067403D0,     0000011P   1705
1581.68195650069D0,-69.09338871145143D0,306.0900357859445D0,     0000011P   1706
1584.539632442766D0,-68.27927465436096D0,306.208293888994D0,     0000011P   1707
1587.391882254083D0,-67.46772946463393D0,306.3265491737047D0,    0000011P   1708
1590.24797910625D0,-66.65387454828054D0,306.443077197087D0,      0000011P   1709
1593.085090927598D0,-65.84732419862701D0,306.5599442250167D0,    0000011P   1710
1595.957218317813D0,-65.02922130633989D0,306.6744894418471D0,    0000011P   1711
1598.787417392523D0,-64.22526604694086D0,306.7902985770368D0,    0000011P   1712
1601.649384719118D0,-63.41197512519519D0,306.9013190811955D0,    0000011P   1713
1604.489630209661D0,-62.60383223312076D0,307.0403289941135D0,    0000011P   1714
1607.343082207262D0,-61.79237418896332D0,307.1776715474682D0,    0000011P   1715
1610.185878655673D0,-60.98449627164582D0,307.3162202527811D0,    0000011P   1716
1613.035518640555D0,-60.1762279527729D0,307.4560867659739D0,     0000011P   1717
1615.894585753088D0,-59.36479976495381D0,307.5952544970503D0,    0000011P   1718
1618.707603801014D0,-58.56914299733025D0,307.7364738730078D0,    0000011P   1719
1621.64787293267D0,-57.73254615814519D0,307.873121176148D0,      0000011P   1720
1625.411994315196D0,-56.69159478830962D0,308.1043801905504D0,    0000011P   1721
1636.000261247527D0,-53.48105939592636D0,308.1971308559385D0,    0000011P   1722
1646.59081305664D0,-50.32924407140228D0,308.4059743275334D0,     0000011P   1723
1657.898036706038D0,-46.93025283113358D0,308.5779704550847D0,    0000011P   1724
1668.985655006862D0,-43.59417485533044D0,308.7510733080749D0,    0000011P   1725
1680.151915125499D0,-40.22772420491596D0,308.9140148845855D0,    0000011P   1726
1691.275543288251D0,-36.87427058756224D0,309.0705338789792D0,    0000011P   1727
1702.437886295212D0,-33.5122984405121D0,309.2210804734934D0,     0000011P   1728
1713.582287288732D0,-30.15921765434638D0,309.3657299048126D0,    0000011P   1729
1724.772749152926D0,-26.79592052271419D0,309.5060995701036D0,    0000011P   1730
1735.899841398049D0,-23.45379190601036D0,309.6401768626805D0,    0000011P   1731
1747.069603126064D0,-20.10156782435004D0,309.7712492383442D0,    0000011P   1732
1758.218492287923D0,-16.75756087927499D0,309.8995188472616D0,    0000011P   1733
1769.368524162734D0,-13.41332172003181D0,310.0240887278326D0,    0000011P   1734
1780.591084328277D0,-10.04693245908253D0,310.1480980024335D0,    0000011P   1735
1791.701867408732D0,-6.71213104491222D0,310.2689545594569D0,     0000011P   1736
1802.847082799331D0,-3.364274244070709D0,310.3918136006688D0,    0000011P   1737
1810.297442269146D0,-1.121572927585543D0,310.472962460912D0,     0000011P   1738
1814.018691969357D0,-2.771458174772415D-14,310.5139078257116D0,  0000011P   1739
-256.5688988940354D0,-109.9045728342583D0,315.3213296138507D0,   0000011P   1740
-242.325424121051D0,-113.122727124412D0,314.5945517944359D0,     0000011P   1741
-213.8436147364002D0,-119.4877058147492D0,313.0972376067451D0,   0000011P   1742
-171.0307524373581D0,-128.8495148385061D0,310.755560523313D0,    0000011P   1743
-128.3371391351407D0,-137.9735597050129D0,308.3393067692431D0,   0000011P   1744
-85.48691136867701D0,-146.9213222222D0,305.88598744721D0,        0000011P   1745
-42.84041461657294D0,-155.5970660423701D0,303.4026077610478D0,   0000011P   1746
-0.0554552825619769D0,-164.068866775757D0,300.9386180134763D0,   0000011P   1747
42.63511355775935D0,-172.2666099636273D0,298.5124134098633D0,    0000011P   1748
85.38854411585872D0,-180.1621369665889D0,296.1133881355535D0,    0000011P   1749
128.1250928053327D0,-187.6747139307779D0,293.7184776188951D0,    0000011P   1750
166.1112369735053D0,-193.9940053436193D0,291.6918974721432D0,    0000011P   1751
199.3797333389587D0,-199.2544528516902D0,290.0677244621525D0,    0000011P   1752
227.8829532237583D0,-203.5507384417713D0,288.7423233543601D0,    0000011P   1753
256.3526262159109D0,-207.6091971527705D0,287.4485699863634D0,    0000011P   1754
284.8769587226776D0,-211.4239459842398D0,286.1614891921527D0,    0000011P   1755
313.3790917366317D0,-214.9728112792882D0,284.9199418351008D0,    0000011P   1756
341.8477767674202D0,-218.2474051331215D0,283.7691717654772D0,    0000011P   1757
370.3912798441347D0,-221.2538903807582D0,282.7532072067563D0,    0000011P   1758
398.8849680885302D0,-223.9641062082708D0,281.8479960869522D0,    0000011P   1759
432.0990309325324D0,-226.769652757552D0,280.8990904905726D0,     0000011P   1760
470.1642967064008D0,-229.4586155857998D0,279.9374335303829D0,    0000011P   1761
508.1246887848092D0,-231.5013856834868D0,279.1198646902303D0,    0000011P   1762
541.4117644541956D0,-232.8222742981991D0,278.5164352157455D0,    0000011P   1763
569.9183635548752D0,-233.616504687921D0,278.0722489982727D0,     0000011P   1764
603.1476235137684D0,-234.1345826112151D0,277.6375175520151D0,    0000011P   1765
641.1943147617783D0,-234.1201913163635D0,277.2572796615312D0,    0000011P   1766
679.1605807896001D0,-233.3695385101921D0,277.0383024286396D0,    0000011P   1767
712.4532761556586D0,-232.1659909451903D0,276.9825668185212D0,    0000011P   1768
740.933053796884D0,-230.7677587893701D0,277.0156836807144D0,     0000011P   1769
774.1893310922989D0,-228.7118465778231D0,277.1356533361244D0,    0000011P   1770
812.2064752768798D0,-225.7617024509092D0,277.3721292942875D0,    0000011P   1771
854.9516899532321D0,-221.6842022601581D0,277.8107796135653D0,    0000011P   1772
897.7211628190942D0,-216.8852238911133D0,278.4622548609828D0,    0000011P   1773
940.4617728778293D0,-211.4064654393471D0,279.244765457053D0,     0000011P   1774
983.2322037585529D0,-205.2683416282477D0,280.0746432506878D0,    0000011P   1775
1025.96630608971D0,-198.5058962209679D0,280.9821844729614D0,     0000011P   1776
1068.754853266804D0,-191.1209929379345D0,281.9951442789042D0,    0000011P   1777
1106.716631266396D0,-184.0770670162013D0,283.0054530155384D0,    0000011P   1778
1139.971645563838D0,-177.5805415473359D0,283.978488082812D0,     0000011P   1779
1168.485591142648D0,-171.7919607875968D0,284.8604321413615D0,    0000011P   1780
1201.718914989828D0,-164.8005767974667D0,285.932257966463D0,     0000011P   1781
1239.747931803995D0,-156.4528967777862D0,287.1950182929703D0,    0000011P   1782
1282.492235783757D0,-146.6397755475924D0,288.6888958566723D0,    0000011P   1783
1325.240466966613D0,-136.4221598651316D0,290.2718153691444D0,    0000011P   1784
1363.243919184734D0,-126.9943843238018D0,291.7333800439192D0,    0000011P   1785
1396.462119653647D0,-118.5154803956644D0,293.0310116995664D0,    0000011P   1786
1424.981618833767D0,-111.0963640701047D0,294.1735202788412D0,    0000011P   1787
1453.477372769502D0,-103.5678914912915D0,295.3642466446958D0,    0000011P   1788
1481.988298553552D0,-95.93701881588058D0,296.6199799089189D0,    0000011P   1789
1510.486952433298D0,-88.18171726808426D0,297.9325077718459D0,    0000011P   1790
1530.413466815177D0,-82.65395245832929D0,298.8817693635917D0,    0000011P   1791
1541.795663507133D0,-79.46285422900748D0,299.4326842579857D0,    0000011P   1792
1544.627712786241D0,-78.66860899547034D0,299.5722376826205D0,    0000011P   1793
1547.498303674164D0,-77.86019808027137D0,299.7108014030597D0,    0000011P   1794
1550.327039747591D0,-77.06374976550264D0,299.8502158080029D0,    0000011P   1795
1553.204104679865D0,-76.25280281509522D0,299.9900391157229D0,    0000011P   1796
1556.035454079556D0,-75.45339088908956D0,300.1293381993416D0,    0000011P   1797
1558.887843791654D0,-74.64617188968077D0,300.2679148182541D0,    0000011P   1798
1561.729829622512D0,-73.84249541130002D0,300.4071713238554D0,    0000011P   1799
1564.599907692526D0,-73.02927627973563D0,300.5456345205782D0,    0000011P   1800
1567.4380955937D0,-72.22568524443845D0,300.684372290822D0,       0000011P   1801
1570.286074965402D0,-71.4179545451679D0,300.8220695276718D0,     0000011P   1802
1573.146343738519D0,-70.60640972885317D0,300.9593219237434D0,    0000011P   1803
1575.983266618367D0,-69.80194971151626D0,301.0963403358402D0,    0000011P   1804
1578.833232857471D0,-68.99324310070132D0,301.2324657026124D0,    0000011P   1805
1581.680367029491D0,-68.18527087722755D0,301.3678022515878D0,    0000011P   1806
1584.537905275037D0,-67.374407487875D0,301.5023749347084D0,      0000011P   1807
1587.390670807335D0,-66.56613751027692D0,301.6368053633898D0,    0000011P   1808
1590.246520353197D0,-65.75568795559865D0,301.7691378909843D0,    0000011P   1809
1593.084634820316D0,-64.9525000129501D0,301.901749109548D0,      0000011P   1810
1595.956269864136D0,-64.13809099575576D0,302.0316132322534D0,    0000011P   1811
1598.787646871381D0,-63.33767863143255D0,302.1628433809652D0,    0000011P   1812
1601.649985233288D0,-62.52824301261713D0,302.288537501721D0,     0000011P   1813
1604.490110393358D0,-61.72400108482857D0,302.446171356764D0,     0000011P   1814
1607.343236386675D0,-60.9166642058478D0,302.6018666419236D0,     0000011P   1815
1610.185855397893D0,-60.11300683911998D0,302.7589225157075D0,    0000011P   1816
1613.035740192438D0,-59.309146598605D0,302.9174817302239D0,      0000011P   1817
1615.894296276066D0,-58.50237906194033D0,303.075254756532D0,     0000011P   1818
1618.708460931881D0,-57.71128324105494D0,303.2354000851121D0,    0000011P   1819
1621.645190357177D0,-56.88025003584239D0,303.3903628982209D0,    0000011P   1820
1625.427971201893D0,-55.84390987986517D0,303.6529417810843D0,    0000011P   1821
1635.836975787625D0,-52.67542939725917D0,303.7569096474776D0,    0000011P   1822
1646.30239008969D0,-49.5610790898899D0,303.9934522813411D0,      0000011P   1823
1657.45841379433D0,-46.20571049215698D0,304.1882386787531D0,     0000011P   1824
1668.403992623585D0,-42.91341176016793D0,304.3845963829588D0,    0000011P   1825
1679.426251976916D0,-39.59265314457565D0,304.5695991413167D0,    0000011P   1826
1690.407684700583D0,-36.28593254957536D0,304.7474712112206D0,    0000011P   1827
1701.427928407015D0,-32.97211040259501D0,304.9186785504933D0,    0000011P   1828
1712.431195481058D0,-29.66822401799032D0,305.0832586077532D0,    0000011P   1829
1723.480546730757D0,-26.35549537466469D0,305.2430113007423D0,    0000011P   1830
1734.467710927951D0,-23.06466800736827D0,305.3955879713705D0,    0000011P   1831
1745.497521174269D0,-19.76504139596157D0,305.5446971758183D0,    0000011P   1832
1756.507375486479D0,-16.47453820593501D0,305.6905214066845D0,    0000011P   1833
1767.518332578466D0,-13.1848338034126D0,305.8319870288344D0,     0000011P   1834
1778.60097624759D0,-9.874394028056589D0,305.9726330745346D0,     0000011P   1835
1789.573530274916D0,-6.595885635628718D0,306.1094485943564D0,    0000011P   1836
1800.580388183838D0,-3.305486145761948D0,306.2482767112974D0,    0000011P   1837
1807.937689219052D0,-1.101880969339009D0,306.3397471270112D0,    0000011P   1838
1811.612458966372D0,-2.761356350734131D-14,306.3858440887868D0,  0000011P   1839
-256.5688988939324D0,-108.864374744066D0,312.3662442476649D0,    0000011P   1840
-242.3245653392941D0,-112.0813749722559D0,311.5409870855746D0,   0000011P   1841
-213.8415955195195D0,-118.4445121546957D0,309.8437727459511D0,   0000011P   1842
-171.031879387625D0,-127.8017952525359D0,307.1865023044445D0,    0000011P   1843
-128.3346499520395D0,-136.91788814224D0,304.4301772140103D0,     0000011P   1844
-85.48816149899426D0,-145.8612569953243D0,301.6510918323055D0,   0000011P   1845
-42.83790323137785D0,-154.5460422850197D0,298.8914525471466D0,   0000011P   1846
-0.05628142123088756D0,-163.0263534792124D0,296.1560682523094D0, 0000011P   1847
42.63590700316246D0,-171.2206311702198D0,293.4146078248017D0,    0000011P   1848
85.3884480615946D0,-179.1167205492727D0,290.7170777676409D0,     0000011P   1849
128.1246873926072D0,-186.6510242297107D0,288.0992221604825D0,    0000011P   1850
166.1115480184819D0,-192.9856332082175D0,285.8381917090744D0,    0000011P   1851
199.3791158901629D0,-198.2401229619867D0,283.9080885528426D0,    0000011P   1852
227.8819537353235D0,-202.5288099828895D0,282.3168563533641D0,    0000011P   1853
256.3532164096638D0,-206.5878641340111D0,280.8185341991072D0,    0000011P   1854
284.8756001201364D0,-210.4216072050191D0,279.4534503982981D0,    0000011P   1855
313.377585522013D0,-213.9976623345759D0,278.1893824141366D0,     0000011P   1856
341.8484171218603D0,-217.2972747513035D0,277.0021503409479D0,    0000011P   1857
370.3902213721522D0,-220.316081900198D0,275.8670046960593D0,     0000011P   1858
398.8837809005809D0,-223.0312384858148D0,274.801026019194D0,     0000011P   1859
432.0997871111173D0,-225.8396060521939D0,273.6640837982906D0,    0000011P   1860
470.1624815750208D0,-228.5355803586032D0,272.5549627967723D0,    0000011P   1861
508.1251760569875D0,-230.5850702543569D0,271.6170867620109D0,    0000011P   1862
541.4112514098836D0,-231.9076977949094D0,270.8904466050468D0,    0000011P   1863
569.9179232679517D0,-232.7031666746776D0,270.3541435153381D0,    0000011P   1864
603.1479787876791D0,-233.2252771312556D0,269.8579085186158D0,    0000011P   1865
641.1931631114038D0,-233.223334132013D0,269.5160610010287D0,     0000011P   1866
679.1610999845898D0,-232.4784051302982D0,269.3566218297065D0,    0000011P   1867
712.4524262401994D0,-231.2632794126576D0,269.2892589596297D0,    0000011P   1868
740.9324876932092D0,-229.8489820656999D0,269.2999249075556D0,    0000011P   1869
774.1897326063554D0,-227.7733569502232D0,269.4156635781801D0,    0000011P   1870
812.2053500315861D0,-224.8081518432194D0,269.7311565738254D0,    0000011P   1871
854.9522659119209D0,-220.7077542878098D0,270.2568520034041D0,    0000011P   1872
897.7199841406925D0,-215.8641818987273D0,270.8783651534557D0,    0000011P   1873
940.4623551179304D0,-210.3391028385153D0,271.653200690022D0,     0000011P   1874
983.2310535549121D0,-204.1735746818327D0,272.6375190124535D0,    0000011P   1875
1025.966962518822D0,-197.3954088519548D0,273.7646883401249D0,    0000011P   1876
1068.753376752718D0,-190.0000882993882D0,274.9645540911629D0,    0000011P   1877
1106.717006301252D0,-182.9451767729673D0,276.1040630019562D0,    0000011P   1878
1139.971282955673D0,-176.4339202767544D0,277.1570496611508D0,    0000011P   1879
1168.48452594563D0,-170.6318592687654D0,278.0965417308247D0,     0000011P   1880
1201.71947476631D0,-163.6267514264027D0,279.2367752821422D0,     0000011P   1881
1239.747079553027D0,-155.2715776512907D0,280.5992211948064D0,    0000011P   1882
1282.492466797311D0,-145.4602115370124D0,282.2325743631817D0,    0000011P   1883
1325.240398570795D0,-135.2548277939215D0,283.9798590688718D0,    0000011P   1884
1363.243988941063D0,-125.8520035436068D0,285.6407196118091D0,    0000011P   1885
1396.461971299247D0,-117.4086710948719D0,287.1740102912041D0,    0000011P   1886
1424.9805231407D0,-110.0249184135395D0,288.5336475440499D0,      0000011P   1887
1453.477241011456D0,-102.5314977555105D0,289.9295374284382D0,    0000011P   1888
1481.989935306758D0,-94.93080627480312D0,291.3510037610673D0,    0000011P   1889
1510.490086648996D0,-87.20240577240877D0,292.808030909509D0,     0000011P   1890
1530.414587133267D0,-81.69233332270666D0,293.856031332097D0,     0000011P   1891
1541.795290261168D0,-78.51123431126715D0,294.4667521433032D0,    0000011P   1892
1544.628032930287D0,-77.71930909701045D0,294.621574970178D0,     0000011P   1893
1547.497650916794D0,-76.91348144116256D0,294.7753865319576D0,    0000011P   1894
1550.326754117446D0,-76.11937609299383D0,294.9302545439885D0,    0000011P   1895
1553.203486148184D0,-75.31105945063646D0,295.0856792798869D0,    0000011P   1896
1556.035028012363D0,-74.5140634966436D0,295.2406082499742D0,     0000011P   1897
1558.886754131798D0,-73.70943417646505D0,295.3948157116291D0,    0000011P   1898
1561.728911475854D0,-72.90830732989977D0,295.5498765882301D0,    0000011P   1899
1564.598240597438D0,-72.09786314121445D0,295.7041308128235D0,    0000011P   1900
1567.436762414498D0,-71.29690524924698D0,295.8587770311676D0,    0000011P   1901
1570.284464681648D0,-70.49194463627492D0,296.0123330260427D0,    0000011P   1902
1573.144285198838D0,-69.68330925238938D0,296.1654662297005D0,    0000011P   1903
1575.981495562124D0,-68.8816930958117D0,296.3184111341044D0,     0000011P   1904
1578.831367993721D0,-68.07599574468684D0,296.4704235732948D0,    0000011P   1905
1581.678471574416D0,-67.27110929997848D0,296.6216180813D0,       0000011P   1906
1584.535861695302D0,-66.46348808418051D0,296.7720200071137D0,    0000011P   1907
1587.389135550577D0,-65.65851792062334D0,296.9223259416381D0,    0000011P   1908
1590.244733736552D0,-64.85152819492369D0,297.0703330604533D0,    0000011P   1909
1593.083850454577D0,-64.05178376127142D0,297.218712307682D0,     0000011P   1910
1595.954996730146D0,-63.24117312514518D0,297.3640569512025D0,    0000011P   1911
1598.787559535376D0,-62.44442833515345D0,297.5109915311718D0,    0000011P   1912
1601.650281399645D0,-61.63898964110057D0,297.6517485149414D0,    0000011P   1913
1604.490303612184D0,-60.83880401130299D0,297.8284854130943D0,    0000011P   1914
1607.343126214348D0,-60.03575411237314D0,298.0030864114975D0,    0000011P   1915
1610.185595945987D0,-59.23649036157466D0,298.1792603415317D0,    0000011P   1916
1613.035759566586D0,-58.43721528451894D0,298.3571650773778D0,    0000011P   1917
1615.893844810772D0,-57.63528627316793D0,298.5342221770367D0,    0000011P   1918
1618.709202751307D0,-56.8489268315341D0,298.7139822203579D0,     0000011P   1919
1621.642445948732D0,-56.02362702045797D0,298.8879433154394D0,    0000011P   1920
1625.44397691592D0,-54.99213874976037D0,299.1828307550852D0,     0000011P   1921
1635.673865702947D0,-51.86599149515187D0,299.2992005471519D0,    0000011P   1922
1646.014370549618D0,-48.78938904684343D0,299.5647383593616D0,    0000011P   1923
1657.019466361158D0,-45.47787149780898D0,299.7834784804057D0,    0000011P   1924
1667.82332076329D0,-42.22953633346635D0,300.0041731194189D0,     0000011P   1925
1678.701936381332D0,-38.95462034761112D0,300.2122889651634D0,    0000011P   1926
1689.541571674285D0,-35.69475999437452D0,300.412587030191D0,     0000011P   1927
1700.420154059696D0,-32.42920204478259D0,300.6056002400361D0,    0000011P   1928
1711.282764157689D0,-29.17462159037883D0,300.7913794473786D0,    0000011P   1929
1722.191519693023D0,-25.91258064873383D0,300.9719582826618D0,    0000011P   1930
1733.039307691904D0,-22.673191782366D0,301.1447032285182D0,      0000011P   1931
1743.929754248409D0,-19.42632828429411D0,301.3137951336349D0,    0000011P   1932
1754.801196437904D0,-16.18953323737014D0,301.4794480251693D0,    0000011P   1933
1765.673735401836D0,-12.95461707800846D0,301.6404627865787D0,    0000011P   1934
1776.617152149929D0,-9.700439726484426D0,301.8008295521468D0,    0000011P   1935
1787.452198612912D0,-6.478607099249376D0,301.9571697267502D0,    0000011P   1936
1798.321451435126D0,-3.246127822432314D0,302.1160655467452D0,    0000011P   1937
1805.586215565028D0,-1.081987728813249D0,302.2209793544583D0,    0000011P   1938
1809.214770939394D0,-2.751254526695848D-14,302.2738947180735D0,  0000011P   1939
-256.5688988936026D0,-107.7911577008162D0,309.3594059953705D0,   0000011P   1940
-242.3237065573744D0,-111.0068604272327D0,308.4367639550706D0,   0000011P   1941
-213.8395763025866D0,-117.3678550403696D0,306.5423988227761D0,   0000011P   1942
-171.033006337934D0,-126.7267959604986D0,303.6024223935384D0,    0000011P   1943
-128.332160768984D0,-135.8544486600496D0,300.5948182909592D0,    0000011P   1944
-85.48941162932776D0,-144.8062295215963D0,297.553438086397D0,    0000011P   1945
-42.83539184619428D0,-153.4859946087928D0,294.4739372344797D0,   0000011P   1946
-0.05710755991607153D0,-161.9533420605833D0,291.3934066379779D0, 0000011P   1947
42.63670044855031D0,-170.1348235527926D0,288.3101044551649D0,    0000011P   1948
85.38835200731823D0,-178.0259830166D0,285.2940199054656D0,       0000011P   1949
128.1242819798706D0,-185.5720651889807D0,282.3991726667931D0,    0000011P   1950
166.1118590634478D0,-191.9236143927414D0,279.9231511273184D0,    0000011P   1951
199.3784984413572D0,-197.1916188358475D0,277.8239707540533D0,    0000011P   1952
227.8809542468793D0,-201.4888902550312D0,276.081360640653D0,     0000011P   1953
256.3538066034068D0,-205.5514491277749D0,274.4058603087431D0,    0000011P   1954
284.8742415175832D0,-209.381217548656D0,272.8199523599871D0,     0000011P   1955
313.3760793073814D0,-212.9523925438258D0,271.3313133356829D0,    0000011P   1956
341.8490574762907D0,-216.2524450345006D0,269.9561040713215D0,    0000011P   1957
370.3891629001691D0,-219.2828970274629D0,268.7093509389976D0,    0000011P   1958
398.8825937126363D0,-222.0154026691595D0,267.5760011872801D0,    0000011P   1959
432.1005432896964D0,-224.8438842689917D0,266.3757706583739D0,    0000011P   1960
470.1606664435824D0,-227.5530382809889D0,265.1649643608252D0,    0000011P   1961
508.1256633291211D0,-229.6104987666901D0,264.1219456494941D0,    0000011P   1962
541.4107383656707D0,-230.9406157395429D0,263.3249048701151D0,    0000011P   1963
569.9174829811981D0,-231.7417970340841D0,262.7378355305928D0,    0000011P   1964
603.1483340616162D0,-232.268399629585D0,262.187802967788D0,      0000011P   1965
641.1920114603323D0,-232.2666084396774D0,261.7840254193355D0,    0000011P   1966
679.1616191790752D0,-231.5163431655423D0,261.5861249459908D0,    0000011P   1967
712.4515763262288D0,-230.2929568082551D0,261.5200321708712D0,    0000011P   1968
740.9319215920085D0,-228.8685302185301D0,261.5441359065935D0,    0000011P   1969
774.1901341208931D0,-226.7769452777438D0,261.6765998981226D0,    0000011P   1970
812.204224776713D0,-223.7867362350519D0,261.993816981755D0,      0000011P   1971
854.9528418640612D0,-219.6593786872538D0,262.5660448707939D0,    0000011P   1972
897.718805498051D0,-214.8006817902312D0,263.3471510684188D0,     0000011P   1973
940.4629373824456D0,-209.2516767994689D0,264.2578571078392D0,    0000011P   1974
983.2299032173041D0,-203.0332489429896D0,265.2166721014235D0,    0000011P   1975
1025.967618856424D0,-196.2058551614934D0,266.323406713969D0,     0000011P   1976
1068.751900740443D0,-188.798743088359D0,267.6751550899521D0,     0000011P   1977
1106.717381696559D0,-181.7484324911201D0,269.0168433004575D0,    0000011P   1978
1139.970919246619D0,-175.2397105627962D0,270.232213580165D0,     0000011P   1979
1168.483458922986D0,-169.4405044026711D0,271.3075272167524D0,    0000011P   1980
1201.720034182523D0,-162.4413976302803D0,272.6103267501529D0,    0000011P   1981
1239.74623435827D0,-154.1005915758275D0,274.1753438844008D0,     0000011P   1982
1282.492702630529D0,-144.3117613905448D0,276.0402272445083D0,    0000011P   1983
1325.24030369503D0,-134.1326219553433D0,278.0026087709699D0,     0000011P   1984
1363.244039675318D0,-124.7512106995431D0,279.8243019621917D0,    0000011P   1985
1396.46188111673D0,-116.3213509877822D0,281.4642391291148D0,     0000011P   1986
1424.979523931189D0,-108.950396181382D0,282.9137091236759D0,     0000011P   1987
1453.477139358652D0,-101.4753367133709D0,284.4199127040265D0,    0000011P   1988
1481.991353539574D0,-93.90358079066886D0,285.9942370757183D0,    0000011P   1989
1510.492858408028D0,-86.20926199285545D0,287.6281150073987D0,    0000011P   1990
1530.415519353998D0,-80.72284152442012D0,288.8031637670645D0,    0000011P   1991
1541.794978730066D0,-77.55387880071393D0,289.4834686942141D0,    0000011P   1992
1544.628483486285D0,-76.76475529348342D0,289.6557377138747D0,    0000011P   1993
1547.497202010001D0,-75.96193893789612D0,289.8267015318705D0,    0000011P   1994
1550.326749430263D0,-75.17055343120443D0,289.9986668073416D0,    0000011P   1995
1553.203228217848D0,-74.3651952865453D0,290.171087486395D0,      0000011P   1996
1556.035043683121D0,-73.57089728978822D0,290.3428033336983D0,    0000011P   1997
1558.886187736959D0,-72.76909591044139D0,290.5135727217614D0,    0000011P   1998
1561.728597423968D0,-71.97071571447522D0,290.6851547630934D0,    0000011P   1999
1564.597256641795D0,-71.16320472543845D0,290.855714136501D0,     0000011P   2000
1567.436188546569D0,-70.36500195235963D0,291.0265918682491D0,    0000011P   2001
1570.283685920374D0,-69.56289960083822D0,291.1961502479597D0,    0000011P   2002
1573.14312534446D0,-68.75723050493086D0,291.3651400646681D0,     0000011P   2003
1575.980684217851D0,-67.95848622586189D0,291.5338310626445D0,    0000011P   2004
1578.830516644684D0,-67.15579979318079D0,291.7014055884669D0,    0000011P   2005
1581.677635125106D0,-66.35397690879935D0,291.868000099811D0,     0000011P   2006
1584.534913212922D0,-65.54955425172902D0,292.0336519598696D0,    0000011P   2007
1587.388720995534D0,-64.747821371801D0,292.1991443561784D0,      0000011P   2008
1590.244081850985D0,-63.94421250988707D0,292.3620389036929D0,    0000011P   2009
1593.08420218651D0,-63.14781866606074D0,292.5253125157491D0,     0000011P   2010
1595.954847309887D0,-62.34090201865845D0,292.6851891320783D0,    0000011P   2011
1598.788568690856D0,-61.54771141828396D0,292.846816328277D0,     0000011P   2012
1601.651630909166D0,-60.74614975271289D0,293.0015727101578D0,    0000011P   2013
1604.491490012013D0,-59.94989649386282D0,293.1963091537905D0,    0000011P   2014
1607.343930959252D0,-59.15100809798129D0,293.3886839522273D0,    0000011P   2015
1610.18615395816D0,-58.35601341695409D0,293.5828272268686D0,     0000011P   2016
1613.036478674512D0,-57.56120236884781D0,293.7789235911152D0,    0000011P   2017
1615.893953984037D0,-56.76399664075255D0,293.9741173070569D0,    0000011P   2018
1618.710343661387D0,-55.98226670956796D0,294.1723626610597D0,    0000011P   2019
1621.639915542582D0,-55.16260427788513D0,294.36422230421D0,      0000011P   2020
1625.459882858186D0,-54.13584418836604D0,294.6898346724917D0,    0000011P   2021
1635.510148646173D0,-51.05192039640158D0,294.8166814353022D0,    0000011P   2022
1645.724954753696D0,-48.0130186995295D0,295.1091004769594D0,     0000011P   2023
1656.578181104961D0,-44.74538713523437D0,295.3499335434236D0,    0000011P   2024
1667.239220715339D0,-41.54112456803073D0,295.5933202803312D0,    0000011P   2025
1677.972956921971D0,-38.31222638464327D0,295.8230830884609D0,    0000011P   2026
1688.669417282561D0,-35.09945963892559D0,296.0444825061347D0,    0000011P   2027
1699.404822505741D0,-31.88244949528828D0,296.2580811972113D0,    0000011P   2028
1710.125124932875D0,-28.67750087224896D0,296.4639061890442D0,    0000011P   2029
1720.891502691403D0,-25.46650787583185D0,296.6641875953907D0,    0000011P   2030
1731.598004547862D0,-22.27894414611001D0,296.8559698102185D0,    0000011P   2031
1742.347053074741D0,-19.08524883904686D0,297.0438687453336D0,    0000011P   2032
1753.077927891969D0,-15.90257750464238D0,297.2280927330644D0,    0000011P   2033
1763.80977605452D0,-12.72286769938766D0,297.4072799460729D0,     0000011P   2034
1774.611579270444D0,-9.52536547395758D0,297.5858343912723D0,     0000011P   2035
1785.306621106104D0,-6.360607955279483D0,297.759972598457D0,     0000011P   2036
1796.035664812747D0,-3.186426925764815D0,297.9369786879541D0,    0000011P   2037
1803.206087031487D0,-1.06198443156805D0,298.0538522381395D0,     0000011P   2038
1806.787508864313D0,-2.741152702657564D-14,298.1127933004763D0,  0000011P   2039
-256.5688988934126D0,-106.72530102961D0,306.4167557436817D0,     0000011P   2040
-242.3228477755593D0,-109.9433084606635D0,305.4169119522969D0,   0000011P   2041
-213.8375570856978D0,-116.3071455003486D0,303.3569954329587D0,   0000011P   2042
-171.0341332882383D0,-125.6585218905144D0,300.1195806418909D0,   0000011P   2043
-128.3296715859291D0,-134.7617396787417D0,296.7478824372313D0,   0000011P   2044
-85.4906617596849D0,-143.6892695243705D0,293.3407578373114D0,    0000011P   2045
-42.83288046103984D0,-152.3649794609288D0,289.9554222390411D0,   0000011P   2046
-0.05793369862837199D0,-160.8369919790081D0,286.6029198300162D0, 0000011P   2047
42.63749389391035D0,-169.0228919893563D0,283.2513627330842D0,    0000011P   2048
85.38825595301275D0,-176.9147262512247D0,279.9473969932914D0,    0000011P   2049
128.1238765671051D0,-184.455463963999D0,276.7202971676667D0,     0000011P   2050
166.1121701083851D0,-190.8031961253358D0,273.9493659413898D0,    0000011P   2051
199.3778809925223D0,-196.0731136235398D0,271.621674974239D0,     0000011P   2052
227.8799547584059D0,-200.376446036431D0,269.7124909816746D0,     0000011P   2053
256.3543967971224D0,-204.4503130648076D0,267.9087121558972D0,    0000011P   2054
284.8728829150069D0,-208.2970830374338D0,266.2428556290035D0,    0000011P   2055
313.3745730927292D0,-211.8848916229957D0,264.6805516630149D0,    0000011P   2056
341.8496978306967D0,-215.1949199875061D0,263.1971530761021D0,    0000011P   2057
370.3881044281478D0,-218.2222174878162D0,261.7673183203332D0,    0000011P   2058
398.8814065246453D0,-220.9463931795004D0,260.422291923899D0,     0000011P   2059
432.1012994682453D0,-223.7678441565743D0,258.9958015043504D0,    0000011P   2060
470.1588513121953D0,-226.4850937048563D0,257.6324906322837D0,    0000011P   2061
508.1261506012843D0,-228.5620545813066D0,256.5367266988855D0,    0000011P   2062
541.4102253212639D0,-229.9113867316227D0,255.7476117325068D0,    0000011P   2063
569.91704269414D0,-230.7258155059909D0,255.1702896455303D0,      0000011P   2064
603.1486893354718D0,-231.2585486707038D0,254.5958612224137D0,    0000011P   2065
641.1908598103016D0,-231.2425565661501D0,254.0572300909179D0,    0000011P   2066
679.1621383742995D0,-230.4747377079313D0,253.7464478681117D0,    0000011P   2067
712.4507264098988D0,-229.2496774161586D0,253.7073220148247D0,    0000011P   2068
740.9313554869159D0,-227.8270323243002D0,253.8022546564081D0,    0000011P   2069
774.1905356346356D0,-225.7341945392539D0,254.02833995586D0,      0000011P   2070
812.2030995366798D0,-222.7276488832877D0,254.4045455352668D0,    0000011P   2071
854.953417826328D0,-218.5644813459965D0,254.9708354550702D0,     0000011P   2072
897.7176267997735D0,-213.6555633323339D0,255.6663244514187D0,    0000011P   2073
940.4635196089606D0,-208.0695362700153D0,256.5922676654441D0,    0000011P   2074
983.2287530878742D0,-201.855608342956D0,257.8484885742906D0,     0000011P   2075
1025.968275336217D0,-195.0367542985519D0,259.2662736538039D0,    0000011P   2076
1068.750423948151D0,-187.6053719484681D0,260.6720312223638D0,    0000011P   2077
1106.717756531583D0,-180.5287105348306D0,262.0057820159015D0,    0000011P   2078
1139.970557248707D0,-174.0122145876216D0,263.2996932583579D0,    0000011P   2079
1168.482394737982D0,-168.2140261335272D0,264.4813171168259D0,    0000011P   2080
1201.720594158749D0,-161.2216530904153D0,265.9308725737154D0,    0000011P   2081
1239.745378195889D0,-152.8925676200635D0,267.6628130619139D0,    0000011P   2082
1282.492930972502D0,-143.1211848715787D0,269.7109217348976D0,    0000011P   2083
1325.240249978041D0,-132.9637093318824D0,271.8476102651513D0,    0000011P   2084
1363.244119976367D0,-123.6072925731526D0,273.8371433415664D0,    0000011P   2085
1396.461700515995D0,-115.2049143703625D0,275.6483204430065D0,    0000011P   2086
1424.978374754387D0,-107.8605297139712D0,277.2528529694926D0,    0000011P   2087
1453.476990912406D0,-100.4136206561977D0,278.9139519815544D0,    0000011P   2088
1481.993111425525D0,-92.87081487209666D0,280.6343225994428D0,    0000011P   2089
1510.496193544761D0,-85.20645341667276D0,282.416411938076D0,     0000011P   2090
1530.416743940132D0,-79.74188010599244D0,283.7040648844646D0,    0000011P   2091
1541.794571273262D0,-76.58561589694862D0,284.4540348739098D0,    0000011P   2092
1544.628731338504D0,-75.79950512608723D0,284.6441368155473D0,    0000011P   2093
1547.496436251437D0,-74.99997668952554D0,284.8329878417355D0,    0000011P   2094
1550.326308064157D0,-74.21164928270771D0,285.0231154199759D0,    0000011P   2095
1553.202409793031D0,-73.40964558398531D0,285.2139090334333D0,    0000011P   2096
1556.034372746186D0,-72.61849523275404D0,285.40408256569D0,      0000011P   2097
1558.884808014315D0,-71.8200212727903D0,285.593360368954D0,      0000011P   2098
1561.727344408018D0,-71.02493304644575D0,285.7836676094329D0,    0000011P   2099
1564.595210860436D0,-70.22094246676103D0,285.9729755762617D0,    0000011P   2100
1567.434434456629D0,-69.42611996316521D0,286.1627495407789D0,    0000011P   2101
1570.281614696911D0,-68.62753501478937D0,286.3511781640165D0,    0000011P   2102
1573.140568634582D0,-67.8255213898656D0,286.5390774563604D0,     0000011P   2103
1575.978381162386D0,-67.03036426283106D0,286.7267342789555D0,    0000011P   2104
1578.828089957138D0,-66.23142616484952D0,286.9132393554852D0,    0000011P   2105
1581.675152629096D0,-65.43342244899078D0,287.0987329318399D0,    0000011P   2106
1584.532262585533D0,-64.6329682009936D0,287.2832462499794D0,     0000011P   2107
1587.386564497808D0,-63.83525274739985D0,287.4676309586401D0,    0000011P   2108
1590.241666216445D0,-63.03581123454618D0,287.6491949767209D0,    0000011P   2109
1593.082788045323D0,-62.24355685859956D0,287.8312030513387D0,    0000011P   2110
1595.952951265256D0,-61.44112152096407D0,288.0094916586453D0,    0000011P   2111
1598.78787353436D0,-60.65226692444853D0,288.1897132742444D0,     0000011P   2112
1601.651343173507D0,-59.85535464500972D0,288.3623745069772D0,    0000011P   2113
1604.491132678613D0,-59.06379270837613D0,288.579001462968D0,     0000011P   2114
1607.343313618788D0,-58.26980741064029D0,288.7930084070217D0,    0000011P   2115
1610.185441359485D0,-57.47980208851994D0,289.0089286151261D0,    0000011P   2116
1613.036110163527D0,-56.69015010274667D0,289.2269553044697D0,    0000011P   2117
1615.893191738496D0,-55.89833348574858D0,289.4439373057987D0,    0000011P   2118
1618.710864251688D0,-55.12186573752233D0,289.664214476563D0,     0000011P   2119
1621.637052505354D0,-54.30843625261939D0,289.8773958754051D0,    0000011P   2120
1625.475943878335D0,-53.2872339955433D0,290.2386433012312D0,     0000011P   2121
1635.347375024841D0,-50.24648205489863D0,290.3819509798886D0,    0000011P   2122
1645.437709201977D0,-47.24619963683546D0,290.7077953771372D0,    0000011P   2123
1656.140529600678D0,-44.02311919288753D0,290.9763935628495D0,    0000011P   2124
1666.660449207619D0,-40.86335362453004D0,291.247330737653D0,     0000011P   2125
1677.251226653416D0,-37.68066956928085D0,291.5028431328316D0,    0000011P   2126
1687.806653176135D0,-34.51497733858D0,291.7487489309668D0,       0000011P   2127
1698.401237357144D0,-31.34629314808661D0,291.985698652731D0,     0000011P   2128
1708.981797840703D0,-28.19056440115649D0,292.21375361864D0,      0000011P   2129
1719.608567738588D0,-25.0300299501315D0,292.4353985442546D0,     0000011P   2130
1730.176752139321D0,-21.89353717050339D0,292.6474138533666D0,    0000011P   2131
1740.787564675459D0,-18.75210373904428D0,292.8549086393899D0,    0000011P   2132
1751.381222093147D0,-15.62251033076615D0,293.0581436583132D0,    0000011P   2133
1761.975911942541D0,-12.49683428010087D0,293.2556524904921D0,    0000011P   2134
1772.639811211675D0,-9.354720425986873D0,293.4523111339587D0,    0000011P   2135
1783.198729684194D0,-6.24564976369153D0,293.6439893619141D0,     0000011P   2136
1793.791611799912D0,-3.128289889772766D0,293.8387312971457D0,    0000011P   2137
1800.870497685329D0,-1.042509479415137D0,293.967276111646D0,     0000011P   2138
1804.406214669499D0,-2.731050878619281D-14,294.0320986044625D0,  0000011P   2139
-256.5688988936985D0,-105.6083030870992D0,303.3816214493348D0,   0000011P   2140
-242.321988994092D0,-108.8241910253344D0,302.2896137896149D0,    0000011P   2141
-213.8355378689353D0,-115.1839890318537D0,300.0421886109841D0,   0000011P   2142
-171.0352602384789D0,-124.5345828145694D0,296.5378798177518D0,   0000011P   2143
-128.3271824028006D0,-133.6484888662812D0,292.9358125493571D0,   0000011P   2144
-85.49191189002573D0,-142.5816331633751D0,289.281173269006D0,    0000011P   2145
-42.83036907587832D0,-151.2440871359285D0,285.5733114563537D0,   0000011P   2146
-0.05875983732482448D0,-159.6971488168595D0,281.8746327619597D0, 0000011P   2147
42.63828733928289D0,-167.8742254497133D0,278.2009760843404D0,    0000011P   2148
85.38815989871219D0,-175.7617357638609D0,274.589680780739D0,     0000011P   2149
128.1234711543405D0,-183.2982196797126D0,271.0591421030763D0,    0000011P   2150
166.1124811533215D0,-189.646452048645D0,268.0443038344058D0,     0000011P   2151
199.3772635436852D0,-194.9230060397892D0,265.5385856755186D0,    0000011P   2152
227.8789552699289D0,-199.2318054986757D0,263.4755357834716D0,    0000011P   2153
256.3549869908319D0,-203.3064905019987D0,261.4913017390484D0,    0000011P   2154
284.8715243124207D0,-207.1447023571404D0,259.5946403787747D0,    0000011P   2155
313.3730668780644D0,-210.7236129426819D0,257.8072147285046D0,    0000011P   2156
341.8503381850914D0,-214.0330701318095D0,256.1607292284879D0,    0000011P   2157
370.3870459561226D0,-217.0764158207914D0,254.6853943930985D0,    0000011P   2158
398.8802193366548D0,-219.8236020134793D0,253.3434191503455D0,    0000011P   2159
432.1020556467854D0,-222.6684416906825D0,251.8982101602048D0,    0000011P   2160
470.1570361807532D0,-225.3910764817833D0,250.3702740920989D0,    0000011P   2161
508.1266378734048D0,-227.4647903105127D0,249.0710187906777D0,    0000011P   2162
541.409712276941D0,-228.8168289889845D0,248.1727762721031D0,     0000011P   2163
569.916602407229D0,-229.6355946267228D0,247.541772148928D0,      0000011P   2164
603.149044609349D0,-230.1735528829586D0,246.9429987960037D0,     0000011P   2165
641.1897081596594D0,-230.1606948238051D0,246.4195202242958D0,    0000011P   2166
679.1626575690857D0,-229.3868186863341D0,246.0957942730594D0,    0000011P   2167
712.4498764948866D0,-228.145596641095D0,245.9671999012348D0,     0000011P   2168
740.9307893840104D0,-226.7044064205943D0,245.9688375529782D0,    0000011P   2169
774.1909371488152D0,-224.5877637611502D0,246.1099058293061D0,    0000011P   2170
812.2019742882392D0,-221.5556395060806D0,246.4850779512854D0,    0000011P   2171
854.9539937828612D0,-217.3781074125157D0,247.1898679519289D0,    0000011P   2172
897.7164481329907D0,-212.4818293906992D0,248.1737321355316D0,    0000011P   2173
940.4641018569973D0,-206.8946086512385D0,249.3063313521705D0,    0000011P   2174
983.2276028406405D0,-200.6251601656057D0,250.4544655429699D0,    0000011P   2175
1025.968931735566D0,-193.7545155379941D0,251.7769280956086D0,    0000011P   2176
1068.748947597393D0,-186.3343957058058D0,253.429476867929D0,     0000011P   2177
1106.718131683788D0,-179.2841338645689D0,255.0587413908385D0,    0000011P   2178
1139.970194282378D0,-172.7744338230458D0,256.4990264655961D0,    0000011P   2179
1168.481328946986D0,-166.9753983747766D0,257.7569798154145D0,    0000011P   2180
1201.721153818126D0,-159.9794242220343D0,259.2712486155803D0,    0000011P   2181
1239.744528241256D0,-151.6509174041584D0,261.089169491225D0,     0000011P   2182
1282.493163554605D0,-141.8936890742876D0,263.2841378191897D0,    0000011P   2183
1325.240172965481D0,-131.7722465318383D0,265.6512750280531D0,    0000011P   2184
1363.24418354278D0,-122.4566100170785D0,267.8761108009085D0,     0000011P   2185
1396.461571091439D0,-114.0883778166985D0,269.882741478463D0,     0000011P   2186
1424.97731045816D0,-106.7735160450578D0,271.6494024634508D0,     0000011P   2187
1453.476868950813D0,-99.35710870522117D0,273.4690453475556D0,    0000011P   2188
1481.994677069337D0,-91.84717568198101D0,275.3460303466093D0,    0000011P   2189
1510.499209812354D0,-84.21626064236212D0,277.2852461676032D0,    0000011P   2190
1530.417803048592D0,-78.77426056321362D0,278.6845497085424D0,    0000011P   2191
1541.794218109459D0,-75.63012581198184D0,279.4994760659864D0,    0000011P   2192
1544.629093919542D0,-74.84684159700144D0,279.7060437224003D0,    0000011P   2193
1547.495849828843D0,-74.05037432270407D0,279.9112421938636D0,    0000011P   2194
1550.326113855548D0,-73.26484007799077D0,280.1178294168645D0,    0000011P   2195
1553.201908604654D0,-72.46589010169276D0,280.3251400722512D0,    0000011P   2196
1556.034090425096D0,-71.67755328199698D0,280.5317718231452D0,    0000011P   2197
1558.883888630424D0,-70.88204163221306D0,280.7374246620781D0,    0000011P   2198
1561.726622840276D0,-70.08985166633902D0,280.9441994695807D0,    0000011P   2199
1564.593766066329D0,-69.28896158217242D0,281.1498838057416D0,    0000011P   2200
1567.433348365617D0,-68.49707562480788D0,281.3560768475981D0,    0000011P   2201
1570.280274999727D0,-67.70154294217319D0,281.560803288217D0,     0000011P   2202
1573.138802537048D0,-66.90270063194095D0,281.7649540199605D0,    0000011P   2203
1575.976922407094D0,-66.1106298770261D0,281.9688426814728D0,     0000011P   2204
1578.826554902393D0,-65.31492510547187D0,282.1714780341678D0,    0000011P   2205
1581.673601786365D0,-64.52021371677104D0,282.3730137727758D0,    0000011P   2206
1584.530575362785D0,-63.72319159865477D0,282.5734846786488D0,    0000011P   2207
1587.385393930015D0,-62.92895024964061D0,282.7738205223491D0,    0000011P   2208
1590.240248854108D0,-62.13312811679517D0,282.9710851873437D0,    0000011P   2209
1593.082373378623D0,-61.3444629876439D0,283.1688409151556D0,     0000011P   2210
1595.952043800455D0,-60.5459588819236D0,283.3625463789824D0,     0000011P   2211
1598.788143009138D0,-59.7608927499132D0,283.5583686150601D0,     0000011P   2212
1601.651982109714D0,-58.96808725101565D0,283.7459518958835D0,    0000011P   2213
1604.491649089855D0,-58.18068136003545D0,283.9815072182566D0,    0000011P   2214
1607.343501170971D0,-57.39107360817513D0,284.214214479362D0,     0000011P   2215
1610.185447919737D0,-56.60554421224945D0,284.4490197704001D0,    0000011P   2216
1613.036357239063D0,-55.82055237092008D0,284.686134572972D0,     0000011P   2217
1615.892922711429D0,-55.0336428572181D0,284.9221219471055D0,     0000011P   2218
1618.711735939816D0,-54.26197458950227D0,285.1617169819597D0,    0000011P   2219
1621.634377735752D0,-53.45433704954951D0,285.3935848043582D0,    0000011P   2220
1625.491917125548D0,-52.43806885798252D0,285.7866564373671D0,    0000011P   2221
1635.18406742456D0,-49.43975020338464D0,285.9416907516737D0,     0000011P   2222
1645.149235304327D0,-46.47732094499719D0,286.295622770854D0,     0000011P   2223
1655.700821413169D0,-43.29817420586362D0,286.5871929625337D0,    0000011P   2224
1666.078661775815D0,-40.18242924833126D0,286.881401122996D0,     0000011P   2225
1676.525393383118D0,-37.04561628462252D0,287.1588663546943D0,    0000011P   2226
1686.938574220251D0,-33.92678120767525D0,287.4259335251347D0,    0000011P   2227
1697.391003808078D0,-30.8063236083085D0,287.6833100524671D0,     0000011P   2228
1707.830370160509D0,-27.69982569862771D0,287.9310605910348D0,    0000011P   2229
1718.315964440407D0,-24.58986340120375D0,288.1718934988662D0,    0000011P   2230
1728.744151125034D0,-21.50465015085848D0,288.4022942702418D0,    0000011P   2231
1739.214937973769D0,-18.41577446908408D0,288.6278342208482D0,    0000011P   2232
1749.669481925731D0,-15.33963447981597D0,288.8487955709987D0,    0000011P   2233
1760.125014093007D0,-12.26843961933818D0,289.0635763494074D0,    0000011P   2234
1770.648909810369D0,-9.182225838764097D0,289.2774935858892D0,    0000011P   2235
1781.069508145502D0,-6.129410325612518D0,289.4860393377169D0,    0000011P   2236
1791.523937793538D0,-3.06948881449925D0,289.6979867708027D0,     0000011P   2237
1798.509699403957D0,-1.022809451693804D0,289.8379234108193D0,    0000011P   2238
1801.998902907131D0,-2.720949054580997D-14,289.9085009864408D0,  0000011P   2239
-256.5688988948753D0,-104.5130045180499D0,300.4551547316094D0,   0000011P   2240
-242.3211302132678D0,-107.724164464273D0,299.2738957427475D0,    0000011P   2241
-213.8335186523875D0,-114.0737090215668D0,296.8386989993692D0,   0000011P   2242
-171.0363871885679D0,-123.4069913324899D0,293.033430292207D0,    0000011P   2243
-128.3246932195058D0,-132.5036259700293D0,289.1177984262199D0,   0000011P   2244
-85.49316202031265D0,-141.4156037179795D0,285.1294433118577D0,   0000011P   2245
-42.82785769067785D0,-150.0519064287107D0,281.0562955727241D0,   0000011P   2246
-0.05958597596145233D0,-158.4876039581278D0,277.0225059111367D0, 0000011P   2247
42.6390807847101D0,-166.6724853338336D0,273.1019082313316D0,     0000011P   2248
85.38806384445302D0,-174.5731234244175D0,269.2686789398711D0,    0000011P   2249
128.1230657416138D0,-182.1094725383258D0,265.4767071826415D0,    0000011P   2250
166.1127921982964D0,-188.4521697345268D0,262.2099246213288D0,    0000011P   2251
199.376646094886D0,-193.7245777898772D0,259.4812040717376D0,     0000011P   2252
227.8779557814885D0,-198.0322222651992D0,257.2392035142787D0,    0000011P   2253
256.355577184576D0,-202.1100604112812D0,255.1020444770994D0,     0000011P   2254
284.8701657098664D0,-205.9572559744559D0,253.0933406383851D0,    0000011P   2255
313.3715606634302D0,-209.5445293901182D0,251.1969806460394D0,    0000011P   2256
341.8509785395182D0,-212.8550517860852D0,249.4080838847566D0,    0000011P   2257
370.3859874841361D0,-215.8853109764328D0,247.7206715879274D0,    0000011P   2258
398.8790321487069D0,-218.6169067135247D0,246.1566995084944D0,    0000011P   2259
432.1028118253597D0,-221.4536387570834D0,244.5105888641166D0,    0000011P   2260
470.1552210493044D0,-224.1997301995796D0,242.9345619969887D0,    0000011P   2261
508.1271251455297D0,-226.3004571411024D0,241.6228977596321D0,    0000011P   2262
541.4091992327349D0,-227.6524790954795D0,240.6092878135025D0,    0000011P   2263
569.9161621204903D0,-228.4630003461568D0,239.8556388987781D0,    0000011P   2264
603.1493998832877D0,-228.9908622164452D0,239.1418389585427D0,    0000011P   2265
641.1885565085182D0,-228.9788147469878D0,238.6063819715193D0,    0000011P   2266
679.1631767635246D0,-228.2131192886812D0,238.3486970879409D0,    0000011P   2267
712.4490265810766D0,-226.9790752055778D0,238.2876294221422D0,    0000011P   2268
740.9302232830751D0,-225.5419126218482D0,238.3487183479834D0,    0000011P   2269
774.19133866342D0,-223.4251032335086D0,238.5552110028217D0,      0000011P   2270
812.200849032413D0,-220.3824024144716D0,238.9914468951113D0,     0000011P   2271
854.9545697343713D0,-216.1784080091645D0,239.712983820964D0,     0000011P   2272
897.715269494062D0,-211.2408820437183D0,240.6282616231479D0,     0000011P   2273
940.4646841240872D0,-205.6239275759634D0,241.7600270751574D0,    0000011P   2274
983.2264524894407D0,-199.3632556854925D0,243.1288080496213D0,    0000011P   2275
1025.969588063945D0,-192.5028119419695D0,244.6853819686276D0,    0000011P   2276
1068.747471636583D0,-185.0578597316307D0,246.3757928632139D0,    0000011P   2277
1106.718507116125D0,-177.9853238836025D0,248.0200066287734D0,    0000011P   2278
1139.969830460951D0,-171.4795597004707D0,249.5736884677732D0,    0000011P   2279
1168.480261737867D0,-165.6945566798657D0,250.9720414863126D0,    0000011P   2280
1201.721713197665D0,-158.7209084247582D0,252.6707461295053D0,    0000011P   2281
1239.743683768047D0,-150.4181051429348D0,254.6855537725916D0,    0000011P   2282
1282.493399880652D0,-140.6856163203252D0,257.059587007048D0,     0000011P   2283
1325.240075382423D0,-130.5813827161875D0,259.5386141994613D0,    0000011P   2284
1363.244232332125D0,-121.2843971410667D0,261.8685246767004D0,    0000011P   2285
1396.461486856126D0,-112.9422888158394D0,264.0189561763652D0,    0000011P   2286
1424.976321112663D0,-105.6557064246924D0,265.9336524028162D0,    0000011P   2287
1453.476770375378D0,-98.27202318120419D0,267.9152678446703D0,    0000011P   2288
1481.996072960023D0,-90.79847588536453D0,269.9571020436893D0,    0000011P   2289
1510.501944513284D0,-83.20559607903689D0,272.0673770337669D0,    0000011P   2290
1530.418716037811D0,-77.78997739429013D0,273.5926765022117D0,    0000011P   2291
1541.793912887709D0,-74.66028870400535D0,274.4824000864484D0,    0000011P   2292
1544.629557808499D0,-73.88041950783057D0,274.7079781543244D0,    0000011P   2293
1547.49542176339D0,-73.08760641043901D0,274.9321296683223D0,     0000011P   2294
1550.326137891649D0,-72.3054619797451D0,275.1578357901105D0,     0000011P   2295
1553.201687541893D0,-71.51016510061626D0,275.3843691544141D0,    0000011P   2296
1556.034151258857D0,-70.7252429955872D0,275.6102039600875D0,     0000011P   2297
1558.883375733936D0,-69.93329573305735D0,275.835008596179D0,     0000011P   2298
1561.726370550798D0,-69.14460608422755D0,276.061052413737D0,     0000011P   2299
1564.592851954646D0,-68.34741761720889D0,276.2859319999963D0,    0000011P   2300
1567.432852129482D0,-67.55906747831804D0,276.5113731938872D0,    0000011P   2301
1570.279581253149D0,-66.76718356983605D0,276.7352294767046D0,    0000011P   2302
1573.137734564125D0,-65.97210540443251D0,276.9584593789805D0,    0000011P   2303
1575.976209183674D0,-65.1837092590568D0,277.181396073052D0,      0000011P   2304
1578.825807175038D0,-64.39182054418799D0,277.402959114257D0,     0000011P   2305
1581.67287360978D0,-63.60097779129849D0,277.6233084023597D0,     0000011P   2306
1584.529738843176D0,-62.80795677566835D0,277.8424750142972D0,    0000011P   2307
1587.385093955577D0,-62.01775025334737D0,278.0614595986515D0,    0000011P   2308
1590.239712983554D0,-61.22609905768859D0,278.2770747596513D0,    0000011P   2309
1593.08284126534D0,-60.44156465313254D0,278.4931729894196D0,     0000011P   2310
1595.9520092689D0,-59.64752226330523D0,278.7048279143927D0,      0000011P   2311
1598.789264270178D0,-58.86676317151228D0,278.9187138876326D0,    0000011P   2312
1601.653439313371D0,-58.07857020615933D0,279.1236056014817D0,    0000011P   2313
1604.492937032907D0,-57.29581237668341D0,279.3803916996167D0,    0000011P   2314
1607.344399457479D0,-56.51105953495358D0,279.6340104677918D0,    0000011P   2315
1610.186089509977D0,-55.73046786343818D0,279.8898135686133D0,    0000011P   2316
1613.037147888387D0,-54.95058148428546D0,280.1480235042887D0,    0000011P   2317
1615.89308920508D0,-54.16900699668609D0,280.4049103203208D0,     0000011P   2318
1618.712917653711D0,-53.40254782291738D0,280.6655970937713D0,    0000011P   2319
1621.631869210077D0,-52.6010926175383D0,280.9177977758388D0,     0000011P   2320
1625.507812868176D0,-51.59031245469871D0,281.3449554741563D0,    0000011P   2321
1635.020288312198D0,-48.63509159838923D0,281.5142351619248D0,    0000011P   2322
1644.859676756743D0,-45.71121805741635D0,281.8985450989179D0,    0000011P   2323
1655.259297139811D0,-42.57658306558702D0,282.2145450939484D0,    0000011P   2324
1665.494211232184D0,-39.50531517663103D0,282.5326727531292D0,    0000011P   2325
1675.79593709294D0,-36.41471110798571D0,282.831953264258D0,      0000011P   2326
1686.065802162362D0,-33.34295526459711D0,283.119281393939D0,     0000011P   2327
1696.374899608802D0,-30.27083354295459D0,283.3954446719741D0,    0000011P   2328
1706.671789523816D0,-27.21356589442351D0,283.6605343007084D0,    0000011P   2329
1717.014823829352D0,-24.15406824231419D0,283.917505494812D0,     0000011P   2330
1727.301529099406D0,-21.11992301128889D0,284.1625720332282D0,    0000011P   2331
1737.630709928175D0,-18.08329249807029D0,284.4017906680904D0,    0000011P   2332
1747.944466155745D0,-15.06019520602756D0,284.6354882982112D0,    0000011P   2333
1758.259075164135D0,-12.04297560380727D0,284.8619506148365D0,    0000011P   2334
1768.641113342848D0,-9.012063685208124D0,285.0869588937391D0,    0000011P   2335
1778.921451751605D0,-6.01481576051071D0,285.3056506904374D0,     0000011P   2336
1789.235406048851D0,-3.011558632899078D0,285.5275514281421D0,    0000011P   2337
1796.126641204786D0,-1.003408672707312D0,285.6737067648123D0,    0000011P   2338
1799.568617190868D0,-2.710847230542713D-14,285.7473721444935D0,  0000011P   2339
-256.5688988957031D0,-103.3740756322136D0,297.4624337931485D0,   0000011P   2340
-242.3202714321761D0,-106.5804791668769D0,296.1957051789403D0,   0000011P   2341
-213.831499435712D0,-112.9216224842737D0,293.5873170564273D0,    0000011P   2342
-171.0375141386399D0,-122.2417459413145D0,289.5055063397998D0,   0000011P   2343
-128.3222040361767D0,-131.3222778976366D0,285.2847432553116D0,   0000011P   2344
-85.49441215050669D0,-140.2243680229527D0,281.0107837938821D0,   0000011P   2345
-42.82534630537212D0,-148.8690735355594D0,276.7160952683852D0,   0000011P   2346
-0.06041211449807454D0,-157.3000035763157D0,272.4098836956113D0, 0000011P   2347
42.63987423024298D0,-165.4379961125108D0,268.046871968337D0,     0000011P   2348
85.38796779030604D0,-173.2938330801415D0,263.7804398102522D0,    0000011P   2349
128.1226603289967D0,-180.8326792319202D0,259.7413754328999D0,    0000011P   2350
166.1131032433757D0,-187.1875566497924D0,256.2967208437201D0,    0000011P   2351
199.3760286461889D0,-192.4547006739217D0,253.3537763148634D0,    0000011P   2352
227.8769562931493D0,-196.7520290831899D0,250.9060398127497D0,    0000011P   2353
256.3561673784212D0,-200.8188038954255D0,248.5588701483309D0,    0000011P   2354
284.8688071074132D0,-204.6588452170817D0,246.3548057261525D0,    0000011P   2355
313.3700544488962D0,-208.2453839048403D0,244.2972476146988D0,    0000011P   2356
341.8516188940424D0,-211.5638136955909D0,242.4015747185464D0,    0000011P   2357
370.384929012241D0,-214.6125311834287D0,240.6816370841745D0,     0000011P   2358
398.877844960846D0,-217.3648882853935D0,239.1055865218889D0,     0000011P   2359
432.1035680040244D0,-220.2185603443487D0,237.4078139583027D0,    0000011P   2360
470.1534059179699D0,-222.9594902826146D0,235.6324566102121D0,    0000011P   2361
508.1276124177641D0,-225.0519661103117D0,234.1245113358183D0,    0000011P   2362
541.4086861885747D0,-226.4131262297458D0,233.0664520705945D0,    0000011P   2363
569.9157218337667D0,-227.2347509670363D0,232.3134277282856D0,    0000011P   2364
603.1497551573071D0,-227.770057596976D0,231.5896186450365D0,     0000011P   2365
641.1874048577831D0,-227.7454116465849D0,230.9477423775962D0,    0000011P   2366
679.1636959582859D0,-226.96369882455D0,230.5923854495162D0,      0000011P   2367
712.4481766667005D0,-225.7291410241266D0,230.541849834097D0,     0000011P   2368
740.9296571811345D0,-224.2926059218096D0,230.6344112523705D0,    0000011P   2369
774.1917401779122D0,-222.1683299554424D0,230.8534013866606D0,    0000011P   2370
812.1997237809726D0,-219.0918594574197D0,231.1974329560529D0,    0000011P   2371
854.9551456889111D0,-214.8534545523445D0,231.8674810929077D0,    0000011P   2372
897.7140908392439D0,-209.9231840268811D0,232.9802707302082D0,    0000011P   2373
940.4652663803413D0,-204.3189930871762D0,234.3380960312763D0,    0000011P   2374
983.2253021981685D0,-198.0408073605292D0,235.7397662640038D0,    0000011P   2375
1025.970244433243D0,-191.1594069153584D0,237.3155824810299D0,    0000011P   2376
1068.745995451468D0,-183.717921286991D0,239.1919037324901D0,     0000011P   2377
1106.718882387302D0,-176.6550951297116D0,241.0278256784019D0,    0000011P   2378
1139.969467131482D0,-170.1524461409342D0,242.6788404909246D0,    0000011P   2379
1168.479195344608D0,-164.3702674019081D0,244.1408445051304D0,    0000011P   2380
1201.722272738107D0,-157.4044779582102D0,245.9245194595465D0,    0000011P   2381
1239.74283614094D0,-149.1244798985658D0,248.0997519466918D0,     0000011P   2382
1282.493634052374D0,-139.4308777195581D0,250.7046505861254D0,    0000011P   2383
1325.239989634242D0,-129.3744024355553D0,253.4287349344187D0,    0000011P   2384
1363.244289623009D0,-120.1227771113182D0,255.9815246486417D0,    0000011P   2385
1396.461376620694D0,-111.8187578008059D0,258.3246843078744D0,    0000011P   2386
1424.975288643829D0,-104.5642722707924D0,260.3983475541468D0,    0000011P   2387
1453.476658344486D0,-97.21209098372182D0,262.5280692540128D0,    0000011P   2388
1481.997566518357D0,-89.77006729026752D0,264.7022939062466D0,    0000011P   2389
1510.504841214161D0,-82.20798845818055D0,266.9392274793789D0,    0000011P   2390
1530.419713097363D0,-76.81293005179191D0,268.555825530673D0,     0000011P   2391
1541.793580083042D0,-73.69440378338257D0,269.5008526984817D0,    0000011P   2392
1544.629963410462D0,-72.91712639583876D0,269.7405578564922D0,    0000011P   2393
1547.494902587644D0,-72.12714845310282D0,269.9788077626273D0,    0000011P   2394
1550.326036361111D0,-71.34758003899844D0,270.2188130222111D0,    0000011P   2395
1553.201305309279D0,-70.5551287213251D0,270.4597904423208D0,     0000011P   2396
1556.034014658859D0,-69.77282109386117D0,270.7000969760196D0,    0000011P   2397
1558.882628965269D0,-68.98364631699175D0,270.9393756273485D0,    0000011P   2398
1561.725848262383D0,-68.19767445601646D0,271.1800704363482D0,    0000011P   2399
1564.591632515109D0,-67.40341548625568D0,271.4195932358761D0,    0000011P   2400
1567.43201652059D0,-66.6178404921441D0,271.6598027452306D0,      0000011P   2401
1570.278515859108D0,-65.82885716721182D0,271.8983874524106D0,    0000011P   2402
1573.1362649254D0,-65.03680847602141D0,272.1363797445931D0,      0000011P   2403
1575.975067018665D0,-64.25136682645245D0,272.3741385462843D0,    0000011P   2404
1578.82460645903D0,-63.46258964831586D0,272.6105004252212D0,     0000011P   2405
1581.671672112381D0,-62.67492764195944D0,272.8456377046775D0,    0000011P   2406
1584.52841287167D0,-61.88523750710807D0,273.0795839756511D0,     0000011P   2407
1587.384293085416D0,-61.09841429423965D0,273.3134169832195D0,    0000011P   2408
1590.238669946886D0,-60.31030225988958D0,273.5437042708485D0,    0000011P   2409
1593.08280137516D0,-59.52928758230932D0,273.7745947997362D0,     0000011P   2410
1595.951472495453D0,-58.73911772590997D0,274.0007833680342D0,    0000011P   2411
1598.789895456294D0,-57.96209934391968D0,274.2294578641054D0,    0000011P   2412
1601.654425727218D0,-57.17797647064274D0,274.4485296186153D0,    0000011P   2413
1604.493781075578D0,-56.39934918704451D0,274.7235711405895D0,    0000011P   2414
1607.344888823532D0,-55.61895970255653D0,274.9952853228286D0,    0000011P   2415
1610.186365736361D0,-54.84284120219655D0,275.2694356178212D0,    0000011P   2416
1613.037625793306D0,-54.06762376849532D0,275.5462617668564D0,    0000011P   2417
1615.893005122802D0,-53.29097686369892D0,275.8217470193875D0,    0000011P   2418
1618.713920995358D0,-52.52934945089918D0,276.1014086588547D0,    0000011P   2419
1621.629265037214D0,-51.73373039433287D0,276.3720156793066D0,    0000011P   2420
1625.523753204621D0,-50.72796845678738D0,276.8306711216087D0,    0000011P   2421
1634.856780486335D0,-47.81533524396286D0,277.0114542260872D0,    0000011P   2422
1644.570742265234D0,-44.92958262566386D0,277.4239531720012D0,    0000011P   2423
1654.818817755017D0,-41.8392236733463D0,277.7634100426108D0,     0000011P   2424
1664.911292914469D0,-38.81239290918972D0,278.1056803255548D0,    0000011P   2425
1675.068565312848D0,-35.76815023291361D0,278.4281753656712D0,    0000011P   2426
1685.195730287497D0,-32.74381523853948D0,278.7383199003589D0,    0000011P   2427
1695.362173096209D0,-29.72055680529427D0,279.0369616427678D0,    0000011P   2428
1705.517324350137D0,-26.71322930087055D0,279.3241984149406D0,    0000011P   2429
1715.718595172265D0,-23.7050853263853D0,279.6032123598856D0,     0000011P   2430
1725.864672675277D0,-20.72307297340853D0,279.8699256129054D0,    0000011P   2431
1736.053156730138D0,-17.73992499096061D0,280.1308604342763D0,    0000011P   2432
1746.227088519855D0,-14.77127693891177D0,280.3863684730059D0,    0000011P   2433
1756.401790138327D0,-11.80960499533838D0,280.6346031545688D0,    0000011P   2434
1766.643037471743D0,-8.835729873791712D0,280.8817900723915D0,    0000011P   2435
1776.784232013811D0,-5.895943684381434D0,281.1226923519341D0,    0000011P   2436
1786.958874828242D0,-2.951400975927094D0,281.3675677454025D0,    0000011P   2437
1793.756390275167D0,-0.9832488193794133D0,281.5292473360676D0,   0000011P   2438
1797.151549565593D0,-2.70074540650443D-14,281.6108061412394D0,   0000011P   2439
-256.5688988950232D0,-102.2467952322891D0,294.5497159988678D0,   0000011P   2440
-242.3194126499865D0,-105.4361743051944D0,293.1740707069363D0,   0000011P   2441
-213.8294802186467D0,-111.7460087444409D0,290.3461729799114D0,   0000011P   2442
-171.0386410889271D0,-121.0339912905382D0,285.9555146984149D0,   0000011P   2443
-128.3197148530871D0,-130.1053520969474D0,281.4700358168188D0,   0000011P   2444
-85.49566228075165D0,-138.9988735612794D0,276.9171451343769D0,   0000011P   2445
-42.82283492008491D0,-147.6159994633322D0,272.2667948018698D0,   0000011P   2446
-0.06123825308095549D0,-156.02398875842D0,267.6335423569738D0,   0000011P   2447
42.64066767573844D0,-164.169986707687D0,263.0738489228552D0,     0000011P   2448
85.38787173614517D0,-172.031990196738D0,258.6007448383455D0,     0000011P   2449
128.1222549163821D0,-179.5436976911277D0,254.203705078701D0,     0000011P   2450
166.1134142884673D0,-185.8727906710908D0,250.4373986921675D0,    0000011P   2451
199.3754111975102D0,-191.1363863897204D0,247.305660281893D0,     0000011P   2452
227.8759568048332D0,-195.4383373018424D0,244.7346016016313D0,    0000011P   2453
256.3567575722951D0,-199.5120875603573D0,242.2778777601352D0,    0000011P   2454
284.8674485049965D0,-203.3558327874589D0,239.9547186178275D0,    0000011P   2455
313.3685482344044D0,-206.9412128125699D0,237.7555598488588D0,    0000011P   2456
341.8522592486085D0,-210.2517466989144D0,235.6836940171371D0,    0000011P   2457
370.3838705403774D0,-213.283731400574D0,233.7410509023799D0,     0000011P   2458
398.8766577730121D0,-216.0192299353919D0,231.9448993721896D0,    0000011P   2459
432.1043241827363D0,-218.8627047473662D0,230.0508114087932D0,    0000011P   2460
470.1515907867682D0,-221.6190382753168D0,228.218665756477D0,     0000011P   2461
508.1280996901049D0,-223.7292441235319D0,226.6867445694508D0,    0000011P   2462
541.4081731442815D0,-225.085388594947D0,225.511119031482D0,      0000011P   2463
569.9152815467905D0,-225.8983246586224D0,224.6448809959636D0,    0000011P   2464
603.1501104313074D0,-226.429475432992D0,223.8371138544049D0,     0000011P   2465
641.1862532082157D0,-226.4244725410967D0,223.2571966426428D0,    0000011P   2466
679.1642151538861D0,-225.6550103420812D0,222.9573588842976D0,    0000011P   2467
712.4473267498631D0,-224.3991602124358D0,222.8084839552486D0,    0000011P   2468
740.9290910750962D0,-222.9389178384883D0,222.8033559253746D0,    0000011P   2469
774.192141691587D0,-220.7999411671981D0,222.9946894057646D0,     0000011P   2470
812.1985985453163D0,-217.752823919585D0,223.5765456993562D0,     0000011P   2471
854.9557216542006D0,-213.5441538209535D0,224.5166422064572D0,    0000011P   2472
897.7129121252498D0,-208.5748853973321D0,225.5399564498332D0,    0000011P   2473
940.4658485961413D0,-202.9281378686077D0,226.7870352447855D0,    0000011P   2474
983.2241521280901D0,-196.6698683814164D0,228.3963879699656D0,    0000011P   2475
1025.970900953562D0,-189.8174842570441D0,230.2368160945788D0,    0000011P   2476
1068.744518437077D0,-182.3612590256928D0,232.171188641148D0,     0000011P   2477
1106.719257062728D0,-175.2829002384893D0,234.0342796152418D0,    0000011P   2478
1139.969105620636D0,-168.7925045178824D0,235.8077173721234D0,    0000011P   2479
1168.478131967339D0,-163.0310463807801D0,237.4101860564054D0,    0000011P   2480
1201.722832873466D0,-156.0924056041909D0,239.3617702699812D0,    0000011P   2481
1239.74197685533D0,-147.8358095479715D0,241.6802601436556D0,     0000011P   2482
1282.493860260806D0,-138.1702828933669D0,244.4362165324277D0,    0000011P   2483
1325.239947635607D0,-128.1568796916227D0,247.3564335445407D0,    0000011P   2484
1363.244378341908D0,-118.9449155199188D0,250.0832512867337D0,    0000011P   2485
1396.461170275011D0,-110.6677562123077D0,252.5484158157849D0,    0000011P   2486
1424.974096767048D0,-103.4362445557174D0,254.7250119039892D0,    0000011P   2487
1453.476496574849D0,-96.11176754725437D0,256.9753737325574D0,    0000011P   2488
1481.999421112866D0,-88.70765970437364D0,259.3072790856148D0,    0000011P   2489
1510.508336760267D0,-81.18879977919333D0,261.7272265901821D0,    0000011P   2490
1530.42102092895D0,-75.82425776962205D0,263.4809352213383D0,     0000011P   2491
1541.793145315229D0,-72.72205571844607D0,264.504625938929D0,     0000011P   2492
1544.630153549202D0,-71.94864412278649D0,264.764206318705D0,     0000011P   2493
1547.494046614721D0,-71.16274980429191D0,265.0221725017329D0,    0000011P   2494
1550.32547066276D0,-70.38697988412878D0,265.2819649318112D0,     0000011P   2495
1553.200327298723D0,-69.59857013446208D0,265.5427449831888D0,    0000011P   2496
1556.033148228488D0,-68.82004604174728D0,265.802752757956D0,     0000011P   2497
1558.881017668688D0,-68.0347853797887D0,266.0616062699655D0,     0000011P   2498
1561.724327900595D0,-67.25264502941809D0,266.3219246430696D0,    0000011P   2499
1564.589284406012D0,-66.46240089459872D0,266.580935350567D0,     0000011P   2500
1567.429926392413D0,-65.68065751931665D0,266.8406303869432D0,    0000011P   2501
1570.276076639713D0,-64.89560190978465D0,267.0985336417198D0,    0000011P   2502
1573.1333104961D0,-64.1075800038916D0,267.3557517535381D0,       0000011P   2503
1575.972339235897D0,-63.32605986188082D0,267.6126697938921D0,    0000011P   2504
1578.821731233307D0,-62.54133045432852D0,267.868041737737D0,     0000011P   2505
1581.668720945731D0,-61.75775417189139D0,268.1220527266746D0,    0000011P   2506
1584.52527760099D0,-60.9722681601726D0,268.3747392605832D0,      0000011P   2507
1587.38164061296D0,-60.1896692855116D0,268.627256575854D0,       0000011P   2508
1590.235752128795D0,-59.40590474905964D0,268.8759275500092D0,    0000011P   2509
1593.080884445617D0,-58.62918496431256D0,269.1251980081413D0,    0000011P   2510
1595.949079143078D0,-57.84362915790003D0,269.3693843149353D0,    0000011P   2511
1598.788715039488D0,-57.07105887440622D0,269.6161882888746D0,    0000011P   2512
1601.653671826905D0,-56.2916788754675D0,269.8526582937668D0,     0000011P   2513
1604.492984202802D0,-55.51781983501108D0,270.1490510988045D0,    0000011P   2514
1607.343866579995D0,-54.74239584146439D0,270.4418345986549D0,    0000011P   2515
1610.185291363343D0,-53.97131660382811D0,270.7371844305067D0,    0000011P   2516
1613.036947610536D0,-53.20129768644892D0,271.03535796955D0,      0000011P   2517
1615.891994763265D0,-52.43007093606182D0,271.3320520640076D0,    0000011P   2518
1618.714264966083D0,-51.6737303780066D0,271.6331785985171D0,     0000011P   2519
1621.626307292864D0,-50.88436460763133D0,271.9245620047962D0,    0000011P   2520
1625.53985838107D0,-49.88418750289878D0,272.4180822885523D0,     0000011P   2521
1634.694275487208D0,-47.01476121298594D0,272.6144383254096D0,    0000011P   2522
1644.284114640092D0,-44.16766357108669D0,273.0594698715784D0,    0000011P   2523
1654.382200876038D0,-41.12187679356505D0,273.4259865404023D0,    0000011P   2524
1664.334038582391D0,-38.13954290470895D0,273.7952604357729D0,    0000011P   2525
1674.348899079139D0,-35.1414865201788D0,274.1430877942951D0,     0000011P   2526
1684.335639841242D0,-32.16416395673025D0,274.4774220588886D0,    0000011P   2527
1694.361932456486D0,-29.18912860998651D0,274.7991698607785D0,    0000011P   2528
1704.378072296176D0,-26.23087079762607D0,275.1084343764318D0,    0000011P   2529
1714.440523924884D0,-23.2729813322313D0,275.4086234119212D0,     0000011P   2530
1724.449129234539D0,-20.34177550593861D0,275.6953661936353D0,    0000011P   2531
1734.500277613427D0,-17.4105580537248D0,275.9756492247196D0,     0000011P   2532
1744.537945828028D0,-14.49458312561984D0,276.2498476391039D0,    0000011P   2533
1754.57649492468D0,-11.58646014278861D0,276.5159813312179D0,     0000011P   2534
1764.680894526807D0,-8.66740207219366D0,276.780718946868D0,      0000011P   2535
1774.68707080266D0,-5.782638357432417D0,277.038447916183D0,      0000011P   2536
1784.726704461768D0,-2.894152826618639D0,277.3001570550905D0,    0000011P   2537
1791.433482396397D0,-0.9640826812239384D0,277.4727613711832D0,   0000011P   2538
1794.78334362421D0,-2.690643582466146D-14,277.5597872295955D0,   0000011P   2539
-256.5688988908936D0,-101.0848706463058D0,291.595993877552D0,    0000011P   2540
-242.3185538652962D0,-104.26693583239D0,290.1500153446682D0,     0000011P   2541
-213.8274610007212D0,-110.5620613193922D0,287.170909266616D0,    0000011P   2542
-171.0397680397597D0,-119.8199494170891D0,282.4997253318237D0,   0000011P   2543
-128.3172256706078D0,-128.8468938121419D0,277.6560229625245D0,   0000011P   2544
-85.49691241118204D0,-137.7024841857615D0,272.7515294782298D0,   0000011P   2545
-42.82032353492265D0,-146.3119805874662D0,267.8371615755985D0,   0000011P   2546
-0.06206439186626118D0,-154.7125330563252D0,262.938705631898D0,  0000011P   2547
42.64146112104356D0,-162.8236599594389D0,258.0196348136432D0,    0000011P   2548
85.38777568183576D0,-170.6537928697575D0,253.2033297441346D0,    0000011P   2549
128.1218495036306D0,-178.1681217696425D0,248.58760534103D0,      0000011P   2550
166.1137253334219D0,-184.4990758787602D0,244.6243617970999D0,    0000011P   2551
199.3747937486981D0,-189.741470290313D0,241.2370073159313D0,     0000011P   2552
227.8749573163875D0,-194.0191414679245D0,238.4261338301151D0,    0000011P   2553
256.3573477660419D0,-198.071946738581D0,235.7448854688533D0,     0000011P   2554
284.866089902452D0,-201.907068997265D0,233.2493493540876D0,      0000011P   2555
313.367042019786D0,-205.4937617473559D0,230.9218391040812D0,     0000011P   2556
341.8528996030557D0,-208.812926571555D0,228.7585611462924D0,     0000011P   2557
370.3828120684141D0,-211.8579794097086D0,226.7542455856738D0,    0000011P   2558
398.8754705850886D0,-214.6064921862896D0,224.9032097007869D0,    0000011P   2559
432.1050803613356D0,-217.4594509705488D0,222.9271834678313D0,    0000011P   2560
470.1497756553442D0,-220.2104826052646D0,220.9395052628186D0,    0000011P   2561
508.1285869622549D0,-222.3169495507034D0,219.2805916895066D0,    0000011P   2562
541.4076601001023D0,-223.6856700285988D0,218.0901799224785D0,    0000011P   2563
569.914841260078D0,-224.5115165109613D0,217.2299726096392D0,     0000011P   2564
603.1504657052642D0,-225.0499738466849D0,216.3965253149562D0,    0000011P   2565
641.1851015570666D0,-225.0276999481899D0,215.6628379129733D0,    0000011P   2566
679.1647343483102D0,-224.2401109872165D0,215.2410361744051D0,    0000011P   2567
712.446476836074D0,-222.9895786841069D0,215.1407485544305D0,     0000011P   2568
740.9285249741918D0,-221.5367920496632D0,215.2108169755656D0,    0000011P   2569
774.1925432061534D0,-219.3964498329204D0,215.4441704221489D0,    0000011P   2570
812.1974732891752D0,-216.3141446226922D0,215.8875638977749D0,    0000011P   2571
854.9562976054281D0,-212.0706744077748D0,216.7059125112063D0,    0000011P   2572
897.7117334870263D0,-207.1220423302876D0,217.9282683162222D0,    0000011P   2573
940.4664308635911D0,-201.5061682051552D0,219.4375098572727D0,    0000011P   2574
983.2230017732716D0,-195.2441278776278D0,221.1130544864857D0,    0000011P   2575
1025.971557279267D0,-188.3804929265384D0,222.9773964266405D0,    0000011P   2576
1068.743042488069D0,-180.9337137185667D0,225.0476983573793D0,    0000011P   2577
1106.719632503314D0,-173.8722194728238D0,227.0660960330423D0,    0000011P   2578
1139.968741771496D0,-167.3963150348101D0,228.9524303649881D0,    0000011P   2579
1168.477064712684D0,-161.6487129188176D0,230.6466099168173D0,    0000011P   2580
1201.72339224351D0,-154.7296769096596D0,232.7121731761774D0,     0000011P   2581
1239.741132555007D0,-146.5039257103998D0,235.1888427077163D0,    0000011P   2582
1282.494096704918D0,-136.8761579597657D0,238.1192965522911D0,    0000011P   2583
1325.239849401473D0,-126.8962743886066D0,241.1682731483614D0,    0000011P   2584
1363.244426663781D0,-117.7227181003743D0,244.0463430606734D0,    0000011P   2585
1396.461087470036D0,-109.4944981070879D0,246.7273278827627D0,    0000011P   2586
1424.973109794037D0,-102.310017381856D0,249.1131025287648D0,     0000011P   2587
1453.476398740921D0,-95.03156773148653D0,251.5635146410261D0,    0000011P   2588
1482.000811634624D0,-87.66701913201918D0,254.0526196366364D0,    0000011P   2589
1510.511062554757D0,-80.18303907194273D0,256.6077754347959D0,    0000011P   2590
1530.421929297183D0,-74.84093182475949D0,258.455071819175D0,     0000011P   2591
1541.7928416124D0,-71.75122103810124D0,259.536639631043D0,       0000011P   2592
1544.630620645522D0,-70.98074646402898D0,259.8110482043779D0,    0000011P   2593
1547.493623561609D0,-70.19804227506869D0,260.0838625262576D0,    0000011P   2594
1550.325501605979D0,-69.42521207404194D0,260.3587476741722D0,    0000011P   2595
1553.200115100922D0,-68.64001928179165D0,260.6348043847589D0,    0000011P   2596
1556.033219921377D0,-67.86448772176281D0,260.9101507043525D0,    0000011P   2597
1558.880517635091D0,-67.08238322549133D0,261.1843744518342D0,    0000011P   2598
1561.724090460624D0,-66.30334893365354D0,261.4602646300847D0,    0000011P   2599
1564.588387086574D0,-65.51642612316795D0,261.7348591480614D0,    0000011P   2600
1567.429448820644D0,-64.73785224188447D0,262.0102780706534D0,    0000011P   2601
1570.275403332272D0,-63.95609305301085D0,262.2838754841226D0,    0000011P   2602
1573.132264612995D0,-63.17149691207474D0,262.5568270737912D0,    0000011P   2603
1575.971649602155D0,-62.39332697599564D0,262.8295388533578D0,    0000011P   2604
1578.82100841793D0,-61.61210320042739D0,263.1006770002131D0,     0000011P   2605
1581.668018799128D0,-60.832099110648D0,263.3704342695041D0,      0000011P   2606
1584.524467998336D0,-60.05033174245135D0,263.638844865206D0,     0000011P   2607
1587.381368184685D0,-59.27149922235087D0,263.9071363102412D0,    0000011P   2608
1590.235244149107D0,-58.491651140426D0,264.171381611405D0,       0000011P   2609
1593.081380256665D0,-57.71882158972941D0,264.4363182529011D0,    0000011P   2610
1595.949072231344D0,-56.93750100342175D0,264.6958789611654D0,    0000011P   2611
1598.789863251127D0,-56.1690252617556D0,264.9582742800184D0,     0000011P   2612
1601.655154920496D0,-55.39405929801181D0,265.2096844016267D0,    0000011P   2613
1604.494296556937D0,-54.62466382339186D0,265.5250451505676D0,    0000011P   2614
1607.344787353818D0,-53.85392424963149D0,265.8365842185908D0,    0000011P   2615
1610.185953045477D0,-53.08762625402669D0,266.1508842228029D0,    0000011P   2616
1613.037755457943D0,-52.32257032705247D0,266.4682149675118D0,    0000011P   2617
1615.89217503606D0,-51.55655014424519D0,266.7839816949266D0,     0000011P   2618
1618.715456488322D0,-50.80530423750494D0,267.1044856860994D0,    0000011P   2619
1621.623804026134D0,-50.02202037760361D0,267.4146016056341D0,    0000011P   2620
1625.55575167023D0,-49.02720202714595D0,267.9399861217153D0,     0000011P   2621
1634.530481454697D0,-46.20075012542997D0,268.1480346095741D0,    0000011P   2622
1643.994521772323D0,-43.39214089555441D0,268.6209738843979D0,    0000011P   2623
1653.940619139506D0,-40.39088539043945D0,269.0101641710136D0,    0000011P   2624
1663.749503775321D0,-37.4531349172895D0,269.4023108692961D0,     0000011P   2625
1673.619328153666D0,-34.50148058851384D0,269.7716117873473D0,    0000011P   2626
1683.46271929029D0,-31.57151722441031D0,270.126565753339D0,      0000011P   2627
1693.345642506145D0,-28.6451845178064D0,270.4681549963013D0,     0000011P   2628
1703.219265335865D0,-25.73661051717454D0,270.7965047268561D0,    0000011P   2629
1713.139113188787D0,-22.82972602737048D0,271.1152650938715D0,    0000011P   2630
1723.006190139253D0,-19.9502153219051D0,271.4197890945521D0,     0000011P   2631
1732.915682496049D0,-17.0719569025196D0,271.7175441546437D0,     0000011P   2632
1742.812510012301D0,-14.20982529021173D0,272.0089455727281D0,    0000011P   2633
1752.71008008996D0,-11.35656493004288D0,272.2918963919209D0,     0000011P   2634
1762.672563492861D0,-8.493782823194913D0,272.5735249901394D0,    0000011P   2635
1772.538418466972D0,-5.665647527561021D0,272.8478597819112D0,    0000011P   2636
1782.437512770816D0,-2.834973931357192D0,273.1266373266159D0,    0000011P   2637
1789.049719885691D0,-0.9442560306277874D0,273.3106376133114D0,   0000011P   2638
1792.352331004152D0,-2.680541758427863D-14,273.4034476287408D0,  0000011P   2639
-256.5688988873616D0,-99.89109233593621D0,288.6132189344061D0,   0000011P   2640
-242.3176950810916D0,-103.0610243899304D0,287.0928031625543D0,   0000011P   2641
-213.8254417830927D0,-109.3323586654787D0,283.9548077226756D0,   0000011P   2642
-171.040894990757D0,-118.5598229897456D0,279.0289896086445D0,    0000011P   2643
-128.3147364883589D0,-127.5669731803116D0,273.9262847300079D0,   0000011P   2644
-85.49816254196642D0,-136.3993119247172D0,268.7352309309505D0,   0000011P   2645
-42.81781215015486D0,-144.9708143948172D0,263.4795288880268D0,   0000011P   2646
-0.06289053104725349D0,-153.3308090962663D0,258.2314942506886D0, 0000011P   2647
42.64225456594693D0,-161.4136481203395D0,252.9974426755439D0,    0000011P   2648
85.38767962712173D0,-169.219834437427D0,247.8751681489919D0,     0000011P   2649
128.1214440904828D0,-176.7078177121117D0,242.9353996006082D0,    0000011P   2650
166.1140363779923D0,-183.0237203196531D0,238.7233043091626D0,    0000011P   2651
199.3741762995119D0,-188.2666430525869D0,235.1871183618509D0,    0000011P   2652
227.8739578275759D0,-192.5476525827816D0,232.2661734443557D0,    0000011P   2653
256.3579379594298D0,-196.6002383986151D0,229.4629131528889D0,    0000011P   2654
284.8647312995547D0,-200.4248559097275D0,226.8055365934964D0,    0000011P   2655
313.365535804818D0,-203.9961169725002D0,224.2960390316455D0,     0000011P   2656
341.8535399571524D0,-207.2999327519497D0,221.9508891095758D0,    0000011P   2657
370.381753596094D0,-210.3344159552251D0,219.7848244074004D0,     0000011P   2658
398.8742833968067D0,-213.0772817833579D0,217.79616267181D0,      0000011P   2659
432.1058365395923D0,-215.9291320325246D0,215.6930958956523D0,    0000011P   2660
470.1479605236377D0,-218.686283681141D0,213.6157705217366D0,     0000011P   2661
508.1290742341043D0,-220.7931057869508D0,211.8556998189744D0,    0000011P   2662
541.4071470554558D0,-222.1469123445391D0,210.5129727060588D0,    0000011P   2663
569.9144009728126D0,-222.9581404903145D0,209.5199739028466D0,    0000011P   2664
603.1508209788208D0,-223.4872440617229D0,208.5773818389088D0,    0000011P   2665
641.1839499063186D0,-223.4793395243304D0,207.8532401707779D0,    0000011P   2666
679.165253542912D0,-222.7111782115628D0,207.4932081973352D0,     0000011P   2667
712.445626920227D0,-221.4632000161607D0,207.4061871983409D0,     0000011P   2668
740.9279588701207D0,-220.0093234248936D0,207.4863409874255D0,    0000011P   2669
774.1929447197749D0,-217.8717149023863D0,207.7612301442121D0,    0000011P   2670
812.1963480433327D0,-214.8094398703374D0,208.3395604175325D0,    0000011P   2671
854.9568735635661D0,-210.5846770372322D0,209.2960360828077D0,    0000011P   2672
897.7105548084181D0,-205.6245231175196D0,210.5108938603041D0,    0000011P   2673
940.4670131033698D0,-199.9906832960945D0,211.9913820776485D0,    0000011P   2674
983.221851567922D0,-193.7286673962535D0,213.7417293655179D0,     0000011P   2675
1025.972213707068D0,-186.8783964702243D0,215.7403032425371D0,    0000011P   2676
1068.741565977927D0,-179.454491854375D0,217.9595846475292D0,     0000011P   2677
1106.720007540951D0,-172.4175502547356D0,220.1179464060803D0,    0000011P   2678
1139.968379153392D0,-165.9639350090083D0,222.1277681818943D0,    0000011P   2679
1168.475999499457D0,-160.2355694069233D0,223.9238662155842D0,    0000011P   2680
1201.723952016727D0,-153.3385031815839D0,226.0986362747956D0,    0000011P   2681
1239.74028036589D0,-145.137261137436D0,228.6782970194582D0,      0000011P   2682
1282.494327761001D0,-135.5510621514465D0,231.7747934347568D0,    0000011P   2683
1325.239780774439D0,-125.6427712685323D0,235.1194927854377D0,    0000011P   2684
1363.244496254696D0,-116.5290922950816D0,238.2370052811375D0,    0000011P   2685
1396.460939626849D0,-108.3280520951605D0,241.0080037836791D0,    0000011P   2686
1424.972014948033D0,-101.1614325771259D0,243.4433753035765D0,    0000011P   2687
1453.476267248483D0,-93.90677012778131D0,245.9707840857047D0,    0000011P   2688
1482.002446475166D0,-86.58404462822813D0,248.6194767863377D0,    0000011P   2689
1510.514193596349D0,-79.1504549328472D0,251.3801651785507D0,     0000011P   2690
1530.423047968048D0,-73.84294634761983D0,253.3771449859163D0,    0000011P   2691
1541.792468907257D0,-70.7705847419158D0,254.5380119658998D0,     0000011P   2692
1544.630941932097D0,-70.00417657550888D0,254.8321687280155D0,    0000011P   2693
1547.492972590011D0,-69.22570234721731D0,255.1243004471203D0,    0000011P   2694
1550.325218436852D0,-68.45676574462618D0,255.418317185306D0,     0000011P   2695
1553.199499727982D0,-67.67566144036465D0,255.7132793925079D0,    0000011P   2696
1556.032797723593D0,-66.90391519797558D0,256.0072034102152D0,    0000011P   2697
1558.879432558729D0,-66.12568450983474D0,256.2996672132474D0,    0000011P   2698
1561.723177605436D0,-65.35040237957142D0,256.5936500344239D0,    0000011P   2699
1564.586725975287D0,-64.5673790601677D0,256.8860205692701D0,     0000011P   2700
1567.428122292404D0,-63.79248850644558D0,257.1790473039892D0,    0000011P   2701
1570.273800331941D0,-63.01447884171621D0,257.4699348724927D0,    0000011P   2702
1573.13021394497D0,-62.23370444225434D0,257.7599483576938D0,     0000011P   2703
1575.969886952042D0,-61.4592271647639D0,258.0495350664058D0,     0000011P   2704
1578.819152431494D0,-60.68180155308478D0,258.3372937293648D0,    0000011P   2705
1581.666132619737D0,-59.90561587022457D0,258.6234450661727D0,    0000011P   2706
1584.522434010307D0,-59.1277706452762D0,258.9080413358115D0,     0000011P   2707
1587.379842743779D0,-58.3528688680354D0,259.1924026986447D0,     0000011P   2708
1590.233467471056D0,-57.57706612061816D0,259.4723726416508D0,    0000011P   2709
1593.080605841327D0,-56.80822377874229D0,259.7530006590545D0,    0000011P   2710
1595.947808939099D0,-56.03120708520773D0,260.0278561899522D0,    0000011P   2711
1598.789785518219D0,-55.26686985904382D0,260.305678854412D0,     0000011P   2712
1601.655460311777D0,-54.4963408082842D0,260.5718010238688D0,     0000011P   2713
1604.494498473466D0,-53.73141428451296D0,260.9058579291946D0,    0000011P   2714
1607.344685193393D0,-52.96535062588246D0,261.2358574101319D0,    0000011P   2715
1610.185700751559D0,-52.20381508109233D0,261.5688094146148D0,    0000011P   2716
1613.037780958527D0,-51.44369666985427D0,261.9050165269788D0,    0000011P   2717
1615.891728478483D0,-50.6828544996143D0,262.2396127343295D0,     0000011P   2718
1618.716201800046D0,-49.93667521194115D0,262.579309065043D0,     0000011P   2719
1621.621061488342D0,-49.1594493561388D0,262.9080507675194D0,     0000011P   2720
1625.571756505825D0,-48.1699655556401D0,263.4652875575537D0,     0000011P   2721
1634.3673660479D0,-45.38649519242149D0,263.6854264318082D0,      0000011P   2722
1643.70648999516D0,-42.61644193669891D0,264.1874427531012D0,     0000011P   2723
1653.501651220187D0,-39.6598323503705D0,264.601083036823D0,      0000011P   2724
1663.16880187628D0,-36.76681547670193D0,265.0184207604177D0,     0000011P   2725
1672.89497169373D0,-33.86173737799614D0,265.4119900850707D0,     0000011P   2726
1682.596553331565D0,-30.97931983123793D0,265.7907700057914D0,    0000011P   2727
1692.337801946396D0,-28.10187727960387D0,266.1557531310016D0,    0000011P   2728
1702.070753338671D0,-25.24316395550509D0,266.5070214870639D0,    0000011P   2729
1711.849989864981D0,-22.38743910921552D0,266.8484023472278D0,    0000011P   2730
1721.577673884571D0,-19.55974444876524D0,267.1749072611003D0,    0000011P   2731
1731.347784729216D0,-16.73452069580469D0,267.4944193586133D0,    0000011P   2732
1741.106181241179D0,-13.92625119544415D0,267.807328884587D0,     0000011P   2733
1750.865313280508D0,-11.1278038697863D0,268.1113568124089D0,     0000011P   2734
1760.688548853942D0,-8.321168207377076D0,268.414026033693D0,     0000011P   2735
1770.416874387653D0,-5.54944033355024D0,268.708940728952D0,      0000011P   2736
1780.178340791647D0,-2.776254649768783D0,269.008519982604D0,     0000011P   2737
1786.697995188085D0,-0.9245965977646192D0,269.2062011111391D0,   0000011P   2738
1789.954383881029D0,-2.670439934389579D-14,269.3058758500861D0,  0000011P   2739
-256.5688988887722D0,-98.72468890826633D0,285.7472938445054D0,   0000011P   2740
-242.3168363004867D0,-101.867345021765D0,284.1289748685063D0,    0000011P   2741
-213.8234225667437D0,-108.0883730745591D0,280.7924338663445D0,   0000011P   2742
-171.0420219410521D0,-117.2534814731385D0,275.5592158286896D0,   0000011P   2743
-128.3122473053283D0,-126.2132915556966D0,270.1363612351548D0,   0000011P   2744
-85.49941267258896D0,-135.0096106388122D0,264.6345353003547D0,   0000011P   2745
-42.81530076533708D0,-143.5556225245673D0,259.0958741298756D0,   0000011P   2746
-0.06371667009530624D0,-151.8961524206017D0,253.5834880543407D0, 0000011P   2747
42.64304801094624D0,-159.9636093863718D0,248.0904745367455D0,    0000011P   2748
85.38758357242054D0,-167.7482717363778D0,242.6884955257342D0,    0000011P   2749
128.1210386772925D0,-175.1995948384721D0,237.4207664564561D0,    0000011P   2750
166.1143474224853D0,-181.4829510507279D0,232.920567322978D0,     0000011P   2751
199.3735588502216D0,-186.7071858342911D0,229.1686707225571D0,    0000011P   2752
227.8729583386396D0,-190.9757977345139D0,226.0781571270737D0,    0000011P   2753
256.3585281526755D0,-195.0165383572904D0,223.1111328504436D0,    0000011P   2754
284.8633726964999D0,-198.8264657419701D0,220.2875826870518D0,    0000011P   2755
313.3640295896806D0,-202.3836875385042D0,217.619655090154D0,     0000011P   2756
341.8541803110713D0,-205.6772963885D0,215.1347263508835D0,       0000011P   2757
370.3806951235914D0,-208.7082788612819D0,212.8582160758249D0,    0000011P   2758
398.8730962083372D0,-211.4508793702505D0,210.7732867882718D0,    0000011P   2759
432.1065927176497D0,-214.3017489270977D0,208.5576576302826D0,    0000011P   2760
470.1461453917032D0,-217.0504788094978D0,206.3277217662593D0,    0000011P   2761
508.1295615057367D0,-219.1565759107139D0,204.4632849479515D0,    0000011P   2762
541.4066340106739D0,-220.5268385984236D0,203.1213032417182D0,    0000011P   2763
569.9139606854592D0,-221.3564265415456D0,202.1545263032863D0,    0000011P   2764
603.1511762522368D0,-221.903158886493D0,201.2292558357665D0,     0000011P   2765
641.1827982550957D0,-221.8975578221487D0,200.4445133351041D0,    0000011P   2766
679.1657727371563D0,-221.1181442141447D0,199.9855401521086D0,    0000011P   2767
712.4447770050224D0,-219.8561986472694D0,199.826575429005D0,     0000011P   2768
740.927392767203D0,-218.3895869300422D0,199.8554483760013D0,     0000011P   2769
774.1933462336211D0,-216.2387345112925D0,200.0831632123263D0,    0000011P   2770
812.1952227928711D0,-213.1672069415162D0,200.6267060682173D0,    0000011P   2771
854.9574495186304D0,-208.9447775303123D0,201.6041220411416D0,    0000011P   2772
897.7093761474127D0,-204.0048490364308D0,202.9346039475383D0,    0000011P   2773
940.4675953553094D0,-198.3923313480671D0,204.5500901014067D0,    0000011P   2774
983.2207012977053D0,-192.1363775027373D0,206.3789471275377D0,    0000011P   2775
1025.972870090749D0,-185.2978597578571D0,208.4712156514669D0,    0000011P   2776
1068.740089712595D0,-177.9133086450544D0,210.8711528268289D0,    0000011P   2777
1106.720382754656D0,-170.9151142479093D0,213.1948779335031D0,    0000011P   2778
1139.968015999998D0,-164.4837362827968D0,215.2992647548122D0,    0000011P   2779
1168.474933398219D0,-158.7732141376616D0,217.1694760173479D0,    0000011P   2780
1201.724511615535D0,-151.9033719934141D0,219.4551188561188D0,    0000011P   2781
1239.739431613404D0,-143.7546314737281D0,222.2425494052104D0,    0000011P   2782
1282.494561164976D0,-134.229258984031D0,225.5674721141509D0,     0000011P   2783
1325.239699256575D0,-124.3572994269304D0,229.018749010452D0,     0000011P   2784
1363.24455658519D0,-115.2784713633815D0,232.2413862672738D0,     0000011P   2785
1396.460820105135D0,-107.1276280312874D0,235.1989513502501D0,    0000011P   2786
1424.970967075225D0,-100.0108924863874D0,237.8252825298358D0,    0000011P   2787
1453.476150411699D0,-92.805650195402D0,240.5406185667818D0,      0000011P   2788
1482.003974925147D0,-85.52517437504622D0,243.3397257426797D0,    0000011P   2789
1510.517148170158D0,-78.1290574373274D0,246.234055179202D0,      0000011P   2790
1530.424075059145D0,-72.84615434039367D0,248.3270828870765D0,    0000011P   2791
1541.792126245449D0,-69.7877714892542D0,249.5483215759411D0,     0000011P   2792
1544.631326707747D0,-69.02468509954923D0,249.8579820225019D0,    0000011P   2793
1547.492420861688D0,-68.24979524916998D0,250.1656826428737D0,    0000011P   2794
1550.325072044069D0,-67.48420118751996D0,250.4755557086458D0,    0000011P   2795
1553.199059913736D0,-66.70672431606954D0,250.7865986079474D0,    0000011P   2796
1556.032590586542D0,-65.93838781551438D0,251.0967032023177D0,    0000011P   2797
1558.878602235244D0,-65.16373631612512D0,251.4054148474107D0,    0000011P   2798
1561.722558855777D0,-64.39198816153892D0,251.7158802308798D0,    0000011P   2799
1564.585397453107D0,-63.61271805785636D0,252.0247760597142D0,    0000011P   2800
1567.427165438185D0,-62.84143194392659D0,252.3344964663272D0,    0000011P   2801
1570.272602162287D0,-62.06715578021901D0,252.6420738571757D0,    0000011P   2802
1573.128600806434D0,-61.29024544081044D0,252.9488399376597D0,    0000011P   2803
1575.968591542795D0,-60.51955695924421D0,253.2552605326029D0,    0000011P   2804
1578.81778988028D0,-59.74607494460117D0,253.5598441509823D0,     0000011P   2805
1581.66476202331D0,-58.9738978746735D0,253.8628167017509D0,      0000011P   2806
1584.520933176782D0,-58.20020524890811D0,254.1642257237931D0,    0000011P   2807
1587.378862923127D0,-57.42950039743798D0,254.4654612398093D0,    0000011P   2808
1590.232243243628D0,-56.6580403714706D0,254.7621144418569D0,     0000011P   2809
1593.080384542012D0,-55.89350930644385D0,255.0595240590775D0,    0000011P   2810
1595.947092733718D0,-55.12114273185195D0,255.3508734681239D0,    0000011P   2811
1598.790241618867D0,-54.36130788255594D0,255.645408590207D0,     0000011P   2812
1601.656278529571D0,-53.59559271839721D0,255.9275912009265D0,    0000011P   2813
1604.495183926136D0,-52.8355207083974D0,256.2817331623447D0,     0000011P   2814
1607.34502846582D0,-52.07452259418044D0,256.6315996870924D0,     0000011P   2815
1610.185846444703D0,-51.31813867290457D0,256.984605278827D0,     0000011P   2816
1613.038147128287D0,-50.56334197057313D0,257.3410625268075D0,    0000011P   2817
1615.891554870509D0,-49.80805250359671D0,257.6958113879318D0,    0000011P   2818
1618.717141410529D0,-49.0673005002677D0,258.055949862796D0,      0000011P   2819
1621.618423137604D0,-48.29647476547707D0,258.4044710084919D0,    0000011P   2820
1625.587712765121D0,-47.31280286504353D0,258.9951082325077D0,    0000011P   2821
1634.203955130324D0,-44.57285379874318D0,259.2289066522443D0,    0000011P   2822
1643.417778438157D0,-41.84187430544608D0,259.7611554589377D0,    0000011P   2823
1653.061545111543D0,-38.93028652832435D0,260.1996696597109D0,    0000011P   2824
1662.58643093517D0,-36.08225174135421D0,260.6419637967894D0,     0000011P   2825
1672.168344592898D0,-33.22388545138156D0,261.0589813716539D0,    0000011P   2826
1681.727446084205D0,-30.3890508867275D0,261.4602545333637D0,     0000011P   2827
1691.326282098529D0,-27.56045173556696D0,261.8468592569437D0,    0000011P   2828
1700.917758399304D0,-24.75148290889912D0,262.2189073717095D0,    0000011P   2829
1710.555515987545D0,-21.94674659706537D0,262.5804762625039D0,    0000011P   2830
1720.142877204575D0,-19.17065643726435D0,262.926309018548D0,     0000011P   2831
1729.772616102325D0,-16.39822986570499D0,263.264777461172D0,     0000011P   2832
1739.391532309365D0,-13.64357354625946D0,263.5963197686464D0,    0000011P   2833
1749.011119841016D0,-10.89969337272103D0,263.9185478318422D0,    0000011P   2834
1758.693945644087D0,-8.148975815649045D0,264.2394520432826D0,    0000011P   2835
1768.283526022126D0,-5.433459062467131D0,264.5522853366771D0,    0000011P   2836
1777.906096733795D0,-2.717611522534598D0,264.8702223086938D0,    0000011P   2837
1784.332319630125D0,-0.9049541583653795D0,265.080148486668D0,    0000011P   2838
1787.542038392904D0,-2.660338110351296D-14,265.1860306011312D0,  0000011P   2839
-256.5688989029037D0,-97.48859767558726D0,282.760413470677D0,    0000011P   2840
-242.3159775291257D0,-100.6113300691876D0,281.0758188014268D0,   0000011P   2841
-213.8214033536258D0,-106.7930421960325D0,277.5924156806017D0,   0000011P   2842
-171.0431488894272D0,-115.9051472173475D0,272.1074990082864D0,   0000011P   2843
-128.3097581201477D0,-124.8238389364812D0,266.4112310466637D0,   0000011P   2844
-85.50066280261417D0,-133.5751762811815D0,260.5977098303502D0,   0000011P   2845
-42.81278938010673D0,-142.0594170864391D0,254.6885158785206D0,   0000011P   2846
-0.0645428084123249D0,-150.3455148368315D0,248.821349465058D0,   0000011P   2847
42.64384145662927D0,-158.3926876945915D0,243.0602443338102D0,    0000011P   2848
85.3874875182396D0,-166.1659817644176D0,237.4181714370874D0,     0000011P   2849
128.1206332645918D0,-173.5908641698678D0,231.8782707318723D0,    0000011P   2850
166.1146584674829D0,-179.8457221404013D0,227.1271242851933D0,    0000011P   2851
199.3729414014246D0,-185.0474674786509D0,223.1636225874025D0,    0000011P   2852
227.8719588501781D0,-189.2992868645252D0,219.9019133050165D0,    0000011P   2853
256.359118346376D0,-193.3265121391867D0,216.7785547442416D0,     0000011P   2854
284.8620140938863D0,-197.1266204504974D0,213.8193592946751D0,    0000011P   2855
313.3625233749766D0,-200.6750200276894D0,211.0234857273154D0,    0000011P   2856
341.8548206654212D0,-203.9578488939751D0,208.4062916177388D0,    0000011P   2857
370.3796366515225D0,-206.9729085723824D0,205.9812452316848D0,    0000011P   2858
398.8719090203024D0,-209.7000446771806D0,203.7515318961788D0,    0000011P   2859
432.1073488961339D0,-212.5394336285338D0,201.3951834539051D0,    0000011P   2860
470.1443302601627D0,-215.2928662092196D0,199.0784699871963D0,    0000011P   2861
508.1300487777675D0,-217.4023383282215D0,197.1269534889798D0,    0000011P   2862
541.4061209663684D0,-218.7577204467613D0,195.6452110934531D0,    0000011P   2863
569.9135203986249D0,-219.5697447858249D0,194.5441201559384D0,    0000011P   2864
603.1515315261059D0,-220.0988327329023D0,193.4791251312269D0,    0000011P   2865
641.1816466039624D0,-220.0892210321046D0,192.6072324413946D0,    0000011P   2866
679.1662919316191D0,-219.3245812897195D0,192.158310314214D0,     0000011P   2867
712.4439270911186D0,-218.0888985592788D0,192.0868182096778D0,    0000011P   2868
740.926826666128D0,-216.6484658064773D0,192.2163160485884D0,     0000011P   2869
774.1937477482678D0,-214.5261733736084D0,192.5585740615794D0,    0000011P   2870
812.1940975378728D0,-211.4754617332039D0,193.1822192080087D0,    0000011P   2871
854.9580254708465D0,-207.262474580792D0,194.1923943051988D0,     0000011P   2872
897.7081975062688D0,-202.3203063653777D0,195.5096597490267D0,    0000011P   2873
940.4681776211622D0,-196.708956321783D0,197.1364244761359D0,     0000011P   2874
983.2195509568769D0,-190.473267852667D0,199.0717481346305D0,     0000011P   2875
1025.973526426688D0,-183.664309578088D0,201.300487512978D0,      0000011P   2876
1068.738613716909D0,-176.3095695356785D0,203.8010001186474D0,    0000011P   2877
1106.720758162524D0,-169.3428610950533D0,206.223644792165D0,     0000011P   2878
1139.967652259462D0,-162.9469934274686D0,208.4515645254342D0,    0000011P   2879
1168.473866322272D0,-157.2695385803006D0,210.4379261598352D0,    0000011P   2880
1201.725071022844D0,-150.4378841137215D0,212.8536411493537D0,    0000011P   2881
1239.738586634103D0,-142.3282175843063D0,215.7563175215379D0,    0000011P   2882
1282.494797145647D0,-132.8505035181163D0,219.222387616896D0,     0000011P   2883
1325.239603580475D0,-123.0409315552651D0,222.8825860510679D0,    0000011P   2884
1363.244606744177D0,-114.0218108740453D0,226.3094633340051D0,    0000011P   2885
1396.460731682902D0,-105.9197323522969D0,229.4282028377197D0,    0000011P   2886
1424.969970784615D0,-98.84484377610858D0,232.1916639559817D0,    0000011P   2887
1453.476049667548D0,-91.68334301399578D0,235.0542618105085D0,    0000011P   2888
1482.005386540072D0,-84.45103021577667D0,238.0218350152024D0,    0000011P   2889
1510.519908953303D0,-77.1034599339926D0,241.0949591083045D0,     0000011P   2890
1530.425001580324D0,-71.85197925378142D0,243.3122640570653D0,    0000011P   2891
1541.79181657533D0,-68.80974807084377D0,244.6019173937766D0,     0000011P   2892
1544.631781203855D0,-68.05045411538501D0,244.9287478603907D0,    0000011P   2893
1547.491978117647D0,-67.27954649986393D0,245.2533416854124D0,    0000011P   2894
1550.325075852876D0,-66.51762341319935D0,245.5800690695702D0,    0000011P   2895
1553.198812890303D0,-65.74403636339959D0,245.9078800588297D0,    0000011P   2896
1556.03261961987D0,-64.97930932600984D0,246.2345577544225D0,     0000011P   2897
1558.878051670472D0,-64.20837744689243D0,246.5596306124789D0,    0000011P   2898
1561.722263080365D0,-63.44024778738909D0,246.8864284951289D0,    0000011P   2899
1564.584434166333D0,-62.66476288441574D0,247.211451840468D0,     0000011P   2900
1567.426614544583D0,-61.89706403854539D0,247.5372361467614D0,    0000011P   2901
1570.271848560947D0,-61.12645842510247D0,247.8606573126537D0,    0000011P   2902
1573.127468144818D0,-60.35330679366265D0,248.1831293856741D0,    0000011P   2903
1575.967809238413D0,-59.58626273230544D0,248.5051524282988D0,    0000011P   2904
1578.816969199644D0,-58.81654429304942D0,248.8251604473881D0,    0000011P   2905
1581.663957619368D0,-58.04816354616811D0,249.1434002608882D0,    0000011P   2906
1584.520017832276D0,-57.27838233915915D0,249.4599304072283D0,    0000011P   2907
1587.378482281077D0,-56.51160772018957D0,249.7762264910879D0,    0000011P   2908
1590.231625695866D0,-55.74420158725511D0,250.0876431292454D0,    0000011P   2909
1593.080770653334D0,-54.98367421321052D0,250.3998240054017D0,    0000011P   2910
1595.946977318283D0,-54.21563479194104D0,250.7055821534082D0,    0000011P   2911
1598.791283955533D0,-53.45996735183616D0,251.014685515261D0,     0000011P   2912
1601.657659914648D0,-52.69872248224183D0,251.3107409903667D0,    0000011P   2913
1604.496400380976D0,-51.94315614731395D0,251.6827527916198D0,    0000011P   2914
1607.345860897354D0,-51.18687286984486D0,252.0502592241822D0,    0000011P   2915
1610.186429194365D0,-50.43529137314813D0,252.4210950670767D0,    0000011P   2916
1613.038887410883D0,-49.68547206721549D0,252.7955986341282D0,    0000011P   2917
1615.891681009023D0,-48.93539925511893D0,253.1683315716688D0,    0000011P   2918
1618.718294396916D0,-48.19975012957121D0,253.5467945721568D0,    0000011P   2919
1621.615899206372D0,-47.4350151287471D0,253.9130442210183D0,     0000011P   2920
1625.60361568641D0,-46.45671975479844D0,254.5341365831285D0,     0000011P   2921
1634.040219702813D0,-43.75978790075914D0,254.7780134796008D0,    0000011P   2922
1643.12832038469D0,-41.0673765714673D0,255.3365791196973D0,      0000011P   2923
1652.620189102179D0,-38.20041820498724D0,255.7965584610894D0,    0000011P   2924
1662.00222713512D0,-35.39707548152532D0,256.2608567341597D0,     0000011P   2925
1671.4392239847D0,-32.58522252798998D0,256.6987764040603D0,      0000011P   2926
1680.855108854602D0,-29.79785319955818D0,257.1203523972764D0,    0000011P   2927
1690.310721830855D0,-27.01804960492279D0,257.5266936788123D0,    0000011P   2928
1699.759840503635D0,-24.25883650919059D0,257.9178915043125D0,    0000011P   2929
1709.255166382143D0,-21.50514821829005D0,258.2982229935891D0,    0000011P   2930
1718.701183653535D0,-18.78075947410788D0,258.6621123988538D0,    0000011P   2931
1728.189462953658D0,-16.06125360293115D0,259.0183698562106D0,    0000011P   2932
1737.66774656115D0,-13.36034976291343D0,259.3674311007566D0,     0000011P   2933
1747.146574510362D0,-10.67118099505819D0,259.7067485642227D0,    0000011P   2934
1756.687714551933D0,-7.976519927457742D0,260.0447297634169D0,    0000011P   2935
1766.137214730547D0,-5.317335985145149D0,260.3742260086216D0,    0000011P   2936
1775.619497517278D0,-2.658920760895617D0,260.7091170321314D0,    0000011P   2937
1781.951323875025D0,-0.8853013038702275D0,260.9302202168498D0,   0000011P   2938
1785.113881278179D0,-2.650236286313012D-14,261.0417342231826D0,  0000011P   2939
-256.5688989174374D0,-96.27114847082936D0,279.8773140485266D0,   0000011P   2940
-242.3151187578544D0,-99.35629520684925D0,278.0983123237483D0,   0000011P   2941
-213.8193841400441D0,-105.4692212776612D0,274.4244948861748D0,   0000011P   2942
-171.0442758367695D0,-114.5015624932539D0,268.6557996426353D0,   0000011P   2943
-128.3072689336739D0,-123.3697357840268D0,262.6824517009098D0,   0000011P   2944
-85.50191293125376D0,-132.0844025491033D0,256.5966975757122D0,   0000011P   2945
-42.81027799342535D0,-140.533279583947D0,250.4143997837406D0,    0000011P   2946
-0.06536894524367026D0,-148.7796177486161D0,244.2577097774145D0, 0000011P   2947
42.64463490379802D0,-156.7795343686486D0,238.1711924193559D0,    0000011P   2948
85.38739146551734D0,-164.5063951417288D0,232.2068029248916D0,    0000011P   2949
128.1202278533031D0,-171.8951102691342D0,226.3849532548273D0,    0000011P   2950
166.1149695138493D0,-178.1210963197925D0,221.4000944695641D0,    0000011P   2951
199.372323953968D0,-183.2957319115421D0,217.2311131706214D0,     0000011P   2952
227.8709593630391D0,-187.5231744074985D0,213.7909246408533D0,    0000011P   2953
256.3597085413871D0,-191.5249904038213D0,210.4850512392026D0,    0000011P   2954
284.8606554925776D0,-195.2984105811075D0,207.3388891221286D0,    0000011P   2955
313.361017161569D0,-198.8245504547703D0,204.372471665721D0,      0000011P   2956
341.8554610210485D0,-202.0949319531213D0,201.6227115401496D0,    0000011P   2957
370.378578180693D0,-205.1123923557815D0,199.1242423195072D0,     0000011P   2958
398.8707218334751D0,-207.8469746977947D0,196.8421174095556D0,    0000011P   2959
432.1081050758238D0,-210.6891818898872D0,194.4058204315111D0,    0000011P   2960
470.1425151299173D0,-213.4207800005876D0,191.909809491177D0,     0000011P   2961
508.1305360510945D0,-215.5078980018314D0,189.7869214688645D0,    0000011P   2962
541.4056079231526D0,-216.8642671602156D0,188.2441749845796D0,    0000011P   2963
569.9130801127794D0,-217.6873049736837D0,187.1336788654523D0,    0000011P   2964
603.1518868011887D0,-218.2364630073924D0,186.0871753785022D0,    0000011P   2965
641.1804949551494D0,-218.2535358882921D0,185.2491858946453D0,    0000011P   2966
679.1668111281363D0,-217.4998209080991D0,184.7789296317469D0,    0000011P   2967
712.443077176293D0,-216.2475156329602D0,184.5974398239029D0,     0000011P   2968
740.9262605626863D0,-214.7866849293125D0,184.6142224946348D0,    0000011P   2969
774.1941492636348D0,-212.647274447543D0,184.8550847532117D0,     0000011P   2970
812.1929722989274D0,-209.6063571207709D0,185.4799870500214D0,    0000011P   2971
854.9586014345073D0,-205.428286971295D0,186.5950466214994D0,     0000011P   2972
897.707018812201D0,-200.5294959838807D0,188.0661492499514D0,     0000011P   2973
940.4687598512328D0,-194.9613802109994D0,189.8550464693444D0,    0000011P   2974
983.2184008208701D0,-188.7606249718559D0,191.9196884940593D0,    0000011P   2975
1025.974182902573D0,-181.98260213867D0,194.2510085776499D0,      0000011P   2976
1068.737136958597D0,-174.6599237591146D0,196.8331054023818D0,    0000011P   2977
1106.721133022291D0,-167.7249803292383D0,199.3301081720049D0,    0000011P   2978
1139.967290192452D0,-161.3617775694461D0,201.639137880768D0,     0000011P   2979
1168.472802021494D0,-155.7151660672164D0,203.7043501866034D0,    0000011P   2980
1201.725630976805D0,-148.9220937035698D0,206.2212834815824D0,    0000011P   2981
1239.737730924025D0,-140.860164462975D0,209.2498861854715D0,     0000011P   2982
1282.495025795899D0,-131.4409348131054D0,212.8773866449129D0,    0000011P   2983
1325.239548165812D0,-121.6955567539773D0,216.7239812248135D0,    0000011P   2984
1363.244685823699D0,-112.7415385726199D0,220.3566049986795D0,    0000011P   2985
1396.460554803196D0,-104.7043850285172D0,223.6973512234074D0,    0000011P   2986
1424.96882778135D0,-97.68497819701457D0,226.650873687705D0,      0000011P   2987
1453.475903142452D0,-90.57250731914817D0,229.6741042539309D0,    0000011P   2988
1482.007130422729D0,-83.37710120273688D0,232.7432629918232D0,    0000011P   2989
1510.52322086858D0,-76.06100452967192D0,235.9006458743265D0,     0000011P   2990
1530.426214114066D0,-70.8325009023033D0,238.1938503530011D0,     0000011P   2991
1541.791413067605D0,-67.80507972882921D0,239.5415442644977D0,    0000011P   2992
1544.632037405462D0,-67.04939374209275D0,239.8836960908951D0,    0000011P   2993
1547.491225412487D0,-66.28242945481919D0,240.2240614557095D0,    0000011P   2994
1550.324652478224D0,-65.52427637779869D0,240.5672134033875D0,    0000011P   2995
1553.19801755935D0,-64.75480850793363D0,240.9120195523094D0,     0000011P   2996
1556.031976973901D0,-63.99404299797489D0,241.2561191579774D0,    0000011P   2997
1558.876705460913D0,-63.22729789173254D0,241.5989886915771D0,    0000011P   2998
1561.721048754967D0,-62.4633613506091D0,241.9441061042931D0,     0000011P   2999
1564.582432138669D0,-61.69233612469185D0,242.2877604799058D0,    0000011P   3000
1567.424909087486D0,-60.92899125863379D0,242.6325935971107D0,    0000011P   3001
1570.269830595805D0,-60.16290752497055D0,242.9752897613186D0,    0000011P   3002
1573.124968995399D0,-59.39444293113272D0,243.3173102767665D0,    0000011P   3003
1575.965567652536D0,-58.63204100209211D0,243.6591543581614D0,    0000011P   3004
1578.81460742813D0,-57.86714561516114D0,243.9991464248255D0,     0000011P   3005
1581.661542953482D0,-57.1036748154508D0,244.3375191182764D0,     0000011P   3006
1584.517437347074D0,-56.33896518086559D0,244.6743068910669D0,    0000011P   3007
1587.376397565904D0,-55.57731985996266D0,245.0110358444337D0,    0000011P   3008
1590.229282742878D0,-54.81519797988218D0,245.3427889344549D0,    0000011P   3009
1593.079429281654D0,-54.05992833325182D0,245.6754797139692D0,    0000011P   3010
1595.945153250402D0,-53.29748616070398D0,246.0015157886048D0,    0000011P   3011
1598.790659032646D0,-52.54726466651272D0,246.3311520357217D0,    0000011P   3012
1601.657439649402D0,-51.79176945188468D0,246.6471053931116D0,    0000011P   3013
1604.496106665064D0,-51.04198135846611D0,247.0430373390801D0,    0000011P   3014
1607.345302162053D0,-50.29167107257387D0,247.4342241858982D0,    0000011P   3015
1610.185768959459D0,-49.546128126033D0,247.8288859025329D0,      0000011P   3016
1613.038563723527D0,-48.80249269517974D0,248.2273514419531D0,    0000011P   3017
1615.89095467856D0,-48.05880575210355D0,248.6238690545038D0,     0000011P   3018
1618.718840555656D0,-47.32938383629373D0,249.0263070390841D0,    0000011P   3019
1621.613049883189D0,-46.57181140156493D0,249.4157504240325D0,    0000011P   3020
1625.619670324156D0,-45.60040626278047D0,250.0751452790488D0,    0000011P   3021
1633.877407213964D0,-42.94827192907093D0,250.3386628805134D0,    0000011P   3022
1642.840985413216D0,-40.29625738141544D0,250.9340197816143D0,    0000011P   3023
1652.182387872203D0,-37.47538639403559D0,251.424581935012D0,     0000011P   3024
1661.423236065343D0,-34.71784746557614D0,251.9187576972435D0,    0000011P   3025
1670.717195010577D0,-31.95329775521643D0,252.384320935129D0,     0000011P   3026
1679.991957815224D0,-29.21388615719756D0,252.8319217905764D0,    0000011P   3027
1689.306652661325D0,-26.4830976129387D0,253.2628146565664D0,     0000011P   3028
1698.615923665231D0,-23.77361115386251D0,253.6771826530694D0,    0000011P   3029
1707.971527543753D0,-21.07071761369287D0,254.0796150728638D0,    0000011P   3030
1717.279105029307D0,-18.39757725121291D0,254.4643297691482D0,    0000011P   3031
1726.629018041088D0,-15.73036369499609D0,254.8406876307982D0,    0000011P   3032
1735.969946207223D0,-13.08243300968575D0,255.2092343877338D0,    0000011P   3033
1745.311470280523D0,-10.44706979570385D0,255.5673754505428D0,    0000011P   3034
1754.714553514886D0,-7.80745725088399D0,255.9240478983149D0,     0000011P   3035
1764.027770395556D0,-5.203520450076994D0,256.2718138559026D0,    0000011P   3036
1773.373724805449D0,-2.601398581682274D0,256.6253706292235D0,    0000011P   3037
1779.613899220709D0,-0.8660384730778243D0,256.8589368700597D0,   0000011P   3038
1782.730692903197D0,-2.640134462274729D-14,256.9767807619055D0,  0000011P   3039
-256.5688989153472D0,-95.00195954304371D0,276.9462881662066D0,   0000011P   3040
-242.3142599744908D0,-98.05263251136968D0,275.0958500338289D0,   0000011P   3041
-213.8173649221965D0,-104.1003512345596D0,271.268499410417D0,    0000011P   3042
-171.0454027865127D0,-113.0467229084767D0,265.2371799365711D0,   0000011P   3043
-128.3047797498208D0,-121.8429424104478D0,258.9666915587417D0,   0000011P   3044
-85.50316306038086D0,-130.4951581787899D0,252.5683598483934D0,   0000011P   3045
-42.80776660685525D0,-138.8895051070734D0,246.0733616226601D0,   0000011P   3046
-0.06619508245774908D0,-147.0822875297754D0,239.5996038568963D0, 0000011P   3047
42.64542835077972D0,-155.0252728081067D0,233.1835173201546D0,    0000011P   3048
85.38729541295425D0,-162.7035323761551D0,226.9142713966958D0,    0000011P   3049
128.1198224423547D0,-170.0647693013641D0,220.8477362250001D0,    0000011P   3050
166.1152805606458D0,-176.2689996233375D0,215.6595355978195D0,    0000011P   3051
199.3717065070239D0,-181.4148958934827D0,211.2949509381314D0,    0000011P   3052
227.869959876478D0,-185.6160359762876D0,207.6865416711609D0,     0000011P   3053
256.3602987370289D0,-189.5948035028062D0,204.2233468020647D0,    0000011P   3054
284.859296891932D0,-193.3529392952977D0,200.943318593177D0,      0000011P   3055
313.3595109488534D0,-196.864748441578D0,197.8445052660453D0,     0000011P   3056
341.8561013774092D0,-200.1147258629001D0,194.9428709310012D0,    0000011P   3057
370.3775197106667D0,-203.0985033058294D0,192.2523019015868D0,    0000011P   3058
398.8695346475111D0,-205.797141646249D0,189.7738788408222D0,     0000011P   3059
432.1088612563906D0,-208.6070509841167D0,187.1459497015426D0,    0000011P   3060
470.1407000004216D0,-211.3327677030279D0,184.5441526428563D0,    0000011P   3061
508.1310233251632D0,-213.4353658183047D0,182.3913689760604D0,    0000011P   3062
541.4050948809692D0,-214.8089658543073D0,180.8356643857986D0,    0000011P   3063
569.9126398281003D0,-215.6447016819863D0,179.7073383011299D0,    0000011P   3064
603.1522420770896D0,-216.2008098578644D0,178.6142241243281D0,    0000011P   3065
641.1793433055077D0,-216.2068725162276D0,177.6604762776656D0,    0000011P   3066
679.1673303241618D0,-215.4512502772881D0,177.1171306390387D0,    0000011P   3067
712.4422272652528D0,-214.2271509775551D0,176.9887604871059D0,    0000011P   3068
740.9256944650729D0,-212.8004789090964D0,177.0909730542278D0,    0000011P   3069
774.1945507802428D0,-210.7004512898658D0,177.4311915265055D0,    0000011P   3070
812.1918470387558D0,-207.6865074636331D0,178.1023515098017D0,    0000011P   3071
854.9591773834287D0,-203.5214115406001D0,179.2092189687831D0,    0000011P   3072
897.7058401968214D0,-198.6255132081049D0,180.6427256661452D0,    0000011P   3073
940.469342134591D0,-193.0693350180697D0,182.4317696306309D0,     0000011P   3074
983.2172503871615D0,-186.9093009967862D0,184.6016861444159D0,    0000011P   3075
1025.974839174542D0,-180.1836281933358D0,187.0732306060498D0,    0000011P   3076
1068.735661310064D0,-172.9084600579225D0,189.7595804259315D0,    0000011P   3077
1106.721508678476D0,-166.0215341827165D0,192.3643832804872D0,    0000011P   3078
1139.966925685241D0,-159.7127810918148D0,194.8129691477996D0,    0000011P   3079
1168.471733675167D0,-154.1176968418263D0,197.0155993060813D0,    0000011P   3080
1201.726190129895D0,-147.3859481487407D0,199.6983875604324D0,    0000011P   3081
1239.736890836877D0,-139.3903655886664D0,202.9019318524305D0,    0000011P   3082
1282.495265115042D0,-130.0415250891176D0,206.7144512123422D0,    0000011P   3083
1325.239434102869D0,-120.3641228515661D0,210.7414085295462D0,    0000011P   3084
1363.244722772184D0,-111.4631786206918D0,214.5044767841956D0,    0000011P   3085
1396.460506750052D0,-103.4632021210214D0,217.9183337983978D0,    0000011P   3086
1424.967898452818D0,-96.47732010810333D0,220.9435716655267D0,    0000011P   3087
1453.475823291433D0,-89.40749900106431D0,224.0851240330248D0,    0000011P   3088
1482.00839036928D0,-82.27206527326534D0,227.3569248636152D0,     0000011P   3089
1510.525730084911D0,-75.02157524865699D0,230.7544781165287D0,    0000011P   3090
1530.427010090348D0,-69.83470147682223D0,233.2085727873248D0,    0000011P   3091
1541.791146243197D0,-66.827021660817D0,234.6356292946373D0,      0000011P   3092
1544.632582428771D0,-66.07593209950196D0,234.9972650008104D0,    0000011P   3093
1547.490924168124D0,-65.31365889385825D0,235.3564154103369D0,    0000011P   3094
1550.324851295178D0,-64.55979474046325D0,235.7179107799886D0,    0000011P   3095
1553.198020833527D0,-63.79474798902933D0,236.0805906691675D0,    0000011P   3096
1556.032312620304D0,-63.03804083342887D0,236.442004856254D0,     0000011P   3097
1558.876518095689D0,-62.2753860793356D0,236.8016321960955D0,     0000011P   3098
1561.721172281588D0,-61.51536485212866D0,237.1631530975389D0,    0000011P   3099
1564.581943017431D0,-60.74835197898263D0,237.5226996586562D0,    0000011P   3100
1567.424885228949D0,-59.98875611254636D0,237.8830743071807D0,    0000011P   3101
1570.269654150084D0,-59.22644348648252D0,238.2408241238966D0,    0000011P   3102
1573.124460105993D0,-58.46178122999253D0,238.5975120383553D0,    0000011P   3103
1575.965451477996D0,-57.70301466885635D0,238.9536907861022D0,    0000011P   3104
1578.814490221013D0,-56.94182536959613D0,239.3076295675284D0,    0000011P   3105
1581.661473597787D0,-56.18204921607622D0,239.6596012163302D0,    0000011P   3106
1584.517282101597D0,-55.42110938052385D0,240.0096704677907D0,    0000011P   3107
1587.376794794729D0,-54.66321697580214D0,240.3594682883115D0,    0000011P   3108
1590.229452803903D0,-53.90494022211157D0,240.7038603418773D0,    0000011P   3109
1593.08060395075D0,-53.15343829576865D0,241.0490844190716D0,     0000011P   3110
1595.945817797804D0,-52.39506434806879D0,241.3871970659068D0,    0000011P   3111
1598.792462438297D0,-51.64873262308651D0,241.7289944637137D0,    0000011P   3112
1601.659552155701D0,-50.89741559780496D0,242.0563579572765D0,    0000011P   3113
1604.498012484458D0,-50.15183085527671D0,242.4676606589188D0,    0000011P   3114
1607.346769637572D0,-49.40592710925895D0,242.8739712566281D0,    0000011P   3115
1610.186919113644D0,-48.66487656400407D0,243.2839492779224D0,    0000011P   3116
1613.039789697295D0,-47.92591102610871D0,243.697968683522D0,     0000011P   3117
1615.891469966012D0,-47.1871400005957D0,244.110018696392D0,      0000011P   3118
1618.720270564867D0,-46.46253123764671D0,244.5283895904791D0,    0000011P   3119
1621.610674509797D0,-45.71077507063218D0,244.9332492056417D0,    0000011P   3120
1625.635504020833D0,-44.7443649899529D0,245.6197871818234D0,     0000011P   3121
1633.713250527015D0,-42.13482243381645D0,245.8893826347025D0,    0000011P   3122
1642.550558278292D0,-39.52097814426136D0,246.5067278210655D0,    0000011P   3123
1651.739409263045D0,-36.74445853338107D0,247.0150331699563D0,    0000011P   3124
1660.836652870368D0,-34.0314398980533D0,247.5280359293832D0,     0000011P   3125
1669.984837355054D0,-31.31332440952278D0,248.0118071331527D0,    0000011P   3126
1679.115427448156D0,-28.62137798088926D0,248.4774379039126D0,    0000011P   3127
1688.28584714783D0,-25.93945036609272D0,248.9261538279378D0,     0000011P   3128
1697.451614816694D0,-23.27983684266624D0,249.3580556548417D0,    0000011P   3129
1706.663550099269D0,-20.62814675192359D0,249.7778706156866D0,    0000011P   3130
1715.828457993333D0,-18.00688784933883D0,250.1794359299761D0,    0000011P   3131
1725.03549942152D0,-15.39278604556636D0,250.572489004674D0,      0000011P   3132
1734.234299081552D0,-12.79879629153376D0,250.9575113298415D0,    0000011P   3133
1743.433486164794D0,-10.21831672687602D0,251.3316870602405D0,    0000011P   3134
1752.693227148501D0,-7.634903098962514D0,251.70430860256D0,      0000011P   3135
1761.864630678578D0,-5.087398112256365D0,252.06747466154D0,      0000011P   3136
1771.068489769878D0,-2.542750530575694D0,252.4365258820389D0,    0000011P   3137
1777.213014835477D0,-0.8464092163373412D0,252.6801236930206D0,   0000011P   3138
1780.282009185562D0,-2.630032638236445D-14,252.8029733672253D0,  0000011P   3139
-256.5688988697173D0,-93.72300499793637D0,274.07690175047D0,     0000011P   3140
-242.3134011594714D0,-96.73080051160717D0,272.1501384362665D0,   0000011P   3141
-213.8153456932444D0,-102.6986772007534D0,268.1635105008105D0,   0000011P   3142
-171.0465297427639D0,-111.5432335673549D0,261.873081008131D0,    0000011P   3143
-128.3022905732831D0,-120.2573611082605D0,255.3211412543762D0,   0000011P   3144
-85.5044131915276D0,-128.843919748879D0,248.6380515841412D0,     0000011P   3145
-42.8052552216507D0,-137.1887139707313D0,241.8702512506926D0,    0000011P   3146
-0.06702122212759648D0,-145.3371196865234D0,235.1287598445708D0, 0000011P   3147
42.64622179538321D0,-153.2325403972395D0,228.439153281095D0,     0000011P   3148
85.38719935848883D0,-160.8512123227006D0,221.8650951012297D0,    0000011P   3149
128.1194170296105D0,-168.1332109166959D0,215.43557453228D0,      0000011P   3150
166.1155916056235D0,-174.2694534817816D0,209.9342823987452D0,    0000011P   3151
199.371089058307D0,-179.3720076528609D0,205.3473915920139D0,     0000011P   3152
227.868960388207D0,-183.5439166087252D0,201.5724876748165D0,     0000011P   3153
256.3608889310253D0,-187.4982373786912D0,197.9556172018625D0,    0000011P   3154
284.8579382896856D0,-191.2332332247667D0,194.5247987785432D0,    0000011P   3155
313.358004734562D0,-194.7266397973482D0,191.2902650921301D0,     0000011P   3156
341.8567417321988D0,-197.9660814318172D0,188.2809218642983D0,    0000011P   3157
370.3764612390543D0,-200.9499989547288D0,185.5233222073957D0,    0000011P   3158
398.8683474599536D0,-203.6540450718901D0,182.997972556654D0,     0000011P   3159
432.1096174353968D0,-206.4697323409464D0,180.3157211923781D0,    0000011P   3160
470.1388848695058D0,-209.191799583498D0,177.6200709766361D0,     0000011P   3161
508.131510597792D0,-211.2720275735542D0,175.3148068032783D0,     0000011P   3162
541.4045818370049D0,-212.6072969795562D0,173.5691610108316D0,    0000011P   3163
569.9121995414495D0,-213.4113420280834D0,172.2830687609094D0,    0000011P   3164
603.1525973512873D0,-213.947952440763D0,171.062790799493D0,      0000011P   3165
641.1781916557065D0,-213.9796948003185D0,170.1176350592284D0,    0000011P   3166
679.1678495195426D0,-213.2652818505158D0,169.6293194471407D0,    0000011P   3167
712.4413773491071D0,-212.0580642876006D0,169.4827361336178D0,    0000011P   3168
740.9251283601209D0,-210.6383332890141D0,169.544111248917D0,     0000011P   3169
774.194952293844D0,-208.5442802073202D0,169.8310145926857D0,     0000011P   3170
812.1907217977112D0,-205.5436283575164D0,170.4673589364966D0,    0000011P   3171
854.9597533445383D0,-201.4152293930942D0,171.6188334845322D0,    0000011P   3172
897.7046614996523D0,-196.5911486355199D0,173.2296401271623D0,    0000011P   3173
940.4699243609829D0,-191.1068483812893D0,175.1977548931974D0,    0000011P   3174
983.2161002469426D0,-184.9839908873047D0,177.4167276408365D0,    0000011P   3175
1025.975495645295D0,-178.2936078097207D0,179.9217118671578D0,    0000011P   3176
1068.734184544885D0,-171.0856340804542D0,182.7406827974115D0,    0000011P   3177
1106.721883530796D0,-164.2655360464579D0,185.4815359440325D0,    0000011P   3178
1139.966563612224D0,-158.0056360216705D0,188.0106809304433D0,    0000011P   3179
1168.470669369022D0,-152.4504051493547D0,190.2749076695855D0,    0000011P   3180
1201.726750076284D0,-145.76802439886D0,193.0434090295431D0,      0000011P   3181
1239.736035109236D0,-137.8414375271054D0,196.3965729502235D0,    0000011P   3182
1282.495493752257D0,-128.5743247159275D0,200.4019241022895D0,    0000011P   3183
1325.239378721523D0,-118.9708210810531D0,204.5998295187776D0,    0000011P   3184
1363.244801877826D0,-110.1384693390505D0,208.5393146455383D0,    0000011P   3185
1396.460329791936D0,-102.2077902934802D0,212.1573180936109D0,    0000011P   3186
1424.966755321044D0,-95.28292811932258D0,215.3681852482432D0,    0000011P   3187
1453.47567673481D0,-88.27034927726612D0,218.6823664590075D0,     0000011P   3188
1482.010134573069D0,-81.18360560802408D0,222.089797409605D0,     0000011P   3189
1510.529042527652D0,-73.97616985875436D0,225.6081323478949D0,    0000011P   3190
1530.428222910784D0,-68.8175732340666D0,228.1516192421019D0,     0000011P   3191
1541.790742674252D0,-65.82601452522734D0,229.6362906271642D0,    0000011P   3192
1544.632838473433D0,-65.07878730441888D0,230.0127845189274D0,    0000011P   3193
1547.490171203638D0,-64.32063993029291D0,230.3869065087955D0,    0000011P   3194
1550.324427553683D0,-63.57066013208502D0,230.7637089552004D0,    0000011P   3195
1553.197225024595D0,-62.80978245918848D0,231.1419682479013D0,    0000011P   3196
1556.031669383117D0,-62.0570259934682D0,231.5191095774914D0,     0000011P   3197
1558.875171181088D0,-61.29849014933249D0,231.8945790718152D0,    0000011P   3198
1561.719957138255D0,-60.5425408630081D0,232.272224486717D0,      0000011P   3199
1564.579940061386D0,-59.7798168856278D0,232.6479858238956D0,     0000011P   3200
1567.423178736991D0,-59.02435832470729D0,233.0247910494569D0,    0000011P   3201
1570.267635049084D0,-58.26630872190727D0,233.3990149088936D0,    0000011P   3202
1573.121959726718D0,-57.50603617507093D0,233.772286846407D0,     0000011P   3203
1575.96320857678D0,-56.75157965765734D0,234.1451780077156D0,     0000011P   3204
1578.812127058711D0,-55.99485027226935D0,234.5158672636144D0,    0000011P   3205
1581.659057477213D0,-55.23959358839561D0,234.8846325293137D0,    0000011P   3206
1584.514700110877D0,-54.48331121945703D0,235.2515337121621D0,    0000011P   3207
1587.37470853779D0,-53.73011408949373D0,235.6182715330609D0,     0000011P   3208
1590.227108289002D0,-52.97667135863741D0,235.9794592532367D0,    0000011P   3209
1593.079261014629D0,-52.22996443376437D0,236.3416237903526D0,    0000011P   3210
1595.943992182089D0,-51.476716223704D0,236.6964355201405D0,      0000011P   3211
1598.791836004834D0,-50.73535385920224D0,237.0551968172371D0,    0000011P   3212
1601.659330439305D0,-49.98930853988973D0,237.398918322754D0,     0000011P   3213
1604.49771740051D0,-49.24902643709628D0,237.8306496723682D0,     0000011P   3214
1607.34620964255D0,-48.50862613889044D0,238.2572168191184D0,     0000011P   3215
1610.186257754054D0,-47.77315436882287D0,238.6876837384089D0,    0000011P   3216
1613.039465048529D0,-47.03992641062157D0,239.1224342880465D0,    0000011P   3217
1615.890742867165D0,-46.30711214911369D0,239.5551635529512D0,    0000011P   3218
1618.720816179521D0,-45.58832239204425D0,239.9945486714529D0,    0000011P   3219
1621.607824899613D0,-44.84334519921043D0,240.4198051842645D0,    0000011P   3220
1625.651558807551D0,-43.88329380654067D0,241.1407351449175D0,    0000011P   3221
1633.550438892183D0,-41.31795226922573D0,241.4254674593291D0,    0000011P   3222
1642.263225258443D0,-38.74394619297176D0,242.0751703659077D0,    0000011P   3223
1651.301611294418D0,-36.01312998784577D0,242.610755217718D0,     0000011P   3224
1660.257666578919D0,-33.34569387723212D0,243.1514006731342D0,    0000011P   3225
1669.262814878632D0,-30.67481117271468D0,243.6615874518427D0,    0000011P   3226
1678.252284823382D0,-28.03089093452561D0,244.152960176126D0,     0000011P   3227
1687.28178850248D0,-25.39817385739934D0,244.6268281444467D0,     0000011P   3228
1696.307710799853D0,-22.78859759325315D0,245.083322254956D0,     0000011P   3229
1705.379926562773D0,-20.18811611926441D0,245.5274201958942D0,    0000011P   3230
1714.406397329418D0,-17.61861081587182D0,245.9526910719635D0,    0000011P   3231
1723.475075300904D0,-15.05738600408443D0,246.3693613271109D0,    0000011P   3232
1732.536522519586D0,-12.51702164938782D0,246.7779607304323D0,    0000011P   3233
1741.598408890424D0,-9.991055558903707D0,247.1755646997581D0,    0000011P   3234
1750.72009638907D0,-7.463442157810976D0,247.5719334882708D0,     0000011P   3235
1759.755220097129D0,-4.971967908458744D0,247.9588148994922D0,    0000011P   3236
1768.822754436435D0,-2.48441727835758D0,248.3523054361154D0,     0000011P   3237
1774.875630072146D0,-0.8268764483196991D0,248.6123928212013D0,   0000011P   3238
1777.898861981065D0,-2.619930814198162D-14,248.7436197223919D0,  0000011P   3239
-256.5688988107395D0,-92.39627093396807D0,271.2104232928335D0,   0000011P   3240
-242.3125423354136D0,-95.35560746312564D0,269.207229439917D0,    0000011P   3241
-213.8133264627491D0,-101.2327297200955D0,265.0609424977095D0,   0000011P   3242
-171.0476567042266D0,-109.9567107909037D0,258.5073917851267D0,   0000011P   3243
-128.299801403095D0,-118.5644514036485D0,251.6636183856339D0,    0000011P   3244
-85.50566332790612D0,-127.0649229567613D0,244.6877903841582D0,   0000011P   3245
-42.80274384167585D0,-135.3530801796709D0,237.6504399428038D0,   0000011P   3246
-0.06784736740919617D0,-143.4416329399311D0,230.6166361224687D0, 0000011P   3247
42.64701523434417D0,-151.2438491511458D0,223.562005438316D0,     0000011P   3248
85.38710329856676D0,-158.7794165240479D0,216.6544370721282D0,    0000011P   3249
128.1190116116775D0,-166.0328050027619D0,210.0251182106749D0,    0000011P   3250
166.1159026456168D0,-172.1502284124724D0,204.3610051155322D0,    0000011P   3251
199.3704716046837D0,-177.2108747947718D0,199.567614841586D0,     0000011P   3252
227.8679608950638D0,-181.3398347346375D0,195.5994795583476D0,    0000011P   3253
256.3614791201877D0,-185.2544670228866D0,191.8005408180866D0,    0000011P   3254
284.8565796826832D0,-188.9628605670089D0,188.2271585859483D0,    0000011P   3255
313.3564985156086D0,-192.4350824629598D0,184.8667314689469D0,    0000011P   3256
341.8573820824134D0,-195.6508937392363D0,181.7264218247969D0,    0000011P   3257
370.3754027629236D0,-198.600689377354D0,178.8112015854207D0,     0000011P   3258
398.8671602678982D0,-201.2676080884567D0,176.1197130335258D0,    0000011P   3259
432.1103736098802D0,-204.0446643063386D0,173.2552862354657D0,    0000011P   3260
470.1370697339601D0,-206.7407635097407D0,170.3987036397846D0,    0000011P   3261
508.13199786581D0,-208.8229353858207D0,168.0174502651469D0,      0000011P   3262
541.4040687886994D0,-210.1842568355145D0,166.2888960821108D0,    0000011P   3263
569.9117592505825D0,-211.0163625386025D0,165.0358671212971D0,    0000011P   3264
603.1529526209681D0,-211.5795910918557D0,163.8309538533623D0,    0000011P   3265
641.1770399999442D0,-211.6148147014586D0,162.806518179673D0,     0000011P   3266
679.1683687091831D0,-210.9012306589084D0,162.222414319502D0,     0000011P   3267
712.4405274308009D0,-209.7144529241008D0,162.0528242494619D0,    0000011P   3268
740.9245622547194D0,-208.3200761666776D0,162.1198899439683D0,    0000011P   3269
774.1953538031189D0,-206.2582420207851D0,162.4242560352836D0,    0000011P   3270
812.189596533379D0,-203.288851864369D0,163.0693405932355D0,      0000011P   3271
854.9603292878594D0,-199.1904970330548D0,164.2095566069171D0,    0000011P   3272
897.7034828636071D0,-194.3940225141527D0,165.7822443385867D0,    0000011P   3273
940.4705066274513D0,-188.9592095335264D0,167.7828742336472D0,    0000011P   3274
983.2149498515844D0,-182.9326442130503D0,170.2028601562099D0,    0000011P   3275
1025.976151941198D0,-176.3439944695056D0,172.9251990974931D0,    0000011P   3276
1068.732708714343D0,-169.2022940103232D0,175.8243567891306D0,    0000011P   3277
1106.722259055134D0,-162.4345754293814D0,178.6122163317221D0,    0000011P   3278
1139.966199483167D0,-156.2348824197871D0,181.2361107564164D0,    0000011P   3279
1168.4696016545D0,-150.7377582440056D0,183.6068683244192D0,      0000011P   3280
1201.727309352884D0,-144.1266594990096D0,186.5160408521675D0,    0000011P   3281
1239.735192566124D0,-136.2815792716422D0,190.0339099425006D0,    0000011P   3282
1282.495731397683D0,-127.0990582836292D0,194.2095369441736D0,    0000011P   3283
1325.239273886217D0,-117.5668389785792D0,198.5413760194107D0,    0000011P   3284
1363.244845462298D0,-108.7974735117343D0,202.6105153818363D0,    0000011P   3285
1396.460261504699D0,-100.9299650793173D0,206.380949260369D0,     0000011P   3286
1424.965792424496D0,-94.06222470278463D0,209.738617245956D0,     0000011P   3287
1453.475586429126D0,-87.10655148270151D0,213.205120666954D0,     0000011P   3288
1482.011470626617D0,-80.07395158044679D0,216.7595347426661D0,    0000011P   3289
1510.531677961324D0,-72.91793699661599D0,220.4277725329419D0,    0000011P   3290
1530.429084396023D0,-67.79347535252589D0,223.0836332620732D0,    0000011P   3291
1541.790454381731D0,-64.82074704299001D0,224.636781110457D0,     0000011P   3292
1544.633338110408D0,-64.07803509753185D0,225.0307610773248D0,    0000011P   3293
1547.489799003879D0,-63.32463827014239D0,225.4223766887581D0,    0000011P   3294
1550.324528574049D0,-62.57913998919641D0,225.8169020956348D0,    0000011P   3295
1553.197102767578D0,-61.82300167024915D0,226.2130502088566D0,    0000011P   3296
1556.031851249018D0,-61.07473994963907D0,226.6081213220156D0,    0000011P   3297
1558.874801650066D0,-60.32084151699011D0,227.0015285267391D0,    0000011P   3298
1561.719870356508D0,-59.56945778585765D0,227.3972866166543D0,    0000011P   3299
1564.579213110649D0,-58.81149209781376D0,227.7911431878727D0,    0000011P   3300
1567.422890527975D0,-58.060616681722D0,228.1861514356586D0,      0000011P   3301
1570.267169110772D0,-57.30725305372211D0,228.5785134609989D0,    0000011P   3302
1573.121137960188D0,-56.5517709467801D0,228.9699249135302D0,     0000011P   3303
1575.962758276875D0,-55.80200364851523D0,229.3609750399303D0,    0000011P   3304
1578.811656992993D0,-55.05009246409207D0,229.7497520721838D0,    0000011P   3305
1581.658619423403D0,-54.29969331510461D0,230.1365386978006D0,    0000011P   3306
1584.514163600203D0,-53.54838692264847D0,230.5213896869804D0,    0000011P   3307
1587.374715585484D0,-52.80018468842183D0,230.90607520591D0,      0000011P   3308
1590.226883282822D0,-52.05185737896865D0,231.2849558038438D0,    0000011P   3309
1593.080040139019D0,-51.31020929820604D0,231.6648472163103D0,    0000011P   3310
1595.944265494572D0,-50.56233377897846D0,232.0370333395464D0,    0000011P   3311
1598.793257651355D0,-49.82617150518428D0,232.4133224322804D0,    0000011P   3312
1601.661076206977D0,-49.08561306558268D0,232.7738541227375D0,    0000011P   3313
1604.499277425206D0,-48.35083388626175D0,233.2263542607331D0,    0000011P   3314
1607.347358569443D0,-47.61612309608241D0,233.6734057551434D0,    0000011P   3315
1610.187123286539D0,-46.88640260437468D0,234.1244767200447D0,    0000011P   3316
1613.040447387091D0,-46.15907183847893D0,234.5799606011157D0,    0000011P   3317
1615.891062944187D0,-45.43236172950771D0,235.0332580360176D0,    0000011P   3318
1618.722107220072D0,-44.71952680925038D0,235.4934327182486D0,    0000011P   3319
1621.605374995041D0,-43.98145353041195D0,235.9387475801622D0,    0000011P   3320
1625.6674272121D0,-43.02793246047015D0,236.693392135694D0,       0000011P   3321
1633.386493493452D0,-40.50698727951265D0,236.9919613431805D0,    0000011P   3322
1641.973284199738D0,-37.97300207316981D0,237.6716901255206D0,    0000011P   3323
1650.85944656761D0,-35.28800846642369D0,238.2315154970877D0,     0000011P   3324
1659.672276876895D0,-32.66620847329837D0,238.7960585175587D0,    0000011P   3325
1668.532080917469D0,-30.04254440984981D0,239.3282105834367D0,    0000011P   3326
1677.377857729232D0,-27.44656634757561D0,239.8401708075753D0,    0000011P   3327
1686.263614003945D0,-24.86290378613772D0,240.333333191562D0,     0000011P   3328
1695.146607658148D0,-22.30313461597058D0,240.807859773022D0,     0000011P   3329
1704.07577525316D0,-19.7535553142482D0,241.2689796883103D0,      0000011P   3330
1712.960241378858D0,-17.23541875050697D0,241.709994918265D0,     0000011P   3331
1721.886756026142D0,-14.72660552024358D0,242.1416219347524D0,    0000011P   3332
1730.806825093296D0,-12.23931846763463D0,242.5644397768403D0,    0000011P   3333
1739.727165710178D0,-9.76723293142159D0,242.9754161163641D0,     0000011P   3334
1748.706341862134D0,-7.294699878725885D0,243.3847800439366D0,    0000011P   3335
1757.600521577771D0,-4.858447393915639D0,243.7839294527978D0,    0000011P   3336
1766.526867197199D0,-2.427093512326888D0,244.1897176944125D0,    0000011P   3337
1772.484721900316D0,-0.8076907870299885D0,244.4577380691178D0,   0000011P   3338
1775.460474487568D0,-2.609828990159877D-14,244.5929485259422D0,  0000011P   3339
-256.5688988061168D0,-91.00977534916595D0,268.3659173771611D0,   0000011P   3340
-242.3116835509032D0,-93.9169152486482D0,266.2881682238646D0,    0000011P   3341
-213.8113072462382D0,-99.69386371473971D0,261.982307133708D0,    0000011P   3342
-171.0487836579263D0,-108.2919031757447D0,255.1861351586543D0,   0000011P   3343
-128.2973122244685D0,-116.8112801439554D0,248.1228291297888D0,   0000011P   3344
-85.50691346290792D0,-125.2232341688887D0,240.884201594655D0,    0000011P   3345
-42.80023246173506D0,-133.3877753203964D0,233.4701308522418D0,   0000011P   3346
-0.06867351194870766D0,-141.3620192788711D0,226.0646989424792D0, 0000011P   3347
42.64780867352883D0,-149.1064353750798D0,218.759077287034D0,     0000011P   3348
85.38700723785055D0,-156.6011173597558D0,211.6351453189245D0,    0000011P   3349
128.1186061922261D0,-163.7921805919901D0,204.7367893933438D0,    0000011P   3350
166.116213683656D0,-169.8441325683818D0,198.8096110004626D0,     0000011P   3351
199.3698541488375D0,-174.8466293067539D0,193.7856194664227D0,    0000011P   3352
227.866961399516D0,-178.9294609079219D0,189.6305121157222D0,     0000011P   3353
256.3620693067846D0,-182.8059205851463D0,185.6661656221282D0,    0000011P   3354
284.8552210729476D0,-186.4879168564284D0,181.9608849074432D0,    0000011P   3355
313.354992293759D0,-189.9405290651527D0,178.4889977558407D0,     0000011P   3356
341.8580224295855D0,-193.1383146886499D0,175.2456058374914D0,    0000011P   3357
370.3743442836322D0,-196.0662443128999D0,172.2236472962273D0,    0000011P   3358
398.8659730726043D0,-198.7114830030899D0,169.4270397697743D0,    0000011P   3359
432.1111297810949D0,-201.4676681976491D0,166.44863379018D0,      0000011P   3360
470.1352545952178D0,-204.1521003352067D0,163.4838826864867D0,    0000011P   3361
508.1324851306461D0,-206.221955559711D0,160.9882729560603D0,     0000011P   3362
541.4035557370488D0,-207.560535427929D0,159.1326175760653D0,     0000011P   3363
569.9113189563245D0,-208.3740293662836D0,157.7721312307882D0,    0000011P   3364
603.1533078875642D0,-208.9269712335852D0,156.4670717745976D0,    0000011P   3365
641.1758883423155D0,-208.9816167568887D0,155.3976429981377D0,    0000011P   3366
679.1688878970169D0,-208.3049430582163D0,154.8046298101891D0,    0000011P   3367
712.4396775082928D0,-207.1487949693037D0,154.6195227028555D0,    0000011P   3368
740.9239961441293D0,-205.7836467524986D0,154.6812708775862D0,    0000011P   3369
774.1957553104978D0,-203.7643120498272D0,155.0043838494912D0,    0000011P   3370
812.1884712818418D0,-200.8625032284933D0,155.7291405695379D0,    0000011P   3371
854.9609052407583D0,-196.8485213515522D0,156.9832301486059D0,    0000011P   3372
897.7023041795795D0,-192.1276895667465D0,158.6396918686127D0,    0000011P   3373
940.4710888627271D0,-186.7524926786814D0,160.6664894056245D0,    0000011P   3374
983.2137996454854D0,-180.7626310623593D0,163.0272150073105D0,    0000011P   3375
1025.976808368281D0,-174.2239255251855D0,165.7302610996361D0,    0000011P   3376
1068.731232193187D0,-167.1825546687822D0,168.7761084197182D0,    0000011P   3377
1106.722634085867D0,-160.5200542752032D0,171.753153754174D0,     0000011P   3378
1139.96583688789D0,-154.403797419359D0,174.5199464264947D0,      0000011P   3379
1168.468536479681D0,-148.9713677765553D0,176.9919597705652D0,    0000011P   3380
1201.727869138494D0,-142.4265800513143D0,179.9881349407057D0,    0000011P   3381
1239.734340249539D0,-134.6433621057582D0,183.5511752264401D0,    0000011P   3382
1282.495962375058D0,-125.5360090131637D0,187.8188115098531D0,    0000011P   3383
1325.239205793037D0,-116.1101265285732D0,192.398540598358D0,     0000011P   3384
1363.244915446154D0,-107.4406484520583D0,196.7255352176865D0,    0000011P   3385
1396.460112558753D0,-99.64790050234042D0,200.6742103708375D0,    0000011P   3386
1424.964695731924D0,-92.83862320742657D0,204.166020285484D0,     0000011P   3387
1453.475454373956D0,-85.93825568307287D0,207.7620807210153D0,    0000011P   3388
1482.013109719326D0,-78.96094372976828D0,211.4554300089935D0,    0000011P   3389
1510.534816038811D0,-71.85879032660543D0,215.2731434132726D0,    0000011P   3390
1530.43020671709D0,-66.77005451770319D0,218.0414009818279D0,     0000011P   3391
1541.790080480531D0,-63.81670705783272D0,219.6615587092688D0,    0000011P   3392
1544.633656868293D0,-63.07863300854354D0,220.0725927145881D0,    0000011P   3393
1547.48914407902D0,-62.3300941048725D0,220.4812121978191D0,      0000011P   3394
1550.324239956233D0,-61.58917013611601D0,220.8929183449631D0,    0000011P   3395
1553.19648040075D0,-60.83785004577369D0,221.3063658307421D0,     0000011P   3396
1556.031420483455D0,-60.09414868643994D0,221.7187352944243D0,    0000011P   3397
1558.873706424427D0,-59.34494068473674D0,222.1294120340976D0,    0000011P   3398
1561.718945784018D0,-58.5981635933305D0,222.5425831238493D0,     0000011P   3399
1564.577538748595D0,-57.84498600601494D0,222.9538089968814D0,    0000011P   3400
1567.421549271143D0,-57.09871293478392D0,223.3662733202937D0,    0000011P   3401
1570.265549980748D0,-56.35004453203863D0,223.7760107932451D0,    0000011P   3402
1573.119069859174D0,-55.59935282765029D0,224.184788513485D0,     0000011P   3403
1575.960977009365D0,-54.85426608518072D0,224.5932190713277D0,    0000011P   3404
1578.809781344727D0,-54.10715647413863D0,224.9993053026251D0,    0000011P   3405
1581.6567126988D0,-53.36159093000573D0,225.403339909864D0,       0000011P   3406
1584.512108365719D0,-52.61522994333481D0,225.805377768773D0,     0000011P   3407
1587.3731684001D0,-51.87198605526443D0,226.2072637335019D0,      0000011P   3408
1590.225084586574D0,-51.12873230053324D0,226.6031108840098D0,    0000011P   3409
1593.079243677148D0,-50.39209654188157D0,227.0000290163687D0,    0000011P   3410
1595.942980393929D0,-49.64954319795133D0,227.3889207899978D0,    0000011P   3411
1598.793158635732D0,-48.91852716757573D0,227.7821055903946D0,    0000011P   3412
1601.661361149863D0,-48.18339909042489D0,228.1588572755749D0,    0000011P   3413
1604.499460057374D0,-47.45406430912757D0,228.6315831521707D0,    0000011P   3414
1607.347238639492D0,-46.72498315511948D0,229.0986283275727D0,    0000011P   3415
1610.186855109813D0,-46.00095338529236D0,229.5698702972067D0,    0000011P   3416
1613.040459284549D0,-45.27945923238137D0,230.0457173373012D0,    0000011P   3417
1615.890605477213D0,-44.55879333556685D0,230.5192808809354D0,    0000011P   3418
1618.72284475126D0,-43.85185461246493D0,231.000016419454D0,      0000011P   3419
1621.602628261788D0,-43.12062857047083D0,231.4652395195283D0,    0000011P   3420
1625.683433930276D0,-42.17355695036722D0,232.2534995153571D0,    0000011P   3421
1633.223389794928D0,-39.69691185267828D0,232.5660831578329D0,    0000011P   3422
1641.685279422373D0,-37.2028454964849D0,233.2765944428209D0,     0000011P   3423
1650.420523890874D0,-34.56358857688838D0,233.8619350294928D0,    0000011P   3424
1659.091641346914D0,-31.98735277774322D0,234.4521515776576D0,    0000011P   3425
1667.807814769205D0,-29.41084729876824D0,235.0085293594643D0,    0000011P   3426
1676.51180877336D0,-26.86276110191719D0,235.543805177167D0,      0000011P   3427
1685.255919819233D0,-24.32811037097027D0,236.0594409343073D0,    0000011P   3428
1693.998274021614D0,-21.81811111406983D0,236.555613006814D0,     0000011P   3429
1702.786864821515D0,-19.31940018757723D0,237.0377851779862D0,    0000011P   3430
1711.531975026152D0,-16.85259982931727D0,237.4989755036269D0,    0000011P   3431
1720.319147581848D0,-14.39616478846504D0,237.9503736823512D0,    0000011P   3432
1729.10082740846D0,-11.96191866707887D0,238.392591222028D0,      0000011P   3433
1737.882774026382D0,-9.543672214710702D0,238.8224712473271D0,    0000011P   3434
1746.722748596298D0,-7.12617081961524D0,239.2506948851211D0,     0000011P   3435
1755.479447259456D0,-4.745082067370356D0,239.6682933171974D0,    0000011P   3436
1764.268215439884D0,-2.369855440328274D0,240.0928599426219D0,    0000011P   3437
1770.133552402043D0,-0.7885354352629338D0,240.3733223275402D0,   0000011P   3438
1773.063100375483D0,-2.599727166121594D-14,240.5148151921122D0,  0000011P   3439
-256.5688989519611D0,-89.55247225324644D0,265.5584865947371D0,   0000011P   3440
-242.310824875906D0,-92.40737312218538D0,263.4142376427335D0,    0000011P   3441
-213.8092880684113D0,-98.08582592610171D0,258.9691702787002D0,   0000011P   3442
-171.049910589548D0,-106.5419566140931D0,251.9260172412612D0,    0000011P   3443
-128.2948230208289D0,-114.9146969098341D0,244.556120563543D0,    0000011P   3444
-85.50816359100148D0,-123.2089047321611D0,237.02810974079D0,     0000011P   3445
-42.79772107710089D0,-131.3214390786618D0,229.415233881727D0,    0000011P   3446
-0.06949964800863026D0,-139.2529548720667D0,221.8127560276375D0, 0000011P   3447
42.64860212104058D0,-146.9098668628482D0,214.2187418153369D0,    0000011P   3448
85.38691118390878D0,-154.2928608819308D0,206.7557582564996D0,    0000011P   3449
128.1182007791291D0,-161.3697415421346D0,199.506810110172D0,     0000011P   3450
166.1165247280762D0,-167.3427995685565D0,193.312095918313D0,     0000011P   3451
199.3692366992471D0,-172.3106113338632D0,188.1258330143687D0,    0000011P   3452
227.8659619100557D0,-176.3725979499353D0,183.8510551498564D0,    0000011P   3453
256.3626594992784D0,-180.2225536607272D0,179.7569408382688D0,    0000011P   3454
284.8538624689361D0,-183.8576399119444D0,175.8838238391885D0,    0000011P   3455
313.3534860775026D0,-187.2531713056922D0,172.2261470130763D0,    0000011P   3456
341.8586627822866D0,-190.3935310395172D0,168.7997103778044D0,    0000011P   3457
370.3732858098965D0,-193.2731572945861D0,165.6178829099804D0,    0000011P   3458
398.864785882916D0,-195.8801209460821D0,162.6829654930296D0,     0000011P   3459
432.1118859579229D0,-198.6039867786371D0,159.5672288248816D0,    0000011P   3460
470.1334394619147D0,-201.2698755931546D0,156.4783256775091D0,    0000011P   3461
508.1329724008872D0,-203.3409245369508D0,153.9036821587505D0,    0000011P   3462
541.4030426911343D0,-204.692834667758D0,152.0171330044971D0,     0000011P   3463
569.9108786680381D0,-205.5215302533875D0,150.6386605269871D0,    0000011P   3464
603.1536631600058D0,-206.0911210894188D0,149.3023073601364D0,    0000011P   3465
641.1747366893279D0,-206.1554606517207D0,148.1535598824632D0,    0000011P   3466
679.1694070900952D0,-205.4968503477664D0,147.4882974727093D0,    0000011P   3467
712.4388275951195D0,-204.3769176020234D0,147.2886254592924D0,    0000011P   3468
740.9234300449991D0,-203.0493242021668D0,147.3513191134578D0,    0000011P   3469
774.1961568257466D0,-201.0728106555037D0,147.668117106628D0,     0000011P   3470
812.1873460190208D0,-198.2061890598231D0,148.3422717780628D0,    0000011P   3471
854.96148118888D0,-194.2474160094301D0,149.5735915581393D0,      0000011P   3472
897.7011255738522D0,-189.6319951595692D0,151.3346500444074D0,    0000011P   3473
940.4716711551306D0,-184.3739544715026D0,153.4965685583358D0,    0000011P   3474
983.2126491893981D0,-178.4747814579317D0,155.9254676951632D0,    0000011P   3475
1025.977464630307D0,-172.0203506156748D0,158.6812032495351D0,    0000011P   3476
1068.729756666143D0,-165.0777146072114D0,161.8157343349846D0,    0000011P   3477
1106.723009836916D0,-158.5092524635631D0,164.892725009565D0,     0000011P   3478
1139.965472164764D0,-152.4758004407318D0,167.7540378135062D0,    0000011P   3479
1168.467467764594D0,-147.1164678038504D0,170.3204432368748D0,    0000011P   3480
1201.728428241374D0,-140.6613462339253D0,173.4526493578364D0,    0000011P   3481
1239.733501710714D0,-132.9905361790513D0,177.2224267565412D0,    0000011P   3482
1282.496202762632D0,-123.9996201832678D0,181.7092709445454D0,    0000011P   3483
1325.239086063011D0,-114.6574973068848D0,186.4107038676861D0,    0000011P   3484
1363.244948328158D0,-106.0529075124191D0,190.8239909323678D0,    0000011P   3485
1396.46007704174D0,-98.32419191412033D0,194.8795814643845D0,     0000011P   3486
1424.963787175381D0,-91.57467262147131D0,198.4884046088178D0,    0000011P   3487
1453.475381004166D0,-84.73820385795295D0,202.2307574248237D0,    0000011P   3488
1482.014322642737D0,-77.82887114895581D0,206.1034886290209D0,    0000011P   3489
1510.537247246803D0,-70.79239427625225D0,210.111130692792D0,     0000011P   3490
1530.43096218187D0,-65.74353381848314D0,213.003390882892D0,      0000011P   3491
1541.789826880485D0,-62.80954101268621D0,214.6866796865646D0,    0000011P   3492
1544.634229893248D0,-62.07599371935841D0,215.1133325013827D0,    0000011P   3493
1547.488886633674D0,-61.33210309646491D0,215.5370871571714D0,    0000011P   3494
1550.32449915564D0,-60.59545133931062D0,215.9636974935D0,        0000011P   3495
1553.196561192863D0,-59.8485609644264D0,216.3917855673547D0,     0000011P   3496
1556.031851101303D0,-59.10895108574949D0,216.8184379821241D0,    0000011P   3497
1558.873631568164D0,-58.36389031198677D0,217.2430378608009D0,    0000011P   3498
1561.719199207101D0,-57.62110838000255D0,217.669970176377D0,     0000011P   3499
1564.577196527287D0,-56.87204518089914D0,218.0946338175886D0,    0000011P   3500
1567.421688697949D0,-56.12964455488753D0,218.5203685418159D0,    0000011P   3501
1570.26555235371D0,-55.38489133571726D0,218.9430672648335D0,     0000011P   3502
1573.118754235697D0,-54.63816589525162D0,219.3645941509481D0,    0000011P   3503
1575.961067227885D0,-53.89689751808188D0,219.7856107525548D0,    0000011P   3504
1578.809882103666D0,-53.15369528314778D0,220.2040601278168D0,    0000011P   3505
1581.656871094003D0,-52.41204318490564D0,220.6202706126423D0,    0000011P   3506
1584.512188633809D0,-51.66968752845225D0,221.0343228067329D0,    0000011P   3507
1587.373806648966D0,-50.93044803945351D0,221.4481618706454D0,    0000011P   3508
1590.225498683899D0,-50.19130606592957D0,221.8556790334885D0,    0000011P   3509
1593.080662674568D0,-49.45871907453091D0,222.2643037703211D0,    0000011P   3510
1595.943886603424D0,-48.72052861478375D0,222.6645831221895D0,    0000011P   3511
1598.795197844973D0,-47.993709845543D0,223.0693732198046D0,      0000011P   3512
1601.663700174952D0,-47.26307950247661D0,223.4571077694169D0,    0000011P   3513
1604.501579450443D0,-46.53827888984091D0,223.9449011529192D0,    0000011P   3514
1607.348902849236D0,-45.81394558673326D0,224.4268862946611D0,    0000011P   3515
1610.18818103042D0,-45.09475924269402D0,224.9133756898621D0,     0000011P   3516
1613.04183569456D0,-44.37829494094002D0,225.4048180637445D0,     0000011P   3517
1615.891241274333D0,-43.66291307380626D0,225.8940612632501D0,    0000011P   3518
1618.724360513149D0,-42.9611629898225D0,226.390978196014D0,      0000011P   3519
1621.600298819649D0,-42.23613529616107D0,226.8719626814697D0,    0000011P   3520
1625.69924605068D0,-41.29463909575757D0,227.6880200289865D0,     0000011P   3521
1633.059102409948D0,-38.86137610069631D0,228.0078569829851D0,    0000011P   3522
1641.394551779948D0,-36.40650083029907D0,228.7423815636347D0,    0000011P   3523
1649.977042202865D0,-33.81265229259716D0,229.3480617773271D0,    0000011P   3524
1658.504320489823D0,-31.28203246862924D0,229.9602877847597D0,    0000011P   3525
1667.074453606346D0,-28.75309806913075D0,230.5386566344848D0,    0000011P   3526
1675.633978541742D0,-26.25365757386535D0,231.0963607189136D0,    0000011P   3527
1684.233488321943D0,-23.76909447808522D0,231.6348477442986D0,    0000011P   3528
1692.831984057971D0,-21.31024353499437D0,232.1542263256292D0,    0000011P   3529
1701.476522868508D0,-18.86406260749529D0,232.6601127939052D0,    0000011P   3530
1710.078552576095D0,-16.45052392905492D0,233.1451591806516D0,    0000011P   3531
1718.722415880457D0,-14.04863702988051D0,233.620946311989D0,     0000011P   3532
1727.361503521008D0,-11.66982689726586D0,234.0880360653444D0,    0000011P   3533
1736.000624206658D0,-9.308020318927172D0,234.5430649189789D0,    0000011P   3534
1744.696743071411D0,-6.948337731606151D0,234.9970839367813D0,    0000011P   3535
1753.311091167135D0,-4.625366849444171D0,235.4406754898438D0,    0000011P   3536
1761.957203799765D0,-2.309369229163398D0,235.89209092559D0,      0000011P   3537
1767.726503084521D0,-0.7682852738399463D0,236.190671758061D0,    0000011P   3538
1770.608053976279D0,-2.589625342083312D-14,236.341345604093D0,   0000011P   3539
-256.56889918672D0,-87.97931232884503D0,262.738607904715D0,      0000011P   3540
-242.3099662633588D0,-90.78773667644481D0,260.5443364777392D0,   0000011P   3541
-213.8072689071078D0,-96.37247993237529D0,255.9818245172031D0,   0000011P   3542
-171.051037497304D0,-104.6935174747719D0,248.7284597724025D0,    0000011P   3543
-128.2923337889884D0,-112.9459488564742D0,241.1306145634596D0,   0000011P   3544
-85.5094137001056D0,-121.1086008759475D0,233.3205118814921D0,    0000011P   3545
-42.79520967364309D0,-129.0551734626487D0,225.3308347873419D0,   0000011P   3546
-0.07032576256481346D0,-136.841077671982D0,217.3688190205961D0,  0000011P   3547
42.64939558935289D0,-144.4303134018329D0,209.5409698332497D0,    0000011P   3548
85.38681514897463D0,-151.76774909896D0,201.880794309564D0,       0000011P   3549
128.1177953844447D0,-158.7666451393094D0,194.380968405036D0,     0000011P   3550
166.116835790817D0,-164.6547755223929D0,187.9318267782434D0,     0000011P   3551
199.3686192677604D0,-169.5464249282342D0,182.5122931196099D0,    0000011P   3552
227.8649624384515D0,-173.5471632886023D0,178.0436416649459D0,    0000011P   3553
256.3632497093512D0,-177.3451238357499D0,173.7749722744774D0,    0000011P   3554
284.8525038822272D0,-180.9422516799607D0,169.7609161921885D0,    0000011P   3555
313.3519798782639D0,-184.3121930424099D0,165.9914277602501D0,    0000011P   3556
341.8593031517008D0,-187.4374329092334D0,162.4787744777269D0,    0000011P   3557
370.3722273525393D0,-190.3102300109604D0,159.2326827880823D0,    0000011P   3558
398.8635987093352D0,-192.9105709140179D0,156.2355459073607D0,    0000011P   3559
432.1126421507236D0,-195.6171626174971D0,153.027279005778D0,     0000011P   3560
470.1316243448422D0,-198.2357739586651D0,149.7727822853385D0,    0000011P   3561
508.1334596876063D0,-200.2586504773001D0,147.0228265318506D0,    0000011P   3562
541.402529661542D0,-201.5905468052096D0,145.0217984891182D0,     0000011P   3563
569.9104383960265D0,-202.4167281280421D0,143.5712125409739D0,    0000011P   3564
603.154018449164D0,-202.9997416391852D0,142.1806223200564D0,     0000011P   3565
641.1735850548372D0,-203.1018007716575D0,141.0119392543441D0,    0000011P   3566
679.169926301682D0,-202.4909393654046D0,140.3383486095538D0,     0000011P   3567
712.4379776967745D0,-201.4079325089911D0,140.111925285251D0,     0000011P   3568
740.9228639591065D0,-200.1134074843026D0,140.1506736817366D0,    0000011P   3569
774.1965583589764D0,-198.1827913652926D0,140.4528664311154D0,    0000011P   3570
812.1862207958627D0,-195.3871345098233D0,141.1503801560306D0,    0000011P   3571
854.9620571709663D0,-191.5161343842099D0,142.4096472388202D0,    0000011P   3572
897.6999469141026D0,-186.9796167400796D0,144.147996830932D0,     0000011P   3573
940.4722534171848D0,-181.8183528734319D0,146.3270986004563D0,    0000011P   3574
983.2114990331776D0,-176.0611264372766D0,148.9039413193908D0,    0000011P   3575
1025.97812110072D0,-169.7534628923707D0,151.831085521205D0,      0000011P   3576
1068.728280101563D0,-162.9224608457905D0,155.0521776284492D0,    0000011P   3577
1106.723384842131D0,-156.438723039187D0,158.1720861571073D0,     0000011P   3578
1139.965109750963D0,-150.4818668744322D0,161.0761840488372D0,    0000011P   3579
1168.466402871875D0,-145.1909012510841D0,163.6898228489502D0,    0000011P   3580
1201.72898809291D0,-138.8197529755873D0,166.8979567597939D0,     0000011P   3581
1239.732648385212D0,-131.2533575363698D0,170.7959778327255D0,    0000011P   3582
1282.496433041051D0,-122.3799067681223D0,175.4543918611148D0,    0000011P   3583
1325.23902175848D0,-113.1447250035936D0,180.3250079384505D0,     0000011P   3584
1363.245021012637D0,-104.6322945728416D0,184.9026869149467D0,    0000011P   3585
1396.459919677845D0,-96.98672626420662D0,189.123857196285D0,     0000011P   3586
1424.962676539909D0,-90.3081649122812D0,192.8811063107618D0,     0000011P   3587
1453.475244538187D0,-83.5396656670659D0,196.7699698686542D0,     0000011P   3588
1482.015993069387D0,-76.69328460795339D0,200.7786465219655D0,    0000011P   3589
1510.540437351878D0,-69.71591375355486D0,204.9276740736344D0,    0000011P   3590
1530.432111455242D0,-64.70657581717742D0,207.9335632962606D0,    0000011P   3591
1541.789444006912D0,-61.79474919137615D0,209.6900329729419D0,    0000011P   3592
1544.634529799713D0,-61.06656668854753D0,210.1355295419774D0,    0000011P   3593
1547.488202296562D0,-60.32828447301763D0,210.5782993026214D0,    0000011P   3594
1550.324170039407D0,-59.59697875273287D0,211.0243079245472D0,    0000011P   3595
1553.195886872571D0,-58.85569722388834D0,211.4721040235415D0,    0000011P   3596
1556.031356714799D0,-58.12145486839713D0,211.9186393436502D0,    0000011P   3597
1558.87246099813D0,-57.38190588368403D0,212.3632540093067D0,     0000011P   3598
1561.718187667236D0,-56.64456379744426D0,212.8104900689439D0,    0000011P   3599
1564.575423831805D0,-55.90113140472172D0,213.2555440433687D0,    0000011P   3600
1567.420238155014D0,-55.16418298057754D0,213.7018709567779D0,    0000011P   3601
1570.263813554736D0,-54.42497964674259D0,214.1451811180982D0,    0000011P   3602
1573.116556809168D0,-53.68390172370524D0,214.5873949347301D0,    0000011P   3603
1575.959147861029D0,-52.94817112371926D0,215.0291820976858D0,    0000011P   3604
1578.807860621407D0,-52.21062544178839D0,215.468385063976D0,     0000011P   3605
1581.654811996398D0,-51.47465733797654D0,215.9053269794667D0,    0000011P   3606
1584.509975839401D0,-50.73809053855757D0,216.340073344369D0,     0000011P   3607
1587.372098225277D0,-50.00464356035765D0,216.7746288021831D0,    0000011P   3608
1590.223536735956D0,-49.27139767131151D0,217.2026219077033D0,    0000011P   3609
1593.079702769058D0,-48.54463154861271D0,217.6317609915123D0,    0000011P   3610
1595.942439845093D0,-47.81255547930482D0,218.0521966528194D0,    0000011P   3611
1598.794941091961D0,-47.09165648889748D0,218.4772809440852D0,    0000011P   3612
1601.663833591547D0,-46.36720901568945D0,218.8845665963317D0,    0000011P   3613
1604.501619214671D0,-45.64858193219764D0,219.3958342432485D0,    0000011P   3614
1607.348651313396D0,-44.93058167181405D0,219.9009638026807D0,    0000011P   3615
1610.187795270012D0,-44.21776138336069D0,220.4106619461777D0,    0000011P   3616
1613.04174694715D0,-43.50777860716904D0,220.925377024492D0,      0000011P   3617
1615.890703174362D0,-42.79905309536178D0,221.4376524749644D0,    0000011P   3618
1618.725040652723D0,-42.10377623401531D0,221.9577377980566D0,    0000011P   3619
1621.597521322126D0,-41.38613533671206D0,222.4610642425009D0,    0000011P   3620
1625.715267144018D0,-40.45183629573156D0,223.3140955126473D0,    0000011P   3621
1632.896086050076D0,-38.06372253365399D0,223.6517094423592D0,    0000011P   3622
1641.106747880823D0,-35.64957315599975D0,224.4205000988216D0,    0000011P   3623
1649.538455847728D0,-33.10202229274929D0,225.054011831112D0,     0000011P   3624
1657.924178127191D0,-30.61728912028804D0,225.6931091274757D0,    0000011P   3625
1666.35085837219D0,-28.13560475853059D0,226.2958316395269D0,     0000011P   3626
1674.768798646365D0,-25.68392410321307D0,226.8759581764929D0,    0000011P   3627
1683.226881242365D0,-23.24802485922223D0,227.4350530739963D0,    0000011P   3628
1691.684974968081D0,-20.83838742298631D0,227.9732880127459D0,    0000011P   3629
1700.189193320507D0,-18.44231756211145D0,228.4965626981013D0,    0000011P   3630
1708.652141838141D0,-16.07916440386933D0,228.9972939639682D0,    0000011P   3631
1717.156955674755D0,-13.72851915766191D0,229.4875845906321D0,    0000011P   3632
1725.657964089953D0,-11.40143509418104D0,229.9680776517366D0,    0000011P   3633
1734.159017681803D0,-9.091981937469708D0,230.4353338057933D0,    0000011P   3634
1742.716278258265D0,-6.785682070919213D0,230.9009048803664D0,    0000011P   3635
1751.193504482471D0,-4.516070235396986D0,231.3550552625113D0,    0000011P   3636
1759.702414242891D0,-2.254246960157706D0,231.8168250746688D0,    0000011P   3637
1765.37945542085D0,-0.7498499866868577D0,232.1219085218538D0,    0000011P   3638
1768.214933913055D0,-2.579523518045027D-14,232.275822351478D0,   0000011P   3639
-256.5688992386723D0,-86.3959335978916D0,260.0899836593373D0,    0000011P   3640
-242.3091075175811D0,-89.13375665357022D0,257.813820005537D0,    0000011P   3641
-213.8052496981672D0,-94.58597972092647D0,253.0866901066169D0,   0000011P   3642
-171.0521644300392D0,-102.7303259863241D0,245.5789350296998D0,   0000011P   3643
-128.2898445837532D0,-110.8257908721121D0,237.7124476289549D0,   0000011P   3644
-85.51066381179528D0,-118.8602948506702D0,229.6525097548897D0,   0000011P   3645
-42.7926982686305D0,-126.7197613956478D0,221.4611640914148D0,    0000011P   3646
-0.0711518785076212D0,-134.4132678942035D0,213.2700816591613D0,  0000011P   3647
42.65018905911511D0,-141.8610021848578D0,205.1060631324455D0,    0000011P   3648
85.38671911997054D0,-149.0510997532012D0,197.0890495996923D0,    0000011P   3649
128.1173899976929D0,-155.9410194644244D0,189.2963204148244D0,    0000011P   3650
166.1171468621702D0,-161.7621376706564D0,182.6402432902211D0,    0000011P   3651
199.3680018454791D0,-166.6137609288874D0,177.0765123092192D0,    0000011P   3652
227.86396297661D0,-170.579350403586D0,172.4831174011997D0,       0000011P   3653
256.3638399298434D0,-174.3278091001774D0,168.0623814567413D0,    0000011P   3654
284.8511453067438D0,-177.8473845077996D0,163.8443275774059D0,    0000011P   3655
313.3504736910762D0,-181.1318531932461D0,159.8551122693196D0,    0000011P   3656
341.8599435338825D0,-184.1833355529455D0,156.1436449630897D0,    0000011P   3657
370.3711689084305D0,-187.0132346212633D0,152.7558153320466D0,    0000011P   3658
398.8624115492617D0,-189.5939638686703D0,149.6618409070508D0,    0000011P   3659
432.113398357091D0,-192.295729901079D0,146.3797459827178D0,      0000011P   3660
470.12980924108D0,-194.9215988679613D0,143.0781378654088D0,      0000011P   3661
508.1339469873291D0,-196.9539646095447D0,140.2823237801711D0,    0000011P   3662
541.4020166448939D0,-198.285892116772D0,138.2118221042473D0,     0000011P   3663
569.9099981368179D0,-199.1099050888645D0,136.6894444799479D0,    0000011P   3664
603.1543737505841D0,-199.6917338784277D0,135.2102235816723D0,    0000011P   3665
641.1724334310642D0,-199.7999631349473D0,133.946659341741D0,     0000011P   3666
679.1704455231525D0,-199.2076782625574D0,133.1913394726759D0,    0000011P   3667
712.4371278094242D0,-198.1525013150217D0,132.9072937259217D0,    0000011P   3668
740.9222978841298D0,-196.8941031150742D0,132.915384727237D0,     0000011P   3669
774.1969598991514D0,-195.0251469107565D0,133.214549271343D0,     0000011P   3670
812.1850955657421D0,-192.3352264336347D0,133.9712106936634D0,    0000011P   3671
854.9626331462951D0,-188.5976891141814D0,135.313742627606D0,     0000011P   3672
897.6987682922371D0,-184.1762302253522D0,137.0843093384873D0,    0000011P   3673
940.4728357006384D0,-179.1222884103266D0,139.2700606270513D0,    0000011P   3674
983.2103487146773D0,-173.4757541377354D0,141.8534393547139D0,    0000011P   3675
1025.978777453436D0,-167.2854202779093D0,144.8111160572804D0,    0000011P   3676
1068.726804090042D0,-160.5823428479068D0,148.1107959692798D0,    0000011P   3677
1106.723760236401D0,-154.2217641818217D0,151.3427712607881D0,    0000011P   3678
1139.964746062121D0,-148.3803328461193D0,154.3749885601108D0,    0000011P   3679
1168.465335877484D0,-143.1873603588192D0,157.1002126299402D0,    0000011P   3680
1201.729547504607D0,-136.9220040298822D0,160.4187878182832D0,    0000011P   3681
1239.731803044675D0,-129.4545087948081D0,164.3828530077325D0,    0000011P   3682
1282.496668751217D0,-120.6936842410036D0,169.1532899491105D0,    0000011P   3683
1325.238927288515D0,-111.6047750278281D0,174.292853603978D0,     0000011P   3684
1363.245072003324D0,-103.2204799880497D0,179.1315635058099D0,    0000011P   3685
1396.459828382988D0,-95.66211319492534D0,183.5102986173095D0,    0000011P   3686
1424.96167553844D0,-89.04829510327467D0,187.3778529295437D0,     0000011P   3687
1453.475142259194D0,-82.34106140259679D0,191.3763938134931D0,    0000011P   3688
1482.017415051648D0,-75.55970005888605D0,195.5182250847769D0,    0000011P   3689
1510.543215405415D0,-68.64630954979252D0,199.8156181658561D0,    0000011P   3690
1530.433046925126D0,-63.67766124182197D0,202.92975006493D0,      0000011P   3691
1541.78913134852D0,-60.78663609454834D0,204.7476959433547D0,     0000011P   3692
1544.634978024731D0,-60.06338670738476D0,205.2087167855082D0,    0000011P   3693
1547.487749771893D0,-59.33019841938542D0,205.6668318628541D0,    0000011P   3694
1550.324160383357D0,-58.60364687995494D0,206.1282422495255D0,    0000011P   3695
1553.195622577388D0,-57.86731039376939D0,206.5914466944659D0,    0000011P   3696
1556.031364598854D0,-57.13770523953446D0,207.0532856567338D0,    0000011P   3697
1558.871885387962D0,-56.40287663220951D0,207.5130798365594D0,    0000011P   3698
1561.717862983736D0,-55.67012731913744D0,207.9755519321724D0,    0000011P   3699
1564.57442785971D0,-54.93142842812042D0,208.4357196708066D0,     0000011P   3700
1567.419650936353D0,-54.19899009788647D0,208.8971769178308D0,    0000011P   3701
1570.263020178118D0,-53.46435516696452D0,209.3554749496801D0,    0000011P   3702
1573.11538116361D0,-52.72790933328476D0,209.8126139912042D0,     0000011P   3703
1575.958319657624D0,-51.99667256558013D0,210.2692954463884D0,    0000011P   3704
1578.80699147228D0,-51.2637164037351D0,210.7232847454472D0,      0000011P   3705
1581.653956952144D0,-50.53234760223795D0,211.1749234185598D0,    0000011P   3706
1584.509008132435D0,-49.80047273735627D0,211.6242854408027D0,    0000011P   3707
1587.371664000327D0,-49.07171454589324D0,212.0734585129756D0,    0000011P   3708
1590.22286493859D0,-48.34325964451491D0,212.5158320899141D0,     0000011P   3709
1593.080034569839D0,-47.62121334977465D0,212.9594169320806D0,    0000011P   3710
1595.942270715977D0,-46.89416011505006D0,213.3939907712032D0,    0000011P   3711
1598.795931021637D0,-46.17810426132226D0,213.8334251558482D0,    0000011P   3712
1601.665164638182D0,-45.45878335833756D0,214.2544154161649D0,    0000011P   3713
1604.502788213507D0,-44.74529927569014D0,214.7834320119957D0,    0000011P   3714
1607.349440037285D0,-44.03263272988338D0,215.3061254290366D0,    0000011P   3715
1610.18833897834D0,-43.32521579783763D0,215.8336200895232D0,     0000011P   3716
1613.042453824703D0,-42.62079390581579D0,216.366387544094D0,     0000011P   3717
1615.890802566139D0,-41.91785159454492D0,216.8966903948447D0,    0000011P   3718
1618.726174624718D0,-41.22822771646479D0,217.4351783094194D0,    0000011P   3719
1621.594987234923D0,-40.51721172038465D0,217.956343540205D0,     0000011P   3720
1625.731174925799D0,-39.58906532153358D0,218.8400393776576D0,    0000011P   3721
1632.732379754447D0,-37.24495037186436D0,219.188105081428D0,     0000011P   3722
1640.817356726519D0,-34.87050112297423D0,219.983855173197D0,     0000011P   3723
1649.097211789367D0,-32.36861593179591D0,220.639659076814D0,     0000011P   3724
1657.340138447802D0,-29.92951377237183D0,221.301780059504D0,     0000011P   3725
1665.621961005383D0,-27.49518277610604D0,221.9266248273752D0,    0000011P   3726
1673.89675056322D0,-25.0917068570174D0,222.5284830579034D0,      0000011P   3727
1682.211682643803D0,-22.7052405319375D0,223.1089601675132D0,     0000011P   3728
1690.527497715028D0,-20.34589244282907D0,223.6682153540648D0,    0000011P   3729
1698.88936961533D0,-18.00129886431222D0,224.2123561487097D0,     0000011P   3730
1707.2110655623D0,-15.6901684197736D0,224.7334886391665D0,       0000011P   3731
1715.574517126882D0,-13.39265660012018D0,225.2441620113177D0,    0000011P   3732
1723.934996052007D0,-11.11942756175211D0,225.7450249864556D0,    0000011P   3733
1732.29539878803D0,-8.864676567349468D0,226.2324868547742D0,     0000011P   3734
1740.711087780001D0,-6.61431054926341D0,226.7185246589453D0,     0000011P   3735
1749.048353265442D0,-4.400793877397695D0,227.1930092534199D0,    0000011P   3736
1757.417099678497D0,-2.196048655849788D0,227.6756939870875D0,    0000011P   3737
1762.999830669699D0,-0.7303745992937306D0,227.9947934879082D0,   0000011P   3738
1765.788191775429D0,-2.569421694006744D-14,228.1558096980383D0,  0000011P   3739
-256.5688987853181D0,-84.65764663539832D0,257.379599112747D0,    0000011P   3740
-242.3082484037493D0,-87.34222231976239D0,255.0593519287394D0,   0000011P   3741
-213.8032303585958D0,-92.68824408073225D0,250.2288163294979D0,   0000011P   3742
-171.0532914361064D0,-100.6741078091399D0,242.5225909224028D0,   0000011P   3743
-128.2873554623908D0,-108.6134136683488D0,234.4147428697436D0,   0000011P   3744
-85.51191394740154D0,-116.4914329140777D0,226.0816236408643D0,   0000011P   3745
-42.79018688048668D0,-124.1944811249251D0,217.5924504593468D0,   0000011P   3746
-0.07197802426153396D0,-131.7420677031337D0,209.1036935657D0,    0000011P   3747
42.65098249922102D0,-139.067524740217D0,200.6631272116379D0,     0000011P   3748
85.38662306624266D0,-146.1511099991843D0,192.3836786850523D0,    0000011P   3749
128.1169845876258D0,-152.9434793615554D0,184.3340779032387D0,    0000011P   3750
166.1174579103685D0,-158.6790033197848D0,177.4478080963692D0,    0000011P   3751
199.3673844008657D0,-163.4515304018686D0,171.6768274694987D0,    0000011P   3752
227.8629634932852D0,-167.3550916832701D0,166.9168052449278D0,    0000011P   3753
256.3644301295243D0,-171.0558302174532D0,162.3553574554053D0,    0000011P   3754
284.8497867106273D0,-174.550050332987D0,158.0384237099958D0,     0000011P   3755
313.3489674831971D0,-177.8188119877095D0,153.9680143786272D0,    0000011P   3756
341.8605838953336D0,-180.8513843884379D0,150.1699977986626D0,    0000011P   3757
370.370110443823D0,-183.6461867794601D0,146.6673990244119D0,     0000011P   3758
398.8612243690308D0,-186.1796922627704D0,143.4373093689881D0,    0000011P   3759
432.1141545436399D0,-188.8164128593252D0,139.9800408509387D0,    0000011P   3760
470.1279941175386D0,-191.3595827454757D0,136.4670757554929D0,    0000011P   3761
508.1344342670649D0,-193.3305240558988D0,133.4908978508288D0,    0000011P   3762
541.4015036080195D0,-194.6464091986906D0,131.3183991518159D0,    0000011P   3763
569.9095578571022D0,-195.4787717547532D0,129.7416162317249D0,    0000011P   3764
603.1547290310392D0,-196.0916982544172D0,128.2317160985739D0,    0000011P   3765
641.1712817855564D0,-196.2597157281764D0,126.9717567158701D0,    0000011P   3766
679.1709647224358D0,-195.7374670302285D0,126.2278523176723D0,    0000011P   3767
712.4362779001687D0,-194.73740858331D0,125.9317543503299D0,      0000011P   3768
740.921731786941D0,-193.5251584074515D0,125.918686248733D0,      0000011P   3769
774.1973614149346D0,-191.7125473216925D0,126.1856583314438D0,    0000011P   3770
812.1839703044456D0,-189.0959548726748D0,126.902366933228D0,     0000011P   3771
854.9632090903217D0,-185.4570884710946D0,128.2140234493132D0,    0000011P   3772
897.6975896597934D0,-181.1548913182756D0,129.9864145353151D0,    0000011P   3773
940.473417963963D0,-176.2417417306D0,132.2189676129802D0,        0000011P   3774
983.2091982848546D0,-170.7588645459569D0,134.9063617587833D0,    0000011P   3775
1025.97943371335D0,-164.7342768996155D0,137.9855295131602D0,     0000011P   3776
1068.725328306498D0,-158.178730009122D0,141.383872996054D0,      0000011P   3777
1106.724135773185D0,-151.9392969257789D0,144.6860539086013D0,    0000011P   3778
1139.9643817017D0,-146.2018695488505D0,147.7686543208245D0,      0000011P   3779
1168.464267805992D0,-141.0994584118297D0,150.5452850341505D0,    0000011P   3780
1201.73010664456D0,-134.9445106545904D0,153.9522788579998D0,     0000011P   3781
1239.730961528964D0,-127.6153452899043D0,158.0846335684151D0,    0000011P   3782
1282.49690706162D0,-119.0006924393852D0,163.038508040805D0,      0000011P   3783
1325.238818156291D0,-110.0233640241261D0,168.2573787443049D0,    0000011P   3784
1363.24511247783D0,-101.7311729451057D0,173.177152645584D0,      0000011P   3785
1396.459769229026D0,-94.26551034140806D0,177.7101150057314D0,    0000011P   3786
1424.960727859267D0,-87.73452413719036D0,181.7407578669545D0,    0000011P   3787
1453.475056668747D0,-81.1078746817346D0,185.9068701001943D0,     0000011P   3788
1482.018716441536D0,-74.39986315851095D0,190.1940022291249D0,    0000011P   3789
1510.545793398228D0,-67.55296763774358D0,194.6305690707393D0,    0000011P   3790
1530.433878636301D0,-62.62635115584056D0,197.8488104277598D0,    0000011P   3791
1541.788852896202D0,-59.75791627360658D0,199.73202668566D0,      0000011P   3792
1544.635498395268D0,-59.04009444750669D0,200.2097947297143D0,    0000011P   3793
1547.487409950687D0,-58.31253603057225D0,200.6847304008654D0,    0000011P   3794
1550.324306006505D0,-57.5913133327406D0,201.1632544406992D0,     0000011P   3795
1553.195557554228D0,-56.8605324862433D0,201.6437999943084D0,     0000011P   3796
1556.031616564137D0,-56.1362082856531D0,202.1230804987568D0,     0000011P   3797
1558.871598883903D0,-55.40677418253851D0,202.6003814930643D0,    0000011P   3798
1561.717872046196D0,-54.67931936296456D0,203.0805905882504D0,    0000011P   3799
1564.573809287694D0,-53.94608050656622D0,203.5585309809676D0,    0000011P   3800
1567.419483185447D0,-53.21890083481291D0,204.0379196407504D0,    0000011P   3801
1570.262686149787D0,-52.48960212210611D0,204.5141330745343D0,    0000011P   3802
1573.114701959018D0,-51.75857266289232D0,204.9892355876115D0,    0000011P   3803
1575.95802159931D0,-51.03262770145821D0,205.4639445599327D0,     0000011P   3804
1578.806682183108D0,-50.30506994164346D0,205.9359326579089D0,    0000011P   3805
1581.653686892739D0,-49.5791174514352D0,206.4055440590256D0,     0000011P   3806
1584.508645344539D0,-48.85275687616929D0,206.8728454762171D0,    0000011P   3807
1587.371848837289D0,-48.12951239170042D0,207.3399919305751D0,    0000011P   3808
1590.222819953895D0,-47.40667318250045D0,207.8001180399698D0,    0000011P   3809
1593.080993941262D0,-46.69016842355705D0,208.2615212577356D0,    0000011P   3810
1595.942722321978D0,-45.96895395365642D0,208.7135907111123D0,    0000011P   3811
1598.797526656705D0,-45.25854860832562D0,209.1707017077646D0,    0000011P   3812
1601.667077565579D0,-44.545150307833D0,209.6086764399616D0,      0000011P   3813
1604.504505872864D0,-43.83759113792454D0,210.1586594566913D0,    0000011P   3814
1607.350734205136D0,-43.13102331728953D0,210.7020560744936D0,    0000011P   3815
1610.18933431705D0,-42.42975507002115D0,211.2503927292827D0,     0000011P   3816
1613.043547321331D0,-41.73161692738819D0,211.804148434576D0,     0000011P   3817
1615.891211767248D0,-41.03515543779663D0,212.3552892202166D0,    0000011P   3818
1618.727529197167D0,-40.35185413912411D0,212.9148491840239D0,    0000011P   3819
1621.592571539452D0,-39.64810183448122D0,213.4563658450319D0,    0000011P   3820
1625.747027827628D0,-38.7270135717886D0,214.3742274534824D0,     0000011P   3821
1632.568338492247D0,-36.42797683308449D0,214.7367529033026D0,    0000011P   3822
1640.527194744575D0,-34.09435961848507D0,215.5633529476755D0,    0000011P   3823
1648.654676946173D0,-31.63906460863842D0,216.2442743653477D0,    0000011P   3824
1656.754205855336D0,-29.24631948725581D0,216.9312296347979D0,    0000011P   3825
1664.890488351285D0,-26.85987830924255D0,217.5790429489015D0,    0000011P   3826
1673.02136649767D0,-24.5049629189121D0,218.2025652856565D0,      0000011P   3827
1681.192310971906D0,-22.16811355705274D0,218.8034935745628D0,    0000011P   3828
1689.364935826966D0,-19.8590760231735D0,219.3820249629058D0,     0000011P   3829
1697.583477167802D0,-17.56582601092029D0,219.9445252399025D0,    0000011P   3830
1705.762865816176D0,-15.30644055180661D0,220.4828401793579D0,    0000011P   3831
1713.983831685283D0,-13.06164833025622D0,221.0100158050246D0,    0000011P   3832
1722.202590926453D0,-10.84173330038945D0,221.5267569181177D0,    0000011P   3833
1730.421087767406D0,-8.641025175535297D0,222.0293718727871D0,    0000011P   3834
1738.693887215357D0,-6.445824349016599D0,222.5303133590854D0,    0000011P   3835
1746.889813007299D0,-4.287533731785286D0,223.0191091311329D0,    0000011P   3836
1755.11695804812D0,-2.13890591479345D0,223.5162761965415D0,      0000011P   3837
1760.604382072618D0,-0.7112592569944104D0,223.8448639426593D0,   0000011P   3838
1763.34511819857D0,-2.559319869968459D-14,224.0106671807151D0,   0000011P   3839
-256.5688978981479D0,-82.87341643532265D0,254.7937304031477D0,   0000011P   3840
-242.3073889822834D0,-85.48979854648448D0,252.4142177149516D0,   0000011P   3841
-213.8012109300079D0,-90.70400209740541D0,247.4562844793167D0,   0000011P   3842
-171.0544185438399D0,-98.4995952995737D0,239.5271604979437D0,    0000011P   3843
-128.2848664598376D0,-106.2514146269004D0,231.1575409439186D0,   0000011P   3844
-85.51316415357159D0,-113.9606373005094D0,222.5575419289157D0,   0000011P   3845
-42.7876755578329D0,-121.5326759667014D0,213.8264133695126D0,    0000011P   3846
-0.07280424620395856D0,-128.9621049227792D0,205.0966291224103D0, 0000011P   3847
42.6517758642055D0,-136.1598883274512D0,196.3879308798627D0,     0000011P   3848
85.38652694287481D0,-143.117721236733D0,187.8315202282374D0,     0000011P   3849
128.1165791104797D0,-149.7987312381885D0,179.5128378325782D0,    0000011P   3850
166.1177688926289D0,-155.4422760750108D0,172.3959398342115D0,    0000011P   3851
199.3667668915445D0,-160.1351666696031D0,166.4309538732735D0,    0000011P   3852
227.861963946332D0,-163.9702999875002D0,161.5060536059884D0,     0000011P   3853
256.3650202665485D0,-167.6016508120733D0,156.7772417699996D0,    0000011P   3854
284.8484280525879D0,-171.0243843613862D0,152.2878413240053D0,    0000011P   3855
313.3474612139711D0,-174.2253628484733D0,148.0501842952211D0,    0000011P   3856
341.8612241959348D0,-177.1993323647982D0,144.1012060812872D0,    0000011P   3857
370.3690519188621D0,-179.9498409880749D0,140.4747791392749D0,    0000011P   3858
398.86003712893D0,-182.4538727978807D0,137.1474996079432D0,      0000011P   3859
432.1149106708522D0,-185.0736945137805D0,133.6081160444119D0,    0000011P   3860
470.1261789352064D0,-187.6226845872797D0,130.0463521748436D0,    0000011P   3861
508.1349214882022D0,-189.6115708490282D0,127.0349650846405D0,    0000011P   3862
541.4009905122575D0,-190.9385400693425D0,124.8134909360414D0,    0000011P   3863
569.9091175180616D0,-191.7769708329238D0,123.1806831855281D0,    0000011P   3864
603.1550842515815D0,-192.3925424016588D0,121.58746970708D0,      0000011P   3865
641.1701300795579D0,-192.5566744028491D0,120.2043962178121D0,    0000011P   3866
679.1714838587286D0,-192.0408080610385D0,119.3392229046129D0,    0000011P   3867
712.4354279228527D0,-191.0673917034617D0,118.964374835289D0,     0000011P   3868
740.9211656183314D0,-189.8946371133104D0,118.9056492372986D0,    0000011P   3869
774.1977628599786D0,-188.1502726967892D0,119.148567749043D0,     0000011P   3870
812.1828449847061D0,-185.6472200178153D0,119.885145046459D0,     0000011P   3871
854.9637849697109D0,-182.1571520590354D0,121.2445928319898D0,    0000011P   3872
897.6964109008078D0,-177.9981043820949D0,123.0518444740076D0,    0000011P   3873
940.4740001156481D0,-173.2171330353008D0,125.2892446525358D0,    0000011P   3874
983.208047968258D0,-167.8504780530628D0,127.9341798089231D0,     0000011P   3875
1025.980090029356D0,-161.9544977373587D0,131.0035443679889D0,    0000011P   3876
1068.723851744908D0,-155.5691049129329D0,134.5050415096732D0,    0000011P   3877
1106.724510746794D0,-149.4906826041212D0,137.9295182177661D0,    0000011P   3878
1139.964018871967D0,-143.882043044324D0,141.0898736433034D0,     0000011P   3879
1168.463202311142D0,-138.886651128784D0,143.931728297875D0,      0000011P   3880
1201.730666296591D0,-132.8582366276498D0,147.4353448768206D0,    0000011P   3881
1239.730110001498D0,-125.6850118271434D0,151.7388193363117D0,    0000011P   3882
1282.497138565336D0,-117.2358462011948D0,156.884529558013D0,     0000011P   3883
1325.238746748399D0,-108.3894971425852D0,162.2104719120405D0,    0000011P   3884
1363.245180091819D0,-100.2057502148899D0,167.2413838953657D0,    0000011P   3885
1396.459627463296D0,-92.84569201121455D0,171.9500971587916D0,    0000011P   3886
1424.959643108238D0,-86.40683570755903D0,176.156435601036D0,     0000011P   3887
1453.474928421353D0,-79.86749651454835D0,180.4943074455981D0,    0000011P   3888
1482.020328753568D0,-73.23616797326363D0,184.9199022004298D0,    0000011P   3889
1510.548887024259D0,-66.45685460636875D0,189.4820103283132D0,    0000011P   3890
1530.434978059687D0,-61.57227038657091D0,192.7930674221055D0,    0000011P   3891
1541.788486929759D0,-58.72644316953346D0,194.7354897896454D0,    0000011P   3892
1544.635833565866D0,-58.01405408231249D0,195.2284995908619D0,    0000011P   3893
1547.486780500989D0,-57.29213152159003D0,195.7187735682558D0,    0000011P   3894
1550.324052376623D0,-56.5762444662794D0,196.2129545975352D0,     0000011P   3895
1553.19498000426D0,-55.85102688461092D0,196.7094126866121D0,     0000011P   3896
1556.031240626348D0,-55.13199209546764D0,197.2047367172257D0,    0000011P   3897
1558.870568544773D0,-54.40796179547048D0,197.6981795338552D0,    0000011P   3898
1561.7170223326D0,-53.68581161784991D0,198.1947961269794D0,      0000011P   3899
1564.572219536403D0,-52.9580438025169D0,198.6892176293404D0,     0000011P   3900
1567.418235936565D0,-52.23613466212554D0,199.1852865813071D0,    0000011P   3901
1570.261169936045D0,-51.51218491539314D0,199.6782071869863D0,    0000011P   3902
1573.112745059599D0,-50.78658546172576D0,200.1701102987817D0,    0000011P   3903
1575.95635906152D0,-50.06594682940701D0,200.6617317392798D0,     0000011P   3904
1578.804931901329D0,-49.34380289467511D0,201.1506538777579D0,    0000011P   3905
1581.651911145868D0,-48.62328304745928D0,201.6372260056773D0,    0000011P   3906
1584.506725539338D0,-47.90245401060689D0,202.1215100405004D0,    0000011P   3907
1587.370440238881D0,-47.18474140746741D0,202.6057307902807D0,    0000011P   3908
1590.221161574285D0,-46.46753699876176D0,203.0827705025926D0,    0000011P   3909
1593.080337963497D0,-45.7565938263552D0,203.5612157903126D0,     0000011P   3910
1595.941576176544D0,-45.04123912288576D0,204.030069642862D0,     0000011P   3911
1598.797563236862D0,-44.33650624686969D0,204.5042135936737D0,    0000011P   3912
1601.667492780117D0,-43.62905347754067D0,204.9585991638066D0,    0000011P   3913
1604.504811353687D0,-42.92744312523973D0,205.5290474580641D0,    0000011P   3914
1607.350727467807D0,-42.22699891928529D0,206.0927210904999D0,    0000011P   3915
1610.189167309709D0,-41.53190523938667D0,206.6615509773767D0,    0000011P   3916
1613.043645863565D0,-40.84007773026183D0,207.2360260617604D0,    0000011P   3917
1615.890823784901D0,-40.15012495643885D0,207.8078182679115D0,    0000011P   3918
1618.728316283125D0,-39.47317514967655D0,208.3883485904947D0,    0000011P   3919
1621.589851527236D0,-38.77671647583008D0,208.950202281861D0,     0000011P   3920
1625.763022557969D0,-37.86273269300546D0,209.902342409649D0,     0000011P   3921
1632.405160235778D0,-35.60883950526663D0,210.2797982435322D0,    0000011P   3922
1640.239018041513D0,-33.31614237403183D0,211.1383993113147D0,    0000011P   3923
1648.215466190882D0,-30.9075320042219D0,211.8461446332316D0,     0000011P   3924
1656.173147738804D0,-28.56124476215889D0,212.5601879940959D0,    0000011P   3925
1664.165647183301D0,-26.22280059919135D0,213.2337631686318D0,    0000011P   3926
1672.154572593703D0,-23.91655926286927D0,213.8822745304396D0,    0000011P   3927
1680.183684845486D0,-21.62944669087955D0,214.507502617176D0,     0000011P   3928
1688.215466619842D0,-19.37084581321951D0,215.1096746206322D0,    0000011P   3929
1696.29321133138D0,-17.12907171550279D0,215.6954066831717D0,     0000011P   3930
1704.333008449169D0,-14.92156981031167D0,216.2562763597668D0,    0000011P   3931
1712.414381271796D0,-12.72964194852869D0,216.8058186071213D0,    0000011P   3932
1720.494485402129D0,-10.56319185493628D0,217.3447864014536D0,    0000011P   3933
1728.574307888393D0,-8.416683666454301D0,217.8693792559506D0,    0000011P   3934
1736.707611343106D0,-6.276811210319237D0,218.3925176031267D0,    0000011P   3935
1744.76574804587D0,-4.173915911473138D0,218.9033781918523D0,     0000011P   3936
1752.854994415461D0,-2.081580820664662D0,219.4232337835426D0,    0000011P   3937
1758.249678033801D0,-0.6920824632531201D0,219.7670770049955D0,   0000011P   3938
1760.944096157409D0,-2.549218045930177D-14,219.9406236769289D0,  0000011P   3939
-256.5688975675719D0,-81.00054137436364D0,252.261290632471D0,    0000011P   3940
-242.3065299665958D0,-83.52854196050888D0,249.8079794554199D0,   0000011P   3941
-213.7991916470833D0,-88.57635498952746D0,244.6992611053515D0,   0000011P   3942
-171.0555455769375D0,-96.16792512881393D0,236.5560275965768D0,   0000011P   3943
-128.2823773779018D0,-103.7773869815238D0,228.0042181443819D0,   0000011P   3944
-85.51441435505475D0,-111.3597251826163D0,219.2072293209276D0,   0000011P   3945
-42.78516424798074D0,-118.7769972268107D0,210.2133667819031D0,   0000011P   3946
-0.07363047589526867D0,-126.0402549151637D0,201.1902796190545D0, 0000011P   3947
42.65256921419504D0,-133.0797464792288D0,192.1891675866509D0,    0000011P   3948
85.3864307934067D0,-139.9016774392399D0,183.3578866789116D0,     0000011P   3949
128.1161736006813D0,-146.4846376698565D0,174.7968950245073D0,    0000011P   3950
166.118079838238D0,-152.0471350307118D0,167.4688585668678D0,     0000011P   3951
199.3661493417888D0,-156.6535741547276D0,161.3048180517447D0,    0000011P   3952
227.8609643559165D0,-160.4147814115302D0,156.2131755399215D0,    0000011P   3953
256.3656103577017D0,-163.9830635929933D0,151.3350721919803D0,    0000011P   3954
284.8470693472862D0,-167.3637761792484D0,146.7284613671457D0,    0000011P   3955
313.345954896631D0,-170.5307685640118D0,142.3867927166815D0,     0000011P   3956
341.8618644476371D0,-173.465637752251D0,138.3291617493436D0,     0000011P   3957
370.3679933438165D0,-176.158658742467D0,134.5717252759151D0,     0000011P   3958
398.8588498374603D0,-178.5997699689718D0,131.10590909733D0,      0000011P   3959
432.115666745433D0,-181.1543454947891D0,127.4138934736455D0,     0000011P   3960
470.1243636996278D0,-183.6608082786946D0,123.7158022967846D0,    0000011P   3961
508.1354086562803D0,-185.6246954319659D0,120.5872144556992D0,    0000011P   3962
541.4004773640456D0,-186.9270011214366D0,118.259036671128D0,     0000011P   3963
569.9086771273486D0,-187.7470617647117D0,116.5349307554927D0,    0000011P   3964
603.1554394215974D0,-188.3497260092398D0,114.8391439100802D0,    0000011P   3965
641.168978324603D0,-188.5188702905585D0,113.3498064347813D0,     0000011P   3966
679.1720029502997D0,-188.0595199647717D0,112.4446436950207D0,    0000011P   3967
712.434577908178D0,-187.1934368088236D0,112.1221572005668D0,     0000011P   3968
740.9205994186544D0,-186.128134334444D0,112.1254068255872D0,     0000011P   3969
774.1981642783275D0,-184.4990758606978D0,112.4108527536736D0,    0000011P   3970
812.1817196348113D0,-182.0731672935752D0,113.0825547246388D0,    0000011P   3971
854.9643608301228D0,-178.66290736697D0,114.3429648493297D0,      0000011P   3972
897.6952321756561D0,-174.64389216474D0,116.152801699419D0,       0000011P   3973
940.4745823040845D0,-170.0335769536736D0,118.4491320540135D0,    0000011P   3974
983.2068975494555D0,-164.8388415330947D0,121.1637787718905D0,    0000011P   3975
1025.980746300688D0,-159.1119604202832D0,124.2973973803058D0,    0000011P   3976
1068.722375733094D0,-152.8893156031687D0,127.8410810394569D0,    0000011P   3977
1106.724886141865D0,-146.9621515926418D0,131.3263265574286D0,    0000011P   3978
1139.963655040465D0,-141.5003708741012D0,134.5879713025355D0,    0000011P   3979
1168.462135112593D0,-136.6306916346346D0,137.521941120871D0,     0000011P   3980
1201.731225692351D0,-130.7367034157632D0,141.1070171835303D0,    0000011P   3981
1239.729265502541D0,-123.683146010603D0,145.4195564228228D0,     0000011P   3982
1282.497374931185D0,-115.371601767479D0,150.6284764206206D0,     0000011P   3983
1325.238649563018D0,-106.7160246428613D0,156.2378016046967D0,    0000011P   3984
1363.245229274484D0,-98.69442100875953D0,161.5301017260876D0,    0000011P   3985
1396.459542954048D0,-91.43040595543593D0,166.3370830804255D0,    0000011P   3986
1424.958653175932D0,-85.05864019404619D0,170.5947075725402D0,    0000011P   3987
1453.474829924136D0,-78.58686255609268D0,175.008022020029D0,     0000011P   3988
1482.021727091003D0,-72.04004997889797D0,179.5905589116831D0,    0000011P   3989
1510.551625515459D0,-65.34885804547086D0,184.3489210787372D0,    0000011P   3990
1530.435893142974D0,-60.5190627300976D0,187.794645405683D0,      0000011P   3991
1541.788181398295D0,-57.69931703974804D0,189.8038759108127D0,    0000011P   3992
1544.63629648445D0,-56.99306686274404D0,190.3133232182898D0,     0000011P   3993
1547.486350759127D0,-56.2773263819354D0,190.8194493803642D0,     0000011P   3994
1550.32407399525D0,-55.56716935884893D0,191.3291549148383D0,     0000011P   3995
1553.194755758281D0,-54.84776571135122D0,191.8407822004145D0,    0000011P   3996
1556.031297496813D0,-54.13413539627317D0,192.3508310714789D0,    0000011P   3997
1558.870050900928D0,-53.4154964689256D0,192.8585571859417D0,     0000011P   3998
1561.716764518067D0,-52.6985191233419D0,193.3692184217126D0,     0000011P   3999
1564.571299138678D0,-51.97597927334666D0,193.8772893555941D0,    0000011P   4000
1567.417732680458D0,-51.25899443641607D0,194.386773606762D0,     0000011P   4001
1570.260468472974D0,-50.53995238922083D0,194.8927385844648D0,    0000011P   4002
1573.111668721416D0,-49.81925474976408D0,195.3974171961901D0,    0000011P   4003
1575.955636882178D0,-49.10331544396392D0,195.9015992151313D0,    0000011P   4004
1578.804174695838D0,-48.38590763409456D0,196.4028122214033D0,    0000011P   4005
1581.651173047733D0,-47.67008014566484D0,196.9014461284152D0,    0000011P   4006
1584.505878743911D0,-46.95398789267122D0,197.3975935661285D0,    0000011P   4007
1587.370129733852D0,-46.24096605959542D0,197.8935846375304D0,    0000011P   4008
1590.220615028209D0,-45.52851709704495D0,198.3820847278707D0,    0000011P   4009
1593.080795149952D0,-44.8222260274002D0,198.8720051175395D0,     0000011P   4010
1595.941531050523D0,-44.11179959078851D0,199.3519981661113D0,    0000011P   4011
1598.79867415012D0,-43.41179378235287D0,199.8374871407586D0,     0000011P   4012
1601.66894003391D0,-42.7093353539298D0,200.3025883993015D0,      0000011P   4013
1604.506089906373D0,-42.01272495409288D0,200.8878351103304D0,    0000011P   4014
1607.351617095378D0,-41.31746593642724D0,201.4661826933842D0,    0000011P   4015
1610.189801154718D0,-40.62762694989579D0,202.0500020530454D0,    0000011P   4016
1613.044429873992D0,-39.94121686630319D0,202.6398275699004D0,    0000011P   4017
1615.89098494896D0,-39.2569143799372D0,203.2270725705984D0,      0000011P   4018
1618.729494190055D0,-38.58550053007528D0,203.8235804546207D0,    0000011P   4019
1621.587340940891D0,-37.89557095895469D0,204.4010197156069D0,    0000011P   4020
1625.778919202834D0,-36.98763623840748D0,205.3807435251281D0,    0000011P   4021
1632.241386820378D0,-34.77771482783582D0,205.7653001787767D0,    0000011P   4022
1639.949472659858D0,-32.52486455549791D0,206.6479433788086D0,    0000011P   4023
1647.773963999412D0,-30.16222996940747D0,207.3762604827907D0,    0000011P   4024
1655.58872960685D0,-27.8620301167818D0,208.1127327897308D0,      0000011P   4025
1663.436235015259D0,-25.57152484369714D0,208.8088898640614D0,    0000011P   4026
1671.281857715917D0,-23.3141857992245D0,209.4805756828465D0,     0000011P   4027
1679.167652198624D0,-21.07729861623384D0,210.1295405997591D0,    0000011P   4028
1687.056973189059D0,-18.86985735349525D0,210.755928058957D0,     0000011P   4029
1694.992174827753D0,-16.68049048687455D0,211.3664907638101D0,    0000011P   4030
1702.890508647347D0,-14.52598580830728D0,211.9524242583186D0,    0000011P   4031
1710.830294748082D0,-12.38819233341921D0,212.5276386399977D0,    0000011P   4032
1718.769631600636D0,-10.27660755593935D0,213.0928212679296D0,    0000011P   4033
1726.70855249D0,-8.185804034662892D0,213.6439490221983D0,        0000011P   4034
1734.700021050262D0,-6.102843029024418D0,214.1942962856406D0,    0000011P   4035
1742.6179215199D0,-4.056978476240567D0,214.7325750097369D0,      0000011P   4036
1750.566717247841D0,-2.022597885141034D0,215.2806999175664D0,    0000011P   4037
1755.866891539607D0,-0.6723559065560524D0,215.6435949269429D0,   0000011P   4038
1758.514090868339D0,-2.539116221891893D-14,215.8267831701956D0,  0000011P   4039
-256.5688989203769D0,-78.99205578641825D0,249.7368034480915D0,   0000011P   4040
-242.3056721767433D0,-81.46644977476149D0,247.260627687219D0,    0000011P   4041
-213.7971727983656D0,-86.40434808353544D0,242.0862742466921D0,   0000011P   4042
-171.0566723644183D0,-93.81713325060171D0,233.7802188605614D0,   0000011P   4043
-128.2798880164481D0,-101.2296350727076D0,224.9946350921937D0,   0000011P   4044
-85.51566447687807D0,-108.6113717368718D0,215.9250483246678D0,   0000011P   4045
-42.78265287830701D0,-115.8421066130573D0,206.6480781996376D0,   0000011P   4046
-0.07445659933672638D0,-122.9455204856887D0,197.3589867659727D0, 0000011P   4047
42.65336266879751D0,-129.8671808768982D0,188.1326975553236D0,    0000011P   4048
85.38633472966311D0,-136.5754187945258D0,179.0675101765382D0,    0000011P   4049
128.1157681712133D0,-143.0121532530139D0,170.2130297769299D0,    0000011P   4050
166.1183908647699D0,-148.4384478038198D0,162.6132080771506D0,    0000011P   4051
199.3655318726133D0,-152.9374888461767D0,156.2342546606001D0,    0000011P   4052
227.85996484525D0,-156.6141184194248D0,150.9705579080025D0,      0000011P   4053
256.3662005272872D0,-160.104654728881D0,145.9290525948636D0,     0000011P   4054
284.8457107186665D0,-163.4134329607413D0,141.1654296502629D0,    0000011P   4055
313.3444486541446D0,-166.516227579726D0,136.6780697260288D0,     0000011P   4056
341.8625047726381D0,-169.3962839095641D0,132.4918134323528D0,    0000011P   4057
370.366934841136D0,-172.0452129786569D0,128.628391516929D0,      0000011P   4058
398.8576626178684D0,-174.4497160704315D0,125.0692537488363D0,    0000011P   4059
432.1164228916431D0,-176.9661515978926D0,121.2723254837876D0,    0000011P   4060
470.1225485355673D0,-179.4295528662571D0,117.4448462219782D0,    0000011P   4061
508.1358958961669D0,-181.3750644541167D0,114.2153431706564D0,    0000011P   4062
541.3999642883309D0,-182.6962665311674D0,111.8496265541501D0,    0000011P   4063
569.9082368100806D0,-183.5479511635925D0,110.1123103320839D0,    0000011P   4064
603.1557946666538D0,-184.1955265913896D0,108.4052496358046D0,    0000011P   4065
641.1678266473111D0,-184.4132694610151D0,106.8832875567925D0,    0000011P   4066
679.1725221227111D0,-183.9905479964878D0,105.9016386112243D0,    0000011P   4067
712.4337279772342D0,-183.1415165351351D0,105.4658522704359D0,    0000011P   4068
740.9200333046873D0,-182.0946125791567D0,105.3659160617835D0,    0000011P   4069
774.1985657834453D0,-180.5079593265513D0,105.553980889414D0,     0000011P   4070
812.1805943701507D0,-178.1840409829629D0,106.1905991625802D0,    0000011P   4071
854.9649367863049D0,-174.9263024590179D0,107.4595981547206D0,    0000011P   4072
897.6940535850865D0,-171.0633145857066D0,109.27139426243D0,      0000011P   4073
940.475164627015D0,-166.6215817523178D0,111.5874450168397D0,     0000011P   4074
983.2057471586511D0,-161.6174168975981D0,114.3639723560122D0,    0000011P   4075
1025.981402645946D0,-156.087861941474D0,117.5743100357687D0,     0000011P   4076
1068.720900253971D0,-150.0545237419661D0,121.1818026796786D0,    0000011P   4077
1106.725261989209D0,-144.2913233880611D0,124.7196423425035D0,    0000011P   4078
1139.963290607354D0,-138.9726420640912D0,128.0293736763245D0,    0000011P   4079
1168.461066798311D0,-134.226523949251D0,131.0147063148334D0,     0000011P   4080
1201.731785074218D0,-128.4789244576559D0,134.6821023542788D0,    0000011P   4081
1239.728426476108D0,-121.5984092178032D0,139.1353952915974D0,    0000011P   4082
1282.497615119636D0,-113.4688068459349D0,144.4976858456683D0,    0000011P   4083
1325.238533087546D0,-104.9626468104779D0,150.1861056238178D0,    0000011P   4084
1363.245264590742D0,-97.06936182894751D0,155.5809699092905D0,    0000011P   4085
1396.459501386892D0,-89.93212665950958D0,160.573227616028D0,     0000011P   4086
1424.957734334165D0,-83.67060470341662D0,165.0187622360922D0,    0000011P   4087
1453.474753491579D0,-77.301547108308D0,169.6124034820258D0,      0000011P   4088
1482.022964130993D0,-70.84143660358143D0,174.3305686227804D0,    0000011P   4089
1510.55409653647D0,-64.22554912250961D0,179.2111042293958D0,     0000011P   4090
1530.436669255481D0,-59.44376110418563D0,182.7545668634006D0,    0000011P   4091
1541.787921036627D0,-56.65090743052101D0,184.8305200064909D0,    0000011P   4092
1544.636855211042D0,-55.95120473077539D0,185.357300801473D0,     0000011P   4093
1547.486070958905D0,-55.24224797066189D0,185.8810405808648D0,    0000011P   4094
1550.324302382627D0,-54.53860416907874D0,186.4088454578578D0,    0000011P   4095
1553.194796999694D0,-53.8259676682867D0,186.9389781352408D0,     0000011P   4096
1556.031679662906D0,-53.11885353782244D0,187.4677973533419D0,    0000011P   4097
1558.869918648594D0,-52.40686466644461D0,187.9945095367977D0,    0000011P   4098
1561.716951676633D0,-51.69645428374744D0,188.5245234042443D0,    0000011P   4099
1564.570881979405D0,-50.98066045222699D0,189.0521049298403D0,    0000011P   4100
1567.417788809976D0,-50.27023036893952D0,189.5813667648633D0,    0000011P   4101
1570.26037962258D0,-49.55782734326701D0,190.1071874769995D0,     0000011P   4102
1573.111254500895D0,-48.84385218656759D0,190.6318499821155D0,    0000011P   4103
1575.955621801475D0,-48.13451069715176D0,191.1561459573071D0,    0000011P   4104
1578.804164244014D0,-47.42380379808766D0,191.6774961468224D0,    0000011P   4105
1581.651215230399D0,-46.71468822522168D0,192.1962790393134D0,    0000011P   4106
1584.505838826583D0,-46.0053955584572D0,192.7125659305365D0,     0000011P   4107
1587.37064497244D0,-45.29915901816617D0,193.2287401717077D0,     0000011P   4108
1590.220904557547D0,-44.59358021960059D0,193.7371982390478D0,    0000011P   4109
1593.082089407953D0,-43.89406464041386D0,194.247124033756D0,     0000011P   4110
1595.942313854575D0,-43.19068700298058D0,194.7467672388552D0,    0000011P   4111
1598.800592912424D0,-42.4975144138284D0,195.2520408085532D0,     0000011P   4112
1601.671163314233D0,-41.80213057215456D0,195.7361738907266D0,    0000011P   4113
1604.508100119637D0,-41.11256293952313D0,196.3443596710481D0,    0000011P   4114
1607.353180672195D0,-40.42448296854382D0,196.9452943278375D0,    0000011P   4115
1610.191037090322D0,-39.7418320521911D0,197.5517367072927D0,     0000011P   4116
1613.045729167098D0,-39.0627007641142D0,198.1642145808154D0,     0000011P   4117
1615.891558836577D0,-38.38582640311849D0,198.7738306307394D0,    0000011P   4118
1618.730965708272D0,-37.72163129075797D0,199.392798614658D0,     0000011P   4119
1621.58498749847D0,-37.03980702040994D0,199.9918182207948D0,     0000011P   4120
1625.794741645472D0,-36.14010292969142D0,201.0072873307128D0,    0000011P   4121
1632.077165248169D0,-33.97660783741966D0,201.4077562427924D0,    0000011P   4122
1639.658897196354D0,-31.76590438475684D0,202.3219489440095D0,    0000011P   4123
1647.330737530862D0,-29.45081661457956D0,203.075013507319D0,     0000011P   4124
1655.001783302371D0,-27.19758318986041D0,203.8349255396213D0,    0000011P   4125
1662.703383649014D0,-24.9552407862634D0,204.5516771887559D0,     0000011P   4126
1670.404688053997D0,-22.74640988924056D0,205.2417188289477D0,    0000011P   4127
1678.146047191426D0,-20.55877276170498D0,205.9069374235849D0,    0000011P   4128
1685.891690401443D0,-18.40097152605955D0,206.5475594628892D0,    0000011P   4129
1693.683035120482D0,-16.26198498328233D0,207.1706410049357D0,    0000011P   4130
1701.438497514738D0,-14.15798023952213D0,207.76716237645D0,      0000011P   4131
1709.23519705609D0,-12.07139041000803D0,208.351575609457D0,      0000011P   4132
1717.032177652999D0,-10.01134369227564D0,208.9246692396008D0,    0000011P   4133
1724.828521397205D0,-7.972558001855528D0,209.4823643075605D0,    0000011P   4134
1732.676395514348D0,-5.942498965240426D0,210.0384559401932D0,    0000011P   4135
1740.452218771759D0,-3.9493699667816D0,210.5813580852878D0,      0000011P   4136
1748.258644018496D0,-1.968399908249824D0,211.1337942212851D0,    0000011P   4137
1753.462978230339D0,-0.6542437700346662D0,211.499104573337D0,    0000011P   4138
1756.062281100772D0,-2.52901439785361D-14,211.6834778675847D0,   0000011P   4139
-256.5689022478995D0,-76.96558897401351D0,247.3678719470995D0,   0000011P   4140
-242.3048157989692D0,-79.35581345645187D0,244.8380511311932D0,   0000011P   4141
-213.7951543873651D0,-84.13171190031838D0,239.5476945935503D0,   0000011P   4142
-171.0577987427124D0,-91.31374223691086D0,231.037120453589D0,    0000011P   4143
-128.2773981767374D0,-98.50255929227859D0,222.0102560672003D0,   0000011P   4144
-85.51691434293355D0,-105.6850890854623D0,212.6939480060839D0,   0000011P   4145
-42.78014127879054D0,-112.761755818408D0,203.1923659805683D0,    0000011P   4146
-0.07528244584098459D0,-119.722401076209D0,193.6721075938598D0,  0000011P   4147
42.65415639627869D0,-126.4813182179238D0,184.1753910216558D0,    0000011P   4148
85.38623891634587D0,-133.0298658228835D0,174.8318063001129D0,    0000011P   4149
128.1153629840103D0,-139.3339505213037D0,165.7206380134391D0,    0000011P   4150
166.1187021303652D0,-144.6682255608599D0,157.9215387347601D0,    0000011P   4151
199.3649146363862D0,-149.1068616333953D0,151.3966550781436D0,    0000011P   4152
227.8589655614474D0,-152.73803452495D0,146.0172895875661D0,      0000011P   4153
256.3667909182192D0,-156.1820009773022D0,140.8595796989429D0,    0000011P   4154
284.844352307839D0,-159.435379472763D0,135.9705994776114D0,      0000011P   4155
313.3429426274838D0,-162.4754152517727D0,131.3503995000554D0,    0000011P   4156
341.8631453127202D0,-165.2865059056806D0,127.026277436104D0,     0000011P   4157
370.3658765536464D0,-167.8611578537219D0,123.0223532360917D0,    0000011P   4158
398.8564756139687D0,-170.1949127837488D0,119.3286218302601D0,    0000011P   4159
432.1171792540532D0,-172.6427044705287D0,115.3921245547347D0,    0000011P   4160
470.1207335874211D0,-175.0611787130961D0,111.4451102477636D0,    0000011P   4161
508.136383351558D0,-176.9815462493972D0,108.1124597111807D0,     0000011P   4162
541.3994514283331D0,-178.2799473231543D0,105.6467473952825D0,    0000011P   4163
569.9077967094072D0,-179.1175784014746D0,103.8245624404002D0,    0000011P   4164
603.1561501304966D0,-179.7620410447751D0,102.0284699521538D0,    0000011P   4165
641.1666751934854D0,-180.005041915462D0,100.4318149339069D0,     0000011P   4166
679.1730415241026D0,-179.642569973455D0,99.4060558719447D0,      0000011P   4167
712.4328782794141D0,-178.8721685496692D0,98.95294977668424D0,    0000011P   4168
740.9194674285625D0,-177.9044501454079D0,98.84465794568406D0,    0000011P   4169
774.1989675351802D0,-176.4171241847308D0,99.02124919395629D0,    0000011P   4170
812.179469369535D0,-174.2068259963403D0,99.62922784703511D0,     0000011P   4171
854.9655130146019D0,-171.0827959786173D0,100.8582617247966D0,    0000011P   4172
897.6928752415724D0,-167.3654179326157D0,102.6358189314847D0,    0000011P   4173
940.4757472143145D0,-163.0764646783305D0,104.9177792250748D0,    0000011P   4174
983.2045971677546D0,-158.2278555347872D0,107.6547110228885D0,    0000011P   4175
1025.98205935096D0,-152.8717867133691D0,110.8544553679252D0,     0000011P   4176
1068.719424623031D0,-147.0457007743184D0,114.514944182719D0,     0000011P   4177
1106.725637767614D0,-141.4801069939647D0,118.1371082133582D0,    0000011P   4178
1139.962927271833D0,-136.3325718696057D0,121.5332718687302D0,    0000011P   4179
1168.460000136973D0,-131.7300738765899D0,124.5966665987608D0,    0000011P   4180
1201.732344836996D0,-126.1440641622049D0,128.354580846557D0,     0000011P   4181
1239.727581616463D0,-119.4370992152342D0,132.9025005233962D0,    0000011P   4182
1282.497851225397D0,-111.496769965475D0,138.3975327437663D0,     0000011P   4183
1325.2384383147D0,-103.183867466509D0,144.2827545759979D0,       0000011P   4184
1363.24531537489D0,-95.44554116161308D0,149.8374412831153D0,     0000011P   4185
1396.459411421105D0,-88.41644085734347D0,154.9052015221529D0,    0000011P   4186
1424.956735373061D0,-82.23895797292624D0,159.40884332093D0,      0000011P   4187
1453.474651748342D0,-75.95490826386174D0,164.0919083081771D0,    0000011P   4188
1482.024381302339D0,-69.59113480912606D0,168.9688656389926D0,    0000011P   4189
1510.556866564958D0,-63.07255562843348D0,174.0438155690434D0,    0000011P   4190
1530.437600146025D0,-58.35224781486798D0,177.7240263084556D0,    0000011P   4191
1541.78760888452D0,-55.59004991485161D0,179.8709131125635D0,     0000011P   4192
1544.637305343212D0,-54.89766883881025D0,180.4152971028467D0,    0000011P   4193
1547.485621840739D0,-54.19610555890751D0,180.9561743906396D0,    0000011P   4194
1550.324297708377D0,-53.49942900579568D0,181.5009009068399D0,    0000011P   4195
1553.194539315022D0,-52.7938666005123D0,182.0477039006394D0,     0000011P   4196
1556.031695817056D0,-52.09343717968241D0,182.5928452406253D0,    0000011P   4197
1558.869352976446D0,-51.38813711989513D0,183.1355263404772D0,    0000011P   4198
1561.716638584883D0,-50.68421134068814D0,183.6813509818744D0,    0000011P   4199
1564.569899216061D0,-49.97496870761162D0,184.2244207586485D0,    0000011P   4200
1567.417216357797D0,-49.27079475168449D0,184.7690015764955D0,    0000011P   4201
1570.259602488374D0,-48.56463696938266D0,185.3098273838564D0,    0000011P   4202
1573.110096469339D0,-47.85690401980185D0,185.8492753272932D0,    0000011P   4203
1575.954812456791D0,-47.15360222802758D0,186.388183210121D0,     0000011P   4204
1578.803315048916D0,-46.44896893230454D0,186.9239091630381D0,    0000011P   4205
1581.650381063536D0,-45.74587743319929D0,187.4568644722563D0,    0000011P   4206
1584.50489272589D0,-45.04264463090478D0,187.9871433216432D0,     0000011P   4207
1587.370232865629D0,-44.34241043606578D0,188.5172265329607D0,    0000011P   4208
1590.220255150634D0,-43.6428842829614D0,189.0392858957175D0,     0000011P   4209
1593.082443609413D0,-42.94930075890071D0,189.5628221542386D0,    0000011P   4210
1595.942166851741D0,-42.25211122288815D0,190.0757265373121D0,    0000011P   4211
1598.801604386826D0,-41.56490254721866D0,190.5944459084976D0,    0000011P   4212
1601.672514994343D0,-40.87572403283284D0,191.0913664280454D0,    0000011P   4213
1604.509288488466D0,-40.19233860866784D0,191.7163855210274D0,    0000011P   4214
1607.35398712783D0,-39.51059448074061D0,192.3339843468606D0,     0000011P   4215
1610.191596494847D0,-38.83431444041975D0,192.9573539156753D0,    0000011P   4216
1613.046449285462D0,-38.16167941758175D0,193.5870596120056D0,    0000011P   4217
1615.891668571403D0,-37.49149396993214D0,194.2139376961862D0,    0000011P   4218
1618.732106660649D0,-36.83383035568413D0,194.8506165062395D0,    0000011P   4219
1621.582456541537D0,-36.15948477373767D0,195.4668711472897D0,    0000011P   4220
1625.810646034033D0,-35.26717744460112D0,196.5122547524651D0,    0000011P   4221
1631.913445021823D0,-33.14926910933391D0,196.9225826652586D0,    0000011P   4222
1639.369475723989D0,-30.98011873946354D0,197.8636717885891D0,    0000011P   4223
1646.889443613745D0,-28.71241122386207D0,198.6395967054371D0,    0000011P   4224
1654.417671142399D0,-26.50637710661997D0,199.4236856116565D0,    0000011P   4225
1661.974388170887D0,-24.3128021583515D0,200.1642515195544D0,     0000011P   4226
1669.532513292099D0,-22.15342796625228D0,200.878209481578D0,     0000011P   4227
1677.13069048221D0,-20.01630568864109D0,201.5674413518911D0,     0000011P   4228
1684.734020813582D0,-17.90969777691615D0,202.2321149478406D0,    0000011P   4229
1692.382982136311D0,-15.82290562253031D0,202.8794479632673D0,    0000011P   4230
1699.997152367906D0,-13.77144791120821D0,203.5000637886833D0,    0000011P   4231
1707.652447469636D0,-11.73831412314476D0,204.1088146716843D0,    0000011P   4232
1715.308853905509D0,-9.732235425044737D0,204.7064486055367D0,    0000011P   4233
1722.964499691774D0,-7.748047354536609D0,205.2886890725759D0,    0000011P   4234
1730.670752763376D0,-5.773592170533815D0,205.86971022474D0,      0000011P   4235
1738.306563534261D0,-3.835994969884791D0,206.4374862871876D0,    0000011P   4236
1745.972771471379D0,-1.911298312663937D0,207.0154077747818D0,    0000011P   4237
1751.082758093448D0,-0.6351625210613342D0,207.3977708238854D0,   0000011P   4238
1753.634924530888D0,-2.518912573815326D-14,207.5907545445153D0,  0000011P   4239
-256.568903877162D0,-74.81638778148417D0,245.0279295672867D0,    0000011P   4240
-242.3039581785091D0,-77.12504649670265D0,242.4565126725018D0,   0000011P   4241
-213.7931355189417D0,-81.74370751519749D0,237.0726071801638D0,   0000011P   4242
-171.0589253263986D0,-88.70394760477078D0,228.3906109282499D0,   0000011P   4243
-128.2749085516495D0,-95.6830245323017D0,219.1593175224409D0,    0000011P   4244
-85.51816419195464D0,-102.6758120493044D0,209.6238980884324D0,   0000011P   4245
-42.77762960403427D0,-109.5938672852016D0,199.9029554977496D0,   0000011P   4246
-0.07610822853359991D0,-116.4033571906693D0,190.1527164486535D0, 0000011P   4247
42.65495021085125D0,-122.997515747315D0,180.4010554711598D0,     0000011P   4248
85.38614322443399D0,-129.3815433569963D0,170.7943784035146D0,    0000011P   4249
128.1149579399649D0,-135.5361832103068D0,161.4272380264823D0,    0000011P   4250
166.1190135533559D0,-140.7362136099056D0,153.3935009075114D0,    0000011P   4251
199.3642975707099D0,-145.0455425487869D0,146.6488622234289D0,    0000011P   4252
227.8579664591256D0,-148.5642571414448D0,141.0790781407663D0,    0000011P   4253
256.367381500407D0,-151.9004979180958D0,135.7366517824011D0,     0000011P   4254
284.8429940960901D0,-155.056806010233D0,130.6775627762009D0,     0000011P   4255
313.3414368053964D0,-158.0170603773406D0,125.9094054545838D0,    0000011P   4256
341.8637860601625D0,-160.7720008296826D0,121.467843852153D0,     0000011P   4257
370.364818473229D0,-163.3200724949138D0,117.3851244683833D0,     0000011P   4258
398.8552888154105D0,-165.6439170432383D0,113.6341480960294D0,    0000011P   4259
432.1179358199823D0,-168.0843024148903D0,109.6370040307501D0,    0000011P   4260
470.1189188436522D0,-170.4785234225829D0,105.6027453620451D0,    0000011P   4261
508.1368710129542D0,-172.3644882633111D0,102.1632392340939D0,    0000011P   4262
541.3989387743305D0,-173.6312853494046D0,99.59223262285528D0,    0000011P   4263
569.9073568130615D0,-174.4492092612542D0,97.68217048773795D0,    0000011P   4264
603.1565057939945D0,-175.0889206879075D0,95.79873852073847D0,    0000011P   4265
641.1655239289548D0,-175.3663070028903D0,94.14161651027224D0,    0000011P   4266
679.1735611018314D0,-175.0582050818337D0,93.05733339312442D0,    0000011P   4267
712.4320287471868D0,-174.3298105322081D0,92.52181663056595D0,    0000011P   4268
740.9189017071291D0,-173.4050290599459D0,92.33905617665826D0,    0000011P   4269
774.1993694244594D0,-171.988556180664D0,92.44488346225623D0,     0000011P   4270
812.1783444770364D0,-169.9069708707673D0,93.02474586917776D0,    0000011P   4271
854.9660893138122D0,-166.9652463183791D0,94.26001258284296D0,    0000011P   4272
897.6916969368809D0,-163.4409375979527D0,96.04848378295995D0,    0000011P   4273
940.4763297930476D0,-159.3607462064863D0,98.36306355551452D0,    0000011P   4274
983.2034470851454D0,-154.7418419482902D0,101.1713111022199D0,    0000011P   4275
1025.982715919266D0,-149.612345921727D0,104.4364295542925D0,     0000011P   4276
1068.717948922979D0,-143.9859732573803D0,108.1111796540716D0,    0000011P   4277
1106.726013408793D0,-138.5845638832543D0,111.7235194794098D0,    0000011P   4278
1139.962563478526D0,-133.5793934491636D0,115.1112320996077D0,    0000011P   4279
1168.458932844945D0,-129.1023010222585D0,118.1818727022404D0,    0000011P   4280
1201.732904215587D0,-123.6713641160716D0,121.9823617450261D0,    0000011P   4281
1239.72673776896D0,-117.1619453460887D0,126.6519999183043D0,     0000011P   4282
1282.498087851235D0,-109.4404031810703D0,132.3064741134196D0,    0000011P   4283
1325.238337909879D0,-101.312511433657D0,138.2961785449593D0,     0000011P   4284
1363.245361849014D0,-93.73045502470524D0,143.9743008367264D0,    0000011P   4285
1396.459331947168D0,-86.84797283824507D0,149.2304658591385D0,    0000011P   4286
1424.955754213415D0,-80.79456736637724D0,153.9174584181672D0,    0000011P   4287
1453.474554903248D0,-74.62388933557972D0,158.7722243179431D0,    0000011P   4288
1482.025755280972D0,-68.35427357898119D0,163.7753047240135D0,    0000011P   4289
1510.559565667946D0,-61.91555262107426D0,168.9549053986191D0,    0000011P   4290
1530.438494019412D0,-57.244618768805D0,172.7099837170694D0,      0000011P   4291
1541.787308183369D0,-54.50958941568119D0,174.905602034803D0,     0000011P   4292
1544.6377802532D0,-53.82380395052743D0,175.4625855011078D0,      0000011P   4293
1547.485211746045D0,-53.12905289088447D0,176.016155950847D0,     0000011P   4294
1550.324347011471D0,-52.4389002487243D0,176.5738948282964D0,     0000011P   4295
1553.194351059207D0,-51.74009969342693D0,177.1339696247221D0,    0000011P   4296
1556.031797138647D0,-51.04616699827147D0,177.6925210326422D0,    0000011P   4297
1558.868888286814D0,-50.34748519724314D0,178.2487211504514D0,    0000011P   4298
1561.71644215664D0,-49.65008406938875D0,178.8083445185438D0,     0000011P   4299
1564.569048452559D0,-48.94753645287828D0,179.3653040460956D0,    0000011P   4300
1567.416790686565D0,-48.24985938225901D0,179.9239945888935D0,    0000011P   4301
1570.258986150412D0,-47.55027771066641D0,180.4789811718043D0,    0000011P   4302
1573.109112272944D0,-46.84920111449947D0,181.0327108677579D0,    0000011P   4303
1575.954188799226D0,-46.15242961518445D0,181.5860433019603D0,    0000011P   4304
1578.802661995365D0,-45.45443013570821D0,182.1362496872314D0,    0000011P   4305
1581.649751884542D0,-44.75798571092317D0,182.6837498030146D0,    0000011P   4306
1584.504158640705D0,-44.0614917308775D0,183.2286364169611D0,     0000011P   4307
1587.370037772709D0,-43.36798796605452D0,183.77346351705D0,      0000011P   4308
1590.219825516163D0,-42.6752848393261D0,184.3101539017496D0,     0000011P   4309
1593.08301789146D0,-41.98843921722259D0,184.8485008541826D0,     0000011P   4310
1595.942237576658D0,-41.29827226494403D0,185.3760128445742D0,    0000011P   4311
1598.802828364585D0,-40.61788379011827D0,185.9096463415076D0,    0000011P   4312
1601.674070871288D0,-39.93578186499497D0,186.4209202132783D0,    0000011P   4313
1604.510669454902D0,-39.25945805545005D0,187.0644118200291D0,    0000011P   4314
1607.35497107856D0,-38.58493049047332D0,187.7003629979465D0,     0000011P   4315
1610.192314578101D0,-37.91589652939322D0,188.3423726167644D0,    0000011P   4316
1613.047305341758D0,-37.25062062787914D0,188.9910193698214D0,    0000011P   4317
1615.89188736836D0,-36.58796777210249D0,189.6368487911249D0,     0000011P   4318
1618.733325453773D0,-35.93765332650133D0,190.292879494798D0,     0000011P   4319
1621.579967647813D0,-35.27157126506394D0,190.9279376985375D0,    0000011P   4320
1625.826531824219D0,-34.3877755969186D0,192.0054377048457D0,     0000011P   4321
1631.74960812096D0,-32.31677705880601D0,192.428135728776D0,      0000011P   4322
1639.079784927024D0,-30.19056623020159D0,193.3985853897735D0,    0000011P   4323
1646.447698247882D0,-27.97138124325177D0,194.1992402975468D0,    0000011P   4324
1653.832896610298D0,-25.81346641260836D0,195.0088591248085D0,    0000011P   4325
1661.244491272842D0,-23.66937849327948D0,195.7741536362384D0,    0000011P   4326
1668.659170612917D0,-21.56000206364785D0,196.5125814504108D0,    0000011P   4327
1676.11387258359D0,-19.47377906688146D0,197.2260972001706D0,     0000011P   4328
1683.574570664275D0,-17.4186141728174D0,197.9148879178947D0,     0000011P   4329
1691.080803793555D0,-15.38415325282685D0,198.5864108210946D0,    0000011P   4330
1698.553312315081D0,-13.38528846165382D0,199.2310102519742D0,    0000011P   4331
1706.066809354345D0,-11.40558753390257D0,199.8640165616046D0,    0000011P   4332
1713.582224605724D0,-9.453406494890588D0,200.4862150887801D0,    0000011P   4333
1721.096732684806D0,-7.523720393787789D0,201.0932096453972D0,    0000011P   4334
1728.660902910671D0,-5.60477001137184D0,201.6996312963804D0,     0000011P   4335
1736.156218018707D0,-3.722624046431889D0,202.2930924321623D0,    0000011P   4336
1743.681704768581D0,-1.854160606789491D0,202.8977284919339D0,    0000011P   4337
1748.696994531478D0,-0.6160598845190012D0,203.298294353479D0,    0000011P   4338
1751.201846675954D0,-2.508810749777042D-14,203.5005591982544D0,  0000011P   4339
-256.5689000439199D0,-72.56261958891912D0,242.7520300182335D0,   0000011P   4340
-242.3030965832772D0,-74.79278244468031D0,240.1480175034357D0,   0000011P   4341
-213.7911152502978D0,-79.25492530088883D0,234.6831128173617D0,   0000011P   4342
-171.0600527238748D0,-86.00240168924812D0,225.8544873240255D0,   0000011P   4343
-128.2724198579721D0,-92.81295994346804D0,216.4718748931751D0,   0000011P   4344
-85.51941433041775D0,-99.61671236186238D0,206.7317608203554D0,   0000011P   4345
-42.77511815919043D0,-106.2632000430877D0,196.6997437153239D0,   0000011P   4346
-0.0769343921832101D0,-112.8170960972996D0,186.6340535697878D0,  0000011P   4347
42.6557436565882D0,-119.2732219888498D0,176.6610185524819D0,     0000011P   4348
85.38604723034615D0,-125.5480188768417D0,166.8525285981439D0,    0000011P   4349
128.1145526065726D0,-131.5347728802879D0,157.2273511031678D0,    0000011P   4350
166.1193246807588D0,-136.5872604712046D0,148.9652220292453D0,    0000011P   4351
199.3636802129954D0,-140.8075389127262D0,142.0587641300834D0,    0000011P   4352
227.8569670708993D0,-144.2682056836945D0,136.3684859316692D0,    0000011P   4353
256.3679718028626D0,-147.5555605329726D0,130.9160340103604D0,    0000011P   4354
284.8416356077951D0,-150.6627231899269D0,125.7509259318717D0,    0000011P   4355
313.3399307089982D0,-153.5709717534953D0,120.8754867211815D0,    0000011P   4356
341.8644265365921D0,-156.2681783533935D0,116.3209817464703D0,    0000011P   4357
370.36376012815D0,-158.7497004171573D0,112.1152587310383D0,      0000011P   4358
398.8541017589334D0,-160.9989725115801D0,108.2324315099429D0,    0000011P   4359
432.1186921332431D0,-163.3434331171873D0,104.0731761265972D0,    0000011P   4360
470.1171038451416D0,-165.6157672946601D0,99.84483220938539D0,    0000011P   4361
508.1373584139407D0,-167.4214896015079D0,96.2528045698925D0,     0000011P   4362
541.3984258567405D0,-168.688754112466D0,93.61751081632758D0,     0000011P   4363
569.9069166509412D0,-169.5362287624404D0,91.67807265796461D0,    0000011P   4364
603.1568611889974D0,-170.221975936998D0,89.76558302640379D0,     0000011P   4365
641.1643723914466D0,-170.5365659226224D0,88.04736282379213D0,    0000011P   4366
679.1740803978023D0,-170.272455474345D0,86.89073915180452D0,     0000011P   4367
712.4311789204531D0,-169.6059674180832D0,86.30020981113711D0,    0000011P   4368
740.9183356789509D0,-168.7499476740703D0,86.07692996610597D0,    0000011P   4369
774.1997709936992D0,-167.4317578726554D0,86.14446513830694D0,    0000011P   4370
812.177219254314D0,-165.4878705953597D0,86.69543601510182D0,     0000011P   4371
854.966665270701D0,-162.71512385103D0,87.8973297942423D0,        0000011P   4372
897.6905182697145D0,-159.3538707351276D0,89.63079312670845D0,    0000011P   4373
940.4769119795044D0,-155.4378136797799D0,91.87925062526497D0,    0000011P   4374
983.2022965692363D0,-150.9914896286603D0,94.62079908780535D0,    0000011P   4375
1025.98337200854D0,-146.0551030732739D0,97.84601689094936D0,     0000011P   4376
1068.716472700075D0,-140.6550885428143D0,101.5351241553651D0,    0000011P   4377
1106.726388450732D0,-135.4765970714904D0,105.2149596231481D0,    0000011P   4378
1139.962198963185D0,-130.6772214798496D0,108.706111895001D0,     0000011P   4379
1168.45786474116D0,-126.3758135287315D0,111.8758158574387D0,     0000011P   4380
1201.733462759113D0,-121.1393368961758D0,115.7808123523536D0,    0000011P   4381
1239.725893267137D0,-114.8240194405805D0,120.5201305037274D0,    0000011P   4382
1282.498323664953D0,-107.3054839554216D0,126.2546150003403D0,    0000011P   4383
1325.238235527749D0,-99.38884865983401D0,132.3946023034977D0,    0000011P   4384
1363.245406746706D0,-91.98332607160495D0,138.217886462581D0,     0000011P   4385
1396.459254010018D0,-85.23321148986813D0,143.5717845281318D0,    0000011P   4386
1424.954776279556D0,-79.28328412438211D0,148.3372545810993D0,    0000011P   4387
1453.474459099727D0,-73.21066643605317D0,153.2802262519753D0,    0000011P   4388
1482.02712132301D0,-67.03895673989017D0,158.3961943793286D0,     0000011P   4389
1510.562251774207D0,-60.69680421011721D0,163.7187743767889D0,    0000011P   4390
1530.439381631184D0,-56.0916800273504D0,167.5983372601212D0,     0000011P   4391
1541.787010677882D0,-53.39334443404448D0,169.8740357347477D0,    0000011P   4392
1544.638260956495D0,-52.71655429347489D0,170.4516273013126D0,    0000011P   4393
1547.484810219223D0,-52.03101462537625D0,171.0260015325D0,       0000011P   4394
1550.324407793225D0,-51.34978138374086D0,171.6049479622286D0,    0000011P   4395
1553.194177288362D0,-50.6601313469918D0,172.1865569001044D0,     0000011P   4396
1556.031916006338D0,-49.97507408576282D0,172.7668304388414D0,    0000011P   4397
1558.868444218534D0,-49.28537615213586D0,173.3448939378141D0,    0000011P   4398
1561.716269398423D0,-48.59684904536749D0,173.9266752723966D0,    0000011P   4399
1564.568224340475D0,-47.90332643694805D0,174.5058812433748D0,    0000011P   4400
1567.416394540162D0,-47.21445372565378D0,175.0870182328909D0,    0000011P   4401
1570.258402062011D0,-46.52372998198032D0,175.6644649185031D0,    0000011P   4402
1573.10816286146D0,-45.83156276033055D0,176.2407208757736D0,     0000011P   4403
1575.953602231842D0,-45.14354263917201D0,176.8166501280646D0,    0000011P   4404
1578.802048066483D0,-44.45436298693439D0,177.3894195465829D0,    0000011P   4405
1581.649163553222D0,-43.76671343345656D0,177.9594399802684D0,    0000011P   4406
1584.503466774017D0,-43.07906471934248D0,178.5267853568205D0,    0000011P   4407
1587.369885876226D0,-42.39435333561463D0,179.0940654067011D0,    0000011P   4408
1590.219439622486D0,-41.71048755443825D0,179.652936513603D0,     0000011P   4409
1593.083635984376D0,-41.03234338226558D0,180.2134670757116D0,    0000011P   4410
1595.942351667535D0,-40.35110865119282D0,180.7627653809541D0,    0000011P   4411
1598.804094707711D0,-39.67939296488137D0,181.3182800792025D0,    0000011P   4412
1601.675667516621D0,-39.00616002759051D0,181.8506453230625D0,    0000011P   4413
1604.512088955662D0,-38.33862690283554D0,182.5191009840131D0,    0000011P   4414
1607.355990651765D0,-37.67297850327977D0,183.1796321512749D0,    0000011P   4415
1610.193064653495D0,-37.01278361691204D0,183.8462281304509D0,    0000011P   4416
1613.048189000673D0,-36.35638708589524D0,184.5194634999487D0,    0000011P   4417
1615.89212857853D0,-35.70271118556727D0,185.1895756437139D0,     0000011P   4418
1618.734560630116D0,-35.06111124729165D0,185.8699560282352D0,    0000011P   4419
1621.577488226026D0,-34.40457588084556D0,186.5284645600469D0,    0000011P   4420
1625.842415366352D0,-33.53108410601318D0,187.6444821101154D0,    0000011P   4421
1631.585750019776D0,-31.50907460027432D0,188.0867332287078D0,    0000011P   4422
1638.790043426213D0,-29.42786271171547D0,189.0931814792173D0,    0000011P   4423
1646.005866973728D0,-27.25873205997924D0,189.9229264733888D0,    0000011P   4424
1653.247995394975D0,-25.14995079076893D0,190.7602131985111D0,    0000011P   4425
1660.514421476587D0,-23.0558567039766D0,191.5502080093545D0,     0000011P   4426
1667.785603510913D0,-20.99648742966217D0,192.3109669283378D0,    0000011P   4427
1675.096773558345D0,-18.96068575633298D0,193.0445732047041D0,    0000011P   4428
1682.41477763578D0,-16.95600863275506D0,193.7512889235782D0,     0000011P   4429
1689.778215900723D0,-14.97245647070806D0,194.4388666638599D0,    0000011P   4430
1697.108991253397D0,-13.02430495444544D0,195.0974275571622D0,    0000011P   4431
1704.480614113949D0,-11.09571013347095D0,195.7428358957493D0,    0000011P   4432
1711.85495753756D0,-9.194662952204856D0,196.3759702016607D0,     0000011P   4433
1719.228242869585D0,-7.316288031848649D0,196.9923704540717D0,    0000011P   4434
1726.650240943674D0,-5.44923473553433D0,197.6071804686103D0,     0000011P   4435
1734.004966947087D0,-3.618525424481863D0,198.2077066387014D0,    0000011P   4436
1741.389635062641D0,-1.801883814750067D0,198.8188851655809D0,    0000011P   4437
1746.310160418404D0,-0.5986194064623474D0,199.22320828397D0,     0000011P   4438
1748.767663871861D0,-2.498708925738758D-14,199.4272914099905D0,  0000011P   4439
-256.5688878488299D0,-70.29156059244886D0,240.622055027315D0,    0000011P   4440
-242.302228983672D0,-72.42709967972181D0,237.9764480462982D0,    0000011P   4441
-213.7890930581197D0,-76.70974484162727D0,232.4207716193214D0,   0000011P   4442
-171.0611817276751D0,-83.20344985945522D0,223.4242954622185D0,   0000011P   4443
-128.2699330145002D0,-89.7635387423236D0,213.8313012333948D0,    0000011P   4444
-85.5206653467273D0,-96.35853641673764D0,203.8833994684281D0,    0000011P   4445
-42.77260748129635D0,-102.8798027496215D0,193.6875749956484D0,   0000011P   4446
-0.07776153573607247D0,-109.3020185319649D0,183.4315381067195D0, 0000011P   4447
42.65653612598653D0,-115.5324331107152D0,173.1669360469068D0,    0000011P   4448
85.38595034645151D0,-121.5787534049644D0,163.0603732979141D0,    0000011P   4449
128.1141464195954D0,-127.4262161083857D0,153.2234859668907D0,    0000011P   4450
166.119634964567D0,-132.3724892515715D0,144.7850999593863D0,     0000011P   4451
199.3630620205728D0,-136.4679301978173D0,137.686690781554D0,     0000011P   4452
227.8559668563097D0,-139.8131358660545D0,131.821377104815D0,     0000011P   4453
256.3685612886587D0,-142.9897769293658D0,126.1985936879672D0,    0000011P   4454
284.8402763145253D0,-146.0036806389336D0,120.8841487426386D0,    0000011P   4455
313.3384238186837D0,-148.8312674092923D0,115.8742418344959D0,    0000011P   4456
341.8650662269527D0,-151.4553538543103D0,111.1949413640683D0,    0000011P   4457
370.3627009990896D0,-153.8659988348086D0,106.8688550829769D0,    0000011P   4458
398.8529139180494D0,-156.057195598486D0,102.8810473169817D0,     0000011P   4459
432.119447662411D0,-158.3606359448586D0,98.6306403264488D0,      0000011P   4460
470.1152880693525D0,-160.6408028574D0,94.36190406948785D0,       0000011P   4461
508.1378450427598D0,-162.458231525209D0,90.72547249509674D0,     0000011P   4462
541.3979121633795D0,-163.6934461605781D0,87.99130681519949D0,    0000011P   4463
569.9064757059189D0,-164.5045379838905D0,85.94857408788428D0,    0000011P   4464
603.15721578978D0,-165.1605713136517D0,83.92038514036383D0,      0000011P   4465
641.1632200449485D0,-165.4923742792933D0,82.1144531794867D0,     0000011P   4466
679.174598869171D0,-165.2922981955256D0,80.90314730345216D0,     0000011P   4467
712.4303282558262D0,-164.705475294123D0,80.27436853347491D0,     0000011P   4468
740.9177687974317D0,-163.9249556711401D0,80.01382231835906D0,    0000011P   4469
774.2001716818051D0,-162.6929408782443D0,80.01987408560245D0,    0000011P   4470
812.1760930975397D0,-160.8299624247866D0,80.4568290957445D0,     0000011P   4471
854.9672402476132D0,-158.1751856478672D0,81.54373144881333D0,    0000011P   4472
897.6893386325608D0,-155.0099344295922D0,83.24827905645068D0,    0000011P   4473
940.4774931571583D0,-151.328622569524D0,85.51142401779011D0,     0000011P   4474
983.2011448517261D0,-147.1166304351985D0,88.26855434148135D0,    0000011P   4475
1025.984026936849D0,-142.4112519755385D0,91.50189564778513D0,    0000011P   4476
1068.714995980114D0,-137.2364704982323D0,95.18307616192908D0,    0000011P   4477
1106.726762914465D0,-132.2626749874515D0,98.87035591739934D0,    0000011P   4478
1139.961832410007D0,-127.6534126649643D0,102.3994162553164D0,    0000011P   4479
1168.456793938866D0,-123.5163540801294D0,105.6113431310731D0,    0000011P   4480
1201.734020331615D0,-118.4658332194616D0,109.5634367735841D0,    0000011P   4481
1239.72505594259D0,-112.344913025069D0,114.3335438734505D0,      0000011P   4482
1282.498564584249D0,-105.0391168324976D0,120.1250197522598D0,    0000011P   4483
1325.238105205304D0,-97.34871561763895D0,126.3976158458348D0,    0000011P   4484
1363.245431971154D0,-90.1425573083736D0,132.3843373775195D0,     0000011P   4485
1396.459239009065D0,-83.55527301632053D0,137.8982323078112D0,    0000011P   4486
1424.953902346527D0,-77.73759912663508D0,142.8134995375807D0,    0000011P   4487
1453.474396630763D0,-71.78989266309463D0,147.9199761079915D0,    0000011P   4488
1482.028255544673D0,-65.73639848648088D0,153.2140689746741D0,    0000011P   4489
1510.564552667967D0,-59.50088725323564D0,158.7080515157322D0,    0000011P   4490
1530.440070307934D0,-54.9588733097746D0,162.6874596373627D0,     0000011P   4491
1541.786780974848D0,-52.29180992279093D0,165.0092366007957D0,    0000011P   4492
1544.638882811464D0,-51.62248338425582D0,165.5980201055005D0,    0000011P   4493
1547.484628254386D0,-50.94446742747051D0,166.1829809165665D0,    0000011P   4494
1550.32477044744D0,-50.27032132418183D0,166.7721749142801D0,     0000011P   4495
1553.194390439688D0,-49.58785633759013D0,167.3636734833117D0,    0000011P   4496
1556.032508424219D0,-48.90958721141801D0,167.9533983732958D0,    0000011P   4497
1558.868560745843D0,-48.22667539157833D0,168.5404864613113D0,    0000011P   4498
1561.716743537645D0,-47.5447254732716D0,169.1310772144372D0,     0000011P   4499
1564.568131523206D0,-46.85784333704276D0,169.7187295817937D0,    0000011P   4500
1567.416811020548D0,-46.17531412163119D0,170.3081197286029D0,    0000011P   4501
1570.25870770604D0,-45.49092249062692D0,170.8934982418391D0,     0000011P   4502
1573.10817490079D0,-44.80508525217089D0,171.4774754564217D0,     0000011P   4503
1575.954042285468D0,-44.12319491750615D0,172.0609780505936D0,    0000011P   4504
1578.802518219694D0,-43.44018267623943D0,172.6411268106729D0,    0000011P   4505
1581.649707895035D0,-42.7586561289302D0,173.2183819118209D0,     0000011P   4506
1584.503946140534D0,-42.07717274247251D0,173.7928566985102D0,    0000011P   4507
1587.370932581122D0,-41.39857710416211D0,174.3672749004093D0,    0000011P   4508
1590.220267345537D0,-40.72088671119183D0,174.9330847431608D0,    0000011P   4509
1593.085469195614D0,-40.04880808567006D0,175.5006879967371D0,    0000011P   4510
1595.943667703647D0,-39.37390710232332D0,176.0568510234922D0,    0000011P   4511
1598.806533987379D0,-38.70831453658077D0,176.6195729113116D0,    0000011P   4512
1601.678391093265D0,-38.0414611004455D0,177.158661353836D0,      0000011P   4513
1604.514571225038D0,-37.38030073080641D0,177.8380769906047D0,    0000011P   4514
1607.357989512501D0,-36.72119649973449D0,178.5096064205974D0,    0000011P   4515
1610.194690056014D0,-36.06759999961322D0,179.1876876420108D0,    0000011P   4516
1613.04982238606D0,-35.41794783483319D0,179.8729493750463D0,     0000011P   4517
1615.892971113342D0,-34.77123094563295D0,180.5553791103122D0,    0000011P   4518
1618.73622476717D0,-34.1364560060357D0,181.2487994233873D0,      0000011P   4519
1621.575240277988D0,-33.48771763734175D0,181.9201621663682D0,    0000011P   4520
1625.858195580339D0,-32.6221380947044D0,183.0599984375364D0,     0000011P   4521
1631.421247380474D0,-30.64649775145064D0,183.5051141826175D0,    0000011P   4522
1638.498815151745D0,-28.60798274840948D0,184.5316707245582D0,    0000011P   4523
1645.561544169075D0,-26.48753819383053D0,185.3793831066762D0,    0000011P   4524
1652.659439091425D0,-24.42741960873537D0,186.237795935932D0,     0000011P   4525
1659.779377953908D0,-22.38370938216677D0,187.0503434622814D0,    0000011P   4526
1666.905592684237D0,-20.3755617401287D0,187.8354934170835D0,     0000011P   4527
1674.071613170545D0,-18.39218386073459D0,188.5952709710751D0,    0000011P   4528
1681.245161687629D0,-16.44074851594626D0,189.3298265672243D0,    0000011P   4529
1688.463903332333D0,-14.51157420221855D0,190.0470214509146D0,    0000011P   4530
1695.650907281868D0,-12.61828367758123D0,190.7365668482636D0,    0000011P   4531
1702.878484971451D0,-10.74558485070429D0,191.414674297824D0,     0000011P   4532
1710.109456537488D0,-8.901067129377591D0,192.0821288099762D0,    0000011P   4533
1717.339093775515D0,-7.079968251100985D0,192.7342198362694D0,    0000011P   4534
1724.616372754169D0,-5.271309705627601D0,193.386417248131D0,     0000011P   4535
1731.827844833D0,-3.499031060875015D0,194.0255347470732D0,       0000011P   4536
1739.068915338394D0,-1.741665185406104D0,194.6771226014725D0,    0000011P   4537
1743.892750012816D0,-0.5784886514737951D0,195.1092167976237D0,   0000011P   4538
1746.301923852309D0,-2.488607101700475D-14,195.3274529780253D0,  0000011P   4539
-256.5688804852823D0,-67.8904550666027D0,238.5335235430699D0,    0000011P   4540
-242.3013649318497D0,-69.93268044789852D0,235.8551467117814D0,   0000011P   4541
-213.7870722035886D0,-74.03283157202768D0,230.2203666343011D0,   0000011P   4542
-171.0623102266724D0,-80.28148196221028D0,221.0817398149693D0,   0000011P   4543
-128.2674457002149D0,-86.64314246418098D0,211.338437570755D0,    0000011P   4544
-85.52191659969417D0,-93.03447334783581D0,201.1987157700428D0,   0000011P   4545
-42.77009721315134D0,-99.29783254039D0,190.7319696217172D0,      0000011P   4546
-0.07858905347971223D0,-105.476687618359D0,180.1966118810139D0,  0000011P   4547
42.65732813805689D0,-111.5500530404291D0,169.7113193807038D0,    0000011P   4548
85.38585288873918D0,-117.4603330173077D0,159.3984991519568D0,    0000011P   4549
128.1137395940079D0,-123.1286838372801D0,149.3242306696613D0,    0000011P   4550
166.1199445765975D0,-127.9069820863748D0,140.6653157836343D0,    0000011P   4551
199.3624431295098D0,-131.8702833114083D0,133.380601146176D0,     0000011P   4552
227.8549659215722D0,-135.1160730568977D0,127.3654677373393D0,    0000011P   4553
256.3691500343392D0,-138.2107319061365D0,121.6080208000654D0,    0000011P   4554
284.8389162627277D0,-141.1632261420239D0,116.1804946016502D0,    0000011P   4555
313.3369161537094D0,-143.938880092398D0,111.068677710139D0,      0000011P   4556
341.8657051295265D0,-146.5092648435343D0,106.2891842146123D0,    0000011P   4557
370.3616410728284D0,-148.8530403713477D0,101.8551915849255D0,    0000011P   4558
398.8517252731842D0,-150.9720519073256D0,97.75606361192455D0,    0000011P   4559
432.1202023815222D0,-153.1936780485928D0,93.3774240683302D0,     0000011P   4560
470.1134714774184D0,-155.3958066633149D0,88.9725870483753D0,     0000011P   4561
508.1383308543054D0,-157.1645128566733D0,85.22198956285951D0,    0000011P   4562
541.3973976582219D0,-158.3858120901186D0,82.4118702511654D0,     0000011P   4563
569.9060339577401D0,-159.1963235140614D0,80.30964663515158D0,    0000011P   4564
603.1575696015428D0,-159.8551298253849D0,78.2063693883641D0,     0000011P   4565
641.1620669305989D0,-160.1811423899922D0,76.28907305803924D0,    0000011P   4566
679.1751166070216D0,-160.0059183938649D0,74.97527049236064D0,    0000011P   4567
712.4294769025413D0,-159.4933897098109D0,74.29235474750517D0,    0000011P   4568
740.9172012748913D0,-158.8029061482441D0,74.00189808018783D0,    0000011P   4569
774.2005717940823D0,-157.6955762638338D0,73.98324539556118D0,    0000011P   4570
812.1749664515702D0,-155.9871996343357D0,74.39384735409726D0,    0000011P   4571
854.967814846921D0,-153.5117743411701D0,75.43785253296386D0,     0000011P   4572
897.6881587412285D0,-150.5205857642189D0,77.07064745145331D0,    0000011P   4573
940.4780742191329D0,-147.0252401558648D0,79.26229067485588D0,    0000011P   4574
983.1999931752121D0,-143.02870696916D0,81.97739343232675D0,      0000011P   4575
1025.984682102466D0,-138.567797694813D0,85.20854734759612D0,     0000011P   4576
1068.713519754727D0,-133.6665070942103D0,88.93769165320646D0,    0000011P   4577
1106.727138017623D0,-128.9333310251222D0,92.66915714938531D0,    0000011P   4578
1139.961466460449D0,-124.5126899081846D0,96.20613926382299D0,    0000011P   4579
1168.455723767178D0,-120.5308573488728D0,99.42145811728599D0,    0000011P   4580
1201.734578831842D0,-115.6637916399698D0,103.3946415679729D0,    0000011P   4581
1239.724220550257D0,-109.7709206838701D0,108.2431940581093D0,    0000011P   4582
1282.498807383741D0,-102.7232707307966D0,114.1586828922247D0,    0000011P   4583
1325.23797343178D0,-95.26993811477472D0,120.5524800990959D0,     0000011P   4584
1363.245456844089D0,-88.25746077896406D0,126.6535884702017D0,    0000011P   4585
1396.459232709286D0,-81.82820028699905D0,132.2788748416205D0,    0000011P   4586
1424.953041796305D0,-76.13798145148391D0,137.2951377210338D0,    0000011P   4587
1453.474340463298D0,-70.30891667475241D0,142.5059725545702D0,    0000011P   4588
1482.029368457071D0,-64.36509528309625D0,147.9054384266431D0,    0000011P   4589
1510.566816261284D0,-58.23287144437374D0,153.5218590821944D0,    0000011P   4590
1530.440741238012D0,-53.76049500206207D0,157.6097897258534D0,    0000011P   4591
1541.786561500969D0,-51.13287905161879D0,160.0043929296161D0,    0000011P   4592
1544.639522587347D0,-50.47326528977202D0,160.6120430124064D0,    0000011P   4593
1547.484472431045D0,-49.80520109328382D0,161.216147625133D0,     0000011P   4594
1550.325167870014D0,-49.1407361312483D0,161.8249682803314D0,     0000011P   4595
1553.194647269988D0,-48.46820323123585D0,162.4364967236176D0,    0000011P   4596
1556.033153592899D0,-47.79960938965068D0,163.0465136474278D0,    0000011P   4597
1558.868739134452D0,-47.12649802582935D0,163.6541067324269D0,    0000011P   4598
1561.717288564807D0,-46.45425391050907D0,164.2655663232799D0,    0000011P   4599
1564.568118414121D0,-45.77724221288212D0,164.8742428033225D0,    0000011P   4600
1567.417315700426D0,-45.1043748912438D0,165.4849214067384D0,     0000011P   4601
1570.2591095894D0,-44.42970928187128D0,166.0916639157991D0,      0000011P   4602
1573.108290645282D0,-43.75365852623635D0,166.6971307106624D0,    0000011P   4603
1575.954592813545D0,-43.08140414795033D0,167.3022504103333D0,    0000011P   4604
1578.803104797565D0,-42.4081022373897D0,167.9040370021228D0,     0000011P   4605
1581.650373670103D0,-41.73626544542738D0,168.5029392732946D0,    0000011P   4606
1584.504550884746D0,-41.0645250448402D0,169.0990492709755D0,     0000011P   4607
1587.372107421465D0,-40.39562079878997D0,169.6951440099228D0,    0000011P   4608
1590.221224652561D0,-39.7276665090899D0,170.2824028436095D0,     0000011P   4609
1593.087432007592D0,-39.06518629309723D0,170.8715001996766D0,    0000011P   4610
1595.945111802967D0,-38.40011114776159D0,171.4487998007862D0,    0000011P   4611
1598.809098115885D0,-37.74408009987269D0,172.0327904587184D0,    0000011P   4612
1601.681234505009D0,-37.08697794877018D0,172.5923926940303D0,    0000011P   4613
1604.517166393869D0,-36.43548258430933D0,173.2962272002031D0,    0000011P   4614
1607.360092292601D0,-35.78612231756154D0,173.9918213718567D0,    0000011P   4615
1610.196408230827D0,-35.14221862489771D0,174.6940011856628D0,    0000011P   4616
1613.051535107155D0,-34.5022869525289D0,175.403388789498D0,      0000011P   4617
1615.893877135222D0,-33.86537398518708D0,176.1096610665143D0,    0000011P   4618
1618.737934008062D0,-33.24012481914789D0,176.8270109872624D0,    0000011P   4619
1621.573016393433D0,-32.60172716682751D0,177.5214216352825D0,    0000011P   4620
1625.87396421874D0,-31.74761140501216D0,178.6991960834501D0,     0000011P   4621
1631.25667562168D0,-29.82243397142404D0,179.1631376781521D0,     0000011P   4622
1638.207428302845D0,-27.83063786614411D0,180.224871193587D0,     0000011P   4623
1645.116956147547D0,-25.76185157821811D0,181.1009466646413D0,    0000011P   4624
1652.07049413374D0,-23.75235940992164D0,181.9864028880446D0,     0000011P   4625
1659.043805937712D0,-21.76002974538389D0,182.823136579036D0,     0000011P   4626
1666.024897515228D0,-19.80317481248858D0,183.630221748012D0,     0000011P   4627
1673.045596974858D0,-17.87140758489096D0,184.4098200573008D0,    0000011P   4628
1680.074503241988D0,-15.97155806368433D0,185.1621648778112D0,    0000011P   4629
1687.148346745491D0,-14.0943042359345D0,185.8954206915078D0,     0000011P   4630
1694.19136333226D0,-12.25265733938321D0,186.5990833891103D0,     0000011P   4631
1701.274665845276D0,-10.43191854780242D0,187.2899063255574D0,    0000011P   4632
1708.362021894855D0,-8.639317138287328D0,187.9687755696677D0,    0000011P   4633
1715.447754119413D0,-6.870245370571839D0,188.630924615462D0,     0000011P   4634
1722.58004421526D0,-5.114138266965932D0,189.2923439602645D0,     0000011P   4635
1729.647980106932D0,-3.393894008020512D0,189.9395491837719D0,    0000011P   4636
1736.745158657069D0,-1.688896020738233D0,190.5988991915991D0,    0000011P   4637
1741.472098626872D0,-0.5608886906786184D0,191.0357003496455D0,   0000011P   4638
1743.832838957906D0,-2.478505277662191D-14,191.2562651215595D0,  0000011P   4639
-256.5688902903726D0,-65.42049297414586D0,236.5486347474739D0,   0000011P   4640
-242.3005133527676D0,-67.39149749179465D0,233.8571361413804D0,   0000011P   4641
-213.7850556962103D0,-71.35021927887303D0,228.1808554715988D0,   0000011P   4642
-171.0634360669903D0,-77.35544431801698D0,218.9128374165313D0,   0000011P   4643
-128.2649552988904D0,-83.40959063007864D0,208.9496653574947D0,   0000011P   4644
-85.5231667579923D0,-89.52934103262174D0,198.5820239745783D0,    0000011P   4645
-42.76758609058948D0,-95.6608393705568D0,187.9581730555509D0,    0000011P   4646
-0.07941528588782361D0,-101.7117945098363D0,177.2471653048101D0, 0000011P   4647
42.65812145100843D0,-107.5277050479475D0,166.4740617286609D0,    0000011P   4648
85.38575657813881D0,-113.1652706166751D0,155.8581655344887D0,    0000011P   4649
128.1133338380578D0,-118.6605471511792D0,145.5606213363407D0,    0000011P   4650
166.1202552269774D0,-123.3411014101774D0,136.7465646048655D0,    0000011P   4651
199.3618252548446D0,-127.2361241790811D0,129.3381717785716D0,    0000011P   4652
227.853965986012D0,-130.4184120640615D0,123.2110951952144D0,     0000011P   4653
256.3697397614531D0,-133.427875891472D0,117.3217124378751D0,     0000011P   4654
284.8375571719991D0,-136.2566330255698D0,111.7296321571762D0,    0000011P   4655
313.3354094307327D0,-138.8988400500271D0,106.4468828436105D0,    0000011P   4656
341.8663449602009D0,-141.3543193525571D0,101.5168791483749D0,    0000011P   4657
370.360582069772D0,-143.6293860017592D0,96.97921656689218D0,     0000011P   4658
398.8505375516427D0,-145.7087665852585D0,92.8048374618825D0,     0000011P   4659
432.1209580253587D0,-147.8979582983989D0,88.35104822592169D0,    0000011P   4660
470.1116558071157D0,-150.0541080795496D0,83.84950788735111D0,    0000011P   4661
508.138817589062D0,-151.771671654371D0,79.98964153920517D0,      0000011P   4662
541.3968840885285D0,-152.947983422605D0,77.07617756661654D0,     0000011P   4663
569.905593161056D0,-153.7323284097215D0,74.89119635056517D0,     0000011P   4664
603.1579243877484D0,-154.3895081624096D0,72.71135954932856D0,    0000011P   4665
641.1609148198405D0,-154.7755606240391D0,70.75389668702424D0,    0000011P   4666
679.1756353734737D0,-154.6860646643883D0,69.40146147368678D0,    0000011P   4667
712.428626591165D0,-154.2320184459425D0,68.64597947844558D0,     0000011P   4668
740.9166348061045D0,-153.5884091666483D0,68.27682711360586D0,    0000011P   4669
774.2009729818224D0,-152.5415283863014D0,68.15896673186359D0,    0000011P   4670
812.1738409276901D0,-150.9240777714782D0,68.46285012472622D0,    0000011P   4671
854.9683906632781D0,-148.5888775121638D0,69.40581460395597D0,    0000011P   4672
897.6869802174919D0,-145.7846047599767D0,70.96692606424644D0,    0000011P   4673
940.4786567023243D0,-142.5179273299255D0,73.1252765231587D0,     0000011P   4674
983.1988427232658D0,-138.7871650684345D0,75.85454427724808D0,    0000011P   4675
1025.985338676864D0,-134.5887511284449D0,79.08777281982106D0,    0000011P   4676
1068.712046138084D0,-129.9064999730831D0,82.74682983421226D0,    0000011P   4677
1106.72751569641D0,-125.3726149361827D0,86.42827804462959D0,     0000011P   4678
1139.961100785994D0,-121.162080589734D0,89.98629985752714D0,     0000011P   4679
1168.454652825314D0,-117.3737324996321D0,93.24863514142525D0,    0000011P   4680
1201.735139337308D0,-112.7347735793796D0,97.29265669759329D0,    0000011P   4681
1239.723400237196D0,-107.0877209690798D0,102.2188863498877D0,    0000011P   4682
1282.49906178523D0,-100.2966691083187D0,108.2149692218278D0,     0000011P   4683
1325.237799782682D0,-93.08083212764304D0,114.6795081996045D0,    0000011P   4684
1363.24545271521D0,-86.27274541564319D0,120.877064066637D0,      0000011P   4685
1396.459329831251D0,-80.0247088265088D0,126.6420960003403D0,     0000011P   4686
1424.952350040877D0,-74.48621338453418D0,131.8018962830191D0,    0000011P   4687
1453.474338219847D0,-68.79927537883108D0,137.165748614704D0,     0000011P   4688
1482.030106826051D0,-62.98263192205428D0,142.7131826420476D0,    0000011P   4689
1510.568456663415D0,-56.96345953184847D0,148.4720645100741D0,    0000011P   4690
1530.441087869137D0,-52.56090757888782D0,152.655151094604D0,     0000011P   4691
1541.786446725616D0,-49.97037093338111D0,155.1026808630526D0,    0000011P   4692
1544.640385045977D0,-49.31976703422709D0,155.7236597181825D0,    0000011P   4693
1547.484665427394D0,-48.66085185673963D0,156.3408754079066D0,    0000011P   4694
1550.326046532028D0,-48.00517258962668D0,156.9628300078631D0,    0000011P   4695
1553.195522172366D0,-47.3415907470953D0,157.5874705554674D0,     0000011P   4696
1556.034556209268D0,-46.68161270049791D0,158.2104716168114D0,    0000011P   4697
1558.869815019416D0,-46.01717096486138D0,158.8309066069996D0,    0000011P   4698
1561.718869940132D0,-45.35343760872623D0,159.4552516791366D0,    0000011P   4699
1564.569277438228D0,-44.68504421219869D0,160.0766835816276D0,    0000011P   4700
1567.419123361834D0,-44.02053667539659D0,160.7001315484716D0,    0000011P   4701
1570.260938496019D0,-43.35425212955084D0,161.3195034880907D0,    0000011P   4702
1573.109948778237D0,-42.68660717173071D0,161.9375447567354D0,    0000011P   4703
1575.956790548845D0,-42.02257946018239D0,162.5552208450263D0,    0000011P   4704
1578.805430985061D0,-41.35755710831874D0,163.1694738721208D0,    0000011P   4705
1581.652857170922D0,-40.69396493959269D0,163.7807761682391D0,    0000011P   4706
1584.507035314646D0,-40.03051515493048D0,164.3892334140159D0,    0000011P   4707
1587.375205881323D0,-39.36984981562664D0,164.9977108401509D0,    0000011P   4708
1590.224129616906D0,-38.71018615038129D0,165.5971538588012D0,    0000011P   4709
1593.091344748752D0,-38.05587299406719D0,166.1985444861304D0,    0000011P   4710
1595.948484467476D0,-37.39921358812368D0,166.7878787359624D0,    0000011P   4711
1598.813543939815D0,-36.75136233296759D0,167.3841700748256D0,    0000011P   4712
1601.68588536672D0,-36.10266523754178D0,167.9554867810471D0,     0000011P   4713
1604.521465521604D0,-35.45953126693446D0,168.6751445329039D0,    0000011P   4714
1607.363764425021D0,-34.81866109348412D0,169.3864464515098D0,    0000011P   4715
1610.199528165937D0,-34.18325319981564D0,170.1046414228653D0,    0000011P   4716
1613.054447141167D0,-33.55190899622714D0,170.8303799533758D0,    0000011P   4717
1615.895743297368D0,-32.92373803421067D0,171.5530632495911D0,    0000011P   4718
1618.740325621382D0,-32.30703095456089D0,172.2872896078872D0,    0000011P   4719
1621.571156648362D0,-31.67807568307646D0,172.9981082741015D0,    0000011P   4720
1625.889557521534D0,-30.83421798686467D0,174.2045570335569D0,    0000011P   4721
1631.091056523045D0,-28.95824401302802D0,174.6766674557504D0,    0000011P   4722
1637.913637182302D0,-27.01218765974293D0,175.7631469827273D0,    0000011P   4723
1644.668345152922D0,-24.99465162771938D0,176.6599227411686D0,    0000011P   4724
1651.475651724367D0,-23.03592617581061D0,177.5674157749183D0,    0000011P   4725
1658.300212206604D0,-21.09564285855594D0,178.425873321844D0,     0000011P   4726
1665.133812575959D0,-19.19124908104245D0,179.2548637287255D0,    0000011P   4727
1672.006585153944D0,-17.31274078779089D0,180.0565732068274D0,    0000011P   4728
1678.888011509044D0,-15.46658238434971D0,180.8312061123444D0,    0000011P   4729
1685.813893394669D0,-13.64378852371931D0,181.587118221168D0,     0000011P   4730
1692.709639319901D0,-11.85673609867706D0,182.3134781459652D0,    0000011P   4731
1699.645169527991D0,-10.09129672342059D0,183.0274691154062D0,    0000011P   4732
1706.585205095675D0,-8.354316719674042D0,183.7299663140929D0,    0000011P   4733
1713.523125496752D0,-6.641320044729063D0,184.4160353358633D0,    0000011P   4734
1720.50632404772D0,-4.94213242877613D0,185.1020753612836D0,      0000011P   4735
1727.4264312306D0,-3.278587840323134D0,185.7741919055808D0,      0000011P   4736
1734.375241436802D0,-1.630897440136159D0,186.4594405689531D0,    0000011P   4737
1739.002183859838D0,-0.541520172919737D0,186.913840332465D0,     0000011P   4738
1741.312910614335D0,-2.468403453623906D-14,187.143361021107D0,   0000011P   4739
-256.5689344094746D0,-62.86383346782772D0,234.6558647860426D0,   0000011P   4740
-242.2996865249159D0,-64.7414609199451D0,231.9371411537678D0,    0000011P   4741
-213.7830473832396D0,-68.51544018349209D0,226.1924147475351D0,   0000011P   4742
-171.0645557983609D0,-74.27272450813422D0,216.8010980703729D0,   0000011P   4743
-128.2624578651987D0,-80.13290541315789D0,206.713497667076D0,    0000011P   4744
-85.52441385315082D0,-86.04020532960479D0,196.1744890218174D0,   0000011P   4745
-42.76507224660079D0,-91.87105352154468D0,185.2821889788759D0,   0000011P   4746
-0.08023785312392312D0,-97.66033743047738D0,174.3103337110608D0, 0000011P   4747
42.65891830457978D0,-103.3838539922053D0,163.3850459306089D0,    0000011P   4748
85.3856633585502D0,-108.9311647895802D0,152.6130328319837D0,     0000011P   4749
128.1129311397854D0,-114.1728511598123D0,142.0418159760902D0,    0000011P   4750
166.1205690153605D0,-118.5993844494145D0,132.9593072785896D0,    0000011P   4751
199.3612104803812D0,-122.3354390127924D0,125.3554841624933D0,    0000011P   4752
227.8529690814743D0,-125.4130923906254D0,119.0827079053353D0,    0000011P   4753
256.370332450549D0,-128.337831298101D0,113.064277206155D0,       0000011P   4754
284.8362010109215D0,-131.08974473368D0,107.3558733099517D0,      0000011P   4755
313.3339056242501D0,-133.6610300971298D0,101.965797405779D0,     0000011P   4756
341.8669876960747D0,-136.0493049616751D0,96.93462425710621D0,    0000011P   4757
370.3595259453282D0,-138.2584221284484D0,92.29905615646105D0,    0000011P   4758
398.8493526778757D0,-140.274399892127D0,88.02939854064147D0,     0000011P   4759
432.121716488771D0,-142.393645118062D0,83.4674585073312D0,       0000011P   4760
470.1098429532572D0,-144.4769513506616D0,78.84669365683054D0,    0000011P   4761
508.1393071501001D0,-146.1493570043481D0,74.88695530615603D0,    0000011P   4762
541.3963733473212D0,-147.3197701491143D0,71.91157461928192D0,    0000011P   4763
569.9051551959184D0,-148.1135309574032D0,69.68066938855628D0,    0000011P   4764
603.1582820168983D0,-148.7885396617618D0,67.44394930926663D0,    0000011P   4765
641.15976558543D0,-149.1904932933131D0,65.4001503383045D0,       0000011P   4766
679.1761570914388D0,-149.1136559685741D0,63.93399302711929D0,    0000011P   4767
712.4277793401619D0,-148.6699280159856D0,63.05802189104328D0,    0000011P   4768
740.9160714992546D0,-148.0561092670317D0,62.5942799879694D0,     0000011P   4769
774.2013774348578D0,-147.0935965409176D0,62.40320746194566D0,    0000011P   4770
812.1727187301018D0,-145.6794324457646D0,62.7154334786224D0,     0000011P   4771
854.9689698667186D0,-143.5960494977581D0,63.67012696681277D0,    0000011P   4772
897.68580520321D0,-140.945491737392D0,65.12335959679544D0,       0000011P   4773
940.4792429192522D0,-137.808279842165D0,67.12704114145828D0,     0000011P   4774
983.1976963716058D0,-134.2572460653601D0,69.72801098337375D0,    0000011P   4775
1025.985999390766D0,-130.3068112117607D0,72.91221683674468D0,    0000011P   4776
1068.710575900093D0,-125.9594212136335D0,76.65474208809739D0,    0000011P   4777
1106.727896767944D0,-121.724176546679D0,80.4152057224006D0,      0000011P   4778
1139.960740048568D0,-117.7203267783038D0,83.96268703509212D0,    0000011P   4779
1168.453587455538D0,-114.0924603296148D0,87.1962355781092D0,     0000011P   4780
1201.735703312608D0,-109.6454749585474D0,91.22493788648654D0,    0000011P   4781
1239.722573993097D0,-104.2601891288771D0,96.21870482651788D0,    0000011P   4782
1282.499311930359D0,-97.77849213895252D0,102.3541049957023D0,    0000011P   4783
1325.2376576814D0,-90.84489948127113D0,108.9687628489625D0,      0000011P   4784
1363.24547019693D0,-84.25593325848907D0,115.2727240489648D0,     0000011P   4785
1396.459356394412D0,-78.17053138187515D0,121.0839272310945D0,    0000011P   4786
1424.951541681895D0,-72.76075061124968D0,126.2827993846438D0,    0000011P   4787
1453.474297101137D0,-67.20049910093584D0,131.7172822991263D0,    0000011P   4788
1482.031099489693D0,-61.51791497916184D0,137.3990490046882D0,    0000011P   4789
1510.57052090608D0,-55.63178795869427D0,143.3314983722267D0,     0000011P   4790
1530.44165198643D0,-51.31570750228382D0,147.6458077826186D0,     0000011P   4791
1541.786254076278D0,-48.77054926017591D0,150.1660191899819D0,    0000011P   4792
1544.641088412151D0,-48.13098813764373D0,150.8052556644675D0,    0000011P   4793
1547.484612509511D0,-47.48319995883425D0,151.4404661287738D0,    0000011P   4794
1550.326588139511D0,-46.83823013650984D0,152.0803907907508D0,    0000011P   4795
1553.19596584617D0,-46.18546957595477D0,152.7229295487227D0,     0000011P   4796
1556.035431674057D0,-45.53592472791024D0,153.3636484115458D0,    0000011P   4797
1558.87026736561D0,-44.88191790753395D0,154.0016040978737D0,     0000011P   4798
1561.719732210093D0,-44.22840918561026D0,154.6434561383598D0,    0000011P   4799
1564.569623895753D0,-43.57029725759996D0,155.282205215588D0,     0000011P   4800
1567.420028385598D0,-42.91576266988392D0,155.9229221324813D0,    0000011P   4801
1570.261779368867D0,-42.25942305308736D0,156.5593584927224D0,    0000011P   4802
1573.110539441007D0,-41.60169916431755D0,157.1943421977629D0,    0000011P   4803
1575.957848622045D0,-40.94736550089608D0,157.8288731789485D0,    0000011P   4804
1578.806553847816D0,-40.29204290371278D0,158.4598192563923D0,    0000011P   4805
1581.654083498413D0,-39.63806907324116D0,159.0876738723799D0,    0000011P   4806
1584.508219821466D0,-38.98423784299737D0,159.7125539101633D0,    0000011P   4807
1587.376974051964D0,-38.33309427684919D0,160.3374103854936D0,    0000011P   4808
1590.225687594289D0,-37.68295973482427D0,160.9529523383214D0,    0000011P   4809
1593.093908758384D0,-37.03800847375139D0,161.5704669424418D0,    0000011P   4810
1595.950522893841D0,-36.39091668400015D0,162.1755800719497D0,    0000011P   4811
1598.816687541721D0,-35.75235484405506D0,162.7878274172311D0,    0000011P   4812
1601.689284830041D0,-35.11313087690274D0,163.3744225834924D0,    0000011P   4813
1604.524584166876D0,-34.47938552730491D0,164.1133738029153D0,    0000011P   4814
1607.366348367978D0,-33.84799253330764D0,164.8437574922167D0,    0000011P   4815
1610.201674866437D0,-33.22202808823037D0,165.5812430158352D0,    0000011P   4816
1613.056524842056D0,-32.60018027089885D0,166.3265068078143D0,    0000011P   4817
1615.896939259291D0,-31.98162220400571D0,167.0686719672105D0,    0000011P   4818
1618.742237683571D0,-31.37429077730522D0,167.8227396853342D0,    0000011P   4819
1621.569035802226D0,-30.75557483441906D0,168.5528229394296D0,    0000011P   4820
1625.905260081757D0,-29.92311384785712D0,169.7920542044923D0,    0000011P   4821
1630.926145407381D0,-28.09773722614702D0,170.2774106114122D0,    0000011P   4822
1637.621485840804D0,-26.1989413472153D0,171.3942844013417D0,     0000011P   4823
1644.222485579001D0,-24.23395372859756D0,172.3167231591586D0,    0000011P   4824
1650.884848105613D0,-22.32706832820916D0,173.2505379660797D0,    0000011P   4825
1657.562116246962D0,-20.43967761348397D0,174.1343343728594D0,    0000011P   4826
1664.249851882613D0,-18.58836190919694D0,174.9881828529188D0,    0000011P   4827
1670.976487429694D0,-16.76349787321878D0,175.8143019567173D0,    0000011P   4828
1677.712382982463D0,-14.97118205803752D0,176.6128748159942D0,    0000011P   4829
1684.492407501543D0,-13.20276352507264D0,177.3924562908255D0,    0000011P   4830
1691.243138040881D0,-11.46998256462164D0,178.1418955060842D0,    0000011P   4831
1698.033298126673D0,-9.759278973792206D0,178.8788133544299D0,    0000011P   4832
1704.82855818475D0,-8.077113861421957D0,179.6040819265065D0,     0000011P   4833
1711.621350406971D0,-6.419140624844711D0,180.3126067062273D0,    0000011P   4834
1718.458275612694D0,-4.775573444615915D0,181.0212033476587D0,    0000011P   4835
1725.233502724104D0,-3.167179819684912D0,181.7155750918162D0,    0000011P   4836
1732.037019544054D0,-1.57499638706568D0,182.4234820237399D0,     0000011P   4837
1736.566095860803D0,-0.5228793229589654D0,182.8929358175171D0,   0000011P   4838
1738.827894439953D0,-2.458301629585625D-14,183.1300453543626D0,  0000011P   4839
-256.5689662837858D0,-60.26727594985367D0,232.8865661215924D0,   0000011P   4840
-242.2988505951863D0,-62.05169961665905D0,230.1435596054397D0,   0000011P   4841
-213.7810353731871D0,-65.64485546827135D0,224.3394387212155D0,   0000011P   4842
-171.0656763046315D0,-71.14180443756337D0,214.8254446809339D0,   0000011P   4843
-128.2599610434732D0,-76.74830492674694D0,204.5785793432206D0,   0000011P   4844
-85.52565974147812D0,-82.42315773857206D0,193.865354638879D0,    0000011P   4845
-42.76255671243084D0,-88.06064677612801D0,182.8015872280329D0,   0000011P   4846
-0.08105873208511408D0,-93.6334486775782D0,171.6206290675936D0,  0000011P   4847
42.65971721343783D0,-99.05777941878185D0,160.4041999746865D0,    0000011P   4848
85.38557259356099D0,-104.3423314018827D0,149.35757151466D0,      0000011P   4849
128.1125309925124D0,-109.4772560003269D0,138.6249226547174D0,    0000011P   4850
166.1208853668361D0,-113.834981370725D0,129.4159042812664D0,     0000011P   4851
199.3605983676279D0,-117.4483212393862D0,121.6537981302767D0,    0000011P   4852
227.8519749492963D0,-120.4019306698764D0,115.2309637389245D0,    0000011P   4853
256.3709280149395D0,-123.2074453265157D0,109.0661673855104D0,    0000011P   4854
284.8348477868662D0,-125.868038703245D0,103.2342280763286D0,     0000011P   4855
313.3324047944481D0,-128.3612003392593D0,97.73245147978184D0,    0000011P   4856
341.8676334451074D0,-130.6697364034084D0,92.59138127555339D0,    0000011P   4857
370.3584728860636D0,-132.7825676665093D0,87.83771766439682D0,    0000011P   4858
398.8481709226325D0,-134.7000858761006D0,83.45047196461758D0,    0000011P   4859
432.1224781180667D0,-136.7180757339538D0,78.76266774907363D0,    0000011P   4860
470.1080332750074D0,-138.7277679429762D0,74.02953884406118D0,    0000011P   4861
508.1397998713365D0,-140.3622421792452D0,69.97954332632943D0,    0000011P   4862
541.3958657548297D0,-141.5143139340973D0,66.93113896245221D0,    0000011P   4863
569.9047203637254D0,-142.2980047176448D0,64.63616892804345D0,    0000011P   4864
603.158642745167D0,-142.9624729300856D0,62.31683340246919D0,     0000011P   4865
641.1586193773402D0,-143.3464890551458D0,60.15858668216697D0,    0000011P   4866
679.1766817017626D0,-143.3040931661239D0,58.60537338427579D0,    0000011P   4867
712.4269348049361D0,-142.9720545592041D0,57.71095942601944D0,    0000011P   4868
740.9155107394021D0,-142.4707310319512D0,57.23306929145454D0,    0000011P   4869
774.2017842446877D0,-141.613535984757D0,56.98333675199329D0,     0000011P   4870
812.1715987203274D0,-140.2175347739927D0,57.10547152430087D0,    0000011P   4871
854.969551020017D0,-138.1861957354619D0,57.8573759272843D0,      0000011P   4872
897.6846317396046D0,-135.7896018827116D0,59.2968190446144D0,     0000011P   4873
940.4798300762731D0,-132.9859953668189D0,61.36128683743054D0,    0000011P   4874
983.1965500881372D0,-129.7256421060222D0,63.98263693183044D0,    0000011P   4875
1025.986659624482D0,-126.0144697629471D0,67.11171259558918D0,    0000011P   4876
1068.709105546502D0,-121.846782438942D0,70.68811528587719D0,     0000011P   4877
1106.728276997428D0,-117.7985293004089D0,74.33938006122995D0,    0000011P   4878
1139.960375701573D0,-114.0377037323109D0,77.91980421332877D0,    0000011P   4879
1168.45251689912D0,-110.6417252024966D0,81.22129341826371D0,     0000011P   4880
1201.736263836531D0,-106.4563257458781D0,85.31908025141112D0,    0000011P   4881
1239.721755200604D0,-101.3055230986842D0,90.29550047030773D0,    0000011P   4882
1282.499565463126D0,-95.06062516974401D0,96.38854828469414D0,    0000011P   4883
1325.237469968992D0,-88.39806968784932D0,103.045500939658D0,     0000011P   4884
1363.245452912186D0,-82.06771473490994D0,109.4796544644408D0,    0000011P   4885
1396.459466726383D0,-76.21180701629881D0,115.4848092600316D0,    0000011P   4886
1424.950875533517D0,-70.98961760165025D0,120.8651555080017D0,    0000011P   4887
1453.47429473389D0,-65.59571290069044D0,126.4564189458488D0,     0000011P   4888
1482.031745687594D0,-60.0466818535406D0,132.2298621176061D0,     0000011P   4889
1510.572014954789D0,-54.27267426132078D0,138.2303343894861D0,    0000011P   4890
1530.441914125243D0,-50.02808567498096D0,142.6045863518022D0,    0000011P   4891
1541.786144652748D0,-47.52403412958389D0,145.1722145325288D0,    0000011P   4892
1544.641980949369D0,-46.89463066363075D0,145.8240365660173D0,    0000011P   4893
1547.48486203434D0,-46.25726615636673D0,146.4722273312019D0,     0000011P   4894
1550.327551109581D0,-45.62247613908332D0,147.1257366545076D0,    0000011P   4895
1553.196953772413D0,-44.98017280261665D0,147.7823887815303D0,    0000011P   4896
1556.036976572893D0,-44.34085457157138D0,148.4376126502543D0,    0000011P   4897
1558.871514940988D0,-43.6972254557107D0,149.0904197692452D0,     0000011P   4898
1561.721514439676D0,-43.05402542253754D0,149.7476245330684D0,    0000011P   4899
1564.571012300418D0,-42.40641217734184D0,150.4020230448494D0,    0000011P   4900
1567.422092922868D0,-41.76219280724222D0,151.0587991627991D0,    0000011P   4901
1570.263891222215D0,-41.11625733673287D0,151.7115196722231D0,    0000011P   4902
1573.112504773674D0,-40.46902257743377D0,152.3630665061378D0,    0000011P   4903
1575.96037559871D0,-39.82505176021655D0,153.0144455229771D0,     0000011P   4904
1578.809228713554D0,-39.18019034792269D0,153.6624217301727D0,    0000011P   4905
1581.656932116129D0,-38.5366808125209D0,154.307481168439D0,      0000011P   4906
1584.511082415251D0,-37.89339051459201D0,154.9497234100085D0,    0000011P   4907
1587.380459937583D0,-37.25275941505168D0,155.5921567420467D0,    0000011P   4908
1590.228985067709D0,-36.61320489972973D0,156.2252253186609D0,    0000011P   4909
1593.098214519931D0,-35.97871854188566D0,156.860492957641D0,     0000011P   4910
1595.954284124597D0,-35.34234137529402D0,157.4831868797159D0,    0000011P   4911
1598.821512118861D0,-34.71425185098165D0,158.1133364854926D0,    0000011P   4912
1601.694298879584D0,-34.08571170045359D0,158.7172721934195D0,    0000011P   4913
1604.529224771277D0,-33.46258534261975D0,159.4776662759467D0,    0000011P   4914
1607.370333726664D0,-32.84191147570846D0,160.2293399317572D0,    0000011P   4915
1610.205072844733D0,-32.2266358982084D0,160.9883544900906D0,     0000011P   4916
1613.05967241005D0,-31.61552525194761D0,161.7553837989919D0,     0000011P   4917
1615.898990726643D0,-31.00780812529399D0,162.5192443363873D0,    0000011P   4918
1618.744756260304D0,-30.41105955143605D0,163.2953116748853D0,    0000011P   4919
1621.567236172313D0,-29.8037611862932D0,164.0467340094994D0,     0000011P   4920
1625.920800166712D0,-28.98440434096003D0,165.3216836039607D0,    0000011P   4921
1630.7602898766D0,-27.21174179433971D0,165.8237061374389D0,      0000011P   4922
1637.327173154306D0,-25.36259656035734D0,166.9744655437081D0,    0000011P   4923
1643.773012853985D0,-23.4523197968129D0,167.9253694853623D0,     0000011P   4924
1650.288750031658D0,-21.59923513640234D0,168.8877104584367D0,    0000011P   4925
1656.816820408199D0,-19.76652193517253D0,169.7985437040187D0,    0000011P   4926
1663.356567144606D0,-17.96991941330474D0,170.6785331996164D0,    0000011P   4927
1669.934728131824D0,-16.20021091773807D0,171.5300212123301D0,    0000011P   4928
1676.522547368081D0,-14.46315112361863D0,172.3532610268894D0,    0000011P   4929
1683.153966399412D0,-12.75044947650341D0,173.1570979650012D0,    0000011P   4930
1689.756736202823D0,-11.07323563992846D0,173.93015304119D0,      0000011P   4931
1696.398388965654D0,-9.418543569630032D0,174.690576189551D0,     0000011P   4932
1703.045549841029D0,-7.792475137277629D0,175.4393277842161D0,    0000011P   4933
1709.689709117066D0,-6.190839155965714D0,176.1712445766195D0,    0000011P   4934
1716.376680494178D0,-4.604264232333154D0,176.903650071774D0,     0000011P   4935
1723.003176712914D0,-3.052477371489195D0,177.6219366139297D0,    0000011P   4936
1729.657384365764D0,-1.517366662414165D0,178.3546601504141D0,    0000011P   4937
1734.085811001365D0,-0.5036442594880362D0,178.8410002753414D0,   0000011P   4938
1736.297263917198D0,-2.448199805547339D-14,179.0867283929599D0,  0000011P   4939
-256.5689429408637D0,-57.57193010153362D0,231.1983082169354D0,   0000011P   4940
-242.297974644939D0,-59.26692722705459D0,228.4359986409774D0,    0000011P   4941
-213.7790096424072D0,-62.6817400189957D0,222.5795987486796D0,    0000011P   4942
-171.0668057231673D0,-67.92452053815379D0,212.9568984611833D0,   0000011P   4943
-128.2574743788265D0,-73.30364622481596D0,202.5798819428654D0,   0000011P   4944
-85.52690926698863D0,-78.73941893655805D0,191.7011843820546D0,   0000011P   4945
-42.76004420749668D0,-84.09058015715021D0,180.4185816084417D0,   0000011P   4946
-0.08188419288447671D0,-89.41417854714702D0,169.0224697936885D0, 0000011P   4947
42.66051159774079D0,-94.71377770274361D0,157.6478064848914D0,    0000011P   4948
85.38547795249613D0,-99.86918058574049D0,146.4270543373168D0,    0000011P   4949
128.1121271923549D0,-104.743168082754D0,135.4304431062337D0,     0000011P   4950
166.1211981090431D0,-108.8616005134688D0,125.9801955634465D0,    0000011P   4951
199.3599827327502D0,-112.3394316550898D0,118.0556579391159D0,    0000011P   4952
227.8509773813974D0,-115.2020101310757D0,111.5102174001125D0,    0000011P   4953
256.3715202201107D0,-117.9162619263238D0,105.2228975448241D0,    0000011P   4954
284.8334912488173D0,-120.4598866806307D0,99.25337144483891D0,    0000011P   4955
313.3309006736703D0,-122.8329929348109D0,93.61472492508248D0,    0000011P   4956
341.8682759128901D0,-125.0405031168005D0,88.3539614951587D0,     0000011P   4957
370.3574165508572D0,-127.0929150147822D0,83.51396815966569D0,    0000011P   4958
398.8469858948967D0,-128.9739150470154D0,79.05967399902389D0,    0000011P   4959
432.1232364796754D0,-130.9575211073254D0,74.30061006945391D0,    0000011P   4960
470.1062203398593D0,-132.9117000906603D0,69.47418646661032D0,    0000011P   4961
508.1402893235312D0,-134.474164367857D0,65.31253447348628D0,     0000011P   4962
541.3953548447346D0,-135.552847150008D0,62.15117070243343D0,     0000011P   4963
569.9042821630939D0,-136.2870242546463D0,59.76406679020334D0,    0000011P   4964
603.1590000543624D0,-136.932990808409D0,57.3605660128592D0,      0000011P   4965
641.1574697323631D0,-137.3856734824108D0,55.16485653812481D0,    0000011P   4966
679.1772028298003D0,-137.4203773105365D0,53.55659149533297D0,    0000011P   4967
712.4260866725139D0,-137.0897489118524D0,52.53741909564639D0,    0000011P   4968
740.9149462461401D0,-136.5912367971879D0,51.94339577385259D0,    0000011P   4969
774.2021871342123D0,-135.7939929192122D0,51.5980369254584D0,     0000011P   4970
812.1704745596904D0,-134.6258398506492D0,51.74052149295589D0,    0000011P   4971
854.9701277890096D0,-132.8749322106441D0,52.5110252498142D0,     0000011P   4972
897.6834537332954D0,-130.5916239813715D0,53.78524704498109D0,    0000011P   4973
940.4804124497056D0,-127.8845509695197D0,55.64978002369519D0,    0000011P   4974
983.1953985396971D0,-124.855406138252D0,58.18632585546146D0,     0000011P   4975
1025.987314425777D0,-121.4518406038705D0,61.30991638347163D0,    0000011P   4976
1068.707630465211D0,-117.6100116897428D0,64.92408425384549D0,    0000011P   4977
1106.728651641071D0,-113.8284088784037D0,68.57777335732129D0,    0000011P   4978
1139.960002277596D0,-110.2559574625581D0,72.08627241273099D0,    0000011P   4979
1168.45143524939D0,-107.0151721477533D0,75.3172610700765D0,      0000011P   4980
1201.73681540284D0,-103.032129313145D0,79.37204645231071D0,      0000011P   4981
1239.72094112571D0,-98.1849818779844D0,84.42630724749601D0,      0000011P   4982
1282.499818099506D0,-92.30699847926516D0,90.6802149126915D0,     0000011P   4983
1325.237218285501D0,-85.96427957188048D0,97.47173633684159D0,    0000011P   4984
1363.245385453827D0,-79.87521452502082D0,103.9772536105284D0,    0000011P   4985
1396.45967884161D0,-74.1978863390726D0,109.991117161201D0,       0000011P   4986
1424.950386724766D0,-69.11838767811568D0,115.3812690317335D0,    0000011P   4987
1453.474338925638D0,-63.86813660705352D0,121.0243248610606D0,    0000011P   4988
1482.031948257964D0,-58.47583289839331D0,126.931339054459D0,     0000011P   4989
1510.57278350262D0,-52.85840048018916D0,133.1108047048456D0,     0000011P   4990
1530.441798601492D0,-48.71393167000861D0,137.616022162645D0,     0000011P   4991
1541.78615372544D0,-46.26110118396244D0,140.2522661760799D0,     0000011P   4992
1544.643128390013D0,-45.64412436394208D0,140.9211513817297D0,    0000011P   4993
1547.485512259764D0,-45.01918824180891D0,141.5859805846496D0,    0000011P   4994
1550.329067813551D0,-44.39633058459447D0,142.255951099493D0,     0000011P   4995
1553.198653548174D0,-43.76599698589774D0,142.9288493887803D0,    0000011P   4996
1556.039394365346D0,-43.13818996139772D0,143.6000051892769D0,    0000011P   4997
1558.873797228737D0,-42.50600733267413D0,144.2684226691133D0,    0000011P   4998
1561.724491821215D0,-41.87398108115936D0,144.9411089564198D0,    0000011P   4999
1564.57375276362D0,-41.23754003918347D0,145.6106934445168D0,     0000011P   5000
1567.425660738434D0,-40.60412995181382D0,146.2825109165557D0,    0000011P   5001
1570.267649732961D0,-39.96892535462447D0,146.9499812091186D0,    0000011P   5002
1573.116250148358D0,-39.33235123095906D0,147.6160781564392D0,    0000011P   5003
1575.964803853705D0,-38.69877166245028D0,148.2818514136926D0,    0000011P   5004
1578.813911791797D0,-38.06426885110216D0,148.9440010452825D0,    0000011P   5005
1581.661879424562D0,-37.43100215758959D0,149.6030435600048D0,    0000011P   5006
1584.516115568171D0,-36.79792458676901D0,150.2590990887255D0,    0000011P   5007
1587.386167487138D0,-36.16738311381489D0,150.9152710596775D0,    0000011P   5008
1590.234532392421D0,-35.53790326757024D0,151.561776610778D0,     0000011P   5009
1593.10477324885D0,-34.91330605493619D0,152.2104940734645D0,     0000011P   5010
1595.960274213705D0,-34.28700947030318D0,152.8462898847531D0,    0000011P   5011
1598.828512066405D0,-33.66871205445135D0,153.4897250251244D0,    0000011P   5012
1601.701403278827D0,-33.05014146461512D0,154.1062845959224D0,    0000011P   5013
1604.53583701809D0,-32.43689791106355D0,154.883342779518D0,      0000011P   5014
1607.376136180062D0,-31.82619716941817D0,155.6515034262137D0,    0000011P   5015
1610.210095375803D0,-31.22086676054785D0,156.4272576997032D0,    0000011P   5016
1613.064211840814D0,-30.61976400649387D0,157.2113147316855D0,    0000011P   5017
1615.902159064869D0,-30.02218507851036D0,157.9922222486101D0,    0000011P   5018
1618.748072260294D0,-29.43535527043104D0,158.7857680740359D0,    0000011P   5019
1621.565867908492D0,-28.83886116768398D0,159.5541734903992D0,    0000011P   5020
1625.936150970972D0,-28.03178492579282D0,160.8586277811126D0,    0000011P   5021
1630.593241643451D0,-26.31100046816746D0,161.3698792601054D0,    0000011P   5022
1637.030106029551D0,-24.51088736766676D0,162.546605269957D0,     0000011P   5023
1643.318922436801D0,-22.65508978581278D0,163.5193043585649D0,    0000011P   5024
1649.685876395953D0,-20.85592219814361D0,164.5046290761795D0,    0000011P   5025
1656.06230342479D0,-19.07831201738079D0,165.4379629936178D0,     0000011P   5026
1662.451334868101D0,-17.33711852717348D0,166.3404422318716D0,    0000011P   5027
1668.878020992999D0,-15.62349293159081D0,167.2144114140788D0,    0000011P   5028
1675.31449660404D0,-13.94280919649855D0,168.0600726173558D0,     0000011P   5029
1681.793782735022D0,-12.28709831965283D0,168.8864402644369D0,    0000011P   5030
1688.244811188371D0,-10.66684050588987D0,169.681785898895D0,     0000011P   5031
1694.733929714923D0,-9.069625037636076D0,170.4646671356576D0,    0000011P   5032
1701.228725097453D0,-7.501155717454461D0,171.236011271741D0,     0000011P   5033
1707.719752622688D0,-5.957357942261732D0,171.9904649654971D0,    0000011P   5034
1714.252045774455D0,-4.429235912841794D0,172.7457382122819D0,    0000011P   5035
1720.724868014021D0,-2.935437308525406D0,173.4867910989762D0,    0000011P   5036
1727.22461162587D0,-1.458662838320852D0,174.2428540745921D0,     0000011P   5037
1731.548815407689D0,-0.4840729007577331D0,174.7447957053346D0,   0000011P   5038
1733.70810307677D0,-2.438097981509057D-14,174.9984047521959D0,   0000011P   5039
-256.5687892355753D0,-54.80545871983614D0,229.6140583462699D0,   0000011P   5040
-242.2970044313396D0,-56.42366143882734D0,226.8398648388302D0,   0000011P   5041
-213.7769521365895D0,-59.68507015337086D0,220.9471093692129D0,   0000011P   5042
-171.0679573851412D0,-64.67755153349219D0,211.2255887881082D0,   0000011P   5043
-128.2550135928605D0,-69.76698301989748D0,200.6970093981102D0,   0000011P   5044
-85.52816971640965D0,-74.93292629690777D0,189.6519585985369D0,   0000011P   5045
-42.75754099753365D0,-80.0969140209798D0,178.2222938019603D0,    0000011P   5046
-0.08272233224369731D0,-85.21851248819129D0,166.6490234329901D0, 0000011P   5047
42.66129326338304D0,-90.2062848392641D0,155.0136210887935D0,     0000011P   5048
85.38537182539935D0,-95.06869246223297D0,143.5315340589458D0,    0000011P   5049
128.1117123449488D0,-99.79760727979073D0,132.3541868206416D0,    0000011P   5050
166.1214998495662D0,-103.8058821244994D0,122.7500246643698D0,    0000011P   5051
199.3593561468342D0,-107.1193814350366D0,114.6492852202082D0,    0000011P   5052
227.8499689236661D0,-109.827783123953D0,107.9455126433045D0,     0000011P   5053
256.3721016248419D0,-112.4073899806939D0,101.5135466620309D0,    0000011P   5054
284.8321240381134D0,-114.8680260717233D0,95.4350472700971D0,     0000011P   5055
313.3293860168983D0,-117.182781878701D0,89.70530231994837D0,     0000011P   5056
341.8689079609985D0,-119.3296082324337D0,84.35456357999028D0,    0000011P   5057
370.3563498630857D0,-121.2920289297856D0,79.40906179923191D0,    0000011P   5058
398.8457905463098D0,-123.0713675271757D0,74.84337914910361D0,    0000011P   5059
432.123984531973D0,-124.9426394343897D0,69.95930302461755D0,     0000011P   5060
470.1043970947411D0,-126.8053553939382D0,65.01391322196092D0,    0000011P   5061
508.1407684893551D0,-128.3354148700889D0,60.77151395078224D0,    0000011P   5062
541.3948337162127D0,-129.4390733584344D0,57.5754480942731D0,     0000011P   5063
569.9038337624793D0,-130.1991274100599D0,55.15631790734402D0,    0000011P   5064
603.1593470547796D0,-130.8431578951265D0,52.6818611753171D0,     0000011P   5065
641.1563093486953D0,-131.1946154197559D0,50.31300689651562D0,    0000011P   5066
679.1777128157894D0,-131.1836749499952D0,48.55611371567041D0,    0000011P   5067
712.4252273505394D0,-130.9806196446758D0,47.52330541539587D0,    0000011P   5068
740.9143705979658D0,-130.6408586099138D0,46.94366677867114D0,    0000011P   5069
774.2025788408561D0,-130.0103566908414D0,46.58299515390161D0,    0000011P   5070
812.1693388629949D0,-128.8974105581244D0,46.57294545931761D0,    0000011P   5071
854.9706924371764D0,-127.2041423097639D0,47.15291941037754D0,    0000011P   5072
897.6822630808292D0,-125.1529686091475D0,48.38172788081147D0,    0000011P   5073
940.4809817429681D0,-122.7251749974466D0,50.22514772919146D0,    0000011P   5074
983.1942336010513D0,-119.8948196054846D0,52.6435149672791D0,     0000011P   5075
1025.987955122795D0,-116.6752514383259D0,55.62050172403275D0,    0000011P   5076
1068.706139631167D0,-113.0692313607535D0,59.12869599608308D0,    0000011P   5077
1106.729010790824D0,-109.549456132311D0,62.75290833273226D0,     0000011P   5078
1139.959616718246D0,-106.2493491637146D0,66.30358556667929D0,    0000011P   5079
1168.450343458717D0,-103.2518191084355D0,69.58656900111798D0,    0000011P   5080
1201.737354566491D0,-99.54051622892729D0,73.68471921180893D0,    0000011P   5081
1239.720100387025D0,-94.95360646306537D0,78.71185695833343D0,    0000011P   5082
1282.500050837344D0,-89.35240272145413D0,84.92675116032874D0,    0000011P   5083
1325.237015165941D0,-83.32350202617423D0,91.76601992057024D0,    0000011P   5084
1363.245354295681D0,-77.52106407762851D0,98.37360293766112D0,    0000011P   5085
1396.459769102549D0,-72.08121181679688D0,104.5071558642585D0,    0000011P   5086
1424.949699147134D0,-67.1944963672594D0,110.0134802847951D0,     0000011P   5087
1453.474326907459D0,-62.1238858969351D0,115.7790552943015D0,     0000011P   5088
1482.032618990618D0,-56.89636679055394D0,121.8074816907518D0,    0000011P   5089
1510.574324411063D0,-51.42834600434923D0,128.1090438086124D0,    0000011P   5090
1530.442090815404D0,-47.37731397775576D0,132.7010796743389D0,    0000011P   5091
1541.786046991241D0,-44.97419080206368D0,135.3878373688745D0,    0000011P   5092
1544.64401603431D0,-44.36936140964964D0,136.0695505302786D0,     0000011P   5093
1547.485748748427D0,-43.75667151342938D0,136.7470942329078D0,    0000011P   5094
1550.330009172567D0,-43.14565644326295D0,137.4299041836804D0,    0000011P   5095
1553.199610986187D0,-42.52729052260057D0,138.1157199660786D0,    0000011P   5096
1556.040899725837D0,-41.91107568528409D0,138.7997630196855D0,    0000011P   5097
1558.874996172068D0,-41.29049889179811D0,139.4810210762339D0,    0000011P   5098
1561.726216410816D0,-40.66987946459292D0,140.1666849014559D0,    0000011P   5099
1564.575074735483D0,-40.04491269012719D0,140.8492080829038D0,    0000011P   5100
1567.427650394553D0,-39.42267829850536D0,141.5340672327063D0,    0000011P   5101
1570.269678730628D0,-38.79863066346987D0,142.2145261427588D0,    0000011P   5102
1573.118125253985D0,-38.17319826717641D0,142.8936414525497D0,    0000011P   5103
1575.967233964496D0,-37.55054136910715D0,143.5724975180321D0,    0000011P   5104
1578.816484014703D0,-36.9269742375171D0,144.2477203646187D0,     0000011P   5105
1581.664620613716D0,-36.30456844887577D0,144.9198478732238D0,    0000011P   5106
1584.518867068242D0,-35.68235797940363D0,145.5890116373839D0,    0000011P   5107
1587.389539863822D0,-35.06259214562245D0,146.2584011304365D0,    0000011P   5108
1590.237715320968D0,-34.44389994647676D0,146.9179973781453D0,    0000011P   5109
1593.10896493822D0,-33.82992714959781D0,147.5799841296326D0,     0000011P   5110
1595.963923482966D0,-33.21446403708035D0,148.2288579422386D0,    0000011P   5111
1598.83322856007D0,-32.60672456654626D0,148.8857022803547D0,     0000011P   5112
1601.706315019604D0,-31.99889764804778D0,149.5151478322571D0,    0000011P   5113
1604.540383114475D0,-31.39631461030147D0,150.3092615942748D0,    0000011P   5114
1607.380036986875D0,-30.79636363341056D0,151.0944209723666D0,    0000011P   5115
1610.213421043113D0,-30.20174928771254D0,151.8875378687172D0,    0000011P   5116
1613.067301752806D0,-29.61141490255033D0,152.6893476027168D0,    0000011P   5117
1615.904170074651D0,-29.02471955915273D0,153.4881200533749D0,    0000011P   5118
1618.750570250688D0,-28.44853413908711D0,154.3000461992382D0,    0000011P   5119
1621.564070365623D0,-27.8635454843786D0,155.0864113142026D0,     0000011P   5120
1625.951731452527D0,-27.06975539376601D0,156.4219297773994D0,    0000011P   5121
1630.427488160647D0,-25.40207064324198D0,156.9446835179307D0,    0000011P   5122
1636.735990937061D0,-23.65232129390148D0,158.1505952099375D0,    0000011P   5123
1642.869760978184D0,-21.85215525238776D0,159.1487172859059D0,    0000011P   5124
1649.090220972612D0,-20.10789281232707D0,160.1610915000691D0,    0000011P   5125
1655.31759891815D0,-18.3862244183615D0,161.1214589027401D0,      0000011P   5126
1661.558807026487D0,-16.70114439285408D0,162.0514569081618D0,    0000011P   5127
1667.83720062402D0,-15.04418677224992D0,162.9534616452765D0,     0000011P   5128
1674.125798004742D0,-13.4203597883804D0,163.8276531333544D0,     0000011P   5129
1680.45669237333D0,-11.82203096644671D0,164.6832440459243D0,     0000011P   5130
1686.759989040739D0,-10.2590460278312D0,165.5081856053745D0,     0000011P   5131
1693.100844004416D0,-8.719564556896389D0,166.3214722572315D0,    0000011P   5132
1699.447798359895D0,-7.208907262344736D0,167.124027371163D0,     0000011P   5133
1705.790465075629D0,-5.723131100161149D0,167.9103366622061D0,    0000011P   5134
1712.173090101969D0,-4.253630840520511D0,168.6985257658262D0,    0000011P   5135
1718.497480304012D0,-2.817989812221038D0,169.4731516613024D0,    0000011P   5136
1724.848226341349D0,-1.399736319544926D0,170.2641484490981D0,    0000011P   5137
1729.07199638568D0,-0.4644222693931689D0,170.7899657400694D0,    0000011P   5138
1731.181048348002D0,-2.427996157470771D-14,171.0557337947702D0,  0000011P   5139
-256.5686544398951D0,-52.024771121305D0,228.1526089183118D0,     0000011P   5140
-242.296048828716D0,-53.5389041539947D0,225.3549821090836D0,     0000011P   5141
-213.7749019250321D0,-56.5968065819032D0,219.4052895331709D0,    0000011P   5142
-171.069110618924D0,-61.31096477848654D0,209.5818095352599D0,    0000011P   5143
-128.2525553304996D0,-66.16370563248233D0,198.9465054946377D0,   0000011P   5144
-85.52943608032592D0,-71.09241663363962D0,187.7673505466032D0,   0000011P   5145
-42.75504527860019D0,-75.97942059814406D0,176.149360570447D0,    0000011P   5146
-0.08356864934696939D0,-80.84316623104063D0,164.3789478688614D0, 0000011P   5147
42.66206602521523D0,-85.6540470113587D0,152.579161765918D0,      0000011P   5148
85.38525606027292D0,-90.34254579831504D0,140.92037946515D0,      0000011P   5149
128.1112871475618D0,-94.82383986049553D0,129.5077090748553D0,    0000011P   5150
166.1217907622297D0,-98.6264230069639D0,119.6982921081949D0,     0000011P   5151
199.3587185249448D0,-101.8280797818638D0,111.461824524178D0,     0000011P   5152
227.8489493086935D0,-104.4554815421811D0,104.6516925094836D0,    0000011P   5153
256.3726717219978D0,-106.9373268320675D0,98.10347113228671D0,    0000011P   5154
284.8307452551417D0,-109.2518018328338D0,91.88040113730204D0,    0000011P   5155
313.3278595010319D0,-111.4108599756737D0,86.00196900800029D0,    0000011P   5156
341.8695279323495D0,-113.4306409376486D0,80.52321130489375D0,    0000011P   5157
370.3552710402571D0,-115.332133438165D0,75.49477989274162D0,     0000011P   5158
398.8445830896837D0,-117.0849242893236D0,70.86981239417966D0,    0000011P   5159
432.1247205220423D0,-118.9283400430772D0,65.92013384033338D0,    0000011P   5160
470.1025617394535D0,-120.7111948628123D0,60.87105160022685D0,    0000011P   5161
508.1412354285031D0,-122.1338311446493D0,56.50112408309589D0,    0000011P   5162
541.3943002464079D0,-123.1446207563594D0,53.18488348682325D0,    0000011P   5163
569.9033730119213D0,-123.8504100730279D0,50.67480897985698D0,    0000011P   5164
603.1596819138656D0,-124.4890570677719D0,48.12944233976117D0,    0000011P   5165
641.1551375371405D0,-124.9575595741213D0,45.75987422606707D0,    0000011P   5166
679.1782120485231D0,-125.0578468635399D0,43.97479791036409D0,    0000011P   5167
712.4243573944051D0,-124.8361492197106D0,42.80748575180019D0,    0000011P   5168
740.9137843118677D0,-124.4561018150666D0,42.08136535918746D0,    0000011P   5169
774.202960035009D0,-123.814696509247D0,41.56490748588922D0,      0000011P   5170
812.1681933448542D0,-122.8330529820858D0,41.47239487028713D0,    0000011P   5171
854.9712485300823D0,-121.3763985565629D0,42.00911724553552D0,    0000011P   5172
897.681065376696D0,-119.5456059099116D0,43.16479155188632D0,     0000011P   5173
940.4815454320252D0,-117.3393578650017D0,44.923146891435D0,      0000011P   5174
983.1930641529177D0,-114.7494506073116D0,47.26254202251485D0,    0000011P   5175
1025.988593490634D0,-111.7921379463639D0,50.17841094606538D0,    0000011P   5176
1068.70465117819D0,-108.473560422121D0,53.65512220070076D0,      0000011P   5177
1106.729373769922D0,-105.2024312832813D0,57.23329453432325D0,    0000011P   5178
1139.959230597121D0,-102.0940604842446D0,60.69771621394591D0,    0000011P   5179
1168.449249563784D0,-99.26184295284023D0,63.90460725420626D0,    0000011P   5180
1201.737899574D0,-95.76624819026795D0,67.94629955957467D0,       0000011P   5181
1239.719298802451D0,-91.49053892978697D0,73.00481104251817D0,    0000011P   5182
1282.500315731544D0,-86.25765063485208D0,79.28838536946492D0,    0000011P   5183
1325.236714913855D0,-80.54623838283213D0,86.13231081325181D0,    0000011P   5184
1363.245259355402D0,-75.01534420385724D0,92.7695493471937D0,     0000011P   5185
1396.460121860157D0,-69.83033507470168D0,99.00809774107003D0,    0000011P   5186
1424.949436647317D0,-65.16103703439299D0,104.6326976563419D0,    0000011P   5187
1453.474462453385D0,-60.29312168902489D0,110.5187649190788D0,    0000011P   5188
1482.032393635902D0,-55.24045952513777D0,116.6434818803496D0,    0000011P   5189
1510.574366928294D0,-49.92679377554279D0,123.0404934064528D0,    0000011P   5190
1530.441621313327D0,-45.9746044563113D0,127.7148325606691D0,     0000011P   5191
1541.786231652083D0,-43.62663869837324D0,130.4587555641193D0,    0000011P   5192
1544.645484636753D0,-43.03543034318098D0,131.1553691380514D0,    0000011P   5193
1547.486875715997D0,-42.43655567256202D0,131.8480712269701D0,    0000011P   5194
1550.332165909572D0,-41.83904093467724D0,132.5465088529518D0,    0000011P   5195
1553.20211950026D0,-41.23438253830049D0,133.2483476433334D0,     0000011P   5196
1556.044298080106D0,-40.63157519090883D0,133.9486736634087D0,    0000011P   5197
1558.878431667213D0,-40.0244883473641D0,134.6464311314055D0,     0000011P   5198
1561.730518171245D0,-39.41722202660689D0,135.3489673735509D0,    0000011P   5199
1564.579306978834D0,-38.80573132469679D0,136.0485330945216D0,    0000011P   5200
1567.43287132513D0,-38.19672331224771D0,136.7507196583171D0,     0000011P   5201
1570.275243328696D0,-37.58592555664285D0,137.4486077350388D0,    0000011P   5202
1573.123819029596D0,-36.9737633943223D0,138.1453096923227D0,     0000011P   5203
1575.973739979157D0,-36.36418661809006D0,138.841917509793D0,     0000011P   5204
1578.823358960332D0,-35.75373491792453D0,139.534956096764D0,     0000011P   5205
1581.67185635008D0,-35.14438544156219D0,140.2249576291617D0,     0000011P   5206
1584.526265366306D0,-34.53524649205988D0,140.9120380860858D0,    0000011P   5207
1587.397667136244D0,-33.92846308275902D0,141.5994459088714D0,    0000011P   5208
1590.245712510624D0,-33.3227610381781D0,142.2768989340219D0,     0000011P   5209
1593.117976942363D0,-32.72160424215078D0,142.956859251237D0,     0000011P   5210
1595.972341229619D0,-32.11914861994855D0,143.6234264610739D0,    0000011P   5211
1598.842599223367D0,-31.52411690150735D0,144.298179434728D0,     0000011P   5212
1601.715699572538D0,-30.92915260516957D0,144.9448673703005D0,    0000011P   5213
1604.549149036493D0,-30.33931153357174D0,145.7602230009715D0,    0000011P   5214
1607.38782842441D0,-29.75214762677108D0,146.5663702112489D0,     0000011P   5215
1610.220227358514D0,-29.17023586004607D0,147.3806145647015D0,    0000011P   5216
1613.073376963201D0,-28.59259892551366D0,148.2036904913036D0,    0000011P   5217
1615.908581086757D0,-28.01865216984969D0,149.0235629455177D0,    0000011P   5218
1618.7547884216D0,-27.4549054178275D0,149.856798983771D0,        0000011P   5219
1621.563214076405D0,-26.88313912354171D0,150.6637207943121D0,    0000011P   5220
1625.96693264115D0,-26.10507829917537D0,152.033650903865D0,      0000011P   5221
1630.259220662395D0,-24.49343153322338D0,152.5710205386015D0,    0000011P   5222
1636.436039685707D0,-22.79717583620308D0,153.8076987867125D0,    0000011P   5223
1642.410800106669D0,-21.05525239993993D0,154.8306033147187D0,    0000011P   5224
1648.480176447083D0,-19.36800862981799D0,155.8672518546446D0,    0000011P   5225
1654.553303860139D0,-17.70391929606966D0,156.8498297101092D0,    0000011P   5226
1660.640890099792D0,-16.0761350534415D0,157.8005623624155D0,     0000011P   5227
1666.764610227082D0,-14.47659406442429D0,158.7219442201194D0,    0000011P   5228
1672.898380700805D0,-12.90996012048475D0,159.6142200184546D0,    0000011P   5229
1679.073381571879D0,-11.36895856793883D0,160.4868874555537D0,    0000011P   5230
1685.220906335149D0,-9.862821938384704D0,161.3276642064294D0,    0000011P   5231
1691.404933910036D0,-8.380301411790704D0,162.1560683210171D0,    0000011P   5232
1697.594974380198D0,-6.926355896668436D0,162.973106015445D0,     0000011P   5233
1703.779713071176D0,-5.497195201740711D0,163.7731888352445D0,    0000011P   5234
1710.002623075209D0,-4.084625960243091D0,164.5749448298002D0,    0000011P   5235
1716.168069336585D0,-2.705188444110955D0,165.3626146445988D0,    0000011P   5236
1722.358855565365D0,-1.343259846570107D0,166.166922805364D0,     0000011P   5237
1726.474593279153D0,-0.445610478984995D0,166.7015297464631D0,    0000011P   5238
1728.529540074827D0,-2.417894333432489D-14,166.9717605035975D0,  0000011P   5239
-256.5687013586044D0,-49.16640508164818D0,226.7672784827277D0,   0000011P   5240
-242.2952247828163D0,-50.59640667611635D0,223.9610202723513D0,   0000011P   5241
-213.7728964631088D0,-53.48597167342442D0,217.9817196210912D0,   0000011P   5242
-171.0702339158528D0,-57.9423148688085D0,208.0801742812997D0,    0000011P   5243
-128.2500630862965D0,-62.52843382369181D0,197.3346211281009D0,   0000011P   5244
-85.53069000727437D0,-67.19394092931127D0,186.0212921074569D0,   0000011P   5245
-42.75253902971635D0,-71.8366465159521D0,174.2493872639275D0,    0000011P   5246
-0.08439915803299838D0,-76.43502779543488D0,162.2959208258346D0, 0000011P   5247
42.66285454370281D0,-80.92224740971241D0,150.270579260066D0,     0000011P   5248
85.38515401931825D0,-85.32305505394292D0,138.3900462953475D0,    0000011P   5249
128.1108750036063D0,-89.64739476479672D0,126.8040931678736D0,    0000011P   5250
166.1220946067181D0,-93.32009427900363D0,116.837375231239D0,     0000011P   5251
199.3580935412247D0,-96.33789320644672D0,108.4278768526274D0,    0000011P   5252
227.8479420494965D0,-98.79941418427221D0,101.4670109781326D0,    0000011P   5253
256.3732539584699D0,-101.146471959681D0,94.78730293290209D0,     0000011P   5254
284.8293785564662D0,-103.3958080079721D0,88.47463768816863D0,    0000011P   5255
313.3263450706857D0,-105.5161925605552D0,82.52293834524124D0,    0000011P   5256
341.8701599426527D0,-107.4807854843448D0,76.9627921078571D0,     0000011P   5257
370.3542040591271D0,-109.2677918019691D0,71.82060050227786D0,    0000011P   5258
398.8433872388875D0,-110.8843098451289D0,67.0706722421487D0,     0000011P   5259
432.1254679270608D0,-112.5861359947157D0,61.98722924782354D0,    0000011P   5260
470.1007378840526D0,-114.2923792097762D0,56.83807972614808D0,    0000011P   5261
508.141714111129D0,-115.7029849858011D0,52.40490875064276D0,     0000011P   5262
541.3937787008631D0,-116.722700580708D0,49.04217632601609D0,     0000011P   5263
569.9029243016847D0,-117.4366739709554D0,46.48753799922983D0,    0000011P   5264
603.1600288839961D0,-118.070515734888D0,43.8724810190418D0,      0000011P   5265
641.153977797509D0,-118.4917446430852D0,41.38058421145352D0,     0000011P   5266
679.1787235319893D0,-118.5819640337223D0,39.48085826023983D0,    0000011P   5267
712.4235002678648D0,-118.442223387884D0,38.26200023930082D0,     0000011P   5268
740.9132115041813D0,-118.1633041579884D0,37.50267740485052D0,    0000011P   5269
774.2033554833636D0,-117.63952555245D0,36.93423095681604D0,      0000011P   5270
812.1670627661902D0,-116.7396847272902D0,36.72635573503567D0,    0000011P   5271
854.971820136626D0,-115.3689365761169D0,37.10436050386028D0,     0000011P   5272
897.6798836382416D0,-113.6832740563917D0,38.11935210585375D0,    0000011P   5273
940.4821256942821D0,-111.6719679186246D0,39.75893069622228D0,    0000011P   5274
983.1919123192214D0,-109.3177232345079D0,42.00542059955977D0,    0000011P   5275
1025.989250459038D0,-106.6167651680356D0,44.83431903458016D0,    0000011P   5276
1068.703181763569D0,-103.5555595345703D0,48.20992404222793D0,    0000011P   5277
1106.729757304028D0,-100.5462834289141D0,51.73401258480226D0,    0000011P   5278
1139.958868364119D0,-97.71539152515425D0,55.21247742733361D0,    0000011P   5279
1168.448181802144D0,-95.13265126793436D0,58.44418747547448D0,    0000011P   5280
1201.738470288608D0,-91.91619947326565D0,62.49570695969233D0,    0000011P   5281
1239.718514728543D0,-87.90654103618499D0,67.4886747619743D0,     0000011P   5282
1282.500605183315D0,-82.97547847722331D0,73.71877913200049D0,    0000011P   5283
1325.236489425158D0,-77.64367151296715D0,80.65393857413834D0,    0000011P   5284
1363.245231949943D0,-72.4518270182142D0,87.39125796459013D0,     0000011P   5285
1396.460431663138D0,-67.51460276905036D0,93.65035768736234D0,    0000011P   5286
1424.949077698476D0,-63.03785310571537D0,99.28604355622748D0,    0000011P   5287
1453.474602672876D0,-58.35570689761099D0,105.2165667799647D0,    0000011P   5288
1482.032543166961D0,-53.49587433432495D0,111.4591407091117D0,    0000011P   5289
1510.5749961115D0,-48.36945727204073D0,118.0102629137549D0,      0000011P   5290
1530.441475108614D0,-44.53545986386552D0,122.7912148740582D0,    0000011P   5291
1541.786364819142D0,-42.24811492188132D0,125.5874786894935D0,    0000011P   5292
1544.646798714329D0,-41.67165679283302D0,126.2969651526366D0,    0000011P   5293
1547.487738036194D0,-41.0874933428633D0,127.002034501655D0,      0000011P   5294
1550.33394240493D0,-40.50415427541753D0,127.7125948604563D0,     0000011P   5295
1553.204128326291D0,-39.91367062157679D0,128.4262876869055D0,    0000011P   5296
1556.04707506748D0,-39.32454239943694D0,129.1381134586804D0,     0000011P   5297
1558.881123503798D0,-38.73103409522071D0,129.847022667177D0,     0000011P   5298
1561.733954988294D0,-38.1370389613426D0,130.5605689857906D0,     0000011P   5299
1564.58255562048D0,-37.53878444044673D0,131.2708500229959D0,     0000011P   5300
1567.436994241828D0,-36.94261748064017D0,131.9836216813361D0,    0000011P   5301
1570.279601366516D0,-36.3445513799304D0,132.6918312957922D0,     0000011P   5302
1573.128205184044D0,-35.74502086602561D0,133.398696748821D0,     0000011P   5303
1575.978846416851D0,-35.14777780203524D0,134.1053674303908D0,    0000011P   5304
1578.828753097955D0,-34.54959983664465D0,134.8083169203912D0,    0000011P   5305
1581.677542391812D0,-33.95238222584094D0,135.508121476433D0,     0000011P   5306
1584.532059047185D0,-33.35532013650098D0,136.2049312498524D0,    0000011P   5307
1587.404150452649D0,-32.76046681576941D0,136.9021034366554D0,    0000011P   5308
1590.25204360881D0,-32.16665745072231D0,137.5891424707581D0,     0000011P   5309
1593.125319542611D0,-31.57718657837939D0,138.2788385691113D0,    0000011P   5310
1595.979106702634D0,-30.98658830417248D0,138.9549441621625D0,    0000011P   5311
1598.85035680562D0,-30.40310666733519D0,139.639583314584D0,      0000011P   5312
1601.723533919012D0,-29.81985233148375D0,140.2956735209756D0,    0000011P   5313
1604.556452928276D0,-29.24161811015822D0,141.1246630380416D0,    0000011P   5314
1607.394272929233D0,-28.66613624035345D0,141.9444720155124D0,    0000011P   5315
1610.225830379674D0,-28.09586463927252D0,142.7728494650141D0,    0000011P   5316
1613.078422678429D0,-27.52991789879004D0,143.6105787137786D0,    0000011P   5317
1615.912168183026D0,-26.9677801680125D0,144.4453695783944D0,     0000011P   5318
1618.758421655914D0,-26.41561275190286D0,145.2942149798426D0,    0000011P   5319
1621.562046849389D0,-25.85630225360881D0,146.1165238073977D0,    0000011P   5320
1625.982287662806D0,-25.09298133093622D0,147.5139995250106D0,    0000011P   5321
1630.091858858924D0,-23.53646460627312D0,148.0590328825412D0,    0000011P   5322
1636.138164976852D0,-21.89325810145207D0,149.3215387065864D0,    0000011P   5323
1641.955313175925D0,-20.20978223203628D0,150.3678717272778D0,    0000011P   5324
1647.875224620663D0,-18.5803713379868D0,151.4308661034393D0,     0000011P   5325
1653.795936429147D0,-16.97524433794547D0,152.4409918410035D0,    0000011P   5326
1659.731946707106D0,-15.40666804186163D0,153.4209029373416D0,    0000011P   5327
1665.703245059734D0,-13.86694456109086D0,154.373052529631D0,     0000011P   5328
1671.684640920137D0,-12.36035306955438D0,155.2975905180768D0,    0000011P   5329
1677.706395994983D0,-10.8799365575021D0,156.2041400744228D0,     0000011P   5330
1683.700986772519D0,-9.434274189567192D0,157.0800257753145D0,    0000011P   5331
1689.731209903647D0,-8.01266856414296D0,157.9451297241036D0,     0000011P   5332
1695.767539269657D0,-6.619676612369339D0,158.800381432387D0,     0000011P   5333
1701.797727362687D0,-5.251620818526209D0,159.6399587251981D0,    0000011P   5334
1707.864469226372D0,-3.900679501728993D0,160.4828325148486D0,    0000011P   5335
1713.874682693702D0,-2.582309699869402D0,161.3127675620405D0,    0000011P   5336
1719.909379334717D0,-1.281697317936022D0,162.161119266766D0,     0000011P   5337
1723.919767454277D0,-0.4250981406898056D0,162.7259048432716D0,   0000011P   5338
1725.921975233656D0,-2.407792509394205D-14,163.0114914214683D0,  0000011P   5339
-256.5692232732902D0,-46.24297438502595D0,225.4569144303557D0,   0000011P   5340
-242.2947444368234D0,-47.59297716740494D0,222.6487679681527D0,   0000011P   5341
-213.7710074207861D0,-50.31952458739568D0,216.6519995021056D0,   0000011P   5342
-171.0712770743976D0,-54.5033076342525D0,206.6818724368645D0,    0000011P   5343
-128.2474772419382D0,-58.77140431772426D0,195.8221176542755D0,   0000011P   5344
-85.53190454687113D0,-63.12728655481924D0,184.3713077049341D0,   0000011P   5345
-42.74999941461558D0,-67.52615536980923D0,172.4569802997119D0,   0000011P   5346
-0.08518439660699867D0,-71.92540786625295D0,160.3630101733659D0, 0000011P   5347
42.66368774029449D0,-76.23969805162957D0,148.2019129136364D0,    0000011P   5348
85.38509178046293D0,-80.44100472018995D0,136.1601761734305D0,    0000011P   5349
128.1105016947405D0,-84.48776698264801D0,124.3561341331224D0,    0000011P   5350
166.1224377062104D0,-87.92473326441885D0,114.1947778083162D0,    0000011P   5351
199.3575075229126D0,-90.80222601070464D0,105.6509072174285D0,    0000011P   5352
227.8469732913137D0,-93.1618761982412D0,98.58441935078929D0,     0000011P   5353
256.373874247103D0,-95.39879426989621D0,91.79374142789521D0,     0000011P   5354
284.8280497061314D0,-97.50297601706809D0,85.35125134724338D0,    0000011P   5355
313.3248684241303D0,-99.4714148570198D0,79.26689648662888D0,     0000011P   5356
341.870829707124D0,-101.3049279515637D0,73.58795479636358D0,     0000011P   5357
370.3531747340025D0,-103.0087790578647D0,68.35725420890914D0,    0000011P   5358
398.8422288959001D0,-104.5720666514444D0,63.53713738659724D0,    0000011P   5359
432.1262526298128D0,-106.2255645642273D0,58.38009191194904D0,    0000011P   5360
470.0989510630809D0,-107.8661683219311D0,53.14030727189578D0,    0000011P   5361
508.1422297152132D0,-109.2021419142846D0,48.60671667352202D0,    0000011P   5362
541.3932942165002D0,-110.1520346616464D0,45.14869779196924D0,    0000011P   5363
569.9025128810324D0,-110.8169393413093D0,42.5147331869336D0,     0000011P   5364
603.1604134736551D0,-111.4220508153178D0,39.81877758288819D0,    0000011P   5365
641.1528560549967D0,-111.8739412133654D0,37.26373336642102D0,    0000011P   5366
679.1792734180549D0,-112.023976330131D0,35.30068123707621D0,     0000011P   5367
712.4226819389982D0,-111.9236974278038D0,34.00088474595505D0,    0000011P   5368
740.9126778885158D0,-111.6856938769783D0,33.16642552517698D0,    0000011P   5369
774.2037906818608D0,-111.2366290296848D0,32.51739491250203D0,    0000011P   5370
812.1659727625589D0,-110.4874274683027D0,32.24755046795741D0,    0000011P   5371
854.9724336704569D0,-109.3111332705423D0,32.55341270473267D0,    0000011P   5372
897.6787457754807D0,-107.7819007628781D0,33.45088514689203D0,    0000011P   5373
940.4827519658489D0,-105.9249530322181D0,34.95244877978689D0,    0000011P   5374
983.1908083986256D0,-103.75944427114D0,37.06546198683247D0,      0000011P   5375
1025.989957162015D0,-101.2937319994337D0,39.78214228178331D0,    0000011P   5376
1068.701763967968D0,-98.5270171221558D0,43.08364121809817D0,     0000011P   5377
1106.730193325782D0,-95.78965396491479D0,46.53860654566779D0,    0000011P   5378
1139.958558156925D0,-93.17350560114721D0,49.92677326999122D0,    0000011P   5379
1168.44716577061D0,-90.77533284085507D0,53.08313078126389D0,     0000011P   5380
1201.739093605659D0,-87.79382500937751D0,57.07589394668594D0,    0000011P   5381
1239.717787576787D0,-84.10885214614456D0,62.08149382409198D0,    0000011P   5382
1282.500945675757D0,-79.5535844356733D0,68.33066538371925D0,     0000011P   5383
1325.23628300552D0,-74.54284144793036D0,75.18555424712491D0,     0000011P   5384
1363.245222607455D0,-69.6434694037544D0,81.89160887998554D0,     0000011P   5385
1396.460815860285D0,-65.0079301189346D0,88.24689923872001D0,     0000011P   5386
1424.948815849177D0,-60.79716832924531D0,94.00791846073238D0,    0000011P   5387
1453.474771878124D0,-56.36342846386879D0,100.0645465631397D0,    0000011P   5388
1482.032496890956D0,-51.70995444954867D0,106.3914167209299D0,    0000011P   5389
1510.575295331717D0,-46.76021235213543D0,113.0164165713237D0,    0000011P   5390
1530.441142447077D0,-43.03779782338685D0,117.8635576009449D0,    0000011P   5391
1541.786523061993D0,-40.81311218148967D0,120.7092425275069D0,    0000011P   5392
1544.648196131083D0,-40.25217139553142D0,121.4317495215936D0,    0000011P   5393
1547.488746050897D0,-39.68372633564457D0,122.1501675519983D0,    0000011P   5394
1550.335930104954D0,-39.11579610138639D0,122.8746172098349D0,    0000011P   5395
1553.206416084877D0,-38.54093228697269D0,123.6026671488712D0,    0000011P   5396
1556.050199995913D0,-37.96712616194555D0,124.3291836245443D0,    0000011P   5397
1558.884232633455D0,-37.38902318471607D0,125.0530747667932D0,    0000011P   5398
1561.73787785683D0,-36.81029578200008D0,125.7820519615565D0,     0000011P   5399
1564.586357541323D0,-36.22742968385371D0,126.5080110864818D0,    0000011P   5400
1567.441735197616D0,-35.64639765670458D0,127.2368239480309D0,    0000011P   5401
1570.284638798394D0,-35.06348467001197D0,127.9612559114394D0,    0000011P   5402
1573.133327745491D0,-34.47912078357956D0,128.6845817393598D0,    0000011P   5403
1575.984740995344D0,-33.8968458716497D0,129.4079595974798D0,     0000011P   5404
1578.834980893928D0,-33.31366148244218D0,130.1277631016389D0,    0000011P   5405
1581.684100456093D0,-32.73136692102217D0,130.8445639565077D0,    0000011P   5406
1584.538755024346D0,-32.14923015891395D0,131.5584978510341D0,    0000011P   5407
1587.411557311501D0,-31.56919861789293D0,132.2729821012698D0,    0000011P   5408
1590.259309530925D0,-30.99020278842015D0,132.9772591039187D0,    0000011P   5409
1593.133597346482D0,-30.41535380152888D0,133.6843985685575D0,    0000011P   5410
1595.986795920073D0,-29.83954988363868D0,134.3777571208991D0,    0000011P   5411
1598.859013897093D0,-29.27054232410834D0,135.0799553844675D0,    0000011P   5412
1601.73222982639D0,-28.70189487265531D0,135.7530305157363D0,     0000011P   5413
1604.564565782427D0,-28.13812329455067D0,136.6030976603088D0,    0000011P   5414
1607.401458210558D0,-27.57712406455434D0,137.4438245985131D0,    0000011P   5415
1610.232089467037D0,-27.02122398262146D0,138.2933551554074D0,    0000011P   5416
1613.084022288015D0,-26.46961548121175D0,139.152472920856D0,     0000011P   5417
1615.916188603156D0,-25.92183745268978D0,140.0085839389485D0,    0000011P   5418
1618.762348307833D0,-25.38368862303559D0,140.8790583605951D0,    0000011P   5419
1621.561012860851D0,-24.83914768527739D0,141.722343141471D0,     0000011P   5420
1625.997504531935D0,-24.09381969094226D0,143.1550093273132D0,    0000011P   5421
1629.923920543957D0,-22.59623103213084D0,143.7160516641742D0,    0000011P   5422
1635.839032077384D0,-21.00991141681807D0,145.0116947326396D0,    0000011P   5423
1641.497755228107D0,-19.38785967314972D0,146.0858078686302D0,    0000011P   5424
1647.267260806505D0,-17.81844213099253D0,147.1766975168007D0,    0000011P   5425
1653.034490898697D0,-16.2736669127265D0,148.213274244429D0,      0000011P   5426
1658.817736965328D0,-14.76496203883236D0,149.2187764239855D0,    0000011P   5427
1664.635306158889D0,-13.28503862485926D0,150.1957717803008D0,    0000011P   5428
1670.46290388994D0,-11.83783628251159D0,151.1444712375826D0,     0000011P   5429
1676.329876524043D0,-10.4167607013019D0,152.0747793002177D0,     0000011P   5430
1682.169886545988D0,-9.029782734227046D0,152.9737833055156D0,    0000011P   5431
1688.044551341304D0,-7.66680145343401D0,153.8618852692757D0,     0000011P   5432
1693.925311592057D0,-6.332016868019743D0,154.7400938575952D0,    0000011P   5433
1699.798989960124D0,-5.021909193149888D0,155.6025090340406D0,    0000011P   5434
1705.70750644368D0,-3.729073489148417D0,156.4686004328825D0,     0000011P   5435
1711.560334767561D0,-2.467928615192065D0,157.3218127890693D0,    0000011P   5436
1717.436697364928D0,-1.224514243360892D0,158.1942882358933D0,    0000011P   5437
1721.340180184113D0,-0.4060662102452203D0,158.7754552336098D0,   0000011P   5438
1723.288856744094D0,-2.397690685355922D-14,159.0693956657041D0,  0000011P   5439
-256.56977356042D0,-43.37321219412954D0,224.2669174303812D0,     0000011P   5440
-242.2942814881027D0,-44.60187145021892D0,221.446721736558D0,    0000011P   5441
-213.7691163528921D0,-47.09402227592491D0,215.4164482074287D0,   0000011P   5442
-171.0722997627392D0,-50.98442397922165D0,205.384529644761D0,    0000011P   5443
-128.2448663039907D0,-55.05242607961801D0,194.4662617040536D0,   0000011P   5444
-85.53309384953022D0,-59.19837502244868D0,182.9286016368141D0,   0000011P   5445
-42.74742952568251D0,-63.2769669904354D0,170.8631370550481D0,    0000011P   5446
-0.08593348213990247D0,-67.34023892790438D0,158.5944565556581D0, 0000011P   5447
42.66455973966111D0,-71.40070858409763D0,146.271963880449D0,     0000011P   5448
85.38506969568392D0,-75.37389059296618D0,134.0661442022571D0,    0000011P   5449
128.1101705226776D0,-79.16285093121594D0,122.0779684178615D0,    0000011P   5450
166.1228245759705D0,-82.3850564116965D0,111.7525161127431D0,     0000011P   5451
199.3569661126665D0,-85.11441424974535D0,103.0778634822577D0,    0000011P   5452
227.8460495744824D0,-87.36440129414713D0,95.9055037009195D0,     0000011P   5453
256.3745398452078D0,-89.49902483862344D0,89.01270418009908D0,    0000011P   5454
284.826766387317D0,-91.49804906991309D0,82.47061672058558D0,     0000011P   5455
313.3234375117486D0,-93.36330106580026D0,76.28976421721754D0,    0000011P   5456
341.8715454153891D0,-95.10011096189609D0,70.51882890396092D0,    0000011P   5457
370.3521915953522D0,-96.71792451595466D0,65.20195502161458D0,    0000011P   5458
398.8411170301665D0,-98.19928242207666D0,60.29781358756446D0,    0000011P   5459
432.1270842227438D0,-99.75397514597012D0,55.0416807509461D0,     0000011P   5460
470.0972117345676D0,-101.2655594086344D0,49.68227784764856D0,    0000011P   5461
508.1427931265937D0,-102.4961482371975D0,45.03974176553908D0,    0000011P   5462
541.3928572841918D0,-103.4016509540853D0,41.50857952024825D0,    0000011P   5463
569.9021485990068D0,-104.0478992297808D0,38.81799596251646D0,    0000011P   5464
603.1608446880739D0,-104.6382034581346D0,36.05278436170063D0,    0000011P   5465
641.1517805834651D0,-105.0608685880525D0,33.39934831332971D0,    0000011P   5466
679.1798690518463D0,-105.2087261589483D0,31.3379587524478D0,     0000011P   5467
712.4219084490225D0,-105.1567650684302D0,29.96931287223822D0,    0000011P   5468
740.9121880875183D0,-104.9740704317023D0,29.07450414684229D0,    0000011P   5469
774.2042682878564D0,-104.5819323621758D0,28.33830890117446D0,    0000011P   5470
812.1649233613662D0,-103.8528222576106D0,27.92344598701263D0,    0000011P   5471
854.9730849524457D0,-102.7451631266168D0,28.07267022096994D0,    0000011P   5472
897.677641424518D0,-101.4379261218559D0,28.88827900610659D0,     0000011P   5473
940.4834066306952D0,-99.86641837540502D0,30.33285819297966D0,    0000011P   5474
983.1897273777605D0,-97.95976538797981D0,32.36366649246311D0,    0000011P   5475
1025.990681144938D0,-95.74163834962027D0,34.97004240822272D0,    0000011P   5476
1068.700357965359D0,-93.22707651892915D0,38.13021339813828D0,    0000011P   5477
1106.730634461738D0,-90.74010390769681D0,41.47473784483974D0,    0000011P   5478
1139.958244503316D0,-88.37911520769413D0,44.8085482972173D0,     0000011P   5479
1168.446139815364D0,-86.210436451132D0,47.92997801873798D0,      0000011P   5480
1201.7397036426D0,-83.49265876401208D0,51.87562762570485D0,      0000011P   5481
1239.717053918076D0,-80.08022903161947D0,56.78915260880771D0,    0000011P   5482
1282.501266305786D0,-75.85400126404753D0,62.9686219583277D0,     0000011P   5483
1325.235986817511D0,-71.25724247130583D0,69.87346255751081D0,    0000011P   5484
1363.245129599348D0,-66.73812959657114D0,76.64848701296135D0,    0000011P   5485
1396.461258653642D0,-62.39730254472558D0,83.02169705008562D0,    0000011P   5486
1424.948681975365D0,-58.42276183358757D0,88.79506150279165D0,    0000011P   5487
1453.474938429658D0,-54.21783440026503D0,94.88747324278238D0,    0000011P   5488
1482.031968489795D0,-49.79550710868947D0,101.3000383134974D0,    0000011P   5489
1510.574831887731D0,-45.06722862031308D0,108.0422125754971D0,    0000011P   5490
1530.440375309557D0,-41.48450774587214D0,112.9799813089733D0,    0000011P   5491
1541.786720859359D0,-39.3321105312582D0,115.876126879506D0,      0000011P   5492
1544.649763514873D0,-38.78882650487842D0,116.611350098808D0,     0000011P   5493
1547.490063485232D0,-38.23796879038873D0,117.3422769933972D0,    0000011P   5494
1550.338373639434D0,-37.68705927368919D0,118.0792710248718D0,    0000011P   5495
1553.209310977124D0,-37.12918350236107D0,118.8198584461808D0,    0000011P   5496
1556.054086163748D0,-36.5718373876236D0,119.5588016937983D0,     0000011P   5497
1558.888257836946D0,-36.01006075030708D0,120.2949969394849D0,    0000011P   5498
1561.742870284474D0,-35.44731858165949D0,121.0363436850005D0,    0000011P   5499
1564.591379079544D0,-34.88036828937982D0,121.7745664804439D0,    0000011P   5500
1567.447840324204D0,-34.31482184844707D0,122.5156834394738D0,    0000011P   5501
1570.2911773718D0,-33.7472492900032D0,123.2523083608582D0,       0000011P   5502
1573.14007875865D0,-33.17808939617818D0,123.9878032907238D0,     0000011P   5503
1575.992379597347D0,-32.61068344257815D0,124.7233655737557D0,    0000011P   5504
1578.843054468975D0,-32.04227026718814D0,125.4552992650216D0,    0000011P   5505
1581.69259016093D0,-31.47456661438224D0,126.1842019195302D0,     0000011P   5506
1584.547450531619D0,-30.90692665056303D0,126.9102251671191D0,    0000011P   5507
1587.421011540246D0,-30.34120536236744D0,127.6368768471638D0,    0000011P   5508
1590.268648535098D0,-29.7764419338724D0,128.3531677224344D0,     0000011P   5509
1593.143949739111D0,-29.21557748035551D0,129.0724773984117D0,    0000011P   5510
1595.996534949657D0,-28.65388773945496D0,129.7777970993518D0,    0000011P   5511
1598.869667662939D0,-28.09864464088553D0,130.4922744109092D0,    0000011P   5512
1601.742838831367D0,-27.54387841069675D0,131.177096554709D0,     0000011P   5513
1604.574475640553D0,-26.99384115612156D0,132.0430759685319D0,    0000011P   5514
1607.410289807538D0,-26.44660697991578D0,132.8996584665817D0,    0000011P   5515
1610.239807509191D0,-25.90438495501747D0,133.7654130906271D0,    0000011P   5516
1613.090854741138D0,-25.36645874470227D0,134.6411540964428D0,    0000011P   5517
1615.921174927336D0,-24.83243537482371D0,135.514014158898D0,     0000011P   5518
1618.766931018231D0,-24.30776438260973D0,136.4017710621098D0,    0000011P   5519
1621.560280101297D0,-23.77752994119991D0,137.2619402314325D0,    0000011P   5520
1626.012421327792D0,-23.04963831197661D0,138.7241021379553D0,    0000011P   5521
1629.75471067134D0,-21.61059962187316D0,139.2946675539075D0,     0000011P   5522
1635.537116540202D0,-20.08129866353787D0,140.6172048547435D0,    0000011P   5523
1641.035612565803D0,-18.5213639280775D0,141.7146158086117D0,     0000011P   5524
1646.652625863241D0,-17.01315082368845D0,142.8305817128322D0,    0000011P   5525
1652.264010145528D0,-15.53041376491282D0,143.8923562628618D0,    0000011P   5526
1657.891856887087D0,-14.08369907118675D0,144.9236647731045D0,    0000011P   5527
1663.552797446564D0,-12.66608395067689D0,145.9270921228781D0,    0000011P   5528
1669.223439870833D0,-11.28112554129479D0,146.9028128272268D0,    0000011P   5529
1674.932221843206D0,-9.922549320239597D0,147.8609152900146D0,    0000011P   5530
1680.613998503877D0,-8.597674917295821D0,148.788152176049D0,     0000011P   5531
1686.329214631861D0,-7.296954966788096D0,149.7053479804115D0,    0000011P   5532
1692.050284368857D0,-6.024189644194355D0,150.6134930905331D0,    0000011P   5533
1697.763107205341D0,-4.775973983989977D0,151.5065121753481D0,    0000011P   5534
1703.508834752888D0,-3.545276876131446D0,152.4042761579196D0,    0000011P   5535
1709.199503287035D0,-2.345436089504493D0,153.2898123142768D0,    0000011P   5536
1714.912552762927D0,-1.16330215170462D0,154.1959520778461D0,     0000011P   5537
1718.705679048062D0,-0.3857004472901576D0,154.800125313408D0,    0000011P   5538
1720.599066919502D0,-2.387588861317638D-14,155.1057818772405D0,  0000011P   5539
-256.5697272770589D0,-40.39759486424384D0,223.1334034565596D0,   0000011P   5540
-242.2933870138176D0,-41.56051491406723D0,220.3249235857474D0,   0000011P   5541
-213.7670794826087D0,-43.91202613618143D0,214.3028066517478D0,   0000011P   5542
-171.0734225293735D0,-47.54424341322765D0,204.2340037715371D0,   0000011P   5543
-128.2423686284654D0,-51.28860930935979D0,193.2244815723568D0,   0000011P   5544
-85.53432589149777D0,-55.1016043050768D0,181.5695559568144D0,    0000011P   5545
-42.74489771861621D0,-58.89758803825941D0,169.3851645804577D0,   0000011P   5546
-0.08673900546392897D0,-62.69487895653375D0,156.9861476186089D0, 0000011P   5547
42.66537699798583D0,-66.47494055164424D0,144.5081006746468D0,    0000011P   5548
85.38500110496337D0,-70.18670342434575D0,132.1414123662458D0,    0000011P   5549
128.1097941366972D0,-73.76742950013797D0,120.0054874911885D0,    0000011P   5550
166.1231653898774D0,-76.80007525221468D0,109.539996126149D0,     0000011P   5551
199.3563794861984D0,-79.32272123948761D0,100.7222826826344D0,    0000011P   5552
227.8450818847522D0,-81.39304134750921D0,93.42443710091678D0,    0000011P   5553
256.3751626865305D0,-83.37068181244958D0,86.41443295246729D0,    0000011P   5554
284.8254409550306D0,-85.25990804951249D0,79.775674390295D0,      0000011P   5555
313.321964798236D0,-87.03919173219262D0,73.50872959249927D0,     0000011P   5556
341.8722195424451D0,-88.6905178610255D0,67.6532762855155D0,      0000011P   5557
370.3511672395882D0,-90.19994043102241D0,62.24447479934059D0,    0000011P   5558
398.8399642530751D0,-91.57119066358112D0,57.24928688575677D0,    0000011P   5559
432.1278749587542D0,-93.01945032529829D0,51.89821379409003D0,    0000011P   5560
470.0954308489524D0,-94.47464194956021D0,46.46108970052813D0,    0000011P   5561
508.1433142334071D0,-95.68383110232793D0,41.75409720168085D0,    0000011P   5562
541.3923779859005D0,-96.56437948899067D0,38.16025992561303D0,    0000011P   5563
569.901741949862D0,-97.18830614874069D0,35.41258125262887D0,     0000011P   5564
603.1612331823236D0,-97.75520211433695D0,32.57820013156368D0,    0000011P   5565
641.1506608996683D0,-98.16022782419293D0,29.84399202804927D0,    0000011P   5566
679.1804185645659D0,-98.2932105663922D0,27.68910564258893D0,     0000011P   5567
712.4210875105406D0,-98.22436274725581D0,26.22192268226984D0,    0000011P   5568
740.9116497969645D0,-98.05071338636836D0,25.24664105918964D0,    0000011P   5569
774.2046961407416D0,-97.72722232871831D0,24.43934254679199D0,    0000011P   5570
812.1638224625544D0,-97.20340928016864D0,24.00199956195488D0,    0000011P   5571
854.9736828829856D0,-96.34077254094619D0,24.11191795920936D0,    0000011P   5572
897.6764824937428D0,-95.13528144781643D0,24.780834603671D0,      0000011P   5573
940.4840049365812D0,-93.63666192121204D0,26.03937980953579D0,    0000011P   5574
983.1885864882266D0,-91.88935250233601D0,27.91322730344361D0,    0000011P   5575
1025.991341832124D0,-89.91346852304932D0,30.39662916292528D0,    0000011P   5576
1068.698887151604D0,-87.72104456429364D0,33.47282730054189D0,    0000011P   5577
1106.731008385426D0,-85.52053243667278D0,36.72753677038124D0,    0000011P   5578
1139.957858749646D0,-83.35886465858721D0,39.93493856590972D0,    0000011P   5579
1168.445036885998D0,-81.35430956078022D0,42.94258035001664D0,    0000011P   5580
1201.740231661989D0,-78.85338308971136D0,46.78163064153104D0,    0000011P   5581
1239.716235474808D0,-75.77360766573494D0,51.65709503827156D0,    0000011P   5582
1282.501493102302D0,-71.96957722056656D0,57.83734347570103D0,    0000011P   5583
1325.235571759092D0,-67.77645736956305D0,64.71606839078893D0,    0000011P   5584
1363.244913040257D0,-63.61086314751105D0,71.47553539655144D0,    0000011P   5585
1396.4616100011D0,-59.58332274063557D0,77.86380711367471D0,      0000011P   5586
1424.948466526849D0,-55.87647218301154D0,83.66469012344007D0,    0000011P   5587
1453.474972882999D0,-51.9339949926638D0,89.79428965768501D0,     0000011P   5588
1482.031153916298D0,-47.76516158390064D0,96.24855330536909D0,    0000011P   5589
1510.573990740415D0,-43.2738178675755D0,103.0473587865341D0,     0000011P   5590
1530.439327009816D0,-39.83991882948587D0,108.0421854203355D0,    0000011P   5591
1541.786780016762D0,-37.76548017300459D0,110.9787816496423D0,    0000011P   5592
1544.65123152967D0,-37.24129909455849D0,111.7246086991099D0,     0000011P   5593
1547.491323605475D0,-36.70949270127499D0,112.4663219077501D0,    0000011P   5594
1550.340804078796D0,-36.1770842106516D0,113.2145107329248D0,     0000011P   5595
1553.21223853744D0,-35.63769166888983D0,113.9666421520434D0,     0000011P   5596
1556.058051687192D0,-35.09831417414073D0,114.7173579078967D0,    0000011P   5597
1558.89240938808D0,-34.55438445490842D0,115.4655253393458D0,     0000011P   5598
1561.74803573643D0,-34.00915861222781D0,116.2192151892514D0,     0000011P   5599
1564.596619383518D0,-33.45966427669542D0,116.9699638054427D0,    0000011P   5600
1567.454208402903D0,-32.91115117709636D0,117.7239187340544D0,    0000011P   5601
1570.298020908729D0,-32.36047295150989D0,118.4735253326669D0,    0000011P   5602
1573.147173951939D0,-31.80807564964702D0,119.2222160561598D0,    0000011P   5603
1576.000398181423D0,-31.25710049373236D0,119.9712105534952D0,    0000011P   5604
1578.851539793514D0,-30.70502215677088D0,120.7167264442483D0,    0000011P   5605
1581.701518728296D0,-30.15347336770028D0,121.4593702590449D0,    0000011P   5606
1584.556606740215D0,-29.60189303305613D0,122.199292693892D0,     0000011P   5607
1587.430942415005D0,-29.05204224959161D0,122.9400752367681D0,    0000011P   5608
1590.278473616012D0,-28.50306744025418D0,123.6704801417887D0,    0000011P   5609
1593.154790505387D0,-27.95773824982052D0,124.404180035618D0,     0000011P   5610
1596.006756896112D0,-27.41170647240212D0,125.123783866335D0,     0000011P   5611
1598.880790515342D0,-26.87176322332445D0,125.8529493070035D0,    0000011P   5612
1601.753894099182D0,-26.33240375022382D0,126.5519967696796D0,    0000011P   5613
1604.584799324538D0,-25.7976150475497D0,127.4364191096009D0,     0000011P   5614
1607.419492560279D0,-25.26564739130853D0,128.3114233001259D0,    0000011P   5615
1610.247843184027D0,-24.73859067267599D0,129.1959867250131D0,    0000011P   5616
1613.097939831028D0,-24.21581833099833D0,130.0909374312275D0,    0000011P   5617
1615.926336799665D0,-23.69700407087272D0,130.9831178496965D0,    0000011P   5618
1618.771599475604D0,-23.18724678602971D0,131.8906965230237D0,    0000011P   5619
1621.559529955125D0,-22.67273467497496D0,132.7702404715219D0,    0000011P   5620
1626.027145555324D0,-21.96436560146756D0,134.2655257674232D0,    0000011P   5621
1629.58502431143D0,-20.58657517750959D0,134.8501577640054D0,     0000011P   5622
1635.234281632457D0,-19.11752572660307D0,136.2048065760611D0,    0000011P   5623
1640.572021379482D0,-17.62280807625354D0,137.3303289609266D0,    0000011P   5624
1646.035928958785D0,-16.17877137499886D0,138.4758351468825D0,    0000011P   5625
1651.490771696731D0,-14.76092099155501D0,139.5669760358602D0,    0000011P   5626
1656.962443067979D0,-13.37892620632528D0,140.6280179624926D0,    0000011P   5627
1662.465900623791D0,-12.0262349821056D0,141.6616170388804D0,     0000011P   5628
1667.978657033814D0,-10.70602664502642D0,142.6679654491996D0,    0000011P   5629
1673.52824328557D0,-9.412351121985273D0,143.657389575087D0,      0000011P   5630
1679.050709161118D0,-8.151881481566093D0,144.6163614871434D0,    0000011P   5631
1684.605328819415D0,-6.91562858228292D0,145.5661822380278D0,     0000011P   5632
1690.165491848256D0,-5.706997428006437D0,146.5078780148008D0,    0000011P   5633
1695.716176553174D0,-4.522702534533524D0,147.4352522700596D0,    0000011P   5634
1701.297768145604D0,-3.356091283464947D0,148.3686312939554D0,    0000011P   5635
1706.824867438246D0,-2.219425015407198D0,149.2906789818937D0,    0000011P   5636
1712.373133894685D0,-1.100369775482984D0,150.2349701457303D0,    0000011P   5637
1716.054884740623D0,-0.3647682387435196D0,150.8653766284236D0,   0000011P   5638
1717.892465058734D0,-2.377487037279354D-14,151.1844307467543D0,  0000011P   5639
-256.5680550804814D0,-37.41418313069755D0,222.0995055821472D0,   0000011P   5640
-242.2913165275213D0,-38.47232384078527D0,219.290655415662D0,    0000011P   5641
-213.7646453591877D0,-40.6199759180108D0,213.2583307857167D0,    0000011P   5642
-171.0748209015244D0,-43.96021404109661D0,203.1496248917917D0,   0000011P   5643
-128.2401909361174D0,-47.42474784410765D0,192.0775030794675D0,   0000011P   5644
-85.53569074172923D0,-50.97687588633684D0,180.3443640418336D0,   0000011P   5645
-42.74247845359797D0,-54.54104836973732D0,168.069093701836D0,    0000011P   5646
-0.08770013131233306D0,-58.09182913309603D0,155.5584497117382D0, 0000011P   5647
42.66603638388964D0,-61.56962194095434D0,142.9358977496668D0,    0000011P   5648
85.38478783878476D0,-64.97110420207204D0,130.4105712323677D0,    0000011P   5649
128.1092764650318D0,-68.28205312150382D0,118.119183210459D0,     0000011P   5650
166.1233643171943D0,-71.10787812181448D0,107.5201443893051D0,    0000011P   5651
199.3556515100411D0,-73.47117638746047D0,98.59082099058648D0,    0000011P   5652
227.84397378359D0,-75.41277469107709D0,91.19835967099513D0,      0000011P   5653
256.3756462856193D0,-77.26256571398378D0,84.0923196895956D0,     0000011P   5654
284.8239774351233D0,-79.01752736339896D0,77.35490257866741D0,    0000011P   5655
313.3203550875057D0,-80.66680250087029D0,70.9911294346588D0,     0000011P   5656
341.8727576490952D0,-82.20267941246826D0,65.04591938845206D0,    0000011P   5657
370.3500076781215D0,-83.62110256403238D0,59.55954142339373D0,    0000011P   5658
398.838676965524D0,-84.91732127955743D0,54.49417517917986D0,     0000011P   5659
432.1285319049193D0,-86.28648106107693D0,49.06502987627879D0,    0000011P   5660
470.0935169381091D0,-87.64872401417082D0,43.53746829018428D0,    0000011P   5661
508.1437024385846D0,-88.76369929125937D0,38.73740401324453D0,    0000011P   5662
541.3917650137014D0,-89.56168676184799D0,35.06050065349253D0,    0000011P   5663
569.9012007357893D0,-90.12868946517247D0,32.24521052064699D0,    0000011P   5664
603.161486238089D0,-90.66131601166332D0,29.34189354064044D0,     0000011P   5665
641.1494056332049D0,-91.09592990332658D0,26.55128301307892D0,    0000011P   5666
679.1808322919862D0,-91.30677218695993D0,24.35190333439248D0,    0000011P   5667
712.420129778428D0,-91.31645156054216D0,22.84393064214885D0,     0000011P   5668
740.9109731968209D0,-91.20070466462961D0,21.82221761741961D0,    0000011P   5669
774.2049830582781D0,-90.91464091572257D0,20.93559205848972D0,    0000011P   5670
812.1625762652203D0,-90.36309046051035D0,20.35505764555279D0,    0000011P   5671
854.9741295766148D0,-89.49848922039043D0,20.29809311319804D0,    0000011P   5672
897.6751661711649D0,-88.44535510121928D0,20.85991107535189D0,    0000011P   5673
940.4844407078443D0,-87.18574573255073D0,22.04229032759321D0,    0000011P   5674
983.187280174621D0,-85.6964985919914D0,23.84196865369842D0,      0000011P   5675
1025.991832716285D0,-83.94935099669209D0,26.20603302043597D0,    0000011P   5676
1068.697236907522D0,-81.90813254732208D0,29.07025813990819D0,    0000011P   5677
1106.731193122438D0,-79.88032578865671D0,32.14790290064886D0,    0000011P   5678
1139.957276949531D0,-77.97707461426791D0,35.27728681061353D0,    0000011P   5679
1168.443735535588D0,-76.23870850286934D0,38.2493391473369D0,     0000011P   5680
1201.740565339942D0,-74.06629960186291D0,42.05853022361404D0,    0000011P   5681
1239.715241119571D0,-71.33924213868718D0,46.88043446988756D0,    0000011P   5682
1282.501542783773D0,-67.90923190526384D0,52.97573254531869D0,    0000011P   5683
1325.234915585741D0,-64.07581849599242D0,59.74593237084831D0,    0000011P   5684
1363.244478879187D0,-60.23970451163214D0,66.41904915963883D0,    0000011P   5685
1396.46192311745D0,-56.52366640760646D0,72.76196122682705D0,     0000011P   5686
1424.948313412632D0,-53.09908443023593D0,78.55583204986698D0,    0000011P   5687
1453.474953847001D0,-49.45263295710857D0,84.72168087858863D0,    0000011P   5688
1482.029788915836D0,-45.59281546183441D0,91.26679867344242D0,    0000011P   5689
1510.572328136156D0,-41.39818018206649D0,98.18391081820937D0,    0000011P   5690
1530.437852612857D0,-38.14541077584014D0,103.2612091828205D0,    0000011P   5691
1541.786957675446D0,-36.16047776469235D0,106.2388560827761D0,    0000011P   5692
1544.652967470109D0,-35.65799980236972D0,106.9948264736563D0,    0000011P   5693
1547.493011139526D0,-35.14755283517719D0,107.7462848137899D0,    0000011P   5694
1550.343829177144D0,-34.63567512277029D0,108.5040773503487D0,    0000011P   5695
1553.215933452136D0,-34.11653092053135D0,109.2656425792484D0,    0000011P   5696
1556.062960403828D0,-33.59663622410375D0,110.0255323436422D0,    0000011P   5697
1558.897680807842D0,-33.0718303802261D0,110.7826159435377D0,     0000011P   5698
1561.754496262276D0,-32.54517431028076D0,111.5451661569422D0,    0000011P   5699
1564.603326189678D0,-32.01397957832234D0,112.3045619234611D0,    0000011P   5700
1567.462208328316D0,-31.48314737750263D0,113.0671110157515D0,    0000011P   5701
1570.306653246342D0,-30.9498286633988D0,113.8251211442512D0,     0000011P   5702
1573.156204202526D0,-30.41449046386347D0,114.5821259666393D0,    0000011P   5703
1576.010485075258D0,-29.88008765830026D0,115.3393982302004D0,    0000011P   5704
1578.862211369324D0,-29.34434446529468D0,116.0930999130631D0,    0000011P   5705
1581.7127338707D0,-28.80882330890859D0,116.8438773155165D0,      0000011P   5706
1584.568129923076D0,-28.27306154637113D0,117.5919109937823D0,    0000011P   5707
1587.443298431921D0,-27.73874009511232D0,118.3408868784884D0,    0000011P   5708
1590.290757468844D0,-27.20512632751072D0,119.0793495091414D0,    0000011P   5709
1593.168096828412D0,-26.67483212840264D0,119.8212953276347D0,    0000011P   5710
1596.019422032424D0,-26.14389905893344D0,120.5489817999161D0,    0000011P   5711
1598.894302732188D0,-25.61865113059987D0,121.2866074805045D0,    0000011P   5712
1601.767251140713D0,-25.0940623231856D0,121.9936567659332D0,     0000011P   5713
1604.597301119399D0,-24.57386822891719D0,122.890333722942D0,     0000011P   5714
1607.430711382149D0,-24.05650900761229D0,123.7776372780906D0,    0000011P   5715
1610.257692200541D0,-23.54396907924473D0,124.6749839511731D0,    0000011P   5716
1613.106592542644D0,-23.03572536979198D0,125.58324637439D0,      0000011P   5717
1615.932775274475D0,-22.53153197315542D0,126.4890075287734D0,    0000011P   5718
1618.777205910119D0,-22.03615085012877D0,127.4108575094594D0,    0000011P   5719
1621.559329247869D0,-21.53688793514434D0,128.3044457257645D0,    0000011P   5720
1626.041759767978D0,-20.8474504070553D0,129.8252541596003D0,     0000011P   5721
1629.414160295281D0,-19.53044037914124D0,130.4148104123408D0,    0000011P   5722
1634.928605258015D0,-18.12158281272818D0,131.7917964381958D0,    0000011P   5723
1640.103602026703D0,-16.69250345275037D0,132.9372021182381D0,    0000011P   5724
1645.412101691375D0,-15.31350124995268D0,134.1054679262522D0,    0000011P   5725
1650.707792584322D0,-13.96178858909057D0,135.2205432851879D0,    0000011P   5726
1656.02037757301D0,-12.64611377340009D0,136.3071368644509D0,     0000011P   5727
1661.363147793892D0,-11.36025158217202D0,137.3678773234679D0,    0000011P   5728
1666.714527931957D0,-10.10695959162135D0,138.402875830091D0,     0000011P   5729
1672.101149671514D0,-8.880568240209566D0,139.422598058273D0,     0000011P   5730
1677.460264829054D0,-7.687060097185633D0,140.4131367989521D0,    0000011P   5731
1682.849984336051D0,-6.517960307118593D0,141.3961709769081D0,    0000011P   5732
1688.244680618968D0,-5.376234764137477D0,142.3726638933751D0,    0000011P   5733
1693.628418190969D0,-4.258673527226263D0,143.336199099157D0,     0000011P   5734
1699.040823255918D0,-3.158958531495594D0,144.3074595660367D0,    0000011P   5735
1704.399068556252D0,-2.088230751138323D0,145.2686471233395D0,    0000011P   5736
1709.777040456569D0,-1.03492781066996D0,146.2539812758945D0,     0000011P   5737
1713.343595243333D0,-0.343019305535295D0,146.9126584414942D0,    0000011P   5738
1715.123422364673D0,-2.367385213241071D-14,147.2461398121697D0,  0000011P   5739
-256.5657839226736D0,-34.36614196093886D0,221.1455739505402D0,   0000011P   5740
-242.2888197153728D0,-35.3550661291789D0,218.3471681260072D0,    0000011P   5741
-213.7620851013221D0,-37.35660764701554D0,212.3232061773616D0,   0000011P   5742
-171.0763599500521D0,-40.42674849465536D0,202.1885582799782D0,   0000011P   5743
-128.2381886210823D0,-43.5438584188274D0,191.0491564352936D0,    0000011P   5744
-85.53717848588299D0,-46.75184845260669D0,179.2286443004032D0,   0000011P   5745
-42.74018787232055D0,-50.05947083518284D0,166.8630855473254D0,   0000011P   5746
-0.08881544817262393D0,-53.38155303271726D0,154.253827688591D0,  0000011P   5747
42.66653510778532D0,-56.60128011251411D0,141.5148435695892D0,    0000011P   5748
85.38441485385991D0,-59.7405122497502D0,128.8632243644136D0,     0000011P   5749
128.1085958270976D0,-62.81108707033203D0,116.442257956873D0,     0000011P   5750
166.1233959860342D0,-65.42422761657106D0,105.7212347622329D0,    0000011P   5751
199.3547531710204D0,-67.58859010328338D0,96.67797901738156D0,    0000011P   5752
227.8426930318511D0,-69.36142434803534D0,89.18653570070211D0,    0000011P   5753
256.3759552455952D0,-71.05454457186765D0,81.98381387488399D0,    0000011P   5754
284.8223375123829D0,-72.67477353482043D0,75.15683969962994D0,    0000011P   5755
313.3185673177138D0,-74.20364435651432D0,68.70805687509417D0,    0000011P   5756
341.8731160320931D0,-75.62566984441307D0,62.68066964799262D0,    0000011P   5757
370.3486666052833D0,-76.92880402964796D0,57.11317945404092D0,    0000011P   5758
398.8372065018002D0,-78.11406051817274D0,51.9690368628517D0,     0000011P   5759
432.1290041607533D0,-79.36503750463859D0,46.45285785001548D0,    0000011P   5760
470.0914176179931D0,-80.61691076876505D0,40.83600866940377D0,    0000011P   5761
508.1439057188056D0,-81.66489070301421D0,35.96120221586446D0,    0000011P   5762
541.3909684113487D0,-82.44537922377482D0,32.23236340773843D0,    0000011P   5763
569.9004773003805D0,-83.01125616884502D0,29.3755663175982D0,     0000011P   5764
603.1615587212042D0,-83.54202916896762D0,26.42044311058758D0,    0000011P   5765
641.1479711955396D0,-83.94999084044983D0,23.55595071258696D0,    0000011P   5766
679.1810680738114D0,-84.10885413988879D0,21.26228751510618D0,    0000011P   5767
712.4189953385707D0,-84.05760748710131D0,19.65521001724554D0,    0000011P   5768
740.9101218313659D0,-83.91283949957548D0,18.55233900852235D0,    0000011P   5769
774.2050994024994D0,-83.65950019483034D0,17.59325086854344D0,    0000011P   5770
812.1611683195457D0,-83.29702732113572D0,16.98741334275906D0,    0000011P   5771
854.9744268981692D0,-82.67126436021499D0,16.89754418281419D0,    0000011P   5772
897.6737122919789D0,-81.70425839695838D0,17.33997354940613D0,    0000011P   5773
940.4847495995813D0,-80.51103582243513D0,18.3712316026126D0,     0000011P   5774
983.185855925766D0,-79.20239517439239D0,20.04308899928941D0,     0000011P   5775
1025.992219478402D0,-77.71292207160298D0,22.30244797123974D0,    0000011P   5776
1068.695507846587D0,-75.96962416727234D0,25.08492700803821D0,    0000011P   5777
1106.731324248829D0,-74.20875748104636D0,28.0726996074291D0,     0000011P   5778
1139.9566600473D0,-72.51655407287677D0,31.08310543890468D0,      0000011P   5779
1168.442413394891D0,-70.95599735242195D0,33.93696467486642D0,    0000011P   5780
1201.740894140481D0,-69.0017266117703D0,37.60320256478597D0,     0000011P   5781
1239.71426041D0,-66.56059560629878D0,42.27406754179981D0,        0000011P   5782
1282.50163167432D0,-63.49521149599805D0,48.22628555199329D0,     0000011P   5783
1325.234333177657D0,-60.06347356726359D0,54.89024394640569D0,    0000011P   5784
1363.244151305517D0,-56.61862944357483D0,61.51744415516673D0,    0000011P   5785
1396.462368707213D0,-53.27038371193632D0,67.86710456724214D0,    0000011P   5786
1424.948312499948D0,-50.16587928114596D0,73.67664334625724D0,    0000011P   5787
1453.475103745278D0,-46.83075544164298D0,79.84576367895406D0,    0000011P   5788
1482.028606047116D0,-43.26056443626403D0,86.3590920796D0,        0000011P   5789
1510.570860179943D0,-39.33698211903862D0,93.25518556742765D0,    0000011P   5790
1530.436583149577D0,-36.26303884434967D0,98.35726573103884D0,    0000011P   5791
1541.787347262918D0,-34.37753032029132D0,101.3717104040894D0,    0000011P   5792
1544.654917144296D0,-33.89974155949582D0,102.1380130391239D0,    0000011P   5793
1547.494914250181D0,-33.414102056562D0,102.9005990295264D0,      0000011P   5794
1550.347071726165D0,-32.92663715817587D0,103.6705058406014D0,    0000011P   5795
1553.219847716107D0,-32.43202937377294D0,104.4450779150943D0,    0000011P   5796
1556.068090386197D0,-31.93628364136144D0,105.2187116248439D0,    0000011P   5797
1558.903175420969D0,-31.43561797078681D0,105.9902126593278D0,    0000011P   5798
1561.761181913617D0,-30.93287014865132D0,106.7679902600229D0,    0000011P   5799
1564.610260051281D0,-30.42560771734009D0,107.5432003866344D0,    0000011P   5800
1567.47043723026D0,-29.91835537924403D0,108.3222454666645D0,     0000011P   5801
1570.31551646603D0,-29.40853345231062D0,109.0972299917323D0,     0000011P   5802
1573.165467218512D0,-28.89660198740651D0,109.8717232506392D0,    0000011P   5803
1576.020806588918D0,-28.38530156598676D0,110.6469855173157D0,    0000011P   5804
1578.873119383808D0,-27.87257799708985D0,111.4190575567672D0,    0000011P   5805
1581.724187228369D0,-27.35989544477423D0,112.1885598672691D0,    0000011P   5806
1584.579893048856D0,-26.84686176183503D0,112.9556372935815D0,    0000011P   5807
1587.455896063794D0,-26.3350497312515D0,113.7240146373045D0,     0000011P   5808
1590.303284546375D0,-25.82381971970576D0,114.4819531516594D0,    0000011P   5809
1593.181647916905D0,-25.31559789696616D0,115.2437075220918D0,    0000011P   5810
1596.032333399319D0,-24.80678763608437D0,115.9911181607416D0,    0000011P   5811
1598.908062562401D0,-24.30321788960083D0,116.7488589319064D0,    0000011P   5812
1601.780857089382D0,-23.80031341431896D0,117.4755126449195D0,    0000011P   5813
1604.610053019479D0,-23.3015304451149D0,118.3959290063467D0,     0000011P   5814
1607.442181404948D0,-22.80547107048989D0,119.3068333242717D0,    0000011P   5815
1610.267793404645D0,-22.31398628408835D0,120.2280156828474D0,    0000011P   5816
1613.115498312783D0,-21.82662854339138D0,121.1603277278335D0,    0000011P   5817
1615.939467556332D0,-21.34320437647699D0,122.0900274186899D0,    0000011P   5818
1618.783066771121D0,-20.86811085607453D0,123.036060831408D0,     0000011P   5819
1621.559383450772D0,-20.38974369741533D0,123.9530941926322D0,    0000011P   5820
1626.056629401327D0,-19.7272478580181D0,125.5126281559035D0,     0000011P   5821
1629.243551861435D0,-18.48056996851972D0,126.1224569382352D0,    0000011P   5822
1634.623183765634D0,-17.1419377884987D0,127.5371827161954D0,     0000011P   5823
1639.635435975046D0,-15.78672278577998D0,128.7143162716043D0,    0000011P   5824
1644.788525284855D0,-14.4792633009108D0,129.9138384608293D0,     0000011P   5825
1649.925061054687D0,-13.19856832228146D0,131.0582073649169D0,    0000011P   5826
1655.078555566219D0,-11.95255476355613D0,132.1727841251243D0,    0000011P   5827
1660.260633562497D0,-10.73541380811582D0,133.2603800852831D0,    0000011P   5828
1665.45063176526D0,-9.54957086985538D0,134.3212355339998D0,      0000011P   5829
1670.674282577005D0,-8.389726486395645D0,135.3661655746222D0,    0000011P   5830
1675.870039870063D0,-7.261262315245933D0,136.3810938555043D0,    0000011P   5831
1681.094851369829D0,-6.156307374625665D0,137.3882873106257D0,    0000011P   5832
1686.324072362837D0,-5.077478036517573D0,138.3888564924721D0,    0000011P   5833
1691.540853591287D0,-4.021729490688092D0,139.3763751871331D0,    0000011P   5834
1696.784062272879D0,-2.983167813353099D0,140.3720931851018D0,    0000011P   5835
1701.97344310119D0,-1.971903199887163D0,141.3579603867021D0,     0000011P   5836
1707.181109363233D0,-0.9772344417939595D0,142.369051126815D0,    0000011P   5837
1710.63246031537D0,-0.3239047510928381D0,143.0453973485374D0,    0000011P   5838
1712.354530258942D0,-2.357283389202787D-14,143.3879375078433D0,  0000011P   5839
-256.5655833126228D0,-31.32142665210164D0,220.2914839244545D0,   0000011P   5840
-242.287823216368D0,-32.19986677497828D0,217.4938084258123D0,    0000011P   5841
-213.7600381109484D0,-33.98343107383611D0,211.4623134628317D0,   0000011P   5842
-171.0775591088405D0,-36.77017209849016D0,201.3038572861971D0,   0000011P   5843
-128.2357891438261D0,-39.68375177798663D0,190.1407189466214D0,   0000011P   5844
-85.53850564855695D0,-42.66116903611856D0,178.271654545138D0,    0000011P   5845
-42.73776317590053D0,-45.60685226748715D0,165.8034942354711D0,   0000011P   5846
-0.08974433756175387D0,-48.55260685599471D0,153.0734911020621D0, 0000011P   5847
42.66721934171376D0,-51.50192493206291D0,140.2276191315118D0,    0000011P   5848
85.38420609658337D0,-54.40922995052151D0,127.4685204823535D0,    0000011P   5849
128.1080705667894D0,-57.22000768986658D0,114.9237153511962D0,    0000011P   5850
166.123581378918D0,-59.61687803026291D0,104.0912583489506D0,     0000011P   5851
199.3540081269819D0,-61.63100413998884D0,94.95962680370803D0,    0000011P   5852
227.8415653369681D0,-63.28727674658565D0,87.39434600985621D0,    0000011P   5853
256.376416590456D0,-64.86157073457937D0,80.11546179265918D0,     0000011P   5854
284.8208483118357D0,-66.34601392431395D0,73.20704964182185D0,    0000011P   5855
313.3169284470289D0,-67.7350284164438D0,66.67549328038857D0,     0000011P   5856
341.8736221528011D0,-69.02560213886724D0,60.56872029437133D0,    0000011P   5857
370.3474735825335D0,-70.21775058137476D0,54.92983992859212D0,    0000011P   5858
398.8358851329712D0,-71.31117027577676D0,49.72111867632998D0,    0000011P   5859
432.1296267310128D0,-72.47544280780116D0,44.13687174372373D0,    0000011P   5860
470.0894687991133D0,-73.65451139641472D0,38.45186217385147D0,    0000011P   5861
508.1442591105859D0,-74.60912532751146D0,33.49977616694746D0,    0000011P   5862
541.3903217892173D0,-75.25471830142038D0,29.68286153824889D0,    0000011P   5863
569.8999040579329D0,-75.70183426490026D0,26.74724118106906D0,    0000011P   5864
603.161782236684D0,-76.12880750526345D0,23.70895879968394D0,     0000011P   5865
641.1466898953357D0,-76.52257151428313D0,20.78004207538207D0,    0000011P   5866
679.181460839839D0,-76.76347220330675D0,18.45147411091135D0,     0000011P   5867
712.4180227876261D0,-76.83316710649405D0,16.83047773789147D0,    0000011P   5868
740.9094368035312D0,-76.78380318131852D0,15.70758768768545D0,    0000011P   5869
774.2053866176656D0,-76.58334604407486D0,14.6931122485114D0,     0000011P   5870
812.1599341356014D0,-76.12794972302413D0,13.94612596910815D0,    0000011P   5871
854.9749002466288D0,-75.44257991843128D0,13.70247721460078D0,    0000011P   5872
897.6724378251133D0,-74.71386734676028D0,14.10681037701255D0,    0000011P   5873
940.4852455309574D0,-73.80345963394592D0,15.09837656303358D0,    0000011P   5874
983.1846337167877D0,-72.56795018913394D0,16.61112275039389D0,    0000011P   5875
1025.992822137019D0,-71.13772946780337D0,18.68341715635961D0,    0000011P   5876
1068.693998806945D0,-69.63744911141799D0,21.34295337577768D0,    0000011P   5877
1106.731676940524D0,-68.16822257330716D0,24.23798667756448D0,    0000011P   5878
1139.95626930015D0,-66.7226262184987D0,27.1494558711816D0,       0000011P   5879
1168.441325154371D0,-65.37119339253545D0,29.90706495775817D0,    0000011P   5880
1201.741472181593D0,-63.66231470437543D0,33.44894356370511D0,    0000011P   5881
1239.713558151D0,-61.51021298724785D0,37.96191747782986D0,       0000011P   5882
1282.502018956193D0,-58.81251950228597D0,43.75689116038133D0,    0000011P   5883
1325.234027225252D0,-55.82280887444821D0,50.3257231136226D0,     0000011P   5884
1363.244125824347D0,-52.79420628407925D0,56.8795267179687D0,     0000011P   5885
1396.463232279227D0,-49.7952404571196D0,63.14067234194614D0,     0000011P   5886
1424.94880059952D0,-46.98957452726127D0,68.88125599721889D0,     0000011P   5887
1453.47569232782D0,-43.96165780935601D0,75.01232602249078D0,     0000011P   5888
1482.027596265262D0,-40.71676369841561D0,81.54249553339042D0,    0000011P   5889
1510.569426580358D0,-37.11830162253554D0,88.491291643936D0,      0000011P   5890
1530.435580369124D0,-34.2587673411654D0,93.64155423607215D0,     0000011P   5891
1541.788315808218D0,-32.48755690068176D0,96.68289511914821D0,    0000011P   5892
1544.657531321978D0,-32.03795820990138D0,97.45602371180937D0,    0000011P   5893
1547.497573059172D0,-31.58039509892657D0,98.22527536038953D0,    0000011P   5894
1550.351165508233D0,-31.12039028418222D0,99.00193750013568D0,    0000011P   5895
1553.224711778396D0,-30.65315481186553D0,99.78331927243229D0,    0000011P   5896
1556.074270453411D0,-30.18419284505792D0,100.5637203296135D0,    0000011P   5897
1558.909820817412D0,-29.71011133942015D0,101.3419415024361D0,    0000011P   5898
1561.769118149384D0,-29.23353522948278D0,102.1265872476566D0,    0000011P   5899
1564.618542091751D0,-28.75229831866994D0,102.9086492968892D0,    0000011P   5900
1567.480108389534D0,-28.27055910132004D0,103.694683484291D0,     0000011P   5901
1570.325911196229D0,-27.78601754045933D0,104.4766498344718D0,    0000011P   5902
1573.176344863598D0,-27.2991369926769D0,105.2582120191651D0,     0000011P   5903
1576.032818406367D0,-26.81245402418771D0,106.0406765907567D0,    0000011P   5904
1578.885784623564D0,-26.32414631719163D0,106.8200218529383D0,    0000011P   5905
1581.737454670279D0,-25.83559005845212D0,107.5969012537813D0,    0000011P   5906
1584.593515746024D0,-25.34647387903875D0,108.3714826783936D0,    0000011P   5907
1587.470386073074D0,-24.85827271018844D0,109.1475885511572D0,    0000011P   5908
1590.317722816895D0,-24.37045019559527D0,109.9132555908174D0,    0000011P   5909
1593.197113714226D0,-23.8852570726681D0,110.6830554781821D0,     0000011P   5910
1596.047146381829D0,-23.39946880907332D0,111.4384703233924D0,    0000011P   5911
1598.923692996654D0,-22.9184295811035D0,112.2047080523343D0,     0000011P   5912
1601.796283402852D0,-22.43802520529027D0,112.9395086389507D0,    0000011P   5913
1604.624554508147D0,-21.96144284186771D0,113.8724261814427D0,    0000011P   5914
1607.455308393839D0,-21.48745679072913D0,114.7959711212278D0,    0000011P   5915
1610.279435796758D0,-21.01779490189797D0,115.7303658586274D0,    0000011P   5916
1613.125805027951D0,-20.55209544706741D0,116.6764998047698D0,    0000011P   5917
1615.947394766034D0,-20.09022767120051D0,117.6203646493522D0,    0000011P   5918
1618.789969459271D0,-19.63623404167064D0,118.5813212010311D0,    0000011P   5919
1621.560257987309D0,-19.17961033721667D0,119.5131112555878D0,    0000011P   5920
1626.071943534057D0,-18.54539286036538D0,121.0993147303774D0,    0000011P   5921
1629.072779682456D0,-17.3710215925478D0,121.7157574927319D0,     0000011P   5922
1634.316650952044D0,-16.1053947031526D0,123.1552436560084D0,     0000011P   5923
1639.16502736872D0,-14.82710470131016D0,124.3550181696429D0,     0000011P   5924
1644.161395628753D0,-13.59449636444869D0,125.5804139910859D0,    0000011P   5925
1649.137290315027D0,-12.38834233167191D0,126.7522095779817D0,    0000011P   5926
1654.13003731936D0,-11.21569517415069D0,127.8962302619387D0,     0000011P   5927
1659.14959918732D0,-10.07112952643483D0,129.0152817896942D0,     0000011P   5928
1664.176228873324D0,-8.956705687177639D0,130.1095452891095D0,    0000011P   5929
1669.234763693984D0,-7.867461340237872D0,131.1899970114277D0,    0000011P   5930
1674.2648637734D0,-6.808144278463809D0,132.2422031809189D0,      0000011P   5931
1679.322317826818D0,-5.771454440803815D0,133.2888304592629D0,    0000011P   5932
1684.383468196771D0,-4.759625724172906D0,134.3309483686979D0,    0000011P   5933
1689.43055605042D0,-3.769745496198558D0,135.3619326490989D0,     0000011P   5934
1694.501693815233D0,-2.796311021280467D0,136.4034116281701D0,    0000011P   5935
1699.519202331853D0,-1.848368763053498D0,137.4368949957344D0,    0000011P   5936
1704.55342600564D0,-0.9160457270880742D0,138.4981236352247D0,    0000011P   5937
1707.887398546902D0,-0.3036488096446245D0,139.2092307933854D0,   0000011P   5938
1709.550603904838D0,-2.347181565164504D-14,139.5695537193384D0,  0000011P   5939
-256.5708785104214D0,-28.26043814947857D0,219.5275933819614D0,   0000011P   5940
-242.2908026436074D0,-29.06161578244409D0,216.7404788890131D0,   0000011P   5941
-213.7593352765973D0,-30.68510129152718D0,210.7193781877108D0,   0000011P   5942
-171.0778275973179D0,-33.19647247463732D0,200.5449217584877D0,   0000011P   5943
-128.2323094071648D0,-35.78237827374655D0,189.3328462588867D0,   0000011P   5944
-85.53938000670931D0,-38.43249504300076D0,177.3986888236082D0,   0000011P   5945
-42.73493676201238D0,-41.10745816722994D0,164.861952488101D0,    0000011P   5946
-0.09011374300637742D0,-43.80073039269314D0,152.0553219689983D0, 0000011P   5947
42.66846030236132D0,-46.48009411559279D0,139.116102109821D0,     0000011P   5948
85.38449829571194D0,-49.09582520387972D0,126.249450133119D0,     0000011P   5949
128.1080447407133D0,-51.59026296269138D0,113.584067639906D0,     0000011P   5950
166.1242784688558D0,-53.72070014270315D0,102.6413941481562D0,    0000011P   5951
199.3537703910502D0,-55.53878977717926D0,93.41786821010069D0,    0000011P   5952
227.8409365094932D0,-57.04174359338339D0,85.77514940796903D0,    0000011P   5953
256.3773693104524D0,-58.46670551716211D0,78.41845097628996D0,    0000011P   5954
284.8198495141717D0,-59.79480358232885D0,71.43140116403447D0,    0000011P   5955
313.3157817788336D0,-61.03575380277903D0,64.82363999987021D0,    0000011P   5956
341.8746213429086D0,-62.20143939725099D0,58.64715243397563D0,    0000011P   5957
370.3467698970815D0,-63.3062863134003D0,52.94898593973414D0,     0000011P   5958
398.8350473519631D0,-64.33202657023654D0,47.6862896266997D0,     0000011P   5959
432.13072680327D0,-65.41909608195908D0,42.0400448907221D0,       0000011P   5960
470.0879956197607D0,-66.4823680853272D0,36.27839630038095D0,     0000011P   5961
508.1450906572139D0,-67.34311953032722D0,31.25707041599324D0,    0000011P   5962
541.3901574661369D0,-67.96189378550983D0,27.39651068285528D0,    0000011P   5963
569.8998169080002D0,-68.40635149123001D0,24.42848468640092D0,    0000011P   5964
603.1624952908285D0,-68.83342529277772D0,21.35090786105991D0,    0000011P   5965
641.1458988759591D0,-69.20272331594741D0,18.3644907401077D0,     0000011P   5966
679.1823456172064D0,-69.39398056650006D0,15.96105634330473D0,    0000011P   5967
712.4175479938645D0,-69.40505216818494D0,14.26055511184615D0,    0000011P   5968
740.9092561971294D0,-69.32409754066126D0,13.07198042904312D0,    0000011P   5969
774.2061867080611D0,-69.14255555638697D0,11.99792135984953D0,    0000011P   5970
812.1592215222553D0,-68.83712448913977D0,11.22775805301745D0,    0000011P   5971
854.9759092987312D0,-68.31064271702911D0,10.9385276206927D0,     0000011P   5972
897.6717232110992D0,-67.54769801209928D0,11.19765114858848D0,    0000011P   5973
940.4863195710219D0,-66.6539240342656D0,12.04720985114162D0,     0000011P   5974
983.1839859724006D0,-65.73151276752859D0,13.52449927373695D0,    0000011P   5975
1025.993999343335D0,-64.65360203270244D0,15.55749067166653D0,    0000011P   5976
1068.69309390135D0,-63.28648075792832D0,18.06274870170901D0,     0000011P   5977
1106.732667183284D0,-61.89383532302828D0,20.77599314423082D0,    0000011P   5978
1139.956536491024D0,-60.59779748632982D0,23.53792651317166D0,    0000011P   5979
1168.440908328007D0,-59.42624400444171D0,26.17769513133408D0,    0000011P   5980
1201.742735123152D0,-57.98150052961791D0,29.59899906743749D0,    0000011P   5981
1239.713556481369D0,-56.20102528226742D0,34.00499315803027D0,    0000011P   5982
1282.503103225724D0,-53.93794974661643D0,39.66410178030446D0,    0000011P   5983
1325.234371592783D0,-51.32164209131342D0,46.0236637646172D0,     0000011P   5984
1363.244775816262D0,-48.63838476472218D0,52.39122455866264D0,    0000011P   5985
1396.464919066561D0,-46.00084083532472D0,58.53714406995655D0,    0000011P   5986
1424.950171337344D0,-43.53246815860906D0,64.21344566164372D0,    0000011P   5987
1453.477001311816D0,-40.85520473438757D0,70.31668429514886D0,    0000011P   5988
1482.026767064569D0,-37.96084975083189D0,76.85729711711144D0,    0000011P   5989
1510.567826709795D0,-34.70544677464696D0,83.83974294682264D0,    0000011P   5990
1530.434705007726D0,-32.07544224594302D0,89.01882451181947D0,    0000011P   5991
1541.789874883265D0,-30.43040780984293D0,92.07498285169351D0,    0000011P   5992
1544.660864013832D0,-30.01212822374531D0,92.85185714789668D0,    0000011P   5993
1547.501087640667D0,-29.58590137793035D0,93.6246594202928D0,     0000011P   5994
1550.356259431039D0,-29.15673836212841D0,94.40493280665501D0,    0000011P   5995
1553.230725295566D0,-28.72036976286496D0,95.18995687959065D0,    0000011P   5996
1556.081752071554D0,-28.28178997186128D0,95.97394030451275D0,    0000011P   5997
1558.917920478744D0,-27.83798589416003D0,96.75568478604131D0,    0000011P   5998
1561.778659817908D0,-27.39136061578672D0,97.54399572879591D0,    0000011P   5999
1564.628577022756D0,-26.94000520477102D0,98.32970636888349D0,    0000011P   6000
1567.491674023033D0,-26.48770295096551D0,99.11953167969983D0,    0000011P   6001
1570.338333946256D0,-26.03242446604179D0,99.90529295142915D0,    0000011P   6002
1573.18937387203D0,-25.57462741587805D0,100.6907539713205D0,     0000011P   6003
1576.047092564593D0,-25.11663535501572D0,101.477273302799D0,     0000011P   6004
1578.900808651444D0,-24.65684884238267D0,102.2607725208262D0,    0000011P   6005
1581.753160653576D0,-24.19654709101401D0,103.0419437558534D0,    0000011P   6006
1584.60963787976D0,-23.73549051382033D0,103.8209836659197D0,     0000011P   6007
1587.487415392021D0,-23.27504719386285D0,104.6018180307729D0,    0000011P   6008
1590.334717084101D0,-22.81477505541424D0,105.3722647672661D0,    0000011P   6009
1593.215126845171D0,-22.35674040709044D0,106.1472182841528D0,    0000011P   6010
1596.064470520823D0,-21.8980818147392D0,106.9078081221596D0,     0000011P   6011
1598.941768732177D0,-21.44364968197182D0,107.6797820013441D0,    0000011P   6012
1601.814057320298D0,-20.98978188861475D0,108.4200427928427D0,    0000011P   6013
1604.641271897423D0,-20.53938752382666D0,109.3628547190757D0,    0000011P   6014
1607.470483409896D0,-20.09140410245951D0,110.296519087378D0,     0000011P   6015
1610.292920008519D0,-19.64742733448237D0,111.241696346823D0,     0000011P   6016
1613.137706857177D0,-19.2071723093671D0,112.1993194064913D0,     0000011P   6017
1615.956627722133D0,-18.77056199252843D0,113.1551194189013D0,    0000011P   6018
1618.797843700087D0,-18.34127524955041D0,114.1288776579584D0,    0000011P   6019
1621.56172289271D0,-17.90989892624597D0,115.0734172211644D0,     0000011P   6020
1626.087204172123D0,-17.30903465253282D0,116.6834666360263D0,    0000011P   6021
1628.900918277897D0,-16.21330710973937D0,117.3032003676851D0,    0000011P   6022
1634.007424371494D0,-15.02787993143223D0,118.7640566063213D0,    0000011P   6023
1638.690016518728D0,-13.8330172958791D0,119.9838236660472D0,     0000011P   6024
1643.527458251903D0,-12.68109924819423D0,121.2331682342269D0,    0000011P   6025
1648.340216312114D0,-11.55469090899982D0,122.4311707739324D0,    0000011P   6026
1653.169437136274D0,-10.46000933777851D0,123.6041024359544D0,    0000011P   6027
1658.023428007423D0,-9.392041451054009D0,124.7547449987658D0,    0000011P   6028
1662.883365047607D0,-8.352511263043139D0,125.8832020583132D0,    0000011P   6029
1667.773197422509D0,-7.336822434647647D0,127.0005926425655D0,    0000011P   6030
1672.633798442947D0,-6.349117724859843D0,128.0921071805394D0,    0000011P   6031
1677.51980474897D0,-5.38269682416212D0,129.1807936904452D0,      0000011P   6032
1682.40855267406D0,-4.439439985206858D0,130.2676622931039D0,     0000011P   6033
1687.281380745298D0,-3.516595584287643D0,131.3458723110066D0,    0000011P   6034
1692.175653534865D0,-2.609080904793066D0,132.4374122378988D0,    0000011P   6035
1697.016274965424D0,-1.724907509423369D0,133.5233331819325D0,    0000011P   6036
1701.871827495635D0,-0.8550594486207936D0,134.6400242039237D0,   0000011P   6037
1705.084798025143D0,-0.2834891906062886D0,135.389765088237D0,    0000011P   6038
1706.687293678495D0,-2.33707974112622D-14,135.7698848974074D0,   0000011P   6039
-256.5797386818798D0,-25.16699709637304D0,218.8477473099489D0,   0000011P   6040
-242.296335836162D0,-25.8684761264182D0,216.0689378742899D0,     0000011P   6041
-213.7594324145133D0,-27.29461136114907D0,210.055287465848D0,    0000011P   6042
-171.0773620366455D0,-29.51721953952301D0,199.86825400505D0,     0000011P   6043
-128.2279514092473D0,-31.82436896785171D0,188.621651956382D0,    0000011P   6044
-85.539748161646D0,-34.1992848454081D0,176.6384093522874D0,      0000011P   6045
-42.73161563024212D0,-36.59934326115733D0,164.0412506876476D0,   0000011P   6046
-0.08986334961584842D0,-39.00490600764206D0,151.1622004147834D0, 0000011P   6047
42.67035751689624D0,-41.37348066208102D0,138.1338212153496D0,    0000011P   6048
85.38544148652649D0,-43.69507156221518D0,125.1732645869851D0,    0000011P   6049
128.1086698017442D0,-45.95248150058515D0,112.4198450887161D0,    0000011P   6050
166.1256319259864D0,-47.88756338288964D0,101.3961982615732D0,    0000011P   6051
199.3541985925167D0,-49.52006553174572D0,92.09470874585728D0,    0000011P   6052
227.8409831898178D0,-50.86043558385244D0,84.38255059440492D0,    0000011P   6053
256.3790065944667D0,-52.12566028520078D0,76.95611206233593D0,    0000011P   6054
284.8195419604606D0,-53.30279366350278D0,69.90255439116874D0,    0000011P   6055
313.3153312405523D0,-54.40176067941192D0,63.2302103264187D0,     0000011P   6056
341.8763203261726D0,-55.4343985574444D0,56.99059962915416D0,     0000011P   6057
370.3467690152319D0,-56.41479067063887D0,51.23024500043283D0,    0000011P   6058
398.8349146962639D0,-57.32788717914281D0,45.90767125041705D0,    0000011P   6059
432.1325338619795D0,-58.30062924731543D0,40.1965338949101D0,     0000011P   6060
470.0872302859223D0,-59.26210518425393D0,34.37123153877054D0,    0000011P   6061
508.1466293607593D0,-60.03388159007276D0,29.2893503794035D0,     0000011P   6062
541.3906985483494D0,-60.56788558831334D0,25.37235514500959D0,    0000011P   6063
569.900432812449D0,-60.94949681605064D0,22.35690443304468D0,     0000011P   6064
603.1639075892279D0,-61.33140623197959D0,19.22927200850812D0,    0000011P   6065
641.1458011141464D0,-61.71316803401837D0,16.19908074629601D0,    0000011P   6066
679.1839158991551D0,-61.93320751949162D0,13.75340660305218D0,    0000011P   6067
712.4177507701274D0,-61.9373622024485D0,12.00678009261787D0,     0000011P   6068
740.9097445344213D0,-61.84803148827836D0,10.77526767902407D0,    0000011P   6069
774.2076423333458D0,-61.67677947922908D0,9.650628972718323D0,    0000011P   6070
812.1591426090639D0,-61.44454021728107D0,8.827207278573553D0,    0000011P   6071
854.9775189281255D0,-61.06108637390496D0,8.48777400543355D0,     0000011P   6072
897.6715677320105D0,-60.47987500509858D0,8.710242166763408D0,    0000011P   6073
940.4879207989845D0,-59.72058242845087D0,9.488647730434934D0,    0000011P   6074
983.1838609053274D0,-58.79939025878588D0,10.81198633146059D0,    0000011P   6075
1025.995687038715D0,-57.74748990586983D0,12.68031424694453D0,    0000011P   6076
1068.69264431681D0,-56.59095512530148D0,15.08276796340928D0,     0000011P   6077
1106.73404141366D0,-55.46834344844687D0,17.72053375758691D0,     0000011P   6078
1139.957120719269D0,-54.41006439426069D0,20.39915650989499D0,    0000011P   6079
1168.440756005337D0,-53.43447782211153D0,22.94675929519916D0,    0000011P   6080
1201.744216297488D0,-52.19865838277217D0,26.22627359808151D0,    0000011P   6081
1239.713755153179D0,-50.61434232553606D0,30.40641874561531D0,    0000011P   6082
1282.504316558246D0,-48.62634154767724D0,35.80447186825707D0,    0000011P   6083
1325.234623499255D0,-46.45306635526008D0,41.97564480973077D0,    0000011P   6084
1363.245261677465D0,-44.24119639432199D0,48.21924706224178D0,    0000011P   6085
1396.466660766007D0,-42.01941104397719D0,54.27295403623306D0,    0000011P   6086
1424.951676253232D0,-39.90376256826221D0,59.87393234900664D0,    0000011P   6087
1453.478111567463D0,-37.56874731058908D0,65.89834939371781D0,    0000011P   6088
1482.02468750063D0,-35.00000589151536D0,72.34914127591375D0,     0000011P   6089
1510.564342510368D0,-32.06615386446584D0,79.25833693348807D0,    0000011P   6090
1530.432593296973D0,-29.66705754045974D0,84.41687058584716D0,    0000011P   6091
1541.791163320783D0,-28.15857706251853D0,87.47709043652873D0,    0000011P   6092
1544.664192220002D0,-27.77464699997756D0,88.25576880460494D0,    0000011P   6093
1547.504882703206D0,-27.38318227801852D0,89.03090485029242D0,    0000011P   6094
1550.361933310758D0,-26.98865909835148D0,89.81425698338852D0,    0000011P   6095
1553.237628448909D0,-26.58730432650438D0,90.60303477722152D0,    0000011P   6096
1556.090438902776D0,-26.18357932151254D0,91.39131547978158D0,    0000011P   6097
1558.927542521959D0,-25.77482767647474D0,92.17786123904983D0,    0000011P   6098
1561.790038323271D0,-25.36320736758561D0,92.97163797700708D0,    0000011P   6099
1564.640756225962D0,-24.94704346615462D0,93.76328000375121D0,    0000011P   6100
1567.505680038755D0,-24.52972079622267D0,94.55962100141474D0,    0000011P   6101
1570.35347755744D0,-24.10945735678094D0,95.35230309525431D0,     0000011P   6102
1573.205384283717D0,-23.6866818616709D0,96.14514975753281D0,     0000011P   6103
1576.064584425592D0,-23.26348159243467D0,96.93953113221269D0,    0000011P   6104
1578.919258133287D0,-22.83845672340232D0,97.73127163502349D0,    0000011P   6105
1581.772466987952D0,-22.4127662325548D0,98.52106164829422D0,     0000011P   6106
1584.629498101873D0,-21.98621905331794D0,99.30908617249381D0,    0000011P   6107
1587.508279071072D0,-21.56005315925146D0,100.0993339122337D0,    0000011P   6108
1590.355596211826D0,-21.1338974938808D0,100.8793635519728D0,     0000011P   6109
1593.237025259988D0,-20.70961067570321D0,101.6643517979086D0,    0000011P   6110
1596.085625984237D0,-20.28467110742199D0,102.4350351908509D0,    0000011P   6111
1598.963563144112D0,-19.86341215864136D0,103.2176608145274D0,    0000011P   6112
1601.835374271849D0,-19.44260051115682D0,103.968254006766D0,     0000011P   6113
1604.661289378448D0,-19.02484392172579D0,104.9257486837041D0,    0000011P   6114
1607.488643969553D0,-18.60921985883311D0,105.8741965880921D0,    0000011P   6115
1610.308999304193D0,-18.1971686310677D0,106.8346557872537D0,     0000011P   6116
1613.15173309334D0,-17.78845888435428D0,107.8080622577201D0,     0000011P   6117
1615.967429885161D0,-17.38304404323347D0,108.7798461843287D0,    0000011P   6118
1618.806643119042D0,-16.98421611017415D0,109.7701688757318D0,    0000011P   6119
1621.563375812935D0,-16.58362973673758D0,110.7308943006501D0,    0000011P   6120
1626.101404106625D0,-16.02406331883624D0,112.369382200418D0,     0000011P   6121
1628.725979746474D0,-15.01666962298662D0,112.9971071162045D0,    0000011P   6122
1633.691985767787D0,-13.92203545708759D0,114.4828115807316D0,    0000011P   6123
1638.205056248366D0,-12.81975796953603D0,115.7237862906476D0,    0000011P   6124
1642.87924535515D0,-11.75632701853494D0,116.9961612305673D0,     0000011P   6125
1647.523965786038D0,-10.71617475162773D0,118.2174484363279D0,    0000011P   6126
1652.184198321629D0,-9.70475726201153D0,119.4144944452394D0,     0000011P   6127
1656.866608781035D0,-8.717548293586631D0,120.5901866348479D0,    0000011P   6128
1661.553310252525D0,-7.75601012153611D0,121.7446806365226D0,     0000011P   6129
1666.267377549447D0,-6.815986929207405D0,122.8893678222951D0,    0000011P   6130
1670.950910967933D0,-5.901090987139579D0,124.0091923932664D0,    0000011P   6131
1675.657408871428D0,-5.005296282751759D0,125.1277132915145D0,    0000011P   6132
1680.365215382963D0,-4.1302039698364D0,126.2460108037803D0,      0000011P   6133
1685.054780188127D0,-3.273297978755912D0,127.3571574025085D0,    0000011P   6134
1689.762733802413D0,-2.429990157290495D0,128.4836313148231D0,    0000011P   6135
1694.416577029101D0,-1.607331712608477D0,129.6061546345428D0,    0000011P   6136
1699.083144178743D0,-0.7972382854266297D0,130.7618941672033D0,   0000011P   6137
1702.167963658109D0,-0.2644198698331138D0,131.5390267939746D0,   0000011P   6138
1703.706109167353D0,-2.326977917087938D-14,131.9332692384528D0,  0000011P   6139
-256.5818540948687D0,-22.02856681291476D0,218.2483073100617D0,   0000011P   6140
-242.296982728559D0,-22.65807854644051D0,215.4834037448543D0,    0000011P   6141
-213.7578601470006D0,-23.93287414049412D0,209.4872315138943D0,   0000011P   6142
-171.0780072110108D0,-25.89861258348178D0,199.2972287752095D0,   0000011P   6143
-128.2248896040453D0,-27.91293888350361D0,188.0183480528058D0,   0000011P   6144
-85.54064067994662D0,-29.97891920617628D0,175.9866590965166D0,   0000011P   6145
-42.72873345893795D0,-32.07708188327592D0,163.3338807005436D0,   0000011P   6146
-0.09022802311592021D0,-34.18636592873605D0,150.3929729026194D0, 0000011P   6147
42.67162916567182D0,-36.26568018626229D0,137.293332720234D0,     0000011P   6148
85.38581516723232D0,-38.30443193358845D0,124.2545474672959D0,    0000011P   6149
128.1087490897477D0,-40.28573856679875D0,111.4170397932923D0,    0000011P   6150
166.1264469545528D0,-41.98298897141048D0,100.3142767689896D0,    0000011P   6151
199.3540956258525D0,-43.41385649028261D0,90.94159425279885D0,    0000011P   6152
227.8405023533643D0,-44.58659874612798D0,83.16805761893954D0,    0000011P   6153
256.3801143230639D0,-45.69003907113405D0,75.68094668867627D0,    0000011P   6154
284.8186940518417D0,-46.7114870052276D0,68.56971369783258D0,     0000011P   6155
313.3143288071431D0,-47.66730137581912D0,61.84206618105013D0,    0000011P   6156
341.8774630761732D0,-48.57545070894454D0,55.54973551069622D0,    0000011P   6157
370.3462226078065D0,-49.4557628174604D0,49.73938655853587D0,     0000011P   6158
398.8342540233999D0,-50.28349770469359D0,44.36861779520251D0,    0000011P   6159
432.1338317624517D0,-51.16222909293593D0,38.6029591676094D0,     0000011P   6160
470.085961679695D0,-52.00763936855974D0,32.71745579982569D0,     0000011P   6161
508.1476570994666D0,-52.68284998481897D0,27.58147860731687D0,    0000011P   6162
541.3907157958309D0,-53.16768829133057D0,23.62536609148067D0,    0000011P   6163
569.9005137264198D0,-53.51167046905044D0,20.57614968000256D0,    0000011P   6164
603.1647764634772D0,-53.83189641212816D0,17.40236917301655D0,    0000011P   6165
641.1451635678864D0,-54.08501633724666D0,14.30052738537273D0,    0000011P   6166
679.184948033094D0,-54.22647638923286D0,11.79197222908732D0,     0000011P   6167
712.4174023171984D0,-54.28565535521997D0,10.01993973235605D0,    0000011P   6168
740.9096670293332D0,-54.28169689948749D0,8.773871379912862D0,    0000011P   6169
774.2085187285602D0,-54.20038099545564D0,7.625558471115681D0,    0000011P   6170
812.158485317879D0,-53.97947613824547D0,6.744140350204759D0,     0000011P   6171
854.9785539479269D0,-53.58938998224549D0,6.324134827039984D0,    0000011P   6172
897.670825182664D0,-53.08678410100888D0,6.477448152609185D0,     0000011P   6173
940.4889046176922D0,-52.46211232430503D0,7.190343993259035D0,    0000011P   6174
983.1830685695713D0,-51.70265175360287D0,8.44400315152933D0,     0000011P   6175
1025.996658160776D0,-50.83119873386265D0,10.2334052919237D0,     0000011P   6176
1068.691449677247D0,-49.86597077155349D0,12.54252721093158D0,    0000011P   6177
1106.734658389932D0,-48.91588752924321D0,15.07232705479584D0,    0000011P   6178
1139.956942647266D0,-48.00581470341835D0,17.62911434462689D0,    0000011P   6179
1168.439833679241D0,-47.17186671558275D0,20.06250424816908D0,    0000011P   6180
1201.744906057093D0,-46.13748093557705D0,23.20830714405373D0,    0000011P   6181
1239.713107989204D0,-44.86348175604975D0,27.25037602007951D0,    0000011P   6182
1282.504629152298D0,-43.25751842762142D0,32.46824222106183D0,    0000011P   6183
1325.233973295436D0,-41.42400778382532D0,38.38901165974416D0,    0000011P   6184
1363.244791085617D0,-39.53432133411329D0,44.38073138655425D0,    0000011P   6185
1396.467285721657D0,-37.65121364213884D0,50.21717899970047D0,    0000011P   6186
1424.951966612389D0,-35.86581972290484D0,55.65639492778941D0,    0000011P   6187
1453.478066762237D0,-33.9011161145396D0,61.56628708740004D0,     0000011P   6188
1482.021788500232D0,-31.74365780676526D0,67.9725649176403D0,     0000011P   6189
1510.560218771903D0,-29.23506556564288D0,74.87557669534D0,       0000011P   6190
1530.42955522145D0,-27.12413118877134D0,80.03393459481697D0,     0000011P   6191
1541.791135866165D0,-25.77132570118385D0,83.08834294621035D0,    0000011P   6192
1544.66609772357D0,-25.42595827997577D0,83.86540539149837D0,     0000011P   6193
1547.507141080342D0,-25.07289904761655D0,84.63857657309364D0,    0000011P   6194
1550.365950959537D0,-24.71611845041118D0,85.41988688124869D0,    0000011P   6195
1553.242751872641D0,-24.35236876550523D0,86.20653259844366D0,    0000011P   6196
1556.097220162183D0,-23.98560745186325D0,86.99251626367663D0,    0000011P   6197
1558.935132417223D0,-23.61356392325533D0,87.77661717672093D0,    0000011P   6198
1561.799258980218D0,-23.23818017866041D0,88.5680184853494D0,     0000011P   6199
1564.650654365557D0,-22.8580444252829D0,89.35721228208182D0,     0000011P   6200
1567.517285870543D0,-22.47617215396726D0,90.15120766621828D0,    0000011P   6201
1570.366107568838D0,-22.09105788363941D0,90.94152430651887D0,    0000011P   6202
1573.218774993842D0,-21.70313050871926D0,91.73210206869113D0,    0000011P   6203
1576.07935940693D0,-21.31427017036484D0,92.52437938566577D0,     0000011P   6204
1578.934904090645D0,-20.92330579092358D0,93.31414022237119D0,    0000011P   6205
1581.788895295899D0,-20.53130524593748D0,94.10212992144523D0,    0000011P   6206
1584.646419548087D0,-20.13815512196276D0,94.88857853421723D0,    0000011P   6207
1587.52615858684D0,-19.74499241567283D0,95.67759439859334D0,     0000011P   6208
1590.373462760562D0,-19.3515462224611D0,96.45653367506925D0,     0000011P   6209
1593.255901261396D0,-18.9594966033213D0,97.24091207571721D0,     0000011P   6210
1596.103769390703D0,-18.56669093042745D0,98.01112984986129D0,    0000011P   6211
1598.982377656045D0,-18.17697467199192D0,98.79399015333001D0,    0000011P   6212
1601.853766890432D0,-17.78757244439438D0,99.54469749907369D0,    0000011P   6213
1604.678463113226D0,-17.40081980460624D0,100.5069122053779D0,    0000011P   6214
1607.504067998973D0,-17.01596330736038D0,101.4604931588395D0,    0000011P   6215
1610.322477524528D0,-16.63431699248073D0,102.4269527534633D0,    0000011P   6216
1613.163323557555D0,-16.25573219496008D0,103.4072867416618D0,    0000011P   6217
1615.975993037723D0,-15.8802219310801D0,104.3866810490224D0,     0000011P   6218
1618.813433356708D0,-15.51072047280973D0,105.3857337273754D0,    0000011P   6219
1621.563284058341D0,-15.1399794100737D0,106.3554063250911D0,     0000011P   6220
1626.114309407756D0,-14.6206219112975D0,108.012478553662D0,      0000011P   6221
1628.55047756999D0,-13.70096676960726D0,108.6375371504042D0,     0000011P   6222
1633.377126083043D0,-12.69781191094675D0,110.1389883717375D0,    0000011P   6223
1637.72204183186D0,-11.69014234548611D0,111.3960977264269D0,     0000011P   6224
1642.234564459733D0,-10.71846438343574D0,112.6902767632395D0,    0000011P   6225
1646.713047463091D0,-9.768983838178855D0,113.9372873576787D0,    0000011P   6226
1651.206300807944D0,-8.846302475545695D0,115.1643697004752D0,    0000011P   6227
1655.719343691194D0,-7.946287505731754D0,116.3743350351494D0,    0000011P   6228
1660.235221009058D0,-7.070046103804977D0,117.5672092953941D0,    0000011P   6229
1664.77612806427D0,-6.213769614477117D0,118.7544744642053D0,     0000011P   6230
1669.285386980001D0,-5.380446458752603D0,119.9206467816691D0,    0000011P   6231
1673.815352684815D0,-4.564631559905917D0,121.0896143806325D0,    0000011P   6232
1678.345371933012D0,-3.767553611788203D0,122.2623459806577D0,    0000011P   6233
1682.855000410414D0,-2.986838737749318D0,123.4316454710441D0,    0000011P   6234
1687.380129417548D0,-2.218299988879683D0,124.6202990791953D0,    0000011P   6235
1691.850851480032D0,-1.467934855734331D0,125.808518151498D0,     0000011P   6236
1696.332247602034D0,-0.7284972082231869D0,127.034065505109D0,    0000011P   6237
1699.291560369868D0,-0.2417176818303772D0,127.8600855480491D0,   0000011P   6238
1700.76670240376D0,-2.316876093049653D-14,128.279415542555D0,    0000011P   6239
-256.5656484349261D0,-18.92607288609137D0,217.7392055143473D0,   0000011P   6240
-242.2843954758356D0,-19.44211300007308D0,214.981969213783D0,    0000011P   6241
-213.751862691201D0,-20.4938108619048D0,208.9932924457507D0,     0000011P   6242
-171.0818410707161D0,-22.1514914954219D0,198.7963369240344D0,    0000011P   6243
-128.2255140175345D0,-23.90107342185488D0,187.495711731984D0,    0000011P   6244
-85.54312071686691D0,-25.69732980710731D0,175.4301160600244D0,   0000011P   6245
-42.72728149131299D0,-27.47546432383184D0,162.7296920868601D0,   0000011P   6246
-0.09256370097601807D0,-29.2678949367571D0,149.7344955220754D0,  0000011P   6247
42.67094045022927D0,-31.09003498733251D0,136.5769317312681D0,    0000011P   6248
85.38442169941365D0,-32.87514425772028D0,123.4743230257176D0,    0000011P   6249
128.1070690104906D0,-34.55132628371898D0,110.5635254205503D0,    0000011P   6250
166.125457135561D0,-35.97734704740533D0,99.39113577921147D0,     0000011P   6251
199.3521911985262D0,-37.20373312032164D0,89.95773533999923D0,    0000011P   6252
227.8382421731004D0,-38.22840551185927D0,82.13430955493817D0,    0000011P   6253
256.3794737743469D0,-39.21554248544661D0,74.60155160776048D0,    0000011P   6254
284.816127685395D0,-40.15651557293805D0,67.45220967610973D0,     0000011P   6255
313.3116289455003D0,-41.03459523789221D0,60.68698055749567D0,    0000011P   6256
341.8769131383201D0,-41.83469888607334D0,54.35147563770687D0,    0000011P   6257
370.3439645889903D0,-42.54374898885018D0,48.48625745271433D0,    0000011P   6258
398.8318527792428D0,-43.1789871543866D0,43.05640568970458D0,     0000011P   6259
432.1333593049527D0,-43.85634340607149D0,37.22620052031873D0,    0000011P   6260
470.0829165844066D0,-44.57233929611718D0,31.28656816411395D0,    0000011P   6261
508.1469194447837D0,-45.18451735396371D0,26.10832761404176D0,    0000011P   6262
541.3889781737531D0,-45.6227611498116D0,22.11661437701811D0,     0000011P   6263
569.8988459263289D0,-45.93702901860816D0,19.03861433723488D0,    0000011P   6264
603.1638964912647D0,-46.23942695547557D0,15.83453084780882D0,    0000011P   6265
641.1427609193531D0,-46.5032761701312D0,12.70448923779844D0,     0000011P   6266
679.1841947133055D0,-46.64782793974074D0,10.16325221375587D0,    0000011P   6267
712.4152586909739D0,-46.67148151989686D0,8.350802134238734D0,    0000011P   6268
740.90778601902D0,-46.63034416254203D0,7.066192124598047D0,      0000011P   6269
774.2075754225936D0,-46.52060752710806D0,5.873396678030758D0,    0000011P   6270
812.1559713121038D0,-46.32121887848237D0,4.949280211339868D0,    0000011P   6271
854.9776913471111D0,-46.00454503307827D0,4.484857805329057D0,    0000011P   6272
897.6681706389019D0,-45.60115500333673D0,4.590228328774344D0,    0000011P   6273
940.4879698906041D0,-45.10208786645506D0,5.248762904982527D0,    0000011P   6274
983.1803401877838D0,-44.49562372725684D0,6.438701693401157D0,    0000011P   6275
1025.995667900771D0,-43.79159251303118D0,8.153172471772137D0,    0000011P   6276
1068.688263644778D0,-42.99577371755295D0,10.37422619599073D0,    0000011P   6277
1106.733233344499D0,-42.19143619035665D0,12.80551807705962D0,    0000011P   6278
1139.954646298282D0,-41.40123574725519D0,15.25490282747677D0,    0000011P   6279
1168.436724380912D0,-40.67679898140047D0,17.58256454419276D0,    0000011P   6280
1201.743346639079D0,-39.79198083140686D0,20.59050861976975D0,    0000011P   6281
1239.710197661847D0,-38.74096441102959D0,24.45599275763492D0,    0000011P   6282
1282.502643064353D0,-37.46573774511695D0,29.46558038718591D0,    0000011P   6283
1325.230871519318D0,-36.05326877141607D0,35.18443445241391D0,    0000011P   6284
1363.241871588175D0,-34.5848939094425D0,40.98199625216209D0,     0000011P   6285
1396.465743808383D0,-33.07981547874038D0,46.62299861679702D0,    0000011P   6286
1424.950217719323D0,-31.631203502702D0,51.87995459745443D0,      0000011P   6287
1453.475688200679D0,-30.02150031844686D0,57.59605604030203D0,    0000011P   6288
1482.015528221552D0,-28.24353575955107D0,63.79995920551559D0,    0000011P   6289
1510.552149055372D0,-26.13272804341461D0,70.52835814257904D0,    0000011P   6290
1530.423298907187D0,-24.3083885825778D0,75.60927559267186D0,     0000011P   6291
1541.788924464935D0,-23.12052778990926D0,78.641571418551D0,      0000011P   6292
1544.666103674591D0,-22.81650110103562D0,79.41413879294277D0,    0000011P   6293
1547.507804022277D0,-22.50504746879056D0,80.18362680884643D0,    0000011P   6294
1550.368692633102D0,-22.18960832811419D0,80.9622755123753D0,     0000011P   6295
1553.246929743147D0,-21.86743811181001D0,81.74720557056702D0,    0000011P   6296
1556.103392871715D0,-21.54196712281204D0,82.53228248883323D0,    0000011P   6297
1558.942452966686D0,-21.21128733960189D0,83.31624039414497D0,    0000011P   6298
1561.80854731552D0,-20.87710152798309D0,84.10841733547281D0,     0000011P   6299
1564.660950647106D0,-20.53823777509527D0,84.89910086316397D0,    0000011P   6300
1567.529609366687D0,-20.19731898262663D0,85.69541316909181D0,    0000011P   6301
1570.379759445161D0,-19.85309293347812D0,86.4886891409254D0,     0000011P   6302
1573.233472066984D0,-19.50596544668836D0,87.28292271322263D0,    0000011P   6303
1576.09570116626D0,-19.15758626707148D0,88.07955828328798D0,     0000011P   6304
1578.952348777217D0,-18.80698980903257D0,88.87427704065442D0,    0000011P   6305
1581.807321439886D0,-18.45512958971489D0,89.66781696367414D0,    0000011P   6306
1584.665500712136D0,-18.10194659284533D0,90.46039082994261D0,    0000011P   6307
1587.546318096561D0,-17.74845358225123D0,91.25616428606621D0,    0000011P   6308
1590.393683593058D0,-17.3944565492342D0,92.04222864398304D0,     0000011P   6309
1593.277155469416D0,-17.04143374132473D0,92.83437629704575D0,    0000011P   6310
1596.124260179043D0,-16.68757824420781D0,93.61260887849826D0,    0000011P   6311
1599.003449596882D0,-16.33622436874417D0,94.40422329167558D0,    0000011P   6312
1601.874263476075D0,-15.98503140993794D0,95.16354090005603D0,    0000011P   6313
1604.697519463709D0,-15.63603946901475D0,96.13888609947898D0,    0000011P   6314
1607.521081022593D0,-15.28864093099575D0,97.10586259579318D0,    0000011P   6315
1610.337174466768D0,-14.94400031098018D0,98.0863747850904D0,     0000011P   6316
1613.17568143995D0,-14.6020283770691D0,99.08141587106996D0,      0000011P   6317
1615.984786892669D0,-14.26277448132552D0,100.0758651954751D0,    0000011P   6318
1618.819827788253D0,-13.92879190925864D0,101.0906952287193D0,    0000011P   6319
1621.562075815773D0,-13.59390593319695D0,102.0759027742284D0,    0000011P   6320
1626.12487249546D0,-13.12344101784878D0,103.7606349548669D0,     0000011P   6321
1628.370643244228D0,-12.30229153616911D0,104.393082249924D0,     0000011P   6322
1633.054825315788D0,-11.40272000128722D0,105.9194209697483D0,    0000011P   6323
1637.227868017835D0,-10.50049235503549D0,107.1985870478087D0,    0000011P   6324
1641.574410508616D0,-9.630205887837867D0,108.5174733282017D0,    0000011P   6325
1645.881761121697D0,-8.779914607123558D0,109.7902912572742D0,    0000011P   6326
1650.2025730471D0,-7.953440479562103D0,111.044874410355D0,       0000011P   6327
1654.540232898124D0,-7.147118709850378D0,112.284157628116D0,     0000011P   6328
1658.878731417536D0,-6.361775901147375D0,113.5082368777511D0,    0000011P   6329
1663.239398436062D0,-5.594025087735341D0,114.7288844843979D0,    0000011P   6330
1667.566791942514D0,-4.846305369290251D0,115.9303884583047D0,    0000011P   6331
1671.91213746918D0,-4.113827133148122D0,117.1371658542652D0,     0000011P   6332
1676.255798440233D0,-3.397521141424971D0,118.35027355584D0,      0000011P   6333
1680.576450580333D0,-2.695230238664277D0,119.5624466003605D0,    0000011P   6334
1684.909260013644D0,-2.003243207472866D0,120.7969789466874D0,    0000011P   6335
1689.186925026728D0,-1.326578349998656D0,122.0337709249524D0,    0000011P   6336
1693.472787355971D0,-0.6589022935509017D0,123.311381095111D0,    0000011P   6337
1696.299409674649D0,-0.218747780930185D0,124.1741769335479D0,    0000011P   6338
1697.707889897257D0,-2.306774269011371D-14,124.612501551841D0,   0000011P   6339
-256.5314278922897D0,-15.75751231702554D0,217.3027138645279D0,   0000011P   6340
-242.2588231371121D0,-16.21286662634048D0,214.5584384930305D0,   0000011P   6341
-213.7415974849255D0,-17.13481450107981D0,208.5873622845543D0,   0000011P   6342
-171.0890037932275D0,-18.54231533350393D0,198.3933739960606D0,   0000011P   6343
-128.2301202148918D0,-19.95723030975305D0,187.0718805602871D0,   0000011P   6344
-85.54765520693515D0,-21.4225464264134D0,174.975606689441D0,     0000011P   6345
-42.72775642570524D0,-22.96538965143831D0,162.2445686623092D0,   0000011P   6346
-0.09739557456875989D0,-24.49651472518184D0,149.20950768796D0,   0000011P   6347
42.66759819397221D0,-25.91215895070987D0,135.9893681155312D0,    0000011P   6348
85.38041474086711D0,-27.30912309150444D0,122.821405483063D0,     0000011P   6349
128.1027984817582D0,-28.77927899395671D0,109.8610222977281D0,    0000011P   6350
166.1218724167484D0,-30.06233946578285D0,98.64471157826199D0,    0000011P   6351
199.3476627364588D0,-31.10468363902085D0,89.16360879785599D0,    0000011P   6352
227.8333217793565D0,-31.94038344294888D0,81.29407857978859D0,    0000011P   6353
256.3761316339383D0,-32.71626145624655D0,73.71121333209081D0,    0000011P   6354
284.8108191156085D0,-33.43225128336845D0,66.51021824639105D0,    0000011P   6355
313.3061582601632D0,-34.10436553595915D0,59.69563446971D0,       0000011P   6356
341.873586904235D0,-34.7497353745083D0,53.31771220748971D0,      0000011P   6357
370.3389589239411D0,-35.38675525672039D0,47.42152734085506D0,    0000011P   6358
398.8267469538916D0,-35.99196854101319D0,41.96628320928318D0,    0000011P   6359
432.1302266084948D0,-36.63598030910709D0,36.10685895023508D0,    0000011P   6360
470.0772213995909D0,-37.24917168819623D0,30.12603897112535D0,    0000011P   6361
508.1435141160292D0,-37.73441144480042D0,24.90271306499024D0,    0000011P   6362
541.3845523530438D0,-38.08215238893636D0,20.87383233738353D0,    0000011P   6363
569.8944777153268D0,-38.33608980594716D0,17.76600988821537D0,    0000011P   6364
603.1603184658767D0,-38.59169129567459D0,14.53040025277852D0,    0000011P   6365
641.1377013421412D0,-38.84077513350043D0,11.37022433111713D0,    0000011P   6366
679.1808322342586D0,-38.99354085014629D0,8.802306619937781D0,    0000011P   6367
712.4105238435739D0,-39.02413085448232D0,6.966726140505813D0,    0000011P   6368
740.9033253073731D0,-38.99474724267373D0,5.662544360173428D0,    0000011P   6369
774.2040759460742D0,-38.91259202381895D0,4.447474317557237D0,    0000011P   6370
812.1509632974774D0,-38.77466284640983D0,3.499315528971806D0,    0000011P   6371
854.9744034399654D0,-38.53482897075129D0,3.002058478836659D0,    0000011P   6372
897.6631092645165D0,-38.18347260915891D0,3.061316320245339D0,    0000011P   6373
940.4846478295693D0,-37.74189030855302D0,3.665328022708508D0,    0000011P   6374
983.1752964323559D0,-37.22921926102023D0,4.797184060637505D0,    0000011P   6375
1025.992450737272D0,-36.62784660884053D0,6.440821054406257D0,    0000011P   6376
1068.682919412285D0,-35.91665288473506D0,8.5689749569448D0,      0000011P   6377
1106.72974633909D0,-35.23991702607705D0,10.91358709825846D0,     0000011P   6378
1139.950436465789D0,-34.65051249914292D0,13.2953232700981D0,     0000011P   6379
1168.431851546731D0,-34.12815263455271D0,15.56060811864074D0,    0000011P   6380
1201.740199909727D0,-33.47725303146477D0,18.47929320832901D0,    0000011P   6381
1239.705866904129D0,-32.63882462023786D0,22.2024644434677D0,     0000011P   6382
1282.499361211121D0,-31.57882319996569D0,26.99771730558334D0,    0000011P   6383
1325.226518670083D0,-30.40876868247072D0,32.447915100318D0,      0000011P   6384
1363.237907218278D0,-29.23535173055775D0,37.97370153691068D0,    0000011P   6385
1396.463633337317D0,-28.08665186994306D0,43.36430145230835D0,    0000011P   6386
1424.948231620958D0,-27.00023897531083D0,48.40778744413916D0,    0000011P   6387
1453.473044918818D0,-25.7977252045723D0,53.92184811351825D0,     0000011P   6388
1482.008332338561D0,-24.46095178936901D0,59.94523537237764D0,    0000011P   6389
1510.542856999772D0,-22.80504947594537D0,66.5157083044401D0,     0000011P   6390
1530.416611009291D0,-21.29413948007138D0,71.50241209896407D0,    0000011P   6391
1541.787273167777D0,-20.27931164848961D0,74.48623070753513D0,    0000011P   6392
1544.666940236708D0,-20.01834558263508D0,75.24694131614791D0,    0000011P   6393
1547.509585099928D0,-19.74992084779974D0,76.00470390649232D0,    0000011P   6394
1550.372853063485D0,-19.4769688780131D0,76.77201436733046D0,     0000011P   6395
1553.252836166937D0,-19.19726527219081D0,77.5459639370454D0,     0000011P   6396
1556.111609185241D0,-18.91373218769063D0,78.32032727425045D0,    0000011P   6397
1558.952133503979D0,-18.62484317815999D0,79.09383951990233D0,    0000011P   6398
1561.820509434499D0,-18.33208078668123D0,79.87603981095737D0,    0000011P   6399
1564.674227999072D0,-18.03453199078344D0,80.65705734237824D0,    0000011P   6400
1567.545210789763D0,-17.7344461134529D0,81.44417358539954D0,     0000011P   6401
1570.396971753587D0,-17.4308432120198D0,82.22858483338737D0,     0000011P   6402
1573.251993804938D0,-17.12412504059571D0,83.01438527653791D0,    0000011P   6403
1576.116109629536D0,-16.81572995810517D0,83.80307146331751D0,    0000011P   6404
1578.974076092171D0,-16.50491688146516D0,84.59026799465167D0,    0000011P   6405
1581.830216100878D0,-16.19254397987448D0,85.37675167139494D0,    0000011P   6406
1584.689202324881D0,-15.87862564468495D0,86.16276418419693D0,    0000011P   6407
1587.571212108621D0,-15.56406941733208D0,86.95257467515229D0,    0000011P   6408
1590.418711182369D0,-15.24877719547998D0,87.7330557944295D0,     0000011P   6409
1593.303242968445D0,-14.93404442365012D0,88.52032280344966D0,    0000011P   6410
1596.149561151181D0,-14.61842891149274D0,89.29402490616451D0,    0000011P   6411
1599.029255051787D0,-14.30477282297118D0,90.08199894020353D0,    0000011P   6412
1601.899359422421D0,-13.99118914216832D0,90.83772930636113D0,    0000011P   6413
1604.720979616776D0,-13.67944152501823D0,91.81425066481842D0,    0000011P   6414
1607.542236964803D0,-13.36908719728464D0,92.78295772746415D0,    0000011P   6415
1610.355684196616D0,-13.06116015979631D0,93.76619307926492D0,    0000011P   6416
1613.191448810861D0,-12.75564962421687D0,94.764993561995D0,      0000011P   6417
1615.996509847816D0,-12.45266028884492D0,95.76397812034125D0,    0000011P   6418
1618.828589921341D0,-12.15438346318419D0,96.7845398300887D0,     0000011P   6419
1621.562588944628D0,-11.85573711242116D0,97.77575693650654D0,    0000011P   6420
1626.136056987892D0,-11.43506432592031D0,99.47474491656922D0,    0000011P   6421
1628.189643163214D0,-10.71443747532761D0,100.0988606610349D0,    0000011P   6422
1632.728564588098D0,-9.922367273754672D0,101.6340977630598D0,    0000011P   6423
1636.726390636318D0,-9.130837362130222D0,102.9228295638218D0,    0000011P   6424
1640.903072547059D0,-8.368475088426335D0,104.2572821882812D0,    0000011P   6425
1645.034886056995D0,-7.625121731452817D0,105.5499686391627D0,    0000011P   6426
1649.178340146142D0,-6.903758536053077D0,106.829167861927D0,     0000011P   6427
1653.335201410171D0,-6.201127778759974D0,108.097790279932D0,     0000011P   6428
1657.490419004377D0,-5.517714568158121D0,109.3558538794068D0,    0000011P   6429
1661.664469853456D0,-4.850492705434858D0,110.6152733131648D0,    0000011P   6430
1665.803160377838D0,-4.201291046272284D0,111.8599603471508D0,    0000011P   6431
1669.956599279511D0,-3.565914519402543D0,113.1147129436391D0,    0000011P   6432
1674.1061792185D0,-2.944935032541106D0,114.3805281357231D0,      0000011P   6433
1678.22970852428D0,-2.336351228759667D0,115.6499240943003D0,     0000011P   6434
1682.361640710629D0,-1.73686669951604D0,116.9465544952225D0,     0000011P   6435
1686.437292391031D0,-1.150459635885616D0,118.2498606379011D0,    0000011P   6436
1690.518278600066D0,-0.5716484999115676D0,119.599048810624D0,    0000011P   6437
1693.20573326583D0,-0.1898444797179938D0,120.5125811773022D0,    0000011P   6438
1694.544252923239D0,-2.296672444973086D-14,120.9770937688602D0,  0000011P   6439
-256.5197052392931D0,-12.61964721787136D0,216.9585025904974D0,   0000011P   6440
-242.2495434670142D0,-12.96242954749658D0,214.2186196054668D0,   0000011P   6441
-213.7368843176755D0,-13.66189965609584D0,208.2506101133991D0,   0000011P   6442
-171.0924360000024D0,-14.77608806857516D0,198.053104695138D0,    0000011P   6443
-128.2303751900058D0,-15.97220746279743D0,186.7271133990815D0,   0000011P   6444
-85.55041612720441D0,-17.19287664596319D0,174.6168634039761D0,   0000011P   6445
-42.72674923929823D0,-18.36749393862157D0,161.8495954362432D0,   0000011P   6446
-0.100147381856367D0,-19.55193321646895D0,148.7746049892436D0,   0000011P   6447
42.66641920997339D0,-20.7908508894796D0,135.525319497545D0,      0000011P   6448
85.37842784971399D0,-22.00222301845783D0,122.3237516602261D0,    0000011P   6449
128.1004663287275D0,-23.10074240278359D0,109.3088271032679D0,    0000011P   6450
166.1201989469165D0,-24.02059290768175D0,98.03732461037706D0,    0000011P   6451
199.3450482007782D0,-24.81673901868785D0,88.51228947019347D0,    0000011P   6452
227.8303279977935D0,-25.49035379311216D0,80.60871223575182D0,    0000011P   6453
256.3747315513305D0,-26.15287622014219D0,72.99612800114208D0,    0000011P   6454
284.8074632405086D0,-26.8035125905916D0,65.77168227864188D0,     0000011P   6455
313.3026389317874D0,-27.42124307926092D0,58.93443680521912D0,    0000011P   6456
341.8721915797613D0,-27.98626520138027D0,52.53003917553498D0,    0000011P   6457
370.3358376063144D0,-28.48020882731586D0,46.59896047779138D0,    0000011P   6458
398.8234695457993D0,-28.91940974198308D0,41.10540212283006D0,    0000011P   6459
432.1288654629844D0,-29.38842491171158D0,35.20372155615786D0,    0000011P   6460
470.073272011463D0,-29.89234832501749D0,29.1874503179819D0,      0000011P   6461
508.1418794161456D0,-30.29846129118999D0,23.93340375395206D0,    0000011P   6462
541.3819583674566D0,-30.54152366902267D0,19.87456037113726D0,    0000011P   6463
569.8919944445235D0,-30.70314973533024D0,16.7406495383903D0,     0000011P   6464
603.1586574829348D0,-30.87299075109966D0,13.47645775554378D0,    0000011P   6465
641.1345092603432D0,-31.09100938995034D0,10.28953626387715D0,    0000011P   6466
679.1792918044616D0,-31.24513635907004D0,7.698528364304707D0,    0000011P   6467
712.4076525431448D0,-31.26578616196635D0,5.843232797454817D0,    0000011P   6468
740.9007869701719D0,-31.22870049275378D0,4.522207101195249D0,    0000011P   6469
774.2025568013168D0,-31.1484721911863D0,3.287362168607473D0,     0000011P   6470
812.1479324884753D0,-31.04257232210198D0,2.316395981529155D0,    0000011P   6471
854.9730975289338D0,-30.84466311011985D0,1.789826463127099D0,    0000011P   6472
897.6601451768039D0,-30.50697560424604D0,1.812959761495193D0,    0000011P   6473
940.4835501725922D0,-30.12156947606165D0,2.379490773839677D0,    0000011P   6474
983.1725167945626D0,-29.77916483256226D0,3.477939128840603D0,    0000011P   6475
1025.991538207292D0,-29.38365682051357D0,5.082402631494887D0,    0000011P   6476
1068.680009769558D0,-28.83555994743028D0,7.155609215115703D0,    0000011P   6477
1106.728801097783D0,-28.29070090892089D0,9.432961225148574D0,    0000011P   6478
1139.948791548948D0,-27.82614622206754D0,11.73897225867466D0,    0000011P   6479
1168.429547465458D0,-27.41851576257367D0,13.92805313423281D0,    0000011P   6480
1201.739645784808D0,-26.91172947228843D0,16.74537174409517D0,    0000011P   6481
1239.704238390473D0,-26.25535455379048D0,20.33552199577086D0,    0000011P   6482
1282.498934865605D0,-25.43784876818101D0,24.95497413476575D0,    0000011P   6483
1325.225122390573D0,-24.56316071250291D0,30.19994090233197D0,    0000011P   6484
1363.237019450222D0,-23.69567310678186D0,35.49158846240027D0,    0000011P   6485
1396.464782703118D0,-22.84327313598359D0,40.62094798110283D0,    0000011P   6486
1424.949613676483D0,-22.04479114707951D0,45.41578504991655D0,    0000011P   6487
1453.473726259966D0,-21.17771446057784D0,50.67096424767679D0,    0000011P   6488
1482.004161617424D0,-20.23834382843345D0,56.43953894418154D0,    0000011P   6489
1510.536425233033D0,-19.0281790030767D0,62.77763169258837D0,     0000011P   6490
1530.413036887587D0,-17.85312730485176D0,67.63012609311937D0,    0000011P   6491
1541.789083162349D0,-17.03467868925908D0,70.55024667919601D0,    0000011P   6492
1544.671333440491D0,-16.82310681445204D0,71.29560755617136D0,    0000011P   6493
1547.515024623279D0,-16.60447629928816D0,72.0384739324674D0,     0000011P   6494
1550.38077875768D0,-16.38118208582654D0,72.7915822121341D0,      0000011P   6495
1553.262618246715D0,-16.15149444803518D0,73.55197887753911D0,    0000011P   6496
1556.123813680977D0,-15.91780090663582D0,74.31333241313638D0,    0000011P   6497
1558.965915443737D0,-15.67893009938188D0,75.07436364650745D0,    0000011P   6498
1561.836685430209D0,-15.43611785557473D0,75.84479747523346D0,    0000011P   6499
1564.691829516033D0,-15.18868355207315D0,76.6145894115316D0,     0000011P   6500
1567.565243040077D0,-14.93847644210166D0,77.39116487863683D0,    0000011P   6501
1570.418716485457D0,-14.6847623663599D0,78.16556624825131D0,     0000011P   6502
1573.275143056492D0,-14.42791252297262D0,78.94197263884863D0,    0000011P   6503
1576.141232750495D0,-14.16912739391498D0,79.72191742269604D0,    0000011P   6504
1579.000595822807D0,-13.90786390755602D0,80.50095328475067D0,    0000011P   6505
1581.857970109448D0,-13.64485839409031D0,81.27988052100855D0,    0000011P   6506
1584.717817950981D0,-13.38017216143478D0,82.05895440781245D0,    0000011P   6507
1587.601061093676D0,-13.11458103757336D0,82.84253225538438D0,    0000011P   6508
1590.448719558163D0,-12.84805633547281D0,83.61725272476232D0,    0000011P   6509
1593.334320481273D0,-12.58168420558582D0,84.39953861807479D0,    0000011P   6510
1596.17984333825D0,-12.31436069046808D0,85.16867138262052D0,     0000011P   6511
1599.060013456554D0,-12.04840931612576D0,85.95301246296255D0,    0000011P   6512
1601.929359147339D0,-11.78237026466064D0,86.70519396985041D0,    0000011P   6513
1604.749272030889D0,-11.51770425565551D0,87.68294550044602D0,    0000011P   6514
1607.568129864283D0,-11.25410686455682D0,88.65343744531728D0,    0000011P   6515
1610.378810353686D0,-10.99245508686308D0,89.63943525094462D0,    0000011P   6516
1613.211685412663D0,-10.73279008674072D0,90.64200406981635D0,    0000011P   6517
1616.01252673122D0,-10.47524541766408D0,91.64548712220208D0,     0000011P   6518
1618.841441133732D0,-10.22162392207166D0,92.67168276189739D0,    0000011P   6519
1621.566955317498D0,-9.96790976694815D0,93.66873534865388D0,     0000011P   6520
1626.150693356254D0,-9.609610597601815D0,95.38158152997738D0,    0000011P   6521
1628.011442790419D0,-9.00518298545844D0,95.99646445975057D0,     0000011P   6522
1632.40408386934D0,-8.338359993087584D0,97.53886078153718D0,     0000011P   6523
1636.225473064639D0,-7.673523727315313D0,98.83485481604869D0,    0000011P   6524
1640.230878311247D0,-7.033416489369755D0,100.1820550885917D0,    0000011P   6525
1644.185547363759D0,-6.409751725149222D0,101.4913252777514D0,    0000011P   6526
1648.149849606993D0,-5.804754853378912D0,102.7914388186038D0,    0000011P   6527
1652.123936233805D0,-5.215660118135578D0,104.0853308366749D0,    0000011P   6528
1656.09371942683D0,-4.64269602913738D0,105.3729904567122D0,      0000011P   6529
1660.078827819541D0,-4.083282050184659D0,106.6665237786873D0,    0000011P   6530
1664.026320878799D0,-3.538721688673562D0,107.9495154437249D0,    0000011P   6531
1667.985195091105D0,-3.005499310440271D0,109.2471934410624D0,    0000011P   6532
1671.937876967143D0,-2.483912864507635D0,110.5605440728086D0,    0000011P   6533
1675.861312056016D0,-1.972201688183476D0,111.8819177629102D0,    0000011P   6534
1679.789245875928D0,-1.467569077484513D0,113.2353770236931D0,    0000011P   6535
1683.659617982091D0,-0.9730380081215294D0,114.5999532433306D0,   0000011P   6536
1687.532321322095D0,-0.48406367257953D0,116.0155495579262D0,     0000011P   6537
1690.078246574091D0,-0.1608837816137321D0,116.9764541098817D0,   0000011P   6538
1691.345602906268D0,-2.286570620934803D-14,117.4655012475108D0,  0000011P   6539
-256.5660334066943D0,-9.461362529605321D0,216.7039737143467D0,   0000011P   6540
-242.2822486152925D0,-9.742793179411702D0,213.9683037093562D0,   0000011P   6541
-213.7463245427624D0,-10.30905930366705D0,208.0036598185486D0,   0000011P   6542
-171.0858875351273D0,-11.15977129910998D0,197.8008918640344D0,   0000011P   6543
-128.2188773580679D0,-11.99805485371809D0,186.4622892196479D0,   0000011P   6544
-85.54786240806466D0,-12.85994474414213D0,174.3360929452632D0,   0000011P   6545
-42.72086981136955D0,-13.77201373694051D0,161.5493557388176D0,   0000011P   6546
-0.09626945528284865D0,-14.68664367098046D0,148.4490857594748D0, 0000011P   6547
42.67201199456307D0,-15.54750396707062D0,135.1622769921669D0,    0000011P   6548
85.38274699352965D0,-16.39702907342348D0,121.922092355184D0,     0000011P   6549
128.1043724542602D0,-17.27475946887446D0,108.8772704956122D0,    0000011P   6550
166.1248091067498D0,-18.04769015721782D0,97.58014922784692D0,    0000011P   6551
199.3486542699775D0,-18.69602807408046D0,88.02914184672677D0,    0000011P   6552
227.8334809189593D0,-19.22119701192693D0,80.10022504023083D0,    0000011P   6553
256.37943442228D0,-19.70489904200942D0,72.45869133323038D0,      0000011P   6554
284.810246193169D0,-20.13753533975602D0,65.20241284926063D0,     0000011P   6555
313.3053374894597D0,-20.53164672719556D0,58.33260679941314D0,    0000011P   6556
341.877100416326D0,-20.90038066154624D0,51.89787695704797D0,     0000011P   6557
370.339078293871D0,-21.25764545335202D0,45.94155678626458D0,     0000011P   6558
398.8265922094029D0,-21.59442230991599D0,40.42524665049368D0,    0000011P   6559
432.1339356537967D0,-21.9542836733971D0,34.49760241620324D0,     0000011P   6560
470.0757850496727D0,-22.30607458859054D0,28.44946032182901D0,    0000011P   6561
508.1466913148483D0,-22.61272998150911D0,23.16874217777767D0,    0000011P   6562
541.3857329589479D0,-22.86859729583054D0,19.09721925840678D0,    0000011P   6563
569.895807962036D0,-23.06147125914621D0,15.95449443890271D0,     0000011P   6564
603.163249070721D0,-23.23544796331224D0,12.67669181865909D0,     0000011P   6565
641.1376401644043D0,-23.33238305836618D0,9.461261321200198D0,    0000011P   6566
679.1841407110743D0,-23.3784071556444D0,6.843539520873492D0,     0000011P   6567
712.4111171196031D0,-23.43327357745121D0,4.979124983551685D0,    0000011P   6568
740.9045154274953D0,-23.46579020537355D0,3.654463185918758D0,    0000011P   6569
774.2072587127341D0,-23.4578902785093D0,2.41387845626997D0,      0000011P   6570
812.151208978519D0,-23.3420326918949D0,1.425323990544456D0,      0000011P   6571
854.9782032248098D0,-23.14537501509679D0,0.8778466184089382D0,   0000011P   6572
897.6635241077905D0,-22.95954161415095D0,0.8929728030157662D0,   0000011P   6573
940.4887076859005D0,-22.74204559914197D0,1.44597118193974D0,     0000011P   6574
983.1760395876416D0,-22.44884112707231D0,2.506772811075166D0,    0000011P   6575
1025.997034765657D0,-22.08428374372209D0,4.061916557837776D0,    0000011P   6576
1068.683599038338D0,-21.65069107778858D0,6.08653604628077D0,     0000011P   6577
1106.734404555987D0,-21.24801176481312D0,8.311983781297101D0,    0000011P   6578
1139.953705850037D0,-20.91322111939981D0,10.55912583901903D0,    0000011P   6579
1168.433800966103D0,-20.62457090656418D0,12.68911231448158D0,    0000011P   6580
1201.745649004544D0,-20.27024464875257D0,15.42849171090259D0,    0000011P   6581
1239.709189601226D0,-19.81510479645449D0,18.9178508400161D0,     0000011P   6582
1282.505126290002D0,-19.23132938295835D0,23.39393793695291D0,    0000011P   6583
1325.230376906091D0,-18.56917575105214D0,28.45095442630468D0,    0000011P   6584
1363.242989457389D0,-17.92707347621634D0,33.53183044388882D0,    0000011P   6585
1396.473234191338D0,-17.33887120062923D0,38.44200064053675D0,    0000011P   6586
1424.958516468818D0,-16.80865456694766D0,43.02525417903485D0,    0000011P   6587
1453.48163960336D0,-16.24661518726253D0,48.04571317267858D0,     0000011P   6588
1482.006078418603D0,-15.64477457796638D0,53.55669532794998D0,    0000011P   6589
1510.535417224286D0,-14.82088084932924D0,59.61979411108059D0,    0000011P   6590
1530.415698471529D0,-13.96142056906591D0,64.27141556404638D0,    0000011P   6591
1541.798290807494D0,-13.34110864478573D0,67.07530465274382D0,    0000011P   6592
1544.683443754466D0,-13.17996403077846D0,67.79147939864993D0,    0000011P   6593
1547.528522657126D0,-13.01272711651632D0,68.50504537561123D0,    0000011P   6594
1550.397121199697D0,-12.84123188037178D0,69.22902753274272D0,    0000011P   6595
1553.281187044997D0,-12.66421879964899D0,69.96047562617387D0,    0000011P   6596
1556.145181495593D0,-12.48351628671739D0,70.69299999597656D0,    0000011P   6597
1558.98923882878D0,-12.2982835917202D0,71.42535518613441D0,      0000011P   6598
1561.862777419977D0,-12.1094853584616D0,72.16749988463054D0,     0000011P   6599
1564.719712894525D0,-11.91664889141381D0,72.90926395071399D0,    0000011P   6600
1567.595909234436D0,-11.72119890232337D0,73.65826478939727D0,    0000011P   6601
1570.45142835526D0,-11.52262254354315D0,74.40543888049591D0,     0000011P   6602
1573.309568647578D0,-11.32123598549489D0,75.15509830053809D0,    0000011P   6603
1576.177912316634D0,-11.11797736148806D0,75.90886127536928D0,    0000011P   6604
1579.038917904655D0,-10.91247713962762D0,76.66225660375541D0,    0000011P   6605
1581.89773307198D0,-10.70532533938763D0,77.41615610661127D0,     0000011P   6606
1584.758604726851D0,-10.49660571353394D0,78.17087667574999D0,    0000011P   6607
1587.643193913702D0,-10.28693790488264D0,78.93091181929827D0,    0000011P   6608
1590.491069839858D0,-10.07633816998695D0,79.68271423894075D0,    0000011P   6609
1593.377738252998D0,-9.865658893514528D0,80.44306230729067D0,    0000011P   6610
1596.222399315614D0,-9.65410987921029D0,81.19091774477104D0,     0000011P   6611
1599.102909257752D0,-9.443471543407014D0,81.95521463265561D0,    0000011P   6612
1601.971284845897D0,-9.232686794509188D0,82.68778082142634D0,    0000011P   6613
1604.789198863263D0,-9.022888944032033D0,83.65108887500318D0,    0000011P   6614
1607.60528039039D0,-8.813887445388545D0,84.6081328924104D0,      0000011P   6615
1610.412727005835D0,-8.606377817030754D0,85.58214921141956D0,    0000011P   6616
1613.242149934414D0,-8.400428703911619D0,86.5742793250102D0,     0000011P   6617
1616.038108412198D0,-8.196178042965048D0,87.56863875881201D0,    0000011P   6618
1618.863088370416D0,-7.995015737848071D0,88.58747917440832D0,    0000011P   6619
1621.579238186808D0,-7.793967685627335D0,89.57805907581039D0,    0000011P   6620
1626.171756942877D0,-7.509472185118884D0,91.28743895287205D0,    0000011P   6621
1627.837266096041D0,-7.036051240269423D0,91.87271961924796D0,    0000011P   6622
1632.079891963972D0,-6.512312668514671D0,93.40149109251971D0,    0000011P   6623
1635.720393053456D0,-5.991427799696671D0,94.68846759433258D0,    0000011P   6624
1639.549370350844D0,-5.490332312631775D0,96.03648612965949D0,    0000011P   6625
1643.321059984326D0,-5.002690244638972D0,97.35460713226621D0,    0000011P   6626
1647.099708099199D0,-4.530049612657416D0,98.67194460616329D0,    0000011P   6627
1650.883866841175D0,-4.070215052639926D0,99.99130445836558D0,    0000011P   6628
1654.660427775903D0,-3.623236899770383D0,101.3124930314583D0,    0000011P   6629
1658.44818760131D0,-3.187058704794292D0,102.6476539518916D0,     0000011P   6630
1662.195475186361D0,-2.762537051154022D0,103.9798908152894D0,    0000011P   6631
1665.950191157742D0,-2.346914166121966D0,105.3347077171723D0,    0000011P   6632
1669.695812232474D0,-1.940292464360514D0,106.7129263079848D0,    0000011P   6633
1673.408437534959D0,-1.541230401745788D0,108.1065753440423D0,    0000011P   6634
1677.121120943501D0,-1.147509403185586D0,109.5399722534644D0,    0000011P   6635
1680.774441310717D0,-0.7612756533582479D0,110.9915845925069D0,   0000011P   6636
1684.426585852881D0,-0.3789994995227842D0,112.5018584244084D0,   0000011P   6637
1686.822472799617D0,-0.1260303121933876D0,113.5305476868014D0,   0000011P   6638
1688.014332852022D0,-2.27646879689652D-14,114.0547015483528D0,   0000011P   6639
-256.6992532372427D0,-6.323409177267457D0,216.5454990817613D0,   0000011P   6640
-242.3775593225751D0,-6.498406016598882D0,213.8054044228144D0,   0000011P   6641
-213.7763052697094D0,-6.855227667624893D0,207.8296222974705D0,   0000011P   6642
-171.0633938447597D0,-7.405250070445551D0,197.6124954870896D0,   0000011P   6643
-128.1887074865378D0,-7.961166471310146D0,186.2692149084251D0,   0000011P   6644
-85.53637103945987D0,-8.546286856244056D0,174.1389995060591D0,   0000011P   6645
-42.70686887575506D0,-9.177628908784957D0,161.335611005026D0,    0000011P   6646
-0.08180493782632024D0,-9.820985209338687D0,148.215234345538D0,  0000011P   6647
42.68827183913196D0,-10.43627491300579D0,134.9099202273587D0,    0000011P   6648
85.39701865907757D0,-11.02342748529624D0,121.6493076525544D0,    0000011P   6649
128.1183076141365D0,-11.58062052140999D0,108.5773429368507D0,    0000011P   6650
166.1398211830999D0,-12.04262669552383D0,97.25200299039635D0,    0000011P   6651
199.3629225384493D0,-12.41828868268683D0,87.67534694733372D0,    0000011P   6652
227.8474315051283D0,-12.73327137985057D0,79.72513575614624D0,    0000011P   6653
256.3949407418789D0,-13.05395472073669D0,72.06444337373368D0,    0000011P   6654
284.823667457148D0,-13.39363846669047D0,64.79380973775155D0,     0000011P   6655
313.318434630587D0,-13.73021367366602D0,57.91132353769265D0,     0000011P   6656
341.8921887221644D0,-14.04232899568848D0,51.46331719797625D0,    0000011P   6657
370.3523941780425D0,-14.30945245250048D0,45.49081830206735D0,    0000011P   6658
398.8397582548616D0,-14.54065247334192D0,39.95684639693555D0,    0000011P   6659
432.1490479338836D0,-14.77972491453534D0,34.0091730602983D0,     0000011P   6660
470.088320777744D0,-15.025557673271D0,27.94250189462069D0,       0000011P   6661
508.1615318320183D0,-15.23201935274529D0,22.64306298333273D0,    0000011P   6662
541.3995937307897D0,-15.3802389273085D0,18.55229329843792D0,     0000011P   6663
569.9097782677652D0,-15.48126484606318D0,15.39309619313156D0,    0000011P   6664
603.178087774287D0,-15.56472060422529D0,12.09877549061653D0,     0000011P   6665
641.1511087388672D0,-15.60503656967055D0,8.872076704660799D0,    0000011P   6666
679.1993949089183D0,-15.61951098130794D0,6.245471141906108D0,    0000011P   6667
712.4250238096665D0,-15.6424724794906D0,4.370447052612832D0,     0000011P   6668
740.9186887292228D0,-15.65866172753808D0,3.036767314530465D0,    0000011P   6669
774.2223592450778D0,-15.6609631888597D0,1.788251614749981D0,     0000011P   6670
812.1647380812462D0,-15.62201263595728D0,0.798141060949888D0,    0000011P   6671
854.9934816519967D0,-15.50433096431707D0,0.2473693640499164D0,   0000011P   6672
897.6772910761828D0,-15.29434693779298D0,0.2461626045708556D0,   0000011P   6673
940.5044407981765D0,-15.07215285079576D0,0.7786891117458765D0,   0000011P   6674
983.1899732334069D0,-14.91736609237869D0,1.823743313050755D0,    0000011P   6675
1026.012642475312D0,-14.7512291131314D0,3.360760605336338D0,     0000011P   6676
1068.697083681191D0,-14.49309054180612D0,5.357587933219037D0,    0000011P   6677
1106.749795684475D0,-14.22587017536199D0,7.545825906709126D0,    0000011P   6678
1139.968382011421D0,-13.99531707855544D0,9.748178353461526D0,    0000011P   6679
1168.447831992214D0,-13.79183370702984D0,11.83128568245445D0,    0000011P   6680
1201.761481350087D0,-13.53842671188129D0,14.50633322890758D0,    0000011P   6681
1239.724061090885D0,-13.21099448513368D0,17.90834519795806D0,    0000011P   6682
1282.521101759638D0,-12.82764081608804D0,22.27251977044668D0,    0000011P   6683
1325.244755949977D0,-12.4639277760367D0,27.20865811296299D0,     0000011P   6684
1363.257784336432D0,-12.09981938886827D0,32.14725838180567D0,    0000011P   6685
1396.491010539816D0,-11.70907480105356D0,36.88781273017789D0,    0000011P   6686
1424.977061413088D0,-11.34613074034064D0,41.2896304082993D0,     0000011P   6687
1453.498762677639D0,-10.97828999256151D0,46.08788778997706D0,    0000011P   6688
1482.015378606977D0,-10.62742505786284D0,51.33081901910178D0,    0000011P   6689
1510.540595571058D0,-10.14148911265283D0,57.07991809100663D0,    0000011P   6690
1530.425572546436D0,-9.600341317720863D0,61.47955416878766D0,    0000011P   6691
1541.816332396969D0,-9.194278969779946D0,64.12928304897004D0,    0000011P   6692
1544.704836167229D0,-9.088254692079868D0,64.80635369471334D0,    0000011P   6693
1547.551783462988D0,-8.977709780448766D0,65.48035634166257D0,    0000011P   6694
1550.42373202528D0,-8.863884471849785D0,66.16463234519679D0,     0000011P   6695
1553.310547196274D0,-8.745956669200526D0,66.85626259640631D0,    0000011P   6696
1556.177873410072D0,-8.62516289879545D0,67.54882715217983D0,     0000011P   6697
1559.024421257543D0,-8.500960245444865D0,68.24114213410201D0,    0000011P   6698
1561.90125801387D0,-8.374009389733057D0,68.94342788175698D0,     0000011P   6699
1564.760501473653D0,-8.24401278602301D0,69.64541646262455D0,     0000011P   6700
1567.639976681599D0,-8.111937826860574D0,70.35494512469379D0,    0000011P   6701
1570.498009405253D0,-7.977460198529169D0,71.06287231709253D0,    0000011P   6702
1573.35829564101D0,-7.840808266024775D0,71.77367093560255D0,     0000011P   6703
1576.229282221602D0,-7.702625036268554D0,72.48907192084646D0,    0000011P   6704
1579.092268395697D0,-7.562681739378639D0,73.20460804659804D0,    0000011P   6705
1581.952804067515D0,-7.421389306385896D0,73.92125051988971D0,    0000011P   6706
1584.814913132525D0,-7.278821157182396D0,74.63940570920403D0,    0000011P   6707
1587.700988352886D0,-7.135407971693695D0,75.3637311817713D0,     0000011P   6708
1590.54914054217D0,-6.991178172336774D0,76.08052154112181D0,     0000011P   6709
1593.436846478465D0,-6.84671760027157D0,76.80693859155255D0,     0000011P   6710
1596.280519431063D0,-6.701517042709527D0,77.52165218780962D0,    0000011P   6711
1599.161138952151D0,-6.556781028587329D0,78.2541969090766D0,     0000011P   6712
1602.028202683107D0,-6.411822414889462D0,78.95562420676674D0,    0000011P   6713
1604.843656989624D0,-6.26741432734091D0,79.89317747275709D0,     0000011P   6714
1607.656374695264D0,-6.123447319598503D0,80.82570237572722D0,    0000011P   6715
1610.459865670529D0,-5.98040265534509D0,81.77693400593878D0,     0000011P   6716
1613.284972871043D0,-5.83834368259748D0,82.74811805806155D0,     0000011P   6717
1616.075035498499D0,-5.697379944026441D0,83.72317022428422D0,    0000011P   6718
1618.894911010532D0,-5.558455626784824D0,84.72482333517681D0,    0000011P   6719
1621.600361884883D0,-5.419605580298562D0,85.69947790020933D0,    0000011P   6720
1626.199407019985D0,-5.222756764121228D0,87.3918579730377D0,     0000011P   6721
1627.666049328902D0,-4.897690453531468D0,87.93102698650401D0,    0000011P   6722
1631.753041486023D0,-4.536874722138078D0,89.42815824091203D0,    0000011P   6723
1635.205971491757D0,-4.178054798190632D0,90.69061809864492D0,    0000011P   6724
1638.85079767687D0,-3.8324647806248D0,92.02638275775887D0,       0000011P   6725
1642.430768836141D0,-3.49582434071134D0,93.34262012061707D0,     0000011P   6726
1646.014032168338D0,-3.169109136134456D0,94.66869547358193D0,    0000011P   6727
1649.597565065028D0,-2.850799237254131D0,96.00719621857368D0,    0000011P   6728
1653.169262767864D0,-2.540871847251047D0,97.35765662943253D0,    0000011P   6729
1656.747114332224D0,-2.23789964634698D0,98.73216857250397D0,     0000011P   6730
1660.280742322169D0,-1.942397336561609D0,100.1132653113282D0,    0000011P   6731
1663.816975797565D0,-1.652470049134628D0,101.5266377611262D0,    0000011P   6732
1667.340365974765D0,-1.368129706899066D0,102.9728536340947D0,    0000011P   6733
1670.826189846463D0,-1.088358926830438D0,104.4435307323348D0,    0000011P   6734
1674.30683394406D0,-0.8116223052587088D0,105.9631521131774D0,    0000011P   6735
1677.72554071057D0,-0.5392942783608747D0,107.509532214377D0,     0000011P   6736
1681.138815923945D0,-0.2689653907010422D0,109.1235707397246D0,   0000011P   6737
1683.371974627324D0,-0.08953677905833055D0,110.2269469945188D0,  0000011P   6738
1684.481876750376D0,-2.266366972858236D-14,110.7898548810113D0,  0000011P   6739
-256.9079415383674D0,-3.137219594881272D0,216.4784180678819D0,   0000011P   6740
-242.5273675225743D0,-3.227976949344372D0,213.7304832204433D0,   0000011P   6741
-213.8244515347017D0,-3.412728356815951D0,207.7379820664542D0,   0000011P   6742
-171.0276529811727D0,-3.702697790689749D0,197.5025559688551D0,   0000011P   6743
-128.1432673581298D0,-4.007049973894096D0,186.1557757249209D0,   0000011P   6744
-85.51818727194657D0,-4.319519656224668D0,174.0258009497291D0,   0000011P   6745
-42.68649258998321D0,-4.63056926710195D0,161.2110575568434D0,    0000011P   6746
-0.05826804530146122D0,-4.931962199196152D0,148.075988984564D0,  0000011P   6747
42.71404133639031D0,-5.212612493246416D0,134.7567761633361D0,    0000011P   6748
85.42032106396891D0,-5.484992792309537D0,121.4829769316622D0,    0000011P   6749
128.141219832908D0,-5.760620174219774D0,108.3971753405302D0,     0000011P   6750
166.1638241727748D0,-6.002999586057126D0,97.05924854690568D0,    0000011P   6751
199.3860097187204D0,-6.20941097232598D0,87.47225770544777D0,     0000011P   6752
227.8700582773779D0,-6.377757265127126D0,79.51244740211453D0,    0000011P   6753
256.4191149766816D0,-6.532990509901605D0,71.84033649066336D0,    0000011P   6754
284.846010931729D0,-6.671020831341163D0,64.55664497657376D0,     0000011P   6755
313.3408219272814D0,-6.796430238382593D0,57.65989713936865D0,    0000011P   6756
341.9169015974345D0,-6.913999996074514D0,51.1976759565557D0,     0000011P   6757
370.3754898485079D0,-7.028759047940986D0,45.21218947390133D0,    0000011P   6758
398.8627445510397D0,-7.13809156246355D0,39.66600976177699D0,     0000011P   6759
432.1739678413009D0,-7.256723974182679D0,33.70516181861149D0,    0000011P   6760
470.110669276608D0,-7.376104542575536D0,27.62546145077769D0,     0000011P   6761
508.1861875141356D0,-7.47742627229892D0,22.31413768009D0,        0000011P   6762
541.4232507790466D0,-7.554401337703333D0,18.21407513838597D0,    0000011P   6763
569.9334843016043D0,-7.613726411739069D0,15.04797254757142D0,    0000011P   6764
603.2025048599469D0,-7.676942572516472D0,11.74755674707356D0,    0000011P   6765
641.1738022806363D0,-7.743062375039959D0,8.517672636769163D0,    0000011P   6766
679.2235734825514D0,-7.789059212162512D0,5.889634624842728D0,    0000011P   6767
712.447820361029D0,-7.805276126064292D0,4.01294482024818D0,      0000011P   6768
740.9418023990611D0,-7.808456666674905D0,2.677827583245431D0,    0000011P   6769
774.2464632663626D0,-7.806264544843369D0,1.428091082177787D0,    0000011P   6770
812.1872211901722D0,-7.804772910986562D0,0.4381287487446173D0,   0000011P   6771
855.0174701198D0,-7.784184442319933D0,-0.1097059341543627D0,     0000011P   6772
897.6993115691241D0,-7.724024155022946D0,-0.104303805588529D0,   0000011P   6773
940.5281205293812D0,-7.629857821298931D0,0.4306591554057775D0,   0000011P   6774
983.212060460372D0,-7.506811772992619D0,1.465997959268123D0,     0000011P   6775
1026.036748822707D0,-7.359356886658737D0,2.985865957810802D0,    0000011P   6776
1068.719171852693D0,-7.191342598541499D0,4.962703093060469D0,    0000011P   6777
1106.773666190692D0,-7.059067479440882D0,7.12688387342817D0,     0000011P   6778
1139.9912675399D0,-6.980977034224948D0,9.300590922221829D0,      0000011P   6779
1168.469785369925D0,-6.921627663285707D0,11.35435184807599D0,    0000011P   6780
1201.784901153441D0,-6.83999021097409D0,13.99042715041554D0,     0000011P   6781
1239.746230696612D0,-6.697502184248849D0,17.34192217548116D0,    0000011P   6782
1282.544224341865D0,-6.496583093026906D0,21.62874463290774D0,    0000011P   6783
1325.266354902672D0,-6.280134986090989D0,26.45402404085066D0,    0000011P   6784
1363.279868635985D0,-6.078362797521764D0,31.2703594422055D0,     0000011P   6785
1396.515997823559D0,-5.898487131879244D0,35.89108934562115D0,    0000011P   6786
1425.002575351554D0,-5.739678695713312D0,40.15745685270905D0,    0000011P   6787
1453.522358951559D0,-5.57459912088812D0,44.76379702114957D0,     0000011P   6788
1482.030322063455D0,-5.40088850730339D0,49.73410226736777D0,     0000011P   6789
1510.551057604742D0,-5.152805196168909D0,55.12517694481937D0,    0000011P   6790
1530.441373282926D0,-4.881121226751084D0,59.21128935258869D0,    0000011P   6791
1541.841127826654D0,-4.680519403974089D0,61.66101983958843D0,    0000011P   6792
1544.733208210751D0,-4.628249580845369D0,62.28699952633224D0,    0000011P   6793
1547.58226376182D0,-4.573840103486283D0,62.9090399380387D0,      0000011P   6794
1550.457812726753D0,-4.517900808353386D0,63.54083800294191D0,    0000011P   6795
1553.347634576109D0,-4.460010364880455D0,64.17954491368387D0,    0000011P   6796
1556.218553324564D0,-4.400776754189701D0,64.81874961056107D0,    0000011P   6797
1559.067852325604D0,-4.339918236661252D0,65.45736895935015D0,    0000011P   6798
1561.948244203219D0,-4.277754870562234D0,66.10592411782716D0,    0000011P   6799
1564.810045370304D0,-4.214127601049113D0,66.75408852829359D0,    0000011P   6800
1567.693038383307D0,-4.149509842369795D0,67.40995844830599D0,    0000011P   6801
1570.553809310808D0,-4.083729155640967D0,68.0643534628954D0,     0000011P   6802
1573.416448204056D0,-4.016889441335596D0,68.72194645368816D0,    0000011P   6803
1576.290262972313D0,-3.949301920889245D0,69.38462024267491D0,    0000011P   6804
1579.155390019731D0,-3.880841927335955D0,70.04795074522822D0,    0000011P   6805
1582.017777943445D0,-3.811704644166138D0,70.7130477210891D0,     0000011P   6806
1584.881224075201D0,-3.741916499300808D0,71.3804461820004D0,     0000011P   6807
1587.768849343918D0,-3.671682550677722D0,72.05500692088695D0,    0000011P   6808
1590.617302618461D0,-3.601006727480347D0,72.72290560971564D0,    0000011P   6809
1593.506028156364D0,-3.530171668263632D0,73.40172665105808D0,    0000011P   6810
1596.348648782761D0,-3.458912484608276D0,74.06988720057447D0,    0000011P   6811
1599.229263821025D0,-3.387821158957598D0,74.75756150194907D0,    0000011P   6812
1602.094848236461D0,-3.316543837778821D0,75.41506377411741D0,    0000011P   6813
1604.90761842629D0,-3.245456801909414D0,76.3144474035045D0,      0000011P   6814
1607.71668740613D0,-3.174495046152771D0,77.21044879503614D0,     0000011P   6815
1610.515873787474D0,-3.103888920325294D0,78.12734095805504D0,    0000011P   6816
1613.336248705794D0,-3.033659816410366D0,79.06651295551211D0,    0000011P   6817
1616.119927777444D0,-2.96385222371835D0,80.01171981274591D0,     0000011P   6818
1618.934136435512D0,-2.894927953800647D0,80.98621469590418D0,    0000011P   6819
1621.628247706775D0,-2.825894149345205D0,81.93557928650651D0,    0000011P   6820
1626.232738281789D0,-2.727820246962349D0,83.59791407020236D0,    0000011P   6821
1627.498777705195D0,-2.565172660905367D0,84.0759788482215D0,     0000011P   6822
1631.427450551242D0,-2.383619161842434D0,85.52685774546146D0,    0000011P   6823
1634.689618040356D0,-2.202093812660862D0,86.75417752635599D0,    0000011P   6824
1638.146607227454D0,-2.026246613559782D0,88.07092806515362D0,    0000011P   6825
1641.530690953634D0,-1.853970350905867D0,89.382259215924D0,      0000011P   6826
1644.913928850871D0,-1.685785804272517D0,90.7176620304904D0,     0000011P   6827
1648.291734936312D0,-1.520965959571017D0,92.07937988878763D0,    0000011P   6828
1651.653019507353D0,-1.359532369123005D0,93.46654947901982D0,    0000011P   6829
1655.014975356551D0,-1.200804323770663D0,94.89108539053693D0,    0000011P   6830
1658.328530122798D0,-1.045072125255128D0,96.33482503790458D0,    0000011P   6831
1661.63945267887D0,-0.8914212899275414D0,97.82352063915293D0,    0000011P   6832
1664.933380120186D0,-0.7398907299357145D0,99.35736045134021D0,   0000011P   6833
1668.184778687464D0,-0.5900047044986991D0,100.9274258054626D0,   0000011P   6834
1671.425378944931D0,-0.4410284625127747D0,102.5582398711706D0,   0000011P   6835
1674.601098305735D0,-0.293682172797734D0,104.2268384508271D0,    0000011P   6836
1677.766772489233D0,-0.1467940583669259D0,105.9744493718843D0,   0000011P   6837
1679.831150804297D0,-0.04892500974266068D0,107.1738720666371D0,  0000011P   6838
1680.856013069413D0,-2.256265148819953D-14,107.7865646938798D0,  0000011P   6839
-257.0859162868129D0,-1.047608408460967D0,216.4952202365205D0,   0000011P   6840
-242.6552398579849D0,-1.077750675995956D0,213.7388945340301D0,   0000011P   6841
-213.8657466743698D0,-1.139059525362464D0,207.7300742506344D0,   0000011P   6842
-170.9966267029071D0,-1.234328672101748D0,197.4787535947027D0,   0000011P   6843
-128.1043314464284D0,-1.332604238905623D0,186.1306167680914D0,   0000011P   6844
-85.50155745357834D0,-1.43422944970072D0,174.0046540760314D0,    0000011P   6845
-42.66870480539622D0,-1.538473067136D0,161.1872646716511D0,      0000011P   6846
-0.03731290857217261D0,-1.641437500505169D0,148.0486542522268D0, 0000011P   6847
42.73642926085919D0,-1.738264394209252D0,134.7280055202452D0,    0000011P   6848
85.44063585542988D0,-1.831620048547274D0,121.4534204750693D0,    0000011P   6849
128.1612146682468D0,-1.923861840481469D0,108.3651850020373D0,    0000011P   6850
166.1846464275652D0,-2.003286676396261D0,97.02414180894371D0,    0000011P   6851
199.406294824376D0,-2.069846788429659D0,87.43455854718577D0,     0000011P   6852
227.890062915032D0,-2.124653483078864D0,79.47254036239907D0,     0000011P   6853
256.440114866958D0,-2.177024170339849D0,71.79824052689445D0,     0000011P   6854
284.8656650890944D0,-2.226897657593085D0,64.51321248300508D0,    0000011P   6855
313.360345570359D0,-2.27390763594538D0,57.61504481313719D0,      0000011P   6856
341.9378351167692D0,-2.31777596816779D0,51.15094161680243D0,     0000011P   6857
370.3952770877301D0,-2.358326685620419D0,45.16269863920843D0,    0000011P   6858
398.8824379600201D0,-2.39555123827889D0,39.61318025600046D0,     0000011P   6859
432.1949521534128D0,-2.435227726731284D0,33.6485419979502D0,     0000011P   6860
470.12993790319D0,-2.475468661812688D0,27.56596306736967D0,      0000011P   6861
508.2069911310398D0,-2.509490045575802D0,22.25193892802109D0,    0000011P   6862
541.443386440979D0,-2.534817421721896D0,18.14931673254847D0,     0000011P   6863
569.9536726453529D0,-2.553536521770324D0,14.98108627044132D0,    0000011P   6864
603.223241232248D0,-2.572012234537883D0,11.6787508541731D0,      0000011P   6865
641.1935821943916D0,-2.588476522620281D0,8.448131690183743D0,    0000011P   6866
679.244506867484D0,-2.599090682001202D0,5.821162408489471D0,     0000011P   6867
712.4678386990082D0,-2.603894433564212D0,3.946985923215749D0,    0000011P   6868
740.9619992718619D0,-2.605518760005899D0,2.614826459447727D0,    0000011P   6869
774.2673020028602D0,-2.605146839569742D0,1.369255658510127D0,    0000011P   6870
812.2070793344798D0,-2.602401961898362D0,0.3849029161832789D0,   0000011P   6871
855.0384969710688D0,-2.590813626171656D0,-0.156439907802536D0,   0000011P   6872
897.7191331503419D0,-2.565232105582985D0,-0.1451942256873906D0,  0000011P   6873
940.5490229383785D0,-2.531697197359855D0,0.3952943151806494D0,   0000011P   6874
983.2316697530308D0,-2.496126837483156D0,1.436102938676413D0,    0000011P   6875
1026.05739444579D0,-2.454714266833291D0,2.959250933722984D0,     0000011P   6876
1068.738212898857D0,-2.403406365895727D0,4.934911166686675D0,    0000011P   6877
1106.793820580973D0,-2.359196429998295D0,7.092369782514226D0,    0000011P   6878
1140.010894290445D0,-2.328764528249559D0,9.254622803618389D0,    0000011P   6879
1168.488959452989D0,-2.303973995922181D0,11.29538752212196D0,    0000011P   6880
1201.805229269745D0,-2.271492202920005D0,13.91359004979751D0,    0000011P   6881
1239.765770508392D0,-2.221691579785608D0,17.24191655231459D0,    0000011P   6882
1282.564195525986D0,-2.156440098014672D0,21.49651340191323D0,    0000011P   6883
1325.284807734079D0,-2.089620310934695D0,26.28061481833423D0,    0000011P   6884
1363.298414300194D0,-2.026116236225842D0,31.04197353538331D0,    0000011P   6885
1396.536788856371D0,-1.965637551883571D0,35.5935083679949D0,     0000011P   6886
1425.02384499382D0,-1.912141805738224D0,39.77521491124433D0,     0000011P   6887
1453.541846818821D0,-1.858954827756236D0,44.26083214335019D0,    0000011P   6888
1482.042410043685D0,-1.807824719792457D0,49.06333565281922D0,    0000011P   6889
1510.559090878001D0,-1.733463555394357D0,54.216051514691D0,      0000011P   6890
1530.453804331567D0,-1.647442623325291D0,58.06954392638384D0,    0000011P   6891
1541.860908612169D0,-1.582015203370456D0,60.36044464871135D0,    0000011P   6892
1544.755748217149D0,-1.564902833996916D0,60.9454276937759D0,     0000011P   6893
1547.60661231361D0,-1.547027677930074D0,61.52540491937296D0,     0000011P   6894
1550.484986802912D0,-1.528594894364419D0,62.11434390494382D0,    0000011P   6895
1553.377254558445D0,-1.509465920153515D0,62.70947631346878D0,    0000011P   6896
1556.251019965831D0,-1.489845296047066D0,63.30443061015339D0,    0000011P   6897
1559.102608870871D0,-1.469640989214089D0,63.89822442620606D0,    0000011P   6898
1561.985824780654D0,-1.448961566119261D0,64.50161306750131D0,    0000011P   6899
1564.849777170845D0,-1.427755888857041D0,65.10426449552566D0,    0000011P   6900
1567.735547589615D0,-1.406183642552369D0,65.71448124351772D0,    0000011P   6901
1570.598556290133D0,-1.384189227953111D0,66.32309058974792D0,    0000011P   6902
1573.463150010788D0,-1.361809158925895D0,66.93493234237607D0,    0000011P   6903
1576.339204695761D0,-1.339149056324875D0,67.5520241802754D0,     0000011P   6904
1579.206075503423D0,-1.316169244870371D0,68.17000438252144D0,    0000011P   6905
1582.069970810092D0,-1.292936666101492D0,68.79010867996482D0,    0000011P   6906
1584.934530888926D0,-1.269462009700878D0,69.41299144915908D0,    0000011P   6907
1587.823356097254D0,-1.245815508690085D0,70.04368256946258D0,    0000011P   6908
1590.672114658036D0,-1.222000353172573D0,70.66831202777047D0,    0000011P   6909
1593.561556465668D0,-1.19811263637563D0,71.30477956147458D0,     0000011P   6910
1596.403438033083D0,-1.174065942535125D0,71.93136746281496D0,    0000011P   6911
1599.283932515006D0,-1.150059479507801D0,72.57871002111359D0,    0000011P   6912
1602.148327076598D0,-1.125977176491704D0,73.19666356962465D0,    0000011P   6913
1604.959012119995D0,-1.101946340808294D0,74.06052176044229D0,    0000011P   6914
1607.765254772756D0,-1.077947184434338D0,74.92231509196031D0,    0000011P   6915
1610.561073457597D0,-1.054058371017609D0,75.80670878887932D0,    0000011P   6916
1613.377685413791D0,-1.03028891159487D0,76.71522109564143D0,     0000011P   6917
1616.156384518035D0,-1.006655516311881D0,77.63153352898904D0,    0000011P   6918
1618.965968837614D0,-0.9833140027280793D0,78.57927974809213D0,   0000011P   6919
1621.651545749233D0,-0.9599352987817504D0,79.50352915180721D0,   0000011P   6920
1626.258007608526D0,-0.9266960450765265D0,81.13411321652507D0,   0000011P   6921
1627.387615287807D0,-0.871761221798917D0,81.5574162643114D0,     0000011P   6922
1631.206524815819D0,-0.8103584359216635D0,82.96265290894968D0,   0000011P   6923
1634.336470377148D0,-0.7489720670465263D0,84.15434211601901D0,   0000011P   6924
1637.662377455892D0,-0.6894794225469975D0,85.4487085244343D0,    0000011P   6925
1640.909220870451D0,-0.6311720718524172D0,86.74944893660761D0,   0000011P   6926
1644.151687821353D0,-0.5742175821277004D0,88.08603056187427D0,   0000011P   6927
1647.384169355889D0,-0.5183675893170578D0,89.4603597460502D0,    0000011P   6928
1650.596271755032D0,-0.463623251501484D0,90.87120043412031D0,    0000011P   6929
1653.80467624921D0,-0.4097516396021552D0,92.3302413446423D0,     0000011P   6930
1656.961199806957D0,-0.3568434948398992D0,93.81874830673681D0,   0000011P   6931
1660.110923789408D0,-0.3045879633055448D0,95.36240672084502D0,   0000011P   6932
1663.240228491109D0,-0.2529919896888113D0,96.96104418780419D0,   0000011P   6933
1666.323058931215D0,-0.2018909677031648D0,98.60527670507851D0,   0000011P   6934
1669.390727642254D0,-0.1510339542878137D0,100.3195464977367D0,   0000011P   6935
1672.390954630549D0,-0.1006549796898045D0,102.0802625917518D0,   0000011P   6936
1675.377481522815D0,-0.05035742555403538D0,103.9287638775549D0,  0000011P   6937
1677.319579693997D0,-0.01679295602313245D0,105.2008428569666D0,  0000011P   6938
1678.282778676359D0,-2.249530599461097D-14,105.8512026737131D0,  0000011P   6939
-257.1832953825852D0,-3.456708967345068D-14,216.5184067097972D0, 0000011P   6940
-242.7252301864182D0,-2.909071758546468D-14,213.7572516631826D0, 0000011P   6941
-213.8883991280606D0,-2.145028854275609D-14,207.7392665519984D0, 0000011P   6942
-170.9796147177787D0,-1.693043768488435D-14,197.4795063527932D0, 0000011P   6943
-128.0831292253076D0,-1.640652710728028D-14,186.1314442980264D0, 0000011P   6944
-85.49246065893439D0,-1.652710230867697D-14,174.008803346479D0,  0000011P   6945
-42.65908063528255D0,-1.649470384414354D-14,161.1912830185037D0, 0000011P   6946
-0.02582632013391461D0,-1.650339312007527D-14,                   0000011P   6947
148.0521021787844D0,42.74866797469468D0,-1.650106504530715D-14,  0000011P   6948
134.7320757598718D0,85.45178044870154D0,-1.650168862882375D-14,  0000011P   6949
121.4586282818333D0,128.1721979003378D0,-1.650152138029498D-14,  0000011P   6950
108.3709476894499D0,166.1960560114086D0,-1.650156312381489D-14,  0000011P   6951
97.03012206201566D0,199.4174309111888D0,-1.650155572667135D-14,  0000011P   6952
87.44093440752798D0,227.9010521308177D0,-1.650155742047093D-14,  0000011P   6953
79.47922279002502D0,256.4516011162867D0,-1.65015569689562D-14,   0000011P   6954
71.80506727601683D0,284.8764922873763D0,-1.650155709742939D-14,  0000011P   6955
64.52030774788419D0,313.3711275163328D0,-1.650155706953764D-14,  0000011P   6956
57.62221143260345D0,341.949340071951D0,-1.650155707054343D-14,   0000011P   6957
51.1579376149609D0,370.4062170008618D0,-1.650155703988655D-14,   0000011P   6958
45.16921919511778D0,398.8933326585707D0,-1.650155702419351D-14,  0000011P   6959
39.61900108517477D0,432.2064909319705D0,-1.650155705695301D-14,  0000011P   6960
33.65360128148834D0,470.1406183052588D0,-1.650155722244706D-14,  0000011P   6961
27.57077639997557D0,508.2184388289542D0,-1.650155717808082D-14,  0000011P   6962
22.25656061470406D0,541.4544995754677D0,-1.650155672344648D-14,  0000011P   6963
18.15371127760693D0,569.9648087603189D0,-1.650155649898196D-14,  0000011P   6964
14.98537407128916D0,603.2346411062271D0,-1.650155695265797D-14,  0000011P   6965
11.68329372153855D0,641.2044788003892D0,-1.650155923759502D-14,  0000011P   6966
8.453883720943196D0,679.2559584408889D0,-1.650155862511655D-14,  0000011P   6967
5.828998304589362D0,712.4788300933304D0,-1.650155232365945D-14,  0000011P   6968
3.957230570377192D0,740.97308250843D0,-1.650154920636376D-14,    0000011P   6969
2.627505803721903D0,774.2787073888824D0,-1.65015555082557D-14,   0000011P   6970
1.385222520211812D0,812.2179826159908D0,-1.650158731922722D-14,  0000011P   6971
0.4053593289276307D0,855.0499600026205D0,-1.650157772638024D-14, 0000011P   6972
-0.1306031855413607D0,897.7299641409888D0,                       0000011P   6973
-1.650144391891676D-14,-0.1142404117200613D0,                    0000011P   6974
940.5603762727866D0,-1.650147979050665D-14,0.4310158832438162D0, 0000011P   6975
983.2423860377422D0,-1.65019806517794D-14,1.476119007437546D0,   0000011P   6976
1026.068644466226D0,-1.65018463717455D-14,3.002252783547391D0,   0000011P   6977
1068.748660608764D0,-1.649997001208013D-14,4.978686961699111D0,  0000011P   6978
1106.804808262071D0,-1.650041706636918D-14,7.134933662929512D0,  0000011P   6979
1140.021589311812D0,-1.650503853310057D-14,9.294700189366125D0,  0000011P   6980
1168.499398621917D0,-1.650733051228296D-14,11.33232677149803D0,  0000011P   6981
1201.816211250533D0,-1.650269639957482D-14,13.94577945244672D0,  0000011P   6982
1239.776327996109D0,-1.647924205926352D-14,17.26709031016537D0,  0000011P   6983
1282.574939587521D0,-1.648631512304782D-14,21.51008722265515D0,  0000011P   6984
1325.294761739088D0,-1.658529918846669D-14,26.27713963167054D0,  0000011P   6985
1363.308390423106D0,-1.656171394571759D-14,31.01457500072922D0,  0000011P   6986
1396.547872203456D0,-1.631759054986334D-14,35.53587588619959D0,  0000011P   6987
1425.035139821503D0,-1.619643113248974D-14,39.67823500802311D0,  0000011P   6988
1453.552189732504D0,-1.640635046559832D-14,44.10409350919613D0,  0000011P   6989
1482.048939955532D0,-1.71926211370296D-14,48.81928038194127D0,   0000011P   6990
1510.563541961104D0,-1.76478149174392D-14,53.84518049936972D0,   0000011P   6991
1530.460541244108D0,-1.70964088995305D-14,57.57393639558691D0,   0000011P   6992
1541.871433945D0,-1.630638545960393D-14,59.77959319413453D0,     0000011P   6993
1544.76768421922D0,-1.608729952827633D-14,60.34256842260891D0,   0000011P   6994
1547.619485670301D0,-1.584955163585511D-14,60.8999659605942D0,   0000011P   6995
1550.499307567645D0,-1.559474831065997D-14,61.46589267245439D0,  0000011P   6996
1553.392834026865D0,-1.532449608101064D-14,62.03762441565793D0,  0000011P   6997
1556.268059159864D0,-1.504040147522681D-14,62.60881337718396D0,  0000011P   6998
1559.120829599408D0,-1.474407102162818D-14,63.17853153027586D0,  0000011P   6999
1562.005493834945D0,-1.443711124853448D-14,63.7576552141764D0,   0000011P   7000
1564.870557414329D0,-1.412112868426541D-14,64.33585360928363D0,  0000011P   7001
1567.757750922403D0,-1.379772985714067D-14,64.9215363459963D0,   0000011P   7002
1570.621911245439D0,-1.346852129547997D-14,65.50553850852354D0,  0000011P   7003
1573.487513006201D0,-1.313510952760302D-14,66.09278732761096D0,  0000011P   7004
1576.364715707138D0,-1.279910108182953D-14,66.68537186989214D0,  0000011P   7005
1579.23248342454D0,-1.24621024864792D-14,67.27896555561314D0,    0000011P   7006
1582.097153965122D0,-1.212572026987172D-14,67.87487106049845D0,  0000011P   7007
1584.962288613557D0,-1.179156096032684D-14,68.47380640282597D0,  0000011P   7008
1587.851726982186D0,-1.146123108616423D-14,69.0808899644899D0,   0000011P   7009
1590.700646511824D0,-1.113633717570361D-14,69.68223284916853D0,  0000011P   7010
1593.590449456107D0,-1.08184857572647D-14,70.2958964209829D0,    0000011P   7011
1596.431958712673D0,-1.05092833591672D-14,70.90009949978202D0,   0000011P   7012
1599.312383892733D0,-1.021033650973079D-14,71.52571035702573D0,  0000011P   7013
1602.176167802183D0,-9.923251737275221D-15,72.12236034244664D0,  0000011P   7014
1604.985787386423D0,-9.649635570120172D-15,72.96696720029252D0,  0000011P   7015
1607.790586369792D0,-9.391094536585359D-15,73.81021243501021D0,  0000011P   7016
1610.584682621425D0,-9.149235164990485D-15,74.67696133829826D0,  0000011P   7017
1613.399365973302D0,-8.925663983655264D-15,75.56880070466349D0,  0000011P   7018
1616.175518973099D0,-8.721987520899384D-15,76.46937925586926D0,  0000011P   7019
1618.982725546009D0,-8.539812305042582D-15,77.4025248569157D0,   0000011P   7020
1621.663959784507D0,-8.380744864404548D-15,78.31305472464683D0,  0000011P   7021
1626.271278811287D0,-8.179728196019829D-15,79.92612714642007D0,  0000011P   7022
1627.332461886103D0,-8.003518757125462D-15,80.32012152891795D0,  0000011P   7023
1631.096163416226D0,-7.941278423785397D-15,81.70056396475795D0,  0000011P   7024
1634.159607522964D0,-8.031742264060767D-15,82.87288693431773D0,  0000011P   7025
1637.419520376581D0,-8.269761848253239D-15,84.15491977044432D0,  0000011P   7026
1640.597229255693D0,-8.650188746664427D-15,85.44962006131979D0,  0000011P   7027
1643.768736616677D0,-9.167874529596024D-15,86.78643040663438D0,  0000011P   7028
1646.927923493465D0,-9.817670767349636D-15,88.16707594674341D0,  0000011P   7029
1650.06474563039D0,-1.059442903022694D-14,89.59012156662105D0,   0000011P   7030
1653.195629948388D0,-1.149300088852956D-14,91.06713036102769D0,  0000011P   7031
1656.272839552378D0,-1.250823791255916D-14,92.57906967796038D0,  0000011P   7032
1659.34111351925D0,-1.363499167261737D-14,94.15157882066461D0,   0000011P   7033
1662.387205214681D0,-1.486811373900586D-14,95.78429237346607D0,  0000011P   7034
1665.384800518616D0,-1.620245568202626D-14,97.46758097866183D0,  0000011P   7035
1668.365004419304D0,-1.763286907198024D-14,99.2258337006285D0,   0000011P   7036
1671.276439691225D0,-1.915420547916941D-14,101.035133488743D0,   0000011P   7037
1674.172302386344D0,-2.076131647389544D-14,102.9368620765249D0,  0000011P   7038
1676.052504418002D0,-2.188647457560515D-14,104.2472869408597D0,  0000011P   7039
1676.984486712151D0,-2.246163324781669D-14,104.9175278579686D0,  0000011P   7040
0.0D0,2036.890497497491D0,0.0D0,308.7994917223637D0;             0000011P   7041
S0000001G0000012D0000012P0007041                                        T      1
