# https://github.com/mikedh/trimesh
mtllib material.mtl
usemtl material_0
v -0.00090300 -0.00000000 -0.00090300
v -0.00090300 -0.00000000 -0.00090300
v -0.00090300 -0.00000000 -0.00090300
v -0.00090300 -0.00000000 -0.00090300
v -0.00090300 -0.00000000 -0.00090300
v -0.00090300 -0.00000000 -0.00090300
v -0.00090300 -0.00000000 -0.00090300
v -0.00090300 -0.00000000 -0.00090300
v -0.00090300 -0.00000000 -0.00090300
v -0.00090300 -0.00000000 -0.00090300
v -0.00090300 -0.00000000 -0.00090300
v -0.00076100 -0.00000000 -0.00132800
v -0.00076100 -0.00000000 -0.00132800
v -0.00076100 -0.00000000 -0.00132800
v -0.00076100 -0.00000000 -0.00132800
v -0.00076100 -0.00000000 -0.00132800
v -0.00076100 -0.00000000 -0.00132800
v -0.00076100 -0.00000000 -0.00132800
v -0.00076100 -0.00000000 -0.00132800
v -0.00085900 0.00000000 0.00106200
v -0.00085900 0.00000000 0.00106200
v -0.00085900 0.00000000 0.00106200
v -0.00085900 0.00000000 0.00106200
v -0.00085900 0.00000000 0.00106200
v -0.00085900 0.00000000 0.00106200
v -0.00085900 0.00000000 0.00106200
v -0.00085900 0.00000000 0.00106200
v -0.00085900 0.00000000 0.00106200
v -0.00085900 0.00000000 0.00106200
v -0.00085900 0.00000000 0.00106200
v -0.00085900 0.00000000 0.00106200
v -0.00085900 0.00000000 0.00106200
v -0.00085900 0.00000000 0.00106200
v -0.00085900 0.00000000 0.00106200
v -0.00085900 0.00000000 0.00106200
v -0.00045200 0.00000000 0.00180700
v -0.00045200 0.00000000 0.00180700
v -0.00045200 0.00000000 0.00180700
v -0.00045200 0.00000000 0.00180700
v -0.00045200 0.00000000 0.00180700
v -0.00045200 0.00000000 0.00180700
v -0.00045200 0.00000000 0.00180700
v -0.00045200 0.00000000 0.00180700
v -0.00101000 0.00000000 0.00000000
v -0.00101000 0.00000000 0.00000000
v -0.00101000 0.00000000 0.00000000
v -0.00101000 0.00000000 0.00000000
v -0.00101000 0.00000000 0.00000000
v -0.00101000 0.00000000 0.00000000
v -0.00101000 0.00000000 0.00000000
v -0.00101000 0.00000000 0.00000000
v -0.00075300 -0.00011100 0.00065900
v -0.00075300 -0.00011100 0.00065900
v -0.00075300 -0.00011100 0.00065900
v -0.00075300 -0.00011100 0.00065900
v -0.00075300 -0.00011100 0.00065900
v -0.00075300 -0.00011100 0.00065900
v -0.00075300 -0.00011100 0.00065900
v -0.00075300 -0.00011100 0.00065900
v -0.00078500 -0.00014400 0.00027400
v -0.00078500 -0.00014400 0.00027400
v -0.00078500 -0.00014400 0.00027400
v -0.00078500 -0.00014400 0.00027400
v -0.00078500 -0.00014400 0.00027400
v -0.00078500 -0.00014400 0.00027400
v -0.00079000 -0.00011000 -0.00012800
v -0.00079000 -0.00011000 -0.00012800
v -0.00079000 -0.00011000 -0.00012800
v -0.00079000 -0.00011000 -0.00012800
v -0.00079000 -0.00011000 -0.00012800
v -0.00079000 -0.00011000 -0.00012800
v -0.00079000 -0.00011000 -0.00012800
v -0.00079000 -0.00011000 -0.00012800
v -0.00076800 -0.00012900 0.00099000
v -0.00076800 -0.00012900 0.00099000
v -0.00076800 -0.00012900 0.00099000
v -0.00076800 -0.00012900 0.00099000
v -0.00076800 -0.00012900 0.00099000
v 0.00002100 0.00000000 0.00070200
v 0.00002100 0.00000000 0.00070200
v 0.00002100 0.00000000 0.00070200
v 0.00002100 0.00000000 0.00070200
v 0.00002100 0.00000000 0.00070200
v 0.00002100 0.00000000 0.00070200
v -0.00006800 0.00000000 0.00032200
v -0.00006800 0.00000000 0.00032200
v -0.00006800 0.00000000 0.00032200
v -0.00006800 0.00000000 0.00032200
v -0.00006800 0.00000000 0.00032200
v -0.00006800 0.00000000 0.00032200
v -0.00006800 0.00000000 0.00032200
v -0.00006800 0.00000000 0.00032200
v 0.00013400 -0.00000000 -0.00003300
v 0.00013400 -0.00000000 -0.00003300
v 0.00013400 -0.00000000 -0.00003300
v 0.00013400 -0.00000000 -0.00003300
v 0.00013400 -0.00000000 -0.00003300
v 0.00013400 -0.00000000 -0.00003300
v 0.00068400 0.00000000 0.00120800
v 0.00068400 0.00000000 0.00120800
v 0.00068400 0.00000000 0.00120800
v 0.00068400 0.00000000 0.00120800
v 0.00068400 0.00000000 0.00120800
v 0.00068400 0.00000000 0.00120800
v 0.00091200 0.00000000 0.00206400
v 0.00091200 0.00000000 0.00206400
v 0.00091200 0.00000000 0.00206400
v 0.00091200 0.00000000 0.00206400
v 0.00091200 0.00000000 0.00206400
v 0.00091200 0.00000000 0.00206400
v -0.00082400 -0.00011700 -0.00053000
v -0.00082400 -0.00011700 -0.00053000
v -0.00082400 -0.00011700 -0.00053000
v -0.00082400 -0.00011700 -0.00053000
v -0.00082400 -0.00011700 -0.00053000
v -0.00082400 -0.00011700 -0.00053000
v -0.00082400 -0.00011700 -0.00053000
v -0.00082400 -0.00011700 -0.00053000
v -0.00087900 -0.00011900 -0.00088900
v -0.00087900 -0.00011900 -0.00088900
v -0.00087900 -0.00011900 -0.00088900
v -0.00087900 -0.00011900 -0.00088900
v -0.00087900 -0.00011900 -0.00088900
v -0.00087900 -0.00011900 -0.00088900
v -0.00087900 -0.00011900 -0.00088900
v 0.00053400 -0.00000000 -0.00055800
v 0.00053400 -0.00000000 -0.00055800
v 0.00053400 -0.00000000 -0.00055800
v 0.00053400 -0.00000000 -0.00055800
v 0.00053400 -0.00000000 -0.00055800
v 0.00053400 -0.00000000 -0.00055800
v 0.00053400 -0.00000000 -0.00055800
v 0.00053400 -0.00000000 -0.00055800
v 0.00080600 -0.00000000 -0.00171100
v 0.00080600 -0.00000000 -0.00171100
v 0.00080600 -0.00000000 -0.00171100
v 0.00080600 -0.00000000 -0.00171100
v 0.00080600 -0.00000000 -0.00171100
v 0.00111700 0.00000000 0.00188700
v 0.00111700 0.00000000 0.00188700
v 0.00111700 0.00000000 0.00188700
v 0.00111700 0.00000000 0.00188700
v 0.00111700 0.00000000 0.00188700
v 0.00111700 0.00000000 0.00188700
v 0.00052000 -0.00000000 -0.00188700
v 0.00052000 -0.00000000 -0.00188700
v 0.00052000 -0.00000000 -0.00188700
v 0.00052000 -0.00000000 -0.00188700
v 0.00052000 -0.00000000 -0.00188700
v 0.00052000 -0.00000000 -0.00188700
v -0.00032300 -0.00011500 0.00167500
v -0.00032300 -0.00011500 0.00167500
v -0.00032300 -0.00011500 0.00167500
v -0.00032300 -0.00011500 0.00167500
v -0.00032300 -0.00011500 0.00167500
v -0.00028500 -0.00009900 0.00140200
v -0.00028500 -0.00009900 0.00140200
v -0.00028500 -0.00009900 0.00140200
v -0.00028500 -0.00009900 0.00140200
v -0.00028500 -0.00009900 0.00140200
v -0.00028500 -0.00009900 0.00140200
v -0.00028500 -0.00009900 0.00140200
v -0.00023800 -0.00010600 0.00110600
v -0.00023800 -0.00010600 0.00110600
v -0.00023800 -0.00010600 0.00110600
v -0.00023800 -0.00010600 0.00110600
v -0.00023800 -0.00010600 0.00110600
v -0.00023800 -0.00010600 0.00110600
v -0.00023800 -0.00010600 0.00110600
v -0.00023800 -0.00010600 0.00110600
v -0.00021400 -0.00010200 0.00074600
v -0.00021400 -0.00010200 0.00074600
v -0.00021400 -0.00010200 0.00074600
v -0.00021400 -0.00010200 0.00074600
v -0.00021400 -0.00010200 0.00074600
v -0.00021400 -0.00010200 0.00074600
v -0.00021400 -0.00010200 0.00074600
v -0.00031500 -0.00011400 0.00029200
v -0.00031500 -0.00011400 0.00029200
v -0.00031500 -0.00011400 0.00029200
v -0.00031500 -0.00011400 0.00029200
v -0.00031500 -0.00011400 0.00029200
v -0.00031500 -0.00011400 0.00029200
v -0.00024500 -0.00008800 -0.00018200
v -0.00024500 -0.00008800 -0.00018200
v -0.00024500 -0.00008800 -0.00018200
v -0.00024500 -0.00008800 -0.00018200
v -0.00024500 -0.00008800 -0.00018200
v -0.00024500 -0.00008800 -0.00018200
v -0.00033700 -0.00010100 -0.00062800
v -0.00033700 -0.00010100 -0.00062800
v -0.00033700 -0.00010100 -0.00062800
v -0.00033700 -0.00010100 -0.00062800
v -0.00033700 -0.00010100 -0.00062800
v -0.00033700 -0.00010100 -0.00062800
v -0.00033700 -0.00010100 -0.00062800
v -0.00042300 -0.00007400 -0.00103200
v -0.00042300 -0.00007400 -0.00103200
v -0.00042300 -0.00007400 -0.00103200
v -0.00042300 -0.00007400 -0.00103200
v -0.00042300 -0.00007400 -0.00103200
v -0.00042300 -0.00007400 -0.00103200
v -0.00042300 -0.00007400 -0.00103200
v -0.00048700 -0.00012900 -0.00137500
v -0.00048700 -0.00012900 -0.00137500
v -0.00048700 -0.00012900 -0.00137500
v -0.00048700 -0.00012900 -0.00137500
v -0.00048700 -0.00012900 -0.00137500
v -0.00054200 -0.00000000 -0.00169800
v -0.00054200 -0.00000000 -0.00169800
v -0.00054200 -0.00000000 -0.00169800
v -0.00054200 -0.00000000 -0.00169800
v -0.00054200 -0.00000000 -0.00169800
v -0.00054200 -0.00000000 -0.00169800
v -0.00054200 -0.00000000 -0.00169800
v 0.00003100 0.00000000 0.00201000
v 0.00003100 0.00000000 0.00201000
v 0.00003100 0.00000000 0.00201000
v 0.00003100 0.00000000 0.00201000
v 0.00003100 0.00000000 0.00201000
v 0.00003100 0.00000000 0.00201000
v 0.00009900 -0.00012300 0.00179500
v 0.00009900 -0.00012300 0.00179500
v 0.00009900 -0.00012300 0.00179500
v 0.00009900 -0.00012300 0.00179500
v 0.00009900 -0.00012300 0.00179500
v 0.00009900 -0.00012300 0.00179500
v 0.00018500 -0.00008500 0.00155000
v 0.00018500 -0.00008500 0.00155000
v 0.00018500 -0.00008500 0.00155000
v 0.00018500 -0.00008500 0.00155000
v 0.00018500 -0.00008500 0.00155000
v 0.00018500 -0.00008500 0.00155000
v 0.00018500 -0.00008500 0.00155000
v 0.00029200 -0.00007000 0.00127900
v 0.00029200 -0.00007000 0.00127900
v 0.00029200 -0.00007000 0.00127900
v 0.00029200 -0.00007000 0.00127900
v 0.00029200 -0.00007000 0.00127900
v 0.00029200 -0.00007000 0.00127900
v 0.00029200 -0.00007000 0.00127900
v 0.00017700 -0.00011200 0.00098700
v 0.00017700 -0.00011200 0.00098700
v 0.00017700 -0.00011200 0.00098700
v 0.00017700 -0.00011200 0.00098700
v 0.00017700 -0.00011200 0.00098700
v 0.00040100 0.00000000 0.00099100
v 0.00040100 0.00000000 0.00099100
v 0.00040100 0.00000000 0.00099100
v 0.00040100 0.00000000 0.00099100
v 0.00040100 0.00000000 0.00099100
v 0.00040100 0.00000000 0.00099100
v 0.00031600 0.00000000 0.00205100
v 0.00031600 0.00000000 0.00205100
v 0.00031600 0.00000000 0.00205100
v 0.00031600 0.00000000 0.00205100
v 0.00031600 0.00000000 0.00205100
v 0.00031600 0.00000000 0.00205100
v 0.00031600 0.00000000 0.00205100
v 0.00048700 -0.00011200 0.00193200
v 0.00048700 -0.00011200 0.00193200
v 0.00048700 -0.00011200 0.00193200
v 0.00048700 -0.00011200 0.00193200
v 0.00048700 -0.00011200 0.00193200
v 0.00048700 -0.00011200 0.00193200
v 0.00048700 -0.00011200 0.00193200
v 0.00048700 -0.00011200 0.00193200
v 0.00061800 -0.00012300 0.00171900
v 0.00061800 -0.00012300 0.00171900
v 0.00061800 -0.00012300 0.00171900
v 0.00061800 -0.00012300 0.00171900
v 0.00061800 -0.00012300 0.00171900
v 0.00061800 -0.00012300 0.00171900
v 0.00064600 -0.00008600 0.00152800
v 0.00064600 -0.00008600 0.00152800
v 0.00064600 -0.00008600 0.00152800
v 0.00064600 -0.00008600 0.00152800
v 0.00064600 -0.00008600 0.00152800
v 0.00099400 0.00000000 0.00161600
v 0.00099400 0.00000000 0.00161600
v 0.00099400 0.00000000 0.00161600
v 0.00099400 0.00000000 0.00161600
v 0.00099400 0.00000000 0.00161600
v 0.00099400 0.00000000 0.00161600
v -0.00014500 -0.00000000 -0.00178400
v -0.00014500 -0.00000000 -0.00178400
v -0.00014500 -0.00000000 -0.00178400
v -0.00014500 -0.00000000 -0.00178400
v -0.00014500 -0.00000000 -0.00178400
v -0.00014500 -0.00000000 -0.00178400
v -0.00010500 -0.00010600 -0.00150200
v -0.00010500 -0.00010600 -0.00150200
v -0.00010500 -0.00010600 -0.00150200
v -0.00010500 -0.00010600 -0.00150200
v -0.00010500 -0.00010600 -0.00150200
v -0.00010500 -0.00010600 -0.00150200
v -0.00010500 -0.00010600 -0.00150200
v -0.00000700 -0.00005700 -0.00118700
v -0.00000700 -0.00005700 -0.00118700
v -0.00000700 -0.00005700 -0.00118700
v -0.00000700 -0.00005700 -0.00118700
v -0.00000700 -0.00005700 -0.00118700
v -0.00000700 -0.00005700 -0.00118700
v 0.00014000 -0.00007200 -0.00078200
v 0.00014000 -0.00007200 -0.00078200
v 0.00014000 -0.00007200 -0.00078200
v 0.00014000 -0.00007200 -0.00078200
v 0.00014000 -0.00007200 -0.00078200
v 0.00014000 -0.00007200 -0.00078200
v 0.00008500 -0.00010500 -0.00042000
v 0.00008500 -0.00010500 -0.00042000
v 0.00008500 -0.00010500 -0.00042000
v 0.00008500 -0.00010500 -0.00042000
v 0.00008500 -0.00010500 -0.00042000
v 0.00008500 -0.00010500 -0.00042000
v 0.00039400 -0.00000000 -0.00034300
v 0.00039400 -0.00000000 -0.00034300
v 0.00039400 -0.00000000 -0.00034300
v 0.00039400 -0.00000000 -0.00034300
v 0.00018100 -0.00000000 -0.00186500
v 0.00018100 -0.00000000 -0.00186500
v 0.00018100 -0.00000000 -0.00186500
v 0.00018100 -0.00000000 -0.00186500
v 0.00018100 -0.00000000 -0.00186500
v 0.00024200 -0.00008200 -0.00168000
v 0.00024200 -0.00008200 -0.00168000
v 0.00024200 -0.00008200 -0.00168000
v 0.00024200 -0.00008200 -0.00168000
v 0.00024200 -0.00008200 -0.00168000
v 0.00024200 -0.00008200 -0.00168000
v 0.00024200 -0.00008200 -0.00168000
v 0.00036800 -0.00009900 -0.00142200
v 0.00036800 -0.00009900 -0.00142200
v 0.00036800 -0.00009900 -0.00142200
v 0.00036800 -0.00009900 -0.00142200
v 0.00036800 -0.00009900 -0.00142200
v 0.00036800 -0.00009900 -0.00142200
v 0.00036800 -0.00009900 -0.00142200
v 0.00043400 -0.00005800 -0.00112900
v 0.00043400 -0.00005800 -0.00112900
v 0.00043400 -0.00005800 -0.00112900
v 0.00043400 -0.00005800 -0.00112900
v 0.00043400 -0.00005800 -0.00112900
v 0.00079400 -0.00000000 -0.00117400
v 0.00079400 -0.00000000 -0.00117400
v 0.00079400 -0.00000000 -0.00117400
v 0.00079400 -0.00000000 -0.00117400
v 0.00079400 -0.00000000 -0.00117400
v 0.00079400 -0.00000000 -0.00117400
v -0.00078500 0.00014400 0.00027400
v -0.00078500 0.00014400 0.00027400
v -0.00078500 0.00014400 0.00027400
v -0.00078500 0.00014400 0.00027400
v -0.00078500 0.00014400 0.00027400
v -0.00078500 0.00014400 0.00027400
v -0.00075300 0.00011100 0.00065900
v -0.00075300 0.00011100 0.00065900
v -0.00075300 0.00011100 0.00065900
v -0.00075300 0.00011100 0.00065900
v -0.00075300 0.00011100 0.00065900
v -0.00075300 0.00011100 0.00065900
v -0.00075300 0.00011100 0.00065900
v -0.00075300 0.00011100 0.00065900
v -0.00079000 0.00011000 -0.00012800
v -0.00079000 0.00011000 -0.00012800
v -0.00079000 0.00011000 -0.00012800
v -0.00079000 0.00011000 -0.00012800
v -0.00079000 0.00011000 -0.00012800
v -0.00079000 0.00011000 -0.00012800
v -0.00079000 0.00011000 -0.00012800
v -0.00076800 0.00012900 0.00099000
v -0.00076800 0.00012900 0.00099000
v -0.00076800 0.00012900 0.00099000
v -0.00076800 0.00012900 0.00099000
v -0.00076800 0.00012900 0.00099000
v -0.00021400 0.00010200 0.00074600
v -0.00021400 0.00010200 0.00074600
v -0.00021400 0.00010200 0.00074600
v -0.00021400 0.00010200 0.00074600
v -0.00021400 0.00010200 0.00074600
v -0.00021400 0.00010200 0.00074600
v -0.00021400 0.00010200 0.00074600
v -0.00031500 0.00011400 0.00029200
v -0.00031500 0.00011400 0.00029200
v -0.00031500 0.00011400 0.00029200
v -0.00031500 0.00011400 0.00029200
v -0.00031500 0.00011400 0.00029200
v -0.00031500 0.00011400 0.00029200
v -0.00024500 0.00008800 -0.00018200
v -0.00024500 0.00008800 -0.00018200
v -0.00024500 0.00008800 -0.00018200
v -0.00024500 0.00008800 -0.00018200
v -0.00024500 0.00008800 -0.00018200
v -0.00024500 0.00008800 -0.00018200
v 0.00048700 0.00011200 0.00193200
v 0.00048700 0.00011200 0.00193200
v 0.00048700 0.00011200 0.00193200
v 0.00048700 0.00011200 0.00193200
v 0.00048700 0.00011200 0.00193200
v 0.00048700 0.00011200 0.00193200
v 0.00048700 0.00011200 0.00193200
v 0.00048700 0.00011200 0.00193200
v 0.00061800 0.00012300 0.00171900
v 0.00061800 0.00012300 0.00171900
v 0.00061800 0.00012300 0.00171900
v 0.00061800 0.00012300 0.00171900
v 0.00061800 0.00012300 0.00171900
v 0.00061800 0.00012300 0.00171900
v 0.00029200 0.00007000 0.00127900
v 0.00029200 0.00007000 0.00127900
v 0.00029200 0.00007000 0.00127900
v 0.00029200 0.00007000 0.00127900
v 0.00029200 0.00007000 0.00127900
v 0.00029200 0.00007000 0.00127900
v 0.00029200 0.00007000 0.00127900
v 0.00017700 0.00011200 0.00098700
v 0.00017700 0.00011200 0.00098700
v 0.00017700 0.00011200 0.00098700
v 0.00017700 0.00011200 0.00098700
v 0.00017700 0.00011200 0.00098700
v -0.00082400 0.00011700 -0.00053000
v -0.00082400 0.00011700 -0.00053000
v -0.00082400 0.00011700 -0.00053000
v -0.00082400 0.00011700 -0.00053000
v -0.00082400 0.00011700 -0.00053000
v -0.00082400 0.00011700 -0.00053000
v -0.00082400 0.00011700 -0.00053000
v -0.00082400 0.00011700 -0.00053000
v -0.00087900 0.00011900 -0.00088900
v -0.00087900 0.00011900 -0.00088900
v -0.00087900 0.00011900 -0.00088900
v -0.00087900 0.00011900 -0.00088900
v -0.00087900 0.00011900 -0.00088900
v -0.00087900 0.00011900 -0.00088900
v -0.00087900 0.00011900 -0.00088900
v -0.00048700 0.00012900 -0.00137500
v -0.00048700 0.00012900 -0.00137500
v -0.00048700 0.00012900 -0.00137500
v -0.00048700 0.00012900 -0.00137500
v -0.00048700 0.00012900 -0.00137500
v -0.00048700 0.00012900 -0.00137500
v -0.00048700 0.00012900 -0.00137500
v -0.00010500 0.00010600 -0.00150200
v -0.00010500 0.00010600 -0.00150200
v -0.00010500 0.00010600 -0.00150200
v -0.00010500 0.00010600 -0.00150200
v -0.00010500 0.00010600 -0.00150200
v -0.00010500 0.00010600 -0.00150200
v -0.00010500 0.00010600 -0.00150200
v -0.00042300 0.00007400 -0.00103200
v -0.00042300 0.00007400 -0.00103200
v -0.00042300 0.00007400 -0.00103200
v -0.00042300 0.00007400 -0.00103200
v -0.00042300 0.00007400 -0.00103200
v -0.00042300 0.00007400 -0.00103200
v -0.00042300 0.00007400 -0.00103200
v -0.00000700 0.00005700 -0.00118700
v -0.00000700 0.00005700 -0.00118700
v -0.00000700 0.00005700 -0.00118700
v -0.00000700 0.00005700 -0.00118700
v -0.00000700 0.00005700 -0.00118700
v -0.00000700 0.00005700 -0.00118700
v 0.00014000 0.00007200 -0.00078200
v 0.00014000 0.00007200 -0.00078200
v 0.00014000 0.00007200 -0.00078200
v 0.00014000 0.00007200 -0.00078200
v 0.00014000 0.00007200 -0.00078200
v 0.00014000 0.00007200 -0.00078200
v 0.00008500 0.00010500 -0.00042000
v 0.00008500 0.00010500 -0.00042000
v 0.00008500 0.00010500 -0.00042000
v 0.00008500 0.00010500 -0.00042000
v 0.00008500 0.00010500 -0.00042000
v 0.00008500 0.00010500 -0.00042000
v -0.00033700 0.00010100 -0.00062800
v -0.00033700 0.00010100 -0.00062800
v -0.00033700 0.00010100 -0.00062800
v -0.00033700 0.00010100 -0.00062800
v -0.00033700 0.00010100 -0.00062800
v -0.00033700 0.00010100 -0.00062800
v 0.00064600 0.00008600 0.00152800
v 0.00064600 0.00008600 0.00152800
v 0.00064600 0.00008600 0.00152800
v 0.00064600 0.00008600 0.00152800
v 0.00064600 0.00008600 0.00152800
v -0.00032300 0.00011500 0.00167500
v -0.00032300 0.00011500 0.00167500
v -0.00032300 0.00011500 0.00167500
v -0.00032300 0.00011500 0.00167500
v -0.00032300 0.00011500 0.00167500
v -0.00028500 0.00009900 0.00140200
v -0.00028500 0.00009900 0.00140200
v -0.00028500 0.00009900 0.00140200
v -0.00028500 0.00009900 0.00140200
v -0.00028500 0.00009900 0.00140200
v -0.00028500 0.00009900 0.00140200
v -0.00028500 0.00009900 0.00140200
v -0.00023800 0.00010600 0.00110600
v -0.00023800 0.00010600 0.00110600
v -0.00023800 0.00010600 0.00110600
v -0.00023800 0.00010600 0.00110600
v -0.00023800 0.00010600 0.00110600
v -0.00023800 0.00010600 0.00110600
v -0.00023800 0.00010600 0.00110600
v -0.00023800 0.00010600 0.00110600
v 0.00009900 0.00012300 0.00179500
v 0.00009900 0.00012300 0.00179500
v 0.00009900 0.00012300 0.00179500
v 0.00009900 0.00012300 0.00179500
v 0.00009900 0.00012300 0.00179500
v 0.00009900 0.00012300 0.00179500
v 0.00018500 0.00008500 0.00155000
v 0.00018500 0.00008500 0.00155000
v 0.00018500 0.00008500 0.00155000
v 0.00018500 0.00008500 0.00155000
v 0.00018500 0.00008500 0.00155000
v 0.00018500 0.00008500 0.00155000
v 0.00018500 0.00008500 0.00155000
v 0.00024200 0.00008200 -0.00168000
v 0.00024200 0.00008200 -0.00168000
v 0.00024200 0.00008200 -0.00168000
v 0.00024200 0.00008200 -0.00168000
v 0.00024200 0.00008200 -0.00168000
v 0.00024200 0.00008200 -0.00168000
v 0.00024200 0.00008200 -0.00168000
v 0.00036800 0.00009900 -0.00142200
v 0.00036800 0.00009900 -0.00142200
v 0.00036800 0.00009900 -0.00142200
v 0.00036800 0.00009900 -0.00142200
v 0.00036800 0.00009900 -0.00142200
v 0.00036800 0.00009900 -0.00142200
v 0.00036800 0.00009900 -0.00142200
v 0.00043400 0.00005800 -0.00112900
v 0.00043400 0.00005800 -0.00112900
v 0.00043400 0.00005800 -0.00112900
v 0.00043400 0.00005800 -0.00112900
v 0.00043400 0.00005800 -0.00112900
v 0.00066100 0.00000000 0.00213200
v 0.00066100 0.00000000 0.00213200
v 0.00066100 0.00000000 0.00213200
v 0.00066100 0.00000000 0.00213200
v 0.00066100 0.00000000 0.00213200
v 0.00066100 0.00000000 0.00213200
v 0.00034900 -0.00000000 -0.00190800
v 0.00034900 -0.00000000 -0.00190800
v 0.00034900 -0.00000000 -0.00190800
v 0.00034900 -0.00000000 -0.00190800
v 0.00034900 -0.00000000 -0.00190800
v 0.00034900 -0.00000000 -0.00190800
v 0.00040800 -0.00006000 0.00198700
v 0.00040800 -0.00006000 0.00198700
v 0.00040800 -0.00006000 0.00198700
v 0.00040800 -0.00006000 0.00198700
v 0.00040800 -0.00006000 0.00198700
v 0.00061400 -0.00004100 0.00205300
v 0.00061400 -0.00004100 0.00205300
v 0.00061400 -0.00004100 0.00205300
v 0.00061400 -0.00004100 0.00205300
v 0.00066900 -0.00006400 0.00198800
v 0.00066900 -0.00006400 0.00198800
v 0.00066900 -0.00006400 0.00198800
v 0.00066900 -0.00006400 0.00198800
v 0.00018600 0.00000000 0.00203200
v 0.00018600 0.00000000 0.00203200
v 0.00022600 -0.00005800 0.00193500
v 0.00022600 -0.00005800 0.00193500
v 0.00022600 -0.00005800 0.00193500
v 0.00022600 -0.00005800 0.00193500
v 0.00022600 -0.00005800 0.00193500
v 0.00072800 -0.00007400 0.00187400
v 0.00072800 -0.00007400 0.00187400
v 0.00072800 -0.00007400 0.00187400
v 0.00072800 -0.00007400 0.00187400
v 0.00072800 -0.00007400 0.00187400
v 0.00101300 0.00000000 0.00197700
v 0.00101300 0.00000000 0.00197700
v 0.00040800 0.00006000 0.00198700
v 0.00040800 0.00006000 0.00198700
v 0.00040800 0.00006000 0.00198700
v 0.00060600 0.00004800 0.00204100
v 0.00060600 0.00004800 0.00204100
v 0.00060600 0.00004800 0.00204100
v 0.00067000 0.00006400 0.00198800
v 0.00067000 0.00006400 0.00198800
v 0.00067000 0.00006400 0.00198800
v 0.00073200 0.00006700 0.00189700
v 0.00073200 0.00006700 0.00189700
v 0.00073200 0.00006700 0.00189700
v 0.00073200 0.00006700 0.00189700
v 0.00024400 0.00005500 0.00194300
v 0.00024400 0.00005500 0.00194300
v 0.00024400 0.00005500 0.00194300
v 0.00024400 0.00005500 0.00194300
v 0.00024400 0.00005500 0.00194300
v 0.00020600 -0.00003400 -0.00178900
v 0.00020600 -0.00003400 -0.00178900
v 0.00030600 -0.00002900 -0.00182500
v 0.00030600 -0.00002900 -0.00182500
v 0.00030600 -0.00002900 -0.00182500
v 0.00030600 -0.00002900 -0.00182500
v 0.00030600 -0.00002900 -0.00182500
v 0.00004000 -0.00003800 -0.00173700
v 0.00004000 -0.00003800 -0.00173700
v 0.00004000 -0.00003800 -0.00173700
v 0.00004000 -0.00003800 -0.00173700
v 0.00002700 -0.00000000 -0.00182700
v 0.00002700 -0.00000000 -0.00182700
v 0.00002700 -0.00000000 -0.00182700
v 0.00002700 -0.00000000 -0.00182700
v 0.00002700 -0.00000000 -0.00182700
v 0.00038000 -0.00004100 -0.00178300
v 0.00038000 -0.00004100 -0.00178300
v 0.00038000 -0.00004100 -0.00178300
v 0.00038000 -0.00004100 -0.00178300
v 0.00047600 -0.00004100 -0.00168200
v 0.00047600 -0.00004100 -0.00168200
v 0.00047600 -0.00004100 -0.00168200
v 0.00064800 -0.00000000 -0.00180800
v 0.00064800 -0.00000000 -0.00180800
v 0.00064800 -0.00000000 -0.00180800
v 0.00039200 0.00003800 -0.00179200
v 0.00039200 0.00003800 -0.00179200
v 0.00039200 0.00003800 -0.00179200
v 0.00032900 0.00002900 -0.00182400
v 0.00032900 0.00002900 -0.00182400
v 0.00032900 0.00002900 -0.00182400
v 0.00032900 0.00002900 -0.00182400
v 0.00047600 0.00004200 -0.00168100
v 0.00047600 0.00004200 -0.00168100
v 0.00047600 0.00004200 -0.00168100
v 0.00047600 0.00004200 -0.00168100
v 0.00020800 0.00003700 -0.00178200
v 0.00020800 0.00003700 -0.00178200
v 0.00020800 0.00003700 -0.00178200
v 0.00020800 0.00003700 -0.00178200
v 0.00020800 0.00003700 -0.00178200
v 0.00003700 0.00004000 -0.00172300
v 0.00003700 0.00004000 -0.00172300
v 0.00003700 0.00004000 -0.00172300
v 0.00003700 0.00004000 -0.00172300
v 0.00003700 0.00004000 -0.00172300
v -0.00095700 -0.00012800 -0.00056500
v -0.00095700 -0.00012800 -0.00056500
v -0.00095700 -0.00012800 -0.00056500
v -0.00095700 -0.00012800 -0.00056500
v -0.00088100 -0.00012000 -0.00091500
v -0.00088100 -0.00012000 -0.00091500
v -0.00088100 -0.00012000 -0.00091500
v -0.00088100 -0.00012000 -0.00091500
v -0.00088700 -0.00012000 -0.00088700
v -0.00088700 -0.00012000 -0.00088700
v -0.00088700 -0.00012000 -0.00088700
v -0.00088700 -0.00012000 -0.00088700
v -0.00088900 -0.00012000 -0.00088000
v -0.00088900 -0.00012000 -0.00088000
v -0.00088900 -0.00012000 -0.00088000
v -0.00088900 -0.00012000 -0.00088000
v -0.00088900 -0.00012000 -0.00088000
v -0.00087100 -0.00012100 -0.00095900
v -0.00087100 -0.00012100 -0.00095900
v -0.00087100 -0.00012100 -0.00095900
v -0.00087100 -0.00012100 -0.00095900
v -0.00087100 -0.00012100 -0.00095900
v -0.00096600 -0.00012900 -0.00050800
v -0.00096600 -0.00012900 -0.00050800
v -0.00096600 -0.00012900 -0.00050800
v -0.00096600 -0.00012900 -0.00050800
v -0.00096600 -0.00012900 -0.00050700
v -0.00096600 -0.00012900 -0.00050700
v -0.00096600 -0.00012900 -0.00050700
v -0.00096600 -0.00012900 -0.00050700
v -0.00096600 0.00012900 -0.00050700
v -0.00096600 0.00012900 -0.00050700
v -0.00096600 0.00012900 -0.00050700
v -0.00096600 0.00012900 -0.00050700
v -0.00096600 0.00012900 -0.00050800
v -0.00096600 0.00012900 -0.00050800
v -0.00096600 0.00012900 -0.00050800
v -0.00096600 0.00012900 -0.00050800
v -0.00095700 0.00012800 -0.00056500
v -0.00095700 0.00012800 -0.00056500
v -0.00095700 0.00012800 -0.00056500
v -0.00095700 0.00012800 -0.00056500
v -0.00008700 0.00000000 0.00199300
v -0.00008700 0.00000000 0.00199300
v -0.00008700 0.00000000 0.00199300
v -0.00020500 -0.00001100 0.00195500
v -0.00020500 -0.00001100 0.00195500
v -0.00020500 -0.00001100 0.00195500
v -0.00020500 0.00001100 0.00195500
v -0.00020500 0.00001100 0.00195500
v -0.00020500 0.00001100 0.00195500
v -0.00039100 0.00003700 0.00184300
v -0.00039100 0.00003700 0.00184300
v -0.00039100 0.00003700 0.00184300
v -0.00039100 0.00003700 0.00184300
v -0.00039100 0.00003700 0.00184300
v -0.00044800 0.00005000 0.00179300
v -0.00044800 0.00005000 0.00179300
v -0.00044800 0.00005000 0.00179300
v -0.00031200 -0.00002800 0.00189100
v -0.00031200 -0.00002800 0.00189100
v -0.00031200 -0.00002800 0.00189100
v -0.00031200 -0.00002800 0.00189100
v -0.00031200 0.00002800 0.00189100
v -0.00031200 0.00002800 0.00189100
v -0.00031200 0.00002800 0.00189100
v -0.00031200 0.00002800 0.00189100
v -0.00039100 -0.00003700 0.00184300
v -0.00039100 -0.00003700 0.00184300
v -0.00039100 -0.00003700 0.00184300
v -0.00039100 -0.00003700 0.00184300
v -0.00039100 -0.00003700 0.00184300
v -0.00024200 -0.00002000 0.00193300
v -0.00024200 -0.00002000 0.00193300
v -0.00024200 -0.00002000 0.00193300
v -0.00024200 -0.00002000 0.00193300
v -0.00024200 0.00002000 0.00193300
v -0.00024200 0.00002000 0.00193300
v -0.00024200 0.00002000 0.00193300
v -0.00024200 0.00002000 0.00193300
v -0.00044800 -0.00005000 0.00179300
v -0.00044800 -0.00005000 0.00179300
v -0.00044800 -0.00005000 0.00179300
v -0.00062000 0.00012300 0.00154900
v -0.00062000 0.00012300 0.00154900
v -0.00062000 0.00012300 0.00154900
v -0.00062000 0.00012300 0.00154900
v -0.00062000 0.00012300 0.00154900
v -0.00058000 0.00012300 0.00159900
v -0.00058000 0.00012300 0.00159900
v -0.00058000 0.00012300 0.00159900
v -0.00058000 0.00012300 0.00159900
v -0.00050500 0.00007600 0.00171100
v -0.00050500 0.00007600 0.00171100
v -0.00050500 0.00007600 0.00171100
v -0.00050500 0.00007600 0.00171100
v -0.00062000 -0.00012300 0.00154900
v -0.00062000 -0.00012300 0.00154900
v -0.00062000 -0.00012300 0.00154900
v -0.00062000 -0.00012300 0.00154900
v -0.00062000 -0.00012300 0.00154900
v -0.00065900 -0.00012100 0.00149000
v -0.00065900 -0.00012100 0.00149000
v -0.00065900 -0.00012100 0.00149000
v -0.00065900 -0.00012100 0.00149000
v -0.00065900 -0.00012100 0.00149000
v -0.00065900 0.00012100 0.00149000
v -0.00065900 0.00012100 0.00149000
v -0.00065900 0.00012100 0.00149000
v -0.00065900 0.00012100 0.00149000
v -0.00065900 0.00012100 0.00149000
v -0.00067800 -0.00012500 0.00146200
v -0.00067800 -0.00012500 0.00146200
v -0.00067800 -0.00012500 0.00146200
v -0.00067800 0.00012500 0.00146200
v -0.00067800 0.00012500 0.00146200
v -0.00067800 0.00012500 0.00146200
v -0.00058000 -0.00012300 0.00159900
v -0.00058000 -0.00012300 0.00159900
v -0.00058000 -0.00012300 0.00159900
v -0.00058000 -0.00012300 0.00159900
v -0.00050500 -0.00007600 0.00171100
v -0.00050500 -0.00007600 0.00171100
v -0.00050500 -0.00007600 0.00171100
v -0.00050500 -0.00007600 0.00171100
v -0.00084100 0.00014000 0.00104000
v -0.00084100 0.00014000 0.00104000
v -0.00084100 0.00014000 0.00104000
v -0.00084100 0.00014000 0.00104000
v -0.00078400 0.00014200 0.00119200
v -0.00078400 0.00014200 0.00119200
v -0.00078400 0.00014200 0.00119200
v -0.00078400 0.00014200 0.00119200
v -0.00078400 0.00014200 0.00119200
v -0.00075600 0.00014400 0.00126400
v -0.00075600 0.00014400 0.00126400
v -0.00075600 0.00014400 0.00126400
v -0.00075600 0.00014400 0.00126400
v -0.00074800 0.00014300 0.00128500
v -0.00074800 0.00014300 0.00128500
v -0.00074800 0.00014300 0.00128500
v -0.00074800 0.00014300 0.00128500
v -0.00074800 0.00014300 0.00128500
v -0.00071200 0.00013300 0.00138600
v -0.00071200 0.00013300 0.00138600
v -0.00071200 0.00013300 0.00138600
v -0.00071200 0.00013300 0.00138600
v -0.00071200 0.00013300 0.00138600
v -0.00071200 0.00013300 0.00138600
v -0.00071200 -0.00013300 0.00138600
v -0.00071200 -0.00013300 0.00138600
v -0.00071200 -0.00013300 0.00138600
v -0.00071200 -0.00013300 0.00138600
v -0.00071200 -0.00013300 0.00138600
v -0.00075600 -0.00014400 0.00126400
v -0.00075600 -0.00014400 0.00126400
v -0.00075600 -0.00014400 0.00126400
v -0.00075600 -0.00014400 0.00126400
v -0.00074800 -0.00014300 0.00128500
v -0.00074800 -0.00014300 0.00128500
v -0.00074800 -0.00014300 0.00128500
v -0.00074800 -0.00014300 0.00128500
v -0.00074800 -0.00014300 0.00128500
v -0.00078400 -0.00014200 0.00119200
v -0.00078400 -0.00014200 0.00119200
v -0.00078400 -0.00014200 0.00119200
v -0.00078400 -0.00014200 0.00119200
v -0.00078400 -0.00014200 0.00119200
v -0.00084100 -0.00014000 0.00104000
v -0.00084100 -0.00014000 0.00104000
v -0.00084100 -0.00014000 0.00104000
v -0.00084100 -0.00014000 0.00104000
v -0.00098600 0.00012500 -0.00011300
v -0.00098600 0.00012500 -0.00011300
v -0.00098600 0.00012500 -0.00011300
v -0.00099000 0.00012600 -0.00000000
v -0.00099000 0.00012600 -0.00000000
v -0.00099000 0.00012600 -0.00000000
v -0.00099000 0.00012600 -0.00000000
v -0.00097200 0.00012800 -0.00043700
v -0.00097200 0.00012800 -0.00043700
v -0.00097200 0.00012800 -0.00043700
v -0.00097200 0.00012800 -0.00043700
v -0.00093400 0.00012600 0.00067400
v -0.00093400 0.00012600 0.00067400
v -0.00093400 0.00012600 0.00067400
v -0.00093400 0.00012600 0.00067400
v -0.00093400 0.00012600 0.00067400
v -0.00091900 0.00013300 0.00073200
v -0.00091900 0.00013300 0.00073200
v -0.00091900 0.00013300 0.00073200
v -0.00091900 0.00013300 0.00073200
v -0.00085700 0.00013800 0.00097600
v -0.00085700 0.00013800 0.00097600
v -0.00085700 0.00013800 0.00097600
v -0.00085700 0.00013800 0.00097600
v -0.00098900 0.00012600 0.00001700
v -0.00098900 0.00012600 0.00001700
v -0.00098900 0.00012600 0.00001700
v -0.00098900 0.00012600 0.00001700
v -0.00096800 0.00014400 0.00038700
v -0.00096800 0.00014400 0.00038700
v -0.00096800 0.00014400 0.00038700
v -0.00097300 0.00014700 0.00027100
v -0.00097300 0.00014700 0.00027100
v -0.00097300 0.00014700 0.00027100
v -0.00096500 0.00013800 0.00046800
v -0.00096500 0.00013800 0.00046800
v -0.00096500 0.00013800 0.00046800
v -0.00096500 0.00013800 0.00046800
v -0.00096500 0.00013800 0.00046800
v -0.00096500 -0.00013800 0.00046800
v -0.00096500 -0.00013800 0.00046800
v -0.00096500 -0.00013800 0.00046800
v -0.00096500 -0.00013800 0.00046800
v -0.00096500 -0.00013800 0.00046800
v -0.00095700 -0.00013000 0.00055800
v -0.00095700 -0.00013000 0.00055800
v -0.00095700 -0.00013000 0.00055800
v -0.00095700 -0.00013000 0.00055800
v -0.00095700 0.00013000 0.00055800
v -0.00095700 0.00013000 0.00055800
v -0.00095700 0.00013000 0.00055800
v -0.00095700 0.00013000 0.00055800
v -0.00094100 -0.00012200 0.00064000
v -0.00094100 -0.00012200 0.00064000
v -0.00094100 -0.00012200 0.00064000
v -0.00094100 -0.00012200 0.00064000
v -0.00093400 -0.00012600 0.00067400
v -0.00093400 -0.00012600 0.00067400
v -0.00093400 -0.00012600 0.00067400
v -0.00093400 -0.00012600 0.00067400
v -0.00093400 -0.00012600 0.00067400
v -0.00094100 0.00012200 0.00064000
v -0.00094100 0.00012200 0.00064000
v -0.00094100 0.00012200 0.00064000
v -0.00094100 0.00012200 0.00064000
v -0.00091900 -0.00013300 0.00073200
v -0.00091900 -0.00013300 0.00073200
v -0.00091900 -0.00013300 0.00073200
v -0.00091900 -0.00013300 0.00073200
v -0.00085700 -0.00013800 0.00097600
v -0.00085700 -0.00013800 0.00097600
v -0.00085700 -0.00013800 0.00097600
v -0.00085700 -0.00013800 0.00097600
v -0.00097200 -0.00012800 -0.00043700
v -0.00097200 -0.00012800 -0.00043700
v -0.00097200 -0.00012800 -0.00043700
v -0.00097200 -0.00012800 -0.00043700
v -0.00098600 -0.00012500 -0.00011300
v -0.00098600 -0.00012500 -0.00011300
v -0.00098600 -0.00012500 -0.00011300
v -0.00099000 -0.00012600 0.00000000
v -0.00099000 -0.00012600 0.00000000
v -0.00099000 -0.00012600 0.00000000
v -0.00099000 -0.00012600 0.00000000
v -0.00097300 -0.00014700 0.00027100
v -0.00097300 -0.00014700 0.00027100
v -0.00097300 -0.00014700 0.00027100
v -0.00096800 -0.00014400 0.00038700
v -0.00096800 -0.00014400 0.00038700
v -0.00096800 -0.00014400 0.00038700
v -0.00098900 -0.00012600 0.00001700
v -0.00098900 -0.00012600 0.00001700
v -0.00098900 -0.00012600 0.00001700
v -0.00098900 -0.00012600 0.00001700
v -0.00088100 0.00012000 -0.00091500
v -0.00088100 0.00012000 -0.00091500
v -0.00088100 0.00012000 -0.00091500
v -0.00088100 0.00012000 -0.00091500
v -0.00088700 0.00012000 -0.00088700
v -0.00088700 0.00012000 -0.00088700
v -0.00088700 0.00012000 -0.00088700
v -0.00088700 0.00012000 -0.00088700
v -0.00088900 0.00012000 -0.00088000
v -0.00088900 0.00012000 -0.00088000
v -0.00088900 0.00012000 -0.00088000
v -0.00088900 0.00012000 -0.00088000
v -0.00088900 0.00012000 -0.00088000
v -0.00087100 0.00012100 -0.00095900
v -0.00087100 0.00012100 -0.00095900
v -0.00087100 0.00012100 -0.00095900
v -0.00087100 0.00012100 -0.00095900
v -0.00087100 0.00012100 -0.00095900
v -0.00054300 -0.00000000 -0.00169700
v -0.00054300 -0.00000000 -0.00169700
v -0.00054300 -0.00000000 -0.00169700
v -0.00054300 -0.00000000 -0.00169700
v -0.00054300 -0.00000000 -0.00169700
v -0.00054300 -0.00000000 -0.00169700
v -0.00054300 -0.00000000 -0.00169700
v -0.00054300 -0.00000000 -0.00169700
v -0.00054300 -0.00000000 -0.00169700
v -0.00054300 -0.00000000 -0.00169700
v -0.00054500 0.00000100 -0.00169500
v -0.00054500 0.00000100 -0.00169500
v -0.00054500 0.00000100 -0.00169500
v -0.00054500 0.00000100 -0.00169500
v -0.00071900 0.00009600 -0.00137700
v -0.00071900 0.00009600 -0.00137700
v -0.00071900 0.00009600 -0.00137700
v -0.00075400 0.00013000 -0.00127500
v -0.00075400 0.00013000 -0.00127500
v -0.00075400 0.00013000 -0.00127500
v -0.00075400 0.00013000 -0.00127500
v -0.00080200 0.00012700 -0.00116400
v -0.00080200 0.00012700 -0.00116400
v -0.00080200 0.00012700 -0.00116400
v -0.00080200 0.00012700 -0.00116400
v -0.00080200 -0.00012700 -0.00116400
v -0.00080200 -0.00012700 -0.00116400
v -0.00080200 -0.00012700 -0.00116400
v -0.00080200 -0.00012700 -0.00116400
v -0.00054500 -0.00000100 -0.00169500
v -0.00054500 -0.00000100 -0.00169500
v -0.00054500 -0.00000100 -0.00169500
v -0.00054500 -0.00000100 -0.00169500
v -0.00071900 -0.00009600 -0.00137700
v -0.00071900 -0.00009600 -0.00137700
v -0.00071900 -0.00009600 -0.00137700
v -0.00071900 -0.00009600 -0.00137700
v -0.00075400 -0.00013000 -0.00127500
v -0.00075400 -0.00013000 -0.00127500
v -0.00075400 -0.00013000 -0.00127500
v -0.00075400 -0.00013000 -0.00127500
v -0.00075400 -0.00013000 -0.00127500
v -0.00075400 -0.00013000 -0.00127500
v -0.00075400 -0.00013000 -0.00127500
vn -0.96360000 -0.15910000 -0.21470000
vn -0.96470000 0.15720000 -0.21140000
vn -0.94830000 0.16660000 -0.27020000
vn -0.94290000 -0.10390000 -0.31630000
vn -0.94300000 0.10540000 -0.31560000
vn -0.96530000 -0.16030000 -0.20610000
vn -0.96530000 0.16030000 -0.20610000
vn -0.94830000 -0.16660000 -0.27020000
vn -0.94300000 -0.10540000 -0.31560000
vn -0.94290000 0.10390000 -0.31630000
vn -0.98750000 -0.00000000 -0.15780000
vn -0.90020000 -0.20440000 -0.38450000
vn 0.00160000 -0.02050000 0.99980000
vn -0.94290000 0.10390000 -0.31630000
vn -0.90340000 0.20200000 -0.37820000
vn -0.70940000 -0.56590000 -0.42020000
vn -0.85420000 0.12970000 -0.50350000
vn -0.94290000 -0.10390000 -0.31630000
vn -0.85330000 -0.12850000 -0.50530000
vn -0.95830000 -0.16230000 0.23510000
vn -0.92000000 0.15880000 0.35830000
vn -0.92100000 0.17870000 0.34610000
vn -0.92240000 0.17540000 0.34400000
vn -0.96200000 0.14330000 0.23230000
vn -0.95650000 -0.16550000 0.24020000
vn -0.96200000 -0.14330000 0.23230000
vn -0.95650000 0.16550000 0.24020000
vn -0.92000000 -0.15880000 0.35830000
vn -0.98210000 -0.00000000 0.18840000
vn -0.92060000 0.16540000 0.35380000
vn -0.92100000 -0.17870000 0.34610000
vn -0.92060000 -0.16540000 0.35380000
vn -0.90980000 -0.00000000 0.41510000
vn -0.92240000 -0.17540000 0.34400000
vn -0.95830000 0.16230000 0.23510000
vn -0.76620000 -0.22010000 0.60370000
vn -0.83910000 -0.00000000 0.54400000
vn -0.76080000 0.22860000 0.60740000
vn -0.76080000 -0.22850000 0.60740000
vn -0.60780000 0.25600000 0.75170000
vn -0.50920000 -0.00000000 0.86060000
vn -0.76620000 0.22010000 0.60370000
vn -0.60780000 -0.25600000 0.75170000
vn -0.98610000 0.15940000 0.04640000
vn -0.98650000 -0.15950000 -0.03570000
vn -0.99620000 -0.00000000 -0.08660000
vn -0.98660000 0.15950000 -0.03570000
vn -0.98610000 -0.15940000 0.04640000
vn -0.98640000 -0.15380000 0.05780000
vn -0.98640000 0.15390000 0.05780000
vn -0.99530000 -0.00000000 0.09700000
vn 0.05020000 -0.99500000 0.08670000
vn 0.02520000 -0.99830000 -0.05310000
vn 0.06020000 -0.99490000 0.08050000
vn 0.05470000 -0.99530000 0.08010000
vn 0.11070000 -0.99270000 -0.04800000
vn 0.01270000 -0.99960000 0.02380000
vn 0.07120000 -0.98810000 -0.13650000
vn 0.07170000 -0.98890000 -0.13000000
vn 0.01970000 -0.99620000 -0.08430000
vn 0.05470000 -0.99530000 0.08020000
vn 0.01630000 -0.99960000 0.02460000
vn 0.06010000 -0.99490000 0.08060000
vn 0.04530000 -0.99640000 0.07150000
vn 0.06600000 -0.99420000 -0.08530000
vn 0.07710000 -0.99700000 -0.00600000
vn 0.03460000 -0.99820000 -0.05000000
vn 0.07810000 -0.99690000 -0.00440000
vn 0.04230000 -0.99890000 0.02100000
vn 0.06590000 -0.99420000 -0.08540000
vn 0.07870000 -0.99680000 0.01250000
vn 0.03570000 -0.99930000 0.01490000
vn 0.01980000 -0.99620000 -0.08430000
vn 0.10870000 -0.99300000 -0.04670000
vn 0.05630000 -0.99660000 -0.05970000
vn 0.04480000 -0.99900000 -0.00840000
vn 0.02490000 -0.99830000 -0.05350000
vn 0.10930000 -0.99230000 -0.05800000
vn 0.38190000 -0.91990000 -0.08920000
vn 0.38200000 0.91990000 -0.08920000
vn 0.39080000 -0.76320000 -0.51460000
vn 0.27290000 0.83480000 -0.47820000
vn 0.39080000 0.76320000 -0.51460000
vn 0.27290000 -0.83480000 -0.47820000
vn 0.41830000 -0.90820000 0.01210000
vn 0.18580000 -0.97690000 0.10570000
vn 0.41830000 0.90820000 0.01220000
vn 0.42450000 0.90270000 -0.07030000
vn 0.38190000 -0.91990000 -0.08920000
vn 0.38180000 0.91990000 -0.08910000
vn 0.18590000 0.97690000 0.10580000
vn 0.42460000 -0.90260000 -0.07030000
vn 0.26380000 -0.93900000 0.22090000
vn 0.26380000 0.93900000 0.22090000
vn 0.18580000 0.97690000 0.10570000
vn 0.12690000 -0.96140000 0.24430000
vn 0.18580000 -0.97690000 0.10570000
vn 0.12690000 0.96140000 0.24430000
vn 0.14200000 -0.97250000 -0.18440000
vn 0.14200000 0.97250000 -0.18440000
vn 0.12860000 -0.96130000 -0.24380000
vn 0.28640000 0.93310000 -0.21740000
vn 0.12860000 0.96130000 -0.24370000
vn 0.28650000 -0.93310000 -0.21740000
vn 0.19550000 -0.96300000 0.18570000
vn 0.20130000 0.96450000 0.17090000
vn 0.11040000 0.90580000 0.40910000
vn 0.11180000 -0.90570000 0.40900000
vn 0.17610000 -0.96290000 0.20450000
vn 0.17210000 0.96410000 0.20210000
vn 0.03260000 -0.99950000 0.00110000
vn 0.08610000 -0.99620000 -0.00860000
vn 0.07780000 -0.99700000 -0.00430000
vn 0.08920000 -0.99580000 0.02170000
vn 0.07850000 -0.99690000 -0.00710000
vn 0.08220000 -0.99660000 0.01040000
vn 0.08570000 -0.99630000 -0.00010000
vn 0.03570000 -0.99930000 0.01490000
vn 0.03270000 -0.99950000 0.00090000
vn 0.12750000 -0.99110000 0.03810000
vn 0.08610000 -0.99630000 -0.00860000
vn 0.13450000 -0.99070000 0.02100000
vn 0.05000000 -0.99820000 0.03320000
vn 0.10920000 -0.99320000 0.03980000
vn 0.07220000 -0.99410000 -0.08140000
vn 0.16800000 0.98320000 0.07110000
vn 0.21050000 0.97600000 -0.05630000
vn 0.21050000 -0.97600000 -0.05630000
vn 0.16800000 -0.98320000 0.07110000
vn 0.27580000 -0.94410000 0.18040000
vn 0.13790000 -0.98750000 0.07680000
vn 0.13790000 0.98750000 0.07680000
vn 0.27580000 0.94410000 0.18040000
vn 0.22430000 -0.97450000 0.00470000
vn 0.10730000 0.97930000 -0.17170000
vn 0.10710000 -0.97890000 -0.17410000
vn 0.10660000 0.97820000 -0.17840000
vn 0.22430000 0.97450000 0.00470000
vn 0.27680000 -0.95280000 -0.12450000
vn 0.17370000 0.96610000 0.19120000
vn 0.17360000 0.96470000 0.19820000
vn 0.27680000 0.95280000 -0.12460000
vn 0.17810000 -0.96770000 0.17860000
vn 0.17640000 -0.96320000 0.20290000
vn 0.10740000 0.97890000 -0.17370000
vn 0.16730000 -0.97290000 -0.15960000
vn 0.16680000 0.97290000 -0.15980000
vn 0.04260000 0.94590000 -0.32180000
vn 0.04070000 -0.94620000 -0.32100000
vn 0.10700000 -0.97900000 -0.17370000
vn -0.12420000 -0.91730000 0.37840000
vn -0.10500000 -0.88940000 0.44500000
vn 0.02420000 -0.98900000 -0.14590000
vn 0.04770000 -0.99750000 -0.05250000
vn -0.12570000 -0.91710000 0.37830000
vn 0.08530000 -0.99570000 0.03710000
vn 0.04170000 -0.99840000 -0.03690000
vn 0.04330000 -0.99700000 -0.06370000
vn 0.04770000 -0.99750000 -0.05250000
vn 0.05690000 -0.99780000 0.03450000
vn 0.07570000 -0.99430000 0.07490000
vn 0.05230000 -0.99770000 -0.04320000
vn 0.08530000 -0.99570000 0.03710000
vn 0.05780000 -0.99710000 -0.05020000
vn 0.05630000 -0.99660000 -0.05970000
vn 0.02360000 -0.99080000 0.13300000
vn 0.07850000 -0.99680000 0.01760000
vn 0.04480000 -0.99900000 -0.00840000
vn -0.01830000 -0.99980000 -0.01250000
vn 0.05690000 -0.99780000 0.03450000
vn 0.38190000 -0.91990000 -0.08920000
vn 0.42460000 -0.90260000 -0.07030000
vn 0.04470000 -0.99900000 -0.00850000
vn -0.01830000 -0.99980000 -0.01250000
vn 0.01270000 -0.99960000 0.02380000
vn 0.02490000 -0.99830000 -0.05360000
vn 0.27290000 -0.83480000 -0.47820000
vn 0.06590000 -0.99420000 -0.08540000
vn 0.03460000 -0.99820000 -0.05000000
vn 0.41820000 -0.90830000 0.01210000
vn 0.06040000 -0.99490000 0.08030000
vn 0.01290000 -0.99960000 0.02360000
vn 0.42470000 -0.90260000 -0.07040000
vn -0.02640000 -0.99900000 0.03490000
vn 0.04230000 -0.99890000 0.02090000
vn 0.03480000 -0.99810000 -0.04990000
vn 0.12690000 -0.96140000 0.24420000
vn 0.41830000 -0.90820000 0.01220000
vn 0.18590000 -0.97690000 0.10580000
vn 0.03570000 -0.99930000 0.01490000
vn 0.04230000 -0.99890000 0.02100000
vn 0.07210000 -0.99410000 -0.08140000
vn 0.03290000 -0.99580000 -0.08550000
vn 0.03710000 -0.99650000 -0.07500000
vn -0.02640000 -0.99900000 0.03490000
vn 0.03260000 -0.99950000 0.00100000
vn 0.05710000 -0.98760000 0.14600000
vn 0.07210000 -0.99410000 -0.08130000
vn 0.02440000 -0.99860000 -0.04630000
vn 0.10910000 -0.99320000 0.03970000
vn 0.09400000 -0.98560000 0.14040000
vn 0.11060000 -0.99110000 0.07400000
vn 0.03720000 -0.99650000 -0.07510000
vn 0.10150000 -0.98730000 0.12210000
vn 0.05720000 -0.98760000 0.14610000
vn -0.06390000 -0.93040000 -0.36100000
vn -0.12870000 -0.92820000 -0.34910000
vn 0.09410000 -0.98560000 0.14040000
vn -0.30850000 0.90020000 -0.30720000
vn -0.06400000 -0.93020000 -0.36130000
vn -0.46570000 -0.75340000 -0.46430000
vn -0.12870000 -0.92820000 -0.34910000
vn -0.06400000 0.93020000 -0.36130000
vn -0.07410000 0.93670000 -0.34230000
vn -0.07410000 -0.93670000 -0.34230000
vn -0.07320000 0.86820000 0.49080000
vn -0.06820000 0.87520000 0.47890000
vn -0.07610000 -0.87660000 0.47510000
vn -0.07960000 0.87550000 0.47650000
vn -0.06780000 -0.87520000 0.47890000
vn -0.06850000 -0.86950000 0.48920000
vn -0.07010000 -0.87560000 0.47790000
vn 0.02420000 -0.98900000 -0.14590000
vn -0.16510000 -0.82920000 0.53390000
vn -0.12360000 -0.91790000 0.37720000
vn 0.07310000 -0.98910000 -0.12770000
vn -0.07610000 -0.87660000 0.47510000
vn 0.07310000 -0.98910000 -0.12770000
vn -0.08670000 -0.99620000 -0.00190000
vn 0.02430000 -0.98900000 -0.14590000
vn 0.04780000 -0.99750000 -0.05250000
vn 0.04170000 -0.99840000 -0.03690000
vn -0.01300000 -0.98190000 -0.18900000
vn -0.00660000 -0.99850000 -0.05440000
vn 0.14220000 -0.97250000 -0.18450000
vn 0.05690000 -0.99780000 0.03450000
vn 0.44890000 -0.89220000 -0.04890000
vn 0.04170000 -0.99840000 -0.03690000
vn 0.02360000 -0.99080000 0.13300000
vn 0.12860000 -0.96130000 -0.24380000
vn -0.00650000 -0.99850000 -0.05450000
vn -0.01800000 -0.99980000 -0.01230000
vn 0.27290000 -0.83470000 -0.47830000
vn 0.44880000 -0.89230000 -0.04880000
vn 0.02380000 -0.99080000 0.13310000
vn 0.39080000 -0.76310000 -0.51470000
vn 0.39080000 0.76310000 -0.51460000
vn 0.14220000 0.97250000 -0.18450000
vn 0.44900000 -0.89220000 -0.04890000
vn 0.14220000 -0.97250000 -0.18450000
vn 0.39080000 -0.76310000 -0.51460000
vn 0.44900000 0.89220000 -0.04890000
vn -0.12110000 0.84570000 0.51970000
vn -0.06950000 0.86730000 0.49290000
vn -0.07190000 -0.87100000 0.48590000
vn -0.13390000 -0.81030000 0.57050000
vn -0.16650000 0.82700000 0.53710000
vn -0.11120000 0.80040000 0.58900000
vn -0.16360000 -0.82840000 0.53570000
vn 0.11070000 -0.90600000 0.40860000
vn -0.08670000 -0.99620000 -0.00190000
vn -0.16510000 -0.82920000 0.53400000
vn -0.11560000 -0.80240000 0.58550000
vn -0.16400000 -0.82410000 0.54220000
vn 0.07310000 -0.98910000 -0.12770000
vn 0.19120000 -0.96700000 0.16820000
vn 0.19480000 -0.96310000 0.18580000
vn -0.01290000 -0.98190000 -0.18920000
vn -0.08670000 -0.99620000 -0.00190000
vn 0.19120000 -0.96700000 0.16820000
vn 0.27130000 -0.95180000 -0.14320000
vn 0.27680000 -0.95280000 -0.12450000
vn 0.17810000 -0.96770000 0.17870000
vn 0.27130000 -0.95180000 -0.14310000
vn 0.28640000 -0.93310000 -0.21740000
vn -0.01300000 -0.98190000 -0.18900000
vn -0.00660000 -0.99850000 -0.05440000
vn 0.12850000 -0.96130000 -0.24370000
vn 0.27130000 0.95180000 -0.14320000
vn 0.28650000 0.93310000 -0.21740000
vn 0.27680000 0.95280000 -0.12450000
vn 0.28650000 -0.93310000 -0.21750000
vn 0.27130000 -0.95180000 -0.14310000
vn 0.27670000 -0.95290000 -0.12440000
vn -0.09360000 0.93580000 -0.33990000
vn -0.07410000 0.93670000 -0.34210000
vn -0.10670000 -0.93560000 -0.33650000
vn -0.07410000 -0.93670000 -0.34210000
vn -0.08900000 0.93200000 -0.35130000
vn -0.09390000 -0.92200000 -0.37570000
vn 0.10140000 -0.98730000 0.12210000
vn -0.10670000 -0.93560000 -0.33650000
vn -0.01260000 -0.98740000 0.15750000
vn -0.07410000 -0.93670000 -0.34230000
vn -0.10780000 -0.93490000 -0.33820000
vn -0.06400000 -0.93020000 -0.36130000
vn 0.02750000 -0.99650000 -0.07920000
vn 0.10150000 -0.98730000 0.12210000
vn -0.02280000 -0.98960000 0.14230000
vn -0.01270000 -0.98740000 0.15760000
vn 0.00100000 -0.99920000 -0.03890000
vn 0.09400000 -0.98560000 0.14040000
vn 0.02440000 -0.99860000 -0.04630000
vn 0.03710000 -0.99650000 -0.07500000
vn 0.02440000 -0.99860000 -0.04630000
vn 0.21050000 -0.97600000 -0.05640000
vn 0.03300000 -0.99580000 -0.08530000
vn 0.00110000 -0.99920000 -0.03880000
vn 0.13790000 -0.98750000 0.07680000
vn 0.12690000 -0.96140000 0.24430000
vn -0.02640000 -0.99900000 0.03500000
vn 0.26380000 -0.93900000 0.22090000
vn 0.21050000 -0.97600000 -0.05640000
vn 0.27580000 -0.94410000 0.18030000
vn 0.03300000 -0.99580000 -0.08530000
vn 0.27590000 0.94410000 0.18020000
vn 0.26380000 0.93900000 0.22080000
vn 0.26380000 -0.93900000 0.22080000
vn 0.27580000 -0.94410000 0.18030000
vn -0.09830000 -0.92300000 -0.37190000
vn -0.09250000 0.92010000 -0.38060000
vn -0.09040000 0.93480000 -0.34340000
vn -0.09300000 -0.92040000 -0.37970000
vn -0.07570000 0.91950000 -0.38580000
vn -0.09200000 -0.92270000 -0.37430000
vn 0.16720000 -0.97270000 -0.16090000
vn 0.16770000 -0.97480000 -0.14720000
vn 0.02750000 -0.99650000 -0.07920000
vn -0.10780000 -0.93490000 -0.33810000
vn -0.09450000 -0.92210000 -0.37530000
vn 0.03160000 -0.94430000 -0.32770000
vn 0.16770000 -0.97480000 -0.14720000
vn 0.17110000 -0.98030000 0.09850000
vn -0.01270000 -0.98740000 0.15760000
vn 0.22430000 -0.97450000 0.00470000
vn -0.02270000 -0.98960000 0.14240000
vn 0.10710000 -0.97890000 -0.17410000
vn 0.02750000 -0.99650000 -0.07920000
vn 0.16800000 -0.98320000 0.07110000
vn 0.17110000 -0.98030000 0.09850000
vn 0.13790000 -0.98750000 0.07680000
vn 0.00100000 -0.99920000 -0.03890000
vn -0.02280000 -0.98960000 0.14230000
vn 0.16800000 0.98320000 0.07110000
vn 0.16800000 -0.98320000 0.07110000
vn 0.17110000 0.98030000 0.09850000
vn 0.17100000 -0.98030000 0.09860000
vn 0.22430000 0.97450000 0.00470000
vn 0.22430000 -0.97450000 0.00470000
vn 0.01850000 0.99640000 -0.08330000
vn 0.05460000 0.99530000 0.08020000
vn 0.06600000 0.99420000 -0.08530000
vn 0.06020000 0.99490000 0.08050000
vn 0.04520000 0.99640000 0.07160000
vn 0.01620000 0.99960000 0.02460000
vn 0.05020000 0.99500000 0.08670000
vn 0.01290000 0.99960000 0.02360000
vn 0.11100000 0.99270000 -0.04740000
vn 0.07170000 0.98890000 -0.13000000
vn 0.06040000 0.99490000 0.08030000
vn 0.05470000 0.99530000 0.08010000
vn 0.02520000 0.99830000 -0.05310000
vn 0.07120000 0.98810000 -0.13650000
vn 0.01980000 0.99620000 -0.08430000
vn 0.07870000 0.99680000 0.01250000
vn 0.04230000 0.99890000 0.02100000
vn 0.07810000 0.99690000 -0.00440000
vn 0.03470000 0.99810000 -0.04990000
vn 0.06600000 0.99420000 -0.08530000
vn 0.07710000 0.99700000 -0.00600000
vn 0.10880000 0.99290000 -0.04810000
vn 0.05570000 0.99660000 -0.06000000
vn 0.10930000 0.99230000 -0.05800000
vn 0.02490000 0.99830000 -0.05350000
vn 0.04480000 0.99900000 -0.00840000
vn 0.04470000 0.99900000 -0.00850000
vn 0.42460000 0.90260000 -0.07030000
vn 0.38190000 0.91990000 -0.08920000
vn 0.02490000 0.99830000 -0.05360000
vn -0.01830000 0.99980000 -0.01250000
vn 0.27300000 0.83480000 -0.47810000
vn 0.01260000 0.99960000 0.02390000
vn 0.06020000 0.99490000 0.08050000
vn 0.06600000 0.99420000 -0.08540000
vn 0.01270000 0.99960000 0.02380000
vn 0.03460000 0.99820000 -0.05000000
vn 0.42470000 0.90260000 -0.07040000
vn 0.41820000 0.90830000 0.01210000
vn 0.18590000 0.97690000 0.10580000
vn 0.04230000 0.99890000 0.02100000
vn 0.03470000 0.99810000 -0.04990000
vn 0.12690000 0.96140000 0.24420000
vn -0.02650000 0.99900000 0.03460000
vn 0.41830000 0.90820000 0.01220000
vn 0.19900000 0.96520000 0.16950000
vn -0.16460000 0.82700000 0.53760000
vn -0.11310000 0.79960000 0.58980000
vn -0.16560000 0.83030000 0.53210000
vn -0.08670000 0.99620000 -0.00190000
vn 0.19950000 0.96420000 0.17450000
vn 0.11240000 0.90670000 0.40660000
vn 0.07310000 0.98910000 -0.12770000
vn 0.19950000 0.96420000 0.17450000
vn 0.17370000 0.96610000 0.19120000
vn -0.08670000 0.99620000 -0.00190000
vn 0.27680000 0.95280000 -0.12450000
vn -0.01290000 0.98190000 -0.18920000
vn 0.27130000 0.95180000 -0.14320000
vn 0.44890000 0.89220000 -0.04890000
vn 0.12850000 0.96130000 -0.24370000
vn 0.05690000 0.99780000 0.03450000
vn -0.00660000 0.99850000 -0.05450000
vn 0.04170000 0.99840000 -0.03690000
vn 0.14220000 0.97250000 -0.18450000
vn 0.02340000 0.99090000 0.13290000
vn 0.39080000 0.76310000 -0.51470000
vn 0.44880000 0.89230000 -0.04880000
vn -0.01830000 0.99980000 -0.01250000
vn 0.02360000 0.99080000 0.13300000
vn 0.27290000 0.83470000 -0.47830000
vn 0.07780000 0.99700000 -0.00430000
vn 0.03560000 0.99930000 0.01500000
vn 0.08920000 0.99580000 0.02170000
vn 0.08610000 0.99620000 -0.00860000
vn 0.03260000 0.99950000 0.00110000
vn 0.07850000 0.99690000 -0.00710000
vn 0.08220000 0.99660000 0.01040000
vn 0.08570000 0.99630000 -0.00010000
vn 0.10920000 0.99320000 0.03980000
vn 0.13450000 0.99070000 0.02100000
vn 0.04990000 0.99820000 0.03320000
vn 0.07210000 0.99410000 -0.08140000
vn 0.08610000 0.99620000 -0.00860000
vn 0.12750000 0.99110000 0.03810000
vn 0.03260000 0.99950000 0.00100000
vn -0.06390000 0.93030000 -0.36120000
vn -0.30850000 0.90020000 -0.30720000
vn -0.13010000 0.92650000 -0.35300000
vn 0.10150000 0.98730000 0.12210000
vn 0.05720000 0.98760000 0.14610000
vn 0.07670000 0.92080000 -0.38250000
vn 0.09400000 0.98560000 0.14040000
vn -0.11450000 0.92910000 -0.35160000
vn -0.01260000 0.98740000 0.15750000
vn 0.10150000 0.98730000 0.12210000
vn -0.07410000 0.93670000 -0.34210000
vn 0.02750000 0.99650000 -0.07920000
vn -0.09360000 0.93580000 -0.33990000
vn -0.06390000 0.93030000 -0.36120000
vn 0.02440000 0.99860000 -0.04630000
vn 0.09400000 0.98560000 0.14040000
vn 0.11050000 0.99110000 0.07400000
vn 0.03720000 0.99650000 -0.07510000
vn 0.05710000 0.98760000 0.14600000
vn 0.10900000 0.99320000 0.03970000
vn 0.07210000 0.99410000 -0.08130000
vn 0.09410000 0.98560000 0.14040000
vn 0.00090000 0.99920000 -0.03890000
vn -0.02290000 0.98960000 0.14230000
vn 0.02440000 0.99860000 -0.04630000
vn 0.10150000 0.98730000 0.12210000
vn -0.01260000 0.98740000 0.15750000
vn 0.21050000 0.97600000 -0.05640000
vn 0.02430000 0.99860000 -0.04620000
vn 0.00110000 0.99920000 -0.03880000
vn 0.03300000 0.99580000 -0.08530000
vn 0.13790000 0.98750000 0.07680000
vn 0.03710000 0.99650000 -0.07500000
vn 0.21050000 0.97600000 -0.05640000
vn 0.12690000 0.96140000 0.24420000
vn 0.26380000 0.93900000 0.22080000
vn 0.03300000 0.99580000 -0.08530000
vn -0.02640000 0.99900000 0.03500000
vn 0.27580000 0.94410000 0.18030000
vn -0.02640000 0.99900000 0.03500000
vn 0.03300000 0.99580000 -0.08530000
vn 0.03710000 0.99650000 -0.07500000
vn 0.03260000 0.99950000 0.00100000
vn 0.03560000 0.99930000 0.01500000
vn 0.07210000 0.99410000 -0.08140000
vn 0.12850000 0.96130000 -0.24370000
vn 0.27130000 0.95180000 -0.14320000
vn -0.01300000 0.98190000 -0.18900000
vn -0.00660000 0.99850000 -0.05440000
vn 0.28640000 0.93310000 -0.21740000
vn -0.12000000 0.91870000 0.37620000
vn 0.04590000 0.99760000 -0.05280000
vn -0.12570000 0.91710000 0.37830000
vn 0.02420000 0.98900000 -0.14590000
vn -0.10500000 0.88940000 0.44490000
vn 0.07590000 0.99460000 0.07030000
vn 0.04770000 0.99750000 -0.05250000
vn 0.08460000 0.99570000 0.03680000
vn 0.05690000 0.99780000 0.03450000
vn 0.04170000 0.99840000 -0.03690000
vn 0.04330000 0.99700000 -0.06370000
vn 0.05230000 0.99770000 -0.04320000
vn 0.05570000 0.99660000 -0.06000000
vn 0.07790000 0.99680000 0.01730000
vn 0.05720000 0.99710000 -0.05050000
vn 0.02360000 0.99080000 0.13300000
vn -0.01830000 0.99980000 -0.01250000
vn 0.05690000 0.99780000 0.03450000
vn 0.08460000 0.99570000 0.03680000
vn 0.04480000 0.99900000 -0.00840000
vn 0.02420000 0.98900000 -0.14590000
vn -0.07960000 0.87550000 0.47650000
vn -0.06840000 0.87520000 0.47890000
vn -0.12410000 0.91780000 0.37710000
vn 0.07310000 0.98910000 -0.12770000
vn -0.16450000 0.82700000 0.53750000
vn -0.08670000 0.99620000 -0.00190000
vn -0.00660000 0.99850000 -0.05440000
vn 0.04780000 0.99750000 -0.05250000
vn -0.01300000 0.98190000 -0.18900000
vn 0.07310000 0.98910000 -0.12770000
vn 0.04170000 0.99840000 -0.03690000
vn 0.02430000 0.98900000 -0.14590000
vn -0.11450000 0.92910000 -0.35160000
vn -0.10960000 0.92280000 -0.36930000
vn -0.07100000 0.92270000 -0.37900000
vn 0.03270000 0.94530000 -0.32470000
vn 0.16710000 0.97260000 -0.16180000
vn 0.02750000 0.99650000 -0.07920000
vn 0.16760000 0.97490000 -0.14670000
vn 0.17090000 0.98030000 0.09860000
vn 0.22420000 0.97450000 0.00480000
vn -0.01270000 0.98740000 0.15760000
vn 0.16760000 0.97490000 -0.14670000
vn -0.02270000 0.98960000 0.14240000
vn 0.02750000 0.99650000 -0.07920000
vn 0.10740000 0.97930000 -0.17170000
vn 0.13790000 0.98750000 0.07680000
vn 0.16810000 0.98320000 0.07110000
vn 0.00100000 0.99920000 -0.03890000
vn 0.17110000 0.98030000 0.09850000
vn -0.02280000 0.98960000 0.14230000
vn -0.13390000 -0.81030000 0.57050000
vn 0.11180000 -0.90570000 0.40900000
vn -0.07950000 -0.86370000 0.49770000
vn -0.12110000 0.84570000 0.51970000
vn 0.11050000 0.90580000 0.40910000
vn 0.10500000 -0.90650000 0.40900000
vn 0.03020000 0.94770000 -0.31780000
vn 0.04260000 0.94590000 -0.32180000
vn -0.09840000 -0.92300000 -0.37190000
vn 0.04070000 -0.94620000 -0.32100000
vn 0.02790000 -0.94760000 -0.31830000
vn -0.09040000 0.93480000 -0.34340000
vn -0.11570000 -0.80280000 0.58490000
vn -0.07950000 -0.86370000 0.49760000
vn -0.16400000 -0.82410000 0.54220000
vn -0.16360000 -0.82830000 0.53580000
vn -0.13390000 -0.81030000 0.57050000
vn -0.11560000 -0.80250000 0.58530000
vn -0.07950000 -0.86370000 0.49770000
vn 0.11070000 -0.90590000 0.40870000
vn 0.10500000 -0.90650000 0.40900000
vn 0.10500000 -0.90650000 0.40900000
vn 0.19480000 -0.96310000 0.18580000
vn 0.11180000 -0.90570000 0.40900000
vn 0.19550000 -0.96300000 0.18570000
vn -0.06960000 0.86730000 0.49280000
vn -0.07190000 -0.87100000 0.48610000
vn -0.16360000 -0.82840000 0.53570000
vn -0.06860000 -0.86950000 0.48920000
vn -0.16510000 -0.82920000 0.53390000
vn -0.07610000 -0.87660000 0.47510000
vn -0.16400000 -0.82410000 0.54210000
vn 0.17810000 -0.96770000 0.17860000
vn 0.19480000 -0.96310000 0.18580000
vn 0.17640000 -0.96320000 0.20290000
vn 0.19120000 -0.96700000 0.16820000
vn 0.19550000 -0.96300000 0.18570000
vn 0.17220000 0.96410000 0.20210000
vn 0.17610000 -0.96290000 0.20450000
vn -0.11310000 0.79980000 0.58960000
vn -0.16660000 0.82700000 0.53690000
vn -0.16560000 0.83030000 0.53210000
vn -0.12100000 0.84570000 0.51970000
vn 0.11210000 0.90560000 0.40900000
vn -0.11310000 0.79960000 0.58980000
vn 0.11040000 0.90580000 0.40910000
vn 0.19900000 0.96520000 0.16950000
vn 0.20130000 0.96450000 0.17080000
vn 0.20130000 0.96450000 0.17090000
vn 0.17370000 0.96610000 0.19120000
vn 0.19900000 0.96520000 0.16950000
vn 0.17210000 0.96410000 0.20210000
vn -0.07960000 0.87550000 0.47650000
vn -0.16560000 0.83030000 0.53210000
vn -0.16650000 0.82700000 0.53710000
vn -0.16450000 0.82700000 0.53750000
vn -0.07320000 0.86820000 0.49080000
vn -0.09300000 -0.92040000 -0.37970000
vn -0.09210000 -0.92270000 -0.37420000
vn -0.09830000 -0.92300000 -0.37190000
vn -0.09450000 -0.91950000 -0.38150000
vn 0.03160000 -0.94430000 -0.32770000
vn 0.02790000 -0.94760000 -0.31830000
vn -0.09200000 -0.92270000 -0.37430000
vn -0.10780000 -0.93490000 -0.33810000
vn -0.10670000 -0.93560000 -0.33650000
vn -0.09450000 -0.92240000 -0.37450000
vn -0.09450000 -0.92210000 -0.37530000
vn -0.09260000 0.92010000 -0.38060000
vn -0.09390000 -0.92200000 -0.37570000
vn -0.09450000 -0.92240000 -0.37450000
vn -0.08900000 0.93200000 -0.35130000
vn -0.10270000 0.93140000 -0.34910000
vn 0.02790000 -0.94760000 -0.31830000
vn 0.16730000 -0.97290000 -0.15950000
vn 0.03150000 -0.94430000 -0.32760000
vn 0.04070000 -0.94620000 -0.32100000
vn 0.16770000 -0.97480000 -0.14720000
vn 0.10700000 -0.97890000 -0.17380000
vn 0.16720000 -0.97270000 -0.16090000
vn 0.10660000 0.97820000 -0.17840000
vn 0.10710000 -0.97900000 -0.17320000
vn 0.10750000 0.97890000 -0.17380000
vn 0.16710000 0.97260000 -0.16180000
vn 0.03020000 0.94770000 -0.31780000
vn 0.04260000 0.94590000 -0.32180000
vn -0.07580000 0.91950000 -0.38580000
vn -0.07100000 0.92270000 -0.37900000
vn -0.09050000 0.93480000 -0.34340000
vn 0.03270000 0.94520000 -0.32470000
vn 0.16680000 0.97290000 -0.15980000
vn 0.16760000 0.97490000 -0.14670000
vn 0.10730000 0.97930000 -0.17170000
vn 0.10660000 0.97820000 -0.17840000
vn -0.09260000 0.92010000 -0.38060000
vn -0.07100000 0.92270000 -0.37890000
vn -0.10270000 0.93140000 -0.34910000
vn -0.07570000 0.91950000 -0.38580000
vn -0.10960000 0.92280000 -0.36930000
vn -0.10960000 0.92280000 -0.36930000
vn -0.11450000 0.92910000 -0.35160000
vn -0.08900000 0.93200000 -0.35130000
vn -0.09360000 0.93580000 -0.33990000
vn -0.10270000 0.93140000 -0.34910000
vn 0.07850000 -0.99690000 -0.00710000
vn -0.98780000 -0.00000000 -0.15600000
vn -0.96470000 -0.15720000 -0.21140000
vn 0.07780000 -0.99700000 -0.00430000
vn 0.04990000 -0.99820000 0.03310000
vn -0.96530000 -0.16030000 -0.20610000
vn -0.96360000 -0.15910000 -0.21470000
vn 0.13450000 -0.99070000 0.02100000
vn -0.96530000 -0.16030000 -0.20610000
vn -0.94830000 -0.16660000 -0.27020000
vn 0.12770000 -0.99110000 0.03810000
vn 0.13450000 -0.99070000 0.02100000
vn 0.12750000 -0.99110000 0.03810000
vn 0.07850000 -0.99690000 -0.00710000
vn -0.96470000 -0.15720000 -0.21140000
vn -0.94830000 -0.16650000 -0.27020000
vn 0.08610000 -0.99620000 -0.00860000
vn 0.10910000 -0.99320000 0.03970000
vn 0.11330000 -0.99130000 0.06640000
vn -0.96360000 -0.15910000 -0.21470000
vn -0.94300000 -0.10540000 -0.31560000
vn 0.04980000 -0.99820000 0.03300000
vn 0.08570000 -0.99630000 -0.00010000
vn -0.98780000 -0.00000000 -0.15600000
vn -1.00000000 -0.00000000 -0.00000000
vn 0.07780000 -0.99700000 -0.00430000
vn -0.99630000 -0.00000000 -0.08540000
vn 0.08910000 -0.99580000 0.02170000
vn -1.00000000 -0.00000000 -0.00000000
vn 0.08560000 -0.99630000 -0.00010000
vn -0.99630000 -0.00000000 -0.08540000
vn 0.08560000 0.99630000 -0.00010000
vn -1.00000000 -0.00000000 -0.00000000
vn 0.08910000 0.99580000 0.02170000
vn 0.08570000 0.99630000 -0.00010000
vn -1.00000000 -0.00000000 -0.00000000
vn 0.07780000 0.99700000 -0.00430000
vn -0.98780000 -0.00000000 -0.15600000
vn 0.07850000 0.99690000 -0.00710000
vn 0.07780000 0.99700000 -0.00430000
vn -0.98750000 -0.00000000 -0.15780000
vn -0.96470000 0.15730000 -0.21130000
vn -0.07080000 -0.87610000 0.47680000
vn -0.30090000 -0.00000000 0.95370000
vn -0.07140000 0.87610000 0.47680000
vn -0.30090000 -0.00000000 0.95370000
vn -0.07090000 -0.87610000 0.47680000
vn -0.51210000 -0.00000000 0.85890000
vn -0.07120000 0.87610000 0.47680000
vn -0.51200000 -0.00000000 0.85900000
vn -0.30090000 -0.00000000 0.95370000
vn -0.52020000 -0.00000000 0.85400000
vn -0.50920000 -0.00000000 0.86060000
vn -0.12310000 0.91710000 0.37920000
vn -0.12570000 0.91710000 0.37830000
vn -0.60780000 0.25600000 0.75170000
vn -0.60780000 0.25600000 0.75170000
vn -0.12410000 0.91730000 0.37840000
vn -0.76620000 0.22020000 0.60370000
vn -0.52020000 -0.00000000 0.85400000
vn -0.51540000 -0.00000000 0.85690000
vn -0.12570000 -0.91710000 0.37830000
vn -0.11960000 -0.91880000 0.37630000
vn -0.52030000 -0.00000000 0.85400000
vn -0.51550000 -0.00000000 0.85690000
vn -0.12570000 0.91710000 0.37820000
vn -0.11990000 0.91870000 0.37620000
vn -0.12570000 -0.91710000 0.37830000
vn -0.52020000 -0.00000000 0.85400000
vn -0.60780000 -0.25600000 0.75170000
vn -0.50920000 -0.00000000 0.86060000
vn -0.12320000 -0.91710000 0.37930000
vn -0.51540000 -0.00000000 0.85690000
vn -0.51200000 -0.00000000 0.85900000
vn -0.12370000 -0.91790000 0.37720000
vn -0.07020000 -0.87560000 0.47790000
vn -0.12000000 0.91870000 0.37620000
vn -0.51550000 -0.00000000 0.85690000
vn -0.51210000 -0.00000000 0.85890000
vn -0.07040000 0.87560000 0.47780000
vn -0.60780000 -0.25600000 0.75170000
vn -0.12320000 -0.91710000 0.37930000
vn -0.76620000 -0.22020000 0.60370000
vn 0.04340000 0.99700000 -0.06360000
vn -0.76080000 0.22860000 0.60740000
vn 0.05240000 0.99770000 -0.04310000
vn -0.83910000 -0.00000000 0.54400000
vn -0.83530000 -0.00000000 0.54980000
vn 0.05240000 0.99770000 -0.04310000
vn -0.76170000 0.22580000 0.60730000
vn 0.04590000 0.99760000 -0.05280000
vn -0.10500000 0.88940000 0.44490000
vn -0.12410000 0.91730000 0.37840000
vn -0.76080000 0.22850000 0.60740000
vn -0.10500000 0.88940000 0.44490000
vn -0.76620000 0.22010000 0.60370000
vn -0.76080000 -0.22850000 0.60740000
vn 0.05230000 -0.99770000 -0.04330000
vn 0.04330000 -0.99700000 -0.06370000
vn -0.83910000 -0.00000000 0.54400000
vn -0.83530000 -0.00000000 0.54980000
vn 0.04330000 -0.99700000 -0.06370000
vn 0.07570000 -0.99430000 0.07500000
vn -0.83530000 -0.00000000 0.54980000
vn 0.15980000 -0.98670000 0.03120000
vn -0.82860000 -0.00000000 0.55980000
vn -0.82860000 -0.00000000 0.55990000
vn 0.15980000 0.98670000 0.03120000
vn 0.07570000 0.99430000 0.07490000
vn 0.04330000 0.99700000 -0.06370000
vn -0.83530000 -0.00000000 0.54980000
vn 0.15980000 -0.98670000 0.03110000
vn -0.82860000 -0.00000000 0.55980000
vn -0.91190000 -0.00000000 0.41030000
vn 0.15980000 0.98670000 0.03120000
vn -0.82860000 -0.00000000 0.55980000
vn -0.91190000 -0.00000000 0.41030000
vn -0.76170000 -0.22580000 0.60730000
vn 0.04580000 -0.99750000 -0.05300000
vn 0.05230000 -0.99770000 -0.04320000
vn -0.10500000 -0.88940000 0.44490000
vn -0.76080000 -0.22850000 0.60740000
vn -0.76620000 -0.22010000 0.60370000
vn -0.12410000 -0.91730000 0.37840000
vn -0.10500000 -0.88940000 0.44490000
vn -0.95830000 0.16230000 0.23510000
vn -0.92240000 0.17550000 0.34400000
vn 0.11160000 0.99230000 -0.05460000
vn 0.10930000 0.99230000 -0.05800000
vn -0.92240000 0.17540000 0.34400000
vn 0.11160000 0.99230000 -0.05460000
vn 0.05600000 0.99660000 -0.05980000
vn -0.92060000 0.16540000 0.35380000
vn 0.05750000 0.99710000 -0.05030000
vn 0.07790000 0.99680000 0.01730000
vn 0.05720000 0.99710000 -0.05050000
vn -0.92060000 0.16540000 0.35380000
vn -0.92000000 0.15880000 0.35830000
vn 0.07600000 0.99460000 0.07040000
vn 0.07790000 0.99680000 0.01730000
vn -0.92100000 0.17870000 0.34610000
vn -0.92000000 0.15890000 0.35830000
vn 0.08470000 0.99570000 0.03680000
vn 0.15990000 0.98660000 0.03130000
vn 0.07600000 0.99460000 0.07040000
vn -0.92100000 0.17870000 0.34610000
vn -0.90970000 -0.00000000 0.41520000
vn 0.07580000 0.99430000 0.07500000
vn -0.91190000 -0.00000000 0.41040000
vn 0.15980000 -0.98670000 0.03120000
vn -0.92100000 -0.17870000 0.34610000
vn -0.90970000 -0.00000000 0.41520000
vn 0.07590000 -0.99460000 0.07020000
vn -0.91190000 -0.00000000 0.41040000
vn 0.07850000 -0.99680000 0.01760000
vn -0.92060000 -0.16540000 0.35380000
vn -0.92000000 -0.15880000 0.35830000
vn 0.05780000 -0.99710000 -0.05020000
vn 0.08530000 -0.99570000 0.03710000
vn 0.07850000 -0.99680000 0.01760000
vn -0.92110000 -0.17860000 0.34610000
vn 0.07590000 -0.99460000 0.07030000
vn -0.92000000 -0.15880000 0.35830000
vn 0.05780000 -0.99710000 -0.05020000
vn 0.11160000 -0.99230000 -0.05460000
vn -0.92060000 -0.16540000 0.35380000
vn -0.92240000 -0.17540000 0.34400000
vn 0.05630000 -0.99660000 -0.05970000
vn 0.11160000 -0.99230000 -0.05460000
vn -0.92240000 -0.17540000 0.34400000
vn 0.10930000 -0.99230000 -0.05800000
vn -0.95830000 -0.16230000 0.23510000
vn 0.07700000 0.99700000 -0.00600000
vn -0.98710000 0.15510000 -0.04060000
vn 0.07870000 0.99680000 0.01250000
vn 0.07700000 0.99700000 -0.00600000
vn -0.98640000 0.15390000 0.05780000
vn -0.98650000 0.15950000 -0.03570000
vn 0.07800000 0.99690000 -0.00440000
vn 0.08910000 0.99580000 0.02170000
vn -0.98710000 0.15510000 -0.04060000
vn 0.08210000 0.99660000 0.01050000
vn -0.99620000 -0.00000000 -0.08660000
vn -0.97970000 -0.00000000 0.20030000
vn 0.07120000 0.98810000 -0.13650000
vn 0.07180000 0.98890000 -0.13000000
vn -0.96200000 0.14340000 0.23230000
vn -0.98210000 -0.00000000 0.18840000
vn -0.96200000 0.14330000 0.23230000
vn 0.07110000 0.98810000 -0.13650000
vn 0.11100000 0.99270000 -0.04740000
vn -0.95650000 0.16550000 0.24020000
vn 0.10930000 0.99230000 -0.05800000
vn 0.11100000 0.99270000 -0.04730000
vn -0.95830000 0.16230000 0.23510000
vn -0.95650000 0.16550000 0.24020000
vn -0.98640000 0.15390000 0.05780000
vn 0.01840000 0.99640000 -0.08330000
vn 0.07810000 0.99690000 -0.00440000
vn -0.98670000 0.15510000 0.04890000
vn 0.04520000 0.99640000 0.07160000
vn 0.01620000 0.99960000 0.02460000
vn -0.98610000 0.15940000 0.04640000
vn -0.98670000 0.15510000 0.04890000
vn 0.01630000 0.99960000 0.02450000
vn 0.01840000 0.99640000 -0.08330000
vn -0.98670000 0.15540000 0.04800000
vn 0.04530000 0.99640000 0.07150000
vn 0.05190000 0.99520000 0.08330000
vn -0.99530000 -0.00000000 0.09710000
vn -0.99590000 -0.00000000 0.08990000
vn 0.04540000 -0.99640000 0.07150000
vn -0.98670000 -0.15530000 0.04800000
vn -0.99590000 -0.00000000 0.08990000
vn 0.05190000 -0.99520000 0.08330000
vn -0.99530000 -0.00000000 0.09710000
vn 0.05010000 -0.99500000 0.08680000
vn -0.99600000 -0.00000000 0.08990000
vn 0.05190000 -0.99520000 0.08330000
vn -0.98180000 -0.00000000 0.19010000
vn -0.99600000 -0.00000000 0.08990000
vn 0.05190000 0.99520000 0.08330000
vn -0.98180000 -0.00000000 0.19010000
vn 0.05010000 0.99500000 0.08680000
vn 0.05020000 -0.99500000 0.08670000
vn -0.97970000 -0.00000000 0.20030000
vn -0.98180000 -0.00000000 0.19010000
vn 0.07190000 -0.98890000 -0.12980000
vn 0.07120000 -0.98810000 -0.13640000
vn -0.96200000 -0.14330000 0.23230000
vn -0.97970000 -0.00000000 0.20020000
vn 0.07180000 -0.98890000 -0.13000000
vn -0.98210000 -0.00000000 0.18840000
vn 0.05010000 0.99500000 0.08680000
vn 0.07180000 0.98890000 -0.12990000
vn -0.97970000 -0.00000000 0.20030000
vn -0.98170000 -0.00000000 0.19020000
vn -0.96200000 -0.14330000 0.23230000
vn 0.10870000 -0.99300000 -0.04670000
vn 0.07120000 -0.98810000 -0.13650000
vn -0.95650000 -0.16550000 0.24020000
vn 0.10860000 -0.99300000 -0.04670000
vn -0.95830000 -0.16230000 0.23510000
vn -0.95650000 -0.16540000 0.24020000
vn 0.10930000 -0.99230000 -0.05800000
vn -0.99620000 -0.00000000 -0.08660000
vn 0.08920000 -0.99580000 0.02170000
vn -0.98710000 -0.15510000 -0.04060000
vn 0.08220000 -0.99660000 0.01040000
vn -0.98710000 -0.15520000 -0.04060000
vn 0.07700000 -0.99700000 -0.00600000
vn 0.07870000 -0.99680000 0.01250000
vn -0.98650000 -0.15950000 -0.03570000
vn 0.07700000 -0.99700000 -0.00600000
vn 0.07800000 -0.99690000 -0.00440000
vn -0.98640000 -0.15380000 0.05780000
vn -0.98610000 -0.15940000 0.04640000
vn 0.01630000 -0.99960000 0.02460000
vn 0.01850000 -0.99640000 -0.08330000
vn 0.01630000 -0.99960000 0.02460000
vn -0.98610000 -0.15940000 0.04640000
vn 0.04530000 -0.99640000 0.07150000
vn 0.07810000 -0.99690000 -0.00440000
vn -0.98640000 -0.15390000 0.05780000
vn 0.01970000 -0.99620000 -0.08430000
vn -0.98670000 -0.15510000 0.04890000
vn 0.13450000 0.99070000 0.02100000
vn -0.96360000 0.15910000 -0.21470000
vn -0.96530000 0.16030000 -0.20610000
vn 0.04990000 0.99820000 0.03310000
vn -0.94830000 0.16660000 -0.27020000
vn 0.13450000 0.99070000 0.02100000
vn 0.12770000 0.99110000 0.03810000
vn -0.96530000 0.16030000 -0.20610000
vn 0.08620000 0.99620000 -0.00860000
vn -0.94830000 0.16650000 -0.27020000
vn 0.07850000 0.99690000 -0.00710000
vn -0.96470000 0.15720000 -0.21140000
vn 0.12750000 0.99110000 0.03810000
vn 0.11330000 0.99130000 0.06640000
vn 0.04980000 0.99820000 0.03300000
vn 0.10910000 0.99320000 0.03970000
vn -0.94300000 0.10540000 -0.31560000
vn -0.96360000 0.15920000 -0.21470000
vn -0.30860000 0.90020000 -0.30720000
vn 0.07660000 0.92080000 -0.38250000
vn -0.00000000 -0.00000000 1.00000000
vn -0.00030000 -0.00110000 1.00000000
vn -0.46580000 -0.75330000 -0.46430000
vn -0.70380000 -0.57600000 -0.41580000
vn 0.35500000 -0.92860000 -0.10800000
vn 0.00070000 -0.00830000 1.00000000
vn -0.85330000 -0.12850000 -0.50530000
vn -0.41630000 0.90820000 0.04360000
vn 0.07670000 0.92080000 -0.38250000
vn -0.85420000 0.12970000 -0.50350000
vn -0.13040000 0.92840000 -0.34800000
vn -0.70860000 -0.56680000 -0.42030000
vn -0.85420000 0.12980000 -0.50350000
vn -0.13010000 0.92650000 -0.35300000
vn -0.90340000 0.20200000 -0.37820000
vn -0.90340000 0.20200000 -0.37820000
vn 0.05710000 0.98760000 0.14600000
vn -0.13010000 0.92650000 -0.35300000
vn 0.11060000 0.99110000 0.07400000
vn -0.94300000 0.10540000 -0.31560000
vn 0.11330000 0.99130000 0.06640000
vn -0.94290000 0.10390000 -0.31630000
vn -0.90020000 0.20440000 -0.38450000
vn -0.90020000 -0.20440000 -0.38450000
vn 0.11330000 -0.99130000 0.06640000
vn -0.94300000 -0.10540000 -0.31560000
vn -0.94290000 -0.10390000 -0.31630000
vn 0.35510000 -0.92860000 -0.10790000
vn -0.00040000 -0.00180000 1.00000000
vn -0.15730000 -0.91960000 -0.36010000
vn -0.41490000 0.90870000 0.04550000
vn -0.85330000 -0.12850000 -0.50530000
vn -0.15730000 -0.91960000 -0.36010000
vn -0.41610000 0.90810000 0.04620000
vn -0.90340000 -0.20200000 -0.37820000
vn -0.46570000 -0.75340000 -0.46430000
vn 0.35510000 -0.92860000 -0.10790000
vn 0.11060000 -0.99110000 0.07400000
vn 0.05710000 -0.98760000 0.14600000
vn -0.12860000 -0.92820000 -0.34910000
vn -0.90020000 -0.20430000 -0.38450000
vn -0.15730000 -0.91960000 -0.36010000
vt 0.00000000 0.00000000
vt 0.00000000 0.00000000
vt 0.00000000 0.00000000
vt 0.00000000 0.00000000
vt 0.00000000 0.00000000
vt 0.00000000 0.00000000
vt 0.00000000 0.00000000
vt 0.00000000 0.00000000
vt 0.00000000 0.00000000
vt 0.00000000 0.00000000
vt 0.00000000 0.00000000
vt 0.00000000 0.00000000
vt 0.00000000 0.00000000
vt 0.00000000 0.00000000
vt 0.00000000 0.00000000
vt 0.00000000 0.00000000
vt 0.00000000 0.00000000
vt 0.00000000 0.00000000
vt 0.00000000 0.00000000
vt 0.00000000 0.00000000
vt 0.00000000 0.00000000
vt 0.00000000 0.00000000
vt 0.00000000 0.00000000
vt 0.00000000 0.00000000
vt 0.00000000 0.00000000
vt 0.00000000 0.00000000
vt 0.00000000 0.00000000
vt 0.00000000 0.00000000
vt 0.00000000 0.00000000
vt 0.00000000 0.00000000
vt 0.00000000 0.00000000
vt 0.00000000 0.00000000
vt 0.00000000 0.00000000
vt 0.00000000 0.00000000
vt 0.00000000 0.00000000
vt 0.00000000 0.00000000
vt 0.00000000 0.00000000
vt 0.00000000 0.00000000
vt 0.00000000 0.00000000
vt 0.00000000 0.00000000
vt 0.00000000 0.00000000
vt 0.00000000 0.00000000
vt 0.00000000 0.00000000
vt 0.00000000 0.00000000
vt 0.00000000 0.00000000
vt 0.00000000 0.00000000
vt 0.00000000 0.00000000
vt 0.00000000 0.00000000
vt 0.00000000 0.00000000
vt 0.00000000 0.00000000
vt 0.00000000 0.00000000
vt 0.16110100 0.27750200
vt 0.16110100 0.27750200
vt 0.16110100 0.27750200
vt 0.16110100 0.27750200
vt 0.16110100 0.27750200
vt 0.16110100 0.27750200
vt 0.16110100 0.27750200
vt 0.16110100 0.27750200
vt 0.14972800 0.29769400
vt 0.14972800 0.29769400
vt 0.14972800 0.29769400
vt 0.14972800 0.29769400
vt 0.14972800 0.29769400
vt 0.14972800 0.29769400
vt 0.13595900 0.31759400
vt 0.13595900 0.31759400
vt 0.13595900 0.31759400
vt 0.13595900 0.31759400
vt 0.13595900 0.31759400
vt 0.13595900 0.31759400
vt 0.13595900 0.31759400
vt 0.13595900 0.31759400
vt 0.17269600 0.26173500
vt 0.17269600 0.26173500
vt 0.17269600 0.26173500
vt 0.17269600 0.26173500
vt 0.17269600 0.26173500
vt 0.12384500 0.24913400
vt 0.22316500 0.14543300
vt 0.12384500 0.24913400
vt 0.22316500 0.14543300
vt 0.22316500 0.14543300
vt 0.12384500 0.24913400
vt 0.11517000 0.27008400
vt 0.11517000 0.27008400
vt 0.24366400 0.13586300
vt 0.24366400 0.13586300
vt 0.11517000 0.27008400
vt 0.24366400 0.13586300
vt 0.24366400 0.13586300
vt 0.11517000 0.27008400
vt 0.09348700 0.28068600
vt 0.25326600 0.11374100
vt 0.25326600 0.11374100
vt 0.09348700 0.28068600
vt 0.09348700 0.28068600
vt 0.25326600 0.11374100
vt 0.11415800 0.20325200
vt 0.17695200 0.13773200
vt 0.11415800 0.20325200
vt 0.17695200 0.13773200
vt 0.17695200 0.13773200
vt 0.11415800 0.20325200
vt 0.13829700 0.16351300
vt 0.13829700 0.16351300
vt 0.13829700 0.16351300
vt 0.13829700 0.16351300
vt 0.13829700 0.16351300
vt 0.13829700 0.16351300
vt 0.12375400 0.33849800
vt 0.12375400 0.33849800
vt 0.12375400 0.33849800
vt 0.12375400 0.33849800
vt 0.12375400 0.33849800
vt 0.12375400 0.33849800
vt 0.12375400 0.33849800
vt 0.12375400 0.33849800
vt 0.11398500 0.35798200
vt 0.11398500 0.35798200
vt 0.11398500 0.35798200
vt 0.11398500 0.35798200
vt 0.11398500 0.35798200
vt 0.11398500 0.35798200
vt 0.11398500 0.35798200
vt 0.26389300 0.07598300
vt 0.26389300 0.07598300
vt 0.05622500 0.29296000
vt 0.05622500 0.29296000
vt 0.05622500 0.29296000
vt 0.05622500 0.29296000
vt 0.26389300 0.07598300
vt 0.26389300 0.07598300
vt 0.00355400 0.33990000
vt 0.30850900 0.02146200
vt 0.00355400 0.33990000
vt 0.30850900 0.02146200
vt 0.30850900 0.02146200
vt 0.12442000 0.16207600
vt 0.13628700 0.14972300
vt 0.13628700 0.14972300
vt 0.13628700 0.14972300
vt 0.12442000 0.16207600
vt 0.12442000 0.16207600
vt 0.32723600 0.02825900
vt 0.01114200 0.35838100
vt 0.32723600 0.02825900
vt 0.32723600 0.02825900
vt 0.01114200 0.35838100
vt 0.01114200 0.35838100
vt 0.17189500 0.21624200
vt 0.17189500 0.21624200
vt 0.17189500 0.21624200
vt 0.17189500 0.21624200
vt 0.17189500 0.21624200
vt 0.16234500 0.22729400
vt 0.16234500 0.22729400
vt 0.16234500 0.22729400
vt 0.16234500 0.22729400
vt 0.16234500 0.22729400
vt 0.16234500 0.22729400
vt 0.16234500 0.22729400
vt 0.15104400 0.23923900
vt 0.15104400 0.23923900
vt 0.15104400 0.23923900
vt 0.15104400 0.23923900
vt 0.15104400 0.23923900
vt 0.15104400 0.23923900
vt 0.15104400 0.23923900
vt 0.15104400 0.23923900
vt 0.13779700 0.25516500
vt 0.13779700 0.25516500
vt 0.13779700 0.25516500
vt 0.13779700 0.25516500
vt 0.13779700 0.25516500
vt 0.13779700 0.25516500
vt 0.13779700 0.25516500
vt 0.12733900 0.28073700
vt 0.12733900 0.28073700
vt 0.12733900 0.28073700
vt 0.12733900 0.28073700
vt 0.12733900 0.28073700
vt 0.12733900 0.28073700
vt 0.10735500 0.30133700
vt 0.10735500 0.30133700
vt 0.10735500 0.30133700
vt 0.10735500 0.30133700
vt 0.10735500 0.30133700
vt 0.10735500 0.30133700
vt 0.09656200 0.32648300
vt 0.09656200 0.32648300
vt 0.09656200 0.32648300
vt 0.09656200 0.32648300
vt 0.09656200 0.32648300
vt 0.09656200 0.32648300
vt 0.09656200 0.32648300
vt 0.08672000 0.34909400
vt 0.08672000 0.34909400
vt 0.08672000 0.34909400
vt 0.08672000 0.34909400
vt 0.08672000 0.34909400
vt 0.08672000 0.34909400
vt 0.08672000 0.34909400
vt 0.07808000 0.36814300
vt 0.07808000 0.36814300
vt 0.07808000 0.36814300
vt 0.07808000 0.36814300
vt 0.07808000 0.36814300
vt 0.35813200 0.08460900
vt 0.06899300 0.38691600
vt 0.06899300 0.38691600
vt 0.06899300 0.38691600
vt 0.35813200 0.08460900
vt 0.35813200 0.08460900
vt 0.06899300 0.38691600
vt 0.16734600 0.19135500
vt 0.16734600 0.19135500
vt 0.16734600 0.19135500
vt 0.16734600 0.19135500
vt 0.16734600 0.19135500
vt 0.16734600 0.19135500
vt 0.15743200 0.19915900
vt 0.15743200 0.19915900
vt 0.15743200 0.19915900
vt 0.15743200 0.19915900
vt 0.15743200 0.19915900
vt 0.15743200 0.19915900
vt 0.14651100 0.20659500
vt 0.14651100 0.20659500
vt 0.14651100 0.20659500
vt 0.14651100 0.20659500
vt 0.14651100 0.20659500
vt 0.14651100 0.20659500
vt 0.14651100 0.20659500
vt 0.13324000 0.21439000
vt 0.13324000 0.21439000
vt 0.13324000 0.21439000
vt 0.13324000 0.21439000
vt 0.13324000 0.21439000
vt 0.13324000 0.21439000
vt 0.13324000 0.21439000
vt 0.12903200 0.23082500
vt 0.12903200 0.23082500
vt 0.12903200 0.23082500
vt 0.12903200 0.23082500
vt 0.12903200 0.23082500
vt 0.19666800 0.14060700
vt 0.19666800 0.14060700
vt 0.11788200 0.22283600
vt 0.11788200 0.22283600
vt 0.11788200 0.22283600
vt 0.19666800 0.14060700
vt 0.15737200 0.18180100
vt 0.15737200 0.18180100
vt 0.15737200 0.18180100
vt 0.15737200 0.18180100
vt 0.15737200 0.18180100
vt 0.15737200 0.18180100
vt 0.15737200 0.18180100
vt 0.14645900 0.18316300
vt 0.14645900 0.18316300
vt 0.14645900 0.18316300
vt 0.14645900 0.18316300
vt 0.14645900 0.18316300
vt 0.14645900 0.18316300
vt 0.14645900 0.18316300
vt 0.14645900 0.18316300
vt 0.13550300 0.18631600
vt 0.13550300 0.18631600
vt 0.13550300 0.18631600
vt 0.13550300 0.18631600
vt 0.13550300 0.18631600
vt 0.13550300 0.18631600
vt 0.12798300 0.19227400
vt 0.12798300 0.19227400
vt 0.12798300 0.19227400
vt 0.12798300 0.19227400
vt 0.12798300 0.19227400
vt 0.14986000 0.14271200
vt 0.14986000 0.14271200
vt 0.14986000 0.14271200
vt 0.11797800 0.17594500
vt 0.11797800 0.17594500
vt 0.11797800 0.17594500
vt 0.34750000 0.06296700
vt 0.34750000 0.06296700
vt 0.04681800 0.37722400
vt 0.04681800 0.37722400
vt 0.34750000 0.06296700
vt 0.04681800 0.37722400
vt 0.05518900 0.36120000
vt 0.05518900 0.36120000
vt 0.05518900 0.36120000
vt 0.05518900 0.36120000
vt 0.05518900 0.36120000
vt 0.05518900 0.36120000
vt 0.05518900 0.36120000
vt 0.06127700 0.34230400
vt 0.06127700 0.34230400
vt 0.06127700 0.34230400
vt 0.06127700 0.34230400
vt 0.06127700 0.34230400
vt 0.06127700 0.34230400
vt 0.06797800 0.31765400
vt 0.06797800 0.31765400
vt 0.06797800 0.31765400
vt 0.06797800 0.31765400
vt 0.06797800 0.31765400
vt 0.06797800 0.31765400
vt 0.08315000 0.30211800
vt 0.08315000 0.30211800
vt 0.08315000 0.30211800
vt 0.08315000 0.30211800
vt 0.08315000 0.30211800
vt 0.08315000 0.30211800
vt 0.25859700 0.09029800
vt 0.25859700 0.09029800
vt 0.07030100 0.28705100
vt 0.07030100 0.28705100
vt 0.02823000 0.36968300
vt 0.33919500 0.04479700
vt 0.33919500 0.04479700
vt 0.02823000 0.36968300
vt 0.33919500 0.04479700
vt 0.03228400 0.35783200
vt 0.03228400 0.35783200
vt 0.03228400 0.35783200
vt 0.03228400 0.35783200
vt 0.03228400 0.35783200
vt 0.03228400 0.35783200
vt 0.03228400 0.35783200
vt 0.03509700 0.34113200
vt 0.03509700 0.34113200
vt 0.03509700 0.34113200
vt 0.03509700 0.34113200
vt 0.03509700 0.34113200
vt 0.03509700 0.34113200
vt 0.03509700 0.34113200
vt 0.04176900 0.32452400
vt 0.04176900 0.32452400
vt 0.04176900 0.32452400
vt 0.04176900 0.32452400
vt 0.04176900 0.32452400
vt 0.28367800 0.04145800
vt 0.02253700 0.31420700
vt 0.28367800 0.04145800
vt 0.02253700 0.31420700
vt 0.28367800 0.04145800
vt 0.02253700 0.31420700
vt 0.27275000 0.16911500
vt 0.27275000 0.16911500
vt 0.27275000 0.16911500
vt 0.27275000 0.16911500
vt 0.27275000 0.16911500
vt 0.27275000 0.16911500
vt 0.25310000 0.18136200
vt 0.25310000 0.18136200
vt 0.25310000 0.18136200
vt 0.25310000 0.18136200
vt 0.25310000 0.18136200
vt 0.25310000 0.18136200
vt 0.25310000 0.18136200
vt 0.25310000 0.18136200
vt 0.29199600 0.15448400
vt 0.29199600 0.15448400
vt 0.29199600 0.15448400
vt 0.29199600 0.15448400
vt 0.29199600 0.15448400
vt 0.29199600 0.15448400
vt 0.29199600 0.15448400
vt 0.23787300 0.19363100
vt 0.23787300 0.19363100
vt 0.23787300 0.19363100
vt 0.23787300 0.19363100
vt 0.23787300 0.19363100
vt 0.22978600 0.15908800
vt 0.22978600 0.15908800
vt 0.22978600 0.15908800
vt 0.22978600 0.15908800
vt 0.22978600 0.15908800
vt 0.22978600 0.15908800
vt 0.22978600 0.15908800
vt 0.25483400 0.14752700
vt 0.25483400 0.14752700
vt 0.25483400 0.14752700
vt 0.25483400 0.14752700
vt 0.25483400 0.14752700
vt 0.25483400 0.14752700
vt 0.27449900 0.12666400
vt 0.27449900 0.12666400
vt 0.27449900 0.12666400
vt 0.27449900 0.12666400
vt 0.27449900 0.12666400
vt 0.27449900 0.12666400
vt 0.15827100 0.17084300
vt 0.15827100 0.17084300
vt 0.15827100 0.17084300
vt 0.15827100 0.17084300
vt 0.15827100 0.17084300
vt 0.15827100 0.17084300
vt 0.15827100 0.17084300
vt 0.15827100 0.17084300
vt 0.16095500 0.15976700
vt 0.16095500 0.15976700
vt 0.16095500 0.15976700
vt 0.16095500 0.15976700
vt 0.16095500 0.15976700
vt 0.16095500 0.15976700
vt 0.18889200 0.15630200
vt 0.18889200 0.15630200
vt 0.18889200 0.15630200
vt 0.18889200 0.15630200
vt 0.18889200 0.15630200
vt 0.18889200 0.15630200
vt 0.18889200 0.15630200
vt 0.20511900 0.15139400
vt 0.20511900 0.15139400
vt 0.20511900 0.15139400
vt 0.20511900 0.15139400
vt 0.20511900 0.15139400
vt 0.31231100 0.14136900
vt 0.31231100 0.14136900
vt 0.31231100 0.14136900
vt 0.31231100 0.14136900
vt 0.31231100 0.14136900
vt 0.31231100 0.14136900
vt 0.31231100 0.14136900
vt 0.31231100 0.14136900
vt 0.33131000 0.13074900
vt 0.33131000 0.13074900
vt 0.33131000 0.13074900
vt 0.33131000 0.13074900
vt 0.33131000 0.13074900
vt 0.33131000 0.13074900
vt 0.33131000 0.13074900
vt 0.33983700 0.09449900
vt 0.33983700 0.09449900
vt 0.33983700 0.09449900
vt 0.33983700 0.09449900
vt 0.33983700 0.09449900
vt 0.33983700 0.09449900
vt 0.33983700 0.09449900
vt 0.33191200 0.07200300
vt 0.33191200 0.07200300
vt 0.33191200 0.07200300
vt 0.33191200 0.07200300
vt 0.33191200 0.07200300
vt 0.33191200 0.07200300
vt 0.33191200 0.07200300
vt 0.32123200 0.10395800
vt 0.32123200 0.10395800
vt 0.32123200 0.10395800
vt 0.32123200 0.10395800
vt 0.32123200 0.10395800
vt 0.32123200 0.10395800
vt 0.32123200 0.10395800
vt 0.31334700 0.07889200
vt 0.31334700 0.07889200
vt 0.31334700 0.07889200
vt 0.31334700 0.07889200
vt 0.31334700 0.07889200
vt 0.31334700 0.07889200
vt 0.28905000 0.08665000
vt 0.28905000 0.08665000
vt 0.28905000 0.08665000
vt 0.28905000 0.08665000
vt 0.28905000 0.08665000
vt 0.28905000 0.08665000
vt 0.27420600 0.10247000
vt 0.27420600 0.10247000
vt 0.27420600 0.10247000
vt 0.27420600 0.10247000
vt 0.27420600 0.10247000
vt 0.27420600 0.10247000
vt 0.29911300 0.11477600
vt 0.29911300 0.11477600
vt 0.29911300 0.11477600
vt 0.29911300 0.11477600
vt 0.29911300 0.11477600
vt 0.29911300 0.11477600
vt 0.16658500 0.15200400
vt 0.16658500 0.15200400
vt 0.16658500 0.15200400
vt 0.16658500 0.15200400
vt 0.16658500 0.15200400
vt 0.19240700 0.19482200
vt 0.19240700 0.19482200
vt 0.19240700 0.19482200
vt 0.19240700 0.19482200
vt 0.19240700 0.19482200
vt 0.20303200 0.18480300
vt 0.20303200 0.18480300
vt 0.20303200 0.18480300
vt 0.20303200 0.18480300
vt 0.20303200 0.18480300
vt 0.20303200 0.18480300
vt 0.20303200 0.18480300
vt 0.21446800 0.17300200
vt 0.21446800 0.17300200
vt 0.21446800 0.17300200
vt 0.21446800 0.17300200
vt 0.21446800 0.17300200
vt 0.21446800 0.17300200
vt 0.21446800 0.17300200
vt 0.21446800 0.17300200
vt 0.17471800 0.18111700
vt 0.17471800 0.18111700
vt 0.17471800 0.18111700
vt 0.17471800 0.18111700
vt 0.17471800 0.18111700
vt 0.17471800 0.18111700
vt 0.18167800 0.16989000
vt 0.18167800 0.16989000
vt 0.18167800 0.16989000
vt 0.18167800 0.16989000
vt 0.18167800 0.16989000
vt 0.18167800 0.16989000
vt 0.18167800 0.16989000
vt 0.32757200 0.04933800
vt 0.32757200 0.04933800
vt 0.32757200 0.04933800
vt 0.32757200 0.04933800
vt 0.32757200 0.04933800
vt 0.32757200 0.04933800
vt 0.32757200 0.04933800
vt 0.31105400 0.05285100
vt 0.31105400 0.05285100
vt 0.31105400 0.05285100
vt 0.31105400 0.05285100
vt 0.31105400 0.05285100
vt 0.31105400 0.05285100
vt 0.31105400 0.05285100
vt 0.29478000 0.06020900
vt 0.29478000 0.06020900
vt 0.29478000 0.06020900
vt 0.29478000 0.06020900
vt 0.29478000 0.06020900
vt 0.14654200 0.17141900
vt 0.14654200 0.17141900
vt 0.14654200 0.17141900
vt 0.14654200 0.17141900
vt 0.14654200 0.17141900
vt 0.14654200 0.17141900
vt 0.33469700 0.03539300
vt 0.33469700 0.03539300
vt 0.01860500 0.36556500
vt 0.01860500 0.36556500
vt 0.01860500 0.36556500
vt 0.33469700 0.03539300
vt 0.15153000 0.18253000
vt 0.15153000 0.18253000
vt 0.15153000 0.18253000
vt 0.15153000 0.18253000
vt 0.15153000 0.18253000
vt 0.14596300 0.17521500
vt 0.14596300 0.17521500
vt 0.14596300 0.17521500
vt 0.14596300 0.17521500
vt 0.14297500 0.17477400
vt 0.14297500 0.17477400
vt 0.14297500 0.17477400
vt 0.14297500 0.17477400
vt 0.16191400 0.18615100
vt 0.16191400 0.18615100
vt 0.15702700 0.18948500
vt 0.15702700 0.18948500
vt 0.15702700 0.18948500
vt 0.15702700 0.18948500
vt 0.15702700 0.18948500
vt 0.13710600 0.17672700
vt 0.13710600 0.17672700
vt 0.13710600 0.17672700
vt 0.13710600 0.17672700
vt 0.13710600 0.17672700
vt 0.13731200 0.15675400
vt 0.13149600 0.16280800
vt 0.15785300 0.17592900
vt 0.15785300 0.17592900
vt 0.15785300 0.17592900
vt 0.15094400 0.17058700
vt 0.15094400 0.17058700
vt 0.15094400 0.17058700
vt 0.14968900 0.16769300
vt 0.14968900 0.16769300
vt 0.14968900 0.16769300
vt 0.15061600 0.16277300
vt 0.15061600 0.16277300
vt 0.15061600 0.16277300
vt 0.15061600 0.16277300
vt 0.16416300 0.18075500
vt 0.16416300 0.18075500
vt 0.16416300 0.18075500
vt 0.16416300 0.18075500
vt 0.16416300 0.18075500
vt 0.02990400 0.36478900
vt 0.02990400 0.36478900
vt 0.02377100 0.36291000
vt 0.02377100 0.36291000
vt 0.02377100 0.36291000
vt 0.02377100 0.36291000
vt 0.02377100 0.36291000
vt 0.03975200 0.36813000
vt 0.03975200 0.36813000
vt 0.03975200 0.36813000
vt 0.03975200 0.36813000
vt 0.34312200 0.05338800
vt 0.03701800 0.37324900
vt 0.03701800 0.37324900
vt 0.34312200 0.05338800
vt 0.34312200 0.05338800
vt 0.02179600 0.35810400
vt 0.02179600 0.35810400
vt 0.02179600 0.35810400
vt 0.02179600 0.35810400
vt 0.02060100 0.34995500
vt 0.02060100 0.34995500
vt 0.02060100 0.34995500
vt 0.31883900 0.02521100
vt 0.00773900 0.35009400
vt 0.31883900 0.02521100
vt 0.32739100 0.03797100
vt 0.32739100 0.03797100
vt 0.32739100 0.03797100
vt 0.33134000 0.03963300
vt 0.33134000 0.03963300
vt 0.33134000 0.03963300
vt 0.33134000 0.03963300
vt 0.31915900 0.03811200
vt 0.31915900 0.03811200
vt 0.31915900 0.03811200
vt 0.31915900 0.03811200
vt 0.33399700 0.04682800
vt 0.33399700 0.04682800
vt 0.33399700 0.04682800
vt 0.33399700 0.04682800
vt 0.33399700 0.04682800
vt 0.33760900 0.05698800
vt 0.33760900 0.05698800
vt 0.33760900 0.05698800
vt 0.33760900 0.05698800
vt 0.33760900 0.05698800
vt 0.12909800 0.34482300
vt 0.00000000 0.00000000
vt 0.00000000 0.00000000
vt 0.12909800 0.34482300
vt 0.11319200 0.35933200
vt 0.00000000 0.00000000
vt 0.00000000 0.00000000
vt 0.11319200 0.35933200
vt 0.00000000 0.00000000
vt 0.00000000 0.00000000
vt 0.11447100 0.35815700
vt 0.11447100 0.35815700
vt 0.11478100 0.35787500
vt 0.11478100 0.35787500
vt 0.00000000 0.00000000
vt 0.00000000 0.00000000
vt 0.11478100 0.35787500
vt 0.11117600 0.36117200
vt 0.11117600 0.36117200
vt 0.00000000 0.00000000
vt 0.00000000 0.00000000
vt 0.11117600 0.36117200
vt 0.13150900 0.34237400
vt 0.00000000 0.00000000
vt 0.00000000 0.00000000
vt 0.13150900 0.34237400
vt 0.00000000 0.00000000
vt 0.13154000 0.34234300
vt 0.00000000 0.00000000
vt 0.13154000 0.34234300
vt 0.00000000 0.00000000
vt 0.31649800 0.14896500
vt 0.00000000 0.00000000
vt 0.31649800 0.14896500
vt 0.31652800 0.14893200
vt 0.00000000 0.00000000
vt 0.31652800 0.14893200
vt 0.00000000 0.00000000
vt 0.31886200 0.14641700
vt 0.31886200 0.14641700
vt 0.00000000 0.00000000
vt 0.00000000 0.00000000
vt 0.17144400 0.19527900
vt 0.00000000 0.00000000
vt 0.17144400 0.19527900
vt 0.00000000 0.00000000
vt 0.17495800 0.20023000
vt 0.00000000 0.00000000
vt 0.17654200 0.19857500
vt 0.00000000 0.00000000
vt 0.00000000 0.00000000
vt 0.00000000 0.00000000
vt 0.00000000 0.00000000
vt 0.18655400 0.20310900
vt 0.18655400 0.20310900
vt 0.00000000 0.00000000
vt 0.00000000 0.00000000
vt 0.19035100 0.20431600
vt 0.00000000 0.00000000
vt 0.00000000 0.00000000
vt 0.00000000 0.00000000
vt 0.17743300 0.20602200
vt 0.17743300 0.20602200
vt 0.00000000 0.00000000
vt 0.00000000 0.00000000
vt 0.18243600 0.20079700
vt 0.18243600 0.20079700
vt 0.17992300 0.21003500
vt 0.00000000 0.00000000
vt 0.00000000 0.00000000
vt 0.00000000 0.00000000
vt 0.17992300 0.21003500
vt 0.00000000 0.00000000
vt 0.00000000 0.00000000
vt 0.17571900 0.20228000
vt 0.17571900 0.20228000
vt 0.17862300 0.19924700
vt 0.00000000 0.00000000
vt 0.00000000 0.00000000
vt 0.17862300 0.19924700
vt 0.00000000 0.00000000
vt 0.18129500 0.21377500
vt 0.00000000 0.00000000
vt 0.20681500 0.20484600
vt 0.00000000 0.00000000
vt 0.20681500 0.20484600
vt 0.00000000 0.00000000
vt 0.00000000 0.00000000
vt 0.20334400 0.20451600
vt 0.00000000 0.00000000
vt 0.20334400 0.20451600
vt 0.20334400 0.20451600
vt 0.19563200 0.20459300
vt 0.00000000 0.00000000
vt 0.19563200 0.20459300
vt 0.00000000 0.00000000
vt 0.00000000 0.00000000
vt 0.18254300 0.23020100
vt 0.18254300 0.23020100
vt 0.00000000 0.00000000
vt 0.00000000 0.00000000
vt 0.18269200 0.23405400
vt 0.18269200 0.23405400
vt 0.00000000 0.00000000
vt 0.18269200 0.23405400
vt 0.00000000 0.00000000
vt 0.00000000 0.00000000
vt 0.21066900 0.20482600
vt 0.21066900 0.20482600
vt 0.21066900 0.20482600
vt 0.00000000 0.00000000
vt 0.18277200 0.23596900
vt 0.00000000 0.00000000
vt 0.00000000 0.00000000
vt 0.21258500 0.20482200
vt 0.00000000 0.00000000
vt 0.00000000 0.00000000
vt 0.00000000 0.00000000
vt 0.18206100 0.22674800
vt 0.18206100 0.22674800
vt 0.18206100 0.22674800
vt 0.00000000 0.00000000
vt 0.00000000 0.00000000
vt 0.18180100 0.21903900
vt 0.18180100 0.21903900
vt 0.00000000 0.00000000
vt 0.00000000 0.00000000
vt 0.23802400 0.19895000
vt 0.23802400 0.19895000
vt 0.00000000 0.00000000
vt 0.22876300 0.20118200
vt 0.22876300 0.20118200
vt 0.00000000 0.00000000
vt 0.22876300 0.20118200
vt 0.22444800 0.20231500
vt 0.22444800 0.20231500
vt 0.00000000 0.00000000
vt 0.00000000 0.00000000
vt 0.22321200 0.20265400
vt 0.22321200 0.20265400
vt 0.00000000 0.00000000
vt 0.00000000 0.00000000
vt 0.22321200 0.20265400
vt 0.21724200 0.20409300
vt 0.21724200 0.20409300
vt 0.00000000 0.00000000
vt 0.00000000 0.00000000
vt 0.21724200 0.20409300
vt 0.00000000 0.00000000
vt 0.18224700 0.24065500
vt 0.00000000 0.00000000
vt 0.00000000 0.00000000
vt 0.18224700 0.24065500
vt 0.00000000 0.00000000
vt 0.18078700 0.24793400
vt 0.00000000 0.00000000
vt 0.00000000 0.00000000
vt 0.18078700 0.24793400
vt 0.18107200 0.24668400
vt 0.18107200 0.24668400
vt 0.00000000 0.00000000
vt 0.18107200 0.24668400
vt 0.00000000 0.00000000
vt 0.17984400 0.25229700
vt 0.17984400 0.25229700
vt 0.00000000 0.00000000
vt 0.00000000 0.00000000
vt 0.17984400 0.25229700
vt 0.17802100 0.26165100
vt 0.00000000 0.00000000
vt 0.17802100 0.26165100
vt 0.00000000 0.00000000
vt 0.29850000 0.16443400
vt 0.00000000 0.00000000
vt 0.29850000 0.16443400
vt 0.29330000 0.16878500
vt 0.00000000 0.00000000
vt 0.00000000 0.00000000
vt 0.29330000 0.16878500
vt 0.31336600 0.15186300
vt 0.00000000 0.00000000
vt 0.31336600 0.15186300
vt 0.00000000 0.00000000
vt 0.00000000 0.00000000
vt 0.25887600 0.19071700
vt 0.25887600 0.19071700
vt 0.00000000 0.00000000
vt 0.00000000 0.00000000
vt 0.00000000 0.00000000
vt 0.25551800 0.19205300
vt 0.25551800 0.19205300
vt 0.00000000 0.00000000
vt 0.24164600 0.19760300
vt 0.24164600 0.19760300
vt 0.00000000 0.00000000
vt 0.00000000 0.00000000
vt 0.00000000 0.00000000
vt 0.29244900 0.16937800
vt 0.29244900 0.16937800
vt 0.00000000 0.00000000
vt 0.27401900 0.18196700
vt 0.27401900 0.18196700
vt 0.00000000 0.00000000
vt 0.00000000 0.00000000
vt 0.27974400 0.17806100
vt 0.27974400 0.17806100
vt 0.00000000 0.00000000
vt 0.26997400 0.18477100
vt 0.26997400 0.18477100
vt 0.00000000 0.00000000
vt 0.00000000 0.00000000
vt 0.16525900 0.29422000
vt 0.00000000 0.00000000
vt 0.00000000 0.00000000
vt 0.16525900 0.29422000
vt 0.00000000 0.00000000
vt 0.16789700 0.28941600
vt 0.00000000 0.00000000
vt 0.16789700 0.28941600
vt 0.00000000 0.00000000
vt 0.00000000 0.00000000
vt 0.26529600 0.18761700
vt 0.00000000 0.00000000
vt 0.26529600 0.18761700
vt 0.16989000 0.28477600
vt 0.00000000 0.00000000
vt 0.00000000 0.00000000
vt 0.16989000 0.28477600
vt 0.17071100 0.28286000
vt 0.00000000 0.00000000
vt 0.00000000 0.00000000
vt 0.17071100 0.28286000
vt 0.00000000 0.00000000
vt 0.26075300 0.18981400
vt 0.26075300 0.18981400
vt 0.00000000 0.00000000
vt 0.00000000 0.00000000
vt 0.00000000 0.00000000
vt 0.17189800 0.27944500
vt 0.17189800 0.27944500
vt 0.00000000 0.00000000
vt 0.17683300 0.26533000
vt 0.00000000 0.00000000
vt 0.00000000 0.00000000
vt 0.17683300 0.26533000
vt 0.00000000 0.00000000
vt 0.13429800 0.33908100
vt 0.00000000 0.00000000
vt 0.13429800 0.33908100
vt 0.00000000 0.00000000
vt 0.14620000 0.32365000
vt 0.14620000 0.32365000
vt 0.00000000 0.00000000
vt 0.15031800 0.31825600
vt 0.15031800 0.31825600
vt 0.00000000 0.00000000
vt 0.00000000 0.00000000
vt 0.15898500 0.30428600
vt 0.15898500 0.30428600
vt 0.16263600 0.29838900
vt 0.00000000 0.00000000
vt 0.16263600 0.29838900
vt 0.15087300 0.31737800
vt 0.00000000 0.00000000
vt 0.15087300 0.31737800
vt 0.00000000 0.00000000
vt 0.33262000 0.12989800
vt 0.00000000 0.00000000
vt 0.00000000 0.00000000
vt 0.33262000 0.12989700
vt 0.00000000 0.00000000
vt 0.33150700 0.13122500
vt 0.33150700 0.13122500
vt 0.00000000 0.00000000
vt 0.33123900 0.13154800
vt 0.00000000 0.00000000
vt 0.33123900 0.13154800
vt 0.00000000 0.00000000
vt 0.33123900 0.13154800
vt 0.33436500 0.12780400
vt 0.33436500 0.12780400
vt 0.33436500 0.12780400
vt 0.00000000 0.00000000
vt 0.00000000 0.00000000
vt 0.35814500 0.08466700
vt 0.35814500 0.08466700
vt 0.00000000 0.00000000
vt 0.06905100 0.38692700
vt 0.06905100 0.38692700
vt 0.00000000 0.00000000
vt 0.06905100 0.38692700
vt 0.00000000 0.00000000
vt 0.00000000 0.00000000
vt 0.00000000 0.00000000
vt 0.35806600 0.08483600
vt 0.00000000 0.00000000
vt 0.35806600 0.08483600
vt 0.00000000 0.00000000
vt 0.00000000 0.00000000
vt 0.34874100 0.10515200
vt 0.00000000 0.00000000
vt 0.00000000 0.00000000
vt 0.34503600 0.11071600
vt 0.34503600 0.11071600
vt 0.34503600 0.11071600
vt 0.00000000 0.00000000
vt 0.34154100 0.11705500
vt 0.00000000 0.00000000
vt 0.00000000 0.00000000
vt 0.00000000 0.00000000
vt 0.10074200 0.36883900
vt 0.00000000 0.00000000
vt 0.00000000 0.00000000
vt 0.06921700 0.38683900
vt 0.06921700 0.38683900
vt 0.06921700 0.38683900
vt 0.00000000 0.00000000
vt 0.00000000 0.00000000
vt 0.08914900 0.37658300
vt 0.00000000 0.00000000
vt 0.00000000 0.00000000
vt 0.09455300 0.37262100
vt 0.09455300 0.37262100
vt 0.09455300 0.37262100
vt 0.09455300 0.37262100
vt 0.09455300 0.37262100
vt 0.00000000 0.00000000
vt 0.09455300 0.37262100
f 651/651/651 657/657/657 8/8/8
f 679/679/679 682/682/682 643/643/643
f 692/692/692 687/687/687 685/685/685
f 698/698/698 40/40/40 697/697/697
f 719/719/719 706/706/706 702/702/702
f 43/43/43 722/722/722 711/711/711
f 42/42/42 700/700/700 737/737/737
f 748/748/748 754/754/754 747/747/747
f 738/738/738 759/759/759 763/763/763
f 778/778/778 774/774/774 30/30/30
f 788/788/788 33/33/33 793/793/793
f 798/798/798 804/804/804 28/28/28
f 47/47/47 815/815/815 822/822/822
f 837/837/837 833/833/833 27/27/27
f 845/845/845 841/841/841 44/44/44
f 859/859/859 852/852/852 855/855/855
f 825/825/825 877/877/877 867/867/867
f 885/885/885 25/25/25 882/882/882
f 672/672/672 668/668/668 887/887/887
f 891/891/891 45/45/45 889/889/889
f 902/902/902 854/854/854 48/48/48
f 915/915/915 910/910/910 7/7/7
f 939/939/939 931/931/931 16/16/16
f 15/15/15 943/943/943 942/942/942
f 10/10/10 949/949/949 14/14/14
f 9/9/9 953/953/953 662/662/662
f 934/934/934 959/959/959 19/19/19
f 12/12/12 968/968/968 951/951/951
f 853/853/853 903/903/903 64/64/64
f 68/68/68 904/904/904 896/896/896
f 881/881/881 870/870/870 58/58/58
f 171/171/171 89/89/89 79/79/79
f 188/188/188 85/85/85 180/180/180
f 109/109/109 572/572/572 576/576/576
f 235/235/235 250/250/250 99/99/99
f 888/888/888 669/669/669 114/114/114
f 113/113/113 667/667/667 645/645/645
f 653/653/653 649/649/649 122/122/122
f 210/210/210 296/296/296 206/206/206
f 208/208/208 302/302/302 201/201/201
f 315/315/315 193/193/193 307/307/307
f 203/203/203 304/304/304 194/194/194
f 810/810/810 74/74/74 806/806/806
f 272/272/272 284/284/284 139/139/139
f 539/539/539 561/561/561 108/108/108
f 723/723/723 151/151/151 713/713/713
f 740/740/740 743/743/743 158/158/158
f 167/167/167 801/801/801 796/796/796
f 76/76/76 173/173/173 168/168/168
f 57/57/57 182/182/182 175/175/175
f 70/70/70 178/178/178 65/65/65
f 190/190/190 72/72/72 118/118/118
f 119/119/119 196/196/196 111/111/111
f 660/660/660 952/952/952 202/202/202
f 956/956/956 929/929/929 929/929/929
f 688/688/688 717/717/717 222/222/222
f 231/231/231 154/154/154 159/159/159
f 157/157/157 238/238/238 232/232/232
f 166/166/166 245/245/245 239/239/239
f 246/246/246 81/81/81 251/251/251
f 262/262/262 567/567/567 224/224/224
f 261/261/261 229/229/229 269/269/269
f 233/233/233 276/276/276 268/268/268
f 275/275/275 104/104/104 282/282/282
f 608/608/608 596/596/596 604/604/604
f 293/293/293 334/334/334 300/300/300
f 301/301/301 342/342/342 308/308/308
f 310/310/310 96/96/96 187/187/187
f 128/128/128 313/313/313 306/306/306
f 597/597/597 320/320/320 546/546/546
f 327/327/327 615/615/615 332/332/332
f 341/341/341 131/131/131 309/309/309
f 349/349/349 335/335/335 134/134/134
f 850/850/850 863/863/863 361/361/361
f 370/370/370 814/814/814 817/817/817
f 832/832/832 835/835/835 358/358/358
f 377/377/377 88/88/88 387/387/387
f 87/87/87 394/394/394 388/388/388
f 588/588/588 395/395/395 584/584/584
f 409/409/409 252/252/252 417/417/417
f 675/675/675 821/821/821 423/423/423
f 918/918/918 680/680/680 426/426/426
f 913/913/913 430/430/430 908/908/908
f 449/449/449 213/213/213 436/436/436
f 457/457/457 442/442/442 451/451/451
f 476/476/476 472/472/472 466/466/466
f 468/468/468 453/453/453 477/477/477
f 371/371/371 769/769/769 772/772/772
f 408/408/408 279/279/279 482/482/482
f 580/580/580 253/253/253 541/541/541
f 699/699/699 486/486/486 734/734/734
f 789/789/789 750/750/750 491/491/491
f 500/500/500 775/775/775 777/777/777
f 374/374/374 379/379/379 362/362/362
f 360/360/360 383/383/383 353/353/353
f 384/384/384 369/369/369 352/352/352
f 479/479/479 366/366/366 390/390/390
f 478/478/478 435/435/435 425/425/425
f 948/948/948 921/921/921 452/452/452
f 938/938/938 941/941/941 438/438/438
f 721/721/721 690/690/690 508/508/508
f 518/518/518 489/489/489 506/506/506
f 494/494/494 411/411/411 503/503/503
f 502/502/502 418/418/418 380/380/380
f 83/83/83 416/416/416 247/247/247
f 592/592/592 257/257/257 578/578/578
f 512/512/512 399/399/399 405/405/405
f 513/513/513 484/484/484 412/412/412
f 102/102/102 485/485/485 280/280/280
f 519/519/519 638/638/638 443/443/443
f 528/528/528 444/444/444 462/462/462
f 535/535/535 458/458/458 465/465/465
f 471/471/471 94/94/94 317/317/317
f 133/133/133 474/474/474 316/316/316
f 545/545/545 623/623/623 148/148/148
f 628/628/628 147/147/147 621/621/621
f 132/132/132 533/533/533 467/467/467
f 346/346/346 526/526/526 536/536/536
f 554/554/554 538/538/538 256/256/256
f 557/557/557 260/260/260 561/561/561
f 566/566/566 255/255/255 564/564/564
f 568/568/568 218/218/218 227/227/227
f 573/573/573 266/266/266 270/270/270
f 143/143/143 570/570/570 273/273/273
f 582/582/582 397/397/397 577/577/577
f 583/583/583 542/542/542 107/107/107
f 587/587/587 140/140/140 404/404/404
f 106/106/106 586/586/586 585/585/585
f 398/398/398 591/591/591 579/579/579
f 594/594/594 216/216/216 563/563/563
f 331/331/331 599/599/599 613/613/613
f 602/602/602 329/329/329 295/295/295
f 287/287/287 603/603/603 292/292/292
f 614/614/614 547/547/547 149/149/149
f 616/616/616 136/136/136 337/337/337
f 616/616/616 150/150/150 619/619/619
f 521/521/521 625/625/625 633/633/633
f 135/135/135 630/630/630 532/532/532
f 629/629/629 525/525/525 529/529/529
f 624/624/624 324/324/324 635/635/635
f 640/640/640 285/285/285 448/448/448
f 606/606/606 632/632/632 321/321/321
f 656/656/656 644/644/644 1/1/1
f 1/1/1 661/661/661 648/648/648
f 647/647/647 650/650/650 6/6/6
f 682/682/682 11/11/11 643/643/643
f 643/643/643 665/665/665 679/679/679
f 666/666/666 670/670/670 677/677/677
f 670/670/670 674/674/674 677/677/677
f 705/705/705 693/693/693 710/710/710
f 694/694/694 41/41/41 712/712/712
f 710/710/710 701/701/701 705/705/705
f 702/702/702 714/714/714 719/719/719
f 715/715/715 689/689/689 720/720/720
f 689/689/689 691/691/691 720/720/720
f 735/735/735 731/731/731 726/726/726
f 726/726/726 38/38/38 735/735/735
f 748/748/748 757/757/757 754/754/754
f 745/745/745 742/742/742 752/752/752
f 741/741/741 37/37/37 728/728/728
f 752/752/752 742/742/742 729/729/729
f 724/724/724 36/36/36 764/764/764
f 39/39/39 738/738/738 763/763/763
f 771/771/771 768/768/768 23/23/23
f 22/22/22 787/787/787 782/782/782
f 783/783/783 779/779/779 21/21/21
f 795/795/795 755/755/755 758/758/758
f 758/758/758 790/790/790 795/795/795
f 792/792/792 31/31/31 802/802/802
f 34/34/34 811/811/811 808/808/808
f 807/807/807 797/797/797 32/32/32
f 47/47/47 819/819/819 815/815/815
f 828/828/828 24/24/24 830/830/830
f 35/35/35 767/767/767 836/836/836
f 838/838/838 818/818/818 50/50/50
f 44/44/44 848/848/848 844/844/844
f 844/844/844 845/845/845 44/44/44
f 862/862/862 852/852/852 859/859/859
f 851/851/851 51/51/51 857/857/857
f 878/878/878 864/864/864 861/861/861
f 867/867/867 872/872/872 825/825/825
f 874/874/874 29/29/29 829/829/829
f 878/878/878 861/861/861 868/868/868
f 884/884/884 813/813/813 20/20/20
f 26/26/26 871/871/871 879/879/879
f 46/46/46 824/824/824 887/887/887
f 824/824/824 672/672/672 887/887/887
f 891/891/891 894/894/894 45/45/45
f 49/49/49 897/897/897 905/905/905
f 907/907/907 898/898/898 48/48/48
f 898/898/898 902/902/902 48/48/48
f 909/909/909 925/925/925 2/2/2
f 2/2/2 683/683/683 919/919/919
f 917/917/917 912/912/912 3/3/3
f 17/17/17 940/940/940 937/937/937
f 928/928/928 933/933/933 13/13/13
f 15/15/15 950/950/950 943/943/943
f 5/5/5 924/924/924 947/947/947
f 4/4/4 18/18/18 954/954/954
f 935/935/935 958/958/958 961/961/961
f 12/12/12 962/962/962 968/968/968
f 901/901/901 899/899/899 62/62/62
f 61/61/61 55/55/55 856/856/856
f 52/52/52 866/866/866 858/858/858
f 856/856/856 55/55/55 860/860/860
f 895/895/895 892/892/892 66/66/66
f 73/73/73 60/60/60 906/906/906
f 60/60/60 900/900/900 906/906/906
f 869/869/869 59/59/59 873/873/873
f 56/56/56 74/74/74 880/880/880
f 74/74/74 883/883/883 880/880/880
f 172/172/172 183/183/183 92/92/92
f 189/189/189 97/97/97 86/86/86
f 105/105/105 562/562/562 574/574/574
f 237/237/237 244/244/244 249/249/249
f 671/671/671 664/664/664 117/117/117
f 116/116/116 71/71/71 890/890/890
f 71/71/71 893/893/893 890/890/890
f 642/642/642 655/655/655 115/115/115
f 654/654/654 652/652/652 120/120/120
f 112/112/112 658/658/658 121/121/121
f 215/215/215 288/288/288 294/294/294
f 204/204/204 291/291/291 298/298/298
f 311/311/311 184/184/184 195/195/195
f 199/199/199 303/303/303 305/305/305
f 812/812/812 886/886/886 78/78/78
f 271/271/271 274/274/274 283/283/283
f 543/543/543 558/558/558 559/559/559
f 723/723/723 765/765/765 151/151/151
f 766/766/766 762/762/762 152/152/152
f 155/155/155 703/703/703 709/709/709
f 803/803/803 161/161/161 794/794/794
f 159/159/159 154/154/154 760/760/760
f 794/794/794 161/161/161 744/744/744
f 761/761/761 739/739/739 162/162/162
f 746/746/746 753/753/753 791/791/791
f 809/809/809 75/75/75 165/165/165
f 163/163/163 156/156/156 800/800/800
f 799/799/799 805/805/805 164/164/164
f 77/77/77 53/53/53 176/176/176
f 54/54/54 63/63/63 181/181/181
f 67/67/67 186/186/186 179/179/179
f 191/191/191 185/185/185 69/69/69
f 125/125/125 198/198/198 192/192/192
f 952/952/952 965/965/965 202/202/202
f 966/966/966 205/205/205 197/197/197
f 200/200/200 124/124/124 659/659/659
f 123/123/123 646/646/646 663/663/663
f 212/212/212 207/207/207 967/967/967
f 969/969/969 960/960/960 957/957/957
f 211/211/211 963/963/963 930/930/930
f 964/964/964 955/955/955 932/932/932
f 716/716/716 704/704/704 151/151/151
f 151/151/151 225/225/225 716/716/716
f 222/222/222 220/220/220 684/684/684
f 688/688/688 222/222/222 684/684/684
f 230/230/230 223/223/223 153/153/153
f 160/160/160 170/170/170 236/236/236
f 169/169/169 174/174/174 242/242/242
f 243/243/243 177/177/177 84/84/84
f 264/264/264 552/552/552 569/569/569
f 265/265/265 226/226/226 228/228/228
f 234/234/234 241/241/241 277/277/277
f 278/278/278 240/240/240 101/101/101
f 607/607/607 323/323/323 595/595/595
f 297/297/297 328/328/328 338/338/338
f 299/299/299 336/336/336 343/343/343
f 312/312/312 318/318/318 93/93/93
f 130/130/130 319/319/319 314/314/314
f 598/598/598 595/595/595 323/323/323
f 326/326/326 612/612/612 617/617/617
f 339/339/339 345/345/345 129/129/129
f 347/347/347 340/340/340 333/333/333
f 865/865/865 875/875/875 356/356/356
f 361/361/361 351/351/351 850/850/850
f 355/355/355 846/846/846 843/843/843
f 842/842/842 849/849/849 354/354/354
f 847/847/847 350/350/350 839/839/839
f 350/350/350 364/364/364 839/839/839
f 840/840/840 367/367/367 820/820/820
f 835/835/835 371/371/371 358/358/358
f 359/359/359 876/876/876 827/827/827
f 826/826/826 831/831/831 363/363/363
f 378/378/378 80/80/80 90/90/90
f 91/91/91 95/95/95 389/389/389
f 586/586/586 403/403/403 400/400/400
f 414/414/414 100/100/100 248/248/248
f 823/823/823 816/816/816 365/365/365
f 365/365/365 427/427/427 823/823/823
f 428/428/428 676/676/676 673/673/673
f 681/681/681 678/678/678 421/421/421
f 424/424/424 433/433/433 916/916/916
f 434/434/434 914/914/914 920/920/920
f 446/446/446 286/286/286 214/214/214
f 461/461/461 445/445/445 439/439/439
f 475/475/475 393/393/393 473/473/473
f 464/464/464 460/460/460 450/450/450
f 373/373/373 834/834/834 770/770/770
f 406/406/406 142/142/142 281/281/281
f 582/582/582 577/577/577 258/258/258
f 699/699/699 695/695/695 486/486/486
f 696/696/696 707/707/707 488/488/488
f 490/490/490 733/733/733 736/736/736
f 785/785/785 756/756/756 749/749/749
f 751/751/751 725/725/725 496/496/496
f 727/727/727 730/730/730 497/497/497
f 732/732/732 487/487/487 492/492/492
f 491/491/491 780/780/780 786/786/786
f 784/784/784 493/493/493 504/504/504
f 498/498/498 372/372/372 773/773/773
f 776/776/776 781/781/781 499/499/499
f 375/375/375 505/505/505 376/376/376
f 357/357/357 382/382/382 385/385/385
f 386/386/386 391/391/391 368/368/368
f 479/479/479 422/422/422 366/366/366
f 480/480/480 456/456/456 432/432/432
f 911/911/911 431/431/431 922/922/922
f 429/429/429 455/455/455 923/923/923
f 454/454/454 440/440/440 944/944/944
f 946/946/946 948/948/948 452/452/452
f 941/941/941 945/945/945 438/438/438
f 437/437/437 209/209/209 926/926/926
f 927/927/927 936/936/936 441/441/441
f 690/690/690 686/686/686 508/508/508
f 686/686/686 217/217/217 508/508/508
f 509/509/509 486/486/486 718/718/718
f 486/486/486 708/708/708 718/718/718
f 514/514/514 492/492/492 487/487/487
f 495/495/495 517/517/517 413/413/413
f 501/501/501 415/415/415 419/419/419
f 82/82/82 381/381/381 420/420/420
f 594/594/594 563/563/563 254/254/254
f 516/516/516 510/510/510 402/402/402
f 515/515/515 407/407/407 483/483/483
f 103/103/103 410/410/410 481/481/481
f 520/520/520 636/636/636 637/637/637
f 531/531/531 524/524/524 447/447/447
f 537/537/537 530/530/530 459/459/459
f 470/470/470 392/392/392 98/98/98
f 127/127/127 463/463/463 469/469/469
f 544/544/544 627/627/627 622/622/622
f 630/630/630 620/620/620 145/145/145
f 126/126/126 344/344/344 534/534/534
f 348/348/348 138/138/138 527/527/527
f 551/551/551 556/556/556 540/540/540
f 555/555/555 550/550/550 263/263/263
f 565/565/565 553/553/553 259/259/259
f 566/566/566 564/564/564 221/221/221
f 571/571/571 560/560/560 267/267/267
f 144/144/144 576/576/576 572/572/572
f 581/581/581 583/583/583 401/401/401
f 583/583/583 581/581/581 542/542/542
f 589/589/589 575/575/575 141/141/141
f 110/110/110 575/575/575 589/589/589
f 396/396/396 511/511/511 593/593/593
f 590/590/590 507/507/507 219/219/219
f 325/325/325 596/596/596 601/601/601
f 605/605/605 595/595/595 330/330/330
f 290/290/290 607/607/607 605/605/605
f 611/611/611 600/600/600 548/548/548
f 616/616/616 619/619/619 136/136/136
f 617/617/617 612/612/612 146/146/146
f 522/522/522 622/622/622 627/627/627
f 137/137/137 618/618/618 631/631/631
f 628/628/628 621/621/621 523/523/523
f 626/626/626 549/549/549 322/322/322
f 639/639/639 609/609/609 289/289/289
f 610/610/610 641/641/641 634/634/634