                                                                        S      1
1H,,1H;,,                                                               G      1
124HM:\3me\mtt\SHS\lopende-projecten\2010\2010-04-DSYHS DB\Geometrieen DG      2
SYHS\Rhino modellen na inmeten 2012\SYSSER02_surface.igs,               G      3
26HRhinoceros ( Mar  9 2011 ),31HTrout Lake IGES 012 Mar  9 2011,       G      4
32,38,6,308,15,                                                         G      5
,                                                                       G      6
1.0D0,2,2HMM,1,0.254D0,13H121122.085339,                                G      7
0.001D0,                                                                G      8
1842.389839907414D0,                                                    G      9
,                                                                       G     10
,                                                                       G     11
10,0,13H121122.085339;                                                  G     12
     314       1       0       0       0       0       0       000000200D      1
     314       0       1       1       0       0       0   COLOR       0D      2
     314       2       0       0       0       0       0       000000200D      3
     314       0       5       1       0       0       0   COLOR       0D      4
     314       3       0       0       0       0       0       000000200D      5
     314       0       2       1       0       0       0   COLOR       0D      6
     314       4       0       0       0       0       0       000000200D      7
     314       0       1       1       0       0       0   COLOR       0D      8
     314       5       0       0       0       0       0       000000200D      9
     314       0       2       1       0       0       0   COLOR       0D     10
     314       6       0       0       0       0       0       000000200D     11
     314       0       4       1       0       0       0   COLOR       0D     12
     406       7       0       0       1       0       0       000000300D     13
     406       0      -1       1       3       0       0LEVELDEF       0D     14
     406       8       0       0       2       0       0       000000300D     15
     406       0      -3       1       3       0       0LEVELDEF       0D     16
     406       9       0       0       3       0       0       000000300D     17
     406       0      -1       1       3       0       0LEVELDEF       0D     18
     406      10       0       0       4       0       0       000000300D     19
     406       0      -5       1       3       0       0LEVELDEF       0D     20
     406      11       0       0       5       0       0       000000300D     21
     406       0      -7       1       3       0       0LEVELDEF       0D     22
     406      12       0       0       6       0       0       000000300D     23
     406       0      -9       1       3       0       0LEVELDEF       0D     24
     406      13       0       0       7       0       0       000000300D     25
     406       0     -11       1       3       0       0LEVELDEF       0D     26
     406      14       0       0       8       0       0       000000300D     27
     406       0      -1       1       3       0       0LEVELDEF       0D     28
     406      15       0       0       9       0       0       000000300D     29
     406       0      -1       1       3       0       0LEVELDEF       0D     30
     128      16       0       0       6       0       0       000000000D     31
     128       0      -9     211       8       0       0 TrimSrf       0D     32
     128     227       0       0       6       0       0       000000000D     33
     128       0      -9    6744       0       0       0 TrimSrf       0D     34
314,0.0,0.0,0.0,20HRGB(   0,   0,   0 );                         0000001P      1
314,100.0,100.0,0.0,20HRGB( 255, 255,   0 );                     0000003P      2
314,100.0,0.0,0.0,20HRGB( 255,   0,   0 );                       0000005P      3
314,0.0,49.80392,0.0,20HRGB(   0, 127,   0 );                    0000007P      4
314,100.0,49.80392,0.0,20HRGB( 255, 127,   0 );                  0000009P      5
314,0.0,0.0,100.0,20HRGB(   0,   0, 255 );                       0000011P      6
406,2,1,7HDefault;                                               0000013P      7
406,2,2,12HIGES level 0;                                         0000015P      8
406,2,3,4Htest;                                                  0000017P      9
406,2,4,5Hedges;                                                 0000019P     10
406,2,5,14Hgemeten lijnen;                                       0000021P     11
406,2,6,8Hnew surf;                                              0000023P     12
406,2,7,6Hframes;                                                0000025P     13
406,2,8,3HPTS;                                                   0000027P     14
406,2,9,4HDIMS;                                                  0000029P     15
128,1,97,1,3,0,0,1,0,0,0.0D0,0.0D0,63.99999999999999D0,          0000031P     16
63.99999999999999D0,0.0D0,0.0D0,0.0D0,0.0D0,2.490949603551504D0, 0000031P     17
4.981899207103009D0,7.472848810654514D0,9.963798414206018D0,     0000031P     18
12.45474801775752D0,14.94569762130903D0,17.43664722486053D0,     0000031P     19
19.92759682841204D0,22.41854643196354D0,24.90949603551504D0,     0000031P     20
27.40044563906655D0,29.89139524261806D0,32.38234484616956D0,     0000031P     21
34.87329444972107D0,37.36424405327257D0,39.85519365682407D0,     0000031P     22
42.34614326037558D0,44.83709286392708D0,47.32804246747859D0,     0000031P     23
49.81899207103009D0,52.30994167458159D0,54.8008912781331D0,      0000031P     24
57.29184088168461D0,59.78279048523611D0,62.27374008878761D0,     0000031P     25
64.76468969233912D0,67.25563929589062D0,69.74658889944213D0,     0000031P     26
72.23753850299363D0,74.72848810654514D0,77.21943771009664D0,     0000031P     27
79.71038731364814D0,82.20133691719965D0,84.69228652075115D0,     0000031P     28
87.18323612430265D0,89.67418572785417D0,92.16513533140567D0,     0000031P     29
94.65608493495718D0,97.14703453850868D0,99.63798414206018D0,     0000031P     30
102.1289337456117D0,104.6198833491632D0,107.1108329527147D0,     0000031P     31
109.6017825562662D0,112.0927321598177D0,114.5836817633692D0,     0000031P     32
117.0746313669207D0,119.5655809704722D0,122.0565305740237D0,     0000031P     33
124.5474801775752D0,127.0384297811267D0,129.5293793846782D0,     0000031P     34
132.0203289882298D0,134.5112785917812D0,137.0022281953328D0,     0000031P     35
139.4931777988843D0,141.9841274024358D0,144.4750770059873D0,     0000031P     36
146.9660266095388D0,149.4569762130903D0,151.9479258166418D0,     0000031P     37
154.4388754201933D0,156.9298250237448D0,159.4207746272963D0,     0000031P     38
161.9117242308478D0,164.4026738343993D0,166.8936234379508D0,     0000031P     39
169.3845730415023D0,171.8755226450538D0,174.3664722486053D0,     0000031P     40
176.8574218521568D0,179.3483714557083D0,181.8393210592599D0,     0000031P     41
184.3302706628113D0,186.8212202663628D0,189.3121698699144D0,     0000031P     42
191.8031194734658D0,194.2940690770174D0,196.7850186805689D0,     0000031P     43
199.2759682841204D0,201.7669178876719D0,204.2578674912234D0,     0000031P     44
206.7488170947749D0,209.2397666983264D0,211.7307163018779D0,     0000031P     45
214.2216659054294D0,216.7126155089809D0,219.2035651125324D0,     0000031P     46
221.6945147160839D0,224.1854643196354D0,226.6764139231869D0,     0000031P     47
229.1673635267384D0,231.6583131302899D0,234.1492627338414D0,     0000031P     48
236.6402123373929D0,236.6402123373929D0,236.6402123373929D0,     0000031P     49
236.6402123373929D0,1.0D0,1.0D0,1.0D0,1.0D0,1.0D0,1.0D0,1.0D0,   0000031P     50
1.0D0,1.0D0,1.0D0,1.0D0,1.0D0,1.0D0,1.0D0,1.0D0,1.0D0,1.0D0,     0000031P     51
1.0D0,1.0D0,1.0D0,1.0D0,1.0D0,1.0D0,1.0D0,1.0D0,1.0D0,1.0D0,     0000031P     52
1.0D0,1.0D0,1.0D0,1.0D0,1.0D0,1.0D0,1.0D0,1.0D0,1.0D0,1.0D0,     0000031P     53
1.0D0,1.0D0,1.0D0,1.0D0,1.0D0,1.0D0,1.0D0,1.0D0,1.0D0,1.0D0,     0000031P     54
1.0D0,1.0D0,1.0D0,1.0D0,1.0D0,1.0D0,1.0D0,1.0D0,1.0D0,1.0D0,     0000031P     55
1.0D0,1.0D0,1.0D0,1.0D0,1.0D0,1.0D0,1.0D0,1.0D0,1.0D0,1.0D0,     0000031P     56
1.0D0,1.0D0,1.0D0,1.0D0,1.0D0,1.0D0,1.0D0,1.0D0,1.0D0,1.0D0,     0000031P     57
1.0D0,1.0D0,1.0D0,1.0D0,1.0D0,1.0D0,1.0D0,1.0D0,1.0D0,1.0D0,     0000031P     58
1.0D0,1.0D0,1.0D0,1.0D0,1.0D0,1.0D0,1.0D0,1.0D0,1.0D0,1.0D0,     0000031P     59
1.0D0,1.0D0,1.0D0,1.0D0,1.0D0,1.0D0,1.0D0,1.0D0,1.0D0,1.0D0,     0000031P     60
1.0D0,1.0D0,1.0D0,1.0D0,1.0D0,1.0D0,1.0D0,1.0D0,1.0D0,1.0D0,     0000031P     61
1.0D0,1.0D0,1.0D0,1.0D0,1.0D0,1.0D0,1.0D0,1.0D0,1.0D0,1.0D0,     0000031P     62
1.0D0,1.0D0,1.0D0,1.0D0,1.0D0,1.0D0,1.0D0,1.0D0,1.0D0,1.0D0,     0000031P     63
1.0D0,1.0D0,1.0D0,1.0D0,1.0D0,1.0D0,1.0D0,1.0D0,1.0D0,1.0D0,     0000031P     64
1.0D0,1.0D0,1.0D0,1.0D0,1.0D0,1.0D0,1.0D0,1.0D0,1.0D0,1.0D0,     0000031P     65
1.0D0,1.0D0,1.0D0,1.0D0,1.0D0,1.0D0,1.0D0,1.0D0,1.0D0,1.0D0,     0000031P     66
1.0D0,1.0D0,1.0D0,1.0D0,1.0D0,1.0D0,1.0D0,1.0D0,1.0D0,1.0D0,     0000031P     67
1.0D0,1.0D0,1.0D0,1.0D0,1.0D0,1.0D0,1.0D0,1.0D0,1.0D0,1.0D0,     0000031P     68
1.0D0,1.0D0,1.0D0,1.0D0,1.0D0,1.0D0,1.0D0,1.0D0,1.0D0,-272.0D0,  0000031P     69
0.0D0,242.6000000000001D0,-272.0D0,0.0D0,242.6000000000001D0,    0000031P     70
-272.0D0,0.0D0,242.9228070175439D0,-272.0D0,                     0000031P     71
-0.4132640017294275D0,242.7700188332401D0,-272.0D0,0.0D0,        0000031P     72
243.5684210526316D0,-271.9999999999999D0,-1.235488840895717D0,   0000031P     73
243.107304884077D0,-272.0D0,0.0D0,244.5368421052632D0,           0000031P     74
-272.0000000000002D0,-2.499396424796839D0,243.618169018402D0,    0000031P     75
-272.0D0,0.0D0,245.5052631578948D0,-271.9999999999999D0,         0000031P     76
-3.769786147544064D0,244.1190453159817D0,-272.0D0,0.0D0,         0000031P     77
246.4736842105264D0,-272.0000000000001D0,-4.993628013391064D0,   0000031P     78
244.5871201081463D0,-272.0D0,0.0D0,247.442105263158D0,           0000031P     79
-271.9999999999999D0,-6.282670993820523D0,245.0623851301413D0,   0000031P     80
-272.0D0,0.0D0,248.4105263157896D0,-272.0000000000001D0,         0000031P     81
-7.532301362715039D0,245.5067012632442D0,-272.0D0,0.0D0,         0000031P     82
249.3789473684211D0,-271.9999999999999D0,-8.81431736833335D0,    0000031P     83
245.9547204942462D0,-272.0D0,0.0D0,250.3473684210527D0,-272.0D0, 0000031P     84
-10.08578570577878D0,246.3966825258027D0,-272.0D0,0.0D0,         0000031P     85
251.3157894736843D0,-272.0000000000001D0,-11.35055778009613D0,   0000031P     86
246.8400279993058D0,-272.0D0,0.0D0,252.2842105263159D0,          0000031P     87
-271.9999999999999D0,-12.61338065684385D0,247.2924310382887D0,   0000031P     88
-272.0D0,0.0D0,253.2526315789475D0,-272.0D0,                     0000031P     89
-13.89995279357101D0,247.7744204178436D0,-272.0D0,0.0D0,         0000031P     90
254.221052631579D0,-272.0D0,-15.15692185543003D0,                0000031P     91
248.2679552726317D0,-272.0D0,0.0D0,255.1894736842106D0,-272.0D0, 0000031P     92
-16.38227017431572D0,248.7678276477111D0,-272.0D0,0.0D0,         0000031P     93
256.1578947368422D0,-272.0000000000001D0,-17.62213852820303D0,   0000031P     94
249.2878264261267D0,-272.0D0,0.0D0,257.1263157894738D0,          0000031P     95
-271.9999999999999D0,-18.86993053308962D0,249.8178103511057D0,   0000031P     96
-272.0D0,0.0D0,258.0947368421054D0,-272.0000000000001D0,         0000031P     97
-20.10796508382679D0,250.3458476094992D0,-272.0D0,0.0D0,         0000031P     98
259.063157894737D0,-272.0D0,-21.3558302275332D0,                 0000031P     99
250.8814303009696D0,-272.0D0,0.0D0,260.0315789473685D0,-272.0D0, 0000031P    100
-22.58550703161378D0,251.4126062109366D0,-272.0D0,0.0D0,         0000031P    101
261.0000000000001D0,-272.0D0,-23.82026652595618D0,               0000031P    102
251.9500267055566D0,-272.0D0,0.0D0,261.9684210526317D0,          0000031P    103
-272.0000000000001D0,-25.039354424345D0,252.4847969984578D0,     0000031P    104
-272.0D0,0.0D0,262.9368421052633D0,-272.0D0,                     0000031P    105
-26.31214936363581D0,253.0509165180158D0,-272.0D0,0.0D0,         0000031P    106
263.9052631578949D0,-272.0000000000001D0,-27.51433257963241D0,   0000031P    107
253.5966843524272D0,-272.0D0,0.0D0,264.8736842105265D0,          0000031P    108
-271.9999999999999D0,-28.73712562594647D0,254.1662329694469D0,   0000031P    109
-272.0D0,0.0D0,265.842105263158D0,-272.0000000000001D0,          0000031P    110
-29.94126475634061D0,254.7450628227663D0,-272.0D0,0.0D0,         0000031P    111
266.8105263157896D0,-272.0D0,-31.15251454369253D0,               0000031P    112
255.3481621716388D0,-272.0D0,0.0D0,267.7789473684212D0,          0000031P    113
-272.0000000000001D0,-32.3603254664071D0,255.9709575513814D0,    0000031P    114
-272.0D0,0.0D0,268.7473684210528D0,-271.9999999999999D0,         0000031P    115
-33.55262123360328D0,256.6076811009634D0,-272.0D0,0.0D0,         0000031P    116
269.7157894736844D0,-272.0000000000001D0,-34.71202627812727D0,   0000031P    117
257.2482579165897D0,-272.0D0,0.0D0,270.684210526316D0,-272.0D0,  0000031P    118
-35.90684873866233D0,257.9321273524013D0,-272.0D0,0.0D0,         0000031P    119
271.6526315789475D0,-272.0D0,-37.07350205471677D0,               0000031P    120
258.6249108339908D0,-272.0D0,0.0D0,272.6210526315791D0,-272.0D0, 0000031P    121
-38.18919686024172D0,259.3096422433397D0,-272.0D0,0.0D0,         0000031P    122
273.5894736842107D0,-272.0D0,-39.35199924014315D0,               0000031P    123
260.0473315295428D0,-272.0D0,0.0D0,274.5578947368423D0,-272.0D0, 0000031P    124
-40.46911495806761D0,260.7800162184854D0,-272.0D0,0.0D0,         0000031P    125
275.5263157894739D0,-272.0000000000001D0,-41.5760364575324D0,    0000031P    126
261.528644948936D0,-272.0D0,0.0D0,276.4947368421055D0,           0000031P    127
-271.9999999999999D0,-42.69460277522163D0,262.3107469429251D0,   0000031P    128
-272.0D0,0.0D0,277.463157894737D0,-272.0000000000001D0,          0000031P    129
-43.77643783651352D0,263.0935127249232D0,-272.0D0,0.0D0,         0000031P    130
278.4315789473686D0,-271.9999999999999D0,-44.85217585760361D0,   0000031P    131
263.8984312507882D0,-272.0D0,0.0D0,279.4000000000002D0,-272.0D0, 0000031P    132
-45.92145453367021D0,264.7257089917044D0,-272.0D0,0.0D0,         0000031P    133
280.3684210526318D0,-272.0000000000001D0,-46.97071834045347D0,   0000031P    134
265.5637854856482D0,-272.0D0,0.0D0,281.3368421052634D0,          0000031P    135
-271.9999999999999D0,-48.01433000916015D0,266.4292778255152D0,   0000031P    136
-272.0D0,0.0D0,282.305263157895D0,-272.0000000000001D0,          0000031P    137
-49.0243771208612D0,267.3031420583757D0,-272.0D0,0.0D0,          0000031P    138
283.2736842105265D0,-272.0D0,-50.02826711671874D0,               0000031P    139
268.2138618363131D0,-272.0D0,0.0D0,284.2421052631581D0,-272.0D0, 0000031P    140
-51.00078687566329D0,269.1452301514695D0,-272.0D0,0.0D0,         0000031P    141
285.2105263157897D0,-272.0D0,-51.93921466540309D0,               0000031P    142
270.0977789915224D0,-272.0D0,0.0D0,286.1789473684213D0,-272.0D0, 0000031P    143
-52.87764464633061D0,271.1068665597315D0,-272.0D0,0.0D0,         0000031P    144
287.1473684210529D0,-272.0000000000001D0,-53.75602374494003D0,   0000031P    145
272.1045587555649D0,-272.0D0,0.0D0,288.1157894736845D0,-272.0D0, 0000031P    146
-54.6278653625637D0,273.1467846781043D0,-272.0D0,0.0D0,          0000031P    147
289.084210526316D0,-272.0D0,-55.46828731577686D0,                0000031P    148
274.2027592685845D0,-272.0D0,0.0D0,290.0526315789476D0,-272.0D0, 0000031P    149
-56.28866808904486D0,275.2823851198724D0,-272.0D0,0.0D0,         0000031P    150
291.0210526315792D0,-272.0000000000001D0,-57.07880699569098D0,   0000031P    151
276.3707505323934D0,-272.0D0,0.0D0,291.9894736842108D0,          0000031P    152
-271.9999999999999D0,-57.83349314671298D0,277.4568205490666D0,   0000031P    153
-272.0D0,0.0D0,292.9578947368424D0,-272.0000000000001D0,         0000031P    154
-58.58023034210004D0,278.5787053344478D0,-272.0D0,0.0D0,         0000031P    155
293.926315789474D0,-271.9999999999999D0,-59.31698811480052D0,    0000031P    156
279.736841322289D0,-272.0D0,0.0D0,294.8947368421055D0,           0000031P    157
-271.9999999999999D0,-60.00091229258602D0,280.8588737513549D0,   0000031P    158
-272.0D0,0.0D0,295.8631578947371D0,-272.0000000000001D0,         0000031P    159
-60.69540705832717D0,282.0517820330206D0,-272.0D0,0.0D0,         0000031P    160
296.8315789473687D0,-272.0D0,-61.34494421531473D0,               0000031P    161
283.2285739985204D0,-272.0D0,0.0D0,297.8000000000003D0,          0000031P    162
-271.9999999999999D0,-61.97275709604418D0,284.4352243763906D0,   0000031P    163
-272.0D0,0.0D0,298.7684210526319D0,-272.0D0,                     0000031P    164
-62.54688225126306D0,285.6131860508683D0,-272.0D0,0.0D0,         0000031P    165
299.7368421052635D0,-272.0D0,-63.10656164464304D0,               0000031P    166
286.8482775073218D0,-272.0D0,0.0D0,300.7052631578951D0,          0000031P    167
-272.0000000000001D0,-63.62723058938806D0,288.101470795547D0,    0000031P    168
-272.0D0,0.0D0,301.6736842105266D0,-271.9999999999999D0,         0000031P    169
-64.10815583131854D0,289.3680565862831D0,-272.0D0,0.0D0,         0000031P    170
302.6421052631582D0,-272.0000000000001D0,-64.54185531137459D0,   0000031P    171
290.615942156567D0,-272.0D0,0.0D0,303.6105263157898D0,-272.0D0,  0000031P    172
-64.95665198999687D0,291.9259924799456D0,-272.0D0,0.0D0,         0000031P    173
304.5789473684214D0,-272.0D0,-65.32278706254076D0,               0000031P    174
293.1971763141549D0,-272.0D0,0.0D0,305.547368421053D0,           0000031P    175
-271.9999999999999D0,-65.67230009302139D0,294.53508330265D0,     0000031P    176
-272.0D0,0.0D0,306.5157894736846D0,-272.0D0,-65.9753285007743D0, 0000031P    177
295.8189500373392D0,-272.0D0,0.0D0,307.4842105263161D0,          0000031P    178
-271.9999999999999D0,-66.25476244746591D0,297.1433015277245D0,   0000031P    179
-272.0D0,0.0D0,308.4526315789477D0,-272.0000000000001D0,         0000031P    180
-66.49831230358858D0,298.4600361051878D0,-272.0D0,0.0D0,         0000031P    181
309.4210526315792D0,-272.0D0,-66.71234101137465D0,               0000031P    182
299.8136098011095D0,-272.0D0,0.0D0,310.3894736842108D0,-272.0D0, 0000031P    183
-66.88463997222253D0,301.1285831451607D0,-272.0D0,0.0D0,         0000031P    184
311.3578947368424D0,-272.0D0,-67.02502820727385D0,               0000031P    185
302.4831391047252D0,-272.0D0,0.0D0,312.3263157894739D0,-272.0D0, 0000031P    186
-67.12614718839551D0,303.8282844323342D0,-272.0D0,0.0D0,         0000031P    187
313.2947368421055D0,-272.0D0,-67.19313507927038D0,               0000031P    188
305.1549282948309D0,-272.0D0,0.0D0,314.2631578947371D0,          0000031P    189
-271.9999999999999D0,-67.23023295901803D0,306.5237716620129D0,   0000031P    190
-272.0D0,0.0D0,315.2315789473686D0,-272.0000000000001D0,         0000031P    191
-67.23757812121141D0,307.8545144206473D0,-272.0D0,0.0D0,         0000031P    192
316.2000000000002D0,-272.0D0,-67.21885624474925D0,               0000031P    193
309.2014131621515D0,-272.0D0,0.0D0,317.1684210526317D0,          0000031P    194
-271.9999999999999D0,-67.17470925767961D0,310.5624602403893D0,   0000031P    195
-272.0D0,0.0D0,318.1368421052633D0,-272.0000000000001D0,         0000031P    196
-67.10721280402764D0,311.9126250011142D0,-272.0D0,0.0D0,         0000031P    197
319.1052631578949D0,-272.0D0,-67.01710007265238D0,               0000031P    198
313.237470954438D0,-272.0D0,0.0D0,320.0736842105265D0,           0000031P    199
-271.9999999999999D0,-66.90005714228634D0,314.5878056983195D0,   0000031P    200
-272.0D0,0.0D0,321.042105263158D0,-272.0000000000001D0,          0000031P    201
-66.75714040949549D0,315.9295544570584D0,-272.0D0,0.0D0,         0000031P    202
322.0105263157896D0,-272.0D0,-66.5898905566327D0,                0000031P    203
317.2642772036628D0,-272.0D0,0.0D0,322.9789473684212D0,-272.0D0, 0000031P    204
-66.39233999633851D0,318.5940387174614D0,-272.0D0,0.0D0,         0000031P    205
323.9473684210528D0,-272.0D0,-66.19087844503864D0,               0000031P    206
319.9399392568291D0,-272.0D0,0.0D0,324.9157894736844D0,-272.0D0, 0000031P    207
-65.99184160894389D0,321.2723031207488D0,-272.0D0,0.0D0,         0000031P    208
325.8842105263159D0,-272.0D0,-65.79565999508961D0,               0000031P    209
322.5848419758729D0,-272.0D0,0.0D0,326.8526315789475D0,          0000031P    210
-271.9999999999999D0,-65.59159165891157D0,323.9503454525056D0,   0000031P    211
-272.0D0,0.0D0,327.8210526315791D0,-272.0000000000001D0,         0000031P    212
-65.395312112472D0,325.2636808510077D0,-272.0D0,0.0D0,           0000031P    213
328.7894736842106D0,-272.0D0,-65.19686661758894D0,               0000031P    214
326.5915229045243D0,-272.0D0,0.0D0,329.7578947368422D0,          0000031P    215
-271.9999999999999D0,-64.99596425494337D0,327.9358006472748D0,   0000031P    216
-272.0D0,0.0D0,330.7263157894738D0,-272.0000000000001D0,         0000031P    217
-64.79752900616622D0,329.2635714245388D0,-271.9999999999999D0,   0000031P    218
0.0D0,331.6947368421053D0,-272.0D0,-64.59914306906616D0,         0000031P    219
330.5910119808252D0,-272.0D0,0.0D0,332.6631578947369D0,-272.0D0, 0000031P    220
-64.39971303427041D0,331.9254388783704D0,-272.0D0,0.0D0,         0000031P    221
333.6315789473684D0,-272.0D0,-64.19677121986534D0,               0000031P    222
333.2833637875608D0,-272.0D0,0.0D0,334.2771929824562D0,-272.0D0, 0000031P    223
-64.06596438204844D0,334.1586189172626D0,-272.0D0,0.0D0,334.6D0, 0000031P    224
-272.0D0,-63.99999999999999D0,334.6D0,0.0D0,63.99999999999999D0, 0000031P    225
0.0D0,236.6402123373929D0;                                       0000031P    226
128,97,61,3,3,0,0,1,0,0,0.0D0,0.0D0,0.0D0,0.0D0,                 0000033P    227
2.490949603551504D0,4.981899207103009D0,7.472848810654514D0,     0000033P    228
9.963798414206018D0,12.45474801775752D0,14.94569762130903D0,     0000033P    229
17.43664722486053D0,19.92759682841204D0,22.41854643196354D0,     0000033P    230
24.90949603551504D0,27.40044563906655D0,29.89139524261806D0,     0000033P    231
32.38234484616956D0,34.87329444972107D0,37.36424405327257D0,     0000033P    232
39.85519365682407D0,42.34614326037558D0,44.83709286392708D0,     0000033P    233
47.32804246747859D0,49.81899207103009D0,52.30994167458159D0,     0000033P    234
54.8008912781331D0,57.29184088168461D0,59.78279048523611D0,      0000033P    235
62.27374008878761D0,64.76468969233912D0,67.25563929589062D0,     0000033P    236
69.74658889944213D0,72.23753850299363D0,74.72848810654514D0,     0000033P    237
77.21943771009664D0,79.71038731364814D0,82.20133691719965D0,     0000033P    238
84.69228652075115D0,87.18323612430265D0,89.67418572785417D0,     0000033P    239
92.16513533140567D0,94.65608493495718D0,97.14703453850868D0,     0000033P    240
99.63798414206018D0,102.1289337456117D0,104.6198833491632D0,     0000033P    241
107.1108329527147D0,109.6017825562662D0,112.0927321598177D0,     0000033P    242
114.5836817633692D0,117.0746313669207D0,119.5655809704722D0,     0000033P    243
122.0565305740237D0,124.5474801775752D0,127.0384297811267D0,     0000033P    244
129.5293793846782D0,132.0203289882298D0,134.5112785917812D0,     0000033P    245
137.0022281953328D0,139.4931777988843D0,141.9841274024358D0,     0000033P    246
144.4750770059873D0,146.9660266095388D0,149.4569762130903D0,     0000033P    247
151.9479258166418D0,154.4388754201933D0,156.9298250237448D0,     0000033P    248
159.4207746272963D0,161.9117242308478D0,164.4026738343993D0,     0000033P    249
166.8936234379508D0,169.3845730415023D0,171.8755226450538D0,     0000033P    250
174.3664722486053D0,176.8574218521568D0,179.3483714557083D0,     0000033P    251
181.8393210592599D0,184.3302706628113D0,186.8212202663628D0,     0000033P    252
189.3121698699144D0,191.8031194734658D0,194.2940690770174D0,     0000033P    253
196.7850186805689D0,199.2759682841204D0,201.7669178876719D0,     0000033P    254
204.2578674912234D0,206.7488170947749D0,209.2397666983264D0,     0000033P    255
211.7307163018779D0,214.2216659054294D0,216.7126155089809D0,     0000033P    256
219.2035651125324D0,221.6945147160839D0,224.1854643196354D0,     0000033P    257
226.6764139231869D0,229.1673635267384D0,231.6583131302899D0,     0000033P    258
234.1492627338414D0,236.6402123373929D0,236.6402123373929D0,     0000033P    259
236.6402123373929D0,236.6402123373929D0,0.0D0,0.0D0,0.0D0,0.0D0, 0000033P    260
60.37316513090836D0,120.7463302618167D0,162.1173937277042D0,     0000033P    261
203.4884571935916D0,245.4155171265728D0,287.342577059554D0,      0000033P    262
329.2748575180256D0,371.2071379764971D0,412.8587669605148D0,     0000033P    263
454.5103959445326D0,495.774923788006D0,537.0394516314794D0,      0000033P    264
577.9991030252324D0,618.9587544189853D0,659.7203509218143D0,     0000033P    265
700.4819474246433D0,741.0429782517119D0,781.6040090787807D0,     0000033P    266
822.0979187948506D0,862.5918285109203D0,903.0211970778319D0,     0000033P    267
943.4505656447434D0,983.6940853683693D0,1023.937605091995D0,     0000033P    268
1064.023262521266D0,1104.108919950537D0,1144.223550311533D0,     0000033P    269
1184.33818067253D0,1224.662529143068D0,1264.986877613606D0,      0000033P    270
1305.484677433486D0,1345.982477253366D0,1386.691172467605D0,     0000033P    271
1427.399867681845D0,1468.198718432382D0,1508.997569182919D0,     0000033P    272
1549.828774696209D0,1590.659980209498D0,1631.64496109811D0,      0000033P    273
1672.629941986722D0,1713.872587417525D0,1755.115232848328D0,     0000033P    274
1776.078272337799D0,1797.04131182727D0,1818.004351316741D0,      0000033P    275
1838.967390806212D0,1860.458997702111D0,1881.950604598009D0,     0000033P    276
1903.442211493907D0,1924.933818389806D0,1947.138432425995D0,     0000033P    277
1969.343046462185D0,1991.547660498375D0,2013.752274534565D0,     0000033P    278
2044.250928633497D0,2074.749582732429D0,2105.248236831361D0,     0000033P    279
2156.80983127825D0,2208.371425725138D0,2208.371425725138D0,      0000033P    280
2208.371425725138D0,2208.371425725138D0,1.0D0,1.0D0,1.0D0,1.0D0, 0000033P    281
1.0D0,1.0D0,1.0D0,1.0D0,1.0D0,1.0D0,1.0D0,1.0D0,1.0D0,1.0D0,     0000033P    282
1.0D0,1.0D0,1.0D0,1.0D0,1.0D0,1.0D0,1.0D0,1.0D0,1.0D0,1.0D0,     0000033P    283
1.0D0,1.0D0,1.0D0,1.0D0,1.0D0,1.0D0,1.0D0,1.0D0,1.0D0,1.0D0,     0000033P    284
1.0D0,1.0D0,1.0D0,1.0D0,1.0D0,1.0D0,1.0D0,1.0D0,1.0D0,1.0D0,     0000033P    285
1.0D0,1.0D0,1.0D0,1.0D0,1.0D0,1.0D0,1.0D0,1.0D0,1.0D0,1.0D0,     0000033P    286
1.0D0,1.0D0,1.0D0,1.0D0,1.0D0,1.0D0,1.0D0,1.0D0,1.0D0,1.0D0,     0000033P    287
1.0D0,1.0D0,1.0D0,1.0D0,1.0D0,1.0D0,1.0D0,1.0D0,1.0D0,1.0D0,     0000033P    288
1.0D0,1.0D0,1.0D0,1.0D0,1.0D0,1.0D0,1.0D0,1.0D0,1.0D0,1.0D0,     0000033P    289
1.0D0,1.0D0,1.0D0,1.0D0,1.0D0,1.0D0,1.0D0,1.0D0,1.0D0,1.0D0,     0000033P    290
1.0D0,1.0D0,1.0D0,1.0D0,1.0D0,1.0D0,1.0D0,1.0D0,1.0D0,1.0D0,     0000033P    291
1.0D0,1.0D0,1.0D0,1.0D0,1.0D0,1.0D0,1.0D0,1.0D0,1.0D0,1.0D0,     0000033P    292
1.0D0,1.0D0,1.0D0,1.0D0,1.0D0,1.0D0,1.0D0,1.0D0,1.0D0,1.0D0,     0000033P    293
1.0D0,1.0D0,1.0D0,1.0D0,1.0D0,1.0D0,1.0D0,1.0D0,1.0D0,1.0D0,     0000033P    294
1.0D0,1.0D0,1.0D0,1.0D0,1.0D0,1.0D0,1.0D0,1.0D0,1.0D0,1.0D0,     0000033P    295
1.0D0,1.0D0,1.0D0,1.0D0,1.0D0,1.0D0,1.0D0,1.0D0,1.0D0,1.0D0,     0000033P    296
1.0D0,1.0D0,1.0D0,1.0D0,1.0D0,1.0D0,1.0D0,1.0D0,1.0D0,1.0D0,     0000033P    297
1.0D0,1.0D0,1.0D0,1.0D0,1.0D0,1.0D0,1.0D0,1.0D0,1.0D0,1.0D0,     0000033P    298
1.0D0,1.0D0,1.0D0,1.0D0,1.0D0,1.0D0,1.0D0,1.0D0,1.0D0,1.0D0,     0000033P    299
1.0D0,1.0D0,1.0D0,1.0D0,1.0D0,1.0D0,1.0D0,1.0D0,1.0D0,1.0D0,     0000033P    300
1.0D0,1.0D0,1.0D0,1.0D0,1.0D0,1.0D0,1.0D0,1.0D0,1.0D0,1.0D0,     0000033P    301
1.0D0,1.0D0,1.0D0,1.0D0,1.0D0,1.0D0,1.0D0,1.0D0,1.0D0,1.0D0,     0000033P    302
1.0D0,1.0D0,1.0D0,1.0D0,1.0D0,1.0D0,1.0D0,1.0D0,1.0D0,1.0D0,     0000033P    303
1.0D0,1.0D0,1.0D0,1.0D0,1.0D0,1.0D0,1.0D0,1.0D0,1.0D0,1.0D0,     0000033P    304
1.0D0,1.0D0,1.0D0,1.0D0,1.0D0,1.0D0,1.0D0,1.0D0,1.0D0,1.0D0,     0000033P    305
1.0D0,1.0D0,1.0D0,1.0D0,1.0D0,1.0D0,1.0D0,1.0D0,1.0D0,1.0D0,     0000033P    306
1.0D0,1.0D0,1.0D0,1.0D0,1.0D0,1.0D0,1.0D0,1.0D0,1.0D0,1.0D0,     0000033P    307
1.0D0,1.0D0,1.0D0,1.0D0,1.0D0,1.0D0,1.0D0,1.0D0,1.0D0,1.0D0,     0000033P    308
1.0D0,1.0D0,1.0D0,1.0D0,1.0D0,1.0D0,1.0D0,1.0D0,1.0D0,1.0D0,     0000033P    309
1.0D0,1.0D0,1.0D0,1.0D0,1.0D0,1.0D0,1.0D0,1.0D0,1.0D0,1.0D0,     0000033P    310
1.0D0,1.0D0,1.0D0,1.0D0,1.0D0,1.0D0,1.0D0,1.0D0,1.0D0,1.0D0,     0000033P    311
1.0D0,1.0D0,1.0D0,1.0D0,1.0D0,1.0D0,1.0D0,1.0D0,1.0D0,1.0D0,     0000033P    312
1.0D0,1.0D0,1.0D0,1.0D0,1.0D0,1.0D0,1.0D0,1.0D0,1.0D0,1.0D0,     0000033P    313
1.0D0,1.0D0,1.0D0,1.0D0,1.0D0,1.0D0,1.0D0,1.0D0,1.0D0,1.0D0,     0000033P    314
1.0D0,1.0D0,1.0D0,1.0D0,1.0D0,1.0D0,1.0D0,1.0D0,1.0D0,1.0D0,     0000033P    315
1.0D0,1.0D0,1.0D0,1.0D0,1.0D0,1.0D0,1.0D0,1.0D0,1.0D0,1.0D0,     0000033P    316
1.0D0,1.0D0,1.0D0,1.0D0,1.0D0,1.0D0,1.0D0,1.0D0,1.0D0,1.0D0,     0000033P    317
1.0D0,1.0D0,1.0D0,1.0D0,1.0D0,1.0D0,1.0D0,1.0D0,1.0D0,1.0D0,     0000033P    318
1.0D0,1.0D0,1.0D0,1.0D0,1.0D0,1.0D0,1.0D0,1.0D0,1.0D0,1.0D0,     0000033P    319
1.0D0,1.0D0,1.0D0,1.0D0,1.0D0,1.0D0,1.0D0,1.0D0,1.0D0,1.0D0,     0000033P    320
1.0D0,1.0D0,1.0D0,1.0D0,1.0D0,1.0D0,1.0D0,1.0D0,1.0D0,1.0D0,     0000033P    321
1.0D0,1.0D0,1.0D0,1.0D0,1.0D0,1.0D0,1.0D0,1.0D0,1.0D0,1.0D0,     0000033P    322
1.0D0,1.0D0,1.0D0,1.0D0,1.0D0,1.0D0,1.0D0,1.0D0,1.0D0,1.0D0,     0000033P    323
1.0D0,1.0D0,1.0D0,1.0D0,1.0D0,1.0D0,1.0D0,1.0D0,1.0D0,1.0D0,     0000033P    324
1.0D0,1.0D0,1.0D0,1.0D0,1.0D0,1.0D0,1.0D0,1.0D0,1.0D0,1.0D0,     0000033P    325
1.0D0,1.0D0,1.0D0,1.0D0,1.0D0,1.0D0,1.0D0,1.0D0,1.0D0,1.0D0,     0000033P    326
1.0D0,1.0D0,1.0D0,1.0D0,1.0D0,1.0D0,1.0D0,1.0D0,1.0D0,1.0D0,     0000033P    327
1.0D0,1.0D0,1.0D0,1.0D0,1.0D0,1.0D0,1.0D0,1.0D0,1.0D0,1.0D0,     0000033P    328
1.0D0,1.0D0,1.0D0,1.0D0,1.0D0,1.0D0,1.0D0,1.0D0,1.0D0,1.0D0,     0000033P    329
1.0D0,1.0D0,1.0D0,1.0D0,1.0D0,1.0D0,1.0D0,1.0D0,1.0D0,1.0D0,     0000033P    330
1.0D0,1.0D0,1.0D0,1.0D0,1.0D0,1.0D0,1.0D0,1.0D0,1.0D0,1.0D0,     0000033P    331
1.0D0,1.0D0,1.0D0,1.0D0,1.0D0,1.0D0,1.0D0,1.0D0,1.0D0,1.0D0,     0000033P    332
1.0D0,1.0D0,1.0D0,1.0D0,1.0D0,1.0D0,1.0D0,1.0D0,1.0D0,1.0D0,     0000033P    333
1.0D0,1.0D0,1.0D0,1.0D0,1.0D0,1.0D0,1.0D0,1.0D0,1.0D0,1.0D0,     0000033P    334
1.0D0,1.0D0,1.0D0,1.0D0,1.0D0,1.0D0,1.0D0,1.0D0,1.0D0,1.0D0,     0000033P    335
1.0D0,1.0D0,1.0D0,1.0D0,1.0D0,1.0D0,1.0D0,1.0D0,1.0D0,1.0D0,     0000033P    336
1.0D0,1.0D0,1.0D0,1.0D0,1.0D0,1.0D0,1.0D0,1.0D0,1.0D0,1.0D0,     0000033P    337
1.0D0,1.0D0,1.0D0,1.0D0,1.0D0,1.0D0,1.0D0,1.0D0,1.0D0,1.0D0,     0000033P    338
1.0D0,1.0D0,1.0D0,1.0D0,1.0D0,1.0D0,1.0D0,1.0D0,1.0D0,1.0D0,     0000033P    339
1.0D0,1.0D0,1.0D0,1.0D0,1.0D0,1.0D0,1.0D0,1.0D0,1.0D0,1.0D0,     0000033P    340
1.0D0,1.0D0,1.0D0,1.0D0,1.0D0,1.0D0,1.0D0,1.0D0,1.0D0,1.0D0,     0000033P    341
1.0D0,1.0D0,1.0D0,1.0D0,1.0D0,1.0D0,1.0D0,1.0D0,1.0D0,1.0D0,     0000033P    342
1.0D0,1.0D0,1.0D0,1.0D0,1.0D0,1.0D0,1.0D0,1.0D0,1.0D0,1.0D0,     0000033P    343
1.0D0,1.0D0,1.0D0,1.0D0,1.0D0,1.0D0,1.0D0,1.0D0,1.0D0,1.0D0,     0000033P    344
1.0D0,1.0D0,1.0D0,1.0D0,1.0D0,1.0D0,1.0D0,1.0D0,1.0D0,1.0D0,     0000033P    345
1.0D0,1.0D0,1.0D0,1.0D0,1.0D0,1.0D0,1.0D0,1.0D0,1.0D0,1.0D0,     0000033P    346
1.0D0,1.0D0,1.0D0,1.0D0,1.0D0,1.0D0,1.0D0,1.0D0,1.0D0,1.0D0,     0000033P    347
1.0D0,1.0D0,1.0D0,1.0D0,1.0D0,1.0D0,1.0D0,1.0D0,1.0D0,1.0D0,     0000033P    348
1.0D0,1.0D0,1.0D0,1.0D0,1.0D0,1.0D0,1.0D0,1.0D0,1.0D0,1.0D0,     0000033P    349
1.0D0,1.0D0,1.0D0,1.0D0,1.0D0,1.0D0,1.0D0,1.0D0,1.0D0,1.0D0,     0000033P    350
1.0D0,1.0D0,1.0D0,1.0D0,1.0D0,1.0D0,1.0D0,1.0D0,1.0D0,1.0D0,     0000033P    351
1.0D0,1.0D0,1.0D0,1.0D0,1.0D0,1.0D0,1.0D0,1.0D0,1.0D0,1.0D0,     0000033P    352
1.0D0,1.0D0,1.0D0,1.0D0,1.0D0,1.0D0,1.0D0,1.0D0,1.0D0,1.0D0,     0000033P    353
1.0D0,1.0D0,1.0D0,1.0D0,1.0D0,1.0D0,1.0D0,1.0D0,1.0D0,1.0D0,     0000033P    354
1.0D0,1.0D0,1.0D0,1.0D0,1.0D0,1.0D0,1.0D0,1.0D0,1.0D0,1.0D0,     0000033P    355
1.0D0,1.0D0,1.0D0,1.0D0,1.0D0,1.0D0,1.0D0,1.0D0,1.0D0,1.0D0,     0000033P    356
1.0D0,1.0D0,1.0D0,1.0D0,1.0D0,1.0D0,1.0D0,1.0D0,1.0D0,1.0D0,     0000033P    357
1.0D0,1.0D0,1.0D0,1.0D0,1.0D0,1.0D0,1.0D0,1.0D0,1.0D0,1.0D0,     0000033P    358
1.0D0,1.0D0,1.0D0,1.0D0,1.0D0,1.0D0,1.0D0,1.0D0,1.0D0,1.0D0,     0000033P    359
1.0D0,1.0D0,1.0D0,1.0D0,1.0D0,1.0D0,1.0D0,1.0D0,1.0D0,1.0D0,     0000033P    360
1.0D0,1.0D0,1.0D0,1.0D0,1.0D0,1.0D0,1.0D0,1.0D0,1.0D0,1.0D0,     0000033P    361
1.0D0,1.0D0,1.0D0,1.0D0,1.0D0,1.0D0,1.0D0,1.0D0,1.0D0,1.0D0,     0000033P    362
1.0D0,1.0D0,1.0D0,1.0D0,1.0D0,1.0D0,1.0D0,1.0D0,1.0D0,1.0D0,     0000033P    363
1.0D0,1.0D0,1.0D0,1.0D0,1.0D0,1.0D0,1.0D0,1.0D0,1.0D0,1.0D0,     0000033P    364
1.0D0,1.0D0,1.0D0,1.0D0,1.0D0,1.0D0,1.0D0,1.0D0,1.0D0,1.0D0,     0000033P    365
1.0D0,1.0D0,1.0D0,1.0D0,1.0D0,1.0D0,1.0D0,1.0D0,1.0D0,1.0D0,     0000033P    366
1.0D0,1.0D0,1.0D0,1.0D0,1.0D0,1.0D0,1.0D0,1.0D0,1.0D0,1.0D0,     0000033P    367
1.0D0,1.0D0,1.0D0,1.0D0,1.0D0,1.0D0,1.0D0,1.0D0,1.0D0,1.0D0,     0000033P    368
1.0D0,1.0D0,1.0D0,1.0D0,1.0D0,1.0D0,1.0D0,1.0D0,1.0D0,1.0D0,     0000033P    369
1.0D0,1.0D0,1.0D0,1.0D0,1.0D0,1.0D0,1.0D0,1.0D0,1.0D0,1.0D0,     0000033P    370
1.0D0,1.0D0,1.0D0,1.0D0,1.0D0,1.0D0,1.0D0,1.0D0,1.0D0,1.0D0,     0000033P    371
1.0D0,1.0D0,1.0D0,1.0D0,1.0D0,1.0D0,1.0D0,1.0D0,1.0D0,1.0D0,     0000033P    372
1.0D0,1.0D0,1.0D0,1.0D0,1.0D0,1.0D0,1.0D0,1.0D0,1.0D0,1.0D0,     0000033P    373
1.0D0,1.0D0,1.0D0,1.0D0,1.0D0,1.0D0,1.0D0,1.0D0,1.0D0,1.0D0,     0000033P    374
1.0D0,1.0D0,1.0D0,1.0D0,1.0D0,1.0D0,1.0D0,1.0D0,1.0D0,1.0D0,     0000033P    375
1.0D0,1.0D0,1.0D0,1.0D0,1.0D0,1.0D0,1.0D0,1.0D0,1.0D0,1.0D0,     0000033P    376
1.0D0,1.0D0,1.0D0,1.0D0,1.0D0,1.0D0,1.0D0,1.0D0,1.0D0,1.0D0,     0000033P    377
1.0D0,1.0D0,1.0D0,1.0D0,1.0D0,1.0D0,1.0D0,1.0D0,1.0D0,1.0D0,     0000033P    378
1.0D0,1.0D0,1.0D0,1.0D0,1.0D0,1.0D0,1.0D0,1.0D0,1.0D0,1.0D0,     0000033P    379
1.0D0,1.0D0,1.0D0,1.0D0,1.0D0,1.0D0,1.0D0,1.0D0,1.0D0,1.0D0,     0000033P    380
1.0D0,1.0D0,1.0D0,1.0D0,1.0D0,1.0D0,1.0D0,1.0D0,1.0D0,1.0D0,     0000033P    381
1.0D0,1.0D0,1.0D0,1.0D0,1.0D0,1.0D0,1.0D0,1.0D0,1.0D0,1.0D0,     0000033P    382
1.0D0,1.0D0,1.0D0,1.0D0,1.0D0,1.0D0,1.0D0,1.0D0,1.0D0,1.0D0,     0000033P    383
1.0D0,1.0D0,1.0D0,1.0D0,1.0D0,1.0D0,1.0D0,1.0D0,1.0D0,1.0D0,     0000033P    384
1.0D0,1.0D0,1.0D0,1.0D0,1.0D0,1.0D0,1.0D0,1.0D0,1.0D0,1.0D0,     0000033P    385
1.0D0,1.0D0,1.0D0,1.0D0,1.0D0,1.0D0,1.0D0,1.0D0,1.0D0,1.0D0,     0000033P    386
1.0D0,1.0D0,1.0D0,1.0D0,1.0D0,1.0D0,1.0D0,1.0D0,1.0D0,1.0D0,     0000033P    387
1.0D0,1.0D0,1.0D0,1.0D0,1.0D0,1.0D0,1.0D0,1.0D0,1.0D0,1.0D0,     0000033P    388
1.0D0,1.0D0,1.0D0,1.0D0,1.0D0,1.0D0,1.0D0,1.0D0,1.0D0,1.0D0,     0000033P    389
1.0D0,1.0D0,1.0D0,1.0D0,1.0D0,1.0D0,1.0D0,1.0D0,1.0D0,1.0D0,     0000033P    390
1.0D0,1.0D0,1.0D0,1.0D0,1.0D0,1.0D0,1.0D0,1.0D0,1.0D0,1.0D0,     0000033P    391
1.0D0,1.0D0,1.0D0,1.0D0,1.0D0,1.0D0,1.0D0,1.0D0,1.0D0,1.0D0,     0000033P    392
1.0D0,1.0D0,1.0D0,1.0D0,1.0D0,1.0D0,1.0D0,1.0D0,1.0D0,1.0D0,     0000033P    393
1.0D0,1.0D0,1.0D0,1.0D0,1.0D0,1.0D0,1.0D0,1.0D0,1.0D0,1.0D0,     0000033P    394
1.0D0,1.0D0,1.0D0,1.0D0,1.0D0,1.0D0,1.0D0,1.0D0,1.0D0,1.0D0,     0000033P    395
1.0D0,1.0D0,1.0D0,1.0D0,1.0D0,1.0D0,1.0D0,1.0D0,1.0D0,1.0D0,     0000033P    396
1.0D0,1.0D0,1.0D0,1.0D0,1.0D0,1.0D0,1.0D0,1.0D0,1.0D0,1.0D0,     0000033P    397
1.0D0,1.0D0,1.0D0,1.0D0,1.0D0,1.0D0,1.0D0,1.0D0,1.0D0,1.0D0,     0000033P    398
1.0D0,1.0D0,1.0D0,1.0D0,1.0D0,1.0D0,1.0D0,1.0D0,1.0D0,1.0D0,     0000033P    399
1.0D0,1.0D0,1.0D0,1.0D0,1.0D0,1.0D0,1.0D0,1.0D0,1.0D0,1.0D0,     0000033P    400
1.0D0,1.0D0,1.0D0,1.0D0,1.0D0,1.0D0,1.0D0,1.0D0,1.0D0,1.0D0,     0000033P    401
1.0D0,1.0D0,1.0D0,1.0D0,1.0D0,1.0D0,1.0D0,1.0D0,1.0D0,1.0D0,     0000033P    402
1.0D0,1.0D0,1.0D0,1.0D0,1.0D0,1.0D0,1.0D0,1.0D0,1.0D0,1.0D0,     0000033P    403
1.0D0,1.0D0,1.0D0,1.0D0,1.0D0,1.0D0,1.0D0,1.0D0,1.0D0,1.0D0,     0000033P    404
1.0D0,1.0D0,1.0D0,1.0D0,1.0D0,1.0D0,1.0D0,1.0D0,1.0D0,1.0D0,     0000033P    405
1.0D0,1.0D0,1.0D0,1.0D0,1.0D0,1.0D0,1.0D0,1.0D0,1.0D0,1.0D0,     0000033P    406
1.0D0,1.0D0,1.0D0,1.0D0,1.0D0,1.0D0,1.0D0,1.0D0,1.0D0,1.0D0,     0000033P    407
1.0D0,1.0D0,1.0D0,1.0D0,1.0D0,1.0D0,1.0D0,1.0D0,1.0D0,1.0D0,     0000033P    408
1.0D0,1.0D0,1.0D0,1.0D0,1.0D0,1.0D0,1.0D0,1.0D0,1.0D0,1.0D0,     0000033P    409
1.0D0,1.0D0,1.0D0,1.0D0,1.0D0,1.0D0,1.0D0,1.0D0,1.0D0,1.0D0,     0000033P    410
1.0D0,1.0D0,1.0D0,1.0D0,1.0D0,1.0D0,1.0D0,1.0D0,1.0D0,1.0D0,     0000033P    411
1.0D0,1.0D0,1.0D0,1.0D0,1.0D0,1.0D0,1.0D0,1.0D0,1.0D0,1.0D0,     0000033P    412
1.0D0,1.0D0,1.0D0,1.0D0,1.0D0,1.0D0,1.0D0,1.0D0,1.0D0,1.0D0,     0000033P    413
1.0D0,1.0D0,1.0D0,1.0D0,1.0D0,1.0D0,1.0D0,1.0D0,1.0D0,1.0D0,     0000033P    414
1.0D0,1.0D0,1.0D0,1.0D0,1.0D0,1.0D0,1.0D0,1.0D0,1.0D0,1.0D0,     0000033P    415
1.0D0,1.0D0,1.0D0,1.0D0,1.0D0,1.0D0,1.0D0,1.0D0,1.0D0,1.0D0,     0000033P    416
1.0D0,1.0D0,1.0D0,1.0D0,1.0D0,1.0D0,1.0D0,1.0D0,1.0D0,1.0D0,     0000033P    417
1.0D0,1.0D0,1.0D0,1.0D0,1.0D0,1.0D0,1.0D0,1.0D0,1.0D0,1.0D0,     0000033P    418
1.0D0,1.0D0,1.0D0,1.0D0,1.0D0,1.0D0,1.0D0,1.0D0,1.0D0,1.0D0,     0000033P    419
1.0D0,1.0D0,1.0D0,1.0D0,1.0D0,1.0D0,1.0D0,1.0D0,1.0D0,1.0D0,     0000033P    420
1.0D0,1.0D0,1.0D0,1.0D0,1.0D0,1.0D0,1.0D0,1.0D0,1.0D0,1.0D0,     0000033P    421
1.0D0,1.0D0,1.0D0,1.0D0,1.0D0,1.0D0,1.0D0,1.0D0,1.0D0,1.0D0,     0000033P    422
1.0D0,1.0D0,1.0D0,1.0D0,1.0D0,1.0D0,1.0D0,1.0D0,1.0D0,1.0D0,     0000033P    423
1.0D0,1.0D0,1.0D0,1.0D0,1.0D0,1.0D0,1.0D0,1.0D0,1.0D0,1.0D0,     0000033P    424
1.0D0,1.0D0,1.0D0,1.0D0,1.0D0,1.0D0,1.0D0,1.0D0,1.0D0,1.0D0,     0000033P    425
1.0D0,1.0D0,1.0D0,1.0D0,1.0D0,1.0D0,1.0D0,1.0D0,1.0D0,1.0D0,     0000033P    426
1.0D0,1.0D0,1.0D0,1.0D0,1.0D0,1.0D0,1.0D0,1.0D0,1.0D0,1.0D0,     0000033P    427
1.0D0,1.0D0,1.0D0,1.0D0,1.0D0,1.0D0,1.0D0,1.0D0,1.0D0,1.0D0,     0000033P    428
1.0D0,1.0D0,1.0D0,1.0D0,1.0D0,1.0D0,1.0D0,1.0D0,1.0D0,1.0D0,     0000033P    429
1.0D0,1.0D0,1.0D0,1.0D0,1.0D0,1.0D0,1.0D0,1.0D0,1.0D0,1.0D0,     0000033P    430
1.0D0,1.0D0,1.0D0,1.0D0,1.0D0,1.0D0,1.0D0,1.0D0,1.0D0,1.0D0,     0000033P    431
1.0D0,1.0D0,1.0D0,1.0D0,1.0D0,1.0D0,1.0D0,1.0D0,1.0D0,1.0D0,     0000033P    432
1.0D0,1.0D0,1.0D0,1.0D0,1.0D0,1.0D0,1.0D0,1.0D0,1.0D0,1.0D0,     0000033P    433
1.0D0,1.0D0,1.0D0,1.0D0,1.0D0,1.0D0,1.0D0,1.0D0,1.0D0,1.0D0,     0000033P    434
1.0D0,1.0D0,1.0D0,1.0D0,1.0D0,1.0D0,1.0D0,1.0D0,1.0D0,1.0D0,     0000033P    435
1.0D0,1.0D0,1.0D0,1.0D0,1.0D0,1.0D0,1.0D0,1.0D0,1.0D0,1.0D0,     0000033P    436
1.0D0,1.0D0,1.0D0,1.0D0,1.0D0,1.0D0,1.0D0,1.0D0,1.0D0,1.0D0,     0000033P    437
1.0D0,1.0D0,1.0D0,1.0D0,1.0D0,1.0D0,1.0D0,1.0D0,1.0D0,1.0D0,     0000033P    438
1.0D0,1.0D0,1.0D0,1.0D0,1.0D0,1.0D0,1.0D0,1.0D0,1.0D0,1.0D0,     0000033P    439
1.0D0,1.0D0,1.0D0,1.0D0,1.0D0,1.0D0,1.0D0,1.0D0,1.0D0,1.0D0,     0000033P    440
1.0D0,1.0D0,1.0D0,1.0D0,1.0D0,1.0D0,1.0D0,1.0D0,1.0D0,1.0D0,     0000033P    441
1.0D0,1.0D0,1.0D0,1.0D0,1.0D0,1.0D0,1.0D0,1.0D0,1.0D0,1.0D0,     0000033P    442
1.0D0,1.0D0,1.0D0,1.0D0,1.0D0,1.0D0,1.0D0,1.0D0,1.0D0,1.0D0,     0000033P    443
1.0D0,1.0D0,1.0D0,1.0D0,1.0D0,1.0D0,1.0D0,1.0D0,1.0D0,1.0D0,     0000033P    444
1.0D0,1.0D0,1.0D0,1.0D0,1.0D0,1.0D0,1.0D0,1.0D0,1.0D0,1.0D0,     0000033P    445
1.0D0,1.0D0,1.0D0,1.0D0,1.0D0,1.0D0,1.0D0,1.0D0,1.0D0,1.0D0,     0000033P    446
1.0D0,1.0D0,1.0D0,1.0D0,1.0D0,1.0D0,1.0D0,1.0D0,1.0D0,1.0D0,     0000033P    447
1.0D0,1.0D0,1.0D0,1.0D0,1.0D0,1.0D0,1.0D0,1.0D0,1.0D0,1.0D0,     0000033P    448
1.0D0,1.0D0,1.0D0,1.0D0,1.0D0,1.0D0,1.0D0,1.0D0,1.0D0,1.0D0,     0000033P    449
1.0D0,1.0D0,1.0D0,1.0D0,1.0D0,1.0D0,1.0D0,1.0D0,1.0D0,1.0D0,     0000033P    450
1.0D0,1.0D0,1.0D0,1.0D0,1.0D0,1.0D0,1.0D0,1.0D0,1.0D0,1.0D0,     0000033P    451
1.0D0,1.0D0,1.0D0,1.0D0,1.0D0,1.0D0,1.0D0,1.0D0,1.0D0,1.0D0,     0000033P    452
1.0D0,1.0D0,1.0D0,1.0D0,1.0D0,1.0D0,1.0D0,1.0D0,1.0D0,1.0D0,     0000033P    453
1.0D0,1.0D0,1.0D0,1.0D0,1.0D0,1.0D0,1.0D0,1.0D0,1.0D0,1.0D0,     0000033P    454
1.0D0,1.0D0,1.0D0,1.0D0,1.0D0,1.0D0,1.0D0,1.0D0,1.0D0,1.0D0,     0000033P    455
1.0D0,1.0D0,1.0D0,1.0D0,1.0D0,1.0D0,1.0D0,1.0D0,1.0D0,1.0D0,     0000033P    456
1.0D0,1.0D0,1.0D0,1.0D0,1.0D0,1.0D0,1.0D0,1.0D0,1.0D0,1.0D0,     0000033P    457
1.0D0,1.0D0,1.0D0,1.0D0,1.0D0,1.0D0,1.0D0,1.0D0,1.0D0,1.0D0,     0000033P    458
1.0D0,1.0D0,1.0D0,1.0D0,1.0D0,1.0D0,1.0D0,1.0D0,1.0D0,1.0D0,     0000033P    459
1.0D0,1.0D0,1.0D0,1.0D0,1.0D0,1.0D0,1.0D0,1.0D0,1.0D0,1.0D0,     0000033P    460
1.0D0,1.0D0,1.0D0,1.0D0,1.0D0,1.0D0,1.0D0,1.0D0,1.0D0,1.0D0,     0000033P    461
1.0D0,1.0D0,1.0D0,1.0D0,1.0D0,1.0D0,1.0D0,1.0D0,1.0D0,1.0D0,     0000033P    462
1.0D0,1.0D0,1.0D0,1.0D0,1.0D0,1.0D0,1.0D0,1.0D0,1.0D0,1.0D0,     0000033P    463
1.0D0,1.0D0,1.0D0,1.0D0,1.0D0,1.0D0,1.0D0,1.0D0,1.0D0,1.0D0,     0000033P    464
1.0D0,1.0D0,1.0D0,1.0D0,1.0D0,1.0D0,1.0D0,1.0D0,1.0D0,1.0D0,     0000033P    465
1.0D0,1.0D0,1.0D0,1.0D0,1.0D0,1.0D0,1.0D0,1.0D0,1.0D0,1.0D0,     0000033P    466
1.0D0,1.0D0,1.0D0,1.0D0,1.0D0,1.0D0,1.0D0,1.0D0,1.0D0,1.0D0,     0000033P    467
1.0D0,1.0D0,1.0D0,1.0D0,1.0D0,1.0D0,1.0D0,1.0D0,1.0D0,1.0D0,     0000033P    468
1.0D0,1.0D0,1.0D0,1.0D0,1.0D0,1.0D0,1.0D0,1.0D0,1.0D0,1.0D0,     0000033P    469
1.0D0,1.0D0,1.0D0,1.0D0,1.0D0,1.0D0,1.0D0,1.0D0,1.0D0,1.0D0,     0000033P    470
1.0D0,1.0D0,1.0D0,1.0D0,1.0D0,1.0D0,1.0D0,1.0D0,1.0D0,1.0D0,     0000033P    471
1.0D0,1.0D0,1.0D0,1.0D0,1.0D0,1.0D0,1.0D0,1.0D0,1.0D0,1.0D0,     0000033P    472
1.0D0,1.0D0,1.0D0,1.0D0,1.0D0,1.0D0,1.0D0,1.0D0,1.0D0,1.0D0,     0000033P    473
1.0D0,1.0D0,1.0D0,1.0D0,1.0D0,1.0D0,1.0D0,1.0D0,1.0D0,1.0D0,     0000033P    474
1.0D0,1.0D0,1.0D0,1.0D0,1.0D0,1.0D0,1.0D0,1.0D0,1.0D0,1.0D0,     0000033P    475
1.0D0,1.0D0,1.0D0,1.0D0,1.0D0,1.0D0,1.0D0,1.0D0,1.0D0,1.0D0,     0000033P    476
1.0D0,1.0D0,1.0D0,1.0D0,1.0D0,1.0D0,1.0D0,1.0D0,1.0D0,1.0D0,     0000033P    477
1.0D0,1.0D0,1.0D0,1.0D0,1.0D0,1.0D0,1.0D0,1.0D0,1.0D0,1.0D0,     0000033P    478
1.0D0,1.0D0,1.0D0,1.0D0,1.0D0,1.0D0,1.0D0,1.0D0,1.0D0,1.0D0,     0000033P    479
1.0D0,1.0D0,1.0D0,1.0D0,1.0D0,1.0D0,1.0D0,1.0D0,1.0D0,1.0D0,     0000033P    480
1.0D0,1.0D0,1.0D0,1.0D0,1.0D0,1.0D0,1.0D0,1.0D0,1.0D0,1.0D0,     0000033P    481
1.0D0,1.0D0,1.0D0,1.0D0,1.0D0,1.0D0,1.0D0,1.0D0,1.0D0,1.0D0,     0000033P    482
1.0D0,1.0D0,1.0D0,1.0D0,1.0D0,1.0D0,1.0D0,1.0D0,1.0D0,1.0D0,     0000033P    483
1.0D0,1.0D0,1.0D0,1.0D0,1.0D0,1.0D0,1.0D0,1.0D0,1.0D0,1.0D0,     0000033P    484
1.0D0,1.0D0,1.0D0,1.0D0,1.0D0,1.0D0,1.0D0,1.0D0,1.0D0,1.0D0,     0000033P    485
1.0D0,1.0D0,1.0D0,1.0D0,1.0D0,1.0D0,1.0D0,1.0D0,1.0D0,1.0D0,     0000033P    486
1.0D0,1.0D0,1.0D0,1.0D0,1.0D0,1.0D0,1.0D0,1.0D0,1.0D0,1.0D0,     0000033P    487
1.0D0,1.0D0,1.0D0,1.0D0,1.0D0,1.0D0,1.0D0,1.0D0,1.0D0,1.0D0,     0000033P    488
1.0D0,1.0D0,1.0D0,1.0D0,1.0D0,1.0D0,1.0D0,1.0D0,1.0D0,1.0D0,     0000033P    489
1.0D0,1.0D0,1.0D0,1.0D0,1.0D0,1.0D0,1.0D0,1.0D0,1.0D0,1.0D0,     0000033P    490
1.0D0,1.0D0,1.0D0,1.0D0,1.0D0,1.0D0,1.0D0,1.0D0,1.0D0,1.0D0,     0000033P    491
1.0D0,1.0D0,1.0D0,1.0D0,1.0D0,1.0D0,1.0D0,1.0D0,1.0D0,1.0D0,     0000033P    492
1.0D0,1.0D0,1.0D0,1.0D0,1.0D0,1.0D0,1.0D0,1.0D0,1.0D0,1.0D0,     0000033P    493
1.0D0,1.0D0,1.0D0,1.0D0,1.0D0,1.0D0,1.0D0,1.0D0,1.0D0,1.0D0,     0000033P    494
1.0D0,1.0D0,1.0D0,1.0D0,1.0D0,1.0D0,1.0D0,1.0D0,1.0D0,1.0D0,     0000033P    495
1.0D0,1.0D0,1.0D0,1.0D0,1.0D0,1.0D0,1.0D0,1.0D0,1.0D0,1.0D0,     0000033P    496
1.0D0,1.0D0,1.0D0,1.0D0,1.0D0,1.0D0,1.0D0,1.0D0,1.0D0,1.0D0,     0000033P    497
1.0D0,1.0D0,1.0D0,1.0D0,1.0D0,1.0D0,1.0D0,1.0D0,1.0D0,1.0D0,     0000033P    498
1.0D0,1.0D0,1.0D0,1.0D0,1.0D0,1.0D0,1.0D0,1.0D0,1.0D0,1.0D0,     0000033P    499
1.0D0,1.0D0,1.0D0,1.0D0,1.0D0,1.0D0,1.0D0,1.0D0,1.0D0,1.0D0,     0000033P    500
1.0D0,1.0D0,1.0D0,1.0D0,1.0D0,1.0D0,1.0D0,1.0D0,1.0D0,1.0D0,     0000033P    501
1.0D0,1.0D0,1.0D0,1.0D0,1.0D0,1.0D0,1.0D0,1.0D0,1.0D0,1.0D0,     0000033P    502
1.0D0,1.0D0,1.0D0,1.0D0,1.0D0,1.0D0,1.0D0,1.0D0,1.0D0,1.0D0,     0000033P    503
1.0D0,1.0D0,1.0D0,1.0D0,1.0D0,1.0D0,1.0D0,1.0D0,1.0D0,1.0D0,     0000033P    504
1.0D0,1.0D0,1.0D0,1.0D0,1.0D0,1.0D0,1.0D0,1.0D0,1.0D0,1.0D0,     0000033P    505
1.0D0,1.0D0,1.0D0,1.0D0,1.0D0,1.0D0,1.0D0,1.0D0,1.0D0,1.0D0,     0000033P    506
1.0D0,1.0D0,1.0D0,1.0D0,1.0D0,1.0D0,1.0D0,1.0D0,1.0D0,1.0D0,     0000033P    507
1.0D0,1.0D0,1.0D0,1.0D0,1.0D0,1.0D0,1.0D0,1.0D0,1.0D0,1.0D0,     0000033P    508
1.0D0,1.0D0,1.0D0,1.0D0,1.0D0,1.0D0,1.0D0,1.0D0,1.0D0,1.0D0,     0000033P    509
1.0D0,1.0D0,1.0D0,1.0D0,1.0D0,1.0D0,1.0D0,1.0D0,1.0D0,1.0D0,     0000033P    510
1.0D0,1.0D0,1.0D0,1.0D0,1.0D0,1.0D0,1.0D0,1.0D0,1.0D0,1.0D0,     0000033P    511
1.0D0,1.0D0,1.0D0,1.0D0,1.0D0,1.0D0,1.0D0,1.0D0,1.0D0,1.0D0,     0000033P    512
1.0D0,1.0D0,1.0D0,1.0D0,1.0D0,1.0D0,1.0D0,1.0D0,1.0D0,1.0D0,     0000033P    513
1.0D0,1.0D0,1.0D0,1.0D0,1.0D0,1.0D0,1.0D0,1.0D0,1.0D0,1.0D0,     0000033P    514
1.0D0,1.0D0,1.0D0,1.0D0,1.0D0,1.0D0,1.0D0,1.0D0,1.0D0,1.0D0,     0000033P    515
1.0D0,1.0D0,1.0D0,1.0D0,1.0D0,1.0D0,1.0D0,1.0D0,1.0D0,1.0D0,     0000033P    516
1.0D0,1.0D0,1.0D0,1.0D0,1.0D0,1.0D0,1.0D0,1.0D0,1.0D0,1.0D0,     0000033P    517
1.0D0,1.0D0,1.0D0,1.0D0,1.0D0,1.0D0,1.0D0,1.0D0,1.0D0,1.0D0,     0000033P    518
1.0D0,1.0D0,1.0D0,1.0D0,1.0D0,1.0D0,1.0D0,1.0D0,1.0D0,1.0D0,     0000033P    519
1.0D0,1.0D0,1.0D0,1.0D0,1.0D0,1.0D0,1.0D0,1.0D0,1.0D0,1.0D0,     0000033P    520
1.0D0,1.0D0,1.0D0,1.0D0,1.0D0,1.0D0,1.0D0,1.0D0,1.0D0,1.0D0,     0000033P    521
1.0D0,1.0D0,1.0D0,1.0D0,1.0D0,1.0D0,1.0D0,1.0D0,1.0D0,1.0D0,     0000033P    522
1.0D0,1.0D0,1.0D0,1.0D0,1.0D0,1.0D0,1.0D0,1.0D0,1.0D0,1.0D0,     0000033P    523
1.0D0,1.0D0,1.0D0,1.0D0,1.0D0,1.0D0,1.0D0,1.0D0,1.0D0,1.0D0,     0000033P    524
1.0D0,1.0D0,1.0D0,1.0D0,1.0D0,1.0D0,1.0D0,1.0D0,1.0D0,1.0D0,     0000033P    525
1.0D0,1.0D0,1.0D0,1.0D0,1.0D0,1.0D0,1.0D0,1.0D0,1.0D0,1.0D0,     0000033P    526
1.0D0,1.0D0,1.0D0,1.0D0,1.0D0,1.0D0,1.0D0,1.0D0,1.0D0,1.0D0,     0000033P    527
1.0D0,1.0D0,1.0D0,1.0D0,1.0D0,1.0D0,1.0D0,1.0D0,1.0D0,1.0D0,     0000033P    528
1.0D0,1.0D0,1.0D0,1.0D0,1.0D0,1.0D0,1.0D0,1.0D0,1.0D0,1.0D0,     0000033P    529
1.0D0,1.0D0,1.0D0,1.0D0,1.0D0,1.0D0,1.0D0,1.0D0,1.0D0,1.0D0,     0000033P    530
1.0D0,1.0D0,1.0D0,1.0D0,1.0D0,1.0D0,1.0D0,1.0D0,1.0D0,1.0D0,     0000033P    531
1.0D0,1.0D0,1.0D0,1.0D0,1.0D0,1.0D0,1.0D0,1.0D0,1.0D0,1.0D0,     0000033P    532
1.0D0,1.0D0,1.0D0,1.0D0,1.0D0,1.0D0,1.0D0,1.0D0,1.0D0,1.0D0,     0000033P    533
1.0D0,1.0D0,1.0D0,1.0D0,1.0D0,1.0D0,1.0D0,1.0D0,1.0D0,1.0D0,     0000033P    534
1.0D0,1.0D0,1.0D0,1.0D0,1.0D0,1.0D0,1.0D0,1.0D0,1.0D0,1.0D0,     0000033P    535
1.0D0,1.0D0,1.0D0,1.0D0,1.0D0,1.0D0,1.0D0,1.0D0,1.0D0,1.0D0,     0000033P    536
1.0D0,1.0D0,1.0D0,1.0D0,1.0D0,1.0D0,1.0D0,1.0D0,1.0D0,1.0D0,     0000033P    537
1.0D0,1.0D0,1.0D0,1.0D0,1.0D0,1.0D0,1.0D0,1.0D0,1.0D0,1.0D0,     0000033P    538
1.0D0,1.0D0,1.0D0,1.0D0,1.0D0,1.0D0,1.0D0,1.0D0,1.0D0,1.0D0,     0000033P    539
1.0D0,1.0D0,1.0D0,1.0D0,1.0D0,1.0D0,1.0D0,1.0D0,1.0D0,1.0D0,     0000033P    540
1.0D0,1.0D0,1.0D0,1.0D0,1.0D0,1.0D0,1.0D0,1.0D0,1.0D0,1.0D0,     0000033P    541
1.0D0,1.0D0,1.0D0,1.0D0,1.0D0,1.0D0,1.0D0,1.0D0,1.0D0,1.0D0,     0000033P    542
1.0D0,1.0D0,1.0D0,1.0D0,1.0D0,1.0D0,1.0D0,1.0D0,1.0D0,1.0D0,     0000033P    543
1.0D0,1.0D0,1.0D0,1.0D0,1.0D0,1.0D0,1.0D0,1.0D0,1.0D0,1.0D0,     0000033P    544
1.0D0,1.0D0,1.0D0,1.0D0,1.0D0,1.0D0,1.0D0,1.0D0,1.0D0,1.0D0,     0000033P    545
1.0D0,1.0D0,1.0D0,1.0D0,1.0D0,1.0D0,1.0D0,1.0D0,1.0D0,1.0D0,     0000033P    546
1.0D0,1.0D0,1.0D0,1.0D0,1.0D0,1.0D0,1.0D0,1.0D0,1.0D0,1.0D0,     0000033P    547
1.0D0,1.0D0,1.0D0,1.0D0,1.0D0,1.0D0,1.0D0,1.0D0,1.0D0,1.0D0,     0000033P    548
1.0D0,1.0D0,1.0D0,1.0D0,1.0D0,1.0D0,1.0D0,1.0D0,1.0D0,1.0D0,     0000033P    549
1.0D0,1.0D0,1.0D0,1.0D0,1.0D0,1.0D0,1.0D0,1.0D0,1.0D0,1.0D0,     0000033P    550
1.0D0,1.0D0,1.0D0,1.0D0,1.0D0,1.0D0,1.0D0,1.0D0,1.0D0,1.0D0,     0000033P    551
1.0D0,1.0D0,1.0D0,1.0D0,1.0D0,1.0D0,1.0D0,1.0D0,1.0D0,1.0D0,     0000033P    552
1.0D0,1.0D0,1.0D0,1.0D0,1.0D0,1.0D0,1.0D0,1.0D0,1.0D0,1.0D0,     0000033P    553
1.0D0,1.0D0,1.0D0,1.0D0,1.0D0,1.0D0,1.0D0,1.0D0,1.0D0,1.0D0,     0000033P    554
1.0D0,1.0D0,1.0D0,1.0D0,1.0D0,1.0D0,1.0D0,1.0D0,1.0D0,1.0D0,     0000033P    555
1.0D0,1.0D0,1.0D0,1.0D0,1.0D0,1.0D0,1.0D0,1.0D0,1.0D0,1.0D0,     0000033P    556
1.0D0,1.0D0,1.0D0,1.0D0,1.0D0,1.0D0,1.0D0,1.0D0,1.0D0,1.0D0,     0000033P    557
1.0D0,1.0D0,1.0D0,1.0D0,1.0D0,1.0D0,1.0D0,1.0D0,1.0D0,1.0D0,     0000033P    558
1.0D0,1.0D0,1.0D0,1.0D0,1.0D0,1.0D0,1.0D0,1.0D0,1.0D0,1.0D0,     0000033P    559
1.0D0,1.0D0,1.0D0,1.0D0,1.0D0,1.0D0,1.0D0,1.0D0,1.0D0,1.0D0,     0000033P    560
1.0D0,1.0D0,1.0D0,1.0D0,1.0D0,1.0D0,1.0D0,1.0D0,1.0D0,1.0D0,     0000033P    561
1.0D0,1.0D0,1.0D0,1.0D0,1.0D0,1.0D0,1.0D0,1.0D0,1.0D0,1.0D0,     0000033P    562
1.0D0,1.0D0,1.0D0,1.0D0,1.0D0,1.0D0,1.0D0,1.0D0,1.0D0,1.0D0,     0000033P    563
1.0D0,1.0D0,1.0D0,1.0D0,1.0D0,1.0D0,1.0D0,1.0D0,1.0D0,1.0D0,     0000033P    564
1.0D0,1.0D0,1.0D0,1.0D0,1.0D0,1.0D0,1.0D0,1.0D0,1.0D0,1.0D0,     0000033P    565
1.0D0,1.0D0,1.0D0,1.0D0,1.0D0,1.0D0,1.0D0,1.0D0,1.0D0,1.0D0,     0000033P    566
1.0D0,1.0D0,1.0D0,1.0D0,1.0D0,1.0D0,1.0D0,1.0D0,1.0D0,1.0D0,     0000033P    567
1.0D0,1.0D0,1.0D0,1.0D0,1.0D0,1.0D0,1.0D0,1.0D0,1.0D0,1.0D0,     0000033P    568
1.0D0,1.0D0,1.0D0,1.0D0,1.0D0,1.0D0,1.0D0,1.0D0,1.0D0,1.0D0,     0000033P    569
1.0D0,1.0D0,1.0D0,1.0D0,1.0D0,1.0D0,1.0D0,1.0D0,1.0D0,1.0D0,     0000033P    570
1.0D0,1.0D0,1.0D0,1.0D0,1.0D0,1.0D0,1.0D0,1.0D0,1.0D0,1.0D0,     0000033P    571
1.0D0,1.0D0,1.0D0,1.0D0,1.0D0,1.0D0,1.0D0,1.0D0,1.0D0,1.0D0,     0000033P    572
1.0D0,1.0D0,1.0D0,1.0D0,1.0D0,1.0D0,1.0D0,1.0D0,1.0D0,1.0D0,     0000033P    573
1.0D0,1.0D0,1.0D0,1.0D0,1.0D0,1.0D0,1.0D0,1.0D0,1.0D0,1.0D0,     0000033P    574
1.0D0,1.0D0,1.0D0,1.0D0,1.0D0,1.0D0,1.0D0,1.0D0,1.0D0,1.0D0,     0000033P    575
1.0D0,1.0D0,1.0D0,1.0D0,1.0D0,1.0D0,1.0D0,1.0D0,1.0D0,1.0D0,     0000033P    576
1.0D0,1.0D0,1.0D0,1.0D0,1.0D0,1.0D0,1.0D0,1.0D0,1.0D0,1.0D0,     0000033P    577
1.0D0,1.0D0,1.0D0,1.0D0,1.0D0,1.0D0,1.0D0,1.0D0,1.0D0,1.0D0,     0000033P    578
1.0D0,1.0D0,1.0D0,1.0D0,1.0D0,1.0D0,1.0D0,1.0D0,1.0D0,1.0D0,     0000033P    579
1.0D0,1.0D0,1.0D0,1.0D0,1.0D0,1.0D0,1.0D0,1.0D0,1.0D0,1.0D0,     0000033P    580
1.0D0,1.0D0,1.0D0,1.0D0,1.0D0,1.0D0,1.0D0,1.0D0,1.0D0,1.0D0,     0000033P    581
1.0D0,1.0D0,1.0D0,1.0D0,1.0D0,1.0D0,1.0D0,1.0D0,1.0D0,1.0D0,     0000033P    582
1.0D0,1.0D0,1.0D0,1.0D0,1.0D0,1.0D0,1.0D0,1.0D0,1.0D0,1.0D0,     0000033P    583
1.0D0,1.0D0,1.0D0,1.0D0,1.0D0,1.0D0,1.0D0,1.0D0,1.0D0,1.0D0,     0000033P    584
1.0D0,1.0D0,1.0D0,1.0D0,1.0D0,1.0D0,1.0D0,1.0D0,1.0D0,1.0D0,     0000033P    585
1.0D0,1.0D0,1.0D0,1.0D0,1.0D0,1.0D0,1.0D0,1.0D0,1.0D0,1.0D0,     0000033P    586
1.0D0,1.0D0,1.0D0,1.0D0,1.0D0,1.0D0,1.0D0,1.0D0,1.0D0,1.0D0,     0000033P    587
1.0D0,1.0D0,1.0D0,1.0D0,1.0D0,1.0D0,1.0D0,1.0D0,1.0D0,1.0D0,     0000033P    588
1.0D0,1.0D0,1.0D0,1.0D0,1.0D0,1.0D0,1.0D0,1.0D0,1.0D0,1.0D0,     0000033P    589
1.0D0,1.0D0,1.0D0,1.0D0,1.0D0,1.0D0,1.0D0,1.0D0,1.0D0,1.0D0,     0000033P    590
1.0D0,1.0D0,1.0D0,1.0D0,1.0D0,1.0D0,1.0D0,1.0D0,1.0D0,1.0D0,     0000033P    591
1.0D0,1.0D0,1.0D0,1.0D0,1.0D0,1.0D0,1.0D0,1.0D0,1.0D0,1.0D0,     0000033P    592
1.0D0,1.0D0,1.0D0,1.0D0,1.0D0,1.0D0,1.0D0,1.0D0,1.0D0,1.0D0,     0000033P    593
1.0D0,1.0D0,1.0D0,1.0D0,1.0D0,1.0D0,1.0D0,1.0D0,1.0D0,1.0D0,     0000033P    594
1.0D0,1.0D0,1.0D0,1.0D0,1.0D0,1.0D0,1.0D0,1.0D0,1.0D0,1.0D0,     0000033P    595
1.0D0,1.0D0,1.0D0,1.0D0,1.0D0,1.0D0,1.0D0,1.0D0,1.0D0,1.0D0,     0000033P    596
1.0D0,1.0D0,1.0D0,1.0D0,1.0D0,1.0D0,1.0D0,1.0D0,1.0D0,1.0D0,     0000033P    597
1.0D0,1.0D0,1.0D0,1.0D0,1.0D0,1.0D0,1.0D0,1.0D0,1.0D0,1.0D0,     0000033P    598
1.0D0,1.0D0,1.0D0,1.0D0,1.0D0,1.0D0,1.0D0,1.0D0,1.0D0,1.0D0,     0000033P    599
1.0D0,1.0D0,1.0D0,1.0D0,1.0D0,1.0D0,1.0D0,1.0D0,1.0D0,1.0D0,     0000033P    600
1.0D0,1.0D0,1.0D0,1.0D0,1.0D0,1.0D0,1.0D0,1.0D0,1.0D0,1.0D0,     0000033P    601
1.0D0,1.0D0,1.0D0,1.0D0,1.0D0,1.0D0,1.0D0,1.0D0,1.0D0,1.0D0,     0000033P    602
1.0D0,1.0D0,1.0D0,1.0D0,1.0D0,1.0D0,1.0D0,1.0D0,1.0D0,1.0D0,     0000033P    603
1.0D0,1.0D0,1.0D0,1.0D0,1.0D0,1.0D0,1.0D0,1.0D0,1.0D0,1.0D0,     0000033P    604
1.0D0,1.0D0,1.0D0,1.0D0,1.0D0,1.0D0,1.0D0,1.0D0,1.0D0,1.0D0,     0000033P    605
1.0D0,1.0D0,1.0D0,1.0D0,1.0D0,1.0D0,1.0D0,1.0D0,1.0D0,1.0D0,     0000033P    606
1.0D0,1.0D0,1.0D0,1.0D0,1.0D0,1.0D0,1.0D0,1.0D0,1.0D0,1.0D0,     0000033P    607
1.0D0,1.0D0,1.0D0,1.0D0,1.0D0,1.0D0,1.0D0,1.0D0,1.0D0,1.0D0,     0000033P    608
1.0D0,1.0D0,1.0D0,1.0D0,1.0D0,1.0D0,1.0D0,1.0D0,1.0D0,1.0D0,     0000033P    609
1.0D0,1.0D0,1.0D0,1.0D0,1.0D0,1.0D0,1.0D0,1.0D0,1.0D0,1.0D0,     0000033P    610
1.0D0,1.0D0,1.0D0,1.0D0,1.0D0,1.0D0,1.0D0,1.0D0,1.0D0,1.0D0,     0000033P    611
1.0D0,1.0D0,1.0D0,1.0D0,1.0D0,1.0D0,1.0D0,1.0D0,1.0D0,1.0D0,     0000033P    612
1.0D0,1.0D0,1.0D0,1.0D0,1.0D0,1.0D0,1.0D0,1.0D0,1.0D0,1.0D0,     0000033P    613
1.0D0,1.0D0,1.0D0,1.0D0,1.0D0,1.0D0,1.0D0,1.0D0,1.0D0,1.0D0,     0000033P    614
1.0D0,1.0D0,1.0D0,1.0D0,1.0D0,1.0D0,1.0D0,1.0D0,1.0D0,1.0D0,     0000033P    615
1.0D0,1.0D0,1.0D0,1.0D0,1.0D0,1.0D0,1.0D0,1.0D0,1.0D0,1.0D0,     0000033P    616
1.0D0,1.0D0,1.0D0,1.0D0,1.0D0,1.0D0,1.0D0,1.0D0,1.0D0,1.0D0,     0000033P    617
1.0D0,1.0D0,1.0D0,1.0D0,1.0D0,1.0D0,1.0D0,1.0D0,1.0D0,1.0D0,     0000033P    618
1.0D0,1.0D0,1.0D0,1.0D0,1.0D0,1.0D0,1.0D0,1.0D0,1.0D0,1.0D0,     0000033P    619
1.0D0,1.0D0,1.0D0,1.0D0,1.0D0,1.0D0,1.0D0,1.0D0,1.0D0,1.0D0,     0000033P    620
1.0D0,1.0D0,1.0D0,1.0D0,1.0D0,1.0D0,1.0D0,1.0D0,1.0D0,1.0D0,     0000033P    621
1.0D0,1.0D0,1.0D0,1.0D0,1.0D0,1.0D0,1.0D0,1.0D0,1.0D0,1.0D0,     0000033P    622
1.0D0,1.0D0,1.0D0,1.0D0,1.0D0,1.0D0,1.0D0,1.0D0,1.0D0,1.0D0,     0000033P    623
1.0D0,1.0D0,1.0D0,1.0D0,1.0D0,1.0D0,1.0D0,1.0D0,1.0D0,1.0D0,     0000033P    624
1.0D0,1.0D0,1.0D0,1.0D0,1.0D0,1.0D0,1.0D0,1.0D0,1.0D0,1.0D0,     0000033P    625
1.0D0,1.0D0,1.0D0,1.0D0,1.0D0,1.0D0,1.0D0,1.0D0,1.0D0,1.0D0,     0000033P    626
1.0D0,1.0D0,1.0D0,1.0D0,1.0D0,1.0D0,1.0D0,1.0D0,1.0D0,1.0D0,     0000033P    627
1.0D0,1.0D0,1.0D0,1.0D0,1.0D0,1.0D0,1.0D0,1.0D0,1.0D0,1.0D0,     0000033P    628
1.0D0,1.0D0,1.0D0,1.0D0,1.0D0,1.0D0,1.0D0,1.0D0,1.0D0,1.0D0,     0000033P    629
1.0D0,1.0D0,1.0D0,1.0D0,1.0D0,1.0D0,1.0D0,1.0D0,1.0D0,1.0D0,     0000033P    630
1.0D0,1.0D0,1.0D0,1.0D0,1.0D0,1.0D0,1.0D0,1.0D0,1.0D0,1.0D0,     0000033P    631
1.0D0,1.0D0,1.0D0,1.0D0,1.0D0,1.0D0,1.0D0,1.0D0,1.0D0,1.0D0,     0000033P    632
1.0D0,1.0D0,1.0D0,1.0D0,1.0D0,1.0D0,1.0D0,1.0D0,1.0D0,1.0D0,     0000033P    633
1.0D0,1.0D0,1.0D0,1.0D0,1.0D0,1.0D0,1.0D0,1.0D0,1.0D0,1.0D0,     0000033P    634
1.0D0,1.0D0,1.0D0,1.0D0,1.0D0,1.0D0,1.0D0,1.0D0,1.0D0,1.0D0,     0000033P    635
1.0D0,1.0D0,1.0D0,1.0D0,1.0D0,1.0D0,1.0D0,1.0D0,1.0D0,1.0D0,     0000033P    636
1.0D0,1.0D0,1.0D0,1.0D0,1.0D0,1.0D0,1.0D0,1.0D0,1.0D0,1.0D0,     0000033P    637
1.0D0,1.0D0,1.0D0,1.0D0,1.0D0,1.0D0,1.0D0,1.0D0,1.0D0,1.0D0,     0000033P    638
1.0D0,1.0D0,1.0D0,1.0D0,1.0D0,1.0D0,1.0D0,1.0D0,1.0D0,1.0D0,     0000033P    639
1.0D0,1.0D0,1.0D0,1.0D0,1.0D0,1.0D0,1.0D0,1.0D0,1.0D0,1.0D0,     0000033P    640
1.0D0,1.0D0,1.0D0,1.0D0,1.0D0,1.0D0,1.0D0,1.0D0,1.0D0,1.0D0,     0000033P    641
1.0D0,1.0D0,1.0D0,1.0D0,1.0D0,1.0D0,1.0D0,1.0D0,1.0D0,1.0D0,     0000033P    642
1.0D0,1.0D0,1.0D0,1.0D0,1.0D0,1.0D0,1.0D0,1.0D0,1.0D0,1.0D0,     0000033P    643
1.0D0,1.0D0,1.0D0,1.0D0,1.0D0,1.0D0,1.0D0,1.0D0,1.0D0,1.0D0,     0000033P    644
1.0D0,1.0D0,1.0D0,1.0D0,1.0D0,1.0D0,1.0D0,1.0D0,1.0D0,1.0D0,     0000033P    645
1.0D0,1.0D0,1.0D0,1.0D0,1.0D0,1.0D0,1.0D0,1.0D0,1.0D0,1.0D0,     0000033P    646
1.0D0,1.0D0,1.0D0,1.0D0,1.0D0,1.0D0,1.0D0,1.0D0,1.0D0,1.0D0,     0000033P    647
1.0D0,1.0D0,1.0D0,1.0D0,1.0D0,1.0D0,1.0D0,1.0D0,1.0D0,1.0D0,     0000033P    648
1.0D0,1.0D0,1.0D0,1.0D0,1.0D0,1.0D0,1.0D0,1.0D0,1.0D0,1.0D0,     0000033P    649
1.0D0,1.0D0,1.0D0,1.0D0,1.0D0,1.0D0,1.0D0,1.0D0,1.0D0,1.0D0,     0000033P    650
1.0D0,1.0D0,1.0D0,1.0D0,1.0D0,1.0D0,1.0D0,1.0D0,1.0D0,1.0D0,     0000033P    651
1.0D0,1.0D0,1.0D0,1.0D0,1.0D0,1.0D0,1.0D0,1.0D0,1.0D0,1.0D0,     0000033P    652
1.0D0,1.0D0,1.0D0,1.0D0,1.0D0,1.0D0,1.0D0,1.0D0,1.0D0,1.0D0,     0000033P    653
1.0D0,1.0D0,1.0D0,1.0D0,1.0D0,1.0D0,1.0D0,1.0D0,1.0D0,1.0D0,     0000033P    654
1.0D0,1.0D0,1.0D0,1.0D0,1.0D0,1.0D0,1.0D0,1.0D0,1.0D0,1.0D0,     0000033P    655
1.0D0,1.0D0,1.0D0,1.0D0,1.0D0,1.0D0,1.0D0,1.0D0,1.0D0,1.0D0,     0000033P    656
1.0D0,1.0D0,1.0D0,1.0D0,1.0D0,1.0D0,1.0D0,1.0D0,1.0D0,1.0D0,     0000033P    657
1.0D0,1.0D0,1.0D0,1.0D0,1.0D0,1.0D0,1.0D0,1.0D0,1.0D0,1.0D0,     0000033P    658
1.0D0,1.0D0,1.0D0,1.0D0,1.0D0,1.0D0,1.0D0,1.0D0,1.0D0,1.0D0,     0000033P    659
1.0D0,1.0D0,1.0D0,1.0D0,1.0D0,1.0D0,1.0D0,1.0D0,1.0D0,1.0D0,     0000033P    660
1.0D0,1.0D0,1.0D0,1.0D0,1.0D0,1.0D0,1.0D0,1.0D0,1.0D0,1.0D0,     0000033P    661
1.0D0,1.0D0,1.0D0,1.0D0,1.0D0,1.0D0,1.0D0,1.0D0,1.0D0,1.0D0,     0000033P    662
1.0D0,1.0D0,1.0D0,1.0D0,1.0D0,1.0D0,1.0D0,1.0D0,1.0D0,1.0D0,     0000033P    663
1.0D0,1.0D0,1.0D0,1.0D0,1.0D0,1.0D0,1.0D0,1.0D0,1.0D0,1.0D0,     0000033P    664
1.0D0,1.0D0,1.0D0,1.0D0,1.0D0,1.0D0,1.0D0,1.0D0,1.0D0,1.0D0,     0000033P    665
1.0D0,1.0D0,1.0D0,1.0D0,1.0D0,1.0D0,1.0D0,1.0D0,1.0D0,1.0D0,     0000033P    666
1.0D0,1.0D0,1.0D0,1.0D0,1.0D0,1.0D0,1.0D0,1.0D0,1.0D0,1.0D0,     0000033P    667
1.0D0,1.0D0,1.0D0,1.0D0,1.0D0,1.0D0,1.0D0,1.0D0,1.0D0,1.0D0,     0000033P    668
1.0D0,1.0D0,1.0D0,1.0D0,1.0D0,1.0D0,1.0D0,1.0D0,1.0D0,1.0D0,     0000033P    669
1.0D0,1.0D0,1.0D0,1.0D0,1.0D0,1.0D0,1.0D0,1.0D0,1.0D0,1.0D0,     0000033P    670
1.0D0,1.0D0,1.0D0,1.0D0,1.0D0,1.0D0,1.0D0,1.0D0,1.0D0,1.0D0,     0000033P    671
1.0D0,1.0D0,1.0D0,1.0D0,1.0D0,1.0D0,1.0D0,1.0D0,1.0D0,1.0D0,     0000033P    672
1.0D0,1.0D0,1.0D0,1.0D0,1.0D0,1.0D0,1.0D0,1.0D0,1.0D0,1.0D0,     0000033P    673
1.0D0,1.0D0,1.0D0,1.0D0,1.0D0,1.0D0,1.0D0,1.0D0,1.0D0,1.0D0,     0000033P    674
1.0D0,1.0D0,1.0D0,1.0D0,1.0D0,1.0D0,1.0D0,1.0D0,1.0D0,1.0D0,     0000033P    675
1.0D0,1.0D0,1.0D0,1.0D0,1.0D0,1.0D0,1.0D0,1.0D0,1.0D0,1.0D0,     0000033P    676
1.0D0,1.0D0,1.0D0,1.0D0,1.0D0,1.0D0,1.0D0,1.0D0,1.0D0,1.0D0,     0000033P    677
1.0D0,1.0D0,1.0D0,1.0D0,1.0D0,1.0D0,1.0D0,1.0D0,1.0D0,1.0D0,     0000033P    678
1.0D0,1.0D0,1.0D0,1.0D0,1.0D0,1.0D0,1.0D0,1.0D0,1.0D0,1.0D0,     0000033P    679
1.0D0,1.0D0,1.0D0,1.0D0,1.0D0,1.0D0,1.0D0,1.0D0,1.0D0,1.0D0,     0000033P    680
1.0D0,1.0D0,1.0D0,1.0D0,1.0D0,1.0D0,1.0D0,1.0D0,1.0D0,1.0D0,     0000033P    681
1.0D0,1.0D0,1.0D0,1.0D0,1.0D0,1.0D0,1.0D0,1.0D0,1.0D0,1.0D0,     0000033P    682
1.0D0,1.0D0,1.0D0,1.0D0,1.0D0,1.0D0,1.0D0,1.0D0,1.0D0,1.0D0,     0000033P    683
1.0D0,1.0D0,1.0D0,1.0D0,1.0D0,1.0D0,1.0D0,1.0D0,1.0D0,1.0D0,     0000033P    684
1.0D0,1.0D0,1.0D0,1.0D0,1.0D0,1.0D0,1.0D0,1.0D0,1.0D0,1.0D0,     0000033P    685
1.0D0,1.0D0,1.0D0,1.0D0,1.0D0,1.0D0,1.0D0,1.0D0,1.0D0,1.0D0,     0000033P    686
1.0D0,1.0D0,1.0D0,1.0D0,1.0D0,1.0D0,1.0D0,1.0D0,1.0D0,1.0D0,     0000033P    687
1.0D0,1.0D0,1.0D0,1.0D0,1.0D0,1.0D0,1.0D0,1.0D0,1.0D0,1.0D0,     0000033P    688
1.0D0,1.0D0,1.0D0,1.0D0,1.0D0,1.0D0,1.0D0,1.0D0,1.0D0,1.0D0,     0000033P    689
1.0D0,1.0D0,1.0D0,1.0D0,1.0D0,1.0D0,1.0D0,1.0D0,1.0D0,1.0D0,     0000033P    690
1.0D0,1.0D0,1.0D0,1.0D0,1.0D0,1.0D0,1.0D0,1.0D0,1.0D0,1.0D0,     0000033P    691
1.0D0,1.0D0,1.0D0,1.0D0,1.0D0,1.0D0,1.0D0,1.0D0,1.0D0,1.0D0,     0000033P    692
1.0D0,1.0D0,1.0D0,1.0D0,1.0D0,1.0D0,1.0D0,1.0D0,1.0D0,1.0D0,     0000033P    693
1.0D0,1.0D0,1.0D0,1.0D0,1.0D0,1.0D0,1.0D0,1.0D0,1.0D0,1.0D0,     0000033P    694
1.0D0,1.0D0,1.0D0,1.0D0,1.0D0,1.0D0,1.0D0,1.0D0,1.0D0,1.0D0,     0000033P    695
1.0D0,1.0D0,1.0D0,1.0D0,1.0D0,1.0D0,1.0D0,1.0D0,1.0D0,1.0D0,     0000033P    696
1.0D0,1.0D0,1.0D0,1.0D0,1.0D0,1.0D0,1.0D0,1.0D0,1.0D0,1.0D0,     0000033P    697
1.0D0,1.0D0,1.0D0,1.0D0,1.0D0,1.0D0,1.0D0,1.0D0,1.0D0,1.0D0,     0000033P    698
1.0D0,1.0D0,1.0D0,1.0D0,1.0D0,1.0D0,1.0D0,1.0D0,1.0D0,1.0D0,     0000033P    699
1.0D0,1.0D0,1.0D0,1.0D0,1.0D0,1.0D0,1.0D0,1.0D0,1.0D0,1.0D0,     0000033P    700
1.0D0,1.0D0,1.0D0,1.0D0,1.0D0,1.0D0,1.0D0,1.0D0,1.0D0,1.0D0,     0000033P    701
1.0D0,1.0D0,1.0D0,1.0D0,1.0D0,1.0D0,1.0D0,1.0D0,1.0D0,1.0D0,     0000033P    702
1.0D0,1.0D0,1.0D0,1.0D0,1.0D0,1.0D0,1.0D0,1.0D0,1.0D0,1.0D0,     0000033P    703
1.0D0,1.0D0,1.0D0,1.0D0,1.0D0,1.0D0,1.0D0,1.0D0,1.0D0,1.0D0,     0000033P    704
1.0D0,1.0D0,1.0D0,1.0D0,1.0D0,1.0D0,1.0D0,1.0D0,1.0D0,1.0D0,     0000033P    705
1.0D0,1.0D0,1.0D0,1.0D0,1.0D0,1.0D0,1.0D0,1.0D0,1.0D0,1.0D0,     0000033P    706
1.0D0,1.0D0,1.0D0,1.0D0,1.0D0,1.0D0,1.0D0,1.0D0,1.0D0,1.0D0,     0000033P    707
1.0D0,1.0D0,1.0D0,1.0D0,1.0D0,1.0D0,1.0D0,1.0D0,1.0D0,1.0D0,     0000033P    708
1.0D0,1.0D0,1.0D0,1.0D0,1.0D0,1.0D0,1.0D0,1.0D0,1.0D0,1.0D0,     0000033P    709
1.0D0,1.0D0,1.0D0,1.0D0,1.0D0,1.0D0,1.0D0,1.0D0,1.0D0,1.0D0,     0000033P    710
1.0D0,1.0D0,1.0D0,1.0D0,1.0D0,1.0D0,1.0D0,1.0D0,1.0D0,1.0D0,     0000033P    711
1.0D0,1.0D0,1.0D0,1.0D0,1.0D0,1.0D0,1.0D0,1.0D0,1.0D0,1.0D0,     0000033P    712
1.0D0,1.0D0,1.0D0,1.0D0,1.0D0,1.0D0,1.0D0,1.0D0,1.0D0,1.0D0,     0000033P    713
1.0D0,1.0D0,1.0D0,1.0D0,1.0D0,1.0D0,1.0D0,1.0D0,1.0D0,1.0D0,     0000033P    714
1.0D0,1.0D0,1.0D0,1.0D0,1.0D0,1.0D0,1.0D0,1.0D0,1.0D0,1.0D0,     0000033P    715
1.0D0,1.0D0,1.0D0,1.0D0,1.0D0,1.0D0,1.0D0,1.0D0,1.0D0,1.0D0,     0000033P    716
1.0D0,1.0D0,1.0D0,1.0D0,1.0D0,1.0D0,1.0D0,1.0D0,1.0D0,1.0D0,     0000033P    717
1.0D0,1.0D0,1.0D0,1.0D0,1.0D0,1.0D0,1.0D0,1.0D0,1.0D0,1.0D0,     0000033P    718
1.0D0,1.0D0,1.0D0,1.0D0,1.0D0,1.0D0,1.0D0,1.0D0,1.0D0,1.0D0,     0000033P    719
1.0D0,1.0D0,1.0D0,1.0D0,1.0D0,1.0D0,1.0D0,1.0D0,1.0D0,1.0D0,     0000033P    720
1.0D0,1.0D0,1.0D0,1.0D0,1.0D0,1.0D0,1.0D0,1.0D0,1.0D0,1.0D0,     0000033P    721
1.0D0,1.0D0,1.0D0,1.0D0,1.0D0,1.0D0,1.0D0,1.0D0,1.0D0,1.0D0,     0000033P    722
1.0D0,1.0D0,1.0D0,1.0D0,1.0D0,1.0D0,1.0D0,1.0D0,1.0D0,1.0D0,     0000033P    723
1.0D0,1.0D0,1.0D0,1.0D0,1.0D0,1.0D0,1.0D0,1.0D0,1.0D0,1.0D0,     0000033P    724
1.0D0,1.0D0,1.0D0,1.0D0,1.0D0,1.0D0,1.0D0,1.0D0,1.0D0,1.0D0,     0000033P    725
1.0D0,1.0D0,1.0D0,1.0D0,1.0D0,1.0D0,1.0D0,1.0D0,1.0D0,1.0D0,     0000033P    726
1.0D0,1.0D0,1.0D0,1.0D0,1.0D0,1.0D0,1.0D0,1.0D0,1.0D0,1.0D0,     0000033P    727
1.0D0,1.0D0,1.0D0,1.0D0,1.0D0,1.0D0,1.0D0,1.0D0,1.0D0,1.0D0,     0000033P    728
1.0D0,1.0D0,1.0D0,1.0D0,1.0D0,1.0D0,1.0D0,1.0D0,1.0D0,1.0D0,     0000033P    729
1.0D0,1.0D0,1.0D0,1.0D0,1.0D0,1.0D0,1.0D0,1.0D0,1.0D0,1.0D0,     0000033P    730
1.0D0,1.0D0,1.0D0,1.0D0,1.0D0,1.0D0,1.0D0,1.0D0,1.0D0,1.0D0,     0000033P    731
1.0D0,1.0D0,1.0D0,1.0D0,1.0D0,1.0D0,1.0D0,1.0D0,1.0D0,1.0D0,     0000033P    732
1.0D0,1.0D0,1.0D0,1.0D0,1.0D0,1.0D0,1.0D0,1.0D0,1.0D0,1.0D0,     0000033P    733
1.0D0,1.0D0,1.0D0,1.0D0,1.0D0,1.0D0,1.0D0,1.0D0,1.0D0,1.0D0,     0000033P    734
1.0D0,1.0D0,1.0D0,1.0D0,1.0D0,1.0D0,1.0D0,1.0D0,1.0D0,1.0D0,     0000033P    735
1.0D0,1.0D0,1.0D0,1.0D0,1.0D0,1.0D0,1.0D0,1.0D0,1.0D0,1.0D0,     0000033P    736
1.0D0,1.0D0,1.0D0,1.0D0,1.0D0,1.0D0,1.0D0,1.0D0,1.0D0,1.0D0,     0000033P    737
1.0D0,1.0D0,1.0D0,1.0D0,1.0D0,1.0D0,1.0D0,1.0D0,1.0D0,1.0D0,     0000033P    738
1.0D0,1.0D0,1.0D0,1.0D0,1.0D0,1.0D0,1.0D0,1.0D0,1.0D0,1.0D0,     0000033P    739
1.0D0,1.0D0,1.0D0,1.0D0,1.0D0,1.0D0,1.0D0,1.0D0,1.0D0,1.0D0,     0000033P    740
1.0D0,1.0D0,1.0D0,1.0D0,1.0D0,1.0D0,1.0D0,1.0D0,1.0D0,1.0D0,     0000033P    741
1.0D0,1.0D0,1.0D0,1.0D0,1.0D0,1.0D0,1.0D0,1.0D0,1.0D0,1.0D0,     0000033P    742
1.0D0,1.0D0,1.0D0,1.0D0,1.0D0,1.0D0,1.0D0,1.0D0,1.0D0,1.0D0,     0000033P    743
1.0D0,1.0D0,1.0D0,1.0D0,1.0D0,1.0D0,1.0D0,1.0D0,1.0D0,1.0D0,     0000033P    744
1.0D0,1.0D0,1.0D0,1.0D0,1.0D0,1.0D0,1.0D0,1.0D0,1.0D0,1.0D0,     0000033P    745
1.0D0,1.0D0,1.0D0,1.0D0,1.0D0,1.0D0,1.0D0,1.0D0,1.0D0,1.0D0,     0000033P    746
1.0D0,1.0D0,1.0D0,1.0D0,1.0D0,1.0D0,1.0D0,1.0D0,1.0D0,1.0D0,     0000033P    747
1.0D0,1.0D0,1.0D0,1.0D0,1.0D0,1.0D0,1.0D0,1.0D0,1.0D0,1.0D0,     0000033P    748
1.0D0,1.0D0,1.0D0,1.0D0,1.0D0,1.0D0,1.0D0,1.0D0,1.0D0,1.0D0,     0000033P    749
1.0D0,1.0D0,1.0D0,1.0D0,1.0D0,1.0D0,1.0D0,1.0D0,1.0D0,1.0D0,     0000033P    750
1.0D0,1.0D0,1.0D0,1.0D0,1.0D0,1.0D0,1.0D0,1.0D0,1.0D0,1.0D0,     0000033P    751
1.0D0,1.0D0,1.0D0,1.0D0,1.0D0,1.0D0,1.0D0,1.0D0,1.0D0,1.0D0,     0000033P    752
1.0D0,1.0D0,1.0D0,1.0D0,1.0D0,1.0D0,1.0D0,1.0D0,1.0D0,1.0D0,     0000033P    753
1.0D0,1.0D0,1.0D0,1.0D0,1.0D0,1.0D0,1.0D0,1.0D0,1.0D0,1.0D0,     0000033P    754
1.0D0,1.0D0,1.0D0,1.0D0,1.0D0,1.0D0,1.0D0,1.0D0,1.0D0,1.0D0,     0000033P    755
1.0D0,1.0D0,1.0D0,1.0D0,1.0D0,1.0D0,1.0D0,1.0D0,1.0D0,1.0D0,     0000033P    756
1.0D0,1.0D0,1.0D0,1.0D0,1.0D0,1.0D0,1.0D0,1.0D0,1.0D0,1.0D0,     0000033P    757
1.0D0,1.0D0,1.0D0,1.0D0,1.0D0,1.0D0,1.0D0,1.0D0,1.0D0,1.0D0,     0000033P    758
1.0D0,1.0D0,1.0D0,1.0D0,1.0D0,1.0D0,1.0D0,1.0D0,1.0D0,1.0D0,     0000033P    759
1.0D0,1.0D0,1.0D0,1.0D0,1.0D0,1.0D0,1.0D0,1.0D0,1.0D0,1.0D0,     0000033P    760
1.0D0,1.0D0,1.0D0,1.0D0,1.0D0,1.0D0,1.0D0,1.0D0,1.0D0,1.0D0,     0000033P    761
1.0D0,1.0D0,1.0D0,1.0D0,1.0D0,1.0D0,1.0D0,1.0D0,1.0D0,1.0D0,     0000033P    762
1.0D0,1.0D0,1.0D0,1.0D0,1.0D0,1.0D0,1.0D0,1.0D0,1.0D0,1.0D0,     0000033P    763
1.0D0,1.0D0,1.0D0,1.0D0,1.0D0,1.0D0,1.0D0,1.0D0,1.0D0,1.0D0,     0000033P    764
1.0D0,1.0D0,1.0D0,1.0D0,1.0D0,1.0D0,1.0D0,1.0D0,1.0D0,1.0D0,     0000033P    765
1.0D0,1.0D0,1.0D0,1.0D0,1.0D0,1.0D0,1.0D0,1.0D0,1.0D0,1.0D0,     0000033P    766
1.0D0,1.0D0,1.0D0,1.0D0,1.0D0,1.0D0,1.0D0,1.0D0,1.0D0,1.0D0,     0000033P    767
1.0D0,1.0D0,1.0D0,1.0D0,1.0D0,1.0D0,1.0D0,1.0D0,1.0D0,1.0D0,     0000033P    768
1.0D0,1.0D0,1.0D0,1.0D0,1.0D0,1.0D0,1.0D0,1.0D0,1.0D0,1.0D0,     0000033P    769
1.0D0,1.0D0,1.0D0,1.0D0,1.0D0,1.0D0,1.0D0,1.0D0,1.0D0,1.0D0,     0000033P    770
1.0D0,1.0D0,1.0D0,1.0D0,1.0D0,1.0D0,1.0D0,1.0D0,1.0D0,1.0D0,     0000033P    771
1.0D0,1.0D0,1.0D0,1.0D0,1.0D0,1.0D0,1.0D0,1.0D0,1.0D0,1.0D0,     0000033P    772
1.0D0,1.0D0,1.0D0,1.0D0,1.0D0,1.0D0,1.0D0,1.0D0,1.0D0,1.0D0,     0000033P    773
1.0D0,1.0D0,1.0D0,1.0D0,1.0D0,1.0D0,1.0D0,1.0D0,1.0D0,1.0D0,     0000033P    774
1.0D0,1.0D0,1.0D0,1.0D0,1.0D0,1.0D0,1.0D0,1.0D0,1.0D0,1.0D0,     0000033P    775
1.0D0,1.0D0,1.0D0,1.0D0,1.0D0,1.0D0,1.0D0,1.0D0,1.0D0,1.0D0,     0000033P    776
1.0D0,1.0D0,1.0D0,1.0D0,1.0D0,1.0D0,1.0D0,1.0D0,1.0D0,1.0D0,     0000033P    777
1.0D0,1.0D0,1.0D0,1.0D0,1.0D0,1.0D0,1.0D0,1.0D0,1.0D0,1.0D0,     0000033P    778
1.0D0,1.0D0,1.0D0,1.0D0,1.0D0,1.0D0,1.0D0,1.0D0,1.0D0,1.0D0,     0000033P    779
1.0D0,1.0D0,1.0D0,1.0D0,1.0D0,1.0D0,1.0D0,1.0D0,1.0D0,1.0D0,     0000033P    780
1.0D0,1.0D0,1.0D0,1.0D0,1.0D0,1.0D0,1.0D0,1.0D0,1.0D0,1.0D0,     0000033P    781
1.0D0,1.0D0,1.0D0,1.0D0,1.0D0,1.0D0,1.0D0,1.0D0,1.0D0,1.0D0,     0000033P    782
1.0D0,1.0D0,1.0D0,1.0D0,1.0D0,1.0D0,1.0D0,1.0D0,1.0D0,1.0D0,     0000033P    783
1.0D0,1.0D0,1.0D0,1.0D0,1.0D0,1.0D0,1.0D0,1.0D0,1.0D0,1.0D0,     0000033P    784
1.0D0,1.0D0,1.0D0,1.0D0,1.0D0,1.0D0,1.0D0,1.0D0,1.0D0,1.0D0,     0000033P    785
1.0D0,1.0D0,1.0D0,1.0D0,1.0D0,1.0D0,1.0D0,1.0D0,1.0D0,1.0D0,     0000033P    786
1.0D0,1.0D0,1.0D0,1.0D0,1.0D0,1.0D0,1.0D0,1.0D0,1.0D0,1.0D0,     0000033P    787
1.0D0,1.0D0,1.0D0,1.0D0,1.0D0,1.0D0,1.0D0,1.0D0,1.0D0,1.0D0,     0000033P    788
1.0D0,1.0D0,1.0D0,1.0D0,1.0D0,1.0D0,1.0D0,1.0D0,1.0D0,1.0D0,     0000033P    789
1.0D0,1.0D0,1.0D0,1.0D0,1.0D0,1.0D0,1.0D0,1.0D0,1.0D0,1.0D0,     0000033P    790
1.0D0,1.0D0,1.0D0,1.0D0,1.0D0,1.0D0,1.0D0,1.0D0,1.0D0,1.0D0,     0000033P    791
1.0D0,1.0D0,1.0D0,1.0D0,1.0D0,1.0D0,1.0D0,1.0D0,1.0D0,1.0D0,     0000033P    792
1.0D0,1.0D0,1.0D0,1.0D0,1.0D0,1.0D0,1.0D0,1.0D0,1.0D0,1.0D0,     0000033P    793
1.0D0,1.0D0,1.0D0,1.0D0,1.0D0,1.0D0,1.0D0,1.0D0,1.0D0,1.0D0,     0000033P    794
1.0D0,1.0D0,1.0D0,1.0D0,1.0D0,1.0D0,1.0D0,1.0D0,1.0D0,1.0D0,     0000033P    795
1.0D0,1.0D0,1.0D0,1.0D0,1.0D0,1.0D0,1.0D0,1.0D0,1.0D0,1.0D0,     0000033P    796
1.0D0,1.0D0,1.0D0,1.0D0,1.0D0,1.0D0,1.0D0,1.0D0,1.0D0,1.0D0,     0000033P    797
1.0D0,1.0D0,1.0D0,1.0D0,1.0D0,1.0D0,1.0D0,1.0D0,1.0D0,1.0D0,     0000033P    798
1.0D0,1.0D0,1.0D0,1.0D0,1.0D0,1.0D0,1.0D0,1.0D0,1.0D0,1.0D0,     0000033P    799
1.0D0,1.0D0,1.0D0,1.0D0,1.0D0,1.0D0,1.0D0,1.0D0,1.0D0,1.0D0,     0000033P    800
1.0D0,1.0D0,1.0D0,1.0D0,1.0D0,1.0D0,1.0D0,1.0D0,1.0D0,1.0D0,     0000033P    801
1.0D0,1.0D0,1.0D0,1.0D0,1.0D0,1.0D0,1.0D0,1.0D0,1.0D0,1.0D0,     0000033P    802
1.0D0,1.0D0,1.0D0,1.0D0,1.0D0,1.0D0,1.0D0,1.0D0,1.0D0,1.0D0,     0000033P    803
1.0D0,1.0D0,1.0D0,1.0D0,1.0D0,1.0D0,1.0D0,1.0D0,1.0D0,1.0D0,     0000033P    804
1.0D0,1.0D0,1.0D0,1.0D0,1.0D0,1.0D0,1.0D0,1.0D0,1.0D0,1.0D0,     0000033P    805
1.0D0,1.0D0,1.0D0,1.0D0,1.0D0,1.0D0,1.0D0,1.0D0,1.0D0,1.0D0,     0000033P    806
1.0D0,1.0D0,1.0D0,1.0D0,1.0D0,1.0D0,1.0D0,1.0D0,1.0D0,1.0D0,     0000033P    807
1.0D0,1.0D0,1.0D0,1.0D0,1.0D0,1.0D0,1.0D0,1.0D0,1.0D0,1.0D0,     0000033P    808
1.0D0,1.0D0,1.0D0,1.0D0,1.0D0,1.0D0,1.0D0,1.0D0,1.0D0,1.0D0,     0000033P    809
1.0D0,1.0D0,1.0D0,1.0D0,1.0D0,1.0D0,1.0D0,1.0D0,1.0D0,1.0D0,     0000033P    810
1.0D0,1.0D0,1.0D0,1.0D0,1.0D0,1.0D0,1.0D0,1.0D0,1.0D0,1.0D0,     0000033P    811
1.0D0,1.0D0,1.0D0,1.0D0,1.0D0,1.0D0,1.0D0,1.0D0,1.0D0,1.0D0,     0000033P    812
1.0D0,1.0D0,1.0D0,1.0D0,1.0D0,1.0D0,1.0D0,1.0D0,1.0D0,1.0D0,     0000033P    813
1.0D0,1.0D0,1.0D0,1.0D0,1.0D0,1.0D0,1.0D0,1.0D0,1.0D0,1.0D0,     0000033P    814
1.0D0,1.0D0,1.0D0,1.0D0,1.0D0,1.0D0,1.0D0,1.0D0,1.0D0,1.0D0,     0000033P    815
1.0D0,1.0D0,1.0D0,1.0D0,1.0D0,1.0D0,1.0D0,1.0D0,1.0D0,1.0D0,     0000033P    816
1.0D0,1.0D0,1.0D0,1.0D0,1.0D0,1.0D0,1.0D0,1.0D0,1.0D0,1.0D0,     0000033P    817
1.0D0,1.0D0,1.0D0,1.0D0,1.0D0,1.0D0,1.0D0,1.0D0,1.0D0,1.0D0,     0000033P    818
1.0D0,1.0D0,1.0D0,1.0D0,1.0D0,1.0D0,1.0D0,1.0D0,1.0D0,1.0D0,     0000033P    819
1.0D0,1.0D0,1.0D0,1.0D0,1.0D0,1.0D0,1.0D0,1.0D0,1.0D0,1.0D0,     0000033P    820
1.0D0,1.0D0,1.0D0,1.0D0,1.0D0,1.0D0,1.0D0,1.0D0,1.0D0,1.0D0,     0000033P    821
1.0D0,1.0D0,1.0D0,1.0D0,1.0D0,1.0D0,1.0D0,1.0D0,1.0D0,1.0D0,     0000033P    822
1.0D0,1.0D0,1.0D0,1.0D0,1.0D0,1.0D0,1.0D0,1.0D0,1.0D0,1.0D0,     0000033P    823
1.0D0,1.0D0,1.0D0,1.0D0,1.0D0,1.0D0,1.0D0,1.0D0,1.0D0,1.0D0,     0000033P    824
1.0D0,1.0D0,1.0D0,1.0D0,1.0D0,1.0D0,1.0D0,1.0D0,1.0D0,1.0D0,     0000033P    825
1.0D0,1.0D0,1.0D0,1.0D0,1.0D0,1.0D0,1.0D0,1.0D0,1.0D0,1.0D0,     0000033P    826
1.0D0,1.0D0,1.0D0,1.0D0,1.0D0,1.0D0,1.0D0,1.0D0,1.0D0,1.0D0,     0000033P    827
1.0D0,1.0D0,1.0D0,1.0D0,1.0D0,1.0D0,1.0D0,1.0D0,1.0D0,1.0D0,     0000033P    828
1.0D0,1.0D0,1.0D0,1.0D0,1.0D0,1.0D0,1.0D0,1.0D0,1.0D0,1.0D0,     0000033P    829
1.0D0,1.0D0,1.0D0,1.0D0,1.0D0,1.0D0,1.0D0,1.0D0,1.0D0,1.0D0,     0000033P    830
1.0D0,1.0D0,1.0D0,1.0D0,1.0D0,1.0D0,1.0D0,1.0D0,1.0D0,1.0D0,     0000033P    831
1.0D0,1.0D0,1.0D0,1.0D0,1.0D0,1.0D0,1.0D0,1.0D0,1.0D0,1.0D0,     0000033P    832
1.0D0,1.0D0,1.0D0,1.0D0,1.0D0,1.0D0,1.0D0,1.0D0,1.0D0,1.0D0,     0000033P    833
1.0D0,1.0D0,1.0D0,1.0D0,1.0D0,1.0D0,1.0D0,1.0D0,1.0D0,1.0D0,     0000033P    834
1.0D0,1.0D0,1.0D0,1.0D0,1.0D0,1.0D0,1.0D0,1.0D0,1.0D0,1.0D0,     0000033P    835
1.0D0,1.0D0,1.0D0,1.0D0,1.0D0,1.0D0,1.0D0,1.0D0,1.0D0,1.0D0,     0000033P    836
1.0D0,1.0D0,1.0D0,1.0D0,1.0D0,1.0D0,1.0D0,1.0D0,1.0D0,1.0D0,     0000033P    837
1.0D0,1.0D0,1.0D0,1.0D0,1.0D0,1.0D0,1.0D0,1.0D0,1.0D0,1.0D0,     0000033P    838
1.0D0,1.0D0,1.0D0,1.0D0,1.0D0,1.0D0,1.0D0,1.0D0,1.0D0,1.0D0,     0000033P    839
1.0D0,1.0D0,1.0D0,1.0D0,1.0D0,1.0D0,1.0D0,1.0D0,1.0D0,1.0D0,     0000033P    840
1.0D0,1.0D0,1.0D0,1.0D0,1.0D0,1.0D0,1.0D0,1.0D0,1.0D0,1.0D0,     0000033P    841
1.0D0,1.0D0,1.0D0,1.0D0,1.0D0,1.0D0,1.0D0,1.0D0,1.0D0,1.0D0,     0000033P    842
1.0D0,1.0D0,1.0D0,1.0D0,1.0D0,1.0D0,1.0D0,1.0D0,1.0D0,1.0D0,     0000033P    843
1.0D0,1.0D0,1.0D0,1.0D0,1.0D0,1.0D0,1.0D0,1.0D0,1.0D0,1.0D0,     0000033P    844
1.0D0,1.0D0,1.0D0,1.0D0,1.0D0,1.0D0,1.0D0,1.0D0,1.0D0,1.0D0,     0000033P    845
1.0D0,1.0D0,1.0D0,1.0D0,1.0D0,1.0D0,1.0D0,1.0D0,1.0D0,1.0D0,     0000033P    846
1.0D0,1.0D0,1.0D0,1.0D0,1.0D0,1.0D0,1.0D0,1.0D0,1.0D0,1.0D0,     0000033P    847
1.0D0,1.0D0,1.0D0,1.0D0,1.0D0,1.0D0,1.0D0,1.0D0,1.0D0,1.0D0,     0000033P    848
1.0D0,1.0D0,1.0D0,1.0D0,1.0D0,1.0D0,1.0D0,1.0D0,1.0D0,1.0D0,     0000033P    849
1.0D0,1.0D0,1.0D0,1.0D0,1.0D0,1.0D0,1.0D0,1.0D0,1.0D0,1.0D0,     0000033P    850
1.0D0,1.0D0,1.0D0,1.0D0,1.0D0,1.0D0,1.0D0,1.0D0,1.0D0,1.0D0,     0000033P    851
1.0D0,1.0D0,1.0D0,1.0D0,1.0D0,1.0D0,1.0D0,1.0D0,1.0D0,1.0D0,     0000033P    852
1.0D0,1.0D0,1.0D0,1.0D0,1.0D0,1.0D0,1.0D0,1.0D0,1.0D0,1.0D0,     0000033P    853
1.0D0,1.0D0,1.0D0,1.0D0,1.0D0,1.0D0,1.0D0,1.0D0,1.0D0,1.0D0,     0000033P    854
1.0D0,1.0D0,1.0D0,1.0D0,1.0D0,1.0D0,1.0D0,1.0D0,1.0D0,1.0D0,     0000033P    855
1.0D0,1.0D0,1.0D0,1.0D0,1.0D0,1.0D0,1.0D0,1.0D0,1.0D0,1.0D0,     0000033P    856
1.0D0,1.0D0,1.0D0,1.0D0,1.0D0,1.0D0,1.0D0,1.0D0,1.0D0,1.0D0,     0000033P    857
1.0D0,1.0D0,1.0D0,1.0D0,1.0D0,1.0D0,1.0D0,1.0D0,1.0D0,1.0D0,     0000033P    858
1.0D0,1.0D0,1.0D0,1.0D0,1.0D0,1.0D0,1.0D0,1.0D0,1.0D0,1.0D0,     0000033P    859
1.0D0,1.0D0,1.0D0,1.0D0,1.0D0,1.0D0,1.0D0,1.0D0,1.0D0,1.0D0,     0000033P    860
1.0D0,1.0D0,1.0D0,1.0D0,1.0D0,1.0D0,1.0D0,1.0D0,1.0D0,1.0D0,     0000033P    861
1.0D0,1.0D0,1.0D0,1.0D0,1.0D0,1.0D0,1.0D0,1.0D0,1.0D0,1.0D0,     0000033P    862
1.0D0,1.0D0,1.0D0,1.0D0,1.0D0,1.0D0,1.0D0,1.0D0,1.0D0,1.0D0,     0000033P    863
1.0D0,1.0D0,1.0D0,1.0D0,1.0D0,1.0D0,1.0D0,1.0D0,1.0D0,1.0D0,     0000033P    864
1.0D0,1.0D0,1.0D0,1.0D0,1.0D0,1.0D0,1.0D0,1.0D0,1.0D0,1.0D0,     0000033P    865
1.0D0,1.0D0,1.0D0,1.0D0,1.0D0,1.0D0,1.0D0,1.0D0,1.0D0,1.0D0,     0000033P    866
1.0D0,1.0D0,1.0D0,1.0D0,1.0D0,1.0D0,1.0D0,1.0D0,1.0D0,1.0D0,     0000033P    867
1.0D0,1.0D0,1.0D0,1.0D0,1.0D0,1.0D0,1.0D0,1.0D0,1.0D0,1.0D0,     0000033P    868
1.0D0,1.0D0,1.0D0,1.0D0,1.0D0,1.0D0,1.0D0,1.0D0,1.0D0,1.0D0,     0000033P    869
1.0D0,1.0D0,1.0D0,1.0D0,1.0D0,1.0D0,1.0D0,1.0D0,1.0D0,1.0D0,     0000033P    870
1.0D0,1.0D0,1.0D0,1.0D0,1.0D0,1.0D0,1.0D0,1.0D0,1.0D0,1.0D0,     0000033P    871
1.0D0,1.0D0,1.0D0,1.0D0,1.0D0,1.0D0,1.0D0,1.0D0,1.0D0,1.0D0,     0000033P    872
1.0D0,1.0D0,1.0D0,1.0D0,1.0D0,1.0D0,1.0D0,1.0D0,1.0D0,1.0D0,     0000033P    873
1.0D0,1.0D0,1.0D0,1.0D0,1.0D0,1.0D0,1.0D0,1.0D0,1.0D0,1.0D0,     0000033P    874
1.0D0,1.0D0,1.0D0,1.0D0,1.0D0,1.0D0,1.0D0,1.0D0,1.0D0,1.0D0,     0000033P    875
1.0D0,1.0D0,1.0D0,1.0D0,1.0D0,1.0D0,1.0D0,1.0D0,1.0D0,1.0D0,     0000033P    876
1.0D0,1.0D0,1.0D0,1.0D0,1.0D0,1.0D0,1.0D0,1.0D0,1.0D0,1.0D0,     0000033P    877
1.0D0,1.0D0,1.0D0,1.0D0,1.0D0,1.0D0,1.0D0,1.0D0,1.0D0,1.0D0,     0000033P    878
1.0D0,1.0D0,1.0D0,1.0D0,1.0D0,1.0D0,1.0D0,1.0D0,1.0D0,1.0D0,     0000033P    879
1.0D0,1.0D0,1.0D0,1.0D0,1.0D0,1.0D0,1.0D0,1.0D0,1.0D0,1.0D0,     0000033P    880
1.0D0,1.0D0,1.0D0,1.0D0,1.0D0,1.0D0,1.0D0,1.0D0,1.0D0,1.0D0,     0000033P    881
1.0D0,1.0D0,1.0D0,1.0D0,1.0D0,1.0D0,1.0D0,1.0D0,1.0D0,1.0D0,     0000033P    882
1.0D0,1.0D0,1.0D0,1.0D0,1.0D0,1.0D0,1.0D0,1.0D0,1.0D0,1.0D0,     0000033P    883
1.0D0,1.0D0,1.0D0,1.0D0,1.0D0,1.0D0,1.0D0,1.0D0,1.0D0,1.0D0,     0000033P    884
1.0D0,1.0D0,1.0D0,1.0D0,1.0D0,1.0D0,1.0D0,1.0D0,1.0D0,1.0D0,     0000033P    885
1.0D0,1.0D0,1.0D0,1.0D0,1.0D0,1.0D0,1.0D0,1.0D0,1.0D0,1.0D0,     0000033P    886
1.0D0,1.0D0,1.0D0,1.0D0,1.0D0,1.0D0,1.0D0,1.0D0,1.0D0,1.0D0,     0000033P    887
1.0D0,1.0D0,1.0D0,1.0D0,1.0D0,1.0D0,1.0D0,1.0D0,1.0D0,1.0D0,     0000033P    888
1.0D0,1.0D0,-272.0D0,0.0D0,242.6000000000001D0,-272.0D0,         0000033P    889
-0.4132640017294275D0,242.7700188332401D0,-271.9999999999999D0,  0000033P    890
-1.235488840895717D0,243.107304884077D0,-272.0000000000002D0,    0000033P    891
-2.499396424796839D0,243.618169018402D0,-271.9999999999999D0,    0000033P    892
-3.769786147544064D0,244.1190453159817D0,-272.0000000000001D0,   0000033P    893
-4.993628013391064D0,244.5871201081463D0,-271.9999999999999D0,   0000033P    894
-6.282670993820523D0,245.0623851301413D0,-272.0000000000001D0,   0000033P    895
-7.532301362715039D0,245.5067012632442D0,-271.9999999999999D0,   0000033P    896
-8.81431736833335D0,245.9547204942462D0,-272.0D0,                0000033P    897
-10.08578570577878D0,246.3966825258027D0,-272.0000000000001D0,   0000033P    898
-11.35055778009613D0,246.8400279993058D0,-271.9999999999999D0,   0000033P    899
-12.61338065684385D0,247.2924310382887D0,-272.0D0,               0000033P    900
-13.89995279357101D0,247.7744204178436D0,-272.0D0,               0000033P    901
-15.15692185543003D0,248.2679552726317D0,-272.0D0,               0000033P    902
-16.38227017431572D0,248.7678276477111D0,-272.0000000000001D0,   0000033P    903
-17.62213852820303D0,249.2878264261267D0,-271.9999999999999D0,   0000033P    904
-18.86993053308962D0,249.8178103511057D0,-272.0000000000001D0,   0000033P    905
-20.10796508382679D0,250.3458476094992D0,-272.0D0,               0000033P    906
-21.3558302275332D0,250.8814303009696D0,-272.0D0,                0000033P    907
-22.58550703161378D0,251.4126062109366D0,-272.0D0,               0000033P    908
-23.82026652595618D0,251.9500267055566D0,-272.0000000000001D0,   0000033P    909
-25.039354424345D0,252.4847969984578D0,-272.0D0,                 0000033P    910
-26.31214936363581D0,253.0509165180158D0,-272.0000000000001D0,   0000033P    911
-27.51433257963241D0,253.5966843524272D0,-271.9999999999999D0,   0000033P    912
-28.73712562594647D0,254.1662329694469D0,-272.0000000000001D0,   0000033P    913
-29.94126475634061D0,254.7450628227663D0,-272.0D0,               0000033P    914
-31.15251454369253D0,255.3481621716388D0,-272.0000000000001D0,   0000033P    915
-32.3603254664071D0,255.9709575513814D0,-271.9999999999999D0,    0000033P    916
-33.55262123360328D0,256.6076811009634D0,-272.0000000000001D0,   0000033P    917
-34.71202627812727D0,257.2482579165897D0,-272.0D0,               0000033P    918
-35.90684873866233D0,257.9321273524013D0,-272.0D0,               0000033P    919
-37.07350205471677D0,258.6249108339908D0,-272.0D0,               0000033P    920
-38.18919686024172D0,259.3096422433397D0,-272.0D0,               0000033P    921
-39.35199924014315D0,260.0473315295428D0,-272.0D0,               0000033P    922
-40.46911495806761D0,260.7800162184854D0,-272.0000000000001D0,   0000033P    923
-41.5760364575324D0,261.528644948936D0,-271.9999999999999D0,     0000033P    924
-42.69460277522163D0,262.3107469429251D0,-272.0000000000001D0,   0000033P    925
-43.77643783651352D0,263.0935127249232D0,-271.9999999999999D0,   0000033P    926
-44.85217585760361D0,263.8984312507882D0,-272.0D0,               0000033P    927
-45.92145453367021D0,264.7257089917044D0,-272.0000000000001D0,   0000033P    928
-46.97071834045347D0,265.5637854856482D0,-271.9999999999999D0,   0000033P    929
-48.01433000916015D0,266.4292778255152D0,-272.0000000000001D0,   0000033P    930
-49.0243771208612D0,267.3031420583757D0,-272.0D0,                0000033P    931
-50.02826711671874D0,268.2138618363131D0,-272.0D0,               0000033P    932
-51.00078687566329D0,269.1452301514695D0,-272.0D0,               0000033P    933
-51.93921466540309D0,270.0977789915224D0,-272.0D0,               0000033P    934
-52.87764464633061D0,271.1068665597315D0,-272.0000000000001D0,   0000033P    935
-53.75602374494003D0,272.1045587555649D0,-272.0D0,               0000033P    936
-54.6278653625637D0,273.1467846781043D0,-272.0D0,                0000033P    937
-55.46828731577686D0,274.2027592685845D0,-272.0D0,               0000033P    938
-56.28866808904486D0,275.2823851198724D0,-272.0000000000001D0,   0000033P    939
-57.07880699569098D0,276.3707505323934D0,-271.9999999999999D0,   0000033P    940
-57.83349314671298D0,277.4568205490666D0,-272.0000000000001D0,   0000033P    941
-58.58023034210004D0,278.5787053344478D0,-271.9999999999999D0,   0000033P    942
-59.31698811480052D0,279.736841322289D0,-271.9999999999999D0,    0000033P    943
-60.00091229258602D0,280.8588737513549D0,-272.0000000000001D0,   0000033P    944
-60.69540705832717D0,282.0517820330206D0,-272.0D0,               0000033P    945
-61.34494421531473D0,283.2285739985204D0,-271.9999999999999D0,   0000033P    946
-61.97275709604418D0,284.4352243763906D0,-272.0D0,               0000033P    947
-62.54688225126306D0,285.6131860508683D0,-272.0D0,               0000033P    948
-63.10656164464304D0,286.8482775073218D0,-272.0000000000001D0,   0000033P    949
-63.62723058938806D0,288.101470795547D0,-271.9999999999999D0,    0000033P    950
-64.10815583131854D0,289.3680565862831D0,-272.0000000000001D0,   0000033P    951
-64.54185531137459D0,290.615942156567D0,-272.0D0,                0000033P    952
-64.95665198999687D0,291.9259924799456D0,-272.0D0,               0000033P    953
-65.32278706254076D0,293.1971763141549D0,-271.9999999999999D0,   0000033P    954
-65.67230009302139D0,294.53508330265D0,-272.0D0,                 0000033P    955
-65.9753285007743D0,295.8189500373392D0,-271.9999999999999D0,    0000033P    956
-66.25476244746591D0,297.1433015277245D0,-272.0000000000001D0,   0000033P    957
-66.49831230358858D0,298.4600361051878D0,-272.0D0,               0000033P    958
-66.71234101137465D0,299.8136098011095D0,-272.0D0,               0000033P    959
-66.88463997222253D0,301.1285831451607D0,-272.0D0,               0000033P    960
-67.02502820727385D0,302.4831391047252D0,-272.0D0,               0000033P    961
-67.12614718839551D0,303.8282844323342D0,-272.0D0,               0000033P    962
-67.19313507927038D0,305.1549282948309D0,-271.9999999999999D0,   0000033P    963
-67.23023295901803D0,306.5237716620129D0,-272.0000000000001D0,   0000033P    964
-67.23757812121141D0,307.8545144206473D0,-272.0D0,               0000033P    965
-67.21885624474925D0,309.2014131621515D0,-271.9999999999999D0,   0000033P    966
-67.17470925767961D0,310.5624602403893D0,-272.0000000000001D0,   0000033P    967
-67.10721280402764D0,311.9126250011142D0,-272.0D0,               0000033P    968
-67.01710007265238D0,313.237470954438D0,-271.9999999999999D0,    0000033P    969
-66.90005714228634D0,314.5878056983195D0,-272.0000000000001D0,   0000033P    970
-66.75714040949549D0,315.9295544570584D0,-272.0D0,               0000033P    971
-66.5898905566327D0,317.2642772036628D0,-272.0D0,                0000033P    972
-66.39233999633851D0,318.5940387174614D0,-272.0D0,               0000033P    973
-66.19087844503864D0,319.9399392568291D0,-272.0D0,               0000033P    974
-65.99184160894389D0,321.2723031207488D0,-272.0D0,               0000033P    975
-65.79565999508961D0,322.5848419758729D0,-271.9999999999999D0,   0000033P    976
-65.59159165891157D0,323.9503454525056D0,-272.0000000000001D0,   0000033P    977
-65.395312112472D0,325.2636808510077D0,-272.0D0,                 0000033P    978
-65.19686661758894D0,326.5915229045243D0,-271.9999999999999D0,   0000033P    979
-64.99596425494337D0,327.9358006472748D0,-272.0000000000001D0,   0000033P    980
-64.79752900616622D0,329.2635714245388D0,-272.0D0,               0000033P    981
-64.59914306906616D0,330.5910119808252D0,-272.0D0,               0000033P    982
-64.39971303427041D0,331.9254388783704D0,-272.0D0,               0000033P    983
-64.19677121986534D0,333.2833637875608D0,-272.0D0,               0000033P    984
-64.06596438204844D0,334.1586189172626D0,-272.0D0,               0000033P    985
-63.99999999999999D0,334.6D0,-252.607488428082D0,0.0D0,          0000033P    986
237.3345454616215D0,-252.6084042382487D0,-0.438685415957439D0,   0000033P    987
237.5206801350787D0,-252.6102358585818D0,-1.308387753313741D0,   0000033P    988
237.8881077938603D0,-252.6129832890818D0,-2.66633830923386D0,    0000033P    989
238.4498561826967D0,-252.6157307195814D0,-3.994069306839731D0,   0000033P    990
238.9830202069544D0,-252.6184781500814D0,-5.325290409238736D0,   0000033P    991
239.4973461840691D0,-252.621225580581D0,-6.665755961246917D0,    0000033P    992
239.9921807976168D0,-252.6239730110811D0,-8.029710229027032D0,   0000033P    993
240.4727839393698D0,-252.6267204415807D0,-9.384597632798979D0,   0000033P    994
240.9364803814526D0,-252.6294678720806D0,-10.74694894561718D0,   0000033P    995
241.3970871803593D0,-252.6322153025805D0,-12.11141955442047D0,   0000033P    996
241.859473026061D0,-252.6349627330802D0,-13.45845346980794D0,    0000033P    997
242.3242820153515D0,-252.6377101635801D0,-14.83609692533656D0,   0000033P    998
242.8202441700307D0,-252.6404575940799D0,-16.17916981654192D0,   0000033P    999
243.330370213585D0,-252.6432050245797D0,-17.49676564069574D0,    0000033P   1000
243.8550216034473D0,-252.6459524550796D0,-18.81849429484289D0,   0000033P   1001
244.4019852488657D0,-252.6486998855794D0,-20.15734892743189D0,   0000033P   1002
244.9690459891666D0,-252.6514473160792D0,-21.46655500562142D0,   0000033P   1003
245.5302401458382D0,-252.654194746579D0,-22.79520375571465D0,    0000033P   1004
246.1032117005476D0,-252.6569421770788D0,-24.12003004927181D0,   0000033P   1005
246.6774792729844D0,-252.6596896075787D0,-25.42747562526619D0,   0000033P   1006
247.2464308277559D0,-252.6624370380785D0,-26.73819064860861D0,   0000033P   1007
247.8180855054956D0,-252.6651844685783D0,-28.08613529315215D0,   0000033P   1008
248.4086730212876D0,-252.6679318990782D0,-29.38776260392168D0,   0000033P   1009
248.9852001566827D0,-252.6706793295779D0,-30.68484895780112D0,   0000033P   1010
249.5719416841727D0,-252.6734267600779D0,-31.99545293099878D0,   0000033P   1011
250.1824099391078D0,-252.6761741905777D0,-33.28792103217308D0,   0000033P   1012
250.8081074512648D0,-252.6789216210776D0,-34.57092620815205D0,   0000033P   1013
251.455699895747D0,-252.6816690515773D0,-35.84312703742236D0,    0000033P   1014
252.1258612895503D0,-252.6844164820772D0,-37.0984478710006D0,    0000033P   1015
252.8124339477202D0,-252.6871639125771D0,-38.36329001032743D0,   0000033P   1016
253.5309193925447D0,-252.6899113430769D0,-39.61560715095108D0,   0000033P   1017
254.2665555379952D0,-252.6926587735767D0,-40.81392707202705D0,   0000033P   1018
254.9923976682722D0,-252.6954062040766D0,-42.04978556498424D0,   0000033P   1019
255.762976143678D0,-252.6981536345764D0,-43.25494392608357D0,    0000033P   1020
256.5380128215068D0,-252.7009010650762D0,-44.43735956617151D0,   0000033P   1021
257.3227337963791D0,-252.703648495576D0,-45.64032145890811D0,    0000033P   1022
258.1485551147042D0,-252.706395926076D0,-46.8092337804036D0,     0000033P   1023
258.980787733247D0,-252.7091433565757D0,-47.95418728328214D0,    0000033P   1024
259.8276833381732D0,-252.7118907870756D0,-49.10337599072727D0,   0000033P   1025
260.70759085484D0,-252.7146382175754D0,-50.22923653822506D0,     0000033P   1026
261.5987129155125D0,-252.7173856480752D0,-51.35252919244921D0,   0000033P   1027
262.518833850857D0,-252.7201330785753D0,-52.43557898559143D0,    0000033P   1028
263.4387543196614D0,-252.7228805090749D0,-53.51256259232572D0,   0000033P   1029
264.3870295538686D0,-252.7256279395748D0,-54.57499723873296D0,   0000033P   1030
265.3625796414285D0,-252.7283753700746D0,-55.6020364497686D0,    0000033P   1031
266.3532467521281D0,-252.7311228005745D0,-56.62459690214214D0,   0000033P   1032
267.3923167300444D0,-252.7338702310743D0,-57.60810246136213D0,   0000033P   1033
268.4433287537906D0,-252.7366176615741D0,-58.54663425201822D0,   0000033P   1034
269.506735825599D0,-252.739365092074D0,-59.47822191879062D0,     0000033P   1035
270.6159312716983D0,-252.7421125225738D0,-60.37385682530373D0,   0000033P   1036
271.7391986307435D0,-252.7448599530737D0,-61.24918521739113D0,   0000033P   1037
272.8887113729613D0,-252.7476073835734D0,-62.07821808872743D0,   0000033P   1038
274.0293289156599D0,-252.7503548140733D0,-62.90696001014848D0,   0000033P   1039
275.2179423642169D0,-252.7531022445731D0,-63.70754916547837D0,   0000033P   1040
276.4193598280331D0,-252.7558496750729D0,-64.4756129716836D0,    0000033P   1041
277.6144504124728D0,-252.7585971055728D0,-65.2422893988936D0,    0000033P   1042
278.8613130688052D0,-252.7613445360726D0,-65.96332208668798D0,   0000033P   1043
280.0887575171127D0,-252.7640919665724D0,-66.67445904519161D0,   0000033P   1044
281.3580261295291D0,-252.7668393970722D0,-67.34339756542531D0,   0000033P   1045
282.6146318314468D0,-252.7695868275721D0,-67.9751955567332D0,    0000033P   1046
283.8794824786459D0,-252.772334258072D0,-68.59642153319945D0,    0000033P   1047
285.204154651983D0,-252.7750816885717D0,-69.1643251767713D0,     0000033P   1048
286.5140367730452D0,-252.7778291190716D0,-69.70084412523843D0,   0000033P   1049
287.8412624381922D0,-252.7805765495714D0,-70.20005403592303D0,   0000033P   1050
289.1931191984449D0,-252.7833239800712D0,-70.65773863337634D0,   0000033P   1051
290.5380188902811D0,-252.7860714105709D0,-71.08399571673921D0,   0000033P   1052
291.9243952764658D0,-252.7888188410708D0,-71.4705181130584D0,    0000033P   1053
293.2952049487936D0,-252.7915662715706D0,-71.81988909237748D0,   0000033P   1054
294.6799676890194D0,-252.7943137020705D0,-72.13609868504345D0,   0000033P   1055
296.0741745672126D0,-252.7970611325703D0,-72.42432299732433D0,   0000033P   1056
297.5154790459768D0,-252.7998085630701D0,-72.66321388405432D0,   0000033P   1057
298.8987514578521D0,-252.8025559935699D0,-72.87364166429114D0,   0000033P   1058
300.324105984149D0,-252.8053034240698D0,-73.04959594105786D0,    0000033P   1059
301.7646475073173D0,-252.8080508545696D0,-73.18424195937583D0,   0000033P   1060
303.1658133982079D0,-252.8107982850694D0,-73.28787681018413D0,   0000033P   1061
304.6111101845169D0,-252.8135457155693D0,-73.35861050276459D0,   0000033P   1062
306.0411796517846D0,-252.8162931460691D0,-73.39510726286298D0,   0000033P   1063
307.4718027224797D0,-252.8190405765689D0,-73.39980685147712D0,   0000033P   1064
308.9215744039709D0,-252.8217880070688D0,-73.37342357389949D0,   0000033P   1065
310.3708296115958D0,-252.8245354375686D0,-73.31753755248985D0,   0000033P   1066
311.7771135348989D0,-252.8272828680684D0,-73.23177464857443D0,   0000033P   1067
313.2135293890866D0,-252.8300302985683D0,-73.11809696599835D0,   0000033P   1068
314.6520405992454D0,-252.8327777290681D0,-72.97771740536054D0,   0000033P   1069
316.0854659829818D0,-252.8355251595679D0,-72.80844932147389D0,   0000033P   1070
317.5077684396258D0,-252.8382725900677D0,-72.62958319335786D0,   0000033P   1071
318.9458196917835D0,-252.8410200205676D0,-72.44653728335823D0,   0000033P   1072
320.3677533781199D0,-252.8437674510674D0,-72.25783219279269D0,   0000033P   1073
321.7817127476543D0,-252.8465148815672D0,-72.05609333540745D0,   0000033P   1074
323.2294402665377D0,-252.8492623120671D0,-71.85378927944959D0,   0000033P   1075
324.6289075231569D0,-252.8520097425669D0,-71.63880554263236D0,   0000033P   1076
326.0558008369864D0,-252.8547571730666D0,-71.41932210363075D0,   0000033P   1077
327.4839504201059D0,-252.8575046035665D0,-71.20642300917369D0,   0000033P   1078
328.8982551333734D0,-252.8602520340663D0,-70.98944912226024D0,   0000033P   1079
330.3322058690648D0,-252.8629994645661D0,-70.77677936384589D0,   0000033P   1080
331.7388973725779D0,-252.8657468950659D0,-70.55770859802748D0,   0000033P   1081
333.1882809573321D0,-252.8675785153992D0,-70.41574467812158D0,   0000033P   1082
334.127144286257D0,-252.8684943255658D0,-70.34425231100535D0,    0000033P   1083
334.6D0,-213.9434841851478D0,-1.150702366339284D-17,             0000033P   1084
226.0340647326743D0,-213.9458169900763D0,-0.4923812927672452D0,  0000033P   1085
226.252047367036D0,-213.9504825999332D0,-1.464359064449852D0,    0000033P   1086
226.6801004467255D0,-213.9574810147189D0,-3.010067394682984D0,   0000033P   1087
227.3415802704907D0,-213.9644794295041D0,-4.464242755730925D0,   0000033P   1088
227.9443339478196D0,-213.9714778442898D0,-6.005717638330167D0,   0000033P   1089
228.5530717013321D0,-213.978476259075D0,-7.46499037732998D0,     0000033P   1090
229.099855889715D0,-213.9854746738607D0,-9.050548893614359D0,    0000033P   1091
229.6609825049282D0,-213.9924730886461D0,-10.55505021330041D0,   0000033P   1092
230.1703583634622D0,-213.9994715034316D0,-12.10020861884878D0,   0000033P   1093
230.6838571719024D0,-214.006469918217D0,-13.66135290635511D0,    0000033P   1094
231.1999782183339D0,-214.0134683330026D0,-15.17649610128898D0,   0000033P   1095
231.7058848636795D0,-214.020466747788D0,-16.73906099254547D0,    0000033P   1096
232.2481635815385D0,-214.0274651625735D0,-18.2530329649428D0,    0000033P   1097
232.8052629380309D0,-214.0344635773589D0,-19.75743238730126D0,   0000033P   1098
233.3924818326368D0,-214.0414619921444D0,-21.24386633158325D0,   0000033P   1099
234.0024785466557D0,-214.0484604069299D0,-22.76710561581552D0,   0000033P   1100
234.6510547316077D0,-214.0554588217153D0,-24.22521783946741D0,   0000033P   1101
235.2856421986758D0,-214.0624572365008D0,-25.72146153590299D0,   0000033P   1102
235.9403005487332D0,-214.0694556512863D0,-27.233145044677D0,     0000033P   1103
236.6032493758004D0,-214.0764540660719D0,-28.6962216510612D0,    0000033P   1104
237.2449866363285D0,-214.0834524808572D0,-30.18932195172997D0,   0000033P   1105
237.8961444755284D0,-214.0904508956428D0,-31.69099777634703D0,   0000033P   1106
238.5455684021379D0,-214.0974493104282D0,-33.18869074632472D0,   0000033P   1107
239.1927021953811D0,-214.1044477252137D0,-34.6418045015222D0,    0000033P   1108
239.8291952547533D0,-214.1114461399992D0,-36.15897181033614D0,   0000033P   1109
240.5124632474761D0,-214.1184445547846D0,-37.61981281695181D0,   0000033P   1110
241.1985487285687D0,-214.1254429695701D0,-39.05226308398023D0,   0000033P   1111
241.9056288883838D0,-214.1324413843555D0,-40.48936977748754D0,   0000033P   1112
242.6544939526927D0,-214.1394397991409D0,-41.93337651096134D0,   0000033P   1113
243.4389176148435D0,-214.1464382139265D0,-43.34258934572151D0,   0000033P   1114
244.2351571305513D0,-214.1534366287119D0,-44.76776911688829D0,   0000033P   1115
245.0628447063902D0,-214.1604350434974D0,-46.13609213116509D0,   0000033P   1116
245.8778614622708D0,-214.1674334582829D0,-47.52410130073686D0,   0000033P   1117
246.7212523769245D0,-214.1744318730684D0,-48.90521466208394D0,   0000033P   1118
247.5830805114233D0,-214.1814302878539D0,-50.25039515750217D0,   0000033P   1119
248.4485506426079D0,-214.1884287026394D0,-51.61933416849585D0,   0000033P   1120
249.360516555128D0,-214.1954271174249D0,-52.96959388684607D0,    0000033P   1121
250.2959985135815D0,-214.2024255322103D0,-54.25698499509822D0,   0000033P   1122
251.2286717567602D0,-214.2094239469959D0,-55.57208979911805D0,   0000033P   1123
252.2169609150122D0,-214.2164223617813D0,-56.85358412326843D0,   0000033P   1124
253.2148926351149D0,-214.2234207765668D0,-58.1381237942145D0,    0000033P   1125
254.2455324917574D0,-214.2304191913524D0,-59.37471878015592D0,   0000033P   1126
255.26531520241D0,-214.2374176061377D0,-60.60171150938803D0,     0000033P   1127
256.29741848784D0,-214.2444160209233D0,-61.84226929376295D0,     0000033P   1128
257.3685904757116D0,-214.2514144357087D0,-63.04677878086515D0,   0000033P   1129
258.4468599423766D0,-214.2584128504942D0,-64.23404386372351D0,   0000033P   1130
259.5558921042704D0,-214.2654112652797D0,-65.42206195805511D0,   0000033P   1131
260.7207122237987D0,-214.2724096800652D0,-66.49794067497047D0,   0000033P   1132
261.8421481696497D0,-214.2794080948507D0,-67.60744890925199D0,   0000033P   1133
263.0631365212258D0,-214.2864065096362D0,-68.65587438346609D0,   0000033P   1134
264.2849405376592D0,-214.2934049244216D0,-69.69751992255513D0,   0000033P   1135
265.5604834995842D0,-214.3004033392071D0,-70.67692542574481D0,   0000033P   1136
266.8206273611291D0,-214.3074017539926D0,-71.66476112090324D0,   0000033P   1137
268.1467242547705D0,-214.314400168778D0,-72.59198664047835D0,    0000033P   1138
269.4460862368295D0,-214.3213985835635D0,-73.52372744900724D0,   0000033P   1139
270.7962546263936D0,-214.328396998349D0,-74.42659831326083D0,    0000033P   1140
272.1578921764375D0,-214.3353954131345D0,-75.28866897548576D0,   0000033P   1141
273.5056914533953D0,-214.34239382792D0,-76.15512830146477D0,     0000033P   1142
274.9089060867871D0,-214.3493922427054D0,-76.99827386016108D0,   0000033P   1143
276.3270377752739D0,-214.3563906574909D0,-77.76712987967377D0,   0000033P   1144
277.6742571910698D0,-214.3633890722765D0,-78.57142960480802D0,   0000033P   1145
279.1493471621979D0,-214.3703874870619D0,-79.30097374560447D0,   0000033P   1146
280.5662125788345D0,-214.3773859018473D0,-80.02274632794195D0,   0000033P   1147
282.0564244630874D0,-214.3843843166328D0,-80.67573944616771D0,   0000033P   1148
283.5080530081021D0,-214.3913827314183D0,-81.30026186745717D0,   0000033P   1149
285.0106102672978D0,-214.3983811462038D0,-81.86800881676233D0,   0000033P   1150
286.5134206760905D0,-214.4053795609892D0,-82.40480738943646D0,   0000033P   1151
288.0612367323483D0,-214.4123779757747D0,-82.88238259590972D0,   0000033P   1152
289.5827985431464D0,-214.4193763905601D0,-83.32977780487178D0,   0000033P   1153
291.1406738604753D0,-214.4263748053457D0,-83.75012440620942D0,   0000033P   1154
292.7593170381025D0,-214.4333732201312D0,-84.10936815465534D0,   0000033P   1155
294.2938583090357D0,-214.4403716349166D0,-84.44422906249656D0,   0000033P   1156
295.8710017847378D0,-214.447370049702D0,-84.75238033778479D0,    0000033P   1157
297.50564055281D0,-214.4543684644876D0,-85.0071518434859D0,      0000033P   1158
299.0688549494552D0,-214.461366879273D0,-85.22754992401129D0,    0000033P   1159
300.6730231336209D0,-214.4683652940586D0,-85.41007068075766D0,   0000033P   1160
302.3041954897896D0,-214.475363708844D0,-85.5442385145976D0,     0000033P   1161
303.9083486301942D0,-214.4823621236294D0,-85.63635756844548D0,   0000033P   1162
305.5469754645449D0,-214.4893605384149D0,-85.6831180047849D0,    0000033P   1163
307.1905718908105D0,-214.4963589532004D0,-85.68934373865798D0,   0000033P   1164
308.773576327838D0,-214.5033573679858D0,-85.65981144470605D0,    0000033P   1165
310.3842637918978D0,-214.5103557827713D0,-85.59900448865635D0,   0000033P   1166
312.0238401186625D0,-214.5173541975568D0,-85.50691201161689D0,   0000033P   1167
313.6535363910077D0,-214.5243526123423D0,-85.38802260678649D0,   0000033P   1168
315.2673116747514D0,-214.5313510271277D0,-85.24958382817981D0,   0000033P   1169
316.8944100935751D0,-214.5383494419133D0,-85.09536481215281D0,   0000033P   1170
318.5038136276186D0,-214.5453478566987D0,-84.92108176500965D0,   0000033P   1171
320.1199677067164D0,-214.5523462714842D0,-84.7246485710015D0,    0000033P   1172
321.7416496923976D0,-214.5593446862697D0,-84.51315291889834D0,   0000033P   1173
323.3221143362941D0,-214.5663431010552D0,-84.27109215813412D0,   0000033P   1174
324.9505797520826D0,-214.5733415158406D0,-84.02080503937528D0,   0000033P   1175
326.5527554734732D0,-214.5803399306261D0,-83.78163505404318D0,   0000033P   1176
328.1469531248952D0,-214.5873383454116D0,-83.53183945818482D0,   0000033P   1177
329.7959767429437D0,-214.594336760197D0,-83.29571038609232D0,    0000033P   1178
331.3553448502524D0,-214.6013351749825D0,-83.04765063968966D0,   0000033P   1179
332.9959643324643D0,-214.6060007848395D0,-82.88610518345018D0,   0000033P   1180
334.0631042432557D0,-214.6083335897679D0,-82.80485399189513D0,   0000033P   1181
334.6000000000001D0,-162.9646530182652D0,-1.150702366339284D-17, 0000033P   1182
209.3678797581252D0,-162.9635785909713D0,-0.5777084131170519D0,  0000033P   1183
209.6128385088895D0,-162.9614297363835D0,-1.721013214740363D0,   0000033P   1184
210.0959119392623D0,-162.9582064545021D0,-3.517077462539023D0,   0000033P   1185
210.8404487405646D0,-162.9549831726204D0,-5.219759093474246D0,   0000033P   1186
211.5292300865735D0,-162.951759890739D0,-7.031662005165814D0,    0000033P   1187
212.236613735921D0,-162.9485366088573D0,-8.724974410853605D0,    0000033P   1188
212.8728461557913D0,-162.9453133269759D0,-10.56591337006406D0,   0000033P   1189
213.5350914064719D0,-162.9420900450942D0,-12.31342753834679D0,   0000033P   1190
214.1436988159149D0,-162.9388667632127D0,-14.10315344428891D0,   0000033P   1191
214.7587489286426D0,-162.9356434813311D0,-15.91639012711791D0,   0000033P   1192
215.3802372844785D0,-162.9324201994497D0,-17.67562128160024D0,   0000033P   1193
215.9888273692219D0,-162.929196917568D0,-19.47993788002384D0,    0000033P   1194
216.6311060578288D0,-162.9259736356865D0,-21.24093710135588D0,   0000033P   1195
217.2887360414663D0,-162.9227503538049D0,-23.00343210275859D0,   0000033P   1196
217.9797378894365D0,-162.9195270719233D0,-24.73510339346641D0,   0000033P   1197
218.6873329345164D0,-162.9163037900419D0,-26.50437784944492D0,   0000033P   1198
219.4338168575842D0,-162.9130805081603D0,-28.21658941901204D0,   0000033P   1199
220.1689210852553D0,-162.9098572262788D0,-29.95361512889904D0,   0000033P   1200
220.917900163544D0,-162.9066339443972D0,-31.71740852930854D0,    0000033P   1201
221.6812549091067D0,-162.9034106625157D0,-33.43129004389316D0,   0000033P   1202
222.4256378796146D0,-162.9001873806341D0,-35.17318986053233D0,   0000033P   1203
223.1829570966035D0,-162.8969640987526D0,-36.91244756206817D0,   0000033P   1204
223.9390989215947D0,-162.893740816871D0,-38.65631756507946D0,    0000033P   1205
224.7003771335126D0,-162.8905175349895D0,-40.3445020178256D0,    0000033P   1206
225.4471349801673D0,-162.887294253108D0,-42.11815677546493D0,    0000033P   1207
226.2496705944974D0,-162.8840709712264D0,-43.81223777600786D0,   0000033P   1208
227.040841203325D0,-162.8808476893449D0,-45.48950789922107D0,    0000033P   1209
227.8535590299615D0,-162.8776244074633D0,-47.17406458721355D0,   0000033P   1210
228.7050219874523D0,-162.8744011255817D0,-48.86718966815884D0,   0000033P   1211
229.591949725189D0,-162.8711778437003D0,-50.53159367597233D0,    0000033P   1212
230.4939197094384D0,-162.8679545618187D0,-52.18856016232151D0,   0000033P   1213
231.4186478834923D0,-162.8647312799371D0,-53.81678799094809D0,   0000033P   1214
232.3531207048459D0,-162.8615079980556D0,-55.43806261654196D0,   0000033P   1215
233.3080608879594D0,-162.858284716174D0,-57.06272938905977D0,    0000033P   1216
234.2932966548031D0,-162.8550614342925D0,-58.64756133798684D0,   0000033P   1217
235.2837389647163D0,-162.851838152411D0,-60.25569080017289D0,    0000033P   1218
236.3213341853717D0,-162.8486148705294D0,-61.8386191178653D0,    0000033P   1219
237.3778488872583D0,-162.8453915886478D0,-63.36592354092475D0,   0000033P   1220
238.4334222240935D0,-162.8421683067664D0,-64.92085719784174D0,   0000033P   1221
239.5449777298299D0,-162.8389450248847D0,-66.44387655625113D0,   0000033P   1222
240.6708635917599D0,-162.8357217430033D0,-67.96496713565873D0,   0000033P   1223
241.8300958800425D0,-162.8324984611218D0,-69.43796718379474D0,   0000033P   1224
242.9843897063055D0,-162.8292751792401D0,-70.8923187556147D0,    0000033P   1225
244.1501877682969D0,-162.8260518973586D0,-72.37520618400426D0,   0000033P   1226
245.3742308619494D0,-162.822828615477D0,-73.79684751626209D0,    0000033P   1227
246.5898223397781D0,-162.8196053335955D0,-75.20798755652487D0,   0000033P   1228
247.8454619824239D0,-162.816382051714D0,-76.62564600676564D0,    0000033P   1229
249.1712587066415D0,-162.8131587698324D0,-77.91648767780347D0,   0000033P   1230
250.4459710330476D0,-162.8099354879509D0,-79.2436180149997D0,    0000033P   1231
251.8309156883078D0,-162.8067122060693D0,-80.50769570709872D0,   0000033P   1232
253.2239953882001D0,-162.8034889241877D0,-81.75039187940146D0,   0000033P   1233
254.6646027325606D0,-162.8002656423062D0,-82.94175446671807D0,   0000033P   1234
256.1140049786104D0,-162.7970423604247D0,-84.12688117295406D0,   0000033P   1235
257.6222887072146D0,-162.7938190785431D0,-85.24992103604198D0,   0000033P   1236
259.1129342018515D0,-162.7905957966615D0,-86.36383933447495D0,   0000033P   1237
260.6514665233822D0,-162.78737251478D0,-87.45548638864234D0,     0000033P   1238
262.2209625019297D0,-162.7841492328984D0,-88.48363074329117D0,   0000033P   1239
263.7557896284538D0,-162.7809259510169D0,-89.52909478142789D0,   0000033P   1240
265.3747025620928D0,-162.7777026691353D0,-90.54459269402372D0,   0000033P   1241
267.0100590047391D0,-162.7744793872538D0,-91.47571545549124D0,   0000033P   1242
268.5620408436952D0,-162.7712561053722D0,-92.44799810655627D0,   0000033P   1243
270.2566676353397D0,-162.7680328234907D0,-93.34241227602749D0,   0000033P   1244
271.8952769613466D0,-162.764809541609D0,-94.22127558654293D0,    0000033P   1245
273.6021468630511D0,-162.7615862597275D0,-95.03390847805019D0,   0000033P   1246
275.2839001014413D0,-162.758362977846D0,-95.80646987755145D0,    0000033P   1247
277.0091928770055D0,-162.7551396959644D0,-96.51578049206904D0,   0000033P   1248
278.7284702958429D0,-162.7519164140829D0,-97.20066064644672D0,   0000033P   1249
280.5387842242338D0,-162.7486931322013D0,-97.80559185578763D0,   0000033P   1250
282.2810852027673D0,-162.7454698503197D0,-98.38388348489998D0,   0000033P   1251
284.0915752786225D0,-162.7422465684382D0,-98.92641079585674D0,   0000033P   1252
285.951427645397D0,-162.7390232865567D0,-99.40078254874526D0,    0000033P   1253
287.7255947378507D0,-162.7358000046751D0,-99.8500169271301D0,    0000033P   1254
289.5528116295316D0,-162.7325767227935D0,-100.2676677379253D0,   0000033P   1255
291.4357404626711D0,-162.729353440912D0,-100.6303381091462D0,    0000033P   1256
293.2717323182658D0,-162.7261301590304D0,-100.9491370980884D0,   0000033P   1257
295.1131305043099D0,-162.7229068771489D0,-101.227994634555D0,    0000033P   1258
297.0136335333606D0,-162.7196835952673D0,-101.4512815705126D0,   0000033P   1259
298.8768193969631D0,-162.7164603133857D0,-101.6261556159193D0,   0000033P   1260
300.7653328339507D0,-162.7132370315042D0,-101.7510022206834D0,   0000033P   1261
302.6849701154482D0,-162.7100137496227D0,-101.8273222039401D0,   0000033P   1262
304.5231788286898D0,-162.706790467741D0,-101.8650065272488D0,    0000033P   1263
306.4106234691266D0,-162.7035671858595D0,-101.8658081835126D0,   0000033P   1264
308.3040380212452D0,-162.7003439039779D0,-101.830944641861D0,    0000033P   1265
310.2121818579116D0,-162.6971206220964D0,-101.7665156069666D0,   0000033P   1266
312.0858437970095D0,-162.6938973402148D0,-101.6707848243931D0,   0000033P   1267
313.9931813046102D0,-162.6906740583333D0,-101.5466855537351D0,   0000033P   1268
315.8602799417443D0,-162.6874507764517D0,-101.3883132383611D0,   0000033P   1269
317.7537396769333D0,-162.6842274945702D0,-101.1979887976656D0,   0000033P   1270
319.6284988755486D0,-162.6810042126886D0,-100.9761859522863D0,   0000033P   1271
321.4890674340059D0,-162.6777809308071D0,-100.7138714751244D0,   0000033P   1272
323.3744126974261D0,-162.6745576489255D0,-100.4298901650124D0,   0000033P   1273
325.238653995843D0,-162.671334367044D0,-100.1543476828238D0,     0000033P   1274
327.1012213655916D0,-162.6681110851625D0,-99.87052764571426D0,   0000033P   1275
329.0053766869104D0,-162.6648878032808D0,-99.59840747803477D0,   0000033P   1276
330.8330464372741D0,-162.6616645213993D0,-99.31691583072052D0,   0000033P   1277
332.7244694890184D0,-162.6595156668115D0,-99.13086356623943D0,   0000033P   1278
333.9738599787077D0,-162.6584412395177D0,-99.0376363298511D0,    0000033P   1279
334.6D0,-117.2048219988719D0,3.446259923605849D-17,              0000033P   1280
193.2872988270331D0,-117.2066274018657D0,-0.6651474750599831D0,  0000033P   1281
193.5357514399177D0,-117.2102382078533D0,-1.991920313950776D0,   0000033P   1282
194.0322613121166D0,-117.2156544168348D0,-4.001446090802872D0,   0000033P   1283
194.7857307530996D0,-117.2210706258162D0,-6.011526432355328D0,   0000033P   1284
195.536609146869D0,-117.2264868347978D0,-8.047879626435776D0,    0000033P   1285
196.2926220155812D0,-117.2319030437792D0,-10.02116265157368D0,   0000033P   1286
197.018722729337D0,-117.2373192527606D0,-12.033280578436D0,      0000033P   1287
197.7511354240243D0,-117.2427354617421D0,-14.04465234036133D0,   0000033P   1288
198.482301629358D0,-117.2481516707236D0,-16.04127190550775D0,    0000033P   1289
199.2084509638803D0,-117.2535678797051D0,-18.05906165756452D0,   0000033P   1290
199.9482963551169D0,-117.2589840886866D0,-20.05611243722399D0,   0000033P   1291
200.6928633169956D0,-117.264400297668D0,-22.05295361266019D0,    0000033P   1292
201.4501679174519D0,-117.2698165066495D0,-24.05515659325241D0,   0000033P   1293
202.2319184276614D0,-117.2752327156309D0,-26.04609919387164D0,   0000033P   1294
203.0251626509645D0,-117.2806489246124D0,-28.0225223968945D0,    0000033P   1295
203.8272117640635D0,-117.2860651335939D0,-29.99658512111988D0,   0000033P   1296
204.6354440307194D0,-117.2914813425754D0,-31.99497159577965D0,   0000033P   1297
205.4552688359235D0,-117.2968975515568D0,-33.95034255348114D0,   0000033P   1298
206.2580552829789D0,-117.3023137605383D0,-35.9397734063956D0,    0000033P   1299
207.0844823350292D0,-117.3077299695198D0,-37.91120547589454D0,   0000033P   1300
207.9145648225008D0,-117.3131461785012D0,-39.8746889292273D0,    0000033P   1301
208.7604678956196D0,-117.3185623874827D0,-41.85758355893236D0,   0000033P   1302
209.6394723400864D0,-117.3239785964641D0,-43.79339671832378D0,   0000033P   1303
210.5193298960046D0,-117.3293948054456D0,-45.70667086323551D0,   0000033P   1304
211.40458828005D0,-117.3348110144271D0,-47.68281969228057D0,     0000033P   1305
212.3325986103036D0,-117.3402272234085D0,-49.57599623293896D0,   0000033P   1306
213.2290931579217D0,-117.3456434323901D0,-51.53136154104399D0,   0000033P   1307
214.1608255958917D0,-117.3510596413715D0,-53.45730295476829D0,   0000033P   1308
215.0818503797513D0,-117.3564758503529D0,-55.36472985588414D0,   0000033P   1309
216.0117936905663D0,-117.3618920593344D0,-57.33141416980713D0,   0000033P   1310
216.99925155325D0,-117.3673082683159D0,-59.18385454930879D0,     0000033P   1311
217.9646561449985D0,-117.3727244772973D0,-61.07349477683868D0,   0000033P   1312
218.9974751913321D0,-117.3781406862788D0,-62.9261244567799D0,    0000033P   1313
220.0645396975162D0,-117.3835568952603D0,-64.77130763396357D0,   0000033P   1314
221.1719682550594D0,-117.3889731042417D0,-66.56996966043462D0,   0000033P   1315
222.287443459617D0,-117.3943893132232D0,-68.41356416584827D0,    0000033P   1316
223.4605445361062D0,-117.3998055222047D0,-70.16580750290795D0,   0000033P   1317
224.5962976601744D0,-117.4052217311862D0,-71.96368572679447D0,   0000033P   1318
225.7754130491523D0,-117.4106379401676D0,-73.73792216043222D0,   0000033P   1319
226.963634318762D0,-117.4160541491491D0,-75.51210581789184D0,    0000033P   1320
228.185239407595D0,-117.4214703581306D0,-77.2624663428977D0,     0000033P   1321
229.4332098679853D0,-117.426886567112D0,-78.96847948483025D0,    0000033P   1322
230.6985988641431D0,-117.4323027760935D0,-80.64888955008756D0,   0000033P   1323
232.0036523183473D0,-117.437718985075D0,-82.34821035865033D0,    0000033P   1324
233.3917646427425D0,-117.4431351940564D0,-83.92395428392508D0,   0000033P   1325
234.7423802721083D0,-117.4485514030379D0,-85.53827822853467D0,   0000033P   1326
236.1930243292613D0,-117.4539676120193D0,-87.09763545647778D0,   0000033P   1327
237.6659578812613D0,-117.4593838210008D0,-88.61015425311662D0,   0000033P   1328
239.1639956097362D0,-117.4648000299823D0,-90.1009546570856D0,    0000033P   1329
240.7107956389818D0,-117.4702162389637D0,-91.56085961604761D0,   0000033P   1330
242.2977703050976D0,-117.4756324479452D0,-92.95042316848736D0,   0000033P   1331
243.8776484443175D0,-117.4810486569267D0,-94.33488808109891D0,   0000033P   1332
245.5232905253824D0,-117.4864648659082D0,-95.67410387297866D0,   0000033P   1333
247.1879762920798D0,-117.4918810748896D0,-97.00479604536724D0,   0000033P   1334
248.9208727952355D0,-117.4972972838711D0,-98.22719578735098D0,   0000033P   1335
250.5854478052461D0,-117.5027134928525D0,-99.50498608707301D0,   0000033P   1336
252.4118872053D0,-117.508129701834D0,-100.6433665784439D0,       0000033P   1337
254.118796447913D0,-117.5135459108154D0,-101.8199089812122D0,    0000033P   1338
255.9712616325193D0,-117.5189621197969D0,-102.9211718094971D0,   0000033P   1339
257.7976308234723D0,-117.5243783287784D0,-103.9718949508497D0,   0000033P   1340
259.6320190088844D0,-117.5297945377599D0,-105.0071084330719D0,   0000033P   1341
261.5388914787166D0,-117.5352107467413D0,-105.9884528474553D0,   0000033P   1342
263.4559087013043D0,-117.5406269557228D0,-106.9047566937943D0,   0000033P   1343
265.3493951179112D0,-117.5460431647042D0,-107.8130630378595D0,   0000033P   1344
267.3522803947427D0,-117.5514593736857D0,-108.6301548494673D0,   0000033P   1345
269.2774156273015D0,-117.5568755826672D0,-109.4107624440178D0,   0000033P   1346
271.2455030891312D0,-117.5622917916486D0,-110.1742552242017D0,   0000033P   1347
273.3254607633339D0,-117.5677080006301D0,-110.8426855379877D0,   0000033P   1348
275.2930490028386D0,-117.5731242096115D0,-111.4918354455826D0,   0000033P   1349
277.3652043686518D0,-117.578540418593D0,-112.0869540775732D0,    0000033P   1350
279.4460552162877D0,-117.5839566275745D0,-112.6138404587103D0,   0000033P   1351
281.4639861663775D0,-117.5893728365559D0,-113.1112734623242D0,   0000033P   1352
283.5676406362905D0,-117.5947890455374D0,-113.5537117788683D0,   0000033P   1353
285.6520269217645D0,-117.6002052545189D0,-113.956927750612D0,    0000033P   1354
287.7921653879857D0,-117.6056214635003D0,-114.3027103392009D0,   0000033P   1355
289.8738525592993D0,-117.6110376724818D0,-114.6109600462803D0,   0000033P   1356
292.0134051491723D0,-117.6164538814632D0,-114.8702837358301D0,   0000033P   1357
294.1390500962077D0,-117.6218700904447D0,-115.0816068135288D0,   0000033P   1358
296.227094859272D0,-117.6272862994261D0,-115.2579711134374D0,    0000033P   1359
298.4277567430278D0,-117.6327025084076D0,-115.3834247597539D0,   0000033P   1360
300.497469778382D0,-117.6381187173891D0,-115.4751442216648D0,    0000033P   1361
302.6958422813603D0,-117.6435349263705D0,-115.5219561023129D0,   0000033P   1362
304.7814882651498D0,-117.648951135352D0,-115.5315689948575D0,    0000033P   1363
306.9671036931289D0,-117.6543673443335D0,-115.5023392847236D0,   0000033P   1364
309.0687907704111D0,-117.6597835533149D0,-115.4309841243211D0,   0000033P   1365
311.260530475676D0,-117.6651997622964D0,-115.3213783281645D0,    0000033P   1366
313.3545813433643D0,-117.6706159712778D0,-115.1673487141097D0,   0000033P   1367
315.5099982790566D0,-117.6760321802593D0,-114.9739884429118D0,   0000033P   1368
317.6254099985371D0,-117.6814483892408D0,-114.734777442631D0,    0000033P   1369
319.77817370153D0,-117.6868645982222D0,-114.4609257845375D0,     0000033P   1370
321.8700788377101D0,-117.6922808072037D0,-114.1402732202473D0,   0000033P   1371
324.0025761765569D0,-117.6976970161852D0,-113.82005040824D0,     0000033P   1372
326.1355410945898D0,-117.7031132251666D0,-113.5068106591585D0,   0000033P   1373
328.2179755479442D0,-117.708529434148D0,-113.1845725237653D0,    0000033P   1374
330.3676037017924D0,-117.7139456431295D0,-112.8695778488891D0,   0000033P   1375
332.4621432757847D0,-117.7175564491171D0,-112.6553355277608D0,   0000033P   1376
333.8900063737891D0,-117.7193618521109D0,-112.5487451008935D0,   0000033P   1377
334.6000000000001D0,-78.28605485648696D0,2.258173063957125D-17,  0000033P   1378
178.1669640611446D0,-78.28518393452978D0,-0.7421313998183146D0,  0000033P   1379
178.4277996809125D0,-78.28344209061545D0,-2.230172860560086D0,   0000033P   1380
178.9545630423111D0,-78.28082932474395D0,-4.429026382245118D0,   0000033P   1381
179.7434358741598D0,-78.27821655887242D0,-6.690454420857968D0,   0000033P   1382
180.5671627300815D0,-78.27560379300093D0,-8.918964713313372D0,   0000033P   1383
181.389412441136D0,-78.27299102712946D0,-11.13755900981145D0,    0000033P   1384
182.2188406828705D0,-78.27037826125789D0,-13.30988449988032D0,   0000033P   1385
183.0410307827866D0,-78.26776549538644D0,-15.53536188734654D0,   0000033P   1386
183.895275089941D0,-78.26515272951492D0,-17.71969288729389D0,    0000033P   1387
184.7446286405836D0,-78.26253996364349D0,-19.9185849394261D0,    0000033P   1388
185.6121175553269D0,-78.25992719777192D0,-22.1107687957718D0,    0000033P   1389
186.4908895866556D0,-78.25731443190044D0,-24.29319981589925D0,   0000033P   1390
187.3788574469265D0,-78.25470166602895D0,-26.49063860685348D0,   0000033P   1391
188.2835249021248D0,-78.25208890015743D0,-28.68620240480001D0,   0000033P   1392
189.1915080627877D0,-78.24947613428599D0,-30.86391428021032D0,   0000033P   1393
190.0931549132677D0,-78.24686336841445D0,-33.0285941176816D0,    0000033P   1394
190.9852790149402D0,-78.24425060254298D0,-35.26063880862594D0,   0000033P   1395
191.8976322307929D0,-78.24163783667146D0,-37.41825490202691D0,   0000033P   1396
192.7787528377556D0,-78.23902507079997D0,-39.59450608632692D0,   0000033P   1397
193.678776156726D0,-78.23641230492846D0,-41.79699957128143D0,    0000033P   1398
194.6091767070118D0,-78.23379953905699D0,-43.95065385909098D0,   0000033P   1399
195.5482600962476D0,-78.23118677318546D0,-46.13693821782158D0,   0000033P   1400
196.5430371200381D0,-78.228574007314D0,-48.24644521883303D0,     0000033P   1401
197.5385506253138D0,-78.22596124144245D0,-50.36520577458712D0,   0000033P   1402
198.5601156243658D0,-78.22334847557099D0,-52.51481687338719D0,   0000033P   1403
199.6096264743676D0,-78.22073570969947D0,-54.59975475530233D0,   0000033P   1404
200.6278865886291D0,-78.21812294382802D0,-56.76330964017895D0,   0000033P   1405
201.6735189582066D0,-78.21551017795649D0,-58.90041860162155D0,   0000033P   1406
202.6942744300091D0,-78.212897412085D0,-60.99001024132823D0,     0000033P   1407
203.6998942308663D0,-78.21028464621348D0,-63.19109339820403D0,   0000033P   1408
204.7860620281033D0,-78.20767188034199D0,-65.22257686001164D0,   0000033P   1409
205.825012914571D0,-78.20505911447047D0,-67.33532272819042D0,    0000033P   1410
206.963519774345D0,-78.20244634859903D0,-69.39140205910834D0,    0000033P   1411
208.1377423923458D0,-78.19983358272751D0,-71.42579213105489D0,   0000033P   1412
209.349199655737D0,-78.19722081685599D0,-73.43865452325319D0,    0000033P   1413
210.586276567953D0,-78.19460805098453D0,-75.46819145439487D0,    0000033P   1414
211.8608593533D0,-78.19199528511301D0,-77.40446241700865D0,      0000033P   1415
213.0897961981706D0,-78.18938251924151D0,-79.41774254341475D0,   0000033P   1416
214.37254047323D0,-78.18676975337D0,-81.39429550465347D0,        0000033P   1417
215.6511321187199D0,-78.18415698749853D0,-83.3739078144238D0,    0000033P   1418
216.9661128180351D0,-78.18154422162705D0,-85.31831305744088D0,   0000033P   1419
218.3066069014407D0,-78.17893145575552D0,-87.23347045412714D0,   0000033P   1420
219.6910189997823D0,-78.17631868988407D0,-89.10733374666765D0,   0000033P   1421
221.1270653225291D0,-78.17370592401251D0,-90.98999862329399D0,   0000033P   1422
222.6601398240032D0,-78.17109315814105D0,-92.72029300334191D0,   0000033P   1423
224.148387437379D0,-78.16848039226959D0,-94.5003196701612D0,     0000033P   1424
225.7587968184784D0,-78.16586762639804D0,-96.20088626981992D0,   0000033P   1425
227.3741735135749D0,-78.16325486052654D0,-97.90000406319197D0,   0000033P   1426
229.0589267755041D0,-78.16064209465505D0,-99.53756622912906D0,   0000033P   1427
230.7502953162958D0,-78.15802932878354D0,-101.1711061281898D0,   0000033P   1428
232.5109735437752D0,-78.15541656291208D0,-102.6947722567448D0,   0000033P   1429
234.2239718520311D0,-78.15280379704053D0,-104.2487446416772D0,   0000033P   1430
236.0503410406137D0,-78.15019103116909D0,-105.7208156065224D0,   0000033P   1431
237.8627393843107D0,-78.14757826529755D0,-107.2121808278007D0,   0000033P   1432
239.7959105581726D0,-78.14496549942608D0,-108.5451516942093D0,   0000033P   1433
241.6123427349424D0,-78.14235273355455D0,-109.9553033085891D0,   0000033P   1434
243.6407727477327D0,-78.13973996768307D0,-111.2040119722814D0,   0000033P   1435
245.5399286214331D0,-78.13712720181154D0,-112.4812257350586D0,   0000033P   1436
247.5941882778433D0,-78.13451443594005D0,-113.6540539794083D0,   0000033P   1437
249.5970361883914D0,-78.13190167006856D0,-114.8038940640813D0,   0000033P   1438
251.6801432885844D0,-78.12928890419705D0,-115.8941770431739D0,   0000033P   1439
253.7799565705445D0,-78.12667613832555D0,-116.9516809714486D0,   0000033P   1440
255.9460050004914D0,-78.1240633724541D0,-117.9033157343296D0,    0000033P   1441
258.014321010871D0,-78.12145060658254D0,-118.8818175980009D0,    0000033P   1442
260.2748377988828D0,-78.11883784071107D0,-119.7427149721973D0,   0000033P   1443
262.3967495432794D0,-78.11622507483953D0,-120.584088090767D0,    0000033P   1444
264.5987849209708D0,-78.11361230896806D0,-121.4023753184762D0,   0000033P   1445
266.900996977298D0,-78.11099954309657D0,-122.1231296942785D0,    0000033P   1446
269.0875385865665D0,-78.10838677722506D0,-122.8227951440968D0,   0000033P   1447
271.3883267816742D0,-78.10577401135353D0,-123.4527562698633D0,   0000033P   1448
273.6614438900779D0,-78.10316124548206D0,-124.0196541544167D0,   0000033P   1449
275.9102949394687D0,-78.10054847961054D0,-124.5483358702329D0,   0000033P   1450
278.2502479857383D0,-78.09793571373908D0,-125.0070332464D0,      0000033P   1451
280.5267044024984D0,-78.09532294786753D0,-125.4369468077015D0,   0000033P   1452
282.93020040447D0,-78.09271018199607D0,-125.7975480550245D0,     0000033P   1453
285.2191750364084D0,-78.09009741612452D0,-126.1237601545792D0,   0000033P   1454
287.5716207842336D0,-78.08748465025305D0,-126.4055490845424D0,   0000033P   1455
289.9226409292203D0,-78.08487188438157D0,-126.6426798941948D0,   0000033P   1456
292.222629727199D0,-78.08225911851005D0,-126.8509740586334D0,    0000033P   1457
294.6387218200172D0,-78.07964635263855D0,-127.010574903166D0,    0000033P   1458
296.9400991553534D0,-78.07703358676706D0,-127.1368945211097D0,   0000033P   1459
299.3793812370261D0,-78.07442082089554D0,-127.2146723304999D0,   0000033P   1460
301.6667272650215D0,-78.07180805502405D0,-127.2530859699186D0,   0000033P   1461
304.0742338731386D0,-78.06919528915255D0,-127.2463141525675D0,   0000033P   1462
306.3902465679185D0,-78.06658252328106D0,-127.1917025405098D0,   0000033P   1463
308.8215415982138D0,-78.06396975740955D0,-127.0935326902821D0,   0000033P   1464
311.1332844063227D0,-78.06135699153809D0,-126.9472819513769D0,   0000033P   1465
313.5057706668399D0,-78.05874422566657D0,-126.7574967048532D0,   0000033P   1466
315.8444986194435D0,-78.05613145979507D0,-126.514689880941D0,    0000033P   1467
318.2492768615813D0,-78.05351869392356D0,-126.2424734331832D0,   0000033P   1468
320.5393822658285D0,-78.05090592805206D0,-125.9092989746287D0,   0000033P   1469
322.9011841378999D0,-78.04829316218057D0,-125.5634352921756D0,   0000033P   1470
325.2684168469493D0,-78.04568039630911D0,-125.2351859824482D0,   0000033P   1471
327.5347682783079D0,-78.04306763043756D0,-124.8864442203485D0,   0000033P   1472
329.9401329213899D0,-78.04045486456606D0,-124.552607798226D0,    0000033P   1473
332.2407483736369D0,-78.0387130206517D0,-124.3240723475458D0,    0000033P   1474
333.8171364987534D0,-78.03784209869454D0,-124.2105518515631D0,   0000033P   1475
334.5999999999999D0,-38.83034544953232D0,-1.272979568922032D-16, 0000033P   1476
160.5755666132121D0,-38.83202130298105D0,-0.8094212391237962D0,  0000033P   1477
160.886263779237D0,-38.83537300987849D0,-2.433279654411074D0,    0000033P   1478
161.5140549997841D0,-38.84040057022465D0,-4.825523967134735D0,   0000033P   1479
162.4524132510225D0,-38.84542813057081D0,-7.234113366521751D0,   0000033P   1480
163.4090986501407D0,-38.85045569091697D0,-9.650040705428001D0,   0000033P   1481
164.385648769399D0,-38.85548325126316D0,-12.05634605025335D0,    0000033P   1482
165.3736349479581D0,-38.86051081160928D0,-14.44187735789433D0,   0000033P   1483
166.3695695542083D0,-38.86553837195548D0,-16.8062145140322D0,    0000033P   1484
167.3673306638862D0,-38.87056593230164D0,-19.19165927081619D0,   0000033P   1485
168.3904478220489D0,-38.87559349264783D0,-21.58221896494294D0,   0000033P   1486
169.4295651518049D0,-38.88062105299395D0,-23.92103980973313D0,   0000033P   1487
170.4544654478478D0,-38.88564861334014D0,-26.33199025499874D0,   0000033P   1488
171.5280627148784D0,-38.8906761736863D0,-28.66984953116019D0,    0000033P   1489
172.5727105589655D0,-38.89570373403245D0,-31.07285293863194D0,   0000033P   1490
173.6521934693607D0,-38.90073129437865D0,-33.39938194389215D0,   0000033P   1491
174.6948986561132D0,-38.90575885472478D0,-35.78011620843103D0,   0000033P   1492
175.7617852564887D0,-38.91078641507097D0,-38.16191028245996D0,   0000033P   1493
176.8197650631838D0,-38.91581397541712D0,-40.53385967573797D0,   0000033P   1494
177.8762359612855D0,-38.92084153576329D0,-42.86684795032276D0,   0000033P   1495
178.9181572539066D0,-38.92586909610943D0,-45.2800814993666D0,    0000033P   1496
180.0166831411781D0,-38.93089665645563D0,-47.60856678068253D0,   0000033P   1497
181.0973623540413D0,-38.93592421680176D0,-49.94794969458006D0,   0000033P   1498
182.217524661806D0,-38.94095177714795D0,-52.25420773629063D0,    0000033P   1499
183.3533813345576D0,-38.94597933749409D0,-54.57678726911468D0,   0000033P   1500
184.5259762121635D0,-38.95100689784027D0,-56.90282239142209D0,   0000033P   1501
185.7196734311652D0,-38.95603445818643D0,-59.21329375193309D0,   0000033P   1502
186.9238890847009D0,-38.96106201853261D0,-61.46366167998635D0,   0000033P   1503
188.0980911135893D0,-38.96608957887877D0,-63.78923344715394D0,   0000033P   1504
189.3251547291383D0,-38.97111713922493D0,-66.04766936362989D0,   0000033P   1505
190.529998721447D0,-38.97614469957107D0,-68.36152321400363D0,    0000033P   1506
191.7818994918597D0,-38.98117225991725D0,-70.58809932169673D0,   0000033P   1507
193.0159683412263D0,-38.98619982026341D0,-72.88368874212026D0,   0000033P   1508
194.3181449603665D0,-38.99122738060959D0,-75.12075415101228D0,   0000033P   1509
195.6213439136382D0,-38.99625494095574D0,-77.32638460213224D0,   0000033P   1510
196.9348535731358D0,-39.00128250130189D0,-79.60024144886035D0,   0000033P   1511
198.3211255448734D0,-39.00631006164808D0,-81.75133414231523D0,   0000033P   1512
199.6584650214222D0,-39.01133762199424D0,-83.96316759924174D0,   0000033P   1513
201.0615715576794D0,-39.01636518234039D0,-86.10062754753949D0,   0000033P   1514
202.4414934416587D0,-39.02139274268656D0,-88.28875426947933D0,   0000033P   1515
203.8935269702362D0,-39.02642030303274D0,-90.41147668875153D0,   0000033P   1516
205.3467940036209D0,-39.03144786337891D0,-92.51564524641597D0,   0000033P   1517
206.8406990244846D0,-39.03647542372503D0,-94.62690225924249D0,   0000033P   1518
208.4070726226539D0,-39.04150298407125D0,-96.66088382068557D0,   0000033P   1519
209.9910111226304D0,-39.04653054441737D0,-98.70638728993123D0,   0000033P   1520
211.6648967905321D0,-39.05155810476356D0,-100.6508930570515D0,   0000033P   1521
213.3339116933373D0,-39.05658566510974D0,-102.5615231259719D0,   0000033P   1522
215.0493177305705D0,-39.06161322545587D0,-104.4745675854873D0,   0000033P   1523
216.8449669903804D0,-39.06664078580205D0,-106.3160751510312D0,   0000033P   1524
218.6503267910908D0,-39.07166834614821D0,-108.1208740690505D0,   0000033P   1525
220.4938113078858D0,-39.07669590649437D0,-109.9220577723506D0,   0000033P   1526
222.4200248914665D0,-39.08172346684055D0,-111.6058020340613D0,   0000033P   1527
224.3071542270799D0,-39.08675102718669D0,-113.3193408031122D0,   0000033P   1528
226.3258794978804D0,-39.09177858753287D0,-114.9274404279156D0,   0000033P   1529
228.3249533552786D0,-39.09680614787902D0,-116.5053662922123D0,   0000033P   1530
230.3969086800889D0,-39.10183370822521D0,-118.0103777296301D0,   0000033P   1531
232.4917016782091D0,-39.10686126857134D0,-119.4702447301792D0,   0000033P   1532
234.6381822589503D0,-39.11188882891753D0,-120.8757263180474D0,   0000033P   1533
236.8230173006978D0,-39.11691638926367D0,-122.2370111869588D0,   0000033P   1534
239.0576575883077D0,-39.12194394960984D0,-123.5138951427632D0,   0000033P   1535
241.2706412725935D0,-39.12697150995601D0,-124.7609600157381D0,   0000033P   1536
243.5481820338947D0,-39.13199907030218D0,-125.9591897173814D0,   0000033P   1537
245.856804462831D0,-39.13702663064833D0,-127.1270355452451D0,    0000033P   1538
248.2388794046308D0,-39.14205419099454D0,-128.183150322484D0,    0000033P   1539
250.5228754306053D0,-39.14708175134066D0,-129.2289675967067D0,   0000033P   1540
252.924875674477D0,-39.15210931168684D0,-130.1967029531334D0,    0000033P   1541
255.2999661333495D0,-39.15713687203299D0,-131.1258243740957D0,   0000033P   1542
257.7423823650622D0,-39.16216443237916D0,-131.9997791015044D0,   0000033P   1543
260.2270618050959D0,-39.16719199272532D0,-132.7930696508966D0,   0000033P   1544
262.6695913048377D0,-39.1722195530715D0,-133.5437992057094D0,    0000033P   1545
265.185675134327D0,-39.17724711341764D0,-134.2171397766218D0,    0000033P   1546
267.6575746727785D0,-39.18227467376381D0,-134.838793037726D0,    0000033P   1547
270.1647922264189D0,-39.18730223410998D0,-135.4059245895829D0,   0000033P   1548
272.7050297210698D0,-39.19232979445616D0,-135.9126330074504D0,   0000033P   1549
275.2325776096306D0,-39.1973573548023D0,-136.3820912406433D0,    0000033P   1550
277.8639541296375D0,-39.20238491514849D0,-136.7738827496082D0,   0000033P   1551
280.3468581512321D0,-39.20741247549463D0,-137.1335267673985D0,   0000033P   1552
282.9335727429038D0,-39.21244003584081D0,-137.4413467741946D0,   0000033P   1553
285.4921196411609D0,-39.21746759618698D0,-137.7095796818465D0,   0000033P   1554
288.1091385941828D0,-39.22249515653313D0,-137.9272125710073D0,   0000033P   1555
290.6674036201862D0,-39.22752271687929D0,-138.1037175927975D0,   0000033P   1556
293.2696322473172D0,-39.23255027722547D0,-138.2343462487916D0,   0000033P   1557
295.8545596738248D0,-39.23757783757162D0,-138.3217728781036D0,   0000033P   1558
298.4485174574039D0,-39.24260539791779D0,-138.3643128145498D0,   0000033P   1559
301.0280803096174D0,-39.24763295826394D0,-138.3637071116943D0,   0000033P   1560
303.6040451148471D0,-39.25266051861012D0,-138.3173551771909D0,   0000033P   1561
306.2448217598783D0,-39.25768807895626D0,-138.227907847284D0,    0000033P   1562
308.8279789874368D0,-39.26271563930244D0,-138.0954791533737D0,   0000033P   1563
311.3956505395721D0,-39.26774319964859D0,-137.9188775052307D0,   0000033P   1564
313.985945823688D0,-39.27277075999476D0,-137.6927838408147D0,    0000033P   1565
316.6185209521323D0,-39.27779832034093D0,-137.4322752247742D0,   0000033P   1566
319.1710607768574D0,-39.2828258806871D0,-137.1217420672239D0,    0000033P   1567
321.7398354882395D0,-39.28785344103326D0,-136.7769637585521D0,   0000033P   1568
324.327744023755D0,-39.29288100137943D0,-136.4456469251089D0,    0000033P   1569
326.8822733377358D0,-39.29790856172557D0,-136.1090953341768D0,   0000033P   1570
329.4454804730682D0,-39.30293612207173D0,-135.7710854453685D0,   0000033P   1571
332.0370592597365D0,-39.30628782896918D0,-135.547630632431D0,    0000033P   1572
333.7439507806288D0,-39.30796368241789D0,-135.4356675876009D0,   0000033P   1573
334.6D0,-0.05246957390563871D0,-8.689449402353199D-17,           0000033P   1574
142.051918315811D0,-0.0521313037365039D0,-0.8706827121291569D0,  0000033P   1575
142.4242412362083D0,-0.05145476339822629D0,-2.614810196236813D0, 0000033P   1576
143.1747487631975D0,-0.05043995289083074D0,-5.199041532827385D0, 0000033P   1577
144.3015484633651D0,-0.04942514238342632D0,-7.743540930879252D0, 0000033P   1578
145.4259702716829D0,-0.04841033187602589D0,-10.34397092230818D0, 0000033P   1579
146.5915032304665D0,-0.04739552136860947D0,-12.90393180032875D0, 0000033P   1580
147.7566892989661D0,-0.04638071086121703D0,-15.50488253112009D0, 0000033P   1581
148.9584049034586D0,-0.04536590035380684D0,-18.00238943238725D0, 0000033P   1582
150.1283631097507D0,-0.04435108984640197D0,-20.57790807478884D0, 0000033P   1583
151.3480279238415D0,-0.04333627933899399D0,-23.14327939886234D0, 0000033P   1584
152.5745011372179D0,-0.04232146883159578D0,-25.64471748846403D0, 0000033P   1585
153.7770686387842D0,-0.04130665832418647D0,-28.25866192500157D0, 0000033P   1586
155.0403833062441D0,-0.04029184781678425D0,-30.74047949377847D0, 0000033P   1587
156.2444550537161D0,-0.03927703730938072D0,-33.33127701235321D0, 0000033P   1588
157.506751336097D0,-0.03826222680197585D0,-35.81198478756939D0,  0000033P   1589
158.7199863701336D0,-0.03724741629457187D0,-38.39455911065242D0, 0000033P   1590
159.9880193282789D0,-0.03623260578716611D0,-40.90665904181617D0, 0000033P   1591
161.2260363642525D0,-0.03521779527976213D0,-43.46097028787953D0, 0000033P   1592
162.4900439447209D0,-0.03420298477235548D0,-45.96152938398359D0, 0000033P   1593
163.7335476991203D0,-0.03318817426495106D0,-48.53942929146282D0, 0000033P   1594
165.0283224903697D0,-0.03217336375755418D0,-51.04025005319187D0, 0000033P   1595
166.2968161567299D0,-0.03115855325014487D0,-53.50406169349733D0, 0000033P   1596
167.5635395488227D0,-0.03014374274273955D0,-56.02275027276388D0, 0000033P   1597
168.877179653872D0,-0.02912893223533734D0,-58.51859951985633D0,  0000033P   1598
170.2044746929108D0,-0.02811412172793159D0,-61.03352781386911D0, 0000033P   1599
171.5675427394917D0,-0.02709931122053204D0,-63.54116935476669D0, 0000033P   1600
172.9581697196647D0,-0.02608450071312051D0,-65.90258317327545D0, 0000033P   1601
174.2975291928403D0,-0.02506969020571697D0,-68.38164400768359D0, 0000033P   1602
175.7362698347594D0,-0.02405487969831254D0,-70.81149128753215D0, 0000033P   1603
177.1705973654983D0,-0.02304006919091077D0,-73.22987663257902D0, 0000033P   1604
178.6165638515252D0,-0.02202525868350457D0,-75.63453281818613D0, 0000033P   1605
180.0652349114286D0,-0.0210104481760997D0,-78.10182321932464D0,  0000033P   1606
181.5563000961494D0,-0.01999563766869927D0,-80.50152525269149D0, 0000033P   1607
183.0062879856621D0,-0.01898082716129129D0,-82.87530133495616D0, 0000033P   1608
184.4492288734038D0,-0.01796601665388464D0,-85.37596962285588D0, 0000033P   1609
185.9919791323963D0,-0.01695120614648288D0,-87.65564096344386D0, 0000033P   1610
187.4252227445638D0,-0.01593639563907934D0,-90.12312646699995D0, 0000033P   1611
189.0184151090246D0,-0.01492158513166913D0,-92.39311583232214D0, 0000033P   1612
190.5306328604148D0,-0.01390677462427536D0,-94.77456014365887D0, 0000033P   1613
192.1699508771015D0,-0.01289196411686117D0,-97.03025213322681D0, 0000033P   1614
193.7770195721687D0,-0.01187715360946251D0,-99.30468887951594D0, 0000033P   1615
195.4517767018961D0,-0.01086234310205409D0,-101.59026954459D0,   0000033P   1616
197.1968773348901D0,-0.009847532594653211D0,                     0000033P   1617
-103.7825350708576D0,198.9325658182189D0,                        0000033P   1618
-0.008832722087248784D0,-105.9803433469273D0,                    0000033P   1619
200.7379811244732D0,-0.00781791157983903D0,-108.1515606137126D0, 0000033P   1620
202.5941314027442D0,-0.006803101072442152D0,                     0000033P   1621
-110.2002111717628D0,204.4149805092579D0,                        0000033P   1622
-0.005788290565030619D0,-112.3319851144763D0,                    0000033P   1623
206.3912249172785D0,-0.004773480057635073D0,                     0000033P   1624
-114.3140274269495D0,208.3121616428381D0,                        0000033P   1625
-0.003758669550224873D0,-116.2901914757334D0,                    0000033P   1626
210.3126723634183D0,-0.002743859042820003D0,                     0000033P   1627
-118.2604256863792D0,212.4088629275048D0,                        0000033P   1628
-0.001729048535414244D0,-120.102717435089D0,214.4710598474488D0, 0000033P   1629
-0.0007142380280111492D0,-121.9715694594248D0,                   0000033P   1630
216.6776208058003D0,0.0003005724793923911D0,                     0000033P   1631
-123.7333618592651D0,218.8825717196784D0,0.001315382986800813D0, 0000033P   1632
-125.3905585209236D0,221.0754601016928D0,0.002330193494198134D0, 0000033P   1633
-127.0775411022681D0,223.4459320234398D0,0.003345004001609667D0, 0000033P   1634
-128.6073916308874D0,225.7195904593719D0,0.004359814509011429D0, 0000033P   1635
-130.1743529806037D0,228.1728785272941D0,0.005374625016417188D0, 0000033P   1636
-131.6272958398194D0,230.5710353613275D0,0.006389435523817173D0, 0000033P   1637
-133.0305956927595D0,233.0008262475461D0,0.007404246031228266D0, 0000033P   1638
-134.3889498661202D0,235.4675612548566D0,0.008419056538628253D0, 0000033P   1639
-135.7047218555147D0,237.9725829952164D0,0.009433867046032236D0, 0000033P   1640
-136.9886624083187D0,240.5536264430807D0,0.01044867755344066D0,  0000033P   1641
-138.166912518324D0,243.064233037242D0,0.01146348806084065D0,    0000033P   1642
-139.2918441033564D0,245.6127252229289D0,0.01247829856824818D0,  0000033P   1643
-140.3716890780153D0,248.2339176373838D0,0.01349310907565261D0,  0000033P   1644
-141.3953410600197D0,250.9185869595104D0,0.01450791958305349D0,  0000033P   1645
-142.3233667038643D0,253.5619571164949D0,0.01552273009046368D0,  0000033P   1646
-143.1969894878182D0,256.2637105581994D0,0.01653754059786589D0,  0000033P   1647
-144.0041710003517D0,258.9882576407396D0,0.01755235110526677D0,  0000033P   1648
-144.7317507328147D0,261.6682598647267D0,0.01856716161267297D0,  0000033P   1649
-145.4147035315064D0,264.4231934562096D0,0.01958197212007606D0,  0000033P   1650
-146.0350916561835D0,267.1816793267013D0,0.0205967826274876D0,   0000033P   1651
-146.5970285413833D0,269.9422946787055D0,0.02161159313488404D0,  0000033P   1652
-147.1134214543952D0,272.7796703148008D0,0.02262640364228979D0,  0000033P   1653
-147.550885756795D0,275.4818888758181D0,0.02364121414969289D0,   0000033P   1654
-147.9532242143983D0,278.3097532876967D0,0.0246560246570951D0,   0000033P   1655
-148.29276120675D0,281.0694465982614D0,0.02567083516449997D0,    0000033P   1656
-148.595479873682D0,283.9926677818432D0,0.02668564567190794D0,   0000033P   1657
-148.8256357206078D0,286.7076389274801D0,0.02770045617931148D0,  0000033P   1658
-149.0190404527746D0,289.5928137391379D0,0.02871526668671324D0,  0000033P   1659
-149.1554657030945D0,292.3426525689256D0,0.02973007719412122D0,  0000033P   1660
-149.2517614292884D0,295.2185743229586D0,0.0307448877015212D0,   0000033P   1661
-149.2999092033751D0,297.993326259785D0,0.03175969820893318D0,   0000033P   1662
-149.3070781296078D0,300.8252757512D0,0.03277450871633094D0,     0000033P   1663
-149.2720545094382D0,303.6637381004247D0,0.03378931922373804D0,  0000033P   1664
-149.1952573145686D0,306.5170365432026D0,0.03480412973114557D0,  0000033P   1665
-149.0800358540388D0,309.2957721936426D0,0.03581894023854778D0,  0000033P   1666
-148.9215909212665D0,312.1218643266774D0,0.03683375074594777D0,  0000033P   1667
-148.7181721748011D0,314.9746927450857D0,0.03784856125335531D0,  0000033P   1668
-148.4722088983933D0,317.8000266388135D0,0.03886337176075662D0,  0000033P   1669
-148.1911958052868D0,320.5753610231129D0,0.0398781822681655D0,   0000033P   1670
-147.8578130552787D0,323.3774622751348D0,0.04089299277556947D0,  0000033P   1671
-147.5244114715441D0,326.2278536743198D0,0.04190780328296946D0,  0000033P   1672
-147.2052018153396D0,328.9467913832756D0,0.042922613790381D0,    0000033P   1673
-146.8671101022883D0,331.8265826514045D0,0.04359915412864751D0,  0000033P   1674
-146.6508977958529D0,333.6690806461807D0,0.04393742429778232D0,  0000033P   1675
-146.5416438720343D0,334.5999999999999D0,39.05153669642573D0,    0000033P   1676
4.749634125757478D-16,123.2785424403138D0,39.05185975957019D0,   0000033P   1677
-0.9270966191629531D0,123.7011447643785D0,39.05250588585908D0,   0000033P   1678
-2.78096871305736D0,124.5522385443716D0,39.05347507529248D0,     0000033P   1679
-5.542379561548275D0,125.8390963758444D0,39.05444426472586D0,    0000033P   1680
-8.298447672288368D0,127.1494116153147D0,39.05541345415925D0,    0000033P   1681
-11.07451973392349D0,128.4934041796294D0,39.05638264359261D0,    0000033P   1682
-13.77067970435138D0,129.8265151334221D0,39.05735183302598D0,    0000033P   1683
-16.52968210306133D0,131.2222713596645D0,39.05832102245937D0,    0000033P   1684
-19.21778037755521D0,132.6106386766845D0,39.05929021189274D0,    0000033P   1685
-21.93976985777874D0,134.030539093389D0,39.06025940132613D0,     0000033P   1686
-24.62763952447948D0,135.4406290282298D0,39.06122859075949D0,    0000033P   1687
-27.3652556727514D0,136.8814322937878D0,39.06219778019288D0,     0000033P   1688
-30.07950155863049D0,138.296226795265D0,39.06316696962625D0,     0000033P   1689
-32.76039675826503D0,139.6909027962889D0,39.06413615905963D0,    0000033P   1690
-35.48889517962923D0,141.1104672659482D0,39.06510534849303D0,    0000033P   1691
-38.18013131373407D0,142.5206835667383D0,39.06607453792638D0,    0000033P   1692
-40.90230177329173D0,143.9597986921973D0,39.06704372735977D0,    0000033P   1693
-43.58337057167927D0,145.4023422322938D0,39.06801291679313D0,    0000033P   1694
-46.23584884899502D0,146.8491836456957D0,39.06898210622651D0,    0000033P   1695
-48.94849688459042D0,148.3538858193155D0,39.06995129565987D0,    0000033P   1696
-51.61159778711981D0,149.8417822840175D0,39.0709204850933D0,     0000033P   1697
-54.28755413105414D0,151.350973053874D0,39.07188967452662D0,     0000033P   1698
-56.86183896026783D0,152.8065357576561D0,39.07285886396002D0,    0000033P   1699
-59.59301223264852D0,154.3573917861362D0,39.07382805339338D0,    0000033P   1700
-62.19480044671924D0,155.8413453468436D0,39.07479724282674D0,    0000033P   1701
-64.91275724830156D0,157.4107180823259D0,39.07576643226015D0,    0000033P   1702
-67.51851531172042D0,158.9328824913592D0,39.07673562169351D0,    0000033P   1703
-70.15533911095695D0,160.5053544608744D0,39.07770481112688D0,    0000033P   1704
-72.73314570041896D0,162.0675785719563D0,39.07867400056026D0,    0000033P   1705
-75.34530603448422D0,163.6757760704689D0,39.07964318999361D0,    0000033P   1706
-77.96777583627275D0,165.3139066287386D0,39.08061237942698D0,    0000033P   1707
-80.49229966830694D0,166.9020388230966D0,39.08158156886034D0,    0000033P   1708
-83.14207557939031D0,168.5830553409986D0,39.08255075829376D0,    0000033P   1709
-85.68271164710586D0,170.202968928666D0,39.0835199477271D0,      0000033P   1710
-88.22891886700779D0,171.8419019766453D0,39.08448913716047D0,    0000033P   1711
-90.83231986615999D0,173.5372503150794D0,39.08545832659386D0,    0000033P   1712
-93.31246603658769D0,175.1820004422864D0,39.08642751602722D0,    0000033P   1713
-95.89456151193207D0,176.9243198942442D0,39.08739670546059D0,    0000033P   1714
-98.39887810363874D0,178.6554424138851D0,39.08836589489399D0,    0000033P   1715
-100.9197669904917D0,180.4348233185144D0,39.08933508432734D0,    0000033P   1716
-103.3437976998386D0,182.19073684271D0,39.09030427376074D0,      0000033P   1717
-105.8366141018775D0,184.0489481235725D0,39.09127346319407D0,    0000033P   1718
-108.2583274978519D0,185.9118094457189D0,39.09224265262749D0,    0000033P   1719
-110.6313440607199D0,187.7993847815881D0,39.09321184206083D0,    0000033P   1720
-112.9734788749318D0,189.731598844773D0,39.09418103149421D0,     0000033P   1721
-115.3278430669872D0,191.7532469248116D0,39.09515022092761D0,    0000033P   1722
-117.5574087510594D0,193.7458420474795D0,39.09611941036096D0,    0000033P   1723
-119.8400657458372D0,195.874343426705D0,39.09708859979438D0,     0000033P   1724
-121.9961927535648D0,197.9776572456549D0,39.09805778922771D0,    0000033P   1725
-124.1234242226237D0,200.1469171231357D0,39.09902697866108D0,    0000033P   1726
-126.2638497330859D0,202.4397750822038D0,39.09999616809449D0,    0000033P   1727
-128.2275159040003D0,204.6467249017085D0,39.10096535752783D0,    0000033P   1728
-130.2455489124968D0,207.0296573391528D0,39.10193454696123D0,    0000033P   1729
-132.185523821186D0,209.4487300724693D0,39.10290373639457D0,     0000033P   1730
-133.9752922807521D0,211.7989338634529D0,39.10387292582799D0,    0000033P   1731
-135.7938907048413D0,214.320228584112D0,39.10484211526132D0,     0000033P   1732
-137.5109795483656D0,216.834306455957D0,39.10581130469475D0,     0000033P   1733
-139.1939460638068D0,219.4356607099054D0,39.10678049412809D0,    0000033P   1734
-140.7631951386071D0,221.9947972092169D0,39.10774968356149D0,    0000033P   1735
-142.2971549623694D0,224.6298629125523D0,39.10871887299483D0,    0000033P   1736
-143.7894049805896D0,227.3398363359837D0,39.10968806242823D0,    0000033P   1737
-145.1807046696299D0,230.0096333836937D0,39.1106572518616D0,     0000033P   1738
-146.5500185984061D0,232.7983372811547D0,39.111626441295D0,      0000033P   1739
-147.8079972732256D0,235.5252098704645D0,39.11259563072836D0,    0000033P   1740
-149.0312534695258D0,238.3578104924593D0,39.11356482016174D0,    0000033P   1741
-150.1622337712463D0,241.1627781937487D0,39.11453400959509D0,    0000033P   1742
-151.259167156517D0,244.0960894780414D0,39.11550319902849D0,     0000033P   1743
-152.2299186456958D0,246.9004408569876D0,39.11647238846185D0,    0000033P   1744
-153.1715971417749D0,249.8393810836272D0,39.11744157789524D0,    0000033P   1745
-154.0382060820605D0,252.7815621084108D0,39.11841076732861D0,    0000033P   1746
-154.8258648292081D0,255.6910527944229D0,39.11937995676198D0,    0000033P   1747
-155.5609696356445D0,258.6536178983619D0,39.12034914619537D0,    0000033P   1748
-156.2497278979315D0,261.712223125693D0,39.12131833562874D0,     0000033P   1749
-156.841845316635D0,264.6190307335481D0,39.12228752506213D0,     0000033P   1750
-157.3997111658815D0,267.6639085169325D0,39.1232567144955D0,     0000033P   1751
-157.888029983984D0,270.6591708789167D0,39.12422590392888D0,     0000033P   1752
-158.3287097229605D0,273.7294408157891D0,39.12519509336227D0,    0000033P   1753
-158.7005808675496D0,276.704972236158D0,39.12616428279565D0,     0000033P   1754
-159.0320191729099D0,279.814830772056D0,39.12713347222901D0,     0000033P   1755
-159.296955120258D0,282.799604748134D0,39.12810266166238D0,      0000033P   1756
-159.5176725013978D0,285.8705425143951D0,39.12907185109577D0,    0000033P   1757
-159.6866015554228D0,288.9301957573782D0,39.13004104052913D0,    0000033P   1758
-159.8047990910463D0,291.9410965778827D0,39.13101022996253D0,    0000033P   1759
-159.87954526629D0,295.0174114503071D0,39.13197941939588D0,      0000033P   1760
-159.9072092341844D0,298.0601544953883D0,39.13294860882928D0,    0000033P   1761
-159.8912144273725D0,301.1125715744845D0,39.13391779826264D0,    0000033P   1762
-159.8306223676514D0,304.187934718084D0,39.13488698769603D0,     0000033P   1763
-159.7261606886046D0,307.241103817495D0,39.1358561771294D0,      0000033P   1764
-159.5789823469113D0,310.2518795600962D0,39.13682536656279D0,    0000033P   1765
-159.3824408576516D0,313.3437065717349D0,39.13779455599617D0,    0000033P   1766
-159.1393961783229D0,316.4063884751903D0,39.13876374542955D0,    0000033P   1767
-158.8588246389846D0,319.4194666001417D0,39.13973293486292D0,    0000033P   1768
-158.523288019257D0,322.4458649421949D0,39.1407021242963D0,      0000033P   1769
-158.1706312549021D0,325.5105479817367D0,39.14167131372969D0,    0000033P   1770
-157.8326903186869D0,328.4899754920565D0,39.14264050316304D0,    0000033P   1771
-157.4808004212846D0,331.5752033721753D0,39.14328662945195D0,    0000033P   1772
-157.2517732316646D0,333.5880719576533D0,39.14360969259641D0,    0000033P   1773
-157.1365638746216D0,334.5999999999998D0,78.32655172576168D0,    0000033P   1774
3.247354247062334D-16,104.9417857795414D0,78.32611316475926D0,   0000033P   1775
-0.9768103734635693D0,105.4171011965719D0,78.3252360427544D0,    0000033P   1776
-2.925036867715322D0,106.3715164494487D0,78.32392035974725D0,    0000033P   1777
-5.855780102824131D0,107.8290425245949D0,78.32260467674001D0,    0000033P   1778
-8.815227169605539D0,109.3277373099848D0,78.32128899373282D0,    0000033P   1779
-11.75565381763544D0,110.8477324603973D0,78.31997331072554D0,    0000033P   1780
-14.59554888902255D0,112.3478885334626D0,78.31865762771834D0,    0000033P   1781
-17.48780462895272D0,113.9134591384816D0,78.31734194471115D0,    0000033P   1782
-20.38045584529958D0,115.5081400158007D0,78.31602626170391D0,    0000033P   1783
-23.23897838056488D0,117.1034934979369D0,78.31471057869672D0,    0000033P   1784
-26.07099069380659D0,118.6920692919519D0,78.3133948956895D0,     0000033P   1785
-29.02327635809848D0,120.3465045985951D0,78.31207921268228D0,    0000033P   1786
-31.82728321939751D0,121.9059035930246D0,78.31076352967506D0,    0000033P   1787
-34.71423700348589D0,123.500624227997D0,78.30944784666788D0,     0000033P   1788
-37.55920538376916D0,125.074302378148D0,78.30813216366067D0,     0000033P   1789
-40.45974553866238D0,126.6884801260083D0,78.30681648065342D0,    0000033P   1790
-43.30223549001359D0,128.2911450050751D0,78.30550079764625D0,    0000033P   1791
-46.14824093339564D0,129.9262311889624D0,78.30418511463901D0,    0000033P   1792
-48.92634319752543D0,131.5565590065594D0,78.30286943163179D0,    0000033P   1793
-51.81356911961828D0,133.2779719260791D0,78.30155374862456D0,    0000033P   1794
-54.58469489870093D0,134.9503398986793D0,78.30023806561741D0,    0000033P   1795
-57.41731056468647D0,136.6714925064947D0,78.29892238261014D0,    0000033P   1796
-60.15234974917991D0,138.3373626092621D0,78.29760669960295D0,    0000033P   1797
-63.04006603494613D0,140.0951429004915D0,78.29629101659573D0,    0000033P   1798
-65.76000738845048D0,141.7523383251906D0,78.29497533358851D0,    0000033P   1799
-68.64623744187699D0,143.517099532353D0,78.29365965058133D0,     0000033P   1800
-71.34797024916944D0,145.1776527276665D0,78.2923439675741D0,     0000033P   1801
-74.25743474938994D0,146.9788976976192D0,78.29102828456686D0,    0000033P   1802
-76.94344845056176D0,148.6590718586461D0,78.28971260155969D0,    0000033P   1803
-79.73004371389162D0,150.4207838222771D0,78.28839691855245D0,    0000033P   1804
-82.55396714657314D0,152.2287419824356D0,78.28708123554522D0,    0000033P   1805
-85.21912528038079D0,153.9568023598087D0,78.28576555253798D0,    0000033P   1806
-88.03682256028716D0,155.8098815526007D0,78.28444986953083D0,    0000033P   1807
-90.71390015198045D0,157.5972879705407D0,78.2831341865236D0,     0000033P   1808
-93.42649691038204D0,159.4337267452057D0,78.28181850351635D0,    0000033P   1809
-96.13034167454498D0,161.2903977723492D0,78.28050282050917D0,    0000033P   1810
-98.81862354970536D0,163.1601182547536D0,78.27918713750195D0,    0000033P   1811
-101.4839192825593D0,165.0384738235861D0,78.27787145449472D0,    0000033P   1812
-104.207366385016D0,166.9800766571203D0,78.27655577148755D0,     0000033P   1813
-106.8565121233125D0,168.8953180562588D0,78.27524008848029D0,    0000033P   1814
-109.4634207301722D0,170.8148184018479D0,78.27392440547312D0,    0000033P   1815
-112.14777877496D0,172.8411743256731D0,78.27260872246588D0,      0000033P   1816
-114.6988575495811D0,174.8234276264785D0,78.27129303945871D0,    0000033P   1817
-117.2521147274172D0,176.873269058552D0,78.26997735645145D0,     0000033P   1818
-119.7452092075939D0,178.9507135657394D0,78.26866167344423D0,    0000033P   1819
-122.2421329803167D0,181.1149411978647D0,78.26734599043707D0,    0000033P   1820
-124.6659070422881D0,183.303533495287D0,78.2660303074298D0,      0000033P   1821
-127.0706371486776D0,185.5693458464389D0,78.26471462442264D0,    0000033P   1822
-129.4043449292831D0,187.868461961149D0,78.26339894141539D0,     0000033P   1823
-131.6775527182944D0,190.2110843096316D0,78.26208325840817D0,    0000033P   1824
-133.9679696790162D0,192.6882639241714D0,78.26076757540099D0,    0000033P   1825
-136.0631658467604D0,195.0611224592559D0,78.25945189239373D0,    0000033P   1826
-138.2059243425473D0,197.5997480163067D0,78.25813620938655D0,    0000033P   1827
-140.3060601671109D0,200.2135144537623D0,78.25682052637929D0,    0000033P   1828
-142.2586259455651D0,202.7624241759554D0,78.25550484337212D0,    0000033P   1829
-144.177723217366D0,205.3880311157962D0,78.25418916036485D0,     0000033P   1830
-146.0990318784898D0,208.1580465649909D0,78.25287347735771D0,    0000033P   1831
-147.8866896211351D0,210.8797610553322D0,78.25155779435043D0,    0000033P   1832
-149.5831165277556D0,213.6071030212675D0,78.25024211134327D0,    0000033P   1833
-151.2463661677167D0,216.4396352319136D0,78.24892642833599D0,    0000033P   1834
-152.8643705045827D0,219.3762214658636D0,78.24761074532881D0,    0000033P   1835
-154.3396853086392D0,222.2339609262436D0,78.24629506232161D0,    0000033P   1836
-155.7800497061585D0,225.2142132784865D0,78.2449793793144D0,     0000033P   1837
-157.1134958101686D0,228.1639416940596D0,78.24366369630718D0,    0000033P   1838
-158.4232922956668D0,231.2682108761906D0,78.24234801329999D0,    0000033P   1839
-159.6000188022145D0,234.256777660509D0,78.24103233029273D0,     0000033P   1840
-160.7575936361153D0,237.4093228599834D0,78.23971664728555D0,    0000033P   1841
-161.7845827027591D0,240.4105556313951D0,78.23840096427831D0,    0000033P   1842
-162.7929194716959D0,243.5758692755283D0,78.23708528127112D0,    0000033P   1843
-163.7156811165715D0,246.7097846441581D0,78.23576959826391D0,    0000033P   1844
-164.5744640664312D0,249.8745046584328D0,78.23445391525668D0,    0000033P   1845
-165.3605854600647D0,253.0307008648762D0,78.23313823224947D0,    0000033P   1846
-166.1108826025071D0,256.3517322452426D0,78.23182254924225D0,    0000033P   1847
-166.739229496564D0,259.4368828461445D0,78.23050686623506D0,     0000033P   1848
-167.3332387722932D0,262.6785307883268D0,78.22919118322784D0,    0000033P   1849
-167.8677342052235D0,265.9659398422118D0,78.22787550022063D0,    0000033P   1850
-168.3378078980719D0,269.2478261222031D0,78.22655981721343D0,    0000033P   1851
-168.7391332749822D0,272.4480612940902D0,78.22524413420624D0,    0000033P   1852
-169.094243760643D0,275.7196473693682D0,78.22392845119897D0,     0000033P   1853
-169.3944777160886D0,278.9828491367227D0,78.22261276819177D0,    0000033P   1854
-169.6444801206149D0,282.2409262398637D0,78.22129708518457D0,    0000033P   1855
-169.8488607533271D0,285.6002474941673D0,78.21998140217731D0,    0000033P   1856
-169.9938448397164D0,288.7444707254003D0,78.21866571917015D0,    0000033P   1857
-170.0993835523798D0,292.1127671380655D0,78.21735003616286D0,    0000033P   1858
-170.1514718158873D0,295.3616199903103D0,78.21603435315569D0,    0000033P   1859
-170.1559455077839D0,298.6412164745477D0,78.21471867014847D0,    0000033P   1860
-170.1112788925235D0,301.9163668045887D0,78.21340298714125D0,    0000033P   1861
-170.0144484763041D0,305.2386859139114D0,78.21208730413403D0,    0000033P   1862
-169.8727752600516D0,308.437199576561D0,78.21077162112682D0,     0000033P   1863
-169.6749118990228D0,311.7607964525655D0,78.20945593811962D0,    0000033P   1864
-169.429018857293D0,315.0293974709917D0,78.2081402551124D0,      0000033P   1865
-169.1334335923959D0,318.3049447678451D0,78.20682457210516D0,    0000033P   1866
-168.7899316421763D0,321.5406466241391D0,78.20550888909797D0,    0000033P   1867
-168.4081467927968D0,324.8024053591996D0,78.20419320609078D0,    0000033P   1868
-168.0357863018575D0,328.0629668774224D0,78.20287752308352D0,    0000033P   1869
-167.6614907953636D0,331.319581444124D0,78.20200040107871D0,     0000033P   1870
-167.4104072621764D0,333.5079698143258D0,78.2015618400763D0,     0000033P   1871
-167.2850596430963D0,334.5999999999997D0,117.4282017858727D0,    0000033P   1872
-1.756384456690677D-15,87.77961454486291D0,117.4296243002936D0,  0000033P   1873
-1.018330551155705D0,88.32349540529562D0,117.4324693291353D0,    0000033P   1874
-3.041387445011416D0,89.40814277067101D0,117.436736872398D0,     0000033P   1875
-6.14150491402592D0,91.0848753781661D0,117.4410044156605D0,      0000033P   1876
-9.213992173289656D0,92.7582202194355D0,117.4452719589232D0,     0000033P   1877
-12.3060758303632D0,94.45911317847761D0,117.4495395021858D0,     0000033P   1878
-15.32284835025973D0,96.13308155150129D0,117.4538070454484D0,    0000033P   1879
-18.35691715129691D0,97.831356198614D0,117.458074588711D0,       0000033P   1880
-21.42584095327004D0,99.56188284914633D0,117.4623421319736D0,    0000033P   1881
-24.44529399922092D0,101.2791769932426D0,117.4666096752363D0,    0000033P   1882
-27.51717966408091D0,103.0391009365201D0,117.4708772184989D0,    0000033P   1883
-30.56947180082668D0,104.7976476850936D0,117.4751447617615D0,    0000033P   1884
-33.54497754970419D0,106.5252129544691D0,117.4794123050241D0,    0000033P   1885
-36.59814478269207D0,108.3071506428238D0,117.4836798482867D0,    0000033P   1886
-39.56796699695215D0,110.0533133271314D0,117.4879473915493D0,    0000033P   1887
-42.62046918225532D0,111.8584440046948D0,117.4922149348119D0,    0000033P   1888
-45.60760680041188D0,113.6388465552189D0,117.4964824780745D0,    0000033P   1889
-48.57309023685765D0,115.4177560684854D0,117.5007500213371D0,    0000033P   1890
-51.61567979347061D0,117.256723667428D0,117.5050175645997D0,     0000033P   1891
-54.55979825173822D0,119.0468199106912D0,117.5092851078624D0,    0000033P   1892
-57.56388679630026D0,120.8889434634656D0,117.5135526511249D0,    0000033P   1893
-60.5146103019584D0,122.7119619616624D0,117.5178201943875D0,     0000033P   1894
-63.52493463059839D0,124.5881894972099D0,117.5220877376501D0,    0000033P   1895
-66.45901873179832D0,126.4331988891653D0,117.5263552809128D0,    0000033P   1896
-69.3889767159862D0,128.2939240439168D0,117.5306228241753D0,     0000033P   1897
-72.3614001784793D0,130.1951298511019D0,117.534890367438D0,      0000033P   1898
-75.25391483980178D0,132.0613692656465D0,117.5391579107006D0,    0000033P   1899
-78.26856073392725D0,134.0147827778197D0,117.5434254539631D0,    0000033P   1900
-81.13666956969877D0,135.8886480381813D0,117.5476929972258D0,    0000033P   1901
-84.07217857057877D0,137.8179478202625D0,117.5519605404884D0,    0000033P   1902
-86.99453268364655D0,139.7526099685073D0,117.556228083751D0,     0000033P   1903
-89.90016061239254D0,141.6953420654898D0,117.5604956270135D0,    0000033P   1904
-92.8470921735674D0,143.6832498909313D0,117.5647631702762D0,     0000033P   1905
-95.67408150806418D0,145.6096713914994D0,117.5690307135388D0,    0000033P   1906
-98.53773931128424D0,147.579942488258D0,117.5732982568014D0,     0000033P   1907
-101.4613862014286D0,149.6183969367206D0,117.577565800064D0,     0000033P   1908
-104.302663893189D0,151.6245221520215D0,117.5818333433266D0,     0000033P   1909
-107.1295257571239D0,153.6528228397662D0,117.5861008865892D0,    0000033P   1910
-109.9419544939206D0,155.7016444469944D0,117.5903684298518D0,    0000033P   1911
-112.7514476189618D0,157.7905088891939D0,117.5946359731144D0,    0000033P   1912
-115.5359369791621D0,159.9070712888189D0,117.5989035163771D0,    0000033P   1913
-118.3118022531687D0,162.0679200555003D0,117.6031710596397D0,    0000033P   1914
-121.0175492271799D0,164.2325085948007D0,117.6074386029022D0,    0000033P   1915
-123.7286823246877D0,166.4643760906552D0,117.6117061461649D0,    0000033P   1916
-126.3946970279584D0,168.7275844328282D0,117.6159736894275D0,    0000033P   1917
-128.997730026071D0,171.0096395966325D0,117.6202412326901D0,     0000033P   1918
-131.6004993904558D0,173.3759301256314D0,117.6245087759527D0,    0000033P   1919
-134.1382758364922D0,175.776759961177D0,117.6287763192153D0,     0000033P   1920
-136.6241465642502D0,178.2314019760166D0,117.6330438624779D0,    0000033P   1921
-139.0542394793227D0,180.7442310507975D0,117.6373114057405D0,    0000033P   1922
-141.4543082381603D0,183.354092814587D0,117.6415789490032D0,     0000033P   1923
-143.7389146001397D0,185.9642321318326D0,117.6458464922658D0,    0000033P   1924
-145.9647766499906D0,188.6281765269787D0,117.6501140355284D0,    0000033P   1925
-148.165908018132D0,191.3892694691293D0,117.654381578791D0,      0000033P   1926
-150.2892647432923D0,194.1822960312224D0,117.6586491220536D0,    0000033P   1927
-152.2978519141806D0,196.9429916089433D0,117.6629166653162D0,    0000033P   1928
-154.3417167667283D0,199.886865307577D0,117.6671842085788D0,     0000033P   1929
-156.2575207295336D0,202.7926329441935D0,117.6714517518414D0,    0000033P   1930
-158.0790688223111D0,205.7043486092844D0,117.6757192951041D0,    0000033P   1931
-159.8655110342181D0,208.7296709521202D0,117.6799868383667D0,    0000033P   1932
-161.5715053238976D0,211.8056841236507D0,117.6842543816293D0,    0000033P   1933
-163.1901069134955D0,214.9280762701634D0,117.6885219248919D0,    0000033P   1934
-164.7042925562436D0,218.0586400131542D0,117.6927894681545D0,    0000033P   1935
-166.1475495628892D0,221.2539964437834D0,117.6970570114171D0,    0000033P   1936
-167.5021785748431D0,224.4682189731645D0,117.7013245546798D0,    0000033P   1937
-168.7751176183326D0,227.7012298146328D0,117.7055920979423D0,    0000033P   1938
-169.990022201915D0,231.0077317139035D0,117.7098596412049D0,     0000033P   1939
-171.1119961307722D0,234.2741885590851D0,117.7141271844676D0,    0000033P   1940
-172.1970987254146D0,237.6657227012294D0,117.7183947277302D0,    0000033P   1941
-173.1672372285714D0,240.9302376175123D0,117.7226622709928D0,    0000033P   1942
-174.1139756068626D0,244.3795457930242D0,117.7269298142554D0,    0000033P   1943
-174.9586022616672D0,247.7407342378183D0,117.731197357518D0,     0000033P   1944
-175.7425710471462D0,251.1676616191941D0,117.7354649007807D0,    0000033P   1945
-176.4446399639521D0,254.580500922443D0,117.7397324440432D0,     0000033P   1946
-177.0702686450426D0,257.9955035351401D0,117.7439999873058D0,    0000033P   1947
-177.6371693810911D0,261.4996929254075D0,117.7482675305685D0,    0000033P   1948
-178.1238189297153D0,264.9302549820404D0,117.7525350738311D0,    0000033P   1949
-178.5488887578332D0,268.3576415692725D0,117.7568026170937D0,    0000033P   1950
-178.923982232823D0,271.8594705758459D0,117.7610701603563D0,     0000033P   1951
-179.2390854273127D0,275.3055339455863D0,117.7653377036189D0,    0000033P   1952
-179.5125710239005D0,278.8492739717422D0,117.7696052468815D0,    0000033P   1953
-179.732380731726D0,282.343929018542D0,117.7738727901441D0,      0000033P   1954
-179.9015238652195D0,285.7632838009387D0,117.7781403334067D0,    0000033P   1955
-180.025968812128D0,289.2985665960867D0,117.7824078766693D0,     0000033P   1956
-180.0982625554261D0,292.7884733804672D0,117.786675419932D0,     0000033P   1957
-180.1190184654592D0,296.3047873204461D0,117.7909429631946D0,    0000033P   1958
-180.086782966791D0,299.7826045908472D0,117.7952105064572D0,     0000033P   1959
-179.998344141373D0,303.3002338759966D0,117.7994780497198D0,     0000033P   1960
-179.8581461099394D0,306.7426225264692D0,117.8037455929824D0,    0000033P   1961
-179.6589181586451D0,310.264491055233D0,117.8080131362451D0,     0000033P   1962
-179.4108182544399D0,313.7112098531388D0,117.8122806795077D0,    0000033P   1963
-179.0989267337441D0,317.2668623682698D0,117.8165482227703D0,    0000033P   1964
-178.7499095682075D0,320.6714868503572D0,117.8208157660329D0,    0000033P   1965
-178.3369345933604D0,324.1764773526081D0,117.8250833092955D0,    0000033P   1966
-177.9352989318823D0,327.6547378829718D0,117.8293508525581D0,    0000033P   1967
-177.5356339337525D0,331.0966296628214D0,117.8321958813998D0,    0000033P   1968
-177.2643805341469D0,333.4359358592971D0,117.8336183958207D0,    0000033P   1969
-177.129355103207D0,334.6D0,157.1878308129171D0,                 0000033P   1970
-3.260766451137461D-15,71.90208782120396D0,157.1871170711473D0,  0000033P   1971
-1.060758407373895D0,72.50812060032304D0,157.1856895876077D0,    0000033P   1972
-3.161158488319092D0,73.71035920191656D0,157.1835483622985D0,    0000033P   1973
-6.430920846358767D0,75.5855074581021D0,157.181407136989D0,      0000033P   1974
-9.593678141803288D0,77.40078904021685D0,157.1792659116797D0,    0000033P   1975
-12.83862374857982D0,79.26034049544671D0,157.1771246863704D0,    0000033P   1976
-16.03226817269129D0,81.08515905316745D0,157.174983461061D0,     0000033P   1977
-19.22484747781571D0,82.90043939459761D0,157.1728422357517D0,    0000033P   1978
-22.44690916633449D0,84.73055564693453D0,157.1707010104424D0,    0000033P   1979
-25.64590675347261D0,86.55456109153441D0,157.168559785133D0,     0000033P   1980
-28.93119626496922D0,88.44471962835945D0,157.1664185598237D0,    0000033P   1981
-32.07784258554342D0,90.2797508335655D0,157.1642773345143D0,     0000033P   1982
-35.24339652235933D0,92.15924574093964D0,157.162136109205D0,     0000033P   1983
-38.43893986049539D0,94.09071020111716D0,157.1599948838957D0,    0000033P   1984
-41.56481066477939D0,96.00182219759662D0,157.1578536585863D0,    0000033P   1985
-44.73493619215908D0,97.95349288271748D0,157.155712433277D0,     0000033P   1986
-47.88913623308997D0,99.89885732332047D0,157.1535712079676D0,    0000033P   1987
-50.97656383009494D0,101.7978042698657D0,157.1514299826583D0,    0000033P   1988
-54.26130464034079D0,103.8047912203837D0,157.1492887573489D0,    0000033P   1989
-57.28190903011387D0,105.6493381786851D0,157.1471475320397D0,    0000033P   1990
-60.51708345526389D0,107.6328548192038D0,157.1450063067302D0,    0000033P   1991
-63.58857065544854D0,109.5332270834671D0,157.1428650814209D0,    0000033P   1992
-66.85215256189893D0,111.5817676143294D0,157.1407238561115D0,    0000033P   1993
-69.83940764350479D0,113.493795541948D0,157.1385826308022D0,     0000033P   1994
-72.98013721718256D0,115.5360057324662D0,157.1364414054928D0,    0000033P   1995
-76.04186294503901D0,117.5551719038083D0,157.1343001801834D0,    0000033P   1996
-79.14655550527731D0,119.6225374178326D0,157.1321589548741D0,    0000033P   1997
-82.2100273360314D0,121.6789216943212D0,157.1300177295647D0,     0000033P   1998
-85.28091411942657D0,123.7465386911319D0,157.1278765042555D0,    0000033P   1999
-88.36269969107681D0,125.829397030195D0,157.1257352789461D0,     0000033P   2000
-91.36535181442224D0,127.8679566962767D0,157.1235940536367D0,    0000033P   2001
-94.50669675154728D0,130.0107394525704D0,157.1214528283273D0,    0000033P   2002
-97.56677488174248D0,132.1115312557331D0,157.1193116030179D0,    0000033P   2003
-100.5599577241202D0,134.1792540729658D0,157.1171703777087D0,    0000033P   2004
-103.5549305064276D0,136.2653149684558D0,157.1150291523993D0,    0000033P   2005
-106.6864271694245D0,138.4745968758562D0,157.11288792709D0,      0000033P   2006
-109.6489497508126D0,140.59856532065D0,157.1107467017806D0,      0000033P   2007
-112.6561910031004D0,142.7953216573519D0,157.1086054764713D0,    0000033P   2008
-115.5325676303042D0,144.9434695700033D0,157.1064642511619D0,    0000033P   2009
-118.5029656372519D0,147.2151467854435D0,157.1043230258525D0,    0000033P   2010
-121.4252868137245D0,149.5068324122619D0,157.1021818005431D0,    0000033P   2011
-124.2779531475346D0,151.7986487877148D0,157.1000405752339D0,    0000033P   2012
-127.1431542872591D0,154.1567426225592D0,157.0978993499244D0,    0000033P   2013
-129.9794725178174D0,156.5499952327662D0,157.0957581246151D0,    0000033P   2014
-132.8113313243974D0,158.999398887125D0,157.0936168993058D0,     0000033P   2015
-135.5242625172334D0,161.4103138946417D0,157.0914756739964D0,    0000033P   2016
-138.2701668239952D0,163.9290668714506D0,157.0893344486871D0,    0000033P   2017
-140.9452006831927D0,166.4752951842621D0,157.0871932233777D0,    0000033P   2018
-143.5607544607098D0,169.06901878098D0,157.0850519980684D0,      0000033P   2019
-146.1360537778265D0,171.7430178475707D0,157.082910772759D0,     0000033P   2020
-148.6365119861877D0,174.4762973202305D0,157.0807695474497D0,    0000033P   2021
-151.0946553169053D0,177.304473756027D0,157.0786283221403D0,     0000033P   2022
-153.423240573046D0,180.1191335609355D0,157.076487096831D0,      0000033P   2023
-155.6940056790713D0,182.9940992703793D0,157.0743458715216D0,    0000033P   2024
-157.964590680867D0,186.0080618564546D0,157.0722046462122D0,     0000033P   2025
-160.0798540745676D0,188.94479754498D0,157.070063420903D0,       0000033P   2026
-162.2057468913664D0,192.0265160403579D0,157.0679221955935D0,    0000033P   2027
-164.2417361292905D0,195.1272710537084D0,157.0657809702842D0,    0000033P   2028
-166.1751084920377D0,198.2256223318785D0,157.0636397449749D0,    0000033P   2029
-168.0622885093174D0,201.4237787100353D0,157.0614985196656D0,    0000033P   2030
-169.8501821560568D0,204.639797483853D0,157.0593572943562D0,     0000033P   2031
-171.6001602950772D0,208.0042228106311D0,157.0572160690469D0,    0000033P   2032
-173.1975122113674D0,211.2968687176219D0,157.0550748437375D0,    0000033P   2033
-174.736896710256D0,214.6948921194903D0,157.052933618428D0,      0000033P   2034
-176.14211887892D0,218.0156926226723D0,157.0507923931188D0,      0000033P   2035
-177.5133425447835D0,221.4835664717838D0,157.0486511678094D0,    0000033P   2036
-178.7847981774797D0,224.9318206703529D0,157.0465099425D0,       0000033P   2037
-179.9996916356489D0,228.4588206811614D0,157.0443687171908D0,    0000033P   2038
-181.1501116157755D0,232.0501232001063D0,157.0422274918814D0,    0000033P   2039
-182.1690832967403D0,235.4697364880131D0,157.0400862665721D0,    0000033P   2040
-183.1853245048017D0,239.162131702373D0,157.0379450412627D0,     0000033P   2041
-184.0814600898903D0,242.7268101570658D0,157.0358038159533D0,    0000033P   2042
-184.8900148697025D0,246.2463853723647D0,157.033662590644D0,     0000033P   2043
-185.6606051636555D0,249.9800843207023D0,157.0315213653346D0,    0000033P   2044
-186.3175159248767D0,253.5758157411967D0,157.0293801400252D0,    0000033P   2045
-186.9095685328585D0,257.2478693632532D0,157.0272389147159D0,    0000033P   2046
-187.416304473714D0,260.8357601300677D0,157.0250976894065D0,     0000033P   2047
-187.8678727145791D0,264.499002328189D0,157.0229564640972D0,     0000033P   2048
-188.260971366736D0,268.206139244893D0,157.0208152387878D0,      0000033P   2049
-188.5905906516146D0,271.8375955528892D0,157.0186740134785D0,    0000033P   2050
-188.8813799072865D0,275.6354290744207D0,157.0165327881691D0,    0000033P   2051
-189.109658389123D0,279.238610844972D0,157.0143915628598D0,      0000033P   2052
-189.2961474885312D0,282.95893353107D0,157.0122503375504D0,      0000033P   2053
-189.4292309437864D0,286.6314227462923D0,157.010109112241D0,     0000033P   2054
-189.5117068998717D0,290.3462778994773D0,157.0079678869317D0,    0000033P   2055
-189.5390480922327D0,294.0882324112446D0,157.0058266616223D0,    0000033P   2056
-189.5098972153392D0,297.7638230072523D0,157.003685436313D0,     0000033P   2057
-189.4227483224403D0,301.4497253897973D0,157.0015442110037D0,    0000033P   2058
-189.2748156795645D0,305.1670945178512D0,156.9994029856943D0,    0000033P   2059
-189.0695830837256D0,308.8411304030727D0,156.997261760385D0,     0000033P   2060
-188.8099539601248D0,312.4885454875325D0,156.9951205350756D0,    0000033P   2061
-188.48036311428D0,316.2654912850002D0,156.9929793097663D0,      0000033P   2062
-188.1143432532046D0,319.8637583555301D0,156.9908380844569D0,    0000033P   2063
-187.6703578978347D0,323.5878077362258D0,156.9886968591475D0,    0000033P   2064
-187.2306677244558D0,327.2622697112482D0,156.9865556338382D0,    0000033P   2065
-186.796580729774D0,330.8923356610832D0,156.9851281502986D0,     0000033P   2066
-186.5003943594514D0,333.3688148186872D0,156.9844144085288D0,    0000033P   2067
-186.3531505614781D0,334.6D0,196.6376250007631D0,                0000033P   2068
-1.73828430462639D-15,58.09690031364877D0,196.6390571821887D0,   0000033P   2069
-1.115061363304172D0,58.73447779233519D0,196.6419215450401D0,    0000033P   2070
-3.320972102816635D0,59.99813085032037D0,196.646218089317D0,     0000033P   2071
-6.76721586490267D0,61.97590951261436D0,196.6505146335939D0,     0000033P   2072
-10.06983381468908D0,63.87459740776733D0,196.6548111778709D0,    0000033P   2073
-13.48873882641246D0,65.83678386978698D0,196.6591077221478D0,    0000033P   2074
-16.83309729893893D0,67.75312233598478D0,196.6634042664248D0,    0000033P   2075
-20.21506657942064D0,69.68331764034544D0,196.6677008107017D0,    0000033P   2076
-23.57856038792338D0,71.60295467271783D0,196.6719973549787D0,    0000033P   2077
-26.97633633231246D0,73.54855107622696D0,196.6762938992557D0,    0000033P   2078
-30.33534036859415D0,75.48728248034172D0,196.6805904435326D0,    0000033P   2079
-33.6836535096353D0,77.44398852929959D0,196.6848869878096D0,     0000033P   2080
-37.00213980656753D0,79.4128958049087D0,196.6891835320865D0,     0000033P   2081
-40.3382585190671D0,81.42467628501912D0,196.6934800763636D0,     0000033P   2082
-43.67986567487053D0,83.46057885924591D0,196.6977766206404D0,    0000033P   2083
-46.96210354202771D0,85.47645576244814D0,196.7020731649175D0,    0000033P   2084
-50.31011273979178D0,87.54037272341225D0,196.7063697091944D0,    0000033P   2085
-53.57506478706591D0,89.55269395042046D0,196.7106662534714D0,    0000033P   2086
-56.92825470965547D0,91.61552002632442D0,196.7149627977484D0,    0000033P   2087
-60.18541863939454D0,93.62385375657718D0,196.7192593420254D0,    0000033P   2088
-63.53201573457216D0,95.69979616059482D0,196.7235558863023D0,    0000033P   2089
-66.77343645886619D0,97.72943723744604D0,196.7278524305792D0,    0000033P   2090
-70.1411232575155D0,99.86786152447462D0,196.7321489748562D0,     0000033P   2091
-73.30885381136966D0,101.916690202235D0,196.7364455191332D0,     0000033P   2092
-76.57824656665498D0,104.059945168684D0,196.7407420634102D0,     0000033P   2093
-79.82189480771483D0,106.2109093603024D0,196.7450386076871D0,    0000033P   2094
-83.09456487919738D0,108.3972929841785D0,196.7493351519641D0,    0000033P   2095
-86.26555589285555D0,110.5270455083635D0,196.753631696241D0,     0000033P   2096
-89.51409237373346D0,112.7071115726869D0,196.757928240518D0,     0000033P   2097
-92.76821051462679D0,114.8946943433816D0,196.762224784795D0,     0000033P   2098
-95.9223119524969D0,117.0268467930775D0,196.766521329072D0,      0000033P   2099
-99.1986888295634D0,119.2603767173647D0,196.7708178733489D0,     0000033P   2100
-102.3841363974472D0,121.4597178737225D0,196.7751144176258D0,    0000033P   2101
-105.5687918673655D0,123.6938469320335D0,196.7794109619028D0,    0000033P   2102
-108.6772434843411D0,125.9150385467272D0,196.7837075061798D0,    0000033P   2103
-111.8823696973659D0,128.246209203334D0,196.7880040504567D0,     0000033P   2104
-114.9635977750299D0,130.5307776662872D0,196.7923005947338D0,    0000033P   2105
-118.1178827129387D0,132.9116985226883D0,196.7965971390107D0,    0000033P   2106
-121.1422577228196D0,135.2373387444506D0,196.8008936832877D0,    0000033P   2107
-124.2494634900526D0,137.665782938718D0,196.8051902275646D0,     0000033P   2108
-127.2424409494111D0,140.0491989269962D0,196.8094867718415D0,    0000033P   2109
-130.2468793239308D0,142.4906271724902D0,196.8137833161186D0,    0000033P   2110
-133.262447741104D0,144.9954365471137D0,196.8180798603955D0,     0000033P   2111
-136.1874077953879D0,147.482634657924D0,196.8223764046724D0,     0000033P   2112
-139.1558966852714D0,150.0721786947148D0,196.8266729489494D0,    0000033P   2113
-142.0280156202018D0,152.6506196690324D0,196.8309694932264D0,    0000033P   2114
-144.8673237209837D0,155.2826215333637D0,196.8352660375034D0,    0000033P   2115
-147.6833388256759D0,157.9896725223144D0,196.8395625817803D0,    0000033P   2116
-150.4152307067501D0,160.7221366136776D0,196.8438591260573D0,    0000033P   2117
-153.1081649789085D0,163.5352872147753D0,196.8481556703343D0,    0000033P   2118
-155.7362779988567D0,166.4169015126224D0,196.8524522146112D0,    0000033P   2119
-158.286147016148D0,169.3480804908161D0,196.8567487588881D0,     0000033P   2120
-160.8030664719308D0,172.3861408648586D0,196.8610453031651D0,    0000033P   2121
-163.1453734959628D0,175.3478516438146D0,196.865341847442D0,     0000033P   2122
-165.5150027929636D0,178.4854303427873D0,196.869638391719D0,     0000033P   2123
-167.787720365664D0,181.6417467913626D0,196.873934935996D0,      0000033P   2124
-170.0015816291009D0,184.8633188966075D0,196.8782314802729D0,    0000033P   2125
-172.1250860385115D0,188.1110775737056D0,196.88252802455D0,      0000033P   2126
-174.1520624007188D0,191.3775423814344D0,196.8868245688269D0,    0000033P   2127
-176.1075699711756D0,194.7064901232931D0,196.8911211131039D0,    0000033P   2128
-178.008271103911D0,198.1418576324472D0,196.8954176573808D0,     0000033P   2129
-179.8140578827912D0,201.6214977838988D0,196.8997142016578D0,    0000033P   2130
-181.5162103530678D0,205.1327058510079D0,196.9040107459346D0,    0000033P   2131
-183.096930405012D0,208.6191103990611D0,196.9083072902116D0,     0000033P   2132
-184.6107786655522D0,212.1909892323204D0,196.9126038344886D0,    0000033P   2133
-186.0408175518246D0,215.8082067957336D0,196.9169003787655D0,    0000033P   2134
-187.3762819299986D0,219.4308021573494D0,196.9211969230424D0,    0000033P   2135
-188.6479228361753D0,223.1352861751851D0,196.9254934673194D0,    0000033P   2136
-189.8369088536462D0,226.8671798495807D0,196.9297900115964D0,    0000033P   2137
-190.9219102292585D0,230.5430158010848D0,196.9340865558733D0,    0000033P   2138
-191.960484822649D0,234.3608459272495D0,196.9383831001502D0,     0000033P   2139
-192.8926734548527D0,238.1078606940541D0,196.9426796444272D0,    0000033P   2140
-193.7407878297656D0,241.8399117147658D0,196.9469761887041D0,    0000033P   2141
-194.5386343921497D0,245.7279833460171D0,196.951272732981D0,     0000033P   2142
-195.2362137099655D0,249.5348424707165D0,196.9555692772581D0,    0000033P   2143
-195.8581809609769D0,253.3448415656656D0,196.9598658215349D0,    0000033P   2144
-196.410074896202D0,257.1616557158168D0,196.9641623658119D0,     0000033P   2145
-196.9047753756255D0,261.0686880189738D0,196.9684589100888D0,    0000033P   2146
-197.3211344758612D0,264.8575879225939D0,196.9727554543658D0,    0000033P   2147
-197.6901464359675D0,268.7661033520646D0,196.9770519986427D0,    0000033P   2148
-197.9972612046246D0,272.6521805397055D0,196.9813485429197D0,    0000033P   2149
-198.2453977724432D0,276.4646658438106D0,196.9856450871966D0,    0000033P   2150
-198.4438874735193D0,280.3913127219507D0,196.9899416314736D0,    0000033P   2151
-198.5824783946573D0,284.2574520344582D0,196.9942381757505D0,    0000033P   2152
-198.6649714470977D0,288.1242111703073D0,196.9985347200274D0,    0000033P   2153
-198.6893267771887D0,292.0536378245459D0,197.0028312643043D0,    0000033P   2154
-198.6536843122158D0,295.9074401510336D0,197.0071278085813D0,    0000033P   2155
-198.5585000258026D0,299.7734367904697D0,197.0114243528582D0,    0000033P   2156
-198.3939953119285D0,303.7655015185872D0,197.0157208971352D0,    0000033P   2157
-198.1790468947663D0,307.5261679941643D0,197.0200174414121D0,    0000033P   2158
-197.894223829604D0,311.4391340272189D0,197.0243139856891D0,     0000033P   2159
-197.550803924592D0,315.2969028717524D0,197.028610529966D0,      0000033P   2160
-197.1480341178317D0,319.1702080767076D0,197.032907074243D0,     0000033P   2161
-196.6807017782311D0,323.0132947064793D0,197.0372036185199D0,    0000033P   2162
-196.1858061565849D0,326.8966615398575D0,197.0415001627969D0,    0000033P   2163
-195.7075834856737D0,330.6998780915396D0,197.0443645256481D0,    0000033P   2164
-195.3787005624166D0,333.3058324212271D0,197.0457967070738D0,    0000033P   2165
-195.2155175385781D0,334.6D0,236.7446037730138D0,                0000033P   2166
3.146324751614379D-16,45.81403612488383D0,236.7439901112083D0,   0000033P   2167
-1.170377633348388D0,46.47220642703346D0,236.7427627875975D0,    0000033P   2168
-3.487242568339699D0,47.77752213419969D0,236.740921802181D0,     0000033P   2169
-7.096995106608658D0,49.81753528915595D0,236.7390808167646D0,    0000033P   2170
-10.56618178152287D0,51.78297606545368D0,236.7372398313482D0,    0000033P   2171
-14.12885014968276D0,53.80426275470297D0,236.7353988459317D0,    0000033P   2172
-17.62647686119973D0,55.79126948882412D0,236.7335578605154D0,    0000033P   2173
-21.17971554982741D0,57.8097949501397D0,236.7317168750989D0,     0000033P   2174
-24.7060721886249D0,59.81671716584139D0,236.7298758896826D0,     0000033P   2175
-28.27102986011079D0,61.85330983405809D0,236.7280349042663D0,    0000033P   2176
-31.68686545018305D0,63.81594448818025D0,236.7261939188498D0,    0000033P   2177
-35.25845392049547D0,65.88417198117615D0,236.7243529334334D0,    0000033P   2178
-38.71606284200473D0,67.90589774949518D0,236.7225119480171D0,    0000033P   2179
-42.20147136908351D0,69.96425134230833D0,236.7206709626007D0,    0000033P   2180
-45.75510031829661D0,72.08180724354858D0,236.7188299771843D0,    0000033P   2181
-49.15715304367321D0,74.12475858422302D0,236.716988991768D0,     0000033P   2182
-52.71063609664839D0,76.27485333939218D0,236.7151480063516D0,    0000033P   2183
-56.14188230829015D0,78.36352443857987D0,236.7133070209351D0,    0000033P   2184
-59.55462657804171D0,80.45389716701355D0,236.7114660355188D0,    0000033P   2185
-63.054640984431D0,82.6130195157829D0,236.7096250501024D0,       0000033P   2186
-66.50329442754482D0,84.76079645130679D0,236.7077840646861D0,    0000033P   2187
-69.90575272043711D0,86.90068844422072D0,236.7059430792696D0,    0000033P   2188
-73.34140199987765D0,89.08759524419183D0,236.7041020938534D0,    0000033P   2189
-76.74579320784041D0,91.28397880697685D0,236.7022611084369D0,    0000033P   2190
-80.12111774090637D0,93.48598126468313D0,236.7004201230206D0,    0000033P   2191
-83.54334923577116D0,95.73696581227468D0,236.6985791376041D0,    0000033P   2192
-86.96104342268886D0,97.99919164142203D0,236.6967381521877D0,    0000033P   2193
-90.2722669214842D0,100.1977779584763D0,236.6948971667714D0,     0000033P   2194
-93.68059399214718D0,102.4612195685225D0,236.693056181355D0,     0000033P   2195
-97.08350147342432D0,104.7266129524233D0,236.6912151959386D0,    0000033P   2196
-100.4076187796465D0,106.9585630374484D0,236.6893742105222D0,    0000033P   2197
-103.7788805235381D0,109.2543376952296D0,236.6875332251058D0,    0000033P   2198
-107.0810892399599D0,111.546285499615D0,236.6856922396895D0,     0000033P   2199
-110.4463971160215D0,113.9411325860453D0,236.683851254273D0,     0000033P   2200
-113.6748559784325D0,116.3025861698259D0,236.6820102688567D0,    0000033P   2201
-116.9086782076205D0,118.7223452800281D0,236.6801692834402D0,    0000033P   2202
-120.1175563227149D0,121.1705470389096D0,236.678328298024D0,     0000033P   2203
-123.3801623464304D0,123.7013907453718D0,236.6764873126076D0,    0000033P   2204
-126.5745316998016D0,126.2121457091526D0,236.6746463271912D0,    0000033P   2205
-129.7877786199852D0,128.763899704239D0,236.6728053417747D0,     0000033P   2206
-132.8556021047821D0,131.2326028181646D0,236.6709643563583D0,    0000033P   2207
-136.0201434659913D0,133.8219773782754D0,236.669123370942D0,     0000033P   2208
-139.1587072716033D0,136.4461324881886D0,236.6672823855257D0,    0000033P   2209
-142.1804095706394D0,139.0340686378178D0,236.6654414001092D0,    0000033P   2210
-145.239808151522D0,141.7281965144202D0,236.6636004146928D0,     0000033P   2211
-148.284618617677D0,144.4966900725941D0,236.6617594292765D0,     0000033P   2212
-151.1839783148404D0,147.2234247165975D0,236.65991844386D0,      0000033P   2213
-154.1159588263018D0,150.0809871548042D0,236.6580774584437D0,    0000033P   2214
-156.9661607601057D0,152.969581410212D0,236.6562364730273D0,     0000033P   2215
-159.7535541227615D0,155.9118372924032D0,236.6543954876109D0,    0000033P   2216
-162.4836278681822D0,158.9226774078376D0,236.6525545021945D0,    0000033P   2217
-165.1153018057828D0,161.9540725647936D0,236.650713516778D0,     0000033P   2218
-167.793171913021D0,165.1871188053589D0,236.6488725313617D0,     0000033P   2219
-170.2270317545877D0,168.2662775379824D0,236.6470315459452D0,    0000033P   2220
-172.6719200165089D0,171.5037535860598D0,236.6451905605289D0,    0000033P   2221
-175.0851218426773D0,174.8643826736308D0,236.6433495751125D0,    0000033P   2222
-177.3688820205802D0,178.2109865719069D0,236.6415085896961D0,    0000033P   2223
-179.5639980875171D0,181.5969524311653D0,236.6396676042798D0,    0000033P   2224
-181.6666859648392D0,185.0187259957682D0,236.6378266188633D0,    0000033P   2225
-183.6912768278853D0,188.4984608183909D0,236.635985633447D0,     0000033P   2226
-185.6797688754194D0,192.1255146281383D0,236.6341446480306D0,    0000033P   2227
-187.5204285689941D0,195.6942852344448D0,236.6323036626143D0,    0000033P   2228
-189.3139404234202D0,199.4044971032885D0,236.6304626771978D0,    0000033P   2229
-190.9409374165347D0,202.9965229931426D0,236.6286216917813D0,    0000033P   2230
-192.5530031574625D0,206.7999501240847D0,236.626780706365D0,     0000033P   2231
-194.0355690306192D0,210.5536376954491D0,236.6249397209486D0,    0000033P   2232
-195.4339895903673D0,214.3519360642269D0,236.6230987355322D0,    0000033P   2233
-196.747034384529D0,218.1925022298001D0,236.6212577501158D0,     0000033P   2234
-197.9738160321924D0,222.0676218661712D0,236.6194167646995D0,    0000033P   2235
-199.1170772683398D0,225.9822171553772D0,236.617575779283D0,     0000033P   2236
-200.1679048754765D0,229.8971992723084D0,236.6157347938665D0,    0000033P   2237
-201.134811796572D0,233.8306200999026D0,236.6138938084503D0,     0000033P   2238
-202.0188341530366D0,237.773120897846D0,236.6120528230338D0,     0000033P   2239
-202.8321114441171D0,241.7720060181069D0,236.6102118376174D0,    0000033P   2240
-203.5638030863827D0,245.7626152549673D0,236.6083708522011D0,    0000033P   2241
-204.2184989713478D0,249.7411097438033D0,236.6065298667845D0,    0000033P   2242
-204.8093862680626D0,253.7644501103411D0,236.6046888813682D0,    0000033P   2243
-205.3408729358591D0,257.8830993252087D0,236.6028478959518D0,    0000033P   2244
-205.7790030724889D0,261.7638439032625D0,236.6010069105354D0,    0000033P   2245
-206.181856071499D0,265.9265902177984D0,236.599165925119D0,      0000033P   2246
-206.5001174797053D0,269.8729407178481D0,236.5973249397025D0,    0000033P   2247
-206.7653658747121D0,273.9192941821146D0,236.5954839542862D0,    0000033P   2248
-206.9691320629554D0,277.9983193403305D0,236.5936429688699D0,    0000033P   2249
-207.1097299644129D0,282.0760187033296D0,236.5918019834535D0,    0000033P   2250
-207.1874446106294D0,286.0723537389652D0,236.589960998037D0,     0000033P   2251
-207.20482334799D0,290.1738340187605D0,236.5881200126205D0,      0000033P   2252
-207.1596608653408D0,294.1850339140146D0,236.5862790272042D0,    0000033P   2253
-207.0532607958627D0,298.2337464647763D0,236.5844380417877D0,    0000033P   2254
-206.8737361241862D0,302.4286515402212D0,236.5825970563713D0,    0000033P   2255
-206.6454848805884D0,306.3227639700928D0,236.5807560709549D0,    0000033P   2256
-206.33770171839D0,310.4596220387486D0,236.5789150855386D0,      0000033P   2257
-205.9804162115D0,314.4026337026412D0,236.5770741001222D0,       0000033P   2258
-205.5433918278026D0,318.5241971252523D0,236.5752331147058D0,    0000033P   2259
-205.0584423564991D0,322.4740371310924D0,236.5733921292894D0,    0000033P   2260
-204.5114642864044D0,326.5566908912614D0,236.5715511438729D0,    0000033P   2261
-203.9917811387034D0,330.5190643641644D0,236.570323820262D0,     0000033P   2262
-203.6318321217871D0,333.2468737107442D0,236.5697101584565D0,    0000033P   2263
-203.4535442852717D0,334.6000000000001D0,276.4930813385678D0,    0000033P   2264
4.607753520973491D-16,35.19069280034833D0,276.4941072294016D0,   0000033P   2265
-1.218229168073823D0,35.87528540113063D0,276.4961590110689D0,    0000033P   2266
-3.633553233825986D0,37.23324538766026D0,276.49923668357D0,      0000033P   2267
-7.380938498384055D0,39.3419435322672D0,276.5023143560712D0,     0000033P   2268
-11.02746337627011D0,41.39108165848138D0,276.5053920285723D0,    0000033P   2269
-14.65982790890535D0,43.43269589486645D0,276.5084697010732D0,    0000033P   2270
-18.34788349918694D0,45.49981037843325D0,276.5115473735744D0,    0000033P   2271
-22.01278996794271D0,47.54872249133572D0,276.5146250460755D0,    0000033P   2272
-25.76242041019919D0,49.64100766787036D0,276.5177027185766D0,    0000033P   2273
-29.41967745749118D0,51.68608783130143D0,276.5207803910777D0,    0000033P   2274
-33.00182393310101D0,53.69614635845638D0,276.5238580635788D0,    0000033P   2275
-36.74107213198025D0,55.80424369931179D0,276.5269357360799D0,    0000033P   2276
-40.35323637709666D0,57.86008917661748D0,276.5300134085811D0,    0000033P   2277
-44.01338305470777D0,59.95849029636246D0,276.533091081082D0,     0000033P   2278
-47.71992706671358D0,62.10428143132777D0,276.5361687535833D0,    0000033P   2279
-51.26871454549206D0,64.17383347622625D0,276.5392464260842D0,    0000033P   2280
-55.03127747308448D0,66.38414892875491D0,276.5423240985854D0,    0000033P   2281
-58.5586065699559D0,68.47497678782894D0,276.5454017710864D0,     0000033P   2282
-62.18956790050205D0,70.63919251970401D0,276.5484794435876D0,    0000033P   2283
-65.79486267959773D0,72.80913452889567D0,276.5515571160885D0,    0000033P   2284
-69.45054497418161D0,75.0285451787025D0,276.5546347885899D0,     0000033P   2285
-72.95470792662432D0,77.18288618418158D0,276.5577124610907D0,    0000033P   2286
-76.53901353209876D0,79.40956204826267D0,276.560790133592D0,     0000033P   2287
-80.17336983536733D0,81.69932331975797D0,276.5638678060929D0,    0000033P   2288
-83.69633403419847D0,83.94769245820839D0,276.5669454785942D0,    0000033P   2289
-87.20630460530187D0,86.21491861150008D0,276.5700231510951D0,    0000033P   2290
-90.77333428776916D0,88.54059677499701D0,276.5731008235963D0,    0000033P   2291
-94.23837559282059D0,90.82059673016676D0,276.5761784960974D0,    0000033P   2292
-97.80226877041895D0,93.18219420617994D0,276.5792561685985D0,    0000033P   2293
-101.2882341715644D0,95.51258328234462D0,276.5823338410995D0,    0000033P   2294
-104.7558952061475D0,97.85941890081747D0,276.5854115136007D0,    0000033P   2295
-108.2474280245459D0,100.2606905414574D0,276.5884891861017D0,    0000033P   2296
-111.6436202781292D0,102.640196649747D0,276.5915668586029D0,     0000033P   2297
-115.1499752213702D0,105.1529193874061D0,276.5946445311039D0,    0000033P   2298
-118.5351244352843D0,107.6387504192044D0,276.597722203605D0,     0000033P   2299
-121.8460717076156D0,110.1218023061626D0,276.6007998761061D0,    0000033P   2300
-125.209107972044D0,112.6907667902815D0,276.6038775486071D0,     0000033P   2301
-128.5422705661922D0,115.2813186661749D0,276.6069552211083D0,    0000033P   2302
-131.8743016848336D0,117.9087984656127D0,276.6100328936094D0,    0000033P   2303
-135.1625031553916D0,120.5359990816183D0,276.6131105661104D0,    0000033P   2304
-138.38535935024D0,123.1516305411031D0,276.6161882386116D0,      0000033P   2305
-141.6594676652024D0,125.860337263928D0,276.6192659111126D0,     0000033P   2306
-144.8820351983863D0,128.5883462351329D0,276.6223435836137D0,    0000033P   2307
-148.0584907261688D0,131.3493055539202D0,276.6254212561149D0,    0000033P   2308
-151.1530426273846D0,134.1155158007238D0,276.6284989286159D0,    0000033P   2309
-154.3555031683474D0,137.0739399038875D0,276.6315766011171D0,    0000033P   2310
-157.3035916563919D0,139.889876767746D0,276.6346542736181D0,     0000033P   2311
-160.3046084352627D0,142.8553928516048D0,276.6377319461193D0,    0000033P   2312
-163.2963695682161D0,145.9278893937816D0,276.6408096186204D0,    0000033P   2313
-166.1655053748918D0,148.9938161620135D0,276.6438872911214D0,    0000033P   2314
-168.9261045686722D0,152.0644803123932D0,276.6469649636226D0,    0000033P   2315
-171.7062269019333D0,155.296084177433D0,276.6500426361235D0,     0000033P   2316
-174.4133793228955D0,158.5898141435513D0,276.6531203086248D0,    0000033P   2317
-176.9826460558118D0,161.866602008935D0,276.6561979811257D0,     0000033P   2318
-179.5089769427409D0,165.2451552006719D0,276.6592756536269D0,    0000033P   2319
-181.9856552262076D0,168.7304526745953D0,276.662353326128D0,     0000033P   2320
-184.3037071792882D0,172.1636152737172D0,276.665430998629D0,     0000033P   2321
-186.5769882536101D0,175.7103410728164D0,276.6685086711301D0,    0000033P   2322
-188.7438561975188D0,179.2732447980139D0,276.6715863436313D0,    0000033P   2323
-190.876794723017D0,182.977562413116D0,276.6746640161323D0,      0000033P   2324
-192.8793327860721D0,186.656942256703D0,276.6777416886334D0,     0000033P   2325
-194.7933198806949D0,190.3802074966105D0,276.6808193611344D0,    0000033P   2326
-196.6364758156639D0,194.1885673774961D0,276.6838970336357D0,    0000033P   2327
-198.3791220656188D0,198.0251489236341D0,276.6869747061366D0,    0000033P   2328
-200.0180376488661D0,201.8731892371644D0,276.6900523786377D0,    0000033P   2329
-201.5852806870937D0,205.8146271452656D0,276.6931300511388D0,    0000033P   2330
-203.0432119498709D0,209.7524870947319D0,276.6962077236399D0,    0000033P   2331
-204.4085890128787D0,213.7215246717598D0,276.699285396141D0,     0000033P   2332
-205.7036864000897D0,217.7960578658978D0,276.7023630686421D0,    0000033P   2333
-206.8788877046116D0,221.8091449847443D0,276.7054407411433D0,    0000033P   2334
-207.9739387231039D0,225.8733466369724D0,276.7085184136443D0,    0000033P   2335
-208.9938729789281D0,230.015154222648D0,276.7115960861455D0,     0000033P   2336
-209.8976920677002D0,234.039899439164D0,276.7146737586465D0,     0000033P   2337
-210.7491432493951D0,238.2193886486882D0,276.7177514311476D0,    0000033P   2338
-211.4985547471136D0,242.302904114473D0,276.7208291036486D0,     0000033P   2339
-212.1926632714912D0,246.532792709287D0,276.7239067761498D0,     0000033P   2340
-212.7915723737187D0,250.64140332826D0,276.7269844486509D0,      0000033P   2341
-213.3367766733189D0,254.8935159477636D0,276.730062121152D0,     0000033P   2342
-213.7942987397931D0,258.9998713600215D0,276.733139793653D0,     0000033P   2343
-214.2013973983834D0,263.2753211288579D0,276.7362174661543D0,    0000033P   2344
-214.527176163002D0,267.3816910343798D0,276.7392951386553D0,     0000033P   2345
-214.7986280035606D0,271.6051603577069D0,276.7423728111563D0,    0000033P   2346
-215.0052323987864D0,275.8155706304816D0,276.7454504836575D0,    0000033P   2347
-215.1495911382404D0,280.0782545647364D0,276.7485281561586D0,    0000033P   2348
-215.2285777386618D0,284.2244576331679D0,276.7516058286595D0,    0000033P   2349
-215.2460287577358D0,288.4979974601753D0,276.7546835011606D0,    0000033P   2350
-215.2002910230944D0,292.6375913344502D0,276.7577611736618D0,    0000033P   2351
-215.0910636671164D0,296.8557768890038D0,276.7608388461628D0,    0000033P   2352
-214.9137768073477D0,301.1048228130725D0,276.7639165186639D0,    0000033P   2353
-214.6742892408625D0,305.2822139708617D0,276.7669941911649D0,    0000033P   2354
-214.3668430788215D0,309.4902820453983D0,276.7700718636662D0,    0000033P   2355
-213.9973494599397D0,313.65765489512D0,276.7731495361672D0,      0000033P   2356
-213.5557873933866D0,317.8881646878787D0,276.7762272086683D0,    0000033P   2357
-213.0625533500999D0,322.0112626671109D0,276.7793048811694D0,    0000033P   2358
-212.4918072369891D0,326.2549568730751D0,276.7823825536704D0,    0000033P   2359
-211.9508572252042D0,330.3565456065685D0,276.7844343353377D0,    0000033P   2360
-211.5742454653195D0,333.194113100846D0,276.7854602261714D0,     0000033P   2361
-211.387937029314D0,334.6D0,316.7498019592576D0,                 0000033P   2362
-8.372745832376757D-17,26.04831195809932D0,316.7494113243847D0,  0000033P   2363
-1.262490698420828D0,26.75191131653569D0,316.7486300546389D0,    0000033P   2364
-3.766581597960116D0,28.1465365686495D0,316.7474581500202D0,     0000033P   2365
-7.652420004048599D0,30.30604307168387D0,316.7462862454015D0,    0000033P   2366
-11.44761629729403D0,32.40690113010306D0,316.745114340783D0,     0000033P   2367
-15.17610503199432D0,34.46306826213597D0,316.7439424361641D0,    0000033P   2368
-19.0377902432767D0,36.58029954090201D0,316.7427705315456D0,     0000033P   2369
-22.81434501941883D0,38.63670374342513D0,316.7415986269269D0,    0000033P   2370
-26.74899343432852D0,40.76950565761853D0,316.7404267223083D0,    0000033P   2371
-30.49906207199081D0,42.79941334956055D0,316.7392548176896D0,    0000033P   2372
-34.30142259608088D0,44.86254248024204D0,316.738082913071D0,     0000033P   2373
-38.14742219433742D0,46.95714899991098D0,316.7369110084522D0,    0000033P   2374
-41.9434838660498D0,49.0431156840804D0,316.7357391038339D0,      0000033P   2375
-45.75753248826668D0,51.15659297226475D0,316.7345671992148D0,    0000033P   2376
-49.59491338736291D0,53.30196425424337D0,316.7333952945965D0,    0000033P   2377
-53.31639555927213D0,55.39892887836995D0,316.7322233899774D0,    0000033P   2378
-57.22259978538602D0,57.61569849573234D0,316.731051485359D0,     0000033P   2379
-60.87638013156001D0,59.70476045472337D0,316.7298795807402D0,    0000033P   2380
-64.73328471430638D0,61.92408681473108D0,316.7287076761215D0,    0000033P   2381
-68.42233026401166D0,64.06449950023624D0,316.7275357715028D0,    0000033P   2382
-72.26761243675671D0,66.31800615809084D0,316.7263638668843D0,    0000033P   2383
-75.91127974500284D0,68.47974074808282D0,316.7251919622654D0,    0000033P   2384
-79.64353200889583D0,70.72136916510438D0,316.7240200576468D0,    0000033P   2385
-83.47029220885921D0,73.05672829420017D0,316.7228481530281D0,    0000033P   2386
-87.13370918917677D0,75.32790750362251D0,316.7216762484096D0,    0000033P   2387
-90.74896400077172D0,77.60505807989389D0,316.7205043437908D0,    0000033P   2388
-94.43354956756141D0,79.96288428826749D0,316.7193324391722D0,    0000033P   2389
-98.06926654850072D0,82.32872297878221D0,316.7181605345535D0,    0000033P   2390
-101.7488072466579D0,84.76219190632992D0,316.7169886299348D0,    0000033P   2391
-105.3163279036221D0,87.16123959375986D0,316.7158167253161D0,    0000033P   2392
-108.9047717126173D0,89.61375125284357D0,316.7146448206975D0,    0000033P   2393
-112.5132981666219D0,92.12220393198305D0,316.7134729160787D0,    0000033P   2394
-116.0067777039028D0,94.59150141595303D0,316.7123010114602D0,    0000033P   2395
-119.6062903556073D0,97.17909882330076D0,316.7111291068415D0,    0000033P   2396
-123.1427502919362D0,99.76710790728535D0,316.7099572022227D0,    0000033P   2397
-126.5644293896832D0,102.3145073848693D0,316.7087852976042D0,    0000033P   2398
-130.0643879526091D0,104.9672397419746D0,316.7076133929853D0,    0000033P   2399
-133.4769267170815D0,107.6012712080375D0,316.7064414883668D0,    0000033P   2400
-136.9154492265349D0,110.3046521734983D0,316.7052695837481D0,    0000033P   2401
-140.2871951672464D0,113.0046669614045D0,316.7040976791293D0,    0000033P   2402
-143.6683459074657D0,115.7676040397461D0,316.7029257745109D0,    0000033P   2403
-147.0119519171085D0,118.5642418455636D0,316.701753869892D0,     0000033P   2404
-150.3113976551759D0,121.3934558860314D0,316.7005819652733D0,    0000033P   2405
-153.6314387722232D0,124.3212138956633D0,316.6994100606548D0,    0000033P   2406
-156.7717508734999D0,127.1715500443287D0,316.6982381560359D0,    0000033P   2407
-160.0668599208495D0,130.2588816252259D0,316.6970662514174D0,    0000033P   2408
-163.1043782399976D0,133.2019894399479D0,316.6958943467986D0,    0000033P   2409
-166.1502079619675D0,136.2524458027981D0,316.69472244218D0,      0000033P   2410
-169.2483174174118D0,139.4744193585205D0,316.6935505375614D0,    0000033P   2411
-172.1880369039614D0,142.6570650875839D0,316.6923786329426D0,    0000033P   2412
-175.0001281521796D0,145.8253699289523D0,316.6912067283241D0,    0000033P   2413
-177.8814653084685D0,149.2190425786671D0,316.6900348237052D0,    0000033P   2414
-180.5970571746192D0,152.5684986397477D0,316.6888629190867D0,    0000033P   2415
-183.2809763936125D0,156.0364898419138D0,316.687691014468D0,     0000033P   2416
-185.8747539683884D0,159.5565667768006D0,316.6865191098493D0,    0000033P   2417
-188.3788024309372D0,163.1298661500797D0,316.6853472052307D0,    0000033P   2418
-190.746408150884D0,166.6816310792081D0,316.684175300612D0,      0000033P   2419
-193.0781585981019D0,170.3631493471916D0,316.6830033959932D0,    0000033P   2420
-195.3062978586907D0,174.0657751797916D0,316.6818314913747D0,    0000033P   2421
-197.5352188755762D0,177.9777112658312D0,316.6806595867559D0,    0000033P   2422
-199.5347130877599D0,181.683843700395D0,316.6794876821373D0,     0000033P   2423
-201.5242311792067D0,185.5782994252114D0,316.6783157775185D0,    0000033P   2424
-203.3988078112515D0,189.4694921590551D0,316.6771438729001D0,    0000033P   2425
-205.2360055804682D0,193.5292939451244D0,316.6759719682812D0,    0000033P   2426
-206.893704582985D0,197.4341511962468D0,316.6748000636625D0,     0000033P   2427
-208.5176221017349D0,201.5204316573508D0,316.6736281590439D0,    0000033P   2428
-210.024616714747D0,205.5918922211422D0,316.6724562544252D0,     0000033P   2429
-211.4398076510142D0,209.6987242208665D0,316.6712843498066D0,    0000033P   2430
-212.7900187335569D0,213.9336923611982D0,316.6701124451878D0,    0000033P   2431
-213.9957813171888D0,218.0270676908396D0,316.6689405405693D0,    0000033P   2432
-215.1441356780056D0,222.2523206816878D0,316.6677686359506D0,    0000033P   2433
-216.2111366496654D0,226.549737226349D0,316.6665967313318D0,     0000033P   2434
-217.1457214646439D0,230.6732363538387D0,316.6654248267132D0,    0000033P   2435
-218.0347959166283D0,235.0057547695094D0,316.6642529220945D0,    0000033P   2436
-218.8061428923D0,239.1967597305294D0,316.6630810174757D0,       0000033P   2437
-219.5267224432967D0,243.609376341892D0,316.6619091128572D0,     0000033P   2438
-220.1327217892597D0,247.8263753574687D0,316.6607372082385D0,    0000033P   2439
-220.6801871122663D0,252.1764900361627D0,316.6595653036198D0,    0000033P   2440
-221.1483744348694D0,256.4959701399142D0,316.6583933990009D0,    0000033P   2441
-221.5491835262047D0,260.850513549931D0,316.6572214943824D0,     0000033P   2442
-221.8780166332746D0,265.1413803541308D0,316.6560495897637D0,    0000033P   2443
-222.1491686739274D0,269.5154879802984D0,316.6548776851449D0,    0000033P   2444
-222.3552929241868D0,273.8456336987867D0,316.6537057805263D0,    0000033P   2445
-222.5010733786106D0,278.2478753544672D0,316.6525338759076D0,    0000033P   2446
-222.581810715258D0,282.5527966924012D0,316.6513619712889D0,     0000033P   2447
-222.6003248758046D0,286.9672974573613D0,316.6501900666702D0,    0000033P   2448
-222.5547932827142D0,291.2642991473082D0,316.6490181620516D0,    0000033P   2449
-222.4445589402234D0,295.6072222711308D0,316.647846257433D0,     0000033P   2450
-222.269691899727D0,299.9190252220429D0,316.6466743528141D0,     0000033P   2451
-222.0208291303288D0,304.3425257539835D0,316.6455024481955D0,    0000033P   2452
-221.7147774513628D0,308.6077924355761D0,316.6443305435769D0,    0000033P   2453
-221.3325326248404D0,312.9983970565053D0,316.6431586389581D0,    0000033P   2454
-220.8893072983205D0,317.3112382218811D0,316.6419867343394D0,    0000033P   2455
-220.3842060594339D0,321.6240357601132D0,316.6408148297207D0,    0000033P   2456
-219.8025121528561D0,325.9670044107663D0,316.6396429251021D0,    0000033P   2457
-219.2340990159842D0,330.2437465552438D0,316.6388616553562D0,    0000033P   2458
-218.8464774883224D0,333.1527343713593D0,316.6384710204833D0,    0000033P   2459
-218.6537517506972D0,334.6D0,356.8532803066331D0,                0000033P   2460
-1.225720044234163D-16,18.62014691332789D0,356.8538196820045D0,  0000033P   2461
-1.308347173447289D0,19.32079032318494D0,356.8548984327474D0,    0000033P   2462
-3.897005948069539D0,20.70653754310623D0,356.8565165588617D0,    0000033P   2463
-7.95255930586758D0,22.87049990623278D0,356.8581346849759D0,     0000033P   2464
-11.83303680292401D0,24.93837658788907D0,356.8597528110905D0,    0000033P   2465
-15.78710831591949D0,27.03121427636377D0,356.8613709372046D0,    0000033P   2466
-19.75669053162415D0,29.12519844295561D0,356.8629890633192D0,    0000033P   2467
-23.70762413990275D0,31.19607752935493D0,356.8646071894334D0,    0000033P   2468
-27.69606632609721D0,33.27768706028389D0,356.866225315548D0,     0000033P   2469
-31.61771986977379D0,35.32200849164628D0,356.8678434416622D0,    0000033P   2470
-35.6438936706498D0,37.42176072728851D0,356.8694615677766D0,     0000033P   2471
-39.5344853036346D0,39.46277358166761D0,356.871079693891D0,      0000033P   2472
-43.56182111729449D0,41.58478190316362D0,356.8726978200054D0,    0000033P   2473
-47.46748606425309D0,43.665536886075D0,356.8743159461196D0,      0000033P   2474
-51.45421065468713D0,45.80153589758383D0,356.8759340722341D0,    0000033P   2475
-55.3776767822192D0,47.92341106643519D0,356.8775521983483D0,     0000033P   2476
-59.29813523594136D0,50.06076212033667D0,356.8791703244627D0,    0000033P   2477
-63.21197445999098D0,52.20870483591079D0,356.880788450577D0,     0000033P   2478
-67.15824146218048D0,54.39582759118611D0,356.8824065766914D0,    0000033P   2479
-71.02779039290884D0,56.55973359171219D0,356.8840247028057D0,    0000033P   2480
-74.92890607672511D0,58.76842055724696D0,356.8856428289202D0,    0000033P   2481
-78.84977533038833D0,61.01331196578524D0,356.8872609550343D0,    0000033P   2482
-82.65318034538872D0,63.2245582923244D0,356.8888790811488D0,     0000033P   2483
-86.60868288172236D0,65.55951225913593D0,356.8904972072631D0,    0000033P   2484
-90.36129467900572D0,67.81431666346052D0,356.8921153333776D0,    0000033P   2485
-94.21022460048144D0,70.16677928065485D0,356.8937334594917D0,    0000033P   2486
-97.94903240241342D0,72.50222683899266D0,356.8953515856061D0,    0000033P   2487
-101.7797721543126D0,74.94594922564917D0,356.8969697117204D0,    0000033P   2488
-105.5038674447289D0,77.38011160665613D0,356.8985878378347D0,    0000033P   2489
-109.2186478339486D0,79.86331277258449D0,356.9002059639491D0,    0000033P   2490
-112.9128132644138D0,82.38407221519778D0,356.9018240900634D0,    0000033P   2491
-116.6108345654896D0,84.95615705793522D0,356.9034422161776D0,    0000033P   2492
-120.2345734189928D0,87.52033074170349D0,356.9050603422921D0,    0000033P   2493
-123.8751051922164D0,90.13523752917013D0,356.9066784684064D0,    0000033P   2494
-127.5202052011971D0,92.79271317116127D0,356.9082965945205D0,    0000033P   2495
-131.0756377799633D0,95.42706055090879D0,356.9099147206351D0,    0000033P   2496
-134.6562702646237D0,98.12798923427432D0,356.9115328467493D0,    0000033P   2497
-138.2068139582425D0,100.8576827045194D0,356.9131509728636D0,    0000033P   2498
-141.7257823492503D0,103.6189128647187D0,356.914769098978D0,     0000033P   2499
-145.2326793115607D0,106.4292996081987D0,356.9163872250921D0,    0000033P   2500
-148.7037612470004D0,109.275433855794D0,356.9180053512067D0,     0000033P   2501
-152.0909378924792D0,112.1215050081013D0,356.9196234773208D0,    0000033P   2502
-155.4954190989294D0,115.0576539912384D0,356.9212416034351D0,    0000033P   2503
-158.8838224455113D0,118.0645763717932D0,356.9228597295497D0,    0000033P   2504
-162.1496725426303D0,121.0506491315124D0,356.9244778556638D0,    0000033P   2505
-165.427085515291D0,124.1416336987341D0,356.9260959817783D0,     0000033P   2506
-168.6499620480054D0,127.2886050839667D0,356.9277141078925D0,    0000033P   2507
-171.7424953472393D0,130.4158973757328D0,356.9293322340069D0,    0000033P   2508
-174.8580897926587D0,133.6875095098478D0,356.9309503601213D0,    0000033P   2509
-177.8626119314759D0,136.9742057036396D0,356.9325684862356D0,    0000033P   2510
-180.8420294974096D0,140.3793848342007D0,356.9341866123501D0,    0000033P   2511
-183.6690395154982D0,143.7567669620027D0,356.9358047384643D0,    0000033P   2512
-186.4850624185154D0,147.2800292927288D0,356.9374228645787D0,    0000033P   2513
-189.2032067500998D0,150.843505348856D0,356.939040990693D0,      0000033P   2514
-191.8343701611917D0,154.4612823199089D0,356.9406591168075D0,    0000033P   2515
-194.3736569450743D0,158.1239325788664D0,356.9422772429218D0,    0000033P   2516
-196.8599930519338D0,161.8916631207871D0,356.9438953690362D0,    0000033P   2517
-199.2084299427771D0,165.630020035381D0,356.9455134951503D0,     0000033P   2518
-201.5072397560167D0,169.4794247443603D0,356.9471316212648D0,    0000033P   2519
-203.7728273435565D0,173.4886903282908D0,356.9487497473791D0,    0000033P   2520
-205.8115766438586D0,177.3035754263801D0,356.9503678734934D0,    0000033P   2521
-207.8469619989678D0,181.3339533411616D0,356.9519859996078D0,    0000033P   2522
-209.7615729938724D0,185.3726260003861D0,356.9536041257222D0,    0000033P   2523
-211.5869754109118D0,189.4725277505942D0,356.9552222518365D0,    0000033P   2524
-213.3214251397743D0,193.6382583254969D0,356.9568403779508D0,    0000033P   2525
-214.9184939620504D0,197.7295015056525D0,356.9584585040652D0,    0000033P   2526
-216.4609567644833D0,201.9542019502341D0,356.9600766301795D0,    0000033P   2527
-217.9139487958209D0,206.2207173484252D0,356.961694756294D0,     0000033P   2528
-219.2667487169511D0,210.4792709911506D0,356.9633128824082D0,    0000033P   2529
-220.5299636210208D0,214.7506856134883D0,356.9649310085226D0,    0000033P   2530
-221.7219169986028D0,219.1051267371531D0,356.9665491346369D0,    0000033P   2531
-222.8098478150314D0,223.4275952120784D0,356.9681672607513D0,    0000033P   2532
-223.8165525680387D0,227.8047328689537D0,356.9697853868657D0,    0000033P   2533
-224.7234494207606D0,232.1626418312225D0,356.97140351298D0,      0000033P   2534
-225.544913406003D0,236.575400076868D0,356.9730216390943D0,      0000033P   2535
-226.2633369326466D0,240.9486879115884D0,356.9746397652087D0,    0000033P   2536
-226.9086957961697D0,245.4352750470799D0,356.976257891323D0,     0000033P   2537
-227.4619756574562D0,249.8857057110635D0,356.9778760174373D0,    0000033P   2538
-227.929442953854D0,254.2578206372533D0,356.9794941435517D0,     0000033P   2539
-228.3357452770102D0,258.7598453490361D0,356.9811122696661D0,    0000033P   2540
-228.6659175098957D0,263.1815580456706D0,356.9827303957804D0,    0000033P   2541
-228.9381640896903D0,267.7055795854049D0,356.9843485218947D0,    0000033P   2542
-229.1431780726761D0,272.1488113059685D0,356.985966648009D0,     0000033P   2543
-229.28757031208D0,276.6224551079123D0,356.9875847741234D0,      0000033P   2544
-229.3686114228155D0,281.0796236698179D0,356.9892029002377D0,    0000033P   2545
-229.3867717502005D0,285.5691913778084D0,356.990821026352D0,     0000033P   2546
-229.3377408297901D0,290.1057695846171D0,356.9924391524663D0,    0000033P   2547
-229.225400976321D0,294.4934444960949D0,356.9940572785808D0,     0000033P   2548
-229.039871924953D0,299.0272670529923D0,356.995675404695D0,      0000033P   2549
-228.7868145213801D0,303.4716562961579D0,356.9972935308095D0,    0000033P   2550
-228.4648567319011D0,307.912343381687D0,356.9989116569237D0,     0000033P   2551
-228.0706553230469D0,312.3830122960855D0,357.0005297830382D0,    0000033P   2552
-227.6057340127752D0,316.8582950626741D0,357.0021479091525D0,    0000033P   2553
-227.0759605535162D0,321.323970107284D0,357.003766035267D0,      0000033P   2554
-226.4843857255699D0,325.676944813014D0,357.0053841613814D0,     0000033P   2555
-225.85974279796D0,330.2159017285109D0,357.0064629121243D0,      0000033P   2556
-225.4604690367756D0,333.1292486116864D0,357.0070022874957D0,    0000033P   2557
-225.2586872745873D0,334.6000000000001D0,397.209495860066D0,     0000033P   2558
2.226632060684604D-17,12.73268404260928D0,397.2093249218114D0,   0000033P   2559
-1.352444010618769D0,13.4207198225356D0,397.2089830453023D0,     0000033P   2560
-4.028368229628637D0,14.7816067561414D0,397.2084702305382D0,     0000033P   2561
-8.218896926596756D0,16.90845129387865D0,397.2079574157742D0,    0000033P   2562
-12.21868502543432D0,18.93507235458873D0,397.2074446010106D0,    0000033P   2563
-16.37010419683798D0,21.03080567586412D0,397.2069317862466D0,    0000033P   2564
-20.42761053225751D0,23.07134246139243D0,397.2064189714829D0,    0000033P   2565
-24.5809122993962D0,25.15149597364077D0,397.2059061567189D0,     0000033P   2566
-28.57785059439933D0,27.14472969030737D0,397.2053933419553D0,    0000033P   2567
-32.70930551397251D0,29.20614257160448D0,397.2048805271913D0,    0000033P   2568
-36.8886381475793D0,31.2920077378939D0,397.2043677124274D0,      0000033P   2569
-40.86642606281555D0,33.28532249569307D0,397.2038548976638D0,    0000033P   2570
-45.05913128489792D0,35.39582050469829D0,397.2033420828997D0,    0000033P   2571
-49.0845443637088D0,37.43829094460064D0,397.2028292681359D0,     0000033P   2572
-53.19189098968066D0,39.53524762074816D0,397.2023164533721D0,    0000033P   2573
-57.32122596157166D0,41.66306597466484D0,397.2018036386084D0,    0000033P   2574
-61.24717415051521D0,43.70146411130275D0,397.2012908238444D0,    0000033P   2575
-65.41720967495121D0,45.88930063394673D0,397.2007780090805D0,    0000033P   2576
-69.41312432893898D0,48.00712695347259D0,397.2002651943167D0,    0000033P   2577
-73.48449097033249D0,50.19293835417943D0,397.1997523795528D0,    0000033P   2578
-77.42661628363145D0,52.33660829705865D0,397.1992395647891D0,    0000033P   2579
-81.59806533515082D0,54.64034535318346D0,397.198726750025D0,     0000033P   2580
-85.47174524729655D0,56.81418859031856D0,397.1982139352613D0,    0000033P   2581
-89.51152327020637D0,59.11918688805438D0,397.1977011204974D0,    0000033P   2582
-93.37571501945196D0,61.36700454666715D0,397.1971883057337D0,    0000033P   2583
-97.42892341937186D0,63.77497458671367D0,397.1966754909697D0,    0000033P   2584
-101.2389826304007D0,66.09159163444818D0,397.1961626762059D0,    0000033P   2585
-105.2228415298152D0,68.57467315040528D0,397.195649861442D0,     0000033P   2586
-108.9907289315445D0,70.98889464569135D0,397.1951370466782D0,    0000033P   2587
-112.8651935015411D0,73.53713818945785D0,397.1946242319143D0,    0000033P   2588
-116.6527958657431D0,76.08886663547582D0,397.1941114171505D0,    0000033P   2589
-120.4430791115038D0,78.69775126295848D0,397.1935986023865D0,    0000033P   2590
-124.2048354056768D0,81.33836918642834D0,397.1930857876229D0,    0000033P   2591
-127.8795026216456D0,83.960903947034D0,397.192572972859D0,       0000033P   2592
-131.6190143262347D0,86.67221889945205D0,397.1920601580949D0,    0000033P   2593
-135.2821527001852D0,89.3758608386994D0,397.1915473433313D0,     0000033P   2594
-138.9438258046807D0,92.12962427838589D0,397.1910345285675D0,    0000033P   2595
-142.6079749650713D0,94.94212406470862D0,397.1905217138034D0,    0000033P   2596
-146.1990902864485D0,97.75773300712667D0,397.1900088990398D0,    0000033P   2597
-149.8300992409835D0,100.6688140856193D0,397.1894960842757D0,    0000033P   2598
-153.3503662020403D0,103.5605620900221D0,397.1889832695121D0,    0000033P   2599
-156.8029545360479D0,106.4687065199896D0,397.1884704547481D0,    0000033P   2600
-160.2984501606348D0,109.4954603034735D0,397.1879576399843D0,    0000033P   2601
-163.7116943902463D0,112.5398871379691D0,397.1874448252205D0,    0000033P   2602
-167.1087962112748D0,115.6675424511756D0,397.1869320104566D0,    0000033P   2603
-170.3564849911503D0,118.7567943875616D0,397.1864191956928D0,    0000033P   2604
-173.7307621200062D0,122.0827987101764D0,397.1859063809287D0,    0000033P   2605
-176.8738692345891D0,125.2995663099908D0,397.185393566165D0,     0000033P   2606
-179.9929557280041D0,128.615333766952D0,397.1848807514011D0,     0000033P   2607
-183.0409652548505D0,131.9871187089453D0,397.1843679366373D0,    0000033P   2608
-186.173215280208D0,135.6109810594673D0,397.1838551218734D0,     0000033P   2609
-188.9441269702306D0,138.9617302781786D0,397.1833423071096D0,    0000033P   2610
-191.871702508488D0,142.6600420079243D0,397.1828294923457D0,     0000033P   2611
-194.5945466815155D0,146.2672123883811D0,397.1823166775818D0,    0000033P   2612
-197.2669164430683D0,149.973565309482D0,397.1818038628181D0,     0000033P   2613
-199.8449970886987D0,153.7219732172817D0,397.1812910480541D0,    0000033P   2614
-202.4347103010688D0,157.6811566565733D0,397.1807782332903D0,    0000033P   2615
-204.8002860147616D0,161.4873725719818D0,397.1802654185265D0,    0000033P   2616
-207.1381401545557D0,165.4466820597114D0,397.1797526037626D0,    0000033P   2617
-209.4149381488842D0,169.5301379240646D0,397.1792397889988D0,    0000033P   2618
-211.4919587290815D0,173.4755687488811D0,397.1787269742348D0,    0000033P   2619
-213.5482875574501D0,177.6203912537858D0,397.1782141594712D0,    0000033P   2620
-215.4891561143499D0,181.8013706558258D0,397.1777013447072D0,    0000033P   2621
-217.2782146988427D0,185.9072744696368D0,397.1771885299434D0,    0000033P   2622
-219.081401093907D0,190.3308138460412D0,397.1766757151794D0,     0000033P   2623
-220.6445087949643D0,194.4264161856481D0,397.1761629004158D0,    0000033P   2624
-222.2083888113955D0,198.7843840763409D0,397.1756500856518D0,    0000033P   2625
-223.6846906829142D0,203.189133331316D0,397.1751372708881D0,     0000033P   2626
-225.0280330378298D0,207.4620170712088D0,397.1746244561241D0,    0000033P   2627
-226.3350393915143D0,211.902504447344D0,397.1741116413601D0,     0000033P   2628
-227.5543455992701D0,216.3732927142486D0,397.1735988265963D0,    0000033P   2629
-228.6464381253546D0,220.7022817617316D0,397.1730860118326D0,    0000033P   2630
-229.7105365610527D0,225.3188622496519D0,397.1725731970688D0,    0000033P   2631
-230.6250808299121D0,229.6990565799113D0,397.1720603823048D0,    0000033P   2632
-231.4882253287214D0,234.3227835209894D0,397.1715475675411D0,    0000033P   2633
-232.2011506821987D0,238.6522480564824D0,397.1710347527771D0,    0000033P   2634
-232.8802114580016D0,243.3633918445523D0,397.1705219380133D0,    0000033P   2635
-233.441540813763D0,247.9021361391704D0,397.1700091232493D0,     0000033P   2636
-233.9129283148469D0,252.3272546345552D0,397.1694963084856D0,    0000033P   2637
-234.3296079941825D0,256.9732895515349D0,397.1689834937216D0,    0000033P   2638
-234.6633100753301D0,261.489924773819D0,397.1684706789578D0,     0000033P   2639
-234.9391097499162D0,266.1299642307243D0,397.167957864194D0,     0000033P   2640
-235.1458577362048D0,270.6686739858994D0,397.1674450494302D0,    0000033P   2641
-235.2917416953781D0,275.2145307729856D0,397.1669322346663D0,    0000033P   2642
-235.3752318384032D0,279.8145222176401D0,397.1664194199024D0,    0000033P   2643
-235.3949037969193D0,284.3662552299237D0,397.1659066051386D0,    0000033P   2644
-235.3454666616511D0,289.0863630212659D0,397.1653937903746D0,    0000033P   2645
-235.233629580409D0,293.5339377899651D0,397.1648809756109D0,     0000033P   2646
-235.0412120649036D0,298.2635866149126D0,397.1643681608468D0,    0000033P   2647
-234.7895561959141D0,302.6958261889566D0,397.1638553460831D0,    0000033P   2648
-234.4541256798874D0,307.3291550892446D0,397.163342531319D0,     0000033P   2649
-234.0538060751027D0,311.850477860748D0,397.1628297165554D0,     0000033P   2650
-233.5736244786538D0,316.4598985144803D0,397.1623169017914D0,    0000033P   2651
-233.0260009814874D0,321.046306096169D0,397.1618040870278D0,     0000033P   2652
-232.4287393264598D0,325.4296345807233D0,397.1612912722638D0,    0000033P   2653
-231.7595142271199D0,330.167936781722D0,397.1609493957546D0,     0000033P   2654
-231.3487107173288D0,333.104085706469D0,397.1607784574999D0,     0000033P   2655
-231.1388902847343D0,334.6000000000001D0,437.5244980655175D0,    0000033P   2656
3.261512099958188D-17,8.366984332284025D0,437.5246446922002D0,   0000033P   2657
-1.392234355509315D0,9.044296270117366D0,437.5249379455659D0,    0000033P   2658
-4.166465413557397D0,10.39228994583735D0,437.525377825614D0,     0000033P   2659
-8.394346067576844D0,12.44328410102668D0,437.5258177056623D0,    0000033P   2660
-12.64598725479073D0,14.49398060058248D0,437.5262575857107D0,    0000033P   2661
-16.81317397248906D0,16.50180878393046D0,437.5266974657589D0,    0000033P   2662
-20.98606290573497D0,18.49941573461076D0,437.5271373458073D0,    0000033P   2663
-25.33785341839181D0,20.5698018696893D0,437.5275772258556D0,     0000033P   2664
-29.38491923367645D0,22.48932624360938D0,437.5280171059039D0,    0000033P   2665
-33.72677991129952D0,24.54212039253002D0,437.5284569859523D0,    0000033P   2666
-37.91769585091302D0,26.52811940666429D0,437.5288968660005D0,    0000033P   2667
-42.13093910011995D0,28.52310799593915D0,437.5293367460488D0,    0000033P   2668
-46.31363421398982D0,30.51988788885107D0,437.529776626097D0,     0000033P   2669
-50.57852923765755D0,32.55831882221305D0,437.5302165061455D0,    0000033P   2670
-54.73339549422295D0,34.5641700983188D0,437.5306563861939D0,     0000033P   2671
-59.04989957841283D0,36.660902557119D0,437.5310962662422D0,      0000033P   2672
-63.0937313050468D0,38.64427706237177D0,437.5315361462904D0,     0000033P   2673
-67.38289800224997D0,40.77261712198915D0,437.5319760263387D0,    0000033P   2674
-71.48661370243381D0,42.83171029504231D0,437.532415906387D0,     0000033P   2675
-75.70901806503537D0,44.98208651501076D0,437.5328557864353D0,    0000033P   2676
-79.79695202750227D0,47.09658331779296D0,437.5332956664837D0,    0000033P   2677
-84.03263257959239D0,49.33431329223943D0,437.5337355465321D0,    0000033P   2678
-88.05286473926105D0,51.4996670147111D0,437.5341754265804D0,     0000033P   2679
-92.15364983467089D0,53.75954385708376D0,437.5346153066287D0,    0000033P   2680
-96.22680815853295D0,56.05591037560279D0,437.535055186677D0,     0000033P   2681
-100.3014851519243D0,58.41373635175217D0,437.5354950667254D0,    0000033P   2682
-104.2813485311892D0,60.77058443935446D0,437.5359349467736D0,    0000033P   2683
-108.3133639630458D0,63.22263686972732D0,437.5363748268218D0,    0000033P   2684
-112.195827933663D0,65.64438922343618D0,437.5368147068704D0,     0000033P   2685
-116.1920925858587D0,68.202759258966D0,437.5372545869186D0,      0000033P   2686
-120.0657874310103D0,70.74665543490639D0,437.5376944669671D0,    0000033P   2687
-123.9831875635598D0,73.3803647975125D0,437.5381343470153D0,     0000033P   2688
-127.868096484606D0,76.05418936806053D0,437.5385742270636D0,     0000033P   2689
-131.6167506737438D0,78.69046175832891D0,437.5390141071119D0,    0000033P   2690
-135.4667671063932D0,81.45524543865251D0,437.5394539871601D0,    0000033P   2691
-139.1653163390139D0,84.16915144201437D0,437.5398938672085D0,    0000033P   2692
-142.9665026770627D0,87.01846965142609D0,437.5403337472569D0,    0000033P   2693
-146.6400532180477D0,89.83507508984133D0,437.5407736273052D0,    0000033P   2694
-150.3146810958792D0,92.71435540153871D0,437.5412135073536D0,    0000033P   2695
-153.999120637813D0,95.66826140303311D0,437.5416533874018D0,     0000033P   2696
-157.5572316259291D0,98.59264158852146D0,437.5420932674502D0,    0000033P   2697
-161.1463440645233D0,101.6244005719608D0,437.5425331474983D0,    0000033P   2698
-164.6793236725129D0,104.7021058636427D0,437.5429730275469D0,    0000033P   2699
-168.1072570274601D0,107.7861885928817D0,437.5434129075951D0,    0000033P   2700
-171.5703870132244D0,111.0146401091064D0,437.5438527876435D0,    0000033P   2701
-174.8753202629731D0,114.2134511497188D0,437.5442926676917D0,    0000033P   2702
-178.2410486418782D0,117.5920742146323D0,437.54473254774D0,      0000033P   2703
-181.4425852488851D0,120.9298975209593D0,437.5451724277884D0,    0000033P   2704
-184.6270986039844D0,124.3759390296897D0,437.5456123078366D0,    0000033P   2705
-187.6839713252588D0,127.8061024756451D0,437.5460521878849D0,    0000033P   2706
-190.8281019464672D0,131.4737231452842D0,437.5464920679332D0,    0000033P   2707
-193.6948628091498D0,134.9517041578681D0,437.5469319479815D0,    0000033P   2708
-196.6673733433955D0,138.7095265870518D0,437.5473718280301D0,    0000033P   2709
-199.4176543608069D0,142.3504265448173D0,437.547811708078D0,     0000033P   2710
-202.1705460029805D0,146.1690048080359D0,437.5482515881267D0,    0000033P   2711
-204.7887030365698D0,149.9931397416378D0,437.5486914681749D0,    0000033P   2712
-207.3851019423305D0,153.997597647899D0,437.5491313482231D0,     0000033P   2713
-209.8119508971556D0,157.9690230954496D0,437.5495712282715D0,    0000033P   2714
-212.1187156827743D0,161.9565156149377D0,437.5500111083198D0,    0000033P   2715
-214.4166952183062D0,166.1756288538679D0,437.5504509883681D0,    0000033P   2716
-216.4902084033034D0,170.2124243041117D0,437.5508908684165D0,    0000033P   2717
-218.5492253697598D0,174.462420850397D0,437.5513307484649D0,     0000033P   2718
-220.4824183756187D0,178.710140420139D0,437.551770628513D0,      0000033P   2719
-222.2932510434467D0,182.9335234589632D0,437.5522105085615D0,    0000033P   2720
-224.094035009771D0,187.4060413482783D0,437.5526503886096D0,     0000033P   2721
-225.6933864762042D0,191.6412753061296D0,437.5530902686581D0,    0000033P   2722
-227.266147020725D0,196.0720070789409D0,437.5535301487063D0,     0000033P   2723
-228.7507889497369D0,200.5493436438078D0,437.5539700287546D0,    0000033P   2724
-230.1145079649077D0,204.9516757319553D0,437.554409908803D0,     0000033P   2725
-231.4135897968759D0,209.4454904839555D0,437.5548497888512D0,    0000033P   2726
-232.6395229847063D0,214.0371552901453D0,437.5552896688997D0,    0000033P   2727
-233.7301852678742D0,218.4631062624654D0,437.5557295489479D0,    0000033P   2728
-234.783589573789D0,223.1367369685436D0,437.5561694289964D0,     0000033P   2729
-235.7070365318673D0,227.6574744055378D0,437.5566093090445D0,    0000033P   2730
-236.5692432873317D0,232.3566227465441D0,437.5570491890929D0,    0000033P   2731
-237.3001854763934D0,236.850893959751D0,437.5574890691411D0,     0000033P   2732
-237.9717841107218D0,241.5366419288495D0,437.5579289491896D0,    0000033P   2733
-238.5439876369939D0,246.136015291804D0,437.5583688292378D0,     0000033P   2734
-239.0416550432247D0,250.7718755785425D0,437.5588087092863D0,    0000033P   2735
-239.4686720533405D0,255.4860433993062D0,437.5592485893345D0,    0000033P   2736
-239.8138350824279D0,260.0777389395177D0,437.5596884693828D0,    0000033P   2737
-240.0985769104998D0,264.765704506008D0,437.5601283494311D0,     0000033P   2738
-240.3152099421171D0,269.3699547413896D0,437.5605682294795D0,    0000033P   2739
-240.4729618183919D0,274.0554165930308D0,437.5610081095277D0,    0000033P   2740
-240.5664730456603D0,278.7845306243005D0,437.561447989576D0,     0000033P   2741
-240.5946400743786D0,283.4363069617979D0,437.5618878696245D0,    0000033P   2742
-240.5564757166839D0,288.1461065226955D0,437.5623277496728D0,    0000033P   2743
-240.4532826602009D0,292.7611162264291D0,437.562767629721D0,     0000033P   2744
-240.2762566226502D0,297.4758907294046D0,437.5632075097693D0,    0000033P   2745
-240.0338752785123D0,302.051126924201D0,437.5636473898177D0,     0000033P   2746
-239.708738748988D0,306.79322347724D0,437.5640872698658D0,       0000033P   2747
-239.3149670217593D0,311.4466360344184D0,437.5645271499143D0,    0000033P   2748
-238.8539394643134D0,316.0533553180177D0,437.5649670299627D0,    0000033P   2749
-238.3164940717665D0,320.7315862058008D0,437.565406910011D0,     0000033P   2750
-237.7226768288348D0,325.2722163818903D0,437.5658467900594D0,    0000033P   2751
-237.0621793767074D0,329.9976843000881D0,437.5661400434249D0,    0000033P   2752
-236.641934707533D0,333.0584307197325D0,437.5662866701076D0,     0000033P   2753
-236.429303445049D0,334.6000000000001D0,477.8813297377457D0,     0000033P   2754
-5.954502603691538D-18,5.299859183067819D0,477.8813168010367D0,  0000033P   2755
-1.429210783823676D0,5.96032774703982D0,477.8812909276186D0,     0000033P   2756
-4.294116877882349D0,7.282333121164656D0,477.8812521174914D0,    0000033P   2757
-8.559590486385988D0,9.243759527508992D0,477.8812133073645D0,    0000033P   2758
-13.02917377043928D0,11.29048384554954D0,477.8811744972376D0,    0000033P   2759
-17.19958151768534D0,13.19090422999186D0,477.8811356871104D0,    0000033P   2760
-21.50016784468281D0,15.14171365265285D0,477.8810968769834D0,    0000033P   2761
-25.98242193072831D0,17.16171690171192D0,477.8810580668565D0,    0000033P   2762
-30.16034000671699D0,19.03788870277441D0,477.8810192567293D0,    0000033P   2763
-34.62304562337712D0,21.03378260977616D0,477.8809804466024D0,    0000033P   2764
-38.82825643360295D0,22.91239839205995D0,477.8809416364753D0,    0000033P   2765
-43.25786223683677D0,24.89205208519758D0,477.8809028263481D0,    0000033P   2766
-47.46373748226218D0,26.77457110216042D0,477.880864016221D0,     0000033P   2767
-51.91060438522342D0,28.77096063948138D0,477.880825206094D0,     0000033P   2768
-56.1433386547645D0,30.68445951565447D0,477.8807863959671D0,     0000033P   2769
-60.56808927368197D0,32.70160477452976D0,477.8807475858401D0,    0000033P   2770
-64.79141518038857D0,34.65241077836778D0,477.8807087757129D0,    0000033P   2771
-69.13453693933892D0,36.6851469134084D0,477.8806699655859D0,     0000033P   2772
-73.37955046372267D0,38.70761296172073D0,477.8806311554588D0,    0000033P   2773
-77.69446487061714D0,40.80083976468485D0,477.8805923453318D0,    0000033P   2774
-81.92966898264791D0,42.89920458453076D0,477.8805535352046D0,    0000033P   2775
-86.1711040918713D0,45.04708679001816D0,477.8805147250777D0,     0000033P   2776
-90.34402717558423D0,47.21302595302676D0,477.8804759149506D0,    0000033P   2777
-94.51727356902801D0,49.43470274076856D0,477.8804371048235D0,    0000033P   2778
-98.76696059959289D0,51.75779472201283D0,477.8803982946964D0,    0000033P   2779
-102.8413615904144D0,54.04350591677031D0,477.8803594845696D0,    0000033P   2780
-106.9895965753913D0,56.43129860396756D0,477.8803206744425D0,    0000033P   2781
-111.0569681066617D0,58.83421848328386D0,477.8802818643152D0,    0000033P   2782
-115.0749336457326D0,61.26841633576241D0,477.8802430541885D0,    0000033P   2783
-119.1417213874244D0,63.79636049551522D0,477.880204244061D0,     0000033P   2784
-123.1079986748481D0,66.32779762752659D0,477.8801654339343D0,    0000033P   2785
-127.1486175185822D0,68.97593924070735D0,477.8801266238072D0,    0000033P   2786
-131.1036816935089D0,71.63932094751661D0,477.88008781368D0,      0000033P   2787
-134.9546987535159D0,74.30153849680711D0,477.8800490035531D0,    0000033P   2788
-138.8998359321948D0,77.10233252570528D0,477.880010193426D0,     0000033P   2789
-142.6415065815389D0,79.82650861863225D0,477.8799713832988D0,    0000033P   2790
-146.5408760563941D0,82.73646049013455D0,477.8799325731716D0,    0000033P   2791
-150.2323922055257D0,85.55996847237087D0,477.8798937630448D0,    0000033P   2792
-153.9684191743685D0,88.48383675468932D0,477.8798549529178D0,    0000033P   2793
-157.6882888696525D0,91.46456336439239D0,477.8798161427907D0,    0000033P   2794
-161.2942695645832D0,94.42871442608642D0,477.8797773326637D0,    0000033P   2795
-164.990835996717D0,97.55786552579144D0,477.8797385225363D0,     0000033P   2796
-168.5468061471639D0,100.6695324253087D0,477.8796997124096D0,    0000033P   2797
-172.0091080312838D0,103.8048098112076D0,477.8796609022825D0,    0000033P   2798
-175.5052436919806D0,107.093885562506D0,477.8796220921556D0,     0000033P   2799
-178.8952422502423D0,110.4150453798154D0,477.8795832820281D0,    0000033P   2800
-182.2128645761205D0,113.7925841499614D0,477.8795444719013D0,    0000033P   2801
-185.4710770048254D0,117.2344957648393D0,477.8795056617743D0,    0000033P   2802
-188.7218003440708D0,120.7984212766215D0,477.8794668516472D0,    0000033P   2803
-191.8040181819596D0,124.3005694866221D0,477.87942804152D0,      0000033P   2804
-194.9018297545311D0,127.9453481471205D0,477.879389231393D0,     0000033P   2805
-197.8864089494217D0,131.5849882734626D0,477.879350421266D0,     0000033P   2806
-200.8779897146762D0,135.3879033154593D0,477.8793116111393D0,    0000033P   2807
-203.6395312077173D0,139.0570411431588D0,477.8792728010117D0,    0000033P   2808
-206.4673638804338D0,143.0013649729618D0,477.879233990885D0,     0000033P   2809
-209.0968310837819D0,146.8752496091944D0,477.879195180758D0,     0000033P   2810
-211.6799610242878D0,150.9066743267D0,477.8791563706307D0,       0000033P   2811
-214.1510046499114D0,155.0158887320545D0,477.879117560504D0,     0000033P   2812
-216.4350125336985D0,159.0437080198319D0,477.879078750377D0,     0000033P   2813
-218.737134967204D0,163.3571238793D0,477.8790399402498D0,        0000033P   2814
-220.8182039298485D0,167.496943415835D0,477.8790011301228D0,     0000033P   2815
-222.8723778331431D0,171.8252438006655D0,477.8789623199957D0,    0000033P   2816
-224.7863944887828D0,176.1009059114989D0,477.8789235098686D0,    0000033P   2817
-226.6345707403807D0,180.4697443820917D0,477.8788846997417D0,    0000033P   2818
-228.4063314224241D0,184.9224817423718D0,477.8788458896146D0,    0000033P   2819
-230.0581465431464D0,189.3399092162631D0,477.8788070794876D0,    0000033P   2820
-231.6264685960802D0,193.8145119480442D0,477.8787682693606D0,    0000033P   2821
-233.1071993786203D0,198.3392257388827D0,477.8787294592335D0,    0000033P   2822
-234.4856293135792D0,202.8686017744619D0,477.8786906491066D0,    0000033P   2823
-235.7658780292531D0,207.4057927200156D0,477.8786518389795D0,    0000033P   2824
-236.9779548781795D0,212.0640755517652D0,477.8786130288526D0,    0000033P   2825
-238.073240373264D0,216.6440551371971D0,477.8785742187253D0,     0000033P   2826
-239.0913834922829D0,221.2975256705302D0,477.8785354085985D0,    0000033P   2827
-240.018142090738D0,225.9564809939692D0,477.8784965984713D0,     0000033P   2828
-240.8667732502548D0,230.6854907138728D0,477.8784577883444D0,    0000033P   2829
-241.6185318673668D0,235.3764240359108D0,477.8784189782173D0,    0000033P   2830
-242.274401084513D0,239.9889579066675D0,477.8783801680903D0,     0000033P   2831
-242.8579808981426D0,244.647929957828D0,477.8783413579633D0,     0000033P   2832
-243.3825747721749D0,249.4953514965113D0,477.8783025478363D0,    0000033P   2833
-243.817462910898D0,254.236109139979D0,477.8782637377093D0,      0000033P   2834
-244.1748933185143D0,258.8942669415377D0,477.8782249275823D0,    0000033P   2835
-244.4684599817919D0,263.6111091317461D0,477.8781861174551D0,    0000033P   2836
-244.6955191685014D0,268.3061966547593D0,477.8781473073282D0,    0000033P   2837
-244.8618902900022D0,273.0897870516749D0,477.8781084972011D0,    0000033P   2838
-244.9632172988731D0,277.9273212603408D0,477.878069687074D0,     0000033P   2839
-244.9974301697448D0,282.6680304492352D0,477.8780308769471D0,    0000033P   2840
-244.9693665311837D0,287.3310117420879D0,477.8779920668202D0,    0000033P   2841
-244.8737164066473D0,292.1244627957512D0,477.8779532566931D0,    0000033P   2842
-244.7153977390309D0,296.7720911890994D0,477.877914446566D0,     0000033P   2843
-244.483215122992D0,301.5424126461804D0,477.8778756364389D0,     0000033P   2844
-244.179634011186D0,306.3100708399553D0,477.877836826312D0,      0000033P   2845
-243.8010176207172D0,311.1027058477586D0,477.877798016185D0,     0000033P   2846
-243.3709575670514D0,315.6949935210657D0,477.8777592060579D0,    0000033P   2847
-242.8583700227733D0,320.4466231731274D0,477.8777203959307D0,    0000033P   2848
-242.2802099543036D0,325.1580305678208D0,477.8776815858039D0,    0000033P   2849
-241.6498198286403D0,329.8327434373237D0,477.8776557123857D0,    0000033P   2850
-241.229217193782D0,333.0165229992874D0,477.8776427756769D0,     0000033P   2851
-241.0189600213369D0,334.6D0,518.3140796697783D0,                0000033P   2852
-8.717290936062912D-18,3.341527869702988D0,518.3139852555803D0,  0000033P   2853
-1.465157912527746D0,3.970916175923062D0,518.3137964271842D0,    0000033P   2854
-4.395216585977017D0,5.228632562270692D0,518.3135131845903D0,    0000033P   2855
-8.796406296218088D0,7.110995330902557D0,518.3132299419963D0,    0000033P   2856
-13.285933899857D0,9.032592265452443D0,518.3129466994026D0,      0000033P   2857
-17.61541900827497D0,10.876200220727D0,518.3126634568084D0,      0000033P   2858
-22.04198188553353D0,12.76158272746368D0,518.3123802142145D0,    0000033P   2859
-26.5238453914662D0,14.66860555362842D0,518.3120969716206D0,     0000033P   2860
-30.95328036373564D0,16.54694615162151D0,518.3118137290267D0,    0000033P   2861
-35.35855354529502D0,18.414655461724D0,518.3115304864328D0,      0000033P   2862
-39.72467395994548D0,20.25560380163023D0,518.3112472438388D0,    0000033P   2863
-44.1865996823645D0,22.13659617304757D0,518.310964001245D0,      0000033P   2864
-48.65662369686746D0,24.00456953249671D0,518.3106807586509D0,    0000033P   2865
-53.05302794897811D0,25.84867280733851D0,518.3103975160572D0,    0000033P   2866
-57.49755780427265D0,27.71841763226D0,518.3101142734632D0,       0000033P   2867
-61.89262389667352D0,29.59543517639272D0,518.3098310308694D0,    0000033P   2868
-66.30787268105169D0,31.51441947080788D0,518.3095477882754D0,    0000033P   2869
-70.71177450579759D0,33.47757863216084D0,518.3092645456815D0,    0000033P   2870
-75.10818246276863D0,35.49656944916227D0,518.3089813030877D0,    0000033P   2871
-79.45015304998451D0,37.54573809028293D0,518.3086980604937D0,    0000033P   2872
-83.73255486422625D0,39.6180012913668D0,518.3084148178997D0,     0000033P   2873
-88.04873036838737D0,41.75180864789063D0,518.3081315753059D0,    0000033P   2874
-92.31191556012527D0,43.90736707947213D0,518.307848332712D0,     0000033P   2875
-96.60440259983631D0,46.11923861318353D0,518.307565090118D0,     0000033P   2876
-100.8703539949163D0,48.37010297844298D0,518.307281847524D0,     0000033P   2877
-105.0832024995653D0,50.64418687349399D0,518.3069986049303D0,    0000033P   2878
-109.3002093221287D0,52.98548626295296D0,518.3067153623364D0,    0000033P   2879
-113.4823271847625D0,55.3725317943756D0,518.3064321197422D0,     0000033P   2880
-117.6082695911856D0,57.80136816590512D0,518.3061488771485D0,    0000033P   2881
-121.6817424844639D0,60.27205798230312D0,518.3058656345544D0,    0000033P   2882
-125.7617227478476D0,62.81990921755114D0,518.3055823919606D0,    0000033P   2883
-129.8841532208053D0,65.47329511911607D0,518.3052991493667D0,    0000033P   2884
-133.8192597234201D0,68.08168346306674D0,518.3050159067727D0,    0000033P   2885
-137.790598631403D0,70.78781289805028D0,518.3047326641788D0,     0000033P   2886
-141.7850974483208D0,73.58986842383726D0,518.3044494215849D0,    0000033P   2887
-145.6577884217215D0,76.38255207519538D0,518.3041661789908D0,    0000033P   2888
-149.5157845858321D0,79.24085333810464D0,518.3038829363968D0,    0000033P   2889
-153.3464771474226D0,82.15457971628125D0,518.3035996938031D0,    0000033P   2890
-157.0893391617078D0,85.07547579367255D0,518.3033164512093D0,    0000033P   2891
-160.879639531525D0,88.10821228740643D0,518.3030332086152D0,     0000033P   2892
-164.5655299008362D0,91.13896660301013D0,518.3027499660212D0,    0000033P   2893
-168.2419237437158D0,94.25197883153129D0,518.3024667234272D0,    0000033P   2894
-171.8458326786658D0,97.40277005823116D0,518.3021834808334D0,    0000033P   2895
-175.3925874515182D0,100.6098584531633D0,518.3019002382396D0,    0000033P   2896
-178.9213466241766D0,103.9196678616742D0,518.3016169956457D0,    0000033P   2897
-182.3664682301348D0,107.2781403815489D0,518.3013337530515D0,    0000033P   2898
-185.7163901032629D0,110.6725525771788D0,518.3010505104577D0,    0000033P   2899
-189.020794345436D0,114.1532266291398D0,518.3007672678639D0,     0000033P   2900
-192.278659501751D0,117.7247496866839D0,518.3004840252698D0,     0000033P   2901
-195.4541945243312D0,121.3523089183475D0,518.3002007826759D0,    0000033P   2902
-198.5300627279667D0,125.0145708778927D0,518.299917540082D0,     0000033P   2903
-201.5264380575908D0,128.7318298818498D0,518.2996342974882D0,    0000033P   2904
-204.5523356105164D0,132.665458150278D0,518.2993510548943D0,     0000033P   2905
-207.271020378152D0,136.3614559264465D0,518.2990678123001D0,     0000033P   2906
-210.1244982277493D0,140.4349245874585D0,518.2987845697064D0,    0000033P   2907
-212.7073382774043D0,144.316435405531D0,518.2985013271125D0,     0000033P   2908
-215.3340055847424D0,148.4830548940035D0,518.2982180845186D0,    0000033P   2909
-217.7721662993218D0,152.5786916691394D0,518.2979348419248D0,    0000033P   2910
-220.1202668176953D0,156.7518672746956D0,518.2976515993306D0,    0000033P   2911
-222.3833475313288D0,161.0159403426152D0,518.2973683567368D0,    0000033P   2912
-224.5361972003629D0,165.3207709886812D0,518.297085114143D0,     0000033P   2913
-226.5892963095607D0,169.6827794670387D0,518.2968018715488D0,    0000033P   2914
-228.4955136562654D0,173.983676418647D0,518.2965186289549D0,     0000033P   2915
-230.3551806883112D0,178.4430904848861D0,518.2962353863609D0,    0000033P   2916
-232.1160375564508D0,182.9457194215928D0,518.2959521437673D0,    0000033P   2917
-233.783799654657D0,187.4960194889409D0,518.295668901173D0,      0000033P   2918
-235.3342338068228D0,192.0166277764357D0,518.2953856585792D0,    0000033P   2919
-236.8021493943099D0,196.6033100655941D0,518.2951024159853D0,    0000033P   2920
-238.1551011336445D0,201.1406027073541D0,518.2948191733915D0,    0000033P   2921
-239.4467222723633D0,205.8159009664226D0,518.2945359307975D0,    0000033P   2922
-240.6253099390715D0,210.4278604701239D0,518.2942526882036D0,    0000033P   2923
-241.7435358507602D0,215.1859029680766D0,518.2939694456095D0,    0000033P   2924
-242.7455918958928D0,219.8457933809184D0,518.2936862030157D0,    0000033P   2925
-243.66395686127D0,224.5209063433514D0,518.2934029604218D0,      0000033P   2926
-244.5167525502621D0,229.3231075640805D0,518.2931197178278D0,    0000033P   2927
-245.2723067300001D0,234.0672645832013D0,518.292836475234D0,     0000033P   2928
-245.9374559198089D0,238.758712022077D0,518.2925532326399D0,     0000033P   2929
-246.5313198755644D0,243.502455987731D0,518.2922699900463D0,     0000033P   2930
-247.0626850657041D0,248.4066340697324D0,518.2919867474521D0,    0000033P   2931
-247.5012669425485D0,253.1661034246899D0,518.2917035048583D0,    0000033P   2932
-247.865414200002D0,257.8930557632019D0,518.2914202622644D0,     0000033P   2933
-248.1629277465466D0,262.6680388862903D0,518.2911370196704D0,    0000033P   2934
-248.3941110695931D0,267.5339507063824D0,518.2908537770763D0,    0000033P   2935
-248.5530286575182D0,272.2659102151916D0,518.2905705344826D0,    0000033P   2936
-248.6509605471088D0,277.1840325595724D0,518.2902872918886D0,    0000033P   2937
-248.6801020587145D0,281.9537475649207D0,518.2900040492948D0,    0000033P   2938
-248.6489185918522D0,286.68896585278D0,518.2897208067008D0,      0000033P   2939
-248.5512373927121D0,291.5761168596193D0,518.289437564107D0,     0000033P   2940
-248.3968559428613D0,296.2609065831337D0,518.289154321513D0,     0000033P   2941
-248.1696095323028D0,301.1763001980406D0,518.288871078919D0,     0000033P   2942
-247.8871918665405D0,305.8864789941487D0,518.2885878363253D0,    0000033P   2943
-247.5290470142248D0,310.7516817254059D0,518.2883045937315D0,    0000033P   2944
-247.1201182142515D0,315.4415255757521D0,518.2880213511376D0,    0000033P   2945
-246.6345928267125D0,320.2582804248704D0,518.2877381085436D0,    0000033P   2946
-246.0881057242351D0,325.0413673008089D0,518.2874548659499D0,    0000033P   2947
-245.4783137817372D0,329.7997592452059D0,518.2872660375538D0,    0000033P   2948
-245.0738523851813D0,333.0024570675698D0,518.2871716233559D0,    0000033P   2949
-244.8713561368015D0,334.6000000000001D0,558.6802749343216D0,    0000033P   2950
1.591902780712908D-18,2.130719911721846D0,558.6803253716489D0,   0000033P   2951
-1.496567182189814D0,2.727485082983742D0,558.6804262463033D0,    0000033P   2952
-4.478609644174408D0,3.916178351105194D0,558.6805775582855D0,    0000033P   2953
-9.018741756735794D0,5.726523445796305D0,558.6807288702672D0,    0000033P   2954
-13.4734524124657D0,7.502667324361307D0,558.6808801822496D0,     0000033P   2955
-17.98310962510002D0,9.305472761706195D0,558.6810314942312D0,    0000033P   2956
-22.52196076879869D0,11.12299320247925D0,558.6811828062133D0,    0000033P   2957
-26.97282313387352D0,12.90949379243091D0,558.6813341181951D0,    0000033P   2958
-31.62105758709193D0,14.77887858998276D0,558.6814854301774D0,    0000033P   2959
-35.9650657764541D0,16.52370065575136D0,558.6816367421593D0,     0000033P   2960
-40.50903789541645D0,18.34535240212172D0,558.6817880541412D0,    0000033P   2961
-44.9602073370656D0,20.12110277590529D0,558.6819393661235D0,     0000033P   2962
-49.66727501467278D0,21.98691261842872D0,558.6820906781052D0,    0000033P   2963
-53.98682700953053D0,23.69176169338649D0,558.6822419900874D0,    0000033P   2964
-58.62524675230226D0,25.53705000742813D0,558.6823933020694D0,    0000033P   2965
-62.99390012011256D0,27.2996710510072D0,558.6825446140515D0,     0000033P   2966
-67.53662915460973D0,29.17465967845057D0,558.6826959260334D0,    0000033P   2967
-72.01290135070902D0,31.08242763807247D0,558.6828472380154D0,    0000033P   2968
-76.5150898268933D0,33.07174787018582D0,558.6829985499975D0,     0000033P   2969
-80.89455107470229D0,35.06940392763798D0,558.6831498619795D0,    0000033P   2970
-85.21440261127498D0,37.0937971303473D0,558.6833011739615D0,     0000033P   2971
-89.62425532919042D0,39.21151297719698D0,558.6834524859434D0,    0000033P   2972
-93.95350813786219D0,41.3352077798945D0,558.6836037979255D0,     0000033P   2973
-98.34917351983293D0,43.53174070419139D0,558.6837551099075D0,    0000033P   2974
-102.6063319041501D0,45.70565720171718D0,558.6839064218893D0,    0000033P   2975
-106.9483732686157D0,47.98052195291901D0,558.6840577338716D0,    0000033P   2976
-111.2090495057635D0,50.2775371037122D0,558.6842090458537D0,     0000033P   2977
-115.4872050025502D0,52.65733060631875D0,558.6843603578354D0,    0000033P   2978
-119.6963699656768D0,55.0802573968369D0,558.6845116698173D0,     0000033P   2979
-123.7716207958988D0,57.5036501089817D0,558.6846629817993D0,     0000033P   2980
-127.9549121966344D0,60.07153835417053D0,558.6848142937813D0,    0000033P   2981
-132.109665243781D0,62.70608689612222D0,558.6849656057633D0,     0000033P   2982
-136.0510762084928D0,65.2820192087601D0,558.6851169177455D0,     0000033P   2983
-140.1254222952799D0,68.02533145961648D0,558.6852682297273D0,    0000033P   2984
-144.113567827636D0,70.79300451821651D0,558.6854195417093D0,     0000033P   2985
-148.1358833078358D0,73.66978531139375D0,558.6855708536913D0,    0000033P   2986
-151.9392462166421D0,76.46865360482423D0,558.6857221656732D0,    0000033P   2987
-155.8906479648838D0,79.45948476014169D0,558.6858734776553D0,    0000033P   2988
-159.6580076043989D0,82.39141233796676D0,558.6860247896376D0,    0000033P   2989
-163.4836286431573D0,85.44690303215511D0,558.6861761016193D0,    0000033P   2990
-167.2584292571322D0,88.54900766226139D0,558.6863274136014D0,    0000033P   2991
-170.8896455592579D0,91.62082058317317D0,558.6864787255832D0,    0000033P   2992
-174.5498447162185D0,94.81283208097564D0,558.6866300375654D0,    0000033P   2993
-178.172605427666D0,98.07871422457117D0,558.6867813495476D0,     0000033P   2994
-181.7265248484151D0,101.3960599800723D0,558.6869326615295D0,    0000033P   2995
-185.210084275205D0,104.7701013554349D0,558.6870839735113D0,     0000033P   2996
-188.6130568459108D0,108.1972511677867D0,558.6872352854934D0,    0000033P   2997
-191.9483407957791D0,111.6982417341399D0,558.6873865974754D0,    0000033P   2998
-195.1981761388648D0,115.2601042877097D0,558.6875379094574D0,    0000033P   2999
-198.4374443919607D0,118.978005767088D0,558.6876892214395D0,     0000033P   3000
-201.524978656733D0,122.6998689577117D0,558.6878405334217D0,     0000033P   3001
-204.4874375754577D0,126.4446052846657D0,558.6879918454038D0,    0000033P   3002
-207.5284296625868D0,130.4864312434687D0,558.6881431573854D0,    0000033P   3003
-210.2293461102057D0,134.2511619706455D0,558.6882944693675D0,    0000033P   3004
-213.0588396770842D0,138.3875137376627D0,558.6884457813497D0,    0000033P   3005
-215.614868845743D0,142.3093134211563D0,558.688597093332D0,      0000033P   3006
-218.2661284565045D0,146.5796613578823D0,558.688748405314D0,     0000033P   3007
-220.6657641821359D0,150.647047406298D0,558.6888997172962D0,     0000033P   3008
-223.0816565166443D0,154.9628141048322D0,558.6890510292778D0,    0000033P   3009
-225.3058624704242D0,159.1663281637363D0,558.6892023412601D0,    0000033P   3010
-227.5185407419795D0,163.598538465531D0,558.6893536532422D0,     0000033P   3011
-229.5783031669826D0,167.9953838214786D0,558.6895049652241D0,    0000033P   3012
-231.487389271933D0,172.3353095396662D0,558.6896562772062D0,     0000033P   3013
-233.3448262611736D0,176.8460890504188D0,558.689807589188D0,     0000033P   3014
-235.100851573164D0,181.4087363088906D0,558.6899589011704D0,     0000033P   3015
-236.7595618503457D0,186.0225742472581D0,558.690110213152D0,     0000033P   3016
-238.3040847138091D0,190.6239999962682D0,558.6902615251343D0,    0000033P   3017
-239.7472740332789D0,195.2357800287696D0,558.6904128371162D0,    0000033P   3018
-241.0776792486268D0,199.7928882157163D0,558.6905641490985D0,    0000033P   3019
-242.3715829100497D0,204.5684721177928D0,558.6907154610802D0,    0000033P   3020
-243.5244299385896D0,209.1626732651411D0,558.6908667730625D0,    0000033P   3021
-244.6507200270042D0,214.0300349811776D0,558.6910180850443D0,    0000033P   3022
-245.6468392243866D0,218.7317360215819D0,558.6911693970264D0,    0000033P   3023
-246.5552402226451D0,223.4106070649272D0,558.6913207090084D0,    0000033P   3024
-247.4071588410061D0,228.2449307738966D0,558.6914720209907D0,    0000033P   3025
-248.1653151319059D0,233.0210893409262D0,558.6916233329728D0,    0000033P   3026
-248.846916628121D0,237.8218199037867D0,558.6917746449545D0,     0000033P   3027
-249.450878363816D0,242.6298339950324D0,558.6919259569371D0,     0000033P   3028
-249.9872566991308D0,247.5394593357296D0,558.6920772689188D0,    0000033P   3029
-250.4321064380181D0,252.3046491514586D0,558.6922285809009D0,    0000033P   3030
-250.8067880372297D0,257.1038647248131D0,558.6923798928831D0,    0000033P   3031
-251.1117745059697D0,261.9549476705157D0,558.6925312048651D0,    0000033P   3032
-251.346347500321D0,266.9430708600398D0,558.6926825168471D0,     0000033P   3033
-251.4981910325386D0,271.621534093816D0,558.6928338288294D0,     0000033P   3034
-251.5908976186748D0,276.562315980065D0,558.6929851408114D0,     0000033P   3035
-251.6145897094343D0,281.3754214463197D0,558.6931364527936D0,    0000033P   3036
-251.5772055137959D0,286.2182914195062D0,558.6932877647755D0,    0000033P   3037
-251.4773919532166D0,291.107859065955D0,558.6934390767578D0,     0000033P   3038
-251.3216276349053D0,295.9140713464724D0,558.69359038874D0,      0000033P   3039
-251.1014961766248D0,300.876204585429D0,558.6937417007218D0,     0000033P   3040
-250.8378925612079D0,305.5536184923558D0,558.6938930127042D0,    0000033P   3041
-250.5025752068424D0,310.4556475619997D0,558.6940443246863D0,    0000033P   3042
-250.113625557486D0,315.254321116509D0,558.6941956366683D0,      0000033P   3043
-249.6559213552293D0,320.1355145239655D0,558.6943469486504D0,    0000033P   3044
-249.1489159587085D0,324.9250941736755D0,558.6944982606326D0,    0000033P   3045
-248.5601379109954D0,329.809547659296D0,558.6945991352872D0,     0000033P   3046
-248.1768555885911D0,332.9974862158264D0,558.6946495726147D0,    0000033P   3047
-247.9840549430557D0,334.6D0,599.1344160266001D0,                0000033P   3048
2.329133539524101D-18,1.299073008065227D0,599.134308715831D0,    0000033P   3049
-1.520012983351434D0,1.874307385082322D0,599.1340940942929D0,    0000033P   3050
-4.553306927327075D0,3.022658129335388D0,599.1337721619858D0,    0000033P   3051
-9.14131941219906D0,4.764576596549508D0,599.1334502296784D0,     0000033P   3052
-13.6492353483786D0,6.475313455603215D0,599.1331282973719D0,     0000033P   3053
-18.22619323077709D0,8.218891343451546D0,599.1328063650644D0,    0000033P   3054
-22.85195079995971D0,9.982246710822469D0,599.1324844327575D0,    0000033P   3055
-27.34114726741895D0,11.69547524682568D0,599.1321625004501D0,    0000033P   3056
-32.02301545058259D0,13.48841528962385D0,599.1318405681435D0,    0000033P   3057
-36.47574650158538D0,15.19187517854672D0,599.1315186358362D0,    0000033P   3058
-41.08561543227699D0,16.9614923321403D0,599.131196703529D0,      0000033P   3059
-45.62349478910802D0,18.70183600056644D0,599.1308747712222D0,    0000033P   3060
-50.27381224844586D0,20.49092516523473D0,599.1305528389148D0,    0000033P   3061
-54.69541730057738D0,22.19227680258591D0,599.1302309066078D0,    0000033P   3062
-59.35888170348203D0,24.00325193981549D0,599.1299089743008D0,    0000033P   3063
-63.84513273134868D0,25.76308805265655D0,599.1295870419937D0,    0000033P   3064
-68.37458865036325D0,27.56906496994264D0,599.1292651096863D0,    0000033P   3065
-72.93974195033624D0,29.42383582475918D0,599.1289431773793D0,    0000033P   3066
-77.44683440267062D0,31.29821958515839D0,599.1286212450721D0,    0000033P   3067
-81.9499578098047D0,33.2164600784858D0,599.128299312765D0,       0000033P   3068
-86.38763928818571D0,35.15949102268868D0,599.1279773804579D0,    0000033P   3069
-90.86043917385818D0,37.18165865628217D0,599.1276554481506D0,    0000033P   3070
-95.26983832601351D0,39.24157739496335D0,599.1273335158435D0,    0000033P   3071
-99.69023588202882D0,41.38349618935513D0,599.1270115835363D0,    0000033P   3072
-104.0483420260222D0,43.56961111615261D0,599.126689651229D0,     0000033P   3073
-108.3631483976255D0,45.8098338857906D0,599.1263677189221D0,     0000033P   3074
-112.7167667780705D0,48.14414174477062D0,599.1260457866151D0,    0000033P   3075
-116.9747371110136D0,50.50082236774075D0,599.1257238543077D0,    0000033P   3076
-121.2453327013511D0,52.93455034124312D0,599.1254019220005D0,    0000033P   3077
-125.37626663577D0,55.35726509574652D0,599.1250799896933D0,      0000033P   3078
-129.6213015387082D0,57.92374999686663D0,599.1247580573862D0,    0000033P   3079
-133.7509961033883D0,60.50060495345248D0,599.1244361250788D0,    0000033P   3080
-137.8410027235391D0,63.13347784574957D0,599.1241141927721D0,    0000033P   3081
-141.9661215080683D0,65.88275648083733D0,599.1237922604646D0,    0000033P   3082
-145.8824012529043D0,68.57956287732007D0,599.1234703281575D0,    0000033P   3083
-150.0041664044894D0,71.51369887566318D0,599.1231483958504D0,    0000033P   3084
-153.8655022349437D0,74.34946901985239D0,599.1228264635432D0,    0000033P   3085
-157.7802367370051D0,77.30838816095636D0,599.122504531236D0,     0000033P   3086
-161.6618281934899D0,80.32675836074583D0,599.122182598929D0,     0000033P   3087
-165.4179704751767D0,83.32161896081539D0,599.1218606666217D0,    0000033P   3088
-169.2679220480041D0,86.47796561547335D0,599.1215387343146D0,    0000033P   3089
-172.9312526501638D0,89.57169338992381D0,599.1212168020074D0,    0000033P   3090
-176.6397168354106D0,92.80408097447268D0,599.1208948697004D0,    0000033P   3091
-180.2719136162998D0,96.08237468721019D0,599.1205729373933D0,    0000033P   3092
-183.8366070351435D0,99.42073767448294D0,599.120251005086D0,     0000033P   3093
-187.3552760262542D0,102.851755469045D0,599.119929072779D0,      0000033P   3094
-190.7727696870921D0,106.3255206891036D0,599.1196071404718D0,    0000033P   3095
-194.1189527084657D0,109.8751866591721D0,599.1192852081645D0,    0000033P   3096
-197.389416075926D0,113.5028762045205D0,599.1189632758575D0,     0000033P   3097
-200.5658306657552D0,117.1880773200733D0,599.1186413435504D0,    0000033P   3098
-203.7079360613781D0,121.0135610821446D0,599.1183194112434D0,    0000033P   3099
-206.6509332264298D0,124.7695289412338D0,599.1179974789363D0,    0000033P   3100
-209.6535853860713D0,128.789509708476D0,599.1176755466291D0,     0000033P   3101
-212.4407967739225D0,132.7080591318148D0,599.1173536143219D0,    0000033P   3102
-215.1964427810028D0,136.7718065519176D0,599.1170316820148D0,    0000033P   3103
-217.8229984497066D0,140.8411600941384D0,599.1167097497078D0,    0000033P   3104
-220.4045769460809D0,145.0448036511237D0,599.1163878174007D0,    0000033P   3105
-222.8312721775344D0,149.2054898259144D0,599.1160658850935D0,    0000033P   3106
-225.2359919957339D0,153.5539227889345D0,599.1157439527865D0,    0000033P   3107
-227.4647359365741D0,157.8176007950985D0,599.1154220204793D0,    0000033P   3108
-229.6495730658825D0,162.2405454373721D0,599.1151000881723D0,    0000033P   3109
-231.7277956723461D0,166.7190164664506D0,599.1147781558651D0,    0000033P   3110
-233.6498107360832D0,171.128311036606D0,599.1144562235581D0,     0000033P   3111
-235.5034876057951D0,175.6670021819505D0,599.1141342912511D0,    0000033P   3112
-237.248844332896D0,180.2406060793104D0,599.113812358944D0,      0000033P   3113
-238.8850810329627D0,184.828882855651D0,599.1134904266369D0,     0000033P   3114
-240.4610872686963D0,189.5786336193936D0,599.1131684943298D0,    0000033P   3115
-241.864723094004D0,194.1274898849063D0,599.1128465620226D0,     0000033P   3116
-243.2185456547531D0,198.8469299037086D0,599.1125246297156D0,    0000033P   3117
-244.4666026152374D0,203.5531250750354D0,599.1122026974084D0,    0000033P   3118
-245.6288041535374D0,208.299141845612D0,599.1118807651013D0,     0000033P   3119
-246.7153308005687D0,213.1148753123406D0,599.1115588327943D0,    0000033P   3120
-247.7067628017305D0,217.9026546437127D0,599.1112369004871D0,    0000033P   3121
-248.6138165241508D0,222.6822112342558D0,599.1109149681799D0,    0000033P   3122
-249.4372229653303D0,227.4236348874769D0,599.1105930358729D0,    0000033P   3123
-250.2126592760741D0,232.3324427352904D0,599.110271103566D0,     0000033P   3124
-250.9002306970418D0,237.1517038498382D0,599.1099491712587D0,    0000033P   3125
-251.515117696048D0,241.9581350888113D0,599.1096272389517D0,     0000033P   3126
-252.073185085426D0,246.9251041442847D0,599.1093053066445D0,     0000033P   3127
-252.5337087769219D0,251.6780133145871D0,599.1089833743373D0,    0000033P   3128
-252.932184790936D0,256.5542408964577D0,599.1086614420303D0,     0000033P   3129
-253.2566492509867D0,261.4882650388731D0,599.1083395097232D0,    0000033P   3130
-253.4995284260126D0,266.4221007921697D0,599.108017577416D0,     0000033P   3131
-253.6611599889854D0,271.1925509585759D0,599.107695645109D0,     0000033P   3132
-253.7562519977573D0,276.068205165186D0,599.1073737128021D0,     0000033P   3133
-253.7849098518832D0,281.0132275107094D0,599.1070517804949D0,    0000033P   3134
-253.7484405436032D0,285.9160107499675D0,599.1067298481877D0,    0000033P   3135
-253.6559284098719D0,290.710312777878D0,599.1064079158806D0,     0000033P   3136
-253.5029769780344D0,295.7024006020956D0,599.1060859835737D0,    0000033P   3137
-253.2996594366088D0,300.5649740048442D0,599.1057640512664D0,    0000033P   3138
-253.0506924300092D0,305.3417091697687D0,599.1054421189593D0,    0000033P   3139
-252.7377335336621D0,310.2757480716279D0,599.1051201866524D0,    0000033P   3140
-252.3763848490681D0,315.0943756485891D0,599.1047982543452D0,    0000033P   3141
-251.9459512613225D0,320.0470206796768D0,599.1044763220382D0,    0000033P   3142
-251.4781997466243D0,324.8117990331743D0,599.1041543897312D0,    0000033P   3143
-250.9208615944707D0,329.7731807248164D0,599.1039397681931D0,    0000033P   3144
-250.5524656690287D0,332.9829011177923D0,599.103832457424D0,     0000033P   3145
-250.3678992661597D0,334.6000000000001D0,639.4449085433178D0,    0000033P   3146
-4.235037874115108D-19,0.7142742870807027D0,639.4449425615679D0, 0000033P   3147
-1.532274835933471D0,1.277186191663264D0,639.4450105980683D0,    0000033P   3148
-4.591887274026719D0,2.402216081051415D0,639.4451126528184D0,    0000033P   3149
-9.208610030847485D0,4.101438283754823D0,639.4452147075685D0,    0000033P   3150
-13.78864629541594D0,5.787286200861594D0,639.4453167623195D0,    0000033P   3151
-18.38235234518585D0,7.474953944706654D0,639.4454188170697D0,    0000033P   3152
-23.05559399823977D0,9.188212516435932D0,639.4455208718204D0,    0000033P   3153
-27.61003853030158D0,10.85237407121567D0,639.4456229265705D0,    0000033P   3154
-32.25807621883229D0,12.54807591097861D0,639.4457249813213D0,    0000033P   3155
-36.85535398929598D0,14.22994608502062D0,639.4458270360716D0,    0000033P   3156
-41.48980986417488D0,15.93291500269728D0,639.4459290908219D0,    0000033P   3157
-46.11333086539189D0,17.64561133621147D0,639.4460311455724D0,    0000033P   3158
-50.65037882417876D0,19.3438735237768D0,639.4461332003228D0,     0000033P   3159
-55.23581941732063D0,21.08179243493272D0,639.4462352550733D0,    0000033P   3160
-59.84963677040556D0,22.84732613551392D0,639.4463373098237D0,    0000033P   3161
-64.46142757895248D0,24.63026551492116D0,639.4464393645743D0,    0000033P   3162
-68.951966732168D0,26.38068376172323D0,639.4465414193245D0,      0000033P   3163
-73.59775322117272D0,28.20472615423918D0,639.446643474075D0,     0000033P   3164
-78.07494170947463D0,29.97665775165284D0,639.4467455288252D0,    0000033P   3165
-82.67138589134855D0,31.83043010654014D0,639.4468475835757D0,    0000033P   3166
-87.23943119655371D0,33.72521752552954D0,639.4469496383262D0,    0000033P   3167
-91.73107448214486D0,35.65646780880876D0,639.4470516930765D0,    0000033P   3168
-96.21447554247618D0,37.67204244613117D0,639.4471537478269D0,    0000033P   3169
-100.6190919659627D0,39.75686317441213D0,639.4472558025773D0,    0000033P   3170
-105.0861209316695D0,41.97369769424791D0,639.4473578573275D0,    0000033P   3171
-109.3498771220628D0,44.17692084245878D0,639.4474599120781D0,    0000033P   3172
-113.7819360438758D0,46.55059749444101D0,639.4475619668286D0,    0000033P   3173
-118.0006430670598D0,48.88224847645564D0,639.4476640215789D0,    0000033P   3174
-122.3020927600477D0,51.31992901028635D0,639.4477660763295D0,    0000033P   3175
-126.5155689151441D0,53.77143482167101D0,639.4478681310795D0,    0000033P   3176
-130.7684166278596D0,56.31921306605824D0,639.4479701858303D0,    0000033P   3177
-134.8845550926191D0,58.86267515234006D0,639.4480722405805D0,    0000033P   3178
-139.1232529444674D0,61.57158338998188D0,639.4481742953312D0,    0000033P   3179
-143.2364368019819D0,64.30099278292029D0,639.4482763500814D0,    0000033P   3180
-147.1375037932567D0,66.98267450684088D0,639.4483784048317D0,    0000033P   3181
-151.2469662374702D0,69.90676626478981D0,639.4484804595825D0,    0000033P   3182
-155.210749020234D0,72.82361654612905D0,639.448582514333D0,      0000033P   3183
-159.0494058840881D0,75.73159145683201D0,639.4486845690833D0,    0000033P   3184
-163.0348083586926D0,78.83827480647241D0,639.4487866238336D0,    0000033P   3185
-166.73004925125D0,81.79169348589178D0,639.4488886785842D0,      0000033P   3186
-170.5979028155517D0,84.96780286633877D0,639.4489907333347D0,    0000033P   3187
-174.3139882907672D0,88.11489740141836D0,639.4490927880852D0,    0000033P   3188
-178.0378077391636D0,91.3743166263486D0,639.4491948428356D0,     0000033P   3189
-181.6587013632865D0,94.66111921426783D0,639.4492968975858D0,    0000033P   3190
-185.2302371194829D0,98.03148773930583D0,639.4493989523361D0,    0000033P   3191
-188.7686847628995D0,101.5167663675191D0,639.4495010070868D0,    0000033P   3192
-192.1776786506607D0,105.0213436701257D0,639.4496030618373D0,    0000033P   3193
-195.5414831864359D0,108.6300566139549D0,639.4497051165874D0,    0000033P   3194
-198.8245266918879D0,112.3120684237384D0,639.4498071713382D0,    0000033P   3195
-201.9325629279348D0,115.950534277102D0,639.4499092260884D0,     0000033P   3196
-205.1124615886026D0,119.8431663152719D0,639.450011280839D0,     0000033P   3197
-208.0734542091833D0,123.63849720846D0,639.4501133355893D0,      0000033P   3198
-211.011543224896D0,127.5794406729788D0,639.4502153903399D0,     0000033P   3199
-213.9030085946973D0,131.6567868937441D0,639.4503174450899D0,    0000033P   3200
-216.5778740996363D0,135.6192414202237D0,639.4504194998405D0,    0000033P   3201
-219.2801509299524D0,139.8336691570914D0,639.450521554591D0,     0000033P   3202
-221.782248516344D0,143.9540192116421D0,639.4506236093413D0,     0000033P   3203
-224.2374218797719D0,148.219887293877D0,639.4507256640916D0,     0000033P   3204
-226.6100841881901D0,152.5821025575995D0,639.4508277188425D0,    0000033P   3205
-228.8410518947076D0,156.9213653743313D0,639.4509297735924D0,    0000033P   3206
-230.9745581454118D0,161.3102333280679D0,639.4510318283431D0,    0000033P   3207
-233.0523460628422D0,165.8449257479963D0,639.4511338830932D0,    0000033P   3208
-234.982680544598D0,170.3207553211883D0,639.4512359378439D0,     0000033P   3209
-236.83113572899D0,174.8799429859136D0,639.4513379925945D0,      0000033P   3210
-238.568046695139D0,179.4554647821446D0,639.4514400473446D0,     0000033P   3211
-240.1897479262659D0,184.0169933766696D0,639.4515421020954D0,    0000033P   3212
-241.785637148288D0,188.8432518823172D0,639.4516441568457D0,     0000033P   3213
-243.1831952581529D0,193.3923297662506D0,639.4517462115957D0,    0000033P   3214
-244.5560225253505D0,198.2097705363996D0,639.4518482663464D0,    0000033P   3215
-245.7777371860817D0,202.8586580324545D0,639.4519503210968D0,    0000033P   3216
-246.9626412033151D0,207.7467397653463D0,639.4520523758471D0,    0000033P   3217
-248.0142790751742D0,212.4633951615904D0,639.4521544305979D0,    0000033P   3218
-249.0152958747365D0,217.3346900992435D0,639.4522564853482D0,    0000033P   3219
-249.9309369914379D0,222.2020391618323D0,639.4523585400987D0,    0000033P   3220
-250.7391062854525D0,226.8759641636318D0,639.4524605948487D0,    0000033P   3221
-251.5318564036D0,231.8907052968986D0,639.4525626495994D0,       0000033P   3222
-252.219878566696D0,236.6900457791633D0,639.4526647043499D0,     0000033P   3223
-252.8415252805345D0,241.4898883056846D0,639.4527667591001D0,    0000033P   3224
-253.4140848645909D0,246.503895196024D0,639.4528688138507D0,     0000033P   3225
-253.8852339512386D0,251.2634640177851D0,639.4529708686011D0,    0000033P   3226
-254.2991054374319D0,256.1935161813666D0,639.4530729233517D0,    0000033P   3227
-254.6360076529395D0,261.1567991839705D0,639.4531749781021D0,    0000033P   3228
-254.8891599186686D0,266.0499938970012D0,639.4532770328525D0,    0000033P   3229
-255.064877953875D0,270.8961116614319D0,639.4533790876026D0,     0000033P   3230
-255.1719780852274D0,275.7608744566181D0,639.4534811423536D0,    0000033P   3231
-255.2143888264877D0,280.7717883788457D0,639.4535831971036D0,    0000033P   3232
-255.1907746976824D0,285.7223327156194D0,639.4536852518542D0,    0000033P   3233
-255.1150314166838D0,290.4359583153956D0,639.4537873066042D0,    0000033P   3234
-254.9753346130254D0,295.5424197478275D0,639.4538893613549D0,    0000033P   3235
-254.7928373842414D0,300.3259995788477D0,639.4539914161054D0,    0000033P   3236
-254.5571213251126D0,305.2176713413855D0,639.4540934708555D0,    0000033P   3237
-254.2634545560143D0,310.1611987288194D0,639.4541955256062D0,    0000033P   3238
-253.9235704483091D0,314.9899293833062D0,639.4542975803568D0,    0000033P   3239
-253.5126957415092D0,319.9906076041211D0,639.4543996351068D0,    0000033P   3240
-253.0689290539211D0,324.7509585304332D0,639.4545016898574D0,    0000033P   3241
-252.538474033956D0,329.7331562350896D0,639.4545697263577D0,     0000033P   3242
-252.1750492865388D0,332.9707249829784D0,639.4546037446078D0,    0000033P   3243
-251.9945788123176D0,334.6000000000001D0,679.7724888997049D0,    0000033P   3244
-6.192935809405627D-19,0.235975398413275D0,679.7724597194215D0,  0000033P   3245
-1.530220788033586D0,0.7938641466710362D0,679.7724013588551D0,   0000033P   3246
-4.567337110451608D0,1.900951154101236D0,679.7723138180049D0,    0000033P   3247
-9.265095305218301D0,3.605067463624224D0,679.7722262771548D0,    0000033P   3248
-13.86761431951569D0,5.26715840340721D0,679.7721387363052D0,     0000033P   3249
-18.48960944602647D0,6.923762793544165D0,679.7720511954551D0,    0000033P   3250
-23.1572150865075D0,8.581386012728091D0,679.7719636546053D0,     0000033P   3251
-27.76171626335382D0,10.19767994177581D0,679.7718761137554D0,    0000033P   3252
-32.42550082203289D0,11.82166544140257D0,679.7717885729055D0,    0000033P   3253
-37.07008861545079D0,13.44035823911973D0,679.7717010320558D0,    0000033P   3254
-41.75815982631092D0,15.08005303051834D0,679.7716134912059D0,    0000033P   3255
-46.36859468562234D0,16.7112163682985D0,679.7715259503559D0,     0000033P   3256
-50.97140001600489D0,18.3645029686845D0,679.771438409506D0,      0000033P   3257
-55.66625118452675D0,20.08403607448492D0,679.7713508686561D0,    0000033P   3258
-60.24938981727819D0,21.7917610140876D0,679.7712633278062D0,     0000033P   3259
-64.85978502987693D0,23.53860055299538D0,679.7711757869565D0,    0000033P   3260
-69.40005301252209D0,25.28500848134355D0,679.7710882461064D0,    0000033P   3261
-74.09382818071116D0,27.12024109522476D0,679.7710007052565D0,    0000033P   3262
-78.57196172909471D0,28.89906195518736D0,679.7709131644066D0,    0000033P   3263
-83.11601079600973D0,30.74573438202323D0,679.7708256235569D0,    0000033P   3264
-87.75979799546798D0,32.69136705577403D0,679.7707380827068D0,    0000033P   3265
-92.21310536552096D0,34.61967911307216D0,679.770650541857D0,     0000033P   3266
-96.74444803521811D0,36.66121829938088D0,679.7705630010071D0,    0000033P   3267
-101.1305459384299D0,38.72294809691779D0,679.7704754601572D0,    0000033P   3268
-105.6136164992118D0,40.91896684627423D0,679.7703879193074D0,    0000033P   3269
-109.934141159489D0,43.11566492580681D0,679.7703003784574D0,     0000033P   3270
-114.3670286334681D0,45.45200224566204D0,679.7702128376077D0,    0000033P   3271
-118.6238206283581D0,47.77057843105401D0,679.7701252967577D0,    0000033P   3272
-122.916998413099D0,50.18208054327196D0,679.7700377559082D0,     0000033P   3273
-127.2130706048491D0,52.67483143009601D0,679.769950215058D0,     0000033P   3274
-131.4077453387045D0,55.19080998284652D0,679.7698626742083D0,    0000033P   3275
-135.5901281746326D0,57.78778680455734D0,679.7697751333586D0,    0000033P   3276
-139.836731224797D0,60.52218008440813D0,679.7696875925087D0,     0000033P   3277
-143.8650887067954D0,63.21136174402646D0,679.7696000516588D0,    0000033P   3278
-147.9286065964935D0,66.02503796751013D0,679.7695125108089D0,    0000033P   3279
-151.8532911777252D0,68.83164448465095D0,679.7694249699594D0,    0000033P   3280
-155.8963692815099D0,71.82203177310379D0,679.7693374291094D0,    0000033P   3281
-159.7366425551536D0,74.74941039282336D0,679.7692498882595D0,    0000033P   3282
-163.7162418488221D0,77.87351160667866D0,679.7691623474095D0,    0000033P   3283
-167.4715443841203D0,80.90641908268937D0,679.76907480656D0,      0000033P   3284
-171.2571276035016D0,84.05081721799385D0,679.7689872657099D0,    0000033P   3285
-174.9903754268232D0,87.25135020773386D0,679.7688997248602D0,    0000033P   3286
-178.6720845973485D0,90.51222718950038D0,679.7688121840104D0,    0000033P   3287
-182.306481990245D0,93.84591404684289D0,679.7687246431603D0,     0000033P   3288
-185.8913227646929D0,97.25689452620641D0,679.7686371023104D0,    0000033P   3289
-189.4223895733758D0,100.7501068197637D0,679.7685495614609D0,    0000033P   3290
-192.8153205239964D0,104.2404240585768D0,679.768462020611D0,     0000033P   3291
-196.2299738411371D0,107.9008484443711D0,679.7683744797607D0,    0000033P   3292
-199.481151822758D0,111.5395416427384D0,679.7682869389113D0,     0000033P   3293
-202.6353423105917D0,115.2254920022579D0,679.7681993980613D0,    0000033P   3294
-205.7771338302471D0,119.0692446589548D0,679.7681118572112D0,    0000033P   3295
-208.8162867958646D0,122.9761662108175D0,679.7680243163613D0,    0000033P   3296
-211.6905634214076D0,126.8533465530351D0,679.7679367755117D0,    0000033P   3297
-214.6188843027376D0,131.0153139513166D0,679.7678492346615D0,    0000033P   3298
-217.2485050799855D0,134.9537962125982D0,679.7677616938117D0,    0000033P   3299
-219.940338310497D0,139.2022432992288D0,679.7676741529618D0,     0000033P   3300
-222.436882073109D0,143.3754137364828D0,679.7675866121119D0,     0000033P   3301
-224.8582865030274D0,147.6497056962547D0,679.7674990712619D0,    0000033P   3302
-227.2356709730811D0,152.0973801043176D0,679.7674115304121D0,    0000033P   3303
-229.4211498566317D0,156.423269390719D0,679.767323989562D0,      0000033P   3304
-231.5435279036011D0,160.8643799192624D0,679.7672364487122D0,    0000033P   3305
-233.5715762604479D0,165.3585057934589D0,679.7671489078623D0,    0000033P   3306
-235.491077434274D0,169.8653208715494D0,679.7670613670124D0,     0000033P   3307
-237.3328977926134D0,174.4536564958175D0,679.7669738261626D0,    0000033P   3308
-239.0715465300455D0,179.0619039278507D0,679.7668862853126D0,    0000033P   3309
-240.7077797420418D0,183.6827973824431D0,679.7667987444629D0,    0000033P   3310
-242.2633823168975D0,188.3759435735567D0,679.7667112036129D0,    0000033P   3311
-243.7361310746953D0,193.1382831879768D0,679.766623662763D0,     0000033P   3312
-245.0735788459294D0,197.784568669076D0,679.7665361219131D0,     0000033P   3313
-246.3554544029062D0,202.568580657786D0,679.7664485810634D0,     0000033P   3314
-247.5547962258791D0,207.4113460946902D0,679.7663610402132D0,    0000033P   3315
-248.6286365782606D0,212.0942135026402D0,679.7662734993636D0,    0000033P   3316
-249.666385909078D0,217.0002213901502D0,679.7661859585136D0,     0000033P   3317
-250.6018202671038D0,221.8337440372272D0,679.7660984176637D0,    0000033P   3318
-251.4485432039463D0,226.6147425586889D0,679.7660108768137D0,    0000033P   3319
-252.2441228487945D0,231.5826513428978D0,679.7659233359638D0,    0000033P   3320
-252.9320124091821D0,236.3757304361725D0,679.7658357951141D0,    0000033P   3321
-253.5513120980776D0,241.2244652855633D0,679.7657482542641D0,    0000033P   3322
-254.1075102066493D0,246.2136594784577D0,679.7656607134143D0,    0000033P   3323
-254.5699129841473D0,251.0355121771969D0,679.7655731725643D0,    0000033P   3324
-254.9693286915192D0,255.9687419533122D0,679.7654856317146D0,    0000033P   3325
-255.292759453105D0,260.8478620128552D0,679.7653980908644D0,     0000033P   3326
-255.555221681038D0,265.9027703294472D0,679.7653105500145D0,     0000033P   3327
-255.7368482235297D0,270.647892113753D0,679.7652230091649D0,     0000033P   3328
-255.8675476139472D0,275.6968301688277D0,679.7651354683148D0,    0000033P   3329
-255.9308599439907D0,280.5546452888136D0,679.7650479274649D0,    0000033P   3330
-255.9367945384443D0,285.5763467710651D0,679.7649603866149D0,    0000033P   3331
-255.8873022695312D0,290.3351949701151D0,679.7648728457651D0,    0000033P   3332
-255.7774730228651D0,295.3501471961563D0,679.7647853049151D0,    0000033P   3333
-255.614162631151D0,300.24078975722D0,679.7646977640654D0,       0000033P   3334
-255.393101458025D0,305.1476258333233D0,679.764610223215D0,      0000033P   3335
-255.1131190039514D0,310.0607249545585D0,679.7645226823656D0,    0000033P   3336
-254.7749579571833D0,314.9682950139396D0,679.7644351415157D0,    0000033P   3337
-254.368877226565D0,319.9636402007661D0,679.7643476006658D0,     0000033P   3338
-253.9189894221997D0,324.7912134216801D0,679.7642600598158D0,    0000033P   3339
-253.3960446275978D0,329.7315270102533D0,679.7642016992493D0,    0000033P   3340
-253.0241197374606D0,332.9728358800302D0,679.7641725189659D0,    0000033P   3341
-252.8409693735244D0,334.6D0,719.9424075471127D0,                0000033P   3342
1.131988954711224D-19,-0.04657087945265826D0,                    0000033P   3343
719.9424002335899D0,-1.534880404442824D0,0.4941920294130469D0,   0000033P   3344
719.9423856065448D0,-4.568901575768602D0,1.563099157836831D0,    0000033P   3345
719.9423636659766D0,-9.335429380539205D0,3.237429385550958D0,    0000033P   3346
719.9423417254084D0,-13.91947788588629D0,4.840820282472213D0,    0000033P   3347
719.9423197848403D0,-18.59543597887069D0,6.467377161129936D0,    0000033P   3348
719.9422978442721D0,-23.22004414514948D0,8.062945718365512D0,    0000033P   3349
719.9422759037039D0,-27.87947513952707D0,9.654205153433747D0,    0000033P   3350
719.942253963136D0,-32.55709406766704D0,11.242122288452D0,       0000033P   3351
719.9422320225676D0,-37.18389625394071D0,12.81243059100217D0,    0000033P   3352
719.942210082D0,-41.90626152890303D0,14.42426382962392D0,        0000033P   3353
719.9421881414319D0,-46.49555790241976D0,16.00709898519098D0,    0000033P   3354
719.9421662008637D0,-51.15742847018392D0,17.64157442387263D0,    0000033P   3355
719.9421442602953D0,-55.93013769697288D0,19.34742056355844D0,    0000033P   3356
719.9421223197273D0,-60.46139677488452D0,21.00241990489576D0,    0000033P   3357
719.9421003791592D0,-65.06167979072845D0,22.72080935875681D0,    0000033P   3358
719.9420784385914D0,-69.65102602619271D0,24.47928964619645D0,    0000033P   3359
719.942056498023D0,-74.33305991308984D0,26.32502530997939D0,     0000033P   3360
719.9420345574548D0,-78.83997353879161D0,28.15632454559216D0,    0000033P   3361
719.9420126168869D0,-83.30392523109123D0,30.02394151305821D0,    0000033P   3362
719.9419906763191D0,-87.94827365631173D0,32.0284026015298D0,     0000033P   3363
719.9419687357506D0,-92.38170109810027D0,34.00212497860395D0,    0000033P   3364
719.9419467951827D0,-96.90294566024619D0,36.07679453097389D0,    0000033P   3365
719.9419248546147D0,-101.2967841338132D0,38.15426770154247D0,    0000033P   3366
719.9419029140463D0,-105.7444321821191D0,40.32339745234163D0,    0000033P   3367
719.9418809734785D0,-110.1317962160278D0,42.53529946575745D0,    0000033P   3368
719.9418590329101D0,-114.5119630450716D0,44.82048743341903D0,    0000033P   3369
719.9418370923422D0,-118.8372406364428D0,47.15987616528209D0,    0000033P   3370
719.9418151517738D0,-123.0955802589214D0,49.55067988660814D0,    0000033P   3371
719.941793211206D0,-127.4252686625827D0,52.07820041743437D0,     0000033P   3372
719.9417712706377D0,-131.563646550094D0,54.58776331481647D0,     0000033P   3373
719.9417493300696D0,-135.7911220047361D0,57.24861126916733D0,    0000033P   3374
719.9417273895019D0,-139.9768542009876D0,59.98635644788558D0,    0000033P   3375
719.9417054489337D0,-143.9378762780189D0,62.66815131345685D0,    0000033P   3376
719.9416835083657D0,-148.1324678742095D0,65.61014519164208D0,    0000033P   3377
719.9416615677975D0,-151.9188636953124D0,68.35303933643122D0,    0000033P   3378
719.9416396272295D0,-155.9516365094538D0,71.3658358050337D0,     0000033P   3379
719.9416176866613D0,-159.8254814577141D0,74.35137393606618D0,    0000033P   3380
719.9415957460932D0,-163.7426645961523D0,77.4611070288195D0,     0000033P   3381
719.9415738055253D0,-167.5737342633163D0,80.59447977890345D0,    0000033P   3382
719.9415518649573D0,-171.2701759210132D0,83.70841561130179D0,    0000033P   3383
719.9415299243891D0,-174.9956738659929D0,86.94580539664695D0,    0000033P   3384
719.9415079838211D0,-178.6340328564917D0,90.21183791412538D0,    0000033P   3385
719.941486043253D0,-182.2758478324911D0,93.59271662541549D0,     0000033P   3386
719.941464102685D0,-185.851407131729D0,97.03112862757295D0,      0000033P   3387
719.9414421621169D0,-189.346142919796D0,100.5158676059972D0,     0000033P   3388
719.9414202215489D0,-192.713799183807D0,103.9991138184305D0,     0000033P   3389
719.9413982809809D0,-196.1460807872683D0,107.6954374911202D0,    0000033P   3390
719.9413763404124D0,-199.3494252445585D0,111.2925920671971D0,    0000033P   3391
719.9413543998448D0,-202.5652305160303D0,115.0646707354223D0,    0000033P   3392
719.9413324592766D0,-205.6410643132211D0,118.8443589723655D0,    0000033P   3393
719.9413105187085D0,-208.728171159601D0,122.8338966582033D0,     0000033P   3394
719.9412885781404D0,-211.5708111196598D0,126.6951792219095D0,    0000033P   3395
719.9412666375725D0,-214.4924169522339D0,130.8763354567005D0,    0000033P   3396
719.9412446970043D0,-217.1163307655554D0,134.8373555238646D0,    0000033P   3397
719.9412227564363D0,-219.7660857327458D0,139.0515942176819D0,    0000033P   3398
719.9412008158683D0,-222.2867292457102D0,143.2967747134011D0,    0000033P   3399
719.9411788753002D0,-224.6755198925859D0,147.5506286602967D0,    0000033P   3400
719.9411569347324D0,-227.0564177623636D0,152.0437521068594D0,    0000033P   3401
719.9411349941639D0,-229.2121123521923D0,156.3511084447694D0,    0000033P   3402
719.9411130535959D0,-231.3363179816227D0,160.8365898136684D0,    0000033P   3403
719.9410911130278D0,-233.3189915602488D0,165.2694315301571D0,    0000033P   3404
719.9410691724598D0,-235.235655855274D0,169.800382194696D0,      0000033P   3405
719.9410472318916D0,-237.0738700443239D0,174.4050134525132D0,    0000033P   3406
719.9410252913237D0,-238.8132333498047D0,179.0247436241971D0,    0000033P   3407
719.9410033507556D0,-240.4709293531569D0,183.7068375008418D0,    0000033P   3408
719.9409814101877D0,-241.9918511789346D0,188.2677611268565D0,    0000033P   3409
719.9409594696195D0,-243.5279393311526D0,193.1879656302832D0,    0000033P   3410
719.9409375290517D0,-244.8414861699133D0,197.6812225253104D0,    0000033P   3411
719.9409155884835D0,-246.18190017854D0,202.5775319273917D0,      0000033P   3412
719.9408936479156D0,-247.3938891432694D0,207.3480023796683D0,    0000033P   3413
719.9408717073471D0,-248.5022598124835D0,212.0377058430935D0,    0000033P   3414
719.9408497667795D0,-249.5699866325575D0,216.9381959126632D0,    0000033P   3415
719.9408278262113D0,-250.5214282643918D0,221.7057428574788D0,    0000033P   3416
719.9408058856432D0,-251.4098595109685D0,226.5991673632348D0,    0000033P   3417
719.9407839450753D0,-252.2052933128071D0,231.4798377760596D0,    0000033P   3418
719.9407620045071D0,-252.9000397227061D0,236.2783817260594D0,    0000033P   3419
719.9407400639393D0,-253.5236639008379D0,241.1746808659306D0,    0000033P   3420
719.9407181233714D0,-254.0689192265667D0,246.1118414080653D0,    0000033P   3421
719.9406961828033D0,-254.5314903647109D0,250.9942034753221D0,    0000033P   3422
719.9406742422353D0,-254.9235065754066D0,255.9018466697391D0,    0000033P   3423
719.9406523016675D0,-255.2442439805801D0,260.7307574605459D0,    0000033P   3424
719.9406303610992D0,-255.5178380857786D0,265.8800960715799D0,    0000033P   3425
719.9406084205313D0,-255.7105271526573D0,270.5554240840305D0,    0000033P   3426
719.9405864799637D0,-255.8631556453463D0,275.7354502529623D0,    0000033P   3427
719.9405645393952D0,-255.9459262439789D0,280.4583564856651D0,    0000033P   3428
719.9405425988273D0,-255.9774818129527D0,285.4966109611518D0,    0000033P   3429
719.9405206582592D0,-255.9485832322122D0,290.3682538700381D0,    0000033P   3430
719.9404987176916D0,-255.8643334842574D0,295.2341232013831D0,    0000033P   3431
719.9404767771231D0,-255.7155667814509D0,300.2402383657828D0,    0000033P   3432
719.9404548365553D0,-255.5077985830604D0,305.1441632593497D0,    0000033P   3433
719.9404328959869D0,-255.2409407596077D0,310.0210751391244D0,    0000033P   3434
719.9404109554193D0,-254.9050968494022D0,315.0033517751975D0,    0000033P   3435
719.9403890148514D0,-254.5093866197006D0,319.9419771471057D0,    0000033P   3436
719.9403670742837D0,-254.0552118602762D0,324.8497792852232D0,    0000033P   3437
719.9403451337154D0,-253.542754835647D0,329.7418811010783D0,     0000033P   3438
719.94033050667D0,-253.1667209927954D0,332.9786518739678D0,      0000033P   3439
719.9403231931474D0,-252.9820234163746D0,334.6D0,                0000033P   3440
760.0895907240235D0,1.629159015307815D-19,                       0000033P   3441
-0.04838986428709943D0,760.0896487581813D0,-1.567077622369995D0, 0000033P   3442
0.4439041538115575D0,760.0897648264971D0,-4.684909855044844D0,   0000033P   3443
1.428957772024917D0,760.0899389289701D0,-9.444179471583317D0,    0000033P   3444
2.957334579767664D0,760.0901130314431D0,-13.97736585961314D0,    0000033P   3445
4.43125104069048D0,760.0902871339166D0,-18.74707131671555D0,     0000033P   3446
6.005121256240254D0,760.0904612363898D0,-23.30681408169798D0,    0000033P   3447
7.531198499365944D0,760.0906353388629D0,-28.04605010624132D0,    0000033P   3448
9.141613079014274D0,760.0908094413363D0,-32.68463647270178D0,    0000033P   3449
10.73903161132258D0,760.0909835438093D0,-37.26036378325002D0,    0000033P   3450
12.3314471041199D0,760.091157646283D0,-41.94992787847447D0,      0000033P   3451
13.98247174058263D0,760.0913317487559D0,-46.59974060182107D0,    0000033P   3452
15.63627386128133D0,760.0915058512295D0,-51.13026320371029D0,    0000033P   3453
17.25856301933719D0,760.0916799537022D0,-55.97215302491478D0,    0000033P   3454
19.01446492141564D0,760.0918540561758D0,-60.39041424949172D0,    0000033P   3455
20.63897162852109D0,760.092028158649D0,-65.08887772570499D0,     0000033P   3456
22.40269007782881D0,760.0922022611223D0,-69.63836462921472D0,    0000033P   3457
24.154258871361D0,760.0923763635954D0,-74.22210723361185D0,      0000033P   3458
25.96768291222497D0,760.0925504660685D0,-78.78269638260093D0,    0000033P   3459
27.83406877347705D0,760.0927245685419D0,-83.25547072701647D0,    0000033P   3460
29.72170523826235D0,760.0928986710152D0,-87.80488843696537D0,    0000033P   3461
31.70296176741756D0,760.0930727734883D0,-92.31169127450961D0,    0000033P   3462
33.7313226072375D0,760.0932468759617D0,-96.73313587757689D0,     0000033P   3463
35.78388556876539D0,760.093420978435D0,-101.18966916747D0,       0000033P   3464
37.92075624949343D0,760.093595080908D0,-105.5913605793084D0,     0000033P   3465
40.10188937944327D0,760.0937691833815D0,-109.9590222116044D0,    0000033P   3466
42.34211759585654D0,760.0939432858547D0,-114.2566194371589D0,    0000033P   3467
44.62451208095533D0,760.0941173883279D0,-118.6344561457364D0,    0000033P   3468
47.04037447855957D0,760.094291490801D0,-122.8437325621221D0,     0000033P   3469
49.45118065384097D0,760.0944655932743D0,-127.1096270424809D0,    0000033P   3470
51.98838285630385D0,760.0946396957477D0,-131.2605967020583D0,    0000033P   3471
54.55499780711712D0,760.0948137982207D0,-135.412189952157D0,     0000033P   3472
57.21447977030662D0,760.094987900694D0,-139.5394359672972D0,     0000033P   3473
59.96163138038051D0,760.0951620031675D0,-143.5398800603816D0,    0000033P   3474
62.72153200271574D0,760.0953361056405D0,-147.6275795874695D0,    0000033P   3475
65.63925784737748D0,760.0955102081138D0,-151.5385259813545D0,    0000033P   3476
68.53163203031298D0,760.095684310587D0,-155.4056265415592D0,     0000033P   3477
71.47268571467365D0,760.0958584130602D0,-159.2997680234057D0,    0000033P   3478
74.52402103321158D0,760.0960325155336D0,-163.1502487059224D0,    0000033P   3479
77.62633101679575D0,760.0962066180068D0,-166.9687639490547D0,    0000033P   3480
80.78247655953365D0,760.0963807204798D0,-170.6613059283339D0,    0000033P   3481
83.91933768436573D0,760.0965548229534D0,-174.3646976889505D0,    0000033P   3482
87.16065728046607D0,760.0967289254264D0,-178.0139972519032D0,    0000033P   3483
90.46456209419469D0,760.0969030278998D0,-181.6265667897755D0,    0000033P   3484
93.85540907006821D0,760.097077130373D0,-185.14147226694D0,       0000033P   3485
97.28661489203735D0,760.0972512328463D0,-188.5690574535107D0,    0000033P   3486
100.7761114511249D0,760.0974253353191D0,-191.900514780311D0,     0000033P   3487
104.3112189384076D0,760.0975994377926D0,-195.251474926913D0,     0000033P   3488
108.01937678703D0,760.0977735402657D0,-198.419074195226D0,       0000033P   3489
111.6751146152012D0,760.0979476427391D0,-201.6140119505523D0,    0000033P   3490
115.5171805767225D0,760.098121745212D0,-204.6434296650349D0,     0000033P   3491
119.3173180608059D0,760.0982958476855D0,-207.6589519092887D0,    0000033P   3492
123.2605806136569D0,760.0984699501584D0,-210.5331143052594D0,    0000033P   3493
127.1860426987487D0,760.0986440526319D0,-213.4280249974543D0,    0000033P   3494
131.3297424093701D0,760.0988181551049D0,-216.0896697114105D0,    0000033P   3495
135.329359098704D0,760.0989922575782D0,-218.7195906253658D0,     0000033P   3496
139.4835453365162D0,760.0991663600516D0,-221.2501827135863D0,    0000033P   3497
143.7043755450083D0,760.0993404625245D0,-223.6701794233027D0,    0000033P   3498
147.9761426113008D0,760.099514564998D0,-226.0157652907835D0,     0000033P   3499
152.3643104707626D0,760.0996886674709D0,-228.220056413496D0,     0000033P   3500
156.7309198037914D0,760.0998627699444D0,-230.3320481781263D0,    0000033P   3501
161.1598005351387D0,760.1000368724176D0,-232.3267017217796D0,    0000033P   3502
165.5858245868547D0,760.1002109748907D0,-234.2753757464038D0,    0000033P   3503
170.1625754085137D0,760.1003850773635D0,-236.1173819713093D0,    0000033P   3504
174.7494411505704D0,760.1005591798372D0,-237.8453281405701D0,    0000033P   3505
179.3079510767173D0,760.1007332823103D0,-239.5095404081563D0,    0000033P   3506
183.9698367056051D0,760.1009073847832D0,-241.0663925884388D0,    0000033P   3507
188.607500696158D0,760.1010814872566D0,-242.5619453696203D0,     0000033P   3508
193.3649131185711D0,760.1012555897298D0,-243.9281874698016D0,    0000033P   3509
198.0072809827069D0,760.1014296922032D0,-245.2384169761359D0,    0000033P   3510
202.7802969369623D0,760.1016037946761D0,-246.467693821662D0,     0000033P   3511
207.6101476897159D0,760.1017778971493D0,-247.5786757272917D0,    0000033P   3512
212.3229036063538D0,760.1019519996224D0,-248.6361328115156D0,    0000033P   3513
217.1861729666783D0,760.1021261020959D0,-249.5849851743725D0,    0000033P   3514
221.9440409577146D0,760.1023002045689D0,-250.4682453907268D0,    0000033P   3515
226.7880420129926D0,760.1024743070421D0,-251.2719390105644D0,    0000033P   3516
231.6521232277245D0,760.1026484095155D0,-251.9880278588272D0,    0000033P   3517
236.4659766362214D0,760.1028225119884D0,-252.6382613590145D0,    0000033P   3518
241.3524276920029D0,760.1029966144617D0,-253.2138545412397D0,    0000033P   3519
246.2544198783875D0,760.103170716935D0,-253.7134926511755D0,     0000033P   3520
251.1388856909959D0,760.1033448194082D0,-254.1416652572186D0,    0000033P   3521
256.0138192127452D0,760.1035189218812D0,-254.5067794556604D0,    0000033P   3522
260.9722462471914D0,760.1036930243545D0,-254.7960992870407D0,    0000033P   3523
265.8821118827523D0,760.1038671268278D0,-255.0182164626058D0,    0000033P   3524
270.7244574351357D0,760.1040412293008D0,-255.1780218586924D0,    0000033P   3525
275.7372288186978D0,760.104215331774D0,-255.2703411695204D0,     0000033P   3526
280.5778744643532D0,760.104389434247D0,-255.303233083057D0,      0000033P   3527
285.500965357317D0,760.1045635367201D0,-255.2743285284929D0,     0000033P   3528
290.4955199797141D0,760.1047376391936D0,-255.1907365768671D0,    0000033P   3529
295.3012189063456D0,760.1049117416662D0,-255.0489197139752D0,    0000033P   3530
300.2556777481871D0,760.1050858441397D0,-254.8503672173841D0,    0000033P   3531
305.2195342440683D0,760.1052599466125D0,-254.6010944045929D0,    0000033P   3532
310.0882466048141D0,760.1054340490863D0,-254.2882861633081D0,    0000033P   3533
315.0691908748644D0,760.1056081515591D0,-253.9286722042739D0,    0000033P   3534
319.9015738170803D0,760.1057822540324D0,-253.5036389113387D0,    0000033P   3535
324.8447929114278D0,760.1059563565052D0,-253.026787882086D0,     0000033P   3536
329.738062824303D0,760.106072424821D0,-252.6686962522234D0,      0000033P   3537
332.9777010033072D0,760.1061304589783D0,-252.4914037617332D0,    0000033P   3538
334.6000000000001D0,800.1737415978477D0,-3.185303649640378D-20,  0000033P   3539
0.0224234783728582D0,800.1736912827794D0,-1.589904710374107D0,   0000033P   3540
0.4704202030764799D0,800.173590652643D0,-4.776186221780759D0,    0000033P   3541
1.381361603157348D0,800.173439707438D0,-9.484349767538499D0,     0000033P   3542
2.770741590642947D0,800.1732887622329D0,-14.01814773628883D0,    0000033P   3543
4.154182255225285D0,800.1731378170285D0,-18.80199057067018D0,    0000033P   3544
5.670105750633066D0,800.1729868718237D0,-23.35277370704019D0,    0000033P   3545
7.167523655681719D0,800.1728359266186D0,-28.10783024330879D0,    0000033P   3546
8.795928054082568D0,800.1726849814139D0,-32.68336013578391D0,    0000033P   3547
10.41459796491945D0,800.172534036209D0,-37.23650800417099D0,     0000033P   3548
12.06214037246575D0,800.1723830910045D0,-41.84571619597973D0,    0000033P   3549
13.75780703536229D0,800.1722321457991D0,-46.53532546511941D0,    0000033P   3550
15.5001379978462D0,800.1720812005949D0,-50.94964540566021D0,     0000033P   3551
17.14374961789956D0,800.1719302553894D0,-55.7521354933062D0,     0000033P   3552
18.93863201277086D0,800.171779310185D0,-60.12013594130279D0,     0000033P   3553
20.58659061031158D0,800.1716283649801D0,-64.88597323657004D0,    0000033P   3554
22.41436615148037D0,800.1714774197752D0,-69.34352748131792D0,    0000033P   3555
24.16363825995922D0,800.1713264745703D0,-73.8538639406043D0,     0000033P   3556
25.97949687058021D0,800.1711755293654D0,-78.40793814780085D0,    0000033P   3557
27.87302304532352D0,800.1710245841607D0,-82.90474875509156D0,    0000033P   3558
29.80237189989778D0,800.1708736389556D0,-87.33695004335685D0,    0000033P   3559
31.76525560010624D0,800.1707226937509D0,-91.89582721821695D0,    0000033P   3560
33.85350594684554D0,800.1705717485461D0,-96.21275777659891D0,    0000033P   3561
35.89897385231066D0,800.1704208033412D0,-100.6959793531894D0,    0000033P   3562
38.09841879259096D0,800.1702698581364D0,-105.0430278103453D0,    0000033P   3563
40.31055023479343D0,800.1701189129316D0,-109.3623933730146D0,    0000033P   3564
42.58906506490716D0,800.1699679677271D0,-113.603148450513D0,     0000033P   3565
44.90819752377571D0,800.169817022522D0,-117.9560969670844D0,     0000033P   3566
47.37912784323223D0,800.1696660773171D0,-122.1386251714624D0,    0000033P   3567
49.84248845911677D0,800.1695151321122D0,-126.3082141791438D0,    0000033P   3568
52.38755058249684D0,800.1693641869077D0,-130.4508356900487D0,    0000033P   3569
55.0099738048946D0,800.1692132417026D0,-134.5229459893467D0,     0000033P   3570
57.68080007613114D0,800.1690622964976D0,-138.5742003022448D0,    0000033P   3571
60.43531344014323D0,800.1689113512932D0,-142.6149528916518D0,    0000033P   3572
63.28426447766282D0,800.1687604060879D0,-146.5549163550694D0,    0000033P   3573
66.16237288355717D0,800.1686094608833D0,-150.5739173804178D0,    0000033P   3574
69.19912180005946D0,800.1684585156783D0,-154.2955552009801D0,    0000033P   3575
72.09679498418819D0,800.1683075704736D0,-158.1731979176089D0,    0000033P   3576
75.19828990389019D0,800.1681566252689D0,-161.9482855159165D0,    0000033P   3577
78.29795682463794D0,800.168005680064D0,-165.7118679700441D0,     0000033P   3578
81.4568847591634D0,800.1678547348589D0,-169.4088160624792D0,     0000033P   3579
84.63670232046957D0,800.1677037896546D0,-173.0755265504235D0,    0000033P   3580
87.88432868650362D0,800.1675528444497D0,-176.7177832092448D0,    0000033P   3581
91.2227512773953D0,800.167401899245D0,-180.2830384048079D0,      0000033P   3582
94.62010707988466D0,800.1672509540401D0,-183.7303129114835D0,    0000033P   3583
98.04904215001882D0,800.1671000088355D0,-187.0806487207327D0,    0000033P   3584
101.5426054643598D0,800.1669490636301D0,-190.383231567887D0,     0000033P   3585
105.1474111534521D0,800.1667981184257D0,-193.6349504506235D0,    0000033P   3586
108.8571847083972D0,800.166647173221D0,-196.7567213992847D0,     0000033P   3587
112.5667916327719D0,800.1664962280159D0,-199.9084963151146D0,    0000033P   3588
116.4617330405945D0,800.166345282811D0,-202.8930012478041D0,     0000033P   3589
120.2917018363155D0,800.166194337607D0,-205.8035334417547D0,     0000033P   3590
124.1541958845658D0,800.1660433924014D0,-208.7072606499056D0,    0000033P   3591
128.1514583765409D0,800.1658924471969D0,-211.5512750614048D0,    0000033P   3592
132.2325960085775D0,800.165741501992D0,-214.2523468204655D0,     0000033P   3593
136.2828149846024D0,800.165590556787D0,-216.8651100480755D0,     0000033P   3594
140.3895513755537D0,800.1654396115827D0,-219.3808733210508D0,    0000033P   3595
144.5488253025299D0,800.1652886663775D0,-221.8369160198683D0,    0000033P   3596
148.8439792786181D0,800.165137721173D0,-224.1345428265218D0,     0000033P   3597
153.0931444526003D0,800.1649867759682D0,-226.4037189114164D0,    0000033P   3598
157.5340742897742D0,800.1648358307634D0,-228.4966145092552D0,    0000033P   3599
161.8693004702052D0,800.1646848855586D0,-230.5288448403431D0,    0000033P   3600
166.3167134467799D0,800.1645339403538D0,-232.5081664335513D0,    0000033P   3601
170.9067549542734D0,800.1643829951488D0,-234.3564216376566D0,    0000033P   3602
175.4495519017023D0,800.1642320499445D0,-236.0812214886902D0,    0000033P   3603
179.9386582544556D0,800.1640811047395D0,-237.7501355718837D0,    0000033P   3604
184.5469991194889D0,800.1639301595344D0,-239.3540064458882D0,    0000033P   3605
189.2728162857529D0,800.1637792143298D0,-240.8051484571448D0,    0000033P   3606
193.8361450599042D0,800.1636282691247D0,-242.2283750642102D0,    0000033P   3607
198.6342934518017D0,800.1634773239206D0,-243.5013081596965D0,    0000033P   3608
203.2540560629866D0,800.1633263787152D0,-244.7467043049626D0,    0000033P   3609
208.1410970537287D0,800.1631754335108D0,-245.8558530044463D0,    0000033P   3610
212.8631241300551D0,800.1630244883055D0,-246.8990984506234D0,    0000033P   3611
217.6739002980956D0,800.1628735431012D0,-247.8506167913632D0,    0000033P   3612
222.4465592932793D0,800.1627225978961D0,-248.7225162328627D0,    0000033P   3613
227.1951872734041D0,800.1625716526913D0,-249.5416154642335D0,    0000033P   3614
232.0571287527768D0,800.1624207074871D0,-250.2883572926496D0,    0000033P   3615
236.8996190805033D0,800.1622697622817D0,-250.9674093867226D0,    0000033P   3616
241.727201882856D0,800.1621188170769D0,-251.5840883590174D0,     0000033P   3617
246.5957784571922D0,800.1619678718724D0,-252.1313951574623D0,    0000033P   3618
251.475594581482D0,800.1618169266678D0,-252.6048525543937D0,     0000033P   3619
256.3084366458661D0,800.1616659814627D0,-253.021780340679D0,     0000033P   3620
261.3741371171599D0,800.1615150362579D0,-253.3347685268737D0,    0000033P   3621
266.0322864386094D0,800.1613640910537D0,-253.5922261774914D0,    0000033P   3622
271.0386971323275D0,800.1612131458481D0,-253.7642363176493D0,    0000033P   3623
275.8440537285799D0,800.161062200644D0,-253.8711168425957D0,     0000033P   3624
280.8215173663812D0,800.1609112554388D0,-253.9092026850902D0,    0000033P   3625
285.6347605884423D0,800.1607603102344D0,-253.885426124887D0,     0000033P   3626
290.6814969106437D0,800.1606093650297D0,-253.8042973007463D0,    0000033P   3627
295.5054105808217D0,800.1604584198248D0,-253.6739152746017D0,    0000033P   3628
300.3316071866746D0,800.1603074746201D0,-253.4877179118055D0,    0000033P   3629
305.3428753951382D0,800.1601565294153D0,-253.2567543978686D0,    0000033P   3630
310.2085894997152D0,800.1600055842108D0,-252.9702235576433D0,    0000033P   3631
315.1458566720149D0,800.1598546390059D0,-252.6435708856552D0,    0000033P   3632
319.9013699419209D0,800.1597036938014D0,-252.2500358858961D0,    0000033P   3633
324.833320634365D0,800.1595527485965D0,-251.8042787790356D0,     0000033P   3634
329.7327258437626D0,800.1594521184605D0,-251.4643855120804D0,    0000033P   3635
332.9761583219551D0,800.1594018033919D0,-251.2927750049976D0,    0000033P   3636
334.6D0,840.2430068879768D0,-3.567119556562754D-20,              0000033P   3637
-0.04129804005437721D0,840.2431501858936D0,-1.566548985561218D0, 0000033P   3638
0.4019250713388073D0,840.2434367817275D0,-4.703984904553646D0,   0000033P   3639
1.303665057359371D0,840.2438666754783D0,-9.348931817535323D0,    0000033P   3640
2.683549665177314D0,840.2442965692292D0,-14.0184917719799D0,     0000033P   3641
4.124940898199836D0,840.2447264629802D0,-18.61751511284655D0,    0000033P   3642
5.594890091749576D0,840.2451563567308D0,-23.2928601697111D0,     0000033P   3643
7.152708019069514D0,840.2455862504818D0,-27.91089229665199D0,    0000033P   3644
8.752768482400937D0,840.2460161442326D0,-32.42782326694221D0,    0000033P   3645
10.37081994339103D0,840.2464460379832D0,-37.04844642766628D0,    0000033P   3646
12.06937450507865D0,840.2468759317345D0,-41.54884245275505D0,    0000033P   3647
13.75383466342121D0,840.2473058254849D0,-46.15540722436086D0,    0000033P   3648
15.50107329582944D0,840.2477357192362D0,-50.67330968389091D0,    0000033P   3649
17.22646243625936D0,840.2481656129867D0,-55.22771481344039D0,    0000033P   3650
18.97471065162799D0,840.2485955067377D0,-59.73170029958427D0,    0000033P   3651
20.73190786651152D0,840.2490254004885D0,-64.39538445101766D0,    0000033P   3652
22.58777172595886D0,840.2494552942393D0,-68.74525910676809D0,    0000033P   3653
24.36289123466814D0,840.2498851879901D0,-73.31802908909127D0,    0000033P   3654
26.29334918838343D0,840.2503150817408D0,-77.72028873002435D0,    0000033P   3655
28.21547843680481D0,840.2507449754919D0,-82.18291963858979D0,    0000033P   3656
30.23090233381429D0,840.2511748692426D0,-86.54824642218348D0,    0000033P   3657
32.26678728017694D0,840.2516047629935D0,-91.02365027522245D0,    0000033P   3658
34.41630437785271D0,840.2520346567443D0,-95.31580366473769D0,    0000033P   3659
36.5397309830965D0,840.2524645504951D0,-99.69888003675773D0,     0000033P   3660
38.76468368947261D0,840.252894444246D0,-103.9842584712532D0,     0000033P   3661
41.00709910363054D0,840.2533243379968D0,-108.284209146708D0,     0000033P   3662
43.33079543253977D0,840.2537542317477D0,-112.5491754921826D0,    0000033P   3663
45.71761021670193D0,840.2541841254988D0,-116.7380656467316D0,    0000033P   3664
48.14539774321692D0,840.2546140192492D0,-120.9525397838175D0,    0000033P   3665
50.68593907231752D0,840.2550439130002D0,-125.0576433188454D0,    0000033P   3666
53.26022194217993D0,840.2554738067512D0,-129.0813019635357D0,    0000033P   3667
55.87279747648326D0,840.2559037005017D0,-133.1870762721444D0,    0000033P   3668
58.64540112385001D0,840.2563335942526D0,-137.1247766753007D0,    0000033P   3669
61.3971645334636D0,840.2567634880037D0,-141.1012090784629D0,     0000033P   3670
64.27198470692234D0,840.257193381754D0,-145.0485632312374D0,     0000033P   3671
67.23174607484511D0,840.2576232755054D0,-148.8807935880396D0,    0000033P   3672
70.19041979121991D0,840.2580531692557D0,-152.6519374283196D0,    0000033P   3673
73.19520308184616D0,840.2584830630069D0,-156.4525978290772D0,    0000033P   3674
76.30802392609556D0,840.2589129567579D0,-160.1390098467093D0,    0000033P   3675
79.40769011624647D0,840.2593428505082D0,-163.8507321969647D0,    0000033P   3676
82.60681961982557D0,840.2597727442593D0,-167.4836955079804D0,    0000033P   3677
85.81652393861791D0,840.26020263801D0,-171.0987451761241D0,      0000033P   3678
89.10802489776248D0,840.2606325317612D0,-174.6438028811788D0,    0000033P   3679
92.44170009652073D0,840.2610624255118D0,-178.1619871268991D0,    0000033P   3680
95.87573835941997D0,840.2614923192629D0,-181.5786941063087D0,    0000033P   3681
99.34678346780247D0,840.2619222130134D0,-184.8621132998357D0,    0000033P   3682
102.8298569535122D0,840.2623521067642D0,-188.1612384705833D0,    0000033P   3683
106.4814067444288D0,840.2627820005151D0,-191.3762556445179D0,    0000033P   3684
110.196334536584D0,840.2632118942659D0,-194.4198486843012D0,     0000033P   3685
113.8506933673337D0,840.2636417880168D0,-197.5659021853938D0,    0000033P   3686
117.7804201866224D0,840.2640716817675D0,-200.4888974320952D0,    0000033P   3687
121.5748247058349D0,840.2645015755188D0,-203.3465077057321D0,    0000033P   3688
125.415875519184D0,840.2649314692691D0,-206.2129055215984D0,     0000033P   3689
129.4204847952131D0,840.2653613630199D0,-208.9773759028563D0,    0000033P   3690
133.445208543298D0,840.2657912567711D0,-211.6779475045062D0,     0000033P   3691
137.5541036474141D0,840.2662211505217D0,-214.2566401281773D0,    0000033P   3692
141.6642987601359D0,840.2666510442726D0,-216.722005839941D0,     0000033P   3693
145.7835268310323D0,840.2670809380232D0,-219.1601466349668D0,    0000033P   3694
150.0748371311763D0,840.2675108317741D0,-221.4230570650463D0,    0000033P   3695
154.2665878116581D0,840.2679407255251D0,-223.7115959645539D0,    0000033P   3696
158.7345660254835D0,840.2683706192759D0,-225.7855095122476D0,    0000033P   3697
163.0025116250983D0,840.2688005130267D0,-227.8493327615207D0,    0000033P   3698
167.473499665177D0,840.2692304067775D0,-229.821806661314D0,      0000033P   3699
171.9902340420909D0,840.2696603005284D0,-231.6737746991305D0,    0000033P   3700
176.4702346448954D0,840.2700901942791D0,-233.4239687487078D0,    0000033P   3701
180.9459265289854D0,840.2705200880301D0,-235.1087636615656D0,    0000033P   3702
185.515086294761D0,840.2709499817808D0,-236.7114504170226D0,     0000033P   3703
190.143802150964D0,840.2713798755317D0,-238.2137808585517D0,     0000033P   3704
194.769703999024D0,840.2718097692823D0,-239.6262364853542D0,     0000033P   3705
199.4361347672011D0,840.2722396630335D0,-240.9359106600837D0,    0000033P   3706
204.0772605162103D0,840.272669556784D0,-242.1903953584436D0,     0000033P   3707
208.8859918175649D0,840.2730994505351D0,-243.3205309634253D0,    0000033P   3708
213.5735789718986D0,840.2735293442856D0,-244.3816738252463D0,    0000033P   3709
218.3328415446277D0,840.2739592380366D0,-245.3648133315423D0,    0000033P   3710
223.1131725244366D0,840.2743891317873D0,-246.2595749251838D0,    0000033P   3711
227.8356551781874D0,840.2748190255381D0,-247.0999292230305D0,    0000033P   3712
232.6539762254602D0,840.2752489192891D0,-247.8814630052579D0,    0000033P   3713
237.5419887200541D0,840.2756788130399D0,-248.5714954509263D0,    0000033P   3714
242.2697815394756D0,840.2761087067903D0,-249.2095908720525D0,    0000033P   3715
247.0916127850238D0,840.2765386005418D0,-249.788977262412D0,     0000033P   3716
252.0114544664079D0,840.2769684942922D0,-250.2825482119334D0,    0000033P   3717
256.7904915444458D0,840.2773983880431D0,-250.7192404347654D0,    0000033P   3718
261.7400360079274D0,840.277828281794D0,-251.0671468518557D0,     0000033P   3719
266.4543639292778D0,840.2782581755448D0,-251.3534259069688D0,    0000033P   3720
271.3831870502505D0,840.2786880692955D0,-251.5623213844808D0,    0000033P   3721
276.1978004489934D0,840.2791179630465D0,-251.7035910355231D0,    0000033P   3722
281.0986923299747D0,840.2795478567972D0,-251.7786996957334D0,    0000033P   3723
285.943829827578D0,840.2799777505483D0,-251.7907619961325D0,     0000033P   3724
290.891241124595D0,840.2804076442991D0,-251.7404516748289D0,     0000033P   3725
295.8016106760418D0,840.2808375380498D0,-251.6379667772722D0,    0000033P   3726
300.5126732484357D0,840.2812674318006D0,-251.474392777847D0,     0000033P   3727
305.4837543819532D0,840.2816973255516D0,-251.2586762954446D0,    0000033P   3728
310.3289907374663D0,840.2821272193024D0,-250.9842076228792D0,    0000033P   3729
315.2135857000878D0,840.2825571130533D0,-250.658563904011D0,     0000033P   3730
320.0002426828862D0,840.2829870068041D0,-250.2678850823956D0,    0000033P   3731
324.8721716838566D0,840.2834169005546D0,-249.8191181393966D0,    0000033P   3732
329.7384621578452D0,840.2837034963887D0,-249.475928427748D0,     0000033P   3733
332.9801709136942D0,840.2838467943057D0,-249.2976113153513D0,    0000033P   3734
334.6D0,880.4045475763594D0,1.410310790400823D-20,               0000033P   3735
-0.0428312116854626D0,880.4044525854732D0,-1.527011702353061D0,  0000033P   3736
0.4257905178643013D0,880.4042626037011D0,-4.577649964494951D0,   0000033P   3737
1.373479195071356D0,880.4039776310433D0,-9.144193201217064D0,    0000033P   3738
2.82802517212137D0,880.4036926583854D0,-13.89597372020316D0,     0000033P   3739
4.383055105099483D0,880.4034076857272D0,-18.31483607440084D0,    0000033P   3740
5.867636656131558D0,880.4031227130689D0,-23.05284883282879D0,    0000033P   3741
7.503317830542082D0,880.4028377404111D0,-27.52388038646457D0,    0000033P   3742
9.090724965276717D0,880.4025527677532D0,-31.98906159433607D0,    0000033P   3743
10.71339569440228D0,880.4022677950946D0,-36.63996214488732D0,    0000033P   3744
12.44153928657748D0,880.4019828224372D0,-41.08742348484741D0,    0000033P   3745
14.12511173325595D0,880.4016978497789D0,-45.54816875537675D0,    0000033P   3746
15.84193461148591D0,880.4014128771208D0,-50.18280050966558D0,    0000033P   3747
17.64974624220869D0,880.4011279044629D0,-54.51368015539958D0,    0000033P   3748
19.36497931950384D0,880.4008429318049D0,-59.12169426583014D0,    0000033P   3749
21.2280204439028D0,880.4005579591467D0,-63.61501425478189D0,     0000033P   3750
23.09690460164638D0,880.4002729864886D0,-67.90695926380465D0,    0000033P   3751
24.93434193219938D0,880.3999880138308D0,-72.50240158500358D0,    0000033P   3752
26.97621822563314D0,880.3997030411724D0,-76.75162768189321D0,    0000033P   3753
28.94167476787001D0,880.3994180685147D0,-81.15691544810719D0,    0000033P   3754
31.04838719702572D0,880.3991330958568D0,-85.46155756100967D0,    0000033P   3755
33.17281216168114D0,880.3988481231986D0,-89.80335169671508D0,    0000033P   3756
35.37420788460076D0,880.3985631505406D0,-94.08097695847422D0,    0000033P   3757
37.59391728532084D0,880.3982781778825D0,-98.33911339179471D0,    0000033P   3758
39.84679679322696D0,880.3979932052243D0,-102.5546202500829D0,    0000033P   3759
42.12797636928348D0,880.3977082325664D0,-106.8117609561345D0,    0000033P   3760
44.49570940348101D0,880.3974232599081D0,-111.0828803948487D0,    0000033P   3761
46.95078117988552D0,880.3971382872506D0,-115.1030467775018D0,    0000033P   3762
49.34372072314025D0,880.3968533145919D0,-119.3175944966133D0,    0000033P   3763
51.95318399128111D0,880.3965683419342D0,-123.3597699222446D0,    0000033P   3764
54.56523735866915D0,880.3962833692762D0,-127.2784998118621D0,    0000033P   3765
57.1913782603967D0,880.3959983966178D0,-131.3736749674633D0,     0000033P   3766
60.0429063188976D0,880.3957134239602D0,-135.2045735350374D0,     0000033P   3767
62.80685700107963D0,880.395428451302D0,-139.0964249314199D0,     0000033P   3768
65.70646458347933D0,880.3951434786434D0,-143.0276655202882D0,    0000033P   3769
68.73597139874109D0,880.3948585059861D0,-146.640404390097D0,     0000033P   3770
71.60470246910167D0,880.3945735333275D0,-150.4756048357454D0,    0000033P   3771
74.73883699191551D0,880.3942885606698D0,-154.1691289337081D0,    0000033P   3772
77.85085469488988D0,880.3940035880117D0,-157.7743192063883D0,    0000033P   3773
80.97222182254221D0,880.3937186153532D0,-161.4067358535265D0,    0000033P   3774
84.20485421499937D0,880.3934336426958D0,-164.9573845887109D0,    0000033P   3775
87.45107047565286D0,880.3931486700371D0,-168.4974857462653D0,    0000033P   3776
90.78509701257488D0,880.3928636973798D0,-171.9252800039185D0,    0000033P   3777
94.11489908525111D0,880.3925787247212D0,-175.3721983459368D0,    0000033P   3778
97.57487432626125D0,880.3922937520633D0,-178.7658066985516D0,    0000033P   3779
101.1051724852619D0,880.3920087794048D0,-181.9760533832058D0,    0000033P   3780
104.5696270010415D0,880.3917238067471D0,-185.262280216951D0,     0000033P   3781
108.2522472348127D0,880.3914388340889D0,-188.4358112761134D0,    0000033P   3782
111.9538282131833D0,880.3911538614307D0,-191.4153072333817D0,    0000033P   3783
115.5598611038371D0,880.3908688887731D0,-194.5225825637481D0,    0000033P   3784
119.4725739464835D0,880.3905839161148D0,-197.3867065228584D0,    0000033P   3785
123.228769737798D0,880.390298943457D0,-200.2201161511286D0,      0000033P   3786
127.0923496341787D0,880.3900139707986D0,-203.0058216942036D0,    0000033P   3787
131.0553402684938D0,880.3897289981403D0,-205.698998641363D0,     0000033P   3788
135.0532485284114D0,880.3894440254829D0,-208.3641293039688D0,    0000033P   3789
139.1895063821529D0,880.3891590528247D0,-210.8937181005386D0,    0000033P   3790
143.3001033172136D0,880.3888740801665D0,-213.3075570827275D0,    0000033P   3791
147.4013541414373D0,880.3885891075083D0,-215.7020926686904D0,    0000033P   3792
151.6649821524001D0,880.3883041348501D0,-217.9384744359568D0,    0000033P   3793
155.8352408934526D0,880.3880191621926D0,-220.2070787758763D0,    0000033P   3794
160.2713092585185D0,880.3877341895341D0,-222.2726316755823D0,    0000033P   3795
164.5094513614337D0,880.3874492168761D0,-224.3432122940464D0,    0000033P   3796
168.9650666224234D0,880.3871642442181D0,-226.3035027109125D0,    0000033P   3797
173.4062562258167D0,880.3868792715601D0,-228.1546145516081D0,    0000033P   3798
177.8212235350594D0,880.3865942989016D0,-229.9299755469498D0,    0000033P   3799
182.2876840847679D0,880.386309326244D0,-231.6344121799034D0,     0000033P   3800
186.8290357259909D0,880.3860243535859D0,-233.2182826360065D0,    0000033P   3801
191.3004815655667D0,880.3857393809279D0,-234.7886742335273D0,    0000033P   3802
196.0261254169067D0,880.3854544082697D0,-236.1850786193715D0,    0000033P   3803
200.5138190095165D0,880.3851694356116D0,-237.5470591657303D0,    0000033P   3804
205.1944533603305D0,880.3848844629536D0,-238.8130442536061D0,    0000033P   3805
209.8823474708955D0,880.3845994902956D0,-239.9740681946295D0,    0000033P   3806
214.5127740686303D0,880.3843145176376D0,-241.0725414050277D0,    0000033P   3807
219.2401308059195D0,880.3840295449793D0,-242.0893367388306D0,    0000033P   3808
223.9751044196366D0,880.3837445723215D0,-243.0260198812849D0,    0000033P   3809
228.7083312261626D0,880.3834595996634D0,-243.8925342811909D0,    0000033P   3810
233.4660061077855D0,880.383174627005D0,-244.7051292641147D0,     0000033P   3811
238.3482351876531D0,880.3828896543475D0,-245.4111044526308D0,    0000033P   3812
243.0025377155752D0,880.3826046816888D0,-246.0669114900601D0,    0000033P   3813
247.7643746174374D0,880.3823197090316D0,-246.6716677040934D0,    0000033P   3814
252.6879578533244D0,880.3820347363728D0,-247.1844024460285D0,    0000033P   3815
257.4278387990468D0,880.3817497637153D0,-247.6351125040972D0,    0000033P   3816
262.2042324745551D0,880.3814647910572D0,-248.0223509249006D0,    0000033P   3817
267.0530514830776D0,880.3811798183987D0,-248.3367606703262D0,    0000033P   3818
271.8277566863079D0,880.3808948457411D0,-248.5882631240925D0,    0000033P   3819
276.6937916968381D0,880.3806098730827D0,-248.7703787819726D0,    0000033P   3820
281.4799881885119D0,880.3803249004246D0,-248.8902272517936D0,    0000033P   3821
286.3802677427341D0,880.3800399277668D0,-248.9451507873932D0,    0000033P   3822
291.1660101311353D0,880.3797549551086D0,-248.9351829418114D0,    0000033P   3823
296.1381303414713D0,880.3794699824506D0,-248.8666482536611D0,    0000033P   3824
300.7779724803193D0,880.3791850097923D0,-248.7327175460413D0,    0000033P   3825
305.6873462580443D0,880.3789000371346D0,-248.538631477716D0,     0000033P   3826
310.4887947867829D0,880.3786150644764D0,-248.2805355587829D0,    0000033P   3827
315.328644895318D0,880.3783300918186D0,-247.9603632561971D0,     0000033P   3828
320.14398213067D0,880.3780451191603D0,-247.5763574302817D0,      0000033P   3829
324.9662576751829D0,880.3777601465023D0,-247.1320634457264D0,    0000033P   3830
329.7603060515238D0,880.3775701647302D0,-246.7910286639557D0,    0000033P   3831
332.9908104228447D0,880.3774751738441D0,-246.6099972637689D0,    0000033P   3832
334.6000000000001D0,920.5473269494603D0,-2.064882743211983D-20,  0000033P   3833
0.2141739025511839D0,920.5475641796214D0,-1.501416853170196D0,   0000033P   3834
0.7290724411361963D0,920.5480386399436D0,-4.507012939532854D0,   0000033P   3835
1.768257371605092D0,920.5487503304272D0,-8.97671265953413D0,     0000033P   3836
3.336296794998894D0,920.5494620209104D0,-13.56648015005887D0,    0000033P   3837
4.967370933270584D0,920.5501737113939D0,-18.01502999389545D0,    0000033P   3838
6.576490206478743D0,920.5508854018772D0,-22.5563465495474D0,     0000033P   3839
8.235365740792132D0,920.5515970923607D0,-27.01427517601543D0,    0000033P   3840
9.888399645610098D0,920.5523087828442D0,-31.43687697407598D0,    0000033P   3841
11.54826502265418D0,920.5530204733274D0,-35.95222540937982D0,    0000033P   3842
13.26699057901742D0,920.5537321638112D0,-40.48773506001541D0,    0000033P   3843
15.02670226155651D0,920.5544438542943D0,-44.80008800917078D0,    0000033P   3844
16.72630823837395D0,920.5551555447776D0,-49.35613004464777D0,    0000033P   3845
18.55682158781652D0,920.5558672352613D0,-53.72326545012652D0,    0000033P   3846
20.3527456550265D0,920.5565789257445D0,-58.1830189847335D0,      0000033P   3847
22.2282254259443D0,920.5572906162279D0,-62.53952209646732D0,     0000033P   3848
24.11602099960336D0,920.5580023067115D0,-66.88940128982083D0,    0000033P   3849
26.06072864975466D0,920.5587139971949D0,-71.29043973155994D0,    0000033P   3850
28.09447537474932D0,920.559425687678D0,-75.53056770442453D0,     0000033P   3851
30.13135334886533D0,920.5601373781615D0,-79.89040426934764D0,    0000033P   3852
32.29501409480309D0,920.5608490686451D0,-84.09601952418555D0,    0000033P   3853
34.44708510598069D0,920.5615607591286D0,-88.33983635802775D0,    0000033P   3854
36.67999747052128D0,920.5622724496118D0,-92.54306839126248D0,    0000033P   3855
38.94704982367993D0,920.5629841400954D0,-96.75410419811091D0,    0000033P   3856
41.27001473032946D0,920.5636958305784D0,-100.8902217031976D0,    0000033P   3857
43.60768813795959D0,920.5644075210621D0,-105.0282460536078D0,    0000033P   3858
46.01014494221504D0,920.5651192115455D0,-109.1873192539132D0,    0000033P   3859
48.50335583503838D0,920.5658309020288D0,-113.1696208131806D0,    0000033P   3860
50.97712606629388D0,920.5665425925121D0,-117.2607693170208D0,    0000033P   3861
53.61397716068044D0,920.5672542829952D0,-121.2110070513533D0,    0000033P   3862
56.25944393765509D0,920.5679659734792D0,-125.1644172684169D0,    0000033P   3863
59.01237552706439D0,920.568677663962D0,-129.045774222927D0,      0000033P   3864
61.80563904499692D0,920.569389354446D0,-132.8212682727271D0,     0000033P   3865
64.62201716624846D0,920.5701010449292D0,-136.6930621707626D0,    0000033P   3866
67.60782836155039D0,920.5708127354124D0,-140.4044858091179D0,    0000033P   3867
70.56088546674641D0,920.5715244258961D0,-144.0289714493056D0,    0000033P   3868
73.53999072090457D0,920.5722361163791D0,-147.7608291594058D0,    0000033P   3869
76.69646118306706D0,920.5729478068625D0,-151.3474238120421D0,    0000033P   3870
79.82239390791615D0,920.5736594973462D0,-154.8997020698211D0,    0000033P   3871
83.00645347692847D0,920.5743711878292D0,-158.3944162677046D0,    0000033P   3872
86.2213833118587D0,920.5750828783131D0,-161.8946656222944D0,     0000033P   3873
89.5305538640758D0,920.5757945687963D0,-165.3279582324111D0,     0000033P   3874
92.86649876093962D0,920.5765062592798D0,-168.6888997972638D0,    0000033P   3875
96.23375518507248D0,920.5772179497631D0,-172.0155301515958D0,    0000033P   3876
99.66762903775812D0,920.5779296402466D0,-175.3635673241564D0,    0000033P   3877
103.2468936079771D0,920.5786413307297D0,-178.4775652989839D0,    0000033P   3878
106.6910867031423D0,920.5793530212135D0,-181.7060986776382D0,    0000033P   3879
110.3963083071047D0,920.5800647116967D0,-184.7653952803567D0,    0000033P   3880
114.0437954216754D0,920.5807764021799D0,-187.7416058688036D0,    0000033P   3881
117.7254279735245D0,920.5814880926637D0,-190.705725051714D0,     0000033P   3882
121.5351546296735D0,920.5821997831466D0,-193.532889281822D0,     0000033P   3883
125.3137688700422D0,920.5829114736304D0,-196.34728837856D0,      0000033P   3884
129.228609196835D0,920.5836231641134D0,-199.0323284357263D0,     0000033P   3885
133.1164476210608D0,920.5843348545969D0,-201.6995773854099D0,    0000033P   3886
137.1409906609872D0,920.5850465450803D0,-204.2989977833355D0,    0000033P   3887
141.2334315311541D0,920.5857582355638D0,-206.7661295474399D0,    0000033P   3888
145.2870368427501D0,920.5864699260474D0,-209.1618603982604D0,    0000033P   3889
149.3931204986888D0,920.5871816165305D0,-211.5152460721249D0,    0000033P   3890
153.6085894280643D0,920.5878933070137D0,-213.7280665491738D0,    0000033P   3891
157.7475581309364D0,920.5886049974976D0,-215.9433023493926D0,    0000033P   3892
162.0807525117925D0,920.5893166879806D0,-218.0215431813207D0,    0000033P   3893
166.338036426807D0,920.5900283784645D0,-220.0546842196696D0,     0000033P   3894
170.6977493894435D0,920.5907400689476D0,-222.0296052152348D0,    0000033P   3895
175.1462645902747D0,920.591451759431D0,-223.8729929852433D0,     0000033P   3896
179.5107068983259D0,920.5921634499144D0,-225.6440457254226D0,    0000033P   3897
183.9200163528691D0,920.5928751403978D0,-227.3641682005196D0,    0000033P   3898
188.4420615924206D0,920.5935868308812D0,-228.9420857618423D0,    0000033P   3899
192.8220305906515D0,920.5942985213649D0,-230.5178652108584D0,    0000033P   3900
197.4635973656842D0,920.5950102118482D0,-231.9556226510025D0,    0000033P   3901
201.967807035946D0,920.5957219023314D0,-233.3263483737646D0,     0000033P   3902
206.5485785842762D0,920.5964335928148D0,-234.615515805183D0,     0000033P   3903
211.1667572191154D0,920.5971452832981D0,-235.8040851809053D0,    0000033P   3904
215.7384505437227D0,920.5978569737818D0,-236.9463611295843D0,    0000033P   3905
220.472460719544D0,920.5985686642649D0,-237.9714545418936D0,     0000033P   3906
225.0626389409666D0,920.5992803547485D0,-238.9536421215856D0,    0000033P   3907
229.8111395624988D0,920.5999920452318D0,-239.8500168700632D0,    0000033P   3908
234.5158173966272D0,920.6007037357151D0,-240.6817066943734D0,    0000033P   3909
239.2720435270151D0,920.6014154261989D0,-241.4313132491157D0,    0000033P   3910
243.9471583888523D0,920.602127116682D0,-242.1169183890629D0,     0000033P   3911
248.6359024320174D0,920.6028388071657D0,-242.7489596345589D0,    0000033P   3912
253.4452355946998D0,920.6035504976485D0,-243.3040263885895D0,    0000033P   3913
258.1873360384661D0,920.6042621881323D0,-243.7892051238356D0,    0000033P   3914
262.901231837761D0,920.6049738786155D0,-244.2130227756443D0,     0000033P   3915
267.731858330248D0,920.6056855690988D0,-244.560452864443D0,      0000033P   3916
272.4420959280154D0,920.6063972595825D0,-244.840910837854D0,     0000033P   3917
277.2261475552151D0,920.6071089500657D0,-245.0565906571648D0,    0000033P   3918
282.036052355771D0,920.607820640549D0,-245.2043407496981D0,      0000033P   3919
286.8954426862244D0,920.6085323310327D0,-245.2850190078325D0,    0000033P   3920
291.5469581633465D0,920.6092440215155D0,-245.305698411382D0,     0000033P   3921
296.4622932007837D0,920.6099557119992D0,-245.2664223022792D0,    0000033P   3922
301.1062343093044D0,920.6106674024825D0,-245.1656347764036D0,    0000033P   3923
305.9989458049088D0,920.6113790929658D0,-245.00883727258D0,      0000033P   3924
310.7274067006157D0,920.6120907834494D0,-244.7898419248628D0,    0000033P   3925
315.5476347117187D0,920.6128024739327D0,-244.5160568302877D0,    0000033P   3926
320.2778943061047D0,920.6135141644159D0,-244.1750048026713D0,    0000033P   3927
325.1205959164012D0,920.6142258548993D0,-243.7843462524595D0,    0000033P   3928
329.8033497371829D0,920.6147003152213D0,-243.4779248323284D0,    0000033P   3929
333.0091637778231D0,920.6149375453824D0,-243.3146175984211D0,    0000033P   3930
334.6D0,960.8790514962054D0,-2.449337640759214D-20,              0000033P   3931
1.112059026472739D0,960.8789441259431D0,-1.483100278167119D0,    0000033P   3932
1.66160039268315D0,960.8787293854185D0,-4.46278051957742D0,      0000033P   3933
2.772437009678617D0,960.8784072746319D0,-8.832055649278878D0,    0000033P   3934
4.419837038152274D0,960.8780851638445D0,-13.20491342659369D0,    0000033P   3935
6.084759930575117D0,960.8777630530578D0,-17.72699343386841D0,    0000033P   3936
7.818405438440126D0,960.8774409422711D0,-22.01962289289154D0,    0000033P   3937
9.477841286359331D0,960.877118831484D0,-26.48405462714302D0,     0000033P   3938
11.21047559535226D0,960.8767967206973D0,-30.85342353240228D0,    0000033P   3939
12.92033444069645D0,960.8764746099104D0,-35.20166468282565D0,    0000033P   3940
14.64093856010175D0,960.8761524991238D0,-39.77074315503286D0,    0000033P   3941
16.47814158177701D0,960.8758303883363D0,-43.98977575682602D0,    0000033P   3942
18.2054867181808D0,960.8755082775496D0,-48.37110361618622D0,     0000033P   3943
20.03837216434538D0,960.8751861667627D0,-52.81727726195987D0,    0000033P   3944
21.94347440539942D0,960.8748640559758D0,-57.06569059501224D0,    0000033P   3945
23.81326140982904D0,960.8745419451889D0,-61.31579415176306D0,    0000033P   3946
25.73268299196199D0,960.8742198344024D0,-65.69881471463731D0,    0000033P   3947
27.7715333960076D0,960.8738977236152D0,-69.87328188311622D0,     0000033P   3948
29.77540357219784D0,960.8735756128281D0,-74.12236169703505D0,    0000033P   3949
31.87894690969111D0,960.8732535020411D0,-78.42702972697934D0,    0000033P   3950
34.08121930007783D0,960.8729313912544D0,-82.51730626951826D0,    0000033P   3951
36.23885291878621D0,960.8726092804678D0,-86.688060589088D0,      0000033P   3952
38.50436180799328D0,960.8722871696806D0,-90.77577743295021D0,    0000033P   3953
40.79129718705553D0,960.871965058894D0,-94.95212246812773D0,     0000033P   3954
43.1937722845474D0,960.8716429481066D0,-98.98459264733805D0,     0000033P   3955
45.58366755067468D0,960.87132083732D0,-102.9921545546053D0,      0000033P   3956
48.03092022950639D0,960.8709987265335D0,-107.0039761531498D0,    0000033P   3957
50.56064808094429D0,960.8706766157459D0,-110.9662020197866D0,    0000033P   3958
53.14260890818702D0,960.8703545049592D0,-114.8701452899044D0,    0000033P   3959
55.77738419621353D0,960.8700323941719D0,-118.7376326517049D0,    0000033P   3960
58.47488254135949D0,960.8697102833858D0,-122.6888079740266D0,    0000033P   3961
61.33085416546361D0,960.8693881725983D0,-126.3520906041066D0,    0000033P   3962
64.06892157631175D0,960.8690660618119D0,-130.0684709820806D0,    0000033P   3963
66.93520176720864D0,960.8687439510247D0,-133.9056959462512D0,    0000033P   3964
69.99855074339634D0,960.8684218402379D0,-137.3844701224957D0,    0000033P   3965
72.86925385326836D0,960.8680997294509D0,-141.0631586160393D0,    0000033P   3966
75.99749046041102D0,960.867777618664D0,-144.6223117174632D0,     0000033P   3967
79.12509843197151D0,960.8674555078767D0,-148.1010980171489D0,    0000033P   3968
82.2690295598092D0,960.8671333970904D0,-151.5920238992596D0,     0000033P   3969
85.51419939819614D0,960.8668112863032D0,-154.9519250175256D0,    0000033P   3970
88.72075695122587D0,960.8664891755163D0,-158.374728437014D0,     0000033P   3971
92.07144232150637D0,960.8661670647298D0,-161.6962185433167D0,    0000033P   3972
95.41297509492745D0,960.8658449539425D0,-164.9776587454556D0,    0000033P   3973
98.81201073908439D0,960.8655228431558D0,-168.1784908028043D0,    0000033P   3974
102.2290740935834D0,960.8652007323689D0,-171.432655719374D0,     0000033P   3975
105.8228287186672D0,960.8648786215822D0,-174.4478640231993D0,    0000033P   3976
109.2673932401399D0,960.8645565107952D0,-177.5838073435088D0,    0000033P   3977
112.9829067819754D0,960.8642344000082D0,-180.5017522618812D0,    0000033P   3978
116.5693572013164D0,960.8639122892215D0,-183.4778416169623D0,    0000033P   3979
120.359083416151D0,960.8635901784346D0,-186.2717533582074D0,     0000033P   3980
124.0527650412339D0,960.8632680676471D0,-189.0581789661898D0,    0000033P   3981
127.8674626514702D0,960.8629459568606D0,-191.8220902229634D0,    0000033P   3982
131.7989531183145D0,960.8626238460734D0,-194.4191316353268D0,    0000033P   3983
135.632057690875D0,960.8623017352869D0,-197.0488332970226D0,     0000033P   3984
139.6631226326591D0,960.8619796244993D0,-199.5724751974314D0,    0000033P   3985
143.6902681328794D0,960.8616575137127D0,-201.976418325525D0,     0000033P   3986
147.6791691162799D0,960.8613354029262D0,-204.3524976988931D0,    0000033P   3987
151.7835347959473D0,960.8610132921389D0,-206.6510801629776D0,    0000033P   3988
155.9253841001223D0,960.8606911813519D0,-208.8468366446918D0,    0000033P   3989
160.0518099655471D0,960.8603690705652D0,-210.9926797130409D0,    0000033P   3990
164.2622946161572D0,960.8600469597781D0,-213.0701534242585D0,    0000033P   3991
168.5258351641299D0,960.8597248489919D0,-215.0561946745442D0,    0000033P   3992
172.789095249002D0,960.8594027382043D0,-217.0241305587998D0,     0000033P   3993
177.2191195759231D0,960.8590806274174D0,-218.852525896539D0,     0000033P   3994
181.5410417031607D0,960.8587585166308D0,-220.6052383307136D0,    0000033P   3995
185.8869437726284D0,960.8584364058435D0,-222.3188074221436D0,    0000033P   3996
190.3610508753212D0,960.8581142950568D0,-223.895599966982D0,     0000033P   3997
194.7000483935865D0,960.8577921842701D0,-225.4425303250561D0,    0000033P   3998
199.190446010714D0,960.8574700734831D0,-226.920156805358D0,      0000033P   3999
203.7438234119716D0,960.857147962696D0,-228.2790781374999D0,     0000033P   4000
208.1887733314333D0,960.8568258519091D0,-229.5929567666188D0,    0000033P   4001
212.7735409774436D0,960.856503741122D0,-230.7971703906666D0,     0000033P   4002
217.2672668042503D0,960.8561816303353D0,-231.9732660256286D0,    0000033P   4003
221.9778381175473D0,960.8558595195483D0,-233.0117013587238D0,    0000033P   4004
226.4452402523326D0,960.8555374087614D0,-234.0337252232677D0,    0000033P   4005
231.1707539392309D0,960.8552152979744D0,-234.9603970148331D0,    0000033P   4006
235.8043386484197D0,960.8548931871877D0,-235.8143491592026D0,    0000033P   4007
240.4141406332074D0,960.8545710764006D0,-236.6168948923057D0,    0000033P   4008
245.1190875540123D0,960.8542489656142D0,-237.3352929230818D0,    0000033P   4009
249.7085635272599D0,960.8539268548269D0,-238.0029842739808D0,    0000033P   4010
254.4010609344146D0,960.8536047440399D0,-238.60345443639D0,      0000033P   4011
259.1097440359407D0,960.853282633253D0,-239.1313496614559D0,     0000033P   4012
263.78733480233D0,960.852960522466D0,-239.5972239995876D0,       0000033P   4013
268.5598053572926D0,960.8526384116793D0,-239.980095163161D0,     0000033P   4014
273.2023183823904D0,960.8523163008922D0,-240.2949823805336D0,    0000033P   4015
277.888419378853D0,960.8519941901054D0,-240.5467342491848D0,     0000033P   4016
282.7068602569281D0,960.8516720793183D0,-240.7268279505935D0,    0000033P   4017
287.4755180639037D0,960.8513499685319D0,-240.8399147536264D0,    0000033P   4018
292.0449266261643D0,960.8510278577442D0,-240.8992535367617D0,    0000033P   4019
296.8423092710189D0,960.8507057469577D0,-240.9004457618814D0,    0000033P   4020
301.5075262821701D0,960.8503836361707D0,-240.8468723707335D0,    0000033P   4021
306.3581495019704D0,960.8500615253836D0,-240.7447519438164D0,    0000033P   4022
311.0170942887061D0,960.8497394145969D0,-240.5859612302887D0,    0000033P   4023
315.8170980966131D0,960.8494173038095D0,-240.3830678933494D0,    0000033P   4024
320.4213584978542D0,960.8490951930224D0,-240.1125434074905D0,    0000033P   4025
325.2675435935409D0,960.8487730822355D0,-239.8025152047596D0,    0000033P   4026
329.8544404510873D0,960.8485583417107D0,-239.5507817392551D0,    0000033P   4027
333.0285946978164D0,960.8484509714486D0,-239.4165737474742D0,    0000033P   4028
334.6000000000001D0,1001.140039021976D0,1.19322033982018D-19,    0000033P   4029
3.027927645991307D0,1001.140231041196D0,-1.465262344257169D0,    0000033P   4030
3.567510339748753D0,1001.140615079635D0,-4.415118068035694D0,    0000033P   4031
4.663841795182123D0,1001.141191137293D0,-8.695357051306974D0,    0000033P   4032
6.282491250872305D0,1001.141767194951D0,-12.98813965791993D0,    0000033P   4033
7.934355031559326D0,1001.14234325261D0,-17.45915740489392D0,     0000033P   4034
9.681050916506441D0,1001.142919310268D0,-21.66118023400635D0,    0000033P   4035
11.3508631932233D0,1001.143495367927D0,-26.03577470720061D0,     0000033P   4036
13.11187789539168D0,1001.144071425585D0,-30.32100283429589D0,    0000033P   4037
14.86445525514137D0,1001.144647483244D0,-34.6064925677055D0,     0000033P   4038
16.64917451691769D0,1001.145223540903D0,-38.95650500071881D0,    0000033P   4039
18.48853091066074D0,1001.14579959856D0,-43.19553639624219D0,     0000033P   4040
20.32069703712161D0,1001.14637565622D0,-47.40644904111269D0,     0000033P   4041
22.1755091512135D0,1001.146951713877D0,-51.75442855662611D0,     0000033P   4042
24.13185254492073D0,1001.147527771537D0,-55.92000164009452D0,    0000033P   4043
26.05400942131292D0,1001.148103829194D0,-60.0909436945273D0,     0000033P   4044
28.02465284106102D0,1001.148679886853D0,-64.33959454968817D0,    0000033P   4045
30.08555720438646D0,1001.149255944511D0,-68.44262193932769D0,    0000033P   4046
32.13685080653035D0,1001.14983200217D0,-72.59102525955782D0,     0000033P   4047
34.26894609508964D0,1001.150408059828D0,-76.80875442017901D0,    0000033P   4048
36.50761524848252D0,1001.150984117487D0,-80.7896408271786D0,     0000033P   4049
38.68801387920571D0,1001.151560175145D0,-84.90128635596267D0,    0000033P   4050
41.00885135580382D0,1001.152136232804D0,-88.85128748864153D0,    0000033P   4051
43.30992286046782D0,1001.152712290462D0,-92.93893867394776D0,    0000033P   4052
45.76806141644075D0,1001.153288348121D0,-96.82854122509448D0,    0000033P   4053
48.18356500464913D0,1001.153864405779D0,-100.7600149423555D0,    0000033P   4054
50.70522496895792D0,1001.154440463438D0,-104.673372971472D0,     0000033P   4055
53.29861812611155D0,1001.155016521096D0,-108.5186846819884D0,    0000033P   4056
55.92657329587216D0,1001.155592578754D0,-112.2321317742953D0,    0000033P   4057
58.54207639289108D0,1001.156168636413D0,-116.0645758319004D0,    0000033P   4058
61.33337640542984D0,1001.156744694071D0,-119.7977200221724D0,    0000033P   4059
64.12986551086735D0,1001.15732075173D0,-123.4401725462277D0,     0000033P   4060
66.95787832168575D0,1001.157896809389D0,-127.0378227392455D0,    0000033P   4061
69.82820671112741D0,1001.158472867047D0,-130.7457797753315D0,    0000033P   4062
72.88938624769807D0,1001.159048924706D0,-134.1724309704871D0,    0000033P   4063
75.814018715334D0,1001.159624982364D0,-137.7563735599844D0,      0000033P   4064
78.96640709601536D0,1001.160201040023D0,-141.1727241576902D0,    0000033P   4065
82.07052702042579D0,1001.16077709768D0,-144.5416955883815D0,     0000033P   4066
85.22580612519222D0,1001.16135315534D0,-147.9254865663891D0,     0000033P   4067
88.48733450446413D0,1001.161929212998D0,-151.2154920133577D0,    0000033P   4068
91.75616754345595D0,1001.162505270656D0,-154.4740408557731D0,    0000033P   4069
95.07844112462355D0,1001.163081328315D0,-157.7058805183335D0,    0000033P   4070
98.47406051016893D0,1001.163657385973D0,-160.8312808865933D0,    0000033P   4071
101.8516430740392D0,1001.164233443632D0,-163.9448258489899D0,    0000033P   4072
105.3233335112247D0,1001.16480950129D0,-167.0305968225235D0,     0000033P   4073
108.872648696558D0,1001.165385558949D0,-169.965179238589D0,      0000033P   4074
112.3608272755247D0,1001.165961616607D0,-172.9835451084987D0,    0000033P   4075
116.0704738354871D0,1001.166537674265D0,-175.7792213913933D0,    0000033P   4076
119.6233898596758D0,1001.167113731924D0,-178.6996935546061D0,    0000033P   4077
123.4610035900818D0,1001.167689789582D0,-181.3746876567622D0,    0000033P   4078
127.0997428081688D0,1001.168265847241D0,-184.0903739245801D0,    0000033P   4079
130.9166708953781D0,1001.168841904899D0,-186.7350123139883D0,    0000033P   4080
134.7661526301443D0,1001.169417962558D0,-189.2896417601997D0,    0000033P   4081
138.6197564806762D0,1001.169994020216D0,-191.8122966789613D0,    0000033P   4082
142.5628877736482D0,1001.170570077874D0,-194.2703807608384D0,    0000033P   4083
146.5537833841215D0,1001.171146135533D0,-196.6229944187448D0,    0000033P   4084
150.5207771999505D0,1001.171722193192D0,-198.9422166090896D0,    0000033P   4085
154.5872613591821D0,1001.17229825085D0,-201.1558479273135D0,     0000033P   4086
158.625283449022D0,1001.172874308508D0,-203.3442932825072D0,     0000033P   4087
162.7869032624491D0,1001.173450366166D0,-205.4221618266692D0,    0000033P   4088
166.9069929233466D0,1001.174026423825D0,-207.4501468178092D0,    0000033P   4089
171.101431156325D0,1001.174602481484D0,-209.4141215196964D0,     0000033P   4090
175.3489392116073D0,1001.175178539142D0,-211.3041232655461D0,    0000033P   4091
179.6248741254753D0,1001.175754596801D0,-213.1095238430863D0,    0000033P   4092
183.905919443324D0,1001.176330654459D0,-214.8451566253879D0,     0000033P   4093
188.2245578322812D0,1001.176906712117D0,-216.5110805562868D0,    0000033P   4094
192.5847561264033D0,1001.177482769776D0,-218.0830853707515D0,    0000033P   4095
196.918065763246D0,1001.178058827434D0,-219.5953811304057D0,     0000033P   4096
201.3087433084115D0,1001.178634885093D0,-221.0513478320636D0,    0000033P   4097
205.7794638898533D0,1001.179210942751D0,-222.4008358671561D0,    0000033P   4098
210.1576825287902D0,1001.179787000409D0,-223.7302385011853D0,    0000033P   4099
214.7305647046565D0,1001.180363058068D0,-224.9291120767751D0,    0000033P   4100
219.1095404134197D0,1001.180939115726D0,-226.1119194223066D0,    0000033P   4101
223.6972932114331D0,1001.181515173385D0,-227.1990697603196D0,    0000033P   4102
228.187228910794D0,1001.182091231043D0,-228.2454051616034D0,     0000033P   4103
232.8083504836335D0,1001.182667288701D0,-229.1990425552336D0,    0000033P   4104
237.3270026238193D0,1001.18324334636D0,-230.0932861803345D0,     0000033P   4105
241.8713974622453D0,1001.183819404018D0,-230.9389585378597D0,    0000033P   4106
246.5289473550091D0,1001.184395461677D0,-231.683476659583D0,     0000033P   4107
250.9801309463319D0,1001.184971519335D0,-232.4012247746502D0,    0000033P   4108
255.6703439269249D0,1001.185547576994D0,-233.0293342509898D0,    0000033P   4109
260.2322595995526D0,1001.186123634652D0,-233.5953519258939D0,    0000033P   4110
264.8145426133044D0,1001.186699692311D0,-234.1165799982296D0,    0000033P   4111
269.6031047968264D0,1001.187275749969D0,-234.5343332170838D0,    0000033P   4112
274.0809806136332D0,1001.187851807627D0,-234.9079836925853D0,    0000033P   4113
278.7722866598991D0,1001.188427865286D0,-235.2077291419742D0,    0000033P   4114
283.4288404594337D0,1001.189003922945D0,-235.4456537307522D0,    0000033P   4115
288.1039567224451D0,1001.189579980603D0,-235.6213572042618D0,    0000033P   4116
292.6686999257241D0,1001.190156038261D0,-235.7447823054268D0,    0000033P   4117
297.3453819527622D0,1001.19073209592D0,-235.8132375890419D0,     0000033P   4118
301.9902784289337D0,1001.191308153578D0,-235.831124850006D0,     0000033P   4119
306.7023225213531D0,1001.191884211237D0,-235.8022846585262D0,    0000033P   4120
311.3285558983591D0,1001.192460268895D0,-235.72261054122D0,      0000033P   4121
316.0818598598169D0,1001.193036326553D0,-235.5979371926417D0,    0000033P   4122
320.5932971256694D0,1001.193612384212D0,-235.4161308637067D0,    0000033P   4123
325.3380830938254D0,1001.19418844187D0,-235.190701695395D0,      0000033P   4124
329.9000471279735D0,1001.194572480309D0,-235.0007995402619D0,    0000033P   4125
333.0423070380236D0,1001.194764499529D0,-234.8976920342145D0,    0000033P   4126
334.5999999999999D0,1041.536231235926D0,8.429931740585304D-20,   0000033P   4127
5.619881178506751D0,1041.53610453236D0,-1.437800975219206D0,     0000033P   4128
6.142079537446313D0,1041.535851125228D0,-4.327823005221413D0,    0000033P   4129
7.205248387605467D0,1041.53547101453D0,-8.537740269161183D0,     0000033P   4130
8.792782585414622D0,1041.535090903831D0,-12.78405759518198D0,    0000033P   4131
10.43413903776189D0,1041.534710793133D0,-17.12010867197844D0,    0000033P   4132
12.15566096574181D0,1041.534330682435D0,-21.29830403251096D0,    0000033P   4133
13.85519726435967D0,1041.533950571737D0,-25.53497955410833D0,    0000033P   4134
15.62259280996365D0,1041.533570461038D0,-29.73695441081532D0,    0000033P   4135
17.41707570082559D0,1041.53319035034D0,-33.95625438623742D0,     0000033P   4136
19.26066617153933D0,1041.532810239642D0,-38.0482308270002D0,     0000033P   4137
21.08730447294483D0,1041.532430128944D0,-42.30559539708214D0,    0000033P   4138
23.02569415699227D0,1041.532050018247D0,-46.38067178603627D0,    0000033P   4139
24.91887299876948D0,1041.531669907547D0,-50.53415690062328D0,    0000033P   4140
26.88763466782465D0,1041.53128979685D0,-54.65964036167685D0,     0000033P   4141
28.88454523149706D0,1041.530909686151D0,-58.75165245703559D0,    0000033P   4142
30.9128996709307D0,1041.530529575453D0,-62.80288870381759D0,     0000033P   4143
32.97204031811904D0,1041.530149464755D0,-66.88055068955953D0,    0000033P   4144
35.09842246267546D0,1041.529769354057D0,-70.89224504779367D0,    0000033P   4145
37.2494113321637D0,1041.529389243358D0,-74.99008547373029D0,     0000033P   4146
39.5127703320676D0,1041.529009132661D0,-78.85607176066625D0,     0000033P   4147
41.71463914307659D0,1041.528629021962D0,-82.89107007982636D0,    0000033P   4148
44.08658159721509D0,1041.528248911264D0,-86.7084007088028D0,     0000033P   4149
46.40773244544103D0,1041.527868800566D0,-90.67030347885989D0,    0000033P   4150
48.90413517083844D0,1041.527488689867D0,-94.41482577768714D0,    0000033P   4151
51.34922532390275D0,1041.527108579169D0,-98.26090599493986D0,    0000033P   4152
53.9451710909593D0,1041.526728468471D0,-102.0646300025962D0,     0000033P   4153
56.60077415085488D0,1041.526348357773D0,-105.7427827701765D0,    0000033P   4154
59.25086642590144D0,1041.525968247074D0,-109.3220795180704D0,    0000033P   4155
61.90102469950497D0,1041.525588136377D0,-113.0498300490299D0,    0000033P   4156
64.74405317002265D0,1041.525208025677D0,-116.5572563215603D0,    0000033P   4157
67.49410524492517D0,1041.52482791498D0,-120.1714013583879D0,     0000033P   4158
70.41156952995083D0,1041.524447804281D0,-123.6555540192942D0,    0000033P   4159
73.30808942031865D0,1041.524067693582D0,-127.1673708817143D0,    0000033P   4160
76.32028087201834D0,1041.523687582885D0,-130.5859308024056D0,    0000033P   4161
79.3435595208435D0,1041.523307472186D0,-133.9940907742324D0,     0000033P   4162
82.45860743649008D0,1041.522927361488D0,-137.3032908654966D0,    0000033P   4163
85.57764246264588D0,1041.522547250789D0,-140.5401694139357D0,    0000033P   4164
88.72589612726111D0,1041.522167140091D0,-143.8043025026834D0,    0000033P   4165
91.998336981848D0,1041.521787029393D0,-147.0137196553031D0,      0000033P   4166
95.31876282720222D0,1041.521406918694D0,-150.0967043439299D0,    0000033P   4167
98.60402855839573D0,1041.521026807995D0,-153.2217518860986D0,    0000033P   4168
102.035020251222D0,1041.520646697298D0,-156.18852291714D0,       0000033P   4169
105.390412451319D0,1041.520266586599D0,-159.2117366787458D0,     0000033P   4170
108.9115565057509D0,1041.519886475901D0,-162.1290947677703D0,    0000033P   4171
112.4156242682402D0,1041.519506365203D0,-164.9750601661846D0,    0000033P   4172
115.9348313653536D0,1041.519126254505D0,-167.8636440535188D0,    0000033P   4173
119.6189904459639D0,1041.518746143806D0,-170.5566133980376D0,    0000033P   4174
123.1580341571645D0,1041.518366033108D0,-173.371787181386D0,     0000033P   4175
126.975784964725D0,1041.517985922409D0,-175.9601942409547D0,     0000033P   4176
130.5989328672738D0,1041.517605811712D0,-178.5801416607623D0,    0000033P   4177
134.3849592992221D0,1041.517225701013D0,-181.0946380593428D0,    0000033P   4178
138.1416650665204D0,1041.516845590316D0,-183.6020868512535D0,    0000033P   4179
142.0185217778213D0,1041.516465479617D0,-185.9957795944909D0,    0000033P   4180
145.8540928174871D0,1041.516085368919D0,-188.3826863432919D0,    0000033P   4181
149.8188271819612D0,1041.51570525822D0,-190.6752363345112D0,     0000033P   4182
153.7728541294061D0,1041.515325147522D0,-192.9074412553371D0,    0000033P   4183
157.7725431290413D0,1041.514945036824D0,-195.0382060755918D0,    0000033P   4184
161.7369513067941D0,1041.514564926126D0,-197.1854282281008D0,    0000033P   4185
165.8930592939049D0,1041.514184815427D0,-199.195537786215D0,     0000033P   4186
169.9437458915573D0,1041.513804704729D0,-201.1617036520541D0,    0000033P   4187
174.0653405873668D0,1041.513424594032D0,-203.0846877098704D0,    0000033P   4188
178.2716150132058D0,1041.513044483333D0,-204.891816580087D0,     0000033P   4189
182.3969539982694D0,1041.512664372635D0,-206.6659945147417D0,    0000033P   4190
186.6296170901105D0,1041.512284261936D0,-208.3711512652429D0,    0000033P   4191
190.8959638256379D0,1041.511904151239D0,-209.9844038496662D0,    0000033P   4192
195.1346617158422D0,1041.511524040541D0,-211.5496059261366D0,    0000033P   4193
199.4578263456799D0,1041.511143929842D0,-213.0341551791016D0,    0000033P   4194
203.7741798244589D0,1041.510763819144D0,-214.4467270439749D0,    0000033P   4195
208.0967939195596D0,1041.510383708446D0,-215.7964404959843D0,    0000033P   4196
212.4448747388294D0,1041.510003597748D0,-217.1217275627945D0,    0000033P   4197
216.9496309401276D0,1041.509623487049D0,-218.3207421934514D0,    0000033P   4198
221.2482396333784D0,1041.509243376351D0,-219.4930991747567D0,    0000033P   4199
225.6759145477004D0,1041.508863265653D0,-220.6182307866573D0,    0000033P   4200
230.1815321112699D0,1041.508483154954D0,-221.6723873707248D0,    0000033P   4201
234.6684015318155D0,1041.508103044256D0,-222.6449033891587D0,    0000033P   4202
239.0797077661192D0,1041.507722933559D0,-223.5704596401887D0,    0000033P   4203
243.5692482223418D0,1041.50734282286D0,-224.4443185196471D0,     0000033P   4204
248.1410734177477D0,1041.506962712162D0,-225.2098290538661D0,    0000033P   4205
252.4641774155587D0,1041.506582601464D0,-225.9721800205916D0,    0000033P   4206
257.1501134884162D0,1041.506202490765D0,-226.624333271403D0,     0000033P   4207
261.5493352261142D0,1041.505822380067D0,-227.231460795079D0,     0000033P   4208
266.0413615465871D0,1041.505442269369D0,-227.8037731665015D0,    0000033P   4209
270.779540345811D0,1041.50506215867D0,-228.2707293583705D0,      0000033P   4210
275.1379086449426D0,1041.504682047972D0,-228.7098382734111D0,    0000033P   4211
279.8063341963665D0,1041.504301937274D0,-229.0688316294758D0,    0000033P   4212
284.2599254352577D0,1041.503921826577D0,-229.3817555754197D0,    0000033P   4213
288.8581798957425D0,1041.503541715877D0,-229.6356240086155D0,    0000033P   4214
293.4113506744033D0,1041.50316160518D0,-229.837955237675D0,      0000033P   4215
297.970549496943D0,1041.502781494482D0,-229.9899246133144D0,     0000033P   4216
302.5673870614704D0,1041.502401383783D0,-230.0922565406904D0,    0000033P   4217
307.106398516272D0,1041.502021273085D0,-230.1486294100295D0,     0000033P   4218
311.698482352938D0,1041.501641162387D0,-230.1582830017405D0,     0000033P   4219
316.3522223790167D0,1041.501261051689D0,-230.1201104061257D0,    0000033P   4220
320.825241240773D0,1041.500880940991D0,-230.0352044914298D0,     0000033P   4221
325.4181689729562D0,1041.500500830293D0,-229.9006480768423D0,    0000033P   4222
329.9729012177832D0,1041.50024742316D0,-229.7769857943464D0,     0000033P   4223
333.0624117966514D0,1041.500120719594D0,-229.7068033556871D0,    0000033P   4224
334.6000000000001D0,1081.844082464885D0,-4.600238814831146D-19,  0000033P   4225
8.520386804675695D0,1081.844397999275D0,-1.39036401578559D0,     0000033P   4226
9.055455316973905D0,1081.845029068055D0,-4.163865947906597D0,    0000033P   4227
10.13522136229945D0,1081.845975671226D0,-8.329249631612127D0,    0000033P   4228
11.79645286630094D0,1081.846922274397D0,-12.45796492557087D0,    0000033P   4229
13.48006416446444D0,1081.847868877568D0,-16.61590449748693D0,    0000033P   4230
15.21240090795368D0,1081.848815480738D0,-20.7443707792483D0,     0000033P   4231
16.97075994384679D0,1081.84976208391D0,-24.84355803283326D0,     0000033P   4232
18.75216828760893D0,1081.85070868708D0,-28.99497977810283D0,     0000033P   4233
20.59430258936026D0,1081.851655290252D0,-33.03525592866062D0,    0000033P   4234
22.4232486967953D0,1081.852601893422D0,-37.0463912192826D0,      0000033P   4235
24.28360121574431D0,1081.853548496593D0,-41.20349219253521D0,    0000033P   4236
26.25292096765553D0,1081.854495099764D0,-45.20784235540513D0,    0000033P   4237
28.19783626168903D0,1081.855441702934D0,-49.15214340007279D0,    0000033P   4238
30.15954524963506D0,1081.856388306106D0,-53.19321333180344D0,    0000033P   4239
32.21749498340989D0,1081.857334909276D0,-57.17886785791718D0,    0000033P   4240
34.29678974588115D0,1081.858281512447D0,-61.07514265178219D0,    0000033P   4241
36.37926466446442D0,1081.859228115617D0,-65.06283315503086D0,    0000033P   4242
38.558202734013D0,1081.860174718788D0,-68.97594356962829D0,      0000033P   4243
40.74727500166532D0,1081.861121321958D0,-72.9194492131239D0,     0000033P   4244
43.01407213996001D0,1081.86206792513D0,-76.65318764202566D0,     0000033P   4245
45.21750203921418D0,1081.8630145283D0,-80.56175446427602D0,      0000033P   4246
47.60905739217272D0,1081.863961131471D0,-84.27883981039499D0,    0000033P   4247
49.96816220953643D0,1081.864907734641D0,-88.09478176810933D0,    0000033P   4248
52.49194462795249D0,1081.865854337812D0,-91.7292834140974D0,     0000033P   4249
55.00160791352599D0,1081.866800940983D0,-95.41592145008539D0,    0000033P   4250
57.64157769432659D0,1081.867747544153D0,-99.03793271346666D0,    0000033P   4251
60.32897182868427D0,1081.868694147325D0,-102.5455983822814D0,    0000033P   4252
63.01614075479768D0,1081.869640750494D0,-106.1073536183356D0,    0000033P   4253
65.82698022793278D0,1081.870587353666D0,-109.5416542777834D0,    0000033P   4254
68.5947791827052D0,1081.871533956836D0,-113.0261976655038D0,     0000033P   4255
71.48930253928826D0,1081.872480560007D0,-116.3970252043412D0,    0000033P   4256
74.34834221573939D0,1081.873427163177D0,-119.8382543867219D0,    0000033P   4257
77.36208265233557D0,1081.874373766348D0,-123.1150508896235D0,    0000033P   4258
80.31192288795228D0,1081.875320369519D0,-126.4310676665534D0,    0000033P   4259
83.38593547826542D0,1081.876266972689D0,-129.6508320228375D0,    0000033P   4260
86.46647222320212D0,1081.87721357586D0,-132.8941728142028D0,     0000033P   4261
89.67242961823402D0,1081.87816017903D0,-135.9559450354939D0,     0000033P   4262
92.78356840003188D0,1081.879106782201D0,-139.1212731845374D0,    0000033P   4263
96.10133107153523D0,1081.880053385372D0,-142.1625840535632D0,    0000033P   4264
99.38040106112486D0,1081.880999988543D0,-145.1349616926832D0,    0000033P   4265
102.6823331798192D0,1081.881946591713D0,-148.0960381320671D0,    0000033P   4266
106.0620232678931D0,1081.882893194884D0,-150.9762572468864D0,    0000033P   4267
109.4477964547055D0,1081.883839798055D0,-153.8637540355333D0,    0000033P   4268
112.9357470287444D0,1081.884786401226D0,-156.6879446744196D0,    0000033P   4269
116.4528304063304D0,1081.885733004397D0,-159.4105143958345D0,    0000033P   4270
119.9340614379642D0,1081.886679607567D0,-162.1698161309014D0,    0000033P   4271
123.569805609779D0,1081.887626210738D0,-164.7798956381455D0,     0000033P   4272
127.1069647922117D0,1081.888572813909D0,-167.4455780350664D0,    0000033P   4273
130.8295303784165D0,1081.889519417079D0,-169.9603100282082D0,    0000033P   4274
134.4547516971912D0,1081.89046602025D0,-172.4642151604168D0,     0000033P   4275
138.1776501788803D0,1081.891412623421D0,-174.8960446622994D0,    0000033P   4276
141.920112044812D0,1081.892359226592D0,-177.3001627361755D0,     0000033P   4277
145.7497820822084D0,1081.893305829763D0,-179.5908441687255D0,    0000033P   4278
149.5342826886064D0,1081.894252432933D0,-181.8845463801721D0,    0000033P   4279
153.4640452978872D0,1081.895199036105D0,-184.0870416530686D0,    0000033P   4280
157.3800357875509D0,1081.896145639275D0,-186.208791927636D0,     0000033P   4281
161.291648387343D0,1081.897092242446D0,-188.2910313305032D0,     0000033P   4282
165.2742189074302D0,1081.898038845617D0,-190.3184107757578D0,    0000033P   4283
169.2947597794301D0,1081.898985448788D0,-192.2593731691841D0,    0000033P   4284
173.2860197385226D0,1081.899932051958D0,-194.1877481997537D0,    0000033P   4285
177.4038277873272D0,1081.90087865513D0,-196.0058507163723D0,     0000033P   4286
181.4362514963311D0,1081.9018252583D0,-197.7915607611732D0,      0000033P   4287
185.5557770063118D0,1081.902771861471D0,-199.5255352206392D0,    0000033P   4288
189.7235978506967D0,1081.903718464642D0,-201.1714593551043D0,    0000033P   4289
193.8510375898929D0,1081.904665067813D0,-202.7630327757536D0,    0000033P   4290
198.0202010568182D0,1081.905611670984D0,-204.3204958310603D0,    0000033P   4291
202.2887622380314D0,1081.906558274154D0,-205.7965027079652D0,    0000033P   4292
206.5303044781677D0,1081.907504877325D0,-207.1836619046649D0,    0000033P   4293
210.706946668114D0,1081.908451480496D0,-208.5500473453742D0,     0000033P   4294
215.0289713321788D0,1081.909398083667D0,-209.8403711455732D0,    0000033P   4295
219.3309679860815D0,1081.910344686837D0,-211.0711769886282D0,    0000033P   4296
223.6560519551469D0,1081.911291290009D0,-212.2253650282122D0,    0000033P   4297
227.9497796539448D0,1081.912237893179D0,-213.3303726668665D0,    0000033P   4298
232.3104659318803D0,1081.913184496351D0,-214.3742140782225D0,    0000033P   4299
236.6858563599311D0,1081.914131099521D0,-215.3520291600065D0,    0000033P   4300
241.0499229648389D0,1081.915077702692D0,-216.2718846246602D0,    0000033P   4301
245.4242744705577D0,1081.916024305863D0,-217.1530746157738D0,    0000033P   4302
249.9117205624895D0,1081.916970909034D0,-217.9353286640985D0,    0000033P   4303
254.1673365209672D0,1081.917917512205D0,-218.7159873871613D0,    0000033P   4304
258.7293313193226D0,1081.918864115375D0,-219.4022256600667D0,    0000033P   4305
263.0490799162265D0,1081.919810718546D0,-220.0603886815147D0,    0000033P   4306
267.521127751163D0,1081.920757321717D0,-220.6609766382278D0,     0000033P   4307
272.000315986245D0,1081.921703924888D0,-221.2057769176378D0,     0000033P   4308
276.4285823693268D0,1081.922650528059D0,-221.6984083133971D0,    0000033P   4309
280.9135038050711D0,1081.923597131229D0,-222.1264643368793D0,    0000033P   4310
285.2545498908054D0,1081.924543734401D0,-222.5223442074876D0,    0000033P   4311
289.8127744298508D0,1081.925490337571D0,-222.85428829509D0,      0000033P   4312
294.2623584799349D0,1081.926436940742D0,-223.138801525383D0,     0000033P   4313
298.7138661436905D0,1081.927383543913D0,-223.3790450914438D0,    0000033P   4314
303.2491637537972D0,1081.928330147084D0,-223.5665769192605D0,    0000033P   4315
307.6440434226099D0,1081.929276750255D0,-223.7125051356358D0,    0000033P   4316
312.1621367520961D0,1081.930223353425D0,-223.8120365352447D0,    0000033P   4317
316.6371136079335D0,1081.931169956596D0,-223.8687495134544D0,    0000033P   4318
321.1480009289882D0,1081.932116559767D0,-223.8779140639406D0,    0000033P   4319
325.5941601250449D0,1081.933063162938D0,-223.8419568497811D0,    0000033P   4320
330.1057732875995D0,1081.933694231719D0,-223.7855749971709D0,    0000033P   4321
333.1010530442167D0,1081.934009766109D0,-223.7496618766759D0,    0000033P   4322
334.6D0,1122.301287284515D0,-3.151459850183371D-19,              0000033P   4323
11.94871052491557D0,1122.301154427282D0,-1.339261819287416D0,    0000033P   4324
12.50429522413217D0,1122.300888712817D0,-3.988723398912973D0,    0000033P   4325
13.61475201436527D0,1122.30049014112D0,-8.10110484519104D0,      0000033P   4326
15.37133564353493D0,1122.300091569422D0,-12.06621770612234D0,    0000033P   4327
17.09811668963311D0,1122.299692997724D0,-16.06142379475211D0,    0000033P   4328
18.86524246171696D0,1122.299294426026D0,-20.08963108814602D0,    0000033P   4329
20.67573081791498D0,1122.298895854329D0,-24.05988314089269D0,    0000033P   4330
22.48408141638174D0,1122.298497282631D0,-28.12600381847425D0,    0000033P   4331
24.36558408947577D0,1122.298098710934D0,-31.99406571208075D0,    0000033P   4332
26.18964620371399D0,1122.297700139236D0,-35.95197527102748D0,    0000033P   4333
28.09627224073007D0,1122.297301567539D0,-39.93901109257954D0,    0000033P   4334
30.06714564997643D0,1122.296902995841D0,-43.87742111693312D0,    0000033P   4335
32.06907860030231D0,1122.296504424144D0,-47.63964617886292D0,    0000033P   4336
34.03773918490579D0,1122.296105852446D0,-51.54854743589833D0,    0000033P   4337
36.13897416961218D0,1122.295707280749D0,-55.41742438851601D0,    0000033P   4338
38.27373444550719D0,1122.295308709051D0,-59.16729043502718D0,    0000033P   4339
40.39277367125655D0,1122.294910137353D0,-63.01681558030677D0,    0000033P   4340
42.61779310541384D0,1122.294511565656D0,-66.8223015335374D0,     0000033P   4341
44.8635233493282D0,1122.294112993958D0,-70.5703891272745D0,      0000033P   4342
47.13312255388377D0,1122.293714422261D0,-74.19652324989178D0,    0000033P   4343
49.38794207761176D0,1122.293315850563D0,-77.92399084102536D0,    0000033P   4344
51.78911884625708D0,1122.292917278866D0,-81.53671851674258D0,    0000033P   4345
54.20403941936706D0,1122.292518707168D0,-85.18458943496228D0,    0000033P   4346
56.74914625163138D0,1122.29212013547D0,-88.70179349318258D0,     0000033P   4347
59.3147306198415D0,1122.291721563773D0,-92.20616953407762D0,     0000033P   4348
61.97286688461554D0,1122.291322992075D0,-95.64241534310921D0,    0000033P   4349
64.67474994169373D0,1122.290924420378D0,-98.99491366369921D0,    0000033P   4350
67.39232205807824D0,1122.29052584868D0,-102.5210724092126D0,     0000033P   4351
70.33511579415537D0,1122.290127276983D0,-105.6769863367075D0,    0000033P   4352
73.03348904057667D0,1122.289728705285D0,-109.1322859485277D0,    0000033P   4353
76.0587813828211D0,1122.289330133587D0,-112.2562891305484D0,     0000033P   4354
78.86741290682403D0,1122.288931561889D0,-115.6158525635692D0,    0000033P   4355
81.97044302188967D0,1122.288532990192D0,-118.675291251795D0,     0000033P   4356
84.88071802380968D0,1122.288134418494D0,-121.83344926852D0,      0000033P   4357
87.97228321496823D0,1122.287735846797D0,-124.8879577452021D0,    0000033P   4358
91.05495811926416D0,1122.287337275099D0,-128.0132813790583D0,    0000033P   4359
94.30825195897909D0,1122.286938703401D0,-130.9102087005444D0,    0000033P   4360
97.40877281242216D0,1122.286540131704D0,-133.9484046098567D0,    0000033P   4361
100.7526918366261D0,1122.286141560006D0,-136.8071188365218D0,    0000033P   4362
103.9864280747525D0,1122.285742988309D0,-139.6709695848411D0,    0000033P   4363
107.3092806098172D0,1122.285344416611D0,-142.4558285166262D0,    0000033P   4364
110.6247952229874D0,1122.284945844913D0,-145.253457788176D0,     0000033P   4365
114.0423316010238D0,1122.284547273216D0,-147.9842937712309D0,    0000033P   4366
117.4690245720881D0,1122.284148701519D0,-150.7142741468235D0,    0000033P   4367
120.9892416278935D0,1122.283750129821D0,-153.3093466950409D0,    0000033P   4368
124.4270669364571D0,1122.283351558124D0,-155.9258827453351D0,    0000033P   4369
127.9912710634346D0,1122.282952986426D0,-158.4515802112404D0,    0000033P   4370
131.527985270624D0,1122.282554414728D0,-160.9673224348251D0,     0000033P   4371
135.1565551122318D0,1122.282155843031D0,-163.385895691574D0,     0000033P   4372
138.7533713385784D0,1122.281757271333D0,-165.7830514447244D0,    0000033P   4373
142.4308670618377D0,1122.281358699635D0,-168.131803312232D0,     0000033P   4374
146.1579169357423D0,1122.280960127938D0,-170.4054876715074D0,    0000033P   4375
149.894916357073D0,1122.28056155624D0,-172.6179610315547D0,      0000033P   4376
153.6639826841987D0,1122.280162984542D0,-174.8002571144024D0,    0000033P   4377
157.5196255153312D0,1122.279764412846D0,-176.9075031647671D0,    0000033P   4378
161.3788415405001D0,1122.279365841147D0,-178.9229872467972D0,    0000033P   4379
165.1982320104811D0,1122.27896726945D0,-180.9601354255554D0,     0000033P   4380
169.1948768862087D0,1122.278568697752D0,-182.8553335852111D0,    0000033P   4381
173.0444207358396D0,1122.278170126055D0,-184.7394227711479D0,    0000033P   4382
176.9942738950165D0,1122.277771554357D0,-186.619618589886D0,     0000033P   4383
181.0795027783389D0,1122.27737298266D0,-188.3337049216896D0,     0000033P   4384
184.9356106152945D0,1122.276974410962D0,-190.101836009538D0,     0000033P   4385
189.0564550206763D0,1122.276575839264D0,-191.7867040816009D0,    0000033P   4386
193.1398246316837D0,1122.276177267567D0,-193.3754271152148D0,    0000033P   4387
197.1379527418216D0,1122.275778695869D0,-194.93870870281D0,      0000033P   4388
201.2274623131095D0,1122.275380124172D0,-196.4751816424313D0,    0000033P   4389
205.417185403929D0,1122.274981552474D0,-197.9256260668795D0,     0000033P   4390
209.5477405051501D0,1122.274582980776D0,-199.2993454831124D0,    0000033P   4391
213.6341558273447D0,1122.274184409079D0,-200.6576499510008D0,    0000033P   4392
217.8724609178873D0,1122.273785837382D0,-201.9169598158784D0,    0000033P   4393
222.0046374889095D0,1122.273387265683D0,-203.1563437254613D0,    0000033P   4394
226.2953242484096D0,1122.272988693986D0,-204.3030183735275D0,    0000033P   4395
230.5079344738443D0,1122.272590122288D0,-205.373819010266D0,     0000033P   4396
234.6722212004834D0,1122.272191550591D0,-206.4087107305747D0,    0000033P   4397
238.9373433572325D0,1122.271792978894D0,-207.3949709333519D0,    0000033P   4398
243.2542643298437D0,1122.271394407195D0,-208.3072887488538D0,    0000033P   4399
247.4835764489741D0,1122.270995835498D0,-209.201203145248D0,     0000033P   4400
251.8819822328035D0,1122.270597263801D0,-210.0058755058557D0,    0000033P   4401
256.0735164478335D0,1122.270198692103D0,-210.803541644816D0,     0000033P   4402
260.4719007613537D0,1122.269800120406D0,-211.5292157075354D0,    0000033P   4403
264.7298367502108D0,1122.269401548708D0,-212.2358813587113D0,    0000033P   4404
269.1590976933798D0,1122.26900297701D0,-212.8623414437664D0,     0000033P   4405
273.3643241396891D0,1122.268604405313D0,-213.4803994765361D0,    0000033P   4406
277.8468676981794D0,1122.268205833616D0,-214.0235121893168D0,    0000033P   4407
282.1378515209113D0,1122.267807261918D0,-214.5178176840866D0,    0000033P   4408
286.4042905898086D0,1122.267408690221D0,-214.9867443309283D0,    0000033P   4409
290.8832044303944D0,1122.267010118523D0,-215.3912909330595D0,    0000033P   4410
295.2019150526115D0,1122.266611546825D0,-215.754181196551D0,     0000033P   4411
299.5570635352171D0,1122.266212975128D0,-216.0776504793935D0,    0000033P   4412
304.0010727328775D0,1122.26581440343D0,-216.3460301619933D0,     0000033P   4413
308.2704458626063D0,1122.265415831733D0,-216.5804957516579D0,    0000033P   4414
312.6941217784465D0,1122.265017260036D0,-216.7677349065105D0,    0000033P   4415
316.9903308831867D0,1122.264618688339D0,-216.9197555050247D0,    0000033P   4416
321.4970733531306D0,1122.264220116641D0,-217.0228276159104D0,    0000033P   4417
325.8297684873018D0,1122.263821544944D0,-217.0863706797427D0,    0000033P   4418
330.2357329816278D0,1122.263555830479D0,-217.0988320841441D0,    0000033P   4419
333.142698153371D0,1122.263422973247D0,-217.0980424116413D0,     0000033P   4420
334.6000000000001D0,1162.599189756506D0,1.726246245375864D-18,   0000033P   4421
16.08060173875615D0,1162.599405391482D0,-1.300804270162989D0,    0000033P   4422
16.64160636375894D0,1162.599836661434D0,-3.868068119306248D0,    0000033P   4423
17.76102397521449D0,1162.600483566363D0,-7.883747222464365D0,    0000033P   4424
19.55084125488126D0,1162.60113047129D0,-11.66427345478538D0,     0000033P   4425
21.26968120531026D0,1162.601777376218D0,-15.5707050604686D0,     0000033P   4426
23.083702303868D0,1162.602424281145D0,-19.42279530659986D0,      0000033P   4427
24.90378664223393D0,1162.603071186074D0,-23.28033743157386D0,    0000033P   4428
26.75764222706048D0,1162.603718091001D0,-27.15782481201196D0,    0000033P   4429
28.65637655830118D0,1162.60436499593D0,-30.98075247286324D0,     0000033P   4430
30.56968715406265D0,1162.605011900858D0,-34.76143385527105D0,    0000033P   4431
32.50122205600648D0,1162.605658805785D0,-38.55754148725455D0,    0000033P   4432
34.49101567074069D0,1162.606305710713D0,-42.37328111601225D0,    0000033P   4433
36.54731809564109D0,1162.606952615641D0,-46.02227593310013D0,    0000033P   4434
38.57103731390542D0,1162.607599520569D0,-49.74737985219349D0,    0000033P   4435
40.69403329659817D0,1162.608246425497D0,-53.50569748186086D0,    0000033P   4436
42.90041258644103D0,1162.608893330425D0,-57.08303548036723D0,    0000033P   4437
45.05754084818555D0,1162.609540235352D0,-60.76235897819377D0,    0000033P   4438
47.33864156289006D0,1162.61018714028D0,-64.4030634849363D0,      0000033P   4439
49.65919031917655D0,1162.610834045208D0,-67.9076865210904D0,     0000033P   4440
51.9521234136582D0,1162.611480950137D0,-71.49261354076343D0,     0000033P   4441
54.37866749230328D0,1162.612127855065D0,-74.97910876533814D0,    0000033P   4442
56.80153454850886D0,1162.612774759992D0,-78.44595320057994D0,    0000033P   4443
59.2903295904872D0,1162.613421664921D0,-81.90135894836809D0,     0000033P   4444
61.85591407535038D0,1162.614068569848D0,-85.25076361016042D0,    0000033P   4445
64.42500715397192D0,1162.614715474776D0,-88.60139764065104D0,    0000033P   4446
67.0802752657398D0,1162.615362379705D0,-91.91608317236391D0,     0000033P   4447
69.79294981785704D0,1162.616009284632D0,-95.14707554678111D0,    0000033P   4448
72.51276736687615D0,1162.61665618956D0,-98.48304768425996D0,     0000033P   4449
75.40279834491261D0,1162.617303094489D0,-101.5810614355678D0,    0000033P   4450
78.17200296485007D0,1162.617949999416D0,-104.7890062691515D0,    0000033P   4451
81.10805806189261D0,1162.618596904345D0,-107.8758071700195D0,    0000033P   4452
84.03203171248867D0,1162.619243809272D0,-111.0041451257247D0,    0000033P   4453
87.07663779163468D0,1162.619890714201D0,-113.920602825943D0,     0000033P   4454
90.00703243208072D0,1162.620537619128D0,-116.9047263972755D0,    0000033P   4455
93.09822251401589D0,1162.621184524056D0,-119.8527245216298D0,    0000033P   4456
96.25410705710839D0,1162.621831428984D0,-122.7131740299723D0,    0000033P   4457
99.40292333467657D0,1162.622478333913D0,-125.5088196626163D0,    0000033P   4458
102.5767586742222D0,1162.62312523884D0,-128.3414897666831D0,     0000033P   4459
105.8739779752865D0,1162.623772143769D0,-131.0764306237946D0,    0000033P   4460
109.1486430351576D0,1162.624419048696D0,-133.7698529504563D0,    0000033P   4461
112.4471412957734D0,1162.625065953625D0,-136.411203168513D0,     0000033P   4462
115.760607004594D0,1162.625712858552D0,-139.0608718573679D0,     0000033P   4463
119.1599541559114D0,1162.62635976348D0,-141.6383573045214D0,     0000033P   4464
122.5529619276284D0,1162.627006668409D0,-144.1955455572021D0,    0000033P   4465
125.9980838287667D0,1162.627653573336D0,-146.6894609926934D0,    0000033P   4466
129.4516959600684D0,1162.628300478265D0,-149.1351958483751D0,    0000033P   4467
132.9216322141467D0,1162.628947383192D0,-151.5529123570422D0,    0000033P   4468
136.4490790640327D0,1162.62959428812D0,-153.9619363947283D0,     0000033P   4469
140.0626268376791D0,1162.630241193049D0,-156.2256183846956D0,    0000033P   4470
143.5525021503291D0,1162.630888097976D0,-158.5545940676745D0,    0000033P   4471
147.2531646659841D0,1162.631535002904D0,-160.7709386923821D0,    0000033P   4472
150.8836623882539D0,1162.632181907832D0,-162.9159318051712D0,    0000033P   4473
154.5083678605628D0,1162.632828812761D0,-165.0731681760881D0,    0000033P   4474
158.2769554574897D0,1162.633475717688D0,-167.1291990713291D0,    0000033P   4475
161.9893614434689D0,1162.634122622616D0,-169.160433777713D0,     0000033P   4476
165.7800040193683D0,1162.634769527545D0,-171.1011367993979D0,    0000033P   4477
169.520924719588D0,1162.635416432472D0,-173.0647347920049D0,     0000033P   4478
173.431212122871D0,1162.6360633374D0,-174.8817933876397D0,       0000033P   4479
177.1706388928757D0,1162.636710242328D0,-176.7343590569446D0,    0000033P   4480
181.1056675406115D0,1162.637357147256D0,-178.5205861055588D0,    0000033P   4481
185.0313374586537D0,1162.638004052184D0,-180.1962710982849D0,    0000033P   4482
188.8407632776973D0,1162.638650957112D0,-181.8917624734262D0,    0000033P   4483
192.8315783577064D0,1162.63929786204D0,-183.518013460413D0,      0000033P   4484
196.8083337809631D0,1162.639944766968D0,-185.0819361578448D0,    0000033P   4485
200.7844717253653D0,1162.640591671895D0,-186.5716404833297D0,    0000033P   4486
204.7221776247185D0,1162.641238576824D0,-188.0607026334748D0,    0000033P   4487
208.8298438745611D0,1162.641885481752D0,-189.4312961664797D0,    0000033P   4488
212.7779548714706D0,1162.642532386679D0,-190.7966758599381D0,    0000033P   4489
216.8844663210543D0,1162.643179291607D0,-192.0798302086331D0,    0000033P   4490
220.9197960054543D0,1162.643826196535D0,-193.3464204498863D0,    0000033P   4491
225.084857647383D0,1162.644473101463D0,-194.5150270145716D0,     0000033P   4492
229.111677660553D0,1162.645120006391D0,-195.6825536051491D0,     0000033P   4493
233.3234160595823D0,1162.645766911318D0,-196.7487543255076D0,    0000033P   4494
237.3508813913422D0,1162.646413816247D0,-197.7949291709683D0,    0000033P   4495
241.4858454825496D0,1162.647060721175D0,-198.8088015418117D0,    0000033P   4496
245.6956773658919D0,1162.647707626102D0,-199.746425049701D0,     0000033P   4497
249.7816380629924D0,1162.64835453103D0,-200.6840692654791D0,     0000033P   4498
254.0808904787834D0,1162.649001435958D0,-201.5259558670407D0,    0000033P   4499
258.1545991937564D0,1162.649648340886D0,-202.3636777216803D0,    0000033P   4500
262.4312458802821D0,1162.650295245814D0,-203.128477173155D0,     0000033P   4501
266.5794011618821D0,1162.650942150742D0,-203.8676076759613D0,    0000033P   4502
270.8496981510147D0,1162.651589055669D0,-204.5372358782929D0,    0000033P   4503
274.9623881652947D0,1162.652235960597D0,-205.1894539865039D0,    0000033P   4504
279.2770565324597D0,1162.652882865525D0,-205.7880364740082D0,    0000033P   4505
283.516037845314D0,1162.653529770453D0,-206.3320591720554D0,     0000033P   4506
287.6933693244731D0,1162.654176675381D0,-206.8451170506307D0,    0000033P   4507
291.9775635347366D0,1162.654823580309D0,-207.3103699727433D0,    0000033P   4508
296.204153408358D0,1162.655470485236D0,-207.7396803198963D0,     0000033P   4509
300.4764246174253D0,1162.656117390165D0,-208.130413734475D0,     0000033P   4510
304.7836456373788D0,1162.656764295092D0,-208.4691228042929D0,    0000033P   4511
308.9364282815326D0,1162.657411200021D0,-208.7846613116628D0,    0000033P   4512
313.2654906426128D0,1162.658058104948D0,-209.0536587867934D0,    0000033P   4513
317.4636288723545D0,1162.658705009876D0,-209.2923182334324D0,    0000033P   4514
321.8053511795865D0,1162.659351914804D0,-209.4907706821608D0,    0000033P   4515
326.0869459407235D0,1162.659998819732D0,-209.6467603647272D0,    0000033P   4516
330.2986097111216D0,1162.660430089683D0,-209.7294333063052D0,    0000033P   4517
333.1714453629344D0,1162.660645724659D0,-209.7637643072573D0,    0000033P   4518
334.6000000000001D0,1202.9099094643D0,1.179629419640029D-18,     0000033P   4519
20.77207244281852D0,1202.909835729969D0,-1.261323749222934D0,    0000033P   4520
21.33732494312976D0,1202.909688261306D0,-3.754225801141037D0,    0000033P   4521
22.46838510518167D0,1202.909467058314D0,-7.622331094413073D0,    0000033P   4522
24.27228770837409D0,1202.90924585532D0,-11.24515225925854D0,     0000033P   4523
26.00406449006306D0,1202.909024652326D0,-15.0391576525064D0,     0000033P   4524
27.86544213392564D0,1202.908803449333D0,-18.69267168082722D0,    0000033P   4525
29.70381700573518D0,1202.908582246339D0,-22.42732950246537D0,    0000033P   4526
31.62807284186691D0,1202.908361043345D0,-26.060342093461D0,      0000033P   4527
33.54732310032287D0,1202.908139840352D0,-29.83364518293591D0,    0000033P   4528
35.58591335218531D0,1202.907918637359D0,-33.3912464817508D0,     0000033P   4529
37.55703437498241D0,1202.907697434365D0,-36.98749925883027D0,    0000033P   4530
39.59458814813937D0,1202.907476231371D0,-40.62759370206618D0,    0000033P   4531
41.70778217108256D0,1202.907255028378D0,-44.1695871171779D0,     0000033P   4532
43.81389861119617D0,1202.907033825384D0,-47.69139069960163D0,    0000033P   4533
45.96424022095184D0,1202.906812622391D0,-51.30525253354963D0,    0000033P   4534
48.23543637012885D0,1202.906591419397D0,-54.71316627037611D0,    0000033P   4535
50.44259507508474D0,1202.906370216404D0,-58.19759058998634D0,    0000033P   4536
52.76975703365984D0,1202.90614901341D0,-61.64858062390514D0,     0000033P   4537
55.15455224474901D0,1202.905927810417D0,-64.94692714183387D0,    0000033P   4538
57.50311231342246D0,1202.905706607423D0,-68.42586607139521D0,    0000033P   4539
60.05740531569217D0,1202.90548540443D0,-71.69416109899422D0,     0000033P   4540
62.5243577073826D0,1202.905264201436D0,-74.98898577463606D0,     0000033P   4541
65.07586393008145D0,1202.905042998443D0,-78.2433120465402D0,     0000033P   4542
67.66028102417101D0,1202.904821795449D0,-81.4089826946518D0,     0000033P   4543
70.23176170392279D0,1202.904600592455D0,-84.60390563622076D0,    0000033P   4544
72.89193834000406D0,1202.904379389462D0,-87.78229010654721D0,    0000033P   4545
75.6115320671247D0,1202.904158186468D0,-90.88705728132635D0,     0000033P   4546
78.34320598801835D0,1202.903936983474D0,-93.97375664514651D0,    0000033P   4547
81.1415743877678D0,1202.903715780482D0,-97.03906006818015D0,     0000033P   4548
84.00714164021514D0,1202.903494577487D0,-99.95194707661548D0,    0000033P   4549
86.81832250564209D0,1202.903273374495D0,-103.0130297639765D0,    0000033P   4550
89.8644555687624D0,1202.903052171501D0,-105.8777512287054D0,     0000033P   4551
92.81390571179855D0,1202.902830968507D0,-108.6829264973616D0,    0000033P   4552
95.78765868131011D0,1202.902609765514D0,-111.4852089948729D0,    0000033P   4553
98.85391830299385D0,1202.90238856252D0,-114.3244558862706D0,     0000033P   4554
102.0625420837082D0,1202.902167359526D0,-116.9217832885548D0,    0000033P   4555
105.0889934806364D0,1202.901946156533D0,-119.6185158298848D0,    0000033P   4556
108.3161388038999D0,1202.901724953539D0,-122.2509232329368D0,    0000033P   4557
111.5542289418395D0,1202.901503750547D0,-124.8692408781179D0,    0000033P   4558
114.857048065631D0,1202.901282547553D0,-127.3836728875307D0,     0000033P   4559
118.1070806276318D0,1202.901061344559D0,-129.8946698489633D0,    0000033P   4560
121.4234953645232D0,1202.900840141566D0,-132.3791476262783D0,    0000033P   4561
124.7808865514079D0,1202.900618938571D0,-134.8001486093012D0,    0000033P   4562
128.1299280923346D0,1202.900397735579D0,-137.1767519242049D0,    0000033P   4563
131.4945985262686D0,1202.900176532585D0,-139.554649115296D0,     0000033P   4564
134.9445188694733D0,1202.899955329592D0,-141.851112890705D0,     0000033P   4565
138.359870183885D0,1202.899734126597D0,-144.1202971180815D0,     0000033P   4566
141.8222101652557D0,1202.899512923605D0,-146.4342605493541D0,    0000033P   4567
145.4466093000949D0,1202.899291720611D0,-148.5316278310532D0,    0000033P   4568
148.8185759310333D0,1202.899070517617D0,-150.7771174289427D0,    0000033P   4569
152.5233731946981D0,1202.898849314624D0,-152.8478346311434D0,    0000033P   4570
156.0376540405836D0,1202.89862811163D0,-154.8780109590263D0,     0000033P   4571
159.5709997367352D0,1202.898406908638D0,-156.9630794120791D0,    0000033P   4572
163.3043669259525D0,1202.898185705644D0,-158.8995800341114D0,    0000033P   4573
166.8717669592372D0,1202.89796450265D0,-160.855952018201D0,      0000033P   4574
170.5796403060272D0,1202.897743299658D0,-162.7311288475482D0,    0000033P   4575
174.241310166994D0,1202.897522096663D0,-164.6036253183611D0,     0000033P   4576
178.0115468225715D0,1202.89730089367D0,-166.3780188139059D0,     0000033P   4577
181.6960815302091D0,1202.897079690676D0,-168.1780020360735D0,    0000033P   4578
185.558391869568D0,1202.896858487683D0,-169.8693337324893D0,     0000033P   4579
189.3127004896511D0,1202.896637284689D0,-171.5212771906194D0,    0000033P   4580
193.1050808958026D0,1202.896416081696D0,-173.1272339251881D0,    0000033P   4581
196.9279327236631D0,1202.896194878703D0,-174.6858259954077D0,    0000033P   4582
200.7771902049267D0,1202.89597367571D0,-176.2293412840466D0,     0000033P   4583
204.745492212627D0,1202.895752472716D0,-177.6397824496196D0,     0000033P   4584
208.5197405397711D0,1202.895531269723D0,-179.0717569356892D0,    0000033P   4585
212.5165038883751D0,1202.895310066729D0,-180.3771497445695D0,    0000033P   4586
216.3165826143212D0,1202.895088863736D0,-181.7217848441044D0,    0000033P   4587
220.3925616212158D0,1202.894867660742D0,-182.9401642902703D0,    0000033P   4588
224.2365378831092D0,1202.894646457748D0,-184.2119270894401D0,    0000033P   4589
228.4058475488602D0,1202.894425254755D0,-185.3195228908155D0,    0000033P   4590
232.1741226641339D0,1202.894204051761D0,-186.5045581482094D0,    0000033P   4591
236.3448952974397D0,1202.893982848768D0,-187.5783198593098D0,    0000033P   4592
240.2625662970686D0,1202.893761645774D0,-188.6380269107971D0,    0000033P   4593
244.2655770586978D0,1202.893540442781D0,-189.6736905729957D0,    0000033P   4594
248.3387356149601D0,1202.893319239788D0,-190.6429292172767D0,    0000033P   4595
252.3135190955404D0,1202.893098036795D0,-191.6077905382323D0,    0000033P   4596
256.4562833622736D0,1202.892876833801D0,-192.4844013077526D0,    0000033P   4597
260.4113442334478D0,1202.892655630808D0,-193.3602178379137D0,    0000033P   4598
264.5807098977999D0,1202.892434427815D0,-194.1566972716121D0,    0000033P   4599
268.5962552596074D0,1202.892213224822D0,-194.9200029728336D0,    0000033P   4600
272.6693128098531D0,1202.891992021828D0,-195.6376342125063D0,    0000033P   4601
276.7421625537782D0,1202.891770818835D0,-196.3176727808415D0,    0000033P   4602
280.8407924682102D0,1202.891549615841D0,-196.9668993112031D0,    0000033P   4603
285.0182904483751D0,1202.891328412848D0,-197.5594699864962D0,    0000033P   4604
289.0964145185569D0,1202.891107209855D0,-198.1133092640074D0,    0000033P   4605
293.1701426685821D0,1202.890886006861D0,-198.6367152045258D0,    0000033P   4606
297.3040075366622D0,1202.890664803868D0,-199.1272285585961D0,    0000033P   4607
301.4704679352452D0,1202.890443600875D0,-199.5794521512817D0,    0000033P   4608
305.6160526752196D0,1202.890222397881D0,-199.9882500395708D0,    0000033P   4609
309.6727639149814D0,1202.890001194888D0,-200.3788986407869D0,    0000033P   4610
313.8775045345936D0,1202.889779991894D0,-200.7284892958075D0,    0000033P   4611
318.0050881123365D0,1202.889558788901D0,-201.0483214138556D0,    0000033P   4612
322.1239300034774D0,1202.889337585908D0,-201.3411740817673D0,    0000033P   4613
326.3448970411122D0,1202.889116382915D0,-201.5894043964338D0,    0000033P   4614
330.3682091588798D0,1202.888968914252D0,-201.7419173885775D0,    0000033P   4615
333.2017113182952D0,1202.888895179921D0,-201.8113672723366D0,    0000033P   4616
334.6000000000001D0,1243.115636958825D0,-6.452325786401493D-18,  0000033P   4617
25.85134472067324D0,1243.115716134848D0,-1.20684109708D0,        0000033P   4618
26.43372042303352D0,1243.115874486894D0,-3.598550358565045D0,    0000033P   4619
27.60374299163942D0,1243.116112014962D0,-7.260296500267474D0,    0000033P   4620
29.44593954698936D0,1243.116349543031D0,-10.799548912949D0,      0000033P   4621
31.28397270521568D0,1243.1165870711D0,-14.35874527263225D0,      0000033P   4622
33.18166667895506D0,1243.116824599168D0,-17.84411772123721D0,    0000033P   4623
35.0986403857331D0,1243.117062127237D0,-21.41844487708701D0,     0000033P   4624
37.12468539362183D0,1243.117299655306D0,-24.79818288047384D0,    0000033P   4625
39.09345485953659D0,1243.117537183375D0,-28.38448055554152D0,    0000033P   4626
41.23512433738051D0,1243.117774711444D0,-31.75092836051194D0,    0000033P   4627
43.29685635197578D0,1243.118012239512D0,-35.14967411368619D0,    0000033P   4628
45.42268182220354D0,1243.118249767581D0,-38.56422993147796D0,    0000033P   4629
47.60065110742588D0,1243.11848729565D0,-41.94180334723814D0,     0000033P   4630
49.79578661969932D0,1243.118724823718D0,-45.27235148666862D0,    0000033P   4631
52.00646236240182D0,1243.118962351787D0,-48.66686934724045D0,    0000033P   4632
54.31281073634361D0,1243.119199879856D0,-51.93704294221506D0,    0000033P   4633
56.59256578599188D0,1243.119437407925D0,-55.20854090935257D0,    0000033P   4634
58.93587422317447D0,1243.119674935993D0,-58.47652139910308D0,    0000033P   4635
61.34568818560129D0,1243.119912464062D0,-61.69057325931001D0,    0000033P   4636
63.79411770161057D0,1243.120149992131D0,-64.86635827511466D0,    0000033P   4637
66.2674417092922D0,1243.1203875202D0,-68.02144601785682D0,       0000033P   4638
68.8114044469264D0,1243.120625048268D0,-71.13284176226182D0,     0000033P   4639
71.38531387314556D0,1243.120862576338D0,-74.19260663278979D0,    0000033P   4640
73.9863324670474D0,1243.121100104406D0,-77.19258376405843D0,     0000033P   4641
76.61078196961982D0,1243.121337632475D0,-80.19847604506441D0,    0000033P   4642
79.31277651976149D0,1243.121575160543D0,-83.14583353253788D0,    0000033P   4643
82.03547059395211D0,1243.121812688612D0,-86.08035949833469D0,    0000033P   4644
84.8267247216408D0,1243.122050216681D0,-88.9539312001117D0,      0000033P   4645
87.64121988703802D0,1243.12228774475D0,-91.81482920330299D0,     0000033P   4646
90.5136647414807D0,1243.122525272818D0,-94.55538889537326D0,     0000033P   4647
93.34974116686432D0,1243.122762800887D0,-97.40250689117178D0,    0000033P   4648
96.36546374312469D0,1243.123000328956D0,-100.0881826362906D0,    0000033P   4649
99.2947590168464D0,1243.123237857025D0,-102.7701159625768D0,     0000033P   4650
102.2987023464617D0,1243.123475385093D0,-105.3904263530864D0,    0000033P   4651
105.3091052306619D0,1243.123712913162D0,-108.0566794805229D0,    0000033P   4652
108.4583330615732D0,1243.12395044123D0,-110.5411171894341D0,     0000033P   4653
111.4793004690947D0,1243.1241879693D0,-113.0790805455253D0,      0000033P   4654
114.6356469320371D0,1243.124425497368D0,-115.5997222413518D0,    0000033P   4655
117.8631202523902D0,1243.124663025437D0,-118.0559103709333D0,    0000033P   4656
121.0821496196458D0,1243.124900553506D0,-120.4355920728907D0,    0000033P   4657
124.2811457515212D0,1243.125138081574D0,-122.8089755100387D0,    0000033P   4658
127.5484030128088D0,1243.125375609644D0,-125.1586106761228D0,    0000033P   4659
130.8666454042469D0,1243.125613137712D0,-127.4127739079745D0,    0000033P   4660
134.12373918948D0,1243.125850665781D0,-129.6713129328333D0,      0000033P   4661
137.4760480096141D0,1243.126088193849D0,-131.8762027116189D0,    0000033P   4662
140.824104631326D0,1243.126325721918D0,-134.0938826166836D0,     0000033P   4663
144.287434109396D0,1243.126563249987D0,-136.1562453983898D0,     0000033P   4664
147.5819946084826D0,1243.126800778056D0,-138.3543029053943D0,    0000033P   4665
151.1900294317263D0,1243.127038306124D0,-140.3206721842568D0,    0000033P   4666
154.5012853564929D0,1243.127275834194D0,-142.412490874144D0,     0000033P   4667
158.1035219644953D0,1243.127513362262D0,-144.3598425995535D0,    0000033P   4668
161.543979288309D0,1243.12775089033D0,-146.3004412416572D0,      0000033P   4669
165.0479036976866D0,1243.127988418399D0,-148.2555445863754D0,    0000033P   4670
168.6617367882136D0,1243.128225946468D0,-150.1001210016086D0,    0000033P   4671
172.1503252527337D0,1243.128463474536D0,-151.9637879489565D0,    0000033P   4672
175.7591566678601D0,1243.128701002606D0,-153.7595301377864D0,    0000033P   4673
179.326522534681D0,1243.128938530674D0,-155.5335150340792D0,     0000033P   4674
182.9503399221611D0,1243.129176058743D0,-157.2811833369976D0,    0000033P   4675
186.6297690416526D0,1243.129413586812D0,-158.9601136829442D0,    0000033P   4676
190.2770532179696D0,1243.12965111488D0,-160.5998277235869D0,     0000033P   4677
193.9641947753582D0,1243.129888642949D0,-162.1906537015597D0,    0000033P   4678
197.6690400579772D0,1243.130126171018D0,-163.7276738778281D0,    0000033P   4679
201.380172443036D0,1243.130363699087D0,-165.2091997505334D0,     0000033P   4680
205.0827111458005D0,1243.130601227155D0,-166.7076987283641D0,    0000033P   4681
208.9640642167707D0,1243.130838755224D0,-168.0721019461232D0,    0000033P   4682
212.6243160215892D0,1243.131076283293D0,-169.4532685255742D0,    0000033P   4683
216.4559831033289D0,1243.131313811362D0,-170.7764311031765D0,    0000033P   4684
220.2490305561908D0,1243.13155133943D0,-172.0694705522177D0,     0000033P   4685
224.0826415883392D0,1243.131788867499D0,-173.3103097820592D0,    0000033P   4686
227.8786368083878D0,1243.132026395567D0,-174.5436780941414D0,    0000033P   4687
231.7916575930061D0,1243.132263923637D0,-175.6886046078874D0,    0000033P   4688
235.5428115114878D0,1243.132501451705D0,-176.8550588695964D0,    0000033P   4689
239.5120727452206D0,1243.132738979774D0,-177.9301042228843D0,    0000033P   4690
243.3146283330925D0,1243.132976507842D0,-178.9866180461973D0,    0000033P   4691
247.2024146032627D0,1243.133214035912D0,-180.0122480218863D0,    0000033P   4692
251.1401778499246D0,1243.13345156398D0,-180.9918347032904D0,     0000033P   4693
255.0668654553423D0,1243.13368909205D0,-181.9187914601124D0,     0000033P   4694
258.948861203377D0,1243.133926620117D0,-182.8093451664099D0,     0000033P   4695
262.8379109313454D0,1243.134164148187D0,-183.6952498580965D0,    0000033P   4696
266.8872660064272D0,1243.134401676256D0,-184.5078669701131D0,    0000033P   4697
270.7729855219728D0,1243.134639204324D0,-185.2939049924109D0,    0000033P   4698
274.6891683161263D0,1243.134876732393D0,-186.0509048467309D0,    0000033P   4699
278.6459163149379D0,1243.135114260461D0,-186.7843633305374D0,    0000033P   4700
282.6554375119295D0,1243.13535178853D0,-187.4686012864292D0,     0000033P   4701
286.6103264372541D0,1243.135589316598D0,-188.1230081715711D0,    0000033P   4702
290.5839004344886D0,1243.135826844667D0,-188.7389847509019D0,    0000033P   4703
294.5318860017642D0,1243.136064372736D0,-189.3263982494941D0,    0000033P   4704
298.5332521826889D0,1243.136301900805D0,-189.8786926256113D0,    0000033P   4705
302.5347843582016D0,1243.136539428874D0,-190.3958876252133D0,    0000033P   4706
306.5150259357034D0,1243.136776956942D0,-190.8838658119261D0,    0000033P   4707
310.5081381333093D0,1243.137014485011D0,-191.3441869159064D0,    0000033P   4708
314.5296173691606D0,1243.137252013079D0,-191.7770151105677D0,    0000033P   4709
318.5610726702456D0,1243.137489541148D0,-192.1747793661017D0,    0000033P   4710
322.5030594681472D0,1243.137727069217D0,-192.5575850478383D0,    0000033P   4711
326.5820298082614D0,1243.137964597286D0,-192.9037175887956D0,    0000033P   4712
330.5182879282002D0,1243.138122949332D0,-193.1232757124324D0,    0000033P   4713
333.2478541423458D0,1243.138202125355D0,-193.2275045279177D0,    0000033P   4714
334.6000000000001D0,1283.255921960863D0,-4.405242071585174D-18,  0000033P   4715
31.63604926600749D0,1283.256009261895D0,-1.141022508052914D0,    0000033P   4716
32.24266691732917D0,1283.25618386396D0,-3.406619360296923D0,     0000033P   4717
33.46374019879442D0,1283.256445767056D0,-6.839996764179781D0,    0000033P   4718
35.36749669454619D0,1283.256707670155D0,-10.27249778659935D0,    0000033P   4719
37.32923967084354D0,1283.256969573253D0,-13.56619540775163D0,    0000033P   4720
39.27188107984112D0,1283.25723147635D0,-16.88344936140808D0,     0000033P   4721
41.28639981336988D0,1283.257493379447D0,-20.25853333387664D0,    0000033P   4722
43.4058017327806D0,1283.257755282544D0,-23.41227128888238D0,     0000033P   4723
45.44511990395934D0,1283.258017185642D0,-26.73790730654076D0,    0000033P   4724
47.65370213597494D0,1283.258279088739D0,-29.93607793063835D0,    0000033P   4725
49.82546298892706D0,1283.258540991837D0,-33.13332145759651D0,    0000033P   4726
52.04203188193065D0,1283.258802894934D0,-36.30224508322176D0,    0000033P   4727
54.27902352824161D0,1283.259064798032D0,-39.47378532473D0,       0000033P   4728
56.55115289309001D0,1283.259326701129D0,-42.61048994872881D0,    0000033P   4729
58.83504358529903D0,1283.259588604227D0,-45.74934803543789D0,    0000033P   4730
61.16493962202123D0,1283.259850507324D0,-48.8714629106354D0,     0000033P   4731
63.52680914288168D0,1283.260112410422D0,-51.91933302998278D0,    0000033P   4732
65.88576337507914D0,1283.260374313519D0,-54.9964105392836D0,     0000033P   4733
68.32110189684867D0,1283.260636216616D0,-58.0966301410943D0,     0000033P   4734
70.8430701834416D0,1283.260898119713D0,-60.96110407953754D0,     0000033P   4735
73.23505410565458D0,1283.261160022811D0,-63.97711228627658D0,    0000033P   4736
75.82752166713486D0,1283.261421925908D0,-66.89018875858093D0,    0000033P   4737
78.41068422868032D0,1283.261683829006D0,-69.76063743590984D0,    0000033P   4738
81.03713315576897D0,1283.261945732102D0,-72.58329746174539D0,    0000033P   4739
83.70946442270122D0,1283.2622076352D0,-75.38670639261289D0,      0000033P   4740
86.45155780219353D0,1283.262469538297D0,-78.09033672373991D0,    0000033P   4741
89.17707672771068D0,1283.262731441395D0,-80.8312692486484D0,     0000033P   4742
92.01678414200423D0,1283.262993344492D0,-83.50462565933721D0,    0000033P   4743
94.86091999560135D0,1283.263255247589D0,-86.1097193813508D0,     0000033P   4744
97.6996932897888D0,1283.263517150686D0,-88.71901450150881D0,     0000033P   4745
100.6010838459044D0,1283.263779053784D0,-91.28468396995186D0,    0000033P   4746
103.5217213373956D0,1283.264040956881D0,-93.83360763704576D0,    0000033P   4747
106.4797860801244D0,1283.264302859979D0,-96.34937442840246D0,    0000033P   4748
109.4687625076745D0,1283.264564763076D0,-98.79638486133538D0,    0000033P   4749
112.4374595295585D0,1283.264826666172D0,-101.2564302003302D0,    0000033P   4750
115.4906283416359D0,1283.26508856927D0,-103.6568330103836D0,     0000033P   4751
118.5362377285058D0,1283.265350472367D0,-106.0152939432653D0,    0000033P   4752
121.5988861354694D0,1283.265612375465D0,-108.4162422348317D0,    0000033P   4753
124.7940350027654D0,1283.265874278562D0,-110.6945177580959D0,    0000033P   4754
127.9011943348702D0,1283.26613618166D0,-112.9566804965177D0,     0000033P   4755
131.0601096535476D0,1283.266398084757D0,-115.1800600014673D0,    0000033P   4756
134.2449830331387D0,1283.266659987855D0,-117.3933319823053D0,    0000033P   4757
137.4968973351666D0,1283.266921890951D0,-119.507196537088D0,     0000033P   4758
140.6793007761312D0,1283.267183794049D0,-121.6514377684824D0,    0000033P   4759
143.9916387077778D0,1283.267445697146D0,-123.6924469992565D0,    0000033P   4760
147.22356831005D0,1283.267707600244D0,-125.8291185165305D0,      0000033P   4761
150.6960337374716D0,1283.267969503341D0,-127.7210600340515D0,    0000033P   4762
153.848834322062D0,1283.268231406438D0,-129.7817119848765D0,     0000033P   4763
157.3712942306323D0,1283.268493309535D0,-131.6430898704002D0,    0000033P   4764
160.6332673501357D0,1283.268755212634D0,-133.5690935185823D0,    0000033P   4765
164.0867101384944D0,1283.26901711573D0,-135.408232067035D0,      0000033P   4766
167.4583662495231D0,1283.269279018827D0,-137.2706093403373D0,    0000033P   4767
170.9448219693438D0,1283.269540921924D0,-139.0729404015179D0,    0000033P   4768
174.3926111730856D0,1283.269802825022D0,-140.8411605632302D0,    0000033P   4769
177.8385579432748D0,1283.27006472812D0,-142.5912746004895D0,     0000033P   4770
181.3195268523382D0,1283.270326631217D0,-144.3046096533684D0,    0000033P   4771
184.804696631881D0,1283.270588534315D0,-145.9715212813764D0,     0000033P   4772
188.2798686129104D0,1283.270850437411D0,-147.6673256398938D0,    0000033P   4773
191.9156185893518D0,1283.27111234051D0,-149.2274465402604D0,     0000033P   4774
195.3608788321265D0,1283.271374243607D0,-150.8107833662723D0,    0000033P   4775
198.9684033126934D0,1283.271636146704D0,-152.3340781068141D0,    0000033P   4776
202.5615548711829D0,1283.271898049801D0,-153.8118645251071D0,    0000033P   4777
206.1617894284302D0,1283.272159952899D0,-155.23791780761D0,      0000033P   4778
209.7433687705673D0,1283.272421855995D0,-156.6772554080643D0,    0000033P   4779
213.4666779381237D0,1283.272683759094D0,-158.0170192405569D0,    0000033P   4780
217.0305345625117D0,1283.272945662191D0,-159.3552028136772D0,    0000033P   4781
220.6797574791834D0,1283.273207565288D0,-160.7042914203456D0,    0000033P   4782
224.4543659575502D0,1283.273469468385D0,-161.9526828590824D0,    0000033P   4783
228.0368423353886D0,1283.273731371483D0,-163.218342200312D0,     0000033P   4784
231.7770205773172D0,1283.273993274581D0,-164.4036002755256D0,    0000033P   4785
235.3931612832598D0,1283.274255177679D0,-165.5950980532506D0,    0000033P   4786
239.1638040147478D0,1283.274517080775D0,-166.7255373171508D0,    0000033P   4787
242.8878357720943D0,1283.274778983873D0,-167.802448639544D0,     0000033P   4788
246.5954161898279D0,1283.27504088697D0,-168.8439644230381D0,     0000033P   4789
250.3525632437481D0,1283.275302790068D0,-169.8479875282704D0,    0000033P   4790
254.1398789647673D0,1283.275564693165D0,-170.8268194515059D0,    0000033P   4791
257.9973368077731D0,1283.275826596263D0,-171.7163349024346D0,    0000033P   4792
261.6444838395781D0,1283.27608849936D0,-172.6118785639922D0,     0000033P   4793
265.4474676288052D0,1283.276350402458D0,-173.4973515853685D0,    0000033P   4794
269.3420031109875D0,1283.276612305556D0,-174.3284207771835D0,    0000033P   4795
273.1138570884834D0,1283.276874208652D0,-175.1346388130253D0,    0000033P   4796
276.8800383382073D0,1283.27713611175D0,-175.9223963132067D0,     0000033P   4797
280.678494214488D0,1283.277398014847D0,-176.7081668435242D0,     0000033P   4798
284.6114433274928D0,1283.277659917945D0,-177.4231897387345D0,    0000033P   4799
288.3243264239848D0,1283.277921821042D0,-178.1346704438573D0,    0000033P   4800
292.1722724984707D0,1283.278183724139D0,-178.8135463670236D0,    0000033P   4801
296.0160194776416D0,1283.278445627238D0,-179.4607960377421D0,    0000033P   4802
299.8604098438526D0,1283.278707530335D0,-180.0730187462216D0,    0000033P   4803
303.6826317546679D0,1283.278969433432D0,-180.6550734925145D0,    0000033P   4804
307.5003587645884D0,1283.279231336529D0,-181.2222555847928D0,    0000033P   4805
311.4157692059488D0,1283.279493239626D0,-181.7505628191544D0,    0000033P   4806
315.2446535092524D0,1283.279755142724D0,-182.2621450545146D0,    0000033P   4807
319.1396447543481D0,1283.280017045822D0,-182.7371490836858D0,    0000033P   4808
322.9419337239168D0,1283.280278948919D0,-183.202758013943D0,     0000033P   4809
326.8443082252368D0,1283.280540852017D0,-183.6392068346823D0,    0000033P   4810
330.7020902665405D0,1283.280715454082D0,-183.9183266735247D0,    0000033P   4811
333.3026756910413D0,1283.280802755114D0,-184.053465466909D0,     0000033P   4812
334.6D0,1323.412822961872D0,2.420758802771799D-17,               0000033P   4813
38.46938877833919D0,1323.412392349316D0,-1.067522574957478D0,    0000033P   4814
39.10146377324094D0,1323.411531124204D0,-3.183929842106311D0,    0000033P   4815
40.37011921554461D0,1323.410239286536D0,-6.403899308901497D0,    0000033P   4816
42.35742988362907D0,1323.408947448869D0,-9.60843711219294D0,     0000033P   4817
44.38362493525501D0,1323.407655611202D0,-12.69815101349307D0,    0000033P   4818
46.39926767798765D0,1323.406363773534D0,-15.81672478029123D0,    0000033P   4819
48.48829987301594D0,1323.405071935866D0,-18.95207010160864D0,    0000033P   4820
50.65210198885238D0,1323.403780098198D0,-21.94352820578827D0,    0000033P   4821
52.77463590026487D0,1323.402488260532D0,-24.99876566406332D0,    0000033P   4822
54.99936973337142D0,1323.401196422863D0,-28.04251131470308D0,    0000033P   4823
57.26838923372524D0,1323.399904585196D0,-31.02790545618733D0,    0000033P   4824
59.53948439789858D0,1323.398612747528D0,-33.96109422966477D0,    0000033P   4825
61.81560770508754D0,1323.39732090986D0,-36.90076907047268D0,     0000033P   4826
64.13347978553536D0,1323.396029072193D0,-39.82634958781451D0,    0000033P   4827
66.48287071771573D0,1323.394737234525D0,-42.71199700855058D0,    0000033P   4828
68.84246998683412D0,1323.393445396858D0,-45.63342759937214D0,    0000033P   4829
71.2824479332549D0,1323.39215355919D0,-48.45436676067443D0,      0000033P   4830
73.68577546521081D0,1323.390861721523D0,-51.31796580835849D0,    0000033P   4831
76.18673559622795D0,1323.389569883854D0,-54.12228418815641D0,    0000033P   4832
78.68443519418136D0,1323.388278046187D0,-56.85748286134864D0,    0000033P   4833
81.20397104591798D0,1323.386986208519D0,-59.57682457156042D0,    0000033P   4834
83.75418263216439D0,1323.385694370852D0,-62.27317102787308D0,    0000033P   4835
86.36037079789737D0,1323.384402533184D0,-64.9583098067076D0,     0000033P   4836
89.03187502619917D0,1323.383110695516D0,-67.56216639126045D0,    0000033P   4837
91.69062708305667D0,1323.381818857849D0,-70.16960306235819D0,    0000033P   4838
94.43188136541322D0,1323.380527020181D0,-72.69932578602899D0,    0000033P   4839
97.16318970953422D0,1323.379235182514D0,-75.24402698838057D0,    0000033P   4840
99.98062671384865D0,1323.377943344846D0,-77.70681000289974D0,    0000033P   4841
102.7728278056536D0,1323.376651507179D0,-80.12556863974098D0,    0000033P   4842
105.5861602520592D0,1323.375359669511D0,-82.56264474269614D0,    0000033P   4843
108.4830839141363D0,1323.374067831843D0,-84.90069796778545D0,    0000033P   4844
111.3319124598428D0,1323.372775994175D0,-87.31275949804036D0,    0000033P   4845
114.3412772462987D0,1323.371484156508D0,-89.58813053433771D0,    0000033P   4846
117.2375072499066D0,1323.37019231884D0,-91.87939227075786D0,     0000033P   4847
120.2237664533302D0,1323.368900481173D0,-94.13113256728774D0,    0000033P   4848
123.2197806424875D0,1323.367608643505D0,-96.3542988169078D0,     0000033P   4849
126.2326988560109D0,1323.366316805838D0,-98.55178408423495D0,    0000033P   4850
129.2802399174038D0,1323.36502496817D0,-100.7280578805503D0,     0000033P   4851
132.3504141943586D0,1323.363733130502D0,-102.8424640345584D0,    0000033P   4852
135.4016830505726D0,1323.362441292835D0,-104.9771622427886D0,    0000033P   4853
138.5448570248772D0,1323.361149455167D0,-107.0329046641405D0,    0000033P   4854
141.6327859659907D0,1323.3598576175D0,-109.076188675014D0,       0000033P   4855
144.7607298440952D0,1323.358565779832D0,-111.1134278016297D0,    0000033P   4856
147.9511487871769D0,1323.357273942165D0,-113.0879909967405D0,    0000033P   4857
151.0993388200403D0,1323.355982104496D0,-115.0407311389528D0,    0000033P   4858
154.2850413887987D0,1323.354690266829D0,-117.0209177688014D0,    0000033P   4859
157.5851660359705D0,1323.353398429161D0,-118.8741602016615D0,    0000033P   4860
160.7516013506246D0,1323.352106591494D0,-120.7751106000063D0,    0000033P   4861
164.0766127375906D0,1323.350814753826D0,-122.5481332585859D0,    0000033P   4862
167.2545183089299D0,1323.349522916158D0,-124.3544674840037D0,    0000033P   4863
170.5734566738017D0,1323.34823107849D0,-126.0933512796982D0,     0000033P   4864
173.8435709555262D0,1323.346939240822D0,-127.8748003418722D0,    0000033P   4865
177.2740129463752D0,1323.345647403155D0,-129.5366084397451D0,    0000033P   4866
180.5470173399212D0,1323.344355565487D0,-131.2318445135297D0,    0000033P   4867
183.9561913372635D0,1323.34306372782D0,-132.8443635719332D0,     0000033P   4868
187.2676336397442D0,1323.341771890152D0,-134.483159689814D0,     0000033P   4869
190.709875183592D0,1323.340480052484D0,-136.0331419242677D0,     0000033P   4870
194.0382423817173D0,1323.339188214816D0,-137.6103630426073D0,    0000033P   4871
197.502514851876D0,1323.337896377149D0,-139.1249301840808D0,     0000033P   4872
200.9149317709015D0,1323.336604539481D0,-140.5986370337437D0,    0000033P   4873
204.3128819823937D0,1323.335312701813D0,-142.0789247950601D0,    0000033P   4874
207.8165230354616D0,1323.334020864145D0,-143.4960852880444D0,    0000033P   4875
211.2508198515855D0,1323.332729026477D0,-144.9193226527467D0,    0000033P   4876
214.782383611173D0,1323.33143718881D0,-146.2956425844749D0,      0000033P   4877
218.2842741605725D0,1323.330145351142D0,-147.6201250467488D0,    0000033P   4878
221.7372039140396D0,1323.328853513475D0,-148.9245303742697D0,    0000033P   4879
225.2235740863476D0,1323.327561675807D0,-150.2322107437923D0,    0000033P   4880
228.8147840106576D0,1323.326269838138D0,-151.4807276469794D0,    0000033P   4881
232.341544490332D0,1323.324978000471D0,-152.6879432244267D0,     0000033P   4882
235.8657952425585D0,1323.323686162804D0,-153.8491757833809D0,    0000033P   4883
239.3655680185341D0,1323.322394325136D0,-155.00660450608D0,      0000033P   4884
242.9861947966077D0,1323.321102487468D0,-156.1020713187019D0,    0000033P   4885
246.5386241114517D0,1323.319810649801D0,-157.1880579806187D0,    0000033P   4886
250.1968702970409D0,1323.318518812132D0,-158.2074281141466D0,    0000033P   4887
253.7754741043411D0,1323.317226974465D0,-159.1983521942771D0,    0000033P   4888
257.3807300160618D0,1323.315935136797D0,-160.1752362139947D0,    0000033P   4889
261.062870503146D0,1323.31464329913D0,-161.0934984783269D0,      0000033P   4890
264.6321217714131D0,1323.313351461462D0,-161.9966608135956D0,    0000033P   4891
268.2556460362134D0,1323.312059623794D0,-162.8884550553149D0,    0000033P   4892
271.9381459288999D0,1323.310767786127D0,-163.7579544834117D0,    0000033P   4893
275.6252581263032D0,1323.309475948458D0,-164.5803759801007D0,    0000033P   4894
279.2145795053291D0,1323.308184110791D0,-165.3899560228091D0,    0000033P   4895
282.8465733243535D0,1323.306892273123D0,-166.1997284466673D0,    0000033P   4896
286.6003316030615D0,1323.305600435456D0,-166.9524453133865D0,    0000033P   4897
290.1942771615546D0,1323.304308597788D0,-167.6977170539693D0,    0000033P   4898
293.8794951384616D0,1323.30301676012D0,-168.4191888983508D0,     0000033P   4899
297.5768742150981D0,1323.301724922453D0,-169.1116483916446D0,    0000033P   4900
301.2550216486608D0,1323.300433084784D0,-169.7791359833518D0,    0000033P   4901
304.9284287920256D0,1323.299141247116D0,-170.4219586376498D0,    0000033P   4902
308.5929825321658D0,1323.297849409449D0,-171.0588624704889D0,    0000033P   4903
312.3695147050255D0,1323.29655757178D0,-171.6568618555644D0,     0000033P   4904
316.0462839166426D0,1323.295265734113D0,-172.2351430671108D0,    0000033P   4905
319.7493758770898D0,1323.293973896445D0,-172.7888669951285D0,    0000033P   4906
323.4402446760867D0,1323.292682058777D0,-173.3269905663528D0,    0000033P   4907
327.1782673838616D0,1323.291390221109D0,-173.8324165931382D0,    0000033P   4908
330.8727728472012D0,1323.290528995998D0,-174.1586031826769D0,    0000033P   4909
333.3589936055871D0,1323.290098383441D0,-174.3170839571459D0,    0000033P   4910
334.6D0,1363.255539238249D0,1.652880793526112D-17,               0000033P   4911
46.67099682021322D0,1363.256035974893D0,-0.9880758347913983D0,   0000033P   4912
47.32812514257112D0,1363.257029448179D0,-2.945238441465729D0,    0000033P   4913
48.64507925755613D0,1363.258519658109D0,-5.928573764465452D0,    0000033P   4914
50.70309993834989D0,1363.260009868039D0,-8.861628998708637D0,    0000033P   4915
52.77576384901618D0,1363.261500077969D0,-11.75638677361474D0,    0000033P   4916
54.86872130359967D0,1363.262990287899D0,-14.64764633174704D0,    0000033P   4917
57.01164900432999D0,1363.264480497829D0,-17.51754511394868D0,    0000033P   4918
59.19126373997078D0,1363.265970707758D0,-20.35588641847614D0,    0000033P   4919
61.39612081900119D0,1363.26746091769D0,-23.13936625571992D0,     0000033P   4920
63.61290338581449D0,1363.268951127619D0,-25.99343634148139D0,    0000033P   4921
65.93829017907898D0,1363.270441337549D0,-28.75610112587522D0,    0000033P   4922
68.24065329067908D0,1363.271931547478D0,-31.45854630198832D0,    0000033P   4923
70.5418247647257D0,1363.273421757408D0,-34.15824771974505D0,     0000033P   4924
72.88784938048309D0,1363.274911967338D0,-36.85447517272503D0,    0000033P   4925
75.28047913487282D0,1363.276402177268D0,-39.50003068525538D0,    0000033P   4926
77.67650107299048D0,1363.277892387199D0,-42.16961309442846D0,    0000033P   4927
80.1507688911978D0,1363.279382597128D0,-44.77309758059248D0,     0000033P   4928
82.61451947726745D0,1363.280872807058D0,-47.38249209498254D0,    0000033P   4929
85.14714401375713D0,1363.282363016987D0,-49.85924999645577D0,    0000033P   4930
87.6071737436822D0,1363.283853226918D0,-52.47854758066568D0,     0000033P   4931
90.26677538589166D0,1363.285343436847D0,-54.88016284697188D0,    0000033P   4932
92.76599549292033D0,1363.286833646777D0,-57.34860514621064D0,    0000033P   4933
95.38665472976997D0,1363.288323856707D0,-59.8229346845599D0,     0000033P   4934
98.07205007314434D0,1363.289814066637D0,-62.20363701003328D0,    0000033P   4935
100.70665081947D0,1363.291304276567D0,-64.59980180108309D0,      0000033P   4936
103.4118878716539D0,1363.292794486497D0,-66.96696636605606D0,    0000033P   4937
106.1396269491428D0,1363.294284696427D0,-69.29762060834216D0,    0000033P   4938
108.8887802024501D0,1363.295774906356D0,-71.55429019448926D0,    0000033P   4939
111.611445300839D0,1363.297265116287D0,-73.80739517733112D0,     0000033P   4940
114.3950035476411D0,1363.298755326217D0,-76.04425051731997D0,    0000033P   4941
117.2341118054784D0,1363.300245536146D0,-78.20235928794725D0,    0000033P   4942
120.0413519525358D0,1363.301735746076D0,-80.43710812911451D0,    0000033P   4943
123.0274899317964D0,1363.303225956007D0,-82.48813107375089D0,    0000033P   4944
125.8320486638167D0,1363.304716165936D0,-84.61890553004344D0,    0000033P   4945
128.8088419783823D0,1363.306206375866D0,-86.67547767772325D0,    0000033P   4946
131.7444784030813D0,1363.307696585796D0,-88.70599137431144D0,    0000033P   4947
134.6985482394414D0,1363.309186795727D0,-90.73412226430958D0,    0000033P   4948
137.7031183543995D0,1363.310677005655D0,-92.68801048707792D0,    0000033P   4949
140.6481468492267D0,1363.312167215586D0,-94.6455801935472D0,     0000033P   4950
143.6457283501748D0,1363.313657425515D0,-96.62763668121622D0,    0000033P   4951
146.7321642749639D0,1363.315147635446D0,-98.51598858483295D0,    0000033P   4952
149.719300794406D0,1363.316637845375D0,-100.3957359000101D0,     0000033P   4953
152.7358637896429D0,1363.318128055305D0,-102.3289630601397D0,    0000033P   4954
155.8889241624769D0,1363.319618265236D0,-104.1285027238702D0,    0000033P   4955
158.8707087674527D0,1363.321108475165D0,-105.9885611492011D0,    0000033P   4956
162.0062432137607D0,1363.322598685095D0,-107.7838950040791D0,    0000033P   4957
165.0923174433007D0,1363.324088895025D0,-109.6038484357129D0,    0000033P   4958
168.2830862043327D0,1363.325579104954D0,-111.3401054689484D0,    0000033P   4959
171.395882644527D0,1363.327069314884D0,-113.0216675871889D0,     0000033P   4960
174.4766542528019D0,1363.328559524814D0,-114.722911466014D0,     0000033P   4961
177.6658693212413D0,1363.330049734744D0,-116.3727583559311D0,    0000033P   4962
180.8308109192178D0,1363.331539944674D0,-118.0490292531497D0,    0000033P   4963
184.1232614928427D0,1363.333030154604D0,-119.60692561825D0,      0000033P   4964
187.2524387557425D0,1363.334520364533D0,-121.2193311412137D0,    0000033P   4965
190.5661047636463D0,1363.336010574463D0,-122.7159557574959D0,    0000033P   4966
193.7130533113215D0,1363.337500784394D0,-124.2848031833116D0,    0000033P   4967
197.0864356689001D0,1363.338990994322D0,-125.7286050845765D0,    0000033P   4968
200.2603487227619D0,1363.340481204253D0,-127.1840692246176D0,    0000033P   4969
203.522405782536D0,1363.341971414183D0,-128.6598924942124D0,     0000033P   4970
206.8971657824288D0,1363.343461624113D0,-130.0351764115848D0,    0000033P   4971
210.1009855156737D0,1363.344951834042D0,-131.4562318153496D0,    0000033P   4972
213.4697561371847D0,1363.346442043972D0,-132.8103216945842D0,    0000033P   4973
216.7339847079299D0,1363.347932253902D0,-134.2145215646783D0,    0000033P   4974
220.1850108984914D0,1363.349422463832D0,-135.5258270299076D0,    0000033P   4975
223.4788635337217D0,1363.350912673761D0,-136.817320615747D0,     0000033P   4976
226.8000893648584D0,1363.352402883692D0,-138.0815248769535D0,    0000033P   4977
230.1392246882286D0,1363.353893093622D0,-139.3181411882915D0,    0000033P   4978
233.4998666558216D0,1363.35538330355D0,-140.5578705251828D0,     0000033P   4979
236.9820984223728D0,1363.356873513481D0,-141.6906301273222D0,    0000033P   4980
240.2691321201816D0,1363.358363723411D0,-142.83518796722D0,      0000033P   4981
243.6953313901078D0,1363.35985393334D0,-143.9388961961687D0,     0000033P   4982
247.1037997166139D0,1363.361344143271D0,-145.0113719562627D0,    0000033P   4983
250.5144044240106D0,1363.362834353201D0,-146.094940134951D0,     0000033P   4984
254.0613094203659D0,1363.36432456313D0,-147.1046007960728D0,     0000033P   4985
257.4632675097853D0,1363.36581477306D0,-148.0910403286068D0,     0000033P   4986
260.8757871505598D0,1363.36730498299D0,-149.065197226799D0,      0000033P   4987
264.3374550792354D0,1363.368795192919D0,-150.026109322259D0,     0000033P   4988
267.8510990224006D0,1363.370285402849D0,-150.9368572645826D0,    0000033P   4989
271.2728104702685D0,1363.371775612779D0,-151.8329861799698D0,    0000033P   4990
274.7321493050667D0,1363.373265822709D0,-152.7298491420367D0,    0000033P   4991
278.2987139667008D0,1363.374756032638D0,-153.5641243478837D0,    0000033P   4992
281.7143054996397D0,1363.376246242568D0,-154.3898863900575D0,    0000033P   4993
285.1916203867824D0,1363.377736452498D0,-155.2029899707356D0,    0000033P   4994
288.7131057669379D0,1363.379226662427D0,-155.9875390165171D0,    0000033P   4995
292.2146852665143D0,1363.380716872358D0,-156.7515176581975D0,    0000033P   4996
295.7176065976471D0,1363.382207082287D0,-157.49918065628D0,      0000033P   4997
299.2400024809747D0,1363.383697292217D0,-158.2240331689511D0,    0000033P   4998
302.7479857079348D0,1363.385187502146D0,-158.9355529124723D0,    0000033P   4999
306.2823531018079D0,1363.386677712075D0,-159.6213309701705D0,    0000033P   5000
309.7761772494965D0,1363.388167922006D0,-160.3081703591434D0,    0000033P   5001
313.3758391954664D0,1363.389658131934D0,-160.961278734095D0,     0000033P   5002
316.9083890558404D0,1363.391148341865D0,-161.5875211072316D0,    0000033P   5003
320.402784590873D0,1363.392638551795D0,-162.2037003698867D0,     0000033P   5004
323.9669903294969D0,1363.394128761725D0,-162.7977393572532D0,    0000033P   5005
327.53796347101D0,1363.395618971654D0,-163.3581370533911D0,      0000033P   5006
331.0484764231997D0,1363.396612444941D0,-163.7207468566955D0,    0000033P   5007
333.4180058215576D0,1363.397109181584D0,-163.8976591214971D0,    0000033P   5008
334.6000000000001D0,1403.349483749841D0,-9.116463398561538D-17,  0000033P   5009
56.80787455602636D0,1403.347919176885D0,-0.9054747647788117D0,   0000033P   5010
57.48699550632216D0,1403.344790030973D0,-2.708596944191855D0,    0000033P   5011
58.85517519653573D0,1403.340096312105D0,-5.396519667399208D0,    0000033P   5012
60.93272501201697D0,1403.335402593237D0,-8.096297235933886D0,    0000033P   5013
63.07260716145855D0,1403.330708874369D0,-10.75509949298361D0,    0000033P   5014
65.22013390307495D0,1403.3260151555D0,-13.3953913907485D0,       0000033P   5015
67.39571726832419D0,1403.321321436633D0,-15.99226864603785D0,    0000033P   5016
69.58019738967764D0,1403.316627717764D0,-18.63439437099085D0,    0000033P   5017
71.84968834572509D0,1403.311933998897D0,-21.15652831683017D0,    0000033P   5018
74.05851931852729D0,1403.307240280028D0,-23.73886683079407D0,    0000033P   5019
76.36777285668318D0,1403.30254656116D0,-26.27047212688522D0,     0000033P   5020
78.68825845884224D0,1403.297852842292D0,-28.74538345191564D0,    0000033P   5021
81.00333101907344D0,1403.293159123424D0,-31.21809503393081D0,    0000033P   5022
83.37077546466703D0,1403.288465404556D0,-33.66886151755394D0,    0000033P   5023
85.76662989314471D0,1403.283771685688D0,-36.10148700857992D0,    0000033P   5024
88.20347381291576D0,1403.27907796682D0,-38.47255512727027D0,     0000033P   5025
90.62483712147019D0,1403.274384247951D0,-40.88414724012074D0,    0000033P   5026
93.14930082300943D0,1403.269690529083D0,-43.18331739180943D0,    0000033P   5027
95.60166198258192D0,1403.264996810215D0,-45.45639205157645D0,    0000033P   5028
98.0932961148654D0,1403.260303091347D0,-47.80534506927783D0,     0000033P   5029
100.7035710124406D0,1403.255609372479D0,-50.00967540024161D0,    0000033P   5030
103.2233950714122D0,1403.250915653611D0,-52.24946636772796D0,    0000033P   5031
105.824500695233D0,1403.246221934743D0,-54.46062190800314D0,     0000033P   5032
108.4382630715164D0,1403.241528215875D0,-56.65450947899429D0,    0000033P   5033
111.0868700484342D0,1403.236834497007D0,-58.80506705707584D0,    0000033P   5034
113.7239182827685D0,1403.232140778139D0,-60.96484309402467D0,    0000033P   5035
116.4234383461473D0,1403.227447059271D0,-63.05130892122106D0,    0000033P   5036
119.0805384035285D0,1403.222753340401D0,-65.12441446958319D0,    0000033P   5037
121.7781592256377D0,1403.218059621534D0,-67.18621318587657D0,    0000033P   5038
124.5121847320132D0,1403.213365902666D0,-69.21089252731335D0,    0000033P   5039
127.2539316664954D0,1403.208672183797D0,-71.23368474174437D0,    0000033P   5040
130.0543012237345D0,1403.203978464929D0,-73.21266688692981D0,    0000033P   5041
132.841456854002D0,1403.199284746062D0,-75.14993595462867D0,     0000033P   5042
135.6327208710664D0,1403.194591027192D0,-77.09583665835058D0,    0000033P   5043
138.4828315697969D0,1403.189897308325D0,-78.98888724066578D0,    0000033P   5044
141.3096384227002D0,1403.185203589456D0,-80.89300211634948D0,    0000033P   5045
144.2075393985301D0,1403.180509870588D0,-82.7190968065625D0,     0000033P   5046
147.0308004952304D0,1403.175816151719D0,-84.5645639645528D0,     0000033P   5047
149.9417059375051D0,1403.171122432852D0,-86.3681785224139D0,     0000033P   5048
152.830788587549D0,1403.166428713983D0,-88.15979759434173D0,     0000033P   5049
155.7506090745275D0,1403.161734995115D0,-89.9020442445217D0,     0000033P   5050
158.6414725649081D0,1403.157041276246D0,-91.6682153866181D0,     0000033P   5051
161.6279360184216D0,1403.152347557379D0,-93.38053123533882D0,    0000033P   5052
164.5658169521551D0,1403.147653838511D0,-95.0532765375997D0,     0000033P   5053
167.5000502764353D0,1403.142960119642D0,-96.73795117070385D0,    0000033P   5054
170.5041224927157D0,1403.138266400775D0,-98.37061542438069D0,    0000033P   5055
173.4736020992776D0,1403.133572681906D0,-100.0374080211192D0,    0000033P   5056
176.5501705891331D0,1403.128878963038D0,-101.6244052616529D0,    0000033P   5057
179.5320954022847D0,1403.12418524417D0,-103.1941056661993D0,     0000033P   5058
182.5221184345852D0,1403.119491525302D0,-104.7756981007342D0,    0000033P   5059
185.5744336191445D0,1403.114797806434D0,-106.3537534163882D0,    0000033P   5060
188.6575685161747D0,1403.110104087566D0,-107.8814354551486D0,    0000033P   5061
191.6834338505428D0,1403.105410368697D0,-109.3995660842427D0,    0000033P   5062
194.7377271247183D0,1403.100716649829D0,-110.908541045293D0,     0000033P   5063
197.8290667162788D0,1403.096022930961D0,-112.3601170642407D0,    0000033P   5064
200.8615820105354D0,1403.091329212093D0,-113.8629270098819D0,    0000033P   5065
204.0715364486252D0,1403.086635493225D0,-115.2349310265319D0,    0000033P   5066
207.0714383646817D0,1403.081941774356D0,-116.6325381237976D0,    0000033P   5067
210.1965040515481D0,1403.077248055489D0,-118.0117408033517D0,    0000033P   5068
213.3500624891155D0,1403.07255433662D0,-119.3677888033507D0,     0000033P   5069
216.5202327693458D0,1403.067860617752D0,-120.6746714510306D0,    0000033P   5070
219.6379050814297D0,1403.063166898884D0,-121.9647659955274D0,    0000033P   5071
222.7772051283921D0,1403.058473180016D0,-123.2663962784662D0,    0000033P   5072
226.0118603470501D0,1403.053779461148D0,-124.5151651794825D0,    0000033P   5073
229.1866777086817D0,1403.04908574228D0,-125.7309977245979D0,     0000033P   5074
232.3466660385492D0,1403.044392023412D0,-126.9352575533503D0,    0000033P   5075
235.5479310363321D0,1403.039698304544D0,-128.1117741256683D0,    0000033P   5076
238.7477984257168D0,1403.035004585675D0,-129.2818588528637D0,    0000033P   5077
242.0076898254564D0,1403.030310866807D0,-130.3947602411142D0,    0000033P   5078
245.1745886531393D0,1403.025617147939D0,-131.5155323474658D0,    0000033P   5079
248.4283016174403D0,1403.020923429071D0,-132.6100568571769D0,    0000033P   5080
251.6687563451914D0,1403.016229710203D0,-133.6851003776747D0,    0000033P   5081
254.9207567300937D0,1403.011535991335D0,-134.7381750692985D0,    0000033P   5082
258.1827197141855D0,1403.006842272466D0,-135.7728435901363D0,    0000033P   5083
261.4581263610966D0,1403.002148553598D0,-136.7659541467076D0,    0000033P   5084
264.6862262721828D0,1402.99745483473D0,-137.7394115142737D0,     0000033P   5085
267.9416764296642D0,1402.992761115862D0,-138.7062719607413D0,    0000033P   5086
271.2832370222532D0,1402.988067396994D0,-139.6242356167998D0,    0000033P   5087
274.5504515139919D0,1402.983373678126D0,-140.516229451308D0,     0000033P   5088
277.8200485434374D0,1402.978679959258D0,-141.4002222998572D0,    0000033P   5089
281.1620279122532D0,1402.97398624039D0,-142.2439477047646D0,     0000033P   5090
284.4351652252197D0,1402.969292521521D0,-143.0858883654177D0,    0000033P   5091
287.7875482974791D0,1402.964598802653D0,-143.8916661198652D0,    0000033P   5092
291.0715655794773D0,1402.959905083785D0,-144.6915144209748D0,    0000033P   5093
294.4073451101227D0,1402.955211364917D0,-145.4696668129295D0,    0000033P   5094
297.7238775525669D0,1402.950517646049D0,-146.2332857663372D0,    0000033P   5095
301.0540238442191D0,1402.945823927181D0,-146.9817644100215D0,    0000033P   5096
304.3910930809129D0,1402.941130208313D0,-147.7216233311016D0,    0000033P   5097
307.7729461714923D0,1402.936436489445D0,-148.4208246123409D0,    0000033P   5098
311.0489777847199D0,1402.931742770577D0,-149.1295187376618D0,    0000033P   5099
314.4548779921355D0,1402.927049051708D0,-149.8088069592266D0,    0000033P   5100
317.8158610329359D0,1402.92235533284D0,-150.4596529934319D0,     0000033P   5101
321.1216949887597D0,1402.917661613972D0,-151.1061725594374D0,    0000033P   5102
324.4975303669136D0,1402.912967895103D0,-151.7352666358681D0,    0000033P   5103
327.8813957666758D0,1402.908274176237D0,-152.3461881624745D0,    0000033P   5104
331.2497784680368D0,1402.905145030323D0,-152.7378713836835D0,    0000033P   5105
333.4816681978666D0,1402.903580457368D0,-152.931704673566D0,     0000033P   5106
334.5999999999997D0,1436.036634552408D0,-6.706103981220193D-17,  0000033P   5107
66.84601507682625D0,1436.037507523785D0,-0.8366250878784109D0,   0000033P   5108
67.5334143040394D0,1436.039253466539D0,-2.509441297004808D0,     0000033P   5109
68.92268154106533D0,1436.04187238067D0,-4.958191516735166D0,     0000033P   5110
70.9964302382278D0,1436.0444912948D0,-7.464159971299014D0,       0000033P   5111
73.16453024043956D0,1436.047110208931D0,-9.90051494782854D0,     0000033P   5112
75.31644196879958D0,1436.049729123061D0,-12.32808858960631D0,    0000033P   5113
77.50205607674781D0,1436.052348037192D0,-14.69822381172998D0,    0000033P   5114
79.67889661841419D0,1436.054966951322D0,-17.13178658439057D0,    0000033P   5115
81.96055852649853D0,1436.057585865454D0,-19.44769206965341D0,    0000033P   5116
84.17349586468144D0,1436.060204779584D0,-21.77777559706377D0,    0000033P   5117
86.44693544859376D0,1436.062823693715D0,-24.09188255034923D0,    0000033P   5118
88.75477026468563D0,1436.065442607845D0,-26.36974320064857D0,    0000033P   5119
91.07251713067961D0,1436.068061521976D0,-28.64026832980301D0,    0000033P   5120
93.43432861123843D0,1436.070680436106D0,-30.88189122684401D0,    0000033P   5121
95.81522443659232D0,1436.073299350237D0,-33.12417059354569D0,    0000033P   5122
98.25092824453392D0,1436.075918264367D0,-35.25245803282428D0,    0000033P   5123
100.6083288195158D0,1436.078537178498D0,-37.48331783085992D0,    0000033P   5124
103.1331478301242D0,1436.081156092629D0,-39.54129680646527D0,    0000033P   5125
105.5073718304828D0,1436.083775006759D0,-41.66399282404309D0,    0000033P   5126
108.0069834993552D0,1436.08639392089D0,-43.75629505144809D0,     0000033P   5127
110.5195154068131D0,1436.089012835021D0,-45.81721897516492D0,    0000033P   5128
113.0438311313335D0,1436.091631749152D0,-47.86486045806554D0,    0000033P   5129
115.6000045137423D0,1436.094250663283D0,-49.85572979078707D0,    0000033P   5130
118.1309149673078D0,1436.096869577413D0,-51.88658333820245D0,    0000033P   5131
120.7624991140424D0,1436.099488491544D0,-53.83208661641142D0,    0000033P   5132
123.3286986728493D0,1436.102107405675D0,-55.79872176586451D0,    0000033P   5133
125.9699663591811D0,1436.104726319806D0,-57.69005019561499D0,    0000033P   5134
128.5524118047782D0,1436.107345233936D0,-59.60814378376089D0,    0000033P   5135
131.2164360135273D0,1436.109964148067D0,-61.49537494596071D0,    0000033P   5136
133.8806267826036D0,1436.112583062197D0,-63.34936628203984D0,    0000033P   5137
136.5368972288974D0,1436.115201976328D0,-65.2409662336802D0,     0000033P   5138
139.2908619117167D0,1436.117820890459D0,-67.01041378131691D0,    0000033P   5139
141.9009473844272D0,1436.12043980459D0,-68.8569219632392D0,      0000033P   5140
144.6671133128874D0,1436.12305871872D0,-70.6376288658517D0,      0000033P   5141
147.3768098706237D0,1436.125677632851D0,-72.39695477044117D0,    0000033P   5142
150.0959836286029D0,1436.128296546982D0,-74.1944783012187D0,     0000033P   5143
152.9229215044889D0,1436.130915461113D0,-75.85358845793249D0,    0000033P   5144
155.5764548671424D0,1436.133534375243D0,-77.6157408898853D0,     0000033P   5145
158.4460645684374D0,1436.136153289374D0,-79.2899741744306D0,     0000033P   5146
161.224938362496D0,1436.138772203505D0,-80.92051400299923D0,     0000033P   5147
163.9824176364629D0,1436.141391117636D0,-82.54678979286592D0,    0000033P   5148
166.7856332001956D0,1436.144010031766D0,-84.21303666179549D0,    0000033P   5149
169.7198492887212D0,1436.146628945897D0,-85.73826490897022D0,    0000033P   5150
172.4605614142876D0,1436.149247860027D0,-87.31427858004264D0,    0000033P   5151
175.3536758324837D0,1436.151866774158D0,-88.8450957653039D0,     0000033P   5152
178.2219742982692D0,1436.154485688289D0,-90.3548616778297D0,     0000033P   5153
181.0992708988988D0,1436.157104602419D0,-91.86870703605489D0,    0000033P   5154
184.0260880246554D0,1436.159723516551D0,-93.34105597766504D0,    0000033P   5155
186.9057007319973D0,1436.162342430681D0,-94.81625909202137D0,    0000033P   5156
189.8151507204344D0,1436.164961344812D0,-96.28401610507405D0,    0000033P   5157
192.7260293223674D0,1436.167580258943D0,-97.78852039892738D0,    0000033P   5158
195.7212544927632D0,1436.170199173074D0,-99.18809042742996D0,    0000033P   5159
198.5268328890597D0,1436.172818087204D0,-100.6603514896228D0,    0000033P   5160
201.5081359674934D0,1436.175437001334D0,-102.06969250485D0,      0000033P   5161
204.40069800733D0,1436.178055915466D0,-103.4766489088729D0,      0000033P   5162
207.3354325407912D0,1436.180674829596D0,-104.9036168579036D0,    0000033P   5163
210.3744034947908D0,1436.183293743727D0,-106.2170988449682D0,    0000033P   5164
213.2376746366491D0,1436.185912657857D0,-107.5666037370325D0,    0000033P   5165
216.2508954819655D0,1436.188531571989D0,-108.8492225223309D0,    0000033P   5166
219.1840623921246D0,1436.191150486118D0,-110.1837393875724D0,    0000033P   5167
222.3115563725642D0,1436.19376940025D0,-111.3936863866435D0,     0000033P   5168
225.2161394723594D0,1436.196388314379D0,-112.6305024088052D0,    0000033P   5169
228.2531871953333D0,1436.199007228511D0,-113.8291437391488D0,    0000033P   5170
231.2663749674174D0,1436.201626142642D0,-115.0251870910746D0,    0000033P   5171
234.3415977009048D0,1436.204245056773D0,-116.1748946846711D0,    0000033P   5172
237.3597889301243D0,1436.206863970903D0,-117.3188832173446D0,    0000033P   5173
240.4181045435625D0,1436.209482885034D0,-118.4517513914372D0,    0000033P   5174
243.4993923966364D0,1436.212101799164D0,-119.5493286590352D0,    0000033P   5175
246.528924308663D0,1436.214720713295D0,-120.6521901363942D0,     0000033P   5176
249.6125663007601D0,1436.217339627425D0,-121.7375179842034D0,    0000033P   5177
252.6794229892894D0,1436.219958541556D0,-122.8215063799395D0,    0000033P   5178
255.7821677035319D0,1436.222577455686D0,-123.89073631878D0,      0000033P   5179
258.8939782553728D0,1436.225196369818D0,-124.9027869483877D0,    0000033P   5180
261.8950050448971D0,1436.227815283948D0,-125.9453385750361D0,    0000033P   5181
265.0569518831545D0,1436.230434198079D0,-126.9309139060333D0,    0000033P   5182
268.1268037472236D0,1436.233053112209D0,-127.8960725477147D0,    0000033P   5183
271.2238725467281D0,1436.23567202634D0,-128.8437369157963D0,     0000033P   5184
274.3686518349851D0,1436.23829094047D0,-129.759716235407D0,      0000033P   5185
277.5063160884075D0,1436.240909854601D0,-130.6436937895662D0,    0000033P   5186
280.624300548245D0,1436.243528768732D0,-131.5074009877763D0,     0000033P   5187
283.7543548654539D0,1436.246147682863D0,-132.3536505578611D0,    0000033P   5188
286.8950095261909D0,1436.248766596993D0,-133.2042490266094D0,    0000033P   5189
290.1235783515512D0,1436.251385511124D0,-134.0055039435316D0,    0000033P   5190
293.2222611289578D0,1436.254004425255D0,-134.8092374122091D0,    0000033P   5191
296.3835560133392D0,1436.256623339385D0,-135.5946835416856D0,    0000033P   5192
299.5347915316337D0,1436.259242253516D0,-136.3675518620349D0,    0000033P   5193
302.7016533257826D0,1436.261861167647D0,-137.1250571481808D0,    0000033P   5194
305.8742763004822D0,1436.264480081778D0,-137.8781727960071D0,    0000033P   5195
309.1092625717728D0,1436.267098995908D0,-138.5794313399897D0,    0000033P   5196
312.2001937613848D0,1436.269717910039D0,-139.2921141480769D0,    0000033P   5197
315.4278424926079D0,1436.272336824169D0,-139.9787419781277D0,    0000033P   5198
318.624813109739D0,1436.2749557383D0,-140.6403534410799D0,       0000033P   5199
321.7827310650666D0,1436.277574652431D0,-141.2939416848082D0,    0000033P   5200
324.9709987294628D0,1436.28019356656D0,-141.9399045759303D0,     0000033P   5201
328.1928351292084D0,1436.282812480693D0,-142.574673137607D0,     0000033P   5202
331.4167205408969D0,1436.284558423444D0,-142.9840635523308D0,    0000033P   5203
333.536108420357D0,1436.285431394823D0,-143.1880993025386D0,     0000033P   5204
334.5999999999997D0,1462.667238001661D0,1.419159606879084D-16,   0000033P   5205
76.30006902529372D0,1462.665962070005D0,-0.7847712221615139D0,   0000033P   5206
76.98169349434666D0,1462.663410206695D0,-2.35158192784517D0,     0000033P   5207
78.35657959716656D0,1462.659582411729D0,-4.652484600400092D0,    0000033P   5208
80.42384504100215D0,1462.655754616764D0,-6.98949908950121D0,     0000033P   5209
82.56489973640113D0,1462.651926821799D0,-9.242312072201987D0,    0000033P   5210
84.67675328505035D0,1462.648099026832D0,-11.51234130992907D0,    0000033P   5211
86.85516571300069D0,1462.644271231868D0,-13.71082441476089D0,    0000033P   5212
89.0121197641561D0,1462.640443436902D0,-15.94958369947587D0,     0000033P   5213
91.25662796242875D0,1462.636615641937D0,-18.11416969405854D0,    0000033P   5214
93.48078340186584D0,1462.632787846971D0,-20.25787643561517D0,    0000033P   5215
95.73026425186242D0,1462.628960052006D0,-22.37676995154979D0,    0000033P   5216
97.99577492713046D0,1462.625132257041D0,-24.49118039719945D0,    0000033P   5217
100.3053656570746D0,1462.621304462075D0,-26.58235559473004D0,    0000033P   5218
102.6323838196788D0,1462.617476667109D0,-28.66420081461847D0,    0000033P   5219
104.9951418008784D0,1462.613648872145D0,-30.7294976896384D0,     0000033P   5220
107.3797366207953D0,1462.609821077179D0,-32.69962427742249D0,    0000033P   5221
109.7012370826223D0,1462.605993282213D0,-34.75235411373446D0,    0000033P   5222
112.1598734741767D0,1462.602165487248D0,-36.67203860631359D0,    0000033P   5223
114.5100102121753D0,1462.598337692283D0,-38.63957779785763D0,    0000033P   5224
116.9531263166967D0,1462.594509897317D0,-40.572195251079D0,      0000033P   5225
119.4101934836661D0,1462.590682102352D0,-42.4872831118952D0,     0000033P   5226
121.8809632664036D0,1462.586854307386D0,-44.38451269829835D0,    0000033P   5227
124.3786141567439D0,1462.583026512421D0,-46.2296258111009D0,     0000033P   5228
126.8536877859672D0,1462.579198717455D0,-48.10738265609668D0,    0000033P   5229
129.4121113608224D0,1462.57537092249D0,-49.91081072259285D0,     0000033P   5230
131.9159399439771D0,1462.571543127525D0,-51.72596577936071D0,    0000033P   5231
134.4758314542516D0,1462.567715332559D0,-53.49163561687717D0,    0000033P   5232
137.0081605685898D0,1462.563887537593D0,-55.27655221679213D0,    0000033P   5233
139.60200005137D0,1462.560059742628D0,-57.02364277992874D0,      0000033P   5234
142.1805917421349D0,1462.556231947662D0,-58.75950323300041D0,    0000033P   5235
144.7783661632113D0,1462.552404152697D0,-60.50571946235323D0,    0000033P   5236
147.4228637606339D0,1462.548576357732D0,-62.15689675420077D0,    0000033P   5237
149.9624382275472D0,1462.544748562767D0,-63.8839846599699D0,     0000033P   5238
152.6463295698248D0,1462.5409207678D0,-65.53627886576678D0,      0000033P   5239
155.2561647909567D0,1462.537092972836D0,-67.18036847600922D0,    0000033P   5240
157.888349063754D0,1462.53326517787D0,-68.86202405163355D0,      0000033P   5241
160.6226896374521D0,1462.529437382905D0,-70.41076458840865D0,    0000033P   5242
163.1834747976971D0,1462.525609587939D0,-72.06137913965469D0,    0000033P   5243
165.9528273049028D0,1462.521781792974D0,-73.63411469382126D0,    0000033P   5244
168.6424292873618D0,1462.517953998008D0,-75.15703303678444D0,    0000033P   5245
171.2926099704001D0,1462.514126203043D0,-76.69148939567538D0,    0000033P   5246
174.0093444992544D0,1462.510298408077D0,-78.25061917278779D0,    0000033P   5247
176.8221095541173D0,1462.506470613112D0,-79.6871000539679D0,     0000033P   5248
179.4692734708295D0,1462.502642818146D0,-81.17673413215786D0,    0000033P   5249
182.2619037591421D0,1462.498815023181D0,-82.6221462161347D0,     0000033P   5250
185.0262057931468D0,1462.494987228215D0,-84.04247567042118D0,    0000033P   5251
187.7810432337114D0,1462.491159433249D0,-85.46917770605317D0,    0000033P   5252
190.5873868217583D0,1462.487331638284D0,-86.85856393801976D0,    0000033P   5253
193.3468318431299D0,1462.483503843319D0,-88.27178353739264D0,    0000033P   5254
196.1775081481732D0,1462.479676048353D0,-89.64348396460555D0,    0000033P   5255
198.9406419393825D0,1462.475848253388D0,-91.06835307614728D0,    0000033P   5256
201.8245523108246D0,1462.472020458423D0,-92.38717733096745D0,    0000033P   5257
204.5169977184225D0,1462.468192663457D0,-93.77917215745654D0,    0000033P   5258
207.3867727476013D0,1462.464364868491D0,-95.10771594284257D0,    0000033P   5259
210.1637519066055D0,1462.460537073526D0,-96.43886710183534D0,    0000033P   5260
212.9867474900996D0,1462.45670927856D0,-97.78254906790302D0,     0000033P   5261
215.8899398164488D0,1462.452881483595D0,-99.03795836203244D0,    0000033P   5262
218.659143767756D0,1462.449053688629D0,-100.321181353521D0,      0000033P   5263
221.5474156450278D0,1462.445225893664D0,-101.541277161679D0,     0000033P   5264
224.3492387709653D0,1462.441398098698D0,-102.816091563385D0,     0000033P   5265
227.3377425249846D0,1462.437570303733D0,-103.9791206199814D0,    0000033P   5266
230.1216750170237D0,1462.433742508767D0,-105.1785483584867D0,    0000033P   5267
233.0511310293725D0,1462.429914713802D0,-106.3208888563311D0,    0000033P   5268
235.9015393574416D0,1462.426086918836D0,-107.4774409957011D0,    0000033P   5269
238.846150439205D0,1462.422259123871D0,-108.5970121845398D0,     0000033P   5270
241.7519866562685D0,1462.418431328905D0,-109.6950093328738D0,    0000033P   5271
244.6520450938906D0,1462.41460353394D0,-110.7998843399573D0,     0000033P   5272
247.6166073836847D0,1462.410775738975D0,-111.8576342929719D0,    0000033P   5273
250.4929226800509D0,1462.406947944009D0,-112.9371540733136D0,    0000033P   5274
253.465676708954D0,1462.403120149043D0,-113.9834077543887D0,     0000033P   5275
256.3761578262867D0,1462.399292354078D0,-115.0373577958629D0,    0000033P   5276
259.3440431648658D0,1462.395464559112D0,-116.0838370252651D0,    0000033P   5277
262.3375547784445D0,1462.391636764147D0,-117.0630742615764D0,    0000033P   5278
265.1850893494762D0,1462.387808969181D0,-118.0830442189827D0,    0000033P   5279
268.2159608893529D0,1462.383981174215D0,-119.0455875116151D0,    0000033P   5280
271.1444831095359D0,1462.38015337925D0,-119.9983160134903D0,     0000033P   5281
274.1190440550153D0,1462.376325584285D0,-120.9246047087407D0,    0000033P   5282
277.095992820684D0,1462.372497789319D0,-121.8340783396341D0,     0000033P   5283
280.0999151028772D0,1462.368669994353D0,-122.7150424768493D0,    0000033P   5284
283.0825337132692D0,1462.364842199388D0,-123.5760794344067D0,    0000033P   5285
286.0611520422543D0,1462.361014404423D0,-124.4236856908124D0,    0000033P   5286
289.0581199068809D0,1462.357186609457D0,-125.279955456736D0,     0000033P   5287
292.1434793352184D0,1462.353358814492D0,-126.0895969285627D0,    0000033P   5288
295.1069494356268D0,1462.349531019526D0,-126.8987104879371D0,    0000033P   5289
298.1170204098053D0,1462.34570322456D0,-127.691425014704D0,      0000033P   5290
301.121046688567D0,1462.341875429595D0,-128.476608338555D0,      0000033P   5291
304.1574327894918D0,1462.338047634629D0,-129.2374452061185D0,    0000033P   5292
307.1671495892671D0,1462.334219839664D0,-130.0011761617819D0,    0000033P   5293
310.2625037568947D0,1462.330392044699D0,-130.712670667344D0,     0000033P   5294
313.2201049418906D0,1462.326564249734D0,-131.4301859707899D0,    0000033P   5295
316.2884392564802D0,1462.322736454768D0,-132.1244472897865D0,    0000033P   5296
319.3376230405492D0,1462.318908659802D0,-132.7993552110868D0,    0000033P   5297
322.3732153096137D0,1462.315080864837D0,-133.4574349746704D0,    0000033P   5298
325.4007948252448D0,1462.31125306987D0,-134.1171198642858D0,     0000033P   5299
328.4908944428361D0,1462.307425274906D0,-134.7556022780934D0,    0000033P   5300
331.5411299019766D0,1462.304873411594D0,-135.1780336987841D0,    0000033P   5301
333.5806161409386D0,1462.30359747994D0,-135.3877849246192D0,     0000033P   5302
334.5999999999998D0,1482.5043445751D0,2.82953811226836D-16,      0000033P   5303
84.00869523258166D0,1482.502909194235D0,-0.7455357520684571D0,   0000033P   5304
84.68159287504649D0,1482.500038432506D0,-2.229970955063017D0,    0000033P   5305
86.03526972991486D0,1482.495732289912D0,-4.428347154822196D0,    0000033P   5306
88.09277620927193D0,1482.491426147318D0,-6.631782912693508D0,    0000033P   5307
90.19712333588555D0,1482.487120004724D0,-8.744440992955159D0,    0000033P   5308
92.26540777546366D0,1482.482813862129D0,-10.89617238805536D0,    0000033P   5309
94.42929632303768D0,1482.478507719536D0,-12.96731664506138D0,    0000033P   5310
96.56476311059207D0,1482.474201576941D0,-15.05122769263751D0,    0000033P   5311
98.76546085183072D0,1482.469895434348D0,-17.10261594146193D0,    0000033P   5312
100.9939308965271D0,1482.465589291753D0,-19.11104644659143D0,    0000033P   5313
103.2240533642306D0,1482.46128314916D0,-21.07807685493714D0,     0000033P   5314
105.4471297177397D0,1482.456977006565D0,-23.06541872004227D0,    0000033P   5315
107.7418704720804D0,1482.452670863972D0,-25.01600064279364D0,    0000033P   5316
110.0308422083478D0,1482.448364721377D0,-26.97791706447506D0,    0000033P   5317
112.3737041108747D0,1482.444058578784D0,-28.90210266044512D0,    0000033P   5318
114.7028776879329D0,1482.43975243619D0,-30.76343729280191D0,     0000033P   5319
116.9999642309078D0,1482.435446293596D0,-32.67077195337654D0,    0000033P   5320
119.3860016849896D0,1482.431140151002D0,-34.50100455171588D0,    0000033P   5321
121.7261972579134D0,1482.426834008408D0,-36.33979566987465D0,    0000033P   5322
124.1056158784639D0,1482.422527865814D0,-38.16564568954119D0,    0000033P   5323
126.5256113352046D0,1482.41822172322D0,-39.95980361800874D0,     0000033P   5324
128.9356027442915D0,1482.413915580626D0,-41.7441076830449D0,     0000033P   5325
131.3799333626329D0,1482.409609438032D0,-43.48817677991781D0,    0000033P   5326
133.8135157109058D0,1482.405303295438D0,-45.2428841194893D0,     0000033P   5327
136.295819517121D0,1482.400997152844D0,-46.94583414436126D0,     0000033P   5328
138.7489354482638D0,1482.39669101025D0,-48.6486171370742D0,      0000033P   5329
141.2365234582511D0,1482.392384867656D0,-50.32647772155625D0,    0000033P   5330
143.7283399276421D0,1482.388078725062D0,-52.00819033682076D0,    0000033P   5331
146.2549364071957D0,1482.383772582468D0,-53.64873047828284D0,    0000033P   5332
148.757038820772D0,1482.379466439874D0,-55.29980628859061D0,     0000033P   5333
151.3104107172258D0,1482.375160297279D0,-56.92452526706018D0,    0000033P   5334
153.850092429314D0,1482.370854154686D0,-58.50063556906495D0,     0000033P   5335
156.3554680579294D0,1482.366548012092D0,-60.12254213201493D0,    0000033P   5336
158.9569275350892D0,1482.362241869497D0,-61.67848598338234D0,    0000033P   5337
161.4935282377941D0,1482.357935726904D0,-63.23263032930129D0,    0000033P   5338
164.0591838570753D0,1482.35362958431D0,-64.81529887078915D0,     0000033P   5339
166.7090590440123D0,1482.349323441716D0,-66.28832690143491D0,    0000033P   5340
169.2145065396455D0,1482.345017299122D0,-67.83866321599049D0,    0000033P   5341
171.88423173053D0,1482.340711156528D0,-69.33392196719844D0,      0000033P   5342
174.5043524239255D0,1482.336405013934D0,-70.78186026247599D0,    0000033P   5343
177.0809952776511D0,1482.33209887134D0,-72.24490509500028D0,     0000033P   5344
179.7241495880372D0,1482.327792728746D0,-73.71391537930899D0,    0000033P   5345
182.4203309162146D0,1482.323486586152D0,-75.10084336211347D0,    0000033P   5346
185.015214966624D0,1482.319180443558D0,-76.52037528776654D0,     0000033P   5347
187.7087385153493D0,1482.314874300964D0,-77.91134209771253D0,    0000033P   5348
190.3944774105819D0,1482.31056815837D0,-79.26604371583244D0,     0000033P   5349
193.0423367806134D0,1482.306262015776D0,-80.63631524050372D0,    0000033P   5350
195.7566251589347D0,1482.301955873182D0,-81.96426565304718D0,    0000033P   5351
198.4130566579423D0,1482.297649730588D0,-83.33168827282741D0,    0000033P   5352
201.1759746067627D0,1482.293343587995D0,-84.62944755003525D0,    0000033P   5353
203.8195545462388D0,1482.289037445401D0,-85.98534324744009D0,    0000033P   5354
206.6038228873277D0,1482.284731302807D0,-87.24934411644287D0,    0000033P   5355
209.2307883253293D0,1482.280425160213D0,-88.56563100296405D0,    0000033P   5356
211.9977055821346D0,1482.276119017618D0,-89.83222885736109D0,    0000033P   5357
214.7004556432762D0,1482.271812875025D0,-91.09242255724658D0,    0000033P   5358
217.4267514712631D0,1482.267506732431D0,-92.36572351413712D0,    0000033P   5359
220.2276577112328D0,1482.263200589837D0,-93.57184196491686D0,    0000033P   5360
222.9278508541548D0,1482.258894447243D0,-94.79482908244458D0,    0000033P   5361
225.709698902287D0,1482.254588304649D0,-95.97071380007121D0,     0000033P   5362
228.42631573975D0,1482.250282162055D0,-97.18480117470899D0,      0000033P   5363
231.276393694555D0,1482.245976019461D0,-98.31967481534704D0,     0000033P   5364
233.9853253821179D0,1482.241669876867D0,-99.48846440869622D0,    0000033P   5365
236.8227155575854D0,1482.237363734273D0,-100.5942548119902D0,    0000033P   5366
239.5568681509856D0,1482.233057591679D0,-101.7187362142819D0,    0000033P   5367
242.387245119195D0,1482.228751449085D0,-102.8183639045144D0,     0000033P   5368
245.2055405512951D0,1482.224445306492D0,-103.880901828314D0,     0000033P   5369
247.9762810056246D0,1482.220139163898D0,-104.9625404952173D0,    0000033P   5370
250.8418242590888D0,1482.215833021304D0,-105.9943699653753D0,    0000033P   5371
253.6146434805929D0,1482.21152687871D0,-107.0479222002528D0,     0000033P   5372
256.4859926501567D0,1482.207220736116D0,-108.0605627361951D0,    0000033P   5373
259.279343439272D0,1482.202914593522D0,-109.0824103027689D0,     0000033P   5374
262.1352701522785D0,1482.198608450928D0,-110.103333079707D0,     0000033P   5375
265.0344855405868D0,1482.194302308335D0,-111.0569238784101D0,    0000033P   5376
267.7856613214277D0,1482.189996165741D0,-112.0481782301377D0,    0000033P   5377
270.7022645740179D0,1482.185690023147D0,-112.9862601800871D0,    0000033P   5378
273.5196131656402D0,1482.181383880553D0,-113.9252403288016D0,    0000033P   5379
276.4012338108717D0,1482.17707773796D0,-114.8316676244809D0,     0000033P   5380
279.2496292707098D0,1482.172771595366D0,-115.7317150968762D0,    0000033P   5381
282.1415193699014D0,1482.168465452772D0,-116.6090249386343D0,    0000033P   5382
285.0180105180421D0,1482.164159310178D0,-117.4687775049585D0,    0000033P   5383
287.8864932980196D0,1482.159853167585D0,-118.3147124205056D0,    0000033P   5384
290.7646815799025D0,1482.155547024991D0,-119.1706003505188D0,    0000033P   5385
293.7250502332378D0,1482.151240882397D0,-119.9868965942375D0,    0000033P   5386
296.5899781040488D0,1482.146934739803D0,-120.7979797735683D0,    0000033P   5387
299.4837556619508D0,1482.142628597209D0,-121.592893498099D0,     0000033P   5388
302.3703339879169D0,1482.138322454616D0,-122.3858654337031D0,    0000033P   5389
305.307775222896D0,1482.134016312021D0,-123.1453132986659D0,     0000033P   5390
308.1849818735108D0,1482.129710169428D0,-123.914165956272D0,     0000033P   5391
311.1661951507403D0,1482.125404026834D0,-124.6338479089022D0,    0000033P   5392
314.0265979819596D0,1482.12109788424D0,-125.3540908831001D0,     0000033P   5393
316.9699401427354D0,1482.116791741646D0,-126.0532094002281D0,    0000033P   5394
319.9017218234337D0,1482.112485599052D0,-126.7376030326415D0,    0000033P   5395
322.8401213165427D0,1482.108179456459D0,-127.3982926812081D0,    0000033P   5396
325.7451279487714D0,1482.103873313865D0,-128.0660693440412D0,    0000033P   5397
328.7308762991868D0,1482.099567171272D0,-128.7021213292409D0,    0000033P   5398
331.6351918111945D0,1482.09669640954D0,-129.1322420662036D0,     0000033P   5399
333.6151136287405D0,1482.095261028677D0,-129.3447350174382D0,    0000033P   5400
334.6000000000001D0,1502.161920207579D0,2.933975950456863D-16,   0000033P   5401
92.31946177116879D0,1502.160450719118D0,-0.7052935814956511D0,   0000033P   5402
92.98058857792195D0,1502.157511742199D0,-2.105206139421852D0,    0000033P   5403
94.30703895272177D0,1502.153103276818D0,-4.199430961511332D0,    0000033P   5404
96.34484397982001D0,1502.148694811438D0,-6.26682228399403D0,     0000033P   5405
98.40333915303194D0,1502.144286346058D0,-8.241469876040199D0,    0000033P   5406
100.4217334707784D0,1502.139877880678D0,-10.27218187934257D0,    0000033P   5407
102.5587458964001D0,1502.135469415298D0,-12.2179630753595D0,     0000033P   5408
104.6648545593734D0,1502.131060949918D0,-14.14824300779867D0,    0000033P   5409
106.81225557965D0,1502.126652484539D0,-16.08398466199593D0,      0000033P   5410
109.0306932103176D0,1502.122244019158D0,-17.96255920241097D0,    0000033P   5411
111.234534054433D0,1502.117835553779D0,-19.78208162242243D0,     0000033P   5412
113.4087261583435D0,1502.113427088398D0,-21.64045285605251D0,    0000033P   5413
115.6745281783368D0,1502.109018623019D0,-23.45153456557222D0,    0000033P   5414
117.9154276957748D0,1502.104610157638D0,-25.29351902512848D0,    0000033P   5415
120.2271704304985D0,1502.100201692259D0,-27.07671492656877D0,    0000033P   5416
122.4909780816556D0,1502.095793226879D0,-28.83447655319167D0,    0000033P   5417
124.7592279186909D0,1502.091384761499D0,-30.59422912564417D0,    0000033P   5418
127.0594575739106D0,1502.086976296119D0,-32.33939091410883D0,    0000033P   5419
129.3845416326211D0,1502.082567830739D0,-34.04652723482857D0,    0000033P   5420
131.688392964296D0,1502.078159365359D0,-35.77227603459723D0,     0000033P   5421
134.0672964428111D0,1502.073750899979D0,-37.44224404338028D0,    0000033P   5422
136.4030855421023D0,1502.069342434599D0,-39.1156517465184D0,     0000033P   5423
138.7853997571737D0,1502.064933969219D0,-40.76352666057882D0,    0000033P   5424
141.171485194165D0,1502.060525503839D0,-42.39432400149133D0,     0000033P   5425
143.5644074594407D0,1502.05611703846D0,-44.00157595665776D0,     0000033P   5426
145.9604924318437D0,1502.05170857308D0,-45.59687660823092D0,     0000033P   5427
148.3698661284924D0,1502.047300107699D0,-47.18791485304431D0,    0000033P   5428
150.808913659467D0,1502.04289164232D0,-48.76826384462292D0,      0000033P   5429
153.2599509052138D0,1502.03848317694D0,-50.30346861782337D0,     0000033P   5430
155.6750745379712D0,1502.03407471156D0,-51.87159293572047D0,     0000033P   5431
158.1765172413371D0,1502.02966624618D0,-53.37451001678542D0,     0000033P   5432
160.6021009263949D0,1502.0252577808D0,-54.88118667002783D0,      0000033P   5433
163.0729229887988D0,1502.02084931542D0,-56.3943079333415D0,      0000033P   5434
165.581184189735D0,1502.01644085004D0,-57.85564389478181D0,      0000033P   5435
168.0404892336476D0,1502.01203238466D0,-59.32064738068934D0,     0000033P   5436
170.5363718870812D0,1502.00762391928D0,-60.7994445102885D0,      0000033P   5437
173.089027853636D0,1502.0032154539D0,-62.20256184434201D0,       0000033P   5438
175.5444767925527D0,1501.99880698852D0,-63.64593515839388D0,     0000033P   5439
178.0991409145722D0,1501.994398523141D0,-65.06345908114786D0,    0000033P   5440
180.6441901515991D0,1501.989990057761D0,-66.4405470222824D0,     0000033P   5441
183.1486809902894D0,1501.985581592381D0,-67.8299783478646D0,     0000033P   5442
185.70806824895D0,1501.981173127D0,-69.20675758418162D0,         0000033P   5443
188.2766853599027D0,1501.976764661621D0,-70.550297082529D0,      0000033P   5444
190.8211181906958D0,1501.972356196241D0,-71.89702745745166D0,    0000033P   5445
193.4016737148529D0,1501.967947730861D0,-73.23678634096835D0,    0000033P   5446
196.0043934865963D0,1501.963539265481D0,-74.52756876356898D0,    0000033P   5447
198.539180864804D0,1501.959130800101D0,-75.84456423548625D0,     0000033P   5448
201.1575630170129D0,1501.954722334721D0,-77.11146211103976D0,    0000033P   5449
203.7040325925105D0,1501.950313869341D0,-78.43058597394767D0,    0000033P   5450
206.3879638650527D0,1501.945905403961D0,-79.65658525783533D0,    0000033P   5451
208.9116903211052D0,1501.941496938581D0,-80.93892657673429D0,    0000033P   5452
211.5841121144866D0,1501.937088473202D0,-82.15171303061729D0,    0000033P   5453
214.1511535506183D0,1501.932680007822D0,-83.38686007694535D0,    0000033P   5454
216.8031213181285D0,1501.928271542441D0,-84.59264846751586D0,    0000033P   5455
219.4334668211304D0,1501.923863077062D0,-85.77744591831137D0,    0000033P   5456
222.0535560106612D0,1501.919454611682D0,-86.97941283385848D0,    0000033P   5457
224.7501102731061D0,1501.915046146302D0,-88.13358378818711D0,    0000033P   5458
227.3755134674396D0,1501.910637680921D0,-89.2926565139925D0,     0000033P   5459
230.042930373024D0,1501.906229215542D0,-90.42523595915488D0,     0000033P   5460
232.6772231409361D0,1501.901820750162D0,-91.57151921242777D0,    0000033P   5461
235.3735960698743D0,1501.897412284782D0,-92.67955751304008D0,    0000033P   5462
238.0121908577231D0,1501.893003819402D0,-93.81268284418759D0,    0000033P   5463
240.7470583740494D0,1501.888595354022D0,-94.88294555684189D0,    0000033P   5464
243.3688597806442D0,1501.884186888643D0,-95.97194356147546D0,    0000033P   5465
246.0778439259001D0,1501.879778423262D0,-97.04806415371054D0,    0000033P   5466
248.8006201275111D0,1501.875369957882D0,-98.07500461265597D0,    0000033P   5467
251.4428505734891D0,1501.870961492503D0,-99.12813358417253D0,    0000033P   5468
254.1967900975351D0,1501.866553027123D0,-100.1355046091618D0,    0000033P   5469
256.8725579208652D0,1501.862144561743D0,-101.156719057256D0,     0000033P   5470
259.6278154712874D0,1501.857736096363D0,-102.1354865164545D0,    0000033P   5471
262.3074243430713D0,1501.853327630983D0,-103.1199286571639D0,    0000033P   5472
265.0417561616818D0,1501.848919165603D0,-104.1102836526751D0,    0000033P   5473
267.8378630172745D0,1501.844510700224D0,-105.038956122933D0,     0000033P   5474
270.5014280782611D0,1501.840102234843D0,-105.9954354915046D0,    0000033P   5475
273.2917923772026D0,1501.835693769463D0,-106.9060984061081D0,    0000033P   5476
275.9945685635499D0,1501.831285304083D0,-107.8280488966756D0,    0000033P   5477
278.7782050084455D0,1501.826876838703D0,-108.7127299654212D0,    0000033P   5478
281.4976845636307D0,1501.822468373324D0,-109.5993225264637D0,    0000033P   5479
284.26884310374D0,1501.818059907943D0,-110.4709602491989D0,      0000033P   5480
287.0365605190596D0,1501.813651442563D0,-111.3264292893131D0,    0000033P   5481
289.7920263853248D0,1501.809242977183D0,-112.1681235378817D0,    0000033P   5482
292.5481475584747D0,1501.804834511803D0,-113.0174284739044D0,    0000033P   5483
295.3704020127263D0,1501.800426046424D0,-113.8373607575258D0,    0000033P   5484
298.1351849814608D0,1501.796017581043D0,-114.6475485902442D0,    0000033P   5485
300.9123839627817D0,1501.791609115663D0,-115.4398342164571D0,    0000033P   5486
303.6745671039706D0,1501.787200650284D0,-116.237543488055D0,     0000033P   5487
306.5101121976596D0,1501.782792184903D0,-116.9922688272961D0,    0000033P   5488
309.2498244079621D0,1501.778383719524D0,-117.7629367981999D0,    0000033P   5489
312.1087944342704D0,1501.773975254143D0,-118.4898094820708D0,    0000033P   5490
314.8693731893582D0,1501.769566788764D0,-119.2125808993279D0,    0000033P   5491
317.6848559361227D0,1501.765158323383D0,-119.9163259087192D0,    0000033P   5492
320.4940741676372D0,1501.760749858004D0,-120.6091848877269D0,    0000033P   5493
323.3256517490783D0,1501.756341392623D0,-121.2740010562528D0,    0000033P   5494
326.1090172121764D0,1501.751932927244D0,-121.9477016100255D0,    0000033P   5495
328.9797145307865D0,1501.747524461864D0,-122.5812063276182D0,    0000033P   5496
331.7362036916494D0,1501.744585484943D0,-123.0169366180756D0,    0000033P   5497
333.6515775799909D0,1501.743115996484D0,-123.2311059723023D0,    0000033P   5498
334.6D0,1521.519873005215D0,5.767137900910954D-17,               0000033P   5499
101.1701702513479D0,1521.520667050996D0,-0.662053380946088D0,    0000033P   5500
101.8183157450088D0,1521.522255142557D0,-1.973328847799268D0,    0000033P   5501
103.1168584759855D0,1521.524637279899D0,-3.947935942118968D0,    0000033P   5502
105.1215342259464D0,1521.527019417241D0,-5.877071905734198D0,    0000033P   5503
107.1336356101712D0,1521.529401554584D0,-7.716287094145532D0,    0000033P   5504
109.10425488819D0,1521.531783691925D0,-9.616669753555518D0,      0000033P   5505
111.2003002015593D0,1521.534165829268D0,-11.43557466205477D0,    0000033P   5506
113.2693264868314D0,1521.53654796661D0,-13.21902983630208D0,     0000033P   5507
115.3615916162827D0,1521.538930103953D0,-15.03001373467126D0,    0000033P   5508
117.5470729275685D0,1521.541312241295D0,-16.78090446103352D0,    0000033P   5509
119.7135929858788D0,1521.543694378637D0,-18.46278264289146D0,    0000033P   5510
121.837892217197D0,1521.546076515979D0,-20.18880040853612D0,     0000033P   5511
124.0567459981104D0,1521.548458653322D0,-21.86446567204598D0,    0000033P   5512
126.2426772775318D0,1521.550840790663D0,-23.58264157360647D0,    0000033P   5513
128.5085298012592D0,1521.553222928006D0,-25.2292873194939D0,     0000033P   5514
130.7051735885993D0,1521.555605065349D0,-26.880271260032D0,      0000033P   5515
132.9345615276884D0,1521.557987202691D0,-28.4956150121245D0,     0000033P   5516
135.1462585586308D0,1521.560369340033D0,-30.14661286463463D0,    0000033P   5517
137.4392267005659D0,1521.562751477375D0,-31.72468022002842D0,    0000033P   5518
139.6659828985551D0,1521.565133614717D0,-33.34686759813488D0,    0000033P   5519
141.992323796528D0,1521.567515752059D0,-34.89380519822608D0,     0000033P   5520
144.2485653237477D0,1521.569897889401D0,-36.45669413748938D0,    0000033P   5521
146.5618398780897D0,1521.572280026743D0,-38.0061334690371D0,     0000033P   5522
148.8890728673064D0,1521.574662164086D0,-39.51562301350636D0,    0000033P   5523
151.1879816237733D0,1521.577044301428D0,-41.0270348776964D0,     0000033P   5524
153.5192858244557D0,1521.579426438771D0,-42.51965606341793D0,    0000033P   5525
155.8506196893247D0,1521.581808576112D0,-44.01589737750513D0,    0000033P   5526
158.216267158756D0,1521.584190713455D0,-45.49829838462253D0,     0000033P   5527
160.5905213563747D0,1521.586572850797D0,-46.92835360238459D0,    0000033P   5528
162.9105335965143D0,1521.588954988139D0,-48.40998105483797D0,    0000033P   5529
165.3464946961623D0,1521.591337125481D0,-49.79915318442702D0,    0000033P   5530
167.6624197216419D0,1521.593719262823D0,-51.2307230890663D0,     0000033P   5531
170.0802951928835D0,1521.596101400165D0,-52.63991588677455D0,    0000033P   5532
172.4951422833079D0,1521.598483537507D0,-54.00664056603174D0,    0000033P   5533
174.8679078758599D0,1521.60086567485D0,-55.38424218653346D0,     0000033P   5534
177.2895371817915D0,1521.603247812192D0,-56.75794601312535D0,    0000033P   5535
179.7348953976211D0,1521.605629949534D0,-58.09249063226456D0,    0000033P   5536
182.1376665461887D0,1521.608012086876D0,-59.42862585133994D0,    0000033P   5537
184.5710847797459D0,1521.610394224219D0,-60.76600973923595D0,    0000033P   5538
187.0330436393899D0,1521.612776361561D0,-62.07156195941596D0,    0000033P   5539
189.4618021879923D0,1521.615158498903D0,-63.38235225127107D0,    0000033P   5540
191.9263211886173D0,1521.617540636245D0,-64.66909926157362D0,    0000033P   5541
194.3710037893432D0,1521.619922773587D0,-65.96165036826591D0,    0000033P   5542
196.851528912833D0,1521.62230491093D0,-67.2323828914421D0,       0000033P   5543
199.3154225570861D0,1521.624687048272D0,-68.5148469190267D0,     0000033P   5544
201.8272553023895D0,1521.627069185613D0,-69.74063583561618D0,    0000033P   5545
204.2521223743456D0,1521.629451322956D0,-70.99876026762431D0,    0000033P   5546
206.7688835618455D0,1521.631833460298D0,-72.20159149727641D0,    0000033P   5547
209.204595137701D0,1521.63421559764D0,-73.46391781327014D0,      0000033P   5548
211.7963844291213D0,1521.636597734982D0,-74.621305084038D0,      0000033P   5549
214.2084387715542D0,1521.638979872325D0,-75.82709914779383D0,    0000033P   5550
216.7609521772035D0,1521.641362009667D0,-76.98726780843992D0,    0000033P   5551
219.2604280950249D0,1521.64374414701D0,-78.14281214649596D0,     0000033P   5552
221.792666112993D0,1521.646126284351D0,-79.28846365462181D0,     0000033P   5553
224.3422896405759D0,1521.648508421693D0,-80.40006435604981D0,    0000033P   5554
226.8503079414617D0,1521.650890559035D0,-81.53367548585429D0,    0000033P   5555
229.4389712122408D0,1521.653272696378D0,-82.63356243464686D0,    0000033P   5556
231.9770557808161D0,1521.655654833719D0,-83.72900012318877D0,    0000033P   5557
234.526865434548D0,1521.658036971062D0,-84.81467937761109D0,     0000033P   5558
237.0716179537919D0,1521.660419108404D0,-85.8920631135007D0,     0000033P   5559
239.6176778168635D0,1521.662801245746D0,-86.96635356883969D0,    0000033P   5560
242.1802760816613D0,1521.665183383089D0,-88.05379900181825D0,    0000033P   5561
244.8033612858661D0,1521.66756552043D0,-89.0822587209049D0,      0000033P   5562
247.3147449376538D0,1521.669947657773D0,-90.12885435680754D0,    0000033P   5563
249.9043711392822D0,1521.672329795115D0,-91.1692491715034D0,     0000033P   5564
252.5192305441502D0,1521.674711932457D0,-92.15873658372408D0,    0000033P   5565
255.0451237516625D0,1521.677094069799D0,-93.17260165833916D0,    0000033P   5566
257.6738789673605D0,1521.679476207141D0,-94.1520610372887D0,     0000033P   5567
260.2542053027565D0,1521.681858344484D0,-95.13424010461399D0,    0000033P   5568
262.8823706203475D0,1521.684240481826D0,-96.08046088082719D0,    0000033P   5569
265.4548833834846D0,1521.686622619168D0,-97.02399009813654D0,    0000033P   5570
268.0591231425577D0,1521.68900475651D0,-97.97987135283525D0,     0000033P   5571
270.7402582371877D0,1521.691386893853D0,-98.88376013032648D0,    0000033P   5572
273.3151399172972D0,1521.693769031194D0,-99.80272408304691D0,    0000033P   5573
275.9712355326921D0,1521.696151168537D0,-100.6849114281509D0,    0000033P   5574
278.557855710719D0,1521.698533305879D0,-101.5854914957413D0,     0000033P   5575
281.2347112584286D0,1521.700915443221D0,-102.4462056516476D0,    0000033P   5576
283.8270124852818D0,1521.703297580564D0,-103.3136841029597D0,    0000033P   5577
286.4717653086174D0,1521.705679717906D0,-104.1749541295338D0,    0000033P   5578
289.1301507111548D0,1521.708061855248D0,-105.0173484744683D0,    0000033P   5579
291.7633195773814D0,1521.71044399259D0,-105.8503388978059D0,     0000033P   5580
294.4018239274558D0,1521.712826129932D0,-106.683242909114D0,     0000033P   5581
297.0770698851267D0,1521.715208267275D0,-107.4984722228777D0,    0000033P   5582
299.7357947457148D0,1521.717590404616D0,-108.3021297746873D0,    0000033P   5583
302.3987125149564D0,1521.719972541958D0,-109.0833885213734D0,    0000033P   5584
305.0295215102762D0,1521.722354679302D0,-109.8792918857271D0,    0000033P   5585
307.7585407206784D0,1521.724736816643D0,-110.6245074340021D0,    0000033P   5586
310.360847899026D0,1521.727118953986D0,-111.3913016772389D0,     0000033P   5587
313.0907269739487D0,1521.729501091328D0,-112.1209986300578D0,    0000033P   5588
315.7435882482276D0,1521.73188322867D0,-112.8448866461091D0,     0000033P   5589
318.4308092171804D0,1521.734265366012D0,-113.5517888353271D0,    0000033P   5590
321.1136155654039D0,1521.736647503355D0,-114.2497342261412D0,    0000033P   5591
323.8246798357675D0,1521.739029640696D0,-114.9205978455587D0,    0000033P   5592
326.49022873669D0,1521.741411778039D0,-115.5962378062625D0,      0000033P   5593
329.2299977282175D0,1521.743793915381D0,-116.230255380013D0,     0000033P   5594
331.8502007966354D0,1521.745382006943D0,-116.6683275756018D0,    0000033P   5595
333.6908336845756D0,1521.746176052723D0,-116.8829770696598D0,    0000033P   5596
334.6D0,1541.542469898051D0,-5.4843764705092D-16,                0000033P   5597
111.0608362737882D0,1541.540757459808D0,-0.6156406777950271D0,   0000033P   5598
111.6945593881659D0,1541.537332583324D0,-1.835965519770286D0,    0000033P   5599
112.9658393082624D0,1541.532195268597D0,-3.666583602463504D0,    0000033P   5600
114.9136724291319D0,1541.527057953871D0,-5.461419509683285D0,    0000033P   5601
116.881497594483D0,1541.521920639144D0,-7.174247763556351D0,     0000033P   5602
118.8090358497294D0,1541.516783324417D0,-8.933831106262439D0,    0000033P   5603
120.8415854191317D0,1541.511646009691D0,-10.6265782200217D0,     0000033P   5604
122.8594629895893D0,1541.506508694964D0,-12.28201655003432D0,    0000033P   5605
124.8964674426443D0,1541.501371380237D0,-13.95785211203712D0,    0000033P   5606
127.0102577158797D0,1541.496234065511D0,-15.58582724562006D0,    0000033P   5607
129.1175908097078D0,1541.491096750784D0,-17.15185303939486D0,    0000033P   5608
131.1904101056169D0,1541.485959436056D0,-18.74642691046325D0,    0000033P   5609
133.3335585596454D0,1541.480822121331D0,-20.29990414657483D0,    0000033P   5610
135.4545374964865D0,1541.475684806603D0,-21.89213369828994D0,    0000033P   5611
137.6494516301843D0,1541.470547491877D0,-23.41720060228818D0,    0000033P   5612
139.7794698667719D0,1541.46541017715D0,-24.95512551583926D0,     0000033P   5613
141.947656821401D0,1541.460272862423D0,-26.44087045850012D0,     0000033P   5614
144.0730003887199D0,1541.455135547696D0,-27.98004853891327D0,    0000033P   5615
146.2978516922091D0,1541.449998232969D0,-29.44325296822553D0,    0000033P   5616
148.4506771002682D0,1541.444860918242D0,-30.95355286010627D0,    0000033P   5617
150.6988463723123D0,1541.439723603516D0,-32.38903934687471D0,    0000033P   5618
152.8724654566687D0,1541.434586288789D0,-33.84582234105857D0,    0000033P   5619
155.1052094030759D0,1541.429448974062D0,-35.29283479565838D0,    0000033P   5620
157.3503175656476D0,1541.424311659335D0,-36.69308091532724D0,    0000033P   5621
159.5535675443905D0,1541.419174344609D0,-38.10903357059212D0,    0000033P   5622
161.8046179855098D0,1541.414037029882D0,-39.50948636513623D0,    0000033P   5623
164.0584546822293D0,1541.408899715155D0,-40.89907858735399D0,    0000033P   5624
166.3148931897684D0,1541.403762400428D0,-42.29428394678318D0,    0000033P   5625
168.6124931431039D0,1541.398625085701D0,-43.62399831716284D0,    0000033P   5626
170.8256952816469D0,1541.393487770974D0,-45.0154530540494D0,     0000033P   5627
173.170003100435D0,1541.388350456248D0,-46.31353823861267D0,     0000033P   5628
175.3893449924219D0,1541.383213141521D0,-47.65793066444936D0,    0000033P   5629
177.7106390247173D0,1541.378075826794D0,-48.98257354819985D0,    0000033P   5630
180.036946103173D0,1541.372938512067D0,-50.25846995581342D0,     0000033P   5631
182.3024908239943D0,1541.36780119734D0,-51.55694294852734D0,     0000033P   5632
184.6380449513509D0,1541.362663882614D0,-52.83374300766585D0,    0000033P   5633
186.962838568069D0,1541.357526567887D0,-54.10185065483937D0,     0000033P   5634
189.2957909057881D0,1541.35238925316D0,-55.34275967658473D0,     0000033P   5635
191.6055970174196D0,1541.347251938433D0,-56.60077258822609D0,    0000033P   5636
193.9678502840826D0,1541.342114623707D0,-57.83450605319244D0,    0000033P   5637
196.306154008867D0,1541.33697730898D0,-59.06401265564598D0,      0000033P   5638
198.6576791585633D0,1541.331839994253D0,-60.27297315785823D0,    0000033P   5639
200.991710180205D0,1541.326702679526D0,-61.49773761211517D0,     0000033P   5640
203.3727070543947D0,1541.3215653648D0,-62.69408941234384D0,      0000033P   5641
205.7210425932891D0,1541.316428050073D0,-63.90864540151194D0,    0000033P   5642
208.1245851282225D0,1541.311290735346D0,-65.0707918694406D0,     0000033P   5643
210.4466753791794D0,1541.306153420619D0,-66.26054437559698D0,    0000033P   5644
212.8483182099026D0,1541.301016105892D0,-67.39802191681915D0,    0000033P   5645
215.1731730075607D0,1541.295878791166D0,-68.59387563876636D0,    0000033P   5646
217.6515130833372D0,1541.290741476439D0,-69.69224216616115D0,    0000033P   5647
219.9634457103572D0,1541.285604161712D0,-70.82546717137848D0,    0000033P   5648
222.3864825061811D0,1541.280466846986D0,-71.93162556712164D0,    0000033P   5649
224.7909414216748D0,1541.27532953226D0,-73.02177696898767D0,     0000033P   5650
227.2005213647906D0,1541.270192217532D0,-74.11278620052568D0,    0000033P   5651
229.6445377171107D0,1541.265054902806D0,-75.16568482001902D0,    0000033P   5652
232.0325955542586D0,1541.259917588079D0,-76.24340671543504D0,    0000033P   5653
234.5025681569209D0,1541.254780273353D0,-77.29216160590521D0,    0000033P   5654
236.9276640381268D0,1541.249642958625D0,-78.33363763742683D0,    0000033P   5655
239.3560173167836D0,1541.244505643899D0,-79.3692440495645D0,     0000033P   5656
241.7876009562405D0,1541.239368329173D0,-80.38811643300178D0,    0000033P   5657
244.2008000892884D0,1541.234231014445D0,-81.41811197860316D0,    0000033P   5658
246.665024501844D0,1541.229093699719D0,-82.44957986966449D0,     0000033P   5659
249.1624213484436D0,1541.223956384992D0,-83.42737930133696D0,    0000033P   5660
251.5577317158349D0,1541.218819070266D0,-84.42596155712145D0,    0000033P   5661
254.03402332517D0,1541.213681755539D0,-85.41420258662402D0,      0000033P   5662
256.5180121831322D0,1541.208544440812D0,-86.36763762877202D0,    0000033P   5663
258.9462386324059D0,1541.203407126086D0,-87.33061818561214D0,    0000033P   5664
261.4293148341279D0,1541.198269811359D0,-88.278544757863D0,      0000033P   5665
263.9051303290391D0,1541.193132496633D0,-89.21954878917923D0,    0000033P   5666
266.3932027120914D0,1541.187995181906D0,-90.14125804551276D0,    0000033P   5667
268.8631699360506D0,1541.182857867179D0,-91.04722157637784D0,    0000033P   5668
271.3242985326142D0,1541.177720552452D0,-91.97079868058192D0,    0000033P   5669
273.869529308882D0,1541.172583237726D0,-92.85439894087584D0,     0000033P   5670
276.3387028472264D0,1541.167445922999D0,-93.74152314154917D0,    0000033P   5671
278.8509136815015D0,1541.162308608272D0,-94.60110476864564D0,    0000033P   5672
281.3160502144191D0,1541.157171293546D0,-95.47969166147369D0,    0000033P   5673
283.8675547105084D0,1541.152033978819D0,-96.31876701044689D0,    0000033P   5674
286.331160310538D0,1541.146896664093D0,-97.16454328020095D0,     0000033P   5675
288.8413044155337D0,1541.141759349366D0,-98.01269415395352D0,    0000033P   5676
291.3863065242693D0,1541.136622034639D0,-98.83186275572544D0,    0000033P   5677
293.87552318996D0,1541.131484719912D0,-99.65442966055102D0,      0000033P   5678
296.403406758328D0,1541.126347405186D0,-100.4619935930517D0,     0000033P   5679
298.9215471417299D0,1541.121210090459D0,-101.2632462681454D0,    0000033P   5680
301.4580320211955D0,1541.116072775732D0,-102.0565260681431D0,    0000033P   5681
304.0061104313862D0,1541.110935461005D0,-102.8192791621414D0,    0000033P   5682
306.4928951602445D0,1541.105798146279D0,-103.6078088264133D0,    0000033P   5683
309.1032422866956D0,1541.100660831552D0,-104.3419214254083D0,    0000033P   5684
311.5680820467655D0,1541.095523516826D0,-105.1013140976861D0,    0000033P   5685
314.1576595450252D0,1541.090386202099D0,-105.8305937667375D0,    0000033P   5686
316.6836117387614D0,1541.085248887373D0,-106.5576351067846D0,    0000033P   5687
319.2392353807161D0,1541.080111572645D0,-107.2696272546646D0,    0000033P   5688
321.7875436758023D0,1541.07497425792D0,-107.971455455429D0,      0000033P   5689
324.3542873570254D0,1541.069836943192D0,-108.6554560582589D0,    0000033P   5690
326.9033848170165D0,1541.064699628467D0,-109.3317941431701D0,    0000033P   5691
329.4851111818247D0,1541.059562313739D0,-109.9774907306367D0,    0000033P   5692
331.9893670572007D0,1541.056137437255D0,-110.4164624793451D0,    0000033P   5693
333.7356654352023D0,1541.054424999013D0,-110.6318042815683D0,    0000033P   5694
334.6000000000001D0,1561.240177386376D0,-1.297857845649333D-15,  0000033P   5695
121.5097908226009D0,1561.238473681166D0,-0.5663357317515795D0,   0000033P   5696
122.1280012357695D0,1561.235066270747D0,-1.692107158921964D0,    0000033P   5697
123.3714845690662D0,1561.229955155119D0,-3.362397080265448D0,    0000033P   5698
125.2496211354264D0,1561.224844039492D0,-5.021932736086612D0,    0000033P   5699
127.1724122596627D0,1561.219732923864D0,-6.611429285308879D0,    0000033P   5700
129.0593195498281D0,1561.214621808236D0,-8.222470589138798D0,    0000033P   5701
131.0156279393031D0,1561.209510692608D0,-9.786547980697172D0,    0000033P   5702
132.9722129547592D0,1561.20439957698D0,-11.32355323381663D0,     0000033P   5703
134.9531870000693D0,1561.199288461352D0,-12.85653205106308D0,    0000033P   5704
136.9720329719595D0,1561.194177345725D0,-14.36202485982168D0,    0000033P   5705
139.0054214815804D0,1561.189066230097D0,-15.82307717522602D0,    0000033P   5706
141.0241437195119D0,1561.183955114468D0,-17.2855345723335D0,     0000033P   5707
143.0742567967634D0,1561.178843998841D0,-18.72324308758945D0,    0000033P   5708
145.1239294464748D0,1561.173732883213D0,-20.18600334371286D0,    0000033P   5709
147.2317066881592D0,1561.168621767585D0,-21.59664551432464D0,    0000033P   5710
149.2948583754582D0,1561.163510651958D0,-23.01458642700824D0,    0000033P   5711
151.3870951060975D0,1561.15839953633D0,-24.37941832663739D0,     0000033P   5712
153.4302445227085D0,1561.153288420702D0,-25.79226138924455D0,    0000033P   5713
155.563491350695D0,1561.148177305073D0,-27.14695628923371D0,     0000033P   5714
157.6443919130967D0,1561.143066189445D0,-28.53699184633517D0,    0000033P   5715
159.7980505427695D0,1561.137955073818D0,-29.86622012246059D0,    0000033P   5716
161.8884660977551D0,1561.13284395819D0,-31.21656512847537D0,     0000033P   5717
164.0331002050151D0,1561.127732842562D0,-32.55617844103719D0,    0000033P   5718
166.1822564452577D0,1561.122621726934D0,-33.85312944406196D0,    0000033P   5719
168.290197145343D0,1561.117510611307D0,-35.17114943286359D0,     0000033P   5720
170.4511504378976D0,1561.112399495679D0,-36.48256471592768D0,    0000033P   5721
172.6260918855835D0,1561.107288380051D0,-37.75764178787D0,       0000033P   5722
174.7548911464529D0,1561.102177264423D0,-39.06832422731431D0,    0000033P   5723
176.9733254028063D0,1561.097066148795D0,-40.29972766220665D0,    0000033P   5724
179.075896577751D0,1561.091955033167D0,-41.59506087629953D0,     0000033P   5725
181.3113014728826D0,1561.086843917539D0,-42.81394599125753D0,    0000033P   5726
183.4440291916118D0,1561.081732801912D0,-44.06085070098988D0,    0000033P   5727
185.6432214481284D0,1561.076621686284D0,-45.30890912340864D0,    0000033P   5728
187.8823661166254D0,1561.071510570655D0,-46.49439596818846D0,    0000033P   5729
190.0306507652987D0,1561.066399455028D0,-47.71524136620552D0,    0000033P   5730
192.2721412678243D0,1561.0612883394D0,-48.89881833273661D0,      0000033P   5731
194.4712341292965D0,1561.056177223772D0,-50.09719108822863D0,    0000033P   5732
196.7209493140622D0,1561.051066108144D0,-51.24939367997563D0,    0000033P   5733
198.9091818085945D0,1561.045954992516D0,-52.42586786719269D0,    0000033P   5734
201.1619295038005D0,1561.040843876888D0,-53.58408895658144D0,    0000033P   5735
203.3995236650186D0,1561.035732761261D0,-54.72874095330062D0,    0000033P   5736
205.6288821913722D0,1561.030621645633D0,-55.86529616176844D0,    0000033P   5737
207.8621461060122D0,1561.025510530005D0,-57.00830921929491D0,    0000033P   5738
210.121178921259D0,1561.020399414377D0,-58.12917392567297D0,     0000033P   5739
212.3572135924622D0,1561.015288298749D0,-59.26546637387102D0,    0000033P   5740
214.6411977664685D0,1561.010177183121D0,-60.36217152162135D0,    0000033P   5741
216.8669291695043D0,1561.005066067493D0,-61.47423035507515D0,    0000033P   5742
219.1454097212646D0,1560.999954951865D0,-62.54343181231868D0,    0000033P   5743
221.3623844471342D0,1560.994843836237D0,-63.66314285852998D0,    0000033P   5744
223.7135649452647D0,1560.98973272061D0,-64.70524987950114D0,     0000033P   5745
225.9329954392813D0,1560.984621604982D0,-65.76645613878458D0,    0000033P   5746
228.2236287793251D0,1560.979510489354D0,-66.81373117567632D0,    0000033P   5747
230.5148903863672D0,1560.974399373727D0,-67.84503465992206D0,    0000033P   5748
232.8026923100278D0,1560.969288258097D0,-68.88101293582474D0,    0000033P   5749
235.125449674118D0,1560.964177142471D0,-69.88157903772515D0,     0000033P   5750
237.3913889695458D0,1560.959066026842D0,-70.90713410428916D0,    0000033P   5751
239.7357513149688D0,1560.953954911215D0,-71.90334360697557D0,    0000033P   5752
242.0333923374797D0,1560.948843795586D0,-72.89389631427619D0,    0000033P   5753
244.3400511353382D0,1560.943732679959D0,-73.87412767697228D0,    0000033P   5754
246.6446374556282D0,1560.938621564331D0,-74.8387197344322D0,     0000033P   5755
248.9387391512111D0,1560.933510448703D0,-75.81399271214336D0,    0000033P   5756
251.2891378826015D0,1560.928399333075D0,-76.78074570843873D0,    0000033P   5757
253.653852755776D0,1560.923288217447D0,-77.69996129330775D0,     0000033P   5758
255.9312433087229D0,1560.918177101819D0,-78.64380003622452D0,    0000033P   5759
258.297928627957D0,1560.913065986191D0,-79.5670678008609D0,      0000033P   5760
260.6392377649767D0,1560.907954870564D0,-80.48117286848074D0,    0000033P   5761
262.9811080199093D0,1560.902843754936D0,-81.38274013084531D0,    0000033P   5762
265.3090334669275D0,1560.897732639308D0,-82.29192919164072D0,    0000033P   5763
267.6748089213054D0,1560.89262152368D0,-83.1862277935833D0,      0000033P   5764
270.017905612285D0,1560.887510408052D0,-84.08263584176987D0,     0000033P   5765
272.3876135801913D0,1560.882399292425D0,-84.94908103456004D0,    0000033P   5766
274.701821768163D0,1560.877288176796D0,-85.83686323935751D0,     0000033P   5767
277.1002967785353D0,1560.872177061169D0,-86.697657232273D0,      0000033P   5768
279.453448647587D0,1560.867065945541D0,-87.55242434815422D0,     0000033P   5769
281.8192155547411D0,1560.861954829913D0,-88.38852747491315D0,    0000033P   5770
284.161181885246D0,1560.856843714286D0,-89.23999584391736D0,     0000033P   5771
286.5766362221866D0,1560.851732598657D0,-90.05452001150366D0,    0000033P   5772
288.9125477022328D0,1560.846621483029D0,-90.8729681541376D0,     0000033P   5773
291.2860217959695D0,1560.841510367401D0,-91.70073943480179D0,    0000033P   5774
293.7139796830747D0,1560.836399251774D0,-92.48656641236208D0,    0000033P   5775
296.0497024454742D0,1560.831288136146D0,-93.29187604066705D0,    0000033P   5776
298.4699802207121D0,1560.826177020518D0,-94.06536539794476D0,    0000033P   5777
300.830971017522D0,1560.82106590489D0,-94.84183236023348D0,      0000033P   5778
303.2355680224097D0,1560.815954789262D0,-95.61682665698493D0,    0000033P   5779
305.6673961621238D0,1560.810843673634D0,-96.35273515121585D0,    0000033P   5780
308.0067531321929D0,1560.805732558007D0,-97.1250007618153D0,     0000033P   5781
310.4901870960919D0,1560.800621442378D0,-97.84259543012162D0,    0000033P   5782
312.820347763103D0,1560.795510326751D0,-98.58774343070665D0,     0000033P   5783
315.2651098817468D0,1560.790399211123D0,-99.30933714409029D0,    0000033P   5784
317.6531478417572D0,1560.785288095495D0,-100.0356883883895D0,    0000033P   5785
320.0771837446432D0,1560.780176979867D0,-100.7484147891823D0,    0000033P   5786
322.487106066322D0,1560.77506586424D0,-101.4484221147452D0,      0000033P   5787
324.8974846573597D0,1560.769954748611D0,-102.1440738873374D0,    0000033P   5788
327.3303032675233D0,1560.764843632985D0,-102.816392562523D0,     0000033P   5789
329.7419191834592D0,1560.759732517356D0,-103.475275364931D0,     0000033P   5790
332.1421295872812D0,1560.756325106938D0,-103.9116938081003D0,    0000033P   5791
333.7834715285637D0,1560.754621401728D0,-104.1265557002964D0,    0000033P   5792
334.6000000000001D0,1580.742398955492D0,-1.947792272029311D-15,  0000033P   5793
132.5233524472291D0,1580.740747492368D0,-0.5165976114557167D0,   0000033P   5794
133.1233708647311D0,1580.737444566119D0,-1.547147922142055D0,    0000033P   5795
134.3333496645843D0,1580.732490176746D0,-3.055812829934554D0,    0000033P   5796
136.1346536057326D0,1580.727535787373D0,-4.580194230216387D0,    0000033P   5797
138.0027775310329D0,1580.722581398001D0,-6.049312983856229D0,    0000033P   5798
139.8431748620652D0,1580.717627008628D0,-7.513373663292186D0,    0000033P   5799
141.7151568957429D0,1580.712672619255D0,-8.949170270959154D0,    0000033P   5800
143.5987578375869D0,1580.707718229882D0,-10.3737177594779D0,     0000033P   5801
145.5164407492406D0,1580.702763840509D0,-11.76534281334827D0,    0000033P   5802
147.4279887078751D0,1580.697809451136D0,-13.15043811765304D0,    0000033P   5803
149.3746066379821D0,1580.692855061763D0,-14.51191350516681D0,    0000033P   5804
151.3297511368086D0,1580.68790067239D0,-15.84616779076998D0,     0000033P   5805
153.2760835145247D0,1580.682946283018D0,-17.17345033474885D0,    0000033P   5806
155.2462469491236D0,1580.677991893644D0,-18.50804655169599D0,    0000033P   5807
157.2545491445115D0,1580.673037504272D0,-19.80927744556794D0,    0000033P   5808
159.2440396617152D0,1580.668083114899D0,-21.1058972247936D0,     0000033P   5809
161.2480198695803D0,1580.663128725526D0,-22.35812323447774D0,    0000033P   5810
163.2094504535226D0,1580.658174336154D0,-23.63981173624159D0,    0000033P   5811
165.2354276980094D0,1580.65321994678D0,-24.89014297332118D0,     0000033P   5812
167.2394582478191D0,1580.648265557407D0,-26.15776860345644D0,    0000033P   5813
169.286622401968D0,1580.643311168035D0,-27.38523995153861D0,     0000033P   5814
171.2902071282931D0,1580.638356778662D0,-28.62993212262413D0,    0000033P   5815
173.3377539196475D0,1580.633402389289D0,-29.86227206530038D0,    0000033P   5816
175.381624769839D0,1580.628447999916D0,-31.06142302992078D0,     0000033P   5817
177.3911231308309D0,1580.623493610543D0,-32.28207743540252D0,    0000033P   5818
179.4525700835761D0,1580.618539221171D0,-33.50577727923731D0,    0000033P   5819
181.5395902458517D0,1580.613584831798D0,-34.66880266608457D0,    0000033P   5820
183.535331902205D0,1580.608630442424D0,-35.89507971790338D0,     0000033P   5821
185.6637669155531D0,1580.603676053052D0,-37.03322752531491D0,    0000033P   5822
187.6546710941486D0,1580.598721663679D0,-38.23018888913456D0,    0000033P   5823
189.7680552805219D0,1580.593767274306D0,-39.37619615521065D0,    0000033P   5824
191.815129591084D0,1580.588812884933D0,-40.52325700683613D0,     0000033P   5825
193.8805757540662D0,1580.58385849556D0,-41.69653352558802D0,     0000033P   5826
196.0247134797618D0,1580.578904106187D0,-42.79442316447047D0,    0000033P   5827
198.0515147907749D0,1580.573949716814D0,-43.93790218999029D0,    0000033P   5828
200.1895308356381D0,1580.568995327442D0,-45.03310534339543D0,    0000033P   5829
202.2609808070096D0,1580.564040938068D0,-46.15862218323503D0,    0000033P   5830
204.412532968878D0,1580.559086548696D0,-47.22869788872666D0,     0000033P   5831
206.4804031864704D0,1580.554132159323D0,-48.32428321050634D0,    0000033P   5832
208.6156547357581D0,1580.54917776995D0,-49.40561239216152D0,     0000033P   5833
210.7416168250825D0,1580.544223380577D0,-50.46678042223662D0,    0000033P   5834
212.8437338549859D0,1580.539268991204D0,-51.53485217166492D0,    0000033P   5835
214.9769218404612D0,1580.534314601832D0,-52.59115927157093D0,    0000033P   5836
217.1002896346483D0,1580.529360212459D0,-53.63839651720635D0,    0000033P   5837
219.2240358501516D0,1580.524405823086D0,-54.69232385222674D0,    0000033P   5838
221.3784146995458D0,1580.519451433713D0,-55.72425002881419D0,    0000033P   5839
223.5078017502484D0,1580.51449704434D0,-56.75543993373742D0,     0000033P   5840
225.6555559635934D0,1580.509542654967D0,-57.75750980561574D0,    0000033P   5841
227.7653020670435D0,1580.504588265594D0,-58.79737028032953D0,    0000033P   5842
229.9784515387781D0,1580.499633876222D0,-59.78448140509885D0,    0000033P   5843
232.103240156134D0,1580.494679486848D0,-60.77639707178626D0,     0000033P   5844
234.2602109341949D0,1580.489725097476D0,-61.76204935994029D0,    0000033P   5845
236.4246404494007D0,1580.484770708103D0,-62.73863327701638D0,    0000033P   5846
238.5901297165825D0,1580.479816318729D0,-63.71872605251924D0,    0000033P   5847
240.7804937186571D0,1580.474861929358D0,-64.67039014494773D0,    0000033P   5848
242.9227886734531D0,1580.469907539984D0,-65.64397959943227D0,    0000033P   5849
245.1334771985742D0,1580.464953150612D0,-66.58712306691085D0,    0000033P   5850
247.2957673761659D0,1580.459998761238D0,-67.52844514230362D0,    0000033P   5851
249.478898894498D0,1580.455044371866D0,-68.45150463515603D0,     0000033P   5852
251.6477675193065D0,1580.450089982493D0,-69.36519520305478D0,    0000033P   5853
253.8271071077417D0,1580.445135593119D0,-70.28124221493891D0,    0000033P   5854
256.0503062972246D0,1580.440181203747D0,-71.18199452800984D0,    0000033P   5855
258.2773811955843D0,1580.435226814374D0,-72.0414428109095D0,     0000033P   5856
260.4336184790797D0,1580.430272425001D0,-72.92837871536702D0,    0000033P   5857
262.686570355402D0,1580.425318035628D0,-73.78350264324313D0,     0000033P   5858
264.8799652800603D0,1580.420363646256D0,-74.65571017888084D0,    0000033P   5859
267.1333729694748D0,1580.415409256882D0,-75.49231642347517D0,    0000033P   5860
269.3031756899815D0,1580.41045486751D0,-76.35747906577043D0,     0000033P   5861
271.5517334792639D0,1580.405500478136D0,-77.20168436381267D0,    0000033P   5862
273.7483018720776D0,1580.400546088764D0,-78.06827782524762D0,    0000033P   5863
276.0121688024417D0,1580.395591699391D0,-78.89329552281396D0,    0000033P   5864
278.1800941559873D0,1580.390637310018D0,-79.74146744471454D0,    0000033P   5865
280.4264542814959D0,1580.385682920645D0,-80.57509559011837D0,    0000033P   5866
282.6550365255784D0,1580.380728531273D0,-81.3960244475319D0,     0000033P   5867
284.8740006812958D0,1580.375774141899D0,-82.20618303015385D0,    0000033P   5868
287.0895892003858D0,1580.370819752527D0,-83.02623979592217D0,    0000033P   5869
289.361422580789D0,1580.365865363153D0,-83.81330541089075D0,     0000033P   5870
291.5679442402312D0,1580.36091097378D0,-84.60115177642518D0,     0000033P   5871
293.8038562410216D0,1580.355956584407D0,-85.40210013601798D0,    0000033P   5872
296.1062347765365D0,1580.351002195035D0,-86.15012896889142D0,    0000033P   5873
298.2865324136986D0,1580.346047805661D0,-86.93150770705891D0,    0000033P   5874
300.5926276255719D0,1580.341093416289D0,-87.66799826682772D0,    0000033P   5875
302.8017414403473D0,1580.336139026916D0,-88.41285929028391D0,    0000033P   5876
305.0664989172305D0,1580.331184637543D0,-89.16293629529392D0,    0000033P   5877
307.3744577943483D0,1580.32623024817D0,-89.86830902116743D0,     0000033P   5878
309.567463609933D0,1580.321275858797D0,-90.6174602565868D0,      0000033P   5879
311.914663734022D0,1580.316321469424D0,-91.31457613925724D0,     0000033P   5880
314.1105960431303D0,1580.311367080051D0,-92.04062410061763D0,    0000033P   5881
316.4078871850581D0,1580.306412690679D0,-92.74847462412242D0,    0000033P   5882
318.6504801938169D0,1580.301458301306D0,-93.46946731985823D0,    0000033P   5883
320.9411436754004D0,1580.296503911932D0,-94.17732640516427D0,    0000033P   5884
323.2080135413152D0,1580.29154952256D0,-94.87045337540513D0,     0000033P   5885
325.457308371138D0,1580.286595133186D0,-95.57252198276423D0,     0000033P   5886
327.7674294066807D0,1580.281640743813D0,-96.23779840847178D0,    0000033P   5887
330.0076836647645D0,1580.27668635444D0,-96.90643463779956D0,     0000033P   5888
332.3013538631089D0,1580.273383428191D0,-97.33829825498773D0,    0000033P   5889
333.8332251364955D0,1580.271731965067D0,-97.55182523665576D0,    0000033P   5890
334.6000000000001D0,1599.968919256732D0,-2.263911590956211D-15,  0000033P   5891
143.9977120995717D0,1599.969728719413D0,-0.4670348344320103D0,   0000033P   5892
144.5760272907891D0,1599.971347644774D0,-1.400973303876846D0,    0000033P   5893
145.7431526372055D0,1599.973776032818D0,-2.756114835613736D0,    0000033P   5894
147.4682431843887D0,1599.97620442086D0,-4.141226347146356D0,     0000033P   5895
149.2653900092988D0,1599.978632808904D0,-5.487658869500793D0,    0000033P   5896
151.0474156815816D0,1599.981061196947D0,-6.810117424743004D0,    0000033P   5897
152.8335232270681D0,1599.98348958499D0,-8.115681381943649D0,     0000033P   5898
154.632897766137D0,1599.985917973032D0,-9.425045531273614D0,     0000033P   5899
156.4756018503711D0,1599.988346361075D0,-10.6806519223132D0,     0000033P   5900
158.2799736862701D0,1599.990774749119D0,-11.94396363729795D0,    0000033P   5901
160.1307298264495D0,1599.993203137161D0,-13.20090083924897D0,    0000033P   5902
162.008016130315D0,1599.995631525204D0,-14.41022393912096D0,     0000033P   5903
163.8479586828935D0,1599.998059913248D0,-15.62634645842759D0,    0000033P   5904
165.7304055866139D0,1600.00048830129D0,-16.83370492935273D0,     0000033P   5905
167.6323461096544D0,1600.002916689333D0,-18.02339800850866D0,    0000033P   5906
169.536686044583D0,1600.005345077377D0,-19.19790275252996D0,     0000033P   5907
171.4443276695741D0,1600.007773465419D0,-20.3404056262436D0,     0000033P   5908
173.3225477276031D0,1600.010201853463D0,-21.4906796449044D0,     0000033P   5909
175.2349483979075D0,1600.012630241505D0,-22.63368782473951D0,    0000033P   5910
177.1519910076506D0,1600.015058629547D0,-23.77794050665419D0,    0000033P   5911
179.0864945320889D0,1600.017487017592D0,-24.90264489356444D0,    0000033P   5912
180.9982282336922D0,1600.019915405634D0,-26.03874737835169D0,    0000033P   5913
182.9398284198379D0,1600.022343793677D0,-27.16424811637043D0,    0000033P   5914
184.8750477096341D0,1600.02477218172D0,-28.26589702977514D0,     0000033P   5915
186.7809047122365D0,1600.027200569763D0,-29.38815375615964D0,    0000033P   5916
188.7353778173566D0,1600.029628957806D0,-30.51910064775486D0,    0000033P   5917
190.7193964213235D0,1600.032057345849D0,-31.57807327144883D0,    0000033P   5918
192.5907517365672D0,1600.034485733891D0,-32.71301308326698D0,    0000033P   5919
194.6115619865912D0,1600.036914121934D0,-33.76140036795228D0,    0000033P   5920
196.4938176240507D0,1600.039342509977D0,-34.8568074856077D0,     0000033P   5921
198.4773582912943D0,1600.041770898021D0,-35.92633057356795D0,    0000033P   5922
200.4322662341299D0,1600.044199286064D0,-36.97456961695457D0,    0000033P   5923
202.3673143211339D0,1600.046627674106D0,-38.06431697719859D0,    0000033P   5924
204.4007769461163D0,1600.049056062149D0,-39.07534009886442D0,    0000033P   5925
206.3088435322312D0,1600.051484450192D0,-40.13614136938269D0,    0000033P   5926
208.3339463031018D0,1600.053912838236D0,-41.14446289322422D0,    0000033P   5927
210.2799778125475D0,1600.056341226278D0,-42.18998110574074D0,    0000033P   5928
212.318460621667D0,1600.058769614321D0,-43.18013351949832D0,     0000033P   5929
214.2673707290608D0,1600.061198002363D0,-44.19397283619891D0,    0000033P   5930
216.2801218367902D0,1600.063626390407D0,-45.19509936638265D0,    0000033P   5931
218.2841207941455D0,1600.06605477845D0,-46.17475779413399D0,     0000033P   5932
220.2590349565397D0,1600.068483166493D0,-47.17262324899744D0,    0000033P   5933
222.2848972714492D0,1600.070911554536D0,-48.14199439552559D0,    0000033P   5934
224.2686247998379D0,1600.073339942579D0,-49.11624223760506D0,    0000033P   5935
226.2779847375172D0,1600.075768330622D0,-50.08569714131025D0,    0000033P   5936
228.2948744592334D0,1600.078196718665D0,-51.05194910850687D0,    0000033P   5937
230.3229109966242D0,1600.080625106707D0,-52.00100336856373D0,    0000033P   5938
232.333746446937D0,1600.083053494751D0,-52.93711701063349D0,     0000033P   5939
234.3358371931422D0,1600.085481882793D0,-53.89516245883434D0,    0000033P   5940
236.4037375567835D0,1600.087910270837D0,-54.82313454520884D0,    0000033P   5941
238.4233481307616D0,1600.090338658879D0,-55.74654202263922D0,    0000033P   5942
240.4478871475718D0,1600.092767046922D0,-56.66602122970382D0,    0000033P   5943
242.4774759656521D0,1600.095195434965D0,-57.58565945518145D0,    0000033P   5944
244.5196818371817D0,1600.097623823007D0,-58.50465193395608D0,    0000033P   5945
246.5719935339476D0,1600.100052211051D0,-59.40407441939202D0,    0000033P   5946
248.5907487122488D0,1600.102480599094D0,-60.31849471916414D0,    0000033P   5947
250.6593617209319D0,1600.104908987137D0,-61.20512903167762D0,    0000033P   5948
252.6858973620201D0,1600.107337375179D0,-62.09377086331503D0,    0000033P   5949
254.7430329635469D0,1600.109765763223D0,-62.95753012553757D0,    0000033P   5950
256.7734628405376D0,1600.112194151266D0,-63.8190167897333D0,     0000033P   5951
258.8338897527581D0,1600.114622539308D0,-64.67344416111865D0,    0000033P   5952
260.9196176432301D0,1600.117050927351D0,-65.51042694868892D0,    0000033P   5953
263.0069031845328D0,1600.119479315395D0,-66.31183659480774D0,    0000033P   5954
265.0383837223794D0,1600.121907703437D0,-67.14047217506197D0,    0000033P   5955
267.1666599765534D0,1600.12433609148D0,-67.93000769584732D0,     0000033P   5956
269.214144095004D0,1600.126764479523D0,-68.75486991207532D0,     0000033P   5957
271.3649775880458D0,1600.129192867565D0,-69.52603769437164D0,    0000033P   5958
273.3806361357973D0,1600.131621255609D0,-70.34020799958874D0,    0000033P   5959
275.5042607579591D0,1600.134049643652D0,-71.12935768495836D0,    0000033P   5960
277.5566847023827D0,1600.136478031695D0,-71.95446873509953D0,    0000033P   5961
279.702462398068D0,1600.138906419737D0,-72.73259545852628D0,     0000033P   5962
281.7298096759768D0,1600.14133480778D0,-73.53345817960251D0,     0000033P   5963
283.8247494712793D0,1600.143763195823D0,-74.33037540766857D0,    0000033P   5964
285.9230215447202D0,1600.146191583866D0,-75.1115485487844D0,     0000033P   5965
287.9975967336497D0,1600.148619971908D0,-75.88837745180436D0,    0000033P   5966
290.0829914947972D0,1600.151048359952D0,-76.67018725359247D0,    0000033P   5967
292.20745430292D0,1600.153476747994D0,-77.42357024968399D0,      0000033P   5968
294.2810160798641D0,1600.155905136037D0,-78.17655840330399D0,    0000033P   5969
296.3803778163225D0,1600.15833352408D0,-78.94178403552904D0,     0000033P   5970
298.5446609117739D0,1600.160761912123D0,-79.64981365906554D0,    0000033P   5971
300.57573149485D0,1600.163190300165D0,-80.39751914548683D0,      0000033P   5972
302.7524874652981D0,1600.165618688209D0,-81.0965028387342D0,     0000033P   5973
304.820815941757D0,1600.168047076251D0,-81.80362380197727D0,     0000033P   5974
306.9402191176928D0,1600.170475464294D0,-82.52020107350157D0,    0000033P   5975
309.1113770260467D0,1600.172903852337D0,-83.1927077723799D0,     0000033P   5976
311.164205589014D0,1600.175332240379D0,-83.91075880332988D0,     0000033P   5977
313.3655360929587D0,1600.177760628422D0,-84.58173708641274D0,    0000033P   5978
315.4260769334643D0,1600.180189016465D0,-85.28270747795587D0,    0000033P   5979
317.5756653679705D0,1600.182617404508D0,-85.96895485185488D0,    0000033P   5980
319.6694210942613D0,1600.185045792551D0,-86.6761967508392D0,     0000033P   5981
321.8238967571299D0,1600.187474180593D0,-87.36944897171634D0,    0000033P   5982
323.942880750777D0,1600.189902568637D0,-88.0483827401265D0,      0000033P   5983
326.034118161443D0,1600.192330956679D0,-88.74516163167105D0,     0000033P   5984
328.209435468445D0,1600.194759344722D0,-89.39917582507643D0,     0000033P   5985
330.2881612669066D0,1600.197187732764D0,-90.06650047026649D0,    0000033P   5986
332.4594439302505D0,1600.198806658126D0,-90.49134007162283D0,    0000033P   5987
333.8837085424233D0,1600.199616120807D0,-90.70204440084795D0,    0000033P   5988
334.6D0,1619.913063137188D0,-1.985959930854061D-15,              0000033P   5989
156.5239584835474D0,1619.911481713071D0,-0.4206730445346172D0,   0000033P   5990
157.0734494473938D0,1619.908318864836D0,-1.260546691214309D0,    0000033P   5991
158.1790011071995D0,1619.903574592485D0,-2.487565258688942D0,    0000033P   5992
159.8288865356932D0,1619.898830320133D0,-3.73175073090856D0,     0000033P   5993
161.5234162549473D0,1619.894086047782D0,-4.954483302215591D0,    0000033P   5994
163.2206247731227D0,1619.889341775431D0,-6.151970545348924D0,    0000033P   5995
164.9184621275855D0,1619.884597503079D0,-7.329783315447626D0,    0000033P   5996
166.6147964341873D0,1619.879853230728D0,-8.518855596944842D0,    0000033P   5997
168.3580693636357D0,1619.875108958376D0,-9.654978819956959D0,    0000033P   5998
170.0610264393125D0,1619.870364686025D0,-10.79830240590384D0,    0000033P   5999
171.8028933088441D0,1619.865620413673D0,-11.94142266373296D0,    0000033P   6000
173.5748216046264D0,1619.860876141322D0,-13.03542718831117D0,    0000033P   6001
175.3067797431498D0,1619.856131868971D0,-14.14002965695262D0,    0000033P   6002
177.0854197423169D0,1619.851387596619D0,-15.22762563928622D0,    0000033P   6003
178.8721694747342D0,1619.846643324268D0,-16.30287370764954D0,    0000033P   6004
180.6669541909245D0,1619.841899051917D0,-17.36184908401356D0,    0000033P   6005
182.4667925329031D0,1619.837154779565D0,-18.39868787046086D0,    0000033P   6006
184.2505972641062D0,1619.832410507214D0,-19.42897089976177D0,    0000033P   6007
186.0453388349618D0,1619.827666234862D0,-20.46086981695171D0,    0000033P   6008
187.8519389623907D0,1619.82292196251D0,-21.48883864526265D0,     0000033P   6009
189.666156098486D0,1619.81817769016D0,-22.51061788938588D0,      0000033P   6010
191.4718660441241D0,1619.813433417807D0,-23.53789829066792D0,    0000033P   6011
193.2910941456858D0,1619.808689145456D0,-24.56399738892612D0,    0000033P   6012
195.113053689677D0,1619.803944873105D0,-25.56960961310769D0,     0000033P   6013
196.9003504692306D0,1619.799200600754D0,-26.59730102251668D0,    0000033P   6014
198.7347772668226D0,1619.794456328402D0,-27.63015243428944D0,    0000033P   6015
200.5864564572041D0,1619.789712056051D0,-28.605768627019D0,      0000033P   6016
202.3499502434858D0,1619.784967783699D0,-29.64132686942905D0,    0000033P   6017
204.2304411348773D0,1619.780223511348D0,-30.60842872741878D0,    0000033P   6018
206.0040865504883D0,1619.775479238996D0,-31.60461004348131D0,    0000033P   6019
207.8480960554412D0,1619.770734966645D0,-32.58989326794191D0,    0000033P   6020
209.6887991089381D0,1619.765990694294D0,-33.55045412071856D0,    0000033P   6021
211.5054515730979D0,1619.761246421942D0,-34.54301238459433D0,    0000033P   6022
213.3965423543575D0,1619.756502149591D0,-35.4721956896116D0,     0000033P   6023
215.1887824694253D0,1619.751757877238D0,-36.4453910256869D0,     0000033P   6024
217.0838745884131D0,1619.747013604888D0,-37.37132378542511D0,    0000033P   6025
218.904015116421D0,1619.742269332536D0,-38.3315922291617D0,      0000033P   6026
220.8067012740312D0,1619.737525060185D0,-39.24591270590604D0,    0000033P   6027
222.6311171251533D0,1619.732780787833D0,-40.18191958952524D0,    0000033P   6028
224.5121232938384D0,1619.728036515482D0,-41.1037485803099D0,     0000033P   6029
226.3768849900282D0,1619.72329224313D0,-42.01094352201196D0,     0000033P   6030
228.2228575425933D0,1619.718547970779D0,-42.93718131216368D0,    0000033P   6031
230.1182834122233D0,1619.713803698428D0,-43.83071797271853D0,    0000033P   6032
231.9614003202435D0,1619.709059426076D0,-44.73763691381613D0,    0000033P   6033
233.8447581873617D0,1619.704315153724D0,-45.6289041383317D0,     0000033P   6034
235.7112437416432D0,1619.699570881373D0,-46.53311378972529D0,    0000033P   6035
237.6201141355488D0,1619.694826609021D0,-47.40707398298906D0,    0000033P   6036
239.4820440690531D0,1619.690082336671D0,-48.28466861956608D0,    0000033P   6037
241.3675930461882D0,1619.685338064318D0,-49.1670402879769D0,     0000033P   6038
243.2796609360997D0,1619.680593791968D0,-50.03205379583032D0,    0000033P   6039
245.1670692312516D0,1619.675849519616D0,-50.89195825890268D0,    0000033P   6040
247.0560120536788D0,1619.671105247264D0,-51.74484099992454D0,    0000033P   6041
248.9412825503806D0,1619.666360974913D0,-52.60469529662439D0,    0000033P   6042
250.8516048172559D0,1619.661616702561D0,-53.45876493052212D0,    0000033P   6043
252.7587092882626D0,1619.65687243021D0,-54.30146324959613D0,     0000033P   6044
254.6485920290704D0,1619.652128157858D0,-55.14763915861347D0,    0000033P   6045
256.5591314130163D0,1619.647383885508D0,-55.97722248379439D0,    0000033P   6046
258.4502867549809D0,1619.642639613155D0,-56.81028377550786D0,    0000033P   6047
260.3710942529982D0,1619.637895340804D0,-57.61829218364085D0,    0000033P   6048
262.2595320631638D0,1619.633151068453D0,-58.42737919243959D0,    0000033P   6049
264.1807261541081D0,1619.628406796101D0,-59.22602462054595D0,    0000033P   6050
266.1145618683529D0,1619.623662523749D0,-60.01136867387615D0,    0000033P   6051
268.0557992941378D0,1619.618918251399D0,-60.76565230936068D0,    0000033P   6052
269.9512733105245D0,1619.614173979047D0,-61.54142068372566D0,    0000033P   6053
271.9293009405835D0,1619.609429706695D0,-62.28015234802919D0,    0000033P   6054
273.8336050692473D0,1619.604685434345D0,-63.05498024653451D0,    0000033P   6055
275.8473444167725D0,1619.599941161993D0,-63.76958148534108D0,    0000033P   6056
277.7134404207038D0,1619.595196889642D0,-64.52978624539904D0,    0000033P   6057
279.6964370734233D0,1619.59045261729D0,-65.26314350670198D0,     0000033P   6058
281.6043914279697D0,1619.585708344939D0,-66.03310972141046D0,    0000033P   6059
283.6052265876202D0,1619.580964072587D0,-66.76093437983325D0,    0000033P   6060
285.4962541656102D0,1619.576219800236D0,-67.50841688261076D0,    0000033P   6061
287.4399789323208D0,1619.571475527884D0,-68.25915608508568D0,    0000033P   6062
289.3978375588948D0,1619.566731255533D0,-68.99569013719608D0,    0000033P   6063
291.3265233064351D0,1619.561986983181D0,-69.73220351403664D0,    0000033P   6064
293.2700702496359D0,1619.557242710831D0,-70.47187942561652D0,    0000033P   6065
295.2403824955268D0,1619.552498438479D0,-71.18746955909465D0,    0000033P   6066
297.1683029510801D0,1619.547754166127D0,-71.90597273297504D0,    0000033P   6067
299.1271621366196D0,1619.543009893776D0,-72.62950299199213D0,    0000033P   6068
301.1292444386749D0,1619.538265621424D0,-73.3034677077639D0,     0000033P   6069
303.0191426754267D0,1619.533521349073D0,-74.00999145988631D0,    0000033P   6070
305.0348283896398D0,1619.528777076722D0,-74.6792993184783D0,     0000033P   6071
306.9730109417949D0,1619.524032804371D0,-75.34887048249561D0,    0000033P   6072
308.9369835350793D0,1619.519288532019D0,-76.02680451365994D0,    0000033P   6073
310.9454042092107D0,1619.514544259667D0,-76.67123162961815D0,    0000033P   6074
312.862827931688D0,1619.509799987316D0,-77.35447757143298D0,     0000033P   6075
314.9010770761246D0,1619.505055714965D0,-77.99738835864612D0,    0000033P   6076
316.8163453741922D0,1619.500311442613D0,-78.6716059077155D0,     0000033P   6077
318.8136584533477D0,1619.495567170262D0,-79.33187075381837D0,    0000033P   6078
320.752515046377D0,1619.49082289791D0,-80.01834066263123D0,      0000033P   6079
322.7598202771964D0,1619.486078625558D0,-80.68814460956561D0,    0000033P   6080
324.7188743972619D0,1619.481334353208D0,-81.34851865819046D0,    0000033P   6081
326.656518277683D0,1619.476590080856D0,-82.02658725640295D0,     0000033P   6082
328.6715404907278D0,1619.471845808505D0,-82.66924933760097D0,    0000033P   6083
330.6037853382478D0,1619.467101536154D0,-83.32125618351748D0,    0000033P   6084
332.6151906695819D0,1619.46393868792D0,-83.73970705445514D0,     0000033P   6085
333.9359537133524D0,1619.462357263803D0,-83.94722071380822D0,    0000033P   6086
334.6D0,1639.597041049788D0,-1.338869373333722D-15,              0000033P   6087
169.4955182876645D0,1639.595518749622D0,-0.3754117103946835D0,   0000033P   6088
170.0120684558755D0,1639.59247414929D0,-1.121215644495996D0,     0000033P   6089
171.045341766097D0,1639.587907248794D0,-2.232604432926914D0,     0000033P   6090
172.6203159996202D0,1639.583340348296D0,-3.332947148589948D0,    0000033P   6091
174.1949004035827D0,1639.578773447799D0,-4.427783732393746D0,    0000033P   6092
175.7908614387479D0,1639.574206547302D0,-5.507522520189172D0,    0000033P   6093
177.3990979775267D0,1639.569639646805D0,-6.556860427448087D0,    0000033P   6094
178.9828521560013D0,1639.565072746307D0,-7.619199924640974D0,    0000033P   6095
180.6124482776984D0,1639.560505845811D0,-8.643553924900129D0,    0000033P   6096
182.2192548518754D0,1639.555938945314D0,-9.66535191505614D0,     0000033P   6097
183.8458429924904D0,1639.551372044816D0,-10.68577843962786D0,    0000033P   6098
185.4965846585381D0,1639.546805144319D0,-11.66811929510507D0,    0000033P   6099
187.1213535769088D0,1639.542238243822D0,-12.65811375957822D0,    0000033P   6100
188.7867598704707D0,1639.537671343325D0,-13.628969299709D0,      0000033P   6101
190.4545700127788D0,1639.533104442828D0,-14.58601794772799D0,    0000033P   6102
192.1256093669533D0,1639.528537542331D0,-15.53206378836697D0,    0000033P   6103
193.8112727607853D0,1639.523970641834D0,-16.46350884611079D0,    0000033P   6104
195.4930133422786D0,1639.519403741337D0,-17.38059837848564D0,    0000033P   6105
197.1697225505851D0,1639.514836840839D0,-18.29755416868877D0,    0000033P   6106
198.8519057997058D0,1639.510269940342D0,-19.21300387388958D0,    0000033P   6107
200.5430314404342D0,1639.505703039845D0,-20.12963646019504D0,    0000033P   6108
202.2340869783064D0,1639.501136139347D0,-21.04646833210122D0,    0000033P   6109
203.9226593064737D0,1639.496569238851D0,-21.97534919658889D0,    0000033P   6110
205.6295802466771D0,1639.492002338353D0,-22.8830796101939D0,     0000033P   6111
207.290706112567D0,1639.487435437857D0,-23.81566536575482D0,     0000033P   6112
208.9989054471984D0,1639.482868537359D0,-24.74402200825413D0,    0000033P   6113
210.7020720187531D0,1639.478301636862D0,-25.64559258461597D0,    0000033P   6114
212.3694224175241D0,1639.473734736365D0,-26.57397306944426D0,    0000033P   6115
214.0923566214864D0,1639.469167835868D0,-27.4612040743972D0,     0000033P   6116
215.7584243075668D0,1639.464600935371D0,-28.3573704858254D0,     0000033P   6117
217.4603940536534D0,1639.460034034873D0,-29.24981250490547D0,    0000033P   6118
219.1737809398097D0,1639.455467134377D0,-30.12666613454335D0,    0000033P   6119
220.8810504837558D0,1639.450900233879D0,-31.01120038622788D0,    0000033P   6120
222.6131591666055D0,1639.446333333382D0,-31.8587012443626D0,     0000033P   6121
224.2932312428149D0,1639.441766432884D0,-32.73801388499775D0,    0000033P   6122
226.0489910724092D0,1639.437199532388D0,-33.58166834325201D0,    0000033P   6123
227.7457223703114D0,1639.43263263189D0,-34.45011836178482D0,     0000033P   6124
229.5001049976047D0,1639.428065731394D0,-35.2877536230821D0,     0000033P   6125
231.1986828189038D0,1639.423498830896D0,-36.14499492598185D0,    0000033P   6126
232.9445598868571D0,1639.418931930399D0,-36.98470223761659D0,    0000033P   6127
234.6618900411353D0,1639.414365029902D0,-37.82160047448713D0,    0000033P   6128
236.3806292191846D0,1639.409798129405D0,-38.67100112309814D0,    0000033P   6129
238.1324069141136D0,1639.405231228908D0,-39.49249945475975D0,    0000033P   6130
239.8380575612729D0,1639.400664328411D0,-40.33117431033428D0,    0000033P   6131
241.5894010163932D0,1639.396097427913D0,-41.14529267533179D0,    0000033P   6132
243.3020297655295D0,1639.391530527417D0,-41.98467206051221D0,    0000033P   6133
245.0808045045446D0,1639.386963626919D0,-42.78495324342428D0,    0000033P   6134
246.791009118835D0,1639.382396726423D0,-43.60342615968941D0,     0000033P   6135
248.5543636383268D0,1639.377829825925D0,-44.41089639738484D0,    0000033P   6136
250.308694961892D0,1639.373262925428D0,-45.20604968610598D0,     0000033P   6137
252.0487051746926D0,1639.368696024931D0,-46.00158683843169D0,    0000033P   6138
253.8030116263635D0,1639.364129124434D0,-46.78370311692172D0,    0000033P   6139
255.5410350008484D0,1639.359562223937D0,-47.57752628067775D0,    0000033P   6140
257.3159446836008D0,1639.354995323439D0,-48.36039325871753D0,    0000033P   6141
259.0764660848285D0,1639.350428422942D0,-49.13893655505929D0,    0000033P   6142
260.8356032917703D0,1639.345861522445D0,-49.90806977233125D0,    0000033P   6143
262.5830513521094D0,1639.341294621948D0,-50.67579516219317D0,    0000033P   6144
264.3409393239717D0,1639.336727721451D0,-51.44704411875138D0,    0000033P   6145
266.1210932173261D0,1639.332160820954D0,-52.1973690257126D0,     0000033P   6146
267.8682436115249D0,1639.327593920457D0,-52.94948791997609D0,    0000033P   6147
269.6398123614843D0,1639.32302701996D0,-53.69228296095663D0,     0000033P   6148
271.4166614305831D0,1639.318460119462D0,-54.42917654531966D0,    0000033P   6149
273.210018410218D0,1639.313893218966D0,-55.13916632790688D0,     0000033P   6150
274.9650433740782D0,1639.309326318468D0,-55.86153805414575D0,    0000033P   6151
276.7790956203702D0,1639.304759417971D0,-56.55537208141901D0,    0000033P   6152
278.5450399705971D0,1639.300192517474D0,-57.27443573353371D0,    0000033P   6153
280.4006325736202D0,1639.295625616977D0,-57.93557635129303D0,    0000033P   6154
282.1240894625328D0,1639.29105871648D0,-58.63663903483442D0,     0000033P   6155
283.9582042659474D0,1639.286491815984D0,-59.31101597154275D0,    0000033P   6156
285.7246685814508D0,1639.281924915486D0,-60.0136622510304D0,     0000033P   6157
287.565074443136D0,1639.277358014989D0,-60.68573075812776D0,     0000033P   6158
289.3251803942995D0,1639.272791114492D0,-61.37243250507706D0,    0000033P   6159
291.1207842800028D0,1639.268224213994D0,-62.06667787110777D0,    0000033P   6160
292.9338071895526D0,1639.263657313498D0,-62.75105645007369D0,    0000033P   6161
294.7185170548448D0,1639.259090413D0,-63.43808228474718D0,       0000033P   6162
296.5156065651273D0,1639.254523512504D0,-64.12822426072029D0,    0000033P   6163
298.3304221421319D0,1639.249956612006D0,-64.79865263606021D0,    0000033P   6164
300.1081553954806D0,1639.245389711509D0,-65.47747415981192D0,    0000033P   6165
301.9257956128296D0,1639.240822811012D0,-66.15086479088225D0,    0000033P   6166
303.7540343143625D0,1639.236255910515D0,-66.7899777500777D0,     0000033P   6167
305.5112743980958D0,1639.231689010018D0,-67.44621391266796D0,    0000033P   6168
307.3491753562845D0,1639.227122109521D0,-68.08565709180424D0,    0000033P   6169
309.1646933119393D0,1639.222555209024D0,-68.71384407224718D0,    0000033P   6170
310.9707581476324D0,1639.217988308526D0,-69.34579517302505D0,    0000033P   6171
312.8036853090368D0,1639.21342140803D0,-69.96045916167489D0,     0000033P   6172
314.5906862392141D0,1639.208854507532D0,-70.60193195138541D0,    0000033P   6173
316.4579187616301D0,1639.204287607036D0,-71.21106886184279D0,    0000033P   6174
318.2251602372068D0,1639.199720706539D0,-71.85210138214808D0,    0000033P   6175
320.0695517716957D0,1639.195153806041D0,-72.47862163689212D0,    0000033P   6176
321.8537082316273D0,1639.190586905545D0,-73.13374942807863D0,    0000033P   6177
323.7086164609179D0,1639.186020005047D0,-73.76902532081601D0,    0000033P   6178
325.5042400107575D0,1639.181453104551D0,-74.40230517707465D0,    0000033P   6179
327.2951410724855D0,1639.176886204053D0,-75.04680510030133D0,    0000033P   6180
329.1366193841215D0,1639.172319303557D0,-75.67150068954844D0,    0000033P   6181
330.9347477364057D0,1639.167752403059D0,-76.2932173116517D0,     0000033P   6182
332.7664000206593D0,1639.164707802727D0,-76.70120588698494D0,    0000033P   6183
333.9882457744252D0,1639.163185502562D0,-76.90309147267126D0,    0000033P   6184
334.6D0,1659.094443723841D0,-5.733646462021548D-16,              0000033P   6185
182.902594425018D0,1659.093014500476D0,-0.3313814680596629D0,    0000033P   6186
183.3829725817276D0,1659.090156053745D0,-0.9851837860434811D0,   0000033P   6187
184.3372537550519D0,1659.085868383651D0,-1.986499233713079D0,    0000033P   6188
185.8295595078935D0,1659.081580713554D0,-2.945968594676739D0,    0000033P   6189
187.2753890567679D0,1659.077293043459D0,-3.91247356694194D0,     0000033P   6190
188.7575089128544D0,1659.073005373364D0,-4.878554562196273D0,    0000033P   6191
190.2688093611273D0,1659.068717703269D0,-5.802338924550774D0,    0000033P   6192
191.7334342792722D0,1659.064430033173D0,-6.737237464310553D0,    0000033P   6193
193.2392112641952D0,1659.060142363078D0,-7.654936983990303D0,    0000033P   6194
194.7473870442497D0,1659.055854692983D0,-8.557134808881109D0,    0000033P   6195
196.2524996305666D0,1659.051567022887D0,-9.453551318951011D0,    0000033P   6196
197.7719730191165D0,1659.047279352792D0,-10.32837160800819D0,    0000033P   6197
199.2858421564017D0,1659.042991682696D0,-11.2047330175701D0,     0000033P   6198
200.8288713318774D0,1659.038704012602D0,-12.06399147303229D0,    0000033P   6199
202.3725317182169D0,1659.034416342506D0,-12.90515852714327D0,    0000033P   6200
203.9098501849967D0,1659.030128672411D0,-13.74345360982497D0,    0000033P   6201
205.4735430693576D0,1659.025841002316D0,-14.57254616764595D0,    0000033P   6202
207.0424604403709D0,1659.021553332221D0,-15.38503838969088D0,    0000033P   6203
208.5977742960135D0,1659.017265662124D0,-16.19008816522192D0,    0000033P   6204
210.1450191454639D0,1659.01297799203D0,-17.00001233652551D0,     0000033P   6205
211.7085337669777D0,1659.008690321934D0,-17.81390705888988D0,    0000033P   6206
213.2754152763497D0,1659.004402651838D0,-18.62402775200542D0,    0000033P   6207
214.8270157878234D0,1659.000114981743D0,-19.45898380518407D0,    0000033P   6208
216.41322410515D0,1658.995827311648D0,-20.27023620275848D0,      0000033P   6209
217.9416046639196D0,1658.991539641553D0,-21.10925611484043D0,    0000033P   6210
219.5179590879506D0,1658.987251971457D0,-21.93250519483182D0,    0000033P   6211
221.0640317929409D0,1658.982964301362D0,-22.76364159738817D0,    0000033P   6212
222.6345549600416D0,1658.978676631267D0,-23.58425706795394D0,    0000033P   6213
224.192792133213D0,1658.974388961171D0,-24.39210699948385D0,     0000033P   6214
225.7463567790456D0,1658.970101291076D0,-25.19091115735644D0,    0000033P   6215
227.3047018231357D0,1658.965813620981D0,-25.98785712706434D0,    0000033P   6216
228.8805457863716D0,1658.961525950886D0,-26.78390120778425D0,    0000033P   6217
230.4771439621763D0,1658.95723828079D0,-27.55955601745291D0,     0000033P   6218
232.0433693827706D0,1658.952950610695D0,-28.32693689782693D0,    0000033P   6219
233.6086944848858D0,1658.948662940599D0,-29.11145967002717D0,    0000033P   6220
235.2175073431829D0,1658.944375270504D0,-29.87486460628236D0,    0000033P   6221
236.7895129096217D0,1658.940087600409D0,-30.65031613833012D0,    0000033P   6222
238.387513982954D0,1658.935799930314D0,-31.41171626430633D0,     0000033P   6223
239.9565284453021D0,1658.931512260218D0,-32.19068777419145D0,    0000033P   6224
241.5633991156216D0,1658.927224590123D0,-32.94812688604591D0,    0000033P   6225
243.1282173026883D0,1658.922936920028D0,-33.7160378113112D0,     0000033P   6226
244.7182063418288D0,1658.918649249932D0,-34.48602050678868D0,    0000033P   6227
246.3171906375291D0,1658.914361579837D0,-35.23794913622259D0,    0000033P   6228
247.8860538835501D0,1658.910073909741D0,-36.00698808481255D0,    0000033P   6229
249.4986522393445D0,1658.905786239646D0,-36.74593841938984D0,    0000033P   6230
251.0574160743306D0,1658.901498569551D0,-37.51740200388487D0,    0000033P   6231
252.6958978615836D0,1658.897210899456D0,-38.24591929694626D0,    0000033P   6232
254.2546550576344D0,1658.892923229361D0,-39.00256675364558D0,    0000033P   6233
255.8868707309482D0,1658.888635559265D0,-39.73670633567512D0,    0000033P   6234
257.4841893766204D0,1658.88434788917D0,-40.45843470650122D0,     0000033P   6235
259.067770826877D0,1658.880060219074D0,-41.18895529528221D0,     0000033P   6236
260.6859771939553D0,1658.875772548979D0,-41.89871446693679D0,    0000033P   6237
262.2741597769849D0,1658.871484878884D0,-42.62319851622578D0,    0000033P   6238
263.9088222599277D0,1658.867197208788D0,-43.33256535579242D0,    0000033P   6239
265.5208698389047D0,1658.862909538693D0,-44.04295422532785D0,    0000033P   6240
267.144313828126D0,1658.858621868598D0,-44.73320001783748D0,     0000033P   6241
268.7288140337661D0,1658.854334198503D0,-45.43622664359608D0,    0000033P   6242
270.3505998011787D0,1658.850046528407D0,-46.14240682774406D0,    0000033P   6243
271.9855174089321D0,1658.845758858311D0,-46.83369355804805D0,    0000033P   6244
273.5898767369753D0,1658.841471188217D0,-47.5260726800866D0,     0000033P   6245
275.2055066356534D0,1658.837183518121D0,-48.21301485338189D0,    0000033P   6246
276.8236566540782D0,1658.832895848025D0,-48.90139011606836D0,    0000033P   6247
278.4654075002226D0,1658.82860817793D0,-49.56752416034436D0,     0000033P   6248
280.0761162875634D0,1658.824320507835D0,-50.23596461645244D0,    0000033P   6249
281.7187811030901D0,1658.82003283774D0,-50.88750431649237D0,     0000033P   6250
283.3465791153344D0,1658.815745167645D0,-51.54827388122729D0,    0000033P   6251
285.0311162612809D0,1658.811457497549D0,-52.15915710144188D0,    0000033P   6252
286.6144981428997D0,1658.807169827453D0,-52.79999072193508D0,    0000033P   6253
288.2929057304719D0,1658.802882157359D0,-53.41597400364292D0,    0000033P   6254
289.9175993055941D0,1658.798594487263D0,-54.04732977487134D0,    0000033P   6255
291.5879182768423D0,1658.794306817168D0,-54.66241668859922D0,    0000033P   6256
293.2168139558852D0,1658.790019147072D0,-55.28601382136525D0,    0000033P   6257
294.8637647293172D0,1658.785731476977D0,-55.91906303585326D0,    0000033P   6258
296.5269804649736D0,1658.781443806882D0,-56.54740623395581D0,    0000033P   6259
298.1665371749791D0,1658.777156136787D0,-57.17989190378821D0,    0000033P   6260
299.8134485927737D0,1658.772868466691D0,-57.81579179478899D0,    0000033P   6261
301.470639870515D0,1658.768580796596D0,-58.43659933201035D0,     0000033P   6262
303.0956991757229D0,1658.7642931265D0,-59.07093385337111D0,      0000033P   6263
304.7681734917211D0,1658.760005456406D0,-59.68954985050888D0,    0000033P   6264
306.4179245547778D0,1658.75571778631D0,-60.29204552688871D0,     0000033P   6265
308.0445578795348D0,1658.751430116215D0,-60.89362559282489D0,    0000033P   6266
309.6977945272911D0,1658.74714244612D0,-61.50061906895855D0,     0000033P   6267
311.3878345031165D0,1658.742854776025D0,-62.0855629915332D0,     0000033P   6268
313.0350384925214D0,1658.738567105929D0,-62.66821243404054D0,    0000033P   6269
314.6875082341026D0,1658.734279435834D0,-63.25068422394319D0,    0000033P   6270
316.3424223078296D0,1658.729991765738D0,-63.84627438136198D0,    0000033P   6271
318.0342590581307D0,1658.725704095644D0,-64.41813779871319D0,    0000033P   6272
319.6516580121285D0,1658.721416425548D0,-65.02075594835317D0,    0000033P   6273
321.3400882651916D0,1658.717128755453D0,-65.60844285045501D0,    0000033P   6274
322.9697691388872D0,1658.712841085358D0,-66.22421308995551D0,    0000033P   6275
324.6666838347489D0,1658.708553415262D0,-66.81784441339764D0,    0000033P   6276
326.2979670600461D0,1658.704265745167D0,-67.41730592763032D0,    0000033P   6277
327.9447081867493D0,1658.699978075071D0,-68.01826986596835D0,    0000033P   6278
329.6062061772449D0,1658.695690404977D0,-68.6175985219996D0,     0000033P   6279
331.2727628030104D0,1658.691402734881D0,-69.19940244866346D0,    0000033P   6280
332.9174284280461D0,1658.688544288151D0,-69.59193287023201D0,    0000033P   6281
334.040951896694D0,1658.687115064786D0,-69.78560326451277D0,     0000033P   6282
334.6D0,1680.557221545738D0,1.420497604609234D-16,               0000033P   6283
198.2300982914564D0,1680.558078874986D0,-0.2818103925439017D0,   0000033P   6284
198.668145395849D0,1680.559793533481D0,-0.8336165371708731D0,    0000033P   6285
199.532454793558D0,1680.562365521225D0,-1.704964890581991D0,     0000033P   6286
200.9171073263585D0,1680.564937508967D0,-2.511186772892776D0,    0000033P   6287
202.2205753054833D0,1680.567509496711D0,-3.332537794185479D0,    0000033P   6288
203.5678004091226D0,1680.570081484454D0,-4.167289267500239D0,    0000033P   6289
204.9580205516864D0,1680.572653472198D0,-4.95263947400572D0,     0000033P   6290
206.2874284898882D0,1680.575225459941D0,-5.745338496460447D0,    0000033P   6291
207.6499690967402D0,1680.577797447685D0,-6.541401494807563D0,    0000033P   6292
209.038501875096D0,1680.580369435428D0,-7.310629589996176D0,     0000033P   6293
210.4029375383519D0,1680.582941423171D0,-8.070155002022094D0,    0000033P   6294
211.7726423482234D0,1680.585513410914D0,-8.824794708573858D0,    0000033P   6295
213.155250573182D0,1680.588085398658D0,-9.574605372959052D0,     0000033P   6296
214.5534394345593D0,1680.590657386401D0,-10.31200634488601D0,    0000033P   6297
215.9525886360847D0,1680.593229374144D0,-11.02782815598413D0,    0000033P   6298
217.335725663355D0,1680.595801361888D0,-11.74919693225942D0,     0000033P   6299
218.7545826603767D0,1680.598373349631D0,-12.46536572795746D0,    0000033P   6300
220.1838844617352D0,1680.600945337375D0,-13.16738894992156D0,    0000033P   6301
221.5981129644145D0,1680.603517325117D0,-13.8533116774143D0,     0000033P   6302
222.9883259107346D0,1680.606089312862D0,-14.55157425323463D0,    0000033P   6303
224.4038672049939D0,1680.608661300604D0,-15.25352496858046D0,    0000033P   6304
225.8221194099956D0,1680.611233288347D0,-15.94948066801623D0,    0000033P   6305
227.2173152255722D0,1680.613805276091D0,-16.67948211378445D0,    0000033P   6306
228.6596425081825D0,1680.616377263834D0,-17.38323004942694D0,    0000033P   6307
230.0350796702597D0,1680.618949251578D0,-18.11687682591299D0,    0000033P   6308
231.4600297846739D0,1680.62152123932D0,-18.82347825170088D0,     0000033P   6309
232.830726442336D0,1680.624093227064D0,-19.56897109651352D0,     0000033P   6310
234.2803390907175D0,1680.626665214807D0,-20.27156319428203D0,    0000033P   6311
235.6589905373314D0,1680.629237202551D0,-20.98559261177623D0,    0000033P   6312
237.0764849381477D0,1680.631809190294D0,-21.67748037316563D0,    0000033P   6313
238.4748814763404D0,1680.634381178037D0,-22.36663911704278D0,    0000033P   6314
239.8904113001078D0,1680.636953165781D0,-23.06971928323228D0,    0000033P   6315
241.3520854603396D0,1680.639525153524D0,-23.72893816152998D0,    0000033P   6316
242.7371990230517D0,1680.642097141267D0,-24.40548711409165D0,    0000033P   6317
244.166166907409D0,1680.64466912901D0,-25.08429234583662D0,      0000033P   6318
245.6055115020603D0,1680.647241116754D0,-25.75781448997116D0,    0000033P   6319
247.033978621419D0,1680.649813104497D0,-26.42930608176328D0,     0000033P   6320
248.4543715293081D0,1680.65238509224D0,-27.1029506159497D0,      0000033P   6321
249.8733089208398D0,1680.654957079983D0,-27.79204681442797D0,    0000033P   6322
251.3213481774301D0,1680.657529067727D0,-28.45577841901888D0,    0000033P   6323
252.7147598227025D0,1680.66010105547D0,-29.14266150569006D0,     0000033P   6324
254.157067246482D0,1680.662673043213D0,-29.81944270642856D0,     0000033P   6325
255.5809359614489D0,1680.665245030956D0,-30.49042246954673D0,    0000033P   6326
256.9962607095335D0,1680.6678170187D0,-31.17515731519149D0,      0000033P   6327
258.4469294391868D0,1680.670389006443D0,-31.82883836710469D0,    0000033P   6328
259.838705180525D0,1680.672960994187D0,-32.51629319403696D0,     0000033P   6329
261.3113328707144D0,1680.67553298193D0,-33.16283596890328D0,     0000033P   6330
262.7057703155779D0,1680.678104969674D0,-33.8407675262642D0,     0000033P   6331
264.1793416757034D0,1680.680676957416D0,-34.4911119854383D0,     0000033P   6332
265.60597141726D0,1680.68324894516D0,-35.12617363103059D0,       0000033P   6333
267.0128165250758D0,1680.685820932903D0,-35.77924398549162D0,    0000033P   6334
268.4759561393145D0,1680.688392920646D0,-36.40486086086753D0,    0000033P   6335
269.8953458031739D0,1680.69096490839D0,-37.04715277509423D0,     0000033P   6336
271.3677897130401D0,1680.693536896132D0,-37.67189514432933D0,    0000033P   6337
272.8124052860133D0,1680.696108883876D0,-38.30123730341603D0,    0000033P   6338
274.2766719842965D0,1680.69868087162D0,-38.90461046822846D0,     0000033P   6339
275.6859777623218D0,1680.701252859363D0,-39.53012737997936D0,    0000033P   6340
277.1483166666782D0,1680.703824847107D0,-40.15906720533742D0,    0000033P   6341
278.6168136560788D0,1680.706396834849D0,-40.77933563101639D0,    0000033P   6342
280.0587014716699D0,1680.708968822593D0,-41.39972544595432D0,    0000033P   6343
281.4987700287852D0,1680.711540810336D0,-42.02017564343573D0,    0000033P   6344
282.94249107837D0,1680.714112798079D0,-42.64654788085927D0,      0000033P   6345
284.4096638957544D0,1680.716684785823D0,-43.25751529816512D0,    0000033P   6346
285.856731550494D0,1680.719256773567D0,-43.8609816958735D0,      0000033P   6347
287.3076076842353D0,1680.721828761309D0,-44.46047859687238D0,    0000033P   6348
288.7773765537592D0,1680.724400749053D0,-45.05276325187865D0,    0000033P   6349
290.2665342409899D0,1680.726972736797D0,-45.60707719192212D0,    0000033P   6350
291.6925621267094D0,1680.729544724539D0,-46.17982488130984D0,    0000033P   6351
293.1920957803594D0,1680.732116712284D0,-46.7312917883526D0,     0000033P   6352
294.6556273545285D0,1680.734688700026D0,-47.28349329862804D0,    0000033P   6353
296.1326135357087D0,1680.73726068777D0,-47.83419138685119D0,     0000033P   6354
297.6095841970661D0,1680.739832675512D0,-48.3861952939203D0,     0000033P   6355
299.0868570496241D0,1680.742404663256D0,-48.94781405075131D0,    0000033P   6356
300.5776969097292D0,1680.744976650999D0,-49.50925047725856D0,    0000033P   6357
302.05145309844D0,1680.747548638743D0,-50.07578767811707D0,      0000033P   6358
303.5285778252653D0,1680.750120626486D0,-50.64483430008937D0,    0000033P   6359
305.0073723089608D0,1680.75269261423D0,-51.20456315164445D0,     0000033P   6360
306.4624955816742D0,1680.755264601973D0,-51.78041081848308D0,    0000033P   6361
307.9659489988916D0,1680.757836589717D0,-52.33291874946324D0,    0000033P   6362
309.4196635943622D0,1680.760408577459D0,-52.88765999447337D0,    0000033P   6363
310.8967502035504D0,1680.762980565203D0,-53.42461487647239D0,    0000033P   6364
312.3476938610675D0,1680.765552552947D0,-53.98607827735332D0,    0000033P   6365
313.8843091264591D0,1680.768124540691D0,-54.51899166462671D0,    0000033P   6366
315.3556237026054D0,1680.770696528433D0,-55.04344282715934D0,    0000033P   6367
316.8103681298758D0,1680.773268516178D0,-55.58272507124386D0,    0000033P   6368
318.3097570707472D0,1680.77584050392D0,-56.1218120573194D0,      0000033P   6369
319.8054500418531D0,1680.778412491665D0,-56.64688815491684D0,    0000033P   6370
321.255595940635D0,1680.780984479408D0,-57.19837804227311D0,     0000033P   6371
322.7646838856599D0,1680.783556467151D0,-57.73628653273764D0,    0000033P   6372
324.2230522180043D0,1680.786128454894D0,-58.2983278405574D0,     0000033P   6373
325.7378018290184D0,1680.788700442638D0,-58.83822069349198D0,    0000033P   6374
327.1882275958207D0,1680.791272430382D0,-59.39082409397094D0,    0000033P   6375
328.673096143203D0,1680.793844418125D0,-59.93381787409644D0,     0000033P   6376
330.1346771787756D0,1680.796416405869D0,-60.49219964073635D0,    0000033P   6377
331.6473173399127D0,1680.798988393612D0,-61.02105289647977D0,    0000033P   6378
333.0898515191852D0,1680.800703052108D0,-61.38741598714572D0,    0000033P   6379
334.1004012184831D0,1680.801560381356D0,-61.56770603595824D0,    0000033P   6380
334.6D0,1704.922987664974D0,3.778230244740828D-16,               0000033P   6381
216.3487483720065D0,1704.921011524959D0,-0.2270009465816913D0,   0000033P   6382
216.7364222038159D0,1704.91705924493D0,-0.6707619705759508D0,    0000033P   6383
217.5001708725405D0,1704.911130824885D0,-1.379890731321511D0,    0000033P   6384
218.726674010798D0,1704.905202404841D0,-2.031803975451645D0,     0000033P   6385
219.8801249770457D0,1704.899273984797D0,-2.697039489750563D0,    0000033P   6386
221.0667080765788D0,1704.893345564752D0,-3.377265377199983D0,    0000033P   6387
222.2901387189106D0,1704.887417144708D0,-4.018467759399856D0,    0000033P   6388
223.464414392337D0,1704.881488724663D0,-4.663885283270721D0,     0000033P   6389
224.6610032786861D0,1704.875560304619D0,-5.319463045221114D0,    0000033P   6390
225.8859598075584D0,1704.869631884575D0,-5.948845747397422D0,    0000033P   6391
227.0812380514794D0,1704.86370346453D0,-6.571710690035579D0,     0000033P   6392
228.2825082497317D0,1704.857775044486D0,-7.195328476304954D0,    0000033P   6393
229.4962032783009D0,1704.851846624442D0,-7.813064951364166D0,    0000033P   6394
230.7166747177509D0,1704.845918204397D0,-8.423763058900576D0,    0000033P   6395
231.9387646777128D0,1704.839989784353D0,-9.016703204789438D0,    0000033P   6396
233.1440455131323D0,1704.834061364309D0,-9.618391264459556D0,    0000033P   6397
234.3819983453302D0,1704.828132944265D0,-10.21704199840122D0,    0000033P   6398
235.6272316670954D0,1704.82220452422D0,-10.80916614988213D0,     0000033P   6399
236.8663340108604D0,1704.816276104175D0,-11.38265502058954D0,    0000033P   6400
238.0724286569387D0,1704.810347684132D0,-11.97167711204545D0,    0000033P   6401
239.3071753300712D0,1704.804419264087D0,-12.56186085692793D0,    0000033P   6402
240.5393972908067D0,1704.798490844042D0,-13.14753732938127D0,    0000033P   6403
241.7526194758356D0,1704.792562423998D0,-13.76452319630592D0,    0000033P   6404
243.010746632839D0,1704.786634003954D0,-14.35607126327456D0,     0000033P   6405
244.2050329682939D0,1704.780705583909D0,-14.97666938544827D0,    0000033P   6406
245.4505115319307D0,1704.774777163864D0,-15.56538304336485D0,    0000033P   6407
246.6311589708472D0,1704.76884874382D0,-16.20010860970539D0,     0000033P   6408
247.9044362499184D0,1704.762920323776D0,-16.78749842172476D0,    0000033P   6409
249.097668927285D0,1704.756991903732D0,-17.39127206220233D0,     0000033P   6410
250.3347828967826D0,1704.751063483687D0,-17.97393369418884D0,    0000033P   6411
251.5506371003416D0,1704.745135063643D0,-18.55293799810345D0,    0000033P   6412
252.7770342914899D0,1704.739206643599D0,-19.1496377450229D0,     0000033P   6413
254.0518019814545D0,1704.733278223554D0,-19.70330388954845D0,    0000033P   6414
255.2489404208897D0,1704.72734980351D0,-20.28139596780375D0,     0000033P   6415
256.4996268837638D0,1704.721421383465D0,-20.85311790031177D0,    0000033P   6416
257.7395450381779D0,1704.715492963421D0,-21.43143247135582D0,    0000033P   6417
258.9905338035829D0,1704.709564543377D0,-21.99752039373876D0,    0000033P   6418
260.2096559902853D0,1704.703636123332D0,-22.57436721200402D0,    0000033P   6419
261.4445265573641D0,1704.697707703288D0,-23.16468714130603D0,    0000033P   6420
262.7039158855689D0,1704.691779283244D0,-23.72808871052411D0,    0000033P   6421
263.9033796276769D0,1704.685850863199D0,-24.32062284070195D0,    0000033P   6422
265.1649115421005D0,1704.679922443155D0,-24.89412860382512D0,    0000033P   6423
266.3877939182636D0,1704.673994023111D0,-25.47106354742103D0,    0000033P   6424
267.6209696487946D0,1704.668065603066D0,-26.05509988874354D0,    0000033P   6425
268.8748341885717D0,1704.662137183022D0,-26.61586703114557D0,    0000033P   6426
270.0857104729403D0,1704.656208762977D0,-27.20114121031446D0,    0000033P   6427
271.3565560161995D0,1704.650280342934D0,-27.75712129283264D0,    0000033P   6428
272.5725016214006D0,1704.644351922889D0,-28.33408360062454D0,    0000033P   6429
273.8423110420802D0,1704.638423502845D0,-28.89219868331727D0,    0000033P   6430
275.0824209495797D0,1704.6324950828D0,-29.43216260856933D0,      0000033P   6431
276.2928141723965D0,1704.626566662756D0,-29.99542116919791D0,    0000033P   6432
277.569216623595D0,1704.620638242711D0,-30.52930776697636D0,     0000033P   6433
278.7928467650362D0,1704.614709822667D0,-31.08077527768377D0,    0000033P   6434
280.0690463539036D0,1704.608781402622D0,-31.61641698466269D0,    0000033P   6435
281.3179074053923D0,1704.602852982578D0,-32.15673949715499D0,    0000033P   6436
282.583992590757D0,1704.596924562534D0,-32.67788796488281D0,     0000033P   6437
283.8083517453072D0,1704.59099614249D0,-33.21567661851618D0,     0000033P   6438
285.0695796531362D0,1704.585067722445D0,-33.75961044630692D0,    0000033P   6439
286.3405041287428D0,1704.5791393024D0,-34.29749011002019D0,      0000033P   6440
287.5878038840132D0,1704.573210882357D0,-34.83603307771396D0,    0000033P   6441
288.8303433345341D0,1704.567282462312D0,-35.37960746989084D0,    0000033P   6442
290.0821410014124D0,1704.561354042267D0,-35.92427730014196D0,    0000033P   6443
291.338788646517D0,1704.555425622223D0,-36.46458608209272D0,     0000033P   6444
292.5949102749085D0,1704.549497202179D0,-36.99195645340067D0,    0000033P   6445
293.8348794587935D0,1704.543568782134D0,-37.52466150018945D0,    0000033P   6446
295.1103911788463D0,1704.53764036209D0,-38.04358618849641D0,     0000033P   6447
296.3823505657933D0,1704.531711942046D0,-38.53686521205807D0,    0000033P   6448
297.6188844386669D0,1704.525783522001D0,-39.04134559141225D0,    0000033P   6449
298.908548535744D0,1704.519855101958D0,-39.52999845658794D0,     0000033P   6450
300.1775612594556D0,1704.513926681912D0,-40.00952586248516D0,    0000033P   6451
301.4373276250001D0,1704.507998261868D0,-40.49638774784975D0,    0000033P   6452
302.7230953460886D0,1704.502069841823D0,-40.97734052183055D0,    0000033P   6453
303.9947159065246D0,1704.496141421779D0,-41.46638581883145D0,    0000033P   6454
305.2797956166586D0,1704.490213001734D0,-41.95568072391676D0,    0000033P   6455
306.5530085809081D0,1704.484284581691D0,-42.45097283251736D0,    0000033P   6456
307.8333205496998D0,1704.478356161646D0,-42.94398973514342D0,    0000033P   6457
309.1027532862179D0,1704.472427741602D0,-43.43525730226477D0,    0000033P   6458
310.366074356079D0,1704.466499321557D0,-43.93764902846898D0,     0000033P   6459
311.6610608419291D0,1704.460570901514D0,-44.41838992102047D0,    0000033P   6460
312.9048979406323D0,1704.454642481468D0,-44.91205389284112D0,    0000033P   6461
314.1944354595446D0,1704.448714061424D0,-45.38205173658285D0,    0000033P   6462
315.4336830052184D0,1704.44278564138D0,-45.87963225858434D0,     0000033P   6463
316.7602244525476D0,1704.436857221336D0,-46.35522658372636D0,    0000033P   6464
318.0334974078901D0,1704.430928801291D0,-46.81937293512826D0,    0000033P   6465
319.2783498494164D0,1704.425000381247D0,-47.3025478358759D0,     0000033P   6466
320.5776834927015D0,1704.419071961202D0,-47.7787178247989D0,     0000033P   6467
321.8535381382279D0,1704.413143541158D0,-48.25085628269977D0,    0000033P   6468
323.1125464220282D0,1704.407215121114D0,-48.73908895552555D0,    0000033P   6469
324.4051515830044D0,1704.401286701068D0,-49.21983192120776D0,    0000033P   6470
325.6678820354728D0,1704.395358281024D0,-49.71579709426306D0,    0000033P   6471
326.9653864469044D0,1704.38942986098D0,-50.19502565825179D0,     0000033P   6472
328.2153351697177D0,1704.383501440936D0,-50.68896277141701D0,    0000033P   6473
329.505860585398D0,1704.377573020891D0,-51.16526885163307D0,     0000033P   6474
330.7501057296863D0,1704.371644600847D0,-51.66308159863099D0,    0000033P   6475
332.0609525073158D0,1704.365716180802D0,-52.1328027698822D0,     0000033P   6476
333.2998054962119D0,1704.361763900773D0,-52.45880722630939D0,    0000033P   6477
334.170076741671D0,1704.359787760758D0,-52.61937961042274D0,     0000033P   6478
334.6D0,1731.046205448835D0,2.271554330283455D-16,               0000033P   6479
236.7058053034144D0,1731.044237573234D0,-0.1684911692028121D0,   0000033P   6480
237.0354265786211D0,1731.040301822031D0,-0.5000399970402467D0,   0000033P   6481
237.6874857115489D0,1731.034398195227D0,-1.022924524391423D0,    0000033P   6482
238.7131440175769D0,1731.028494568422D0,-1.519303157059906D0,    0000033P   6483
239.7054219423788D0,1731.022590941618D0,-2.019999929815529D0,    0000033P   6484
240.7078322867701D0,1731.016687314814D0,-2.527888201169307D0,    0000033P   6485
241.7264976142952D0,1731.01078368801D0,-3.019273078767863D0,     0000033P   6486
242.7258530423914D0,1731.004880061205D0,-3.512510250983D0,       0000033P   6487
243.7355847478883D0,1730.998976434401D0,-4.011627683300238D0,    0000033P   6488
244.7597628524814D0,1730.993072807597D0,-4.494398689373624D0,    0000033P   6489
245.761348338474D0,1730.987169180793D0,-4.978650910863316D0,     0000033P   6490
246.776385428896D0,1730.981265553989D0,-5.460573902242686D0,     0000033P   6491
247.7895216290918D0,1730.975361927185D0,-5.939676885119804D0,    0000033P   6492
248.8050831487013D0,1730.96945830038D0,-6.417043799169999D0,     0000033P   6493
249.8230177642081D0,1730.963554673576D0,-6.885664218119892D0,    0000033P   6494
250.8302751477987D0,1730.957651046773D0,-7.361807770717871D0,    0000033P   6495
251.8578007271692D0,1730.951747419969D0,-7.835545666309294D0,    0000033P   6496
252.8836907943869D0,1730.945843793164D0,-8.313180703488612D0,    0000033P   6497
253.918747797555D0,1730.93994016636D0,-8.774906601938419D0,      0000033P   6498
254.9189763558427D0,1730.934036539556D0,-9.251416319567548D0,    0000033P   6499
255.9458003970015D0,1730.928132912752D0,-9.725280101101987D0,    0000033P   6500
256.9624005653687D0,1730.922229285947D0,-10.19869282959848D0,    0000033P   6501
257.9724805236228D0,1730.916325659143D0,-10.69163699832579D0,    0000033P   6502
259.0137355691782D0,1730.910422032339D0,-11.16297421673693D0,    0000033P   6503
260.0042430359052D0,1730.904518405535D0,-11.65967439490407D0,    0000033P   6504
261.0460252409454D0,1730.898614778731D0,-12.12583654875074D0,    0000033P   6505
262.0253000698886D0,1730.892711151926D0,-12.62576074917135D0,    0000033P   6506
263.0772449969277D0,1730.886807525122D0,-13.09584571316878D0,    0000033P   6507
264.0790396553679D0,1730.880903898318D0,-13.5723462575269D0,     0000033P   6508
265.1003142582312D0,1730.875000271514D0,-14.03931069097619D0,    0000033P   6509
266.1145870376857D0,1730.869096644709D0,-14.5018831610739D0,     0000033P   6510
267.128991355668D0,1730.863193017905D0,-14.9769988934429D0,      0000033P   6511
268.1757558272307D0,1730.857289391101D0,-15.42837523975616D0,    0000033P   6512
269.1784115786311D0,1730.851385764297D0,-15.89636166138002D0,    0000033P   6513
270.2163796229615D0,1730.845482137493D0,-16.35521476418656D0,    0000033P   6514
271.2342565713637D0,1730.839578510689D0,-16.82785314822522D0,    0000033P   6515
272.2789108715336D0,1730.833674883885D0,-17.28262115571806D0,    0000033P   6516
273.2794963131402D0,1730.82777125708D0,-17.74981193082154D0,     0000033P   6517
274.3027934538272D0,1730.821867630276D0,-18.22849134376303D0,    0000033P   6518
275.3489489913226D0,1730.815964003472D0,-18.6813123035547D0,     0000033P   6519
276.337532449526D0,1730.810060376668D0,-19.16279158973834D0,     0000033P   6520
277.390198982013D0,1730.804156749863D0,-19.62043155807369D0,     0000033P   6521
278.393104677973D0,1730.798253123059D0,-20.0871791252137D0,      0000033P   6522
279.4202456595824D0,1730.792349496255D0,-20.55275024420064D0,    0000033P   6523
280.4504137954237D0,1730.786445869451D0,-21.00865684460979D0,    0000033P   6524
281.4674638308889D0,1730.780542242646D0,-21.47288697535868D0,    0000033P   6525
282.5090969080954D0,1730.774638615843D0,-21.92549036612867D0,    0000033P   6526
283.5329549416286D0,1730.768734989038D0,-22.37977224704582D0,    0000033P   6527
284.5653165900237D0,1730.762831362234D0,-22.83312696073615D0,    0000033P   6528
285.6045637165854D0,1730.75692773543D0,-23.2663852990734D0,      0000033P   6529
286.6036304673727D0,1730.751024108625D0,-23.72400999792954D0,    0000033P   6530
287.6666351488354D0,1730.74512048182D0,-24.15486116139131D0,     0000033P   6531
288.6739775622598D0,1730.739216855017D0,-24.60282431950654D0,    0000033P   6532
289.7269307423525D0,1730.733313228212D0,-25.03986329153259D0,    0000033P   6533
290.7578198632178D0,1730.727409601408D0,-25.47902178749759D0,    0000033P   6534
291.795726569682D0,1730.721505974603D0,-25.91440802438126D0,     0000033P   6535
292.8253661584016D0,1730.7156023478D0,-26.35061126819828D0,      0000033P   6536
293.854136388796D0,1730.709698720995D0,-26.79687615799245D0,     0000033P   6537
294.902875775306D0,1730.703795094191D0,-27.23693492452441D0,     0000033P   6538
295.93054119909D0,1730.697891467386D0,-27.67918439295304D0,      0000033P   6539
296.9583021991774D0,1730.691987840583D0,-28.13021888283169D0,    0000033P   6540
298.0030706131699D0,1730.686084213778D0,-28.57151560070776D0,    0000033P   6541
299.0233819473143D0,1730.680180586974D0,-29.02107372928368D0,    0000033P   6542
300.0661845339243D0,1730.674276960169D0,-29.45650980950643D0,    0000033P   6543
301.0819842046338D0,1730.668373333365D0,-29.90253568714767D0,    0000033P   6544
302.1344044844213D0,1730.662469706561D0,-30.33658048757311D0,    0000033P   6545
303.1739446016887D0,1730.656566079757D0,-30.75659851076691D0,    0000033P   6546
304.1955134606786D0,1730.650662452952D0,-31.18434103124297D0,    0000033P   6547
305.2519987751974D0,1730.644758826148D0,-31.60274068640075D0,    0000033P   6548
306.299931133118D0,1730.638855199344D0,-32.0072119555955D0,      0000033P   6549
307.3261306743013D0,1730.63295157254D0,-32.4221719998469D0,      0000033P   6550
308.3889614020084D0,1730.627047945735D0,-32.82518216825659D0,    0000033P   6551
309.4279875468694D0,1730.621144318931D0,-33.23354183579549D0,    0000033P   6552
310.4818457933685D0,1730.615240692126D0,-33.63959301046664D0,    0000033P   6553
311.5276902477863D0,1730.609337065323D0,-34.05219659395436D0,    0000033P   6554
312.5891488822145D0,1730.603433438518D0,-34.45570616327531D0,    0000033P   6555
313.6264386825322D0,1730.597529811714D0,-34.86530323785225D0,    0000033P   6556
314.6793835234522D0,1730.59162618491D0,-35.2759954419662D0,      0000033P   6557
315.7362098416117D0,1730.585722558106D0,-35.67375567763722D0,    0000033P   6558
316.7604208696711D0,1730.579818931301D0,-36.08778556293545D0,    0000033P   6559
317.830965599148D0,1730.573915304496D0,-36.48162019219065D0,     0000033P   6560
318.852324289487D0,1730.568011677693D0,-36.89345083929629D0,     0000033P   6561
319.9261374849416D0,1730.562108050888D0,-37.29889533544315D0,    0000033P   6562
320.983182529759D0,1730.556204424084D0,-37.6929246090691D0,      0000033P   6563
322.0095632689969D0,1730.55030079728D0,-38.10132618785667D0,     0000033P   6564
323.0742122318655D0,1730.544397170475D0,-38.50171430276076D0,    0000033P   6565
324.1139274839609D0,1730.538493543672D0,-38.90695232431229D0,    0000033P   6566
325.1618124020214D0,1730.532589916867D0,-39.3146847260051D0,     0000033P   6567
326.2110815916437D0,1730.526686290062D0,-39.72376411189345D0,    0000033P   6568
327.258399250787D0,1730.520782663258D0,-40.13642932263117D0,     0000033P   6569
328.3132439728798D0,1730.514879036453D0,-40.54135946922998D0,    0000033P   6570
329.3473457852316D0,1730.508975409649D0,-40.95880891951378D0,    0000033P   6571
330.4169608576955D0,1730.503071782844D0,-41.35444269314698D0,    0000033P   6572
331.4326018158557D0,1730.49716815604D0,-41.76844097038489D0,     0000033P   6573
332.5045510614435D0,1730.491264529235D0,-42.16598379415888D0,    0000033P   6574
333.5380247912834D0,1730.487328778033D0,-42.43550463761491D0,    0000033P   6575
334.2474869961739D0,1730.485360902431D0,-42.56884298975144D0,    0000033P   6576
334.5999999999998D0,1762.441481467085D0,-9.180810961238833D-17,  0000033P   6577
262.2583850156786D0,1762.442962831318D0,-0.1028812412658931D0,   0000033P   6578
262.5112381696956D0,1762.445925559784D0,-0.3092666616682133D0,   0000033P   6579
263.0160295057866D0,1762.450369652482D0,-0.6189437776585932D0,   0000033P   6580
263.7765517384497D0,1762.454813745181D0,-0.9411744920682703D0,   0000033P   6581
264.5550088065907D0,1762.459257837881D0,-1.256285915002576D0,    0000033P   6582
265.3170844925157D0,1762.463701930579D0,-1.567057057498108D0,    0000033P   6583
266.0696991695103D0,1762.468146023278D0,-1.887754475451809D0,    0000033P   6584
266.8387726257255D0,1762.472590115977D0,-2.208420706539012D0,    0000033P   6585
267.6064355598772D0,1762.477034208675D0,-2.525902919706627D0,    0000033P   6586
268.3680515829689D0,1762.481478301375D0,-2.840943594051683D0,    0000033P   6587
269.1204848333952D0,1762.485922394073D0,-3.16656283723746D0,     0000033P   6588
269.8950016657314D0,1762.490366486772D0,-3.483454796506771D0,    0000033P   6589
270.6489778218707D0,1762.494810579472D0,-3.802241158654929D0,    0000033P   6590
271.4033116383995D0,1762.49925467217D0,-4.124079096896572D0,     0000033P   6591
272.1605644258506D0,1762.503698764869D0,-4.448040904310269D0,    0000033P   6592
272.9163569936575D0,1762.508142857569D0,-4.775974455327427D0,    0000033P   6593
273.6759121143857D0,1762.512586950268D0,-5.101556829259526D0,    0000033P   6594
274.4235209518256D0,1762.517031042966D0,-5.441231507624809D0,    0000033P   6595
275.1960029774328D0,1762.521475135665D0,-5.770828093084116D0,    0000033P   6596
275.937613385985D0,1762.525919228364D0,-6.111785702199704D0,     0000033P   6597
276.6997863287924D0,1762.530363321064D0,-6.446345555089023D0,    0000033P   6598
277.4445434679947D0,1762.534807413761D0,-6.785207010513248D0,    0000033P   6599
278.1979880017289D0,1762.539251506461D0,-7.127837892824815D0,    0000033P   6600
278.9632260941813D0,1762.54369559916D0,-7.45508132797239D0,      0000033P   6601
279.697253550297D0,1762.548139691858D0,-7.801412176976549D0,     0000033P   6602
280.478363997236D0,1762.552583784558D0,-8.123236529613799D0,     0000033P   6603
281.2090354675729D0,1762.557027877256D0,-8.457118093295881D0,    0000033P   6604
281.9748568223499D0,1762.561471969955D0,-8.788365323113659D0,    0000033P   6605
282.7376132455714D0,1762.565916062654D0,-9.110201792095028D0,    0000033P   6606
283.4839506157309D0,1762.570360155353D0,-9.438051220061123D0,    0000033P   6607
284.2436144195512D0,1762.574804248052D0,-9.761248168026663D0,    0000033P   6608
284.9924991308912D0,1762.579248340751D0,-10.08763248959048D0,    0000033P   6609
285.7493030976432D0,1762.58369243345D0,-10.41712935874408D0,     0000033P   6610
286.509949062938D0,1762.588136526149D0,-10.74860956735268D0,     0000033P   6611
287.2750332755117D0,1762.592580618848D0,-11.07171810228107D0,    0000033P   6612
288.018355260005D0,1762.597024711547D0,-11.41196927104585D0,     0000033P   6613
288.7977673250921D0,1762.601468804246D0,-11.73259140863248D0,    0000033P   6614
289.5304529981132D0,1762.605912896944D0,-12.06319842697851D0,    0000033P   6615
290.2859436778071D0,1762.610356989644D0,-12.40273496965647D0,    0000033P   6616
291.0625166362437D0,1762.614801082342D0,-12.72029697424479D0,    0000033P   6617
291.790963837638D0,1762.619245175041D0,-13.06127064247553D0,     0000033P   6618
292.5759256239491D0,1762.62368926774D0,-13.37760711067241D0,     0000033P   6619
293.3087374463038D0,1762.628133360439D0,-13.70588879592931D0,    0000033P   6620
294.0743015739221D0,1762.632577453138D0,-14.02502924006057D0,    0000033P   6621
294.8257157799074D0,1762.637021545838D0,-14.34978502984656D0,    0000033P   6622
295.5975182409248D0,1762.641465638535D0,-14.66491151569632D0,    0000033P   6623
296.3544775912653D0,1762.645909731235D0,-14.98752732150626D0,    0000033P   6624
297.1338614237787D0,1762.650353823934D0,-15.29069674669571D0,    0000033P   6625
297.8721510571737D0,1762.654797916633D0,-15.6129101384834D0,     0000033P   6626
298.6577523522177D0,1762.659242009332D0,-15.9151059852636D0,     0000033P   6627
299.396462619098D0,1762.66368610203D0,-16.23907354058483D0,      0000033P   6628
300.1876564481891D0,1762.668130194729D0,-16.54241382670604D0,    0000033P   6629
300.9271893381757D0,1762.672574287429D0,-16.86065767247583D0,    0000033P   6630
301.7001554050594D0,1762.677018380127D0,-17.17447442747394D0,    0000033P   6631
302.4593646607843D0,1762.681462472826D0,-17.48683403594934D0,    0000033P   6632
303.2126455293522D0,1762.685906565524D0,-17.81310754491792D0,    0000033P   6633
303.9967561353568D0,1762.690350658224D0,-18.12159183970339D0,    0000033P   6634
304.7371518794802D0,1762.694794750923D0,-18.44343250240395D0,    0000033P   6635
305.5081865564941D0,1762.699238843622D0,-18.75814770218495D0,    0000033P   6636
306.2616811938635D0,1762.70368293632D0,-19.07668722774383D0,     0000033P   6637
307.0229904884175D0,1762.70812702902D0,-19.40619188943787D0,     0000033P   6638
307.8079314412397D0,1762.712571121719D0,-19.71440072652101D0,    0000033P   6639
308.5394509676294D0,1762.717015214418D0,-20.04217227196496D0,    0000033P   6640
309.3137993458244D0,1762.721459307116D0,-20.35762265632707D0,    0000033P   6641
310.057409843757D0,1762.725903399815D0,-20.68580425982878D0,     0000033P   6642
310.8292127487948D0,1762.730347492515D0,-21.00810588172272D0,    0000033P   6643
311.5867452561343D0,1762.734791585213D0,-21.32733865529755D0,    0000033P   6644
312.3385170735787D0,1762.739235677912D0,-21.65232811009967D0,    0000033P   6645
313.1075923793174D0,1762.743679770611D0,-21.97482169437168D0,    0000033P   6646
313.8779989413605D0,1762.74812386331D0,-22.28232079132319D0,     0000033P   6647
314.6216069557991D0,1762.752567956009D0,-22.59987819629981D0,    0000033P   6648
315.4019602082106D0,1762.757012048707D0,-22.90148036780747D0,    0000033P   6649
316.153712130777D0,1762.761456141407D0,-23.20509415093744D0,     0000033P   6650
316.9211318805577D0,1762.765900234105D0,-23.50298063431377D0,    0000033P   6651
317.683909162717D0,1762.770344326805D0,-23.80730613944869D0,     0000033P   6652
318.4708601387798D0,1762.774788419503D0,-24.0962356213669D0,     0000033P   6653
319.2232235725964D0,1762.779232512202D0,-24.39789003227584D0,    0000033P   6654
320.0112846116935D0,1762.783676604901D0,-24.68946798728366D0,    0000033P   6655
320.7734607752929D0,1762.7881206976D0,-24.97982389303341D0,      0000033P   6656
321.5304661781325D0,1762.792564790298D0,-25.28505875649685D0,    0000033P   6657
322.3216189701267D0,1762.797008882997D0,-25.57868298991826D0,    0000033P   6658
323.0790707626399D0,1762.801452975697D0,-25.87499987897244D0,    0000033P   6659
323.8384556355496D0,1762.805897068395D0,-26.18316264484324D0,    0000033P   6660
324.6253181832282D0,1762.810341161094D0,-26.48205810211743D0,    0000033P   6661
325.3858784397501D0,1762.814785253793D0,-26.78631403762123D0,    0000033P   6662
326.1562448588553D0,1762.819229346491D0,-27.08476744704819D0,    0000033P   6663
326.9101703677354D0,1762.823673439191D0,-27.39511960619915D0,    0000033P   6664
327.692241328331D0,1762.82811753189D0,-27.69430423297458D0,      0000033P   6665
328.4440475208919D0,1762.832561624588D0,-28.00377606545024D0,    0000033P   6666
329.2218832364873D0,1762.837005717288D0,-28.30507886804661D0,    0000033P   6667
329.9801083563646D0,1762.841449809986D0,-28.60873501971896D0,    0000033P   6668
330.7471965679979D0,1762.845893902685D0,-28.92026215341564D0,    0000033P   6669
331.5379269950285D0,1762.850337995383D0,-29.20946751363609D0,    0000033P   6670
332.2783368948705D0,1762.854782088082D0,-29.50891062486728D0,    0000033P   6671
333.0506773038407D0,1762.859226180781D0,-29.8078291993587D0,     0000033P   6672
333.8324581305523D0,1762.862188909247D0,-30.00061637216188D0,    0000033P   6673
334.3430194194784D0,1762.86367027348D0,-30.09681933163277D0,     0000033P   6674
334.5999999999999D0,1800.577647244682D0,-9.180810961238832D-17,  0000033P   6675
295.1768157868748D0,1800.573369340658D0,-0.04493299762846213D0,  0000033P   6676
295.3203234184811D0,1800.564813532609D0,-0.1370217493187262D0,   0000033P   6677
295.6082627833717D0,1800.551979820536D0,-0.269026895403327D0,    0000033P   6678
296.0302519665067D0,1800.539146108464D0,-0.4208004561799565D0,   0000033P   6679
296.4787403475111D0,1800.526312396391D0,-0.5645121943602305D0,   0000033P   6680
296.907291222395D0,1800.513478684318D0,-0.7027628093035512D0,    0000033P   6681
297.3218061997661D0,1800.500644972245D0,-0.8564198970297955D0,   0000033P   6682
297.758766772324D0,1800.487811260173D0,-1.008950231359674D0,     0000033P   6683
298.1896577025244D0,1800.4749775481D0,-1.158494225764709D0,      0000033P   6684
298.6119014853653D0,1800.462143836028D0,-1.309850689965738D0,    0000033P   6685
299.0298919987907D0,1800.449310123955D0,-1.471377690424891D0,    0000033P   6686
299.4653784360347D0,1800.436476411882D0,-1.626494547200173D0,    0000033P   6687
299.88206236899D0,1800.42364269981D0,-1.783843587988066D0,       0000033P   6688
300.2966688564742D0,1800.410808987737D0,-1.945572699016769D0,    0000033P   6689
300.7135604033185D0,1800.397975275664D0,-2.112192592790506D0,    0000033P   6690
301.1315096822239D0,1800.385141563592D0,-2.281359588242717D0,    0000033P   6691
301.5474305335272D0,1800.37230785152D0,-2.449363509851755D0,     0000033P   6692
301.9519464551615D0,1800.359474139446D0,-2.631149773429076D0,    0000033P   6693
302.3793010672319D0,1800.346640427374D0,-2.806860375876014D0,    0000033P   6694
302.7844235083525D0,1800.333806715301D0,-2.990252456290089D0,    0000033P   6695
303.2029792280037D0,1800.32097300323D0,-3.16779292994123D0,      0000033P   6696
303.6066774839457D0,1800.308139291156D0,-3.34976403476031D0,     0000033P   6697
304.0208997643047D0,1800.295305579084D0,-3.529956063734172D0,    0000033P   6698
304.4381156325931D0,1800.282471867011D0,-3.701192669826467D0,    0000033P   6699
304.8391319012854D0,1800.269638154938D0,-3.883920363004651D0,    0000033P   6700
305.2720079710691D0,1800.256804442866D0,-4.050175844140874D0,    0000033P   6701
305.6707694525637D0,1800.243970730793D0,-4.220980892060963D0,    0000033P   6702
306.0875705518146D0,1800.23113701872D0,-4.39563407577782D0,      0000033P   6703
306.5117727570188D0,1800.218303306648D0,-4.56097881433609D0,     0000033P   6704
306.9169839702149D0,1800.205469594575D0,-4.734455568629588D0,    0000033P   6705
307.3358755976098D0,1800.192635882503D0,-4.904462815504201D0,    0000033P   6706
307.74331366208D0,1800.17980217043D0,-5.07518863287257D0,        0000033P   6707
308.1507662511072D0,1800.166968458357D0,-5.254737538873952D0,    0000033P   6708
308.5722614170469D0,1800.154134746285D0,-5.433585214062182D0,    0000033P   6709
308.9913557043284D0,1800.141301034213D0,-5.605046730755628D0,    0000033P   6710
309.3906306871346D0,1800.128467322139D0,-5.791624158367904D0,    0000033P   6711
309.8216397670412D0,1800.115633610067D0,-5.962103004314147D0,    0000033P   6712
310.2147960382312D0,1800.102799897994D0,-6.140672386766816D0,    0000033P   6713
310.627293530459D0,1800.089966185922D0,-6.324381149853758D0,     0000033P   6714
311.0529760230909D0,1800.077132473849D0,-6.493527505946847D0,    0000033P   6715
311.446600897831D0,1800.064298761776D0,-6.678816323554675D0,     0000033P   6716
311.8801646781442D0,1800.051465049704D0,-6.845042354374542D0,    0000033P   6717
312.2729357785423D0,1800.038631337631D0,-7.022119905571846D0,    0000033P   6718
312.6942980146168D0,1800.025797625558D0,-7.189575497639367D0,    0000033P   6719
313.0986900151086D0,1800.012963913487D0,-7.366222616224222D0,    0000033P   6720
313.5285744256975D0,1800.000130201413D0,-7.529950983765049D0,    0000033P   6721
313.9343326912797D0,1799.987296489341D0,-7.705888440230562D0,    0000033P   6722
314.3701406351631D0,1799.974462777268D0,-7.861120978326137D0,    0000033P   6723
314.7603154724047D0,1799.961629065196D0,-8.036155814091082D0,    0000033P   6724
315.1965349606217D0,1799.948795353123D0,-8.196786598325179D0,    0000033P   6725
315.5966779177625D0,1799.93596164105D0,-8.372924988153541D0,     0000033P   6726
316.0323178423029D0,1799.923127928977D0,-8.535903919254144D0,    0000033P   6727
316.4313680138463D0,1799.910294216905D0,-8.708831787371809D0,    0000033P   6728
316.85046631106D0,1799.897460504833D0,-8.880631406874645D0,      0000033P   6729
317.262173658989D0,1799.88462679276D0,-9.050575176569298D0,      0000033P   6730
317.6661481963042D0,1799.871793080687D0,-9.235821037273849D0,    0000033P   6731
318.1036290077012D0,1799.858959368615D0,-9.403132349497435D0,    0000033P   6732
318.497187486013D0,1799.846125656542D0,-9.581032441575077D0,     0000033P   6733
318.9152289609941D0,1799.83329194447D0,-9.754329584638068D0,     0000033P   6734
319.3226269715354D0,1799.820458232396D0,-9.930776520605376D0,    0000033P   6735
319.736683315545D0,1799.807624520324D0,-10.11635627582564D0,     0000033P   6736
320.1698305086069D0,1799.794790808251D0,-10.28342570874834D0,    0000033P   6737
320.5552056264272D0,1799.781957096179D0,-10.4690339626293D0,     0000033P   6738
320.9791488219116D0,1799.769123384106D0,-10.64543986467394D0,    0000033P   6739
321.3768175820257D0,1799.756289672033D0,-10.83308696447409D0,    0000033P   6740
321.7953713916224D0,1799.743455959961D0,-11.01678845318687D0,    0000033P   6741
322.1989774708755D0,1799.730622247888D0,-11.20357627489045D0,    0000033P   6742
322.6072995530252D0,1799.717788535815D0,-11.39236631086053D0,    0000033P   6743
323.019090086408D0,1799.704954823743D0,-11.58221960104781D0,     0000033P   6744
323.4373735599094D0,1799.692121111671D0,-11.75941333199054D0,    0000033P   6745
323.8312142073777D0,1799.679287399598D0,-11.94528241055301D0,    0000033P   6746
324.255857295011D0,1799.666453687525D0,-12.11766453415385D0,     0000033P   6747
324.6565866804684D0,1799.653619975453D0,-12.29031282498044D0,    0000033P   6748
325.0683200290644D0,1799.640786263379D0,-12.45826619311325D0,    0000033P   6749
325.4787431909766D0,1799.627952551308D0,-12.6308261496194D0,     0000033P   6750
325.9087117417641D0,1799.615118839235D0,-12.79023288401238D0,    0000033P   6751
326.309663579783D0,1799.602285127161D0,-12.96160545474995D0,     0000033P   6752
326.7437671238425D0,1799.589451415089D0,-13.1222772487045D0,     0000033P   6753
327.149329052773D0,1799.576617703017D0,-13.28528986884732D0,     0000033P   6754
327.5576714238579D0,1799.563783990944D0,-13.46045928466695D0,    0000033P   6755
327.9912792757713D0,1799.550950278871D0,-13.62846803691846D0,    0000033P   6756
328.4003519632199D0,1799.538116566798D0,-13.79526860965725D0,    0000033P   6757
328.7988640082463D0,1799.525282854725D0,-13.97602688235036D0,    0000033P   6758
329.2295640953587D0,1799.512449142653D0,-14.15028443886266D0,    0000033P   6759
329.6406946688211D0,1799.49961543058D0,-14.32693286004969D0,     0000033P   6760
330.0537463421986D0,1799.486781718507D0,-14.49869726183785D0,    0000033P   6761
330.4533979214157D0,1799.473948006435D0,-14.68245580932508D0,    0000033P   6762
330.883275749654D0,1799.461114294362D0,-14.85305373830534D0,     0000033P   6763
331.2793320548379D0,1799.44828058229D0,-15.0341850491543D0,      0000033P   6764
331.7044636287951D0,1799.435446870217D0,-15.20498084703481D0,    0000033P   6765
332.1050006430386D0,1799.422613158145D0,-15.38096616048122D0,    0000033P   6766
332.5223025445912D0,1799.409779446071D0,-15.5616775317191D0,     0000033P   6767
332.9543339580954D0,1799.396945733998D0,-15.72518384927986D0,    0000033P   6768
333.3477232788444D0,1799.384112021926D0,-15.89506274467762D0,    0000033P   6769
333.7604890017069D0,1799.371278309853D0,-16.06873411910839D0,    0000033P   6770
334.1909867929197D0,1799.362722501805D0,-16.17717655298166D0,    0000033P   6771
334.4621828809417D0,1799.35844459778D0,-16.23165986972407D0,     0000033P   6772
334.5999999999999D0,1828.579856491521D0,0.0D0,                   0000033P   6773
321.2551092485668D0,1828.578145005298D0,-0.01314520385042414D0,  0000033P   6774
321.3046032454514D0,1828.574722032852D0,-0.04017798169362164D0,  0000033P   6775
321.4037289386995D0,1828.569587574183D0,-0.07937127714229397D0,  0000033P   6776
321.5496592537635D0,1828.564453115515D0,-0.1250941545559754D0,   0000033P   6777
321.7041447296484D0,1828.559318656846D0,-0.1681360393860373D0,   0000033P   6778
321.8513599965195D0,1828.554184198178D0,-0.2097548394269678D0,   0000033P   6779
321.9938209764331D0,1828.549049739509D0,-0.2569949243451114D0,   0000033P   6780
322.1442379306259D0,1828.54391528084D0,-0.3035985030745861D0,    0000033P   6781
322.2918526244903D0,1828.538780822172D0,-0.3500755135755205D0,   0000033P   6782
322.4372761521839D0,1828.533646363503D0,-0.3967940971452267D0,   0000033P   6783
322.580191847446D0,1828.528511904834D0,-0.4471605001016296D0,    0000033P   6784
322.7291719217351D0,1828.523377446166D0,-0.4959705894257662D0,   0000033P   6785
322.8719793929847D0,1828.518242987497D0,-0.5453244104915516D0,   0000033P   6786
323.013280676248D0,1828.513108528828D0,-0.5965966183621669D0,    0000033P   6787
323.1554467734278D0,1828.507974070159D0,-0.649619073775468D0,    0000033P   6788
323.2976063209862D0,1828.502839611491D0,-0.7039786044445339D0,   0000033P   6789
323.4393077385558D0,1828.497705152822D0,-0.7581220230095935D0,   0000033P   6790
323.5769606559827D0,1828.492570694153D0,-0.8175919817438347D0,   0000033P   6791
323.723133356437D0,1828.487436235484D0,-0.8744423678627595D0,    0000033P   6792
323.8603347666735D0,1828.482301776815D0,-0.93447008937037D0,     0000033P   6793
324.0028812637571D0,1828.477167318147D0,-0.9922835388945784D0,   0000033P   6794
324.1398378165316D0,1828.472032859478D0,-1.051668856182914D0,    0000033P   6795
324.2804447716515D0,1828.466898400809D0,-1.110689877985572D0,    0000033P   6796
324.4225731595321D0,1828.46176394214D0,-1.166358843927448D0,     0000033P   6797
324.5585060674344D0,1828.456629483472D0,-1.226289975392944D0,    0000033P   6798
324.7061894803615D0,1828.451495024803D0,-1.279641089763708D0,    0000033P   6799
324.8402073786094D0,1828.446360566134D0,-1.336031997182108D0,    0000033P   6800
324.9832693386181D0,1828.441226107465D0,-1.39246833529723D0,     0000033P   6801
325.1265436097702D0,1828.436091648797D0,-1.446560263823571D0,    0000033P   6802
325.2646808121938D0,1828.430957190128D0,-1.50314617774093D0,     0000033P   6803
325.4068438638112D0,1828.425822731459D0,-1.558406484014176D0,    0000033P   6804
325.5446384538815D0,1828.420688272791D0,-1.614596918738067D0,    0000033P   6805
325.6834743275627D0,1828.415553814122D0,-1.673128542413545D0,    0000033P   6806
325.825635306267D0,1828.410419355453D0,-1.732571167359279D0,     0000033P   6807
325.9688904819704D0,1828.405284896785D0,-1.78852071835538D0,     0000033P   6808
326.1030869152289D0,1828.400150438116D0,-1.850908313242227D0,    0000033P   6809
326.2504416279441D0,1828.395015979447D0,-1.906608874640211D0,    0000033P   6810
326.3820402047024D0,1828.389881520778D0,-1.966110411467993D0,    0000033P   6811
326.5222077489622D0,1828.38474706211D0,-2.027359190612022D0,     0000033P   6812
326.6667423246784D0,1828.379612603441D0,-2.083096470358473D0,    0000033P   6813
326.7989367250074D0,1828.374478144772D0,-2.145376302246552D0,    0000033P   6814
326.9469822403295D0,1828.369343686103D0,-2.199990877579579D0,    0000033P   6815
327.0785433581802D0,1828.364209227435D0,-2.259279227824516D0,    0000033P   6816
327.2218669948224D0,1828.359074768766D0,-2.314751835328174D0,    0000033P   6817
327.3582915193884D0,1828.353940310097D0,-2.373744710118656D0,    0000033P   6818
327.5042437060818D0,1828.348805851428D0,-2.427828472229118D0,    0000033P   6819
327.6408904436311D0,1828.34367139276D0,-2.486748471798547D0,     0000033P   6820
327.7891722543326D0,1828.338536934091D0,-2.537960831833778D0,    0000033P   6821
327.920349461241D0,1828.333402475422D0,-2.596438413112842D0,     0000033P   6822
328.0683329509984D0,1828.328268016753D0,-2.649466210038745D0,    0000033P   6823
328.2026415287054D0,1828.323133558085D0,-2.708653234691577D0,    0000033P   6824
328.3510103967274D0,1828.317999099415D0,-2.762722137603257D0,    0000033P   6825
328.4852434332597D0,1828.312864640747D0,-2.820526749329858D0,    0000033P   6826
328.6270479164102D0,1828.307730182078D0,-2.877868593174906D0,    0000033P   6827
328.7659613337756D0,1828.30259572341D0,-2.934671993050559D0,     0000033P   6828
328.902304588256D0,1828.29746126474D0,-2.997017238290337D0,      0000033P   6829
329.0506151900032D0,1828.292326806072D0,-3.053027288350864D0,    0000033P   6830
329.1830656107598D0,1828.287192347403D0,-3.11298807338334D0,     0000033P   6831
329.32428796984D0,1828.282057888735D0,-3.171572187885003D0,      0000033P   6832
329.4618466986047D0,1828.276923430066D0,-3.231284176315689D0,    0000033P   6833
329.6012604112767D0,1828.271788971397D0,-3.294673162912566D0,    0000033P   6834
329.7478396295969D0,1828.266654512728D0,-3.351345499446232D0,    0000033P   6835
329.8764761038339D0,1828.26152005406D0,-3.415339131628033D0,     0000033P   6836
330.0201311010108D0,1828.256385595391D0,-3.475452244447911D0,    0000033P   6837
330.1525886793931D0,1828.251251136722D0,-3.540409651913931D0,    0000033P   6838
330.2944059919947D0,1828.246116678054D0,-3.603123926205071D0,    0000033P   6839
330.428736719925D0,1828.240982219385D0,-3.66773811032298D0,      0000033P   6840
330.5669596029098D0,1828.235847760716D0,-3.73245706475787D0,     0000033P   6841
330.7051049630805D0,1828.230713302047D0,-3.797840419243977D0,    0000033P   6842
330.8466959356359D0,1828.225578843379D0,-3.857780985808629D0,    0000033P   6843
330.9775346314543D0,1828.22044438471D0,-3.92168669393524D0,      0000033P   6844
331.1218910898511D0,1828.215309926041D0,-3.980200817776147D0,    0000033P   6845
331.2564537351942D0,1828.210175467373D0,-4.038780036915219D0,    0000033P   6846
331.394932845431D0,1828.205041008704D0,-4.095828157772238D0,     0000033P   6847
331.5333185735799D0,1828.199906550035D0,-4.154620197052655D0,    0000033P   6848
331.678791071963D0,1828.194772091367D0,-4.208447206019835D0,     0000033P   6849
331.8130048186227D0,1828.189637632698D0,-4.267063416174751D0,    0000033P   6850
331.9601101234721D0,1828.184503174029D0,-4.321740868895789D0,    0000033P   6851
332.0963938186967D0,1828.17936871536D0,-4.377022831891899D0,     0000033P   6852
332.2326160422498D0,1828.174234256692D0,-4.437728116679593D0,    0000033P   6853
332.3804343938147D0,1828.169099798023D0,-4.495015644134296D0,    0000033P   6854
332.5166362358909D0,1828.163965339355D0,-4.55267596319279D0,     0000033P   6855
332.650903471497D0,1828.158830880685D0,-4.615354715786471D0,     0000033P   6856
332.7963768844185D0,1828.153696422017D0,-4.675343168395617D0,    0000033P   6857
332.9335530063914D0,1828.148561963348D0,-4.736891041265589D0,    0000033P   6858
333.073308589699D0,1828.143427504679D0,-4.795967280881812D0,     0000033P   6859
333.2060972039935D0,1828.138293046011D0,-4.860056120361273D0,    0000033P   6860
333.3517778237915D0,1828.133158587343D0,-4.918904656425641D0,    0000033P   6861
333.4839850722851D0,1828.128024128674D0,-4.981810580724235D0,    0000033P   6862
333.6276599046068D0,1828.122889670005D0,-5.040559821692746D0,    0000033P   6863
333.7613772010083D0,1828.117755211337D0,-5.101342969250981D0,    0000033P   6864
333.9016986549596D0,1828.112620752668D0,-5.164170076864656D0,    0000033P   6865
334.0482932054669D0,1828.107486293999D0,-5.220075008653723D0,    0000033P   6866
334.1787099024681D0,1828.10235183533D0,-5.27912148346556D0,      0000033P   6867
334.3183790473981D0,1828.097217376661D0,-5.339127752214631D0,    0000033P   6868
334.4626233230484D0,1828.093794404216D0,-5.376777514172986D0,    0000033P   6869
334.5537352637543D0,1828.092082917993D0,-5.395698453143006D0,    0000033P   6870
334.5999999999998D0,1842.389839907414D0,0.0D0,                   0000033P   6871
334.5999999999999D0,1842.389839907414D0,0.0D0,                   0000033P   6872
334.5999999999999D0,1842.389839907414D0,0.0D0,                   0000033P   6873
334.5999999999999D0,1842.389839907414D0,0.0D0,                   0000033P   6874
334.5999999999999D0,1842.389839907414D0,0.0D0,                   0000033P   6875
334.5999999999999D0,1842.389839907414D0,0.0D0,                   0000033P   6876
334.5999999999999D0,1842.389839907414D0,0.0D0,                   0000033P   6877
334.5999999999999D0,1842.389839907414D0,0.0D0,                   0000033P   6878
334.5999999999999D0,1842.389839907414D0,0.0D0,                   0000033P   6879
334.5999999999999D0,1842.389839907414D0,0.0D0,                   0000033P   6880
334.5999999999999D0,1842.389839907414D0,0.0D0,                   0000033P   6881
334.5999999999999D0,1842.389839907414D0,0.0D0,                   0000033P   6882
334.5999999999999D0,1842.389839907414D0,0.0D0,                   0000033P   6883
334.5999999999999D0,1842.389839907414D0,0.0D0,                   0000033P   6884
334.5999999999999D0,1842.389839907414D0,0.0D0,                   0000033P   6885
334.5999999999999D0,1842.389839907414D0,0.0D0,                   0000033P   6886
334.5999999999999D0,1842.389839907414D0,0.0D0,                   0000033P   6887
334.5999999999999D0,1842.389839907414D0,0.0D0,                   0000033P   6888
334.5999999999999D0,1842.389839907414D0,0.0D0,                   0000033P   6889
334.5999999999999D0,1842.389839907414D0,0.0D0,                   0000033P   6890
334.5999999999999D0,1842.389839907414D0,0.0D0,                   0000033P   6891
334.5999999999999D0,1842.389839907414D0,0.0D0,                   0000033P   6892
334.5999999999999D0,1842.389839907414D0,0.0D0,                   0000033P   6893
334.5999999999999D0,1842.389839907414D0,0.0D0,                   0000033P   6894
334.5999999999999D0,1842.389839907414D0,0.0D0,                   0000033P   6895
334.5999999999999D0,1842.389839907414D0,0.0D0,                   0000033P   6896
334.5999999999999D0,1842.389839907414D0,0.0D0,                   0000033P   6897
334.5999999999999D0,1842.389839907414D0,0.0D0,                   0000033P   6898
334.5999999999999D0,1842.389839907414D0,0.0D0,                   0000033P   6899
334.5999999999999D0,1842.389839907414D0,0.0D0,                   0000033P   6900
334.5999999999999D0,1842.389839907414D0,0.0D0,                   0000033P   6901
334.5999999999999D0,1842.389839907414D0,0.0D0,                   0000033P   6902
334.5999999999999D0,1842.389839907414D0,0.0D0,                   0000033P   6903
334.5999999999999D0,1842.389839907414D0,0.0D0,                   0000033P   6904
334.5999999999999D0,1842.389839907414D0,0.0D0,                   0000033P   6905
334.5999999999999D0,1842.389839907414D0,0.0D0,                   0000033P   6906
334.5999999999999D0,1842.389839907414D0,0.0D0,                   0000033P   6907
334.5999999999999D0,1842.389839907414D0,0.0D0,                   0000033P   6908
334.5999999999999D0,1842.389839907414D0,0.0D0,                   0000033P   6909
334.5999999999999D0,1842.389839907414D0,0.0D0,                   0000033P   6910
334.5999999999999D0,1842.389839907414D0,0.0D0,                   0000033P   6911
334.5999999999999D0,1842.389839907414D0,0.0D0,                   0000033P   6912
334.5999999999999D0,1842.389839907414D0,0.0D0,                   0000033P   6913
334.5999999999999D0,1842.389839907414D0,0.0D0,                   0000033P   6914
334.5999999999999D0,1842.389839907414D0,0.0D0,                   0000033P   6915
334.5999999999999D0,1842.389839907414D0,0.0D0,                   0000033P   6916
334.5999999999999D0,1842.389839907414D0,0.0D0,                   0000033P   6917
334.5999999999999D0,1842.389839907414D0,0.0D0,                   0000033P   6918
334.5999999999999D0,1842.389839907414D0,0.0D0,                   0000033P   6919
334.5999999999999D0,1842.389839907414D0,0.0D0,                   0000033P   6920
334.5999999999999D0,1842.389839907414D0,0.0D0,                   0000033P   6921
334.5999999999999D0,1842.389839907414D0,0.0D0,                   0000033P   6922
334.5999999999999D0,1842.389839907414D0,0.0D0,                   0000033P   6923
334.5999999999999D0,1842.389839907414D0,0.0D0,                   0000033P   6924
334.5999999999999D0,1842.389839907414D0,0.0D0,                   0000033P   6925
334.5999999999999D0,1842.389839907414D0,0.0D0,                   0000033P   6926
334.5999999999999D0,1842.389839907414D0,0.0D0,                   0000033P   6927
334.5999999999999D0,1842.389839907414D0,0.0D0,                   0000033P   6928
334.5999999999999D0,1842.389839907414D0,0.0D0,                   0000033P   6929
334.5999999999999D0,1842.389839907414D0,0.0D0,                   0000033P   6930
334.5999999999999D0,1842.389839907414D0,0.0D0,                   0000033P   6931
334.5999999999999D0,1842.389839907414D0,0.0D0,                   0000033P   6932
334.5999999999999D0,1842.389839907414D0,0.0D0,                   0000033P   6933
334.5999999999999D0,1842.389839907414D0,0.0D0,                   0000033P   6934
334.5999999999999D0,1842.389839907414D0,0.0D0,                   0000033P   6935
334.5999999999999D0,1842.389839907414D0,0.0D0,                   0000033P   6936
334.5999999999999D0,1842.389839907414D0,0.0D0,                   0000033P   6937
334.5999999999999D0,1842.389839907414D0,0.0D0,                   0000033P   6938
334.5999999999999D0,1842.389839907414D0,0.0D0,                   0000033P   6939
334.5999999999999D0,1842.389839907414D0,0.0D0,                   0000033P   6940
334.5999999999999D0,1842.389839907414D0,0.0D0,                   0000033P   6941
334.5999999999999D0,1842.389839907414D0,0.0D0,                   0000033P   6942
334.5999999999999D0,1842.389839907414D0,0.0D0,                   0000033P   6943
334.5999999999999D0,1842.389839907414D0,0.0D0,                   0000033P   6944
334.5999999999999D0,1842.389839907414D0,0.0D0,                   0000033P   6945
334.5999999999999D0,1842.389839907414D0,0.0D0,                   0000033P   6946
334.5999999999999D0,1842.389839907414D0,0.0D0,                   0000033P   6947
334.5999999999999D0,1842.389839907414D0,0.0D0,                   0000033P   6948
334.5999999999999D0,1842.389839907414D0,0.0D0,                   0000033P   6949
334.5999999999999D0,1842.389839907414D0,0.0D0,                   0000033P   6950
334.5999999999999D0,1842.389839907414D0,0.0D0,                   0000033P   6951
334.5999999999999D0,1842.389839907414D0,0.0D0,                   0000033P   6952
334.5999999999999D0,1842.389839907414D0,0.0D0,                   0000033P   6953
334.5999999999999D0,1842.389839907414D0,0.0D0,                   0000033P   6954
334.5999999999999D0,1842.389839907414D0,0.0D0,                   0000033P   6955
334.5999999999999D0,1842.389839907414D0,0.0D0,                   0000033P   6956
334.5999999999999D0,1842.389839907414D0,0.0D0,                   0000033P   6957
334.5999999999999D0,1842.389839907414D0,0.0D0,                   0000033P   6958
334.5999999999999D0,1842.389839907414D0,0.0D0,                   0000033P   6959
334.5999999999999D0,1842.389839907414D0,0.0D0,                   0000033P   6960
334.5999999999999D0,1842.389839907414D0,0.0D0,                   0000033P   6961
334.5999999999999D0,1842.389839907414D0,0.0D0,                   0000033P   6962
334.5999999999999D0,1842.389839907414D0,0.0D0,                   0000033P   6963
334.5999999999999D0,1842.389839907414D0,0.0D0,                   0000033P   6964
334.5999999999999D0,1842.389839907414D0,0.0D0,                   0000033P   6965
334.5999999999999D0,1842.389839907414D0,0.0D0,                   0000033P   6966
334.5999999999999D0,1842.389839907414D0,0.0D0,                   0000033P   6967
334.5999999999999D0,1842.389839907414D0,0.0D0,                   0000033P   6968
334.5999999999999D0,0.0D0,236.6402123373929D0,0.0D0,             0000033P   6969
2208.371425725138D0;                                             0000033P   6970
S0000001G0000012D0000034P0006970                                        T      1
