                                                                        S      1
1H,,1H;,,                                                               G      1
124HM:\3me\mtt\SHS\lopende-projecten\2010\2010-04-DSYHS DB\Geometrieen DG      2
SYHS\Rhino modellen na inmeten 2012\SYSSER29_surface.igs,               G      3
26HRhinoceros ( Mar  9 2011 ),31HTrout Lake IGES 012 Mar  9 2011,       G      4
32,38,6,308,15,                                                         G      5
,                                                                       G      6
1.0D0,2,2HMM,1,0.254D0,13H121122.112842,                                G      7
0.001D0,                                                                G      8
2137.477826128431D0,                                                    G      9
,                                                                       G     10
,                                                                       G     11
10,0,13H121122.112842;                                                  G     12
     314       1       0       0       0       0       0       000000200D      1
     314       0       1       1       0       0       0   COLOR       0D      2
     314       2       0       0       0       0       0       000000200D      3
     314       0       5       1       0       0       0   COLOR       0D      4
     406       3       0       0       1       0       0       000000300D      5
     406       0      -1       1       3       0       0LEVELDEF       0D      6
     406       4       0       0       2       0       0       000000300D      7
     406       0      -3       1       3       0       0LEVELDEF       0D      8
     128       5       0       0       1       0       0       000000000D      9
     128       0      -1     489       0       0       0 TrimSrf       0D     10
     128     494       0       0       1       0       0       000000000D     11
     128       0      -1    7385       0       0       0   Shell       1D     12
     128    7879       0       0       1       0       0       000000000D     13
     128       0      -1     362       0       0       0   Shell       2D     14
314,0.0,0.0,0.0,20HRGB(   0,   0,   0 );                         0000001P      1
314,100.0,100.0,0.0,20HRGB( 255, 255,   0 );                     0000003P      2
406,2,1,7HDefault;                                               0000005P      3
406,2,2,12HIGES level 0;                                         0000007P      4
128,73,5,3,3,0,0,1,0,0,0.0D0,0.0D0,0.0D0,0.0D0,                  0000009P      5
4.814749345486273D0,9.629498690972547D0,14.44424803645882D0,     0000009P      6
19.25899738194509D0,24.07374672743137D0,28.88849607291764D0,     0000009P      7
33.70324541840392D0,38.51799476389019D0,43.33274410937646D0,     0000009P      8
48.14749345486273D0,52.96224280034901D0,57.77699214583528D0,     0000009P      9
62.59174149132156D0,67.40649083680783D0,72.22124018229411D0,     0000009P     10
77.03598952778037D0,81.85073887326665D0,86.66548821875293D0,     0000009P     11
91.4802375642392D0,96.29498690972547D0,101.1097362552117D0,      0000009P     12
105.924485600698D0,110.7392349461843D0,115.5539842916706D0,      0000009P     13
120.3687336371568D0,125.1834829826431D0,129.9982323281294D0,     0000009P     14
134.8129816736157D0,139.6277310191019D0,144.4424803645882D0,     0000009P     15
149.2572297100745D0,154.0719790555608D0,158.886728401047D0,      0000009P     16
163.7014777465333D0,168.5162270920196D0,173.3309764375059D0,     0000009P     17
178.1457257829921D0,182.9604751284784D0,187.7752244739647D0,     0000009P     18
192.5899738194509D0,197.4047231649372D0,202.2194725104235D0,     0000009P     19
207.0342218559098D0,211.848971201396D0,216.6637205468823D0,      0000009P     20
221.4784698923686D0,226.2932192378549D0,231.1079685833411D0,     0000009P     21
235.9227179288274D0,240.7374672743137D0,245.5522166198D0,        0000009P     22
250.3669659652862D0,255.1817153107725D0,259.9964646562588D0,     0000009P     23
264.811214001745D0,269.6259633472313D0,274.4407126927176D0,      0000009P     24
279.2554620382039D0,284.0702113836902D0,288.8849607291764D0,     0000009P     25
293.6997100746627D0,298.514459420149D0,303.3292087656353D0,      0000009P     26
308.1439581111215D0,312.9587074566078D0,317.7734568020941D0,     0000009P     27
322.5882061475803D0,327.4029554930666D0,332.2177048385529D0,     0000009P     28
337.0324541840391D0,341.8472035295254D0,341.8472035295254D0,     0000009P     29
341.8472035295254D0,341.8472035295254D0,0.0D0,0.0D0,0.0D0,0.0D0, 0000009P     30
69.63666666666667D0,139.2733333333333D0,208.91D0,208.91D0,       0000009P     31
208.91D0,208.91D0,1.0D0,1.0D0,1.0D0,1.0D0,1.0D0,1.0D0,1.0D0,     0000009P     32
1.0D0,1.0D0,1.0D0,1.0D0,1.0D0,1.0D0,1.0D0,1.0D0,1.0D0,1.0D0,     0000009P     33
1.0D0,1.0D0,1.0D0,1.0D0,1.0D0,1.0D0,1.0D0,1.0D0,1.0D0,1.0D0,     0000009P     34
1.0D0,1.0D0,1.0D0,1.0D0,1.0D0,1.0D0,1.0D0,1.0D0,1.0D0,1.0D0,     0000009P     35
1.0D0,1.0D0,1.0D0,1.0D0,1.0D0,1.0D0,1.0D0,1.0D0,1.0D0,1.0D0,     0000009P     36
1.0D0,1.0D0,1.0D0,1.0D0,1.0D0,1.0D0,1.0D0,1.0D0,1.0D0,1.0D0,     0000009P     37
1.0D0,1.0D0,1.0D0,1.0D0,1.0D0,1.0D0,1.0D0,1.0D0,1.0D0,1.0D0,     0000009P     38
1.0D0,1.0D0,1.0D0,1.0D0,1.0D0,1.0D0,1.0D0,1.0D0,1.0D0,1.0D0,     0000009P     39
1.0D0,1.0D0,1.0D0,1.0D0,1.0D0,1.0D0,1.0D0,1.0D0,1.0D0,1.0D0,     0000009P     40
1.0D0,1.0D0,1.0D0,1.0D0,1.0D0,1.0D0,1.0D0,1.0D0,1.0D0,1.0D0,     0000009P     41
1.0D0,1.0D0,1.0D0,1.0D0,1.0D0,1.0D0,1.0D0,1.0D0,1.0D0,1.0D0,     0000009P     42
1.0D0,1.0D0,1.0D0,1.0D0,1.0D0,1.0D0,1.0D0,1.0D0,1.0D0,1.0D0,     0000009P     43
1.0D0,1.0D0,1.0D0,1.0D0,1.0D0,1.0D0,1.0D0,1.0D0,1.0D0,1.0D0,     0000009P     44
1.0D0,1.0D0,1.0D0,1.0D0,1.0D0,1.0D0,1.0D0,1.0D0,1.0D0,1.0D0,     0000009P     45
1.0D0,1.0D0,1.0D0,1.0D0,1.0D0,1.0D0,1.0D0,1.0D0,1.0D0,1.0D0,     0000009P     46
1.0D0,1.0D0,1.0D0,1.0D0,1.0D0,1.0D0,1.0D0,1.0D0,1.0D0,1.0D0,     0000009P     47
1.0D0,1.0D0,1.0D0,1.0D0,1.0D0,1.0D0,1.0D0,1.0D0,1.0D0,1.0D0,     0000009P     48
1.0D0,1.0D0,1.0D0,1.0D0,1.0D0,1.0D0,1.0D0,1.0D0,1.0D0,1.0D0,     0000009P     49
1.0D0,1.0D0,1.0D0,1.0D0,1.0D0,1.0D0,1.0D0,1.0D0,1.0D0,1.0D0,     0000009P     50
1.0D0,1.0D0,1.0D0,1.0D0,1.0D0,1.0D0,1.0D0,1.0D0,1.0D0,1.0D0,     0000009P     51
1.0D0,1.0D0,1.0D0,1.0D0,1.0D0,1.0D0,1.0D0,1.0D0,1.0D0,1.0D0,     0000009P     52
1.0D0,1.0D0,1.0D0,1.0D0,1.0D0,1.0D0,1.0D0,1.0D0,1.0D0,1.0D0,     0000009P     53
1.0D0,1.0D0,1.0D0,1.0D0,1.0D0,1.0D0,1.0D0,1.0D0,1.0D0,1.0D0,     0000009P     54
1.0D0,1.0D0,1.0D0,1.0D0,1.0D0,1.0D0,1.0D0,1.0D0,1.0D0,1.0D0,     0000009P     55
1.0D0,1.0D0,1.0D0,1.0D0,1.0D0,1.0D0,1.0D0,1.0D0,1.0D0,1.0D0,     0000009P     56
1.0D0,1.0D0,1.0D0,1.0D0,1.0D0,1.0D0,1.0D0,1.0D0,1.0D0,1.0D0,     0000009P     57
1.0D0,1.0D0,1.0D0,1.0D0,1.0D0,1.0D0,1.0D0,1.0D0,1.0D0,1.0D0,     0000009P     58
1.0D0,1.0D0,1.0D0,1.0D0,1.0D0,1.0D0,1.0D0,1.0D0,1.0D0,1.0D0,     0000009P     59
1.0D0,1.0D0,1.0D0,1.0D0,1.0D0,1.0D0,1.0D0,1.0D0,1.0D0,1.0D0,     0000009P     60
1.0D0,1.0D0,1.0D0,1.0D0,1.0D0,1.0D0,1.0D0,1.0D0,1.0D0,1.0D0,     0000009P     61
1.0D0,1.0D0,1.0D0,1.0D0,1.0D0,1.0D0,1.0D0,1.0D0,1.0D0,1.0D0,     0000009P     62
1.0D0,1.0D0,1.0D0,1.0D0,1.0D0,1.0D0,1.0D0,1.0D0,1.0D0,1.0D0,     0000009P     63
1.0D0,1.0D0,1.0D0,1.0D0,1.0D0,1.0D0,1.0D0,1.0D0,1.0D0,1.0D0,     0000009P     64
1.0D0,1.0D0,1.0D0,1.0D0,1.0D0,1.0D0,1.0D0,1.0D0,1.0D0,1.0D0,     0000009P     65
1.0D0,1.0D0,1.0D0,1.0D0,1.0D0,1.0D0,1.0D0,1.0D0,1.0D0,1.0D0,     0000009P     66
1.0D0,1.0D0,1.0D0,1.0D0,1.0D0,1.0D0,1.0D0,1.0D0,1.0D0,1.0D0,     0000009P     67
1.0D0,1.0D0,1.0D0,1.0D0,1.0D0,1.0D0,1.0D0,1.0D0,1.0D0,1.0D0,     0000009P     68
1.0D0,1.0D0,1.0D0,1.0D0,1.0D0,1.0D0,1.0D0,1.0D0,1.0D0,1.0D0,     0000009P     69
1.0D0,1.0D0,1.0D0,1.0D0,1.0D0,1.0D0,1.0D0,1.0D0,1.0D0,1.0D0,     0000009P     70
1.0D0,1.0D0,1.0D0,1.0D0,1.0D0,1.0D0,1.0D0,1.0D0,1.0D0,1.0D0,     0000009P     71
1.0D0,1.0D0,1.0D0,1.0D0,1.0D0,1.0D0,1.0D0,1.0D0,1.0D0,1.0D0,     0000009P     72
1.0D0,1.0D0,1.0D0,1.0D0,1.0D0,1.0D0,1.0D0,1.0D0,1.0D0,1.0D0,     0000009P     73
1.0D0,1.0D0,1.0D0,1.0D0,1.0D0,1.0D0,1.0D0,1.0D0,1.0D0,1.0D0,     0000009P     74
1.0D0,1.0D0,1.0D0,1.0D0,1.0D0,1.0D0,1.0D0,1.0D0,1.0D0,1.0D0,     0000009P     75
1.0D0,1.0D0,1.0D0,1.0D0,1.0D0,1.0D0,1.0D0,-200.0D0,              0000009P     76
-0.000442366605091505D0,60.85758472352195D0,-200.0D0,            0000009P     77
-1.441530729534602D0,60.83806322332322D0,-199.9999999999999D0,   0000009P     78
-4.313041203971809D0,60.80497149431611D0,-199.9999999999999D0,   0000009P     79
-8.684987905866453D0,60.77384186521182D0,-200.0D0,               0000009P     80
-12.9614620796334D0,60.76279149559714D0,-199.9999999999999D0,    0000009P     81
-17.36226296107781D0,60.77307705382556D0,-199.9999999999999D0,   0000009P     82
-21.64815496580373D0,60.80348105565481D0,-200.0D0,               0000009P     83
-26.02348040767508D0,60.85139005899888D0,-200.0D0,               0000009P     84
-30.31286372248762D0,60.91228130154288D0,-199.9999999999999D0,   0000009P     85
-34.63082176719392D0,60.98355366985486D0,-199.9999999999999D0,   0000009P     86
-39.08151604100907D0,61.07114952038405D0,-199.9999999999999D0,   0000009P     87
-43.33030949082304D0,61.1718499699742D0,-199.9999999999999D0,    0000009P     88
-47.66323326904163D0,61.29393976054472D0,-199.9999999999999D0,   0000009P     89
-52.07980024444053D0,61.44600599240513D0,-200.0D0,               0000009P     90
-56.28864501401736D0,61.62682791714655D0,-199.9999999999999D0,   0000009P     91
-60.68212153348744D0,61.86335859825815D0,-199.9999999999999D0,   0000009P     92
-64.9763566838632D0,62.15400362564647D0,-199.9999999999999D0,    0000009P     93
-69.3642504739442D0,62.50948732224682D0,-199.9999999999999D0,    0000009P     94
-73.60328092088719D0,62.9057942053872D0,-199.9999999999999D0,    0000009P     95
-77.9375453128487D0,63.35645053994301D0,-199.9999999999999D0,    0000009P     96
-82.24482720736432D0,63.86260818378922D0,-199.9999999999999D0,   0000009P     97
-86.56216208344651D0,64.50446837570837D0,-199.9999999999999D0,   0000009P     98
-90.8102742775074D0,65.33824487612873D0,-200.0000000000001D0,    0000009P     99
-94.9999126984622D0,66.42556186059584D0,-199.9999999999999D0,    0000009P    100
-99.09003197113694D0,67.85311830408941D0,-199.9999999999999D0,   0000009P    101
-103.0318037716627D0,69.75022550345149D0,-200.0D0,               0000009P    102
-106.5962486988213D0,72.17222249948281D0,-199.9999999999999D0,   0000009P    103
-109.7399947657663D0,75.2004606163033D0,-199.9999999999999D0,    0000009P    104
-112.4661486909381D0,78.53815576613519D0,-199.9999999999999D0,   0000009P    105
-114.9645855735283D0,82.17075739900415D0,-200.0000000000001D0,   0000009P    106
-117.2275653197118D0,85.80613595214267D0,-199.9999999999999D0,   0000009P    107
-119.4071973313672D0,89.57054663879183D0,-200.0D0,               0000009P    108
-121.4543539057015D0,93.36831085611837D0,-200.0D0,               0000009P    109
-123.439943019396D0,97.28414174876417D0,-199.9999999999999D0,    0000009P    110
-125.2943125383618D0,101.1308647732647D0,-199.9999999999999D0,   0000009P    111
-127.1216531880984D0,105.1113593252247D0,-200.0D0,               0000009P    112
-128.8494680381518D0,109.061064137356D0,-200.0D0,                0000009P    113
-130.5201391002021D0,113.0613919705825D0,-199.9999999999999D0,   0000009P    114
-132.15680439919D0,117.1576681984538D0,-200.0D0,                 0000009P    115
-133.6872083992867D0,121.1263477590173D0,-199.9999999999999D0,   0000009P    116
-135.2116264198868D0,125.187533748788D0,-200.0D0,                0000009P    117
-136.724921072741D0,129.2976570630191D0,-200.0D0,                0000009P    118
-138.1802416175282D0,133.3315003482066D0,-199.9999999999999D0,   0000009P    119
-139.6491078384102D0,137.4946686668421D0,-200.0D0,               0000009P    120
-141.0556799355243D0,141.5836233617021D0,-199.9999999999999D0,   0000009P    121
-142.4119687435479D0,145.6164176861707D0,-200.0D0,               0000009P    122
-143.8007861417459D0,149.8145051872489D0,-199.9999999999999D0,   0000009P    123
-145.1232405389556D0,153.8552238213631D0,-199.9999999999999D0,   0000009P    124
-146.485208918673D0,158.03117762263D0,-200.0D0,                  0000009P    125
-147.8062512208447D0,162.1109388791965D0,-200.0D0,               0000009P    126
-149.1346563956816D0,166.2629407343551D0,-199.9999999999999D0,   0000009P    127
-150.4482656856826D0,170.4412308250055D0,-200.0D0,               0000009P    128
-151.7271411556526D0,174.5920594316173D0,-199.9999999999999D0,   0000009P    129
-152.959519044056D0,178.6596800299413D0,-199.9999999999999D0,    0000009P    130
-154.2315388491923D0,182.9252407242516D0,-200.0D0,               0000009P    131
-155.4226887691577D0,186.976032513585D0,-199.9999999999999D0,    0000009P    132
-156.6571699923469D0,191.2211768435306D0,-199.9999999999999D0,   0000009P    133
-157.843450647181D0,195.3352568662452D0,-199.9999999999999D0,    0000009P    134
-159.0450086007981D0,199.5219153790948D0,-199.9999999999999D0,   0000009P    135
-160.2394290924905D0,203.6951411243864D0,-200.0D0,               0000009P    136
-161.4101236981884D0,207.8089277701695D0,-199.9999999999999D0,   0000009P    137
-162.6125011978915D0,212.0698058447371D0,-199.9999999999999D0,   0000009P    138
-163.7581374901815D0,216.1769195950926D0,-199.9999999999999D0,   0000009P    139
-164.918697062599D0,220.3832882615619D0,-199.9999999999999D0,    0000009P    140
-166.0553529183799D0,224.5401980625929D0,-199.9999999999999D0,   0000009P    141
-167.2151186122697D0,228.8123262355974D0,-199.9999999999999D0,   0000009P    142
-168.3246647446441D0,232.9220907908689D0,-200.0D0,               0000009P    143
-169.4492861154839D0,237.1128776985654D0,-199.9999999999999D0,   0000009P    144
-170.575023480491D0,241.3365147581013D0,-199.9999999999999D0,    0000009P    145
-171.67407828758D0,245.4904260614689D0,-199.9999999999999D0,     0000009P    146
-172.7760074417009D0,249.6865435004287D0,-199.9999999999999D0,   0000009P    147
-173.8666104779254D0,253.8701813276814D0,-200.0D0,               0000009P    148
-174.5970392565109D0,256.6925147374982D0,-200.0D0,-174.96D0,     0000009P    149
258.1D0,-200.0D0,-0.0003932147600813377D0,84.07340864313063D0,   0000009P    150
-200.0D0,-1.372628254109005D0,84.05605619850954D0,               0000009P    151
-199.9999999999999D0,-4.107617220431905D0,84.026641328281D0,     0000009P    152
-199.9999999999999D0,-8.267594883461886D0,83.99897054685496D0,   0000009P    153
-200.0D0,-12.34270807704503D0,83.98914799608636D0,-200.0D0,      0000009P    154
-16.5283338996748D0,83.9982907145116D0,-200.0D0,                 0000009P    155
-20.6118184985548D0,84.0253164939154D0,-200.0D0,                 0000009P    156
-24.77479948600853D0,84.06790227466568D0,-200.0D0,               0000009P    157
-28.86138747163219D0,84.1220278235937D0,-200.0D0,                0000009P    158
-32.97337521716142D0,84.185381039871D0,-199.9999999999999D0,     0000009P    159
-37.20335072189852D0,84.26324401811917D0,-200.0D0,               0000009P    160
-41.25385882752345D0,84.35275552886596D0,-200.0D0,               0000009P    161
-45.37914944728583D0,84.46127978715091D0,-200.0D0,               0000009P    162
-49.57878957565293D0,84.59644977102681D0,-200.0D0,               0000009P    163
-53.59378774328929D0,84.75718037079697D0,-200.0D0,               0000009P    164
-57.77290302194189D0,84.96742986511839D0,-199.9999999999999D0,   0000009P    165
-61.86380375028841D0,85.22578100057469D0,-200.0D0,               0000009P    166
-66.03795660281737D0,85.5417665086639D0,-200.0D0,                0000009P    167
-70.0797864836681D0,85.89403929367754D0,-200.0D0,                0000009P    168
-74.20626876009087D0,86.29462270217164D0,-199.9999999999999D0,   0000009P    169
-78.30876659433947D0,86.74454060781268D0,-200.0D0,               0000009P    170
-82.42020041220286D0,87.31508300062973D0,-200.0D0,               0000009P    171
-86.47010295715838D0,88.05621766767004D0,-200.0000000000001D0,   0000009P    172
-90.46802881490848D0,89.02272165386303D0,-199.9999999999999D0,   0000009P    173
-94.37749320752079D0,90.2916607147462D0,-199.9999999999999D0,    0000009P    174
-98.15509318044508D0,91.97797822529026D0,-200.0D0,               0000009P    175
-101.5972914881542D0,94.13086444398478D0,-200.0D0,               0000009P    176
-104.6655352534511D0,96.8226316589363D0,-200.0D0,                0000009P    177
-107.3625860038385D0,99.7894717921202D0,-200.0D0,                0000009P    178
-109.8572216052646D0,103.018451021337D0,-200.0000000000001D0,    0000009P    179
-112.1425619743291D0,106.2498986241269D0,-200.0D0,               0000009P    180
-114.3538154682576D0,109.5960414567039D0,-200.0000000000001D0,   0000009P    181
-116.4473130179006D0,112.9718318721053D0,-200.0D0,               0000009P    182
-118.4860839358638D0,116.452570443346D0,-200.0D0,                0000009P    183
-120.4082152140681D0,119.8718797984575D0,-200.0D0,               0000009P    184
-122.3063208307354D0,123.4100971779775D0,-200.0D0,               0000009P    185
-124.1159590699064D0,126.920945899872D0,-200.0D0,                0000009P    186
-125.8748028308525D0,130.47679286274D0,-199.9999999999999D0,     0000009P    187
-127.6034192468543D0,134.1179272875145D0,-200.0D0,               0000009P    188
-129.2375811749528D0,137.6456424524598D0,-200.0D0,               0000009P    189
-130.8664222323876D0,141.2555855544783D0,-200.0D0,               0000009P    190
-132.4853758518261D0,144.9090285004615D0,-200.0D0,               0000009P    191
-134.0527969307606D0,148.4946669761837D0,-199.9999999999999D0,   0000009P    192
-135.6322586106682D0,152.195261037193D0,-200.0000000000001D0,    0000009P    193
-137.1563477361156D0,155.8298874326241D0,-199.9999999999999D0,   0000009P    194
-138.6357406045934D0,159.4145934988185D0,-200.0000000000001D0,   0000009P    195
-140.1440477754486D0,163.1462268331102D0,-200.0D0,               0000009P    196
-141.593365612092D0,166.7379767301005D0,-200.0D0,                0000009P    197
-143.0778069887422D0,170.4499356645601D0,-200.0D0,               0000009P    198
-144.5258696297962D0,174.0763901148414D0,-200.0D0,               0000009P    199
-145.9804770465527D0,177.7670584305379D0,-199.9999999999999D0,   0000009P    200
-147.4219325656772D0,181.4810940666716D0,-200.0000000000001D0,   0000009P    201
-148.8325135781075D0,185.1707194947709D0,-200.0D0,               0000009P    202
-150.201763406923D0,188.7863822488367D0,-200.0D0,                0000009P    203
-151.6062504950567D0,192.5779917548904D0,-200.0D0,               0000009P    204
-152.9388532408162D0,196.1786955676312D0,-199.9999999999999D0,   0000009P    205
-154.3099727005525D0,199.9521571942495D0,-199.9999999999999D0,   0000009P    206
-155.6382472106398D0,203.6091172144402D0,-199.9999999999999D0,   0000009P    207
-156.9801015418675D0,207.3305914480843D0,-200.0D0,               0000009P    208
-158.3156114624954D0,211.0401254438991D0,-200.0D0,               0000009P    209
-159.630031706684D0,214.6968246845951D0,-199.9999999999999D0,    0000009P    210
-160.9726145233214D0,218.4842718619885D0,-199.9999999999999D0,   0000009P    211
-162.2647607111473D0,222.1350396400824D0,-199.9999999999999D0,   0000009P    212
-163.5701720368643D0,225.8740340102773D0,-199.9999999999999D0,   0000009P    213
-164.8543356144598D0,229.569064944527D0,-199.9999999999999D0,    0000009P    214
-166.1590412703743D0,233.36651220942D0,-199.9999999999999D0,     0000009P    215
-167.419107316053D0,237.0196362585501D0,-200.0D0,                0000009P    216
-168.6925735737009D0,240.7447801765026D0,-199.9999999999999D0,   0000009P    217
-169.9670318261642D0,244.4991242294234D0,-199.9999999999999D0,   0000009P    218
-171.2177722493669D0,248.1914898324169D0,-199.9999999999999D0,   0000009P    219
-172.4710676477091D0,251.9213720003811D0,-199.9999999999999D0,   0000009P    220
-173.7142953856989D0,255.6401611801613D0,-200.0D0,               0000009P    221
-174.5461006223759D0,258.1489019888873D0,-200.0D0,-174.96D0,     0000009P    222
259.4D0,-200.0D0,-0.0002949110700610033D0,130.505056482348D0,    0000009P    223
-200.0D0,-1.234823303257809D0,130.4920421488822D0,               0000009P    224
-199.9999999999999D0,-3.696769253352096D0,130.4699809962108D0,   0000009P    225
-199.9999999999999D0,-7.43280883865275D0,130.4492279101413D0,    0000009P    226
-200.0D0,-11.10520007186827D0,130.4418609970648D0,-200.0D0,      0000009P    227
-14.86047577686877D0,130.4487180358837D0,-200.0D0,               0000009P    228
-18.53914556405694D0,130.4689873704365D0,-200.0D0,               0000009P    229
-22.2774376426754D0,130.5009267059993D0,-200.0D0,                0000009P    230
-25.95843496992132D0,130.5415208676953D0,-200.0D0,               0000009P    231
-29.65848211709641D0,130.5890357799032D0,-199.9999999999999D0,   0000009P    232
-33.4470200836774D0,130.6474330135894D0,-200.0D0,                0000009P    233
-37.10095750092427D0,130.7145666466494D0,-200.0D0,               0000009P    234
-40.81098180377422D0,130.7959598403632D0,-200.0D0,               0000009P    235
-44.57676823807772D0,130.8973373282701D0,-200.0D0,               0000009P    236
-48.20407320183315D0,131.0178852780977D0,-200.0D0,               0000009P    237
-51.95446599885078D0,131.1755723988388D0,-199.9999999999999D0,   0000009P    238
-55.63869788313883D0,131.369335750431D0,-200.0D0,                0000009P    239
-59.38536886056373D0,131.6063248814979D0,-200.0D0,               0000009P    240
-63.03279760922995D0,131.8705294702582D0,-200.0D0,               0000009P    241
-66.7437156545752D0,132.1709670266287D0,-199.9999999999999D0,    0000009P    242
-70.43664536828982D0,132.5084054558595D0,-200.0D0,               0000009P    243
-74.13627706971552D0,132.9363122504723D0,-200.0D0,               0000009P    244
-77.78976031646032D0,133.4921632507525D0,-200.0D0,               0000009P    245
-81.40426104780109D0,134.2170412403973D0,-199.9999999999999D0,   0000009P    246
-84.95241568028848D0,135.1687455360597D0,-199.9999999999999D0,   0000009P    247
-88.40167199800986D0,136.4334836689677D0,-200.0D0,               0000009P    248
-91.59937706681984D0,138.0481483329886D0,-200.0D0,               0000009P    249
-94.51661622882074D0,140.0669737442023D0,-200.0D0,               0000009P    250
-97.15546062963948D0,142.2921038440902D0,-200.0D0,               0000009P    251
-99.6424936687372D0,144.7138382660028D0,-200.0D0,                0000009P    252
-101.9725552835637D0,147.1374239680952D0,-200.0D0,               0000009P    253
-104.2470517420383D0,149.647031092528D0,-200.0D0,                0000009P    254
-106.4332312422987D0,152.178873904079D0,-200.0D0,                0000009P    255
-108.5783657687993D0,154.7894278325096D0,-200.0D0,               0000009P    256
-110.6360205654807D0,157.3539098488432D0,-200.0D0,               0000009P    257
-112.6756561160093D0,160.0075728834832D0,-200.0D0,               0000009P    258
-114.6489411334157D0,162.6407094249041D0,-200.0D0,               0000009P    259
-116.5841302921535D0,165.3075946470551D0,-199.9999999999999D0,   0000009P    260
-118.496648942183D0,168.038445465636D0,-200.0D0,                 0000009P    261
-120.338326726285D0,170.684231839345D0,-200.0D0,                 0000009P    262
-122.1760138573893D0,173.3916891658588D0,-200.0D0,               0000009P    263
-124.0062854099963D0,176.1317713753462D0,-200.0D0,               0000009P    264
-125.7979075572254D0,178.8210002321379D0,-199.9999999999999D0,   0000009P    265
-127.5985601551842D0,181.5964457778949D0,-200.0D0,               0000009P    266
-129.3576833372979D0,184.3224155744681D0,-199.9999999999999D0,   0000009P    267
-131.0832843266845D0,187.0109451241139D0,-200.0D0,               0000009P    268
-132.8305710428541D0,189.8096701248327D0,-200.0D0,               0000009P    269
-134.5336157583647D0,192.5034825475754D0,-200.0D0,               0000009P    270
-136.2630031288805D0,195.2874517484201D0,-200.0D0,               0000009P    271
-137.9651064476992D0,198.0072925861311D0,-200.0D0,               0000009P    272
-139.6721183482948D0,200.7752938229035D0,-199.9999999999999D0,   0000009P    273
-141.3692663256663D0,203.5608205500037D0,-200.0D0,               0000009P    274
-143.0432584230172D0,206.3280396210782D0,-200.0D0,               0000009P    275
-144.686252132657D0,209.0397866866276D0,-200.0D0,                0000009P    276
-146.3556737867855D0,211.8834938161678D0,-200.0D0,               0000009P    277
-147.9711821841333D0,214.5840216757234D0,-199.9999999999999D0,   0000009P    278
-149.6155781169637D0,217.4141178956871D0,-199.9999999999999D0,   0000009P    279
-151.2278403375573D0,220.1568379108302D0,-199.9999999999999D0,   0000009P    280
-152.8502874240062D0,222.9479435860633D0,-200.0D0,               0000009P    281
-154.4679762025053D0,225.7300940829243D0,-200.0D0,               0000009P    282
-156.0698477236749D0,228.4726185134464D0,-199.9999999999999D0,   0000009P    283
-157.6928411741812D0,231.3132038964915D0,-199.9999999999999D0,   0000009P    284
-159.2780071530788D0,234.0512797300618D0,-199.9999999999999D0,   0000009P    285
-160.8731219853947D0,236.855525507708D0,-199.9999999999999D0,    0000009P    286
-162.4523010066194D0,239.6267987083953D0,-199.9999999999999D0,   0000009P    287
-164.0468865865836D0,242.474884157065D0,-199.9999999999999D0,    0000009P    288
-165.6079924588707D0,245.2147271939126D0,-200.0D0,               0000009P    289
-167.1791484901348D0,248.0085851323769D0,-199.9999999999999D0,   0000009P    290
-168.7510485175104D0,250.8243431720676D0,-200.0D0,               0000009P    291
-170.3051601729407D0,253.5936173743127D0,-199.9999999999999D0,   0000009P    292
-171.8611880597254D0,256.3910290002859D0,-200.0D0,               0000009P    293
-173.409665201246D0,259.180120885121D0,-200.0D0,                 0000009P    294
-174.4442233541058D0,261.0616764916655D0,-200.0D0,-174.96D0,     0000009P    295
262.0D0,-200.0D0,-0.0001474555350305016D0,200.152528241174D0,    0000009P    296
-200.0D0,-1.028115876981018D0,200.1460210744411D0,-200.0D0,      0000009P    297
-3.080497302732387D0,200.1349904981054D0,-200.0D0,               0000009P    298
-6.180629771439052D0,200.1246139550707D0,-200.0D0,               0000009P    299
-9.248938064103152D0,200.1209304985324D0,-199.9999999999999D0,   0000009P    300
-12.35868859265974D0,200.124359017942D0,-199.9999999999999D0,    0000009P    301
-15.43013616231016D0,200.1344936852183D0,-200.0D0,               0000009P    302
-18.53139487767573D0,200.1504633529997D0,-200.0D0,               0000009P    303
-21.60400621735504D0,200.1707604338477D0,-199.9999999999999D0,   0000009P    304
-24.68614246699891D0,200.1945178899517D0,-200.0D0,               0000009P    305
-27.81252412634575D0,200.2237165067948D0,-199.9999999999999D0,   0000009P    306
-30.87160551102553D0,200.2572833233248D0,-199.9999999999999D0,   0000009P    307
-33.95873033850684D0,200.2979799201817D0,-199.9999999999999D0,   0000009P    308
-37.07373623171492D0,200.3486686641352D0,-200.0D0,               0000009P    309
-40.11950138964899D0,200.408942639049D0,-199.9999999999999D0,    0000009P    310
-43.22681046421412D0,200.4877861994195D0,-200.0D0,               0000009P    311
-46.30103908241449D0,200.5846678752156D0,-199.9999999999999D0,   0000009P    312
-49.40648724718327D0,200.703162440749D0,-199.9999999999999D0,    0000009P    313
-52.46231429757272D0,200.8352647351292D0,-199.9999999999999D0,   0000009P    314
-55.54988599630168D0,200.9854835133145D0,-200.0D0,               0000009P    315
-58.62846352921535D0,201.1542027279298D0,-199.9999999999999D0,   0000009P    316
-61.71039205598451D0,201.3681561252362D0,-199.9999999999999D0,   0000009P    317
-64.76924635541327D0,201.6460816253764D0,-200.0D0,               0000009P    318
-67.80860939714D0,202.0085206201988D0,-200.0D0,                  0000009P    319
-70.81479938944003D0,202.48437276803D0,-200.0D0,                 0000009P    320
-73.77154022435705D0,203.116741834484D0,-200.0D0,                0000009P    321
-76.60250543481838D0,203.9240741664944D0,-199.9999999999999D0,   0000009P    322
-79.29323769187515D0,204.9334868721013D0,-199.9999999999999D0,   0000009P    323
-81.84477256834089D0,206.0460519220453D0,-199.9999999999999D0,   0000009P    324
-84.32040176394607D0,207.2569191330016D0,-200.0D0,               0000009P    325
-86.71754524741564D0,208.4687119840477D0,-199.9999999999999D0,   0000009P    326
-89.08690615270929D0,209.7235155462641D0,-200.0D0,               0000009P    327
-91.41210857889581D0,210.9894369520396D0,-200.0D0,               0000009P    328
-93.71678851820242D0,212.2947139162549D0,-199.9999999999999D0,   0000009P    329
-95.97772859259948D0,213.5769549244217D0,-199.9999999999999D0,   0000009P    330
-98.22965904392015D0,214.9037864417418D0,-200.0D0,               0000009P    331
-100.4484142286797D0,216.2203547124522D0,-200.0D0,               0000009P    332
-102.6481214841049D0,217.5537973235278D0,-200.0D0,               0000009P    333
-104.836493485176D0,218.9192227328182D0,-200.0D0,                0000009P    334
-106.9894450532834D0,220.2421159196726D0,-199.9999999999999D0,   0000009P    335
-109.1404012948919D0,221.5958445829296D0,-200.0D0,               0000009P    336
-111.2876497472517D0,222.9658856876732D0,-200.0D0,               0000009P    337
-113.4155734969225D0,224.3105001160691D0,-200.0D0,               0000009P    338
-115.5480124719583D0,225.6982228889476D0,-200.0D0,               0000009P    339
-117.6596867390715D0,227.0612077872343D0,-200.0D0,               0000009P    340
-119.7545999098211D0,228.4054725620571D0,-200.0D0,               0000009P    341
-121.8603559439623D0,229.8048350624165D0,-199.9999999999999D0,   0000009P    342
-123.943990977774D0,231.1517412737879D0,-199.9999999999999D0,    0000009P    343
-126.0407973390882D0,232.5437258742102D0,-200.0D0,               0000009P    344
-128.1239616745539D0,233.9036462930657D0,-200.0D0,               0000009P    345
-130.209580300908D0,235.2876469114518D0,-200.0D0,                0000009P    346
-132.2902669656501D0,236.680410275002D0,-200.0D0,                0000009P    347
-134.3593756903819D0,238.0640198105392D0,-199.9999999999999D0,   0000009P    348
-136.4129852212581D0,239.4198933433139D0,-199.9999999999999D0,   0000009P    349
-138.4798087243786D0,240.841746908084D0,-200.0D0,                0000009P    350
-140.5196755991089D0,242.1920108378618D0,-200.0D0,               0000009P    351
-142.5739862415804D0,243.6070589478437D0,-200.0D0,               0000009P    352
-144.6122300279336D0,244.9784189554151D0,-200.0D0,               0000009P    353
-146.6555662472144D0,246.3739717930317D0,-199.9999999999999D0,   0000009P    354
-148.6965233125203D0,247.7650470414623D0,-200.0D0,               0000009P    355
-150.7295717491614D0,249.1363092567232D0,-200.0D0,               0000009P    356
-152.7731811504709D0,250.5566019482458D0,-200.0D0,               0000009P    357
-154.7978768159759D0,251.9256398650309D0,-200.0D0,               0000009P    358
-156.8275469081902D0,253.3277627538541D0,-200.0D0,               0000009P    359
-158.849249094859D0,254.7133993541977D0,-200.0D0,                0000009P    360
-160.8786545608974D0,256.1374420785326D0,-200.0D0,               0000009P    361
-162.8913201730973D0,257.5073635969563D0,-199.9999999999999D0,   0000009P    362
-164.9090108647856D0,258.9042925661885D0,-200.0D0,               0000009P    363
-166.9270735545299D0,260.3121715860338D0,-199.9999999999999D0,   0000009P    364
-168.9362420583014D0,261.6968086871563D0,-200.0D0,               0000009P    365
-170.9463686777501D0,263.0955145001429D0,-199.9999999999999D0,   0000009P    366
-172.9527199245667D0,264.4900604425604D0,-199.9999999999999D0,   0000009P    367
-174.2914074517007D0,265.4308382458327D0,-200.0D0,-174.96D0,     0000009P    368
265.8999999999999D0,-200.0D0,-4.91518450101672D-05,              0000009P    369
246.5841760803913D0,-200.0D0,-0.8903109261298227D0,              0000009P    370
246.5820070248137D0,-200.0D0,-2.669649335652579D0,               0000009P    371
246.5783301660351D0,-200.0D0,-5.345843726629918D0,               0000009P    372
246.5748713183569D0,-200.0D0,-8.011430058926401D0,               0000009P    373
246.5736434995108D0,-199.9999999999999D0,-10.69083046985372D0,   0000009P    374
246.574786339314D0,-199.9999999999999D0,-13.35746322781231D0,    0000009P    375
246.5781645617394D0,-200.0D0,-16.03403303434261D0,               0000009P    376
246.5834877843332D0,-200.0D0,-18.70105371564417D0,               0000009P    377
246.5902534779492D0,-199.9999999999999D0,-21.37124936693391D0,   0000009P    378
246.5981726299839D0,-200.0D0,-24.05619348812464D0,               0000009P    379
246.6079055022649D0,-199.9999999999999D0,-26.71870418442635D0,   0000009P    380
246.6190944411083D0,-199.9999999999999D0,-29.39056269499523D0,   0000009P    381
246.6326599733939D0,-199.9999999999999D0,-32.07171489413972D0,   0000009P    382
246.6495562213784D0,-200.0D0,-34.72978684819285D0,               0000009P    383
246.6696475463497D0,-199.9999999999999D0,-37.40837344112301D0,   0000009P    384
246.6959287331399D0,-200.0D0,-40.07593321526493D0,               0000009P    385
246.7282226250719D0,-199.9999999999999D0,-42.75389950492964D0,   0000009P    386
246.767720813583D0,-199.9999999999999D0,-45.41532542313456D0,    0000009P    387
246.8117549117098D0,-199.9999999999999D0,-48.087332890786D0,     0000009P    388
246.8618278377715D0,-200.0D0,-50.7563423031657D0,                0000009P    389
246.9180675759766D0,-199.9999999999999D0,-53.42646871349718D0,   0000009P    390
246.9893853750787D0,-199.9999999999999D0,-56.08890371471523D0,   0000009P    391
247.0820272084588D0,-200.0D0,-58.7448416300326D0,                0000009P    392
247.2028402067329D0,-200.0D0,-61.38972186220772D0,               0000009P    393
247.3614575893433D0,-200.0D0,-64.01811904192184D0,               0000009P    394
247.5722472781613D0,-200.0D0,-66.60459101348408D0,               0000009P    395
247.8413580554981D0,-199.9999999999999D0,-69.14431866724476D0,   0000009P    396
248.1778289573671D0,-199.9999999999999D0,-71.63764719414182D0,   0000009P    397
248.5486839740151D0,-199.9999999999999D0,-74.10567382741864D0,   0000009P    398
248.9523063776672D0,-200.0D0,-76.5475385566503D0,                0000009P    399
249.3562373280159D0,-199.9999999999999D0,-78.98014242648996D0,   0000009P    400
249.774505182088D0,-200.0D0,-81.39802680329392D0,                0000009P    401
250.1964789840132D0,-200.0D0,-83.80907035113789D0,               0000009P    402
250.6315713054183D0,-199.9999999999999D0,-86.20553394401203D0,   0000009P    403
251.0589849748072D0,-199.9999999999999D0,-88.59899432919406D0,   0000009P    404
251.5012621472473D0,-200.0D0,-90.98139629218903D0,               0000009P    405
251.9401182374841D0,-200.0D0,-93.35744894540588D0,               0000009P    406
252.3845991078426D0,-200.0D0,-95.72972318050472D0,               0000009P    407
252.8397409109394D0,-200.0D0,-98.0901906046156D0,                0000009P    408
253.2807053065575D0,-199.9999999999999D0,-100.4499929198936D0,   0000009P    409
253.7319481943099D0,-200.0D0,-102.8085593054219D0,               0000009P    410
254.1886285625577D0,-200.0D0,-105.1606841233873D0,               0000009P    411
254.636833372023D0,-200.0D0,-107.5143140164744D0,                0000009P    412
255.0994076296492D0,-200.0D0,-109.8610223402539D0,               0000009P    413
255.5537359290781D0,-200.0D0,-112.2021436319122D0,               0000009P    414
256.0018241873523D0,-200.0D0,-114.5468792113677D0,               0000009P    415
256.4682783541388D0,-199.9999999999999D0,-116.8842411240467D0,   0000009P    416
256.9172470912627D0,-199.9999999999999D0,-119.2259934792266D0,   0000009P    417
257.3812419580701D0,-200.0D0,-121.563198492457D0,                0000009P    418
257.8345487643553D0,-200.0D0,-123.9012216026501D0,               0000009P    419
258.2958823038173D0,-200.0D0,-126.2376007256392D0,               0000009P    420
258.7601367583341D0,-200.0D0,-128.5701205352916D0,               0000009P    421
259.2213399368464D0,-199.9999999999999D0,-130.8974739469921D0,   0000009P    422
259.6732977811046D0,-199.9999999999999D0,-133.2292320161074D0,   0000009P    423
260.1472489693613D0,-200.0D0,-135.5520045424259D0,               0000009P    424
260.597336945954D0,-200.0D0,-137.8795916579916D0,                0000009P    425
261.0690196492812D0,-200.0D0,-140.2018231548511D0,               0000009P    426
261.526139651805D0,-200.0D0,-142.5257521293531D0,                0000009P    427
261.9913239310106D0,-199.9999999999999D0,-144.8488880525302D0,   0000009P    428
262.4550156804875D0,-200.0D0,-147.1693877661523D0,               0000009P    429
262.9121030855744D0,-200.0D0,-149.4934078013307D0,               0000009P    430
263.3855339827487D0,-200.0D0,-151.8111232579074D0,               0000009P    431
263.8418799550103D0,-200.0D0,-154.1304968567207D0,               0000009P    432
264.3092542512847D0,-200.0D0,-156.4472144870187D0,               0000009P    433
264.771133118066D0,-200.0D0,-158.7664998771067D0,                0000009P    434
265.2458140261775D0,-200.0D0,-161.0802053159151D0,               0000009P    435
265.7024545323188D0,-200.0D0,-163.3955857812196D0,               0000009P    436
266.1680975220629D0,-200.0D0,-165.7110902458762D0,               0000009P    437
266.637390528678D0,-199.9999999999999D0,-168.0236299818751D0,    0000009P    438
267.0989362290521D0,-200.0D0,-170.3364890897665D0,               0000009P    439
267.5651715000477D0,-200.0D0,-172.6480897401138D0,               0000009P    440
268.0300201475202D0,-200.0D0,-174.1895301834307D0,               0000009P    441
268.343612748611D0,-200.0D0,-174.96D0,268.5D0,-200.0D0,0.0D0,    0000009P    442
269.8D0,-200.0D0,-0.8214084507042253D0,269.8D0,-200.0D0,         0000009P    443
-2.464225352112676D0,269.8D0,-200.0D0,-4.928450704225352D0,      0000009P    444
269.8D0,-200.0D0,-7.392676056338027D0,269.8D0,-200.0D0,          0000009P    445
-9.856901408450703D0,269.8D0,-200.0D0,-12.32112676056338D0,      0000009P    446
269.8D0,-200.0D0,-14.78535211267606D0,269.8D0,-200.0D0,          0000009P    447
-17.24957746478873D0,269.8D0,-200.0D0,-19.71380281690141D0,      0000009P    448
269.8D0,-200.0D0,-22.17802816901408D0,269.8D0,-200.0D0,          0000009P    449
-24.64225352112676D0,269.8D0,-200.0D0,-27.10647887323944D0,      0000009P    450
269.8D0,-200.0D0,-29.57070422535211D0,269.8D0,-200.0D0,          0000009P    451
-32.03492957746479D0,269.8D0,-200.0D0,-34.49915492957747D0,      0000009P    452
269.8D0,-200.0D0,-36.96338028169014D0,269.8D0,-200.0D0,          0000009P    453
-39.42760563380282D0,269.8D0,-200.0D0,-41.8918309859155D0,       0000009P    454
269.8D0,-200.0D0,-44.35605633802818D0,269.8D0,-200.0D0,          0000009P    455
-46.82028169014085D0,269.8D0,-200.0D0,-49.28450704225353D0,      0000009P    456
269.8D0,-200.0D0,-51.74873239436621D0,269.8D0,-200.0D0,          0000009P    457
-54.21295774647889D0,269.8D0,-200.0D0,-56.67718309859156D0,      0000009P    458
269.8D0,-200.0D0,-59.14140845070424D0,269.8D0,-200.0D0,          0000009P    459
-61.60563380281692D0,269.8D0,-200.0D0,-64.06985915492959D0,      0000009P    460
269.8D0,-200.0D0,-66.53408450704227D0,269.8D0,-200.0D0,          0000009P    461
-68.99830985915494D0,269.8D0,-200.0D0,-71.46253521126762D0,      0000009P    462
269.8D0,-200.0D0,-73.9267605633803D0,269.8D0,-200.0D0,           0000009P    463
-76.39098591549298D0,269.8D0,-200.0D0,-78.85521126760565D0,      0000009P    464
269.8D0,-200.0D0,-81.31943661971833D0,269.8D0,-200.0D0,          0000009P    465
-83.78366197183101D0,269.8D0,-200.0D0,-86.24788732394369D0,      0000009P    466
269.8D0,-200.0D0,-88.71211267605636D0,269.8D0,-200.0D0,          0000009P    467
-91.17633802816904D0,269.8D0,-200.0D0,-93.64056338028172D0,      0000009P    468
269.8D0,-200.0D0,-96.1047887323944D0,269.8D0,-200.0D0,           0000009P    469
-98.56901408450707D0,269.8D0,-200.0D0,-101.0332394366198D0,      0000009P    470
269.8D0,-200.0D0,-103.4974647887324D0,269.8D0,-200.0D0,          0000009P    471
-105.9616901408451D0,269.8D0,-200.0D0,-108.4259154929578D0,      0000009P    472
269.8D0,-200.0D0,-110.8901408450705D0,269.8D0,-200.0D0,          0000009P    473
-113.3543661971831D0,269.8D0,-200.0D0,-115.8185915492958D0,      0000009P    474
269.8D0,-200.0D0,-118.2828169014085D0,269.8D0,-200.0D0,          0000009P    475
-120.7470422535212D0,269.8D0,-200.0D0,-123.2112676056338D0,      0000009P    476
269.8D0,-200.0D0,-125.6754929577465D0,269.8D0,-200.0D0,          0000009P    477
-128.1397183098592D0,269.8D0,-200.0D0,-130.6039436619718D0,      0000009P    478
269.8D0,-200.0D0,-133.0681690140845D0,269.8D0,-200.0D0,          0000009P    479
-135.5323943661972D0,269.8D0,-200.0D0,-137.9966197183099D0,      0000009P    480
269.8D0,-200.0D0,-140.4608450704225D0,269.8D0,-200.0D0,          0000009P    481
-142.9250704225352D0,269.8D0,-200.0D0,-145.3892957746479D0,      0000009P    482
269.8D0,-200.0D0,-147.8535211267606D0,269.8D0,-200.0D0,          0000009P    483
-150.3177464788732D0,269.8D0,-200.0D0,-152.7819718309859D0,      0000009P    484
269.8D0,-200.0D0,-155.2461971830986D0,269.8D0,-200.0D0,          0000009P    485
-157.7104225352113D0,269.8D0,-200.0D0,-160.174647887324D0,       0000009P    486
269.8D0,-200.0D0,-162.6388732394366D0,269.8D0,                   0000009P    487
-199.9999999999999D0,-165.1030985915493D0,269.8D0,               0000009P    488
-199.9999999999999D0,-167.567323943662D0,269.8D0,                0000009P    489
-199.9999999999999D0,-170.0315492957747D0,269.8D0,-200.0D0,      0000009P    490
-172.4957746478873D0,269.8D0,-200.0D0,-174.1385915492958D0,      0000009P    491
269.8D0,-200.0D0,-174.96D0,269.8D0,0.0D0,341.8472035295254D0,    0000009P    492
0.0D0,208.91D0;                                                  0000009P    493
128,89,73,3,3,0,0,1,0,0,0.0D0,0.0D0,0.0D0,0.0D0,                 0000011P    494
50.41742196434996D0,100.8348439286999D0,134.4686763542835D0,     0000011P    495
168.1025087798672D0,201.7363412054508D0,252.2265236524412D0,     0000011P    496
302.7167060994316D0,353.2024820806668D0,403.688258061902D0,      0000011P    497
454.109669722321D0,504.5310813827401D0,538.073571514719D0,       0000011P    498
571.6160616466979D0,605.1585517786767D0,638.6205786097818D0,     0000011P    499
672.0826054408869D0,705.544632271992D0,738.9374213578102D0,      0000011P    500
772.3302104436284D0,805.7229995294466D0,855.7438822103375D0,     0000011P    501
905.7647648912282D0,955.7774162900803D0,1005.790067688932D0,     0000011P    502
1055.852620324273D0,1105.915172959613D0,1156.063543677986D0,     0000011P    503
1206.211914396358D0,1256.462583658549D0,1306.713252920739D0,     0000011P    504
1357.069683930914D0,1407.42611494109D0,1457.891134560078D0,      0000011P    505
1508.356154179066D0,1558.93008833429D0,1609.504022489515D0,      0000011P    506
1660.181379460755D0,1710.858736431995D0,1761.632047339042D0,     0000011P    507
1812.40535824609D0,1863.270111073455D0,1914.134863900819D0,      0000011P    508
1965.099665824474D0,2016.064467748129D0,2021.440940629614D0,     0000011P    509
2026.817413511098D0,2032.193886392583D0,2037.570359274067D0,     0000011P    510
2042.946832155552D0,2048.323305037037D0,2053.699777918521D0,     0000011P    511
2059.076250800006D0,2064.45272368149D0,2069.829196562975D0,      0000011P    512
2075.20566944446D0,2080.582142325944D0,2085.958615207429D0,      0000011P    513
2091.335088088913D0,2096.711560970398D0,2102.088033851882D0,     0000011P    514
2107.464506733367D0,2112.840979614852D0,2118.217452496336D0,     0000011P    515
2126.129710963772D0,2134.041969431207D0,2141.954227898643D0,     0000011P    516
2149.866486366078D0,2157.778744833514D0,2165.691003300949D0,     0000011P    517
2173.603261768385D0,2181.51552023582D0,2189.427778703256D0,      0000011P    518
2197.340037170691D0,2205.252295638127D0,2213.164554105562D0,     0000011P    519
2221.076812572998D0,2227.243380018568D0,2233.409947464138D0,     0000011P    520
2239.576514909709D0,2245.74308235528D0,2251.90964980085D0,       0000011P    521
2258.07621724642D0,2264.24278469199D0,2270.409352137561D0,       0000011P    522
2276.575919583132D0,2282.742487028702D0,2288.909054474272D0,     0000011P    523
2288.909054474272D0,2288.909054474272D0,2288.909054474272D0,     0000011P    524
0.0D0,0.0D0,0.0D0,0.0D0,4.814749345486273D0,9.629498690972547D0, 0000011P    525
14.44424803645882D0,19.25899738194509D0,24.07374672743137D0,     0000011P    526
28.88849607291764D0,33.70324541840392D0,38.51799476389019D0,     0000011P    527
43.33274410937646D0,48.14749345486273D0,52.96224280034901D0,     0000011P    528
57.77699214583528D0,62.59174149132156D0,67.40649083680783D0,     0000011P    529
72.22124018229411D0,77.03598952778037D0,81.85073887326665D0,     0000011P    530
86.66548821875293D0,91.4802375642392D0,96.29498690972547D0,      0000011P    531
101.1097362552117D0,105.924485600698D0,110.7392349461843D0,      0000011P    532
115.5539842916706D0,120.3687336371568D0,125.1834829826431D0,     0000011P    533
129.9982323281294D0,134.8129816736157D0,139.6277310191019D0,     0000011P    534
144.4424803645882D0,149.2572297100745D0,154.0719790555608D0,     0000011P    535
158.886728401047D0,163.7014777465333D0,168.5162270920196D0,      0000011P    536
173.3309764375059D0,178.1457257829921D0,182.9604751284784D0,     0000011P    537
187.7752244739647D0,192.5899738194509D0,197.4047231649372D0,     0000011P    538
202.2194725104235D0,207.0342218559098D0,211.848971201396D0,      0000011P    539
216.6637205468823D0,221.4784698923686D0,226.2932192378549D0,     0000011P    540
231.1079685833411D0,235.9227179288274D0,240.7374672743137D0,     0000011P    541
245.5522166198D0,250.3669659652862D0,255.1817153107725D0,        0000011P    542
259.9964646562588D0,264.811214001745D0,269.6259633472313D0,      0000011P    543
274.4407126927176D0,279.2554620382039D0,284.0702113836902D0,     0000011P    544
288.8849607291764D0,293.6997100746627D0,298.514459420149D0,      0000011P    545
303.3292087656353D0,308.1439581111215D0,312.9587074566078D0,     0000011P    546
317.7734568020941D0,322.5882061475803D0,327.4029554930666D0,     0000011P    547
332.2177048385529D0,337.0324541840391D0,341.8472035295254D0,     0000011P    548
341.8472035295254D0,341.8472035295254D0,341.8472035295254D0,     0000011P    549
1.0D0,1.0D0,1.0D0,1.0D0,1.0D0,1.0D0,1.0D0,1.0D0,1.0D0,1.0D0,     0000011P    550
1.0D0,1.0D0,1.0D0,1.0D0,1.0D0,1.0D0,1.0D0,1.0D0,1.0D0,1.0D0,     0000011P    551
1.0D0,1.0D0,1.0D0,1.0D0,1.0D0,1.0D0,1.0D0,1.0D0,1.0D0,1.0D0,     0000011P    552
1.0D0,1.0D0,1.0D0,1.0D0,1.0D0,1.0D0,1.0D0,1.0D0,1.0D0,1.0D0,     0000011P    553
1.0D0,1.0D0,1.0D0,1.0D0,1.0D0,1.0D0,1.0D0,1.0D0,1.0D0,1.0D0,     0000011P    554
1.0D0,1.0D0,1.0D0,1.0D0,1.0D0,1.0D0,1.0D0,1.0D0,1.0D0,1.0D0,     0000011P    555
1.0D0,1.0D0,1.0D0,1.0D0,1.0D0,1.0D0,1.0D0,1.0D0,1.0D0,1.0D0,     0000011P    556
1.0D0,1.0D0,1.0D0,1.0D0,1.0D0,1.0D0,1.0D0,1.0D0,1.0D0,1.0D0,     0000011P    557
1.0D0,1.0D0,1.0D0,1.0D0,1.0D0,1.0D0,1.0D0,1.0D0,1.0D0,1.0D0,     0000011P    558
1.0D0,1.0D0,1.0D0,1.0D0,1.0D0,1.0D0,1.0D0,1.0D0,1.0D0,1.0D0,     0000011P    559
1.0D0,1.0D0,1.0D0,1.0D0,1.0D0,1.0D0,1.0D0,1.0D0,1.0D0,1.0D0,     0000011P    560
1.0D0,1.0D0,1.0D0,1.0D0,1.0D0,1.0D0,1.0D0,1.0D0,1.0D0,1.0D0,     0000011P    561
1.0D0,1.0D0,1.0D0,1.0D0,1.0D0,1.0D0,1.0D0,1.0D0,1.0D0,1.0D0,     0000011P    562
1.0D0,1.0D0,1.0D0,1.0D0,1.0D0,1.0D0,1.0D0,1.0D0,1.0D0,1.0D0,     0000011P    563
1.0D0,1.0D0,1.0D0,1.0D0,1.0D0,1.0D0,1.0D0,1.0D0,1.0D0,1.0D0,     0000011P    564
1.0D0,1.0D0,1.0D0,1.0D0,1.0D0,1.0D0,1.0D0,1.0D0,1.0D0,1.0D0,     0000011P    565
1.0D0,1.0D0,1.0D0,1.0D0,1.0D0,1.0D0,1.0D0,1.0D0,1.0D0,1.0D0,     0000011P    566
1.0D0,1.0D0,1.0D0,1.0D0,1.0D0,1.0D0,1.0D0,1.0D0,1.0D0,1.0D0,     0000011P    567
1.0D0,1.0D0,1.0D0,1.0D0,1.0D0,1.0D0,1.0D0,1.0D0,1.0D0,1.0D0,     0000011P    568
1.0D0,1.0D0,1.0D0,1.0D0,1.0D0,1.0D0,1.0D0,1.0D0,1.0D0,1.0D0,     0000011P    569
1.0D0,1.0D0,1.0D0,1.0D0,1.0D0,1.0D0,1.0D0,1.0D0,1.0D0,1.0D0,     0000011P    570
1.0D0,1.0D0,1.0D0,1.0D0,1.0D0,1.0D0,1.0D0,1.0D0,1.0D0,1.0D0,     0000011P    571
1.0D0,1.0D0,1.0D0,1.0D0,1.0D0,1.0D0,1.0D0,1.0D0,1.0D0,1.0D0,     0000011P    572
1.0D0,1.0D0,1.0D0,1.0D0,1.0D0,1.0D0,1.0D0,1.0D0,1.0D0,1.0D0,     0000011P    573
1.0D0,1.0D0,1.0D0,1.0D0,1.0D0,1.0D0,1.0D0,1.0D0,1.0D0,1.0D0,     0000011P    574
1.0D0,1.0D0,1.0D0,1.0D0,1.0D0,1.0D0,1.0D0,1.0D0,1.0D0,1.0D0,     0000011P    575
1.0D0,1.0D0,1.0D0,1.0D0,1.0D0,1.0D0,1.0D0,1.0D0,1.0D0,1.0D0,     0000011P    576
1.0D0,1.0D0,1.0D0,1.0D0,1.0D0,1.0D0,1.0D0,1.0D0,1.0D0,1.0D0,     0000011P    577
1.0D0,1.0D0,1.0D0,1.0D0,1.0D0,1.0D0,1.0D0,1.0D0,1.0D0,1.0D0,     0000011P    578
1.0D0,1.0D0,1.0D0,1.0D0,1.0D0,1.0D0,1.0D0,1.0D0,1.0D0,1.0D0,     0000011P    579
1.0D0,1.0D0,1.0D0,1.0D0,1.0D0,1.0D0,1.0D0,1.0D0,1.0D0,1.0D0,     0000011P    580
1.0D0,1.0D0,1.0D0,1.0D0,1.0D0,1.0D0,1.0D0,1.0D0,1.0D0,1.0D0,     0000011P    581
1.0D0,1.0D0,1.0D0,1.0D0,1.0D0,1.0D0,1.0D0,1.0D0,1.0D0,1.0D0,     0000011P    582
1.0D0,1.0D0,1.0D0,1.0D0,1.0D0,1.0D0,1.0D0,1.0D0,1.0D0,1.0D0,     0000011P    583
1.0D0,1.0D0,1.0D0,1.0D0,1.0D0,1.0D0,1.0D0,1.0D0,1.0D0,1.0D0,     0000011P    584
1.0D0,1.0D0,1.0D0,1.0D0,1.0D0,1.0D0,1.0D0,1.0D0,1.0D0,1.0D0,     0000011P    585
1.0D0,1.0D0,1.0D0,1.0D0,1.0D0,1.0D0,1.0D0,1.0D0,1.0D0,1.0D0,     0000011P    586
1.0D0,1.0D0,1.0D0,1.0D0,1.0D0,1.0D0,1.0D0,1.0D0,1.0D0,1.0D0,     0000011P    587
1.0D0,1.0D0,1.0D0,1.0D0,1.0D0,1.0D0,1.0D0,1.0D0,1.0D0,1.0D0,     0000011P    588
1.0D0,1.0D0,1.0D0,1.0D0,1.0D0,1.0D0,1.0D0,1.0D0,1.0D0,1.0D0,     0000011P    589
1.0D0,1.0D0,1.0D0,1.0D0,1.0D0,1.0D0,1.0D0,1.0D0,1.0D0,1.0D0,     0000011P    590
1.0D0,1.0D0,1.0D0,1.0D0,1.0D0,1.0D0,1.0D0,1.0D0,1.0D0,1.0D0,     0000011P    591
1.0D0,1.0D0,1.0D0,1.0D0,1.0D0,1.0D0,1.0D0,1.0D0,1.0D0,1.0D0,     0000011P    592
1.0D0,1.0D0,1.0D0,1.0D0,1.0D0,1.0D0,1.0D0,1.0D0,1.0D0,1.0D0,     0000011P    593
1.0D0,1.0D0,1.0D0,1.0D0,1.0D0,1.0D0,1.0D0,1.0D0,1.0D0,1.0D0,     0000011P    594
1.0D0,1.0D0,1.0D0,1.0D0,1.0D0,1.0D0,1.0D0,1.0D0,1.0D0,1.0D0,     0000011P    595
1.0D0,1.0D0,1.0D0,1.0D0,1.0D0,1.0D0,1.0D0,1.0D0,1.0D0,1.0D0,     0000011P    596
1.0D0,1.0D0,1.0D0,1.0D0,1.0D0,1.0D0,1.0D0,1.0D0,1.0D0,1.0D0,     0000011P    597
1.0D0,1.0D0,1.0D0,1.0D0,1.0D0,1.0D0,1.0D0,1.0D0,1.0D0,1.0D0,     0000011P    598
1.0D0,1.0D0,1.0D0,1.0D0,1.0D0,1.0D0,1.0D0,1.0D0,1.0D0,1.0D0,     0000011P    599
1.0D0,1.0D0,1.0D0,1.0D0,1.0D0,1.0D0,1.0D0,1.0D0,1.0D0,1.0D0,     0000011P    600
1.0D0,1.0D0,1.0D0,1.0D0,1.0D0,1.0D0,1.0D0,1.0D0,1.0D0,1.0D0,     0000011P    601
1.0D0,1.0D0,1.0D0,1.0D0,1.0D0,1.0D0,1.0D0,1.0D0,1.0D0,1.0D0,     0000011P    602
1.0D0,1.0D0,1.0D0,1.0D0,1.0D0,1.0D0,1.0D0,1.0D0,1.0D0,1.0D0,     0000011P    603
1.0D0,1.0D0,1.0D0,1.0D0,1.0D0,1.0D0,1.0D0,1.0D0,1.0D0,1.0D0,     0000011P    604
1.0D0,1.0D0,1.0D0,1.0D0,1.0D0,1.0D0,1.0D0,1.0D0,1.0D0,1.0D0,     0000011P    605
1.0D0,1.0D0,1.0D0,1.0D0,1.0D0,1.0D0,1.0D0,1.0D0,1.0D0,1.0D0,     0000011P    606
1.0D0,1.0D0,1.0D0,1.0D0,1.0D0,1.0D0,1.0D0,1.0D0,1.0D0,1.0D0,     0000011P    607
1.0D0,1.0D0,1.0D0,1.0D0,1.0D0,1.0D0,1.0D0,1.0D0,1.0D0,1.0D0,     0000011P    608
1.0D0,1.0D0,1.0D0,1.0D0,1.0D0,1.0D0,1.0D0,1.0D0,1.0D0,1.0D0,     0000011P    609
1.0D0,1.0D0,1.0D0,1.0D0,1.0D0,1.0D0,1.0D0,1.0D0,1.0D0,1.0D0,     0000011P    610
1.0D0,1.0D0,1.0D0,1.0D0,1.0D0,1.0D0,1.0D0,1.0D0,1.0D0,1.0D0,     0000011P    611
1.0D0,1.0D0,1.0D0,1.0D0,1.0D0,1.0D0,1.0D0,1.0D0,1.0D0,1.0D0,     0000011P    612
1.0D0,1.0D0,1.0D0,1.0D0,1.0D0,1.0D0,1.0D0,1.0D0,1.0D0,1.0D0,     0000011P    613
1.0D0,1.0D0,1.0D0,1.0D0,1.0D0,1.0D0,1.0D0,1.0D0,1.0D0,1.0D0,     0000011P    614
1.0D0,1.0D0,1.0D0,1.0D0,1.0D0,1.0D0,1.0D0,1.0D0,1.0D0,1.0D0,     0000011P    615
1.0D0,1.0D0,1.0D0,1.0D0,1.0D0,1.0D0,1.0D0,1.0D0,1.0D0,1.0D0,     0000011P    616
1.0D0,1.0D0,1.0D0,1.0D0,1.0D0,1.0D0,1.0D0,1.0D0,1.0D0,1.0D0,     0000011P    617
1.0D0,1.0D0,1.0D0,1.0D0,1.0D0,1.0D0,1.0D0,1.0D0,1.0D0,1.0D0,     0000011P    618
1.0D0,1.0D0,1.0D0,1.0D0,1.0D0,1.0D0,1.0D0,1.0D0,1.0D0,1.0D0,     0000011P    619
1.0D0,1.0D0,1.0D0,1.0D0,1.0D0,1.0D0,1.0D0,1.0D0,1.0D0,1.0D0,     0000011P    620
1.0D0,1.0D0,1.0D0,1.0D0,1.0D0,1.0D0,1.0D0,1.0D0,1.0D0,1.0D0,     0000011P    621
1.0D0,1.0D0,1.0D0,1.0D0,1.0D0,1.0D0,1.0D0,1.0D0,1.0D0,1.0D0,     0000011P    622
1.0D0,1.0D0,1.0D0,1.0D0,1.0D0,1.0D0,1.0D0,1.0D0,1.0D0,1.0D0,     0000011P    623
1.0D0,1.0D0,1.0D0,1.0D0,1.0D0,1.0D0,1.0D0,1.0D0,1.0D0,1.0D0,     0000011P    624
1.0D0,1.0D0,1.0D0,1.0D0,1.0D0,1.0D0,1.0D0,1.0D0,1.0D0,1.0D0,     0000011P    625
1.0D0,1.0D0,1.0D0,1.0D0,1.0D0,1.0D0,1.0D0,1.0D0,1.0D0,1.0D0,     0000011P    626
1.0D0,1.0D0,1.0D0,1.0D0,1.0D0,1.0D0,1.0D0,1.0D0,1.0D0,1.0D0,     0000011P    627
1.0D0,1.0D0,1.0D0,1.0D0,1.0D0,1.0D0,1.0D0,1.0D0,1.0D0,1.0D0,     0000011P    628
1.0D0,1.0D0,1.0D0,1.0D0,1.0D0,1.0D0,1.0D0,1.0D0,1.0D0,1.0D0,     0000011P    629
1.0D0,1.0D0,1.0D0,1.0D0,1.0D0,1.0D0,1.0D0,1.0D0,1.0D0,1.0D0,     0000011P    630
1.0D0,1.0D0,1.0D0,1.0D0,1.0D0,1.0D0,1.0D0,1.0D0,1.0D0,1.0D0,     0000011P    631
1.0D0,1.0D0,1.0D0,1.0D0,1.0D0,1.0D0,1.0D0,1.0D0,1.0D0,1.0D0,     0000011P    632
1.0D0,1.0D0,1.0D0,1.0D0,1.0D0,1.0D0,1.0D0,1.0D0,1.0D0,1.0D0,     0000011P    633
1.0D0,1.0D0,1.0D0,1.0D0,1.0D0,1.0D0,1.0D0,1.0D0,1.0D0,1.0D0,     0000011P    634
1.0D0,1.0D0,1.0D0,1.0D0,1.0D0,1.0D0,1.0D0,1.0D0,1.0D0,1.0D0,     0000011P    635
1.0D0,1.0D0,1.0D0,1.0D0,1.0D0,1.0D0,1.0D0,1.0D0,1.0D0,1.0D0,     0000011P    636
1.0D0,1.0D0,1.0D0,1.0D0,1.0D0,1.0D0,1.0D0,1.0D0,1.0D0,1.0D0,     0000011P    637
1.0D0,1.0D0,1.0D0,1.0D0,1.0D0,1.0D0,1.0D0,1.0D0,1.0D0,1.0D0,     0000011P    638
1.0D0,1.0D0,1.0D0,1.0D0,1.0D0,1.0D0,1.0D0,1.0D0,1.0D0,1.0D0,     0000011P    639
1.0D0,1.0D0,1.0D0,1.0D0,1.0D0,1.0D0,1.0D0,1.0D0,1.0D0,1.0D0,     0000011P    640
1.0D0,1.0D0,1.0D0,1.0D0,1.0D0,1.0D0,1.0D0,1.0D0,1.0D0,1.0D0,     0000011P    641
1.0D0,1.0D0,1.0D0,1.0D0,1.0D0,1.0D0,1.0D0,1.0D0,1.0D0,1.0D0,     0000011P    642
1.0D0,1.0D0,1.0D0,1.0D0,1.0D0,1.0D0,1.0D0,1.0D0,1.0D0,1.0D0,     0000011P    643
1.0D0,1.0D0,1.0D0,1.0D0,1.0D0,1.0D0,1.0D0,1.0D0,1.0D0,1.0D0,     0000011P    644
1.0D0,1.0D0,1.0D0,1.0D0,1.0D0,1.0D0,1.0D0,1.0D0,1.0D0,1.0D0,     0000011P    645
1.0D0,1.0D0,1.0D0,1.0D0,1.0D0,1.0D0,1.0D0,1.0D0,1.0D0,1.0D0,     0000011P    646
1.0D0,1.0D0,1.0D0,1.0D0,1.0D0,1.0D0,1.0D0,1.0D0,1.0D0,1.0D0,     0000011P    647
1.0D0,1.0D0,1.0D0,1.0D0,1.0D0,1.0D0,1.0D0,1.0D0,1.0D0,1.0D0,     0000011P    648
1.0D0,1.0D0,1.0D0,1.0D0,1.0D0,1.0D0,1.0D0,1.0D0,1.0D0,1.0D0,     0000011P    649
1.0D0,1.0D0,1.0D0,1.0D0,1.0D0,1.0D0,1.0D0,1.0D0,1.0D0,1.0D0,     0000011P    650
1.0D0,1.0D0,1.0D0,1.0D0,1.0D0,1.0D0,1.0D0,1.0D0,1.0D0,1.0D0,     0000011P    651
1.0D0,1.0D0,1.0D0,1.0D0,1.0D0,1.0D0,1.0D0,1.0D0,1.0D0,1.0D0,     0000011P    652
1.0D0,1.0D0,1.0D0,1.0D0,1.0D0,1.0D0,1.0D0,1.0D0,1.0D0,1.0D0,     0000011P    653
1.0D0,1.0D0,1.0D0,1.0D0,1.0D0,1.0D0,1.0D0,1.0D0,1.0D0,1.0D0,     0000011P    654
1.0D0,1.0D0,1.0D0,1.0D0,1.0D0,1.0D0,1.0D0,1.0D0,1.0D0,1.0D0,     0000011P    655
1.0D0,1.0D0,1.0D0,1.0D0,1.0D0,1.0D0,1.0D0,1.0D0,1.0D0,1.0D0,     0000011P    656
1.0D0,1.0D0,1.0D0,1.0D0,1.0D0,1.0D0,1.0D0,1.0D0,1.0D0,1.0D0,     0000011P    657
1.0D0,1.0D0,1.0D0,1.0D0,1.0D0,1.0D0,1.0D0,1.0D0,1.0D0,1.0D0,     0000011P    658
1.0D0,1.0D0,1.0D0,1.0D0,1.0D0,1.0D0,1.0D0,1.0D0,1.0D0,1.0D0,     0000011P    659
1.0D0,1.0D0,1.0D0,1.0D0,1.0D0,1.0D0,1.0D0,1.0D0,1.0D0,1.0D0,     0000011P    660
1.0D0,1.0D0,1.0D0,1.0D0,1.0D0,1.0D0,1.0D0,1.0D0,1.0D0,1.0D0,     0000011P    661
1.0D0,1.0D0,1.0D0,1.0D0,1.0D0,1.0D0,1.0D0,1.0D0,1.0D0,1.0D0,     0000011P    662
1.0D0,1.0D0,1.0D0,1.0D0,1.0D0,1.0D0,1.0D0,1.0D0,1.0D0,1.0D0,     0000011P    663
1.0D0,1.0D0,1.0D0,1.0D0,1.0D0,1.0D0,1.0D0,1.0D0,1.0D0,1.0D0,     0000011P    664
1.0D0,1.0D0,1.0D0,1.0D0,1.0D0,1.0D0,1.0D0,1.0D0,1.0D0,1.0D0,     0000011P    665
1.0D0,1.0D0,1.0D0,1.0D0,1.0D0,1.0D0,1.0D0,1.0D0,1.0D0,1.0D0,     0000011P    666
1.0D0,1.0D0,1.0D0,1.0D0,1.0D0,1.0D0,1.0D0,1.0D0,1.0D0,1.0D0,     0000011P    667
1.0D0,1.0D0,1.0D0,1.0D0,1.0D0,1.0D0,1.0D0,1.0D0,1.0D0,1.0D0,     0000011P    668
1.0D0,1.0D0,1.0D0,1.0D0,1.0D0,1.0D0,1.0D0,1.0D0,1.0D0,1.0D0,     0000011P    669
1.0D0,1.0D0,1.0D0,1.0D0,1.0D0,1.0D0,1.0D0,1.0D0,1.0D0,1.0D0,     0000011P    670
1.0D0,1.0D0,1.0D0,1.0D0,1.0D0,1.0D0,1.0D0,1.0D0,1.0D0,1.0D0,     0000011P    671
1.0D0,1.0D0,1.0D0,1.0D0,1.0D0,1.0D0,1.0D0,1.0D0,1.0D0,1.0D0,     0000011P    672
1.0D0,1.0D0,1.0D0,1.0D0,1.0D0,1.0D0,1.0D0,1.0D0,1.0D0,1.0D0,     0000011P    673
1.0D0,1.0D0,1.0D0,1.0D0,1.0D0,1.0D0,1.0D0,1.0D0,1.0D0,1.0D0,     0000011P    674
1.0D0,1.0D0,1.0D0,1.0D0,1.0D0,1.0D0,1.0D0,1.0D0,1.0D0,1.0D0,     0000011P    675
1.0D0,1.0D0,1.0D0,1.0D0,1.0D0,1.0D0,1.0D0,1.0D0,1.0D0,1.0D0,     0000011P    676
1.0D0,1.0D0,1.0D0,1.0D0,1.0D0,1.0D0,1.0D0,1.0D0,1.0D0,1.0D0,     0000011P    677
1.0D0,1.0D0,1.0D0,1.0D0,1.0D0,1.0D0,1.0D0,1.0D0,1.0D0,1.0D0,     0000011P    678
1.0D0,1.0D0,1.0D0,1.0D0,1.0D0,1.0D0,1.0D0,1.0D0,1.0D0,1.0D0,     0000011P    679
1.0D0,1.0D0,1.0D0,1.0D0,1.0D0,1.0D0,1.0D0,1.0D0,1.0D0,1.0D0,     0000011P    680
1.0D0,1.0D0,1.0D0,1.0D0,1.0D0,1.0D0,1.0D0,1.0D0,1.0D0,1.0D0,     0000011P    681
1.0D0,1.0D0,1.0D0,1.0D0,1.0D0,1.0D0,1.0D0,1.0D0,1.0D0,1.0D0,     0000011P    682
1.0D0,1.0D0,1.0D0,1.0D0,1.0D0,1.0D0,1.0D0,1.0D0,1.0D0,1.0D0,     0000011P    683
1.0D0,1.0D0,1.0D0,1.0D0,1.0D0,1.0D0,1.0D0,1.0D0,1.0D0,1.0D0,     0000011P    684
1.0D0,1.0D0,1.0D0,1.0D0,1.0D0,1.0D0,1.0D0,1.0D0,1.0D0,1.0D0,     0000011P    685
1.0D0,1.0D0,1.0D0,1.0D0,1.0D0,1.0D0,1.0D0,1.0D0,1.0D0,1.0D0,     0000011P    686
1.0D0,1.0D0,1.0D0,1.0D0,1.0D0,1.0D0,1.0D0,1.0D0,1.0D0,1.0D0,     0000011P    687
1.0D0,1.0D0,1.0D0,1.0D0,1.0D0,1.0D0,1.0D0,1.0D0,1.0D0,1.0D0,     0000011P    688
1.0D0,1.0D0,1.0D0,1.0D0,1.0D0,1.0D0,1.0D0,1.0D0,1.0D0,1.0D0,     0000011P    689
1.0D0,1.0D0,1.0D0,1.0D0,1.0D0,1.0D0,1.0D0,1.0D0,1.0D0,1.0D0,     0000011P    690
1.0D0,1.0D0,1.0D0,1.0D0,1.0D0,1.0D0,1.0D0,1.0D0,1.0D0,1.0D0,     0000011P    691
1.0D0,1.0D0,1.0D0,1.0D0,1.0D0,1.0D0,1.0D0,1.0D0,1.0D0,1.0D0,     0000011P    692
1.0D0,1.0D0,1.0D0,1.0D0,1.0D0,1.0D0,1.0D0,1.0D0,1.0D0,1.0D0,     0000011P    693
1.0D0,1.0D0,1.0D0,1.0D0,1.0D0,1.0D0,1.0D0,1.0D0,1.0D0,1.0D0,     0000011P    694
1.0D0,1.0D0,1.0D0,1.0D0,1.0D0,1.0D0,1.0D0,1.0D0,1.0D0,1.0D0,     0000011P    695
1.0D0,1.0D0,1.0D0,1.0D0,1.0D0,1.0D0,1.0D0,1.0D0,1.0D0,1.0D0,     0000011P    696
1.0D0,1.0D0,1.0D0,1.0D0,1.0D0,1.0D0,1.0D0,1.0D0,1.0D0,1.0D0,     0000011P    697
1.0D0,1.0D0,1.0D0,1.0D0,1.0D0,1.0D0,1.0D0,1.0D0,1.0D0,1.0D0,     0000011P    698
1.0D0,1.0D0,1.0D0,1.0D0,1.0D0,1.0D0,1.0D0,1.0D0,1.0D0,1.0D0,     0000011P    699
1.0D0,1.0D0,1.0D0,1.0D0,1.0D0,1.0D0,1.0D0,1.0D0,1.0D0,1.0D0,     0000011P    700
1.0D0,1.0D0,1.0D0,1.0D0,1.0D0,1.0D0,1.0D0,1.0D0,1.0D0,1.0D0,     0000011P    701
1.0D0,1.0D0,1.0D0,1.0D0,1.0D0,1.0D0,1.0D0,1.0D0,1.0D0,1.0D0,     0000011P    702
1.0D0,1.0D0,1.0D0,1.0D0,1.0D0,1.0D0,1.0D0,1.0D0,1.0D0,1.0D0,     0000011P    703
1.0D0,1.0D0,1.0D0,1.0D0,1.0D0,1.0D0,1.0D0,1.0D0,1.0D0,1.0D0,     0000011P    704
1.0D0,1.0D0,1.0D0,1.0D0,1.0D0,1.0D0,1.0D0,1.0D0,1.0D0,1.0D0,     0000011P    705
1.0D0,1.0D0,1.0D0,1.0D0,1.0D0,1.0D0,1.0D0,1.0D0,1.0D0,1.0D0,     0000011P    706
1.0D0,1.0D0,1.0D0,1.0D0,1.0D0,1.0D0,1.0D0,1.0D0,1.0D0,1.0D0,     0000011P    707
1.0D0,1.0D0,1.0D0,1.0D0,1.0D0,1.0D0,1.0D0,1.0D0,1.0D0,1.0D0,     0000011P    708
1.0D0,1.0D0,1.0D0,1.0D0,1.0D0,1.0D0,1.0D0,1.0D0,1.0D0,1.0D0,     0000011P    709
1.0D0,1.0D0,1.0D0,1.0D0,1.0D0,1.0D0,1.0D0,1.0D0,1.0D0,1.0D0,     0000011P    710
1.0D0,1.0D0,1.0D0,1.0D0,1.0D0,1.0D0,1.0D0,1.0D0,1.0D0,1.0D0,     0000011P    711
1.0D0,1.0D0,1.0D0,1.0D0,1.0D0,1.0D0,1.0D0,1.0D0,1.0D0,1.0D0,     0000011P    712
1.0D0,1.0D0,1.0D0,1.0D0,1.0D0,1.0D0,1.0D0,1.0D0,1.0D0,1.0D0,     0000011P    713
1.0D0,1.0D0,1.0D0,1.0D0,1.0D0,1.0D0,1.0D0,1.0D0,1.0D0,1.0D0,     0000011P    714
1.0D0,1.0D0,1.0D0,1.0D0,1.0D0,1.0D0,1.0D0,1.0D0,1.0D0,1.0D0,     0000011P    715
1.0D0,1.0D0,1.0D0,1.0D0,1.0D0,1.0D0,1.0D0,1.0D0,1.0D0,1.0D0,     0000011P    716
1.0D0,1.0D0,1.0D0,1.0D0,1.0D0,1.0D0,1.0D0,1.0D0,1.0D0,1.0D0,     0000011P    717
1.0D0,1.0D0,1.0D0,1.0D0,1.0D0,1.0D0,1.0D0,1.0D0,1.0D0,1.0D0,     0000011P    718
1.0D0,1.0D0,1.0D0,1.0D0,1.0D0,1.0D0,1.0D0,1.0D0,1.0D0,1.0D0,     0000011P    719
1.0D0,1.0D0,1.0D0,1.0D0,1.0D0,1.0D0,1.0D0,1.0D0,1.0D0,1.0D0,     0000011P    720
1.0D0,1.0D0,1.0D0,1.0D0,1.0D0,1.0D0,1.0D0,1.0D0,1.0D0,1.0D0,     0000011P    721
1.0D0,1.0D0,1.0D0,1.0D0,1.0D0,1.0D0,1.0D0,1.0D0,1.0D0,1.0D0,     0000011P    722
1.0D0,1.0D0,1.0D0,1.0D0,1.0D0,1.0D0,1.0D0,1.0D0,1.0D0,1.0D0,     0000011P    723
1.0D0,1.0D0,1.0D0,1.0D0,1.0D0,1.0D0,1.0D0,1.0D0,1.0D0,1.0D0,     0000011P    724
1.0D0,1.0D0,1.0D0,1.0D0,1.0D0,1.0D0,1.0D0,1.0D0,1.0D0,1.0D0,     0000011P    725
1.0D0,1.0D0,1.0D0,1.0D0,1.0D0,1.0D0,1.0D0,1.0D0,1.0D0,1.0D0,     0000011P    726
1.0D0,1.0D0,1.0D0,1.0D0,1.0D0,1.0D0,1.0D0,1.0D0,1.0D0,1.0D0,     0000011P    727
1.0D0,1.0D0,1.0D0,1.0D0,1.0D0,1.0D0,1.0D0,1.0D0,1.0D0,1.0D0,     0000011P    728
1.0D0,1.0D0,1.0D0,1.0D0,1.0D0,1.0D0,1.0D0,1.0D0,1.0D0,1.0D0,     0000011P    729
1.0D0,1.0D0,1.0D0,1.0D0,1.0D0,1.0D0,1.0D0,1.0D0,1.0D0,1.0D0,     0000011P    730
1.0D0,1.0D0,1.0D0,1.0D0,1.0D0,1.0D0,1.0D0,1.0D0,1.0D0,1.0D0,     0000011P    731
1.0D0,1.0D0,1.0D0,1.0D0,1.0D0,1.0D0,1.0D0,1.0D0,1.0D0,1.0D0,     0000011P    732
1.0D0,1.0D0,1.0D0,1.0D0,1.0D0,1.0D0,1.0D0,1.0D0,1.0D0,1.0D0,     0000011P    733
1.0D0,1.0D0,1.0D0,1.0D0,1.0D0,1.0D0,1.0D0,1.0D0,1.0D0,1.0D0,     0000011P    734
1.0D0,1.0D0,1.0D0,1.0D0,1.0D0,1.0D0,1.0D0,1.0D0,1.0D0,1.0D0,     0000011P    735
1.0D0,1.0D0,1.0D0,1.0D0,1.0D0,1.0D0,1.0D0,1.0D0,1.0D0,1.0D0,     0000011P    736
1.0D0,1.0D0,1.0D0,1.0D0,1.0D0,1.0D0,1.0D0,1.0D0,1.0D0,1.0D0,     0000011P    737
1.0D0,1.0D0,1.0D0,1.0D0,1.0D0,1.0D0,1.0D0,1.0D0,1.0D0,1.0D0,     0000011P    738
1.0D0,1.0D0,1.0D0,1.0D0,1.0D0,1.0D0,1.0D0,1.0D0,1.0D0,1.0D0,     0000011P    739
1.0D0,1.0D0,1.0D0,1.0D0,1.0D0,1.0D0,1.0D0,1.0D0,1.0D0,1.0D0,     0000011P    740
1.0D0,1.0D0,1.0D0,1.0D0,1.0D0,1.0D0,1.0D0,1.0D0,1.0D0,1.0D0,     0000011P    741
1.0D0,1.0D0,1.0D0,1.0D0,1.0D0,1.0D0,1.0D0,1.0D0,1.0D0,1.0D0,     0000011P    742
1.0D0,1.0D0,1.0D0,1.0D0,1.0D0,1.0D0,1.0D0,1.0D0,1.0D0,1.0D0,     0000011P    743
1.0D0,1.0D0,1.0D0,1.0D0,1.0D0,1.0D0,1.0D0,1.0D0,1.0D0,1.0D0,     0000011P    744
1.0D0,1.0D0,1.0D0,1.0D0,1.0D0,1.0D0,1.0D0,1.0D0,1.0D0,1.0D0,     0000011P    745
1.0D0,1.0D0,1.0D0,1.0D0,1.0D0,1.0D0,1.0D0,1.0D0,1.0D0,1.0D0,     0000011P    746
1.0D0,1.0D0,1.0D0,1.0D0,1.0D0,1.0D0,1.0D0,1.0D0,1.0D0,1.0D0,     0000011P    747
1.0D0,1.0D0,1.0D0,1.0D0,1.0D0,1.0D0,1.0D0,1.0D0,1.0D0,1.0D0,     0000011P    748
1.0D0,1.0D0,1.0D0,1.0D0,1.0D0,1.0D0,1.0D0,1.0D0,1.0D0,1.0D0,     0000011P    749
1.0D0,1.0D0,1.0D0,1.0D0,1.0D0,1.0D0,1.0D0,1.0D0,1.0D0,1.0D0,     0000011P    750
1.0D0,1.0D0,1.0D0,1.0D0,1.0D0,1.0D0,1.0D0,1.0D0,1.0D0,1.0D0,     0000011P    751
1.0D0,1.0D0,1.0D0,1.0D0,1.0D0,1.0D0,1.0D0,1.0D0,1.0D0,1.0D0,     0000011P    752
1.0D0,1.0D0,1.0D0,1.0D0,1.0D0,1.0D0,1.0D0,1.0D0,1.0D0,1.0D0,     0000011P    753
1.0D0,1.0D0,1.0D0,1.0D0,1.0D0,1.0D0,1.0D0,1.0D0,1.0D0,1.0D0,     0000011P    754
1.0D0,1.0D0,1.0D0,1.0D0,1.0D0,1.0D0,1.0D0,1.0D0,1.0D0,1.0D0,     0000011P    755
1.0D0,1.0D0,1.0D0,1.0D0,1.0D0,1.0D0,1.0D0,1.0D0,1.0D0,1.0D0,     0000011P    756
1.0D0,1.0D0,1.0D0,1.0D0,1.0D0,1.0D0,1.0D0,1.0D0,1.0D0,1.0D0,     0000011P    757
1.0D0,1.0D0,1.0D0,1.0D0,1.0D0,1.0D0,1.0D0,1.0D0,1.0D0,1.0D0,     0000011P    758
1.0D0,1.0D0,1.0D0,1.0D0,1.0D0,1.0D0,1.0D0,1.0D0,1.0D0,1.0D0,     0000011P    759
1.0D0,1.0D0,1.0D0,1.0D0,1.0D0,1.0D0,1.0D0,1.0D0,1.0D0,1.0D0,     0000011P    760
1.0D0,1.0D0,1.0D0,1.0D0,1.0D0,1.0D0,1.0D0,1.0D0,1.0D0,1.0D0,     0000011P    761
1.0D0,1.0D0,1.0D0,1.0D0,1.0D0,1.0D0,1.0D0,1.0D0,1.0D0,1.0D0,     0000011P    762
1.0D0,1.0D0,1.0D0,1.0D0,1.0D0,1.0D0,1.0D0,1.0D0,1.0D0,1.0D0,     0000011P    763
1.0D0,1.0D0,1.0D0,1.0D0,1.0D0,1.0D0,1.0D0,1.0D0,1.0D0,1.0D0,     0000011P    764
1.0D0,1.0D0,1.0D0,1.0D0,1.0D0,1.0D0,1.0D0,1.0D0,1.0D0,1.0D0,     0000011P    765
1.0D0,1.0D0,1.0D0,1.0D0,1.0D0,1.0D0,1.0D0,1.0D0,1.0D0,1.0D0,     0000011P    766
1.0D0,1.0D0,1.0D0,1.0D0,1.0D0,1.0D0,1.0D0,1.0D0,1.0D0,1.0D0,     0000011P    767
1.0D0,1.0D0,1.0D0,1.0D0,1.0D0,1.0D0,1.0D0,1.0D0,1.0D0,1.0D0,     0000011P    768
1.0D0,1.0D0,1.0D0,1.0D0,1.0D0,1.0D0,1.0D0,1.0D0,1.0D0,1.0D0,     0000011P    769
1.0D0,1.0D0,1.0D0,1.0D0,1.0D0,1.0D0,1.0D0,1.0D0,1.0D0,1.0D0,     0000011P    770
1.0D0,1.0D0,1.0D0,1.0D0,1.0D0,1.0D0,1.0D0,1.0D0,1.0D0,1.0D0,     0000011P    771
1.0D0,1.0D0,1.0D0,1.0D0,1.0D0,1.0D0,1.0D0,1.0D0,1.0D0,1.0D0,     0000011P    772
1.0D0,1.0D0,1.0D0,1.0D0,1.0D0,1.0D0,1.0D0,1.0D0,1.0D0,1.0D0,     0000011P    773
1.0D0,1.0D0,1.0D0,1.0D0,1.0D0,1.0D0,1.0D0,1.0D0,1.0D0,1.0D0,     0000011P    774
1.0D0,1.0D0,1.0D0,1.0D0,1.0D0,1.0D0,1.0D0,1.0D0,1.0D0,1.0D0,     0000011P    775
1.0D0,1.0D0,1.0D0,1.0D0,1.0D0,1.0D0,1.0D0,1.0D0,1.0D0,1.0D0,     0000011P    776
1.0D0,1.0D0,1.0D0,1.0D0,1.0D0,1.0D0,1.0D0,1.0D0,1.0D0,1.0D0,     0000011P    777
1.0D0,1.0D0,1.0D0,1.0D0,1.0D0,1.0D0,1.0D0,1.0D0,1.0D0,1.0D0,     0000011P    778
1.0D0,1.0D0,1.0D0,1.0D0,1.0D0,1.0D0,1.0D0,1.0D0,1.0D0,1.0D0,     0000011P    779
1.0D0,1.0D0,1.0D0,1.0D0,1.0D0,1.0D0,1.0D0,1.0D0,1.0D0,1.0D0,     0000011P    780
1.0D0,1.0D0,1.0D0,1.0D0,1.0D0,1.0D0,1.0D0,1.0D0,1.0D0,1.0D0,     0000011P    781
1.0D0,1.0D0,1.0D0,1.0D0,1.0D0,1.0D0,1.0D0,1.0D0,1.0D0,1.0D0,     0000011P    782
1.0D0,1.0D0,1.0D0,1.0D0,1.0D0,1.0D0,1.0D0,1.0D0,1.0D0,1.0D0,     0000011P    783
1.0D0,1.0D0,1.0D0,1.0D0,1.0D0,1.0D0,1.0D0,1.0D0,1.0D0,1.0D0,     0000011P    784
1.0D0,1.0D0,1.0D0,1.0D0,1.0D0,1.0D0,1.0D0,1.0D0,1.0D0,1.0D0,     0000011P    785
1.0D0,1.0D0,1.0D0,1.0D0,1.0D0,1.0D0,1.0D0,1.0D0,1.0D0,1.0D0,     0000011P    786
1.0D0,1.0D0,1.0D0,1.0D0,1.0D0,1.0D0,1.0D0,1.0D0,1.0D0,1.0D0,     0000011P    787
1.0D0,1.0D0,1.0D0,1.0D0,1.0D0,1.0D0,1.0D0,1.0D0,1.0D0,1.0D0,     0000011P    788
1.0D0,1.0D0,1.0D0,1.0D0,1.0D0,1.0D0,1.0D0,1.0D0,1.0D0,1.0D0,     0000011P    789
1.0D0,1.0D0,1.0D0,1.0D0,1.0D0,1.0D0,1.0D0,1.0D0,1.0D0,1.0D0,     0000011P    790
1.0D0,1.0D0,1.0D0,1.0D0,1.0D0,1.0D0,1.0D0,1.0D0,1.0D0,1.0D0,     0000011P    791
1.0D0,1.0D0,1.0D0,1.0D0,1.0D0,1.0D0,1.0D0,1.0D0,1.0D0,1.0D0,     0000011P    792
1.0D0,1.0D0,1.0D0,1.0D0,1.0D0,1.0D0,1.0D0,1.0D0,1.0D0,1.0D0,     0000011P    793
1.0D0,1.0D0,1.0D0,1.0D0,1.0D0,1.0D0,1.0D0,1.0D0,1.0D0,1.0D0,     0000011P    794
1.0D0,1.0D0,1.0D0,1.0D0,1.0D0,1.0D0,1.0D0,1.0D0,1.0D0,1.0D0,     0000011P    795
1.0D0,1.0D0,1.0D0,1.0D0,1.0D0,1.0D0,1.0D0,1.0D0,1.0D0,1.0D0,     0000011P    796
1.0D0,1.0D0,1.0D0,1.0D0,1.0D0,1.0D0,1.0D0,1.0D0,1.0D0,1.0D0,     0000011P    797
1.0D0,1.0D0,1.0D0,1.0D0,1.0D0,1.0D0,1.0D0,1.0D0,1.0D0,1.0D0,     0000011P    798
1.0D0,1.0D0,1.0D0,1.0D0,1.0D0,1.0D0,1.0D0,1.0D0,1.0D0,1.0D0,     0000011P    799
1.0D0,1.0D0,1.0D0,1.0D0,1.0D0,1.0D0,1.0D0,1.0D0,1.0D0,1.0D0,     0000011P    800
1.0D0,1.0D0,1.0D0,1.0D0,1.0D0,1.0D0,1.0D0,1.0D0,1.0D0,1.0D0,     0000011P    801
1.0D0,1.0D0,1.0D0,1.0D0,1.0D0,1.0D0,1.0D0,1.0D0,1.0D0,1.0D0,     0000011P    802
1.0D0,1.0D0,1.0D0,1.0D0,1.0D0,1.0D0,1.0D0,1.0D0,1.0D0,1.0D0,     0000011P    803
1.0D0,1.0D0,1.0D0,1.0D0,1.0D0,1.0D0,1.0D0,1.0D0,1.0D0,1.0D0,     0000011P    804
1.0D0,1.0D0,1.0D0,1.0D0,1.0D0,1.0D0,1.0D0,1.0D0,1.0D0,1.0D0,     0000011P    805
1.0D0,1.0D0,1.0D0,1.0D0,1.0D0,1.0D0,1.0D0,1.0D0,1.0D0,1.0D0,     0000011P    806
1.0D0,1.0D0,1.0D0,1.0D0,1.0D0,1.0D0,1.0D0,1.0D0,1.0D0,1.0D0,     0000011P    807
1.0D0,1.0D0,1.0D0,1.0D0,1.0D0,1.0D0,1.0D0,1.0D0,1.0D0,1.0D0,     0000011P    808
1.0D0,1.0D0,1.0D0,1.0D0,1.0D0,1.0D0,1.0D0,1.0D0,1.0D0,1.0D0,     0000011P    809
1.0D0,1.0D0,1.0D0,1.0D0,1.0D0,1.0D0,1.0D0,1.0D0,1.0D0,1.0D0,     0000011P    810
1.0D0,1.0D0,1.0D0,1.0D0,1.0D0,1.0D0,1.0D0,1.0D0,1.0D0,1.0D0,     0000011P    811
1.0D0,1.0D0,1.0D0,1.0D0,1.0D0,1.0D0,1.0D0,1.0D0,1.0D0,1.0D0,     0000011P    812
1.0D0,1.0D0,1.0D0,1.0D0,1.0D0,1.0D0,1.0D0,1.0D0,1.0D0,1.0D0,     0000011P    813
1.0D0,1.0D0,1.0D0,1.0D0,1.0D0,1.0D0,1.0D0,1.0D0,1.0D0,1.0D0,     0000011P    814
1.0D0,1.0D0,1.0D0,1.0D0,1.0D0,1.0D0,1.0D0,1.0D0,1.0D0,1.0D0,     0000011P    815
1.0D0,1.0D0,1.0D0,1.0D0,1.0D0,1.0D0,1.0D0,1.0D0,1.0D0,1.0D0,     0000011P    816
1.0D0,1.0D0,1.0D0,1.0D0,1.0D0,1.0D0,1.0D0,1.0D0,1.0D0,1.0D0,     0000011P    817
1.0D0,1.0D0,1.0D0,1.0D0,1.0D0,1.0D0,1.0D0,1.0D0,1.0D0,1.0D0,     0000011P    818
1.0D0,1.0D0,1.0D0,1.0D0,1.0D0,1.0D0,1.0D0,1.0D0,1.0D0,1.0D0,     0000011P    819
1.0D0,1.0D0,1.0D0,1.0D0,1.0D0,1.0D0,1.0D0,1.0D0,1.0D0,1.0D0,     0000011P    820
1.0D0,1.0D0,1.0D0,1.0D0,1.0D0,1.0D0,1.0D0,1.0D0,1.0D0,1.0D0,     0000011P    821
1.0D0,1.0D0,1.0D0,1.0D0,1.0D0,1.0D0,1.0D0,1.0D0,1.0D0,1.0D0,     0000011P    822
1.0D0,1.0D0,1.0D0,1.0D0,1.0D0,1.0D0,1.0D0,1.0D0,1.0D0,1.0D0,     0000011P    823
1.0D0,1.0D0,1.0D0,1.0D0,1.0D0,1.0D0,1.0D0,1.0D0,1.0D0,1.0D0,     0000011P    824
1.0D0,1.0D0,1.0D0,1.0D0,1.0D0,1.0D0,1.0D0,1.0D0,1.0D0,1.0D0,     0000011P    825
1.0D0,1.0D0,1.0D0,1.0D0,1.0D0,1.0D0,1.0D0,1.0D0,1.0D0,1.0D0,     0000011P    826
1.0D0,1.0D0,1.0D0,1.0D0,1.0D0,1.0D0,1.0D0,1.0D0,1.0D0,1.0D0,     0000011P    827
1.0D0,1.0D0,1.0D0,1.0D0,1.0D0,1.0D0,1.0D0,1.0D0,1.0D0,1.0D0,     0000011P    828
1.0D0,1.0D0,1.0D0,1.0D0,1.0D0,1.0D0,1.0D0,1.0D0,1.0D0,1.0D0,     0000011P    829
1.0D0,1.0D0,1.0D0,1.0D0,1.0D0,1.0D0,1.0D0,1.0D0,1.0D0,1.0D0,     0000011P    830
1.0D0,1.0D0,1.0D0,1.0D0,1.0D0,1.0D0,1.0D0,1.0D0,1.0D0,1.0D0,     0000011P    831
1.0D0,1.0D0,1.0D0,1.0D0,1.0D0,1.0D0,1.0D0,1.0D0,1.0D0,1.0D0,     0000011P    832
1.0D0,1.0D0,1.0D0,1.0D0,1.0D0,1.0D0,1.0D0,1.0D0,1.0D0,1.0D0,     0000011P    833
1.0D0,1.0D0,1.0D0,1.0D0,1.0D0,1.0D0,1.0D0,1.0D0,1.0D0,1.0D0,     0000011P    834
1.0D0,1.0D0,1.0D0,1.0D0,1.0D0,1.0D0,1.0D0,1.0D0,1.0D0,1.0D0,     0000011P    835
1.0D0,1.0D0,1.0D0,1.0D0,1.0D0,1.0D0,1.0D0,1.0D0,1.0D0,1.0D0,     0000011P    836
1.0D0,1.0D0,1.0D0,1.0D0,1.0D0,1.0D0,1.0D0,1.0D0,1.0D0,1.0D0,     0000011P    837
1.0D0,1.0D0,1.0D0,1.0D0,1.0D0,1.0D0,1.0D0,1.0D0,1.0D0,1.0D0,     0000011P    838
1.0D0,1.0D0,1.0D0,1.0D0,1.0D0,1.0D0,1.0D0,1.0D0,1.0D0,1.0D0,     0000011P    839
1.0D0,1.0D0,1.0D0,1.0D0,1.0D0,1.0D0,1.0D0,1.0D0,1.0D0,1.0D0,     0000011P    840
1.0D0,1.0D0,1.0D0,1.0D0,1.0D0,1.0D0,1.0D0,1.0D0,1.0D0,1.0D0,     0000011P    841
1.0D0,1.0D0,1.0D0,1.0D0,1.0D0,1.0D0,1.0D0,1.0D0,1.0D0,1.0D0,     0000011P    842
1.0D0,1.0D0,1.0D0,1.0D0,1.0D0,1.0D0,1.0D0,1.0D0,1.0D0,1.0D0,     0000011P    843
1.0D0,1.0D0,1.0D0,1.0D0,1.0D0,1.0D0,1.0D0,1.0D0,1.0D0,1.0D0,     0000011P    844
1.0D0,1.0D0,1.0D0,1.0D0,1.0D0,1.0D0,1.0D0,1.0D0,1.0D0,1.0D0,     0000011P    845
1.0D0,1.0D0,1.0D0,1.0D0,1.0D0,1.0D0,1.0D0,1.0D0,1.0D0,1.0D0,     0000011P    846
1.0D0,1.0D0,1.0D0,1.0D0,1.0D0,1.0D0,1.0D0,1.0D0,1.0D0,1.0D0,     0000011P    847
1.0D0,1.0D0,1.0D0,1.0D0,1.0D0,1.0D0,1.0D0,1.0D0,1.0D0,1.0D0,     0000011P    848
1.0D0,1.0D0,1.0D0,1.0D0,1.0D0,1.0D0,1.0D0,1.0D0,1.0D0,1.0D0,     0000011P    849
1.0D0,1.0D0,1.0D0,1.0D0,1.0D0,1.0D0,1.0D0,1.0D0,1.0D0,1.0D0,     0000011P    850
1.0D0,1.0D0,1.0D0,1.0D0,1.0D0,1.0D0,1.0D0,1.0D0,1.0D0,1.0D0,     0000011P    851
1.0D0,1.0D0,1.0D0,1.0D0,1.0D0,1.0D0,1.0D0,1.0D0,1.0D0,1.0D0,     0000011P    852
1.0D0,1.0D0,1.0D0,1.0D0,1.0D0,1.0D0,1.0D0,1.0D0,1.0D0,1.0D0,     0000011P    853
1.0D0,1.0D0,1.0D0,1.0D0,1.0D0,1.0D0,1.0D0,1.0D0,1.0D0,1.0D0,     0000011P    854
1.0D0,1.0D0,1.0D0,1.0D0,1.0D0,1.0D0,1.0D0,1.0D0,1.0D0,1.0D0,     0000011P    855
1.0D0,1.0D0,1.0D0,1.0D0,1.0D0,1.0D0,1.0D0,1.0D0,1.0D0,1.0D0,     0000011P    856
1.0D0,1.0D0,1.0D0,1.0D0,1.0D0,1.0D0,1.0D0,1.0D0,1.0D0,1.0D0,     0000011P    857
1.0D0,1.0D0,1.0D0,1.0D0,1.0D0,1.0D0,1.0D0,1.0D0,1.0D0,1.0D0,     0000011P    858
1.0D0,1.0D0,1.0D0,1.0D0,1.0D0,1.0D0,1.0D0,1.0D0,1.0D0,1.0D0,     0000011P    859
1.0D0,1.0D0,1.0D0,1.0D0,1.0D0,1.0D0,1.0D0,1.0D0,1.0D0,1.0D0,     0000011P    860
1.0D0,1.0D0,1.0D0,1.0D0,1.0D0,1.0D0,1.0D0,1.0D0,1.0D0,1.0D0,     0000011P    861
1.0D0,1.0D0,1.0D0,1.0D0,1.0D0,1.0D0,1.0D0,1.0D0,1.0D0,1.0D0,     0000011P    862
1.0D0,1.0D0,1.0D0,1.0D0,1.0D0,1.0D0,1.0D0,1.0D0,1.0D0,1.0D0,     0000011P    863
1.0D0,1.0D0,1.0D0,1.0D0,1.0D0,1.0D0,1.0D0,1.0D0,1.0D0,1.0D0,     0000011P    864
1.0D0,1.0D0,1.0D0,1.0D0,1.0D0,1.0D0,1.0D0,1.0D0,1.0D0,1.0D0,     0000011P    865
1.0D0,1.0D0,1.0D0,1.0D0,1.0D0,1.0D0,1.0D0,1.0D0,1.0D0,1.0D0,     0000011P    866
1.0D0,1.0D0,1.0D0,1.0D0,1.0D0,1.0D0,1.0D0,1.0D0,1.0D0,1.0D0,     0000011P    867
1.0D0,1.0D0,1.0D0,1.0D0,1.0D0,1.0D0,1.0D0,1.0D0,1.0D0,1.0D0,     0000011P    868
1.0D0,1.0D0,1.0D0,1.0D0,1.0D0,1.0D0,1.0D0,1.0D0,1.0D0,1.0D0,     0000011P    869
1.0D0,1.0D0,1.0D0,1.0D0,1.0D0,1.0D0,1.0D0,1.0D0,1.0D0,1.0D0,     0000011P    870
1.0D0,1.0D0,1.0D0,1.0D0,1.0D0,1.0D0,1.0D0,1.0D0,1.0D0,1.0D0,     0000011P    871
1.0D0,1.0D0,1.0D0,1.0D0,1.0D0,1.0D0,1.0D0,1.0D0,1.0D0,1.0D0,     0000011P    872
1.0D0,1.0D0,1.0D0,1.0D0,1.0D0,1.0D0,1.0D0,1.0D0,1.0D0,1.0D0,     0000011P    873
1.0D0,1.0D0,1.0D0,1.0D0,1.0D0,1.0D0,1.0D0,1.0D0,1.0D0,1.0D0,     0000011P    874
1.0D0,1.0D0,1.0D0,1.0D0,1.0D0,1.0D0,1.0D0,1.0D0,1.0D0,1.0D0,     0000011P    875
1.0D0,1.0D0,1.0D0,1.0D0,1.0D0,1.0D0,1.0D0,1.0D0,1.0D0,1.0D0,     0000011P    876
1.0D0,1.0D0,1.0D0,1.0D0,1.0D0,1.0D0,1.0D0,1.0D0,1.0D0,1.0D0,     0000011P    877
1.0D0,1.0D0,1.0D0,1.0D0,1.0D0,1.0D0,1.0D0,1.0D0,1.0D0,1.0D0,     0000011P    878
1.0D0,1.0D0,1.0D0,1.0D0,1.0D0,1.0D0,1.0D0,1.0D0,1.0D0,1.0D0,     0000011P    879
1.0D0,1.0D0,1.0D0,1.0D0,1.0D0,1.0D0,1.0D0,1.0D0,1.0D0,1.0D0,     0000011P    880
1.0D0,1.0D0,1.0D0,1.0D0,1.0D0,1.0D0,1.0D0,1.0D0,1.0D0,1.0D0,     0000011P    881
1.0D0,1.0D0,1.0D0,1.0D0,1.0D0,1.0D0,1.0D0,1.0D0,1.0D0,1.0D0,     0000011P    882
1.0D0,1.0D0,1.0D0,1.0D0,1.0D0,1.0D0,1.0D0,1.0D0,1.0D0,1.0D0,     0000011P    883
1.0D0,1.0D0,1.0D0,1.0D0,1.0D0,1.0D0,1.0D0,1.0D0,1.0D0,1.0D0,     0000011P    884
1.0D0,1.0D0,1.0D0,1.0D0,1.0D0,1.0D0,1.0D0,1.0D0,1.0D0,1.0D0,     0000011P    885
1.0D0,1.0D0,1.0D0,1.0D0,1.0D0,1.0D0,1.0D0,1.0D0,1.0D0,1.0D0,     0000011P    886
1.0D0,1.0D0,1.0D0,1.0D0,1.0D0,1.0D0,1.0D0,1.0D0,1.0D0,1.0D0,     0000011P    887
1.0D0,1.0D0,1.0D0,1.0D0,1.0D0,1.0D0,1.0D0,1.0D0,1.0D0,1.0D0,     0000011P    888
1.0D0,1.0D0,1.0D0,1.0D0,1.0D0,1.0D0,1.0D0,1.0D0,1.0D0,1.0D0,     0000011P    889
1.0D0,1.0D0,1.0D0,1.0D0,1.0D0,1.0D0,1.0D0,1.0D0,1.0D0,1.0D0,     0000011P    890
1.0D0,1.0D0,1.0D0,1.0D0,1.0D0,1.0D0,1.0D0,1.0D0,1.0D0,1.0D0,     0000011P    891
1.0D0,1.0D0,1.0D0,1.0D0,1.0D0,1.0D0,1.0D0,1.0D0,1.0D0,1.0D0,     0000011P    892
1.0D0,1.0D0,1.0D0,1.0D0,1.0D0,1.0D0,1.0D0,1.0D0,1.0D0,1.0D0,     0000011P    893
1.0D0,1.0D0,1.0D0,1.0D0,1.0D0,1.0D0,1.0D0,1.0D0,1.0D0,1.0D0,     0000011P    894
1.0D0,1.0D0,1.0D0,1.0D0,1.0D0,1.0D0,1.0D0,1.0D0,1.0D0,1.0D0,     0000011P    895
1.0D0,1.0D0,1.0D0,1.0D0,1.0D0,1.0D0,1.0D0,1.0D0,1.0D0,1.0D0,     0000011P    896
1.0D0,1.0D0,1.0D0,1.0D0,1.0D0,1.0D0,1.0D0,1.0D0,1.0D0,1.0D0,     0000011P    897
1.0D0,1.0D0,1.0D0,1.0D0,1.0D0,1.0D0,1.0D0,1.0D0,1.0D0,1.0D0,     0000011P    898
1.0D0,1.0D0,1.0D0,1.0D0,1.0D0,1.0D0,1.0D0,1.0D0,1.0D0,1.0D0,     0000011P    899
1.0D0,1.0D0,1.0D0,1.0D0,1.0D0,1.0D0,1.0D0,1.0D0,1.0D0,1.0D0,     0000011P    900
1.0D0,1.0D0,1.0D0,1.0D0,1.0D0,1.0D0,1.0D0,1.0D0,1.0D0,1.0D0,     0000011P    901
1.0D0,1.0D0,1.0D0,1.0D0,1.0D0,1.0D0,1.0D0,1.0D0,1.0D0,1.0D0,     0000011P    902
1.0D0,1.0D0,1.0D0,1.0D0,1.0D0,1.0D0,1.0D0,1.0D0,1.0D0,1.0D0,     0000011P    903
1.0D0,1.0D0,1.0D0,1.0D0,1.0D0,1.0D0,1.0D0,1.0D0,1.0D0,1.0D0,     0000011P    904
1.0D0,1.0D0,1.0D0,1.0D0,1.0D0,1.0D0,1.0D0,1.0D0,1.0D0,1.0D0,     0000011P    905
1.0D0,1.0D0,1.0D0,1.0D0,1.0D0,1.0D0,1.0D0,1.0D0,1.0D0,1.0D0,     0000011P    906
1.0D0,1.0D0,1.0D0,1.0D0,1.0D0,1.0D0,1.0D0,1.0D0,1.0D0,1.0D0,     0000011P    907
1.0D0,1.0D0,1.0D0,1.0D0,1.0D0,1.0D0,1.0D0,1.0D0,1.0D0,1.0D0,     0000011P    908
1.0D0,1.0D0,1.0D0,1.0D0,1.0D0,1.0D0,1.0D0,1.0D0,1.0D0,1.0D0,     0000011P    909
1.0D0,1.0D0,1.0D0,1.0D0,1.0D0,1.0D0,1.0D0,1.0D0,1.0D0,1.0D0,     0000011P    910
1.0D0,1.0D0,1.0D0,1.0D0,1.0D0,1.0D0,1.0D0,1.0D0,1.0D0,1.0D0,     0000011P    911
1.0D0,1.0D0,1.0D0,1.0D0,1.0D0,1.0D0,1.0D0,1.0D0,1.0D0,1.0D0,     0000011P    912
1.0D0,1.0D0,1.0D0,1.0D0,1.0D0,1.0D0,1.0D0,1.0D0,1.0D0,1.0D0,     0000011P    913
1.0D0,1.0D0,1.0D0,1.0D0,1.0D0,1.0D0,1.0D0,1.0D0,1.0D0,1.0D0,     0000011P    914
1.0D0,1.0D0,1.0D0,1.0D0,1.0D0,1.0D0,1.0D0,1.0D0,1.0D0,1.0D0,     0000011P    915
1.0D0,1.0D0,1.0D0,1.0D0,1.0D0,1.0D0,1.0D0,1.0D0,1.0D0,1.0D0,     0000011P    916
1.0D0,1.0D0,1.0D0,1.0D0,1.0D0,1.0D0,1.0D0,1.0D0,1.0D0,1.0D0,     0000011P    917
1.0D0,1.0D0,1.0D0,1.0D0,1.0D0,1.0D0,1.0D0,1.0D0,1.0D0,1.0D0,     0000011P    918
1.0D0,1.0D0,1.0D0,1.0D0,1.0D0,1.0D0,1.0D0,1.0D0,1.0D0,1.0D0,     0000011P    919
1.0D0,1.0D0,1.0D0,1.0D0,1.0D0,1.0D0,1.0D0,1.0D0,1.0D0,1.0D0,     0000011P    920
1.0D0,1.0D0,1.0D0,1.0D0,1.0D0,1.0D0,1.0D0,1.0D0,1.0D0,1.0D0,     0000011P    921
1.0D0,1.0D0,1.0D0,1.0D0,1.0D0,1.0D0,1.0D0,1.0D0,1.0D0,1.0D0,     0000011P    922
1.0D0,1.0D0,1.0D0,1.0D0,1.0D0,1.0D0,1.0D0,1.0D0,1.0D0,1.0D0,     0000011P    923
1.0D0,1.0D0,1.0D0,1.0D0,1.0D0,1.0D0,1.0D0,1.0D0,1.0D0,1.0D0,     0000011P    924
1.0D0,1.0D0,1.0D0,1.0D0,1.0D0,1.0D0,1.0D0,1.0D0,1.0D0,1.0D0,     0000011P    925
1.0D0,1.0D0,1.0D0,1.0D0,1.0D0,1.0D0,1.0D0,1.0D0,1.0D0,1.0D0,     0000011P    926
1.0D0,1.0D0,1.0D0,1.0D0,1.0D0,1.0D0,1.0D0,1.0D0,1.0D0,1.0D0,     0000011P    927
1.0D0,1.0D0,1.0D0,1.0D0,1.0D0,1.0D0,1.0D0,1.0D0,1.0D0,1.0D0,     0000011P    928
1.0D0,1.0D0,1.0D0,1.0D0,1.0D0,1.0D0,1.0D0,1.0D0,1.0D0,1.0D0,     0000011P    929
1.0D0,1.0D0,1.0D0,1.0D0,1.0D0,1.0D0,1.0D0,1.0D0,1.0D0,1.0D0,     0000011P    930
1.0D0,1.0D0,1.0D0,1.0D0,1.0D0,1.0D0,1.0D0,1.0D0,1.0D0,1.0D0,     0000011P    931
1.0D0,1.0D0,1.0D0,1.0D0,1.0D0,1.0D0,1.0D0,1.0D0,1.0D0,1.0D0,     0000011P    932
1.0D0,1.0D0,1.0D0,1.0D0,1.0D0,1.0D0,1.0D0,1.0D0,1.0D0,1.0D0,     0000011P    933
1.0D0,1.0D0,1.0D0,1.0D0,1.0D0,1.0D0,1.0D0,1.0D0,1.0D0,1.0D0,     0000011P    934
1.0D0,1.0D0,1.0D0,1.0D0,1.0D0,1.0D0,1.0D0,1.0D0,1.0D0,1.0D0,     0000011P    935
1.0D0,1.0D0,1.0D0,1.0D0,1.0D0,1.0D0,1.0D0,1.0D0,1.0D0,1.0D0,     0000011P    936
1.0D0,1.0D0,1.0D0,1.0D0,1.0D0,1.0D0,1.0D0,1.0D0,1.0D0,1.0D0,     0000011P    937
1.0D0,1.0D0,1.0D0,1.0D0,1.0D0,1.0D0,1.0D0,1.0D0,1.0D0,1.0D0,     0000011P    938
1.0D0,1.0D0,1.0D0,1.0D0,1.0D0,1.0D0,1.0D0,1.0D0,1.0D0,1.0D0,     0000011P    939
1.0D0,1.0D0,1.0D0,1.0D0,1.0D0,1.0D0,1.0D0,1.0D0,1.0D0,1.0D0,     0000011P    940
1.0D0,1.0D0,1.0D0,1.0D0,1.0D0,1.0D0,1.0D0,1.0D0,1.0D0,1.0D0,     0000011P    941
1.0D0,1.0D0,1.0D0,1.0D0,1.0D0,1.0D0,1.0D0,1.0D0,1.0D0,1.0D0,     0000011P    942
1.0D0,1.0D0,1.0D0,1.0D0,1.0D0,1.0D0,1.0D0,1.0D0,1.0D0,1.0D0,     0000011P    943
1.0D0,1.0D0,1.0D0,1.0D0,1.0D0,1.0D0,1.0D0,1.0D0,1.0D0,1.0D0,     0000011P    944
1.0D0,1.0D0,1.0D0,1.0D0,1.0D0,1.0D0,1.0D0,1.0D0,1.0D0,1.0D0,     0000011P    945
1.0D0,1.0D0,1.0D0,1.0D0,1.0D0,1.0D0,1.0D0,1.0D0,1.0D0,1.0D0,     0000011P    946
1.0D0,1.0D0,1.0D0,1.0D0,1.0D0,1.0D0,1.0D0,1.0D0,1.0D0,1.0D0,     0000011P    947
1.0D0,1.0D0,1.0D0,1.0D0,1.0D0,1.0D0,1.0D0,1.0D0,1.0D0,1.0D0,     0000011P    948
1.0D0,1.0D0,1.0D0,1.0D0,1.0D0,1.0D0,1.0D0,1.0D0,1.0D0,1.0D0,     0000011P    949
1.0D0,1.0D0,1.0D0,1.0D0,1.0D0,1.0D0,1.0D0,1.0D0,1.0D0,1.0D0,     0000011P    950
1.0D0,1.0D0,1.0D0,1.0D0,1.0D0,1.0D0,1.0D0,1.0D0,1.0D0,1.0D0,     0000011P    951
1.0D0,1.0D0,1.0D0,1.0D0,1.0D0,1.0D0,1.0D0,1.0D0,1.0D0,1.0D0,     0000011P    952
1.0D0,1.0D0,1.0D0,1.0D0,1.0D0,1.0D0,1.0D0,1.0D0,1.0D0,1.0D0,     0000011P    953
1.0D0,1.0D0,1.0D0,1.0D0,1.0D0,1.0D0,1.0D0,1.0D0,1.0D0,1.0D0,     0000011P    954
1.0D0,1.0D0,1.0D0,1.0D0,1.0D0,1.0D0,1.0D0,1.0D0,1.0D0,1.0D0,     0000011P    955
1.0D0,1.0D0,1.0D0,1.0D0,1.0D0,1.0D0,1.0D0,1.0D0,1.0D0,1.0D0,     0000011P    956
1.0D0,1.0D0,1.0D0,1.0D0,1.0D0,1.0D0,1.0D0,1.0D0,1.0D0,1.0D0,     0000011P    957
1.0D0,1.0D0,1.0D0,1.0D0,1.0D0,1.0D0,1.0D0,1.0D0,1.0D0,1.0D0,     0000011P    958
1.0D0,1.0D0,1.0D0,1.0D0,1.0D0,1.0D0,1.0D0,1.0D0,1.0D0,1.0D0,     0000011P    959
1.0D0,1.0D0,1.0D0,1.0D0,1.0D0,1.0D0,1.0D0,1.0D0,1.0D0,1.0D0,     0000011P    960
1.0D0,1.0D0,1.0D0,1.0D0,1.0D0,1.0D0,1.0D0,1.0D0,1.0D0,1.0D0,     0000011P    961
1.0D0,1.0D0,1.0D0,1.0D0,1.0D0,1.0D0,1.0D0,1.0D0,1.0D0,1.0D0,     0000011P    962
1.0D0,1.0D0,1.0D0,1.0D0,1.0D0,1.0D0,1.0D0,1.0D0,1.0D0,1.0D0,     0000011P    963
1.0D0,1.0D0,1.0D0,1.0D0,1.0D0,1.0D0,1.0D0,1.0D0,1.0D0,1.0D0,     0000011P    964
1.0D0,1.0D0,1.0D0,1.0D0,1.0D0,1.0D0,1.0D0,1.0D0,1.0D0,1.0D0,     0000011P    965
1.0D0,1.0D0,1.0D0,1.0D0,1.0D0,1.0D0,1.0D0,1.0D0,1.0D0,1.0D0,     0000011P    966
1.0D0,1.0D0,1.0D0,1.0D0,1.0D0,1.0D0,1.0D0,1.0D0,1.0D0,1.0D0,     0000011P    967
1.0D0,1.0D0,1.0D0,1.0D0,1.0D0,1.0D0,1.0D0,1.0D0,1.0D0,1.0D0,     0000011P    968
1.0D0,1.0D0,1.0D0,1.0D0,1.0D0,1.0D0,1.0D0,1.0D0,1.0D0,1.0D0,     0000011P    969
1.0D0,1.0D0,1.0D0,1.0D0,1.0D0,1.0D0,1.0D0,1.0D0,1.0D0,1.0D0,     0000011P    970
1.0D0,1.0D0,1.0D0,1.0D0,1.0D0,1.0D0,1.0D0,1.0D0,1.0D0,1.0D0,     0000011P    971
1.0D0,1.0D0,1.0D0,1.0D0,1.0D0,1.0D0,1.0D0,1.0D0,1.0D0,1.0D0,     0000011P    972
1.0D0,1.0D0,1.0D0,1.0D0,1.0D0,1.0D0,1.0D0,1.0D0,1.0D0,1.0D0,     0000011P    973
1.0D0,1.0D0,1.0D0,1.0D0,1.0D0,1.0D0,1.0D0,1.0D0,1.0D0,1.0D0,     0000011P    974
1.0D0,1.0D0,1.0D0,1.0D0,1.0D0,1.0D0,1.0D0,1.0D0,1.0D0,1.0D0,     0000011P    975
1.0D0,1.0D0,1.0D0,1.0D0,1.0D0,1.0D0,1.0D0,1.0D0,1.0D0,1.0D0,     0000011P    976
1.0D0,1.0D0,1.0D0,1.0D0,1.0D0,1.0D0,1.0D0,1.0D0,1.0D0,1.0D0,     0000011P    977
1.0D0,1.0D0,1.0D0,1.0D0,1.0D0,1.0D0,1.0D0,1.0D0,1.0D0,1.0D0,     0000011P    978
1.0D0,1.0D0,1.0D0,1.0D0,1.0D0,1.0D0,1.0D0,1.0D0,1.0D0,1.0D0,     0000011P    979
1.0D0,1.0D0,1.0D0,1.0D0,1.0D0,1.0D0,1.0D0,1.0D0,1.0D0,1.0D0,     0000011P    980
1.0D0,1.0D0,1.0D0,1.0D0,1.0D0,1.0D0,1.0D0,1.0D0,1.0D0,1.0D0,     0000011P    981
1.0D0,1.0D0,1.0D0,1.0D0,1.0D0,1.0D0,1.0D0,1.0D0,1.0D0,1.0D0,     0000011P    982
1.0D0,1.0D0,1.0D0,1.0D0,1.0D0,1.0D0,1.0D0,1.0D0,1.0D0,1.0D0,     0000011P    983
1.0D0,1.0D0,1.0D0,1.0D0,1.0D0,1.0D0,1.0D0,1.0D0,1.0D0,1.0D0,     0000011P    984
1.0D0,1.0D0,1.0D0,1.0D0,1.0D0,1.0D0,1.0D0,1.0D0,1.0D0,1.0D0,     0000011P    985
1.0D0,1.0D0,1.0D0,1.0D0,1.0D0,1.0D0,1.0D0,1.0D0,1.0D0,1.0D0,     0000011P    986
1.0D0,1.0D0,1.0D0,1.0D0,1.0D0,1.0D0,1.0D0,1.0D0,1.0D0,1.0D0,     0000011P    987
1.0D0,1.0D0,1.0D0,1.0D0,1.0D0,1.0D0,1.0D0,1.0D0,1.0D0,1.0D0,     0000011P    988
1.0D0,1.0D0,1.0D0,1.0D0,1.0D0,1.0D0,1.0D0,1.0D0,1.0D0,1.0D0,     0000011P    989
1.0D0,1.0D0,1.0D0,1.0D0,1.0D0,1.0D0,1.0D0,1.0D0,1.0D0,1.0D0,     0000011P    990
1.0D0,1.0D0,1.0D0,1.0D0,1.0D0,1.0D0,1.0D0,1.0D0,1.0D0,1.0D0,     0000011P    991
1.0D0,1.0D0,1.0D0,1.0D0,1.0D0,1.0D0,1.0D0,1.0D0,1.0D0,1.0D0,     0000011P    992
1.0D0,1.0D0,1.0D0,1.0D0,1.0D0,1.0D0,1.0D0,1.0D0,1.0D0,1.0D0,     0000011P    993
1.0D0,1.0D0,1.0D0,1.0D0,1.0D0,1.0D0,1.0D0,1.0D0,1.0D0,1.0D0,     0000011P    994
1.0D0,1.0D0,1.0D0,1.0D0,1.0D0,1.0D0,1.0D0,1.0D0,1.0D0,1.0D0,     0000011P    995
1.0D0,1.0D0,1.0D0,1.0D0,1.0D0,1.0D0,1.0D0,1.0D0,1.0D0,1.0D0,     0000011P    996
1.0D0,1.0D0,1.0D0,1.0D0,1.0D0,1.0D0,1.0D0,1.0D0,1.0D0,1.0D0,     0000011P    997
1.0D0,1.0D0,1.0D0,1.0D0,1.0D0,1.0D0,1.0D0,1.0D0,1.0D0,1.0D0,     0000011P    998
1.0D0,1.0D0,1.0D0,1.0D0,1.0D0,1.0D0,1.0D0,1.0D0,1.0D0,1.0D0,     0000011P    999
1.0D0,1.0D0,1.0D0,1.0D0,1.0D0,1.0D0,1.0D0,1.0D0,1.0D0,1.0D0,     0000011P   1000
1.0D0,1.0D0,1.0D0,1.0D0,1.0D0,1.0D0,1.0D0,1.0D0,1.0D0,1.0D0,     0000011P   1001
1.0D0,1.0D0,1.0D0,1.0D0,1.0D0,1.0D0,1.0D0,1.0D0,1.0D0,1.0D0,     0000011P   1002
1.0D0,1.0D0,1.0D0,1.0D0,1.0D0,1.0D0,1.0D0,1.0D0,1.0D0,1.0D0,     0000011P   1003
1.0D0,1.0D0,1.0D0,1.0D0,1.0D0,1.0D0,1.0D0,1.0D0,1.0D0,1.0D0,     0000011P   1004
1.0D0,1.0D0,1.0D0,1.0D0,1.0D0,1.0D0,1.0D0,1.0D0,1.0D0,1.0D0,     0000011P   1005
1.0D0,1.0D0,1.0D0,1.0D0,1.0D0,1.0D0,1.0D0,1.0D0,1.0D0,1.0D0,     0000011P   1006
1.0D0,1.0D0,1.0D0,1.0D0,1.0D0,1.0D0,1.0D0,1.0D0,1.0D0,1.0D0,     0000011P   1007
1.0D0,1.0D0,1.0D0,1.0D0,1.0D0,1.0D0,1.0D0,1.0D0,1.0D0,1.0D0,     0000011P   1008
1.0D0,1.0D0,1.0D0,1.0D0,1.0D0,1.0D0,1.0D0,1.0D0,1.0D0,1.0D0,     0000011P   1009
1.0D0,1.0D0,1.0D0,1.0D0,1.0D0,1.0D0,1.0D0,1.0D0,1.0D0,1.0D0,     0000011P   1010
1.0D0,1.0D0,1.0D0,1.0D0,1.0D0,1.0D0,1.0D0,1.0D0,1.0D0,1.0D0,     0000011P   1011
1.0D0,1.0D0,1.0D0,1.0D0,1.0D0,1.0D0,1.0D0,1.0D0,1.0D0,1.0D0,     0000011P   1012
1.0D0,1.0D0,1.0D0,1.0D0,1.0D0,1.0D0,1.0D0,1.0D0,1.0D0,1.0D0,     0000011P   1013
1.0D0,1.0D0,1.0D0,1.0D0,1.0D0,1.0D0,1.0D0,1.0D0,1.0D0,1.0D0,     0000011P   1014
1.0D0,1.0D0,1.0D0,1.0D0,1.0D0,1.0D0,1.0D0,1.0D0,1.0D0,1.0D0,     0000011P   1015
1.0D0,1.0D0,1.0D0,1.0D0,1.0D0,1.0D0,1.0D0,1.0D0,1.0D0,1.0D0,     0000011P   1016
1.0D0,1.0D0,1.0D0,1.0D0,1.0D0,1.0D0,1.0D0,1.0D0,1.0D0,1.0D0,     0000011P   1017
1.0D0,1.0D0,1.0D0,1.0D0,1.0D0,1.0D0,1.0D0,1.0D0,1.0D0,1.0D0,     0000011P   1018
1.0D0,1.0D0,1.0D0,1.0D0,1.0D0,1.0D0,1.0D0,1.0D0,1.0D0,1.0D0,     0000011P   1019
1.0D0,1.0D0,1.0D0,1.0D0,1.0D0,1.0D0,1.0D0,1.0D0,1.0D0,1.0D0,     0000011P   1020
1.0D0,1.0D0,1.0D0,1.0D0,1.0D0,1.0D0,1.0D0,1.0D0,1.0D0,1.0D0,     0000011P   1021
1.0D0,1.0D0,1.0D0,1.0D0,1.0D0,1.0D0,1.0D0,1.0D0,1.0D0,1.0D0,     0000011P   1022
1.0D0,1.0D0,1.0D0,1.0D0,1.0D0,1.0D0,1.0D0,1.0D0,1.0D0,1.0D0,     0000011P   1023
1.0D0,1.0D0,1.0D0,1.0D0,1.0D0,1.0D0,1.0D0,1.0D0,1.0D0,1.0D0,     0000011P   1024
1.0D0,1.0D0,1.0D0,1.0D0,1.0D0,1.0D0,1.0D0,1.0D0,1.0D0,1.0D0,     0000011P   1025
1.0D0,1.0D0,1.0D0,1.0D0,1.0D0,1.0D0,1.0D0,1.0D0,1.0D0,1.0D0,     0000011P   1026
1.0D0,1.0D0,1.0D0,1.0D0,1.0D0,1.0D0,1.0D0,1.0D0,1.0D0,1.0D0,     0000011P   1027
1.0D0,1.0D0,1.0D0,1.0D0,1.0D0,1.0D0,1.0D0,1.0D0,1.0D0,1.0D0,     0000011P   1028
1.0D0,1.0D0,1.0D0,1.0D0,1.0D0,1.0D0,1.0D0,1.0D0,1.0D0,1.0D0,     0000011P   1029
1.0D0,1.0D0,1.0D0,1.0D0,1.0D0,1.0D0,1.0D0,1.0D0,1.0D0,1.0D0,     0000011P   1030
1.0D0,1.0D0,1.0D0,1.0D0,1.0D0,1.0D0,1.0D0,1.0D0,1.0D0,1.0D0,     0000011P   1031
1.0D0,1.0D0,1.0D0,1.0D0,1.0D0,1.0D0,1.0D0,1.0D0,1.0D0,1.0D0,     0000011P   1032
1.0D0,1.0D0,1.0D0,1.0D0,1.0D0,1.0D0,1.0D0,1.0D0,1.0D0,1.0D0,     0000011P   1033
1.0D0,1.0D0,1.0D0,1.0D0,1.0D0,1.0D0,1.0D0,1.0D0,1.0D0,1.0D0,     0000011P   1034
1.0D0,1.0D0,1.0D0,1.0D0,1.0D0,1.0D0,1.0D0,1.0D0,1.0D0,1.0D0,     0000011P   1035
1.0D0,1.0D0,1.0D0,1.0D0,1.0D0,1.0D0,1.0D0,1.0D0,1.0D0,1.0D0,     0000011P   1036
1.0D0,1.0D0,1.0D0,1.0D0,1.0D0,1.0D0,1.0D0,1.0D0,1.0D0,1.0D0,     0000011P   1037
1.0D0,1.0D0,1.0D0,1.0D0,1.0D0,1.0D0,1.0D0,1.0D0,1.0D0,1.0D0,     0000011P   1038
1.0D0,1.0D0,1.0D0,1.0D0,1.0D0,1.0D0,1.0D0,1.0D0,1.0D0,1.0D0,     0000011P   1039
1.0D0,1.0D0,1.0D0,1.0D0,1.0D0,1.0D0,1.0D0,1.0D0,1.0D0,1.0D0,     0000011P   1040
1.0D0,1.0D0,1.0D0,1.0D0,1.0D0,1.0D0,1.0D0,1.0D0,1.0D0,1.0D0,     0000011P   1041
1.0D0,1.0D0,1.0D0,1.0D0,1.0D0,1.0D0,1.0D0,1.0D0,1.0D0,1.0D0,     0000011P   1042
1.0D0,1.0D0,1.0D0,1.0D0,1.0D0,1.0D0,1.0D0,1.0D0,1.0D0,1.0D0,     0000011P   1043
1.0D0,1.0D0,1.0D0,1.0D0,1.0D0,1.0D0,1.0D0,1.0D0,1.0D0,1.0D0,     0000011P   1044
1.0D0,1.0D0,1.0D0,1.0D0,1.0D0,1.0D0,1.0D0,1.0D0,1.0D0,1.0D0,     0000011P   1045
1.0D0,1.0D0,1.0D0,1.0D0,1.0D0,1.0D0,1.0D0,1.0D0,1.0D0,1.0D0,     0000011P   1046
1.0D0,1.0D0,1.0D0,1.0D0,1.0D0,1.0D0,1.0D0,1.0D0,1.0D0,1.0D0,     0000011P   1047
1.0D0,1.0D0,1.0D0,1.0D0,1.0D0,1.0D0,1.0D0,1.0D0,1.0D0,1.0D0,     0000011P   1048
1.0D0,1.0D0,1.0D0,1.0D0,1.0D0,1.0D0,1.0D0,1.0D0,1.0D0,1.0D0,     0000011P   1049
1.0D0,1.0D0,1.0D0,1.0D0,1.0D0,1.0D0,1.0D0,1.0D0,1.0D0,1.0D0,     0000011P   1050
1.0D0,1.0D0,1.0D0,1.0D0,1.0D0,1.0D0,1.0D0,1.0D0,1.0D0,1.0D0,     0000011P   1051
1.0D0,1.0D0,1.0D0,1.0D0,1.0D0,1.0D0,1.0D0,1.0D0,1.0D0,1.0D0,     0000011P   1052
1.0D0,1.0D0,1.0D0,1.0D0,1.0D0,1.0D0,1.0D0,1.0D0,1.0D0,1.0D0,     0000011P   1053
1.0D0,1.0D0,1.0D0,1.0D0,1.0D0,1.0D0,1.0D0,1.0D0,1.0D0,1.0D0,     0000011P   1054
1.0D0,1.0D0,1.0D0,1.0D0,1.0D0,1.0D0,1.0D0,1.0D0,1.0D0,1.0D0,     0000011P   1055
1.0D0,1.0D0,1.0D0,1.0D0,1.0D0,1.0D0,1.0D0,1.0D0,1.0D0,1.0D0,     0000011P   1056
1.0D0,1.0D0,1.0D0,1.0D0,1.0D0,1.0D0,1.0D0,1.0D0,1.0D0,1.0D0,     0000011P   1057
1.0D0,1.0D0,1.0D0,1.0D0,1.0D0,1.0D0,1.0D0,1.0D0,1.0D0,1.0D0,     0000011P   1058
1.0D0,1.0D0,1.0D0,1.0D0,1.0D0,1.0D0,1.0D0,1.0D0,1.0D0,1.0D0,     0000011P   1059
1.0D0,1.0D0,1.0D0,1.0D0,1.0D0,1.0D0,1.0D0,1.0D0,1.0D0,1.0D0,     0000011P   1060
1.0D0,1.0D0,1.0D0,1.0D0,1.0D0,1.0D0,1.0D0,1.0D0,1.0D0,1.0D0,     0000011P   1061
1.0D0,1.0D0,1.0D0,1.0D0,1.0D0,1.0D0,1.0D0,1.0D0,1.0D0,1.0D0,     0000011P   1062
1.0D0,1.0D0,1.0D0,1.0D0,1.0D0,1.0D0,1.0D0,1.0D0,1.0D0,1.0D0,     0000011P   1063
1.0D0,1.0D0,1.0D0,1.0D0,1.0D0,1.0D0,1.0D0,1.0D0,1.0D0,1.0D0,     0000011P   1064
1.0D0,1.0D0,1.0D0,1.0D0,1.0D0,1.0D0,1.0D0,1.0D0,1.0D0,1.0D0,     0000011P   1065
1.0D0,1.0D0,1.0D0,1.0D0,1.0D0,1.0D0,1.0D0,1.0D0,1.0D0,1.0D0,     0000011P   1066
1.0D0,1.0D0,1.0D0,1.0D0,1.0D0,1.0D0,1.0D0,1.0D0,1.0D0,1.0D0,     0000011P   1067
1.0D0,1.0D0,1.0D0,1.0D0,1.0D0,1.0D0,1.0D0,1.0D0,1.0D0,1.0D0,     0000011P   1068
1.0D0,1.0D0,1.0D0,1.0D0,1.0D0,1.0D0,1.0D0,1.0D0,1.0D0,1.0D0,     0000011P   1069
1.0D0,1.0D0,1.0D0,1.0D0,1.0D0,1.0D0,1.0D0,1.0D0,1.0D0,1.0D0,     0000011P   1070
1.0D0,1.0D0,1.0D0,1.0D0,1.0D0,1.0D0,1.0D0,1.0D0,1.0D0,1.0D0,     0000011P   1071
1.0D0,1.0D0,1.0D0,1.0D0,1.0D0,1.0D0,1.0D0,1.0D0,1.0D0,1.0D0,     0000011P   1072
1.0D0,1.0D0,1.0D0,1.0D0,1.0D0,1.0D0,1.0D0,1.0D0,1.0D0,1.0D0,     0000011P   1073
1.0D0,1.0D0,1.0D0,1.0D0,1.0D0,1.0D0,1.0D0,1.0D0,1.0D0,1.0D0,     0000011P   1074
1.0D0,1.0D0,1.0D0,1.0D0,1.0D0,1.0D0,1.0D0,1.0D0,1.0D0,1.0D0,     0000011P   1075
1.0D0,1.0D0,1.0D0,1.0D0,1.0D0,1.0D0,1.0D0,1.0D0,1.0D0,1.0D0,     0000011P   1076
1.0D0,1.0D0,1.0D0,1.0D0,1.0D0,1.0D0,1.0D0,1.0D0,1.0D0,1.0D0,     0000011P   1077
1.0D0,1.0D0,1.0D0,1.0D0,1.0D0,1.0D0,1.0D0,1.0D0,1.0D0,1.0D0,     0000011P   1078
1.0D0,1.0D0,1.0D0,1.0D0,1.0D0,1.0D0,1.0D0,1.0D0,1.0D0,1.0D0,     0000011P   1079
1.0D0,1.0D0,1.0D0,1.0D0,1.0D0,1.0D0,1.0D0,1.0D0,1.0D0,1.0D0,     0000011P   1080
1.0D0,1.0D0,1.0D0,1.0D0,1.0D0,1.0D0,1.0D0,1.0D0,1.0D0,1.0D0,     0000011P   1081
1.0D0,1.0D0,1.0D0,1.0D0,1.0D0,1.0D0,1.0D0,1.0D0,1.0D0,1.0D0,     0000011P   1082
1.0D0,1.0D0,1.0D0,1.0D0,1.0D0,1.0D0,1.0D0,1.0D0,1.0D0,1.0D0,     0000011P   1083
1.0D0,1.0D0,1.0D0,1.0D0,1.0D0,1.0D0,1.0D0,1.0D0,1.0D0,1.0D0,     0000011P   1084
1.0D0,1.0D0,1.0D0,1.0D0,1.0D0,1.0D0,1.0D0,1.0D0,1.0D0,1.0D0,     0000011P   1085
1.0D0,1.0D0,1.0D0,1.0D0,1.0D0,1.0D0,1.0D0,1.0D0,1.0D0,1.0D0,     0000011P   1086
1.0D0,1.0D0,1.0D0,1.0D0,1.0D0,1.0D0,1.0D0,1.0D0,1.0D0,1.0D0,     0000011P   1087
1.0D0,1.0D0,1.0D0,1.0D0,1.0D0,1.0D0,1.0D0,1.0D0,1.0D0,1.0D0,     0000011P   1088
1.0D0,1.0D0,1.0D0,1.0D0,1.0D0,1.0D0,1.0D0,1.0D0,1.0D0,1.0D0,     0000011P   1089
1.0D0,1.0D0,1.0D0,1.0D0,1.0D0,1.0D0,1.0D0,1.0D0,1.0D0,1.0D0,     0000011P   1090
1.0D0,1.0D0,1.0D0,1.0D0,1.0D0,1.0D0,1.0D0,1.0D0,1.0D0,1.0D0,     0000011P   1091
1.0D0,1.0D0,1.0D0,1.0D0,1.0D0,1.0D0,1.0D0,1.0D0,1.0D0,1.0D0,     0000011P   1092
1.0D0,1.0D0,1.0D0,1.0D0,1.0D0,1.0D0,1.0D0,1.0D0,1.0D0,1.0D0,     0000011P   1093
1.0D0,1.0D0,1.0D0,1.0D0,1.0D0,1.0D0,1.0D0,1.0D0,1.0D0,1.0D0,     0000011P   1094
1.0D0,1.0D0,1.0D0,1.0D0,1.0D0,1.0D0,1.0D0,1.0D0,1.0D0,1.0D0,     0000011P   1095
1.0D0,1.0D0,1.0D0,1.0D0,1.0D0,1.0D0,1.0D0,1.0D0,1.0D0,1.0D0,     0000011P   1096
1.0D0,1.0D0,1.0D0,1.0D0,1.0D0,1.0D0,1.0D0,1.0D0,1.0D0,1.0D0,     0000011P   1097
1.0D0,1.0D0,1.0D0,1.0D0,1.0D0,1.0D0,1.0D0,1.0D0,1.0D0,1.0D0,     0000011P   1098
1.0D0,1.0D0,1.0D0,1.0D0,1.0D0,1.0D0,1.0D0,1.0D0,1.0D0,1.0D0,     0000011P   1099
1.0D0,1.0D0,1.0D0,1.0D0,1.0D0,1.0D0,1.0D0,1.0D0,1.0D0,1.0D0,     0000011P   1100
1.0D0,1.0D0,1.0D0,1.0D0,1.0D0,1.0D0,1.0D0,1.0D0,1.0D0,1.0D0,     0000011P   1101
1.0D0,1.0D0,1.0D0,1.0D0,1.0D0,1.0D0,1.0D0,1.0D0,1.0D0,1.0D0,     0000011P   1102
1.0D0,1.0D0,1.0D0,1.0D0,1.0D0,1.0D0,1.0D0,1.0D0,1.0D0,1.0D0,     0000011P   1103
1.0D0,1.0D0,1.0D0,1.0D0,1.0D0,1.0D0,1.0D0,1.0D0,1.0D0,1.0D0,     0000011P   1104
1.0D0,1.0D0,1.0D0,1.0D0,1.0D0,1.0D0,1.0D0,1.0D0,1.0D0,1.0D0,     0000011P   1105
1.0D0,1.0D0,1.0D0,1.0D0,1.0D0,1.0D0,1.0D0,1.0D0,1.0D0,1.0D0,     0000011P   1106
1.0D0,1.0D0,1.0D0,1.0D0,1.0D0,1.0D0,1.0D0,1.0D0,1.0D0,1.0D0,     0000011P   1107
1.0D0,1.0D0,1.0D0,1.0D0,1.0D0,1.0D0,1.0D0,1.0D0,1.0D0,1.0D0,     0000011P   1108
1.0D0,1.0D0,1.0D0,1.0D0,1.0D0,1.0D0,1.0D0,1.0D0,1.0D0,1.0D0,     0000011P   1109
1.0D0,1.0D0,1.0D0,1.0D0,1.0D0,1.0D0,1.0D0,1.0D0,1.0D0,1.0D0,     0000011P   1110
1.0D0,1.0D0,1.0D0,1.0D0,1.0D0,1.0D0,1.0D0,1.0D0,1.0D0,1.0D0,     0000011P   1111
1.0D0,1.0D0,1.0D0,1.0D0,1.0D0,1.0D0,1.0D0,1.0D0,1.0D0,1.0D0,     0000011P   1112
1.0D0,1.0D0,1.0D0,1.0D0,1.0D0,1.0D0,1.0D0,1.0D0,1.0D0,1.0D0,     0000011P   1113
1.0D0,1.0D0,1.0D0,1.0D0,1.0D0,1.0D0,1.0D0,1.0D0,1.0D0,1.0D0,     0000011P   1114
1.0D0,1.0D0,1.0D0,1.0D0,1.0D0,1.0D0,1.0D0,1.0D0,1.0D0,1.0D0,     0000011P   1115
1.0D0,1.0D0,1.0D0,1.0D0,1.0D0,1.0D0,1.0D0,1.0D0,1.0D0,1.0D0,     0000011P   1116
1.0D0,1.0D0,1.0D0,1.0D0,1.0D0,1.0D0,1.0D0,1.0D0,1.0D0,1.0D0,     0000011P   1117
1.0D0,1.0D0,1.0D0,1.0D0,1.0D0,1.0D0,1.0D0,1.0D0,1.0D0,1.0D0,     0000011P   1118
1.0D0,1.0D0,1.0D0,1.0D0,1.0D0,1.0D0,1.0D0,1.0D0,1.0D0,1.0D0,     0000011P   1119
1.0D0,1.0D0,1.0D0,1.0D0,1.0D0,1.0D0,1.0D0,1.0D0,1.0D0,1.0D0,     0000011P   1120
1.0D0,1.0D0,1.0D0,1.0D0,1.0D0,1.0D0,1.0D0,1.0D0,1.0D0,1.0D0,     0000011P   1121
1.0D0,1.0D0,1.0D0,1.0D0,1.0D0,1.0D0,1.0D0,1.0D0,1.0D0,1.0D0,     0000011P   1122
1.0D0,1.0D0,1.0D0,1.0D0,1.0D0,1.0D0,1.0D0,1.0D0,1.0D0,1.0D0,     0000011P   1123
1.0D0,1.0D0,1.0D0,1.0D0,1.0D0,1.0D0,1.0D0,1.0D0,1.0D0,1.0D0,     0000011P   1124
1.0D0,1.0D0,1.0D0,1.0D0,1.0D0,1.0D0,1.0D0,1.0D0,1.0D0,1.0D0,     0000011P   1125
1.0D0,1.0D0,1.0D0,1.0D0,1.0D0,1.0D0,1.0D0,1.0D0,1.0D0,1.0D0,     0000011P   1126
1.0D0,1.0D0,1.0D0,1.0D0,1.0D0,1.0D0,1.0D0,1.0D0,1.0D0,1.0D0,     0000011P   1127
1.0D0,1.0D0,1.0D0,1.0D0,1.0D0,1.0D0,1.0D0,1.0D0,1.0D0,1.0D0,     0000011P   1128
1.0D0,1.0D0,1.0D0,1.0D0,1.0D0,1.0D0,1.0D0,1.0D0,1.0D0,1.0D0,     0000011P   1129
1.0D0,1.0D0,1.0D0,1.0D0,1.0D0,1.0D0,1.0D0,1.0D0,1.0D0,1.0D0,     0000011P   1130
1.0D0,1.0D0,1.0D0,1.0D0,1.0D0,1.0D0,1.0D0,1.0D0,1.0D0,1.0D0,     0000011P   1131
1.0D0,1.0D0,1.0D0,1.0D0,1.0D0,1.0D0,1.0D0,1.0D0,1.0D0,1.0D0,     0000011P   1132
1.0D0,1.0D0,1.0D0,1.0D0,1.0D0,1.0D0,1.0D0,1.0D0,1.0D0,1.0D0,     0000011P   1133
1.0D0,1.0D0,1.0D0,1.0D0,1.0D0,1.0D0,1.0D0,1.0D0,1.0D0,1.0D0,     0000011P   1134
1.0D0,1.0D0,1.0D0,1.0D0,1.0D0,1.0D0,1.0D0,1.0D0,1.0D0,1.0D0,     0000011P   1135
1.0D0,1.0D0,1.0D0,1.0D0,1.0D0,1.0D0,1.0D0,1.0D0,1.0D0,1.0D0,     0000011P   1136
1.0D0,1.0D0,1.0D0,1.0D0,1.0D0,1.0D0,1.0D0,1.0D0,1.0D0,1.0D0,     0000011P   1137
1.0D0,1.0D0,1.0D0,1.0D0,1.0D0,1.0D0,1.0D0,1.0D0,1.0D0,1.0D0,     0000011P   1138
1.0D0,1.0D0,1.0D0,1.0D0,1.0D0,1.0D0,1.0D0,1.0D0,1.0D0,1.0D0,     0000011P   1139
1.0D0,1.0D0,1.0D0,1.0D0,1.0D0,1.0D0,1.0D0,1.0D0,1.0D0,1.0D0,     0000011P   1140
1.0D0,1.0D0,1.0D0,1.0D0,1.0D0,1.0D0,1.0D0,1.0D0,1.0D0,1.0D0,     0000011P   1141
1.0D0,1.0D0,1.0D0,1.0D0,1.0D0,1.0D0,1.0D0,1.0D0,1.0D0,1.0D0,     0000011P   1142
1.0D0,1.0D0,1.0D0,1.0D0,1.0D0,1.0D0,1.0D0,1.0D0,1.0D0,1.0D0,     0000011P   1143
1.0D0,1.0D0,1.0D0,1.0D0,1.0D0,1.0D0,1.0D0,1.0D0,1.0D0,1.0D0,     0000011P   1144
1.0D0,1.0D0,1.0D0,1.0D0,1.0D0,1.0D0,1.0D0,1.0D0,1.0D0,1.0D0,     0000011P   1145
1.0D0,1.0D0,1.0D0,1.0D0,1.0D0,1.0D0,1.0D0,1.0D0,1.0D0,1.0D0,     0000011P   1146
1.0D0,1.0D0,1.0D0,1.0D0,1.0D0,1.0D0,1.0D0,1.0D0,1.0D0,1.0D0,     0000011P   1147
1.0D0,1.0D0,1.0D0,1.0D0,1.0D0,1.0D0,1.0D0,1.0D0,1.0D0,1.0D0,     0000011P   1148
1.0D0,1.0D0,1.0D0,1.0D0,1.0D0,1.0D0,1.0D0,1.0D0,1.0D0,1.0D0,     0000011P   1149
1.0D0,1.0D0,1.0D0,1.0D0,1.0D0,1.0D0,1.0D0,1.0D0,1.0D0,1.0D0,     0000011P   1150
1.0D0,1.0D0,1.0D0,1.0D0,1.0D0,1.0D0,1.0D0,1.0D0,1.0D0,1.0D0,     0000011P   1151
1.0D0,1.0D0,1.0D0,1.0D0,1.0D0,1.0D0,1.0D0,1.0D0,1.0D0,1.0D0,     0000011P   1152
1.0D0,1.0D0,1.0D0,1.0D0,1.0D0,1.0D0,1.0D0,1.0D0,1.0D0,1.0D0,     0000011P   1153
1.0D0,1.0D0,1.0D0,1.0D0,1.0D0,1.0D0,1.0D0,1.0D0,1.0D0,1.0D0,     0000011P   1154
1.0D0,1.0D0,1.0D0,1.0D0,1.0D0,1.0D0,1.0D0,1.0D0,1.0D0,1.0D0,     0000011P   1155
1.0D0,1.0D0,1.0D0,1.0D0,1.0D0,1.0D0,1.0D0,1.0D0,1.0D0,1.0D0,     0000011P   1156
1.0D0,1.0D0,1.0D0,1.0D0,1.0D0,1.0D0,1.0D0,1.0D0,1.0D0,1.0D0,     0000011P   1157
1.0D0,1.0D0,1.0D0,1.0D0,1.0D0,1.0D0,1.0D0,1.0D0,1.0D0,1.0D0,     0000011P   1158
1.0D0,1.0D0,1.0D0,1.0D0,1.0D0,1.0D0,1.0D0,1.0D0,1.0D0,1.0D0,     0000011P   1159
1.0D0,1.0D0,1.0D0,1.0D0,1.0D0,1.0D0,1.0D0,1.0D0,1.0D0,1.0D0,     0000011P   1160
1.0D0,1.0D0,1.0D0,1.0D0,1.0D0,1.0D0,1.0D0,1.0D0,1.0D0,1.0D0,     0000011P   1161
1.0D0,1.0D0,1.0D0,1.0D0,1.0D0,1.0D0,1.0D0,1.0D0,1.0D0,1.0D0,     0000011P   1162
1.0D0,1.0D0,1.0D0,1.0D0,1.0D0,1.0D0,1.0D0,1.0D0,1.0D0,1.0D0,     0000011P   1163
1.0D0,1.0D0,1.0D0,1.0D0,1.0D0,1.0D0,1.0D0,1.0D0,1.0D0,1.0D0,     0000011P   1164
1.0D0,1.0D0,1.0D0,1.0D0,1.0D0,1.0D0,1.0D0,1.0D0,1.0D0,1.0D0,     0000011P   1165
1.0D0,1.0D0,1.0D0,1.0D0,1.0D0,1.0D0,1.0D0,1.0D0,1.0D0,1.0D0,     0000011P   1166
1.0D0,1.0D0,1.0D0,1.0D0,1.0D0,1.0D0,1.0D0,1.0D0,1.0D0,1.0D0,     0000011P   1167
1.0D0,1.0D0,1.0D0,1.0D0,1.0D0,1.0D0,1.0D0,1.0D0,1.0D0,1.0D0,     0000011P   1168
1.0D0,1.0D0,1.0D0,1.0D0,1.0D0,1.0D0,1.0D0,1.0D0,1.0D0,1.0D0,     0000011P   1169
1.0D0,1.0D0,1.0D0,1.0D0,1.0D0,1.0D0,1.0D0,1.0D0,1.0D0,1.0D0,     0000011P   1170
1.0D0,1.0D0,1.0D0,1.0D0,1.0D0,1.0D0,1.0D0,1.0D0,1.0D0,1.0D0,     0000011P   1171
1.0D0,1.0D0,1.0D0,1.0D0,1.0D0,1.0D0,1.0D0,1.0D0,1.0D0,1.0D0,     0000011P   1172
1.0D0,1.0D0,1.0D0,1.0D0,1.0D0,1.0D0,1.0D0,1.0D0,1.0D0,1.0D0,     0000011P   1173
1.0D0,1.0D0,1.0D0,1.0D0,1.0D0,1.0D0,1.0D0,1.0D0,1.0D0,1.0D0,     0000011P   1174
1.0D0,1.0D0,1.0D0,1.0D0,1.0D0,1.0D0,1.0D0,1.0D0,1.0D0,1.0D0,     0000011P   1175
1.0D0,1.0D0,1.0D0,1.0D0,1.0D0,1.0D0,1.0D0,1.0D0,1.0D0,1.0D0,     0000011P   1176
1.0D0,1.0D0,1.0D0,1.0D0,1.0D0,1.0D0,1.0D0,1.0D0,1.0D0,1.0D0,     0000011P   1177
1.0D0,1.0D0,1.0D0,1.0D0,1.0D0,1.0D0,1.0D0,1.0D0,1.0D0,1.0D0,     0000011P   1178
1.0D0,1.0D0,1.0D0,1.0D0,1.0D0,1.0D0,1.0D0,1.0D0,1.0D0,1.0D0,     0000011P   1179
1.0D0,1.0D0,1.0D0,1.0D0,1.0D0,1.0D0,1.0D0,1.0D0,1.0D0,1.0D0,     0000011P   1180
1.0D0,1.0D0,1.0D0,1.0D0,1.0D0,1.0D0,1.0D0,1.0D0,1.0D0,1.0D0,     0000011P   1181
1.0D0,1.0D0,1.0D0,1.0D0,1.0D0,1.0D0,1.0D0,1.0D0,1.0D0,1.0D0,     0000011P   1182
1.0D0,1.0D0,1.0D0,1.0D0,1.0D0,1.0D0,1.0D0,1.0D0,1.0D0,1.0D0,     0000011P   1183
1.0D0,1.0D0,1.0D0,1.0D0,1.0D0,1.0D0,1.0D0,1.0D0,1.0D0,1.0D0,     0000011P   1184
1.0D0,1.0D0,1.0D0,1.0D0,1.0D0,1.0D0,1.0D0,1.0D0,1.0D0,1.0D0,     0000011P   1185
1.0D0,1.0D0,1.0D0,1.0D0,1.0D0,1.0D0,1.0D0,1.0D0,1.0D0,1.0D0,     0000011P   1186
1.0D0,1.0D0,1.0D0,1.0D0,1.0D0,1.0D0,1.0D0,1.0D0,1.0D0,1.0D0,     0000011P   1187
1.0D0,1.0D0,1.0D0,1.0D0,1.0D0,1.0D0,1.0D0,1.0D0,1.0D0,1.0D0,     0000011P   1188
1.0D0,1.0D0,1.0D0,1.0D0,1.0D0,1.0D0,1.0D0,1.0D0,1.0D0,1.0D0,     0000011P   1189
1.0D0,1.0D0,1.0D0,1.0D0,1.0D0,1.0D0,1.0D0,1.0D0,1.0D0,1.0D0,     0000011P   1190
1.0D0,1.0D0,1.0D0,1.0D0,1.0D0,1.0D0,1.0D0,1.0D0,1.0D0,1.0D0,     0000011P   1191
1.0D0,1.0D0,1.0D0,1.0D0,1.0D0,1.0D0,1.0D0,1.0D0,1.0D0,1.0D0,     0000011P   1192
1.0D0,1.0D0,1.0D0,1.0D0,1.0D0,1.0D0,1.0D0,1.0D0,1.0D0,1.0D0,     0000011P   1193
1.0D0,1.0D0,1.0D0,1.0D0,1.0D0,1.0D0,1.0D0,1.0D0,1.0D0,1.0D0,     0000011P   1194
1.0D0,1.0D0,1.0D0,1.0D0,1.0D0,1.0D0,1.0D0,1.0D0,1.0D0,1.0D0,     0000011P   1195
1.0D0,1.0D0,1.0D0,1.0D0,1.0D0,1.0D0,1.0D0,1.0D0,1.0D0,1.0D0,     0000011P   1196
1.0D0,1.0D0,1.0D0,1.0D0,1.0D0,1.0D0,1.0D0,1.0D0,1.0D0,1.0D0,     0000011P   1197
1.0D0,1.0D0,1.0D0,1.0D0,1.0D0,1.0D0,1.0D0,1.0D0,1.0D0,1.0D0,     0000011P   1198
1.0D0,1.0D0,1.0D0,1.0D0,1.0D0,1.0D0,1.0D0,1.0D0,1.0D0,1.0D0,     0000011P   1199
1.0D0,1.0D0,1.0D0,1.0D0,1.0D0,1.0D0,1.0D0,1.0D0,1.0D0,1.0D0,     0000011P   1200
1.0D0,1.0D0,1.0D0,1.0D0,1.0D0,1.0D0,1.0D0,1.0D0,1.0D0,1.0D0,     0000011P   1201
1.0D0,1.0D0,1.0D0,1.0D0,1.0D0,1.0D0,1.0D0,1.0D0,1.0D0,1.0D0,     0000011P   1202
1.0D0,1.0D0,1.0D0,1.0D0,1.0D0,1.0D0,1.0D0,1.0D0,1.0D0,1.0D0,     0000011P   1203
1.0D0,1.0D0,1.0D0,1.0D0,1.0D0,1.0D0,1.0D0,1.0D0,1.0D0,1.0D0,     0000011P   1204
1.0D0,1.0D0,1.0D0,1.0D0,1.0D0,1.0D0,1.0D0,1.0D0,1.0D0,1.0D0,     0000011P   1205
1.0D0,1.0D0,1.0D0,1.0D0,1.0D0,1.0D0,1.0D0,1.0D0,1.0D0,1.0D0,     0000011P   1206
1.0D0,1.0D0,1.0D0,1.0D0,1.0D0,1.0D0,1.0D0,1.0D0,1.0D0,1.0D0,     0000011P   1207
1.0D0,1.0D0,1.0D0,1.0D0,1.0D0,1.0D0,1.0D0,1.0D0,1.0D0,1.0D0,     0000011P   1208
1.0D0,1.0D0,1.0D0,1.0D0,1.0D0,1.0D0,1.0D0,1.0D0,1.0D0,1.0D0,     0000011P   1209
1.0D0,1.0D0,1.0D0,1.0D0,1.0D0,1.0D0,1.0D0,1.0D0,1.0D0,1.0D0,     0000011P   1210
1.0D0,1.0D0,1.0D0,1.0D0,1.0D0,1.0D0,1.0D0,1.0D0,1.0D0,1.0D0,     0000011P   1211
1.0D0,1.0D0,1.0D0,1.0D0,1.0D0,1.0D0,1.0D0,1.0D0,1.0D0,1.0D0,     0000011P   1212
1.0D0,1.0D0,1.0D0,1.0D0,1.0D0,1.0D0,1.0D0,1.0D0,1.0D0,1.0D0,     0000011P   1213
1.0D0,1.0D0,1.0D0,1.0D0,1.0D0,1.0D0,1.0D0,1.0D0,1.0D0,1.0D0,     0000011P   1214
1.0D0,1.0D0,1.0D0,1.0D0,1.0D0,1.0D0,1.0D0,1.0D0,1.0D0,1.0D0,     0000011P   1215
-200.0D0,-0.00088473321018301D0,60.82516944704391D0,             0000011P   1216
-183.3327041228714D0,-0.0006635742671589651D0,                   0000011P   1217
59.70523169377672D0,-150.0027183459623D0,                        0000011P   1218
-0.0002804997695098849D0,57.43984702939698D0,                    0000011P   1219
-105.5489990537378D0,1.44925204515147D-05,54.32152013265974D0,   0000011P   1220
-66.64160230259229D0,7.299186160923207D-05,51.49785856330416D0,  0000011P   1221
-33.34492321657574D0,4.403995302147928D-05,48.99724611829173D0,  0000011P   1222
5.579027017326482D0,-1.449555618913753D-05,45.9482993400345D0,   0000011P   1223
50.00173475187268D0,-2.018013444262688D-05,42.28335743800037D0,  0000011P   1224
99.9930833903272D0,3.692973245107282D-06,38.00468651941968D0,    0000011P   1225
150.0157478821827D0,5.405636286612044D-06,33.65651070519632D0,   0000011P   1226
199.9615786861549D0,-9.8748691294021D-07,29.34242368056047D0,    0000011P   1227
249.9891436759292D0,-1.445496189229796D-06,25.14145899444466D0,  0000011P   1228
294.4026971976604D0,7.407415420850339D-08,21.61084569086217D0,   0000011P   1229
333.3112872044718D0,3.746239151559376D-07,18.73453669125551D0,   0000011P   1230
366.6707216814759D0,2.259247819864555D-07,16.42980921300814D0,   0000011P   1231
399.9530946252157D0,-3.124743134302584D-08,14.2924313054324D0,   0000011P   1232
433.3301188356499D0,-1.000222564408226D-07,12.31665070164801D0,  0000011P   1233
466.6424969639062D0,-6.032382009866854D-08,10.51212488136135D0,  0000011P   1234
499.9653852158068D0,8.348527790034885D-09,8.86688418623006D0,    0000011P   1235
533.3348000137779D0,2.671945063027178D-08,7.373973473200159D0,   0000011P   1236
566.6514134234035D0,1.6116426006241D-08,6.031210910159878D0,     0000011P   1237
605.5271332447267D0,-5.288996254270751D-09,4.634099241000556D0,  0000011P   1238
650.0074770303495D0,-7.364786850207215D-09,3.275787935104752D0,  0000011P   1239
699.997330723874D0,1.347454481973095D-09,2.067107006351669D0,    0000011P   1240
749.9840046945684D0,1.973229443338896D-09,1.150821407084983D0,   0000011P   1241
800.0333792404351D0,-3.616446071167215D-10,0.5018881105389781D0, 0000011P   1242
849.9988443734472D0,-5.295710094954124D-10,                      0000011P   1243
0.09620344290830474D0,900.0570771350666D0,9.715842405268327D-11, 0000011P   1244
-0.09412425995910922D0,949.972615624226D0,1.422653850899143D-10, 0000011P   1245
-0.09486093065874002D0,1000.071282574525D0,                      0000011P   1246
-2.611963718366626D-11,0.06753382232514582D0,1049.98001998773D0, 0000011P   1247
-3.824297451735201D-11,0.3645292689078019D0,1100.067139733145D0, 0000011P   1248
7.014577210755764D-12,0.7691233133012929D0,1149.996750762849D0,  0000011P   1249
1.027389680706439D-11,1.256518877842289D0,1200.067312333286D0,   0000011P   1250
-1.890544535284892D-12,1.833445144114158D0,1249.985280507797D0,  0000011P   1251
-2.766348596370158D-12,2.496744753607196D0,1300.074223478536D0,  0000011P   1252
5.05936187006146D-13,3.253122808393272D0,1349.96930660879D0,     0000011P   1253
7.480221243696121D-13,4.10434859785093D0,1400.067990888211D0,    0000011P   1254
-1.24952781597883D-13,5.06488241104087D0,1449.99713414621D0,     0000011P   1255
-1.878709065596895D-13,6.132639287211745D0,1500.061796524623D0,  0000011P   1256
4.721893297119137D-14,7.312108753735828D0,1549.976325143692D0,   0000011P   1257
6.575229067521902D-14,8.592187558739646D0,1600.065157732684D0,   0000011P   1258
2.061270611346098D-15,10.00073752728537D0,1649.972962934021D0,   0000011P   1259
-8.906518056864624D-15,11.55589751185998D0,1700.063745693039D0,  0000011P   1260
1.393242956789102D-15,13.29377764598105D0,1750.001373316427D0,   0000011P   1261
1.370267310241949D-15,15.23890994911377D0,1785.120131114812D0,   0000011P   1262
-1.08771386344506D-15,16.78415696867579D0,1805.265189497637D0,   0000011P   1263
-1.745515992406087D-15,17.73538397568728D0,1810.534409591175D0,  0000011P   1264
-1.880620339136701D-15,17.98747366518357D0,1815.780785536865D0,  0000011P   1265
-1.979815031220429D-15,18.24177656722042D0,1821.04953681937D0,   0000011P   1266
-2.043997167747961D-15,18.50052257993392D0,1826.331060894615D0,  0000011P   1267
-2.074063847809977D-15,18.76333986471954D0,1831.574958122092D0,  0000011P   1268
-2.070912170497175D-15,19.02773120910618D0,1836.841475686478D0,  0000011P   1269
-2.035439234900228D-15,19.29674267825563D0,1842.105560551846D0,  0000011P   1270
-1.968542140109829D-15,19.56924407519175D0,1847.381159978945D0,  0000011P   1271
-1.871117985216663D-15,19.84573066604994D0,1852.640921785478D0,  0000011P   1272
-1.74406386931141D-15,20.12585536801106D0,1857.885876653358D0,   0000011P   1273
-1.588276891484767D-15,20.40579428218334D0,1863.155777575605D0,  0000011P   1274
-1.404654150827417D-15,20.70222092654076D0,1868.415214015281D0,  0000011P   1275
-1.194092746430032D-15,20.95927500825291D0,1873.69007221748D0,   0000011P   1276
-9.574897773833152D-16,21.22293175956285D0,1878.940773909504D0,  0000011P   1277
-6.95742342777944D-16,21.49392235221023D0,1884.204944331075D0,   0000011P   1278
-4.097475417046132D-16,21.77428480801679D0,1889.472758227254D0,  0000011P   1279
-1.004024732540001D-16,22.06451010013272D0,1894.735907602758D0,  0000011P   1280
2.313957634832155D-16,22.36499060809086D0,1900.825007576937D0,   0000011P   1281
6.403026454558331D-16,22.7259558106997D0,1907.763133529902D0,    0000011P   1282
1.138320573810531D-15,23.1579857939013D0,1915.510784400077D0,    0000011P   1283
1.734067927806174D-15,23.67237985629787D0,1923.286660998645D0,   0000011P   1284
2.36139940243513D-15,24.22638989582106D0,1931.024478156012D0,    0000011P   1285
3.013736094787284D-15,24.8222139701141D0,1938.784519350015D0,    0000011P   1286
3.684499101952538D-15,25.4734067739255D0,1946.529730568247D0,    0000011P   1287
4.367109521020781D-15,26.18893004008844D0,1954.262184272282D0,   0000011P   1288
5.054988449081918D-15,26.98493285369244D0,1961.983356665548D0,   0000011P   1289
5.741556983225854D-15,27.88194459114277D0,1969.714182157699D0,   0000011P   1290
6.420236220542498D-15,28.9188436150279D0,1977.353461756447D0,    0000011P   1291
7.084447258121729D-15,30.11088046309168D0,1985.164821462044D0,   0000011P   1292
7.727611193053461D-15,31.62560362527576D0,1992.167892532254D0,   0000011P   1293
8.343149122427574D-15,33.20697605714905D0,2000.916118028269D0,   0000011P   1294
8.88172874409966D-15,36.06931329057507D0,2001.637079796238D0,    0000011P   1295
9.346607273129143D-15,36.40955938719147D0,2003.839458622731D0,   0000011P   1296
9.748403994758707D-15,37.29274456497777D0,2005.573158860763D0,   0000011P   1297
1.012897960144325D-14,38.15339207509989D0,2007.346671332266D0,   0000011P   1298
1.049010990015231D-14,39.18436910609334D0,2009.001970929757D0,   0000011P   1299
1.083357069785542D-14,40.33966222835125D0,2010.582596000076D0,   0000011P   1300
1.116113780152214D-14,41.62279875554242D0,2012.065404933526D0,   0000011P   1301
1.1474587018122D-14,42.99173330851635D0,2013.482721815815D0,     0000011P   1302
1.177569415462456D-14,44.44309362973898D0,2014.834246395742D0,   0000011P   1303
1.206623501799935D-14,45.94993614443041D0,2016.134675289697D0,   0000011P   1304
1.234798541521591D-14,47.50337666797206D0,2016.973367533462D0,   0000011P   1305
1.253114257390115D-14,48.56401085495371D0,2017.386447769664D0,   0000011P   1306
1.262184801120725D-14,49.09886603243428D0,-200.0D0,              0000011P   1307
-1.441971019301172D0,60.80580013124178D0,-183.3326688752284D0,   0000011P   1308
-1.459522005100034D0,59.69078340262672D0,-150.0025951878982D0,   0000011P   1309
-1.495282564970489D0,57.43379461613137D0,-105.5490265974605D0,   0000011P   1310
-1.544578400073762D0,54.32180676166399D0,-66.64158135926749D0,   0000011P   1311
-1.588875936369948D0,51.49943001522706D0,-33.34484333735868D0,   0000011P   1312
-1.627688889933824D0,48.99820218170879D0,5.578989293648261D0,    0000011P   1313
-1.674163105555769D0,45.94803922646793D0,50.00177170669998D0,    0000011P   1314
-1.729104929749196D0,42.28286185147044D0,99.99312618133008D0,    0000011P   1315
-1.790273512509382D0,38.00455941400517D0,150.0155397882965D0,    0000011P   1316
-1.84765379843259D0,33.65647000121459D0,199.9616888949306D0,     0000011P   1317
-1.904808776636759D0,29.34228124092611D0,249.9889109718193D0,    0000011P   1318
-1.96516230302487D0,25.14122582121934D0,294.4027983862133D0,     0000011P   1319
-2.015450516604358D0,21.61059154891236D0,333.3111249022768D0,    0000011P   1320
-2.052330675207595D0,18.73438360610718D0,366.6704422978164D0,    0000011P   1321
-2.080852162746226D0,16.42974176810486D0,399.953228100477D0,     0000011P   1322
-2.108002572321702D0,14.29239853636289D0,433.3298642508307D0,    0000011P   1323
-2.135434417200207D0,12.31661051321105D0,466.6423514912324D0,    0000011P   1324
-2.161202312216949D0,10.51201948033768D0,499.9654767188139D0,    0000011P   1325
-2.183281835014366D0,8.866741524141922D0,533.334579656428D0,     0000011P   1326
-2.199623705260001D0,7.373883847466374D0,566.651260831318D0,     0000011P   1327
-2.212723509040663D0,6.03120752829075D0,605.5272207462084D0,     0000011P   1328
-2.227058668473003D0,4.634183990957986D0,650.0073065579219D0,    0000011P   1329
-2.246114716260649D0,3.275859818445106D0,699.9973401691162D0,    0000011P   1330
-2.259669591993954D0,2.06705377343787D0,749.984137327832D0,      0000011P   1331
-2.253819739151801D0,1.150690787599892D0,800.0332752720922D0,    0000011P   1332
-2.239654538628142D0,0.5017214829973611D0,849.9991277887126D0,   0000011P   1333
-2.228233785460141D0,0.09603384973244999D0,900.0568887545705D0,  0000011P   1334
-2.213449435485025D0,-0.09433729708629102D0,949.9730861032634D0, 0000011P   1335
-2.189043844744368D0,-0.0952400564478566D0,1000.071056265412D0,  0000011P   1336
-2.157755546647189D0,0.06708991510053863D0,1049.980454657504D0,  0000011P   1337
-2.122126161188501D0,0.3643559477942944D0,1100.066940416396D0,   0000011P   1338
-2.083159502472313D0,0.7693954666924086D0,1149.997113180496D0,   0000011P   1339
-2.041608858417055D0,1.257236437971983D0,1200.067082467275D0,    0000011P   1340
-1.997673114079155D0,1.834692824833937D0,1249.985838041697D0,    0000011P   1341
-1.951191967491004D0,2.498734820610324D0,1300.073965390604D0,    0000011P   1342
-1.901978987176099D0,3.255843394530125D0,1349.969781214839D0,    0000011P   1343
-1.849288247544624D0,4.10758004239969D0,1400.067783220103D0,     0000011P   1344
-1.796034339306202D0,5.068411547832383D0,1449.997489927078D0,    0000011P   1345
-1.744726655078712D0,6.136330918555416D0,1500.061616363043D0,    0000011P   1346
-1.690536127304235D0,7.315212381109568D0,1549.976690027517D0,    0000011P   1347
-1.628194457873894D0,8.593401237170866D0,1600.064853128036D0,    0000011P   1348
-1.567474456441136D0,9.99927960024916D0,1649.973817494115D0,     0000011P   1349
-1.517666542597315D0,11.55155011731196D0,1700.063846425933D0,    0000011P   1350
-1.461875514797377D0,13.28112061385744D0,1750.000110972726D0,    0000011P   1351
-1.382620069671504D0,15.20734959018801D0,1785.118741781247D0,    0000011P   1352
-1.337292254034819D0,16.72909007972785D0,1805.265659306857D0,    0000011P   1353
-1.32286510420251D0,17.66268377385169D0,1810.535393764221D0,     0000011P   1354
-1.319544321101119D0,17.91018199797174D0,1815.782429019454D0,    0000011P   1355
-1.316535610845406D0,18.16014010293874D0,1821.051862168069D0,    0000011P   1356
-1.313671830943748D0,18.41500131713772D0,1826.333788560673D0,    0000011P   1357
-1.310912189986339D0,18.67461934690311D0,1831.57841346603D0,     0000011P   1358
-1.308009083157841D0,18.93673250304381D0,1836.845416165422D0,    0000011P   1359
-1.304903795065932D0,19.20459634916979D0,1842.110054829403D0,    0000011P   1360
-1.301398806952991D0,19.47730979365429D0,1847.385956037211D0,    0000011P   1361
-1.297427084394459D0,19.75558957666614D0,1852.645961206062D0,    0000011P   1362
-1.292828498993556D0,20.03931404413516D0,1857.891251736691D0,    0000011P   1363
-1.287415884150391D0,20.32490104898962D0,1863.161056386211D0,    0000011P   1364
-1.281146950351524D0,20.62916962901005D0,1868.420549562207D0,    0000011P   1365
-1.273756938062127D0,20.89674554549498D0,1873.694871480462D0,    0000011P   1366
-1.265288458655852D0,21.17361198377369D0,1878.945285454433D0,    0000011P   1367
-1.255406298850544D0,21.46072048205656D0,1884.208603492138D0,    0000011P   1368
-1.244157114812272D0,21.76032329325019D0,1889.475479398613D0,    0000011P   1369
-1.231271082167335D0,22.07313288465261D0,1894.737456987583D0,    0000011P   1370
-1.21666184615352D0,22.39976359285976D0,1900.824840153571D0,     0000011P   1371
-1.197619216561408D0,22.79536922991808D0,1907.760374590854D0,    0000011P   1372
-1.172766879951287D0,23.27324010865415D0,1915.504665164129D0,    0000011P   1373
-1.140966159891701D0,23.84617447984149D0,1923.277018487283D0,    0000011P   1374
-1.105402599880732D0,24.46446359421622D0,1931.011499933481D0,    0000011P   1375
-1.066435513429515D0,25.12885933690728D0,1938.768366660909D0,    0000011P   1376
-1.024360285686292D0,25.85141691250571D0,1946.511001958318D0,    0000011P   1377
-0.9794710697504807D0,26.6396201268212D0,1954.241560678907D0,    0000011P   1378
-0.932116149508565D0,27.50810639436786D0,1961.961987592798D0,    0000011P   1379
-0.8825266020878155D0,28.47587285607855D0,1969.693033301139D0,   0000011P   1380
-0.8311085842461473D0,29.58017949334988D0,1977.334719325178D0,   0000011P   1381
-0.7780082084475939D0,30.8347693917713D0,1985.148141166646D0,    0000011P   1382
-0.7240178047892721D0,32.40496857344122D0,1992.163696610588D0,   0000011P   1383
-0.6675646434274242D0,34.03450619695046D0,2000.897641906253D0,   0000011P   1384
-0.620113213443008D0,36.92709290365317D0,2001.694738850789D0,    0000011P   1385
-0.559346452043765D0,37.29847201282384D0,2003.949406505798D0,    0000011P   1386
-0.5070590407584068D0,38.20181156457686D0,2005.742121433094D0,   0000011P   1387
-0.4533210845567767D0,39.07749944241926D0,2007.574534029411D0,   0000011P   1388
-0.3994390362134812D0,40.11788492358451D0,2009.290866122205D0,   0000011P   1389
-0.3448328129225706D0,41.27755817713577D0,2010.933793132675D0,   0000011P   1390
-0.2896080128962466D0,42.56041752800137D0,2012.480475864397D0,   0000011P   1391
-0.2335964259343137D0,43.9250025657343D0,2013.962995225067D0,    0000011P   1392
-0.1767191604956198D0,45.36834443742037D0,2015.380893111707D0,   0000011P   1393
-0.1189183996752701D0,46.86401363633161D0,2016.748623127503D0,   0000011P   1394
-0.06013993938319355D0,48.4035552601175D0,2017.632913739128D0,   0000011P   1395
-0.02017940453126127D0,49.45339328251043D0,2018.068928667312D0,  0000011P   1396
1.262184801120725D-14,49.98254046090599D0,-199.9999999999999D0,  0000011P   1397
-4.313477340061335D0,60.7730127710279D0,-183.3325983799425D0,    0000011P   1398
-4.36961080456256D0,59.6668374611983D0,-150.0023488717701D0,     0000011P   1399
-4.48247657031599D0,57.42492699770615D0,-105.549081684906D0,     0000011P   1400
-4.635139926127001D0,54.32436754412738D0,-66.64153947261792D0,   0000011P   1401
-4.770994556444343D0,51.50441720259668D0,-33.34468357892456D0,   0000011P   1402
-4.888134900403514D0,49.002220116903D0,5.578913846291831D0,      0000011P   1403
-5.025061032884009D0,45.95006596679787D0,50.00184561635447D0,    0000011P   1404
-5.180620600479633D0,42.28466940851585D0,99.99321176333577D0,    0000011P   1405
-5.352581130149666D0,38.00727523192962D0,150.0151236005244D0,    0000011P   1406
-5.519598335540159D0,33.65964704443499D0,199.961909312482D0,     0000011P   1407
-5.693850633167715D0,29.3456494931899D0,249.9884455635983D0,     0000011P   1408
-5.887086748436515D0,25.14490272445682D0,294.4030007633183D0,    0000011P   1409
-6.04489471147382D0,21.61464309659734D0,333.3108002978892D0,     0000011P   1410
-6.14990620356507D0,18.73891258194916D0,366.6698835305013D0,     0000011P   1411
-6.227485162064641D0,16.43465710101479D0,399.9534950510009D0,    0000011P   1412
-6.302631143723524D0,14.29761758412398D0,433.3293550811837D0,    0000011P   1413
-6.385123759582285D0,12.32210837046993D0,466.6420605458709D0,    0000011P   1414
-6.464836316868764D0,10.51769911396946D0,499.9656597248239D0,    0000011P   1415
-6.531423132121379D0,8.872636860264819D0,533.334138941761D0,     0000011P   1416
-6.574479308621734D0,7.380113089284457D0,566.6509556472015D0,    0000011P   1417
-6.607187305824914D0,6.037816489236953D0,605.5273957491831D0,    0000011P   1418
-6.648400571701038D0,4.641235557917803D0,650.0069656128599D0,    0000011P   1419
-6.721379734500261D0,3.283294442786051D0,699.9973590594593D0,    0000011P   1420
-6.784575853060366D0,2.074698706903014D0,749.9844025951308D0,    0000011P   1421
-6.774974742212561D0,1.15850216565002D0,800.033067335933D0,      0000011P   1422
-6.729167241746613D0,0.5096615726912006D0,849.9996946163595D0,   0000011P   1423
-6.683644928609717D0,0.1040668854821831D0,900.0565119916087D0,   0000011P   1424
-6.63245124641847D0,-0.08623642602351112D0,949.974027072126D0,   0000011P   1425
-6.569231365898238D0,-0.08710267282173589D0,1000.070603654553D0, 0000011P   1426
-6.484813662037986D0,0.07545805036555464D0,1049.981323956673D0,  0000011P   1427
-6.369347151602608D0,0.3733934175984572D0,1100.066541755317D0,   0000011P   1428
-6.23869013702126D0,0.7794334986880358D0,1149.997838166964D0,    0000011P   1429
-6.108026693996695D0,1.268470819250084D0,1200.066622838511D0,    0000011P   1430
-5.97401213996484D0,1.847351784690048D0,1249.986952543476D0,     0000011P   1431
-5.832210629317892D0,2.513163414585407D0,1300.073448828118D0,    0000011P   1432
-5.685787161276153D0,3.272222186670931D0,1349.970732546194D0,    0000011P   1433
-5.536247833898816D0,4.125958655996186D0,1400.067369331478D0,    0000011P   1434
-5.382123700614442D0,5.088310286305635D0,1449.998193555244D0,    0000011P   1435
-5.220670477499528D0,6.156879722082884D0,1500.061250620704D0,    0000011P   1436
-5.051395208250289D0,7.336275238935521D0,1549.977449488432D0,    0000011P   1437
-4.872560851302692D0,8.615711397054177D0,1600.064264201036D0,    0000011P   1438
-4.69804387153728D0,10.01991445334185D0,1649.975415496422D0,     0000011P   1439
-4.540197219323924D0,11.56399271572208D0,1700.063971994772D0,    0000011P   1440
-4.365492750805661D0,13.2919478161126D0,1749.998002198452D0,     0000011P   1441
-4.138729622111279D0,15.23638795989301D0,1785.116286569691D0,    0000011P   1442
-4.01219248170468D0,16.77426351803347D0,1805.266488766329D0,     0000011P   1443
-3.971338387961307D0,17.71488411323723D0,1810.537124376241D0,    0000011P   1444
-3.961844129504282D0,17.9644356082112D0,1815.785341143788D0,     0000011P   1445
-3.953103453617236D0,18.21700865661845D0,1821.055996108078D0,    0000011P   1446
-3.944598575193628D0,18.47535834223323D0,1826.33858513098D0,     0000011P   1447
-3.936190762372374D0,18.73967465615915D0,1831.584528021692D0,    0000011P   1448
-3.927120843075792D0,19.00805215065651D0,1836.852372976602D0,    0000011P   1449
-3.917196313495243D0,19.28405058112296D0,1842.118005301119D0,    0000011P   1450
-3.905808259726206D0,19.56711226152173D0,1847.394414933354D0,    0000011P   1451
-3.892739220863328D0,19.85828207497996D0,1852.654835211445D0,    0000011P   1452
-3.877492454084603D0,20.15777441981665D0,1857.900753695663D0,    0000011P   1453
-3.859490101958693D0,20.46237584749156D0,1863.170355393203D0,    0000011P   1454
-3.838588938313603D0,20.78908163028955D0,1868.429989322589D0,    0000011P   1455
-3.813978326913187D0,21.08337483265836D0,1873.703308362876D0,    0000011P   1456
-3.78576974424673D0,21.3911397409911D0,1878.953263721726D0,      0000011P   1457
-3.752941192836103D0,21.7136538213309D0,1884.215045665642D0,     0000011P   1458
-3.71561628354784D0,22.05348298364546D0,1889.48027084151D0,      0000011P   1459
-3.672969185629173D0,22.41166787841974D0,1894.740191402955D0,    0000011P   1460
-3.624724477161796D0,22.78915195126727D0,1900.824548945106D0,    0000011P   1461
-3.561970951700474D0,23.25031733812946D0,1907.75547868299D0,     0000011P   1462
-3.480275639531432D0,23.81258403262455D0,1915.493793748631D0,    0000011P   1463
-3.376164703915563D0,24.49088418402211D0,1923.259887564992D0,    0000011P   1464
-3.260329673024422D0,25.22298063853015D0,1930.98847096694D0,     0000011P   1465
-3.134129594545953D0,26.00725437287645D0,1938.739692849544D0,    0000011P   1466
-2.998731731079431D0,26.85328304796461D0,1946.477755480052D0,    0000011P   1467
-2.855299649077641D0,27.76611605218481D0,1954.204922871097D0,    0000011P   1468
-2.705159307354582D0,28.75788889552787D0,1961.924021302377D0,    0000011P   1469
-2.549285044446605D0,29.84505568460921D0,1969.655378134208D0,    0000011P   1470
-2.389176437781998D0,31.06216107506923D0,1977.301400291091D0,    0000011P   1471
-2.225552931907401D0,32.42045468481604D0,1985.118066653907D0,    0000011P   1472
-2.061072624268706D0,34.08133903688906D0,1992.157252438441D0,    0000011P   1473
-1.891298432489182D0,35.78859713255035D0,2000.860920899766D0,    0000011P   1474
-1.750760727269635D0,38.72645970383005D0,2001.808275560986D0,    0000011P   1475
-1.572148715733721D0,39.14813888478832D0,2004.165350624841D0,    0000011P   1476
-1.420194512340768D0,40.08235218552718D0,2006.073608542214D0,    0000011P   1477
-1.265350581433073D0,40.98004422249714D0,2008.021033873673D0,    0000011P   1478
-1.111460403630976D0,42.03238770181526D0,2009.856357330777D0,    0000011P   1479
-0.9567078528131505D0,43.19503924137246D0,2011.62054349768D0,    0000011P   1480
-0.8013338459127233D0,44.4724984401038D0,2013.291373018732D0,    0000011P   1481
-0.6447578746256303D0,45.82433407645696D0,2014.900455459832D0,   0000011P   1482
-0.4866673866249376D0,47.24824335824517D0,2016.44703202868D0,    0000011P   1483
-0.3268130534924823D0,48.71868416633198D0,2017.945085316288D0,   0000011P   1484
-0.1649563852545738D0,50.22791941439076D0,2018.917589331432D0,   0000011P   1485
-0.05529717952849043D0,51.25464767981988D0,2019.397951808781D0,  0000011P   1486
1.262184801120724D-14,51.77163542715625D0,-199.9999999999999D0,  0000011P   1487
-8.685417811440415D0,60.74233969511344D0,-183.3324926370136D0,   0000011P   1488
-8.781023606163698D0,59.64641861241275D0,-150.0019793975779D0,   0000011P   1489
-8.980341151263165D0,57.42198975396873D0,-105.549164316074D0,    0000011P   1490
-9.262710262833364D0,54.33481722525914D0,-66.64147664264341D0,   0000011P   1491
-9.51878367282915D0,51.5180207222578D0,-33.34444394127329D0,     0000011P   1492
-9.748880274358932D0,49.01512821340709D0,5.578800675257206D0,    0000011P   1493
-10.03580569481758D0,45.96137169994528D0,50.00195648083615D0,    0000011P   1494
-10.3978237823199D0,42.29669616599554D0,99.99334013634434D0,     0000011P   1495
-10.80551124845221D0,38.02160422003695D0,150.0144993188668D0,    0000011P   1496
-11.16774218909496D0,33.67584453084588D0,199.9622399388096D0,    0000011P   1497
-11.50084130935097D0,29.3633480501674D0,249.9877474512652D0,     0000011P   1498
-11.82034137658669D0,25.16411770041012D0,294.4033043289747D0,    0000011P   1499
-12.09778376253072D0,21.63543606772847D0,333.3103133913117D0,    0000011P   1500
-12.33876508789757D0,18.76153094432678D0,366.6690453795349D0,    0000011P   1501
-12.53783723394596D0,16.4588801221112D0,399.9538954767886D0,     0000011P   1502
-12.72280130773911D0,14.32331980375943D0,433.3285913266989D0,    0000011P   1503
-12.88669954686776D0,12.34917526070185D0,466.6416241278048D0,    0000011P   1504
-13.03287443703653D0,10.54593976082815D0,499.9659342338316D0,    0000011P   1505
-13.16413082690074D0,8.90208852585738D0,533.3334778698136D0,     0000011P   1506
-13.28307066217369D0,7.410970998246626D0,566.6504978711147D0,    0000011P   1507
-13.38473391566899D0,6.070119679273184D0,605.5276582536623D0,    0000011P   1508
-13.47701151764828D0,4.675134381216481D0,650.0064541949275D0,    0000011P   1509
-13.5360050867349D0,3.318625640147829D0,699.9973873947425D0,     0000011P   1510
-13.53847196031778D0,2.110885008079279D0,749.9848004973434D0,    0000011P   1511
-13.47555232730764D0,1.194906454858952D0,800.032755432558D0,     0000011P   1512
-13.40215106380296D0,0.5465820788992204D0,850.0005448531066D0,   0000011P   1513
-13.37303229678863D0,0.1427322083601226D0,900.0559468439403D0,   0000011P   1514
-13.30826502677908D0,-0.045971769531306D0,949.975438543095D0,    0000011P   1515
-13.12684382905135D0,-0.04678943400926983D0,1000.069924750336D0, 0000011P   1516
-12.90604605757207D0,0.1160401162478451D0,1049.982627839263D0,   0000011P   1517
-12.72227770816943D0,0.4162700368329766D0,1100.065943718505D0,   0000011P   1518
-12.53660171654661D0,0.8256560816960459D0,1149.99892589437D0,    0000011P   1519
-12.3083071780194D0,1.318068258091437D0,1200.06593356456D0,      0000011P   1520
-12.05237852337687D0,1.900663628914572D0,1249.988623368725D0,    0000011P   1521
-11.78169270036812D0,2.570965505410214D0,1300.072673350911D0,    0000011P   1522
-11.48209527105837D0,3.334812751035898D0,1349.972163015618D0,    0000011P   1523
-11.13600637930156D0,4.193204804933032D0,1400.066750870416D0,    0000011P   1524
-10.79667748158445D0,5.160479284327607D0,1449.999235998377D0,    0000011P   1525
-10.51513814866681D0,6.234850153497433D0,1500.0606931279D0,      0000011P   1526
-10.21337690057694D0,7.421379762027854D0,1549.978637332085D0,    0000011P   1527
-9.810489078779963D0,8.709928988504828D0,1600.063414042987D0,    0000011P   1528
-9.419505034656142D0,10.12272437792421D0,1649.977630433762D0,    0000011P   1529
-9.150829506958797D0,11.67246799617989D0,1700.064035991238D0,    0000011P   1530
-8.842723407605345D0,13.42918634712537D0,1749.99552050874D0,     0000011P   1531
-8.329629019061736D0,15.45174568303426D0,1785.113133732787D0,    0000011P   1532
-8.040174597592422D0,17.04593665204565D0,1805.267552460586D0,    0000011P   1533
-7.963559552627422D0,18.00892114996318D0,1810.539330768112D0,    0000011P   1534
-7.946913394420946D0,18.26435053946949D0,1815.789095155333D0,    0000011P   1535
-7.932499320881485D0,18.52339150066176D0,1821.061350313549D0,    0000011P   1536
-7.918995372937721D0,18.78930640799226D0,1826.344700608321D0,    0000011P   1537
-7.905837698009254D0,19.06282918731253D0,1831.592395396307D0,    0000011P   1538
-7.891221563082493D0,19.3426282606541D0,1836.861293983351D0,     0000011P   1539
-7.874475571681922D0,19.63275917869029D0,1842.128230113945D0,    0000011P   1540
-7.854095507140268D0,19.93321887136353D0,1847.405246501312D0,    0000011P   1541
-7.829360058788591D0,20.24558394383251D0,1852.666172101775D0,    0000011P   1542
-7.798989352124648D0,20.57061238059421D0,1857.91296145171D0,     0000011P   1543
-7.761541283427532D0,20.90568328849971D0,1863.182241670234D0,    0000011P   1544
-7.716443011495016D0,21.26809579918458D0,1868.442131429085D0,    0000011P   1545
-7.661786874996586D0,21.60465843941454D0,1873.714060339026D0,    0000011P   1546
-7.597509438052567D0,21.96114665477254D0,1878.963519185827D0,    0000011P   1547
-7.521280316848475D0,22.33936631064505D0,1884.223273360524D0,    0000011P   1548
-7.433060344259147D0,22.74239331018554D0,1889.486391509572D0,    0000011P   1549
-7.330911469920808D0,23.17180008625352D0,1894.743696033253D0,    0000011P   1550
-7.213996461138621D0,23.62906325558305D0,1900.824183633509D0,    0000011P   1551
-7.060388882430151D0,24.19305673405912D0,1907.749153916488D0,    0000011P   1552
-6.858349076926578D0,24.88769625494204D0,1915.479726540847D0,    0000011P   1553
-6.599860290560207D0,25.73107643313142D0,1923.237720664955D0,    0000011P   1554
-6.312907417714165D0,26.64112957582096D0,1930.95872417688D0,     0000011P   1555
-6.002187681385775D0,27.61233358572927D0,1938.702632437643D0,    0000011P   1556
-5.672014734395027D0,28.65020309682129D0,1946.434785042886D0,    0000011P   1557
-5.326694837268931D0,29.75578915995045D0,1954.157518605031D0,    0000011P   1558
-4.970859035256922D0,30.93712771691509D0,1961.874890528777D0,    0000011P   1559
-4.608435133053136D0,32.20651161144709D0,1969.606502173834D0,    0000011P   1560
-4.244401413135587D0,33.59406579914499D0,1977.258247430222D0,    0000011P   1561
-3.882175892218996D0,35.10695298498745D0,1985.078339108188D0,    0000011P   1562
-3.529053892816585D0,36.90034373201787D0,1992.150777430263D0,    0000011P   1563
-3.178140377796328D0,38.71775509409772D0,2000.80621827166D0,     0000011P   1564
-2.900224413759566D0,41.71456314841556D0,2001.97566181258D0,     0000011P   1565
-2.558622740337002D0,42.20070465743446D0,2004.482792048292D0,    0000011P   1566
-2.278632358207995D0,43.16909543121834D0,2006.560290515033D0,    0000011P   1567
-2.001971042831768D0,44.0856613328765D0,2008.67566761987D0,      0000011P   1568
-1.735791540448146D0,45.13990379774889D0,2010.684442001262D0,    0000011P   1569
-1.475927383813616D0,46.28917270286567D0,2012.625036588538D0,    0000011P   1570
-1.222326191793576D0,47.53896314406957D0,2014.476186387953D0,    0000011P   1571
-0.9732927327790404D0,48.85048126904785D0,2016.268818553459D0,   0000011P   1572
-0.7276676871152845D0,50.22251696260242D0,2018.001747859516D0,   0000011P   1573
-0.4844181829651242D0,51.63095277288172D0,2019.688274979616D0,   0000011P   1574
-0.2425330253803201D0,53.06922192349245D0,2020.788210924307D0,   0000011P   1575
-0.08098993437243041D0,54.04344750664503D0,2021.332601206266D0,  0000011P   1576
1.262184801120726D-14,54.53308425889527D0,-200.0D0,              0000011P   1577
-12.9618857546918D0,60.73174587868859D0,-183.3323868940848D0,    0000011P   1578
-13.13162605356266D0,59.64294974304774D0,-150.0016099233858D0,   0000011P   1579
-13.4734923102006D0,57.43063887715888D0,-105.5492469472422D0,    0000011P   1580
-13.9363286059168D0,54.35297785210658D0,-66.64141381266903D0,    0000011P   1581
-14.34769793947423D0,51.53898377343305D0,-33.34420430362209D0,   0000011P   1582
-14.70316803429952D0,49.03628958180173D0,5.578687504222487D0,    0000011P   1583
-15.12085638894004D0,45.98232839856521D0,50.00206734531756D0,    0000011P   1584
-15.60036806606848D0,42.3189918297541D0,99.9934685093527D0,      0000011P   1585
-16.14324081610656D0,38.04655867962266D0,150.0138750372096D0,    0000011P   1586
-16.68972084820542D0,33.7036699254099D0,199.9625705651376D0,     0000011P   1587
-17.23282683041336D0,29.39411136062054D0,249.98704933893D0,      0000011P   1588
-17.76440216864304D0,25.19805759333966D0,294.4036078946298D0,    0000011P   1589
-18.20684015541231D0,21.67236806990719D0,333.309826484739D0,     0000011P   1590
-18.55614304298523D0,18.8012925383189D0,366.6682072285764D0,     0000011P   1591
-18.82996290088759D0,16.5009930670996D0,399.9542959025789D0,     0000011P   1592
-19.07795508332466D0,14.36759051287964D0,433.3278275721966D0,    0000011P   1593
-19.29934711775511D0,12.39546681925744D0,466.6411877097098D0,    0000011P   1594
-19.50523916331292D0,10.59416310147219D0,499.9662087428298D0,    0000011P   1595
-19.70591665807029D0,8.952506775956032D0,533.3328167979306D0,    0000011P   1596
-19.91132675830393D0,7.464128573742308D0,566.6500400951348D0,    0000011P   1597
-20.08962048611026D0,6.125987789554742D0,605.5279207581633D0,    0000011P   1598
-20.22834370695341D0,4.733510125327797D0,650.0059427765857D0,    0000011P   1599
-20.23418994356468D0,3.377979585170543D0,699.997415729746D0,     0000011P   1600
-20.2106388426262D0,2.171418654426034D0,749.9851984010861D0,     0000011P   1601
-20.33228611269867D0,1.259670544331833D0,800.0324435302277D0,    0000011P   1602
-20.3860684149502D0,0.615131933281603D0,850.0013950841347D0,     0000011P   1603
-20.15831059687611D0,0.2111165708199962D0,900.055381692366D0,    0000011P   1604
-19.87391419615618D0,0.0221648662607592D0,949.9768500354566D0,   0000011P   1605
-19.75742709354717D0,0.0248734299714144D0,1000.069245860731D0,   0000011P   1606
-19.61948880049386D0,0.1918623058395426D0,1049.983931641773D0,   0000011P   1607
-19.2678863478765D0,0.4937522500679066D0,1100.065345626995D0,    0000011P   1608
-18.83673415186687D0,0.9048881643273319D0,1150.000013921577D0,   0000011P   1609
-18.45857168079283D0,1.401699742149205D0,1200.065244495387D0,    0000011P   1610
-18.08169419466726D0,1.989867668418263D0,1249.990293071484D0,    0000011P   1611
-17.65088879502248D0,2.66555360174538D0,1300.071897106984D0,     0000011P   1612
-17.19467904479976D0,3.435943011597743D0,1349.973597687799D0,    0000011P   1613
-16.73672386447418D0,4.303435726982656D0,1400.066135280115D0,    0000011P   1614
-16.25990822002545D0,5.279849633481845D0,1450.00026270822D0,     0000011P   1615
-15.74324594906151D0,6.361069744249157D0,1500.060124888169D0,    0000011P   1616
-15.21618287381012D0,7.558431312605372D0,1549.979884061304D0,    0000011P   1617
-14.70460665300184D0,8.868283602268953D0,1600.062604107342D0,    0000011P   1618
-14.19695318587855D0,10.30383424476741D0,1649.97962501005D0,     0000011P   1619
-13.67683399096766D0,11.86881529469299D0,1700.06394947429D0,     0000011P   1620
-13.10237414993134D0,13.67324608597561D0,1749.993863628268D0,    0000011P   1621
-12.4269994166625D0,15.81626393061068D0,1785.110622349898D0,     0000011P   1622
-12.08702374341966D0,17.51323926583499D0,1805.268397695437D0,    0000011P   1623
-11.99790768089378D0,18.53073020247902D0,1810.541065702732D0,    0000011P   1624
-11.97823742268003D0,18.80060961339719D0,1815.792105809261D0,    0000011P   1625
-11.96043999082253D0,19.07476437944393D0,1821.065679722641D0,    0000011P   1626
-11.94250248181434D0,19.35686598778463D0,1826.34950967625D0,     0000011P   1627
-11.92354915188487D0,19.64809412105395D0,1831.598683938325D0,    0000011P   1628
-11.90084293661377D0,19.94759289308971D0,1836.868382288291D0,    0000011P   1629
-11.8733467763878D0,20.25981547187608D0,1842.136396273851D0,     0000011P   1630
-11.83877438130607D0,20.58521522536979D0,1847.41383074746D0,     0000011P   1631
-11.7960138204652D0,20.92580230279623D0,1852.675119647751D0,     0000011P   1632
-11.74311531721186D0,21.28278009686544D0,1857.922693851328D0,    0000011P   1633
-11.6778857510647D0,21.65402209185501D0,1863.191631953355D0,     0000011P   1634
-11.59943589532043D0,22.0570331007863D0,1868.451831642908D0,     0000011P   1635
-11.50487429308328D0,22.43984893477815D0,1873.722508626581D0,    0000011P   1636
-11.39407582563379D0,22.84803802063851D0,1878.971702632374D0,    0000011P   1637
-11.26351495235026D0,23.28383644513227D0,1884.229763539981D0,    0000011P   1638
-11.11310295764496D0,23.75073192663382D0,1889.491221359553D0,    0000011P   1639
-10.93990280107226D0,24.25073050241235D0,1894.746478102149D0,    0000011P   1640
-10.74262866868993D0,24.78574378235759D0,1900.82390486221D0,     0000011P   1641
-10.48461036644076D0,25.44848493374584D0,1907.744062596966D0,    0000011P   1642
-10.14696919120312D0,26.26827116800272D0,1915.468370381763D0,    0000011P   1643
-9.717474062462623D0,27.2656171028197D0,1923.219825623191D0,     0000011P   1644
-9.243492556400142D0,28.33991985222827D0,1930.934782953329D0,    0000011P   1645
-8.733324558558753D0,29.48218529750077D0,1938.672773889977D0,    0000011P   1646
-8.194694599215538D0,30.69429609822634D0,1946.40016504798D0,     0000011P   1647
-7.635316120208117D0,31.97373602028456D0,1954.119255330371D0,    0000011P   1648
-7.063389740457728D0,33.32487248984421D0,1961.835222957665D0,    0000011P   1649
-6.486061218052678D0,34.75626814031648D0,1969.566832979782D0,    0000011P   1650
-5.912052027757084D0,36.29405927982094D0,1977.22335594308D0,     0000011P   1651
-5.347743245690122D0,37.94175275296967D0,1985.045128277986D0,    0000011P   1652
-4.805331906668724D0,39.84871821537297D0,1992.148164904599D0,    0000011P   1653
-4.275729506041945D0,41.7586378260546D0,2000.751974217354D0,     0000011P   1654
-3.865820783078588D0,44.79963541324545D0,2002.139515320985D0,    0000011P   1655
-3.368939733650647D0,45.33828518718481D0,2004.792396847209D0,    0000011P   1656
-2.970090368810481D0,46.33111897203831D0,2007.034205035163D0,    0000011P   1657
-2.582849215132833D0,47.25789676795679D0,2009.312005913553D0,    0000011P   1658
-2.217606892896358D0,48.30633238786278D0,2011.488135822893D0,    0000011P   1659
-1.867775202154704D0,49.43535261628526D0,2013.598505812836D0,    0000011P   1660
-1.532937072124887D0,50.65133169433427D0,2015.622835026689D0,    0000011P   1661
-1.210211156312346D0,51.91699678729632D0,2017.591397981607D0,    0000011P   1662
-0.8975199761539147D0,53.23211410532159D0,2019.502612793959D0,   0000011P   1663
-0.5929757248127328D0,54.57387451220304D0,2021.369127994867D0,   0000011P   1664
-0.2947231107853601D0,55.93676518984037D0,2022.590579537569D0,   0000011P   1665
-0.09806296809654191D0,56.85564095931591D0,2023.195979629958D0,  0000011P   1666
1.262184801120725D-14,57.31650737191047D0,-199.9999999999999D0,  0000011P   1667
-17.36268040562064D0,60.74248799010684D0,-183.3322811511559D0,   0000011P   1668
-17.56133521404226D0,59.65748535088345D0,-150.0012404491936D0,   0000011P   1669
-17.96891697937971D0,57.45159187422173D0,-105.5493295784102D0,   0000011P   1670
-18.54649008771803D0,54.37925453857805D0,-66.64135098269432D0,   0000011P   1671
-19.08274575630548D0,51.56750691535525D0,-33.34396466597047D0,   0000011P   1672
-19.55568307302305D0,49.06581930886533D0,5.578574333188207D0,    0000011P   1673
-20.11559453899783D0,46.0131061241787D0,50.0021782097991D0,      0000011P   1674
-20.75454003183236D0,42.35208169029773D0,99.99359688236096D0,    0000011P   1675
-21.49307941992234D0,38.08325999863579D0,150.013250755553D0,     0000011P   1676
-22.27191846642579D0,33.74483858453861D0,199.9629011914659D0,    0000011P   1677
-23.0502032070989D0,29.44010912677315D0,249.9863512265928D0,     0000011P   1678
-23.78558171710108D0,25.24906995661895D0,294.4039114602833D0,    0000011P   1679
-24.36808761722077D0,21.72761820604955D0,333.3093395781703D0,    0000011P   1680
-24.79991655819753D0,18.85993244654053D0,366.6673690776247D0,    0000011P   1681
-25.13565634887399D0,16.56244705845545D0,399.9546963283711D0,    0000011P   1682
-25.45510289281496D0,14.4319923675032D0,433.3270638176786D0,     0000011P   1683
-25.77557436911181D0,12.46335008896716D0,466.6407512915888D0,    0000011P   1684
-26.07179872422106D0,10.66537591962546D0,499.96648325182D0,      0000011P   1685
-26.31755512747896D0,9.026518837683049D0,533.332155726106D0,     0000011P   1686
-26.48633785266125D0,7.539963154882628D0,566.6495823192515D0,    0000011P   1687
-26.62007847770482D0,6.203592825890688D0,605.5281832626829D0,    0000011P   1688
-26.78318258487147D0,4.814241007232447D0,650.0054313578722D0,    0000011P   1689
-27.0478720192122D0,3.465326590158355D0,699.9974440644958D0,     0000011P   1690
-27.23431844816244D0,2.264679056031724D0,749.9855963062132D0,    0000011P   1691
-27.09217307273273D0,1.352031736603486D0,800.0321316288429D0,    0000011P   1692
-26.86093885831101D0,0.7064540469186582D0,850.0022453099895D0,   0000011P   1693
-26.77989818005382D0,0.3079329395693975D0,900.0548165372588D0,   0000011P   1694
-26.65635101662473D0,0.1247358882289831D0,949.9782615471748D0,   0000011P   1695
-26.29537267522387D0,0.1271365756847587D0,1000.068566984347D0,   0000011P   1696
-25.87193082765813D0,0.2939538686030545D0,1049.985235371828D0,   0000011P   1697
-25.55933263461026D0,0.6020617225350549D0,1100.064747485996D0,   0000011P   1698
-25.21571966585412D0,1.021310010677965D0,1150.001102220044D0,    0000011P   1699
-24.69531718801932D0,1.523562186064801D0,1200.064555611497D0,    0000011P   1700
-24.10887739671887D0,2.117309525683297D0,1249.991961758618D0,    0000011P   1701
-23.56343763478406D0,2.801659555093309D0,1300.07112016933D0,     0000011P   1702
-23.00739733332602D0,3.582580624801864D0,1349.975036162618D0,    0000011P   1703
-22.38215931952979D0,4.461291066876626D0,1400.065522287269D0,    0000011P   1704
-21.72106319942891D0,5.450115700417292D0,1450.001275182651D0,    0000011P   1705
-21.05259215786652D0,6.54564819828957D0,1500.059546924665D0,     0000011P   1706
-20.36979325964418D0,7.761897165313556D0,1549.981184069935D0,    0000011P   1707
-19.66073028496441D0,9.098073847979308D0,1600.06183056476D0,     0000011P   1708
-18.95830521778321D0,10.56782458016872D0,1649.981420204595D0,    0000011P   1709
-18.28922828955489D0,12.17539906144108D0,1700.063726773446D0,    0000011P   1710
-17.52935239570563D0,14.05209178226221D0,1749.992953031692D0,    0000011P   1711
-16.54794183685761D0,16.31847795297613D0,1785.108691351876D0,    0000011P   1712
-16.03246299222672D0,18.13609258812426D0,1805.269045269145D0,    0000011P   1713
-15.89391496631188D0,19.23325253955457D0,1810.542374064833D0,    0000011P   1714
-15.86319353004627D0,19.52474600879208D0,1815.794443876374D0,    0000011P   1715
-15.83549129924509D0,19.8216117878206D0,1821.069081900321D0,     0000011P   1716
-15.8079855467337D0,20.12777564023347D0,1826.353136710487D0,     0000011P   1717
-15.77936975831928D0,20.44470816916321D0,1831.603543959311D0,    0000011P   1718
-15.74585565894263D0,20.77187434396881D0,1836.873812372418D0,    0000011P   1719
-15.70592164662073D0,21.11397011366007D0,1842.142699773336D0,    0000011P   1720
-15.65638047898701D0,21.47175044792285D0,1847.420381626379D0,    0000011P   1721
-15.59561072567158D0,21.84750420376402D0,1852.681905325103D0,    0000011P   1722
-15.52087382863795D0,22.24272534582153D0,1857.930186558962D0,    0000011P   1723
-15.42910677141229D0,22.65562689951427D0,1863.198763871788D0,    0000011P   1724
-15.31898506255813D0,23.1037645229642D0,1868.459322442611D0,     0000011P   1725
-15.18651457038245D0,23.53624647535811D0,1873.728872546477D0,    0000011P   1726
-15.03138961409387D0,23.99827932844372D0,1878.978011326238D0,    0000011P   1727
-14.84877061703142D0,24.49237455407918D0,1884.234681622862D0,    0000011P   1728
-14.63840043591277D0,25.0222768495746D0,1889.494883282814D0,     0000011P   1729
-14.39622416097835D0,25.59027102032369D0,1894.748606400556D0,    0000011P   1730
-14.12038851780648D0,26.19854883308662D0,1900.823704392206D0,    0000011P   1731
-13.75958096135846D0,26.95248129015159D0,1907.740087295035D0,    0000011P   1732
-13.28734310277932D0,27.88525915655029D0,1915.45946716803D0,     0000011P   1733
-12.68709770125937D0,29.01892896994765D0,1923.205795740649D0,    0000011P   1734
-12.02572208871108D0,30.23653607635058D0,1930.916094581703D0,    0000011P   1735
-11.31536605462552D0,31.52634392861148D0,1938.649431558486D0,    0000011P   1736
-10.56741224813906D0,32.88733280497009D0,1946.373100497771D0,    0000011P   1737
-9.793228533802138D0,34.31414877935853D0,1954.089262785917D0,    0000011P   1738
-9.004832345610012D0,35.80822035534238D0,1961.804117651977D0,    0000011P   1739
-8.212834636447369D0,37.37510954903849D0,1969.5354940288D0,      0000011P   1740
-7.429947314766636D0,39.0376936141139D0,1977.195939311802D0,     0000011P   1741
-6.665761757493661D0,40.79655312784047D0,1985.01781374431D0,     0000011P   1742
-5.937623953151291D0,42.79598643142175D0,1992.149047136708D0,    0000011P   1743
-5.234499170971878D0,44.78057038207017D0,2000.698145078671D0,    0000011P   1744
-4.699098980339905D0,47.85292483204552D0,2002.300172418349D0,    0000011P   1745
-4.054515858242269D0,48.43585215794993D0,2005.094911101526D0,    0000011P   1746
-3.544939139158758D0,49.44827932132914D0,2007.496567618312D0,    0000011P   1747
-3.056390729221047D0,50.38289381812901D0,2009.931790559491D0,    0000011P   1748
-2.602432386238849D0,51.42542490383386D0,2012.269760908056D0,    0000011P   1749
-2.173987441055196D0,52.53617933545075D0,2014.54390477441D0,     0000011P   1750
-1.77020739673095D0,53.72221356433632D0,2016.734952379345D0,     0000011P   1751
-1.3869580553782D0,54.94757883835546D0,2018.872552543645D0,      0000011P   1752
-1.021177043017564D0,56.21282075798595D0,2020.954753666018D0,    0000011P   1753
-0.6700548813047312D0,57.49624156764452D0,2022.993579075646D0,   0000011P   1754
-0.3308254456732878D0,58.79318547250306D0,2024.331193144707D0,   0000011P   1755
-0.1097133822034407D0,59.66359853443053D0,2024.994872379207D0,   0000011P   1756
1.262184801120725D-14,60.09925516443028D0,-199.9999999999999D0,  0000011P   1757
-21.64856617983099D0,60.77334854512591D0,-183.3321754082272D0,   0000011P   1758
-21.93303991387788D0,59.68969667097763D0,-150.0008709750017D0,   0000011P   1759
-22.5047442783715D0,57.4860616796864D0,-105.5494122095787D0,     0000011P   1760
-23.26791006356307D0,54.41603215346484D0,-66.64128815272024D0,   0000011P   1761
-23.93294192157855D0,51.60616956479465D0,-33.34372502831955D0,   0000011P   1762
-24.50611449795404D0,49.10614882321467D0,5.578461162153264D0,    0000011P   1763
-25.18667743904437D0,46.05589440157893D0,50.00228907428031D0,    0000011P   1764
-25.99053474568454D0,42.3982061094597D0,99.99372525536928D0,     0000011P   1765
-26.91780354513493D0,38.13384629555761D0,150.0126264738964D0,    0000011P   1766
-27.85516236188538D0,33.80062539426448D0,199.9632318177941D0,    0000011P   1767
-28.75942341258714D0,29.50111407528389D0,249.9856531142558D0,    0000011P   1768
-29.5855287049374D0,25.31490852208748D0,294.4042150259369D0,     0000011P   1769
-30.28556586060006D0,21.79844920980846D0,333.308852671601D0,     0000011P   1770
-30.89614686438165D0,18.93651416484324D0,366.6665309266721D0,    0000011P   1771
-31.39367780367304D0,16.64412655966471D0,399.9550967541633D0,    0000011P   1772
-31.84001871900261D0,14.51826201552657D0,433.3263000631631D0,    0000011P   1773
-32.20902137064127D0,12.55320434106693D0,466.6403148734719D0,    0000011P   1774
-32.52950992405627D0,10.75845572861221D0,499.9667577608117D0,    0000011P   1775
-32.82888251273384D0,9.123413705295761D0,533.3314946542727D0,    0000011P   1776
-33.13395458619998D0,7.642137862933119D0,566.649124543354D0,     0000011P   1777
-33.40807624095443D0,6.311141864313612D0,605.5284457672002D0,    0000011P   1778
-33.6481543002185D0,4.926622620683254D0,650.004919939215D0,      0000011P   1779
-33.7463403654925D0,3.57890566935658D0,699.9974723992837D0,      0000011P   1780
-33.7704082761367D0,2.379746232001729D0,749.9859942111306D0,     0000011P   1781
-33.85860313308253D0,1.475047280691442D0,800.031819727315D0,     0000011P   1782
-33.84378773150881D0,0.8370017460097401D0,850.0030955366278D0,   0000011P   1783
-33.55803013371547D0,0.4387046448077641D0,900.0542513826865D0,   0000011P   1784
-33.18354865803844D0,0.255493278573006D0,949.9796730559609D0,    0000011P   1785
-32.90127860776575D0,0.2647080692067902D0,1000.06788810596D0,    0000011P   1786
-32.56878582280581D0,0.4391479071629831D0,1049.986539112857D0,   0000011P   1787
-32.03975634983174D0,0.7496584275980212D0,1100.064149352492D0,   0000011P   1788
-31.4186580137568D0,1.171633043046477D0,1150.002190477423D0,     0000011P   1789
-30.80665277718873D0,1.682462414453781D0,1200.063866699542D0,    0000011P   1790
-30.1631533024929D0,2.286849389735011D0,1249.993630599588D0,     0000011P   1791
-29.441948675905D0,2.980209745615547D0,1300.070343336754D0,      0000011P   1792
-28.6788105722266D0,3.771483667067471D0,1349.976474061456D0,     0000011P   1793
-27.90134791641061D0,4.664917940745937D0,1400.064908900989D0,    0000011P   1794
-27.10065695040021D0,5.671443394800335D0,1450.002289813298D0,    0000011P   1795
-26.26149157696852D0,6.786445720966071D0,1500.058970434007D0,    0000011P   1796
-25.39394772643485D0,8.027255026272712D0,1549.982476008414D0,    0000011P   1797
-24.50199187709259D0,9.396588475489224D0,1600.061051509773D0,    0000011P   1798
-23.63377803515768D0,10.9138826285928D0,1649.983245599192D0,     0000011P   1799
-22.82974675697317D0,12.58926637999393D0,1700.063524700171D0,    0000011P   1800
-21.91240013337232D0,14.56382264371599D0,1749.99192939662D0,     0000011P   1801
-20.69586555779166D0,16.96799533463116D0,1785.106672443833D0,    0000011P   1802
-20.0316960356549D0,18.93284910324938D0,1805.269722782288D0,     0000011P   1803
-19.83492234883264D0,20.13795497592184D0,1810.54374703923D0,     0000011P   1804
-19.78975427973125D0,20.4589536186088D0,1815.796883819197D0,     0000011P   1805
-19.74776500491355D0,20.78677657889416D0,1821.072624524344D0,    0000011P   1806
-19.70543247852345D0,21.12545776849269D0,1826.356942785584D0,    0000011P   1807
-19.66112992093211D0,21.47661258272826D0,1831.608620356223D0,    0000011P   1808
-19.61012835142772D0,21.83988071817445D0,1836.879493624749D0,    0000011P   1809
-19.55053213064368D0,22.22005477656017D0,1842.149285407186D0,    0000011P   1810
-19.47836356873398D0,22.61804520099386D0,1847.427240496364D0,    0000011P   1811
-19.39160224084844D0,23.03627342795734D0,1852.689018457435D0,    0000011P   1812
-19.28683131255365D0,23.47637786570993D0,1857.938018509363D0,    0000011P   1813
-19.16022837636948D0,23.93676495250528D0,1863.206237861313D0,    0000011P   1814
-19.01014418111257D0,24.43489506325942D0,1868.467147898939D0,    0000011P   1815
-18.8315924252788D0,24.92080277692052D0,1873.735552182399D0,     0000011P   1816
-18.62419737099116D0,25.43918668186959D0,1878.984603986064D0,    0000011P   1817
-18.38191591053561D0,25.99268750675147D0,1884.239837828841D0,    0000011P   1818
-18.10443297792142D0,26.58516079950547D0,1889.498722110176D0,    0000011P   1819
-17.78668629906135D0,27.21902400534323D0,1894.750833724594D0,    0000011P   1820
-17.42636564404044D0,27.89660291958887D0,1900.823492062024D0,    0000011P   1821
-16.95681818934104D0,28.73484538342762D0,1907.735942951603D0,    0000011P   1822
-16.34467320352903D0,29.76934015557554D0,1915.450192410365D0,    0000011P   1823
-15.56951510871839D0,31.02283749520146D0,1923.191180408269D0,    0000011P   1824
-14.71821795424342D0,32.36411756002378D0,1930.896610568517D0,    0000011P   1825
-13.80663322927218D0,33.77943941865121D0,1938.625102225559D0,    0000011P   1826
-12.84965349752937D0,35.26561901215027D0,1946.344891535748D0,    0000011P   1827
-11.86215284200729D0,36.81520276668179D0,1954.058017486431D0,    0000011P   1828
-10.85981730750425D0,38.42741830738439D0,1961.771715432857D0,    0000011P   1829
-9.85657483743034D0,40.1055650772568D0,1969.502893308462D0,      0000011P   1830
-8.868979569655338D0,41.86999931968968D0,1977.167390475379D0,    0000011P   1831
-7.909684977640788D0,43.71911338879088D0,1984.98960610749D0,     0000011P   1832
-7.001037799344494D0,45.79287235553345D0,1992.149400023126D0,    0000011P   1833
-6.129908873611133D0,47.83748581949467D0,2000.644253093344D0,    0000011P   1834
-5.474271315907842D0,50.93157177866519D0,2002.461313671273D0,    0000011P   1835
-4.686826737347124D0,51.55369692906139D0,2005.398499349939D0,    0000011P   1836
-4.070988772399788D0,52.58390355453737D0,2007.960679955935D0,    0000011P   1837
-3.485682100494354D0,53.52716942311569D0,2010.55408256149D0,     0000011P   1838
-2.947679620932875D0,54.56704001664948D0,2013.05472871145D0,     0000011P   1839
-2.445456199309052D0,55.66500284843086D0,2015.493555496347D0,    0000011P   1840
-1.977771916488873D0,56.82859736386999D0,2017.852300133828D0,    0000011P   1841
-1.539279727152362D0,58.02299967721726D0,2020.159981667682D0,    0000011P   1842
-1.125972365865203D0,59.24933556308497D0,2022.414274698328D0,    0000011P   1843
-0.7341586867369203D0,60.48681943032057D0,2024.626573272382D0,   0000011P   1844
-0.3602017360994053D0,61.73145329117518D0,2026.081160689493D0,   0000011P   1845
-0.1190725679825843D0,62.56318470325914D0,2026.803532676316D0,   0000011P   1846
1.262184801120725D-14,62.97866135311449D0,-200.0D0,              0000011P   1847
-26.02388539118679D0,60.82171410165982D0,-183.3320696652983D0,   0000011P   1848
-26.34162770359526D0,59.73750464201338D0,-150.0005015008092D0,   0000011P   1849
-26.98848054495976D0,57.53291854586516D0,-105.5494948407464D0,   0000011P   1850
-27.87284082530961D0,54.46294007342348D0,-66.64122532274539D0,   0000011P   1851
-28.65806867564505D0,51.65475839349404D0,-33.34348539066799D0,   0000011P   1852
-29.34565298481224D0,49.15704014313188D0,5.578347991118699D0,    0000011P   1853
-30.1754097382096D0,46.11046022396963D0,50.00239993876153D0,     0000011P   1854
-31.17518411916845D0,42.45750039734436D0,99.99385362837749D0,    0000011P   1855
-32.31190077722531D0,38.19891781631449D0,150.0120021922402D0,    0000011P   1856
-33.40235433030333D0,33.87170678730392D0,199.9635624441227D0,    0000011P   1857
-34.47462559374296D0,29.5790530959021D0,249.9849550019172D0,     0000011P   1858
-35.55438792837698D0,25.40148434886652D0,294.4045185915894D0,    0000011P   1859
-36.44864385014563D0,21.89252374204858D0,333.3083657650358D0,    0000011P   1860
-37.12789306018756D0,19.03586403349298D0,366.6656927757259D0,    0000011P   1861
-37.6590427573877D0,16.74769059730587D0,399.9554971799572D0,     0000011P   1862
-38.15756296215649D0,14.62640423738495D0,433.3255363086326D0,    0000011P   1863
-38.64074430659106D0,12.66713280958508D0,466.6398784553304D0,    0000011P   1864
-39.08581400577217D0,10.87825464150374D0,499.9670322697954D0,    0000011P   1865
-39.46852113914939D0,9.248352499652732D0,533.3308335824939D0,    0000011P   1866
-39.76412656735376D0,7.770604536173309D0,566.648666767547D0,     0000011P   1867
-39.99802234730458D0,6.442629512759744D0,605.528708271735D0,     0000011P   1868
-40.22720692196855D0,5.06237384338867D0,650.0044085202079D0,     0000011P   1869
-40.46684005340519D0,3.722413257049297D0,699.9975007338329D0,    0000011P   1870
-40.61209759923398D0,2.530646004387172D0,749.9863921173532D0,    0000011P   1871
-40.53807887090844D0,1.627134569070279D0,800.0315078266782D0,    0000011P   1872
-40.36996133616287D0,0.9909047722894542D0,850.0039457583881D0,   0000011P   1873
-40.23236572589003D0,0.6018853488480289D0,900.0536862247828D0,   0000011P   1874
-39.98937352338307D0,0.4277537447330886D0,949.9810845829962D0,   0000011P   1875
-39.5022178451846D0,0.438132594239903D0,1000.067209240037D0,     0000011P   1876
-38.90398535298784D0,0.6130943542281386D0,1049.987842785573D0,   0000011P   1877
-38.32464182647723D0,0.9308157087872644D0,1100.063551172327D0,   0000011P   1878
-37.69904689057596D0,1.362937550816291D0,1150.00327899055D0,     0000011P   1879
-36.95705328347671D0,1.883028371814106D0,1200.063177962275D0,    0000011P   1880
-36.14591361978114D0,2.497754045477251D0,1249.995298483013D0,    0000011P   1881
-35.30664159595465D0,3.204618369823791D0,1300.069565850124D0,    0000011P   1882
-34.42462385819346D0,4.011826065604083D0,1349.977915545474D0,    0000011P   1883
-33.4751185139279D0,4.922919127154302D0,1400.064297963624D0,     0000011P   1884
-32.48989686313441D0,5.950551713711079D0,1450.003291022599D0,    0000011P   1885
-31.49335752774473D0,7.092029661804332D0,1500.058384775639D0,    0000011P   1886
-30.47158244365595D0,8.366975712025486D0,1549.983818179462D0,    0000011P   1887
-29.4031575119659D0,9.780568046575596D0,1600.060306766672D0,     0000011P   1888
-28.34655525263132D0,11.35796615496407D0,1649.984883013911D0,    0000011P   1889
-27.35100453485771D0,13.11509581270755D0,1700.063194230826D0,    0000011P   1890
-26.22297293296581D0,15.20112831767217D0,1749.991609368374D0,    0000011P   1891
-24.75900106197101D0,17.75465138646979D0,1785.105200730706D0,    0000011P   1892
-23.93297019725629D0,19.88341968034274D0,1805.270213937759D0,    0000011P   1893
-23.6583709942355D0,21.21196134480818D0,1810.54471783513D0,      0000011P   1894
-23.5931380235436D0,21.56673300273624D0,1815.798689637827D0,     0000011P   1895
-23.53085118276013D0,21.92992614623926D0,1821.075292941711D0,    0000011P   1896
-23.46739286418616D0,22.30560830201703D0,1826.359634422897D0,    0000011P   1897
-23.4009197795955D0,22.69546512444838D0,1831.612349923661D0,     0000011P   1898
-23.32586599946238D0,23.09923650418509D0,1836.88361148346D0,     0000011P   1899
-23.24006560387527D0,23.52173716253882D0,1842.154114898913D0,    0000011P   1900
-23.13885421234736D0,23.96395848290415D0,1847.432182279474D0,    0000011P   1901
-23.01991616238685D0,24.42837994810151D0,1852.694093349991D0,    0000011P   1902
-22.879260100002D0,24.91670987687516D0,1857.943738847044D0,      0000011P   1903
-22.71240798354512D0,25.42747358717713D0,1863.211582633234D0,    0000011P   1904
-22.51748955892454D0,25.97796163758112D0,1868.472890288937D0,    0000011P   1905
-22.28863011166371D0,26.51906039366034D0,1873.740266647534D0,    0000011P   1906
-22.02548760363863D0,27.09488592729261D0,1878.989429103013D0,    0000011P   1907
-21.72091915292086D0,27.70813369077312D0,1884.243511840326D0,    0000011P   1908
-21.37465552764991D0,28.36269554953397D0,1889.501459800001D0,    0000011P   1909
-20.98073084624949D0,29.06104705546837D0,1894.752444664731D0,    0000011P   1910
-20.53648168015007D0,29.80557349932798D0,1900.82335355539D0,     0000011P   1911
-19.96030550036922D0,30.72419034918445D0,1907.732850805062D0,    0000011P   1912
-19.21287942753806D0,31.85410930584084D0,1915.443230323659D0,    0000011P   1913
-18.27057594342357D0,33.21825982579799D0,1923.180209201707D0,    0000011P   1914
-17.23932991031124D0,34.67221030895232D0,1930.882079017109D0,    0000011P   1915
-16.1383119191048D0,36.20051621698301D0,1938.606916471776D0,     0000011P   1916
-14.985541850176D0,37.79812993109755D0,1946.323805951958D0,      0000011P   1917
-13.79901740701766D0,39.45579900699969D0,1954.034569946295D0,    0000011P   1918
-12.59771064728983D0,41.17085096871521D0,1961.74738583654D0,     0000011P   1919
-11.39848390698673D0,42.94462346343892D0,1969.478146457029D0,    0000011P   1920
-10.22135095545415D0,44.79525250159927D0,1977.145889036917D0,    0000011P   1921
-9.081644764748045D0,46.71924299145431D0,1984.966957580956D0,    0000011P   1922
-8.006330224319848D0,48.85252751106071D0,1992.15304781573D0,     0000011P   1923
-6.979801144685263D0,50.94324917967481D0,2000.590752296233D0,    0000011P   1924
-6.214101831479145D0,54.04726199267276D0,2002.619441303461D0,    0000011P   1925
-5.291643562152425D0,54.69884071489107D0,2005.695402534392D0,    0000011P   1926
-4.57560191742523D0,55.73874076790505D0,2008.413900966878D0,     0000011P   1927
-3.898584308568115D0,56.68330879107442D0,2011.160767554407D0,    0000011P   1928
-3.280678048927144D0,57.71382530545991D0,2013.818889803491D0,    0000011P   1929
-2.708012811398354D0,58.79287739347758D0,2016.416741184596D0,    0000011P   1930
-2.179060527204529D0,59.92840630742998D0,2018.937091312035D0,    0000011P   1931
-1.687364576145294D0,61.08663184079179D0,2021.408354852416D0,    0000011P   1932
-1.228076073883072D0,62.26917875514867D0,2023.827858007677D0,    0000011P   1933
-0.7967254795328872D0,63.4560924366177D0,2026.206390941678D0,    0000011P   1934
-0.3889082828766072D0,64.64395151736802D0,2027.772904756513D0,   0000011P   1935
-0.1282174823346343D0,65.43408300226297D0,2028.551394983629D0,   0000011P   1936
1.262184801120725D-14,65.82792155545467D0,-200.0D0,              0000011P   1937
-30.31326247548376D0,60.88306189739365D0,-183.3319639223695D0,   0000011P   1938
-30.69346583444931D0,59.79814096657717D0,-150.0001320266172D0,   0000011P   1939
-31.46430962920685D0,57.59239607804884D0,-105.5495774719148D0,   0000011P   1940
-32.52199142138971D0,54.52277882188673D0,-66.64116249277103D0,   0000011P   1941
-33.47262513589141D0,51.71721140035459D0,-33.34324575301673D0,   0000011P   1942
-34.30064610761967D0,49.22272957390994D0,5.578234820084068D0,    0000011P   1943
-35.28056789270244D0,46.18069610590495D0,50.00251080324276D0,    0000011P   1944
-36.41455651931783D0,42.53261513388225D0,99.99398200138575D0,    0000011P   1945
-37.69692447205867D0,38.28012195340241D0,150.0113779105841D0,    0000011P   1946
-38.97277061923759D0,33.96066190682319D0,199.9638930704514D0,    0000011P   1947
-40.23483150791234D0,29.67656538974723D0,249.984256889578D0,     0000011P   1948
-41.47309308088089D0,25.50782409082496D0,294.4048221572414D0,    0000011P   1949
-42.50865310453303D0,22.00711880810918D0,333.3078788584717D0,    0000011P   1950
-43.33184733216523D0,19.15822567571314D0,366.6648546247817D0,    0000011P   1951
-43.97954246205899D0,16.87658652574142D0,399.955897605752D0,     0000011P   1952
-44.56690271077556D0,14.76131890346744D0,433.3247725540983D0,    0000011P   1953
-45.09026843967175D0,12.80733501098621D0,466.6394420371822D0,    0000011P   1954
-45.56492859045268D0,11.02357960660921D0,499.9673067787772D0,    0000011P   1955
-46.00429107794692D0,9.399504687858126D0,533.3301725107312D0,    0000011P   1956
-46.42103058878899D0,7.929084304539721D0,566.6482089917662D0,    0000011P   1957
-46.78349920778749D0,6.60855890333518D0,605.5289707762755D0,     0000011P   1958
-47.10484581728622D0,5.235580091573503D0,650.0038971011031D0,    0000011P   1959
-47.27240321096157D0,3.899631002835747D0,699.9975290683153D0,    0000011P   1960
-47.33441965608616D0,2.712216957164614D0,749.9867900239417D0,    0000011P   1961
-47.41183618371171D0,1.818890695421345D0,800.0311959262913D0,    0000011P   1962
-47.34808616840466D0,1.191481145224863D0,850.0047959787823D0,    0000011P   1963
-46.98558156835439D0,0.8027027916053626D0,900.0531210659465D0,   0000011P   1964
-46.50292782638589D0,0.6292184367909499D0,949.9824961151446D0,   0000011P   1965
-46.07665891174494D0,0.6496392023311373D0,1000.066530377606D0,   0000011P   1966
-45.57020210214006D0,0.8363699728429737D0,1049.989146439152D0,   0000011P   1967
-44.84187053056024D0,1.159899962736773D0,1100.062952979092D0,    0000011P   1968
-43.99564232207051D0,1.59783185797626D0,1150.004367575327D0,     0000011P   1969
-43.13063869349502D0,2.12967712828943D0,1200.06248927395D0,      0000011P   1970
-42.21604481784628D0,2.759035469269804D0,1249.996966098176D0,    0000011P   1971
-41.21331765537595D0,3.480439714046149D0,1300.068788180256D0,    0000011P   1972
-40.15530107577027D0,4.305217048193654D0,1349.97935803391D0,     0000011P   1973
-39.0633117110843D0,5.240080123747404D0,1400.063687712344D0,     0000011P   1974
-37.93455127675823D0,6.29628168797634D0,1450.004288471796D0,     0000011P   1975
-36.75739813934721D0,7.469897954552422D0,1500.057796548861D0,    0000011P   1976
-35.54090280339962D0,8.785474268252024D0,1549.985174423595D0,    0000011P   1977
-34.28551388704073D0,10.25328378128224D0,1600.059571636339D0,    0000011P   1978
-33.05473682731275D0,11.90456300448146D0,1649.986467764459D0,    0000011P   1979
-31.9012757108992D0,13.76137521364877D0,1700.062827790224D0,     0000011P   1980
-30.58738329479479D0,15.98144502654795D0,1749.991486461605D0,    0000011P   1981
-28.86367090611924D0,18.71194621781523D0,1785.10388231892D0,     0000011P   1982
-27.8473064381717D0,21.02478020478219D0,1805.270652883535D0,     0000011P   1983
-27.47419721307234D0,22.48769457909759D0,1810.545575957283D0,    0000011P   1984
-27.38332725858041D0,22.87901212487662D0,1815.800317801138D0,    0000011P   1985
-27.29505295151016D0,23.28021010260913D0,1821.0777164426D0,      0000011P   1986
-27.2047096633107D0,23.69533683209447D0,1826.362013840926D0,     0000011P   1987
-27.11028613814932D0,24.12609540488101D0,1831.615702165294D0,    0000011P   1988
-27.00542803867716D0,24.57227308381334D0,1836.887291344067D0,    0000011P   1989
-26.88774770542861D0,25.03865388790036D0,1842.158452392395D0,    0000011P   1990
-26.75194260826691D0,25.52625731893744D0,1847.436586974289D0,    0000011P   1991
-26.59545038804949D0,26.03756808419812D0,1852.69859721223D0,     0000011P   1992
-26.41375371221718D0,26.57431159102623D0,1857.94886759835D0,     0000011P   1993
-26.20176744594552D0,27.13507921518673D0,1863.21633088662D0,     0000011P   1994
-25.95744887322542D0,27.73693887702558D0,1868.478049090076D0,    0000011P   1995
-25.67408340759876D0,28.33157590685554D0,1873.744430553254D0,    0000011P   1996
-25.3514112516854D0,28.96247103816589D0,1878.993759027699D0,     0000011P   1997
-24.98123829033335D0,29.6323216250167D0,1884.246770602338D0,     0000011P   1998
-24.56338966680323D0,30.34500302844745D0,1889.503888996722D0,    0000011P   1999
-24.09104443302053D0,31.10299608514748D0,1894.753882919645D0,    0000011P   2000
-23.56123450275202D0,31.90869275941055D0,1900.823235731057D0,    0000011P   2001
-22.87730314710566D0,32.89986044582692D0,1907.730053440487D0,    0000011P   2002
-21.9944655683954D0,34.11463396411459D0,1915.436916151515D0,     0000011P   2003
-20.88623654328616D0,35.5757528029874D0,1923.170258928182D0,     0000011P   2004
-19.67746121484598D0,37.1272308910071D0,1930.868934940254D0,     0000011P   2005
-18.39046314454447D0,38.75231316912698D0,1938.590451894273D0,    0000011P   2006
-17.04622339823058D0,40.44448154489903D0,1946.304716043548D0,    0000011P   2007
-15.66569716872786D0,42.19307778977353D0,1954.013307015179D0,    0000011P   2008
-14.2709763953883D0,43.99392241286704D0,1961.725317854594D0,     0000011P   2009
-12.88169167562039D0,45.84678435177403D0,1969.455599934189D0,    0000011P   2010
-11.52115027907616D0,47.76797247016433D0,1977.126361987313D0,    0000011P   2011
-10.20719854523613D0,49.75249731664977D0,1984.945866486749D0,    0000011P   2012
-8.97125338387557D0,51.93265206257425D0,1992.157618704502D0,     0000011P   2013
-7.795065446011385D0,54.05890643307675D0,2000.53736109385D0,     0000011P   2014
-6.924195806045058D0,57.16533940202525D0,2002.776724644009D0,    0000011P   2015
-5.870750665307167D0,57.84163567686852D0,2005.990432840962D0,    0000011P   2016
-5.057848504527948D0,58.88853625655892D0,2008.864070679438D0,    0000011P   2017
-4.292171528549801D0,59.83324217746662D0,2011.763080110157D0,    0000011P   2018
-3.597166307632989D0,60.8546628962695D0,2014.577221717268D0,     0000011P   2019
-2.956662164846082D0,61.91637896091711D0,2017.332512467152D0,    0000011P   2020
-2.368887724638856D0,63.02662732701393D0,2020.012761486759D0,    0000011P   2021
-1.826321634800729D0,64.15256536366849D0,2022.645786181487D0,    0000011P   2022
-1.323318234961055D0,65.2962107158494D0,2025.228571470773D0,     0000011P   2023
-0.8546744321105548D0,66.43833364335283D0,2027.771310751692D0,   0000011P   2024
-0.4152630023512651D0,67.5759832946756D0,2029.448337017922D0,    0000011P   2025
-0.1365660107042189D0,68.32934496302283D0,2030.282224213753D0,   0000011P   2026
1.262184801120725D-14,68.70405609348734D0,-199.9999999999999D0,  0000011P   2027
-34.63121428967449D0,60.95479081889548D0,-183.3318581794406D0,   0000011P   2028
-35.07259751966647D0,59.87022970669744D0,-149.999762552425D0,    0000011P   2029
-35.96475300790631D0,57.66523804231757D0,-105.5496601030828D0,   0000011P   2030
-37.1709435363878D0,54.59731571348102D0,-66.64109966279642D0,    0000011P   2031
-38.23450525659131D0,51.79420412561712D0,-33.34300611536529D0,   0000011P   2032
-39.157808433237D0,49.30251493554587D0,5.578121649049476D0,      0000011P   2033
-40.2594569477216D0,46.26485279963392D0,50.00262166772389D0,     0000011P   2034
-41.56478176261889D0,42.62294445100002D0,99.99411037439386D0,    0000011P   2035
-43.05861665195921D0,38.37876323910412D0,150.0107536289283D0,    0000011P   2036
-44.53971861029974D0,34.06879258105951D0,199.9642236967801D0,    0000011P   2037
-46.00130573995503D0,29.79504922968261D0,249.983558777238D0,     0000011P   2038
-47.43346421088224D0,25.63753057417627D0,294.4051257228929D0,    0000011P   2039
-48.61584767151806D0,22.14658733257803D0,333.3073919519087D0,    0000011P   2040
-49.5334957093407D0,19.30548738310219D0,366.6640164738395D0,     0000011P   2041
-50.24911393240276D0,17.03020018746674D0,399.9562980315474D0,    0000011P   2042
-50.90139497624126D0,14.92124172447025D0,433.324008799559D0,     0000011P   2043
-51.49649753645734D0,12.97398342585323D0,466.6390056190259D0,    0000011P   2044
-52.04187351556609D0,11.19702897607193D0,499.9675812877565D0,    0000011P   2045
-52.54286809445134D0,9.579795766615497D0,533.3295114389857D0,    0000011P   2046
-53.00402394340912D0,8.116153237577322D0,566.6477512160142D0,    0000011P   2047
-53.40212541284069D0,6.802221477187366D0,605.5292332808214D0,    0000011P   2048
-53.76440025220718D0,5.436626283082745D0,650.0033856818856D0,    0000011P   2049
-53.99146167527497D0,4.10847343498908D0,699.9975574027208D0,     0000011P   2050
-54.0894269291145D0,2.928680981262531D0,749.9871879309492D0,     0000011P   2051
-54.12354497266517D0,2.041893414894524D0,800.0308840261905D0,    0000011P   2052
-54.01130763361007D0,1.421103324751392D0,850.0056461976088D0,    0000011P   2053
-53.66916360670686D0,1.040182123300326D0,900.0525559060392D0,    0000011P   2054
-53.18560262874092D0,0.8744729706829162D0,949.9839076531563D0,   0000011P   2055
-52.64631437907691D0,0.9012308120239396D0,1000.06585151918D0,    0000011P   2056
-51.9977255163947D0,1.094568252335847D0,1049.990450070781D0,     0000011P   2057
-51.18093827240418D0,1.42670853534613D0,1100.062354770863D0,     0000011P   2058
-50.25330382909779D0,1.875618702063655D0,1150.005456242276D0,    0000011P   2059
-49.26628822823901D0,2.421123285169884D0,1200.06180064175D0,     0000011P   2060
-48.21085199774868D0,3.066608638272477D0,1249.998633405675D0,    0000011P   2061
-47.06925934256591D0,3.806501231753977D0,1300.068010300237D0,    0000011P   2062
-45.86707446082146D0,4.65357546934073D0,1349.98080167427D0,      0000011P   2063
-44.61661902525368D0,5.616024718110616D0,1400.063078247906D0,    0000011P   2064
-43.31825180646464D0,6.705047894416509D0,1450.005281608694D0,    0000011P   2065
-41.96227350579424D0,7.916840076251923D0,1500.057205376483D0,    0000011P   2066
-40.57697060653453D0,9.283416473792819D0,1549.986546807532D0,    0000011P   2067
-39.18088269773013D0,10.82269272963799D0,1600.058847530469D0,    0000011P   2068
-37.78849876629006D0,12.56321691344925D0,1649.987992116775D0,    0000011P   2069
-36.40168251165186D0,14.52436659314088D0,1700.062420095762D0,    0000011P   2070
-34.83632113876465D0,16.88382363294812D0,1749.991589624817D0,    0000011P   2071
-32.89546695134595D0,19.8087958069167D0,1785.102739721723D0,     0000011P   2072
-31.70679407161345D0,22.33443489482192D0,1805.271031952296D0,    0000011P   2073
-31.21378851499907D0,23.95600078257263D0,1810.54630485885D0,     0000011P   2074
-31.09030772593625D0,24.39048241056961D0,1815.801742219345D0,    0000011P   2075
-30.96788647545385D0,24.83646316714822D0,1821.079859059512D0,    0000011P   2076
-30.84151220495158D0,25.29785878392682D0,1826.364035188337D0,    0000011P   2077
-30.70920478179277D0,25.77627640834272D0,1831.618621668494D0,    0000011P   2078
-30.56402055160805D0,26.27143729415272D0,1836.890468883839D0,    0000011P   2079
-30.40354920618032D0,26.78798137678244D0,1842.162225634643D0,    0000011P   2080
-30.22204915652542D0,27.32684289514743D0,1847.440375706069D0,    0000011P   2081
-30.01691043765258D0,27.8903983996938D0,1852.702446184816D0,     0000011P   2082
-29.78328882923778D0,28.48027700508432D0,1857.95331788516D0,     0000011P   2083
-29.51569119408235D0,29.09502276361634D0,1863.220395019032D0,    0000011P   2084
-29.21210144506237D0,29.7513675761275D0,1868.482538598719D0,     0000011P   2085
-28.86516421454072D0,30.40168235638954D0,1873.747963046501D0,    0000011P   2086
-28.47490103668368D0,31.08869911822262D0,1878.99752103807D0,     0000011P   2087
-28.03226565391828D0,31.8150037361711D0,1884.249553132921D0,     0000011P   2088
-27.53737667542881D0,32.58434168560127D0,1889.505964396214D0,    0000011P   2089
-26.98275717744517D0,33.39908570671804D0,1894.755123129438D0,    0000011P   2090
-26.36533350687292D0,34.26152105607667D0,1900.823141626344D0,    0000011P   2091
-25.57358546979433D0,35.31819687822942D0,1907.727594148428D0,    0000011P   2092
-24.55883844914748D0,36.60695395560433D0,1915.431345044194D0,    0000011P   2093
-23.2927565003018D0,38.14962686898831D0,1923.161479518023D0,     0000011P   2094
-21.918065578316D0,39.78056077268725D0,1930.857382097172D0,      0000011P   2095
-20.45963161759699D0,41.48227553662277D0,1938.575961258431D0,    0000011P   2096
-18.94078627184238D0,43.24736804438574D0,1946.28791488779D0,     0000011P   2097
-17.38483162557784D0,45.06435973286725D0,1953.994549516432D0,    0000011P   2098
-15.8163689022187D0,46.92814954596896D0,1961.705843619077D0,     0000011P   2099
-14.25718636295918D0,48.83752316137928D0,1969.435576871807D0,    0000011P   2100
-12.73327418012893D0,50.80754774570379D0,1977.10909927778D0,     0000011P   2101
-11.26438146300449D0,52.83232493760237D0,1984.926561543437D0,    0000011P   2102
-9.885766544056359D0,55.04109395140048D0,1992.163248251822D0,    0000011P   2103
-8.575926317174073D0,57.18723656781406D0,2000.484095580855D0,    0000011P   2104
-7.612339476788384D0,60.28455762476781D0,2002.933039703461D0,    0000011P   2105
-6.436962405539613D0,60.97782499362052D0,2006.28331522594D0,     0000011P   2106
-5.533709866044445D0,62.02678705521028D0,2009.310740991563D0,    0000011P   2107
-4.684284448548866D0,62.968673265081D0,2012.360378109283D0,      0000011P   2108
-3.915656795476818D0,63.97986398832146D0,2015.328868401886D0,    0000011P   2109
-3.209520695318884D0,65.02477521120832D0,2018.239780492661D0,    0000011P   2110
-2.564026281001306D0,66.11178156544173D0,2021.077971182202D0,    0000011P   2111
-1.970752283552777D0,67.20881996855773D0,2023.870668775692D0,    0000011P   2112
-1.423421081819059D0,68.31814292170157D0,2026.614525071064D0,    0000011P   2113
-0.9162608459160463D0,69.42108753114223D0,2029.319144859611D0,   0000011P   2114
-0.4435864535154234D0,70.51501543449786D0,2031.10506198414D0,    0000011P   2115
-0.1455836579133226D0,71.23641055283852D0,2031.993518953911D0,   0000011P   2116
1.262184801120725D-14,71.59448909237057D0,-199.9999999999999D0,  0000011P   2117
-39.08190233297408D0,61.0428432226145D0,-183.3317524365118D0,    0000011P   2118
-39.53481188268231D0,59.95827587592096D0,-149.9993930782329D0,   0000011P   2119
-40.4650905730665D0,57.75354089594789D0,-105.5497427342511D0,    0000011P   2120
-41.77694901808349D0,54.68752362899662D0,-66.64103683282205D0,   0000011P   2121
-42.98393648437114D0,51.88786614787073D0,-33.34276647771406D0,   0000011P   2122
-44.05019562690046D0,49.40014005692802D0,5.578008478014758D0,    0000011P   2123
-45.32500339042089D0,46.36829731023185D0,50.002732532205D0,      0000011P   2124
-46.81252121511491D0,42.73392673214501D0,99.99423874740209D0,    0000011P   2125
-48.49753615449108D0,38.49928953637532D0,150.0101293472726D0,    0000011P   2126
-50.16334919926756D0,34.19982424305272D0,199.9645543231091D0,    0000011P   2127
-51.77729215410979D0,29.93665578845458D0,249.982860664898D0,     0000011P   2128
-53.30324173840155D0,25.78921123069003D0,294.4054292885444D0,    0000011P   2129
-54.59265583105698D0,22.30836682314697D0,333.3069050453469D0,    0000011P   2130
-55.6756791017913D0,19.47821538209834D0,366.6631783228989D0,     0000011P   2131
-56.55788846111835D0,17.21313265784232D0,399.9566984573431D0,    0000011P   2132
-57.37721271958669D0,15.11467597351379D0,433.3232450450164D0,    0000011P   2133
-58.11531736304092D0,13.17787031370541D0,466.6385692008641D0,    0000011P   2134
-58.7636639595876D0,11.41023544473927D0,499.9678557967339D0,     0000011P   2135
-59.31136281666646D0,9.800412605288535D0,533.3288503672526D0,    0000011P   2136
-59.74671880443335D0,8.341428985237016D0,566.6472934402829D0,    0000011P   2137
-60.09777960964365D0,7.031372653773595D0,605.5294957853715D0,    0000011P   2138
-60.43978961066178D0,5.671718642601647D0,650.0028742625897D0,    0000011P   2139
-60.77770910059953D0,4.355641606011055D0,699.9975857370728D0,    0000011P   2140
-60.99410192299511D0,3.188871424135229D0,749.9875858382503D0,    0000011P   2141
-60.95332351765729D0,2.307205631379595D0,800.0305721262899D0,    0000011P   2142
-60.7214193174939D0,1.690140170964781D0,850.0064964153396D0,     0000011P   2143
-60.36341061769828D0,1.31804714902777D0,900.0519907453836D0,     0000011P   2144
-59.86762325102349D0,1.162115793228452D0,949.9853191952677D0,    0000011P   2145
-59.21886191261114D0,1.195400994989313D0,1000.065172663555D0,    0000011P   2146
-58.45571587056444D0,1.396805920986218D0,1049.991753687065D0,    0000011P   2147
-57.61126807746741D0,1.74338357852838D0,1100.061756552153D0,     0000011P   2148
-56.65512576475406D0,2.20961450258352D0,1150.006544966676D0,     0000011P   2149
-55.54970457827034D0,2.771758392861649D0,1200.061112048794D0,    0000011P   2150
-54.33538968186119D0,3.43550249270038D0,1250.000300498071D0,     0000011P   2151
-53.0430487294816D0,4.197689983735188D0,1300.067232273291D0,     0000011P   2152
-51.68878473778018D0,5.071538424709544D0,1349.982246120016D0,    0000011P   2153
-50.27374615006056D0,6.065706804696937D0,1400.062469333597D0,    0000011P   2154
-48.80967536170336D0,7.195333440367818D0,1450.006271730579D0,    0000011P   2155
-47.2970627336109D0,8.46073632259106D0,1500.056612144644D0,      0000011P   2156
-45.72393124268799D0,9.886172112191076D0,1549.987930475865D0,    0000011P   2157
-44.06714260260949D0,11.4818863477965D0,1600.058131132522D0,     0000011P   2158
-42.40821772952928D0,13.30930541910689D0,1649.989474240721D0,    0000011P   2159
-40.81486629195607D0,15.42085091313766D0,1700.061983558017D0,    0000011P   2160
-39.07025293709943D0,17.9432252929303D0,1749.991850848403D0,     0000011P   2161
-36.94307886121273D0,20.99237404599321D0,1785.101720048053D0,    0000011P   2162
-35.50979023453922D0,23.74607445702363D0,1805.271369157104D0,    0000011P   2163
-34.80482378312293D0,25.59712829093147D0,1810.546943413818D0,    0000011P   2164
-34.62257279217371D0,26.09592822316403D0,1815.803024185968D0,    0000011P   2165
-34.43816477996229D0,26.61003388530319D0,1821.081805291987D0,    0000011P   2166
-34.24665786833781D0,27.14277461439597D0,1826.365806185061D0,    0000011P   2167
-34.04652165835852D0,27.69520780737827D0,1831.621238615833D0,    0000011P   2168
-33.83064178913333D0,28.26653490252875D0,1836.893295218122D0,    0000011P   2169
-33.5970039141925D0,28.86079794529938D0,1842.165604371795D0,     0000011P   2170
-33.33984599620334D0,29.47839210533552D0,1847.443733777634D0,    0000011P   2171
-33.0569290748257D0,30.1211319698655D0,1852.705837281032D0,      0000011P   2172
-32.74350065246956D0,30.79009655448068D0,1857.957293812879D0,    0000011P   2173
-32.39407820006089D0,31.48332878162043D0,1863.223980837538D0,    0000011P   2174
-32.00709086985975D0,32.21677072622369D0,1868.486560161019D0,    0000011P   2175
-31.57496112354887D0,32.94302507913086D0,1873.751054077819D0,    0000011P   2176
-31.09841043733979D0,33.70362132810259D0,1879.000885982245D0,    0000011P   2177
-30.56795902173741D0,34.50058006177719D0,1884.252002698836D0,    0000011P   2178
-29.98443756234854D0,35.33706306345739D0,1889.50779243283D0,     0000011P   2179
-29.34013177020628D0,36.21488117047329D0,1894.756224872883D0,    0000011P   2180
-28.63228103585391D0,37.13575912525136D0,1900.82306410558D0,     0000011P   2181
-27.73526681155341D0,38.25404434821344D0,1907.725371225075D0,    0000011P   2182
-26.60033747482558D0,39.6033788312129D0,1915.426293462299D0,     0000011P   2183
-25.19973949752064D0,41.20227055794563D0,1923.153518735352D0,    0000011P   2184
-23.69111132745641D0,42.87864335078131D0,1930.846941790138D0,    0000011P   2185
-22.10029559842225D0,44.61593598189317D0,1938.562850734858D0,    0000011P   2186
-20.45140887840955D0,46.40750428419421D0,1946.272713949342D0,    0000011P   2187
-18.76853447009128D0,48.24269333329956D0,1953.977543730016D0,    0000011P   2188
-17.07721720739129D0,50.1171244811792D0,1961.688182842051D0,     0000011P   2189
-15.39983734173464D0,52.03024411889875D0,1969.417318126375D0,    0000011P   2190
-13.76350227457381D0,53.99752168928274D0,1977.093419717118D0,    0000011P   2191
-12.18829821142646D0,56.01379389432236D0,1984.908505415535D0,    0000011P   2192
-10.71175923390353D0,58.20688996460785D0,1992.169617976871D0,    0000011P   2193
-9.30756280521231D0,60.33474770971534D0,2000.43091794557D0,      0000011P   2194
-8.281165515654481D0,63.39477864114377D0,2003.088677774005D0,    0000011P   2195
-7.004877785698857D0,64.08621021130692D0,2006.57469585786D0,     0000011P   2196
-6.025693951060326D0,65.1253157149996D0,2009.754964643006D0,     0000011P   2197
-5.102572193380371D0,66.05728762426996D0,2012.954170102518D0,    0000011P   2198
-4.266429840872126D0,67.05553346397839D0,2016.07584100371D0,     0000011P   2199
-3.497247761073689D0,68.08486091008948D0,2019.141103332674D0,    0000011P   2200
-2.793520209013285D0,69.15333852175972D0,2022.13586726953D0,     0000011P   2201
-2.146348612584388D0,70.22923901631347D0,2025.086777725143D0,    0000011P   2202
-1.54924600347468D0,71.31460600243332D0,2027.990159081832D0,     0000011P   2203
-0.996294428550736D0,72.39089968422189D0,2030.855033230997D0,    0000011P   2204
-0.4816734806794011D0,73.45535043977931D0,2032.748707451585D0,   0000011P   2205
-0.1579184370790261D0,74.15512438230542D0,2033.6911558491D0,     0000011P   2206
1.262184801120725D-14,74.50188130341429D0,-199.9999999999999D0,  0000011P   2207
-43.33068955227249D0,61.14400022539447D0,-183.3316466935829D0,   0000011P   2208
-43.87659908956805D0,60.06155899271251D0,-149.9990236040406D0,   0000011P   2209
-44.98094090886016D0,57.8607128276798D0,-105.5498253654189D0,    0000011P   2210
-46.47796524462063D0,54.79902986962463D0,-66.64097400284712D0,   0000011P   2211
-47.80199453437805D0,52.0026606478385D0,-33.34252684006222D0,    0000011P   2212
-48.95252438819114D0,49.5179107631583D0,5.577895306980545D0,     0000011P   2213
-50.32467013591982D0,46.49059939654523D0,50.00284339668618D0,    0000011P   2214
-51.9469123106013D0,42.86331396268291D0,99.99436712041005D0,     0000011P   2215
-53.82894956520844D0,38.63951448698378D0,150.009505065617D0,     0000011P   2216
-55.75086438044242D0,34.3540767222397D0,199.964884949438D0,      0000011P   2217
-57.61718329715026D0,30.10584905369452D0,249.9821625525565D0,    0000011P   2218
-59.32871807834408D0,25.97230645778414D0,294.4057328541946D0,    0000011P   2219
-60.72911733054338D0,22.50275825844653D0,333.3064181387872D0,    0000011P   2220
-61.87332422335118D0,19.68174256596193D0,366.6623401719622D0,    0000011P   2221
-62.79082220766207D0,17.42402295220678D0,399.9570988831403D0,    0000011P   2222
-63.63550059649379D0,15.33260813047105D0,433.322481290465D0,     0000011P   2223
-64.39605001016543D0,13.4028441751006D0,466.6381327826878D0,     0000011P   2224
-65.08642182875879D0,11.64296224174256D0,499.9681303057068D0,    0000011P   2225
-65.71790837120688D0,10.04261869343242D0,533.3281892955525D0,    0000011P   2226
-66.30078619925362D0,8.595780800635829D0,566.646835664606D0,     0000011P   2227
-66.80184041068435D0,7.297991372997075D0,605.5297582899322D0,    0000011P   2228
-67.2502925328196D0,5.949876620539179D0,650.0023628430832D0,     0000011P   2229
-67.51016080164561D0,4.63881109398988D0,699.9976140712811D0,     0000011P   2230
-67.60900405853839D0,3.476603102708872D0,749.9879837463355D0,    0000011P   2231
-67.66024139017461D0,2.608718277651725D0,800.0302602269254D0,    0000011P   2232
-67.54726106986706D0,2.006879739259503D0,850.007346630141D0,     0000011P   2233
-67.15215112627587D0,1.643670730519332D0,900.0514255827274D0,    0000011P   2234
-66.56567266175892D0,1.495509163772837D0,949.9867307483401D0,    0000011P   2235
-65.87499051260835D0,1.540661620311951D0,1000.064493815415D0,    0000011P   2236
-65.03091012529393D0,1.753327458371665D0,1049.993057262317D0,    0000011P   2237
-63.97768525754251D0,2.105847402102206D0,1100.061158305417D0,    0000011P   2238
-62.79652062630267D0,2.580169520444251D0,1150.007633844692D0,    0000011P   2239
-61.56134848901957D0,3.160007979476333D0,1200.060423560762D0,    0000011P   2240
-60.24835290723237D0,3.847278202218391D0,1250.001967015317D0,    0000011P   2241
-58.82278209516601D0,4.635132834649149D0,1300.066453853488D0,    0000011P   2242
-57.31659267106883D0,5.538980190285166D0,1349.983692719194D0,    0000011P   2243
-55.74518959263632D0,6.569696539462044D0,1400.061861890227D0,    0000011P   2244
-54.11304085732429D0,7.743712112982493D0,1450.007253790954D0,    0000011P   2245
-52.41207400619955D0,9.062801410528003D0,1500.056013406234D0,    0000011P   2246
-50.66915169537597D0,10.55463510993432D0,1549.989344316314D0,    0000011P   2247
-48.89892606823341D0,12.2330064407864D0,1600.057435343957D0,     0000011P   2248
-47.11480160756169D0,14.18285279262128D0,1649.990843454842D0,    0000011P   2249
-45.31442505583809D0,16.48019306166168D0,1700.061469899369D0,    0000011P   2250
-43.35219393564508D0,19.18516571606164D0,1749.992534692348D0,    0000011P   2251
-41.06688966903082D0,22.34676358652117D0,1785.101029046169D0,    0000011P   2252
-39.34970582783524D0,25.33479899350517D0,1805.271594426463D0,    0000011P   2253
-38.35774372318787D0,27.43519718318211D0,1810.54734040089D0,     0000011P   2254
-38.09487947081227D0,28.00417141402905D0,1815.803925266869D0,    0000011P   2255
-37.82479068590524D0,28.59278092886264D0,1821.083226433576D0,    0000011P   2256
-37.54298857053789D0,29.20362493558848D0,1826.366907796441D0,    0000011P   2257
-37.24877485923589D0,29.837067346071D0,1831.623046592116D0,      0000011P   2258
-36.93524688435901D0,30.49164604854063D0,1836.895182502427D0,    0000011P   2259
-36.60116866095736D0,31.17066146390561D0,1842.167928284878D0,    0000011P   2260
-36.24114010312225D0,31.87382595797106D0,1847.445940353912D0,    0000011P   2261
-35.85367565493669D0,32.60224842017745D0,1852.708004111657D0,    0000011P   2262
-35.43449694131717D0,33.35631403247468D0,1857.960001403661D0,    0000011P   2263
-34.97851444108682D0,34.13342085287403D0,1863.22628774476D0,     0000011P   2264
-34.48498494566225D0,34.94857739584571D0,1868.489330532728D0,    0000011P   2265
-33.94649114581852D0,35.75447439472867D0,1873.752964732321D0,    0000011P   2266
-33.364836859585D0,36.59129507665399D0,1879.003189254506D0,      0000011P   2267
-32.73049116531694D0,37.46035100978389D0,1884.253561986904D0,    0000011P   2268
-32.04537922481623D0,38.36407655078745D0,1889.508959072876D0,    0000011P   2269
-31.3019317836917D0,39.3035768995499D0,1894.756956386285D0,      0000011P   2270
-30.49808367589683D0,40.2798725497988D0,1900.823030926817D0,     0000011P   2271
-29.49429556984564D0,41.45421056265609D0,1907.723780302168D0,    0000011P   2272
-28.24502460929514D0,42.85469121916243D0,1915.422630982664D0,    0000011P   2273
-26.72521151207491D0,44.49565119810945D0,1923.147746791257D0,    0000011P   2274
-25.10539991275951D0,46.20028911901112D0,1930.839476171665D0,    0000011P   2275
-23.41110042586593D0,47.953530744528D0,1938.553430342664D0,      0000011P   2276
-21.66590581502452D0,49.75005894513091D0,1946.26179165709D0,     0000011P   2277
-19.89337188240071D0,51.58061052339476D0,1953.965221655777D0,    0000011P   2278
-18.11867835377205D0,53.44209732759358D0,1961.675370873514D0,    0000011P   2279
-16.36348875213962D0,55.33519455040592D0,1969.403776795239D0,    0000011P   2280
-14.65471898942388D0,57.27634199911094D0,1977.081973165219D0,    0000011P   2281
-13.01148364872881D0,59.26167952726691D0,1984.893788358688D0,    0000011P   2282
-11.47228384215092D0,61.41819446996457D0,1992.177966782259D0,    0000011P   2283
-10.00466888356047D0,63.50894875387593D0,2000.377975276886D0,    0000011P   2284
-8.938903634355857D0,66.51671718573941D0,2003.242505717882D0,    0000011P   2285
-7.578018324983314D0,67.19497690551503D0,2006.862061116377D0,    0000011P   2286
-6.533945624285642D0,68.21567331151695D0,2010.192646435805D0,    0000011P   2287
-5.54465918153651D0,69.13083108240996D0,2013.538587769718D0,     0000011P   2288
-4.645376265945101D0,70.11073156190247D0,2016.810316086315D0,    0000011P   2289
-3.814718079303896D0,71.12042077472344D0,2020.026529990846D0,    0000011P   2290
-3.051876253949954D0,72.16750786656218D0,2023.174208299319D0,    0000011P   2291
-2.347828169848393D0,73.22044801360772D0,2026.279427784635D0,    0000011P   2292
-1.696230766735672D0,74.2809225911565D0,2029.338200669856D0,     0000011P   2293
-1.091373223435911D0,75.33036156022112D0,2032.358981202846D0,    0000011P   2294
-0.5276531032179692D0,76.36571069846022D0,2034.357381076531D0,   0000011P   2295
-0.1729209121592919D0,77.04439780191042D0,2035.352274525094D0,   0000011P   2296
1.262184801120725D-14,77.38014571191623D0,-199.9999999999999D0,  0000011P   2297
-47.66360709997551D0,61.26654656915483D0,-183.3315409506541D0,   0000011P   2298
-48.27301497161195D0,60.18639201491742D0,-149.9986541298486D0,   0000011P   2299
-49.50453019390636D0,57.98987911791603D0,-105.5499079965873D0,   0000011P   2300
-51.16227571621567D0,54.93311283168519D0,-66.64091117287306D0,   0000011P   2301
-52.61395135215357D0,52.1402865088633D0,-33.34228720241144D0,    0000011P   2302
-53.87401815624837D0,49.65889572975728D0,5.577782135945339D0,    0000011P   2303
-55.38511666073251D0,46.63715098167014D0,50.00295426116707D0,    0000011P   2304
-57.19734492567971D0,43.01954181402805D0,99.99449549341833D0,    0000011P   2305
-59.27161654059009D0,38.80810702014053D0,150.0088807839612D0,    0000011P   2306
-61.30053377172367D0,34.53354567326914D0,199.9652155757666D0,    0000011P   2307
-63.27696118412123D0,30.29739684326043D0,249.9814644402159D0,    0000011P   2308
-65.18947467986024D0,26.18014106478627D0,294.4060364198459D0,    0000011P   2309
-66.78708123233895D0,22.72609999709247D0,333.3059312322259D0,    0000011P   2310
-68.07167820082916D0,19.91756053281139D0,366.6615020210225D0,    0000011P   2311
-69.094345760501D0,17.67011124468873D0,399.9574993089363D0,      0000011P   2312
-70.03569649495336D0,15.58896974547302D0,433.3217175359201D0,    0000011P   2313
-70.89088596051985D0,13.67008176156678D0,466.6376963645226D0,    0000011P   2314
-71.65682774374102D0,11.92047692284731D0,499.9684048146832D0,    0000011P   2315
-72.32755975027044D0,10.32891904732419D0,533.3275282238275D0,    0000011P   2316
-72.89608906680113D0,8.888416642314951D0,566.6463778888877D0,    0000011P   2317
-73.37192659577985D0,7.596464798474379D0,605.530020794485D0,     0000011P   2318
-73.82776249494179D0,6.256895944953797D0,650.0018514237372D0,    0000011P   2319
-74.21908836833867D0,4.961308946275437D0,699.9976424055988D0,    0000011P   2320
-74.44283835800682D0,3.815303954708377D0,749.9883816538228D0,    0000011P   2321
-74.40710413493486D0,2.953853907416189D0,800.0299483271521D0,    0000011P   2322
-74.15127277755042D0,2.356294369660461D0,850.0081968471746D0,    0000011P   2323
-73.71344934521888D0,2.002818305020988D0,900.0508604215959D0,    0000011P   2324
-73.10396876913148D0,1.866410183775457D0,949.9881422930591D0,    0000011P   2325
-72.32893967160041D0,1.921858765907437D0,1000.06381496157D0,     0000011P   2326
-71.39445619298962D0,2.146566618087434D0,1049.99436086884D0,     0000011P   2327
-70.29968597961977D0,2.516105125514301D0,1100.06056008004D0,     0000011P   2328
-69.06561635560499D0,3.010285666873607D0,1150.008722605635D0,    0000011P   2329
-67.70481488965379D0,3.610610383191997D0,1200.059734992766D0,    0000011P   2330
-66.24474129601828D0,4.322382797508993D0,1250.003633970895D0,    0000011P   2331
-64.70110508347662D0,5.142257822481682D0,1300.065675733087D0,    0000011P   2332
-63.07188506321281D0,6.083969835365203D0,1349.985137677207D0,    0000011P   2333
-61.33662831121774D0,7.156717968662598D0,1400.061253325831D0,    0000011P   2334
-59.52523182680672D0,8.381521972620462D0,1450.008241995136D0,    0000011P   2335
-57.65393784600923D0,9.7649182102897D0,1500.05541886447D0,       0000011P   2336
-55.75173306512797D0,11.33785626387314D0,1549.990735162108D0,    0000011P   2337
-53.83415792955289D0,13.11752403747753D0,1600.056723848653D0,    0000011P   2338
-51.83360733632567D0,15.19193338435398D0,1649.99229871936D0,     0000011P   2339
-49.66479900511345D0,17.64016457832554D0,1700.061015015803D0,    0000011P   2340
-47.39104232180436D0,20.51069889604118D0,1749.992896450513D0,    0000011P   2341
-45.05965540508579D0,23.84076054404932D0,1785.100087558225D0,    0000011P   2342
-43.12223672329027D0,27.09732432005313D0,1805.271905003629D0,    0000011P   2343
-41.82429489046466D0,29.44713327817013D0,1810.547921490744D0,    0000011P   2344
-41.47340173718209D0,30.08539028415056D0,1815.80511662691D0,     0000011P   2345
-41.1080810764383D0,30.74677198389907D0,1821.085047755382D0,     0000011P   2346
-40.7246160366823D0,31.43321619175986D0,1826.368519557168D0,     0000011P   2347
-40.3234593320631D0,32.14446207010587D0,1831.625471098264D0,     0000011P   2348
-39.89823883434719D0,32.87845269269929D0,1836.897785451838D0,    0000011P   2349
-39.4488157662605D0,33.63781559148465D0,1842.171056096365D0,     0000011P   2350
-38.97047083947421D0,34.42164906400683D0,1847.449024503286D0,    0000011P   2351
-38.46279074865043D0,35.23042503749839D0,1852.711103974799D0,    0000011P   2352
-37.92229008736805D0,36.06390359584778D0,1857.963675614441D0,    0000011P   2353
-37.3445911885033D0,36.91890666821821D0,1863.229569330861D0,     0000011P   2354
-36.73009732878521D0,37.80957794419115D0,1868.49305445693D0,     0000011P   2355
-36.07187027423714D0,38.68876493518407D0,1873.755774970997D0,    0000011P   2356
-35.37311503086212D0,39.59537334327851D0,1879.006301644025D0,    0000011P   2357
-34.62456839102177D0,40.53007445174055D0,1884.255799770052D0,    0000011P   2358
-33.82956883886889D0,41.49464392618562D0,1889.510629773897D0,    0000011P   2359
-32.98101100074397D0,42.4895500646341D0,1894.757970057964D0,     0000011P   2360
-32.07784400016662D0,43.51517784769464D0,1900.822963954301D0,    0000011P   2361
-30.96687068667209D0,44.73882678832622D0,1907.721707721548D0,    0000011P   2362
-29.60812692732518D0,46.18332922129599D0,1915.417909845834D0,    0000011P   2363
-27.98072909671104D0,47.85909689223145D0,1923.140306698046D0,    0000011P   2364
-26.26660860731668D0,49.58546016621229D0,1930.829743495151D0,    0000011P   2365
-24.49000899082111D0,51.34883661745494D0,1938.54119764194D0,     0000011P   2366
-22.67306414292801D0,53.14524097505662D0,1946.247608539692D0,    0000011P   2367
-20.83786730172968D0,54.96680658962049D0,1953.949330049087D0,    0000011P   2368
-19.00829802129172D0,56.81174062679321D0,1961.658863549969D0,    0000011P   2369
-17.20436803262564D0,58.68195190193477D0,1969.386640246725D0,    0000011P   2370
-15.45186669455424D0,60.59485540784753D0,1977.067300569196D0,    0000011P   2371
-13.76800190420223D0,62.54789897072534D0,1984.876526542034D0,    0000011P   2372
-12.19130674058606D0,64.66723285122801D0,1992.184807298659D0,    0000011P   2373
-10.68226730467332D0,66.72104791419196D0,2000.324853536373D0,    0000011P   2374
-9.593706146791096D0,69.67741844899364D0,2003.397713188432D0,    0000011P   2375
-8.159654148960371D0,70.34388947733385D0,2007.152486555607D0,    0000011P   2376
-7.058327908352363D0,71.347909406827D0,2010.635313884392D0,      0000011P   2377
-6.007954585051945D0,72.24845308649555D0,2014.130149761704D0,    0000011P   2378
-5.048303785814272D0,73.21267437757159D0,2017.554315729512D0,    0000011P   2379
-4.156889443236129D0,74.20585635222392D0,2020.924071385107D0,    0000011P   2380
-3.333852963513335D0,75.23514744135025D0,2024.22745255327D0,     0000011P   2381
-2.570300075232575D0,76.26918397867991D0,2027.489956241824D0,    0000011P   2382
-1.860284022729007D0,77.30928380479867D0,2030.707270887456D0,    0000011P   2383
-1.198553513334215D0,78.33684533630472D0,2033.887271467383D0,    0000011P   2384
-0.5799764772690011D0,79.34852844909077D0,2035.992707305648D0,   0000011P   2385
-0.1900697435972242D0,80.01005711829222D0,2037.041224323834D0,   0000011P   2386
1.262184801120725D-14,80.3368361719504D0,-199.9999999999999D0,   0000011P   2387
-52.08016784485885D0,61.41906935420508D0,-183.3314352077252D0,   0000011P   2388
-52.71141418184212D0,60.3395012506647D0,-149.9982846556564D0,    0000011P   2389
-53.99597446709437D0,58.14435652406176D0,-105.5499906277554D0,   0000011P   2390
-55.78087786094349D0,55.09118498351584D0,-66.64084834289831D0,   0000011P   2391
-57.40820322837444D0,52.30373799777557D0,-33.3420475647597D0,    0000011P   2392
-58.83124478686158D0,49.8278624289172D0,5.577668964911093D0,     0000011P   2393
-60.5103600360388D0,46.81316092056854D0,50.00306512564814D0,     0000011P   2394
-62.43009554846881D0,43.20297306032999D0,99.99462386642625D0,    0000011P   2395
-64.60846561228144D0,39.00150601468007D0,150.0082565023062D0,    0000011P   2396
-66.8218503454134D0,34.7410299780933D0,199.9655462020963D0,      0000011P   2397
-68.99604644657831D0,30.52065635027681D0,249.9807663278735D0,    0000011P   2398
-71.05226021656895D0,26.41876198477856D0,294.4063399854954D0,    0000011P   2399
-72.79176174921159D0,22.98011236546171D0,333.305444325669D0,     0000011P   2400
-74.25553176446016D0,20.18796131937592D0,366.6606638700903D0,    0000011P   2401
-75.43329465088824D0,17.95473325718493D0,399.9578997347348D0,    0000011P   2402
-76.49502453162864D0,15.88626943236091D0,433.3209537813585D0,    0000011P   2403
-77.39962154598865D0,13.97698025137596D0,466.6372599463293D0,    0000011P   2404
-78.1868354988257D0,12.23572975737308D0,499.9686793236509D0,     0000011P   2405
-78.89309713869999D0,10.6534135156849D0,533.3268671521653D0,     0000011P   2406
-79.55355898418705D0,9.225093861278182D0,566.6459201132739D0,    0000011P   2407
-80.13804913857021D0,7.946285493319955D0,605.5302832990585D0,    0000011P   2408
-80.6938341984083D0,6.620916300196974D0,650.0013400039909D0,     0000011P   2409
-81.09507263182934D0,5.336658288927872D0,699.9976707396432D0,    0000011P   2410
-81.28449388406256D0,4.201034403238765D0,749.9887795628036D0,    0000011P   2411
-81.26397198884192D0,3.352192408242139D0,800.0296364283986D0,    0000011P   2412
-81.0131057781347D0,2.767001584851883D0,850.0090470586272D0,     0000011P   2413
-80.51003876268223D0,2.423176332683582D0,900.0502952566527D0,    0000011P   2414
-79.818380262414D0,2.297312332022294D0,949.989553858658D0,       0000011P   2415
-78.99731753418291D0,2.367787265041287D0,1000.063136121987D0,    0000011P   2416
-78.0161599820855D0,2.609931875967803D0,1049.995664397202D0,     0000011P   2417
-76.83646222724694D0,2.997243912667763D0,1100.059961801276D0,    0000011P   2418
-75.495023469849D0,3.511926438490974D0,1150.009811659196D0,      0000011P   2419
-74.01951103714293D0,4.13781889713912D0,1200.05904662464D0,      0000011P   2420
-72.41670812818536D0,4.878245161796087D0,1250.00529983088D0,     0000011P   2421
-70.68046401438988D0,5.727961329605172D0,1300.06489686434D0,     0000011P   2422
-68.85327898325357D0,6.706015079668035D0,1349.986586737265D0,    0000011P   2423
-66.95784487041925D0,7.826953530378461D0,1400.060647563404D0,    0000011P   2424
-64.98035587552614D0,9.111216261642731D0,1450.009214843054D0,    0000011P   2425
-62.89188472245971D0,10.56489572470176D0,1500.054813833314D0,    0000011P   2426
-60.74069843765585D0,12.21306818981231D0,1549.992183482364D0,    0000011P   2427
-58.56055742930603D0,14.06712369996719D0,1600.056051611882D0,    0000011P   2428
-56.32096363526932D0,16.26920407660186D0,1649.993538903449D0,    0000011P   2429
-53.97240807045743D0,18.95273855724114D0,1700.060413225654D0,    0000011P   2430
-51.55090913321578D0,22.04257018209231D0,1749.994063252592D0,    0000011P   2431
-49.07485340625048D0,25.45158875246485D0,1785.099772152805D0,    0000011P   2432
-46.79974641952985D0,28.91928639534388D0,1805.272002356445D0,    0000011P   2433
-45.15627328950772D0,31.52099130865187D0,1810.548042421121D0,    0000011P   2434
-44.70835822901336D0,32.23075647384787D0,1815.805582442795D0,    0000011P   2435
-44.24010290841589D0,32.96851707465058D0,1821.085868838531D0,    0000011P   2436
-43.74850913842406D0,33.73535496264924D0,1826.36885621464D0,     0000011P   2437
-43.23512736869202D0,34.53018998153178D0,1831.626354606188D0,    0000011P   2438
-42.69406276627486D0,35.35017582139864D0,1836.898599617414D0,    0000011P   2439
-42.12622051745612D0,36.19707255603712D0,1842.172174587488D0,    0000011P   2440
-41.52750888736873D0,37.0691698455383D0,1847.449915184575D0,     0000011P   2441
-40.89853357713567D0,37.96610808573335D0,1852.71187175067D0,     0000011P   2442
-40.23654890488009D0,38.88682769325573D0,1857.964933787029D0,    0000011P   2443
-39.53783581341315D0,39.82737989922705D0,1863.230414735835D0,    0000011P   2444
-38.80389082065814D0,40.8008489991465D0,1868.494395004785D0,     0000011P   2445
-38.02820152376852D0,41.76004471331658D0,1873.756336725549D0,    0000011P   2446
-37.21532087260289D0,42.74240064957575D0,1879.007391668809D0,    0000011P   2447
-36.35620012941094D0,43.74775323710043D0,1884.256341674748D0,    0000011P   2448
-35.45553785657831D0,44.7770248812589D0,1889.51104058937D0,      0000011P   2449
-34.50663931705896D0,45.82985240901311D0,1894.758278483348D0,    0000011P   2450
-33.50941467982045D0,46.90579071865932D0,1900.822981448273D0,    0000011P   2451
-32.29785178935316D0,48.17787876300953D0,1907.720839030184D0,    0000011P   2452
-30.83775243177514D0,49.6622835483601D0,1915.415834791452D0,     0000011P   2453
-29.11253366617202D0,51.36458827524591D0,1923.137036094374D0,    0000011P   2454
-27.31438556783697D0,53.10126122362691D0,1930.825677263377D0,    0000011P   2455
-25.46612634405209D0,54.86072523686734D0,1938.535994223481D0,    0000011P   2456
-23.58827278103548D0,56.64084036028275D0,1946.24157575862D0,     0000011P   2457
-21.7012973112474D0,58.43564995009661D0,1953.942360383533D0,     0000011P   2458
-19.82762107548259D0,60.24516994692013D0,1961.651592657332D0,    0000011P   2459
-17.98544577120408D0,62.07305624638673D0,1969.378489838065D0,    0000011P   2460
-16.19927596257811D0,63.93821248441395D0,1977.06069137536D0,     0000011P   2461
-14.48425461919117D0,65.83990791742319D0,1984.8656252775D0,      0000011P   2462
-12.87878854542077D0,67.90396918923527D0,1992.195417738921D0,    0000011P   2463
-11.33614238777294D0,69.90422956044304D0,2000.272179380618D0,    0000011P   2464
-10.23104151616694D0,72.79565190666637D0,2003.549472572729D0,    0000011P   2465
-8.728654224196205D0,73.43975892506697D0,2007.435263163357D0,    0000011P   2466
-7.573788981270621D0,74.41882069436149D0,2011.065519833308D0,    0000011P   2467
-6.465385766164033D0,75.29771176561201D0,2014.703854724492D0,    0000011P   2468
-5.44780923644862D0,76.24031992279895D0,2018.274509014281D0,     0000011P   2469
-4.497508768796512D0,77.21202669075575D0,2021.79133235364D0,     0000011P   2470
-3.615618256533337D0,78.21938119081322D0,2025.243446637755D0,    0000011P   2471
-2.79341449013839D0,79.23106231946571D0,2028.655798171D0,        0000011P   2472
-2.025389731816577D0,80.24788578781306D0,2032.023780665324D0,    0000011P   2473
-1.306794930677992D0,81.25107987326379D0,2035.354718888924D0,    0000011P   2474
-0.6330110971664248D0,82.23687995516934D0,2037.561416136322D0,   0000011P   2475
-0.207486004695979D0,82.87986179203314D0,2038.660611051692D0,    0000011P   2476
1.262184801120725D-14,83.19697709255232D0,-200.0D0,              0000011P   2477
-56.28900638392012D0,61.60034783213633D0,-183.3313294647965D0,   0000011P   2478
-56.98793634765697D0,60.52139322615273D0,-149.9979151814643D0,   0000011P   2479
-58.4064866912106D0,58.32773470153035D0,-105.5500732589236D0,    0000011P   2480
-60.35396349290799D0,55.27725061362515D0,-66.64078551292388D0,   0000011P   2481
-62.10301903881101D0,52.49271109150235D0,-33.3418079271084D0,    0000011P   2482
-63.62844978260287D0,50.02031647513221D0,5.57755579387639D0,     0000011P   2483
-65.43936776648532D0,47.0118263439129D0,50.00317599012914D0,     0000011P   2484
-67.54778607670181D0,43.41237643835258D0,99.99475223943438D0,    0000011P   2485
-69.97127085916284D0,39.22699571106628D0,150.0076322206508D0,    0000011P   2486
-72.4439439814094D0,34.98573289303716D0,199.9658768284252D0,     0000011P   2487
-74.85872474745254D0,30.78545415100142D0,249.9800682155315D0,    0000011P   2488
-77.10365067153737D0,26.70261790429903D0,294.4066435511455D0,    0000011P   2489
-78.9414925452255D0,23.27820268640343D0,333.3049574191105D0,     0000011P   2490
-80.42329857812348D0,20.49536485062562D0,366.6598257191556D0,    0000011P   2491
-81.61049588416145D0,18.26998650465646D0,399.9583001605324D0,    0000011P   2492
-82.71585908320616D0,16.21135459852117D0,433.3201900268028D0,    0000011P   2493
-83.73814999522622D0,14.31615971564693D0,466.6368235281459D0,    0000011P   2494
-84.66394153525468D0,12.59014852526241D0,499.9689538326216D0,    0000011P   2495
-85.47645622812865D0,11.02141771678561D0,533.3262060804809D0,    0000011P   2496
-86.1577280036D0,9.602170247667132D0,566.6454623376233D0,        0000011P   2497
-86.71834371228147D0,8.330088455165608D0,605.5305458036245D0,    0000011P   2498
-87.24129354882302D0,7.012394818738848D0,650.0008285843838D0,    0000011P   2499
-87.6650284627932D0,5.740250372680983D0,699.9976990737828D0,     0000011P   2500
-87.90777813485427D0,4.620067948925275D0,749.9891774712648D0,    0000011P   2501
-87.91558591016434D0,3.786140520616293D0,800.0293245292905D0,    0000011P   2502
-87.6696342460308D0,3.215203323887458D0,850.0098972720232D0,     0000011P   2503
-87.14951951511048D0,2.884825627933417D0,900.0497300930364D0,    0000011P   2504
-86.4010438197715D0,2.771394390228807D0,949.9909654169868D0,     0000011P   2505
-85.46511668614475D0,2.853040245552641D0,1000.062457277438D0,    0000011P   2506
-84.35164896892439D0,3.107807374448306D0,1049.996967952779D0,    0000011P   2507
-83.06239926502562D0,3.511931259011853D0,1100.0593635411D0,      0000011P   2508
-81.61449247537446D0,4.04779123901681D0,1150.010900610873D0,     0000011P   2509
-80.01505560191308D0,4.699338220040538D0,1200.058358186924D0,    0000011P   2510
-78.28145878794058D0,5.470998514130564D0,1250.006966072329D0,    0000011P   2511
-76.41710919835771D0,6.358725052440633D0,1300.064118256151D0,    0000011P   2512
-74.44675794873888D0,7.380914067801719D0,1349.98803436907D0,     0000011P   2513
-72.37357121113868D0,8.551454354542955D0,1400.060040825387D0,    0000011P   2514
-70.22577213839718D0,9.899211704088877D0,1450.010193037724D0,    0000011P   2515
-68.01543037297121D0,11.43888113014458D0,1500.05421245436D0,     0000011P   2516
-65.75018819087691D0,13.19572398936337D0,1549.993611791128D0,    0000011P   2517
-63.42168778731186D0,15.18138366513404D0,1600.055365706052D0,    0000011P   2518
-60.96650233169719D0,17.5288290342049D0,1649.994853974371D0,     0000011P   2519
-58.30048204928865D0,20.36221987022082D0,1700.059862585527D0,    0000011P   2520
-55.573879505712D0,23.6514790018204D0,1749.994949754D0,          0000011P   2521
-52.91848026916645D0,27.35469929903881D0,1785.099238757597D0,    0000011P   2522
-50.31532894085623D0,31.13889628340927D0,1805.272173949841D0,    0000011P   2523
-48.32604470446438D0,33.97142994568066D0,1810.548323570098D0,    0000011P   2524
-47.78079967509626D0,34.74347609770956D0,1815.806300879077D0,    0000011P   2525
-47.2091223803603D0,35.54501904012145D0,1821.087038185372D0,     0000011P   2526
-46.60878899647011D0,36.37663670841965D0,1826.369636838324D0,    0000011P   2527
-45.98250339183026D0,37.23678167427605D0,1831.627774659793D0,    0000011P   2528
-45.32490371202962D0,38.12217029079837D0,1836.900036602813D0,    0000011P   2529
-44.63799479015452D0,39.03404722028562D0,1842.173992684974D0,    0000011P   2530
-43.91836812804487D0,39.97024553204411D0,1847.45156958889D0,     0000011P   2531
-43.16770411652973D0,40.92992613717264D0,1852.713451514079D0,    0000011P   2532
-42.38405248152172D0,41.91156183171864D0,1857.967033177237D0,    0000011P   2533
-41.56440845901213D0,42.91078519543114D0,1863.232108371807D0,    0000011P   2534
-40.7114174913637D0,43.93997317639603D0,1868.496565398038D0,     0000011P   2535
-39.81904869010521D0,44.95224975046987D0,1873.757681358644D0,    0000011P   2536
-38.893258632196D0,45.98392847791699D0,1879.009185841753D0,      0000011P   2537
-37.92526873301912D0,47.03436298049317D0,1884.257474051416D0,    0000011P   2538
-36.92119331643819D0,48.10397444998853D0,1889.511890072546D0,    0000011P   2539
-35.87480396526586D0,49.19192028897562D0,1894.758832461808D0,    0000011P   2540
-34.78702757716285D0,50.29727736010727D0,1900.822969532654D0,    0000011P   2541
-33.47975573906395D0,51.59624743906927D0,1907.719551167942D0,    0000011P   2542
-31.92509098201906D0,53.10031731503236D0,1915.412838422507D0,    0000011P   2543
-30.11106151144052D0,54.81171079795124D0,1923.132313755348D0,    0000011P   2544
-28.23904988024943D0,56.545999792477D0,1930.819638085495D0,      0000011P   2545
-26.33019494107111D0,58.29315760391263D0,1938.528343345332D0,    0000011P   2546
-24.4031423403782D0,60.05243478658294D0,1946.232705188587D0,     0000011P   2547
-22.47648967473898D0,61.81932989512254D0,1953.932284271195D0,    0000011P   2548
-20.57094564141748D0,63.59521283789815D0,1961.641105818674D0,    0000011P   2549
-18.70264787406831D0,65.3850317836075D0,1969.367210629872D0,     0000011P   2550
-16.89456211194128D0,67.20872420407424D0,1977.051274661342D0,    0000011P   2551
-15.15951236682479D0,69.06692597873821D0,1984.852509392135D0,    0000011P   2552
-13.53552513819747D0,71.08468532737216D0,1992.204715564844D0,    0000011P   2553
-11.9683895878439D0,73.04102309911625D0,2000.219349384534D0,     0000011P   2554
-10.85391131780899D0,75.87661237451816D0,2003.702432513752D0,    0000011P   2555
-9.288537650708648D0,76.50655858096927D0,2007.720702945812D0,    0000011P   2556
-8.084093216978994D0,77.4681300527261D0,2011.50006463461D0,      0000011P   2557
-6.920760602060343D0,78.3329311401958D0,2015.283777158354D0,     0000011P   2558
-5.84756808332857D0,79.26170631370812D0,2019.002991211123D0,     0000011P   2559
-4.839969050517829D0,80.22005831436209D0,2022.669136378859D0,    0000011P   2560
-3.900158453070236D0,81.21405971752259D0,2026.272410508457D0,    0000011P   2561
-3.019652712344372D0,82.21255474604996D0,2029.837199082147D0,    0000011P   2562
-2.193451677401569D0,83.2159797451591D0,2033.358590968441D0,     0000011P   2563
-1.417377108117111D0,84.20551561666983D0,2036.843350607821D0,    0000011P   2564
-0.6873916641444514D0,85.17709600699328D0,2039.153319852511D0,   0000011P   2565
-0.2253778257815238D0,85.81002448490774D0,2040.304218291052D0,   0000011P   2566
1.262184801120725D-14,86.12192270804627D0,-199.9999999999999D0,  0000011P   2567
-60.68247667287463D0,61.83733506643775D0,-183.3312237218675D0,   0000011P   2568
-61.43082926284512D0,60.75526276410487D0,-149.997545707272D0,    0000011P   2569
-62.95139253470482D0,58.55661982232152D0,-105.5501558900916D0,   0000011P   2570
-65.03819220999306D0,55.5035699161395D0,-66.64072268294918D0,    0000011P   2571
-66.90808095615145D0,52.72033575773394D0,-33.3415682894569D0,    0000011P   2572
-68.54120127391504D0,50.25137274452629D0,5.577442622841811D0,    0000011P   2573
-70.48869758909351D0,47.24972856750679D0,50.00328685461014D0,    0000011P   2574
-72.77709925303633D0,43.66151164134497D0,99.99488061244244D0,    0000011P   2575
-75.37523696971992D0,39.48995837511842D0,150.0070079389955D0,    0000011P   2576
-77.93452292863881D0,35.26032983886205D0,199.9662074547545D0,    0000011P   2577
-80.45667634763591D0,31.07476760613752D0,249.9793701031898D0,    0000011P   2578
-82.93790206020843D0,27.01531480710974D0,294.4069471167958D0,    0000011P   2579
-85.01101838127069D0,23.61368344661454D0,333.304470512552D0,     0000011P   2580
-86.65166877633672D0,20.84822205707077D0,366.6589875682204D0,    0000011P   2581
-87.94684073364113D0,18.63632651260739D0,399.9587005863298D0,    0000011P   2582
-89.1358428898281D0,16.59021156848643D0,433.3194262722477D0,     0000011P   2583
-90.22110379297344D0,14.70718693899897D0,466.6363871099633D0,    0000011P   2584
-91.20002695992014D0,12.99307207247422D0,499.9692283415923D0,    0000011P   2585
-92.06636123072637D0,11.43634158126299D0,533.3255450087941D0,    0000011P   2586
-92.81253078388113D0,10.02950438739806D0,566.6450045619687D0,    0000011P   2587
-93.43935207981738D0,8.76987919268192D0,605.5308083081899D0,     0000011P   2588
-94.02951596551316D0,7.466396317979054D0,650.0003171647929D0,    0000011P   2589
-94.49925763255962D0,6.209431538993343D0,699.9977274079331D0,    0000011P   2590
-94.73998759526262D0,5.103037711538512D0,749.9895753796649D0,    0000011P   2591
-94.67965192440474D0,4.278104567363954D0,800.0290126301408D0,    0000011P   2592
-94.38338141709782D0,3.718737914833042D0,850.0107474856463D0,    0000011P   2593
-93.91473914991846D0,3.409878766186353D0,900.0491649295757D0,    0000011P   2594
-93.19978633155068D0,3.31848751281666D0,949.9923769744668D0,     0000011P   2595
-92.1588418621939D0,3.413193793442197D0,1000.061778432309D0,     0000011P   2596
-90.89282784855693D0,3.680208114719072D0,1049.998271511533D0,    0000011P   2597
-89.4943345920332D0,4.103978820289896D0,1100.058765283095D0,     0000011P   2598
-87.94606473121047D0,4.665384742205568D0,1150.01198955065D0,     0000011P   2599
-86.21978147390865D0,5.346798451770248D0,1200.057669741079D0,    0000011P   2600
-84.34105192471913D0,6.153190779726408D0,1250.008632358333D0,    0000011P   2601
-82.32045101618246D0,7.081145276951361D0,1300.063339678397D0,    0000011P   2602
-80.19076002140926D0,8.153255131860057D0,1349.989481834054D0,    0000011P   2603
-77.96156059457616D0,9.387617878144908D0,1400.059433973419D0,    0000011P   2604
-75.63249771050673D0,10.8061705587466D0,1450.011171856896D0,     0000011P   2605
-73.18568041424072D0,12.41676611980758D0,1500.053611501985D0,    0000011P   2606
-70.66745685508629D0,14.26797389694404D0,1549.995037762547D0,    0000011P   2607
-68.10721701551401D0,16.39493906679483D0,1600.054678203673D0,    0000011P   2608
-65.44739854159914D0,18.88781684481008D0,1649.996177792081D0,    0000011P   2609
-62.60820700786825D0,21.8277065653013D0,1700.059317919728D0,     0000011P   2610
-59.62378904983655D0,25.36542869151983D0,1749.995803516263D0,    0000011P   2611
-56.50783911074649D0,29.64070615630066D0,1785.098679901161D0,    0000011P   2612
-53.40621315788945D0,33.86020527991583D0,1805.272354214545D0,    0000011P   2613
-51.06372066189309D0,36.89223172082708D0,1810.548623432624D0,    0000011P   2614
-50.42338210918561D0,37.71386770216947D0,1815.807048821446D0,    0000011P   2615
-49.75433825440868D0,38.56246945434713D0,1821.088248209446D0,    0000011P   2616
-49.05478897800239D0,39.43858038546436D0,1826.370469317304D0,    0000011P   2617
-48.32824090584329D0,40.34065518386398D0,1831.629257381986D0,    0000011P   2618
-47.56951450077558D0,41.26544225434786D0,1836.901546333627D0,    0000011P   2619
-46.78136358141002D0,42.21414023641372D0,1842.17589249655D0,     0000011P   2620
-45.96071222501501D0,43.18459499727001D0,1847.453313196129D0,    0000011P   2621
-45.10996485084731D0,44.17595735197006D0,1852.71512611771D0,     0000011P   2622
-44.22761593133058D0,45.18670186466223D0,1857.969230821743D0,    0000011P   2623
-43.3110243343578D0,46.21251185240988D0,1863.233901081242D0,     0000011P   2624
-42.36363376545276D0,47.26552630457255D0,1868.498832717314D0,    0000011P   2625
-41.37954418924113D0,48.29965284124778D0,1873.759117432029D0,    0000011P   2626
-40.36576514850458D0,49.35055436381271D0,1879.011062259271D0,    0000011P   2627
-39.31343755048108D0,50.4175710752894D0,1884.258675395267D0,     0000011P   2628
-38.22974081923379D0,51.50109234257677D0,1889.512790792151D0,    0000011P   2629
-37.10856219615567D0,52.60026553254484D0,1894.759415120891D0,    0000011P   2630
-35.95149464632215D0,53.71415886088999D0,1900.822954181991D0,    0000011P   2631
-34.57104365192491D0,55.01987004234157D0,1907.7182143465D0,      0000011P   2632
-32.94392418822422D0,56.52713969764729D0,1915.40973444393D0,     0000011P   2633
-31.0615905406809D0,58.23675307161103D0,1923.127421853492D0,     0000011P   2634
-29.13236399371553D0,59.96437219580582D0,1930.813368467317D0,    0000011P   2635
-27.17609489154852D0,61.70053797415353D0,1938.520406603654D0,    0000011P   2636
-25.20994858715898D0,63.44490860666826D0,1946.223503164528D0,    0000011P   2637
-23.25103868747515D0,65.19345498307592D0,1953.921845325571D0,    0000011P   2638
-21.31875229248221D0,66.9479181161788D0,1961.63024335721D0,      0000011P   2639
-19.42755381827831D0,68.71355558441903D0,1969.355565977591D0,    0000011P   2640
-17.59926102544871D0,70.51035583220644D0,1977.041530028695D0,    0000011P   2641
-15.84476981423563D0,72.33933849867944D0,1984.839134838844D0,    0000011P   2642
-14.20211722547078D0,74.32379051624275D0,1992.213860077285D0,    0000011P   2643
-12.61000778246915D0,76.24693745926399D0,2000.166501186285D0,    0000011P   2644
-11.48575007983408D0,79.0336291952007D0,2003.855532679919D0,     0000011P   2645
-9.857354860440935D0,79.65259084694836D0,2008.006453787332D0,    0000011P   2646
-8.603461704973853D0,80.59727121288142D0,2011.935116214291D0,    0000011P   2647
-7.38538727336049D0,81.44654361942423D0,2015.86442579344D0,      0000011P   2648
-6.256717963807772D0,82.35827452212982D0,2019.732441553698D0,    0000011P   2649
-5.191805680139229D0,83.29855317723667D0,2023.548171834121D0,    0000011P   2650
-4.193800928940815D0,84.27324091301767D0,2027.302889251445D0,    0000011P   2651
-3.254354263477755D0,85.25161257757304D0,2031.020417283894D0,    0000011P   2652
-2.368867620695154D0,86.23399044910667D0,2034.695538774679D0,    0000011P   2653
-1.533628072260838D0,87.20177335272351D0,2038.3344566547D0,      0000011P   2654
-0.7450744280652785D0,88.15085850076844D0,2040.747932733573D0,   0000011P   2655
-0.2444695321483489D0,88.76827292069012D0,2041.9506544885D0,     0000011P   2656
1.262184801120725D-14,89.0722820170938D0,-199.9999999999999D0,   0000011P   2657
-64.97670559273482D0,62.1284366470159D0,-183.3311179789387D0,    0000011P   2658
-65.79105758232535D0,61.04023408834708D0,-149.9971762330801D0,   0000011P   2659
-67.44358385459316D0,58.83142647551344D0,-105.55023852126D0,     0000011P   2660
-69.68896303833031D0,55.77098729445722D0,-66.64065985297475D0,   0000011P   2661
-71.67259343129696D0,52.98623485120864D0,-33.34132865180545D0,   0000011P   2662
-73.40304350300382D0,50.51941042625933D0,5.57732945180737D0,     0000011P   2663
-75.48421370290546D0,47.52461657088616D0,50.0033977190912D0,     0000011P   2664
-77.98268354112825D0,43.9500828176671D0,99.99500898545041D0,     0000011P   2665
-80.84372500504111D0,39.79829673386295D0,150.0063836573403D0,    0000011P   2666
-83.64154857509311D0,35.58930479458041D0,199.9665380810837D0,    0000011P   2667
-86.34104813193801D0,31.42270155231359D0,249.9786719908474D0,    0000011P   2668
-88.90134949564698D0,27.37831349921851D0,294.4072506824455D0,    0000011P   2669
-91.0363177701322D0,23.9906273916071D0,333.3039836059946D0,      0000011P   2670
-92.78173077272081D0,21.2408155955809D0,366.6581494172874D0,     0000011P   2671
-94.18202410382025D0,19.04343409823763D0,399.959101012128D0,     0000011P   2672
-95.47196777248303D0,17.01177955492739D0,433.3186625176878D0,    0000011P   2673
-96.63437542756944D0,15.14218641940484D0,466.635950691773D0,     0000011P   2674
-97.6737418859415D0,13.44058966287195D0,499.969502850561D0,      0000011P   2675
-98.59060790570494D0,11.89588365087734D0,533.3248839371255D0,    0000011P   2676
-99.38407451347928D0,10.50092545010462D0,566.6445467863439D0,    0000011P   2677
-100.0524623258223D0,9.252915831919538D0,605.5310708127611D0,    0000011P   2678
-100.6813323761979D0,7.962586445452999D0,649.9998057450874D0,    0000011P   2679
-101.1768742118638D0,6.71989070293629D0,699.9977557420056D0,     0000011P   2680
-101.4404032233084D0,5.629699165261023D0,749.9899732884935D0,    0000011P   2681
-101.415145371877D0,4.822647695226131D0,800.0287007312833D0,     0000011P   2682
-101.0997513558439D0,4.277889923637908D0,850.0115976976679D0,    0000011P   2683
-100.491073835327D0,3.97539541673865D0,900.0485997650212D0,      0000011P   2684
-99.63955493981852D0,3.893087505120747D0,949.993788537937D0,     0000011P   2685
-98.58999703482121D0,4.010563217211157D0,1000.061099591271D0,    0000011P   2686
-97.32893754868626D0,4.304820772824179D0,1049.999575047863D0,    0000011P   2687
-95.83336223783876D0,4.751052760451273D0,1100.058167009774D0,    0000011P   2688
-94.14848395293433D0,5.337195916772707D0,1150.01307857438D0,     0000011P   2689
-92.30811774232595D0,6.052642730378281D0,1200.056981352578D0,    0000011P   2690
-90.31482711389455D0,6.900327831467941D0,1250.010298330008D0,    0000011P   2691
-88.15496887269259D0,7.874864303232251D0,1300.062560885938D0,    0000011P   2692
-85.86084411425058D0,9.000598971334227D0,1349.990930475933D0,    0000011P   2693
-83.43988826675539D0,10.29737524229157D0,1400.058827925348D0,    0000011P   2694
-80.9375802489667D0,11.79393334765619D0,1450.012146270295D0,     0000011P   2695
-78.3808602608794D0,13.50507843786291D0,1500.05300754016D0,      0000011P   2696
-75.72782186496819D0,15.48660803550336D0,1549.996480223622D0,    0000011P   2697
-72.91789877072813D0,17.78097125636912D0,1600.054001964727D0,    0000011P   2698
-69.99274690264605D0,20.41148044055019D0,1649.997439902349D0,    0000011P   2699
-66.97073646605561D0,23.39203358772081D0,1700.058731105835D0,    0000011P   2700
-63.65048791513246D0,27.1695785402212D0,1749.996888248875D0,     0000011P   2701
-59.80770278674345D0,32.18126130281388D0,1785.098300670329D0,    0000011P   2702
-56.0847964648532D0,36.92946576526369D0,1805.272473304323D0,     0000011P   2703
-53.40135042718843D0,40.16204511661583D0,1810.548791273537D0,    0000011P   2704
-52.67289934129413D0,41.03110270178778D0,1815.807588602267D0,    0000011P   2705
-51.91689230896881D0,41.92233111636031D0,1821.089171261011D0,    0000011P   2706
-51.13159698539744D0,42.83642060124063D0,1826.370935964013D0,    0000011P   2707
-50.32096682444679D0,43.77200932164438D0,1831.630297985566D0,    0000011P   2708
-49.47964867673476D0,44.72605909426948D0,1836.902542855136D0,    0000011P   2709
-48.61078941691486D0,45.69990389601426D0,1842.177215826002D0,    0000011P   2710
-47.71128976820228D0,46.6915837521912D0,1847.454427488518D0,     0000011P   2711
-46.78392224879981D0,47.70042074201007D0,1852.716131636088D0,    0000011P   2712
-45.82727014816046D0,48.72507255792208D0,1857.970735295137D0,    0000011P   2713
-44.83870003659722D0,49.7614546145068D0,1863.234994840475D0,     0000011P   2714
-43.82209795331328D0,50.82164930259936D0,1868.500416236293D0,    0000011P   2715
-42.77133878654949D0,51.86052924674011D0,1873.75990840624D0,     0000011P   2716
-41.69412911542818D0,52.91328804962095D0,1879.01235845218D0,     0000011P   2717
-40.58117340956052D0,53.97943385573213D0,1884.259390184743D0,    0000011P   2718
-39.44036026372761D0,55.05950556728323D0,1889.513330045505D0,    0000011P   2719
-38.26533664842097D0,56.15282187564369D0,1894.759795441964D0,    0000011P   2720
-37.0580056666491D0,57.25862370975531D0,1900.822963065104D0,     0000011P   2721
-35.62376494207072D0,58.55257223083384D0,1907.717222925746D0,    0000011P   2722
-33.94194478118931D0,60.04335476240934D0,1915.407389637092D0,    0000011P   2723
-32.00607278108981D0,61.73088880454299D0,1923.123726195018D0,    0000011P   2724
-30.02986621319462D0,63.43324940021785D0,1930.808724575012D0,    0000011P   2725
-28.03246767162557D0,65.14151324616397D0,1938.514486591438D0,    0000011P   2726
-26.03014297417446D0,66.85571438227412D0,1946.216639504867D0,    0000011P   2727
-24.03910249643577D0,68.57226422755485D0,1953.913966120881D0,    0000011P   2728
-22.0779924994221D0,70.29324309343332D0,1961.622030865065D0,     0000011P   2729
-20.16018493998141D0,72.02418616228547D0,1969.346499485115D0,    0000011P   2730
-18.30693035834068D0,73.78510104529664D0,1977.034098818692D0,    0000011P   2731
-16.52777730150222D0,75.57735933549313D0,1984.827585153636D0,    0000011P   2732
-14.86135410995705D0,77.52245487210101D0,1992.224086196103D0,    0000011P   2733
-13.23986142685689D0,79.40778614890463D0,2000.113781401911D0,    0000011P   2734
-12.10292198767063D0,82.14258573213571D0,2004.007643576217D0,    0000011P   2735
-10.41024274880097D0,82.74883846463075D0,2008.290010148218D0,    0000011P   2736
-9.106718722916119D0,83.67588714247653D0,2012.366592539403D0,    0000011P   2737
-7.834535025318164D0,84.50973396722455D0,2016.439951174752D0,    0000011P   2738
-6.651679414159261D0,85.40537596481806D0,2020.455061755922D0,    0000011P   2739
-5.531245546466503D0,86.32939749180208D0,2024.418519712984D0,    0000011P   2740
-4.477182725083864D0,87.28745721452452D0,2028.322680770416D0,    0000011P   2741
-3.481118874297391D0,88.24926919149246D0,2032.190814740334D0,    0000011P   2742
-2.538701258050152D0,89.21505021906577D0,2036.017406778545D0,    0000011P   2743
-1.646525498916699D0,90.16642563080164D0,2039.808106644271D0,    0000011P   2744
-0.8013497961386999D0,91.09926479014558D0,2042.323432814055D0,   0000011P   2745
-0.2631583452973599D0,91.70593956294729D0,2043.577132760052D0,   0000011P   2746
1.262184801120725D-14,92.004600229369D0,-199.9999999999999D0,    0000011P   2747
-69.36459315230025D0,62.4843768968061D0,-183.3310122360099D0,    0000011P   2748
-70.20160945666015D0,61.38506533542008D0,-149.9968067588878D0,   0000011P   2749
-71.90738153926145D0,59.15713996146054D0,-105.5503211524279D0,   0000011P   2750
-74.28360445277993D0,56.08394081411375D0,-66.64059702300008D0,   0000011P   2751
-76.45392067531216D0,53.30059944642109D0,-33.34108901415397D0,   0000011P   2752
-78.35487213905296D0,50.83976703326689D0,5.57721628077275D0,     0000011P   2753
-80.60207072573897D0,47.85334269044603D0,50.00350858357214D0,    0000011P   2754
-83.17820377245296D0,44.28347538632755D0,99.99513735845848D0,    0000011P   2755
-86.08957984672722D0,40.13763242831289D0,150.0057593756852D0,    0000011P   2756
-89.01498019204598D0,35.94261980791024D0,199.9668687074129D0,    0000011P   2757
-91.93040155793345D0,31.79860702051737D0,249.9779738785046D0,    0000011P   2758
-94.80554881661851D0,27.78630801919973D0,294.4075542480949D0,    0000011P   2759
-97.18848452253525D0,24.42594538739705D0,333.303496699438D0,     0000011P   2760
-99.04011367170753D0,21.69229318990363D0,366.6573112663558D0,    0000011P   2761
-100.4930539133055D0,19.50624281613494D0,399.9595014379268D0,    0000011P   2762
-101.8344186731422D0,17.48628346673621D0,433.3178987631252D0,    0000011P   2763
-103.0838737859381D0,15.63179706145002D0,466.635514273578D0,     0000011P   2764
-104.2267966477501D0,13.94689872142531D0,499.9697773595279D0,    0000011P   2765
-105.2444508256918D0,12.41897768309252D0,533.3242228654671D0,    0000011P   2766
-106.11661735422D0,11.03931945098593D0,566.6440890107364D0,      0000011P   2767
-106.8425560183236D0,9.805141235862536D0,605.5313333173358D0,    0000011P   2768
-107.5147693954601D0,8.529299435814892D0,649.9992943253158D0,    0000011P   2769
-108.0270721842083D0,7.300832122285307D0,699.9977840760325D0,    0000011P   2770
-108.2863546013583D0,6.225488497853398D0,749.9903711975688D0,    0000011P   2771
-108.2547073365609D0,5.434457297976714D0,800.0283888325944D0,    0000011P   2772
-107.9163181729979D0,4.905540868273441D0,850.0124479087679D0,    0000011P   2773
-107.2534471234983D0,4.617345406297517D0,900.0480345998374D0,    0000011P   2774
-106.3409245103932D0,4.55187768669623D0,949.9952001048557D0,     0000011P   2775
-105.2476462844145D0,4.692793608961615D0,1000.060420752589D0,    0000011P   2776
-103.9278319029665D0,5.013163532808648D0,1050.000878571285D0,    0000011P   2777
-102.3253419523493D0,5.484231603359433D0,1100.057568727635D0,    0000011P   2778
-100.4927989317029D0,6.096291279272577D0,1150.014167646438D0,    0000011P   2779
-98.47071674204202D0,6.841028490774768D0,1200.056292997087D0,    0000011P   2780
-96.29176218114375D0,7.725143790743275D0,1250.011964120741D0,    0000011P   2781
-93.97154371793157D0,8.7471176294274D0,1300.061781969887D0,      0000011P   2782
-91.5247130851744D0,9.9332857890819D0,1349.992379795278D0,       0000011P   2783
-88.93931035786329D0,11.30546850930739D0,1400.058222340032D0,    0000011P   2784
-86.25268284240997D0,12.88444842721778D0,1450.01311814755D0,     0000011P   2785
-83.48236452736083D0,14.67713844359152D0,1500.052401845975D0,    0000011P   2786
-80.58868828152363D0,16.77018431733878D0,1549.997932176811D0,    0000011P   2787
-77.51217977187812D0,19.23709263422022D0,1600.05333220947D0,     0000011P   2788
-74.38038373270906D0,22.01782751059178D0,1649.998666491311D0,    0000011P   2789
-71.29641491907395D0,25.04249737837214D0,1700.058120029793D0,    0000011P   2790
-67.67513294105221D0,29.09467589026718D0,1749.998105937386D0,    0000011P   2791
-62.90524750899614D0,34.94958980300364D0,1785.098024839278D0,    0000011P   2792
-58.43934276522835D0,40.2455424389738D0,1805.272557179331D0,     0000011P   2793
-55.40950910209084D0,43.63794399596083D0,1810.548883117457D0,    0000011P   2794
-54.59450112722243D0,44.54149894061843D0,1815.80800855686D0,     0000011P   2795
-53.75581738984921D0,45.46044840699398D0,1821.089929119563D0,    0000011P   2796
-52.89154835149292D0,46.39592771687829D0,1826.371192022831D0,    0000011P   2797
-52.00584932560248D0,47.34705676044054D0,1831.631084087746D0,    0000011P   2798
-51.09294858216145D0,48.31130901435542D0,1836.90324395256D0,     0000011P   2799
-50.15614108345793D0,49.29045204100255D0,1842.178207308966D0,    0000011P   2800
-49.1920592302459D0,50.28301827187919D0,1847.455179521761D0,     0000011P   2801
-48.20359867126608D0,51.28879929843221D0,1852.716752001863D0,    0000011P   2802
-47.18918654459274D0,52.30693418949638D0,1857.971840751132D0,    0000011P   2803
-46.14595215455083D0,53.33386870524822D0,1863.235686255631D0,    0000011P   2804
-45.07797890561483D0,54.3819268860791D0,1868.501606132095D0,     0000011P   2805
-43.97867164123271D0,55.40724460905294D0,1873.76032803521D0,     0000011P   2806
-42.85618900845937D0,56.4448444262571D0,1879.013320644278D0,     0000011P   2807
-41.70055407087116D0,57.49470067173068D0,1884.259824893793D0,    0000011P   2808
-40.52011962555896D0,58.55780003107468D0,1889.513661224231D0,    0000011P   2809
-39.30804740370483D0,59.63393076823864D0,1894.760059289076D0,    0000011P   2810
-38.06630567784224D0,60.72280477349048D0,1900.822985898164D0,    0000011P   2811
-36.59524464796728D0,61.99799442328444D0,1907.716430331637D0,    0000011P   2812
-34.87566981921581D0,63.46936067653203D0,1915.405481840292D0,    0000011P   2813
-32.90236845227165D0,65.13734174001816D0,1923.120719142745D0,    0000011P   2814
-30.8926679141501D0,66.8218922266424D0,1930.805016516445D0,      0000011P   2815
-28.86524402023163D0,68.51374083722166D0,1938.50972749048D0,     0000011P   2816
-26.83570402447801D0,70.21241366280611D0,1946.211121902577D0,    0000011P   2817
-24.81959604250719D0,71.91387886296164D0,1953.907560406872D0,    0000011P   2818
-22.83506646771647D0,73.61967225901901D0,1961.615343802717D0,    0000011P   2819
-20.89463576906086D0,75.33472284856661D0,1969.338917085968D0,    0000011P   2820
-19.01922823776631D0,77.07817362084403D0,1977.027999308571D0,    0000011P   2821
-17.21728603895247D0,78.85086433404416D0,1984.817085936494D0,    0000011P   2822
-15.52826978412694D0,80.77161194549313D0,1992.234934931411D0,    0000011P   2823
-13.87811720763542D0,82.63110407967078D0,2000.06113553777D0,     0000011P   2824
-12.72896864065389D0,85.32147939871419D0,2004.159185008664D0,    0000011P   2825
-10.97246153182634D0,85.91825623221712D0,2008.572303277065D0,    0000011P   2826
-9.619675264499616D0,86.82795066773548D0,2012.79601080301D0,     0000011P   2827
-8.293637697493878D0,87.64421111044081D0,2017.012527403444D0,    0000011P   2828
-7.056672904837389D0,88.51940371288066D0,2021.1737502524D0,      0000011P   2829
-5.880551252691677D0,89.42084648812063D0,2025.283866670593D0,    0000011P   2830
-4.769955796089609D0,90.35423399679766D0,2029.336320289879D0,    0000011P   2831
-3.716426786268925D0,91.28995806403979D0,2033.353832055896D0,    0000011P   2832
-2.715791770101529D0,92.22836856057697D0,2037.330594236684D0,    0000011P   2833
-1.764889876999568D0,93.15155588463259D0,2041.271708219419D0,    0000011P   2834
-0.8607336514867812D0,94.05560010696692D0,2043.887930791505D0,   0000011P   2835
-0.2829609463180612D0,94.64281606957937D0,2045.19212244017D0,    0000011P   2836
1.262184801120725D-14,94.93172018447092D0,-199.9999999999999D0,  0000011P   2837
-73.60361736872767D0,62.8811403331363D0,-183.330906493081D0,     0000011P   2838
-74.52249313301167D0,61.7770183580181D0,-149.9964372846956D0,    0000011P   2839
-76.38916692404263D0,59.541083394632D0,-105.550403783596D0,      0000011P   2840
-78.9359089210981D0,56.45954309510979D0,-66.64053419302555D0,    0000011P   2841
-81.19694224951292D0,53.66921131879685D0,-33.34084937650264D0,   0000011P   2842
-83.17176486314193D0,51.20517822277354D0,5.577103109738005D0,    0000011P   2843
-85.54338856071875D0,48.22157651697009D0,50.00361944805306D0,    0000011P   2844
-88.37705357653637D0,44.66816894902672D0,99.9952657314666D0,     0000011P   2845
-91.61110132584844D0,40.5479210242331D0,150.00513509403D0,       0000011P   2846
-94.76914806179735D0,36.37481157645688D0,199.9671993337421D0,    0000011P   2847
-97.82444256196922D0,32.24856729045836D0,249.9772757661625D0,    0000011P   2848
-100.7436616090532D0,28.24978928479146D0,294.4078578137449D0,    0000011P   2849
-103.1734164774096D0,24.90308488065384D0,333.3030097928803D0,    0000011P   2850
-105.1384514998176D0,22.186638102484D0,366.6564731154221D0,      0000011P   2851
-106.7104517468967D0,20.0170986858186D0,399.9599018637246D0,     0000011P   2852
-108.1648533272893D0,18.0136878840457D0,433.3171350085667D0,     0000011P   2853
-109.4933651637028D0,16.17424203618264D0,466.6350778553901D0,    0000011P   2854
-110.6857076328332D0,14.50242286980236D0,499.9700518684974D0,    0000011P   2855
-111.7271793589541D0,12.98547113748458D0,533.3235617937929D0,    0000011P   2856
-112.6015059945044D0,11.61445551122996D0,566.6436312351026D0,    0000011P   2857
-113.327465996774D0,10.38874650494327D0,605.5315958219052D0,     0000011P   2858
-114.0197127268421D0,9.125134007896932D0,649.998782905645D0,     0000011P   2859
-114.6155065341256D0,7.917565327126596D0,699.997812410129D0,     0000011P   2860
-114.9641241713454D0,6.866520781360912D0,749.9907691062672D0,    0000011P   2861
-114.9308417214462D0,6.092386295457871D0,800.0280769336483D0,    0000011P   2862
-114.5628740235755D0,5.579657577269153D0,850.0132981212777D0,    0000011P   2863
-113.9054408236241D0,5.313629137612978D0,900.0474694356161D0,    0000011P   2864
-112.9514662212241D0,5.267968178235734D0,949.9966116665001D0,    0000011P   2865
-111.6872441870235D0,5.417918697982088D0,1000.059741910304D0,    0000011P   2866
-110.1901320131332D0,5.751297380937871D0,1050.002182114452D0,    0000011P   2867
-108.5271595308621D0,6.2541736726306D0,1100.056970458983D0,      0000011P   2868
-106.6648827263977D0,6.908224826938351D0,1150.015256644573D0,    0000011P   2869
-104.5564760854242D0,7.69638875033251D0,1200.055604591104D0,     0000011P   2870
-102.2545297844526D0,8.628634073117652D0,1250.013630188246D0,    0000011P   2871
-99.79355944680135D0,9.706789801407624D0,1300.061003242886D0,    0000011P   2872
-97.18439345783014D0,10.95695519343645D0,1349.993828078357D0,    0000011P   2873
-94.40956519327625D0,12.40068178178101D0,1400.057616046878D0,    0000011P   2874
-91.53357023394111D0,14.06737987026981D0,1450.014093904137D0,    0000011P   2875
-88.60000816970361D0,15.97273471593461D0,1500.051798801641D0,    0000011P   2876
-85.5267880057086D0,18.19590434755486D0,1549.999369610684D0,     0000011P   2877
-82.21058380142938D0,20.80290976933994D0,1600.052652536641D0,    0000011P   2878
-78.81894432048887D0,23.74188247664337D0,1649.999947414329D0,    0000011P   2879
-75.49367006438112D0,26.95106299669214D0,1700.057546065592D0,    0000011P   2880
-71.40041534343051D0,31.3825816471836D0,1749.999120254055D0,     0000011P   2881
-65.67626752419513D0,37.9807770988664D0,1785.09759084598D0,      0000011P   2882
-60.5192103328414D0,43.72406102493306D0,1805.272694919512D0,     0000011P   2883
-57.18574518268476D0,47.24506622501247D0,1810.549091207808D0,    0000011P   2884
-56.29590513907909D0,48.17615361834642D0,1815.808611799905D0,    0000011P   2885
-55.38672598419532D0,49.11692322112666D0,1821.090939660454D0,    0000011P   2886
-54.4560265931629D0,50.06882563128386D0,1826.371770200845D0,     0000011P   2887
-53.50806974628398D0,51.03133265919693D0,1831.632259480053D0,    0000011P   2888
-52.53657074017868D0,52.0022996367736D0,1836.904396936219D0,     0000011P   2889
-51.54487823204078D0,52.983797907131D0,1842.179706390556D0,      0000011P   2890
-50.52926190743399D0,53.97472250320739D0,1847.456485673404D0,    0000011P   2891
-49.49264615290798D0,54.97520472394304D0,1852.717961504299D0,    0000011P   2892
-48.43320756242927D0,55.98473520981247D0,1857.973556551641D0,    0000011P   2893
-47.34774378160578D0,57.00016026184539D0,1863.236993103851D0,    0000011P   2894
-46.24044118745424D0,58.03391576524568D0,1868.503398121309D0,    0000011P   2895
-45.10414018590078D0,59.04327104485703D0,1873.761315680842D0,    0000011P   2896
-43.94735709920384D0,60.0629477974185D0,1879.014793730296D0,     0000011P   2897
-42.75933919217593D0,61.0932567417743D0,1884.260688019128D0,     0000011P   2898
-41.54880907148876D0,62.13550254217308D0,1889.514310677821D0,    0000011P   2899
-40.30834883628589D0,63.1898132304007D0,1894.760501296949D0,     0000011P   2900
-39.03989753589676D0,64.25624185330746D0,1900.822987393124D0,    0000011P   2901
-37.53970861716104D0,65.50511551605621D0,1907.715333608556D0,    0000011P   2902
-35.78925144717616D0,66.94662551336275D0,1915.402905584724D0,    0000011P   2903
-33.7840028155372D0,68.5814106035692D0,1923.116658785486D0,      0000011P   2904
-31.74435272501303D0,70.23307409746893D0,1930.799876989004D0,    0000011P   2905
-29.68878473038541D0,71.89251713413299D0,1938.503192637842D0,    0000011P   2906
-27.63252203992877D0,73.5592782899362D0,1946.203545345633D0,     0000011P   2907
-25.59072502742723D0,75.22940289917102D0,1953.898900813823D0,    0000011P   2908
-23.58131473680546D0,76.90440272723912D0,1961.606323414279D0,    0000011P   2909
-21.61623466726818D0,78.58912102110864D0,1969.329064589771D0,    0000011P   2910
-19.71635737918304D0,80.30235658224061D0,1977.019862805279D0,    0000011P   2911
-17.88929317392968D0,82.04493776816183D0,1984.804979903653D0,    0000011P   2912
-16.17560945217498D0,83.93352508846576D0,1992.244831300833D0,    0000011P   2913
-14.49525555760126D0,85.76261573249495D0,2000.00837660385D0,     0000011P   2914
-13.33321791100752D0,88.40783313136396D0,2004.311597503721D0,    0000011P   2915
-11.5130780142129D0,88.99771467231281D0,2008.856528669382D0,     0000011P   2916
-10.11179090010199D0,89.89487882932252D0,2013.228577116178D0,    0000011P   2917
-8.73316989309795D0,90.70070225012736D0,2017.589614711415D0,     0000011P   2918
-7.44380128393731D0,91.56477973595543D0,2021.898452759888D0,     0000011P   2919
-6.214058048748169D0,92.45502247846913D0,2026.15686313135D0,     0000011P   2920
-5.049282895584432D0,93.37702045467073D0,2030.359370023423D0,    0000011P   2921
-3.94085430346768D0,94.30170277838543D0,2034.528138173662D0,     0000011P   2922
-2.884706003030793D0,95.22941191678946D0,2038.657059620727D0,    0000011P   2923
-1.87784653135566D0,96.14256285484873D0,2042.75068003814D0,      0000011P   2924
-0.9174686790802363D0,97.03730589271447D0,2045.469257792548D0,   0000011P   2925
-0.3018981445048758D0,97.61885992878726D0,2046.824685285685D0,   0000011P   2926
1.262184801120725D-14,97.90508278314169D0,-199.9999999999999D0,  0000011P   2927
-77.93787553017361D0,63.33225322088195D0,-183.3308007501522D0,   0000011P   2928
-78.90108074603342D0,62.22632634946305D0,-149.9960678105037D0,   0000011P   2929
-80.85788170910027D0,59.98688273917256D0,-105.5504864147644D0,   0000011P   2930
-83.55140182065904D0,56.90137711689971D0,-66.64047136305123D0,   0000011P   2931
-85.97710304217419D0,54.10844978034889D0,-33.34060973885137D0,   0000011P   2932
-88.09493572798587D0,51.64296849126342D0,5.576989938703353D0,    0000011P   2933
-90.60919905027386D0,48.65907745403705D0,50.00373031253403D0,    0000011P   2934
-93.53302275267623D0,45.107189514997D0,99.99539410447477D0,      0000011P   2935
-96.86046700416172D0,40.99477041791455D0,150.0045108123753D0,    0000011P   2936
-100.1941662414895D0,36.83925986511225D0,199.9675299600716D0,    0000011P   2937
-103.4580395541751D0,32.7359035477694D0,249.9765776538187D0,     0000011P   2938
-106.5690812665387D0,28.76114697317282D0,294.4081613793936D0,    0000011P   2939
-109.1664170426769D0,25.43733037842398D0,333.3025228863258D0,    0000011P   2940
-111.2841497009031D0,22.74254261565693D0,366.6556349644939D0,    0000011P   2941
-112.9770137160863D0,20.59115311823926D0,399.9603022895244D0,    0000011P   2942
-114.5279454796757D0,18.60405480056079D0,433.3163712539961D0,    0000011P   2943
-115.9142308558455D0,16.77784252053982D0,466.6346414371821D0,    0000011P   2944
-117.1520551926567D0,15.11841482163345D0,499.9703263774603D0,    0000011P   2945
-118.2528192128703D0,13.61554618392653D0,533.3229007221636D0,    0000011P   2946
-119.2261532750265D0,12.26275859827936D0,566.6431734595432D0,    0000011P   2947
-120.0554604668601D0,11.05609060942865D0,605.5318583264898D0,    0000011P   2948
-120.8320161446696D0,9.811814294743087D0,649.9982714856898D0,    0000011P   2949
-121.4134656802985D0,8.616716225123163D0,699.9978407440303D0,    0000011P   2950
-121.6870180864466D0,7.574823193918569D0,749.9911670160282D0,    0000011P   2951
-121.6099180483459D0,6.813414476505244D0,800.0277650354276D0,    0000011P   2952
-121.2119458753165D0,6.316830234195479D0,850.0141483298144D0,    0000011P   2953
-120.5207957086205D0,6.070203108843188D0,900.0469042686817D0,    0000011P   2954
-119.5478793519231D0,6.049768163632422D0,949.9980232430092D0,    0000011P   2955
-118.2976522722691D0,6.23330412096557D0,1000.059063078172D0,     0000011P   2956
-116.7662110788794D0,6.599038758808639D0,1050.003485601973D0,    0000011P   2957
-114.9382408986058D0,7.123395680036936D0,1100.056372152323D0,    0000011P   2958
-112.8797458646696D0,7.802138520869576D0,1150.016345851034D0,    0000011P   2959
-110.6431578092838D0,8.632288380608699D0,1200.054916327417D0,    0000011P   2960
-108.2247127212154D0,9.617480996598211D0,1250.015295475758D0,    0000011P   2961
-105.6012034348056D0,10.7532430474843D0,1300.060223983107D0,     0000011P   2962
-102.8229148232923D0,12.07083141995507D0,1349.995279281833D0,    0000011P   2963
-99.91039208222875D0,13.5969467821816D0,1400.057011748549D0,     0000011P   2964
-96.8630643884199D0,15.36201553188338D0,1450.01505872803D0,      0000011P   2965
-93.65788451973941D0,17.3828312784447D0,1500.05118828952D0,      0000011P   2966
-90.30398761771673D0,19.70545635010231D0,1550.000847962757D0,    0000011P   2967
-86.7885975434175D0,22.36272394483959D0,1600.052000813419D0,     0000011P   2968
-83.18822968097308D0,25.4953076993163D0,1650.001075213622D0,     0000011P   2969
-79.55170988916012D0,29.23477206571353D0,1700.056867513151D0,    0000011P   2970
-74.89511539655194D0,34.30059246657692D0,1750.000707711327D0,    0000011P   2971
-68.20407596990901D0,41.40284945630136D0,1785.097602584035D0,    0000011P   2972
-62.38819109275681D0,47.34415766824137D0,1805.272680857372D0,    0000011P   2973
-58.77826838924749D0,50.90916112574476D0,1810.548971693565D0,    0000011P   2974
-57.82107681822865D0,51.84846077937291D0,1815.808698501167D0,    0000011P   2975
-56.84921244711582D0,52.79437969310146D0,1821.091238094364D0,    0000011P   2976
-55.86017336421818D0,53.74854238035602D0,1826.371440585583D0,    0000011P   2977
-54.85828061626306D0,54.7106312110804D0,1831.6323377786D0,       0000011P   2978
-53.83668732607913D0,55.67874201177047D0,1836.904276418356D0,    0000011P   2979
-52.79874664533779D0,56.65510854563603D0,1842.179774962493D0,    0000011P   2980
-51.74031634398449D0,57.63884708641144D0,1847.456230213806D0,    0000011P   2981
-50.66430034594979D0,58.63028727988549D0,1852.717510707359D0,    0000011P   2982
-49.56857550066449D0,59.6291299775276D0,1857.973552285001D0,     0000011P   2983
-48.44955859459137D0,60.63248066057577D0,1863.236565544419D0,    0000011P   2984
-47.31148977686148D0,61.65274569840152D0,1868.503493296552D0,    0000011P   2985
-46.14659581545102D0,62.64818650298347D0,1873.760702547277D0,    0000011P   2986
-44.96370150739401D0,63.65308255506747D0,1879.014827019892D0,    0000011P   2987
-43.75122911831106D0,64.66793959765802D0,1884.26034378573D0,     0000011P   2988
-42.51822186402666D0,65.69423891300647D0,1889.51406317219D0,     0000011P   2989
-41.25663301121786D0,66.73230694009018D0,1894.760441213844D0,    0000011P   2990
-39.96832318558207D0,67.78239652169697D0,1900.823049022911D0,    0000011P   2991
-38.44640503446955D0,69.0124690744436D0,1907.715093978867D0,     0000011P   2992
-36.6726461725212D0,70.43305861591138D0,1915.402213173341D0,     0000011P   2993
-34.64290597327656D0,72.04491290663513D0,1923.115566842391D0,    0000011P   2994
-32.5797962086699D0,73.67394248748866D0,1930.798771613625D0,     0000011P   2995
-30.50167400458329D0,75.31094825171965D0,1938.501662191821D0,    0000011P   2996
-28.42344435530277D0,76.95520857695011D0,1946.20177131525D0,     0000011P   2997
-26.35994572447758D0,78.60257328812156D0,1953.8965930814D0,      0000011P   2998
-24.32893963825874D0,80.25425741062905D0,1961.603878783395D0,    0000011P   2999
-22.34185845779967D0,81.91474575674297D0,1969.325609659647D0,    0000011P   3000
-20.41958884430864D0,83.60222025606832D0,1977.017466936909D0,    0000011P   3001
-18.5689750671243D0,85.31722518138827D0,1984.797402183646D0,     0000011P   3002
-16.83175714777174D0,87.17399191048611D0,1992.257411618801D0,    0000011P   3003
-15.12196187096891D0,88.97055451348962D0,1999.955936322112D0,    0000011P   3004
-13.94745430514698D0,91.56610633238935D0,2004.461555178355D0,    0000011P   3005
-12.06388412226835D0,92.14265746127393D0,2009.135308575032D0,    0000011P   3006
-10.61411663841404D0,93.01965539795845D0,2013.652271625792D0,    0000011P   3007
-9.182750335067665D0,93.80572375850397D0,2018.153988938352D0,    0000011P   3008
-7.840615950086652D0,94.64775959692794D0,2022.606206638327D0,    0000011P   3009
-6.556671299978341D0,95.51434088759831D0,2027.008301834557D0,    0000011P   3010
-5.336900976230342D0,96.41102662799139D0,2031.355899980486D0,    0000011P   3011
-4.172503916060735D0,97.30935682473837D0,2035.670630295638D0,    0000011P   3012
-3.05950226427604D0,98.20974014557049D0,2039.946105279347D0,     0000011P   3013
-1.995056196040551D0,99.09498976630496D0,2044.186335581533D0,    0000011P   3014
-0.9765209785191023D0,99.96139982059268D0,2047.003157398182D0,   0000011P   3015
-0.3216457954924807D0,100.5238752216047D0,2048.407723602389D0,   0000011P   3016
1.262184801120725D-14,100.800538517901D0,-199.9999999999999D0,   0000011P   3017
-82.24515119417367D0,63.83886741791798D0,-183.3306950072233D0,   0000011P   3018
-83.27358890122915D0,62.73917730823033D0,-149.9956983363113D0,   0000011P   3019
-85.36058706009014D0,60.51014548153741D0,-105.5505690459322D0,   0000011P   3020
-88.20004225309586D0,57.42622067330754D0,-66.64040853307627D0,   0000011P   3021
-90.71385740529843D0,54.62076707497283D0,-33.34037010119957D0,   0000011P   3022
-92.9067351526086D0,52.14243389324607D0,5.576876767669014D0,     0000011P   3023
-95.5395979479476D0,49.150040575532D0,50.00384117701498D0,       0000011P   3024
-98.68803785333557D0,45.60967417825299D0,99.99552247748251D0,    0000011P   3025
-102.2841048442371D0,41.52113668952275D0,150.0038865307198D0,    0000011P   3026
-105.7978407852283D0,37.38268636489389D0,199.9678605864008D0,    0000011P   3027
-109.2255183693237D0,33.29782151227225D0,249.9758795414767D0,    0000011P   3028
-112.5559887003861D0,29.35154887502656D0,294.4084649450437D0,    0000011P   3029
-115.3193644864246D0,26.0520663972831D0,333.3020359797683D0,     0000011P   3030
-117.5037536843386D0,23.37081522189234D0,366.6547968135603D0,    0000011P   3031
-119.2317382725475D0,21.22904535639086D0,399.9607027153223D0,    0000011P   3032
-120.8273240888777D0,19.25300697517077D0,433.3156074994375D0,    0000011P   3033
-122.2990378190856D0,17.44287886306481D0,466.6342050189938D0,    0000011P   3034
-123.6345793346012D0,15.80131455150041D0,499.9706008864296D0,    0000011P   3035
-124.8167306127232D0,14.31516357560773D0,533.3222396504905D0,    0000011P   3036
-125.8265036889925D0,12.97496211947336D0,566.6427156839106D0,    0000011P   3037
-126.6659497303551D0,11.77849624466063D0,605.5321208310591D0,    0000011P   3038
-127.4451108052217D0,10.54541718795848D0,649.9977600660126D0,    0000011P   3039
-128.0469033573048D0,9.365001124484408D0,699.9978690781222D0,    0000011P   3040
-128.3910493118241D0,8.347181546306757D0,749.99156492475D0,      0000011P   3041
-128.4564122736799D0,7.622766202470146D0,800.0274531364973D0,    0000011P   3042
-128.1339670573948D0,7.158045351776501D0,850.0149985422358D0,    0000011P   3043
-127.3122587580823D0,6.920062511897527D0,900.0463391044001D0,    0000011P   3044
-126.1399464393246D0,6.903141233577642D0,949.9994348049826D0,    0000011P   3045
-124.7588486437969D0,7.103171628796972D0,1000.058384236113D0,    0000011P   3046
-123.1351800435957D0,7.495593119595988D0,1050.004789143907D0,    0000011P   3047
-121.2230401635747D0,8.054031775886259D0,1100.055773882829D0,    0000011P   3048
-119.0659230834825D0,8.772026423676493D0,1150.017434853787D0,    0000011P   3049
-116.6928468017623D0,9.64427250733543D0,1200.054227924587D0,     0000011P   3050
-114.1225457747992D0,10.68026945008134D0,1250.016961525974D0,    0000011P   3051
-111.3533650823105D0,11.88150024393376D0,1300.059445244297D0,    0000011P   3052
-108.4149900431046D0,13.26974697939018D0,1349.996727629642D0,    0000011P   3053
-105.3056002699451D0,14.86214530238355D0,1400.056405499607D0,    0000011P   3054
-102.0493566224339D0,16.72049273647135D0,1450.016034242294D0,    0000011P   3055
-98.64686939400269D0,18.89320888829911D0,1500.050585079664D0,    0000011P   3056
-95.12894112334539D0,21.34745207381886D0,1550.002286303577D0,    0000011P   3057
-91.50333460668983D0,24.03680421678898D0,1600.051321760089D0,    0000011P   3058
-87.62599961545482D0,27.37422746102261D0,1650.002352742671D0,    0000011P   3059
-83.32269862705883D0,31.76470211516691D0,1700.056291230763D0,    0000011P   3060
-77.82302790034476D0,37.53452400456418D0,1750.001734731592D0,    0000011P   3061
-70.32626571721197D0,44.99815629491549D0,1785.09717847032D0,     0000011P   3062
-64.05190104217454D0,51.01981824864539D0,1805.272815232872D0,    0000011P   3063
-60.23759316449627D0,54.5975133804332D0,1810.549172522598D0,     0000011P   3064
-59.22984984158962D0,55.53850203706553D0,1815.809290295123D0,    0000011P   3065
-58.21018123378047D0,56.48454973687777D0,1821.092232851486D0,    0000011P   3066
-57.17588158627041D0,57.43729918409298D0,1826.371998642464D0,    0000011P   3067
-56.1314471559246D0,58.3964875835223D0,1831.63348885395D0,       0000011P   3068
-55.06958583549305D0,59.3602955315522D0,1836.905401175001D0,     0000011P   3069
-53.99377221483745D0,60.33096348678762D0,1842.181242337001D0,    0000011P   3070
-52.89956909199769D0,61.30767323906149D0,1847.457501752516D0,    0000011P   3071
-51.78997687199794D0,62.29079705631356D0,1852.718683409452D0,    0000011P   3072
-50.66268960344593D0,63.28009027631062D0,1857.975229960422D0,    0000011P   3073
-49.51386015737209D0,64.27276183580145D0,1863.237833949695D0,    0000011P   3074
-48.34789939873441D0,65.28103286362763D0,1868.505247676081D0,    0000011P   3075
-47.15653740127193D0,66.26400113420519D0,1873.761654711824D0,    0000011P   3076
-45.94902438050687D0,67.25534818758925D0,1879.016268192989D0,    0000011P   3077
-44.71307454658071D0,68.25561906624699D0,1884.261180150099D0,    0000011P   3078
-43.4581686681834D0,69.26631594573503D0,1889.514692744784D0,     0000011P   3079
-42.17574812323822D0,70.28780794752461D0,1894.76087209293D0,     0000011P   3080
-40.86771205752316D0,71.32039198564353D0,1900.823051850754D0,    0000011P   3081
-39.32416256120013D0,72.52916920789772D0,1907.714016253163D0,    0000011P   3082
-37.52732567820166D0,73.92414594746583D0,1915.399678672962D0,    0000011P   3083
-35.47348784762098D0,75.50583687247479D0,1923.111572279689D0,    0000011P   3084
-33.38744939956622D0,77.10352088508915D0,1930.793721502697D0,    0000011P   3085
-31.28743457262242D0,78.7083985267746D0,1938.495238261276D0,     0000011P   3086
-29.18802368868993D0,80.31998787044158D0,1946.194323370636D0,    0000011P   3087
-27.10372684288581D0,81.93444312572197D0,1953.888074276607D0,    0000011P   3088
-25.05213958519009D0,83.55318247204554D0,1961.595004145863D0,    0000011P   3089
-23.04417668030759D0,85.18083218102618D0,1969.315898964761D0,    0000011P   3090
-21.10073243188989D0,86.83545720445417D0,1977.009457674125D0,    0000011P   3091
-19.22787861883732D0,88.51781762441038D0,1984.785396520335D0,    0000011P   3092
-17.46852142513588D0,90.34021558090919D0,1992.267367477632D0,    0000011P   3093
-15.73075861814181D0,92.10472191890491D0,1999.903184451082D0,    0000011P   3094
-14.54521373320059D0,94.65430622612907D0,2004.613913262604D0,    0000011P   3095
-12.59958223344464D0,95.22398172733293D0,2009.419413268769D0,    0000011P   3096
-11.10262714752516D0,96.08901837713076D0,2014.084641296465D0,    0000011P   3097
-9.619851898797988D0,96.86570840024901D0,2018.730794462357D0,    0000011P   3098
-8.22633341552104D0,97.69811616985351D0,2023.330533481417D0,     0000011P   3099
-6.889616097860456D0,98.55535150937698D0,2027.880820470118D0,    0000011P   3100
-5.616328164017096D0,99.44280750312888D0,2032.37836190626D0,     0000011P   3101
-4.397490752685109D0,100.3325001169055D0,2036.844231259876D0,    0000011P   3102
-3.229216166124213D0,101.2247692853522D0,2041.271741259515D0,    0000011P   3103
-2.108817960860661D0,102.1026914414967D0,2045.664347300033D0,    0000011P   3104
-1.033815623865728D0,102.9625696188487D0,2048.583433176506D0,    0000011P   3105
-0.3408009759160757D0,103.5212286694058D0,2050.039188742465D0,   0000011P   3106
1.262184801120725D-14,103.7961231143844D0,-199.9999999999999D0,  0000011P   3107
-86.56247983974029D0,64.48118416302697D0,-183.3305892642946D0,   0000011P   3108
-87.64729025043773D0,63.37726954701761D0,-149.9953288621196D0,   0000011P   3109
-89.84465013828016D0,61.13957229418223D0,-105.5506516771009D0,   0000011P   3110
-92.85746608382752D0,58.04472215776826D0,-66.64034570310228D0,   0000011P   3111
-95.56612318047502D0,55.23107823548259D0,-33.34013046354857D0,   0000011P   3112
-97.92274125135198D0,52.74607618708961D0,5.57676359663414D0,     0000011P   3113
-100.7049053906184D0,49.74591387389454D0,50.00395204149577D0,    0000011P   3114
-103.9095693267319D0,46.19525860852995D0,99.99565085049056D0,    0000011P   3115
-107.5575739958111D0,42.103658295042D0,150.0032622490651D0,      0000011P   3116
-111.2550685349628D0,37.98110571561136D0,199.9681912127304D0,    0000011P   3117
-114.8994384972567D0,33.92014500333877D0,249.9751814291327D0,    0000011P   3118
-118.3803774632145D0,29.99516100917493D0,294.4087685106922D0,    0000011P   3119
-121.2672495671818D0,26.71526480500801D0,333.3015490732142D0,    0000011P   3120
-123.5870306663472D0,24.05393410267376D0,366.653958662633D0,     0000011P   3121
-125.4365274966418D0,21.93017107216813D0,399.9611031411225D0,    0000011P   3122
-127.1456812829862D0,19.97220645280831D0,433.3148437448655D0,    0000011P   3123
-128.7094817433732D0,18.17953069420378D0,466.6337686007832D0,    0000011P   3124
-130.11624664045D0,16.55386770814241D0,499.9708753953918D0,      0000011P   3125
-131.3490948222383D0,15.08144483469514D0,533.3215785788674D0,    0000011P   3126
-132.3892894846108D0,13.75210897788853D0,566.6422579083618D0,    0000011P   3127
-133.2599244703184D0,12.56695577294998D0,605.5323833356455D0,    0000011P   3128
-134.1006520260709D0,11.351493387556D0,649.9972486460166D0,      0000011P   3129
-134.8433302424319D0,10.20300786408718D0,699.997897411996D0,     0000011P   3130
-135.2639057489276D0,9.213161015856485D0,749.9919628346613D0,    0000011P   3131
-135.1464349642825D0,8.485275896294084D0,800.0271412383797D0,    0000011P   3132
-134.6197926323695D0,8.016637009771159D0,850.0158487502117D0,    0000011P   3133
-133.810583629405D0,7.805306630882072D0,900.0457739370823D0,     0000011P   3134
-132.7121965793231D0,7.82750434593676D0,950.0008463835907D0,     0000011P   3135
-131.3102733743494D0,8.060912859400013D0,1000.057705405414D0,    0000011P   3136
-129.5978684945534D0,8.483408193433412D0,1050.006092623573D0,    0000011P   3137
-127.5553609758889D0,9.071049714404566D0,1100.055175570803D0,    0000011P   3138
-125.2524733082868D0,9.823498472324388D0,1150.018524089655D0,    0000011P   3139
-122.7438486386687D0,10.74151840721373D0,1200.053539680987D0,    0000011P   3140
-120.0320388826155D0,11.83233619923422D0,1250.018626703383D0,    0000011P   3141
-117.0980601898548D0,13.09520876158032D0,1300.058665909313D0,    0000011P   3142
-114.0037030284853D0,14.56064874629007D0,1349.998179245362D0,    0000011P   3143
-110.7777625309257D0,16.25452191180418D0,1400.055801482868D0,    0000011P   3144
-107.3739466375256D0,18.22627102885867D0,1450.016997522931D0,    0000011P   3145
-103.7207740580875D0,20.51196410711616D0,1500.049973513392D0,    0000011P   3146
-99.92475201981065D0,23.07826041424466D0,1550.003770431656D0,    0000011P   3147
-96.06858768848059D0,25.8782916776047D0,1600.050673982227D0,     0000011P   3148
-91.8130913395481D0,29.53265695873151D0,1650.003458927047D0,     0000011P   3149
-86.7866326022598D0,34.65470104398914D0,1700.055597914666D0,     0000011P   3150
-80.45442401170615D0,41.12609473644938D0,1750.003403093278D0,    0000011P   3151
-72.25162649900059D0,48.81394941770994D0,1785.097253127725D0,    0000011P   3152
-65.59832556767435D0,54.81067869806255D0,1805.272779742347D0,    0000011P   3153
-61.6115222094822D0,58.3649177937958D0,1810.549006763757D0,      0000011P   3154
-60.56090754915354D0,59.29932489325905D0,1815.80930408145D0,     0000011P   3155
-59.50049905985502D0,60.23836605977261D0,1821.092430764516D0,    0000011P   3156
-58.42742477543915D0,61.18366108668861D0,1826.371540883283D0,    0000011P   3157
-57.34639379466753D0,62.13496091201716D0,1831.63341228696D0,     0000011P   3158
-56.24970641196997D0,63.09048980036694D0,1836.905100889916D0,    0000011P   3159
-55.14099628715704D0,64.05245380406964D0,1842.18110897848D0,     0000011P   3160
-54.0155688781216D0,65.02005912738838D0,1847.457025856185D0,     0000011P   3161
-52.87655870273992D0,65.9936795587455D0,1852.717998244982D0,     0000011P   3162
-51.7215146405553D0,66.97308382053677D0,1857.974982889444D0,     0000011P   3163
-50.54636327892428D0,67.95554320335336D0,1863.237161561624D0,    0000011P   3164
-49.35572383039036D0,68.95305249383856D0,1868.505103329402D0,    0000011P   3165
-48.14086730621395D0,69.92550472717738D0,1873.760815612586D0,    0000011P   3166
-46.91150697216402D0,70.90594240106587D0,1879.016098241209D0,    0000011P   3167
-45.65468661466144D0,71.89490875576551D0,1884.260665486183D0,    0000011P   3168
-44.3803621870202D0,72.89388575846975D0,1889.514318624568D0,     0000011P   3169
-43.0795008101683D0,73.9032441114754D0,1894.760741134764D0,      0000011P   3170
-41.75407778172294D0,74.92328369838182D0,1900.823121969161D0,    0000011P   3171
-40.19158784243952D0,76.11705934241223D0,1907.713897610608D0,    0000011P   3172
-38.37476788353519D0,77.49428114986503D0,1915.399252184652D0,    0000011P   3173
-36.30029881770613D0,79.05517951623774D0,1923.110899357349D0,    0000011P   3174
-34.1947493442559D0,80.63108955894725D0,1930.793185587426D0,     0000011P   3175
-32.07616080242235D0,82.21323917742403D0,1938.494414236302D0,    0000011P   3176
-29.95873882967002D0,83.80101384961387D0,1946.193368423752D0,    0000011P   3177
-27.85661514053364D0,85.39049987958589D0,1953.886663171572D0,    0000011P   3178
-25.78716929677212D0,86.98294631055141D0,1961.593487747612D0,    0000011P   3179
-23.76074845459152D0,88.58274858321478D0,1969.313347113796D0,    0000011P   3180
-21.79820454803658D0,90.20748238129841D0,1977.007872152644D0,    0000011P   3181
-19.90478685351917D0,91.85775130592774D0,1984.778458016071D0,    0000011P   3182
-18.12451770543606D0,93.64355596909513D0,1992.280326661245D0,    0000011P   3183
-16.35951584173167D0,95.37063170032829D0,1999.850789150222D0,    0000011P   3184
-15.16310004306244D0,97.86600632119392D0,2004.763524415273D0,    0000011P   3185
-13.15510598550238D0,98.4182631369965D0,2009.6974244906D0,       0000011P   3186
-11.61033776762318D0,99.25943950346871D0,2014.507083464046D0,    0000011P   3187
-10.07519127915498D0,100.0126876524509D0,2019.293374113294D0,    0000011P   3188
-8.629003138232964D0,100.8193397665116D0,2024.035894894737D0,    0000011P   3189
-7.237917828158875D0,101.6491380084026D0,2028.729216084541D0,    0000011P   3190
-5.909220693323633D0,102.5074100395206D0,2033.37114833693D0,     0000011P   3191
-4.633768573374247D0,103.3667482750814D0,2037.98223252451D0,     0000011P   3192
-3.407777427500435D0,104.2275244068987D0,2042.555504757109D0,    0000011P   3193
-2.228727693067214D0,105.0731786154649D0,2047.093888326584D0,    0000011P   3194
-1.094316576329095D0,105.9001233244029D0,2050.110637940402D0,    0000011P   3195
-0.3610488441757508D0,106.4364578846959D0,2051.615236186494D0,   0000011P   3196
1.262184801120725D-14,106.7001193871218D0,-199.9999999999999D0,  0000011P   3197
-90.81058580328562D0,65.31541721663713D0,-183.3304835213657D0,   0000011P   3198
-91.94287766915129D0,64.18053160637338D0,-149.9949593879274D0,   0000011P   3199
-94.24100403643402D0,61.88814499226997D0,-105.5507343082689D0,   0000011P   3200
-97.38623767677009D0,58.74133436508275D0,-66.6402828731276D0,    0000011P   3201
-100.1969063713477D0,55.8987312363632D0,-33.33989082589702D0,    0000011P   3202
-102.6485931122354D0,53.399225364341D0,5.576650425599635D0,      0000011P   3203
-105.5710471057016D0,50.39329805910192D0,50.00406290597676D0,    0000011P   3204
-109.0067963100623D0,46.84988121257914D0,99.99577922349862D0,    0000011P   3205
-112.9317349786257D0,42.77603842118975D0,150.0026379674101D0,    0000011P   3206
-116.8443921644425D0,38.67182339153363D0,199.9685218390598D0,    0000011P   3207
-120.654257265512D0,34.62855579486786D0,249.9744833167897D0,     0000011P   3208
-124.2627746412962D0,30.71972226796025D0,294.4090720763415D0,    0000011P   3209
-127.2866256751229D0,27.45977035553775D0,333.3010621666583D0,    0000011P   3210
-129.7845425357411D0,24.82514696372811D0,366.6531205117023D0,    0000011P   3211
-131.7853499542032D0,22.72491362402727D0,399.9615035669212D0,    0000011P   3212
-133.6030832791489D0,20.78553759215048D0,433.3140799903001D0,    0000011P   3213
-135.1913857345291D0,19.0011296685262D0,466.6333321825839D0,     0000011P   3214
-136.5944092416259D0,17.38061567967895D0,499.9711499043575D0,    0000011P   3215
-137.8506151405376D0,15.9177006884548D0,533.3209175072182D0,     0000011P   3216
-138.9963110230293D0,14.60961137520968D0,566.6418001327697D0,    0000011P   3217
-139.9902288252655D0,13.4488871383656D0,605.5326458402235D0,     0000011P   3218
-140.920509773175D0,12.25573834333751D0,649.9967372261864D0,     0000011P   3219
-141.5811009287622D0,11.10974881242148D0,699.9979257459833D0,    0000011P   3220
-141.8719920877864D0,10.11970862534362D0,749.9923607439565D0,    0000011P   3221
-141.7986376195223D0,9.416986672261231D0,800.0268293398407D0,    0000011P   3222
-141.3571714135452D0,8.982737003565177D0,850.01669896049D0,      0000011P   3223
-140.5412577265576D0,8.798872068192424D0,900.0452087713372D0,    0000011P   3224
-139.3605598659549D0,8.842510007558531D0,950.0022579535827D0,    0000011P   3225
-137.8166131028343D0,9.092183254095758D0,1000.057026568831D0,    0000011P   3226
-135.9745086581033D0,9.538853352379569D0,1050.007396135492D0,    0000011P   3227
-133.8864276435983D0,10.17172661583344D0,1100.054577280808D0,    0000011P   3228
-131.5422655131266D0,10.97953393190471D0,1150.01961320478D0,     0000011P   3229
-128.9155917949511D0,11.95194751740133D0,1200.052851354913D0,    0000011P   3230
-126.0320861091289D0,13.09589795683104D0,1250.020292332867D0,    0000011P   3231
-122.8949484679052D0,14.41039717142243D0,1300.05788688312D0,     0000011P   3232
-119.5768196354733D0,15.94100445294002D0,1349.999629168446D0,    0000011P   3233
-116.1158248380175D0,17.72867947110245D0,1400.055196309946D0,    0000011P   3234
-112.4945405320448D0,19.78898453950592D0,1450.017967140049D0,    0000011P   3235
-108.6693293402413D0,22.12402951849994D0,1500.049366275377D0,    0000011P   3236
-104.6810710081733D0,24.83447015708742D0,1550.005230843942D0,    0000011P   3237
-100.545325452977D0,28.00810800367625D0,1600.050010005045D0,     0000011P   3238
-95.79981280838946D0,32.19066586957916D0,1650.004653860454D0,    0000011P   3239
-89.94797538837545D0,37.91983343936767D0,1700.0549652169D0,      0000011P   3240
-82.75659183430778D0,44.86822629771795D0,1750.004739268217D0,    0000011P   3241
-73.96303908219048D0,52.69241410433815D0,1785.097069443551D0,    0000011P   3242
-67.02648524394874D0,58.64090653824558D0,1805.272832234978D0,    0000011P   3243
-62.8998599546202D0,62.15213441268047D0,1810.549030881368D0,     0000011P   3244
-61.81386478321053D0,63.07456786847932D0,1815.809617250395D0,    0000011P   3245
-60.71922621113188D0,64.0009542435087D0,1821.093041407861D0,     0000011P   3246
-59.61297316655412D0,64.93291575047772D0,1826.371609272301D0,    0000011P   3247
-58.50009469580161D0,65.87024239082339D0,1831.633971584896D0,    0000011P   3248
-57.37255060065036D0,66.81122742760449D0,1836.90553871399D0,     0000011P   3249
-56.23420071652615D0,67.7580678371074D0,1842.18180472951D0,      0000011P   3250
-55.08016026684119D0,68.71001956825336D0,1847.457455054617D0,    0000011P   3251
-53.91376498799027D0,69.66748326017522D0,1852.718275373962D0,    0000011P   3252
-52.73248569611853D0,70.63026635012565D0,1857.975732752741D0,    0000011P   3253
-51.53208980057505D0,71.59572781276609D0,1863.237494419443D0,    0000011P   3254
-50.31747196715521D0,72.57566142276951D0,1868.505942439678D0,    0000011P   3255
-49.07951125030711D0,73.53078080631781D0,1873.760904309479D0,    0000011P   3256
-47.82845107171289D0,74.49351474897587D0,1879.0167627815D0,      0000011P   3257
-46.55073189973915D0,75.46443001902739D0,1884.260850595704D0,    0000011P   3258
-45.25685197799029D0,76.44501370553061D0,1889.514464373235D0,    0000011P   3259
-43.93737127606539D0,77.4356634218358D0,1894.760901183668D0,     0000011P   3260
-42.5944083490872D0,78.4367073513418D0,1900.823157234005D0,      0000011P   3261
-41.01290821829075D0,79.60818853954996D0,1907.713282205017D0,    0000011P   3262
-39.17628548772222D0,80.95965511813824D0,1915.397733838481D0,    0000011P   3263
-37.08170982364245D0,82.49135870002874D0,1923.108505970886D0,    0000011P   3264
-34.95747347881467D0,84.03782467472163D0,1930.790311516657D0,    0000011P   3265
-32.82141164303295D0,85.59048546540385D0,1938.490689705681D0,    0000011P   3266
-30.68733201922936D0,87.14877112084817D0,1946.189050388627D0,    0000011P   3267
-28.56896469125972D0,88.70887720535268D0,1953.881570589587D0,    0000011P   3268
-26.48344998256518D0,90.27206079170188D0,1961.588160103919D0,    0000011P   3269
-24.44054419075643D0,91.8426636554822D0,1969.307087295447D0,     0000011P   3270
-22.4610336301748D0,93.43794937813986D0,1977.002959414715D0,     0000011P   3271
-20.54932182464705D0,95.05854224563655D0,1984.76889494551D0,     0000011P   3272
-18.75052400888411D0,96.81231850773426D0,1992.291730254254D0,    0000011P   3273
-16.96075664132196D0,98.50885514432578D0,1999.798209161642D0,    0000011P   3274
-15.7558236549155D0,100.9587244113539D0,2004.914558358105D0,     0000011P   3275
-13.68766713324058D0,101.5036102765963D0,2009.978591863806D0,    0000011P   3276
-12.097129030439D0,102.33168834349D0,2014.934667643114D0,        0000011P   3277
-10.51169368493913D0,103.0737894114125D0,2019.863322142972D0,    0000011P   3278
-9.014963680523728D0,103.8684656509502D0,2024.751079569439D0,    0000011P   3279
-7.57168985940046D0,104.686043742789D0,2029.59010636662D0,       0000011P   3280
-6.18982096792063D0,105.5317381040284D0,2034.37930537341D0,      0000011P   3281
-4.86005582245442D0,106.3786697779187D0,2039.138672873231D0,     0000011P   3282
-3.57872031489187D0,107.2271943920572D0,2043.860956365438D0,     0000011P   3283
-2.343468039207074D0,108.0610680530161D0,2048.548535047132D0,    0000011P   3284
-1.152180196708099D0,108.8767647531467D0,2051.665331163709D0,    0000011P   3285
-0.3804069775623191D0,109.4059986217472D0,2053.21998756816D0,    0000011P   3286
1.262184801120725D-14,109.6662228170508D0,-200.0000000000001D0,  0000011P   3287
-95.00021799372485D0,66.40319075429407D0,-183.3303777784369D0,   0000011P   3288
-96.21568295524601D0,65.20318456885495D0,-149.9945899137351D0,   0000011P   3289
-98.67322491594319D0,62.79619067816225D0,-105.5508169394369D0,   0000011P   3290
-102.0063987224075D0,59.55072249848737D0,-66.64022004315292D0,   0000011P   3291
-104.959343981816D0,56.67043374325424D0,-33.33965118824558D0,    0000011P   3292
-107.5236231370059D0,54.16013430724103D0,5.576537254564899D0,    0000011P   3293
-110.5738096875857D0,51.15315604841866D0,50.0041737704574D0,     0000011P   3294
-114.1602727256068D0,47.60479094356734D0,99.99590759650631D0,    0000011P   3295
-118.2471028912698D0,43.52726872665834D0,150.002013685755D0,     0000011P   3296
-122.2998265632307D0,39.42824329356527D0,199.968852465389D0,     0000011P   3297
-126.2868239723323D0,35.40318571074172D0,249.9737852044457D0,    0000011P   3298
-130.1678855336846D0,31.53003262714985D0,294.4093756419902D0,    0000011P   3299
-133.3858871398185D0,28.2977085198756D0,333.3005752601043D0,     0000011P   3300
-135.9215792388081D0,25.67016055224797D0,366.6522823607748D0,    0000011P   3301
-137.9229208669096D0,23.5722636857504D0,399.9619039927212D0,     0000011P   3302
-139.767607266355D0,21.63955904742882D0,433.3133162357282D0,     0000011P   3303
-141.4671254225042D0,19.87436149629885D0,466.6328957643736D0,    0000011P   3304
-143.0058287556542D0,18.27713337174258D0,499.9714244133196D0,    0000011P   3305
-144.3623762083419D0,16.83345812377889D0,533.3202564355939D0,    0000011P   3306
-145.5133869049412D0,15.53239872747406D0,566.6413423572186D0,    0000011P   3307
-146.4742904844885D0,14.3743680396632D0,605.532908344809D0,      0000011P   3308
-147.3870346874556D0,13.18850074248189D0,649.9962258061969D0,    0000011P   3309
-148.151108582507D0,12.06978301049389D0,699.9979540798618D0,     0000011P   3310
-148.5741227955791D0,11.11530537952032D0,749.9927586538433D0,    0000011P   3311
-148.4976880920414D0,10.43271821659372D0,800.026517441706D0,     0000011P   3312
-147.9905022929792D0,10.01348887595167D0,850.0175491685573D0,    0000011P   3313
-147.1187004311882D0,9.849836171098637D0,900.0446436040824D0,    0000011P   3314
-145.8898913298506D0,9.919710168323867D0,950.0036695318488D0,    0000011P   3315
-144.3031827667552D0,10.20243590639638D0,1000.056347737899D0,    0000011P   3316
-142.3938480097463D0,10.68485865877327D0,1050.008699616438D0,    0000011P   3317
-140.1834556649181D0,11.35203499857492D0,1100.053978969656D0,    0000011P   3318
-137.680419252499D0,12.19572077803227D0,1150.020702435858D0,     0000011P   3319
-134.8761880132019D0,13.20853972227818D0,1200.05216310804D0,     0000011P   3320
-131.8417386048778D0,14.40834639461979D0,1250.021957528211D0,    0000011P   3321
-128.6247658350571D0,15.80519243208106D0,1300.057107560386D0,    0000011P   3322
-125.199463981831D0,17.43179305504286D0,1350.001080717015D0,     0000011P   3323
-121.5032678737355D0,19.31612621501149D0,1400.054592247338D0,    0000011P   3324
-117.6262577339033D0,21.45689547286143D0,1450.018930672068D0,    0000011P   3325
-113.6316929627452D0,23.83936280552173D0,1500.048754880817D0,    0000011P   3326
-109.4139611682515D0,26.76225309591416D0,1550.006714031161D0,    0000011P   3327
-104.8402672909404D0,30.51235052064364D0,1600.049361584519D0,    0000011P   3328
-99.46302214468895D0,35.35264174274077D0,1650.005763565699D0,    0000011P   3329
-92.79929947665738D0,41.53620668465751D0,1700.054274305666D0,    0000011P   3330
-84.8359698368124D0,48.7301809416382D0,1750.006394451326D0,      0000011P   3331
-75.53074189319302D0,56.58529266206381D0,1785.09713385198D0,     0000011P   3332
-68.35624850076806D0,62.46946926912798D0,1805.272800234938D0,    0000011P   3333
-64.11119683729928D0,65.93708838834957D0,1810.548872655343D0,    0000011P   3334
-62.99518429144094D0,66.84779620577696D0,1815.809642913889D0,    0000011P   3335
-61.87145471136155D0,67.76215266165096D0,1821.093255694811D0,    0000011P   3336
-60.73694227144945D0,68.6817550892751D0,1826.371172386576D0,     0000011P   3337
-59.5969203174928D0,69.60640525475084D0,1831.633920244065D0,     0000011P   3338
-58.44301251051493D0,70.53443812082459D0,1836.905267711316D0,    0000011P   3339
-57.27930921345788D0,71.4680142889749D0,1842.181704263585D0,     0000011P   3340
-56.10073976715431D0,72.40641215401863D0,1847.457015065384D0,    0000011P   3341
-54.91084547841861D0,73.35003190703665D0,1852.717628385787D0,    0000011P   3342
-53.70702345189883D0,74.29869240137609D0,1857.975525232335D0,    0000011P   3343
-52.48488627083771D0,75.24981299700616D0,1863.236861911684D0,    0000011P   3344
-51.24960840618352D0,76.21495915786696D0,1868.505837108896D0,    0000011P   3345
-49.9916813074732D0,77.15563780237487D0,1873.76010201795D0,      0000011P   3346
-48.72188290420311D0,78.10363670520104D0,1879.016625935852D0,    0000011P   3347
-47.42605469858668D0,79.05951886388895D0,1884.260363693335D0,    0000011P   3348
-46.11524157641977D0,80.02474919059912D0,1889.514110877358D0,    0000011P   3349
-44.77960070787366D0,80.99972491097279D0,1894.760781770389D0,    0000011P   3350
-43.42139825747772D0,81.98477520944581D0,1900.823225969693D0,    0000011P   3351
-41.82337125325468D0,83.13736659918621D0,1907.713143854779D0,    0000011P   3352
-39.96952265403392D0,84.46680348319615D0,1915.39726403377D0,     0000011P   3353
-37.85741447013669D0,85.97320953628997D0,1923.107764793954D0,    0000011P   3354
-35.71676828524501D0,87.49376982013936D0,1930.789682841619D0,    0000011P   3355
-33.56522713266067D0,89.02003628154395D0,1938.489750611274D0,    0000011P   3356
-31.41621477373482D0,90.55139853995982D0,1946.187962020643D0,    0000011P   3357
-29.28307365459579D0,92.0840764197701D0,1953.880013432273D0,     0000011P   3358
-27.18271885331856D0,93.61925002318881D0,1961.586492505188D0,    0000011P   3359
-25.12432980186992D0,95.16112246054065D0,1969.304388341269D0,    0000011P   3360
-23.12864118783928D0,96.72656021085194D0,1977.001241895247D0,    0000011P   3361
-21.1992247754198D0,98.31612324477676D0,1984.761852318935D0,     0000011P   3362
-19.38230269258811D0,100.0354784497031D0,1992.30462772417D0,     0000011P   3363
-17.56800311122319D0,101.6979594557448D0,1999.745806533815D0,    0000011P   3364
-16.35462350752376D0,104.0979454777893D0,2005.064225955988D0,    0000011P   3365
-14.22626088389589D0,104.6304482000851D0,2010.256728297098D0,    0000011P   3366
-12.5898223078684D0,105.4400849797075D0,2015.35731380559D0,      0000011P   3367
-10.95387302678616D0,106.1649559429853D0,2020.426194113684D0,    0000011P   3368
-9.406277813039326D0,106.9408561921427D0,2025.456830693121D0,    0000011P   3369
-7.910390090701254D0,107.7387198694195D0,2030.438997671962D0,    0000011P   3370
-6.474818231043425D0,108.5636710912381D0,2035.372701589785D0,    0000011P   3371
-5.090099250118997D0,109.3893824725029D0,2040.277405656845D0,    0000011P   3372
-3.75266519547812D0,110.2162165202149D0,2045.145580278037D0,     0000011P   3373
-2.460339040663763D0,111.0282682106461D0,2049.979072071724D0,    0000011P   3374
-1.211182204997343D0,111.8220960484959D0,2053.193626455185D0,    0000011P   3375
-0.4001588495421914D0,112.3367776651329D0,2054.797173760462D0,   0000011P   3376
1.262184801120725D-14,112.5897498492931D0,-199.9999999999999D0,  0000011P   3377
-99.09033103588402D0,67.83120375097747D0,-183.3302720355079D0,   0000011P   3378
-100.3806153064648D0,66.50249601893745D0,-149.9942204395429D0,   0000011P   3379
-102.9858222969981D0,63.870925412333D0,-105.5508995706051D0,     0000011P   3380
-106.513800276018D0,60.44406163067404D0,-66.6401572131784D0,     0000011P   3381
-109.6382623367762D0,57.51347433383015D0,-33.33941155059412D0,   0000011P   3382
-112.3468242034813D0,55.00452483641266D0,5.576424083530397D0,    0000011P   3383
-115.5585746476927D0,52.01636638420139D0,50.00428463493852D0,    0000011P   3384
-119.314365165666D0,48.46375848166481D0,99.99603596951461D0,     0000011P   3385
-123.6045636846845D0,44.37759200078607D0,150.0013894041003D0,    0000011P   3386
-127.9069851547619D0,40.29700021619895D0,199.9691830917186D0,    0000011P   3387
-132.102436211499D0,36.29529444001436D0,249.9730870921028D0,     0000011P   3388
-136.0629464923705D0,32.42860576671259D0,294.4096792076395D0,    0000011P   3389
-139.3445315365486D0,29.20274777180075D0,333.3000883535484D0,    0000011P   3390
-142.008388536323D0,26.5929339868282D0,366.651444209844D0,       0000011P   3391
-144.1396324618427D0,24.51425695892952D0,399.96230441852D0,      0000011P   3392
-146.1045301432724D0,22.60065523514713D0,433.312552481163D0,     0000011P   3393
-147.8847617345123D0,20.85049671471726D0,466.6324593461746D0,    0000011P   3394
-149.4816043095288D0,19.26604623110706D0,499.9716989222856D0,    0000011P   3395
-150.890298872139D0,17.83498634572276D0,533.3195953639449D0,     0000011P   3396
-152.1038967226429D0,16.54840180697298D0,566.6408845816264D0,    0000011P   3397
-153.1246950742248D0,15.40524906577979D0,605.5331708493866D0,    0000011P   3398
-154.0887071039059D0,14.23556336462698D0,649.9957143863671D0,    0000011P   3399
-154.8627228120711D0,13.13124837393738D0,699.9979824138494D0,    0000011P   3400
-155.2777731419229D0,12.19367447772116D0,749.9931565631356D0,    0000011P   3401
-155.2205370006817D0,11.53525696196525D0,800.0262055431653D0,    0000011P   3402
-154.7163344339668D0,11.14135235537037D0,850.018399378847D0,     0000011P   3403
-153.7877581340327D0,10.9980510322536D0,900.0440784383446D0,     0000011P   3404
-152.4605079114261D0,11.08644448450995D0,950.0050811017977D0,    0000011P   3405
-150.7514612105987D0,11.38896499393336D0,1000.055668901287D0,    0000011P   3406
-148.7084137818207D0,11.89549918757662D0,1050.010003128515D0,    0000011P   3407
-146.3649436104847D0,12.5941590403851D0,1100.053380679769D0,     0000011P   3408
-143.7529617451016D0,13.48360566544996D0,1150.021791550384D0,    0000011P   3409
-140.8867772038054D0,14.56330924522323D0,1200.051474781557D0,    0000011P   3410
-137.7556454144932D0,15.83543426773196D0,1250.023623159938D0,    0000011P   3411
-134.3239817467282D0,17.2942945368618D0,1300.056328535724D0,     0000011P   3412
-130.6624178546465D0,18.98137417097732D0,1350.002530631704D0,    0000011P   3413
-126.8037544855389D0,20.93343160712307D0,1400.053987068681D0,    0000011P   3414
-122.7740955736144D0,23.18670747019899D0,1450.019900320617D0,    0000011P   3415
-118.5711482673787D0,25.76426933424192D0,1500.048147664271D0,    0000011P   3416
-113.9897433051219D0,29.04114097745389D0,1550.008174325814D0,    0000011P   3417
-108.7960105971459D0,33.38056967295138D0,1600.048697526986D0,    0000011P   3418
-102.6892191218338D0,38.82007106188425D0,1650.006958939314D0,    0000011P   3419
-95.33297624775649D0,45.38566261703326D0,1700.053641908576D0,    0000011P   3420
-86.77359402119684D0,52.75056934815169D0,1750.007728978573D0,    0000011P   3421
-77.02757871815754D0,60.57139032479886D0,1785.096948886395D0,    0000011P   3422
-69.62874579254067D0,66.35893637034673D0,1805.272853163978D0,    0000011P   3423
-65.27357639158734D0,69.77081547220283D0,1810.548897714767D0,    0000011P   3424
-64.12973356303661D0,70.6669172257435D0,1815.809957567814D0,     0000011P   3425
-62.97910719869947D0,71.5666213437046D0,1821.093868385355D0,     0000011P   3426
-61.81852815231051D0,72.47146830806597D0,1826.371243385361D0,    0000011P   3427
-60.65354550224971D0,73.38123967767521D0,1831.634482695979D0,    0000011P   3428
-59.47543820191557D0,74.29428014304824D0,1836.905709196514D0,    0000011P   3429
-58.28851857489438D0,75.21268195893757D0,1842.182404127114D0,    0000011P   3430
-57.08752151256714D0,76.13571399413749D0,1847.457448753213D0,    0000011P   3431
-55.87618532529574D0,77.06374401975873D0,1852.717910287877D0,    0000011P   3432
-54.65182483935912D0,77.9965703333246D0,1857.976280040565D0,     0000011P   3433
-53.40988924502153D0,78.93164070819393D0,1863.237199755663D0,    0000011P   3434
-52.15582425151214D0,79.8802603256558D0,1868.506681097256D0,     0000011P   3435
-50.87972513658458D0,80.80469742444281D0,1873.760195316841D0,    0000011P   3436
-49.59289577067739D0,81.73606679641422D0,1879.017294615341D0,    0000011P   3437
-48.28057012297873D0,82.67489569645511D0,1884.26055227383D0,     0000011P   3438
-46.95433115460386D0,83.62259488791005D0,1889.514259204648D0,    0000011P   3439
-45.60392466942416D0,84.57952923679306D0,1894.760943262729D0,    0000011P   3440
-44.23175587450361D0,85.54599695665884D0,1900.823261061658D0,    0000011P   3441
-42.61852497233424D0,86.67640917429178D0,1907.712525985174D0,    0000011P   3442
-40.74872822697186D0,87.97961631545918D0,1915.395740271832D0,    0000011P   3443
-38.62025205832877D0,89.45559465634851D0,1923.105362873748D0,    0000011P   3444
-36.46412850985762D0,90.94488185819367D0,1930.786797173272D0,    0000011P   3445
-34.29784241170349D0,92.43933996386322D0,1938.486011693738D0,    0000011P   3446
-32.13446753697221D0,93.93850873595272D0,1946.183627304128D0,    0000011P   3447
-29.9869926474003D0,95.43882283138677D0,1953.874902589646D0,     0000011P   3448
-27.8721415290321D0,96.94157595426508D0,1961.581145957183D0,     0000011P   3449
-25.79855070152614D0,98.4510231221069D0,1969.298110130882D0,     0000011P   3450
-23.7869371790555D0,99.98382428397488D0,1976.996312653858D0,     0000011P   3451
-21.84007491951537D0,101.5406656676718D0,1984.752276230156D0,    0000011P   3452
-20.00532689748365D0,103.2251953706677D0,1992.316023601231D0,    0000011P   3453
-18.16686695161798D0,104.8546942457543D0,1999.693225629158D0,    0000011P   3454
-16.94548480341598D0,107.2073373811029D0,2005.215266956057D0,    0000011P   3455
-14.75743221824124D0,107.7312063802858D0,2010.537911325257D0,    0000011P   3456
-13.07564154519197D0,108.5269057927294D0,2015.784923489755D0,    0000011P   3457
-11.3897942807148D0,109.2400769311897D0,2020.996178691551D0,     0000011P   3458
-9.792008220970677D0,110.003706389357D0,2026.172064092575D0,     0000011P   3459
-8.244230207062113D0,110.7892843308532D0,2031.299949929342D0,    0000011P   3460
-6.755719070344176D0,111.6017931312515D0,2036.380934866622D0,    0000011P   3461
-5.316840861716424D0,112.4154055369389D0,2041.433937466005D0,    0000011P   3462
-3.924124619552544D0,113.2304394941483D0,2046.451139462432D0,    0000011P   3463
-2.575553532127806D0,114.0312774086794D0,2051.43384332003D0,     0000011P   3464
-1.269360071940398D0,114.8145108574081D0,2054.748456025101D0,    0000011P   3465
-0.4196376641339861D0,115.3225664297615D0,2056.40206751768D0,    0000011P   3466
1.262184801120725D-14,115.5723436063164D0,-199.9999999999999D0,  0000011P   3467
-103.0320966058942D0,69.72876750352937D0,-183.330166292579D0,    0000011P   3468
-104.4436178339964D0,68.1668722902304D0,-149.9938509653507D0,    0000011P   3469
-107.2754954840266D0,65.13049512623826D0,-105.550982201773D0,    0000011P   3470
-111.0454031174423D0,61.38953750908434D0,-66.64009438320372D0,   0000011P   3471
-114.3245705430661D0,58.39365431736483D0,-33.33917191294263D0,   0000011P   3472
-117.1445325898701D0,55.9115764599436D0,5.576310912495756D0,     0000011P   3473
-120.4828543110943D0,52.98061420426306D0,50.00439549941931D0,    0000011P   3474
-124.4084574845529D0,49.42816238019868D0,99.99616434252249D0,    0000011P   3475
-128.8926483701922D0,45.31352030742723D0,150.0007651224453D0,    0000011P   3476
-133.3608702225378D0,41.23528056138824D0,199.969513718048D0,     0000011P   3477
-137.714328437201D0,37.25107231326598D0,249.9723889797592D0,     0000011P   3478
-141.8450225578719D0,33.40167131135409D0,294.4099827732884D0,    0000011P   3479
-145.2913441078993D0,30.19490557675521D0,333.2996014469935D0,    0000011P   3480
-148.110570073332D0,27.60748189855049D0,366.6506060589151D0,     0000011P   3481
-150.366050532647D0,25.54830959481962D0,399.9627048443194D0,     0000011P   3482
-152.4294903932719D0,23.65106160353581D0,433.3117887265941D0,    0000011P   3483
-154.2657130757334D0,21.91083147514605D0,466.6320229279693D0,    0000011P   3484
-155.8995650388056D0,20.33388474049831D0,499.9719734312494D0,    0000011P   3485
-157.3494942075598D0,18.91219280168054D0,533.3189342923096D0,    0000011P   3486
-158.6315805420206D0,17.64104359052712D0,566.6404268060572D0,    0000011P   3487
-159.7250153695306D0,16.51540633744603D0,605.5334333539687D0,    0000011P   3488
-160.7515508300826D0,15.36399473635583D0,649.995202966448D0,     0000011P   3489
-161.5267041005938D0,14.27087723552738D0,699.9980107477759D0,    0000011P   3490
-161.9003322879374D0,13.34214586083837D0,749.9935544727599D0,    0000011P   3491
-161.8109423106765D0,12.69847093578979D0,800.0258936448516D0,    0000011P   3492
-161.2916802893114D0,12.32741265118651D0,850.0192495878964D0,    0000011P   3493
-160.3728985858895D0,12.21726524774103D0,900.0435132717603D0,    0000011P   3494
-159.0543670533317D0,12.34464423896751D0,950.0064926763909D0,    0000011P   3495
-157.3265227295764D0,12.68743802323319D0,1000.054990067846D0,    0000011P   3496
-155.2203149968729D0,13.23375840881101D0,1050.011306623212D0,    0000011P   3497
-152.7517138455879D0,13.96991127289558D0,1100.052782378009D0,    0000011P   3498
-149.9585767988907D0,14.89201454837783D0,1150.022880729987D0,    0000011P   3499
-146.8604763378589D0,15.99689446283955D0,1200.050786499524D0,    0000011P   3500
-143.5227486980963D0,17.31599825608453D0,1250.025288548011D0,    0000011P   3501
-139.9853192544562D0,18.87314705377487D0,1300.055549344635D0,    0000011P   3502
-136.2237035453298D0,20.65708350359834D0,1350.003981458666D0,    0000011P   3503
-132.1733724793637D0,22.65147376782772D0,1400.053382513167D0,    0000011P   3504
-127.8826304712393D0,25.0368895174976D0,1450.020866554017D0,     0000011P   3505
-123.3703383306435D0,27.98152098992684D0,1500.047538114941D0,    0000011P   3506
-118.3376552905022D0,31.76992231478825D0,1550.009647402475D0,    0000011P   3507
-112.4556704801068D0,36.67405380747466D0,1600.048042200338D0,    0000011P   3508
-105.5953192831854D0,42.57311960691707D0,1650.008106480202D0,    0000011P   3509
-97.59171054605963D0,49.33363648935868D0,1700.052976840255D0,    0000011P   3510
-88.51715517706545D0,56.73251087154122D0,1750.009242543238D0,    0000011P   3511
-78.41329371491048D0,64.53044621530611D0,1785.096903158182D0,    0000011P   3512
-70.83448196923689D0,70.25622821810494D0,1805.272858673072D0,    0000011P   3513
-66.38542971869256D0,73.61631834353494D0,1810.548820437206D0,    0000011P   3514
-65.21756662920396D0,74.49812432974166D0,1815.810110864635D0,    0000011P   3515
-64.04345068150334D0,75.38284502501944D0,1821.094258628223D0,    0000011P   3516
-62.85983941861244D0,76.27204495374714D0,1826.371030808067D0,    0000011P   3517
-61.67258766144368D0,77.16556636124136D0,1831.634702438209D0,    0000011P   3518
-60.47265966571148D0,78.06184455951015D0,1836.905752865843D0,    0000011P   3519
-59.26461972558708D0,78.96298435030275D0,1842.182657128641D0,    0000011P   3520
-58.04303829294054D0,79.86832597011365D0,1847.457394625581D0,    0000011P   3521
-56.81188069162198D0,80.77828566380607D0,1852.71767354635D0,     0000011P   3522
-55.56840947948193D0,81.69272206680233D0,1857.976497534945D0,    0000011P   3523
-54.30794046374687D0,82.60919225957363D0,1863.236995806113D0,    0000011P   3524
-53.03622060186761D0,83.53882203448067D0,1868.506995035585D0,    0000011P   3525
-51.74297900975517D0,84.44472184429506D0,1873.759788565003D0,    0000011P   3526
-50.44007550873096D0,85.35741439178693D0,1879.017513531833D0,    0000011P   3527
-49.11216654489861D0,86.27747208290562D0,1884.260363700114D0,    0000011P   3528
-47.77140316463353D0,87.20633242590253D0,1889.514127340196D0,    0000011P   3529
-46.40714981544789D0,88.14440882088721D0,1894.760947912103D0,    0000011P   3530
-45.02198075688092D0,89.0920494042559D0,1900.823314938516D0,     0000011P   3531
-43.39475341690134D0,90.20075501048018D0,1907.712175854042D0,    0000011P   3532
-41.51055440310987D0,91.47946117540121D0,1915.394804984346D0,    0000011P   3533
-39.36762720147584D0,92.92827048300075D0,1923.103888225507D0,    0000011P   3534
-37.19808310586916D0,94.39060031661319D0,1930.785171691645D0,    0000011P   3535
-35.01920243163275D0,95.8583567102026D0,1938.483836050631D0,     0000011P   3536
-32.84366265198162D0,97.33096346453048D0,1946.181105178412D0,    0000011P   3537
-30.68405253261495D0,98.80480396408935D0,1953.871775938561D0,    0000011P   3538
-28.55685825590098D0,100.2810194098911D0,1961.577853541548D0,    0000011P   3539
-26.47012711754448D0,101.763650621676D0,1969.293830389484D0,     0000011P   3540
-24.44451214665671D0,103.2688849135696D0,1976.993176669583D0,    0000011P   3541
-22.48194318318941D0,104.7972686655498D0,1984.74411469383D0,     0000011P   3542
-20.63087773667623D0,106.4501650801954D0,1992.328257889006D0,    0000011P   3543
-18.769489000908D0,108.0485361280019D0,1999.640744264935D0,      0000011P   3544
-17.54094582958583D0,110.3540682582797D0,2005.365541120359D0,    0000011P   3545
-15.29369756958645D0,110.8680979188784D0,2010.817393294589D0,    0000011P   3546
-13.56679448759902D0,111.6476941927879D0,2016.20976180367D0,     0000011P   3547
-11.83108945047225D0,112.3460074513407D0,2021.562191962532D0,    0000011P   3548
-10.18296577878493D0,113.0932876079405D0,2026.882003086441D0,    0000011P   3549
-8.582976231315652D0,113.8616526758391D0,2032.15416798352D0,     0000011P   3550
-7.041042600150091D0,114.6560151180077D0,2037.380883906878D0,    0000011P   3551
-5.547372471681182D0,115.4511196405638D0,2042.580531232592D0,    0000011P   3552
-4.098604375753139D0,116.2473114572192D0,2047.745009488798D0,    0000011P   3553
-2.692894216020511D0,117.0293322315493D0,2052.875083448537D0,    0000011P   3554
-1.328658018805253D0,117.7938784408538D0,2056.288470245262D0,    0000011P   3555
-0.4394995022014236D0,118.2896342968852D0,2057.991490823495D0,   0000011P   3556
1.262184801120725D-14,118.5333219915643D0,-200.0D0,              0000011P   3557
-106.5965353025373D0,72.15122105275052D0,-183.3300605496503D0,   0000011P   3558
-108.2278962810375D0,70.33300417687097D0,-149.9934814911588D0,   0000011P   3559
-111.4552373121921D0,66.84541434035921D0,-105.5510648329414D0,   0000011P   3560
-115.6011580830754D0,62.70515447158063D0,-66.64003155322935D0,   0000011P   3561
-119.0748743716676D0,59.53564073640661D0,-33.33893227529127D0,   0000011P   3562
-122.0024605631268D0,56.98736097921394D0,5.576197741461169D0,    0000011P   3563
-125.4364632591591D0,54.03156823475553D0,50.00450636390023D0,    0000011P   3564
-129.4841410453217D0,50.46186128122402D0,99.99629271553057D0,    0000011P   3565
-134.1390878091173D0,46.34411782072361D0,150.0001408407907D0,    0000011P   3566
-138.8276071437057D0,42.28040321383464D0,199.9698443443776D0,    0000011P   3567
-143.4116095550555D0,38.31888503942843D0,249.9716908674153D0,    0000011P   3568
-147.7434730094989D0,34.49120659078501D0,294.4102863389371D0,    0000011P   3569
-151.3289614049508D0,31.29992082237447D0,333.29911454044D0,      0000011P   3570
-154.2307277755782D0,28.7212224024638D0,366.6497679079885D0,     0000011P   3571
-156.5460805677198D0,26.66882262805174D0,399.9631052701197D0,    0000011P   3572
-158.6742638781616D0,24.78033031563871D0,433.3110249720204D0,    0000011P   3573
-160.5956033402679D0,23.05369136333996D0,466.631586509756D0,     0000011P   3574
-162.3178368143348D0,21.4920647919805D0,499.9722479402109D0,     0000011P   3575
-163.8421178520871D0,20.08463472509284D0,533.3182732206928D0,    0000011P   3576
-165.1671950087948D0,18.82384071609193D0,566.6399690305186D0,    0000011P   3577
-166.2853350696271D0,17.70683044006293D0,605.5336958585573D0,    0000011P   3578
-167.3343509342462D0,16.56604544022202D0,649.9946915464128D0,    0000011P   3579
-168.1474600974827D0,15.48948203923535D0,699.9980390816231D0,    0000011P   3580
-168.5656520099049D0,14.5840440855898D0,749.9939523828195D0,     0000011P   3581
-168.5079023372013D0,13.96740902333534D0,800.0255817468346D0,    0000011P   3582
-167.9662438178165D0,13.61840612385462D0,850.0200997953177D0,    0000011P   3583
-166.9297109004699D0,13.51657146576057D0,900.0429481040638D0,    0000011P   3584
-165.4698271138384D0,13.65368262332807D0,950.0079042570715D0,    0000011P   3585
-163.6486917749149D0,14.02280570099808D0,1000.054311238563D0,    0000011P   3586
-161.4624436472097D0,14.60439706914772D0,1050.012610095119D0,    0000011P   3587
-158.891477471453D0,15.37706469741271D0,1100.052184060685D0,     0000011P   3588
-155.9995232310007D0,16.3489233104468D0,1150.023969994903D0,     0000011P   3589
-152.8313701461019D0,17.52875547251878D0,1200.050098275765D0,    0000011P   3590
-149.3957409747061D0,18.92064258563008D0,1250.026953616661D0,    0000011P   3591
-145.6745213440138D0,20.5209276372549D0,1300.054769935362D0,     0000011P   3592
-141.6998660021899D0,22.37320364101015D0,1350.005433481596D0,    0000011P   3593
-137.46257404675D0,24.51623882443667D0,1400.052778774579D0,      0000011P   3594
-132.9035518651884D0,27.17690384614686D0,1450.021828310234D0,    0000011P   3595
-127.9325821936081D0,30.56981884315562D0,1500.046925507385D0,    0000011P   3596
-122.3067701658437D0,34.88005528174974D0,1550.011137236053D0,    0000011P   3597
-115.7526600364459D0,40.27918302016868D0,1600.047398319678D0,    0000011P   3598
-108.2313058880125D0,46.53567299632027D0,1650.009191313511D0,    0000011P   3599
-99.66734402325346D0,53.40443397954728D0,1700.052268940718D0,    0000011P   3600
-90.14842057853693D0,60.77471485283776D0,1750.010990821763D0,    0000011P   3601
-79.73049790590974D0,68.52012041293713D0,1785.097039966901D0,    0000011P   3602
-71.99021448975338D0,74.17587692557667D0,1805.272802015734D0,    0000011P   3603
-67.45618870634576D0,77.48004508248519D0,1810.548608998263D0,    0000011P   3604
-66.26654898840819D0,78.34651087413738D0,1815.810052626081D0,    0000011P   3605
-65.07110415113749D0,79.21524425504543D0,1821.094357247405D0,    0000011P   3606
-63.86654023128268D0,80.08783863172616D0,1826.370446469186D0,    0000011P   3607
-62.65901959672903D0,80.96420177570393D0,1831.634472896083D0,    0000011P   3608
-61.43919360994718D0,81.84286446021793D0,1836.905275007906D0,    0000011P   3609
-60.21188034013365D0,82.725948873753D0,1842.182324304571D0,      0000011P   3610
-58.97148760408787D0,83.61287146024266D0,1847.456700983328D0,    0000011P   3611
-57.72220954358851D0,84.50410177804162D0,1852.716756875209D0,    0000011P   3612
-56.46125825249799D0,85.39956364021003D0,1857.976010623475D0,    0000011P   3613
-55.18381795944538D0,86.29692827407035D0,1863.236081577956D0,    0000011P   3614
-53.89593867454337D0,87.20714692279384D0,1868.506614090759D0,    0000011P   3615
-52.58698515630076D0,88.09417709293D0,1873.75872625839D0,        0000011P   3616
-51.26937498136216D0,88.98795423789866D0,1879.017142819585D0,    0000011P   3617
-49.92718887718695D0,89.88910075445243D0,1884.259680686075D0,    0000011P   3618
-48.57314777985098D0,90.79908573548838D0,1889.513628150941D0,    0000011P   3619
-47.19623658494756D0,91.71837595495045D0,1894.760746944025D0,    0000011P   3620
-45.79920040893153D0,92.64737431181533D0,1900.823393441924D0,    0000011P   3621
-44.15922535695762D0,93.73472380545397D0,1907.712176721763D0,    0000011P   3622
-42.26195755136398D0,94.98952660500187D0,1915.394641173058D0,    0000011P   3623
-40.10596230977062D0,96.41202598558019D0,1923.103629209052D0,    0000011P   3624
-37.92427389518814D0,97.84837161448499D0,1930.785198285236D0,    0000011P   3625
-35.73397131994405D0,99.2904375570467D0,1938.483709823617D0,     0000011P   3626
-33.54733896914922D0,100.7374556924638D0,1946.180959316703D0,    0000011P   3627
-31.37656882425225D0,102.1856821730675D0,1953.871250516033D0,    0000011P   3628
-29.23791267573193D0,103.6360297370528D0,1961.577254045253D0,    0000011P   3629
-27.13883180712603D0,105.0922490466522D0,1969.292170594043D0,    0000011P   3630
-25.0999184742707D0,106.5699788213247D0,1976.992391603311D0,     0000011P   3631
-23.12226161096091D0,108.0695496334944D0,1984.737807602581D0,    0000011P   3632
-21.25541647347281D0,109.6899638311197D0,1992.341591313557D0,    0000011P   3633
-19.3715588225171D0,111.2557885426711D0,1999.588393395886D0,     0000011P   3634
-18.13621152470205D0,113.5122974167334D0,2005.514809980964D0,    0000011P   3635
-15.83004194873704D0,114.0141797948654D0,2011.094645215713D0,    0000011P   3636
-14.0582329018289D0,114.7751462455448D0,2016.630966916213D0,     0000011P   3637
-12.27283141131461D0,115.4556776959641D0,2022.122998943361D0,    0000011P   3638
-10.57448545525086D0,116.183307882631D0,2027.5850012388D0,       0000011P   3639
-8.922352843152513D0,116.930803171818D0,2032.999557655298D0,     0000011P   3640
-7.327017460895949D0,117.7030266172851D0,2038.369972507341D0,    0000011P   3641
-5.778527563427615D0,118.4753153882703D0,2043.714096458531D0,    0000011P   3642
-4.273630305122385D0,119.2480624693556D0,2049.023555303234D0,    0000011P   3643
-2.810653438074223D0,120.0063892852824D0,2054.29858459645D0,     0000011P   3644
-1.388195675488978D0,120.7471177171648D0,2057.809061889488D0,    0000011P   3645
-0.459447124343399D0,121.2269980206058D0,2059.560632730486D0,    0000011P   3646
1.262184801120725D-14,121.4627728631058D0,-199.9999999999999D0,  0000011P   3647
-109.7402751389667D0,75.17991572276083D0,-183.3299548067214D0,   0000011P   3648
-111.5960279954811D0,73.12636399463537D0,-149.9931120169666D0,   0000011P   3649
-115.2389031539243D0,69.21461074302849D0,-105.5511474641095D0,   0000011P   3650
-119.8247108952028D0,64.60097182750548D0,-66.63996872325467D0,   0000011P   3651
-123.5816823438128D0,61.06132508133356D0,-33.33869263763974D0,   0000011P   3652
-126.7075912381587D0,58.25842406679853D0,5.576084570426625D0,    0000011P   3653
-130.3510334257098D0,55.11680420741737D0,50.00461722838111D0,    0000011P   3654
-134.6490081598368D0,51.54747556768183D0,99.99642108853847D0,    0000011P   3655
-139.5242049988706D0,47.52227196068142D0,149.9995165591357D0,    0000011P   3656
-144.2954266172084D0,43.44793770305862D0,199.970174970707D0,     0000011P   3657
-148.9464184911478D0,39.44967215539127D0,249.9709927550717D0,    0000011P   3658
-153.4507735459795D0,35.63636371051678D0,294.410589904586D0,     0000011P   3659
-157.2199557341707D0,32.47536952013381D0,333.2986276338848D0,    0000011P   3660
-160.2580125558595D0,29.91578529008904D0,366.6489297570591D0,    0000011P   3661
-162.6817062930068D0,27.87762323870824D0,399.9635056959188D0,    0000011P   3662
-164.9178088089586D0,26.00423699078333D0,433.3102612174518D0,    0000011P   3663
-166.9544865178301D0,24.29674871468828D0,466.6311500915513D0,    0000011P   3664
-168.7809856092532D0,22.75391984882209D0,499.9725224491747D0,    0000011P   3665
-170.3797700919083D0,21.36085834312505D0,533.3176121490554D0,    0000011P   3666
-171.7308792266961D0,20.10587335098125D0,566.6395112549458D0,    0000011P   3667
-172.8537452794865D0,18.99185117156166D0,605.5339583631387D0,    0000011P   3668
-173.9147912086335D0,17.85797820346157D0,649.9941801265068D0,    0000011P   3669
-174.7956168061437D0,16.80371053378086D0,699.9980674155586D0,    0000011P   3670
-175.2756281517457D0,15.92538548736786D0,749.9943502923949D0,    0000011P   3671
-175.1781223956379D0,15.32087050826094D0,800.0252698484871D0,    0000011P   3672
-174.5738611796727D0,14.98530306281947D0,850.0209500045489D0,    0000011P   3673
-173.5305716238846D0,14.91453512419315D0,900.0423829376036D0,    0000011P   3674
-172.057393269691D0,15.08769838088269D0,950.0093158309817D0,     0000011P   3675
-170.1534291107946D0,15.48512094104983D0,1000.053632404656D0,    0000011P   3676
-167.8629753353548D0,16.09862008386274D0,1050.013913592369D0,    0000011P   3677
-165.2141808094853D0,16.91820477600201D0,1100.051585760669D0,    0000011P   3678
-162.226800332574D0,17.94338631346123D0,1150.025059164941D0,     0000011P   3679
-158.9006334404033D0,19.17419356008908D0,1200.0494099872D0,      0000011P   3680
-155.2504818863429D0,20.60744038135218D0,1250.028619040543D0,    0000011P   3681
-151.263340331395D0,22.23222904886679D0,1300.053990768732D0,     0000011P   3682
-147.0317825784786D0,24.19084953490153D0,1350.006884174484D0,    0000011P   3683
-142.6058253786537D0,26.62122555480665D0,1400.052174127483D0,    0000011P   3684
-137.78172893587D0,29.71843889494338D0,1450.022795045543D0,      0000011P   3685
-132.3227652113304D0,33.66485518406178D0,1500.046316300894D0,    0000011P   3686
-126.0677887113428D0,38.50148930719037D0,1550.012608434194D0,    0000011P   3687
-118.8247649955303D0,44.25468532261878D0,1600.046741709886D0,    0000011P   3688
-110.6607953816561D0,50.70927911442257D0,1650.010345884179D0,    0000011P   3689
-101.6060365041611D0,57.63640492079657D0,1700.051608673955D0,    0000011P   3690
-91.7093657129796D0,64.94066430376978D0,1750.012478074031D0,     0000011P   3691
-80.98663888904757D0,72.51120362028533D0,1785.09697377554D0,     0000011P   3692
-73.08420893554205D0,78.04020548459512D0,1805.272814493943D0,    0000011P   3693
-68.4730886168023D0,81.29335192714319D0,1810.54854676075D0,      0000011P   3694
-67.26409717120799D0,82.14742912024548D0,1815.810229636895D0,    0000011P   3695
-66.05006757679735D0,83.00459685155857D0,1821.094780182497D0,    0000011P   3696
-64.82756780518807D0,83.86627652306061D0,1826.370275567908D0,    0000011P   3697
-63.60302121237963D0,84.73224054580717D0,1831.634743004952D0,    0000011P   3698
-62.36671970874021D0,85.6009142675919D0,1836.905377142606D0,     0000011P   3699
-61.1236885796329D0,86.47423637695866D0,1842.182642979578D0,     0000011P   3700
-59.86812644792787D0,87.3514986386034D0,1847.456718547939D0,     0000011P   3701
-58.60440971447367D0,88.23302303769566D0,1852.716596356612D0,    0000011P   3702
-57.32965345028598D0,89.11859767825686D0,1857.976307084673D0,    0000011P   3703
-56.03886374653771D0,90.00580704778405D0,1863.235957253585D0,    0000011P   3704
-54.73834710714485D0,90.90522695358249D0,1868.507005928373D0,    0000011P   3705
-53.41705737435529D0,91.78146106930291D0,1873.758392996961D0,    0000011P   3706
-52.08792332127811D0,92.66365671233831D0,1879.017427835904D0,    0000011P   3707
-50.73440339786986D0,93.55228538356782D0,1884.25954754117D0,     0000011P   3708
-49.36974187104812D0,94.44864687385766D0,1889.513537465123D0,    0000011P   3709
-47.98249752562871D0,95.35306044430956D0,1894.760774643966D0,    0000011P   3710
-46.57553977612337D0,96.26578286980404D0,1900.823444558041D0,    0000011P   3711
-44.92457578660331D0,97.33249624346678D0,1907.711787242201D0,    0000011P   3712
-43.0154697496487D0,98.56105401639579D0,1915.393619399887D0,     0000011P   3713
-40.84689179428848D0,99.95105635627674D0,1923.10201828344D0,     0000011P   3714
-38.65278236233634D0,101.3523122914112D0,1930.783387599119D0,    0000011P   3715
-36.45014955633954D0,102.7573109165962D0,1938.481304432459D0,    0000011P   3716
-34.25101506654005D0,104.165739187567D0,1946.178170801929D0,     0000011P   3717
-32.06730448337107D0,105.574373022594D0,1953.867832256432D0,     0000011P   3718
-29.91516559865723D0,106.9845436951553D0,1961.573659742184D0,    0000011P   3719
-27.80160407700443D0,108.4003587080756D0,1969.287597145831D0,    0000011P   3720
-25.74728179420896D0,109.8375551842477D0,1976.988992071372D0,    0000011P   3721
-23.75257717114424D0,111.2968948866419D0,1984.729438175266D0,    0000011P   3722
-21.86827360406413D0,112.8756663066963D0,1992.353702383537D0,    0000011P   3723
-19.96067981383442D0,114.4026887289566D0,1999.535897402611D0,    0000011P   3724
-18.71785641567403D0,116.607668887181D0,2005.66519684398D0,      0000011P   3725
-16.35265704981029D0,117.0982834080181D0,2011.374377182701D0,    0000011P   3726
-14.53621608726655D0,117.8437992881604D0,2017.056212527076D0,    0000011P   3727
-12.70173016620515D0,118.511929199857D0,2022.68959586107D0,      0000011P   3728
-10.95407672583405D0,119.2273160620919D0,2028.295718329797D0,    0000011P   3729
-9.250983430077712D0,119.96319995353D0,2033.854765407774D0,      0000011P   3730
-7.603661062276574D0,120.7242198780922D0,2039.37113904796D0,     0000011P   3731
-6.001963349603937D0,121.4861308275093D0,2044.862150778583D0,    0000011P   3732
-4.442710874638673D0,122.2491989166052D0,2050.319143237341D0,    0000011P   3733
-2.924368041587501D0,122.9987506906595D0,2055.741813338284D0,    0000011P   3734
-1.445681054213508D0,123.7315587939729D0,2059.351253461001D0,    0000011P   3735
-0.4787082975417095D0,124.2066977718548D0,2061.152329665263D0,   0000011P   3736
1.262184801120725D-14,124.4402317508692D0,-199.9999999999999D0,  0000011P   3737
-112.4664228336229D0,78.51806742578253D0,-183.3298490637925D0,   0000011P   3738
-114.5607553805265D0,76.32918655043034D0,-149.9927425427745D0,   0000011P   3739
-118.6453613044328D0,72.15224024514795D0,-105.5512300952777D0,   0000011P   3740
-123.7291853057838D0,67.12730590985102D0,-66.63990589328024D0,   0000011P   3741
-127.858367174166D0,63.13298840189776D0,-33.33845299998851D0,    0000011P   3742
-131.255964965768D0,59.94818199818858D0,5.575971399391771D0,     0000011P   3743
-135.1571978442796D0,56.4554821013018D0,50.00472809286183D0,     0000011P   3744
-139.6590186455591D0,52.74129505143438D0,99.99654946154647D0,    0000011P   3745
-144.7289266942407D0,48.73267183062595D0,149.998892277481D0,     0000011P   3746
-149.7481448782896D0,44.68768590263692D0,199.9705055970366D0,    0000011P   3747
-154.6377596595332D0,40.71783519645547D0,249.9702946427277D0,    0000011P   3748
-159.3084467820021D0,36.91865800583005D0,294.4108934702346D0,    0000011P   3749
-163.1971320769567D0,33.76654994702003D0,333.2981407273314D0,    0000011P   3750
-166.3446763630002D0,31.21874228913975D0,366.6480916061327D0,    0000011P   3751
-168.8561210658862D0,29.19112386612796D0,399.9639061217193D0,    0000011P   3752
-171.1642428728565D0,27.32654789325734D0,433.3094974628781D0,    0000011P   3753
-173.247439762199D0,25.62413837038242D0,466.6307136733378D0,     0000011P   3754
-175.1086145644145D0,24.08506345898208D0,499.9727969581361D0,    0000011P   3755
-176.7435690871671D0,22.69713254624571D0,533.3169510774389D0,    0000011P   3756
-178.1455366163391D0,21.45127653576909D0,566.6390534794077D0,    0000011P   3757
-179.324811780282D0,20.34915398076887D0,605.5342208677273D0,     0000011P   3758
-180.447332991918D0,19.23101878223966D0,649.9936687064695D0,     0000011P   3759
-181.3767862176672D0,18.19535731726247D0,699.9980957494045D0,    0000011P   3760
-181.8954893253673D0,17.34044223231112D0,749.9947482024614D0,    0000011P   3761
-181.8336922819148D0,16.7638084127681D0,800.0249579504755D0,     0000011P   3762
-181.2122701938407D0,16.44996233557262D0,850.0218002119455D0,    0000011P   3763
-180.0488506475732D0,16.38409445763483D0,900.0418177698899D0,    0000011P   3764
-178.4437924439411D0,16.56600736119213D0,950.0107274117549D0,    0000011P   3765
-176.4873933415642D0,16.99673686767619D0,1000.052953575437D0,    0000011P   3766
-174.1358103511769D0,17.65096098658703D0,1050.015217063929D0,    0000011P   3767
-171.3280101420726D0,18.50145707116088D0,1100.050987443108D0,    0000011P   3768
-168.1639399366146D0,19.555342153489D0,1150.026148431158D0,      0000011P   3769
-164.7232907989254D0,20.82020664426192D0,1200.048721764329D0,    0000011P   3770
-160.9973229441455D0,22.34320060310395D0,1250.030284104324D0,    0000011P   3771
-156.9482468007748D0,24.1640566897916D0,1300.053211356134D0,     0000011P   3772
-152.5317337570617D0,26.38859479775735D0,1350.008336215641D0,    0000011P   3773
-147.6585039259543D0,29.11780730842151D0,1400.051570401346D0,    0000011P   3774
-142.2606637580961D0,32.59686625409752D0,1450.023756733527D0,    0000011P   3775
-136.2372480571981D0,37.05820213225221D0,1500.04570364673D0,     0000011P   3776
-129.4026155357625D0,42.35485048883464D0,1550.014098523153D0,    0000011P   3777
-121.5394170502473D0,48.32387807710951D0,1600.046098003667D0,    0000011P   3778
-112.8136635181571D0,54.84739010693536D0,1650.011429761799D0,    0000011P   3779
-103.3537701026865D0,61.79416375414877D0,1700.050900121652D0,    0000011P   3780
-93.1603031757293D0,69.06891686430636D0,1750.014229929684D0,     0000011P   3781
-82.19932239829875D0,76.56104741462249D0,1785.097113366192D0,    0000011P   3782
-74.16064618021579D0,81.99926009965623D0,1805.272756889163D0,    0000011P   3783
-69.47730931804045D0,85.1884755026627D0,1810.548333277134D0,     0000011P   3784
-68.24978742007494D0,86.02530342732483D0,1815.810168174459D0,    0000011P   3785
-67.01758696299447D0,86.86474664552456D0,1821.094874357221D0,    0000011P   3786
-65.77720401968529D0,87.7082432864884D0,1826.369685563236D0,     0000011P   3787
-64.53536910066069D0,88.55561913259027D0,1831.634506615558D0,    0000011P   3788
-63.2820608305862D0,89.40538283796533D0,1836.90489133639D0,      0000011P   3789
-62.02255787739128D0,90.25947832300363D0,1842.182301227298D0,    0000011P   3790
-60.75089583641656D0,91.1172614049506D0,1847.456015159235D0,     0000011P   3791
-59.47167953398023D0,91.97909522757777D0,1852.715669323079D0,    0000011P   3792
-58.18197318465097D0,92.84482091765486D0,1857.975809437784D0,    0000011P   3793
-56.87665090854536D0,93.71212495464067D0,1863.235032200507D0,    0000011P   3794
-55.56232186978235D0,94.59139644176156D0,1868.506614393258D0,    0000011P   3795
-54.2275751607487D0,95.44807395155655D0,1873.75732069944D0,      0000011P   3796
-52.88589691741778D0,96.31070539717894D0,1879.017048137486D0,    0000011P   3797
-51.520169478643D0,97.17980011542154D0,1884.258856991669D0,      0000011P   3798
-50.14420660858347D0,98.05667732690674D0,1889.513032677696D0,    0000011P   3799
-48.74618714767725D0,98.94169751168118D0,1894.760570542198D0,    0000011P   3800
-47.32915097489274D0,99.83516005231633D0,1900.823523436768D0,    0000011P   3801
-45.66739990290095D0,100.8797763932828D0,1907.711793459281D0,    0000011P   3802
-43.74729804016094D0,102.0835327611348D0,1915.393467346197D0,    0000011P   3803
-41.56777915094273D0,103.4461680418878D0,1923.101777793687D0,    0000011P   3804
-39.36347026147023D0,104.8203545556641D0,1930.78343937098D0,     0000011P   3805
-37.15118972767348D0,106.1985730247019D0,1938.481209439342D0,    0000011P   3806
-34.94257770808857D0,107.5803420792488D0,1946.178061155407D0,    0000011P   3807
-32.7491745652963D0,108.962334001489D0,1953.867346477638D0,      0000011P   3808
-30.58690525563011D0,110.3456751981588D0,1961.573101287026D0,    0000011P   3809
-28.46220098792713D0,111.7342066106498D0,1969.285977279384D0,    0000011P   3810
-26.39567442110673D0,113.1431403632639D0,1976.988242834004D0,    0000011P   3811
-24.3868746262838D0,114.5730460074925D0,1984.72315934648D0,      0000011P   3812
-22.48769430285295D0,116.1188747762284D0,1992.36705255936D0,     0000011P   3813
-20.55845629499806D0,117.6130747080671D0,1999.48354852236D0,     0000011P   3814
-19.30953103985264D0,119.7689683535327D0,2005.814450383367D0,    0000011P   3815
-16.8860150505808D0,120.2475530032633D0,2011.651595117025D0,     0000011P   3816
-15.02518407240176D0,120.9746805783041D0,2017.47736226822D0,     0000011P   3817
-13.14147792518223D0,121.6253980615863D0,2023.250323496018D0,    0000011P   3818
-11.34403558625326D0,122.3216258260394D0,2028.998610701039D0,    0000011P   3819
-9.589186650920759D0,123.0372459341904D0,2034.700020531579D0,    0000011P   3820
-7.888800876961048D0,123.7768416115907D0,2040.360062131108D0,    0000011P   3821
-6.232569540746123D0,124.5167539439335D0,2045.995517444508D0,    0000011P   3822
-4.617418730030689D0,125.2572904477543D0,2051.597455504844D0,    0000011P   3823
-3.041981578106063D0,125.9841510603402D0,2057.165044137252D0,    0000011P   3824
-1.5051838562644D0,126.6942274606482D0,2060.871549097635D0,      0000011P   3825
-0.4986518343893409D0,127.1542662077662D0,2062.721162475869D0,   0000011P   3826
1.262184801120725D-14,127.3802867520423D0,-199.9999999999999D0,  0000011P   3827
-114.9648534856976D0,82.15112561184131D0,-183.3297433208637D0,   0000011P   3828
-117.2497980333728D0,79.89546087601782D0,-149.9923730685823D0,   0000011P   3829
-121.6998799414556D0,75.56119772709228D0,-105.5513127264458D0,   0000011P   3830
-127.2829052211366D0,70.21120019368924D0,-66.63984306330558D0,   0000011P   3831
-131.8971396014065D0,65.81044462052314D0,-33.33821336233685D0,   0000011P   3832
-135.6894620807007D0,62.2460873216789D0,5.575858228357458D0,     0000011P   3833
-139.96389668111D0,58.33583718002362D0,50.00483895734286D0,      0000011P   3834
-144.6770688740808D0,54.26796624163345D0,99.99667783455446D0,    0000011P   3835
-149.8749649696714D0,50.04134408852537D0,149.9982679958263D0,    0000011P   3836
-155.0931767820758D0,45.97131813052913D0,199.9708362233661D0,    0000011P   3837
-160.2024682442515D0,42.05718107746027D0,249.9695965303837D0,    0000011P   3838
-165.0628637195464D0,38.28267065125608D0,294.4111970358832D0,    0000011P   3839
-169.1076853300618D0,35.14284271310176D0,333.2976538207776D0,    0000011P   3840
-172.3925232822295D0,32.61192179364977D0,366.6472534552054D0,    0000011P   3841
-175.0095406046308D0,30.59877724435484D0,399.9643065475192D0,    0000011P   3842
-177.3984069392021D0,28.74458287692508D0,433.3087337083053D0,    0000011P   3843
-179.5246868749634D0,27.04456468911574D0,466.6302772551262D0,    0000011P   3844
-181.4212105007995D0,25.50709672526618D0,499.9730714670978D0,    0000011P   3845
-183.113336740836D0,24.12747269681368D0,533.3162900058175D0,     0000011P   3846
-184.6236412195137D0,22.90400809146465D0,566.6385957038616D0,    0000011P   3847
-185.9162032836361D0,21.8276751195431D0,605.5344833723141D0,     0000011P   3848
-187.1227350591441D0,20.73121539029619D0,649.9931572864616D0,    0000011P   3849
-188.0025544655528D0,19.6906127629634D0,699.9981240832703D0,     0000011P   3850
-188.3998609609617D0,18.82029521101028D0,749.9951461124178D0,    0000011P   3851
-188.2817564146417D0,18.24897314801921D0,800.0246460523883D0,    0000011P   3852
-187.6743654708009D0,17.96321899215429D0,850.0226504197526D0,    0000011P   3853
-186.6005575538731D0,17.9503068559647D0,900.0412526024577D0,     0000011P   3854
-185.0314194151154D0,18.18089921684243D0,950.0121389909956D0,    0000011P   3855
-182.9270529515818D0,18.62672518950873D0,1000.05227474517D0,     0000011P   3856
-180.3911774704063D0,19.29038066617628D0,1050.016520541229D0,    0000011P   3857
-177.5104408197302D0,20.1726929706803D0,1100.050389129465D0,     0000011P   3858
-174.2759221478123D0,21.28258832854971D0,1150.027237675889D0,    0000011P   3859
-170.6570962478268D0,22.62937612955174D0,1200.048033526781D0,    0000011P   3860
-166.6772810868688D0,24.27786242616954D0,1250.031949248552D0,    0000011P   3861
-162.329945651775D0,26.28550734770982D0,1300.052431998485D0,     0000011P   3862
-157.5955379482414D0,28.81370112365639D0,1350.009787955595D0,    0000011P   3863
-152.4082409692487D0,32.01898848774252D0,1400.050966469466D0,    0000011P   3864
-146.5884748920154D0,35.9982758953096D0,1450.024719549082D0,     0000011P   3865
-139.9220872142944D0,40.83452854128121D0,1500.045091762776D0,    0000011P   3866
-132.4094069905076D0,46.40736256220068D0,1550.015584391908D0,    0000011P   3867
-124.0193241596872D0,52.58033411233045D0,1600.045451414793D0,    0000011P   3868
-114.865537066329D0,59.1857552663168D0,1650.012529432235D0,      0000011P   3869
-105.0227007798221D0,66.04234595347916D0,1700.050202356332D0,    0000011P   3870
-94.51831855101335D0,73.16987797383032D0,1750.015922672986D0,    0000011P   3871
-83.34422195448141D0,80.57358635495582D0,1785.097206985176D0,    0000011P   3872
-75.19302192276193D0,85.93872393606659D0,1805.272714940911D0,    0000011P   3873
-70.44619533307872D0,89.06584391129894D0,1810.548153581872D0,    0000011P   3874
-69.20219309525885D0,89.88551786147629D0,1815.810159986906D0,    0000011P   3875
-67.95365601710557D0,90.70697962348629D0,1821.095041976956D0,    0000011P   3876
-66.69702296989966D0,91.53171624464358D0,1826.369189186191D0,    0000011P   3877
-65.43934631579447D0,92.35963906948007D0,1831.63438337779D0,     0000011P   3878
-64.17030609087894D0,93.18937224931226D0,1836.904536876075D0,    0000011P   3879
-62.89544904277497D0,94.02289712721598D0,1842.182107014362D0,    0000011P   3880
-61.60866243641983D0,94.85966576382594D0,1847.455472831379D0,    0000011P   3881
-60.31479422072741D0,95.70011465235533D0,1852.714913528854D0,    0000011P   3882
-59.01087245094555D0,96.5441701331619D0,1857.975489194508D0,     0000011P   3883
-57.69165397326055D0,97.38965286850592D0,1863.234286030087D0,    0000011P   3884
-56.36406530912051D0,98.24679744837452D0,1868.506397863479D0,    0000011P   3885
-55.01634549817712D0,99.08190953503478D0,1873.756413502457D0,    0000011P   3886
-53.66255273639416D0,99.92296982823997D0,1879.016816936228D0,    0000011P   3887
-52.285007948648D0,100.7705576915363D0,1884.258290966262D0,      0000011P   3888
-50.89810909346543D0,101.626043966142D0,1889.512620400499D0,     0000011P   3889
-49.48966976403281D0,102.4898625418885D0,1894.760418224894D0,    0000011P   3890
-48.06291500090135D0,103.3623875998777D0,1900.823596113334D0,    0000011P   3891
-46.39081556517193D0,104.3831539805007D0,1907.711711277799D0,    0000011P   3892
-44.46027139562513D0,105.5604346395013D0,1915.393120997321D0,    0000011P   3893
-42.27049810143312D0,106.8942538028979D0,1923.101231148795D0,    0000011P   3894
-40.05673630143076D0,108.2403505102016D0,1930.783075070044D0,    0000011P   3895
-37.83560781784475D0,109.5912002803045D0,1938.480598303694D0,    0000011P   3896
-35.61836449041913D0,110.9461565871779D0,1946.177353050169D0,    0000011P   3897
-33.41615466679616D0,112.301791246132D0,1953.866205583126D0,     0000011P   3898
-31.244673680732D0,113.6590289663733D0,1961.571864623957D0,      0000011P   3899
-29.10977149820876D0,115.0214472970726D0,1969.283697583269D0,    0000011P   3900
-27.0320047741828D0,116.4037365331524D0,1976.986901521275D0,     0000011P   3901
-25.01008644292437D0,117.8062771838375D0,1984.716413478334D0,    0000011P   3902
-23.0970117198826D0,119.3216863926871D0,1992.380125919146D0,     0000011P   3903
-21.14711078547333D0,120.7860441215591D0,1999.431166777083D0,    0000011P   3904
-19.89298552137306D0,122.8960388685194D0,2005.96395710706D0,     0000011P   3905
-17.41197205738975D0,123.3658799635528D0,2011.92937468582D0,     0000011P   3906
-15.50749251941245D0,124.0779028847482D0,2017.899427025966D0,    0000011P   3907
-13.57530237340326D0,124.7147714380938D0,2023.812362327741D0,    0000011P   3908
-11.72880396681708D0,125.3956825950171D0,2029.703251113351D0,    0000011P   3909
-9.922930658341937D0,126.0951595464589D0,2035.547499070947D0,    0000011P   3910
-8.170213012190791D0,126.8177288841536D0,2041.351720400584D0,    0000011P   3911
-6.460181685935043D0,127.5403169323086D0,2047.132165329882D0,    0000011P   3912
-4.789870104505959D0,128.2632717537231D0,2052.879627153346D0,    0000011P   3913
-3.15808196228017D0,128.972665822244D0,2058.592742473275D0,      0000011P   3914
-1.563924430079626D0,129.6655089960365D0,2062.396736282421D0,    0000011P   3915
-0.5183400440986459D0,130.1142951658096D0,2064.29510312795D0,    0000011P   3916
1.262184801120725D-14,130.3347714600887D0,-200.0000000000001D0,  0000011P   3917
-117.2278270013655D0,85.78696071816967D0,-183.3296375779349D0,   0000011P   3918
-119.6613603826921D0,83.53603628328861D0,-149.9920035943903D0,   0000011P   3919
-124.4147955301222D0,79.16981943179658D0,-105.551395357614D0,    0000011P   3920
-130.4407397615822D0,73.62569407885438D0,-66.63978023333117D0,   0000011P   3921
-135.4868668447534D0,68.9146234484533D0,-33.33797372468558D0,    0000011P   3922
-139.6575986331955D0,65.02952071812514D0,5.575745057322654D0,    0000011P   3923
-144.3576223712364D0,60.73003435271048D0,50.00494982182366D0,    0000011P   3924
-149.4974371883446D0,56.26496679310785D0,99.99680620756247D0,    0000011P   3925
-155.0581039631411D0,51.70089209153184D0,149.9976437141713D0,    0000011P   3926
-160.4852840354866D0,47.44787814258066D0,199.9711668496955D0,    0000011P   3927
-165.748161006571D0,43.46910016864425D0,249.9688984180403D0,     0000011P   3928
-170.8046914167246D0,39.71235450701479D0,294.4115006015322D0,    0000011P   3929
-175.005711895561D0,36.60973934074978D0,333.2971669142223D0,     0000011P   3930
-178.3728425677788D0,34.08946449538887D0,366.646415304276D0,     0000011P   3931
-181.0514624195472D0,32.07990107501257D0,399.9647069733185D0,    0000011P   3932
-183.5210334556535D0,30.23328717149743D0,433.3079699537373D0,    0000011P   3933
-185.7748497623006D0,28.55452788240424D0,466.6298408369225D0,    0000011P   3934
-187.8008826944584D0,27.04079785515235D0,499.9733459760624D0,    0000011P   3935
-189.5795463947736D0,25.6765407866365D0,533.3156289341796D0,     0000011P   3936
-191.0885456867258D0,24.4491927773027D0,566.6381379282877D0,     0000011P   3937
-192.3422959158432D0,23.36186436814196D0,605.5347458768954D0,    0000011P   3938
-193.5180871418658D0,22.25843274694426D0,649.9926458665611D0,    0000011P   3939
-194.4665573795704D0,21.2383227976175D0,699.9981524172098D0,     0000011P   3940
-194.9882098553449D0,20.40882804004323D0,749.9955440219735D0,    0000011P   3941
-194.9486580874608D0,19.87584899357313D0,800.0243341540277D0,    0000011P   3942
-194.325428922863D0,19.61313529721504D0,850.0235006290591D0,     0000011P   3943
-193.0925278277368D0,19.59509335864764D0,900.0406874360482D0,    0000011P   3944
-191.3687534822221D0,19.82507500128363D0,950.0135505646226D0,    0000011P   3945
-189.2621136745244D0,20.30758283182962D0,1000.05159591107D0,     0000011P   3946
-186.7290218924345D0,21.02480868821065D0,1050.017824039538D0,    0000011P   3947
-183.707450573739D0,21.95706205169842D0,1100.049790830173D0,     0000011P   3948
-180.2687248921308D0,23.14563769581924D0,1150.028326841962D0,    0000011P   3949
-176.4622687985313D0,24.63224336210224D0,1200.047345235508D0,    0000011P   3950
-172.2855057046365D0,26.5018821484221D0,1250.033614687279D0,     0000011P   3951
-167.7048916245184D0,28.83218786450398D0,1300.051652841994D0,    0000011P   3952
-162.6301278108448D0,31.74213468222243D0,1350.011238592905D0,    0000011P   3953
-156.9228250002443D0,35.34518551390704D0,1400.050361784407D0,    0000011P   3954
-150.5050883267783D0,39.71527705088609D0,1450.025686492456D0,    0000011P   3955
-143.2642613161122D0,44.91195564052406D0,1500.044482698408D0,    0000011P   3956
-135.2070205531893D0,50.72676621129192D0,1550.017054811319D0,    0000011P   3957
-126.3079029335466D0,56.93461013206625D0,1600.044794273082D0,    0000011P   3958
-116.7238695307401D0,63.47990382472415D0,1650.013686917061D0,    0000011P   3959
-106.5717953736997D0,70.2940952415936D0,1700.049544080028D0,     0000011P   3960
-95.83560809798672D0,77.3546210428856D0,1750.017399017592D0,     0000011P   3961
-84.46199308413378D0,84.62439617138858D0,1785.097132310929D0,    0000011P   3962
-76.1941748643614D0,89.87801270204326D0,1805.272730308131D0,     0000011P   3963
-71.38748151158124D0,92.94491221760299D0,1810.548097579132D0,    0000011P   3964
-70.12821445296302D0,93.74900083283717D0,1815.81034682823D0,     0000011P   3965
-68.86479548341426D0,94.55501059859307D0,1821.095478464435D0,    0000011P   3966
-67.59357679570971D0,95.36435966840224D0,1826.369035561483D0,    0000011P   3967
-66.32190312674206D0,96.17692713708358D0,1831.63467436588D0,     0000011P   3968
-65.0391264471231D0,96.99133484126364D0,1836.904663247282D0,     0000011P   3969
-63.75103210726658D0,97.80948373483298D0,1842.182452913959D0,    0000011P   3970
-62.45132956480567D0,98.63080430994442D0,1847.455520115625D0,    0000011P   3971
-61.14508041434942D0,99.45568859738167D0,1852.714784608064D0,    0000011P   3972
-59.82924707492411D0,100.2840303392194D0,1857.975818390978D0,    0000011P   3973
-58.49843964188523D0,101.1136665686481D0,1863.234194713905D0,    0000011P   3974
-57.15987251710931D0,101.9545595505447D0,1868.506821993822D0,    0000011P   3975
-55.8014052106124D0,102.7737642250331D0,1873.756110706083D0,     0000011P   3976
-54.43763850144804D0,103.5985762665953D0,1879.017129353875D0,    0000011P   3977
-53.05030242361494D0,104.42952725366D0,1884.258180799073D0,      0000011P   3978
-51.65434965310689D0,105.26792183617D0,1889.512546785061D0,      0000011P   3979
-50.23719905895798D0,106.1141495018702D0,1894.760455480325D0,    0000011P   3980
-48.8022313664016D0,106.9685414185222D0,1900.823646085001D0,     0000011P   3981
-47.12125698059633D0,107.9676336016574D0,1907.711305486557D0,    0000011P   3982
-45.18151866495254D0,109.1192173091602D0,1915.392063371975D0,    0000011P   3983
-42.98238017630418D0,110.4231280146021D0,1923.099563730133D0,    0000011P   3984
-40.75960539826761D0,111.7383707486026D0,1930.781187608401D0,    0000011P   3985
-38.52967858022379D0,113.0577082432126D0,1938.478097671716D0,    0000011P   3986
-36.3035222039824D0,114.380621232633D0,1946.174454105243D0,      0000011P   3987
-34.09195156310482D0,115.7038734818054D0,1953.86266643878D0,     0000011P   3988
-31.91049132962756D0,117.0284804189123D0,1961.568145175074D0,    0000011P   3989
-29.76446918753543D0,118.3580486174087D0,1969.279002380474D0,    0000011P   3990
-27.67444474867943D0,119.7070389593437D0,1976.983392737068D0,    0000011P   3991
-25.63835377134279D0,121.0759353281807D0,1984.707957870927D0,    0000011P   3992
-23.71035294788689D0,122.5553131946512D0,1992.392185909852D0,    0000011P   3993
-21.73883875581718D0,123.9851768603806D0,1999.378664719415D0,    0000011P   3994
-20.47876305267329D0,126.0461232009661D0,2006.114390688726D0,    0000011P   3995
-17.93971248125639D0,126.5054934427624D0,2012.209210287998D0,    0000011P   3996
-15.99119641920392D0,127.2016927289408D0,2018.324841479596D0,    0000011P   3997
-14.01022353291042D0,127.8247738191274D0,2024.379201193071D0,    0000011P   3998
-12.11444362497558D0,128.4911313528735D0,2030.414290760341D0,    0000011P   3999
-10.25737790249054D0,129.1758507191597D0,2036.403117097543D0,    0000011P   4000
-8.452201821125824D0,129.8833229455288D0,2042.353391649448D0,    0000011P   4001
-6.688269504673201D0,130.5909806643285D0,2048.280825114538D0,    0000011P   4002
-4.962705800261443D0,131.2991335542474D0,2054.17592723689D0,     0000011P   4003
-3.274469048373453D0,131.9941476953179D0,2060.036795584096D0,    0000011P   4004
-1.622831904381925D0,132.6730721945394D0,2063.939830463254D0,    0000011P   4005
-0.5380898886402149D0,133.112914824901D0,2065.887742583414D0,    0000011P   4006
1.262184801120725D-14,133.3290130672467D0,-199.9999999999999D0,  0000011P   4007
-119.4074527825054D0,89.55182795800864D0,-183.329531835006D0,    0000011P   4008
-121.9393443400208D0,87.32306578691421D0,-149.9916341201981D0,   0000011P   4009
-126.9107263363356D0,82.96018373893863D0,-105.5514779887821D0,   0000011P   4010
-133.3081701198896D0,77.30017497185D0,-66.63971740335643D0,      0000011P   4011
-138.756364064896D0,72.39190290025346D0,-33.33773408703394D0,    0000011P   4012
-143.3000332068021D0,68.28363689367171D0,5.575631886288242D0,    0000011P   4013
-148.4400063213515D0,63.67445473909729D0,50.00506068630455D0,    0000011P   4014
-154.0486616520462D0,58.80392030000733D0,99.99693458057037D0,    0000011P   4015
-160.0681119909449D0,53.82342694284554D0,149.9970194325167D0,    0000011P   4016
-165.8625081746809D0,49.30311985126437D0,199.9714974760252D0,    0000011P   4017
-171.381654447587D0,45.16116410270043D0,249.9682003056959D0,     0000011P   4018
-176.5639527161513D0,41.30051161432335D0,294.4118041671806D0,    0000011P   4019
-180.8554522110738D0,38.15928561455445D0,333.2966800076696D0,    0000011P   4020
-184.3544879951238D0,35.64525425945413D0,366.6455771533506D0,    0000011P   4021
-187.1537938855255D0,33.65489975536293D0,399.9651073991191D0,    0000011P   4022
-189.7230696678924D0,31.82792966521394D0,433.3072061991603D0,    0000011P   4023
-192.0269436361962D0,30.15604956414394D0,466.6294044187037D0,    0000011P   4024
-194.0873315600283D0,28.64524241224687D0,499.9736204850219D0,    0000011P   4025
-195.918197333186D0,27.28902908088672D0,533.3149678625742D0,     0000011P   4026
-197.5305717258918D0,26.08381930522819D0,566.6376801527679D0,    0000011P   4027
-198.9038198167587D0,25.02434008076245D0,605.5350083814873D0,    0000011P   4028
-200.1969050763765D0,23.95036690222849D0,649.992134446452D0,     0000011P   4029
-201.1894927216976D0,22.94571590096899D0,699.9981807510065D0,    0000011P   4030
-201.663275713956D0,22.11452968607975D0,749.9959419323062D0,     0000011P   4031
-201.5019919553956D0,21.56659449794547D0,800.0240222561976D0,    0000011P   4032
-200.7756203062841D0,21.29857496247831D0,850.0243508354599D0,    0000011P   4033
-199.550660575047D0,21.30782266237127D0,900.0401222676554D0,     0000011P   4034
-197.8389847786217D0,21.58101640690422D0,950.0149621491247D0,    0000011P   4035
-195.6409101101222D0,22.10588720327872D0,1000.050917084397D0,    0000011P   4036
-192.9706980552751D0,22.88750879526561D0,1050.019127497141D0,    0000011P   4037
-189.8238264705178D0,23.92913991980959D0,1100.049192503079D0,    0000011P   4038
-186.2399685261309D0,25.27750555608179D0,1150.02941616043D0,     0000011P   4039
-182.2360084356767D0,26.97954706574189D0,1200.046657048327D0,    0000011P   4040
-177.7958990834569D0,29.12723333051919D0,1250.035279555427D0,    0000011P   4041
-172.8716210574052D0,31.80497960249936D0,1300.050873295768D0,    0000011P   4042
-167.3757734150886D0,35.11324067247018D0,1350.01269136654D0,     0000011P   4043
-161.1715479321042D0,39.14638503499428D0,1400.0497585586D0,      0000011P   4044
-154.1916591187321D0,43.86489847551197D0,1450.02664543836D0,     0000011P   4045
-146.3333808932683D0,49.21399899835048D0,1500.043868171214D0,    0000011P   4046
-137.7094803191333D0,55.08336536851724D0,1550.018555163159D0,    0000011P   4047
-128.4003825877059D0,61.3465624827468D0,1600.044157577031D0,     0000011P   4048
-118.5060342931769D0,67.91533381148535D0,1650.014732389018D0,    0000011P   4049
-108.0846834770718D0,74.68838298208847D0,1700.04880929547D0,     0000011P   4050
-97.1194419209795D0,81.64341986114206D0,1750.019294625264D0,     0000011P   4051
-85.55476391699679D0,88.74385220168887D0,1785.097383697502D0,    0000011P   4052
-77.17661062956746D0,93.86394234670703D0,1805.272634629117D0,    0000011P   4053
-72.31260909543499D0,96.85909248619946D0,1810.547801927509D0,    0000011P   4054
-71.03869501515152D0,97.64463902396169D0,1815.810155809585D0,    0000011P   4055
-69.76096285459261D0,98.4322962963426D0,1821.095394032348D0,     0000011P   4056
-68.47567989414711D0,99.22341356487655D0,1826.368217869024D0,    0000011P   4057
-67.19048501156719D0,100.0178376764552D0,1831.634162809377D0,    0000011P   4058
-65.8944038781075D0,100.814188154801D0,1836.903858028319D0,      0000011P   4059
-64.59346221309369D0,101.614285566405D0,1842.181752369004D0,     0000011P   4060
-63.28119343297503D0,102.4175388367239D0,1847.454425052056D0,    0000011P   4061
-61.96287454417575D0,103.2242955358979D0,1852.713441147243D0,    0000011P   4062
-60.63540409562071D0,104.0344168095043D0,1857.974889326171D0,    0000011P   4063
-59.29324719795462D0,104.8457560634498D0,1863.232834646103D0,    0000011P   4064
-57.94390789960257D0,105.6680032392866D0,1868.506004873026D0,    0000011P   4065
-56.57486794706504D0,106.4689625567816D0,1873.754636909801D0,    0000011P   4066
-55.20127246860544D0,107.2752446669312D0,1879.016388533525D0,    0000011P   4067
-53.80426237346487D0,108.0873333648323D0,1884.2571874264D0,      0000011P   4068
-52.39934682122426D0,108.9064671109383D0,1889.511817027186D0,    0000011P   4069
-50.9735517228855D0,109.7329909926933D0,1894.76012544682D0,      0000011P   4070
-49.5304152544842D0,110.5671931663043D0,1900.823740046419D0,     0000011P   4071
-47.84059289646996D0,111.5422963428259D0,1907.711526675155D0,    0000011P   4072
-45.89166009272019D0,112.6656452227644D0,1915.392383813869D0,    0000011P   4073
-43.68312816547165D0,113.9369145110265D0,1923.100067761927D0,    0000011P   4074
-41.45129775362581D0,115.2186653627844D0,1930.782251204411D0,    0000011P   4075
-39.21252898331494D0,116.5039343090943D0,1938.479257856736D0,    0000011P   4076
-36.97742842801136D0,117.7923159302329D0,1946.175799816974D0,    0000011P   4077
-34.75649177679257D0,119.0807525266191D0,1953.863773799232D0,    0000011P   4078
-32.56508648957241D0,120.3703368312576D0,1961.569236015775D0,    0000011P   4079
-30.40803141793539D0,121.6646910277341D0,1969.278987116866D0,    0000011P   4080
-28.30590258022417D0,122.9780331710703D0,1976.984083334628D0,    0000011P   4081
-26.25587200833195D0,124.3109371048144D0,1984.702814809015D0,    0000011P   4082
-24.31327132112935D0,125.7519232127165D0,1992.406209259097D0,    0000011P   4083
-22.32057674280846D0,127.1449067220155D0,1999.326395761775D0,    0000011P   4084
-21.05506288994034D0,129.1545578288051D0,2006.263028523361D0,    0000011P   4085
-18.45854816260001D0,129.6013489047537D0,2012.485062414876D0,    0000011P   4086
-16.46659660457216D0,130.279769764088D0,2018.743766043068D0,     0000011P   4087
-14.43751585595729D0,130.8870839482958D0,2024.936740201954D0,    0000011P   4088
-12.49319954412432D0,131.5368873858604D0,2031.112932168327D0,    0000011P   4089
-10.58575309419199D0,132.2048312846109D0,2037.242965221469D0,    0000011P   4090
-8.728993222912857D0,132.8951747287071D0,2043.335663186028D0,    0000011P   4091
-6.912093889923543D0,133.5858602794455D0,2049.40621236651D0,     0000011P   4092
-5.132267734174804D0,134.2771628522124D0,2055.444854091722D0,    0000011P   4093
-3.388624111880288D0,134.9557457540346D0,2061.449162029714D0,    0000011P   4094
-1.680597532587914D0,135.6187009615541D0,2065.448230617686D0,    0000011P   4095
-0.5574545426515234D0,136.0482358514005D0,2067.444153920186D0,   0000011P   4096
1.262184801120725D-14,136.2592752639749D0,-200.0D0,              0000011P   4097
-121.4546031263241D0,93.35004872852502D0,-183.3294260920771D0,   0000011P   4098
-124.0649499499034D0,91.16806015175629D0,-149.991264646006D0,    0000011P   4099
-129.2169129391602D0,86.85778775666013D0,-105.5515606199503D0,   0000011P   4100
-135.9368492835399D0,81.16755660457272D0,-66.63965457338203D0,   0000011P   4101
-141.7406723222605D0,76.16605904125407D0,-33.3374944493827D0,    0000011P   4102
-146.6207200793402D0,71.92385128265332D0,5.575518715253422D0,    0000011P   4103
-152.1684179948746D0,67.08604395812097D0,50.0051715507853D0,     0000011P   4104
-158.2334981047904D0,61.83667269706294D0,99.99706295357835D0,    0000011P   4105
-164.7141986666751D0,56.4027718951598D0,149.9963951508619D0,     0000011P   4106
-170.8781659738036D0,51.53348594002411D0,199.9718281023546D0,    0000011P   4107
-176.7033235774469D0,47.1437293786208D0,249.9675021933519D0,     0000011P   4108
-182.1558974759381D0,43.13326881211491D0,294.4121077328291D0,    0000011P   4109
-186.6506401673844D0,39.92016454637988D0,333.2961931011156D0,    0000011P   4110
-190.2962760399976D0,37.36920484028626D0,366.6447390024231D0,    0000011P   4111
-193.2066019886999D0,35.36184737556776D0,399.965507824919D0,     0000011P   4112
-195.8788227253887D0,33.52948213441108D0,433.3064424445882D0,    0000011P   4113
-198.2839252331738D0,31.86094913333472D0,466.628968000493D0,     0000011P   4114
-200.4301717493348D0,30.35655492433907D0,499.973894993984D0,     0000011P   4115
-202.3176502046841D0,29.00447290354161D0,533.3143067909509D0,    0000011P   4116
-203.9434817811916D0,27.79571458543068D0,566.6372223772183D0,    0000011P   4117
-205.3087098116094D0,26.73030246487373D0,605.5352708860736D0,    0000011P   4118
-206.5923705393485D0,25.65282685164752D0,649.9916230264572D0,    0000011P   4119
-207.6096520176531D0,24.65782272537434D0,699.9982090848813D0,    0000011P   4120
-208.1413346908225D0,23.85274605576911D0,749.9963398422146D0,    0000011P   4121
-208.0502528145594D0,23.34337982222984D0,800.0237103580773D0,    0000011P   4122
-207.3499139340192D0,23.11633739452528D0,850.0252010434454D0,    0000011P   4123
-206.0501264460563D0,23.15889492940304D0,900.0395571003442D0,    0000011P   4124
-204.22621326947D0,23.48166053992583D0,950.016373727693D0,       0000011P   4125
-201.9417823093245D0,24.09631917999934D0,1000.050238253672D0,    0000011P   4126
-199.1603248433568D0,24.99814749113048D0,1050.020430976954D0,    0000011P   4127
-195.8257168635598D0,26.18046912078475D0,1100.048594191153D0,    0000011P   4128
-192.0004972742044D0,27.70886719133517D0,1150.030505395749D0,    0000011P   4129
-187.7239000397534D0,29.64897332168799D0,1200.045968804351D0,    0000011P   4130
-182.9653482080249D0,32.09775771547797D0,1250.036944734887D0,    0000011P   4131
-177.6613759001822D0,35.14441035474458D0,1300.050093962185D0,    0000011P   4132
-171.714847310362D0,38.82606444719681D0,1350.014142974575D0,     0000011P   4133
-164.9778861366322D0,43.17296871328194D0,1400.049154536611D0,    0000011P   4134
-157.4561454966174D0,48.14210475346786D0,1450.02760874776D0,     0000011P   4135
-149.1194691928254D0,53.67499681829816D0,1500.04325662459D0,     0000011P   4136
-140.0749288443714D0,59.64864117800465D0,1550.020039183582D0,    0000011P   4137
-130.3963493167902D0,65.92388393315946D0,1600.043509725634D0,    0000011P   4138
-120.182194495064D0,72.41152385077847D0,1650.015838976261D0,     0000011P   4139
-109.4878425818502D0,79.00948252140978D0,1700.048116254543D0,    0000011P   4140
-98.30647342067536D0,85.78470982040196D0,1750.020961479021D0,    0000011P   4141
-86.59123893564515D0,92.79060532448915D0,1785.097457182191D0,    0000011P   4142
-78.12975885622436D0,97.84393008512278D0,1805.272599537982D0,    0000011P   4143
-73.21690621860297D0,100.7814348524442D0,1810.547637030593D0,    0000011P   4144
-71.93023173846321D0,101.5510328929348D0,1815.81017095493D0,     0000011P   4145
-70.63977886059746D0,102.321958221962D0,1821.095593818927D0,     0000011P   4146
-69.34175936986324D0,103.0956105624772D0,1826.367762498241D0,    0000011P   4147
-68.0441357017267D0,103.8719238668587D0,1831.634089128834D0,     0000011P   4148
-66.73563664494009D0,104.6496346993395D0,1836.903561093808D0,    0000011P   4149
-65.42255770459548D0,105.4306025924251D0,1842.181622774143D0,    0000011P   4150
-64.09828567281285D0,106.2143342582906D0,1847.453953264314D0,    0000011P   4151
-62.76834238468622D0,107.0012521598466D0,1852.71276035101D0,     0000011P   4152
-61.42959193589363D0,107.7913041995873D0,1857.974646780679D0,    0000011P   4153
-60.07638386922358D0,108.5824795095499D0,1863.232166821247D0,    0000011P   4154
-58.71654129650437D0,109.3843150613762D0,1868.505864990652D0,    0000011P   4155
-57.33719761757548D0,110.16548370789D0,1873.753802022202D0,      0000011P   4156
-55.95407172676477D0,110.9520304300168D0,1879.016222369839D0,    0000011P   4157
-54.54774482541038D0,111.7445105929355D0,1884.256675939036D0,    0000011P   4158
-53.13431197353494D0,112.5442158210245D0,1889.511445266862D0,    0000011P   4159
-51.70043554096273D0,113.3515661548414D0,1894.759995809649D0,    0000011P   4160
-50.24984057138624D0,114.1669260924527D0,1900.82381000661D0,     0000011P   4161
-48.55219645501802D0,115.1206834934458D0,1907.711405777591D0,    0000011P   4162
-46.59556932139992D0,116.2205152089498D0,1915.391952369175D0,    0000011P   4163
-44.37968511322531D0,117.4663248644863D0,1923.099387029706D0,    0000011P   4164
-42.14111735666934D0,118.7232783586845D0,1930.781704675307D0,    0000011P   4165
-39.89601761594533D0,119.9842989057758D0,1938.478420665195D0,    0000011P   4166
-37.65459211751799D0,121.2487078162829D0,1946.174829603675D0,    0000011P   4167
-35.42693250731072D0,122.5132388102727D0,1953.862345982488D0,    0000011P   4168
-33.22816459444448D0,123.7786748097416D0,1961.567702316744D0,    0000011P   4169
-31.06251395943321D0,125.0482664925767D0,1969.276418433942D0,    0000011P   4170
-28.95048858844099D0,126.3356019709421D0,1976.982482709569D0,    0000011P   4171
-26.88841234830076D0,127.6409579326413D0,1984.695864390786D0,    0000011P   4172
-24.93270734572215D0,129.0504125586127D0,1992.419161381256D0,    0000011P   4173
-22.91984511291362D0,130.4114048858795D0,1999.273999622544D0,    0000011P   4174
-21.64930582480463D0,132.3721052086482D0,2006.412646134649D0,    0000011P   4175
-18.9952123736761D0,132.8063920877468D0,2012.763087963751D0,     0000011P   4176
-16.95934757350757D0,133.4655398364556D0,2019.166231552314D0,    0000011P   4177
-14.8813309513748D0,134.0541337344843D0,2025.499353300934D0,     0000011P   4178
-12.88732275148043D0,134.6830754912886D0,2031.818338173393D0,    0000011P   4179
-10.92803540903521D0,135.3286866255868D0,2038.091417554228D0,    0000011P   4180
-9.017949693938197D0,135.9951987701957D0,2044.328519390078D0,    0000011P   4181
-7.146082193735303D0,136.6611689074012D0,2050.544297333584D0,    0000011P   4182
-5.309756131263715D0,137.326941681328D0,2056.728716040398D0,     0000011P   4183
-3.508254670532274D0,137.9795821180371D0,2062.878817021135D0,    0000011P   4184
-1.741196967328565D0,138.6163295558537D0,2066.975560162785D0,    0000011P   4185
-0.5777799251134078D0,139.0283158797871D0,2069.020331662965D0,   0000011P   4186
1.262184801120724D-14,139.2305896718822D0,-200.0D0,              0000011P   4187
-123.440186009503D0,97.26633617436063D0,-183.3293203491483D0,    0000011P   4188
-126.0875005471726D0,95.09312971513107D0,-149.9908951718138D0,   0000011P   4189
-131.3492355218546D0,90.78332307274945D0,-105.5516432511183D0,   0000011P   4190
-138.3180029644985D0,85.07425029770553D0,-66.63959174340721D0,   0000011P   4191
-144.4196145438314D0,80.06116493307087D0,-33.33725481173095D0,   0000011P   4192
-149.6026895984501D0,75.78684166298902D0,5.57540554421912D0,     0000011P   4193
-155.551789312188D0,70.85614393850662D0,50.00528241526632D0,     0000011P   4194
-162.1321799601435D0,65.37830606900505D0,99.99719132658629D0,    0000011P   4195
-169.1717329994946D0,59.59190200307842D0,149.9957708692071D0,    0000011P   4196
-175.7762658668594D0,54.34444230953935D0,199.9721587286841D0,    0000011P   4197
-181.9657160082724D0,49.62298492220987D0,249.9668040810077D0,    0000011P   4198
-187.7480504070495D0,45.3994246436124D0,294.4124112984777D0,     0000011P   4199
-192.4773625938575D0,42.06332402144658D0,333.2957061945622D0,    0000011P   4200
-196.2648929355338D0,39.42485337019234D0,366.6439008514967D0,    0000011P   4201
-199.2618625745729D0,37.35489216496039D0,399.9659082507193D0,    0000011P   4202
-201.9939542294697D0,35.47102643799946D0,433.305678690014D0,     0000011P   4203
-204.4401759833052D0,33.76096983723907D0,466.6285315822788D0,    0000011P   4204
-206.6239330628015D0,32.22700061295013D0,499.9741695029451D0,    0000011P   4205
-208.560143431282D0,30.8595736536068D0,533.3136457193357D0,      0000011P   4206
-210.2606004045522D0,29.65189545207731D0,566.6367646016822D0,    0000011P   4207
-211.7044070641916D0,28.59653585489343D0,605.5355333906622D0,    0000011P   4208
-213.0586528334124D0,27.53264582874237D0,649.9911116064104D0,    0000011P   4209
-214.089831556703D0,26.54348564931943D0,699.9982374187208D0,     0000011P   4210
-214.6067100927912D0,25.75267207275095D0,749.9967377523158D0,    0000011P   4211
-214.5298377147933D0,25.28634416331845D0,800.0233984600892D0,    0000011P   4212
-213.8387495380555D0,25.12335325995849D0,850.026051250714D0,     0000011P   4213
-212.5091390163237D0,25.24320933999747D0,900.0389919325435D0,    0000011P   4214
-210.5836342834437D0,25.64823807347603D0,950.0177853089482D0,    0000011P   4215
-208.0926340090823D0,26.34172178846909D0,1000.049559424782D0,    0000011P   4216
-205.0869917619896D0,27.3611180998838D0,1050.021734446712D0,     0000011P   4217
-201.5978684467457D0,28.74203279382745D0,1100.04799587236D0,     0000011P   4218
-197.611960966941D0,30.53667727206656D0,1150.031594668714D0,     0000011P   4219
-193.091591358894D0,32.79688945776778D0,1200.045280586089D0,     0000011P   4220
-187.9869837309566D0,35.58267218462212D0,1250.038609773405D0,    0000011P   4221
-182.2145299198895D0,38.94572654195901D0,1300.04931453233D0,     0000011P   4222
-175.7395325880416D0,42.90722052320905D0,1350.015595110323D0,    0000011P   4223
-168.4757044196939D0,47.48098352732849D0,1400.048550875085D0,    0000011P   4224
-160.4582486801544D0,52.62609430923734D0,1450.028570081637D0,    0000011P   4225
-151.6859362648019D0,58.28612405461689D0,1500.042643728546D0,    0000011P   4226
-142.253126120565D0,64.28800651207941D0,1550.021530597868D0,     0000011P   4227
-132.2199455372079D0,70.44240721340222D0,1600.042866924693D0,    0000011P   4228
-121.7131254222552D0,76.78047915655722D0,1650.016917894255D0,    0000011P   4229
-110.8150251612475D0,83.3213021196903D0,1700.047404314663D0,     0000011P   4230
-99.47471568491714D0,90.02336490263534D0,1750.022731898507D0,    0000011P   4231
-87.59954963504075D0,96.83134452768478D0,1785.097611209932D0,    0000011P   4232
-79.03821355726839D0,101.7277579964848D0,1805.272537016376D0,    0000011P   4233
-74.07556380122659D0,104.5915681808076D0,1810.547412935974D0,    0000011P   4234
-72.7762694449234D0,105.3426430791081D0,1815.810092761879D0,     0000011P   4235
-71.47358488811523D0,106.0957156126156D0,1821.095664928744D0,    0000011P   4236
-70.16362717799416D0,106.8520700759674D0,1826.367143090449D0,    0000011P   4237
-68.85464306560641D0,107.6115616372977D0,1831.63381720494D0,     0000011P   4238
-67.53502521506759D0,108.3728780116182D0,1836.903034039304D0,    0000011P   4239
-66.2112996751023D0,109.1377518077181D0,1842.181234688135D0,     0000011P   4240
-64.87666737136708D0,109.9056216347593D0,1847.453199295544D0,    0000011P   4241
-63.53685572549169D0,110.6768189586917D0,1852.711779540936D0,    0000011P   4242
-62.18865513777329D0,111.4512125491954D0,1857.974093421391D0,    0000011P   4243
-60.82626034101016D0,112.2267613747065D0,1863.231185591286D0,    0000011P   4244
-59.45777426829969D0,113.0126835472253D0,1868.505418496301D0,    0000011P   4245
-58.06994273068633D0,113.7783546629015D0,1873.752677875978D0,    0000011P   4246
-56.67901914642835D0,114.5490881428581D0,1879.015796036897D0,    0000011P   4247
-55.26498576682685D0,115.325345032625D0,1884.25594628359D0,      0000011P   4248
-53.8444843102121D0,116.1083042307743D0,1889.510911427227D0,     0000011P   4249
-52.40377436309673D0,116.8982948412458D0,1894.759775445324D0,    0000011P   4250
-50.94672859469604D0,117.6955918142344D0,1900.823890833085D0,    0000011P   4251
-49.24210556923332D0,118.6275160536658D0,1907.71143975564D0,     0000011P   4252
-47.27822392433104D0,119.701057530837D0,1915.391861332568D0,     0000011P   4253
-45.05489881127073D0,120.9158621195536D0,1923.099242685895D0,    0000011P   4254
-42.80903299800465D0,122.1405505787443D0,1930.781887112005D0,    0000011P   4255
-40.55667844668695D0,123.368451243766D0,1938.478487763136D0,     0000011P   4256
-38.30774999663458D0,124.5991305933373D0,1946.174907899048D0,    0000011P   4257
-36.07204421047668D0,125.829632205123D0,1953.862065938336D0,     0000011P   4258
-33.86455420640108D0,127.0609476280619D0,1961.567356848174D0,    0000011P   4259
-31.68902125371107D0,128.296474472292D0,1969.27500578252D0,      0000011P   4260
-29.56599426625192D0,129.5496893450704D0,1976.981919409445D0,    0000011P   4261
-27.49105790565616D0,130.8210902164056D0,1984.689732232537D0,    0000011P   4262
-25.52183372633225D0,132.1948315023749D0,1992.432598489273D0,    0000011P   4263
-23.48889752836483D0,133.5223944877354D0,1999.221661063328D0,    0000011P   4264
-22.21399170060854D0,135.4358338607367D0,2006.561820163221D0,    0000011P   4265
-19.50347737944176D0,135.8620410217329D0,2013.04012952058D0,     0000011P   4266
-17.42516921174496D0,136.5081150720044D0,2019.587093938704D0,    0000011P   4267
-15.3000690384038D0,137.0862045980559D0,2026.059669163435D0,     0000011P   4268
-13.25857430952075D0,137.7043771512198D0,2032.520681584203D0,    0000011P   4269
-11.24997505946472D0,138.3394846220073D0,2038.93597442947D0,     0000011P   4270
-9.289386700347391D0,138.9955912527968D0,2045.316583506527D0,    0000011P   4271
-7.365639036690065D0,139.6517285077674D0,2051.676633554816D0,    0000011P   4272
-5.476136464282488D0,140.3081708206861D0,2058.005816295499D0,    0000011P   4273
-3.620306543994821D0,140.9522449975529D0,2064.30064482042D0,     0000011P   4274
-1.797923666920439D0,141.5811977992799D0,2068.494319641931D0,    0000011P   4275
-0.5968013126043438D0,141.9885089725404D0,2070.587560390633D0,   0000011P   4276
1.262184801120726D-14,142.1885800268013D0,-199.9999999999999D0,  0000011P   4277
-125.2945492979533D0,101.1135157520509D0,-183.3292146062194D0,   0000011P   4278
-128.0087342400954D0,99.03136907537565D0,-149.9905256976218D0,   0000011P   4279
-133.4223711222299D0,94.86750226735305D0,-105.5517258822866D0,   0000011P   4280
-140.6328920901925D0,89.25031915712239D0,-66.63952891343303D0,   0000011P   4281
-146.9681907519365D0,84.23819491030642D0,-33.33701517407999D0,   0000011P   4282
-152.3757314393263D0,79.91703294399628D0,5.575292373184036D0,    0000011P   4283
-158.6258300294219D0,74.88434079024583D0,50.00539327974695D0,    0000011P   4284
-165.6212108926377D0,69.23324350149585D0,99.99731969959431D0,    0000011P   4285
-173.1734943031409D0,63.18778780939888D0,149.9951465875523D0,    0000011P   4286
-180.2864545261414D0,57.62964978251537D0,199.9724893550136D0,    0000011P   4287
-186.9060584264572D0,52.5835461050217D0,249.9661059686646D0,     0000011P   4288
-192.966246399147D0,48.05915859576497D0,294.4127148641268D0,     0000011P   4289
-197.8802312413509D0,44.50977647196493D0,333.2952192880067D0,    0000011P   4290
-201.8365647257024D0,41.74806173769689D0,366.6430627005667D0,    0000011P   4291
-204.9817082359745D0,39.60717895559641D0,399.9663086765184D0,    0000011P   4292
-207.8638393999571D0,37.67848852373322D0,433.3049149354475D0,    0000011P   4293
-210.4601582754386D0,35.94127260172714D0,466.6280951640775D0,    0000011P   4294
-212.7761359375349D0,34.3896724857097D0,499.9744440119103D0,     0000011P   4295
-214.8085506560398D0,33.00634934465759D0,533.3129846476917D0,    0000011P   4296
-216.5510371981276D0,31.77667203598322D0,566.6363068260985D0,    0000011P   4297
-218.0093403435177D0,30.70156029354765D0,605.5357958952417D0,    0000011P   4298
-219.3791338589334D0,29.62700575662162D0,649.9906001865491D0,    0000011P   4299
-220.469917983685D0,28.65716939486151D0,699.9982657526866D0,     0000011P   4300
-221.0307883344468D0,27.90565761110987D0,749.9971356617255D0,    0000011P   4301
-220.8952801089197D0,27.47162646524441D0,800.0230865616285D0,    0000011P   4302
-220.0959224197878D0,27.35124470152723D0,850.0269014605631D0,    0000011P   4303
-218.6613193088206D0,27.54135197483926D0,900.0384267665052D0,    0000011P   4304
-216.6559537939392D0,28.06575350209813D0,950.019196880546D0,     0000011P   4305
-214.1318311681295D0,28.94920315853824D0,1000.048880589295D0,    0000011P   4306
-211.0497553911175D0,30.19701134922062D0,1050.023037952618D0,    0000011P   4307
-207.3497727316294D0,31.81227259645034D0,1100.047397578258D0,    0000011P   4308
-203.0449579401729D0,33.84666785790301D0,1150.032683806346D0,    0000011P   4309
-198.1235783518223D0,36.35113473526343D0,1200.044592275389D0,    0000011P   4310
-192.5847453263708D0,39.40922924335293D0,1250.04027531862D0,     0000011P   4311
-186.3933112690046D0,43.09608589288069D0,1300.048535448577D0,    0000011P   4312
-179.4828570804259D0,47.34935784544205D0,1350.017045348926D0,    0000011P   4313
-171.7339467226771D0,52.09855109929245D0,1400.047945917683D0,    0000011P   4314
-163.2355533651623D0,57.31853496850562D0,1450.029538517596D0,    0000011P   4315
-154.0396772310643D0,62.96880111795396D0,1500.042035683717D0,    0000011P   4316
-144.2520522413017D0,68.92278791450944D0,1550.022995430928D0,    0000011P   4317
-133.9432733091646D0,75.03812218997588D0,1600.042205967166D0,    0000011P   4318
-123.213235257891D0,81.3135555178982D0,1650.018096284282D0,      0000011P   4319
-112.1158471834788D0,87.73580652396694D0,1700.046760317258D0,    0000011P   4320
-100.6062967761395D0,94.29261814751823D0,1750.024129995156D0,    0000011P   4321
-88.59658543318564D0,100.9583485037848D0,1785.097475682261D0,    0000011P   4322
-79.95509373275236D0,105.7456015234475D0,1805.27257310839D0,     0000011P   4323
-74.94719069378746D0,108.5401235475761D0,1810.547401659413D0,    0000011P   4324
-73.63615232323599D0,109.2727738344142D0,1815.810350124011D0,    0000011P   4325
-72.32182720632547D0,110.0071360772485D0,1821.096198636549D0,    0000011P   4326
-71.00026454110487D0,110.7444761676435D0,1826.367113402116D0,    0000011P   4327
-69.68002228272272D0,111.484667514731D0,1831.634257973634D0,     0000011P   4328
-68.3491838591804D0,112.2264460095433D0,1836.903334275164D0,     0000011P   4329
-67.01453275135727D0,112.9715143623948D0,1842.181775887902D0,    0000011P   4330
-65.66911090696877D0,113.7193401046761D0,1847.453459778591D0,    0000011P   4331
-64.31887822270275D0,114.470260730618D0,1852.711877292334D0,     0000011P   4332
-62.96057829199777D0,115.2241629023282D0,1857.974657449837D0,    0000011P   4333
-61.58827792618421D0,115.9790724498836D0,1863.231331064917D0,    0000011P   4334
-60.21038676815086D0,116.7439856508847D0,1868.506074283985D0,    0000011P   4335
-58.81328992866948D0,117.4890778700485D0,1873.752593625807D0,    0000011P   4336
-57.41380223845101D0,118.2390279939375D0,1879.016305022591D0,    0000011P   4337
-55.99133388728185D0,118.9942997736744D0,1884.256000950919D0,    0000011P   4338
-54.56310014032226D0,119.7560564072664D0,1889.510960269048D0,    0000011P   4339
-53.1149846892955D0,120.5246330872775D0,1894.75988124867D0,      0000011P   4340
-51.65103471746198D0,121.3003122412725D0,1900.823932594852D0,    0000011P   4341
-49.93907644017301D0,122.2069797260699D0,1907.710916949818D0,    0000011P   4342
-47.96781551469243D0,123.2514686206702D0,1915.390546515603D0,    0000011P   4343
-45.73722544403951D0,124.4334944233145D0,1923.097170004818D0,    0000011P   4344
-43.48449551048707D0,125.6252804392668D0,1930.779448888198D0,    0000011P   4345
-41.22552042339979D0,126.8203774154953D0,1938.4753039051D0,      0000011P   4346
-38.96986598421648D0,128.0184142894001D0,1946.171216764827D0,    0000011P   4347
-36.72697602154157D0,129.2165617867299D0,1953.857659606922D0,    0000011P   4348
-34.51165331189954D0,130.4158373738512D0,1961.56273964472D0,     0000011P   4349
-32.32709716265254D0,131.6196028836388D0,1969.269437152727D0,    0000011P   4350
-30.19383976459673D0,132.8410407089284D0,1976.977626885691D0,    0000011P   4351
-28.10666892343384D0,134.0806873924193D0,1984.680658397722D0,    0000011P   4352
-26.12434799054077D0,135.4205908758132D0,1992.444292054203D0,    0000011P   4353
-24.07149938314803D0,136.7160919820871D0,1999.169115501707D0,    0000011P   4354
-22.79208159690844D0,138.5828973185431D0,2006.712588888975D0,    0000011P   4355
-20.02472708486147D0,139.0009390821367D0,2013.320708567223D0,    0000011P   4356
-17.903379455828D0,139.6333798864934D0,2020.013719614333D0,      0000011P   4357
-15.73040226924529D0,140.1999735548514D0,2026.628243680746D0,    0000011P   4358
-13.64044574245924D0,140.8060027981911D0,2033.234035140898D0,    0000011P   4359
-11.58139307034053D0,141.4288991965877D0,2039.794535626529D0,    0000011P   4360
-9.569009868557044D0,142.0726089197525D0,2046.321875364939D0,    0000011P   4361
-7.591954719949137D0,142.7166872315291D0,2052.829636741725D0,    0000011P   4362
-5.647728754602711D0,143.3613876730984D0,2059.307225102914D0,    0000011P   4363
-3.735919491592856D0,143.9943481481702D0,2065.750611680935D0,    0000011P   4364
-1.856472118662349D0,144.6128721580148D0,2070.043888842673D0,    0000011P   4365
-0.616436319271098D0,145.0137271460282D0,2072.18696117691D0,     0000011P   4366
1.262184801120725D-14,145.2107069321181D0,-199.9999999999999D0,  0000011P   4367
-127.1218837171743D0,105.0944668572008D0,-183.3291088632905D0,   0000011P   4368
-129.8544198068816D0,103.0265571622748D0,-149.9901562234297D0,   0000011P   4369
-135.3332443661469D0,98.88612517989037D0,-105.5518085134547D0,   0000011P   4370
-142.7072518329266D0,93.30713160702837D0,-66.63946608345812D0,   0000011P   4371
-149.2421769361552D0,88.34838797654183D0,-33.336775536428D0,     0000011P   4372
-154.8587662378341D0,84.06691260337151D0,5.575179202150037D0,    0000011P   4373
-161.3964714547215D0,79.05064776284021D0,50.00550414422804D0,    0000011P   4374
-168.7816853757756D0,73.34215790320505D0,99.99744807260218D0,    0000011P   4375
-176.8118300012673D0,67.13510125455642D0,149.9945223058978D0,    0000011P   4376
-184.3985251345918D0,61.32423928544241D0,199.9728199813434D0,    0000011P   4377
-191.483190320753D0,56.00318645184073D0,249.9654078563194D0,     0000011P   4378
-197.9949697291912D0,51.2506351740821D0,294.4130184297745D0,     0000011P   4379
-203.2571939300836D0,47.53085363629976D0,333.2947323814556D0,    0000011P   4380
-207.4491570950606D0,44.63702025233587D0,366.642224549644D0,     0000011P   4381
-210.75537152568D0,42.39501871589174D0,399.9667091023197D0,      0000011P   4382
-213.7639313258188D0,40.37787368642638D0,433.304151180864D0,     0000011P   4383
-216.4581123950346D0,38.56557771334531D0,466.6276587458482D0,    0000011P   4384
-218.8558103725841D0,36.9547472468076D0,499.9747185208665D0,     0000011P   4385
-220.9659132466039D0,35.53082839286228D0,533.3123235761103D0,    0000011P   4386
-222.7940255204244D0,34.28188605773991D0,566.6358490506183D0,    0000011P   4387
-224.3327612867359D0,33.20217398445826D0,605.5360583998414D0,    0000011P   4388
-225.774867217861D0,32.13167176918328D0,649.990088766287D0,      0000011P   4389
-226.8954856343473D0,31.16889195201126D0,699.9982940863793D0,    0000011P   4390
-227.4445962426003D0,30.44004913620126D0,749.997533572629D0,     0000011P   4391
-227.2777597052346D0,30.05522288484474D0,800.0227746641881D0,    0000011P   4392
-226.432233022445D0,30.01885650796288D0,850.0277516648316D0,     0000011P   4393
-224.9412457957182D0,30.33608807145451D0,900.0378615966558D0,    0000011P   4394
-222.8041971432131D0,30.99603350431706D0,950.0206084730232D0,    0000011P   4395
-220.0074145684953D0,31.98850933642263D0,1000.04820176807D0,     0000011P   4396
-216.6116399546898D0,33.37627560378581D0,1050.024341380368D0,    0000011P   4397
-212.6569252867845D0,35.22000911104885D0,1100.04679923077D0,     0000011P   4398
-208.093807998699D0,37.53607633671759D0,1150.033773236579D0,     0000011P   4399
-202.8471496187727D0,40.33953998313886D0,1200.043904164549D0,    0000011P   4400
-196.909236670201D0,43.66756805517942D0,1250.041939768308D0,     0000011P   4401
-190.2373119667335D0,47.54839924659887D0,1300.04775561652D0,     0000011P   4402
-182.8371891658045D0,51.94722638877057D0,1350.018499689333D0,    0000011P   4403
-174.6608453606391D0,56.82104526937209D0,1400.047343762085D0,    0000011P   4404
-165.7787697230755D0,62.10737919249885D0,1450.030491598186D0,    0000011P   4405
-156.2234697369207D0,67.72827937823618D0,1500.041417150108D0,    0000011P   4406
-146.1225383867528D0,73.6101832867308D0,1550.024517735094D0,     0000011P   4407
-135.5675046626001D0,79.66423289560632D0,1600.041584265882D0,    0000011P   4408
-124.6347198145266D0,85.85231290374068D0,1650.019059606434D0,    0000011P   4409
-113.3529195243588D0,92.1243252349604D0,1700.045969421842D0,     0000011P   4410
-101.6849484958158D0,98.5053369505934D0,1750.026333088734D0,     0000011P   4411
-89.54898709906306D0,105.0075320746342D0,1785.097966200574D0,    0000011P   4412
-80.83377850236185D0,109.6833279164303D0,1805.272395988497D0,    0000011P   4413
-75.78528116289665D0,112.4132108748832D0,1810.546930250228D0,    0000011P   4414
-74.46375942709557D0,113.1289440700159D0,1815.809881984329D0,    0000011P   4415
-73.13909285575502D0,113.8463908017551D0,1821.09573216407D0,     0000011P   4416
-71.80725819165703D0,114.5667933007378D0,1826.365808684942D0,    0000011P   4417
-70.47711998792869D0,115.2900379592377D0,1831.633157834036D0,    0000011P   4418
-69.1364478303333D0,116.0149035864527D0,1836.901845831581D0,     0000011P   4419
-67.7922780257812D0,116.7430577363669D0,1842.180307884568D0,     0000011P   4420
-66.43748893792299D0,117.4739916047442D0,1847.451526921562D0,    0000011P   4421
-65.07826833238072D0,118.2080434562413D0,1852.709643092562D0,    0000011P   4422
-63.7113083896106D0,118.9451125875379D0,1857.972805581089D0,     0000011P   4423
-62.33054339335126D0,119.6832864324964D0,1863.229040499595D0,    0000011P   4424
-60.94468509015916D0,120.4313341764623D0,1868.504346834414D0,    0000011P   4425
-59.53975328440952D0,121.1602256948647D0,1873.750261022732D0,    0000011P   4426
-58.13311961314219D0,121.8940000818499D0,1879.014791761575D0,    0000011P   4427
-56.70361759850506D0,122.6331185362783D0,1884.254359838768D0,    0000011P   4428
-55.26903144636454D0,123.3787232977371D0,1889.509749298851D0,    0000011P   4429
-53.81486434753074D0,124.1311503895589D0,1894.759281846882D0,    0000011P   4430
-52.34533339318544D0,124.8906844588232D0,1900.824058818181D0,    0000011P   4431
-50.62753033332191D0,125.778663388696D0,1907.711597962999D0,     0000011P   4432
-48.65051835790995D0,126.8018816623532D0,1915.391877626667D0,    0000011P   4433
-46.41439241808008D0,127.96000286955D0,1923.099266569956D0,      0000011P   4434
-44.15642597192775D0,129.1276549893223D0,1930.782676778448D0,    0000011P   4435
-41.89234888522068D0,130.2983440843281D0,1938.47914891911D0,     0000011P   4436
-39.63137033071214D0,131.4714944547284D0,1946.17567549129D0,     0000011P   4437
-37.38257381217456D0,132.6441368784338D0,1953.862174695974D0,    0000011P   4438
-35.16056417366151D0,133.8170476433181D0,1961.56735833315D0,     0000011P   4439
-32.96799116978667D0,134.9932857090714D0,1969.272854138369D0,    0000011P   4440
-30.82536267748966D0,136.1854721581869D0,1976.981397293555D0,    0000011P   4441
-28.72666205573403D0,137.3939150101337D0,1984.677944743831D0,    0000011P   4442
-26.73178686205769D0,138.6982886363166D0,1992.459755322985D0,    0000011P   4443
-24.65939854002961D0,139.9575263020111D0,1999.117017498723D0,    0000011P   4444
-23.37564973776247D0,141.771232637886D0,2006.859909729699D0,     0000011P   4445
-20.55148124698013D0,142.17284761175D0,2013.593639228762D0,      0000011P   4446
-18.38700779798925D0,142.7823294347052D0,2020.427884517526D0,    0000011P   4447
-16.16595897790702D0,143.3263969108484D0,2027.178962210971D0,    0000011P   4448
-14.02723982026756D0,143.9076200065368D0,2033.923583728472D0,    0000011P   4449
-11.91732872938807D0,144.5040820871382D0,2040.622818164985D0,    0000011P   4450
-9.852643573437444D0,145.1196833454251D0,2047.289919227753D0,    0000011P   4451
-7.821673762519819D0,145.7345749406345D0,2053.937956008467D0,    0000011P   4452
-5.822019209962038D0,146.3490616170893D0,2060.556076537952D0,    0000011P   4453
-3.853429441988887D0,146.9511644719378D0,2067.13973924916D0,     0000011P   4454
-1.916022491937315D0,147.5383158425373D0,2071.526844532672D0,    0000011P   4455
-0.6364152799082377D0,147.9180001915909D0,2073.716802951913D0,   0000011P   4456
1.262184801120725D-14,148.1043555264076D0,-200.0D0,              0000011P   4457
-128.8496923367121D0,109.0446282225219D0,-183.3290031203618D0,   0000011P   4458
-131.6238998433616D0,107.0484448599705D0,-149.9897867492377D0,   0000011P   4459
-137.2026266548755D0,103.0344508917544D0,-105.5518911446231D0,   0000011P   4460
-144.7415607066339D0,97.56800639597616D0,-66.63940325348393D0,   0000011P   4461
-151.4351340747037D0,92.65910257962726D0,-33.33653589877697D0,   0000011P   4462
-157.2097127029272D0,88.39828265297277D0,5.57506603111512D0,     0000011P   4463
-163.9720893131906D0,83.39385087885044D0,50.00561500870894D0,    0000011P   4464
-171.6921950446698D0,77.69977179403279D0,99.99757644561045D0,    0000011P   4465
-180.1721269768664D0,71.45759258262736D0,149.9938980242429D0,    0000011P   4466
-188.2490064589318D0,65.50778035331743D0,199.9731506076725D0,    0000011P   4467
-195.7952165834349D0,59.96452749074136D0,249.9647097439754D0,    0000011P   4468
-202.6707452466907D0,54.92740412459321D0,294.4133219954233D0,    0000011P   4469
-208.1961077729343D0,50.9593203381187D0,333.2942454749012D0,     0000011P   4470
-212.5934442101866D0,47.89527004873037D0,366.641386398716D0,     0000011P   4471
-216.065632805433D0,45.53881442202234D0,399.9671095281196D0,     0000011P   4472
-219.2369107714725D0,43.43791662878111D0,433.3033874262939D0,    0000011P   4473
-222.0971420885574D0,41.57198319128568D0,466.6272223276407D0,    0000011P   4474
-224.6408798904589D0,39.92173891109577D0,499.9749930298297D0,    0000011P   4475
-226.853481752698D0,38.45711219242976D0,533.3116625044801D0,     0000011P   4476
-228.7170256476186D0,37.15063637844661D0,566.6353912750574D0,    0000011P   4477
-230.257218629469D0,36.01502165299431D0,605.5363209044256D0,     0000011P   4478
-231.699638682177D0,34.90271079323691D0,649.9895773463366D0,     0000011P   4479
-232.8730979434436D0,33.95615145935526D0,699.9983224202841D0,    0000011P   4480
-233.4828341189223D0,33.2931946346953D0,749.9979314823718D0,     0000011P   4481
-233.3081242991586D0,32.98359468992415D0,800.0224627659552D0,    0000011P   4482
-232.3782981317868D0,33.02374815160654D0,850.0286018734374D0,    0000011P   4483
-230.7184736827333D0,33.41071273791877D0,900.0372964297683D0,    0000011P   4484
-228.4234556027926D0,34.20219421421243D0,950.0220200492734D0,    0000011P   4485
-225.575015731048D0,35.45674393553571D0,1000.047522935761D0,     0000011P   4486
-222.0772810897626D0,37.12991443039758D0,1050.025644868859D0,    0000011P   4487
-217.8123572251386D0,39.17439597868803D0,1100.046200924773D0,    0000011P   4488
-212.8499716563463D0,41.67996105304813D0,1150.034862439411D0,    0000011P   4489
-207.2343183025648D0,44.73512350636067D0,1200.043215898383D0,    0000011P   4490
-200.9095367154516D0,48.29276083336638D0,1250.043605069406D0,    0000011P   4491
-193.7837572281499D0,52.29618735841869D0,1300.046976366021D0,    0000011P   4492
-185.9304102603961D0,56.76556244342763D0,1350.019950841941D0,    0000011P   4493
-177.3682013034656D0,61.71304221860598D0,1400.046739429009D0,    0000011P   4494
-168.1487148855078D0,67.03922832220863D0,1450.03145661251D0,     0000011P   4495
-158.2844808713259D0,72.62920937117777D0,1500.040806768065D0,    0000011P   4496
-147.908588656422D0,78.42366571764242D0,1550.025995374439D0,     0000011P   4497
-137.1170069079229D0,84.34833325964316D0,1600.040932055822D0,    0000011P   4498
-125.9867068861059D0,90.39334637403684D0,1650.020190072895D0,    0000011P   4499
-114.5455099432922D0,96.53726295122468D0,1700.04529269116D0,     0000011P   4500
-102.7459037916623D0,102.7834126552911D0,1750.02791056282D0,     0000011P   4501
-90.49412218250407D0,109.1224472898044D0,1785.097970174707D0,    0000011P   4502
-81.70537451626673D0,113.6687199835699D0,1805.272384570511D0,    0000011P   4503
-76.61550012157149D0,116.3209902732174D0,1810.546816442333D0,    0000011P   4504
-75.28324831983258D0,117.0162818294953D0,1815.809977682921D0,    0000011P   4505
-73.94795346854845D0,117.7131493221477D0,1821.096043001741D0,    0000011P   4506
-72.60552186467658D0,118.4128061442099D0,1826.365494881982D0,    0000011P   4507
-71.26512666876485D0,119.1151464944237D0,1831.633255242194D0,    0000011P   4508
-69.91422563378087D0,119.8189869234784D0,1836.901747496069D0,    0000011P   4509
-68.56010990210828D0,120.5259546523541D0,1842.180401373685D0,    0000011P   4510
-67.19549626277507D0,121.235559364514D0,1847.451298662723D0,     0000011P   4511
-65.82680235977989D0,121.9481349183666D0,1852.709221215369D0,    0000011P   4512
-64.45067097003891D0,122.6635880684898D0,1857.972831275254D0,    0000011P   4513
-63.06090585914134D0,123.3800626758575D0,1863.228643150758D0,    0000011P   4514
-61.66652288675357D0,124.1060956568862D0,1868.50447156543D0,     0000011P   4515
-60.25317856029667D0,124.813446221043D0,1873.749675772168D0,     0000011P   4516
-58.83880333258166D0,125.5255084933845D0,1879.014850130111D0,    0000011P   4517
-57.40165606756027D0,126.2427359438345D0,1884.254036635619D0,    0000011P   4518
-55.96009192124738D0,126.9662446768863D0,1889.509517416808D0,    0000011P   4519
-54.49923559298228D0,127.6963663699671D0,1894.759230509395D0,    0000011P   4520
-53.02347609131037D0,128.4333827129972D0,1900.824119400515D0,    0000011P   4521
-51.2990696498534D0,129.2950416614485D0,1907.711343404121D0,     0000011P   4522
-49.31543527660542D0,130.287952071689D0,1915.391152401747D0,     0000011P   4523
-47.07281198128347D0,131.4118812190559D0,1923.098122921858D0,    0000011P   4524
-44.80868861504053D0,132.545265390122D0,1930.781501134625D0,     0000011P   4525
-42.5386571980231D0,133.6818886800536D0,1938.47753130437D0,      0000011P   4526
-40.27159727227443D0,134.8212934685896D0,1946.173800390221D0,    0000011P   4527
-38.01625901471051D0,135.9606933026213D0,1953.85975632435D0,     0000011P   4528
-35.78707633488969D0,137.1009460083469D0,1961.564799163139D0,    0000011P   4529
-33.58617643265275D0,138.2451303890902D0,1969.269287772928D0,    0000011P   4530
-31.43406986905836D0,139.4056289338194D0,1976.978901432553D0,    0000011P   4531
-29.32396255430747D0,140.5828438555912D0,1984.670288147894D0,    0000011P   4532
-27.31691325007466D0,141.8543986723316D0,1992.472288890883D0,    0000011P   4533
-25.22564942424291D0,143.0831418084327D0,1999.064571666576D0,    0000011P   4534
-23.93847315040922D0,144.852225747042D0,2007.009910163359D0,     0000011P   4535
-21.05857902548567D0,145.2480277935517D0,2013.872513986036D0,    0000011P   4536
-18.85217231035761D0,145.846411632052D0,2020.851733559697D0,     0000011P   4537
-16.58443517663935D0,146.3818891353772D0,2027.743557879344D0,    0000011P   4538
-14.39852018663861D0,146.9542304160906D0,2034.631632824784D0,    0000011P   4539
-12.23949366670448D0,147.5420835156824D0,2041.474632369676D0,    0000011P   4540
-10.12441845009225D0,148.1492155408161D0,2048.286911116693D0,    0000011P   4541
-8.041607486755218D0,148.7562864369514D0,2055.081002279109D0,    0000011P   4542
-5.988752185846557D0,149.3635650423831D0,2061.845773988038D0,    0000011P   4543
-3.965756793326124D0,149.9593685385276D0,2068.576149292439D0,    0000011P   4544
-1.972904900710423D0,150.5411709896589D0,2073.061570247295D0,    0000011P   4545
-0.6554910102323481D0,150.9179527456622D0,2075.300703906298D0,   0000011P   4546
1.262184801120725D-14,151.1030328588128D0,-200.0D0,              0000011P   4547
-130.5203571682468D0,113.0454126089383D0,-183.3288973774328D0,   0000011P   4548
-133.3086792644904D0,111.0657556170379D0,-149.9894172750454D0,   0000011P   4549
-138.9347900820447D0,107.0860399874086D0,-105.551973775791D0,    0000011P   4550
-146.6035097332244D0,101.7153596055271D0,-66.63934042350914D0,   0000011P   4551
-153.4708392885452D0,96.96094042525422D0,-33.33629626112527D0,   0000011P   4552
-159.4198318458588D0,92.83486206884039D0,5.574952860080651D0,    0000011P   4553
-166.3974231946272D0,87.93671478474084D0,50.00572587318963D0,    0000011P   4554
-174.3539738954282D0,82.21373372063925D0,99.99770481861802D0,    0000011P   4555
-183.1332287109987D0,75.84594309789127D0,149.993273742588D0,     0000011P   4556
-191.5888089646089D0,69.78750944974199D0,199.9734812340024D0,    0000011P   4557
-199.5862072614735D0,64.15330514507036D0,249.9640116316322D0,    0000011P   4558
-206.9781547632919D0,59.0438284105314D0,294.4136255610724D0,     0000011P   4559
-212.9423427984678D0,54.99746694574434D0,333.2937585683467D0,    0000011P   4560
-217.6517471497358D0,51.83267624640951D0,366.6405482477875D0,    0000011P   4561
-221.3310416221747D0,49.36847510529934D0,399.9675099539192D0,    0000011P   4562
-224.6378243343413D0,47.13917689831558D0,433.3026236717237D0,    0000011P   4563
-227.5506593812387D0,45.1251381266893D0,466.6267859094333D0,     0000011P   4564
-230.1243276177494D0,43.34209487315227D0,499.975267538793D0,     0000011P   4565
-232.4039184233033D0,41.79517413209173D0,533.3110014328498D0,    0000011P   4566
-234.4309163769144D0,40.49189356243137D0,566.6349334994961D0,    0000011P   4567
-236.157142209681D0,39.39943707994705D0,605.5365834090095D0,     0000011P   4568
-237.7568564809082D0,38.33125002169303D0,649.9890659263875D0,    0000011P   4569
-238.9020857596974D0,37.35085483962386D0,699.9983507541901D0,    0000011P   4570
-239.3672824791931D0,36.63366420405161D0,749.9983293921091D0,    0000011P   4571
-239.1027419844533D0,36.35142092675857D0,800.0221508677184D0,    0000011P   4572
-238.1372646678573D0,36.50977247641477D0,850.029452082064D0,     0000011P   4573
-236.4954188160273D0,37.11511572817267D0,900.0367312628949D0,    0000011P   4574
-234.1138191302291D0,38.10892485030652D0,950.0234316254458D0,    0000011P   4575
-230.9150837100665D0,39.43292421485405D0,1000.0468441034D0,      0000011P   4576
-227.0027680542571D0,41.17912377212274D0,1050.026948357643D0,    0000011P   4577
-222.4590147405698D0,43.43720834903078D0,1100.045602618975D0,    0000011P   4578
-217.2297343661876D0,46.18656067754936D0,1150.035951641145D0,    0000011P   4579
-211.2341622461846D0,49.40441606310215D0,1200.042527631467D0,    0000011P   4580
-204.4973686940664D0,53.09417211689046D0,1250.045270374616D0,    0000011P   4581
-197.0081168969592D0,57.24983281829004D0,1300.046197118332D0,    0000011P   4582
-188.8076924342892D0,61.82179187291384D0,1350.021401979156D0,    0000011P   4583
-179.881123100587D0,66.75196037115839D0,1400.046135085419D0,     0000011P   4584
-170.3210952652762D0,72.00197478882754D0,1450.032421684458D0,    0000011P   4585
-160.1804523690816D0,77.51854682190196D0,1500.040196425382D0,    0000011P   4586
-149.574443628198D0,83.2241991643979D0,1550.027472798106D0,      0000011P   4587
-138.5799806634579D0,89.02673438120246D0,1600.040279698442D0,    0000011P   4588
-127.2731556088323D0,94.92074138132605D0,1650.021321346459D0,    0000011P   4589
-115.679337421536D0,100.8895380896248D0,1700.044616511753D0,     0000011P   4590
-103.75585055583D0,106.9775814405328D0,1750.029485015922D0,      0000011P   4591
-91.41223377346981D0,113.2171804230193D0,1785.097971799422D0,    0000011P   4592
-82.56661671140817D0,117.6863917690035D0,1805.272373952663D0,    0000011P   4593
-77.44121555640362D0,120.276684346334D0,1810.546704361217D0,     0000011P   4594
-76.09958904673033D0,120.9549516782701D0,1815.810076104165D0,    0000011P   4595
-74.75486055065528D0,121.6340452098152D0,1821.096357592874D0,    0000011P   4596
-73.40287876424435D0,122.3152060108419D0,1826.365185863931D0,    0000011P   4597
-72.05313830039928D0,122.9983926009991D0,1831.633358433052D0,    0000011P   4598
-70.69279792422501D0,123.6825157869067D0,1836.901655873089D0,    0000011P   4599
-69.32941645851142D0,124.3692189709799D0,1842.180502402913D0,    0000011P   4600
-67.95556196259696D0,125.0580868388204D0,1847.451078635021D0,    0000011P   4601
-66.57789480378989D0,125.7495053570276D0,1852.708808089491D0,    0000011P   4602
-65.19302120039933D0,126.4434452525165D0,1857.972866035766D0,    0000011P   4603
-63.79462724479809D0,127.1381633278119D0,1863.228254943855D0,    0000011P   4604
-62.39204575469553D0,127.8420207448402D0,1868.504605240226D0,    0000011P   4605
-60.97058278549152D0,128.5276225615459D0,1873.749098959193D0,    0000011P   4606
-59.54874045070133D0,129.2177744483348D0,1879.014916087707D0,    0000011P   4607
-58.1042158010135D0,129.9129786606331D0,1884.253719796368D0,     0000011P   4608
-56.6559477875244D0,130.6143816822794D0,1889.50929026257D0,      0000011P   4609
-55.18869546303551D0,131.3223673592348D0,1894.759181818393D0,    0000011P   4610
-53.70703259838888D0,132.0372709386994D0,1900.824179665883D0,    0000011P   4611
-51.97645092221874D0,132.8734165506899D0,1907.711084327566D0,    0000011P   4612
-49.98677409663297D0,133.8375016112856D0,1915.390417247222D0,    0000011P   4613
-47.73839610048403D0,134.9294797976019D0,1923.096963627467D0,    0000011P   4614
-45.4689203207787D0,136.0312446550994D0,1930.780304227083D0,     0000011P   4615
-43.19376944034666D0,137.1366845817431D0,1938.47588731177D0,     0000011P   4616
-40.92146187882576D0,138.2452863071415D0,1946.171894704461D0,    0000011P   4617
-38.66038299458003D0,139.3542724174572D0,1953.857304472535D0,    0000011P   4618
-36.42476427097708D0,140.4644085475039D0,1961.562205332794D0,    0000011P   4619
-34.21617886138932D0,141.5786196145299D0,1969.265687686386D0,    0000011P   4620
-32.05510851929903D0,142.7088757842698D0,1976.976375313086D0,    0000011P   4621
-29.93395021444905D0,143.8554997336588D0,1984.662607683553D0,    0000011P   4622
-27.91489242095511D0,145.093890397435D0,1992.484808311886D0,     0000011P   4623
-25.80469713931876D0,146.2906376293978D0,1999.012124154838D0,    0000011P   4624
-24.51380710318835D0,148.0124762477162D0,2007.159923536198D0,    0000011P   4625
-21.57770785150169D0,148.3989097729954D0,2014.151417446071D0,    0000011P   4626
-19.32876537879276D0,148.9820802700096D0,2021.275629364493D0,    0000011P   4627
-17.01358159654387D0,149.5040329875338D0,2028.308220557434D0,    0000011P   4628
-14.77956509621596D0,150.0617850782395D0,2035.339771256076D0,    0000011P   4629
-12.57037862656968D0,150.6345961536412D0,2042.326560203723D0,    0000011P   4630
-10.40373848632632D0,151.2261471281955D0,2049.284042789428D0,    0000011P   4631
-8.267789665668021D0,151.8176536274865D0,2056.224216238987D0,    0000011P   4632
-6.160323569953879D0,152.409395477683D0,2063.135668674748D0,     0000011P   4633
-4.081407665258477D0,152.9900328383716D0,2070.012787652624D0,    0000011P   4634
-2.031499601657512D0,153.5571283946446D0,2074.596545948237D0,    0000011P   4635
-0.6751463201738056D0,153.9244727041801D0,2076.884865900838D0,   0000011P   4636
1.262184801120725D-14,154.1049439338171D0,-199.9999999999999D0,  0000011P   4637
-132.1570162367191D0,117.1421453899994D0,-183.3287916345039D0,   0000011P   4638
-134.9795398388017D0,115.2216710820644D0,-149.9890478008531D0,   0000011P   4639
-140.6843412408034D0,111.3526573917537D0,-105.552056406959D0,    0000011P   4640
-148.4591735077289D0,106.0699886407868D0,-66.63927759353452D0,   0000011P   4641
-155.4013413828709D0,101.3205565724083D0,-33.3360566234739D0,    0000011P   4642
-161.4280892658833D0,97.1891561056535D0,5.574839689045851D0,     0000011P   4643
-168.5430581480811D0,92.32037213160082D0,50.00583673767037D0,    0000011P   4644
-176.7668251498178D0,86.74782771784493D0,99.99783319162616D0,    0000011P   4645
-185.926893553456D0,80.55252659307976D0,149.9926494609338D0,     0000011P   4646
-194.7746617212971D0,74.51521075767857D0,199.9738118603321D0,    0000011P   4647
-203.1518805712847D0,68.78754392934711D0,249.9633135192865D0,    0000011P   4648
-210.8872877776999D0,63.50719232737885D0,294.4139291267197D0,    0000011P   4649
-217.1177313282345D0,59.27707377096598D0,333.2932716617958D0,    0000011P   4650
-222.0263374640352D0,55.95515303447611D0,366.6397100968655D0,    0000011P   4651
-225.8767644828417D0,53.37822528823211D0,399.9679103797208D0,    0000011P   4652
-229.378372310533D0,51.07759407807266D0,433.3018599171391D0,     0000011P   4653
-232.5327223309807D0,49.0531252697868D0,466.6263494912019D0,     0000011P   4654
-235.3412835769694D0,47.28239849603509D0,499.9755420477486D0,    0000011P   4655
-237.7957777125873D0,45.73285285357403D0,533.3103403612731D0,    0000011P   4656
-239.8844265899414D0,44.37438229137418D0,566.6344757240239D0,    0000011P   4657
-241.6120842611396D0,43.20917514245964D0,605.5368459136111D0,    0000011P   4658
-243.2046234596153D0,42.07635387229531D0,649.9885545060959D0,    0000011P   4659
-244.4164824002273D0,41.10895127801116D0,699.9983790878621D0,    0000011P   4660
-244.9595114282044D0,40.46595831601587D0,749.9987273031226D0,    0000011P   4661
-244.6775718618042D0,40.2603223355472D0,800.0218389703531D0,     0000011P   4662
-243.6070157416051D0,40.49902068239348D0,850.0303022859198D0,    0000011P   4663
-241.7797850028178D0,41.18975777918227D0,900.0361660927636D0,    0000011P   4664
-239.1899985874595D0,42.30219557900479D0,950.0248432194674D0,    0000011P   4665
-235.8177037946944D0,43.8062416147847D0,1000.046165283228D0,     0000011P   4666
-231.6969008495514D0,45.74134253625235D0,1050.02825177961D0,     0000011P   4667
-226.8393754135385D0,48.14418776255537D0,1100.045004267539D0,    0000011P   4668
-221.246323474916D0,51.01599999737763D0,1150.037041093025D0,     0000011P   4669
-214.8920788266825D0,54.35573444282966D0,1200.041839535413D0,    0000011P   4670
-207.7945105072965D0,58.13387742588972D0,1250.046934743255D0,    0000011P   4671
-199.9343935819424D0,62.31133582780489D0,1300.045417230914D0,    0000011P   4672
-191.3858709902265D0,66.87721588237469D0,1350.022856623024D0,    0000011P   4673
-182.1656287350967D0,71.81238074862813D0,1400.045533137104D0,    0000011P   4674
-172.34716793421D0,77.03583770122833D0,1450.033373629028D0,      0000011P   4675
-161.9629539458226D0,82.45169473808531D0,1500.039577115793D0,    0000011P   4676
-151.1443452053649D0,88.03805548229656D0,1550.0289993541D0,      0000011P   4677
-139.9832711923795D0,93.75890547504469D0,1600.039660901413D0,    0000011P   4678
-128.5395750063156D0,99.57399828254765D0,1650.022268757461D0,    0000011P   4679
-116.8206898475221D0,105.4318800012575D0,1700.043814748531D0,    0000011P   4680
-104.7789289143556D0,111.3510569092599D0,1750.031747664781D0,    0000011P   4681
-92.31722023637427D0,117.338076296252D0,1785.098508633867D0,     0000011P   4682
-83.39873148290781D0,121.6375606963242D0,1805.272181058927D0,    0000011P   4683
-78.23727155088476D0,124.1538629644285D0,1810.546198910501D0,    0000011P   4684
-76.88652571897204D0,124.8138552232065D0,1815.809554290411D0,    0000011P   4685
-75.53297527892828D0,125.4756418365649D0,1821.095817125061D0,    0000011P   4686
-74.17237321723007D0,126.1403208997473D0,1826.363786817578D0,    0000011P   4687
-72.81449749043529D0,126.8077446018441D0,1831.632144293983D0,    0000011P   4688
-71.44616976708835D0,127.4767473539393D0,1836.900035099431D0,    0000011P   4689
-70.0751784416878D0,128.148818088417D0,1842.178885754722D0,      0000011P   4690
-68.69390473518473D0,128.8234458415513D0,1847.448983510316D0,    0000011P   4691
-67.30921362949928D0,129.5008980366663D0,1852.706401367318D0,    0000011P   4692
-65.91763667563578D0,130.1810387215483D0,1857.970835434123D0,    0000011P   4693
-64.51270418405298D0,130.8620669888065D0,1863.22578415551D0,     0000011P   4694
-63.1040278218054D0,131.5519975944111D0,1868.502701474008D0,     0000011P   4695
-61.67652508357402D0,132.2241107933178D0,1873.746600018483D0,    0000011P   4696
-60.24923163488059D0,132.9004531498154D0,1879.013253216845D0,    0000011P   4697
-58.79924460445277D0,133.5814050533667D0,1884.251953227069D0,    0000011P   4698
-57.34604862977066D0,134.2679727156893D0,1889.507986088966D0,    0000011P   4699
-55.87399900840023D0,134.9604214998118D0,1894.758530244123D0,    0000011P   4700
-54.3878161647824D0,135.6589695587482D0,1900.824312137848D0,     0000011P   4701
-52.65236686045473D0,136.4750924850989D0,1907.711854401681D0,    0000011P   4702
-50.65765926934732D0,137.4146668213552D0,1915.391944109325D0,    0000011P   4703
-48.40410568726609D0,138.4771821428193D0,1923.099368641763D0,    0000011P   4704
-46.12938083927465D0,139.5476930717989D0,1930.783951307762D0,    0000011P   4705
-43.84881587785655D0,140.6204121861615D0,1938.480252335766D0,    0000011P   4706
-41.5706459072148D0,141.6949904424889D0,1946.176956373887D0,     0000011P   4707
-39.3029692741322D0,142.7688793433183D0,1953.862479586082D0,     0000011P   4708
-37.05989284275626D0,143.8429722091828D0,1961.567507310942D0,    0000011P   4709
-34.84251352696168D0,144.9202599483589D0,1969.269769445796D0,    0000011P   4710
-32.67136207962491D0,146.0125202804509D0,1976.980742232726D0,    0000011P   4711
-30.5381043370014D0,147.1202162233763D0,1984.660364568544D0,     0000011P   4712
-28.50613629261868D0,148.316742005789D0,1992.500550470885D0,     0000011P   4713
-26.37633228656751D0,149.4726487879993D0,1998.960059263136D0,    0000011P   4714
-25.08138109610967D0,151.1391184674553D0,2007.306989295507D0,    0000011P   4715
-22.08904533611689D0,151.5089292838784D0,2014.423782264814D0,    0000011P   4716
-19.79774831114967D0,152.0703781621403D0,2021.68887239487D0,     0000011P   4717
-17.43548796462883D0,152.5723588729567D0,2028.857618066093D0,    0000011P   4718
-15.15390791516221D0,153.1090762588936D0,2036.027558704519D0,    0000011P   4719
-12.89524633191561D0,153.6603421512762D0,2043.152602666578D0,    0000011P   4720
-10.67785197707001D0,154.2296919221404D0,2050.249330971179D0,    0000011P   4721
-8.489680879029971D0,154.7988375269815D0,2057.329229700124D0,    0000011P   4722
-6.328603437354206D0,155.3680104296284D0,2064.380631810471D0,    0000011P   4723
-4.194829336225647D0,155.9261544176242D0,2071.397414208568D0,    0000011P   4724
-2.088969282272819D0,156.4708614466662D0,2076.074573437747D0,    0000011P   4725
-0.6944266387959054D0,156.8233713912524D0,2078.409561561343D0,   0000011P   4726
1.262184801120725D-14,156.9964564288744D0,-200.0D0,              0000011P   4727
-133.6874140063002D0,121.1112815037526D0,-183.3286858915752D0,   0000011P   4728
-136.5322491093777D0,119.2319219596161D0,-149.9886783266614D0,   0000011P   4729
-142.2920850231705D0,115.4448902492004D0,-105.5521390381275D0,   0000011P   4730
-150.1748284482248D0,110.2997462615321D0,-66.63921476356013D0,   0000011P   4731
-157.2418191440312D0,105.7123267870194D0,-33.3358169858224D0,    0000011P   4732
-163.3893510892619D0,101.7201515104474D0,5.574726518011465D0,    0000011P   4733
-170.6535500592141D0,96.98152459207245D0,50.00594760215121D0,    0000011P   4734
-179.0481026507801D0,91.4639513036046D0,99.99796156463367D0,     0000011P   4735
-188.4288792434981D0,85.26353524351228D0,149.9920251792784D0,    0000011P   4736
-197.5540695812245D0,79.21391576826798D0,199.9741424866614D0,    0000011P   4737
-206.2707625622226D0,73.48547624983243D0,249.9626154069437D0,    0000011P   4738
-214.4126123275597D0,68.23487154541442D0,294.4142326923693D0,    0000011P   4739
-221.0244805066236D0,64.02594569616991D0,333.29278475524D0,      0000011P   4740
-226.2524962369631D0,60.69534983368533D0,366.6388719459347D0,    0000011P   4741
-230.3441553534829D0,58.08412935760381D0,399.9683108055197D0,    0000011P   4742
-234.0316675782318D0,55.71424560603094D0,433.3010961625744D0,    0000011P   4743
-237.2937556629833D0,53.57770952973781D0,466.6259130730033D0,    0000011P   4744
-240.1679783885427D0,51.68442950823478D0,499.9758165567145D0,    0000011P   4745
-242.6817141319884D0,50.0343375404386D0,533.3096792896225D0,     0000011P   4746
-244.8586298672257D0,48.62964015444052D0,566.634017948429D0,     0000011P   4747
-246.6830667860926D0,47.45493012132073D0,605.5371084181882D0,    0000011P   4748
-248.3744127257381D0,46.33349301110883D0,649.9880430862748D0,    0000011P   4749
-249.6447828764642D0,45.38208931811654D0,699.9984074218558D0,    0000011P   4750
-250.1924426715129D0,44.77150534499149D0,749.9991252123817D0,    0000011P   4751
-249.8659951407437D0,44.62341720295051D0,800.0215270717898D0,    0000011P   4752
-248.695481108177D0,44.9353866709972D0,850.0311524963338D0,      0000011P   4753
-246.7063803430465D0,45.70568739705736D0,900.0356009271111D0,    0000011P   4754
-243.913892922408D0,46.91295617545252D0,950.0262547889525D0,     0000011P   4755
-240.3189308662249D0,48.53601049374718D0,1000.045486446299D0,    0000011P   4756
-235.9524041149363D0,50.60468194414263D0,1050.029555293425D0,    0000011P   4757
-230.8225558272332D0,53.14587591312377D0,1100.044405978839D0,    0000011P   4758
-224.9300006496255D0,56.13605168951172D0,1150.038130201048D0,    0000011P   4759
-218.2479618189039D0,59.54906273317391D0,1200.041151204488D0,    0000011P   4760
-210.8255369578077D0,63.38505627235919D0,1250.048600399327D0,    0000011P   4761
-202.6740869078397D0,67.6347828971272D0,1300.044638222882D0,     0000011P   4762
-193.8423185807915D0,72.21183640509975D0,1350.02430644656D0,     0000011P   4763
-184.3198850327152D0,77.02118263140983D0,1400.044927896185D0,    0000011P   4764
-174.2247156796567D0,82.08552398651089D0,1450.034343618815D0,    0000011P   4765
-163.6328436762256D0,87.41359255895955D0,1500.038970132335D0,    0000011P   4766
-152.6432168749884D0,92.91061803706658D0,1550.030458371592D0,    0000011P   4767
-141.3139877786773D0,98.46769224554521D0,1600.038995971502D0,    0000011P   4768
-129.7181213524442D0,104.0892098713112D0,1650.023468910453D0,    0000011P   4769
-117.8746244027633D0,109.768889050973D0,1700.043185615903D0,     0000011P   4770
-105.7352223595004D0,115.5458573336054D0,1750.033064302863D0,    0000011P   4771
-93.20066546863436D0,121.4477179369538D0,1785.098309755882D0,    0000011P   4772
-84.23441355180921D0,125.6765543015433D0,1805.272238726101D0,    0000011P   4773
-79.04160070905387D0,128.1326346973814D0,1810.546234195292D0,    0000011P   4774
-77.68251837946326D0,128.7759578170459D0,1815.809885066909D0,    0000011P   4775
-76.32052037691699D0,129.42021438175D0,1821.096452042263D0,      0000011P   4776
-74.95130254955336D0,130.0665227797256D0,1826.363886150884D0,    0000011P   4777
-73.58496476883741D0,130.714792137121D0,1831.632740988963D0,     0000011P   4778
-72.20803017800421D0,131.3639437371015D0,1836.900516333826D0,    0000011P   4779
-70.82855531451193D0,132.0154753096371D0,1842.179630268069D0,    0000011P   4780
-69.4387731321754D0,132.668943509291D0,1847.449465939974D0,      0000011P   4781
-68.04579179877767D0,133.3246604837292D0,1852.706735091544D0,    0000011P   4782
-66.64610676926937D0,133.9825468692257D0,1857.971643929991D0,    0000011P   4783
-65.23313114344613D0,134.6409073160914D0,1863.22617613473D0,     0000011P   4784
-63.81679400895879D0,135.3075734419572D0,1868.503598424216D0,    0000011P   4785
-62.38166287102044D0,135.956663966407D0,1873.746743281734D0,     0000011P   4786
-60.9473455184104D0,136.6096296152293D0,1879.013966836014D0,     0000011P   4787
-59.49037772914647D0,137.2668921795404D0,1884.252179492277D0,    0000011P   4788
-58.03082839834356D0,137.9294808665538D0,1889.508162412617D0,    0000011P   4789
-56.55268763958314D0,138.5977058239828D0,1894.758707407989D0,    0000011P   4790
-55.06086110215611D0,139.2718313782719D0,1900.824345352852D0,    0000011P   4791
-53.31948529726743D0,140.0595027352675D0,1907.711209780025D0,    0000011P   4792
-51.31894587663786D0,140.9665298185087D0,1915.390361547852D0,    0000011P   4793
-49.05979510446621D0,141.9925763701702D0,1923.096874069855D0,    0000011P   4794
-46.77981461115287D0,143.0267613234616D0,1930.780939723342D0,    0000011P   4795
-44.49418377329872D0,144.0635634455779D0,1938.476357218064D0,    0000011P   4796
-42.21079413413548D0,145.1027399294993D0,1946.172440545867D0,    0000011P   4797
-39.9373967833281D0,146.1419132035633D0,1953.857170485847D0,     0000011P   4798
-37.68791372026752D0,147.1820462834476D0,1961.56195551694D0,     0000011P   4799
-35.46290537379415D0,148.2261380778819D0,1969.263291551218D0,    0000011P   4800
-33.28289125064219D0,149.2857158697657D0,1976.975633811627D0,    0000011P   4801
-31.13874580804309D0,150.3613250274242D0,1984.650647139689D0,    0000011P   4802
-29.09501231339969D0,151.5242970828519D0,1992.511862575136D0,    0000011P   4803
-26.94661720085542D0,152.649086512296D0,1998.907468412539D0,     0000011P   4804
-25.64837399050264D0,154.2704496543965D0,2007.45810691672D0,     0000011P   4805
-22.60032186083386D0,154.634068921298D0,2014.705135260361D0,     0000011P   4806
-20.26701139325727D0,155.1841307374128D0,2022.116758990425D0,    0000011P   4807
-17.85789767465259D0,155.6772924916639D0,2029.427999451319D0,    0000011P   4808
-15.52887561251982D0,156.2049623695874D0,2036.743321113479D0,    0000011P   4809
-13.22077505817529D0,156.7475200753955D0,2044.014227796004D0,    0000011P   4810
-10.95259349900494D0,157.3083710917792D0,2051.258391997202D0,    0000011P   4811
-8.712114263381142D0,157.8697393572207D0,2058.486754504422D0,    0000011P   4812
-6.497303006807502D0,158.4318236262853D0,2065.687358958979D0,    0000011P   4813
-4.30852789332064D0,158.9838669675483D0,2072.853537467199D0,     0000011P   4814
-2.146568947847236D0,159.5235062603879D0,2077.630883336426D0,    0000011P   4815
-0.7137471259324769D0,159.8733581794736D0,2080.016001104153D0,   0000011P   4816
1.262184801120725D-14,160.0453050900085D0,-199.9999999999999D0,  0000011P   4817
-135.2118257963848D0,125.1729240467132D0,-183.3285801486463D0,   0000011P   4818
-138.0890657926D0,123.3679260446276D0,-149.9883088524691D0,      0000011P   4819
-143.9176405062623D0,119.7194446953395D0,-105.5522216692955D0,   0000011P   4820
-151.8892129834716D0,114.7108430599723D0,-66.63915193358552D0,   0000011P   4821
-159.0224333764246D0,110.1923896514299D0,-33.33557734817109D0,   0000011P   4822
-165.2318533015209D0,106.2464007342006D0,5.574613346976698D0,    0000011P   4823
-172.5898839221014D0,101.5722182363162D0,50.00605846663224D0,    0000011P   4824
-181.1444731412763D0,96.17919500802032D0,99.99808993764228D0,    0000011P   4825
-190.7770937967496D0,90.1544876944364D0,149.9914008976244D0,     0000011P   4826
-200.2262848557817D0,84.28301528710205D0,199.9744731129912D0,    0000011P   4827
-209.26545405968D0,78.63693876478035D0,249.9619172945985D0,      0000011P   4828
-217.6543606142405D0,73.2753347615737D0,294.4145362580171D0,     0000011P   4829
-224.465812684389D0,68.91640552491008D0,333.2922978486884D0,     0000011P   4830
-229.8875596579703D0,65.50478846614125D0,366.6380337950113D0,    0000011P   4831
-234.1598042063215D0,62.85658133720197D0,399.9687112313208D0,    0000011P   4832
-238.0437237472216D0,60.48029934220709D0,433.3003324079928D0,    0000011P   4833
-241.5191148351549D0,58.36623567800095D0,466.625476654777D0,     0000011P   4834
-244.5963567536462D0,56.50169167298024D0,499.9760910656719D0,    0000011P   4835
-247.275492982523D0,54.8643869423524D0,533.3090182180346D0,      0000011P   4836
-249.5528598223787D0,53.43432921088401D0,566.6335601729379D0,    0000011P   4837
-251.4346966407252D0,52.21926328249387D0,605.5373709227861D0,    0000011P   4838
-253.1680071132501D0,51.06019963930161D0,649.9875316660566D0,    0000011P   4839
-254.4865423317855D0,50.11762327135104D0,699.998435755578D0,     0000011P   4840
-255.0588766791451D0,49.55766201910865D0,749.9995231231239D0,    0000011P   4841
-254.6976981944353D0,49.47205374384604D0,800.0212151742389D0,    0000011P   4842
-253.4329706313617D0,49.85051701540772D0,850.0320027012048D0,    0000011P   4843
-251.2899449522267D0,50.68345523775889D0,900.0350357576732D0,    0000011P   4844
-248.3069099338503D0,51.96640301735677D0,950.0276663791757D0,    0000011P   4845
-244.5076501411579D0,53.69505061432515D0,1000.044807623534D0,    0000011P   4846
-239.9094830478809D0,55.87147759323998D0,1050.030858729612D0,    0000011P   4847
-234.5065393500007D0,58.49460940661736D0,1100.043807637115D0,    0000011P   4848
-228.3100368056475D0,61.52432941699654D0,1150.039219599692D0,    0000011P   4849
-221.3033300972338D0,64.9177087049203D0,1200.040463072071D0,     0000011P   4850
-213.5645673122421D0,68.71487582667334D0,1250.050264967286D0,    0000011P   4851
-205.1334980692271D0,72.94693155895649D0,1300.043858471611D0,    0000011P   4852
-196.0528525007526D0,77.50197228798139D0,1350.025760344142D0,    0000011P   4853
-186.3047747727686D0,82.25942209202646D0,1400.044325438108D0,    0000011P   4854
-176.0033867411444D0,87.23469179962824D0,1450.035298357148D0,    0000011P   4855
-165.2197142322432D0,92.42950536287891D0,1500.03835273108D0,     0000011P   4856
-154.0605556492951D0,97.77763221610771D0,1550.031974471261D0,    0000011P   4857
-142.590723737935D0,103.1992219441842D0,1600.038370032171D0,     0000011P   4858
-130.8755098668839D0,108.6859622029974D0,1650.024455451023D0,    0000011P   4859
-118.9245715208685D0,114.2190908988214D0,1700.042410579386D0,    0000011P   4860
-106.6874220796336D0,119.8272970972601D0,1750.03518049013D0,     0000011P   4861
-94.06098905476364D0,125.528030881334D0,1785.098732687171D0,     0000011P   4862
-85.03466150105516D0,129.6085391008575D0,1805.272084624258D0,    0000011P   4863
-79.80831095221274D0,131.9820914410869D0,1810.545812461362D0,    0000011P   4864
-78.44055343022428D0,132.6040006495128D0,1815.809495251359D0,    0000011P   4865
-77.06998949432747D0,133.2270360471297D0,1821.096093547807D0,    0000011P   4866
-75.69224589486916D0,133.8523052059869D0,1826.362719083989D0,    0000011P   4867
-74.31773245876821D0,134.4797430801202D0,1831.631807203608D0,    0000011P   4868
-72.93266184449706D0,135.1083267156056D0,1836.899220993502D0,    0000011P   4869
-71.54534677302019D0,135.7395315308284D0,1842.178379175411D0,    0000011P   4870
-70.14785997156295D0,136.3729506894704D0,1847.447769872784D0,    0000011P   4871
-68.74754083431803D0,137.0089099543687D0,1852.704752645865D0,    0000011P   4872
-67.34083676072905D0,137.6473554411149D0,1857.970052878028D0,    0000011P   4873
-65.92103168047527D0,138.2866662485505D0,1863.224148560669D0,    0000011P   4874
-64.49836014235054D0,138.9344597467969D0,1868.502128265511D0,    0000011P   4875
-63.05702770264682D0,139.5656620108952D0,1873.744653407604D0,    0000011P   4876
-61.61720231394771D0,140.2010968189635D0,1879.012671893845D0,    0000011P   4877
-60.15484644410787D0,140.8411962546009D0,1884.25072145404D0,     0000011P   4878
-58.69060128642372D0,141.4869814113461D0,1889.507087449914D0,    0000011P   4879
-57.208079811039D0,142.1387761124265D0,1894.758184139134D0,      0000011P   4880
-55.71236093264129D0,142.7968597485467D0,1900.824462457834D0,    0000011P   4881
-53.9671188464099D0,143.5664209799093D0,1907.711760830639D0,     0000011P   4882
-51.96311534545636D0,144.453499686671D0,1915.391407008335D0,     0000011P   4883
-49.70102494543336D0,145.4579175853684D0,1923.09852052917D0,     0000011P   4884
-47.41842275056203D0,146.4709487594222D0,1930.783555908071D0,    0000011P   4885
-45.13030612928865D0,147.4869359177762D0,1938.479443405162D0,    0000011P   4886
-42.84419283160162D0,148.5053402422292D0,1946.176019425098D0,    0000011P   4887
-40.5674564577761D0,149.5235528393395D0,1953.860722431183D0,     0000011P   4888
-38.31380391017445D0,150.5422041723499D0,1961.565577111772D0,    0000011P   4889
-36.08322890033088D0,151.5638989028642D0,1969.265738462747D0,    0000011P   4890
-33.89620945656527D0,152.5995116294974D0,1976.978533756994D0,    0000011P   4891
-31.74279842481317D0,153.6492678234028D0,1984.647246849817D0,    0000011P   4892
-29.6886561140807D0,154.7820340723366D0,1992.526918872114D0,     0000011P   4893
-27.52273082029201D0,155.8757659209026D0,1998.855322091768D0,    0000011P   4894
-26.22187652062863D0,157.4486589110101D0,2007.60579998615D0,     0000011P   4895
-23.11846462578608D0,157.7998844312609D0,2014.97889163055D0,     0000011P   4896
-20.74325838637707D0,158.3305144225835D0,2022.53226914068D0,     0000011P   4897
-18.28720894195703D0,158.8045436743338D0,2029.980645688217D0,    0000011P   4898
-15.91047064934855D0,159.3106922914885D0,2037.435439651267D0,    0000011P   4899
-13.5524732024489D0,159.8300164276165D0,2044.845779174875D0,     0000011P   4900
-11.23287097427938D0,160.365900252534D0,2052.230457100025D0,     0000011P   4901
-8.93928275361052D0,160.9011882641804D0,2059.59989778289D0,      0000011P   4902
-6.669777612321262D0,161.4361550843274D0,2066.941884412315D0,    0000011P   4903
-4.424890354732296D0,161.9604516390526D0,2074.249233157879D0,    0000011P   4904
-2.205578484498856D0,162.4718683078851D0,2079.121030525195D0,    0000011P   4905
-0.7335516346097682D0,162.8026921619141D0,2081.553352369926D0,   0000011P   4906
1.262184801120725D-14,162.9651006597405D0,-200.0D0,              0000011P   4907
-136.7251142187234D0,129.2835039141341D0,-183.3284744057175D0,   0000011P   4908
-139.6049537503273D0,127.4896785170461D0,-149.9879393782771D0,   0000011P   4909
-145.4496174768163D0,123.8740987800754D0,-105.5523043004637D0,   0000011P   4910
-153.4814806158522D0,118.9739746668393D0,-66.63908910361081D0,   0000011P   4911
-160.7032124786151D0,114.624205521441D0,-33.33533771051929D0,    0000011P   4912
-167.0029230603553D0,110.8375879775909D0,5.574500175942499D0,    0000011P   4913
-174.4717919942084D0,106.3250454247226D0,50.0061693311131D0,     0000011P   4914
-183.1441948191767D0,101.0217051856744D0,99.99821831064972D0,    0000011P   4915
-192.923550262285D0,95.03844014769304D0,149.9907766159691D0,     0000011P   4916
-202.5597235591236D0,89.2179440979092D0,199.9748037393204D0,     0000011P   4917
-211.8402503605457D0,83.64468112307699D0,249.9612191822546D0,    0000011P   4918
-220.5385487214217D0,78.39032889619452D0,294.4148398236659D0,    0000011P   4919
-227.6397903604109D0,74.10896471172997D0,333.2918109421342D0,    0000011P   4920
-233.29222331839D0,70.71727704902287D0,366.6371956440837D0,      0000011P   4921
-237.7432074891993D0,68.06090229690747D0,399.969111657121D0,     0000011P   4922
-241.7834187574586D0,65.65887135115592D0,433.2995686534218D0,    0000011P   4923
-245.389038445796D0,63.50931353579135D0,466.6250402365679D0,     0000011P   4924
-248.578289734122D0,61.60817240858593D0,499.9763655746344D0,     0000011P   4925
-251.3587618340423D0,59.94207851871334D0,533.3083571464077D0,    0000011P   4926
-253.7342142124949D0,58.49984945911984D0,566.6331023973828D0,    0000011P   4927
-255.7032810988334D0,57.2845323569509D0,605.5376334273711D0,     0000011P   4928
-257.5166487480398D0,56.13367947552365D0,649.9870202460836D0,    0000011P   4929
-258.882754739923D0,55.20486355430956D0,699.9984640894672D0,     0000011P   4930
-259.4503468118121D0,54.66201442514847D0,749.9999210329492D0,    0000011P   4931
-259.0270168145556D0,54.59123224309882D0,800.0209032760628D0,    0000011P   4932
-257.6656846395514D0,55.00998489145856D0,850.0328529095021D0,    0000011P   4933
-255.4144612885987D0,55.93646786889325D0,900.0344705905749D0,    0000011P   4934
-252.283002617323D0,57.30969870380711D0,950.0290779565814D0,     0000011P   4935
-248.2660379332465D0,59.06856076017815D0,1000.044128792014D0,    0000011P   4936
-243.4194924977115D0,61.26038870342544D0,1050.032162213779D0,    0000011P   4937
-237.7758315529426D0,63.92955505153384D0,1100.043209328164D0,    0000011P   4938
-231.3448757370809D0,67.01989968890331D0,1150.040308818712D0,    0000011P   4939
-224.1079845563594D0,70.47225996317509D0,1200.039774816962D0,    0000011P   4940
-216.1264107059271D0,74.27023317080071D0,1250.051930207776D0,    0000011P   4941
-207.4219975323825D0,78.38819132750137D0,1300.043079179714D0,    0000011P   4942
-198.0808044117074D0,82.79783218760068D0,1350.027211723677D0,    0000011P   4943
-188.1270251562389D0,87.4628452299081D0,1400.043721260038D0,     0000011P   4944
-177.6585788878188D0,92.37222256360903D0,1450.036262521959D0,    0000011P   4945
-166.7289843216308D0,97.50146352664379D0,1500.037741768759D0,    0000011P   4946
-155.4366633156839D0,102.7539458558085D0,1550.033455290107D0,    0000011P   4947
-143.8367345547235D0,108.0195971248101D0,1600.037719993904D0,    0000011P   4948
-132.0010195712538D0,113.3207837789462D0,1650.025574019179D0,    0000011P   4949
-119.9440869496215D0,118.6698833876441D0,1700.041725721793D0,    0000011P   4950
-107.6150620225933D0,124.0971234456246D0,1750.036802499453D0,    0000011P   4951
-94.90887770926105D0,129.6218658575395D0,1785.098771296351D0,    0000011P   4952
-85.83217230446152D0,133.585823859409D0,1805.272061410647D0,     0000011P   4953
-80.57721713610172D0,135.895760129194D0,1810.545673197327D0,     0000011P   4954
-79.20203346432638D0,136.5011651965187D0,1815.809550812662D0,    0000011P   4955
-77.82410443494399D0,137.1077920998927D0,1821.096349052019D0,    0000011P   4956
-76.43897967618685D0,137.7166732173532D0,1826.362334741989D0,    0000011P   4957
-75.05737094610468D0,138.3277049529935D0,1831.631819363348D0,    0000011P   4958
-73.66517239408429D0,138.9398557379707D0,1836.899023702008D0,    0000011P   4959
-72.27094490027352D0,139.5545143012553D0,1842.178361508408D0,    0000011P   4960
-70.86659294098519D0,140.1712459378182D0,1847.447420270726D0,    0000011P   4961
-69.45967911249858D0,140.7903256478378D0,1852.704201757005D0,    0000011P   4962
-68.04659473442733D0,141.4116606483931D0,1857.969944916339D0,    0000011P   4963
-66.62048654201138D0,142.0336401090272D0,1863.223616441665D0,    0000011P   4964
-65.19188652086456D0,142.6636027745214D0,1868.502121147534D0,    0000011P   4965
-63.74463025403471D0,143.2772176975449D0,1873.74394377032D0,     0000011P   4966
-62.29943783358666D0,143.8946173307153D0,1879.012618384643D0,    0000011P   4967
-60.83169039288897D0,144.5161796722845D0,1884.250304434458D0,    0000011P   4968
-59.36259339909657D0,145.1428533242871D0,1889.506785870677D0,    0000011P   4969
-57.87537465459243D0,145.7749114076344D0,1894.75809378724D0,     0000011P   4970
-56.37527831513785D0,146.4125839994617D0,1900.824527712876D0,    0000011P   4971
-54.625404204551D0,147.1576747409443D0,1907.711572871224D0,      0000011P   4972
-52.61676695828148D0,148.0156451034225D0,1915.390828165376D0,    0000011P   4973
-50.35009797392431D0,148.9861232542115D0,1923.097607538306D0,    0000011P   4974
-48.06297616862737D0,149.9641590128766D0,1930.78269373343D0,     0000011P   4975
-45.770287341734D0,150.944484020294D0,1938.478214652125D0,       0000011P   4976
-43.47924588904097D0,151.9267884372654D0,1946.174595202732D0,    0000011P   4977
-41.19691836048533D0,152.9087570387538D0,1953.858797623638D0,    0000011P   4978
-38.93686700045252D0,153.8912127257511D0,1961.563528903496D0,    0000011P   4979
-36.69858924222221D0,154.876890902919D0,1969.262669212876D0,     0000011P   4980
-34.50259207475168D0,155.8765384747723D0,1976.976483965477D0,    0000011P   4981
-32.33817717173217D0,156.8905860054761D0,1984.63994212126D0,     0000011P   4982
-30.27219232282483D0,157.9859601287324D0,1992.539660993172D0,    0000011P   4983
-28.08767812478618D0,159.0446424476858D0,1998.802901020126D0,    0000011P   4984
-26.78364455419629D0,160.5688127448444D0,2007.755609670793D0,    0000011P   4985
-23.6247412752851D0,160.9106327355824D0,2015.2573432525D0,       0000011P   4986
-21.20781333289143D0,161.4269978332872D0,2022.955428809484D0,    0000011P   4987
-18.7052775569747D0,161.8893561837861D0,2030.544253501141D0,     0000011P   4988
-16.28152874045545D0,162.3835981037921D0,2038.142171773707D0,    0000011P   4989
-13.87457740658722D0,162.8913144885268D0,2045.695918258625D0,    0000011P   4990
-11.50471580080205D0,163.4157264872274D0,2053.225388300007D0,    0000011P   4991
-9.159379159044029D0,163.9401574495863D0,2060.740471983307D0,    0000011P   4992
-6.836720956342757D0,164.464816156877D0,2068.228674205353D0,     0000011P   4993
-4.537423624078371D0,164.9796196849755D0,2075.682277359431D0,    0000011P   4994
-2.262603131410018D0,165.4823702058577D0,2080.652070948198D0,    0000011P   4995
-0.752682934879221D0,165.807977651162D0,2083.133405077334D0,     0000011P   4996
1.262184801120725D-14,165.9679234479023D0,-200.0D0,              0000011P   4997
-138.180428532995D0,133.3178037525114D0,-183.3283686627885D0,    0000011P   4998
-141.0879073706094D0,131.6135400949032D0,-149.9875699040848D0,   0000011P   4999
-146.989744219321D0,128.166621182674D0,-105.5523869316317D0,     0000011P   5000
-155.0888995092767D0,123.4343466258329D0,-66.6390262736364D0,    0000011P   5001
-162.3530510980924D0,119.168599674275D0,-33.33509807286821D0,    0000011P   5002
-168.6915189235457D0,115.4406885308098D0,5.574387004907444D0,    0000011P   5003
-176.2248571678036D0,111.0161791671862D0,50.00628019559387D0,    0000011P   5004
-185.0214943702884D0,105.8906706516539D0,99.99834668365823D0,    0000011P   5005
-194.9787421752368D0,100.1180884438809D0,149.9901523343152D0,    0000011P   5006
-204.8006575793231D0,94.42521923379258D0,199.9751343656505D0,    0000011P   5007
-214.2858888372046D0,88.93586952392693D0,249.9605210699095D0,    0000011P   5008
-223.2185358173863D0,83.76141211275007D0,294.4151433893135D0,    0000011P   5009
-230.5393917063527D0,79.53578819727761D0,333.2913240355831D0,    0000011P   5010
-236.3808177852224D0,76.1733861777013D0,366.6363574931609D0,     0000011P   5011
-240.9894569258294D0,73.53250763681538D0,399.9695120829222D0,    0000011P   5012
-245.1806609465562D0,71.14020753502734D0,433.2988048988382D0,    0000011P   5013
-248.9281106485215D0,68.99862165610384D0,466.6246038183385D0,    0000011P   5014
-252.2467901852488D0,67.10311041781583D0,499.9766400835908D0,    0000011P   5015
-255.1407997852833D0,65.44002525386568D0,533.3076960748266D0,    0000011P   5016
-257.6103256878349D0,63.99783802151035D0,566.6326446219031D0,    0000011P   5017
-259.6544029626697D0,62.78279582465156D0,605.5378959319714D0,    0000011P   5018
-261.5332957774897D0,61.63630341626443D0,649.9865088258216D0,    0000011P   5019
-262.943220144018D0,60.72354075430063D0,699.9984924231599D0,     0000011P   5020
-263.5234619116067D0,60.21959827063081D0,750.0003189438545D0,    0000011P   5021
-263.0812624520461D0,60.21483910572663D0,800.0205913786233D0,    0000011P   5022
-261.6353212227978D0,60.66617836511846D0,850.0337031137643D0,    0000011P   5023
-259.1993330435535D0,61.53114118008727D0,900.0339054207209D0,    0000011P   5024
-255.8641929678284D0,62.86645634676182D0,950.0304895490809D0,    0000011P   5025
-251.7058700855432D0,64.72912799754008D0,1000.043449970804D0,    0000011P   5026
-246.6971751173015D0,67.00912148634268D0,1050.033465641444D0,    0000011P   5027
-240.7865529639235D0,69.59265134857472D0,1100.042610980619D0,    0000011P   5028
-234.0731388990083D0,72.5757557441066D0,1150.041398249264D0,     0000011P   5029
-226.6274983251319D0,76.05229976971621D0,1200.03908670634D0,     0000011P   5030
-218.4651369687333D0,79.89973847105094D0,1250.05359465627D0,     0000011P   5031
-209.560939187469D0,83.98585108243057D0,1300.042299346841D0,     0000011P   5032
-200.0171896078423D0,88.30310956204886D0,1350.028666068556D0,    0000011P   5033
-189.8727963991457D0,92.83622763093621D0,1400.043119107495D0,    0000011P   5034
-179.2289776634422D0,97.58123313053666D0,1450.03721558581D0,     0000011P   5035
-168.1413405200252D0,102.5211232913691D0,1500.037123223717D0,    0000011P   5036
-156.7157721176758D0,107.6027429676106D0,1550.034977656927D0,    0000011P   5037
-145.0136179328101D0,112.7601194808488D0,1600.037098335415D0,    0000011P   5038
-133.092385792292D0,117.9661766382151D0,1650.026537106877D0,     0000011P   5039
-120.9505821284893D0,123.1838752271144D0,1700.040934666238D0,    0000011P   5040
-108.5412468830913D0,128.4561050410948D0,1750.039006470591D0,    0000011P   5041
-95.7616178751309D0,133.8152589090676D0,1785.099262497142D0,     0000011P   5042
-86.63483669071249D0,137.6514584071135D0,1805.271884058321D0,    0000011P   5043
-81.35000349494138D0,139.883039980663D0,1810.545201286532D0,     0000011P   5044
-79.96699837490162D0,140.4677410567584D0,1815.80908188208D0,     0000011P   5045
-78.58125612648959D0,141.0534771436814D0,1821.095881489202D0,    0000011P   5046
-77.18825893270105D0,141.6412709865713D0,1826.361028634853D0,    0000011P   5047
-75.79903015959457D0,142.2310460006941D0,1831.630717543944D0,    0000011P   5048
-74.39915512434919D0,142.8218275634022D0,1836.897533308513D0,    0000011P   5049
-72.99745254317409D0,143.4149832753664D0,1842.17689131476D0,     0000011P   5050
-71.58566831834752D0,144.0101161239609D0,1847.445485022648D0,    0000011P   5051
-70.17159792511336D0,144.6075159078203D0,1852.701965015078D0,    0000011P   5052
-68.7515862801332D0,145.2071165066258D0,1857.968090413924D0,     0000011P   5053
-67.31865260108559D0,145.8073827217362D0,1863.221323220718D0,    0000011P   5054
-65.8836359872823D0,146.415440233708D0,1868.5003910999D0,        0000011P   5055
-64.430011725405D0,147.0077666339527D0,1873.741608716224D0,      0000011P   5056
-62.97906172387773D0,147.603868610702D0,1879.011102919094D0,     0000011P   5057
-61.50559545846091D0,148.2041356379757D0,1884.248661473669D0,    0000011P   5058
-60.0313923470459D0,148.8095093874184D0,1889.505573527108D0,     0000011P   5059
-58.5393047011329D0,149.4202778387405D0,1894.75749361668D0,      0000011P   5060
-57.03475159443482D0,150.036687316622D0,1900.82465402828D0,      0000011P   5061
-55.28027172456185D0,150.757208552403D0,1907.712255196737D0,     0000011P   5062
-53.26721197929588D0,151.5873097138577D0,1915.392162160875D0,    0000011P   5063
-50.99640608400635D0,152.5266847810362D0,1923.09970864851D0,     0000011P   5064
-48.70537479342986D0,153.4736583711784D0,1930.785927800541D0,    0000011P   5065
-46.40885562899528D0,154.4229983287595D0,1938.482067328596D0,    0000011P   5066
-44.11372292349627D0,155.3742710652514D0,1946.179062813691D0,    0000011P   5067
-41.82669946772025D0,156.3251022956891D0,1953.863322438294D0,    0000011P   5068
-39.56116613926428D0,157.2761546304806D0,1961.568157660348D0,    0000011P   5069
-37.31608738434193D0,158.2299414890125D0,1969.266095994104D0,    0000011P   5070
-35.11196244373641D0,159.1967293533666D0,1976.980263163071D0,    0000011P   5071
-32.93730511008321D0,160.1768011523871D0,1984.637235400862D0,    0000011P   5072
-30.86011394488693D0,161.2347908373886D0,1992.555128371462D0,    0000011P   5073
-28.65748513692498D0,162.2563533417237D0,1998.750803505044D0,    0000011P   5074
-27.35052768044994D0,163.7276309794526D0,2007.902926752837D0,    0000011P   5075
-24.13618954426371D0,164.0540943635146D0,2015.530265576223D0,    0000011P   5076
-21.67745850780633D0,164.5491611428429D0,2023.369580128682D0,    0000011P   5077
-19.12823187416027D0,164.9913148887206D0,2031.094952565828D0,    0000011P   5078
-16.657154780951D0,165.4637113396104D0,2038.831694410515D0,      0000011P   5079
-14.2008284893953D0,165.948571342399D0,2046.524167789082D0,      0000011P   5080
-11.78019302594295D0,166.4490482357579D0,2054.193391557266D0,    0000011P   5081
-9.382509982318556D0,166.9490394311455D0,2061.848742538289D0,    0000011P   5082
-7.006027145309373D0,167.4487830793503D0,2069.477468345461D0,    0000011P   5083
-4.651584481961964D0,167.9385576160598D0,2077.071338604269D0,    0000011P   5084
-2.320466335546373D0,168.4162722157095D0,2082.134954020099D0,    0000011P   5085
-0.7720975273004896D0,168.7252576710965D0,2084.663171023228D0,   0000011P   5086
1.262184801120725D-14,168.8769307447386D0,-199.9999999999999D0,  0000011P   5087
-139.6492885233615D0,137.4814286243367D0,-183.3282629198598D0,   0000011P   5088
-142.556993094549D0,135.7972829164197D0,-149.987200429893D0,     0000011P   5089
-148.4669623624283D0,132.3999764935805D0,-105.5524695628001D0,   0000011P   5090
-156.6004486344189D0,127.7739304975316D0,-66.63896344366182D0,   0000011P   5091
-163.9142410277191D0,123.6413995630902D0,-33.33485843521649D0,   0000011P   5092
-170.3053865529183D0,120.040869951877D0,5.574273833873215D0,     0000011P   5093
-177.9085970685187D0,115.7638061243666D0,50.00639106007462D0,    0000011P   5094
-186.7917470567767D0,110.7805509396806D0,99.99847505666551D0,    0000011P   5095
-196.8622770662265D0,105.1391400133404D0,149.98952805266D0,      0000011P   5096
-206.8202831957486D0,99.55521108026682D0,199.97546499198D0,      0000011P   5097
-216.4697833333546D0,94.1682607022609D0,249.9598229575656D0,     0000011P   5098
-225.5997939655613D0,89.10569782128434D0,294.4154469549623D0,    0000011P   5099
-233.1064305351328D0,84.962145963887D0,333.2908371290295D0,      0000011P   5100
-239.1036064046257D0,81.64028148539455D0,366.6355193422339D0,    0000011P   5101
-243.8431910314664D0,79.02520907007826D0,399.9699125087223D0,    0000011P   5102
-248.1647159541703D0,76.66233739499927D0,433.2980411442656D0,    0000011P   5103
-252.0435950935268D0,74.56648715501981D0,466.6241674001267D0,    0000011P   5104
-255.4879313260636D0,72.72157620482551D0,499.9769145925526D0,    0000011P   5105
-258.4947145747044D0,71.10286979109725D0,533.3070350032061D0,    0000011P   5106
-261.0569457938073D0,69.68771996646441D0,566.6321868463582D0,    0000011P   5107
-263.1715719607739D0,68.48429751159787D0,605.5381584365584D0,    0000011P   5108
-265.1042763120158D0,67.33563812990469D0,649.9859974058094D0,    0000011P   5109
-266.5312043120051D0,66.40110466310462D0,699.9985207570228D0,    0000011P   5110
-267.0806657822797D0,65.85901419368285D0,750.0007168538263D0,    0000011P   5111
-266.5677379819813D0,65.81515004422553D0,800.0202794805467D0,    0000011P   5112
-265.0476542631494D0,66.28285368033491D0,850.0345533215133D0,    0000011P   5113
-262.5705945930025D0,67.27619297119509D0,900.0333402532484D0,    0000011P   5114
-259.1604718191812D0,68.73123128208925D0,950.0319011285361D0,    0000011P   5115
-254.8256698640842D0,70.58378136187396D0,1000.042771140684D0,    0000011P   5116
-249.6082821900646D0,72.82150074280301D0,1050.034769117939D0,    0000011P   5117
-243.5258465107304D0,75.42877394032786D0,1100.042012666428D0,    0000011P   5118
-236.6307436979285D0,78.40149807047118D0,1150.042487497006D0,    0000011P   5119
-228.9458819472471D0,81.73286138731331D0,1200.03839847085D0,     0000011P   5120
-220.5415795926764D0,85.40259878498006D0,1250.05525978922D0,     0000011P   5121
-211.4468859704562D0,89.3816358154843D0,1300.041519981489D0,     0000011P   5122
-201.7489741272148D0,93.63254357534012D0,1350.030117850733D0,    0000011P   5123
-191.4699300795903D0,98.11016449633509D0,1400.042515204456D0,    0000011P   5124
-180.706877399642D0,102.7948643862756D0,1450.0381782433D0,       0000011P   5125
-169.5100031500789D0,107.654199277564D0,1500.036511231793D0,     0000011P   5126
-157.9770584149471D0,112.6048845309293D0,1550.036464117276D0,    0000011P   5127
-146.1598968573167D0,117.5510250834393D0,1600.036452150635D0,    0000011P   5128
-134.1313473664604D0,122.5311126855126D0,1650.027634563447D0,    0000011P   5129
-121.9036390667283D0,127.5743450536886D0,1700.04023538878D0,     0000011P   5130
-109.4220273877048D0,132.6899119549142D0,1750.04070750037D0,     0000011P   5131
-96.57430149207171D0,137.8767055550611D0,1785.099362560517D0,    0000011P   5132
-87.40106542841764D0,141.5862461407526D0,1805.271839915309D0,    0000011P   5133
-82.08895255286015D0,143.7449722554268D0,1810.545016854757D0,    0000011P   5134
-80.69882790272679D0,144.3106230080159D0,1815.809066226358D0,    0000011P   5135
-79.30599435150408D0,144.87731217551D0,1821.096038813281D0,      0000011P   5136
-77.90586377331063D0,145.4460266115486D0,1826.360519132918D0,    0000011P   5137
-76.50976827857318D0,146.0166904839676D0,1831.630578444375D0,    0000011P   5138
-75.1029814886225D0,146.5883598577129D0,1836.897160435892D0,     0000011P   5139
-73.69457709208847D0,147.1623549465529D0,1842.176676419491D0,    0000011P   5140
-72.27613955357413D0,147.7382901716634D0,1847.444920116991D0,    0000011P   5141
-70.85569436364735D0,148.3164438715325D0,1852.701185216216D0,    0000011P   5142
-69.42953717237707D0,148.8967503298416D0,1857.967745301888D0,    0000011P   5143
-67.99055681623983D0,149.4777237211628D0,1863.220551974203D0,    0000011P   5144
-66.54989664460476D0,150.0662504032254D0,1868.500150037555D0,    0000011P   5145
-65.09066878414672D0,150.6395902475813D0,1873.740678375148D0,    0000011P   5146
-63.63471409600837D0,151.2165979194738D0,1879.010850901234D0,    0000011P   5147
-62.15626753470134D0,151.7976481100885D0,1884.248077992248D0,    0000011P   5148
-60.67767960521287D0,152.3836493020776D0,1889.505148281659D0,    0000011P   5149
-59.18142426451976D0,152.9748780753484D0,1894.757334040134D0,    0000011P   5150
-57.67309264064591D0,153.5715707435234D0,1900.824727574274D0,    0000011P   5151
-55.91476201307523D0,154.2690458266081D0,1907.712185407124D0,    0000011P   5152
-53.89809074803566D0,155.0725919790842D0,1915.391843048648D0,    0000011P   5153
-51.62400353146514D0,155.9819553002745D0,1923.099204920997D0,    0000011P   5154
-49.32987569032662D0,156.8987527682805D0,1930.785621825441D0,    0000011P   5155
-47.03030620151794D0,157.8179631808578D0,1938.481528546741D0,    0000011P   5156
-44.73183906821309D0,158.7392039498287D0,1946.178438601478D0,    0000011P   5157
-42.44086305543337D0,159.6602164799809D0,1953.862273379088D0,    0000011P   5158
-40.17058740737087D0,160.5816778408193D0,1961.567016069691D0,    0000011P   5159
-37.91945331655658D0,161.5060542161363D0,1969.263908794105D0,    0000011P   5160
-35.70796200898307D0,162.443306415261D0,1976.979004848537D0,     0000011P   5161
-33.52384912961352D0,163.3937444813977D0,1984.630555003138D0,    0000011P   5162
-31.43627374517949D0,164.4198844331542D0,1992.568240535819D0,    0000011P   5163
-29.21639736986269D0,165.411229283772D0,1998.698426366845D0,     0000011P   5164
-27.90736996213607D0,166.8374375983283D0,2008.052397984694D0,    0000011P   5165
-24.63843199399433D0,167.1570495468629D0,2015.80796641408D0,     0000011P   5166
-22.13869738517224D0,167.6395855435705D0,2023.791516617744D0,    0000011P   5167
-19.54361328597399D0,168.07125078779D0,2031.656807591613D0,      0000011P   5168
-17.02607255145148D0,168.532419270516D0,2039.536089779265D0,     0000011P   5169
-14.52126455350624D0,169.0058946210836D0,2047.37133464603D0,     0000011P   5170
-12.05077447232726D0,169.4947151983812D0,2055.18466640337D0,     0000011P   5171
-9.601687628141177D0,169.9833053064158D0,2062.98493045638D0,     0000011P   5172
-7.172343492214395D0,170.4718852962736D0,2070.759098978947D0,    0000011P   5173
-4.763736939981397D0,170.9510477942362D0,2078.49841067286D0,     0000011P   5174
-2.377318061544623D0,171.4187618079814D0,2083.659455498808D0,    0000011P   5175
-0.7911738242344327D0,171.7215296393159D0,2086.236395648843D0,   0000011P   5176
1.262184801120725D-14,171.8702195135007D0,-200.0D0,              0000011P   5177
-141.05585438996D0,141.5708398723865D0,-183.3281571769309D0,     0000011P   5178
-143.9765963940199D0,139.9441826754D0,-149.9868309557007D0,      0000011P   5179
-149.9150136135427D0,136.6604130683737D0,-105.552552193968D0,    0000011P   5180
-158.088810140348D0,132.1779717072371D0,-66.63890061368721D0,    0000011P   5181
-165.4369999297591D0,128.1625696091515D0,-33.33461879756521D0,   0000011P   5182
-171.8606656285117D0,124.6611829522743D0,5.574160662838337D0,    0000011P   5183
-179.5100768396827D0,120.5039689628995D0,50.00650192455543D0,    0000011P   5184
-188.4640863579509D0,115.6708490651139D0,99.99860342967378D0,    0000011P   5185
-198.6380413726712D0,110.2021392992904D0,149.9889037710055D0,    0000011P   5186
-208.7223860784621D0,104.7807478095378D0,199.9757956183096D0,    0000011P   5187
-218.5177597054098D0,99.53945508599651D0,249.9591248452213D0,    0000011P   5188
-227.809364855077D0,94.59936989027253D0,294.4157505206108D0,     0000011P   5189
-235.4739576631705D0,90.55560035240453D0,333.2903502224759D0,    0000011P   5190
-241.619520946289D0,87.32296238435819D0,366.6346811913072D0,     0000011P   5191
-246.4843446512596D0,84.77473433145531D0,399.9703129345226D0,    0000011P   5192
-250.9200846484963D0,82.45828404613141D0,433.2972773896916D0,    0000011P   5193
-254.8929371668737D0,80.37787496579909D0,466.623730981913D0,     0000011P   5194
-258.416716003368D0,78.53116123384703D0,499.977189101514D0,      0000011P   5195
-261.4938324133818D0,76.90737818573268D0,533.3063739315905D0,    0000011P   5196
-264.1225951422812D0,75.49773701889077D0,566.6317290708212D0,    0000011P   5197
-266.2988445053766D0,74.31145025009921D0,605.538420941147D0,     0000011P   5198
-268.2962332036457D0,73.19762202210936D0,649.9854859857668D0,    0000011P   5199
-269.7846452936959D0,72.32583944267904D0,699.998549090865D0,     0000011P   5200
-270.3707916720847D0,71.85583309576565D0,750.0011147639119D0,    0000011P   5201
-269.8462471840754D0,71.85646663698012D0,800.0199675825483D0,    0000011P   5202
-268.2677932097074D0,72.34775004396593D0,850.0354035288391D0,    0000011P   5203
-265.6870141805825D0,73.35038626196416D0,900.0327750854867D0,    0000011P   5204
-262.1303739472097D0,74.76726898597714D0,950.0333127095776D0,    0000011P   5205
-257.608479133613D0,76.50089020491259D0,1000.042092311648D0,     0000011P   5206
-252.2028500034796D0,78.63381578863479D0,1050.036072588495D0,    0000011P   5207
-245.9701340168548D0,81.24592644513187D0,1100.04141434818D0,     0000011P   5208
-238.9348284708458D0,84.24731254564412D0,1150.043576766981D0,    0000011P   5209
-231.0911041370659D0,87.54487870092376D0,1200.037710250547D0,    0000011P   5210
-222.5220548342595D0,91.14131325029034D0,1250.05692483893D0,     0000011P   5211
-213.2685362725095D0,95.03081294742783D0,1300.040740559279D0,    0000011P   5212
-203.4222520137821D0,99.17816970264326D0,1350.031569944578D0,    0000011P   5213
-193.0081801690056D0,103.5406526577959D0,1400.041911514308D0,    0000011P   5214
-182.1179357981091D0,108.0728468984462D0,1450.039139734046D0,    0000011P   5215
-170.794871730739D0,112.7168092577872D0,1500.035898442901D0,     0000011P   5216
-159.1508180101636D0,117.459460721565D0,1550.037954944447D0,     0000011P   5217
-147.2504652339306D0,122.2759107682827D0,1600.035808948659D0,    0000011P   5218
-135.1511556593756D0,127.1420357369237D0,1650.028715678543D0,    0000011P   5219
-122.8478578575368D0,132.0244115014965D0,1700.039524949588D0,    0000011P   5220
-110.29548285721D0,136.9707935788342D0,1750.042469696125D0,      0000011P   5221
-97.38987918093605D0,142.019152434069D0,1785.099510192664D0,     0000011P   5222
-88.17646695570926D0,145.6226410827863D0,1805.271779571844D0,    0000011P   5223
-82.838169153694D0,147.7079351633604D0,1810.544797460785D0,      0000011P   5224
-81.4410982675881D0,148.2538338638165D0,1815.808995444926D0,     0000011P   5225
-80.04124660419802D0,148.8002922166833D0,1821.096120140793D0,    0000011P   5226
-78.63396843581872D0,149.3483300630286D0,1826.359912750633D0,    0000011P   5227
-77.23091732429873D0,149.8979412021869D0,1831.630322262173D0,    0000011P   5228
-75.81706790217407D0,150.4482812656257D0,1836.896651654273D0,    0000011P   5229
-74.40176153754888D0,151.0006919591398D0,1842.176308859205D0,    0000011P   5230
-72.97643396440458D0,151.5548680166345D0,1847.44418855506D0,     0000011P   5231
-71.54935339568658D0,152.11114519538D0,1852.700228229012D0,      0000011P   5232
-70.11677892192472D0,152.669527061986D0,1857.96721662305D0,      0000011P   5233
-68.67148170544711D0,153.2286460431668D0,1863.219595630457D0,    0000011P   5234
-67.22492205273376D0,153.7952180527527D0,1868.499727890004D0,    0000011P   5235
-65.75986163750631D0,154.3473541213639D0,1873.739577197766D0,    0000011P   5236
-64.29871298067957D0,154.9033257701844D0,1879.010445227267D0,    0000011P   5237
-62.81514922256997D0,155.4635617864934D0,1884.247365660636D0,    0000011P   5238
-61.3321046623142D0,156.0290063428795D0,1889.504627312078D0,     0000011P   5239
-59.83168760941916D0,156.5999934983749D0,1894.75712088008D0,     0000011P   5240
-58.31967395327337D0,157.1768184344733D0,1900.824807537902D0,    0000011P   5241
-56.55772365721273D0,157.8517900684792D0,1907.712207087136D0,    0000011P   5242
-54.5378916514059D0,158.630516493062D0,1915.39172498163D0,       0000011P   5243
-52.26122909571974D0,159.5130027194022D0,1923.09901798478D0,     0000011P   5244
-49.96486221522586D0,160.4036506462064D0,1930.78574637795D0,     0000011P   5245
-47.66320168447256D0,161.2973501359213D0,1938.481523838758D0,    0000011P   5246
-45.36241141919562D0,162.19346971213D0,1946.178433639072D0,      0000011P   5247
-43.06849640083156D0,163.0895665807834D0,1953.861902195016D0,    0000011P   5248
-40.79444448234903D0,163.9860323818934D0,1961.566576248607D0,    0000011P   5249
-38.53812384477779D0,164.8849861750691D0,1969.262404346957D0,    0000011P   5250
-36.31998794150126D0,165.7957832082971D0,1976.978359178689D0,    0000011P   5251
-34.1269445119917D0,166.7184607505522D0,1984.624357870217D0,     0000011P   5252
-32.02926337038907D0,167.7131169991458D0,1992.581639133097D0,    0000011P   5253
-29.79212159846087D0,168.6728031586188D0,1998.646083235438D0,    0000011P   5254
-28.48068712205695D0,170.0506550891572D0,2008.201607236354D0,    0000011P   5255
-25.1565386180889D0,170.3585631049334D0,2016.085086105688D0,     0000011P   5256
-22.61501540341226D0,170.8227532279581D0,2024.212506301556D0,    0000011P   5257
-19.97307524750049D0,171.2368148186596D0,2032.217305868255D0,    0000011P   5258
-17.40787215368536D0,171.6784210678373D0,2040.238676378144D0,    0000011P   5259
-14.85319703540667D0,172.1310393345473D0,2048.216200843602D0,    0000011P   5260
-12.33129365744609D0,172.5976739451672D0,2056.173111039872D0,    0000011P   5261
-9.829084499385722D0,173.0633570435254D0,2064.117723161978D0,    0000011P   5262
-7.345014147824625D0,173.5283721282786D0,2072.036736152445D0,    0000011P   5263
-4.880245817438672D0,173.983706963575D0,2079.92085999742D0,      0000011P   5264
-2.436408776016166D0,174.4274713376074D0,2085.178895491797D0,    0000011P   5265
-0.8110067484361662D0,174.7142871872725D0,2087.804334981153D0,   0000011P   5266
1.262184801120725D-14,174.8550314273011D0,-199.9999999999999D0,  0000011P   5267
-142.412136967468D0,145.604090750045D0,-183.328051434002D0,      0000011P   5268
-145.3468088168419D0,144.0394195565364D0,-149.9864614815086D0,   0000011P   5269
-151.314915211361D0,140.8804778378098D0,-105.5526348251363D0,    0000011P   5270
-159.5325413407774D0,136.5734791437767D0,-66.63883778371266D0,   0000011P   5271
-166.9219860815634D0,132.7230862394937D0,-33.33437915991367D0,   0000011P   5272
-173.3833264929019D0,129.3649623131455D0,5.574047491803851D0,    0000011P   5273
-181.080236694818D0,125.3702200039315D0,50.00661278903627D0,     0000011P   5274
-190.0943116951954D0,120.7054830831838D0,99.99873180268159D0,    0000011P   5275
-200.347044935265D0,115.40321757607D0,149.9882794893508D0,       0000011P   5276
-210.5246633383628D0,110.1256910270291D0,199.9761262446392D0,    0000011P   5277
-220.4348383964579D0,105.0276700268556D0,249.9584267328767D0,    0000011P   5278
-229.8693363161671D0,100.2525956218537D0,294.416054086259D0,     0000011P   5279
-237.6675347182821D0,96.3320130232452D0,333.2898633159234D0,     0000011P   5280
-243.9209348993022D0,93.15912563448734D0,366.6338430403823D0,    0000011P   5281
-248.8735154684443D0,90.64101030676525D0,399.9707133603233D0,    0000011P   5282
-253.3936759063334D0,88.34546072499606D0,433.2965136351135D0,    0000011P   5283
-257.4487643896446D0,86.28876857443714D0,466.6232945636923D0,    0000011P   5284
-261.0517327768417D0,84.46908492199549D0,499.9774636104727D0,    0000011P   5285
-264.2038786790488D0,82.87645208147238D0,533.3057128599886D0,    0000011P   5286
-266.9023000847395D0,81.50280947386476D0,566.6312712953076D0,    0000011P   5287
-269.1379776298752D0,80.35058642959226D0,605.5386834457406D0,    0000011P   5288
-271.1869078845771D0,79.26639898508935D0,649.9849745656344D0,    0000011P   5289
-272.7004403044572D0,78.40283055796282D0,699.9985774246457D0,    0000011P   5290
-273.2834784675397D0,77.93577480695248D0,750.0015126743332D0,    0000011P   5291
-272.7385172852348D0,77.9617197607937D0,800.0196556847783D0,     0000011P   5292
-271.1015535625609D0,78.44654743461416D0,850.0362537349073D0,    0000011P   5293
-268.4032331929856D0,79.35673450682745D0,900.0322099168664D0,    0000011P   5294
-264.7313516110249D0,80.73256143915424D0,950.0347242953195D0,    0000011P   5295
-260.1577291967855D0,82.61441408592353D0,1000.041413485822D0,    0000011P   5296
-254.6820594601523D0,84.8693337423471D0,1050.037376041457D0,     0000011P   5297
-248.278149825425D0,87.36058037340722D0,1100.040816017914D0,     0000011P   5298
-241.0475325726309D0,90.18303117263233D0,1150.044666102823D0,    0000011P   5299
-233.0611182074947D0,93.42943665999349D0,1200.037022075233D0,    0000011P   5300
-224.3692714950628D0,97.00195811627074D0,1250.058589642024D0,    0000011P   5301
-214.978883279702D0,100.7939485309101D0,1300.039960968618D0,     0000011P   5302
-204.9933250152524D0,104.7880802930425D0,1350.033022961781D0,    0000011P   5303
-194.4476179561722D0,108.959829555543D0,1400.041308454873D0,     0000011P   5304
-183.4436755729981D0,113.3121377885821D0,1450.040097768132D0,    0000011P   5305
-172.0338879577326D0,117.8361302605319D0,1500.035283292873D0,    0000011P   5306
-160.3158326527513D0,122.4717079306718D0,1550.039458708978D0,    0000011P   5307
-148.3385254409025D0,127.1470899521357D0,1600.035174583682D0,    0000011P   5308
-136.1656008442416D0,131.8624772326141D0,1650.029748379557D0,    0000011P   5309
-123.796638558792D0,136.6091711067394D0,1700.038781442081D0,     0000011P   5310
-111.177954083418D0,141.3828727640481D0,1750.044413105306D0,     0000011P   5311
-98.1951139106866D0,146.1695937580564D0,1785.099798754462D0,     0000011P   5312
-88.93127774323948D0,149.6020156008013D0,1805.271671232096D0,    0000011P   5313
-83.56835198480852D0,151.6169131648923D0,1810.544474486033D0,    0000011P   5314
-82.1650703745117D0,152.1456371814725D0,1815.808761345269D0,     0000011P   5315
-80.7592216885177D0,152.6759936796604D0,1821.095976317016D0,     0000011P   5316
-79.34605956443383D0,153.2088030186006D0,1826.359019345706D0,    0000011P   5317
-77.93751598266633D0,153.7438961597741D0,1831.62971920502D0,     0000011P   5318
-76.51822355409243D0,154.2802958318182D0,1836.895740221766D0,    0000011P   5319
-75.09774829342641D0,154.8191327632021D0,1842.175489005794D0,    0000011P   5320
-73.66733417116404D0,155.3599495312087D0,1847.442963248801D0,    0000011P   5321
-72.23544908976426D0,155.9029068425384D0,1852.698746294638D0,    0000011P   5322
-70.79827254735372D0,156.4478450773776D0,1857.966144099893D0,    0000011P   5323
-69.34841499924801D0,156.9932824452304D0,1863.218090908267D0,    0000011P   5324
-67.89761067617404D0,157.5455319466766D0,1868.498769250237D0,    0000011P   5325
-66.42822776603612D0,158.0833233020529D0,1873.737969892078D0,    0000011P   5326
-64.96320741665721D0,158.6241124191317D0,1879.009584323919D0,    0000011P   5327
-63.47561792129444D0,159.1681497119341D0,1884.24627159091D0,     0000011P   5328
-61.98893434036985D0,159.7161825736332D0,1889.503822745325D0,    0000011P   5329
-60.48485630305645D0,160.2683700730343D0,1894.7567489708D0,      0000011P   5330
-58.9693014272433D0,160.8248337901501D0,1900.82490651473D0,      0000011P   5331
-57.20342811564697D0,161.4742221576294D0,1907.712499759688D0,    0000011P   5332
-55.17936635818593D0,162.2207314305865D0,1915.39220254133D0,     0000011P   5333
-52.89812312739218D0,163.0636978272056D0,1923.099769590511D0,    0000011P   5334
-50.5968608216006D0,163.9120310332579D0,1930.787146433381D0,     0000011P   5335
-48.28995922703997D0,164.7613700590981D0,1938.483101405108D0,    0000011P   5336
-45.9833595860379D0,165.6116726232885D0,1946.18026329754D0,      0000011P   5337
-43.68284051047628D0,166.4611498161607D0,1953.863539318182D0,    0000011P   5338
-41.40132587613027D0,167.3107459314521D0,1961.568215525645D0,    0000011P   5339
-39.13626826655856D0,168.1630709878052D0,1969.262922658024D0,    0000011P   5340
-36.90823077656541D0,169.0277127550828D0,1976.979528561053D0,    0000011P   5341
-34.70345065416228D0,169.9052738112476D0,1984.619592482099D0,    0000011P   5342
-32.59346587492757D0,170.8542726155329D0,1992.595886331061D0,    0000011P   5343
-30.3376265022446D0,171.7721466469962D0,1998.593840854269D0,     0000011P   5344
-29.02331328549799D0,173.0967365618358D0,2008.350040332186D0,    0000011P   5345
-25.64433992772305D0,173.3927470437602D0,2016.36048406394D0,     0000011P   5346
-23.06199435863465D0,173.8416482923528D0,2024.630690932111D0,    0000011P   5347
-20.37473573301613D0,174.2441709163919D0,2032.773784571073D0,    0000011P   5348
-17.76393671257843D0,174.6750610873016D0,2040.935904223663D0,    0000011P   5349
-15.16194726239879D0,175.1182236746796D0,2049.054250991017D0,    0000011P   5350
-12.59162724195085D0,175.5764027532132D0,2057.15317075386D0,     0000011P   5351
-10.03969380027146D0,176.0350120873725D0,2065.240457038849D0,    0000011P   5352
-7.504654149391541D0,176.4941721042049D0,2073.302542098846D0,    0000011P   5353
-4.987797353327617D0,176.9450394865456D0,2081.32961374606D0,     0000011P   5354
-2.490889367653109D0,177.3856385839228D0,2086.683340070484D0,    0000011P   5355
-0.8292819731977833D0,177.6711573167355D0,2089.356615835464D0,   0000011P   5356
1.262184801120725D-14,177.8114453075141D0,-200.0D0,              0000011P   5357
-143.8009481351504D0,149.8026348043131D0,-183.3279456910732D0,   0000011P   5358
-146.7432095014777D0,148.2891938343013D0,-149.9860920073163D0,   0000011P   5359
-152.7267992994532D0,145.2301917946786D0,-105.5527174563042D0,   0000011P   5360
-160.9617081217543D0,141.0434777128384D0,-66.63877495373799D0,   0000011P   5361
-168.3610491063173D0,137.2843380039789D0,-33.33413952226228D0,   0000011P   5362
-174.8311407713619D0,134.0017284676534D0,5.573934320769062D0,    0000011P   5363
-182.5435469173351D0,130.1002690638762D0,50.00672365351703D0,    0000011P   5364
-191.5895119672121D0,125.5605902248637D0,99.99886017568969D0,    0000011P   5365
-201.9045159252585D0,120.4357821904416D0,149.9876552076962D0,    0000011P   5366
-212.1779327280443D0,115.3843422255397D0,199.9764568709688D0,    0000011P   5367
-222.1924946906075D0,110.4844031179708D0,249.9577286205325D0,    0000011P   5368
-231.7146245546495D0,105.8033385453544D0,294.4163576519075D0,    0000011P   5369
-239.601318634681D0,101.9549870087769D0,333.2893764093701D0,     0000011P   5370
-245.957861959291D0,98.89618023673498D0,366.6330048894561D0,     0000011P   5371
-251.007872569455D0,96.49129761379493D0,399.9711137861237D0,     0000011P   5372
-255.6257249995969D0,94.30522752842029D0,433.2957498805388D0,    0000011P   5373
-259.7698537694802D0,92.33529697729151D0,466.6228581454774D0,    0000011P   5374
-263.4513400174903D0,90.57923798093671D0,499.9777381194339D0,    0000011P   5375
-266.6693526130923D0,89.02695666297055D0,533.3050517883764D0,    0000011P   5376
-269.4187748949395D0,87.67020181273684D0,566.6308135197761D0,    0000011P   5377
-271.6933488101838D0,86.5221698674321D0,605.5389459503302D0,     0000011P   5378
-273.7765399364498D0,85.44061229294329D0,649.9844631455709D0,    0000011P   5379
-275.3175931249938D0,84.59464238659098D0,699.9986057584737D0,    0000011P   5380
-275.9081690589225D0,84.14713633971448D0,750.0019105844962D0,    0000011P   5381
-275.3394692454659D0,84.17281499663241D0,800.0193437868326D0,    0000011P   5382
-273.6581610399059D0,84.65868590636322D0,850.0371039419432D0,    0000011P   5383
-270.9054563233809D0,85.59236710555985D0,900.0316447489068D0,    0000011P   5384
-267.1449920731266D0,86.9442912807973D0,950.0361358774454D0,     0000011P   5385
-262.4239748664719D0,88.68471640795499D0,1000.040734657526D0,    0000011P   5386
-256.7992732355492D0,90.81340528861367D0,1050.038679507954D0,    0000011P   5387
-250.3015807872392D0,93.32712096344102D0,1100.040217696894D0,    0000011P   5388
-242.9818945906616D0,96.17525367593953D0,1150.045755387995D0,    0000011P   5389
-234.8595516328912D0,99.30428976593186D0,1200.036333865309D0,    0000011P   5390
-226.0197327060864D0,102.6984602417254D0,1250.060254634834D0,    0000011P   5391
-216.5032567724181D0,106.3339330568101D0,1300.039181507542D0,    0000011P   5392
-206.4134040547605D0,110.2031567814634D0,1350.034475268665D0,    0000011P   5393
-195.7833874901171D0,114.2916911472474D0,1400.040704910245D0,    0000011P   5394
-184.7038916988652D0,118.5543002703737D0,1450.041058461351D0,    0000011P   5395
-173.2146522136304D0,122.9340334899552D0,1500.034669959216D0,    0000011P   5396
-161.4190722014926D0,127.4032146602305D0,1550.040952521078D0,    0000011P   5397
-149.3706623588242D0,131.9230414545607D0,1600.034533420593D0,    0000011P   5398
-137.1269808990283D0,136.4590626068648D0,1650.03081832447D0,     0000011P   5399
-124.6797916165011D0,140.968101611058D0,1700.03806337331D0,      0000011P   5400
-111.9933634074901D0,145.5319611734814D0,1750.046217110946D0,    0000011P   5401
-98.96965711836704D0,150.2235558539176D0,1785.099978902149D0,    0000011P   5402
-89.67801054916393D0,153.5889919456698D0,1805.271599814844D0,    0000011P   5403
-84.29315165219647D0,155.539655916482D0,1810.54423119372D0,      0000011P   5404
-82.88390271852126D0,156.0504246646111D0,1815.808652882767D0,    0000011P   5405
-81.47189299340134D0,156.5617947449833D0,1821.096005697223D0,    0000011P   5406
-80.05232892978773D0,157.0746742694152D0,1826.358346741048D0,    0000011P   5407
-78.63747437667584D0,157.5890185961297D0,1831.629382991213D0,    0000011P   5408
-77.21167337331548D0,158.1040047855292D0,1836.89513853982D0,     0000011P   5409
-75.78477003106258D0,158.6208398233527D0,1842.175017091635D0,    0000011P   5410
-74.34787000695862D0,159.1392013648563D0,1847.442117769302D0,    0000011P   5411
-72.90969434300742D0,159.6593623007658D0,1852.69766819069D0,     0000011P   5412
-71.46639639496394D0,160.1812870594397D0,1857.965489944328D0,    0000011P   5413
-70.01047936116265D0,160.7036668677673D0,1863.217008041673D0,    0000011P   5414
-68.55400484660871D0,161.232699047673D0,1868.498223322249D0,     0000011P   5415
-67.07900100342059D0,161.7480192438058D0,1873.736751939875D0,    0000011P   5416
-65.60899105636075D0,162.2665549851216D0,1879.009073618619D0,    0000011P   5417
-64.11649190165846D0,162.7886655469789D0,1884.245471184002D0,    0000011P   5418
-62.62557281105257D0,163.3151887777305D0,1889.5032363437D0,      0000011P   5419
-61.11757818341357D0,163.8463959905503D0,1894.756499183842D0,    0000011P   5420
-59.59862081516247D0,164.3825223985658D0,1900.824990865116D0,    0000011P   5421
-57.82950320662495D0,165.009238687607D0,1907.712583963579D0,     0000011P   5422
-55.80279682846403D0,165.731351728685D0,1915.392221898365D0,     0000011P   5423
-53.51966112655798D0,166.5486366111075D0,1923.099799196357D0,    0000011P   5424
-51.21693302018349D0,167.3726387229473D0,1930.787565272188D0,    0000011P   5425
-48.90878934759657D0,168.1988095740094D0,1938.483461762268D0,    0000011P   5426
-46.60077661806336D0,169.026759429377D0,1946.180681622119D0,     0000011P   5427
-44.29827501425778D0,169.8544166153042D0,1953.863631494322D0,    0000011P   5428
-42.0139723751083D0,170.6823414307954D0,1961.568255397772D0,     0000011P   5429
-39.74473362704916D0,171.5126982050691D0,1969.261884905243D0,    0000011P   5430
-37.51105944665222D0,172.3543705814058D0,1976.979301663274D0,    0000011P   5431
-35.2983445308148D0,173.207589798298D0,1984.613725683881D0,      0000011P   5432
-33.17922295690049D0,174.1283579284424D0,1992.609480718995D0,    0000011P   5433
-30.90704571025512D0,175.0175620769555D0,1998.541520968135D0,    0000011P   5434
-29.59113277327516D0,176.2962285024396D0,2008.499070507796D0,    0000011P   5435
-26.157638467002D0,176.5824247348277D0,2016.637206514173D0,      0000011P   5436
-23.53409540866773D0,177.0144532251653D0,2025.051033429057D0,    0000011P   5437
-20.80053678619388D0,177.4006182894121D0,2033.333355444507D0,    0000011P   5438
-18.14260036278355D0,177.8129919039689D0,2041.637254441454D0,    0000011P   5439
-15.49124159826453D0,178.2361692733256D0,2049.897544577396D0,    0000011P   5440
-12.8699828899154D0,178.6728870448308D0,2058.139680806153D0,     0000011P   5441
-10.26538249934082D0,179.109193427947D0,2066.370928953625D0,     0000011P   5442
-7.676056707116594D0,179.5452986024642D0,2074.577449550624D0,    0000011P   5443
-5.103466869712947D0,179.9727809942553D0,2082.74890320303D0,     0000011P   5444
-2.549562073601445D0,180.3898323385355D0,2088.199320294862D0,    0000011P   5445
-0.8489755032073281D0,180.6596575605365D0,2090.920942415932D0,   0000011P   5446
1.262184801120725D-14,180.7921312233947D0,-199.9999999999999D0,  0000011P   5447
-145.1233963018446D0,153.843809991617D0,-183.3278399481444D0,    0000011P   5448
-148.0715590004004D0,152.3854084668993D0,-149.9857225331245D0,   0000011P   5449
-154.0684793038563D0,149.4388365769429D0,-105.5528000874727D0,   0000011P   5450
-162.3302920373983D0,145.43151152896D0,-66.6387121237635D0,      0000011P   5451
-169.7637956337765D0,141.8678053308498D0,-33.33389988461062D0,   0000011P   5452
-176.2650796739027D0,138.7565440050897D0,5.573821149734878D0,    0000011P   5453
-184.0102995795849D0,135.0334038255047D0,50.00683451799803D0,    0000011P   5454
-193.0798551695592D0,130.6284811881045D0,99.99898854869743D0,    0000011P   5455
-203.4227565988669D0,125.6207878296551D0,149.9870309260415D0,    0000011P   5456
-213.7454790653556D0,120.7107811270006D0,199.9767874972985D0,    0000011P   5457
-223.8317698780743D0,115.9746628997504D0,249.9570305081878D0,    0000011P   5458
-233.448586898917D0,111.4782368412525D0,294.4166612175557D0,     0000011P   5459
-241.4267102598205D0,107.7773295074132D0,333.288889502818D0,     0000011P   5460
-247.8584602126007D0,104.8100144457782D0,366.6321667385316D0,    0000011P   5461
-252.9702280614845D0,102.4645987934043D0,399.9715142119244D0,    0000011P   5462
-257.6475014452486D0,100.3259023404597D0,433.2949861259597D0,    0000011P   5463
-261.848903369061D0,98.39826978173096D0,466.6224217272551D0,     0000011P   5464
-265.5864761782199D0,96.68398492052675D0,499.9780126283922D0,    0000011P   5465
-268.8600917054439D0,95.1777982338256D0,533.3043907167781D0,     0000011P   5466
-271.6652324887285D0,93.87620930481256D0,566.6303557442683D0,    0000011P   5467
-273.990794249794D0,92.78392618714412D0,605.5392084549247D0,     0000011P   5468
-276.1221182374669D0,91.75826867438177D0,649.983951725416D0,     0000011P   5469
-277.6936200912518D0,90.94908140086872D0,699.9986340922389D0,    0000011P   5470
-278.2872355049099D0,90.5086277589092D0,750.0023084950011D0,     0000011P   5471
-277.6921410507326D0,90.5096041126269D0,800.0190318891198D0,     0000011P   5472
-275.9697837217782D0,90.98160585266123D0,850.0379541476997D0,    0000011P   5473
-273.17606129877D0,91.95489209415625D0,900.0310795800733D0,      0000011P   5474
-269.3565010959005D0,93.32975710057266D0,950.0375474643538D0,    0000011P   5475
-264.5397559409068D0,95.00603283389035D0,1000.040055832497D0,    0000011P   5476
-258.8012025066624D0,97.03377546132842D0,1050.039982956549D0,    0000011P   5477
-252.1895243900054D0,99.46038047580188D0,1100.039619363645D0,    0000011P   5478
-244.7560834646582D0,102.2141313035481D0,1150.04684474019D0,     0000011P   5479
-236.5198204675766D0,105.2203907490409D0,1200.035645701165D0,    0000011P   5480
-227.5774379422358D0,108.5079518642035D0,1250.061919376703D0,    0000011P   5481
-217.9802258429978D0,112.0980594985807D0,1300.03840187506D0,     0000011P   5482
-207.8149429797035D0,115.9062139948125D0,1350.035928515106D0,    0000011P   5483
-197.0964275924852D0,119.8407712693213D0,1400.040102007396D0,    0000011P   5484
-185.9308233106721D0,123.9206654705573D0,1450.042015637276D0,    0000011P   5485
-174.3720411168144D0,128.1538865947472D0,1500.034054223004D0,    0000011P   5486
-162.5103694607207D0,132.4620669349338D0,1550.042459497487D0,    0000011P   5487
-150.3847722092501D0,136.7558825799236D0,1600.033901249523D0,    0000011P   5488
-138.0712007463701D0,141.0871084155903D0,1650.031839006026D0,    0000011P   5489
-125.5781805807793D0,145.4995447893972D0,1700.037311656142D0,    0000011P   5490
-112.8501469104033D0,149.9671630253605D0,1750.048205508841D0,    0000011P   5491
-99.76746368975991D0,154.4548295760918D0,1785.100302451663D0,    0000011P   5492
-90.42951053768898D0,157.6492776501248D0,1805.271479559361D0,    0000011P   5493
-85.01830003283438D0,159.5080678830449D0,1810.543882503622D0,    0000011P   5494
-83.60221160936588D0,159.9951206461213D0,1815.808378237124D0,    0000011P   5495
-82.18342357849784D0,160.4830642557727D0,1821.095805976555D0,    0000011P   5496
-80.7570675446169D0,160.9727524355041D0,1826.35738207882D0,      0000011P   5497
-79.33571156139952D0,161.4641227992964D0,1831.628693817602D0,    0000011P   5498
-77.90338343256008D0,161.9563645983339D0,1836.894127143713D0,    0000011P   5499
-76.47017770218797D0,162.4506189346414D0,1842.174084950259D0,    0000011P   5500
-75.02703404996235D0,162.9465564004647D0,1847.440769884249D0,    0000011P   5501
-73.5828989935239D0,163.4444199295716D0,1852.696055930991D0,     0000011P   5502
-72.13387208234772D0,163.9441558575088D0,1857.96428240437D0,     0000011P   5503
-70.6723215938791D0,164.4444862875673D0,1863.215367177023D0,     0000011P   5504
-69.21060884349342D0,164.9513507220325D0,1868.497131490941D0,    0000011P   5505
-67.73039428361513D0,165.4451485888819D0,1873.735018980903D0,    0000011P   5506
-66.2557555520382D0,165.9421368972716D0,1879.008099698342D0,     0000011P   5507
-64.75863048405591D0,166.4426416429137D0,1884.244282342562D0,    0000011P   5508
-63.26365489881584D0,166.9474489883572D0,1889.502361370066D0,    0000011P   5509
-61.75179030097787D0,167.4568003501609D0,1894.756087862893D0,    0000011P   5510
-60.22931700158691D0,167.9709024335831D0,1900.825094562232D0,    0000011P   5511
-58.45660658759208D0,168.5718908936969D0,1907.712943913743D0,    0000011P   5512
-56.4265098586622D0,169.2643568986405D0,1915.392847330558D0,     0000011P   5513
-54.14026016535819D0,170.0481037501674D0,1923.100783807984D0,    0000011P   5514
-51.83453801781413D0,170.8383359626745D0,1930.789281988692D0,    0000011P   5515
-49.52339718173466D0,171.6307129367932D0,1938.485432149895D0,    0000011P   5516
-47.21206930874593D0,172.4248928755031D0,1946.182966750349D0,    0000011P   5517
-44.90561602773536D0,173.2189167323572D0,1953.86576720727D0,     0000011P   5518
-42.61656901620611D0,174.0133562030025D0,1961.570410839398D0,    0000011P   5519
-40.34128541888951D0,174.8103253186096D0,1969.262905393745D0,    0000011P   5520
-38.10028336954641D0,175.6183989872523D0,1976.980921657211D0,    0000011P   5521
-35.87819488938149D0,176.4378324993291D0,1984.609315746023D0,    0000011P   5522
-33.74883003296495D0,177.3225069323759D0,1992.623938593703D0,    0000011P   5523
-31.45962058302661D0,178.1771544089442D0,1998.489303599593D0,    0000011P   5524
-30.14192050795592D0,179.4066406996657D0,2008.647310912312D0,    0000011P   5525
-26.65416669083444D0,179.6821242312376D0,2016.912177028535D0,    0000011P   5526
-23.98999086442873D0,180.0980329861069D0,2025.46852166672D0,     0000011P   5527
-21.21100123234093D0,180.4700607912219D0,2033.888836233066D0,    0000011P   5528
-18.50707909893448D0,180.8674987021464D0,2042.333151903052D0,    0000011P   5529
-15.80776385845579D0,181.2755255324501D0,2050.733902546999D0,    0000011P   5530
-13.13721888565655D0,181.6967637763296D0,2059.117658848278D0,    0000011P   5531
-10.48182199437732D0,182.1177893624275D0,2067.491165588486D0,    0000011P   5532
-7.840276973406951D0,182.5387954974629D0,2075.840318232843D0,    0000011P   5533
-5.214195911337466D0,182.951675624534D0,2084.154256837357D0,     0000011P   5534
-2.60568946520671D0,183.3546821387296D0,2089.700042056555D0,     0000011P   5535
-0.8678083480936153D0,183.6155581128407D0,2092.469335838603D0,   0000011P   5536
1.262184801120725D-14,183.7436740368323D0,-199.9999999999999D0,  0000011P   5537
-146.4853584510464D0,158.0202203460738D0,-183.3277342052155D0,   0000011P   5538
-149.4335049625001D0,156.6178815713818D0,-149.9853530589323D0,   0000011P   5539
-155.4320864035965D0,153.7841792978299D0,-105.5528827186407D0,   0000011P   5540
-163.6929666469896D0,149.9046257218911D0,-66.63864929378897D0,   0000011P   5541
-171.1180393835565D0,146.4181385029074D0,-33.33366024695935D0,   0000011P   5542
-177.614215153304D0,143.3747136980358D0,5.573707978700043D0,     0000011P   5543
-185.3649935714602D0,139.7625466711526D0,50.00694538247884D0,    0000011P   5544
-194.4698203121464D0,135.5718387258343D0,99.99911692170561D0,    0000011P   5545
-204.8695186616956D0,130.8348590265148D0,149.986406644387D0,     0000011P   5546
-215.2441024474006D0,126.1369712421822D0,199.9771181236281D0,    0000011P   5547
-225.3838416959716D0,121.570860388667D0,249.9563323958435D0,     0000011P   5548
-235.0617495511113D0,117.2192391068051D0,294.4169647832039D0,    0000011P   5549
-243.1027627516778D0,113.6349662353918D0,333.2884025962645D0,    0000011P   5550
-249.5965514537947D0,110.7685813018146D0,366.6313285876052D0,    0000011P   5551
-254.7642782391181D0,108.5060349173673D0,399.9719146377249D0,    0000011P   5552
-259.498068075641D0,106.443839974274D0,433.2942223713853D0,      0000011P   5553
-263.754144969997D0,104.5837988055766D0,466.6219853090406D0,     0000011P   5554
-267.5433613165694D0,102.9276519725163D0,499.9782871373532D0,    0000011P   5555
-270.8641453456881D0,101.4699072401444D0,533.3037296451644D0,    0000011P   5556
-273.7104433199385D0,100.2067554128917D0,566.6298979687344D0,    0000011P   5557
-276.0699271691789D0,99.14311919337358D0,605.539470959514D0,     0000011P   5558
-278.2307601540621D0,98.13974680639652D0,649.983440305362D0,     0000011P   5559
-279.8192557197575D0,97.34046939896064D0,699.9986624260732D0,    0000011P   5560
-280.4185882896134D0,96.91542839314067D0,750.0027064051284D0,    0000011P   5561
-279.8248430622565D0,96.96166659782287D0,800.0187199911497D0,    0000011P   5562
-278.0796628431131D0,97.4510820717683D0,850.0388043548687D0,     0000011P   5563
-275.2189964034221D0,98.35613328174814D0,900.0305144122048D0,    0000011P   5564
-271.3168830648722D0,99.64684036959083D0,950.0389590459806D0,    0000011P   5565
-266.4302153689966D0,101.2930144552204D0,1000.039377003861D0,    0000011P   5566
-260.6177394013237D0,103.286311117598D0,1050.041286424915D0,     0000011P   5567
-253.9107992467271D0,105.6155350558715D0,1100.039021043901D0,    0000011P   5568
-246.3799498253485D0,108.2622376269406D0,1150.047934018362D0,    0000011P   5569
-238.0626306323345D0,111.2054087049875D0,1200.034957486461D0,    0000011P   5570
-229.039580469893D0,114.4035416773791D0,1250.063584395721D0,     0000011P   5571
-219.3448985094097D0,117.8074681406978D0,1300.037622431886D0,    0000011P   5572
-209.0875857585649D0,121.4188438531638D0,1350.037380723861D0,    0000011P   5573
-198.3030887815979D0,125.2329458733756D0,1400.039498395738D0,    0000011P   5574
-187.0800888272181D0,129.1929236743943D0,1450.042976697848D0,    0000011P   5575
-175.4535526090857D0,133.230994911608D0,1500.033441140274D0,     0000011P   5576
-163.5278664371061D0,137.3439850412678D0,1550.043951934681D0,    0000011P   5577
-151.3547825375094D0,141.5185646079099D0,1600.03325914729D0,     0000011P   5578
-138.9944251140638D0,145.7238818155489D0,1650.032914096101D0,    0000011P   5579
-126.4376814574279D0,149.9210206352933D0,1700.036597101674D0,    0000011P   5580
-113.6471784200473D0,154.164934139374D0,1750.049990256187D0,     0000011P   5581
-100.51989968755D0,158.5022382975168D0,1785.100467622178D0,      0000011P   5582
-91.15347814225234D0,161.6061978509631D0,1805.271413242871D0,    0000011P   5583
-85.72321601009701D0,163.4062024387167D0,1810.543650219263D0,    0000011P   5584
-84.30205653886291D0,163.8775622630517D0,1815.808287131119D0,    0000011P   5585
-82.87812757745863D0,164.3495129198473D0,1821.095859284513D0,    0000011P   5586
-81.44649416190894D0,164.822888466625D0,1826.356739977234D0,     0000011P   5587
-80.02003683077379D0,165.2976434954526D0,1831.628394467619D0,    0000011P   5588
-78.58247543243454D0,165.7730141706242D0,1836.893568253128D0,    0000011P   5589
-77.14416322391654D0,166.2501104327792D0,1842.173661103145D0,    0000011P   5590
-75.69588218773907D0,166.7286305334811D0,1847.439976876985D0,    0000011P   5591
-74.24681259738209D0,167.2088221718681D0,1852.695033615331D0,    0000011P   5592
-72.7930084762433D0,167.6906483130035D0,1857.96368604537D0,      0000011P   5593
-71.3267114610813D0,168.1728966589085D0,1863.214342588854D0,     0000011P   5594
-69.86059085784406D0,168.661283614558D0,1868.49664257818D0,      0000011P   5595
-68.37594769946458D0,169.137007113586D0,1873.733854817029D0,     0000011P   5596
-66.89742231697066D0,169.6156883676772D0,1879.007637372135D0,    0000011P   5597
-65.39638176492214D0,170.0976548152258D0,1884.243522504528D0,    0000011P   5598
-63.89803669007772D0,170.5836756553055D0,1889.501805107476D0,    0000011P   5599
-62.38297398308918D0,171.0739971301881D0,1894.755854946865D0,    0000011P   5600
-60.85764974982771D0,171.5688321595912D0,1900.825176892007D0,    0000011P   5601
-59.08211771425721D0,172.1472442335085D0,1907.712999318145D0,    0000011P   5602
-57.0495223398463D0,172.8136440085444D0,1915.3928033879D0,       0000011P   5603
-54.76116177138471D0,173.567820835779D0,1923.100713671131D0,     0000011P   5604
-52.45343721217297D0,174.3281673509722D0,1930.789565274575D0,    0000011P   5605
-50.14026311181727D0,175.0905081299071D0,1938.485624352276D0,    0000011P   5606
-47.82654002075662D0,175.8545065977855D0,1946.183190102248D0,    0000011P   5607
-45.51699477054478D0,176.6182736197849D0,1953.865645952367D0,    0000011P   5608
-43.22398663371256D0,177.382349572521D0,1961.570229757245D0,     0000011P   5609
-40.94334872974115D0,178.1487554734415D0,1969.261652674157D0,    0000011P   5610
-38.69560040603334D0,178.9257147797395D0,1976.980501866394D0,    0000011P   5611
-36.46459476455402D0,179.7134641180451D0,1984.603296790416D0,    0000011P   5612
-34.32530159353286D0,180.5637208550593D0,1992.637442797364D0,    0000011P   5613
-32.01921722953652D0,181.3850194150939D0,1998.436973006319D0,    0000011P   5614
-30.69971460665138D0,182.5659711202997D0,2008.796423573182D0,    0000011P   5615
-27.157542790062D0,182.8309161126308D0,2017.189082454427D0,      0000011P   5616
-24.45247824775434D0,183.2305394941319D0,2025.889162268171D0,    0000011P   5617
-21.62769491761071D0,183.5879511501025D0,2034.448834283083D0,    0000011P   5618
-18.87732202968591D0,183.9696727452763D0,2043.035071617524D0,    0000011P   5619
-16.12948729717607D0,184.361478232309D0,2051.577920502962D0,     0000011P   5620
-13.40899945683704D0,184.7658874822515D0,2060.105060000651D0,    0000011P   5621
-10.70206025927635D0,185.1700156729327D0,2068.622706496216D0,    0000011P   5622
-8.007465386026956D0,185.5740505680072D0,2077.116483037614D0,    0000011P   5623
-5.326982042333758D0,185.9702121578048D0,2085.575001779309D0,    0000011P   5624
-2.662886840331941D0,186.3568250272945D0,2091.217615905069D0,    0000011P   5625
-0.8870053296900909D0,186.607038535727D0,2094.035326509702D0,    0000011P   5626
1.262184801120725D-14,186.7299051982817D0,-200.0D0,              0000011P   5627
-147.8063945227025D0,162.1004381558302D0,-183.3276284622866D0,   0000011P   5628
-150.7588696163286D0,160.7794194717111D0,-149.98498358474D0,     0000011P   5629
-156.7661129041865D0,158.1039318659509D0,-105.5529653498087D0,   0000011P   5630
-165.0373322329865D0,154.4179161779083D0,-66.63858646381426D0,   0000011P   5631
-172.4699490986299D0,151.0839918261486D0,-33.3334206093078D0,    0000011P   5632
-178.9724599924541D0,148.1661045578397D0,5.573594807665442D0,    0000011P   5633
-186.7319993154248D0,144.7019076665772D0,50.00705624695951D0,    0000011P   5634
-195.8504888917083D0,140.6924577540977D0,99.99924529471333D0,    0000011P   5635
-206.264420519735D0,136.1297051909305D0,149.9857823627323D0,     0000011P   5636
-216.6459325313696D0,131.5302811395973D0,199.9774487499578D0,    0000011P   5637
-226.8096289500198D0,127.0827237409291D0,249.9556342834988D0,    0000011P   5638
-236.5523259909551D0,122.9657871601272D0,294.4172683488522D0,    0000011P   5639
-244.6641999076159D0,119.5989890130703D0,333.2879156897125D0,    0000011P   5640
-251.2123849247496D0,116.8610170170237D0,366.630490436681D0,     0000011P   5641
-256.4235217134604D0,114.6792290815307D0,399.9723150635257D0,    0000011P   5642
-261.1992799048149D0,112.6816682639921D0,433.2934586168057D0,    0000011P   5643
-265.4974724325832D0,110.8834573014802D0,466.6215488908176D0,    0000011P   5644
-269.3287529984644D0,109.2873805785009D0,499.9785616463117D0,    0000011P   5645
-272.6910968402485D0,107.8892949385384D0,533.3030685735689D0,    0000011P   5646
-275.5778987676803D0,106.6866602640204D0,566.629440193231D0,     0000011P   5647
-277.9718861843346D0,105.6709445578687D0,605.5397334641091D0,    0000011P   5648
-280.1600209279025D0,104.6931679324851D0,649.9829288851903D0,    0000011P   5649
-281.7527022583118D0,103.8575456357944D0,699.9986907598276D0,    0000011P   5650
-282.3436663220431D0,103.3928574236844D0,750.0031043156961D0,    0000011P   5651
-281.751692275326D0,103.4906904345096D0,800.0184080934799D0,     0000011P   5652
-279.9908590719788D0,104.0113687758158D0,850.0396545603928D0,    0000011P   5653
-277.0694060540326D0,104.8156271975241D0,900.0299492432127D0,    0000011P   5654
-273.0967584777045D0,106.0039088766835D0,950.040370633761D0,     0000011P   5655
-268.1649402489167D0,107.6769267169021D0,1000.038698179427D0,    0000011P   5656
-262.3015867651573D0,109.6867286408673D0,1050.042589870246D0,    0000011P   5657
-255.5061284661797D0,111.881895786437D0,1100.038422708424D0,     0000011P   5658
-247.8759809265016D0,114.3403780248563D0,1150.049023382775D0,    0000011P   5659
-239.4747832667112D0,117.1382106266046D0,1200.034269330662D0,    0000011P   5660
-230.385238144746D0,120.2428980617265D0,1250.065249091846D0,     0000011P   5661
-220.6422634996337D0,123.6146291922135D0,1300.036842768159D0,    0000011P   5662
-210.335606713369D0,127.1571336568053D0,1350.038834141577D0,     0000011P   5663
-199.4795515461361D0,130.7673972847622D0,1400.03889560988D0,     0000011P   5664
-188.1851201401055D0,134.4945557674696D0,1450.043933232594D0,    0000011P   5665
-176.5083484311067D0,138.3778590825729D0,1500.032824966092D0,    0000011P   5666
-164.5385301526067D0,142.3515710279865D0,1550.045461310853D0,    0000011P   5667
-152.3108562116129D0,146.3399023074267D0,1600.032628615404D0,    0000011P   5668
-139.8962778966435D0,150.3591767812212D0,1650.033925797286D0,    0000011P   5669
-127.294822561715D0,154.4182022314044D0,1700.035839250635D0,     0000011P   5670
-114.4611098152686D0,158.5188714039919D0,1750.052012267531D0,    0000011P   5671
-101.2824048264994D0,162.6548190852276D0,1785.100817312865D0,    0000011P   5672
-91.87746302697916D0,165.6065227617844D0,1805.271284084512D0,    0000011P   5673
-86.42486050972451D0,167.3251034021536D0,1810.543282315868D0,    0000011P   5674
-84.99788797586196D0,167.7754675113831D0,1815.807982191425D0,    0000011P   5675
-83.56818669058248D0,168.2267067423263D0,1821.095617800321D0,    0000011P   5676
-82.13074826851261D0,168.679606234768D0,1826.355722074908D0,     0000011P   5677
-80.69875888005943D0,169.1341083071087D0,1831.627640951848D0,    0000011P   5678
-79.25562356523489D0,169.5894667849987D0,1836.892482168932D0,    0000011P   5679
-77.81194744096403D0,170.0467311959379D0,1842.172645065495D0,    0000011P   5680
-76.35834793956983D0,170.5055981990541D0,1847.438537406835D0,    0000011P   5681
-74.90423223733514D0,170.966291007102D0,1852.69332398269D0,      0000011P   5682
-73.44560197854399D0,171.4287599629078D0,1857.962377627221D0,    0000011P   5683
-71.97456530623185D0,171.8918291154689D0,1863.212600004973D0,    0000011P   5684
-70.504092663883D0,172.3609625206957D0,1868.495451232429D0,      0000011P   5685
-69.01511881190251D0,172.8181273661255D0,1873.732027975845D0,    0000011P   5686
-67.53283992151582D0,173.2782798142174D0,1879.006579010934D0,    0000011P   5687
-66.02804541351283D0,173.7417194942942D0,1884.242262854129D0,    0000011P   5688
-64.52651390922709D0,174.2091693902D0,1889.500877529137D0,       0000011P   5689
-63.00845083226584D0,174.6808513181663D0,1894.755414179374D0,    0000011P   5690
-61.48048123029027D0,175.1569551606162D0,1900.825284115899D0,    0000011P   5691
-59.70236658211741D0,175.713545517234D0,1907.713409534969D0,     0000011P   5692
-57.66753449043743D0,176.354877619009D0,1915.39353930345D0,      0000011P   5693
-55.377344758856D0,177.0807280009954D0,1923.10187237378D0,       0000011P   5694
-53.06788914554663D0,177.8124951038386D0,1930.791518585307D0,    0000011P   5695
-50.7529439741563D0,178.5461057963045D0,1938.487888237447D0,     0000011P   5696
-48.43707988407615D0,179.2811658436484D0,1946.185815536017D0,    0000011P   5697
-46.12469009966561D0,180.0157931405029D0,1953.8681541881D0,      0000011P   5698
-43.82796267862231D0,180.7504338622832D0,1961.572770852724D0,    0000011P   5699
-41.54220790531669D0,181.4869531305457D0,1969.263048365968D0,    0000011P   5700
-39.28794753093266D0,182.2331600694336D0,1976.982458536061D0,    0000011P   5701
-37.04825692833461D0,182.9892097596394D0,1984.599152428238D0,    0000011P   5702
-34.89926680955098D0,183.8045929748603D0,1992.652058079807D0,    0000011P   5703
-32.57653925512455D0,184.5915835589994D0,1998.384774326034D0,    0000011P   5704
-31.25545019939112D0,185.7225876706269D0,2008.944520007831D0,    0000011P   5705
-27.6590614196605D0,185.9752159846316D0,2017.463733602865D0,     0000011P   5706
-24.91329320439094D0,186.3565640867199D0,2026.30613019389D0,     0000011P   5707
-22.04290223917199D0,186.6970215711284D0,2035.003569477144D0,    0000011P   5708
-19.24626535850208D0,187.0603576851972D0,2043.729975078963D0,    0000011P   5709
-16.45009827327933D0,187.4329584941052D0,2052.413014157065D0,    0000011P   5710
-13.67985476101604D0,187.8172582191945D0,2061.081482715676D0,    0000011P   5711
-10.92156018783896D0,188.2009282609175D0,2069.741077309553D0,    0000011P   5712
-8.174101806777445D0,188.584167913301D0,2078.377157134482D0,     0000011P   5713
-5.439401618481531D0,188.9595406873437D0,2086.977815008483D0,    0000011P   5714
-2.719901868936018D0,189.3254603313314D0,2092.715556153373D0,    0000011P   5715
-0.9061417370227473D0,189.5620034343029D0,2095.580815426681D0,   0000011P   5716
1.262184801120725D-14,189.6780843062895D0,-200.0D0,              0000011P   5717
-149.1347934670238D0,166.2528965641786D0,-183.3275227193578D0,   0000011P   5718
-152.0738918869677D0,164.9606486304301D0,-149.9846141105479D0,   0000011P   5719
-158.0575399459188D0,162.3486061361203D0,-105.5530479809769D0,   0000011P   5720
-166.3144143420243D0,158.7932376291134D0,-66.63852363383985D0,   0000011P   5721
-173.7535842935395D0,155.6293709097621D0,-33.33318097165657D0,   0000011P   5722
-180.2657929343634D0,152.8658192392308D0,5.5734816366306D0,      0000011P   5723
-188.0313432107994D0,149.5573207399149D0,50.00716711144028D0,    0000011P   5724
-197.134240836838D0,145.6409437088798D0,99.99937366772143D0,     0000011P   5725
-207.5407530220709D0,141.208673452332D0,149.9851580810777D0,     0000011P   5726
-217.9653327194284D0,136.9059511346564D0,199.9777793762873D0,    0000011P   5727
-228.1779455068213D0,132.7361034544664D0,249.9549361711548D0,    0000011P   5728
-237.930374908672D0,128.6934353661144D0,294.4175719145008D0,     0000011P   5729
-246.0525159723649D0,125.359522607602D0,333.2874287831586D0,     0000011P   5730
-252.6367693599735D0,122.7336455986491D0,366.6296522857537D0,    0000011P   5731
-257.8888305474035D0,120.6714869431646D0,399.9727154893257D0,    0000011P   5732
-262.7067794272468D0,118.7838150725704D0,433.2926948622333D0,    0000011P   5733
-267.0395381062441D0,117.0527603865878D0,466.6211124726062D0,    0000011P   5734
-270.9000672644505D0,115.4955806829808D0,499.9788361552737D0,    0000011P   5735
-274.2883777602964D0,114.1228276643823D0,533.3024075019473D0,    0000011P   5736
-277.1997975823464D0,112.9465477749198D0,566.6289824176841D0,    0000011P   5737
-279.6185439007921D0,111.9656684755359D0,605.5399959686959D0,    0000011P   5738
-281.8372676811149D0,111.047167150847D0,649.9824174651851D0,     0000011P   5739
-283.4694943240839D0,110.318287243042D0,699.9987190936952D0,     0000011P   5740
-284.0866423653564D0,109.9417193880467D0,750.0035022256416D0,    0000011P   5741
-283.4779492252524D0,110.0115575688467D0,800.0180961953851D0,    0000011P   5742
-281.6887012498185D0,110.5002142135945D0,850.0405047682385D0,    0000011P   5743
-278.7582677410002D0,111.3806189066174D0,900.0293840758064D0,    0000011P   5744
-274.7576089274372D0,112.594060274719D0,950.0417822128533D0,     0000011P   5745
-269.7397458573162D0,114.081485077955D0,1000.038019349059D0,     0000011P   5746
-263.7836801655135D0,115.8861382291357D0,1050.0438933481D0,      0000011P   5747
-256.9398188372301D0,118.048901869334D0,1100.03782439516D0,      0000011P   5748
-249.2744647876237D0,120.5199419889141D0,1150.050112625431D0,    0000011P   5749
-240.8191320609739D0,123.2468679737488D0,1200.033581091697D0,    0000011P   5750
-231.6604384539912D0,126.1926904543058D0,1250.066914243844D0,    0000011P   5751
-221.8360609227724D0,129.3133706043839D0,1300.036063415817D0,    0000011P   5752
-211.4595890515764D0,132.6284368481973D0,1350.040285852436D0,    0000011P   5753
-200.5674953995017D0,136.1516576024605D0,1400.038291658127D0,    0000011P   5754
-189.2486717995898D0,139.8252571874712D0,1450.044896157068D0,    0000011P   5755
-177.5354745554402D0,143.58135979638D0,1500.032213156536D0,      0000011P   5756
-165.5230513346457D0,147.3902131502341D0,1550.04694677195D0,     0000011P   5757
-153.2510664521157D0,151.2125740983402D0,1600.031981748075D0,    0000011P   5758
-140.7899708849431D0,155.0563489744665D0,1650.035026993248D0,    0000011P   5759
-128.1375449379938D0,158.9222182302429D0,1700.035142527297D0,    0000011P   5760
-115.2549054225089D0,162.832430400043D0,1750.053699300798D0,     0000011P   5761
-102.0341749008777D0,166.8014439290984D0,1785.100906491156D0,    0000011P   5762
-92.59937097120275D0,169.6383987810889D0,1805.271243648623D0,    0000011P   5763
-87.12733567288198D0,171.287353740131D0,1810.543105884436D0,     0000011P   5764
-85.6952094432326D0,171.7193231493048D0,1815.80797915003D0,      0000011P   5765
-84.26029753421739D0,172.15197475792D0,1821.095792514573D0,      0000011P   5766
-82.81752098358616D0,172.5860499398872D0,1826.355234741946D0,    0000011P   5767
-81.38037443811464D0,173.0214838918032D0,1831.62752864411D0,     0000011P   5768
-79.93195097396689D0,173.4575532525375D0,1836.892140396146D0,    0000011P   5769
-78.4831104124891D0,173.8952522883139D0,1842.172465104315D0,     0000011P   5770
-77.02430848032947D0,174.3342812176874D0,1847.438010636863D0,    0000011P   5771
-75.56518210109527D0,174.7748439188924D0,1852.692584729549D0,    0000011P   5772
-74.10168338447834D0,175.2168832643811D0,1857.962074520478D0,    0000011P   5773
-72.62578982431255D0,175.6592648019906D0,1863.211871113957D0,    0000011P   5774
-71.15077584613992D0,176.10720539043D0,1868.495251607518D0,      0000011P   5775
-69.65721278235922D0,176.5434466230024D0,1873.731136726964D0,    0000011P   5776
-68.17085548891492D0,176.9822847648054D0,1879.006362153953D0,    0000011P   5777
-66.66191859734856D0,177.4239967879528D0,1884.241708857288D0,    0000011P   5778
-65.15675154808997D0,177.8692646129229D0,1889.500474188087D0,    0000011P   5779
-63.63518114222346D0,178.3182907817695D0,1894.755266864258D0,    0000011P   5780
-62.10400421372163D0,178.7712472914848D0,1900.825356193359D0,    0000011P   5781
-60.32259629316818D0,179.3004486536284D0,1907.713318814512D0,    0000011P   5782
-58.28464017784045D0,179.9097565398172D0,1915.393174186378D0,    0000011P   5783
-55.99155092884953D0,180.5989067190764D0,1923.101296155433D0,    0000011P   5784
-53.67924685954854D0,181.2933941596711D0,1930.791114093276D0,    0000011P   5785
-51.36139603992827D0,181.9895066953216D0,1938.487227244338D0,    0000011P   5786
-49.04226907063504D0,182.6870511033078D0,1946.18504962188D0,     0000011P   5787
-46.72595544113692D0,183.3844109796887D0,1953.866950011833D0,    0000011P   5788
-44.42450186660143D0,184.0821969706507D0,1961.571468677278D0,    0000011P   5789
-42.1327256685912D0,184.7823769738296D0,1969.260704932747D0,     0000011P   5790
-39.87118087437433D0,185.4926044522901D0,1976.981060031042D0,    0000011P   5791
-37.62219500001773D0,186.2132116127588D0,1984.592361445818D0,    0000011P   5792
-35.46308955365156D0,186.9917213078999D0,1992.665104700187D0,    0000011P   5793
-33.12352223209778D0,187.7444054731794D0,1998.332389406116D0,    0000011P   5794
-31.80089779007854D0,188.8275574355001D0,2009.094051188191D0,    0000011P   5795
-28.15055268649057D0,189.0717095740461D0,2017.741567423473D0,    0000011P   5796
-25.36448191676455D0,189.4397519433205D0,2026.728283338856D0,    0000011P   5797
-22.44903932496526D0,189.7696151780249D0,2035.565734965627D0,    0000011P   5798
-19.60684128676883D0,190.1222462862082D0,2044.434784345577D0,    0000011P   5799
-16.76318344750939D0,190.4845736236736D0,2053.260707470152D0,    0000011P   5800
-13.94415656218972D0,190.8588759401565D0,2062.073405194037D0,    0000011P   5801
-11.13560154918987D0,191.2333110368345D0,2070.878042148591D0,    0000011P   5802
-8.336489169769598D0,191.6080199162086D0,2079.659701584916D0,    0000011P   5803
-5.548888156718123D0,191.9758397880476D0,2088.405944892064D0,    0000011P   5804
-2.775398326603907D0,192.3352037420565D0,2094.24121584362D0,     0000011P   5805
-0.9247628073104616D0,192.5680559966315D0,2097.155249477359D0,   0000011P   5806
1.262184801120725D-14,192.6824678529446D0,-199.9999999999999D0,  0000011P   5807
-150.4483965265093D0,170.4316432080188D0,-183.327416976429D0,    0000011P   5808
-153.3803813861935D0,169.1880351529136D0,-149.984244636356D0,    0000011P   5809
-159.3520281549912D0,166.6801425390524D0,-105.5531306121452D0,   0000011P   5810
-167.5974004361002D0,163.2747477316201D0,-66.63846080386531D0,   0000011P   5811
-175.0290149188767D0,160.2449713581975D0,-33.33294133400496D0,   0000011P   5812
-181.5375779071035D0,157.6061995657952D0,5.573368465596282D0,    0000011P   5813
-189.3039468642607D0,154.4642470412524D0,50.00727797592122D0,    0000011P   5814
-198.4170766250481D0,150.7808425982153D0,99.99950204072927D0,    0000011P   5815
-208.8310154167983D0,146.5821713552892D0,149.9845337994231D0,    0000011P   5816
-219.242195866178D0,142.398485125494D0,199.9781100026171D0,      0000011P   5817
-229.4521156796454D0,138.3578008856239D0,249.95423805881D0,      0000011P   5818
-239.2435450216078D0,134.5792753541284D0,294.417875480149D0,     0000011P   5819
-247.4053141597264D0,131.4541883342479D0,333.2869418766067D0,    0000011P   5820
-254.0039747062819D0,128.8862963605685D0,366.6288141348294D0,    0000011P   5821
-259.2654299277829D0,126.8404607002911D0,399.9731159151266D0,    0000011P   5822
-264.1004844858643D0,124.9877760908554D0,433.2919311076536D0,    0000011P   5823
-268.4685033226647D0,123.3623762074317D0,466.620676054383D0,     0000011P   5824
-272.3729975213528D0,121.9412618393755D0,499.9791106642318D0,    0000011P   5825
-275.804317947175D0,120.6952275292803D0,533.3017464303518D0,     0000011P   5826
-278.7480639084458D0,119.5966143367641D0,566.6285246421809D0,    0000011P   5827
-281.1891375636917D0,118.6529092976962D0,605.5402584732916D0,    0000011P   5828
-283.4228339296878D0,117.7404893277904D0,649.9819060450134D0,    0000011P   5829
-285.0571539974659D0,116.9794294085535D0,699.9987474274491D0,    0000011P   5830
-285.6680019264569D0,116.5670106897036D0,750.0039001362096D0,    0000011P   5831
-285.0558180349945D0,116.6547866823661D0,800.0177842977163D0,    0000011P   5832
-283.2468181068392D0,117.1247538521134D0,850.0413549737616D0,    0000011P   5833
-280.2611662157694D0,117.8592893161642D0,900.0288189068133D0,    0000011P   5834
-276.2006539303217D0,118.9257635929861D0,950.0431938006377D0,    0000011P   5835
-271.1488609342634D0,120.3917113131834D0,1000.037340524628D0,    0000011P   5836
-265.1680810123876D0,122.2270930296937D0,1050.045196793415D0,    0000011P   5837
-258.2912548714456D0,124.399222942789D0,1100.037226059671D0,     0000011P   5838
-250.5784381034297D0,126.7988960481592D0,1150.051201989904D0,    0000011P   5839
-242.0540015762399D0,129.3140617355971D0,1200.032892935941D0,    0000011P   5840
-232.8341593201319D0,132.0615074563721D0,1250.06857893974D0,     0000011P   5841
-222.9851622591533D0,135.1521582035517D0,1300.035283751934D0,    0000011P   5842
-212.5866743175174D0,138.4257976874087D0,1350.041739271006D0,    0000011P   5843
-201.6392225107663D0,141.7156506216829D0,1400.037688872853D0,    0000011P   5844
-190.2590214567706D0,145.1052066727436D0,1450.045852688615D0,    0000011P   5845
-178.5044853549991D0,148.669133944292D0,1500.03159698017D0,      0000011P   5846
-166.4611354254365D0,152.3377664087273D0,1550.048456160097D0,    0000011P   5847
-154.1575507425094D0,156.0321726626067D0,1600.031351224367D0,    0000011P   5848
-141.6616762509201D0,159.7385944113572D0,1650.036038649626D0,    0000011P   5849
-128.9670158541127D0,163.4362335504578D0,1700.034384645652D0,    0000011P   5850
-116.0407355844763D0,167.166238242482D0,1750.05572147985D0,      0000011P   5851
-102.7793560679435D0,170.9624035299889D0,1785.101256312271D0,    0000011P   5852
-93.31313024853397D0,173.6672586587175D0,1805.271114445847D0,    0000011P   5853
-87.82003314005107D0,175.2318309675145D0,1810.542737885181D0,    0000011P   5854
-86.38230304396043D0,175.6413902131801D0,1815.807674059191D0,    0000011P   5855
-84.94171797251295D0,176.051359322648D0,1821.095550822011D0,     0000011P   5856
-83.49314045602544D0,176.4625153432843D0,1826.354216573989D0,    0000011P   5857
-82.05038568708606D0,176.8748657892114D0,1831.626774807317D0,    0000011P   5858
-80.59624684745479D0,177.2877895518473D0,1836.891053939308D0,    0000011P   5859
-79.14185053234264D0,177.7023050754691D0,1842.171448648081D0,    0000011P   5860
-77.67750283216689D0,178.1181955773885D0,1847.436570709767D0,    0000011P   5861
-76.21308248730301D0,178.5357250406489D0,1852.690874611084D0,    0000011P   5862
-74.74450414229435D0,178.9549083066581D0,1857.960765599016D0,    0000011P   5863
-73.263626711217D0,179.3747318614219D0,1863.210128022568D0,      0000011P   5864
-71.78404067111454D0,179.8002448057775D0,1868.494059765259D0,    0000011P   5865
-70.28596599582312D0,180.2150425781239D0,1873.729309417372D0,    0000011P   5866
-68.79572829545003D0,180.6328409855256D0,1879.00530337145D0,     0000011P   5867
-67.28297948173227D0,181.0539737822174D0,1884.2404488536D0,      0000011P   5868
-65.77465188363972D0,181.4791612646409D0,1889.499546347287D0,    0000011P   5869
-64.25020574917747D0,181.908666140002D0,1894.754825949849D0,     0000011P   5870
-62.71662176807335D0,182.3427219591908D0,1900.825463434847D0,    0000011P   5871
-60.93305582264754D0,182.8508275603955D0,1907.713729282131D0,    0000011P   5872
-58.89357836670147D0,183.4373241444951D0,1915.393910653163D0,    0000011P   5873
-56.59972102074034D0,184.1022778538788D0,1923.102455726677D0,    0000011P   5874
-54.28695642521611D0,184.7736143737187D0,1930.793068584451D0,    0000011P   5875
-51.96876386040075D0,185.4474186203973D0,1938.48949259386D0,     0000011P   5876
-49.64903335213306D0,186.1231345009278D0,1946.187676753542D0,    0000011P   5877
-47.3314701189271D0,186.7988474305043D0,1953.869460106201D0,     0000011P   5878
-45.0278989973576D0,187.4747686437924D0,1961.574011696906D0,     0000011P   5879
-42.73256381011679D0,188.1524049322163D0,1969.262102496567D0,    0000011P   5880
-40.46597032449427D0,188.8386902154705D0,1976.98301838049D0,     0000011P   5881
-38.20961766369678D0,189.533569944024D0,1984.588218408682D0,     0000011P   5882
-36.04193759589361D0,190.2820351672167D0,1992.679720767987D0,    0000011P   5883
-33.68660289812321D0,191.0037920297859D0,1998.280190819073D0,    0000011P   5884
-32.36292810637499D0,192.0385038227435D0,2009.242146904528D0,    0000011P   5885
-28.658595618836D0,192.2701647824798D0,2018.016216978492D0,      0000011P   5886
-25.8318333516328D0,192.6186042562945D0,2027.145248668572D0,     0000011P   5887
-22.87061136775487D0,192.9290999249844D0,2036.120466439679D0,    0000011P   5888
-19.98180732271116D0,193.2599287629431D0,2045.129682847633D0,    0000011P   5889
-17.0893185349269D0,193.5987136222349D0,2054.09579481618D0,      0000011P   5890
-14.21989447555048D0,193.9477299866246D0,2063.049820149038D0,    0000011P   5891
-11.35921335387034D0,194.2957742636509D0,2071.996403652748D0,    0000011P   5892
-8.506351178031759D0,194.6430813699255D0,2080.920364732297D0,    0000011P   5893
-5.663545151618251D0,194.9829144196239D0,2089.808745446344D0,    0000011P   5894
-2.833574400437048D0,195.313878049506D0,2095.739142214065D0,     0000011P   5895
-0.9442929912734367D0,195.527637360536D0,2098.70072390283D0,     0000011P   5896
1.262184801120725D-14,195.6324947697784D0,-200.0D0,              0000011P   5897
-151.7272657659637D0,174.5829283678204D0,-183.3273112335002D0,   0000011P   5898
-154.657347629195D0,173.4012184728219D0,-149.9838751621639D0,    0000011P   5899
-160.6242079234098D0,171.0156197638084D0,-105.5532132433134D0,   0000011P   5900
-168.8571918345847D0,167.7573572114671D0,-66.63839797389078D0,   0000011P   5901
-176.271382821184D0,164.8360263286936D0,-33.3327016963536D0,     0000011P   5902
-182.7635582847331D0,162.2888676995533D0,5.573255294561595D0,    0000011P   5903
-190.5131639829882D0,159.2672054379138D0,50.00738884040215D0,    0000011P   5904
-199.6158174387695D0,155.7609663174269D0,99.99963041373751D0,    0000011P   5905
-210.024440256408D0,151.7792010910876D0,149.9839095177686D0,     0000011P   5906
-220.4314177778793D0,147.7940104891329D0,199.9784406289466D0,    0000011P   5907
-230.6375446920441D0,143.9198030971054D0,249.9535399464651D0,    0000011P   5908
-240.4244079260378D0,140.262584921733D0,294.4181790457969D0,     0000011P   5909
-248.5948544589855D0,137.2600339801889D0,333.2864549700545D0,    0000011P   5910
-255.2195638528999D0,134.8501112156461D0,366.6279759839051D0,    0000011P   5911
-260.509030025202D0,132.9441534573385D0,399.9735163409276D0,     0000011P   5912
-265.3706123782966D0,131.2057785250027D0,433.2911673530743D0,    0000011P   5913
-269.7563595327563D0,129.6393747848703D0,466.6202396361604D0,    0000011P   5914
-273.6741780578124D0,128.2449912120177D0,499.9793851731902D0,    0000011P   5915
-277.1185350589745D0,127.0166554763443D0,533.3010853587556D0,    0000011P   5916
-280.0790359713218D0,125.9498032100397D0,566.6280668666761D0,    0000011P   5917
-282.5392500852136D0,125.0493936732719D0,605.5405209778866D0,    0000011P   5918
-284.7963182908345D0,124.1980679938894D0,649.9813946248471D0,    0000011P   5919
-286.4563131740455D0,123.5177887728016D0,699.9987757612066D0,    0000011P   5920
-287.0806986888729D0,123.1524967221247D0,750.0042980467565D0,    0000011P   5921
-286.4526394278299D0,123.1855056290458D0,800.0174724000323D0,    0000011P   5922
-284.6210730391042D0,123.5992199744701D0,850.0422051793613D0,    0000011P   5923
-281.6288046656949D0,124.3765301010595D0,900.0282537378735D0,    0000011P   5924
-277.5573022138756D0,125.4866173870186D0,950.0446053881354D0,    0000011P   5925
-272.4693430192831D0,126.8984525921541D0,1000.036661700001D0,    0000011P   5926
-266.4359803271211D0,128.6021433036746D0,1050.046500239806D0,    0000011P   5927
-259.4982782048652D0,130.5853575187948D0,1100.036627724918D0,    0000011P   5928
-251.7346196087686D0,132.8283447888898D0,1150.052291350348D0,    0000011P   5929
-243.1869490068527D0,135.3091435564273D0,1200.032204777431D0,    0000011P   5930
-233.9458924036662D0,138.0103092928281D0,1250.070243650725D0,    0000011P   5931
-224.0507544038611D0,140.9080526848281D0,1300.034504098356D0,    0000011P   5932
-213.6068378087746D0,143.9701177323365D0,1350.043192633083D0,    0000011P   5933
-202.6386212572969D0,147.1586814363354D0,1400.037086048991D0,    0000011P   5934
-191.2458821519369D0,150.4749347318797D0,1450.046809431653D0,    0000011P   5935
-179.4690574906099D0,153.9111779326092D0,1500.030980948265D0,    0000011P   5936
-167.3923396823666D0,157.3958212228865D0,1550.049964756684D0,    0000011P   5937
-155.0415508285818D0,160.8484130428519D0,1600.030720159978D0,    0000011P   5938
-142.4970022802585D0,164.3166020620298D0,1650.037053268159D0,    0000011P   5939
-129.7628761754127D0,167.841672799588D0,1700.033628787252D0,     0000011P   5940
-116.8004933298147D0,171.4160591176878D0,1750.057732571582D0,    0000011P   5941
-103.4988199271134D0,175.0249730468873D0,1785.101597510778D0,    0000011P   5942
-94.00411173898125D0,177.6053734610704D0,1805.270988179663D0,    0000011P   5943
-88.49496041305392D0,179.1099706013858D0,1810.542376223388D0,    0000011P   5944
-87.05307342528818D0,179.5043374340621D0,1815.807378960776D0,    0000011P   5945
-85.60837328956856D0,179.8995218322702D0,1821.095322905053D0,    0000011P   5946
-84.1556368700012D0,180.2961774954868D0,1826.353215967159D0,     0000011P   5947
-82.70897274620909D0,180.6942252340145D0,1831.626042193641D0,    0000011P   5948
-81.25084704677032D0,181.0929871704754D0,1836.889992118169D0,    0000011P   5949
-79.79262598198321D0,181.4933469058547D0,1842.170459864845D0,    0000011P   5950
-78.32443884725637D0,181.8950116348757D0,1847.43516099181D0,     0000011P   5951
-76.8563790409558D0,182.2981464240462D0,1852.689196610866D0,     0000011P   5952
-75.3842965836987D0,182.7026790623841D0,1857.959489952D0,        0000011P   5953
-73.89990465102571D0,183.1075579527193D0,1863.20841848304D0,     0000011P   5954
-72.41708261270429D0,183.5175054166724D0,1868.492900747615D0,    0000011P   5955
-70.91567192523027D0,183.9168117163926D0,1873.727513074617D0,    0000011P   5956
-69.42254179409619D0,184.318453179567D0,1879.004272441596D0,     0000011P   5957
-67.90675425245672D0,184.7226613212063D0,1884.239212206088D0,    0000011P   5958
-66.39579735904418D0,185.1300357923702D0,1889.49863585803D0,     0000011P   5959
-64.86873765000676D0,185.5407404440718D0,1894.754394748315D0,    0000011P   5960
-63.33271251204989D0,185.9549113597544D0,1900.825569513036D0,    0000011P   5961
-61.54657481276289D0,186.4386248534394D0,1907.714123169405D0,    0000011P   5962
-59.5045366034806D0,186.9952792656343D0,1915.394610677261D0,     0000011P   5963
-57.20811448413575D0,187.6245168011184D0,1923.103557874386D0,    0000011P   5964
-54.89258605609579D0,188.2582689033334D0,1930.794945035549D0,    0000011P   5965
-52.57136812275258D0,188.8931516718408D0,1938.491661133875D0,    0000011P   5966
-50.24809644797612D0,189.5289802439029D0,1946.190191636183D0,    0000011P   5967
-47.92621829216515D0,190.1642759543652D0,1953.871847324762D0,    0000011P   5968
-45.61746292614036D0,190.7995847268886D0,1961.576427509474D0,    0000011P   5969
-43.31562698656224D0,191.4366863472018D0,1969.263376300414D0,    0000011P   5970
-41.04129429358058D0,192.0825292921454D0,1976.984865678203D0,    0000011P   5971
-38.77526189038071D0,192.7374063564467D0,1984.583987772001D0,    0000011P   5972
-36.59719811800975D0,193.4445108866378D0,1992.694284915197D0,    0000011P   5973
-34.2249171465613D0,194.1277173372433D0,1998.227986067749D0,     0000011P   5974
-32.89980067092573D0,195.1110281020846D0,2009.390290109004D0,    0000011P   5975
-29.1417904276119D0,195.3313885852415D0,2018.290971875646D0,     0000011P   5976
-26.27512173150707D0,195.6642501065863D0,2027.562385622019D0,    0000011P   5977
-23.26937346777627D0,195.9621419114889D0,2036.675443846407D0,    0000011P   5978
-20.33565047683349D0,196.2804727889849D0,2045.824909218416D0,    0000011P   5979
-17.39641765526737D0,196.6073619356973D0,2054.931299193848D0,    0000011P   5980
-14.47904909544414D0,196.9448834177175D0,2064.026748125204D0,    0000011P   5981
-11.56902620263288D0,197.2822740972429D0,2073.11538059396D0,     0000011P   5982
-8.665496136936694D0,197.6196646532932D0,2082.181751758745D0,    0000011P   5983
-5.77083047780563D0,197.9505459527477D0,2091.21238394758D0,      0000011P   5984
-2.887953565357951D0,198.273496027719D0,2097.237986060477D0,     0000011P   5985
-0.9625396290100482D0,198.4825226050924D0,2100.247156373006D0,   0000011P   5986
1.262184801120725D-14,198.5851649045274D0,-199.9999999999999D0,  0000011P   5987
-152.9596374238515D0,178.6510055193343D0,-183.3272054905713D0,   0000011P   5988
-155.8970591919674D0,177.55921284353D0,-149.9835056879718D0,     0000011P   5989
-161.874307524193D0,175.3434597486622D0,-105.5532958744815D0,    0000011P   5990
-170.110414905494D0,172.2937965459711D0,-66.63833514391617D0,    0000011P   5991
-177.5203081691618D0,169.5483794584484D0,-33.33246205870205D0,   0000011P   5992
-184.0029299700944D0,167.1393547294352D0,5.573142123527063D0,    0000011P   5993
-191.7337915035976D0,164.2548901771698D0,50.00749970488283D0,    0000011P   5994
-200.8026112224076D0,160.8571489650613D0,99.99975878674516D0,    0000011P   5995
-211.1749119121421D0,156.9976510474075D0,149.9832852361139D0,    0000011P   5996
-221.5657196614367D0,153.200414153814D0,199.9787712552765D0,     0000011P   5997
-231.7721407904416D0,149.5639978227026D0,249.9528418341212D0,    0000011P   5998
-241.5715775274555D0,146.1789367902595D0,294.4184826114455D0,    0000011P   5999
-249.7532248141053D0,143.3701106565687D0,333.2859680635011D0,    0000011P   6000
-256.3792666330273D0,141.0375950192518D0,366.6271378329786D0,    0000011P   6001
-261.6700214771252D0,139.1708477788566D0,399.9739167667278D0,    0000011P   6002
-266.5387333040676D0,137.4805245392784D0,433.2904035985D0,       0000011P   6003
-270.9429426157401D0,136.0070214168499D0,466.619803217946D0,     0000011P   6004
-274.8854793426518D0,134.7243288100668D0,499.9796596821513D0,    0000011P   6005
-278.3555029370823D0,133.6008482292582D0,533.3004242871407D0,    0000011P   6006
-281.3372289096839D0,132.6063959458895D0,566.6276090911407D0,    0000011P   6007
-283.8132814520085D0,131.7463389802518D0,605.5407834824759D0,    0000011P   6008
-286.0812419514713D0,130.9051848712994D0,649.9808832048D0,       0000011P   6009
-287.740955627569D0,130.1844518017936D0,699.9988040950454D0,     0000011P   6010
-288.3636605285263D0,129.7941824718773D0,750.0046959568603D0,    0000011P   6011
-287.7482241006214D0,129.9138112508409D0,800.0171605020457D0,    0000011P   6012
-285.9192044106094D0,130.3872949248005D0,850.0430553866177D0,    0000011P   6013
-282.8948890375653D0,131.058883830548D0,900.027688570064D0,      0000011P   6014
-278.7785290114021D0,132.008534978993D0,950.0460169694333D0,     0000011P   6015
-273.6543603003444D0,133.3164018807509D0,1000.03598287114D0,     0000011P   6016
-267.5945163317514D0,134.9716506771895D0,1050.047803709402D0,    0000011P   6017
-260.6404636386956D0,136.9611440084796D0,1100.036029406014D0,    0000011P   6018
-252.8565537142177D0,139.1693433862389D0,1150.053380623918D0,    0000011P   6019
-244.2697363252821D0,141.4780130491689D0,1200.031516559583D0,    0000011P   6020
-234.9862514453579D0,143.9614476068273D0,1250.071908686972D0,    0000011P   6021
-225.0598906379067D0,146.6884579189731D0,1300.03372466695D0,     0000011P   6022
-214.5921628616837D0,149.6031162499486D0,1350.044644777331D0,    0000011P   6023
-203.6018909498133D0,152.6440931286026D0,1400.036482393271D0,    0000011P   6024
-192.1852744296942D0,155.7920136827481D0,1450.047770733704D0,    0000011P   6025
-180.3777056392273D0,159.0189514278173D0,1500.030368030483D0,    0000011P   6026
-168.2753778069401D0,162.329828703262D0,1550.051456290088D0,     0000011P   6027
-155.914744933837D0,165.7215031112642D0,1600.0300774404D0,       0000011P   6028
-143.3574357177366D0,169.1292844239684D0,1650.038131740394D0,    0000011P   6029
-130.5870824592145D0,172.4818233321591D0,1700.032916542905D0,    0000011P   6030
-117.5807118307321D0,175.842231430104D0,1750.059504659534D0,     0000011P   6031
-104.241382634513D0,179.2670825493872D0,1785.101752836084D0,     0000011P   6032
-94.71829080773398D0,181.7164377885874D0,1805.270925216147D0,    0000011P   6033
-89.18967382159543D0,183.1378910668346D0,1810.542151175082D0,    0000011P   6034
-87.74258764629809D0,183.5101682046443D0,1815.807299264024D0,    0000011P   6035
-86.29260165140413D0,183.8829524799053D0,1821.095391941861D0,    0000011P   6036
-84.83442927950343D0,184.2568984514255D0,1826.352593916696D0,    0000011P   6037
-83.38249474194818D0,184.6319644329086D0,1831.625767076005D0,    0000011P   6038
-81.91895935882911D0,185.0075399854011D0,1836.889461356383D0,    0000011P   6039
-80.45545120022618D0,185.3844980738171D0,1842.170067614488D0,    0000011P   6040
-78.98194501123381D0,185.7625940775123D0,1847.434402477044D0,    0000011P   6041
-77.50877109290288D0,186.1420183536791D0,1852.688210967506D0,    0000011P   6042
-76.0317370866189D0,186.5227358461669D0,1857.958931585436D0,     0000011P   6043
-74.54243267408153D0,186.9037810818499D0,1863.207432204056D0,    0000011P   6044
-73.05504836247646D0,187.2896738103526D0,1868.492449313679D0,    0000011P   6045
-71.54906933565368D0,187.6655233247953D0,1873.726384268374D0,    0000011P   6046
-70.05193063918536D0,188.0436906807084D0,1879.003841917272D0,    0000011P   6047
-68.53212667233827D0,188.4244293610989D0,1884.238479035908D0,    0000011P   6048
-67.01772346830157D0,188.8083425788656D0,1889.498099407262D0,    0000011P   6049
-65.48741609606103D0,189.1956195360493D0,1894.754172922354D0,    0000011P   6050
-63.94852088399401D0,189.586423055867D0,1900.825650514567D0,     0000011P   6051
-62.15957825065557D0,190.0431831705237D0,1907.714159642532D0,    0000011P   6052
-60.11511997826157D0,190.5693496045792D0,1915.3945251247D0,      0000011P   6053
-57.81674979961906D0,191.1647471984618D0,1923.103422171906D0,    0000011P   6054
-55.49945194590421D0,191.7649719535289D0,1930.795139216039D0,    0000011P   6055
-53.17649924004963D0,192.3667527092568D0,1938.491742800111D0,    0000011P   6056
-50.85119168037743D0,192.9698573898934D0,1946.190286823252D0,    0000011P   6057
-48.52663706559195D0,193.5728248066716D0,1953.871585771468D0,    0000011P   6058
-46.21438759718071D0,194.1761171289841D0,1961.576101183548D0,    0000011P   6059
-43.90771122219339D0,194.7813686935999D0,1969.261982272905D0,    0000011P   6060
-41.62718831006088D0,195.3951240912421D0,1976.984319089604D0,    0000011P   6061
-39.35283232036799D0,196.0176050176327D0,1984.577868796094D0,    0000011P   6062
-37.16546666346054D0,196.689788673232D0,1992.707729836439D0,     0000011P   6063
-34.77696539890822D0,197.3392993790878D0,1998.17564843616D0,     0000011P   6064
-33.45067464944185D0,198.2738505100403D0,2009.539456991364D0,    0000011P   6065
-29.63883912019195D0,198.483504334428D0,2018.567997580155D0,     0000011P   6066
-26.7318360302572D0,198.7999722824852D0,2027.983222181761D0,     0000011P   6067
-23.68086236576847D0,199.0831993151156D0,2037.235722699942D0,    0000011P   6068
-20.70127215185632D0,199.3858389840788D0,2046.527203290184D0,    0000011P   6069
-17.71411986308423D0,199.6966197786378D0,2055.775793312444D0,    0000011P   6070
-14.74742621284779D0,200.0175272952928D0,2065.014735040107D0,    0000011P   6071
-11.78649780220823D0,200.3383517989819D0,2074.247624201681D0,    0000011P   6072
-8.830574943037899D0,200.6592326792141D0,2083.458743081533D0,    0000011P   6073
-5.882185590464902D0,200.9740015036549D0,2092.634085649145D0,    0000011P   6074
-2.944421298730019D0,201.281322647851D0,2098.756607474048D0,     0000011P   6075
-0.981490584860757D0,201.4803117723164D0,2101.814240930147D0,    0000011P   6076
1.262184801120725D-14,201.5780484764964D0,-199.9999999999999D0,  0000011P   6077
-154.2316509984723D0,182.9170227668344D0,-183.3270997476425D0,   0000011P   6078
-157.154656442824D0,181.8393790223631D0,-149.9831362137796D0,    0000011P   6079
-163.1051722468602D0,179.6662909552007D0,-105.5533785056496D0,   0000011P   6080
-171.311932074112D0,176.7166357087622D0,-66.63827231394163D0,    0000011P   6081
-178.7015218482134D0,174.0937219129783D0,-33.33222242105068D0,   0000011P   6082
-185.1694006614559D0,171.8095544165904D0,5.573028952492305D0,    0000011P   6083
-192.8854406219145D0,169.0893551996983D0,50.00761056936344D0,    0000011P   6084
-201.9392041832914D0,165.8984963911695D0,99.99988715975289D0,    0000011P   6085
-212.2982436380563D0,162.2987392112755D0,149.9826609544591D0,    0000011P   6086
-222.6805027184646D0,158.7893824513327D0,199.9791018816059D0,    0000011P   6087
-232.86707419867D0,155.351879744297D0,249.9521437217764D0,       0000011P   6088
-242.6189001515663D0,151.9603772360179D0,294.4187861770938D0,    0000011P   6089
-250.7728239327007D0,149.175299086402D0,333.285481156949D0,      0000011P   6090
-257.4131838472755D0,147.0392047647577D0,366.626299682054D0,     0000011P   6091
-262.7281673752133D0,145.3792107952712D0,399.9743171925286D0,    0000011P   6092
-267.618404322031D0,143.8525151834987D0,433.289639843921D0,      0000011P   6093
-272.0266553731034D0,142.4184970892543D0,466.6193667997241D0,    0000011P   6094
-275.9655112320316D0,141.1112567063829D0,499.97993419111D0,      0000011P   6095
-279.4335879174519D0,139.9593137881177D0,533.2997632155426D0,    0000011P   6096
-282.424430274943D0,138.9923468418747D0,566.627151315633D0,      0000011P   6097
-284.9167466591232D0,138.1955301024786D0,605.5410459870701D0,    0000011P   6098
-287.2072800774962D0,137.446483386586D0,649.9803717846438D0,     0000011P   6099
-288.8911340313896D0,136.8238084731619D0,699.9988324288103D0,    0000011P   6100
-289.5238935361545D0,136.4658487495271D0,750.0050938673684D0,    0000011P   6101
-288.8864234479289D0,136.4718873808617D0,800.0168486043356D0,    0000011P   6102
-287.0347119835466D0,136.853578706586D0,850.0439055923633D0,     0000011P   6103
-284.0184124309212D0,137.6230814441334D0,900.0271234012234D0,    0000011P   6104
-279.9131694586155D0,138.698760796559D0,950.0474285563854D0,     0000011P   6105
-274.7750996181613D0,139.998560099693D0,1000.03530404614D0,      0000011P   6106
-268.6793804899614D0,141.5107415761972D0,1050.049107157833D0,    0000011P   6107
-261.6698353806161D0,143.2213382180056D0,1100.035431072654D0,    0000011P   6108
-253.8402853972733D0,145.1864192670556D0,1150.054469976723D0,    0000011P   6109
-245.2464427751476D0,147.4605112376887D0,1200.030828395856D0,    0000011P   6110
-235.9660111947268D0,149.9452991763256D0,1250.073573426557D0,    0000011P   6111
-226.0228445340906D0,152.5362794508373D0,1300.032945032909D0,    0000011P   6112
-215.5321882854727D0,155.2600740272575D0,1350.046098032323D0,    0000011P   6113
-204.5248172638036D0,158.1386105051416D0,1400.035879496263D0,    0000011P   6114
-193.0954552635106D0,161.1428548388947D0,1450.048727877619D0,    0000011P   6115
-181.2765504076151D0,164.2356023529365D0,1500.029752272406D0,    0000011P   6116
-169.1541012924736D0,167.3740147720229D0,1550.0529633863D0,      0000011P   6117
-156.7528820756592D0,170.5073757099371D0,1600.029445351164D0,    0000011P   6118
-144.1511748912133D0,173.655944106039D0,1650.039151973625D0,     0000011P   6119
-131.3475893167054D0,176.834120607659D0,1700.032164519517D0,     0000011P   6120
-118.3136557115726D0,180.0567526888748D0,1750.061494735512D0,    0000011P   6121
-104.9452199551975D0,183.3322764043675D0,1785.102077690642D0,    0000011P   6122
-95.39784577900332D0,185.6655426162109D0,1805.270804516206D0,    0000011P   6123
-89.85267468680485D0,187.0157315601987D0,1810.541801525799D0,    0000011P   6124
-88.40117594410636D0,187.3691819560253D0,1815.807023106012D0,    0000011P   6125
-86.94671456341304D0,187.7229822652508D0,1821.095190136234D0,    0000011P   6126
-85.48393870930822D0,188.0777827726788D0,1826.351626596565D0,    0000011P   6127
-84.02758636838301D0,188.4335741620786D0,1831.625074690244D0,    0000011P   6128
-82.5595121957505D0,188.7898082995857D0,1836.888446231628D0,     0000011P   6129
-81.09160426478201D0,189.1473423807077D0,1842.169131284765D0,    0000011P   6130
-79.61368091376744D0,189.5059748360971D0,1847.433050019795D0,    0000011P   6131
-78.13630748995237D0,189.8659161802957D0,1852.686593846663D0,    0000011P   6132
-76.65524739900032D0,190.2271633786483D0,1857.957719009342D0,    0000011P   6133
-75.16196497227958D0,190.5888319487386D0,1863.205786261283D0,    0000011P   6134
-73.67095999790391D0,190.9552339348591D0,1868.491352514318D0,    0000011P   6135
-72.16135953058713D0,191.3122925277662D0,1873.724646622527D0,    0000011P   6136
-70.66116259949074D0,191.6717483774977D0,1879.002863781455D0,    0000011P   6137
-69.13829411350338D0,192.0338718017216D0,1884.237286659477D0,    0000011P   6138
-67.62139622378075D0,192.3992644418402D0,1889.497221807447D0,    0000011P   6139
-66.0887906756559D0,192.7681357175866D0,1894.753760131348D0,     0000011P   6140
-64.54797088268788D0,193.1406700586162D0,1900.82575438775D0,     0000011P   6141
-62.7573106837637D0,193.5764587712439D0,1907.714522102155D0,     0000011P   6142
-60.71165492316813D0,194.0790390021378D0,1915.395156072546D0,    0000011P   6143
-58.41268189907176D0,194.64835962205D0,1923.104415474666D0,      0000011P   6144
-56.09492934603923D0,195.2227485794887D0,1930.796867744021D0,    0000011P   6145
-53.7715192085716D0,195.7989403432885D0,1938.493727839997D0,     0000011P   6146
-51.44540882147076D0,196.3765485141258D0,1946.192588940534D0,    0000011P   6147
-49.11935962377428D0,196.9540222690641D0,1953.873740081847D0,    0000011P   6148
-46.80473984966419D0,197.5316329126708D0,1961.578275878146D0,    0000011P   6149
-44.49428185860699D0,198.110762222199D0,1969.263021492656D0,     0000011P   6150
-42.20855567134238D0,198.697443791697D0,1976.985955891381D0,     0000011P   6151
-39.92678426588227D0,199.2917211073249D0,1984.573472116554D0,    0000011P   6152
-37.73093922389887D0,199.932248112914D0,1992.722195569404D0,     0000011P   6153
-35.32694759646562D0,200.5502918854791D0,1998.123432000592D0,    0000011P   6154
-34.0000666695793D0,201.4370897806658D0,2009.687690208484D0,     0000011P   6155
-30.13486287185713D0,201.636015203572D0,2018.842952150836D0,     0000011P   6156
-27.18788025254948D0,201.9353395746889D0,2028.400684443927D0,    0000011P   6157
-24.0919751677374D0,202.202450607416D0,2037.791166266237D0,      0000011P   6158
-21.06675268919961D0,202.4872755279984D0,2047.22305112838D0,     0000011P   6159
-18.0318587314061D0,202.7791810301009D0,2056.61208816371D0,      0000011P   6160
-15.01596249071341D0,203.0800931523943D0,2065.992635435741D0,    0000011P   6161
-12.00419762590652D0,203.3803844743188D0,2075.367767689258D0,    0000011P   6162
-8.995899462558695D0,203.6802320076349D0,2084.721502203614D0,    0000011P   6163
-5.993754193407684D0,203.9738369325556D0,2094.039312458995D0,    0000011P   6164
-3.001022448748407D0,204.2599788798237D0,2100.257190374432D0,    0000011P   6165
-1.000490915886669D0,204.4449170873562D0,2103.362489351374D0,    0000011P   6166
1.262184801120725D-14,204.5356679612481D0,-200.0D0,              0000011P   6167
-155.4227946879221D0,186.9682711093577D0,-183.3269940047137D0,   0000011P   6168
-158.3536842824065D0,185.9807291780948D0,-149.9827667395876D0,   0000011P   6169
-164.314961965106D0,183.979646036866D0,-105.5534611368178D0,     0000011P   6170
-172.5180648616186D0,181.2249034049925D0,-66.63820948396702D0,   0000011P   6171
-179.8881931116407D0,178.7382712364324D0,-33.33198278339911D0,   0000011P   6172
-186.3325617266803D0,176.5606428741816D0,5.572915781457893D0,    0000011P   6173
-194.0187308839864D0,173.9684814246639D0,50.00772143384448D0,    0000011P   6174
-203.0422928174965D0,170.9509066536033D0,100.000015532761D0,     0000011P   6175
-213.3649004040733D0,167.5309951124245D0,149.9820366728046D0,    0000011P   6176
-223.7004040670031D0,164.1348960341008D0,199.9794325079357D0,    0000011P   6177
-233.8532053066821D0,160.8591074073316D0,249.9514456094317D0,    0000011P   6178
-243.6070051977586D0,157.7929570797186D0,294.4190897427419D0,    0000011P   6179
-251.7678095052544D0,155.2741475614589D0,333.2849942503962D0,    0000011P   6180
-258.3979877693814D0,153.232234530293D0,366.6254615311289D0,     0000011P   6181
-263.7012504018361D0,151.6043125191405D0,399.9747176183294D0,    0000011P   6182
-268.5846130068164D0,150.107461940765D0,433.288876089344D0,      0000011P   6183
-272.998468915256D0,148.7474921257524D0,466.618930381505D0,      0000011P   6184
-276.9497955523611D0,147.5299093650671D0,499.9802087000696D0,    0000011P   6185
-280.4313659289113D0,146.4550741285301D0,533.2991021439389D0,    0000011P   6186
-283.4308026346656D0,145.5245283398043D0,566.6266935401156D0,    0000011P   6187
-285.9303913485191D0,144.7505885693829D0,605.5413084916627D0,    0000011P   6188
-288.2318299885278D0,144.0440315068883D0,649.979860364526D0,     0000011P   6189
-289.9372081393174D0,143.5374470719692D0,699.9988607626012D0,    0000011P   6190
-290.5908023146039D0,143.2990892501089D0,750.0054917777347D0,    0000011P   6191
-289.9550718766676D0,143.3120804560127D0,800.0165367065282D0,    0000011P   6192
-288.0880071590178D0,143.6092576812792D0,850.0447557986391D0,    0000011P   6193
-285.0411470801309D0,144.223881223195D0,900.0265582327446D0,     0000011P   6194
-280.9040089143788D0,145.145865920333D0,950.0488401413514D0,     0000011P   6195
-275.7462339258174D0,146.3650467701474D0,1000.034625219785D0,    0000011P   6196
-269.6417293140414D0,147.8546024775584D0,1050.050410613698D0,    0000011P   6197
-262.6323389237077D0,149.5855265565151D0,1100.034832744371D0,    0000011P   6198
-254.799127560224D0,151.5225162428515D0,1150.055559301697D0,     0000011P   6199
-246.1840712032078D0,153.6282464781068D0,1200.030140213118D0,    0000011P   6200
-236.8812037146959D0,155.9097565473714D0,1250.075238270345D0,    0000011P   6201
-226.9295588290651D0,158.3688134017128D0,1300.032165470044D0,    0000011P   6202
-216.4351825892695D0,160.9743498223992D0,1350.047550897164D0,    0000011P   6203
-205.4177303122367D0,163.690549109931D0,1400.035276332755D0,     0000011P   6204
-193.9761542021792D0,166.516574496994D0,1450.049686482091D0,     0000011P   6205
-182.1456857983424D0,169.4440137454919D0,1500.02913751199D0,     0000011P   6206
-170.0095726720153D0,172.4202104844191D0,1550.05446501603D0,     0000011P   6207
-157.5883818488447D0,175.3849986473494D0,1600.028809527989D0,    0000011P   6208
-144.9611687056687D0,178.3577363165125D0,1650.040192663472D0,    0000011P   6209
-132.1255471904902D0,181.3522475033376D0,1700.03142646863D0,     0000011P   6210
-119.0583439024377D0,184.3929437331823D0,1750.063408242573D0,    0000011P   6211
-105.6590335786777D0,187.49823399613D0,1785.102342997566D0,      0000011P   6212
-96.08807768187475D0,189.7130026751842D0,1805.27070409635D0,     0000011P   6213
-90.52710932967628D0,190.9931425488223D0,1810.541495642965D0,    0000011P   6214
-89.07140712654685D0,191.3281741897795D0,1815.80681595558D0,     0000011P   6215
-87.61268443955416D0,191.663449586751D0,1821.095083464788D0,     0000011P   6216
-86.14551781624046D0,191.9995754291787D0,1826.350780553394D0,    0000011P   6217
-84.68495267940122D0,192.3365354495398D0,1831.624528871106D0,    0000011P   6218
-83.21253068013731D0,192.6738044977011D0,1836.887601240752D0,    0000011P   6219
-81.74039355607688D0,193.0121846784057D0,1842.168386064475D0,    0000011P   6220
-80.25819689967079D0,193.3514781522456D0,1847.431906186541D0,    0000011P   6221
-78.77673476532466D0,193.691876269754D0,1852.685198534092D0,     0000011P   6222
-77.2917199839455D0,194.0333686964137D0,1857.956736226217D0,     0000011P   6223
-75.79448519753571D0,194.3751126191597D0,1863.204372027303D0,    0000011P   6224
-74.29983313610254D0,194.7211730555955D0,1868.490482401408D0,    0000011P   6225
-72.78652638618908D0,195.0582477727552D0,1873.723122833332D0,    0000011P   6226
-71.2831216215116D0,195.3974176938265D0,1879.002077995742D0,     0000011P   6227
-69.75696792154604D0,195.7389306497809D0,1884.236255580555D0,    0000011P   6228
-68.23727721638014D0,196.0833473891664D0,1889.496464037211D0,    0000011P   6229
-66.70199158865958D0,196.4308582280507D0,1894.75341441736D0,     0000011P   6230
-65.15877519809061D0,196.7816298811698D0,1900.825850227201D0,    0000011P   6231
-63.36573959308134D0,197.1917354937282D0,1907.71477005809D0,     0000011P   6232
-61.31797215801894D0,197.6643748096498D0,1915.395535347577D0,    0000011P   6233
-59.01719038980608D0,198.1994191091422D0,1923.105012211109D0,    0000011P   6234
-56.69763511859674D0,198.7389409077028D0,1930.798057328059D0,    0000011P   6235
-54.3723176596365D0,199.2799328557077D0,1938.495044314445D0,     0000011P   6236
-52.0438929333831D0,199.8221067824453D0,1946.194115867268D0,     0000011P   6237
-49.71481626838351D0,200.364074782993D0,1953.875045813203D0,     0000011P   6238
-47.39631218069034D0,200.9061698492766D0,1961.579572082134D0,    0000011P   6239
-45.08061769136305D0,201.4497737512162D0,1969.26320602735D0,     0000011P   6240
-42.78833272162621D0,202.000661638369D0,1976.986825771046D0,     0000011P   6241
-40.49793001709495D0,202.5589513395165D0,1984.568470475489D0,    0000011P   6242
-38.29256957994398D0,203.1612260940445D0,1992.736302739333D0,    0000011P   6243
-35.87227170192659D0,203.7426482871181D0,1998.071172994576D0,    0000011P   6244
-34.544285936211D0,204.578486352459D0,2009.83625137819D0,        0000011P   6245
-30.62546818126378D0,204.7652080393514D0,2019.118634213197D0,    0000011P   6246
-27.63845326626218D0,205.0471546090238D0,2028.819331937767D0,    0000011P   6247
-24.49772486809856D0,205.2989611443032D0,2038.348308241004D0,    0000011P   6248
-21.42712824096175D0,205.5677603759027D0,2047.921163224554D0,    0000011P   6249
-18.34488987499015D0,205.8434890318717D0,2057.451263031076D0,    0000011P   6250
-15.2803165852632D0,206.1279454230334D0,2066.974078750116D0,     0000011P   6251
-12.21835822405157D0,206.4120162733126D0,2076.492161378642D0,    0000011P   6252
-9.15843426639135D0,206.6958480467039D0,2085.989260426897D0,     0000011P   6253
-6.103378278391884D0,206.9739433659498D0,2095.450326121678D0,    0000011P   6254
-3.056609102164157D0,207.2451289469718D0,2101.764109354162D0,    0000011P   6255
-1.019146070806118D0,207.4204983692384D0,2104.917354019211D0,    0000011P   6256
1.262184801120725D-14,207.5065765114761D0,-199.9999999999999D0,  0000011P   6257
-156.6572696805958D0,191.2138719924931D0,-183.3268882617848D0,   0000011P   6258
-159.5848415553988D0,190.2814269058307D0,-149.9823972653955D0,   0000011P   6259
-165.5373277721559D0,188.3932019679843D0,-105.553543767986D0,    0000011P   6260
-173.7189799244262D0,185.7836833135873D0,-66.63814665399254D0,   0000011P   6261
-181.0606108853601D0,183.4112937198555D0,-33.33174314574782D0,   0000011P   6262
-187.4775278700275D0,181.3358120140984D0,5.572802610423114D0,    0000011P   6263
-195.1328742818043D0,178.8832392582407D0,50.00783229832524D0,    0000011P   6264
-204.1292270276765D0,176.0756383675659D0,100.000143905769D0,     0000011P   6265
-214.4241399206907D0,172.9190580771004D0,149.98141239115D0,      0000011P   6266
-224.7268534343812D0,169.7723808276246D0,199.9797631342652D0,    0000011P   6267
-234.8391960234673D0,166.6789999689513D0,249.9507474970872D0,    0000011P   6268
-244.5418132854368D0,163.6757158364296D0,294.4193933083903D0,    0000011P   6269
-252.6668341768961D0,161.2146710502278D0,333.2845073438436D0,    0000011P   6270
-259.2861633010978D0,159.3033950107908D0,366.6246233802035D0,    0000011P   6271
-264.5893961255522D0,157.8106929209536D0,399.9751180441299D0,    0000011P   6272
-269.4770240880079D0,156.4409302790617D0,433.2881123347672D0,    0000011P   6273
-273.8943053241913D0,155.1688242535408D0,466.6184939632865D0,    0000011P   6274
-277.8497530785427D0,154.0146862998776D0,499.9804832090294D0,    0000011P   6275
-281.3374125251967D0,152.9939101245334D0,533.2984410723334D0,    0000011P   6276
-284.3460763788731D0,152.1229548791854D0,566.6262357645956D0,    0000011P   6277
-286.8546713791266D0,151.395904692754D0,605.5415709962547D0,     0000011P   6278
-289.1622565013475D0,150.7080613429266D0,649.9793489444187D0,    0000011P   6279
-290.8625415254407D0,150.1412366955159D0,699.9988890963991D0,    0000011P   6280
-291.5088707371903D0,149.8341367249541D0,750.0058896880614D0,    0000011P   6281
-290.8790110487662D0,149.8868052726454D0,800.0162248086942D0,    0000011P   6282
-289.0191058983459D0,150.242771358029D0,850.0456060050625D0,     0000011P   6283
-285.9687350203606D0,150.8459028689044D0,900.025993064367D0,     0000011P   6284
-281.82486878195D0,151.7407582987593D0,950.0502517257681D0,      0000011P   6285
-276.6642083157897D0,152.9719704765658D0,1000.033946393053D0,    0000011P   6286
-270.5506922585718D0,154.4167430547397D0,1050.051714071621D0,    0000011P   6287
-263.5154327887424D0,155.9497027228724D0,1100.034234417494D0,    0000011P   6288
-255.6572664674868D0,157.6605408627036D0,1150.056648618968D0,    0000011P   6289
-247.035141910425D0,159.637783893783D0,1200.029452025121D0,      0000011P   6290
-237.7326859482662D0,161.8184578210323D0,1250.076903142971D0,    0000011P   6291
-227.7772159368003D0,164.1342612485752D0,1300.031385926876D0,    0000011P   6292
-217.2808142679901D0,166.5935970968744D0,1350.049003654035D0,    0000011P   6293
-206.2673248039503D0,169.2005818225387D0,1400.034673095497D0,    0000011P   6294
-194.8257438198974D0,171.8923387653696D0,1450.050645490754D0,    0000011P   6295
-182.9798140860445D0,174.5985008544468D0,1500.028523027665D0,    0000011P   6296
-170.8262793275223D0,177.3603477949657D0,1550.055965132981D0,    0000011P   6297
-158.3978263734963D0,180.2125657840807D0,1600.028172671495D0,    0000011P   6298
-145.761332467361D0,183.0906199803488D0,1650.041239014429D0,     0000011P   6299
-132.9003904853311D0,185.9243205745204D0,1700.030692284457D0,    0000011P   6300
-119.799559392835D0,188.7649055510966D0,1750.065300560156D0,     0000011P   6301
-106.3643844946537D0,191.6580856641377D0,1785.102591825438D0,    0000011P   6302
-96.76562020074624D0,193.7222818899866D0,1805.27060928875D0,     0000011P   6303
-91.18699948814937D0,194.9175242349538D0,1810.541201871942D0,    0000011P   6304
-89.72663907421863D0,195.2304450391642D0,1815.806627902121D0,    0000011P   6305
-88.26323173515991D0,195.543700777301D0,1821.095003120519D0,     0000011P   6306
-86.79128374143043D0,195.8578634398681D0,1826.349968072082D0,    0000011P   6307
-85.32614929198617D0,196.1729187044748D0,1831.624023612422D0,    0000011P   6308
-83.84905837387181D0,196.4883733011436D0,1836.886803332269D0,    0000011P   6309
-82.37240772892847D0,196.8049831402776D0,1842.167693731299D0,    0000011P   6310
-80.88569154372395D0,197.1225630088319D0,1847.430820087334D0,    0000011P   6311
-79.39993391978015D0,197.4412939897558D0,1852.683864604149D0,    0000011P   6312
-77.9107984532036D0,197.7611673450942D0,1857.955817035382D0,     0000011P   6313
-76.40948743658689D0,198.0813908275579D0,1863.203021915794D0,    0000011P   6314
-74.91110788178682D0,198.4057913244851D0,1868.4896750211D0,      0000011P   6315
-73.39405924713188D0,198.7218500756122D0,1873.721658226255D0,    0000011P   6316
-71.88745719084918D0,199.0399971737011D0,1879.001345440481D0,    0000011P   6317
-70.35807630295807D0,199.3604668594508D0,1884.235269138673D0,    0000011P   6318
-68.83569963243437D0,199.6837878849795D0,1889.495739428291D0,    0000011P   6319
-67.2978909391926D0,200.0101403591136D0,1894.753087266087D0,     0000011P   6320
-65.75248646904217D0,200.3396821780937D0,1900.825943843417D0,    0000011P   6321
-63.95737790986713D0,200.725114397482D0,1907.714986326578D0,     0000011P   6322
-61.90793035861669D0,201.1695259054682D0,1915.395844975342D0,    0000011P   6323
-59.60592734873228D0,201.672885388207D0,1923.105499202846D0,     0000011P   6324
-57.28524816732588D0,202.1807236045967D0,1930.799097766189D0,    0000011P   6325
-54.95878047912278D0,202.690209962463D0,1938.496175771881D0,     0000011P   6326
-52.6288637689718D0,203.2010730956146D0,1946.19542826984D0,      0000011P   6327
-50.2976342336645D0,203.712006593051D0,1953.876116711068D0,      0000011P   6328
-47.97615964985926D0,204.2233237099644D0,1961.580625174978D0,    0000011P   6329
-45.65616867894369D0,204.7363247848502D0,1969.263154038784D0,    0000011P   6330
-43.35827812136242D0,205.2564450986826D0,1976.987483414734D0,    0000011P   6331
-41.06019746906905D0,205.7837953987723D0,1984.56330141899D0,     0000011P   6332
-38.84626212347595D0,206.3528067959683D0,1992.750310681484D0,    0000011P   6333
-36.41057259575147D0,206.9024555594937D0,1998.018902207725D0,    0000011P   6334
-35.08229328318399D0,207.6916195650748D0,2009.984903304617D0,    0000011P   6335
-31.11056905675592D0,207.8698527014954D0,2019.394517599659D0,    0000011P   6336
-28.08414030037288D0,208.1376538793393D0,2029.238307429449D0,    0000011P   6337
-24.89918253057255D0,208.3772478769589D0,2038.905920228788D0,    0000011P   6338
-21.78378469871202D0,208.6329949078913D0,2048.619901925424D0,    0000011P   6339
-18.65475738535631D0,208.8954237129258D0,2058.291234906393D0,    0000011P   6340
-15.54204853906591D0,209.1662268533946D0,2067.956502522345D0,    0000011P   6341
-12.43042772035537D0,209.4368271760631D0,2077.617731257505D0,    0000011P   6342
-9.31940206848177D0,209.7073625755152D0,2087.258402088075D0,     0000011P   6343
-6.211956037684225D0,209.9726590953796D0,2096.862941222534D0,    0000011P   6344
-3.111670196647965D0,210.2316125151121D0,2103.272781763544D0,    0000011P   6345
-1.037625248278711D0,210.39925287343D0,2106.474049649438D0,      0000011P   6346
1.262184801120725D-14,210.4815877039013D0,-199.9999999999999D0,  0000011P   6347
-157.8435441049143D0,195.3284085683975D0,-183.326782518856D0,    0000011P   6348
-160.7635538397086D0,194.4342770551019D0,-149.9820277912036D0,   0000011P   6349
-166.6994915496451D0,192.6291092456411D0,-105.5536263991544D0,   0000011P   6350
-174.8617161177738D0,190.1800779489733D0,-66.6380838240181D0,    0000011P   6351
-182.1932412436374D0,188.0082162415334D0,-33.33150350809632D0,   0000011P   6352
-188.5994544850863D0,186.1138981493394D0,5.572689439388697D0,    0000011P   6353
-196.2324995961756D0,183.8464879319204D0,50.00794316280614D0,    0000011P   6354
-205.1782297798558D0,181.1591911559626D0,100.0002722787769D0,    0000011P   6355
-215.4064437959636D0,178.1026452628403D0,149.9807881094953D0,    0000011P   6356
-225.6568233358365D0,175.1087670894588D0,199.9800937605948D0,    0000011P   6357
-235.7325396972601D0,172.2369469769284D0,249.9500493847427D0,    0000011P   6358
-245.4150613454361D0,169.5402753261654D0,294.4196968740386D0,    0000011P   6359
-253.5232308864773D0,167.3005427127355D0,333.2840204372909D0,    0000011P   6360
-260.118023761201D0,165.453668616336D0,366.6237852292782D0,      0000011P   6361
-265.4006523752913D0,163.979768853148D0,399.9755184699306D0,     0000011P   6362
-270.2749699822787D0,162.6445212783802D0,433.2873485801899D0,    0000011P   6363
-274.6928960367172D0,161.4747183445739D0,466.6180575450672D0,    0000011P   6364
-278.657339577811D0,160.4517296521593D0,499.9807577179888D0,     0000011P   6365
-282.1565133594531D0,159.5524997179393D0,533.2977800007293D0,    0000011P   6366
-285.1732973976369D0,158.7550868675887D0,566.6257779890781D0,    0000011P   6367
-287.6881718804623D0,158.0705652185405D0,605.5418335008474D0,    0000011P   6368
-290.0025438491157D0,157.415927465668D0,649.9788375243016D0,     0000011P   6369
-291.7120632438547D0,156.8917302410102D0,699.9989174301903D0,    0000011P   6370
-292.3670647166623D0,156.6255251572622D0,750.0062875984252D0,    0000011P   6371
-291.7403277602757D0,156.6990207823753D0,800.0159129108851D0,    0000011P   6372
-289.8786453022401D0,157.0476845388769D0,850.0464562113456D0,    0000011P   6373
-286.8221408579234D0,157.6072741693511D0,900.0254278958932D0,    0000011P   6374
-282.6635454373063D0,158.386786061933D0,950.0516633107062D0,     0000011P   6375
-277.4748915309477D0,159.3951737840793D0,1000.033267566678D0,    0000011P   6376
-271.341942583705D0,160.6656352787441D0,1050.053017527591D0,     0000011P   6377
-264.317038898886D0,162.2297670223931D0,1100.033636089284D0,     0000011P   6378
-256.4775858578536D0,164.0014988578591D0,1150.05773794355D0,     0000011P   6379
-247.8600571207245D0,165.8926430278292D0,1200.028763842115D0,    0000011P   6380
-238.556658646102D0,167.9122988691111D0,1250.078567988228D0,     0000011P   6381
-228.6020641629385D0,170.0648985820918D0,1300.030606365014D0,    0000011P   6382
-218.1054903175954D0,172.3436691180797D0,1350.050456513374D0,    0000011P   6383
-207.0860178403937D0,174.737777689986D0,1400.034069928231D0,     0000011P   6384
-195.6430457164848D0,177.2503090678143D0,1450.051604115817D0,    0000011P   6385
-183.8092934847882D0,179.877668460221D0,1500.027908281315D0,     0000011P   6386
-171.6580910058136D0,182.5235203795518D0,1550.057466685645D0,    0000011P   6387
-159.1971351776398D0,185.0846353946826D0,1600.027536795678D0,    0000011P   6388
-146.5203328597095D0,187.6565724377913D0,1650.042279992675D0,    0000011P   6389
-133.6366680463827D0,190.3304110309446D0,1700.029954430556D0,    0000011P   6390
-120.5167174785455D0,193.0475962878333D0,1750.06721298774D0,     0000011P   6391
-107.0502780207649D0,195.7438834271884D0,1785.102856292853D0,    0000011P   6392
-97.42754968212556D0,197.6724713637373D0,1805.270509154804D0,    0000011P   6393
-91.83609450884238D0,198.807897068097D0,1810.540896606132D0,     0000011P   6394
-90.37244998807472D0,199.1059916034753D0,1815.806421724564D0,    0000011P   6395
-88.90583205108932D0,199.4051503258843D0,1821.094897790284D0,    0000011P   6396
-87.43066165537837D0,199.7058187150937D0,1826.349123738685D0,    0000011P   6397
-85.96258674017832D0,200.0078925820488D0,1831.623479859594D0,    0000011P   6398
-84.48251059259773D0,200.3108187251311D0,1836.885960739957D0,    0000011P   6399
-83.00306992281064D0,200.6152150486072D0,1842.166951205289D0,    0000011P   6400
-81.51358247562189D0,200.9208171539996D0,1847.429679195283D0,    0000011P   6401
-80.02528736378952D0,201.2277040448769D0,1852.682472418653D0,    0000011P   6402
-78.53378391273964D0,201.5357767680499D0,1857.954837491901D0,    0000011P   6403
-77.03012902977505D0,201.8442018302086D0,1863.201610948468D0,    0000011P   6404
-75.52971897272214D0,202.1564761766297D0,1868.488808104038D0,    0000011P   6405
-74.01057503581477D0,202.4607727079559D0,1873.720137452033D0,    0000011P   6406
-72.50235682591087D0,202.7667788747265D0,1879.000562366538D0,    0000011P   6407
-70.97124940769326D0,203.0746235155719D0,1884.234240333739D0,    0000011P   6408
-69.4475919131458D0,203.3847115743839D0,1889.494983347423D0,     0000011P   6409
-67.90855474357178D0,203.6971211409514D0,1894.752742497757D0,    0000011P   6410
-66.36213119500391D0,204.0119094812235D0,1900.826039569606D0,    0000011P   6411
-64.56613973519134D0,204.3792012971305D0,1907.715232668228D0,    0000011P   6412
-62.51611094349932D0,204.801306657871D0,1915.396220702263D0,     0000011P   6413
-60.21380065430942D0,205.2777308792103D0,1923.106090348455D0,    0000011P   6414
-57.8926159503587D0,205.7568726964291D0,1930.80027975214D0,      0000011P   6415
-55.56534161768838D0,206.2361962795179D0,1938.497482820825D0,    0000011P   6416
-53.23402247737452D0,206.7155650715209D0,1946.196944267858D0,    0000011P   6417
-50.90049636628945D0,207.1938721600749D0,1953.87741047907D0,     0000011P   6418
-48.57569509353352D0,207.6715290683537D0,1961.581908993915D0,    0000011P   6419
-46.25085973265868D0,208.1498727081431D0,1969.26332652404D0,     0000011P   6420
-43.94664473516582D0,208.6341164965496D0,1976.988342482251D0,    0000011P   6421
-41.64001711118316D0,209.1244821041287D0,1984.558291249115D0,    0000011P   6422
-39.41650843319695D0,209.6533665179071D0,1992.764412796354D0,    0000011P   6423
-36.96432020362678D0,210.1636778958816D0,1997.966642601545D0,    0000011P   6424
-35.63464031374576D0,210.8986206684105D0,2010.133469097831D0,    0000011P   6425
-31.60893955813163D0,211.0610648519228D0,2019.670209918271D0,    0000011P   6426
-28.54207281506032D0,211.3077358363003D0,2029.656971632805D0,    0000011P   6427
-25.31180956647181D0,211.5277867543275D0,2039.463086147889D0,    0000011P   6428
-22.15047685406432D0,211.7627734500036D0,2049.318045943336D0,    0000011P   6429
-18.97346374200228D0,212.0037848244963D0,2059.130450376516D0,    0000011P   6430
-15.81135370550014D0,212.2523758372847D0,2068.937995785146D0,    0000011P   6431
-12.64873040648913D0,212.5004736056129D0,2078.742184866663D0,    0000011P   6432
-9.485183041620193D0,212.7481756022926D0,2088.526230789192D0,    0000011P   6433
-6.323841346435055D0,212.9905994394768D0,2098.274036468853D0,    0000011P   6434
-3.168442009366034D0,213.2266781077937D0,2104.779790069962D0,    0000011P   6435
-1.05668604552817D0,213.3790939692863D0,2108.02900759379D0,      0000011P   6436
1.262184801120725D-14,213.4538323696276D0,-199.9999999999999D0,  0000011P   6437
-159.0450958280159D0,199.5155236344369D0,-183.326676775927D0,    0000011P   6438
-161.9636821960541D0,198.6935164632288D0,-149.9816583170113D0,   0000011P   6439
-167.8928137639429D0,197.0280614634967D0,-105.5537090303223D0,   0000011P   6440
-176.0333996155313D0,194.7509688712767D0,-66.63802099404335D0,   0000011P   6441
-183.3356346814098D0,192.7174665685032D0,-33.33126387044482D0,   0000011P   6442
-189.711309328218D0,190.9363615686149D0,5.572576268354029D0,     0000011P   6443
-197.304813339931D0,188.7984322837217D0,50.00805402728693D0,     0000011P   6444
-206.2027575431594D0,186.2597628059301D0,100.0004006517849D0,    0000011P   6445
-216.379523218874D0,183.403233532001D0,149.9801638278408D0,      0000011P   6446
-226.5864878587406D0,180.6741334822438D0,199.9804243869245D0,    0000011P   6447
-236.6167325591275D0,178.0333118323687D0,249.9493512723979D0,    0000011P   6448
-246.2411548865809D0,175.4359421284672D0,294.4200004396864D0,    0000011P   6449
-254.306745504361D0,173.2897813468109D0,333.2835335307385D0,     0000011P   6450
-260.8850274674707D0,171.6177188000654D0,366.6229470783536D0,    0000011P   6451
-266.1613578962511D0,170.3056204039071D0,399.9759188957312D0,    0000011P   6452
-271.0306484413579D0,169.0927482188035D0,433.2865848256108D0,    0000011P   6453
-275.4380847463773D0,167.9548961421862D0,466.617621126845D0,     0000011P   6454
-279.3919021130188D0,166.9238185415853D0,499.9810322269474D0,    0000011P   6455
-282.8853599328761D0,166.0269202359113D0,533.2971189291316D0,    0000011P   6456
-285.9062696258724D0,165.2924797326923D0,566.6253202135712D0,    0000011P   6457
-288.4302543083273D0,164.6939856362376D0,605.5420960054419D0,    0000011P   6458
-290.7552313005608D0,164.1229795175377D0,649.9783261041429D0,    0000011P   6459
-292.4684739028029D0,163.608240513129D0,699.9989457639533D0,     0000011P   6460
-293.1217462476903D0,163.2992994950683D0,750.0066855089438D0,    0000011P   6461
-292.4926387962797D0,163.3397604557297D0,800.0156010131819D0,    0000011P   6462
-290.6286169431708D0,163.6602746518106D0,850.0473064170528D0,    0000011P   6463
-287.5703775598865D0,164.1917870434036D0,900.0248627270261D0,    0000011P   6464
-283.413860042312D0,164.9659155013548D0,950.0530748978007D0,     0000011P   6465
-278.2338988269603D0,166.0143128745621D0,1000.032588741776D0,    0000011P   6466
-272.1061189590275D0,167.2731763208024D0,1050.054320975487D0,    0000011P   6467
-265.0719431826803D0,168.6766685923878D0,1100.033037755558D0,    0000011P   6468
-257.2224078909111D0,170.2403435997894D0,1150.058827298356D0,    0000011P   6469
-248.6067767129826D0,171.9783423494985D0,1200.028075679755D0,    0000011P   6470
-239.3115616523838D0,173.8627973570558D0,1250.08023272032D0,     0000011P   6471
-229.36444463983D0,175.8613249897216D0,1300.029826725854D0,      0000011P   6472
-218.8784257549364D0,177.9966038619979D0,1350.051909796422D0,    0000011P   6473
-207.8744927959093D0,180.2876711449013D0,1400.033467050387D0,    0000011P   6474
-196.4390691275689D0,182.6527523936991D0,1450.052561154703D0,    0000011P   6475
-184.5903380626644D0,185.0033738301456D0,1500.027292451495D0,    0000011P   6476
-172.4256772406618D0,187.4062137268281D0,1550.058974174954D0,    0000011P   6477
-159.9755000662303D0,189.922341479418D0,1600.02690497495D0,      0000011P   6478
-147.3037975340411D0,192.4523486825729D0,1650.043298754859D0,    0000011P   6479
-134.3876986615487D0,194.891674561568D0,1700.029201402398D0,     0000011P   6480
-121.2288713491595D0,197.3500398299752D0,1750.069208569829D0,    0000011P   6481
-107.7466527148869D0,199.9326589158517D0,1785.103185429513D0,    0000011P   6482
-98.11003469290199D0,201.781076758604D0,1805.270386996513D0,     0000011P   6483
-92.50315093614209D0,202.8377730882406D0,1810.540543809582D0,    0000011P   6484
-91.0351633288584D0,203.1137941385503D0,1815.806140604185D0,     0000011P   6485
-89.56393215929167D0,203.3895332897272D0,1821.094689143512D0,    0000011P   6486
-88.08383044431578D0,203.6655387024437D0,1826.348147697468D0,    0000011P   6487
-86.61083723579446D0,203.9418455126172D0,1831.622776934154D0,    0000011P   6488
-85.12556649324679D0,204.218069778625D0,1836.88493338079D0,      0000011P   6489
-83.64093226752648D0,204.4949205902336D0,1842.16600113279D0,     0000011P   6490
-82.14611323402217D0,204.7722835551691D0,1847.428311735777D0,    0000011P   6491
-80.65260088907478D0,205.0503647892559D0,1852.680839347465D0,    0000011P   6492
-79.15596765977674D0,205.3292043157073D0,1857.953608391279D0,    0000011P   6493
-77.64716244048776D0,205.6081565868291D0,1863.1999483434D0,      0000011P   6494
-76.14190810735055D0,205.8906177974729D0,1868.48769500354D0,     0000011P   6495
-74.6178851628511D0,206.1656817008236D0,1873.718384427645D0,     0000011P   6496
-73.10533453482489D0,206.442522296835D0,1878.999570398729D0,     0000011P   6497
-71.56988913496494D0,206.7213922137051D0,1884.233036358322D0,    0000011P   6498
-70.04248155060989D0,207.0028017787357D0,1889.494097130601D0,    0000011P   6499
-68.49992619679858D0,207.2869562543148D0,1894.752324883208D0,    0000011P   6500
-66.95041079213368D0,207.5740414677363D0,1900.826144020498D0,    0000011P   6501
-65.15143206512107D0,207.9100493240301D0,1907.715603361869D0,    0000011P   6502
-63.09890557226322D0,208.2978772500478D0,1915.396869748028D0,    0000011P   6503
-60.79472710606716D0,208.7375897716275D0,1923.1071121685D0,      0000011P   6504
-58.47201386034209D0,209.1815685143804D0,1930.802047035853D0,    0000011P   6505
-56.14340083588309D0,209.6272554753088D0,1938.499515937589D0,    0000011P   6506
-53.81059128343142D0,210.0743319715385D0,1946.199302129484D0,    0000011P   6507
-51.47507777337809D0,210.5215736541907D0,1953.879625811196D0,    0000011P   6508
-49.14760924070339D0,210.9691733792671D0,1961.584146861218D0,    0000011P   6509
-46.81889226456156D0,211.4181876966907D0,1969.264427204626D0,    0000011P   6510
-44.50957204094766D0,211.8732912245469D0,1976.990034433786D0,    0000011P   6511
-42.19582619160248D0,212.3344996214822D0,1984.553938072664D0,    0000011P   6512
-39.96433555352408D0,212.8318588155481D0,1992.778904313768D0,    0000011P   6513
-37.49735571382124D0,213.3118919183615D0,1997.914429227239D0,    0000011P   6514
-36.16792054454251D0,214.0011364125951D0,2010.281678731713D0,    0000011P   6515
-32.0897745740057D0,214.1555040806101D0,2019.945112174655D0,     0000011P   6516
-28.98389508597192D0,214.3880706171655D0,2030.074348664359D0,    0000011P   6517
-25.70979022900417D0,214.5956680751335D0,2040.018407580769D0,    0000011P   6518
-22.50403779637132D0,214.8171334775329D0,2050.013730957592D0,    0000011P   6519
-19.2806179970668D0,215.0442014344677D0,2059.966538124364D0,     0000011P   6520
-16.07076249418848D0,215.278374852121D0,2069.915641407698D0,     0000011P   6521
-12.85888171231385D0,215.5121706667734D0,2079.862022720075D0,    0000011P   6522
-9.644659566717245D0,215.7457314780223D0,2089.788630423372D0,    0000011P   6523
-6.431383735472523D0,215.974552015102D0,2099.678847143182D0,     0000011P   6524
-3.222959687988636D0,216.1976880283708D0,2106.27991733967D0,     0000011P   6525
-1.074978511440367D0,216.3419996321828D0,2109.576780237369D0,    0000011P   6526
1.262184801120725D-14,216.4128406904509D0,-199.9999999999999D0,  0000011P   6527
-160.2395100891927D0,203.6892059329184D0,-183.3265710329982D0,   0000011P   6528
-163.1467425429992D0,202.9098810507983D0,-149.9812888428191D0,   0000011P   6529
-169.0527878773901D0,201.3395057121082D0,-105.5537916614903D0,   0000011P   6530
-177.1606626267152D0,199.2078824696552D0,-66.63795816406865D0,   0000011P   6531
-184.4324708365936D0,197.3100688389478D0,-33.33102423279328D0,   0000011P   6532
-190.7814134415636D0,195.6589123958382D0,5.572463097319443D0,    0000011P   6533
-198.344128924077D0,193.6979900178196D0,50.0081648917676D0,      0000011P   6534
-207.208638929978D0,191.4105770961837D0,100.0005290247925D0,     0000011P   6535
-217.3365059958645D0,188.7984494768725D0,149.9795395461857D0,    0000011P   6536
-227.4695400200972D0,186.1711057327305D0,199.980755013254D0,     0000011P   6537
-237.4266277831578D0,183.6233735727308D0,249.9486531600543D0,    0000011P   6538
-247.0039182749407D0,181.244562047658D0,294.4203040053355D0,     0000011P   6539
-255.0378823716561D0,179.2925535290864D0,333.2830466241842D0,    0000011P   6540
-261.5860296547348D0,177.7093777008182D0,366.6221089274254D0,    0000011P   6541
-266.8398275116143D0,176.4564594359494D0,399.9763193215312D0,    0000011P   6542
-271.6946030376785D0,175.3242617237379D0,433.2858210710412D0,    0000011P   6543
-276.1000640058306D0,174.3270839396632D0,466.617184708638D0,     0000011P   6544
-280.0589310104197D0,173.4535404947409D0,499.9813067359108D0,    0000011P   6545
-283.558718032454D0,172.6883908897992D0,533.2964578575007D0,     0000011P   6546
-286.5814121139572D0,172.0173421931794D0,566.624862438009D0,     0000011P   6547
-289.105184446528D0,171.4393344525121D0,605.5423585100258D0,     0000011P   6548
-291.4303483361882D0,170.8717680953026D0,649.9778146841982D0,    0000011P   6549
-293.1483189987328D0,170.3738482001976D0,699.9989740978622D0,    0000011P   6550
-293.8077657365859D0,170.0818617545382D0,750.0070834186644D0,    0000011P   6551
-293.1803316509463D0,170.1183233399321D0,800.0152891149339D0,    0000011P   6552
-291.3152252458078D0,170.4105567559231D0,850.0481566257407D0,    0000011P   6553
-288.2547844524034D0,170.8861464072393D0,900.0242975601951D0,    0000011P   6554
-284.0944036775696D0,171.5754201936712D0,950.0544864737459D0,    0000011P   6555
-278.9079530335113D0,172.508754800208D0,1000.031909909259D0,     0000011P   6556
-272.7761061363309D0,173.6459695733835D0,1050.055624465123D0,    0000011P   6557
-265.7446389612394D0,174.9451261672519D0,1100.032439450342D0,    0000011P   6558
-257.9041998612373D0,176.4149400813552D0,1150.059916496901D0,    0000011P   6559
-249.302734370329D0,178.062778886559D0,1200.027387410662D0,      0000011P   6560
-240.0278002588949D0,179.8710399702983D0,1250.081898037472D0,    0000011P   6561
-230.1068435962165D0,181.8179037471712D0,1300.029047486322D0,    0000011P   6562
-219.6391174633995D0,183.8311019574214D0,1350.053360888926D0,    0000011P   6563
-208.6298789459646D0,185.8344272925108D0,1400.032862676256D0,    0000011P   6564
-197.1915570272905D0,187.9353727307963D0,1450.053526394027D0,    0000011P   6565
-185.3669921575933D0,190.2362615170923D0,1500.026682223143D0,    0000011P   6566
-173.2209411921029D0,192.5888274224501D0,1550.060450972176D0,    0000011P   6567
-160.749559081203D0,194.8384711064963D0,1600.026252189671D0,     0000011P   6568
-148.0461242761197D0,197.0714451200521D0,1650.0444323727D0,      0000011P   6569
-135.1154125103978D0,199.3701162675013D0,1700.028526824204D0,    0000011P   6570
-121.9416409998282D0,201.7075356091575D0,1750.070774248326D0,    0000011P   6571
-108.424906333555D0,204.0519506277088D0,1785.103180230219D0,     0000011P   6572
-98.75981012795306D0,205.7246708082449D0,1805.270378702712D0,    0000011P   6573
-93.1377376581314D0,206.7012310785416D0,1810.540436743991D0,     0000011P   6574
-91.66586387343907D0,206.9572522464106D0,1815.806246933523D0,    0000011P   6575
-90.19083434808846D0,207.2138575847337D0,1821.095014636783D0,    0000011P   6576
-88.7069379050504D0,207.4714688629143D0,1826.347852577452D0,     0000011P   6577
-87.23044845553108D0,207.7300314696711D0,1831.622896921178D0,    0000011P   6578
-85.74165437817543D0,207.9891016512059D0,1836.884861254723D0,    0000011P   6579
-84.253710811232D0,208.249250610614D0,1842.166124062677D0,       0000011P   6580
-82.75562110738838D0,208.5102848896539D0,1847.42811561586D0,     0000011P   6581
-81.25909289328372D0,208.7723086442348D0,1852.680451640257D0,    0000011P   6582
-79.75963544439189D0,209.0352718018012D0,1857.953669485488D0,    0000011P   6583
-78.24805338884484D0,209.2984876881033D0,1863.199586689741D0,    0000011P   6584
-76.74035996781674D0,209.5650226753968D0,1868.487854656034D0,    0000011P   6585
-75.21385863876095D0,209.8246622972377D0,1873.717832122105D0,    0000011P   6586
-73.69933539720576D0,210.0858380308229D0,1878.999658399163D0,    0000011P   6587
-72.16183474856958D0,210.3486972217469D0,1884.232738003361D0,    0000011P   6588
-70.63284648226106D0,210.6136265085507D0,1889.493883708533D0,    0000011P   6589
-69.0887927737698D0,210.8807292540497D0,1894.752283879064D0,     0000011P   6590
-67.53801951098367D0,211.1500907747118D0,1900.826203365223D0,    0000011P   6591
-65.73791884670352D0,211.4646815894791D0,1907.715331163481D0,    0000011P   6592
-63.68459375445113D0,211.8267071222531D0,1915.396105752434D0,    0000011P   6593
-61.37994445176034D0,212.2359866572885D0,1923.105907428609D0,    0000011P   6594
-59.05664952638819D0,212.6483039608845D0,1930.800788366695D0,    0000011P   6595
-56.72724870112851D0,213.061511781217D0,1938.497795329076D0,     0000011P   6596
-54.39315816363267D0,213.4755422336564D0,1946.197307608843D0,    0000011P   6597
-52.05557972505522D0,213.88948645697D0,1953.877076714366D0,      0000011P   6598
-49.72513395350128D0,214.3037515641503D0,1961.581452358064D0,    0000011P   6599
-47.39204744097221D0,214.7195466674196D0,1969.260729173333D0,    0000011P   6600
-45.0770106352022D0,215.1414405100044D0,1976.987420426979D0,     0000011P   6601
-42.75546627678943D0,215.569675662805D0,1984.546188281258D0,     0000011P   6602
-40.51529897448867D0,216.0323799190599D0,1992.791382644351D0,    0000011P   6603
-38.03287290734277D0,216.4801242681683D0,1997.861976837034D0,    0000011P   6604
-36.70316362161949D0,217.1232458754621D0,2010.431729687092D0,    0000011P   6605
-32.57220792681248D0,217.2706524558236D0,2020.224099003404D0,    0000011P   6606
-29.42705846850501D0,217.4912227096611D0,2030.498380293718D0,    0000011P   6607
-26.10891591864893D0,217.6894469326318D0,2040.583264892189D0,    0000011P   6608
-22.85859410924384D0,217.9013264699429D0,2050.72212886714D0,     0000011P   6609
-19.58864968127226D0,218.1191247838035D0,2060.818796000997D0,    0000011P   6610
-16.33094777287554D0,218.3441758702703D0,2070.913179089988D0,    0000011P   6611
-13.06971085843755D0,218.5694696278295D0,2081.005723742367D0,    0000011P   6612
-9.804702859016057D0,218.7950769260327D0,2091.079097994479D0,    0000011P   6613
-6.539354682377162D0,219.0167527543651D0,2101.116148662115D0,    0000011P   6614
-3.277725866066522D0,219.2335587660845D0,2107.815619139331D0,    0000011P   6615
-1.093361729921786D0,219.3741993514216D0,2111.161700437091D0,    0000011P   6616
1.262184801120725D-14,219.4433464119662D0,-200.0D0,              0000011P   6617
-161.4101984643751D0,207.8034491318913D0,-183.3264652900694D0,   0000011P   6618
-164.3168443267032D0,207.1134876503459D0,-149.980919368627D0,    0000011P   6619
-170.2166347435312D0,205.7112835683883D0,-105.5538742926585D0,   0000011P   6620
-178.2992145224965D0,203.764512055829D0,-66.63789533409415D0,    0000011P   6621
-185.5343093795105D0,201.9915406270355D0,-33.33078459514188D0,   0000011P   6622
-191.8448500435879D0,200.433969000142D0,5.572349926284845D0,     0000011P   6623
-199.3587314027471D0,198.5807316483D0,50.00827575624858D0,       0000011P   6624
-208.1670008668838D0,196.4336201113446D0,100.0006573978008D0,    0000011P   6625
-218.2340486263775D0,194.0159184395796D0,149.9789152645316D0,    0000011P   6626
-228.3116520887431D0,191.6329113109094D0,199.9810856395839D0,    0000011P   6627
-238.2144392264448D0,189.3257229599693D0,249.9479550477089D0,    0000011P   6628
-247.7338017552294D0,187.130473963891D0,294.4206075709831D0,     0000011P   6629
-255.7214938422373D0,185.3173209198805D0,333.2825597176333D0,    0000011P   6630
-262.2384891186619D0,183.8572583077439D0,366.6212707765032D0,    0000011P   6631
-267.4713727539199D0,182.7055173745791D0,399.9767197473327D0,    0000011P   6632
-272.3101659781247D0,181.6648563663423D0,433.2850573164565D0,    0000011P   6633
-276.7035465692973D0,180.7444763609713D0,466.6167482904068D0,    0000011P   6634
-280.6534906749771D0,179.9266208623589D0,499.9815812448667D0,    0000011P   6635
-284.1465138660849D0,179.1899838259656D0,533.2957967859239D0,    0000011P   6636
-287.163511313366D0,178.5141758817878D0,566.6244046625365D0,     0000011P   6637
-289.6844663609638D0,177.9285638546833D0,605.5426210146271D0,    0000011P   6638
-292.0116169636721D0,177.3842387562413D0,649.9773032639081D0,    0000011P   6639
-293.7420714626676D0,177.0091599449066D0,699.9990024315356D0,    0000011P   6640
-294.4154087734174D0,176.8404077875211D0,750.0074813296735D0,    0000011P   6641
-293.7876665046715D0,176.8407811842592D0,800.0149772175658D0,    0000011P   6642
-291.9198956734999D0,177.0651107094931D0,850.0490068296157D0,    0000011P   6643
-288.8661854556231D0,177.5685828609337D0,900.0237323900766D0,    0000011P   6644
-284.7139775339688D0,178.2787307313893D0,950.0558980676959D0,    0000011P   6645
-279.5287392186598D0,179.1227583237598D0,1000.031231089039D0,    0000011P   6646
-273.3966770792188D0,180.1172830243067D0,1050.056927887358D0,    0000011P   6647
-266.3683983499399D0,181.277568751453D0,1100.031841099089D0,     0000011P   6648
-258.5391730348705D0,182.6388057936549D0,1150.06100594778D0,     0000011P   6649
-249.9606608210827D0,184.2350980349028D0,1200.026699313924D0,    0000011P   6650
-240.705682170221D0,185.9307302548493D0,1250.083562409856D0,     0000011P   6651
-230.7855792053527D0,187.5854253464432D0,1300.028267601462D0,    0000011P   6652
-220.3237127798702D0,189.331641136302D0,1350.054815518767D0,     0000011P   6653
-209.3476819832922D0,191.2993865644822D0,1400.032260718361D0,    0000011P   6654
-197.9394272490868D0,193.364578221482D0,1450.054478391108D0,     0000011P   6655
-186.1096251110704D0,195.3970918133041D0,1500.026062949421D0,    0000011P   6656
-173.9512527251267D0,197.4588618267894D0,1550.061977331638D0,    0000011P   6657
-161.4873674674463D0,199.6070265014376D0,1600.025633258399D0,    0000011P   6658
-148.7900778527746D0,201.7770972901549D0,1650.045380519165D0,    0000011P   6659
-135.8410892666318D0,203.9002620950711D0,1700.027725563326D0,    0000011P   6660
-122.6402454300794D0,206.0261053879875D0,1750.073034144355D0,    0000011P   6661
-109.101633753398D0,208.2001191336311D0,1785.103714923788D0,     0000011P   6662
-99.41950965617244D0,209.7614653934468D0,1805.270186538092D0,    0000011P   6663
-93.78493386979258D0,210.6700870544505D0,1810.539932866782D0,    0000011P   6664
-92.3096956714699D0,210.9081626121875D0,1815.805727600753D0,     0000011P   6665
-90.83122400950661D0,211.1466584637915D0,1821.094477589265D0,    0000011P   6666
-89.3437380105657D0,211.3859734707597D0,1826.346457891289D0,     0000011P   6667
-87.86382094279098D0,211.6260667579751D0,1831.621688051521D0,    0000011P   6668
-86.37145010154841D0,211.8665382428264D0,1836.883246597775D0,    0000011P   6669
-84.8800362100765D0,212.1079247251009D0,1842.164514285317D0,     0000011P   6670
-83.37842179595708D0,212.3500571639523D0,1847.426027991673D0,    0000011P   6671
-81.87854511372265D0,212.5930412387371D0,1852.678052892608D0,    0000011P   6672
-80.3758667848237D0,212.836840264494D0,1857.951647145437D0,      0000011P   6673
-78.86106166875958D0,213.0808299237806D0,1863.197124231867D0,    0000011P   6674
-77.35044786933113D0,213.3278502496194D0,1868.485959039721D0,    0000011P   6675
-75.82096629655429D0,213.5684820393002D0,1873.715340870039D0,    0000011P   6676
-74.30396251124529D0,213.8105177306259D0,1878.998002443735D0,    0000011P   6677
-72.76390711014309D0,214.0541028699503D0,1884.230977233081D0,    0000011P   6678
-71.23286158232162D0,214.2996038904161D0,1889.49258384308D0,     0000011P   6679
-69.68687036131632D0,214.5471257386295D0,1894.751634716367D0,    0000011P   6680
-68.13445200189551D0,214.7967567035949D0,1900.826335548354D0,    0000011P   6681
-66.33285814080186D0,215.0883322758579D0,1907.716097120918D0,    0000011P   6682
-64.27844418934629D0,215.4239247179286D0,1915.39762356631D0,     0000011P   6683
-61.97314753471208D0,215.8033005464562D0,1923.108298185418D0,    0000011P   6684
-59.64921609747125D0,216.1853771072626D0,1930.804416071078D0,    0000011P   6685
-57.31906754419507D0,216.5680739027374D0,1938.502136316582D0,    0000011P   6686
-54.98380422122362D0,216.9512298495349D0,1946.202341408357D0,    0000011P   6687
-52.64431040225369D0,217.3339075771085D0,1953.882221319514D0,    0000011P   6688
-50.31105151029387D0,217.7163844584807D0,1961.586722752422D0,    0000011P   6689
-47.97374737197134D0,218.0996781712132D0,1969.264780204817D0,    0000011P   6690
-45.65310690853804D0,218.4879075867134D0,1976.991759773977D0,    0000011P   6691
-43.32381120122825D0,218.8811981911746D0,1984.543923416468D0,    0000011P   6692
-41.07492185233208D0,219.3054156460622D0,1992.80711191217D0,     0000011P   6693
-38.57688485460513D0,219.7148348215976D0,1997.809910414824D0,    0000011P   6694
-37.24661350786078D0,220.3038799397653D0,2010.578807237061D0,    0000011P   6695
-33.06245181855645D0,220.4348082676455D0,2020.496489977171D0,    0000011P   6696
-29.87757250853539D0,220.6330215791758D0,2030.911665935941D0,    0000011P   6697
-26.51484183220956D0,220.809940633429D0,2041.132723462598D0,     0000011P   6698
-23.21931688840687D0,220.9988239510033D0,2051.409997720945D0,    0000011P   6699
-19.90213797819643D0,221.1925566994144D0,2061.644942007156D0,    0000011P   6700
-16.59581094286073D0,221.3923968177944D0,2071.878594647943D0,    0000011P   6701
-13.28437753468749D0,221.591900020037D0,2082.110890008185D0,     0000011P   6702
-9.967688908615521D0,221.79115829885D0,2092.324240859565D0,      0000011P   6703
-6.649326430200719D0,221.9862797571711D0,2102.500983268932D0,    0000011P   6704
-3.333510933223002D0,222.1764248043591D0,2109.293874425691D0,    0000011P   6705
-1.112087411347564D0,222.2992880968896D0,2112.686633967114D0,    0000011P   6706
1.262184801120725D-14,222.3595654233257D0,-199.9999999999999D0,  0000011P   6707
-162.6125697335626D0,212.0647837596488D0,-183.3263595471405D0,   0000011P   6708
-165.5001227726157D0,211.3951848573013D0,-149.9805498944349D0,   0000011P   6709
-171.3625596124512D0,210.0480947958195D0,-105.5539569238267D0,   0000011P   6710
-179.4016959353831D0,208.2286997545393D0,-66.63783250411964D0,   0000011P   6711
-186.6067169799357D0,206.6178514705661D0,-33.33054495749047D0,   0000011P   6712
-192.8924455138224D0,205.2191378957745D0,5.572236755250186D0,    0000011P   6713
-200.3737491697657D0,203.5573733401389D0,50.00838662072931D0,    0000011P   6714
-209.1323188779758D0,201.6125298910273D0,100.0007857708087D0,    0000011P   6715
-219.132975496335D0,199.4038290749286D0,149.9782909828769D0,     0000011P   6716
-229.1399798943989D0,197.2151111408108D0,199.9814162659134D0,    0000011P   6717
-238.9736840590583D0,195.1010110019606D0,249.9472569353644D0,    0000011P   6718
-248.4306821549728D0,193.1115429846888D0,294.4209111366313D0,    0000011P   6719
-256.3704519679606D0,191.4693657427605D0,333.2820728110802D0,    0000011P   6720
-262.8515053497599D0,190.1335380374474D0,366.6204326255774D0,    0000011P   6721
-268.0579363685284D0,189.0671862294344D0,399.9771201731331D0,    0000011P   6722
-272.874630685866D0,188.087249995033D0,433.2842935618804D0,      0000011P   6723
-277.2500887626588D0,187.1995698391355D0,466.6163118721894D0,    0000011P   6724
-281.1876269658058D0,186.4119947587323D0,499.9818557538265D0,    0000011P   6725
-284.674842538653D0,185.7290395822512D0,533.2951357143149D0,     0000011P   6726
-287.6936084593333D0,185.1559584914741D0,566.6239468870109D0,    0000011P   6727
-290.2198631170705D0,184.6791476065224D0,605.542883519218D0,     0000011P   6728
-292.5524196366415D0,184.218928704734D0,649.9767918438201D0,     0000011P   6729
-294.280921375903D0,183.8076359106706D0,699.9990307653466D0,     0000011P   6730
-294.9523286937858D0,183.5797921333742D0,750.0078792399279D0,    0000011P   6731
-294.3340224967539D0,183.663098893094D0,800.0146653196822D0,     0000011P   6732
-292.4741623558193D0,183.9380780923291D0,850.0498570363089D0,    0000011P   6733
-289.4138288241981D0,184.2853758481811D0,900.0231672218828D0,    0000011P   6734
-285.2561336171785D0,184.8242364796008D0,950.0573096510998D0,    0000011P   6735
-280.0818508348297D0,185.6742947277805D0,1000.030552261616D0,    0000011P   6736
-273.9685363328629D0,186.7171053702196D0,1050.058231349072D0,    0000011P   6737
-266.9573677001232D0,187.832283758437D0,1100.031242774801D0,     0000011P   6738
-259.1401961374814D0,189.0347555787478D0,1150.06209525086D0,     0000011P   6739
-250.5643051132813D0,190.3383566723264D0,1200.026011116232D0,    0000011P   6740
-241.3207453184546D0,191.7842260065302D0,1250.085227335615D0,    0000011P   6741
-231.4379076646777D0,193.410338009581D0,1300.027488094588D0,     0000011P   6742
-221.0134332287649D0,195.1306878446877D0,1350.056268076698D0,    0000011P   6743
-210.0471354688269D0,196.8558153142282D0,1400.031657345213D0,    0000011P   6744
-198.6464664684592D0,198.667465077818D0,1450.055438144513D0,     0000011P   6745
-186.8462461470656D0,200.642916867733D0,1500.025448973807D0,     0000011P   6746
-174.7110602483616D0,202.6459742742388D0,1550.063474661213D0,    0000011P   6747
-162.233950090289D0,204.5350082945495D0,1600.024994497958D0,     0000011P   6748
-149.5110861042982D0,206.4076437024461D0,1650.046437301017D0,    0000011P   6749
-136.5465637643867D0,208.3583431948861D0,1700.026998503776D0,    0000011P   6750
-123.3326545058508D0,210.3548899269356D0,1750.074887419197D0,    0000011P   6751
-109.7741269388015D0,212.3609478076734D0,1785.103933388125D0,    0000011P   6752
-100.0709151859166D0,213.7792011228581D0,1805.270102071372D0,    0000011P   6753
-94.42073819052304D0,214.5982349216019D0,1810.539661412412D0,    0000011P   6754
-92.94129782333863D0,214.8125887498964D0,1815.805574734481D0,    0000011P   6755
-91.45852802745993D0,215.0271323380142D0,1821.094445754224D0,    0000011P   6756
-89.96658813804463D0,215.2422932496886D0,1826.345707249492D0,    0000011P   6757
-88.48238068497666D0,215.4580959561081D0,1831.621257527634D0,    0000011P   6758
-86.98558178514553D0,215.6742356559905D0,1836.88253544111D0,     0000011P   6759
-85.48986765158236D0,215.8912663559566D0,1842.163919399462D0,    0000011P   6760
-83.98392989156569D0,216.1090950426969D0,1847.42504827052D0,     0000011P   6761
-82.47994729232387D0,216.3278805291575D0,1852.676832063424D0,    0000011P   6762
-80.97334172608663D0,216.5476511281128D0,1857.950845126784D0,    0000011P   6763
-79.45466818852322D0,216.7678964890695D0,1863.195892269425D0,    0000011P   6764
-77.94055955086374D0,216.9912819159584D0,1868.485267247572D0,    0000011P   6765
-76.40760408048915D0,217.2092350799452D0,1873.713985309165D0,    0000011P   6766
-74.88771680830621D0,217.4289609895805D0,1878.997367968416D0,    0000011P   6767
-73.34480432717702D0,217.6506550021192D0,1884.230073037323D0,    0000011P   6768
-71.81150973064322D0,217.8747149554475D0,1889.491920335652D0,    0000011P   6769
-70.26350961508879D0,218.1012989901041D0,1894.751341767883D0,    0000011P   6770
-68.70950510696494D0,218.3305499777715D0,1900.826425068143D0,    0000011P   6771
-66.90664854625507D0,218.59923723458D0,1907.716255003603D0,      0000011P   6772
-64.85165143429612D0,218.9098576837496D0,1915.397804865287D0,    0000011P   6773
-62.54655686601588D0,219.2625592197372D0,1923.108582966699D0,    0000011P   6774
-60.22307970120004D0,219.6190557726005D0,1930.805181699938D0,    0000011P   6775
-57.89347364167155D0,219.9771713610975D0,1938.502926870326D0,    0000011P   6776
-55.55848528393354D0,220.3364894653215D0,1946.203258538747D0,    0000011P   6777
-53.21863945569935D0,220.6958819675667D0,1953.882859524174D0,    0000011P   6778
-50.88420452635533D0,221.0553342630408D0,1961.587327900045D0,    0000011P   6779
-48.5443516486288D0,221.4155103567995D0,1969.264292409559D0,     0000011P   6780
-46.21976630876371D0,221.779917010586D0,1976.992026361585D0,     0000011P   6781
-43.88432602010479D0,222.1484003880418D0,1984.538445888119D0,    0000011P   6782
-41.62822746995182D0,222.5444017810139D0,1992.820937021863D0,    0000011P   6783
-39.11595655624738D0,222.9257377027005D0,1997.757617921164D0,    0000011P   6784
-37.78623422464178D0,223.4700180159932D0,2010.727626387578D0,    0000011P   6785
-33.54972274402842D0,223.5927725090593D0,2020.772744314007D0,    0000011P   6786
-30.32577385262458D0,223.7760464291883D0,2031.33124578111D0,     0000011P   6787
-26.91900452691183D0,223.9389508523665D0,2041.691201474387D0,    0000011P   6788
-23.57872644468355D0,224.1120452665492D0,2052.109890974324D0,    0000011P   6789
-20.21467487923264D0,224.2888803365254D0,2062.486382412051D0,    0000011P   6790
-16.86000768711978D0,224.4706817364694D0,2072.862824965963D0,    0000011P   6791
-13.49859721067378D0,224.6516147876483D0,2083.238627078774D0,    0000011P   6792
-10.1303931508516D0,224.831836397893D0,2093.595931578707D0,      0000011P   6793
-6.759138643136089D0,225.0078515755604D0,2103.916549104872D0,    0000011P   6794
-3.389227129678576D0,225.1789632780768D0,2110.805777622542D0,    0000011P   6795
-1.130791134096776D0,225.2892832393527D0,2114.24670324301D0,     0000011P   6796
1.262184801120725D-14,225.3433523315289D0,-199.9999999999999D0,  0000011P   6797
-163.758199795337D0,216.1723540631942D0,-183.3262538042118D0,    0000011P   6798
-166.6446403803161D0,215.5887339808435D0,-149.9801804202432D0,   0000011P   6799
-172.49971478196D0,214.406096991566D0,-105.5540395549952D0,      0000011P   6800
-180.512832233732D0,212.7788410652081D0,-66.6377696741452D0,     0000011P   6801
-187.6817136417269D0,211.3111434862007D0,-33.33030531983886D0,   0000011P   6802
-193.929457837324D0,210.0257864285673D0,5.572123584215954D0,     0000011P   6803
-201.3612745350451D0,208.4947371514356D0,50.00849748521039D0,    0000011P   6804
-210.0597213064615D0,206.7095972771459D0,100.0009141438166D0,    0000011P   6805
-219.9889972571389D0,204.6884277776018D0,149.9776667012222D0,    0000011P   6806
-229.9218605263641D0,202.6890569138394D0,199.9817468922431D0,    0000011P   6807
-239.6814606607125D0,200.7477270836037D0,249.9465588230199D0,    0000011P   6808
-249.0666722851313D0,198.8965063888664D0,294.4212147022797D0,    0000011P   6809
-256.9518845061335D0,197.3842562138062D0,333.2815859045277D0,    0000011P   6810
-263.3965606497141D0,196.1948373350293D0,366.6195944746524D0,    0000011P   6811
-268.578654804425D0,195.2606626602293D0,399.977520598934D0,      0000011P   6812
-273.3766685078552D0,194.4040577236302D0,433.2835298073032D0,    0000011P   6813
-277.7377412764706D0,193.6155608531522D0,466.6158754539703D0,    0000011P   6814
-281.6647036029031D0,192.9046288023195D0,499.9821302627862D0,    0000011P   6815
-285.1444126556237D0,192.2776621925385D0,533.2944746427118D0,    0000011P   6816
-288.1579063887408D0,191.7417361771655D0,566.6234891114946D0,    0000011P   6817
-290.6815316215664D0,191.2935544865729D0,605.543146023811D0,     0000011P   6818
-293.0143849491983D0,190.8688165984937D0,649.9762804236993D0,    0000011P   6819
-294.7483858677411D0,190.5181202910749D0,699.9990590991353D0,    0000011P   6820
-295.425292317165D0,190.3171746168354D0,750.0082771503056D0,     0000011P   6821
-294.8040292627516D0,190.3181871212713D0,800.0143534218829D0,    0000011P   6822
-292.9435236454381D0,190.5241884841506D0,850.0507072425401D0,    0000011P   6823
-289.8955365883565D0,190.9384831053515D0,900.0226020533742D0,    0000011P   6824
-285.7510637809575D0,191.5182058422953D0,950.0587212362359D0,    0000011P   6825
-280.5782947974199D0,192.220275805335D0,1000.029873435376D0,     0000011P   6826
-274.4661568234727D0,193.0610360785502D0,1050.059534804301D0,    0000011P   6827
-267.4665219769216D0,194.0557103531766D0,1100.030644446085D0,    0000011P   6828
-259.672029432301D0,195.1973001305494D0,1150.063184578214D0,     0000011P   6829
-251.1298110497365D0,196.4777002681897D0,1200.02532293512D0,     0000011P   6830
-241.9194727675701D0,197.8503042538184D0,1250.086892170491D0,    0000011P   6831
-232.0565935554953D0,199.2650996457861D0,1300.026708525635D0,    0000011P   6832
-221.6541875390943D0,200.7776961221575D0,1350.057720974907D0,    0000011P   6833
-210.7256060076358D0,202.4413192361951D0,1400.031054204499D0,    0000011P   6834
-199.3551089634977D0,204.1592284728182D0,1450.05639662407D0,     0000011P   6835
-187.5526819967988D0,205.8296706152773D0,1500.024834128065D0,    0000011P   6836
-175.4095651354003D0,207.5217322073925D0,1550.064976758466D0,    0000011P   6837
-162.9441238124135D0,209.3006162066775D0,1600.024358994129D0,    0000011P   6838
-150.2320103297797D0,211.1117032097899D0,1650.0474762413D0,      0000011P   6839
-137.2548989810095D0,212.8967709827409D0,1700.026259257884D0,    0000011P   6840
-124.0172467452541D0,214.679720374324D0,1750.076807474856D0,     0000011P   6841
-110.4343508945834D0,216.4809473376339D0,1785.104203787893D0,    0000011P   6842
-100.7149954451202D0,217.7824691436147D0,1805.269999917051D0,    0000011P   6843
-95.0557996631338D0,218.5496931321518D0,1810.53935178643D0,      0000011P   6844
-93.5740319478264D0,218.751134069323D0,1815.805361682139D0,      0000011P   6845
-92.08896147010916D0,218.9532779038065D0,1821.094330946375D0,    0000011P   6846
-90.59465584543736D0,219.1563887136274D0,1826.344850834042D0,    0000011P   6847
-89.1083049372381D0,219.3603641283359D0,1831.620699173305D0,     0000011P   6848
-87.60925175572737D0,219.5648024400347D0,1836.881675899441D0,    0000011P   6849
-86.11140607553183D0,219.7700826742341D0,1842.163157834434D0,    0000011P   6850
-84.60327665542974D0,219.9759956572178D0,1847.423886594585D0,    0000011P   6851
-83.09725088714822D0,220.1825611475769D0,1852.675417780579D0,    0000011P   6852
-81.58867996549921D0,220.3896802678775D0,1857.94984269049D0,     0000011P   6853
-80.06796709412481D0,220.5967644466317D0,1863.194458218424D0,    0000011P   6854
-78.55202798348735D0,220.8061120707347D0,1868.484377747179D0,    0000011P   6855
-77.01706633013582D0,221.0098054972839D0,1873.712443229762D0,    0000011P   6856
-75.49553470687043D0,221.2142701176335D0,1878.996565731855D0,    0000011P   6857
-73.95074377447939D0,221.4195589119955D0,1884.229028163343D0,    0000011P   6858
-72.41588630277504D0,221.6259089350556D0,1889.491152316924D0,    0000011P   6859
-70.86623912279275D0,221.833339333341D0,1894.750990317096D0,     0000011P   6860
-69.31065400446965D0,222.0418553732684D0,1900.826521594682D0,    0000011P   6861
-67.50609189961355D0,222.2845456811696D0,1907.716512752527D0,    0000011P   6862
-65.44932613017255D0,222.5625639601466D0,1915.398205664771D0,    0000011P   6863
-63.14233227217993D0,222.8753865986885D0,1923.10921361969D0,     0000011P   6864
-60.81656976360158D0,223.1892402198155D0,1930.80641737745D0,     0000011P   6865
-58.48426418680892D0,223.502656845198D0,1938.504300524197D0,     0000011P   6866
-56.14594223376493D0,223.8157680049123D0,1946.204851764074D0,    0000011P   6867
-53.80190513149626D0,224.1280583206379D0,1953.884237830713D0,    0000011P   6868
-51.4623600410638D0,224.4400246963114D0,1961.58869923742D0,      0000011P   6869
-49.11606528659181D0,224.7527809510269D0,1969.264550041658D0,    0000011P   6870
-46.78381876461302D0,225.0700252234072D0,1976.99296183268D0,     0000011P   6871
-44.43883026587936D0,225.3921278410864D0,1984.533495986718D0,    0000011P   6872
-42.17256740799702D0,225.7409092128368D0,1992.835074858089D0,    0000011P   6873
-39.64369183939243D0,226.0785309813783D0,1997.705362556007D0,    0000011P   6874
-38.31298938269509D0,226.5674345328881D0,2010.876159508958D0,    0000011P   6875
-34.02336995298172D0,226.6760245936382D0,2021.048364157244D0,    0000011P   6876
-30.7601420109746D0,226.8416931433851D0,2031.749791907363D0,     0000011P   6877
-27.30957121390023D0,226.9905081456057D0,2042.248198191841D0,    0000011P   6878
-23.92518715054588D0,227.1501131749219D0,2052.807809418597D0,    0000011P   6879
-20.51528339845667D0,227.314507512706D0,2063.325310964466D0,     0000011P   6880
-17.11363316149996D0,227.4846676874837D0,2073.843965270276D0,    0000011P   6881
-13.70390270407404D0,227.6551517472056D0,2084.362657267326D0,    0000011P   6882
-10.2861036051825D0,227.8259646341351D0,2094.863262251129D0,     0000011P   6883
-6.864104102263543D0,227.9937913813577D0,2105.327067843804D0,    0000011P   6884
-3.442433577868385D0,228.157860613677D0,2112.312154705624D0,     0000011P   6885
-1.148645314590538D0,228.2642019223986D0,2115.801002052741D0,    0000011P   6886
1.262184801120725D-14,228.316451663479D0,-199.9999999999999D0,   0000011P   6887
-164.918753137239D0,220.3791792828533D0,-183.3261480612829D0,    0000011P   6888
-167.7915434513004D0,219.8307398469368D0,-149.9798109460508D0,   0000011P   6889
-173.617720916202D0,218.7262803678318D0,-105.554122186163D0,     0000011P   6890
-181.5912841714863D0,217.241652991622D0,-66.63770684417048D0,    0000011P   6891
-188.7274411530004D0,215.9395940587369D0,-33.33006568218757D0,   0000011P   6892
-194.9448581845836D0,214.807334524056D0,5.572010413180966D0,     0000011P   6893
-202.3349410677504D0,213.4484283942163D0,50.00860834969096D0,    0000011P   6894
-210.9708547802909D0,211.8220546016125D0,100.0010425168246D0,    0000011P   6895
-220.8222480069357D0,209.9779207443456D0,149.9770424195676D0,    0000011P   6896
-230.6821132355037D0,208.2037467390559D0,199.9820775185726D0,    0000011P   6897
-240.3719612032347D0,206.5096640427449D0,249.9458607106756D0,    0000011P   6898
-249.6885151067461D0,204.9020674745287D0,294.4215182679283D0,    0000011P   6899
-257.5158652209329D0,203.5516919947528D0,333.2810989979745D0,    0000011P   6900
-263.9132064225217D0,202.4268916442304D0,366.6187563237261D0,    0000011P   6901
-269.059561747909D0,201.5234884690057D0,399.9779210247341D0,     0000011P   6902
-273.8289846428115D0,200.7012274409025D0,433.2827660527282D0,    0000011P   6903
-278.1707418292418D0,199.9788988681501D0,466.6154390357547D0,    0000011P   6904
-282.085625872851D0,199.3495812791533D0,499.9824047717468D0,     0000011P   6905
-285.5582115314508D0,198.8036879698909D0,533.293813571099D0,     0000011P   6906
-288.5671627736216D0,198.3322801497837D0,566.6230313359624D0,    0000011P   6907
-291.0887733680243D0,197.9370690632273D0,605.5434085284006D0,    0000011P   6908
-293.4219698372079D0,197.5665193074018D0,649.975769003637D0,     0000011P   6909
-295.1597998879335D0,197.275178173602D0,699.999087432964D0,      0000011P   6910
-295.8430033286381D0,197.1273283150466D0,750.0086750604638D0,    0000011P   6911
-295.2272558450736D0,197.157915142424D0,800.0140415239339D0,     0000011P   6912
-293.3713001485309D0,197.3538933703497D0,850.051557449594D0,     0000011P   6913
-290.326609973831D0,197.7024209233229D0,900.0220368854266D0,     0000011P   6914
-286.1881011632078D0,198.2046982033223D0,950.060132818292D0,     0000011P   6915
-281.0274743997099D0,198.8618807474968D0,1000.029194607032D0,    0000011P   6916
-274.930609163245D0,199.6336713203258D0,1050.060838271058D0,     0000011P   6917
-267.9455754439215D0,200.4784953793147D0,1100.030046125242D0,    0000011P   6918
-260.1683666416157D0,201.4366838815477D0,1150.064273862412D0,    0000011P   6919
-251.6485427966564D0,202.5478792339176D0,1200.024634724532D0,    0000011P   6920
-242.4688633254227D0,203.792115875613D0,1250.08855716695D0,      0000011P   6921
-232.6467764042827D0,205.1464975758682D0,1300.025929067052D0,    0000011P   6922
-222.2812225900956D0,206.5569408560324D0,1350.059173268126D0,    0000011P   6923
-211.3694703233496D0,207.9665979965745D0,1400.030450650536D0,    0000011P   6924
-200.0148462316535D0,209.4391066698644D0,1450.057357368438D0,    0000011P   6925
-188.2449916863019D0,211.0344445492017D0,1500.024220829347D0,    0000011P   6926
-176.1302169924535D0,212.666893017281D0,1550.066470379132D0,     0000011P   6927
-163.666361851305D0,214.2464226129458D0,1600.023717700279D0,     0000011P   6928
-150.9425994801023D0,215.8168006449366D0,1650.048546902605D0,    0000011P   6929
-137.9523901442495D0,217.4190065467637D0,1700.02554167843D0,     0000011P   6930
-124.701165865504D0,219.0476906488441D0,1750.07860879905D0,      0000011P   6931
-111.1034883780523D0,220.69422284804D0,1785.104381850219D0,      0000011P   6932
-101.3654593333054D0,221.8564764198706D0,1805.269929210006D0,    0000011P   6933
-95.69003235094196D0,222.5242750376531D0,1810.539110026816D0,    0000011P   6934
-94.20380646244084D0,222.6988813467982D0,1815.805255636281D0,    0000011P   6935
-92.71409980028058D0,222.8734765213599D0,1821.09436365818D0,     0000011P   6936
-91.21492950355874D0,223.0484117915278D0,1826.344182476502D0,    0000011P   6937
-89.7238140125902D0,223.2237085830868D0,1831.620368092262D0,     0000011P   6938
-88.21980447426212D0,223.3991189193976D0,1836.881080175584D0,    0000011P   6939
-86.71708546814134D0,223.5750974827329D0,1842.162692612928D0,    0000011P   6940
-85.20402414785038D0,223.751569576842D0,1847.423048421101D0,     0000011P   6941
-83.69325775295992D0,223.9286665438347D0,1852.674347444359D0,    0000011P   6942
-82.18010804420867D0,224.1064129539415D0,1857.949196582276D0,    0000011P   6943
-80.65486767655625D0,224.2843926525526D0,1863.193383466274D0,    0000011P   6944
-79.1347764430418D0,224.4647877474005D0,1868.483839757754D0,     0000011P   6945
-77.59569471272705D0,224.6405859193874D0,1873.711232766822D0,    0000011P   6946
-76.07065384365028D0,224.8176835805439D0,1878.99606176266D0,     0000011P   6947
-74.52240980787045D0,224.9962419719122D0,1884.228233405077D0,    0000011P   6948
-72.98474629481522D0,225.1765880028505D0,1889.490570111735D0,    0000011P   6949
-71.43258161351606D0,225.3588524637471D0,1894.750742879178D0,    0000011P   6950
-69.87495942074064D0,225.543153653626D0,1900.82660566373D0,      0000011P   6951
-68.06869032721869D0,225.75904058919D0,1907.7165929465D0,        0000011P   6952
-66.01096070900132D0,226.0084686233969D0,1915.398216208224D0,    0000011P   6953
-63.7038971397677D0,226.2915960606726D0,1923.109229337784D0,     0000011P   6954
-61.37846068294846D0,226.5778041339895D0,1930.806817342438D0,    0000011P   6955
-59.04670210945717D0,226.8654546390569D0,1938.504637468192D0,    0000011P   6956
-56.7087815147103D0,227.1543489270606D0,1946.205242941476D0,     0000011P   6957
-54.36462983304149D0,227.4437061301915D0,1953.88430028961D0,     0000011P   6958
-52.02424632517985D0,227.7336564322418D0,1961.5887083448D0,      0000011P   6959
-49.67582979464017D0,228.0248852374704D0,1969.263482357801D0,    0000011P   6960
-47.34014385623773D0,228.3204038325062D0,1976.992708077284D0,    0000011P   6961
-44.98958388612527D0,228.620228480102D0,1984.527608002744D0,     0000011P   6962
-42.71674174020911D0,228.9436804770823D0,1992.848656689145D0,    0000011P   6963
-40.17430812539315D0,229.2563883668144D0,1997.653041179057D0,    0000011P   6964
-38.84481337534189D0,229.7036560532953D0,2011.025201169471D0,    0000011P   6965
-34.50346896915061D0,229.8070539159961D0,2021.325112084242D0,    0000011P   6966
-31.20176005054191D0,229.9606086992926D0,2032.170175911131D0,    0000011P   6967
-27.70775980225014D0,230.0983559546996D0,2042.807828543553D0,    0000011P   6968
-24.27925531982051D0,230.2452603989809D0,2053.50923893072D0,     0000011P   6969
-20.82313808081436D0,230.3960069855669D0,2064.168705409032D0,    0000011P   6970
-17.37383623216981D0,230.5515601528097D0,2074.830599395612D0,    0000011P   6971
-13.91484955611863D0,230.7071077308186D0,2085.493278024204D0,    0000011P   6972
-10.44629110547507D0,230.8627397517645D0,2096.13834477147D0,     0000011P   6973
-6.972193815396753D0,231.0155583289366D0,2106.746559956405D0,    0000011P   6974
-3.497262604598777D0,231.1649548099907D0,2113.82835681955D0,     0000011P   6975
-1.167048098151292D0,231.2618482881207D0,2117.365560334217D0,    0000011P   6976
1.262184801120725D-14,231.3094880173348D0,-199.9999999999999D0,  0000011P   6977
-166.0554027625043D0,224.5365456370741D0,-183.326042318354D0,    0000011P   6978
-168.9297074527947D0,224.0851748751308D0,-149.9794414718589D0,   0000011P   6979
-174.7526387404956D0,223.1653423314917D0,-105.5542048173314D0,   0000011P   6980
-182.6976028492327D0,221.8706853818738D0,-66.63764401419603D0,   0000011P   6981
-189.7858013270945D0,220.6713655792021D0,-33.32982604453611D0,   0000011P   6982
-195.9535810455321D0,219.6151310340375D0,5.571897242146505D0,    0000011P   6983
-203.2846865251241D0,218.3679513152873D0,50.00871921417194D0,    0000011P   6984
-211.8639129338571D0,216.9543276314728D0,100.0011708898326D0,    0000011P   6985
-221.6496450729291D0,215.3720429092904D0,149.976418137913D0,     0000011P   6986
-231.4255040053631D0,213.7898323419241D0,199.9824081449023D0,    0000011P   6987
-241.024879593686D0,212.2279248396675D0,249.9451625983313D0,     0000011P   6988
-250.2558444173961D0,210.7032564333035D0,294.4218218335767D0,    0000011P   6989
-258.0204034463512D0,209.472006670698D0,333.2806120914214D0,     0000011P   6990
-264.3783736741368D0,208.5494982540126D0,366.6179181728001D0,    0000011P   6991
-269.4989590106525D0,207.842564221191D0,399.9783214505345D0,     0000011P   6992
-274.2476534529728D0,207.1960589780512D0,433.2820022981526D0,    0000011P   6993
-278.570622452667D0,206.5853211045358D0,466.6150026175383D0,     0000011P   6994
-282.4695600411816D0,206.0209152942513D0,499.9826792807074D0,    0000011P   6995
-285.9296815342906D0,205.5109308426095D0,533.2931524994893D0,    0000011P   6996
-288.9301922948103D0,205.0639984782545D0,566.6225735604351D0,    0000011P   6997
-291.4470149060231D0,204.6882982655909D0,605.5436710329914D0,    0000011P   6998
-293.7782621339011D0,204.3422847477903D0,649.9752575835581D0,    0000011P   6999
-295.518122153422D0,204.0922342375585D0,699.9991157667813D0,     0000011P   7000
-296.2046949658229D0,203.9558478657942D0,750.0090729706851D0,    0000011P   7001
-295.5886219131321D0,203.9104308895119D0,800.0137296260273D0,    0000011P   7002
-293.7334882152204D0,204.0125989305587D0,850.0524076564096D0,    0000011P   7003
-290.6955156320539D0,204.3192353475919D0,900.0214717173168D0,    0000011P   7004
-286.5668587091565D0,204.7792538810605D0,950.0615444012379D0,    0000011P   7005
-281.4160236506103D0,205.3413704495591D0,1000.028515779297D0,    0000011P   7006
-275.3356066384844D0,206.0425251216923D0,1050.062141734487D0,    0000011P   7007
-268.3796846344851D0,206.9188579518285D0,1100.029447802126D0,    0000011P   7008
-260.6366053849947D0,207.8844883100763D0,1150.06536315907D0,     0000011P   7009
-252.1472824144455D0,208.8521678733575D0,1200.023946522453D0,    0000011P   7010
-242.9979408305729D0,209.8914994250545D0,1250.090222116752D0,    0000011P   7011
-233.2082058616441D0,211.0699751111295D0,1300.025149576601D0,    0000011P   7012
-222.8787696914737D0,212.3371692829535D0,1350.060625736038D0,    0000011P   7013
-212.0067294550807D0,213.6401957720472D0,1400.029847215899D0,    0000011P   7014
-200.6830074846634D0,214.9585041384071D0,1450.058317458845D0,    0000011P   7015
-188.9212498202823D0,216.2678750946467D0,1500.023607083927D0,    0000011P   7016
-176.8090147002278D0,217.6194390687612D0,1550.0679664474D0,      0000011P   7017
-164.3580026378468D0,219.0612157749544D0,1600.023078078289D0,    0000011P   7018
-151.6424983715822D0,220.5227812181415D0,1650.049608404505D0,    0000011P   7019
-138.6391960993319D0,221.9306950409278D0,1700.024817842819D0,    0000011P   7020
-125.3653032661755D0,223.3317759478096D0,1750.080444406801D0,    0000011P   7021
-111.745498238304D0,224.7701883766293D0,1785.104586574862D0,     0000011P   7022
-101.9930374624617D0,225.816530680523D0,1805.269849422603D0,     0000011P   7023
-96.30940378201905D0,226.432584210424D0,1810.53884867088D0,      0000011P   7024
-94.8210593679902D0,226.5943040079733D0,1815.805118692442D0,     0000011P   7025
-93.32926263355846D0,226.756565040786D0,1821.09435377388D0,      0000011P   7026
-91.82794419505591D0,226.9195848208137D0,1826.343459817488D0,    0000011P   7027
-90.33491502327753D0,227.0832876996734D0,1831.619971386356D0,    0000011P   7028
-88.82889835537385D0,227.2473585615808D0,1836.880408274679D0,    0000011P   7029
-87.32431752944422D0,227.4121068751684D0,1842.162141822619D0,    0000011P   7030
-85.80936204754777D0,227.5773715512489D0,1847.422116836707D0,    0000011P   7031
-84.29688295069092D0,227.7431746450473D0,1852.673177794002D0,    0000011P   7032
-82.78213651913147D0,227.9094433040563D0,1857.948447584796D0,    0000011P   7033
-81.25526881273886D0,228.0757129201413D0,1863.192204967051D0,    0000011P   7034
-79.73380766072138D0,228.2438284514698D0,1868.483200269996D0,    0000011P   7035
-78.19323405824571D0,228.4074620323457D0,1873.709926550061D0,    0000011P   7036
-76.66712210218047D0,228.5717602250737D0,1878.995471669152D0,    0000011P   7037
-75.11763702944771D0,228.7367716611233D0,1884.227366426224D0,    0000011P   7038
-73.57911740268267D0,228.9026922341222D0,1889.489934253127D0,    0000011P   7039
-72.0260869625052D0,229.0695435079175D0,1894.750465407678D0,     0000011P   7040
-70.46774520610578D0,229.2373359437377D0,1900.826693329859D0,    0000011P   7041
-68.66086527587792D0,229.4327131029136D0,1907.71672440923D0,     0000011P   7042
-66.60275684582362D0,229.6566573592195D0,1915.398339437592D0,    0000011P   7043
-64.29549921137073D0,229.9087867168919D0,1923.109422617521D0,    0000011P   7044
-61.96958571397959D0,230.1618737766571D0,1930.807458618321D0,    0000011P   7045
-59.636992940151D0,230.4147184210715D0,1938.505273760804D0,      0000011P   7046
-57.29761501579994D0,230.6674001352386D0,1946.20598120864D0,     0000011P   7047
-54.9511132096121D0,230.9194808746688D0,1953.884742697788D0,     0000011P   7048
-52.60737950902983D0,231.1713324158182D0,1961.589110794306D0,    0000011P   7049
-50.25415382400357D0,231.4238200609182D0,1969.262797357188D0,    0000011P   7050
-47.9122661146761D0,231.6798765574124D0,1976.992797709479D0,     0000011P   7051
-45.55339796964608D0,231.9397724159804D0,1984.521990888883D0,    0000011P   7052
-43.27136611016496D0,232.2209381343068D0,1992.862399065963D0,    0000011P   7053
-40.71299092865915D0,232.4930774692148D0,1997.600738862923D0,    0000011P   7054
-39.38279910192938D0,232.8859759503196D0,2011.174095989972D0,    0000011P   7055
-34.98830103798967D0,232.9743704335293D0,2021.601534278527D0,    0000011P   7056
-31.64703856070664D0,233.1082120462792D0,2032.590029230169D0,    0000011P   7057
-28.10874202632009D0,233.228493744984D0,2043.366698436817D0,     0000011P   7058
-24.63542887542999D0,233.3573371900287D0,2054.209654626593D0,    0000011P   7059
-21.13256132391081D0,233.4899488083814D0,2065.01081033308D0,     0000011P   7060
-17.63519530006817D0,233.6271167497002D0,2075.815647187314D0,    0000011P   7061
-14.12663694226425D0,233.7644944277324D0,2086.621995763098D0,    0000011P   7062
-10.60707361542078D0,233.9020927660358D0,2097.411188955866D0,    0000011P   7063
-7.080675790711652D0,234.037266759583D0,2108.163461019099D0,     0000011P   7064
-3.552296761312697D0,234.1694062803617D0,2115.341721968675D0,    0000011P   7065
-1.18552355927689D0,234.2550544592557D0,2118.927156206649D0,     0000011P   7066
1.262184801120725D-14,234.2971394102016D0,-199.9999999999999D0,  0000011P   7067
-167.2151622258786D0,228.8091303632685D0,-183.3259365754252D0,   0000011P   7068
-170.0675321364927D0,228.3610955702806D0,-149.9790719976667D0,   0000011P   7069
-175.8471352596049D0,227.4663629371631D0,-105.5542874484994D0,   0000011P   7070
-183.7413485248598D0,226.27924863075D0,-66.6375811842214D0,      0000011P   7071
-190.7946064577258D0,225.2462949404497D0,-33.32958640688469D0,   0000011P   7072
-196.9330136171147D0,224.3579509858047D0,5.571784071111777D0,    0000011P   7073
-204.2240899155051D0,223.3080788127105D0,50.00883007865262D0,    0000011P   7074
-212.7396576107343D0,222.0809350343517D0,100.0012992628405D0,    0000011P   7075
-222.4407174560125D0,220.6767918436809D0,149.9757938562584D0,    0000011P   7076
-232.1298957682313D0,219.2621554161318D0,199.9827387712319D0,    0000011P   7077
-241.647168267523D0,217.9098936890044D0,249.9444644859863D0,     0000011P   7078
-250.8066602295883D0,216.6898489370993D0,294.4221253992247D0,    0000011P   7079
-258.5118674998577D0,215.6786726710834D0,333.2801251848694D0,    0000011P   7080
-264.8165134784731D0,214.8138409749662D0,366.6170800218758D0,    0000011P   7081
-269.8946049114117D0,214.108344053953D0,399.9787218763356D0,     0000011P   7082
-274.6079134491923D0,213.4596663647343D0,433.2812385435731D0,    0000011P   7083
-278.9063080825217D0,212.8875519183088D0,466.6145661993151D0,    0000011P   7084
-282.7893377199462D0,212.3911187214019D0,499.9829537896654D0,    0000011P   7085
-286.2398298775385D0,211.9673996915822D0,533.2924914278935D0,    0000011P   7086
-289.2345100845632D0,211.6139108001511D0,566.6221157849313D0,    0000011P   7087
-291.7485110812593D0,211.3243180009121D0,605.5439335375868D0,    0000011P   7088
-294.0788647685166D0,211.053368465015D0,649.9747461633871D0,     0000011P   7089
-295.8194983659002D0,210.8287987981817D0,699.9991441005356D0,    0000011P   7090
-296.5093342485519D0,210.6920469615133D0,750.0094708812507D0,    0000011P   7091
-295.8987627526372D0,210.669855282354D0,800.0134177283566D0,     0000011P   7092
-294.051365344917D0,210.7981421136061D0,850.0532578619423D0,     0000011P   7093
-291.0232603280707D0,211.1130637923902D0,900.0209065483305D0,    0000011P   7094
-286.9061774859691D0,211.5353317862837D0,950.0629559889876D0,    0000011P   7095
-281.7677692519997D0,211.985325670607D0,1000.027836954842D0,     0000011P   7096
-275.7024154532189D0,212.5373258267983D0,1050.063445179931D0,    0000011P   7097
-268.7652432568982D0,213.2651551189165D0,1100.028849466726D0,    0000011P   7098
-261.0481094271605D0,214.0996442151187D0,1150.066452523057D0,    0000011P   7099
-252.5945026148225D0,214.970491849031D0,1200.023258366364D0,     0000011P   7100
-243.4840409932548D0,215.8906420857859D0,1250.091886814472D0,    0000011P   7101
-233.7283944384964D0,216.87092801937D0,1300.024369913962D0,      0000011P   7102
-223.4307653052578D0,217.9157943794601D0,1350.062079147775D0,    0000011P   7103
-212.588843671103D0,219.027860501842D0,1400.029244425958D0,      0000011P   7104
-201.2981580284627D0,220.208614667536D0,1450.059274015971D0,     0000011P   7105
-189.5754569055923D0,221.4564245257914D0,1500.022990925032D0,    0000011P   7106
-177.4930041262651D0,222.719135493315D0,1550.069475739809D0,     0000011P   7107
-165.0456312903633D0,223.9413090650951D0,1600.022447489188D0,    0000011P   7108
-152.3233219133941D0,225.1653126740187D0,1650.050620419142D0,    0000011P   7109
-139.3167389033453D0,226.4313827790491D0,1700.024060205877D0,    0000011P   7110
-126.0370570307315D0,227.7101391316604D0,1750.082465244887D0,    0000011P   7111
-112.4011691632146D0,228.9695176768057D0,1785.104935353108D0,    0000011P   7112
-102.6297464883227D0,229.8637415631218D0,1805.269720574994D0,    0000011P   7113
-96.9321448698298D0,230.3882592557449D0,1810.538481438114D0,     0000011P   7114
-95.44003992352081D0,230.5258810635586D0,1815.804814810145D0,    0000011P   7115
-93.94439580005498D0,230.6639174675099D0,1821.09411374742D0,     0000011P   7116
-92.43907763772225D0,230.8025857499719D0,1826.342443773476D0,    0000011P   7117
-90.94220998252109D0,230.9418466770528D0,1831.61922011641D0,     0000011P   7118
-89.43220920658884D0,231.0814514824832D0,1836.879324797426D0,    0000011P   7119
-87.92375845128061D0,231.2216979099146D0,1842.161128713318D0,    0000011P   7120
-86.40489061181555D0,231.3624719658823D0,1847.42068056328D0,     0000011P   7121
-84.88869157535919D0,231.5038199073862D0,1852.671471560105D0,    0000011P   7122
-83.37037318641184D0,231.6457049478407D0,1857.947142687739D0,    0000011P   7123
-81.83995595447607D0,231.7877475142457D0,1863.190465933619D0,    0000011P   7124
-80.31527678965261D0,231.9315889038628D0,1868.482012397736D0,    0000011P   7125
-78.77145835793655D0,232.0717191930574D0,1873.708102985778D0,    0000011P   7126
-77.24263853975023D0,232.2126685830675D0,1878.99441625531D0,     0000011P   7127
-75.69041288160207D0,232.3545065844491D0,1884.226109247368D0,    0000011P   7128
-74.14969586405834D0,232.4974315637595D0,1889.489008510923D0,    0000011P   7129
-72.5946377040506D0,232.6414893469636D0,1894.750025668D0,        0000011P   7130
-71.03461478391544D0,232.7867160461537D0,1900.826800430649D0,    0000011P   7131
-69.22626745279212D0,232.9562600400267D0,1907.717132871524D0,    0000011P   7132
-67.16720111377727D0,233.1512571970774D0,1915.399071496785D0,    0000011P   7133
-64.85957580737221D0,233.3715825900356D0,1923.110575243626D0,    0000011P   7134
-62.53343608761618D0,233.5934419281029D0,1930.809403670872D0,    0000011P   7135
-60.20063402710937D0,233.8157006841238D0,1938.507527401617D0,    0000011P   7136
-57.86074745277751D0,234.0383439805604D0,1946.208594764248D0,    0000011P   7137
-55.51311763817059D0,234.2609040996834D0,1953.887237930837D0,    0000011P   7138
-53.16747896795645D0,234.483621914054D0,1961.591638428767D0,     0000011P   7139
-50.81106212903338D0,234.707170127317D0,1969.264179952753D0,     0000011P   7140
-48.46471309738395D0,234.9340304511714D0,1976.994742627681D0,    0000011P   7141
-46.09934934456494D0,235.1643551476646D0,1984.517837256945D0,    0000011P   7142
-43.8099621276852D0,235.4133114187826D0,1992.877008854183D0,     0000011P   7143
-41.2374511952059D0,235.654305738245D0,1997.548539530335D0,      0000011P   7144
-39.90816223154064D0,236.0006151628048D0,2011.322197449802D0,    0000011P   7145
-35.46188540406646D0,236.0801077624983D0,2021.876196574239D0,    0000011P   7146
-32.08226081729431D0,236.1990627950621D0,2033.007015317063D0,    0000011P   7147
-28.50080813855577D0,236.3060572788803D0,2043.921459655405D0,    0000011P   7148
-24.98378873866655D0,236.4204703639002D0,2054.904592783009D0,    0000011P   7149
-21.4352491569752D0,236.5381304965691D0,2065.845948117353D0,     0000011P   7150
-17.89088668831591D0,236.6597500837923D0,2076.792124190095D0,    0000011P   7151
-14.33382741234219D0,236.7815486688964D0,2087.740431701811D0,    0000011P   7152
-10.76434659124426D0,236.9035586127676D0,2098.671939653414D0,    0000011P   7153
-7.186765817373233D0,237.023488338003D0,2109.566362919584D0,     0000011P   7154
-3.606100343526697D0,237.1408267868632D0,2116.839759304029D0,    0000011P   7155
-1.203580944568466D0,237.2169710047493D0,2120.472746503649D0,    0000011P   7156
1.262184801120725D-14,237.254414624029D0,-199.9999999999999D0,   0000011P   7157
-168.3247021277374D0,232.9193514717298D0,-183.3258308324963D0,   0000011P   7158
-171.1777297536789D0,232.5658377925354D0,-149.9787025234747D0,   0000011P   7159
-176.951698606895D0,231.8479419571782D0,-105.5543700796676D0,    0000011P   7160
-184.8196742952973D0,230.8749450977168D0,-66.63751835424674D0,   0000011P   7161
-191.8364455281005D0,230.0214957623174D0,-33.32934676923298D0,   0000011P   7162
-197.9341518684495D0,229.271405283726D0,5.571670900077522D0,     0000011P   7163
-205.1670495479234D0,228.3529559636885D0,50.0089409431336D0,     0000011P   7164
-213.6008075533698D0,227.2157348553067D0,100.0014276358484D0,    0000011P   7165
-223.206072960349D0,225.9336557584044D0,149.9751695746039D0,     0000011P   7166
-232.8125430459997D0,224.7643327407375D0,199.9830693975617D0,    0000011P   7167
-242.2491092095428D0,223.6560144310684D0,249.9437663736414D0,    0000011P   7168
-251.3183115888072D0,222.5545495603036D0,294.4224289648727D0,    0000011P   7169
-258.949356140581D0,221.626544221623D0,333.2796382783177D0,      0000011P   7170
-265.2035521331238D0,220.8832620214602D0,366.6162418709523D0,    0000011P   7171
-270.2471120370403D0,220.3029939832111D0,399.9791223021366D0,    0000011P   7172
-274.9331649454884D0,219.7884073026345D0,433.280474788992D0,     0000011P   7173
-279.2099712264787D0,219.3472611725129D0,466.6141297810897D0,    0000011P   7174
-283.0761388068821D0,218.9581973225279D0,499.9832282986231D0,    0000011P   7175
-286.5133020947448D0,218.5981295281247D0,533.2918303563039D0,    0000011P   7176
-289.4969002919403D0,218.244478396449D0,566.6216580094373D0,     0000011P   7177
-292.0028030778194D0,217.9265683012592D0,605.5441960421841D0,    0000011P   7178
-294.3278530765644D0,217.6312156124037D0,649.9742347431795D0,    0000011P   7179
-296.0692418489567D0,217.4501210710151D0,699.9991724342651D0,    0000011P   7180
-296.7645277128303D0,217.390389031674D0,750.0098687919522D0,     0000011P   7181
-296.1592900808981D0,217.4055905411087D0,800.0131058307779D0,    0000011P   7182
-294.3180728187094D0,217.5334878326225D0,850.0541080669651D0,    0000011P   7183
-291.2978564886307D0,217.8120277159427D0,900.0203413789964D0,    0000011P   7184
-287.1932078377027D0,218.1987545147456D0,950.0643675786429D0,    0000011P   7185
-282.074200118487D0,218.6510052831382D0,1000.027158131689D0,     0000011P   7186
-276.0315186012875D0,219.1579948627447D0,1050.064748618247D0,    0000011P   7187
-269.1158294949225D0,219.7081459859006D0,1100.028251126456D0,    0000011P   7188
-261.4238579400223D0,220.3223198162933D0,1150.067541913735D0,    0000011P   7189
-253.0030320979213D0,221.0209146921368D0,1200.022570228506D0,    0000011P   7190
-243.9345388176334D0,221.8325218312288D0,1250.093551412255D0,    0000011P   7191
-234.230309100457D0,222.7840311209098D0,1300.023590183063D0,     0000011P   7192
-223.9842872321534D0,223.7845060987511D0,1350.063532933697D0,    0000011P   7193
-213.1829019210682D0,224.7408124441989D0,1400.02864189161D0,     0000011P   7194
-201.9225841126591D0,225.6985751348273D0,1450.060229172316D0,    0000011P   7195
-190.2194590535351D0,226.701004853609D0,1500.022373809307D0,     0000011P   7196
-178.1524623952967D0,227.7431015964036D0,1550.070990274972D0,    0000011P   7197
-165.7216455321333D0,228.817299554196D0,1600.021820481205D0,     0000011P   7198
-153.0060807098955D0,229.8880989712379D0,1650.051612814397D0,    0000011P   7199
-139.9836582927892D0,230.9178343613784D0,1700.023289168291D0,    0000011P   7200
-126.6849284470994D0,231.9740539111312D0,1750.084559518134D0,    0000011P   7201
-113.0445345742173D0,233.1224760394112D0,1785.105341241866D0,    0000011P   7202
-103.266829875158D0,233.943154547486D0,1805.269572277313D0,      0000011P   7203
-97.55989353152718D0,234.4032626388856D0,1810.538072230143D0,    0000011P   7204
-96.06511264527155D0,234.5230219170369D0,1815.804444744564D0,    0000011P   7205
-94.56658586704445D0,234.6422627145071D0,1821.093782480368D0,    0000011P   7206
-93.05811925825412D0,234.7612494018892D0,1826.341311416046D0,    0000011P   7207
-91.55815734126294D0,234.8800264775816D0,1831.618328278422D0,    0000011P   7208
-90.04481602435546D0,234.9984588426285D0,1836.878078149418D0,    0000011P   7209
-88.53304465330307D0,235.1168798334992D0,1842.15993231618D0,     0000011P   7210
-87.0107259176453D0,235.2352698702502D0,1847.419044204277D0,     0000011P   7211
-85.49118695186726D0,235.3537467294557D0,1852.669552595952D0,    0000011P   7212
-83.9696015658722D0,235.4723570082497D0,1857.945617402523D0,     0000011P   7213
-82.43587111995622D0,235.5908534865661D0,1863.188504674614D0,    0000011P   7214
-80.90814800627295D0,235.7107211185592D0,1868.480607116693D0,    0000011P   7215
-79.36120296280635D0,235.8273152404546D0,1873.706074317421D0,    0000011P   7216
-77.82974405469285D0,235.9445970102224D0,1878.993176363739D0,    0000011P   7217
-76.27480353918776D0,236.0627041353044D0,1884.224697372477D0,    0000011P   7218
-74.73187821594875D0,236.1818847729854D0,1889.487967843445D0,    0000011P   7219
-73.1747511793795D0,236.3022563291476D0,1894.749521596587D0,     0000011P   7220
-71.61298209812331D0,236.4239278845458D0,1900.826915236377D0,    0000011P   7221
-69.80307196891637D0,236.5664366444383D0,1907.717651151185D0,    0000011P   7222
-67.7429214327542D0,236.7311180191113D0,1915.40004492851D0,      0000011P   7223
-65.43476112778859D0,236.9180597706144D0,1923.112108205666D0,    0000011P   7224
-63.10819989824712D0,237.1070215385394D0,1930.811865609851D0,    0000011P   7225
-60.77496327549483D0,237.2968915039293D0,1938.510422245295D0,    0000011P   7226
-58.43431076013378D0,237.4875175445149D0,1946.211951783953D0,    0000011P   7227
-56.08526160324372D0,237.6783593872377D0,1953.890547012866D0,    0000011P   7228
-53.73739055938349D0,237.8694841186739D0,1961.595008599596D0,    0000011P   7229
-51.37741706506474D0,238.0613289617922D0,1969.266382253428D0,    0000011P   7230
-49.02620108477531D0,238.2558817104574D0,1976.997423079949D0,    0000011P   7231
-46.6538939456956D0,238.4531334959947D0,1984.514263827093D0,     0000011P   7232
-44.35665941345737D0,238.6659453426017D0,1992.891962530425D0,    0000011P   7233
-41.76947456522206D0,238.8713835588049D0,1997.496381025905D0,    0000011P   7234
-40.44054519164741D0,239.1665364229125D0,2011.469984379261D0,    0000011P   7235
-35.94195131405565D0,239.2324958482611D0,2022.150161152542D0,    0000011P   7236
-32.52344276342832D0,239.332002633573D0,2033.422864680613D0,     0000011P   7237
-28.89828265080509D0,239.4208300937611D0,2044.474591976791D0,    0000011P   7238
-25.3369768244447D0,239.5156264432609D0,2055.597359351409D0,     0000011P   7239
-21.74215669439693D0,239.6128537229243D0,2066.678323756804D0,    0000011P   7240
-18.15016146925177D0,239.71316017183D0,2077.765203276227D0,      0000011P   7241
-14.54393771718129D0,239.8133430378099D0,2088.854791387994D0,    0000011P   7242
-10.92384914487141D0,239.9134676940043D0,2099.927895849464D0,    0000011P   7243
-7.294369013077712D0,240.0116075655608D0,2110.963714807486D0,    0000011P   7244
-3.660675081446717D0,240.1073622399391D0,2118.331719878644D0,    0000011P   7245
-1.221898105108899D0,240.1693303335948D0,2122.011991339136D0,    0000011P   7246
1.262184801120725D-14,240.1997608783729D0,-200.0D0,              0000011P   7247
-169.4493172680616D0,237.1105949326161D0,-183.3257250895675D0,   0000011P   7248
-172.296644719967D0,236.833266895446D0,-149.9783330492825D0,     0000011P   7249
-178.0549192819026D0,236.267537561301D0,-105.5544527108357D0,    0000011P   7250
-185.8812279526358D0,235.4488113230759D0,-66.63745552427228D0,   0000011P   7251
-192.839903284378D0,234.6598222543157D0,-33.3291071315818D0,     0000011P   7252
-198.881925075434D0,233.9653571354501D0,5.571557729042575D0,     0000011P   7253
-206.0539196745237D0,233.1694502956794D0,50.00905180761427D0,    0000011P   7254
-214.4390498605979D0,232.3356174301575D0,100.0015560088564D0,    0000011P   7255
-223.9856538386043D0,231.4172330259103D0,149.9745452929491D0,    0000011P   7256
-233.4971221292255D0,230.4357249401112D0,199.9834000238911D0,    0000011P   7257
-242.8272641972879D0,229.4345729963582D0,249.9430682612974D0,    0000011P   7258
-251.8029875754287D0,228.4551838167151D0,294.4227325305214D0,    0000011P   7259
-259.3639923357293D0,227.6754465704436D0,333.2791513717637D0,    0000011P   7260
-265.5669219955937D0,227.1103065383463D0,366.6154037200248D0,    0000011P   7261
-270.5728699730247D0,226.6811893630876D0,399.9795227279366D0,    0000011P   7262
-275.2268532562001D0,226.281772240646D0,433.2797110344201D0,     0000011P   7263
-279.4761705110025D0,225.8857004195843D0,466.6136933628792D0,    0000011P   7264
-283.3204659988845D0,225.518346062664D0,499.9835028075852D0,     0000011P   7265
-286.7421520377513D0,225.2034667848168D0,533.2911692846802D0,    0000011P   7266
-289.7173440995779D0,224.9650830843682D0,566.6212002338872D0,    0000011P   7267
-292.2195721452286D0,224.7751430811643D0,605.5444585467702D0,    0000011P   7268
-294.5429422319048D0,224.5772485654856D0,649.9737233231867D0,    0000011P   7269
-296.2819383143481D0,224.3384730295245D0,699.9992007681411D0,    0000011P   7270
-296.9764107373507D0,224.1517512033931D0,750.0102667018512D0,    0000011P   7271
-296.3746252067846D0,224.1440070952491D0,800.0127939326519D0,    0000011P   7272
-294.5394777289266D0,224.2563350789973D0,850.0549582749856D0,    0000011P   7273
-291.5262006666137D0,224.4299279324763D0,900.0197762117089D0,    0000011P   7274
-287.4318575690983D0,224.687490461793D0,950.065779157081D0,      0000011P   7275
-282.3286018218972D0,225.0517901181163D0,1000.026479300874D0,    0000011P   7276
-276.307568577057D0,225.4904423914725D0,1050.066052098545D0,     0000011P   7277
-269.4191294709758D0,225.9703070533372D0,1100.027652814863D0,    0000011P   7278
-261.7640332109836D0,226.5466450076849D0,1150.068631147238D0,    0000011P   7279
-253.3927868269237D0,227.2744579719442D0,1200.02188198329D0,     0000011P   7280
-244.3723814727209D0,228.022607940865D0,1250.095216598522D0,     0000011P   7281
-234.6991496347017D0,228.6576096200678D0,1300.022810854129D0,    0000011P   7282
-224.483855266969D0,229.3257033518736D0,1350.064984516247D0,     0000011P   7283
-213.7279046457309D0,230.1726501694646D0,1400.028037852213D0,    0000011P   7284
-202.5156843373258D0,231.092253700506D0,1450.06119257712D0,      0000011P   7285
-190.8496684998234D0,231.9754686915086D0,1500.02176232785D0,     0000011P   7286
-178.8085218403375D0,232.8468735752156D0,1550.072473938319D0,    0000011P   7287
-166.3905236026211D0,233.729014484206D0,1600.021172385903D0,     0000011P   7288
-153.6797331996332D0,234.6158088861774D0,1650.052720737886D0,    0000011P   7289
-140.6572388427901D0,235.4994816019091D0,1700.02259704006D0,     0000011P   7290
-127.3475236739325D0,236.3765163892949D0,1750.086221370338D0,    0000011P   7291
-113.6774109891605D0,237.2415902250976D0,1785.105410836847D0,    0000011P   7292
-103.8768166477888D0,237.876213367419D0,1805.269538510892D0,     0000011P   7293
-98.15913032054294D0,238.2608659649081D0,1810.537910192092D0,    0000011P   7294
-96.66167602096583D0,238.3623274973136D0,1815.804464397548D0,    0000011P   7295
-95.16060805641352D0,238.4645638427585D0,1821.093988481199D0,    0000011P   7296
-93.64963996059846D0,238.5676612947465D0,1826.340863967187D0,    0000011P   7297
-92.14750278143258D0,238.6715229186564D0,1831.618264171745D0,    0000011P   7298
-90.63197851253341D0,238.7759021175363D0,1836.877792328209D0,    0000011P   7299
-89.1182492532744D0,238.8809426553633D0,1842.159815204765D0,     0000011P   7300
-87.59401403670125D0,238.986494200406D0,1847.418586044047D0,     0000011P   7301
-86.07280779380437D0,239.0925208835022D0,1852.66888628844D0,     0000011P   7302
-84.54973284907567D0,239.1989275201967D0,1857.94538986732D0,     0000011P   7303
-83.01453796279061D0,239.305374078047D0,1863.18785198519D0,      0000011P   7304
-81.48565755834154D0,239.4129640027908D0,1868.480482041687D0,    0000011P   7305
-79.93747699488688D0,239.517692725204D0,1873.705253399136D0,     0000011P   7306
-78.40524107146307D0,239.6227271946792D0,1878.993022764539D0,    0000011P   7307
-76.84938530525794D0,239.7280481502336D0,1884.224196421215D0,    0000011P   7308
-75.30595536420638D0,239.8337283745708D0,1889.4876039105D0,      0000011P   7309
-73.74833376936999D0,239.9397316881797D0,1894.74939634095D0,     0000011P   7310
-72.18623002488441D0,240.0460149751681D0,1900.826984671798D0,    0000011P   7311
-70.37616337605756D0,240.1693466859706D0,1907.717522774133D0,    0000011P   7312
-68.31615281209625D0,240.3100366653429D0,1915.399597044315D0,    0000011P   7313
-66.00838678268482D0,240.467669498846D0,1923.111401569367D0,     0000011P   7314
-63.68194820653999D0,240.625264511261D0,1930.811283876431D0,     0000011P   7315
-61.34849227724634D0,240.7821947872342D0,1938.509541382442D0,    0000011P   7316
-59.00701637253682D0,240.9386331551704D0,1946.210930934492D0,    0000011P   7317
-56.65627392447555D0,241.0944289820868D0,1953.889063766157D0,    0000011P   7318
-54.30573626096697D0,241.2499377639796D0,1961.593417516747D0,    0000011P   7319
-51.94166777159072D0,241.4058234385466D0,1969.263757741687D0,    0000011P   7320
-49.58499861279451D0,241.5640420772231D0,1976.995772358829D0,    0000011P   7321
-47.20517017083699D0,241.7248858760175D0,1984.507273892218D0,    0000011P   7322
-44.89957492332741D0,241.8993718767439D0,1992.904891230915D0,    0000011P   7323
-42.29732347958208D0,242.0686884181409D0,1997.443982105931D0,    0000011P   7324
-40.96855380746907D0,242.3140859625195D0,2011.619623412714D0,    0000011P   7325
-36.41763576081952D0,242.3697298142632D0,2022.428234221844D0,    0000011P   7326
-32.96036317560031D0,242.4541467346399D0,2033.845407610286D0,    0000011P   7327
-29.29172682202891D0,242.5304590199405D0,2045.03731601738D0,     0000011P   7328
-25.68646185511856D0,242.6124591912334D0,2056.302913259894D0,    0000011P   7329
-22.04576938493191D0,242.6971181259193D0,2067.526964214871D0,    0000011P   7330
-18.40661536312625D0,242.7848951373941D0,2078.758290906997D0,    0000011P   7331
-14.75175167570376D0,242.873040420139D0,2089.993153982171D0,     0000011P   7332
-11.08161530315761D0,242.9615276016926D0,2101.212084344043D0,    0000011P   7333
-7.400816003959397D0,243.048670351897D0,2112.393747801473D0,     0000011P   7334
-3.714678873916125D0,243.1340541455549D0,2119.85946330229D0,     0000011P   7335
-1.240027758557226D0,243.1895183132071D0,2123.588601261246D0,    0000011P   7336
1.262184801120725D-14,243.2168003235508D0,-199.9999999999999D0,  0000011P   7337
-170.5750484025532D0,241.3346885453419D0,-183.3256193466387D0,   0000011P   7338
-173.4044287840364D0,241.0785941655875D0,-149.9779635750904D0,   0000011P   7339
-179.1251175648927D0,240.5656486759249D0,-105.5545353420039D0,   0000011P   7340
-186.9054089967962D0,239.8923184429156D0,-66.63739269429766D0,   0000011P   7341
-193.8333649174299D0,239.3199712969843D0,-33.32886749393022D0,   0000011P   7342
-199.846652639612D0,238.825677939192D0,5.571444558008134D0,      0000011P   7343
-206.9723432908099D0,238.2257552118777D0,50.00916267209512D0,    0000011P   7344
-215.2715434280065D0,237.4834479569565D0,100.0016843818642D0,    0000011P   7345
-224.7073585417805D0,236.6315505498562D0,149.9739210112946D0,    0000011P   7346
-234.1243073251228D0,235.8225367508406D0,199.9837306502209D0,    0000011P   7347
-243.3687423839054D0,235.0572742096845D0,249.9423701489525D0,    0000011P   7348
-252.2595959158714D0,234.3349576296592D0,294.4230360961694D0,    0000011P   7349
-259.7494268260157D0,233.7448192584188D0,333.2786644652119D0,    0000011P   7350
-265.8951325526203D0,233.2754943232204D0,366.6145655691011D0,    0000011P   7351
-270.8576079344691D0,232.9065390905168D0,399.9799231537375D0,    0000011P   7352
-275.4755441995378D0,232.5714240360164D0,433.2789472798389D0,    0000011P   7353
-279.6979046000474D0,232.2699672209865D0,466.6132569446535D0,    0000011P   7354
-283.5223384319956D0,231.9953440560452D0,499.9837773165427D0,    0000011P   7355
-286.9290173503543D0,231.7395401018819D0,533.2905082130903D0,    0000011P   7356
-289.8917254207709D0,231.494857320137D0,566.6207424583929D0,     0000011P   7357
-292.3849294076155D0,231.2773361628128D0,605.5447210513672D0,    0000011P   7358
-294.7027041305059D0,231.0737350839497D0,649.9732119029796D0,    0000011P   7359
-296.4435798764792D0,230.9392684151106D0,699.9992291018712D0,    0000011P   7360
-297.1449267771008D0,230.8964110361889D0,750.0106646125505D0,    0000011P   7361
-296.5482536280534D0,230.9365345777448D0,800.0124820350724D0,    0000011P   7362
-294.7200234960845D0,231.0599972196684D0,850.0558084800173D0,    0000011P   7363
-291.7189392403406D0,231.2672561199997D0,900.0192110423809D0,    0000011P   7364
-287.640318375194D0,231.5161106601755D0,950.0671907467056D0,     0000011P   7365
-282.5541334271475D0,231.764150513067D0,1000.0258004777D0,       0000011P   7366
-276.5561419385281D0,232.0759980560155D0,1050.067355536975D0,    0000011P   7367
-269.7006101043961D0,232.5161212052022D0,1100.027054474671D0,    0000011P   7368
-262.0813029839871D0,232.9950732927639D0,1150.069720537488D0,    0000011P   7369
-253.740742402097D0,233.4224995903754D0,1200.021193845139D0,     0000011P   7370
-244.7587009416833D0,233.8943868391535D0,1250.096881197909D0,    0000011P   7371
-235.1430447740002D0,234.5060455672273D0,1300.022031124324D0,    0000011P   7372
-224.9862650106201D0,235.1716507998408D0,1350.066438296162D0,    0000011P   7373
-214.269436929054D0,235.8038025200942D0,1400.027435313761D0,     0000011P   7374
-203.0869253389558D0,236.439331730473D0,1450.062147755953D0,     0000011P   7375
-191.4497028375392D0,237.1134969814569D0,1500.021145227486D0,    0000011P   7376
-179.4331178124209D0,237.8103533235271D0,1550.073988389318D0,    0000011P   7377
-167.0306231800292D0,238.5121825777139D0,1600.02054532043D0,     0000011P   7378
-154.3288794428984D0,239.2341671076223D0,1650.053713448093D0,    0000011P   7379
-141.3097718429885D0,239.9902147390594D0,1700.021826217597D0,    0000011P   7380
-127.998371628245D0,240.744699588016D0,1750.088314464716D0,      0000011P   7381
-114.3203593304079D0,241.4603423816936D0,1785.105815808799D0,    0000011P   7382
-104.5061692925839D0,241.962748093102D0,1805.269390525446D0,     0000011P   7383
-98.77644824385033D0,242.2600795848658D0,1810.537501657957D0,    0000011P   7384
-97.27568417264762D0,242.3382083482807D0,1815.804095394419D0,    0000011P   7385
-95.77116815972454D0,242.416673447459D0,1821.093658678849D0,     0000011P   7386
-94.25655131013157D0,242.4955853723711D0,1826.339733476958D0,    0000011P   7387
-92.75088129636436D0,242.574908028933D0,1831.61737459032D0,      0000011P   7388
-91.2316362964074D0,242.6544855957528D0,1836.876548299611D0,     0000011P   7389
-89.7142612622702D0,242.7344745378728D0,1842.158621749979D0,     0000011P   7390
-88.18630166953857D0,242.8147960453292D0,1847.416952897054D0,    0000011P   7391
-86.66153034474236D0,242.8954628767808D0,1852.666970739285D0,    0000011P   7392
-85.13500822599605D0,242.9764403397392D0,1857.943868120035D0,    0000011P   7393
-83.59636157258852D0,243.0574978629422D0,1863.185894293611D0,    0000011P   7394
-82.06433693818477D0,243.1395596572675D0,1868.479080250746D0,    0000011P   7395
-80.5129644021518D0,243.2194635215977D0,1873.703228023351D0,     0000011P   7396
-78.97805559646002D0,243.2997844703044D0,1878.991785834422D0,    0000011P   7397
-77.41947939726379D0,243.3805485475373D0,1884.222787029687D0,    0000011P   7398
-75.87386043980924D0,243.4618554349746D0,1889.486565087937D0,    0000011P   7399
-74.31421077084985D0,243.5437176412688D0,1894.748893302266D0,    0000011P   7400
-72.7504198290477D0,243.6261421274373D0,1900.827099353836D0,     0000011P   7401
-70.93887575380664D0,243.7222357149294D0,1907.718039290874D0,    0000011P   7402
-68.87789657472762D0,243.8325507353119D0,1915.400566601241D0,    0000011P   7403
-66.5697536151358D0,243.9569676937028D0,1923.112928425803D0,     0000011P   7404
-64.24308410684984D0,244.0820725891979D0,1930.813737517735D0,    0000011P   7405
-61.90942054954628D0,244.207266880632D0,1938.512425932771D0,     0000011P   7406
-59.5674458419613D0,244.3325918176689D0,1946.214276019229D0,     0000011P   7407
-57.21559524101573D0,244.4578298779872D0,1953.892359783316D0,    0000011P   7408
-54.86318429183204D0,244.5831684375882D0,1961.596774162181D0,    0000011P   7409
-52.49596998093015D0,244.7090416194843D0,1969.265946883483D0,    0000011P   7410
-50.13490030059003D0,244.8369172432666D0,1976.998441003431D0,    0000011P   7411
-47.74865434002089D0,244.9669320402119D0,1984.503691148273D0,    0000011P   7412
-45.43580093268192D0,245.1078025403363D0,1992.919839386658D0,    0000011P   7413
-42.81953186391657D0,245.2443825831755D0,1997.391822946077D0,    0000011P   7414
-41.49179556877449D0,245.4415103598887D0,2011.767415391387D0,    0000011P   7415
-36.88923755511627D0,245.4865078456105D0,2022.702210000733D0,    0000011P   7416
-33.39374412093767D0,245.5542963253727D0,2034.261275221867D0,    0000011P   7417
-29.68210682423705D0,245.615441782213D0,2045.590474487755D0,     0000011P   7418
-26.03330425898291D0,245.6810042722984D0,2056.9957146892D0,      0000011P   7419
-22.34712136745144D0,245.7485867380449D0,2068.359384195546D0,    0000011P   7420
-18.66116497656795D0,245.8185827956323D0,2079.731424540517D0,    0000011P   7421
-14.95800642236545D0,245.8888188146574D0,2091.107579105194D0,    0000011P   7422
-11.23817009134504D0,245.9592999055237D0,2102.468117507117D0,    0000011P   7423
-7.506416371895066D0,246.0287032112338D0,2113.79118878476D0,     0000011P   7424
-3.768231828183715D0,246.0967233224001D0,2121.351521428276D0,    0000011P   7425
-1.25800054349463D0,246.1409368627596D0,2125.127947961607D0,     0000011P   7426
1.262184801120725D-14,246.1626963177417D0,-199.9999999999999D0,  0000011P   7427
-171.6740969791267D0,245.4890564018994D0,-183.3255136037099D0,   0000011P   7428
-174.4972740255177D0,245.3041686296633D0,-149.9775941008983D0,   0000011P   7429
-180.2008049841161D0,244.9329810108499D0,-105.554617973172D0,    0000011P   7430
-187.9416808739014D0,244.4303567031867D0,-66.63732986432315D0,   0000011P   7431
-194.820533491267D0,243.9819620078491D0,-33.32862785627894D0,    0000011P   7432
-200.7852375652825D0,243.5937071558733D0,5.571331386973287D0,    0000011P   7433
-207.8512668876641D0,243.1376508764042D0,50.00927353657583D0,    0000011P   7434
-216.0841309130828D0,242.6168485882386D0,100.0018127548723D0,    0000011P   7435
-225.4388972025755D0,242.0257928058783D0,149.9732967296401D0,    0000011P   7436
-234.7593662990823D0,241.4238160380591D0,199.9840612765506D0,    0000011P   7437
-243.9024600234587D0,240.8418016959985D0,249.9416720366077D0,    0000011P   7438
-252.6971449348595D0,240.3093445838528D0,294.4233396618176D0,    0000011P   7439
-260.109500885766D0,239.8656633167893D0,333.2781775586598D0,     0000011P   7440
-266.1951110291292D0,239.4879523088867D0,366.6137274181767D0,    0000011P   7441
-271.112542140434D0,239.1810821406396D0,399.9803235795387D0,     0000011P   7442
-275.6928309985293D0,238.9003059301803D0,433.2781835252603D0,    0000011P   7443
-279.8856906133818D0,238.6542813787459D0,466.6128205264319D0,    0000011P   7444
-283.6879459741638D0,238.4437396721827D0,499.9840518255015D0,    0000011P   7445
-287.0786946841183D0,238.2685187320651D0,533.2898471414926D0,    0000011P   7446
-290.0305512352408D0,238.128655871537D0,566.6202846828857D0,     0000011P   7447
-292.5171518604274D0,238.0173954499534D0,605.5449835559617D0,    0000011P   7448
-294.8310206010928D0,237.9129910693665D0,649.9727004828224D0,    0000011P   7449
-296.5711593156203D0,237.8187689755937D0,699.999257435635D0,     0000011P   7450
-297.2748736471194D0,237.7641024916444D0,750.0110625230637D0,    0000011P   7451
-296.6818088957718D0,237.777190810672D0,800.0121701373655D0,     0000011P   7452
-294.8589024820953D0,237.824346564938D0,850.0566586857419D0,     0000011P   7453
-291.8652323750033D0,237.8718992403071D0,900.0186458735259D0,    0000011P   7454
-287.799715921243D0,237.9885420245644D0,950.068602333734D0,      0000011P   7455
-282.7355124808588D0,238.2432362797395D0,1000.025121652752D0,    0000011P   7456
-276.7640164903507D0,238.5411874167268D0,1050.068658985119D0,    0000011P   7457
-269.9343580896732D0,238.7867720391475D0,1100.026456141115D0,    0000011P   7458
-262.3487680289179D0,239.0705760693311D0,1150.070809891365D0,    0000011P   7459
-254.0573136667826D0,239.4833790138573D0,1200.020505682145D0,    0000011P   7460
-245.1294978704733D0,239.9489734119294D0,1250.098545933479D0,    0000011P   7461
-235.5615300936898D0,240.3897627137614D0,1300.021251487541D0,    0000011P   7462
-225.4507356751971D0,240.8353131512717D0,1350.067891566184D0,    0000011P   7463
-214.781098600066D0,241.3145349221336D0,1400.02683242702D0,      0000011P   7464
-203.6440377952027D0,241.8240550266825D0,1450.063104843602D0,    0000011P   7465
-192.0460190929001D0,242.3591389722859D0,1500.020529430975D0,    0000011P   7466
-180.0605664402991D0,242.9001439904106D0,1550.075495696121D0,    0000011P   7467
-167.6777946133019D0,243.4260323552108D0,1600.01991337504D0,     0000011P   7468
-154.9814115119429D0,243.9378534890284D0,1650.054732893256D0,    0000011P   7469
-141.9485221887347D0,244.4356777160785D0,1700.021073655933D0,    0000011P   7470
-128.6206970215145D0,244.958752895162D0,1750.090307490421D0,     0000011P   7471
-114.9384752968305D0,245.5454519071142D0,1785.106142957361D0,    0000011P   7472
-105.1186435599759D0,245.9667848857513D0,1805.26926904424D0,     0000011P   7473
-99.380751095813D0,246.2006589847846D0,1810.537150322624D0,      0000011P   7474
-97.87765127551576D0,246.2614165001911D0,1815.803816577974D0,    0000011P   7475
-96.37062548362377D0,246.3217986978367D0,1821.093453208292D0,    0000011P   7476
-94.85326226368451D0,246.3819421493021D0,1826.338761484777D0,    0000011P   7477
-93.34492577993619D0,246.4418734861829D0,1831.616676558255D0,    0000011P   7478
-91.82279026188921D0,246.5015295477904D0,1836.875526620651D0,    0000011P   7479
-90.30256338134802D0,246.5610813853742D0,1842.157678057992D0,    0000011P   7480
-88.77163692359753D0,246.6205235958819D0,1847.415592402813D0,    0000011P   7481
-87.2440214778658D0,246.6799194509354D0,1852.665345073542D0,     0000011P   7482
-85.71473646304891D0,246.7392966351564D0,1857.94264669144D0,     0000011P   7483
-84.173285504608D0,246.7985359236059D0,1863.184239424533D0,      0000011P   7484
-82.63872715363971D0,246.858384177444D0,1868.477974718558D0,     0000011P   7485
-81.08473607687844D0,246.9165234488033D0,1873.70148213893D0,     0000011P   7486
-79.54769060638751D0,246.974938702177D0,1878.990800288546D0,     0000011P   7487
-77.98689284444673D0,247.0337031719902D0,1884.22158843946D0,     0000011P   7488
-76.43954626077239D0,247.0929453240384D0,1889.485682871829D0,    0000011P   7489
-74.87829229496877D0,247.152728240281D0,1894.748477927196D0,     0000011P   7490
-73.31320018738325D0,247.2131108437874D0,1900.827203536508D0,    0000011P   7491
-71.50058157351919D0,247.2837876534185D0,1907.718406161614D0,    0000011P   7492
-69.4390296561228D0,247.3654048114013D0,1915.401207244484D0,     0000011P   7493
-67.13087714966792D0,247.4580168421596D0,1923.11393700581D0,     0000011P   7494
-64.80427472917592D0,247.5516313071616D0,1930.815486807892D0,    0000011P   7495
-62.47063868012981D0,247.6457335198857D0,1938.514436728347D0,    0000011P   7496
-60.12834390198366D0,247.7402886317098D0,1946.216607999806D0,    0000011P   7497
-57.77551395622968D0,247.8350677114285D0,1953.894546784195D0,    0000011P   7498
-55.42131508492292D0,247.9301454955032D0,1961.598982699588D0,    0000011P   7499
-53.05100335123825D0,248.0257817727155D0,1969.267019028963D0,    0000011P   7500
-50.68555106300253D0,248.1230115912672D0,1977.000107349973D0,    0000011P   7501
-48.2928814920902D0,248.2218716981588D0,1984.499317774157D0,     0000011P   7502
-45.97274630752493D0,248.3288335920627D0,1992.934318932837D0,    0000011P   7503
-43.34242495039203D0,248.4324720937668D0,1997.339608150483D0,    0000011P   7504
-42.01568568772724D0,248.5812731266053D0,2011.915635974521D0,    0000011P   7505
-37.3614556996482D0,248.6157228169156D0,2022.977136545657D0,     0000011P   7506
-33.82771158223109D0,248.6670788420144D0,2034.678691824386D0,    0000011P   7507
-30.07304117233194D0,248.7133443955589D0,2046.145852624876D0,    0000011P   7508
-26.38066475384081D0,248.762832093282D0,2057.691475299539D0,     0000011P   7509
-22.64894935221386D0,248.813761967082D0,2069.195568097605D0,     0000011P   7510
-18.91614092061076D0,248.8664469603892D0,2080.709188449405D0,    0000011P   7511
-15.16462849606173D0,248.919274642383D0,2092.227558858785D0,     0000011P   7512
-11.39502212204222D0,248.9722666307984D0,2103.73068404475D0,     0000011P   7513
-7.612231067823644D0,249.024448566266D0,2115.196192662963D0,     0000011P   7514
-3.821901616901774D0,249.0756091796745D0,2122.851860238712D0,    0000011P   7515
-1.276014281814728D0,249.1088889725295D0,2126.675941499775D0,    0000011P   7516
1.262184801120725D-14,249.1252770052801D0,-199.9999999999999D0,  0000011P   7517
-172.776019902732D0,249.685630394049D0,-183.325407860781D0,      0000011P   7518
-175.5940343042868D0,249.5757793188067D0,-149.9772246267064D0,   0000011P   7519
-181.2816035793886D0,249.3509112649982D0,-105.5547006043403D0,   0000011P   7520
-188.9851750428292D0,249.0360428150441D0,-66.6372670343486D0,    0000011P   7521
-195.8192472441634D0,248.7485518162939D0,-33.32838821862734D0,   0000011P   7522
-201.7378928021886D0,248.4938843986491D0,5.571218215938935D0,    0000011P   7523
-208.7424683743406D0,248.1865585363137D0,50.00938440105676D0,    0000011P   7524
-216.8953672343545D0,247.8216966434862D0,100.0019411278801D0,    0000011P   7525
-226.1523018555949D0,247.4107095578548D0,149.9726724479854D0,    0000011P   7526
-235.3722533238362D0,247.0170566568469D0,199.9843919028803D0,    0000011P   7527
-244.4135127981371D0,246.6194875263866D0,249.9409739242632D0,    0000011P   7528
-253.1058906996614D0,246.1959786494735D0,294.4236432274659D0,    0000011P   7529
-260.4359196456687D0,245.8510540925545D0,333.277690652107D0,     0000011P   7530
-266.4617116468515D0,245.6114660328608D0,366.6128892672512D0,    0000011P   7531
-271.3358038702737D0,245.4370878165103D0,399.9807240053393D0,    0000011P   7532
-275.8799923919593D0,245.2817979429591D0,433.2774197706833D0,    0000011P   7533
-280.0431200952458D0,245.1333938117467D0,466.6123841082131D0,    0000011P   7534
-283.8216461590354D0,244.9935294041218D0,499.984326334461D0,     0000011P   7535
-287.1940491349667D0,244.8632394420555D0,533.2891860698871D0,    0000011P   7536
-290.1322284554714D0,244.7437008180679D0,566.619826907366D0,     0000011P   7537
-292.6096078742627D0,244.6449265197016D0,605.5452460605538D0,    0000011P   7538
-294.9174778383651D0,244.5654861113735D0,649.9721890627134D0,    0000011P   7539
-296.6568844380528D0,244.542421755311D0,699.9992857694317D0,     0000011P   7540
-297.3642510876987D0,244.5641392625597D0,750.0114604333967D0,    0000011P   7541
-296.7754073012127D0,244.5891805699465D0,800.011858239536D0,     0000011P   7542
-294.9595643582029D0,244.6154096259046D0,850.0575088921419D0,    0000011P   7543
-291.9779775751502D0,244.6406948040365D0,900.018080705132D0,     0000011P   7544
-287.9291128201846D0,244.72051873522D0,950.0700139182375D0,      0000011P   7545
-282.8852476213089D0,244.9105815426095D0,1000.024442826081D0,    0000011P   7546
-276.9407418279297D0,245.1472628709804D0,1050.069962442718D0,    0000011P   7547
-270.1469515898664D0,245.3663571230309D0,1100.025857814017D0,    0000011P   7548
-262.6032045505338D0,245.5823645090744D0,1150.071899209846D0,    0000011P   7549
-254.3556771096384D0,245.8096335521863D0,1200.019817494974D0,    0000011P   7550
-245.4759889545155D0,246.0607907774593D0,1250.100210801572D0,    0000011P   7551
-235.9611490011724D0,246.3479281471466D0,1300.020471941277D0,    0000011P   7552
-225.9057457559222D0,246.6647761624939D0,1350.069344340024D0,    0000011P   7553
-215.2890519782507D0,247.0044874580504D0,1400.026229201352D0,    0000011P   7554
-204.1960050867098D0,247.3259845062835D0,1450.064063788741D0,    0000011P   7555
-192.6250089914222D0,247.5870945905598D0,1500.019914903258D0,    0000011P   7556
-180.6616819026797D0,247.875905782979D0,1550.076996050824D0,     0000011P   7557
-168.3067966196166D0,248.2801480145201D0,1600.019276680944D0,    0000011P   7558
-155.6347673801553D0,248.7172683408533D0,1650.055778354497D0,    0000011P   7559
-142.6115328339093D0,249.1036055343551D0,1700.020338864056D0,    0000011P   7560
-129.2780150555132D0,249.4504354107292D0,1750.092203138201D0,    0000011P   7561
-115.5723656363987D0,249.768342770431D0,1785.106394375124D0,     0000011P   7562
-105.7305491177418D0,249.9942174616293D0,1805.269173354601D0,    0000011P   7563
-99.97997086031846D0,250.1321532632594D0,1810.536854648073D0,    0000011P   7564
-98.47358507594571D0,250.1686141894954D0,1815.80362552318D0,     0000011P   7565
-96.96331477361638D0,250.2054533189422D0,1821.093368726371D0,    0000011P   7566
-95.44267183887133D0,250.2427352068954D0,1826.337943728789D0,    0000011P   7567
-93.93132283118771D0,250.2804511127359D0,1831.616164924977D0,    0000011P   7568
-92.40612393509821D0,250.3185324385834D0,1836.874721312568D0,    0000011P   7569
-90.88303144569858D0,250.3570667240004D0,1842.156977412929D0,    0000011P   7570
-89.34926936146918D0,250.396023874951D0,1847.414497229963D0,     0000011P   7571
-87.81907193783275D0,250.4354195781257D0,1852.664001496534D0,    0000011P   7572
-86.28740297796325D0,250.4752457973614D0,1857.941717506265D0,    0000011P   7573
-84.74362937699054D0,250.5153965561478D0,1863.182879235358D0,    0000011P   7574
-83.2071075869392D0,250.5563432680329D0,1868.47715747902D0,      0000011P   7575
-81.65114276540744D0,250.5965141405042D0,1873.700008230627D0,    0000011P   7576
-80.11266584804787D0,250.6372059902824D0,1878.99005936744D0,     0000011P   7577
-78.55039806676211D0,250.6784411441728D0,1884.220594982298D0,    0000011P   7578
-77.00210762923301D0,250.720278754194D0,1889.484953051185D0,     0000011P   7579
-75.440051271412D0,250.7627343777172D0,1894.748147858555D0,      0000011P   7580
-73.87446393882811D0,250.8058208019695D0,1900.827297502135D0,    0000011P   7581
-72.06169179084483D0,250.856451828852D0,1907.718627410192D0,     0000011P   7582
-70.00057402314266D0,250.915142878395D0,1915.401527818209D0,     0000011P   7583
-67.69347902550513D0,250.9819495276664D0,1923.114441245332D0,    0000011P   7584
-65.36794254008123D0,251.0495865487596D0,1930.81655068621D0,     0000011P   7585
-63.03525669288268D0,251.1175990998984D0,1938.515597263572D0,    0000011P   7586
-60.69348043880363D0,251.1858522242758D0,1946.217954117594D0,    0000011P   7587
-58.34041769862981D0,251.254081571904D0,1953.895654589146D0,     0000011P   7588
-55.9850774660711D0,251.322225229806D0,1961.600074000457D0,      0000011P   7589
-53.6122069356795D0,251.3903446426339D0,1969.267004213051D0,     0000011P   7590
-51.24279478555093D0,251.459018077302D0,1977.000798349259D0,     0000011P   7591
-48.84400052494726D0,251.528158286635D0,1984.494175029134D0,     0000011P   7592
-46.51675071317885D0,251.6019677280638D0,1992.948342469904D0,    0000011P   7593
-43.87240450179504D0,251.6727181937296D0,1997.287339215143D0,    0000011P   7594
-42.54655088648696D0,251.7725688354593D0,2012.06427363737D0,     0000011P   7595
-37.84042830305387D0,251.795326964871D0,2023.252988291465D0,     0000011P   7596
-34.26813953166446D0,251.8287559058365D0,2035.097615767016D0,    0000011P   7597
-30.47005180926897D0,251.8582039205065D0,2046.703390744108D0,    0000011P   7598
-26.73362925430407D0,251.8892426650391D0,2058.390115521473D0,    0000011P   7599
-22.95582312003084D0,251.9207157416743D0,2070.035414712936D0,    0000011P   7600
-19.17552063046836D0,251.9528619019525D0,2081.691458130153D0,    0000011P   7601
-15.37493066826907D0,251.984636395495D0,2093.352943884438D0,     0000011P   7602
-11.55475107850774D0,252.0160838282282D0,2104.999608280981D0,    0000011P   7603
-7.720042155963892D0,252.0465848192698D0,2116.608556077343D0,    0000011P   7604
-3.876612048085884D0,252.0760287206441D0,2124.360257074214D0,    0000011P   7605
-1.294382781727837D0,252.0948758503219D0,2128.232349370861D0,    0000011P   7606
1.262184801120725D-14,252.1040788899421D0,-199.9999999999999D0,  0000011P   7607
-173.8666167084409D0,253.8697247744915D0,-183.3253021178522D0,   0000011P   7608
-176.6708788845579D0,253.7978712261348D0,-149.9768551525145D0,   0000011P   7609
-182.3278731437866D0,253.6557187521678D0,-105.5547832355086D0,   0000011P   7610
-189.9828902733987D0,253.4747823554887D0,-66.63720420437417D0,   0000011P   7611
-196.7693631054353D0,253.3259326997459D0,-33.32814858097601D0,   0000011P   7612
-202.6429591543646D0,253.1997502458031D0,5.571105044904285D0,    0000011P   7613
-209.5896279242978D0,253.0479474490096D0,50.00949526553767D0,    0000011P   7614
-217.6676749005841D0,252.8599058082996D0,100.0020695008883D0,    0000011P   7615
-226.8324020903863D0,252.6545157195184D0,149.9720481663308D0,    0000011P   7616
-235.9557719981541D0,252.4810707849624D0,199.9847225292097D0,    0000011P   7617
-244.8996216780904D0,252.3267264331277D0,249.9402758119183D0,    0000011P   7618
-253.4967798261291D0,252.1782446284258D0,294.4239467931142D0,    0000011P   7619
-260.7472677251465D0,252.0340800817572D0,333.2772037455548D0,    0000011P   7620
-266.7088482891207D0,251.886238617944D0,366.6120511163267D0,     0000011P   7621
-271.5336973745096D0,251.7593303806074D0,399.98112443114D0,      0000011P   7622
-276.0362743619403D0,251.646713249326D0,433.2766560161044D0,     0000011P   7623
-280.1670745049016D0,251.5626349734575D0,466.611947689991D0,     0000011P   7624
-283.9211871735683D0,251.4980963915182D0,499.9846008434196D0,    0000011P   7625
-287.2754737884833D0,251.4438435046478D0,533.2885249982897D0,    0000011P   7626
-290.2001230785251D0,251.3907191090505D0,566.619369131859D0,     0000011P   7627
-292.6682311938189D0,251.3446884448114D0,605.5455085651488D0,    0000011P   7628
-294.969679577444D0,251.3061588854509D0,649.9716776425562D0,     0000011P   7629
-296.7071593138826D0,251.2936797076192D0,699.9993141031956D0,    0000011P   7630
-297.416813794719D0,251.3017842315977D0,750.0118583439106D0,     0000011P   7631
-296.8317445458611D0,251.3112839956173D0,800.0115463418296D0,    0000011P   7632
-295.0229626461381D0,251.3227666689029D0,850.0583590978644D0,    0000011P   7633
-292.0534268174735D0,251.3368260052017D0,900.0175155362756D0,    0000011P   7634
-288.0211780823827D0,251.3652285569104D0,950.0714255052735D0,    0000011P   7635
-282.9976388826428D0,251.4197943668456D0,1000.023764001138D0,    0000011P   7636
-277.078836611854D0,251.4970735512866D0,1050.071265890834D0,     0000011P   7637
-270.3170502740799D0,251.593498895941D0,1100.025259480442D0,     0000011P   7638
-262.8127426709372D0,251.705420925564D0,1150.072988563836D0,     0000011P   7639
-254.6122614841526D0,251.8290689176939D0,1200.019129332055D0,    0000011P   7640
-245.7852708300315D0,251.9669648171458D0,1250.101875536726D0,    0000011P   7641
-236.3254810190828D0,252.1213286349978D0,1300.019692304209D0,    0000011P   7642
-226.3233871893087D0,252.2761324519096D0,1350.070797611608D0,    0000011P   7643
-215.7521876328915D0,252.4149893175073D0,1400.025626315677D0,    0000011P   7644
-204.7069684484505D0,252.5883644337222D0,1450.065020870541D0,    0000011P   7645
-193.1947846822659D0,252.8465317591396D0,1500.019299102753D0,    0000011P   7646
-181.2779758057953D0,253.0859918023629D0,1550.078503379516D0,    0000011P   7647
-168.9324011427337D0,253.2022459944941D0,1600.018644750504D0,    0000011P   7648
-156.2533610546818D0,253.2965459813104D0,1650.056797717742D0,    0000011P   7649
-143.2259698345579D0,253.4703375704673D0,1700.019586246442D0,    0000011P   7650
-129.8903690737973D0,253.6756082891567D0,1750.094196470524D0,    0000011P   7651
-116.1821991337254D0,253.8637644133948D0,1785.106721762142D0,    0000011P   7652
-106.3355588936756D0,254.0034364367787D0,1805.269051792184D0,    0000011P   7653
-100.5798755369748D0,254.0923373055103D0,1810.536503137479D0,    0000011P   7654
-99.07206581084104D0,254.1159414106915D0,1815.803346430396D0,    0000011P   7655
-97.56028896324483D0,254.139836010306D0,1821.093162874853D0,     0000011P   7656
-96.03797529341303D0,254.1639904486488D0,1826.33697125096D0,     0000011P   7657
-94.5250888277543D0,254.1883374181702D0,1831.615466305992D0,     0000011P   7658
-92.9981627775162D0,254.2127796890826D0,1836.873698952313D0,     0000011P   7659
-91.47339713277836D0,254.2372980945455D0,1842.156032955652D0,    0000011P   7660
-89.93784317690925D0,254.2618146548238D0,1847.413135900295D0,    0000011P   7661
-88.40595390321872D0,254.2862742769609D0,1852.662374942569D0,    0000011P   7662
-86.87263257085134D0,254.3106100092931D0,1857.940495157473D0,    0000011P   7663
-85.32710441629814D0,254.3347059290229D0,1863.181223438411D0,    0000011P   7664
-83.78901886420429D0,254.3587348073704D0,1868.476051039075D0,    0000011P   7665
-82.23130663472443D0,254.3818478124625D0,1873.698261489825D0,    0000011P   7666
-80.69144633879296D0,254.4046304185312D0,1878.989073051306D0,    0000011P   7667
-79.12757340962595D0,254.4270308500466D0,1884.219395746162D0,    0000011P   7668
-77.57801586456536D0,254.4490157505345D0,1889.484070355224D0,    0000011P   7669
-76.01464080760235D0,254.4705299580621D0,1894.747732214878D0,    0000011P   7670
-74.44784396114022D0,254.4915169292985D0,1900.827401716978D0,    0000011P   7671
-72.63385688271831D0,254.5151408092942D0,1907.718994739458D0,    0000011P   7672
-70.57163005797025D0,254.5409916276919D0,1915.402169469265D0,    0000011P   7673
-68.26349818834918D0,254.5687013513318D0,1923.115451413373D0,    0000011P   7674
-65.93665018910808D0,254.5953619936564D0,1930.818302134545D0,    0000011P   7675
-63.60233755452282D0,254.6210627904457D0,1938.517610736389D0,    0000011P   7676
-61.25838682266296D0,254.6460529095201D0,1946.22028920239D0,     0000011P   7677
-58.90236580134324D0,254.6705168149205D0,1953.897844988125D0,    0000011P   7678
-56.5432097636637D0,254.6947401770432D0,1961.602286055743D0,     0000011P   7679
-54.16524056328893D0,254.7190703292224D0,1969.268079781081D0,    0000011P   7680
-51.78954677631928D0,254.7441129898962D0,1977.002467766908D0,    0000011P   7681
-49.38260767713945D0,254.7701411505256D0,1984.48980407756D0,     0000011P   7682
-47.04660824308191D0,254.799572460111D0,1992.962823451934D0,     0000011P   7683
-44.38707086389543D0,254.8288599149588D0,1997.23512459002D0,     0000011P   7684
-43.06153395518197D0,254.874720208845D0,2012.212492907231D0,     0000011P   7685
-38.30347741100336D0,254.8838932108045D0,2023.527911923181D0,    0000011P   7686
-34.69296979752762D0,254.8997324115036D0,2035.515027623326D0,    0000011P   7687
-30.85213163882215D0,254.9146371595277D0,2047.258762080025D0,    0000011P   7688
-27.07264834168937D0,254.9313074451686D0,2059.085867064689D0,    0000011P   7689
-23.25003284101451D0,254.9490797347169D0,2070.871587082093D0,    0000011P   7690
-19.42379108549518D0,254.9679878815309D0,2082.669207851574D0,    0000011P   7691
-15.57592925722521D0,254.987424109383D0,2094.472906618278D0,     0000011P   7692
-11.70721045669788D0,255.0073253060987D0,2106.262154799927D0,    0000011P   7693
-7.822823458019992D0,255.0272963629917D0,2118.013536782341D0,    0000011P   7694
-3.928715726411641D0,255.0471965469307D0,2125.860570512091D0,    0000011P   7695
-1.311867014168948D0,255.0603205285166D0,2129.780316414553D0,    0000011P   7696
1.262184801120725D-14,255.0668200945057D0,-200.0D0,              0000011P   7697
-174.5970413333494D0,256.6923625531016D0,-183.3252316225663D0,   0000011P   7698
-177.3959345764891D0,256.661764869098D0,-149.9766088363862D0,    0000011P   7699
-183.0388993260259D0,256.6029115417362D0,-105.5548383229538D0,   0000011P   7700
-190.6654400351425D0,256.5338453035263D0,-66.63716231772425D0,   0000011P   7701
-197.4193263665067D0,256.4825382242603D0,-33.32798882254156D0,   0000011P   7702
-203.2604956158028D0,256.44146640271D0,5.571029597547883D0,      0000011P   7703
-210.1652991017029D0,256.3929283476859D0,50.00956917519132D0,    0000011P   7704
-218.1911547360928D0,256.3311465682301D0,100.0021550828933D0,    0000011P   7705
-227.2906595730405D0,256.2617411553302D0,149.9716319785612D0,    0000011P   7706
-236.3416021026698D0,256.2010442434855D0,199.9849429467634D0,    0000011P   7707
-245.2115038637394D0,256.1444907905553D0,249.9398104036891D0,    0000011P   7708
-253.7385183045299D0,256.0873848355114D0,294.4241491702131D0,    0000011P   7709
-260.9332123085241D0,256.0358794984065D0,333.276879141186D0,     0000011P   7710
-266.8526425194031D0,255.9900220949253D0,366.6114923490428D0,    0000011P   7711
-271.6461278763803D0,255.9525690669775D0,399.9813913816738D0,    0000011P   7712
-276.1221274385693D0,255.9193065586273D0,433.2761468463873D0,    0000011P   7713
-280.2310395712611D0,255.8925041522788D0,466.6116567445132D0,    0000011P   7714
-283.9676975867431D0,255.8703561605626D0,499.9847838493932D0,    0000011P   7715
-287.3085384413998D0,255.8509652710255D0,533.2880842838835D0,    0000011P   7716
-290.2232622266304D0,255.8324633552103D0,566.6190639481749D0,    0000011P   7717
-292.6846575213901D0,255.8167220501247D0,605.5456835682093D0,    0000011P   7718
-294.9815367399892D0,255.8037415122538D0,649.9713366958341D0,    0000011P   7719
-296.7177301741228D0,255.7996983929211D0,699.9993329924051D0,    0000011P   7720
-297.4291128478478D0,255.8027311573309D0,750.0121236174018D0,    0000011P   7721
-296.8467311783648D0,255.8062603395799D0,800.0113384098994D0,    0000011P   7722
-295.0427711222895D0,255.8102793602835D0,850.0589259023708D0,    0000011P   7723
-292.0813018868001D0,255.814783195391D0,900.01713875751D0,       0000011P   7724
-288.060732304058D0,255.8256305518916D0,950.0723665607133D0,     0000011P   7725
-283.0525679795163D0,255.848704673554D0,1000.023311449412D0,     0000011P   7726
-277.1533024562823D0,255.8794181151998D0,1050.07213486592D0,     0000011P   7727
-270.4151791334747D0,255.9131231003561D0,1100.024860598D0,       0000011P   7728
-262.9393108706533D0,255.9499247084064D0,1150.073714763601D0,    0000011P   7729
-254.7720492012033D0,255.9898931484045D0,1200.018670532031D0,    0000011P   7730
-245.9817229902106D0,256.0343329860295D0,1250.102985495798D0,    0000011P   7731
-236.5598093590815D0,256.0844524115788D0,1300.019172638809D0,    0000011P   7732
-226.596698079306D0,256.1364728309616D0,1350.07176595149D0,      0000011P   7733
-216.0641712328061D0,256.1865045093741D0,1400.025224045005D0,    0000011P   7734
-205.0516695168966D0,256.2427645204795D0,1450.065660826212D0,    0000011P   7735
-193.5595377285657D0,256.3133630127886D0,1500.018889867689D0,    0000011P   7736
-181.65988153101D0,256.3816794089276D0,1550.079501149854D0,      0000011P   7737
-169.3373738088204D0,256.4308594582994D0,1600.018218603258D0,    0000011P   7738
-156.67697481933D0,256.477378801288D0,1650.057503920637D0,       0000011P   7739
-143.6521883325079D0,256.5376870693887D0,1700.019102688701D0,    0000011P   7740
-130.3110986266018D0,256.6022773812488D0,1750.095425692649D0,    0000011P   7741
-116.5961698384245D0,256.6614776022508D0,1785.106862509852D0,    0000011P   7742
-106.7406850709548D0,256.704808566234D0,1805.268997148186D0,     0000011P   7743
-100.9772677780209D0,256.7320352739343D0,1810.536325765771D0,    0000011P   7744
-99.4673372164321D0,256.7392543983015D0,1815.803250192397D0,     0000011P   7745
-97.95335940586951D0,256.7465580829974D0,1821.093149472107D0,    0000011P   7746
-96.42872498746938D0,256.7539437230537D0,1826.336480792808D0,    0000011P   7747
-94.91361103171369D0,256.7613964910367D0,1831.615191338745D0,    0000011P   7748
-93.38435016711196D0,256.7688915939577D0,1836.873238833921D0,    0000011P   7749
-91.85731957985202D0,256.776430252111D0,1842.155652075453D0,     0000011P   7750
-90.31947014267985D0,256.7839940866986D0,1847.412499903035D0,    0000011P   7751
-88.78541540694894D0,256.7915723430694D0,1852.66157929045D0,     0000011P   7752
-87.25003300190309D0,256.799150317296D0,1857.939979368767D0,     0000011P   7753
-85.70246845772631D0,256.8066969804598D0,1863.180421178004D0,    0000011P   7754
-84.16258124692969D0,256.8142775336323D0,1868.47560847933D0,     0000011P   7755
-82.60306719749097D0,256.8216166434368D0,1873.697375362908D0,    0000011P   7756
-81.06178476998458D0,256.8289170805164D0,1878.988665880122D0,    0000011P   7757
-79.49649359795514D0,256.8361691925209D0,1884.218806208638D0,    0000011P   7758
-77.94590963796948D0,256.8433694753847D0,1889.483637867667D0,    0000011P   7759
-76.38165497216407D0,256.8505071457089D0,1894.747542430033D0,    0000011P   7760
-74.81424724031062D0,256.8575709645275D0,1900.827460736417D0,    0000011P   7761
-72.99992018016106D0,256.8656511873405D0,1907.719090581674D0,    0000011P   7762
-70.93785394290504D0,256.8746918860438D0,1915.402269646198D0,    0000011P   7763
-68.63045056965825D0,256.8846183502802D0,1923.115608667371D0,    0000011P   7764
-66.30448410564077D0,256.8943723784689D0,1930.81876824928D0,     0000011P   7765
-63.97110294653003D0,256.9039455549147D0,1938.518082812029D0,    0000011P   7766
-61.62790267507143D0,256.913382760676D0,1946.220836897222D0,     0000011P   7767
-59.27221767965788D0,256.9227072993004D0,1953.898200699486D0,    0000011P   7768
-56.91285807554176D0,256.9319761935864D0,1961.602617270163D0,    0000011P   7769
-54.53378614502152D0,256.9412669994769D0,1969.267684323877D0,    0000011P   7770
-52.15608105209273D0,256.9507433665792D0,1977.002582446268D0,    0000011P   7771
-49.74569257044748D0,256.960458075599D0,1984.486102660439D0,     0000011P   7772
-47.40556861199181D0,256.9711785334037D0,1992.972010715643D0,    0000011P   7773
-44.73726438116633D0,256.9816848358965D0,1997.200259428029D0,    0000011P   7774
-43.41280634693369D0,256.9974686280483D0,2012.311732633962D0,    0000011P   7775
-38.62054661634127D0,257.0008055035895D0,2023.712141285361D0,    0000011P   7776
-34.98465987914231D0,257.0062029638763D0,2035.794844953436D0,    0000011P   7777
-31.11515886940886D0,257.0111630503735D0,2047.631220374169D0,    0000011P   7778
-27.30656370335621D0,257.0165955745549D0,2059.552648702867D0,    0000011P   7779
-23.45344895412139D0,257.0222898438375D0,2071.432784107053D0,    0000011P   7780
-19.59575357069008D0,257.0282673778851D0,2083.325652646623D0,    0000011P   7781
-15.7153691186194D0,257.0343359816633D0,2095.225080724722D0,     0000011P   7782
-11.813122719184D0,257.0404849960236D0,2107.110359569541D0,      0000011P   7783
-7.894309316544564D0,257.0465930921698D0,2118.957723054513D0,    0000011P   7784
-3.964989771604726D0,257.0526237452931D0,2126.869026841333D0,    0000011P   7785
-1.324044590118068D0,257.0565677379444D0,2130.82090649463D0,     0000011P   7786
1.262184801120725D-14,257.058513456794D0,-200.0D0,-174.96D0,     0000011P   7787
258.1D0,-183.3251963749233D0,-177.7557956672144D0,               0000011P   7788
258.0880181172215D0,-149.9764856783222D0,-183.3910235215747D0,   0000011P   7789
258.0672586035263D0,-105.5548658666765D0,-191.0027673470417D0,   0000011P   7790
258.0512841804087D0,-66.63714137439943D0,-197.7402589230421D0,   0000011P   7791
258.0481184561995D0,-33.32790894332448D0,-203.5652667264267D0,   0000011P   7792
258.049687494077D0,5.570991873869676D0,-210.4492123404208D0,     0000011P   7793
258.0528536865951D0,50.00960613001848D0,-218.4488663145847D0,    0000011P   7794
258.053160235857D0,100.0021978738963D0,-227.5157575427602D0,     0000011P   7795
258.0518699935722D0,149.9714238846763D0,-236.5309761639078D0,    0000011P   7796
258.0517770947536D0,199.9850531555396D0,-245.364474126357D0,     0000011P   7797
258.0521228970306D0,249.939577699574D0,-253.856656220626D0,      0000011P   7798
258.0521479294973D0,294.4242503587626D0,-261.0232441334646D0,    0000011P   7799
258.0520655242909D0,333.2767168390018D0,-266.9210155491097D0,    0000011P   7800
258.0520491716143D0,366.6112129654011D0,-271.6982193882878D0,    0000011P   7801
258.0520572164675D0,399.9815248569407D0,-276.1604054611939D0,    0000011P   7802
258.0520712292453D0,433.2758922615286D0,-280.2580973176229D0,    0000011P   7803
258.0520749808687D0,466.6115112717739D0,-283.9859062145141D0,    0000011P   7804
258.0520728262496D0,499.9848753523798D0,-287.3199633655447D0,    0000011P   7805
258.0520690708243D0,533.2878639266813D0,-290.2296312902093D0,    0000011P   7806
258.0520680660186D0,566.6189113563341D0,-292.6875700919391D0,    0000011P   7807
258.052068643672D0,605.5457710697399D0,-294.9820692458488D0,     0000011P   7808
258.052069817335D0,649.9711662224668D0,-296.7175826960157D0,     0000011P   7809
258.0520699312102D0,699.9993424370057D0,-297.4298329892862D0,    0000011P   7810
258.0520694534478D0,750.0122562541706D0,-296.8487910860354D0,    0000011P   7811
258.0520694191627D0,800.01123444395D0,-295.0472440615983D0,      0000011P   7812
258.0520695471862D0,850.0592093045369D0,-292.0898300663015D0,    0000011P   7813
258.0520695563182D0,900.0169503680679D0,-288.075110333039D0,     0000011P   7814
258.0520695220312D0,950.0728370887579D0,-283.0746004223014D0,    0000011P   7815
258.0520695195497D0,1000.02308517377D0,-277.1850733842112D0,     0000011P   7816
258.0520695287465D0,1050.072569352247D0,-270.458801491752D0,     0000011P   7817
258.0520695295547D0,1100.024661155949D0,-262.9972353030292D0,    0000011P   7818
258.0520695270517D0,1150.074077868039D0,-254.8467409410796D0,    0000011P   7819
258.0520695262973D0,1200.018441135131D0,-246.0750047923665D0,    0000011P   7820
258.0520695271134D0,1250.103540458281D0,-236.6724123650549D0,    0000011P   7821
258.052069529323D0,1300.018912794462D0,-226.7289247504439D0,     0000011P   7822
258.0520695285608D0,1350.07225018528D0,-216.2152376628684D0,     0000011P   7823
258.0520695204783D0,1400.025022953282D0,-205.2195378017815D0,    0000011P   7824
258.0520695227121D0,1450.065980565022D0,-193.7403911709414D0,    0000011P   7825
258.0520695528164D0,1500.018685086887D0,-181.8515744826535D0,    0000011P   7826
258.0520695447006D0,1550.080000929632D0,-169.5389372552015D0,    0000011P   7827
258.0520694321821D0,1600.018006140707D0,-156.8853361753645D0,    0000011P   7828
258.0520694629447D0,1650.057853674287D0,-143.8615521295797D0,    0000011P   7829
258.0520698810487D0,1700.018858623182D0,-130.518553289279D0,     0000011P   7830
258.0520697715664D0,1750.096052834485D0,-116.8011232886358D0,    0000011P   7831
258.0520681928845D0,1785.106942628887D0,-106.9420623413853D0,    0000011P   7832
258.0520685144175D0,1805.26896650728D0,-101.1754010627152D0,     0000011P   7833
258.0520698725207D0,1810.536229917384D0,-99.66457780477964D0,    0000011P   7834
258.0520702706946D0,1815.803190780064D0,-98.14967025340451D0,    0000011P   7835
258.052070698041D0,1821.093127201691D0,-96.6240473298395D0,      0000011P   7836
258.0520711423964D0,1826.336215716331D0,-95.10799073576189D0,    0000011P   7837
258.0520715838222D0,1831.615029868979D0,-93.57773091747097D0,    0000011P   7838
258.0520720151658D0,1836.872980931718D0,-92.04973176836731D0,    0000011P   7839
258.0520724177256D0,1842.155430359622D0,-90.51089206504437D0,    0000011P   7840
258.0520727806092D0,1847.412147762355D0,-88.97590374703621D0,    0000011P   7841
258.0520730857549D0,1852.661145164687D0,-87.43962973779489D0,    0000011P   7842
258.0520733205403D0,1857.939683867986D0,-85.89117382350963D0,    0000011P   7843
258.0520734704229D0,1863.179982127842D0,-84.3504986097832D0,     0000011P   7844
258.0520735188367D0,1868.475350101422D0,-82.7901805876636D0,     0000011P   7845
258.05207344909D0,1873.696897301056D0,-81.24826625170398D0,      0000011P   7846
258.0520732474683D0,1878.98843081576D0,-79.68232544477192D0,     0000011P   7847
258.0520728906482D0,1884.218485042972D0,-78.1312662022054D0,     0000011P   7848
258.0520723682047D0,1889.483402013357D0,-76.56658620437227D0,    0000011P   7849
258.052071653443D0,1894.74743656022D0,-74.99886215888715D0,      0000011P   7850
258.0520707270163D0,1900.827491560884D0,-73.18432101207486D0,    0000011P   7851
258.0520693878548D0,1907.719157241714D0,-71.12223767134887D0,    0000011P   7852
258.0520674530842D0,1915.402360921805D0,-68.81503635310592D0,    0000011P   7853
258.0520649451811D0,1923.115752193843D0,-66.48930524750818D0,    0000011P   7854
258.0520622943926D0,1930.819089506719D0,-64.15615113150916D0,    0000011P   7855
258.0520597403928D0,1938.518428262934D0,-61.8130640407675D0,     0000011P   7856
258.0520575019663D0,1946.221237607296D0,-59.45727158454044D0,    0000011P   7857
258.0520557835209D0,1953.898517428107D0,-57.09753122973181D0,    0000011P   7858
258.0520547651632D0,1961.60292664545D0,-54.71763540353233D0,     0000011P   7859
258.0520545952474D0,1969.26762646749D0,-52.33866849446038D0,     0000011P   7860
258.0520553700727D0,1977.002765295448D0,-49.92632545643705D0,    0000011P   7861
258.0520572460738D0,1984.484350955959D0,-47.58394559923048D0,    0000011P   7862
258.0520599901586D0,1992.9766630276D0,-44.91111046520246D0,      0000011P   7863
258.0520647291357D0,1997.182833813836D0,-43.58710720155918D0,    0000011P   7864
258.0520670618838D0,2012.361298826734D0,-38.77771802983244D0,    0000011P   7865
258.0520795914409D0,2023.804136909881D0,-35.12915370535156D0,    0000011P   7866
258.0520918892941D0,2035.934559651161D0,-31.24536798545402D0,    0000011P   7867
258.0521067954155D0,2047.817171570724D0,-27.42229566055613D0,    0000011P   7868
258.0521235163121D0,2059.785668968179D0,-23.55403944241542D0,    0000011P   7869
258.052142264406D0,2071.712911294773D0,-19.68075209965619D0,     0000011P   7870
258.0521628769552D0,2083.65329523304D0,-15.78426520906181D0,     0000011P   7871
258.0521854339642D0,2095.600472217478D0,-11.86543522179222D0,    0000011P   7872
258.0522099872392D0,2107.533643833863D0,-7.929607486529632D0,    0000011P   7873
258.052236582371D0,2119.42886915179D0,-3.982896881514042D0,      0000011P   7874
258.0522652831539D0,2127.372218084296D0,-1.330055560950046D0,    0000011P   7875
258.0522860354832D0,2131.340118762652D0,1.262184801120725D-14,   0000011P   7876
258.0522968416011D0,0.0D0,2288.909054474272D0,0.0D0,             0000011P   7877
341.8472035295254D0;                                             0000011P   7878
128,5,51,3,3,0,0,1,0,0,0.0D0,0.0D0,0.0D0,0.0D0,                  0000013P   7879
4.155033709772763D0,8.310067419545526D0,12.46510112931829D0,     0000013P   7880
12.46510112931829D0,12.46510112931829D0,12.46510112931829D0,     0000013P   7881
0.0D0,0.0D0,0.0D0,0.0D0,50.7184332214817D0,101.4368664429634D0,  0000013P   7882
152.1971752637196D0,202.9574840844758D0,253.7637589595125D0,     0000013P   7883
304.5700338345493D0,355.3564642390008D0,406.1428946434525D0,     0000013P   7884
456.8209279506401D0,507.4989612578277D0,558.0073415670508D0,     0000013P   7885
608.515721876274D0,658.8279341107543D0,709.1401463452345D0,      0000013P   7886
759.277503557458D0,809.4148607696814D0,859.4375092113926D0,      0000013P   7887
909.4601576531039D0,959.4790667319364D0,1009.497975810769D0,     0000013P   7888
1059.621948521491D0,1109.745921232212D0,1160.038019652659D0,     0000013P   7889
1210.330118073107D0,1260.825533496078D0,1311.32094891905D0,      0000013P   7890
1362.023127153874D0,1412.725305388698D0,1463.639828899361D0,     0000013P   7891
1514.554352410023D0,1565.682663933804D0,1616.810975457584D0,     0000013P   7892
1668.142889639662D0,1719.474803821741D0,1770.996513988588D0,     0000013P   7893
1822.518224155434D0,1874.219079146367D0,1925.919934137299D0,     0000013P   7894
1977.80899834744D0,2029.69806255758D0,2081.789068434659D0,       0000013P   7895
2133.880074311739D0,2168.749401949965D0,2203.618729588191D0,     0000013P   7896
2238.488057226418D0,2273.813051223449D0,2309.13804522048D0,      0000013P   7897
2344.463039217511D0,2379.788033214542D0,2379.788033214542D0,     0000013P   7898
2379.788033214542D0,2379.788033214542D0,1.0D0,1.0D0,1.0D0,1.0D0, 0000013P   7899
1.0D0,1.0D0,1.0D0,1.0D0,1.0D0,1.0D0,1.0D0,1.0D0,1.0D0,1.0D0,     0000013P   7900
1.0D0,1.0D0,1.0D0,1.0D0,1.0D0,1.0D0,1.0D0,1.0D0,1.0D0,1.0D0,     0000013P   7901
1.0D0,1.0D0,1.0D0,1.0D0,1.0D0,1.0D0,1.0D0,1.0D0,1.0D0,1.0D0,     0000013P   7902
1.0D0,1.0D0,1.0D0,1.0D0,1.0D0,1.0D0,1.0D0,1.0D0,1.0D0,1.0D0,     0000013P   7903
1.0D0,1.0D0,1.0D0,1.0D0,1.0D0,1.0D0,1.0D0,1.0D0,1.0D0,1.0D0,     0000013P   7904
1.0D0,1.0D0,1.0D0,1.0D0,1.0D0,1.0D0,1.0D0,1.0D0,1.0D0,1.0D0,     0000013P   7905
1.0D0,1.0D0,1.0D0,1.0D0,1.0D0,1.0D0,1.0D0,1.0D0,1.0D0,1.0D0,     0000013P   7906
1.0D0,1.0D0,1.0D0,1.0D0,1.0D0,1.0D0,1.0D0,1.0D0,1.0D0,1.0D0,     0000013P   7907
1.0D0,1.0D0,1.0D0,1.0D0,1.0D0,1.0D0,1.0D0,1.0D0,1.0D0,1.0D0,     0000013P   7908
1.0D0,1.0D0,1.0D0,1.0D0,1.0D0,1.0D0,1.0D0,1.0D0,1.0D0,1.0D0,     0000013P   7909
1.0D0,1.0D0,1.0D0,1.0D0,1.0D0,1.0D0,1.0D0,1.0D0,1.0D0,1.0D0,     0000013P   7910
1.0D0,1.0D0,1.0D0,1.0D0,1.0D0,1.0D0,1.0D0,1.0D0,1.0D0,1.0D0,     0000013P   7911
1.0D0,1.0D0,1.0D0,1.0D0,1.0D0,1.0D0,1.0D0,1.0D0,1.0D0,1.0D0,     0000013P   7912
1.0D0,1.0D0,1.0D0,1.0D0,1.0D0,1.0D0,1.0D0,1.0D0,1.0D0,1.0D0,     0000013P   7913
1.0D0,1.0D0,1.0D0,1.0D0,1.0D0,1.0D0,1.0D0,1.0D0,1.0D0,1.0D0,     0000013P   7914
1.0D0,1.0D0,1.0D0,1.0D0,1.0D0,1.0D0,1.0D0,1.0D0,1.0D0,1.0D0,     0000013P   7915
1.0D0,1.0D0,1.0D0,1.0D0,1.0D0,1.0D0,1.0D0,1.0D0,1.0D0,1.0D0,     0000013P   7916
1.0D0,1.0D0,1.0D0,1.0D0,1.0D0,1.0D0,1.0D0,1.0D0,1.0D0,1.0D0,     0000013P   7917
1.0D0,1.0D0,1.0D0,1.0D0,1.0D0,1.0D0,1.0D0,1.0D0,1.0D0,1.0D0,     0000013P   7918
1.0D0,1.0D0,1.0D0,1.0D0,1.0D0,1.0D0,1.0D0,1.0D0,1.0D0,1.0D0,     0000013P   7919
1.0D0,1.0D0,1.0D0,1.0D0,1.0D0,1.0D0,1.0D0,1.0D0,1.0D0,1.0D0,     0000013P   7920
1.0D0,1.0D0,1.0D0,1.0D0,1.0D0,1.0D0,1.0D0,1.0D0,1.0D0,1.0D0,     0000013P   7921
1.0D0,1.0D0,1.0D0,1.0D0,1.0D0,1.0D0,1.0D0,1.0D0,1.0D0,1.0D0,     0000013P   7922
1.0D0,1.0D0,1.0D0,1.0D0,1.0D0,1.0D0,1.0D0,1.0D0,1.0D0,1.0D0,     0000013P   7923
1.0D0,1.0D0,1.0D0,1.0D0,1.0D0,1.0D0,1.0D0,1.0D0,1.0D0,1.0D0,     0000013P   7924
1.0D0,1.0D0,1.0D0,1.0D0,1.0D0,1.0D0,1.0D0,1.0D0,1.0D0,1.0D0,     0000013P   7925
1.0D0,1.0D0,1.0D0,1.0D0,1.0D0,1.0D0,1.0D0,1.0D0,1.0D0,1.0D0,     0000013P   7926
1.0D0,1.0D0,1.0D0,1.0D0,1.0D0,1.0D0,1.0D0,1.0D0,1.0D0,1.0D0,     0000013P   7927
1.0D0,1.0D0,1.0D0,1.0D0,1.0D0,1.0D0,1.0D0,1.0D0,1.0D0,1.0D0,     0000013P   7928
1.0D0,1.0D0,1.0D0,1.0D0,1.0D0,1.0D0,1.0D0,1.0D0,1.0D0,1.0D0,     0000013P   7929
1.0D0,1.0D0,1.0D0,1.0D0,1.0D0,1.0D0,1.0D0,1.0D0,-200.0D0,        0000013P   7930
-174.96D0,269.8D0,-200.0D0,-174.96D0,268.5D0,-200.0D0,-174.96D0, 0000013P   7931
265.8999999999999D0,-200.0D0,-174.96D0,262.0D0,-200.0D0,         0000013P   7932
-174.96D0,259.4D0,-200.0D0,-174.96D0,258.1D0,                    0000013P   7933
-183.3251944770122D0,-177.7557959945734D0,269.8D0,               0000013P   7934
-183.3251946878912D0,-177.7557959582001D0,268.4986686796913D0,   0000013P   7935
-183.3251951096492D0,-177.7557958854536D0,265.8960060390738D0,   0000013P   7936
-183.3251957422863D0,-177.7557957763339D0,261.9920120781476D0,   0000013P   7937
-183.3251961640443D0,-177.7557957035875D0,259.3893494375301D0,   0000013P   7938
-183.3251963749233D0,-177.7557956672143D0,258.0880181172214D0,   0000013P   7939
-149.9805833996513D0,-183.3903106751895D0,269.8D0,               0000013P   7940
-149.9805837489892D0,-183.3903106183361D0,268.4963620730692D0,   0000013P   7941
-149.9805844476651D0,-183.3903105046291D0,265.8890862192078D0,   0000013P   7942
-149.980585495679D0,-183.3903103340687D0,261.9781724384155D0,    0000013P   7943
-149.9805861943549D0,-183.3903102203617D0,259.3708965845541D0,   0000013P   7944
-149.9805865436928D0,-183.3903101635083D0,258.0672586576234D0,   0000013P   7945
-99.98231148666544D0,-191.9576743091894D0,269.8000000000001D0,   0000013P   7946
-99.98231142075517D0,-191.9576743234784D0,268.4943650235867D0,   0000013P   7947
-99.98231128893461D0,-191.9576743520562D0,265.8830950707599D0,   0000013P   7948
-99.98231109120376D0,-191.957674394923D0,261.9661901415196D0,    0000013P   7949
-99.98231095938323D0,-191.9576744235008D0,259.3549201886929D0,   0000013P   7950
-99.98231089347296D0,-191.9576744377897D0,258.0492852122795D0,   0000013P   7951
-49.99389755480623D0,-200.6293884341636D0,269.8D0,               0000013P   7952
-49.99389746868997D0,-200.6293884339159D0,268.4942221231156D0,   0000013P   7953
-49.99389729645747D0,-200.6293884334206D0,265.882666369347D0,    0000013P   7954
-49.99389703810871D0,-200.6293884326777D0,261.9653327386939D0,   0000013P   7955
-49.99389686587622D0,-200.6293884321823D0,259.3537769849253D0,   0000013P   7956
-49.99389677975996D0,-200.6293884319346D0,258.0479991080409D0,   0000013P   7957
0.0221866143391484D0,-209.4503392850047D0,269.8000000000001D0,   0000013P   7958
0.02218659868406815D0,-209.4503392718174D0,268.4947573164051D0,  0000013P   7959
0.02218656737390677D0,-209.450339245443D0,265.8842719492153D0,   0000013P   7960
0.02218652040866872D0,-209.4503392058813D0,261.9685438984304D0,  0000013P   7961
0.02218648909850556D0,-209.4503391795069D0,259.3580585312405D0,  0000013P   7962
0.02218647344342353D0,-209.4503391663197D0,258.0528158476456D0,  0000013P   7963
50.01075584407957D0,-218.4490701648961D0,269.8D0,                0000013P   7964
50.01075582046772D0,-218.4490702179489D0,268.4947955685655D0,    0000013P   7965
50.01075577324405D0,-218.4490703240546D0,265.8843867056962D0,    0000013P   7966
50.01075570240854D0,-218.4490704832131D0,261.9687734113924D0,    0000013P   7967
50.01075565518487D0,-218.4490705893188D0,259.3583645485231D0,    0000013P   7968
50.01075563157305D0,-218.4490706423716D0,258.0531601170886D0,    0000013P   7969
99.99184119923747D0,-227.5138967797556D0,269.8D0,                0000013P   7970
99.99184120355777D0,-227.5138968195553D0,268.4946522395421D0,    0000013P   7971
99.99184121219838D0,-227.5138968991547D0,265.8839567186261D0,    0000013P   7972
99.99184122515925D0,-227.5138970185539D0,261.9679134372522D0,    0000013P   7973
99.99184123379985D0,-227.5138970981533D0,259.3572179163361D0,    0000013P   7974
99.99184123812017D0,-227.513897137953D0,258.0518701558781D0,     0000013P   7975
149.9763172107152D0,-236.5318148321052D0,269.8D0,                0000013P   7976
149.9763172170322D0,-236.5318146199745D0,268.4946418948617D0,    0000013P   7977
149.9763172296663D0,-236.531814195713D0,265.883925684585D0,      0000013P   7978
149.9763172486173D0,-236.5318135593206D0,261.9678513691702D0,    0000013P   7979
149.9763172612513D0,-236.531813135059D0,259.3571351588935D0,     0000013P   7980
149.9763172675683D0,-236.5318129229283D0,258.0517770537551D0,    0000013P   7981
199.9564596192789D0,-245.3595471938432D0,269.8D0,                0000013P   7982
199.9564596180628D0,-245.3595470475028D0,268.4946803121102D0,    0000013P   7983
199.9564596156306D0,-245.3595467548219D0,265.8840409363307D0,    0000013P   7984
199.9564596119822D0,-245.3595463158007D0,261.9680818726616D0,    0000013P   7985
199.95645960955D0,-245.3595460231198D0,259.3574424968821D0,      0000013P   7986
199.9564596083339D0,-245.3595458767794D0,258.0521228089925D0,    0000013P   7987
249.9486372114439D0,-253.8581217354712D0,269.8D0,                0000013P   7988
249.9486372100107D0,-253.8581225304514D0,268.4946831056039D0,    0000013P   7989
249.9486372071442D0,-253.8581241204118D0,265.8840493168118D0,    0000013P   7990
249.9486372028445D0,-253.8581265053526D0,261.9680986336234D0,    0000013P   7991
249.948637199978D0,-253.8581280953131D0,259.3574648448313D0,     0000013P   7992
249.9486371985447D0,-253.8581288902933D0,258.0521479504353D0,    0000013P   7993
299.9337116155964D0,-261.9109678168742D0,269.8D0,                0000013P   7994
299.9337116148811D0,-261.9109683635444D0,268.4946728082969D0,    0000013P   7995
299.9337116134505D0,-261.9109694568849D0,265.8840184248907D0,    0000013P   7996
299.9337116113043D0,-261.9109710968958D0,261.968036849781D0,     0000013P   7997
299.9337116098736D0,-261.9109721902363D0,259.3573824663748D0,    0000013P   7998
299.9337116091583D0,-261.9109727369066D0,258.0520552746717D0,    0000013P   7999
349.9253913946051D0,-269.4074120713005D0,269.8000000000001D0,    0000013P   8000
349.9253913988774D0,-269.4074091043727D0,268.4946720559519D0,    0000013P   8001
349.9253914074221D0,-269.4074031705171D0,265.8840161678554D0,    0000013P   8002
349.9253914202391D0,-269.4073942697335D0,261.9680323357109D0,    0000013P   8003
349.9253914287837D0,-269.4073883358779D0,259.3573764476145D0,    0000013P   8004
349.9253914330561D0,-269.4073853689502D0,258.0520485035662D0,    0000013P   8005
399.9239386771843D0,-276.2269180602665D0,269.8D0,                0000013P   8006
399.9239386631105D0,-276.2269160187653D0,268.4946748160725D0,    0000013P   8007
399.9239386349629D0,-276.2269119357629D0,265.8840244482173D0,    0000013P   8008
399.9239385927413D0,-276.2269058112593D0,261.9680488964348D0,    0000013P   8009
399.9239385645938D0,-276.2269017282569D0,259.3573985285797D0,    0000013P   8010
399.9239385505199D0,-276.2268996867557D0,258.0520733446521D0,    0000013P   8011
449.9248558580945D0,-282.2485447933113D0,269.8D0,                0000013P   8012
449.9248559099009D0,-282.2485558624381D0,268.4946750178914D0,    0000013P   8013
449.9248560135141D0,-282.2485780006917D0,265.8840250536741D0,    0000013P   8014
449.9248561689338D0,-282.248611208072D0,261.9680501073482D0,     0000013P   8015
449.924856272547D0,-282.2486333463256D0,259.357400143131D0,      0000013P   8016
449.9248563243535D0,-282.2486444154524D0,258.0520751610224D0,    0000013P   8017
499.9337429519982D0,-287.4021080384671D0,269.8D0,                0000013P   8018
499.9337427575831D0,-287.4021156715374D0,268.4946742781618D0,    0000013P   8019
499.9337423687528D0,-287.4021309376782D0,265.8840228344852D0,    0000013P   8020
499.9337417855074D0,-287.4021538368894D0,261.9680456689705D0,    0000013P   8021
499.933741396677D0,-287.4021691030302D0,259.357394225294D0,      0000013P   8022
499.933741202262D0,-287.4021767361006D0,258.0520685034558D0,     0000013P   8023
549.9339660252816D0,-291.6154607064788D0,269.8D0,                0000013P   8024
549.9339667484028D0,-291.6154193183812D0,268.4946742242446D0,    0000013P   8025
549.933968194645D0,-291.6153365421861D0,265.8840226727336D0,     0000013P   8026
549.9339703640083D0,-291.615212377893D0,261.968045345467D0,      0000013P   8027
549.9339718102506D0,-291.6151296016978D0,259.3573937939561D0,    0000013P   8028
549.9339725333715D0,-291.6150882136002D0,258.0520680182006D0,    0000013P   8029
599.95603117922D0,-294.7636748875404D0,269.8000000000001D0,      0000013P   8030
599.9560284862621D0,-294.7636466794933D0,268.4946744224822D0,    0000013P   8031
599.9560231003462D0,-294.7635902633992D0,265.8840232674465D0,    0000013P   8032
599.9560150214721D0,-294.7635056392578D0,261.968046534893D0,     0000013P   8033
599.956009635556D0,-294.7634492231636D0,259.3573953798573D0,     0000013P   8034
599.9560069425982D0,-294.7634210151165D0,258.0520698023394D0,    0000013P   8035
649.9745744398681D0,-296.7164609760234D0,269.8D0,                0000013P   8036
649.9745844636873D0,-296.7166146745931D0,268.4946744368222D0,    0000013P   8037
649.9746045113258D0,-296.7169220717325D0,265.8840233104665D0,    0000013P   8038
649.9746345827836D0,-296.7173831674413D0,261.968046620933D0,     0000013P   8039
649.974654630422D0,-296.7176905645806D0,259.3573954945774D0,     0000013P   8040
649.9746646542413D0,-296.7178442631503D0,258.0520699313995D0,    0000013P   8041
700.0026239248215D0,-297.4287156943821D0,269.8000000000001D0,    0000013P   8042
700.0025865011528D0,-297.42882401612D0,268.4946743837093D0,      0000013P   8043
700.0025116538149D0,-297.4290406595959D0,265.8840231511276D0,    0000013P   8044
700.0023993828082D0,-297.4293656248099D0,261.9680463022552D0,    0000013P   8045
700.0023245354704D0,-297.4295822682858D0,259.3573950696737D0,    0000013P   8046
700.0022871118015D0,-297.4296905900237D0,258.0520694533828D0,    0000013P   8047
750.0062055465918D0,-296.8543951351297D0,269.7999999999999D0,    0000013P   8048
750.0063452061412D0,-296.8538082142034D0,268.4946743799088D0,    0000013P   8049
750.00662452524D0,-296.8526343723506D0,265.8840231397265D0,      0000013P   8050
750.0070435038883D0,-296.8508736095717D0,261.9680462794532D0,    0000013P   8051
750.0073228229873D0,-296.849699767719D0,259.357395039271D0,      0000013P   8052
750.0074624825369D0,-296.8491128467927D0,258.0520694191799D0,    0000013P   8053
800.0520448207996D0,-295.0486153542637D0,269.8000000000001D0,    0000013P   8054
800.0515231868908D0,-295.0482602037127D0,268.4946743941366D0,    0000013P   8055
800.050479919073D0,-295.0475499026107D0,265.8840231824096D0,     0000013P   8056
800.0489150173466D0,-295.0464844509577D0,261.9680463648191D0,    0000013P   8057
800.0478717495289D0,-295.0457741498557D0,259.3573951530922D0,    0000013P   8058
800.0473501156203D0,-295.0454189993048D0,258.0520695472288D0,    0000013P   8059
850.0304734797938D0,-292.072573776255D0,269.7999999999999D0,     0000013P   8060
850.0324247846319D0,-292.0745876619458D0,268.4946743951452D0,    0000013P   8061
850.0363273943082D0,-292.0786154333273D0,265.8840231854357D0,    0000013P   8062
850.0421813088233D0,-292.0846570903995D0,261.9680463708717D0,    0000013P   8063
850.0460839184995D0,-292.088684861781D0,259.3573951611622D0,     0000013P   8064
850.0480352233378D0,-292.0906987474718D0,258.0520695563076D0,    0000013P   8065
900.0794274220477D0,-288.0562997539952D0,269.8000000000001D0,    0000013P   8066
900.0785124836003D0,-288.0578420349409D0,268.4946743913351D0,    0000013P   8067
900.0766826067057D0,-288.0609265968322D0,265.8840231740051D0,    0000013P   8068
900.0739377913636D0,-288.0655534396689D0,261.9680463480104D0,    0000013P   8069
900.0721079144687D0,-288.0686380015602D0,259.3573951306804D0,    0000013P   8070
900.0711929760216D0,-288.0701802825059D0,258.0520695220154D0,    0000013P   8071
950.0425325152709D0,-283.1502598397592D0,269.8D0,                0000013P   8072
950.04423998428D0,-283.1420368845248D0,268.4946743910616D0,      0000013P   8073
950.0476549222987D0,-283.1255909740562D0,265.8840231731846D0,    0000013P   8074
950.0527773293266D0,-283.100922108353D0,261.9680463463693D0,     0000013P   8075
950.0561922673453D0,-283.0844761978844D0,259.3573951284923D0,    0000013P   8076
950.0578997363546D0,-283.07625324265D0,258.0520695195539D0,      0000013P   8077
1000.093349140211D0,-277.3560890078018D0,269.8D0,                0000013P   8078
1000.092885296586D0,-277.336161094627D0,268.4946743920835D0,     0000013P   8079
1000.091957609335D0,-277.2963052682777D0,265.8840231762507D0,    0000013P   8080
1000.090566078458D0,-277.2365215287534D0,261.9680463525014D0,    0000013P   8081
1000.089638391208D0,-277.196665702404D0,259.3573951366686D0,     0000013P   8082
1000.089174547582D0,-277.1767377892292D0,258.0520695287522D0,    0000013P   8083
1050.05482945373D0,-270.7126565689795D0,269.8000000000001D0,     0000013P   8084
1050.054969963465D0,-270.684706920705D0,268.4946743921726D0,     0000013P   8085
1050.055250982935D0,-270.6288076241564D0,265.884023176518D0,     0000013P   8086
1050.055672512138D0,-270.5449586793334D0,261.9680463530359D0,    0000013P   8087
1050.055953531608D0,-270.4890593827847D0,259.3573951373812D0,    0000013P   8088
1050.056094041343D0,-270.4611097345103D0,258.0520695295538D0,    0000013P   8089
1100.091721026031D0,-263.307748402369D0,269.8D0,                 0000013P   8090
1100.091620833826D0,-263.272101181462D0,268.4946743918944D0,     0000013P   8091
1100.091420449415D0,-263.2008067396478D0,265.8840231756834D0,    0000013P   8092
1100.0911198728D0,-263.0938650769264D0,261.9680463513666D0,      0000013P   8093
1100.090919488389D0,-263.0225706351124D0,259.3573951351556D0,    0000013P   8094
1100.090819296184D0,-262.9869234142054D0,258.05206952705D0,      0000013P   8095
1150.055025615541D0,-255.2716109096327D0,269.8D0,                0000013P   8096
1150.055286443767D0,-255.224715498139D0,268.4946743918109D0,     0000013P   8097
1150.055808100217D0,-255.1309246751515D0,265.8840231754325D0,    0000013P   8098
1150.056590584891D0,-254.9902384406704D0,261.9680463508649D0,    0000013P   8099
1150.057112241341D0,-254.896447617683D0,259.3573951344865D0,     0000013P   8100
1150.057373069566D0,-254.8495522061893D0,258.0520695262973D0,    0000013P   8101
1200.094337195093D0,-246.6037882212931D0,269.8D0,                0000013P   8102
1200.093402158002D0,-246.5436735660437D0,268.4946743919016D0,    0000013P   8103
1200.091532083822D0,-246.4234442555448D0,265.884023175705D0,     0000013P   8104
1200.08872697255D0,-246.2431002897967D0,261.96804635141D0,       0000013P   8105
1200.08685689837D0,-246.1228709792979D0,259.3573951352133D0,     0000013P   8106
1200.085921861279D0,-246.0627563240485D0,258.052069527115D0,     0000013P   8107
1250.055217130748D0,-237.3545987620191D0,269.8D0,                0000013P   8108
1250.058712176934D0,-237.2791608983278D0,268.4946743921471D0,    0000013P   8109
1250.065702269306D0,-237.1282851709453D0,265.8840231764414D0,    0000013P   8110
1250.076187407864D0,-236.9019715798716D0,261.9680463528825D0,    0000013P   8111
1250.083177500236D0,-236.7510958524891D0,259.3573951371768D0,    0000013P   8112
1250.086672546422D0,-236.6756579887978D0,258.052069529324D0,     0000013P   8113
1300.095096543695D0,-227.5230213363469D0,269.8D0,                0000013P   8114
1300.094148427624D0,-227.4332520592393D0,268.4946743920617D0,    0000013P   8115
1300.092252195482D0,-227.2537135050244D0,265.8840231761855D0,    0000013P   8116
1300.089407847269D0,-226.9844056737019D0,261.9680463523708D0,    0000013P   8117
1300.087511615127D0,-226.804867119487D0,259.3573951364945D0,     0000013P   8118
1300.086563499056D0,-226.7150978423794D0,258.0520695285563D0,    0000013P   8119
1350.053240466458D0,-217.1685932958846D0,269.8D0,                0000013P   8120
1350.053522131584D0,-217.0630554375822D0,268.4946743911638D0,    0000013P   8121
1350.054085461837D0,-216.8519797209774D0,265.8840231734915D0,    0000013P   8122
1350.054930457218D0,-216.5353661460703D0,261.9680463469829D0,    0000013P   8123
1350.055493787471D0,-216.3242904294656D0,259.3573951293105D0,    0000013P   8124
1350.055775452597D0,-216.2187525711632D0,258.0520695204743D0,    0000013P   8125
1400.089791975045D0,-206.2933248956895D0,269.8D0,                0000013P   8126
1400.089743675436D0,-206.1724107642168D0,268.4946743914143D0,    0000013P   8127
1400.089647076218D0,-205.9305825012713D0,265.8840231742428D0,    0000013P   8128
1400.089502177391D0,-205.5678401068533D0,261.9680463484857D0,    0000013P   8129
1400.089405578173D0,-205.3260118439078D0,259.3573951313143D0,    0000013P   8130
1400.089357278563D0,-205.205097712435D0,258.0520695227285D0,     0000013P   8131
1450.051249039834D0,-194.9655741734557D0,269.8D0,                0000013P   8132
1450.051158846943D0,-194.8298433835776D0,268.4946743947586D0,    0000013P   8133
1450.050978461161D0,-194.5583818038214D0,265.8840231842758D0,    0000013P   8134
1450.050707882486D0,-194.1511894341871D0,261.9680463685517D0,    0000013P   8135
1450.050527496703D0,-193.8797278544309D0,259.3573951580689D0,    0000013P   8136
1450.050437303813D0,-193.7439970645528D0,258.0520695528274D0,    0000013P   8137
1500.079327158554D0,-183.1835581129608D0,269.8D0,                0000013P   8138
1500.079254934839D0,-183.0339487630577D0,268.4946743938506D0,    0000013P   8139
1500.07911048741D0,-182.7347300632513D0,265.8840231815515D0,     0000013P   8140
1500.078893816266D0,-182.2859020135418D0,261.9680463631028D0,    0000013P   8141
1500.078749368836D0,-181.9866833137354D0,259.3573951508037D0,    0000013P   8142
1500.078677145121D0,-181.8370739638322D0,258.0520695446542D0,    0000013P   8143
1550.062059956477D0,-171.0024186326873D0,269.8D0,                0000013P   8144
1550.062441070904D0,-170.8402100238946D0,268.4946743813449D0,    0000013P   8145
1550.063203299756D0,-170.5157928063092D0,265.8840231440345D0,    0000013P   8146
1550.064346643035D0,-170.0291669799313D0,261.9680462880691D0,    0000013P   8147
1550.065108871888D0,-169.7047497623459D0,259.3573950507587D0,    0000013P   8148
1550.065489986314D0,-169.5425411535532D0,258.0520694321035D0,    0000013P   8149
1600.070786302423D0,-158.425272455296D0,269.8D0,                 0000013P   8150
1600.071131221271D0,-158.2525742931141D0,268.4946743848061D0,    0000013P   8151
1600.071821058966D0,-157.9071779687505D0,265.8840231544184D0,    0000013P   8152
1600.072855815509D0,-157.3890834822051D0,261.968046308837D0,     0000013P   8153
1600.073545653205D0,-157.0436871578415D0,259.3573950784492D0,    0000013P   8154
1600.073890572052D0,-156.8709889956597D0,258.0520694632554D0,    0000013P   8155
1650.0597405185D0,-145.485727624644D0,269.8000000000001D0,       0000013P   8156
1650.057971030841D0,-145.3056756928936D0,268.4946744311953D0,    0000013P   8157
1650.054432055524D0,-144.9455718293927D0,265.8840232935859D0,    0000013P   8158
1650.049123592546D0,-144.4054160341413D0,261.9680465871718D0,    0000013P   8159
1650.045584617229D0,-144.0453121706404D0,259.3573954495624D0,    0000013P   8160
1650.04381512957D0,-143.86526023889D0,258.0520698807577D0,       0000013P   8161
1700.074502872006D0,-132.1840930778701D0,269.8D0,                0000013P   8162
1700.074536703726D0,-131.9973478963899D0,268.494674419177D0,     0000013P   8163
1700.074604367166D0,-131.6238575334297D0,265.8840232575311D0,    0000013P   8164
1700.074705862327D0,-131.0636219889894D0,261.9680465150622D0,    0000013P   8165
1700.074773525767D0,-130.690131626029D0,259.3573953534163D0,     0000013P   8166
1700.074807357487D0,-130.5033864445489D0,258.0520697725933D0,    0000013P   8167
1750.066211807266D0,-118.5375546759583D0,269.8D0,                0000013P   8168
1750.067860459884D0,-118.3450935304345D0,268.4946742428622D0,    0000013P   8169
1750.07115776512D0,-117.9601712393869D0,265.8840227285865D0,     0000013P   8170
1750.076103722975D0,-117.3827878028154D0,261.968045457173D0,     0000013P   8171
1750.079401028211D0,-116.9978655117677D0,259.3573939428974D0,    0000013P   8172
1750.08104968083D0,-116.805404366244D0,258.0520681857595D0,      0000013P   8173
1800.085325588738D0,-104.4864351194847D0,269.7999999999999D0,    0000013P   8174
1800.084476765338D0,-104.2907981449948D0,268.4946742975824D0,    0000013P   8175
1800.082779118538D0,-103.8995241960151D0,265.8840228927477D0,    0000013P   8176
1800.080232648337D0,-103.3126132725455D0,261.9680457854955D0,    0000013P   8177
1800.078535001537D0,-102.9213393235658D0,259.3573943806607D0,    0000013P   8178
1800.077686178136D0,-102.725702349076D0,258.0520686782432D0,     0000013P   8179
1850.04555414788D0,-90.04552772277661D0,269.8D0,                 0000013P   8180
1850.047301200621D0,-89.84629361360558D0,268.4946749214416D0,    0000013P   8181
1850.050795306102D0,-89.44782539526349D0,265.884024764325D0,     0000013P   8182
1850.056036464325D0,-88.85012306775039D0,261.96804952865D0,      0000013P   8183
1850.059530569807D0,-88.45165484940833D0,259.3573993715334D0,    0000013P   8184
1850.061277622547D0,-88.25242074023728D0,258.052074292975D0,     0000013P   8185
1894.516775478733D0,-76.9204675960885D0,269.8D0,                 0000013P   8186
1894.515597356281D0,-76.71880709239775D0,268.4946748290486D0,    0000013P   8187
1894.513241111376D0,-76.31548608501623D0,265.884024487146D0,     0000013P   8188
1894.50970674402D0,-75.71050457394401D0,261.9680489742917D0,     0000013P   8189
1894.507350499115D0,-75.30718356656249D0,259.357398632389D0,     0000013P   8190
1894.506172376663D0,-75.10552306287173D0,258.0520734614376D0,    0000013P   8191
1933.384171558021D0,-65.26700184100329D0,269.8D0,                0000013P   8192
1933.386444842713D0,-65.06013620718862D0,268.4946730861008D0,    0000013P   8193
1933.390991412096D0,-64.64640493955926D0,265.8840192583024D0,    0000013P   8194
1933.397811266173D0,-64.02580803811524D0,261.9680385166049D0,    0000013P   8195
1933.402357835557D0,-63.61207677048588D0,259.3573846888066D0,    0000013P   8196
1933.404631120248D0,-63.40521113667119D0,258.0520577749074D0,    0000013P   8197
1966.800745040717D0,-55.01575669010972D0,269.8D0,                0000013P   8198
1966.786089783871D0,-54.811891203405D0,268.4946724156191D0,      0000013P   8199
1966.756779270176D0,-54.40416022999554D0,265.8840172468574D0,    0000013P   8200
1966.712813499636D0,-53.79256376988134D0,261.9680344937148D0,    0000013P   8201
1966.683502985942D0,-53.38483279647188D0,259.3573793249531D0,    0000013P   8202
1966.668847729095D0,-53.18096730976715D0,258.0520517405722D0,    0000013P   8203
1999.935914057621D0,-44.63655379459307D0,269.8D0,                0000013P   8204
1999.984962866447D0,-44.41029111785176D0,268.4946740417467D0,    0000013P   8205
2000.083060484097D0,-43.95776576436914D0,265.8840221252402D0,    0000013P   8206
2000.230206910575D0,-43.27897773414521D0,261.9680442504803D0,    0000013P   8207
2000.328304528225D0,-42.82645238066257D0,259.3573923339737D0,    0000013P   8208
2000.377353337051D0,-42.60018970392126D0,258.0520663757205D0,    0000013P   8209
2034.480640011801D0,-33.65666496274447D0,269.8D0,                0000013P   8210
2034.296555933792D0,-33.50167685559435D0,268.4946778511249D0,    0000013P   8211
2033.928387777772D0,-33.19170064129412D0,265.8840335533747D0,    0000013P   8212
2033.376135543743D0,-32.72673631984376D0,261.9680671067493D0,    0000013P   8213
2033.007967387724D0,-32.41676010554352D0,259.3574228089991D0,    0000013P   8214
2032.823883309714D0,-32.26177199839341D0,258.052100660124D0,     0000013P   8215
2068.843625638021D0,-22.59578994779345D0,269.8000000000001D0,    0000013P   8216
2068.503197078154D0,-22.48849763153265D0,268.4946833643728D0,    0000013P   8217
2067.82233995842D0,-22.27391299901104D0,265.8840500931184D0,     0000013P   8218
2066.80105427882D0,-21.95203605022864D0,261.9681001862368D0,     0000013P   8219
2066.120197159086D0,-21.73745141770703D0,259.3574669149824D0,    0000013P   8220
2065.779768599219D0,-21.63015910144622D0,258.0521502793552D0,    0000013P   8221
2103.202130566849D0,-11.39171087609907D0,269.8D0,                0000013P   8222
2102.687745002594D0,-11.33827466780071D0,268.4946904632683D0,    0000013P   8223
2101.658973874084D0,-11.23140225120398D0,265.8840713898052D0,    0000013P   8224
2100.115817181319D0,-11.07109362630889D0,261.9681427796102D0,    0000013P   8225
2099.087046052809D0,-10.96422120971216D0,259.3575237061469D0,    0000013P   8226
2098.572660488554D0,-10.9107850014138D0,258.0522141694153D0,     0000013P   8227
2126.059494288113D0,-3.821646848961523D0,269.8D0,                0000013P   8228
2125.4336648839D0,-3.803476023858604D0,268.4946963467851D0,      0000013P   8229
2124.182006075475D0,-3.767134373652766D0,265.8840890403556D0,    0000013P   8230
2122.304517862835D0,-3.712621898344007D0,261.9681780807111D0,    0000013P   8231
2121.05285905441D0,-3.676280248138168D0,259.3575707742815D0,     0000013P   8232
2120.427029650197D0,-3.658109423035251D0,258.0522671210667D0,    0000013P   8233
2137.477826128431D0,1.103284130721249D-14,269.8D0,               0000013P   8234
2136.795858643344D0,1.103284130721249D-14,268.4946996490668D0,   0000013P   8235
2135.431923673171D0,1.103284130721249D-14,265.8840989472003D0,   0000013P   8236
2133.386021217912D0,1.103284130721249D-14,261.9681978944006D0,   0000013P   8237
2132.022086247739D0,1.103284130721249D-14,259.3575971925342D0,   0000013P   8238
2131.340118762652D0,1.103284130721249D-14,258.0522968416009D0,   0000013P   8239
0.0D0,12.46510112931829D0,0.0D0,2379.788033214542D0;             0000013P   8240
S0000001G0000012D0000014P0008240                                        T      1
