1056.015,4325,10,1,0.627,0.458,2,0.584,0.453,3,0.496,0.443,4,0.531,0.444,5,0.405,0.432,6,0.442,0.432,7,0.316,0.418,8,0.353,0.420,9,0.226,0.411,10,0.262,0.410
1056.082,4326,10,1,0.627,0.459,2,0.585,0.454,3,0.496,0.444,4,0.532,0.445,5,0.405,0.433,6,0.442,0.433,7,0.316,0.419,8,0.352,0.421,9,0.226,0.411,10,0.262,0.410
1056.149,4327,10,1,0.628,0.461,2,0.586,0.455,3,0.532,0.447,4,0.496,0.445,5,0.406,0.433,6,0.443,0.434,7,0.317,0.419,8,0.353,0.422,9,0.227,0.411,10,0.263,0.409
1056.216,4328,10,1,0.628,0.462,2,0.586,0.456,3,0.532,0.447,4,0.497,0.446,5,0.407,0.434,6,0.443,0.434,7,0.317,0.419,8,0.353,0.422,9,0.228,0.411,10,0.263,0.409
1056.282,4329,10,1,0.629,0.463,2,0.587,0.457,3,0.534,0.448,4,0.498,0.446,5,0.407,0.433,6,0.443,0.435,7,0.318,0.419,8,0.355,0.421,9,0.228,0.411,10,0.263,0.409
1056.349,4330,10,1,0.629,0.463,2,0.587,0.457,3,0.497,0.446,4,0.534,0.448,5,0.407,0.433,6,0.443,0.435,7,0.318,0.418,8,0.355,0.421,9,0.228,0.410,10,0.263,0.409
1056.416,4331,10,1,0.630,0.463,2,0.587,0.458,3,0.498,0.446,4,0.534,0.448,5,0.408,0.433,6,0.444,0.435,7,0.355,0.421,8,0.319,0.418,9,0.228,0.410,10,0.265,0.408
1056.482,4332,10,1,0.630,0.464,2,0.588,0.458,3,0.499,0.447,4,0.534,0.448,5,0.408,0.434,6,0.444,0.435,7,0.355,0.421,8,0.319,0.418,9,0.229,0.410,10,0.265,0.408
1056.549,4333,10,1,0.630,0.465,2,0.588,0.459,3,0.535,0.450,4,0.499,0.447,5,0.409,0.434,6,0.444,0.436,7,0.320,0.418,8,0.356,0.422,9,0.229,0.410,10,0.265,0.407
1056.616,4334,10,1,0.630,0.466,2,0.588,0.461,3,0.535,0.450,4,0.499,0.448,5,0.409,0.435,6,0.445,0.436,7,0.320,0.419,8,0.356,0.423,9,0.229,0.410,10,0.265,0.407
1056.682,4335,10,1,0.630,0.468,2,0.588,0.462,3,0.499,0.450,4,0.536,0.451,5,0.409,0.436,6,0.446,0.437,7,0.320,0.419,8,0.356,0.423,9,0.229,0.410,10,0.266,0.408
1056.749,4336,10,1,0.631,0.469,2,0.588,0.463,3,0.535,0.452,4,0.500,0.450,5,0.409,0.436,6,0.445,0.438,7,0.354,0.423,8,0.320,0.419,9,0.230,0.410,10,0.267,0.408
1056.816,4337,10,1,0.631,0.470,2,0.588,0.463,3,0.536,0.452,4,0.499,0.451,5,0.409,0.436,6,0.446,0.438,7,0.321,0.419,8,0.357,0.423,9,0.230,0.409,10,0.266,0.409
1056.883,4338,10,1,0.631,0.470,2,0.589,0.464,3,0.536,0.453,4,0.500,0.450,5,0.410,0.436,6,0.446,0.438,7,0.321,0.419,8,0.357,0.423,9,0.231,0.409,10,0.267,0.407
1056.949,4339,10,1,0.631,0.471,2,0.589,0.464,3,0.537,0.453,4,0.499,0.449,5,0.410,0.436,6,0.446,0.438,7,0.322,0.419,8,0.358,0.422,9,0.231,0.408,10,0.268,0.407
1057.016,4340,10,1,0.631,0.471,2,0.589,0.464,3,0.537,0.453,4,0.499,0.449,5,0.411,0.435,6,0.446,0.437,7,0.322,0.419,8,0.358,0.423,9,0.232,0.408,10,0.269,0.407
1057.083,4341,9,1,0.632,0.472,2,0.589,0.465,3,0.537,0.453,4,0.412,0.436,5,0.447,0.437,6,0.322,0.419,7,0.358,0.423,8,0.233,0.408,9,0.269,0.407
1057.149,4342,9,1,0.632,0.472,2,0.590,0.466,3,0.538,0.454,4,0.412,0.437,5,0.448,0.438,6,0.323,0.419,7,0.360,0.423,8,0.233,0.408,9,0.269,0.407
1057.216,4343,9,1,0.632,0.473,2,0.590,0.467,3,0.538,0.455,4,0.412,0.438,5,0.448,0.438,6,0.324,0.420,7,0.359,0.424,8,0.233,0.408,9,0.270,0.407
1057.283,4344,9,1,0.632,0.475,2,0.590,0.468,3,0.538,0.456,4,0.412,0.439,5,0.448,0.440,6,0.324,0.420,7,0.360,0.425,8,0.233,0.409,9,0.271,0.409
1057.349,4345,10,1,0.633,0.475,2,0.590,0.469,3,0.538,0.457,4,0.502,0.453,5,0.413,0.439,6,0.449,0.441,7,0.325,0.421,8,0.361,0.426,9,0.235,0.410,10,0.270,0.410
1057.416,4346,10,1,0.633,0.477,2,0.591,0.469,3,0.539,0.458,4,0.503,0.455,5,0.414,0.440,6,0.449,0.441,7,0.325,0.421,8,0.361,0.425,9,0.235,0.410,10,0.271,0.409
1057.483,4347,10,1,0.633,0.477,2,0.592,0.470,3,0.539,0.458,4,0.503,0.455,5,0.414,0.440,6,0.450,0.442,7,0.325,0.422,8,0.362,0.425,9,0.237,0.410,10,0.273,0.409
1057.549,4348,10,1,0.633,0.478,2,0.592,0.470,3,0.539,0.458,4,0.504,0.455,5,0.415,0.440,6,0.450,0.442,7,0.327,0.422,8,0.363,0.425,9,0.238,0.410,10,0.273,0.410
1057.616,4349,9,1,0.634,0.478,2,0.592,0.471,3,0.540,0.459,4,0.416,0.441,5,0.452,0.443,6,0.328,0.422,7,0.363,0.426,8,0.238,0.410,9,0.275,0.410
1057.683,4350,10,1,0.634,0.479,2,0.593,0.472,3,0.540,0.460,4,0.505,0.457,5,0.416,0.441,6,0.452,0.443,7,0.329,0.422,8,0.365,0.427,9,0.240,0.410,10,0.276,0.409
1057.750,4351,10,1,0.634,0.480,2,0.593,0.473,3,0.541,0.461,4,0.505,0.458,5,0.417,0.442,6,0.453,0.444,7,0.330,0.423,8,0.365,0.427,9,0.241,0.411,10,0.277,0.409
1057.816,4352,10,1,0.635,0.481,2,0.594,0.474,3,0.506,0.459,4,0.541,0.462,5,0.417,0.443,6,0.453,0.445,7,0.330,0.425,8,0.366,0.427,9,0.242,0.412,10,0.277,0.410
1057.883,4353,10,1,0.635,0.482,2,0.594,0.475,3,0.542,0.463,4,0.506,0.460,5,0.418,0.443,6,0.454,0.446,7,0.331,0.424,8,0.367,0.428,9,0.242,0.412,10,0.277,0.411
1057.950,4354,9,1,0.635,0.483,2,0.594,0.475,3,0.542,0.463,4,0.506,0.460,5,0.419,0.444,6,0.454,0.446,7,0.332,0.425,8,0.367,0.429,9,0.243,0.412
1058.016,4355,10,1,0.635,0.483,2,0.595,0.476,3,0.542,0.464,4,0.507,0.460,5,0.420,0.444,6,0.455,0.446,7,0.332,0.425,8,0.367,0.429,9,0.243,0.412,10,0.280,0.411
1058.083,4356,9,1,0.635,0.483,2,0.594,0.476,3,0.542,0.464,4,0.507,0.461,5,0.420,0.445,6,0.455,0.446,7,0.349,0.425,8,0.331,0.427,9,0.244,0.413
1058.150,4357,9,1,0.635,0.485,2,0.594,0.477,3,0.543,0.466,4,0.507,0.461,5,0.420,0.445,6,0.457,0.446,7,0.344,0.425,8,0.331,0.429,9,0.246,0.413
1058.216,4358,9,1,0.635,0.486,2,0.594,0.478,3,0.542,0.466,4,0.507,0.462,5,0.420,0.445,6,0.455,0.447,7,0.334,0.426,8,0.369,0.430,9,0.246,0.413
1058.283,4359,9,1,0.635,0.486,2,0.595,0.478,3,0.543,0.467,4,0.507,0.463,5,0.420,0.446,6,0.455,0.448,7,0.334,0.426,8,0.370,0.430,9,0.246,0.413
1058.350,4360,9,1,0.636,0.486,2,0.595,0.479,3,0.543,0.467,4,0.507,0.463,5,0.420,0.446,6,0.456,0.448,7,0.334,0.426,8,0.370,0.430,9,0.246,0.413
1058.417,4361,9,1,0.635,0.487,2,0.594,0.479,3,0.543,0.467,4,0.507,0.463,5,0.420,0.446,6,0.456,0.448,7,0.334,0.426,8,0.370,0.430,9,0.246,0.413
1058.483,4362,9,1,0.635,0.487,2,0.594,0.479,3,0.543,0.467,4,0.507,0.463,5,0.420,0.446,6,0.456,0.448,7,0.334,0.426,8,0.369,0.430,9,0.246,0.413
1058.550,4363,9,1,0.634,0.487,2,0.594,0.479,3,0.543,0.467,4,0.507,0.463,5,0.420,0.446,6,0.456,0.448,7,0.335,0.426,8,0.370,0.430,9,0.247,0.413
1058.617,4364,9,1,0.634,0.487,2,0.594,0.480,3,0.542,0.468,4,0.507,0.463,5,0.420,0.446,6,0.456,0.448,7,0.335,0.426,8,0.370,0.430,9,0.248,0.413
1058.683,4365,9,1,0.634,0.488,2,0.594,0.480,3,0.543,0.468,4,0.508,0.464,5,0.421,0.446,6,0.457,0.449,7,0.335,0.426,8,0.370,0.430,9,0.248,0.413
1058.750,4366,9,1,0.635,0.489,2,0.594,0.481,3,0.544,0.468,4,0.508,0.464,5,0.422,0.446,6,0.457,0.449,7,0.336,0.426,8,0.370,0.431,9,0.249,0.413
1058.817,4367,8,1,0.636,0.490,2,0.595,0.482,3,0.544,0.469,4,0.509,0.465,5,0.422,0.447,6,0.336,0.426,7,0.372,0.431,8,0.249,0.413
1058.883,4368,9,1,0.636,0.491,2,0.595,0.482,3,0.545,0.470,4,0.509,0.466,5,0.422,0.448,6,0.458,0.451,7,0.337,0.428,8,0.373,0.431,9,0.250,0.413
1058.950,4369,9,1,0.636,0.491,2,0.596,0.483,3,0.545,0.470,4,0.510,0.466,5,0.423,0.448,6,0.458,0.451,7,0.338,0.428,8,0.373,0.431,9,0.251,0.413
1059.017,4370,9,1,0.636,0.492,2,0.596,0.483,3,0.545,0.471,4,0.510,0.466,5,0.423,0.449,6,0.458,0.451,7,0.338,0.428,8,0.373,0.431,9,0.252,0.413
1059.084,4371,9,1,0.636,0.493,2,0.596,0.484,3,0.545,0.471,4,0.510,0.466,5,0.423,0.449,6,0.460,0.451,7,0.339,0.428,8,0.374,0.433,9,0.252,0.414
1059.150,4372,9,1,0.636,0.493,2,0.596,0.485,3,0.544,0.471,4,0.510,0.467,5,0.424,0.449,6,0.460,0.451,7,0.340,0.428,8,0.374,0.433,9,0.253,0.414
1059.217,4373,9,1,0.636,0.494,2,0.596,0.486,3,0.546,0.473,4,0.511,0.468,5,0.425,0.450,6,0.461,0.451,7,0.341,0.429,8,0.375,0.433,9,0.254,0.415
1059.284,4374,9,1,0.637,0.496,2,0.596,0.487,3,0.546,0.474,4,0.511,0.469,5,0.425,0.451,6,0.461,0.454,7,0.341,0.430,8,0.377,0.433,9,0.255,0.415
1059.350,4375,9,1,0.638,0.497,2,0.597,0.488,3,0.547,0.475,4,0.511,0.470,5,0.426,0.452,6,0.462,0.454,7,0.341,0.430,8,0.377,0.434,9,0.255,0.415
1059.417,4376,9,1,0.638,0.497,2,0.597,0.489,3,0.547,0.476,4,0.512,0.471,5,0.426,0.452,6,0.462,0.454,7,0.341,0.431,8,0.376,0.435,9,0.255,0.416
1059.484,4377,9,1,0.638,0.498,2,0.598,0.490,3,0.548,0.476,4,0.512,0.471,5,0.426,0.453,6,0.462,0.454,7,0.342,0.432,8,0.377,0.435,9,0.256,0.416
1059.550,4378,9,1,0.639,0.498,2,0.598,0.490,3,0.548,0.477,4,0.513,0.472,5,0.427,0.454,6,0.462,0.455,7,0.342,0.432,8,0.377,0.436,9,0.256,0.417
1059.617,4379,9,1,0.639,0.500,2,0.599,0.491,3,0.549,0.478,4,0.513,0.473,5,0.427,0.454,6,0.462,0.457,7,0.343,0.432,8,0.378,0.436,9,0.256,0.417
1059.684,4380,9,1,0.639,0.501,2,0.599,0.492,3,0.548,0.478,4,0.514,0.473,5,0.428,0.454,6,0.462,0.457,7,0.344,0.433,8,0.378,0.438,9,0.257,0.417
1059.751,4381,9,1,0.639,0.502,2,0.599,0.493,3,0.548,0.479,4,0.514,0.474,5,0.428,0.455,6,0.462,0.458,7,0.344,0.433,8,0.378,0.438,9,0.257,0.417
1059.824,4382,9,1,0.639,0.502,2,0.599,0.493,3,0.548,0.479,4,0.514,0.474,5,0.428,0.455,6,0.462,0.458,7,0.344,0.433,8,0.378,0.438,9,0.258,0.417
1059.884,4383,9,1,0.639,0.502,2,0.599,0.494,3,0.548,0.480,4,0.514,0.475,5,0.428,0.456,6,0.462,0.458,7,0.344,0.433,8,0.377,0.438,9,0.258,0.417
1059.951,4384,9,1,0.639,0.503,2,0.599,0.494,3,0.549,0.480,4,0.514,0.475,5,0.428,0.456,6,0.462,0.458,7,0.344,0.434,8,0.377,0.439,9,0.258,0.417
1060.017,4385,8,1,0.640,0.503,2,0.600,0.494,3,0.549,0.481,4,0.515,0.475,5,0.429,0.457,6,0.345,0.434,7,0.378,0.439,8,0.259,0.418
1060.084,4386,9,1,0.640,0.504,2,0.600,0.495,3,0.550,0.481,4,0.515,0.476,5,0.430,0.457,6,0.464,0.459,7,0.345,0.434,8,0.380,0.438,9,0.259,0.418
1060.151,4387,9,1,0.641,0.505,2,0.601,0.495,3,0.550,0.482,4,0.515,0.477,5,0.431,0.458,6,0.464,0.459,7,0.346,0.434,8,0.379,0.439,9,0.260,0.418
1060.217,4388,9,1,0.641,0.506,2,0.601,0.497,3,0.551,0.483,4,0.516,0.477,5,0.431,0.458,6,0.465,0.459,7,0.347,0.435,8,0.380,0.439,9,0.260,0.419
1060.284,4389,9,1,0.641,0.506,2,0.601,0.497,3,0.551,0.483,4,0.516,0.478,5,0.431,0.458,6,0.465,0.459,7,0.347,0.435,8,0.381,0.439,9,0.261,0.418
1060.351,4390,9,1,0.641,0.506,2,0.601,0.497,3,0.551,0.483,4,0.516,0.478,5,0.431,0.458,6,0.465,0.459,7,0.347,0.435,8,0.381,0.439,9,0.261,0.418
1060.418,4391,9,1,0.641,0.506,2,0.601,0.497,3,0.551,0.483,4,0.516,0.477,5,0.431,0.458,6,0.465,0.459,7,0.347,0.434,8,0.379,0.439,9,0.261,0.417
1060.484,4392,9,1,0.641,0.506,2,0.601,0.497,3,0.551,0.483,4,0.516,0.477,5,0.431,0.457,6,0.466,0.459,7,0.346,0.434,8,0.380,0.438,9,0.261,0.417
1060.551,4393,9,1,0.641,0.507,2,0.600,0.497,3,0.550,0.483,4,0.516,0.478,5,0.431,0.458,6,0.466,0.459,7,0.346,0.433,8,0.380,0.438,9,0.260,0.417
1060.618,4394,8,1,0.641,0.507,2,0.601,0.498,3,0.550,0.484,4,0.515,0.478,5,0.430,0.458,6,0.346,0.434,7,0.380,0.438,8,0.260,0.416
1060.684,4395,8,1,0.640,0.509,2,0.600,0.500,3,0.550,0.485,4,0.516,0.479,5,0.430,0.458,6,0.346,0.435,7,0.380,0.439,8,0.260,0.417
1060.751,4396,9,1,0.640,0.510,2,0.601,0.501,3,0.550,0.486,4,0.515,0.480,5,0.430,0.459,6,0.465,0.462,7,0.346,0.435,8,0.381,0.440,9,0.260,0.417
1060.818,4397,9,1,0.641,0.511,2,0.600,0.501,3,0.550,0.487,4,0.515,0.481,5,0.430,0.459,6,0.464,0.463,7,0.346,0.435,8,0.381,0.439,9,0.260,0.417
1060.884,4398,9,1,0.641,0.512,2,0.601,0.501,3,0.551,0.487,4,0.515,0.481,5,0.430,0.459,6,0.464,0.463,7,0.346,0.435,8,0.382,0.440,9,0.260,0.416
1060.951,4399,9,1,0.641,0.512,2,0.601,0.502,3,0.551,0.487,4,0.516,0.481,5,0.431,0.460,6,0.465,0.462,7,0.347,0.435,8,0.382,0.440,9,0.260,0.416
1061.018,4400,9,1,0.642,0.512,2,0.602,0.502,3,0.551,0.487,4,0.517,0.481,5,0.431,0.460,6,0.466,0.462,7,0.347,0.435,8,0.382,0.440,9,0.260,0.416
1061.084,4401,9,1,0.642,0.512,2,0.602,0.502,3,0.552,0.487,4,0.518,0.482,5,0.431,0.459,6,0.466,0.462,7,0.347,0.435,8,0.382,0.440,9,0.260,0.417
1061.151,4402,9,1,0.643,0.513,2,0.603,0.503,3,0.553,0.487,4,0.518,0.482,5,0.432,0.460,6,0.468,0.463,7,0.348,0.436,8,0.382,0.440,9,0.262,0.416
1061.218,4403,9,1,0.644,0.514,2,0.603,0.504,3,0.553,0.489,4,0.518,0.482,5,0.432,0.460,6,0.468,0.464,7,0.349,0.436,8,0.383,0.441,9,0.263,0.416
1061.285,4404,9,1,0.644,0.515,2,0.604,0.505,3,0.554,0.489,4,0.519,0.483,5,0.434,0.461,6,0.468,0.465,7,0.350,0.436,8,0.383,0.442,9,0.263,0.417
1061.351,4405,9,1,0.645,0.517,2,0.605,0.506,3,0.555,0.491,4,0.520,0.485,5,0.434,0.461,6,0.470,0.466,7,0.363,0.436,8,0.350,0.438,9,0.265,0.418
1061.418,4406,9,1,0.646,0.517,2,0.606,0.507,3,0.556,0.491,4,0.521,0.485,5,0.435,0.462,6,0.471,0.467,7,0.366,0.437,8,0.350,0.439,9,0.265,0.418
1061.485,4407,9,1,0.646,0.517,2,0.607,0.508,3,0.556,0.492,4,0.521,0.485,5,0.436,0.463,6,0.471,0.467,7,0.366,0.438,8,0.350,0.439,9,0.266,0.418
1061.551,4408,10,1,0.647,0.518,2,0.607,0.508,3,0.557,0.492,4,0.522,0.486,5,0.436,0.463,6,0.471,0.467,7,0.371,0.439,8,0.351,0.439,9,0.267,0.418,10,0.301,0.419
1061.618,4409,10,1,0.648,0.519,2,0.607,0.508,3,0.557,0.492,4,0.522,0.486,5,0.437,0.463,6,0.471,0.468,7,0.387,0.444,8,0.352,0.438,9,0.267,0.419,10,0.301,0.419
1061.685,4410,9,1,0.647,0.520,2,0.607,0.509,3,0.557,0.494,4,0.522,0.487,5,0.447,0.463,6,0.435,0.466,7,0.386,0.446,8,0.352,0.438,9,0.267,0.419
1061.751,4411,9,1,0.648,0.521,2,0.608,0.510,3,0.557,0.494,4,0.522,0.488,5,0.437,0.464,6,0.472,0.470,7,0.386,0.446,8,0.353,0.438,9,0.267,0.419
1061.818,4412,10,1,0.648,0.523,2,0.608,0.512,3,0.558,0.496,4,0.522,0.489,5,0.437,0.465,6,0.471,0.470,7,0.378,0.444,8,0.352,0.439,9,0.268,0.419,10,0.301,0.422
1061.885,4413,10,1,0.649,0.525,2,0.608,0.514,3,0.557,0.497,4,0.522,0.490,5,0.449,0.466,6,0.435,0.469,7,0.385,0.447,8,0.353,0.439,9,0.267,0.421,10,0.300,0.425
1061.952,4414,10,1,0.648,0.527,2,0.608,0.516,3,0.556,0.500,4,0.522,0.492,5,0.450,0.469,6,0.435,0.471,7,0.387,0.450,8,0.352,0.441,9,0.267,0.421,10,0.301,0.425
1062.018,4415,10,1,0.647,0.529,2,0.607,0.519,3,0.556,0.502,4,0.522,0.494,5,0.463,0.475,6,0.436,0.471,7,0.387,0.452,8,0.352,0.443,9,0.266,0.423,10,0.300,0.427
1062.085,4416,10,1,0.647,0.530,2,0.607,0.519,3,0.556,0.503,4,0.522,0.495,5,0.454,0.472,6,0.435,0.471,7,0.386,0.452,8,0.352,0.443,9,0.266,0.422,10,0.299,0.427
1062.152,4417,10,1,0.646,0.530,2,0.606,0.519,3,0.554,0.501,4,0.521,0.493,5,0.470,0.475,6,0.435,0.469,7,0.382,0.450,8,0.351,0.442,9,0.265,0.421,10,0.300,0.425
1062.218,4418,10,1,0.646,0.529,2,0.605,0.518,3,0.555,0.500,4,0.520,0.492,5,0.469,0.474,6,0.434,0.467,7,0.383,0.448,8,0.350,0.441,9,0.263,0.420,10,0.297,0.424
1062.285,4419,10,1,0.644,0.529,2,0.604,0.517,3,0.553,0.500,4,0.519,0.492,5,0.458,0.470,6,0.432,0.466,7,0.380,0.447,8,0.348,0.439,9,0.261,0.420,10,0.295,0.423
1062.352,4420,10,1,0.643,0.528,2,0.603,0.517,3,0.552,0.499,4,0.517,0.491,5,0.462,0.472,6,0.430,0.466,7,0.381,0.448,8,0.346,0.439,9,0.259,0.420,10,0.293,0.424
1062.418,4421,10,1,0.641,0.528,2,0.601,0.516,3,0.549,0.498,4,0.515,0.490,5,0.460,0.471,6,0.430,0.465,7,0.380,0.448,8,0.344,0.439,9,0.258,0.421,10,0.291,0.424
1062.485,4422,10,1,0.641,0.527,2,0.601,0.515,3,0.549,0.498,4,0.515,0.490,5,0.429,0.465,6,0.464,0.471,7,0.378,0.448,8,0.344,0.440,9,0.257,0.421,10,0.291,0.424
1062.552,4423,10,1,0.641,0.527,2,0.601,0.515,3,0.549,0.498,4,0.515,0.491,5,0.463,0.473,6,0.428,0.466,7,0.378,0.448,8,0.343,0.440,9,0.256,0.422,10,0.290,0.425
1062.619,4424,10,1,0.641,0.527,2,0.601,0.516,3,0.549,0.498,4,0.515,0.491,5,0.454,0.471,6,0.427,0.467,7,0.378,0.449,8,0.343,0.441,9,0.255,0.423,10,0.290,0.426
1062.685,4425,10,1,0.642,0.528,2,0.602,0.516,3,0.550,0.499,4,0.515,0.491,5,0.463,0.475,6,0.429,0.467,7,0.378,0.451,8,0.342,0.442,9,0.254,0.425,10,0.289,0.427
1062.752,4426,10,1,0.643,0.527,2,0.602,0.516,3,0.550,0.499,4,0.515,0.492,5,0.463,0.475,6,0.429,0.467,7,0.377,0.451,8,0.341,0.443,9,0.254,0.426,10,0.288,0.428
1062.819,4427,10,1,0.644,0.526,2,0.603,0.515,3,0.551,0.499,4,0.516,0.491,5,0.464,0.475,6,0.429,0.468,7,0.377,0.452,8,0.341,0.444,9,0.254,0.427,10,0.288,0.430
1062.885,4428,10,1,0.645,0.525,2,0.604,0.514,3,0.552,0.498,4,0.518,0.491,5,0.463,0.475,6,0.429,0.468,7,0.378,0.452,8,0.342,0.444,9,0.254,0.428,10,0.289,0.431
1062.952,4429,10,1,0.646,0.524,2,0.606,0.513,3,0.553,0.498,4,0.518,0.491,5,0.466,0.475,6,0.431,0.468,7,0.379,0.452,8,0.343,0.445,9,0.255,0.429,10,0.289,0.431
1063.019,4430,10,1,0.648,0.523,2,0.607,0.513,3,0.555,0.498,4,0.520,0.491,5,0.467,0.475,6,0.431,0.469,7,0.378,0.453,8,0.344,0.446,9,0.255,0.430,10,0.290,0.431
1063.085,4431,10,1,0.649,0.523,2,0.608,0.514,3,0.555,0.498,4,0.519,0.492,5,0.468,0.475,6,0.432,0.469,7,0.377,0.454,8,0.344,0.447,9,0.255,0.431,10,0.291,0.433
1063.163,4432,10,1,0.650,0.523,2,0.608,0.514,3,0.557,0.499,4,0.521,0.489,5,0.468,0.477,6,0.432,0.471,7,0.381,0.456,8,0.345,0.449,9,0.255,0.433,10,0.290,0.435
1063.219,4433,11,1,0.651,0.523,2,0.610,0.514,3,0.557,0.499,4,0.521,0.493,5,0.468,0.478,6,0.433,0.472,7,0.381,0.457,8,0.345,0.450,9,0.255,0.435,10,0.291,0.437,11,0.200,0.419
1063.285,4434,11,1,0.652,0.524,2,0.610,0.514,3,0.558,0.499,4,0.522,0.493,5,0.469,0.479,6,0.434,0.473,7,0.382,0.459,8,0.345,0.452,9,0.255,0.438,10,0.291,0.440,11,0.200,0.422
1063.352,4435,11,1,0.653,0.523,2,0.611,0.514,3,0.558,0.499,4,0.523,0.493,5,0.469,0.479,6,0.434,0.473,7,0.381,0.460,8,0.345,0.452,9,0.254,0.439,10,0.290,0.442,11,0.199,0.425
1063.419,4436,11,1,0.654,0.522,2,0.612,0.513,3,0.559,0.499,4,0.524,0.493,5,0.470,0.478,6,0.434,0.473,7,0.381,0.460,8,0.345,0.454,9,0.254,0.441,10,0.290,0.443,11,0.198,0.427
1063.486,4437,11,1,0.655,0.520,2,0.613,0.512,3,0.560,0.498,4,0.524,0.492,5,0.470,0.478,6,0.434,0.474,7,0.378,0.460,8,0.344,0.455,9,0.253,0.443,10,0.289,0.445,11,0.197,0.429
1063.552,4438,11,1,0.656,0.519,2,0.613,0.511,3,0.560,0.498,4,0.524,0.492,5,0.434,0.474,6,0.470,0.478,7,0.378,0.461,8,0.343,0.456,9,0.252,0.445,10,0.288,0.446,11,0.195,0.433
1063.619,4439,11,1,0.656,0.518,2,0.614,0.510,3,0.560,0.497,4,0.524,0.492,5,0.434,0.475,6,0.470,0.479,7,0.380,0.462,8,0.343,0.456,9,0.251,0.446,10,0.288,0.448,11,0.195,0.435
1063.686,4440,11,1,0.657,0.517,2,0.614,0.509,3,0.561,0.496,4,0.524,0.492,5,0.470,0.479,6,0.434,0.475,7,0.379,0.463,8,0.342,0.458,9,0.250,0.449,10,0.287,0.450,11,0.193,0.438
1063.752,4441,11,1,0.657,0.516,2,0.615,0.509,3,0.561,0.496,4,0.525,0.492,5,0.470,0.480,6,0.434,0.476,7,0.379,0.465,8,0.343,0.460,9,0.250,0.451,10,0.287,0.452,11,0.192,0.440
1063.819,4442,11,1,0.658,0.514,2,0.615,0.507,3,0.560,0.496,4,0.525,0.492,5,0.434,0.477,6,0.470,0.481,7,0.379,0.466,8,0.342,0.462,9,0.249,0.454,10,0.286,0.455,11,0.192,0.444
1063.886,4443,11,1,0.659,0.512,2,0.616,0.506,3,0.561,0.495,4,0.525,0.492,5,0.433,0.478,6,0.470,0.481,7,0.379,0.468,8,0.341,0.464,9,0.248,0.457,10,0.285,0.457,11,0.190,0.447
1063.952,4444,11,1,0.660,0.511,2,0.616,0.505,3,0.561,0.495,4,0.525,0.492,5,0.470,0.482,6,0.433,0.479,7,0.376,0.469,8,0.341,0.465,9,0.248,0.460,10,0.284,0.459,11,0.188,0.452
1064.019,4445,11,1,0.659,0.508,2,0.616,0.503,3,0.525,0.491,4,0.561,0.493,5,0.470,0.482,6,0.433,0.479,7,0.341,0.467,8,0.377,0.470,9,0.247,0.462,10,0.284,0.461,11,0.189,0.454
1064.086,4446,11,1,0.659,0.507,2,0.616,0.501,3,0.561,0.493,4,0.525,0.490,5,0.469,0.482,6,0.431,0.479,7,0.377,0.471,8,0.340,0.469,9,0.246,0.465,10,0.283,0.464,11,0.186,0.457
1064.152,4447,11,1,0.659,0.504,2,0.616,0.500,3,0.561,0.491,4,0.525,0.490,5,0.469,0.481,6,0.431,0.480,7,0.340,0.470,8,0.376,0.472,9,0.246,0.468,10,0.281,0.465,11,0.186,0.459
1064.219,4448,11,1,0.660,0.502,2,0.616,0.498,3,0.524,0.490,4,0.561,0.490,5,0.469,0.481,6,0.432,0.481,7,0.376,0.472,8,0.245,0.470,9,0.339,0.471,10,0.281,0.468,11,0.185,0.461
1064.286,4449,11,1,0.660,0.500,2,0.617,0.496,3,0.525,0.489,4,0.562,0.490,5,0.432,0.482,6,0.469,0.482,7,0.339,0.473,8,0.376,0.474,9,0.244,0.472,10,0.281,0.469,11,0.185,0.464
1064.353,4450,11,1,0.662,0.499,2,0.618,0.496,3,0.525,0.489,4,0.563,0.490,5,0.433,0.483,6,0.470,0.483,7,0.340,0.475,8,0.377,0.475,9,0.244,0.475,10,0.282,0.472,11,0.185,0.467
1064.419,4451,11,1,0.662,0.499,2,0.618,0.495,3,0.526,0.490,4,0.563,0.490,5,0.433,0.484,6,0.471,0.484,7,0.340,0.477,8,0.244,0.477,9,0.377,0.477,10,0.282,0.474,11,0.185,0.470
1064.486,4452,11,1,0.663,0.498,2,0.619,0.496,3,0.526,0.490,4,0.563,0.490,5,0.432,0.485,6,0.471,0.485,7,0.339,0.479,8,0.377,0.479,9,0.244,0.479,10,0.281,0.476,11,0.184,0.473
1064.553,4453,11,1,0.662,0.497,2,0.618,0.495,3,0.526,0.491,4,0.563,0.490,5,0.433,0.486,6,0.470,0.486,7,0.243,0.480,8,0.339,0.480,9,0.376,0.480,10,0.281,0.477,11,0.183,0.475
1064.619,4454,11,1,0.662,0.497,2,0.618,0.495,3,0.525,0.491,4,0.563,0.490,5,0.432,0.487,6,0.469,0.486,7,0.243,0.482,8,0.338,0.481,9,0.376,0.481,10,0.280,0.479,11,0.183,0.477
1064.686,4455,11,1,0.661,0.497,2,0.617,0.495,3,0.525,0.492,4,0.562,0.490,5,0.432,0.487,6,0.242,0.484,7,0.469,0.486,8,0.338,0.482,9,0.375,0.482,10,0.280,0.480,11,0.182,0.478
1064.753,4456,11,1,0.660,0.496,2,0.617,0.495,3,0.524,0.492,4,0.561,0.490,5,0.430,0.487,6,0.468,0.486,7,0.242,0.484,8,0.337,0.482,9,0.374,0.482,10,0.279,0.480,11,0.181,0.479
1064.819,4457,11,1,0.660,0.496,2,0.616,0.495,3,0.524,0.491,4,0.561,0.490,5,0.430,0.487,6,0.468,0.486,7,0.240,0.484,8,0.336,0.482,9,0.374,0.482,10,0.278,0.480,11,0.180,0.479
1064.886,4458,11,1,0.660,0.495,2,0.616,0.494,3,0.523,0.491,4,0.560,0.490,5,0.430,0.487,6,0.467,0.486,7,0.240,0.484,8,0.336,0.482,9,0.374,0.482,10,0.278,0.480,11,0.180,0.479
1064.953,4459,11,1,0.660,0.495,2,0.616,0.493,3,0.524,0.490,4,0.561,0.490,5,0.430,0.486,6,0.467,0.486,7,0.241,0.483,8,0.336,0.481,9,0.374,0.481,10,0.278,0.479,11,0.180,0.478
1065.020,4460,11,1,0.659,0.495,2,0.616,0.493,3,0.524,0.490,4,0.560,0.489,5,0.430,0.486,6,0.467,0.485,7,0.241,0.483,8,0.336,0.481,9,0.374,0.481,10,0.278,0.479,11,0.180,0.478
1065.086,4461,11,1,0.659,0.495,2,0.616,0.493,3,0.524,0.490,4,0.561,0.490,5,0.430,0.486,6,0.467,0.485,7,0.241,0.483,8,0.336,0.481,9,0.374,0.481,10,0.278,0.479,11,0.180,0.478
1065.153,4462,11,1,0.660,0.495,2,0.616,0.493,3,0.524,0.490,4,0.560,0.490,5,0.430,0.486,6,0.467,0.486,7,0.241,0.483,8,0.336,0.481,9,0.374,0.481,10,0.278,0.479,11,0.180,0.478
1065.220,4463,11,1,0.660,0.496,2,0.617,0.494,3,0.524,0.490,4,0.561,0.490,5,0.430,0.486,6,0.467,0.486,7,0.241,0.483,8,0.336,0.481,9,0.374,0.481,10,0.278,0.480,11,0.180,0.479
1065.286,4464,11,1,0.660,0.496,2,0.617,0.494,3,0.524,0.490,4,0.561,0.490,5,0.430,0.486,6,0.468,0.485,7,0.241,0.483,8,0.337,0.481,9,0.374,0.481,10,0.278,0.480,11,0.181,0.478
1065.353,4465,11,1,0.661,0.496,2,0.617,0.494,3,0.524,0.490,4,0.561,0.489,5,0.431,0.486,6,0.468,0.486,7,0.242,0.483,8,0.337,0.481,9,0.374,0.481,10,0.279,0.480,11,0.181,0.478
1065.420,4466,11,1,0.661,0.495,2,0.617,0.493,3,0.524,0.490,4,0.561,0.489,5,0.432,0.486,6,0.468,0.486,7,0.242,0.483,8,0.338,0.482,9,0.375,0.481,10,0.279,0.480,11,0.181,0.478
1065.486,4467,11,1,0.661,0.495,2,0.618,0.493,3,0.524,0.490,4,0.562,0.488,5,0.432,0.486,6,0.469,0.485,7,0.242,0.483,8,0.338,0.481,9,0.375,0.481,10,0.279,0.480,11,0.182,0.478
1065.553,4468,11,1,0.661,0.494,2,0.618,0.493,3,0.524,0.490,4,0.432,0.486,5,0.562,0.488,6,0.469,0.485,7,0.242,0.483,8,0.338,0.481,9,0.375,0.480,10,0.280,0.479,11,0.182,0.478
1065.620,4469,11,1,0.661,0.494,2,0.617,0.492,3,0.524,0.489,4,0.562,0.488,5,0.432,0.485,6,0.468,0.484,7,0.242,0.483,8,0.338,0.481,9,0.375,0.480,10,0.279,0.479,11,0.182,0.478
1065.687,4470,11,1,0.661,0.493,2,0.617,0.492,3,0.524,0.489,4,0.562,0.488,5,0.432,0.485,6,0.468,0.484,7,0.242,0.483,8,0.337,0.481,9,0.375,0.480,10,0.279,0.479,11,0.182,0.478
1065.753,4471,11,1,0.661,0.493,2,0.617,0.492,3,0.524,0.489,4,0.562,0.488,5,0.432,0.485,6,0.468,0.484,7,0.242,0.483,8,0.337,0.481,9,0.375,0.480,10,0.279,0.479,11,0.182,0.478
1065.820,4472,11,1,0.661,0.494,2,0.617,0.492,3,0.524,0.489,4,0.562,0.488,5,0.242,0.483,6,0.432,0.485,7,0.468,0.484,8,0.337,0.481,9,0.375,0.480,10,0.279,0.479,11,0.182,0.478
1065.887,4473,11,1,0.662,0.494,2,0.618,0.493,3,0.524,0.490,4,0.432,0.486,5,0.562,0.488,6,0.242,0.483,7,0.469,0.485,8,0.338,0.482,9,0.375,0.480,10,0.280,0.479,11,0.182,0.478
1065.953,4474,11,1,0.662,0.495,2,0.618,0.493,3,0.525,0.490,4,0.562,0.489,5,0.432,0.486,6,0.242,0.483,7,0.469,0.485,8,0.338,0.482,9,0.376,0.481,10,0.280,0.480,11,0.182,0.478
1066.020,4475,11,1,0.662,0.496,2,0.618,0.494,3,0.525,0.490,4,0.563,0.490,5,0.433,0.487,6,0.469,0.486,7,0.243,0.483,8,0.338,0.481,9,0.376,0.481,10,0.280,0.480,11,0.183,0.477
1066.087,4476,11,1,0.662,0.496,2,0.619,0.494,3,0.526,0.490,4,0.563,0.490,5,0.433,0.486,6,0.471,0.486,7,0.244,0.482,8,0.339,0.481,9,0.377,0.481,10,0.280,0.479,11,0.183,0.477
1066.153,4477,11,1,0.666,0.496,2,0.623,0.495,3,0.530,0.490,4,0.567,0.490,5,0.437,0.486,6,0.474,0.486,7,0.342,0.481,8,0.380,0.481,9,0.247,0.482,10,0.285,0.479,11,0.188,0.477
1066.220,4478,11,1,0.675,0.497,2,0.632,0.495,3,0.539,0.491,4,0.576,0.490,5,0.447,0.487,6,0.483,0.486,7,0.353,0.481,8,0.390,0.482,9,0.257,0.482,10,0.295,0.480,11,0.199,0.477
1066.287,4479,11,1,0.692,0.498,2,0.648,0.495,3,0.556,0.492,4,0.593,0.491,5,0.463,0.487,6,0.500,0.487,7,0.370,0.482,8,0.407,0.482,9,0.313,0.481,10,0.217,0.479,11,0.276,0.481
1066.353,4480,11,1,0.716,0.498,2,0.672,0.496,3,0.580,0.492,4,0.617,0.492,5,0.488,0.488,6,0.525,0.488,7,0.339,0.481,8,0.433,0.482,9,0.394,0.482,10,0.244,0.479,11,0.301,0.482
1066.420,4481,11,1,0.750,0.500,2,0.706,0.498,3,0.614,0.493,4,0.650,0.493,5,0.521,0.489,6,0.559,0.488,7,0.458,0.483,8,0.373,0.482,9,0.432,0.483,10,0.278,0.480,11,0.338,0.483
1066.487,4482,11,1,0.795,0.503,2,0.749,0.501,3,0.657,0.496,4,0.693,0.495,5,0.601,0.491,6,0.380,0.486,7,0.472,0.484,8,0.509,0.485,9,0.417,0.483,10,0.563,0.488,11,0.322,0.481
1066.554,4483,11,1,0.847,0.506,2,0.801,0.504,3,0.709,0.498,4,0.746,0.499,5,0.617,0.493,6,0.654,0.493,7,0.433,0.489,8,0.528,0.485,9,0.562,0.487,10,0.468,0.484,11,0.375,0.481
1066.620,4484,11,1,0.913,0.512,2,0.865,0.509,3,0.773,0.504,4,0.811,0.504,5,0.684,0.497,6,0.718,0.497,7,0.497,0.489,8,0.626,0.491,9,0.533,0.487,10,0.590,0.488,11,0.440,0.484
1066.687,4485,11,1,0.944,0.516,2,0.986,0.519,3,0.847,0.511,4,0.884,0.512,5,0.760,0.504,6,0.792,0.506,7,0.687,0.495,8,0.660,0.495,9,0.578,0.492,10,0.607,0.492,11,0.514,0.487
1066.754,4486,11,1,1.064,0.525,2,1.021,0.521,3,0.924,0.516,4,0.962,0.516,5,0.832,0.508,6,0.870,0.510,7,0.771,0.499,8,0.739,0.497,9,0.647,0.496,10,0.591,0.493,11,0.684,0.494
1066.820,4487,11,1,1.134,0.530,2,1.094,0.527,3,1.006,0.519,4,1.037,0.519,5,0.909,0.509,6,0.945,0.512,7,0.719,0.500,8,0.811,0.501,9,0.850,0.503,10,0.756,0.498,11,0.662,0.495
1066.887,4488,11,1,1.205,0.536,2,1.164,0.533,3,1.073,0.525,4,1.108,0.526,5,0.977,0.516,6,1.014,0.518,7,0.920,0.508,8,0.790,0.504,9,0.883,0.505,10,0.826,0.502,11,0.732,0.498
1066.954,4489,11,1,1.271,0.543,2,1.230,0.539,3,1.139,0.530,4,1.174,0.531,5,1.043,0.521,6,1.081,0.523,7,0.948,0.509,8,0.987,0.513,9,0.855,0.509,10,0.892,0.505,11,0.800,0.502
1067.020,4490,11,1,1.336,0.548,2,1.294,0.544,3,1.201,0.535,4,1.236,0.536,5,1.103,0.527,6,1.143,0.528,7,1.047,0.516,8,1.011,0.512,9,0.916,0.511,10,0.956,0.509,11,0.863,0.505
1067.087,4491,11,1,1.396,0.552,2,1.353,0.548,3,1.258,0.540,4,1.296,0.540,5,1.166,0.529,6,1.202,0.531,7,1.107,0.520,8,0.979,0.514,9,1.071,0.517,10,1.015,0.513,11,0.921,0.509
1067.154,4492,11,1,1.452,0.556,2,1.410,0.552,3,1.315,0.544,4,1.352,0.544,5,1.218,0.535,6,1.258,0.536,7,1.129,0.524,8,1.165,0.526,9,1.071,0.519,10,1.034,0.521,11,0.978,0.515
1067.221,4493,11,1,1.507,0.560,2,1.463,0.556,3,1.369,0.548,4,1.405,0.548,5,1.273,0.540,6,1.311,0.540,7,1.181,0.529,8,1.219,0.531,9,1.088,0.528,10,1.125,0.523,11,1.032,0.518
1067.287,4494,11,1,1.558,0.564,2,1.513,0.559,3,1.416,0.553,4,1.456,0.551,5,1.326,0.544,6,1.363,0.545,7,1.231,0.535,8,1.270,0.534,9,1.139,0.530,10,1.176,0.529,11,1.083,0.525
1067.354,4495,11,1,1.606,0.567,2,1.563,0.563,3,1.466,0.557,4,1.506,0.556,5,1.374,0.549,6,1.412,0.548,7,1.281,0.538,8,1.318,0.539,9,1.186,0.537,10,1.224,0.533,11,1.131,0.529
1067.421,4496,11,1,1.654,0.572,2,1.607,0.568,3,1.514,0.560,4,1.553,0.560,5,1.421,0.554,6,1.459,0.553,7,1.326,0.542,8,1.366,0.545,9,1.232,0.542,10,1.272,0.538,11,1.178,0.533
1067.487,4497,11,1,1.700,0.576,2,1.652,0.572,3,1.559,0.565,4,1.599,0.564,5,1.464,0.558,6,1.504,0.558,7,1.371,0.547,8,1.411,0.549,9,1.275,0.545,10,1.317,0.542,11,1.222,0.538
1067.554,4498,11,1,1.743,0.580,2,1.696,0.576,3,1.601,0.569,4,1.643,0.568,5,1.507,0.562,6,1.548,0.561,7,1.414,0.553,8,1.455,0.553,9,1.319,0.550,10,1.361,0.546,11,1.266,0.542
1067.621,4499,11,1,1.784,0.584,2,1.737,0.580,3,1.643,0.574,4,1.685,0.572,5,1.551,0.566,6,1.590,0.565,7,1.455,0.556,8,1.497,0.555,9,1.361,0.553,10,1.403,0.549,11,1.308,0.546
1067.687,4500,11,1,1.823,0.587,2,1.778,0.583,3,1.684,0.576,4,1.725,0.575,5,1.589,0.570,6,1.630,0.569,7,1.536,0.560,8,1.401,0.557,9,1.497,0.559,10,1.442,0.554,11,1.348,0.550
1067.754,4501,11,1,1.862,0.590,2,1.816,0.586,3,1.724,0.580,4,1.763,0.578,5,1.627,0.574,6,1.669,0.573,7,1.534,0.563,8,1.576,0.564,9,1.439,0.562,10,1.481,0.559,11,1.387,0.553
1067.821,4502,11,1,1.900,0.592,2,1.854,0.589,3,1.760,0.583,4,1.801,0.580,5,1.668,0.577,6,1.706,0.574,7,1.574,0.567,8,1.476,0.566,9,1.613,0.567,10,1.517,0.562,11,1.424,0.558
1067.888,4503,10,1,1.937,0.593,2,1.891,0.590,3,1.795,0.585,4,1.838,0.583,5,1.701,0.578,6,1.743,0.577,7,1.606,0.571,8,1.513,0.570,9,1.649,0.570,10,1.553,0.565
1067.954,4504,10,1,1.973,0.594,2,1.926,0.591,3,1.831,0.588,4,1.735,0.583,5,1.873,0.584,6,1.778,0.580,7,1.546,0.575,8,1.642,0.574,9,1.683,0.574,10,1.589,0.569
1068.021,4505,9,1,2.007,0.595,2,1.961,0.594,3,1.866,0.589,4,1.771,0.586,5,1.909,0.586,6,1.583,0.578,7,1.676,0.578,8,1.717,0.575,9,1.623,0.571
1068.088,4506,9,1,2.042,0.597,2,1.995,0.595,3,1.900,0.591,4,1.804,0.588,5,1.942,0.587,6,1.614,0.580,7,1.710,0.581,8,1.847,0.583,9,1.751,0.577
1068.154,4507,7,1,2.075,0.598,2,2.029,0.596,3,1.933,0.594,4,1.837,0.590,5,1.975,0.590,6,1.649,0.584,7,1.742,0.584
1068.221,4508,7,1,2.107,0.601,2,2.061,0.598,3,1.965,0.597,4,1.871,0.594,5,2.009,0.591,6,1.681,0.587,7,1.775,0.587
1068.288,4509,6,1,2.140,0.603,2,1.997,0.598,3,2.093,0.601,4,1.902,0.597,5,1.806,0.591,6,1.713,0.591
1068.354,4510,6,1,2.171,0.605,2,2.028,0.602,3,2.124,0.603,4,1.933,0.599,5,1.745,0.595,6,1.838,0.594
1068.421,4511,6,1,2.202,0.607,2,2.060,0.605,3,2.154,0.606,4,1.964,0.602,5,1.773,0.601,6,1.868,0.599
1068.488,4512,6,1,2.233,0.609,2,1.994,0.607,3,2.090,0.608,4,2.186,0.608,5,1.804,0.605,6,1.899,0.603
1068.555,4513,7,1,2.263,0.611,2,1.836,0.611,3,2.024,0.611,4,2.121,0.610,5,2.217,0.610,6,1.929,0.607,7,2.068,0.601
1068.621,4514,10,1,1.863,0.615,2,2.293,0.613,3,1.958,0.613,4,2.053,0.614,5,2.150,0.614,6,2.247,0.613,7,1.906,0.609,8,2.194,0.609,9,2.001,0.609,10,2.097,0.609
1068.688,4515,11,1,1.892,0.622,2,2.084,0.619,3,1.987,0.616,4,2.179,0.617,5,2.277,0.615,6,2.323,0.614,7,1.839,0.617,8,1.934,0.614,9,2.030,0.613,10,2.125,0.613,11,2.223,0.611
1068.755,4516,11,1,1.920,0.625,2,2.112,0.622,3,1.868,0.622,4,2.015,0.619,5,2.208,0.620,6,1.963,0.618,7,2.351,0.616,8,2.058,0.617,9,2.154,0.617,10,2.305,0.617,11,2.252,0.613
1068.821,4517,11,1,1.949,0.629,2,1.895,0.627,3,2.139,0.625,4,1.991,0.623,5,2.043,0.623,6,2.235,0.623,7,2.086,0.621,8,2.183,0.620,9,2.379,0.619,10,2.333,0.619,11,2.280,0.616
1068.888,4518,11,1,1.975,0.634,2,1.923,0.631,3,2.166,0.628,4,2.018,0.626,5,2.070,0.626,6,2.263,0.626,7,2.114,0.623,8,2.209,0.623,9,2.360,0.623,10,2.406,0.621,11,2.308,0.619
1068.955,4519,11,1,2.002,0.637,2,1.950,0.634,3,2.096,0.629,4,2.193,0.630,5,2.045,0.629,6,2.289,0.628,7,2.142,0.626,8,2.236,0.626,9,2.432,0.624,10,2.334,0.622,11,2.386,0.625
1069.021,4520,11,1,1.976,0.638,2,2.028,0.639,3,2.071,0.633,4,2.123,0.633,5,2.220,0.633,6,2.315,0.631,7,2.167,0.629,8,2.263,0.628,9,2.360,0.625,10,2.412,0.627,11,2.458,0.625
1069.088,4521,11,1,2.053,0.643,2,2.003,0.642,3,2.097,0.635,4,2.149,0.636,5,2.244,0.635,6,2.193,0.631,7,2.289,0.631,8,2.342,0.631,9,2.386,0.628,10,2.438,0.629,11,2.482,0.627
1069.155,4522,11,1,2.027,0.646,2,2.078,0.646,3,2.122,0.639,4,2.174,0.638,5,2.269,0.637,6,2.218,0.635,7,2.365,0.634,8,2.315,0.632,9,2.507,0.628,10,2.411,0.629,11,2.462,0.630
1069.222,4523,11,1,2.052,0.649,2,2.102,0.648,3,2.146,0.641,4,2.197,0.639,5,2.242,0.637,6,2.293,0.638,7,2.390,0.635,8,2.339,0.634,9,2.436,0.630,10,2.487,0.630,11,2.533,0.628
1069.288,4524,11,1,2.076,0.651,2,2.127,0.651,3,2.171,0.643,4,2.221,0.641,5,2.318,0.640,6,2.266,0.638,7,2.362,0.635,8,2.414,0.635,9,2.460,0.631,10,2.511,0.631,11,2.557,0.628
1069.355,4525,11,1,2.100,0.654,2,2.151,0.652,3,2.194,0.646,4,2.245,0.643,5,2.290,0.639,6,2.341,0.641,7,2.386,0.635,8,2.438,0.636,9,2.484,0.630,10,2.580,0.628,11,2.535,0.630
1069.422,4526,11,1,2.124,0.655,2,2.174,0.654,3,2.218,0.646,4,2.268,0.643,5,2.314,0.640,6,2.365,0.641,7,2.410,0.636,8,2.461,0.635,9,2.507,0.631,10,2.559,0.630,11,2.604,0.627
1069.488,4527,11,1,2.147,0.657,2,2.197,0.653,3,2.241,0.648,4,2.291,0.643,5,2.337,0.641,6,2.387,0.641,7,2.434,0.636,8,2.485,0.635,9,2.530,0.630,10,2.581,0.629,11,2.627,0.627
1069.555,4528,11,1,2.170,0.657,2,2.220,0.654,3,2.265,0.649,4,2.315,0.644,5,2.361,0.641,6,2.411,0.641,7,2.457,0.636,8,2.508,0.635,9,2.554,0.630,10,2.605,0.629,11,2.651,0.625
1069.622,4529,12,1,2.193,0.659,2,2.243,0.655,3,2.287,0.649,4,2.337,0.644,5,2.383,0.641,6,2.434,0.641,7,2.479,0.636,8,2.530,0.635,9,2.577,0.630,10,2.628,0.628,11,2.673,0.625,101,2.735,0.629
1069.688,4530,12,1,2.216,0.660,2,2.265,0.657,3,2.310,0.649,4,2.360,0.644,5,2.406,0.641,6,2.457,0.641,7,2.503,0.635,8,2.553,0.633,9,2.600,0.628,10,2.651,0.626,11,2.697,0.623,101,2.750,0.626
1069.755,4531,13,1,2.238,0.660,2,2.288,0.658,3,2.332,0.650,4,2.383,0.645,5,2.429,0.641,6,2.478,0.641,7,2.524,0.635,8,2.575,0.634,9,2.623,0.627,10,2.673,0.626,11,2.719,0.622,101,2.734,0.629,102,2.772,0.624
1069.822,4532,13,1,2.260,0.661,2,2.310,0.658,3,2.354,0.650,4,2.405,0.645,5,2.451,0.641,6,2.500,0.640,7,2.547,0.633,8,2.597,0.632,9,2.645,0.626,10,2.696,0.623,11,2.742,0.619,101,2.751,0.627,102,2.794,0.623
1069.889,4533,13,1,2.281,0.662,2,2.332,0.657,3,2.376,0.649,4,2.426,0.644,5,2.472,0.640,6,2.523,0.638,7,2.568,0.633,8,2.618,0.631,9,2.666,0.624,10,2.718,0.621,11,2.763,0.617,101,2.772,0.625,102,2.814,0.620
1069.964,4534,14,1,2.303,0.662,2,2.352,0.657,3,2.397,0.649,4,2.447,0.643,5,2.494,0.638,6,2.544,0.638,7,2.590,0.631,8,2.640,0.629,9,2.688,0.622,10,2.740,0.619,11,2.785,0.614,101,2.737,0.625,102,2.792,0.621,103,2.835,0.616
1070.022,4535,14,1,2.323,0.660,2,2.374,0.657,3,2.418,0.648,4,2.468,0.643,5,2.514,0.637,6,2.565,0.636,7,2.611,0.629,8,2.661,0.627,9,2.709,0.619,10,2.760,0.616,11,2.806,0.611,101,2.757,0.622,102,2.811,0.618,103,2.854,0.613
1070.088,4536,15,1,2.344,0.660,2,2.394,0.656,3,2.438,0.646,4,2.488,0.641,5,2.535,0.635,6,2.586,0.635,7,2.631,0.627,8,2.681,0.626,9,2.730,0.617,10,2.781,0.613,11,2.826,0.609,101,2.743,0.627,102,2.777,0.620,103,2.832,0.615,104,2.875,0.611
1070.155,4537,15,1,2.364,0.659,2,2.414,0.655,3,2.458,0.646,4,2.508,0.640,5,2.554,0.633,6,2.605,0.632,7,2.651,0.624,8,2.703,0.622,9,2.749,0.614,10,2.801,0.611,11,2.847,0.606,101,2.763,0.625,102,2.798,0.617,103,2.852,0.613,104,2.895,0.608
1070.222,4538,15,1,2.384,0.658,2,2.433,0.655,3,2.478,0.645,4,2.528,0.639,5,2.574,0.632,6,2.625,0.631,7,2.671,0.623,8,2.722,0.620,9,2.769,0.612,10,2.821,0.608,11,2.867,0.603,101,2.784,0.623,102,2.818,0.615,103,2.873,0.611,104,2.915,0.605
1070.289,4539,16,1,2.403,0.657,2,2.453,0.653,3,2.497,0.643,4,2.547,0.638,5,2.593,0.632,6,2.644,0.630,7,2.691,0.621,8,2.742,0.617,9,2.789,0.610,10,2.841,0.607,11,2.885,0.601,101,2.748,0.626,102,2.802,0.621,103,2.837,0.613,104,2.892,0.609,105,2.934,0.603
1070.355,4540,17,1,2.422,0.657,2,2.472,0.653,3,2.516,0.642,4,2.566,0.636,5,2.612,0.630,6,2.663,0.628,7,2.709,0.619,8,2.761,0.617,9,2.808,0.608,10,2.858,0.605,11,2.904,0.599,101,2.736,0.632,102,2.768,0.624,103,2.822,0.619,104,2.856,0.611,105,2.912,0.606,106,2.953,0.601
1070.422,4541,17,1,2.441,0.657,2,2.491,0.653,3,2.535,0.641,4,2.585,0.636,5,2.631,0.629,6,2.682,0.627,7,2.728,0.618,8,2.780,0.615,9,2.827,0.606,10,2.878,0.603,11,2.924,0.597,101,2.752,0.631,102,2.786,0.622,103,2.841,0.617,104,2.875,0.609,105,2.930,0.604,106,2.972,0.598
1070.489,4542,17,1,2.460,0.657,2,2.509,0.652,3,2.554,0.641,4,2.604,0.634,5,2.650,0.627,6,2.701,0.625,7,2.747,0.615,8,2.799,0.613,9,2.846,0.604,10,2.898,0.600,11,2.943,0.594,101,2.770,0.629,102,2.804,0.620,103,2.858,0.615,104,2.894,0.607,105,2.947,0.602,106,2.990,0.595
1070.555,4543,18,1,2.478,0.655,2,2.528,0.651,3,2.573,0.640,4,2.623,0.633,5,2.669,0.626,6,2.719,0.623,7,2.766,0.615,8,2.817,0.611,9,2.865,0.602,10,2.917,0.597,11,2.962,0.591,101,2.733,0.631,102,2.788,0.626,103,2.823,0.619,104,2.877,0.613,105,2.911,0.604,106,2.965,0.598,107,3.007,0.591
1070.622,4544,18,1,2.497,0.655,2,2.547,0.650,3,2.591,0.639,4,2.642,0.632,5,2.687,0.625,6,2.739,0.622,7,2.785,0.612,8,2.836,0.608,9,2.885,0.599,10,2.936,0.594,11,2.981,0.588,101,2.751,0.629,102,2.806,0.624,103,2.840,0.616,104,2.895,0.610,105,2.930,0.601,106,2.983,0.595,107,3.026,0.589
1070.689,4545,19,1,2.515,0.655,2,2.565,0.650,3,2.609,0.638,4,2.660,0.630,5,2.706,0.622,6,2.757,0.619,7,2.803,0.611,8,2.854,0.607,9,2.902,0.597,10,2.954,0.592,11,3.000,0.585,101,2.737,0.634,102,2.769,0.627,103,2.824,0.623,104,2.859,0.614,105,2.914,0.608,106,2.948,0.599,107,3.002,0.592,108,3.044,0.586
1070.756,4546,19,1,2.533,0.654,2,2.583,0.648,3,2.628,0.636,4,2.678,0.629,5,2.724,0.622,6,2.775,0.619,7,2.821,0.609,8,2.872,0.604,9,2.921,0.594,10,2.973,0.589,11,3.018,0.582,101,2.753,0.633,102,2.788,0.626,103,2.843,0.621,104,2.877,0.612,105,2.932,0.607,106,2.967,0.597,107,3.020,0.590,108,3.063,0.583
1070.822,4547,19,1,2.552,0.653,2,2.601,0.647,3,2.646,0.635,4,2.695,0.628,5,2.742,0.620,6,2.793,0.616,7,2.839,0.607,8,2.889,0.602,9,2.939,0.592,10,2.990,0.587,11,3.035,0.580,101,2.771,0.632,102,2.806,0.624,103,2.860,0.619,104,2.896,0.610,105,2.949,0.604,106,2.984,0.594,107,3.039,0.588,108,3.081,0.580
1070.889,4548,20,1,2.568,0.653,2,2.618,0.646,3,2.663,0.634,4,2.712,0.626,5,2.759,0.618,6,2.810,0.615,7,2.856,0.606,8,2.907,0.600,9,2.955,0.590,10,3.007,0.583,11,3.053,0.577,101,2.735,0.639,102,2.789,0.629,103,2.824,0.622,104,2.878,0.616,105,2.913,0.608,106,2.967,0.601,107,3.002,0.591,108,3.056,0.585,109,3.099,0.577
1070.956,4549,20,1,2.587,0.650,2,2.636,0.645,3,2.680,0.633,4,2.730,0.625,5,2.776,0.617,6,2.828,0.612,7,2.874,0.602,8,2.925,0.597,9,2.973,0.587,10,3.024,0.582,11,3.069,0.575,101,2.752,0.637,102,2.806,0.627,103,2.842,0.620,104,2.894,0.614,105,2.930,0.605,106,2.984,0.598,107,3.020,0.589,108,3.073,0.583,109,3.116,0.575
1071.022,4550,21,1,2.603,0.650,2,2.652,0.643,3,2.697,0.631,4,2.746,0.623,5,2.794,0.614,6,2.845,0.610,7,2.891,0.601,8,2.942,0.595,9,2.990,0.586,10,3.042,0.578,11,3.087,0.572,101,2.736,0.647,102,2.769,0.635,103,2.823,0.626,104,2.859,0.617,105,2.912,0.612,106,2.947,0.603,107,3.001,0.596,108,3.036,0.587,109,3.090,0.580,110,3.133,0.572
1071.089,4551,21,1,2.620,0.649,2,2.670,0.642,3,2.715,0.629,4,2.764,0.621,5,2.810,0.612,6,2.861,0.608,7,2.908,0.598,8,2.959,0.593,9,3.007,0.583,10,3.058,0.577,11,3.104,0.569,101,2.753,0.645,102,2.786,0.634,103,2.840,0.624,104,2.875,0.616,105,2.929,0.610,106,2.964,0.601,107,3.018,0.594,108,3.053,0.584,109,3.107,0.577,110,3.149,0.570
1071.156,4552,21,1,2.636,0.647,2,2.687,0.640,3,2.731,0.628,4,2.781,0.619,5,2.827,0.610,6,2.879,0.605,7,2.925,0.596,8,2.976,0.590,9,3.025,0.581,10,3.077,0.574,11,3.121,0.568,101,2.769,0.644,102,2.802,0.632,103,2.857,0.621,104,2.892,0.614,105,2.945,0.607,106,2.980,0.598,107,3.035,0.591,108,3.070,0.582,109,3.123,0.575,110,3.165,0.567
1071.222,4553,21,1,2.653,0.646,2,2.703,0.639,3,2.748,0.627,4,2.797,0.617,5,2.844,0.608,6,2.895,0.603,7,2.942,0.593,8,2.993,0.588,9,3.043,0.578,10,3.093,0.573,11,3.139,0.565,101,2.785,0.642,102,2.819,0.630,103,2.873,0.619,104,2.909,0.611,105,2.962,0.605,106,2.997,0.596,107,3.051,0.588,108,3.086,0.579,109,3.139,0.572,110,3.181,0.565
1071.289,4554,22,1,2.670,0.645,2,2.719,0.637,3,2.765,0.625,4,2.814,0.615,5,2.861,0.606,6,2.912,0.601,7,2.958,0.591,8,3.009,0.586,9,3.059,0.576,10,3.111,0.570,11,3.156,0.563,101,2.746,0.650,102,2.801,0.640,103,2.835,0.629,104,2.889,0.617,105,2.925,0.610,106,2.979,0.602,107,3.014,0.593,108,3.068,0.586,109,3.102,0.576,110,3.155,0.570,111,3.197,0.562
1071.356,4555,22,1,2.686,0.644,2,2.737,0.635,3,2.781,0.623,4,2.831,0.614,5,2.878,0.604,6,2.927,0.599,7,2.975,0.589,8,3.026,0.583,9,3.075,0.573,10,3.127,0.567,11,3.169,0.560,101,2.762,0.647,102,2.817,0.639,103,2.851,0.626,104,2.906,0.616,105,2.941,0.607,106,2.994,0.601,107,3.030,0.591,108,3.083,0.583,109,3.117,0.574,110,3.171,0.566,111,3.213,0.558
1071.422,4556,21,1,2.702,0.642,2,2.752,0.634,3,2.797,0.621,4,2.846,0.611,5,2.893,0.603,6,2.944,0.597,7,2.990,0.587,8,3.042,0.581,9,3.091,0.570,10,3.144,0.563,11,3.176,0.559,101,2.835,0.636,102,2.868,0.624,103,2.922,0.613,104,2.956,0.605,105,3.010,0.598,106,3.045,0.589,107,3.100,0.580,108,3.134,0.570,109,3.187,0.563,110,3.229,0.554
1071.489,4557,21,1,2.717,0.641,2,2.766,0.632,3,2.812,0.619,4,2.862,0.610,5,2.909,0.600,6,2.960,0.595,7,3.006,0.584,8,3.057,0.578,9,3.108,0.567,10,3.160,0.559,101,2.796,0.644,102,2.850,0.635,103,2.884,0.622,104,2.937,0.612,105,2.972,0.603,106,3.025,0.596,107,3.062,0.585,108,3.115,0.578,109,3.149,0.567,110,3.203,0.559,111,3.245,0.550
1071.556,4558,21,1,2.733,0.639,2,2.782,0.630,3,2.827,0.617,4,2.878,0.607,5,2.925,0.598,6,2.975,0.592,7,3.023,0.582,8,3.073,0.575,9,3.123,0.564,10,3.173,0.557,101,2.812,0.643,102,2.866,0.633,103,2.899,0.621,104,2.952,0.609,105,2.988,0.601,106,3.040,0.593,107,3.076,0.583,108,3.131,0.575,109,3.165,0.564,110,3.218,0.556,111,3.261,0.547
1071.623,4559,19,1,2.749,0.637,2,2.798,0.629,3,2.843,0.615,4,2.893,0.606,5,2.940,0.596,6,2.992,0.590,7,3.038,0.579,8,3.089,0.572,9,3.138,0.561,101,2.881,0.631,102,2.915,0.618,103,2.967,0.607,104,3.003,0.598,105,3.056,0.591,106,3.092,0.581,107,3.146,0.572,108,3.181,0.561,109,3.234,0.553,110,3.276,0.544
1071.689,4560,20,1,2.764,0.635,2,2.814,0.626,3,2.858,0.614,4,2.908,0.604,5,2.955,0.594,6,3.006,0.588,7,3.052,0.577,8,3.103,0.570,9,3.152,0.558,101,2.839,0.639,102,2.895,0.629,103,2.929,0.617,104,2.982,0.605,105,3.019,0.597,106,3.071,0.589,107,3.107,0.579,108,3.161,0.570,109,3.196,0.560,110,3.249,0.550,111,3.292,0.541
1071.756,4561,20,1,2.779,0.633,2,2.828,0.624,3,2.873,0.612,4,2.922,0.601,5,2.970,0.592,6,3.021,0.586,7,3.068,0.575,8,3.118,0.568,9,3.166,0.556,101,2.855,0.636,102,2.910,0.626,103,2.945,0.614,104,2.998,0.603,105,3.034,0.594,106,3.087,0.587,107,3.122,0.576,108,3.175,0.567,109,3.211,0.558,110,3.264,0.549,111,3.306,0.539
1071.823,4562,19,1,2.795,0.631,2,2.843,0.623,3,2.889,0.609,4,2.938,0.599,5,2.985,0.589,6,3.034,0.584,7,3.082,0.572,8,3.133,0.565,9,3.175,0.556,101,2.924,0.624,102,2.959,0.611,103,3.012,0.600,104,3.048,0.590,105,3.101,0.583,106,3.137,0.573,107,3.190,0.565,108,3.225,0.554,109,3.278,0.546,110,3.320,0.536
1071.889,4563,19,1,2.809,0.629,2,2.859,0.620,3,2.903,0.607,4,2.952,0.596,5,2.999,0.587,6,3.050,0.581,7,3.097,0.570,8,3.148,0.563,101,2.883,0.632,102,2.939,0.621,103,2.973,0.609,104,3.027,0.597,105,3.063,0.587,106,3.115,0.580,107,3.151,0.570,108,3.204,0.562,109,3.239,0.551,110,3.293,0.543,111,3.335,0.534
1071.956,4564,19,1,2.823,0.627,2,2.872,0.618,3,2.919,0.604,4,2.967,0.594,5,3.014,0.584,6,3.065,0.577,7,3.111,0.567,8,3.162,0.560,101,2.899,0.629,102,2.954,0.619,103,2.988,0.606,104,3.040,0.594,105,3.077,0.584,106,3.129,0.577,107,3.165,0.566,108,3.219,0.559,109,3.254,0.548,110,3.307,0.540,111,3.349,0.531
1072.023,4565,19,1,2.837,0.625,2,2.886,0.615,3,2.933,0.601,4,2.982,0.591,5,3.029,0.581,6,3.080,0.574,7,3.126,0.563,8,3.172,0.558,101,2.913,0.626,102,2.968,0.616,103,3.002,0.603,104,3.055,0.591,105,3.091,0.582,106,3.144,0.574,107,3.179,0.563,108,3.233,0.555,109,3.268,0.544,110,3.321,0.536,111,3.363,0.527
1072.089,4566,19,1,2.851,0.622,2,2.901,0.613,3,2.946,0.598,4,2.996,0.588,5,3.044,0.577,6,3.094,0.572,7,3.140,0.560,8,3.178,0.557,101,2.928,0.624,102,2.982,0.613,103,3.016,0.600,104,3.069,0.588,105,3.106,0.579,106,3.158,0.571,107,3.194,0.561,108,3.247,0.552,109,3.283,0.541,110,3.335,0.532,111,3.377,0.523
1072.156,4567,18,1,2.865,0.618,2,2.913,0.610,3,2.959,0.596,4,3.010,0.584,5,3.058,0.575,6,3.108,0.568,7,3.155,0.558,101,2.943,0.620,102,2.997,0.610,103,3.031,0.598,104,3.084,0.586,105,3.119,0.576,106,3.173,0.569,107,3.209,0.559,108,3.261,0.550,109,3.296,0.539,110,3.349,0.529,111,3.392,0.519
1072.223,4568,18,1,2.879,0.615,2,2.928,0.606,3,2.973,0.593,4,3.023,0.583,5,3.071,0.572,6,3.122,0.566,7,3.169,0.555,101,2.957,0.617,102,3.010,0.607,103,3.045,0.595,104,3.098,0.583,105,3.134,0.574,106,3.187,0.566,107,3.223,0.556,108,3.276,0.546,109,3.311,0.535,110,3.363,0.526,111,3.406,0.516
1072.290,4569,18,1,2.893,0.613,2,2.941,0.604,3,2.987,0.590,4,3.036,0.580,5,3.083,0.570,6,3.135,0.563,7,3.175,0.554,101,2.970,0.614,102,3.024,0.605,103,3.059,0.592,104,3.112,0.581,105,3.148,0.570,106,3.200,0.564,107,3.237,0.553,108,3.289,0.543,109,3.325,0.531,110,3.379,0.522,111,3.421,0.513
1072.356,4570,17,1,2.908,0.610,2,2.956,0.602,3,3.001,0.588,4,3.050,0.577,5,3.097,0.568,6,3.148,0.561,101,2.982,0.611,102,3.037,0.603,103,3.072,0.590,104,3.125,0.578,105,3.161,0.568,106,3.214,0.560,107,3.251,0.549,108,3.303,0.540,109,3.339,0.528,110,3.392,0.519,111,3.435,0.509
1072.423,4571,17,1,2.922,0.608,2,2.971,0.599,3,3.016,0.585,4,3.064,0.575,5,3.112,0.565,6,3.162,0.558,101,2.996,0.610,102,3.051,0.600,103,3.085,0.587,104,3.139,0.575,105,3.176,0.565,106,3.228,0.557,107,3.264,0.546,108,3.316,0.537,109,3.353,0.526,110,3.406,0.517,111,3.448,0.508
1072.490,4572,17,1,2.936,0.605,2,2.985,0.597,3,3.031,0.582,4,3.078,0.572,5,3.125,0.563,6,3.171,0.557,101,3.009,0.607,102,3.064,0.598,103,3.098,0.584,104,3.152,0.572,105,3.189,0.563,106,3.241,0.554,107,3.277,0.543,108,3.330,0.534,109,3.367,0.523,110,3.420,0.514,111,3.462,0.505
1072.556,4573,17,1,2.950,0.603,2,2.999,0.594,3,3.045,0.580,4,3.093,0.570,5,3.139,0.559,6,3.177,0.555,101,3.023,0.605,102,3.077,0.595,103,3.113,0.582,104,3.166,0.570,105,3.202,0.560,106,3.255,0.552,107,3.290,0.540,108,3.343,0.532,109,3.379,0.520,110,3.432,0.511,111,3.475,0.501
1072.623,4574,16,1,2.963,0.601,2,3.011,0.593,3,3.057,0.578,4,3.107,0.567,5,3.152,0.557,101,3.038,0.603,102,3.091,0.593,103,3.126,0.579,104,3.178,0.567,105,3.216,0.557,106,3.268,0.550,107,3.303,0.537,108,3.357,0.529,109,3.392,0.517,110,3.446,0.508,111,3.488,0.498
1072.690,4575,16,1,2.976,0.600,2,3.025,0.589,3,3.070,0.576,4,3.120,0.565,5,3.167,0.554,101,3.051,0.600,102,3.105,0.590,103,3.139,0.576,104,3.192,0.565,105,3.229,0.555,106,3.282,0.547,107,3.317,0.536,108,3.370,0.526,109,3.406,0.514,110,3.459,0.505,111,3.500,0.495
1072.757,4576,16,1,2.990,0.597,2,3.038,0.588,3,3.083,0.573,4,3.133,0.563,5,3.174,0.554,101,3.065,0.599,102,3.118,0.588,103,3.152,0.574,104,3.205,0.562,105,3.242,0.552,106,3.295,0.544,107,3.331,0.533,108,3.384,0.523,109,3.419,0.511,110,3.472,0.502,111,3.514,0.492
1072.823,4577,16,1,3.004,0.594,2,3.051,0.585,3,3.097,0.571,4,3.146,0.560,5,3.179,0.553,101,3.078,0.595,102,3.132,0.585,103,3.166,0.571,104,3.218,0.559,105,3.256,0.549,106,3.308,0.540,107,3.344,0.530,108,3.397,0.520,109,3.432,0.508,110,3.486,0.499,111,3.528,0.489
1072.890,4578,15,1,3.018,0.591,2,3.065,0.583,3,3.110,0.568,4,3.160,0.557,101,3.091,0.591,102,3.145,0.582,103,3.180,0.568,104,3.232,0.556,105,3.268,0.546,106,3.321,0.538,107,3.357,0.526,108,3.410,0.516,109,3.446,0.505,110,3.499,0.495,111,3.542,0.486
1072.957,4579,15,1,3.032,0.588,2,3.080,0.579,3,3.125,0.565,4,3.170,0.555,101,3.103,0.589,102,3.158,0.580,103,3.193,0.565,104,3.245,0.553,105,3.282,0.543,106,3.334,0.535,107,3.371,0.523,108,3.423,0.513,109,3.459,0.502,110,3.513,0.493,111,3.556,0.483
1073.023,4580,15,1,3.046,0.586,2,3.093,0.577,3,3.139,0.562,4,3.177,0.554,101,3.115,0.587,102,3.170,0.577,103,3.205,0.563,104,3.257,0.551,105,3.295,0.540,106,3.347,0.532,107,3.383,0.521,108,3.436,0.510,109,3.472,0.499,110,3.525,0.490,111,3.568,0.481
1073.090,4581,14,1,3.059,0.583,2,3.105,0.574,3,3.151,0.560,101,3.128,0.585,102,3.182,0.574,103,3.217,0.560,104,3.271,0.549,105,3.307,0.538,106,3.359,0.529,107,3.395,0.517,108,3.449,0.509,109,3.484,0.496,110,3.538,0.487,111,3.580,0.477
1073.157,4582,14,1,3.071,0.581,2,3.117,0.571,3,3.164,0.557,101,3.142,0.583,102,3.195,0.572,103,3.230,0.557,104,3.282,0.546,105,3.319,0.535,106,3.372,0.527,107,3.407,0.516,108,3.461,0.506,109,3.497,0.494,110,3.550,0.484,111,3.592,0.473
1073.223,4583,14,1,3.082,0.579,2,3.130,0.570,3,3.172,0.556,101,3.155,0.580,102,3.207,0.569,103,3.242,0.556,104,3.294,0.543,105,3.330,0.533,106,3.384,0.524,107,3.420,0.513,108,3.473,0.503,109,3.509,0.490,110,3.562,0.481,111,3.604,0.470
1073.290,4584,14,1,3.095,0.577,2,3.141,0.567,3,3.177,0.555,101,3.167,0.578,102,3.219,0.567,103,3.255,0.554,104,3.306,0.541,105,3.344,0.530,106,3.396,0.521,107,3.433,0.510,108,3.485,0.500,109,3.521,0.487,110,3.574,0.478,111,3.616,0.467
1073.357,4585,13,1,3.108,0.575,2,3.154,0.565,101,3.178,0.576,102,3.232,0.565,103,3.266,0.551,104,3.319,0.538,105,3.355,0.528,106,3.407,0.519,107,3.444,0.507,108,3.497,0.497,109,3.533,0.484,110,3.586,0.475,111,3.629,0.463
1073.423,4586,13,1,3.121,0.571,2,3.166,0.563,101,3.189,0.573,102,3.243,0.563,103,3.278,0.549,104,3.330,0.535,105,3.368,0.525,106,3.420,0.516,107,3.457,0.504,108,3.509,0.494,109,3.545,0.481,110,3.599,0.471,111,3.640,0.461
1073.490,4587,13,1,3.133,0.569,2,3.174,0.560,101,3.200,0.570,102,3.254,0.561,103,3.290,0.545,104,3.342,0.533,105,3.379,0.522,106,3.431,0.513,107,3.468,0.501,108,3.520,0.491,109,3.557,0.478,110,3.610,0.468,111,3.653,0.458
1073.557,4588,13,1,3.145,0.566,2,3.179,0.560,101,3.211,0.568,102,3.265,0.557,103,3.300,0.543,104,3.354,0.530,105,3.390,0.520,106,3.442,0.511,107,3.479,0.498,108,3.533,0.488,109,3.568,0.476,110,3.622,0.465,111,3.664,0.456
1073.624,4589,12,1,3.158,0.564,101,3.223,0.565,102,3.276,0.555,103,3.311,0.540,104,3.364,0.528,105,3.402,0.517,106,3.455,0.508,107,3.491,0.495,108,3.544,0.485,109,3.580,0.473,110,3.634,0.463,111,3.675,0.453
1073.690,4590,12,1,3.169,0.561,101,3.233,0.564,102,3.287,0.552,103,3.322,0.537,104,3.375,0.525,105,3.411,0.514,106,3.466,0.506,107,3.502,0.494,108,3.555,0.484,109,3.591,0.470,110,3.645,0.461,111,3.688,0.451
1073.757,4591,12,1,3.178,0.560,101,3.246,0.562,102,3.299,0.550,103,3.334,0.535,104,3.386,0.523,105,3.424,0.511,106,3.477,0.504,107,3.514,0.491,108,3.566,0.482,109,3.603,0.468,110,3.656,0.459,111,3.698,0.448
1073.824,4592,11,101,3.257,0.559,102,3.311,0.547,103,3.345,0.533,104,3.398,0.521,105,3.435,0.509,106,3.488,0.501,107,3.524,0.489,108,3.578,0.479,109,3.614,0.465,110,3.667,0.456,111,3.710,0.445
1073.890,4593,11,101,3.268,0.556,102,3.323,0.545,103,3.357,0.531,104,3.410,0.518,105,3.446,0.507,106,3.498,0.499,107,3.537,0.485,108,3.589,0.477,109,3.626,0.462,110,3.679,0.453,111,3.721,0.442
1073.957,4594,11,101,3.280,0.554,102,3.333,0.544,103,3.369,0.529,104,3.421,0.516,105,3.459,0.505,106,3.511,0.496,107,3.547,0.484,108,3.601,0.473,109,3.636,0.460,110,3.690,0.450,111,3.732,0.439
1074.024,4595,11,101,3.292,0.552,102,3.344,0.541,103,3.380,0.527,104,3.432,0.514,105,3.470,0.503,106,3.522,0.494,107,3.558,0.481,108,3.612,0.471,109,3.647,0.457,110,3.701,0.447,111,3.744,0.436
1074.090,4596,11,101,3.303,0.549,102,3.355,0.539,103,3.391,0.524,104,3.443,0.512,105,3.481,0.500,106,3.534,0.492,107,3.570,0.478,108,3.623,0.468,109,3.660,0.455,110,3.713,0.445,111,3.755,0.434
1074.157,4597,11,101,3.313,0.547,102,3.367,0.536,103,3.403,0.521,104,3.455,0.509,105,3.492,0.498,106,3.544,0.489,107,3.582,0.476,108,3.635,0.466,109,3.671,0.452,110,3.724,0.442,111,3.767,0.431
1074.224,4598,11,101,3.324,0.545,102,3.378,0.534,103,3.413,0.519,104,3.465,0.507,105,3.502,0.495,106,3.556,0.487,107,3.592,0.473,108,3.645,0.463,109,3.682,0.450,110,3.735,0.440,111,3.777,0.429
1074.290,4599,11,101,3.334,0.543,102,3.388,0.532,103,3.424,0.517,104,3.476,0.504,105,3.513,0.492,106,3.566,0.483,107,3.603,0.471,108,3.657,0.460,109,3.693,0.447,110,3.746,0.437,111,3.789,0.426
1074.357,4600,11,101,3.345,0.540,102,3.400,0.530,103,3.435,0.515,104,3.487,0.502,105,3.524,0.490,106,3.578,0.481,107,3.614,0.468,108,3.667,0.458,109,3.703,0.444,110,3.756,0.434,111,3.799,0.423
1074.424,4601,11,101,3.357,0.538,102,3.410,0.528,103,3.445,0.513,104,3.498,0.499,105,3.535,0.488,106,3.587,0.479,107,3.625,0.465,108,3.679,0.456,109,3.714,0.441,110,3.767,0.431,111,3.810,0.420
1074.491,4602,11,101,3.369,0.537,102,3.421,0.525,103,3.457,0.510,104,3.509,0.496,105,3.546,0.486,106,3.599,0.477,107,3.636,0.463,108,3.688,0.453,109,3.725,0.439,110,3.779,0.429,111,3.821,0.418
1074.557,4603,11,101,3.380,0.535,102,3.432,0.523,103,3.467,0.508,104,3.520,0.495,105,3.557,0.484,106,3.610,0.474,107,3.647,0.461,108,3.700,0.450,109,3.736,0.437,110,3.790,0.427,111,3.833,0.415
1074.624,4604,11,101,3.390,0.532,102,3.443,0.521,103,3.478,0.505,104,3.531,0.492,105,3.567,0.481,106,3.621,0.471,107,3.658,0.458,108,3.711,0.447,109,3.747,0.434,110,3.801,0.424,111,3.843,0.413
1074.691,4605,11,101,3.400,0.529,102,3.454,0.518,103,3.489,0.503,104,3.541,0.490,105,3.579,0.478,106,3.632,0.468,107,3.669,0.456,108,3.721,0.444,109,3.758,0.431,110,3.811,0.421,111,3.854,0.410
1074.757,4606,11,101,3.410,0.526,102,3.464,0.515,103,3.499,0.500,104,3.551,0.487,105,3.588,0.475,106,3.641,0.465,107,3.678,0.453,108,3.731,0.442,109,3.768,0.428,110,3.822,0.418,111,3.864,0.407
1074.824,4607,11,101,3.420,0.524,102,3.474,0.512,103,3.510,0.497,104,3.562,0.485,105,3.598,0.472,106,3.651,0.463,107,3.689,0.450,108,3.742,0.439,109,3.778,0.426,110,3.831,0.416,111,3.874,0.404
1074.891,4608,11,101,3.430,0.521,102,3.483,0.510,103,3.519,0.495,104,3.572,0.482,105,3.609,0.470,106,3.662,0.460,107,3.698,0.447,108,3.752,0.437,109,3.788,0.423,110,3.841,0.413,111,3.884,0.401
1074.957,4609,11,101,3.440,0.518,102,3.493,0.507,103,3.529,0.492,104,3.581,0.480,105,3.618,0.467,106,3.671,0.459,107,3.708,0.445,108,3.761,0.435,109,3.798,0.420,110,3.851,0.409,111,3.893,0.398
1075.024,4610,11,101,3.450,0.517,102,3.502,0.505,103,3.538,0.489,104,3.590,0.477,105,3.628,0.465,106,3.681,0.456,107,3.718,0.442,108,3.771,0.432,109,3.808,0.418,110,3.861,0.407,111,3.903,0.395
1075.091,4611,11,101,3.460,0.514,102,3.513,0.502,103,3.548,0.487,104,3.600,0.474,105,3.637,0.462,106,3.691,0.453,107,3.728,0.440,108,3.781,0.430,109,3.817,0.416,110,3.871,0.405,111,3.914,0.393
1075.158,4612,11,101,3.469,0.511,102,3.522,0.500,103,3.558,0.484,104,3.611,0.471,105,3.648,0.459,106,3.700,0.450,107,3.738,0.437,108,3.792,0.427,109,3.828,0.413,110,3.881,0.402,111,3.924,0.391
1075.224,4613,11,101,3.479,0.508,102,3.533,0.498,103,3.567,0.482,104,3.620,0.469,105,3.658,0.457,106,3.711,0.448,107,3.749,0.434,108,3.802,0.424,109,3.839,0.410,110,3.892,0.400,111,3.934,0.389
1075.291,4614,11,101,3.490,0.506,102,3.542,0.496,103,3.579,0.481,104,3.631,0.467,105,3.669,0.455,106,3.721,0.446,107,3.758,0.432,108,3.811,0.422,109,3.849,0.407,110,3.902,0.398,111,3.945,0.387
1075.358,4615,11,101,3.499,0.504,102,3.553,0.493,103,3.588,0.478,104,3.641,0.465,105,3.679,0.453,106,3.732,0.444,107,3.769,0.431,108,3.822,0.420,109,3.859,0.406,110,3.913,0.396,111,3.955,0.385
1075.424,4616,11,101,3.510,0.502,102,3.563,0.492,103,3.599,0.476,104,3.651,0.463,105,3.689,0.451,106,3.742,0.442,107,3.779,0.428,108,3.832,0.418,109,3.869,0.404,110,3.923,0.394,111,3.965,0.382
1075.491,4617,11,101,3.520,0.501,102,3.573,0.489,103,3.609,0.474,104,3.661,0.461,105,3.698,0.449,106,3.752,0.440,107,3.789,0.426,108,3.842,0.416,109,3.879,0.401,110,3.932,0.391,111,3.974,0.380
1075.558,4618,11,101,3.530,0.499,102,3.583,0.487,103,3.618,0.472,104,3.671,0.459,105,3.709,0.446,106,3.761,0.438,107,3.798,0.424,108,3.851,0.413,109,3.888,0.399,110,3.942,0.388,111,3.984,0.377
1075.624,4619,11,101,3.540,0.496,102,3.593,0.485,103,3.629,0.470,104,3.680,0.457,105,3.718,0.444,106,3.770,0.435,107,3.808,0.421,108,3.861,0.410,109,3.898,0.395,110,3.951,0.385,111,3.993,0.374
1075.691,4620,11,101,3.549,0.493,102,3.602,0.483,103,3.637,0.467,104,3.690,0.454,105,3.728,0.441,106,3.780,0.433,107,3.817,0.419,108,3.870,0.408,109,3.907,0.392,110,3.960,0.382,111,4.003,0.371
1075.758,4621,11,101,3.557,0.491,102,3.611,0.481,103,3.647,0.464,104,3.699,0.451,105,3.736,0.439,106,3.789,0.430,107,3.827,0.415,108,3.880,0.405,109,3.917,0.390,110,3.969,0.379,111,4.013,0.368
1075.824,4622,11,101,3.568,0.489,102,3.620,0.478,103,3.656,0.461,104,3.708,0.449,105,3.746,0.437,106,3.798,0.427,107,3.836,0.413,108,3.889,0.403,109,3.926,0.387,110,3.980,0.377,111,4.022,0.365
1075.891,4623,11,101,3.576,0.486,102,3.629,0.475,103,3.664,0.459,104,3.717,0.446,105,3.754,0.434,106,3.808,0.425,107,3.845,0.411,108,3.898,0.400,109,3.936,0.385,110,3.988,0.375,111,4.031,0.364
1075.958,4624,11,101,3.585,0.484,102,3.638,0.473,103,3.674,0.457,104,3.726,0.444,105,3.764,0.431,106,3.817,0.423,107,3.855,0.409,108,3.907,0.399,109,3.945,0.384,110,3.998,0.374,111,4.041,0.362
1076.025,4625,11,101,3.594,0.481,102,3.647,0.471,103,3.683,0.455,104,3.735,0.442,105,3.773,0.430,106,3.826,0.421,107,3.864,0.407,108,3.917,0.397,109,3.954,0.382,110,4.007,0.372,111,4.051,0.361
1076.091,4626,11,101,3.603,0.480,102,3.656,0.469,103,3.692,0.453,104,3.745,0.440,105,3.782,0.428,106,3.835,0.419,107,3.874,0.405,108,3.926,0.395,109,3.964,0.381,110,4.017,0.371,111,4.060,0.360
1076.158,4627,11,101,3.612,0.477,102,3.666,0.466,103,3.702,0.451,104,3.754,0.438,105,3.792,0.426,106,3.844,0.417,107,3.882,0.403,108,3.936,0.393,109,3.973,0.379,110,4.026,0.369,111,4.069,0.357
1076.225,4628,11,101,3.621,0.474,102,3.675,0.464,103,3.711,0.448,104,3.762,0.436,105,3.801,0.424,106,3.853,0.415,107,3.891,0.401,108,3.944,0.390,109,3.982,0.377,110,4.035,0.366,111,4.078,0.354
1076.291,4629,11,101,3.630,0.473,102,3.684,0.462,103,3.720,0.446,104,3.771,0.434,105,3.810,0.421,106,3.863,0.412,107,3.900,0.398,108,3.953,0.388,109,3.991,0.373,110,4.043,0.363,111,4.086,0.351
1076.358,4630,11,101,3.639,0.471,102,3.692,0.460,103,3.728,0.444,104,3.780,0.432,105,3.818,0.418,106,3.872,0.409,107,3.909,0.395,108,3.962,0.385,109,3.999,0.370,110,4.053,0.359,111,4.095,0.348
1076.425,4631,11,101,3.649,0.469,102,3.701,0.457,103,3.737,0.442,104,3.789,0.429,105,3.828,0.416,106,3.880,0.407,107,3.918,0.393,108,3.970,0.382,109,4.008,0.367,110,4.061,0.357,111,4.103,0.345
1076.491,4632,11,101,3.657,0.467,102,3.710,0.455,103,3.746,0.440,104,3.798,0.427,105,3.836,0.414,106,3.889,0.405,107,3.926,0.390,108,3.979,0.380,109,4.016,0.365,110,4.070,0.354,111,4.112,0.342
1076.558,4633,11,101,3.666,0.465,102,3.719,0.453,103,3.755,0.437,104,3.806,0.424,105,3.844,0.412,106,3.897,0.402,107,3.936,0.389,108,3.988,0.378,109,4.025,0.363,110,4.079,0.352,111,4.121,0.341
1076.625,4634,11,101,3.674,0.462,102,3.727,0.451,103,3.763,0.436,104,3.815,0.423,105,3.853,0.410,106,3.906,0.401,107,3.944,0.387,108,3.997,0.377,109,4.035,0.361,110,4.087,0.351,111,4.130,0.340
1076.692,4635,11,101,3.682,0.460,102,3.736,0.449,103,3.772,0.434,104,3.824,0.421,105,3.861,0.408,106,3.915,0.399,107,3.953,0.385,108,4.006,0.375,109,4.043,0.360,110,4.096,0.349,111,4.139,0.338
1076.758,4636,11,101,3.690,0.459,102,3.744,0.447,103,3.780,0.431,104,3.832,0.419,105,3.871,0.406,106,3.924,0.397,107,3.961,0.383,108,4.014,0.373,109,4.053,0.358,110,4.105,0.348,111,4.148,0.336
1076.825,4637,11,101,3.698,0.456,102,3.752,0.445,103,3.789,0.429,104,3.840,0.416,105,3.879,0.403,106,3.932,0.395,107,3.970,0.382,108,4.022,0.371,109,4.061,0.357,110,4.114,0.346,111,4.157,0.335
1076.892,4638,11,101,3.708,0.454,102,3.761,0.443,103,3.797,0.427,104,3.849,0.414,105,3.887,0.401,106,3.940,0.393,107,3.978,0.379,108,4.031,0.368,109,4.069,0.354,110,4.122,0.344,111,4.165,0.333
1076.958,4639,11,101,3.717,0.452,102,3.769,0.441,103,3.805,0.425,104,3.857,0.412,105,3.896,0.399,106,3.949,0.391,107,3.987,0.376,108,4.040,0.367,109,4.078,0.352,110,4.130,0.341,111,4.173,0.330
1077.025,4640,11,101,3.725,0.449,102,3.777,0.439,103,3.814,0.423,104,3.866,0.409,105,3.904,0.396,106,3.957,0.388,107,3.995,0.374,108,4.048,0.364,109,4.086,0.349,110,4.139,0.339,111,4.182,0.328
1077.092,4641,11,101,3.733,0.448,102,3.786,0.437,103,3.822,0.421,104,3.874,0.408,105,3.912,0.395,106,3.965,0.386,107,4.003,0.372,108,4.056,0.362,109,4.094,0.347,110,4.147,0.337,111,4.190,0.326
1077.158,4642,11,101,3.741,0.446,102,3.794,0.435,103,3.831,0.419,104,3.882,0.406,105,3.920,0.394,106,3.973,0.385,107,4.011,0.370,108,4.063,0.359,109,4.102,0.344,110,4.155,0.334,111,4.198,0.323
1077.225,4643,11,101,3.750,0.445,102,3.801,0.433,103,3.839,0.418,104,3.890,0.404,105,3.928,0.391,106,3.981,0.382,107,4.018,0.368,108,4.071,0.357,109,4.110,0.343,110,4.162,0.332,111,4.206,0.320
1077.292,4644,11,101,3.757,0.442,102,3.810,0.431,103,3.846,0.415,104,3.897,0.402,105,3.936,0.390,106,3.989,0.381,107,4.027,0.366,108,4.079,0.355,109,4.118,0.340,110,4.171,0.329,111,4.213,0.318
1077.358,4645,11,101,3.764,0.441,102,3.817,0.430,103,3.853,0.413,104,3.905,0.400,105,3.944,0.388,106,3.997,0.379,107,4.035,0.365,108,4.087,0.354,109,4.125,0.338,110,4.178,0.328,111,4.221,0.317
1077.425,4646,11,101,3.772,0.439,102,3.825,0.427,103,3.861,0.411,104,3.913,0.399,105,3.951,0.385,106,4.004,0.377,107,4.042,0.363,108,4.095,0.352,109,4.133,0.337,110,4.186,0.326,111,4.229,0.316
1077.492,4647,11,101,3.779,0.437,102,3.832,0.426,103,3.868,0.409,104,3.921,0.396,105,3.959,0.384,106,4.011,0.375,107,4.050,0.361,108,4.103,0.351,109,4.141,0.335,110,4.195,0.325,111,4.238,0.314
1077.559,4648,11,101,3.787,0.434,102,3.839,0.424,103,3.877,0.408,104,3.928,0.395,105,3.966,0.382,106,4.020,0.373,107,4.058,0.359,108,4.111,0.349,109,4.149,0.335,110,4.203,0.324,111,4.245,0.313
1077.625,4649,11,101,3.794,0.432,102,3.847,0.421,103,3.884,0.405,104,3.936,0.393,105,3.975,0.380,106,4.027,0.371,107,4.066,0.357,108,4.119,0.348,109,4.157,0.333,110,4.210,0.323,111,4.253,0.312
1077.692,4650,11,101,3.802,0.430,102,3.855,0.419,103,3.892,0.403,104,3.944,0.392,105,3.983,0.379,106,4.035,0.370,107,4.074,0.356,108,4.127,0.345,109,4.165,0.332,110,4.217,0.321,111,4.261,0.311
1077.759,4651,11,101,3.810,0.428,102,3.863,0.418,103,3.899,0.402,104,3.952,0.389,105,3.990,0.377,106,4.043,0.368,107,4.081,0.354,108,4.134,0.343,109,4.173,0.329,110,4.225,0.319,111,4.268,0.308
1077.825,4652,11,101,3.818,0.426,102,3.871,0.416,103,3.907,0.400,104,3.959,0.388,105,3.998,0.375,106,4.050,0.366,107,4.089,0.351,108,4.142,0.341,109,4.180,0.326,110,4.233,0.316,111,4.276,0.305
1077.892,4653,11,101,3.825,0.426,102,3.878,0.414,103,3.915,0.398,104,3.967,0.385,105,4.005,0.373,106,4.058,0.364,107,4.097,0.349,108,4.149,0.339,109,4.187,0.324,110,4.240,0.313,111,4.283,0.302
1077.959,4654,11,101,3.833,0.423,102,3.886,0.412,103,3.923,0.396,104,3.974,0.384,105,4.012,0.371,106,4.065,0.362,107,4.104,0.347,108,4.156,0.336,109,4.195,0.321,110,4.248,0.310,111,4.291,0.299
1078.025,4655,11,101,3.841,0.422,102,3.893,0.411,103,3.931,0.394,104,3.982,0.381,105,4.021,0.368,106,4.074,0.359,107,4.112,0.345,108,4.164,0.335,109,4.203,0.319,110,4.256,0.309,111,4.299,0.297
1078.092,4656,11,101,3.850,0.420,102,3.901,0.410,103,3.938,0.393,104,3.989,0.380,105,4.029,0.366,106,4.081,0.357,107,4.120,0.343,108,4.173,0.334,109,4.211,0.318,110,4.264,0.307,111,4.307,0.296
1078.159,4657,11,101,3.856,0.417,102,3.909,0.407,103,3.946,0.390,104,3.998,0.378,105,4.037,0.365,106,4.090,0.356,107,4.127,0.342,108,4.181,0.332,109,4.219,0.316,110,4.272,0.306,111,4.315,0.294
1078.226,4658,11,101,3.864,0.415,102,3.917,0.405,103,3.953,0.389,104,4.005,0.376,105,4.045,0.363,106,4.097,0.355,107,4.135,0.340,108,4.189,0.330,109,4.228,0.316,110,4.280,0.305,111,4.323,0.293
1078.292,4659,11,101,3.871,0.413,102,3.924,0.402,103,3.961,0.386,104,4.014,0.374,105,4.052,0.362,106,4.105,0.353,107,4.143,0.338,108,4.197,0.328,109,4.236,0.313,110,4.288,0.303,111,4.331,0.292
1078.359,4660,11,101,3.879,0.411,102,3.932,0.401,103,3.969,0.385,104,4.020,0.372,105,4.060,0.360,106,4.113,0.351,107,4.151,0.337,108,4.204,0.327,109,4.243,0.312,110,4.296,0.301,111,4.339,0.289
1078.426,4661,11,101,3.886,0.410,102,3.939,0.399,103,3.977,0.383,104,4.028,0.370,105,4.067,0.358,106,4.120,0.349,107,4.159,0.335,108,4.211,0.324,109,4.250,0.309,110,4.303,0.299,111,4.346,0.287
1078.492,4662,11,101,3.893,0.408,102,3.946,0.397,103,3.983,0.381,104,4.036,0.369,105,4.075,0.355,106,4.127,0.346,107,4.166,0.332,108,4.218,0.321,109,4.258,0.307,110,4.310,0.296,111,4.353,0.285
1078.559,4663,11,101,3.902,0.406,102,3.954,0.396,103,3.991,0.380,104,4.043,0.366,105,4.082,0.353,106,4.134,0.345,107,4.173,0.330,108,4.225,0.320,109,4.265,0.304,110,4.318,0.293,111,4.361,0.283
1078.626,4664,11,101,3.909,0.406,102,3.961,0.394,103,3.999,0.378,104,4.051,0.364,105,4.089,0.352,106,4.142,0.342,107,4.180,0.329,108,4.233,0.318,109,4.272,0.303,110,4.325,0.292,111,4.368,0.281
1078.692,4665,11,101,3.916,0.403,102,3.969,0.391,103,4.006,0.376,104,4.057,0.363,105,4.096,0.349,106,4.149,0.341,107,4.188,0.327,108,4.240,0.317,109,4.279,0.301,110,4.332,0.291,111,4.375,0.280
1078.759,4666,11,101,3.923,0.401,102,3.976,0.390,103,4.012,0.374,104,4.065,0.362,105,4.103,0.348,106,4.156,0.339,107,4.196,0.326,108,4.248,0.315,109,4.287,0.300,110,4.340,0.290,111,4.383,0.279
1078.826,4667,11,101,3.930,0.398,102,3.982,0.388,103,4.020,0.371,104,4.071,0.359,105,4.111,0.346,106,4.164,0.338,107,4.203,0.323,108,4.255,0.314,109,4.294,0.298,110,4.347,0.288,111,4.391,0.277
1078.892,4668,11,101,3.937,0.395,102,3.989,0.385,103,4.027,0.369,104,4.079,0.357,105,4.118,0.344,106,4.170,0.336,107,4.209,0.321,108,4.262,0.312,109,4.302,0.296,110,4.354,0.287,111,4.397,0.276
1078.959,4669,11,101,3.944,0.395,102,3.996,0.383,103,4.034,0.366,104,4.086,0.355,105,4.125,0.342,106,4.178,0.334,107,4.217,0.320,108,4.270,0.310,109,4.309,0.295,110,4.361,0.285,111,4.405,0.274
1079.026,4670,11,101,3.951,0.392,102,4.004,0.382,103,4.041,0.366,104,4.093,0.353,105,4.132,0.341,106,4.185,0.333,107,4.224,0.318,108,4.276,0.308,109,4.315,0.293,110,4.368,0.283,111,4.411,0.272
1079.093,4671,11,101,3.958,0.392,102,4.010,0.381,103,4.048,0.365,104,4.100,0.353,105,4.139,0.339,106,4.192,0.331,107,4.230,0.317,108,4.283,0.306,109,4.321,0.291,110,4.375,0.281,111,4.418,0.270
1079.159,4672,11,101,3.965,0.391,102,4.018,0.380,103,4.055,0.364,104,4.106,0.352,105,4.146,0.338,106,4.198,0.329,107,4.237,0.315,108,4.290,0.305,109,4.329,0.290,110,4.381,0.279,111,4.425,0.268
1079.226,4673,11,101,3.972,0.390,102,4.024,0.379,103,4.061,0.363,104,4.113,0.350,105,4.152,0.337,106,4.205,0.328,107,4.244,0.314,108,4.296,0.304,109,4.336,0.288,110,4.389,0.279,111,4.431,0.267
1079.293,4674,11,101,3.979,0.389,102,4.031,0.377,103,4.068,0.361,104,4.120,0.349,105,4.159,0.335,106,4.212,0.328,107,4.251,0.312,108,4.303,0.303,109,4.342,0.288,110,4.395,0.278,111,4.439,0.266
1079.359,4675,11,101,3.985,0.387,102,4.037,0.376,103,4.075,0.360,104,4.127,0.348,105,4.166,0.335,106,4.218,0.326,107,4.258,0.312,108,4.310,0.302,109,4.350,0.287,110,4.403,0.277,111,4.446,0.265
1079.426,4676,11,101,3.991,0.385,102,4.044,0.374,103,4.082,0.358,104,4.134,0.346,105,4.173,0.333,106,4.226,0.325,107,4.265,0.310,108,4.318,0.301,109,4.357,0.286,110,4.409,0.276,111,4.453,0.264
1079.493,4677,11,101,3.999,0.383,102,4.051,0.372,103,4.089,0.357,104,4.141,0.345,105,4.180,0.332,106,4.232,0.324,107,4.272,0.309,108,4.325,0.299,109,4.364,0.285,110,4.417,0.275,111,4.460,0.263
1079.559,4678,11,101,4.006,0.381,102,4.058,0.372,103,4.096,0.355,104,4.147,0.343,105,4.187,0.329,106,4.240,0.322,107,4.279,0.308,108,4.331,0.298,109,4.371,0.282,110,4.423,0.273,111,4.467,0.261
1079.626,4679,11,101,4.013,0.380,102,4.065,0.369,103,4.102,0.354,104,4.155,0.342,105,4.194,0.329,106,4.247,0.320,107,4.286,0.306,108,4.339,0.296,109,4.378,0.281,110,4.430,0.271,111,4.473,0.260
1079.693,4680,11,101,4.020,0.379,102,4.072,0.369,103,4.110,0.352,104,4.161,0.340,105,4.201,0.327,106,4.254,0.319,107,4.293,0.304,108,4.345,0.294,109,4.384,0.279,110,4.437,0.269,111,4.481,0.258
1079.760,4681,11,101,4.027,0.378,102,4.079,0.367,103,4.116,0.351,104,4.168,0.339,105,4.207,0.325,106,4.259,0.316,107,4.299,0.302,108,4.352,0.292,109,4.392,0.276,110,4.444,0.267,111,4.487,0.256
1079.826,4682,11,101,4.033,0.377,102,4.085,0.366,103,4.123,0.349,104,4.175,0.336,105,4.214,0.323,106,4.266,0.315,107,4.306,0.300,108,4.358,0.290,109,4.398,0.276,110,4.450,0.265,111,4.494,0.254
1079.893,4683,11,101,4.040,0.376,102,4.092,0.365,103,4.129,0.348,104,4.181,0.335,105,4.220,0.322,106,4.273,0.313,107,4.313,0.298,108,4.365,0.288,109,4.406,0.273,110,4.458,0.262,111,4.501,0.252
1079.960,4684,11,101,4.047,0.374,102,4.099,0.363,103,4.136,0.346,104,4.188,0.334,105,4.228,0.321,106,4.280,0.313,107,4.320,0.298,108,4.372,0.287,109,4.412,0.273,110,4.464,0.262,111,4.508,0.250
1080.026,4685,11,101,4.053,0.372,102,4.106,0.361,103,4.143,0.344,104,4.195,0.333,105,4.235,0.319,106,4.287,0.311,107,4.327,0.296,108,4.379,0.286,109,4.419,0.271,110,4.471,0.261,111,4.515,0.249
1080.093,4686,11,101,4.061,0.370,102,4.113,0.359,103,4.150,0.343,104,4.201,0.331,105,4.241,0.318,106,4.294,0.310,107,4.333,0.295,108,4.386,0.285,109,4.425,0.270,110,4.478,0.259,111,4.521,0.249
1080.160,4687,11,101,4.067,0.369,102,4.119,0.357,103,4.156,0.342,104,4.207,0.330,105,4.247,0.317,106,4.300,0.308,107,4.340,0.293,108,4.392,0.284,109,4.432,0.269,110,4.484,0.259,111,4.527,0.247
1080.226,4688,11,101,4.072,0.368,102,4.124,0.357,103,4.162,0.340,104,4.214,0.328,105,4.253,0.315,106,4.306,0.307,107,4.346,0.291,108,4.398,0.282,109,4.438,0.267,110,4.491,0.257,111,4.534,0.246
1080.293,4689,11,101,4.078,0.366,102,4.130,0.355,103,4.168,0.338,104,4.220,0.326,105,4.259,0.312,106,4.311,0.305,107,4.351,0.290,108,4.404,0.280,109,4.444,0.265,110,4.496,0.255,111,4.539,0.243
1080.360,4690,11,101,4.084,0.364,102,4.135,0.354,103,4.173,0.337,104,4.225,0.324,105,4.265,0.310,106,4.317,0.303,107,4.357,0.287,108,4.410,0.278,109,4.450,0.262,110,4.502,0.253,111,4.545,0.240
1080.427,4691,11,101,4.089,0.362,102,4.141,0.352,103,4.179,0.335,104,4.231,0.322,105,4.271,0.309,106,4.323,0.300,107,4.362,0.285,108,4.415,0.275,109,4.455,0.259,110,4.508,0.250,111,4.551,0.238
1080.493,4692,11,101,4.095,0.360,102,4.147,0.350,103,4.185,0.332,104,4.237,0.320,105,4.276,0.306,106,4.329,0.298,107,4.368,0.284,108,4.421,0.274,109,4.461,0.257,110,4.513,0.248,111,4.557,0.236
1080.560,4693,11,101,4.101,0.358,102,4.153,0.347,103,4.190,0.331,104,4.243,0.319,105,4.282,0.305,106,4.335,0.297,107,4.374,0.282,108,4.427,0.272,109,4.466,0.256,110,4.519,0.246,111,4.562,0.235
1080.627,4694,11,101,4.106,0.356,102,4.159,0.346,103,4.197,0.329,104,4.248,0.317,105,4.288,0.304,106,4.341,0.296,107,4.381,0.281,108,4.433,0.271,109,4.472,0.256,110,4.524,0.245,111,4.568,0.235
1080.693,4695,11,101,4.112,0.354,102,4.165,0.344,103,4.202,0.328,104,4.254,0.316,105,4.293,0.303,106,4.347,0.295,107,4.386,0.280,108,4.438,0.271,109,4.478,0.255,110,4.531,0.245,111,4.574,0.235
1080.760,4696,11,101,4.118,0.354,102,4.170,0.344,103,4.208,0.327,104,4.260,0.315,105,4.300,0.303,106,4.352,0.293,107,4.392,0.279,108,4.444,0.270,109,4.485,0.254,110,4.537,0.245,111,4.580,0.233
1080.827,4697,11,101,4.124,0.353,102,4.176,0.343,103,4.214,0.326,104,4.266,0.314,105,4.306,0.301,106,4.358,0.292,107,4.398,0.278,108,4.451,0.268,109,4.491,0.254,110,4.543,0.242,111,4.587,0.231
1080.893,4698,11,101,4.130,0.353,102,4.183,0.341,103,4.220,0.325,104,4.272,0.313,105,4.312,0.299,106,4.365,0.291,107,4.404,0.277,108,4.457,0.267,109,4.496,0.251,110,4.549,0.242,111,4.593,0.230
1080.960,4699,11,101,4.138,0.351,102,4.190,0.340,103,4.227,0.324,104,4.278,0.311,105,4.318,0.298,106,4.371,0.290,107,4.411,0.276,108,4.463,0.265,109,4.503,0.250,110,4.555,0.239,111,4.599,0.228
1081.027,4700,11,101,4.143,0.350,102,4.196,0.339,103,4.233,0.323,104,4.285,0.310,105,4.325,0.297,106,4.377,0.287,107,4.417,0.273,108,4.469,0.263,109,4.509,0.248,110,4.562,0.239,111,4.605,0.226
1081.093,4701,11,101,4.150,0.348,102,4.201,0.338,103,4.239,0.321,104,4.292,0.309,105,4.331,0.295,106,4.384,0.286,107,4.424,0.272,108,4.476,0.262,109,4.516,0.246,110,4.568,0.237,111,4.611,0.225
1081.160,4702,11,101,4.156,0.347,102,4.208,0.336,103,4.246,0.319,104,4.298,0.307,105,4.337,0.293,106,4.390,0.285,107,4.430,0.271,108,4.482,0.261,109,4.522,0.245,110,4.574,0.236,111,4.618,0.224
1081.227,4703,11,101,4.162,0.345,102,4.214,0.335,103,4.252,0.318,104,4.304,0.306,105,4.344,0.292,106,4.396,0.284,107,4.436,0.269,108,4.488,0.259,109,4.528,0.243,110,4.580,0.233,111,4.624,0.222
1081.294,4704,11,101,4.168,0.344,102,4.220,0.334,103,4.258,0.317,104,4.310,0.305,105,4.350,0.291,106,4.402,0.283,107,4.442,0.268,108,4.494,0.257,109,4.535,0.242,110,4.586,0.231,111,4.630,0.221
1081.360,4705,11,101,4.175,0.343,102,4.226,0.332,103,4.264,0.315,104,4.316,0.304,105,4.355,0.290,106,4.408,0.282,107,4.448,0.267,108,4.500,0.257,109,4.541,0.240,110,4.593,0.230,111,4.637,0.219
1081.427,4706,11,101,4.181,0.342,102,4.233,0.332,103,4.271,0.315,104,4.322,0.302,105,4.362,0.289,106,4.415,0.280,107,4.454,0.265,108,4.506,0.256,109,4.547,0.240,110,4.599,0.229,111,4.643,0.219
1081.494,4707,11,101,4.187,0.341,102,4.239,0.330,103,4.277,0.315,104,4.328,0.301,105,4.368,0.288,106,4.421,0.280,107,4.461,0.265,108,4.513,0.255,109,4.554,0.239,110,4.606,0.229,111,4.649,0.218
1081.560,4708,11,101,4.193,0.340,102,4.245,0.329,103,4.283,0.313,104,4.335,0.300,105,4.375,0.287,106,4.427,0.279,107,4.467,0.264,108,4.519,0.254,109,4.559,0.239,110,4.612,0.228,111,4.655,0.218
1081.627,4709,11,101,4.198,0.339,102,4.250,0.328,103,4.288,0.312,104,4.340,0.299,105,4.381,0.285,106,4.432,0.278,107,4.472,0.262,108,4.525,0.254,109,4.565,0.238,110,4.618,0.228,111,4.661,0.217
1081.694,4710,11,101,4.204,0.337,102,4.256,0.327,103,4.294,0.310,104,4.345,0.298,105,4.386,0.284,106,4.438,0.276,107,4.478,0.261,108,4.530,0.251,109,4.571,0.237,110,4.623,0.226,111,4.666,0.215
1081.760,4711,11,101,4.209,0.336,102,4.261,0.326,103,4.299,0.309,104,4.350,0.296,105,4.391,0.283,106,4.443,0.275,107,4.483,0.259,108,4.535,0.250,109,4.576,0.234,110,4.628,0.225,111,4.671,0.213
1081.827,4712,11,101,4.214,0.335,102,4.266,0.324,103,4.304,0.307,104,4.355,0.295,105,4.396,0.281,106,4.448,0.273,107,4.489,0.259,108,4.541,0.248,109,4.581,0.233,110,4.633,0.222,111,4.677,0.211
1081.894,4713,11,101,4.220,0.333,102,4.272,0.323,103,4.310,0.306,104,4.361,0.293,105,4.402,0.280,106,4.454,0.272,107,4.494,0.256,108,4.546,0.246,109,4.587,0.231,110,4.639,0.221,111,4.682,0.210
1081.961,4714,11,101,4.226,0.331,102,4.277,0.321,103,4.315,0.304,104,4.366,0.292,105,4.407,0.278,106,4.459,0.270,107,4.499,0.255,108,4.552,0.244,109,4.592,0.228,110,4.644,0.220,111,4.688,0.208
1082.027,4715,11,101,4.231,0.330,102,4.283,0.319,103,4.321,0.303,104,4.372,0.290,105,4.413,0.277,106,4.465,0.268,107,4.505,0.254,108,4.557,0.243,109,4.598,0.228,110,4.650,0.218,111,4.693,0.207
1082.094,4716,11,101,4.236,0.328,102,4.288,0.318,103,4.326,0.301,104,4.378,0.289,105,4.419,0.276,106,4.471,0.267,107,4.511,0.253,108,4.563,0.243,109,4.604,0.227,110,4.656,0.217,111,4.699,0.206
1082.161,4717,11,101,4.242,0.328,102,4.294,0.317,103,4.332,0.300,104,4.384,0.288,105,4.424,0.274,106,4.477,0.266,107,4.517,0.251,108,4.569,0.242,109,4.609,0.225,110,4.661,0.215,111,4.705,0.204
1082.227,4718,11,101,4.247,0.327,102,4.299,0.315,103,4.337,0.298,104,4.389,0.286,105,4.429,0.273,106,4.482,0.265,107,4.522,0.250,108,4.574,0.240,109,4.615,0.225,110,4.667,0.214,111,4.711,0.202
1082.294,4719,11,101,4.254,0.325,102,4.305,0.315,103,4.343,0.298,104,4.395,0.285,105,4.435,0.272,106,4.488,0.263,107,4.527,0.249,108,4.580,0.239,109,4.620,0.222,110,4.673,0.213,111,4.716,0.200
1082.361,4720,11,101,4.260,0.324,102,4.311,0.314,103,4.350,0.297,104,4.400,0.285,105,4.441,0.270,106,4.493,0.262,107,4.533,0.247,108,4.586,0.237,109,4.626,0.222,110,4.678,0.211,111,4.722,0.200
1082.428,4721,11,101,4.266,0.323,102,4.318,0.313,103,4.355,0.296,104,4.407,0.283,105,4.447,0.270,106,4.499,0.261,107,4.540,0.245,108,4.592,0.236,109,4.632,0.222,110,4.684,0.211,111,4.728,0.200
1082.494,4722,11,101,4.272,0.321,102,4.323,0.312,103,4.362,0.294,104,4.412,0.282,105,4.453,0.268,106,4.506,0.260,107,4.546,0.245,108,4.598,0.236,109,4.639,0.220,110,4.690,0.210,111,4.734,0.199
1082.561,4723,11,101,4.277,0.321,102,4.329,0.310,103,4.367,0.293,104,4.418,0.281,105,4.459,0.267,106,4.511,0.259,107,4.552,0.244,108,4.604,0.235,109,4.644,0.219,110,4.696,0.209,111,4.740,0.198
1082.628,4724,11,101,4.283,0.319,102,4.334,0.309,103,4.373,0.291,104,4.423,0.280,105,4.465,0.266,106,4.517,0.258,107,4.557,0.242,108,4.609,0.232,109,4.650,0.217,110,4.702,0.207,111,4.746,0.196
1082.694,4725,11,101,4.289,0.319,102,4.340,0.309,103,4.378,0.290,104,4.429,0.278,105,4.470,0.265,106,4.523,0.256,107,4.563,0.241,108,4.615,0.231,109,4.656,0.215,110,4.707,0.205,111,4.751,0.194
1082.761,4726,11,101,4.295,0.317,102,4.346,0.306,103,4.384,0.289,104,4.435,0.277,105,4.475,0.262,106,4.528,0.255,107,4.568,0.239,108,4.620,0.229,109,4.661,0.213,110,4.713,0.203,111,4.756,0.191
1082.828,4727,11,101,4.300,0.316,102,4.351,0.306,103,4.389,0.288,104,4.440,0.276,105,4.481,0.262,106,4.533,0.253,107,4.574,0.238,108,4.625,0.227,109,4.667,0.211,110,4.718,0.202,111,4.762,0.190
1082.894,4728,11,101,4.305,0.315,102,4.357,0.303,103,4.395,0.287,104,4.446,0.275,105,4.486,0.261,106,4.539,0.252,107,4.579,0.237,108,4.631,0.227,109,4.672,0.211,110,4.723,0.201,111,4.767,0.189
1082.961,4729,11,101,4.310,0.314,102,4.362,0.303,103,4.400,0.286,104,4.451,0.274,105,4.491,0.260,106,4.544,0.251,107,4.584,0.237,108,4.636,0.226,109,4.677,0.211,110,4.729,0.200,111,4.772,0.188
1083.028,4730,11,101,4.315,0.312,102,4.366,0.302,103,4.406,0.285,104,4.457,0.273,105,4.496,0.259,106,4.549,0.251,107,4.589,0.235,108,4.641,0.226,109,4.682,0.210,110,4.734,0.199,111,4.778,0.188
1083.095,4731,11,101,4.320,0.312,102,4.371,0.301,103,4.410,0.284,104,4.461,0.271,105,4.502,0.258,106,4.554,0.249,107,4.594,0.234,108,4.647,0.225,109,4.687,0.208,110,4.739,0.199,111,4.783,0.187
1083.161,4732,11,101,4.325,0.310,102,4.377,0.300,103,4.415,0.282,104,4.467,0.270,105,4.507,0.256,106,4.559,0.248,107,4.599,0.233,108,4.652,0.223,109,4.693,0.208,110,4.744,0.197,111,4.788,0.185
1083.228,4733,11,101,4.331,0.309,102,4.381,0.298,103,4.420,0.281,104,4.471,0.269,105,4.512,0.254,106,4.564,0.246,107,4.605,0.231,108,4.656,0.221,109,4.698,0.205,110,4.749,0.196,111,4.793,0.185
1083.295,4734,11,101,4.335,0.307,102,4.387,0.296,103,4.425,0.279,104,4.476,0.267,105,4.517,0.253,106,4.570,0.245,107,4.610,0.230,108,4.662,0.221,109,4.703,0.204,110,4.754,0.194,111,4.797,0.183
1083.361,4735,11,101,4.341,0.306,102,4.392,0.295,103,4.431,0.278,104,4.482,0.266,105,4.522,0.253,106,4.575,0.245,107,4.615,0.228,108,4.666,0.219,109,4.708,0.203,110,4.759,0.193,111,4.803,0.182
1083.428,4736,11,101,4.346,0.305,102,4.398,0.294,103,4.436,0.278,104,4.487,0.265,105,4.528,0.252,106,4.580,0.243,107,4.620,0.228,108,4.672,0.218,109,4.713,0.202,110,4.765,0.192,111,4.808,0.181
1083.495,4737,11,101,4.351,0.304,102,4.403,0.293,103,4.442,0.276,104,4.493,0.264,105,4.533,0.250,106,4.585,0.242,107,4.626,0.226,108,4.677,0.216,109,4.719,0.200,110,4.770,0.190,111,4.814,0.179
1083.562,4738,11,101,4.356,0.304,102,4.409,0.292,103,4.447,0.276,104,4.498,0.263,105,4.538,0.248,106,4.590,0.240,107,4.631,0.225,108,4.683,0.215,109,4.724,0.199,110,4.776,0.188,111,4.819,0.177
1083.628,4739,11,101,4.362,0.302,102,4.414,0.292,103,4.452,0.275,104,4.503,0.262,105,4.544,0.247,106,4.596,0.240,107,4.636,0.224,108,4.688,0.213,109,4.730,0.197,110,4.781,0.188,111,4.825,0.175
1083.695,4740,11,101,4.367,0.302,102,4.419,0.290,103,4.458,0.273,104,4.509,0.260,105,4.549,0.246,106,4.602,0.238,107,4.642,0.222,108,4.694,0.212,109,4.735,0.197,110,4.787,0.186,111,4.831,0.174
1083.762,4741,11,101,4.373,0.300,102,4.425,0.290,103,4.463,0.272,104,4.514,0.260,105,4.554,0.245,106,4.607,0.237,107,4.648,0.222,108,4.699,0.212,109,4.741,0.196,110,4.792,0.185,111,4.836,0.173
1083.828,4742,11,101,4.378,0.299,102,4.430,0.288,103,4.469,0.270,104,4.520,0.259,105,4.560,0.244,106,4.612,0.237,107,4.653,0.221,108,4.704,0.212,109,4.746,0.195,110,4.798,0.185,111,4.841,0.172
1083.895,4743,11,101,4.384,0.298,102,4.435,0.287,103,4.474,0.270,104,4.525,0.258,105,4.565,0.243,106,4.618,0.235,107,4.658,0.220,108,4.710,0.210,109,4.751,0.194,110,4.803,0.183,111,4.846,0.172
1083.962,4744,11,101,4.389,0.297,102,4.440,0.287,103,4.478,0.268,104,4.529,0.257,105,4.570,0.242,106,4.622,0.233,107,4.662,0.218,108,4.715,0.208,109,4.756,0.191,110,4.806,0.182,111,4.851,0.170
1084.028,4745,11,101,4.393,0.295,102,4.444,0.285,103,4.483,0.267,104,4.534,0.255,105,4.574,0.241,106,4.627,0.232,107,4.667,0.216,108,4.719,0.206,109,4.760,0.190,110,4.812,0.180,111,4.856,0.168
1084.095,4746,11,101,4.398,0.294,102,4.449,0.284,103,4.488,0.265,104,4.538,0.254,105,4.579,0.239,106,4.631,0.230,107,4.672,0.215,108,4.724,0.205,109,4.764,0.189,110,4.817,0.179,111,4.860,0.167
1084.162,4747,11,101,4.402,0.293,102,4.454,0.283,103,4.492,0.265,104,4.543,0.252,105,4.584,0.238,106,4.636,0.229,107,4.676,0.214,108,4.728,0.204,109,4.770,0.188,110,4.822,0.178,111,4.865,0.166
1084.228,4748,11,101,4.407,0.291,102,4.458,0.281,103,4.497,0.264,104,4.549,0.252,105,4.589,0.237,106,4.641,0.229,107,4.681,0.213,108,4.733,0.204,109,4.775,0.188,110,4.826,0.177,111,4.870,0.165
1084.295,4749,11,101,4.412,0.290,102,4.463,0.281,103,4.502,0.262,104,4.553,0.250,105,4.594,0.236,106,4.646,0.229,107,4.686,0.213,108,4.738,0.203,109,4.779,0.188,110,4.831,0.176,111,4.874,0.165
1084.363,4750,11,101,4.417,0.290,102,4.468,0.279,103,4.507,0.262,104,4.558,0.249,105,4.599,0.236,106,4.651,0.228,107,4.691,0.213,108,4.743,0.203,109,4.784,0.186,110,4.836,0.176,111,4.880,0.164
1084.428,4751,11,101,4.422,0.289,102,4.473,0.278,103,4.511,0.261,104,4.563,0.249,105,4.604,0.234,106,4.655,0.226,107,4.696,0.211,108,4.748,0.201,109,4.789,0.185,110,4.840,0.174,111,4.884,0.162
1084.495,4752,11,101,4.427,0.288,102,4.477,0.278,103,4.517,0.260,104,4.567,0.247,105,4.608,0.233,106,4.660,0.225,107,4.701,0.209,108,4.753,0.199,109,4.794,0.183,110,4.845,0.173,111,4.889,0.161
1084.562,4753,11,101,4.433,0.287,102,4.483,0.277,103,4.522,0.259,104,4.572,0.246,105,4.613,0.231,106,4.665,0.223,107,4.706,0.208,108,4.757,0.198,109,4.799,0.182,110,4.850,0.171,111,4.894,0.160
1084.628,4754,11,101,4.436,0.286,102,4.488,0.276,103,4.527,0.258,104,4.577,0.246,105,4.619,0.230,106,4.670,0.222,107,4.711,0.206,108,4.763,0.196,109,4.803,0.180,110,4.855,0.170,111,4.899,0.158
1084.695,4755,11,101,4.442,0.285,102,4.493,0.275,103,4.532,0.256,104,4.583,0.245,105,4.623,0.230,106,4.676,0.221,107,4.716,0.206,108,4.768,0.195,109,4.809,0.179,110,4.861,0.169,111,4.904,0.157
1084.762,4756,11,101,4.447,0.284,102,4.498,0.273,103,4.538,0.256,104,4.587,0.244,105,4.629,0.229,106,4.680,0.221,107,4.721,0.205,108,4.772,0.195,109,4.815,0.179,110,4.865,0.168,111,4.909,0.156
1084.829,4757,11,101,4.452,0.284,102,4.503,0.273,103,4.541,0.255,104,4.592,0.243,105,4.633,0.228,106,4.685,0.219,107,4.726,0.205,108,4.778,0.194,109,4.820,0.177,110,4.870,0.167,111,4.915,0.155
1084.895,4758,11,101,4.457,0.283,102,4.508,0.272,103,4.547,0.255,104,4.597,0.242,105,4.638,0.228,106,4.690,0.219,107,4.731,0.203,108,4.783,0.193,109,4.825,0.177,110,4.876,0.166,111,4.920,0.154
1084.962,4759,11,101,4.461,0.282,102,4.513,0.270,103,4.552,0.253,104,4.602,0.241,105,4.643,0.227,106,4.695,0.218,107,4.736,0.202,108,4.788,0.192,109,4.829,0.176,110,4.881,0.165,111,4.924,0.154
1085.029,4760,11,101,4.467,0.280,102,4.517,0.270,103,4.556,0.252,104,4.607,0.240,105,4.648,0.225,106,4.700,0.217,107,4.741,0.202,108,4.793,0.192,109,4.834,0.175,110,4.886,0.164,111,4.929,0.153
1085.095,4761,11,101,4.471,0.279,102,4.522,0.268,103,4.561,0.250,104,4.612,0.239,105,4.653,0.225,106,4.705,0.216,107,4.745,0.201,108,4.797,0.190,109,4.838,0.174,110,4.890,0.164,111,4.934,0.152
1085.162,4762,11,101,4.475,0.278,102,4.526,0.267,103,4.566,0.250,104,4.616,0.237,105,4.657,0.224,106,4.709,0.215,107,4.750,0.200,108,4.801,0.189,109,4.842,0.172,110,4.895,0.163,111,4.938,0.150
1085.229,4763,11,101,4.480,0.278,102,4.530,0.267,103,4.570,0.248,104,4.621,0.235,105,4.662,0.222,106,4.713,0.213,107,4.754,0.198,108,4.805,0.186,109,4.848,0.171,110,4.898,0.160,111,4.942,0.147
1085.296,4764,11,101,4.484,0.276,102,4.535,0.265,103,4.574,0.247,104,4.624,0.234,105,4.665,0.220,106,4.717,0.212,107,4.758,0.195,108,4.810,0.185,109,4.851,0.168,110,4.902,0.158,111,4.946,0.146
1085.362,4765,11,101,4.488,0.274,102,4.538,0.264,103,4.577,0.245,104,4.628,0.232,105,4.669,0.218,106,4.721,0.210,107,4.762,0.193,108,4.813,0.183,109,4.855,0.167,110,4.906,0.157,111,4.950,0.144
1085.429,4766,11,101,4.492,0.273,102,4.543,0.262,103,4.582,0.244,104,4.633,0.231,105,4.673,0.217,106,4.725,0.208,107,4.766,0.192,108,4.818,0.182,109,4.858,0.166,110,4.911,0.155,111,4.954,0.143
1085.496,4767,11,101,4.496,0.271,102,4.547,0.261,103,4.585,0.242,104,4.636,0.229,105,4.677,0.216,106,4.730,0.207,107,4.770,0.191,108,4.822,0.182,109,4.864,0.164,110,4.915,0.154,111,4.959,0.142
1085.562,4768,11,101,4.499,0.270,102,4.551,0.259,103,4.590,0.241,104,4.641,0.229,105,4.682,0.215,106,4.734,0.206,107,4.775,0.191,108,4.826,0.181,109,4.867,0.164,110,4.920,0.154,111,4.963,0.142
1085.629,4769,11,101,4.504,0.268,102,4.555,0.258,103,4.594,0.240,104,4.645,0.229,105,4.686,0.214,106,4.738,0.206,107,4.778,0.190,108,4.830,0.180,109,4.872,0.163,110,4.923,0.153,111,4.967,0.142
1085.696,4770,11,101,4.508,0.267,102,4.560,0.258,103,4.599,0.239,104,4.650,0.228,105,4.691,0.213,106,4.742,0.205,107,4.783,0.189,108,4.835,0.179,109,4.876,0.163,110,4.928,0.153,111,4.971,0.141
1085.762,4771,11,101,4.513,0.266,102,4.565,0.256,103,4.604,0.239,104,4.654,0.226,105,4.695,0.212,106,4.748,0.204,107,4.788,0.188,108,4.839,0.178,109,4.881,0.162,110,4.932,0.152,111,4.976,0.139
1085.829,4772,11,101,4.519,0.266,102,4.570,0.255,103,4.609,0.238,104,4.659,0.226,105,4.700,0.211,106,4.752,0.203,107,4.793,0.187,108,4.844,0.177,109,4.886,0.160,110,4.937,0.150,111,4.981,0.138
1085.897,4773,11,101,4.524,0.265,102,4.575,0.254,103,4.613,0.237,104,4.664,0.225,105,4.705,0.210,106,4.757,0.202,107,4.798,0.186,108,4.849,0.176,109,4.891,0.160,110,4.942,0.149,111,4.986,0.137
1085.962,4774,11,101,4.529,0.265,102,4.579,0.254,103,4.618,0.236,104,4.669,0.224,105,4.710,0.210,106,4.762,0.201,107,4.803,0.185,108,4.855,0.174,109,4.896,0.158,110,4.948,0.148,111,4.991,0.135
1086.029,4775,11,101,4.533,0.264,102,4.584,0.253,103,4.624,0.235,104,4.674,0.222,105,4.716,0.208,106,4.766,0.200,107,4.808,0.183,108,4.860,0.173,109,4.901,0.156,110,4.952,0.146,111,4.996,0.134
1086.096,4776,11,101,4.538,0.263,102,4.588,0.253,103,4.629,0.234,104,4.680,0.222,105,4.720,0.207,106,4.772,0.198,107,4.813,0.182,108,4.865,0.172,109,4.906,0.155,110,4.957,0.145,111,5.001,0.133
1086.162,4777,11,101,4.544,0.262,102,4.593,0.251,103,4.633,0.233,104,4.683,0.221,105,4.725,0.205,106,4.777,0.197,107,4.817,0.182,108,4.868,0.171,109,4.911,0.154,110,4.963,0.144,111,5.006,0.131
1086.229,4778,11,101,4.548,0.261,102,4.599,0.250,103,4.637,0.232,104,4.688,0.219,105,4.729,0.204,106,4.781,0.195,107,4.822,0.180,108,4.874,0.169,109,4.915,0.153,110,4.967,0.143,111,5.011,0.129
1086.296,4779,11,101,4.552,0.260,102,4.603,0.248,103,4.642,0.231,104,4.692,0.218,105,4.734,0.203,106,4.786,0.195,107,4.827,0.179,108,4.878,0.169,109,4.920,0.152,110,4.972,0.140,111,5.015,0.129
1086.363,4780,11,101,4.556,0.259,102,4.607,0.247,103,4.647,0.229,104,4.697,0.218,105,4.738,0.203,106,4.790,0.194,107,4.831,0.179,108,4.883,0.168,109,4.924,0.151,110,4.976,0.140,111,5.019,0.128
1086.429,4781,11,101,4.560,0.258,102,4.612,0.247,103,4.651,0.228,104,4.702,0.216,105,4.743,0.202,106,4.795,0.193,107,4.835,0.177,108,4.887,0.166,109,4.928,0.151,110,4.979,0.140,111,5.023,0.127
1086.496,4782,11,101,4.565,0.257,102,4.616,0.246,103,4.656,0.228,104,4.706,0.215,105,4.748,0.201,106,4.798,0.192,107,4.839,0.176,108,4.891,0.166,109,4.933,0.149,110,4.984,0.139,111,5.028,0.126
1086.563,4783,11,101,4.570,0.255,102,4.620,0.245,103,4.659,0.227,104,4.710,0.214,105,4.752,0.199,106,4.802,0.191,107,4.844,0.174,108,4.895,0.165,109,4.937,0.149,110,4.989,0.138,111,5.032,0.126
1086.630,4784,11,101,4.574,0.254,102,4.625,0.244,103,4.664,0.226,104,4.715,0.213,105,4.756,0.199,106,4.807,0.189,107,4.848,0.174,108,4.899,0.164,109,4.942,0.148,110,4.992,0.138,111,5.036,0.126
1086.696,4785,11,101,4.579,0.253,102,4.629,0.243,103,4.669,0.225,104,4.719,0.212,105,4.760,0.198,106,4.811,0.189,107,4.853,0.174,108,4.904,0.164,109,4.946,0.148,110,4.997,0.138,111,5.041,0.125
1086.763,4786,11,101,4.583,0.252,102,4.634,0.242,103,4.673,0.224,104,4.724,0.211,105,4.765,0.197,106,4.816,0.188,107,4.858,0.173,108,4.909,0.163,109,4.951,0.146,110,5.001,0.137,111,5.045,0.124
1086.829,4787,11,101,4.588,0.251,102,4.638,0.241,103,4.678,0.222,104,4.728,0.211,105,4.770,0.196,106,4.821,0.188,107,4.862,0.173,108,4.914,0.161,109,4.956,0.145,110,5.007,0.135,111,5.051,0.123
1086.896,4788,11,101,4.593,0.250,102,4.643,0.240,103,4.683,0.222,104,4.733,0.210,105,4.774,0.196,106,4.826,0.187,107,4.867,0.171,108,4.919,0.161,109,4.961,0.144,110,5.012,0.133,111,5.056,0.121
1086.963,4789,11,101,4.597,0.250,102,4.648,0.239,103,4.687,0.221,104,4.738,0.209,105,4.779,0.194,106,4.831,0.186,107,4.872,0.170,108,4.924,0.159,109,4.965,0.142,110,5.017,0.131,111,5.060,0.119
1087.030,4790,11,101,4.602,0.249,102,4.652,0.239,103,4.692,0.220,104,4.742,0.207,105,4.784,0.192,106,4.835,0.184,107,4.876,0.168,108,4.927,0.158,109,4.970,0.140,110,5.021,0.131,111,5.065,0.117
1087.096,4791,11,101,4.606,0.249,102,4.657,0.237,103,4.696,0.219,104,4.747,0.206,105,4.789,0.191,106,4.840,0.183,107,4.881,0.166,108,4.932,0.157,109,4.974,0.140,110,5.026,0.129,111,5.070,0.116
1087.163,4792,11,101,4.611,0.248,102,4.662,0.236,103,4.701,0.218,104,4.751,0.206,105,4.793,0.190,106,4.843,0.182,107,4.886,0.165,108,4.937,0.155,109,4.979,0.138,110,5.031,0.128,111,5.074,0.115
1087.230,4793,11,101,4.615,0.247,102,4.665,0.235,103,4.704,0.218,104,4.755,0.205,105,4.796,0.191,106,4.848,0.181,107,4.889,0.165,108,4.941,0.155,109,4.983,0.137,110,5.034,0.127,111,5.078,0.115
1087.296,4794,11,101,4.619,0.245,102,4.670,0.234,103,4.709,0.216,104,4.759,0.204,105,4.800,0.190,106,4.851,0.181,107,4.893,0.165,108,4.945,0.154,109,4.986,0.137,110,5.037,0.126,111,5.081,0.114
1087.363,4795,11,101,4.623,0.244,102,4.673,0.233,103,4.712,0.216,104,4.762,0.203,105,4.804,0.188,106,4.856,0.179,107,4.897,0.164,108,4.948,0.153,109,4.989,0.137,110,5.041,0.126,111,5.084,0.114
1087.430,4796,11,101,4.625,0.243,102,4.676,0.233,103,4.716,0.214,104,4.766,0.202,105,4.807,0.187,106,4.859,0.178,107,4.900,0.162,108,4.951,0.152,109,4.993,0.136,110,5.044,0.125,111,5.088,0.113
1087.496,4797,11,101,4.629,0.242,102,4.680,0.231,103,4.720,0.213,104,4.769,0.200,105,4.811,0.186,106,4.863,0.177,107,4.903,0.162,108,4.955,0.150,109,4.997,0.134,110,5.048,0.124,111,5.092,0.111
1087.563,4798,11,101,4.633,0.240,102,4.683,0.229,103,4.723,0.211,104,4.774,0.199,105,4.815,0.184,106,4.866,0.176,107,4.907,0.161,108,4.958,0.150,109,5.001,0.133,110,5.052,0.123,111,5.095,0.110
1087.630,4799,11,101,4.637,0.239,102,4.687,0.228,103,4.726,0.210,104,4.777,0.197,105,4.818,0.183,106,4.869,0.175,107,4.911,0.159,108,4.962,0.149,109,5.004,0.131,110,5.056,0.122,111,5.099,0.110
1087.697,4800,11,101,4.640,0.238,102,4.690,0.227,103,4.729,0.209,104,4.780,0.197,105,4.822,0.182,106,4.872,0.174,107,4.914,0.157,108,4.966,0.148,109,5.008,0.131,110,5.059,0.120,111,5.103,0.108
1087.763,4801,11,101,4.643,0.237,102,4.694,0.226,103,4.734,0.208,104,4.784,0.196,105,4.825,0.181,106,4.876,0.173,107,4.918,0.156,108,4.969,0.147,109,5.012,0.129,110,5.062,0.119,111,5.107,0.107
1087.830,4802,11,101,4.648,0.236,102,4.698,0.225,103,4.737,0.207,104,4.788,0.195,105,4.829,0.181,106,4.881,0.172,107,4.922,0.156,108,4.973,0.146,109,5.015,0.128,110,5.066,0.117,111,5.111,0.105
1087.897,4803,11,101,4.651,0.236,102,4.701,0.225,103,4.741,0.206,104,4.792,0.194,105,4.833,0.180,106,4.885,0.170,107,4.926,0.155,108,4.977,0.144,109,5.019,0.128,110,5.071,0.117,111,5.114,0.105
1087.963,4804,11,101,4.655,0.234,102,4.706,0.224,103,4.745,0.205,104,4.796,0.194,105,4.837,0.178,106,4.889,0.169,107,4.930,0.154,108,4.981,0.143,109,5.023,0.127,110,5.075,0.116,111,5.118,0.103
1088.030,4805,11,101,4.659,0.233,102,4.710,0.222,103,4.750,0.205,104,4.800,0.192,105,4.841,0.177,106,4.893,0.168,107,4.934,0.153,108,4.986,0.142,109,5.028,0.126,110,5.078,0.115,111,5.122,0.103
1088.097,4806,11,101,4.664,0.233,102,4.714,0.222,103,4.753,0.204,104,4.804,0.192,105,4.846,0.177,106,4.897,0.168,107,4.939,0.153,108,4.990,0.141,109,5.032,0.125,110,5.082,0.115,111,5.126,0.102
1088.163,4807,11,101,4.668,0.232,102,4.718,0.221,103,4.758,0.203,104,4.808,0.190,105,4.850,0.175,106,4.901,0.167,107,4.942,0.151,108,4.993,0.140,109,5.036,0.124,110,5.087,0.113,111,5.130,0.101
1088.230,4808,11,101,4.672,0.231,102,4.722,0.220,103,4.762,0.202,104,4.812,0.189,105,4.855,0.174,106,4.905,0.166,107,4.947,0.149,108,4.997,0.139,109,5.040,0.123,110,5.092,0.112,111,5.134,0.100
1088.297,4809,11,101,4.676,0.230,102,4.727,0.219,103,4.766,0.201,104,4.816,0.187,105,4.858,0.173,106,4.910,0.164,107,4.950,0.148,108,5.002,0.138,109,5.044,0.122,110,5.095,0.111,111,5.139,0.099
1088.364,4810,11,101,4.681,0.229,102,4.731,0.218,103,4.770,0.199,104,4.820,0.186,105,4.862,0.172,106,4.913,0.163,107,4.955,0.147,108,5.006,0.137,109,5.049,0.120,110,5.100,0.109,111,5.143,0.097
1088.430,4811,11,101,4.684,0.227,102,4.735,0.216,103,4.774,0.198,104,4.824,0.185,105,4.866,0.171,106,4.918,0.162,107,4.959,0.146,108,5.011,0.135,109,5.053,0.119,110,5.104,0.109,111,5.148,0.096
1088.497,4812,11,101,4.689,0.226,102,4.739,0.215,103,4.778,0.197,104,4.829,0.185,105,4.870,0.170,106,4.922,0.161,107,4.964,0.145,108,5.015,0.134,109,5.057,0.118,110,5.109,0.107,111,5.152,0.095
1088.564,4813,11,101,4.692,0.225,102,4.742,0.214,103,4.783,0.196,104,4.833,0.184,105,4.875,0.169,106,4.926,0.160,107,4.967,0.145,108,5.018,0.134,109,5.061,0.117,110,5.112,0.107,111,5.156,0.094
1088.630,4814,11,101,4.697,0.225,102,4.747,0.213,103,4.787,0.196,104,4.837,0.183,105,4.879,0.169,106,4.930,0.159,107,4.971,0.144,108,5.022,0.134,109,5.065,0.116,110,5.116,0.105,111,5.160,0.093
1088.697,4815,11,101,4.701,0.225,102,4.751,0.213,103,4.791,0.196,104,4.840,0.183,105,4.883,0.167,106,4.934,0.159,107,4.975,0.143,108,5.027,0.133,109,5.070,0.116,110,5.120,0.105,111,5.164,0.093
1088.764,4816,11,101,4.705,0.224,102,4.755,0.213,103,4.795,0.194,104,4.845,0.182,105,4.887,0.167,106,4.938,0.159,107,4.980,0.143,108,5.031,0.132,109,5.073,0.116,110,5.124,0.105,111,5.168,0.093
1088.830,4817,11,101,4.709,0.223,102,4.759,0.212,103,4.799,0.194,104,4.849,0.181,105,4.891,0.167,106,4.943,0.158,107,4.984,0.142,108,5.035,0.132,109,5.077,0.116,110,5.129,0.104,111,5.171,0.092
1088.897,4818,11,101,4.712,0.222,102,4.763,0.210,103,4.803,0.193,104,4.853,0.181,105,4.895,0.166,106,4.946,0.157,107,4.987,0.142,108,5.038,0.130,109,5.081,0.114,110,5.132,0.103,111,5.176,0.091
1088.964,4819,11,101,4.716,0.221,102,4.767,0.211,103,4.806,0.193,104,4.856,0.180,105,4.898,0.165,106,4.949,0.156,107,4.991,0.139,108,5.042,0.129,109,5.085,0.113,110,5.135,0.103,111,5.180,0.090
1089.030,4820,11,101,4.720,0.220,102,4.770,0.210,103,4.810,0.191,104,4.860,0.178,105,4.901,0.164,106,4.953,0.155,107,4.995,0.139,108,5.046,0.128,109,5.089,0.112,110,5.139,0.102,111,5.184,0.088
1089.097,4821,11,101,4.724,0.219,102,4.774,0.208,103,4.814,0.191,104,4.863,0.177,105,4.906,0.163,106,4.957,0.153,107,4.998,0.138,108,5.050,0.128,109,5.093,0.111,110,5.143,0.099,111,5.187,0.088
1089.164,4822,11,101,4.728,0.218,102,4.778,0.207,103,4.817,0.189,104,4.868,0.177,105,4.910,0.162,106,4.960,0.153,107,5.002,0.138,108,5.054,0.127,109,5.096,0.110,110,5.147,0.099,111,5.190,0.087
1089.231,4823,11,101,4.731,0.216,102,4.782,0.206,103,4.822,0.188,104,4.871,0.176,105,4.914,0.162,106,4.965,0.152,107,5.006,0.137,108,5.057,0.126,109,5.100,0.109,110,5.151,0.098,111,5.194,0.086
1089.297,4824,11,101,4.735,0.215,102,4.786,0.205,103,4.826,0.187,104,4.874,0.175,105,4.917,0.160,106,4.968,0.151,107,5.010,0.136,108,5.061,0.125,109,5.104,0.108,110,5.155,0.098,111,5.199,0.085
1089.364,4825,11,101,4.739,0.215,102,4.789,0.205,103,4.829,0.186,104,4.879,0.174,105,4.921,0.159,106,4.972,0.150,107,5.014,0.134,108,5.064,0.124,109,5.108,0.107,110,5.158,0.097,111,5.202,0.084
1089.431,4826,11,101,4.743,0.214,102,4.793,0.203,103,4.833,0.185,104,4.882,0.172,105,4.924,0.157,106,4.976,0.149,107,5.017,0.133,108,5.069,0.122,109,5.112,0.105,110,5.162,0.096,111,5.207,0.082
1089.497,4827,11,101,4.747,0.213,102,4.797,0.202,103,4.836,0.184,104,4.886,0.171,105,4.928,0.156,106,4.980,0.147,107,5.020,0.132,108,5.072,0.121,109,5.115,0.104,110,5.166,0.094,111,5.210,0.081
1089.564,4828,11,101,4.750,0.212,102,4.800,0.201,103,4.840,0.183,104,4.890,0.170,105,4.932,0.156,106,4.983,0.146,107,5.025,0.131,108,5.077,0.120,109,5.118,0.103,110,5.169,0.093,111,5.213,0.080
1089.631,4829,11,101,4.753,0.211,102,4.803,0.200,103,4.844,0.182,104,4.894,0.170,105,4.936,0.154,106,4.987,0.146,107,5.029,0.130,108,5.080,0.119,109,5.122,0.103,110,5.173,0.092,111,5.217,0.079
1089.698,4830,11,101,4.757,0.209,102,4.808,0.199,103,4.848,0.181,104,4.898,0.169,105,4.940,0.154,106,4.991,0.145,107,5.033,0.129,108,5.083,0.118,109,5.126,0.102,110,5.177,0.091,111,5.221,0.078
1089.764,4831,11,101,4.761,0.209,102,4.812,0.199,103,4.851,0.180,104,4.901,0.168,105,4.943,0.153,106,4.994,0.144,107,5.037,0.128,108,5.087,0.118,109,5.129,0.101,110,5.181,0.090,111,5.224,0.077
1089.831,4832,11,101,4.765,0.208,102,4.815,0.197,103,4.855,0.179,104,4.905,0.167,105,4.947,0.152,106,4.998,0.143,107,5.040,0.127,108,5.091,0.117,109,5.133,0.100,110,5.184,0.089,111,5.228,0.077
1089.898,4833,11,101,4.769,0.207,102,4.818,0.197,103,4.859,0.177,104,4.909,0.166,105,4.951,0.151,106,5.002,0.143,107,5.043,0.126,108,5.095,0.116,109,5.137,0.099,110,5.188,0.089,111,5.232,0.077
1089.964,4834,11,101,4.772,0.207,102,4.823,0.196,103,4.863,0.177,104,4.913,0.165,105,4.955,0.150,106,5.006,0.142,107,5.047,0.126,108,5.099,0.116,109,5.141,0.099,110,5.191,0.088,111,5.236,0.076
1090.031,4835,11,101,4.776,0.206,102,4.826,0.195,103,4.867,0.177,104,4.917,0.164,105,4.959,0.149,106,5.010,0.141,107,5.052,0.125,108,5.102,0.115,109,5.146,0.097,110,5.196,0.087,111,5.240,0.075
1090.098,4836,11,101,4.781,0.205,102,4.831,0.194,103,4.871,0.176,104,4.920,0.163,105,4.963,0.149,106,5.014,0.140,107,5.056,0.125,108,5.106,0.114,109,5.149,0.097,110,5.200,0.086,111,5.244,0.074
1090.164,4837,11,101,4.785,0.203,102,4.835,0.193,103,4.874,0.175,104,4.924,0.162,105,4.967,0.148,106,5.018,0.138,107,5.059,0.122,108,5.111,0.113,109,5.154,0.096,110,5.204,0.086,111,5.248,0.073
1090.231,4838,11,101,4.789,0.202,102,4.839,0.191,103,4.879,0.174,104,4.928,0.161,105,4.971,0.147,106,5.022,0.138,107,5.063,0.122,108,5.115,0.112,109,5.157,0.095,110,5.208,0.085,111,5.252,0.072
1090.298,4839,11,101,4.792,0.202,102,4.842,0.191,103,4.883,0.173,104,4.932,0.160,105,4.975,0.146,106,5.025,0.137,107,5.068,0.121,108,5.119,0.110,109,5.162,0.094,110,5.213,0.084,111,5.256,0.071
1090.364,4840,11,101,4.796,0.200,102,4.846,0.190,103,4.887,0.172,104,4.936,0.160,105,4.979,0.144,106,5.030,0.137,107,5.072,0.120,108,5.122,0.110,109,5.166,0.093,110,5.216,0.082,111,5.260,0.070
1090.431,4841,11,101,4.800,0.200,102,4.850,0.190,103,4.891,0.171,104,4.941,0.159,105,4.982,0.144,106,5.034,0.136,107,5.076,0.120,108,5.126,0.108,109,5.169,0.092,110,5.220,0.081,111,5.264,0.069
1090.498,4842,11,101,4.803,0.199,102,4.854,0.188,103,4.894,0.171,104,4.944,0.158,105,4.986,0.142,106,5.038,0.135,107,5.079,0.118,108,5.130,0.108,109,5.173,0.091,110,5.224,0.081,111,5.268,0.067
1090.565,4843,11,101,4.807,0.199,102,4.858,0.188,103,4.898,0.169,104,4.947,0.158,105,4.990,0.142,106,5.041,0.133,107,5.082,0.117,108,5.134,0.107,109,5.177,0.090,110,5.228,0.080,111,5.272,0.067
1090.631,4844,11,101,4.811,0.198,102,4.861,0.187,103,4.900,0.168,104,4.951,0.156,105,4.993,0.141,106,5.044,0.132,107,5.086,0.117,108,5.136,0.107,109,5.180,0.090,110,5.231,0.079,111,5.275,0.067
1090.698,4845,11,101,4.814,0.196,102,4.864,0.185,103,4.904,0.168,104,4.954,0.155,105,4.996,0.141,106,5.047,0.132,107,5.090,0.117,108,5.140,0.106,109,5.183,0.089,110,5.234,0.079,111,5.278,0.066
1090.765,4846,11,101,4.817,0.195,102,4.867,0.184,103,4.908,0.166,104,4.957,0.154,105,4.999,0.139,106,5.050,0.131,107,5.093,0.116,108,5.143,0.105,109,5.187,0.088,110,5.237,0.078,111,5.280,0.066
1090.831,4847,11,101,4.820,0.194,102,4.871,0.182,103,4.911,0.165,104,4.961,0.153,105,5.003,0.139,106,5.054,0.129,107,5.096,0.114,108,5.148,0.104,109,5.190,0.087,110,5.241,0.077,111,5.284,0.065
1090.898,4848,11,101,4.824,0.192,102,4.874,0.182,103,4.914,0.165,104,4.964,0.152,105,5.006,0.138,106,5.057,0.128,107,5.099,0.113,108,5.150,0.102,109,5.193,0.085,110,5.244,0.075,111,5.287,0.063
1090.965,4849,11,101,4.827,0.191,102,4.877,0.181,103,4.917,0.163,104,4.968,0.150,105,5.010,0.136,106,5.061,0.128,107,5.103,0.111,108,5.153,0.101,109,5.196,0.085,110,5.247,0.074,111,5.291,0.061
1091.031,4850,11,101,4.831,0.190,102,4.881,0.179,103,4.921,0.162,104,4.971,0.149,105,5.013,0.134,106,5.064,0.127,107,5.106,0.111,108,5.157,0.100,109,5.200,0.083,110,5.250,0.073,111,5.294,0.060
1091.098,4851,11,101,4.834,0.189,102,4.884,0.179,103,4.925,0.161,104,4.974,0.149,105,5.017,0.134,106,5.068,0.125,107,5.110,0.110,108,5.161,0.099,109,5.204,0.083,110,5.255,0.072,111,5.298,0.060
1091.165,4852,11,101,4.838,0.189,102,4.888,0.179,103,4.928,0.160,104,4.978,0.148,105,5.020,0.134,106,5.072,0.124,107,5.114,0.109,108,5.165,0.098,109,5.207,0.082,110,5.258,0.071,111,5.303,0.059
1091.231,4853,11,101,4.841,0.189,102,4.892,0.178,103,4.931,0.160,104,4.981,0.147,105,5.024,0.133,106,5.075,0.124,107,5.118,0.108,108,5.169,0.098,109,5.211,0.081,110,5.262,0.070,111,5.306,0.058
1091.298,4854,11,101,4.844,0.188,102,4.894,0.177,103,4.935,0.159,104,4.985,0.147,105,5.027,0.133,106,5.079,0.123,107,5.121,0.108,108,5.172,0.097,109,5.215,0.080,110,5.266,0.069,111,5.309,0.058
1091.365,4855,11,101,4.848,0.188,102,4.899,0.177,103,4.939,0.159,104,4.988,0.146,105,5.031,0.132,106,5.082,0.122,107,5.124,0.107,108,5.175,0.097,109,5.218,0.079,110,5.269,0.069,111,5.312,0.058
1091.432,4856,11,101,4.852,0.187,102,4.902,0.176,103,4.942,0.159,104,4.992,0.145,105,5.035,0.131,106,5.085,0.122,107,5.128,0.106,108,5.178,0.096,109,5.221,0.079,110,5.272,0.069,111,5.316,0.057
1091.498,4857,11,101,4.855,0.186,102,4.905,0.175,103,4.945,0.157,104,4.996,0.145,105,5.038,0.130,106,5.088,0.122,107,5.132,0.105,108,5.182,0.095,109,5.224,0.079,110,5.275,0.069,111,5.320,0.056
1091.565,4858,11,101,4.859,0.185,102,4.908,0.174,103,4.949,0.156,104,4.999,0.144,105,5.041,0.129,106,5.092,0.121,107,5.134,0.105,108,5.186,0.094,109,5.229,0.078,110,5.279,0.067,111,5.323,0.055
1091.632,4859,11,101,4.862,0.183,102,4.912,0.173,103,4.953,0.154,104,5.002,0.143,105,5.044,0.128,106,5.096,0.120,107,5.138,0.105,108,5.189,0.094,109,5.232,0.077,110,5.282,0.068,111,5.326,0.055
1091.698,4860,11,101,4.866,0.182,102,4.916,0.172,103,4.956,0.154,104,5.005,0.142,105,5.048,0.128,106,5.099,0.119,107,5.140,0.104,108,5.192,0.093,109,5.235,0.077,110,5.286,0.066,111,5.329,0.054
1091.765,4861,11,101,4.870,0.181,102,4.919,0.171,103,4.959,0.153,104,5.010,0.141,105,5.052,0.127,106,5.103,0.118,107,5.145,0.103,108,5.195,0.092,109,5.238,0.076,110,5.290,0.064,111,5.333,0.053
1091.832,4862,11,101,4.872,0.181,102,4.922,0.171,103,4.963,0.152,104,5.013,0.141,105,5.056,0.126,106,5.106,0.118,107,5.148,0.102,108,5.200,0.092,109,5.243,0.075,110,5.294,0.064,111,5.337,0.052
1091.898,4863,11,101,4.876,0.181,102,4.926,0.170,103,4.967,0.152,104,5.017,0.141,105,5.059,0.126,106,5.110,0.117,107,5.152,0.101,108,5.203,0.091,109,5.247,0.074,110,5.297,0.064,111,5.341,0.052
1091.965,4864,11,101,4.880,0.180,102,4.930,0.170,103,4.970,0.152,104,5.020,0.140,105,5.062,0.125,106,5.114,0.116,107,5.155,0.100,108,5.206,0.090,109,5.250,0.074,110,5.301,0.064,111,5.345,0.050
1092.032,4865,11,101,4.884,0.179,102,4.934,0.169,103,4.974,0.151,104,5.024,0.139,105,5.066,0.124,106,5.118,0.115,107,5.159,0.100,108,5.210,0.089,109,5.253,0.073,110,5.305,0.062,111,5.348,0.050
1092.099,4866,11,101,4.888,0.179,102,4.937,0.168,103,4.977,0.151,104,5.027,0.138,105,5.070,0.123,106,5.121,0.115,107,5.163,0.099,108,5.214,0.088,109,5.257,0.071,110,5.308,0.062,111,5.352,0.049
1092.165,4867,11,101,4.891,0.178,102,4.941,0.166,103,4.981,0.148,104,5.031,0.136,105,5.073,0.122,106,5.124,0.113,107,5.167,0.098,108,5.218,0.087,109,5.260,0.071,110,5.311,0.060,111,5.355,0.048
1092.232,4868,11,101,4.894,0.176,102,4.944,0.165,103,4.984,0.147,104,5.034,0.135,105,5.077,0.121,106,5.128,0.112,107,5.171,0.097,108,5.221,0.087,109,5.264,0.069,110,5.315,0.058,111,5.358,0.047
1092.299,4869,11,101,4.897,0.175,102,4.948,0.165,103,4.988,0.147,104,5.038,0.134,105,5.080,0.119,106,5.132,0.111,107,5.174,0.095,108,5.224,0.085,109,5.267,0.069,110,5.319,0.058,111,5.362,0.046
1092.365,4870,11,101,4.900,0.173,102,4.950,0.164,103,4.991,0.145,104,5.041,0.133,105,5.083,0.119,106,5.135,0.109,107,5.177,0.094,108,5.227,0.084,109,5.271,0.068,110,5.322,0.057,111,5.365,0.044
1092.432,4871,11,101,4.903,0.172,102,4.953,0.162,103,4.994,0.145,104,5.044,0.132,105,5.086,0.118,106,5.138,0.109,107,5.180,0.093,108,5.231,0.082,109,5.274,0.066,110,5.325,0.056,111,5.368,0.044
1092.499,4872,11,101,4.906,0.172,102,4.956,0.162,103,4.998,0.143,104,5.047,0.131,105,5.089,0.117,106,5.141,0.108,107,5.183,0.093,108,5.234,0.082,109,5.277,0.065,110,5.328,0.056,111,5.371,0.043
1092.565,4873,11,101,4.910,0.171,102,4.959,0.160,103,5.001,0.143,104,5.050,0.130,105,5.093,0.116,106,5.143,0.108,107,5.186,0.092,108,5.237,0.082,109,5.280,0.065,110,5.331,0.055,111,5.375,0.042
1092.632,4874,11,101,4.913,0.170,102,4.963,0.160,103,5.003,0.142,104,5.054,0.130,105,5.096,0.115,106,5.147,0.107,107,5.188,0.092,108,5.240,0.081,109,5.283,0.065,110,5.334,0.054,111,5.378,0.042
1092.699,4875,11,101,4.917,0.169,102,4.967,0.159,103,5.006,0.142,104,5.057,0.129,105,5.099,0.115,106,5.151,0.107,107,5.192,0.091,108,5.243,0.081,109,5.286,0.064,110,5.337,0.054,111,5.381,0.042
1092.766,4876,11,101,4.919,0.169,102,4.970,0.159,103,5.010,0.141,104,5.060,0.129,105,5.102,0.114,106,5.154,0.106,107,5.196,0.091,108,5.247,0.080,109,5.289,0.063,110,5.340,0.053,111,5.384,0.041
1092.832,4877,11,101,4.923,0.169,102,4.973,0.158,103,5.013,0.141,104,5.063,0.129,105,5.106,0.114,106,5.156,0.105,107,5.199,0.089,108,5.250,0.080,109,5.293,0.063,110,5.344,0.053,111,5.387,0.041
1092.899,4878,11,101,4.926,0.168,102,4.976,0.157,103,5.017,0.140,104,5.066,0.128,105,5.109,0.113,106,5.159,0.104,107,5.202,0.088,108,5.253,0.079,109,5.296,0.063,110,5.347,0.052,111,5.391,0.040
1092.965,4879,11,101,4.928,0.167,102,4.979,0.156,103,5.020,0.139,104,5.069,0.127,105,5.112,0.112,106,5.162,0.104,107,5.205,0.088,108,5.256,0.079,109,5.299,0.062,110,5.350,0.053,111,5.393,0.041
1093.032,4880,11,101,4.931,0.167,102,4.982,0.156,103,5.023,0.138,104,5.073,0.127,105,5.115,0.112,106,5.165,0.104,107,5.208,0.089,108,5.259,0.078,109,5.303,0.062,110,5.353,0.053,111,5.397,0.041
1093.099,4881,11,101,4.935,0.166,102,4.984,0.156,103,5.026,0.138,104,5.075,0.126,105,5.118,0.112,106,5.169,0.104,107,5.211,0.089,108,5.262,0.079,109,5.306,0.063,110,5.357,0.053,111,5.401,0.041
1093.166,4882,11,101,4.938,0.166,102,4.987,0.156,103,5.029,0.138,104,5.078,0.126,105,5.121,0.112,106,5.172,0.104,107,5.215,0.088,108,5.265,0.079,109,5.309,0.063,110,5.360,0.053,111,5.404,0.041
1093.232,4883,11,101,4.941,0.165,102,4.990,0.155,103,5.031,0.138,104,5.081,0.126,105,5.124,0.112,106,5.175,0.103,107,5.218,0.088,108,5.268,0.079,109,5.312,0.063,110,5.362,0.053,111,5.407,0.041
1093.299,4884,11,101,4.945,0.165,102,4.993,0.155,103,5.035,0.138,104,5.084,0.125,105,5.128,0.111,106,5.178,0.103,107,5.221,0.088,108,5.271,0.078,109,5.316,0.062,110,5.365,0.052,111,5.410,0.041
1093.366,4885,11,101,4.947,0.164,102,4.997,0.154,103,5.038,0.136,104,5.087,0.124,105,5.131,0.110,106,5.180,0.102,107,5.223,0.087,108,5.275,0.078,109,5.318,0.062,110,5.369,0.052,111,5.413,0.040
1093.432,4886,11,101,4.950,0.163,102,4.999,0.152,103,5.041,0.136,104,5.090,0.123,105,5.134,0.110,106,5.184,0.101,107,5.226,0.087,108,5.277,0.077,109,5.321,0.062,110,5.372,0.052,111,5.416,0.040
1093.499,4887,11,101,4.953,0.163,102,5.002,0.151,103,5.043,0.135,104,5.093,0.123,105,5.136,0.109,106,5.187,0.101,107,5.229,0.086,108,5.280,0.078,109,5.324,0.062,110,5.375,0.052,111,5.418,0.040
1093.566,4888,11,101,4.955,0.162,102,5.005,0.151,103,5.046,0.134,104,5.096,0.122,105,5.139,0.109,106,5.189,0.101,107,5.233,0.086,108,5.283,0.078,109,5.327,0.062,110,5.378,0.052,111,5.421,0.041
1093.633,4889,11,101,4.958,0.161,102,5.007,0.150,103,5.048,0.133,104,5.099,0.122,105,5.142,0.109,106,5.192,0.101,107,5.235,0.086,108,5.286,0.077,109,5.330,0.062,110,5.380,0.053,111,5.424,0.041
1093.699,4890,11,101,4.961,0.159,102,5.010,0.150,103,5.051,0.133,104,5.101,0.121,105,5.145,0.108,106,5.195,0.100,107,5.238,0.085,108,5.289,0.076,109,5.334,0.062,110,5.383,0.052,111,5.428,0.041
1093.766,4891,11,101,4.964,0.158,102,5.013,0.148,103,5.055,0.131,104,5.104,0.120,105,5.148,0.107,106,5.198,0.099,107,5.241,0.085,108,5.292,0.075,109,5.336,0.060,110,5.387,0.051,111,5.431,0.040
1093.833,4892,11,101,4.966,0.156,102,5.017,0.146,103,5.057,0.129,104,5.107,0.118,105,5.150,0.106,106,5.201,0.098,107,5.244,0.084,108,5.295,0.074,109,5.339,0.059,110,5.390,0.051,111,5.434,0.040
1093.899,4893,11,101,4.969,0.154,102,5.019,0.145,103,5.061,0.128,104,5.110,0.117,105,5.154,0.104,106,5.204,0.097,107,5.247,0.084,108,5.298,0.074,109,5.342,0.059,110,5.393,0.050,111,5.437,0.039
1093.966,4894,11,101,4.972,0.154,102,5.022,0.145,103,5.063,0.128,104,5.113,0.117,105,5.156,0.103,106,5.207,0.096,107,5.250,0.083,108,5.301,0.074,109,5.345,0.058,110,5.397,0.050,111,5.441,0.038
1094.033,4895,11,101,4.975,0.153,102,5.025,0.143,103,5.065,0.128,104,5.116,0.116,105,5.159,0.103,106,5.210,0.096,107,5.253,0.082,108,5.304,0.074,109,5.348,0.058,110,5.400,0.050,111,5.444,0.039
1094.100,4896,11,101,4.978,0.152,102,5.027,0.143,103,5.068,0.127,104,5.119,0.116,105,5.162,0.103,106,5.213,0.095,107,5.256,0.081,108,5.307,0.073,109,5.351,0.059,110,5.403,0.050,111,5.447,0.039
