# https://github.com/mikedh/trimesh
mtllib material.mtl

o joint_6
usemtl material_0
v -0.00090300 -0.00000000 -0.00090300
v -0.00090300 -0.00000000 -0.00090300
v -0.00090300 -0.00000000 -0.00090300
v -0.00090300 -0.00000000 -0.00090300
v -0.00090300 -0.00000000 -0.00090300
v 0.00009700 -0.00000000 -0.00090300
v 0.00009700 -0.00000000 -0.00090300
v 0.00009700 -0.00000000 -0.00090300
v 0.00009700 -0.00000000 -0.00090300
v 0.00009700 -0.00000000 -0.00090300
v 0.00009700 -0.00000000 -0.00090300
v 0.00009700 -0.00000000 -0.00090300
v 0.00009700 -0.00000000 -0.00090300
v 0.00026900 -0.00053100 0.00090300
v 0.00026900 -0.00053100 0.00090300
v 0.00026900 -0.00053100 0.00090300
v 0.00026900 -0.00053100 0.00090300
v 0.00026900 -0.00053100 0.00090300
v 0.00026900 -0.00053100 0.00090300
v 0.00026900 -0.00053100 0.00090300
v -0.00073100 -0.00053100 0.00090300
v -0.00073100 -0.00053100 0.00090300
v -0.00073100 -0.00053100 0.00090300
v -0.00073100 -0.00053100 0.00090300
v -0.00073100 -0.00053100 0.00090300
v 0.00026900 0.00053100 0.00090300
v 0.00026900 0.00053100 0.00090300
v 0.00026900 0.00053100 0.00090300
v 0.00026900 0.00053100 0.00090300
v 0.00026900 0.00053100 0.00090300
v 0.00026900 0.00053100 0.00090300
v 0.00026900 0.00053100 0.00090300
v -0.00073100 0.00053100 0.00090300
v -0.00073100 0.00053100 0.00090300
v -0.00073100 0.00053100 0.00090300
v -0.00073100 0.00053100 0.00090300
v -0.00073100 0.00053100 0.00090300
v -0.00076100 -0.00000000 -0.00132800
v -0.00076100 -0.00000000 -0.00132800
v -0.00076100 -0.00000000 -0.00132800
v -0.00076100 -0.00000000 -0.00132800
v -0.00076100 -0.00000000 -0.00132800
v -0.00076100 -0.00000000 -0.00132800
v -0.00076100 -0.00000000 -0.00132800
v -0.00076100 -0.00000000 -0.00132800
v -0.00048900 -0.00072400 -0.00101500
v -0.00048900 -0.00072400 -0.00101500
v -0.00048900 -0.00072400 -0.00101500
v -0.00048900 -0.00072400 -0.00101500
v -0.00048900 -0.00072400 -0.00101500
v -0.00048900 -0.00072400 -0.00101500
v -0.00048900 -0.00072400 -0.00101500
v -0.00048900 -0.00072400 -0.00101500
v -0.00069500 -0.00050500 -0.00106200
v -0.00069500 -0.00050500 -0.00106200
v -0.00069500 -0.00050500 -0.00106200
v -0.00069500 -0.00050500 -0.00106200
v -0.00069500 -0.00050500 -0.00106200
v -0.00069500 -0.00050500 -0.00106200
v -0.00069500 -0.00050500 -0.00106200
v -0.00069500 -0.00050500 -0.00106200
v -0.00069500 -0.00050500 -0.00106200
v -0.00069500 -0.00050500 -0.00106200
v -0.00069500 -0.00050500 -0.00106200
v -0.00083900 -0.00024100 -0.00101500
v -0.00083900 -0.00024100 -0.00101500
v -0.00083900 -0.00024100 -0.00101500
v -0.00083900 -0.00024100 -0.00101500
v -0.00083900 -0.00024100 -0.00101500
v -0.00083900 -0.00024100 -0.00101500
v -0.00083900 -0.00024100 -0.00101500
v -0.00083900 -0.00024100 -0.00101500
v 0.00016100 -0.00024100 -0.00101500
v 0.00016100 -0.00024100 -0.00101500
v 0.00016100 -0.00024100 -0.00101500
v 0.00016100 -0.00024100 -0.00101500
v 0.00016100 -0.00024100 -0.00101500
v 0.00016100 -0.00024100 -0.00101500
v 0.00016100 -0.00024100 -0.00101500
v 0.00016100 -0.00024100 -0.00101500
v 0.00016100 -0.00024100 -0.00101500
v 0.00016100 -0.00024100 -0.00101500
v 0.00016100 -0.00024100 -0.00101500
v 0.00016100 -0.00024100 -0.00101500
v -0.00031100 -0.00091900 0.00023100
v -0.00031100 -0.00091900 0.00023100
v -0.00031100 -0.00091900 0.00023100
v -0.00031100 -0.00091900 0.00023100
v -0.00031100 -0.00091900 0.00023100
v -0.00031100 -0.00091900 0.00023100
v -0.00031100 -0.00091900 0.00023100
v -0.00028300 -0.00094700 -0.00017300
v -0.00028300 -0.00094700 -0.00017300
v -0.00028300 -0.00094700 -0.00017300
v -0.00028300 -0.00094700 -0.00017300
v -0.00028300 -0.00094700 -0.00017300
v -0.00028300 -0.00094700 -0.00017300
v -0.00028300 -0.00094700 -0.00017300
v -0.00028300 -0.00094700 -0.00017300
v 0.00023000 -0.00082200 0.00061300
v 0.00023000 -0.00082200 0.00061300
v 0.00023000 -0.00082200 0.00061300
v 0.00023000 -0.00082200 0.00061300
v 0.00023000 -0.00082200 0.00061300
v 0.00023000 -0.00082200 0.00061300
v 0.00023000 -0.00082200 0.00061300
v -0.00083900 0.00024100 -0.00101500
v -0.00083900 0.00024100 -0.00101500
v -0.00083900 0.00024100 -0.00101500
v -0.00083900 0.00024100 -0.00101500
v -0.00083900 0.00024100 -0.00101500
v -0.00083900 0.00024100 -0.00101500
v -0.00083900 0.00024100 -0.00101500
v -0.00083900 0.00024100 -0.00101500
v 0.00016100 0.00024100 -0.00101500
v 0.00016100 0.00024100 -0.00101500
v 0.00016100 0.00024100 -0.00101500
v 0.00016100 0.00024100 -0.00101500
v 0.00016100 0.00024100 -0.00101500
v 0.00016100 0.00024100 -0.00101500
v 0.00016100 0.00024100 -0.00101500
v 0.00016100 0.00024100 -0.00101500
v 0.00016100 0.00024100 -0.00101500
v 0.00016100 0.00024100 -0.00101500
v 0.00016100 0.00024100 -0.00101500
v -0.00069500 0.00050500 -0.00106200
v -0.00069500 0.00050500 -0.00106200
v -0.00069500 0.00050500 -0.00106200
v -0.00069500 0.00050500 -0.00106200
v -0.00069500 0.00050500 -0.00106200
v -0.00069500 0.00050500 -0.00106200
v -0.00069500 0.00050500 -0.00106200
v -0.00069500 0.00050500 -0.00106200
v -0.00069500 0.00050500 -0.00106200
v -0.00069500 0.00050500 -0.00106200
v -0.00069500 0.00050500 -0.00106200
v -0.00069500 0.00050500 -0.00106200
v 0.00025500 -0.00084900 0.00024700
v 0.00025500 -0.00084900 0.00024700
v 0.00025500 -0.00084900 0.00024700
v 0.00025500 -0.00084900 0.00024700
v 0.00025500 -0.00084900 0.00024700
v 0.00025500 -0.00084900 0.00024700
v 0.00025500 -0.00084900 0.00024700
v 0.00025500 -0.00084900 0.00024700
v -0.00048900 0.00072400 -0.00101500
v -0.00048900 0.00072400 -0.00101500
v -0.00048900 0.00072400 -0.00101500
v -0.00048900 0.00072400 -0.00101500
v -0.00048900 0.00072400 -0.00101500
v -0.00048900 0.00072400 -0.00101500
v -0.00048900 0.00072400 -0.00101500
v -0.00048900 0.00072400 -0.00101500
v 0.00028600 -0.00086200 -0.00014700
v 0.00028600 -0.00086200 -0.00014700
v 0.00028600 -0.00086200 -0.00014700
v 0.00028600 -0.00086200 -0.00014700
v 0.00028600 -0.00086200 -0.00014700
v 0.00013100 -0.00044700 0.00050700
v 0.00013100 -0.00044700 0.00050700
v 0.00013100 -0.00044700 0.00050700
v 0.00013100 -0.00044700 0.00050700
v 0.00013100 -0.00044700 0.00050700
v 0.00013100 -0.00044700 0.00050700
v 0.00003900 -0.00031200 0.00000000
v 0.00003900 -0.00031200 0.00000000
v 0.00003900 -0.00031200 0.00000000
v 0.00003900 -0.00031200 0.00000000
v 0.00003900 -0.00031200 0.00000000
v 0.00003900 -0.00031200 0.00000000
v -0.00086900 -0.00044700 0.00050700
v -0.00086900 -0.00044700 0.00050700
v -0.00086900 -0.00044700 0.00050700
v -0.00086900 -0.00044700 0.00050700
v -0.00086900 -0.00044700 0.00050700
v -0.00086900 -0.00044700 0.00050700
v 0.00003400 -0.00014900 -0.00050700
v 0.00003400 -0.00014900 -0.00050700
v 0.00003400 -0.00014900 -0.00050700
v 0.00003400 -0.00014900 -0.00050700
v 0.00003400 -0.00014900 -0.00050700
v 0.00003400 -0.00014900 -0.00050700
v -0.00096100 -0.00031200 0.00000000
v -0.00096100 -0.00031200 0.00000000
v -0.00096100 -0.00031200 0.00000000
v -0.00096100 -0.00031200 0.00000000
v -0.00096100 -0.00031200 0.00000000
v -0.00096100 -0.00031200 0.00000000
v -0.00096600 -0.00014900 -0.00050700
v -0.00096600 -0.00014900 -0.00050700
v -0.00096600 -0.00014900 -0.00050700
v -0.00096600 -0.00014900 -0.00050700
v -0.00096600 -0.00014900 -0.00050700
v -0.00096600 -0.00014900 -0.00050700
v 0.00040600 -0.00081700 0.00000000
v 0.00040600 -0.00081700 0.00000000
v 0.00040600 -0.00081700 0.00000000
v 0.00040600 -0.00081700 0.00000000
v 0.00040600 -0.00081700 0.00000000
v 0.00040600 -0.00081700 0.00000000
v 0.00040600 -0.00081700 0.00000000
v 0.00040600 -0.00081700 0.00000000
v -0.00044000 -0.00087300 -0.00050700
v -0.00044000 -0.00087300 -0.00050700
v -0.00044000 -0.00087300 -0.00050700
v -0.00044000 -0.00087300 -0.00050700
v -0.00044000 -0.00087300 -0.00050700
v -0.00044000 -0.00087300 -0.00050700
v -0.00044000 -0.00087300 -0.00050700
v -0.00044000 -0.00087300 -0.00050700
v -0.00044000 -0.00087300 -0.00050700
v 0.00030600 -0.00068900 0.00050700
v 0.00030600 -0.00068900 0.00050700
v 0.00030600 -0.00068900 0.00050700
v 0.00030600 -0.00068900 0.00050700
v 0.00030600 -0.00068900 0.00050700
v 0.00030600 -0.00068900 0.00050700
v 0.00030600 -0.00068900 0.00050700
v 0.00030600 -0.00068900 0.00050700
v 0.00030600 -0.00068900 0.00050700
v 0.00030600 -0.00068900 0.00050700
v -0.00059400 -0.00081700 0.00000000
v -0.00059400 -0.00081700 0.00000000
v -0.00059400 -0.00081700 0.00000000
v -0.00059400 -0.00081700 0.00000000
v -0.00059400 -0.00081700 0.00000000
v -0.00059400 -0.00081700 0.00000000
v -0.00069400 -0.00068900 0.00050700
v -0.00069400 -0.00068900 0.00050700
v -0.00069400 -0.00068900 0.00050700
v -0.00069400 -0.00068900 0.00050700
v -0.00069400 -0.00068900 0.00050700
v -0.00069400 -0.00068900 0.00050700
v 0.00030600 0.00068900 0.00050700
v 0.00030600 0.00068900 0.00050700
v 0.00030600 0.00068900 0.00050700
v 0.00030600 0.00068900 0.00050700
v 0.00030600 0.00068900 0.00050700
v 0.00030600 0.00068900 0.00050700
v 0.00030600 0.00068900 0.00050700
v 0.00030600 0.00068900 0.00050700
v 0.00030600 0.00068900 0.00050700
v 0.00030600 0.00068900 0.00050700
v 0.00030600 0.00068900 0.00050700
v -0.00069400 0.00068900 0.00050700
v -0.00069400 0.00068900 0.00050700
v -0.00069400 0.00068900 0.00050700
v -0.00069400 0.00068900 0.00050700
v -0.00069400 0.00068900 0.00050700
v -0.00069400 0.00068900 0.00050700
v 0.00040600 0.00081700 -0.00000000
v 0.00040600 0.00081700 -0.00000000
v 0.00040600 0.00081700 -0.00000000
v 0.00040600 0.00081700 -0.00000000
v 0.00040600 0.00081700 -0.00000000
v 0.00040600 0.00081700 -0.00000000
v 0.00040600 0.00081700 -0.00000000
v -0.00059400 0.00081700 -0.00000000
v -0.00059400 0.00081700 -0.00000000
v -0.00059400 0.00081700 -0.00000000
v -0.00059400 0.00081700 -0.00000000
v -0.00059400 0.00081700 -0.00000000
v -0.00059400 0.00081700 -0.00000000
v -0.00044000 0.00087300 -0.00050700
v -0.00044000 0.00087300 -0.00050700
v -0.00044000 0.00087300 -0.00050700
v -0.00044000 0.00087300 -0.00050700
v -0.00044000 0.00087300 -0.00050700
v -0.00044000 0.00087300 -0.00050700
v -0.00044000 0.00087300 -0.00050700
v -0.00044000 0.00087300 -0.00050700
v -0.00044000 0.00087300 -0.00050700
v 0.00003400 0.00014900 -0.00050700
v 0.00003400 0.00014900 -0.00050700
v 0.00003400 0.00014900 -0.00050700
v 0.00003400 0.00014900 -0.00050700
v 0.00003400 0.00014900 -0.00050700
v 0.00003400 0.00014900 -0.00050700
v -0.00096600 0.00014900 -0.00050700
v -0.00096600 0.00014900 -0.00050700
v -0.00096600 0.00014900 -0.00050700
v -0.00096600 0.00014900 -0.00050700
v -0.00096600 0.00014900 -0.00050700
v -0.00096600 0.00014900 -0.00050700
v 0.00003900 0.00031200 -0.00000000
v 0.00003900 0.00031200 -0.00000000
v 0.00003900 0.00031200 -0.00000000
v 0.00003900 0.00031200 -0.00000000
v 0.00003900 0.00031200 -0.00000000
v 0.00003900 0.00031200 -0.00000000
v -0.00096100 0.00031200 -0.00000000
v -0.00096100 0.00031200 -0.00000000
v -0.00096100 0.00031200 -0.00000000
v -0.00096100 0.00031200 -0.00000000
v -0.00096100 0.00031200 -0.00000000
v -0.00096100 0.00031200 -0.00000000
v -0.00086900 0.00044700 0.00050700
v -0.00086900 0.00044700 0.00050700
v -0.00086900 0.00044700 0.00050700
v -0.00086900 0.00044700 0.00050700
v -0.00086900 0.00044700 0.00050700
v -0.00086900 0.00044700 0.00050700
v 0.00013100 0.00044700 0.00050700
v 0.00013100 0.00044700 0.00050700
v 0.00013100 0.00044700 0.00050700
v 0.00013100 0.00044700 0.00050700
v 0.00013100 0.00044700 0.00050700
v 0.00013100 0.00044700 0.00050700
v -0.00053700 -0.00068900 0.00101500
v -0.00053700 -0.00068900 0.00101500
v -0.00053700 -0.00068900 0.00101500
v -0.00053700 -0.00068900 0.00101500
v -0.00053700 -0.00068900 0.00101500
v -0.00053700 -0.00068900 0.00101500
v -0.00053700 -0.00068900 0.00101500
v -0.00053700 -0.00068900 0.00101500
v -0.00082100 -0.00029800 0.00101500
v -0.00082100 -0.00029800 0.00101500
v -0.00082100 -0.00029800 0.00101500
v -0.00082100 -0.00029800 0.00101500
v -0.00082100 -0.00029800 0.00101500
v -0.00082100 -0.00029800 0.00101500
v -0.00085900 0.00000000 0.00106200
v -0.00085900 0.00000000 0.00106200
v -0.00085900 0.00000000 0.00106200
v -0.00085900 0.00000000 0.00106200
v -0.00085900 0.00000000 0.00106200
v -0.00085900 0.00000000 0.00106200
v 0.00017900 -0.00029800 0.00101500
v 0.00017900 -0.00029800 0.00101500
v 0.00017900 -0.00029800 0.00101500
v 0.00017900 -0.00029800 0.00101500
v 0.00017900 -0.00029800 0.00101500
v 0.00017900 -0.00029800 0.00101500
v -0.00082100 0.00029800 0.00101500
v -0.00082100 0.00029800 0.00101500
v -0.00082100 0.00029800 0.00101500
v -0.00082100 0.00029800 0.00101500
v -0.00082100 0.00029800 0.00101500
v -0.00082100 0.00029800 0.00101500
v 0.00014100 0.00000000 0.00106200
v 0.00014100 0.00000000 0.00106200
v 0.00014100 0.00000000 0.00106200
v 0.00014100 0.00000000 0.00106200
v 0.00014100 0.00000000 0.00106200
v 0.00014100 0.00000000 0.00106200
v -0.00053700 0.00068900 0.00101500
v -0.00053700 0.00068900 0.00101500
v -0.00053700 0.00068900 0.00101500
v -0.00053700 0.00068900 0.00101500
v -0.00053700 0.00068900 0.00101500
v -0.00053700 0.00068900 0.00101500
v -0.00053700 0.00068900 0.00101500
v -0.00053700 0.00068900 0.00101500
v -0.00053700 0.00068900 0.00101500
v 0.00017900 0.00029800 0.00101500
v 0.00017900 0.00029800 0.00101500
v 0.00017900 0.00029800 0.00101500
v 0.00017900 0.00029800 0.00101500
v 0.00017900 0.00029800 0.00101500
v 0.00017900 0.00029800 0.00101500
v -0.00061600 -0.00044700 0.00132800
v -0.00061600 -0.00044700 0.00132800
v -0.00061600 -0.00044700 0.00132800
v -0.00061600 -0.00044700 0.00132800
v -0.00061600 -0.00044700 0.00132800
v -0.00061600 -0.00044700 0.00132800
v -0.00061600 -0.00044700 0.00132800
v -0.00037800 -0.00077600 0.00096000
v -0.00037800 -0.00077600 0.00096000
v -0.00037800 -0.00077600 0.00096000
v -0.00037800 -0.00077600 0.00096000
v -0.00037800 -0.00077600 0.00096000
v -0.00037800 -0.00077600 0.00096000
v -0.00037800 -0.00077600 0.00096000
v -0.00037800 -0.00077600 0.00096000
v 0.00038400 -0.00044700 0.00132800
v 0.00038400 -0.00044700 0.00132800
v 0.00038400 -0.00044700 0.00132800
v 0.00038400 -0.00044700 0.00132800
v 0.00038400 -0.00044700 0.00132800
v 0.00038400 -0.00044700 0.00132800
v 0.00038400 -0.00044700 0.00132800
v 0.00038400 -0.00044700 0.00132800
v -0.00061600 0.00044700 0.00132800
v -0.00061600 0.00044700 0.00132800
v -0.00061600 0.00044700 0.00132800
v -0.00061600 0.00044700 0.00132800
v -0.00061600 0.00044700 0.00132800
v -0.00061600 0.00044700 0.00132800
v -0.00061600 0.00044700 0.00132800
v -0.00046400 -0.00038500 0.00155200
v -0.00046400 -0.00038500 0.00155200
v -0.00046400 -0.00038500 0.00155200
v -0.00046400 -0.00038500 0.00155200
v -0.00046400 -0.00038500 0.00155200
v -0.00046400 -0.00038500 0.00155200
v -0.00046400 -0.00038500 0.00155200
v -0.00046400 -0.00038500 0.00155200
v -0.00046400 -0.00038500 0.00155200
v -0.00046400 -0.00038500 0.00155200
v 0.00038400 0.00044700 0.00132800
v 0.00038400 0.00044700 0.00132800
v 0.00038400 0.00044700 0.00132800
v 0.00038400 0.00044700 0.00132800
v 0.00038400 0.00044700 0.00132800
v 0.00038400 0.00044700 0.00132800
v 0.00038400 0.00044700 0.00132800
v 0.00038400 0.00044700 0.00132800
v 0.00038400 0.00044700 0.00132800
v -0.00067800 0.00016400 0.00146200
v -0.00067800 0.00016400 0.00146200
v -0.00067800 0.00016400 0.00146200
v -0.00067800 0.00016400 0.00146200
v -0.00067800 0.00016400 0.00146200
v -0.00067800 0.00016400 0.00146200
v -0.00067800 0.00016400 0.00146200
v -0.00050200 0.00000000 0.00172300
v -0.00050200 0.00000000 0.00172300
v -0.00050200 0.00000000 0.00172300
v -0.00050200 0.00000000 0.00172300
v -0.00050200 0.00000000 0.00172300
v -0.00050200 0.00000000 0.00172300
v -0.00050200 0.00000000 0.00172300
v -0.00050200 0.00000000 0.00172300
v -0.00050200 0.00000000 0.00172300
v -0.00050200 0.00000000 0.00172300
v -0.00067800 -0.00016400 0.00146200
v -0.00067800 -0.00016400 0.00146200
v -0.00067800 -0.00016400 0.00146200
v -0.00067800 -0.00016400 0.00146200
v -0.00067800 -0.00016400 0.00146200
v -0.00067800 -0.00016400 0.00146200
v -0.00067800 -0.00016400 0.00146200
v 0.00054800 0.00000000 0.00180700
v 0.00054800 0.00000000 0.00180700
v 0.00054800 0.00000000 0.00180700
v 0.00054800 0.00000000 0.00180700
v 0.00054800 0.00000000 0.00180700
v 0.00054800 0.00000000 0.00180700
v 0.00054800 0.00000000 0.00180700
v 0.00054800 0.00000000 0.00180700
v 0.00054800 0.00000000 0.00180700
v 0.00054800 0.00000000 0.00180700
v 0.00054800 0.00000000 0.00180700
v 0.00054800 0.00000000 0.00180700
v 0.00054800 0.00000000 0.00180700
v 0.00054800 0.00000000 0.00180700
v 0.00054800 0.00000000 0.00180700
v 0.00054800 0.00000000 0.00180700
v 0.00054800 0.00000000 0.00180700
v 0.00054800 0.00000000 0.00180700
v 0.00054800 0.00000000 0.00180700
v 0.00054800 0.00000000 0.00180700
v 0.00032200 0.00016400 0.00146200
v 0.00032200 0.00016400 0.00146200
v 0.00032200 0.00016400 0.00146200
v 0.00032200 0.00016400 0.00146200
v 0.00032200 0.00016400 0.00146200
v 0.00032200 0.00016400 0.00146200
v 0.00032200 0.00016400 0.00146200
v 0.00032200 0.00016400 0.00146200
v 0.00032200 0.00016400 0.00146200
v 0.00032200 -0.00016400 0.00146200
v 0.00032200 -0.00016400 0.00146200
v 0.00032200 -0.00016400 0.00146200
v 0.00032200 -0.00016400 0.00146200
v 0.00032200 -0.00016400 0.00146200
v 0.00032200 -0.00016400 0.00146200
v 0.00032200 -0.00016400 0.00146200
v 0.00032200 -0.00016400 0.00146200
v -0.00045200 0.00085900 0.00055800
v -0.00045200 0.00085900 0.00055800
v -0.00045200 0.00085900 0.00055800
v -0.00045200 0.00085900 0.00055800
v -0.00045200 0.00085900 0.00055800
v -0.00045200 0.00085900 0.00055800
v -0.00045200 0.00085900 0.00055800
v -0.00045200 0.00085900 0.00055800
v -0.00045200 0.00085900 0.00055800
v -0.00045200 0.00085900 0.00055800
v -0.00045200 0.00085900 0.00055800
v -0.00045200 0.00085900 0.00055800
v -0.00020900 -0.00012200 0.00168100
v -0.00020900 -0.00012200 0.00168100
v -0.00020900 -0.00012200 0.00168100
v -0.00020900 -0.00012200 0.00168100
v -0.00020900 -0.00012200 0.00168100
v -0.00020900 -0.00012200 0.00168100
v -0.00020900 -0.00012200 0.00168100
v -0.00020900 -0.00012200 0.00168100
v 0.00009800 -0.00041100 0.00145300
v 0.00009800 -0.00041100 0.00145300
v 0.00009800 -0.00041100 0.00145300
v 0.00009800 -0.00041100 0.00145300
v 0.00009800 -0.00041100 0.00145300
v 0.00009800 -0.00041100 0.00145300
v 0.00009800 -0.00041100 0.00145300
v 0.00009800 -0.00041100 0.00145300
v 0.00009800 -0.00041100 0.00145300
v 0.00009800 -0.00041100 0.00145300
v -0.00095700 0.00016400 0.00055800
v -0.00095700 0.00016400 0.00055800
v -0.00095700 0.00016400 0.00055800
v -0.00095700 0.00016400 0.00055800
v -0.00095700 0.00016400 0.00055800
v -0.00095700 0.00016400 0.00055800
v 0.00019900 -0.00073600 0.00092900
v 0.00019900 -0.00073600 0.00092900
v 0.00019900 -0.00073600 0.00092900
v 0.00019900 -0.00073600 0.00092900
v 0.00019900 -0.00073600 0.00092900
v 0.00019900 -0.00073600 0.00092900
v 0.00019900 -0.00073600 0.00092900
v 0.00019900 -0.00073600 0.00092900
v 0.00019900 -0.00073600 0.00092900
v 0.00019900 -0.00073600 0.00092900
v -0.00101000 0.00000000 0.00000000
v -0.00101000 0.00000000 0.00000000
v -0.00101000 0.00000000 0.00000000
v -0.00101000 0.00000000 0.00000000
v -0.00101000 0.00000000 0.00000000
v -0.00101000 0.00000000 0.00000000
v 0.00004300 0.00016400 0.00055800
v 0.00004300 0.00016400 0.00055800
v 0.00004300 0.00016400 0.00055800
v 0.00004300 0.00016400 0.00055800
v 0.00004300 0.00016400 0.00055800
v 0.00004300 0.00016400 0.00055800
v -0.00095700 -0.00016400 0.00055800
v -0.00095700 -0.00016400 0.00055800
v -0.00095700 -0.00016400 0.00055800
v -0.00095700 -0.00016400 0.00055800
v -0.00095700 -0.00016400 0.00055800
v -0.00095700 -0.00016400 0.00055800
v -0.00045200 -0.00085900 0.00055800
v -0.00045200 -0.00085900 0.00055800
v -0.00045200 -0.00085900 0.00055800
v -0.00045200 -0.00085900 0.00055800
v -0.00045200 -0.00085900 0.00055800
v -0.00045200 -0.00085900 0.00055800
v -0.00045200 -0.00085900 0.00055800
v -0.00045200 -0.00085900 0.00055800
v -0.00045200 -0.00085900 0.00055800
v -0.00045200 -0.00085900 0.00055800
v -0.00045200 -0.00085900 0.00055800
v -0.00045200 -0.00085900 0.00055800
v -0.00001000 0.00000000 0.00000000
v -0.00001000 0.00000000 0.00000000
v -0.00001000 0.00000000 0.00000000
v -0.00001000 0.00000000 0.00000000
v -0.00001000 0.00000000 0.00000000
v -0.00001000 0.00000000 0.00000000
v 0.00004300 -0.00016400 0.00055800
v 0.00004300 -0.00016400 0.00055800
v 0.00004300 -0.00016400 0.00055800
v 0.00004300 -0.00016400 0.00055800
v 0.00004300 -0.00016400 0.00055800
v 0.00004300 -0.00016400 0.00055800
v 0.00018300 0.00059400 -0.00000000
v 0.00018300 0.00059400 -0.00000000
v 0.00018300 0.00059400 -0.00000000
v 0.00018300 0.00059400 -0.00000000
v 0.00018300 0.00059400 -0.00000000
v 0.00018300 0.00059400 -0.00000000
v 0.00032200 0.00069500 -0.00055800
v 0.00032200 0.00069500 -0.00055800
v 0.00032200 0.00069500 -0.00055800
v 0.00032200 0.00069500 -0.00055800
v 0.00032200 0.00069500 -0.00055800
v 0.00032200 0.00069500 -0.00055800
v 0.00032200 0.00069500 -0.00055800
v 0.00032200 0.00069500 -0.00055800
v 0.00032200 0.00069500 -0.00055800
v 0.00032200 0.00069500 -0.00055800
v 0.00032200 0.00069500 -0.00055800
v -0.00081700 0.00059400 -0.00000000
v -0.00081700 0.00059400 -0.00000000
v -0.00081700 0.00059400 -0.00000000
v -0.00081700 0.00059400 -0.00000000
v -0.00081700 0.00059400 -0.00000000
v -0.00081700 0.00059400 -0.00000000
v 0.00013000 0.00043000 -0.00055800
v 0.00013000 0.00043000 -0.00055800
v 0.00013000 0.00043000 -0.00055800
v 0.00013000 0.00043000 -0.00055800
v 0.00013000 0.00043000 -0.00055800
v 0.00013000 0.00043000 -0.00055800
v -0.00067800 0.00069500 -0.00055800
v -0.00067800 0.00069500 -0.00055800
v -0.00067800 0.00069500 -0.00055800
v -0.00067800 0.00069500 -0.00055800
v -0.00067800 0.00069500 -0.00055800
v -0.00067800 0.00069500 -0.00055800
v 0.00018300 -0.00059400 0.00000000
v 0.00018300 -0.00059400 0.00000000
v 0.00018300 -0.00059400 0.00000000
v 0.00018300 -0.00059400 0.00000000
v 0.00018300 -0.00059400 0.00000000
v 0.00018300 -0.00059400 0.00000000
v -0.00087000 0.00043000 -0.00055800
v -0.00087000 0.00043000 -0.00055800
v -0.00087000 0.00043000 -0.00055800
v -0.00087000 0.00043000 -0.00055800
v -0.00087000 0.00043000 -0.00055800
v -0.00087000 0.00043000 -0.00055800
v -0.00081700 -0.00059400 0.00000000
v -0.00081700 -0.00059400 0.00000000
v -0.00081700 -0.00059400 0.00000000
v -0.00081700 -0.00059400 0.00000000
v -0.00081700 -0.00059400 0.00000000
v -0.00081700 -0.00059400 0.00000000
v 0.00013000 -0.00043000 -0.00055800
v 0.00013000 -0.00043000 -0.00055800
v 0.00013000 -0.00043000 -0.00055800
v 0.00013000 -0.00043000 -0.00055800
v 0.00013000 -0.00043000 -0.00055800
v 0.00013000 -0.00043000 -0.00055800
v -0.00087000 -0.00043000 -0.00055800
v -0.00087000 -0.00043000 -0.00055800
v -0.00087000 -0.00043000 -0.00055800
v -0.00087000 -0.00043000 -0.00055800
v -0.00087000 -0.00043000 -0.00055800
v -0.00087000 -0.00043000 -0.00055800
v 0.00032200 -0.00069500 -0.00055800
v 0.00032200 -0.00069500 -0.00055800
v 0.00032200 -0.00069500 -0.00055800
v 0.00032200 -0.00069500 -0.00055800
v 0.00032200 -0.00069500 -0.00055800
v 0.00032200 -0.00069500 -0.00055800
v 0.00032200 -0.00069500 -0.00055800
v 0.00032200 -0.00069500 -0.00055800
v 0.00032200 -0.00069500 -0.00055800
v 0.00032200 -0.00069500 -0.00055800
v 0.00027200 -0.00009400 0.00184600
v 0.00027200 -0.00009400 0.00184600
v 0.00027200 -0.00009400 0.00184600
v 0.00027200 -0.00009400 0.00184600
v 0.00027200 -0.00009400 0.00184600
v 0.00027200 -0.00009400 0.00184600
v 0.00027200 -0.00009400 0.00184600
v -0.00067800 -0.00069500 -0.00055800
v -0.00067800 -0.00069500 -0.00055800
v -0.00067800 -0.00069500 -0.00055800
v -0.00067800 -0.00069500 -0.00055800
v -0.00067800 -0.00069500 -0.00055800
v -0.00067800 -0.00069500 -0.00055800
v 0.00020200 0.00000000 0.00187500
v 0.00020200 0.00000000 0.00187500
v 0.00020200 0.00000000 0.00187500
v 0.00020200 0.00000000 0.00187500
v 0.00020200 0.00000000 0.00187500
v 0.00020200 0.00000000 0.00187500
v 0.00075700 -0.00010000 0.00198700
v 0.00075700 -0.00010000 0.00198700
v 0.00075700 -0.00010000 0.00198700
v 0.00075700 -0.00010000 0.00198700
v 0.00075700 -0.00010000 0.00198700
v 0.00075700 -0.00010000 0.00198700
v 0.00075700 -0.00010000 0.00198700
v 0.00075700 -0.00010000 0.00198700
v 0.00075700 -0.00010000 0.00198700
v 0.00073000 0.00000000 0.00205700
v 0.00073000 0.00000000 0.00205700
v 0.00073000 0.00000000 0.00205700
v 0.00073000 0.00000000 0.00205700
v 0.00073000 0.00000000 0.00205700
v 0.00073000 0.00000000 0.00205700
v 0.00033000 -0.00011500 0.00173800
v 0.00033000 -0.00011500 0.00173800
v 0.00033000 -0.00011500 0.00173800
v 0.00033000 -0.00011500 0.00173800
v 0.00033000 -0.00011500 0.00173800
v 0.00033000 -0.00011500 0.00173800
v 0.00033000 -0.00011500 0.00173800
v -0.00025800 -0.00009100 0.00176200
v -0.00025800 -0.00009100 0.00176200
v -0.00025800 -0.00009100 0.00176200
v -0.00025800 -0.00009100 0.00176200
v -0.00025800 -0.00009100 0.00176200
v 0.00100000 0.00000000 0.00202000
v 0.00100000 0.00000000 0.00202000
v 0.00100000 0.00000000 0.00202000
v 0.00100000 0.00000000 0.00202000
v 0.00100000 0.00000000 0.00202000
v -0.00025800 -0.00091100 -0.00057000
v -0.00025800 -0.00091100 -0.00057000
v -0.00025800 -0.00091100 -0.00057000
v -0.00025800 -0.00091100 -0.00057000
v -0.00025800 -0.00091100 -0.00057000
v -0.00025800 -0.00091100 -0.00057000
v -0.00025800 -0.00091100 -0.00057000
v -0.00024900 -0.00074100 -0.00096400
v -0.00024900 -0.00074100 -0.00096400
v -0.00024900 -0.00074100 -0.00096400
v -0.00024900 -0.00074100 -0.00096400
v -0.00024900 -0.00074100 -0.00096400
v -0.00024900 -0.00074100 -0.00096400
v -0.00024900 -0.00074100 -0.00096400
v -0.00024900 -0.00074100 -0.00096400
v -0.00024900 -0.00074100 -0.00096400
v -0.00029700 -0.00038100 -0.00118400
v -0.00029700 -0.00038100 -0.00118400
v -0.00029700 -0.00038100 -0.00118400
v -0.00029700 -0.00038100 -0.00118400
v -0.00029700 -0.00038100 -0.00118400
v -0.00029700 -0.00038100 -0.00118400
v -0.00029700 -0.00038100 -0.00118400
v -0.00029700 -0.00038100 -0.00118400
v -0.00029700 -0.00038100 -0.00118400
v -0.00029700 -0.00038100 -0.00118400
v -0.00029700 -0.00038100 -0.00118400
v -0.00026800 -0.00000000 -0.00122900
v -0.00026800 -0.00000000 -0.00122900
v -0.00026800 -0.00000000 -0.00122900
v -0.00026800 -0.00000000 -0.00122900
v -0.00026800 -0.00000000 -0.00122900
v -0.00026800 -0.00000000 -0.00122900
v -0.00026800 -0.00000000 -0.00122900
v -0.00026800 -0.00000000 -0.00122900
v -0.00026800 -0.00000000 -0.00122900
v -0.00026800 -0.00000000 -0.00122900
v -0.00026800 -0.00000000 -0.00122900
v -0.00026800 -0.00000000 -0.00122900
v -0.00026800 -0.00000000 -0.00122900
v -0.00026800 -0.00000000 -0.00122900
v -0.00026800 -0.00000000 -0.00122900
v 0.00033300 -0.00067000 -0.00084500
v 0.00033300 -0.00067000 -0.00084500
v 0.00033300 -0.00067000 -0.00084500
v 0.00033300 -0.00067000 -0.00084500
v 0.00033300 -0.00067000 -0.00084500
v 0.00033300 -0.00067000 -0.00084500
v 0.00032000 -0.00082800 -0.00050800
v 0.00032000 -0.00082800 -0.00050800
v 0.00032000 -0.00082800 -0.00050800
v 0.00032000 -0.00082800 -0.00050800
v 0.00032000 -0.00082800 -0.00050800
v 0.00032000 -0.00082800 -0.00050800
v 0.00032000 -0.00082800 -0.00050800
v 0.00020900 -0.00000000 -0.00128300
v 0.00020900 -0.00000000 -0.00128300
v 0.00020900 -0.00000000 -0.00128300
v 0.00020900 -0.00000000 -0.00128300
v 0.00020900 -0.00000000 -0.00128300
v 0.00020900 -0.00000000 -0.00128300
v 0.00020900 -0.00000000 -0.00128300
v 0.00020900 -0.00000000 -0.00128300
v 0.00020900 -0.00000000 -0.00128300
v 0.00015900 -0.00061400 0.00122600
v 0.00015900 -0.00061400 0.00122600
v 0.00015900 -0.00061400 0.00122600
v 0.00015900 -0.00061400 0.00122600
v 0.00015900 -0.00061400 0.00122600
v 0.00015900 -0.00061400 0.00122600
v 0.00015900 -0.00061400 0.00122600
v 0.00015900 -0.00061400 0.00122600
v -0.00025100 -0.00010600 0.00172400
v -0.00025100 -0.00010600 0.00172400
v -0.00025100 -0.00010600 0.00172400
v -0.00025100 -0.00010600 0.00172400
v 0.00041300 -0.00011200 0.00165300
v 0.00041300 -0.00011200 0.00165300
v 0.00041300 -0.00011200 0.00165300
v 0.00041300 -0.00011200 0.00165300
v 0.00041300 -0.00011200 0.00165300
v 0.00053300 -0.00009900 0.00183200
v 0.00053300 -0.00009900 0.00183200
v 0.00053300 -0.00009900 0.00183200
v 0.00053300 -0.00009900 0.00183200
v 0.00053300 -0.00009900 0.00183200
v 0.00053300 -0.00009900 0.00183200
v 0.00053300 -0.00009900 0.00183200
v 0.00052300 -0.00011100 0.00175300
v 0.00052300 -0.00011100 0.00175300
v 0.00052300 -0.00011100 0.00175300
v 0.00052300 -0.00011100 0.00175300
v 0.00052300 -0.00011100 0.00175300
v 0.00052300 -0.00011100 0.00175300
v -0.00029300 -0.00034100 -0.00119000
v -0.00029300 -0.00034100 -0.00119000
v -0.00029300 -0.00034100 -0.00119000
v -0.00029300 -0.00034100 -0.00119000
v -0.00029300 -0.00034100 -0.00119000
v -0.00029300 -0.00034100 -0.00119000
v -0.00029300 -0.00034100 -0.00119000
v -0.00029300 -0.00034100 -0.00119000
v -0.00029300 -0.00034100 -0.00119000
v -0.00028600 -0.00025600 -0.00120100
v -0.00028600 -0.00025600 -0.00120100
v -0.00028600 -0.00025600 -0.00120100
v -0.00028600 -0.00025600 -0.00120100
v -0.00028600 -0.00025600 -0.00120100
v -0.00028600 -0.00025600 -0.00120100
v -0.00028600 -0.00025600 -0.00120100
v -0.00028600 -0.00025600 -0.00120100
v -0.00028600 -0.00025600 -0.00120100
v -0.00028600 -0.00025600 -0.00120100
v -0.00028600 -0.00025600 -0.00120100
v -0.00028600 -0.00025600 -0.00120100
v -0.00061000 -0.00040300 -0.00134200
v -0.00061000 -0.00040300 -0.00134200
v -0.00061000 -0.00040300 -0.00134200
v -0.00061000 -0.00040300 -0.00134200
v -0.00061000 -0.00040300 -0.00134200
v -0.00061000 -0.00040300 -0.00134200
v -0.00061600 -0.00027800 -0.00139500
v -0.00061600 -0.00027800 -0.00139500
v -0.00061600 -0.00027800 -0.00139500
v -0.00061600 -0.00027800 -0.00139500
v -0.00061600 -0.00027800 -0.00139500
v -0.00061600 -0.00027800 -0.00139500
v -0.00061600 -0.00027800 -0.00139500
v -0.00061600 -0.00027800 -0.00139500
v -0.00028800 -0.00028800 -0.00126500
v -0.00028800 -0.00028800 -0.00126500
v -0.00028800 -0.00028800 -0.00126500
v -0.00028800 -0.00028800 -0.00126500
v -0.00028800 -0.00028800 -0.00126500
v -0.00028800 -0.00028800 -0.00126500
v -0.00027400 -0.00034400 -0.00126400
v -0.00027400 -0.00034400 -0.00126400
v -0.00027400 -0.00034400 -0.00126400
v -0.00027400 -0.00034400 -0.00126400
v -0.00027400 -0.00034400 -0.00126400
v -0.00027400 -0.00034400 -0.00126400
v -0.00050600 -0.00037800 -0.00142100
v -0.00050600 -0.00037800 -0.00142100
v -0.00050600 -0.00037800 -0.00142100
v -0.00050600 -0.00037800 -0.00142100
v -0.00050600 -0.00037800 -0.00142100
v -0.00050600 -0.00037800 -0.00142100
v -0.00050600 -0.00037800 -0.00142100
v -0.00050600 -0.00037800 -0.00142100
v -0.00050600 -0.00037800 -0.00142100
v -0.00050600 -0.00037800 -0.00142100
v -0.00049900 -0.00034200 -0.00142500
v -0.00049900 -0.00034200 -0.00142500
v -0.00049900 -0.00034200 -0.00142500
v -0.00049900 -0.00034200 -0.00142500
v -0.00049900 -0.00034200 -0.00142500
v -0.00049900 -0.00034200 -0.00142500
v -0.00049900 -0.00034200 -0.00142500
v -0.00037200 -0.00042200 -0.00159100
v -0.00037200 -0.00042200 -0.00159100
v -0.00037200 -0.00042200 -0.00159100
v -0.00037200 -0.00042200 -0.00159100
v -0.00037200 -0.00042200 -0.00159100
v -0.00037200 -0.00042200 -0.00159100
v -0.00039300 -0.00035900 -0.00159600
v -0.00039300 -0.00035900 -0.00159600
v -0.00039300 -0.00035900 -0.00159600
v -0.00039300 -0.00035900 -0.00159600
v -0.00039300 -0.00035900 -0.00159600
v -0.00039300 -0.00035900 -0.00159600
v -0.00039300 -0.00035900 -0.00159600
v -0.00039300 -0.00035900 -0.00159600
v -0.00039300 -0.00035900 -0.00159600
v -0.00005100 -0.00006300 -0.00119700
v -0.00005100 -0.00006300 -0.00119700
v -0.00005100 -0.00006300 -0.00119700
v -0.00005100 -0.00006300 -0.00119700
v -0.00005100 -0.00006300 -0.00119700
v -0.00005100 -0.00006300 -0.00119700
v -0.00005100 -0.00006300 -0.00119700
v -0.00006000 -0.00009400 -0.00116900
v -0.00006000 -0.00009400 -0.00116900
v -0.00006000 -0.00009400 -0.00116900
v -0.00006000 -0.00009400 -0.00116900
v -0.00037800 0.00077600 0.00096000
v -0.00037800 0.00077600 0.00096000
v -0.00037800 0.00077600 0.00096000
v -0.00037800 0.00077600 0.00096000
v -0.00037800 0.00077600 0.00096000
v -0.00037800 0.00077600 0.00096000
v -0.00037800 0.00077600 0.00096000
v -0.00037800 0.00077600 0.00096000
v 0.00023000 0.00082200 0.00061300
v 0.00023000 0.00082200 0.00061300
v 0.00023000 0.00082200 0.00061300
v 0.00023000 0.00082200 0.00061300
v 0.00023000 0.00082200 0.00061300
v 0.00023000 0.00082200 0.00061300
v 0.00023000 0.00082200 0.00061300
v 0.00019900 0.00073600 0.00092900
v 0.00019900 0.00073600 0.00092900
v 0.00019900 0.00073600 0.00092900
v 0.00019900 0.00073600 0.00092900
v 0.00019900 0.00073600 0.00092900
v 0.00019900 0.00073600 0.00092900
v 0.00019900 0.00073600 0.00092900
v 0.00019900 0.00073600 0.00092900
v 0.00019900 0.00073600 0.00092900
v 0.00019900 0.00073600 0.00092900
v -0.00031100 0.00091900 0.00023100
v -0.00031100 0.00091900 0.00023100
v -0.00031100 0.00091900 0.00023100
v -0.00031100 0.00091900 0.00023100
v -0.00031100 0.00091900 0.00023100
v -0.00031100 0.00091900 0.00023100
v -0.00031100 0.00091900 0.00023100
v 0.00025500 0.00084900 0.00024700
v 0.00025500 0.00084900 0.00024700
v 0.00025500 0.00084900 0.00024700
v 0.00025500 0.00084900 0.00024700
v 0.00025500 0.00084900 0.00024700
v 0.00025500 0.00084900 0.00024700
v 0.00025500 0.00084900 0.00024700
v 0.00025500 0.00084900 0.00024700
v -0.00028300 0.00094700 -0.00017300
v -0.00028300 0.00094700 -0.00017300
v -0.00028300 0.00094700 -0.00017300
v -0.00028300 0.00094700 -0.00017300
v -0.00028300 0.00094700 -0.00017300
v -0.00028300 0.00094700 -0.00017300
v -0.00028300 0.00094700 -0.00017300
v -0.00028300 0.00094700 -0.00017300
v 0.00028600 0.00086200 -0.00014700
v 0.00028600 0.00086200 -0.00014700
v 0.00028600 0.00086200 -0.00014700
v 0.00028600 0.00086200 -0.00014700
v 0.00028600 0.00086200 -0.00014700
v 0.00028600 0.00086200 -0.00014700
v -0.00046400 0.00038500 0.00155200
v -0.00046400 0.00038500 0.00155200
v -0.00046400 0.00038500 0.00155200
v -0.00046400 0.00038500 0.00155200
v -0.00046400 0.00038500 0.00155200
v -0.00046400 0.00038500 0.00155200
v -0.00046400 0.00038500 0.00155200
v -0.00046400 0.00038500 0.00155200
v -0.00046400 0.00038500 0.00155200
v 0.00009800 0.00041100 0.00145300
v 0.00009800 0.00041100 0.00145300
v 0.00009800 0.00041100 0.00145300
v 0.00009800 0.00041100 0.00145300
v 0.00009800 0.00041100 0.00145300
v 0.00009800 0.00041100 0.00145300
v 0.00009800 0.00041100 0.00145300
v 0.00009800 0.00041100 0.00145300
v 0.00009800 0.00041100 0.00145300
v 0.00009800 0.00041100 0.00145300
v -0.00021200 0.00013000 0.00166700
v -0.00021200 0.00013000 0.00166700
v -0.00021200 0.00013000 0.00166700
v -0.00021200 0.00013000 0.00166700
v -0.00021200 0.00013000 0.00166700
v -0.00021200 0.00013000 0.00166700
v -0.00021200 0.00013000 0.00166700
v -0.00021200 0.00013000 0.00166700
v 0.00015900 0.00061400 0.00122600
v 0.00015900 0.00061400 0.00122600
v 0.00015900 0.00061400 0.00122600
v 0.00015900 0.00061400 0.00122600
v 0.00015900 0.00061400 0.00122600
v 0.00015900 0.00061400 0.00122600
v 0.00015900 0.00061400 0.00122600
v 0.00015900 0.00061400 0.00122600
v 0.00027200 0.00009400 0.00184600
v 0.00027200 0.00009400 0.00184600
v 0.00027200 0.00009400 0.00184600
v 0.00027200 0.00009400 0.00184600
v 0.00027200 0.00009400 0.00184600
v 0.00027200 0.00009400 0.00184600
v 0.00027200 0.00009400 0.00184600
v -0.00026000 0.00009000 0.00175700
v -0.00026000 0.00009000 0.00175700
v -0.00026000 0.00009000 0.00175700
v -0.00026000 0.00009000 0.00175700
v -0.00026000 0.00009000 0.00175700
v 0.00075700 0.00010000 0.00198700
v 0.00075700 0.00010000 0.00198700
v 0.00075700 0.00010000 0.00198700
v 0.00075700 0.00010000 0.00198700
v 0.00075700 0.00010000 0.00198700
v 0.00075700 0.00010000 0.00198700
v 0.00075700 0.00010000 0.00198700
v 0.00075700 0.00010000 0.00198700
v 0.00041300 0.00011200 0.00165300
v 0.00041300 0.00011200 0.00165300
v 0.00041300 0.00011200 0.00165300
v 0.00041300 0.00011200 0.00165300
v 0.00041300 0.00011200 0.00165300
v -0.00025100 0.00010000 0.00172400
v -0.00025100 0.00010000 0.00172400
v -0.00025100 0.00010000 0.00172400
v -0.00025100 0.00010000 0.00172400
v -0.00029300 0.00034100 -0.00119000
v -0.00029300 0.00034100 -0.00119000
v -0.00029300 0.00034100 -0.00119000
v -0.00029300 0.00034100 -0.00119000
v -0.00029300 0.00034100 -0.00119000
v -0.00029300 0.00034100 -0.00119000
v -0.00029300 0.00034100 -0.00119000
v -0.00029300 0.00034100 -0.00119000
v -0.00029300 0.00034100 -0.00119000
v -0.00029700 0.00038100 -0.00118400
v -0.00029700 0.00038100 -0.00118400
v -0.00029700 0.00038100 -0.00118400
v -0.00029700 0.00038100 -0.00118400
v -0.00029700 0.00038100 -0.00118400
v -0.00029700 0.00038100 -0.00118400
v -0.00029700 0.00038100 -0.00118400
v -0.00029700 0.00038100 -0.00118400
v -0.00029700 0.00038100 -0.00118400
v -0.00029700 0.00038100 -0.00118400
v -0.00025800 0.00091100 -0.00057000
v -0.00025800 0.00091100 -0.00057000
v -0.00025800 0.00091100 -0.00057000
v -0.00025800 0.00091100 -0.00057000
v -0.00025800 0.00091100 -0.00057000
v -0.00025800 0.00091100 -0.00057000
v -0.00025800 0.00091100 -0.00057000
v -0.00024900 0.00074100 -0.00096400
v -0.00024900 0.00074100 -0.00096400
v -0.00024900 0.00074100 -0.00096400
v -0.00024900 0.00074100 -0.00096400
v -0.00024900 0.00074100 -0.00096400
v -0.00024900 0.00074100 -0.00096400
v -0.00024900 0.00074100 -0.00096400
v -0.00024900 0.00074100 -0.00096400
v -0.00024900 0.00074100 -0.00096400
v -0.00024900 0.00074100 -0.00096400
v -0.00024900 0.00074100 -0.00096400
v 0.00033300 0.00067000 -0.00084500
v 0.00033300 0.00067000 -0.00084500
v 0.00033300 0.00067000 -0.00084500
v 0.00033300 0.00067000 -0.00084500
v 0.00033300 0.00067000 -0.00084500
v 0.00033300 0.00067000 -0.00084500
v 0.00032000 0.00082800 -0.00050800
v 0.00032000 0.00082800 -0.00050800
v 0.00032000 0.00082800 -0.00050800
v 0.00032000 0.00082800 -0.00050800
v 0.00032000 0.00082800 -0.00050800
v 0.00032000 0.00082800 -0.00050800
v 0.00032000 0.00082800 -0.00050800
v -0.00005100 0.00006300 -0.00119700
v -0.00005100 0.00006300 -0.00119700
v -0.00005100 0.00006300 -0.00119700
v -0.00005100 0.00006300 -0.00119700
v -0.00005100 0.00006300 -0.00119700
v -0.00005100 0.00006300 -0.00119700
v 0.00033000 0.00011500 0.00173800
v 0.00033000 0.00011500 0.00173800
v 0.00033000 0.00011500 0.00173800
v 0.00033000 0.00011500 0.00173800
v 0.00033000 0.00011500 0.00173800
v 0.00033000 0.00011500 0.00173800
v 0.00033000 0.00011500 0.00173800
v 0.00053300 0.00009900 0.00183200
v 0.00053300 0.00009900 0.00183200
v 0.00053300 0.00009900 0.00183200
v 0.00053300 0.00009900 0.00183200
v 0.00053300 0.00009900 0.00183200
v 0.00053300 0.00009900 0.00183200
v 0.00053300 0.00009900 0.00183200
v 0.00053300 0.00009900 0.00183200
v 0.00052300 0.00011100 0.00175300
v 0.00052300 0.00011100 0.00175300
v 0.00052300 0.00011100 0.00175300
v 0.00052300 0.00011100 0.00175300
v 0.00052300 0.00011100 0.00175300
v 0.00052300 0.00011100 0.00175300
v -0.00028600 0.00025600 -0.00120100
v -0.00028600 0.00025600 -0.00120100
v -0.00028600 0.00025600 -0.00120100
v -0.00028600 0.00025600 -0.00120100
v -0.00028600 0.00025600 -0.00120100
v -0.00028600 0.00025600 -0.00120100
v -0.00028600 0.00025600 -0.00120100
v -0.00028600 0.00025600 -0.00120100
v -0.00028600 0.00025600 -0.00120100
v -0.00061000 0.00040300 -0.00134200
v -0.00061000 0.00040300 -0.00134200
v -0.00061000 0.00040300 -0.00134200
v -0.00061000 0.00040300 -0.00134200
v -0.00061000 0.00040300 -0.00134200
v -0.00061600 0.00027800 -0.00139500
v -0.00061600 0.00027800 -0.00139500
v -0.00061600 0.00027800 -0.00139500
v -0.00061600 0.00027800 -0.00139500
v -0.00061600 0.00027800 -0.00139500
v -0.00061600 0.00027800 -0.00139500
v -0.00061600 0.00027800 -0.00139500
v -0.00061600 0.00027800 -0.00139500
v -0.00061600 0.00027800 -0.00139500
v -0.00027400 0.00034400 -0.00126400
v -0.00027400 0.00034400 -0.00126400
v -0.00027400 0.00034400 -0.00126400
v -0.00027400 0.00034400 -0.00126400
v -0.00027400 0.00034400 -0.00126400
v -0.00027400 0.00034400 -0.00126400
v -0.00028800 0.00028800 -0.00126500
v -0.00028800 0.00028800 -0.00126500
v -0.00028800 0.00028800 -0.00126500
v -0.00028800 0.00028800 -0.00126500
v -0.00028800 0.00028800 -0.00126500
v -0.00028800 0.00028800 -0.00126500
v -0.00050600 0.00037800 -0.00142100
v -0.00050600 0.00037800 -0.00142100
v -0.00050600 0.00037800 -0.00142100
v -0.00050600 0.00037800 -0.00142100
v -0.00050600 0.00037800 -0.00142100
v -0.00050600 0.00037800 -0.00142100
v -0.00050600 0.00037800 -0.00142100
v -0.00050600 0.00037800 -0.00142100
v -0.00050600 0.00037800 -0.00142100
v -0.00049900 0.00034200 -0.00142500
v -0.00049900 0.00034200 -0.00142500
v -0.00049900 0.00034200 -0.00142500
v -0.00049900 0.00034200 -0.00142500
v -0.00049900 0.00034200 -0.00142500
v -0.00049900 0.00034200 -0.00142500
v -0.00049900 0.00034200 -0.00142500
v -0.00039300 0.00035900 -0.00159600
v -0.00039300 0.00035900 -0.00159600
v -0.00039300 0.00035900 -0.00159600
v -0.00039300 0.00035900 -0.00159600
v -0.00039300 0.00035900 -0.00159600
v -0.00039300 0.00035900 -0.00159600
v -0.00039300 0.00035900 -0.00159600
v -0.00039300 0.00035900 -0.00159600
v -0.00039300 0.00035900 -0.00159600
v -0.00037200 0.00042200 -0.00159100
v -0.00037200 0.00042200 -0.00159100
v -0.00037200 0.00042200 -0.00159100
v -0.00037200 0.00042200 -0.00159100
v -0.00037200 0.00042200 -0.00159100
v -0.00037200 0.00042200 -0.00159100
v -0.00006000 0.00009400 -0.00116900
v -0.00006000 0.00009400 -0.00116900
v -0.00006000 0.00009400 -0.00116900
v -0.00006000 0.00009400 -0.00116900
v -0.00006000 0.00009400 -0.00116900
v -0.00006000 0.00009400 -0.00116900
v -0.00059600 -0.00040200 -0.00129300
v -0.00059600 -0.00040200 -0.00129300
v -0.00059600 -0.00040200 -0.00129300
v -0.00059600 -0.00040200 -0.00129300
v -0.00059600 -0.00040200 -0.00129300
v -0.00059600 -0.00040200 -0.00129300
v -0.00028300 -0.00034200 -0.00122900
v -0.00028300 -0.00034200 -0.00122900
v -0.00028300 -0.00034200 -0.00122900
v -0.00028300 -0.00034200 -0.00122900
v -0.00028300 -0.00034200 -0.00122900
v -0.00028700 -0.00027400 -0.00123700
v -0.00028700 -0.00027400 -0.00123700
v -0.00028700 -0.00027400 -0.00123700
v -0.00028700 -0.00027400 -0.00123700
v -0.00028700 -0.00027400 -0.00123700
v -0.00060700 -0.00025900 -0.00134700
v -0.00060700 -0.00025900 -0.00134700
v -0.00060700 -0.00025900 -0.00134700
v -0.00060700 -0.00025900 -0.00134700
v -0.00060700 -0.00025900 -0.00134700
v -0.00060700 -0.00025900 -0.00134700
v -0.00060700 -0.00025900 -0.00134700
v -0.00060000 0.00040300 -0.00129700
v -0.00060000 0.00040300 -0.00129700
v -0.00060000 0.00040300 -0.00129700
v -0.00060000 0.00040300 -0.00129700
v -0.00060000 0.00040300 -0.00129700
v -0.00060000 0.00040300 -0.00129700
v -0.00028300 0.00034200 -0.00122900
v -0.00028300 0.00034200 -0.00122900
v -0.00028300 0.00034200 -0.00122900
v -0.00028300 0.00034200 -0.00122900
v -0.00028300 0.00034200 -0.00122900
v -0.00028700 0.00027500 -0.00123800
v -0.00028700 0.00027500 -0.00123800
v -0.00028700 0.00027500 -0.00123800
v -0.00028700 0.00027500 -0.00123800
v -0.00028700 0.00027500 -0.00123800
v -0.00061000 0.00025800 -0.00134800
v -0.00061000 0.00025800 -0.00134800
v -0.00061000 0.00025800 -0.00134800
v -0.00061000 0.00025800 -0.00134800
v -0.00061000 0.00025800 -0.00134800
v -0.00061000 0.00025800 -0.00134800
v -0.00061000 0.00025800 -0.00134800
v -0.00061000 0.00025800 -0.00134800
v -0.00061000 0.00025800 -0.00134800
v 0.00045400 -0.00079900 0.00048100
v 0.00045400 -0.00079900 0.00048100
v 0.00045400 -0.00079900 0.00048100
v 0.00045400 -0.00079900 0.00048100
v 0.00044700 -0.00082000 0.00024900
v 0.00044700 -0.00082000 0.00024900
v 0.00044700 -0.00082000 0.00024900
v 0.00044700 -0.00082000 0.00024900
v 0.00045900 -0.00079700 0.00054000
v 0.00045900 -0.00079700 0.00054000
v 0.00045900 -0.00079700 0.00054000
v 0.00045900 -0.00079700 0.00054000
v 0.00047500 -0.00079300 0.00060500
v 0.00047500 -0.00079300 0.00060500
v 0.00047500 -0.00079300 0.00060500
v 0.00047500 -0.00079300 0.00060500
v 0.00043500 -0.00083200 0.00000000
v 0.00043500 -0.00083200 0.00000000
v 0.00043500 -0.00083200 0.00000000
v 0.00043500 -0.00083200 0.00000000
v 0.00043800 -0.00082500 0.00014200
v 0.00043800 -0.00082500 0.00014200
v 0.00043800 -0.00082500 0.00014200
v 0.00043800 -0.00082500 0.00014200
v 0.00043700 -0.00082600 0.00011900
v 0.00043700 -0.00082600 0.00011900
v 0.00043700 -0.00082600 0.00011900
v 0.00043700 -0.00082600 0.00011900
v 0.00045300 -0.00083500 -0.00013500
v 0.00045300 -0.00083500 -0.00013500
v 0.00045300 -0.00083500 -0.00013500
v 0.00045300 -0.00083500 -0.00013500
v 0.00040000 -0.00032100 0.00145400
v 0.00040000 -0.00032100 0.00145400
v 0.00040000 -0.00032100 0.00145400
v 0.00040000 -0.00032100 0.00145400
v 0.00041100 -0.00041400 0.00139600
v 0.00041100 -0.00041400 0.00139600
v 0.00041100 -0.00041400 0.00139600
v 0.00041100 -0.00041400 0.00139600
v 0.00038000 -0.00019900 0.00152200
v 0.00038000 -0.00019900 0.00152200
v 0.00038000 -0.00019900 0.00152200
v 0.00038000 -0.00019900 0.00152200
v 0.00038400 -0.00015900 0.00154200
v 0.00038400 -0.00015900 0.00154200
v 0.00038400 -0.00015900 0.00154200
v 0.00038400 -0.00015900 0.00154200
v 0.00038400 -0.00015900 0.00154200
v 0.00038400 -0.00015900 0.00154200
v 0.00041500 -0.00048700 0.00130500
v 0.00041500 -0.00048700 0.00130500
v 0.00041500 -0.00048700 0.00130500
v 0.00041500 -0.00048700 0.00130500
v 0.00045800 -0.00059000 0.00118700
v 0.00045800 -0.00059000 0.00118700
v 0.00045800 -0.00059000 0.00118700
v 0.00040600 -0.00046000 0.00134000
v 0.00040600 -0.00046000 0.00134000
v 0.00040600 -0.00046000 0.00134000
v 0.00040600 -0.00046000 0.00134000
v 0.00040600 -0.00046000 0.00134000
v 0.00040700 -0.00043100 0.00137600
v 0.00040700 -0.00043100 0.00137600
v 0.00040700 -0.00043100 0.00137600
v 0.00040700 -0.00043100 0.00137600
v 0.00046400 -0.00074300 0.00078500
v 0.00046400 -0.00074300 0.00078500
v 0.00046400 -0.00074300 0.00078500
v 0.00046100 -0.00071100 0.00091200
v 0.00046100 -0.00071100 0.00091200
v 0.00046100 -0.00071100 0.00091200
v 0.00046100 -0.00071100 0.00091200
v 0.00100000 0.00000000 0.00213000
v 0.00100000 0.00000000 0.00213000
v 0.00100000 0.00000000 0.00213000
v 0.00100000 -0.00009200 0.00205900
v 0.00100000 -0.00009200 0.00205900
v 0.00100000 -0.00009200 0.00205900
v 0.00100000 -0.00009200 0.00205900
v 0.00079500 -0.00010200 0.00195500
v 0.00079500 -0.00010200 0.00195500
v 0.00079500 -0.00010200 0.00195500
v 0.00079500 -0.00010200 0.00195500
v 0.00078300 -0.00010200 0.00194800
v 0.00078300 -0.00010200 0.00194800
v 0.00078300 -0.00010200 0.00194800
v 0.00100000 -0.00009700 0.00199100
v 0.00100000 -0.00009700 0.00199100
v 0.00100000 -0.00009700 0.00199100
v 0.00086300 -0.00009900 0.00197700
v 0.00086300 -0.00009900 0.00197700
v 0.00086300 -0.00009900 0.00197700
v 0.00086300 -0.00009900 0.00197700
v 0.00086300 -0.00009900 0.00197700
v 0.00086300 -0.00009900 0.00197700
v 0.00046200 -0.00011300 0.00165600
v 0.00046200 -0.00011300 0.00165600
v 0.00046200 -0.00011300 0.00165600
v 0.00045400 -0.00011300 0.00164600
v 0.00045400 -0.00011300 0.00164600
v 0.00045400 -0.00011300 0.00164600
v 0.00045400 -0.00011300 0.00164600
v 0.00045400 -0.00011300 0.00164600
v 0.00047400 -0.00011500 0.00167100
v 0.00047400 -0.00011500 0.00167100
v 0.00047400 -0.00011500 0.00167100
v 0.00047400 -0.00011500 0.00167100
v 0.00047400 -0.00011500 0.00167100
v 0.00047400 -0.00011500 0.00167100
v 0.00024200 -0.00039100 -0.00104100
v 0.00024200 -0.00039100 -0.00104100
v 0.00024200 -0.00039100 -0.00104100
v 0.00024200 -0.00039100 -0.00104100
v 0.00025300 -0.00042500 -0.00101800
v 0.00025300 -0.00042500 -0.00101800
v 0.00025300 -0.00042500 -0.00101800
v 0.00025300 -0.00042500 -0.00101800
v 0.00025300 -0.00042500 -0.00101800
v 0.00027400 -0.00049200 -0.00097200
v 0.00027400 -0.00049200 -0.00097200
v 0.00027400 -0.00049200 -0.00097200
v 0.00027400 -0.00049200 -0.00097200
v 0.00027400 -0.00049200 -0.00097200
v 0.00032500 -0.00057900 -0.00090300
v 0.00032500 -0.00057900 -0.00090300
v 0.00032500 -0.00057900 -0.00090300
v 0.00032500 -0.00057900 -0.00090300
v 0.00032500 -0.00057900 -0.00090300
v 0.00031000 -0.00055800 -0.00092000
v 0.00031000 -0.00055800 -0.00092000
v 0.00031000 -0.00055800 -0.00092000
v 0.00031000 -0.00055800 -0.00092000
v 0.00037300 -0.00064500 -0.00084800
v 0.00037300 -0.00064500 -0.00084800
v 0.00037300 -0.00064500 -0.00084800
v 0.00037300 -0.00064500 -0.00084800
v 0.00038400 -0.00066100 -0.00083400
v 0.00038400 -0.00066100 -0.00083400
v 0.00038400 -0.00066100 -0.00083400
v 0.00043600 -0.00077700 -0.00055000
v 0.00043600 -0.00077700 -0.00055000
v 0.00043600 -0.00077700 -0.00055000
v 0.00043600 -0.00077700 -0.00055000
v 0.00039400 -0.00070600 -0.00073000
v 0.00039400 -0.00070600 -0.00073000
v 0.00039400 -0.00070600 -0.00073000
v 0.00039400 -0.00070600 -0.00073000
v 0.00039400 -0.00070600 -0.00073000
v 0.00044100 -0.00078400 -0.00053300
v 0.00044100 -0.00078400 -0.00053300
v 0.00044100 -0.00078400 -0.00053300
v 0.00044100 -0.00078400 -0.00053300
v 0.00045800 -0.00080100 -0.00049200
v 0.00045800 -0.00080100 -0.00049200
v 0.00045800 -0.00080100 -0.00049200
v 0.00045800 -0.00080100 -0.00049200
v 0.00046100 -0.00081200 -0.00040400
v 0.00046100 -0.00081200 -0.00040400
v 0.00046100 -0.00081200 -0.00040400
v 0.00046100 -0.00081200 -0.00040400
v 0.00045200 -0.00083400 -0.00015100
v 0.00045200 -0.00083400 -0.00015100
v 0.00045200 -0.00083400 -0.00015100
v 0.00045200 -0.00083400 -0.00015100
v 0.00045200 -0.00083400 -0.00015100
v 0.00022400 -0.00003200 -0.00127200
v 0.00022400 -0.00003200 -0.00127200
v 0.00022400 -0.00003200 -0.00127200
v 0.00022400 -0.00003200 -0.00127200
v 0.00022400 -0.00003200 -0.00127200
v 0.00022600 -0.00000000 -0.00128800
v 0.00022600 -0.00000000 -0.00128800
v 0.00022600 -0.00000000 -0.00128800
v 0.00022600 -0.00000000 -0.00128800
v 0.00022600 -0.00000000 -0.00128800
v 0.00022600 -0.00000000 -0.00128800
v 0.00020000 -0.00010000 -0.00117900
v 0.00020000 -0.00010000 -0.00117900
v 0.00020000 -0.00010000 -0.00117900
v 0.00020000 -0.00010000 -0.00117900
v 0.00020000 -0.00010000 -0.00117900
v 0.00020000 -0.00010000 -0.00117900
v 0.00020700 -0.00009800 -0.00120000
v 0.00020700 -0.00009800 -0.00120000
v 0.00020700 -0.00009800 -0.00120000
v 0.00020700 -0.00009800 -0.00120000
v 0.00020700 -0.00009800 -0.00120000
v 0.00020700 -0.00009800 -0.00120000
v 0.00022400 -0.00009500 -0.00124200
v 0.00022500 -0.00009300 -0.00124500
v 0.00022500 -0.00009300 -0.00124500
v 0.00022500 -0.00009300 -0.00124500
v 0.00022500 -0.00009300 -0.00124500
v 0.00022300 -0.00004900 -0.00126400
v 0.00022300 -0.00004900 -0.00126400
v 0.00022300 -0.00004900 -0.00126400
v 0.00022300 -0.00004900 -0.00126400
v 0.00022300 -0.00004900 -0.00126400
v 0.00018500 -0.00010400 -0.00113300
v 0.00018500 -0.00010400 -0.00113300
v 0.00018500 -0.00010400 -0.00113300
v 0.00018500 -0.00010400 -0.00113300
v 0.00018500 -0.00010400 -0.00113300
v 0.00018500 -0.00010400 -0.00113300
v 0.00018800 -0.00013600 -0.00113200
v 0.00018800 -0.00013600 -0.00113200
v 0.00018800 -0.00013600 -0.00113200
v 0.00018800 -0.00013600 -0.00113200
v 0.00018100 -0.00018500 -0.00109300
v 0.00018100 -0.00018500 -0.00109300
v 0.00018100 -0.00018500 -0.00109300
v 0.00018100 -0.00018500 -0.00109300
v 0.00018100 -0.00018500 -0.00109300
v 0.00018700 -0.00016000 -0.00112000
v 0.00018700 -0.00016000 -0.00112000
v 0.00018700 -0.00016000 -0.00112000
v 0.00018700 -0.00016000 -0.00112000
v 0.00018700 -0.00016000 -0.00112000
v 0.00018700 -0.00016000 -0.00112000
v 0.00018900 -0.00015100 -0.00113000
v 0.00018900 -0.00015100 -0.00113000
v 0.00018900 -0.00015100 -0.00113000
v 0.00044600 -0.00063600 0.00108300
v 0.00044600 -0.00063600 0.00108300
v 0.00044600 -0.00063600 0.00108300
v 0.00044600 -0.00063600 0.00108300
v 0.00044600 -0.00063600 0.00108300
v 0.00044300 -0.00066000 0.00102800
v 0.00044300 -0.00066000 0.00102800
v 0.00044300 -0.00066000 0.00102800
v 0.00044300 -0.00066000 0.00102800
v 0.00044200 -0.00067200 0.00100300
v 0.00044200 -0.00067200 0.00100300
v 0.00044200 -0.00067200 0.00100300
v 0.00044200 -0.00067200 0.00100300
v 0.00044700 -0.00068900 0.00096500
v 0.00044700 -0.00068900 0.00096500
v 0.00044700 -0.00068900 0.00096500
v 0.00044700 -0.00068900 0.00096500
v 0.00044700 -0.00068900 0.00096500
v 0.00044300 -0.00012000 0.00162900
v 0.00044300 -0.00012000 0.00162900
v 0.00044300 -0.00012000 0.00162900
v 0.00044300 -0.00012000 0.00162900
v 0.00044300 -0.00012000 0.00162900
v 0.00055600 -0.00010900 0.00177600
v 0.00055600 -0.00010900 0.00177600
v 0.00055600 -0.00010900 0.00177600
v 0.00055600 -0.00010900 0.00177600
v 0.00055600 -0.00010900 0.00177600
v 0.00053900 -0.00011100 0.00175400
v 0.00053900 -0.00011100 0.00175400
v 0.00053900 -0.00011100 0.00175400
v 0.00053900 -0.00011100 0.00175400
v 0.00063600 -0.00010100 0.00184300
v 0.00063600 -0.00010100 0.00184300
v 0.00063600 -0.00010100 0.00184300
v 0.00063600 -0.00010100 0.00184300
v 0.00065500 -0.00010300 0.00185800
v 0.00065500 -0.00010300 0.00185800
v 0.00065500 -0.00010300 0.00185800
v 0.00065500 -0.00010300 0.00185800
v 0.00065500 -0.00010300 0.00185800
v 0.00071700 -0.00010200 0.00190900
v 0.00071700 -0.00010200 0.00190900
v 0.00071700 -0.00010200 0.00190900
v 0.00071700 -0.00010200 0.00190900
v 0.00071700 -0.00010200 0.00190900
v 0.00052600 -0.00011200 0.00173700
v 0.00052600 -0.00011200 0.00173700
v 0.00052600 -0.00011200 0.00173700
v 0.00052600 -0.00011200 0.00173700
v 0.00018200 -0.00019200 -0.00109200
v 0.00018200 -0.00019200 -0.00109200
v 0.00018200 -0.00019200 -0.00109200
v 0.00018200 -0.00019200 -0.00109200
v 0.00018200 -0.00019200 -0.00109200
v 0.00018900 -0.00024500 -0.00108100
v 0.00018900 -0.00024500 -0.00108100
v 0.00018900 -0.00024500 -0.00108100
v 0.00018900 -0.00024500 -0.00108100
v 0.00024200 -0.00039100 -0.00104100
v 0.00024200 -0.00039100 -0.00104100
v 0.00045400 0.00079900 0.00048100
v 0.00045400 0.00079900 0.00048100
v 0.00045400 0.00079900 0.00048100
v 0.00045400 0.00079900 0.00048100
v 0.00045900 0.00079700 0.00054000
v 0.00045900 0.00079700 0.00054000
v 0.00045900 0.00079700 0.00054000
v 0.00045900 0.00079700 0.00054000
v 0.00047500 0.00079300 0.00060500
v 0.00047500 0.00079300 0.00060500
v 0.00047500 0.00079300 0.00060500
v 0.00047500 0.00079300 0.00060500
v 0.00044700 0.00082000 0.00024900
v 0.00044700 0.00082000 0.00024900
v 0.00044700 0.00082000 0.00024900
v 0.00044700 0.00082000 0.00024900
v 0.00043800 0.00082500 0.00014200
v 0.00043800 0.00082500 0.00014200
v 0.00043800 0.00082500 0.00014200
v 0.00043800 0.00082500 0.00014200
v 0.00043500 0.00083200 -0.00000000
v 0.00043500 0.00083200 -0.00000000
v 0.00043500 0.00083200 -0.00000000
v 0.00043500 0.00083200 -0.00000000
v 0.00043700 0.00082600 0.00011900
v 0.00043700 0.00082600 0.00011900
v 0.00043700 0.00082600 0.00011900
v 0.00043700 0.00082600 0.00011900
v 0.00043700 0.00082600 0.00011900
v 0.00045300 0.00083500 -0.00013500
v 0.00045300 0.00083500 -0.00013500
v 0.00045300 0.00083500 -0.00013500
v 0.00045300 0.00083500 -0.00013500
v 0.00037800 0.00019700 0.00151900
v 0.00037800 0.00019700 0.00151900
v 0.00037800 0.00019700 0.00151900
v 0.00037800 0.00019700 0.00151900
v 0.00038200 0.00016100 0.00153800
v 0.00038200 0.00016100 0.00153800
v 0.00038200 0.00016100 0.00153800
v 0.00038200 0.00016100 0.00153800
v 0.00038200 0.00016100 0.00153800
v 0.00038200 0.00016100 0.00153800
v 0.00039900 0.00032400 0.00144900
v 0.00039900 0.00032400 0.00144900
v 0.00039900 0.00032400 0.00144900
v 0.00039900 0.00032400 0.00144900
v 0.00039900 0.00032400 0.00144900
v 0.00041100 0.00041400 0.00139600
v 0.00041100 0.00041400 0.00139600
v 0.00041100 0.00041400 0.00139600
v 0.00041100 0.00041400 0.00139600
v 0.00040600 0.00046000 0.00134000
v 0.00040600 0.00046000 0.00134000
v 0.00040600 0.00046000 0.00134000
v 0.00040600 0.00046000 0.00134000
v 0.00040600 0.00046000 0.00134000
v 0.00040700 0.00043100 0.00137600
v 0.00040700 0.00043100 0.00137600
v 0.00040700 0.00043100 0.00137600
v 0.00040700 0.00043100 0.00137600
v 0.00041500 0.00048700 0.00130500
v 0.00041500 0.00048700 0.00130500
v 0.00041500 0.00048700 0.00130500
v 0.00041500 0.00048700 0.00130500
v 0.00045800 0.00059000 0.00118700
v 0.00045800 0.00059000 0.00118700
v 0.00045800 0.00059000 0.00118700
v 0.00045800 0.00059000 0.00118700
v 0.00046400 0.00074300 0.00078500
v 0.00046400 0.00074300 0.00078500
v 0.00046400 0.00074300 0.00078500
v 0.00046400 0.00074300 0.00078500
v 0.00046400 0.00074300 0.00078500
v 0.00046100 0.00071100 0.00091200
v 0.00046100 0.00071100 0.00091200
v 0.00046100 0.00071100 0.00091200
v 0.00100000 0.00009200 0.00205900
v 0.00100000 0.00009200 0.00205900
v 0.00100000 0.00009200 0.00205900
v 0.00100000 0.00009200 0.00205900
v 0.00079500 0.00010200 0.00195500
v 0.00079500 0.00010200 0.00195500
v 0.00079500 0.00010200 0.00195500
v 0.00079500 0.00010200 0.00195500
v 0.00078300 0.00010200 0.00194800
v 0.00078300 0.00010200 0.00194800
v 0.00078300 0.00010200 0.00194800
v 0.00100000 0.00009700 0.00199100
v 0.00100000 0.00009700 0.00199100
v 0.00100000 0.00009700 0.00199100
v 0.00100000 0.00009700 0.00199100
v 0.00086300 0.00009900 0.00197700
v 0.00086300 0.00009900 0.00197700
v 0.00086300 0.00009900 0.00197700
v 0.00086300 0.00009900 0.00197700
v 0.00086300 0.00009900 0.00197700
v 0.00086300 0.00009900 0.00197700
v 0.00086300 0.00009900 0.00197700
v 0.00046200 0.00011300 0.00165600
v 0.00046200 0.00011300 0.00165600
v 0.00046200 0.00011300 0.00165600
v 0.00047400 0.00011500 0.00167100
v 0.00047400 0.00011500 0.00167100
v 0.00047400 0.00011500 0.00167100
v 0.00047400 0.00011500 0.00167100
v 0.00047400 0.00011500 0.00167100
v 0.00047400 0.00011500 0.00167100
v 0.00045400 0.00011300 0.00164600
v 0.00045400 0.00011300 0.00164600
v 0.00045400 0.00011300 0.00164600
v 0.00045400 0.00011300 0.00164600
v 0.00045400 0.00011300 0.00164600
v 0.00025300 0.00042500 -0.00101800
v 0.00025300 0.00042500 -0.00101800
v 0.00025300 0.00042500 -0.00101800
v 0.00025300 0.00042500 -0.00101800
v 0.00025300 0.00042500 -0.00101800
v 0.00027400 0.00049200 -0.00097200
v 0.00027400 0.00049200 -0.00097200
v 0.00027400 0.00049200 -0.00097200
v 0.00027400 0.00049200 -0.00097200
v 0.00027400 0.00049200 -0.00097200
v 0.00031000 0.00055800 -0.00092000
v 0.00031000 0.00055800 -0.00092000
v 0.00031000 0.00055800 -0.00092000
v 0.00031000 0.00055800 -0.00092000
v 0.00032500 0.00057900 -0.00090300
v 0.00032500 0.00057900 -0.00090300
v 0.00032500 0.00057900 -0.00090300
v 0.00032500 0.00057900 -0.00090300
v 0.00024200 0.00039100 -0.00104100
v 0.00024200 0.00039100 -0.00104100
v 0.00024200 0.00039100 -0.00104100
v 0.00024200 0.00039100 -0.00104100
v 0.00024200 0.00039100 -0.00104100
v 0.00018200 0.00019200 -0.00109200
v 0.00018200 0.00019200 -0.00109200
v 0.00018200 0.00019200 -0.00109200
v 0.00018200 0.00019200 -0.00109200
v 0.00018200 0.00019200 -0.00109200
v 0.00018900 0.00024500 -0.00108100
v 0.00018900 0.00024500 -0.00108100
v 0.00018900 0.00024500 -0.00108100
v 0.00018900 0.00024500 -0.00108100
v 0.00018900 0.00024500 -0.00108100
v 0.00024200 0.00039100 -0.00104100
v 0.00024200 0.00039100 -0.00104100
v 0.00018100 0.00018500 -0.00109300
v 0.00018100 0.00018500 -0.00109300
v 0.00018100 0.00018500 -0.00109300
v 0.00018100 0.00018500 -0.00109300
v 0.00018100 0.00018500 -0.00109300
v 0.00038400 0.00066100 -0.00083400
v 0.00038400 0.00066100 -0.00083400
v 0.00038400 0.00066100 -0.00083400
v 0.00037300 0.00064500 -0.00084800
v 0.00037300 0.00064500 -0.00084800
v 0.00037300 0.00064500 -0.00084800
v 0.00037300 0.00064500 -0.00084800
v 0.00037300 0.00064500 -0.00084800
v 0.00043600 0.00077700 -0.00055000
v 0.00043600 0.00077700 -0.00055000
v 0.00043600 0.00077700 -0.00055000
v 0.00043600 0.00077700 -0.00055000
v 0.00044100 0.00078400 -0.00053300
v 0.00044100 0.00078400 -0.00053300
v 0.00044100 0.00078400 -0.00053300
v 0.00044100 0.00078400 -0.00053300
v 0.00045800 0.00080100 -0.00049200
v 0.00045800 0.00080100 -0.00049200
v 0.00045800 0.00080100 -0.00049200
v 0.00045800 0.00080100 -0.00049200
v 0.00039400 0.00070600 -0.00073000
v 0.00039400 0.00070600 -0.00073000
v 0.00039400 0.00070600 -0.00073000
v 0.00039400 0.00070600 -0.00073000
v 0.00046100 0.00081200 -0.00040400
v 0.00046100 0.00081200 -0.00040400
v 0.00046100 0.00081200 -0.00040400
v 0.00046100 0.00081200 -0.00040400
v 0.00046100 0.00081200 -0.00040400
v 0.00045200 0.00083400 -0.00015100
v 0.00045200 0.00083400 -0.00015100
v 0.00045200 0.00083400 -0.00015100
v 0.00045200 0.00083400 -0.00015100
v 0.00045200 0.00083400 -0.00015100
v 0.00022400 0.00003200 -0.00127200
v 0.00022400 0.00003200 -0.00127200
v 0.00022400 0.00003200 -0.00127200
v 0.00022400 0.00003200 -0.00127200
v 0.00022400 0.00003200 -0.00127200
v 0.00022300 0.00004900 -0.00126400
v 0.00022300 0.00004900 -0.00126400
v 0.00022300 0.00004900 -0.00126400
v 0.00022300 0.00004900 -0.00126400
v 0.00022300 0.00004900 -0.00126400
v 0.00022500 0.00009300 -0.00124500
v 0.00022500 0.00009300 -0.00124500
v 0.00022500 0.00009300 -0.00124500
v 0.00022500 0.00009300 -0.00124500
v 0.00044200 0.00067200 0.00100300
v 0.00044200 0.00067200 0.00100300
v 0.00044200 0.00067200 0.00100300
v 0.00044200 0.00067200 0.00100300
v 0.00044300 0.00066000 0.00102800
v 0.00044300 0.00066000 0.00102800
v 0.00044300 0.00066000 0.00102800
v 0.00044300 0.00066000 0.00102800
v 0.00044700 0.00068900 0.00096500
v 0.00044700 0.00068900 0.00096500
v 0.00044700 0.00068900 0.00096500
v 0.00044700 0.00068900 0.00096500
v 0.00044700 0.00068900 0.00096500
v 0.00044700 0.00068900 0.00096500
v 0.00044600 0.00063600 0.00108300
v 0.00044600 0.00063600 0.00108300
v 0.00044600 0.00063600 0.00108300
v 0.00044600 0.00063600 0.00108300
v 0.00044300 0.00012000 0.00162900
v 0.00044300 0.00012000 0.00162900
v 0.00044300 0.00012000 0.00162900
v 0.00044300 0.00012000 0.00162900
v 0.00044300 0.00012000 0.00162900
v 0.00063600 0.00010100 0.00184300
v 0.00063600 0.00010100 0.00184300
v 0.00063600 0.00010100 0.00184300
v 0.00063600 0.00010100 0.00184300
v 0.00055600 0.00010900 0.00177600
v 0.00055600 0.00010900 0.00177600
v 0.00055600 0.00010900 0.00177600
v 0.00055600 0.00010900 0.00177600
v 0.00055600 0.00010900 0.00177600
v 0.00053900 0.00011100 0.00175400
v 0.00053900 0.00011100 0.00175400
v 0.00053900 0.00011100 0.00175400
v 0.00053900 0.00011100 0.00175400
v 0.00071700 0.00010200 0.00190900
v 0.00071700 0.00010200 0.00190900
v 0.00071700 0.00010200 0.00190900
v 0.00071700 0.00010200 0.00190900
v 0.00071700 0.00010200 0.00190900
v 0.00071700 0.00010200 0.00190900
v 0.00065500 0.00010300 0.00185800
v 0.00065500 0.00010300 0.00185800
v 0.00065500 0.00010300 0.00185800
v 0.00065500 0.00010300 0.00185800
v 0.00052600 0.00011200 0.00173700
v 0.00052600 0.00011200 0.00173700
v 0.00052600 0.00011200 0.00173700
v 0.00052600 0.00011200 0.00173700
v 0.00018900 0.00015100 -0.00113000
v 0.00018800 0.00013600 -0.00113200
v 0.00018800 0.00013600 -0.00113200
v 0.00018800 0.00013600 -0.00113200
v 0.00018800 0.00013600 -0.00113200
v 0.00018800 0.00013600 -0.00113200
v 0.00018700 0.00016000 -0.00112000
v 0.00018700 0.00016000 -0.00112000
v 0.00018700 0.00016000 -0.00112000
v 0.00018700 0.00016000 -0.00112000
v 0.00018700 0.00016000 -0.00112000
v 0.00018700 0.00016000 -0.00112000
v 0.00022400 0.00009500 -0.00124200
v 0.00020000 0.00010000 -0.00117900
v 0.00020000 0.00010000 -0.00117900
v 0.00020000 0.00010000 -0.00117900
v 0.00020700 0.00009800 -0.00120000
v 0.00020700 0.00009800 -0.00120000
v 0.00020700 0.00009800 -0.00120000
v 0.00020700 0.00009800 -0.00120000
v 0.00020700 0.00009800 -0.00120000
v 0.00020700 0.00009800 -0.00120000
v 0.00020700 0.00009800 -0.00120000
v 0.00018500 0.00010400 -0.00113300
v 0.00018500 0.00010400 -0.00113300
v 0.00018500 0.00010400 -0.00113300
v 0.00018500 0.00010400 -0.00113300
v 0.00018500 0.00010400 -0.00113300
v 0.00018500 0.00010400 -0.00113300
v -0.00035800 0.00086600 -0.00071000
v -0.00035800 0.00086600 -0.00071000
v -0.00035800 0.00086600 -0.00071000
v -0.00035800 0.00086600 -0.00071000
v -0.00040300 0.00080200 -0.00087400
v -0.00040300 0.00080200 -0.00087400
v -0.00040300 0.00080200 -0.00087400
v -0.00040300 0.00080200 -0.00087400
v -0.00040300 0.00080200 -0.00087400
v -0.00042900 0.00076200 -0.00098300
v -0.00042900 0.00076200 -0.00098300
v -0.00042900 0.00076200 -0.00098300
v -0.00042900 0.00076200 -0.00098300
v -0.00042900 0.00076200 -0.00098300
v -0.00035800 -0.00086600 -0.00071000
v -0.00035800 -0.00086600 -0.00071000
v -0.00035800 -0.00086600 -0.00071000
v -0.00035800 -0.00086600 -0.00071000
v -0.00029400 -0.00092000 -0.00050700
v -0.00029400 -0.00092000 -0.00050700
v -0.00029400 -0.00092000 -0.00050700
v -0.00029400 -0.00092000 -0.00050700
v -0.00029400 -0.00092000 -0.00050700
v -0.00028200 -0.00091300 -0.00057200
v -0.00028200 -0.00091300 -0.00057200
v -0.00028200 -0.00091300 -0.00057200
v -0.00028200 -0.00091300 -0.00057200
v -0.00029400 0.00092000 -0.00050700
v -0.00029400 0.00092000 -0.00050700
v -0.00029400 0.00092000 -0.00050700
v -0.00029400 0.00092000 -0.00050700
v -0.00029400 0.00092000 -0.00050700
v -0.00028200 0.00091300 -0.00057200
v -0.00028200 0.00091300 -0.00057200
v -0.00028200 0.00091300 -0.00057200
v -0.00028200 0.00091300 -0.00057200
v -0.00049000 0.00039900 0.00154100
v -0.00049000 0.00039900 0.00154100
v -0.00049000 0.00039900 0.00154100
v -0.00049000 0.00039900 0.00154100
v -0.00047000 0.00053200 0.00140600
v -0.00047000 0.00053200 0.00140600
v -0.00047000 0.00053200 0.00140600
v -0.00047000 0.00053200 0.00140600
v -0.00047000 0.00053200 0.00140600
v -0.00049200 0.00038500 0.00155400
v -0.00049200 0.00038500 0.00155400
v -0.00049200 0.00038500 0.00155400
v -0.00050300 0.00036600 0.00156400
v -0.00050300 0.00036600 0.00156400
v -0.00050300 0.00036600 0.00156400
v -0.00050300 0.00036600 0.00156400
v -0.00050300 0.00036600 0.00156400
v -0.00050300 0.00036600 0.00156400
v -0.00041000 0.00064200 0.00128900
v -0.00041000 0.00064200 0.00128900
v -0.00041000 0.00064200 0.00128900
v -0.00041000 0.00064200 0.00128900
v -0.00041000 0.00066500 0.00123400
v -0.00041000 0.00066500 0.00123400
v -0.00041000 0.00066500 0.00123400
v -0.00041000 0.00066500 0.00123400
v -0.00041000 0.00066500 0.00123400
v -0.00041500 0.00074600 0.00103600
v -0.00041500 0.00074600 0.00103600
v -0.00041500 0.00074600 0.00103600
v -0.00041500 0.00074600 0.00103600
v -0.00042500 0.00062700 0.00130700
v -0.00042500 0.00062700 0.00130700
v -0.00042500 0.00062700 0.00130700
v -0.00042500 0.00062700 0.00130700
v -0.00042500 0.00062700 0.00130700
v -0.00041900 0.00063300 0.00129900
v -0.00041900 0.00063300 0.00129900
v -0.00041900 0.00063300 0.00129900
v -0.00041900 0.00063300 0.00129900
v -0.00041900 0.00063300 0.00129900
v -0.00052900 0.00025200 0.00161500
v -0.00052900 0.00025200 0.00161500
v -0.00052900 0.00025200 0.00161500
v -0.00052900 0.00025200 0.00161500
v -0.00052000 0.00004900 0.00170300
v -0.00052000 0.00004900 0.00170300
v -0.00052000 0.00004900 0.00170300
v -0.00052000 0.00004900 0.00170300
v -0.00052000 0.00004900 0.00170300
v -0.00052000 -0.00004900 0.00170300
v -0.00052000 -0.00004900 0.00170300
v -0.00052000 -0.00004900 0.00170300
v -0.00052000 -0.00004900 0.00170300
v -0.00052000 -0.00004900 0.00170300
v -0.00050600 0.00000000 0.00172300
v -0.00050600 0.00000000 0.00172300
v -0.00050600 0.00000000 0.00172300
v -0.00052900 -0.00025200 0.00161500
v -0.00052900 -0.00025200 0.00161500
v -0.00052900 -0.00025200 0.00161500
v -0.00052900 -0.00025200 0.00161500
v -0.00050300 -0.00036600 0.00156400
v -0.00050300 -0.00036600 0.00156400
v -0.00050300 -0.00036600 0.00156400
v -0.00050300 -0.00036600 0.00156400
v -0.00050300 -0.00036600 0.00156400
v -0.00050300 -0.00036600 0.00156400
v -0.00049000 -0.00039900 0.00154100
v -0.00049000 -0.00039900 0.00154100
v -0.00049000 -0.00039900 0.00154100
v -0.00049000 -0.00039900 0.00154100
v -0.00047000 -0.00053200 0.00140600
v -0.00047000 -0.00053200 0.00140600
v -0.00047000 -0.00053200 0.00140600
v -0.00047000 -0.00053200 0.00140600
v -0.00049200 -0.00038500 0.00155400
v -0.00049200 -0.00038500 0.00155400
v -0.00049200 -0.00038500 0.00155400
v -0.00042500 -0.00062700 0.00130700
v -0.00042500 -0.00062700 0.00130700
v -0.00042500 -0.00062700 0.00130700
v -0.00042500 -0.00062700 0.00130700
v -0.00042500 -0.00062700 0.00130700
v -0.00042500 -0.00062700 0.00130700
v -0.00041000 -0.00064200 0.00128900
v -0.00041000 -0.00064200 0.00128900
v -0.00041000 -0.00064200 0.00128900
v -0.00041000 -0.00064200 0.00128900
v -0.00041000 -0.00066500 0.00123400
v -0.00041000 -0.00066500 0.00123400
v -0.00041000 -0.00066500 0.00123400
v -0.00041000 -0.00066500 0.00123400
v -0.00041000 -0.00066500 0.00123400
v -0.00041500 -0.00074600 0.00103600
v -0.00041500 -0.00074600 0.00103600
v -0.00041500 -0.00074600 0.00103600
v -0.00041500 -0.00074600 0.00103600
v -0.00041900 -0.00063300 0.00129900
v -0.00041900 -0.00063300 0.00129900
v -0.00041900 -0.00063300 0.00129900
v -0.00041900 -0.00063300 0.00129900
v -0.00035600 0.00092300 0.00023000
v -0.00035600 0.00092300 0.00023000
v -0.00035600 0.00092300 0.00023000
v -0.00035600 0.00092300 0.00023000
v -0.00035600 0.00092300 0.00023000
v -0.00035600 0.00092900 0.00017400
v -0.00035600 0.00092900 0.00017400
v -0.00035600 0.00092900 0.00017400
v -0.00035600 0.00092900 0.00017400
v -0.00035600 0.00092900 0.00017400
v -0.00035600 0.00092000 0.00026100
v -0.00035600 0.00092000 0.00026100
v -0.00035600 0.00092000 0.00026100
v -0.00035600 0.00092000 0.00026100
v -0.00035500 0.00092700 0.00019600
v -0.00035500 0.00092700 0.00019600
v -0.00035500 0.00092700 0.00019600
v -0.00033100 0.00089800 0.00055800
v -0.00033100 0.00089800 0.00055800
v -0.00033100 0.00089800 0.00055800
v -0.00033400 0.00090200 0.00051400
v -0.00033400 0.00090200 0.00051400
v -0.00033400 0.00090200 0.00051400
v -0.00033400 0.00090200 0.00051400
v -0.00033400 0.00090200 0.00051400
v -0.00033400 0.00090200 0.00051400
v -0.00033400 0.00090200 0.00051400
v -0.00035500 0.00085200 0.00074600
v -0.00035500 0.00085200 0.00074600
v -0.00035500 0.00085200 0.00074600
v -0.00035500 0.00085200 0.00074600
v -0.00035500 0.00085200 0.00074600
v -0.00036900 0.00084100 0.00078100
v -0.00036900 0.00084100 0.00078100
v -0.00036900 0.00084100 0.00078100
v -0.00036900 0.00084100 0.00078100
v -0.00031100 0.00089100 0.00062500
v -0.00031100 0.00089100 0.00062500
v -0.00031100 0.00089100 0.00062500
v -0.00031100 0.00089100 0.00062500
v -0.00031100 0.00089100 0.00062500
v -0.00031600 0.00089300 0.00060900
v -0.00031600 0.00089300 0.00060900
v -0.00031600 0.00089300 0.00060900
v -0.00031600 0.00089300 0.00060900
v -0.00031600 0.00089300 0.00060900
v -0.00039500 0.00078100 0.00095000
v -0.00039500 0.00078100 0.00095000
v -0.00039500 0.00078100 0.00095000
v -0.00039500 0.00078100 0.00095000
v -0.00039700 0.00077600 0.00096000
v -0.00039700 0.00077600 0.00096000
v -0.00039700 0.00077600 0.00096000
v -0.00039700 0.00077600 0.00096000
v -0.00030000 0.00094800 -0.00018600
v -0.00030000 0.00094800 -0.00018600
v -0.00030000 0.00094800 -0.00018600
v -0.00030000 0.00094800 -0.00018600
v -0.00030000 0.00094900 -0.00017400
v -0.00030000 0.00094900 -0.00017400
v -0.00030000 0.00094900 -0.00017400
v -0.00033300 0.00094600 -0.00008400
v -0.00033300 0.00094600 -0.00008400
v -0.00033300 0.00094600 -0.00008400
v -0.00033300 0.00094600 -0.00008400
v -0.00033300 0.00094600 -0.00008400
v -0.00035000 0.00094100 -0.00000000
v -0.00035000 0.00094100 -0.00000000
v -0.00035000 0.00094100 -0.00000000
v -0.00035000 0.00094100 -0.00000000
v -0.00035000 0.00094100 -0.00000000
v -0.00035000 -0.00094100 0.00000000
v -0.00035000 -0.00094100 0.00000000
v -0.00035000 -0.00094100 0.00000000
v -0.00035000 -0.00094100 0.00000000
v -0.00035000 -0.00094100 0.00000000
v -0.00033300 -0.00094600 -0.00008400
v -0.00033300 -0.00094600 -0.00008400
v -0.00033300 -0.00094600 -0.00008400
v -0.00033300 -0.00094600 -0.00008400
v -0.00033300 -0.00094600 -0.00008400
v -0.00036900 -0.00084100 0.00078100
v -0.00036900 -0.00084100 0.00078100
v -0.00036900 -0.00084100 0.00078100
v -0.00036900 -0.00084100 0.00078100
v -0.00039500 -0.00078100 0.00095000
v -0.00039500 -0.00078100 0.00095000
v -0.00039500 -0.00078100 0.00095000
v -0.00039500 -0.00078100 0.00095000
v -0.00039700 -0.00077600 0.00096000
v -0.00039700 -0.00077600 0.00096000
v -0.00039700 -0.00077600 0.00096000
v -0.00039700 -0.00077600 0.00096000
v -0.00035600 -0.00092900 0.00017400
v -0.00035600 -0.00092900 0.00017400
v -0.00035600 -0.00092900 0.00017400
v -0.00035600 -0.00092900 0.00017400
v -0.00035600 -0.00092900 0.00017400
v -0.00035600 -0.00092300 0.00023000
v -0.00035600 -0.00092300 0.00023000
v -0.00035600 -0.00092300 0.00023000
v -0.00035600 -0.00092300 0.00023000
v -0.00035600 -0.00092300 0.00023000
v -0.00035600 -0.00092000 0.00026100
v -0.00035600 -0.00092000 0.00026100
v -0.00035600 -0.00092000 0.00026100
v -0.00035600 -0.00092000 0.00026100
v -0.00035500 -0.00092700 0.00019600
v -0.00035500 -0.00092700 0.00019600
v -0.00035500 -0.00092700 0.00019600
v -0.00033100 -0.00089800 0.00055800
v -0.00033100 -0.00089800 0.00055800
v -0.00033100 -0.00089800 0.00055800
v -0.00033400 -0.00090200 0.00051400
v -0.00033400 -0.00090200 0.00051400
v -0.00033400 -0.00090200 0.00051400
v -0.00033400 -0.00090200 0.00051400
v -0.00033400 -0.00090200 0.00051400
v -0.00033400 -0.00090200 0.00051400
v -0.00033400 -0.00090200 0.00051400
v -0.00033400 -0.00090200 0.00051400
v -0.00035500 -0.00085200 0.00074600
v -0.00035500 -0.00085200 0.00074600
v -0.00035500 -0.00085200 0.00074600
v -0.00035500 -0.00085200 0.00074600
v -0.00035500 -0.00085200 0.00074600
v -0.00031100 -0.00089100 0.00062500
v -0.00031100 -0.00089100 0.00062500
v -0.00031100 -0.00089100 0.00062500
v -0.00031100 -0.00089100 0.00062500
v -0.00031100 -0.00089100 0.00062500
v -0.00031100 -0.00089100 0.00062500
v -0.00031600 -0.00089300 0.00060900
v -0.00031600 -0.00089300 0.00060900
v -0.00031600 -0.00089300 0.00060900
v -0.00031600 -0.00089300 0.00060900
v -0.00030000 -0.00094800 -0.00018600
v -0.00030000 -0.00094800 -0.00018600
v -0.00030000 -0.00094800 -0.00018600
v -0.00030000 -0.00094800 -0.00018600
v -0.00030000 -0.00094900 -0.00017400
v -0.00030000 -0.00094900 -0.00017400
v -0.00030000 -0.00094900 -0.00017400
v -0.00040300 -0.00080200 -0.00087400
v -0.00040300 -0.00080200 -0.00087400
v -0.00040300 -0.00080200 -0.00087400
v -0.00040300 -0.00080200 -0.00087400
v -0.00042900 -0.00076200 -0.00098300
v -0.00042900 -0.00076200 -0.00098300
v -0.00042900 -0.00076200 -0.00098300
v -0.00042900 -0.00076200 -0.00098300
v -0.00042900 -0.00076200 -0.00098300
v -0.00042900 0.00076200 -0.00098400
v -0.00042900 0.00076200 -0.00098400
v -0.00042900 0.00076200 -0.00098400
v -0.00048700 0.00072400 -0.00101700
v -0.00048700 0.00072400 -0.00101700
v -0.00048700 0.00072400 -0.00101700
v -0.00048700 0.00072400 -0.00101700
v -0.00048700 0.00072400 -0.00101700
v -0.00048700 0.00072400 -0.00101700
v -0.00048900 0.00072200 -0.00101800
v -0.00048900 0.00072200 -0.00101800
v -0.00048900 0.00072200 -0.00101800
v -0.00061200 0.00051400 -0.00119800
v -0.00061200 0.00051400 -0.00119800
v -0.00061200 0.00051400 -0.00119800
v -0.00061200 0.00051400 -0.00119800
v -0.00061200 0.00051400 -0.00119800
v -0.00057200 0.00059900 -0.00110500
v -0.00057200 0.00059900 -0.00110500
v -0.00057200 0.00059900 -0.00110500
v -0.00057200 0.00059900 -0.00110500
v -0.00057200 0.00059900 -0.00110500
v -0.00057200 0.00059900 -0.00110500
v -0.00040100 0.00037500 -0.00166400
v -0.00040100 0.00037500 -0.00166400
v -0.00040100 0.00037500 -0.00166400
v -0.00040100 0.00037500 -0.00166400
v -0.00040100 0.00037500 -0.00166400
v -0.00040100 0.00037500 -0.00166400
v -0.00041300 0.00043200 -0.00159500
v -0.00041300 0.00043200 -0.00159500
v -0.00041300 0.00043200 -0.00159500
v -0.00041300 0.00043200 -0.00159500
v -0.00041300 0.00043200 -0.00159500
v -0.00041900 0.00043200 -0.00159100
v -0.00041900 0.00043200 -0.00159100
v -0.00041900 0.00043200 -0.00159100
v -0.00041900 0.00043200 -0.00159100
v -0.00041900 0.00043200 -0.00159100
v -0.00041900 0.00043200 -0.00159100
v -0.00041900 0.00043200 -0.00159100
v -0.00032700 0.00043700 -0.00165900
v -0.00032700 0.00043700 -0.00165900
v -0.00032700 0.00043700 -0.00165900
v -0.00033900 0.00039400 -0.00169400
v -0.00033900 0.00039400 -0.00169400
v -0.00033900 0.00039400 -0.00169400
v -0.00034200 0.00042200 -0.00166300
v -0.00034200 0.00042200 -0.00166300
v -0.00034200 0.00042200 -0.00166300
v -0.00034200 0.00042200 -0.00166300
v -0.00034200 0.00042200 -0.00166300
v -0.00034200 0.00042200 -0.00166300
v -0.00061900 0.00030100 -0.00146200
v -0.00061900 0.00030100 -0.00146200
v -0.00061900 0.00030100 -0.00146200
v -0.00061900 0.00030100 -0.00146200
v -0.00061900 0.00030100 -0.00146200
v -0.00061900 0.00030100 -0.00146200
v -0.00061900 0.00030100 -0.00146200
v -0.00061900 0.00030100 -0.00146200
v -0.00059200 0.00032000 -0.00147900
v -0.00059200 0.00032000 -0.00147900
v -0.00059200 0.00032000 -0.00147900
v -0.00059200 0.00032000 -0.00147900
v -0.00059200 0.00032000 -0.00147900
v -0.00059200 0.00032000 -0.00147900
v -0.00053700 0.00040400 -0.00147000
v -0.00053700 0.00040400 -0.00147000
v -0.00053700 0.00040400 -0.00147000
v -0.00053700 0.00040400 -0.00147000
v -0.00053700 0.00040400 -0.00147000
v -0.00053700 0.00040400 -0.00147000
v -0.00054400 0.00040400 -0.00146200
v -0.00054400 0.00040400 -0.00146200
v -0.00054400 0.00040400 -0.00146200
v -0.00054400 0.00040400 -0.00146200
v -0.00050500 0.00033500 -0.00157100
v -0.00050500 0.00033500 -0.00157100
v -0.00050500 0.00033500 -0.00157100
v -0.00050500 0.00033500 -0.00157100
v -0.00050500 0.00033500 -0.00157100
v -0.00050500 0.00033500 -0.00157100
v -0.00043500 0.00036100 -0.00163400
v -0.00043500 0.00036100 -0.00163400
v -0.00043500 0.00036100 -0.00163400
v -0.00043500 0.00036100 -0.00163400
v -0.00045900 0.00035200 -0.00161300
v -0.00045900 0.00035200 -0.00161300
v -0.00045900 0.00035200 -0.00161300
v -0.00045900 0.00035200 -0.00161300
v -0.00065200 0.00041000 -0.00126100
v -0.00065200 0.00041000 -0.00126100
v -0.00065200 0.00041000 -0.00126100
v -0.00065200 0.00041000 -0.00126100
v -0.00065200 0.00041000 -0.00126100
v -0.00064800 0.00028300 -0.00143200
v -0.00064800 0.00028300 -0.00143200
v -0.00064800 0.00028300 -0.00143200
v -0.00064800 0.00028300 -0.00143200
v -0.00064800 0.00028300 -0.00143200
v -0.00064800 0.00028300 -0.00143200
v -0.00064800 0.00028300 -0.00143200
v -0.00064800 0.00028300 -0.00143200
v -0.00064000 0.00028500 -0.00144400
v -0.00064000 0.00028500 -0.00144400
v -0.00064000 0.00028500 -0.00144400
v -0.00063300 0.00040900 -0.00129800
v -0.00063300 0.00040900 -0.00129800
v -0.00063300 0.00040900 -0.00129800
v -0.00063300 0.00040900 -0.00129800
v -0.00063300 0.00040900 -0.00129800
v -0.00062500 0.00047300 -0.00122700
v -0.00062500 0.00047300 -0.00122700
v -0.00062500 0.00047300 -0.00122700
v -0.00062500 0.00047300 -0.00122700
v -0.00062500 0.00047300 -0.00122700
v -0.00062500 0.00047300 -0.00122700
v -0.00061200 0.00040300 -0.00134200
v -0.00061200 0.00040300 -0.00134200
v -0.00061200 0.00040300 -0.00134200
v -0.00061200 0.00040300 -0.00134200
v -0.00061200 0.00040300 -0.00134200
v -0.00061200 0.00040300 -0.00134200
v -0.00061200 0.00040300 -0.00134200
v -0.00061200 0.00040300 -0.00134200
v -0.00061200 0.00040300 -0.00134200
v -0.00061200 0.00040300 -0.00134200
v -0.00061100 0.00040400 -0.00134400
v -0.00061100 0.00040400 -0.00134400
v -0.00061100 0.00040400 -0.00134400
v -0.00061100 0.00040400 -0.00134400
v -0.00061100 0.00040400 -0.00134400
v -0.00061100 0.00040400 -0.00134400
v -0.00055500 0.00040200 -0.00144500
v -0.00055500 0.00040200 -0.00144500
v -0.00055500 0.00040200 -0.00144500
v -0.00055500 0.00040200 -0.00144500
v -0.00055500 0.00040200 -0.00144500
v -0.00061700 0.00048700 -0.00122400
v -0.00061700 0.00048700 -0.00122400
v -0.00061700 0.00048700 -0.00122400
v -0.00067300 0.00026500 -0.00139200
v -0.00067300 0.00026500 -0.00139200
v -0.00067300 0.00026500 -0.00139200
v -0.00067300 0.00026500 -0.00139200
v -0.00067300 0.00026500 -0.00139200
v -0.00067800 0.00026100 -0.00138600
v -0.00067800 0.00026100 -0.00138600
v -0.00067800 0.00026100 -0.00138600
v -0.00067800 0.00026100 -0.00138600
v -0.00067800 0.00026100 -0.00138600
v -0.00065700 0.00028100 -0.00141500
v -0.00065700 0.00028100 -0.00141500
v -0.00065700 0.00028100 -0.00141500
v -0.00065700 0.00028100 -0.00141500
v -0.00066200 0.00027900 -0.00140300
v -0.00066200 0.00027900 -0.00140300
v -0.00066200 0.00027900 -0.00140300
v -0.00066200 0.00027900 -0.00140300
v -0.00071700 0.00005100 -0.00139000
v -0.00071700 0.00005100 -0.00139000
v -0.00071700 0.00005100 -0.00139000
v -0.00071700 0.00005100 -0.00139000
v -0.00072000 -0.00000000 -0.00139800
v -0.00072000 -0.00000000 -0.00139800
v -0.00072000 -0.00000000 -0.00139800
v -0.00072000 -0.00000000 -0.00139800
v -0.00072000 -0.00000000 -0.00139800
v -0.00071900 0.00009500 -0.00137600
v -0.00071900 0.00009500 -0.00137600
v -0.00071900 0.00009500 -0.00137600
v -0.00071900 0.00009500 -0.00137600
v -0.00069300 0.00024600 -0.00135800
v -0.00069300 0.00024600 -0.00135800
v -0.00069300 0.00024600 -0.00135800
v -0.00069300 0.00024600 -0.00135800
v -0.00070900 0.00022900 -0.00132800
v -0.00070900 0.00022900 -0.00132800
v -0.00070900 0.00022900 -0.00132800
v -0.00070900 0.00022900 -0.00132800
v -0.00070900 0.00022900 -0.00132800
v -0.00070900 0.00022900 -0.00132800
v -0.00070400 0.00023500 -0.00133700
v -0.00070400 0.00023500 -0.00133700
v -0.00070400 0.00023500 -0.00133700
v -0.00072000 -0.00000000 -0.00139800
v -0.00071900 -0.00009500 -0.00137600
v -0.00071900 -0.00009500 -0.00137600
v -0.00071900 -0.00009500 -0.00137600
v -0.00071900 -0.00009500 -0.00137600
v -0.00071700 -0.00005100 -0.00139000
v -0.00071700 -0.00005100 -0.00139000
v -0.00071700 -0.00005100 -0.00139000
v -0.00071700 -0.00005100 -0.00139000
v -0.00071700 -0.00005100 -0.00139000
v -0.00067800 -0.00026100 -0.00138600
v -0.00067800 -0.00026100 -0.00138600
v -0.00067800 -0.00026100 -0.00138600
v -0.00067800 -0.00026100 -0.00138600
v -0.00067800 -0.00026100 -0.00138600
v -0.00067800 -0.00026100 -0.00138600
v -0.00067800 -0.00026100 -0.00138600
v -0.00069300 -0.00024600 -0.00135800
v -0.00069300 -0.00024600 -0.00135800
v -0.00069300 -0.00024600 -0.00135800
v -0.00069300 -0.00024600 -0.00135800
v -0.00070900 -0.00022900 -0.00132800
v -0.00070900 -0.00022900 -0.00132800
v -0.00070900 -0.00022900 -0.00132800
v -0.00070900 -0.00022900 -0.00132800
v -0.00070900 -0.00022900 -0.00132800
v -0.00070900 -0.00022900 -0.00132800
v -0.00070400 -0.00023500 -0.00133700
v -0.00070400 -0.00023500 -0.00133700
v -0.00070400 -0.00023500 -0.00133700
v -0.00064800 -0.00028300 -0.00143200
v -0.00064800 -0.00028300 -0.00143200
v -0.00064800 -0.00028300 -0.00143200
v -0.00064800 -0.00028300 -0.00143200
v -0.00064800 -0.00028300 -0.00143200
v -0.00065700 -0.00028100 -0.00141500
v -0.00065700 -0.00028100 -0.00141500
v -0.00065700 -0.00028100 -0.00141500
v -0.00065700 -0.00028100 -0.00141500
v -0.00066200 -0.00027900 -0.00140300
v -0.00066200 -0.00027900 -0.00140300
v -0.00066200 -0.00027900 -0.00140300
v -0.00066200 -0.00027900 -0.00140300
v -0.00066200 -0.00027900 -0.00140300
v -0.00067300 -0.00026500 -0.00139200
v -0.00067300 -0.00026500 -0.00139200
v -0.00067300 -0.00026500 -0.00139200
v -0.00061900 -0.00030100 -0.00146200
v -0.00061900 -0.00030100 -0.00146200
v -0.00061900 -0.00030100 -0.00146200
v -0.00061900 -0.00030100 -0.00146200
v -0.00061900 -0.00030100 -0.00146200
v -0.00061900 -0.00030100 -0.00146200
v -0.00059200 -0.00032000 -0.00147900
v -0.00059200 -0.00032000 -0.00147900
v -0.00059200 -0.00032000 -0.00147900
v -0.00059200 -0.00032000 -0.00147900
v -0.00059200 -0.00032000 -0.00147900
v -0.00059200 -0.00032000 -0.00147900
v -0.00054400 -0.00040400 -0.00146200
v -0.00054400 -0.00040400 -0.00146200
v -0.00054400 -0.00040400 -0.00146200
v -0.00054400 -0.00040400 -0.00146200
v -0.00054400 -0.00040400 -0.00146200
v -0.00053700 -0.00040400 -0.00147000
v -0.00053700 -0.00040400 -0.00147000
v -0.00053700 -0.00040400 -0.00147000
v -0.00053700 -0.00040400 -0.00147000
v -0.00053700 -0.00040400 -0.00147000
v -0.00050500 -0.00033500 -0.00157100
v -0.00050500 -0.00033500 -0.00157100
v -0.00050500 -0.00033500 -0.00157100
v -0.00050500 -0.00033500 -0.00157100
v -0.00050500 -0.00033500 -0.00157100
v -0.00050500 -0.00033500 -0.00157100
v -0.00043500 -0.00036100 -0.00163400
v -0.00043500 -0.00036100 -0.00163400
v -0.00043500 -0.00036100 -0.00163400
v -0.00043500 -0.00036100 -0.00163400
v -0.00045900 -0.00035200 -0.00161300
v -0.00045900 -0.00035200 -0.00161300
v -0.00045900 -0.00035200 -0.00161300
v -0.00045900 -0.00035200 -0.00161300
v -0.00041900 -0.00043200 -0.00159100
v -0.00041900 -0.00043200 -0.00159100
v -0.00041900 -0.00043200 -0.00159100
v -0.00041900 -0.00043200 -0.00159100
v -0.00041900 -0.00043200 -0.00159100
v -0.00041900 -0.00043200 -0.00159100
v -0.00041900 -0.00043200 -0.00159100
v -0.00040100 -0.00037500 -0.00166400
v -0.00040100 -0.00037500 -0.00166400
v -0.00040100 -0.00037500 -0.00166400
v -0.00040100 -0.00037500 -0.00166400
v -0.00040100 -0.00037500 -0.00166400
v -0.00040100 -0.00037500 -0.00166400
v -0.00065200 -0.00041000 -0.00126100
v -0.00065200 -0.00041000 -0.00126100
v -0.00065200 -0.00041000 -0.00126100
v -0.00065200 -0.00041000 -0.00126100
v -0.00062500 -0.00047300 -0.00122700
v -0.00062500 -0.00047300 -0.00122700
v -0.00062500 -0.00047300 -0.00122700
v -0.00062500 -0.00047300 -0.00122700
v -0.00062500 -0.00047300 -0.00122700
v -0.00062500 -0.00047300 -0.00122700
v -0.00063400 -0.00040900 -0.00129500
v -0.00063400 -0.00040900 -0.00129500
v -0.00063400 -0.00040900 -0.00129500
v -0.00064000 -0.00028500 -0.00144400
v -0.00064000 -0.00028500 -0.00144400
v -0.00064000 -0.00028500 -0.00144400
v -0.00064000 -0.00028500 -0.00144400
v -0.00064000 -0.00028500 -0.00144400
v -0.00061200 -0.00051400 -0.00119800
v -0.00061200 -0.00051400 -0.00119800
v -0.00061200 -0.00051400 -0.00119800
v -0.00061200 -0.00051400 -0.00119800
v -0.00061200 -0.00051400 -0.00119800
v -0.00061700 -0.00048700 -0.00122400
v -0.00061700 -0.00048700 -0.00122400
v -0.00061700 -0.00048700 -0.00122400
v -0.00055500 -0.00040200 -0.00144500
v -0.00055500 -0.00040200 -0.00144500
v -0.00055500 -0.00040200 -0.00144500
v -0.00055500 -0.00040200 -0.00144500
v -0.00061200 -0.00040300 -0.00134200
v -0.00061200 -0.00040300 -0.00134200
v -0.00061200 -0.00040300 -0.00134200
v -0.00061200 -0.00040300 -0.00134200
v -0.00061200 -0.00040300 -0.00134200
v -0.00061200 -0.00040300 -0.00134200
v -0.00061200 -0.00040300 -0.00134200
v -0.00061200 -0.00040300 -0.00134200
v -0.00061100 -0.00040400 -0.00134400
v -0.00061100 -0.00040400 -0.00134400
v -0.00061100 -0.00040400 -0.00134400
v -0.00061100 -0.00040400 -0.00134400
v -0.00061100 -0.00040400 -0.00134400
v -0.00061100 -0.00040400 -0.00134400
v -0.00061100 -0.00040400 -0.00134400
v -0.00057200 -0.00059900 -0.00110500
v -0.00057200 -0.00059900 -0.00110500
v -0.00057200 -0.00059900 -0.00110500
v -0.00057200 -0.00059900 -0.00110500
v -0.00057200 -0.00059900 -0.00110500
v -0.00057200 -0.00059900 -0.00110500
v -0.00048900 -0.00072200 -0.00101800
v -0.00048900 -0.00072200 -0.00101800
v -0.00048900 -0.00072200 -0.00101800
v -0.00041300 -0.00043200 -0.00159500
v -0.00041300 -0.00043200 -0.00159500
v -0.00041300 -0.00043200 -0.00159500
v -0.00041300 -0.00043200 -0.00159500
v -0.00041300 -0.00043200 -0.00159500
v -0.00033900 -0.00039400 -0.00169400
v -0.00033900 -0.00039400 -0.00169400
v -0.00033900 -0.00039400 -0.00169400
v -0.00032700 -0.00043700 -0.00165900
v -0.00032700 -0.00043700 -0.00165900
v -0.00032700 -0.00043700 -0.00165900
v -0.00034200 -0.00042200 -0.00166300
v -0.00034200 -0.00042200 -0.00166300
v -0.00034200 -0.00042200 -0.00166300
v -0.00034200 -0.00042200 -0.00166300
v -0.00034200 -0.00042200 -0.00166300
v -0.00034200 -0.00042200 -0.00166300
v -0.00048700 -0.00072400 -0.00101700
v -0.00048700 -0.00072400 -0.00101700
v -0.00048700 -0.00072400 -0.00101700
v -0.00048700 -0.00072400 -0.00101700
v -0.00048700 -0.00072400 -0.00101700
v -0.00042900 -0.00076200 -0.00098400
v -0.00042900 -0.00076200 -0.00098400
v -0.00042900 -0.00076200 -0.00098400
vt 0.00000000 0.00000000
vt 0.00000000 0.00000000
vt 0.00000000 0.00000000
vt 0.00000000 0.00000000
vt 0.00000000 0.00000000
vt 0.00000000 0.00000000
vt 0.00000000 0.00000000
vt 0.00000000 0.00000000
vt 0.00000000 0.00000000
vt 0.00000000 0.00000000
vt 0.00000000 0.00000000
vt 0.00000000 0.00000000
vt 0.00000000 0.00000000
vt 0.00000000 0.00000000
vt 0.00000000 0.00000000
vt 0.00000000 0.00000000
vt 0.00000000 0.00000000
vt 0.00000000 0.00000000
vt 0.00000000 0.00000000
vt 0.00000000 0.00000000
vt 0.00000000 0.00000000
vt 0.00000000 0.00000000
vt 0.00000000 0.00000000
vt 0.00000000 0.00000000
vt 0.00000000 0.00000000
vt 0.00000000 0.00000000
vt 0.00000000 0.00000000
vt 0.00000000 0.00000000
vt 0.00000000 0.00000000
vt 0.00000000 0.00000000
vt 0.00000000 0.00000000
vt 0.00000000 0.00000000
vt 0.00000000 0.00000000
vt 0.00000000 0.00000000
vt 0.00000000 0.00000000
vt 0.00000000 0.00000000
vt 0.00000000 0.00000000
vt 0.00000000 0.00000000
vt 0.00000000 0.00000000
vt 0.00000000 0.00000000
vt 0.00000000 0.00000000
vt 0.00000000 0.00000000
vt 0.00000000 0.00000000
vt 0.00000000 0.00000000
vt 0.00000000 0.00000000
vt 0.00000000 0.00000000
vt 0.00000000 0.00000000
vt 0.00000000 0.00000000
vt 0.00000000 0.00000000
vt 0.00000000 0.00000000
vt 0.00000000 0.00000000
vt 0.00000000 0.00000000
vt 0.00000000 0.00000000
vt 0.00000000 0.00000000
vt 0.00000000 0.00000000
vt 0.00000000 0.00000000
vt 0.00000000 0.00000000
vt 0.00000000 0.00000000
vt 0.00000000 0.00000000
vt 0.00000000 0.00000000
vt 0.00000000 0.00000000
vt 0.00000000 0.00000000
vt 0.00000000 0.00000000
vt 0.00000000 0.00000000
vt 0.00000000 0.00000000
vt 0.00000000 0.00000000
vt 0.00000000 0.00000000
vt 0.00000000 0.00000000
vt 0.00000000 0.00000000
vt 0.00000000 0.00000000
vt 0.00000000 0.00000000
vt 0.00000000 0.00000000
vt 0.00000000 0.00000000
vt 0.00000000 0.00000000
vt 0.00000000 0.00000000
vt 0.00000000 0.00000000
vt 0.00000000 0.00000000
vt 0.00000000 0.00000000
vt 0.00000000 0.00000000
vt 0.00000000 0.00000000
vt 0.00000000 0.00000000
vt 0.00000000 0.00000000
vt 0.00000000 0.00000000
vt 0.00000000 0.00000000
vt 0.48293000 0.64189400
vt 0.48293000 0.64189400
vt 0.48293000 0.64189400
vt 0.48293000 0.64189400
vt 0.48293000 0.64189400
vt 0.48293000 0.64189400
vt 0.48293000 0.64189400
vt 0.46392400 0.65691800
vt 0.46392400 0.65691800
vt 0.46392400 0.65691800
vt 0.46392400 0.65691800
vt 0.46392400 0.65691800
vt 0.46392400 0.65691800
vt 0.46392400 0.65691800
vt 0.46392400 0.65691800
vt 0.47912100 0.60227800
vt 0.47912100 0.60227800
vt 0.47912100 0.60227800
vt 0.47912100 0.60227800
vt 0.47912100 0.60227800
vt 0.47912100 0.60227800
vt 0.47912100 0.60227800
vt 0.00000000 0.00000000
vt 0.00000000 0.00000000
vt 0.00000000 0.00000000
vt 0.00000000 0.00000000
vt 0.00000000 0.00000000
vt 0.00000000 0.00000000
vt 0.00000000 0.00000000
vt 0.00000000 0.00000000
vt 0.00000000 0.00000000
vt 0.00000000 0.00000000
vt 0.00000000 0.00000000
vt 0.00000000 0.00000000
vt 0.00000000 0.00000000
vt 0.00000000 0.00000000
vt 0.00000000 0.00000000
vt 0.00000000 0.00000000
vt 0.00000000 0.00000000
vt 0.00000000 0.00000000
vt 0.00000000 0.00000000
vt 0.00000000 0.00000000
vt 0.00000000 0.00000000
vt 0.00000000 0.00000000
vt 0.00000000 0.00000000
vt 0.00000000 0.00000000
vt 0.00000000 0.00000000
vt 0.00000000 0.00000000
vt 0.00000000 0.00000000
vt 0.00000000 0.00000000
vt 0.00000000 0.00000000
vt 0.00000000 0.00000000
vt 0.00000000 0.00000000
vt 0.46136400 0.61536100
vt 0.46136400 0.61536100
vt 0.46136400 0.61536100
vt 0.46136400 0.61536100
vt 0.46136400 0.61536100
vt 0.46136400 0.61536100
vt 0.46136400 0.61536100
vt 0.46136400 0.61536100
vt 0.00000000 0.00000000
vt 0.00000000 0.00000000
vt 0.00000000 0.00000000
vt 0.00000000 0.00000000
vt 0.00000000 0.00000000
vt 0.00000000 0.00000000
vt 0.00000000 0.00000000
vt 0.00000000 0.00000000
vt 0.44197300 0.62955900
vt 0.44197300 0.62955900
vt 0.44197300 0.62955900
vt 0.44197300 0.62955900
vt 0.44197300 0.62955900
vt 0.00000000 0.00000000
vt 0.00000000 0.00000000
vt 0.00000000 0.00000000
vt 0.00000000 0.00000000
vt 0.00000000 0.00000000
vt 0.00000000 0.00000000
vt 0.00000000 0.00000000
vt 0.00000000 0.00000000
vt 0.00000000 0.00000000
vt 0.00000000 0.00000000
vt 0.00000000 0.00000000
vt 0.00000000 0.00000000
vt 0.00000000 0.00000000
vt 0.00000000 0.00000000
vt 0.00000000 0.00000000
vt 0.00000000 0.00000000
vt 0.00000000 0.00000000
vt 0.00000000 0.00000000
vt 0.00000000 0.00000000
vt 0.00000000 0.00000000
vt 0.00000000 0.00000000
vt 0.00000000 0.00000000
vt 0.00000000 0.00000000
vt 0.00000000 0.00000000
vt 0.00000000 0.00000000
vt 0.00000000 0.00000000
vt 0.00000000 0.00000000
vt 0.00000000 0.00000000
vt 0.00000000 0.00000000
vt 0.00000000 0.00000000
vt 0.00000000 0.00000000
vt 0.00000000 0.00000000
vt 0.00000000 0.00000000
vt 0.00000000 0.00000000
vt 0.00000000 0.00000000
vt 0.00000000 0.00000000
vt 0.00000000 0.00000000
vt 0.00000000 0.00000000
vt 0.00000000 0.00000000
vt 0.00000000 0.00000000
vt 0.00000000 0.00000000
vt 0.00000000 0.00000000
vt 0.00000000 0.00000000
vt 0.00000000 0.00000000
vt 0.00000000 0.00000000
vt 0.00000000 0.00000000
vt 0.00000000 0.00000000
vt 0.00000000 0.00000000
vt 0.00000000 0.00000000
vt 0.00000000 0.00000000
vt 0.00000000 0.00000000
vt 0.00000000 0.00000000
vt 0.00000000 0.00000000
vt 0.00000000 0.00000000
vt 0.00000000 0.00000000
vt 0.00000000 0.00000000
vt 0.00000000 0.00000000
vt 0.00000000 0.00000000
vt 0.00000000 0.00000000
vt 0.00000000 0.00000000
vt 0.00000000 0.00000000
vt 0.00000000 0.00000000
vt 0.00000000 0.00000000
vt 0.00000000 0.00000000
vt 0.00000000 0.00000000
vt 0.00000000 0.00000000
vt 0.00000000 0.00000000
vt 0.00000000 0.00000000
vt 0.00000000 0.00000000
vt 0.00000000 0.00000000
vt 0.00000000 0.00000000
vt 0.00000000 0.00000000
vt 0.00000000 0.00000000
vt 0.00000000 0.00000000
vt 0.00000000 0.00000000
vt 0.00000000 0.00000000
vt 0.00000000 0.00000000
vt 0.00000000 0.00000000
vt 0.00000000 0.00000000
vt 0.00000000 0.00000000
vt 0.00000000 0.00000000
vt 0.00000000 0.00000000
vt 0.00000000 0.00000000
vt 0.00000000 0.00000000
vt 0.00000000 0.00000000
vt 0.00000000 0.00000000
vt 0.00000000 0.00000000
vt 0.00000000 0.00000000
vt 0.00000000 0.00000000
vt 0.00000000 0.00000000
vt 0.00000000 0.00000000
vt 0.00000000 0.00000000
vt 0.00000000 0.00000000
vt 0.00000000 0.00000000
vt 0.00000000 0.00000000
vt 0.00000000 0.00000000
vt 0.00000000 0.00000000
vt 0.00000000 0.00000000
vt 0.00000000 0.00000000
vt 0.00000000 0.00000000
vt 0.00000000 0.00000000
vt 0.00000000 0.00000000
vt 0.00000000 0.00000000
vt 0.00000000 0.00000000
vt 0.00000000 0.00000000
vt 0.00000000 0.00000000
vt 0.00000000 0.00000000
vt 0.00000000 0.00000000
vt 0.00000000 0.00000000
vt 0.00000000 0.00000000
vt 0.00000000 0.00000000
vt 0.00000000 0.00000000
vt 0.00000000 0.00000000
vt 0.00000000 0.00000000
vt 0.00000000 0.00000000
vt 0.00000000 0.00000000
vt 0.00000000 0.00000000
vt 0.00000000 0.00000000
vt 0.00000000 0.00000000
vt 0.00000000 0.00000000
vt 0.00000000 0.00000000
vt 0.00000000 0.00000000
vt 0.00000000 0.00000000
vt 0.00000000 0.00000000
vt 0.00000000 0.00000000
vt 0.00000000 0.00000000
vt 0.00000000 0.00000000
vt 0.00000000 0.00000000
vt 0.00000000 0.00000000
vt 0.00000000 0.00000000
vt 0.00000000 0.00000000
vt 0.00000000 0.00000000
vt 0.00000000 0.00000000
vt 0.00000000 0.00000000
vt 0.00000000 0.00000000
vt 0.00000000 0.00000000
vt 0.00000000 0.00000000
vt 0.00000000 0.00000000
vt 0.00000000 0.00000000
vt 0.00000000 0.00000000
vt 0.00000000 0.00000000
vt 0.00000000 0.00000000
vt 0.00000000 0.00000000
vt 0.00000000 0.00000000
vt 0.00000000 0.00000000
vt 0.00000000 0.00000000
vt 0.00000000 0.00000000
vt 0.00000000 0.00000000
vt 0.00000000 0.00000000
vt 0.00000000 0.00000000
vt 0.00000000 0.00000000
vt 0.00000000 0.00000000
vt 0.00000000 0.00000000
vt 0.00000000 0.00000000
vt 0.00000000 0.00000000
vt 0.00000000 0.00000000
vt 0.00000000 0.00000000
vt 0.00000000 0.00000000
vt 0.00000000 0.00000000
vt 0.00000000 0.00000000
vt 0.00000000 0.00000000
vt 0.00000000 0.00000000
vt 0.00000000 0.00000000
vt 0.00000000 0.00000000
vt 0.00000000 0.00000000
vt 0.00000000 0.00000000
vt 0.00000000 0.00000000
vt 0.00000000 0.00000000
vt 0.00000000 0.00000000
vt 0.00000000 0.00000000
vt 0.00000000 0.00000000
vt 0.00000000 0.00000000
vt 0.00000000 0.00000000
vt 0.00000000 0.00000000
vt 0.00000000 0.00000000
vt 0.00000000 0.00000000
vt 0.00000000 0.00000000
vt 0.00000000 0.00000000
vt 0.00000000 0.00000000
vt 0.00000000 0.00000000
vt 0.00000000 0.00000000
vt 0.00000000 0.00000000
vt 0.00000000 0.00000000
vt 0.00000000 0.00000000
vt 0.00000000 0.00000000
vt 0.00000000 0.00000000
vt 0.00000000 0.00000000
vt 0.00000000 0.00000000
vt 0.00000000 0.00000000
vt 0.00000000 0.00000000
vt 0.00000000 0.00000000
vt 0.00000000 0.00000000
vt 0.00000000 0.00000000
vt 0.00000000 0.00000000
vt 0.00000000 0.00000000
vt 0.00000000 0.00000000
vt 0.00000000 0.00000000
vt 0.00000000 0.00000000
vt 0.00000000 0.00000000
vt 0.00000000 0.00000000
vt 0.00000000 0.00000000
vt 0.00000000 0.00000000
vt 0.00000000 0.00000000
vt 0.00000000 0.00000000
vt 0.00000000 0.00000000
vt 0.00000000 0.00000000
vt 0.00000000 0.00000000
vt 0.00000000 0.00000000
vt 0.00000000 0.00000000
vt 0.00000000 0.00000000
vt 0.51791800 0.61552300
vt 0.51791800 0.61552300
vt 0.51791800 0.61552300
vt 0.51791800 0.61552300
vt 0.51791800 0.61552300
vt 0.51791800 0.61552300
vt 0.51791800 0.61552300
vt 0.51791800 0.61552300
vt 0.00000000 0.00000000
vt 0.00000000 0.00000000
vt 0.00000000 0.00000000
vt 0.00000000 0.00000000
vt 0.00000000 0.00000000
vt 0.00000000 0.00000000
vt 0.00000000 0.00000000
vt 0.00000000 0.00000000
vt 0.00000000 0.00000000
vt 0.00000000 0.00000000
vt 0.00000000 0.00000000
vt 0.00000000 0.00000000
vt 0.00000000 0.00000000
vt 0.00000000 0.00000000
vt 0.00000000 0.00000000
vt 0.55116800 0.59141900
vt 0.55116800 0.59141900
vt 0.55116800 0.59141900
vt 0.55116800 0.59141900
vt 0.55116800 0.59141900
vt 0.55116800 0.59141900
vt 0.55116800 0.59141900
vt 0.55116800 0.59141900
vt 0.55116800 0.59141900
vt 0.55116800 0.59141900
vt 0.00000000 0.00000000
vt 0.00000000 0.00000000
vt 0.00000000 0.00000000
vt 0.00000000 0.00000000
vt 0.00000000 0.00000000
vt 0.00000000 0.00000000
vt 0.00000000 0.00000000
vt 0.00000000 0.00000000
vt 0.00000000 0.00000000
vt 0.00000000 0.00000000
vt 0.00000000 0.00000000
vt 0.00000000 0.00000000
vt 0.00000000 0.00000000
vt 0.00000000 0.00000000
vt 0.00000000 0.00000000
vt 0.00000000 0.00000000
vt 0.12789100 0.76189600
vt 0.56917700 0.57675400
vt 0.12789100 0.76189600
vt 0.56917700 0.57675400
vt 0.11264300 0.76206300
vt 0.11264300 0.76206300
vt 0.56917700 0.57675400
vt 0.56917700 0.57675400
vt 0.56917700 0.57675400
vt 0.56917700 0.57675400
vt 0.00000000 0.00000000
vt 0.00000000 0.00000000
vt 0.00000000 0.00000000
vt 0.00000000 0.00000000
vt 0.00000000 0.00000000
vt 0.00000000 0.00000000
vt 0.00000000 0.00000000
vt 0.00000000 0.00000000
vt 0.00000000 0.00000000
vt 0.00000000 0.00000000
vt 0.00000000 0.00000000
vt 0.00000000 0.00000000
vt 0.00000000 0.00000000
vt 0.00000000 0.00000000
vt 0.00000000 0.00000000
vt 0.00000000 0.00000000
vt 0.00000000 0.00000000
vt 0.00000000 0.00000000
vt 0.00000000 0.00000000
vt 0.00000000 0.00000000
vt 0.00000000 0.00000000
vt 0.00000000 0.00000000
vt 0.00000000 0.00000000
vt 0.00000000 0.00000000
vt 0.00000000 0.00000000
vt 0.00000000 0.00000000
vt 0.00000000 0.00000000
vt 0.00000000 0.00000000
vt 0.00000000 0.00000000
vt 0.00000000 0.00000000
vt 0.00000000 0.00000000
vt 0.00000000 0.00000000
vt 0.00000000 0.00000000
vt 0.00000000 0.00000000
vt 0.00000000 0.00000000
vt 0.00000000 0.00000000
vt 0.00000000 0.00000000
vt 0.00000000 0.00000000
vt 0.00000000 0.00000000
vt 0.00000000 0.00000000
vt 0.00000000 0.00000000
vt 0.00000000 0.00000000
vt 0.00000000 0.00000000
vt 0.00000000 0.00000000
vt 0.00000000 0.00000000
vt 0.00000000 0.00000000
vt 0.00000000 0.00000000
vt 0.00000000 0.00000000
vt 0.00000000 0.00000000
vt 0.00000000 0.00000000
vt 0.00000000 0.00000000
vt 0.00000000 0.00000000
vt 0.00000000 0.00000000
vt 0.00000000 0.00000000
vt 0.00000000 0.00000000
vt 0.00000000 0.00000000
vt 0.09631400 0.73621400
vt 0.55307300 0.56980800
vt 0.09631400 0.73621400
vt 0.09631400 0.73621400
vt 0.55307300 0.56980800
vt 0.09631400 0.73621400
vt 0.09631400 0.73621400
vt 0.55307300 0.56980800
vt 0.52589900 0.57128700
vt 0.52589900 0.57128700
vt 0.52589900 0.57128700
vt 0.52589900 0.57128700
vt 0.52589900 0.57128700
vt 0.52589900 0.57128700
vt 0.52589900 0.57128700
vt 0.52589900 0.57128700
vt 0.52589900 0.57128700
vt 0.52589900 0.57128700
vt 0.00000000 0.00000000
vt 0.00000000 0.00000000
vt 0.00000000 0.00000000
vt 0.00000000 0.00000000
vt 0.00000000 0.00000000
vt 0.00000000 0.00000000
vt 0.49493500 0.59101100
vt 0.49493500 0.59101100
vt 0.49493500 0.59101100
vt 0.49493500 0.59101100
vt 0.49493500 0.59101100
vt 0.49493500 0.59101100
vt 0.49493500 0.59101100
vt 0.49493500 0.59101100
vt 0.49493500 0.59101100
vt 0.49493500 0.59101100
vt 0.00000000 0.00000000
vt 0.00000000 0.00000000
vt 0.00000000 0.00000000
vt 0.00000000 0.00000000
vt 0.00000000 0.00000000
vt 0.00000000 0.00000000
vt 0.00000000 0.00000000
vt 0.00000000 0.00000000
vt 0.00000000 0.00000000
vt 0.00000000 0.00000000
vt 0.00000000 0.00000000
vt 0.00000000 0.00000000
vt 0.00000000 0.00000000
vt 0.00000000 0.00000000
vt 0.00000000 0.00000000
vt 0.00000000 0.00000000
vt 0.00000000 0.00000000
vt 0.00000000 0.00000000
vt 0.00000000 0.00000000
vt 0.00000000 0.00000000
vt 0.00000000 0.00000000
vt 0.00000000 0.00000000
vt 0.00000000 0.00000000
vt 0.00000000 0.00000000
vt 0.00000000 0.00000000
vt 0.00000000 0.00000000
vt 0.00000000 0.00000000
vt 0.00000000 0.00000000
vt 0.00000000 0.00000000
vt 0.00000000 0.00000000
vt 0.00000000 0.00000000
vt 0.00000000 0.00000000
vt 0.00000000 0.00000000
vt 0.00000000 0.00000000
vt 0.00000000 0.00000000
vt 0.00000000 0.00000000
vt 0.00000000 0.00000000
vt 0.00000000 0.00000000
vt 0.00000000 0.00000000
vt 0.00000000 0.00000000
vt 0.00000000 0.00000000
vt 0.00000000 0.00000000
vt 0.00000000 0.00000000
vt 0.00000000 0.00000000
vt 0.00000000 0.00000000
vt 0.00000000 0.00000000
vt 0.00000000 0.00000000
vt 0.00000000 0.00000000
vt 0.00000000 0.00000000
vt 0.00000000 0.00000000
vt 0.00000000 0.00000000
vt 0.00000000 0.00000000
vt 0.00000000 0.00000000
vt 0.00000000 0.00000000
vt 0.00000000 0.00000000
vt 0.00000000 0.00000000
vt 0.00000000 0.00000000
vt 0.00000000 0.00000000
vt 0.00000000 0.00000000
vt 0.00000000 0.00000000
vt 0.00000000 0.00000000
vt 0.00000000 0.00000000
vt 0.00000000 0.00000000
vt 0.00000000 0.00000000
vt 0.00000000 0.00000000
vt 0.00000000 0.00000000
vt 0.00000000 0.00000000
vt 0.00000000 0.00000000
vt 0.00000000 0.00000000
vt 0.00000000 0.00000000
vt 0.00000000 0.00000000
vt 0.00000000 0.00000000
vt 0.00000000 0.00000000
vt 0.00000000 0.00000000
vt 0.00000000 0.00000000
vt 0.00000000 0.00000000
vt 0.00000000 0.00000000
vt 0.00000000 0.00000000
vt 0.00000000 0.00000000
vt 0.00000000 0.00000000
vt 0.00000000 0.00000000
vt 0.00000000 0.00000000
vt 0.00000000 0.00000000
vt 0.00000000 0.00000000
vt 0.00000000 0.00000000
vt 0.00000000 0.00000000
vt 0.00000000 0.00000000
vt 0.00000000 0.00000000
vt 0.00000000 0.00000000
vt 0.00000000 0.00000000
vt 0.00000000 0.00000000
vt 0.00000000 0.00000000
vt 0.00000000 0.00000000
vt 0.00000000 0.00000000
vt 0.00000000 0.00000000
vt 0.00000000 0.00000000
vt 0.00000000 0.00000000
vt 0.00000000 0.00000000
vt 0.00000000 0.00000000
vt 0.00000000 0.00000000
vt 0.00000000 0.00000000
vt 0.00000000 0.00000000
vt 0.00000000 0.00000000
vt 0.00000000 0.00000000
vt 0.00000000 0.00000000
vt 0.00000000 0.00000000
vt 0.00000000 0.00000000
vt 0.00000000 0.00000000
vt 0.00000000 0.00000000
vt 0.00000000 0.00000000
vt 0.00000000 0.00000000
vt 0.00000000 0.00000000
vt 0.00000000 0.00000000
vt 0.00000000 0.00000000
vt 0.00000000 0.00000000
vt 0.00000000 0.00000000
vt 0.00000000 0.00000000
vt 0.10516500 0.68887800
vt 0.10516500 0.68887800
vt 0.10516500 0.68887800
vt 0.10516500 0.68887800
vt 0.10516500 0.68887800
vt 0.10516500 0.68887800
vt 0.10516500 0.68887800
vt 0.00000000 0.00000000
vt 0.00000000 0.00000000
vt 0.00000000 0.00000000
vt 0.00000000 0.00000000
vt 0.00000000 0.00000000
vt 0.00000000 0.00000000
vt 0.11460600 0.69521700
vt 0.12674100 0.69552000
vt 0.12674100 0.69552000
vt 0.11460600 0.69521700
vt 0.12674100 0.69552000
vt 0.11460600 0.69521700
vt 0.10965300 0.64182900
vt 0.10965300 0.64182900
vt 0.10965300 0.64182900
vt 0.10965300 0.64182900
vt 0.10965300 0.64182900
vt 0.10965300 0.64182900
vt 0.10965300 0.64182900
vt 0.10965300 0.64182900
vt 0.10965300 0.64182900
vt 0.12106700 0.64326800
vt 0.12106700 0.64326800
vt 0.12106700 0.64326800
vt 0.12106700 0.64326800
vt 0.12106700 0.64326800
vt 0.12106700 0.64326800
vt 0.09388100 0.68519300
vt 0.09388100 0.68519300
vt 0.09388100 0.68519300
vt 0.09388100 0.68519300
vt 0.09388100 0.68519300
vt 0.09388100 0.68519300
vt 0.09388100 0.68519300
vt 0.10511200 0.73893300
vt 0.10511200 0.73893300
vt 0.10511200 0.73893300
vt 0.10511200 0.73893300
vt 0.10511200 0.73893300
vt 0.00000000 0.00000000
vt 0.00000000 0.00000000
vt 0.00000000 0.00000000
vt 0.00000000 0.00000000
vt 0.00000000 0.00000000
vt 0.44482500 0.67187600
vt 0.44482500 0.67187600
vt 0.44482500 0.67187600
vt 0.44482500 0.67187600
vt 0.44482500 0.67187600
vt 0.44482500 0.67187600
vt 0.44482500 0.67187600
vt 0.42395300 0.68834600
vt 0.42395300 0.68834600
vt 0.42395300 0.68834600
vt 0.42395300 0.68834600
vt 0.42395300 0.68834600
vt 0.42395300 0.68834600
vt 0.42395300 0.68834600
vt 0.42395300 0.68834600
vt 0.42395300 0.68834600
vt 0.40290000 0.70563600
vt 0.40290000 0.70563600
vt 0.40290000 0.70563600
vt 0.40290000 0.70563600
vt 0.40290000 0.70563600
vt 0.40290000 0.70563600
vt 0.40290000 0.70563600
vt 0.40290000 0.70563600
vt 0.40290000 0.70563600
vt 0.40290000 0.70563600
vt 0.40290000 0.70563600
vt 0.37951000 0.71649700
vt 0.37951000 0.71649700
vt 0.37951000 0.71649700
vt 0.37951000 0.71649700
vt 0.70259100 0.38156200
vt 0.70259100 0.38156200
vt 0.70259100 0.38156200
vt 0.70259100 0.38156200
vt 0.70259100 0.38156200
vt 0.70259100 0.38156200
vt 0.37951000 0.71649700
vt 0.70259100 0.38156200
vt 0.37951000 0.71649700
vt 0.70259100 0.38156200
vt 0.37951000 0.71649700
vt 0.40449000 0.65585800
vt 0.40449000 0.65585800
vt 0.40449000 0.65585800
vt 0.40449000 0.65585800
vt 0.40449000 0.65585800
vt 0.40449000 0.65585800
vt 0.42356400 0.64242200
vt 0.42356400 0.64242200
vt 0.42356400 0.64242200
vt 0.42356400 0.64242200
vt 0.42356400 0.64242200
vt 0.42356400 0.64242200
vt 0.42356400 0.64242200
vt 0.67582200 0.36265500
vt 0.67582200 0.36265500
vt 0.67582200 0.36265500
vt 0.36013200 0.69055900
vt 0.67582200 0.36265500
vt 0.36013200 0.69055900
vt 0.36013200 0.69055900
vt 0.36013200 0.69055900
vt 0.36013200 0.69055900
vt 0.51060400 0.58056400
vt 0.51060400 0.58056400
vt 0.51060400 0.58056400
vt 0.51060400 0.58056400
vt 0.51060400 0.58056400
vt 0.51060400 0.58056400
vt 0.51060400 0.58056400
vt 0.51060400 0.58056400
vt 0.10142000 0.73906300
vt 0.10142000 0.73906300
vt 0.10142000 0.73906300
vt 0.10142000 0.73906300
vt 0.08463100 0.67877200
vt 0.08463100 0.67877200
vt 0.08463100 0.67877200
vt 0.08463100 0.67877200
vt 0.08463100 0.67877200
vt 0.09937700 0.66505000
vt 0.09937700 0.66505000
vt 0.09937700 0.66505000
vt 0.09937700 0.66505000
vt 0.09937700 0.66505000
vt 0.09937700 0.66505000
vt 0.09937700 0.66505000
vt 0.09219300 0.66717300
vt 0.09219300 0.66717300
vt 0.09219300 0.66717300
vt 0.09219300 0.66717300
vt 0.09219300 0.66717300
vt 0.09219300 0.66717300
vt 0.45629200 0.04537200
vt 0.56414900 0.05732500
vt 0.56414900 0.05732500
vt 0.40053000 0.70669600
vt 0.40053000 0.70669600
vt 0.40053000 0.70669600
vt 0.45629200 0.04537200
vt 0.40053000 0.70669600
vt 0.40053000 0.70669600
vt 0.39538000 0.70885200
vt 0.39538000 0.70885200
vt 0.44997100 0.04936300
vt 0.39538000 0.70885200
vt 0.39538000 0.70885200
vt 0.39538000 0.70885200
vt 0.44845100 0.05156600
vt 0.44845100 0.05156600
vt 0.39538000 0.70885200
vt 0.39538000 0.70885200
vt 0.39538000 0.70885200
vt 0.39538000 0.70885200
vt 0.55686000 0.08600000
vt 0.55686000 0.08600000
vt 0.55686000 0.08600000
vt 0.55686000 0.08600000
vt 0.55686000 0.08600000
vt 0.55686000 0.08600000
vt 0.45770500 0.08583600
vt 0.45770500 0.08583600
vt 0.45770500 0.08583600
vt 0.45770500 0.08583600
vt 0.45770500 0.08583600
vt 0.45770500 0.08583600
vt 0.45770500 0.08583600
vt 0.45770500 0.08583600
vt 0.45481600 0.05331000
vt 0.45481600 0.05331000
vt 0.45481600 0.05331000
vt 0.45481600 0.05331000
vt 0.45481600 0.05331000
vt 0.45481600 0.05331000
vt 0.55782600 0.05703800
vt 0.45931700 0.05130900
vt 0.55782600 0.05703800
vt 0.55782600 0.05703800
vt 0.45931700 0.05130900
vt 0.45931700 0.05130900
vt 0.46759200 0.07377600
vt 0.54876300 0.07840100
vt 0.54876300 0.07840100
vt 0.54876300 0.07840100
vt 0.46759200 0.07377600
vt 0.54876300 0.07840100
vt 0.54876300 0.07840100
vt 0.54876300 0.07840100
vt 0.54876300 0.07840100
vt 0.46759200 0.07377600
vt 0.46590000 0.07550900
vt 0.46590000 0.07550900
vt 0.46590000 0.07550900
vt 0.46590000 0.07550900
vt 0.46590000 0.07550900
vt 0.46590000 0.07550900
vt 0.46590000 0.07550900
vt 0.48365400 0.06924200
vt 0.53184700 0.07193300
vt 0.53184700 0.07193300
vt 0.53184700 0.07193300
vt 0.48365400 0.06924200
vt 0.48365400 0.06924200
vt 0.48277600 0.07428800
vt 0.48277600 0.07428800
vt 0.48277600 0.07428800
vt 0.48277600 0.07428800
vt 0.48277600 0.07428800
vt 0.48277600 0.07428800
vt 0.48277600 0.07428800
vt 0.48277600 0.07428800
vt 0.48277600 0.07428800
vt 0.37578100 0.70100500
vt 0.37578100 0.70100500
vt 0.37578100 0.70100500
vt 0.37578100 0.70100500
vt 0.37578100 0.70100500
vt 0.37578100 0.70100500
vt 0.37578100 0.70100500
vt 0.37860300 0.70003700
vt 0.37860300 0.70003700
vt 0.37860300 0.70003700
vt 0.37860300 0.70003700
vt 0.60598500 0.52385200
vt 0.60598500 0.52385200
vt 0.60598500 0.52385200
vt 0.60598500 0.52385200
vt 0.60598500 0.52385200
vt 0.60598500 0.52385200
vt 0.60598500 0.52385200
vt 0.60598500 0.52385200
vt 0.59128200 0.48545400
vt 0.59128200 0.48545400
vt 0.59128200 0.48545400
vt 0.59128200 0.48545400
vt 0.59128200 0.48545400
vt 0.59128200 0.48545400
vt 0.59128200 0.48545400
vt 0.58057900 0.50172400
vt 0.58057900 0.50172400
vt 0.58057900 0.50172400
vt 0.58057900 0.50172400
vt 0.58057900 0.50172400
vt 0.58057900 0.50172400
vt 0.58057900 0.50172400
vt 0.58057900 0.50172400
vt 0.58057900 0.50172400
vt 0.58057900 0.50172400
vt 0.63110000 0.48782600
vt 0.63110000 0.48782600
vt 0.63110000 0.48782600
vt 0.63110000 0.48782600
vt 0.63110000 0.48782600
vt 0.63110000 0.48782600
vt 0.63110000 0.48782600
vt 0.60373700 0.46716800
vt 0.60373700 0.46716800
vt 0.60373700 0.46716800
vt 0.60373700 0.46716800
vt 0.60373700 0.46716800
vt 0.60373700 0.46716800
vt 0.60373700 0.46716800
vt 0.60373700 0.46716800
vt 0.64546900 0.46824300
vt 0.64546900 0.46824300
vt 0.64546900 0.46824300
vt 0.64546900 0.46824300
vt 0.64546900 0.46824300
vt 0.64546900 0.46824300
vt 0.64546900 0.46824300
vt 0.64546900 0.46824300
vt 0.61726100 0.44719800
vt 0.61726100 0.44719800
vt 0.61726100 0.44719800
vt 0.61726100 0.44719800
vt 0.61726100 0.44719800
vt 0.61726100 0.44719800
vt 0.58312800 0.55810400
vt 0.58312800 0.55810400
vt 0.58312800 0.55810400
vt 0.58312800 0.55810400
vt 0.58312800 0.55810400
vt 0.58312800 0.55810400
vt 0.58312800 0.55810400
vt 0.58312800 0.55810400
vt 0.58312800 0.55810400
vt 0.56196200 0.53351500
vt 0.56196200 0.53351500
vt 0.56196200 0.53351500
vt 0.56196200 0.53351500
vt 0.56196200 0.53351500
vt 0.56196200 0.53351500
vt 0.56196200 0.53351500
vt 0.56196200 0.53351500
vt 0.56196200 0.53351500
vt 0.56196200 0.53351500
vt 0.14545400 0.73709000
vt 0.14545400 0.73709000
vt 0.14545400 0.73709000
vt 0.14545400 0.73709000
vt 0.56214800 0.56036600
vt 0.14545400 0.73709000
vt 0.56214800 0.56036600
vt 0.56214800 0.56036600
vt 0.57069100 0.51782300
vt 0.57069100 0.51782300
vt 0.57069100 0.51782300
vt 0.57069100 0.51782300
vt 0.57069100 0.51782300
vt 0.57069100 0.51782300
vt 0.57069100 0.51782300
vt 0.57069100 0.51782300
vt 0.13622300 0.68933600
vt 0.13622300 0.68933600
vt 0.13622300 0.68933600
vt 0.13622300 0.68933600
vt 0.13622300 0.68933600
vt 0.13622300 0.68933600
vt 0.13622300 0.68933600
vt 0.13568200 0.73936900
vt 0.13568200 0.73936900
vt 0.13568200 0.73936900
vt 0.13568200 0.73936900
vt 0.13568200 0.73936900
vt 0.13255600 0.64211400
vt 0.13255600 0.64211400
vt 0.13255600 0.64211400
vt 0.13255600 0.64211400
vt 0.13255600 0.64211400
vt 0.13255600 0.64211400
vt 0.13255600 0.64211400
vt 0.13255600 0.64211400
vt 0.15691400 0.67967300
vt 0.15691400 0.67967300
vt 0.15691400 0.67967300
vt 0.15691400 0.67967300
vt 0.15691400 0.67967300
vt 0.13887300 0.73925700
vt 0.13887300 0.73925700
vt 0.13887300 0.73925700
vt 0.13887300 0.73925700
vt 0.60843500 0.04262500
vt 0.60843500 0.04262500
vt 0.71375600 0.05290700
vt 0.71375600 0.05290700
vt 0.69334200 0.40295400
vt 0.69334200 0.40295400
vt 0.69334200 0.40295400
vt 0.69334200 0.40295400
vt 0.69334200 0.40295400
vt 0.69232300 0.40538000
vt 0.69232300 0.40538000
vt 0.69232300 0.40538000
vt 0.69232300 0.40538000
vt 0.69232300 0.40538000
vt 0.69232300 0.40538000
vt 0.69232300 0.40538000
vt 0.69232300 0.40538000
vt 0.69232300 0.40538000
vt 0.69232300 0.40538000
vt 0.65979700 0.44857500
vt 0.65979700 0.44857500
vt 0.65979700 0.44857500
vt 0.65979700 0.44857500
vt 0.65979700 0.44857500
vt 0.65979700 0.44857500
vt 0.65979700 0.44857500
vt 0.67562600 0.42708200
vt 0.67562600 0.42708200
vt 0.67562600 0.42708200
vt 0.67562600 0.42708200
vt 0.67562600 0.42708200
vt 0.67562600 0.42708200
vt 0.67562600 0.42708200
vt 0.67562600 0.42708200
vt 0.67562600 0.42708200
vt 0.67562600 0.42708200
vt 0.67562600 0.42708200
vt 0.64232100 0.40860100
vt 0.64232100 0.40860100
vt 0.64232100 0.40860100
vt 0.64232100 0.40860100
vt 0.64232100 0.40860100
vt 0.64232100 0.40860100
vt 0.62950100 0.42825200
vt 0.62950100 0.42825200
vt 0.62950100 0.42825200
vt 0.62950100 0.42825200
vt 0.62950100 0.42825200
vt 0.62950100 0.42825200
vt 0.62950100 0.42825200
vt 0.68685800 0.37821000
vt 0.68685800 0.37821000
vt 0.68685800 0.37821000
vt 0.68685800 0.37821000
vt 0.68685800 0.37821000
vt 0.68685800 0.37821000
vt 0.14754500 0.68589200
vt 0.14754500 0.68589200
vt 0.14754500 0.68589200
vt 0.14754500 0.68589200
vt 0.14754500 0.68589200
vt 0.14754500 0.68589200
vt 0.14754500 0.68589200
vt 0.14243400 0.66562500
vt 0.14243400 0.66562500
vt 0.14243400 0.66562500
vt 0.14243400 0.66562500
vt 0.14243400 0.66562500
vt 0.14243400 0.66562500
vt 0.14243400 0.66562500
vt 0.14243400 0.66562500
vt 0.14958200 0.66792400
vt 0.14958200 0.66792400
vt 0.14958200 0.66792400
vt 0.14958200 0.66792400
vt 0.14958200 0.66792400
vt 0.14958200 0.66792400
vt 0.69533300 0.39770300
vt 0.71844100 0.05582600
vt 0.69533300 0.39770300
vt 0.71988900 0.05764800
vt 0.69533300 0.39770300
vt 0.69533300 0.39770300
vt 0.71988900 0.05764800
vt 0.69533300 0.39770300
vt 0.69533300 0.39770300
vt 0.61455300 0.07800700
vt 0.61455300 0.07800700
vt 0.61455300 0.07800700
vt 0.61455300 0.07800700
vt 0.61455300 0.07800700
vt 0.71184500 0.08399000
vt 0.71184500 0.08399000
vt 0.71184500 0.08399000
vt 0.71184500 0.08399000
vt 0.71184500 0.08399000
vt 0.71184500 0.08399000
vt 0.71184500 0.08399000
vt 0.71184500 0.08399000
vt 0.71184500 0.08399000
vt 0.61606900 0.04280400
vt 0.61606900 0.04280400
vt 0.71153600 0.05729100
vt 0.61606900 0.04280400
vt 0.71153600 0.05729100
vt 0.71153600 0.05729100
vt 0.71490900 0.05885300
vt 0.71490900 0.05885300
vt 0.71490900 0.05885300
vt 0.71490900 0.05885300
vt 0.71490900 0.05885300
vt 0.71490900 0.05885300
vt 0.62506200 0.06966900
vt 0.70472800 0.07416100
vt 0.62506200 0.06966900
vt 0.70472800 0.07416100
vt 0.62506200 0.06966900
vt 0.62506200 0.06966900
vt 0.62506200 0.06966900
vt 0.62506200 0.06966900
vt 0.70472800 0.07416100
vt 0.70586800 0.07556400
vt 0.70586800 0.07556400
vt 0.70586800 0.07556400
vt 0.70586800 0.07556400
vt 0.70586800 0.07556400
vt 0.70586800 0.07556400
vt 0.70586800 0.07556400
vt 0.69227500 0.07324800
vt 0.69227500 0.07324800
vt 0.69227500 0.07324800
vt 0.69227500 0.07324800
vt 0.69227500 0.07324800
vt 0.69227500 0.07324800
vt 0.69227500 0.07324800
vt 0.69227500 0.07324800
vt 0.69227500 0.07324800
vt 0.64510200 0.06428500
vt 0.69199600 0.06892100
vt 0.69199600 0.06892100
vt 0.64510200 0.06428500
vt 0.64510200 0.06428500
vt 0.69199600 0.06892100
vt 0.68596200 0.38108400
vt 0.68596200 0.38108400
vt 0.68596200 0.38108400
vt 0.68596200 0.38108400
vt 0.68596200 0.38108400
vt 0.68596200 0.38108400
vt 0.56062800 0.08405700
vt 0.56062800 0.08405700
vt 0.56062800 0.08405700
vt 0.56062800 0.08405700
vt 0.56062800 0.08405700
vt 0.56062800 0.08405700
vt 0.45789700 0.04852100
vt 0.56079500 0.05717300
vt 0.45789700 0.04852100
vt 0.56079500 0.05717300
vt 0.45789700 0.04852100
vt 0.45271900 0.05160200
vt 0.45271900 0.05160200
vt 0.45206100 0.05255500
vt 0.45206100 0.05255500
vt 0.45271900 0.05160200
vt 0.45321600 0.08386800
vt 0.45321600 0.08386800
vt 0.45321600 0.08386800
vt 0.45321600 0.08386800
vt 0.45321600 0.08386800
vt 0.45321600 0.08386800
vt 0.45321600 0.08386800
vt 0.61045100 0.07579000
vt 0.61045100 0.07579000
vt 0.61045100 0.07579000
vt 0.61045100 0.07579000
vt 0.61045100 0.07579000
vt 0.61045100 0.07579000
vt 0.61254300 0.04272100
vt 0.71256100 0.05526600
vt 0.71256100 0.05526600
vt 0.61254300 0.04272100
vt 0.71256100 0.05526600
vt 0.71639600 0.05757900
vt 0.71700600 0.05834600
vt 0.71700600 0.05834600
vt 0.71639600 0.05757900
vt 0.71639600 0.05757900
vt 0.71543300 0.08282800
vt 0.71543300 0.08282800
vt 0.71543300 0.08282800
vt 0.71543300 0.08282800
vt 0.71543300 0.08282800
vt 0.71543300 0.08282800
vt 0.71543300 0.08282800
vt 0.71543300 0.08282800
vt 0.71543300 0.08282800
vt 0.00000000 0.00000000
vt 0.00000000 0.00000000
vt 0.46448100 0.59677800
vt 0.46448100 0.59677800
vt 0.45394000 0.60610900
vt 0.45394000 0.60610900
vt 0.00000000 0.00000000
vt 0.00000000 0.00000000
vt 0.46700500 0.59425100
vt 0.00000000 0.00000000
vt 0.00000000 0.00000000
vt 0.46700500 0.59425100
vt 0.00000000 0.00000000
vt 0.46948600 0.59100000
vt 0.00000000 0.00000000
vt 0.46948600 0.59100000
vt 0.44280900 0.61658500
vt 0.00000000 0.00000000
vt 0.44280900 0.61658500
vt 0.00000000 0.00000000
vt 0.00000000 0.00000000
vt 0.44928500 0.61079000
vt 0.00000000 0.00000000
vt 0.44928500 0.61079000
vt 0.44827700 0.61178600
vt 0.44827700 0.61178600
vt 0.00000000 0.00000000
vt 0.00000000 0.00000000
vt 0.00000000 0.00000000
vt 0.43579500 0.62108300
vt 0.00000000 0.00000000
vt 0.43579500 0.62108300
vt 0.00000000 0.00000000
vt 0.00000000 0.00000000
vt 0.51685600 0.55544300
vt 0.51685600 0.55544300
vt 0.51179000 0.55934000
vt 0.51179000 0.55934000
vt 0.00000000 0.00000000
vt 0.00000000 0.00000000
vt 0.00000000 0.00000000
vt 0.00000000 0.00000000
vt 0.52350300 0.55064900
vt 0.52350300 0.55064900
vt 0.52519400 0.54868100
vt 0.07386000 0.68333600
vt 0.00000000 0.00000000
vt 0.00000000 0.00000000
vt 0.52519400 0.54868100
vt 0.07386000 0.68333600
vt 0.00000000 0.00000000
vt 0.50657500 0.56370300
vt 0.50657500 0.56370300
vt 0.00000000 0.00000000
vt 0.49809700 0.56792500
vt 0.49809700 0.56792500
vt 0.00000000 0.00000000
vt 0.50883600 0.56238700
vt 0.00000000 0.00000000
vt 0.50883600 0.56238700
vt 0.00000000 0.00000000
vt 0.50883600 0.56238700
vt 0.51081100 0.56055400
vt 0.51081100 0.56055400
vt 0.00000000 0.00000000
vt 0.00000000 0.00000000
vt 0.47839500 0.58426900
vt 0.00000000 0.00000000
vt 0.47839500 0.58426900
vt 0.00000000 0.00000000
vt 0.48449600 0.57934300
vt 0.48449600 0.57934300
vt 0.00000000 0.00000000
vt 0.00000000 0.00000000
vt 0.12134800 0.61933200
vt 0.12134800 0.61933200
vt 0.11152500 0.62041800
vt 0.11152500 0.62041800
vt 0.00000000 0.00000000
vt 0.11152500 0.62041800
vt 0.00000000 0.00000000
vt 0.00000000 0.00000000
vt 0.10616600 0.63913900
vt 0.10616600 0.63913900
vt 0.00000000 0.00000000
vt 0.10574000 0.64025100
vt 0.10574000 0.64025100
vt 0.10578500 0.62129400
vt 0.00000000 0.00000000
vt 0.00000000 0.00000000
vt 0.00000000 0.00000000
vt 0.10686000 0.63306300
vt 0.10686000 0.63306300
vt 0.10686000 0.63306300
vt 0.00000000 0.00000000
vt 0.00000000 0.00000000
vt 0.00000000 0.00000000
vt 0.08417900 0.67427100
vt 0.00000000 0.00000000
vt 0.00000000 0.00000000
vt 0.00000000 0.00000000
vt 0.08337500 0.67516700
vt 0.08337500 0.67516700
vt 0.08337500 0.67516700
vt 0.08537700 0.67286600
vt 0.00000000 0.00000000
vt 0.08537700 0.67286600
vt 0.08537700 0.67286600
vt 0.00000000 0.00000000
vt 0.08537700 0.67286600
vt 0.00000000 0.00000000
vt 0.00000000 0.00000000
vt 0.38872200 0.67191400
vt 0.38872200 0.67191400
vt 0.39064100 0.66993700
vt 0.39064100 0.66993700
vt 0.39064100 0.66993700
vt 0.00000000 0.00000000
vt 0.00000000 0.00000000
vt 0.39440800 0.66620300
vt 0.00000000 0.00000000
vt 0.00000000 0.00000000
vt 0.39440800 0.66620300
vt 0.00000000 0.00000000
vt 0.00000000 0.00000000
vt 0.39877200 0.65979100
vt 0.00000000 0.00000000
vt 0.00000000 0.00000000
vt 0.39877200 0.65979100
vt 0.39782700 0.66146800
vt 0.00000000 0.00000000
vt 0.00000000 0.00000000
vt 0.39782700 0.66146800
vt 0.40200000 0.65427400
vt 0.00000000 0.00000000
vt 0.00000000 0.00000000
vt 0.40200000 0.65427400
vt 0.00000000 0.00000000
vt 0.40282100 0.65295200
vt 0.40282100 0.65295200
vt 0.41611600 0.63862300
vt 0.00000000 0.00000000
vt 0.00000000 0.00000000
vt 0.41611600 0.63862300
vt 0.40808800 0.64818600
vt 0.00000000 0.00000000
vt 0.00000000 0.00000000
vt 0.00000000 0.00000000
vt 0.00000000 0.00000000
vt 0.41689000 0.63764000
vt 0.00000000 0.00000000
vt 0.00000000 0.00000000
vt 0.41689000 0.63764000
vt 0.41849900 0.63513300
vt 0.41849900 0.63513300
vt 0.00000000 0.00000000
vt 0.00000000 0.00000000
vt 0.42262100 0.63151100
vt 0.00000000 0.00000000
vt 0.00000000 0.00000000
vt 0.42262100 0.63151100
vt 0.00000000 0.00000000
vt 0.00000000 0.00000000
vt 0.43504300 0.62178000
vt 0.43504300 0.62178000
vt 0.00000000 0.00000000
vt 0.00000000 0.00000000
vt 0.00000000 0.00000000
vt 0.36116900 0.68841700
vt 0.00000000 0.00000000
vt 0.36116900 0.68841700
vt 0.35931400 0.68978800
vt 0.35931400 0.68978800
vt 0.00000000 0.00000000
vt 0.00000000 0.00000000
vt 0.67501000 0.36185200
vt 0.00000000 0.00000000
vt 0.36906100 0.68497500
vt 0.36906100 0.68497500
vt 0.00000000 0.00000000
vt 0.36906100 0.68497500
vt 0.00000000 0.00000000
vt 0.36906100 0.68497500
vt 0.36758400 0.68526300
vt 0.36758400 0.68526300
vt 0.36758400 0.68526300
vt 0.00000000 0.00000000
vt 0.00000000 0.00000000
vt 0.00000000 0.00000000
vt 0.36465400 0.68560800
vt 0.36445400 0.68571000
vt 0.36445400 0.68571000
vt 0.00000000 0.00000000
vt 0.36445400 0.68571000
vt 0.00000000 0.00000000
vt 0.00000000 0.00000000
vt 0.36216400 0.68768700
vt 0.36216400 0.68768700
vt 0.36216400 0.68768700
vt 0.37128600 0.68457600
vt 0.00000000 0.00000000
vt 0.00000000 0.00000000
vt 0.37128600 0.68457600
vt 0.00000000 0.00000000
vt 0.00000000 0.00000000
vt 0.00000000 0.00000000
vt 0.00000000 0.00000000
vt 0.37404700 0.68298300
vt 0.37404700 0.68298300
vt 0.37797400 0.68121900
vt 0.37797400 0.68121900
vt 0.00000000 0.00000000
vt 0.37797400 0.68121900
vt 0.00000000 0.00000000
vt 0.37580200 0.68218800
vt 0.37580200 0.68218800
vt 0.00000000 0.00000000
vt 0.00000000 0.00000000
vt 0.00000000 0.00000000
vt 0.00000000 0.00000000
vt 0.37497200 0.68254300
vt 0.00000000 0.00000000
vt 0.37497200 0.68254300
vt 0.49343800 0.57287700
vt 0.00000000 0.00000000
vt 0.49343800 0.57287700
vt 0.00000000 0.00000000
vt 0.00000000 0.00000000
vt 0.00000000 0.00000000
vt 0.49086500 0.57530600
vt 0.00000000 0.00000000
vt 0.49086500 0.57530600
vt 0.48964800 0.57640800
vt 0.00000000 0.00000000
vt 0.48964800 0.57640800
vt 0.00000000 0.00000000
vt 0.00000000 0.00000000
vt 0.48758100 0.57776900
vt 0.48758100 0.57776900
vt 0.00000000 0.00000000
vt 0.00000000 0.00000000
vt 0.08185900 0.67644300
vt 0.00000000 0.00000000
vt 0.00000000 0.00000000
vt 0.08185900 0.67644300
vt 0.00000000 0.00000000
vt 0.00000000 0.00000000
vt 0.09378400 0.66379400
vt 0.09378400 0.66379400
vt 0.00000000 0.00000000
vt 0.09378400 0.66379400
vt 0.09201600 0.66565200
vt 0.00000000 0.00000000
vt 0.09201600 0.66565200
vt 0.00000000 0.00000000
vt 0.09867800 0.65552400
vt 0.00000000 0.00000000
vt 0.00000000 0.00000000
vt 0.09867800 0.65552400
vt 0.00000000 0.00000000
vt 0.00000000 0.00000000
vt 0.09973200 0.65352100
vt 0.09973200 0.65352100
vt 0.09973200 0.65352100
vt 0.00000000 0.00000000
vt 0.00000000 0.00000000
vt 0.10328000 0.64693500
vt 0.00000000 0.00000000
vt 0.10328000 0.64693500
vt 0.00000000 0.00000000
vt 0.00000000 0.00000000
vt 0.09067100 0.66708600
vt 0.09067100 0.66708600
vt 0.00000000 0.00000000
vt 0.37837200 0.68096800
vt 0.37837200 0.68096800
vt 0.37837200 0.68096800
vt 0.00000000 0.00000000
vt 0.38137100 0.67909900
vt 0.00000000 0.00000000
vt 0.38137100 0.67909900
vt 0.00000000 0.00000000
vt 0.00000000 0.00000000
vt 0.38872100 0.67191500
vt 0.00000000 0.00000000
vt 0.58523300 0.47097900
vt 0.00000000 0.00000000
vt 0.58523300 0.47097900
vt 0.58279400 0.47360400
vt 0.00000000 0.00000000
vt 0.58279400 0.47360400
vt 0.00000000 0.00000000
vt 0.00000000 0.00000000
vt 0.57963000 0.47621100
vt 0.57963000 0.47621100
vt 0.00000000 0.00000000
vt 0.00000000 0.00000000
vt 0.59419100 0.46006600
vt 0.59419100 0.46006600
vt 0.00000000 0.00000000
vt 0.00000000 0.00000000
vt 0.59871100 0.45522300
vt 0.59871100 0.45522300
vt 0.00000000 0.00000000
vt 0.00000000 0.00000000
vt 0.00000000 0.00000000
vt 0.60428100 0.44851200
vt 0.60428100 0.44851200
vt 0.00000000 0.00000000
vt 0.59967200 0.45417400
vt 0.59967200 0.45417400
vt 0.00000000 0.00000000
vt 0.00000000 0.00000000
vt 0.00000000 0.00000000
vt 0.00000000 0.00000000
vt 0.60853100 0.44131000
vt 0.60853100 0.44131000
vt 0.54123600 0.53192300
vt 0.54123600 0.53192300
vt 0.00000000 0.00000000
vt 0.00000000 0.00000000
vt 0.16795300 0.68471800
vt 0.00000000 0.00000000
vt 0.00000000 0.00000000
vt 0.53948700 0.53353100
vt 0.53948700 0.53353100
vt 0.16795300 0.68471800
vt 0.54595800 0.52485900
vt 0.54595800 0.52485900
vt 0.00000000 0.00000000
vt 0.00000000 0.00000000
vt 0.00000000 0.00000000
vt 0.54946500 0.51978500
vt 0.00000000 0.00000000
vt 0.00000000 0.00000000
vt 0.54946500 0.51978500
vt 0.55241100 0.51671100
vt 0.00000000 0.00000000
vt 0.55241100 0.51671100
vt 0.55241100 0.51671100
vt 0.00000000 0.00000000
vt 0.00000000 0.00000000
vt 0.55064700 0.51875900
vt 0.55064700 0.51875900
vt 0.00000000 0.00000000
vt 0.00000000 0.00000000
vt 0.55364800 0.51439600
vt 0.55364800 0.51439600
vt 0.00000000 0.00000000
vt 0.00000000 0.00000000
vt 0.55757000 0.50574000
vt 0.55757000 0.50574000
vt 0.00000000 0.00000000
vt 0.00000000 0.00000000
vt 0.57321700 0.48539000
vt 0.00000000 0.00000000
vt 0.00000000 0.00000000
vt 0.57321700 0.48539000
vt 0.56851000 0.49168800
vt 0.00000000 0.00000000
vt 0.56850900 0.49168800
vt 0.13116400 0.62064800
vt 0.13116400 0.62064800
vt 0.00000000 0.00000000
vt 0.13116400 0.62064800
vt 0.13611500 0.63950400
vt 0.13611500 0.63950400
vt 0.00000000 0.00000000
vt 0.00000000 0.00000000
vt 0.13651800 0.64062600
vt 0.00000000 0.00000000
vt 0.13651800 0.64062600
vt 0.13689600 0.62165200
vt 0.00000000 0.00000000
vt 0.00000000 0.00000000
vt 0.00000000 0.00000000
vt 0.00000000 0.00000000
vt 0.00000000 0.00000000
vt 0.13555600 0.63340700
vt 0.00000000 0.00000000
vt 0.13555600 0.63340700
vt 0.00000000 0.00000000
vt 0.13555600 0.63340700
vt 0.15745900 0.67518600
vt 0.00000000 0.00000000
vt 0.00000000 0.00000000
vt 0.15628900 0.67376000
vt 0.15628900 0.67376000
vt 0.15628900 0.67376000
vt 0.15628900 0.67376000
vt 0.00000000 0.00000000
vt 0.00000000 0.00000000
vt 0.15824600 0.67609800
vt 0.00000000 0.00000000
vt 0.15824600 0.67609800
vt 0.00000000 0.00000000
vt 0.15824600 0.67609800
vt 0.00000000 0.00000000
vt 0.65600200 0.39418200
vt 0.00000000 0.00000000
vt 0.00000000 0.00000000
vt 0.65600200 0.39418200
vt 0.00000000 0.00000000
vt 0.00000000 0.00000000
vt 0.65237600 0.39809900
vt 0.00000000 0.00000000
vt 0.65237600 0.39809900
vt 0.64773300 0.40170200
vt 0.00000000 0.00000000
vt 0.00000000 0.00000000
vt 0.64773300 0.40170200
vt 0.64607900 0.40271000
vt 0.00000000 0.00000000
vt 0.64607900 0.40271000
vt 0.00000000 0.00000000
vt 0.65792500 0.39218500
vt 0.65792500 0.39218500
vt 0.65792500 0.39218500
vt 0.00000000 0.00000000
vt 0.65792500 0.39218500
vt 0.00000000 0.00000000
vt 0.00000000 0.00000000
vt 0.66669500 0.38143600
vt 0.66669500 0.38143600
vt 0.66669500 0.38143600
vt 0.66491200 0.38452600
vt 0.66491200 0.38452600
vt 0.66491200 0.38452600
vt 0.00000000 0.00000000
vt 0.00000000 0.00000000
vt 0.00000000 0.00000000
vt 0.00000000 0.00000000
vt 0.66693400 0.38102600
vt 0.66693400 0.38102600
vt 0.00000000 0.00000000
vt 0.00000000 0.00000000
vt 0.66693400 0.38102600
vt 0.63933600 0.40702800
vt 0.00000000 0.00000000
vt 0.63933600 0.40702800
vt 0.00000000 0.00000000
vt 0.64063700 0.40615400
vt 0.00000000 0.00000000
vt 0.64063700 0.40615400
vt 0.00000000 0.00000000
vt 0.00000000 0.00000000
vt 0.62541400 0.42090800
vt 0.00000000 0.00000000
vt 0.62541400 0.42090800
vt 0.00000000 0.00000000
vt 0.00000000 0.00000000
vt 0.62445500 0.42172100
vt 0.62445500 0.42172100
vt 0.62199400 0.42343000
vt 0.00000000 0.00000000
vt 0.00000000 0.00000000
vt 0.62199400 0.42343000
vt 0.00000000 0.00000000
vt 0.00000000 0.00000000
vt 0.63473700 0.41249300
vt 0.00000000 0.00000000
vt 0.61851100 0.42770100
vt 0.61851100 0.42770100
vt 0.61851100 0.42770100
vt 0.00000000 0.00000000
vt 0.00000000 0.00000000
vt 0.00000000 0.00000000
vt 0.00000000 0.00000000
vt 0.60920300 0.44052900
vt 0.60920300 0.44052900
vt 0.00000000 0.00000000
vt 0.67368500 0.36378000
vt 0.00000000 0.00000000
vt 0.00000000 0.00000000
vt 0.67368500 0.36378000
vt 0.00000000 0.00000000
vt 0.67297500 0.36481600
vt 0.00000000 0.00000000
vt 0.00000000 0.00000000
vt 0.67297500 0.36481600
vt 0.67297500 0.36481600
vt 0.67104100 0.36721000
vt 0.67104100 0.36721000
vt 0.00000000 0.00000000
vt 0.67104100 0.36721000
vt 0.56575800 0.49696000
vt 0.00000000 0.00000000
vt 0.56575800 0.49696000
vt 0.00000000 0.00000000
vt 0.56469900 0.49822000
vt 0.00000000 0.00000000
vt 0.56469900 0.49822000
vt 0.00000000 0.00000000
vt 0.56704500 0.49483800
vt 0.00000000 0.00000000
vt 0.56704500 0.49483800
vt 0.00000000 0.00000000
vt 0.00000000 0.00000000
vt 0.00000000 0.00000000
vt 0.00000000 0.00000000
vt 0.56236000 0.50088900
vt 0.56236000 0.50088900
vt 0.00000000 0.00000000
vt 0.00000000 0.00000000
vt 0.15973500 0.67740000
vt 0.00000000 0.00000000
vt 0.00000000 0.00000000
vt 0.15973500 0.67740000
vt 0.00000000 0.00000000
vt 0.00000000 0.00000000
vt 0.14331900 0.65609700
vt 0.14331900 0.65609700
vt 0.14805700 0.66450000
vt 0.14805700 0.66450000
vt 0.14805700 0.66450000
vt 0.00000000 0.00000000
vt 0.00000000 0.00000000
vt 0.00000000 0.00000000
vt 0.00000000 0.00000000
vt 0.14978900 0.66640400
vt 0.14978900 0.66640400
vt 0.00000000 0.00000000
vt 0.13886400 0.64738000
vt 0.13886400 0.64738000
vt 0.13886400 0.64738000
vt 0.00000000 0.00000000
vt 0.00000000 0.00000000
vt 0.00000000 0.00000000
vt 0.14230100 0.65406400
vt 0.14230100 0.65406400
vt 0.00000000 0.00000000
vt 0.00000000 0.00000000
vt 0.00000000 0.00000000
vt 0.15110700 0.66787200
vt 0.15110700 0.66787200
vt 0.66816400 0.37795300
vt 0.00000000 0.00000000
vt 0.66857500 0.37700400
vt 0.66857500 0.37700400
vt 0.66857500 0.37700400
vt 0.66857500 0.37700400
vt 0.66783500 0.37880100
vt 0.66783500 0.37880100
vt 0.00000000 0.00000000
vt 0.00000000 0.00000000
vt 0.66783500 0.37880100
vt 0.00000000 0.00000000
vt 0.67094400 0.36741500
vt 0.67043900 0.37190400
vt 0.00000000 0.00000000
vt 0.00000000 0.00000000
vt 0.67068600 0.37039800
vt 0.00000000 0.00000000
vt 0.67068600 0.37039800
vt 0.00000000 0.00000000
vt 0.67068600 0.37039800
vt 0.00000000 0.00000000
vt 0.67068600 0.37039800
vt 0.00000000 0.00000000
vt 0.00000000 0.00000000
vt 0.00000000 0.00000000
vt 0.67010300 0.37416500
vt 0.00000000 0.00000000
vt 0.67010300 0.37416500
vt 0.67023700 0.44520600
vt 0.00000000 0.00000000
vt 0.67023700 0.44520600
vt 0.00000000 0.00000000
vt 0.00000000 0.00000000
vt 0.67918900 0.43833900
vt 0.00000000 0.00000000
vt 0.67918900 0.43833900
vt 0.00000000 0.00000000
vt 0.68489700 0.43377900
vt 0.68489700 0.43377900
vt 0.00000000 0.00000000
vt 0.00000000 0.00000000
vt 0.00000000 0.00000000
vt 0.44181600 0.68239200
vt 0.00000000 0.00000000
vt 0.00000000 0.00000000
vt 0.44181600 0.68239200
vt 0.44916100 0.67095800
vt 0.00000000 0.00000000
vt 0.44916100 0.67095800
vt 0.00000000 0.00000000
vt 0.44916100 0.67095800
vt 0.00000000 0.00000000
vt 0.44572900 0.67303300
vt 0.00000000 0.00000000
vt 0.44572900 0.67303300
vt 0.00000000 0.00000000
vt 0.65902500 0.45295500
vt 0.00000000 0.00000000
vt 0.65902500 0.45295500
vt 0.65902500 0.45295500
vt 0.00000000 0.00000000
vt 0.66098600 0.44944200
vt 0.66098600 0.44944200
vt 0.00000000 0.00000000
vt 0.00000000 0.00000000
vt 0.00000000 0.00000000
vt 0.58482700 0.55829400
vt 0.58482700 0.55829400
vt 0.59102600 0.54954600
vt 0.00000000 0.00000000
vt 0.00000000 0.00000000
vt 0.59102600 0.54954600
vt 0.59102600 0.54954600
vt 0.58422900 0.55920100
vt 0.58422900 0.55920100
vt 0.00000000 0.00000000
vt 0.00000000 0.00000000
vt 0.00000000 0.00000000
vt 0.58389900 0.56046500
vt 0.58389900 0.56046500
vt 0.00000000 0.00000000
vt 0.00000000 0.00000000
vt 0.59439700 0.54050800
vt 0.59439700 0.54050800
vt 0.00000000 0.00000000
vt 0.59439700 0.54050800
vt 0.59658800 0.53795300
vt 0.59658800 0.53795300
vt 0.00000000 0.00000000
vt 0.00000000 0.00000000
vt 0.00000000 0.00000000
vt 0.00000000 0.00000000
vt 0.00000000 0.00000000
vt 0.60460700 0.52880100
vt 0.60460700 0.52880100
vt 0.00000000 0.00000000
vt 0.00000000 0.00000000
vt 0.59416500 0.54209000
vt 0.00000000 0.00000000
vt 0.00000000 0.00000000
vt 0.59425600 0.54145000
vt 0.59425600 0.54145000
vt 0.59425600 0.54145000
vt 0.00000000 0.00000000
vt 0.00000000 0.00000000
vt 0.00000000 0.00000000
vt 0.58038200 0.56651300
vt 0.00000000 0.00000000
vt 0.58038200 0.56651300
vt 0.00000000 0.00000000
vt 0.57185300 0.57521500
vt 0.57185300 0.57521500
vt 0.00000000 0.00000000
vt 0.00000000 0.00000000
vt 0.00000000 0.00000000
vt 0.00000000 0.00000000
vt 0.56775500 0.57948600
vt 0.00000000 0.00000000
vt 0.56775500 0.57948600
vt 0.00000000 0.00000000
vt 0.56934300 0.57691300
vt 0.56934300 0.57691300
vt 0.55943500 0.58834500
vt 0.55943500 0.58834500
vt 0.00000000 0.00000000
vt 0.00000000 0.00000000
vt 0.00000000 0.00000000
vt 0.00000000 0.00000000
vt 0.00000000 0.00000000
vt 0.55355200 0.59209600
vt 0.00000000 0.00000000
vt 0.55355200 0.59209600
vt 0.00000000 0.00000000
vt 0.55142600 0.59310600
vt 0.00000000 0.00000000
vt 0.55142600 0.59310600
vt 0.54295200 0.59962800
vt 0.00000000 0.00000000
vt 0.00000000 0.00000000
vt 0.54295200 0.59962800
vt 0.55230600 0.59247500
vt 0.00000000 0.00000000
vt 0.55230600 0.59247500
vt 0.53564600 0.60304600
vt 0.53564600 0.60304600
vt 0.00000000 0.00000000
vt 0.00000000 0.00000000
vt 0.00000000 0.00000000
vt 0.00000000 0.00000000
vt 0.53407900 0.60333800
vt 0.53407900 0.60333800
vt 0.53407900 0.60333800
vt 0.00000000 0.00000000
vt 0.53161500 0.60561900
vt 0.00000000 0.00000000
vt 0.00000000 0.00000000
vt 0.53161500 0.60561900
vt 0.00000000 0.00000000
vt 0.52279900 0.61396300
vt 0.00000000 0.00000000
vt 0.00000000 0.00000000
vt 0.52279900 0.61396300
vt 0.00000000 0.00000000
vt 0.00000000 0.00000000
vt 0.53501200 0.60316100
vt 0.53501200 0.60316100
vt 0.63315800 0.48948800
vt 0.00000000 0.00000000
vt 0.00000000 0.00000000
vt 0.00000000 0.00000000
vt 0.63315800 0.48948800
vt 0.63530900 0.48695300
vt 0.00000000 0.00000000
vt 0.63530900 0.48695300
vt 0.00000000 0.00000000
vt 0.00000000 0.00000000
vt 0.63196800 0.49089800
vt 0.63196800 0.49089800
vt 0.00000000 0.00000000
vt 0.00000000 0.00000000
vt 0.63439900 0.48791300
vt 0.00000000 0.00000000
vt 0.63439900 0.48791300
vt 0.00000000 0.00000000
vt 0.61969300 0.50343000
vt 0.00000000 0.00000000
vt 0.62148000 0.50154100
vt 0.62148000 0.50154100
vt 0.00000000 0.00000000
vt 0.62148000 0.50154100
vt 0.62148000 0.50154100
vt 0.62148000 0.50154100
vt 0.00000000 0.00000000
vt 0.00000000 0.00000000
vt 0.61350200 0.51299500
vt 0.00000000 0.00000000
vt 0.61350200 0.51299500
vt 0.61350200 0.51299500
vt 0.00000000 0.00000000
vt 0.61273500 0.51516700
vt 0.61273500 0.51516700
vt 0.00000000 0.00000000
vt 0.00000000 0.00000000
vt 0.61626700 0.50577200
vt 0.61626700 0.50577200
vt 0.00000000 0.00000000
vt 0.61626700 0.50577200
vt 0.00000000 0.00000000
vt 0.61708100 0.50518600
vt 0.61708100 0.50518600
vt 0.61708100 0.50518600
vt 0.00000000 0.00000000
vt 0.00000000 0.00000000
vt 0.00000000 0.00000000
vt 0.60712000 0.52398900
vt 0.60712000 0.52398900
vt 0.60680700 0.52460000
vt 0.00000000 0.00000000
vt 0.00000000 0.00000000
vt 0.60680700 0.52460000
vt 0.00000000 0.00000000
vt 0.00000000 0.00000000
vt 0.64672800 0.46827000
vt 0.00000000 0.00000000
vt 0.00000000 0.00000000
vt 0.64624600 0.46884700
vt 0.64624600 0.46884700
vt 0.64432500 0.47425300
vt 0.00000000 0.00000000
vt 0.00000000 0.00000000
vt 0.00000000 0.00000000
vt 0.64432500 0.47425300
vt 0.00000000 0.00000000
vt 0.00000000 0.00000000
vt 0.64179700 0.47873900
vt 0.64179700 0.47873900
vt 0.64179700 0.47873900
vt 0.47425400 0.65288600
vt 0.47425400 0.65288600
vt 0.00000000 0.00000000
vt 0.47425400 0.65288600
vt 0.00000000 0.00000000
vt 0.00000000 0.00000000
vt 0.46987300 0.65556700
vt 0.00000000 0.00000000
vt 0.46987300 0.65556700
vt 0.00000000 0.00000000
vt 0.50951100 0.62257700
vt 0.00000000 0.00000000
vt 0.00000000 0.00000000
vt 0.50951100 0.62257700
vt 0.51809700 0.61665000
vt 0.00000000 0.00000000
vt 0.51809700 0.61665000
vt 0.00000000 0.00000000
vt 0.51869500 0.61631500
vt 0.51869500 0.61631500
vt 0.00000000 0.00000000
vt 0.00000000 0.00000000
vt 0.48221000 0.64612400
vt 0.48221000 0.64612400
vt 0.00000000 0.00000000
vt 0.00000000 0.00000000
vt 0.00000000 0.00000000
vt 0.00000000 0.00000000
vt 0.00000000 0.00000000
vt 0.00000000 0.00000000
vt 0.48466100 0.64388800
vt 0.48466100 0.64388800
vt 0.48602400 0.64265000
vt 0.00000000 0.00000000
vt 0.00000000 0.00000000
vt 0.48602400 0.64265000
vt 0.00000000 0.00000000
vt 0.48313500 0.64518200
vt 0.48313500 0.64518200
vt 0.00000000 0.00000000
vt 0.00000000 0.00000000
vt 0.49806900 0.62994900
vt 0.49625200 0.63180000
vt 0.00000000 0.00000000
vt 0.00000000 0.00000000
vt 0.49625200 0.63180000
vt 0.49625200 0.63180000
vt 0.49625200 0.63180000
vt 0.49625200 0.63180000
vt 0.49625200 0.63180000
vt 0.50737500 0.62342200
vt 0.50737500 0.62342200
vt 0.50737500 0.62342200
vt 0.00000000 0.00000000
vt 0.00000000 0.00000000
vt 0.50027900 0.62644800
vt 0.50027900 0.62644800
vt 0.50027900 0.62644800
vt 0.00000000 0.00000000
vt 0.00000000 0.00000000
vt 0.50027900 0.62644800
vt 0.49972400 0.62728000
vt 0.49972400 0.62728000
vt 0.00000000 0.00000000
vt 0.00000000 0.00000000
vt 0.46399500 0.65817300
vt 0.00000000 0.00000000
vt 0.00000000 0.00000000
vt 0.00000000 0.00000000
vt 0.46455400 0.65767300
vt 0.00000000 0.00000000
vt 0.46455400 0.65767300
vt 0.00000000 0.00000000
vt 0.43526900 0.69153700
vt 0.00000000 0.00000000
vt 0.43526900 0.69153700
vt 0.00000000 0.00000000
vt 0.43091100 0.69737700
vt 0.00000000 0.00000000
vt 0.43091100 0.69737700
vt 0.00000000 0.00000000
vt 0.68493800 0.43373300
vt 0.00000000 0.00000000
vt 0.68493800 0.43373300
vt 0.00000000 0.00000000
vt 0.00000000 0.00000000
vt 0.68979900 0.43299400
vt 0.68979900 0.43299400
vt 0.68979900 0.43299400
vt 0.00000000 0.00000000
vt 0.68994100 0.43294800
vt 0.00000000 0.00000000
vt 0.00000000 0.00000000
vt 0.70636300 0.42276500
vt 0.00000000 0.00000000
vt 0.00000000 0.00000000
vt 0.70636300 0.42276500
vt 0.00000000 0.00000000
vt 0.00000000 0.00000000
vt 0.00000000 0.00000000
vt 0.00000000 0.00000000
vt 0.69980600 0.42753800
vt 0.69980600 0.42753800
vt 0.69980600 0.42753800
vt 0.00000000 0.00000000
vt 0.00000000 0.00000000
vt 0.00000000 0.00000000
vt 0.68786400 0.07503600
vt 0.00000000 0.00000000
vt 0.68786400 0.07503600
vt 0.00000000 0.00000000
vt 0.00000000 0.00000000
vt 0.64436900 0.06795400
vt 0.00000000 0.00000000
vt 0.64436900 0.06795400
vt 0.00000000 0.00000000
vt 0.64375300 0.06834500
vt 0.64375300 0.06834500
vt 0.64375300 0.06834500
vt 0.00000000 0.00000000
vt 0.00000000 0.00000000
vt 0.00000000 0.00000000
vt 0.65238000 0.06339000
vt 0.68594400 0.06798500
vt 0.00000000 0.00000000
vt 0.00000000 0.00000000
vt 0.68439800 0.07163200
vt 0.68439800 0.07163200
vt 0.68641200 0.06939000
vt 0.68641200 0.06939000
vt 0.68641200 0.06939000
vt 0.00000000 0.00000000
vt 0.00000000 0.00000000
vt 0.00000000 0.00000000
vt 0.70665300 0.08517200
vt 0.00000000 0.00000000
vt 0.00000000 0.00000000
vt 0.00000000 0.00000000
vt 0.00000000 0.00000000
vt 0.70665300 0.08517200
vt 0.00000000 0.00000000
vt 0.00000000 0.00000000
vt 0.70452100 0.08335100
vt 0.70452100 0.08335100
vt 0.70452100 0.08335100
vt 0.00000000 0.00000000
vt 0.00000000 0.00000000
vt 0.00000000 0.00000000
vt 0.00000000 0.00000000
vt 0.62883900 0.07424500
vt 0.00000000 0.00000000
vt 0.00000000 0.00000000
vt 0.62883900 0.07424500
vt 0.62883900 0.07424500
vt 0.00000000 0.00000000
vt 0.00000000 0.00000000
vt 0.00000000 0.00000000
vt 0.62792200 0.07464500
vt 0.00000000 0.00000000
vt 0.69653300 0.07982300
vt 0.69653300 0.07982300
vt 0.00000000 0.00000000
vt 0.69653300 0.07982300
vt 0.00000000 0.00000000
vt 0.69065900 0.07669600
vt 0.69065900 0.07669600
vt 0.00000000 0.00000000
vt 0.00000000 0.00000000
vt 0.00000000 0.00000000
vt 0.00000000 0.00000000
vt 0.69262800 0.07785600
vt 0.69262800 0.07785600
vt 0.71293300 0.41761900
vt 0.00000000 0.00000000
vt 0.60556300 0.07997500
vt 0.00000000 0.00000000
vt 0.00000000 0.00000000
vt 0.70971600 0.08690800
vt 0.70971600 0.08690800
vt 0.00000000 0.00000000
vt 0.00000000 0.00000000
vt 0.00000000 0.00000000
vt 0.00000000 0.00000000
vt 0.00000000 0.00000000
vt 0.00000000 0.00000000
vt 0.70873300 0.08653000
vt 0.70873300 0.08653000
vt 0.00000000 0.00000000
vt 0.60964800 0.07906200
vt 0.60964800 0.07906200
vt 0.00000000 0.00000000
vt 0.00000000 0.00000000
vt 0.60964800 0.07906200
vt 0.70887700 0.42051700
vt 0.00000000 0.00000000
vt 0.00000000 0.00000000
vt 0.70887700 0.42051700
vt 0.70887700 0.42051700
vt 0.00000000 0.00000000
vt 0.61449600 0.07813500
vt 0.00000000 0.00000000
vt 0.00000000 0.00000000
vt 0.00000000 0.00000000
vt 0.00000000 0.00000000
vt 0.61454800 0.07813600
vt 0.61454800 0.07813600
vt 0.61454800 0.07813600
vt 0.61454800 0.07813600
vt 0.00000000 0.00000000
vt 0.61468900 0.07807700
vt 0.61468900 0.07807700
vt 0.00000000 0.00000000
vt 0.61468900 0.07807700
vt 0.00000000 0.00000000
vt 0.00000000 0.00000000
vt 0.62611200 0.07515400
vt 0.00000000 0.00000000
vt 0.62611200 0.07515400
vt 0.62611200 0.07515400
vt 0.00000000 0.00000000
vt 0.00000000 0.00000000
vt 0.70795500 0.42103900
vt 0.70795500 0.42103900
vt 0.00000000 0.00000000
vt 0.71355800 0.08798200
vt 0.71355800 0.08798200
vt 0.71355800 0.08798200
vt 0.00000000 0.00000000
vt 0.71412800 0.08818900
vt 0.71412800 0.08818900
vt 0.00000000 0.00000000
vt 0.00000000 0.00000000
vt 0.00000000 0.00000000
vt 0.71105800 0.08721300
vt 0.71105800 0.08721300
vt 0.00000000 0.00000000
vt 0.00000000 0.00000000
vt 0.71198200 0.08743600
vt 0.71198200 0.08743600
vt 0.00000000 0.00000000
vt 0.00000000 0.00000000
vt 0.00000000 0.00000000
vt 0.00000000 0.00000000
vt 0.73064500 0.39967500
vt 0.73064500 0.39967500
vt 0.00000000 0.00000000
vt 0.00000000 0.00000000
vt 0.73273300 0.39667200
vt 0.73273300 0.39667200
vt 0.00000000 0.00000000
vt 0.00000000 0.00000000
vt 0.00000000 0.00000000
vt 0.72901100 0.40240200
vt 0.72901100 0.40240200
vt 0.00000000 0.00000000
vt 0.71649600 0.08883500
vt 0.00000000 0.00000000
vt 0.71649600 0.08883500
vt 0.72300200 0.41020900
vt 0.72300200 0.41020900
vt 0.00000000 0.00000000
vt 0.00000000 0.00000000
vt 0.71922800 0.08953700
vt 0.71922800 0.08953700
vt 0.71833100 0.08930600
vt 0.71833100 0.08930600
vt 0.00000000 0.00000000
vt 0.39527900 0.74616300
vt 0.40091000 0.74231000
vt 0.00000000 0.00000000
vt 0.40091000 0.74231000
vt 0.00000000 0.00000000
vt 0.00000000 0.00000000
vt 0.39822700 0.74400600
vt 0.00000000 0.00000000
vt 0.39822700 0.74400600
vt 0.00000000 0.00000000
vt 0.45470100 0.09113300
vt 0.45470100 0.09113300
vt 0.45470100 0.09113300
vt 0.45470100 0.09113300
vt 0.00000000 0.00000000
vt 0.00000000 0.00000000
vt 0.00000000 0.00000000
vt 0.45155500 0.09188200
vt 0.45155600 0.09188200
vt 0.00000000 0.00000000
vt 0.00000000 0.00000000
vt 0.44803800 0.09267000
vt 0.00000000 0.00000000
vt 0.44803800 0.09267000
vt 0.40855800 0.73612300
vt 0.00000000 0.00000000
vt 0.40855800 0.73612300
vt 0.00000000 0.00000000
vt 0.44917100 0.09241500
vt 0.44917100 0.09241500
vt 0.00000000 0.00000000
vt 0.46033700 0.08958700
vt 0.00000000 0.00000000
vt 0.00000000 0.00000000
vt 0.46033700 0.08958700
vt 0.45866600 0.08996600
vt 0.45866600 0.08996600
vt 0.00000000 0.00000000
vt 0.00000000 0.00000000
vt 0.45751300 0.09024700
vt 0.00000000 0.00000000
vt 0.00000000 0.00000000
vt 0.45751300 0.09024700
vt 0.45751300 0.09024700
vt 0.45545000 0.09088900
vt 0.00000000 0.00000000
vt 0.00000000 0.00000000
vt 0.00000000 0.00000000
vt 0.46430900 0.08747300
vt 0.00000000 0.00000000
vt 0.00000000 0.00000000
vt 0.46430900 0.08747300
vt 0.00000000 0.00000000
vt 0.00000000 0.00000000
vt 0.46716900 0.08528500
vt 0.00000000 0.00000000
vt 0.46716900 0.08528500
vt 0.00000000 0.00000000
vt 0.46716900 0.08528500
vt 0.54602200 0.08247000
vt 0.54602200 0.08247000
vt 0.00000000 0.00000000
vt 0.00000000 0.00000000
vt 0.00000000 0.00000000
vt 0.54525700 0.08206100
vt 0.00000000 0.00000000
vt 0.54525700 0.08206100
vt 0.00000000 0.00000000
vt 0.00000000 0.00000000
vt 0.00000000 0.00000000
vt 0.47715200 0.08163000
vt 0.00000000 0.00000000
vt 0.47715200 0.08163000
vt 0.47715200 0.08163000
vt 0.00000000 0.00000000
vt 0.00000000 0.00000000
vt 0.48441100 0.07850800
vt 0.48441100 0.07850800
vt 0.00000000 0.00000000
vt 0.48206900 0.07969400
vt 0.00000000 0.00000000
vt 0.00000000 0.00000000
vt 0.48206900 0.07969400
vt 0.00000000 0.00000000
vt 0.00000000 0.00000000
vt 0.00000000 0.00000000
vt 0.53277500 0.07567400
vt 0.53277500 0.07567400
vt 0.53277500 0.07567400
vt 0.00000000 0.00000000
vt 0.00000000 0.00000000
vt 0.00000000 0.00000000
vt 0.48773000 0.07687700
vt 0.00000000 0.00000000
vt 0.48773000 0.07687700
vt 0.00000000 0.00000000
vt 0.56416600 0.08809900
vt 0.41565300 0.72578200
vt 0.00000000 0.00000000
vt 0.00000000 0.00000000
vt 0.00000000 0.00000000
vt 0.41842900 0.72166700
vt 0.41842900 0.72166700
vt 0.00000000 0.00000000
vt 0.41842900 0.72166700
vt 0.00000000 0.00000000
vt 0.56111500 0.08719900
vt 0.00000000 0.00000000
vt 0.56111500 0.08719900
vt 0.00000000 0.00000000
vt 0.00000000 0.00000000
vt 0.46155800 0.08911500
vt 0.00000000 0.00000000
vt 0.46155800 0.08911500
vt 0.42059500 0.71909700
vt 0.42059500 0.71909700
vt 0.00000000 0.00000000
vt 0.00000000 0.00000000
vt 0.00000000 0.00000000
vt 0.00000000 0.00000000
vt 0.41892400 0.72073600
vt 0.41892400 0.72073600
vt 0.54754900 0.08302700
vt 0.00000000 0.00000000
vt 0.54754900 0.08302700
vt 0.00000000 0.00000000
vt 0.00000000 0.00000000
vt 0.55686100 0.08610600
vt 0.55686100 0.08610600
vt 0.00000000 0.00000000
vt 0.55690300 0.08610800
vt 0.55690300 0.08610800
vt 0.55690300 0.08610800
vt 0.00000000 0.00000000
vt 0.55674400 0.08605300
vt 0.55674400 0.08605300
vt 0.00000000 0.00000000
vt 0.55674400 0.08605300
vt 0.00000000 0.00000000
vt 0.00000000 0.00000000
vt 0.00000000 0.00000000
vt 0.00000000 0.00000000
vt 0.42515200 0.71241900
vt 0.00000000 0.00000000
vt 0.42515200 0.71241900
vt 0.42515200 0.71241900
vt 0.00000000 0.00000000
vt 0.00000000 0.00000000
vt 0.00000000 0.00000000
vt 0.43023900 0.70242700
vt 0.00000000 0.00000000
vt 0.00000000 0.00000000
vt 0.53226800 0.07527500
vt 0.00000000 0.00000000
vt 0.53226800 0.07527500
vt 0.49191900 0.07340600
vt 0.49191900 0.07340600
vt 0.00000000 0.00000000
vt 0.52521400 0.07040100
vt 0.00000000 0.00000000
vt 0.49064100 0.06900600
vt 0.48992700 0.07055500
vt 0.00000000 0.00000000
vt 0.00000000 0.00000000
vt 0.48992700 0.07055500
vt 0.48992700 0.07055500
vt 0.00000000 0.00000000
vt 0.43028100 0.70228400
vt 0.00000000 0.00000000
vt 0.00000000 0.00000000
vt 0.00000000 0.00000000
vt 0.43028100 0.70228400
vt 0.43086600 0.69742000
vt 0.00000000 0.00000000
vt 0.43086600 0.69742000
f 1/1 72/72 193/193
f 266/266 1752/1752 1753/1753
f 210/210 1774/1774 1770/1770
f 3/3 194/194 281/281
f 1781/1781 268/268 1776/1776
f 311/311 364/364 21/21
f 385/385 37/37 335/335
f 1785/1785 1790/1790 386/386
f 350/350 1817/1817 1809/1809
f 1816/1816 387/387 1791/1791
f 391/391 351/351 36/36
f 1797/1797 417/417 1826/1826
f 1828/1828 413/413 1834/1834
f 412/412 430/430 1835/1835
f 431/431 1845/1845 1836/1836
f 429/429 1851/1851 1846/1846
f 411/411 388/388 338/338
f 340/340 326/326 415/415
f 414/414 325/325 432/432
f 324/324 322/322 433/433
f 363/363 434/434 317/317
f 362/362 318/318 22/22
f 366/366 1859/1859 1853/1853
f 365/365 1866/1866 1858/1858
f 1878/1878 1873/1873 1883/1883
f 1889/1889 482/482 1900/1900
f 1923/1923 1928/1928 480/480
f 1934/1934 1919/1919 348/348
f 1950/1950 1945/1945 1944/1944
f 258/258 1951/1951 267/267
f 259/259 1893/1893 1953/1953
f 262/262 247/247 481/481
f 347/347 483/483 246/246
f 33/33 354/354 250/250
f 297/297 339/339 35/35
f 293/293 503/503 298/298
f 280/280 522/522 292/292
f 300/300 507/507 336/336
f 504/504 323/323 337/337
f 291/291 521/521 502/502
f 523/523 535/535 505/505
f 506/506 530/530 327/327
f 531/531 319/319 328/328
f 279/279 191/191 518/518
f 189/189 184/184 519/519
f 520/520 186/186 532/532
f 185/185 172/172 533/533
f 534/534 176/176 320/320
f 171/171 24/24 321/321
f 25/25 231/231 310/310
f 227/227 546/546 229/229
f 1967/1967 222/222 203/203
f 315/315 228/228 544/544
f 1975/1975 1978/1978 309/309
f 226/226 1982/1982 542/542
f 540/540 1985/1985 1992/1992
f 539/539 1997/1997 2021/2021
f 207/207 1768/1768 2024/2024
f 249/249 301/301 34/34
f 261/261 582/582 248/248
f 269/269 593/593 260/260
f 245/245 577/577 299/299
f 578/578 296/296 302/302
f 263/263 591/591 579/579
f 594/594 606/606 580/580
f 581/581 604/604 294/294
f 603/603 284/284 295/295
f 589/589 264/264 147/147
f 590/590 146/146 137/137
f 602/602 592/592 133/133
f 601/601 136/136 113/113
f 283/283 605/605 111/111
f 109/109 4/4 282/282
f 175/175 232/232 23/23
f 183/183 611/611 173/173
f 192/192 623/623 188/188
f 174/174 607/607 233/233
f 612/612 224/224 230/230
f 187/187 622/622 608/608
f 619/619 647/647 610/610
f 609/609 646/646 225/225
f 642/642 211/211 223/223
f 620/620 190/190 70/70
f 621/621 66/66 63/63
f 645/645 624/624 55/55
f 644/644 56/56 46/46
f 643/643 50/50 208/208
f 51/51 2036/2036 2032/2032
f 1760/1760 2042/2042 150/150
f 148/148 2047/2047 2050/2050
f 2056/2056 2055/2055 129/129
f 2066/2066 2068/2068 2090/2090
f 2125/2125 2126/2126 2073/2073
f 2099/2099 2160/2160 2172/2172
f 2197/2197 2185/2185 128/128
f 38/38 2199/2199 2204/2204
f 110/110 2224/2224 2218/2218
f 5/5 107/107 39/39
f 69/69 2/2 40/40
f 41/41 2207/2207 2232/2232
f 65/65 2247/2247 2252/2252
f 2270/2270 2266/2266 59/59
f 2296/2296 2306/2306 2309/2309
f 2358/2358 2334/2334 2363/2363
f 60/60 2341/2341 2371/2371
f 2375/2375 2320/2320 2391/2391
f 48/48 2373/2373 2394/2394
f 2393/2393 2034/2034 47/47
f 511/511 371/371 2008/2008
f 369/369 1977/1977 1974/1974
f 1990/1990 87/87 2005/2005
f 2014/2014 2019/2019 2000/2000
f 1959/1959 1966/1966 93/93
f 98/98 144/144 88/88
f 1188/1188 1196/1196 106/106
f 145/145 1203/1203 1210/1210
f 1860/1860 1865/1865 395/395
f 1844/1844 1852/1852 392/392
f 401/401 488/488 425/425
f 1872/1872 492/492 1885/1885
f 501/501 1220/1220 1227/1227
f 1244/1244 1248/1248 493/493
f 100/100 1198/1198 1251/1251
f 651/651 676/676 641/641
f 663/663 637/637 656/656
f 664/664 1261/1261 1260/1260
f 1278/1278 1262/1262 655/655
f 1288/1288 1292/1292 763/763
f 680/680 487/487 761/761
f 704/704 2345/2345 2327/2327
f 1769/1769 94/94 2023/2023
f 1766/1766 2031/2031 694/694
f 2396/2396 2374/2374 2367/2367
f 1307/1307 1317/1317 693/693
f 154/154 687/687 734/734
f 692/692 730/730 740/740
f 1318/1318 729/729 1313/1313
f 736/736 1329/1329 1328/1328
f 1345/1345 1348/1348 155/155
f 744/744 1356/1356 1355/1355
f 1362/1362 869/869 860/860
f 748/748 1353/1353 1383/1383
f 793/793 868/868 1363/1363
f 1387/1387 1392/1392 799/799
f 1365/1365 1384/1384 792/792
f 794/794 1393/1393 1407/1407
f 370/370 1882/1882 1976/1976
f 750/750 1870/1870 1877/1877
f 517/517 1417/1417 1414/1414
f 765/765 1230/1230 1429/1429
f 638/638 758/758 672/672
f 777/777 1436/1436 1435/1435
f 670/670 486/486 766/766
f 654/654 772/772 1446/1446
f 671/671 770/770 635/635
f 674/674 1291/1291 779/779
f 774/774 1457/1457 1438/1438
f 2228/2228 2233/2233 715/715
f 2353/2353 2362/2362 804/804
f 811/811 2256/2256 2260/2260
f 1152/1152 786/786 1145/1145
f 2357/2357 2352/2352 803/803
f 826/826 837/837 817/817
f 850/850 831/831 848/848
f 849/849 2385/2385 2386/2386
f 832/832 2284/2284 2291/2291
f 854/854 2298/2298 841/841
f 2383/2383 847/847 2379/2379
f 856/856 2319/2319 2301/2301
f 2360/2360 2349/2349 830/830
f 2283/2283 2276/2276 813/813
f 1155/1155 815/815 810/810
f 711/711 1465/1465 1468/1468
f 723/723 867/867 797/797
f 893/893 1925/1925 1915/1915
f 870/870 1921/1921 1936/1936
f 900/900 1898/1898 1908/1908
f 1912/1912 1905/1905 1929/1929
f 1892/1892 1903/1903 896/896
f 902/902 910/910 899/899
f 1473/1473 1472/1472 884/884
f 1494/1494 1491/1491 907/907
f 1823/1823 1818/1818 1789/1789
f 1827/1827 1832/1832 419/419
f 949/949 927/927 426/426
f 939/939 953/953 1804/1804
f 1503/1503 1513/1513 940/940
f 1521/1521 1532/1532 952/952
f 886/886 1545/1545 1542/1542
f 966/966 649/649 965/965
f 668/668 962/962 652/652
f 667/667 1546/1546 972/972
f 1563/1563 1550/1550 971/971
f 1571/1571 1577/1577 981/981
f 969/969 948/948 418/418
f 992/992 2130/2130 2154/2154
f 1779/1779 1943/1943 913/913
f 1754/1754 1749/1749 1014/1014
f 2059/2059 2048/2048 2046/2046
f 1018/1018 1592/1592 1591/1591
f 998/998 1600/1600 1612/1612
f 918/918 1010/1010 912/912
f 1007/1007 1026/1026 1023/1023
f 1626/1626 1030/1030 1622/1622
f 1034/1034 1636/1636 1631/1631
f 919/919 1500/1500 1653/1653
f 1656/1656 1360/1360 741/741
f 1664/1664 742/742 1042/1042
f 875/875 1815/1815 1807/1807
f 1808/1808 955/955 874/874
f 891/891 1674/1674 1672/1672
f 983/983 1581/1581 1692/1692
f 959/959 984/984 967/967
f 1058/1058 1695/1695 1698/1698
f 1045/1045 944/944 987/987
f 978/978 1556/1556 1708/1708
f 1050/1050 1055/1055 1064/1064
f 1061/1061 1572/1572 1044/1044
f 1063/1063 1705/1705 1718/1718
f 2206/2206 2201/2201 722/722
f 2165/2165 1074/1074 2168/2168
f 1083/1083 2195/2195 2191/2191
f 1170/1170 1096/1096 1093/1093
f 1162/1162 1088/1088 1075/1075
f 1109/1109 1092/1092 1097/1097
f 1121/1121 1108/1108 1113/1113
f 1118/1118 2084/2084 2088/2088
f 2076/2076 2107/2107 1104/1104
f 1112/1112 2120/2120 1124/1124
f 2080/2080 2070/2070 1125/1125
f 1122/1122 2123/2123 2067/2067
f 1078/1078 1091/1091 1105/1105
f 2100/2100 1079/1079 2097/2097
f 2183/2183 1176/1176 2187/2187
f 1726/1726 1067/1067 1618/1618
f 1131/1131 1733/1733 1740/1740
f 717/717 1132/1132 1039/1039
f 1748/1748 1133/1133 1722/1722
f 1137/1137 781/781 2321/2321
f 1141/1141 823/823 1146/1146
f 820/820 1143/1143 822/822
f 2268/2268 2269/2269 2235/2235
f 1157/1157 2242/2242 2253/2253
f 2164/2164 2157/2157 2146/2146
f 988/988 1163/1163 2132/2132
f 1175/1175 991/991 1066/1066
f 2221/2221 2222/2222 1181/1181
f 1183/1183 1099/1099 1173/1173
f 6/6 178/178 73/73
f 8/8 275/275 182/182
f 1415/1415 18/18 1409/1409
f 410/410 360/360 29/29
f 681/681 1566/1566 1559/1559
f 404/404 1525/1525 1529/1529
f 1533/1533 405/405 1534/1534
f 26/26 1673/1673 1675/1675
f 1564/1564 684/684 1280/1280
f 441/441 1701/1701 1694/1694
f 403/403 1514/1514 455/455
f 1706/1706 1555/1555 1269/1269
f 1441/1441 439/439 1444/1444
f 1580/1580 1569/1569 438/438
f 437/437 467/467 458/458
f 436/436 1283/1283 1284/1284
f 469/469 1225/1225 1218/1218
f 460/460 357/357 406/406
f 463/463 344/344 356/356
f 468/468 343/343 459/459
f 464/464 332/332 345/345
f 381/381 330/330 470/470
f 377/377 17/17 334/334
f 1273/1273 1279/1279 683/683
f 378/378 1249/1249 1243/1243
f 379/379 1245/1245 1235/1235
f 252/252 1499/1499 1490/1490
f 251/251 1489/1489 1496/1496
f 1497/1497 1488/1488 239/239
f 1538/1538 242/242 1477/1477
f 1679/1679 27/27 241/241
f 308/308 28/28 361/361
f 287/287 304/304 524/524
f 274/274 286/286 553/553
f 303/303 359/359 525/525
f 526/526 358/358 346/346
f 290/290 527/527 550/550
f 548/548 528/528 557/557
f 529/529 341/341 555/555
f 554/554 342/342 331/331
f 278/278 549/549 179/179
f 180/180 551/551 167/167
f 552/552 558/558 170/170
f 166/166 559/559 161/161
f 556/556 329/329 159/159
f 160/160 333/333 16/16
f 15/15 1425/1425 218/218
f 1191/1191 1205/1205 215/215
f 195/195 1213/1213 1346/1346
f 217/217 1254/1254 1252/1252
f 196/196 1211/1211 1202/1202
f 30/30 307/307 238/238
f 235/235 561/561 257/257
f 1649/1649 573/573 1640/1640
f 240/240 305/305 563/563
f 564/564 306/306 285/285
f 565/565 571/571 253/253
f 562/562 588/588 570/570
f 560/560 288/288 587/587
f 586/586 289/289 276/276
f 569/569 1630/1630 1635/1635
f 1599/1599 1627/1627 572/572
f 1593/1593 585/585 1587/1587
f 1582/1582 117/117 1616/1616
f 273/273 122/122 584/584
f 124/124 277/277 7/7
f 20/20 214/214 162/162
f 169/169 163/163 597/597
f 177/177 165/165 618/618
f 164/164 213/213 600/600
f 212/212 202/202 599/599
f 168/168 598/598 617/617
f 596/596 631/631 613/613
f 198/198 632/632 595/595
f 634/634 197/197 1347/1347
f 614/614 77/77 181/181
f 80/80 1303/1303 1296/1296
f 616/616 1316/1316 1305/1305
f 1331/1331 1312/1312 633/633
f 625/625 1327/1327 1332/1332
f 116/116 1614/1614 1615/1615
f 1668/1668 1741/1741 1663/1663
f 118/118 1731/1731 1619/1619
f 11/11 1359/1359 1359/1359
f 1372/1372 1380/1380 1351/1351
f 1398/1398 78/78 1458/1458
f 1464/1464 79/79 1467/1467
f 685/685 1560/1560 1548/1548
f 1762/1762 149/149 1757/1757
f 151/151 271/271 1755/1755
f 204/204 1765/1765 1772/1772
f 1784/1784 1750/1750 272/272
f 386/386 1801/1801 1785/1785
f 1802/1802 1796/1796 1786/1786
f 1805/1805 1810/1810 1825/1825
f 1810/1810 1812/1812 355/355
f 1824/1824 1811/1811 1819/1819
f 1820/1820 349/349 389/389
f 1798/1798 390/390 416/416
f 1840/1840 1830/1830 1838/1838
f 1833/1833 412/412 1835/1835
f 428/428 367/367 1849/1849
f 1855/1855 1862/1862 1848/1848
f 1847/1847 366/366 1853/1853
f 368/368 316/316 1867/1867
f 1884/1884 1868/1868 1876/1876
f 1869/1869 314/314 1875/1875
f 313/313 1881/1881 1878/1878
f 1890/1890 1902/1902 1895/1895
f 474/474 1904/1904 1909/1909
f 472/472 1913/1913 1899/1899
f 1888/1888 1896/1896 479/479
f 1922/1922 1916/1916 473/473
f 1914/1914 1926/1926 475/475
f 1932/1932 1906/1906 476/476
f 477/477 348/348 1919/1919
f 352/352 1813/1813 1939/1939
f 1938/1938 1933/1933 353/353
f 1941/1941 1778/1778 265/265
f 270/270 1949/1949 1942/1942
f 258/258 1954/1954 1951/1951
f 259/259 478/478 1893/1893
f 1967/1967 1960/1960 222/222
f 1979/1979 1880/1880 312/312
f 312/312 543/543 1970/1970
f 1970/1970 1973/1973 312/312
f 226/226 1962/1962 1982/1982
f 1991/1991 2001/2001 547/547
f 2002/2002 1998/1998 541/541
f 545/545 1983/1983 1986/1986
f 1984/1984 1994/1994 1987/1987
f 2022/2022 2016/2016 538/538
f 2017/2017 2011/2011 537/537
f 2012/2012 1969/1969 536/536
f 2025/2025 2028/2028 1965/1965
f 1963/1963 206/206 2026/2026
f 2030/2030 1764/1764 205/205
f 209/209 52/52 2032/2032
f 1761/1761 2040/2040 2043/2043
f 131/131 152/152 2058/2058
f 153/153 2049/2049 2057/2057
f 2089/2089 2083/2083 2064/2064
f 2063/2063 2077/2077 2069/2069
f 2071/2071 2082/2082 2091/2091
f 2127/2127 2121/2121 2078/2078
f 2116/2116 2105/2105 2108/2108
f 2104/2104 2093/2093 2113/2113
f 2109/2109 2079/2079 2119/2119
f 2079/2079 2062/2062 2124/2124
f 2103/2103 2114/2114 2106/2106
f 2174/2174 2112/2112 2095/2095
f 2096/2096 2145/2145 2137/2137
f 132/132 2053/2053 2156/2156
f 2052/2052 2178/2178 2153/2153
f 2098/2098 2138/2138 2158/2158
f 2140/2140 130/130 2133/2133
f 2171/2171 2177/2177 2094/2094
f 134/134 2152/2152 2134/2134
f 2142/2142 2131/2131 2149/2149
f 2141/2141 2148/2148 2159/2159
f 2161/2161 2166/2166 2169/2169
f 2181/2181 2188/2188 135/135
f 2189/2189 114/114 128/128
f 126/126 2139/2139 2193/2193
f 127/127 2194/2194 2198/2198
f 45/45 2208/2208 2200/2200
f 2209/2209 42/42 2219/2219
f 42/42 108/108 2219/2219
f 112/112 2190/2190 2214/2214
f 110/110 2212/2212 2224/2224
f 2234/2234 2227/2227 43/43
f 2203/2203 2203/2203 2230/2230
f 2252/2252 2244/2244 65/65
f 2245/2245 2241/2241 68/68
f 71/71 44/44 2250/2250
f 44/44 2229/2229 2250/2250
f 2258/2258 58/58 2262/2262
f 59/59 67/67 2240/2240
f 2263/2263 54/54 2265/2265
f 2239/2239 2271/2271 62/62
f 2316/2316 2308/2308 2300/2300
f 2308/2308 2290/2290 2294/2294
f 2303/2303 2314/2314 2305/2305
f 2293/2293 2288/2288 2282/2282
f 2286/2286 2277/2277 2280/2280
f 2278/2278 2299/2299 2292/2292
f 2325/2325 2344/2344 2343/2343
f 57/57 2257/2257 2323/2323
f 2255/2255 2337/2337 2354/2354
f 2324/2324 2255/2255 2332/2332
f 2335/2335 2275/2275 2365/2365
f 2274/2274 2287/2287 2348/2348
f 2272/2272 2350/2350 2364/2364
f 2330/2330 2342/2342 61/61
f 2323/2323 2328/2328 57/57
f 2332/2332 2255/2255 2354/2354
f 2361/2361 2351/2351 2351/2351
f 2372/2372 53/53 2368/2368
f 49/49 64/64 2366/2366
f 2378/2378 2310/2310 2318/2318
f 2315/2315 2382/2382 2387/2387
f 2388/2388 2384/2384 2376/2376
f 2395/2395 2398/2398 2038/2038
f 2010/2010 2015/2015 515/515
f 2013/2013 104/104 516/516
f 1972/1972 1971/1971 376/376
f 1968/1968 2009/2009 375/375
f 1993/1993 1989/1989 85/85
f 2020/2020 1999/1999 2006/2006
f 2007/2007 86/86 139/139
f 141/141 103/103 2004/2004
f 102/102 2018/2018 2003/2003
f 1964/1964 2029/2029 97/97
f 99/99 90/90 1961/1961
f 91/91 1988/1988 1996/1996
f 1995/1995 1981/1981 90/90
f 1980/1980 1958/1958 89/89
f 92/92 157/157 138/138
f 1193/1193 1200/1200 105/105
f 101/101 143/143 1187/1187
f 143/143 1190/1190 1187/1187
f 1208/1208 1189/1189 142/142
f 140/140 158/158 1201/1201
f 158/158 1214/1214 1201/1201
f 1209/1209 1206/1206 138/138
f 1864/1864 1886/1886 396/396
f 397/397 1861/1861 1856/1856
f 1854/1854 1857/1857 398/398
f 1850/1850 1863/1863 394/394
f 399/399 427/427 1837/1837
f 424/424 1842/1842 1839/1839
f 1837/1837 1843/1843 399/399
f 393/393 496/496 485/485
f 752/752 499/499 1871/1871
f 492/492 400/400 1885/1885
f 1233/1233 491/491 494/494
f 495/495 1222/1222 1219/1219
f 1228/1228 1229/1229 498/498
f 1247/1247 1221/1221 497/497
f 500/500 757/757 1246/1246
f 753/753 1240/1240 1236/1236
f 754/754 1237/1237 1242/1242
f 1253/1253 1255/1255 509/509
f 510/510 100/100 1251/1251
f 653/653 423/423 678/678
f 666/666 648/648 636/636
f 664/664 658/658 1261/1261
f 1276/1276 1272/1272 1264/1264
f 659/659 1270/1270 1268/1268
f 1267/1267 1277/1277 660/660
f 1287/1287 1282/1282 1289/1289
f 677/677 422/422 490/490
f 2326/2326 2322/2322 788/788
f 785/785 707/707 2329/2329
f 1771/1771 1775/1775 688/688
f 691/691 95/95 1767/1767
f 94/94 2027/2027 2023/2023
f 2397/2397 695/695 2035/2035
f 694/694 690/690 1766/1766
f 2037/2037 701/701 2033/2033
f 686/686 1773/1773 1763/1763
f 2369/2369 2340/2340 712/712
f 2339/2339 2346/2346 702/702
f 703/703 699/699 2392/2392
f 2370/2370 703/703 2392/2392
f 699/699 2399/2399 2392/2392
f 1314/1314 1310/1310 728/728
f 728/728 700/700 1314/1314
f 698/698 710/710 1301/1301
f 1304/1304 697/697 1299/1299
f 706/706 1298/1298 1300/1300
f 154/154 96/96 687/687
f 689/689 696/696 732/732
f 1321/1321 1323/1323 731/731
f 1337/1337 1339/1339 738/738
f 736/736 733/733 1329/1329
f 733/733 1324/1324 1329/1329
f 1325/1325 1334/1334 735/735
f 1349/1349 1216/1216 156/156
f 155/155 739/739 1345/1345
f 737/737 1338/1338 1342/1342
f 749/749 1357/1357 1357/1357
f 864/864 1376/1376 1369/1369
f 1375/1375 1374/1374 1368/1368
f 1370/1370 1367/1367 861/861
f 1378/1378 865/865 1381/1381
f 859/859 713/713 746/746
f 1382/1382 862/862 747/747
f 1405/1405 1400/1400 790/790
f 1399/1399 1394/1394 798/798
f 1395/1395 787/787 800/800
f 372/372 1874/1874 1879/1879
f 1877/1877 373/373 750/750
f 374/374 508/508 751/751
f 1410/1410 1239/1239 756/756
f 755/755 513/513 1408/1408
f 514/514 1256/1256 1422/1422
f 512/512 1423/1423 1419/1419
f 1416/1416 1408/1408 513/513
f 1426/1426 1286/1286 762/762
f 764/764 484/484 1234/1234
f 639/639 679/679 759/759
f 1433/1433 1440/1440 769/769
f 767/767 776/776 1432/1432
f 675/675 760/760 489/489
f 1451/1451 1271/1271 657/657
f 662/662 640/640 771/771
f 768/768 1443/1443 1447/1447
f 1448/1448 1453/1453 661/661
f 673/673 775/775 773/773
f 763/763 1292/1292 669/669
f 1294/1294 1456/1456 778/778
f 2231/2231 2225/2225 727/727
f 716/716 789/789 2251/2251
f 2249/2249 2226/2226 714/714
f 2261/2261 2264/2264 809/809
f 808/808 2338/2338 2259/2259
f 1149/1149 791/791 780/780
f 806/806 1142/1142 2356/2356
f 1139/1139 2333/2333 2355/2355
f 825/825 827/827 842/842
f 855/855 843/843 836/836
f 2390/2390 2380/2380 857/857
f 852/852 844/844 2389/2389
f 2289/2289 2312/2312 828/828
f 2313/2313 2377/2377 846/846
f 833/833 2311/2311 845/845
f 834/834 2347/2347 2285/2285
f 2304/2304 2295/2295 858/858
f 2297/2297 2279/2279 840/840
f 2302/2302 2307/2307 851/851
f 853/853 2381/2381 2317/2317
f 824/824 801/801 829/829
f 805/805 2359/2359 835/835
f 2273/2273 2336/2336 807/807
f 812/812 816/816 839/839
f 838/838 2281/2281 807/807
f 1158/1158 1151/1151 818/818
f 705/705 783/783 1459/1459
f 784/784 1397/1397 1460/1460
f 708/708 1461/1461 1463/1463
f 1297/1297 1297/1297 709/709
f 725/725 863/863 866/866
f 1918/1918 871/871 888/888
f 889/889 882/882 1924/1924
f 1935/1935 1940/1940 877/877
f 876/876 1917/1917 1920/1920
f 898/898 1887/1887 1897/1897
f 1927/1927 879/879 1930/1930
f 879/879 906/906 1910/1910
f 1931/1931 878/878 1911/1911
f 909/909 901/901 1907/1907
f 1901/1901 1891/1891 897/897
f 896/896 914/914 1957/1957
f 915/915 1946/1946 1948/1948
f 1955/1955 917/917 1952/1952
f 1956/1956 1894/1894 895/895
f 904/904 922/922 911/911
f 1470/1470 1482/1482 908/908
f 908/908 883/883 1470/1470
f 880/880 1478/1478 1475/1475
f 1492/1492 1501/1501 921/921
f 921/921 905/905 1492/1492
f 903/903 1483/1483 1486/1486
f 904/904 1487/1487 1495/1495
f 1792/1792 1788/1788 931/931
f 1787/1787 1795/1795 932/932
f 924/924 1822/1822 1793/1793
f 1831/1831 1841/1841 421/421
f 419/419 928/928 1827/1827
f 930/930 1794/1794 1799/1799
f 1829/1829 925/925 1800/1800
f 947/947 938/938 929/929
f 1806/1806 1821/1821 936/936
f 1821/1821 926/926 936/936
f 1520/1520 935/935 1512/1512
f 933/933 950/950 1509/1509
f 1502/1502 937/937 1510/1510
f 1531/1531 1536/1536 954/954
f 958/958 942/942 1524/1524
f 934/934 1517/1517 1528/1528
f 941/941 1527/1527 1523/1523
f 1539/1539 1479/1479 881/881
f 881/881 885/885 1539/1539
f 968/968 420/420 650/650
f 665/665 976/976 964/964
f 667/667 1259/1259 1546/1546
f 1551/1551 1554/1554 977/977
f 974/974 1549/1549 1567/1567
f 1547/1547 1557/1557 1565/1565
f 1573/1573 1568/1568 1579/1579
f 970/970 985/985 943/943
f 2179/2179 1000/1000 2155/2155
f 997/997 995/995 2151/2151
f 1943/1943 1947/1947 913/913
f 916/916 1012/1012 1777/1777
f 1011/1011 1783/1783 1780/1780
f 1782/1782 1008/1008 1751/1751
f 1013/1013 1014/1014 1749/1749
f 1021/1021 2041/2041 1758/1758
f 1759/1759 1756/1756 1015/1015
f 2044/2044 2039/2039 1017/1017
f 1016/1016 1006/1006 2045/2045
f 1005/1005 2180/2180 2051/2051
f 2044/2044 1003/1003 2060/2060
f 2054/2054 2061/2061 1002/1002
f 1589/1589 1586/1586 1019/1019
f 1583/1583 1602/1602 1024/1024
f 1601/1601 999/999 1022/1022
f 1020/1020 1025/1025 1595/1595
f 1025/1025 1596/1596 1595/1595
f 1617/1617 996/996 1607/1607
f 993/993 1001/1001 1608/1608
f 1610/1610 1609/1609 1004/1004
f 1604/1604 1604/1604 1611/1611
f 918/918 1036/1036 1010/1010
f 1009/1009 1037/1037 1028/1028
f 1628/1628 1598/1598 1029/1029
f 1644/1644 1624/1624 1027/1027
f 1032/1032 1641/1641 1637/1637
f 1633/1633 1644/1644 1031/1031
f 1644/1644 1027/1027 1031/1031
f 1654/1654 1647/1647 920/920
f 1646/1646 1638/1638 1035/1035
f 923/923 1648/1648 1033/1033
f 1665/1665 1659/1659 743/743
f 745/745 726/726 1040/1040
f 1041/1041 1669/1669 1661/1661
f 873/873 1937/1937 1814/1814
f 1803/1803 955/955 1808/1808
f 956/956 894/894 872/872
f 1678/1678 1543/1543 892/892
f 890/890 957/957 1685/1685
f 951/951 1535/1535 1686/1686
f 1670/1670 1680/1680 887/887
f 890/890 1685/1685 1676/1676
f 1689/1689 1506/1506 979/979
f 1511/1511 946/946 982/982
f 961/961 1047/1047 986/986
f 1697/1697 1704/1704 1060/1060
f 1062/1062 1051/1051 1699/1699
f 1048/1048 980/980 945/945
f 1707/1707 1714/1714 1057/1057
f 1713/1713 1696/1696 1056/1056
f 1054/1054 960/960 973/973
f 1709/1709 1053/1053 975/975
f 1049/1049 963/963 1052/1052
f 1719/1719 1574/1574 1059/1059
f 1571/1571 981/981 1046/1046
f 2202/2202 2210/2210 718/718
f 2211/2211 2216/2216 720/720
f 2217/2217 1065/1065 721/721
f 724/724 2205/2205 2205/2205
f 2192/2192 2136/2136 1086/1086
f 2135/2135 2144/2144 1085/1085
f 1167/1167 1171/1171 1098/1098
f 1165/1165 1169/1169 1089/1089
f 1114/1114 1103/1103 1090/1090
f 1123/1123 1126/1126 1101/1101
f 2081/2081 1127/1127 2087/2087
f 1130/1130 1117/1117 2086/2086
f 2111/2111 2115/2115 2173/2173
f 2175/2175 1106/1106 2110/2110
f 1107/1107 1128/1128 2075/2075
f 1129/1129 2072/2072 2074/2074
f 2102/2102 2118/2118 1115/1115
f 2117/2117 2128/2128 1116/1116
f 2065/2065 2085/2085 1119/1119
f 1120/1120 2129/2129 2122/2122
f 1102/1102 2176/2176 2167/2167
f 2170/2170 1077/1077 1100/1100
f 2101/2101 1110/1110 1080/1080
f 1111/1111 1095/1095 1087/1087
f 1080/1080 2143/2143 2092/2092
f 2182/2182 2196/2196 1082/1082
f 1084/1084 1177/1177 2184/2184
f 1178/1178 2213/2213 2186/2186
f 1727/1727 1720/1720 1725/1725
f 1724/1724 1069/1069 1730/1730
f 1070/1070 994/994 1621/1621
f 1742/1742 1732/1732 1666/1666
f 1667/1667 1038/1038 1738/1738
f 1043/1043 1135/1135 1736/1736
f 719/719 1073/1073 1134/1134
f 1746/1746 1733/1733 1131/1131
f 1136/1136 1072/1072 1723/1723
f 2321/2321 2331/2331 1137/1137
f 1138/1138 1144/1144 782/782
f 1140/1140 802/802 821/821
f 819/819 1148/1148 1147/1147
f 2236/2236 2243/2243 1153/1153
f 1155/1155 810/810 2238/2238
f 814/814 2267/2267 2237/2237
f 2254/2254 2246/2246 1156/1156
f 2248/2248 795/795 1159/1159
f 796/796 1150/1150 1154/1154
f 2150/2150 1160/1160 2162/2162
f 1161/1161 1076/1076 2163/2163
f 1166/1166 1164/1164 989/989
f 1163/1163 2147/2147 2132/2132
f 1174/1174 1168/1168 990/990
f 2223/2223 2215/2215 1179/1179
f 1180/1180 1172/1172 1071/1071
f 1068/1068 2220/2220 1184/1184
f 1182/1182 1081/1081 1094/1094
f 1413/1413 1420/1420 14/14
f 18/18 380/380 1409/1409
f 1530/1530 1522/1522 407/407
f 408/408 1687/1687 1537/1537
f 1677/1677 1684/1684 32/32
f 1684/1684 409/409 32/32
f 1266/1266 1553/1553 1275/1275
f 1553/1553 1562/1562 1275/1275
f 1561/1561 682/682 682/682
f 1693/1693 1712/1712 449/449
f 1715/1715 1710/1710 450/450
f 403/403 1526/1526 1519/1519
f 1518/1518 1516/1516 402/402
f 1515/1515 1504/1504 457/457
f 1555/1555 1552/1552 1265/1265
f 1269/1269 1452/1452 1706/1706
f 1450/1450 453/453 1711/1711
f 1555/1555 1265/1265 1269/1269
f 1442/1442 1431/1431 454/454
f 452/452 1449/1449 1445/1445
f 1716/1716 1703/1703 451/451
f 1702/1702 1700/1700 448/448
f 462/462 1505/1505 1508/1508
f 461/461 1507/1507 1691/1691
f 1570/1570 1575/1575 440/440
f 1576/1576 1717/1717 448/448
f 456/456 1690/1690 435/435
f 1688/1688 1578/1578 447/447
f 1231/1231 1226/1226 471/471
f 442/442 1434/1434 1437/1437
f 1439/1439 1455/1455 443/443
f 1454/1454 1293/1293 436/436
f 1290/1290 1281/1281 444/444
f 1232/1232 466/466 1427/1427
f 465/465 445/445 1428/1428
f 1285/1285 1430/1430 446/446
f 1217/1217 1223/1223 382/382
f 1224/1224 1250/1250 383/383
f 384/384 469/469 1218/1218
f 1238/1238 1241/1241 1411/1411
f 1412/1412 379/379 1235/1235
f 255/255 1655/1655 1498/1498
f 1485/1485 1481/1481 244/244
f 1484/1484 1471/1471 243/243
f 1469/1469 1474/1474 236/236
f 243/243 254/254 1493/1493
f 1541/1541 1544/1544 1682/1682
f 1681/1681 237/237 1540/1540
f 234/234 1476/1476 1480/1480
f 1683/1683 1671/1671 31/31
f 19/19 1418/1418 1421/1421
f 1207/1207 1212/1212 201/201
f 200/200 215/215 1205/1205
f 221/221 1195/1195 1186/1186
f 1185/1185 1192/1192 216/216
f 199/199 1204/1204 1215/1215
f 220/220 1424/1424 1257/1257
f 1252/1252 1197/1197 217/217
f 1199/1199 1194/1194 219/219
f 1650/1650 1651/1651 576/576
f 1652/1652 256/256 575/575
f 576/576 1634/1634 1639/1639
f 574/574 1642/1642 1632/1632
f 1623/1623 1645/1645 1625/1625
f 1643/1643 567/567 1629/1629
f 566/566 1594/1594 1597/1597
f 1593/1593 568/568 585/585
f 1585/1585 1590/1590 123/123
f 1588/1588 583/583 125/125
f 1603/1603 1603/1603 1584/1584
f 1350/1350 1343/1343 627/627
f 1344/1344 1341/1341 628/628
f 1340/1340 1336/1336 627/627
f 74/74 615/615 1308/1308
f 75/75 1306/1306 1302/1302
f 1295/1295 1295/1295 76/76
f 616/616 630/630 1316/1316
f 1333/1333 1322/1322 1319/1319
f 1320/1320 1309/1309 1330/1330
f 1311/1311 1315/1315 626/626
f 629/629 1335/1335 1326/1326
f 1620/1620 1606/1606 120/120
f 1605/1605 1613/1613 115/115
f 1744/1744 1721/1721 1729/1729
f 1728/1728 119/119 1745/1745
f 1660/1660 1662/1662 1737/1737
f 1739/1739 1734/1734 1658/1658
f 1735/1735 1743/1743 1657/1657
f 1747/1747 121/121 9/9
f 1657/1657 1743/1743 1361/1361
f 1743/1743 13/13 1361/1361
f 1404/1404 1406/1406 1391/1391
f 1386/1386 1366/1366 1352/1352
f 1364/1364 1373/1373 1354/1354
f 1403/1403 1390/1390 1388/1388
f 12/12 82/82 1389/1389
f 83/83 1401/1401 1385/1385
f 1352/1352 1358/1358 1386/1386
f 1358/1358 10/10 1386/1386
f 1396/1396 1402/1402 81/81
f 84/84 1466/1466 1462/1462
f 1377/1377 1379/1379 1371/1371
f 1258/1258 1263/1263 685/685
f 1263/1263 1274/1274 685/685
f 1548/1548 1258/1258 685/685
f 682/682 682/682 1558/1558

